0,1514,747
1,1514,745
2,1516,744
3,1514,743
4,1516,743
5,1515,743
6,1515,743
7,1515,741
8,1514,741
9,1516,741
10,1515,741
11,1516,741
12,1515,739
13,1514,740
14,1514,741
15,1515,740
16,1514,740
17,1515,739
18,1515,738
19,1514,735
20,1516,739
21,1515,735
22,1516,733
23,1515,733
24,1516,733
25,1516,733
26,1515,733
27,1515,733
28,1516,733
29,1516,731
30,1516,730
31,1516,730
32,1514,729
33,1515,729
34,1515,729
35,1516,727
36,1515,728
37,1515,728
38,1515,725
39,1515,727
40,1516,725
41,1514,727
42,1514,726
43,1516,726
44,1514,726
45,1515,724
46,1515,723
47,1516,723
48,1515,723
49,1515,723
50,1515,719
51,1514,721
52,1516,722
53,1515,719
54,1514,717
55,1515,717
56,1516,717
57,1515,717
58,1515,716
59,1516,715
60,1514,715
61,1516,715
62,1514,713
63,1515,714
64,1516,713
65,1516,715
66,1516,713
67,1515,711
68,1516,711
69,1516,711
70,1516,710
71,1514,711
72,1515,710
73,1516,710
74,1516,709
75,1516,711
76,1516,711
77,1516,703
78,1515,704
79,1516,703
80,1516,701
81,1516,702
82,1516,701
83,1516,701
84,1516,701
85,1516,701
86,1516,700
87,1516,699
88,1516,699
89,1516,699
90,1516,700
91,1515,699
92,1516,699
93,1516,699
94,1516,699
95,1516,699
96,1516,698
97,1514,697
98,1516,697
99,1516,698
100,1516,696
101,1515,697
102,1516,697
103,1516,696
104,1515,697
105,1514,695
106,1516,697
107,1514,696
108,1515,695
109,1515,696
110,1516,695
111,1515,696
112,1515,695
113,1515,697
114,1516,695
115,1516,695
116,1516,695
117,1516,696
118,1515,694
119,1515,693
120,1516,695
121,1515,695
122,1514,695
123,1516,693
124,1515,694
125,1515,695
126,1514,695
127,1515,696
128,1515,695
129,1516,695
130,1515,695
131,1515,695
132,1515,693
133,1516,694
134,1514,695
135,1516,695
136,1514,695
137,1516,695
138,1515,693
139,1515,695
140,1516,696
141,1516,694
142,1516,695
143,1516,694
144,1515,694
145,1515,694
146,1515,695
147,1516,694
148,1515,693
149,1516,695
150,1515,694
151,1516,693
152,1515,693
153,1516,693
154,1516,695
155,1516,695
156,1514,695
157,1515,694
158,1515,693
159,1514,694
160,1515,695
161,1514,695
162,1514,695
163,1514,693
164,1516,693
165,1516,694
166,1516,693
167,1515,695
168,1514,694
169,1516,694
170,1516,695
171,1516,693
172,1516,695
173,1515,694
174,1515,695
175,1514,695
176,1515,695
177,1515,695
178,1516,694
179,1516,695
180,1515,697
181,1515,693
182,1516,693
183,1516,695
184,1514,694
185,1514,695
186,1514,694
187,1516,693
188,1515,695
189,1514,694
190,1516,695
191,1516,694
192,1515,695
193,1516,693
194,1515,694
195,1515,693
196,1516,694
197,1516,695
198,1514,695
199,1515,695
200,1515,694
201,1516,693
202,1514,693
203,1516,693
204,1515,696
205,1515,695
206,1516,693
207,1516,693
208,1516,694
209,1514,695
210,1516,696
211,1515,695
212,1516,693
213,1515,695
214,1515,695
215,1516,695
216,1516,695
217,1515,695
218,1514,694
219,1515,695
220,1516,695
221,1515,694
222,1515,693
223,1514,695
224,1515,695
225,1515,695
226,1515,693
227,1514,695
228,1516,695
229,1516,694
230,1516,695
231,1514,693
232,1514,693
233,1516,693
234,1515,695
235,1515,694
236,1516,693
237,1515,693
238,1514,695
239,1516,694
240,1515,695
241,1516,694
242,1514,693
243,1514,695
244,1514,695
245,1516,695
246,1515,693
247,1515,694
248,1516,693
249,1516,695
250,1514,695
251,1514,693
252,1516,693
253,1516,695
254,1516,695
255,1514,695
256,1514,695
257,1515,695
258,1516,695
259,1514,694
260,1515,696
261,1516,693
262,1516,695
263,1516,695
264,1515,696
265,1516,695
266,1516,695
267,1515,695
268,1516,693
269,1516,695
270,1516,695
271,1515,695
272,1514,695
273,1516,695
274,1516,693
275,1515,695
276,1515,695
277,1516,695
278,1515,695
279,1514,695
280,1516,697
281,1516,695
282,1515,696
283,1516,696
284,1514,695
285,1513,696
286,1515,695
287,1515,695
288,1514,695
289,1515,695
290,1517,695
291,1514,695
292,1516,696
293,1516,697
294,1514,694
295,1514,695
296,1516,696
297,1516,695
298,1516,695
299,1515,696
300,1516,694
301,1514,696
302,1516,693
303,1514,695
304,1515,695
305,1516,695
306,1516,697
307,1515,696
308,1516,695
309,1516,695
310,1515,696
311,1515,695
312,1516,695
313,1515,695
314,1515,694
315,1515,695
316,1516,694
317,1515,695
318,1514,695
319,1515,695
320,1516,696
321,1516,696
322,1515,695
323,1516,696
324,1514,695
325,1515,695
326,1514,694
327,1516,697
328,1516,695
329,1515,695
330,1516,695
331,1516,696
332,1514,695
333,1516,695
334,1516,693
335,1514,697
336,1514,696
337,1515,695
338,1515,695
339,1516,695
340,1516,693
341,1516,694
342,1516,695
343,1515,695
344,1516,695
345,1516,695
346,1515,695
347,1516,695
348,1515,696
349,1514,695
350,1515,695
351,1516,695
352,1514,695
353,1514,695
354,1515,695
355,1515,695
356,1516,693
357,1514,694
358,1514,695
359,1514,695
360,1514,693
361,1516,695
362,1515,695
363,1516,694
364,1515,695
365,1513,695
366,1514,694
367,1516,695
368,1514,693
369,1515,695
370,1514,695
371,1514,693
372,1514,694
373,1514,695
374,1516,695
375,1514,693
376,1515,694
377,1514,693
378,1515,695
379,1515,696
380,1514,694
381,1514,694
382,1516,694
383,1516,695
384,1514,693
385,1514,695
386,1514,695
387,1515,694
388,1514,695
389,1514,695
390,1514,695
391,1516,695
392,1516,694
393,1516,693
394,1516,695
395,1515,695
396,1514,693
397,1516,695
398,1515,695
399,1515,694
400,1515,695
401,1516,695
402,1516,692
403,1514,695
404,1514,697
405,1514,695
406,1515,695
407,1515,695
408,1515,695
409,1514,695
410,1515,697
411,1514,695
412,1515,693
413,1514,695
414,1516,694
415,1514,695
416,1514,695
417,1515,695
418,1515,695
419,1515,694
420,1516,695
421,1515,695
422,1516,696
423,1516,695
424,1516,696
425,1516,695
426,1515,695
427,1516,695
428,1516,696
429,1516,697
430,1516,696
431,1516,698
432,1516,696
433,1516,696
434,1515,697
435,1514,695
436,1514,697
437,1515,696
438,1515,697
439,1516,697
440,1516,697
441,1515,699
442,1516,699
443,1516,701
444,1516,699
445,1516,700
446,1514,701
447,1516,701
448,1516,702
449,1516,703
450,1516,711
451,1514,711
452,1516,712
453,1516,711
454,1516,712
455,1516,713
456,1516,713
457,1515,714
458,1518,715
459,1516,718
460,1517,718
461,1516,717
462,1516,722
463,1516,718
464,1515,724
465,1516,724
466,1516,725
467,1516,727
468,1517,727
469,1517,728
470,1515,728
471,1516,730
472,1517,730
473,1516,735
474,1517,732
475,1516,733
476,1517,735
477,1518,738
478,1517,735
479,1518,741
480,1517,741
481,1516,742
482,1518,745
483,1516,744
484,1518,747
485,1517,746
486,1520,746
487,1517,747
488,1518,748
489,1518,751
490,1518,750
491,1518,752
492,1517,751
493,1520,751
494,1517,751
495,1518,755
496,1520,759
497,1521,758
498,1520,759
499,1518,760
500,1518,761
501,1517,760
502,1517,759
503,1520,761
504,1518,763
505,1522,763
506,1520,763
507,1518,764
508,1521,765
509,1518,764
510,1518,765
511,1518,765
512,1518,763
513,1520,767
514,1518,767
515,1521,767
516,1521,767
517,1520,767
518,1518,768
519,1520,765
520,1518,773
521,1518,768
522,1518,773
523,1520,774
524,1518,773
525,1521,767
526,1518,773
527,1518,768
528,1518,767
529,1518,767
530,1520,773
531,1520,773
532,1518,773
533,1518,772
534,1518,773
535,1520,773
536,1518,773
537,1518,767
538,1518,766
539,1520,767
540,1518,767
541,1520,767
542,1518,772
543,1518,767
544,1520,774
545,1518,767
546,1520,767
547,1518,767
548,1520,767
549,1518,765
550,1521,767
551,1518,765
552,1518,765
553,1520,765
554,1520,763
555,1520,763
556,1521,763
557,1520,765
558,1518,764
559,1520,764
560,1518,763
561,1518,763
562,1520,760
563,1520,761
564,1520,761
565,1518,761
566,1520,761
567,1520,761
568,1518,760
569,1516,759
570,1518,760
571,1516,760
572,1516,759
573,1517,759
574,1518,759
575,1518,759
576,1518,759
577,1516,758
578,1517,757
579,1518,758
580,1516,759
581,1515,759
582,1516,759
583,1518,759
584,1516,758
585,1516,758
586,1518,758
587,1517,759
588,1516,757
589,1517,757
590,1516,756
591,1516,757
592,1516,757
593,1516,757
594,1516,755
595,1515,756
596,1516,757
597,1516,755
598,1516,755
599,1516,756
600,1516,755
601,1515,757
602,1515,757
603,1516,755
604,1515,755
605,1516,755
606,1515,755
607,1516,751
608,1515,755
609,1515,757
610,1516,755
611,1514,751
612,1516,751
613,1515,754
614,1516,755
615,1516,752
616,1516,755
617,1516,751
618,1515,754
619,1516,755
620,1514,751
621,1515,751
622,1516,755
623,1516,754
624,1515,755
625,1514,751
626,1515,752
627,1515,751
628,1515,751
629,1516,754
630,1515,751
631,1514,755
632,1515,754
633,1515,751
634,1514,751
635,1516,755
636,1514,751
637,1514,751
638,1515,751
639,1516,755
640,1516,752
641,1516,752
642,1515,755
643,1515,751
644,1516,755
645,1514,751
646,1515,751
647,1516,752
648,1514,754
649,1514,751
650,1515,754
651,1516,751
652,1515,755
653,1514,753
654,1516,752
655,1515,754
656,1514,755
657,1514,752
658,1516,755
659,1516,751
660,1515,757
661,1514,751
662,1516,751
663,1516,751
664,1515,751
665,1516,755
666,1515,753
667,1514,755
668,1514,750
669,1516,752
670,1515,752
671,1514,755
672,1515,751
673,1514,751
674,1512,753
675,1516,751
676,1514,753
677,1515,752
678,1514,755
679,1515,751
680,1514,751
681,1514,754
682,1514,752
683,1515,755
684,1514,751
685,1514,751
686,1514,751
687,1514,751
688,1514,751
689,1514,751
690,1514,755
691,1515,751
692,1514,755
693,1514,751
694,1514,751
695,1514,751
696,1514,751
697,1516,749
698,1515,751
699,1514,751
700,1514,751
701,1514,751
702,1514,750
703,1514,751
704,1514,751
705,1514,751
706,1514,751
707,1514,754
708,1514,751
709,1514,752
710,1514,751
711,1514,751
712,1514,751
713,1514,750
714,1514,754
715,1514,751
716,1514,751
717,1514,752
718,1514,751
719,1514,754
720,1513,751
721,1512,751
722,1512,751
723,1512,751
724,1512,751
725,1514,751
726,1514,755
727,1513,751
728,1514,751
729,1513,751
730,1512,751
731,1513,751
732,1514,751
733,1514,753
734,1513,751
735,1512,751
736,1512,751
737,1513,749
738,1512,755
739,1514,751
740,1512,752
741,1513,751
742,1512,755
743,1512,754
744,1513,751
745,1514,751
746,1514,751
747,1514,751
748,1513,754
749,1512,755
750,1512,751
751,1514,750
752,1513,749
753,1513,751
754,1512,749
755,1512,751
756,1513,749
757,1513,751
758,1512,751
759,1514,751
760,1512,751
761,1512,751
762,1513,755
763,1512,753
764,1512,751
765,1512,751
766,1513,756
767,1514,750
768,1512,750
769,1512,751
770,1512,753
771,1512,751
772,1513,752
773,1514,751
774,1513,749
775,1512,751
776,1512,755
777,1512,755
778,1512,751
779,1512,751
780,1512,751
781,1512,751
782,1512,754
783,1512,755
784,1512,754
785,1512,755
786,1512,752
787,1513,755
788,1512,752
789,1512,755
790,1513,752
791,1511,755
792,1512,755
793,1512,755
794,1512,751
795,1512,755
796,1512,755
797,1513,754
798,1512,755
799,1512,751
800,1512,755
801,1512,755
802,1512,755
803,1513,751
804,1512,755
805,1512,751
806,1512,755
807,1513,751
808,1512,756
809,1512,755
810,1514,755
811,1512,753
812,1512,755
813,1514,752
814,1511,755
815,1513,754
816,1512,755
817,1513,752
818,1513,757
819,1512,751
820,1511,755
821,1512,755
822,1512,755
823,1512,755
824,1513,756
825,1513,752
826,1512,752
827,1512,755
828,1512,755
829,1512,755
830,1512,757
831,1511,757
832,1513,756
833,1512,755
834,1511,757
835,1512,756
836,1512,752
837,1511,757
838,1512,755
839,1512,755
840,1512,755
841,1511,755
842,1512,754
843,1512,755
844,1512,756
845,1511,755
846,1512,755
847,1512,755
848,1511,756
849,1511,755
850,1512,755
851,1512,755
852,1512,756
853,1512,755
854,1511,755
855,1512,755
856,1511,755
857,1513,755
858,1511,757
859,1512,751
860,1511,755
861,1512,755
862,1511,756
863,1511,755
864,1511,754
865,1512,755
866,1512,755
867,1512,751
868,1512,751
869,1512,755
870,1512,751
871,1513,754
872,1512,755
873,1512,752
874,1513,755
875,1513,755
876,1512,756
877,1512,755
878,1512,755
879,1512,755
880,1512,755
881,1511,755
882,1512,755
883,1513,755
884,1512,756
885,1512,756
886,1511,755
887,1512,756
888,1512,755
889,1512,755
890,1512,755
891,1512,755
892,1512,756
893,1512,757
894,1512,756
895,1512,755
896,1512,755
897,1511,756
898,1512,755
899,1512,757
900,1512,755
901,1512,755
902,1512,756
903,1511,756
904,1512,756
905,1512,757
906,1512,757
907,1512,756
908,1513,757
909,1513,755
910,1513,755
911,1511,752
912,1512,755
913,1514,756
914,1512,755
915,1512,757
916,1512,755
917,1510,756
918,1512,756
919,1512,757
920,1511,757
921,1512,755
922,1513,756
923,1512,756
924,1511,755
925,1512,756
926,1512,755
927,1513,757
928,1512,756
929,1512,756
930,1512,755
931,1512,756
932,1511,756
933,1512,755
934,1512,756
935,1512,757
936,1514,757
937,1511,756
938,1511,759
939,1512,756
940,1512,757
941,1512,757
942,1511,758
943,1512,758
944,1511,757
945,1510,757
946,1512,757
947,1512,757
948,1512,757
949,1511,759
950,1513,758
951,1511,757
952,1512,758
953,1512,757
954,1512,758
955,1512,758
956,1512,757
957,1512,757
958,1513,759
959,1512,757
960,1512,759
961,1512,759
962,1513,757
963,1514,758
964,1512,757
965,1512,757
966,1513,757
967,1514,759
968,1512,759
969,1511,757
970,1512,758
971,1512,757
972,1512,757
973,1512,757
974,1512,759
975,1512,758
976,1512,759
977,1512,757
978,1512,759
979,1512,759
980,1512,758
981,1512,760
982,1512,759
983,1513,759
984,1514,759
985,1511,759
986,1512,759
987,1512,757
988,1512,759
989,1512,759
990,1512,759
991,1511,759
992,1512,759
993,1513,759
994,1512,758
995,1512,757
996,1512,759
997,1512,759
998,1514,758
999,1512,759
1000,1513,758
1001,1512,760
1002,1512,761
1003,1512,759
1004,1512,759
1005,1512,759
1006,1512,759
1007,1512,759
1008,1512,759
1009,1512,759
1010,1513,761
1011,1512,759
1012,1513,758
1013,1512,759
1014,1513,760
1015,1512,759
1016,1512,759
1017,1513,759
1018,1512,757
1019,1511,757
1020,1512,759
1021,1512,759
1022,1512,758
1023,1512,759
1024,1512,757
1025,1513,758
1026,1512,759
1027,1513,759
1028,1512,760
1029,1513,758
1030,1512,759
1031,1512,760
1032,1512,759
1033,1512,759
1034,1514,759
1035,1512,760
1036,1512,759
1037,1512,760
1038,1512,759
1039,1513,759
1040,1512,759
1041,1514,759
1042,1512,759
1043,1512,759
1044,1511,758
1045,1512,759
1046,1512,759
1047,1512,761
1048,1511,759
1049,1512,761
1050,1512,759
1051,1512,758
1052,1512,760
1053,1512,759
1054,1511,760
1055,1511,760
1056,1512,761
1057,1512,759
1058,1512,760
1059,1511,760
1060,1512,760
1061,1512,761
1062,1512,759
1063,1512,760
1064,1512,761
1065,1513,760
1066,1512,761
1067,1512,759
1068,1512,761
1069,1512,761
1070,1512,761
1071,1512,759
1072,1512,761
1073,1512,761
1074,1512,761
1075,1512,761
1076,1512,760
1077,1511,761
1078,1511,760
1079,1512,763
1080,1512,761
1081,1512,761
1082,1512,760
1083,1512,761
1084,1512,763
1085,1511,761
1086,1512,762
1087,1512,762
1088,1512,763
1089,1512,761
1090,1512,763
1091,1511,763
1092,1511,763
1093,1512,764
1094,1511,765
1095,1511,764
1096,1511,765
1097,1511,763
1098,1511,765
1099,1512,763
1100,1512,763
1101,1512,765
1102,1512,765
1103,1512,771
1104,1512,765
1105,1512,767
1106,1512,765
1107,1514,766
1108,1512,765
1109,1512,768
1110,1512,767
1111,1512,768
1112,1511,775
1113,1512,767
1114,1512,773
1115,1512,767
1116,1512,773
1117,1512,773
1118,1511,773
1119,1512,775
1120,1513,773
1121,1512,775
1122,1511,773
1123,1512,775
1124,1512,775
1125,1512,774
1126,1511,775
1127,1512,776
1128,1512,777
1129,1512,777
1130,1512,777
1131,1512,777
1132,1512,777
1133,1512,778
1134,1511,779
1135,1511,779
1136,1512,777
1137,1512,779
1138,1512,780
1139,1512,779
1140,1511,781
1141,1513,781
1142,1511,779
1143,1512,779
1144,1511,781
1145,1511,781
1146,1512,781
1147,1512,781
1148,1512,783
1149,1512,781
1150,1512,781
1151,1512,781
1152,1512,781
1153,1512,781
1154,1512,781
1155,1512,781
1156,1512,783
1157,1512,780
1158,1511,783
1159,1512,783
1160,1512,783
1161,1512,781
1162,1512,781
1163,1512,782
1164,1512,781
1165,1513,781
1166,1512,781
1167,1511,782
1168,1512,782
1169,1512,782
1170,1512,782
1171,1512,782
1172,1511,781
1173,1512,782
1174,1512,782
1175,1512,782
1176,1512,782
1177,1512,781
1178,1511,781
1179,1512,781
1180,1512,781
1181,1512,783
1182,1512,781
1183,1512,782
1184,1512,781
1185,1512,781
1186,1512,781
1187,1512,781
1188,1511,783
1189,1512,781
1190,1512,781
1191,1512,781
1192,1512,780
1193,1513,780
1194,1512,781
1195,1514,781
1196,1512,781
1197,1512,781
1198,1514,781
1199,1512,785
1200,1511,781
1201,1512,782
1202,1512,781
1203,1512,782
1204,1511,782
1205,1513,782
1206,1514,781
1207,1512,781
1208,1512,781
1209,1511,781
1210,1513,781
1211,1512,781
1212,1512,781
1213,1512,781
1214,1512,781
1215,1512,781
1216,1512,781
1217,1512,781
1218,1512,783
1219,1512,781
1220,1512,781
1221,1512,781
1222,1512,783
1223,1512,781
1224,1512,781
1225,1512,781
1226,1514,782
1227,1512,782
1228,1512,781
1229,1512,783
1230,1512,781
1231,1512,781
1232,1512,783
1233,1512,782
1234,1512,781
1235,1512,781
1236,1512,781
1237,1512,781
1238,1514,779
1239,1512,780
1240,1512,783
1241,1514,783
1242,1512,781
1243,1512,781
1244,1512,780
1245,1512,781
1246,1512,781
1247,1512,781
1248,1512,781
1249,1512,781
1250,1512,781
1251,1512,781
1252,1512,782
1253,1514,781
1254,1512,782
1255,1512,779
1256,1514,781
1257,1512,781
1258,1512,779
1259,1514,782
1260,1512,779
1261,1514,780
1262,1512,781
1263,1512,782
1264,1514,780
1265,1513,781
1266,1512,782
1267,1513,781
1268,1512,781
1269,1512,782
1270,1512,781
1271,1513,781
1272,1512,783
1273,1512,783
1274,1512,781
1275,1514,781
1276,1512,781
1277,1512,780
1278,1513,781
1279,1514,780
1280,1512,781
1281,1512,781
1282,1513,781
1283,1512,781
1284,1513,779
1285,1512,781
1286,1512,779
1287,1511,780
1288,1513,780
1289,1512,781
1290,1512,781
1291,1511,781
1292,1512,781
1293,1514,779
1294,1512,783
1295,1512,779
1296,1512,781
1297,1512,781
1298,1513,781
1299,1512,782
1300,1512,781
1301,1512,781
1302,1513,782
1303,1512,781
1304,1514,783
1305,1514,780
1306,1512,781
1307,1514,781
1308,1512,781
1309,1511,779
1310,1512,781
1311,1514,781
1312,1513,781
1313,1512,782
1314,1512,781
1315,1512,779
1316,1512,780
1317,1512,781
1318,1512,783
1319,1512,782
1320,1514,782
1321,1514,781
1322,1512,781
1323,1514,781
1324,1512,783
1325,1512,779
1326,1512,782
1327,1514,781
1328,1514,781
1329,1514,781
1330,1512,781
1331,1512,781
1332,1513,781
1333,1514,781
1334,1514,781
1335,1513,781
1336,1512,782
1337,1512,780
1338,1512,779
1339,1511,782
1340,1513,781
1341,1512,780
1342,1512,781
1343,1512,781
1344,1513,781
1345,1512,781
1346,1512,779
1347,1514,781
1348,1512,782
1349,1512,783
1350,1512,781
1351,1512,782
1352,1512,781
1353,1512,781
1354,1512,785
1355,1512,782
1356,1514,781
1357,1512,782
1358,1512,782
1359,1512,781
1360,1512,783
1361,1514,781
1362,1512,781
1363,1514,781
1364,1513,783
1365,1512,783
1366,1512,780
1367,1512,782
1368,1514,781
1369,1511,781
1370,1513,781
1371,1511,782
1372,1514,781
1373,1512,781
1374,1513,781
1375,1512,783
1376,1514,779
1377,1514,782
1378,1514,782
1379,1512,782
1380,1513,783
1381,1511,783
1382,1512,781
1383,1513,783
1384,1512,781
1385,1512,781
1386,1512,781
1387,1512,756
1388,1513,781
1389,1513,781
1390,1512,780
1391,1512,781
1392,1512,779
1393,1512,781
1394,1512,783
1395,1512,781
1396,1512,783
1397,1514,782
1398,1514,783
1399,1512,782
1400,1512,782
1401,1512,787
1402,1513,781
1403,1513,783
1404,1512,783
1405,1513,781
1406,1512,786
1407,1515,783
1408,1513,783
1409,1514,783
1410,1513,783
1411,1512,783
1412,1512,783
1413,1514,786
1414,1512,783
1415,1514,783
1416,1513,781
1417,1512,786
1418,1514,781
1419,1512,783
1420,1513,787
1421,1512,787
1422,1513,785
1423,1512,783
1424,1512,783
1425,1512,786
1426,1513,782
1427,1512,783
1428,1512,783
1429,1512,787
1430,1512,783
1431,1514,786
1432,1513,787
1433,1512,787
1434,1513,787
1435,1511,787
1436,1513,786
1437,1514,786
1438,1513,788
1439,1512,785
1440,1512,786
1441,1511,786
1442,1512,787
1443,1512,787
1444,1512,787
1445,1512,787
1446,1512,788
1447,1513,787
1448,1513,787
1449,1512,788
1450,1512,787
1451,1512,787
1452,1512,785
1453,1512,787
1454,1513,787
1455,1512,788
1456,1512,789
1457,1512,789
1458,1512,789
1459,1512,789
1460,1512,791
1461,1512,791
1462,1512,789
1463,1512,789
1464,1512,789
1465,1512,790
1466,1512,789
1467,1513,791
1468,1512,791
1469,1512,791
1470,1512,791
1471,1512,789
1472,1512,791
1473,1512,791
1474,1512,793
1475,1513,791
1476,1511,792
1477,1511,793
1478,1512,792
1479,1512,793
1480,1514,792
1481,1512,793
1482,1512,793
1483,1511,793
1484,1511,793
1485,1512,793
1486,1512,793
1487,1512,795
1488,1512,793
1489,1514,793
1490,1511,794
1491,1512,793
1492,1512,795
1493,1513,795
1494,1512,796
1495,1512,795
1496,1512,796
1497,1512,797
1498,1512,797
1499,1512,796
1500,1512,797
1501,1513,796
1502,1512,795
1503,1512,798
1504,1513,798
1505,1511,797
1506,1512,797
1507,1512,797
1508,1512,799
1509,1512,797
1510,1511,797
1511,1513,799
1512,1512,799
1513,1512,800
1514,1511,799
1515,1514,798
1516,1511,799
1517,1512,799
1518,1513,799
1519,1512,799
1520,1511,799
1521,1511,799
1522,1512,803
1523,1512,799
1524,1512,799
1525,1511,803
1526,1512,802
1527,1511,805
1528,1512,805
1529,1512,805
1530,1512,803
1531,1510,805
1532,1511,805
1533,1512,803
1534,1512,805
1535,1511,805
1536,1512,805
1537,1512,805
1538,1512,805
1539,1513,805
1540,1512,807
1541,1512,808
1542,1512,807
1543,1512,809
1544,1512,809
1545,1512,808
1546,1511,808
1547,1510,808
1548,1511,809
1549,1511,808
1550,1511,809
1551,1511,810
1552,1512,809
1553,1512,809
1554,1512,809
1555,1512,809
1556,1512,809
1557,1512,810
1558,1512,811
1559,1512,809
1560,1512,812
1561,1511,811
1562,1512,812
1563,1512,811
1564,1511,811
1565,1511,812
1566,1512,811
1567,1511,813
1568,1514,813
1569,1512,812
1570,1511,813
1571,1512,815
1572,1512,814
1573,1512,812
1574,1511,814
1575,1512,813
1576,1513,814
1577,1512,812
1578,1511,813
1579,1512,813
1580,1512,813
1581,1512,813
1582,1513,814
1583,1511,813
1584,1511,815
1585,1512,815
1586,1512,815
1587,1512,815
1588,1514,815
1589,1512,814
1590,1514,814
1591,1512,815
1592,1512,816
1593,1512,815
1594,1511,814
1595,1512,814
1596,1512,815
1597,1511,814
1598,1512,815
1599,1511,815
1600,1511,815
1601,1512,816
1602,1513,815
1603,1512,815
1604,1511,815
1605,1511,814
1606,1512,815
1607,1512,815
1608,1512,815
1609,1512,815
1610,1513,819
1611,1512,818
1612,1512,819
1613,1512,815
1614,1512,815
1615,1512,819
1616,1511,820
1617,1512,819
1618,1512,819
1619,1512,815
1620,1512,815
1621,1511,819
1622,1512,819
1623,1512,818
1624,1512,819
1625,1513,815
1626,1512,819
1627,1511,815
1628,1511,818
1629,1512,815
1630,1512,815
1631,1511,815
1632,1512,815
1633,1512,815
1634,1512,817
1635,1513,818
1636,1511,815
1637,1512,815
1638,1512,817
1639,1512,819
1640,1511,816
1641,1513,819
1642,1512,818
1643,1510,820
1644,1512,815
1645,1514,815
1646,1513,819
1647,1512,815
1648,1512,819
1649,1513,819
1650,1512,820
1651,1512,819
1652,1512,820
1653,1512,819
1654,1514,815
1655,1512,820
1656,1512,820
1657,1512,819
1658,1514,819
1659,1512,820
1660,1512,819
1661,1512,819
1662,1512,819
1663,1512,820
1664,1514,819
1665,1512,819
1666,1512,819
1667,1512,819
1668,1512,819
1669,1513,819
1670,1512,816
1671,1512,820
1672,1512,820
1673,1512,819
1674,1511,819
1675,1512,816
1676,1514,819
1677,1513,819
1678,1512,819
1679,1513,821
1680,1513,820
1681,1517,811
1682,1512,830
1683,1513,819
1684,1516,825
1685,1509,819
1686,1512,819
1687,1511,819
1688,1512,816
1689,1512,819
1690,1520,818
1691,1511,815
1692,1512,816
1693,1512,815
1694,1512,819
1695,1512,819
1696,1510,819
1697,1512,819
1698,1512,819
1699,1514,819
1700,1511,819
1701,1512,819
1702,1511,819
1703,1512,819
1704,1512,819
1705,1513,819
1706,1512,819
1707,1512,819
1708,1512,819
1709,1511,816
1710,1512,819
1711,1512,819
1712,1512,816
1713,1512,819
1714,1512,820
1715,1512,820
1716,1512,819
1717,1512,815
1718,1512,819
1719,1512,816
1720,1511,821
1721,1512,819
1722,1511,819
1723,1512,819
1724,1512,819
1725,1512,819
1726,1512,819
1727,1511,818
1728,1512,819
1729,1512,819
1730,1512,819
1731,1512,819
1732,1512,816
1733,1511,816
1734,1512,821
1735,1512,815
1736,1512,819
1737,1512,819
1738,1514,819
1739,1514,818
1740,1513,816
1741,1512,819
1742,1512,819
1743,1512,819
1744,1512,819
1745,1512,819
1746,1512,820
1747,1512,819
1748,1512,815
1749,1512,815
1750,1512,819
1751,1513,819
1752,1511,820
1753,1512,819
1754,1512,819
1755,1512,819
1756,1512,819
1757,1511,819
1758,1512,815
1759,1512,819
1760,1512,819
1761,1512,816
1762,1513,818
1763,1512,818
1764,1512,815
1765,1512,819
1766,1512,820
1767,1511,815
1768,1512,819
1769,1512,819
1770,1512,819
1771,1512,819
1772,1513,819
1773,1512,820
1774,1512,816
1775,1512,818
1776,1511,819
1777,1512,819
1778,1512,818
1779,1512,819
1780,1512,819
1781,1513,819
1782,1514,819
1783,1512,821
1784,1511,816
1785,1511,820
1786,1512,819
1787,1512,819
1788,1512,815
1789,1512,818
1790,1513,818
1791,1513,816
1792,1511,816
1793,1512,819
1794,1511,815
1795,1511,819
1796,1512,816
1797,1512,815
1798,1512,816
1799,1514,820
1800,1512,820
1801,1513,819
1802,1512,819
1803,1512,820
1804,1512,819
1805,1512,816
1806,1512,815
1807,1512,819
1808,1512,819
1809,1512,819
1810,1512,819
1811,1513,815
1812,1512,819
1813,1513,819
1814,1512,819
1815,1512,819
1816,1512,819
1817,1512,819
1818,1512,819
1819,1511,819
1820,1512,821
1821,1512,819
1822,1513,820
1823,1512,819
1824,1511,818
1825,1512,819
1826,1512,819
1827,1512,820
1828,1512,819
1829,1512,819
1830,1512,819
1831,1513,819
1832,1512,819
1833,1512,819
1834,1512,816
1835,1512,819
1836,1512,819
1837,1513,819
1838,1512,819
1839,1512,815
1840,1511,820
1841,1512,819
1842,1512,819
1843,1511,819
1844,1512,820
1845,1512,815
1846,1512,819
1847,1512,815
1848,1514,819
1849,1512,819
1850,1512,819
1851,1512,820
1852,1513,819
1853,1512,815
1854,1513,816
1855,1512,815
1856,1512,819
1857,1512,819
1858,1512,820
1859,1512,819
1860,1512,820
1861,1512,819
1862,1512,821
1863,1512,819
1864,1512,819
1865,1513,819
1866,1512,819
1867,1512,819
1868,1512,815
1869,1512,819
1870,1512,819
1871,1512,819
1872,1512,819
1873,1511,819
1874,1512,816
1875,1512,819
1876,1512,819
1877,1514,816
1878,1512,821
1879,1512,819
1880,1512,816
1881,1511,819
1882,1512,819
1883,1512,819
1884,1512,819
1885,1514,819
1886,1511,819
1887,1513,819
1888,1512,819
1889,1512,819
1890,1512,818
1891,1512,818
1892,1513,816
1893,1511,815
1894,1512,815
1895,1512,817
1896,1512,819
1897,1513,819
1898,1512,816
1899,1512,819
1900,1512,820
1901,1512,819
1902,1512,819
1903,1512,815
1904,1511,819
1905,1512,821
1906,1511,819
1907,1511,820
1908,1511,819
1909,1512,819
1910,1514,816
1911,1513,819
1912,1512,819
1913,1512,819
1914,1512,819
1915,1511,819
1916,1512,819
1917,1512,815
1918,1512,821
1919,1512,819
1920,1512,819
1921,1513,819
1922,1512,819
1923,1511,815
1924,1512,819
1925,1512,819
1926,1512,819
1927,1512,819
1928,1513,819
1929,1512,815
1930,1514,819
1931,1511,817
1932,1511,819
1933,1513,820
1934,1512,816
1935,1512,819
1936,1512,816
1937,1512,815
1938,1512,819
1939,1512,819
1940,1514,821
1941,1511,815
1942,1511,819
1943,1512,820
1944,1511,815
1945,1512,819
1946,1513,819
1947,1512,819
1948,1513,819
1949,1512,820
1950,1512,821
1951,1512,819
1952,1512,815
1953,1512,816
1954,1512,819
1955,1512,816
1956,1512,816
1957,1512,816
1958,1512,819
1959,1512,815
1960,1512,819
1961,1511,815
1962,1512,819
1963,1513,819
1964,1512,816
1965,1512,819
1966,1513,818
1967,1512,819
1968,1514,819
1969,1513,819
1970,1512,816
1971,1512,815
1972,1511,819
1973,1512,819
1974,1512,815
1975,1512,820
1976,1512,819
1977,1511,818
1978,1512,819
1979,1511,816
1980,1512,819
1981,1512,815
1982,1512,816
1983,1512,819
1984,1511,819
1985,1513,816
1986,1512,819
1987,1511,819
1988,1511,817
1989,1512,815
1990,1512,815
1991,1511,816
1992,1512,815
1993,1512,815
1994,1511,815
1995,1512,816
1996,1511,818
1997,1512,815
1998,1512,815
1999,1512,819
2000,1512,819
2001,1511,819
2002,1512,819
2003,1512,819
2004,1512,816
2005,1512,819
2006,1511,818
2007,1512,818
2008,1512,819
2009,1512,815
2010,1512,819
2011,1512,819
2012,1512,816
2013,1511,819
2014,1512,819
2015,1513,815
2016,1512,815
2017,1512,815
2018,1512,819
2019,1512,815
2020,1512,815
2021,1512,815
2022,1512,815
2023,1513,815
2024,1513,815
2025,1512,815
2026,1512,821
2027,1514,816
2028,1511,819
2029,1513,815
2030,1512,815
2031,1512,819
2032,1512,815
2033,1512,815
2034,1512,819
2035,1513,815
2036,1514,815
2037,1512,819
2038,1512,816
2039,1512,815
2040,1512,819
2041,1512,819
2042,1512,819
2043,1514,819
2044,1512,819
2045,1513,819
2046,1512,815
2047,1513,819
2048,1512,815
2049,1512,819
2050,1512,819
2051,1512,819
2052,1513,819
2053,1512,819
2054,1512,815
2055,1511,819
2056,1512,819
2057,1512,820
2058,1512,819
2059,1514,819
2060,1512,818
2061,1512,815
2062,1512,819
2063,1512,819
2064,1511,816
2065,1512,815
2066,1512,816
2067,1512,816
2068,1512,819
2069,1512,815
2070,1512,816
2071,1512,819
2072,1512,816
2073,1512,816
2074,1512,821
2075,1513,819
2076,1512,819
2077,1512,819
2078,1511,819
2079,1513,819
2080,1512,817
2081,1512,819
2082,1513,819
2083,1511,819
2084,1513,815
2085,1512,819
2086,1512,819
2087,1512,819
2088,1513,819
2089,1512,819
2090,1512,819
2091,1512,819
2092,1511,816
2093,1513,819
2094,1512,819
2095,1512,820
2096,1512,819
2097,1512,821
2098,1512,819
2099,1512,819
2100,1512,819
2101,1513,819
2102,1511,819
2103,1512,818
2104,1513,819
2105,1512,820
2106,1512,819
2107,1512,819
2108,1512,816
2109,1512,819
2110,1512,819
2111,1512,819
2112,1512,819
2113,1512,819
2114,1512,818
2115,1512,819
2116,1512,819
2117,1512,819
2118,1512,819
2119,1512,816
2120,1512,819
2121,1512,819
2122,1512,821
2123,1512,819
2124,1512,819
2125,1511,819
2126,1512,819
2127,1512,819
2128,1512,819
2129,1511,819
2130,1512,816
2131,1512,815
2132,1513,819
2133,1514,819
2134,1513,819
2135,1512,816
2136,1514,819
2137,1512,819
2138,1512,815
2139,1512,819
2140,1511,819
2141,1512,819
2142,1512,820
2143,1514,820
2144,1512,819
2145,1513,820
2146,1512,820
2147,1513,819
2148,1514,819
2149,1512,820
2150,1512,819
2151,1512,820
2152,1512,820
2153,1512,819
2154,1512,819
2155,1512,819
2156,1512,819
2157,1511,819
2158,1512,819
2159,1512,819
2160,1512,821
2161,1512,819
2162,1512,819
2163,1513,819
2164,1512,819
2165,1512,819
2166,1512,819
2167,1510,819
2168,1512,819
2169,1513,819
2170,1512,820
2171,1512,820
2172,1512,819
2173,1511,819
2174,1512,819
2175,1512,820
2176,1512,819
2177,1511,819
2178,1512,819
2179,1512,816
2180,1511,821
2181,1511,815
2182,1513,819
2183,1511,820
2184,1512,819
2185,1512,818
2186,1512,815
2187,1513,819
2188,1512,819
2189,1512,815
2190,1511,821
2191,1512,815
2192,1512,819
2193,1512,815
2194,1512,821
2195,1512,819
2196,1510,818
2197,1513,819
2198,1512,820
2199,1513,820
2200,1512,819
2201,1512,820
2202,1512,821
2203,1512,821
2204,1512,819
2205,1512,816
2206,1511,815
2207,1512,818
2208,1512,819
2209,1512,819
2210,1512,820
2211,1513,819
2212,1512,815
2213,1511,819
2214,1512,820
2215,1512,821
2216,1512,816
2217,1512,819
2218,1512,815
2219,1512,816
2220,1512,819
2221,1512,815
2222,1512,819
2223,1511,820
2224,1512,817
2225,1512,819
2226,1512,820
2227,1512,819
2228,1511,819
2229,1512,815
2230,1512,819
2231,1512,819
2232,1512,819
2233,1512,819
2234,1512,815
2235,1512,820
2236,1512,820
2237,1512,821
2238,1512,821
2239,1511,819
2240,1512,819
2241,1511,819
2242,1514,819
2243,1513,821
2244,1512,819
2245,1511,820
2246,1512,819
2247,1511,819
2248,1512,820
2249,1512,818
2250,1512,819
2251,1510,821
2252,1512,819
2253,1512,819
2254,1512,820
2255,1512,820
2256,1512,819
2257,1512,819
2258,1512,819
2259,1512,819
2260,1512,820
2261,1512,819
2262,1511,819
2263,1511,819
2264,1511,819
2265,1512,819
2266,1513,820
2267,1513,820
2268,1512,819
2269,1512,820
2270,1514,819
2271,1512,818
2272,1512,815
2273,1512,819
2274,1512,819
2275,1513,819
2276,1511,819
2277,1511,819
2278,1511,820
2279,1512,819
2280,1512,819
2281,1512,819
2282,1512,819
2283,1510,821
2284,1512,819
2285,1512,819
2286,1512,819
2287,1512,819
2288,1511,819
2289,1512,819
2290,1513,819
2291,1512,819
2292,1513,815
2293,1512,816
2294,1512,821
2295,1512,819
2296,1512,820
2297,1512,820
2298,1512,819
2299,1512,821
2300,1514,819
2301,1512,820
2302,1512,819
2303,1512,819
2304,1512,821
2305,1512,819
2306,1513,819
2307,1512,820
2308,1512,819
2309,1512,821
2310,1512,820
2311,1513,819
2312,1512,819
2313,1514,819
2314,1512,819
2315,1512,821
2316,1513,819
2317,1512,820
2318,1512,819
2319,1511,820
2320,1511,819
2321,1511,819
2322,1511,819
2323,1511,821
2324,1512,819
2325,1511,818
2326,1512,819
2327,1512,819
2328,1512,820
2329,1512,820
2330,1514,819
2331,1514,818
2332,1511,821
2333,1512,819
2334,1511,819
2335,1512,820
2336,1514,818
2337,1511,821
2338,1513,819
2339,1511,820
2340,1513,816
2341,1512,821
2342,1511,819
2343,1512,819
2344,1513,821
2345,1512,819
2346,1512,819
2347,1512,819
2348,1512,819
2349,1513,819
2350,1512,819
2351,1512,819
2352,1512,818
2353,1512,819
2354,1513,819
2355,1512,816
2356,1512,819
2357,1512,818
2358,1514,819
2359,1512,819
2360,1512,819
2361,1512,819
2362,1513,819
2363,1512,819
2364,1512,819
2365,1512,819
2366,1512,819
2367,1513,818
2368,1512,819
2369,1513,820
2370,1512,819
2371,1513,819
2372,1512,819
2373,1512,819
2374,1512,819
2375,1512,819
2376,1512,819
2377,1512,819
2378,1512,820
2379,1512,819
2380,1514,819
2381,1512,819
2382,1513,819
2383,1513,819
2384,1511,819
2385,1512,816
2386,1512,819
2387,1512,815
2388,1512,819
2389,1512,819
2390,1512,819
2391,1513,815
2392,1513,818
2393,1511,819
2394,1512,819
2395,1513,819
2396,1512,820
2397,1512,819
2398,1512,819
2399,1512,819
2400,1513,819
2401,1512,819
2402,1512,819
2403,1512,820
2404,1512,820
2405,1511,819
2406,1511,819
2407,1511,815
2408,1511,819
2409,1512,821
2410,1512,819
2411,1512,818
2412,1512,819
2413,1512,819
2414,1511,819
2415,1512,819
2416,1512,819
2417,1512,819
2418,1512,819
2419,1511,819
2420,1512,820
2421,1513,821
2422,1512,820
2423,1512,821
2424,1511,819
2425,1512,819
2426,1512,819
2427,1511,821
2428,1511,820
2429,1511,820
2430,1512,819
2431,1512,820
2432,1512,821
2433,1512,819
2434,1512,821
2435,1511,820
2436,1512,821
2437,1512,820
2438,1512,819
2439,1511,819
2440,1512,820
2441,1512,821
2442,1512,821
2443,1512,819
2444,1511,821
2445,1511,820
2446,1512,819
2447,1511,821
2448,1511,819
2449,1512,820
2450,1512,821
2451,1512,822
2452,1512,821
2453,1512,821
2454,1512,822
2455,1511,823
2456,1512,823
2457,1512,823
2458,1511,823
2459,1511,824
2460,1512,824
2461,1512,826
2462,1511,827
2463,1512,827
2464,1512,827
2465,1512,828
2466,1511,830
2467,1512,830
2468,1512,829
2469,1512,828
2470,1512,831
2471,1511,830
2472,1512,831
2473,1512,831
2474,1511,831
2475,1512,831
2476,1512,831
2477,1512,837
2478,1512,831
2479,1512,838
2480,1512,831
2481,1512,839
2482,1512,837
2483,1512,837
2484,1511,839
2485,1511,837
2486,1512,837
2487,1512,837
2488,1512,831
2489,1511,837
2490,1511,837
2491,1511,837
2492,1512,831
2493,1512,836
2494,1511,837
2495,1512,838
2496,1511,838
2497,1512,839
2498,1512,838
2499,1511,838
2500,1511,837
2501,1511,839
2502,1512,838
2503,1512,839
2504,1512,839
2505,1511,831
2506,1512,838
2507,1512,837
2508,1512,831
2509,1512,837
2510,1512,837
2511,1513,837
2512,1512,837
2513,1511,839
2514,1511,837
2515,1511,831
2516,1512,831
2517,1512,831
2518,1511,837
2519,1512,837
2520,1512,831
2521,1511,831
2522,1512,837
2523,1512,831
2524,1512,837
2525,1511,837
2526,1512,838
2527,1512,831
2528,1511,837
2529,1512,839
2530,1512,831
2531,1512,829
2532,1512,831
2533,1511,837
2534,1512,837
2535,1511,831
2536,1517,831
2537,1511,837
2538,1512,831
2539,1512,831
2540,1512,832
2541,1511,838
2542,1512,839
2543,1512,832
2544,1512,837
2545,1512,837
2546,1512,838
2547,1512,831
2548,1512,839
2549,1512,831
2550,1513,837
2551,1513,831
2552,1512,831
2553,1512,837
2554,1512,838
2555,1511,831
2556,1512,831
2557,1512,837
2558,1512,831
2559,1512,839
2560,1512,839
2561,1512,837
2562,1512,837
2563,1511,837
2564,1512,839
2565,1511,839
2566,1511,838
2567,1512,837
2568,1512,837
2569,1513,837
2570,1512,837
2571,1511,837
2572,1512,837
2573,1512,837
2574,1512,837
2575,1512,831
2576,1512,831
2577,1512,839
2578,1512,837
2579,1512,837
2580,1512,837
2581,1512,832
2582,1512,837
2583,1514,837
2584,1511,831
2585,1512,837
2586,1512,837
2587,1511,839
2588,1514,839
2589,1512,837
2590,1512,837
2591,1512,837
2592,1511,831
2593,1512,837
2594,1512,837
2595,1512,839
2596,1511,838
2597,1510,837
2598,1512,831
2599,1512,837
2600,1511,831
2601,1512,837
2602,1512,832
2603,1512,831
2604,1511,831
2605,1510,838
2606,1512,831
2607,1512,831
2608,1512,839
2609,1512,837
2610,1512,837
2611,1512,838
2612,1512,832
2613,1512,837
2614,1512,831
2615,1512,831
2616,1512,837
2617,1512,837
2618,1512,831
2619,1512,837
2620,1513,837
2621,1511,838
2622,1512,832
2623,1512,837
2624,1512,839
2625,1512,831
2626,1513,837
2627,1512,830
2628,1512,837
2629,1512,839
2630,1512,831
2631,1512,832
2632,1513,837
2633,1513,837
2634,1511,831
2635,1512,830
2636,1512,831
2637,1512,831
2638,1511,836
2639,1511,831
2640,1511,837
2641,1512,838
2642,1512,837
2643,1512,831
2644,1511,838
2645,1512,837
2646,1511,831
2647,1512,837
2648,1512,831
2649,1512,831
2650,1512,836
2651,1512,837
2652,1512,832
2653,1512,830
2654,1512,837
2655,1511,837
2656,1512,837
2657,1512,831
2658,1512,838
2659,1512,831
2660,1512,837
2661,1512,832
2662,1512,837
2663,1512,831
2664,1512,832
2665,1512,837
2666,1512,838
2667,1512,831
2668,1512,831
2669,1512,838
2670,1512,837
2671,1512,831
2672,1512,837
2673,1510,831
2674,1512,831
2675,1512,831
2676,1512,837
2677,1511,830
2678,1512,837
2679,1511,837
2680,1513,831
2681,1512,832
2682,1512,837
2683,1511,836
2684,1512,831
2685,1512,831
2686,1511,831
2687,1513,830
2688,1511,837
2689,1512,831
2690,1512,831
2691,1512,831
2692,1512,831
2693,1512,830
2694,1512,837
2695,1512,837
2696,1512,837
2697,1512,831
2698,1511,831
2699,1512,837
2700,1512,831
2701,1512,837
2702,1513,837
2703,1512,832
2704,1511,831
2705,1512,837
2706,1512,829
2707,1512,837
2708,1511,832
2709,1513,837
2710,1512,837
2711,1512,837
2712,1511,836
2713,1511,831
2714,1512,836
2715,1513,831
2716,1512,837
2717,1512,831
2718,1511,838
2719,1513,831
2720,1512,837
2721,1512,837
2722,1512,837
2723,1511,831
2724,1512,832
2725,1512,837
2726,1510,837
2727,1512,837
2728,1512,837
2729,1511,838
2730,1512,832
2731,1512,831
2732,1512,831
2733,1511,831
2734,1511,838
2735,1512,837
2736,1511,839
2737,1512,831
2738,1511,837
2739,1512,838
2740,1512,837
2741,1513,837
2742,1512,836
2743,1511,831
2744,1512,831
2745,1512,832
2746,1512,837
2747,1511,831
2748,1511,837
2749,1512,831
2750,1512,837
2751,1512,837
2752,1511,837
2753,1511,831
2754,1512,837
2755,1512,832
2756,1511,831
2757,1513,832
2758,1512,837
2759,1511,838
2760,1513,836
2761,1512,837
2762,1512,837
2763,1512,831
2764,1512,836
2765,1512,831
2766,1512,837
2767,1512,831
2768,1512,831
2769,1512,837
2770,1513,831
2771,1511,831
2772,1511,837
2773,1513,831
2774,1511,837
2775,1513,831
2776,1512,837
2777,1514,836
2778,1512,837
2779,1512,831
2780,1512,837
2781,1512,837
2782,1511,837
2783,1513,831
2784,1512,829
2785,1511,831
2786,1512,829
2787,1512,831
2788,1511,831
2789,1512,831
2790,1513,829
2791,1512,831
2792,1512,831
2793,1511,830
2794,1512,837
2795,1511,837
2796,1512,832
2797,1512,831
2798,1512,837
2799,1512,831
2800,1510,837
2801,1511,831
2802,1513,837
2803,1512,837
2804,1514,832
2805,1511,831
2806,1512,831
2807,1512,837
2808,1512,832
2809,1512,837
2810,1514,831
2811,1512,839
2812,1513,830
2813,1511,829
2814,1511,839
2815,1512,837
2816,1512,831
2817,1511,837
2818,1514,836
2819,1511,831
2820,1512,837
2821,1512,831
2822,1512,831
2823,1512,837
2824,1512,837
2825,1512,837
2826,1511,837
2827,1512,831
2828,1512,838
2829,1511,837
2830,1512,832
2831,1512,836
2832,1511,836
2833,1512,832
2834,1512,837
2835,1512,831
2836,1512,831
2837,1512,831
2838,1512,831
2839,1511,831
2840,1511,831
2841,1512,831
2842,1512,836
2843,1512,837
2844,1511,839
2845,1512,831
2846,1512,831
2847,1512,831
2848,1512,837
2849,1512,831
2850,1512,831
2851,1512,837
2852,1512,837
2853,1511,837
2854,1512,837
2855,1511,837
2856,1511,831
2857,1512,836
2858,1512,830
2859,1512,837
2860,1512,837
2861,1511,832
2862,1512,831
2863,1513,831
2864,1512,832
2865,1513,838
2866,1512,831
2867,1512,832
2868,1511,837
2869,1511,838
2870,1511,837
2871,1512,837
2872,1512,831
2873,1511,837
2874,1512,831
2875,1513,831
2876,1512,831
2877,1511,837
2878,1512,837
2879,1512,837
2880,1512,837
2881,1512,837
2882,1510,837
2883,1511,831
2884,1513,831
2885,1511,831
2886,1511,831
2887,1512,829
2888,1512,831
2889,1510,831
2890,1511,837
2891,1512,830
2892,1512,829
2893,1511,830
2894,1511,837
2895,1512,836
2896,1511,837
2897,1512,831
2898,1513,832
2899,1511,837
2900,1512,836
2901,1511,837
2902,1512,831
2903,1512,836
2904,1510,831
2905,1511,837
2906,1511,831
2907,1512,837
2908,1512,837
2909,1512,831
2910,1512,837
2911,1512,831
2912,1513,831
2913,1512,831
2914,1512,836
2915,1512,832
2916,1512,832
2917,1511,838
2918,1512,837
2919,1512,831
2920,1512,831
2921,1512,837
2922,1512,837
2923,1511,831
2924,1512,837
2925,1511,831
2926,1512,831
2927,1512,831
2928,1511,830
2929,1512,837
2930,1512,837
2931,1511,837
2932,1512,831
2933,1512,837
2934,1512,831
2935,1512,837
2936,1512,832
2937,1512,837
2938,1510,838
2939,1511,837
2940,1511,837
2941,1513,839
2942,1512,838
2943,1512,831
2944,1511,838
2945,1511,837
2946,1513,836
2947,1512,837
2948,1512,838
2949,1512,839
2950,1512,836
2951,1512,831
2952,1511,831
2953,1512,831
2954,1512,832
2955,1512,831
2956,1512,831
2957,1511,837
2958,1511,838
2959,1512,831
2960,1512,831
2961,1511,838
2962,1512,837
2963,1512,832
2964,1512,832
2965,1512,837
2966,1512,831
2967,1511,837
2968,1512,830
2969,1513,837
2970,1512,837
2971,1512,837
2972,1512,831
2973,1512,837
2974,1511,831
2975,1511,831
2976,1512,829
2977,1512,831
2978,1511,831
2979,1512,838
2980,1511,837
2981,1512,831
2982,1511,838
2983,1512,831
2984,1512,831
2985,1512,831
2986,1511,829
2987,1512,829
2988,1513,831
2989,1511,831
2990,1511,831
2991,1512,831
2992,1511,831
2993,1512,835
2994,1512,838
2995,1512,831
2996,1512,838
2997,1514,831
2998,1511,831
2999,1512,832
3000,1512,838
3001,1511,837
3002,1512,831
3003,1512,837
3004,1512,837
3005,1511,831
3006,1511,837
3007,1512,830
3008,1512,830
3009,1512,839
3010,1512,832
3011,1512,831
3012,1512,829
3013,1514,837
3014,1512,831
3015,1512,830
3016,1512,831
3017,1512,831
3018,1512,831
3019,1512,830
3020,1512,831
3021,1512,831
3022,1513,830
3023,1512,831
3024,1513,831
3025,1512,831
3026,1511,837
3027,1511,830
3028,1512,837
3029,1513,831
3030,1512,831
3031,1513,837
3032,1512,829
3033,1512,837
3034,1511,831
3035,1512,830
3036,1512,831
3037,1512,831
3038,1512,829
3039,1512,831
3040,1513,831
3041,1512,837
3042,1512,839
3043,1511,831
3044,1512,836
3045,1511,836
3046,1513,837
3047,1512,838
3048,1511,838
3049,1511,837
3050,1511,837
3051,1512,831
3052,1511,837
3053,1512,831
3054,1512,837
3055,1512,831
3056,1512,831
3057,1512,837
3058,1512,831
3059,1511,831
3060,1512,831
3061,1512,831
3062,1511,837
3063,1512,831
3064,1512,831
3065,1512,837
3066,1512,831
3067,1512,832
3068,1512,831
3069,1512,831
3070,1512,831
3071,1511,838
3072,1511,837
3073,1512,831
3074,1512,831
3075,1512,837
3076,1514,831
3077,1512,832
3078,1511,837
3079,1512,837
3080,1512,838
3081,1512,837
3082,1511,831
3083,1512,831
3084,1511,837
3085,1511,836
3086,1511,837
3087,1512,837
3088,1512,831
3089,1512,839
3090,1511,837
3091,1511,831
3092,1512,837
3093,1511,831
3094,1512,838
3095,1512,831
3096,1511,837
3097,1512,831
3098,1511,832
3099,1512,831
3100,1511,831
3101,1512,831
3102,1512,831
3103,1511,837
3104,1511,831
3105,1511,831
3106,1511,836
3107,1512,837
3108,1512,837
3109,1511,831
3110,1513,837
3111,1512,837
3112,1512,832
3113,1512,839
3114,1512,837
3115,1511,836
3116,1511,831
3117,1512,831
3118,1512,836
3119,1512,838
3120,1511,831
3121,1512,830
3122,1511,831
3123,1512,831
3124,1512,831
3125,1512,837
3126,1512,831
3127,1512,831
3128,1512,836
3129,1514,830
3130,1512,830
3131,1511,831
3132,1511,837
3133,1512,831
3134,1511,831
3135,1511,831
3136,1511,831
3137,1511,829
3138,1512,831
3139,1512,830
3140,1512,838
3141,1512,830
3142,1512,831
3143,1512,831
3144,1512,837
3145,1512,837
3146,1512,831
3147,1511,837
3148,1514,837
3149,1512,831
3150,1512,837
3151,1512,832
3152,1512,837
3153,1512,837
3154,1512,831
3155,1513,831
3156,1512,837
3157,1512,831
3158,1512,831
3159,1512,837
3160,1512,831
3161,1512,831
3162,1512,837
3163,1513,831
3164,1512,837
3165,1512,831
3166,1511,831
3167,1511,831
3168,1512,837
3169,1512,831
3170,1512,837
3171,1512,838
3172,1511,836
3173,1512,831
3174,1511,831
3175,1512,831
3176,1512,831
3177,1511,838
3178,1512,832
3179,1511,836
3180,1511,837
3181,1512,837
3182,1512,831
3183,1511,836
3184,1511,830
3185,1511,830
3186,1512,830
3187,1512,831
3188,1511,831
3189,1512,830
3190,1512,831
3191,1511,830
3192,1512,830
3193,1512,831
3194,1511,831
3195,1511,831
3196,1512,837
3197,1511,837
3198,1511,832
3199,1512,831
3200,1512,831
3201,1512,837
3202,1512,837
3203,1513,837
3204,1511,831
3205,1512,831
3206,1512,837
3207,1511,831
3208,1512,831
3209,1512,837
3210,1512,831
3211,1512,837
3212,1511,837
3213,1512,831
3214,1512,832
3215,1512,831
3216,1512,831
3217,1511,831
3218,1512,831
3219,1512,831
3220,1512,837
3221,1512,829
3222,1512,831
3223,1511,837
3224,1512,838
3225,1512,831
3226,1512,837
3227,1512,830
3228,1512,831
3229,1512,831
3230,1512,837
3231,1511,831
3232,1512,831
3233,1511,837
3234,1512,831
3235,1512,837
3236,1512,837
3237,1512,831
3238,1512,831
3239,1511,831
3240,1511,831
3241,1511,831
3242,1512,831
3243,1514,831
3244,1511,837
3245,1512,831
3246,1512,837
3247,1512,831
3248,1512,831
3249,1511,836
3250,1512,831
3251,1511,831
3252,1512,831
3253,1512,831
3254,1511,831
3255,1512,837
3256,1512,831
3257,1512,831
3258,1512,831
3259,1512,831
3260,1512,831
3261,1512,837
3262,1512,831
3263,1511,837
3264,1513,831
3265,1514,831
3266,1512,837
3267,1511,837
3268,1512,836
3269,1511,837
3270,1512,831
3271,1512,831
3272,1512,831
3273,1511,830
3274,1512,837
3275,1512,831
3276,1512,831
3277,1512,831
3278,1514,831
3279,1514,830
3280,1511,831
3281,1511,839
3282,1512,831
3283,1512,829
3284,1511,829
3285,1513,829
3286,1513,831
3287,1512,831
3288,1512,829
3289,1511,831
3290,1514,831
3291,1512,830
3292,1512,829
3293,1512,830
3294,1513,839
3295,1511,831
3296,1512,837
3297,1512,831
3298,1512,831
3299,1511,837
3300,1512,830
3301,1513,830
3302,1512,831
3303,1511,831
3304,1511,831
3305,1512,831
3306,1512,829
3307,1512,837
3308,1512,831
3309,1512,831
3310,1511,831
3311,1512,832
3312,1512,830
3313,1512,837
3314,1512,829
3315,1512,837
3316,1512,837
3317,1512,831
3318,1512,831
3319,1512,831
3320,1512,836
3321,1512,837
3322,1512,836
3323,1513,831
3324,1512,832
3325,1511,837
3326,1512,837
3327,1511,837
3328,1512,837
3329,1513,837
3330,1512,836
3331,1512,837
3332,1511,832
3333,1512,837
3334,1512,837
3335,1512,837
3336,1512,831
3337,1512,839
3338,1511,837
3339,1511,837
3340,1513,831
3341,1512,837
3342,1512,837
3343,1513,831
3344,1512,837
3345,1513,838
3346,1512,837
3347,1512,837
3348,1512,839
3349,1512,837
3350,1512,837
3351,1512,836
3352,1512,837
3353,1512,831
3354,1512,839
3355,1512,831
3356,1512,831
3357,1512,839
3358,1512,832
3359,1511,837
3360,1511,838
3361,1512,831
3362,1512,837
3363,1511,837
3364,1512,837
3365,1512,838
3366,1511,839
3367,1512,838
3368,1512,837
3369,1511,831
3370,1512,837
3371,1512,837
3372,1512,838
3373,1512,831
3374,1511,837
3375,1512,837
3376,1511,837
3377,1511,838
3378,1511,839
3379,1512,839
3380,1512,837
3381,1512,837
3382,1511,839
3383,1511,837
3384,1511,837
3385,1512,831
3386,1512,837
3387,1510,831
3388,1509,837
3389,1511,831
3390,1511,837
3391,1512,837
3392,1512,837
3393,1512,837
3394,1511,839
3395,1511,839
3396,1511,837
3397,1511,839
3398,1511,839
3399,1512,840
3400,1512,839
3401,1511,841
3402,1512,841
3403,1512,840
3404,1512,841
3405,1512,841
3406,1511,841
3407,1512,841
3408,1512,844
3409,1512,841
3410,1511,842
3411,1512,841
3412,1512,843
3413,1511,842
3414,1511,844
3415,1510,843
3416,1514,860
3417,1510,843
3418,1508,842
3419,1518,829
3420,1512,831
3421,1508,839
3422,1510,826
3423,1512,859
3424,1512,843
3425,1512,839
3426,1510,857
3427,1510,846
3428,1511,843
3429,1511,825
3430,1512,858
3431,1516,859
3432,1510,857
3433,1514,829
3434,1511,839
3435,1516,826
3436,1509,827
3437,1514,829
3438,1512,843
3439,1511,855
3440,1512,841
3441,1511,847
3442,1511,845
3443,1510,853
3444,1512,843
3445,1511,851
3446,1514,831
3447,1512,845
3448,1511,846
3449,1512,845
3450,1511,845
3451,1511,845
3452,1512,843
3453,1512,846
3454,1512,845
3455,1510,845
3456,1512,845
3457,1511,845
3458,1511,846
3459,1511,846
3460,1512,845
3461,1512,843
3462,1512,845
3463,1511,845
3464,1512,844
3465,1512,844
3466,1513,847
3467,1512,847
3468,1512,845
3469,1513,843
3470,1511,845
3471,1512,845
3472,1511,847
3473,1511,845
3474,1512,845
3475,1511,846
3476,1511,845
3477,1511,847
3478,1511,844
3479,1510,844
3480,1510,845
3481,1512,844
3482,1512,845
3483,1511,845
3484,1511,843
3485,1512,845
3486,1511,845
3487,1511,843
3488,1511,844
3489,1510,843
3490,1512,843
3491,1512,843
3492,1511,843
3493,1512,845
3494,1510,846
3495,1512,845
3496,1511,845
3497,1511,845
3498,1512,845
3499,1512,844
3500,1511,845
3501,1510,845
3502,1510,845
3503,1512,844
3504,1512,846
3505,1511,845
3506,1512,845
3507,1512,845
3508,1512,843
3509,1512,847
3510,1511,845
3511,1511,845
3512,1511,845
3513,1511,846
3514,1511,845
3515,1511,842
3516,1512,843
3517,1511,845
3518,1511,843
3519,1512,843
3520,1511,844
3521,1511,845
3522,1512,843
3523,1512,844
3524,1512,843
3525,1511,843
3526,1512,845
3527,1511,845
3528,1512,843
3529,1511,842
3530,1512,843
3531,1512,843
3532,1516,843
3533,1512,843
3534,1512,843
3535,1511,843
3536,1512,842
3537,1512,843
3538,1513,841
3539,1511,843
3540,1512,842
3541,1513,841
3542,1511,841
3543,1511,841
3544,1511,843
3545,1512,842
3546,1512,841
3547,1512,842
3548,1512,841
3549,1511,842
3550,1512,840
3551,1511,840
3552,1512,841
3553,1512,840
3554,1511,840
3555,1512,840
3556,1511,840
3557,1511,841
3558,1511,840
3559,1512,842
3560,1511,839
3561,1512,839
3562,1511,839
3563,1511,839
3564,1512,839
3565,1511,839
3566,1512,837
3567,1512,838
3568,1511,839
3569,1511,839
3570,1511,839
3571,1511,839
3572,1512,839
3573,1512,837
3574,1512,831
3575,1512,839
3576,1510,837
3577,1510,837
3578,1510,831
3579,1508,838
3580,1512,832
3581,1511,831
3582,1511,837
3583,1511,838
3584,1511,831
3585,1512,837
3586,1511,831
3587,1512,829
3588,1511,829
3589,1511,830
3590,1511,830
3591,1511,829
3592,1511,829
3593,1511,829
3594,1512,829
3595,1511,827
3596,1512,827
3597,1511,827
3598,1511,828
3599,1512,827
3600,1510,829
3601,1510,828
3602,1511,827
3603,1511,829
3604,1512,827
3605,1511,827
3606,1512,827
3607,1512,825
3608,1510,825
3609,1510,825
3610,1511,826
3611,1511,827
3612,1512,825
3613,1512,825
3614,1510,825
3615,1511,825
3616,1511,824
3617,1512,823
3618,1511,823
3619,1511,823
3620,1511,825
3621,1512,823
3622,1510,824
3623,1510,823
3624,1511,825
3625,1512,824
3626,1511,824
3627,1510,823
3628,1511,824
3629,1511,824
3630,1511,823
3631,1511,825
3632,1510,824
3633,1511,823
3634,1511,824
3635,1511,823
3636,1512,823
3637,1512,823
3638,1511,825
3639,1510,823
3640,1511,823
3641,1511,824
3642,1511,823
3643,1511,824
3644,1511,825
3645,1510,824
3646,1511,824
3647,1511,825
3648,1510,825
3649,1511,825
3650,1511,826
3651,1511,824
3652,1511,825
3653,1511,823
3654,1511,824
3655,1511,825
3656,1511,825
3657,1510,826
3658,1511,826
3659,1512,827
3660,1510,826
3661,1511,825
3662,1510,827
3663,1511,826
3664,1512,827
3665,1511,827
3666,1510,827
3667,1511,825
3668,1511,827
3669,1511,828
3670,1511,827
3671,1510,828
3672,1510,829
3673,1510,828
3674,1512,829
3675,1510,830
3676,1511,829
3677,1511,831
3678,1511,830
3679,1511,831
3680,1512,831
3681,1512,831
3682,1512,837
3683,1512,830
3684,1512,836
3685,1512,831
3686,1511,837
3687,1511,837
3688,1511,837
3689,1510,839
3690,1511,837
3691,1511,839
3692,1511,839
3693,1511,839
3694,1512,840
3695,1510,840
3696,1511,841
3697,1510,840
3698,1512,841
3699,1510,843
3700,1512,843
3701,1512,842
3702,1511,843
3703,1511,842
3704,1510,843
3705,1510,843
3706,1511,845
3707,1510,843
3708,1511,843
3709,1512,845
3710,1511,845
3711,1512,845
3712,1511,846
3713,1512,845
3714,1512,845
3715,1511,846
3716,1510,845
3717,1510,845
3718,1511,847
3719,1511,847
3720,1511,845
3721,1511,847
3722,1511,847
3723,1512,849
3724,1511,847
3725,1511,847
3726,1512,847
3727,1511,847
3728,1510,851
3729,1511,849
3730,1512,847
3731,1511,849
3732,1511,847
3733,1512,845
3734,1511,846
3735,1511,847
3736,1512,847
3737,1512,846
3738,1512,847
3739,1511,847
3740,1511,847
3741,1510,847
3742,1511,850
3743,1511,851
3744,1511,850
3745,1510,845
3746,1511,850
3747,1511,847
3748,1511,847
3749,1511,851
3750,1510,847
3751,1512,847
3752,1511,850
3753,1511,847
3754,1512,849
3755,1510,847
3756,1511,847
3757,1511,850
3758,1512,850
3759,1511,847
3760,1512,850
3761,1511,849
3762,1511,847
3763,1511,847
3764,1511,847
3765,1511,847
3766,1511,846
3767,1512,847
3768,1511,845
3769,1511,847
3770,1512,850
3771,1510,847
3772,1512,849
3773,1511,847
3774,1511,851
3775,1511,847
3776,1511,847
3777,1510,846
3778,1510,847
3779,1511,850
3780,1511,847
3781,1510,847
3782,1510,847
3783,1511,847
3784,1512,845
3785,1511,845
3786,1511,847
3787,1510,847
3788,1511,847
3789,1511,847
3790,1511,847
3791,1511,847
3792,1510,847
3793,1512,847
3794,1511,851
3795,1510,850
3796,1511,849
3797,1510,847
3798,1511,850
3799,1511,847
3800,1512,847
3801,1511,851
3802,1510,847
3803,1511,847
3804,1510,849
3805,1512,847
3806,1511,851
3807,1511,846
3808,1511,847
3809,1510,851
3810,1512,847
3811,1513,850
3812,1512,847
3813,1512,850
3814,1512,846
3815,1512,846
3816,1512,850
3817,1512,847
3818,1512,849
3819,1510,847
3820,1511,851
3821,1512,845
3822,1512,851
3823,1511,847
3824,1512,847
3825,1512,850
3826,1512,851
3827,1510,847
3828,1512,850
3829,1512,850
3830,1511,847
3831,1511,851
3832,1511,851
3833,1512,851
3834,1511,851
3835,1512,851
3836,1512,852
3837,1512,853
3838,1511,852
3839,1511,854
3840,1511,853
3841,1511,853
3842,1511,855
3843,1513,853
3844,1511,855
3845,1510,855
3846,1512,855
3847,1511,854
3848,1512,857
3849,1511,855
3850,1511,857
3851,1511,857
3852,1511,859
3853,1511,857
3854,1512,857
3855,1512,858
3856,1510,859
3857,1511,861
3858,1512,860
3859,1512,861
3860,1510,861
3861,1511,861
3862,1511,861
3863,1511,863
3864,1511,861
3865,1512,865
3866,1511,866
3867,1511,865
3868,1510,863
3869,1511,863
3870,1511,863
3871,1511,867
3872,1511,868
3873,1512,868
3874,1512,867
3875,1510,868
3876,1511,867
3877,1512,869
3878,1510,870
3879,1512,871
3880,1510,871
3881,1512,871
3882,1511,871
3883,1512,870
3884,1511,871
3885,1511,871
3886,1511,872
3887,1511,871
3888,1512,873
3889,1511,873
3890,1511,873
3891,1511,873
3892,1510,875
3893,1510,873
3894,1510,877
3895,1510,876
3896,1511,876
3897,1512,876
3898,1510,877
3899,1511,877
3900,1510,876
3901,1510,875
3902,1512,876
3903,1510,875
3904,1511,875
3905,1511,877
3906,1511,878
3907,1512,879
3908,1510,877
3909,1510,877
3910,1511,877
3911,1511,877
3912,1512,877
3913,1511,878
3914,1510,879
3915,1510,877
3916,1511,878
3917,1511,879
3918,1510,880
3919,1510,879
3920,1510,879
3921,1510,879
3922,1510,879
3923,1510,878
3924,1511,877
3925,1511,878
3926,1512,877
3927,1510,879
3928,1511,879
3929,1510,879
3930,1510,879
3931,1510,879
3932,1511,878
3933,1510,879
3934,1511,879
3935,1511,878
3936,1510,877
3937,1510,878
3938,1511,879
3939,1512,877
3940,1510,878
3941,1510,878
3942,1510,879
3943,1512,877
3944,1511,879
3945,1510,879
3946,1512,878
3947,1511,878
3948,1510,877
3949,1511,878
3950,1510,876
3951,1511,877
3952,1511,878
3953,1511,877
3954,1511,877
3955,1510,877
3956,1511,877
3957,1511,877
3958,1511,877
3959,1511,876
3960,1511,879
3961,1510,877
3962,1511,877
3963,1512,877
3964,1511,876
3965,1512,877
3966,1511,875
3967,1511,875
3968,1510,875
3969,1510,873
3970,1511,873
3971,1511,875
3972,1512,873
3973,1512,873
3974,1512,871
3975,1511,872
3976,1512,872
3977,1511,871
3978,1511,870
3979,1511,870
3980,1512,869
3981,1511,868
3982,1511,870
3983,1511,867
3984,1512,868
3985,1510,866
3986,1511,865
3987,1511,863
3988,1512,863
3989,1511,863
3990,1512,861
3991,1511,863
3992,1512,860
3993,1511,860
3994,1511,861
3995,1511,859
3996,1512,861
3997,1511,859
3998,1510,858
3999,1511,856
4000,1511,859
4001,1511,857
4002,1511,855
4003,1511,857
4004,1511,856
4005,1510,854
4006,1510,853
4007,1511,853
4008,1512,852
4009,1510,851
4010,1510,851
4011,1511,847
4012,1511,849
4013,1511,851
4014,1510,850
4015,1511,845
4016,1510,843
4017,1511,843
4018,1510,841
4019,1511,842
4020,1512,840
4021,1512,841
4022,1511,840
4023,1511,839
4024,1512,839
4025,1511,838
4026,1511,837
4027,1511,839
4028,1510,838
4029,1511,836
4030,1512,831
4031,1512,831
4032,1510,831
4033,1511,831
4034,1510,829
4035,1511,827
4036,1512,829
4037,1511,829
4038,1512,829
4039,1511,826
4040,1512,827
4041,1511,827
4042,1512,828
4043,1512,827
4044,1510,826
4045,1511,825
4046,1511,824
4047,1512,825
4048,1511,824
4049,1511,824
4050,1512,824
4051,1510,821
4052,1511,823
4053,1511,823
4054,1512,823
4055,1511,821
4056,1512,823
4057,1510,821
4058,1511,822
4059,1511,821
4060,1512,821
4061,1511,820
4062,1510,819
4063,1510,820
4064,1511,820
4065,1512,822
4066,1512,820
4067,1510,819
4068,1510,819
4069,1510,819
4070,1511,815
4071,1512,819
4072,1510,819
4073,1512,819
4074,1511,819
4075,1510,819
4076,1512,815
4077,1512,818
4078,1511,819
4079,1511,816
4080,1511,819
4081,1511,820
4082,1510,819
4083,1512,819
4084,1510,819
4085,1510,819
4086,1512,819
4087,1511,819
4088,1512,819
4089,1511,820
4090,1511,819
4091,1512,815
4092,1510,819
4093,1512,816
4094,1512,819
4095,1510,819
4096,1511,819
4097,1511,819
4098,1511,818
4099,1511,816
4100,1511,819
4101,1512,819
4102,1512,819
4103,1510,819
4104,1512,816
4105,1510,820
4106,1512,816
4107,1511,815
4108,1512,819
4109,1511,819
4110,1511,820
4111,1511,821
4112,1512,819
4113,1512,819
4114,1510,820
4115,1511,816
4116,1512,819
4117,1511,819
4118,1511,816
4119,1512,815
4120,1512,820
4121,1512,819
4122,1511,819
4123,1511,816
4124,1512,819
4125,1512,815
4126,1512,819
4127,1511,819
4128,1511,819
4129,1511,815
4130,1511,815
4131,1512,814
4132,1511,815
4133,1511,815
4134,1512,816
4135,1511,815
4136,1512,815
4137,1511,819
4138,1511,819
4139,1511,814
4140,1510,819
4141,1511,819
4142,1512,820
4143,1512,819
4144,1511,818
4145,1510,819
4146,1511,816
4147,1510,819
4148,1511,819
4149,1512,819
4150,1512,819
4151,1512,819
4152,1511,816
4153,1510,818
4154,1511,820
4155,1512,819
4156,1513,819
4157,1511,816
4158,1512,819
4159,1511,819
4160,1511,819
4161,1511,819
4162,1511,819
4163,1511,816
4164,1510,815
4165,1511,820
4166,1511,815
4167,1511,819
4168,1511,818
4169,1511,819
4170,1510,819
4171,1510,819
4172,1512,815
4173,1512,819
4174,1511,815
4175,1511,819
4176,1511,819
4177,1511,820
4178,1512,819
4179,1510,816
4180,1512,817
4181,1511,814
4182,1511,815
4183,1511,818
4184,1511,819
4185,1511,814
4186,1511,815
4187,1511,819
4188,1511,815
4189,1511,815
4190,1511,815
4191,1510,761
4192,1511,815
4193,1511,815
4194,1510,815
4195,1512,815
4196,1510,815
4197,1512,819
4198,1511,816
4199,1511,819
4200,1510,816
4201,1511,815
4202,1511,816
4203,1510,815
4204,1512,819
4205,1510,819
4206,1511,816
4207,1511,815
4208,1512,816
4209,1510,819
4210,1510,820
4211,1512,820
4212,1511,818
4213,1511,815
4214,1510,819
4215,1510,819
4216,1512,821
4217,1511,819
4218,1511,820
4219,1511,819
4220,1511,819
4221,1511,815
4222,1510,819
4223,1511,815
4224,1510,815
4225,1511,819
4226,1511,819
4227,1512,819
4228,1512,815
4229,1511,815
4230,1513,815
4231,1511,819
4232,1511,816
4233,1512,816
4234,1511,819
4235,1512,815
4236,1510,815
4237,1511,816
4238,1510,815
4239,1511,819
4240,1512,815
4241,1510,816
4242,1512,815
4243,1512,815
4244,1512,818
4245,1511,816
4246,1511,819
4247,1512,819
4248,1511,819
4249,1511,815
4250,1511,816
4251,1511,819
4252,1510,819
4253,1511,815
4254,1512,815
4255,1511,816
4256,1512,821
4257,1512,816
4258,1511,819
4259,1511,820
4260,1512,819
4261,1511,815
4262,1512,820
4263,1510,818
4264,1512,819
4265,1511,819
4266,1510,819
4267,1512,816
4268,1511,815
4269,1510,819
4270,1511,818
4271,1512,820
4272,1511,815
4273,1511,819
4274,1512,819
4275,1512,817
4276,1511,818
4277,1511,819
4278,1511,819
4279,1511,819
4280,1511,819
4281,1510,816
4282,1510,815
4283,1512,816
4284,1511,815
4285,1511,815
4286,1511,815
4287,1512,814
4288,1511,815
4289,1511,815
4290,1511,813
4291,1511,815
4292,1512,819
4293,1510,819
4294,1511,819
4295,1511,819
4296,1511,816
4297,1512,815
4298,1510,816
4299,1511,815
4300,1510,819
4301,1512,819
4302,1511,816
4303,1511,819
4304,1512,817
4305,1510,819
4306,1510,819
4307,1511,818
4308,1510,819
4309,1510,819
4310,1511,815
4311,1511,816
4312,1511,819
4313,1510,816
4314,1511,816
4315,1511,819
4316,1511,819
4317,1510,818
4318,1512,816
4319,1511,819
4320,1511,818
4321,1511,819
4322,1511,818
4323,1510,819
4324,1511,819
4325,1510,819
4326,1510,819
4327,1510,815
4328,1510,819
4329,1511,819
4330,1511,815
4331,1510,819
4332,1510,819
4333,1511,815
4334,1512,815
4335,1511,818
4336,1510,815
4337,1510,818
4338,1511,815
4339,1512,819
4340,1511,819
4341,1510,819
4342,1511,819
4343,1510,818
4344,1511,819
4345,1511,819
4346,1511,818
4347,1511,819
4348,1510,815
4349,1510,814
4350,1511,821
4351,1510,818
4352,1510,819
4353,1512,821
4354,1510,818
4355,1510,820
4356,1510,815
4357,1510,819
4358,1510,816
4359,1511,819
4360,1511,819
4361,1512,816
4362,1511,819
4363,1511,820
4364,1510,819
4365,1511,819
4366,1511,820
4367,1511,818
4368,1511,815
4369,1511,819
4370,1510,816
4371,1511,819
4372,1510,816
4373,1510,820
4374,1511,816
4375,1511,819
4376,1511,819
4377,1510,815
4378,1511,816
4379,1512,820
4380,1510,819
4381,1510,819
4382,1511,819
4383,1511,819
4384,1510,819
4385,1510,818
4386,1511,815
4387,1511,815
4388,1511,819
4389,1511,816
4390,1512,819
4391,1510,815
4392,1510,815
4393,1510,815
4394,1510,819
4395,1510,819
4396,1511,819
4397,1510,816
4398,1510,815
4399,1511,815
4400,1510,815
4401,1511,819
4402,1510,815
4403,1510,815
4404,1511,819
4405,1511,819
4406,1511,816
4407,1511,819
4408,1510,816
4409,1510,815
4410,1511,816
4411,1511,819
4412,1510,819
4413,1511,819
4414,1510,816
4415,1511,819
4416,1510,819
4417,1510,820
4418,1510,819
4419,1510,819
4420,1510,815
4421,1510,815
4422,1511,819
4423,1511,819
4424,1510,815
4425,1511,815
4426,1512,817
4427,1510,818
4428,1512,819
4429,1510,820
4430,1511,819
4431,1511,815
4432,1511,819
4433,1512,819
4434,1510,821
4435,1511,816
4436,1511,815
4437,1510,819
4438,1511,819
4439,1511,819
4440,1511,815
4441,1512,819
4442,1510,819
4443,1511,819
4444,1510,815
4445,1510,815
4446,1512,815
4447,1510,816
4448,1510,816
4449,1510,819
4450,1511,821
4451,1510,815
4452,1511,819
4453,1511,815
4454,1510,816
4455,1510,815
4456,1510,815
4457,1510,819
4458,1510,818
4459,1510,816
4460,1510,819
4461,1510,819
4462,1510,816
4463,1510,815
4464,1510,819
4465,1510,819
4466,1510,819
4467,1510,819
4468,1510,816
4469,1512,820
4470,1510,819
4471,1510,816
4472,1511,816
4473,1510,819
4474,1510,816
4475,1510,819
4476,1511,816
4477,1511,819
4478,1511,815
4479,1510,816
4480,1510,819
4481,1510,818
4482,1510,817
4483,1511,815
4484,1511,815
4485,1510,815
4486,1510,815
4487,1511,815
4488,1511,815
4489,1510,814
4490,1510,815
4491,1510,815
4492,1511,815
4493,1510,815
4494,1510,820
4495,1511,816
4496,1510,815
4497,1510,819
4498,1511,816
4499,1510,819
4500,1509,819
4501,1510,815
4502,1510,815
4503,1510,816
4504,1510,819
4505,1511,816
4506,1510,819
4507,1510,816
4508,1512,815
4509,1511,819
4510,1511,819
4511,1511,816
4512,1511,815
4513,1511,815
4514,1510,815
4515,1510,815
4516,1511,818
4517,1512,815
4518,1510,813
4519,1510,815
4520,1511,815
4521,1511,815
4522,1510,819
4523,1510,815
4524,1510,819
4525,1512,815
4526,1510,819
4527,1511,815
4528,1510,815
4529,1510,819
4530,1510,815
4531,1511,819
4532,1510,815
4533,1511,815
4534,1511,816
4535,1511,815
4536,1511,816
4537,1511,815
4538,1510,815
4539,1510,815
4540,1511,819
4541,1510,819
4542,1510,815
4543,1510,819
4544,1510,819
4545,1510,815
4546,1511,819
4547,1510,819
4548,1511,815
4549,1510,815
4550,1510,819
4551,1511,819
4552,1510,816
4553,1510,819
4554,1511,816
4555,1511,819
4556,1510,819
4557,1511,819
4558,1510,820
4559,1510,819
4560,1510,819
4561,1510,816
4562,1510,815
4563,1511,819
4564,1510,819
4565,1510,819
4566,1510,819
4567,1511,819
4568,1510,819
4569,1511,819
4570,1510,815
4571,1510,819
4572,1511,819
4573,1511,819
4574,1510,819
4575,1511,815
4576,1510,819
4577,1510,819
4578,1510,818
4579,1510,820
4580,1510,819
4581,1508,819
4582,1510,815
4583,1511,819
4584,1511,819
4585,1510,819
4586,1510,819
4587,1510,820
4588,1510,816
4589,1511,819
4590,1511,819
4591,1510,816
4592,1510,820
4593,1510,819
4594,1511,819
4595,1511,819
4596,1510,819
4597,1510,819
4598,1511,819
4599,1511,819
4600,1511,816
4601,1511,819
4602,1510,819
4603,1510,820
4604,1511,819
4605,1510,819
4606,1511,820
4607,1511,820
4608,1510,822
4609,1510,821
4610,1510,818
4611,1510,819
4612,1510,819
4613,1511,819
4614,1511,815
4615,1510,820
4616,1510,815
4617,1511,819
4618,1511,820
4619,1510,821
4620,1511,819
4621,1510,819
4622,1510,821
4623,1510,819
4624,1510,819
4625,1510,818
4626,1512,819
4627,1510,819
4628,1510,819
4629,1510,819
4630,1510,818
4631,1510,819
4632,1510,815
4633,1510,819
4634,1511,818
4635,1510,815
4636,1510,819
4637,1509,819
4638,1510,819
4639,1510,818
4640,1509,815
4641,1510,819
4642,1511,819
4643,1512,819
4644,1510,819
4645,1511,819
4646,1510,820
4647,1510,819
4648,1510,819
4649,1510,819
4650,1510,820
4651,1510,820
4652,1511,819
4653,1509,819
4654,1510,819
4655,1510,819
4656,1511,819
4657,1510,819
4658,1510,819
4659,1510,819
4660,1510,821
4661,1511,819
4662,1511,819
4663,1511,819
4664,1511,815
4665,1510,819
4666,1510,815
4667,1511,816
4668,1511,819
4669,1510,818
4670,1510,819
4671,1510,821
4672,1511,819
4673,1511,815
4674,1511,819
4675,1510,820
4676,1510,819
4677,1510,819
4678,1510,820
4679,1511,820
4680,1511,819
4681,1510,816
4682,1510,816
4683,1511,815
4684,1510,815
4685,1511,819
4686,1511,815
4687,1511,819
4688,1510,819
4689,1511,819
4690,1511,815
4691,1511,818
4692,1510,815
4693,1511,815
4694,1511,819
4695,1510,819
4696,1511,819
4697,1511,820
4698,1511,819
4699,1511,819
4700,1510,821
4701,1510,820
4702,1508,819
4703,1511,821
4704,1510,819
4705,1510,820
4706,1510,819
4707,1511,819
4708,1510,820
4709,1511,819
4710,1511,819
4711,1511,822
4712,1511,819
4713,1511,821
4714,1510,819
4715,1510,821
4716,1511,820
4717,1510,819
4718,1510,820
4719,1510,819
4720,1510,819
4721,1511,819
4722,1511,819
4723,1511,819
4724,1510,820
4725,1510,819
4726,1510,819
4727,1510,819
4728,1510,819
4729,1510,819
4730,1511,819
4731,1509,821
4732,1510,819
4733,1509,819
4734,1511,819
4735,1510,819
4736,1510,819
4737,1511,816
4738,1510,821
4739,1510,819
4740,1510,819
4741,1511,820
4742,1510,819
4743,1510,821
4744,1509,819
4745,1510,820
4746,1510,819
4747,1510,820
4748,1510,818
4749,1510,821
4750,1510,820
4751,1510,819
4752,1510,819
4753,1510,820
4754,1510,820
4755,1510,819
4756,1510,819
4757,1510,820
4758,1510,819
4759,1511,819
4760,1510,819
4761,1511,819
4762,1511,819
4763,1512,816
4764,1510,820
4765,1510,819
4766,1511,821
4767,1512,820
4768,1511,820
4769,1509,819
4770,1510,819
4771,1510,819
4772,1509,819
4773,1510,819
4774,1510,822
4775,1510,819
4776,1511,821
4777,1512,819
4778,1511,821
4779,1512,820
4780,1510,819
4781,1510,819
4782,1510,819
4783,1510,819
4784,1510,821
4785,1511,821
4786,1511,819
4787,1511,815
4788,1510,819
4789,1510,815
4790,1510,815
4791,1510,819
4792,1510,819
4793,1510,819
4794,1509,819
4795,1510,819
4796,1511,821
4797,1511,819
4798,1510,820
4799,1511,820
4800,1512,819
4801,1511,819
4802,1510,819
4803,1511,815
4804,1511,819
4805,1510,819
4806,1511,820
4807,1510,820
4808,1510,821
4809,1511,819
4810,1510,819
4811,1510,819
4812,1511,818
4813,1510,819
4814,1512,815
4815,1511,820
4816,1511,816
4817,1510,821
4818,1511,820
4819,1510,820
4820,1511,818
4821,1510,820
4822,1511,819
4823,1510,819
4824,1511,817
4825,1511,819
4826,1511,819
4827,1512,819
4828,1510,819
4829,1511,820
4830,1511,815
4831,1510,819
4832,1510,815
4833,1511,820
4834,1510,819
4835,1510,819
4836,1511,819
4837,1511,819
4838,1510,819
4839,1511,815
4840,1511,819
4841,1511,819
4842,1512,819
4843,1512,819
4844,1511,819
4845,1512,815
4846,1510,819
4847,1512,820
4848,1511,816
4849,1511,819
4850,1512,816
4851,1510,819
4852,1511,819
4853,1510,820
4854,1510,819
4855,1512,819
4856,1510,819
4857,1511,820
4858,1511,820
4859,1510,815
4860,1511,819
4861,1510,820
4862,1510,815
4863,1512,819
4864,1510,821
4865,1511,819
4866,1510,815
4867,1512,816
4868,1511,816
4869,1512,819
4870,1511,819
4871,1511,820
4872,1512,819
4873,1510,819
4874,1513,819
4875,1511,819
4876,1511,815
4877,1512,816
4878,1511,820
4879,1510,816
4880,1512,819
4881,1510,819
4882,1510,815
4883,1510,819
4884,1510,816
4885,1510,815
4886,1511,819
4887,1511,815
4888,1510,819
4889,1511,815
4890,1512,819
4891,1511,819
4892,1510,817
4893,1510,815
4894,1512,815
4895,1511,819
4896,1511,819
4897,1510,815
4898,1510,820
4899,1511,819
4900,1511,818
4901,1510,819
4902,1511,821
4903,1511,819
4904,1511,819
4905,1512,819
4906,1511,820
4907,1510,819
4908,1510,819
4909,1512,816
4910,1510,819
4911,1511,815
4912,1511,819
4913,1511,818
4914,1510,820
4915,1510,816
4916,1511,821
4917,1511,819
4918,1510,819
4919,1511,815
4920,1512,821
4921,1511,819
4922,1510,819
4923,1511,819
4924,1511,819
4925,1510,819
4926,1511,820
4927,1510,819
4928,1511,819
4929,1510,816
4930,1511,819
4931,1510,819
4932,1510,819
4933,1511,819
4934,1512,819
4935,1510,819
4936,1511,819
4937,1510,816
4938,1510,817
4939,1511,818
4940,1511,821
4941,1512,819
4942,1510,815
4943,1510,820
4944,1511,815
4945,1510,819
4946,1510,819
4947,1511,815
4948,1511,819
4949,1510,819
4950,1510,819
4951,1511,821
4952,1510,819
4953,1511,819
4954,1511,820
4955,1511,819
4956,1511,815
4957,1511,819
4958,1510,818
4959,1511,816
4960,1511,819
4961,1510,815
4962,1512,819
4963,1511,819
4964,1512,819
4965,1510,819
4966,1511,819
4967,1511,819
4968,1510,821
4969,1511,815
4970,1512,819
4971,1510,819
4972,1511,819
4973,1511,819
4974,1511,816
4975,1510,819
4976,1511,819
4977,1510,819
4978,1512,818
4979,1511,816
4980,1510,820
4981,1511,820
4982,1511,818
4983,1511,818
4984,1511,815
4985,1511,815
4986,1510,818
4987,1511,815
4988,1511,814
4989,1511,815
4990,1512,815
4991,1511,815
4992,1512,815
4993,1510,814
4994,1510,819
4995,1511,819
4996,1511,815
4997,1511,819
4998,1511,816
4999,1511,816
5000,1511,821
5001,1511,819
5002,1510,815
5003,1510,818
5004,1512,821
5005,1510,819
5006,1510,819
5007,1510,815
5008,1511,815
5009,1512,818
5010,1511,818
5011,1510,818
5012,1511,815
5013,1510,819
5014,1510,816
5015,1511,816
5016,1511,815
5017,1510,815
5018,1510,816
5019,1512,815
5020,1510,813
5021,1510,773
5022,1511,815
5023,1511,818
5024,1511,815
5025,1511,815
5026,1511,815
5027,1511,819
5028,1511,815
5029,1511,815
5030,1510,815
5031,1511,816
5032,1511,815
5033,1511,816
5034,1510,815
5035,1510,814
5036,1511,815
5037,1510,815
5038,1511,815
5039,1542,819
5040,1511,819
5041,1511,819
5042,1511,817
5043,1511,819
5044,1510,816
5045,1512,819
5046,1511,819
5047,1510,819
5048,1511,815
5049,1510,819
5050,1510,819
5051,1510,819
5052,1511,819
5053,1510,815
5054,1511,819
5055,1511,815
5056,1511,819
5057,1511,815
5058,1511,816
5059,1511,819
5060,1510,819
5061,1510,815
5062,1510,816
5063,1511,819
5064,1510,819
5065,1511,819
5066,1510,819
5067,1510,818
5068,1512,819
5069,1510,819
5070,1511,815
5071,1510,816
5072,1511,821
5073,1510,819
5074,1510,815
5075,1511,819
5076,1511,819
5077,1511,815
5078,1511,815
5079,1511,819
5080,1510,815
5081,1512,815
5082,1510,819
5083,1510,816
5084,1510,819
5085,1511,819
5086,1510,815
5087,1511,815
5088,1510,816
5089,1512,815
5090,1510,819
5091,1510,819
5092,1510,819
5093,1510,819
5094,1510,819
5095,1510,815
5096,1510,819
5097,1511,816
5098,1510,816
5099,1508,819
5100,1510,815
5101,1511,815
5102,1510,815
5103,1509,815
5104,1511,816
5105,1510,815
5106,1510,815
5107,1511,815
5108,1510,815
5109,1510,815
5110,1510,815
5111,1510,814
5112,1510,815
5113,1510,815
5114,1509,815
5115,1511,815
5116,1510,814
5117,1510,815
5118,1510,815
5119,1510,815
5120,1509,815
5121,1508,815
5122,1510,815
5123,1510,815
5124,1510,815
5125,1510,815
5126,1510,815
5127,1509,815
5128,1510,815
5129,1510,815
5130,1511,814
5131,1510,813
5132,1510,813
5133,1510,813
5134,1510,815
5135,1510,814
5136,1511,814
5137,1511,813
5138,1510,806
5139,1510,812
5140,1510,815
5141,1511,814
5142,1511,815
5143,1511,815
5144,1511,815
5145,1510,815
5146,1510,815
5147,1511,815
5148,1511,815
5149,1511,814
5150,1510,815
5151,1510,814
5152,1507,823
5153,1510,811
5154,1516,829
5155,1506,816
5156,1510,800
5157,1508,797
5158,1513,795
5159,1509,825
5160,1510,813
5161,1511,807
5162,1512,795
5163,1511,813
5164,1511,800
5165,1511,812
5166,1510,805
5167,1508,799
5168,1510,828
5169,1512,819
5170,1508,805
5171,1511,824
5172,1508,809
5173,1510,795
5174,1508,828
5175,1512,819
5176,1511,797
5177,1516,810
5178,1510,811
5179,1507,807
5180,1510,827
5181,1510,808
5182,1510,809
5183,1504,808
5184,1511,809
5185,1508,808
5186,1511,807
5187,1511,808
5188,1510,807
5189,1510,807
5190,1510,807
5191,1510,805
5192,1510,807
5193,1510,815
5194,1511,807
5195,1510,805
5196,1510,805
5197,1510,805
5198,1511,806
5199,1510,805
5200,1510,805
5201,1510,805
5202,1510,805
5203,1509,805
5204,1511,803
5205,1510,805
5206,1510,803
5207,1512,803
5208,1511,800
5209,1510,800
5210,1510,799
5211,1510,799
5212,1510,800
5213,1511,799
5214,1510,799
5215,1511,799
5216,1511,799
5217,1511,799
5218,1511,798
5219,1510,798
5220,1510,798
5221,1510,798
5222,1510,797
5223,1511,797
5224,1510,797
5225,1510,797
5226,1510,796
5227,1510,795
5228,1510,797
5229,1511,797
5230,1511,796
5231,1510,797
5232,1510,795
5233,1510,795
5234,1511,795
5235,1510,795
5236,1511,795
5237,1511,795
5238,1510,795
5239,1511,793
5240,1511,793
5241,1510,793
5242,1510,793
5243,1511,793
5244,1510,791
5245,1510,792
5246,1510,791
5247,1510,793
5248,1512,792
5249,1509,792
5250,1510,791
5251,1510,792
5252,1510,791
5253,1510,791
5254,1510,791
5255,1510,791
5256,1510,791
5257,1510,790
5258,1510,791
5259,1510,791
5260,1511,791
5261,1510,791
5262,1511,789
5263,1510,789
5264,1511,791
5265,1510,789
5266,1510,789
5267,1510,790
5268,1510,789
5269,1510,791
5270,1510,790
5271,1512,790
5272,1510,790
5273,1511,790
5274,1511,789
5275,1511,789
5276,1510,790
5277,1511,789
5278,1510,789
5279,1511,789
5280,1509,790
5281,1510,787
5282,1511,789
5283,1511,787
5284,1511,788
5285,1510,789
5286,1510,787
5287,1511,788
5288,1511,789
5289,1510,792
5290,1510,787
5291,1511,787
5292,1510,789
5293,1510,789
5294,1510,788
5295,1510,787
5296,1511,789
5297,1511,789
5298,1510,789
5299,1510,788
5300,1510,789
5301,1511,789
5302,1511,789
5303,1510,787
5304,1511,789
5305,1511,789
5306,1510,788
5307,1511,789
5308,1512,789
5309,1511,789
5310,1511,791
5311,1511,789
5312,1510,790
5313,1511,789
5314,1511,787
5315,1511,788
5316,1510,789
5317,1511,789
5318,1512,789
5319,1511,789
5320,1510,791
5321,1512,790
5322,1510,789
5323,1511,791
5324,1510,789
5325,1511,787
5326,1511,789
5327,1512,789
5328,1512,789
5329,1510,789
5330,1512,790
5331,1510,789
5332,1510,789
5333,1510,789
5334,1511,789
5335,1510,791
5336,1510,789
5337,1510,791
5338,1511,790
5339,1511,791
5340,1510,790
5341,1511,789
5342,1511,789
5343,1510,790
5344,1511,790
5345,1510,789
5346,1510,789
5347,1510,790
5348,1510,789
5349,1510,789
5350,1510,791
5351,1511,790
5352,1511,789
5353,1510,790
5354,1511,789
5355,1511,789
5356,1511,789
5357,1510,791
5358,1512,789
5359,1510,790
5360,1511,788
5361,1510,789
5362,1511,790
5363,1511,789
5364,1510,789
5365,1511,789
5366,1510,789
5367,1510,790
5368,1510,789
5369,1511,789
5370,1510,790
5371,1511,787
5372,1511,789
5373,1511,789
5374,1511,789
5375,1510,790
5376,1511,789
5377,1510,789
5378,1509,788
5379,1510,787
5380,1511,789
5381,1511,789
5382,1510,788
5383,1510,789
5384,1511,787
5385,1510,787
5386,1510,787
5387,1511,789
5388,1511,787
5389,1511,791
5390,1511,789
5391,1510,789
5392,1510,787
5393,1511,787
5394,1510,791
5395,1510,789
5396,1510,788
5397,1510,788
5398,1511,787
5399,1511,788
5400,1510,792
5401,1511,790
5402,1509,789
5403,1510,789
5404,1512,789
5405,1510,789
5406,1510,788
5407,1510,789
5408,1510,790
5409,1511,787
5410,1512,789
5411,1510,790
5412,1510,787
5413,1510,787
5414,1510,789
5415,1510,789
5416,1510,789
5417,1511,789
5418,1511,789
5419,1511,787
5420,1511,789
5421,1511,788
5422,1510,789
5423,1511,789
5424,1510,790
5425,1510,787
5426,1510,789
5427,1510,791
5428,1512,789
5429,1510,790
5430,1511,788
5431,1510,789
5432,1508,789
5433,1511,790
5434,1511,788
5435,1510,789
5436,1510,789
5437,1510,790
5438,1510,789
5439,1510,789
5440,1510,788
5441,1511,790
5442,1511,789
5443,1511,788
5444,1510,789
5445,1511,788
5446,1511,789
5447,1509,789
5448,1512,790
5449,1511,789
5450,1511,789
5451,1510,789
5452,1510,789
5453,1511,788
5454,1510,791
5455,1510,788
5456,1512,787
5457,1512,788
5458,1511,789
5459,1511,789
5460,1511,787
5461,1510,789
5462,1512,788
5463,1510,788
5464,1512,789
5465,1512,789
5466,1511,789
5467,1510,789
5468,1510,787
5469,1511,787
5470,1511,788
5471,1510,789
5472,1511,790
5473,1511,788
5474,1510,789
5475,1510,789
5476,1511,789
5477,1511,789
5478,1511,789
5479,1511,789
5480,1511,789
5481,1510,789
5482,1511,787
5483,1511,787
5484,1510,789
5485,1510,789
5486,1510,789
5487,1510,787
5488,1511,789
5489,1511,787
5490,1511,789
5491,1511,789
5492,1511,787
5493,1511,788
5494,1510,789
5495,1511,791
5496,1510,788
5497,1511,788
5498,1511,789
5499,1511,789
5500,1511,788
5501,1511,788
5502,1511,789
5503,1510,789
5504,1511,787
5505,1511,787
5506,1512,789
5507,1510,789
5508,1510,789
5509,1511,789
5510,1511,791
5511,1511,789
5512,1510,789
5513,1510,788
5514,1510,789
5515,1512,788
5516,1510,787
5517,1510,787
5518,1510,787
5519,1511,788
5520,1511,787
5521,1506,787
5522,1512,787
5523,1511,787
5524,1510,786
5525,1510,789
5526,1510,789
5527,1510,789
5528,1510,787
5529,1511,783
5530,1511,787
5531,1511,787
5532,1510,787
5533,1511,786
5534,1510,787
5535,1511,787
5536,1511,786
5537,1511,786
5538,1511,787
5539,1511,783
5540,1510,787
5541,1510,787
5542,1510,787
5543,1510,787
5544,1511,787
5545,1511,785
5546,1512,785
5547,1511,783
5548,1510,783
5549,1510,783
5550,1511,783
5551,1510,782
5552,1511,783
5553,1512,783
5554,1510,785
5555,1511,781
5556,1511,783
5557,1510,781
5558,1510,781
5559,1510,781
5560,1510,781
5561,1511,781
5562,1510,781
5563,1509,781
5564,1511,782
5565,1511,779
5566,1511,780
5567,1510,781
5568,1510,779
5569,1511,779
5570,1511,779
5571,1510,779
5572,1510,778
5573,1511,778
5574,1510,778
5575,1511,777
5576,1510,777
5577,1511,776
5578,1510,776
5579,1511,776
5580,1511,777
5581,1510,775
5582,1511,777
5583,1511,775
5584,1511,775
5585,1511,774
5586,1511,775
5587,1510,775
5588,1510,775
5589,1510,775
5590,1511,774
5591,1511,773
5592,1512,775
5593,1511,773
5594,1511,774
5595,1511,767
5596,1511,767
5597,1512,767
5598,1512,767
5599,1512,767
5600,1511,765
5601,1511,765
5602,1510,765
5603,1511,765
5604,1510,765
5605,1512,764
5606,1510,766
5607,1511,763
5608,1511,763
5609,1511,764
5610,1512,763
5611,1510,764
5612,1511,764
5613,1511,763
5614,1511,761
5615,1510,761
5616,1511,763
5617,1510,761
5618,1510,762
5619,1510,761
5620,1510,761
5621,1510,761
5622,1511,760
5623,1510,760
5624,1512,760
5625,1511,761
5626,1511,760
5627,1510,761
5628,1512,759
5629,1511,759
5630,1511,758
5631,1510,757
5632,1511,757
5633,1510,759
5634,1511,759
5635,1511,759
5636,1511,759
5637,1511,756
5638,1511,757
5639,1511,757
5640,1511,755
5641,1510,757
5642,1510,757
5643,1510,757
5644,1511,757
5645,1511,756
5646,1510,757
5647,1511,757
5648,1511,756
5649,1510,755
5650,1511,757
5651,1510,755
5652,1510,755
5653,1511,757
5654,1511,755
5655,1511,755
5656,1511,756
5657,1510,752
5658,1512,755
5659,1511,754
5660,1510,751
5661,1511,756
5662,1510,752
5663,1512,751
5664,1511,751
5665,1510,751
5666,1511,751
5667,1510,755
5668,1511,751
5669,1510,752
5670,1511,749
5671,1510,751
5672,1510,751
5673,1510,750
5674,1511,749
5675,1510,750
5676,1511,751
5677,1511,749
5678,1511,751
5679,1510,748
5680,1511,749
5681,1510,749
5682,1511,747
5683,1511,747
5684,1511,747
5685,1510,749
5686,1510,747
5687,1512,747
5688,1511,746
5689,1511,746
5690,1510,746
5691,1511,747
5692,1511,746
5693,1511,745
5694,1510,747
5695,1511,747
5696,1511,745
5697,1510,745
5698,1510,745
5699,1511,747
5700,1510,745
5701,1511,744
5702,1510,745
5703,1511,745
5704,1510,744
5705,1510,744
5706,1510,743
5707,1510,744
5708,1511,745
5709,1511,744
5710,1511,743
5711,1511,743
5712,1510,743
5713,1511,743
5714,1510,741
5715,1512,742
5716,1511,741
5717,1511,741
5718,1510,741
5719,1510,740
5720,1511,739
5721,1510,739
5722,1510,739
5723,1510,735
5724,1511,735
5725,1511,739
5726,1511,736
5727,1511,739
5728,1511,739
5729,1510,735
5730,1510,737
5731,1510,733
5732,1510,734
5733,1511,733
5734,1511,733
5735,1511,733
5736,1511,733
5737,1510,731
5738,1511,731
5739,1511,731
5740,1510,730
5741,1511,730
5742,1510,729
5743,1510,729
5744,1510,728
5745,1510,729
5746,1512,727
5747,1511,727
5748,1511,727
5749,1511,727
5750,1511,725
5751,1511,725
5752,1510,727
5753,1512,726
5754,1510,725
5755,1512,724
5756,1511,723
5757,1510,723
5758,1511,722
5759,1511,723
5760,1511,722
5761,1511,721
5762,1510,719
5763,1511,719
5764,1510,718
5765,1511,718
5766,1511,717
5767,1510,717
5768,1512,717
5769,1510,717
5770,1510,715
5771,1510,713
5772,1510,714
5773,1511,713
5774,1511,712
5775,1510,712
5776,1511,711
5777,1511,711
5778,1510,711
5779,1510,711
5780,1512,711
5781,1511,711
5782,1511,711
5783,1511,709
5784,1511,703
5785,1511,703
5786,1511,708
5787,1511,703
5788,1511,703
5789,1510,703
5790,1511,701
5791,1511,701
5792,1510,701
5793,1510,701
5794,1510,701
5795,1511,699
5796,1512,701
5797,1511,699
5798,1512,701
5799,1511,699
5800,1510,699
5801,1511,699
5802,1512,698
5803,1511,696
5804,1512,697
5805,1512,699
5806,1512,697
5807,1511,697
5808,1511,697
5809,1512,697
5810,1512,697
5811,1512,694
5812,1512,695
5813,1511,695
5814,1512,696
5815,1511,695
5816,1512,695
5817,1511,694
5818,1511,695
5819,1512,693
5820,1511,695
5821,1510,695
5822,1510,693
5823,1510,693
5824,1511,692
5825,1511,691
5826,1510,693
5827,1510,691
5828,1510,691
5829,1511,691
5830,1511,691
5831,1510,691
5832,1511,688
5833,1510,691
5834,1510,691
5835,1511,691
5836,1511,690
5837,1510,691
5838,1510,691
5839,1511,693
5840,1510,691
5841,1511,687
5842,1511,687
5843,1510,688
5844,1511,687
5845,1510,688
5846,1510,687
5847,1511,688
5848,1511,688
5849,1512,687
5850,1510,687
5851,1511,687
5852,1512,686
5853,1511,687
5854,1511,685
5855,1511,687
5856,1512,686
5857,1512,688
5858,1511,687
5859,1511,687
5860,1511,687
5861,1510,687
5862,1510,685
5863,1511,685
5864,1511,687
5865,1511,686
5866,1511,687
5867,1511,687
5868,1512,687
5869,1511,687
5870,1511,688
5871,1511,688
5872,1512,687
5873,1511,687
5874,1512,686
5875,1510,687
5876,1511,688
5877,1511,685
5878,1511,687
5879,1512,687
5880,1511,689
5881,1511,686
5882,1511,687
5883,1511,687
5884,1510,687
5885,1512,685
5886,1511,687
5887,1511,687
5888,1511,685
5889,1510,687
5890,1511,685
5891,1511,686
5892,1511,685
5893,1512,687
5894,1511,687
5895,1512,687
5896,1510,687
5897,1512,688
5898,1510,687
5899,1512,685
5900,1511,686
5901,1511,687
5902,1511,687
5903,1511,687
5904,1511,690
5905,1511,687
5906,1512,687
5907,1512,687
5908,1511,687
5909,1511,687
5910,1511,687
5911,1512,687
5912,1511,687
5913,1511,687
5914,1511,687
5915,1511,687
5916,1511,687
5917,1511,687
5918,1511,687
5919,1511,687
5920,1510,687
5921,1510,687
5922,1510,687
5923,1512,687
5924,1512,687
5925,1510,686
5926,1510,687
5927,1510,687
5928,1511,687
5929,1511,687
5930,1512,686
5931,1511,685
5932,1511,687
5933,1511,686
5934,1510,687
5935,1511,687
5936,1511,687
5937,1510,687
5938,1510,687
5939,1511,687
5940,1510,686
5941,1511,687
5942,1511,687
5943,1511,687
5944,1510,687
5945,1510,687
5946,1511,687
5947,1510,687
5948,1511,686
5949,1510,687
5950,1511,685
5951,1510,685
5952,1511,685
5953,1510,687
5954,1511,687
5955,1512,690
5956,1510,685
5957,1512,686
5958,1511,687
5959,1510,686
5960,1512,687
5961,1510,687
5962,1511,687
5963,1511,687
5964,1511,687
5965,1512,687
5966,1511,687
5967,1511,687
5968,1511,686
5969,1511,685
5970,1510,686
5971,1511,685
5972,1511,687
5973,1512,687
5974,1510,686
5975,1510,685
5976,1510,687
5977,1511,685
5978,1511,687
5979,1510,685
5980,1510,687
5981,1511,685
5982,1511,685
5983,1511,684
5984,1511,685
5985,1511,685
5986,1512,685
5987,1511,685
5988,1511,683
5989,1511,685
5990,1512,685
5991,1511,685
5992,1510,685
5993,1511,684
5994,1511,685
5995,1512,685
5996,1511,685
5997,1510,685
5998,1510,686
5999,1512,687
6000,1511,686
6001,1511,687
6002,1511,685
6003,1510,685
6004,1510,685
6005,1511,687
6006,1511,686
6007,1510,686
6008,1510,686
6009,1510,685
6010,1511,685
6011,1510,687
6012,1510,685
6013,1511,687
6014,1510,686
6015,1511,686
6016,1510,685
6017,1510,685
6018,1510,686
6019,1510,686
6020,1510,685
6021,1510,685
6022,1510,685
6023,1511,685
6024,1511,685
6025,1510,685
6026,1510,684
6027,1510,685
6028,1510,685
6029,1510,683
6030,1511,685
6031,1508,683
6032,1511,684
6033,1511,684
6034,1510,685
6035,1511,683
6036,1510,685
6037,1510,684
6038,1511,685
6039,1511,684
6040,1511,685
6041,1512,685
6042,1510,683
6043,1510,685
6044,1512,685
6045,1511,683
6046,1511,685
6047,1511,683
6048,1511,683
6049,1511,684
6050,1510,683
6051,1511,684
6052,1510,684
6053,1512,683
6054,1512,685
6055,1511,684
6056,1510,685
6057,1510,683
6058,1510,685
6059,1511,683
6060,1511,685
6061,1511,683
6062,1510,685
6063,1511,683
6064,1510,683
6065,1511,683
6066,1511,683
6067,1510,682
6068,1511,683
6069,1510,683
6070,1510,683
6071,1511,683
6072,1511,683
6073,1511,684
6074,1511,683
6075,1511,683
6076,1510,682
6077,1511,684
6078,1511,684
6079,1511,683
6080,1512,682
6081,1510,683
6082,1510,681
6083,1510,683
6084,1511,681
6085,1510,683
6086,1511,683
6087,1511,683
6088,1511,683
6089,1511,682
6090,1510,683
6091,1512,683
6092,1511,682
6093,1510,683
6094,1510,682
6095,1512,683
6096,1512,683
6097,1510,683
6098,1510,683
6099,1510,683
6100,1510,683
6101,1510,683
6102,1510,683
6103,1511,683
6104,1511,682
6105,1512,681
6106,1510,683
6107,1511,682
6108,1511,683
6109,1510,683
6110,1510,682
6111,1511,683
6112,1510,683
6113,1510,683
6114,1511,683
6115,1511,683
6116,1511,681
6117,1510,683
6118,1511,683
6119,1510,683
6120,1510,681
6121,1510,683
6122,1510,681
6123,1510,683
6124,1511,681
6125,1510,683
6126,1511,683
6127,1510,683
6128,1510,685
6129,1511,681
6130,1511,681
6131,1511,681
6132,1510,681
6133,1510,677
6134,1510,683
6135,1510,683
6136,1511,682
6137,1510,680
6138,1511,682
6139,1511,681
6140,1510,681
6141,1512,681
6142,1510,683
6143,1510,683
6144,1510,683
6145,1511,683
6146,1510,682
6147,1511,683
6148,1510,682
6149,1510,684
6150,1512,681
6151,1511,683
6152,1510,683
6153,1511,681
6154,1510,683
6155,1510,683
6156,1511,683
6157,1511,683
6158,1511,682
6159,1511,683
6160,1512,683
6161,1511,682
6162,1510,681
6163,1510,683
6164,1510,683
6165,1510,683
6166,1512,683
6167,1511,683
6168,1512,682
6169,1511,683
6170,1510,683
6171,1511,683
6172,1510,683
6173,1511,682
6174,1511,685
6175,1510,683
6176,1512,683
6177,1510,683
6178,1510,685
6179,1512,683
6180,1511,682
6181,1511,681
6182,1512,682
6183,1511,681
6184,1511,681
6185,1510,682
6186,1511,681
6187,1511,682
6188,1510,681
6189,1510,682
6190,1509,681
6191,1511,682
6192,1511,681
6193,1512,681
6194,1511,683
6195,1510,683
6196,1512,683
6197,1510,683
6198,1511,683
6199,1511,682
6200,1510,683
6201,1510,685
6202,1510,684
6203,1511,684
6204,1510,683
6205,1511,683
6206,1511,683
6207,1511,683
6208,1510,685
6209,1511,683
6210,1511,683
6211,1511,684
6212,1511,683
6213,1511,683
6214,1511,683
6215,1511,683
6216,1510,682
6217,1510,684
6218,1510,683
6219,1512,684
6220,1510,683
6221,1511,683
6222,1510,685
6223,1511,683
6224,1511,683
6225,1511,683
6226,1511,683
6227,1510,683
6228,1510,683
6229,1511,683
6230,1511,681
6231,1510,684
6232,1510,685
6233,1510,684
6234,1511,683
6235,1510,683
6236,1509,684
6237,1510,683
6238,1510,683
6239,1511,683
6240,1511,683
6241,1510,684
6242,1510,684
6243,1511,685
6244,1510,684
6245,1511,683
6246,1511,685
6247,1510,683
6248,1511,684
6249,1510,682
6250,1511,685
6251,1510,685
6252,1510,685
6253,1511,685
6254,1511,685
6255,1510,685
6256,1510,684
6257,1511,684
6258,1510,685
6259,1511,684
6260,1511,685
6261,1510,685
6262,1510,685
6263,1510,684
6264,1510,685
6265,1510,684
6266,1512,685
6267,1510,685
6268,1510,685
6269,1509,685
6270,1511,685
6271,1510,686
6272,1512,685
6273,1512,684
6274,1511,686
6275,1510,685
6276,1509,685
6277,1510,685
6278,1510,686
6279,1510,685
6280,1510,685
6281,1511,683
6282,1511,686
6283,1510,683
6284,1511,685
6285,1511,685
6286,1510,685
6287,1510,685
6288,1510,686
6289,1510,685
6290,1511,685
6291,1511,685
6292,1511,685
6293,1511,686
6294,1510,685
6295,1510,691
6296,1511,687
6297,1510,687
6298,1511,687
6299,1511,691
6300,1511,686
6301,1510,690
6302,1511,687
6303,1510,687
6304,1510,687
6305,1510,686
6306,1511,687
6307,1510,687
6308,1510,690
6309,1510,687
6310,1511,687
6311,1511,687
6312,1510,691
6313,1510,691
6314,1510,687
6315,1511,691
6316,1510,688
6317,1510,687
6318,1510,690
6319,1512,685
6320,1510,690
6321,1511,687
6322,1510,687
6323,1510,691
6324,1510,689
6325,1509,687
6326,1510,688
6327,1510,688
6328,1511,688
6329,1510,687
6330,1510,688
6331,1510,686
6332,1511,691
6333,1511,691
6334,1511,691
6335,1511,691
6336,1511,688
6337,1512,687
6338,1511,687
6339,1511,687
6340,1511,691
6341,1509,690
6342,1511,690
6343,1510,693
6344,1511,688
6345,1512,693
6346,1510,691
6347,1511,690
6348,1511,691
6349,1510,689
6350,1511,691
6351,1511,691
6352,1510,687
6353,1510,688
6354,1511,691
6355,1510,692
6356,1511,691
6357,1511,691
6358,1510,687
6359,1510,691
6360,1511,691
6361,1511,691
6362,1511,691
6363,1511,688
6364,1510,688
6365,1510,691
6366,1512,692
6367,1511,693
6368,1511,693
6369,1510,694
6370,1510,692
6371,1511,693
6372,1511,693
6373,1510,691
6374,1510,693
6375,1510,693
6376,1510,692
6377,1510,692
6378,1510,692
6379,1511,693
6380,1510,691
6381,1511,691
6382,1511,693
6383,1510,691
6384,1511,691
6385,1511,691
6386,1511,692
6387,1510,691
6388,1510,690
6389,1510,691
6390,1510,691
6391,1510,691
6392,1511,691
6393,1511,691
6394,1511,691
6395,1510,688
6396,1511,692
6397,1511,692
6398,1510,692
6399,1511,693
6400,1511,693
6401,1510,693
6402,1512,693
6403,1511,691
6404,1511,692
6405,1510,691
6406,1510,694
6407,1511,691
6408,1511,691
6409,1510,694
6410,1510,691
6411,1510,693
6412,1511,688
6413,1509,691
6414,1510,693
6415,1511,691
6416,1510,691
6417,1511,692
6418,1510,691
6419,1510,692
6420,1510,693
6421,1510,693
6422,1511,693
6423,1510,693
6424,1510,693
6425,1511,691
6426,1509,692
6427,1510,693
6428,1510,691
6429,1510,693
6430,1511,688
6431,1511,691
6432,1510,692
6433,1510,692
6434,1510,691
6435,1510,693
6436,1511,693
6437,1510,691
6438,1510,692
6439,1510,693
6440,1510,692
6441,1511,692
6442,1510,688
6443,1510,693
6444,1511,691
6445,1510,691
6446,1510,693
6447,1511,691
6448,1510,691
6449,1510,691
6450,1511,692
6451,1510,693
6452,1510,694
6453,1510,693
6454,1510,691
6455,1510,692
6456,1510,692
6457,1510,692
6458,1510,691
6459,1511,694
6460,1511,692
6461,1510,692
6462,1510,693
6463,1510,695
6464,1510,692
6465,1510,693
6466,1510,693
6467,1510,694
6468,1510,693
6469,1509,693
6470,1510,695
6471,1510,692
6472,1510,693
6473,1511,695
6474,1510,693
6475,1510,693
6476,1510,691
6477,1511,694
6478,1509,694
6479,1510,695
6480,1509,694
6481,1510,693
6482,1509,693
6483,1511,694
6484,1510,694
6485,1509,695
6486,1510,693
6487,1508,695
6488,1510,693
6489,1510,695
6490,1510,695
6491,1510,695
6492,1510,697
6493,1510,695
6494,1510,697
6495,1510,696
6496,1510,696
6497,1510,699
6498,1510,698
6499,1510,697
6500,1510,697
6501,1509,697
6502,1510,699
6503,1511,697
6504,1510,698
6505,1508,699
6506,1510,698
6507,1510,699
6508,1510,700
6509,1510,699
6510,1510,701
6511,1510,703
6512,1510,701
6513,1510,699
6514,1510,701
6515,1510,700
6516,1509,699
6517,1510,701
6518,1511,699
6519,1510,701
6520,1510,701
6521,1510,702
6522,1510,702
6523,1510,703
6524,1510,701
6525,1509,703
6526,1510,703
6527,1510,709
6528,1510,709
6529,1510,709
6530,1510,709
6531,1510,709
6532,1511,711
6533,1510,711
6534,1510,709
6535,1509,711
6536,1511,711
6537,1510,711
6538,1510,711
6539,1510,711
6540,1511,713
6541,1509,713
6542,1508,713
6543,1510,713
6544,1510,713
6545,1509,713
6546,1509,715
6547,1508,715
6548,1510,716
6549,1510,716
6550,1510,716
6551,1509,717
6552,1510,718
6553,1510,723
6554,1509,719
6555,1510,722
6556,1510,719
6557,1510,723
6558,1510,723
6559,1510,725
6560,1510,724
6561,1510,725
6562,1510,724
6563,1510,727
6564,1510,725
6565,1510,727
6566,1510,726
6567,1510,728
6568,1510,729
6569,1511,728
6570,1510,729
6571,1510,729
6572,1510,731
6573,1508,729
6574,1510,731
6575,1510,730
6576,1510,730
6577,1509,731
6578,1510,733
6579,1509,735
6580,1511,735
6581,1510,733
6582,1510,733
6583,1510,739
6584,1510,735
6585,1511,734
6586,1510,735
6587,1510,734
6588,1510,735
6589,1510,734
6590,1510,738
6591,1510,735
6592,1511,735
6593,1510,737
6594,1510,735
6595,1510,739
6596,1510,738
6597,1510,734
6598,1510,737
6599,1509,738
6600,1510,733
6601,1510,737
6602,1510,739
6603,1510,735
6604,1510,734
6605,1510,735
6606,1510,735
6607,1510,737
6608,1510,739
6609,1509,738
6610,1511,735
6611,1510,734
6612,1508,735
6613,1510,735
6614,1510,735
6615,1510,735
6616,1511,735
6617,1511,737
6618,1510,735
6619,1511,739
6620,1510,735
6621,1510,738
6622,1510,735
6623,1510,737
6624,1510,733
6625,1510,735
6626,1510,735
6627,1510,735
6628,1510,734
6629,1510,733
6630,1510,733
6631,1510,733
6632,1510,731
6633,1510,735
6634,1511,803
6635,1510,733
6636,1509,733
6637,1510,733
6638,1510,733
6639,1511,734
6640,1510,735
6641,1510,735
6642,1510,734
6643,1510,737
6644,1509,735
6645,1510,739
6646,1510,735
6647,1508,733
6648,1510,735
6649,1509,735
6650,1510,735
6651,1510,733
6652,1510,735
6653,1510,734
6654,1510,737
6655,1510,733
6656,1508,735
6657,1510,733
6658,1509,734
6659,1510,734
6660,1510,735
6661,1510,737
6662,1509,735
6663,1510,733
6664,1510,735
6665,1510,733
6666,1508,735
6667,1510,733
6668,1510,735
6669,1510,734
6670,1510,735
6671,1510,733
6672,1510,735
6673,1511,737
6674,1508,734
6675,1510,735
6676,1510,734
6677,1510,734
6678,1510,737
6679,1510,734
6680,1508,737
6681,1510,735
6682,1510,743
6683,1510,734
6684,1510,735
6685,1509,735
6686,1510,735
6687,1510,735
6688,1508,737
6689,1509,735
6690,1509,735
6691,1511,733
6692,1510,735
6693,1510,735
6694,1510,735
6695,1508,739
6696,1510,738
6697,1510,739
6698,1509,738
6699,1510,739
6700,1510,739
6701,1510,738
6702,1510,739
6703,1511,739
6704,1510,739
6705,1511,740
6706,1510,739
6707,1510,740
6708,1509,741
6709,1510,741
6710,1509,740
6711,1510,741
6712,1509,741
6713,1511,741
6714,1510,741
6715,1510,741
6716,1510,742
6717,1510,740
6718,1511,741
6719,1510,741
6720,1508,743
6721,1510,743
6722,1510,742
6723,1509,743
6724,1510,743
6725,1510,743
6726,1509,741
6727,1508,743
6728,1508,744
6729,1510,743
6730,1510,743
6731,1508,743
6732,1508,744
6733,1510,743
6734,1508,743
6735,1508,744
6736,1510,743
6737,1510,743
6738,1510,743
6739,1510,745
6740,1510,745
6741,1510,742
6742,1508,745
6743,1510,746
6744,1510,744
6745,1510,745
6746,1510,745
6747,1510,745
6748,1511,747
6749,1510,745
6750,1509,745
6751,1511,745
6752,1510,744
6753,1511,745
6754,1510,747
6755,1510,745
6756,1510,745
6757,1510,745
6758,1509,747
6759,1510,746
6760,1510,746
6761,1510,746
6762,1510,745
6763,1510,747
6764,1510,748
6765,1510,747
6766,1510,746
6767,1508,748
6768,1510,748
6769,1508,747
6770,1510,749
6771,1511,749
6772,1510,749
6773,1511,749
6774,1509,749
6775,1510,750
6776,1510,750
6777,1508,751
6778,1510,755
6779,1509,751
6780,1510,755
6781,1510,756
6782,1510,756
6783,1510,751
6784,1510,755
6785,1510,757
6786,1508,757
6787,1510,757
6788,1510,758
6789,1508,757
6790,1510,757
6791,1510,759
6792,1510,759
6793,1510,760
6794,1510,761
6795,1510,763
6796,1508,763
6797,1510,762
6798,1510,763
6799,1510,767
6800,1509,765
6801,1510,767
6802,1510,767
6803,1510,772
6804,1510,772
6805,1508,774
6806,1508,774
6807,1510,773
6808,1509,776
6809,1509,775
6810,1508,777
6811,1510,777
6812,1510,779
6813,1510,779
6814,1510,779
6815,1510,780
6816,1509,781
6817,1510,779
6818,1508,782
6819,1510,783
6820,1510,781
6821,1509,782
6822,1510,783
6823,1510,787
6824,1510,787
6825,1509,787
6826,1509,788
6827,1510,787
6828,1510,788
6829,1510,791
6830,1510,789
6831,1510,790
6832,1510,791
6833,1509,789
6834,1508,791
6835,1510,791
6836,1510,791
6837,1509,792
6838,1510,793
6839,1510,792
6840,1510,792
6841,1508,795
6842,1510,793
6843,1510,793
6844,1510,794
6845,1509,795
6846,1508,793
6847,1510,795
6848,1510,793
6849,1510,794
6850,1510,796
6851,1510,795
6852,1510,795
6853,1511,795
6854,1510,795
6855,1510,795
6856,1510,795
6857,1509,797
6858,1509,797
6859,1510,795
6860,1508,797
6861,1510,797
6862,1510,795
6863,1510,797
6864,1508,795
6865,1510,796
6866,1510,795
6867,1510,797
6868,1509,794
6869,1508,796
6870,1508,797
6871,1509,797
6872,1510,795
6873,1508,795
6874,1510,795
6875,1508,797
6876,1508,795
6877,1509,796
6878,1508,796
6879,1510,799
6880,1509,795
6881,1510,797
6882,1510,796
6883,1509,796
6884,1509,795
6885,1510,795
6886,1510,795
6887,1510,795
6888,1509,795
6889,1509,795
6890,1510,795
6891,1510,793
6892,1510,795
6893,1510,795
6894,1510,789
6895,1508,811
6896,1509,795
6897,1511,782
6898,1508,799
6899,1511,795
6900,1510,810
6901,1508,782
6902,1507,792
6903,1508,794
6904,1506,812
6905,1510,791
6906,1508,785
6907,1506,787
6908,1511,782
6909,1507,779
6910,1506,806
6911,1510,796
6912,1512,781
6913,1510,790
6914,1512,785
6915,1511,791
6916,1510,795
6917,1505,789
6918,1511,787
6919,1512,780
6920,1512,809
6921,1511,807
6922,1512,786
6923,1508,811
6924,1506,793
6925,1507,781
6926,1511,795
6927,1510,795
6928,1510,795
6929,1509,796
6930,1510,796
6931,1510,795
6932,1508,795
6933,1508,795
6934,1510,795
6935,1508,795
6936,1508,795
6937,1508,797
6938,1510,797
6939,1508,795
6940,1509,794
6941,1510,796
6942,1509,795
6943,1510,795
6944,1510,794
6945,1510,795
6946,1509,795
6947,1511,795
6948,1509,797
6949,1510,794
6950,1510,795
6951,1508,795
6952,1508,795
6953,1510,795
6954,1510,795
6955,1510,795
6956,1511,797
6957,1510,796
6958,1510,795
6959,1509,795
6960,1510,795
6961,1510,795
6962,1508,795
6963,1510,796
6964,1510,796
6965,1510,793
6966,1510,795
6967,1510,793
6968,1510,796
6969,1510,795
6970,1508,795
6971,1510,793
6972,1510,795
6973,1511,796
6974,1511,797
6975,1508,793
6976,1510,793
6977,1509,794
6978,1510,795
6979,1510,796
6980,1511,795
6981,1508,797
6982,1510,797
6983,1510,795
6984,1510,794
6985,1511,794
6986,1510,795
6987,1510,795
6988,1510,793
6989,1510,795
6990,1510,795
6991,1508,795
6992,1509,795
6993,1510,793
6994,1510,796
6995,1510,795
6996,1510,795
6997,1511,794
6998,1511,795
6999,1510,795
7000,1511,793
7001,1511,795
7002,1510,795
7003,1510,796
7004,1511,795
7005,1510,795
7006,1510,796
7007,1510,795
7008,1510,795
7009,1511,795
7010,1510,794
7011,1510,794
7012,1510,793
7013,1510,795
7014,1510,795
7015,1510,794
7016,1510,793
7017,1508,795
7018,1509,794
7019,1509,793
7020,1510,794
7021,1510,795
7022,1510,793
7023,1511,795
7024,1510,794
7025,1510,793
7026,1510,793
7027,1510,795
7028,1510,794
7029,1510,792
7030,1510,793
7031,1510,793
7032,1510,793
7033,1510,792
7034,1510,793
7035,1510,791
7036,1510,791
7037,1510,791
7038,1511,791
7039,1510,791
7040,1510,792
7041,1510,792
7042,1510,792
7043,1510,791
7044,1508,791
7045,1510,791
7046,1510,789
7047,1510,790
7048,1510,791
7049,1509,791
7050,1510,791
7051,1510,791
7052,1510,789
7053,1510,789
7054,1509,791
7055,1510,789
7056,1510,789
7057,1510,789
7058,1510,787
7059,1510,787
7060,1510,787
7061,1510,789
7062,1510,789
7063,1510,787
7064,1510,787
7065,1510,787
7066,1509,787
7067,1510,787
7068,1510,786
7069,1510,787
7070,1508,788
7071,1510,787
7072,1509,787
7073,1509,787
7074,1509,787
7075,1508,785
7076,1510,783
7077,1508,787
7078,1509,787
7079,1508,785
7080,1510,786
7081,1510,783
7082,1511,783
7083,1510,783
7084,1510,781
7085,1509,782
7086,1510,783
7087,1510,781
7088,1510,782
7089,1509,781
7090,1510,781
7091,1510,781
7092,1510,781
7093,1510,781
7094,1510,781
7095,1508,781
7096,1509,786
7097,1510,781
7098,1511,779
7099,1510,780
7100,1510,781
7101,1510,781
7102,1510,781
7103,1510,780
7104,1510,780
7105,1510,781
7106,1510,781
7107,1510,781
7108,1510,780
7109,1510,779
7110,1510,778
7111,1510,780
7112,1510,780
7113,1508,779
7114,1510,779
7115,1508,779
7116,1510,779
7117,1510,778
7118,1510,778
7119,1510,777
7120,1510,778
7121,1508,777
7122,1510,777
7123,1508,777
7124,1510,777
7125,1510,777
7126,1509,777
7127,1510,778
7128,1510,777
7129,1510,775
7130,1511,776
7131,1510,775
7132,1508,775
7133,1510,776
7134,1510,777
7135,1510,775
7136,1509,774
7137,1510,776
7138,1510,775
7139,1510,768
7140,1509,775
7141,1510,775
7142,1510,776
7143,1508,775
7144,1510,776
7145,1510,775
7146,1510,775
7147,1510,775
7148,1510,775
7149,1510,775
7150,1510,775
7151,1510,775
7152,1510,774
7153,1510,775
7154,1510,775
7155,1508,773
7156,1510,775
7157,1509,775
7158,1510,773
7159,1509,774
7160,1510,775
7161,1510,775
7162,1510,773
7163,1510,775
7164,1510,774
7165,1510,774
7166,1510,773
7167,1510,774
7168,1508,775
7169,1508,773
7170,1510,773
7171,1510,773
7172,1510,767
7173,1510,773
7174,1510,766
7175,1509,773
7176,1510,767
7177,1511,773
7178,1508,774
7179,1510,768
7180,1510,773
7181,1508,767
7182,1510,773
7183,1510,765
7184,1511,767
7185,1510,767
7186,1510,765
7187,1510,765
7188,1510,767
7189,1510,766
7190,1510,767
7191,1510,766
7192,1510,766
7193,1510,765
7194,1510,767
7195,1510,767
7196,1510,767
7197,1510,765
7198,1510,765
7199,1510,765
7200,1510,766
7201,1510,765
7202,1510,765
7203,1510,765
7204,1509,766
7205,1510,765
7206,1510,766
7207,1510,765
7208,1510,765
7209,1511,765
7210,1510,766
7211,1509,765
7212,1510,765
7213,1510,767
7214,1510,767
7215,1511,765
7216,1510,767
7217,1510,764
7218,1510,765
7219,1508,763
7220,1510,765
7221,1510,764
7222,1510,765
7223,1510,767
7224,1509,763
7225,1510,765
7226,1510,765
7227,1510,765
7228,1510,766
7229,1509,767
7230,1510,766
7231,1510,765
7232,1510,766
7233,1510,765
7234,1510,765
7235,1510,765
7236,1509,765
7237,1510,765
7238,1510,764
7239,1510,765
7240,1510,764
7241,1510,765
7242,1509,765
7243,1510,765
7244,1510,764
7245,1510,765
7246,1508,764
7247,1511,763
7248,1510,765
7249,1510,763
7250,1511,766
7251,1510,765
7252,1510,763
7253,1511,763
7254,1510,765
7255,1510,764
7256,1510,765
7257,1510,765
7258,1510,764
7259,1508,765
7260,1510,764
7261,1508,766
7262,1510,765
7263,1508,765
7264,1510,765
7265,1509,764
7266,1511,765
7267,1511,763
7268,1510,765
7269,1509,765
7270,1510,765
7271,1510,764
7272,1510,765
7273,1510,763
7274,1510,764
7275,1509,766
7276,1508,763
7277,1510,763
7278,1510,763
7279,1510,765
7280,1509,763
7281,1509,765
7282,1510,763
7283,1508,763
7284,1510,761
7285,1510,763
7286,1509,761
7287,1510,761
7288,1510,759
7289,1510,761
7290,1509,761
7291,1510,760
7292,1510,760
7293,1510,761
7294,1509,759
7295,1510,760
7296,1510,760
7297,1510,759
7298,1510,759
7299,1510,759
7300,1511,757
7301,1510,758
7302,1510,759
7303,1510,759
7304,1510,756
7305,1510,757
7306,1510,751
7307,1510,757
7308,1510,757
7309,1510,756
7310,1510,756
7311,1510,756
7312,1510,755
7313,1510,755
7314,1510,752
7315,1510,755
7316,1510,755
7317,1510,755
7318,1509,751
7319,1509,751
7320,1510,751
7321,1508,751
7322,1508,751
7323,1508,749
7324,1508,749
7325,1510,749
7326,1510,748
7327,1508,749
7328,1509,749
7329,1510,749
7330,1510,748
7331,1510,749
7332,1510,747
7333,1510,747
7334,1510,747
7335,1510,747
7336,1511,747
7337,1510,747
7338,1510,747
7339,1510,745
7340,1509,749
7341,1509,745
7342,1510,747
7343,1510,745
7344,1510,745
7345,1510,746
7346,1508,745
7347,1510,745
7348,1509,745
7349,1510,743
7350,1510,747
7351,1510,745
7352,1510,743
7353,1510,743
7354,1510,743
7355,1510,743
7356,1510,743
7357,1508,743
7358,1509,743
7359,1509,743
7360,1510,743
7361,1510,743
7362,1511,742
7363,1509,741
7364,1509,742
7365,1510,741
7366,1508,741
7367,1508,743
7368,1510,740
7369,1510,739
7370,1510,740
7371,1510,739
7372,1511,740
7373,1510,739
7374,1510,739
7375,1510,737
7376,1508,739
7377,1510,739
7378,1508,739
7379,1508,737
7380,1510,735
7381,1510,735
7382,1510,734
7383,1510,733
7384,1510,733
7385,1509,733
7386,1511,733
7387,1510,733
7388,1510,732
7389,1510,733
7390,1508,731
7391,1510,731
7392,1509,731
7393,1510,731
7394,1510,733
7395,1510,731
7396,1510,731
7397,1511,730
7398,1510,731
7399,1510,729
7400,1511,731
7401,1511,729
7402,1510,731
7403,1511,729
7404,1510,727
7405,1510,729
7406,1510,728
7407,1511,729
7408,1510,728
7409,1510,727
7410,1511,727
7411,1508,727
7412,1510,727
7413,1510,727
7414,1511,727
7415,1510,727
7416,1511,727
7417,1511,725
7418,1510,727
7419,1510,725
7420,1511,725
7421,1510,725
7422,1510,723
7423,1509,723
7424,1510,724
7425,1508,723
7426,1511,723
7427,1510,720
7428,1510,722
7429,1509,721
7430,1510,723
7431,1510,723
7432,1511,723
7433,1510,722
7434,1510,723
7435,1510,719
7436,1509,719
7437,1510,719
7438,1510,717
7439,1510,716
7440,1510,717
7441,1509,717
7442,1510,719
7443,1510,716
7444,1510,717
7445,1510,715
7446,1510,715
7447,1510,715
7448,1510,715
7449,1511,715
7450,1510,715
7451,1510,715
7452,1510,713
7453,1510,714
7454,1510,713
7455,1511,712
7456,1510,713
7457,1510,713
7458,1511,711
7459,1510,711
7460,1510,712
7461,1510,711
7462,1510,711
7463,1510,711
7464,1510,711
7465,1510,711
7466,1510,711
7467,1510,711
7468,1510,710
7469,1510,711
7470,1510,710
7471,1509,709
7472,1510,709
7473,1510,701
7474,1510,701
7475,1510,701
7476,1508,702
7477,1511,701
7478,1510,700
7479,1510,700
7480,1510,699
7481,1510,701
7482,1510,699
7483,1510,697
7484,1508,699
7485,1510,697
7486,1511,697
7487,1510,697
7488,1509,696
7489,1510,695
7490,1509,695
7491,1510,695
7492,1511,694
7493,1510,694
7494,1510,695
7495,1511,693
7496,1510,693
7497,1511,693
7498,1511,691
7499,1510,691
7500,1511,691
7501,1510,691
7502,1508,688
7503,1510,691
7504,1510,690
7505,1510,690
7506,1510,688
7507,1510,687
7508,1510,687
7509,1508,687
7510,1510,687
7511,1510,686
7512,1510,687
7513,1510,684
7514,1510,685
7515,1511,683
7516,1510,683
7517,1510,683
7518,1510,683
7519,1510,681
7520,1510,682
7521,1510,681
7522,1510,683
7523,1510,681
7524,1509,679
7525,1510,679
7526,1510,679
7527,1510,680
7528,1510,680
7529,1510,677
7530,1511,677
7531,1510,678
7532,1511,676
7533,1510,676
7534,1511,677
7535,1511,675
7536,1510,677
7537,1510,677
7538,1511,675
7539,1511,675
7540,1510,675
7541,1510,676
7542,1510,677
7543,1510,675
7544,1510,675
7545,1510,675
7546,1509,675
7547,1511,672
7548,1510,672
7549,1508,675
7550,1511,675
7551,1510,671
7552,1510,671
7553,1509,670
7554,1510,670
7555,1511,671
7556,1510,671
7557,1510,669
7558,1508,670
7559,1510,669
7560,1510,670
7561,1510,669
7562,1510,669
7563,1510,669
7564,1510,667
7565,1510,669
7566,1510,668
7567,1510,669
7568,1510,668
7569,1510,667
7570,1510,666
7571,1509,667
7572,1511,665
7573,1510,666
7574,1508,667
7575,1510,665
7576,1510,665
7577,1510,665
7578,1510,662
7579,1509,664
7580,1511,663
7581,1508,663
7582,1510,661
7583,1508,663
7584,1510,662
7585,1510,661
7586,1510,661
7587,1510,661
7588,1510,661
7589,1510,661
7590,1510,659
7591,1510,661
7592,1510,659
7593,1510,659
7594,1510,661
7595,1510,655
7596,1510,658
7597,1510,659
7598,1510,655
7599,1508,655
7600,1510,655
7601,1510,655
7602,1509,654
7603,1510,655
7604,1510,653
7605,1510,652
7606,1509,653
7607,1510,651
7608,1510,652
7609,1508,652
7610,1510,651
7611,1509,651
7612,1511,650
7613,1508,651
7614,1509,649
7615,1510,649
7616,1510,648
7617,1509,649
7618,1510,648
7619,1510,648
7620,1510,647
7621,1510,647
7622,1510,647
7623,1510,645
7624,1510,640
7625,1510,639
7626,1510,639
7627,1510,645
7628,1508,645
7629,1510,636
7630,1510,637
7631,1510,637
7632,1511,637
7633,1510,636
7634,1510,637
7635,1510,637
7636,1510,635
7637,1510,635
7638,1510,633
7639,1508,634
7640,1510,635
7641,1510,634
7642,1510,633
7643,1508,633
7644,1510,633
7645,1509,631
7646,1510,632
7647,1508,631
7648,1510,629
7649,1508,628
7650,1510,631
7651,1508,629
7652,1510,629
7653,1510,629
7654,1508,631
7655,1510,627
7656,1510,626
7657,1508,627
7658,1510,623
7659,1508,627
7660,1510,623
7661,1508,621
7662,1509,622
7663,1510,621
7664,1509,623
7665,1508,621
7666,1510,619
7667,1508,620
7668,1510,618
7669,1510,619
7670,1510,618
7671,1510,617
7672,1510,615
7673,1510,617
7674,1508,616
7675,1510,615
7676,1508,615
7677,1510,615
7678,1510,614
7679,1510,614
7680,1510,612
7681,1508,613
7682,1510,611
7683,1510,611
7684,1510,607
7685,1510,611
7686,1510,607
7687,1510,607
7688,1510,605
7689,1510,605
7690,1509,605
7691,1510,605
7692,1510,605
7693,1510,603
7694,1510,605
7695,1510,603
7696,1509,603
7697,1510,603
7698,1509,603
7699,1510,601
7700,1508,599
7701,1510,601
7702,1510,602
7703,1510,599
7704,1510,601
7705,1509,599
7706,1509,599
7707,1509,599
7708,1510,599
7709,1510,599
7710,1510,597
7711,1509,599
7712,1508,597
7713,1510,597
7714,1510,597
7715,1511,595
7716,1510,595
7717,1509,595
7718,1509,596
7719,1510,591
7720,1510,591
7721,1509,593
7722,1510,591
7723,1510,593
7724,1508,589
7725,1508,589
7726,1508,589
7727,1508,589
7728,1509,588
7729,1508,589
7730,1510,587
7731,1510,587
7732,1510,587
7733,1509,585
7734,1508,585
7735,1509,587
7736,1508,586
7737,1508,585
7738,1510,585
7739,1508,584
7740,1510,585
7741,1510,585
7742,1510,585
7743,1510,583
7744,1510,584
7745,1510,584
7746,1510,582
7747,1508,583
7748,1508,583
7749,1508,581
7750,1509,581
7751,1510,579
7752,1510,582
7753,1510,581
7754,1510,576
7755,1510,575
7756,1508,575
7757,1510,581
7758,1509,582
7759,1510,580
7760,1508,579
7761,1510,581
7762,1510,582
7763,1510,579
7764,1510,581
7765,1509,575
7766,1510,579
7767,1510,576
7768,1508,579
7769,1510,576
7770,1510,581
7771,1511,580
7772,1511,575
7773,1508,579
7774,1508,579
7775,1509,575
7776,1510,575
7777,1509,575
7778,1509,574
7779,1508,574
7780,1508,575
7781,1508,579
7782,1508,575
7783,1510,573
7784,1510,573
7785,1510,573
7786,1510,573
7787,1510,573
7788,1511,573
7789,1508,573
7790,1510,572
7791,1509,573
7792,1508,573
7793,1510,571
7794,1509,573
7795,1510,573
7796,1510,573
7797,1508,573
7798,1510,575
7799,1509,573
7800,1510,573
7801,1508,574
7802,1509,574
7803,1509,573
7804,1508,573
7805,1508,572
7806,1510,573
7807,1510,573
7808,1509,573
7809,1509,574
7810,1509,573
7811,1509,573
7812,1508,573
7813,1509,574
7814,1510,573
7815,1508,574
7816,1508,574
7817,1510,575
7818,1509,573
7819,1511,573
7820,1508,575
7821,1510,573
7822,1510,573
7823,1508,573
7824,1510,573
7825,1509,575
7826,1508,573
7827,1509,573
7828,1510,571
7829,1510,573
7830,1510,573
7831,1509,575
7832,1510,574
7833,1510,573
7834,1509,573
7835,1510,573
7836,1509,572
7837,1508,573
7838,1510,573
7839,1508,573
7840,1509,574
7841,1509,573
7842,1508,572
7843,1510,573
7844,1510,573
7845,1510,573
7846,1508,573
7847,1508,573
7848,1508,573
7849,1508,573
7850,1508,573
7851,1510,574
7852,1508,573
7853,1509,573
7854,1509,573
7855,1510,573
7856,1508,573
7857,1510,573
7858,1508,573
7859,1509,572
7860,1508,571
7861,1510,572
7862,1508,573
7863,1508,575
7864,1510,572
7865,1508,574
7866,1509,573
7867,1508,571
7868,1508,572
7869,1508,573
7870,1510,571
7871,1509,572
7872,1509,572
7873,1508,573
7874,1508,572
7875,1510,572
7876,1508,572
7877,1510,572
7878,1510,569
7879,1508,571
7880,1508,572
7881,1508,571
7882,1508,570
7883,1509,571
7884,1510,571
7885,1508,570
7886,1508,570
7887,1510,570
7888,1509,569
7889,1509,570
7890,1509,569
7891,1510,569
7892,1508,569
7893,1503,569
7894,1508,572
7895,1510,571
7896,1508,571
7897,1508,570
7898,1508,571
7899,1510,568
7900,1509,570
7901,1508,571
7902,1508,570
7903,1509,571
7904,1510,570
7905,1508,569
7906,1510,569
7907,1509,570
7908,1510,569
7909,1508,571
7910,1508,569
7911,1508,570
7912,1510,570
7913,1510,570
7914,1508,569
7915,1509,569
7916,1510,569
7917,1510,569
7918,1509,569
7919,1510,569
7920,1508,569
7921,1510,570
7922,1510,569
7923,1510,571
7924,1508,571
7925,1508,569
7926,1509,569
7927,1510,571
7928,1509,569
7929,1508,569
7930,1509,571
7931,1508,571
7932,1508,569
7933,1508,570
7934,1510,570
7935,1508,571
7936,1508,571
7937,1510,569
7938,1508,569
7939,1510,569
7940,1508,571
7941,1509,569
7942,1508,569
7943,1508,570
7944,1508,569
7945,1508,569
7946,1509,569
7947,1508,571
7948,1508,569
7949,1508,569
7950,1510,571
7951,1509,569
7952,1508,569
7953,1508,571
7954,1508,570
7955,1509,569
7956,1509,570
7957,1508,569
7958,1510,568
7959,1508,571
7960,1508,570
7961,1510,570
7962,1508,571
7963,1508,571
7964,1510,571
7965,1509,569
7966,1508,569
7967,1508,570
7968,1509,570
7969,1508,571
7970,1508,571
7971,1508,569
7972,1508,571
7973,1508,569
7974,1508,570
7975,1507,570
7976,1507,570
7977,1508,571
7978,1510,570
7979,1508,570
7980,1507,569
7981,1507,571
7982,1508,570
7983,1507,569
7984,1508,569
7985,1508,569
7986,1507,569
7987,1508,567
7988,1508,569
7989,1508,570
7990,1508,568
7991,1507,569
7992,1508,568
7993,1508,569
7994,1506,571
7995,1508,571
7996,1508,570
7997,1508,569
7998,1508,570
7999,1508,570
8000,1508,571
8001,1509,569
8002,1508,569
8003,1508,571
8004,1508,569
8005,1508,569
8006,1509,570
8007,1507,570
8008,1508,571
8009,1508,570
8010,1509,569
8011,1508,569
8012,1508,569
8013,1508,570
8014,1508,571
8015,1508,570
8016,1509,569
8017,1508,570
8018,1508,569
8019,1508,568
8020,1509,569
8021,1508,569
8022,1508,569
8023,1508,569
8024,1504,569
8025,1510,569
8026,1507,569
8027,1508,571
8028,1507,571
8029,1508,569
8030,1508,569
8031,1508,569
8032,1508,571
8033,1508,569
8034,1509,569
8035,1508,569
8036,1508,569
8037,1508,568
8038,1509,569
8039,1510,569
8040,1507,571
8041,1508,569
8042,1508,568
8043,1508,569
8044,1508,570
8045,1508,569
8046,1508,571
8047,1508,571
8048,1507,569
8049,1507,571
8050,1508,570
8051,1507,570
8052,1508,570
8053,1507,570
8054,1507,570
8055,1508,571
8056,1508,570
8057,1508,571
8058,1508,567
8059,1508,570
8060,1508,569
8061,1508,569
8062,1508,569
8063,1508,570
8064,1508,569
8065,1508,570
8066,1508,571
8067,1508,570
8068,1508,569
8069,1508,571
8070,1507,571
8071,1508,569
8072,1508,571
8073,1508,570
8074,1508,568
8075,1508,569
8076,1508,570
8077,1508,570
8078,1508,569
8079,1508,569
8080,1508,569
8081,1508,569
8082,1508,569
8083,1508,570
8084,1508,570
8085,1508,571
8086,1507,570
8087,1508,571
8088,1508,571
8089,1508,570
8090,1507,569
8091,1507,569
8092,1508,571
8093,1508,569
8094,1508,571
8095,1508,569
8096,1508,570
8097,1508,569
8098,1510,569
8099,1508,569
8100,1508,569
8101,1508,569
8102,1508,569
8103,1507,569
8104,1508,568
8105,1510,569
8106,1508,570
8107,1508,569
8108,1507,571
8109,1506,570
8110,1508,570
8111,1508,570
8112,1508,569
8113,1506,569
8114,1508,569
8115,1506,569
8116,1509,569
8117,1508,569
8118,1508,569
8119,1508,569
8120,1508,569
8121,1508,569
8122,1508,569
8123,1508,569
8124,1508,569
8125,1508,569
8126,1507,569
8127,1508,567
8128,1506,567
8129,1508,569
8130,1508,569
8131,1507,567
8132,1508,567
8133,1508,570
8134,1508,569
8135,1508,568
8136,1507,567
8137,1508,569
8138,1508,568
8139,1507,571
8140,1508,569
8141,1508,568
8142,1508,569
8143,1507,570
8144,1508,570
8145,1508,569
8146,1508,569
8147,1508,568
8148,1508,569
8149,1507,569
8150,1509,568
8151,1508,569
8152,1508,569
8153,1508,569
8154,1508,569
8155,1507,571
8156,1508,568
8157,1507,569
8158,1508,569
8159,1508,569
8160,1507,569
8161,1508,569
8162,1507,569
8163,1507,569
8164,1507,568
8165,1508,568
8166,1508,569
8167,1508,567
8168,1506,569
8169,1508,569
8170,1507,569
8171,1508,569
8172,1508,570
8173,1508,569
8174,1507,569
8175,1508,569
8176,1507,569
8177,1507,569
8178,1509,568
8179,1508,569
8180,1508,569
8181,1506,569
8182,1508,569
8183,1508,568
8184,1508,569
8185,1508,568
8186,1507,569
8187,1508,567
8188,1508,568
8189,1508,567
8190,1508,569
8191,1506,569
8192,1508,569
8193,1507,569
8194,1508,569
8195,1507,567
8196,1508,569
8197,1507,569
8198,1508,569
8199,1507,569
8200,1508,570
8201,1507,569
8202,1508,568
8203,1508,569
8204,1507,568
8205,1507,569
8206,1508,568
8207,1506,568
8208,1508,568
8209,1510,570
8210,1508,569
8211,1508,567
8212,1508,569
8213,1508,569
8214,1508,569
8215,1508,568
8216,1507,571
8217,1508,569
8218,1508,569
8219,1508,569
8220,1508,567
8221,1507,567
8222,1508,567
8223,1508,569
8224,1506,568
8225,1506,569
8226,1508,571
8227,1508,567
8228,1507,567
8229,1507,569
8230,1507,567
8231,1508,567
8232,1507,565
8233,1508,565
8234,1508,565
8235,1507,565
8236,1508,567
8237,1508,567
8238,1507,566
8239,1508,567
8240,1506,567
8241,1507,566
8242,1507,565
8243,1508,564
8244,1506,564
8245,1508,565
8246,1508,564
8247,1506,565
8248,1507,565
8249,1507,565
8250,1508,563
8251,1507,563
8252,1506,563
8253,1506,563
8254,1506,559
8255,1508,563
8256,1507,558
8257,1508,559
8258,1507,559
8259,1507,559
8260,1507,558
8261,1506,559
8262,1506,560
8263,1506,558
8264,1507,559
8265,1508,559
8266,1507,557
8267,1506,557
8268,1508,557
8269,1508,559
8270,1507,557
8271,1508,557
8272,1508,556
8273,1508,557
8274,1506,557
8275,1507,558
8276,1508,557
8277,1507,556
8278,1508,557
8279,1508,557
8280,1508,556
8281,1508,557
8282,1508,555
8283,1509,559
8284,1508,555
8285,1508,556
8286,1507,556
8287,1507,556
8288,1508,557
8289,1507,555
8290,1508,557
8291,1509,557
8292,1506,555
8293,1508,556
8294,1507,557
8295,1507,557
8296,1507,557
8297,1507,557
8298,1510,557
8299,1507,556
8300,1507,555
8301,1508,557
8302,1508,556
8303,1508,555
8304,1507,557
8305,1507,557
8306,1507,559
8307,1508,557
8308,1507,555
8309,1507,556
8310,1507,557
8311,1507,556
8312,1508,555
8313,1506,555
8314,1508,555
8315,1508,555
8316,1507,555
8317,1507,555
8318,1507,554
8319,1507,555
8320,1508,554
8321,1507,554
8322,1507,555
8323,1509,556
8324,1506,555
8325,1506,555
8326,1508,555
8327,1508,553
8328,1507,555
8329,1506,555
8330,1508,554
8331,1507,556
8332,1508,555
8333,1508,553
8334,1507,555
8335,1508,555
8336,1508,554
8337,1508,553
8338,1508,555
8339,1507,555
8340,1508,555
8341,1507,555
8342,1508,555
8343,1506,553
8344,1507,554
8345,1507,555
8346,1506,554
8347,1506,555
8348,1506,553
8349,1507,555
8350,1507,555
8351,1507,555
8352,1508,555
8353,1507,554
8354,1508,554
8355,1507,554
8356,1507,553
8357,1507,553
8358,1507,555
8359,1508,553
8360,1507,555
8361,1506,555
8362,1506,555
8363,1508,553
8364,1507,554
8365,1508,555
8366,1506,555
8367,1508,553
8368,1508,553
8369,1508,554
8370,1508,553
8371,1508,553
8372,1508,553
8373,1507,553
8374,1506,554
8375,1506,553
8376,1508,554
8377,1507,555
8378,1507,553
8379,1508,555
8380,1506,553
8381,1506,553
8382,1507,553
8383,1508,553
8384,1508,553
8385,1508,553
8386,1507,553
8387,1507,553
8388,1507,553
8389,1508,554
8390,1508,553
8391,1508,555
8392,1508,553
8393,1507,554
8394,1508,553
8395,1508,553
8396,1508,553
8397,1508,553
8398,1508,553
8399,1507,554
8400,1507,553
8401,1508,553
8402,1507,555
8403,1508,554
8404,1508,553
8405,1508,553
8406,1507,555
8407,1507,553
8408,1507,553
8409,1507,554
8410,1506,554
8411,1506,553
8412,1507,553
8413,1507,555
8414,1507,556
8415,1508,555
8416,1508,554
8417,1508,555
8418,1507,553
8419,1506,553
8420,1507,553
8421,1506,555
8422,1506,555
8423,1509,553
8424,1508,555
8425,1507,555
8426,1506,553
8427,1508,554
8428,1508,553
8429,1508,553
8430,1507,553
8431,1507,553
8432,1506,552
8433,1508,554
8434,1507,555
8435,1508,553
8436,1508,554
8437,1506,553
8438,1506,553
8439,1508,554
8440,1508,553
8441,1508,555
8442,1508,555
8443,1506,553
8444,1507,553
8445,1508,553
8446,1507,555
8447,1507,554
8448,1508,551
8449,1508,553
8450,1508,553
8451,1508,553
8452,1508,554
8453,1507,552
8454,1508,553
8455,1508,553
8456,1508,553
8457,1507,556
8458,1508,553
8459,1507,553
8460,1507,553
8461,1508,553
8462,1507,553
8463,1508,552
8464,1506,555
8465,1507,552
8466,1508,553
8467,1507,553
8468,1508,552
8469,1507,553
8470,1508,553
8471,1508,552
8472,1508,551
8473,1508,553
8474,1508,551
8475,1508,551
8476,1508,551
8477,1507,551
8478,1508,551
8479,1506,551
8480,1506,552
8481,1506,553
8482,1507,551
8483,1508,551
8484,1507,551
8485,1508,551
8486,1506,551
8487,1506,551
8488,1509,551
8489,1507,551
8490,1506,551
8491,1507,549
8492,1508,551
8493,1507,550
8494,1508,551
8495,1507,551
8496,1508,551
8497,1508,550
8498,1507,549
8499,1507,551
8500,1507,549
8501,1508,550
8502,1508,551
8503,1508,550
8504,1506,550
8505,1506,548
8506,1506,550
8507,1508,549
8508,1506,551
8509,1508,549
8510,1508,549
8511,1508,548
8512,1506,549
8513,1506,549
8514,1507,549
8515,1508,547
8516,1508,547
8517,1508,548
8518,1508,547
8519,1508,549
8520,1497,547
8521,1508,549
8522,1508,549
8523,1507,547
8524,1508,547
8525,1507,547
8526,1508,547
8527,1507,547
8528,1507,547
8529,1507,547
8530,1507,547
8531,1507,543
8532,1508,544
8533,1508,547
8534,1508,548
8535,1508,543
8536,1507,543
8537,1506,547
8538,1507,547
8539,1508,546
8540,1507,544
8541,1507,547
8542,1507,548
8543,1508,547
8544,1508,547
8545,1508,547
8546,1508,547
8547,1507,547
8548,1507,547
8549,1507,543
8550,1508,547
8551,1507,549
8552,1508,544
8553,1506,547
8554,1508,544
8555,1507,547
8556,1506,542
8557,1507,547
8558,1506,543
8559,1507,546
8560,1507,543
8561,1508,541
8562,1506,541
8563,1508,543
8564,1508,542
8565,1506,542
8566,1507,543
8567,1506,543
8568,1507,542
8569,1508,543
8570,1507,542
8571,1507,541
8572,1507,541
8573,1508,542
8574,1507,541
8575,1507,542
8576,1506,541
8577,1508,541
8578,1506,543
8579,1509,541
8580,1508,541
8581,1507,541
8582,1506,539
8583,1508,541
8584,1507,541
8585,1508,542
8586,1506,541
8587,1508,540
8588,1506,541
8589,1508,539
8590,1507,541
8591,1508,541
8592,1508,539
8593,1508,539
8594,1507,541
8595,1507,539
8596,1508,539
8597,1508,539
8598,1507,539
8599,1507,539
8600,1507,539
8601,1508,537
8602,1507,539
8603,1508,539
8604,1506,539
8605,1508,539
8606,1507,539
8607,1506,539
8608,1508,537
8609,1506,538
8610,1507,537
8611,1507,539
8612,1506,539
8613,1508,537
8614,1508,537
8615,1508,538
8616,1508,537
8617,1507,535
8618,1508,537
8619,1508,537
8620,1507,537
8621,1508,538
8622,1507,537
8623,1508,537
8624,1506,536
8625,1506,537
8626,1508,537
8627,1507,537
8628,1507,537
8629,1508,535
8630,1507,537
8631,1508,535
8632,1507,537
8633,1508,537
8634,1508,536
8635,1508,536
8636,1508,536
8637,1508,535
8638,1508,536
8639,1507,535
8640,1508,537
8641,1510,537
8642,1506,525
8643,1507,543
8644,1508,551
8645,1506,536
8646,1512,533
8647,1508,531
8648,1508,535
8649,1508,536
8650,1508,535
8651,1508,535
8652,1508,537
8653,1508,537
8654,1508,536
8655,1508,536
8656,1507,537
8657,1507,537
8658,1508,537
8659,1508,537
8660,1508,535
8661,1508,537
8662,1508,537
8663,1508,537
8664,1508,535
8665,1507,537
8666,1507,537
8667,1508,536
8668,1507,537
8669,1508,537
8670,1507,536
8671,1507,536
8672,1508,536
8673,1508,536
8674,1507,537
8675,1508,535
8676,1508,537
8677,1509,537
8678,1508,537
8679,1508,537
8680,1507,537
8681,1508,537
8682,1506,537
8683,1508,537
8684,1508,535
8685,1508,536
8686,1509,537
8687,1508,535
8688,1508,536
8689,1509,536
8690,1508,535
8691,1508,537
8692,1508,538
8693,1508,537
8694,1508,536
8695,1508,536
8696,1508,537
8697,1508,538
8698,1508,537
8699,1508,537
8700,1508,538
8701,1508,536
8702,1509,537
8703,1508,537
8704,1508,537
8705,1507,537
8706,1508,537
8707,1508,537
8708,1508,538
8709,1508,537
8710,1508,537
8711,1508,537
8712,1508,537
8713,1509,539
8714,1508,539
8715,1508,537
8716,1508,537
8717,1508,537
8718,1509,538
8719,1510,537
8720,1508,537
8721,1508,538
8722,1508,536
8723,1508,537
8724,1509,537
8725,1508,539
8726,1509,539
8727,1507,539
8728,1508,539
8729,1508,538
8730,1509,538
8731,1508,537
8732,1509,539
8733,1508,539
8734,1508,538
8735,1508,539
8736,1510,539
8737,1508,539
8738,1508,539
8739,1508,539
8740,1508,539
8741,1510,539
8742,1510,540
8743,1508,539
8744,1508,539
8745,1508,541
8746,1509,539
8747,1508,541
8748,1508,540
8749,1508,541
8750,1508,541
8751,1508,542
8752,1508,541
8753,1508,541
8754,1508,542
8755,1508,543
8756,1508,543
8757,1508,547
8758,1508,543
8759,1508,544
8760,1508,547
8761,1508,547
8762,1508,549
8763,1508,547
8764,1508,548
8765,1508,549
8766,1508,548
8767,1508,549
8768,1507,551
8769,1508,549
8770,1508,552
8771,1508,551
8772,1508,553
8773,1508,552
8774,1509,553
8775,1508,552
8776,1510,554
8777,1508,553
8778,1508,553
8779,1510,555
8780,1508,557
8781,1508,557
8782,1508,557
8783,1509,557
8784,1508,557
8785,1508,558
8786,1509,557
8787,1508,557
8788,1508,557
8789,1508,559
8790,1508,562
8791,1508,563
8792,1508,564
8793,1507,564
8794,1508,566
8795,1508,567
8796,1508,567
8797,1508,569
8798,1508,569
8799,1508,568
8800,1507,568
8801,1507,571
8802,1508,572
8803,1508,571
8804,1508,572
8805,1508,573
8806,1507,574
8807,1506,575
8808,1508,575
8809,1508,573
8810,1508,575
8811,1507,581
8812,1508,582
8813,1506,584
8814,1507,584
8815,1509,585
8816,1508,587
8817,1508,586
8818,1508,586
8819,1508,589
8820,1508,590
8821,1506,589
8822,1507,593
8823,1508,595
8824,1510,596
8825,1508,597
8826,1507,597
8827,1508,597
8828,1507,598
8829,1508,599
8830,1506,599
8831,1507,602
8832,1508,600
8833,1508,603
8834,1508,601
8835,1507,602
8836,1508,605
8837,1508,606
8838,1507,605
8839,1508,611
8840,1508,611
8841,1508,607
8842,1507,612
8843,1508,612
8844,1508,612
8845,1508,613
8846,1508,615
8847,1508,615
8848,1509,615
8849,1508,617
8850,1508,616
8851,1508,617
8852,1509,619
8853,1508,620
8854,1508,622
8855,1507,623
8856,1508,623
8857,1508,623
8858,1508,626
8859,1508,627
8860,1508,628
8861,1508,629
8862,1507,629
8863,1508,629
8864,1508,631
8865,1508,631
8866,1508,631
8867,1508,633
8868,1507,633
8869,1507,633
8870,1508,635
8871,1508,637
8872,1508,635
8873,1508,637
8874,1507,637
8875,1508,638
8876,1507,638
8877,1508,637
8878,1509,639
8879,1508,645
8880,1508,645
8881,1508,645
8882,1507,645
8883,1509,647
8884,1508,648
8885,1507,647
8886,1508,649
8887,1508,648
8888,1508,649
8889,1507,649
8890,1508,650
8891,1508,650
8892,1508,651
8893,1509,652
8894,1508,657
8895,1508,654
8896,1507,657
8897,1508,659
8898,1508,660
8899,1508,660
8900,1508,661
8901,1508,660
8902,1508,663
8903,1508,662
8904,1510,664
8905,1510,663
8906,1508,663
8907,1508,667
8908,1508,666
8909,1508,668
8910,1507,669
8911,1508,668
8912,1507,669
8913,1508,671
8914,1508,669
8915,1508,675
8916,1508,675
8917,1508,675
8918,1508,675
8919,1508,676
8920,1508,676
8921,1508,679
8922,1508,677
8923,1508,679
8924,1509,679
8925,1508,681
8926,1508,681
8927,1508,683
8928,1508,683
8929,1509,685
8930,1508,685
8931,1507,687
8932,1507,691
8933,1507,687
8934,1508,691
8935,1507,691
8936,1508,693
8937,1508,695
8938,1508,695
8939,1508,697
8940,1508,698
8941,1508,697
8942,1508,699
8943,1508,701
8944,1508,703
8945,1507,701
8946,1508,703
8947,1507,711
8948,1508,711
8949,1508,713
8950,1508,713
8951,1508,713
8952,1508,714
8953,1508,717
8954,1508,717
8955,1508,718
8956,1507,721
8957,1507,722
8958,1510,723
8959,1508,722
8960,1508,725
8961,1507,727
8962,1508,727
8963,1508,728
8964,1508,729
8965,1509,729
8966,1508,731
8967,1508,733
8968,1509,733
8969,1508,735
8970,1508,735
8971,1508,738
8972,1508,735
8973,1507,740
8974,1508,741
8975,1509,741
8976,1508,743
8977,1508,745
8978,1508,745
8979,1508,744
8980,1509,747
8981,1508,749
8982,1507,749
8983,1508,749
8984,1508,751
8985,1507,749
8986,1507,751
8987,1508,751
8988,1509,755
8989,1508,756
8990,1508,756
8991,1508,757
8992,1508,759
8993,1508,757
8994,1508,761
8995,1510,761
8996,1508,763
8997,1508,763
8998,1508,763
8999,1508,764
9000,1508,763
9001,1508,765
9002,1508,765
9003,1510,767
9004,1508,767
9005,1510,767
9006,1507,773
9007,1508,767
9008,1507,775
9009,1509,775
9010,1508,777
9011,1508,776
9012,1510,777
9013,1508,777
9014,1508,777
9015,1509,777
9016,1508,777
9017,1509,779
9018,1508,779
9019,1510,779
9020,1508,781
9021,1508,781
9022,1509,780
9023,1509,781
9024,1508,781
9025,1508,781
9026,1508,787
9027,1509,783
9028,1508,783
9029,1508,781
9030,1508,785
9031,1508,786
9032,1509,783
9033,1508,783
9034,1508,787
9035,1508,787
9036,1508,787
9037,1509,787
9038,1508,787
9039,1509,787
9040,1507,787
9041,1508,787
9042,1508,787
9043,1510,789
9044,1508,787
9045,1507,787
9046,1508,787
9047,1509,787
9048,1508,787
9049,1509,786
9050,1509,787
9051,1508,788
9052,1507,787
9053,1508,787
9054,1508,787
9055,1508,786
9056,1508,787
9057,1508,787
9058,1509,785
9059,1509,787
9060,1508,788
9061,1508,783
9062,1508,783
9063,1508,787
9064,1508,787
9065,1507,786
9066,1508,786
9067,1507,786
9068,1510,786
9069,1507,786
9070,1507,786
9071,1508,785
9072,1508,785
9073,1507,783
9074,1510,787
9075,1508,787
9076,1508,787
9077,1510,787
9078,1507,783
9079,1508,786
9080,1508,787
9081,1508,787
9082,1509,783
9083,1509,785
9084,1508,786
9085,1508,787
9086,1508,786
9087,1508,787
9088,1508,783
9089,1508,783
9090,1507,787
9091,1508,786
9092,1508,786
9093,1508,783
9094,1509,787
9095,1508,785
9096,1510,787
9097,1507,785
9098,1508,787
9099,1510,787
9100,1508,787
9101,1508,783
9102,1508,787
9103,1508,786
9104,1509,785
9105,1508,787
9106,1509,786
9107,1509,786
9108,1508,782
9109,1508,785
9110,1507,783
9111,1510,787
9112,1506,787
9113,1508,787
9114,1508,785
9115,1508,783
9116,1508,783
9117,1507,786
9118,1508,784
9119,1507,783
9120,1508,786
9121,1509,787
9122,1508,787
9123,1508,783
9124,1508,787
9125,1508,783
9126,1508,783
9127,1508,787
9128,1508,787
9129,1507,783
9130,1509,783
9131,1508,787
9132,1508,781
9133,1508,783
9134,1508,783
9135,1507,783
9136,1508,783
9137,1508,781
9138,1508,783
9139,1507,783
9140,1508,787
9141,1509,782
9142,1508,787
9143,1510,783
9144,1508,785
9145,1508,785
9146,1508,787
9147,1508,785
9148,1509,785
9149,1510,784
9150,1508,786
9151,1510,787
9152,1508,783
9153,1508,785
9154,1508,783
9155,1508,783
9156,1510,787
9157,1508,783
9158,1509,786
9159,1508,788
9160,1510,786
9161,1510,786
9162,1508,781
9163,1509,786
9164,1508,783
9165,1508,783
9166,1509,783
9167,1510,783
9168,1508,783
9169,1508,782
9170,1509,781
9171,1508,782
9172,1508,782
9173,1506,782
9174,1508,783
9175,1509,782
9176,1508,782
9177,1508,780
9178,1509,782
9179,1508,783
9180,1508,781
9181,1508,781
9182,1508,780
9183,1508,781
9184,1508,781
9185,1510,781
9186,1509,779
9187,1509,781
9188,1509,781
9189,1508,780
9190,1508,781
9191,1508,780
9192,1508,780
9193,1509,781
9194,1508,780
9195,1510,781
9196,1508,780
9197,1510,782
9198,1510,782
9199,1510,782
9200,1508,781
9201,1509,787
9202,1507,781
9203,1508,779
9204,1508,780
9205,1507,785
9206,1507,781
9207,1508,783
9208,1509,783
9209,1508,781
9210,1507,782
9211,1508,782
9212,1508,783
9213,1508,781
9214,1508,782
9215,1507,781
9216,1508,781
9217,1508,781
9218,1509,781
9219,1510,781
9220,1508,783
9221,1508,785
9222,1508,781
9223,1508,781
9224,1508,781
9225,1508,780
9226,1508,782
9227,1508,781
9228,1508,779
9229,1509,781
9230,1508,781
9231,1508,783
9232,1508,782
9233,1507,786
9234,1508,787
9235,1508,782
9236,1510,783
9237,1508,785
9238,1509,781
9239,1508,783
9240,1508,783
9241,1508,781
9242,1508,783
9243,1509,781
9244,1508,783
9245,1508,783
9246,1508,787
9247,1508,785
9248,1508,786
9249,1508,787
9250,1507,783
9251,1510,787
9252,1509,788
9253,1508,787
9254,1508,787
9255,1509,787
9256,1509,789
9257,1508,787
9258,1508,787
9259,1508,791
9260,1508,789
9261,1508,789
9262,1508,789
9263,1508,791
9264,1508,791
9265,1508,791
9266,1508,790
9267,1508,790
9268,1508,793
9269,1508,791
9270,1508,793
9271,1508,792
9272,1508,793
9273,1508,793
9274,1508,792
9275,1508,793
9276,1510,793
9277,1507,793
9278,1510,793
9279,1508,793
9280,1508,795
9281,1510,794
9282,1509,795
9283,1510,793
9284,1508,794
9285,1509,795
9286,1509,793
9287,1509,795
9288,1508,795
9289,1509,793
9290,1508,795
9291,1509,793
9292,1509,793
9293,1507,794
9294,1507,795
9295,1508,796
9296,1510,797
9297,1508,795
9298,1508,795
9299,1508,796
9300,1508,797
9301,1508,795
9302,1509,795
9303,1508,797
9304,1509,795
9305,1506,797
9306,1508,796
9307,1508,795
9308,1508,797
9309,1508,795
9310,1508,796
9311,1509,795
9312,1509,797
9313,1507,795
9314,1508,797
9315,1508,795
9316,1506,795
9317,1507,797
9318,1508,796
9319,1507,796
9320,1508,795
9321,1508,797
9322,1508,797
9323,1508,797
9324,1508,797
9325,1508,797
9326,1509,797
9327,1508,795
9328,1509,797
9329,1508,795
9330,1508,796
9331,1508,797
9332,1509,797
9333,1508,796
9334,1508,796
9335,1508,796
9336,1508,799
9337,1508,795
9338,1508,797
9339,1509,798
9340,1508,795
9341,1508,797
9342,1508,797
9343,1509,797
9344,1508,795
9345,1508,795
9346,1508,797
9347,1508,796
9348,1509,795
9349,1508,796
9350,1508,797
9351,1508,797
9352,1508,793
9353,1508,796
9354,1507,797
9355,1508,796
9356,1508,795
9357,1508,795
9358,1508,796
9359,1507,795
9360,1508,795
9361,1508,796
9362,1508,796
9363,1510,795
9364,1509,796
9365,1508,796
9366,1508,795
9367,1508,797
9368,1508,795
9369,1510,796
9370,1508,797
9371,1508,797
9372,1508,797
9373,1508,797
9374,1508,797
9375,1508,795
9376,1508,796
9377,1510,796
9378,1509,796
9379,1508,797
9380,1508,797
9381,1508,795
9382,1508,797
9383,1508,795
9384,1509,795
9385,1508,797
9386,1509,795
9387,1508,795
9388,1508,795
9389,1509,795
9390,1509,795
9391,1508,797
9392,1510,795
9393,1508,797
9394,1509,795
9395,1508,797
9396,1508,797
9397,1508,797
9398,1508,797
9399,1508,797
9400,1508,795
9401,1510,796
9402,1508,796
9403,1510,795
9404,1508,796
9405,1508,795
9406,1507,797
9407,1509,796
9408,1510,793
9409,1508,797
9410,1508,797
9411,1508,797
9412,1509,796
9413,1508,797
9414,1508,795
9415,1508,796
9416,1509,797
9417,1508,797
9418,1508,795
9419,1510,797
9420,1510,795
9421,1508,794
9422,1509,797
9423,1508,797
9424,1508,797
9425,1508,797
9426,1508,797
9427,1509,797
9428,1508,797
9429,1508,796
9430,1510,797
9431,1508,794
9432,1509,795
9433,1510,796
9434,1508,796
9435,1508,797
9436,1510,795
9437,1507,797
9438,1510,797
9439,1508,797
9440,1509,797
9441,1508,797
9442,1508,797
9443,1509,795
9444,1508,797
9445,1508,797
9446,1508,795
9447,1508,797
9448,1508,796
9449,1509,797
9450,1508,795
9451,1508,796
9452,1508,795
9453,1508,796
9454,1508,797
9455,1508,793
9456,1510,796
9457,1508,796
9458,1508,797
9459,1509,796
9460,1508,795
9461,1508,795
9462,1510,797
9463,1508,796
9464,1509,795
9465,1508,796
9466,1508,797
9467,1508,795
9468,1509,793
9469,1508,795
9470,1508,795
9471,1509,795
9472,1510,795
9473,1509,797
9474,1509,795
9475,1510,795
9476,1508,795
9477,1508,796
9478,1508,797
9479,1508,797
9480,1509,797
9481,1510,795
9482,1508,797
9483,1508,795
9484,1508,796
9485,1509,795
9486,1508,795
9487,1508,795
9488,1508,795
9489,1510,795
9490,1508,795
9491,1508,794
9492,1508,795
9493,1508,795
9494,1508,796
9495,1507,796
9496,1508,795
9497,1509,797
9498,1509,797
9499,1510,794
9500,1508,795
9501,1509,796
9502,1508,796
9503,1508,797
9504,1508,795
9505,1508,796
9506,1508,796
9507,1508,795
9508,1508,795
9509,1508,796
9510,1510,795
9511,1508,797
9512,1508,796
9513,1508,794
9514,1508,795
9515,1508,795
9516,1508,795
9517,1510,795
9518,1509,796
9519,1508,795
9520,1508,793
9521,1508,796
9522,1508,795
9523,1508,795
9524,1508,795
9525,1509,793
9526,1507,795
9527,1509,797
9528,1509,795
9529,1508,795
9530,1508,795
9531,1510,796
9532,1508,795
9533,1508,795
9534,1508,793
9535,1507,793
9536,1508,795
9537,1508,795
9538,1508,795
9539,1509,795
9540,1508,796
9541,1508,796
9542,1508,795
9543,1509,795
9544,1507,795
9545,1508,796
9546,1508,795
9547,1508,797
9548,1508,796
9549,1508,795
9550,1508,797
9551,1509,797
9552,1508,797
9553,1508,795
9554,1508,795
9555,1509,795
9556,1508,796
9557,1510,795
9558,1508,795
9559,1510,796
9560,1509,795
9561,1508,794
9562,1509,796
9563,1508,797
9564,1508,795
9565,1508,797
9566,1509,798
9567,1510,795
9568,1509,795
9569,1510,797
9570,1508,797
9571,1509,795
9572,1509,797
9573,1508,795
9574,1508,796
9575,1510,795
9576,1509,797
9577,1508,795
9578,1508,795
9579,1510,795
9580,1508,795
9581,1509,795
9582,1509,795
9583,1508,795
9584,1508,796
9585,1508,797
9586,1508,797
9587,1508,796
9588,1508,795
9589,1508,797
9590,1508,796
9591,1508,796
9592,1508,796
9593,1507,795
9594,1508,795
9595,1508,797
9596,1509,795
9597,1509,797
9598,1508,795
9599,1509,795
9600,1508,795
9601,1510,796
9602,1510,795
9603,1510,795
9604,1508,795
9605,1510,796
9606,1508,795
9607,1510,795
9608,1510,796
9609,1509,795
9610,1510,795
9611,1508,795
9612,1508,796
9613,1508,795
9614,1508,795
9615,1508,795
9616,1508,795
9617,1508,795
9618,1509,795
9619,1508,795
9620,1508,795
9621,1510,796
9622,1509,794
9623,1510,795
9624,1509,795
9625,1508,795
9626,1508,795
9627,1509,795
9628,1508,796
9629,1508,795
9630,1508,793
9631,1508,795
9632,1508,794
9633,1508,793
9634,1508,793
9635,1509,793
9636,1508,795
9637,1508,795
9638,1508,795
9639,1509,794
9640,1508,795
9641,1508,795
9642,1509,797
9643,1508,795
9644,1508,795
9645,1509,795
9646,1508,795
9647,1508,795
9648,1508,795
9649,1508,795
9650,1508,794
9651,1508,797
9652,1508,795
9653,1507,795
9654,1508,797
9655,1509,797
9656,1508,797
9657,1508,796
9658,1508,795
9659,1509,795
9660,1509,794
9661,1508,795
9662,1510,795
9663,1509,795
9664,1509,795
9665,1509,795
9666,1508,795
9667,1508,795
9668,1509,794
9669,1508,795
9670,1510,795
9671,1508,796
9672,1508,797
9673,1510,795
9674,1510,795
9675,1509,795
9676,1508,793
9677,1508,795
9678,1508,795
9679,1508,795
9680,1510,795
9681,1508,795
9682,1508,795
9683,1509,795
9684,1508,793
9685,1508,795
9686,1508,794
9687,1509,795
9688,1509,795
9689,1508,793
9690,1508,796
9691,1508,795
9692,1508,795
9693,1508,795
9694,1510,795
9695,1509,796
9696,1508,794
9697,1508,795
9698,1508,796
9699,1508,795
9700,1508,795
9701,1508,795
9702,1509,795
9703,1508,795
9704,1510,795
9705,1509,795
9706,1509,796
9707,1508,795
9708,1509,796
9709,1508,795
9710,1508,796
9711,1508,795
9712,1508,793
9713,1510,796
9714,1508,795
9715,1509,797
9716,1508,794
9717,1508,796
9718,1510,796
9719,1510,795
9720,1508,795
9721,1509,795
9722,1509,794
9723,1509,795
9724,1508,795
9725,1508,795
9726,1510,795
9727,1509,795
9728,1508,795
9729,1509,795
9730,1510,794
9731,1510,795
9732,1508,797
9733,1508,795
9734,1508,795
9735,1509,796
9736,1508,795
9737,1509,795
9738,1508,795
9739,1508,795
9740,1508,795
9741,1509,795
9742,1508,794
9743,1510,795
9744,1508,795
9745,1508,795
9746,1510,795
9747,1507,795
9748,1508,795
9749,1508,795
9750,1509,795
9751,1508,795
9752,1508,795
9753,1508,795
9754,1508,795
9755,1508,795
9756,1508,795
9757,1508,796
9758,1508,795
9759,1506,795
9760,1510,794
9761,1508,794
9762,1508,795
9763,1508,796
9764,1510,795
9765,1508,794
9766,1508,795
9767,1508,795
9768,1508,795
9769,1508,795
9770,1508,795
9771,1507,795
9772,1508,795
9773,1508,795
9774,1508,794
9775,1509,795
9776,1508,795
9777,1508,795
9778,1508,794
9779,1508,795
9780,1508,795
9781,1508,795
9782,1508,794
9783,1508,793
9784,1508,793
9785,1508,793
9786,1508,793
9787,1509,793
9788,1508,794
9789,1509,795
9790,1508,795
9791,1509,794
9792,1509,793
9793,1509,794
9794,1508,794
9795,1508,794
9796,1509,795
9797,1508,795
9798,1508,795
9799,1509,793
9800,1508,795
9801,1510,794
9802,1509,793
9803,1508,794
9804,1510,795
9805,1510,795
9806,1508,795
9807,1508,793
9808,1510,795
9809,1508,794
9810,1508,795
9811,1508,795
9812,1507,795
9813,1509,793
9814,1508,795
9815,1508,794
9816,1508,795
9817,1508,795
9818,1509,795
9819,1508,794
9820,1508,797
9821,1509,793
9822,1509,795
9823,1510,795
9824,1508,793
9825,1510,795
9826,1508,795
9827,1509,794
9828,1508,796
9829,1510,795
9830,1508,793
9831,1508,795
9832,1509,796
9833,1509,793
9834,1508,796
9835,1508,795
9836,1508,795
9837,1508,794
9838,1509,795
9839,1510,795
9840,1508,795
9841,1509,795
9842,1509,795
9843,1508,795
9844,1508,797
9845,1508,793
9846,1508,793
9847,1507,795
9848,1510,797
9849,1508,795
9850,1508,795
9851,1510,795
9852,1509,795
9853,1509,795
9854,1508,794
9855,1508,795
9856,1509,795
9857,1510,795
9858,1508,796
9859,1510,794
9860,1508,795
9861,1508,795
9862,1509,795
9863,1508,796
9864,1508,795
9865,1508,795
9866,1509,796
9867,1508,795
9868,1509,794
9869,1509,797
9870,1508,795
9871,1508,795
9872,1508,794
9873,1508,795
9874,1508,793
9875,1508,796
9876,1508,796
9877,1507,793
9878,1508,793
9879,1508,794
9880,1509,795
9881,1508,795
9882,1508,794
9883,1508,795
9884,1508,795
9885,1510,795
9886,1508,794
9887,1508,795
9888,1508,794
9889,1508,793
9890,1508,793
9891,1508,795
9892,1508,795
9893,1510,793
9894,1508,794
9895,1509,795
9896,1508,795
9897,1509,797
9898,1508,795
9899,1508,796
9900,1509,793
9901,1508,795
9902,1508,795
9903,1508,796
9904,1510,795
9905,1510,794
9906,1510,795
9907,1508,797
9908,1509,795
9909,1508,795
9910,1508,797
9911,1508,795
9912,1508,795
9913,1509,795
9914,1508,795
9915,1508,794
9916,1508,796
9917,1510,795
9918,1510,795
9919,1509,795
9920,1508,796
9921,1508,796
9922,1508,795
9923,1509,795
9924,1509,796
9925,1508,795
9926,1510,795
9927,1508,795
9928,1509,795
9929,1510,796
9930,1508,794
9931,1509,797
9932,1508,795
9933,1509,796
9934,1508,795
9935,1508,795
9936,1507,795
9937,1508,795
9938,1508,795
9939,1508,797
9940,1508,794
9941,1508,795
9942,1509,795
9943,1508,796
9944,1508,796
9945,1508,795
9946,1508,795
9947,1509,795
9948,1508,797
9949,1508,795
9950,1508,797
9951,1508,793
9952,1509,795
9953,1508,797
9954,1508,795
9955,1508,796
9956,1508,796
9957,1508,797
9958,1508,795
9959,1508,797
9960,1508,794
9961,1509,796
9962,1510,795
9963,1508,796
9964,1508,795
9965,1508,796
9966,1508,797
9967,1508,796
9968,1508,795
9969,1508,795
9970,1508,795
9971,1507,797
9972,1508,795
9973,1508,797
9974,1508,796
9975,1508,795
9976,1510,795
9977,1510,796
9978,1510,797
9979,1508,796
9980,1508,797
9981,1508,795
9982,1508,797
9983,1508,793
9984,1508,796
9985,1509,795
9986,1510,795
9987,1508,794
9988,1508,796
9989,1509,795
9990,1508,795
9991,1508,793
9992,1508,795
9993,1508,795
9994,1508,796
9995,1510,796
9996,1507,796
9997,1508,795
9998,1508,795
9999,1510,797
10000,1508,797
10001,1508,795
10002,1509,796
10003,1508,795
10004,1509,797
10005,1508,795
10006,1510,795
10007,1510,797
10008,1508,797
10009,1508,795
10010,1510,797
10011,1509,797
10012,1508,795
10013,1509,796
10014,1508,796
10015,1508,797
10016,1508,795
10017,1508,795
10018,1509,795
10019,1509,795
10020,1507,796
10021,1510,797
10022,1507,797
10023,1508,793
10024,1508,795
10025,1509,795
10026,1509,797
10027,1508,797
10028,1508,797
10029,1508,791
10030,1508,804
10031,1508,795
10032,1508,796
10033,1508,795
10034,1507,796
10035,1508,795
10036,1508,797
10037,1508,795
10038,1508,796
10039,1508,796
10040,1508,796
10041,1508,796
10042,1508,796
10043,1508,797
10044,1508,797
10045,1508,795
10046,1510,797
10047,1510,795
10048,1508,795
10049,1507,795
10050,1508,797
10051,1508,796
10052,1507,797
10053,1508,794
10054,1508,797
10055,1509,795
10056,1508,797
10057,1507,797
10058,1509,797
10059,1510,797
10060,1510,796
10061,1509,796
10062,1510,797
10063,1508,795
10064,1507,796
10065,1508,796
10066,1508,796
10067,1510,795
10068,1508,796
10069,1508,796
10070,1509,797
10071,1508,796
10072,1508,797
10073,1508,795
10074,1509,796
10075,1509,796
10076,1509,795
10077,1508,795
10078,1510,797
10079,1508,795
10080,1509,796
10081,1508,796
10082,1508,797
10083,1508,796
10084,1509,796
10085,1509,795
10086,1510,795
10087,1509,796
10088,1508,795
10089,1508,795
10090,1509,795
10091,1509,795
10092,1510,796
10093,1510,796
10094,1508,795
10095,1508,797
10096,1509,796
10097,1508,795
10098,1509,795
10099,1510,796
10100,1508,797
10101,1510,795
10102,1508,795
10103,1508,796
10104,1508,797
10105,1508,797
10106,1510,795
10107,1508,795
10108,1508,797
10109,1508,797
10110,1509,797
10111,1508,796
10112,1508,797
10113,1508,795
10114,1509,797
10115,1509,796
10116,1508,796
10117,1510,795
10118,1508,797
10119,1508,797
10120,1508,795
10121,1508,795
10122,1508,794
10123,1508,795
10124,1507,797
10125,1510,796
10126,1508,797
10127,1508,794
10128,1508,795
10129,1509,796
10130,1510,795
10131,1509,794
10132,1509,793
10133,1508,795
10134,1508,795
10135,1510,795
10136,1509,795
10137,1508,795
10138,1508,796
10139,1508,795
10140,1508,797
10141,1510,796
10142,1508,797
10143,1509,797
10144,1508,797
10145,1509,797
10146,1508,797
10147,1508,796
10148,1510,795
10149,1508,796
10150,1510,795
10151,1508,795
10152,1508,796
10153,1508,795
10154,1508,795
10155,1508,795
10156,1508,797
10157,1508,796
10158,1509,797
10159,1508,797
10160,1508,796
10161,1508,795
10162,1508,797
10163,1508,795
10164,1508,795
10165,1509,796
10166,1510,796
10167,1509,796
10168,1508,795
10169,1508,796
10170,1508,797
10171,1507,796
10172,1509,796
10173,1508,795
10174,1508,794
10175,1510,795
10176,1508,795
10177,1507,796
10178,1508,796
10179,1508,796
10180,1508,795
10181,1508,797
10182,1508,795
10183,1509,795
10184,1508,795
10185,1507,795
10186,1510,794
10187,1508,795
10188,1509,795
10189,1508,795
10190,1508,795
10191,1510,795
10192,1509,795
10193,1508,795
10194,1508,795
10195,1508,797
10196,1510,795
10197,1508,795
10198,1508,796
10199,1510,797
10200,1508,795
10201,1508,794
10202,1509,796
10203,1510,796
10204,1509,797
10205,1508,795
10206,1507,797
10207,1508,797
10208,1508,795
10209,1509,797
10210,1510,795
10211,1510,795
10212,1509,796
10213,1509,796
10214,1508,795
10215,1510,797
10216,1509,797
10217,1508,796
10218,1509,795
10219,1510,797
10220,1508,796
10221,1509,797
10222,1509,795
10223,1508,795
10224,1509,797
10225,1510,795
10226,1508,797
10227,1508,797
10228,1510,795
10229,1510,795
10230,1509,797
10231,1508,795
10232,1508,796
10233,1508,797
10234,1508,796
10235,1509,797
10236,1508,797
10237,1508,797
10238,1508,796
10239,1508,795
10240,1510,797
10241,1508,797
10242,1508,797
10243,1508,795
10244,1508,796
10245,1510,795
10246,1508,797
10247,1508,795
10248,1508,796
10249,1508,796
10250,1509,795
10251,1508,795
10252,1508,796
10253,1508,796
10254,1508,795
10255,1508,796
10256,1509,796
10257,1509,796
10258,1508,795
10259,1508,797
10260,1508,796
10261,1510,797
10262,1508,795
10263,1508,795
10264,1508,797
10265,1510,797
10266,1508,795
10267,1508,797
10268,1508,797
10269,1508,795
10270,1508,797
10271,1509,797
10272,1508,795
10273,1509,796
10274,1510,796
10275,1508,796
10276,1508,797
10277,1508,797
10278,1507,795
10279,1508,796
10280,1508,796
10281,1508,797
10282,1509,797
10283,1504,795
10284,1508,797
10285,1508,795
10286,1508,796
10287,1508,796
10288,1508,795
10289,1509,795
10290,1510,796
10291,1509,796
10292,1508,795
10293,1508,796
10294,1508,795
10295,1508,797
10296,1508,795
10297,1508,797
10298,1508,796
10299,1508,795
10300,1508,797
10301,1508,795
10302,1510,797
10303,1508,795
10304,1508,797
10305,1509,798
10306,1508,797
10307,1508,796
10308,1508,796
10309,1509,796
10310,1508,797
10311,1508,797
10312,1508,797
10313,1508,797
10314,1508,797
10315,1508,797
10316,1508,796
10317,1509,797
10318,1508,797
10319,1508,797
10320,1507,797
10321,1508,797
10322,1508,796
10323,1508,796
10324,1508,795
10325,1508,797
10326,1508,795
10327,1508,796
10328,1508,797
10329,1507,797
10330,1510,796
10331,1508,797
10332,1508,796
10333,1508,795
10334,1508,798
10335,1508,797
10336,1508,797
10337,1508,798
10338,1508,797
10339,1508,797
10340,1508,797
10341,1508,799
10342,1508,797
10343,1509,797
10344,1507,798
10345,1508,797
10346,1508,796
10347,1508,797
10348,1508,798
10349,1510,795
10350,1508,797
10351,1510,798
10352,1509,795
10353,1508,799
10354,1514,807
10355,1510,803
10356,1506,783
10357,1508,799
10358,1507,805
10359,1509,797
10360,1509,795
10361,1508,810
10362,1508,811
10363,1508,812
10364,1506,811
10365,1507,798
10366,1510,799
10367,1506,798
10368,1506,795
10369,1506,791
10370,1512,815
10371,1507,813
10372,1509,781
10373,1508,799
10374,1508,815
10375,1508,809
10376,1507,789
10377,1508,803
10378,1509,809
10379,1508,795
10380,1507,792
10381,1510,811
10382,1509,781
10383,1508,791
10384,1506,815
10385,1511,811
10386,1507,799
10387,1508,799
10388,1510,799
10389,1508,798
10390,1508,797
10391,1509,799
10392,1508,799
10393,1508,799
10394,1510,797
10395,1509,799
10396,1507,799
10397,1509,799
10398,1508,799
10399,1508,799
10400,1508,799
10401,1508,799
10402,1508,800
10403,1509,803
10404,1508,799
10405,1508,803
10406,1508,805
10407,1510,800
10408,1510,803
10409,1507,804
10410,1508,803
10411,1508,803
10412,1508,800
10413,1508,803
10414,1508,803
10415,1508,803
10416,1510,799
10417,1509,799
10418,1508,800
10419,1508,799
10420,1508,800
10421,1508,803
10422,1508,804
10423,1508,799
10424,1508,799
10425,1508,799
10426,1508,800
10427,1508,803
10428,1509,803
10429,1508,800
10430,1509,803
10431,1508,805
10432,1509,800
10433,1508,803
10434,1508,799
10435,1508,803
10436,1508,803
10437,1508,803
10438,1508,800
10439,1510,799
10440,1507,800
10441,1509,803
10442,1509,800
10443,1509,800
10444,1509,803
10445,1509,800
10446,1510,800
10447,1508,799
10448,1509,799
10449,1508,799
10450,1510,799
10451,1508,803
10452,1509,802
10453,1509,803
10454,1510,800
10455,1510,800
10456,1508,799
10457,1508,800
10458,1508,802
10459,1507,803
10460,1508,803
10461,1508,799
10462,1508,799
10463,1510,803
10464,1508,799
10465,1509,799
10466,1510,804
10467,1510,803
10468,1510,803
10469,1510,803
10470,1510,803
10471,1510,800
10472,1508,799
10473,1508,803
10474,1510,800
10475,1508,800
10476,1508,799
10477,1510,803
10478,1508,799
10479,1508,803
10480,1508,799
10481,1508,799
10482,1509,799
10483,1508,803
10484,1508,803
10485,1508,803
10486,1509,800
10487,1508,799
10488,1510,798
10489,1509,798
10490,1510,798
10491,1508,799
10492,1510,799
10493,1507,799
10494,1508,798
10495,1508,799
10496,1509,799
10497,1508,798
10498,1508,802
10499,1508,800
10500,1508,803
10501,1510,800
10502,1508,799
10503,1508,799
10504,1508,804
10505,1508,799
10506,1510,799
10507,1509,799
10508,1509,801
10509,1508,803
10510,1508,803
10511,1508,799
10512,1508,799
10513,1509,799
10514,1507,803
10515,1508,799
10516,1509,799
10517,1508,800
10518,1509,799
10519,1508,799
10520,1508,799
10521,1508,803
10522,1508,799
10523,1509,799
10524,1509,799
10525,1508,799
10526,1508,799
10527,1510,803
10528,1510,799
10529,1510,797
10530,1508,797
10531,1509,797
10532,1508,799
10533,1508,799
10534,1509,799
10535,1508,799
10536,1508,799
10537,1509,799
10538,1510,798
10539,1508,799
10540,1510,803
10541,1508,803
10542,1508,799
10543,1508,802
10544,1508,803
10545,1508,800
10546,1510,800
10547,1509,803
10548,1508,799
10549,1508,803
10550,1509,804
10551,1510,799
10552,1510,803
10553,1509,799
10554,1510,803
10555,1508,803
10556,1508,799
10557,1510,800
10558,1509,803
10559,1510,803
10560,1508,804
10561,1508,803
10562,1508,803
10563,1508,800
10564,1508,799
10565,1509,800
10566,1508,800
10567,1508,800
10568,1508,803
10569,1508,803
10570,1509,799
10571,1509,802
10572,1508,800
10573,1508,803
10574,1508,803
10575,1509,804
10576,1507,803
10577,1508,800
10578,1510,803
10579,1508,804
10580,1508,805
10581,1510,803
10582,1509,803
10583,1508,804
10584,1509,800
10585,1508,803
10586,1508,803
10587,1508,803
10588,1508,799
10589,1510,800
10590,1508,804
10591,1510,804
10592,1507,803
10593,1508,802
10594,1510,799
10595,1510,803
10596,1508,800
10597,1508,802
10598,1508,803
10599,1510,799
10600,1509,805
10601,1508,803
10602,1508,799
10603,1508,803
10604,1508,803
10605,1508,803
10606,1509,800
10607,1510,800
10608,1508,803
10609,1508,799
10610,1508,803
10611,1508,803
10612,1508,803
10613,1507,799
10614,1508,799
10615,1508,799
10616,1509,803
10617,1509,803
10618,1508,803
10619,1508,799
10620,1508,800
10621,1508,803
10622,1508,800
10623,1508,803
10624,1508,799
10625,1508,803
10626,1508,800
10627,1508,803
10628,1509,803
10629,1509,799
10630,1509,799
10631,1509,803
10632,1509,801
10633,1509,799
10634,1508,799
10635,1510,799
10636,1508,799
10637,1507,803
10638,1510,799
10639,1508,799
10640,1508,805
10641,1508,799
10642,1508,803
10643,1508,799
10644,1508,805
10645,1508,803
10646,1510,803
10647,1508,803
10648,1510,803
10649,1508,803
10650,1508,803
10651,1510,799
10652,1508,803
10653,1509,803
10654,1510,803
10655,1508,805
10656,1508,803
10657,1508,803
10658,1508,803
10659,1508,804
10660,1508,799
10661,1508,804
10662,1508,803
10663,1509,803
10664,1509,803
10665,1508,803
10666,1510,804
10667,1508,805
10668,1508,799
10669,1509,805
10670,1510,803
10671,1508,804
10672,1510,799
10673,1509,799
10674,1508,803
10675,1508,802
10676,1508,803
10677,1508,803
10678,1508,803
10679,1508,800
10680,1508,805
10681,1508,799
10682,1509,799
10683,1509,799
10684,1510,800
10685,1508,799
10686,1508,800
10687,1509,799
10688,1508,803
10689,1507,800
10690,1508,799
10691,1508,799
10692,1507,799
10693,1508,803
10694,1508,803
10695,1508,800
10696,1507,804
10697,1509,803
10698,1508,804
10699,1508,804
10700,1508,803
10701,1508,800
10702,1509,799
10703,1508,803
10704,1508,804
10705,1509,803
10706,1509,803
10707,1508,803
10708,1508,799
10709,1508,803
10710,1507,800
10711,1508,803
10712,1508,803
10713,1508,804
10714,1509,800
10715,1508,804
10716,1508,804
10717,1507,804
10718,1507,804
10719,1508,803
10720,1508,803
10721,1507,800
10722,1508,805
10723,1509,804
10724,1507,804
10725,1509,803
10726,1509,805
10727,1508,803
10728,1508,803
10729,1508,803
10730,1508,805
10731,1510,804
10732,1508,800
10733,1510,803
10734,1510,804
10735,1508,805
10736,1507,803
10737,1508,803
10738,1508,804
10739,1508,804
10740,1508,803
10741,1508,804
10742,1507,805
10743,1509,804
10744,1508,804
10745,1507,804
10746,1508,803
10747,1508,805
10748,1508,805
10749,1508,803
10750,1508,804
10751,1508,805
10752,1508,805
10753,1508,804
10754,1508,804
10755,1508,804
10756,1508,803
10757,1508,805
10758,1508,805
10759,1508,804
10760,1508,803
10761,1508,805
10762,1508,804
10763,1508,803
10764,1508,804
10765,1508,803
10766,1510,805
10767,1507,805
10768,1508,805
10769,1508,803
10770,1507,803
10771,1507,804
10772,1508,803
10773,1508,803
10774,1508,804
10775,1508,805
10776,1507,803
10777,1508,804
10778,1508,805
10779,1509,805
10780,1508,803
10781,1508,805
10782,1508,803
10783,1510,805
10784,1509,803
10785,1508,800
10786,1508,803
10787,1508,803
10788,1508,803
10789,1509,804
10790,1510,804
10791,1508,803
10792,1509,800
10793,1509,800
10794,1508,804
10795,1507,804
10796,1508,805
10797,1508,805
10798,1508,805
10799,1509,805
10800,1508,805
10801,1508,804
10802,1510,804
10803,1508,803
10804,1508,804
10805,1508,804
10806,1508,805
10807,1506,803
10808,1508,805
10809,1508,805
10810,1508,804
10811,1508,804
10812,1508,807
10813,1510,803
10814,1508,806
10815,1510,803
10816,1508,803
10817,1508,803
10818,1508,804
10819,1508,804
10820,1510,805
10821,1508,803
10822,1508,805
10823,1509,805
10824,1508,805
10825,1508,803
10826,1509,803
10827,1508,803
10828,1508,805
10829,1508,805
10830,1508,805
10831,1508,805
10832,1508,805
10833,1507,805
10834,1508,805
10835,1508,805
10836,1508,805
10837,1509,805
10838,1509,805
10839,1508,805
10840,1509,805
10841,1508,805
10842,1508,804
10843,1508,803
10844,1510,805
10845,1509,806
10846,1508,804
10847,1508,803
10848,1508,804
10849,1508,805
10850,1508,804
10851,1508,807
10852,1508,805
10853,1508,805
10854,1509,804
10855,1508,804
10856,1508,803
10857,1508,806
10858,1508,804
10859,1508,805
10860,1507,805
10861,1508,805
10862,1509,803
10863,1509,805
10864,1508,805
10865,1508,799
10866,1508,804
10867,1508,806
10868,1508,805
10869,1508,804
10870,1510,804
10871,1508,800
10872,1510,805
10873,1508,805
10874,1508,805
10875,1506,806
10876,1508,803
10877,1508,805
10878,1508,805
10879,1508,807
10880,1508,805
10881,1506,803
10882,1510,805
10883,1508,803
10884,1509,804
10885,1508,803
10886,1508,804
10887,1508,803
10888,1507,803
10889,1508,803
10890,1508,803
10891,1509,805
10892,1509,804
10893,1507,805
10894,1508,805
10895,1508,805
10896,1508,805
10897,1508,805
10898,1508,807
10899,1508,805
10900,1508,805
10901,1507,805
10902,1508,804
10903,1508,806
10904,1508,807
10905,1508,804
10906,1508,805
10907,1508,805
10908,1508,806
10909,1508,804
10910,1509,805
10911,1508,805
10912,1509,805
10913,1508,805
10914,1508,803
10915,1508,805
10916,1508,805
10917,1508,805
10918,1508,805
10919,1507,805
10920,1508,805
10921,1508,805
10922,1508,805
10923,1508,805
10924,1506,806
10925,1508,806
10926,1508,804
10927,1508,806
10928,1508,805
10929,1508,806
10930,1508,805
10931,1508,805
10932,1510,805
10933,1508,804
10934,1509,804
10935,1508,805
10936,1508,805
10937,1507,805
10938,1508,805
10939,1508,805
10940,1507,805
10941,1508,805
10942,1508,807
10943,1508,805
10944,1507,805
10945,1510,805
10946,1508,805
10947,1508,805
10948,1507,805
10949,1508,805
10950,1508,805
10951,1508,805
10952,1508,805
10953,1509,805
10954,1508,805
10955,1508,806
10956,1508,805
10957,1507,805
10958,1508,804
10959,1509,806
10960,1508,806
10961,1509,805
10962,1508,805
10963,1508,805
10964,1508,804
10965,1507,806
10966,1509,805
10967,1507,805
10968,1510,805
10969,1508,806
10970,1508,805
10971,1508,804
10972,1509,803
10973,1508,804
10974,1508,805
10975,1508,803
10976,1508,805
10977,1508,805
10978,1508,807
10979,1508,807
10980,1508,805
10981,1507,805
10982,1509,804
10983,1508,804
10984,1508,804
10985,1508,805
10986,1509,805
10987,1508,803
10988,1508,805
10989,1507,805
10990,1508,800
10991,1507,804
10992,1508,804
10993,1508,805
10994,1508,804
10995,1508,805
10996,1508,803
10997,1508,805
10998,1508,805
10999,1508,805
11000,1508,805
11001,1508,805
11002,1507,805
11003,1508,805
11004,1507,806
11005,1508,806
11006,1508,805
11007,1508,803
11008,1508,805
11009,1508,805
11010,1510,805
11011,1508,805
11012,1508,805
11013,1507,805
11014,1508,806
11015,1508,804
11016,1507,803
11017,1507,803
11018,1511,803
11019,1507,797
11020,1508,805
11021,1508,805
11022,1508,803
11023,1508,803
11024,1508,803
11025,1508,805
11026,1507,804
11027,1507,805
11028,1507,806
11029,1508,799
11030,1508,804
11031,1508,804
11032,1507,805
11033,1510,805
11034,1508,805
11035,1508,805
11036,1508,803
11037,1508,805
11038,1507,805
11039,1508,803
11040,1507,805
11041,1508,804
11042,1508,805
11043,1508,805
11044,1507,807
11045,1508,804
11046,1508,805
11047,1508,805
11048,1507,807
11049,1508,805
11050,1508,805
11051,1508,805
11052,1507,805
11053,1507,805
11054,1508,805
11055,1507,805
11056,1508,805
11057,1508,807
11058,1508,803
11059,1508,805
11060,1508,805
11061,1508,805
11062,1508,805
11063,1508,803
11064,1508,805
11065,1508,805
11066,1508,805
11067,1507,805
11068,1508,805
11069,1508,804
11070,1508,805
11071,1510,805
11072,1508,804
11073,1508,805
11074,1509,803
11075,1508,805
11076,1507,806
11077,1508,805
11078,1508,805
11079,1508,804
11080,1508,806
11081,1508,805
11082,1508,805
11083,1509,805
11084,1508,805
11085,1508,805
11086,1508,805
11087,1508,804
11088,1507,804
11089,1508,805
11090,1508,805
11091,1508,805
11092,1508,805
11093,1508,805
11094,1509,807
11095,1508,805
11096,1506,803
11097,1508,805
11098,1509,806
11099,1508,805
11100,1508,804
11101,1510,806
11102,1509,804
11103,1508,806
11104,1510,805
11105,1508,806
11106,1508,805
11107,1508,804
11108,1509,805
11109,1508,804
11110,1508,805
11111,1508,805
11112,1509,807
11113,1508,805
11114,1508,807
11115,1510,805
11116,1509,804
11117,1509,805
11118,1508,805
11119,1507,804
11120,1507,803
11121,1509,805
11122,1509,805
11123,1508,803
11124,1508,805
11125,1508,807
11126,1508,805
11127,1507,805
11128,1508,805
11129,1509,803
11130,1508,804
11131,1508,805
11132,1508,805
11133,1507,805
11134,1509,805
11135,1508,804
11136,1508,800
11137,1509,803
11138,1508,805
11139,1508,805
11140,1510,805
11141,1509,805
11142,1508,805
11143,1508,804
11144,1510,806
11145,1507,805
11146,1510,804
11147,1509,805
11148,1508,805
11149,1509,805
11150,1508,805
11151,1510,805
11152,1508,804
11153,1508,805
11154,1508,805
11155,1509,805
11156,1507,807
11157,1508,807
11158,1508,805
11159,1508,807
11160,1509,805
11161,1507,805
11162,1510,804
11163,1507,805
11164,1509,805
11165,1509,805
11166,1508,803
11167,1508,805
11168,1508,807
11169,1508,805
11170,1510,805
11171,1510,807
11172,1508,807
11173,1508,805
11174,1507,805
11175,1508,807
11176,1509,805
11177,1508,805
11178,1508,806
11179,1508,805
11180,1508,805
11181,1508,805
11182,1509,804
11183,1508,805
11184,1508,803
11185,1508,804
11186,1508,804
11187,1509,805
11188,1508,805
11189,1507,803
11190,1508,805
11191,1508,803
11192,1507,800
11193,1507,805
11194,1508,807
11195,1508,804
11196,1507,807
11197,1508,806
11198,1508,805
11199,1508,805
11200,1510,805
11201,1509,805
11202,1507,806
11203,1509,804
11204,1508,805
11205,1508,805
11206,1508,805
11207,1508,805
11208,1508,805
11209,1508,805
11210,1508,803
11211,1508,807
11212,1508,805
11213,1508,805
11214,1508,805
11215,1508,805
11216,1508,804
11217,1509,804
11218,1508,805
11219,1508,805
11220,1508,805
11221,1508,806
11222,1508,805
11223,1510,805
11224,1508,805
11225,1508,805
11226,1508,805
11227,1510,805
11228,1508,805
11229,1508,805
11230,1508,804
11231,1508,805
11232,1508,806
11233,1508,806
11234,1508,805
11235,1506,806
11236,1509,807
11237,1508,806
11238,1508,806
11239,1508,805
11240,1508,807
11241,1507,807
11242,1509,804
11243,1508,806
11244,1507,807
11245,1508,807
11246,1508,803
11247,1510,805
11248,1508,805
11249,1508,803
11250,1508,805
11251,1508,804
11252,1508,805
11253,1508,807
11254,1508,805
11255,1508,806
11256,1508,806
11257,1508,805
11258,1508,805
11259,1509,805
11260,1509,806
11261,1510,806
11262,1508,805
11263,1508,805
11264,1508,807
11265,1509,806
11266,1508,805
11267,1508,805
11268,1508,805
11269,1508,806
11270,1508,805
11271,1508,805
11272,1510,804
11273,1509,805
11274,1508,807
11275,1508,804
11276,1508,806
11277,1509,805
11278,1508,807
11279,1508,806
11280,1508,804
11281,1510,807
11282,1508,805
11283,1510,805
11284,1509,803
11285,1508,805
11286,1508,804
11287,1509,803
11288,1511,805
11289,1508,803
11290,1510,805
11291,1508,805
11292,1508,804
11293,1508,805
11294,1508,805
11295,1508,805
11296,1508,805
11297,1509,805
11298,1509,805
11299,1508,805
11300,1508,807
11301,1510,804
11302,1508,805
11303,1509,805
11304,1509,807
11305,1508,805
11306,1508,807
11307,1510,806
11308,1508,806
11309,1508,805
11310,1508,806
11311,1508,806
11312,1508,807
11313,1510,805
11314,1508,805
11315,1508,807
11316,1508,805
11317,1508,805
11318,1510,805
11319,1509,807
11320,1510,805
11321,1508,804
11322,1508,805
11323,1510,805
11324,1508,807
11325,1509,805
11326,1510,805
11327,1508,805
11328,1508,805
11329,1508,805
11330,1509,807
11331,1508,805
11332,1508,805
11333,1508,805
11334,1508,805
11335,1508,805
11336,1508,803
11337,1508,806
11338,1508,805
11339,1508,805
11340,1508,805
11341,1508,807
11342,1508,807
11343,1508,805
11344,1508,805
11345,1508,806
11346,1510,805
11347,1508,807
11348,1508,805
11349,1508,805
11350,1508,806
11351,1508,806
11352,1508,807
11353,1508,807
11354,1508,805
11355,1507,805
11356,1509,805
11357,1508,805
11358,1508,806
11359,1510,804
11360,1509,805
11361,1508,807
11362,1510,803
11363,1508,805
11364,1508,805
11365,1508,807
11366,1508,804
11367,1510,807
11368,1508,804
11369,1509,805
11370,1509,805
11371,1508,805
11372,1510,805
11373,1510,803
11374,1508,805
11375,1508,806
11376,1508,807
11377,1509,805
11378,1508,805
11379,1508,805
11380,1507,805
11381,1508,805
11382,1508,806
11383,1508,804
11384,1508,805
11385,1507,804
11386,1508,805
11387,1508,805
11388,1508,805
11389,1508,803
11390,1508,805
11391,1510,805
11392,1509,805
11393,1508,805
11394,1509,805
11395,1507,806
11396,1509,807
11397,1509,806
11398,1510,807
11399,1508,805
11400,1508,807
11401,1509,806
11402,1508,806
11403,1508,805
11404,1510,805
11405,1509,805
11406,1507,807
11407,1508,807
11408,1508,805
11409,1508,807
11410,1508,806
11411,1508,806
11412,1509,807
11413,1508,805
11414,1508,806
11415,1508,807
11416,1508,806
11417,1508,807
11418,1508,805
11419,1508,805
11420,1508,805
11421,1509,807
11422,1508,805
11423,1508,807
11424,1508,805
11425,1509,807
11426,1508,807
11427,1508,805
11428,1508,806
11429,1508,807
11430,1508,807
11431,1508,805
11432,1508,807
11433,1508,805
11434,1508,806
11435,1509,803
11436,1508,805
11437,1508,807
11438,1509,807
11439,1509,805
11440,1508,807
11441,1509,805
11442,1510,805
11443,1510,805
11444,1510,805
11445,1508,809
11446,1508,806
11447,1508,807
11448,1510,805
11449,1510,805
11450,1508,808
11451,1508,805
11452,1508,805
11453,1508,806
11454,1508,805
11455,1510,807
11456,1508,805
11457,1508,805
11458,1508,805
11459,1508,806
11460,1508,807
11461,1508,805
11462,1508,803
11463,1507,805
11464,1510,806
11465,1508,805
11466,1508,806
11467,1508,805
11468,1508,803
11469,1510,807
11470,1508,806
11471,1510,805
11472,1508,807
11473,1508,807
11474,1508,805
11475,1508,807
11476,1508,805
11477,1509,805
11478,1508,806
11479,1508,805
11480,1508,805
11481,1509,804
11482,1508,806
11483,1508,805
11484,1508,805
11485,1508,806
11486,1508,805
11487,1508,805
11488,1510,805
11489,1510,805
11490,1509,805
11491,1509,805
11492,1510,805
11493,1508,805
11494,1508,805
11495,1508,807
11496,1508,807
11497,1508,805
11498,1508,805
11499,1508,805
11500,1509,807
11501,1508,807
11502,1508,807
11503,1508,807
11504,1508,808
11505,1508,805
11506,1508,805
11507,1507,807
11508,1510,805
11509,1509,806
11510,1510,805
11511,1508,804
11512,1508,804
11513,1508,805
11514,1508,805
11515,1509,805
11516,1507,805
11517,1508,804
11518,1507,805
11519,1508,805
11520,1507,805
11521,1508,805
11522,1508,805
11523,1508,804
11524,1508,805
11525,1508,805
11526,1507,806
11527,1508,805
11528,1509,806
11529,1510,804
11530,1508,805
11531,1507,805
11532,1508,805
11533,1508,805
11534,1508,805
11535,1508,805
11536,1508,805
11537,1508,805
11538,1508,805
11539,1507,805
11540,1509,800
11541,1508,807
11542,1508,805
11543,1508,806
11544,1508,805
11545,1508,807
11546,1508,806
11547,1508,806
11548,1508,807
11549,1509,805
11550,1508,807
11551,1508,804
11552,1508,806
11553,1508,807
11554,1508,805
11555,1508,805
11556,1509,807
11557,1507,805
11558,1508,804
11559,1509,806
11560,1508,806
11561,1507,805
11562,1508,807
11563,1508,805
11564,1510,807
11565,1508,805
11566,1508,804
11567,1509,807
11568,1507,807
11569,1510,807
11570,1507,807
11571,1508,805
11572,1510,805
11573,1508,806
11574,1508,804
11575,1509,806
11576,1508,807
11577,1508,805
11578,1508,805
11579,1508,805
11580,1508,805
11581,1508,807
11582,1508,807
11583,1507,806
11584,1508,805
11585,1509,807
11586,1508,805
11587,1510,805
11588,1508,807
11589,1510,806
11590,1510,807
11591,1510,805
11592,1508,805
11593,1509,805
11594,1509,805
11595,1510,805
11596,1508,805
11597,1507,806
11598,1508,805
11599,1510,807
11600,1508,807
11601,1508,807
11602,1507,805
11603,1509,805
11604,1508,805
11605,1508,804
11606,1508,806
11607,1507,805
11608,1508,807
11609,1508,805
11610,1508,806
11611,1509,807
11612,1508,805
11613,1508,804
11614,1510,806
11615,1509,805
11616,1508,807
11617,1508,807
11618,1508,807
11619,1508,807
11620,1508,806
11621,1508,807
11622,1508,807
11623,1508,806
11624,1510,806
11625,1508,807
11626,1508,807
11627,1508,806
11628,1508,805
11629,1507,804
11630,1508,805
11631,1508,805
11632,1508,805
11633,1508,804
11634,1507,805
11635,1508,805
11636,1508,807
11637,1508,805
11638,1508,805
11639,1508,805
11640,1508,805
11641,1507,805
11642,1508,805
11643,1508,805
11644,1509,805
11645,1508,807
11646,1508,806
11647,1508,806
11648,1509,806
11649,1508,806
11650,1510,805
11651,1509,805
11652,1508,805
11653,1507,805
11654,1509,805
11655,1508,806
11656,1507,806
11657,1508,807
11658,1508,805
11659,1508,805
11660,1508,805
11661,1508,807
11662,1508,805
11663,1508,807
11664,1508,805
11665,1508,807
11666,1508,805
11667,1510,807
11668,1509,805
11669,1508,806
11670,1508,806
11671,1508,805
11672,1509,805
11673,1509,807
11674,1508,806
11675,1508,805
11676,1508,805
11677,1508,807
11678,1508,807
11679,1508,806
11680,1510,806
11681,1508,807
11682,1508,806
11683,1508,807
11684,1509,805
11685,1508,805
11686,1508,805
11687,1509,803
11688,1510,805
11689,1508,805
11690,1508,805
11691,1508,805
11692,1510,804
11693,1508,805
11694,1508,806
11695,1508,807
11696,1509,805
11697,1506,806
11698,1507,805
11699,1508,806
11700,1509,805
11701,1508,805
11702,1508,806
11703,1510,805
11704,1509,807
11705,1508,805
11706,1508,807
11707,1508,806
11708,1508,807
11709,1508,807
11710,1508,805
11711,1509,805
11712,1507,805
11713,1508,806
11714,1508,805
11715,1508,805
11716,1508,805
11717,1508,807
11718,1508,807
11719,1508,806
11720,1508,805
11721,1508,805
11722,1508,805
11723,1508,806
11724,1508,806
11725,1508,807
11726,1508,805
11727,1510,806
11728,1509,806
11729,1508,807
11730,1509,805
11731,1509,807
11732,1508,805
11733,1507,806
11734,1508,806
11735,1509,805
11736,1508,806
11737,1508,806
11738,1508,805
11739,1510,805
11740,1508,805
11741,1508,807
11742,1508,805
11743,1508,805
11744,1508,805
11745,1508,806
11746,1508,807
11747,1508,805
11748,1510,805
11749,1510,807
11750,1508,807
11751,1508,806
11752,1508,807
11753,1508,805
11754,1508,807
11755,1508,805
11756,1508,805
11757,1508,805
11758,1507,807
11759,1508,805
11760,1508,807
11761,1508,805
11762,1510,807
11763,1508,805
11764,1508,806
11765,1508,805
11766,1510,805
11767,1508,805
11768,1508,809
11769,1508,806
11770,1508,806
11771,1508,807
11772,1508,805
11773,1508,805
11774,1508,805
11775,1510,805
11776,1510,806
11777,1510,805
11778,1508,805
11779,1508,805
11780,1508,806
11781,1510,808
11782,1508,807
11783,1510,805
11784,1509,805
11785,1509,803
11786,1509,804
11787,1508,805
11788,1509,805
11789,1510,805
11790,1507,805
11791,1508,803
11792,1508,807
11793,1508,805
11794,1507,807
11795,1510,806
11796,1508,807
11797,1508,804
11798,1508,807
11799,1508,807
11800,1508,806
11801,1508,806
11802,1508,806
11803,1508,804
11804,1508,807
11805,1508,807
11806,1508,807
11807,1508,805
11808,1510,807
11809,1508,806
11810,1508,806
11811,1508,807
11812,1507,806
11813,1508,805
11814,1510,807
11815,1508,807
11816,1508,806
11817,1508,806
11818,1508,805
11819,1508,805
11820,1508,805
11821,1508,805
11822,1509,807
11823,1510,807
11824,1508,806
11825,1509,806
11826,1508,807
11827,1508,805
11828,1508,804
11829,1508,806
11830,1508,807
11831,1508,805
11832,1509,805
11833,1508,806
11834,1508,805
11835,1510,806
11836,1508,806
11837,1508,806
11838,1509,807
11839,1508,805
11840,1508,807
11841,1509,805
11842,1508,805
11843,1509,805
11844,1508,807
11845,1507,805
11846,1508,806
11847,1509,805
11848,1508,805
11849,1509,806
11850,1508,807
11851,1507,805
11852,1508,806
11853,1508,807
11854,1508,806
11855,1508,805
11856,1507,805
11857,1508,805
11858,1508,805
11859,1508,805
11860,1508,805
11861,1508,805
11862,1508,807
11863,1507,806
11864,1508,805
11865,1508,806
11866,1508,805
11867,1508,806
11868,1508,805
11869,1508,807
11870,1508,807
11871,1508,807
11872,1508,805
11873,1509,807
11874,1508,804
11875,1508,807
11876,1508,805
11877,1508,807
11878,1508,807
11879,1508,807
11880,1508,805
11881,1507,805
11882,1508,805
11883,1507,805
11884,1508,804
11885,1508,805
11886,1508,804
11887,1508,805
11888,1508,804
11889,1509,805
11890,1508,805
11891,1508,805
11892,1508,805
11893,1508,805
11894,1508,807
11895,1507,805
11896,1508,807
11897,1508,807
11898,1508,806
11899,1508,806
11900,1509,807
11901,1508,804
11902,1508,807
11903,1509,806
11904,1508,805
11905,1508,806
11906,1509,803
11907,1507,806
11908,1509,806
11909,1508,807
11910,1508,805
11911,1508,807
11912,1509,807
11913,1508,806
11914,1508,805
11915,1508,807
11916,1508,807
11917,1508,805
11918,1508,807
11919,1508,805
11920,1508,803
11921,1508,807
11922,1508,806
11923,1508,805
11924,1507,807
11925,1508,808
11926,1510,806
11927,1508,804
11928,1507,807
11929,1510,805
11930,1508,807
11931,1508,806
11932,1508,807
11933,1508,805
11934,1508,805
11935,1508,806
11936,1508,805
11937,1508,807
11938,1508,806
11939,1508,807
11940,1508,805
11941,1508,805
11942,1508,806
11943,1508,805
11944,1508,805
11945,1508,805
11946,1506,805
11947,1508,805
11948,1508,806
11949,1510,806
11950,1508,806
11951,1508,806
11952,1507,805
11953,1508,807
11954,1508,806
11955,1508,805
11956,1508,806
11957,1508,805
11958,1508,806
11959,1508,806
11960,1506,804
11961,1508,805
11962,1508,805
11963,1509,805
11964,1508,805
11965,1509,807
11966,1508,805
11967,1508,807
11968,1510,805
11969,1508,805
11970,1509,805
11971,1508,805
11972,1507,805
11973,1508,805
11974,1508,807
11975,1508,807
11976,1508,807
11977,1508,805
11978,1508,804
11979,1508,807
11980,1508,807
11981,1507,805
11982,1508,805
11983,1508,805
11984,1508,805
11985,1508,805
11986,1508,805
11987,1507,807
11988,1508,806
11989,1508,805
11990,1508,805
11991,1509,805
11992,1508,807
11993,1508,805
11994,1508,797
11995,1504,815
11996,1506,805
11997,1510,797
11998,1511,807
11999,1506,823
12000,1506,815
12001,1506,807
12002,1508,809
12003,1506,805
12004,1510,813
12005,1507,819
12006,1508,811
12007,1510,811
12008,1508,815
12009,1506,813
12010,1508,823
12011,1511,824
12012,1514,811
12013,1510,819
12014,1510,821
12015,1512,803
12016,1510,808
12017,1508,827
12018,1508,799
12019,1510,808
12020,1506,819
12021,1508,815
12022,1507,825
12023,1510,817
12024,1511,808
12025,1508,811
12026,1509,837
12027,1507,819
12028,1504,815
12029,1508,819
12030,1508,821
12031,1509,820
12032,1507,820
12033,1508,822
12034,1508,821
12035,1508,821
12036,1508,821
12037,1510,821
12038,1508,821
12039,1508,821
12040,1508,822
12041,1508,823
12042,1507,822
12043,1508,821
12044,1508,823
12045,1508,824
12046,1509,824
12047,1508,823
12048,1509,825
12049,1508,824
12050,1508,824
12051,1508,823
12052,1508,823
12053,1508,825
12054,1508,825
12055,1508,823
12056,1508,824
12057,1508,825
12058,1510,825
12059,1509,825
12060,1508,825
12061,1508,825
12062,1509,825
12063,1508,825
12064,1510,825
12065,1508,825
12066,1508,828
12067,1509,827
12068,1510,827
12069,1506,827
12070,1508,827
12071,1508,824
12072,1508,825
12073,1508,827
12074,1508,827
12075,1508,827
12076,1508,825
12077,1508,826
12078,1508,827
12079,1508,826
12080,1508,827
12081,1508,825
12082,1507,828
12083,1508,827
12084,1509,825
12085,1508,826
12086,1508,825
12087,1508,827
12088,1508,826
12089,1508,827
12090,1508,825
12091,1507,825
12092,1508,827
12093,1509,827
12094,1508,827
12095,1508,827
12096,1508,826
12097,1508,826
12098,1508,826
12099,1506,826
12100,1508,825
12101,1507,825
12102,1507,825
12103,1507,826
12104,1509,827
12105,1508,826
12106,1510,827
12107,1508,825
12108,1508,825
12109,1509,827
12110,1508,827
12111,1508,827
12112,1507,824
12113,1508,827
12114,1507,825
12115,1507,825
12116,1508,825
12117,1508,826
12118,1508,827
12119,1508,825
12120,1509,826
12121,1508,825
12122,1508,825
12123,1508,825
12124,1508,825
12125,1508,823
12126,1508,825
12127,1507,826
12128,1508,826
12129,1510,827
12130,1508,825
12131,1508,825
12132,1508,825
12133,1508,823
12134,1508,825
12135,1508,825
12136,1508,824
12137,1508,824
12138,1510,825
12139,1508,825
12140,1508,825
12141,1508,825
12142,1508,824
12143,1507,826
12144,1508,825
12145,1507,825
12146,1508,825
12147,1508,825
12148,1508,825
12149,1508,825
12150,1507,825
12151,1508,824
12152,1508,825
12153,1509,825
12154,1508,825
12155,1507,827
12156,1507,825
12157,1508,825
12158,1508,825
12159,1508,826
12160,1508,825
12161,1508,825
12162,1508,825
12163,1508,825
12164,1508,825
12165,1508,825
12166,1510,824
12167,1509,825
12168,1508,825
12169,1507,825
12170,1507,825
12171,1509,825
12172,1508,826
12173,1508,825
12174,1508,825
12175,1508,826
12176,1507,825
12177,1508,825
12178,1506,825
12179,1508,825
12180,1508,825
12181,1509,827
12182,1508,825
12183,1510,825
12184,1509,825
12185,1509,825
12186,1508,824
12187,1508,825
12188,1508,825
12189,1510,823
12190,1508,825
12191,1508,825
12192,1508,825
12193,1508,824
12194,1508,827
12195,1507,827
12196,1508,825
12197,1510,827
12198,1508,825
12199,1508,825
12200,1508,827
12201,1508,825
12202,1508,826
12203,1509,827
12204,1508,827
12205,1508,824
12206,1508,825
12207,1508,826
12208,1508,826
12209,1508,827
12210,1508,827
12211,1508,827
12212,1508,824
12213,1508,827
12214,1510,826
12215,1508,825
12216,1508,828
12217,1508,827
12218,1510,825
12219,1508,827
12220,1510,825
12221,1509,827
12222,1508,825
12223,1509,826
12224,1509,827
12225,1509,825
12226,1508,825
12227,1508,825
12228,1508,827
12229,1508,826
12230,1508,827
12231,1508,825
12232,1508,827
12233,1508,828
12234,1507,827
12235,1508,825
12236,1506,827
12237,1507,827
12238,1508,826
12239,1508,827
12240,1507,825
12241,1508,827
12242,1508,827
12243,1508,825
12244,1507,827
12245,1508,825
12246,1507,825
12247,1508,827
12248,1508,826
12249,1508,827
12250,1508,826
12251,1508,826
12252,1507,828
12253,1508,826
12254,1508,825
12255,1508,825
12256,1508,827
12257,1508,825
12258,1508,827
12259,1508,825
12260,1508,827
12261,1508,825
12262,1508,827
12263,1508,827
12264,1509,826
12265,1508,827
12266,1508,825
12267,1508,825
12268,1508,828
12269,1509,826
12270,1508,825
12271,1508,827
12272,1508,826
12273,1508,827
12274,1508,827
12275,1506,827
12276,1508,824
12277,1508,826
12278,1508,825
12279,1509,827
12280,1508,827
12281,1508,825
12282,1508,825
12283,1508,825
12284,1508,825
12285,1508,825
12286,1497,825
12287,1507,825
12288,1508,824
12289,1508,825
12290,1508,825
12291,1506,826
12292,1508,825
12293,1508,825
12294,1508,825
12295,1507,827
12296,1509,827
12297,1508,827
12298,1507,825
12299,1508,826
12300,1508,826
12301,1508,827
12302,1508,825
12303,1508,827
12304,1508,825
12305,1508,825
12306,1508,827
12307,1510,825
12308,1507,823
12309,1507,827
12310,1508,824
12311,1508,826
12312,1508,825
12313,1508,827
12314,1508,827
12315,1507,827
12316,1508,827
12317,1508,827
12318,1508,827
12319,1509,827
12320,1508,825
12321,1509,825
12322,1508,827
12323,1508,827
12324,1508,827
12325,1508,826
12326,1509,827
12327,1509,827
12328,1509,825
12329,1508,825
12330,1508,826
12331,1508,826
12332,1508,825
12333,1508,827
12334,1508,827
12335,1508,826
12336,1508,826
12337,1508,827
12338,1509,825
12339,1508,827
12340,1509,826
12341,1508,825
12342,1509,827
12343,1510,826
12344,1508,826
12345,1508,825
12346,1508,828
12347,1508,826
12348,1507,827
12349,1508,827
12350,1508,826
12351,1507,825
12352,1507,827
12353,1508,825
12354,1508,827
12355,1510,825
12356,1508,825
12357,1508,827
12358,1508,827
12359,1508,825
12360,1508,826
12361,1508,826
12362,1508,827
12363,1508,825
12364,1510,827
12365,1509,825
12366,1510,825
12367,1509,827
12368,1508,825
12369,1508,827
12370,1507,827
12371,1508,825
12372,1508,826
12373,1509,826
12374,1508,825
12375,1508,825
12376,1508,826
12377,1509,826
12378,1508,825
12379,1509,827
12380,1508,825
12381,1510,825
12382,1508,825
12383,1508,825
12384,1508,824
12385,1508,824
12386,1508,825
12387,1508,825
12388,1507,824
12389,1509,825
12390,1508,823
12391,1509,824
12392,1508,825
12393,1508,825
12394,1508,825
12395,1507,826
12396,1507,825
12397,1508,826
12398,1506,827
12399,1508,826
12400,1508,825
12401,1508,825
12402,1508,825
12403,1508,826
12404,1508,825
12405,1508,825
12406,1508,827
12407,1508,827
12408,1508,827
12409,1508,825
12410,1508,827
12411,1508,827
12412,1508,826
12413,1509,826
12414,1508,825
12415,1508,827
12416,1508,825
12417,1508,828
12418,1507,825
12419,1508,826
12420,1508,825
12421,1508,826
12422,1508,827
12423,1508,827
12424,1508,827
12425,1508,827
12426,1509,825
12427,1508,824
12428,1508,827
12429,1508,823
12430,1508,827
12431,1508,825
12432,1509,825
12433,1508,825
12434,1508,827
12435,1508,825
12436,1508,825
12437,1508,825
12438,1508,825
12439,1510,825
12440,1508,825
12441,1509,826
12442,1508,825
12443,1508,826
12444,1509,827
12445,1509,826
12446,1508,825
12447,1508,826
12448,1508,825
12449,1508,826
12450,1508,824
12451,1508,827
12452,1508,825
12453,1508,825
12454,1508,827
12455,1508,827
12456,1507,825
12457,1508,825
12458,1508,827
12459,1509,825
12460,1507,825
12461,1508,827
12462,1508,825
12463,1508,825
12464,1508,826
12465,1508,827
12466,1509,826
12467,1508,827
12468,1506,824
12469,1508,828
12470,1508,825
12471,1508,829
12472,1508,827
12473,1508,825
12474,1508,825
12475,1508,827
12476,1508,825
12477,1508,827
12478,1510,827
12479,1508,825
12480,1508,827
12481,1507,827
12482,1508,825
12483,1507,825
12484,1507,826
12485,1507,825
12486,1506,825
12487,1507,824
12488,1508,823
12489,1504,825
12490,1508,825
12491,1508,826
12492,1507,827
12493,1508,825
12494,1507,824
12495,1508,825
12496,1507,827
12497,1508,824
12498,1507,827
12499,1508,825
12500,1510,825
12501,1508,827
12502,1507,827
12503,1507,825
12504,1508,827
12505,1507,825
12506,1508,825
12507,1508,827
12508,1507,825
12509,1508,826
12510,1508,826
12511,1508,825
12512,1508,825
12513,1508,827
12514,1508,825
12515,1508,827
12516,1508,825
12517,1508,825
12518,1508,825
12519,1508,825
12520,1507,825
12521,1508,825
12522,1507,826
12523,1508,825
12524,1509,825
12525,1508,827
12526,1509,826
12527,1507,827
12528,1508,825
12529,1508,825
12530,1508,827
12531,1508,825
12532,1508,825
12533,1508,825
12534,1508,827
12535,1508,826
12536,1508,825
12537,1508,825
12538,1507,825
12539,1508,823
12540,1508,826
12541,1508,825
12542,1508,825
12543,1508,827
12544,1508,823
12545,1508,826
12546,1508,828
12547,1508,826
12548,1508,828
12549,1508,825
12550,1509,827
12551,1508,827
12552,1508,824
12553,1508,827
12554,1508,825
12555,1508,826
12556,1508,827
12557,1508,825
12558,1507,826
12559,1510,827
12560,1508,827
12561,1510,825
12562,1509,827
12563,1510,827
12564,1508,828
12565,1508,826
12566,1508,827
12567,1508,827
12568,1508,826
12569,1508,826
12570,1510,825
12571,1507,825
12572,1508,826
12573,1508,826
12574,1507,827
12575,1508,826
12576,1508,825
12577,1510,826
12578,1508,825
12579,1507,825
12580,1508,826
12581,1508,827
12582,1508,827
12583,1510,825
12584,1508,825
12585,1508,827
12586,1510,825
12587,1508,825
12588,1508,827
12589,1510,826
12590,1508,826
12591,1510,827
12592,1508,827
12593,1508,827
12594,1510,825
12595,1510,826
12596,1510,829
12597,1507,826
12598,1508,825
12599,1508,827
12600,1508,827
12601,1508,826
12602,1508,825
12603,1508,826
12604,1508,825
12605,1508,825
12606,1508,825
12607,1508,826
12608,1508,827
12609,1508,825
12610,1508,827
12611,1508,827
12612,1508,827
12613,1508,827
12614,1508,827
12615,1508,826
12616,1508,825
12617,1508,824
12618,1508,827
12619,1509,827
12620,1508,826
12621,1508,826
12622,1507,825
12623,1508,827
12624,1510,825
12625,1508,827
12626,1508,827
12627,1508,826
12628,1508,826
12629,1508,825
12630,1508,825
12631,1508,825
12632,1508,825
12633,1509,827
12634,1508,825
12635,1508,825
12636,1508,825
12637,1508,825
12638,1508,826
12639,1508,827
12640,1509,824
12641,1508,827
12642,1508,825
12643,1507,826
12644,1508,827
12645,1508,827
12646,1509,827
12647,1508,827
12648,1509,826
12649,1508,827
12650,1506,827
12651,1508,827
12652,1508,826
12653,1508,827
12654,1508,827
12655,1508,827
12656,1508,827
12657,1508,827
12658,1508,826
12659,1507,827
12660,1507,826
12661,1508,825
12662,1508,825
12663,1507,827
12664,1508,825
12665,1508,825
12666,1507,824
12667,1508,825
12668,1507,825
12669,1508,826
12670,1508,827
12671,1508,826
12672,1508,827
12673,1508,825
12674,1507,827
12675,1507,826
12676,1508,827
12677,1508,827
12678,1508,827
12679,1508,826
12680,1508,827
12681,1508,825
12682,1508,827
12683,1507,825
12684,1507,827
12685,1507,825
12686,1508,827
12687,1509,825
12688,1508,827
12689,1508,825
12690,1507,826
12691,1508,825
12692,1508,825
12693,1508,827
12694,1507,827
12695,1509,827
12696,1508,827
12697,1508,827
12698,1508,827
12699,1508,827
12700,1508,827
12701,1507,825
12702,1507,827
12703,1509,827
12704,1508,827
12705,1508,826
12706,1508,827
12707,1507,827
12708,1509,827
12709,1508,825
12710,1507,826
12711,1508,827
12712,1508,828
12713,1507,827
12714,1508,827
12715,1507,826
12716,1507,827
12717,1508,826
12718,1508,825
12719,1507,827
12720,1508,827
12721,1508,827
12722,1507,825
12723,1508,827
12724,1507,827
12725,1509,827
12726,1508,827
12727,1509,827
12728,1508,827
12729,1508,828
12730,1507,827
12731,1507,825
12732,1508,827
12733,1508,827
12734,1507,825
12735,1508,825
12736,1508,827
12737,1508,827
12738,1508,827
12739,1509,825
12740,1509,827
12741,1508,826
12742,1508,825
12743,1507,827
12744,1508,827
12745,1507,826
12746,1508,828
12747,1508,826
12748,1508,827
12749,1508,826
12750,1508,825
12751,1508,825
12752,1508,826
12753,1508,827
12754,1508,826
12755,1508,827
12756,1507,827
12757,1508,827
12758,1507,825
12759,1506,825
12760,1508,826
12761,1506,826
12762,1507,827
12763,1508,827
12764,1508,825
12765,1507,827
12766,1507,825
12767,1507,826
12768,1508,827
12769,1508,827
12770,1508,825
12771,1508,827
12772,1508,825
12773,1508,827
12774,1507,826
12775,1507,827
12776,1508,826
12777,1508,827
12778,1507,827
12779,1509,827
12780,1508,826
12781,1510,827
12782,1508,827
12783,1508,827
12784,1508,823
12785,1507,825
12786,1508,825
12787,1507,826
12788,1507,827
12789,1508,826
12790,1509,825
12791,1507,825
12792,1509,821
12793,1508,823
12794,1507,828
12795,1507,828
12796,1508,825
12797,1508,827
12798,1508,827
12799,1508,827
12800,1508,828
12801,1508,827
12802,1508,827
12803,1508,826
12804,1507,827
12805,1508,827
12806,1507,827
12807,1508,827
12808,1508,827
12809,1508,825
12810,1508,826
12811,1508,829
12812,1508,827
12813,1508,827
12814,1506,826
12815,1508,827
12816,1508,827
12817,1508,827
12818,1508,827
12819,1508,826
12820,1509,826
12821,1508,827
12822,1507,827
12823,1508,827
12824,1507,825
12825,1507,828
12826,1508,826
12827,1506,827
12828,1508,826
12829,1508,827
12830,1510,828
12831,1508,825
12832,1508,829
12833,1507,825
12834,1508,827
12835,1508,826
12836,1508,828
12837,1508,827
12838,1508,827
12839,1508,827
12840,1508,827
12841,1508,827
12842,1508,827
12843,1508,826
12844,1508,827
12845,1508,826
12846,1507,827
12847,1508,827
12848,1507,827
12849,1508,827
12850,1508,827
12851,1508,827
12852,1508,827
12853,1508,825
12854,1508,827
12855,1508,827
12856,1508,827
12857,1508,827
12858,1508,825
12859,1508,825
12860,1507,829
12861,1508,827
12862,1508,827
12863,1507,827
12864,1508,826
12865,1508,827
12866,1508,827
12867,1507,827
12868,1508,829
12869,1507,827
12870,1508,827
12871,1507,825
12872,1508,827
12873,1508,827
12874,1509,827
12875,1508,827
12876,1508,827
12877,1508,827
12878,1508,826
12879,1507,825
12880,1508,827
12881,1508,828
12882,1506,825
12883,1509,825
12884,1508,826
12885,1508,827
12886,1508,826
12887,1508,827
12888,1509,826
12889,1507,826
12890,1508,825
12891,1508,826
12892,1508,825
12893,1508,825
12894,1506,826
12895,1508,826
12896,1508,826
12897,1508,826
12898,1509,825
12899,1508,827
12900,1508,827
12901,1509,827
12902,1508,827
12903,1509,827
12904,1510,827
12905,1508,826
12906,1507,825
12907,1508,827
12908,1507,827
12909,1507,827
12910,1508,826
12911,1508,827
12912,1508,827
12913,1507,828
12914,1508,825
12915,1508,828
12916,1508,828
12917,1508,824
12918,1509,827
12919,1509,826
12920,1508,827
12921,1510,827
12922,1508,827
12923,1506,826
12924,1508,826
12925,1510,827
12926,1508,826
12927,1508,827
12928,1508,827
12929,1508,827
12930,1509,825
12931,1508,827
12932,1507,827
12933,1508,827
12934,1508,827
12935,1510,826
12936,1509,826
12937,1508,827
12938,1508,827
12939,1508,827
12940,1507,826
12941,1510,826
12942,1507,827
12943,1508,827
12944,1508,827
12945,1507,825
12946,1508,828
12947,1508,827
12948,1508,828
12949,1508,827
12950,1508,827
12951,1508,827
12952,1508,826
12953,1508,827
12954,1510,827
12955,1508,827
12956,1508,826
12957,1508,826
12958,1508,828
12959,1507,826
12960,1508,826
12961,1507,826
12962,1507,827
12963,1507,825
12964,1508,827
12965,1508,828
12966,1508,827
12967,1508,827
12968,1508,825
12969,1508,829
12970,1508,827
12971,1508,827
12972,1508,827
12973,1507,827
12974,1507,826
12975,1506,827
12976,1507,826
12977,1508,827
12978,1508,827
12979,1508,827
12980,1509,826
12981,1508,827
12982,1508,828
12983,1508,826
12984,1507,823
12985,1508,825
12986,1508,825
12987,1508,825
12988,1508,825
12989,1509,823
12990,1508,825
12991,1508,826
12992,1511,824
12993,1504,825
12994,1508,827
12995,1508,827
12996,1508,827
12997,1508,827
12998,1510,827
12999,1508,826
13000,1508,827
13001,1508,827
13002,1508,826
13003,1508,827
13004,1508,828
13005,1508,827
13006,1508,827
13007,1508,827
13008,1508,827
13009,1510,825
13010,1508,827
13011,1506,827
13012,1508,827
13013,1508,827
13014,1508,826
13015,1508,827
13016,1508,827
13017,1508,827
13018,1508,826
13019,1508,825
13020,1509,827
13021,1508,827
13022,1508,825
13023,1507,827
13024,1508,826
13025,1507,826
13026,1510,827
13027,1508,829
13028,1507,825
13029,1509,825
13030,1508,827
13031,1508,872
13032,1508,825
13033,1508,827
13034,1508,827
13035,1508,826
13036,1507,825
13037,1508,827
13038,1509,825
13039,1508,825
13040,1508,827
13041,1508,825
13042,1508,828
13043,1506,827
13044,1508,827
13045,1508,825
13046,1508,827
13047,1509,827
13048,1508,826
13049,1508,827
13050,1508,827
13051,1508,825
13052,1508,827
13053,1508,827
13054,1508,827
13055,1508,826
13056,1508,827
13057,1508,827
13058,1508,825
13059,1507,827
13060,1508,826
13061,1508,827
13062,1510,827
13063,1507,827
13064,1508,826
13065,1508,827
13066,1508,827
13067,1508,827
13068,1508,827
13069,1510,829
13070,1508,827
13071,1508,827
13072,1508,826
13073,1509,829
13074,1508,828
13075,1508,827
13076,1508,827
13077,1508,828
13078,1508,826
13079,1508,827
13080,1508,827
13081,1510,827
13082,1508,825
13083,1509,827
13084,1508,827
13085,1508,827
13086,1508,825
13087,1508,827
13088,1508,827
13089,1508,825
13090,1508,825
13091,1510,827
13092,1510,827
13093,1508,827
13094,1510,827
13095,1508,825
13096,1508,826
13097,1509,827
13098,1508,827
13099,1509,828
13100,1508,827
13101,1507,827
13102,1508,826
13103,1508,827
13104,1508,827
13105,1508,825
13106,1508,825
13107,1509,827
13108,1509,827
13109,1510,827
13110,1509,827
13111,1508,827
13112,1508,827
13113,1508,826
13114,1508,825
13115,1508,826
13116,1507,826
13117,1508,827
13118,1508,827
13119,1508,827
13120,1508,826
13121,1508,827
13122,1509,827
13123,1508,827
13124,1508,827
13125,1508,825
13126,1509,826
13127,1508,827
13128,1508,828
13129,1508,827
13130,1507,827
13131,1510,825
13132,1508,823
13133,1507,826
13134,1508,825
13135,1510,826
13136,1507,827
13137,1507,825
13138,1508,825
13139,1508,825
13140,1508,827
13141,1508,825
13142,1508,827
13143,1508,827
13144,1508,826
13145,1508,826
13146,1510,827
13147,1508,827
13148,1508,827
13149,1508,827
13150,1508,826
13151,1508,825
13152,1508,826
13153,1509,827
13154,1508,828
13155,1508,826
13156,1508,827
13157,1508,827
13158,1508,826
13159,1508,827
13160,1508,828
13161,1508,827
13162,1508,827
13163,1508,827
13164,1508,826
13165,1508,827
13166,1507,827
13167,1508,827
13168,1507,827
13169,1508,824
13170,1507,827
13171,1508,827
13172,1508,826
13173,1509,827
13174,1509,826
13175,1509,827
13176,1508,827
13177,1508,827
13178,1509,826
13179,1508,827
13180,1508,825
13181,1508,825
13182,1508,827
13183,1508,825
13184,1508,825
13185,1508,825
13186,1507,827
13187,1508,827
13188,1508,825
13189,1508,825
13190,1508,825
13191,1508,827
13192,1508,827
13193,1508,825
13194,1509,826
13195,1509,828
13196,1507,827
13197,1508,827
13198,1508,827
13199,1510,827
13200,1508,827
13201,1508,827
13202,1508,827
13203,1508,829
13204,1508,827
13205,1508,825
13206,1508,827
13207,1507,826
13208,1508,826
13209,1509,826
13210,1508,827
13211,1508,825
13212,1508,825
13213,1508,827
13214,1510,825
13215,1508,827
13216,1508,829
13217,1508,827
13218,1508,827
13219,1510,828
13220,1508,826
13221,1508,828
13222,1508,827
13223,1509,826
13224,1508,826
13225,1508,827
13226,1510,827
13227,1507,826
13228,1508,827
13229,1510,827
13230,1509,828
13231,1509,827
13232,1508,827
13233,1507,825
13234,1508,827
13235,1508,827
13236,1508,825
13237,1508,825
13238,1508,825
13239,1508,827
13240,1508,827
13241,1508,827
13242,1508,827
13243,1508,827
13244,1507,827
13245,1508,827
13246,1508,825
13247,1509,826
13248,1510,827
13249,1508,827
13250,1507,827
13251,1508,827
13252,1508,826
13253,1508,826
13254,1508,827
13255,1508,825
13256,1510,827
13257,1508,827
13258,1508,827
13259,1510,828
13260,1508,827
13261,1508,825
13262,1510,827
13263,1509,826
13264,1508,829
13265,1508,827
13266,1508,827
13267,1508,827
13268,1508,826
13269,1510,826
13270,1509,825
13271,1508,827
13272,1508,827
13273,1508,827
13274,1509,825
13275,1510,827
13276,1510,825
13277,1509,827
13278,1509,827
13279,1509,829
13280,1508,827
13281,1509,827
13282,1506,827
13283,1508,827
13284,1509,827
13285,1508,827
13286,1509,825
13287,1508,825
13288,1508,825
13289,1508,827
13290,1508,827
13291,1508,825
13292,1506,825
13293,1508,827
13294,1508,825
13295,1508,827
13296,1509,827
13297,1508,827
13298,1509,827
13299,1510,827
13300,1508,827
13301,1507,827
13302,1510,827
13303,1508,827
13304,1508,826
13305,1508,827
13306,1508,827
13307,1510,827
13308,1508,827
13309,1508,826
13310,1507,827
13311,1508,827
13312,1508,825
13313,1508,825
13314,1508,825
13315,1508,827
13316,1508,827
13317,1508,827
13318,1508,827
13319,1509,825
13320,1508,827
13321,1507,826
13322,1508,826
13323,1507,827
13324,1508,827
13325,1508,827
13326,1508,825
13327,1508,827
13328,1508,827
13329,1508,828
13330,1508,827
13331,1510,829
13332,1507,827
13333,1508,827
13334,1508,827
13335,1508,827
13336,1507,827
13337,1508,827
13338,1508,826
13339,1508,826
13340,1509,827
13341,1508,827
13342,1508,826
13343,1510,827
13344,1508,827
13345,1508,827
13346,1508,827
13347,1508,826
13348,1509,827
13349,1508,827
13350,1508,826
13351,1508,827
13352,1508,827
13353,1508,825
13354,1508,827
13355,1508,827
13356,1508,827
13357,1508,827
13358,1507,827
13359,1508,826
13360,1508,825
13361,1508,827
13362,1508,827
13363,1507,827
13364,1508,827
13365,1508,828
13366,1508,827
13367,1508,826
13368,1508,827
13369,1507,826
13370,1508,827
13371,1508,827
13372,1508,828
13373,1508,829
13374,1508,828
13375,1508,827
13376,1508,828
13377,1506,828
13378,1508,827
13379,1508,827
13380,1507,827
13381,1508,828
13382,1506,827
13383,1508,825
13384,1508,825
13385,1507,827
13386,1508,826
13387,1509,827
13388,1508,827
13389,1508,825
13390,1508,827
13391,1508,825
13392,1508,825
13393,1508,825
13394,1508,827
13395,1508,827
13396,1508,827
13397,1508,827
13398,1507,825
13399,1508,827
13400,1508,827
13401,1508,826
13402,1508,827
13403,1508,827
13404,1508,828
13405,1508,827
13406,1507,826
13407,1508,827
13408,1508,827
13409,1508,827
13410,1507,827
13411,1508,826
13412,1507,827
13413,1508,827
13414,1508,826
13415,1508,826
13416,1508,827
13417,1509,827
13418,1508,827
13419,1507,827
13420,1508,827
13421,1507,827
13422,1508,827
13423,1508,829
13424,1507,827
13425,1508,827
13426,1507,827
13427,1508,827
13428,1508,829
13429,1508,826
13430,1508,826
13431,1509,828
13432,1508,827
13433,1508,825
13434,1508,827
13435,1507,827
13436,1507,827
13437,1508,827
13438,1506,825
13439,1508,827
13440,1508,827
13441,1508,827
13442,1506,827
13443,1508,828
13444,1508,827
13445,1507,827
13446,1507,827
13447,1506,827
13448,1508,827
13449,1508,827
13450,1508,829
13451,1506,825
13452,1507,827
13453,1507,827
13454,1508,827
13455,1508,827
13456,1507,827
13457,1506,827
13458,1507,826
13459,1508,829
13460,1508,827
13461,1508,826
13462,1507,827
13463,1510,827
13464,1509,827
13465,1506,826
13466,1507,827
13467,1508,827
13468,1508,826
13469,1507,827
13470,1508,827
13471,1508,827
13472,1508,827
13473,1510,826
13474,1508,826
13475,1508,827
13476,1508,827
13477,1507,828
13478,1509,829
13479,1509,827
13480,1508,827
13481,1508,827
13482,1508,826
13483,1507,827
13484,1508,826
13485,1508,825
13486,1508,825
13487,1508,825
13488,1508,827
13489,1508,825
13490,1508,827
13491,1508,827
13492,1507,827
13493,1507,827
13494,1508,828
13495,1508,827
13496,1508,828
13497,1508,827
13498,1508,827
13499,1508,825
13500,1507,827
13501,1508,828
13502,1507,827
13503,1507,827
13504,1507,827
13505,1508,827
13506,1508,827
13507,1507,831
13508,1508,828
13509,1508,827
13510,1508,829
13511,1508,827
13512,1508,829
13513,1508,827
13514,1508,825
13515,1508,828
13516,1507,827
13517,1508,827
13518,1506,827
13519,1508,827
13520,1508,827
13521,1508,827
13522,1508,827
13523,1508,827
13524,1509,827
13525,1508,827
13526,1508,827
13527,1508,827
13528,1508,827
13529,1506,828
13530,1508,827
13531,1508,825
13532,1508,825
13533,1508,828
13534,1508,825
13535,1510,826
13536,1507,825
13537,1508,825
13538,1507,826
13539,1508,825
13540,1508,825
13541,1507,825
13542,1507,825
13543,1507,827
13544,1508,827
13545,1507,827
13546,1508,827
13547,1508,827
13548,1508,825
13549,1508,827
13550,1508,827
13551,1508,827
13552,1508,827
13553,1508,827
13554,1508,827
13555,1508,828
13556,1508,827
13557,1508,827
13558,1508,827
13559,1508,828
13560,1508,827
13561,1508,828
13562,1508,827
13563,1508,828
13564,1508,826
13565,1508,827
13566,1507,827
13567,1509,827
13568,1507,826
13569,1508,827
13570,1508,829
13571,1508,827
13572,1508,827
13573,1507,826
13574,1508,828
13575,1506,828
13576,1508,827
13577,1508,827
13578,1508,827
13579,1508,825
13580,1509,825
13581,1508,827
13582,1508,825
13583,1508,826
13584,1508,827
13585,1508,828
13586,1508,827
13587,1508,827
13588,1508,827
13589,1508,827
13590,1507,826
13591,1508,827
13592,1508,827
13593,1508,827
13594,1508,827
13595,1508,827
13596,1507,827
13597,1508,827
13598,1508,828
13599,1508,827
13600,1508,827
13601,1508,828
13602,1508,829
13603,1508,827
13604,1508,827
13605,1507,827
13606,1508,829
13607,1509,827
13608,1508,826
13609,1508,827
13610,1507,827
13611,1508,827
13612,1508,827
13613,1508,827
13614,1508,827
13615,1507,826
13616,1508,826
13617,1508,827
13618,1508,827
13619,1508,827
13620,1508,828
13621,1508,827
13622,1507,827
13623,1508,827
13624,1508,827
13625,1508,827
13626,1508,827
13627,1508,825
13628,1507,827
13629,1507,829
13630,1508,828
13631,1507,827
13632,1508,827
13633,1508,827
13634,1508,827
13635,1508,827
13636,1508,829
13637,1508,827
13638,1508,828
13639,1508,827
13640,1508,827
13641,1508,827
13642,1509,829
13643,1508,845
13644,1504,815
13645,1507,831
13646,1508,847
13647,1504,815
13648,1509,829
13649,1508,841
13650,1506,839
13651,1507,819
13652,1506,823
13653,1509,827
13654,1506,825
13655,1506,815
13656,1509,815
13657,1512,841
13658,1506,824
13659,1508,846
13660,1510,841
13661,1507,829
13662,1508,843
13663,1508,813
13664,1514,837
13665,1510,824
13666,1506,839
13667,1505,826
13668,1507,817
13669,1508,824
13670,1506,830
13671,1510,829
13672,1508,841
13673,1512,839
13674,1506,819
13675,1508,828
13676,1508,827
13677,1508,827
13678,1509,829
13679,1508,829
13680,1508,828
13681,1510,829
13682,1507,829
13683,1508,827
13684,1507,827
13685,1508,827
13686,1508,829
13687,1508,829
13688,1508,827
13689,1508,829
13690,1507,829
13691,1507,827
13692,1509,827
13693,1510,826
13694,1508,829
13695,1508,829
13696,1507,827
13697,1508,829
13698,1507,828
13699,1508,828
13700,1508,828
13701,1508,829
13702,1508,827
13703,1508,829
13704,1508,829
13705,1508,827
13706,1508,827
13707,1507,828
13708,1508,827
13709,1508,828
13710,1508,827
13711,1508,829
13712,1508,828
13713,1508,827
13714,1508,830
13715,1509,827
13716,1508,827
13717,1508,829
13718,1508,829
13719,1508,829
13720,1508,829
13721,1507,829
13722,1510,829
13723,1508,828
13724,1507,828
13725,1509,828
13726,1508,827
13727,1508,830
13728,1509,828
13729,1510,829
13730,1508,829
13731,1508,829
13732,1508,829
13733,1508,829
13734,1508,829
13735,1508,829
13736,1508,829
13737,1509,829
13738,1508,829
13739,1508,829
13740,1509,829
13741,1508,827
13742,1508,829
13743,1508,828
13744,1509,829
13745,1508,827
13746,1508,830
13747,1509,829
13748,1507,829
13749,1508,829
13750,1508,828
13751,1507,829
13752,1508,829
13753,1507,829
13754,1510,828
13755,1508,829
13756,1510,829
13757,1508,829
13758,1508,829
13759,1508,830
13760,1508,829
13761,1509,829
13762,1508,828
13763,1508,829
13764,1508,829
13765,1508,829
13766,1508,829
13767,1508,828
13768,1507,827
13769,1508,829
13770,1508,827
13771,1508,829
13772,1508,828
13773,1509,829
13774,1508,829
13775,1508,827
13776,1508,827
13777,1508,829
13778,1507,829
13779,1510,829
13780,1508,828
13781,1507,829
13782,1509,829
13783,1508,829
13784,1508,827
13785,1507,828
13786,1508,827
13787,1508,828
13788,1508,827
13789,1508,829
13790,1508,829
13791,1508,828
13792,1509,827
13793,1510,827
13794,1507,828
13795,1508,829
13796,1508,829
13797,1508,828
13798,1509,827
13799,1508,828
13800,1508,828
13801,1508,829
13802,1509,829
13803,1507,829
13804,1508,829
13805,1508,827
13806,1508,828
13807,1508,828
13808,1508,831
13809,1508,829
13810,1508,830
13811,1508,827
13812,1508,829
13813,1508,829
13814,1508,829
13815,1508,828
13816,1508,829
13817,1507,829
13818,1508,829
13819,1507,829
13820,1508,829
13821,1508,828
13822,1508,829
13823,1507,827
13824,1508,829
13825,1508,828
13826,1508,827
13827,1508,828
13828,1508,828
13829,1506,827
13830,1508,829
13831,1508,829
13832,1508,830
13833,1508,829
13834,1508,828
13835,1508,829
13836,1508,828
13837,1508,830
13838,1508,831
13839,1508,828
13840,1508,828
13841,1508,829
13842,1508,829
13843,1507,828
13844,1508,827
13845,1508,828
13846,1508,828
13847,1508,829
13848,1508,828
13849,1508,829
13850,1508,829
13851,1509,826
13852,1508,829
13853,1507,829
13854,1508,830
13855,1507,830
13856,1509,829
13857,1508,827
13858,1508,829
13859,1508,828
13860,1508,827
13861,1508,829
13862,1508,829
13863,1508,828
13864,1507,829
13865,1507,830
13866,1508,829
13867,1508,827
13868,1508,829
13869,1506,828
13870,1508,829
13871,1508,828
13872,1508,828
13873,1508,829
13874,1507,830
13875,1507,830
13876,1507,829
13877,1508,831
13878,1507,828
13879,1508,829
13880,1507,829
13881,1508,830
13882,1507,829
13883,1508,827
13884,1508,827
13885,1508,828
13886,1508,828
13887,1508,827
13888,1508,827
13889,1509,829
13890,1508,828
13891,1507,825
13892,1508,829
13893,1508,827
13894,1508,829
13895,1508,829
13896,1508,827
13897,1508,829
13898,1508,828
13899,1508,829
13900,1507,828
13901,1508,829
13902,1508,827
13903,1508,829
13904,1508,827
13905,1508,828
13906,1508,829
13907,1508,829
13908,1507,827
13909,1507,828
13910,1507,829
13911,1507,829
13912,1508,828
13913,1506,829
13914,1508,829
13915,1508,829
13916,1508,827
13917,1507,829
13918,1509,829
13919,1508,827
13920,1508,827
13921,1508,827
13922,1508,829
13923,1507,829
13924,1508,829
13925,1508,829
13926,1508,828
13927,1508,829
13928,1508,827
13929,1508,829
13930,1509,829
13931,1507,829
13932,1508,829
13933,1508,827
13934,1508,829
13935,1509,827
13936,1508,829
13937,1507,828
13938,1508,828
13939,1508,827
13940,1509,829
13941,1507,827
13942,1509,828
13943,1508,829
13944,1508,829
13945,1508,829
13946,1508,829
13947,1508,829
13948,1508,829
13949,1508,829
13950,1507,828
13951,1508,827
13952,1508,827
13953,1508,829
13954,1508,829
13955,1508,827
13956,1508,831
13957,1508,828
13958,1508,829
13959,1507,828
13960,1508,829
13961,1508,829
13962,1508,828
13963,1508,829
13964,1507,829
13965,1508,829
13966,1508,827
13967,1507,828
13968,1508,829
13969,1508,829
13970,1508,829
13971,1508,827
13972,1508,829
13973,1508,829
13974,1507,829
13975,1508,828
13976,1506,827
13977,1507,830
13978,1508,829
13979,1507,828
13980,1507,831
13981,1508,827
13982,1508,828
13983,1507,829
13984,1506,827
13985,1508,827
13986,1508,827
13987,1508,827
13988,1509,829
13989,1508,829
13990,1508,827
13991,1508,829
13992,1508,827
13993,1507,828
13994,1508,829
13995,1507,829
13996,1508,830
13997,1508,829
13998,1507,830
13999,1508,828
14000,1506,829
14001,1508,829
14002,1506,829
14003,1508,829
14004,1508,829
14005,1508,829
14006,1508,830
14007,1508,828
14008,1508,829
14009,1508,827
14010,1507,828
14011,1508,830
14012,1508,829
14013,1508,827
14014,1508,829
14015,1508,829
14016,1507,829
14017,1508,829
14018,1508,829
14019,1508,829
14020,1508,829
14021,1507,829
14022,1508,831
14023,1508,828
14024,1507,829
14025,1508,827
14026,1508,829
14027,1508,827
14028,1508,829
14029,1508,828
14030,1508,829
14031,1508,827
14032,1509,829
14033,1507,829
14034,1508,829
14035,1507,827
14036,1508,827
14037,1508,827
14038,1507,828
14039,1507,827
14040,1507,827
14041,1508,829
14042,1506,829
14043,1507,829
14044,1508,828
14045,1508,829
14046,1508,829
14047,1508,829
14048,1508,830
14049,1507,829
14050,1508,829
14051,1508,829
14052,1507,829
14053,1508,829
14054,1508,829
14055,1508,829
14056,1507,829
14057,1508,829
14058,1508,829
14059,1507,829
14060,1508,828
14061,1508,829
14062,1508,828
14063,1506,828
14064,1508,831
14065,1507,829
14066,1508,831
14067,1507,828
14068,1508,829
14069,1508,829
14070,1507,829
14071,1508,829
14072,1506,829
14073,1507,829
14074,1506,829
14075,1507,829
14076,1507,827
14077,1506,829
14078,1509,828
14079,1508,829
14080,1508,827
14081,1508,828
14082,1507,829
14083,1508,828
14084,1508,829
14085,1508,829
14086,1507,828
14087,1508,830
14088,1507,828
14089,1507,828
14090,1507,829
14091,1508,829
14092,1508,829
14093,1507,829
14094,1508,827
14095,1508,829
14096,1507,828
14097,1508,829
14098,1508,829
14099,1506,828
14100,1508,830
14101,1508,829
14102,1507,827
14103,1508,829
14104,1507,829
14105,1508,830
14106,1507,830
14107,1510,828
14108,1508,829
14109,1507,829
14110,1508,829
14111,1508,829
14112,1508,830
14113,1508,828
14114,1508,828
14115,1508,828
14116,1508,829
14117,1507,828
14118,1507,829
14119,1508,829
14120,1508,828
14121,1508,828
14122,1507,829
14123,1508,829
14124,1507,827
14125,1508,829
14126,1508,829
14127,1508,829
14128,1508,829
14129,1508,829
14130,1507,829
14131,1508,827
14132,1508,827
14133,1508,827
14134,1508,827
14135,1509,827
14136,1508,828
14137,1508,829
14138,1508,827
14139,1508,829
14140,1508,827
14141,1507,829
14142,1508,829
14143,1508,827
14144,1507,829
14145,1508,829
14146,1507,830
14147,1507,828
14148,1508,829
14149,1508,829
14150,1509,829
14151,1508,829
14152,1508,828
14153,1508,828
14154,1507,829
14155,1508,828
14156,1507,831
14157,1507,831
14158,1508,828
14159,1508,830
14160,1507,829
14161,1508,829
14162,1508,831
14163,1509,829
14164,1508,828
14165,1507,829
14166,1508,830
14167,1508,829
14168,1508,829
14169,1509,829
14170,1508,829
14171,1508,828
14172,1508,828
14173,1509,828
14174,1508,827
14175,1509,829
14176,1508,829
14177,1508,829
14178,1508,829
14179,1508,829
14180,1506,829
14181,1508,828
14182,1508,828
14183,1507,827
14184,1508,827
14185,1507,827
14186,1508,828
14187,1507,827
14188,1508,828
14189,1508,829
14190,1509,827
14191,1507,827
14192,1508,828
14193,1508,828
14194,1507,829
14195,1507,831
14196,1508,829
14197,1508,829
14198,1507,829
14199,1508,829
14200,1507,829
14201,1508,829
14202,1508,829
14203,1507,829
14204,1508,829
14205,1508,829
14206,1507,828
14207,1508,829
14208,1508,829
14209,1508,827
14210,1508,829
14211,1507,829
14212,1508,827
14213,1508,829
14214,1508,829
14215,1508,829
14216,1508,829
14217,1507,828
14218,1507,829
14219,1508,827
14220,1507,830
14221,1508,828
14222,1507,829
14223,1506,829
14224,1508,829
14225,1508,829
14226,1508,829
14227,1508,828
14228,1508,829
14229,1508,829
14230,1507,829
14231,1508,830
14232,1508,829
14233,1508,829
14234,1507,829
14235,1507,831
14236,1506,829
14237,1507,829
14238,1508,827
14239,1508,829
14240,1508,827
14241,1507,829
14242,1508,827
14243,1508,828
14244,1508,831
14245,1508,828
14246,1508,829
14247,1507,829
14248,1506,829
14249,1506,829
14250,1508,829
14251,1507,829
14252,1506,828
14253,1507,829
14254,1507,829
14255,1508,831
14256,1508,829
14257,1506,829
14258,1508,829
14259,1510,829
14260,1507,829
14261,1509,828
14262,1508,829
14263,1508,829
14264,1508,828
14265,1507,829
14266,1508,829
14267,1508,829
14268,1507,829
14269,1507,831
14270,1508,830
14271,1508,827
14272,1508,829
14273,1508,830
14274,1508,829
14275,1507,829
14276,1508,829
14277,1506,831
14278,1508,829
14279,1507,831
14280,1507,829
14281,1507,828
14282,1508,829
14283,1506,828
14284,1508,829
14285,1508,828
14286,1508,829
14287,1507,829
14288,1507,829
14289,1507,827
14290,1508,827
14291,1508,827
14292,1506,829
14293,1507,829
14294,1507,831
14295,1508,829
14296,1508,830
14297,1508,829
14298,1508,829
14299,1507,830
14300,1508,829
14301,1507,829
14302,1508,827
14303,1508,827
14304,1508,830
14305,1508,829
14306,1508,829
14307,1508,829
14308,1508,831
14309,1507,831
14310,1508,831
14311,1507,830
14312,1508,829
14313,1507,829
14314,1508,829
14315,1507,830
14316,1508,829
14317,1508,830
14318,1507,830
14319,1508,827
14320,1508,829
14321,1507,829
14322,1507,829
14323,1507,829
14324,1508,827
14325,1508,829
14326,1508,829
14327,1508,829
14328,1507,829
14329,1508,829
14330,1507,829
14331,1508,829
14332,1507,829
14333,1507,829
14334,1508,829
14335,1507,829
14336,1507,829
14337,1508,827
14338,1507,829
14339,1508,829
14340,1507,829
14341,1507,829
14342,1507,829
14343,1508,829
14344,1508,829
14345,1508,828
14346,1507,830
14347,1507,829
14348,1507,829
14349,1508,829
14350,1508,829
14351,1508,829
14352,1508,830
14353,1507,829
14354,1508,829
14355,1506,829
14356,1508,829
14357,1508,829
14358,1508,829
14359,1508,829
14360,1508,829
14361,1506,829
14362,1507,829
14363,1508,830
14364,1507,829
14365,1508,829
14366,1508,829
14367,1508,829
14368,1507,829
14369,1507,829
14370,1508,829
14371,1508,830
14372,1508,829
14373,1508,831
14374,1508,829
14375,1508,830
14376,1507,829
14377,1508,829
14378,1507,829
14379,1508,830
14380,1508,829
14381,1508,829
14382,1508,828
14383,1508,827
14384,1509,829
14385,1508,827
14386,1508,829
14387,1508,827
14388,1508,829
14389,1508,827
14390,1508,827
14391,1508,827
14392,1508,827
14393,1509,827
14394,1507,829
14395,1508,829
14396,1508,828
14397,1508,829
14398,1508,827
14399,1508,828
14400,1506,829
14401,1508,827
14402,1507,829
14403,1508,829
14404,1508,827
14405,1508,829
14406,1508,830
14407,1507,829
14408,1507,829
14409,1507,830
14410,1507,829
14411,1507,829
14412,1508,829
14413,1508,827
14414,1507,827
14415,1508,827
14416,1508,828
14417,1508,827
14418,1508,829
14419,1508,831
14420,1508,829
14421,1508,829
14422,1508,829
14423,1508,829
14424,1508,829
14425,1508,827
14426,1508,828
14427,1508,829
14428,1508,830
14429,1508,828
14430,1508,829
14431,1509,829
14432,1508,829
14433,1508,829
14434,1508,828
14435,1507,830
14436,1508,829
14437,1508,829
14438,1507,828
14439,1508,829
14440,1508,829
14441,1508,829
14442,1508,829
14443,1508,829
14444,1508,829
14445,1508,829
14446,1508,829
14447,1506,830
14448,1508,827
14449,1508,829
14450,1508,826
14451,1508,831
14452,1509,829
14453,1508,829
14454,1508,828
14455,1507,829
14456,1507,827
14457,1508,829
14458,1508,827
14459,1508,829
14460,1508,828
14461,1509,829
14462,1507,829
14463,1509,829
14464,1509,829
14465,1508,828
14466,1509,828
14467,1508,830
14468,1508,830
14469,1509,829
14470,1508,829
14471,1509,827
14472,1508,829
14473,1508,827
14474,1508,829
14475,1507,829
14476,1508,829
14477,1508,829
14478,1508,829
14479,1508,829
14480,1508,830
14481,1508,827
14482,1506,830
14483,1508,827
14484,1507,828
14485,1507,828
14486,1508,828
14487,1509,828
14488,1507,829
14489,1508,827
14490,1508,827
14491,1508,827
14492,1508,829
14493,1508,828
14494,1508,830
14495,1508,827
14496,1507,829
14497,1510,829
14498,1508,829
14499,1507,829
14500,1508,829
14501,1508,829
14502,1507,829
14503,1509,829
14504,1508,829
14505,1508,829
14506,1508,829
14507,1510,829
14508,1510,829
14509,1508,828
14510,1508,829
14511,1508,829
14512,1508,829
14513,1508,829
14514,1508,829
14515,1508,829
14516,1506,827
14517,1508,829
14518,1507,829
14519,1509,829
14520,1508,829
14521,1508,830
14522,1508,828
14523,1508,831
14524,1508,831
14525,1508,829
14526,1508,829
14527,1508,829
14528,1508,829
14529,1508,827
14530,1508,829
14531,1508,828
14532,1508,827
14533,1508,827
14534,1508,829
14535,1508,827
14536,1508,829
14537,1507,827
14538,1508,827
14539,1508,827
14540,1508,827
14541,1508,825
14542,1508,829
14543,1507,828
14544,1508,830
14545,1509,829
14546,1508,829
14547,1508,829
14548,1510,829
14549,1508,829
14550,1508,829
14551,1508,830
14552,1508,829
14553,1508,830
14554,1508,828
14555,1509,829
14556,1508,829
14557,1507,829
14558,1507,827
14559,1507,829
14560,1508,829
14561,1508,827
14562,1508,829
14563,1509,829
14564,1508,829
14565,1508,829
14566,1508,828
14567,1508,829
14568,1508,831
14569,1508,829
14570,1508,828
14571,1508,829
14572,1508,830
14573,1508,829
14574,1508,828
14575,1508,829
14576,1508,831
14577,1508,829
14578,1508,829
14579,1508,829
14580,1507,829
14581,1508,829
14582,1508,827
14583,1508,829
14584,1508,829
14585,1508,829
14586,1508,828
14587,1508,829
14588,1508,829
14589,1508,829
14590,1508,828
14591,1508,828
14592,1508,829
14593,1508,829
14594,1507,828
14595,1506,829
14596,1508,828
14597,1508,829
14598,1508,829
14599,1507,829
14600,1508,829
14601,1507,830
14602,1509,829
14603,1508,829
14604,1507,830
14605,1508,829
14606,1508,829
14607,1508,829
14608,1508,830
14609,1507,829
14610,1508,829
14611,1507,829
14612,1508,828
14613,1508,828
14614,1507,829
14615,1506,829
14616,1508,828
14617,1508,829
14618,1508,829
14619,1506,831
14620,1508,829
14621,1508,829
14622,1508,829
14623,1508,828
14624,1508,829
14625,1508,828
14626,1508,829
14627,1508,828
14628,1508,829
14629,1508,828
14630,1500,829
14631,1508,829
14632,1509,829
14633,1509,829
14634,1509,827
14635,1508,829
14636,1508,828
14637,1507,827
14638,1507,827
14639,1507,827
14640,1508,827
14641,1507,827
14642,1508,831
14643,1508,829
14644,1508,829
14645,1507,829
14646,1508,829
14647,1508,829
14648,1508,829
14649,1507,829
14650,1507,829
14651,1508,829
14652,1508,829
14653,1508,829
14654,1506,827
14655,1508,829
14656,1508,829
14657,1508,829
14658,1508,829
14659,1508,829
14660,1508,829
14661,1508,829
14662,1508,829
14663,1508,829
14664,1508,829
14665,1508,829
14666,1508,829
14667,1508,828
14668,1508,829
14669,1508,829
14670,1507,830
14671,1508,829
14672,1508,828
14673,1508,830
14674,1507,829
14675,1508,829
14676,1507,829
14677,1508,829
14678,1508,829
14679,1508,837
14680,1507,828
14681,1508,829
14682,1506,827
14683,1508,829
14684,1508,827
14685,1508,828
14686,1507,827
14687,1508,827
14688,1507,829
14689,1510,828
14690,1508,827
14691,1507,829
14692,1507,829
14693,1506,829
14694,1507,828
14695,1508,828
14696,1507,828
14697,1507,825
14698,1507,829
14699,1508,829
14700,1508,831
14701,1508,829
14702,1508,829
14703,1508,829
14704,1507,829
14705,1507,829
14706,1507,829
14707,1508,831
14708,1508,829
14709,1508,829
14710,1507,827
14711,1508,829
14712,1508,829
14713,1508,829
14714,1506,829
14715,1508,829
14716,1507,827
14717,1508,830
14718,1507,829
14719,1507,831
14720,1507,829
14721,1507,829
14722,1508,827
14723,1508,829
14724,1508,828
14725,1507,828
14726,1508,827
14727,1508,829
14728,1508,827
14729,1509,830
14730,1507,829
14731,1509,829
14732,1508,829
14733,1508,829
14734,1508,829
14735,1507,830
14736,1508,829
14737,1508,829
14738,1508,828
14739,1508,829
14740,1506,829
14741,1508,829
14742,1508,830
14743,1508,827
14744,1507,830
14745,1506,829
14746,1508,829
14747,1508,829
14748,1508,829
14749,1508,829
14750,1508,829
14751,1507,828
14752,1508,829
14753,1508,828
14754,1508,829
14755,1508,828
14756,1508,829
14757,1508,829
14758,1508,831
14759,1508,829
14760,1508,829
14761,1508,829
14762,1508,827
14763,1509,829
14764,1508,829
14765,1508,829
14766,1509,829
14767,1509,829
14768,1507,829
14769,1508,828
14770,1508,829
14771,1508,829
14772,1508,829
14773,1508,829
14774,1508,830
14775,1508,830
14776,1508,829
14777,1508,828
14778,1508,829
14779,1506,829
14780,1508,829
14781,1507,829
14782,1507,829
14783,1507,829
14784,1508,828
14785,1508,829
14786,1508,829
14787,1507,827
14788,1508,829
14789,1507,828
14790,1508,829
14791,1507,827
14792,1508,829
14793,1508,827
14794,1508,827
14795,1507,829
14796,1508,831
14797,1508,829
14798,1508,829
14799,1508,829
14800,1508,827
14801,1508,829
14802,1508,829
14803,1508,831
14804,1508,829
14805,1508,829
14806,1508,827
14807,1507,827
14808,1507,830
14809,1508,829
14810,1508,829
14811,1508,829
14812,1508,829
14813,1509,829
14814,1508,829
14815,1509,829
14816,1508,829
14817,1508,829
14818,1508,829
14819,1508,827
14820,1508,828
14821,1510,831
14822,1508,830
14823,1508,827
14824,1508,829
14825,1508,828
14826,1508,828
14827,1508,829
14828,1508,829
14829,1507,827
14830,1508,829
14831,1508,829
14832,1508,828
14833,1507,829
14834,1508,829
14835,1508,829
14836,1509,829
14837,1508,828
14838,1508,829
14839,1508,829
14840,1508,829
14841,1508,830
14842,1508,828
14843,1508,827
14844,1508,829
14845,1507,828
14846,1508,830
14847,1508,829
14848,1508,829
14849,1507,828
14850,1507,831
14851,1508,828
14852,1510,828
14853,1510,829
14854,1508,829
14855,1508,829
14856,1508,830
14857,1508,829
14858,1508,829
14859,1508,829
14860,1507,829
14861,1508,829
14862,1508,829
14863,1508,828
14864,1508,829
14865,1508,829
14866,1508,827
14867,1508,829
14868,1508,829
14869,1510,829
14870,1510,829
14871,1508,829
14872,1508,829
14873,1508,827
14874,1508,829
14875,1508,829
14876,1508,827
14877,1508,827
14878,1508,829
14879,1507,829
14880,1508,828
14881,1508,829
14882,1508,829
14883,1508,827
14884,1508,827
14885,1506,829
14886,1508,828
14887,1508,827
14888,1510,827
14889,1508,827
14890,1508,828
14891,1508,828
14892,1507,828
14893,1508,827
14894,1508,829
14895,1508,829
14896,1508,829
14897,1508,829
14898,1507,829
14899,1507,829
14900,1508,828
14901,1510,828
14902,1508,828
14903,1508,828
14904,1508,827
14905,1508,829
14906,1507,827
14907,1508,829
14908,1510,829
14909,1508,829
14910,1508,827
14911,1508,827
14912,1508,829
14913,1508,829
14914,1508,829
14915,1508,830
14916,1508,828
14917,1508,829
14918,1507,829
14919,1508,829
14920,1508,829
14921,1508,829
14922,1508,828
14923,1507,829
14924,1508,831
14925,1508,829
14926,1508,829
14927,1508,829
14928,1508,829
14929,1508,831
14930,1508,828
14931,1508,828
14932,1508,827
14933,1508,831
14934,1509,828
14935,1508,828
14936,1508,830
14937,1508,830
14938,1508,829
14939,1508,828
14940,1508,827
14941,1508,829
14942,1508,829
14943,1506,829
14944,1507,829
14945,1507,829
14946,1508,829
14947,1508,828
14948,1508,829
14949,1507,829
14950,1507,828
14951,1509,829
14952,1509,828
14953,1508,828
14954,1508,829
14955,1509,829
14956,1508,829
14957,1507,829
14958,1508,828
14959,1506,829
14960,1508,829
14961,1508,829
14962,1508,830
14963,1507,829
14964,1508,829
14965,1508,828
14966,1508,829
14967,1508,829
14968,1508,829
14969,1508,827
14970,1508,829
14971,1508,827
14972,1508,829
14973,1508,829
14974,1508,829
14975,1510,828
14976,1508,828
14977,1508,828
14978,1508,829
14979,1507,829
14980,1508,830
14981,1508,827
14982,1508,828
14983,1507,828
14984,1509,827
14985,1508,829
14986,1508,827
14987,1508,827
14988,1508,827
14989,1508,827
14990,1509,827
14991,1508,828
14992,1509,829
14993,1508,827
14994,1507,829
14995,1510,829
14996,1508,829
14997,1508,829
14998,1508,831
14999,1508,828
15000,1508,827
15001,1509,831
15002,1508,827
15003,1507,827
15004,1508,829
15005,1508,829
15006,1508,828
15007,1508,828
15008,1508,828
15009,1508,829
15010,1510,827
15011,1509,829
15012,1508,829
15013,1508,827
15014,1508,829
15015,1508,827
15016,1508,829
15017,1508,829
15018,1507,831
15019,1508,829
15020,1507,829
15021,1508,830
15022,1508,829
15023,1508,828
15024,1508,827
15025,1508,829
15026,1509,829
15027,1508,829
15028,1508,828
15029,1508,829
15030,1508,807
15031,1508,827
15032,1508,827
15033,1508,827
15034,1509,827
15035,1508,829
15036,1508,795
15037,1508,828
15038,1508,827
15039,1508,828
15040,1507,829
15041,1508,828
15042,1508,828
15043,1508,829
15044,1508,829
15045,1508,829
15046,1508,829
15047,1508,829
15048,1508,829
15049,1508,829
15050,1508,829
15051,1508,829
15052,1508,829
15053,1508,829
15054,1508,829
15055,1509,829
15056,1510,829
15057,1508,830
15058,1508,830
15059,1508,828
15060,1508,829
15061,1507,829
15062,1508,830
15063,1508,830
15064,1508,829
15065,1508,831
15066,1509,829
15067,1508,829
15068,1508,830
15069,1508,829
15070,1508,829
15071,1508,827
15072,1506,830
15073,1508,831
15074,1508,830
15075,1508,830
15076,1508,830
15077,1508,829
15078,1508,827
15079,1508,830
15080,1508,829
15081,1508,831
15082,1508,830
15083,1508,831
15084,1508,829
15085,1508,828
15086,1508,829
15087,1508,829
15088,1508,830
15089,1508,829
15090,1508,829
15091,1508,829
15092,1509,829
15093,1508,829
15094,1508,831
15095,1508,829
15096,1508,830
15097,1508,831
15098,1508,829
15099,1510,829
15100,1510,829
15101,1508,829
15102,1508,829
15103,1508,829
15104,1507,829
15105,1510,831
15106,1508,829
15107,1508,828
15108,1508,829
15109,1508,829
15110,1508,829
15111,1509,829
15112,1508,830
15113,1508,828
15114,1508,830
15115,1510,828
15116,1508,828
15117,1506,829
15118,1508,829
15119,1506,829
15120,1508,829
15121,1508,829
15122,1509,830
15123,1508,829
15124,1508,829
15125,1507,829
15126,1508,830
15127,1508,829
15128,1510,829
15129,1508,829
15130,1507,830
15131,1508,829
15132,1508,829
15133,1507,829
15134,1510,830
15135,1507,829
15136,1508,827
15137,1508,828
15138,1507,828
15139,1508,831
15140,1508,828
15141,1508,829
15142,1508,831
15143,1508,829
15144,1508,831
15145,1508,830
15146,1510,830
15147,1508,829
15148,1508,831
15149,1508,831
15150,1508,831
15151,1508,829
15152,1508,829
15153,1508,831
15154,1508,831
15155,1508,831
15156,1508,831
15157,1508,829
15158,1508,829
15159,1508,831
15160,1509,829
15161,1508,829
15162,1508,831
15163,1508,829
15164,1508,829
15165,1508,831
15166,1508,830
15167,1510,830
15168,1509,831
15169,1509,830
15170,1508,829
15171,1508,831
15172,1508,831
15173,1509,831
15174,1509,831
15175,1508,836
15176,1508,831
15177,1509,830
15178,1508,831
15179,1508,831
15180,1508,830
15181,1508,831
15182,1508,837
15183,1509,831
15184,1508,830
15185,1508,829
15186,1509,829
15187,1508,829
15188,1509,829
15189,1508,829
15190,1508,829
15191,1508,829
15192,1508,829
15193,1509,831
15194,1508,831
15195,1510,837
15196,1509,831
15197,1508,830
15198,1508,829
15199,1509,830
15200,1508,832
15201,1508,832
15202,1508,831
15203,1507,830
15204,1508,837
15205,1508,830
15206,1508,837
15207,1508,831
15208,1507,831
15209,1508,831
15210,1507,831
15211,1508,829
15212,1509,831
15213,1508,830
15214,1508,831
15215,1509,830
15216,1509,836
15217,1508,829
15218,1509,830
15219,1508,831
15220,1507,831
15221,1508,831
15222,1508,830
15223,1508,831
15224,1507,830
15225,1510,831
15226,1508,831
15227,1507,829
15228,1508,831
15229,1508,830
15230,1508,837
15231,1508,831
15232,1508,830
15233,1508,830
15234,1508,830
15235,1508,829
15236,1507,831
15237,1507,829
15238,1508,829
15239,1506,831
15240,1507,830
15241,1508,831
15242,1508,829
15243,1508,829
15244,1507,830
15245,1508,829
15246,1508,831
15247,1508,831
15248,1508,837
15249,1508,831
15250,1508,830
15251,1507,831
15252,1507,832
15253,1508,831
15254,1508,830
15255,1509,829
15256,1508,830
15257,1508,830
15258,1508,831
15259,1508,829
15260,1508,831
15261,1508,836
15262,1507,829
15263,1508,829
15264,1508,831
15265,1508,831
15266,1508,830
15267,1508,830
15268,1507,829
15269,1508,829
15270,1508,831
15271,1508,837
15272,1508,837
15273,1508,831
15274,1510,830
15275,1508,831
15276,1508,831
15277,1508,830
15278,1507,837
15279,1507,831
15280,1508,831
15281,1508,815
15282,1506,831
15283,1510,837
15284,1508,852
15285,1512,819
15286,1506,843
15287,1510,829
15288,1506,851
15289,1506,831
15290,1505,837
15291,1507,819
15292,1506,830
15293,1508,831
15294,1507,827
15295,1510,829
15296,1507,847
15297,1510,825
15298,1514,822
15299,1510,823
15300,1508,829
15301,1505,851
15302,1506,821
15303,1506,822
15304,1510,813
15305,1506,847
15306,1510,828
15307,1508,831
15308,1514,845
15309,1506,837
15310,1509,829
15311,1508,831
15312,1508,830
15313,1508,828
15314,1507,829
15315,1508,831
15316,1506,829
15317,1507,829
15318,1507,829
15319,1508,829
15320,1508,829
15321,1509,830
15322,1508,829
15323,1508,831
15324,1508,829
15325,1508,831
15326,1507,829
15327,1508,830
15328,1508,831
15329,1508,831
15330,1508,829
15331,1508,831
15332,1508,829
15333,1508,831
15334,1508,831
15335,1507,831
15336,1508,829
15337,1508,830
15338,1508,831
15339,1508,831
15340,1510,829
15341,1508,829
15342,1508,831
15343,1508,835
15344,1508,830
15345,1507,831
15346,1507,831
15347,1507,831
15348,1508,829
15349,1508,830
15350,1507,831
15351,1507,830
15352,1507,837
15353,1508,830
15354,1508,835
15355,1508,831
15356,1508,837
15357,1507,829
15358,1507,831
15359,1508,830
15360,1508,831
15361,1508,831
15362,1507,831
15363,1508,830
15364,1507,831
15365,1509,830
15366,1508,829
15367,1507,829
15368,1506,831
15369,1508,830
15370,1507,829
15371,1507,830
15372,1508,831
15373,1508,831
15374,1509,829
15375,1508,831
15376,1508,831
15377,1508,829
15378,1508,831
15379,1509,829
15380,1507,829
15381,1508,830
15382,1508,837
15383,1509,830
15384,1508,830
15385,1508,831
15386,1507,831
15387,1508,831
15388,1508,830
15389,1508,830
15390,1509,831
15391,1508,831
15392,1508,831
15393,1507,831
15394,1507,831
15395,1507,829
15396,1507,829
15397,1508,831
15398,1507,831
15399,1508,831
15400,1507,832
15401,1507,831
15402,1507,831
15403,1507,831
15404,1508,831
15405,1508,831
15406,1507,831
15407,1508,831
15408,1507,831
15409,1506,831
15410,1508,830
15411,1508,831
15412,1508,829
15413,1508,831
15414,1508,829
15415,1508,829
15416,1508,829
15417,1507,829
15418,1507,830
15419,1507,830
15420,1508,829
15421,1508,831
15422,1507,830
15423,1508,829
15424,1507,830
15425,1507,831
15426,1508,831
15427,1507,830
15428,1508,830
15429,1508,831
15430,1508,831
15431,1507,830
15432,1508,829
15433,1508,831
15434,1508,831
15435,1508,829
15436,1506,831
15437,1507,830
15438,1508,831
15439,1507,830
15440,1508,830
15441,1508,831
15442,1508,831
15443,1508,831
15444,1508,831
15445,1508,831
15446,1508,831
15447,1507,831
15448,1508,831
15449,1507,831
15450,1508,831
15451,1507,831
15452,1507,831
15453,1508,831
15454,1508,830
15455,1508,830
15456,1509,830
15457,1508,831
15458,1509,830
15459,1508,831
15460,1508,831
15461,1506,829
15462,1508,831
15463,1507,831
15464,1507,830
15465,1508,831
15466,1508,830
15467,1508,830
15468,1508,831
15469,1506,831
15470,1507,831
15471,1508,831
15472,1508,829
15473,1507,831
15474,1508,829
15475,1508,830
15476,1508,831
15477,1507,837
15478,1507,831
15479,1508,829
15480,1507,831
15481,1508,837
15482,1508,831
15483,1507,829
15484,1508,829
15485,1508,831
15486,1506,831
15487,1507,831
15488,1508,831
15489,1507,831
15490,1508,831
15491,1508,830
15492,1508,829
15493,1507,831
15494,1508,829
15495,1508,831
15496,1508,830
15497,1508,831
15498,1506,831
15499,1508,831
15500,1507,831
15501,1506,830
15502,1508,828
15503,1508,831
15504,1508,829
15505,1508,831
15506,1508,829
15507,1508,831
15508,1508,830
15509,1506,830
15510,1509,831
15511,1508,829
15512,1508,837
15513,1508,829
15514,1508,829
15515,1508,829
15516,1507,830
15517,1508,830
15518,1508,830
15519,1508,829
15520,1508,829
15521,1508,829
15522,1507,829
15523,1508,827
15524,1509,831
15525,1508,829
15526,1507,831
15527,1508,831
15528,1507,835
15529,1507,837
15530,1508,830
15531,1508,829
15532,1507,830
15533,1507,835
15534,1508,831
15535,1507,829
15536,1507,831
15537,1507,831
15538,1508,829
15539,1507,829
15540,1508,829
15541,1508,829
15542,1507,829
15543,1508,831
15544,1508,830
15545,1509,831
15546,1507,830
15547,1508,831
15548,1508,830
15549,1508,832
15550,1508,829
15551,1508,831
15552,1508,831
15553,1506,830
15554,1508,830
15555,1507,830
15556,1508,829
15557,1508,830
15558,1507,831
15559,1508,829
15560,1507,831
15561,1508,831
15562,1508,837
15563,1508,831
15564,1507,829
15565,1507,831
15566,1508,829
15567,1506,830
15568,1508,831
15569,1508,831
15570,1508,829
15571,1506,830
15572,1507,830
15573,1508,831
15574,1508,831
15575,1508,830
15576,1507,829
15577,1507,831
15578,1508,831
15579,1507,831
15580,1508,831
15581,1507,831
15582,1507,837
15583,1508,831
15584,1507,829
15585,1507,831
15586,1507,831
15587,1507,830
15588,1507,829
15589,1508,829
15590,1508,830
15591,1507,831
15592,1508,831
15593,1508,829
15594,1507,829
15595,1508,830
15596,1508,831
15597,1507,831
15598,1507,831
15599,1507,830
15600,1507,837
15601,1507,829
15602,1508,831
15603,1508,831
15604,1508,830
15605,1508,830
15606,1508,830
15607,1506,830
15608,1507,831
15609,1508,837
15610,1508,831
15611,1508,830
15612,1508,829
15613,1508,831
15614,1510,831
15615,1508,829
15616,1507,831
15617,1508,837
15618,1508,831
15619,1508,829
15620,1508,829
15621,1508,831
15622,1508,831
15623,1508,830
15624,1506,836
15625,1507,831
15626,1508,830
15627,1507,830
15628,1507,831
15629,1508,829
15630,1508,830
15631,1507,829
15632,1508,829
15633,1507,829
15634,1507,827
15635,1507,831
15636,1509,831
15637,1508,827
15638,1508,830
15639,1508,829
15640,1508,830
15641,1508,829
15642,1507,829
15643,1507,830
15644,1508,831
15645,1508,831
15646,1507,831
15647,1508,829
15648,1508,831
15649,1508,831
15650,1508,831
15651,1508,830
15652,1508,830
15653,1507,829
15654,1507,831
15655,1508,829
15656,1508,829
15657,1508,831
15658,1508,831
15659,1506,830
15660,1507,831
15661,1507,830
15662,1508,831
15663,1508,830
15664,1507,829
15665,1507,832
15666,1508,831
15667,1508,829
15668,1508,830
15669,1508,831
15670,1507,831
15671,1508,829
15672,1508,831
15673,1508,831
15674,1508,837
15675,1508,831
15676,1508,829
15677,1507,831
15678,1509,831
15679,1507,831
15680,1508,829
15681,1508,831
15682,1508,830
15683,1510,830
15684,1508,831
15685,1507,829
15686,1508,829
15687,1506,828
15688,1508,829
15689,1509,830
15690,1510,831
15691,1509,828
15692,1508,828
15693,1508,829
15694,1507,832
15695,1510,831
15696,1508,829
15697,1509,830
15698,1508,837
15699,1508,830
15700,1508,831
15701,1507,829
15702,1508,836
15703,1508,829
15704,1508,831
15705,1508,830
15706,1507,830
15707,1507,831
15708,1508,831
15709,1508,831
15710,1508,830
15711,1508,831
15712,1508,831
15713,1508,830
15714,1508,830
15715,1507,831
15716,1508,831
15717,1508,830
15718,1508,831
15719,1509,831
15720,1509,830
15721,1508,831
15722,1508,829
15723,1508,830
15724,1508,831
15725,1507,831
15726,1508,831
15727,1508,831
15728,1508,831
15729,1508,831
15730,1508,829
15731,1508,829
15732,1508,831
15733,1506,831
15734,1507,830
15735,1507,831
15736,1508,829
15737,1508,830
15738,1507,831
15739,1508,831
15740,1508,830
15741,1509,831
15742,1507,831
15743,1508,831
15744,1508,836
15745,1508,830
15746,1508,830
15747,1508,831
15748,1508,836
15749,1508,830
15750,1508,831
15751,1508,831
15752,1508,830
15753,1508,836
15754,1508,831
15755,1507,831
15756,1508,829
15757,1508,830
15758,1508,831
15759,1508,831
15760,1508,829
15761,1508,830
15762,1508,831
15763,1507,830
15764,1507,831
15765,1507,831
15766,1508,830
15767,1508,831
15768,1508,831
15769,1508,837
15770,1508,830
15771,1508,830
15772,1508,830
15773,1508,831
15774,1507,829
15775,1507,831
15776,1506,837
15777,1508,830
15778,1508,831
15779,1508,830
15780,1508,831
15781,1508,829
15782,1507,830
15783,1508,827
15784,1508,829
15785,1508,831
15786,1508,829
15787,1508,829
15788,1508,829
15789,1508,829
15790,1507,831
15791,1508,829
15792,1508,829
15793,1508,829
15794,1507,831
15795,1508,830
15796,1508,828
15797,1508,831
15798,1508,830
15799,1508,831
15800,1508,839
15801,1508,831
15802,1508,831
15803,1508,837
15804,1510,829
15805,1509,837
15806,1507,829
15807,1508,831
15808,1508,829
15809,1508,831
15810,1508,830
15811,1507,831
15812,1510,837
15813,1507,837
15814,1508,830
15815,1508,829
15816,1508,830
15817,1508,831
15818,1508,831
15819,1507,835
15820,1508,829
15821,1508,831
15822,1507,836
15823,1508,831
15824,1508,831
15825,1508,831
15826,1508,830
15827,1507,831
15828,1508,831
15829,1507,830
15830,1508,830
15831,1507,830
15832,1508,830
15833,1508,831
15834,1509,830
15835,1509,831
15836,1508,832
15837,1508,831
15838,1506,830
15839,1508,829
15840,1508,830
15841,1508,831
15842,1507,831
15843,1508,827
15844,1508,831
15845,1508,831
15846,1507,830
15847,1508,830
15848,1508,829
15849,1506,831
15850,1508,837
15851,1507,829
15852,1508,829
15853,1508,829
15854,1507,831
15855,1508,837
15856,1506,832
15857,1508,830
15858,1506,837
15859,1508,837
15860,1508,830
15861,1508,831
15862,1507,837
15863,1508,831
15864,1508,830
15865,1508,831
15866,1508,829
15867,1507,839
15868,1509,836
15869,1508,830
15870,1508,831
15871,1508,830
15872,1510,831
15873,1507,830
15874,1508,837
15875,1508,829
15876,1508,831
15877,1508,830
15878,1508,830
15879,1508,828
15880,1508,831
15881,1507,831
15882,1508,831
15883,1508,829
15884,1508,829
15885,1508,829
15886,1509,830
15887,1508,831
15888,1508,829
15889,1508,829
15890,1508,829
15891,1507,829
15892,1507,831
15893,1508,831
15894,1507,831
15895,1508,831
15896,1508,829
15897,1508,831
15898,1508,837
15899,1508,831
15900,1508,830
15901,1507,831
15902,1508,831
15903,1508,830
15904,1507,829
15905,1508,831
15906,1508,831
15907,1508,836
15908,1506,831
15909,1507,831
15910,1510,831
15911,1508,830
15912,1507,831
15913,1508,830
15914,1507,831
15915,1508,831
15916,1508,831
15917,1508,829
15918,1506,831
15919,1507,831
15920,1508,837
15921,1508,830
15922,1508,829
15923,1508,832
15924,1508,830
15925,1508,831
15926,1508,831
15927,1508,829
15928,1508,831
15929,1508,829
15930,1508,831
15931,1508,831
15932,1508,830
15933,1510,829
15934,1508,829
15935,1507,830
15936,1508,831
15937,1507,837
15938,1508,831
15939,1508,837
15940,1507,837
15941,1508,829
15942,1506,831
15943,1508,831
15944,1508,831
15945,1508,831
15946,1507,831
15947,1507,831
15948,1508,831
15949,1507,831
15950,1508,831
15951,1508,830
15952,1508,831
15953,1508,829
15954,1508,829
15955,1508,831
15956,1508,831
15957,1508,831
15958,1508,831
15959,1508,832
15960,1507,831
15961,1508,831
15962,1508,831
15963,1508,831
15964,1508,831
15965,1506,830
15966,1508,830
15967,1508,831
15968,1507,830
15969,1507,831
15970,1508,830
15971,1507,837
15972,1508,831
15973,1508,830
15974,1508,829
15975,1508,829
15976,1510,831
15977,1508,831
15978,1508,830
15979,1508,837
15980,1508,831
15981,1508,837
15982,1509,869
15983,1508,829
15984,1508,829
15985,1508,829
15986,1508,828
15987,1507,829
15988,1507,831
15989,1507,829
15990,1508,829
15991,1508,829
15992,1507,829
15993,1507,830
15994,1506,830
15995,1508,831
15996,1507,831
15997,1506,829
15998,1508,831
15999,1507,830
16000,1508,837
16001,1508,831
16002,1508,829
16003,1508,829
16004,1508,831
16005,1506,830
16006,1507,831
16007,1507,829
16008,1506,831
16009,1506,831
16010,1507,830
16011,1507,829
16012,1508,831
16013,1507,831
16014,1507,831
16015,1507,831
16016,1508,831
16017,1508,831
16018,1507,828
16019,1508,830
16020,1507,830
16021,1507,831
16022,1507,837
16023,1508,830
16024,1508,830
16025,1508,831
16026,1508,830
16027,1508,830
16028,1508,830
16029,1507,830
16030,1507,831
16031,1508,829
16032,1507,831
16033,1507,829
16034,1506,828
16035,1509,829
16036,1507,831
16037,1508,830
16038,1507,829
16039,1507,829
16040,1507,829
16041,1508,829
16042,1507,839
16043,1508,830
16044,1507,831
16045,1508,831
16046,1507,831
16047,1507,837
16048,1508,831
16049,1506,837
16050,1507,831
16051,1508,830
16052,1508,829
16053,1508,831
16054,1509,831
16055,1508,829
16056,1508,830
16057,1508,831
16058,1510,831
16059,1508,831
16060,1508,830
16061,1508,830
16062,1507,831
16063,1507,829
16064,1508,837
16065,1508,830
16066,1508,830
16067,1508,829
16068,1508,830
16069,1508,831
16070,1508,831
16071,1508,831
16072,1508,831
16073,1508,832
16074,1508,831
16075,1508,831
16076,1508,831
16077,1507,830
16078,1508,831
16079,1508,831
16080,1508,829
16081,1508,830
16082,1508,830
16083,1508,831
16084,1509,830
16085,1508,830
16086,1507,829
16087,1507,831
16088,1507,831
16089,1508,831
16090,1508,829
16091,1508,829
16092,1510,836
16093,1507,837
16094,1507,831
16095,1508,830
16096,1507,829
16097,1508,831
16098,1507,830
16099,1507,831
16100,1508,830
16101,1508,831
16102,1507,831
16103,1508,830
16104,1508,831
16105,1508,831
16106,1508,830
16107,1508,831
16108,1508,831
16109,1510,830
16110,1508,830
16111,1508,830
16112,1507,831
16113,1508,831
16114,1507,830
16115,1507,830
16116,1508,830
16117,1508,830
16118,1508,831
16119,1508,831
16120,1507,831
16121,1508,831
16122,1508,831
16123,1508,831
16124,1507,831
16125,1507,831
16126,1508,837
16127,1506,831
16128,1508,831
16129,1507,831
16130,1507,831
16131,1508,829
16132,1508,831
16133,1506,830
16134,1507,829
16135,1506,829
16136,1508,831
16137,1508,831
16138,1508,831
16139,1508,831
16140,1507,829
16141,1508,829
16142,1508,831
16143,1507,829
16144,1507,831
16145,1508,831
16146,1508,829
16147,1508,837
16148,1507,831
16149,1508,830
16150,1508,830
16151,1508,837
16152,1507,831
16153,1508,831
16154,1508,831
16155,1507,831
16156,1506,831
16157,1507,829
16158,1507,831
16159,1507,837
16160,1508,830
16161,1507,831
16162,1508,831
16163,1508,830
16164,1508,831
16165,1508,831
16166,1508,830
16167,1508,831
16168,1507,831
16169,1508,831
16170,1507,830
16171,1507,831
16172,1507,831
16173,1507,831
16174,1506,831
16175,1508,831
16176,1508,831
16177,1508,839
16178,1508,831
16179,1508,831
16180,1508,828
16181,1508,831
16182,1508,831
16183,1508,830
16184,1507,830
16185,1507,830
16186,1507,829
16187,1508,831
16188,1508,829
16189,1507,829
16190,1507,829
16191,1508,831
16192,1508,829
16193,1508,829
16194,1506,837
16195,1507,831
16196,1506,831
16197,1507,829
16198,1508,831
16199,1507,831
16200,1509,830
16201,1507,830
16202,1508,831
16203,1507,831
16204,1508,837
16205,1508,829
16206,1508,831
16207,1508,831
16208,1508,837
16209,1507,832
16210,1506,837
16211,1507,829
16212,1508,831
16213,1507,831
16214,1508,837
16215,1506,831
16216,1508,831
16217,1508,830
16218,1507,831
16219,1508,830
16220,1507,830
16221,1507,829
16222,1507,831
16223,1508,829
16224,1508,830
16225,1508,832
16226,1508,829
16227,1507,831
16228,1508,831
16229,1506,829
16230,1508,837
16231,1508,831
16232,1507,830
16233,1507,830
16234,1508,837
16235,1507,831
16236,1507,831
16237,1508,831
16238,1508,829
16239,1507,831
16240,1508,831
16241,1507,837
16242,1507,831
16243,1508,831
16244,1508,837
16245,1507,837
16246,1507,831
16247,1507,829
16248,1506,829
16249,1506,830
16250,1508,831
16251,1508,829
16252,1509,838
16253,1506,831
16254,1509,829
16255,1509,832
16256,1507,829
16257,1507,831
16258,1508,829
16259,1508,831
16260,1507,831
16261,1506,831
16262,1507,829
16263,1508,831
16264,1510,836
16265,1508,831
16266,1508,830
16267,1507,831
16268,1507,831
16269,1506,831
16270,1507,837
16271,1507,831
16272,1507,831
16273,1507,831
16274,1507,829
16275,1508,831
16276,1507,831
16277,1508,837
16278,1508,830
16279,1508,831
16280,1508,831
16281,1508,830
16282,1508,831
16283,1508,829
16284,1506,829
16285,1508,829
16286,1508,829
16287,1508,829
16288,1508,830
16289,1508,830
16290,1508,831
16291,1508,830
16292,1508,830
16293,1508,829
16294,1506,829
16295,1508,830
16296,1508,831
16297,1508,831
16298,1508,831
16299,1508,829
16300,1507,831
16301,1508,831
16302,1506,836
16303,1508,831
16304,1506,837
16305,1508,831
16306,1508,831
16307,1508,831
16308,1508,831
16309,1508,830
16310,1507,831
16311,1508,830
16312,1508,829
16313,1507,831
16314,1507,831
16315,1508,837
16316,1507,831
16317,1508,831
16318,1508,830
16319,1508,832
16320,1506,831
16321,1508,837
16322,1508,831
16323,1508,831
16324,1508,830
16325,1508,831
16326,1507,837
16327,1508,832
16328,1508,831
16329,1508,837
16330,1507,830
16331,1508,830
16332,1508,831
16333,1507,831
16334,1508,831
16335,1507,831
16336,1508,829
16337,1508,831
16338,1508,831
16339,1508,829
16340,1507,831
16341,1509,829
16342,1507,830
16343,1508,831
16344,1507,831
16345,1506,831
16346,1507,831
16347,1506,832
16348,1508,837
16349,1507,830
16350,1508,831
16351,1508,830
16352,1508,831
16353,1508,831
16354,1507,831
16355,1508,831
16356,1506,829
16357,1507,831
16358,1507,831
16359,1507,831
16360,1508,831
16361,1508,837
16362,1508,831
16363,1507,831
16364,1506,831
16365,1507,831
16366,1507,831
16367,1508,831
16368,1508,831
16369,1508,831
16370,1507,831
16371,1508,831
16372,1508,830
16373,1508,831
16374,1507,830
16375,1508,831
16376,1507,829
16377,1507,831
16378,1507,831
16379,1508,831
16380,1508,831
16381,1508,830
16382,1507,829
16383,1508,829
16384,1507,829
16385,1508,829
16386,1507,829
16387,1508,830
16388,1508,829
16389,1507,829
16390,1508,829
16391,1507,831
16392,1508,829
16393,1508,830
16394,1508,831
16395,1508,831
16396,1506,830
16397,1508,835
16398,1508,831
16399,1507,832
16400,1506,831
16401,1508,831
16402,1508,837
16403,1508,831
16404,1508,831
16405,1508,831
16406,1507,832
16407,1508,832
16408,1507,831
16409,1509,829
16410,1508,831
16411,1508,829
16412,1508,831
16413,1507,831
16414,1508,831
16415,1506,831
16416,1507,831
16417,1508,831
16418,1507,831
16419,1508,831
16420,1507,831
16421,1509,831
16422,1508,830
16423,1508,836
16424,1506,831
16425,1508,831
16426,1508,829
16427,1508,831
16428,1508,831
16429,1509,831
16430,1508,829
16431,1508,831
16432,1508,829
16433,1508,830
16434,1508,831
16435,1507,831
16436,1507,831
16437,1508,831
16438,1508,831
16439,1507,829
16440,1508,829
16441,1508,829
16442,1508,836
16443,1508,837
16444,1508,829
16445,1507,831
16446,1508,831
16447,1509,831
16448,1508,837
16449,1508,831
16450,1508,830
16451,1507,831
16452,1508,830
16453,1508,830
16454,1508,831
16455,1508,836
16456,1508,831
16457,1508,829
16458,1506,831
16459,1508,831
16460,1508,830
16461,1508,829
16462,1508,830
16463,1508,831
16464,1508,831
16465,1508,831
16466,1508,830
16467,1507,831
16468,1508,829
16469,1508,831
16470,1507,831
16471,1508,831
16472,1508,830
16473,1507,831
16474,1508,829
16475,1508,831
16476,1508,831
16477,1508,832
16478,1508,831
16479,1507,831
16480,1508,831
16481,1508,831
16482,1508,831
16483,1508,830
16484,1508,831
16485,1508,829
16486,1508,829
16487,1508,829
16488,1510,831
16489,1508,829
16490,1509,829
16491,1508,829
16492,1509,829
16493,1507,829
16494,1508,831
16495,1508,829
16496,1508,831
16497,1508,831
16498,1508,829
16499,1506,831
16500,1508,837
16501,1509,831
16502,1508,836
16503,1507,831
16504,1507,831
16505,1507,831
16506,1508,831
16507,1507,831
16508,1508,829
16509,1507,831
16510,1507,831
16511,1508,836
16512,1507,831
16513,1506,837
16514,1507,831
16515,1506,831
16516,1507,830
16517,1507,831
16518,1508,837
16519,1508,830
16520,1507,831
16521,1508,831
16522,1507,838
16523,1508,830
16524,1508,829
16525,1508,831
16526,1509,830
16527,1507,831
16528,1508,831
16529,1507,837
16530,1508,830
16531,1508,829
16532,1507,830
16533,1507,831
16534,1508,831
16535,1507,831
16536,1508,829
16537,1507,829
16538,1508,829
16539,1508,831
16540,1508,831
16541,1507,831
16542,1508,831
16543,1507,831
16544,1508,830
16545,1507,830
16546,1508,831
16547,1508,830
16548,1509,831
16549,1508,831
16550,1508,830
16551,1507,830
16552,1506,831
16553,1508,837
16554,1507,831
16555,1506,831
16556,1506,837
16557,1507,831
16558,1507,831
16559,1508,831
16560,1506,830
16561,1507,831
16562,1507,831
16563,1508,831
16564,1507,836
16565,1508,830
16566,1507,831
16567,1507,831
16568,1507,831
16569,1507,831
16570,1507,831
16571,1506,830
16572,1507,830
16573,1507,830
16574,1507,836
16575,1507,830
16576,1508,831
16577,1507,831
16578,1507,829
16579,1508,831
16580,1507,831
16581,1508,831
16582,1508,829
16583,1508,831
16584,1507,831
16585,1507,831
16586,1508,831
16587,1507,831
16588,1507,831
16589,1508,831
16590,1508,829
16591,1508,830
16592,1508,830
16593,1507,830
16594,1508,830
16595,1507,831
16596,1507,831
16597,1508,831
16598,1508,831
16599,1508,830
16600,1508,829
16601,1508,831
16602,1507,835
16603,1508,831
16604,1508,831
16605,1506,829
16606,1507,836
16607,1508,837
16608,1508,831
16609,1508,829
16610,1506,831
16611,1506,831
16612,1508,831
16613,1509,831
16614,1508,836
16615,1507,829
16616,1509,831
16617,1508,830
16618,1508,831
16619,1508,830
16620,1508,837
16621,1509,831
16622,1508,831
16623,1507,831
16624,1509,831
16625,1507,831
16626,1507,829
16627,1507,831
16628,1507,830
16629,1507,829
16630,1507,831
16631,1508,838
16632,1507,829
16633,1507,830
16634,1507,831
16635,1507,829
16636,1508,831
16637,1508,829
16638,1508,831
16639,1508,829
16640,1508,829
16641,1508,830
16642,1507,829
16643,1507,829
16644,1508,831
16645,1508,831
16646,1508,831
16647,1508,829
16648,1507,831
16649,1507,830
16650,1508,831
16651,1508,830
16652,1508,830
16653,1507,831
16654,1508,837
16655,1508,830
16656,1508,832
16657,1508,831
16658,1508,831
16659,1507,831
16660,1508,831
16661,1507,831
16662,1508,830
16663,1507,830
16664,1508,830
16665,1508,831
16666,1507,829
16667,1507,829
16668,1508,829
16669,1509,829
16670,1508,829
16671,1508,832
16672,1508,836
16673,1508,830
16674,1508,830
16675,1508,831
16676,1507,831
16677,1508,829
16678,1508,831
16679,1508,829
16680,1508,837
16681,1508,830
16682,1507,831
16683,1508,829
16684,1507,829
16685,1508,831
16686,1508,829
16687,1509,829
16688,1508,829
16689,1508,839
16690,1508,829
16691,1506,829
16692,1507,831
16693,1507,830
16694,1507,829
16695,1508,830
16696,1507,830
16697,1508,829
16698,1508,836
16699,1507,831
16700,1508,830
16701,1508,829
16702,1508,830
16703,1508,832
16704,1508,829
16705,1508,829
16706,1508,831
16707,1509,829
16708,1507,831
16709,1508,830
16710,1507,836
16711,1508,830
16712,1508,831
16713,1508,831
16714,1506,831
16715,1508,831
16716,1507,831
16717,1508,831
16718,1508,829
16719,1508,831
16720,1508,838
16721,1508,836
16722,1508,829
16723,1508,830
16724,1507,831
16725,1508,829
16726,1507,830
16727,1508,831
16728,1508,830
16729,1507,829
16730,1509,831
16731,1506,837
16732,1508,837
16733,1507,831
16734,1506,830
16735,1508,831
16736,1508,831
16737,1508,831
16738,1508,837
16739,1508,831
16740,1507,831
16741,1508,831
16742,1508,831
16743,1506,829
16744,1508,831
16745,1508,830
16746,1507,831
16747,1508,831
16748,1508,831
16749,1507,829
16750,1507,830
16751,1507,829
16752,1508,829
16753,1509,830
16754,1507,831
16755,1507,831
16756,1508,831
16757,1508,830
16758,1508,829
16759,1509,831
16760,1508,831
16761,1508,831
16762,1507,830
16763,1507,831
16764,1508,830
16765,1507,829
16766,1508,837
16767,1508,829
16768,1508,831
16769,1508,831
16770,1507,830
16771,1508,831
16772,1508,831
16773,1508,836
16774,1508,837
16775,1508,830
16776,1508,830
16777,1508,831
16778,1508,831
16779,1508,831
16780,1508,830
16781,1508,830
16782,1507,831
16783,1508,831
16784,1508,829
16785,1508,831
16786,1508,829
16787,1507,829
16788,1508,828
16789,1508,829
16790,1507,829
16791,1508,829
16792,1508,830
16793,1507,829
16794,1507,829
16795,1507,830
16796,1508,829
16797,1508,837
16798,1508,830
16799,1508,831
16800,1508,830
16801,1507,837
16802,1508,837
16803,1508,831
16804,1509,831
16805,1508,829
16806,1508,836
16807,1507,831
16808,1508,831
16809,1508,837
16810,1508,832
16811,1510,831
16812,1510,836
16813,1507,831
16814,1509,830
16815,1508,839
16816,1508,837
16817,1508,831
16818,1508,831
16819,1508,831
16820,1508,831
16821,1508,837
16822,1508,831
16823,1508,839
16824,1508,831
16825,1508,837
16826,1508,837
16827,1508,831
16828,1509,831
16829,1508,830
16830,1506,831
16831,1508,831
16832,1508,831
16833,1508,831
16834,1508,836
16835,1508,831
16836,1508,837
16837,1507,831
16838,1508,831
16839,1508,831
16840,1508,832
16841,1510,831
16842,1508,831
16843,1508,831
16844,1508,837
16845,1508,831
16846,1508,831
16847,1508,831
16848,1510,830
16849,1508,837
16850,1508,831
16851,1508,831
16852,1508,831
16853,1508,837
16854,1507,831
16855,1508,831
16856,1508,831
16857,1507,831
16858,1508,837
16859,1508,831
16860,1506,831
16861,1507,836
16862,1506,831
16863,1508,831
16864,1508,838
16865,1508,837
16866,1508,831
16867,1507,837
16868,1507,837
16869,1508,831
16870,1508,831
16871,1508,830
16872,1509,831
16873,1508,837
16874,1507,830
16875,1508,837
16876,1510,831
16877,1506,837
16878,1508,830
16879,1508,837
16880,1508,829
16881,1509,831
16882,1507,837
16883,1508,829
16884,1507,831
16885,1508,831
16886,1508,837
16887,1508,831
16888,1508,829
16889,1508,831
16890,1508,837
16891,1507,830
16892,1507,831
16893,1508,831
16894,1507,838
16895,1507,831
16896,1508,838
16897,1506,831
16898,1508,831
16899,1508,837
16900,1508,831
16901,1507,832
16902,1508,831
16903,1507,837
16904,1508,831
16905,1508,831
16906,1508,839
16907,1508,837
16908,1507,837
16909,1506,837
16910,1506,837
16911,1507,831
16912,1507,831
16913,1508,831
16914,1508,838
16915,1507,831
16916,1507,837
16917,1508,837
16918,1508,839
16919,1507,831
16920,1510,847
16921,1508,808
16922,1508,852
16923,1509,851
16924,1506,819
16925,1508,837
16926,1507,837
16927,1508,831
16928,1508,837
16929,1508,837
16930,1506,836
16931,1508,831
16932,1509,831
16933,1508,831
16934,1508,831
16935,1508,831
16936,1508,838
16937,1508,831
16938,1508,837
16939,1508,837
16940,1508,836
16941,1508,838
16942,1508,831
16943,1508,832
16944,1509,837
16945,1508,831
16946,1508,837
16947,1508,831
16948,1508,839
16949,1509,831
16950,1508,837
16951,1507,829
16952,1508,837
16953,1508,831
16954,1507,830
16955,1508,831
16956,1507,831
16957,1508,837
16958,1508,837
16959,1508,831
16960,1508,837
16961,1510,830
16962,1508,831
16963,1507,831
16964,1508,831
16965,1508,838
16966,1508,830
16967,1508,837
16968,1508,837
16969,1507,837
16970,1507,837
16971,1508,839
16972,1508,831
16973,1508,831
16974,1508,838
16975,1508,831
16976,1509,836
16977,1508,830
16978,1508,836
16979,1508,831
16980,1508,837
16981,1506,838
16982,1507,832
16983,1506,831
16984,1506,838
16985,1508,829
16986,1508,830
16987,1508,831
16988,1508,830
16989,1506,830
16990,1508,830
16991,1509,837
16992,1508,830
16993,1510,831
16994,1507,831
16995,1508,831
16996,1508,831
16997,1508,839
16998,1507,837
16999,1508,838
17000,1507,838
17001,1506,831
17002,1509,837
17003,1509,837
17004,1508,830
17005,1508,830
17006,1508,832
17007,1508,838
17008,1508,831
17009,1508,837
17010,1507,837
17011,1508,831
17012,1508,839
17013,1507,831
17014,1508,831
17015,1508,837
17016,1508,831
17017,1509,831
17018,1508,831
17019,1507,831
17020,1508,830
17021,1508,837
17022,1507,831
17023,1507,837
17024,1507,837
17025,1508,837
17026,1506,831
17027,1508,837
17028,1508,837
17029,1508,839
17030,1507,836
17031,1507,831
17032,1508,831
17033,1508,837
17034,1508,831
17035,1508,831
17036,1508,831
17037,1508,831
17038,1508,831
17039,1496,837
17040,1508,831
17041,1507,836
17042,1508,835
17043,1508,836
17044,1507,839
17045,1506,832
17046,1507,839
17047,1507,832
17048,1506,837
17049,1508,838
17050,1507,838
17051,1508,831
17052,1508,832
17053,1507,837
17054,1507,837
17055,1508,837
17056,1508,838
17057,1508,839
17058,1506,839
17059,1506,838
17060,1508,839
17061,1507,832
17062,1507,838
17063,1506,836
17064,1507,837
17065,1507,837
17066,1507,832
17067,1506,839
17068,1506,839
17069,1507,839
17070,1508,837
17071,1506,838
17072,1508,838
17073,1508,839
17074,1507,837
17075,1507,839
17076,1507,832
17077,1508,839
17078,1508,837
17079,1507,838
17080,1510,839
17081,1507,837
17082,1508,839
17083,1508,838
17084,1508,839
17085,1507,839
17086,1508,838
17087,1507,838
17088,1508,839
17089,1507,838
17090,1506,837
17091,1508,831
17092,1507,837
17093,1508,839
17094,1508,831
17095,1508,837
17096,1507,831
17097,1508,831
17098,1506,838
17099,1508,831
17100,1506,832
17101,1508,839
17102,1508,838
17103,1508,831
17104,1506,838
17105,1508,837
17106,1507,836
17107,1508,837
17108,1508,837
17109,1506,839
17110,1508,837
17111,1507,837
17112,1506,837
17113,1507,835
17114,1507,839
17115,1507,837
17116,1507,831
17117,1508,837
17118,1508,837
17119,1506,831
17120,1506,836
17121,1507,837
17122,1507,837
17123,1508,836
17124,1507,839
17125,1508,838
17126,1508,838
17127,1508,839
17128,1507,837
17129,1507,836
17130,1508,838
17131,1508,831
17132,1507,837
17133,1507,831
17134,1507,830
17135,1508,829
17136,1508,837
17137,1508,837
17138,1508,832
17139,1508,831
17140,1508,831
17141,1507,831
17142,1508,832
17143,1508,837
17144,1507,831
17145,1508,837
17146,1507,837
17147,1508,837
17148,1508,837
17149,1508,838
17150,1508,831
17151,1508,837
17152,1508,831
17153,1506,836
17154,1508,838
17155,1508,837
17156,1508,837
17157,1507,837
17158,1508,837
17159,1507,831
17160,1507,831
17161,1506,837
17162,1507,832
17163,1508,837
17164,1508,831
17165,1507,831
17166,1507,837
17167,1508,837
17168,1508,837
17169,1508,831
17170,1506,831
17171,1506,839
17172,1508,837
17173,1508,837
17174,1507,837
17175,1509,836
17176,1509,831
17177,1508,831
17178,1507,832
17179,1508,837
17180,1508,831
17181,1508,831
17182,1507,837
17183,1507,831
17184,1507,831
17185,1508,830
17186,1508,830
17187,1508,830
17188,1507,836
17189,1507,831
17190,1508,831
17191,1508,831
17192,1508,829
17193,1508,829
17194,1508,837
17195,1507,837
17196,1508,831
17197,1508,837
17198,1508,837
17199,1508,831
17200,1508,829
17201,1508,837
17202,1508,831
17203,1509,836
17204,1508,831
17205,1508,837
17206,1508,831
17207,1508,838
17208,1508,831
17209,1508,831
17210,1507,837
17211,1508,832
17212,1507,831
17213,1506,831
17214,1507,837
17215,1507,831
17216,1506,831
17217,1508,831
17218,1508,830
17219,1507,830
17220,1507,837
17221,1508,831
17222,1508,831
17223,1506,831
17224,1507,830
17225,1508,829
17226,1506,829
17227,1508,829
17228,1508,829
17229,1508,829
17230,1507,829
17231,1508,828
17232,1507,829
17233,1508,828
17234,1508,829
17235,1508,829
17236,1508,827
17237,1507,829
17238,1508,827
17239,1508,829
17240,1510,827
17241,1509,828
17242,1508,827
17243,1508,827
17244,1508,828
17245,1508,827
17246,1508,826
17247,1508,827
17248,1508,825
17249,1508,826
17250,1508,824
17251,1507,823
17252,1508,824
17253,1508,823
17254,1508,823
17255,1507,821
17256,1508,823
17257,1508,822
17258,1508,821
17259,1508,822
17260,1507,821
17261,1508,821
17262,1508,819
17263,1508,819
17264,1508,819
17265,1508,819
17266,1508,816
17267,1508,819
17268,1508,819
17269,1507,815
17270,1507,813
17271,1507,815
17272,1507,813
17273,1508,813
17274,1508,813
17275,1508,813
17276,1507,812
17277,1507,813
17278,1508,811
17279,1508,810
17280,1508,809
17281,1508,809
17282,1508,809
17283,1508,807
17284,1507,765
17285,1508,807
17286,1508,806
17287,1508,807
17288,1509,805
17289,1507,805
17290,1507,803
17291,1506,803
17292,1509,799
17293,1508,799
17294,1507,803
17295,1508,803
17296,1508,803
17297,1507,797
17298,1507,799
17299,1507,797
17300,1508,798
17301,1508,795
17302,1507,796
17303,1507,795
17304,1507,793
17305,1507,795
17306,1507,795
17307,1508,792
17308,1508,792
17309,1507,791
17310,1507,791
17311,1508,789
17312,1508,791
17313,1508,788
17314,1508,789
17315,1508,787
17316,1508,789
17317,1508,787
17318,1508,787
17319,1508,784
17320,1508,783
17321,1508,781
17322,1506,781
17323,1508,781
17324,1508,781
17325,1506,779
17326,1507,779
17327,1508,777
17328,1507,776
17329,1508,776
17330,1508,775
17331,1508,775
17332,1507,775
17333,1507,774
17334,1507,774
17335,1508,773
17336,1508,767
17337,1508,767
17338,1507,767
17339,1508,766
17340,1508,766
17341,1508,765
17342,1508,765
17343,1508,765
17344,1506,765
17345,1508,764
17346,1506,763
17347,1506,762
17348,1506,761
17349,1506,761
17350,1508,759
17351,1508,759
17352,1507,759
17353,1507,757
17354,1508,759
17355,1507,759
17356,1508,759
17357,1508,758
17358,1506,757
17359,1507,756
17360,1508,755
17361,1506,751
17362,1508,751
17363,1508,751
17364,1508,750
17365,1507,748
17366,1508,749
17367,1507,747
17368,1508,749
17369,1506,747
17370,1507,747
17371,1507,745
17372,1508,745
17373,1508,745
17374,1507,744
17375,1507,743
17376,1507,742
17377,1508,742
17378,1508,739
17379,1506,739
17380,1507,737
17381,1509,739
17382,1508,735
17383,1507,734
17384,1507,733
17385,1507,731
17386,1508,731
17387,1507,731
17388,1506,729
17389,1507,729
17390,1507,729
17391,1508,727
17392,1507,727
17393,1506,727
17394,1507,725
17395,1506,725
17396,1507,725
17397,1508,724
17398,1506,723
17399,1508,723
17400,1508,721
17401,1507,719
17402,1507,719
17403,1507,717
17404,1508,715
17405,1506,717
17406,1506,717
17407,1506,714
17408,1508,713
17409,1506,713
17410,1506,713
17411,1507,711
17412,1508,709
17413,1507,712
17414,1507,710
17415,1507,709
17416,1508,702
17417,1507,703
17418,1508,700
17419,1507,699
17420,1507,701
17421,1506,701
17422,1508,699
17423,1506,699
17424,1507,697
17425,1508,697
17426,1506,695
17427,1508,694
17428,1506,694
17429,1507,691
17430,1507,692
17431,1507,687
17432,1507,687
17433,1508,688
17434,1507,687
17435,1508,685
17436,1508,687
17437,1508,684
17438,1507,683
17439,1508,683
17440,1508,681
17441,1507,683
17442,1507,681
17443,1506,680
17444,1507,679
17445,1508,679
17446,1507,677
17447,1508,678
17448,1508,675
17449,1508,677
17450,1506,675
17451,1506,675
17452,1508,675
17453,1506,672
17454,1507,671
17455,1506,668
17456,1507,669
17457,1507,668
17458,1507,668
17459,1508,669
17460,1508,667
17461,1508,666
17462,1508,666
17463,1508,663
17464,1507,663
17465,1507,662
17466,1508,661
17467,1507,662
17468,1506,661
17469,1507,658
17470,1507,660
17471,1507,655
17472,1507,655
17473,1507,655
17474,1507,652
17475,1506,655
17476,1507,653
17477,1507,653
17478,1508,650
17479,1507,648
17480,1507,649
17481,1507,647
17482,1506,647
17483,1506,646
17484,1508,645
17485,1507,644
17486,1506,639
17487,1507,639
17488,1507,637
17489,1507,637
17490,1507,635
17491,1506,635
17492,1506,635
17493,1508,635
17494,1508,635
17495,1506,633
17496,1508,633
17497,1507,631
17498,1506,631
17499,1507,629
17500,1506,629
17501,1506,629
17502,1508,628
17503,1507,628
17504,1508,627
17505,1508,623
17506,1507,623
17507,1508,623
17508,1508,623
17509,1507,621
17510,1508,621
17511,1506,619
17512,1507,621
17513,1507,619
17514,1506,617
17515,1506,616
17516,1507,617
17517,1507,617
17518,1507,617
17519,1507,615
17520,1507,613
17521,1506,613
17522,1507,611
17523,1508,613
17524,1507,613
17525,1507,612
17526,1506,611
17527,1508,612
17528,1507,611
17529,1506,607
17530,1507,607
17531,1508,605
17532,1508,604
17533,1507,605
17534,1508,605
17535,1507,603
17536,1506,603
17537,1506,601
17538,1508,602
17539,1508,602
17540,1508,601
17541,1508,601
17542,1508,601
17543,1508,601
17544,1507,601
17545,1507,601
17546,1506,599
17547,1508,597
17548,1508,599
17549,1506,599
17550,1506,600
17551,1507,597
17552,1507,598
17553,1507,596
17554,1507,596
17555,1508,595
17556,1507,597
17557,1507,595
17558,1507,593
17559,1507,594
17560,1506,594
17561,1507,595
17562,1508,589
17563,1508,588
17564,1507,589
17565,1507,589
17566,1506,589
17567,1507,587
17568,1507,587
17569,1507,586
17570,1507,585
17571,1508,586
17572,1507,584
17573,1507,585
17574,1508,585
17575,1508,584
17576,1507,583
17577,1508,583
17578,1508,581
17579,1508,581
17580,1507,581
17581,1508,576
17582,1507,576
17583,1508,575
17584,1508,580
17585,1507,575
17586,1508,574
17587,1507,575
17588,1506,573
17589,1508,573
17590,1507,574
17591,1506,572
17592,1506,571
17593,1508,571
17594,1508,571
17595,1507,569
17596,1507,571
17597,1507,570
17598,1508,568
17599,1508,568
17600,1508,569
17601,1508,570
17602,1508,568
17603,1508,568
17604,1506,566
17605,1506,566
17606,1506,567
17607,1507,566
17608,1508,565
17609,1508,565
17610,1508,564
17611,1507,564
17612,1508,565
17613,1508,565
17614,1506,563
17615,1506,563
17616,1508,563
17617,1506,559
17618,1506,559
17619,1507,562
17620,1507,557
17621,1506,558
17622,1507,558
17623,1508,557
17624,1506,557
17625,1507,557
17626,1507,556
17627,1508,557
17628,1507,556
17629,1508,557
17630,1508,557
17631,1508,555
17632,1507,555
17633,1507,555
17634,1507,554
17635,1508,553
17636,1508,553
17637,1508,553
17638,1507,553
17639,1507,551
17640,1508,553
17641,1507,553
17642,1508,553
17643,1507,551
17644,1507,552
17645,1506,551
17646,1506,551
17647,1508,551
17648,1507,549
17649,1507,551
17650,1508,551
17651,1506,550
17652,1507,549
17653,1508,549
17654,1508,549
17655,1506,548
17656,1507,550
17657,1507,549
17658,1507,548
17659,1506,547
17660,1508,547
17661,1507,546
17662,1507,547
17663,1507,543
17664,1507,547
17665,1506,543
17666,1507,543
17667,1507,543
17668,1506,543
17669,1507,543
17670,1508,541
17671,1506,541
17672,1507,542
17673,1507,541
17674,1508,540
17675,1507,539
17676,1507,541
17677,1508,541
17678,1506,539
17679,1508,540
17680,1508,539
17681,1507,539
17682,1507,538
17683,1507,539
17684,1508,537
17685,1508,537
17686,1507,537
17687,1508,537
17688,1507,537
17689,1508,537
17690,1507,536
17691,1508,537
17692,1507,535
17693,1508,535
17694,1507,535
17695,1508,536
17696,1507,535
17697,1507,537
17698,1508,535
17699,1507,535
17700,1508,535
17701,1506,535
17702,1508,534
17703,1508,533
17704,1508,531
17705,1508,533
17706,1507,531
17707,1506,532
17708,1506,533
17709,1508,533
17710,1506,531
17711,1507,531
17712,1506,531
17713,1507,530
17714,1507,531
17715,1506,526
17716,1506,527
17717,1506,529
17718,1506,530
17719,1508,527
17720,1508,527
17721,1507,525
17722,1507,527
17723,1508,527
17724,1506,527
17725,1508,526
17726,1507,529
17727,1506,525
17728,1508,524
17729,1507,525
17730,1508,523
17731,1507,522
17732,1507,525
17733,1506,523
17734,1506,523
17735,1507,523
17736,1507,523
17737,1506,521
17738,1508,519
17739,1507,521
17740,1507,520
17741,1508,520
17742,1508,520
17743,1508,519
17744,1507,519
17745,1508,511
17746,1507,519
17747,1506,519
17748,1506,518
17749,1507,511
17750,1507,511
17751,1506,510
17752,1507,511
17753,1508,510
17754,1508,509
17755,1507,508
17756,1508,508
17757,1506,506
17758,1508,507
17759,1508,507
17760,1508,507
17761,1507,507
17762,1508,507
17763,1507,506
17764,1508,505
17765,1508,505
17766,1507,505
17767,1508,505
17768,1507,504
17769,1508,504
17770,1507,504
17771,1507,504
17772,1507,504
17773,1508,503
17774,1508,503
17775,1506,504
17776,1506,503
17777,1508,503
17778,1508,504
17779,1508,503
17780,1508,502
17781,1507,503
17782,1507,502
17783,1508,501
17784,1506,501
17785,1507,501
17786,1507,501
17787,1507,499
17788,1508,500
17789,1507,500
17790,1507,498
17791,1507,499
17792,1508,499
17793,1507,498
17794,1506,499
17795,1506,499
17796,1508,499
17797,1507,495
17798,1508,495
17799,1507,496
17800,1508,495
17801,1507,496
17802,1506,499
17803,1508,495
17804,1507,495
17805,1507,495
17806,1508,495
17807,1507,493
17808,1507,494
17809,1506,494
17810,1506,491
17811,1507,493
17812,1506,492
17813,1507,493
17814,1508,493
17815,1508,493
17816,1508,494
17817,1508,493
17818,1508,492
17819,1508,493
17820,1508,494
17821,1508,493
17822,1508,494
17823,1507,493
17824,1508,493
17825,1508,491
17826,1508,492
17827,1508,491
17828,1507,491
17829,1506,493
17830,1507,492
17831,1506,491
17832,1507,492
17833,1506,491
17834,1506,493
17835,1506,493
17836,1507,491
17837,1506,492
17838,1508,491
17839,1507,492
17840,1507,493
17841,1508,492
17842,1508,491
17843,1506,491
17844,1507,493
17845,1508,491
17846,1508,492
17847,1507,491
17848,1506,491
17849,1507,491
17850,1508,491
17851,1506,493
17852,1507,490
17853,1508,491
17854,1506,491
17855,1507,490
17856,1507,491
17857,1508,491
17858,1507,491
17859,1507,491
17860,1506,491
17861,1508,491
17862,1508,491
17863,1507,492
17864,1508,491
17865,1506,489
17866,1508,491
17867,1507,491
17868,1508,489
17869,1507,491
17870,1507,491
17871,1507,491
17872,1508,491
17873,1508,491
17874,1506,491
17875,1507,491
17876,1507,491
17877,1507,491
17878,1507,491
17879,1507,491
17880,1508,491
17881,1508,490
17882,1508,491
17883,1506,489
17884,1510,491
17885,1508,491
17886,1508,492
17887,1508,491
17888,1508,491
17889,1507,491
17890,1507,487
17891,1508,490
17892,1508,490
17893,1508,491
17894,1506,489
17895,1506,491
17896,1507,491
17897,1506,491
17898,1507,491
17899,1508,491
17900,1507,491
17901,1508,491
17902,1508,491
17903,1508,491
17904,1506,489
17905,1508,490
17906,1508,490
17907,1506,491
17908,1507,491
17909,1508,492
17910,1508,493
17911,1507,491
17912,1508,491
17913,1508,491
17914,1506,489
17915,1506,492
17916,1507,490
17917,1508,490
17918,1507,491
17919,1508,490
17920,1507,491
17921,1508,491
17922,1508,493
17923,1506,491
17924,1506,491
17925,1507,492
17926,1507,491
17927,1506,490
17928,1507,492
17929,1507,489
17930,1507,491
17931,1508,491
17932,1506,491
17933,1508,489
17934,1508,491
17935,1508,491
17936,1507,491
17937,1506,493
17938,1507,491
17939,1507,491
17940,1506,491
17941,1506,491
17942,1507,491
17943,1506,491
17944,1507,493
17945,1507,492
17946,1506,491
17947,1506,493
17948,1508,493
17949,1506,491
17950,1507,492
17951,1507,491
17952,1507,492
17953,1507,491
17954,1507,491
17955,1507,492
17956,1507,491
17957,1506,492
17958,1508,491
17959,1507,491
17960,1506,491
17961,1506,491
17962,1507,491
17963,1506,493
17964,1506,493
17965,1507,493
17966,1507,491
17967,1506,491
17968,1506,491
17969,1506,492
17970,1507,491
17971,1506,490
17972,1507,492
17973,1508,490
17974,1508,491
17975,1506,492
17976,1507,491
17977,1507,491
17978,1506,491
17979,1506,491
17980,1507,491
17981,1507,491
17982,1507,492
17983,1506,490
17984,1507,493
17985,1507,491
17986,1507,489
17987,1507,490
17988,1507,491
17989,1508,489
17990,1508,490
17991,1505,491
17992,1507,491
17993,1506,489
17994,1506,490
17995,1508,491
17996,1507,491
17997,1508,490
17998,1508,491
17999,1508,489
18000,1507,491
18001,1508,491
18002,1506,489
18003,1506,489
18004,1507,489
18005,1508,490
18006,1506,489
18007,1506,490
18008,1506,489
18009,1508,490
18010,1506,490
18011,1507,490
18012,1507,490
18013,1507,489
18014,1507,490
18015,1508,490
18016,1508,489
18017,1507,491
18018,1507,488
18019,1507,490
18020,1508,491
18021,1507,489
18022,1506,489
18023,1505,489
18024,1506,489
18025,1507,489
18026,1506,488
18027,1506,490
18028,1506,487
18029,1507,489
18030,1507,489
18031,1507,487
18032,1508,489
18033,1507,487
18034,1508,487
18035,1507,489
18036,1506,487
18037,1507,489
18038,1508,487
18039,1507,489
18040,1508,489
18041,1507,487
18042,1508,488
18043,1507,489
18044,1507,489
18045,1507,489
18046,1508,488
18047,1508,489
18048,1507,489
18049,1508,488
18050,1508,487
18051,1508,487
18052,1508,488
18053,1508,487
18054,1507,487
18055,1507,487
18056,1508,488
18057,1508,487
18058,1508,487
18059,1507,487
18060,1508,488
18061,1508,487
18062,1508,489
18063,1508,489
18064,1507,487
18065,1507,488
18066,1507,487
18067,1507,487
18068,1508,487
18069,1508,487
18070,1508,487
18071,1506,485
18072,1507,486
18073,1507,486
18074,1507,485
18075,1507,487
18076,1507,485
18077,1508,487
18078,1507,487
18079,1507,486
18080,1507,486
18081,1506,486
18082,1507,487
18083,1508,485
18084,1507,487
18085,1508,486
18086,1508,487
18087,1508,485
18088,1508,485
18089,1510,485
18090,1509,485
18091,1508,485
18092,1508,485
18093,1508,485
18094,1507,484
18095,1507,483
18096,1507,485
18097,1508,484
18098,1508,483
18099,1508,485
18100,1508,485
18101,1508,485
18102,1507,485
18103,1508,485
18104,1508,484
18105,1508,483
18106,1508,483
18107,1507,485
18108,1506,485
18109,1509,483
18110,1507,484
18111,1508,485
18112,1507,483
18113,1508,484
18114,1507,485
18115,1507,485
18116,1508,484
18117,1506,484
18118,1506,485
18119,1507,484
18120,1507,483
18121,1508,484
18122,1507,485
18123,1508,483
18124,1507,485
18125,1506,484
18126,1508,483
18127,1508,485
18128,1507,483
18129,1507,485
18130,1507,485
18131,1507,483
18132,1508,483
18133,1507,483
18134,1508,483
18135,1508,483
18136,1508,481
18137,1507,483
18138,1508,485
18139,1507,482
18140,1508,483
18141,1508,483
18142,1508,484
18143,1508,483
18144,1507,483
18145,1508,484
18146,1508,485
18147,1508,485
18148,1508,483
18149,1507,483
18150,1508,483
18151,1508,485
18152,1507,484
18153,1507,483
18154,1507,485
18155,1508,484
18156,1507,484
18157,1508,484
18158,1507,484
18159,1508,484
18160,1508,484
18161,1507,483
18162,1508,483
18163,1508,485
18164,1507,483
18165,1508,484
18166,1507,484
18167,1508,484
18168,1508,483
18169,1507,485
18170,1508,485
18171,1508,483
18172,1508,485
18173,1507,483
18174,1508,485
18175,1508,483
18176,1508,485
18177,1507,483
18178,1508,486
18179,1508,485
18180,1507,487
18181,1508,485
18182,1508,485
18183,1508,484
18184,1508,483
18185,1507,485
18186,1508,484
18187,1509,485
18188,1507,485
18189,1507,483
18190,1507,485
18191,1508,484
18192,1507,485
18193,1508,485
18194,1508,487
18195,1508,485
18196,1508,486
18197,1508,487
18198,1507,486
18199,1508,485
18200,1506,487
18201,1508,487
18202,1508,488
18203,1508,487
18204,1507,487
18205,1508,490
18206,1508,487
18207,1506,488
18208,1508,491
18209,1508,491
18210,1508,489
18211,1508,491
18212,1507,491
18213,1508,489
18214,1507,489
18215,1507,492
18216,1506,493
18217,1506,493
18218,1507,493
18219,1508,493
18220,1507,495
18221,1508,495
18222,1508,496
18223,1507,495
18224,1506,499
18225,1508,501
18226,1507,501
18227,1507,501
18228,1507,501
18229,1508,501
18230,1508,503
18231,1506,503
18232,1508,504
18233,1508,507
18234,1507,507
18235,1506,507
18236,1507,509
18237,1507,517
18238,1507,511
18239,1508,519
18240,1507,520
18241,1507,521
18242,1507,521
18243,1508,523
18244,1506,525
18245,1508,523
18246,1507,525
18247,1507,527
18248,1506,526
18249,1507,531
18250,1508,532
18251,1508,533
18252,1507,536
18253,1506,535
18254,1507,538
18255,1507,537
18256,1507,539
18257,1506,539
18258,1508,540
18259,1506,542
18260,1507,546
18261,1506,547
18262,1506,548
18263,1508,550
18264,1508,551
18265,1508,552
18266,1508,553
18267,1507,556
18268,1507,557
18269,1507,557
18270,1508,559
18271,1508,559
18272,1508,563
18273,1507,564
18274,1507,564
18275,1507,565
18276,1507,567
18277,1506,567
18278,1508,569
18279,1507,570
18280,1507,570
18281,1506,573
18282,1507,573
18283,1508,573
18284,1507,580
18285,1507,579
18286,1508,581
18287,1508,581
18288,1508,583
18289,1507,583
18290,1508,581
18291,1507,588
18292,1507,588
18293,1508,591
18294,1506,591
18295,1508,595
18296,1508,596
18297,1507,596
18298,1508,597
18299,1508,598
18300,1508,601
18301,1508,601
18302,1508,601
18303,1508,603
18304,1508,603
18305,1508,603
18306,1508,607
18307,1508,610
18308,1508,611
18309,1508,612
18310,1508,613
18311,1508,613
18312,1508,614
18313,1508,616
18314,1509,615
18315,1506,616
18316,1508,619
18317,1508,619
18318,1507,621
18319,1508,622
18320,1508,623
18321,1507,624
18322,1508,627
18323,1508,628
18324,1507,627
18325,1508,631
18326,1507,631
18327,1506,633
18328,1508,634
18329,1508,633
18330,1507,634
18331,1508,635
18332,1507,636
18333,1508,636
18334,1508,637
18335,1508,638
18336,1507,639
18337,1507,639
18338,1508,645
18339,1508,647
18340,1507,646
18341,1506,647
18342,1508,648
18343,1508,649
18344,1508,649
18345,1508,648
18346,1508,651
18347,1508,651
18348,1506,652
18349,1508,653
18350,1508,652
18351,1508,651
18352,1507,654
18353,1508,655
18354,1506,655
18355,1508,655
18356,1508,659
18357,1508,659
18358,1508,659
18359,1508,661
18360,1508,661
18361,1508,663
18362,1508,661
18363,1508,661
18364,1508,661
18365,1508,664
18366,1508,663
18367,1506,663
18368,1508,663
18369,1506,664
18370,1508,663
18371,1507,662
18372,1507,667
18373,1507,665
18374,1508,667
18375,1508,665
18376,1507,667
18377,1508,667
18378,1507,669
18379,1508,669
18380,1507,669
18381,1508,669
18382,1507,669
18383,1507,667
18384,1506,669
18385,1508,669
18386,1507,669
18387,1507,669
18388,1508,669
18389,1508,669
18390,1508,669
18391,1508,671
18392,1507,671
18393,1507,671
18394,1507,675
18395,1508,677
18396,1508,675
18397,1508,672
18398,1508,675
18399,1507,676
18400,1507,676
18401,1507,675
18402,1507,675
18403,1508,679
18404,1507,675
18405,1508,676
18406,1508,679
18407,1507,677
18408,1507,677
18409,1508,677
18410,1508,676
18411,1507,677
18412,1508,677
18413,1507,676
18414,1508,677
18415,1507,677
18416,1506,675
18417,1508,676
18418,1508,679
18419,1508,679
18420,1508,677
18421,1507,679
18422,1508,677
18423,1507,679
18424,1508,678
18425,1508,679
18426,1506,679
18427,1507,681
18428,1507,680
18429,1508,679
18430,1508,679
18431,1506,681
18432,1506,680
18433,1507,681
18434,1507,679
18435,1507,681
18436,1507,679
18437,1507,680
18438,1508,680
18439,1508,679
18440,1508,680
18441,1506,680
18442,1508,681
18443,1507,681
18444,1507,681
18445,1508,680
18446,1508,680
18447,1507,681
18448,1507,680
18449,1508,681
18450,1508,681
18451,1507,680
18452,1506,679
18453,1507,681
18454,1506,679
18455,1508,679
18456,1508,680
18457,1507,681
18458,1508,680
18459,1507,681
18460,1506,681
18461,1508,680
18462,1508,679
18463,1507,681
18464,1506,679
18465,1506,681
18466,1506,681
18467,1507,680
18468,1506,681
18469,1508,681
18470,1508,679
18471,1508,681
18472,1507,681
18473,1508,681
18474,1508,680
18475,1507,680
18476,1508,680
18477,1507,679
18478,1506,681
18479,1508,679
18480,1507,680
18481,1508,681
18482,1507,681
18483,1508,679
18484,1508,679
18485,1508,679
18486,1508,679
18487,1507,680
18488,1507,679
18489,1508,679
18490,1506,681
18491,1507,679
18492,1508,679
18493,1507,680
18494,1507,679
18495,1508,681
18496,1508,681
18497,1506,680
18498,1508,679
18499,1507,681
18500,1507,681
18501,1508,679
18502,1508,680
18503,1507,680
18504,1507,680
18505,1507,680
18506,1507,680
18507,1508,683
18508,1508,680
18509,1507,681
18510,1508,679
18511,1508,680
18512,1507,679
18513,1507,680
18514,1507,679
18515,1507,679
18516,1507,681
18517,1508,679
18518,1508,681
18519,1508,681
18520,1508,680
18521,1508,680
18522,1506,681
18523,1508,679
18524,1507,681
18525,1507,679
18526,1507,679
18527,1507,681
18528,1508,680
18529,1507,680
18530,1507,679
18531,1508,681
18532,1507,681
18533,1509,679
18534,1508,680
18535,1508,681
18536,1508,680
18537,1508,679
18538,1508,679
18539,1508,680
18540,1507,679
18541,1508,679
18542,1508,679
18543,1508,680
18544,1508,681
18545,1507,681
18546,1507,681
18547,1507,681
18548,1506,680
18549,1508,681
18550,1509,681
18551,1508,681
18552,1506,680
18553,1507,681
18554,1508,679
18555,1508,681
18556,1507,681
18557,1508,681
18558,1508,681
18559,1504,675
18560,1508,675
18561,1506,675
18562,1506,680
18563,1504,671
18564,1505,679
18565,1506,693
18566,1508,695
18567,1505,677
18568,1508,697
18569,1509,676
18570,1504,686
18571,1507,667
18572,1507,670
18573,1508,691
18574,1505,687
18575,1513,681
18576,1508,666
18577,1508,671
18578,1508,697
18579,1509,693
18580,1508,683
18581,1504,681
18582,1505,691
18583,1508,687
18584,1510,695
18585,1508,671
18586,1508,681
18587,1511,679
18588,1511,677
18589,1507,683
18590,1508,680
18591,1511,679
18592,1507,683
18593,1508,681
18594,1508,684
18595,1508,682
18596,1508,681
18597,1507,683
18598,1508,685
18599,1508,683
18600,1509,683
18601,1508,683
18602,1506,683
18603,1508,683
18604,1507,683
18605,1508,683
18606,1508,681
18607,1508,683
18608,1508,681
18609,1508,683
18610,1507,683
18611,1507,683
18612,1508,682
18613,1507,682
18614,1507,683
18615,1508,683
18616,1508,684
18617,1506,683
18618,1506,684
18619,1507,684
18620,1508,684
18621,1507,684
18622,1508,683
18623,1508,683
18624,1508,683
18625,1506,683
18626,1507,683
18627,1508,685
18628,1507,683
18629,1508,685
18630,1507,685
18631,1506,683
18632,1507,684
18633,1506,682
18634,1507,683
18635,1508,685
18636,1508,685
18637,1508,686
18638,1508,686
18639,1508,687
18640,1508,687
18641,1508,687
18642,1507,688
18643,1508,688
18644,1508,691
18645,1508,691
18646,1508,692
18647,1508,691
18648,1507,693
18649,1508,693
18650,1508,693
18651,1508,695
18652,1507,695
18653,1507,693
18654,1508,695
18655,1508,696
18656,1507,695
18657,1508,696
18658,1508,697
18659,1507,697
18660,1508,697
18661,1507,698
18662,1508,697
18663,1508,699
18664,1507,698
18665,1508,701
18666,1507,700
18667,1507,700
18668,1508,701
18669,1508,701
18670,1507,702
18671,1508,701
18672,1506,703
18673,1508,703
18674,1508,703
18675,1508,709
18676,1506,703
18677,1508,709
18678,1508,709
18679,1507,710
18680,1507,711
18681,1506,713
18682,1508,711
18683,1507,711
18684,1507,712
18685,1508,711
18686,1507,712
18687,1507,711
18688,1508,711
18689,1508,712
18690,1507,713
18691,1507,713
18692,1508,715
18693,1508,715
18694,1507,716
18695,1508,717
18696,1507,717
18697,1508,719
18698,1506,719
18699,1508,719
18700,1508,718
18701,1508,721
18702,1507,722
18703,1508,719
18704,1508,723
18705,1508,723
18706,1508,723
18707,1508,725
18708,1507,725
18709,1508,724
18710,1508,727
18711,1508,727
18712,1508,726
18713,1507,728
18714,1508,726
18715,1508,727
18716,1508,729
18717,1508,728
18718,1508,729
18719,1508,727
18720,1508,730
18721,1508,731
18722,1508,731
18723,1507,731
18724,1508,729
18725,1508,731
18726,1508,733
18727,1508,733
18728,1507,733
18729,1506,733
18730,1508,735
18731,1507,739
18732,1508,734
18733,1508,735
18734,1508,740
18735,1508,739
18736,1507,739
18737,1508,739
18738,1508,739
18739,1507,740
18740,1507,741
18741,1508,742
18742,1508,743
18743,1506,743
18744,1508,743
18745,1508,743
18746,1507,745
18747,1508,743
18748,1508,745
18749,1507,745
18750,1508,747
18751,1506,745
18752,1507,747
18753,1508,747
18754,1508,747
18755,1507,747
18756,1506,747
18757,1508,747
18758,1507,747
18759,1507,748
18760,1508,748
18761,1508,749
18762,1507,750
18763,1506,750
18764,1508,749
18765,1508,751
18766,1507,749
18767,1508,749
18768,1508,749
18769,1507,751
18770,1507,751
18771,1507,751
18772,1506,751
18773,1508,751
18774,1507,751
18775,1507,754
18776,1507,751
18777,1507,751
18778,1507,755
18779,1508,751
18780,1508,755
18781,1506,755
18782,1507,754
18783,1507,751
18784,1507,751
18785,1509,750
18786,1507,751
18787,1508,750
18788,1506,753
18789,1507,752
18790,1506,751
18791,1507,752
18792,1507,752
18793,1508,751
18794,1506,755
18795,1508,752
18796,1507,755
18797,1508,755
18798,1507,755
18799,1508,754
18800,1507,754
18801,1510,750
18802,1507,755
18803,1508,755
18804,1508,757
18805,1508,751
18806,1508,752
18807,1506,755
18808,1508,755
18809,1508,755
18810,1508,752
18811,1507,755
18812,1506,755
18813,1507,751
18814,1507,754
18815,1508,751
18816,1508,755
18817,1507,755
18818,1507,755
18819,1508,755
18820,1507,756
18821,1507,751
18822,1507,755
18823,1507,752
18824,1507,755
18825,1508,755
18826,1507,751
18827,1507,755
18828,1507,751
18829,1507,751
18830,1508,756
18831,1507,752
18832,1508,755
18833,1507,754
18834,1508,751
18835,1507,755
18836,1508,754
18837,1508,751
18838,1508,755
18839,1508,755
18840,1507,751
18841,1507,751
18842,1508,755
18843,1506,755
18844,1508,755
18845,1508,755
18846,1508,753
18847,1507,751
18848,1508,752
18849,1506,751
18850,1507,755
18851,1508,751
18852,1507,753
18853,1508,755
18854,1508,752
18855,1508,755
18856,1508,757
18857,1508,755
18858,1507,751
18859,1508,755
18860,1507,751
18861,1507,756
18862,1506,755
18863,1507,755
18864,1508,755
18865,1506,755
18866,1507,751
18867,1508,751
18868,1506,755
18869,1507,751
18870,1508,751
18871,1506,751
18872,1508,755
18873,1507,751
18874,1508,753
18875,1507,751
18876,1508,755
18877,1506,751
18878,1508,752
18879,1508,755
18880,1507,751
18881,1507,755
18882,1507,751
18883,1508,751
18884,1507,751
18885,1508,751
18886,1508,753
18887,1507,749
18888,1507,751
18889,1508,751
18890,1508,751
18891,1507,751
18892,1508,752
18893,1507,751
18894,1507,751
18895,1508,754
18896,1507,751
18897,1508,752
18898,1508,752
18899,1508,755
18900,1508,755
18901,1508,755
18902,1507,751
18903,1506,752
18904,1507,751
18905,1507,754
18906,1508,751
18907,1508,751
18908,1507,751
18909,1508,751
18910,1508,751
18911,1507,752
18912,1506,751
18913,1506,751
18914,1507,751
18915,1507,751
18916,1506,751
18917,1507,751
18918,1508,755
18919,1506,751
18920,1507,755
18921,1508,755
18922,1508,752
18923,1508,752
18924,1506,755
18925,1507,752
18926,1508,751
18927,1508,751
18928,1508,755
18929,1506,755
18930,1507,755
18931,1508,751
18932,1508,755
18933,1507,751
18934,1506,751
18935,1507,751
18936,1508,751
18937,1508,751
18938,1506,751
18939,1508,751
18940,1508,751
18941,1507,752
18942,1508,751
18943,1507,752
18944,1508,749
18945,1507,751
18946,1506,751
18947,1508,752
18948,1507,751
18949,1508,755
18950,1508,751
18951,1507,750
18952,1507,751
18953,1508,751
18954,1508,752
18955,1506,753
18956,1507,751
18957,1508,751
18958,1508,751
18959,1507,751
18960,1508,755
18961,1508,750
18962,1508,749
18963,1507,751
18964,1508,749
18965,1508,751
18966,1506,750
18967,1507,751
18968,1506,751
18969,1506,751
18970,1507,751
18971,1506,750
18972,1507,751
18973,1507,750
18974,1508,750
18975,1507,750
18976,1508,750
18977,1507,750
18978,1507,749
18979,1508,749
18980,1507,750
18981,1508,751
18982,1507,751
18983,1506,749
18984,1508,749
18985,1508,749
18986,1508,749
18987,1507,749
18988,1507,749
18989,1507,750
18990,1507,749
18991,1506,749
18992,1507,748
18993,1507,749
18994,1507,750
18995,1507,750
18996,1508,751
18997,1508,751
18998,1508,749
18999,1506,749
19000,1506,750
19001,1507,749
19002,1507,749
19003,1508,749
19004,1507,749
19005,1506,749
19006,1508,749
19007,1507,749
19008,1506,750
19009,1508,749
19010,1507,755
19011,1508,750
19012,1508,749
19013,1506,750
19014,1507,749
19015,1507,749
19016,1507,751
19017,1507,751
19018,1507,750
19019,1507,749
19020,1506,750
19021,1507,750
19022,1508,750
19023,1506,749
19024,1508,751
19025,1507,750
19026,1506,751
19027,1507,749
19028,1507,749
19029,1507,749
19030,1508,751
19031,1508,749
19032,1508,748
19033,1507,749
19034,1507,749
19035,1507,749
19036,1508,750
19037,1508,750
19038,1508,749
19039,1508,750
19040,1508,751
19041,1508,749
19042,1509,750
19043,1507,755
19044,1507,751
19045,1507,751
19046,1509,751
19047,1507,751
19048,1508,751
19049,1507,751
19050,1507,751
19051,1508,751
19052,1508,751
19053,1507,751
19054,1507,749
19055,1507,751
19056,1507,751
19057,1508,753
19058,1508,752
19059,1510,751
19060,1508,751
19061,1506,751
19062,1508,751
19063,1506,755
19064,1506,755
19065,1506,755
19066,1506,755
19067,1507,755
19068,1508,755
19069,1506,752
19070,1508,755
19071,1508,755
19072,1508,751
19073,1508,755
19074,1507,757
19075,1507,755
19076,1506,757
19077,1507,756
19078,1506,756
19079,1508,757
19080,1507,757
19081,1507,757
19082,1506,759
19083,1508,758
19084,1508,758
19085,1508,759
19086,1507,757
19087,1508,759
19088,1508,757
19089,1508,759
19090,1507,759
19091,1507,759
19092,1507,759
19093,1506,759
19094,1507,759
19095,1508,759
19096,1506,759
19097,1508,759
19098,1507,761
19099,1508,760
19100,1507,759
19101,1508,760
19102,1507,760
19103,1509,759
19104,1507,759
19105,1508,760
19106,1507,761
19107,1508,759
19108,1508,759
19109,1507,759
19110,1508,759
19111,1508,759
19112,1507,757
19113,1506,760
19114,1507,760
19115,1508,761
19116,1508,759
19117,1508,759
19118,1506,759
19119,1508,759
19120,1508,757
19121,1508,759
19122,1508,759
19123,1508,760
19124,1508,758
19125,1508,759
19126,1507,759
19127,1506,759
19128,1508,759
19129,1508,757
19130,1507,757
19131,1506,758
19132,1507,757
19133,1506,759
19134,1506,759
19135,1508,757
19136,1508,757
19137,1508,758
19138,1506,757
19139,1507,757
19140,1508,759
19141,1508,759
19142,1506,759
19143,1506,759
19144,1507,759
19145,1508,758
19146,1507,759
19147,1506,759
19148,1508,759
19149,1507,758
19150,1506,759
19151,1508,758
19152,1508,758
19153,1508,757
19154,1508,757
19155,1508,756
19156,1507,757
19157,1507,759
19158,1508,758
19159,1507,756
19160,1508,752
19161,1507,757
19162,1508,756
19163,1507,757
19164,1508,756
19165,1507,757
19166,1508,758
19167,1507,759
19168,1506,757
19169,1508,756
19170,1507,755
19171,1508,757
19172,1508,757
19173,1508,758
19174,1508,757
19175,1508,757
19176,1507,757
19177,1508,757
19178,1508,756
19179,1507,757
19180,1507,759
19181,1508,756
19182,1508,757
19183,1508,756
19184,1508,756
19185,1507,757
19186,1507,735
19187,1508,755
19188,1506,757
19189,1508,757
19190,1507,756
19191,1508,755
19192,1508,757
19193,1508,756
19194,1507,757
19195,1508,757
19196,1508,757
19197,1509,757
19198,1508,759
19199,1506,758
19200,1508,756
19201,1508,757
19202,1507,758
19203,1507,758
19204,1508,756
19205,1508,756
19206,1508,758
19207,1508,759
19208,1507,756
19209,1508,757
19210,1508,757
19211,1507,757
19212,1507,757
19213,1507,758
19214,1508,759
19215,1508,759
19216,1507,759
19217,1507,759
19218,1507,759
19219,1506,759
19220,1508,759
19221,1508,759
19222,1507,757
19223,1506,759
19224,1506,759
19225,1508,759
19226,1508,759
19227,1508,759
19228,1508,758
19229,1508,761
19230,1506,759
19231,1507,760
19232,1508,759
19233,1508,759
19234,1507,757
19235,1506,758
19236,1508,757
19237,1507,759
19238,1508,759
19239,1508,759
19240,1508,760
19241,1508,760
19242,1507,760
19243,1508,757
19244,1508,761
19245,1508,761
19246,1508,757
19247,1508,760
19248,1508,759
19249,1508,757
19250,1507,759
19251,1507,759
19252,1508,759
19253,1508,759
19254,1508,759
19255,1507,759
19256,1507,757
19257,1508,760
19258,1508,759
19259,1507,759
19260,1508,760
19261,1508,759
19262,1508,759
19263,1508,760
19264,1508,759
19265,1508,761
19266,1507,759
19267,1508,759
19268,1508,759
19269,1507,759
19270,1508,760
19271,1508,759
19272,1508,759
19273,1507,760
19274,1508,759
19275,1508,759
19276,1508,760
19277,1508,759
19278,1508,759
19279,1508,759
19280,1508,759
19281,1508,760
19282,1508,759
19283,1507,759
19284,1509,758
19285,1507,759
19286,1508,759
19287,1507,758
19288,1507,759
19289,1508,758
19290,1508,757
19291,1508,759
19292,1508,759
19293,1508,759
19294,1507,760
19295,1508,759
19296,1506,760
19297,1508,759
19298,1508,761
19299,1506,758
19300,1507,760
19301,1507,761
19302,1507,759
19303,1508,759
19304,1508,758
19305,1508,759
19306,1508,760
19307,1507,759
19308,1508,759
19309,1508,759
19310,1508,759
19311,1508,759
19312,1508,759
19313,1508,759
19314,1508,759
19315,1508,758
19316,1507,759
19317,1506,762
19318,1506,759
19319,1508,758
19320,1508,759
19321,1508,761
19322,1508,759
19323,1507,759
19324,1507,759
19325,1507,758
19326,1508,760
19327,1508,759
19328,1508,759
19329,1507,759
19330,1507,760
19331,1508,759
19332,1508,759
19333,1508,759
19334,1508,760
19335,1507,760
19336,1508,759
19337,1508,759
19338,1507,759
19339,1506,760
19340,1508,759
19341,1508,759
19342,1508,759
19343,1508,760
19344,1507,758
19345,1508,759
19346,1508,759
19347,1508,759
19348,1508,760
19349,1510,759
19350,1506,759
19351,1508,759
19352,1508,759
19353,1508,758
19354,1508,759
19355,1508,759
19356,1508,760
19357,1508,759
19358,1507,758
19359,1508,759
19360,1508,759
19361,1508,759
19362,1508,759
19363,1508,759
19364,1509,758
19365,1508,759
19366,1507,759
19367,1508,759
19368,1508,759
19369,1508,757
19370,1508,760
19371,1508,759
19372,1508,759
19373,1508,759
19374,1509,759
19375,1508,758
19376,1508,759
19377,1507,759
19378,1508,760
19379,1508,758
19380,1508,759
19381,1508,759
19382,1508,758
19383,1508,758
19384,1508,759
19385,1508,756
19386,1508,757
19387,1508,759
19388,1508,758
19389,1508,757
19390,1507,757
19391,1508,759
19392,1508,759
19393,1508,759
19394,1508,756
19395,1509,758
19396,1506,759
19397,1509,757
19398,1510,759
19399,1506,758
19400,1510,760
19401,1508,759
19402,1508,759
19403,1507,759
19404,1508,759
19405,1508,759
19406,1508,760
19407,1508,759
19408,1508,759
19409,1508,758
19410,1508,759
19411,1508,757
19412,1508,759
19413,1508,757
19414,1508,759
19415,1507,758
19416,1507,759
19417,1506,759
19418,1508,759
19419,1508,760
19420,1508,759
19421,1507,759
19422,1508,759
19423,1508,759
19424,1507,757
19425,1508,759
19426,1507,760
19427,1508,759
19428,1508,760
19429,1507,757
19430,1507,757
19431,1507,758
19432,1508,759
19433,1510,759
19434,1508,759
19435,1508,758
19436,1508,758
19437,1508,759
19438,1507,760
19439,1508,759
19440,1508,760
19441,1508,759
19442,1508,759
19443,1506,761
19444,1507,759
19445,1508,760
19446,1508,759
19447,1507,759
19448,1507,759
19449,1508,759
19450,1506,759
19451,1508,758
19452,1506,759
19453,1508,760
19454,1508,761
19455,1507,761
19456,1507,759
19457,1506,759
19458,1508,760
19459,1506,760
19460,1508,759
19461,1506,760
19462,1508,761
19463,1507,760
19464,1507,759
19465,1507,759
19466,1506,759
19467,1507,761
19468,1508,759
19469,1508,757
19470,1508,760
19471,1508,761
19472,1508,759
19473,1508,761
19474,1508,762
19475,1507,759
19476,1506,761
19477,1508,760
19478,1508,760
19479,1507,759
19480,1509,759
19481,1507,759
19482,1507,759
19483,1508,759
19484,1507,759
19485,1507,760
19486,1508,759
19487,1507,759
19488,1508,759
19489,1508,762
19490,1506,759
19491,1507,760
19492,1508,759
19493,1507,759
19494,1508,759
19495,1507,761
19496,1507,761
19497,1508,760
19498,1507,761
19499,1507,760
19500,1507,761
19501,1507,760
19502,1508,761
19503,1507,760
19504,1507,761
19505,1508,761
19506,1508,760
19507,1508,760
19508,1507,761
19509,1507,763
19510,1508,761
19511,1507,761
19512,1508,761
19513,1506,759
19514,1508,761
19515,1507,760
19516,1508,761
19517,1508,761
19518,1508,760
19519,1508,760
19520,1507,759
19521,1507,760
19522,1507,761
19523,1506,761
19524,1508,761
19525,1507,759
19526,1504,759
19527,1507,761
19528,1508,761
19529,1506,761
19530,1507,761
19531,1508,760
19532,1508,760
19533,1507,759
19534,1509,759
19535,1507,760
19536,1507,760
19537,1507,761
19538,1507,761
19539,1508,759
19540,1507,759
19541,1506,759
19542,1508,759
19543,1507,761
19544,1507,761
19545,1508,760
19546,1507,761
19547,1507,761
19548,1508,759
19549,1506,760
19550,1508,759
19551,1506,761
19552,1507,761
19553,1508,761
19554,1507,760
19555,1507,759
19556,1508,759
19557,1508,761
19558,1508,761
19559,1506,761
19560,1506,761
19561,1507,761
19562,1508,761
19563,1508,761
19564,1507,761
19565,1507,761
19566,1508,761
19567,1507,761
19568,1508,761
19569,1508,760
19570,1508,762
19571,1508,760
19572,1508,761
19573,1507,759
19574,1507,759
19575,1507,761
19576,1507,760
19577,1507,761
19578,1508,762
19579,1508,762
19580,1507,760
19581,1508,761
19582,1508,759
19583,1507,761
19584,1507,761
19585,1506,761
19586,1508,761
19587,1508,761
19588,1507,761
19589,1508,761
19590,1508,761
19591,1508,760
19592,1508,761
19593,1507,760
19594,1507,761
19595,1507,761
19596,1507,760
19597,1508,761
19598,1507,763
19599,1508,761
19600,1507,761
19601,1508,761
19602,1508,761
19603,1507,761
19604,1506,760
19605,1508,760
19606,1506,761
19607,1507,761
19608,1508,763
19609,1507,761
19610,1508,761
19611,1508,761
19612,1507,761
19613,1508,761
19614,1507,761
19615,1508,761
19616,1507,760
19617,1507,761
19618,1508,762
19619,1506,760
19620,1507,759
19621,1507,761
19622,1508,762
19623,1508,761
19624,1508,761
19625,1507,761
19626,1507,762
19627,1507,761
19628,1506,761
19629,1508,761
19630,1508,759
19631,1509,759
19632,1507,760
19633,1507,760
19634,1507,759
19635,1508,760
19636,1508,759
19637,1507,759
19638,1507,759
19639,1507,760
19640,1507,760
19641,1507,760
19642,1507,761
19643,1507,761
19644,1508,761
19645,1508,761
19646,1507,762
19647,1506,760
19648,1507,761
19649,1506,761
19650,1508,762
19651,1508,760
19652,1508,761
19653,1506,760
19654,1507,761
19655,1508,759
19656,1508,761
19657,1508,761
19658,1507,761
19659,1508,761
19660,1506,760
19661,1507,759
19662,1506,761
19663,1508,761
19664,1507,760
19665,1508,761
19666,1508,761
19667,1508,761
19668,1508,761
19669,1507,760
19670,1506,763
19671,1507,761
19672,1506,762
19673,1508,761
19674,1508,761
19675,1508,763
19676,1507,761
19677,1508,761
19678,1507,761
19679,1508,760
19680,1508,761
19681,1507,761
19682,1508,759
19683,1507,759
19684,1508,759
19685,1508,759
19686,1507,761
19687,1507,761
19688,1507,761
19689,1508,760
19690,1507,761
19691,1508,761
19692,1507,759
19693,1507,759
19694,1507,760
19695,1508,761
19696,1507,760
19697,1508,761
19698,1508,761
19699,1508,760
19700,1506,761
19701,1508,761
19702,1507,761
19703,1506,762
19704,1506,763
19705,1508,762
19706,1507,761
19707,1507,761
19708,1507,761
19709,1506,761
19710,1507,759
19711,1508,761
19712,1508,763
19713,1507,761
19714,1507,760
19715,1507,760
19716,1508,761
19717,1507,761
19718,1507,761
19719,1508,762
19720,1507,761
19721,1507,761
19722,1508,761
19723,1508,762
19724,1507,763
19725,1508,761
19726,1508,763
19727,1508,761
19728,1506,762
19729,1508,762
19730,1507,761
19731,1506,761
19732,1507,761
19733,1508,761
19734,1507,761
19735,1507,760
19736,1508,761
19737,1507,761
19738,1506,759
19739,1508,761
19740,1507,762
19741,1508,761
19742,1506,761
19743,1508,761
19744,1507,761
19745,1508,762
19746,1507,762
19747,1508,762
19748,1508,761
19749,1508,761
19750,1507,762
19751,1508,761
19752,1507,761
19753,1507,761
19754,1508,761
19755,1508,761
19756,1508,761
19757,1508,761
19758,1506,762
19759,1507,761
19760,1508,760
19761,1508,761
19762,1508,760
19763,1507,761
19764,1508,761
19765,1507,763
19766,1508,761
19767,1508,762
19768,1507,760
19769,1507,760
19770,1508,761
19771,1506,761
19772,1508,763
19773,1508,761
19774,1506,761
19775,1508,761
19776,1507,763
19777,1508,761
19778,1507,761
19779,1507,759
19780,1508,760
19781,1508,761
19782,1508,761
19783,1507,761
19784,1508,761
19785,1507,760
19786,1507,761
19787,1508,763
19788,1507,760
19789,1508,760
19790,1508,761
19791,1507,759
19792,1508,760
19793,1508,752
19794,1508,761
19795,1508,761
19796,1507,763
19797,1508,760
19798,1508,760
19799,1508,762
19800,1508,761
19801,1507,761
19802,1507,760
19803,1508,761
19804,1507,759
19805,1509,762
19806,1507,764
19807,1507,762
19808,1508,761
19809,1507,761
19810,1506,761
19811,1507,761
19812,1508,761
19813,1507,761
19814,1507,759
19815,1507,761
19816,1506,761
19817,1508,761
19818,1507,761
19819,1507,760
19820,1508,760
19821,1508,761
19822,1508,762
19823,1508,761
19824,1507,761
19825,1508,760
19826,1507,760
19827,1508,760
19828,1508,761
19829,1507,761
19830,1508,761
19831,1507,761
19832,1507,761
19833,1507,760
19834,1507,760
19835,1508,761
19836,1507,761
19837,1507,759
19838,1508,761
19839,1506,761
19840,1507,761
19841,1508,759
19842,1506,760
19843,1507,761
19844,1507,761
19845,1507,760
19846,1508,761
19847,1506,762
19848,1508,761
19849,1508,761
19850,1508,761
19851,1508,763
19852,1508,761
19853,1507,760
19854,1507,763
19855,1508,761
19856,1508,763
19857,1507,763
19858,1508,761
19859,1508,761
19860,1507,761
19861,1508,759
19862,1507,761
19863,1507,762
19864,1508,761
19865,1508,761
19866,1507,762
19867,1506,761
19868,1506,761
19869,1508,761
19870,1507,761
19871,1508,762
19872,1507,761
19873,1508,761
19874,1507,761
19875,1508,761
19876,1508,760
19877,1508,759
19878,1506,761
19879,1507,761
19880,1507,760
19881,1507,761
19882,1507,760
19883,1508,763
19884,1507,758
19885,1507,760
19886,1508,761
19887,1507,759
19888,1507,759
19889,1508,760
19890,1508,760
19891,1507,760
19892,1507,761
19893,1508,759
19894,1507,761
19895,1507,761
19896,1508,762
19897,1507,761
19898,1508,760
19899,1508,761
19900,1508,761
19901,1507,761
19902,1507,761
19903,1508,761
19904,1508,760
19905,1507,760
19906,1508,761
19907,1507,762
19908,1506,761
19909,1508,761
19910,1508,761
19911,1506,761
19912,1508,760
19913,1507,760
19914,1506,762
19915,1507,763
19916,1508,760
19917,1507,761
19918,1508,758
19919,1507,759
19920,1506,760
19921,1508,760
19922,1506,760
19923,1506,760
19924,1508,759
19925,1507,761
19926,1507,760
19927,1507,761
19928,1506,760
19929,1507,760
19930,1508,761
19931,1507,761
19932,1507,761
19933,1506,761
19934,1507,759
19935,1507,761
19936,1508,760
19937,1507,760
19938,1508,761
19939,1507,760
19940,1507,761
19941,1507,760
19942,1507,761
19943,1508,761
19944,1506,761
19945,1508,760
19946,1507,760
19947,1509,760
19948,1506,762
19949,1508,761
19950,1508,759
19951,1506,759
19952,1507,761
19953,1506,761
19954,1508,761
19955,1507,761
19956,1508,760
19957,1508,761
19958,1507,760
19959,1507,761
19960,1508,759
19961,1506,760
19962,1508,761
19963,1508,761
19964,1508,761
19965,1508,763
19966,1508,760
19967,1508,761
19968,1507,761
19969,1508,762
19970,1508,761
19971,1508,761
19972,1508,761
19973,1508,763
19974,1507,761
19975,1508,761
19976,1507,763
19977,1507,762
19978,1509,762
19979,1508,763
19980,1507,761
19981,1507,761
19982,1508,761
19983,1507,761
19984,1507,761
19985,1508,761
19986,1508,760
19987,1509,760
19988,1507,760
19989,1507,762
19990,1508,759
19991,1508,761
19992,1508,761
19993,1507,760
19994,1508,761
19995,1507,762
19996,1506,761
19997,1507,761
19998,1507,761
19999,1508,762
20000,1507,763
20001,1507,763
20002,1508,761
20003,1506,761
20004,1508,761
20005,1506,761
20006,1508,761
20007,1507,761
20008,1507,759
20009,1507,762
20010,1506,761
20011,1506,763
20012,1507,763
20013,1508,761
20014,1508,761
20015,1507,763
20016,1507,761
20017,1507,762
20018,1507,763
20019,1508,761
20020,1507,761
20021,1506,763
20022,1505,763
20023,1506,762
20024,1506,763
20025,1507,761
20026,1506,763
20027,1507,761
20028,1508,763
20029,1507,761
20030,1506,761
20031,1507,760
20032,1507,761
20033,1508,762
20034,1508,761
20035,1508,761
20036,1508,761
20037,1507,761
20038,1508,760
20039,1507,761
20040,1507,761
20041,1507,761
20042,1507,763
20043,1508,761
20044,1508,761
20045,1507,761
20046,1508,760
20047,1506,761
20048,1508,761
20049,1507,761
20050,1507,761
20051,1506,761
20052,1507,761
20053,1506,761
20054,1506,761
20055,1508,761
20056,1508,761
20057,1507,761
20058,1507,763
20059,1507,762
20060,1507,761
20061,1508,761
20062,1507,760
20063,1506,761
20064,1507,762
20065,1507,761
20066,1507,763
20067,1507,763
20068,1508,761
20069,1507,762
20070,1507,762
20071,1508,760
20072,1508,762
20073,1507,762
20074,1507,760
20075,1508,763
20076,1506,761
20077,1508,761
20078,1507,761
20079,1507,761
20080,1506,763
20081,1506,763
20082,1507,762
20083,1507,763
20084,1508,763
20085,1508,760
20086,1506,763
20087,1508,761
20088,1507,765
20089,1506,761
20090,1508,763
20091,1507,761
20092,1508,765
20093,1508,763
20094,1507,763
20095,1508,763
20096,1506,763
20097,1506,761
20098,1507,763
20099,1507,762
20100,1507,761
20101,1508,763
20102,1508,763
20103,1507,763
20104,1507,765
20105,1507,763
20106,1507,763
20107,1507,763
20108,1507,763
20109,1507,763
20110,1507,765
20111,1506,763
20112,1508,763
20113,1507,764
20114,1507,763
20115,1507,764
20116,1508,763
20117,1507,763
20118,1507,763
20119,1507,765
20120,1506,763
20121,1508,763
20122,1506,761
20123,1507,763
20124,1507,763
20125,1508,761
20126,1508,763
20127,1508,764
20128,1506,764
20129,1507,764
20130,1508,763
20131,1508,764
20132,1507,766
20133,1507,765
20134,1507,763
20135,1506,763
20136,1508,764
20137,1508,763
20138,1507,763
20139,1507,763
20140,1507,763
20141,1507,763
20142,1507,764
20143,1508,762
20144,1508,763
20145,1508,761
20146,1508,763
20147,1507,762
20148,1507,741
20149,1508,762
20150,1506,761
20151,1506,763
20152,1506,765
20153,1508,763
20154,1508,764
20155,1508,761
20156,1506,763
20157,1506,763
20158,1507,762
20159,1507,763
20160,1507,763
20161,1507,763
20162,1507,763
20163,1508,765
20164,1507,764
20165,1506,763
20166,1507,763
20167,1506,763
20168,1508,761
20169,1507,763
20170,1509,763
20171,1508,763
20172,1507,762
20173,1506,763
20174,1507,761
20175,1508,765
20176,1508,763
20177,1506,763
20178,1507,763
20179,1508,761
20180,1508,763
20181,1507,763
20182,1507,763
20183,1507,762
20184,1506,762
20185,1507,763
20186,1508,761
20187,1506,761
20188,1506,763
20189,1508,763
20190,1507,763
20191,1507,763
20192,1508,761
20193,1507,762
20194,1508,763
20195,1508,763
20196,1506,764
20197,1507,763
20198,1508,767
20199,1506,763
20200,1507,765
20201,1509,763
20202,1507,782
20203,1506,763
20204,1508,764
20205,1506,763
20206,1508,764
20207,1506,763
20208,1506,760
20209,1508,765
20210,1508,763
20211,1507,763
20212,1506,763
20213,1507,766
20214,1507,763
20215,1506,763
20216,1506,765
20217,1506,763
20218,1507,761
20219,1507,764
20220,1507,763
20221,1506,763
20222,1507,762
20223,1507,763
20224,1506,763
20225,1506,762
20226,1508,763
20227,1508,764
20228,1506,763
20229,1506,763
20230,1505,763
20231,1508,762
20232,1506,762
20233,1506,763
20234,1507,763
20235,1508,763
20236,1508,763
20237,1506,764
20238,1508,763
20239,1506,764
20240,1506,763
20241,1508,762
20242,1508,763
20243,1506,763
20244,1508,761
20245,1506,764
20246,1507,763
20247,1507,763
20248,1508,763
20249,1507,764
20250,1507,763
20251,1507,763
20252,1506,763
20253,1507,763
20254,1506,763
20255,1506,763
20256,1507,763
20257,1507,763
20258,1507,764
20259,1507,763
20260,1508,765
20261,1507,763
20262,1508,763
20263,1508,762
20264,1507,764
20265,1507,763
20266,1506,763
20267,1508,764
20268,1507,761
20269,1507,763
20270,1508,763
20271,1508,765
20272,1506,763
20273,1507,764
20274,1507,763
20275,1508,765
20276,1506,763
20277,1508,765
20278,1508,763
20279,1506,762
20280,1508,763
20281,1508,763
20282,1507,763
20283,1507,763
20284,1508,763
20285,1508,765
20286,1510,761
20287,1508,763
20288,1508,763
20289,1508,763
20290,1507,763
20291,1507,763
20292,1508,763
20293,1508,763
20294,1508,764
20295,1508,764
20296,1507,763
20297,1506,764
20298,1508,763
20299,1506,765
20300,1508,765
20301,1507,763
20302,1508,765
20303,1508,763
20304,1508,763
20305,1507,765
20306,1506,763
20307,1507,765
20308,1507,764
20309,1507,764
20310,1507,763
20311,1508,763
20312,1506,764
20313,1508,763
20314,1508,765
20315,1507,763
20316,1507,763
20317,1508,763
20318,1508,763
20319,1508,763
20320,1508,763
20321,1508,765
20322,1506,763
20323,1506,766
20324,1507,763
20325,1506,763
20326,1507,763
20327,1507,763
20328,1508,764
20329,1508,763
20330,1508,764
20331,1507,764
20332,1508,763
20333,1508,763
20334,1507,763
20335,1508,763
20336,1506,765
20337,1508,764
20338,1506,763
20339,1507,764
20340,1508,764
20341,1506,764
20342,1508,764
20343,1507,764
20344,1508,764
20345,1507,765
20346,1507,763
20347,1507,765
20348,1507,765
20349,1508,765
20350,1507,764
20351,1508,765
20352,1508,764
20353,1508,762
20354,1506,765
20355,1506,766
20356,1507,763
20357,1508,765
20358,1508,763
20359,1508,765
20360,1508,765
20361,1508,764
20362,1507,764
20363,1507,767
20364,1507,764
20365,1508,764
20366,1507,764
20367,1508,765
20368,1507,765
20369,1508,764
20370,1507,764
20371,1508,764
20372,1507,763
20373,1508,764
20374,1508,763
20375,1507,765
20376,1507,765
20377,1507,765
20378,1508,765
20379,1506,765
20380,1508,765
20381,1507,765
20382,1507,765
20383,1508,763
20384,1508,765
20385,1506,764
20386,1506,763
20387,1507,763
20388,1507,765
20389,1508,763
20390,1508,764
20391,1506,765
20392,1506,765
20393,1508,762
20394,1507,767
20395,1508,766
20396,1507,767
20397,1508,766
20398,1507,768
20399,1508,767
20400,1507,774
20401,1507,767
20402,1508,772
20403,1508,768
20404,1508,767
20405,1508,773
20406,1508,774
20407,1507,773
20408,1508,774
20409,1508,774
20410,1508,775
20411,1508,775
20412,1508,775
20413,1508,776
20414,1507,775
20415,1508,773
20416,1507,776
20417,1507,779
20418,1506,779
20419,1508,779
20420,1508,780
20421,1506,781
20422,1508,779
20423,1508,786
20424,1508,787
20425,1507,789
20426,1507,787
20427,1507,789
20428,1506,791
20429,1507,791
20430,1508,793
20431,1507,793
20432,1506,793
20433,1506,794
20434,1508,797
20435,1508,795
20436,1508,797
20437,1506,797
20438,1507,796
20439,1509,799
20440,1508,799
20441,1506,803
20442,1506,800
20443,1506,803
20444,1507,803
20445,1507,803
20446,1506,805
20447,1507,803
20448,1506,806
20449,1506,806
20450,1507,805
20451,1506,806
20452,1506,807
20453,1504,807
20454,1506,807
20455,1506,805
20456,1507,805
20457,1508,806
20458,1506,807
20459,1507,807
20460,1506,807
20461,1506,806
20462,1507,806
20463,1506,805
20464,1506,807
20465,1506,807
20466,1506,807
20467,1506,806
20468,1504,805
20469,1506,805
20470,1506,805
20471,1506,807
20472,1506,805
20473,1506,807
20474,1507,805
20475,1506,805
20476,1506,805
20477,1506,806
20478,1506,805
20479,1506,806
20480,1506,807
20481,1505,807
20482,1506,805
20483,1506,805
20484,1506,804
20485,1506,805
20486,1507,805
20487,1507,805
20488,1506,804
20489,1506,803
20490,1506,805
20491,1506,805
20492,1506,805
20493,1507,805
20494,1507,807
20495,1506,805
20496,1506,805
20497,1507,804
20498,1506,806
20499,1507,805
20500,1506,807
20501,1506,805
20502,1506,807
20503,1507,805
20504,1506,805
20505,1506,805
20506,1507,805
20507,1508,803
20508,1506,805
20509,1507,804
20510,1506,803
20511,1507,805
20512,1506,804
20513,1507,806
20514,1506,803
20515,1508,803
20516,1506,803
20517,1506,804
20518,1505,803
20519,1507,804
20520,1507,803
20521,1506,799
20522,1506,803
20523,1506,803
20524,1506,804
20525,1506,803
20526,1506,804
20527,1506,804
20528,1506,803
20529,1506,804
20530,1506,803
20531,1507,799
20532,1506,803
20533,1506,800
20534,1506,803
20535,1507,799
20536,1507,803
20537,1506,800
20538,1507,803
20539,1507,800
20540,1507,799
20541,1508,799
20542,1507,799
20543,1506,804
20544,1506,803
20545,1507,804
20546,1506,803
20547,1506,804
20548,1508,802
20549,1507,803
20550,1506,803
20551,1505,800
20552,1508,799
20553,1506,804
20554,1507,803
20555,1507,803
20556,1506,803
20557,1506,803
20558,1506,803
20559,1506,803
20560,1508,803
20561,1505,803
20562,1506,803
20563,1506,799
20564,1508,803
20565,1507,804
20566,1507,800
20567,1507,803
20568,1506,803
20569,1506,803
20570,1506,803
20571,1506,805
20572,1506,804
20573,1506,803
20574,1506,803
20575,1506,805
20576,1507,803
20577,1506,803
20578,1506,804
20579,1506,804
20580,1507,802
20581,1507,803
20582,1506,804
20583,1508,803
20584,1507,803
20585,1506,804
20586,1506,803
20587,1506,803
20588,1507,803
20589,1507,803
20590,1506,804
20591,1506,803
20592,1506,799
20593,1508,804
20594,1508,804
20595,1508,803
20596,1507,803
20597,1507,799
20598,1506,803
20599,1507,799
20600,1506,804
20601,1506,803
20602,1508,803
20603,1508,805
20604,1507,803
20605,1506,803
20606,1506,803
20607,1507,803
20608,1506,803
20609,1507,805
20610,1506,803
20611,1507,803
20612,1506,805
20613,1506,803
20614,1508,803
20615,1505,805
20616,1506,803
20617,1507,803
20618,1506,804
20619,1507,804
20620,1506,804
20621,1506,803
20622,1506,803
20623,1508,803
20624,1507,803
20625,1506,804
20626,1506,804
20627,1508,804
20628,1507,803
20629,1506,804
20630,1506,804
20631,1507,803
20632,1507,805
20633,1507,804
20634,1507,805
20635,1506,803
20636,1508,804
20637,1507,805
20638,1507,804
20639,1507,805
20640,1506,805
20641,1507,803
20642,1507,805
20643,1506,805
20644,1508,803
20645,1507,805
20646,1507,804
20647,1507,805
20648,1507,805
20649,1507,805
20650,1507,804
20651,1506,803
20652,1507,804
20653,1508,805
20654,1508,805
20655,1507,804
20656,1507,805
20657,1506,806
20658,1508,805
20659,1506,805
20660,1506,805
20661,1506,805
20662,1507,805
20663,1507,805
20664,1507,805
20665,1506,804
20666,1507,805
20667,1506,806
20668,1506,806
20669,1506,805
20670,1507,805
20671,1506,805
20672,1506,807
20673,1506,805
20674,1506,805
20675,1508,805
20676,1508,806
20677,1506,805
20678,1506,806
20679,1506,805
20680,1506,805
20681,1506,804
20682,1506,805
20683,1507,803
20684,1506,804
20685,1506,799
20686,1508,805
20687,1507,805
20688,1508,805
20689,1507,803
20690,1506,804
20691,1507,804
20692,1506,805
20693,1507,805
20694,1505,805
20695,1506,805
20696,1505,807
20697,1508,805
20698,1506,806
20699,1506,807
20700,1508,807
20701,1507,806
20702,1506,807
20703,1507,805
20704,1506,806
20705,1508,806
20706,1506,805
20707,1506,805
20708,1507,807
20709,1507,805
20710,1507,806
20711,1507,807
20712,1508,807
20713,1507,806
20714,1507,805
20715,1507,805
20716,1508,805
20717,1506,807
20718,1506,805
20719,1507,806
20720,1506,807
20721,1506,807
20722,1506,805
20723,1508,807
20724,1506,805
20725,1507,807
20726,1506,807
20727,1507,807
20728,1507,805
20729,1506,807
20730,1507,806
20731,1508,805
20732,1508,806
20733,1506,806
20734,1506,805
20735,1507,805
20736,1507,807
20737,1506,806
20738,1506,807
20739,1508,806
20740,1508,806
20741,1507,806
20742,1506,806
20743,1507,807
20744,1506,807
20745,1507,807
20746,1506,807
20747,1506,807
20748,1506,807
20749,1507,807
20750,1508,806
20751,1506,805
20752,1506,805
20753,1506,807
20754,1506,807
20755,1506,806
20756,1507,807
20757,1507,805
20758,1506,807
20759,1506,806
20760,1506,806
20761,1508,805
20762,1507,806
20763,1506,805
20764,1507,807
20765,1505,805
20766,1506,805
20767,1506,806
20768,1506,807
20769,1507,805
20770,1506,807
20771,1506,806
20772,1506,806
20773,1508,805
20774,1506,806
20775,1507,806
20776,1508,805
20777,1506,805
20778,1506,806
20779,1507,807
20780,1505,806
20781,1507,807
20782,1506,807
20783,1506,805
20784,1507,805
20785,1507,805
20786,1506,803
20787,1506,804
20788,1506,805
20789,1505,806
20790,1506,803
20791,1506,804
20792,1507,805
20793,1506,804
20794,1506,806
20795,1506,807
20796,1506,805
20797,1507,805
20798,1506,805
20799,1506,806
20800,1507,806
20801,1507,805
20802,1507,807
20803,1506,805
20804,1506,805
20805,1506,804
20806,1507,806
20807,1507,805
20808,1508,806
20809,1507,805
20810,1506,807
20811,1507,805
20812,1508,807
20813,1506,805
20814,1507,804
20815,1506,807
20816,1506,806
20817,1506,804
20818,1506,807
20819,1506,807
20820,1506,807
20821,1507,805
20822,1506,807
20823,1507,806
20824,1507,805
20825,1506,807
20826,1506,807
20827,1507,807
20828,1507,807
20829,1507,807
20830,1506,805
20831,1506,807
20832,1507,805
20833,1506,805
20834,1507,807
20835,1506,807
20836,1506,805
20837,1506,805
20838,1507,805
20839,1505,807
20840,1506,807
20841,1506,805
20842,1506,807
20843,1506,805
20844,1506,807
20845,1508,805
20846,1508,805
20847,1508,807
20848,1506,805
20849,1506,806
20850,1506,806
20851,1507,807
20852,1506,806
20853,1507,805
20854,1506,807
20855,1506,805
20856,1506,805
20857,1507,805
20858,1508,807
20859,1505,804
20860,1504,807
20861,1506,807
20862,1506,805
20863,1506,808
20864,1506,807
20865,1507,804
20866,1507,805
20867,1507,805
20868,1506,807
20869,1507,807
20870,1506,806
20871,1506,805
20872,1506,804
20873,1507,806
20874,1506,804
20875,1506,805
20876,1506,807
20877,1506,807
20878,1506,805
20879,1506,805
20880,1507,805
20881,1506,804
20882,1504,805
20883,1506,805
20884,1506,804
20885,1506,805
20886,1506,805
20887,1507,805
20888,1506,805
20889,1506,803
20890,1506,805
20891,1506,806
20892,1506,804
20893,1506,805
20894,1506,807
20895,1506,807
20896,1506,807
20897,1506,806
20898,1506,807
20899,1507,805
20900,1506,805
20901,1507,807
20902,1507,805
20903,1506,806
20904,1507,805
20905,1507,805
20906,1506,807
20907,1506,807
20908,1508,807
20909,1506,806
20910,1507,806
20911,1506,805
20912,1507,805
20913,1507,806
20914,1506,806
20915,1506,805
20916,1506,805
20917,1508,806
20918,1505,807
20919,1506,806
20920,1507,805
20921,1506,805
20922,1507,805
20923,1508,805
20924,1506,807
20925,1505,806
20926,1506,804
20927,1506,807
20928,1506,803
20929,1506,805
20930,1506,806
20931,1506,805
20932,1507,806
20933,1504,806
20934,1506,807
20935,1506,807
20936,1506,805
20937,1506,807
20938,1506,805
20939,1506,805
20940,1507,805
20941,1507,805
20942,1507,806
20943,1506,807
20944,1508,807
20945,1507,804
20946,1505,807
20947,1506,805
20948,1508,805
20949,1506,804
20950,1506,807
20951,1506,807
20952,1506,804
20953,1505,807
20954,1506,805
20955,1506,807
20956,1506,805
20957,1506,806
20958,1506,807
20959,1506,805
20960,1506,806
20961,1506,806
20962,1504,807
20963,1506,806
20964,1506,807
20965,1506,805
20966,1507,805
20967,1506,806
20968,1506,806
20969,1507,807
20970,1506,805
20971,1506,807
20972,1507,805
20973,1506,805
20974,1506,806
20975,1506,807
20976,1507,805
20977,1507,805
20978,1508,805
20979,1507,806
20980,1506,805
20981,1505,804
20982,1506,807
20983,1506,805
20984,1506,805
20985,1506,805
20986,1506,805
20987,1506,805
20988,1506,807
20989,1506,805
20990,1506,805
20991,1506,805
20992,1506,806
20993,1507,803
20994,1506,805
20995,1506,805
20996,1506,805
20997,1506,804
20998,1506,805
20999,1505,805
21000,1506,807
21001,1506,805
21002,1507,805
21003,1507,805
21004,1506,805
21005,1506,805
21006,1506,806
21007,1507,805
21008,1506,807
21009,1506,807
21010,1506,805
21011,1506,805
21012,1506,806
21013,1506,806
21014,1507,807
21015,1506,804
21016,1507,805
21017,1506,807
21018,1506,805
21019,1506,806
21020,1506,806
21021,1507,806
21022,1507,805
21023,1505,805
21024,1506,807
21025,1506,805
21026,1506,806
21027,1507,805
21028,1506,806
21029,1507,805
21030,1507,805
21031,1506,804
21032,1506,804
21033,1507,805
21034,1507,806
21035,1505,807
21036,1506,803
21037,1505,805
21038,1506,804
21039,1507,805
21040,1507,804
21041,1506,805
21042,1506,807
21043,1507,805
21044,1508,805
21045,1506,805
21046,1506,805
21047,1507,805
21048,1506,805
21049,1507,804
21050,1506,805
21051,1507,805
21052,1506,805
21053,1506,803
21054,1507,805
21055,1507,803
21056,1507,806
21057,1506,805
21058,1504,805
21059,1505,805
21060,1506,805
21061,1504,807
21062,1506,807
21063,1506,805
21064,1506,807
21065,1507,807
21066,1506,806
21067,1507,805
21068,1506,805
21069,1507,807
21070,1507,805
21071,1506,806
21072,1506,805
21073,1506,805
21074,1506,806
21075,1507,805
21076,1507,805
21077,1506,805
21078,1507,804
21079,1507,807
21080,1506,805
21081,1507,806
21082,1507,806
21083,1507,805
21084,1507,807
21085,1507,805
21086,1507,807
21087,1507,807
21088,1506,804
21089,1506,805
21090,1506,806
21091,1506,806
21092,1506,807
21093,1506,807
21094,1506,806
21095,1508,805
21096,1506,805
21097,1507,809
21098,1506,806
21099,1506,805
21100,1507,806
21101,1507,807
21102,1508,807
21103,1506,806
21104,1507,807
21105,1506,807
21106,1506,805
21107,1506,806
21108,1506,805
21109,1507,806
21110,1507,807
21111,1508,807
21112,1506,805
21113,1506,805
21114,1506,807
21115,1507,807
21116,1506,807
21117,1507,807
21118,1506,805
21119,1506,806
21120,1506,806
21121,1505,807
21122,1506,807
21123,1506,807
21124,1507,807
21125,1508,805
21126,1506,807
21127,1507,807
21128,1506,807
21129,1507,807
21130,1507,807
21131,1506,807
21132,1508,805
21133,1506,805
21134,1506,807
21135,1506,805
21136,1507,807
21137,1507,807
21138,1506,805
21139,1506,805
21140,1507,807
21141,1507,806
21142,1506,806
21143,1506,805
21144,1507,805
21145,1507,805
21146,1508,807
21147,1506,805
21148,1507,805
21149,1507,806
21150,1506,805
21151,1507,805
21152,1508,807
21153,1507,804
21154,1506,805
21155,1507,804
21156,1506,807
21157,1507,806
21158,1507,805
21159,1506,807
21160,1506,805
21161,1507,807
21162,1506,805
21163,1507,807
21164,1506,806
21165,1507,806
21166,1507,805
21167,1507,806
21168,1506,806
21169,1507,806
21170,1507,807
21171,1506,808
21172,1507,807
21173,1506,807
21174,1506,807
21175,1506,806
21176,1507,807
21177,1507,807
21178,1507,806
21179,1507,807
21180,1507,807
21181,1506,809
21182,1507,807
21183,1508,806
21184,1506,805
21185,1507,807
21186,1506,805
21187,1505,806
21188,1506,806
21189,1506,805
21190,1506,807
21191,1507,806
21192,1506,806
21193,1507,806
21194,1507,805
21195,1506,807
21196,1506,807
21197,1507,807
21198,1505,805
21199,1507,806
21200,1506,807
21201,1506,807
21202,1507,806
21203,1506,807
21204,1506,807
21205,1507,807
21206,1507,805
21207,1506,807
21208,1506,809
21209,1507,807
21210,1507,806
21211,1506,807
21212,1508,807
21213,1506,807
21214,1506,808
21215,1506,807
21216,1506,805
21217,1507,807
21218,1507,807
21219,1506,807
21220,1506,807
21221,1506,808
21222,1507,807
21223,1508,807
21224,1506,808
21225,1506,807
21226,1507,807
21227,1506,808
21228,1507,807
21229,1506,807
21230,1505,809
21231,1507,807
21232,1506,807
21233,1506,807
21234,1506,809
21235,1507,807
21236,1507,806
21237,1506,807
21238,1506,807
21239,1506,807
21240,1506,807
21241,1506,807
21242,1506,807
21243,1506,808
21244,1506,808
21245,1506,808
21246,1506,807
21247,1506,807
21248,1506,809
21249,1507,808
21250,1506,809
21251,1506,807
21252,1506,807
21253,1508,808
21254,1507,808
21255,1506,808
21256,1506,807
21257,1506,807
21258,1506,807
21259,1507,808
21260,1504,807
21261,1507,808
21262,1506,807
21263,1506,807
21264,1507,807
21265,1506,807
21266,1506,809
21267,1506,808
21268,1507,808
21269,1506,808
21270,1507,808
21271,1506,808
21272,1506,807
21273,1507,808
21274,1507,808
21275,1507,807
21276,1505,809
21277,1505,808
21278,1506,808
21279,1508,807
21280,1506,808
21281,1507,807
21282,1506,807
21283,1506,807
21284,1507,807
21285,1506,807
21286,1507,805
21287,1506,806
21288,1506,808
21289,1505,807
21290,1507,807
21291,1506,805
21292,1506,808
21293,1506,807
21294,1506,807
21295,1507,808
21296,1506,807
21297,1507,808
21298,1506,808
21299,1506,809
21300,1506,808
21301,1506,807
21302,1506,809
21303,1506,807
21304,1506,808
21305,1506,807
21306,1507,808
21307,1506,809
21308,1506,807
21309,1506,808
21310,1507,809
21311,1506,808
21312,1506,808
21313,1506,808
21314,1506,807
21315,1506,809
21316,1506,811
21317,1506,809
21318,1506,809
21319,1504,807
21320,1507,809
21321,1506,808
21322,1504,809
21323,1506,808
21324,1506,807
21325,1506,809
21326,1506,809
21327,1506,809
21328,1506,809
21329,1508,807
21330,1506,809
21331,1506,808
21332,1506,808
21333,1506,808
21334,1506,807
21335,1506,808
21336,1506,807
21337,1506,808
21338,1507,808
21339,1506,808
21340,1506,809
21341,1506,807
21342,1506,808
21343,1506,808
21344,1506,808
21345,1508,808
21346,1507,809
21347,1506,809
21348,1506,808
21349,1506,807
21350,1506,809
21351,1505,807
21352,1506,808
21353,1506,808
21354,1506,807
21355,1506,807
21356,1506,808
21357,1506,807
21358,1506,805
21359,1505,807
21360,1506,809
21361,1506,808
21362,1506,809
21363,1506,807
21364,1506,808
21365,1506,808
21366,1506,807
21367,1506,809
21368,1506,808
21369,1506,808
21370,1506,808
21371,1506,807
21372,1506,809
21373,1507,808
21374,1506,809
21375,1507,809
21376,1506,808
21377,1507,808
21378,1506,807
21379,1506,809
21380,1506,809
21381,1506,809
21382,1506,809
21383,1506,807
21384,1507,809
21385,1506,807
21386,1507,807
21387,1508,808
21388,1506,807
21389,1506,807
21390,1506,807
21391,1506,808
21392,1506,807
21393,1506,806
21394,1507,809
21395,1506,808
21396,1507,809
21397,1506,807
21398,1505,808
21399,1506,808
21400,1506,809
21401,1506,808
21402,1506,808
21403,1506,807
21404,1506,809
21405,1507,809
21406,1506,809
21407,1506,808
21408,1506,809
21409,1506,808
21410,1507,808
21411,1506,809
21412,1506,807
21413,1506,809
21414,1506,808
21415,1505,809
21416,1507,810
21417,1506,809
21418,1507,807
21419,1506,809
21420,1507,809
21421,1506,807
21422,1507,809
21423,1506,807
21424,1506,809
21425,1506,809
21426,1507,808
21427,1505,807
21428,1507,809
21429,1506,807
21430,1506,809
21431,1506,809
21432,1506,809
21433,1506,808
21434,1507,808
21435,1506,808
21436,1507,809
21437,1505,810
21438,1506,807
21439,1506,809
21440,1506,809
21441,1506,808
21442,1507,809
21443,1506,809
21444,1506,809
21445,1506,807
21446,1507,809
21447,1506,809
21448,1506,809
21449,1506,808
21450,1506,807
21451,1506,807
21452,1506,808
21453,1506,808
21454,1507,809
21455,1506,809
21456,1506,808
21457,1506,809
21458,1506,808
21459,1507,807
21460,1506,808
21461,1507,809
21462,1506,807
21463,1506,808
21464,1506,808
21465,1506,807
21466,1506,809
21467,1507,808
21468,1508,808
21469,1506,809
21470,1506,808
21471,1507,808
21472,1506,807
21473,1506,809
21474,1507,809
21475,1508,809
21476,1506,808
21477,1506,807
21478,1507,808
21479,1506,808
21480,1506,807
21481,1506,808
21482,1507,807
21483,1506,807
21484,1506,807
21485,1506,807
21486,1507,807
21487,1506,807
21488,1507,807
21489,1506,807
21490,1507,807
21491,1506,807
21492,1507,808
21493,1506,808
21494,1504,809
21495,1507,807
21496,1506,808
21497,1506,809
21498,1506,809
21499,1506,808
21500,1506,807
21501,1506,807
21502,1506,808
21503,1506,807
21504,1506,807
21505,1506,809
21506,1506,806
21507,1506,808
21508,1507,811
21509,1506,808
21510,1507,807
21511,1506,809
21512,1506,808
21513,1505,809
21514,1506,807
21515,1506,811
21516,1505,809
21517,1507,809
21518,1506,809
21519,1506,807
21520,1506,808
21521,1506,809
21522,1507,807
21523,1506,808
21524,1506,809
21525,1506,809
21526,1506,808
21527,1506,808
21528,1506,809
21529,1506,809
21530,1506,809
21531,1506,808
21532,1506,807
21533,1507,807
21534,1506,807
21535,1507,807
21536,1506,805
21537,1506,807
21538,1507,807
21539,1506,808
21540,1506,807
21541,1506,807
21542,1507,809
21543,1507,809
21544,1506,809
21545,1506,807
21546,1506,807
21547,1506,807
21548,1507,807
21549,1506,807
21550,1507,807
21551,1507,808
21552,1507,807
21553,1508,806
21554,1507,809
21555,1506,807
21556,1507,809
21557,1506,807
21558,1506,807
21559,1507,809
21560,1506,810
21561,1506,808
21562,1506,808
21563,1504,808
21564,1505,809
21565,1506,808
21566,1507,807
21567,1506,807
21568,1506,809
21569,1506,809
21570,1506,808
21571,1505,808
21572,1506,807
21573,1506,809
21574,1506,808
21575,1505,808
21576,1506,809
21577,1506,809
21578,1506,809
21579,1506,809
21580,1506,807
21581,1507,809
21582,1506,808
21583,1506,808
21584,1506,809
21585,1507,808
21586,1506,810
21587,1507,808
21588,1506,807
21589,1506,807
21590,1506,808
21591,1507,807
21592,1506,808
21593,1506,808
21594,1506,809
21595,1507,807
21596,1507,809
21597,1506,808
21598,1508,809
21599,1508,809
21600,1506,809
21601,1506,809
21602,1506,809
21603,1507,808
21604,1506,808
21605,1504,809
21606,1507,808
21607,1506,809
21608,1506,809
21609,1507,807
21610,1507,808
21611,1507,808
21612,1507,809
21613,1506,808
21614,1506,809
21615,1506,808
21616,1506,809
21617,1507,808
21618,1506,809
21619,1506,808
21620,1506,808
21621,1506,809
21622,1506,807
21623,1506,809
21624,1507,809
21625,1506,809
21626,1506,809
21627,1508,808
21628,1506,809
21629,1506,811
21630,1507,809
21631,1506,808
21632,1507,809
21633,1506,809
21634,1507,809
21635,1506,809
21636,1506,809
21637,1506,809
21638,1506,810
21639,1506,807
21640,1506,808
21641,1506,809
21642,1506,808
21643,1507,808
21644,1507,809
21645,1506,809
21646,1506,809
21647,1507,807
21648,1506,808
21649,1506,807
21650,1506,807
21651,1506,808
21652,1506,807
21653,1507,809
21654,1506,807
21655,1506,803
21656,1507,809
21657,1506,808
21658,1506,809
21659,1505,810
21660,1506,809
21661,1506,808
21662,1505,808
21663,1507,808
21664,1506,808
21665,1506,807
21666,1506,808
21667,1505,808
21668,1506,808
21669,1505,810
21670,1506,809
21671,1507,807
21672,1505,808
21673,1505,809
21674,1506,809
21675,1506,808
21676,1506,809
21677,1506,808
21678,1506,809
21679,1505,809
21680,1506,809
21681,1506,809
21682,1506,808
21683,1504,807
21684,1505,808
21685,1506,807
21686,1506,808
21687,1506,809
21688,1506,807
21689,1506,809
21690,1506,808
21691,1506,807
21692,1506,807
21693,1507,807
21694,1506,807
21695,1506,809
21696,1506,808
21697,1506,809
21698,1506,809
21699,1505,808
21700,1506,809
21701,1505,808
21702,1506,807
21703,1506,807
21704,1506,809
21705,1507,809
21706,1506,808
21707,1506,809
21708,1506,808
21709,1507,808
21710,1505,811
21711,1506,807
21712,1506,807
21713,1507,811
21714,1507,808
21715,1506,809
21716,1506,808
21717,1506,809
21718,1505,809
21719,1506,809
21720,1505,807
21721,1506,809
21722,1505,809
21723,1506,809
21724,1506,808
21725,1504,808
21726,1506,808
21727,1506,807
21728,1506,808
21729,1507,809
21730,1505,807
21731,1506,808
21732,1506,808
21733,1506,809
21734,1506,808
21735,1506,809
21736,1506,809
21737,1506,808
21738,1507,807
21739,1507,808
21740,1506,807
21741,1506,809
21742,1506,808
21743,1506,808
21744,1505,807
21745,1506,809
21746,1506,809
21747,1506,809
21748,1507,808
21749,1505,809
21750,1506,809
21751,1506,809
21752,1506,809
21753,1507,809
21754,1505,809
21755,1506,808
21756,1507,809
21757,1506,809
21758,1506,809
21759,1505,810
21760,1506,808
21761,1507,809
21762,1506,808
21763,1506,809
21764,1506,809
21765,1506,809
21766,1506,809
21767,1507,809
21768,1506,808
21769,1506,809
21770,1506,809
21771,1505,807
21772,1506,809
21773,1506,808
21774,1506,809
21775,1506,809
21776,1506,808
21777,1506,809
21778,1506,808
21779,1507,810
21780,1507,808
21781,1505,810
21782,1506,809
21783,1506,809
21784,1506,808
21785,1506,809
21786,1506,810
21787,1507,809
21788,1507,809
21789,1506,808
21790,1505,807
21791,1506,807
21792,1506,808
21793,1506,807
21794,1506,809
21795,1506,809
21796,1505,809
21797,1506,810
21798,1506,809
21799,1506,809
21800,1507,809
21801,1505,808
21802,1506,809
21803,1506,809
21804,1507,809
21805,1505,809
21806,1506,808
21807,1505,809
21808,1505,809
21809,1506,809
21810,1506,808
21811,1506,809
21812,1505,809
21813,1506,808
21814,1506,807
21815,1506,809
21816,1506,809
21817,1506,809
21818,1508,810
21819,1507,809
21820,1506,809
21821,1506,809
21822,1506,807
21823,1506,808
21824,1507,809
21825,1506,811
21826,1506,809
21827,1506,809
21828,1506,811
21829,1505,809
21830,1506,807
21831,1506,809
21832,1506,808
21833,1506,809
21834,1506,809
21835,1506,811
21836,1505,809
21837,1506,797
21838,1507,797
21839,1507,807
21840,1507,793
21841,1507,804
21842,1503,804
21843,1506,811
21844,1506,826
21845,1506,815
21846,1510,813
21847,1506,793
21848,1506,824
21849,1508,791
21850,1504,800
21851,1507,815
21852,1506,821
21853,1506,811
21854,1504,813
21855,1504,793
21856,1506,792
21857,1506,818
21858,1508,812
21859,1504,821
21860,1506,815
21861,1506,815
21862,1506,811
21863,1508,813
21864,1507,805
21865,1503,807
21866,1505,809
21867,1510,800
21868,1507,798
21869,1506,808
21870,1506,808
21871,1505,809
21872,1507,808
21873,1505,809
21874,1506,809
21875,1506,809
21876,1506,809
21877,1506,810
21878,1506,807
21879,1507,809
21880,1507,809
21881,1506,807
21882,1507,808
21883,1506,808
21884,1506,807
21885,1507,808
21886,1507,807
21887,1508,807
21888,1507,809
21889,1506,807
21890,1506,807
21891,1506,807
21892,1506,809
21893,1506,807
21894,1506,809
21895,1507,809
21896,1506,808
21897,1506,809
21898,1506,807
21899,1506,810
21900,1506,808
21901,1506,809
21902,1506,809
21903,1505,808
21904,1507,808
21905,1506,809
21906,1507,808
21907,1506,809
21908,1506,809
21909,1507,809
21910,1506,809
21911,1506,808
21912,1504,809
21913,1506,809
21914,1506,808
21915,1508,809
21916,1506,809
21917,1506,808
21918,1506,810
21919,1506,808
21920,1506,809
21921,1507,809
21922,1506,809
21923,1505,809
21924,1506,809
21925,1506,811
21926,1506,809
21927,1506,808
21928,1507,808
21929,1506,808
21930,1506,809
21931,1505,809
21932,1506,810
21933,1506,808
21934,1506,809
21935,1507,808
21936,1506,809
21937,1506,809
21938,1505,811
21939,1506,808
21940,1506,810
21941,1506,811
21942,1506,809
21943,1506,809
21944,1507,810
21945,1506,810
21946,1504,808
21947,1506,811
21948,1506,807
21949,1504,809
21950,1504,808
21951,1506,809
21952,1505,808
21953,1506,809
21954,1507,809
21955,1507,808
21956,1506,810
21957,1506,809
21958,1506,809
21959,1506,810
21960,1506,808
21961,1506,809
21962,1506,809
21963,1506,809
21964,1506,809
21965,1506,807
21966,1507,808
21967,1506,809
21968,1508,809
21969,1506,808
21970,1506,811
21971,1506,809
21972,1506,809
21973,1506,809
21974,1506,809
21975,1506,809
21976,1506,809
21977,1506,809
21978,1506,809
21979,1506,809
21980,1507,809
21981,1508,811
21982,1507,809
21983,1506,808
21984,1506,807
21985,1506,808
21986,1506,809
21987,1505,808
21988,1506,807
21989,1506,808
21990,1506,809
21991,1506,808
21992,1506,846
21993,1507,808
21994,1506,809
21995,1506,808
21996,1504,809
21997,1506,808
21998,1506,809
21999,1506,810
22000,1507,807
22001,1504,809
22002,1506,809
22003,1506,809
22004,1506,810
22005,1506,808
22006,1506,808
22007,1506,809
22008,1506,807
22009,1506,810
22010,1506,809
22011,1506,809
22012,1506,809
22013,1506,808
22014,1506,809
22015,1506,808
22016,1507,809
22017,1506,807
22018,1506,808
22019,1506,809
22020,1506,809
22021,1506,809
22022,1506,809
22023,1506,809
22024,1506,809
22025,1506,809
22026,1506,808
22027,1506,811
22028,1505,809
22029,1506,807
22030,1506,808
22031,1506,808
22032,1507,807
22033,1506,809
22034,1507,809
22035,1506,809
22036,1506,809
22037,1506,808
22038,1506,807
22039,1504,809
22040,1506,808
22041,1506,807
22042,1505,809
22043,1506,809
22044,1507,809
22045,1505,807
22046,1506,807
22047,1506,808
22048,1507,808
22049,1506,809
22050,1507,807
22051,1506,809
22052,1506,807
22053,1506,807
22054,1507,807
22055,1506,806
22056,1505,809
22057,1507,807
22058,1506,809
22059,1506,809
22060,1506,809
22061,1507,811
22062,1506,809
22063,1506,809
22064,1506,809
22065,1506,809
22066,1506,808
22067,1506,809
22068,1505,809
22069,1506,809
22070,1506,810
22071,1506,809
22072,1506,811
22073,1506,810
22074,1506,809
22075,1506,808
22076,1506,808
22077,1506,808
22078,1506,809
22079,1506,809
22080,1506,809
22081,1506,809
22082,1506,809
22083,1504,811
22084,1504,809
22085,1504,809
22086,1506,809
22087,1506,809
22088,1506,809
22089,1506,809
22090,1506,809
22091,1506,808
22092,1508,808
22093,1506,809
22094,1506,809
22095,1506,809
22096,1505,809
22097,1506,809
22098,1506,809
22099,1506,809
22100,1506,809
22101,1506,809
22102,1506,809
22103,1506,811
22104,1505,809
22105,1506,809
22106,1506,809
22107,1506,809
22108,1506,809
22109,1505,810
22110,1506,808
22111,1506,808
22112,1505,809
22113,1506,809
22114,1506,808
22115,1506,809
22116,1506,809
22117,1506,810
22118,1506,809
22119,1506,809
22120,1506,809
22121,1505,809
22122,1506,809
22123,1506,809
22124,1506,809
22125,1506,809
22126,1506,809
22127,1506,809
22128,1506,809
22129,1506,809
22130,1505,808
22131,1507,808
22132,1506,809
22133,1506,808
22134,1505,809
22135,1505,809
22136,1506,809
22137,1506,808
22138,1507,809
22139,1506,809
22140,1505,809
22141,1506,809
22142,1505,809
22143,1504,807
22144,1506,809
22145,1506,809
22146,1506,809
22147,1506,809
22148,1506,808
22149,1507,809
22150,1507,809
22151,1505,809
22152,1506,809
22153,1505,809
22154,1506,808
22155,1506,807
22156,1506,809
22157,1506,809
22158,1505,810
22159,1505,809
22160,1506,809
22161,1506,808
22162,1507,809
22163,1506,810
22164,1507,807
22165,1506,809
22166,1507,808
22167,1505,810
22168,1506,809
22169,1506,809
22170,1506,808
22171,1506,810
22172,1506,808
22173,1506,809
22174,1506,810
22175,1505,809
22176,1504,811
22177,1506,808
22178,1506,809
22179,1506,809
22180,1507,809
22181,1506,809
22182,1506,808
22183,1507,809
22184,1506,809
22185,1506,808
22186,1506,808
22187,1506,807
22188,1506,809
22189,1506,808
22190,1506,807
22191,1506,809
22192,1506,808
22193,1506,809
22194,1506,809
22195,1506,809
22196,1506,809
22197,1506,808
22198,1506,808
22199,1507,809
22200,1505,809
22201,1506,807
22202,1506,810
22203,1507,809
22204,1506,808
22205,1506,810
22206,1506,809
22207,1506,809
22208,1506,809
22209,1506,808
22210,1506,809
22211,1505,809
22212,1507,808
22213,1506,809
22214,1506,808
22215,1506,809
22216,1507,808
22217,1504,809
22218,1506,809
22219,1506,808
22220,1507,807
22221,1506,809
22222,1506,810
22223,1506,809
22224,1506,811
22225,1506,808
22226,1506,809
22227,1506,809
22228,1506,809
22229,1505,809
22230,1506,809
22231,1506,809
22232,1505,809
22233,1506,808
22234,1506,809
22235,1506,809
22236,1506,807
22237,1506,809
22238,1506,809
22239,1507,809
22240,1506,809
22241,1506,809
22242,1507,809
22243,1506,809
22244,1506,808
22245,1506,809
22246,1505,809
22247,1506,809
22248,1506,811
22249,1506,809
22250,1506,810
22251,1506,808
22252,1506,807
22253,1506,808
22254,1507,810
22255,1506,809
22256,1506,809
22257,1506,810
22258,1506,809
22259,1506,809
22260,1506,810
22261,1504,809
22262,1506,808
22263,1506,810
22264,1506,810
22265,1505,811
22266,1506,811
22267,1504,809
22268,1506,810
22269,1506,809
22270,1507,809
22271,1506,807
22272,1506,811
22273,1506,809
22274,1506,809
22275,1506,809
22276,1506,810
22277,1506,809
22278,1506,811
22279,1507,809
22280,1506,807
22281,1506,807
22282,1505,809
22283,1505,808
22284,1507,809
22285,1506,809
22286,1506,809
22287,1506,809
22288,1507,810
22289,1506,808
22290,1506,808
22291,1507,809
22292,1506,808
22293,1506,809
22294,1508,810
22295,1506,808
22296,1507,810
22297,1507,808
22298,1506,807
22299,1508,807
22300,1506,809
22301,1506,808
22302,1506,809
22303,1507,809
22304,1507,809
22305,1507,809
22306,1506,808
22307,1508,809
22308,1506,809
22309,1506,809
22310,1506,811
22311,1506,808
22312,1506,809
22313,1505,809
22314,1506,809
22315,1507,809
22316,1506,808
22317,1506,808
22318,1506,809
22319,1506,809
22320,1506,808
22321,1506,809
22322,1506,810
22323,1507,809
22324,1506,809
22325,1506,807
22326,1506,809
22327,1506,810
22328,1506,809
22329,1506,808
22330,1507,809
22331,1506,808
22332,1506,808
22333,1506,809
22334,1505,809
22335,1506,811
22336,1506,809
22337,1505,809
22338,1507,809
22339,1507,809
22340,1505,809
22341,1507,809
22342,1506,808
22343,1507,809
22344,1506,809
22345,1506,809
22346,1508,808
22347,1506,811
22348,1506,808
22349,1505,809
22350,1506,809
22351,1507,810
22352,1506,808
22353,1506,809
22354,1506,809
22355,1507,811
22356,1507,811
22357,1507,809
22358,1506,809
22359,1506,809
22360,1506,808
22361,1507,809
22362,1505,809
22363,1506,810
22364,1505,809
22365,1506,809
22366,1506,810
22367,1505,809
22368,1506,810
22369,1506,809
22370,1504,808
22371,1505,809
22372,1505,809
22373,1504,809
22374,1506,809
22375,1506,809
22376,1506,808
22377,1506,809
22378,1507,809
22379,1506,809
22380,1506,809
22381,1508,808
22382,1506,809
22383,1506,809
22384,1507,809
22385,1506,809
22386,1507,809
22387,1505,806
22388,1506,809
22389,1506,809
22390,1504,809
22391,1506,809
22392,1506,807
22393,1506,808
22394,1506,809
22395,1506,809
22396,1506,809
22397,1506,809
22398,1506,811
22399,1506,810
22400,1506,809
22401,1506,810
22402,1506,810
22403,1506,809
22404,1506,809
22405,1506,809
22406,1506,810
22407,1506,808
22408,1506,810
22409,1505,809
22410,1506,809
22411,1507,808
22412,1506,809
22413,1506,811
22414,1506,811
22415,1506,809
22416,1506,809
22417,1506,811
22418,1506,810
22419,1506,809
22420,1506,810
22421,1506,809
22422,1506,809
22423,1506,809
22424,1506,809
22425,1505,809
22426,1506,809
22427,1506,810
22428,1504,809
22429,1506,809
22430,1506,809
22431,1506,808
22432,1506,808
22433,1506,809
22434,1506,809
22435,1506,809
22436,1506,810
22437,1506,808
22438,1504,809
22439,1505,811
22440,1504,809
22441,1506,809
22442,1505,809
22443,1506,809
22444,1504,810
22445,1507,809
22446,1506,809
22447,1507,811
22448,1506,809
22449,1506,810
22450,1506,809
22451,1506,810
22452,1506,809
22453,1508,809
22454,1506,808
22455,1506,809
22456,1505,808
22457,1506,810
22458,1506,811
22459,1505,809
22460,1505,811
22461,1504,810
22462,1504,808
22463,1504,809
22464,1506,810
22465,1505,809
22466,1504,810
22467,1506,808
22468,1506,809
22469,1504,810
22470,1506,809
22471,1506,809
22472,1506,811
22473,1506,809
22474,1506,808
22475,1506,809
22476,1506,810
22477,1506,811
22478,1506,809
22479,1507,809
22480,1506,809
22481,1506,811
22482,1506,809
22483,1506,809
22484,1507,808
22485,1506,809
22486,1505,808
22487,1507,809
22488,1506,809
22489,1505,808
22490,1506,809
22491,1506,808
22492,1506,808
22493,1506,809
22494,1506,809
22495,1504,809
22496,1506,809
22497,1506,808
22498,1507,809
22499,1506,809
22500,1505,809
22501,1506,808
22502,1506,809
22503,1505,809
22504,1506,811
22505,1506,809
22506,1506,808
22507,1507,809
22508,1506,809
22509,1506,809
22510,1507,809
22511,1506,809
22512,1506,809
22513,1507,809
22514,1506,809
22515,1506,809
22516,1506,809
22517,1506,809
22518,1506,809
22519,1505,809
22520,1507,810
22521,1506,808
22522,1506,809
22523,1506,809
22524,1507,811
22525,1506,809
22526,1507,809
22527,1506,810
22528,1505,809
22529,1506,809
22530,1506,809
22531,1506,809
22532,1506,809
22533,1506,807
22534,1506,809
22535,1507,809
22536,1506,809
22537,1506,809
22538,1506,809
22539,1507,807
22540,1506,808
22541,1506,808
22542,1505,809
22543,1506,809
22544,1505,810
22545,1506,809
22546,1506,807
22547,1506,810
22548,1506,809
22549,1506,809
22550,1507,809
22551,1506,808
22552,1506,808
22553,1506,809
22554,1506,809
22555,1507,809
22556,1506,809
22557,1506,809
22558,1506,811
22559,1506,809
22560,1506,809
22561,1505,809
22562,1506,808
22563,1507,809
22564,1506,809
22565,1506,809
22566,1506,810
22567,1506,809
22568,1506,810
22569,1505,809
22570,1506,809
22571,1507,808
22572,1506,809
22573,1506,809
22574,1506,811
22575,1506,809
22576,1506,809
22577,1506,809
22578,1506,808
22579,1506,809
22580,1506,809
22581,1506,810
22582,1506,809
22583,1506,810
22584,1506,809
22585,1506,809
22586,1506,809
22587,1507,809
22588,1506,809
22589,1504,810
22590,1506,809
22591,1505,809
22592,1505,809
22593,1506,809
22594,1507,811
22595,1506,809
22596,1506,810
22597,1506,810
22598,1504,809
22599,1506,810
22600,1506,809
22601,1506,809
22602,1506,809
22603,1506,809
22604,1506,810
22605,1506,808
22606,1505,809
22607,1506,809
22608,1506,809
22609,1506,809
22610,1506,809
22611,1506,808
22612,1507,810
22613,1505,809
22614,1506,809
22615,1506,811
22616,1506,809
22617,1506,809
22618,1505,809
22619,1506,810
22620,1506,811
22621,1506,810
22622,1506,809
22623,1506,809
22624,1505,810
22625,1506,809
22626,1506,809
22627,1506,810
22628,1506,808
22629,1506,809
22630,1506,809
22631,1507,810
22632,1506,810
22633,1505,809
22634,1506,809
22635,1506,809
22636,1506,809
22637,1506,809
22638,1507,808
22639,1506,809
22640,1505,810
22641,1507,811
22642,1507,809
22643,1506,807
22644,1506,808
22645,1506,808
22646,1507,807
22647,1506,809
22648,1507,809
22649,1507,808
22650,1506,808
22651,1506,809
22652,1504,809
22653,1506,808
22654,1508,808
22655,1506,807
22656,1507,809
22657,1506,810
22658,1506,809
22659,1507,809
22660,1506,809
22661,1506,809
22662,1506,811
22663,1507,810
22664,1506,811
22665,1504,809
22666,1507,809
22667,1506,809
22668,1507,807
22669,1506,809
22670,1506,809
22671,1506,809
22672,1506,809
22673,1505,809
22674,1506,811
22675,1505,809
22676,1506,809
22677,1507,809
22678,1506,809
22679,1504,809
22680,1506,809
22681,1505,809
22682,1506,809
22683,1506,808
22684,1506,808
22685,1506,808
22686,1506,809
22687,1507,808
22688,1506,807
22689,1507,809
22690,1507,809
22691,1506,807
22692,1508,807
22693,1506,808
22694,1506,809
22695,1508,811
22696,1505,808
22697,1506,809
22698,1506,808
22699,1506,809
22700,1506,811
22701,1506,809
22702,1506,809
22703,1507,809
22704,1505,809
22705,1506,811
22706,1507,809
22707,1507,809
22708,1506,809
22709,1508,807
22710,1506,809
22711,1507,809
22712,1506,809
22713,1506,810
22714,1506,809
22715,1505,809
22716,1506,811
22717,1506,808
22718,1506,809
22719,1507,809
22720,1507,809
22721,1506,809
22722,1506,811
22723,1506,809
22724,1506,810
22725,1506,810
22726,1506,810
22727,1506,809
22728,1506,811
22729,1505,810
22730,1505,810
22731,1507,810
22732,1507,809
22733,1506,809
22734,1506,810
22735,1506,808
22736,1506,809
22737,1505,809
22738,1506,809
22739,1507,809
22740,1506,809
22741,1506,809
22742,1507,809
22743,1506,811
22744,1506,809
22745,1506,809
22746,1506,809
22747,1506,808
22748,1506,810
22749,1506,810
22750,1507,809
22751,1506,808
22752,1506,809
22753,1506,809
22754,1506,809
22755,1505,809
22756,1506,809
22757,1506,809
22758,1505,809
22759,1507,809
22760,1506,808
22761,1506,810
22762,1506,810
22763,1507,810
22764,1506,809
22765,1507,811
22766,1504,809
22767,1506,809
22768,1508,809
22769,1506,809
22770,1506,808
22771,1506,808
22772,1506,809
22773,1506,809
22774,1507,809
22775,1505,811
22776,1506,810
22777,1506,811
22778,1506,809
22779,1506,809
22780,1506,810
22781,1507,810
22782,1506,809
22783,1506,809
22784,1505,808
22785,1507,808
22786,1506,808
22787,1507,809
22788,1506,807
22789,1506,807
22790,1507,808
22791,1506,807
22792,1506,809
22793,1506,809
22794,1506,809
22795,1507,809
22796,1506,811
22797,1506,809
22798,1506,810
22799,1506,808
22800,1506,810
22801,1506,809
22802,1506,809
22803,1506,811
22804,1506,811
22805,1506,810
22806,1506,809
22807,1507,810
22808,1504,809
22809,1506,807
22810,1506,809
22811,1506,810
22812,1507,809
22813,1507,809
22814,1506,809
22815,1506,810
22816,1507,810
22817,1506,809
22818,1506,809
22819,1506,809
22820,1506,809
22821,1507,809
22822,1506,811
22823,1507,809
22824,1506,810
22825,1506,809
22826,1506,810
22827,1506,810
22828,1506,811
22829,1506,810
22830,1506,811
22831,1506,809
22832,1506,811
22833,1506,810
22834,1506,811
22835,1507,809
22836,1506,809
22837,1506,809
22838,1506,810
22839,1506,809
22840,1506,811
22841,1506,809
22842,1507,810
22843,1506,809
22844,1506,811
22845,1506,808
22846,1506,809
22847,1507,809
22848,1506,809
22849,1506,809
22850,1506,809
22851,1506,809
22852,1506,809
22853,1506,808
22854,1506,809
22855,1506,810
22856,1506,809
22857,1506,808
22858,1506,810
22859,1506,809
22860,1506,810
22861,1506,809
22862,1506,811
22863,1506,811
22864,1508,809
22865,1507,809
22866,1504,809
22867,1506,809
22868,1507,809
22869,1506,809
22870,1506,810
22871,1506,809
22872,1505,809
22873,1506,809
22874,1507,809
22875,1506,809
22876,1506,809
22877,1507,809
22878,1506,809
22879,1507,810
22880,1507,809
22881,1506,811
22882,1505,809
22883,1506,808
22884,1505,809
22885,1507,809
22886,1506,809
22887,1506,808
22888,1506,809
22889,1507,809
22890,1506,809
22891,1506,809
22892,1506,809
22893,1506,809
22894,1506,810
22895,1506,810
22896,1507,809
22897,1507,811
22898,1506,810
22899,1506,810
22900,1506,811
22901,1506,809
22902,1504,809
22903,1507,811
22904,1508,809
22905,1506,809
22906,1506,809
22907,1506,810
22908,1506,809
22909,1506,809
22910,1506,809
22911,1506,809
22912,1505,809
22913,1506,809
22914,1506,809
22915,1505,811
22916,1507,809
22917,1506,809
22918,1508,811
22919,1506,809
22920,1506,809
22921,1506,810
22922,1506,811
22923,1507,811
22924,1506,809
22925,1506,810
22926,1504,809
22927,1505,809
22928,1506,810
22929,1506,808
22930,1506,810
22931,1506,809
22932,1506,810
22933,1508,809
22934,1504,809
22935,1506,809
22936,1506,809
22937,1505,809
22938,1506,809
22939,1506,811
22940,1506,809
22941,1506,809
22942,1507,809
22943,1506,809
22944,1505,811
22945,1508,810
22946,1507,810
22947,1506,809
22948,1507,809
22949,1507,809
22950,1506,809
22951,1506,807
22952,1506,808
22953,1508,809
22954,1506,809
22955,1507,809
22956,1506,811
22957,1507,810
22958,1506,808
22959,1507,811
22960,1506,810
22961,1507,810
22962,1505,809
22963,1506,809
22964,1506,808
22965,1506,809
22966,1506,809
22967,1506,809
22968,1506,811
22969,1506,809
22970,1506,809
22971,1506,808
22972,1506,809
22973,1506,809
22974,1506,809
22975,1506,809
22976,1505,810
22977,1506,809
22978,1504,808
22979,1506,807
22980,1506,809
22981,1506,809
22982,1506,810
22983,1506,809
22984,1505,809
22985,1505,808
22986,1506,809
22987,1506,809
22988,1506,809
22989,1507,809
22990,1506,808
22991,1506,808
22992,1506,807
22993,1506,809
22994,1506,809
22995,1507,808
22996,1506,811
22997,1505,810
22998,1506,809
22999,1507,809
23000,1506,813
23001,1507,809
23002,1507,809
23003,1506,810
23004,1506,809
23005,1508,809
23006,1504,810
23007,1505,809
23008,1506,809
23009,1506,811
23010,1506,809
23011,1506,809
23012,1504,810
23013,1506,809
23014,1506,808
23015,1506,809
23016,1506,811
23017,1507,810
23018,1507,809
23019,1506,811
23020,1506,809
23021,1506,809
23022,1506,809
23023,1506,807
23024,1506,811
23025,1507,809
23026,1505,811
23027,1506,809
23028,1506,809
23029,1506,811
23030,1506,809
23031,1506,807
23032,1506,809
23033,1505,809
23034,1506,807
23035,1506,807
23036,1506,808
23037,1506,808
23038,1507,809
23039,1507,809
23040,1506,809
23041,1508,808
23042,1506,809
23043,1506,809
23044,1506,809
23045,1505,809
23046,1495,809
23047,1506,808
23048,1506,808
23049,1506,809
23050,1505,808
23051,1507,808
23052,1506,809
23053,1506,809
23054,1506,808
23055,1505,805
23056,1504,811
23057,1505,809
23058,1506,809
23059,1505,809
23060,1506,809
23061,1506,810
23062,1506,808
23063,1506,810
23064,1504,809
23065,1506,809
23066,1504,810
23067,1506,809
23068,1506,811
23069,1505,810
23070,1506,809
23071,1507,809
23072,1506,810
23073,1506,808
23074,1506,809
23075,1506,809
23076,1506,809
23077,1505,810
23078,1506,809
23079,1507,810
23080,1507,809
23081,1506,809
23082,1506,809
23083,1507,809
23084,1506,809
23085,1506,809
23086,1507,810
23087,1507,810
23088,1506,809
23089,1504,809
23090,1506,810
23091,1507,808
23092,1507,809
23093,1506,809
23094,1506,810
23095,1506,810
23096,1507,807
23097,1506,809
23098,1506,809
23099,1506,810
23100,1506,808
23101,1506,809
23102,1507,810
23103,1506,809
23104,1506,811
23105,1507,809
23106,1507,810
23107,1506,809
23108,1506,809
23109,1506,809
23110,1506,809
23111,1506,810
23112,1505,809
23113,1506,809
23114,1508,809
23115,1506,809
23116,1508,809
23117,1506,811
23118,1506,808
23119,1506,810
23120,1507,809
23121,1506,811
23122,1507,809
23123,1506,809
23124,1506,809
23125,1506,809
23126,1506,809
23127,1506,808
23128,1506,809
23129,1506,809
23130,1507,808
23131,1505,809
23132,1507,808
23133,1506,810
23134,1507,809
23135,1506,808
23136,1506,809
23137,1506,810
23138,1506,809
23139,1507,809
23140,1506,808
23141,1507,809
23142,1507,809
23143,1506,809
23144,1506,808
23145,1507,809
23146,1507,809
23147,1506,809
23148,1507,809
23149,1506,808
23150,1506,808
23151,1506,809
23152,1505,815
23153,1507,809
23154,1507,807
23155,1506,809
23156,1506,807
23157,1506,810
23158,1506,810
23159,1506,809
23160,1504,809
23161,1504,811
23162,1506,810
23163,1506,810
23164,1506,810
23165,1506,810
23166,1506,809
23167,1505,808
23168,1507,809
23169,1506,811
23170,1506,809
23171,1506,810
23172,1506,809
23173,1506,809
23174,1507,810
23175,1506,810
23176,1506,810
23177,1505,810
23178,1506,809
23179,1506,810
23180,1507,808
23181,1506,809
23182,1506,809
23183,1506,809
23184,1508,809
23185,1504,807
23186,1506,808
23187,1506,809
23188,1508,808
23189,1506,808
23190,1506,807
23191,1506,809
23192,1506,807
23193,1507,808
23194,1506,810
23195,1508,809
23196,1506,811
23197,1505,809
23198,1506,809
23199,1506,810
23200,1506,809
23201,1506,809
23202,1507,809
23203,1506,809
23204,1506,809
23205,1506,809
23206,1506,808
23207,1506,809
23208,1506,811
23209,1507,811
23210,1505,810
23211,1506,810
23212,1507,808
23213,1506,811
23214,1506,810
23215,1506,811
23216,1506,808
23217,1506,809
23218,1506,809
23219,1506,809
23220,1508,809
23221,1506,810
23222,1506,809
23223,1506,810
23224,1506,808
23225,1506,810
23226,1506,809
23227,1505,808
23228,1506,809
23229,1506,809
23230,1506,809
23231,1507,809
23232,1506,811
23233,1506,809
23234,1506,809
23235,1506,809
23236,1507,809
23237,1506,809
23238,1506,809
23239,1506,809
23240,1506,809
23241,1506,810
23242,1505,809
23243,1506,810
23244,1507,809
23245,1506,809
23246,1506,809
23247,1505,808
23248,1506,811
23249,1506,810
23250,1506,809
23251,1506,809
23252,1505,809
23253,1506,810
23254,1505,811
23255,1506,809
23256,1506,809
23257,1506,809
23258,1507,807
23259,1506,809
23260,1506,809
23261,1506,811
23262,1506,809
23263,1506,811
23264,1506,809
23265,1506,809
23266,1506,809
23267,1505,808
23268,1506,808
23269,1506,809
23270,1505,809
23271,1506,807
23272,1505,810
23273,1506,809
23274,1506,810
23275,1506,809
23276,1506,809
23277,1506,810
23278,1506,810
23279,1506,809
23280,1505,809
23281,1506,811
23282,1506,809
23283,1506,809
23284,1505,809
23285,1506,809
23286,1506,807
23287,1507,809
23288,1505,809
23289,1507,807
23290,1506,809
23291,1506,807
23292,1506,809
23293,1506,809
23294,1506,809
23295,1506,809
23296,1506,809
23297,1505,811
23298,1506,810
23299,1506,810
23300,1506,809
23301,1505,811
23302,1506,809
23303,1508,809
23304,1506,810
23305,1506,811
23306,1504,809
23307,1506,811
23308,1504,811
23309,1506,810
23310,1507,809
23311,1506,809
23312,1505,810
23313,1505,809
23314,1505,809
23315,1505,809
23316,1506,809
23317,1504,809
23318,1506,808
23319,1506,811
23320,1505,809
23321,1506,809
23322,1506,809
23323,1504,811
23324,1506,809
23325,1506,809
23326,1506,808
23327,1506,809
23328,1505,810
23329,1506,809
23330,1506,811
23331,1506,810
23332,1506,810
23333,1506,810
23334,1506,809
23335,1507,809
23336,1506,809
23337,1504,810
23338,1506,809
23339,1506,808
23340,1506,809
23341,1506,811
23342,1505,809
23343,1506,809
23344,1506,809
23345,1505,809
23346,1506,809
23347,1505,809
23348,1505,809
23349,1506,808
23350,1506,810
23351,1506,809
23352,1505,809
23353,1505,808
23354,1506,809
23355,1506,809
23356,1506,809
23357,1506,809
23358,1505,809
23359,1506,809
23360,1506,810
23361,1506,809
23362,1506,810
23363,1506,809
23364,1506,809
23365,1506,809
23366,1507,809
23367,1506,809
23368,1506,809
23369,1506,811
23370,1504,808
23371,1506,809
23372,1507,809
23373,1506,811
23374,1506,809
23375,1507,809
23376,1506,809
23377,1505,809
23378,1506,809
23379,1505,809
23380,1504,809
23381,1506,809
23382,1506,808
23383,1506,807
23384,1505,807
23385,1506,807
23386,1507,809
23387,1506,809
23388,1506,809
23389,1506,807
23390,1506,808
23391,1505,807
23392,1506,807
23393,1506,809
23394,1506,809
23395,1506,811
23396,1506,811
23397,1504,811
23398,1506,807
23399,1507,811
23400,1506,810
23401,1506,810
23402,1506,811
23403,1506,811
23404,1506,809
23405,1506,809
23406,1505,808
23407,1506,811
23408,1505,809
23409,1506,811
23410,1506,809
23411,1506,809
23412,1506,810
23413,1506,809
23414,1505,809
23415,1504,809
23416,1506,809
23417,1506,809
23418,1506,810
23419,1506,809
23420,1504,811
23421,1506,809
23422,1506,810
23423,1506,809
23424,1507,809
23425,1507,809
23426,1506,810
23427,1506,809
23428,1506,809
23429,1506,811
23430,1504,809
23431,1506,810
23432,1505,809
23433,1506,809
23434,1506,808
23435,1505,810
23436,1507,809
23437,1506,811
23438,1506,811
23439,1506,809
23440,1508,811
23441,1506,811
23442,1506,809
23443,1506,809
23444,1506,811
23445,1507,811
23446,1505,809
23447,1505,809
23448,1506,811
23449,1506,808
23450,1506,809
23451,1506,808
23452,1505,808
23453,1506,811
23454,1506,811
23455,1506,810
23456,1506,809
23457,1508,810
23458,1506,810
23459,1506,808
23460,1506,808
23461,1506,811
23462,1506,811
23463,1506,809
23464,1506,811
23465,1506,811
23466,1506,809
23467,1505,808
23468,1505,809
23469,1506,809
23470,1506,811
23471,1506,809
23472,1505,809
23473,1506,811
23474,1505,809
23475,1506,809
23476,1508,802
23477,1506,792
23478,1508,799
23479,1500,795
23480,1508,799
23481,1508,825
23482,1504,811
23483,1508,823
23484,1506,809
23485,1506,808
23486,1506,808
23487,1506,808
23488,1506,808
23489,1506,809
23490,1505,807
23491,1506,807
23492,1506,809
23493,1506,809
23494,1504,809
23495,1506,808
23496,1505,808
23497,1506,809
23498,1506,810
23499,1506,809
23500,1506,808
23501,1506,809
23502,1505,808
23503,1506,811
23504,1507,809
23505,1506,811
23506,1506,809
23507,1506,809
23508,1506,809
23509,1505,809
23510,1506,809
23511,1506,811
23512,1506,809
23513,1506,809
23514,1504,810
23515,1506,810
23516,1507,809
23517,1504,811
23518,1506,809
23519,1506,810
23520,1506,809
23521,1504,809
23522,1506,808
23523,1507,809
23524,1506,809
23525,1507,811
23526,1504,809
23527,1506,809
23528,1506,811
23529,1507,810
23530,1506,809
23531,1507,809
23532,1506,809
23533,1506,809
23534,1506,808
23535,1507,809
23536,1506,807
23537,1507,809
23538,1505,809
23539,1506,809
23540,1506,809
23541,1506,811
23542,1506,809
23543,1504,811
23544,1506,809
23545,1506,809
23546,1506,808
23547,1506,809
23548,1507,809
23549,1506,807
23550,1506,809
23551,1506,809
23552,1506,809
23553,1506,809
23554,1506,809
23555,1506,809
23556,1506,809
23557,1507,811
23558,1506,809
23559,1506,811
23560,1504,809
23561,1506,808
23562,1506,809
23563,1506,809
23564,1507,809
23565,1506,811
23566,1506,811
23567,1506,810
23568,1504,809
23569,1506,810
23570,1505,810
23571,1506,809
23572,1508,809
23573,1506,811
23574,1506,809
23575,1507,810
23576,1506,809
23577,1508,809
23578,1506,810
23579,1504,811
23580,1506,809
23581,1506,811
23582,1506,809
23583,1506,809
23584,1506,811
23585,1504,810
23586,1506,810
23587,1506,810
23588,1506,810
23589,1507,808
23590,1506,809
23591,1506,811
23592,1506,810
23593,1506,811
23594,1506,811
23595,1506,809
23596,1505,810
23597,1506,810
23598,1506,809
23599,1506,809
23600,1504,808
23601,1507,809
23602,1506,809
23603,1506,809
23604,1504,809
23605,1506,811
23606,1506,811
23607,1506,809
23608,1507,809
23609,1506,809
23610,1506,808
23611,1506,809
23612,1506,809
23613,1507,811
23614,1506,809
23615,1506,810
23616,1507,811
23617,1505,810
23618,1507,810
23619,1506,811
23620,1505,811
23621,1505,809
23622,1506,811
23623,1506,809
23624,1506,809
23625,1506,809
23626,1504,810
23627,1504,810
23628,1506,810
23629,1508,809
23630,1505,810
23631,1506,813
23632,1506,810
23633,1506,809
23634,1505,809
23635,1506,810
23636,1506,809
23637,1504,809
23638,1504,810
23639,1504,809
23640,1506,811
23641,1506,809
23642,1505,810
23643,1506,809
23644,1506,808
23645,1498,809
23646,1507,809
23647,1507,808
23648,1506,808
23649,1507,809
23650,1506,808
23651,1505,809
23652,1506,808
23653,1506,809
23654,1506,809
23655,1506,807
23656,1506,811
23657,1505,809
23658,1506,811
23659,1506,809
23660,1506,808
23661,1507,811
23662,1506,811
23663,1505,810
23664,1507,810
23665,1506,808
23666,1506,809
23667,1506,811
23668,1505,811
23669,1505,808
23670,1505,809
23671,1504,809
23672,1506,809
23673,1506,810
23674,1506,809
23675,1506,809
23676,1505,811
23677,1505,809
23678,1505,809
23679,1506,809
23680,1505,809
23681,1506,809
23682,1506,809
23683,1506,808
23684,1505,807
23685,1506,809
23686,1506,808
23687,1506,808
23688,1506,807
23689,1506,807
23690,1506,809
23691,1506,809
23692,1505,809
23693,1506,808
23694,1506,809
23695,1506,809
23696,1506,810
23697,1506,809
23698,1506,809
23699,1506,809
23700,1505,809
23701,1506,809
23702,1506,811
23703,1506,811
23704,1506,809
23705,1506,811
23706,1506,811
23707,1506,809
23708,1506,811
23709,1505,809
23710,1506,811
23711,1505,810
23712,1505,811
23713,1506,809
23714,1506,810
23715,1506,811
23716,1506,809
23717,1506,810
23718,1506,809
23719,1506,809
23720,1505,811
23721,1504,809
23722,1505,809
23723,1506,809
23724,1506,809
23725,1506,809
23726,1506,808
23727,1506,811
23728,1506,809
23729,1506,809
23730,1506,809
23731,1505,807
23732,1506,810
23733,1506,809
23734,1506,809
23735,1506,807
23736,1505,809
23737,1506,810
23738,1506,810
23739,1506,809
23740,1506,811
23741,1506,811
23742,1506,811
23743,1506,809
23744,1506,809
23745,1506,809
23746,1506,811
23747,1506,809
23748,1506,809
23749,1505,809
23750,1506,809
23751,1506,810
23752,1506,812
23753,1504,810
23754,1505,810
23755,1506,811
23756,1504,811
23757,1505,809
23758,1506,809
23759,1506,809
23760,1504,809
23761,1506,811
23762,1506,810
23763,1506,811
23764,1506,810
23765,1505,811
23766,1506,809
23767,1506,811
23768,1505,810
23769,1506,810
23770,1506,810
23771,1506,809
23772,1506,812
23773,1505,809
23774,1506,811
23775,1506,811
23776,1505,810
23777,1506,809
23778,1506,811
23779,1506,811
23780,1505,811
23781,1506,809
23782,1506,809
23783,1506,809
23784,1506,809
23785,1506,809
23786,1506,809
23787,1506,811
23788,1507,809
23789,1496,809
23790,1506,809
23791,1505,809
23792,1506,811
23793,1507,808
23794,1506,810
23795,1505,809
23796,1507,811
23797,1506,811
23798,1506,809
23799,1504,811
23800,1506,810
23801,1507,810
23802,1506,809
23803,1506,809
23804,1506,810
23805,1506,811
23806,1506,811
23807,1506,809
23808,1506,809
23809,1506,810
23810,1506,810
23811,1505,811
23812,1505,811
23813,1506,811
23814,1506,811
23815,1506,810
23816,1504,811
23817,1506,810
23818,1506,811
23819,1506,811
23820,1506,809
23821,1506,811
23822,1506,811
23823,1506,809
23824,1506,811
23825,1506,811
23826,1506,811
23827,1505,809
23828,1506,811
23829,1504,811
23830,1504,810
23831,1507,807
23832,1505,809
23833,1506,811
23834,1505,811
23835,1506,811
23836,1506,809
23837,1506,811
23838,1507,811
23839,1506,810
23840,1505,811
23841,1506,810
23842,1506,811
23843,1506,809
23844,1506,811
23845,1506,813
23846,1506,811
23847,1506,809
23848,1506,811
23849,1507,811
23850,1506,811
23851,1506,812
23852,1506,811
23853,1507,808
23854,1506,811
23855,1506,810
23856,1505,809
23857,1506,811
23858,1506,810
23859,1506,811
23860,1506,811
23861,1506,811
23862,1506,809
23863,1506,811
23864,1506,811
23865,1506,810
23866,1506,810
23867,1506,811
23868,1506,810
23869,1506,809
23870,1505,810
23871,1506,813
23872,1506,811
23873,1505,809
23874,1506,811
23875,1506,811
23876,1506,808
23877,1505,812
23878,1506,810
23879,1506,811
23880,1504,811
23881,1505,811
23882,1504,810
23883,1505,809
23884,1507,809
23885,1505,809
23886,1506,810
23887,1506,811
23888,1505,809
23889,1507,809
23890,1506,811
23891,1505,809
23892,1505,811
23893,1506,809
23894,1506,809
23895,1506,811
23896,1505,809
23897,1507,810
23898,1506,810
23899,1506,810
23900,1504,809
23901,1504,811
23902,1506,810
23903,1506,811
23904,1506,810
23905,1506,811
23906,1505,811
23907,1506,811
23908,1506,811
23909,1506,811
23910,1506,810
23911,1506,811
23912,1506,811
23913,1506,811
23914,1506,809
23915,1506,810
23916,1504,810
23917,1506,811
23918,1506,809
23919,1506,809
23920,1506,809
23921,1506,809
23922,1506,811
23923,1505,811
23924,1506,811
23925,1506,811
23926,1505,810
23927,1506,809
23928,1506,811
23929,1506,809
23930,1506,809
23931,1506,811
23932,1507,811
23933,1506,810
23934,1506,810
23935,1506,810
23936,1506,810
23937,1506,809
23938,1506,809
23939,1506,810
23940,1506,811
23941,1506,811
23942,1506,811
23943,1506,811
23944,1506,811
23945,1506,811
23946,1506,811
23947,1506,811
23948,1504,811
23949,1506,809
23950,1506,811
23951,1506,811
23952,1506,811
23953,1506,809
23954,1506,811
23955,1506,810
23956,1504,810
23957,1506,811
23958,1506,810
23959,1506,811
23960,1506,812
23961,1506,809
23962,1506,810
23963,1506,811
23964,1506,811
23965,1506,810
23966,1506,809
23967,1506,809
23968,1506,808
23969,1506,811
23970,1506,811
23971,1506,809
23972,1506,811
23973,1506,810
23974,1506,810
23975,1504,811
23976,1507,812
23977,1504,810
23978,1506,810
23979,1504,810
23980,1507,811
23981,1505,809
23982,1505,809
23983,1506,809
23984,1506,810
23985,1506,809
23986,1505,809
23987,1506,809
23988,1506,809
23989,1506,809
23990,1505,809
23991,1506,808
23992,1506,809
23993,1506,809
23994,1506,809
23995,1506,809
23996,1506,810
23997,1506,811
23998,1506,809
23999,1506,809
24000,1505,811
24001,1506,810
24002,1506,811
24003,1504,811
24004,1504,808
24005,1506,811
24006,1506,811
24007,1506,811
24008,1505,809
24009,1505,811
24010,1506,811
24011,1506,810
24012,1505,811
24013,1504,809
24014,1506,811
24015,1506,812
24016,1504,809
24017,1506,809
24018,1505,809
24019,1506,811
24020,1506,810
24021,1505,811
24022,1504,811
24023,1506,810
24024,1505,811
24025,1504,811
24026,1506,807
24027,1504,810
24028,1507,811
24029,1506,809
24030,1505,811
24031,1506,809
24032,1506,808
24033,1506,810
24034,1506,808
24035,1505,809
24036,1506,810
24037,1504,809
24038,1506,809
24039,1506,810
24040,1506,811
24041,1505,809
24042,1506,811
24043,1505,811
24044,1505,808
24045,1505,811
24046,1505,808
24047,1506,809
24048,1505,810
24049,1506,807
24050,1506,811
24051,1506,809
24052,1505,810
24053,1507,810
24054,1506,811
24055,1505,809
24056,1506,811
24057,1505,811
24058,1506,810
24059,1506,809
24060,1505,810
24061,1506,809
24062,1506,811
24063,1506,809
24064,1506,811
24065,1506,809
24066,1505,811
24067,1505,811
24068,1506,811
24069,1504,811
24070,1507,811
24071,1506,810
24072,1505,810
24073,1506,811
24074,1506,811
24075,1504,810
24076,1506,811
24077,1506,811
24078,1504,811
24079,1504,810
24080,1505,811
24081,1506,810
24082,1506,810
24083,1506,811
24084,1506,811
24085,1506,811
24086,1506,809
24087,1504,811
24088,1506,812
24089,1504,811
24090,1505,811
24091,1504,811
24092,1506,809
24093,1506,810
24094,1506,811
24095,1505,811
24096,1506,811
24097,1506,811
24098,1504,811
24099,1506,810
24100,1506,811
24101,1506,812
24102,1506,811
24103,1506,811
24104,1505,810
24105,1506,811
24106,1504,811
24107,1506,809
24108,1506,811
24109,1506,811
24110,1504,809
24111,1506,809
24112,1505,809
24113,1506,811
24114,1506,810
24115,1505,811
24116,1504,811
24117,1506,811
24118,1504,811
24119,1505,811
24120,1505,810
24121,1505,810
24122,1505,810
24123,1506,811
24124,1506,809
24125,1506,811
24126,1505,811
24127,1505,811
24128,1506,811
24129,1506,811
24130,1507,811
24131,1506,811
24132,1506,811
24133,1504,809
24134,1506,811
24135,1506,813
24136,1504,810
24137,1506,811
24138,1504,811
24139,1506,811
24140,1504,811
24141,1506,811
24142,1504,811
24143,1506,811
24144,1505,809
24145,1506,809
24146,1506,809
24147,1506,811
24148,1506,809
24149,1506,809
24150,1505,810
24151,1505,811
24152,1506,810
24153,1506,810
24154,1506,809
24155,1505,810
24156,1505,811
24157,1506,811
24158,1504,811
24159,1506,811
24160,1506,811
24161,1506,811
24162,1506,811
24163,1506,809
24164,1506,811
24165,1506,812
24166,1506,811
24167,1505,811
24168,1506,811
24169,1506,811
24170,1504,809
24171,1505,811
24172,1506,809
24173,1504,810
24174,1506,811
24175,1506,811
24176,1505,811
24177,1505,809
24178,1506,809
24179,1506,811
24180,1506,810
24181,1506,811
24182,1505,809
24183,1506,809
24184,1505,810
24185,1506,809
24186,1506,810
24187,1506,809
24188,1505,811
24189,1506,809
24190,1508,810
24191,1506,809
24192,1505,809
24193,1504,810
24194,1504,811
24195,1506,811
24196,1506,811
24197,1506,809
24198,1506,811
24199,1506,812
24200,1504,811
24201,1506,811
24202,1505,810
24203,1505,811
24204,1504,810
24205,1505,811
24206,1506,810
24207,1506,811
24208,1504,811
24209,1505,811
24210,1504,810
24211,1506,811
24212,1504,811
24213,1505,809
24214,1504,809
24215,1506,811
24216,1504,810
24217,1504,810
24218,1504,813
24219,1504,811
24220,1506,811
24221,1506,811
24222,1506,809
24223,1506,811
24224,1506,811
24225,1504,812
24226,1506,809
24227,1504,811
24228,1504,811
24229,1504,811
24230,1506,811
24231,1506,811
24232,1504,811
24233,1506,811
24234,1506,811
24235,1504,811
24236,1506,811
24237,1504,809
24238,1504,811
24239,1506,810
24240,1506,811
24241,1506,811
24242,1506,809
24243,1506,812
24244,1506,810
24245,1505,811
24246,1504,811
24247,1506,810
24248,1505,813
24249,1504,810
24250,1504,811
24251,1504,809
24252,1504,811
24253,1506,811
24254,1504,810
24255,1505,810
24256,1504,811
24257,1506,811
24258,1504,811
24259,1504,811
24260,1505,810
24261,1504,813
24262,1505,811
24263,1507,812
24264,1505,812
24265,1506,809
24266,1506,811
24267,1506,809
24268,1506,811
24269,1504,811
24270,1504,811
24271,1506,811
24272,1506,811
24273,1505,809
24274,1506,811
24275,1506,811
24276,1504,811
24277,1506,809
24278,1506,811
24279,1506,811
24280,1506,812
24281,1505,811
24282,1505,810
24283,1506,811
24284,1506,809
24285,1505,811
24286,1506,809
24287,1506,809
24288,1504,809
24289,1505,809
24290,1506,808
24291,1506,811
24292,1506,810
24293,1506,810
24294,1505,811
24295,1506,811
24296,1506,811
24297,1504,811
24298,1504,809
24299,1505,811
24300,1507,811
24301,1505,811
24302,1504,811
24303,1505,812
24304,1506,811
24305,1506,811
24306,1504,812
24307,1506,811
24308,1504,811
24309,1505,811
24310,1506,810
24311,1506,810
24312,1506,811
24313,1506,811
24314,1506,811
24315,1505,811
24316,1506,811
24317,1505,811
24318,1506,811
24319,1506,811
24320,1506,811
24321,1504,810
24322,1506,811
24323,1506,811
24324,1505,811
24325,1506,812
24326,1505,811
24327,1505,809
24328,1506,811
24329,1505,811
24330,1506,812
24331,1504,810
24332,1504,810
24333,1504,811
24334,1505,811
24335,1505,811
24336,1505,811
24337,1506,811
24338,1504,810
24339,1506,811
24340,1506,811
24341,1506,811
24342,1504,810
24343,1505,810
24344,1504,811
24345,1505,811
24346,1506,812
24347,1504,810
24348,1506,811
24349,1506,811
24350,1506,811
24351,1506,811
24352,1506,811
24353,1506,811
24354,1506,811
24355,1506,810
24356,1504,809
24357,1506,811
24358,1504,811
24359,1506,811
24360,1506,811
24361,1506,811
24362,1506,810
24363,1505,811
24364,1506,809
24365,1506,811
24366,1506,811
24367,1504,813
24368,1504,810
24369,1506,810
24370,1505,810
24371,1504,811
24372,1504,811
24373,1506,811
24374,1504,811
24375,1506,809
24376,1504,811
24377,1505,811
24378,1504,810
24379,1506,811
24380,1505,811
24381,1505,809
24382,1504,811
24383,1504,811
24384,1504,809
24385,1506,811
24386,1506,809
24387,1505,809
24388,1506,811
24389,1504,809
24390,1504,809
24391,1506,809
24392,1505,809
24393,1506,811
24394,1504,811
24395,1506,811
24396,1504,810
24397,1506,811
24398,1506,812
24399,1506,810
24400,1504,811
24401,1506,813
24402,1506,811
24403,1505,811
24404,1506,811
24405,1506,810
24406,1506,810
24407,1504,812
24408,1505,810
24409,1504,811
24410,1504,811
24411,1505,811
24412,1504,811
24413,1504,812
24414,1504,809
24415,1504,811
24416,1506,811
24417,1505,810
24418,1506,811
24419,1504,811
24420,1505,809
24421,1505,811
24422,1506,810
24423,1504,809
24424,1506,811
24425,1505,812
24426,1506,809
24427,1506,811
24428,1506,811
24429,1506,810
24430,1504,809
24431,1506,811
24432,1504,809
24433,1506,811
24434,1505,809
24435,1506,811
24436,1506,811
24437,1506,811
24438,1506,811
24439,1506,809
24440,1506,809
24441,1506,810
24442,1507,811
24443,1506,811
24444,1506,811
24445,1506,810
24446,1504,811
24447,1506,811
24448,1506,811
24449,1506,809
24450,1506,811
24451,1504,811
24452,1508,810
24453,1505,811
24454,1506,811
24455,1506,811
24456,1505,811
24457,1505,809
24458,1506,811
24459,1505,810
24460,1506,811
24461,1505,810
24462,1507,811
24463,1506,811
24464,1506,811
24465,1504,809
24466,1506,811
24467,1506,810
24468,1507,811
24469,1505,809
24470,1506,811
24471,1506,811
24472,1506,809
24473,1506,811
24474,1506,810
24475,1506,810
24476,1506,810
24477,1506,811
24478,1506,808
24479,1506,810
24480,1506,811
24481,1506,810
24482,1506,809
24483,1506,811
24484,1505,809
24485,1506,809
24486,1505,810
24487,1506,827
24488,1506,811
24489,1506,811
24490,1504,811
24491,1506,811
24492,1506,808
24493,1506,810
24494,1507,811
24495,1506,811
24496,1505,811
24497,1507,811
24498,1506,811
24499,1504,811
24500,1504,811
24501,1505,812
24502,1506,811
24503,1506,810
24504,1506,811
24505,1506,811
24506,1506,809
24507,1506,811
24508,1506,810
24509,1506,813
24510,1506,809
24511,1506,811
24512,1505,809
24513,1506,811
24514,1506,811
24515,1506,811
24516,1506,810
24517,1506,811
24518,1506,809
24519,1507,810
24520,1506,809
24521,1506,811
24522,1506,811
24523,1506,811
24524,1505,811
24525,1506,811
24526,1506,812
24527,1506,811
24528,1504,811
24529,1506,810
24530,1504,811
24531,1506,809
24532,1505,810
24533,1505,809
24534,1505,809
24535,1505,809
24536,1504,811
24537,1506,808
24538,1506,811
24539,1506,809
24540,1506,809
24541,1506,810
24542,1504,809
24543,1505,810
24544,1505,810
24545,1506,809
24546,1506,809
24547,1506,809
24548,1506,811
24549,1506,809
24550,1506,811
24551,1506,809
24552,1506,811
24553,1505,809
24554,1506,812
24555,1505,809
24556,1505,810
24557,1506,811
24558,1504,810
24559,1506,811
24560,1504,812
24561,1505,809
24562,1506,811
24563,1504,811
24564,1504,809
24565,1505,811
24566,1506,810
24567,1506,811
24568,1506,811
24569,1506,809
24570,1505,811
24571,1506,809
24572,1506,811
24573,1505,811
24574,1506,811
24575,1506,811
24576,1506,812
24577,1507,811
24578,1506,810
24579,1505,811
24580,1506,811
24581,1507,811
24582,1506,811
24583,1506,811
24584,1504,811
24585,1504,811
24586,1505,811
24587,1505,811
24588,1506,811
24589,1506,813
24590,1506,810
24591,1506,809
24592,1504,811
24593,1506,811
24594,1506,811
24595,1504,812
24596,1504,810
24597,1505,811
24598,1505,811
24599,1505,811
24600,1504,810
24601,1506,810
24602,1506,811
24603,1506,810
24604,1506,811
24605,1506,811
24606,1504,811
24607,1505,811
24608,1507,811
24609,1506,810
24610,1506,811
24611,1506,811
24612,1506,811
24613,1506,811
24614,1504,810
24615,1506,811
24616,1504,809
24617,1505,812
24618,1504,811
24619,1505,811
24620,1505,811
24621,1506,811
24622,1506,811
24623,1506,812
24624,1506,810
24625,1504,812
24626,1505,811
24627,1506,811
24628,1505,811
24629,1506,811
24630,1506,811
24631,1506,811
24632,1504,809
24633,1506,811
24634,1507,811
24635,1506,811
24636,1505,811
24637,1506,811
24638,1506,811
24639,1506,811
24640,1506,810
24641,1506,811
24642,1506,811
24643,1506,811
24644,1506,810
24645,1506,811
24646,1506,809
24647,1506,811
24648,1506,809
24649,1507,809
24650,1506,810
24651,1506,809
24652,1506,810
24653,1506,809
24654,1505,811
24655,1506,811
24656,1506,811
24657,1506,811
24658,1506,811
24659,1504,810
24660,1505,811
24661,1507,811
24662,1506,809
24663,1507,812
24664,1506,811
24665,1504,811
24666,1506,809
24667,1506,811
24668,1506,811
24669,1506,812
24670,1504,811
24671,1506,809
24672,1507,811
24673,1506,811
24674,1506,812
24675,1506,811
24676,1505,811
24677,1506,811
24678,1506,811
24679,1507,811
24680,1505,812
24681,1504,810
24682,1506,811
24683,1505,809
24684,1507,811
24685,1506,810
24686,1506,809
24687,1506,809
24688,1506,809
24689,1506,811
24690,1506,809
24691,1506,810
24692,1506,810
24693,1505,809
24694,1506,811
24695,1506,811
24696,1506,813
24697,1504,811
24698,1506,811
24699,1506,811
24700,1506,812
24701,1504,811
24702,1506,811
24703,1506,811
24704,1505,811
24705,1506,811
24706,1506,810
24707,1504,811
24708,1506,811
24709,1506,810
24710,1506,811
24711,1506,811
24712,1504,811
24713,1504,813
24714,1506,811
24715,1506,811
24716,1506,809
24717,1506,811
24718,1506,810
24719,1506,812
24720,1506,811
24721,1506,811
24722,1504,811
24723,1506,811
24724,1506,812
24725,1506,811
24726,1505,811
24727,1506,811
24728,1506,811
24729,1506,810
24730,1505,811
24731,1506,810
24732,1506,809
24733,1506,811
24734,1506,811
24735,1505,812
24736,1504,810
24737,1506,810
24738,1506,811
24739,1506,811
24740,1506,812
24741,1506,811
24742,1506,811
24743,1507,811
24744,1505,811
24745,1506,811
24746,1504,812
24747,1506,811
24748,1506,811
24749,1506,811
24750,1506,811
24751,1506,813
24752,1506,811
24753,1505,811
24754,1504,809
24755,1505,812
24756,1507,811
24757,1506,811
24758,1506,811
24759,1506,810
24760,1506,811
24761,1506,811
24762,1504,811
24763,1505,812
24764,1506,811
24765,1506,811
24766,1506,810
24767,1506,811
24768,1506,811
24769,1506,811
24770,1506,811
24771,1506,811
24772,1507,809
24773,1506,811
24774,1506,811
24775,1505,811
24776,1506,811
24777,1504,811
24778,1504,812
24779,1506,811
24780,1506,809
24781,1506,811
24782,1506,810
24783,1506,809
24784,1507,809
24785,1505,809
24786,1506,811
24787,1506,811
24788,1506,810
24789,1505,810
24790,1506,811
24791,1506,809
24792,1505,811
24793,1506,811
24794,1504,813
24795,1506,811
24796,1506,812
24797,1506,811
24798,1506,811
24799,1506,811
24800,1504,812
24801,1506,811
24802,1506,812
24803,1506,811
24804,1506,809
24805,1506,812
24806,1506,811
24807,1506,809
24808,1506,811
24809,1507,811
24810,1506,811
24811,1506,810
24812,1506,812
24813,1506,812
24814,1506,811
24815,1506,810
24816,1506,811
24817,1505,810
24818,1506,811
24819,1506,812
24820,1506,811
24821,1506,810
24822,1505,811
24823,1506,811
24824,1506,812
24825,1507,811
24826,1506,811
24827,1505,812
24828,1506,811
24829,1506,811
24830,1506,811
24831,1506,810
24832,1506,812
24833,1506,811
24834,1507,811
24835,1506,811
24836,1506,811
24837,1506,811
24838,1504,813
24839,1506,810
24840,1505,811
24841,1506,810
24842,1506,811
24843,1506,811
24844,1506,809
24845,1506,809
24846,1506,811
24847,1506,813
24848,1506,811
24849,1507,812
24850,1506,811
24851,1508,811
24852,1506,809
24853,1507,811
24854,1507,811
24855,1506,809
24856,1506,812
24857,1506,811
24858,1505,811
24859,1506,811
24860,1506,808
24861,1507,811
24862,1505,811
24863,1506,813
24864,1505,811
24865,1506,812
24866,1507,812
24867,1506,811
24868,1506,809
24869,1507,811
24870,1506,811
24871,1506,811
24872,1505,811
24873,1506,811
24874,1507,813
24875,1507,811
24876,1506,812
24877,1506,811
24878,1507,811
24879,1505,811
24880,1506,811
24881,1506,811
24882,1506,809
24883,1506,809
24884,1505,811
24885,1504,809
24886,1506,809
24887,1506,809
24888,1505,811
24889,1507,811
24890,1506,811
24891,1507,811
24892,1506,810
24893,1506,811
24894,1506,811
24895,1507,811
24896,1506,811
24897,1506,811
24898,1506,810
24899,1506,811
24900,1505,813
24901,1506,811
24902,1506,812
24903,1504,809
24904,1506,813
24905,1504,813
24906,1506,811
24907,1505,811
24908,1507,811
24909,1506,811
24910,1506,812
24911,1506,811
24912,1506,811
24913,1505,811
24914,1506,811
24915,1506,811
24916,1506,811
24917,1505,811
24918,1507,811
24919,1508,811
24920,1506,811
24921,1506,811
24922,1506,811
24923,1506,810
24924,1506,811
24925,1506,811
24926,1507,809
24927,1506,812
24928,1506,811
24929,1504,811
24930,1506,812
24931,1506,811
24932,1504,811
24933,1506,811
24934,1506,811
24935,1506,811
24936,1506,811
24937,1506,811
24938,1506,812
24939,1505,811
24940,1506,811
24941,1505,811
24942,1507,811
24943,1506,813
24944,1506,811
24945,1506,810
24946,1505,811
24947,1506,811
24948,1506,811
24949,1506,811
24950,1506,811
24951,1506,812
24952,1506,813
24953,1506,813
24954,1506,812
24955,1506,813
24956,1506,813
24957,1506,813
24958,1506,812
24959,1506,814
24960,1506,814
24961,1506,815
24962,1506,815
24963,1506,819
24964,1506,819
24965,1504,815
24966,1504,819
24967,1507,819
24968,1506,821
24969,1505,819
24970,1504,823
24971,1506,823
24972,1506,821
24973,1504,821
24974,1505,824
24975,1504,823
24976,1506,823
24977,1506,823
24978,1506,824
24979,1506,823
24980,1506,823
24981,1506,824
24982,1506,824
24983,1506,823
24984,1505,821
24985,1507,823
24986,1507,822
24987,1506,822
24988,1506,823
24989,1506,822
24990,1506,823
24991,1506,823
24992,1506,823
24993,1504,822
24994,1505,825
24995,1506,824
24996,1506,823
24997,1505,823
24998,1506,823
24999,1506,823
25000,1506,823
25001,1507,823
25002,1507,823
25003,1506,823
25004,1506,823
25005,1506,823
25006,1506,823
25007,1506,823
25008,1507,823
25009,1506,823
25010,1506,824
25011,1506,824
25012,1506,822
25013,1506,823
25014,1506,821
25015,1506,823
25016,1506,823
25017,1506,822
25018,1506,823
25019,1506,821
25020,1507,821
25021,1506,823
25022,1506,823
25023,1506,823
25024,1506,823
25025,1506,823
25026,1505,823
25027,1506,821
25028,1506,823
25029,1506,821
25030,1506,821
25031,1507,821
25032,1506,819
25033,1506,821
25034,1507,799
25035,1506,821
25036,1506,823
25037,1506,821
25038,1506,821
25039,1506,822
25040,1506,819
25041,1506,821
25042,1506,822
25043,1506,823
25044,1506,823
25045,1507,823
25046,1506,821
25047,1505,821
25048,1506,823
25049,1507,821
25050,1506,821
25051,1506,821
25052,1506,823
25053,1506,821
25054,1506,821
25055,1506,821
25056,1506,821
25057,1506,821
25058,1507,823
25059,1504,822
25060,1506,823
25061,1506,824
25062,1506,823
25063,1505,822
25064,1505,821
25065,1505,823
25066,1504,821
25067,1506,822
25068,1506,823
25069,1504,821
25070,1506,823
25071,1506,823
25072,1506,824
25073,1506,823
25074,1505,823
25075,1506,823
25076,1506,823
25077,1506,821
25078,1504,823
25079,1504,823
25080,1506,823
25081,1506,823
25082,1506,822
25083,1506,823
25084,1507,824
25085,1506,822
25086,1504,822
25087,1506,821
25088,1506,823
25089,1506,822
25090,1506,823
25091,1506,823
25092,1507,823
25093,1504,821
25094,1506,823
25095,1504,823
25096,1504,823
25097,1504,824
25098,1505,823
25099,1504,823
25100,1506,821
25101,1505,823
25102,1507,823
25103,1506,822
25104,1506,822
25105,1506,823
25106,1506,823
25107,1506,822
25108,1506,821
25109,1505,823
25110,1506,822
25111,1506,822
25112,1507,821
25113,1506,823
25114,1506,823
25115,1507,813
25116,1511,806
25117,1504,823
25118,1507,837
25119,1508,821
25120,1505,823
25121,1509,838
25122,1508,831
25123,1507,821
25124,1506,827
25125,1508,805
25126,1508,837
25127,1505,809
25128,1509,809
25129,1507,819
25130,1503,819
25131,1507,841
25132,1504,822
25133,1506,823
25134,1508,827
25135,1508,808
25136,1506,821
25137,1508,842
25138,1510,837
25139,1500,815
25140,1507,811
25141,1504,816
25142,1506,829
25143,1506,805
25144,1508,822
25145,1507,813
25146,1507,822
25147,1506,821
25148,1506,821
25149,1507,823
25150,1505,821
25151,1506,821
25152,1506,821
25153,1506,821
25154,1506,823
25155,1506,821
25156,1507,822
25157,1506,822
25158,1505,824
25159,1507,821
25160,1506,823
25161,1506,822
25162,1507,823
25163,1505,822
25164,1505,821
25165,1504,823
25166,1506,822
25167,1506,821
25168,1506,823
25169,1505,821
25170,1506,823
25171,1506,822
25172,1506,821
25173,1507,822
25174,1506,822
25175,1505,823
25176,1504,823
25177,1506,823
25178,1504,824
25179,1505,823
25180,1506,823
25181,1506,821
25182,1506,823
25183,1506,821
25184,1505,821
25185,1506,821
25186,1506,821
25187,1507,823
25188,1506,823
25189,1506,821
25190,1506,822
25191,1504,820
25192,1506,822
25193,1506,822
25194,1507,823
25195,1506,823
25196,1506,823
25197,1504,822
25198,1506,822
25199,1506,824
25200,1506,823
25201,1506,823
25202,1506,823
25203,1505,823
25204,1507,823
25205,1506,823
25206,1505,822
25207,1506,823
25208,1507,823
25209,1506,823
25210,1504,822
25211,1506,823
25212,1504,824
25213,1505,823
25214,1504,823
25215,1504,823
25216,1506,825
25217,1506,823
25218,1506,824
25219,1506,821
25220,1505,823
25221,1506,823
25222,1504,822
25223,1506,823
25224,1504,822
25225,1506,823
25226,1505,823
25227,1506,825
25228,1505,823
25229,1504,823
25230,1506,824
25231,1505,823
25232,1506,821
25233,1506,823
25234,1506,823
25235,1506,822
25236,1504,823
25237,1505,824
25238,1505,822
25239,1504,823
25240,1506,823
25241,1506,821
25242,1504,822
25243,1505,822
25244,1505,823
25245,1504,823
25246,1504,822
25247,1506,823
25248,1507,823
25249,1504,824
25250,1504,823
25251,1506,823
25252,1506,825
25253,1505,823
25254,1506,824
25255,1505,822
25256,1506,823
25257,1504,823
25258,1506,823
25259,1506,823
25260,1506,822
25261,1505,824
25262,1506,823
25263,1506,823
25264,1506,823
25265,1506,823
25266,1505,825
25267,1506,823
25268,1506,824
25269,1506,823
25270,1506,823
25271,1505,823
25272,1505,825
25273,1506,821
25274,1504,824
25275,1506,823
25276,1506,822
25277,1505,823
25278,1505,824
25279,1504,823
25280,1504,825
25281,1506,825
25282,1506,824
25283,1506,821
25284,1506,823
25285,1506,823
25286,1506,823
25287,1506,823
25288,1506,823
25289,1506,823
25290,1506,823
25291,1506,823
25292,1506,823
25293,1506,823
25294,1504,824
25295,1506,823
25296,1506,823
25297,1506,822
25298,1506,825
25299,1506,823
25300,1504,823
25301,1505,823
25302,1505,825
25303,1506,823
25304,1506,822
25305,1506,823
25306,1505,824
25307,1505,823
25308,1504,823
25309,1506,824
25310,1506,823
25311,1506,824
25312,1505,823
25313,1504,824
25314,1506,823
25315,1506,825
25316,1504,823
25317,1506,823
25318,1506,824
25319,1506,825
25320,1504,823
25321,1504,823
25322,1507,824
25323,1506,824
25324,1506,823
25325,1506,823
25326,1506,823
25327,1506,825
25328,1506,824
25329,1504,823
25330,1506,825
25331,1506,827
25332,1506,824
25333,1505,823
25334,1506,823
25335,1506,823
25336,1506,823
25337,1506,823
25338,1506,824
25339,1506,823
25340,1506,823
25341,1505,823
25342,1506,824
25343,1506,823
25344,1504,823
25345,1506,824
25346,1504,824
25347,1505,824
25348,1505,823
25349,1506,823
25350,1506,824
25351,1506,823
25352,1506,823
25353,1504,823
25354,1505,825
25355,1507,823
25356,1506,822
25357,1507,825
25358,1504,823
25359,1506,824
25360,1505,823
25361,1507,823
25362,1505,824
25363,1505,823
25364,1506,823
25365,1504,825
25366,1506,824
25367,1505,825
25368,1506,823
25369,1505,823
25370,1506,823
25371,1506,823
25372,1505,823
25373,1507,823
25374,1506,823
25375,1506,823
25376,1506,823
25377,1505,824
25378,1506,824
25379,1507,823
25380,1506,825
25381,1506,823
25382,1506,823
25383,1506,823
25384,1506,822
25385,1506,823
25386,1505,823
25387,1507,823
25388,1506,823
25389,1506,823
25390,1506,823
25391,1507,823
25392,1506,821
25393,1505,823
25394,1506,823
25395,1507,823
25396,1506,823
25397,1507,823
25398,1507,824
25399,1506,824
25400,1506,822
25401,1506,824
25402,1507,823
25403,1506,824
25404,1506,825
25405,1506,825
25406,1506,825
25407,1506,825
25408,1506,823
25409,1506,825
25410,1506,824
25411,1506,823
25412,1506,824
25413,1505,823
25414,1506,824
25415,1508,823
25416,1506,825
25417,1504,825
25418,1506,823
25419,1506,825
25420,1506,824
25421,1506,824
25422,1506,823
25423,1506,823
25424,1505,823
25425,1506,823
25426,1506,823
25427,1505,823
25428,1506,824
25429,1506,823
25430,1506,823
25431,1506,825
25432,1506,823
25433,1506,823
25434,1506,824
25435,1506,823
25436,1506,822
25437,1506,826
25438,1506,825
25439,1504,825
25440,1504,825
25441,1506,823
25442,1506,823
25443,1506,822
25444,1506,823
25445,1506,823
25446,1506,824
25447,1506,824
25448,1507,824
25449,1506,823
25450,1507,823
25451,1506,824
25452,1506,824
25453,1506,823
25454,1506,823
25455,1506,823
25456,1506,824
25457,1506,825
25458,1506,823
25459,1506,823
25460,1506,823
25461,1506,824
25462,1506,823
25463,1506,823
25464,1506,822
25465,1506,823
25466,1506,824
25467,1506,824
25468,1506,823
25469,1507,825
25470,1506,823
25471,1506,823
25472,1506,824
25473,1506,823
25474,1506,823
25475,1506,823
25476,1506,823
25477,1507,822
25478,1506,823
25479,1506,823
25480,1505,824
25481,1506,823
25482,1506,823
25483,1506,821
25484,1506,823
25485,1506,825
25486,1506,821
25487,1506,822
25488,1504,823
25489,1506,821
25490,1507,823
25491,1506,821
25492,1506,823
25493,1505,823
25494,1506,823
25495,1505,823
25496,1506,821
25497,1506,823
25498,1506,823
25499,1506,823
25500,1506,824
25501,1505,823
25502,1506,823
25503,1506,824
25504,1506,823
25505,1506,823
25506,1506,823
25507,1507,823
25508,1506,822
25509,1506,824
25510,1505,822
25511,1507,823
25512,1505,823
25513,1506,823
25514,1506,823
25515,1505,823
25516,1506,824
25517,1505,823
25518,1506,823
25519,1506,823
25520,1506,823
25521,1506,823
25522,1505,823
25523,1506,823
25524,1506,823
25525,1506,823
25526,1506,825
25527,1504,824
25528,1506,822
25529,1506,823
25530,1506,823
25531,1506,822
25532,1506,821
25533,1510,823
25534,1506,821
25535,1506,823
25536,1505,823
25537,1506,822
25538,1506,823
25539,1506,822
25540,1505,823
25541,1506,822
25542,1505,823
25543,1506,825
25544,1505,823
25545,1506,823
25546,1507,821
25547,1507,823
25548,1506,823
25549,1505,823
25550,1506,823
25551,1506,823
25552,1506,822
25553,1507,821
25554,1506,823
25555,1504,823
25556,1506,821
25557,1506,823
25558,1504,823
25559,1505,822
25560,1506,822
25561,1506,823
25562,1506,823
25563,1507,823
25564,1506,822
25565,1507,823
25566,1507,824
25567,1506,822
25568,1506,823
25569,1506,823
25570,1507,823
25571,1506,823
25572,1506,822
25573,1504,823
25574,1506,823
25575,1506,823
25576,1504,825
25577,1506,820
25578,1506,823
25579,1506,823
25580,1506,823
25581,1506,823
25582,1506,823
25583,1506,823
25584,1506,824
25585,1506,822
25586,1505,823
25587,1505,823
25588,1507,823
25589,1506,822
25590,1506,823
25591,1504,823
25592,1505,823
25593,1506,824
25594,1504,823
25595,1506,821
25596,1504,823
25597,1504,823
25598,1506,822
25599,1506,823
25600,1504,823
25601,1506,821
25602,1505,824
25603,1506,823
25604,1506,822
25605,1505,823
25606,1506,823
25607,1506,821
25608,1505,822
25609,1506,823
25610,1506,823
25611,1504,823
25612,1506,821
25613,1507,822
25614,1506,823
25615,1506,823
25616,1506,822
25617,1506,822
25618,1504,823
25619,1506,822
25620,1505,823
25621,1507,823
25622,1506,823
25623,1506,821
25624,1506,823
25625,1506,822
25626,1505,822
25627,1504,823
25628,1506,823
25629,1505,819
25630,1506,823
25631,1506,823
25632,1506,823
25633,1505,822
25634,1506,823
25635,1505,823
25636,1505,821
25637,1506,823
25638,1506,823
25639,1506,821
25640,1506,822
25641,1506,823
25642,1506,822
25643,1506,822
25644,1506,821
25645,1505,821
25646,1506,821
25647,1506,821
25648,1506,821
25649,1504,821
25650,1505,821
25651,1505,821
25652,1506,821
25653,1505,821
25654,1506,821
25655,1506,820
25656,1508,822
25657,1506,821
25658,1506,822
25659,1506,822
25660,1506,823
25661,1506,824
25662,1506,821
25663,1506,822
25664,1506,822
25665,1506,825
25666,1506,823
25667,1506,821
25668,1504,823
25669,1506,823
25670,1504,822
25671,1505,823
25672,1507,821
25673,1506,821
25674,1505,819
25675,1506,821
25676,1506,823
25677,1505,822
25678,1505,821
25679,1505,823
25680,1506,822
25681,1506,823
25682,1504,823
25683,1505,820
25684,1506,821
25685,1506,819
25686,1505,820
25687,1506,820
25688,1506,820
25689,1506,819
25690,1506,821
25691,1505,819
25692,1506,820
25693,1506,819
25694,1506,821
25695,1506,821
25696,1506,821
25697,1506,819
25698,1506,820
25699,1506,821
25700,1506,819
25701,1506,820
25702,1506,820
25703,1507,820
25704,1507,821
25705,1506,819
25706,1507,821
25707,1506,821
25708,1506,820
25709,1506,820
25710,1506,815
25711,1506,820
25712,1506,819
25713,1506,818
25714,1506,820
25715,1506,819
25716,1504,819
25717,1505,815
25718,1506,819
25719,1506,815
25720,1506,820
25721,1506,819
25722,1506,819
25723,1506,819
25724,1506,818
25725,1506,819
25726,1505,819
25727,1506,815
25728,1506,819
25729,1506,820
25730,1507,818
25731,1506,816
25732,1506,819
25733,1506,819
25734,1506,819
25735,1507,819
25736,1506,816
25737,1507,819
25738,1506,820
25739,1506,815
25740,1504,819
25741,1506,815
25742,1506,815
25743,1507,820
25744,1504,819
25745,1506,815
25746,1506,815
25747,1505,818
25748,1505,819
25749,1506,816
25750,1506,815
25751,1507,816
25752,1506,818
25753,1506,818
25754,1506,815
25755,1506,816
25756,1505,815
25757,1506,815
25758,1506,815
25759,1507,815
25760,1505,815
25761,1507,815
25762,1506,815
25763,1506,815
25764,1506,815
25765,1504,815
25766,1506,815
25767,1505,814
25768,1504,815
25769,1507,815
25770,1505,814
25771,1507,815
25772,1506,815
25773,1506,815
25774,1504,814
25775,1506,815
25776,1504,814
25777,1506,814
25778,1504,814
25779,1507,813
25780,1505,813
25781,1504,811
25782,1506,813
25783,1506,812
25784,1506,811
25785,1506,813
25786,1505,812
25787,1506,812
25788,1505,811
25789,1504,811
25790,1506,811
25791,1506,813
25792,1505,811
25793,1506,811
25794,1506,811
25795,1506,812
25796,1506,813
25797,1506,812
25798,1506,811
25799,1504,811
25800,1506,811
25801,1506,811
25802,1506,811
25803,1506,810
25804,1505,810
25805,1505,807
25806,1506,811
25807,1506,809
25808,1504,810
25809,1504,809
25810,1506,808
25811,1506,811
25812,1506,808
25813,1506,808
25814,1505,807
25815,1506,807
25816,1506,808
25817,1505,807
25818,1506,807
25819,1505,807
25820,1506,806
25821,1506,805
25822,1506,805
25823,1506,805
25824,1506,805
25825,1504,805
25826,1506,805
25827,1506,806
25828,1507,804
25829,1508,805
25830,1506,805
25831,1506,804
25832,1506,804
25833,1506,803
25834,1505,799
25835,1504,800
25836,1504,799
25837,1506,799
25838,1504,803
25839,1506,805
25840,1506,799
25841,1506,803
25842,1506,798
25843,1506,803
25844,1506,799
25845,1506,799
25846,1506,797
25847,1506,799
25848,1506,799
25849,1505,797
25850,1506,797
25851,1506,797
25852,1507,796
25853,1506,795
25854,1506,797
25855,1506,795
25856,1505,794
25857,1506,795
25858,1506,795
25859,1506,795
25860,1506,794
25861,1506,795
25862,1506,795
25863,1506,795
25864,1506,793
25865,1506,793
25866,1506,794
25867,1505,793
25868,1506,794
25869,1506,793
25870,1504,794
25871,1506,793
25872,1505,793
25873,1504,791
25874,1507,793
25875,1506,792
25876,1504,793
25877,1506,791
25878,1506,793
25879,1506,789
25880,1506,791
25881,1506,791
25882,1505,791
25883,1506,789
25884,1506,789
25885,1506,789
25886,1506,789
25887,1507,790
25888,1506,789
25889,1507,788
25890,1504,787
25891,1505,789
25892,1506,789
25893,1506,789
25894,1506,791
25895,1506,789
25896,1506,789
25897,1506,789
25898,1506,789
25899,1506,788
25900,1506,789
25901,1506,788
25902,1506,789
25903,1504,787
25904,1506,789
25905,1506,787
25906,1506,787
25907,1506,787
25908,1506,788
25909,1506,787
25910,1504,787
25911,1505,787
25912,1506,788
25913,1506,788
25914,1506,787
25915,1506,787
25916,1506,788
25917,1506,787
25918,1507,788
25919,1505,787
25920,1507,787
25921,1506,786
25922,1506,787
25923,1506,788
25924,1506,787
25925,1506,787
25926,1506,783
25927,1505,789
25928,1506,788
25929,1506,783
25930,1506,787
25931,1506,787
25932,1506,788
25933,1506,788
25934,1506,789
25935,1506,787
25936,1506,789
25937,1504,786
25938,1506,789
25939,1506,786
25940,1505,787
25941,1506,786
25942,1506,786
25943,1504,787
25944,1506,787
25945,1506,787
25946,1506,787
25947,1506,787
25948,1505,783
25949,1505,787
25950,1506,786
25951,1506,783
25952,1505,783
25953,1505,785
25954,1506,785
25955,1505,783
25956,1506,783
25957,1506,782
25958,1506,783
25959,1505,787
25960,1504,782
25961,1506,785
25962,1506,783
25963,1506,782
25964,1506,782
25965,1506,782
25966,1505,782
25967,1506,781
25968,1507,782
25969,1506,781
25970,1504,783
25971,1505,781
25972,1506,780
25973,1506,782
25974,1506,783
25975,1506,781
25976,1506,780
25977,1506,782
25978,1505,781
25979,1504,781
25980,1506,783
25981,1506,781
25982,1506,781
25983,1506,780
25984,1506,781
25985,1506,780
25986,1505,779
25987,1506,779
25988,1506,779
25989,1505,779
25990,1506,779
25991,1506,779
25992,1506,779
25993,1500,780
25994,1506,778
25995,1505,779
25996,1506,779
25997,1506,779
25998,1505,779
25999,1506,779
26000,1506,775
26001,1505,777
26002,1506,779
26003,1506,777
26004,1506,777
26005,1506,777
26006,1505,776
26007,1504,777
26008,1504,777
26009,1506,778
26010,1505,775
26011,1504,776
26012,1506,775
26013,1506,776
26014,1506,775
26015,1506,774
26016,1506,775
26017,1504,775
26018,1506,775
26019,1506,773
26020,1504,775
26021,1506,773
26022,1506,773
26023,1506,775
26024,1506,775
26025,1505,767
26026,1506,775
26027,1506,774
26028,1506,774
26029,1506,773
26030,1505,773
26031,1506,768
26032,1506,767
26033,1506,773
26034,1505,768
26035,1507,767
26036,1504,767
26037,1506,767
26038,1504,773
26039,1506,767
26040,1506,773
26041,1506,767
26042,1506,773
26043,1505,773
26044,1506,767
26045,1506,765
26046,1506,767
26047,1504,765
26048,1506,766
26049,1506,767
26050,1506,773
26051,1507,766
26052,1506,767
26053,1506,767
26054,1506,765
26055,1506,765
26056,1505,766
26057,1506,773
26058,1506,767
26059,1506,767
26060,1506,767
26061,1504,767
26062,1505,767
26063,1505,767
26064,1506,767
26065,1504,767
26066,1504,767
26067,1504,767
26068,1504,766
26069,1506,767
26070,1506,767
26071,1505,767
26072,1506,767
26073,1506,765
26074,1506,766
26075,1506,773
26076,1506,767
26077,1506,766
26078,1506,767
26079,1506,767
26080,1506,767
26081,1504,766
26082,1506,765
26083,1506,765
26084,1506,766
26085,1506,767
26086,1504,767
26087,1506,767
26088,1506,766
26089,1504,767
26090,1506,766
26091,1506,767
26092,1506,766
26093,1506,767
26094,1506,765
26095,1506,767
26096,1506,767
26097,1507,765
26098,1506,767
26099,1506,767
26100,1506,766
26101,1504,766
26102,1505,766
26103,1506,767
26104,1505,765
26105,1506,766
26106,1507,766
26107,1506,765
26108,1507,765
26109,1506,767
26110,1506,765
26111,1506,768
26112,1506,767
26113,1506,767
26114,1505,767
26115,1505,767
26116,1505,767
26117,1506,766
26118,1505,765
26119,1507,765
26120,1506,765
26121,1506,767
26122,1506,767
26123,1506,767
26124,1506,765
26125,1506,767
26126,1506,765
26127,1506,767
26128,1506,767
26129,1505,765
26130,1504,767
26131,1506,767
26132,1504,766
26133,1507,768
26134,1505,765
26135,1505,765
26136,1506,767
26137,1506,765
26138,1506,765
26139,1506,764
26140,1506,767
26141,1505,767
26142,1506,767
26143,1505,767
26144,1506,765
26145,1506,766
26146,1506,767
26147,1506,765
26148,1506,765
26149,1506,766
26150,1506,766
26151,1506,764
26152,1506,766
26153,1506,765
26154,1506,765
26155,1505,766
26156,1507,765
26157,1505,767
26158,1506,766
26159,1506,766
26160,1505,766
26161,1504,767
26162,1506,766
26163,1506,767
26164,1506,766
26165,1506,767
26166,1506,763
26167,1505,766
26168,1506,765
26169,1506,766
26170,1506,765
26171,1506,766
26172,1506,766
26173,1504,767
26174,1506,766
26175,1506,765
26176,1506,767
26177,1506,766
26178,1505,765
26179,1504,765
26180,1506,765
26181,1506,764
26182,1505,765
26183,1506,764
26184,1506,767
26185,1506,767
26186,1507,765
26187,1505,765
26188,1506,765
26189,1506,764
26190,1505,766
26191,1506,765
26192,1505,765
26193,1506,765
26194,1504,765
26195,1504,766
26196,1506,767
26197,1504,765
26198,1506,764
26199,1504,764
26200,1506,765
26201,1506,765
26202,1506,765
26203,1504,765
26204,1507,764
26205,1506,763
26206,1505,765
26207,1506,767
26208,1506,765
26209,1506,765
26210,1506,765
26211,1505,765
26212,1506,764
26213,1506,765
26214,1506,765
26215,1505,765
26216,1507,765
26217,1505,763
26218,1506,765
26219,1506,765
26220,1506,763
26221,1506,765
26222,1506,766
26223,1506,765
26224,1504,765
26225,1505,765
26226,1506,765
26227,1504,765
26228,1506,766
26229,1506,764
26230,1506,763
26231,1504,765
26232,1504,765
26233,1506,765
26234,1505,766
26235,1506,764
26236,1506,767
26237,1504,765
26238,1506,763
26239,1504,765
26240,1506,765
26241,1506,764
26242,1504,765
26243,1506,764
26244,1505,763
26245,1504,765
26246,1506,764
26247,1506,766
26248,1504,765
26249,1504,765
26250,1506,765
26251,1506,765
26252,1506,765
26253,1504,764
26254,1505,765
26255,1506,765
26256,1506,765
26257,1504,765
26258,1506,767
26259,1506,766
26260,1506,767
26261,1506,766
26262,1504,765
26263,1506,764
26264,1506,763
26265,1506,765
26266,1506,765
26267,1504,765
26268,1504,764
26269,1504,764
26270,1506,763
26271,1504,765
26272,1505,764
26273,1506,765
26274,1504,765
26275,1505,765
26276,1506,764
26277,1506,763
26278,1506,764
26279,1506,765
26280,1506,763
26281,1506,767
26282,1506,765
26283,1506,763
26284,1506,763
26285,1505,763
26286,1506,763
26287,1505,762
26288,1506,763
26289,1504,764
26290,1506,765
26291,1505,763
26292,1506,763
26293,1505,763
26294,1506,765
26295,1504,765
26296,1506,765
26297,1504,765
26298,1506,764
26299,1505,765
26300,1505,764
26301,1504,763
26302,1506,765
26303,1506,763
26304,1506,763
26305,1504,763
26306,1506,765
26307,1506,764
26308,1504,765
26309,1506,764
26310,1506,765
26311,1504,765
26312,1505,765
26313,1505,763
26314,1505,765
26315,1506,765
26316,1504,764
26317,1505,764
26318,1504,764
26319,1506,763
26320,1505,763
26321,1506,763
26322,1506,765
26323,1506,765
26324,1505,763
26325,1506,765
26326,1506,763
26327,1506,763
26328,1505,763
26329,1506,765
26330,1504,764
26331,1506,765
26332,1506,764
26333,1504,763
26334,1506,763
26335,1506,763
26336,1506,763
26337,1506,763
26338,1506,763
26339,1506,763
26340,1506,764
26341,1505,765
26342,1506,765
26343,1504,765
26344,1504,765
26345,1504,764
26346,1504,763
26347,1505,766
26348,1504,764
26349,1504,765
26350,1506,763
26351,1506,763
26352,1506,763
26353,1506,763
26354,1506,763
26355,1506,763
26356,1506,765
26357,1505,763
26358,1506,763
26359,1504,764
26360,1506,765
26361,1504,765
26362,1505,763
26363,1505,764
26364,1505,763
26365,1506,763
26366,1505,763
26367,1506,763
26368,1506,763
26369,1505,764
26370,1504,765
26371,1506,764
26372,1505,763
26373,1504,763
26374,1506,763
26375,1506,763
26376,1506,763
26377,1506,763
26378,1506,764
26379,1506,763
26380,1506,763
26381,1507,762
26382,1506,763
26383,1506,761
26384,1505,761
26385,1505,763
26386,1505,761
26387,1506,761
26388,1505,761
26389,1504,761
26390,1506,759
26391,1505,761
26392,1506,761
26393,1506,761
26394,1506,761
26395,1505,761
26396,1505,760
26397,1504,760
26398,1506,759
26399,1506,760
26400,1505,759
26401,1506,761
26402,1506,761
26403,1506,759
26404,1506,759
26405,1506,759
26406,1506,760
26407,1505,759
26408,1505,759
26409,1504,758
26410,1506,758
26411,1505,758
26412,1504,759
26413,1505,758
26414,1505,757
26415,1506,758
26416,1506,757
26417,1505,757
26418,1506,757
26419,1506,756
26420,1506,757
26421,1505,755
26422,1506,752
26423,1504,756
26424,1506,755
26425,1504,757
26426,1506,752
26427,1505,757
26428,1506,752
26429,1506,754
26430,1504,755
26431,1506,751
26432,1505,755
26433,1504,755
26434,1506,751
26435,1504,751
26436,1506,751
26437,1505,755
26438,1504,752
26439,1506,755
26440,1506,751
26441,1506,751
26442,1506,751
26443,1505,751
26444,1504,750
26445,1506,751
26446,1506,749
26447,1506,748
26448,1506,750
26449,1505,750
26450,1504,749
26451,1505,749
26452,1506,749
26453,1506,749
26454,1506,748
26455,1506,750
26456,1506,747
26457,1506,747
26458,1505,747
26459,1506,747
26460,1506,747
26461,1505,746
26462,1506,747
26463,1506,745
26464,1506,747
26465,1506,747
26466,1506,746
26467,1506,747
26468,1506,747
26469,1505,745
26470,1505,745
26471,1504,745
26472,1506,745
26473,1506,744
26474,1505,745
26475,1506,744
26476,1504,743
26477,1504,743
26478,1506,742
26479,1506,743
26480,1506,741
26481,1507,742
26482,1506,743
26483,1506,742
26484,1506,741
26485,1506,742
26486,1506,739
26487,1506,741
26488,1506,741
26489,1505,739
26490,1505,740
26491,1506,740
26492,1506,739
26493,1506,739
26494,1506,739
26495,1505,739
26496,1506,739
26497,1506,740
26498,1506,740
26499,1506,735
26500,1504,739
26501,1506,737
26502,1504,738
26503,1506,738
26504,1506,739
26505,1506,739
26506,1505,739
26507,1506,739
26508,1506,735
26509,1504,735
26510,1506,735
26511,1506,735
26512,1506,737
26513,1504,737
26514,1506,735
26515,1506,737
26516,1504,735
26517,1506,735
26518,1506,737
26519,1504,734
26520,1506,735
26521,1505,739
26522,1504,735
26523,1506,738
26524,1504,733
26525,1506,735
26526,1506,735
26527,1505,735
26528,1505,734
26529,1506,735
26530,1506,734
26531,1506,733
26532,1506,733
26533,1506,733
26534,1506,731
26535,1504,733
26536,1506,731
26537,1505,731
26538,1506,731
26539,1506,733
26540,1506,732
26541,1506,731
26542,1506,732
26543,1506,732
26544,1506,733
26545,1506,733
26546,1507,731
26547,1506,733
26548,1506,731
26549,1507,731
26550,1506,730
26551,1506,732
26552,1506,731
26553,1506,731
26554,1505,731
26555,1506,729
26556,1507,731
26557,1505,733
26558,1505,731
26559,1506,731
26560,1506,731
26561,1506,729
26562,1505,731
26563,1506,730
26564,1506,731
26565,1504,730
26566,1506,731
26567,1507,729
26568,1507,730
26569,1506,730
26570,1506,731
26571,1506,729
26572,1506,731
26573,1506,729
26574,1506,729
26575,1507,728
26576,1507,729
26577,1506,729
26578,1506,729
26579,1505,729
26580,1506,731
26581,1506,729
26582,1507,728
26583,1506,728
26584,1506,729
26585,1506,729
26586,1507,729
26587,1506,728
26588,1507,727
26589,1506,728
26590,1506,728
26591,1507,728
26592,1506,728
26593,1506,729
26594,1507,728
26595,1506,729
26596,1507,729
26597,1504,729
26598,1506,729
26599,1506,729
26600,1506,729
26601,1506,728
26602,1506,727
26603,1506,728
26604,1507,728
26605,1506,728
26606,1507,729
26607,1506,727
26608,1506,728
26609,1506,728
26610,1507,727
26611,1506,728
26612,1505,727
26613,1507,727
26614,1508,728
26615,1506,728
26616,1504,727
26617,1504,727
26618,1506,727
26619,1507,726
26620,1507,727
26621,1506,729
26622,1506,727
26623,1506,727
26624,1506,728
26625,1506,727
26626,1505,729
26627,1506,728
26628,1507,727
26629,1506,727
26630,1506,727
26631,1506,727
26632,1508,727
26633,1506,728
26634,1506,728
26635,1506,727
26636,1507,727
26637,1506,727
26638,1506,728
26639,1506,729
26640,1507,727
26641,1506,727
26642,1507,727
26643,1507,727
26644,1506,727
26645,1506,727
26646,1506,727
26647,1506,727
26648,1506,725
26649,1506,727
26650,1506,727
26651,1504,727
26652,1506,727
26653,1506,727
26654,1506,727
26655,1505,727
26656,1506,727
26657,1506,729
26658,1506,728
26659,1506,727
26660,1507,729
26661,1507,729
26662,1506,728
26663,1506,728
26664,1507,727
26665,1508,727
26666,1506,729
26667,1506,727
26668,1506,727
26669,1507,729
26670,1506,727
26671,1506,728
26672,1506,729
26673,1506,728
26674,1505,729
26675,1504,729
26676,1506,727
26677,1506,727
26678,1506,728
26679,1506,728
26680,1505,728
26681,1506,725
26682,1505,727
26683,1506,728
26684,1506,727
26685,1507,727
26686,1506,728
26687,1506,728
26688,1506,727
26689,1506,727
26690,1506,728
26691,1506,727
26692,1506,727
26693,1506,727
26694,1504,729
26695,1506,727
26696,1507,729
26697,1505,730
26698,1506,729
26699,1505,727
26700,1505,729
26701,1506,729
26702,1506,729
26703,1507,730
26704,1506,727
26705,1506,729
26706,1505,729
26707,1506,730
26708,1506,728
26709,1505,730
26710,1506,729
26711,1506,728
26712,1505,730
26713,1506,729
26714,1507,729
26715,1506,729
26716,1504,729
26717,1507,729
26718,1506,727
26719,1506,729
26720,1506,729
26721,1506,729
26722,1506,728
26723,1506,730
26724,1506,729
26725,1504,730
26726,1505,729
26727,1505,730
26728,1505,729
26729,1506,730
26730,1506,730
26731,1506,729
26732,1506,728
26733,1506,729
26734,1507,729
26735,1506,729
26736,1506,729
26737,1506,729
26738,1506,730
26739,1506,729
26740,1506,729
26741,1506,729
26742,1506,729
26743,1504,731
26744,1505,731
26745,1506,730
26746,1505,729
26747,1506,729
26748,1505,731
26749,1506,729
26750,1506,729
26751,1505,729
26752,1506,731
26753,1506,729
26754,1504,744
26755,1506,743
26756,1504,725
26757,1506,712
26758,1507,735
26759,1505,729
26760,1505,730
26761,1507,729
26762,1506,729
26763,1506,729
26764,1504,731
26765,1506,731
26766,1506,729
26767,1504,729
26768,1504,729
26769,1506,729
26770,1506,731
26771,1506,730
26772,1506,731
26773,1506,730
26774,1506,730
26775,1505,729
26776,1506,729
26777,1506,730
26778,1504,729
26779,1506,728
26780,1504,729
26781,1504,732
26782,1506,731
26783,1506,731
26784,1506,729
26785,1506,730
26786,1504,730
26787,1506,731
26788,1504,729
26789,1506,729
26790,1507,729
26791,1506,729
26792,1507,729
26793,1507,730
26794,1506,731
26795,1504,731
26796,1506,731
26797,1506,731
26798,1506,731
26799,1506,731
26800,1506,731
26801,1506,731
26802,1506,731
26803,1506,731
26804,1506,733
26805,1506,733
26806,1506,733
26807,1506,732
26808,1505,733
26809,1506,734
26810,1507,733
26811,1507,733
26812,1506,734
26813,1506,733
26814,1505,733
26815,1506,734
26816,1505,735
26817,1506,739
26818,1506,735
26819,1506,735
26820,1507,739
26821,1506,735
26822,1506,735
26823,1507,738
26824,1506,737
26825,1506,738
26826,1506,735
26827,1506,738
26828,1505,737
26829,1506,738
26830,1505,739
26831,1506,739
26832,1507,738
26833,1506,739
26834,1505,739
26835,1506,739
26836,1506,739
26837,1505,740
26838,1505,741
26839,1506,741
26840,1505,739
26841,1505,739
26842,1505,741
26843,1506,742
26844,1505,741
26845,1504,743
26846,1505,743
26847,1507,743
26848,1505,743
26849,1506,743
26850,1506,743
26851,1506,743
26852,1506,743
26853,1506,743
26854,1506,743
26855,1506,743
26856,1506,743
26857,1506,745
26858,1506,743
26859,1506,744
26860,1505,744
26861,1505,745
26862,1504,747
26863,1506,745
26864,1506,745
26865,1505,745
26866,1506,747
26867,1506,745
26868,1505,746
26869,1506,745
26870,1506,747
26871,1506,745
26872,1504,746
26873,1506,747
26874,1506,746
26875,1506,747
26876,1505,747
26877,1506,747
26878,1506,748
26879,1506,747
26880,1506,748
26881,1506,747
26882,1506,747
26883,1506,747
26884,1506,749
26885,1505,749
26886,1506,749
26887,1506,747
26888,1506,747
26889,1505,747
26890,1505,747
26891,1506,749
26892,1506,749
26893,1506,749
26894,1506,750
26895,1506,751
26896,1506,750
26897,1506,752
26898,1506,751
26899,1504,749
26900,1506,751
26901,1504,751
26902,1505,750
26903,1506,751
26904,1505,751
26905,1506,755
26906,1506,751
26907,1504,754
26908,1506,752
26909,1505,754
26910,1506,752
26911,1506,756
26912,1506,752
26913,1505,755
26914,1505,755
26915,1504,755
26916,1506,758
26917,1506,755
26918,1506,757
26919,1506,759
26920,1506,757
26921,1505,757
26922,1505,757
26923,1506,756
26924,1506,758
26925,1505,758
26926,1504,759
26927,1507,757
26928,1506,758
26929,1506,760
26930,1504,759
26931,1504,759
26932,1506,759
26933,1505,760
26934,1505,758
26935,1506,759
26936,1504,759
26937,1506,759
26938,1506,761
26939,1506,760
26940,1506,760
26941,1506,761
26942,1507,761
26943,1506,759
26944,1506,761
26945,1506,763
26946,1505,763
26947,1506,761
26948,1505,763
26949,1504,761
26950,1504,761
26951,1506,763
26952,1506,762
26953,1506,763
26954,1506,762
26955,1506,764
26956,1506,765
26957,1507,765
26958,1506,764
26959,1505,765
26960,1506,765
26961,1504,764
26962,1506,765
26963,1506,765
26964,1505,765
26965,1506,765
26966,1505,765
26967,1506,766
26968,1506,765
26969,1506,767
26970,1504,767
26971,1506,767
26972,1506,768
26973,1505,768
26974,1506,767
26975,1506,772
26976,1506,775
26977,1506,774
26978,1506,775
26979,1507,774
26980,1506,775
26981,1506,775
26982,1506,775
26983,1507,773
26984,1507,775
26985,1506,773
26986,1507,775
26987,1506,775
26988,1506,775
26989,1505,775
26990,1506,775
26991,1506,775
26992,1506,776
26993,1506,775
26994,1506,779
26995,1507,779
26996,1506,779
26997,1506,779
26998,1504,779
26999,1506,780
27000,1506,781
27001,1506,779
27002,1505,781
27003,1506,781
27004,1506,782
27005,1506,780
27006,1505,781
27007,1506,781
27008,1505,780
27009,1506,782
27010,1508,783
27011,1506,783
27012,1507,785
27013,1506,783
27014,1504,787
27015,1507,783
27016,1506,787
27017,1506,783
27018,1506,786
27019,1506,788
27020,1507,787
27021,1504,787
27022,1506,787
27023,1506,787
27024,1506,789
27025,1506,787
27026,1506,787
27027,1504,787
27028,1506,787
27029,1506,788
27030,1506,788
27031,1506,783
27032,1505,786
27033,1506,787
27034,1506,787
27035,1506,787
27036,1505,787
27037,1506,787
27038,1506,787
27039,1506,787
27040,1506,788
27041,1506,787
27042,1505,789
27043,1506,789
27044,1507,787
27045,1506,787
27046,1506,785
27047,1505,785
27048,1506,786
27049,1504,787
27050,1506,787
27051,1506,787
27052,1504,787
27053,1506,787
27054,1506,787
27055,1506,787
27056,1505,788
27057,1506,787
27058,1506,789
27059,1507,788
27060,1504,788
27061,1506,786
27062,1506,788
27063,1507,787
27064,1506,788
27065,1506,789
27066,1505,787
27067,1506,788
27068,1506,789
27069,1507,788
27070,1505,788
27071,1506,788
27072,1506,788
27073,1506,788
27074,1505,789
27075,1507,787
27076,1506,789
27077,1506,786
27078,1506,789
27079,1506,788
27080,1506,787
27081,1506,787
27082,1506,788
27083,1505,788
27084,1506,787
27085,1506,788
27086,1506,787
27087,1506,787
27088,1505,788
27089,1506,787
27090,1505,787
27091,1505,789
27092,1506,787
27093,1506,789
27094,1506,788
27095,1506,787
27096,1505,788
27097,1506,787
27098,1505,787
27099,1506,787
27100,1506,786
27101,1505,786
27102,1504,789
27103,1506,787
27104,1506,787
27105,1506,787
27106,1506,788
27107,1504,789
27108,1504,787
27109,1506,783
27110,1506,788
27111,1505,788
27112,1505,788
27113,1506,787
27114,1505,787
27115,1506,786
27116,1506,789
27117,1506,788
27118,1506,787
27119,1505,787
27120,1506,787
27121,1504,787
27122,1506,787
27123,1505,788
27124,1506,787
27125,1506,787
27126,1505,789
27127,1506,788
27128,1506,788
27129,1506,787
27130,1506,787
27131,1506,787
27132,1505,787
27133,1506,788
27134,1506,788
27135,1504,790
27136,1506,788
27137,1504,788
27138,1504,788
27139,1504,788
27140,1506,787
27141,1504,787
27142,1506,787
27143,1506,788
27144,1505,787
27145,1506,786
27146,1505,787
27147,1505,787
27148,1505,788
27149,1505,787
27150,1506,787
27151,1506,784
27152,1506,787
27153,1506,788
27154,1506,785
27155,1506,787
27156,1507,789
27157,1506,787
27158,1505,789
27159,1506,787
27160,1507,789
27161,1506,787
27162,1504,788
27163,1506,787
27164,1507,788
27165,1505,787
27166,1506,787
27167,1506,787
27168,1506,787
27169,1505,787
27170,1506,787
27171,1506,789
27172,1506,789
27173,1505,787
27174,1506,785
27175,1506,787
27176,1506,787
27177,1505,787
27178,1505,790
27179,1505,787
27180,1506,788
27181,1506,787
27182,1505,787
27183,1506,787
27184,1506,787
27185,1505,787
27186,1506,786
27187,1506,786
27188,1506,787
27189,1506,783
27190,1506,787
27191,1504,789
27192,1506,787
27193,1505,787
27194,1504,787
27195,1506,787
27196,1505,787
27197,1506,788
27198,1506,787
27199,1506,788
27200,1505,787
27201,1506,788
27202,1506,789
27203,1506,786
27204,1506,789
27205,1506,788
27206,1506,786
27207,1505,787
27208,1506,787
27209,1506,789
27210,1506,785
27211,1505,789
27212,1506,789
27213,1506,787
27214,1506,789
27215,1506,783
27216,1506,789
27217,1505,788
27218,1504,787
27219,1505,789
27220,1506,788
27221,1505,786
27222,1505,787
27223,1506,787
27224,1506,788
27225,1505,787
27226,1506,789
27227,1506,787
27228,1505,787
27229,1506,789
27230,1504,788
27231,1506,789
27232,1505,789
27233,1506,786
27234,1504,789
27235,1506,787
27236,1506,788
27237,1506,787
27238,1506,787
27239,1506,787
27240,1505,789
27241,1506,788
27242,1506,787
27243,1505,788
27244,1506,788
27245,1505,787
27246,1505,789
27247,1505,788
27248,1506,787
27249,1506,787
27250,1504,787
27251,1504,788
27252,1506,787
27253,1504,787
27254,1504,789
27255,1505,788
27256,1506,789
27257,1505,789
27258,1506,787
27259,1506,789
27260,1504,787
27261,1505,787
27262,1505,791
27263,1504,787
27264,1506,787
27265,1506,787
27266,1506,787
27267,1505,788
27268,1506,787
27269,1505,787
27270,1506,787
27271,1504,787
27272,1506,789
27273,1506,788
27274,1504,787
27275,1506,787
27276,1506,787
27277,1505,789
27278,1505,788
27279,1505,787
27280,1506,788
27281,1506,787
27282,1506,788
27283,1506,787
27284,1507,788
27285,1505,789
27286,1506,787
27287,1506,787
27288,1505,786
27289,1505,787
27290,1500,787
27291,1506,787
27292,1505,787
27293,1505,787
27294,1506,786
27295,1504,787
27296,1506,788
27297,1504,787
27298,1505,788
27299,1506,789
27300,1506,787
27301,1504,787
27302,1506,789
27303,1504,788
27304,1506,787
27305,1506,787
27306,1505,787
27307,1504,788
27308,1504,787
27309,1507,787
27310,1504,787
27311,1506,788
27312,1506,789
27313,1506,789
27314,1504,787
27315,1504,787
27316,1506,789
27317,1504,787
27318,1505,787
27319,1504,789
27320,1505,789
27321,1505,789
27322,1505,789
27323,1505,788
27324,1504,789
27325,1504,788
27326,1506,789
27327,1504,788
27328,1505,791
27329,1505,789
27330,1505,789
27331,1506,790
27332,1506,789
27333,1506,788
27334,1506,790
27335,1506,789
27336,1504,791
27337,1505,789
27338,1504,790
27339,1506,790
27340,1504,791
27341,1506,789
27342,1504,790
27343,1504,790
27344,1504,791
27345,1505,791
27346,1506,791
27347,1505,792
27348,1506,793
27349,1506,791
27350,1505,792
27351,1506,793
27352,1504,792
27353,1504,793
27354,1505,792
27355,1505,793
27356,1506,793
27357,1504,795
27358,1504,793
27359,1506,793
27360,1506,794
27361,1507,794
27362,1505,795
27363,1506,795
27364,1506,793
27365,1504,793
27366,1506,793
27367,1506,795
27368,1505,795
27369,1506,793
27370,1505,794
27371,1504,795
27372,1506,795
27373,1505,793
27374,1504,795
27375,1505,793
27376,1506,795
27377,1505,793
27378,1504,793
27379,1505,793
27380,1504,795
27381,1506,795
27382,1504,795
27383,1507,793
27384,1504,793
27385,1506,795
27386,1506,793
27387,1506,793
27388,1506,793
27389,1506,793
27390,1506,793
27391,1506,793
27392,1504,793
27393,1505,793
27394,1505,795
27395,1506,793
27396,1506,795
27397,1505,793
27398,1504,795
27399,1505,794
27400,1506,795
27401,1506,795
27402,1504,795
27403,1506,795
27404,1505,795
27405,1506,794
27406,1506,795
27407,1504,796
27408,1505,793
27409,1504,794
27410,1505,795
27411,1506,795
27412,1506,794
27413,1506,794
27414,1505,794
27415,1505,795
27416,1506,795
27417,1506,794
27418,1504,795
27419,1504,796
27420,1505,795
27421,1504,795
27422,1506,794
27423,1506,795
27424,1506,795
27425,1506,795
27426,1504,794
27427,1504,795
27428,1506,794
27429,1506,795
27430,1505,795
27431,1504,793
27432,1506,793
27433,1506,793
27434,1504,795
27435,1506,794
27436,1505,794
27437,1505,794
27438,1506,795
27439,1504,793
27440,1504,794
27441,1506,793
27442,1505,794
27443,1504,795
27444,1505,795
27445,1506,794
27446,1506,795
27447,1504,795
27448,1506,793
27449,1504,795
27450,1505,793
27451,1505,793
27452,1505,795
27453,1504,793
27454,1505,793
27455,1506,793
27456,1504,792
27457,1505,793
27458,1506,795
27459,1506,793
27460,1504,794
27461,1506,793
27462,1504,795
27463,1506,795
27464,1506,795
27465,1506,795
27466,1504,794
27467,1506,795
27468,1504,794
27469,1504,793
27470,1506,794
27471,1506,793
27472,1506,793
27473,1504,795
27474,1504,793
27475,1504,794
27476,1506,793
27477,1506,795
27478,1506,793
27479,1504,795
27480,1506,793
27481,1504,794
27482,1506,794
27483,1504,793
27484,1504,793
27485,1506,792
27486,1506,793
27487,1505,793
27488,1504,793
27489,1507,793
27490,1506,793
27491,1506,793
27492,1506,792
27493,1506,793
27494,1506,793
27495,1506,795
27496,1506,793
27497,1505,793
27498,1505,793
27499,1506,793
27500,1506,793
27501,1506,793
27502,1506,795
27503,1506,793
27504,1506,794
27505,1506,793
27506,1504,793
27507,1506,793
27508,1505,794
27509,1506,793
27510,1506,793
27511,1505,793
27512,1504,795
27513,1504,793
27514,1505,793
27515,1504,795
27516,1505,795
27517,1505,795
27518,1505,793
27519,1505,794
27520,1505,795
27521,1506,793
27522,1506,794
27523,1506,793
27524,1506,793
27525,1505,795
27526,1504,795
27527,1506,793
27528,1505,793
27529,1506,793
27530,1505,795
27531,1506,793
27532,1505,793
27533,1506,793
27534,1505,793
27535,1504,793
27536,1505,793
27537,1506,793
27538,1505,793
27539,1505,793
27540,1506,792
27541,1505,793
27542,1505,793
27543,1504,794
27544,1504,794
27545,1505,793
27546,1506,793
27547,1506,793
27548,1506,793
27549,1506,792
27550,1505,793
27551,1505,792
27552,1505,793
27553,1506,793
27554,1507,793
27555,1506,793
27556,1504,793
27557,1506,794
27558,1506,795
27559,1506,795
27560,1505,795
27561,1504,793
27562,1506,794
27563,1505,794
27564,1506,795
27565,1506,794
27566,1506,794
27567,1506,795
27568,1505,795
27569,1507,793
27570,1506,793
27571,1504,793
27572,1504,793
27573,1505,794
27574,1504,795
27575,1506,793
27576,1506,794
27577,1505,795
27578,1506,794
27579,1505,793
27580,1505,795
27581,1505,793
27582,1504,793
27583,1506,795
27584,1506,795
27585,1506,793
27586,1505,795
27587,1505,795
27588,1504,793
27589,1505,793
27590,1504,794
27591,1506,793
27592,1506,794
27593,1506,793
27594,1505,794
27595,1504,794
27596,1505,793
27597,1506,793
27598,1506,795
27599,1506,793
27600,1506,792
27601,1504,793
27602,1504,793
27603,1505,793
27604,1506,795
27605,1504,793
27606,1506,793
27607,1506,795
27608,1504,793
27609,1504,794
27610,1504,794
27611,1505,794
27612,1506,793
27613,1506,793
27614,1504,794
27615,1505,794
27616,1506,795
27617,1505,793
27618,1506,795
27619,1504,795
27620,1506,794
27621,1504,795
27622,1506,794
27623,1506,794
27624,1505,793
27625,1505,795
27626,1505,793
27627,1506,792
27628,1506,793
27629,1506,793
27630,1504,794
27631,1506,795
27632,1506,794
27633,1506,793
27634,1506,795
27635,1506,795
27636,1505,795
27637,1504,794
27638,1506,794
27639,1505,794
27640,1506,793
27641,1504,795
27642,1505,794
27643,1505,795
27644,1505,793
27645,1504,793
27646,1506,793
27647,1506,793
27648,1505,791
27649,1505,793
27650,1505,795
27651,1506,793
27652,1505,795
27653,1506,793
27654,1505,794
27655,1506,793
27656,1506,795
27657,1505,795
27658,1504,793
27659,1505,795
27660,1506,793
27661,1505,795
27662,1506,794
27663,1506,793
27664,1505,794
27665,1506,795
27666,1506,793
27667,1506,795
27668,1506,793
27669,1504,793
27670,1505,794
27671,1506,795
27672,1504,796
27673,1507,795
27674,1505,793
27675,1506,795
27676,1504,795
27677,1506,795
27678,1504,793
27679,1506,793
27680,1506,795
27681,1506,794
27682,1506,795
27683,1506,793
27684,1507,793
27685,1506,792
27686,1506,793
27687,1506,794
27688,1505,793
27689,1506,793
27690,1506,794
27691,1506,793
27692,1506,791
27693,1504,792
27694,1506,795
27695,1504,793
27696,1506,795
27697,1506,795
27698,1506,794
27699,1506,794
27700,1506,795
27701,1504,793
27702,1506,793
27703,1506,793
27704,1506,795
27705,1504,795
27706,1506,794
27707,1506,794
27708,1504,795
27709,1506,794
27710,1505,794
27711,1506,794
27712,1504,793
27713,1505,794
27714,1506,793
27715,1505,795
27716,1506,793
27717,1506,795
27718,1504,793
27719,1505,795
27720,1505,795
27721,1504,795
27722,1505,794
27723,1506,795
27724,1504,793
27725,1506,795
27726,1506,794
27727,1505,794
27728,1504,794
27729,1504,794
27730,1506,794
27731,1506,795
27732,1505,793
27733,1506,795
27734,1506,793
27735,1506,793
27736,1506,793
27737,1506,793
27738,1504,795
27739,1506,794
27740,1506,792
27741,1506,795
27742,1505,795
27743,1506,794
27744,1505,793
27745,1506,794
27746,1504,795
27747,1504,795
27748,1504,793
27749,1504,793
27750,1506,794
27751,1506,795
27752,1504,795
27753,1504,793
27754,1505,794
27755,1505,794
27756,1505,794
27757,1505,793
27758,1506,794
27759,1504,794
27760,1506,795
27761,1505,793
27762,1506,795
27763,1504,793
27764,1504,794
27765,1506,794
27766,1506,793
27767,1505,794
27768,1506,793
27769,1504,793
27770,1506,793
27771,1504,793
27772,1506,795
27773,1506,793
27774,1505,795
27775,1506,793
27776,1507,794
27777,1504,793
27778,1504,795
27779,1506,794
27780,1505,792
27781,1506,795
27782,1506,793
27783,1506,791
27784,1506,794
27785,1506,794
27786,1506,793
27787,1505,793
27788,1506,792
27789,1506,793
27790,1506,791
27791,1506,793
27792,1505,793
27793,1505,793
27794,1504,795
27795,1505,795
27796,1504,795
27797,1506,793
27798,1504,794
27799,1506,794
27800,1506,794
27801,1506,793
27802,1506,795
27803,1506,795
27804,1506,795
27805,1506,793
27806,1507,795
27807,1505,793
27808,1506,794
27809,1504,793
27810,1506,795
27811,1505,793
27812,1506,793
27813,1504,796
27814,1506,794
27815,1504,795
27816,1505,793
27817,1506,795
27818,1505,793
27819,1506,795
27820,1505,795
27821,1504,793
27822,1506,796
27823,1507,795
27824,1506,793
27825,1504,794
27826,1505,794
27827,1506,794
27828,1504,795
27829,1506,795
27830,1506,796
27831,1504,795
27832,1505,795
27833,1506,794
27834,1504,795
27835,1506,795
27836,1506,795
27837,1505,795
27838,1506,795
27839,1506,795
27840,1506,795
27841,1506,795
27842,1506,793
27843,1505,795
27844,1506,795
27845,1506,795
27846,1504,794
27847,1507,795
27848,1504,795
27849,1506,795
27850,1506,795
27851,1506,793
27852,1504,793
27853,1504,793
27854,1506,795
27855,1506,794
27856,1506,795
27857,1506,795
27858,1504,795
27859,1506,793
27860,1506,795
27861,1504,794
27862,1506,795
27863,1505,795
27864,1506,793
27865,1506,794
27866,1505,794
27867,1504,795
27868,1506,793
27869,1506,795
27870,1505,795
27871,1506,795
27872,1506,795
27873,1506,795
27874,1504,795
27875,1506,793
27876,1505,795
27877,1506,795
27878,1504,793
27879,1506,794
27880,1506,795
27881,1504,795
27882,1505,793
27883,1505,794
27884,1506,793
27885,1505,794
27886,1505,794
27887,1506,795
27888,1506,793
27889,1505,794
27890,1505,795
27891,1504,792
27892,1506,794
27893,1507,795
27894,1505,795
27895,1506,796
27896,1505,793
27897,1504,795
27898,1506,795
27899,1504,795
27900,1506,795
27901,1504,794
27902,1506,794
27903,1504,795
27904,1506,795
27905,1506,794
27906,1504,795
27907,1506,794
27908,1504,794
27909,1506,793
27910,1506,795
27911,1506,794
27912,1506,793
27913,1506,794
27914,1506,794
27915,1504,795
27916,1506,793
27917,1507,794
27918,1505,796
27919,1506,794
27920,1506,795
27921,1504,794
27922,1506,793
27923,1506,795
27924,1506,795
27925,1506,794
27926,1506,795
27927,1506,794
27928,1506,793
27929,1505,795
27930,1505,794
27931,1504,795
27932,1506,795
27933,1506,795
27934,1506,795
27935,1506,795
27936,1506,793
27937,1506,795
27938,1504,794
27939,1504,794
27940,1506,795
27941,1504,793
27942,1505,795
27943,1506,793
27944,1506,793
27945,1506,794
27946,1506,795
27947,1506,795
27948,1506,794
27949,1504,793
27950,1506,795
27951,1506,794
27952,1504,795
27953,1505,794
27954,1506,793
27955,1506,795
27956,1506,795
27957,1504,795
27958,1506,795
27959,1506,794
27960,1505,795
27961,1505,794
27962,1506,793
27963,1504,795
27964,1506,795
27965,1506,794
27966,1506,794
27967,1506,795
27968,1506,795
27969,1506,796
27970,1505,794
27971,1504,795
27972,1506,793
27973,1504,794
27974,1505,795
27975,1505,795
27976,1504,794
27977,1506,794
27978,1505,793
27979,1504,795
27980,1506,794
27981,1504,793
27982,1505,793
27983,1507,793
27984,1506,793
27985,1505,793
27986,1505,794
27987,1506,793
27988,1506,795
27989,1506,793
27990,1505,795
27991,1506,793
27992,1505,793
27993,1505,793
27994,1506,795
27995,1506,795
27996,1506,795
27997,1505,795
27998,1506,795
27999,1506,794
28000,1506,794
28001,1506,796
28002,1505,795
28003,1505,795
28004,1504,796
28005,1506,794
28006,1504,795
28007,1506,795
28008,1506,795
28009,1506,794
28010,1504,795
28011,1506,794
28012,1505,795
28013,1504,795
28014,1506,795
28015,1504,793
28016,1506,795
28017,1506,793
28018,1504,795
28019,1506,795
28020,1506,793
28021,1505,794
28022,1505,794
28023,1504,795
28024,1506,793
28025,1504,794
28026,1506,795
28027,1506,795
28028,1506,795
28029,1504,795
28030,1506,795
28031,1506,795
28032,1504,793
28033,1506,795
28034,1504,793
28035,1504,794
28036,1506,794
28037,1505,793
28038,1504,793
28039,1506,793
28040,1505,793
28041,1506,795
28042,1506,794
28043,1506,795
28044,1506,795
28045,1506,793
28046,1506,793
28047,1506,793
28048,1506,793
28049,1506,793
28050,1506,793
28051,1505,793
28052,1505,793
28053,1506,793
28054,1505,793
28055,1506,795
28056,1504,795
28057,1504,795
28058,1505,794
28059,1505,793
28060,1506,794
28061,1505,794
28062,1506,793
28063,1506,795
28064,1504,795
28065,1506,795
28066,1505,795
28067,1505,795
28068,1504,793
28069,1506,794
28070,1507,794
28071,1506,795
28072,1504,795
28073,1506,792
28074,1506,795
28075,1506,796
28076,1504,794
28077,1506,796
28078,1506,795
28079,1505,795
28080,1506,793
28081,1504,796
28082,1505,795
28083,1506,795
28084,1506,795
28085,1505,795
28086,1506,795
28087,1505,795
28088,1505,795
28089,1506,795
28090,1505,795
28091,1504,796
28092,1506,795
28093,1505,794
28094,1507,795
28095,1506,793
28096,1504,796
28097,1506,795
28098,1506,795
28099,1506,795
28100,1504,795
28101,1504,796
28102,1504,795
28103,1505,795
28104,1506,795
28105,1504,795
28106,1506,795
28107,1506,795
28108,1506,794
28109,1506,795
28110,1505,795
28111,1507,793
28112,1506,794
28113,1506,795
28114,1506,795
28115,1505,795
28116,1506,795
28117,1504,795
28118,1505,793
28119,1506,795
28120,1504,796
28121,1505,794
28122,1508,794
28123,1506,795
28124,1506,795
28125,1504,793
28126,1505,795
28127,1506,794
28128,1505,795
28129,1504,796
28130,1504,795
28131,1506,795
28132,1506,795
28133,1506,795
28134,1504,795
28135,1506,795
28136,1506,795
28137,1504,794
28138,1506,795
28139,1505,795
28140,1505,794
28141,1506,795
28142,1505,795
28143,1505,795
28144,1506,795
28145,1506,795
28146,1506,794
28147,1505,793
28148,1506,793
28149,1506,795
28150,1506,793
28151,1506,795
28152,1504,793
28153,1505,795
28154,1505,793
28155,1505,795
28156,1504,795
28157,1506,795
28158,1505,794
28159,1506,795
28160,1506,795
28161,1506,794
28162,1504,795
28163,1504,795
28164,1504,795
28165,1506,794
28166,1504,793
28167,1505,795
28168,1506,795
28169,1506,793
28170,1506,793
28171,1506,795
28172,1505,795
28173,1504,793
28174,1505,795
28175,1506,795
28176,1506,795
28177,1505,795
28178,1506,795
28179,1505,795
28180,1506,795
28181,1505,793
28182,1504,795
28183,1506,793
28184,1506,795
28185,1506,793
28186,1506,795
28187,1506,793
28188,1506,793
28189,1507,793
28190,1506,793
28191,1506,795
28192,1506,793
28193,1505,795
28194,1505,795
28195,1506,795
28196,1506,795
28197,1506,795
28198,1504,795
28199,1504,793
28200,1506,795
28201,1504,794
28202,1506,794
28203,1504,794
28204,1506,795
28205,1506,795
28206,1506,793
28207,1506,796
28208,1506,796
28209,1504,796
28210,1506,794
28211,1506,794
28212,1504,795
28213,1506,794
28214,1506,795
28215,1506,794
28216,1505,797
28217,1505,794
28218,1505,796
28219,1505,795
28220,1506,795
28221,1504,797
28222,1506,795
28223,1506,795
28224,1504,795
28225,1505,795
28226,1505,794
28227,1506,795
28228,1506,794
28229,1506,795
28230,1504,795
28231,1506,795
28232,1506,793
28233,1506,795
28234,1507,796
28235,1505,795
28236,1506,795
28237,1505,795
28238,1504,795
28239,1505,795
28240,1504,795
28241,1505,795
28242,1506,796
28243,1506,795
28244,1505,796
28245,1506,793
28246,1504,795
28247,1504,795
28248,1506,793
28249,1506,795
28250,1505,795
28251,1506,795
28252,1504,795
28253,1506,795
28254,1506,795
28255,1506,795
28256,1506,795
28257,1506,793
28258,1507,796
28259,1506,795
28260,1506,795
28261,1505,795
28262,1505,795
28263,1504,795
28264,1505,795
28265,1506,795
28266,1506,795
28267,1506,796
28268,1504,795
28269,1506,795
28270,1506,795
28271,1506,795
28272,1506,795
28273,1507,795
28274,1506,795
28275,1505,794
28276,1506,795
28277,1505,795
28278,1505,795
28279,1506,795
28280,1506,796
28281,1505,795
28282,1504,795
28283,1505,793
28284,1506,795
28285,1505,794
28286,1506,794
28287,1505,794
28288,1505,793
28289,1506,793
28290,1504,795
28291,1504,795
28292,1506,795
28293,1504,794
28294,1504,795
28295,1505,795
28296,1506,797
28297,1506,797
28298,1506,796
28299,1506,795
28300,1506,795
28301,1506,794
28302,1505,796
28303,1504,795
28304,1504,795
28305,1504,795
28306,1504,795
28307,1504,795
28308,1506,794
28309,1505,796
28310,1505,795
28311,1504,797
28312,1504,795
28313,1504,795
28314,1504,793
28315,1504,795
28316,1505,797
28317,1506,797
28318,1505,795
28319,1504,795
28320,1506,796
28321,1504,794
28322,1506,795
28323,1506,795
28324,1505,795
28325,1506,795
28326,1506,795
28327,1504,796
28328,1504,796
28329,1505,795
28330,1506,794
28331,1504,798
28332,1504,795
28333,1506,795
28334,1505,795
28335,1506,797
28336,1506,795
28337,1505,797
28338,1504,793
28339,1505,795
28340,1504,796
28341,1505,795
28342,1505,795
28343,1506,795
28344,1504,796
28345,1506,793
28346,1505,795
28347,1506,796
28348,1504,796
28349,1504,795
28350,1504,795
28351,1505,795
28352,1504,795
28353,1505,795
28354,1504,795
28355,1506,795
28356,1505,795
28357,1504,795
28358,1505,797
28359,1504,795
28360,1505,795
28361,1504,794
28362,1504,796
28363,1505,795
28364,1506,795
28365,1506,796
28366,1505,795
28367,1505,796
28368,1504,795
28369,1504,796
28370,1505,795
28371,1506,797
28372,1504,795
28373,1504,795
28374,1504,797
28375,1504,796
28376,1506,795
28377,1504,795
28378,1505,795
28379,1504,796
28380,1504,796
28381,1505,797
28382,1505,795
28383,1506,795
28384,1505,794
28385,1505,795
28386,1505,793
28387,1506,795
28388,1505,795
28389,1504,795
28390,1506,795
28391,1507,794
28392,1506,795
28393,1505,794
28394,1505,797
28395,1506,791
28396,1507,789
28397,1504,781
28398,1506,792
28399,1504,793
28400,1505,809
28401,1504,795
28402,1507,797
28403,1505,811
28404,1509,779
28405,1500,783
28406,1506,780
28407,1506,779
28408,1507,789
28409,1505,787
28410,1506,795
28411,1506,799
28412,1508,786
28413,1505,795
28414,1507,783
28415,1506,803
28416,1498,799
28417,1499,789
28418,1509,783
28419,1508,781
28420,1506,795
28421,1504,795
28422,1499,787
28423,1506,791
28424,1506,805
28425,1505,781
28426,1504,787
28427,1506,795
28428,1505,795
28429,1506,797
28430,1506,795
28431,1504,796
28432,1504,795
28433,1504,795
28434,1504,796
28435,1507,796
28436,1506,797
28437,1505,797
28438,1506,795
28439,1504,795
28440,1504,795
28441,1504,797
28442,1506,796
28443,1506,795
28444,1506,795
28445,1506,797
28446,1506,797
28447,1506,795
28448,1505,795
28449,1504,795
28450,1505,795
28451,1504,795
28452,1504,795
28453,1504,795
28454,1506,797
28455,1506,796
28456,1504,795
28457,1506,793
28458,1504,795
28459,1505,797
28460,1504,795
28461,1506,797
28462,1505,795
28463,1504,796
28464,1504,795
28465,1504,795
28466,1504,797
28467,1504,797
28468,1506,795
28469,1505,795
28470,1504,795
28471,1505,795
28472,1504,796
28473,1505,796
28474,1506,795
28475,1504,797
28476,1504,795
28477,1505,795
28478,1505,795
28479,1506,796
28480,1506,797
28481,1504,795
28482,1505,796
28483,1504,796
28484,1504,795
28485,1504,795
28486,1506,795
28487,1505,795
28488,1506,795
28489,1507,794
28490,1505,795
28491,1505,795
28492,1505,795
28493,1506,797
28494,1506,796
28495,1505,796
28496,1504,795
28497,1504,795
28498,1504,797
28499,1505,797
28500,1506,795
28501,1504,797
28502,1507,796
28503,1506,796
28504,1506,795
28505,1505,795
28506,1506,796
28507,1506,795
28508,1504,796
28509,1506,795
28510,1504,796
28511,1504,795
28512,1505,796
28513,1504,794
28514,1506,795
28515,1505,795
28516,1504,796
28517,1504,795
28518,1505,797
28519,1504,795
28520,1505,795
28521,1506,795
28522,1506,794
28523,1505,797
28524,1506,797
28525,1504,795
28526,1504,797
28527,1504,797
28528,1504,797
28529,1506,795
28530,1506,795
28531,1505,795
28532,1505,795
28533,1505,794
28534,1506,795
28535,1505,795
28536,1504,795
28537,1504,795
28538,1504,795
28539,1504,795
28540,1505,795
28541,1504,795
28542,1504,795
28543,1505,799
28544,1504,795
28545,1504,795
28546,1506,795
28547,1505,795
28548,1505,795
28549,1505,794
28550,1505,795
28551,1505,795
28552,1505,795
28553,1504,795
28554,1504,795
28555,1504,795
28556,1504,797
28557,1504,795
28558,1504,796
28559,1504,797
28560,1506,796
28561,1504,795
28562,1504,796
28563,1505,796
28564,1504,795
28565,1506,795
28566,1504,796
28567,1504,796
28568,1506,795
28569,1505,795
28570,1506,796
28571,1504,796
28572,1504,795
28573,1506,797
28574,1504,796
28575,1504,795
28576,1504,797
28577,1506,795
28578,1504,795
28579,1504,795
28580,1506,795
28581,1505,796
28582,1506,796
28583,1505,795
28584,1507,797
28585,1505,795
28586,1505,796
28587,1506,795
28588,1504,795
28589,1506,794
28590,1506,795
28591,1504,795
28592,1505,796
28593,1504,797
28594,1506,797
28595,1506,796
28596,1505,796
28597,1504,795
28598,1504,796
28599,1504,796
28600,1506,797
28601,1504,797
28602,1505,795
28603,1504,795
28604,1504,797
28605,1504,795
28606,1504,796
28607,1506,795
28608,1506,796
28609,1506,796
28610,1505,796
28611,1506,796
28612,1505,795
28613,1505,795
28614,1504,796
28615,1504,795
28616,1506,795
28617,1504,797
28618,1505,796
28619,1505,797
28620,1506,796
28621,1505,795
28622,1504,797
28623,1506,795
28624,1505,796
28625,1504,795
28626,1506,796
28627,1504,795
28628,1505,795
28629,1504,795
28630,1505,795
28631,1506,796
28632,1505,795
28633,1506,796
28634,1505,796
28635,1505,797
28636,1506,797
28637,1504,797
28638,1505,797
28639,1504,795
28640,1506,795
28641,1506,797
28642,1505,795
28643,1506,796
28644,1505,795
28645,1506,795
28646,1505,795
28647,1506,793
28648,1505,795
28649,1504,795
28650,1500,795
28651,1506,795
28652,1504,795
28653,1506,795
28654,1504,795
28655,1506,783
28656,1504,797
28657,1506,795
28658,1505,797
28659,1506,797
28660,1506,796
28661,1506,796
28662,1504,795
28663,1505,796
28664,1504,797
28665,1506,797
28666,1507,796
28667,1506,795
28668,1506,797
28669,1506,796
28670,1505,797
28671,1506,796
28672,1506,797
28673,1504,797
28674,1505,795
28675,1506,796
28676,1505,796
28677,1504,797
28678,1504,798
28679,1504,795
28680,1505,797
28681,1504,796
28682,1506,795
28683,1506,795
28684,1504,795
28685,1504,793
28686,1505,795
28687,1506,794
28688,1505,795
28689,1506,797
28690,1506,796
28691,1506,795
28692,1505,795
28693,1506,795
28694,1506,796
28695,1504,796
28696,1506,796
28697,1506,797
28698,1505,797
28699,1504,797
28700,1506,796
28701,1506,797
28702,1504,795
28703,1506,796
28704,1505,795
28705,1505,798
28706,1506,796
28707,1506,795
28708,1506,797
28709,1506,796
28710,1506,797
28711,1506,796
28712,1504,797
28713,1506,795
28714,1506,796
28715,1506,797
28716,1504,797
28717,1506,796
28718,1506,795
28719,1505,797
28720,1505,797
28721,1506,795
28722,1504,796
28723,1505,797
28724,1505,796
28725,1506,795
28726,1505,795
28727,1504,795
28728,1505,797
28729,1505,795
28730,1506,797
28731,1506,798
28732,1504,797
28733,1506,797
28734,1505,796
28735,1504,796
28736,1504,799
28737,1506,796
28738,1506,795
28739,1506,795
28740,1506,795
28741,1505,797
28742,1505,797
28743,1506,797
28744,1504,797
28745,1504,797
28746,1504,795
28747,1506,797
28748,1504,796
28749,1506,795
28750,1506,797
28751,1506,796
28752,1506,795
28753,1504,797
28754,1506,796
28755,1506,797
28756,1504,795
28757,1505,797
28758,1506,797
28759,1506,796
28760,1506,796
28761,1505,795
28762,1506,795
28763,1506,796
28764,1506,797
28765,1506,797
28766,1506,797
28767,1506,795
28768,1506,796
28769,1506,795
28770,1504,797
28771,1505,797
28772,1506,796
28773,1505,796
28774,1506,797
28775,1506,795
28776,1506,796
28777,1504,797
28778,1506,797
28779,1505,797
28780,1506,796
28781,1506,796
28782,1505,797
28783,1505,795
28784,1506,795
28785,1504,795
28786,1506,795
28787,1506,796
28788,1504,796
28789,1505,795
28790,1505,795
28791,1505,795
28792,1506,795
28793,1506,794
28794,1505,795
28795,1504,797
28796,1506,796
28797,1506,796
28798,1506,797
28799,1506,796
28800,1506,795
28801,1505,796
28802,1505,797
28803,1504,797
28804,1506,795
28805,1506,797
28806,1506,797
28807,1506,795
28808,1505,796
28809,1506,797
28810,1506,797
28811,1506,796
28812,1505,797
28813,1507,797
28814,1506,797
28815,1507,796
28816,1504,797
28817,1506,796
28818,1506,797
28819,1506,797
28820,1506,797
28821,1506,796
28822,1506,797
28823,1506,797
28824,1505,798
28825,1505,797
28826,1506,795
28827,1504,797
28828,1506,798
28829,1506,797
28830,1504,797
28831,1506,797
28832,1504,797
28833,1505,797
28834,1506,797
28835,1506,797
28836,1506,797
28837,1505,797
28838,1506,797
28839,1506,797
28840,1506,797
28841,1506,797
28842,1506,796
28843,1506,798
28844,1506,795
28845,1506,796
28846,1506,796
28847,1506,797
28848,1505,797
28849,1506,797
28850,1505,798
28851,1506,797
28852,1505,797
28853,1506,796
28854,1506,797
28855,1504,797
28856,1504,797
28857,1506,796
28858,1505,797
28859,1507,796
28860,1504,796
28861,1505,796
28862,1506,797
28863,1506,797
28864,1504,797
28865,1506,797
28866,1505,799
28867,1506,796
28868,1504,795
28869,1506,796
28870,1504,799
28871,1505,795
28872,1506,796
28873,1506,797
28874,1504,795
28875,1506,795
28876,1506,797
28877,1506,797
28878,1505,797
28879,1506,797
28880,1505,798
28881,1504,796
28882,1504,797
28883,1506,796
28884,1506,796
28885,1504,795
28886,1505,796
28887,1505,797
28888,1506,797
28889,1505,795
28890,1505,795
28891,1505,796
28892,1506,795
28893,1504,795
28894,1504,798
28895,1506,797
28896,1506,797
28897,1506,796
28898,1505,798
28899,1506,797
28900,1506,797
28901,1506,797
28902,1504,796
28903,1506,798
28904,1506,797
28905,1504,796
28906,1504,797
28907,1506,797
28908,1505,798
28909,1505,797
28910,1506,797
28911,1506,797
28912,1504,797
28913,1506,797
28914,1504,797
28915,1504,796
28916,1506,797
28917,1506,797
28918,1506,795
28919,1506,796
28920,1504,799
28921,1504,798
28922,1506,797
28923,1505,797
28924,1505,797
28925,1504,797
28926,1506,795
28927,1505,797
28928,1505,797
28929,1506,797
28930,1507,797
28931,1506,795
28932,1504,796
28933,1506,796
28934,1506,796
28935,1505,796
28936,1506,796
28937,1506,796
28938,1506,796
28939,1506,797
28940,1505,797
28941,1504,795
28942,1506,796
28943,1506,796
28944,1506,797
28945,1506,796
28946,1504,796
28947,1506,797
28948,1506,796
28949,1504,797
28950,1504,796
28951,1506,797
28952,1504,797
28953,1506,797
28954,1505,796
28955,1504,797
28956,1504,798
28957,1506,795
28958,1504,797
28959,1505,796
28960,1506,796
28961,1506,797
28962,1506,797
28963,1504,796
28964,1506,799
28965,1506,797
28966,1506,797
28967,1505,797
28968,1504,797
28969,1506,798
28970,1504,797
28971,1504,797
28972,1506,796
28973,1506,795
28974,1505,798
28975,1504,797
28976,1506,798
28977,1505,795
28978,1504,797
28979,1506,796
28980,1504,797
28981,1504,797
28982,1506,799
28983,1506,797
28984,1504,795
28985,1505,797
28986,1505,795
28987,1506,797
28988,1504,796
28989,1505,797
28990,1506,797
28991,1506,796
28992,1506,796
28993,1506,795
28994,1504,797
28995,1504,797
28996,1506,797
28997,1506,797
28998,1504,795
28999,1506,795
29000,1506,797
29001,1506,797
29002,1504,797
29003,1506,796
29004,1506,798
29005,1504,797
29006,1506,797
29007,1506,797
29008,1506,797
29009,1504,797
29010,1506,797
29011,1506,797
29012,1504,795
29013,1505,799
29014,1506,796
29015,1504,797
29016,1504,799
29017,1506,796
29018,1504,799
29019,1505,797
29020,1506,797
29021,1506,797
29022,1505,797
29023,1505,797
29024,1506,797
29025,1506,797
29026,1506,797
29027,1506,797
29028,1507,796
29029,1506,799
29030,1506,798
29031,1506,795
29032,1506,797
29033,1506,795
29034,1505,795
29035,1506,796
29036,1504,797
29037,1504,797
29038,1504,797
29039,1506,796
29040,1504,797
29041,1505,797
29042,1506,796
29043,1504,797
29044,1505,797
29045,1506,797
29046,1506,796
29047,1505,797
29048,1506,797
29049,1504,797
29050,1505,797
29051,1505,797
29052,1506,797
29053,1505,797
29054,1506,797
29055,1506,797
29056,1505,797
29057,1505,799
29058,1504,797
29059,1506,797
29060,1506,797
29061,1506,799
29062,1506,797
29063,1506,798
29064,1504,797
29065,1505,795
29066,1505,797
29067,1506,799
29068,1504,799
29069,1506,798
29070,1506,797
29071,1505,797
29072,1506,796
29073,1505,797
29074,1505,797
29075,1504,797
29076,1504,799
29077,1506,799
29078,1506,797
29079,1506,797
29080,1506,797
29081,1506,799
29082,1505,798
29083,1504,797
29084,1504,799
29085,1504,797
29086,1506,797
29087,1504,798
29088,1505,797
29089,1506,798
29090,1504,799
29091,1505,797
29092,1504,797
29093,1504,798
29094,1507,797
29095,1505,797
29096,1505,798
29097,1506,797
29098,1506,797
29099,1505,798
29100,1504,799
29101,1506,795
29102,1504,797
29103,1505,798
29104,1504,797
29105,1504,798
29106,1506,797
29107,1505,799
29108,1506,797
29109,1505,798
29110,1506,799
29111,1504,797
29112,1504,797
29113,1505,797
29114,1506,799
29115,1506,797
29116,1504,798
29117,1506,797
29118,1506,797
29119,1506,798
29120,1506,799
29121,1505,798
29122,1505,799
29123,1506,797
29124,1507,797
29125,1507,799
29126,1504,799
29127,1505,797
29128,1505,798
29129,1505,797
29130,1506,797
29131,1506,799
29132,1505,799
29133,1506,798
29134,1504,798
29135,1505,797
29136,1504,799
29137,1505,799
29138,1505,798
29139,1506,799
29140,1506,797
29141,1505,797
29142,1504,799
29143,1506,797
29144,1506,797
29145,1505,797
29146,1506,796
29147,1504,796
29148,1504,798
29149,1504,799
29150,1506,799
29151,1506,797
29152,1506,797
29153,1506,796
29154,1505,798
29155,1506,799
29156,1506,797
29157,1504,797
29158,1504,797
29159,1505,797
29160,1506,798
29161,1504,798
29162,1506,797
29163,1505,799
29164,1505,798
29165,1504,798
29166,1506,797
29167,1505,799
29168,1506,799
29169,1506,797
29170,1506,797
29171,1507,798
29172,1506,798
29173,1504,799
29174,1506,798
29175,1504,798
29176,1506,798
29177,1505,799
29178,1504,798
29179,1506,798
29180,1506,798
29181,1506,797
29182,1506,799
29183,1506,797
29184,1506,797
29185,1504,796
29186,1504,797
29187,1505,797
29188,1506,797
29189,1504,797
29190,1506,797
29191,1505,797
29192,1505,797
29193,1506,797
29194,1506,797
29195,1504,798
29196,1504,798
29197,1505,799
29198,1506,797
29199,1505,798
29200,1504,799
29201,1506,803
29202,1504,797
29203,1506,798
29204,1506,799
29205,1506,798
29206,1506,799
29207,1506,799
29208,1506,798
29209,1504,797
29210,1504,799
29211,1506,798
29212,1504,799
29213,1504,799
29214,1504,798
29215,1506,799
29216,1504,799
29217,1505,798
29218,1504,799
29219,1506,797
29220,1504,797
29221,1505,799
29222,1504,798
29223,1506,797
29224,1504,797
29225,1505,797
29226,1504,799
29227,1506,797
29228,1504,799
29229,1504,799
29230,1505,798
29231,1506,799
29232,1504,798
29233,1505,799
29234,1506,797
29235,1506,797
29236,1506,799
29237,1505,797
29238,1504,797
29239,1504,799
29240,1504,798
29241,1505,797
29242,1504,798
29243,1506,798
29244,1504,797
29245,1504,797
29246,1504,797
29247,1505,797
29248,1504,799
29249,1506,799
29250,1504,799
29251,1506,797
29252,1506,799
29253,1504,799
29254,1506,797
29255,1506,797
29256,1506,797
29257,1506,797
29258,1505,799
29259,1504,799
29260,1506,799
29261,1506,799
29262,1504,796
29263,1505,798
29264,1505,798
29265,1505,799
29266,1506,799
29267,1505,797
29268,1506,797
29269,1504,797
29270,1506,799
29271,1505,798
29272,1504,799
29273,1506,797
29274,1506,798
29275,1504,799
29276,1506,798
29277,1504,798
29278,1506,798
29279,1506,798
29280,1506,799
29281,1505,795
29282,1505,798
29283,1506,797
29284,1505,797
29285,1505,798
29286,1504,797
29287,1505,797
29288,1504,797
29289,1505,797
29290,1505,797
29291,1505,799
29292,1507,797
29293,1506,797
29294,1506,797
29295,1506,798
29296,1504,798
29297,1506,798
29298,1506,797
29299,1504,799
29300,1504,799
29301,1504,799
29302,1506,797
29303,1504,798
29304,1504,799
29305,1504,799
29306,1505,799
29307,1504,797
29308,1506,798
29309,1504,799
29310,1505,798
29311,1506,799
29312,1506,798
29313,1506,798
29314,1506,797
29315,1505,797
29316,1505,797
29317,1504,799
29318,1506,799
29319,1505,799
29320,1504,798
29321,1505,797
29322,1506,799
29323,1505,798
29324,1504,797
29325,1506,799
29326,1505,798
29327,1504,798
29328,1505,799
29329,1506,799
29330,1506,798
29331,1506,799
29332,1506,799
29333,1505,797
29334,1506,797
29335,1504,799
29336,1504,797
29337,1506,799
29338,1504,797
29339,1505,799
29340,1504,799
29341,1506,799
29342,1506,797
29343,1505,799
29344,1506,798
29345,1506,799
29346,1506,799
29347,1504,797
29348,1505,797
29349,1504,799
29350,1504,798
29351,1506,798
29352,1506,797
29353,1506,799
29354,1505,797
29355,1505,799
29356,1505,798
29357,1506,799
29358,1504,800
29359,1504,799
29360,1504,797
29361,1505,798
29362,1506,799
29363,1505,797
29364,1504,797
29365,1505,799
29366,1505,799
29367,1505,797
29368,1506,798
29369,1506,797
29370,1506,799
29371,1506,798
29372,1506,799
29373,1504,797
29374,1506,799
29375,1504,798
29376,1504,799
29377,1506,799
29378,1505,799
29379,1506,797
29380,1506,799
29381,1505,799
29382,1506,799
29383,1505,797
29384,1504,797
29385,1506,796
29386,1506,791
29387,1506,798
29388,1505,797
29389,1505,796
29390,1505,797
29391,1506,795
29392,1506,797
29393,1504,797
29394,1506,798
29395,1506,800
29396,1506,798
29397,1504,799
29398,1506,797
29399,1506,799
29400,1506,799
29401,1506,799
29402,1506,799
29403,1505,799
29404,1507,798
29405,1505,799
29406,1505,799
29407,1506,797
29408,1504,799
29409,1506,797
29410,1506,799
29411,1505,799
29412,1505,797
29413,1505,803
29414,1504,799
29415,1506,803
29416,1505,799
29417,1504,799
29418,1504,799
29419,1504,799
29420,1505,799
29421,1506,799
29422,1506,798
29423,1504,799
29424,1504,797
29425,1504,799
29426,1505,799
29427,1504,799
29428,1505,800
29429,1506,799
29430,1504,799
29431,1505,797
29432,1505,797
29433,1504,800
29434,1504,799
29435,1506,799
29436,1506,799
29437,1506,799
29438,1504,798
29439,1505,799
29440,1505,800
29441,1505,799
29442,1506,799
29443,1505,799
29444,1506,799
29445,1505,798
29446,1505,799
29447,1506,799
29448,1506,799
29449,1504,799
29450,1504,803
29451,1505,798
29452,1504,798
29453,1505,799
29454,1504,799
29455,1504,797
29456,1506,799
29457,1505,799
29458,1504,799
29459,1504,797
29460,1504,799
29461,1505,798
29462,1506,799
29463,1504,799
29464,1505,799
29465,1506,798
29466,1504,799
29467,1506,803
29468,1504,797
29469,1504,799
29470,1505,797
29471,1504,798
29472,1505,799
29473,1506,797
29474,1504,800
29475,1504,799
29476,1504,797
29477,1504,803
29478,1505,799
29479,1505,799
29480,1504,799
29481,1504,799
29482,1506,799
29483,1505,799
29484,1504,799
29485,1506,799
29486,1504,798
29487,1506,799
29488,1505,799
29489,1506,797
29490,1505,799
29491,1506,799
29492,1506,797
29493,1505,797
29494,1506,799
29495,1505,802
29496,1504,799
29497,1504,799
29498,1506,803
29499,1504,799
29500,1505,799
29501,1506,799
29502,1505,803
29503,1506,799
29504,1504,798
29505,1506,799
29506,1506,799
29507,1505,797
29508,1504,799
29509,1505,799
29510,1506,800
29511,1506,799
29512,1506,799
29513,1506,799
29514,1505,797
29515,1504,799
29516,1506,799
29517,1504,803
29518,1506,799
29519,1507,799
29520,1505,803
29521,1504,799
29522,1505,799
29523,1504,799
29524,1506,799
29525,1505,798
29526,1504,799
29527,1506,799
29528,1504,803
29529,1504,803
29530,1505,799
29531,1505,798
29532,1504,799
29533,1505,799
29534,1506,803
29535,1506,798
29536,1506,798
29537,1504,799
29538,1505,797
29539,1506,799
29540,1505,797
29541,1506,798
29542,1506,797
29543,1506,802
29544,1506,799
29545,1505,799
29546,1505,797
29547,1505,797
29548,1505,791
29549,1504,797
29550,1504,799
29551,1505,799
29552,1506,798
29553,1506,799
29554,1504,799
29555,1505,798
29556,1504,799
29557,1505,799
29558,1507,799
29559,1504,800
29560,1506,800
29561,1504,799
29562,1506,799
29563,1504,799
29564,1504,799
29565,1506,799
29566,1506,799
29567,1506,798
29568,1504,799
29569,1505,799
29570,1504,800
29571,1505,803
29572,1506,799
29573,1506,799
29574,1505,800
29575,1504,798
29576,1506,799
29577,1504,799
29578,1506,800
29579,1506,798
29580,1506,799
29581,1505,800
29582,1505,803
29583,1505,799
29584,1505,799
29585,1504,803
29586,1504,799
29587,1505,800
29588,1505,798
29589,1506,799
29590,1505,799
29591,1504,799
29592,1505,800
29593,1505,799
29594,1504,799
29595,1504,799
29596,1505,799
29597,1505,799
29598,1506,799
29599,1506,800
29600,1505,802
29601,1504,803
29602,1504,803
29603,1505,803
29604,1506,799
29605,1505,803
29606,1505,799
29607,1506,800
29608,1506,799
29609,1504,799
29610,1504,799
29611,1504,800
29612,1506,799
29613,1506,799
29614,1505,799
29615,1504,799
29616,1504,799
29617,1504,799
29618,1506,803
29619,1505,801
29620,1505,802
29621,1504,799
29622,1504,799
29623,1505,799
29624,1505,799
29625,1504,799
29626,1504,800
29627,1505,797
29628,1504,799
29629,1504,798
29630,1505,800
29631,1505,799
29632,1504,799
29633,1504,799
29634,1505,799
29635,1506,799
29636,1504,802
29637,1505,803
29638,1504,800
29639,1505,799
29640,1506,799
29641,1505,799
29642,1504,798
29643,1504,799
29644,1506,800
29645,1504,799
29646,1504,799
29647,1506,797
29648,1506,797
29649,1505,798
29650,1504,799
29651,1506,799
29652,1504,797
29653,1505,799
29654,1504,797
29655,1506,798
29656,1504,799
29657,1506,799
29658,1504,799
29659,1504,803
29660,1504,800
29661,1505,799
29662,1504,799
29663,1504,799
29664,1504,799
29665,1506,800
29666,1506,800
29667,1504,800
29668,1506,803
29669,1505,803
29670,1506,799
29671,1505,803
29672,1504,802
29673,1505,799
29674,1504,800
29675,1505,803
29676,1504,799
29677,1506,799
29678,1505,803
29679,1505,798
29680,1504,798
29681,1505,799
29682,1506,799
29683,1506,799
29684,1505,799
29685,1505,798
29686,1504,799
29687,1507,798
29688,1506,799
29689,1506,798
29690,1506,799
29691,1506,798
29692,1505,799
29693,1506,797
29694,1505,799
29695,1504,799
29696,1506,803
29697,1504,800
29698,1505,803
29699,1505,799
29700,1504,799
29701,1505,799
29702,1506,803
29703,1505,799
29704,1506,802
29705,1506,799
29706,1505,797
29707,1505,799
29708,1506,799
29709,1506,800
29710,1504,799
29711,1504,803
29712,1504,799
29713,1504,799
29714,1504,803
29715,1504,799
29716,1506,799
29717,1505,799
29718,1504,799
29719,1506,800
29720,1506,805
29721,1504,803
29722,1505,799
29723,1505,800
29724,1505,803
29725,1505,800
29726,1504,803
29727,1506,803
29728,1506,799
29729,1504,798
29730,1504,799
29731,1504,799
29732,1505,799
29733,1506,799
29734,1505,799
29735,1506,799
29736,1506,803
29737,1504,799
29738,1504,805
29739,1505,803
29740,1504,803
29741,1504,803
29742,1506,805
29743,1506,799
29744,1504,799
29745,1506,799
29746,1505,803
29747,1504,799
29748,1505,803
29749,1504,799
29750,1505,799
29751,1506,803
29752,1506,802
29753,1504,803
29754,1504,799
29755,1504,799
29756,1506,800
29757,1505,800
29758,1506,799
29759,1506,803
29760,1505,803
29761,1505,799
29762,1506,799
29763,1506,799
29764,1504,803
29765,1506,802
29766,1505,803
29767,1506,803
29768,1506,800
29769,1506,799
29770,1506,803
29771,1506,802
29772,1506,799
29773,1505,799
29774,1506,799
29775,1505,799
29776,1506,803
29777,1506,803
29778,1504,798
29779,1505,804
29780,1505,803
29781,1504,799
29782,1505,799
29783,1506,799
29784,1505,799
29785,1505,800
29786,1504,799
29787,1505,799
29788,1505,799
29789,1506,799
29790,1504,799
29791,1505,799
29792,1504,803
29793,1505,799
29794,1504,800
29795,1506,804
29796,1504,803
29797,1504,803
29798,1505,803
29799,1504,803
29800,1504,803
29801,1504,803
29802,1506,800
29803,1505,803
29804,1504,803
29805,1506,803
29806,1506,799
29807,1505,803
29808,1504,803
29809,1504,802
29810,1506,803
29811,1504,805
29812,1505,800
29813,1506,804
29814,1506,804
29815,1506,800
29816,1505,805
29817,1504,803
29818,1504,799
29819,1506,803
29820,1504,805
29821,1505,799
29822,1506,803
29823,1506,799
29824,1504,803
29825,1506,803
29826,1506,803
29827,1505,805
29828,1506,803
29829,1504,803
29830,1506,803
29831,1504,799
29832,1506,803
29833,1505,799
29834,1506,800
29835,1506,804
29836,1504,803
29837,1506,799
29838,1505,803
29839,1506,800
29840,1505,799
29841,1504,805
29842,1506,803
29843,1506,803
29844,1504,800
29845,1505,804
29846,1504,805
29847,1504,803
29848,1506,800
29849,1504,805
29850,1506,804
29851,1504,804
29852,1506,803
29853,1505,803
29854,1504,804
29855,1505,803
29856,1504,800
29857,1506,804
29858,1506,803
29859,1504,805
29860,1505,803
29861,1504,803
29862,1505,803
29863,1505,804
29864,1505,799
29865,1504,804
29866,1504,800
29867,1506,804
29868,1504,803
29869,1506,804
29870,1504,803
29871,1505,803
29872,1506,803
29873,1504,803
29874,1506,800
29875,1504,803
29876,1505,802
29877,1505,800
29878,1504,804
29879,1505,802
29880,1505,803
29881,1505,805
29882,1506,799
29883,1506,800
29884,1506,799
29885,1506,800
29886,1505,799
29887,1506,799
29888,1504,803
29889,1505,803
29890,1506,803
29891,1505,803
29892,1506,799
29893,1505,799
29894,1505,803
29895,1505,805
29896,1506,803
29897,1505,804
29898,1506,800
29899,1503,803
29900,1505,804
29901,1504,804
29902,1504,802
29903,1504,805
29904,1504,803
29905,1504,803
29906,1505,803
29907,1505,804
29908,1505,804
29909,1505,804
29910,1506,803
29911,1506,803
29912,1504,803
29913,1505,805
29914,1504,805
29915,1504,803
29916,1504,803
29917,1504,803
29918,1504,799
29919,1505,805
29920,1506,804
29921,1506,805
29922,1505,803
29923,1504,805
29924,1506,803
29925,1505,804
29926,1504,804
29927,1504,803
29928,1505,805
29929,1505,804
29930,1506,803
29931,1504,803
29932,1505,803
29933,1506,800
29934,1506,804
29935,1504,805
29936,1505,803
29937,1506,803
29938,1505,805
29939,1506,803
29940,1506,803
29941,1506,803
29942,1505,804
29943,1504,803
29944,1506,804
29945,1504,805
29946,1504,802
29947,1505,803
29948,1505,805
29949,1504,805
29950,1506,804
29951,1505,799
29952,1504,803
29953,1506,803
29954,1505,805
29955,1505,803
29956,1504,803
29957,1504,803
29958,1504,803
29959,1506,803
29960,1504,802
29961,1504,805
29962,1505,805
29963,1505,805
29964,1505,803
29965,1506,804
29966,1504,800
29967,1505,804
29968,1506,803
29969,1505,800
29970,1505,803
29971,1505,803
29972,1504,805
29973,1504,803
29974,1506,803
29975,1506,803
29976,1506,803
29977,1504,804
29978,1506,804
29979,1504,805
29980,1504,805
29981,1506,803
29982,1506,803
29983,1504,802
29984,1506,800
29985,1506,799
29986,1506,799
29987,1506,803
29988,1506,803
29989,1504,803
29990,1506,803
29991,1506,799
29992,1505,800
29993,1505,803
29994,1504,805
29995,1504,800
29996,1506,803
29997,1505,804
29998,1506,804
29999,1505,803
30000,1505,803
30001,1506,803
30002,1506,800
30003,1506,803
30004,1506,803
30005,1504,803
30006,1504,804
30007,1504,803
30008,1504,804
30009,1506,799
30010,1504,800
30011,1504,800
30012,1504,805
30013,1504,803
30014,1505,803
30015,1504,805
30016,1504,804
30017,1505,803
30018,1506,803
30019,1506,799
30020,1506,803
30021,1505,804
30022,1504,803
30023,1506,804
30024,1506,805
30025,1504,803
30026,1506,806
30027,1506,799
30028,1505,799
30029,1504,799
30030,1504,803
30031,1506,803
30032,1505,799
30033,1505,803
30034,1504,799
30035,1504,800
30036,1505,800
30037,1506,799
30038,1504,803
30039,1504,803
30040,1505,799
30041,1504,799
30042,1504,800
30043,1504,797
30044,1505,799
30045,1508,797
30046,1499,815
30047,1506,799
30048,1500,803
30049,1505,803
30050,1504,795
30051,1507,819
30052,1507,792
30053,1505,791
30054,1506,813
30055,1506,797
30056,1500,809
30057,1498,819
30058,1504,819
30059,1505,821
30060,1499,807
30061,1504,803
30062,1504,821
30063,1506,797
30064,1506,808
30065,1504,811
30066,1504,789
30067,1505,813
30068,1500,792
30069,1505,789
30070,1506,821
30071,1506,791
30072,1504,800
30073,1500,819
30074,1508,797
30075,1504,804
30076,1504,804
30077,1506,800
30078,1505,799
30079,1504,803
30080,1504,803
30081,1505,803
30082,1505,789
30083,1504,803
30084,1504,803
30085,1505,807
30086,1504,799
30087,1506,799
30088,1505,804
30089,1506,803
30090,1504,803
30091,1506,805
30092,1504,804
30093,1505,805
30094,1505,804
30095,1504,805
30096,1506,804
30097,1504,804
30098,1504,803
30099,1506,805
30100,1505,800
30101,1504,805
30102,1506,803
30103,1506,805
30104,1505,803
30105,1504,805
30106,1506,799
30107,1504,805
30108,1505,803
30109,1505,805
30110,1504,804
30111,1505,804
30112,1501,803
30113,1504,804
30114,1504,805
30115,1505,804
30116,1506,805
30117,1505,805
30118,1504,801
30119,1505,804
30120,1505,805
30121,1504,804
30122,1504,799
30123,1506,805
30124,1505,805
30125,1504,803
30126,1506,805
30127,1505,799
30128,1506,800
30129,1506,803
30130,1504,804
30131,1506,805
30132,1505,803
30133,1505,804
30134,1504,803
30135,1506,803
30136,1504,804
30137,1504,803
30138,1506,803
30139,1505,805
30140,1505,804
30141,1505,804
30142,1504,803
30143,1504,803
30144,1504,803
30145,1506,804
30146,1505,804
30147,1504,805
30148,1505,805
30149,1504,803
30150,1504,805
30151,1505,805
30152,1504,804
30153,1504,805
30154,1505,804
30155,1504,803
30156,1506,805
30157,1504,803
30158,1504,804
30159,1506,803
30160,1504,803
30161,1506,803
30162,1506,799
30163,1505,800
30164,1504,799
30165,1506,803
30166,1505,804
30167,1506,805
30168,1506,804
30169,1504,800
30170,1504,804
30171,1504,804
30172,1506,805
30173,1504,805
30174,1505,804
30175,1506,805
30176,1506,805
30177,1506,803
30178,1505,803
30179,1505,799
30180,1504,803
30181,1505,799
30182,1506,800
30183,1504,804
30184,1506,799
30185,1505,805
30186,1505,803
30187,1506,803
30188,1504,805
30189,1505,805
30190,1505,799
30191,1504,803
30192,1506,799
30193,1506,800
30194,1504,803
30195,1506,799
30196,1506,799
30197,1505,800
30198,1504,803
30199,1506,803
30200,1506,804
30201,1504,805
30202,1505,803
30203,1505,804
30204,1504,805
30205,1505,803
30206,1504,804
30207,1505,803
30208,1504,800
30209,1506,804
30210,1505,803
30211,1506,805
30212,1505,803
30213,1506,803
30214,1506,803
30215,1504,804
30216,1504,804
30217,1504,804
30218,1504,804
30219,1505,805
30220,1505,803
30221,1505,803
30222,1505,804
30223,1504,803
30224,1504,803
30225,1504,804
30226,1505,803
30227,1504,806
30228,1505,805
30229,1506,803
30230,1504,805
30231,1504,805
30232,1504,805
30233,1505,804
30234,1504,804
30235,1504,803
30236,1504,803
30237,1504,803
30238,1505,805
30239,1506,804
30240,1504,805
30241,1504,803
30242,1504,804
30243,1504,806
30244,1504,804
30245,1504,803
30246,1504,804
30247,1504,804
30248,1504,803
30249,1504,803
30250,1505,805
30251,1505,803
30252,1504,803
30253,1504,803
30254,1504,803
30255,1504,804
30256,1506,803
30257,1506,804
30258,1505,804
30259,1506,799
30260,1504,804
30261,1506,803
30262,1505,805
30263,1506,803
30264,1506,803
30265,1504,803
30266,1506,805
30267,1506,804
30268,1504,804
30269,1505,804
30270,1504,804
30271,1504,803
30272,1504,803
30273,1506,803
30274,1506,803
30275,1505,803
30276,1505,803
30277,1504,803
30278,1504,803
30279,1506,803
30280,1506,803
30281,1505,803
30282,1506,805
30283,1505,805
30284,1504,803
30285,1504,805
30286,1505,805
30287,1504,803
30288,1505,804
30289,1504,805
30290,1505,799
30291,1505,803
30292,1504,804
30293,1505,804
30294,1504,805
30295,1505,803
30296,1506,799
30297,1504,805
30298,1506,799
30299,1504,803
30300,1505,804
30301,1506,804
30302,1506,804
30303,1506,804
30304,1504,805
30305,1504,804
30306,1506,803
30307,1505,805
30308,1506,804
30309,1504,804
30310,1504,805
30311,1505,805
30312,1506,805
30313,1505,803
30314,1504,807
30315,1504,805
30316,1504,803
30317,1504,805
30318,1504,806
30319,1505,803
30320,1504,806
30321,1505,806
30322,1505,805
30323,1504,805
30324,1505,805
30325,1504,805
30326,1504,799
30327,1506,805
30328,1506,805
30329,1506,805
30330,1505,805
30331,1506,804
30332,1506,803
30333,1506,805
30334,1504,805
30335,1505,805
30336,1505,807
30337,1506,806
30338,1504,806
30339,1505,805
30340,1504,805
30341,1506,804
30342,1505,805
30343,1506,803
30344,1506,805
30345,1505,805
30346,1505,804
30347,1504,804
30348,1506,805
30349,1506,805
30350,1504,805
30351,1504,805
30352,1505,804
30353,1504,805
30354,1506,805
30355,1505,805
30356,1505,807
30357,1505,805
30358,1504,806
30359,1505,805
30360,1505,806
30361,1504,807
30362,1506,804
30363,1506,805
30364,1505,804
30365,1506,806
30366,1504,804
30367,1506,805
30368,1504,804
30369,1504,803
30370,1505,805
30371,1505,805
30372,1505,805
30373,1505,805
30374,1505,806
30375,1505,806
30376,1505,805
30377,1504,805
30378,1504,803
30379,1506,805
30380,1506,807
30381,1506,805
30382,1504,805
30383,1504,803
30384,1505,806
30385,1504,805
30386,1506,804
30387,1504,805
30388,1506,803
30389,1506,804
30390,1506,805
30391,1505,803
30392,1505,803
30393,1506,803
30394,1506,804
30395,1505,805
30396,1506,804
30397,1505,805
30398,1506,804
30399,1504,803
30400,1506,803
30401,1505,803
30402,1504,804
30403,1505,805
30404,1506,805
30405,1505,805
30406,1506,805
30407,1505,805
30408,1506,805
30409,1506,807
30410,1504,803
30411,1505,805
30412,1506,805
30413,1505,805
30414,1504,805
30415,1505,806
30416,1504,805
30417,1504,805
30418,1506,803
30419,1505,807
30420,1504,807
30421,1506,806
30422,1504,806
30423,1506,805
30424,1506,807
30425,1506,805
30426,1504,807
30427,1506,805
30428,1506,804
30429,1506,805
30430,1506,805
30431,1505,807
30432,1504,805
30433,1505,805
30434,1504,805
30435,1504,806
30436,1504,807
30437,1505,806
30438,1505,805
30439,1505,804
30440,1504,805
30441,1505,806
30442,1505,805
30443,1504,807
30444,1505,806
30445,1504,805
30446,1507,807
30447,1504,807
30448,1504,805
30449,1504,807
30450,1505,806
30451,1506,804
30452,1504,805
30453,1504,805
30454,1504,805
30455,1506,805
30456,1505,807
30457,1506,804
30458,1504,807
30459,1506,805
30460,1504,804
30461,1506,805
30462,1506,803
30463,1504,807
30464,1505,805
30465,1505,806
30466,1504,805
30467,1505,806
30468,1506,807
30469,1505,807
30470,1505,805
30471,1506,806
30472,1505,806
30473,1505,805
30474,1506,806
30475,1504,806
30476,1506,805
30477,1500,807
30478,1505,806
30479,1504,805
30480,1506,805
30481,1504,805
30482,1504,805
30483,1504,806
30484,1505,803
30485,1504,805
30486,1504,805
30487,1504,805
30488,1505,806
30489,1506,805
30490,1506,805
30491,1506,805
30492,1504,805
30493,1505,805
30494,1505,805
30495,1504,805
30496,1504,803
30497,1505,803
30498,1506,805
30499,1506,805
30500,1504,807
30501,1504,805
30502,1504,807
30503,1505,805
30504,1506,808
30505,1505,807
30506,1504,807
30507,1504,806
30508,1504,805
30509,1505,805
30510,1504,806
30511,1504,807
30512,1504,805
30513,1506,805
30514,1506,805
30515,1505,805
30516,1504,805
30517,1504,807
30518,1506,806
30519,1504,805
30520,1504,805
30521,1506,807
30522,1503,806
30523,1504,805
30524,1504,807
30525,1504,806
30526,1504,805
30527,1504,807
30528,1504,805
30529,1504,803
30530,1506,807
30531,1506,805
30532,1505,805
30533,1504,804
30534,1505,805
30535,1506,804
30536,1505,805
30537,1506,805
30538,1504,804
30539,1505,803
30540,1506,806
30541,1506,805
30542,1504,805
30543,1505,804
30544,1506,805
30545,1505,807
30546,1504,807
30547,1506,805
30548,1504,806
30549,1505,805
30550,1506,807
30551,1505,804
30552,1504,806
30553,1506,806
30554,1505,807
30555,1506,804
30556,1506,805
30557,1506,806
30558,1505,807
30559,1505,807
30560,1506,806
30561,1504,805
30562,1504,805
30563,1505,807
30564,1505,806
30565,1504,806
30566,1505,805
30567,1504,806
30568,1505,807
30569,1506,805
30570,1505,805
30571,1506,805
30572,1504,805
30573,1506,807
30574,1506,806
30575,1506,805
30576,1504,797
30577,1506,804
30578,1504,851
30579,1504,805
30580,1506,805
30581,1506,804
30582,1505,807
30583,1505,805
30584,1506,805
30585,1504,805
30586,1505,805
30587,1506,804
30588,1506,807
30589,1504,805
30590,1506,806
30591,1506,805
30592,1504,805
30593,1505,805
30594,1504,807
30595,1506,805
30596,1506,805
30597,1505,805
30598,1504,807
30599,1504,806
30600,1506,807
30601,1506,805
30602,1504,805
30603,1505,806
30604,1504,805
30605,1506,806
30606,1504,805
30607,1506,805
30608,1504,805
30609,1504,805
30610,1504,805
30611,1504,807
30612,1505,805
30613,1506,805
30614,1504,805
30615,1506,805
30616,1506,805
30617,1504,807
30618,1504,805
30619,1506,805
30620,1505,805
30621,1504,806
30622,1505,806
30623,1504,805
30624,1504,807
30625,1504,805
30626,1504,805
30627,1506,805
30628,1505,806
30629,1505,805
30630,1504,805
30631,1506,805
30632,1505,804
30633,1506,805
30634,1504,807
30635,1505,805
30636,1505,807
30637,1504,806
30638,1504,807
30639,1506,807
30640,1506,808
30641,1504,805
30642,1506,805
30643,1505,805
30644,1504,807
30645,1506,805
30646,1504,806
30647,1504,807
30648,1506,805
30649,1505,805
30650,1506,805
30651,1504,805
30652,1506,805
30653,1506,805
30654,1506,807
30655,1504,807
30656,1506,806
30657,1504,805
30658,1504,807
30659,1504,804
30660,1504,805
30661,1506,804
30662,1506,806
30663,1504,805
30664,1506,806
30665,1504,806
30666,1506,807
30667,1504,806
30668,1504,805
30669,1504,806
30670,1504,805
30671,1504,805
30672,1506,806
30673,1506,807
30674,1504,806
30675,1505,807
30676,1506,805
30677,1504,805
30678,1504,805
30679,1504,803
30680,1505,805
30681,1504,805
30682,1504,805
30683,1504,804
30684,1505,805
30685,1504,805
30686,1505,803
30687,1506,804
30688,1504,805
30689,1504,806
30690,1505,805
30691,1505,804
30692,1506,803
30693,1507,805
30694,1506,805
30695,1504,805
30696,1504,804
30697,1506,804
30698,1505,805
30699,1506,804
30700,1506,803
30701,1506,807
30702,1505,806
30703,1506,805
30704,1506,806
30705,1506,805
30706,1505,806
30707,1505,805
30708,1506,805
30709,1505,807
30710,1506,804
30711,1505,805
30712,1506,805
30713,1506,806
30714,1505,806
30715,1506,805
30716,1506,805
30717,1506,805
30718,1504,806
30719,1505,806
30720,1504,805
30721,1506,807
30722,1504,805
30723,1506,805
30724,1506,807
30725,1504,806
30726,1504,805
30727,1506,806
30728,1504,805
30729,1506,805
30730,1504,805
30731,1504,806
30732,1505,806
30733,1504,805
30734,1504,805
30735,1505,806
30736,1505,807
30737,1506,805
30738,1505,806
30739,1505,807
30740,1505,805
30741,1506,806
30742,1506,806
30743,1504,806
30744,1504,806
30745,1506,805
30746,1504,806
30747,1505,807
30748,1506,805
30749,1504,805
30750,1504,805
30751,1504,805
30752,1505,807
30753,1506,806
30754,1505,805
30755,1504,807
30756,1505,807
30757,1506,807
30758,1504,805
30759,1505,805
30760,1505,807
30761,1505,807
30762,1506,805
30763,1506,806
30764,1505,807
30765,1504,805
30766,1504,805
30767,1504,806
30768,1505,806
30769,1505,806
30770,1505,807
30771,1506,805
30772,1504,805
30773,1504,807
30774,1506,805
30775,1506,807
30776,1504,805
30777,1506,805
30778,1504,806
30779,1506,805
30780,1506,806
30781,1504,805
30782,1506,806
30783,1506,807
30784,1504,805
30785,1504,805
30786,1504,806
30787,1504,804
30788,1504,805
30789,1504,806
30790,1505,806
30791,1505,805
30792,1506,805
30793,1504,804
30794,1505,805
30795,1504,805
30796,1505,805
30797,1505,805
30798,1504,805
30799,1505,805
30800,1506,805
30801,1505,807
30802,1504,807
30803,1506,806
30804,1505,805
30805,1505,806
30806,1504,807
30807,1506,805
30808,1506,803
30809,1504,805
30810,1505,806
30811,1504,807
30812,1506,807
30813,1504,806
30814,1504,804
30815,1504,806
30816,1506,803
30817,1504,807
30818,1505,805
30819,1505,807
30820,1506,807
30821,1504,807
30822,1504,805
30823,1505,805
30824,1504,805
30825,1505,805
30826,1504,805
30827,1504,805
30828,1505,805
30829,1505,805
30830,1505,804
30831,1506,805
30832,1505,805
30833,1506,807
30834,1504,807
30835,1506,807
30836,1505,805
30837,1505,806
30838,1506,807
30839,1504,805
30840,1504,806
30841,1504,805
30842,1504,807
30843,1504,805
30844,1504,805
30845,1504,808
30846,1505,805
30847,1505,805
30848,1504,805
30849,1504,807
30850,1505,805
30851,1504,805
30852,1504,806
30853,1505,806
30854,1506,809
30855,1505,805
30856,1505,806
30857,1506,806
30858,1504,805
30859,1505,804
30860,1506,805
30861,1506,805
30862,1505,807
30863,1504,807
30864,1504,807
30865,1504,805
30866,1506,805
30867,1505,807
30868,1504,807
30869,1506,805
30870,1505,805
30871,1506,805
30872,1504,805
30873,1505,805
30874,1505,806
30875,1504,805
30876,1504,805
30877,1505,803
30878,1505,805
30879,1505,806
30880,1506,806
30881,1505,806
30882,1506,807
30883,1504,805
30884,1504,805
30885,1504,807
30886,1504,805
30887,1504,805
30888,1505,806
30889,1504,805
30890,1506,805
30891,1505,805
30892,1505,805
30893,1504,805
30894,1506,807
30895,1506,804
30896,1506,804
30897,1505,805
30898,1504,805
30899,1506,807
30900,1507,804
30901,1505,804
30902,1505,807
30903,1506,805
30904,1505,805
30905,1505,805
30906,1506,805
30907,1505,805
30908,1506,805
30909,1505,805
30910,1506,805
30911,1504,805
30912,1504,805
30913,1504,805
30914,1505,807
30915,1504,806
30916,1504,805
30917,1504,805
30918,1505,805
30919,1506,807
30920,1506,806
30921,1506,805
30922,1504,807
30923,1505,805
30924,1506,805
30925,1504,805
30926,1504,805
30927,1504,806
30928,1504,805
30929,1504,805
30930,1506,806
30931,1505,807
30932,1504,807
30933,1506,806
30934,1504,805
30935,1506,807
30936,1504,808
30937,1506,805
30938,1505,806
30939,1504,805
30940,1506,804
30941,1504,807
30942,1506,804
30943,1504,804
30944,1506,807
30945,1505,805
30946,1504,807
30947,1504,804
30948,1506,807
30949,1504,805
30950,1504,807
30951,1504,806
30952,1504,806
30953,1505,805
30954,1506,807
30955,1504,806
30956,1504,807
30957,1506,805
30958,1506,805
30959,1504,806
30960,1506,806
30961,1505,807
30962,1504,806
30963,1505,806
30964,1505,805
30965,1505,805
30966,1504,807
30967,1504,806
30968,1506,805
30969,1505,805
30970,1505,807
30971,1504,807
30972,1504,807
30973,1504,803
30974,1504,804
30975,1504,807
30976,1504,806
30977,1504,806
30978,1506,807
30979,1505,807
30980,1505,805
30981,1504,807
30982,1506,805
30983,1506,805
30984,1504,806
30985,1504,807
30986,1506,805
30987,1507,805
30988,1506,807
30989,1506,805
30990,1504,805
30991,1506,805
30992,1506,805
30993,1506,805
30994,1505,805
30995,1506,804
30996,1504,805
30997,1505,803
30998,1506,805
30999,1506,805
31000,1506,805
31001,1504,804
31002,1506,805
31003,1504,807
31004,1505,807
31005,1505,805
31006,1506,805
31007,1506,805
31008,1506,805
31009,1504,804
31010,1504,804
31011,1504,805
31012,1504,805
31013,1504,805
31014,1504,806
31015,1506,805
31016,1506,805
31017,1504,806
31018,1505,805
31019,1505,805
31020,1504,806
31021,1506,805
31022,1506,806
31023,1506,805
31024,1505,805
31025,1504,805
31026,1504,805
31027,1504,806
31028,1504,806
31029,1504,807
31030,1505,804
31031,1506,804
31032,1505,804
31033,1504,804
31034,1504,805
31035,1505,799
31036,1504,805
31037,1504,805
31038,1504,805
31039,1504,807
31040,1506,804
31041,1504,805
31042,1504,807
31043,1505,807
31044,1504,806
31045,1504,805
31046,1505,805
31047,1504,805
31048,1504,807
31049,1504,805
31050,1504,807
31051,1505,806
31052,1504,805
31053,1504,805
31054,1506,806
31055,1505,807
31056,1504,806
31057,1504,806
31058,1504,807
31059,1506,807
31060,1504,806
31061,1506,806
31062,1504,806
31063,1505,805
31064,1506,805
31065,1506,807
31066,1506,805
31067,1505,807
31068,1506,807
31069,1504,805
31070,1505,807
31071,1506,805
31072,1504,805
31073,1504,806
31074,1504,807
31075,1506,805
31076,1506,805
31077,1505,805
31078,1504,805
31079,1504,805
31080,1504,803
31081,1506,805
31082,1506,804
31083,1505,807
31084,1507,804
31085,1504,805
31086,1504,805
31087,1504,805
31088,1504,807
31089,1505,807
31090,1506,807
31091,1504,805
31092,1504,806
31093,1504,806
31094,1505,806
31095,1506,805
31096,1505,807
31097,1505,805
31098,1505,806
31099,1504,806
31100,1504,805
31101,1507,806
31102,1504,807
31103,1504,807
31104,1506,807
31105,1505,806
31106,1506,806
31107,1504,805
31108,1504,806
31109,1506,807
31110,1507,806
31111,1506,807
31112,1505,806
31113,1505,805
31114,1505,806
31115,1505,805
31116,1506,806
31117,1506,805
31118,1506,807
31119,1506,805
31120,1506,805
31121,1505,804
31122,1504,806
31123,1506,805
31124,1504,807
31125,1504,805
31126,1506,807
31127,1506,805
31128,1506,805
31129,1506,805
31130,1506,806
31131,1505,807
31132,1506,805
31133,1504,805
31134,1506,807
31135,1505,806
31136,1504,806
31137,1506,804
31138,1506,805
31139,1504,807
31140,1504,805
31141,1504,805
31142,1506,805
31143,1504,807
31144,1505,806
31145,1506,806
31146,1504,805
31147,1504,805
31148,1504,805
31149,1504,807
31150,1505,807
31151,1505,805
31152,1505,805
31153,1504,807
31154,1504,806
31155,1504,807
31156,1506,807
31157,1505,806
31158,1504,805
31159,1506,807
31160,1507,807
31161,1505,805
31162,1504,805
31163,1506,807
31164,1505,805
31165,1505,806
31166,1504,807
31167,1506,805
31168,1504,805
31169,1505,805
31170,1504,804
31171,1506,807
31172,1504,805
31173,1506,806
31174,1504,806
31175,1504,805
31176,1505,805
31177,1504,805
31178,1504,805
31179,1506,804
31180,1505,805
31181,1504,804
31182,1506,807
31183,1506,805
31184,1505,805
31185,1506,805
31186,1505,805
31187,1504,805
31188,1504,805
31189,1504,807
31190,1505,805
31191,1504,805
31192,1504,805
31193,1505,805
31194,1504,805
31195,1504,805
31196,1505,804
31197,1504,805
31198,1506,806
31199,1505,805
31200,1506,804
31201,1504,807
31202,1504,803
31203,1505,805
31204,1504,805
31205,1506,805
31206,1504,807
31207,1505,805
31208,1505,805
31209,1506,805
31210,1506,806
31211,1504,805
31212,1506,807
31213,1504,805
31214,1504,807
31215,1506,805
31216,1504,806
31217,1505,807
31218,1506,807
31219,1504,805
31220,1505,806
31221,1504,805
31222,1505,805
31223,1504,807
31224,1506,806
31225,1504,805
31226,1505,805
31227,1504,806
31228,1504,805
31229,1504,805
31230,1506,807
31231,1505,805
31232,1504,805
31233,1505,806
31234,1504,806
31235,1504,808
31236,1506,806
31237,1504,806
31238,1506,805
31239,1506,806
31240,1506,805
31241,1506,805
31242,1504,805
31243,1506,805
31244,1504,805
31245,1506,806
31246,1505,807
31247,1506,806
31248,1504,805
31249,1505,807
31250,1506,807
31251,1506,805
31252,1505,808
31253,1504,805
31254,1505,805
31255,1505,805
31256,1504,805
31257,1504,805
31258,1506,805
31259,1506,806
31260,1506,805
31261,1504,807
31262,1505,807
31263,1504,805
31264,1506,807
31265,1504,806
31266,1504,807
31267,1504,807
31268,1506,805
31269,1506,805
31270,1504,805
31271,1506,806
31272,1505,807
31273,1506,806
31274,1505,805
31275,1506,805
31276,1506,806
31277,1506,805
31278,1506,805
31279,1505,806
31280,1506,805
31281,1505,807
31282,1505,806
31283,1506,805
31284,1505,807
31285,1506,807
31286,1505,807
31287,1504,805
31288,1504,806
31289,1504,805
31290,1506,804
31291,1506,805
31292,1504,804
31293,1506,805
31294,1506,805
31295,1505,805
31296,1504,807
31297,1504,805
31298,1506,805
31299,1504,804
31300,1505,805
31301,1504,805
31302,1506,805
31303,1506,805
31304,1505,807
31305,1504,806
31306,1504,805
31307,1504,805
31308,1506,805
31309,1506,805
31310,1506,807
31311,1505,808
31312,1505,806
31313,1505,805
31314,1504,805
31315,1506,807
31316,1505,805
31317,1505,805
31318,1504,806
31319,1505,806
31320,1505,807
31321,1506,807
31322,1504,807
31323,1504,807
31324,1506,805
31325,1504,805
31326,1504,805
31327,1506,807
31328,1505,806
31329,1506,805
31330,1505,807
31331,1504,806
31332,1504,806
31333,1504,806
31334,1504,805
31335,1504,805
31336,1504,806
31337,1505,807
31338,1504,805
31339,1506,807
31340,1505,805
31341,1504,805
31342,1504,807
31343,1506,807
31344,1506,805
31345,1505,807
31346,1506,806
31347,1504,807
31348,1506,804
31349,1504,805
31350,1504,805
31351,1505,807
31352,1504,807
31353,1504,807
31354,1504,806
31355,1504,807
31356,1504,805
31357,1504,805
31358,1504,807
31359,1504,806
31360,1505,807
31361,1504,807
31362,1505,807
31363,1506,805
31364,1506,807
31365,1504,805
31366,1504,806
31367,1506,807
31368,1504,805
31369,1504,807
31370,1505,806
31371,1504,805
31372,1504,807
31373,1504,806
31374,1506,807
31375,1504,806
31376,1505,807
31377,1505,807
31378,1504,806
31379,1504,807
31380,1504,805
31381,1505,806
31382,1504,805
31383,1504,807
31384,1504,807
31385,1504,805
31386,1506,805
31387,1505,806
31388,1505,807
31389,1504,807
31390,1504,805
31391,1505,805
31392,1505,804
31393,1505,806
31394,1504,805
31395,1504,805
31396,1504,805
31397,1506,805
31398,1505,805
31399,1506,805
31400,1504,805
31401,1506,807
31402,1504,806
31403,1506,807
31404,1504,805
31405,1506,805
31406,1504,805
31407,1504,805
31408,1506,807
31409,1504,807
31410,1504,806
31411,1504,806
31412,1506,807
31413,1505,805
31414,1504,807
31415,1504,804
31416,1506,805
31417,1506,804
31418,1506,806
31419,1505,805
31420,1504,806
31421,1504,805
31422,1504,808
31423,1504,807
31424,1505,807
31425,1505,806
31426,1505,807
31427,1506,806
31428,1504,806
31429,1505,806
31430,1506,807
31431,1504,807
31432,1504,805
31433,1506,805
31434,1506,805
31435,1504,807
31436,1505,807
31437,1504,805
31438,1505,804
31439,1504,805
31440,1504,806
31441,1505,807
31442,1504,806
31443,1505,805
31444,1506,807
31445,1504,804
31446,1504,805
31447,1506,807
31448,1506,805
31449,1505,807
31450,1505,806
31451,1504,809
31452,1505,805
31453,1504,806
31454,1504,806
31455,1506,807
31456,1506,807
31457,1505,805
31458,1506,806
31459,1505,805
31460,1506,806
31461,1506,808
31462,1505,807
31463,1506,807
31464,1506,805
31465,1506,806
31466,1505,805
31467,1506,805
31468,1504,805
31469,1506,805
31470,1506,806
31471,1504,807
31472,1505,807
31473,1506,805
31474,1504,805
31475,1506,805
31476,1504,807
31477,1506,805
31478,1504,807
31479,1506,807
31480,1506,807
31481,1504,807
31482,1506,808
31483,1506,805
31484,1505,805
31485,1506,805
31486,1506,805
31487,1505,805
31488,1506,807
31489,1505,805
31490,1506,805
31491,1506,805
31492,1506,804
31493,1505,805
31494,1506,805
31495,1506,805
31496,1506,804
31497,1506,804
31498,1504,805
31499,1505,806
31500,1505,805
31501,1505,805
31502,1504,807
31503,1506,805
31504,1506,807
31505,1506,805
31506,1506,805
31507,1504,807
31508,1504,805
31509,1506,805
31510,1505,806
31511,1506,805
31512,1504,806
31513,1504,806
31514,1506,806
31515,1505,807
31516,1506,807
31517,1506,805
31518,1506,805
31519,1504,805
31520,1505,807
31521,1506,805
31522,1506,807
31523,1504,805
31524,1505,805
31525,1504,805
31526,1506,806
31527,1504,806
31528,1506,805
31529,1505,804
31530,1505,805
31531,1506,807
31532,1506,804
31533,1506,805
31534,1506,804
31535,1505,805
31536,1506,805
31537,1506,804
31538,1505,805
31539,1505,807
31540,1505,804
31541,1505,805
31542,1505,805
31543,1504,807
31544,1505,807
31545,1504,806
31546,1504,807
31547,1504,806
31548,1506,806
31549,1505,804
31550,1505,806
31551,1506,805
31552,1506,806
31553,1505,806
31554,1505,807
31555,1506,806
31556,1505,806
31557,1506,807
31558,1506,805
31559,1506,807
31560,1504,807
31561,1506,805
31562,1505,805
31563,1505,805
31564,1506,805
31565,1506,805
31566,1504,803
31567,1506,807
31568,1506,806
31569,1506,805
31570,1506,806
31571,1506,805
31572,1505,807
31573,1506,806
31574,1506,807
31575,1506,807
31576,1506,805
31577,1506,805
31578,1506,804
31579,1506,805
31580,1506,806
31581,1506,805
31582,1506,805
31583,1506,803
31584,1507,805
31585,1506,805
31586,1505,805
31587,1506,804
31588,1505,807
31589,1506,806
31590,1506,807
31591,1505,805
31592,1506,805
31593,1506,806
31594,1506,806
31595,1506,807
31596,1506,805
31597,1506,805
31598,1506,807
31599,1506,804
31600,1504,806
31601,1506,805
31602,1506,806
31603,1506,806
31604,1506,807
31605,1506,807
31606,1506,807
31607,1507,806
31608,1506,805
31609,1505,807
31610,1506,808
31611,1506,805
31612,1507,806
31613,1505,807
31614,1506,805
31615,1506,807
31616,1506,806
31617,1506,809
31618,1507,806
31619,1506,806
31620,1505,806
31621,1505,806
31622,1506,803
31623,1504,805
31624,1505,805
31625,1506,807
31626,1506,807
31627,1504,805
31628,1504,806
31629,1506,807
31630,1506,805
31631,1506,805
31632,1504,804
31633,1506,807
31634,1505,807
31635,1504,803
31636,1506,805
31637,1506,806
31638,1506,805
31639,1506,805
31640,1505,807
31641,1506,805
31642,1506,805
31643,1506,806
31644,1505,805
31645,1506,806
31646,1505,805
31647,1505,805
31648,1506,805
31649,1506,806
31650,1505,806
31651,1506,807
31652,1504,807
31653,1506,806
31654,1506,805
31655,1504,805
31656,1506,805
31657,1504,806
31658,1505,806
31659,1506,805
31660,1505,807
31661,1506,805
31662,1506,807
31663,1506,806
31664,1505,805
31665,1504,806
31666,1505,805
31667,1506,806
31668,1506,807
31669,1506,805
31670,1506,806
31671,1505,805
31672,1505,805
31673,1507,804
31674,1506,805
31675,1505,806
31676,1504,805
31677,1506,805
31678,1506,805
31679,1506,805
31680,1504,804
31681,1506,805
31682,1504,804
31683,1506,805
31684,1506,805
31685,1507,805
31686,1506,813
31687,1504,805
31688,1504,814
31689,1504,797
31690,1507,800
31691,1504,811
31692,1507,811
31693,1505,807
31694,1505,805
31695,1506,805
31696,1504,806
31697,1504,804
31698,1506,805
31699,1504,804
31700,1505,806
31701,1506,805
31702,1506,807
31703,1505,805
31704,1506,805
31705,1507,805
31706,1506,807
31707,1504,807
31708,1504,805
31709,1506,807
31710,1504,807
31711,1506,805
31712,1506,804
31713,1506,807
31714,1506,806
31715,1506,805
31716,1505,805
31717,1506,807
31718,1506,805
31719,1506,805
31720,1506,806
31721,1506,807
31722,1506,807
31723,1506,807
31724,1506,806
31725,1505,805
31726,1504,805
31727,1505,807
31728,1506,803
31729,1506,807
31730,1505,806
31731,1506,807
31732,1506,805
31733,1504,805
31734,1506,806
31735,1506,807
31736,1505,806
31737,1506,807
31738,1506,805
31739,1506,806
31740,1506,806
31741,1505,806
31742,1506,807
31743,1506,806
31744,1504,806
31745,1505,805
31746,1506,807
31747,1506,805
31748,1505,806
31749,1504,805
31750,1506,806
31751,1506,806
31752,1504,807
31753,1506,805
31754,1506,805
31755,1506,807
31756,1506,805
31757,1505,806
31758,1506,806
31759,1505,805
31760,1506,807
31761,1505,806
31762,1504,805
31763,1506,807
31764,1506,806
31765,1507,805
31766,1506,807
31767,1506,807
31768,1505,805
31769,1506,805
31770,1505,806
31771,1506,807
31772,1506,806
31773,1506,805
31774,1506,807
31775,1506,806
31776,1504,806
31777,1505,805
31778,1506,806
31779,1504,805
31780,1505,805
31781,1506,805
31782,1506,807
31783,1506,805
31784,1506,806
31785,1506,805
31786,1506,806
31787,1506,806
31788,1506,806
31789,1506,806
31790,1506,805
31791,1506,804
31792,1505,807
31793,1506,805
31794,1506,806
31795,1504,805
31796,1506,805
31797,1506,805
31798,1506,805
31799,1505,804
31800,1506,805
31801,1506,805
31802,1506,803
31803,1505,805
31804,1506,804
31805,1506,805
31806,1505,806
31807,1506,807
31808,1504,807
31809,1506,805
31810,1506,805
31811,1505,807
31812,1505,805
31813,1506,806
31814,1504,805
31815,1506,807
31816,1504,807
31817,1504,805
31818,1504,805
31819,1504,805
31820,1505,805
31821,1505,807
31822,1504,807
31823,1504,805
31824,1506,807
31825,1505,806
31826,1505,807
31827,1505,805
31828,1506,807
31829,1504,805
31830,1504,806
31831,1506,805
31832,1505,807
31833,1506,805
31834,1507,806
31835,1505,805
31836,1504,806
31837,1506,804
31838,1506,805
31839,1506,807
31840,1506,805
31841,1506,807
31842,1505,805
31843,1507,805
31844,1506,805
31845,1506,806
31846,1504,805
31847,1505,807
31848,1505,807
31849,1505,807
31850,1506,807
31851,1506,805
31852,1506,807
31853,1506,807
31854,1505,807
31855,1504,807
31856,1505,805
31857,1506,805
31858,1505,806
31859,1504,805
31860,1506,805
31861,1504,805
31862,1506,807
31863,1505,806
31864,1506,805
31865,1506,807
31866,1506,807
31867,1506,806
31868,1504,806
31869,1506,807
31870,1504,805
31871,1506,805
31872,1505,804
31873,1506,805
31874,1506,805
31875,1504,805
31876,1505,805
31877,1506,806
31878,1506,805
31879,1504,805
31880,1505,807
31881,1505,808
31882,1506,807
31883,1506,807
31884,1506,806
31885,1504,806
31886,1505,806
31887,1504,806
31888,1504,805
31889,1506,805
31890,1505,806
31891,1504,805
31892,1504,808
31893,1506,807
31894,1505,805
31895,1504,805
31896,1505,805
31897,1506,805
31898,1506,805
31899,1505,803
31900,1506,805
31901,1506,805
31902,1504,805
31903,1506,805
31904,1506,804
31905,1504,804
31906,1506,805
31907,1505,807
31908,1506,805
31909,1505,806
31910,1506,806
31911,1504,805
31912,1506,807
31913,1506,805
31914,1504,807
31915,1506,806
31916,1505,807
31917,1506,805
31918,1506,805
31919,1504,805
31920,1504,805
31921,1504,805
31922,1504,806
31923,1506,807
31924,1504,807
31925,1506,807
31926,1506,807
31927,1504,807
31928,1506,806
31929,1507,807
31930,1505,806
31931,1506,805
31932,1506,807
31933,1505,805
31934,1506,807
31935,1506,804
31936,1505,805
31937,1506,807
31938,1506,807
31939,1506,807
31940,1504,807
31941,1504,805
31942,1506,805
31943,1506,805
31944,1506,805
31945,1506,806
31946,1504,805
31947,1505,807
31948,1506,805
31949,1504,805
31950,1504,807
31951,1506,805
31952,1506,805
31953,1504,806
31954,1506,804
31955,1506,806
31956,1504,806
31957,1504,806
31958,1504,805
31959,1504,807
31960,1504,805
31961,1505,807
31962,1506,806
31963,1505,807
31964,1504,807
31965,1505,807
31966,1506,806
31967,1505,805
31968,1506,805
31969,1506,806
31970,1504,807
31971,1506,807
31972,1506,807
31973,1505,806
31974,1504,806
31975,1506,806
31976,1504,807
31977,1506,806
31978,1506,805
31979,1506,805
31980,1506,806
31981,1505,806
31982,1505,805
31983,1504,805
31984,1506,806
31985,1506,806
31986,1504,807
31987,1505,804
31988,1506,805
31989,1504,805
31990,1504,805
31991,1505,807
31992,1504,807
31993,1505,804
31994,1505,805
31995,1506,805
31996,1505,805
31997,1506,805
31998,1504,806
31999,1504,804
32000,1505,806
32001,1506,805
32002,1505,805
32003,1506,805
32004,1505,805
32005,1504,805
32006,1505,807
32007,1506,804
32008,1506,805
32009,1505,806
32010,1504,806
32011,1505,805
32012,1506,806
32013,1504,805
32014,1504,806
32015,1506,806
32016,1506,805
32017,1506,805
32018,1505,805
32019,1506,807
32020,1506,805
32021,1506,806
32022,1504,805
32023,1505,805
32024,1506,807
32025,1506,804
32026,1506,805
32027,1504,805
32028,1505,807
32029,1504,805
32030,1506,806
32031,1506,805
32032,1505,803
32033,1505,805
32034,1506,805
32035,1504,806
32036,1505,805
32037,1506,803
32038,1505,805
32039,1506,805
32040,1505,805
32041,1505,805
32042,1506,807
32043,1506,805
32044,1504,805
32045,1505,805
32046,1506,805
32047,1505,806
32048,1506,806
32049,1506,805
32050,1504,806
32051,1504,807
32052,1504,805
32053,1504,807
32054,1506,805
32055,1506,805
32056,1506,807
32057,1506,805
32058,1505,805
32059,1504,807
32060,1504,805
32061,1506,805
32062,1506,805
32063,1505,807
32064,1505,807
32065,1506,805
32066,1504,807
32067,1505,805
32068,1505,805
32069,1506,807
32070,1506,804
32071,1504,807
32072,1506,805
32073,1505,805
32074,1505,808
32075,1506,807
32076,1505,806
32077,1504,805
32078,1506,804
32079,1506,804
32080,1506,805
32081,1504,805
32082,1505,805
32083,1504,805
32084,1505,805
32085,1504,805
32086,1505,804
32087,1506,805
32088,1507,805
32089,1506,807
32090,1504,806
32091,1506,806
32092,1505,805
32093,1506,805
32094,1506,805
32095,1506,807
32096,1504,805
32097,1505,806
32098,1506,805
32099,1504,807
32100,1506,807
32101,1506,805
32102,1505,806
32103,1506,807
32104,1504,806
32105,1506,806
32106,1505,806
32107,1506,806
32108,1506,805
32109,1506,805
32110,1506,805
32111,1505,807
32112,1504,805
32113,1506,807
32114,1505,807
32115,1505,807
32116,1505,807
32117,1506,805
32118,1505,807
32119,1506,807
32120,1506,807
32121,1506,805
32122,1506,807
32123,1506,806
32124,1506,805
32125,1504,803
32126,1506,805
32127,1506,807
32128,1506,805
32129,1505,806
32130,1506,805
32131,1506,805
32132,1504,805
32133,1506,805
32134,1506,806
32135,1504,806
32136,1504,805
32137,1506,805
32138,1506,805
32139,1505,806
32140,1504,807
32141,1506,807
32142,1506,805
32143,1504,805
32144,1506,805
32145,1504,805
32146,1506,807
32147,1505,807
32148,1506,805
32149,1505,805
32150,1506,807
32151,1506,806
32152,1506,805
32153,1505,807
32154,1504,807
32155,1506,809
32156,1504,806
32157,1506,805
32158,1506,806
32159,1505,806
32160,1505,805
32161,1504,806
32162,1506,805
32163,1506,805
32164,1504,805
32165,1506,807
32166,1506,807
32167,1504,807
32168,1506,805
32169,1505,805
32170,1505,807
32171,1504,805
32172,1504,805
32173,1506,807
32174,1505,806
32175,1506,807
32176,1506,805
32177,1506,805
32178,1506,805
32179,1507,805
32180,1504,803
32181,1504,804
32182,1506,807
32183,1506,805
32184,1506,804
32185,1504,806
32186,1505,805
32187,1504,805
32188,1504,805
32189,1506,831
32190,1505,805
32191,1506,805
32192,1504,805
32193,1505,805
32194,1505,805
32195,1505,805
32196,1505,805
32197,1506,805
32198,1504,805
32199,1504,805
32200,1506,805
32201,1505,807
32202,1505,807
32203,1504,805
32204,1506,807
32205,1504,807
32206,1506,807
32207,1505,806
32208,1504,807
32209,1504,806
32210,1504,807
32211,1505,805
32212,1505,805
32213,1506,805
32214,1504,807
32215,1506,805
32216,1505,805
32217,1505,806
32218,1506,807
32219,1505,807
32220,1504,806
32221,1505,807
32222,1506,807
32223,1504,807
32224,1506,805
32225,1504,804
32226,1506,807
32227,1506,807
32228,1506,805
32229,1506,805
32230,1506,806
32231,1505,807
32232,1505,807
32233,1506,807
32234,1504,805
32235,1504,807
32236,1506,805
32237,1506,806
32238,1506,809
32239,1506,807
32240,1506,807
32241,1505,806
32242,1506,806
32243,1504,807
32244,1504,809
32245,1504,804
32246,1506,807
32247,1505,808
32248,1506,807
32249,1504,807
32250,1505,805
32251,1506,806
32252,1505,804
32253,1504,807
32254,1506,806
32255,1506,807
32256,1506,807
32257,1504,808
32258,1506,806
32259,1504,805
32260,1504,806
32261,1504,805
32262,1505,807
32263,1504,807
32264,1505,807
32265,1506,807
32266,1505,807
32267,1505,805
32268,1504,806
32269,1506,807
32270,1504,807
32271,1506,805
32272,1504,805
32273,1506,805
32274,1506,807
32275,1505,807
32276,1506,807
32277,1506,807
32278,1506,807
32279,1506,807
32280,1506,805
32281,1504,807
32282,1506,806
32283,1506,808
32284,1507,807
32285,1505,805
32286,1506,806
32287,1504,807
32288,1504,807
32289,1505,807
32290,1506,807
32291,1505,805
32292,1504,805
32293,1505,805
32294,1506,805
32295,1505,807
32296,1505,805
32297,1506,806
32298,1506,805
32299,1506,807
32300,1506,806
32301,1504,807
32302,1504,807
32303,1505,807
32304,1504,807
32305,1506,808
32306,1506,807
32307,1506,807
32308,1504,807
32309,1506,807
32310,1506,807
32311,1505,806
32312,1504,806
32313,1506,808
32314,1506,807
32315,1504,807
32316,1505,807
32317,1505,806
32318,1504,807
32319,1504,807
32320,1506,806
32321,1504,807
32322,1506,807
32323,1506,808
32324,1504,807
32325,1506,807
32326,1506,807
32327,1505,807
32328,1506,807
32329,1504,807
32330,1504,807
32331,1506,807
32332,1506,806
32333,1506,806
32334,1506,809
32335,1506,806
32336,1504,807
32337,1504,807
32338,1506,807
32339,1505,807
32340,1506,805
32341,1504,807
32342,1504,807
32343,1505,806
32344,1504,805
32345,1505,807
32346,1505,807
32347,1504,807
32348,1504,807
32349,1504,807
32350,1504,808
32351,1504,805
32352,1504,807
32353,1505,807
32354,1504,807
32355,1504,807
32356,1506,807
32357,1504,807
32358,1504,807
32359,1505,807
32360,1504,805
32361,1506,807
32362,1504,807
32363,1505,807
32364,1504,807
32365,1504,807
32366,1504,805
32367,1506,807
32368,1504,807
32369,1504,807
32370,1504,807
32371,1505,807
32372,1505,807
32373,1506,807
32374,1506,807
32375,1505,807
32376,1506,807
32377,1506,805
32378,1505,805
32379,1505,807
32380,1504,806
32381,1506,807
32382,1505,807
32383,1506,807
32384,1504,806
32385,1506,807
32386,1506,807
32387,1505,808
32388,1504,807
32389,1504,807
32390,1506,805
32391,1504,805
32392,1506,805
32393,1504,807
32394,1506,805
32395,1505,805
32396,1506,806
32397,1506,807
32398,1505,804
32399,1506,805
32400,1506,804
32401,1505,807
32402,1505,807
32403,1505,807
32404,1506,807
32405,1504,807
32406,1504,807
32407,1506,806
32408,1504,805
32409,1505,807
32410,1505,805
32411,1505,807
32412,1506,807
32413,1505,807
32414,1505,807
32415,1504,805
32416,1504,807
32417,1505,805
32418,1504,807
32419,1504,807
32420,1504,807
32421,1506,807
32422,1506,809
32423,1506,807
32424,1504,807
32425,1504,807
32426,1506,805
32427,1506,807
32428,1506,809
32429,1506,807
32430,1505,805
32431,1506,807
32432,1505,807
32433,1506,807
32434,1506,806
32435,1504,807
32436,1505,807
32437,1504,807
32438,1506,805
32439,1506,806
32440,1506,807
32441,1506,805
32442,1504,804
32443,1506,807
32444,1504,807
32445,1504,805
32446,1506,807
32447,1504,805
32448,1504,807
32449,1504,807
32450,1505,806
32451,1506,807
32452,1505,807
32453,1506,807
32454,1504,807
32455,1504,807
32456,1506,807
32457,1506,807
32458,1505,805
32459,1505,805
32460,1504,806
32461,1506,807
32462,1504,807
32463,1505,807
32464,1504,807
32465,1506,807
32466,1505,807
32467,1504,807
32468,1504,807
32469,1504,808
32470,1506,807
32471,1505,808
32472,1506,806
32473,1505,807
32474,1505,807
32475,1506,807
32476,1504,808
32477,1506,807
32478,1506,808
32479,1506,808
32480,1506,807
32481,1505,807
32482,1506,807
32483,1505,807
32484,1505,807
32485,1506,805
32486,1506,807
32487,1506,807
32488,1506,808
32489,1506,807
32490,1505,805
32491,1505,807
32492,1504,807
32493,1504,807
32494,1506,807
32495,1505,807
32496,1504,807
32497,1504,807
32498,1504,807
32499,1506,807
32500,1505,807
32501,1504,809
32502,1504,807
32503,1505,806
32504,1506,807
32505,1506,809
32506,1505,805
32507,1504,808
32508,1504,807
32509,1506,808
32510,1506,807
32511,1506,809
32512,1506,807
32513,1504,808
32514,1506,807
32515,1506,806
32516,1505,809
32517,1504,807
32518,1504,807
32519,1504,807
32520,1506,809
32521,1506,807
32522,1506,807
32523,1505,807
32524,1506,809
32525,1506,809
32526,1506,808
32527,1505,808
32528,1506,807
32529,1506,809
32530,1506,807
32531,1504,807
32532,1505,807
32533,1505,807
32534,1505,807
32535,1504,808
32536,1504,807
32537,1505,807
32538,1504,806
32539,1506,808
32540,1505,806
32541,1504,808
32542,1504,807
32543,1504,807
32544,1506,809
32545,1504,807
32546,1504,807
32547,1505,808
32548,1506,808
32549,1505,807
32550,1504,809
32551,1505,807
32552,1505,807
32553,1506,808
32554,1505,808
32555,1505,807
32556,1506,808
32557,1504,808
32558,1506,807
32559,1504,808
32560,1504,808
32561,1505,808
32562,1505,809
32563,1504,809
32564,1505,809
32565,1504,808
32566,1506,807
32567,1506,808
32568,1506,809
32569,1506,808
32570,1505,809
32571,1504,807
32572,1505,808
32573,1506,807
32574,1506,808
32575,1506,809
32576,1505,807
32577,1505,807
32578,1506,807
32579,1506,807
32580,1506,806
32581,1506,807
32582,1505,808
32583,1506,806
32584,1504,807
32585,1505,807
32586,1505,808
32587,1506,807
32588,1504,808
32589,1506,807
32590,1504,807
32591,1504,809
32592,1506,808
32593,1505,808
32594,1504,809
32595,1506,808
32596,1505,807
32597,1505,808
32598,1504,809
32599,1506,807
32600,1505,809
32601,1504,808
32602,1500,808
32603,1504,808
32604,1505,807
32605,1504,809
32606,1504,807
32607,1504,809
32608,1504,808
32609,1504,807
32610,1504,808
32611,1504,809
32612,1504,809
32613,1504,807
32614,1506,809
32615,1504,809
32616,1506,807
32617,1506,809
32618,1506,809
32619,1500,807
32620,1504,807
32621,1504,808
32622,1504,807
32623,1506,809
32624,1506,807
32625,1505,808
32626,1504,809
32627,1505,809
32628,1505,808
32629,1506,808
32630,1504,809
32631,1506,808
32632,1505,807
32633,1505,808
32634,1506,808
32635,1506,807
32636,1505,809
32637,1505,809
32638,1504,807
32639,1506,808
32640,1506,807
32641,1505,809
32642,1505,807
32643,1505,809
32644,1504,809
32645,1506,807
32646,1506,808
32647,1504,809
32648,1505,809
32649,1504,809
32650,1504,807
32651,1504,808
32652,1506,808
32653,1506,808
32654,1506,808
32655,1504,809
32656,1504,808
32657,1506,809
32658,1504,809
32659,1504,809
32660,1506,809
32661,1506,807
32662,1504,809
32663,1504,807
32664,1504,808
32665,1507,808
32666,1506,809
32667,1504,808
32668,1504,808
32669,1504,809
32670,1504,807
32671,1504,808
32672,1504,809
32673,1504,808
32674,1504,808
32675,1504,809
32676,1506,807
32677,1505,808
32678,1504,807
32679,1504,808
32680,1505,807
32681,1504,807
32682,1505,807
32683,1505,807
32684,1506,807
32685,1506,807
32686,1505,807
32687,1504,807
32688,1504,809
32689,1505,808
32690,1506,808
32691,1504,808
32692,1506,807
32693,1506,807
32694,1505,807
32695,1506,807
32696,1506,807
32697,1506,807
32698,1506,807
32699,1506,807
32700,1504,807
32701,1504,808
32702,1506,809
32703,1504,809
32704,1504,807
32705,1505,808
32706,1506,809
32707,1505,807
32708,1506,809
32709,1505,809
32710,1506,808
32711,1506,808
32712,1504,808
32713,1505,807
32714,1504,809
32715,1504,807
32716,1504,809
32717,1506,809
32718,1506,808
32719,1505,807
32720,1506,807
32721,1504,808
32722,1505,807
32723,1505,809
32724,1506,809
32725,1505,807
32726,1506,807
32727,1504,808
32728,1504,807
32729,1504,808
32730,1505,809
32731,1504,808
32732,1506,809
32733,1504,807
32734,1506,809
32735,1505,808
32736,1505,809
32737,1504,809
32738,1506,809
32739,1506,809
32740,1504,807
32741,1506,808
32742,1504,809
32743,1504,808
32744,1504,809
32745,1504,809
32746,1504,808
32747,1504,809
32748,1506,808
32749,1506,809
32750,1506,808
32751,1505,809
32752,1506,808
32753,1504,808
32754,1506,808
32755,1504,809
32756,1504,809
32757,1504,809
32758,1505,807
32759,1504,808
32760,1506,807
32761,1506,809
32762,1505,808
32763,1504,809
32764,1505,807
32765,1504,808
32766,1504,809
32767,1505,808
32768,1505,809
32769,1505,809
32770,1505,809
32771,1504,808
32772,1505,809
32773,1506,809
32774,1504,809
32775,1506,809
32776,1504,807
32777,1506,809
32778,1505,809
32779,1504,809
32780,1505,808
32781,1505,809
32782,1504,807
32783,1505,808
32784,1504,809
32785,1505,809
32786,1505,809
32787,1505,808
32788,1505,807
32789,1505,793
32790,1505,807
32791,1506,807
32792,1504,807
32793,1506,807
32794,1504,805
32795,1506,807
32796,1505,807
32797,1504,807
32798,1506,807
32799,1505,807
32800,1505,807
32801,1504,807
32802,1506,809
32803,1506,809
32804,1504,808
32805,1505,809
32806,1504,807
32807,1504,808
32808,1504,809
32809,1506,808
32810,1506,808
32811,1506,809
32812,1506,808
32813,1506,808
32814,1506,807
32815,1504,809
32816,1506,809
32817,1505,809
32818,1504,809
32819,1504,807
32820,1506,809
32821,1505,808
32822,1506,808
32823,1505,808
32824,1504,808
32825,1505,807
32826,1505,808
32827,1505,807
32828,1505,807
32829,1505,808
32830,1506,809
32831,1504,807
32832,1507,807
32833,1505,807
32834,1504,808
32835,1504,807
32836,1505,807
32837,1506,807
32838,1506,809
32839,1505,809
32840,1506,808
32841,1506,808
32842,1504,809
32843,1506,808
32844,1505,809
32845,1506,809
32846,1506,809
32847,1505,807
32848,1505,809
32849,1505,809
32850,1505,808
32851,1504,808
32852,1506,808
32853,1504,809
32854,1504,809
32855,1504,807
32856,1504,809
32857,1504,808
32858,1504,807
32859,1506,807
32860,1505,808
32861,1506,809
32862,1504,809
32863,1504,808
32864,1506,808
32865,1505,809
32866,1504,809
32867,1504,809
32868,1505,809
32869,1505,809
32870,1505,807
32871,1504,809
32872,1506,807
32873,1505,808
32874,1504,809
32875,1505,809
32876,1505,809
32877,1506,809
32878,1505,807
32879,1506,809
32880,1506,808
32881,1504,809
32882,1504,807
32883,1506,807
32884,1506,808
32885,1505,809
32886,1504,808
32887,1505,808
32888,1506,810
32889,1505,807
32890,1504,803
32891,1505,807
32892,1505,807
32893,1506,807
32894,1506,807
32895,1505,807
32896,1505,807
32897,1505,808
32898,1505,807
32899,1506,807
32900,1505,807
32901,1504,809
32902,1504,809
32903,1506,809
32904,1506,807
32905,1506,809
32906,1505,807
32907,1504,809
32908,1506,808
32909,1504,807
32910,1504,809
32911,1504,809
32912,1506,808
32913,1506,807
32914,1506,809
32915,1504,809
32916,1504,807
32917,1505,809
32918,1504,808
32919,1506,807
32920,1506,807
32921,1505,808
32922,1505,809
32923,1505,809
32924,1505,807
32925,1506,809
32926,1506,808
32927,1504,808
32928,1507,808
32929,1505,809
32930,1506,808
32931,1504,808
32932,1506,807
32933,1505,807
32934,1504,809
32935,1506,808
32936,1505,807
32937,1505,808
32938,1504,809
32939,1504,809
32940,1505,809
32941,1504,809
32942,1505,808
32943,1504,807
32944,1505,808
32945,1504,808
32946,1504,808
32947,1504,807
32948,1506,807
32949,1506,807
32950,1506,809
32951,1506,809
32952,1504,808
32953,1506,809
32954,1506,809
32955,1506,808
32956,1506,809
32957,1506,807
32958,1506,809
32959,1505,810
32960,1506,807
32961,1507,807
32962,1504,808
32963,1506,809
32964,1505,808
32965,1504,809
32966,1506,809
32967,1504,809
32968,1506,808
32969,1506,808
32970,1506,808
32971,1504,808
32972,1506,808
32973,1504,809
32974,1506,808
32975,1505,808
32976,1506,809
32977,1506,807
32978,1506,807
32979,1504,809
32980,1504,808
32981,1504,808
32982,1505,808
32983,1504,808
32984,1506,807
32985,1506,808
32986,1504,807
32987,1504,807
32988,1504,809
32989,1505,808
32990,1505,807
32991,1505,809
32992,1504,809
32993,1504,807
32994,1505,807
32995,1504,808
32996,1505,807
32997,1504,807
32998,1505,809
32999,1505,809
33000,1504,809
33001,1505,811
33002,1504,807
33003,1506,808
33004,1504,808
33005,1505,809
33006,1504,809
33007,1504,808
33008,1505,809
33009,1504,809
33010,1506,808
33011,1506,807
33012,1504,809
33013,1504,809
33014,1504,808
33015,1504,808
33016,1504,809
33017,1504,808
33018,1504,809
33019,1505,809
33020,1504,807
33021,1504,809
33022,1506,809
33023,1504,809
33024,1504,808
33025,1504,809
33026,1504,807
33027,1504,807
33028,1504,808
33029,1504,810
33030,1504,810
33031,1506,807
33032,1505,808
33033,1504,807
33034,1505,807
33035,1506,809
33036,1504,806
33037,1505,807
33038,1505,807
33039,1505,807
33040,1504,808
33041,1505,807
33042,1505,809
33043,1504,807
33044,1504,809
33045,1504,810
33046,1504,809
33047,1505,809
33048,1504,809
33049,1504,809
33050,1504,809
33051,1505,809
33052,1504,809
33053,1505,807
33054,1504,808
33055,1506,807
33056,1505,809
33057,1504,809
33058,1505,808
33059,1504,808
33060,1506,808
33061,1504,809
33062,1504,809
33063,1504,809
33064,1504,809
33065,1506,807
33066,1504,809
33067,1504,808
33068,1504,807
33069,1504,810
33070,1505,809
33071,1505,810
33072,1504,807
33073,1506,808
33074,1506,809
33075,1506,807
33076,1505,808
33077,1504,807
33078,1505,809
33079,1505,806
33080,1506,807
33081,1506,807
33082,1505,808
33083,1505,808
33084,1506,807
33085,1505,807
33086,1504,808
33087,1504,808
33088,1504,807
33089,1506,808
33090,1504,809
33091,1504,808
33092,1504,808
33093,1504,809
33094,1506,809
33095,1506,809
33096,1504,809
33097,1504,809
33098,1506,809
33099,1505,809
33100,1504,809
33101,1506,808
33102,1505,809
33103,1505,808
33104,1504,809
33105,1504,811
33106,1506,808
33107,1506,808
33108,1504,807
33109,1504,809
33110,1505,809
33111,1504,808
33112,1504,809
33113,1506,807
33114,1504,809
33115,1506,809
33116,1505,808
33117,1504,808
33118,1504,809
33119,1504,809
33120,1505,809
33121,1504,808
33122,1504,809
33123,1504,807
33124,1504,809
33125,1504,809
33126,1504,807
33127,1506,809
33128,1504,810
33129,1506,809
33130,1505,809
33131,1506,807
33132,1504,808
33133,1506,808
33134,1505,808
33135,1504,809
33136,1504,807
33137,1505,807
33138,1504,809
33139,1505,807
33140,1504,808
33141,1504,809
33142,1504,808
33143,1506,808
33144,1504,809
33145,1506,811
33146,1504,809
33147,1505,808
33148,1506,809
33149,1506,807
33150,1504,809
33151,1506,807
33152,1506,809
33153,1506,809
33154,1504,809
33155,1504,808
33156,1506,808
33157,1505,809
33158,1504,809
33159,1506,807
33160,1504,809
33161,1505,808
33162,1504,809
33163,1505,807
33164,1506,809
33165,1506,809
33166,1505,809
33167,1504,808
33168,1504,808
33169,1506,807
33170,1504,808
33171,1504,809
33172,1506,809
33173,1505,808
33174,1504,808
33175,1505,809
33176,1506,807
33177,1505,807
33178,1506,809
33179,1505,807
33180,1506,807
33181,1506,807
33182,1506,808
33183,1506,807
33184,1505,809
33185,1506,807
33186,1504,808
33187,1506,807
33188,1504,811
33189,1505,809
33190,1504,807
33191,1505,807
33192,1506,807
33193,1506,807
33194,1505,807
33195,1505,807
33196,1504,807
33197,1504,807
33198,1504,807
33199,1505,807
33200,1506,808
33201,1506,809
33202,1506,809
33203,1504,808
33204,1504,807
33205,1504,809
33206,1504,809
33207,1504,809
33208,1504,808
33209,1506,807
33210,1504,809
33211,1504,809
33212,1506,807
33213,1506,809
33214,1505,808
33215,1506,807
33216,1504,810
33217,1506,807
33218,1505,809
33219,1505,807
33220,1506,807
33221,1506,808
33222,1506,809
33223,1506,809
33224,1506,808
33225,1506,808
33226,1506,808
33227,1506,808
33228,1506,809
33229,1506,807
33230,1505,807
33231,1506,808
33232,1506,808
33233,1505,809
33234,1506,809
33235,1504,809
33236,1504,809
33237,1506,809
33238,1506,807
33239,1504,809
33240,1505,807
33241,1505,809
33242,1505,808
33243,1505,810
33244,1506,809
33245,1504,808
33246,1506,807
33247,1506,807
33248,1506,809
33249,1506,807
33250,1506,809
33251,1506,809
33252,1504,809
33253,1506,809
33254,1505,809
33255,1504,809
33256,1504,809
33257,1506,809
33258,1504,809
33259,1505,808
33260,1506,809
33261,1505,809
33262,1506,808
33263,1504,809
33264,1504,809
33265,1506,809
33266,1504,807
33267,1504,808
33268,1504,809
33269,1505,810
33270,1506,809
33271,1504,809
33272,1504,809
33273,1504,808
33274,1506,807
33275,1506,808
33276,1506,808
33277,1505,808
33278,1506,809
33279,1505,809
33280,1506,808
33281,1505,809
33282,1506,809
33283,1506,809
33284,1504,808
33285,1506,808
33286,1505,808
33287,1506,809
33288,1505,807
33289,1506,807
33290,1505,807
33291,1504,809
33292,1506,807
33293,1505,807
33294,1506,808
33295,1504,807
33296,1506,807
33297,1505,807
33298,1506,806
33299,1506,809
33300,1506,807
33301,1506,809
33302,1504,809
33303,1506,807
33304,1506,808
33305,1505,808
33306,1506,809
33307,1504,807
33308,1506,809
33309,1506,808
33310,1506,809
33311,1506,809
33312,1506,809
33313,1506,808
33314,1505,809
33315,1505,809
33316,1504,809
33317,1506,809
33318,1504,808
33319,1506,808
33320,1504,809
33321,1505,809
33322,1505,808
33323,1505,809
33324,1505,807
33325,1506,810
33326,1506,807
33327,1500,813
33328,1504,797
33329,1505,815
33330,1506,803
33331,1507,805
33332,1504,811
33333,1504,805
33334,1505,805
33335,1506,799
33336,1506,806
33337,1506,821
33338,1508,793
33339,1499,813
33340,1508,803
33341,1508,795
33342,1504,818
33343,1506,809
33344,1498,821
33345,1511,791
33346,1505,793
33347,1507,792
33348,1508,815
33349,1506,821
33350,1507,803
33351,1506,819
33352,1500,822
33353,1508,798
33354,1507,821
33355,1504,815
33356,1500,806
33357,1504,809
33358,1506,810
33359,1504,809
33360,1504,808
33361,1505,808
33362,1504,809
33363,1505,808
33364,1505,809
33365,1506,808
33366,1505,808
33367,1505,809
33368,1506,807
33369,1506,807
33370,1504,809
33371,1504,808
33372,1504,809
33373,1506,809
33374,1504,808
33375,1506,808
33376,1504,809
33377,1505,807
33378,1504,807
33379,1506,807
33380,1505,807
33381,1506,809
33382,1505,810
33383,1504,808
33384,1506,808
33385,1504,809
33386,1506,808
33387,1505,810
33388,1504,808
33389,1506,807
33390,1506,807
33391,1504,809
33392,1506,807
33393,1504,807
33394,1505,807
33395,1505,807
33396,1505,807
33397,1505,807
33398,1506,807
33399,1506,807
33400,1506,807
33401,1506,809
33402,1505,809
33403,1505,809
33404,1506,809
33405,1506,808
33406,1506,808
33407,1504,809
33408,1506,807
33409,1505,808
33410,1506,809
33411,1504,809
33412,1506,807
33413,1504,807
33414,1506,807
33415,1505,810
33416,1506,809
33417,1504,809
33418,1506,808
33419,1505,809
33420,1506,809
33421,1505,808
33422,1506,809
33423,1506,807
33424,1506,807
33425,1506,808
33426,1506,808
33427,1506,809
33428,1506,807
33429,1506,809
33430,1504,809
33431,1506,809
33432,1507,808
33433,1507,809
33434,1507,809
33435,1506,809
33436,1505,808
33437,1504,809
33438,1504,808
33439,1504,808
33440,1505,807
33441,1504,807
33442,1505,808
33443,1505,808
33444,1504,809
33445,1506,808
33446,1506,808
33447,1506,809
33448,1506,808
33449,1506,809
33450,1506,809
33451,1504,807
33452,1505,809
33453,1506,809
33454,1504,809
33455,1504,808
33456,1506,809
33457,1506,809
33458,1506,808
33459,1506,807
33460,1506,809
33461,1504,807
33462,1504,809
33463,1504,809
33464,1506,807
33465,1506,809
33466,1506,808
33467,1506,809
33468,1504,809
33469,1504,807
33470,1505,807
33471,1505,809
33472,1504,808
33473,1504,809
33474,1505,808
33475,1504,808
33476,1504,809
33477,1505,809
33478,1506,810
33479,1506,807
33480,1506,809
33481,1505,807
33482,1506,807
33483,1506,809
33484,1504,809
33485,1506,807
33486,1504,809
33487,1506,808
33488,1505,808
33489,1507,807
33490,1505,807
33491,1504,807
33492,1505,807
33493,1504,807
33494,1506,807
33495,1506,807
33496,1505,808
33497,1506,809
33498,1504,807
33499,1505,807
33500,1505,811
33501,1504,809
33502,1504,809
33503,1504,809
33504,1505,809
33505,1505,810
33506,1506,809
33507,1506,809
33508,1505,809
33509,1504,809
33510,1506,808
33511,1506,809
33512,1504,808
33513,1505,809
33514,1506,807
33515,1506,807
33516,1504,809
33517,1506,809
33518,1506,808
33519,1506,808
33520,1506,809
33521,1505,809
33522,1504,809
33523,1504,809
33524,1504,809
33525,1504,809
33526,1504,809
33527,1505,808
33528,1505,809
33529,1505,810
33530,1506,809
33531,1505,807
33532,1506,808
33533,1505,809
33534,1505,805
33535,1506,807
33536,1506,808
33537,1506,807
33538,1505,809
33539,1506,807
33540,1505,807
33541,1504,808
33542,1505,809
33543,1504,807
33544,1505,808
33545,1506,810
33546,1505,811
33547,1505,807
33548,1504,809
33549,1505,809
33550,1506,809
33551,1506,809
33552,1506,809
33553,1504,809
33554,1505,809
33555,1505,809
33556,1505,809
33557,1506,808
33558,1506,809
33559,1506,809
33560,1505,809
33561,1505,809
33562,1506,809
33563,1506,809
33564,1506,809
33565,1504,807
33566,1505,809
33567,1504,808
33568,1505,808
33569,1505,809
33570,1506,809
33571,1504,809
33572,1504,808
33573,1505,809
33574,1504,807
33575,1505,809
33576,1504,807
33577,1506,807
33578,1506,807
33579,1504,805
33580,1504,807
33581,1504,807
33582,1506,807
33583,1505,807
33584,1505,808
33585,1506,808
33586,1506,807
33587,1506,807
33588,1504,808
33589,1505,811
33590,1505,809
33591,1504,807
33592,1506,807
33593,1505,809
33594,1504,807
33595,1505,808
33596,1504,809
33597,1504,808
33598,1505,807
33599,1506,808
33600,1505,808
33601,1506,808
33602,1505,809
33603,1504,807
33604,1505,807
33605,1505,809
33606,1505,809
33607,1504,809
33608,1506,808
33609,1506,811
33610,1505,809
33611,1504,809
33612,1504,809
33613,1505,809
33614,1504,809
33615,1504,810
33616,1504,809
33617,1504,809
33618,1505,809
33619,1506,809
33620,1504,808
33621,1504,809
33622,1506,809
33623,1506,807
33624,1506,809
33625,1506,809
33626,1506,809
33627,1506,809
33628,1506,809
33629,1504,811
33630,1505,809
33631,1505,808
33632,1505,808
33633,1504,809
33634,1504,810
33635,1506,807
33636,1505,809
33637,1504,809
33638,1506,808
33639,1505,810
33640,1506,808
33641,1506,809
33642,1506,808
33643,1504,808
33644,1506,809
33645,1505,809
33646,1504,809
33647,1504,809
33648,1504,809
33649,1504,809
33650,1504,808
33651,1504,810
33652,1505,809
33653,1504,809
33654,1506,808
33655,1504,809
33656,1505,809
33657,1506,809
33658,1505,809
33659,1506,809
33660,1504,809
33661,1506,808
33662,1506,808
33663,1504,809
33664,1505,810
33665,1506,809
33666,1504,809
33667,1504,808
33668,1505,809
33669,1506,808
33670,1506,809
33671,1506,808
33672,1506,809
33673,1505,809
33674,1504,807
33675,1504,808
33676,1504,809
33677,1504,808
33678,1504,808
33679,1506,807
33680,1504,809
33681,1506,809
33682,1504,808
33683,1506,808
33684,1505,807
33685,1506,807
33686,1506,807
33687,1505,809
33688,1504,810
33689,1506,809
33690,1506,807
33691,1506,809
33692,1506,807
33693,1506,807
33694,1505,807
33695,1506,807
33696,1505,808
33697,1506,807
33698,1504,807
33699,1506,807
33700,1504,808
33701,1505,808
33702,1504,809
33703,1505,809
33704,1505,809
33705,1506,808
33706,1506,809
33707,1506,808
33708,1505,809
33709,1506,809
33710,1506,809
33711,1504,810
33712,1505,808
33713,1506,808
33714,1505,807
33715,1506,809
33716,1505,809
33717,1504,809
33718,1505,809
33719,1504,809
33720,1506,809
33721,1506,809
33722,1504,808
33723,1505,809
33724,1506,809
33725,1506,808
33726,1504,809
33727,1506,809
33728,1505,809
33729,1506,809
33730,1504,808
33731,1504,808
33732,1505,809
33733,1506,809
33734,1505,809
33735,1506,808
33736,1506,809
33737,1504,807
33738,1505,809
33739,1506,809
33740,1504,809
33741,1506,809
33742,1504,809
33743,1506,809
33744,1506,807
33745,1505,807
33746,1506,809
33747,1504,808
33748,1504,807
33749,1507,808
33750,1506,810
33751,1504,808
33752,1506,809
33753,1504,809
33754,1505,809
33755,1505,808
33756,1506,809
33757,1504,809
33758,1506,808
33759,1505,808
33760,1504,809
33761,1504,809
33762,1504,809
33763,1504,809
33764,1505,809
33765,1505,809
33766,1506,807
33767,1506,809
33768,1506,808
33769,1505,809
33770,1504,809
33771,1504,808
33772,1504,809
33773,1504,809
33774,1506,809
33775,1504,809
33776,1505,809
33777,1506,808
33778,1506,809
33779,1504,809
33780,1504,807
33781,1506,807
33782,1505,807
33783,1504,809
33784,1505,809
33785,1505,809
33786,1505,808
33787,1505,808
33788,1505,810
33789,1505,809
33790,1505,808
33791,1504,807
33792,1506,808
33793,1506,806
33794,1505,807
33795,1506,808
33796,1506,809
33797,1504,808
33798,1506,808
33799,1506,808
33800,1505,807
33801,1504,809
33802,1505,807
33803,1506,809
33804,1505,809
33805,1505,808
33806,1506,807
33807,1504,808
33808,1504,809
33809,1504,809
33810,1504,809
33811,1504,809
33812,1506,809
33813,1506,808
33814,1506,809
33815,1506,807
33816,1506,807
33817,1504,808
33818,1506,808
33819,1506,808
33820,1504,807
33821,1505,809
33822,1506,809
33823,1506,809
33824,1506,809
33825,1506,809
33826,1506,808
33827,1504,809
33828,1504,808
33829,1505,809
33830,1506,809
33831,1504,809
33832,1506,807
33833,1505,808
33834,1506,809
33835,1504,809
33836,1506,809
33837,1505,808
33838,1506,809
33839,1505,809
33840,1506,809
33841,1506,809
33842,1504,809
33843,1506,809
33844,1506,807
33845,1505,809
33846,1505,809
33847,1505,810
33848,1504,810
33849,1505,809
33850,1506,808
33851,1506,809
33852,1504,807
33853,1505,809
33854,1506,809
33855,1504,810
33856,1504,807
33857,1504,809
33858,1504,808
33859,1506,808
33860,1505,809
33861,1504,809
33862,1506,810
33863,1505,808
33864,1504,808
33865,1504,809
33866,1506,809
33867,1504,809
33868,1505,808
33869,1504,809
33870,1504,809
33871,1505,809
33872,1504,808
33873,1504,809
33874,1506,809
33875,1506,811
33876,1506,809
33877,1506,808
33878,1504,808
33879,1504,811
33880,1504,809
33881,1504,809
33882,1505,808
33883,1505,808
33884,1506,807
33885,1505,809
33886,1504,808
33887,1505,809
33888,1504,809
33889,1504,809
33890,1505,809
33891,1506,808
33892,1505,808
33893,1504,807
33894,1504,807
33895,1504,809
33896,1504,809
33897,1504,807
33898,1506,807
33899,1506,809
33900,1505,808
33901,1506,810
33902,1506,810
33903,1506,809
33904,1506,808
33905,1506,809
33906,1505,809
33907,1506,808
33908,1506,809
33909,1504,809
33910,1506,809
33911,1504,809
33912,1506,808
33913,1506,808
33914,1506,808
33915,1506,809
33916,1506,808
33917,1506,808
33918,1506,809
33919,1506,809
33920,1504,808
33921,1505,809
33922,1505,809
33923,1506,809
33924,1506,809
33925,1506,811
33926,1506,809
33927,1505,808
33928,1505,807
33929,1505,809
33930,1504,809
33931,1504,808
33932,1506,808
33933,1506,809
33934,1506,808
33935,1506,807
33936,1506,809
33937,1504,808
33938,1505,809
33939,1506,808
33940,1506,809
33941,1506,809
33942,1505,809
33943,1504,809
33944,1506,808
33945,1505,809
33946,1504,808
33947,1505,809
33948,1504,808
33949,1505,809
33950,1505,808
33951,1504,808
33952,1505,809
33953,1506,809
33954,1506,808
33955,1504,808
33956,1506,810
33957,1504,809
33958,1506,809
33959,1506,810
33960,1505,811
33961,1504,808
33962,1505,807
33963,1505,809
33964,1506,809
33965,1504,809
33966,1506,808
33967,1504,809
33968,1506,808
33969,1504,808
33970,1506,809
33971,1504,809
33972,1505,809
33973,1506,809
33974,1504,809
33975,1506,809
33976,1506,809
33977,1506,809
33978,1506,809
33979,1505,808
33980,1506,807
33981,1506,809
33982,1504,809
33983,1504,807
33984,1505,808
33985,1506,809
33986,1504,809
33987,1505,809
33988,1506,809
33989,1506,809
33990,1505,806
33991,1505,807
33992,1506,807
33993,1506,807
33994,1506,808
33995,1505,808
33996,1505,808
33997,1504,807
33998,1506,807
33999,1506,805
34000,1506,809
34001,1505,809
34002,1506,809
34003,1504,807
34004,1505,809
34005,1505,809
34006,1504,809
34007,1506,809
34008,1504,807
34009,1505,809
34010,1505,810
34011,1505,809
34012,1504,807
34013,1504,809
34014,1504,809
34015,1506,809
34016,1504,809
34017,1505,807
34018,1504,809
34019,1504,809
34020,1506,809
34021,1503,809
34022,1504,807
34023,1504,809
34024,1506,808
34025,1504,809
34026,1505,809
34027,1504,809
34028,1504,811
34029,1506,810
34030,1506,809
34031,1505,809
34032,1505,808
34033,1504,807
34034,1504,809
34035,1504,807
34036,1504,807
34037,1506,808
34038,1504,808
34039,1504,808
34040,1504,807
34041,1505,809
34042,1504,809
34043,1504,809
34044,1506,809
34045,1506,807
34046,1505,809
34047,1506,810
34048,1505,808
34049,1504,809
34050,1506,809
34051,1506,808
34052,1504,809
34053,1506,811
34054,1504,808
34055,1504,808
34056,1504,809
34057,1504,809
34058,1505,809
34059,1505,809
34060,1504,808
34061,1504,809
34062,1505,809
34063,1506,810
34064,1504,809
34065,1504,809
34066,1506,808
34067,1506,808
34068,1507,809
34069,1506,809
34070,1504,809
34071,1506,809
34072,1506,808
34073,1505,809
34074,1504,809
34075,1506,809
34076,1506,808
34077,1504,807
34078,1504,807
34079,1504,808
34080,1504,808
34081,1504,808
34082,1504,807
34083,1505,809
34084,1504,809
34085,1504,807
34086,1505,809
34087,1504,807
34088,1504,809
34089,1506,809
34090,1505,809
34091,1504,808
34092,1506,809
34093,1506,808
34094,1504,808
34095,1506,809
34096,1506,808
34097,1504,808
34098,1504,809
34099,1504,809
34100,1506,809
34101,1504,809
34102,1504,810
34103,1506,809
34104,1504,809
34105,1505,810
34106,1504,809
34107,1504,809
34108,1506,810
34109,1504,810
34110,1505,809
34111,1506,808
34112,1506,808
34113,1506,809
34114,1506,809
34115,1506,809
34116,1504,808
34117,1506,809
34118,1505,809
34119,1506,811
34120,1506,808
34121,1506,809
34122,1504,809
34123,1506,809
34124,1505,809
34125,1504,808
34126,1505,807
34127,1506,808
34128,1505,810
34129,1504,809
34130,1506,809
34131,1504,809
34132,1505,808
34133,1504,809
34134,1505,808
34135,1504,808
34136,1504,809
34137,1506,811
34138,1506,808
34139,1504,809
34140,1506,808
34141,1505,807
34142,1505,808
34143,1505,808
34144,1505,808
34145,1505,810
34146,1505,809
34147,1504,809
34148,1504,809
34149,1504,809
34150,1504,810
34151,1506,809
34152,1504,808
34153,1504,808
34154,1504,807
34155,1504,808
34156,1504,807
34157,1506,808
34158,1506,808
34159,1505,809
34160,1506,808
34161,1504,808
34162,1506,808
34163,1504,808
34164,1505,808
34165,1506,809
34166,1506,809
34167,1504,809
34168,1506,807
34169,1504,809
34170,1505,809
34171,1506,809
34172,1504,809
34173,1506,809
34174,1505,808
34175,1504,807
34176,1505,807
34177,1505,807
34178,1505,809
34179,1505,807
34180,1504,807
34181,1504,807
34182,1504,808
34183,1505,807
34184,1504,807
34185,1507,809
34186,1505,808
34187,1505,808
34188,1506,807
34189,1505,809
34190,1506,807
34191,1504,807
34192,1505,807
34193,1505,808
34194,1505,808
34195,1504,807
34196,1504,807
34197,1504,808
34198,1504,807
34199,1505,808
34200,1504,809
34201,1506,809
34202,1506,809
34203,1506,809
34204,1504,808
34205,1504,809
34206,1504,810
34207,1504,810
34208,1504,810
34209,1504,809
34210,1504,809
34211,1506,808
34212,1505,808
34213,1504,808
34214,1504,809
34215,1506,806
34216,1504,809
34217,1504,809
34218,1505,809
34219,1504,809
34220,1504,809
34221,1506,809
34222,1504,809
34223,1504,808
34224,1504,808
34225,1504,808
34226,1506,808
34227,1504,809
34228,1504,809
34229,1504,809
34230,1504,809
34231,1506,808
34232,1504,810
34233,1504,809
34234,1504,809
34235,1505,809
34236,1506,809
34237,1504,809
34238,1505,808
34239,1506,808
34240,1505,811
34241,1505,809
34242,1505,808
34243,1506,809
34244,1506,811
34245,1505,809
34246,1504,808
34247,1504,809
34248,1505,809
34249,1506,809
34250,1506,808
34251,1504,808
34252,1504,810
34253,1505,809
34254,1505,807
34255,1505,809
34256,1505,808
34257,1506,809
34258,1504,809
34259,1505,810
34260,1504,809
34261,1504,808
34262,1506,809
34263,1505,808
34264,1506,809
34265,1504,808
34266,1504,809
34267,1504,810
34268,1504,807
34269,1506,809
34270,1504,809
34271,1504,810
34272,1505,811
34273,1506,809
34274,1506,809
34275,1506,809
34276,1506,810
34277,1506,809
34278,1506,809
34279,1506,809
34280,1506,809
34281,1506,808
34282,1504,809
34283,1506,808
34284,1506,809
34285,1506,809
34286,1506,807
34287,1504,809
34288,1505,807
34289,1504,807
34290,1505,807
34291,1504,807
34292,1505,807
34293,1504,807
34294,1504,807
34295,1506,809
34296,1505,808
34297,1506,807
34298,1505,808
34299,1508,807
34300,1504,808
34301,1504,807
34302,1506,809
34303,1504,807
34304,1504,809
34305,1505,809
34306,1505,808
34307,1505,809
34308,1506,809
34309,1500,809
34310,1506,808
34311,1506,807
34312,1506,809
34313,1506,809
34314,1505,809
34315,1506,809
34316,1506,809
34317,1504,809
34318,1506,809
34319,1505,809
34320,1506,809
34321,1504,808
34322,1505,809
34323,1504,808
34324,1506,809
34325,1504,809
34326,1506,807
34327,1504,809
34328,1506,809
34329,1504,808
34330,1506,809
34331,1504,807
34332,1505,809
34333,1506,809
34334,1506,808
34335,1506,809
34336,1504,806
34337,1506,809
34338,1505,809
34339,1506,809
34340,1505,809
34341,1504,808
34342,1506,809
34343,1505,809
34344,1504,809
34345,1504,809
34346,1504,809
34347,1506,809
34348,1505,809
34349,1506,808
34350,1505,808
34351,1506,809
34352,1506,808
34353,1504,808
34354,1504,808
34355,1504,809
34356,1504,809
34357,1504,807
34358,1506,809
34359,1506,809
34360,1506,809
34361,1504,808
34362,1504,808
34363,1506,808
34364,1504,809
34365,1506,809
34366,1505,809
34367,1506,809
34368,1505,808
34369,1506,809
34370,1505,809
34371,1505,808
34372,1506,809
34373,1505,809
34374,1506,808
34375,1506,807
34376,1506,811
34377,1506,810
34378,1506,808
34379,1504,809
34380,1506,809
34381,1506,808
34382,1505,809
34383,1505,809
34384,1506,809
34385,1505,809
34386,1504,809
34387,1505,808
34388,1505,808
34389,1505,808
34390,1506,809
34391,1505,807
34392,1505,807
34393,1505,808
34394,1505,808
34395,1505,808
34396,1506,808
34397,1505,807
34398,1506,809
34399,1504,808
34400,1506,807
34401,1507,810
34402,1506,809
34403,1507,808
34404,1505,808
34405,1504,809
34406,1506,809
34407,1504,808
34408,1504,809
34409,1505,811
34410,1505,807
34411,1504,809
34412,1506,809
34413,1506,810
34414,1506,807
34415,1505,808
34416,1506,810
34417,1505,808
34418,1504,809
34419,1504,809
34420,1505,807
34421,1504,809
34422,1505,808
34423,1504,809
34424,1505,808
34425,1506,810
34426,1504,810
34427,1505,808
34428,1505,809
34429,1505,808
34430,1504,808
34431,1505,809
34432,1506,808
34433,1506,809
34434,1504,809
34435,1504,809
34436,1505,809
34437,1504,808
34438,1505,809
34439,1504,809
34440,1505,809
34441,1506,809
34442,1504,809
34443,1505,809
34444,1506,807
34445,1504,809
34446,1506,809
34447,1505,809
34448,1504,809
34449,1504,810
34450,1505,811
34451,1505,810
34452,1506,808
34453,1506,810
34454,1506,809
34455,1504,808
34456,1505,809
34457,1504,810
34458,1504,808
34459,1506,809
34460,1504,809
34461,1506,807
34462,1505,809
34463,1506,809
34464,1504,809
34465,1505,809
34466,1506,807
34467,1505,809
34468,1506,809
34469,1504,808
34470,1506,809
34471,1506,809
34472,1504,808
34473,1504,809
34474,1504,808
34475,1506,809
34476,1505,809
34477,1505,809
34478,1505,807
34479,1506,808
34480,1505,809
34481,1505,809
34482,1504,807
34483,1506,808
34484,1506,809
34485,1504,809
34486,1506,807
34487,1505,811
34488,1505,809
34489,1506,808
34490,1505,809
34491,1504,807
34492,1506,809
34493,1505,807
34494,1506,809
34495,1504,808
34496,1504,807
34497,1504,807
34498,1506,809
34499,1506,807
34500,1506,811
34501,1504,808
34502,1506,809
34503,1506,809
34504,1506,809
34505,1504,809
34506,1504,810
34507,1506,808
34508,1506,809
34509,1506,809
34510,1505,809
34511,1505,809
34512,1506,808
34513,1506,811
34514,1505,809
34515,1504,809
34516,1504,811
34517,1505,812
34518,1504,809
34519,1506,809
34520,1506,811
34521,1504,809
34522,1506,809
34523,1505,806
34524,1506,809
34525,1504,808
34526,1506,809
34527,1506,811
34528,1506,808
34529,1506,809
34530,1506,809
34531,1506,807
34532,1504,809
34533,1506,751
34534,1505,810
34535,1506,808
34536,1506,807
34537,1506,808
34538,1504,809
34539,1504,809
34540,1506,808
34541,1505,809
34542,1504,808
34543,1505,810
34544,1506,808
34545,1507,809
34546,1506,809
34547,1506,809
34548,1505,811
34549,1504,809
34550,1506,809
34551,1506,809
34552,1505,810
34553,1506,809
34554,1505,809
34555,1505,809
34556,1506,808
34557,1506,809
34558,1505,809
34559,1505,808
34560,1506,809
34561,1507,809
34562,1504,809
34563,1506,807
34564,1506,810
34565,1506,809
34566,1505,809
34567,1506,808
34568,1506,809
34569,1504,809
34570,1505,809
34571,1506,809
34572,1507,809
34573,1505,809
34574,1504,808
34575,1505,811
34576,1505,809
34577,1505,808
34578,1506,807
34579,1506,808
34580,1506,809
34581,1506,807
34582,1506,808
34583,1504,807
34584,1506,807
34585,1505,807
34586,1505,806
34587,1506,807
34588,1506,810
34589,1506,809
34590,1505,809
34591,1504,809
34592,1504,809
34593,1505,809
34594,1504,809
34595,1505,811
34596,1506,808
34597,1506,808
34598,1506,809
34599,1504,808
34600,1506,809
34601,1506,808
34602,1504,809
34603,1505,809
34604,1504,808
34605,1506,810
34606,1505,809
34607,1505,809
34608,1506,809
34609,1505,808
34610,1504,809
34611,1504,809
34612,1505,810
34613,1505,809
34614,1505,809
34615,1504,810
34616,1506,811
34617,1504,809
34618,1504,809
34619,1506,808
34620,1504,807
34621,1505,809
34622,1506,808
34623,1505,809
34624,1504,809
34625,1506,808
34626,1504,808
34627,1505,808
34628,1504,809
34629,1506,809
34630,1505,808
34631,1505,809
34632,1505,808
34633,1504,809
34634,1505,810
34635,1504,807
34636,1504,809
34637,1506,809
34638,1505,809
34639,1505,809
34640,1506,808
34641,1506,809
34642,1505,809
34643,1504,809
34644,1506,809
34645,1506,809
34646,1506,809
34647,1505,809
34648,1506,809
34649,1505,808
34650,1505,809
34651,1505,809
34652,1506,808
34653,1506,810
34654,1500,809
34655,1504,809
34656,1506,809
34657,1506,809
34658,1506,808
34659,1504,809
34660,1506,809
34661,1505,809
34662,1504,809
34663,1504,809
34664,1504,809
34665,1506,809
34666,1506,809
34667,1504,809
34668,1504,809
34669,1504,809
34670,1506,809
34671,1505,809
34672,1505,809
34673,1505,809
34674,1504,810
34675,1504,809
34676,1506,808
34677,1504,808
34678,1506,809
34679,1506,808
34680,1505,808
34681,1504,807
34682,1504,807
34683,1505,807
34684,1504,808
34685,1506,809
34686,1506,808
34687,1506,809
34688,1504,809
34689,1505,809
34690,1504,808
34691,1505,808
34692,1505,808
34693,1504,807
34694,1505,808
34695,1504,807
34696,1504,809
34697,1505,807
34698,1506,807
34699,1506,807
34700,1506,808
34701,1506,809
34702,1506,809
34703,1504,808
34704,1505,808
34705,1506,808
34706,1505,809
34707,1504,809
34708,1504,809
34709,1505,808
34710,1506,809
34711,1506,809
34712,1505,809
34713,1506,808
34714,1504,809
34715,1505,809
34716,1506,808
34717,1505,809
34718,1505,810
34719,1505,810
34720,1505,808
34721,1506,809
34722,1505,808
34723,1506,809
34724,1504,808
34725,1506,809
34726,1504,809
34727,1505,809
34728,1506,808
34729,1506,808
34730,1504,809
34731,1504,808
34732,1506,809
34733,1505,810
34734,1504,809
34735,1505,810
34736,1506,809
34737,1506,809
34738,1505,807
34739,1506,811
34740,1506,808
34741,1505,809
34742,1505,810
34743,1504,809
34744,1506,809
34745,1505,809
34746,1506,809
34747,1504,808
34748,1506,809
34749,1505,809
34750,1506,809
34751,1505,809
34752,1505,808
34753,1504,808
34754,1506,809
34755,1506,808
34756,1504,809
34757,1504,809
34758,1504,809
34759,1506,809
34760,1506,809
34761,1504,808
34762,1506,809
34763,1504,809
34764,1504,810
34765,1506,809
34766,1504,809
34767,1505,809
34768,1506,809
34769,1506,810
34770,1506,809
34771,1504,809
34772,1504,809
34773,1505,808
34774,1506,810
34775,1504,808
34776,1504,810
34777,1504,811
34778,1504,809
34779,1506,811
34780,1506,809
34781,1505,809
34782,1506,809
34783,1504,809
34784,1504,809
34785,1506,810
34786,1505,809
34787,1504,809
34788,1505,811
34789,1506,809
34790,1505,808
34791,1506,809
34792,1506,808
34793,1506,808
34794,1505,809
34795,1505,807
34796,1505,809
34797,1505,809
34798,1505,809
34799,1506,809
34800,1504,808
34801,1506,809
34802,1504,809
34803,1506,809
34804,1505,810
34805,1505,809
34806,1505,810
34807,1504,810
34808,1506,809
34809,1504,810
34810,1505,810
34811,1504,811
34812,1506,809
34813,1506,809
34814,1504,809
34815,1504,810
34816,1504,810
34817,1505,809
34818,1506,810
34819,1506,809
34820,1504,809
34821,1504,809
34822,1506,809
34823,1506,809
34824,1506,811
34825,1506,811
34826,1506,809
34827,1505,809
34828,1504,811
34829,1504,809
34830,1506,811
34831,1504,809
34832,1505,810
34833,1506,811
34834,1504,812
34835,1506,809
34836,1504,811
34837,1505,811
34838,1504,811
34839,1504,811
34840,1504,811
34841,1506,810
34842,1504,811
34843,1506,810
34844,1504,811
34845,1504,811
34846,1505,809
34847,1506,811
34848,1504,809
34849,1506,811
34850,1504,809
34851,1504,811
34852,1505,812
34853,1506,809
34854,1506,811
34855,1506,809
34856,1505,810
34857,1505,811
34858,1504,811
34859,1505,809
34860,1506,810
34861,1504,811
34862,1505,811
34863,1504,811
34864,1504,809
34865,1505,811
34866,1505,809
34867,1506,811
34868,1504,811
34869,1506,811
34870,1504,811
34871,1505,811
34872,1506,811
34873,1506,809
34874,1505,811
34875,1506,811
34876,1506,811
34877,1505,811
34878,1506,809
34879,1506,811
34880,1504,812
34881,1506,811
34882,1506,809
34883,1506,809
34884,1505,811
34885,1504,808
34886,1504,811
34887,1506,813
34888,1506,810
34889,1506,810
34890,1504,809
34891,1505,807
34892,1505,808
34893,1505,811
34894,1504,809
34895,1505,808
34896,1505,809
34897,1505,811
34898,1504,809
34899,1505,807
34900,1506,809
34901,1506,810
34902,1506,809
34903,1505,809
34904,1506,810
34905,1506,811
34906,1506,809
34907,1506,811
34908,1504,811
34909,1504,811
34910,1504,809
34911,1506,811
34912,1506,811
34913,1505,811
34914,1506,811
34915,1504,811
34916,1506,809
34917,1504,811
34918,1505,811
34919,1504,811
34920,1504,810
34921,1506,809
34922,1506,810
34923,1506,810
34924,1506,811
34925,1504,809
34926,1504,810
34927,1504,811
34928,1504,812
34929,1505,809
34930,1506,811
34931,1505,812
34932,1505,809
34933,1506,809
34934,1506,810
34935,1506,808
34936,1504,811
34937,1505,811
34938,1504,812
34939,1506,811
34940,1505,811
34941,1505,811
34942,1506,812
34943,1506,809
34944,1506,809
34945,1506,812
34946,1505,811
34947,1505,810
34948,1506,810
34949,1504,809
34950,1506,809
34951,1505,808
34952,1504,809
34953,1505,809
34954,1504,809
34955,1504,811
34956,1504,810
34957,1505,809
34958,1506,812
34959,1505,809
34960,1506,811
34961,1506,809
34962,1506,811
34963,1506,811
34964,1506,809
34965,1506,809
34966,1506,795
34967,1506,809
34968,1506,815
34969,1500,807
34970,1504,809
34971,1508,807
34972,1499,825
34973,1507,809
34974,1505,810
34975,1506,811
34976,1504,811
34977,1504,809
34978,1505,811
34979,1506,811
34980,1506,810
34981,1506,811
34982,1506,811
34983,1506,811
34984,1506,811
34985,1504,810
34986,1505,812
34987,1505,809
34988,1506,811
34989,1506,809
34990,1504,809
34991,1506,811
34992,1505,809
34993,1506,808
34994,1506,809
34995,1506,809
34996,1504,809
34997,1504,807
34998,1504,809
34999,1504,809
35000,1504,811
35001,1505,812
35002,1505,810
35003,1505,809
35004,1506,809
35005,1504,809
35006,1504,809
35007,1506,811
35008,1506,811
35009,1504,810
35010,1505,809
35011,1506,810
35012,1506,810
35013,1506,810
35014,1506,810
35015,1506,811
35016,1506,810
35017,1506,811
35018,1506,810
35019,1504,809
35020,1505,809
35021,1504,811
35022,1506,810
35023,1506,809
35024,1505,809
35025,1506,811
35026,1506,811
35027,1504,810
35028,1505,809
35029,1505,810
35030,1505,809
35031,1507,808
35032,1506,809
35033,1505,808
35034,1505,809
35035,1504,809
35036,1506,809
35037,1506,809
35038,1505,809
35039,1504,809
35040,1506,809
35041,1505,810
35042,1505,811
35043,1505,811
35044,1504,808
35045,1506,809
35046,1506,811
35047,1506,809
35048,1506,809
35049,1505,809
35050,1504,810
35051,1505,811
35052,1504,811
35053,1504,810
35054,1506,809
35055,1504,809
35056,1505,809
35057,1504,810
35058,1505,810
35059,1504,810
35060,1504,809
35061,1504,811
35062,1504,810
35063,1504,809
35064,1505,810
35065,1506,811
35066,1505,809
35067,1504,811
35068,1505,809
35069,1505,811
35070,1504,811
35071,1506,812
35072,1505,811
35073,1506,811
35074,1505,809
35075,1506,809
35076,1506,809
35077,1505,809
35078,1506,809
35079,1506,809
35080,1504,809
35081,1506,809
35082,1506,809
35083,1506,811
35084,1506,809
35085,1506,809
35086,1506,809
35087,1506,809
35088,1505,810
35089,1506,811
35090,1506,810
35091,1506,810
35092,1505,809
35093,1505,809
35094,1504,809
35095,1504,810
35096,1506,809
35097,1506,811
35098,1506,811
35099,1506,811
35100,1506,809
35101,1506,809
35102,1504,810
35103,1506,808
35104,1506,810
35105,1506,811
35106,1506,809
35107,1505,811
35108,1506,811
35109,1506,811
35110,1506,811
35111,1506,810
35112,1506,811
35113,1504,808
35114,1504,810
35115,1506,811
35116,1507,810
35117,1504,809
35118,1506,811
35119,1506,811
35120,1506,809
35121,1507,809
35122,1506,810
35123,1505,809
35124,1506,811
35125,1505,809
35126,1507,811
35127,1506,809
35128,1506,811
35129,1505,810
35130,1506,811
35131,1506,809
35132,1506,809
35133,1504,811
35134,1506,810
35135,1506,809
35136,1505,810
35137,1505,809
35138,1506,811
35139,1504,811
35140,1506,809
35141,1506,810
35142,1505,809
35143,1506,811
35144,1506,809
35145,1505,809
35146,1506,811
35147,1505,810
35148,1506,809
35149,1506,809
35150,1504,810
35151,1506,809
35152,1506,809
35153,1506,811
35154,1506,810
35155,1506,811
35156,1505,810
35157,1506,810
35158,1506,809
35159,1507,810
35160,1506,811
35161,1506,810
35162,1504,809
35163,1504,811
35164,1506,810
35165,1506,810
35166,1505,809
35167,1506,809
35168,1506,811
35169,1505,809
35170,1506,809
35171,1505,809
35172,1506,809
35173,1506,810
35174,1504,809
35175,1505,811
35176,1506,808
35177,1505,809
35178,1505,808
35179,1506,809
35180,1505,815
35181,1505,809
35182,1505,809
35183,1504,809
35184,1504,809
35185,1504,809
35186,1506,809
35187,1504,808
35188,1506,809
35189,1505,811
35190,1506,811
35191,1506,808
35192,1505,809
35193,1504,809
35194,1506,809
35195,1505,809
35196,1506,809
35197,1506,810
35198,1505,809
35199,1506,809
35200,1506,808
35201,1505,809
35202,1505,810
35203,1504,811
35204,1505,810
35205,1504,809
35206,1504,810
35207,1506,811
35208,1506,810
35209,1506,811
35210,1504,812
35211,1506,810
35212,1506,811
35213,1504,809
35214,1506,811
35215,1505,809
35216,1506,809
35217,1506,809
35218,1506,811
35219,1506,811
35220,1506,811
35221,1506,810
35222,1506,809
35223,1506,811
35224,1506,809
35225,1506,811
35226,1506,811
35227,1506,809
35228,1505,809
35229,1506,811
35230,1504,811
35231,1506,809
35232,1506,809
35233,1506,810
35234,1505,811
35235,1506,809
35236,1506,810
35237,1506,809
35238,1506,809
35239,1506,810
35240,1504,810
35241,1506,809
35242,1506,809
35243,1506,809
35244,1506,809
35245,1504,810
35246,1504,811
35247,1506,809
35248,1505,811
35249,1504,811
35250,1506,810
35251,1504,810
35252,1506,809
35253,1506,809
35254,1506,809
35255,1505,811
35256,1506,810
35257,1506,809
35258,1506,811
35259,1506,809
35260,1504,811
35261,1505,809
35262,1506,811
35263,1506,809
35264,1505,811
35265,1504,809
35266,1506,809
35267,1505,807
35268,1506,809
35269,1506,810
35270,1504,810
35271,1504,811
35272,1505,810
35273,1504,810
35274,1504,809
35275,1504,811
35276,1504,811
35277,1505,810
35278,1504,811
35279,1506,810
35280,1506,811
35281,1506,810
35282,1505,809
35283,1504,811
35284,1504,810
35285,1506,811
35286,1504,809
35287,1504,811
35288,1506,810
35289,1505,808
35290,1505,810
35291,1504,809
35292,1504,808
35293,1505,811
35294,1504,808
35295,1505,809
35296,1506,809
35297,1506,809
35298,1504,809
35299,1506,809
35300,1504,810
35301,1504,809
35302,1504,810
35303,1504,811
35304,1503,809
35305,1506,809
35306,1504,811
35307,1504,809
35308,1506,811
35309,1506,809
35310,1504,811
35311,1504,811
35312,1504,811
35313,1505,809
35314,1504,811
35315,1506,809
35316,1506,811
35317,1506,810
35318,1506,809
35319,1506,811
35320,1506,809
35321,1504,809
35322,1505,811
35323,1506,811
35324,1506,809
35325,1505,811
35326,1505,809
35327,1505,811
35328,1505,811
35329,1504,811
35330,1506,810
35331,1504,809
35332,1505,811
35333,1505,811
35334,1504,809
35335,1504,810
35336,1506,811
35337,1504,811
35338,1506,811
35339,1504,811
35340,1505,809
35341,1504,811
35342,1505,811
35343,1506,809
35344,1504,811
35345,1504,811
35346,1504,811
35347,1506,809
35348,1505,811
35349,1505,810
35350,1505,810
35351,1504,809
35352,1505,810
35353,1504,811
35354,1504,810
35355,1506,809
35356,1506,811
35357,1504,811
35358,1504,810
35359,1505,809
35360,1506,810
35361,1506,809
35362,1504,810
35363,1506,809
35364,1505,809
35365,1504,809
35366,1506,808
35367,1506,811
35368,1505,811
35369,1506,811
35370,1504,811
35371,1507,809
35372,1506,811
35373,1506,811
35374,1506,811
35375,1504,810
35376,1506,811
35377,1504,811
35378,1506,811
35379,1506,811
35380,1504,811
35381,1506,811
35382,1506,809
35383,1505,810
35384,1505,811
35385,1506,811
35386,1506,812
35387,1506,810
35388,1506,809
35389,1504,809
35390,1504,809
35391,1506,809
35392,1505,809
35393,1506,810
35394,1505,809
35395,1505,811
35396,1505,808
35397,1505,809
35398,1504,809
35399,1505,809
35400,1506,809
35401,1505,809
35402,1506,809
35403,1506,810
35404,1506,811
35405,1506,809
35406,1505,810
35407,1504,811
35408,1506,811
35409,1506,811
35410,1506,809
35411,1504,810
35412,1505,812
35413,1506,809
35414,1506,811
35415,1506,809
35416,1504,811
35417,1506,811
35418,1506,810
35419,1505,809
35420,1506,811
35421,1506,811
35422,1505,810
35423,1506,811
35424,1506,811
35425,1506,811
35426,1505,811
35427,1505,809
35428,1506,811
35429,1504,809
35430,1506,809
35431,1506,811
35432,1506,809
35433,1505,812
35434,1504,809
35435,1506,810
35436,1506,809
35437,1505,810
35438,1505,811
35439,1506,811
35440,1504,811
35441,1504,811
35442,1504,809
35443,1506,811
35444,1505,811
35445,1506,810
35446,1504,811
35447,1505,810
35448,1504,811
35449,1506,811
35450,1506,811
35451,1504,810
35452,1504,811
35453,1504,809
35454,1504,812
35455,1505,808
35456,1505,811
35457,1504,809
35458,1506,811
35459,1506,809
35460,1505,810
35461,1506,810
35462,1504,811
35463,1504,811
35464,1506,810
35465,1504,811
35466,1504,811
35467,1505,811
35468,1505,809
35469,1506,809
35470,1506,811
35471,1506,809
35472,1506,809
35473,1506,809
35474,1505,809
35475,1506,809
35476,1506,811
35477,1504,809
35478,1505,809
35479,1506,811
35480,1506,811
35481,1504,809
35482,1505,812
35483,1504,811
35484,1504,810
35485,1504,810
35486,1506,809
35487,1506,809
35488,1506,811
35489,1504,809
35490,1506,809
35491,1506,809
35492,1506,809
35493,1505,809
35494,1505,809
35495,1504,811
35496,1506,809
35497,1505,809
35498,1505,809
35499,1505,809
35500,1505,809
35501,1505,810
35502,1505,811
35503,1506,811
35504,1505,810
35505,1505,810
35506,1506,809
35507,1504,811
35508,1506,809
35509,1505,810
35510,1506,811
35511,1504,811
35512,1506,810
35513,1506,809
35514,1504,811
35515,1506,809
35516,1506,811
35517,1504,811
35518,1504,809
35519,1504,810
35520,1505,809
35521,1506,811
35522,1506,811
35523,1504,809
35524,1504,811
35525,1506,809
35526,1505,809
35527,1505,811
35528,1504,809
35529,1506,809
35530,1506,809
35531,1506,809
35532,1505,809
35533,1504,809
35534,1505,809
35535,1506,809
35536,1506,810
35537,1505,809
35538,1506,809
35539,1506,811
35540,1505,809
35541,1507,809
35542,1506,809
35543,1505,811
35544,1506,810
35545,1506,811
35546,1506,810
35547,1505,811
35548,1506,811
35549,1506,810
35550,1505,809
35551,1506,811
35552,1506,809
35553,1506,811
35554,1506,809
35555,1505,811
35556,1504,808
35557,1506,810
35558,1506,810
35559,1505,809
35560,1505,811
35561,1504,809
35562,1506,811
35563,1506,809
35564,1506,809
35565,1506,811
35566,1506,809
35567,1504,809
35568,1505,810
35569,1506,809
35570,1506,811
35571,1504,811
35572,1504,809
35573,1505,811
35574,1504,810
35575,1505,809
35576,1505,809
35577,1504,809
35578,1506,809
35579,1506,808
35580,1505,809
35581,1506,809
35582,1505,809
35583,1506,809
35584,1504,808
35585,1506,810
35586,1506,809
35587,1506,811
35588,1506,809
35589,1504,811
35590,1505,810
35591,1504,811
35592,1506,810
35593,1504,811
35594,1506,810
35595,1504,809
35596,1506,811
35597,1504,811
35598,1505,809
35599,1506,811
35600,1504,810
35601,1504,811
35602,1504,811
35603,1504,811
35604,1506,810
35605,1506,810
35606,1505,811
35607,1506,809
35608,1505,811
35609,1505,811
35610,1505,810
35611,1505,811
35612,1505,809
35613,1506,809
35614,1506,811
35615,1506,810
35616,1506,811
35617,1504,810
35618,1506,809
35619,1506,810
35620,1505,811
35621,1505,811
35622,1507,811
35623,1506,810
35624,1504,809
35625,1504,811
35626,1505,810
35627,1505,809
35628,1504,809
35629,1504,810
35630,1504,809
35631,1506,810
35632,1504,810
35633,1506,811
35634,1504,811
35635,1504,811
35636,1504,811
35637,1506,811
35638,1504,812
35639,1504,811
35640,1505,811
35641,1504,809
35642,1506,809
35643,1506,810
35644,1506,811
35645,1504,811
35646,1504,811
35647,1506,810
35648,1505,809
35649,1506,809
35650,1506,811
35651,1505,809
35652,1506,811
35653,1506,810
35654,1506,811
35655,1505,811
35656,1504,809
35657,1504,810
35658,1506,810
35659,1506,809
35660,1505,811
35661,1504,810
35662,1505,811
35663,1506,810
35664,1506,810
35665,1505,810
35666,1505,810
35667,1505,810
35668,1504,810
35669,1506,809
35670,1505,810
35671,1505,811
35672,1504,811
35673,1506,811
35674,1504,810
35675,1504,811
35676,1506,809
35677,1506,809
35678,1506,810
35679,1506,809
35680,1504,809
35681,1504,809
35682,1505,809
35683,1505,809
35684,1506,809
35685,1506,809
35686,1504,808
35687,1506,809
35688,1506,810
35689,1506,810
35690,1506,809
35691,1505,809
35692,1506,809
35693,1506,808
35694,1506,809
35695,1506,808
35696,1506,809
35697,1505,810
35698,1506,809
35699,1506,809
35700,1506,809
35701,1505,810
35702,1504,810
35703,1506,811
35704,1506,811
35705,1504,811
35706,1506,810
35707,1505,811
35708,1504,809
35709,1506,809
35710,1506,811
35711,1504,809
35712,1506,810
35713,1506,811
35714,1504,810
35715,1504,811
35716,1506,811
35717,1506,811
35718,1506,809
35719,1504,811
35720,1504,809
35721,1505,811
35722,1504,811
35723,1506,812
35724,1505,809
35725,1505,811
35726,1504,810
35727,1504,810
35728,1504,810
35729,1504,809
35730,1504,811
35731,1504,810
35732,1505,811
35733,1506,809
35734,1505,810
35735,1504,810
35736,1504,810
35737,1504,809
35738,1504,809
35739,1504,809
35740,1506,809
35741,1505,810
35742,1506,809
35743,1506,811
35744,1506,811
35745,1505,811
35746,1506,809
35747,1506,809
35748,1505,809
35749,1506,809
35750,1506,811
35751,1506,811
35752,1506,811
35753,1506,809
35754,1506,811
35755,1505,810
35756,1506,810
35757,1504,810
35758,1506,810
35759,1505,810
35760,1504,811
35761,1505,810
35762,1506,810
35763,1506,810
35764,1504,809
35765,1504,811
35766,1504,811
35767,1506,811
35768,1504,810
35769,1506,811
35770,1505,811
35771,1506,811
35772,1505,811
35773,1505,811
35774,1506,811
35775,1505,810
35776,1505,811
35777,1506,810
35778,1506,811
35779,1506,811
35780,1504,811
35781,1505,810
35782,1506,811
35783,1505,810
35784,1506,810
35785,1506,809
35786,1505,811
35787,1504,811
35788,1505,811
35789,1504,809
35790,1504,809
35791,1506,808
35792,1506,810
35793,1504,811
35794,1505,807
35795,1504,809
35796,1506,810
35797,1506,809
35798,1506,809
35799,1506,809
35800,1506,809
35801,1506,811
35802,1504,812
35803,1505,812
35804,1505,811
35805,1504,811
35806,1505,813
35807,1504,811
35808,1506,811
35809,1505,811
35810,1504,811
35811,1505,811
35812,1505,811
35813,1504,811
35814,1506,811
35815,1504,809
35816,1504,810
35817,1506,809
35818,1506,811
35819,1506,810
35820,1506,811
35821,1506,809
35822,1504,812
35823,1506,809
35824,1506,811
35825,1505,811
35826,1505,809
35827,1505,809
35828,1504,811
35829,1506,809
35830,1506,809
35831,1506,811
35832,1505,811
35833,1505,810
35834,1506,811
35835,1504,809
35836,1505,811
35837,1506,811
35838,1506,811
35839,1506,809
35840,1505,811
35841,1506,809
35842,1505,809
35843,1504,810
35844,1506,811
35845,1506,812
35846,1505,811
35847,1506,809
35848,1505,811
35849,1507,810
35850,1505,809
35851,1505,811
35852,1506,811
35853,1506,808
35854,1505,811
35855,1506,809
35856,1505,809
35857,1504,808
35858,1506,809
35859,1504,811
35860,1504,809
35861,1506,812
35862,1504,809
35863,1506,811
35864,1504,811
35865,1504,810
35866,1504,809
35867,1506,812
35868,1504,811
35869,1504,809
35870,1506,811
35871,1504,809
35872,1506,810
35873,1504,810
35874,1506,809
35875,1506,812
35876,1506,813
35877,1506,809
35878,1504,810
35879,1504,811
35880,1505,811
35881,1506,811
35882,1504,809
35883,1505,811
35884,1504,811
35885,1506,811
35886,1504,811
35887,1506,809
35888,1504,811
35889,1504,811
35890,1506,809
35891,1505,808
35892,1505,810
35893,1504,810
35894,1504,810
35895,1504,810
35896,1504,811
35897,1506,811
35898,1504,811
35899,1506,809
35900,1505,809
35901,1504,812
35902,1505,810
35903,1504,811
35904,1504,811
35905,1506,810
35906,1506,811
35907,1506,811
35908,1506,811
35909,1505,811
35910,1505,812
35911,1504,810
35912,1506,811
35913,1504,811
35914,1504,811
35915,1505,811
35916,1506,811
35917,1506,810
35918,1505,812
35919,1506,809
35920,1506,811
35921,1506,811
35922,1504,811
35923,1504,812
35924,1506,811
35925,1504,810
35926,1506,811
35927,1504,810
35928,1505,809
35929,1506,811
35930,1506,810
35931,1506,811
35932,1505,810
35933,1504,811
35934,1506,810
35935,1504,812
35936,1506,813
35937,1505,811
35938,1504,812
35939,1506,810
35940,1506,812
35941,1505,810
35942,1505,810
35943,1506,811
35944,1506,811
35945,1507,811
35946,1505,811
35947,1504,812
35948,1504,811
35949,1504,813
35950,1506,809
35951,1506,811
35952,1504,811
35953,1506,809
35954,1504,811
35955,1504,808
35956,1506,811
35957,1506,811
35958,1505,809
35959,1506,809
35960,1506,811
35961,1506,811
35962,1504,811
35963,1506,811
35964,1506,811
35965,1506,811
35966,1506,811
35967,1505,810
35968,1504,811
35969,1506,810
35970,1504,811
35971,1506,811
35972,1505,811
35973,1506,809
35974,1506,811
35975,1506,811
35976,1506,811
35977,1504,809
35978,1504,811
35979,1506,811
35980,1504,811
35981,1505,812
35982,1504,811
35983,1505,811
35984,1504,809
35985,1506,810
35986,1506,811
35987,1504,811
35988,1504,812
35989,1504,810
35990,1505,810
35991,1506,808
35992,1506,809
35993,1507,809
35994,1505,809
35995,1507,809
35996,1506,809
35997,1506,809
35998,1506,809
35999,1505,809
36000,1504,811
36001,1506,809
36002,1504,813
36003,1506,811
36004,1506,811
36005,1504,810
36006,1505,810
36007,1504,811
36008,1504,811
36009,1505,811
36010,1505,809
36011,1504,811
36012,1506,810
36013,1504,811
36014,1504,809
36015,1504,811
36016,1506,810
36017,1505,809
36018,1506,811
36019,1504,811
36020,1506,810
36021,1506,811
36022,1506,809
36023,1504,811
36024,1504,809
36025,1504,811
36026,1504,810
36027,1506,810
36028,1505,813
36029,1504,810
36030,1505,811
36031,1504,809
36032,1504,811
36033,1500,811
36034,1505,809
36035,1505,797
36036,1506,809
36037,1504,805
36038,1504,811
36039,1505,809
36040,1504,811
36041,1506,809
36042,1505,811
36043,1504,809
36044,1505,811
36045,1504,811
36046,1505,811
36047,1504,811
36048,1506,811
36049,1505,811
36050,1505,809
36051,1504,811
36052,1505,809
36053,1506,810
36054,1504,811
36055,1504,811
36056,1506,811
36057,1505,811
36058,1504,811
36059,1504,811
36060,1505,811
36061,1506,810
36062,1504,809
36063,1505,811
36064,1504,811
36065,1504,809
36066,1506,812
36067,1504,811
36068,1506,811
36069,1505,811
36070,1506,811
36071,1506,812
36072,1504,811
36073,1506,812
36074,1506,810
36075,1505,811
36076,1504,809
36077,1504,809
36078,1504,810
36079,1506,809
36080,1505,809
36081,1505,809
36082,1504,809
36083,1505,810
36084,1505,809
36085,1506,809
36086,1504,809
36087,1506,809
36088,1504,809
36089,1504,811
36090,1504,811
36091,1505,811
36092,1506,811
36093,1505,811
36094,1504,810
36095,1506,810
36096,1505,811
36097,1505,809
36098,1504,811
36099,1504,811
36100,1506,811
36101,1505,811
36102,1506,811
36103,1504,811
36104,1504,811
36105,1504,810
36106,1504,810
36107,1504,811
36108,1505,811
36109,1504,811
36110,1504,811
36111,1504,812
36112,1504,811
36113,1504,811
36114,1506,811
36115,1504,809
36116,1505,811
36117,1506,810
36118,1504,811
36119,1504,810
36120,1506,811
36121,1506,810
36122,1506,811
36123,1504,811
36124,1506,811
36125,1506,811
36126,1506,811
36127,1506,811
36128,1504,811
36129,1506,810
36130,1504,810
36131,1506,811
36132,1504,810
36133,1504,809
36134,1506,811
36135,1504,811
36136,1506,811
36137,1501,811
36138,1506,811
36139,1504,813
36140,1505,809
36141,1505,809
36142,1504,811
36143,1504,810
36144,1505,810
36145,1504,813
36146,1506,811
36147,1506,811
36148,1504,811
36149,1506,811
36150,1504,811
36151,1504,812
36152,1504,810
36153,1504,809
36154,1506,810
36155,1506,812
36156,1504,812
36157,1504,810
36158,1506,810
36159,1504,812
36160,1504,811
36161,1504,811
36162,1505,809
36163,1504,811
36164,1504,811
36165,1505,810
36166,1505,810
36167,1506,810
36168,1506,812
36169,1504,809
36170,1504,809
36171,1506,811
36172,1505,811
36173,1504,811
36174,1504,811
36175,1505,811
36176,1506,817
36177,1505,811
36178,1505,810
36179,1505,811
36180,1506,809
36181,1504,809
36182,1506,810
36183,1506,809
36184,1506,809
36185,1506,809
36186,1506,809
36187,1504,809
36188,1506,811
36189,1505,811
36190,1504,809
36191,1505,811
36192,1506,810
36193,1505,811
36194,1506,809
36195,1505,809
36196,1506,808
36197,1505,809
36198,1504,809
36199,1506,809
36200,1506,809
36201,1504,809
36202,1506,811
36203,1505,809
36204,1506,811
36205,1506,809
36206,1505,812
36207,1506,809
36208,1504,809
36209,1505,810
36210,1506,811
36211,1506,811
36212,1506,812
36213,1506,809
36214,1506,811
36215,1504,811
36216,1506,811
36217,1506,811
36218,1506,811
36219,1506,812
36220,1505,809
36221,1504,813
36222,1506,809
36223,1505,810
36224,1506,811
36225,1504,811
36226,1504,811
36227,1505,809
36228,1505,810
36229,1506,811
36230,1506,809
36231,1506,811
36232,1505,811
36233,1506,811
36234,1506,811
36235,1505,811
36236,1504,812
36237,1506,811
36238,1506,811
36239,1504,811
36240,1504,811
36241,1506,812
36242,1505,810
36243,1506,811
36244,1504,810
36245,1506,812
36246,1504,811
36247,1505,812
36248,1504,813
36249,1506,811
36250,1505,811
36251,1504,811
36252,1505,812
36253,1504,813
36254,1504,812
36255,1506,811
36256,1504,811
36257,1506,812
36258,1506,812
36259,1505,811
36260,1504,811
36261,1506,812
36262,1506,811
36263,1504,811
36264,1504,813
36265,1506,811
36266,1505,811
36267,1506,811
36268,1504,811
36269,1505,811
36270,1505,811
36271,1505,811
36272,1504,811
36273,1506,811
36274,1506,813
36275,1506,811
36276,1505,810
36277,1505,811
36278,1504,811
36279,1506,811
36280,1505,812
36281,1505,811
36282,1506,811
36283,1505,811
36284,1504,811
36285,1505,811
36286,1504,811
36287,1505,810
36288,1505,811
36289,1506,809
36290,1506,811
36291,1505,809
36292,1505,809
36293,1505,811
36294,1506,809
36295,1506,811
36296,1504,810
36297,1506,811
36298,1506,811
36299,1505,810
36300,1506,812
36301,1507,812
36302,1506,813
36303,1506,811
36304,1505,812
36305,1504,810
36306,1505,811
36307,1506,811
36308,1505,813
36309,1506,811
36310,1504,811
36311,1504,811
36312,1504,812
36313,1505,809
36314,1506,811
36315,1504,812
36316,1505,811
36317,1504,812
36318,1505,811
36319,1505,811
36320,1504,811
36321,1505,811
36322,1504,812
36323,1504,811
36324,1505,813
36325,1504,811
36326,1506,811
36327,1504,811
36328,1505,813
36329,1504,811
36330,1506,811
36331,1504,812
36332,1504,811
36333,1506,809
36334,1505,812
36335,1504,811
36336,1504,811
36337,1505,811
36338,1504,811
36339,1506,812
36340,1504,811
36341,1504,811
36342,1506,811
36343,1504,812
36344,1505,812
36345,1506,812
36346,1505,812
36347,1504,811
36348,1504,811
36349,1504,813
36350,1506,811
36351,1504,813
36352,1504,811
36353,1504,811
36354,1505,810
36355,1505,811
36356,1504,813
36357,1505,811
36358,1504,811
36359,1506,811
36360,1504,813
36361,1504,812
36362,1504,811
36363,1504,811
36364,1506,811
36365,1505,811
36366,1504,811
36367,1505,811
36368,1504,811
36369,1505,811
36370,1504,811
36371,1505,811
36372,1504,811
36373,1506,810
36374,1504,811
36375,1505,811
36376,1504,811
36377,1506,809
36378,1506,811
36379,1504,811
36380,1504,812
36381,1504,811
36382,1504,812
36383,1504,812
36384,1504,812
36385,1504,809
36386,1506,812
36387,1504,811
36388,1504,811
36389,1506,810
36390,1506,811
36391,1505,808
36392,1504,811
36393,1504,810
36394,1504,809
36395,1504,809
36396,1504,811
36397,1504,811
36398,1504,809
36399,1506,811
36400,1505,811
36401,1506,811
36402,1506,811
36403,1504,810
36404,1504,809
36405,1504,811
36406,1506,810
36407,1506,810
36408,1506,811
36409,1506,809
36410,1506,811
36411,1504,810
36412,1506,812
36413,1504,809
36414,1505,811
36415,1504,809
36416,1505,811
36417,1504,811
36418,1504,811
36419,1504,811
36420,1504,812
36421,1504,810
36422,1504,811
36423,1504,811
36424,1504,810
36425,1506,811
36426,1505,813
36427,1506,811
36428,1504,809
36429,1504,809
36430,1506,809
36431,1504,811
36432,1505,811
36433,1504,809
36434,1504,811
36435,1504,810
36436,1504,811
36437,1506,809
36438,1506,812
36439,1506,811
36440,1504,811
36441,1506,809
36442,1504,811
36443,1504,811
36444,1506,813
36445,1504,811
36446,1506,811
36447,1504,811
36448,1505,811
36449,1506,811
36450,1506,811
36451,1504,811
36452,1505,811
36453,1504,809
36454,1506,811
36455,1506,809
36456,1504,811
36457,1505,811
36458,1504,811
36459,1505,810
36460,1504,811
36461,1504,809
36462,1504,809
36463,1506,811
36464,1504,809
36465,1505,809
36466,1504,811
36467,1504,810
36468,1506,811
36469,1506,811
36470,1506,813
36471,1506,811
36472,1506,810
36473,1505,811
36474,1506,811
36475,1506,811
36476,1506,811
36477,1504,809
36478,1506,811
36479,1505,811
36480,1504,811
36481,1505,809
36482,1504,811
36483,1504,811
36484,1505,811
36485,1504,809
36486,1506,811
36487,1504,810
36488,1504,810
36489,1506,809
36490,1505,809
36491,1506,809
36492,1506,809
36493,1506,809
36494,1505,809
36495,1504,811
36496,1505,809
36497,1504,809
36498,1506,808
36499,1504,809
36500,1506,811
36501,1504,810
36502,1506,809
36503,1505,811
36504,1506,811
36505,1506,811
36506,1505,811
36507,1506,811
36508,1506,809
36509,1505,810
36510,1506,809
36511,1506,812
36512,1504,810
36513,1505,811
36514,1506,811
36515,1504,811
36516,1506,811
36517,1506,809
36518,1505,809
36519,1505,809
36520,1504,811
36521,1504,810
36522,1506,811
36523,1506,811
36524,1505,811
36525,1506,810
36526,1506,810
36527,1504,811
36528,1504,811
36529,1504,813
36530,1506,811
36531,1505,809
36532,1505,810
36533,1505,811
36534,1505,809
36535,1504,810
36536,1506,811
36537,1506,810
36538,1506,811
36539,1505,810
36540,1506,811
36541,1506,810
36542,1504,810
36543,1506,813
36544,1504,811
36545,1504,812
36546,1504,812
36547,1506,813
36548,1506,811
36549,1504,810
36550,1505,811
36551,1505,810
36552,1504,813
36553,1504,811
36554,1506,811
36555,1504,812
36556,1505,811
36557,1506,812
36558,1506,811
36559,1505,812
36560,1504,811
36561,1504,811
36562,1506,811
36563,1505,811
36564,1504,812
36565,1507,812
36566,1506,811
36567,1504,813
36568,1506,812
36569,1504,812
36570,1506,811
36571,1506,809
36572,1506,812
36573,1504,811
36574,1506,813
36575,1504,811
36576,1506,809
36577,1504,811
36578,1506,811
36579,1506,811
36580,1505,810
36581,1504,810
36582,1504,810
36583,1505,811
36584,1507,810
36585,1504,811
36586,1504,811
36587,1506,811
36588,1505,812
36589,1504,811
36590,1504,811
36591,1506,811
36592,1505,811
36593,1504,811
36594,1504,812
36595,1504,813
36596,1506,810
36597,1506,812
36598,1504,811
36599,1504,812
36600,1504,811
36601,1506,812
36602,1504,811
36603,1507,810
36604,1506,810
36605,1504,797
36606,1499,815
36607,1505,825
36608,1508,793
36609,1500,807
36610,1506,812
36611,1506,795
36612,1508,808
36613,1504,813
36614,1507,809
36615,1507,815
36616,1506,799
36617,1504,809
36618,1504,809
36619,1503,809
36620,1506,812
36621,1507,792
36622,1504,813
36623,1504,797
36624,1505,803
36625,1506,822
36626,1508,809
36627,1500,824
36628,1504,805
36629,1504,805
36630,1506,805
36631,1505,812
36632,1505,808
36633,1506,810
36634,1504,813
36635,1504,811
36636,1506,811
36637,1506,813
36638,1506,811
36639,1506,811
36640,1506,811
36641,1505,811
36642,1504,812
36643,1506,811
36644,1504,811
36645,1505,811
36646,1504,811
36647,1504,813
36648,1505,811
36649,1504,812
36650,1504,812
36651,1504,811
36652,1505,811
36653,1506,812
36654,1506,811
36655,1506,811
36656,1506,813
36657,1505,811
36658,1504,813
36659,1504,811
36660,1504,812
36661,1504,811
36662,1505,812
36663,1504,811
36664,1506,811
36665,1504,811
36666,1505,812
36667,1506,813
36668,1504,811
36669,1506,811
36670,1504,811
36671,1506,811
36672,1506,811
36673,1506,812
36674,1506,811
36675,1504,812
36676,1505,809
36677,1506,811
36678,1504,811
36679,1505,811
36680,1504,809
36681,1506,809
36682,1505,811
36683,1504,811
36684,1506,809
36685,1506,811
36686,1506,811
36687,1504,811
36688,1505,811
36689,1504,811
36690,1506,810
36691,1505,811
36692,1504,811
36693,1505,809
36694,1504,811
36695,1505,809
36696,1505,809
36697,1505,811
36698,1505,811
36699,1504,809
36700,1504,809
36701,1504,811
36702,1504,812
36703,1504,811
36704,1506,813
36705,1504,812
36706,1504,811
36707,1506,811
36708,1506,810
36709,1506,811
36710,1504,811
36711,1505,811
36712,1505,812
36713,1504,813
36714,1505,811
36715,1504,811
36716,1505,812
36717,1504,811
36718,1504,812
36719,1504,811
36720,1504,812
36721,1506,812
36722,1505,812
36723,1504,811
36724,1504,811
36725,1505,811
36726,1505,811
36727,1504,811
36728,1504,811
36729,1506,811
36730,1504,811
36731,1504,811
36732,1505,812
36733,1504,812
36734,1506,811
36735,1504,811
36736,1506,811
36737,1504,813
36738,1506,812
36739,1504,811
36740,1506,811
36741,1505,810
36742,1505,812
36743,1504,813
36744,1505,811
36745,1504,811
36746,1504,811
36747,1505,811
36748,1504,812
36749,1505,810
36750,1506,811
36751,1504,811
36752,1504,811
36753,1504,811
36754,1506,812
36755,1504,813
36756,1504,811
36757,1506,811
36758,1505,811
36759,1506,811
36760,1504,811
36761,1506,810
36762,1504,809
36763,1504,812
36764,1505,811
36765,1506,811
36766,1506,811
36767,1506,812
36768,1505,811
36769,1506,811
36770,1504,811
36771,1505,811
36772,1504,812
36773,1504,811
36774,1505,811
36775,1504,813
36776,1504,811
36777,1505,810
36778,1503,811
36779,1504,811
36780,1505,811
36781,1506,812
36782,1506,811
36783,1504,811
36784,1504,811
36785,1504,811
36786,1506,811
36787,1505,812
36788,1506,812
36789,1505,811
36790,1506,809
36791,1504,811
36792,1504,811
36793,1506,811
36794,1505,809
36795,1507,811
36796,1504,809
36797,1505,809
36798,1506,811
36799,1504,811
36800,1504,809
36801,1504,811
36802,1504,812
36803,1506,811
36804,1505,811
36805,1504,812
36806,1504,811
36807,1505,811
36808,1504,811
36809,1504,811
36810,1504,812
36811,1504,812
36812,1505,813
36813,1505,811
36814,1504,812
36815,1504,811
36816,1505,811
36817,1504,812
36818,1504,813
36819,1505,811
36820,1504,812
36821,1506,811
36822,1505,811
36823,1504,811
36824,1504,811
36825,1506,811
36826,1505,811
36827,1506,812
36828,1504,811
36829,1504,811
36830,1504,813
36831,1504,813
36832,1504,811
36833,1504,810
36834,1506,811
36835,1504,811
36836,1504,810
36837,1504,811
36838,1504,811
36839,1506,811
36840,1506,810
36841,1506,811
36842,1506,811
36843,1504,812
36844,1506,813
36845,1505,813
36846,1506,811
36847,1506,811
36848,1505,813
36849,1504,811
36850,1504,811
36851,1506,812
36852,1506,811
36853,1504,811
36854,1506,811
36855,1504,812
36856,1504,813
36857,1506,811
36858,1505,811
36859,1505,812
36860,1504,810
36861,1505,811
36862,1504,812
36863,1506,811
36864,1505,811
36865,1504,811
36866,1504,811
36867,1504,811
36868,1505,811
36869,1504,811
36870,1504,812
36871,1504,813
36872,1505,812
36873,1502,811
36874,1504,812
36875,1505,813
36876,1504,811
36877,1505,811
36878,1504,811
36879,1506,812
36880,1505,809
36881,1504,811
36882,1506,811
36883,1505,811
36884,1504,809
36885,1506,811
36886,1506,811
36887,1505,811
36888,1504,811
36889,1505,811
36890,1504,813
36891,1505,809
36892,1506,811
36893,1504,809
36894,1504,810
36895,1505,811
36896,1506,809
36897,1504,811
36898,1505,811
36899,1505,811
36900,1504,810
36901,1504,811
36902,1505,811
36903,1504,812
36904,1506,813
36905,1506,811
36906,1504,811
36907,1505,812
36908,1506,811
36909,1505,811
36910,1504,813
36911,1504,813
36912,1504,812
36913,1504,811
36914,1504,809
36915,1504,811
36916,1504,812
36917,1504,815
36918,1505,811
36919,1505,811
36920,1504,812
36921,1504,811
36922,1504,811
36923,1504,812
36924,1505,810
36925,1505,811
36926,1504,810
36927,1504,813
36928,1504,811
36929,1505,812
36930,1504,813
36931,1504,811
36932,1504,812
36933,1505,811
36934,1505,811
36935,1505,811
36936,1504,810
36937,1504,811
36938,1505,811
36939,1504,811
36940,1505,813
36941,1506,811
36942,1504,812
36943,1504,812
36944,1504,811
36945,1506,812
36946,1504,811
36947,1506,811
36948,1506,811
36949,1505,812
36950,1506,810
36951,1506,811
36952,1506,811
36953,1506,811
36954,1506,811
36955,1505,811
36956,1506,811
36957,1504,811
36958,1504,813
36959,1506,811
36960,1506,811
36961,1504,812
36962,1504,811
36963,1504,812
36964,1506,812
36965,1504,811
36966,1506,813
36967,1506,811
36968,1504,811
36969,1506,812
36970,1504,811
36971,1506,811
36972,1504,810
36973,1505,811
36974,1504,812
36975,1504,811
36976,1504,811
36977,1505,811
36978,1504,811
36979,1505,811
36980,1506,812
36981,1504,811
36982,1506,813
36983,1506,811
36984,1506,811
36985,1504,811
36986,1506,811
36987,1505,811
36988,1504,811
36989,1504,810
36990,1504,809
36991,1506,809
36992,1505,811
36993,1504,811
36994,1504,810
36995,1504,809
36996,1506,810
36997,1506,811
36998,1506,811
36999,1504,811
37000,1504,811
37001,1504,811
37002,1504,813
37003,1506,811
37004,1506,811
37005,1504,811
37006,1504,811
37007,1504,811
37008,1504,812
37009,1504,811
37010,1504,811
37011,1505,812
37012,1504,811
37013,1504,812
37014,1505,811
37015,1504,814
37016,1504,811
37017,1506,812
37018,1504,811
37019,1506,812
37020,1504,812
37021,1504,811
37022,1504,811
37023,1505,812
37024,1506,811
37025,1505,812
37026,1504,812
37027,1504,811
37028,1504,811
37029,1506,811
37030,1504,811
37031,1505,811
37032,1504,811
37033,1506,811
37034,1504,809
37035,1505,811
37036,1504,810
37037,1504,811
37038,1504,810
37039,1505,810
37040,1504,810
37041,1506,811
37042,1506,811
37043,1504,809
37044,1505,811
37045,1506,812
37046,1505,811
37047,1506,811
37048,1504,812
37049,1506,811
37050,1505,811
37051,1504,811
37052,1506,811
37053,1504,811
37054,1506,812
37055,1506,811
37056,1504,811
37057,1505,811
37058,1507,811
37059,1504,810
37060,1504,811
37061,1505,813
37062,1504,812
37063,1504,812
37064,1505,811
37065,1504,811
37066,1504,811
37067,1504,811
37068,1505,811
37069,1505,811
37070,1504,811
37071,1504,812
37072,1504,811
37073,1506,811
37074,1504,811
37075,1504,811
37076,1505,809
37077,1504,811
37078,1504,811
37079,1505,811
37080,1504,810
37081,1506,811
37082,1504,811
37083,1504,811
37084,1506,811
37085,1504,810
37086,1506,811
37087,1505,811
37088,1504,811
37089,1506,811
37090,1506,811
37091,1505,812
37092,1504,811
37093,1504,813
37094,1506,811
37095,1504,812
37096,1506,811
37097,1504,810
37098,1504,811
37099,1505,811
37100,1505,811
37101,1505,811
37102,1504,811
37103,1506,811
37104,1504,811
37105,1506,811
37106,1506,812
37107,1505,811
37108,1504,813
37109,1504,811
37110,1506,811
37111,1504,811
37112,1504,811
37113,1504,811
37114,1504,811
37115,1505,811
37116,1504,810
37117,1506,813
37118,1504,811
37119,1504,813
37120,1504,811
37121,1504,812
37122,1504,812
37123,1504,811
37124,1504,811
37125,1504,813
37126,1504,811
37127,1504,812
37128,1504,813
37129,1504,810
37130,1506,811
37131,1506,811
37132,1504,812
37133,1506,811
37134,1505,812
37135,1504,812
37136,1506,812
37137,1506,811
37138,1506,811
37139,1505,812
37140,1504,812
37141,1506,813
37142,1504,811
37143,1507,811
37144,1504,811
37145,1506,811
37146,1505,811
37147,1505,812
37148,1506,811
37149,1505,813
37150,1504,813
37151,1504,813
37152,1504,812
37153,1505,812
37154,1506,811
37155,1504,811
37156,1504,813
37157,1506,812
37158,1506,811
37159,1504,812
37160,1506,813
37161,1504,811
37162,1506,812
37163,1504,813
37164,1505,813
37165,1504,811
37166,1505,811
37167,1506,812
37168,1506,812
37169,1506,811
37170,1505,813
37171,1506,811
37172,1506,811
37173,1504,811
37174,1504,813
37175,1506,811
37176,1506,812
37177,1505,811
37178,1504,811
37179,1506,811
37180,1505,811
37181,1504,811
37182,1505,811
37183,1505,811
37184,1505,813
37185,1506,811
37186,1505,810
37187,1505,811
37188,1504,814
37189,1506,811
37190,1505,812
37191,1504,811
37192,1506,811
37193,1506,811
37194,1506,811
37195,1504,811
37196,1505,812
37197,1505,813
37198,1504,811
37199,1505,811
37200,1505,811
37201,1504,813
37202,1506,811
37203,1505,813
37204,1504,813
37205,1504,812
37206,1504,813
37207,1504,812
37208,1504,813
37209,1506,813
37210,1505,811
37211,1505,811
37212,1506,812
37213,1504,812
37214,1504,813
37215,1504,813
37216,1504,813
37217,1506,814
37218,1504,813
37219,1504,811
37220,1504,815
37221,1505,811
37222,1504,811
37223,1504,812
37224,1504,813
37225,1506,813
37226,1504,813
37227,1504,812
37228,1504,813
37229,1504,813
37230,1506,813
37231,1506,811
37232,1504,811
37233,1506,813
37234,1506,812
37235,1505,811
37236,1506,811
37237,1506,812
37238,1506,813
37239,1506,812
37240,1507,813
37241,1506,811
37242,1505,813
37243,1504,812
37244,1506,811
37245,1505,812
37246,1505,812
37247,1505,811
37248,1504,811
37249,1505,811
37250,1504,813
37251,1505,812
37252,1504,811
37253,1504,811
37254,1504,811
37255,1504,813
37256,1504,811
37257,1504,811
37258,1506,811
37259,1505,811
37260,1504,811
37261,1506,812
37262,1506,811
37263,1504,810
37264,1504,811
37265,1506,810
37266,1504,811
37267,1504,812
37268,1505,811
37269,1504,811
37270,1504,813
37271,1506,811
37272,1505,813
37273,1504,811
37274,1506,812
37275,1506,811
37276,1504,810
37277,1506,811
37278,1504,811
37279,1506,812
37280,1504,811
37281,1506,811
37282,1505,810
37283,1505,811
37284,1506,811
37285,1506,811
37286,1506,812
37287,1505,811
37288,1504,811
37289,1504,809
37290,1504,811
37291,1506,808
37292,1505,811
37293,1506,810
37294,1505,809
37295,1504,811
37296,1506,809
37297,1506,809
37298,1505,811
37299,1505,810
37300,1505,811
37301,1504,813
37302,1504,811
37303,1505,811
37304,1504,811
37305,1504,811
37306,1506,813
37307,1504,811
37308,1504,811
37309,1504,813
37310,1504,813
37311,1505,811
37312,1505,811
37313,1504,813
37314,1504,813
37315,1505,811
37316,1504,811
37317,1506,813
37318,1504,811
37319,1504,810
37320,1504,812
37321,1504,812
37322,1505,813
37323,1504,811
37324,1504,812
37325,1504,811
37326,1504,811
37327,1504,811
37328,1504,811
37329,1504,811
37330,1504,811
37331,1504,812
37332,1505,812
37333,1504,812
37334,1506,812
37335,1506,811
37336,1506,813
37337,1504,812
37338,1504,811
37339,1504,812
37340,1506,813
37341,1506,811
37342,1506,811
37343,1505,811
37344,1504,811
37345,1504,812
37346,1505,812
37347,1505,811
37348,1506,812
37349,1504,811
37350,1504,811
37351,1506,811
37352,1504,811
37353,1504,812
37354,1506,813
37355,1504,810
37356,1506,811
37357,1504,811
37358,1506,813
37359,1504,811
37360,1504,812
37361,1505,811
37362,1505,812
37363,1506,813
37364,1505,811
37365,1504,811
37366,1504,811
37367,1504,811
37368,1504,811
37369,1506,811
37370,1504,813
37371,1506,812
37372,1505,811
37373,1505,811
37374,1506,813
37375,1504,812
37376,1504,811
37377,1506,811
37378,1505,811
37379,1506,811
37380,1504,811
37381,1504,811
37382,1505,811
37383,1506,810
37384,1506,810
37385,1504,811
37386,1505,812
37387,1505,811
37388,1505,811
37389,1505,811
37390,1505,809
37391,1505,811
37392,1504,811
37393,1504,810
37394,1504,811
37395,1505,811
37396,1504,810
37397,1506,811
37398,1505,811
37399,1504,811
37400,1505,811
37401,1504,809
37402,1504,811
37403,1504,813
37404,1505,813
37405,1504,811
37406,1504,812
37407,1504,811
37408,1504,812
37409,1504,811
37410,1506,813
37411,1505,811
37412,1504,812
37413,1506,813
37414,1504,810
37415,1504,813
37416,1504,811
37417,1505,812
37418,1504,813
37419,1504,813
37420,1504,812
37421,1505,813
37422,1504,812
37423,1506,813
37424,1504,813
37425,1504,813
37426,1504,813
37427,1506,812
37428,1506,811
37429,1504,813
37430,1505,814
37431,1504,813
37432,1504,813
37433,1505,813
37434,1504,812
37435,1504,811
37436,1504,813
37437,1506,813
37438,1504,812
37439,1504,813
37440,1504,811
37441,1504,811
37442,1504,814
37443,1505,812
37444,1505,813
37445,1504,813
37446,1504,813
37447,1504,814
37448,1504,813
37449,1504,813
37450,1504,813
37451,1505,813
37452,1504,813
37453,1504,812
37454,1504,813
37455,1506,811
37456,1506,811
37457,1504,811
37458,1506,812
37459,1504,814
37460,1504,813
37461,1506,813
37462,1505,812
37463,1505,813
37464,1505,813
37465,1505,813
37466,1506,813
37467,1506,813
37468,1504,813
37469,1504,811
37470,1506,811
37471,1504,812
37472,1506,811
37473,1504,813
37474,1506,812
37475,1506,813
37476,1505,813
37477,1505,813
37478,1504,813
37479,1505,811
37480,1506,811
37481,1505,813
37482,1504,813
37483,1506,813
37484,1504,813
37485,1504,813
37486,1505,813
37487,1505,813
37488,1505,812
37489,1505,811
37490,1505,811
37491,1505,811
37492,1505,813
37493,1505,812
37494,1505,812
37495,1504,812
37496,1505,811
37497,1504,811
37498,1506,811
37499,1505,811
37500,1506,811
37501,1504,813
37502,1504,813
37503,1506,813
37504,1506,811
37505,1504,812
37506,1505,812
37507,1505,813
37508,1504,813
37509,1505,812
37510,1506,813
37511,1505,813
37512,1504,813
37513,1504,811
37514,1506,813
37515,1505,812
37516,1505,813
37517,1506,813
37518,1504,813
37519,1504,811
37520,1504,813
37521,1504,812
37522,1504,811
37523,1504,813
37524,1504,812
37525,1505,811
37526,1505,813
37527,1504,813
37528,1504,813
37529,1506,811
37530,1504,811
37531,1504,811
37532,1504,811
37533,1504,813
37534,1504,811
37535,1504,811
37536,1504,813
37537,1506,811
37538,1505,811
37539,1504,812
37540,1505,811
37541,1504,812
37542,1505,812
37543,1505,813
37544,1506,813
37545,1506,814
37546,1506,813
37547,1504,813
37548,1506,813
37549,1506,813
37550,1506,811
37551,1504,814
37552,1505,813
37553,1506,814
37554,1505,812
37555,1506,812
37556,1506,813
37557,1506,812
37558,1505,811
37559,1505,813
37560,1506,812
37561,1505,813
37562,1505,811
37563,1506,813
37564,1506,812
37565,1506,812
37566,1505,812
37567,1505,814
37568,1506,812
37569,1505,812
37570,1506,812
37571,1506,811
37572,1504,813
37573,1505,813
37574,1504,812
37575,1504,813
37576,1504,813
37577,1506,811
37578,1505,812
37579,1504,812
37580,1504,811
37581,1505,811
37582,1506,811
37583,1504,812
37584,1504,811
37585,1505,811
37586,1506,811
37587,1504,810
37588,1504,813
37589,1505,813
37590,1506,812
37591,1506,813
37592,1506,813
37593,1504,813
37594,1504,813
37595,1506,811
37596,1505,812
37597,1505,812
37598,1505,813
37599,1504,813
37600,1504,813
37601,1506,813
37602,1504,813
37603,1505,813
37604,1506,811
37605,1504,813
37606,1504,813
37607,1505,813
37608,1505,813
37609,1506,813
37610,1506,811
37611,1504,812
37612,1506,813
37613,1505,813
37614,1505,813
37615,1506,813
37616,1505,813
37617,1504,813
37618,1504,813
37619,1505,811
37620,1504,813
37621,1506,811
37622,1506,813
37623,1506,813
37624,1505,812
37625,1504,812
37626,1504,811
37627,1504,813
37628,1506,813
37629,1506,813
37630,1504,813
37631,1504,813
37632,1505,813
37633,1504,813
37634,1504,811
37635,1504,812
37636,1504,813
37637,1504,812
37638,1504,813
37639,1504,812
37640,1504,813
37641,1504,814
37642,1506,813
37643,1504,812
37644,1505,812
37645,1505,814
37646,1505,812
37647,1504,813
37648,1504,812
37649,1504,814
37650,1506,812
37651,1506,812
37652,1506,813
37653,1504,815
37654,1505,813
37655,1505,813
37656,1504,813
37657,1506,813
37658,1504,813
37659,1504,811
37660,1505,812
37661,1506,811
37662,1505,812
37663,1504,812
37664,1505,813
37665,1505,812
37666,1505,813
37667,1505,812
37668,1504,812
37669,1504,813
37670,1504,811
37671,1504,813
37672,1504,813
37673,1504,812
37674,1504,813
37675,1504,813
37676,1506,810
37677,1506,811
37678,1506,811
37679,1505,811
37680,1504,812
37681,1505,811
37682,1504,811
37683,1504,811
37684,1504,811
37685,1506,812
37686,1506,811
37687,1506,811
37688,1506,812
37689,1505,813
37690,1506,812
37691,1506,812
37692,1505,811
37693,1505,812
37694,1505,811
37695,1505,812
37696,1505,812
37697,1505,812
37698,1505,811
37699,1504,812
37700,1505,811
37701,1504,813
37702,1504,812
37703,1506,812
37704,1504,814
37705,1504,813
37706,1505,811
37707,1505,813
37708,1504,813
37709,1506,813
37710,1506,811
37711,1506,813
37712,1506,812
37713,1506,813
37714,1505,813
37715,1505,813
37716,1504,813
37717,1504,812
37718,1506,813
37719,1506,813
37720,1504,813
37721,1504,812
37722,1506,813
37723,1504,814
37724,1504,812
37725,1504,814
37726,1505,812
37727,1504,812
37728,1504,813
37729,1505,814
37730,1506,813
37731,1505,812
37732,1505,812
37733,1504,813
37734,1505,813
37735,1504,813
37736,1504,811
37737,1504,812
37738,1506,812
37739,1504,811
37740,1504,813
37741,1504,813
37742,1504,812
37743,1506,811
37744,1505,811
37745,1505,813
37746,1505,813
37747,1505,812
37748,1504,813
37749,1506,812
37750,1506,813
37751,1504,813
37752,1504,813
37753,1505,813
37754,1504,813
37755,1504,813
37756,1504,812
37757,1505,811
37758,1505,812
37759,1505,811
37760,1504,813
37761,1504,813
37762,1506,813
37763,1506,812
37764,1506,811
37765,1506,811
37766,1506,813
37767,1505,812
37768,1506,813
37769,1504,811
37770,1506,813
37771,1505,812
37772,1506,812
37773,1505,810
37774,1505,811
37775,1506,812
37776,1504,812
37777,1504,813
37778,1504,813
37779,1505,813
37780,1506,813
37781,1506,811
37782,1504,813
37783,1506,811
37784,1506,812
37785,1504,815
37786,1504,812
37787,1506,811
37788,1507,813
37789,1504,811
37790,1505,813
37791,1506,811
37792,1505,811
37793,1504,811
37794,1505,811
37795,1505,811
37796,1504,811
37797,1504,821
37798,1504,811
37799,1506,813
37800,1504,811
37801,1504,813
37802,1506,813
37803,1506,813
37804,1505,811
37805,1506,814
37806,1505,813
37807,1504,814
37808,1504,813
37809,1504,815
37810,1506,811
37811,1504,811
37812,1506,813
37813,1505,814
37814,1506,814
37815,1506,811
37816,1506,813
37817,1506,811
37818,1504,815
37819,1505,811
37820,1505,812
37821,1506,813
37822,1504,813
37823,1504,813
37824,1506,812
37825,1506,812
37826,1506,814
37827,1505,813
37828,1504,812
37829,1506,813
37830,1506,813
37831,1504,813
37832,1504,811
37833,1504,813
37834,1504,813
37835,1506,812
37836,1504,811
37837,1506,813
37838,1506,813
37839,1506,813
37840,1506,811
37841,1504,813
37842,1506,811
37843,1506,813
37844,1506,811
37845,1505,813
37846,1506,813
37847,1504,811
37848,1505,811
37849,1505,813
37850,1505,813
37851,1506,812
37852,1505,811
37853,1504,812
37854,1506,811
37855,1505,813
37856,1506,813
37857,1504,813
37858,1504,812
37859,1506,813
37860,1506,813
37861,1506,812
37862,1504,814
37863,1506,813
37864,1505,811
37865,1504,813
37866,1505,811
37867,1506,813
37868,1506,813
37869,1506,813
37870,1504,812
37871,1504,813
37872,1506,811
37873,1506,815
37874,1506,813
37875,1504,812
37876,1504,811
37877,1505,811
37878,1505,813
37879,1504,812
37880,1506,813
37881,1506,813
37882,1504,813
37883,1504,812
37884,1506,813
37885,1504,812
37886,1505,813
37887,1504,812
37888,1504,815
37889,1500,813
37890,1505,811
37891,1505,813
37892,1504,813
37893,1504,811
37894,1506,811
37895,1505,813
37896,1505,812
37897,1505,812
37898,1504,812
37899,1504,811
37900,1503,811
37901,1504,813
37902,1506,812
37903,1506,811
37904,1504,813
37905,1504,813
37906,1504,813
37907,1504,813
37908,1506,813
37909,1506,812
37910,1506,813
37911,1505,813
37912,1504,811
37913,1505,813
37914,1504,813
37915,1504,813
37916,1506,813
37917,1505,813
37918,1506,812
37919,1506,812
37920,1504,813
37921,1505,813
37922,1505,815
37923,1504,813
37924,1504,813
37925,1504,812
37926,1505,813
37927,1505,814
37928,1506,814
37929,1504,812
37930,1504,813
37931,1506,812
37932,1505,813
37933,1504,812
37934,1506,813
37935,1504,813
37936,1506,813
37937,1505,813
37938,1504,812
37939,1504,813
37940,1505,811
37941,1506,811
37942,1504,812
37943,1505,813
37944,1506,813
37945,1506,812
37946,1504,813
37947,1504,814
37948,1504,813
37949,1504,813
37950,1504,812
37951,1504,813
37952,1504,811
37953,1504,813
37954,1504,813
37955,1505,812
37956,1506,810
37957,1505,813
37958,1504,813
37959,1505,812
37960,1506,814
37961,1504,813
37962,1506,812
37963,1504,813
37964,1504,813
37965,1506,813
37966,1504,812
37967,1504,812
37968,1504,813
37969,1504,812
37970,1506,813
37971,1504,813
37972,1506,813
37973,1505,813
37974,1505,811
37975,1505,813
37976,1505,813
37977,1504,812
37978,1505,813
37979,1504,813
37980,1504,813
37981,1504,811
37982,1504,813
37983,1504,813
37984,1504,812
37985,1504,811
37986,1504,814
37987,1505,812
37988,1505,814
37989,1506,813
37990,1506,811
37991,1506,811
37992,1505,813
37993,1505,812
37994,1504,812
37995,1505,811
37996,1506,813
37997,1506,811
37998,1506,811
37999,1504,811
38000,1506,813
38001,1505,813
38002,1504,813
38003,1504,813
38004,1504,814
38005,1506,812
38006,1504,811
38007,1506,813
38008,1504,813
38009,1506,813
38010,1504,812
38011,1504,813
38012,1504,813
38013,1505,812
38014,1505,812
38015,1504,813
38016,1504,813
38017,1504,813
38018,1505,813
38019,1506,813
38020,1504,812
38021,1505,813
38022,1504,813
38023,1504,813
38024,1505,813
38025,1506,813
38026,1506,814
38027,1505,813
38028,1506,813
38029,1504,813
38030,1505,812
38031,1505,813
38032,1504,812
38033,1506,813
38034,1506,812
38035,1506,811
38036,1504,811
38037,1504,813
38038,1506,811
38039,1504,811
38040,1504,813
38041,1506,811
38042,1504,814
38043,1505,814
38044,1504,813
38045,1505,813
38046,1504,812
38047,1504,811
38048,1506,811
38049,1506,813
38050,1504,813
38051,1504,813
38052,1505,812
38053,1506,812
38054,1506,813
38055,1504,812
38056,1504,813
38057,1504,812
38058,1504,813
38059,1505,813
38060,1505,813
38061,1506,813
38062,1507,815
38063,1504,813
38064,1505,813
38065,1504,813
38066,1505,814
38067,1505,811
38068,1505,811
38069,1504,813
38070,1506,813
38071,1506,813
38072,1504,811
38073,1504,813
38074,1504,815
38075,1505,813
38076,1505,811
38077,1505,813
38078,1504,811
38079,1506,811
38080,1505,811
38081,1505,811
38082,1504,811
38083,1506,813
38084,1505,811
38085,1505,811
38086,1506,811
38087,1506,812
38088,1506,813
38089,1505,812
38090,1505,813
38091,1506,812
38092,1504,815
38093,1506,812
38094,1505,813
38095,1504,813
38096,1506,813
38097,1506,813
38098,1504,813
38099,1506,811
38100,1504,813
38101,1504,813
38102,1505,812
38103,1504,813
38104,1504,813
38105,1504,813
38106,1505,813
38107,1506,813
38108,1504,813
38109,1504,813
38110,1504,813
38111,1504,812
38112,1505,811
38113,1504,814
38114,1504,812
38115,1506,812
38116,1506,813
38117,1504,812
38118,1505,813
38119,1504,813
38120,1504,813
38121,1504,813
38122,1506,813
38123,1506,813
38124,1504,811
38125,1504,813
38126,1505,813
38127,1504,811
38128,1505,812
38129,1505,813
38130,1504,813
38131,1505,813
38132,1504,812
38133,1506,813
38134,1504,814
38135,1504,813
38136,1504,813
38137,1506,813
38138,1504,813
38139,1504,811
38140,1505,812
38141,1505,813
38142,1505,813
38143,1504,813
38144,1504,811
38145,1504,813
38146,1504,811
38147,1504,812
38148,1504,813
38149,1505,813
38150,1506,811
38151,1504,813
38152,1505,811
38153,1504,813
38154,1504,811
38155,1504,813
38156,1504,813
38157,1504,814
38158,1504,813
38159,1504,813
38160,1504,813
38161,1505,813
38162,1505,813
38163,1504,812
38164,1505,811
38165,1504,813
38166,1506,813
38167,1506,813
38168,1504,813
38169,1504,813
38170,1504,815
38171,1506,813
38172,1504,813
38173,1504,813
38174,1504,811
38175,1504,813
38176,1504,811
38177,1504,813
38178,1504,812
38179,1504,812
38180,1505,813
38181,1506,811
38182,1506,812
38183,1505,811
38184,1505,812
38185,1505,811
38186,1504,811
38187,1505,813
38188,1504,813
38189,1505,813
38190,1506,813
38191,1503,812
38192,1505,810
38193,1504,811
38194,1504,813
38195,1503,811
38196,1504,811
38197,1506,812
38198,1504,813
38199,1506,812
38200,1510,811
38201,1504,812
38202,1504,813
38203,1505,813
38204,1506,813
38205,1505,812
38206,1504,813
38207,1505,811
38208,1504,814
38209,1504,814
38210,1504,813
38211,1504,813
38212,1505,813
38213,1504,811
38214,1504,813
38215,1504,814
38216,1504,813
38217,1504,813
38218,1506,813
38219,1504,813
38220,1504,813
38221,1506,813
38222,1505,814
38223,1504,813
38224,1504,815
38225,1505,812
38226,1504,812
38227,1504,813
38228,1500,813
38229,1505,813
38230,1505,813
38231,1504,813
38232,1504,813
38233,1506,811
38234,1505,813
38235,1504,813
38236,1504,813
38237,1504,813
38238,1505,813
38239,1504,811
38240,1505,813
38241,1504,813
38242,1504,814
38243,1504,812
38244,1499,828
38245,1500,809
38246,1504,809
38247,1500,815
38248,1507,829
38249,1504,815
38250,1505,813
38251,1506,813
38252,1504,812
38253,1506,813
38254,1504,813
38255,1504,812
38256,1505,812
38257,1504,813
38258,1505,815
38259,1505,813
38260,1506,813
38261,1505,813
38262,1505,812
38263,1504,813
38264,1504,813
38265,1504,813
38266,1506,813
38267,1505,813
38268,1504,813
38269,1504,813
38270,1506,813
38271,1504,813
38272,1506,812
38273,1506,813
38274,1504,812
38275,1506,813
38276,1504,812
38277,1506,813
38278,1504,813
38279,1506,813
38280,1506,812
38281,1506,812
38282,1504,813
38283,1504,815
38284,1504,813
38285,1505,813
38286,1506,813
38287,1506,813
38288,1504,813
38289,1504,812
38290,1505,812
38291,1505,813
38292,1506,811
38293,1504,811
38294,1506,813
38295,1505,811
38296,1506,811
38297,1505,811
38298,1506,813
38299,1504,812
38300,1506,812
38301,1506,813
38302,1506,813
38303,1506,813
38304,1505,814
38305,1506,813
38306,1505,813
38307,1506,813
38308,1505,813
38309,1506,813
38310,1504,813
38311,1505,812
38312,1504,812
38313,1505,812
38314,1504,811
38315,1505,813
38316,1504,813
38317,1505,812
38318,1506,813
38319,1504,813
38320,1506,812
38321,1505,813
38322,1505,811
38323,1505,814
38324,1505,813
38325,1506,813
38326,1506,813
38327,1506,811
38328,1505,813
38329,1505,813
38330,1504,811
38331,1505,813
38332,1505,813
38333,1505,813
38334,1506,813
38335,1505,811
38336,1506,813
38337,1506,813
38338,1506,813
38339,1506,813
38340,1506,813
38341,1506,813
38342,1506,813
38343,1506,812
38344,1505,813
38345,1504,813
38346,1505,813
38347,1506,813
38348,1506,813
38349,1506,813
38350,1507,811
38351,1506,815
38352,1504,813
38353,1505,813
38354,1504,812
38355,1506,813
38356,1504,812
38357,1504,813
38358,1505,813
38359,1507,813
38360,1507,811
38361,1506,813
38362,1506,813
38363,1505,812
38364,1505,814
38365,1505,811
38366,1505,813
38367,1506,812
38368,1506,811
38369,1506,811
38370,1506,813
38371,1505,811
38372,1505,812
38373,1506,812
38374,1504,812
38375,1506,813
38376,1505,813
38377,1506,813
38378,1504,812
38379,1506,813
38380,1504,813
38381,1506,813
38382,1506,813
38383,1506,813
38384,1507,812
38385,1505,811
38386,1506,813
38387,1506,813
38388,1506,811
38389,1505,811
38390,1506,811
38391,1506,811
38392,1505,811
38393,1505,811
38394,1506,813
38395,1506,811
38396,1504,812
38397,1506,813
38398,1506,811
38399,1506,811
38400,1505,811
38401,1506,813
38402,1504,814
38403,1506,813
38404,1504,812
38405,1505,813
38406,1506,813
38407,1506,812
38408,1505,813
38409,1504,813
38410,1506,815
38411,1506,814
38412,1506,811
38413,1505,812
38414,1506,813
38415,1506,812
38416,1506,813
38417,1506,814
38418,1506,814
38419,1504,813
38420,1505,813
38421,1504,812
38422,1504,812
38423,1506,811
38424,1504,813
38425,1504,813
38426,1506,813
38427,1505,813
38428,1504,813
38429,1504,812
38430,1505,813
38431,1505,811
38432,1504,813
38433,1506,813
38434,1506,813
38435,1506,813
38436,1506,813
38437,1504,811
38438,1505,813
38439,1506,814
38440,1504,813
38441,1506,813
38442,1506,813
38443,1505,812
38444,1506,813
38445,1506,813
38446,1506,813
38447,1505,813
38448,1504,813
38449,1506,813
38450,1505,811
38451,1504,813
38452,1505,811
38453,1504,813
38454,1504,812
38455,1504,813
38456,1504,813
38457,1504,813
38458,1506,813
38459,1506,812
38460,1504,813
38461,1505,812
38462,1505,813
38463,1504,813
38464,1504,815
38465,1505,812
38466,1506,813
38467,1506,813
38468,1504,813
38469,1505,813
38470,1505,811
38471,1505,814
38472,1504,813
38473,1504,813
38474,1506,812
38475,1504,813
38476,1504,812
38477,1505,813
38478,1505,813
38479,1506,812
38480,1504,811
38481,1504,812
38482,1506,813
38483,1504,813
38484,1505,813
38485,1504,812
38486,1506,813
38487,1505,813
38488,1505,813
38489,1505,811
38490,1506,812
38491,1504,811
38492,1505,811
38493,1505,812
38494,1505,810
38495,1504,813
38496,1505,811
38497,1505,812
38498,1504,811
38499,1506,813
38500,1504,813
38501,1504,815
38502,1504,813
38503,1506,812
38504,1504,815
38505,1506,813
38506,1506,813
38507,1504,813
38508,1506,811
38509,1505,813
38510,1506,813
38511,1505,813
38512,1504,813
38513,1504,812
38514,1506,811
38515,1504,812
38516,1504,813
38517,1505,813
38518,1504,813
38519,1506,812
38520,1505,813
38521,1506,812
38522,1506,813
38523,1504,812
38524,1504,813
38525,1504,813
38526,1506,813
38527,1504,813
38528,1504,812
38529,1506,813
38530,1505,811
38531,1504,812
38532,1504,813
38533,1505,811
38534,1505,811
38535,1504,813
38536,1504,813
38537,1505,811
38538,1506,812
38539,1505,812
38540,1504,811
38541,1504,813
38542,1505,811
38543,1504,811
38544,1505,813
38545,1504,812
38546,1505,812
38547,1505,813
38548,1504,813
38549,1504,813
38550,1504,812
38551,1504,811
38552,1506,813
38553,1506,813
38554,1504,813
38555,1504,811
38556,1506,812
38557,1504,811
38558,1504,813
38559,1504,812
38560,1504,812
38561,1505,813
38562,1504,811
38563,1504,813
38564,1505,813
38565,1504,813
38566,1504,814
38567,1504,813
38568,1504,813
38569,1504,813
38570,1505,813
38571,1506,813
38572,1504,814
38573,1504,811
38574,1505,811
38575,1504,813
38576,1505,810
38577,1504,811
38578,1505,811
38579,1506,811
38580,1506,813
38581,1504,812
38582,1505,813
38583,1504,811
38584,1504,811
38585,1504,813
38586,1505,812
38587,1505,813
38588,1505,813
38589,1504,813
38590,1504,813
38591,1506,814
38592,1505,812
38593,1506,813
38594,1504,812
38595,1504,811
38596,1505,812
38597,1505,812
38598,1506,812
38599,1505,813
38600,1504,813
38601,1506,813
38602,1506,813
38603,1506,813
38604,1505,813
38605,1505,813
38606,1504,813
38607,1504,813
38608,1506,812
38609,1505,812
38610,1506,811
38611,1505,814
38612,1505,812
38613,1505,813
38614,1506,812
38615,1506,813
38616,1507,812
38617,1505,813
38618,1506,813
38619,1506,813
38620,1506,813
38621,1505,811
38622,1506,812
38623,1504,812
38624,1505,813
38625,1504,813
38626,1505,811
38627,1506,813
38628,1504,813
38629,1505,813
38630,1504,813
38631,1504,812
38632,1504,813
38633,1506,815
38634,1506,813
38635,1506,812
38636,1504,813
38637,1504,813
38638,1506,813
38639,1506,812
38640,1505,813
38641,1504,813
38642,1504,813
38643,1503,813
38644,1506,813
38645,1506,812
38646,1506,814
38647,1506,812
38648,1506,813
38649,1504,813
38650,1504,812
38651,1506,812
38652,1504,813
38653,1505,811
38654,1504,813
38655,1507,813
38656,1504,813
38657,1504,812
38658,1504,813
38659,1506,813
38660,1504,813
38661,1505,813
38662,1505,811
38663,1504,813
38664,1506,813
38665,1506,812
38666,1506,813
38667,1505,811
38668,1505,815
38669,1505,811
38670,1504,812
38671,1505,811
38672,1505,812
38673,1504,813
38674,1504,812
38675,1505,813
38676,1505,812
38677,1506,812
38678,1504,811
38679,1506,811
38680,1504,813
38681,1506,811
38682,1506,812
38683,1504,812
38684,1506,811
38685,1505,811
38686,1504,812
38687,1506,811
38688,1504,813
38689,1506,812
38690,1504,811
38691,1504,813
38692,1504,811
38693,1504,813
38694,1506,811
38695,1506,813
38696,1506,811
38697,1504,811
38698,1506,811
38699,1505,811
38700,1504,813
38701,1504,813
38702,1505,813
38703,1504,812
38704,1504,813
38705,1504,815
38706,1504,813
38707,1504,811
38708,1506,812
38709,1506,813
38710,1504,814
38711,1505,814
38712,1506,811
38713,1504,812
38714,1504,813
38715,1506,812
38716,1505,813
38717,1504,813
38718,1504,813
38719,1504,811
38720,1504,814
38721,1504,811
38722,1506,813
38723,1506,813
38724,1504,814
38725,1504,813
38726,1504,812
38727,1504,813
38728,1504,812
38729,1504,811
38730,1506,811
38731,1505,813
38732,1504,811
38733,1506,812
38734,1506,813
38735,1504,813
38736,1505,813
38737,1505,812
38738,1504,813
38739,1505,815
38740,1506,813
38741,1504,813
38742,1505,812
38743,1504,813
38744,1506,812
38745,1504,812
38746,1506,812
38747,1506,813
38748,1504,813
38749,1506,813
38750,1504,814
38751,1504,813
38752,1504,814
38753,1504,812
38754,1505,813
38755,1504,812
38756,1504,814
38757,1504,813
38758,1505,813
38759,1505,813
38760,1505,813
38761,1504,812
38762,1504,812
38763,1506,812
38764,1505,813
38765,1506,813
38766,1504,813
38767,1504,813
38768,1504,812
38769,1504,813
38770,1504,812
38771,1504,813
38772,1506,813
38773,1505,813
38774,1505,813
38775,1504,812
38776,1504,813
38777,1504,813
38778,1504,811
38779,1504,813
38780,1504,811
38781,1505,812
38782,1505,814
38783,1505,812
38784,1504,812
38785,1506,813
38786,1504,813
38787,1504,813
38788,1504,813
38789,1504,812
38790,1506,811
38791,1505,812
38792,1505,811
38793,1504,811
38794,1505,811
38795,1506,811
38796,1506,811
38797,1506,811
38798,1505,811
38799,1504,810
38800,1504,811
38801,1504,813
38802,1500,813
38803,1504,813
38804,1506,813
38805,1504,811
38806,1506,813
38807,1504,813
38808,1506,811
38809,1505,813
38810,1506,813
38811,1506,811
38812,1504,811
38813,1505,813
38814,1505,813
38815,1504,813
38816,1504,812
38817,1505,814
38818,1504,813
38819,1506,813
38820,1504,813
38821,1504,813
38822,1505,813
38823,1504,813
38824,1506,813
38825,1506,811
38826,1506,811
38827,1504,813
38828,1504,813
38829,1506,813
38830,1505,813
38831,1504,811
38832,1506,812
38833,1506,811
38834,1505,812
38835,1504,813
38836,1505,812
38837,1504,811
38838,1506,814
38839,1506,811
38840,1506,813
38841,1504,812
38842,1504,814
38843,1505,813
38844,1505,813
38845,1504,813
38846,1504,813
38847,1504,813
38848,1504,815
38849,1504,814
38850,1505,813
38851,1504,811
38852,1504,813
38853,1504,813
38854,1506,813
38855,1506,813
38856,1506,813
38857,1505,813
38858,1506,811
38859,1506,815
38860,1505,813
38861,1504,813
38862,1506,814
38863,1505,813
38864,1505,812
38865,1504,813
38866,1504,813
38867,1506,811
38868,1504,812
38869,1505,813
38870,1504,813
38871,1506,813
38872,1506,813
38873,1505,813
38874,1506,813
38875,1505,813
38876,1506,815
38877,1504,813
38878,1504,813
38879,1504,811
38880,1504,813
38881,1504,812
38882,1506,814
38883,1506,813
38884,1504,811
38885,1504,813
38886,1505,813
38887,1504,813
38888,1505,813
38889,1506,812
38890,1506,812
38891,1504,813
38892,1505,811
38893,1506,811
38894,1504,813
38895,1506,811
38896,1504,812
38897,1504,813
38898,1504,812
38899,1505,811
38900,1505,811
38901,1504,813
38902,1504,813
38903,1504,813
38904,1504,813
38905,1506,813
38906,1506,813
38907,1506,813
38908,1505,813
38909,1505,813
38910,1504,811
38911,1504,812
38912,1504,815
38913,1504,811
38914,1505,813
38915,1504,813
38916,1504,813
38917,1504,813
38918,1506,813
38919,1504,813
38920,1505,813
38921,1505,813
38922,1504,813
38923,1506,812
38924,1504,811
38925,1504,815
38926,1506,813
38927,1504,812
38928,1506,813
38929,1505,813
38930,1504,812
38931,1504,813
38932,1506,813
38933,1504,811
38934,1505,813
38935,1504,813
38936,1506,813
38937,1506,813
38938,1502,813
38939,1505,813
38940,1504,813
38941,1504,813
38942,1504,813
38943,1505,813
38944,1504,812
38945,1506,812
38946,1505,812
38947,1506,811
38948,1504,815
38949,1504,813
38950,1505,813
38951,1504,812
38952,1504,812
38953,1506,811
38954,1506,813
38955,1504,813
38956,1505,813
38957,1504,813
38958,1506,812
38959,1504,813
38960,1506,813
38961,1506,812
38962,1506,813
38963,1506,813
38964,1505,812
38965,1504,813
38966,1506,812
38967,1506,811
38968,1506,813
38969,1505,812
38970,1506,813
38971,1505,813
38972,1506,813
38973,1505,813
38974,1504,813
38975,1505,813
38976,1506,813
38977,1506,813
38978,1506,812
38979,1504,815
38980,1506,811
38981,1506,812
38982,1504,813
38983,1506,813
38984,1504,813
38985,1506,813
38986,1505,813
38987,1506,813
38988,1505,813
38989,1506,813
38990,1504,811
38991,1505,813
38992,1505,813
38993,1506,811
38994,1506,813
38995,1505,811
38996,1505,811
38997,1504,811
38998,1504,811
38999,1505,811
39000,1505,813
39001,1504,813
39002,1506,814
39003,1504,813
39004,1504,812
39005,1504,813
39006,1504,813
39007,1504,813
39008,1504,813
39009,1506,813
39010,1505,812
39011,1504,813
39012,1506,813
39013,1507,812
39014,1504,811
39015,1504,812
39016,1506,813
39017,1504,812
39018,1504,813
39019,1506,812
39020,1506,813
39021,1504,813
39022,1506,813
39023,1504,812
39024,1506,812
39025,1505,813
39026,1506,813
39027,1504,812
39028,1505,813
39029,1504,813
39030,1506,813
39031,1504,811
39032,1502,812
39033,1504,813
39034,1504,813
39035,1505,812
39036,1505,812
39037,1505,813
39038,1504,811
39039,1506,811
39040,1506,812
39041,1505,811
39042,1504,812
39043,1505,813
39044,1505,813
39045,1506,813
39046,1504,813
39047,1504,811
39048,1504,813
39049,1504,813
39050,1506,814
39051,1505,813
39052,1504,813
39053,1505,813
39054,1505,813
39055,1506,812
39056,1506,812
39057,1504,813
39058,1505,811
39059,1504,813
39060,1504,811
39061,1506,813
39062,1505,813
39063,1504,813
39064,1505,813
39065,1506,813
39066,1504,813
39067,1504,812
39068,1506,813
39069,1506,813
39070,1504,812
39071,1505,813
39072,1505,813
39073,1504,813
39074,1506,813
39075,1504,814
39076,1505,811
39077,1505,812
39078,1505,811
39079,1504,812
39080,1504,813
39081,1504,811
39082,1504,811
39083,1504,813
39084,1506,809
39085,1504,813
39086,1504,811
39087,1504,813
39088,1505,814
39089,1506,811
39090,1504,813
39091,1504,813
39092,1506,814
39093,1506,811
39094,1504,813
39095,1504,812
39096,1506,811
39097,1504,811
39098,1504,813
39099,1504,812
39100,1505,813
39101,1504,814
39102,1505,813
39103,1506,813
39104,1504,813
39105,1504,811
39106,1505,813
39107,1504,813
39108,1504,811
39109,1504,813
39110,1500,813
39111,1506,812
39112,1504,813
39113,1505,812
39114,1504,813
39115,1506,812
39116,1504,814
39117,1504,814
39118,1504,812
39119,1506,813
39120,1504,813
39121,1504,813
39122,1504,812
39123,1504,813
39124,1505,811
39125,1505,812
39126,1506,811
39127,1506,813
39128,1504,811
39129,1506,813
39130,1504,813
39131,1506,811
39132,1506,813
39133,1504,814
39134,1505,813
39135,1504,813
39136,1504,811
39137,1504,813
39138,1506,813
39139,1506,813
39140,1504,813
39141,1504,813
39142,1504,813
39143,1504,813
39144,1504,813
39145,1506,813
39146,1504,813
39147,1504,813
39148,1504,813
39149,1504,813
39150,1504,813
39151,1506,811
39152,1504,813
39153,1504,813
39154,1504,814
39155,1504,813
39156,1506,813
39157,1505,813
39158,1504,813
39159,1504,812
39160,1506,815
39161,1504,811
39162,1504,812
39163,1504,813
39164,1505,813
39165,1506,815
39166,1505,814
39167,1504,813
39168,1504,812
39169,1506,813
39170,1504,813
39171,1505,813
39172,1506,813
39173,1504,810
39174,1506,812
39175,1503,813
39176,1506,811
39177,1504,811
39178,1504,813
39179,1506,811
39180,1506,813
39181,1506,811
39182,1506,811
39183,1505,811
39184,1504,811
39185,1506,813
39186,1504,812
39187,1505,811
39188,1504,812
39189,1506,813
39190,1505,812
39191,1505,811
39192,1505,813
39193,1504,813
39194,1506,813
39195,1505,811
39196,1506,812
39197,1505,811
39198,1505,812
39199,1504,811
39200,1505,812
39201,1504,813
39202,1506,815
39203,1505,814
39204,1505,813
39205,1504,815
39206,1506,813
39207,1504,811
39208,1504,814
39209,1505,811
39210,1506,811
39211,1506,813
39212,1506,813
39213,1504,813
39214,1504,813
39215,1505,813
39216,1505,813
39217,1504,812
39218,1506,812
39219,1504,813
39220,1506,815
39221,1506,813
39222,1505,812
39223,1505,813
39224,1506,811
39225,1506,813
39226,1506,812
39227,1506,811
39228,1506,813
39229,1506,813
39230,1506,811
39231,1506,813
39232,1505,813
39233,1505,813
39234,1507,813
39235,1506,813
39236,1506,813
39237,1504,813
39238,1504,813
39239,1505,813
39240,1506,813
39241,1504,813
39242,1504,812
39243,1504,813
39244,1506,811
39245,1505,813
39246,1505,812
39247,1505,811
39248,1505,813
39249,1504,813
39250,1505,813
39251,1504,813
39252,1505,811
39253,1504,813
39254,1506,813
39255,1506,814
39256,1504,813
39257,1505,811
39258,1506,812
39259,1504,811
39260,1504,813
39261,1504,813
39262,1506,813
39263,1504,811
39264,1504,813
39265,1504,813
39266,1505,816
39267,1504,812
39268,1504,813
39269,1506,813
39270,1506,814
39271,1504,814
39272,1506,811
39273,1506,813
39274,1504,813
39275,1505,812
39276,1506,813
39277,1505,813
39278,1503,813
39279,1504,813
39280,1504,813
39281,1505,813
39282,1504,813
39283,1506,813
39284,1506,812
39285,1505,813
39286,1504,811
39287,1504,811
39288,1505,813
39289,1505,811
39290,1506,811
39291,1506,811
39292,1505,811
39293,1504,812
39294,1504,813
39295,1506,811
39296,1504,811
39297,1504,812
39298,1504,811
39299,1505,813
39300,1506,812
39301,1504,815
39302,1505,813
39303,1506,814
39304,1506,813
39305,1504,810
39306,1505,813
39307,1504,813
39308,1504,813
39309,1506,813
39310,1506,813
39311,1505,815
39312,1506,814
39313,1504,813
39314,1505,813
39315,1505,813
39316,1504,811
39317,1505,813
39318,1504,812
39319,1506,813
39320,1506,812
39321,1505,813
39322,1504,813
39323,1505,813
39324,1504,813
39325,1504,813
39326,1504,813
39327,1504,812
39328,1504,813
39329,1504,813
39330,1504,812
39331,1506,813
39332,1504,813
39333,1505,812
39334,1506,813
39335,1505,812
39336,1506,813
39337,1504,811
39338,1504,814
39339,1504,813
39340,1504,813
39341,1506,814
39342,1504,813
39343,1504,815
39344,1504,813
39345,1504,813
39346,1506,813
39347,1505,812
39348,1504,813
39349,1504,811
39350,1505,813
39351,1504,813
39352,1506,812
39353,1506,813
39354,1505,813
39355,1505,812
39356,1504,813
39357,1504,812
39358,1505,813
39359,1504,815
39360,1504,813
39361,1504,812
39362,1506,811
39363,1504,813
39364,1506,813
39365,1506,813
39366,1506,812
39367,1506,813
39368,1505,813
39369,1504,813
39370,1504,811
39371,1506,812
39372,1507,813
39373,1505,812
39374,1506,811
39375,1506,811
39376,1504,813
39377,1504,813
39378,1504,813
39379,1505,813
39380,1504,812
39381,1506,812
39382,1504,812
39383,1505,813
39384,1506,811
39385,1506,813
39386,1504,812
39387,1504,811
39388,1504,813
39389,1506,812
39390,1506,811
39391,1505,811
39392,1506,811
39393,1505,815
39394,1506,811
39395,1505,811
39396,1504,812
39397,1505,811
39398,1504,813
39399,1504,812
39400,1504,811
39401,1505,813
39402,1504,811
39403,1504,815
39404,1505,812
39405,1504,811
39406,1504,814
39407,1504,813
39408,1504,813
39409,1504,811
39410,1504,812
39411,1504,812
39412,1504,812
39413,1506,812
39414,1505,813
39415,1500,813
39416,1504,812
39417,1504,811
39418,1504,811
39419,1504,812
39420,1504,813
39421,1504,813
39422,1504,813
39423,1504,813
39424,1504,812
39425,1504,813
39426,1505,812
39427,1504,811
39428,1504,813
39429,1504,813
39430,1506,813
39431,1504,813
39432,1504,811
39433,1504,814
39434,1504,812
39435,1504,812
39436,1505,813
39437,1504,813
39438,1504,813
39439,1506,813
39440,1504,811
39441,1504,812
39442,1504,811
39443,1505,813
39444,1504,813
39445,1505,813
39446,1504,813
39447,1505,813
39448,1505,813
39449,1504,812
39450,1506,811
39451,1506,813
39452,1505,813
39453,1505,815
39454,1504,813
39455,1504,814
39456,1504,812
39457,1506,813
39458,1504,811
39459,1506,812
39460,1505,811
39461,1504,812
39462,1504,814
39463,1504,813
39464,1506,813
39465,1505,811
39466,1505,813
39467,1506,811
39468,1505,813
39469,1504,813
39470,1504,812
39471,1505,812
39472,1504,813
39473,1504,813
39474,1505,811
39475,1504,812
39476,1504,813
39477,1506,812
39478,1504,813
39479,1505,812
39480,1504,812
39481,1504,812
39482,1505,812
39483,1505,812
39484,1506,811
39485,1506,811
39486,1505,812
39487,1506,813
39488,1506,811
39489,1504,812
39490,1505,811
39491,1504,812
39492,1504,810
39493,1504,809
39494,1506,811
39495,1504,811
39496,1505,811
39497,1506,812
39498,1505,811
39499,1504,813
39500,1505,812
39501,1505,812
39502,1505,813
39503,1506,815
39504,1504,813
39505,1506,812
39506,1504,811
39507,1504,813
39508,1506,813
39509,1504,813
39510,1504,811
39511,1504,811
39512,1506,813
39513,1504,813
39514,1504,813
39515,1505,813
39516,1504,812
39517,1505,813
39518,1505,813
39519,1504,813
39520,1506,811
39521,1506,812
39522,1506,813
39523,1505,813
39524,1504,812
39525,1504,811
39526,1505,812
39527,1506,812
39528,1506,812
39529,1504,815
39530,1506,813
39531,1505,809
39532,1506,811
39533,1505,811
39534,1505,813
39535,1506,813
39536,1504,812
39537,1504,812
39538,1504,811
39539,1506,811
39540,1504,813
39541,1504,811
39542,1505,811
39543,1506,813
39544,1504,813
39545,1505,813
39546,1505,812
39547,1505,811
39548,1504,813
39549,1506,811
39550,1504,814
39551,1504,812
39552,1506,813
39553,1504,812
39554,1506,812
39555,1506,811
39556,1504,813
39557,1504,812
39558,1504,811
39559,1504,813
39560,1505,812
39561,1505,813
39562,1506,812
39563,1504,811
39564,1505,814
39565,1504,813
39566,1506,813
39567,1506,813
39568,1504,813
39569,1504,812
39570,1504,813
39571,1504,811
39572,1507,813
39573,1506,812
39574,1504,812
39575,1506,811
39576,1506,813
39577,1504,813
39578,1504,811
39579,1506,811
39580,1504,812
39581,1505,811
39582,1505,811
39583,1504,812
39584,1504,811
39585,1504,811
39586,1505,811
39587,1504,811
39588,1504,811
39589,1504,813
39590,1504,811
39591,1504,812
39592,1504,812
39593,1506,812
39594,1506,812
39595,1504,813
39596,1506,812
39597,1506,812
39598,1504,811
39599,1506,811
39600,1504,813
39601,1506,813
39602,1504,813
39603,1504,813
39604,1505,813
39605,1504,811
39606,1506,813
39607,1505,811
39608,1504,812
39609,1505,814
39610,1505,813
39611,1504,814
39612,1504,813
39613,1506,811
39614,1505,813
39615,1504,813
39616,1504,813
39617,1505,813
39618,1504,813
39619,1504,813
39620,1506,812
39621,1505,811
39622,1504,812
39623,1506,811
39624,1505,812
39625,1504,813
39626,1504,813
39627,1504,812
39628,1504,813
39629,1504,813
39630,1506,813
39631,1504,813
39632,1504,813
39633,1504,812
39634,1505,814
39635,1504,813
39636,1506,813
39637,1504,812
39638,1506,813
39639,1504,813
39640,1504,813
39641,1504,813
39642,1504,813
39643,1505,815
39644,1505,813
39645,1504,812
39646,1505,811
39647,1505,812
39648,1506,813
39649,1504,812
39650,1505,811
39651,1504,814
39652,1504,813
39653,1505,812
39654,1505,814
39655,1504,811
39656,1505,813
39657,1505,815
39658,1504,812
39659,1504,812
39660,1504,812
39661,1504,813
39662,1504,813
39663,1505,813
39664,1505,811
39665,1506,813
39666,1505,813
39667,1506,814
39668,1504,811
39669,1504,813
39670,1506,813
39671,1506,813
39672,1505,815
39673,1506,812
39674,1506,813
39675,1506,812
39676,1506,811
39677,1506,812
39678,1506,811
39679,1505,811
39680,1506,811
39681,1505,811
39682,1505,813
39683,1504,809
39684,1505,811
39685,1505,811
39686,1506,811
39687,1504,811
39688,1505,813
39689,1505,813
39690,1505,811
39691,1505,813
39692,1505,811
39693,1505,811
39694,1505,811
39695,1504,811
39696,1504,813
39697,1504,812
39698,1505,811
39699,1506,812
39700,1504,811
39701,1504,813
39702,1505,813
39703,1504,813
39704,1505,813
39705,1504,813
39706,1504,813
39707,1505,813
39708,1504,812
39709,1505,812
39710,1506,813
39711,1504,812
39712,1505,813
39713,1505,813
39714,1505,811
39715,1506,813
39716,1506,813
39717,1506,812
39718,1506,812
39719,1504,813
39720,1504,812
39721,1505,812
39722,1504,812
39723,1506,815
39724,1504,813
39725,1505,813
39726,1505,813
39727,1504,811
39728,1504,813
39729,1504,815
39730,1504,813
39731,1505,813
39732,1505,811
39733,1504,813
39734,1504,813
39735,1505,813
39736,1504,812
39737,1504,814
39738,1504,813
39739,1504,811
39740,1504,813
39741,1506,813
39742,1504,813
39743,1506,812
39744,1506,813
39745,1504,813
39746,1506,814
39747,1504,812
39748,1506,811
39749,1506,812
39750,1506,813
39751,1504,813
39752,1504,812
39753,1504,813
39754,1504,812
39755,1505,811
39756,1504,813
39757,1505,813
39758,1506,813
39759,1504,812
39760,1505,813
39761,1504,813
39762,1504,813
39763,1504,812
39764,1504,813
39765,1504,813
39766,1504,813
39767,1505,813
39768,1504,813
39769,1506,812
39770,1504,813
39771,1504,811
39772,1504,813
39773,1504,812
39774,1505,811
39775,1505,813
39776,1506,812
39777,1506,811
39778,1504,813
39779,1505,813
39780,1506,811
39781,1506,813
39782,1505,812
39783,1504,812
39784,1506,813
39785,1504,811
39786,1505,814
39787,1506,813
39788,1504,813
39789,1505,813
39790,1505,811
39791,1504,811
39792,1505,813
39793,1506,812
39794,1505,811
39795,1506,813
39796,1504,811
39797,1505,809
39798,1504,813
39799,1506,811
39800,1506,812
39801,1504,813
39802,1504,813
39803,1506,813
39804,1504,812
39805,1504,813
39806,1505,813
39807,1506,813
39808,1505,813
39809,1504,815
39810,1506,811
39811,1505,813
39812,1504,813
39813,1504,813
39814,1505,814
39815,1507,811
39816,1506,813
39817,1506,812
39818,1506,812
39819,1505,813
39820,1506,811
39821,1506,812
39822,1504,813
39823,1506,812
39824,1506,813
39825,1506,812
39826,1504,813
39827,1504,813
39828,1506,814
39829,1505,813
39830,1504,813
39831,1504,813
39832,1504,811
39833,1505,813
39834,1505,813
39835,1506,814
39836,1505,811
39837,1504,812
39838,1506,812
39839,1505,811
39840,1506,813
39841,1506,813
39842,1504,813
39843,1506,812
39844,1504,812
39845,1505,813
39846,1506,813
39847,1505,811
39848,1504,815
39849,1505,813
39850,1507,813
39851,1505,813
39852,1505,812
39853,1506,812
39854,1506,812
39855,1505,811
39856,1505,813
39857,1506,813
39858,1504,813
39859,1505,813
39860,1506,813
39861,1504,813
39862,1504,813
39863,1504,812
39864,1506,813
39865,1504,813
39866,1506,811
39867,1506,813
39868,1504,812
39869,1504,814
39870,1506,811
39871,1505,811
39872,1506,812
39873,1505,813
39874,1504,814
39875,1505,813
39876,1504,813
39877,1504,813
39878,1505,813
39879,1505,813
39880,1504,812
39881,1506,813
39882,1505,813
39883,1505,805
39884,1507,797
39885,1499,830
39886,1511,819
39887,1508,797
39888,1507,809
39889,1504,811
39890,1500,797
39891,1505,829
39892,1508,816
39893,1508,821
39894,1504,822
39895,1506,813
39896,1500,813
39897,1510,811
39898,1508,809
39899,1504,813
39900,1504,822
39901,1506,798
39902,1504,805
39903,1504,795
39904,1505,807
39905,1507,823
39906,1506,809
39907,1506,812
39908,1506,813
39909,1505,793
39910,1510,811
39911,1506,811
39912,1507,829
39913,1507,795
39914,1498,809
39915,1505,795
39916,1505,811
39917,1505,813
39918,1506,811
39919,1505,811
39920,1506,811
39921,1506,809
39922,1506,812
39923,1506,811
39924,1507,811
39925,1506,812
39926,1506,812
39927,1507,811
39928,1504,812
39929,1506,811
39930,1506,811
39931,1504,813
39932,1506,813
39933,1505,811
39934,1506,813
39935,1504,811
39936,1505,811
39937,1504,814
39938,1505,815
39939,1506,814
39940,1506,812
39941,1506,811
39942,1506,812
39943,1505,813
39944,1506,813
39945,1506,811
39946,1505,812
39947,1504,812
39948,1506,815
39949,1504,813
39950,1504,813
39951,1506,811
39952,1506,811
39953,1505,812
39954,1506,815
39955,1505,812
39956,1504,813
39957,1506,813
39958,1506,813
39959,1505,813
39960,1506,813
39961,1506,811
39962,1506,812
39963,1506,813
39964,1506,812
39965,1506,813
39966,1506,812
39967,1506,813
39968,1505,813
39969,1505,813
39970,1505,813
39971,1506,811
39972,1506,811
39973,1505,813
39974,1506,813
39975,1506,812
39976,1506,812
39977,1506,813
39978,1506,813
39979,1506,811
39980,1506,813
39981,1507,813
39982,1505,813
39983,1506,811
39984,1504,814
39985,1507,813
39986,1505,811
39987,1506,813
39988,1506,813
39989,1506,812
39990,1506,814
39991,1506,813
39992,1506,813
39993,1506,812
39994,1506,814
39995,1506,815
39996,1506,813
39997,1504,813
39998,1506,813
39999,1506,813
40000,1506,813
40001,1504,811
40002,1504,813
40003,1506,813
40004,1506,812
40005,1504,813
40006,1504,812
40007,1506,813
40008,1505,812
40009,1505,813
40010,1506,813
40011,1506,813
40012,1506,812
40013,1504,812
40014,1506,813
40015,1505,813
40016,1506,813
40017,1506,813
40018,1506,811
40019,1506,812
40020,1506,813
40021,1506,811
40022,1506,813
40023,1507,812
40024,1507,811
40025,1506,809
40026,1504,811
40027,1504,811
40028,1504,812
40029,1506,813
40030,1506,812
40031,1504,811
40032,1505,813
40033,1504,811
40034,1506,812
40035,1505,810
40036,1506,811
40037,1506,810
40038,1506,811
40039,1505,811
40040,1506,811
40041,1505,811
40042,1505,812
40043,1505,813
40044,1506,813
40045,1506,813
40046,1506,812
40047,1505,812
40048,1506,813
40049,1506,813
40050,1506,811
40051,1506,811
40052,1505,812
40053,1504,813
40054,1505,813
40055,1507,813
40056,1505,813
40057,1506,813
40058,1504,812
40059,1506,813
40060,1506,813
40061,1506,811
40062,1506,813
40063,1504,813
40064,1506,814
40065,1506,813
40066,1506,813
40067,1505,810
40068,1506,811
40069,1506,813
40070,1506,813
40071,1506,813
40072,1505,811
40073,1504,813
40074,1506,813
40075,1505,811
40076,1505,811
40077,1504,809
40078,1506,811
40079,1506,813
40080,1505,811
40081,1506,812
40082,1506,813
40083,1506,813
40084,1505,811
40085,1506,812
40086,1505,811
40087,1506,811
40088,1504,813
40089,1504,812
40090,1505,813
40091,1504,813
40092,1504,813
40093,1505,812
40094,1504,811
40095,1506,813
40096,1506,812
40097,1505,813
40098,1506,813
40099,1504,815
40100,1506,811
40101,1504,814
40102,1506,813
40103,1504,811
40104,1505,811
40105,1504,815
40106,1506,813
40107,1506,813
40108,1505,812
40109,1506,812
40110,1506,813
40111,1504,813
40112,1504,813
40113,1506,814
40114,1504,814
40115,1500,813
40116,1505,813
40117,1506,813
40118,1504,812
40119,1506,813
40120,1506,813
40121,1504,811
40122,1505,813
40123,1504,813
40124,1506,813
40125,1504,813
40126,1504,812
40127,1504,812
40128,1506,813
40129,1505,811
40130,1506,813
40131,1505,811
40132,1504,811
40133,1504,813
40134,1504,812
40135,1504,812
40136,1505,813
40137,1505,813
40138,1504,813
40139,1505,813
40140,1505,812
40141,1504,812
40142,1504,813
40143,1504,813
40144,1505,812
40145,1506,813
40146,1506,812
40147,1505,813
40148,1504,812
40149,1504,812
40150,1506,813
40151,1506,812
40152,1505,813
40153,1505,811
40154,1504,812
40155,1506,812
40156,1506,811
40157,1506,812
40158,1506,812
40159,1506,813
40160,1504,813
40161,1504,812
40162,1504,812
40163,1505,812
40164,1505,813
40165,1504,812
40166,1505,812
40167,1504,813
40168,1504,812
40169,1506,813
40170,1505,813
40171,1506,813
40172,1504,813
40173,1504,813
40174,1506,813
40175,1504,815
40176,1506,811
40177,1505,811
40178,1506,812
40179,1506,811
40180,1505,811
40181,1506,811
40182,1505,811
40183,1505,811
40184,1506,811
40185,1504,811
40186,1505,811
40187,1504,811
40188,1506,813
40189,1506,812
40190,1505,810
40191,1506,810
40192,1505,811
40193,1506,810
40194,1506,811
40195,1506,811
40196,1504,811
40197,1505,811
40198,1505,811
40199,1506,811
40200,1506,810
40201,1504,813
40202,1506,812
40203,1506,813
40204,1506,813
40205,1506,811
40206,1506,812
40207,1505,811
40208,1505,813
40209,1506,813
40210,1506,813
40211,1506,813
40212,1504,813
40213,1505,811
40214,1505,813
40215,1504,811
40216,1506,813
40217,1506,813
40218,1504,813
40219,1506,811
40220,1506,811
40221,1506,811
40222,1504,813
40223,1506,812
40224,1505,811
40225,1504,813
40226,1506,813
40227,1505,811
40228,1504,812
40229,1506,809
40230,1505,813
40231,1506,813
40232,1506,813
40233,1504,812
40234,1505,811
40235,1505,812
40236,1506,811
40237,1506,813
40238,1505,813
40239,1506,811
40240,1506,811
40241,1505,813
40242,1504,813
40243,1507,813
40244,1506,812
40245,1506,813
40246,1504,811
40247,1505,813
40248,1504,811
40249,1506,811
40250,1504,813
40251,1505,811
40252,1505,812
40253,1506,812
40254,1506,814
40255,1504,813
40256,1506,812
40257,1505,813
40258,1505,811
40259,1504,812
40260,1504,815
40261,1504,811
40262,1505,812
40263,1506,813
40264,1504,812
40265,1504,813
40266,1504,813
40267,1504,815
40268,1506,813
40269,1505,812
40270,1505,813
40271,1504,813
40272,1506,813
40273,1504,813
40274,1506,813
40275,1506,812
40276,1504,815
40277,1505,813
40278,1504,813
40279,1504,814
40280,1504,813
40281,1505,813
40282,1506,813
40283,1504,814
40284,1506,813
40285,1506,814
40286,1504,813
40287,1505,813
40288,1505,813
40289,1504,811
40290,1506,811
40291,1506,811
40292,1506,813
40293,1506,813
40294,1504,813
40295,1506,811
40296,1504,812
40297,1506,811
40298,1505,811
40299,1504,812
40300,1506,813
40301,1506,813
40302,1505,812
40303,1506,813
40304,1505,813
40305,1506,813
40306,1505,813
40307,1505,813
40308,1505,813
40309,1506,813
40310,1504,813
40311,1505,813
40312,1504,813
40313,1506,815
40314,1505,813
40315,1504,813
40316,1506,813
40317,1504,813
40318,1504,813
40319,1505,813
40320,1504,813
40321,1505,815
40322,1504,813
40323,1505,814
40324,1504,814
40325,1504,815
40326,1505,815
40327,1506,815
40328,1505,815
40329,1505,813
40330,1504,815
40331,1504,815
40332,1504,819
40333,1505,820
40334,1505,822
40335,1504,823
40336,1504,824
40337,1504,826
40338,1505,827
40339,1504,827
40340,1506,829
40341,1505,836
40342,1506,831
40343,1504,830
40344,1504,837
40345,1504,840
40346,1504,840
40347,1504,842
40348,1504,842
40349,1504,843
40350,1504,847
40351,1504,843
40352,1504,847
40353,1504,850
40354,1504,850
40355,1504,851
40356,1500,851
40357,1504,852
40358,1504,853
40359,1504,854
40360,1504,853
40361,1504,855
40362,1505,855
40363,1504,855
40364,1503,856
40365,1503,856
40366,1504,857
40367,1504,857
40368,1500,858
40369,1501,857
40370,1503,859
40371,1500,858
40372,1500,859
40373,1500,859
40374,1503,858
40375,1504,858
40376,1503,860
40377,1503,859
40378,1504,859
40379,1500,858
40380,1500,859
40381,1501,859
40382,1501,860
40383,1504,859
40384,1504,859
40385,1504,859
40386,1504,859
40387,1500,859
40388,1500,859
40389,1504,859
40390,1500,857
40391,1500,856
40392,1504,857
40393,1504,857
40394,1504,858
40395,1501,858
40396,1504,857
40397,1500,857
40398,1504,857
40399,1503,856
40400,1500,855
40401,1500,859
40402,1500,859
40403,1504,857
40404,1504,857
40405,1504,858
40406,1504,857
40407,1504,858
40408,1504,857
40409,1504,857
40410,1503,857
40411,1504,858
40412,1500,857
40413,1504,857
40414,1504,858
40415,1504,859
40416,1500,857
40417,1503,857
40418,1500,857
40419,1504,857
40420,1504,857
40421,1504,857
40422,1504,857
40423,1504,859
40424,1504,857
40425,1504,857
40426,1504,859
40427,1504,859
40428,1500,857
40429,1505,857
40430,1504,858
40431,1504,857
40432,1504,857
40433,1504,856
40434,1504,859
40435,1504,858
40436,1504,857
40437,1504,856
40438,1501,857
40439,1504,856
40440,1500,858
40441,1504,857
40442,1500,857
40443,1504,857
40444,1500,857
40445,1504,857
40446,1503,859
40447,1504,857
40448,1505,858
40449,1504,859
40450,1501,857
40451,1504,857
40452,1505,857
40453,1504,859
40454,1500,858
40455,1504,857
40456,1504,857
40457,1504,856
40458,1504,856
40459,1504,857
40460,1504,857
40461,1500,857
40462,1503,859
40463,1504,857
40464,1504,857
40465,1504,859
40466,1504,858
40467,1504,856
40468,1504,858
40469,1504,859
40470,1504,858
40471,1504,858
40472,1504,858
40473,1504,856
40474,1500,857
40475,1504,859
40476,1500,856
40477,1503,858
40478,1504,857
40479,1504,858
40480,1503,857
40481,1503,858
40482,1502,857
40483,1501,857
40484,1500,858
40485,1500,857
40486,1500,857
40487,1504,857
40488,1500,857
40489,1504,857
40490,1504,855
40491,1504,857
40492,1503,856
40493,1500,856
40494,1504,856
40495,1500,856
40496,1500,855
40497,1504,857
40498,1504,856
40499,1504,855
40500,1504,857
40501,1504,857
40502,1504,857
40503,1504,855
40504,1504,856
40505,1504,856
40506,1504,856
40507,1504,856
40508,1500,856
40509,1500,855
40510,1503,856
40511,1502,855
40512,1504,855
40513,1503,855
40514,1504,855
40515,1504,856
40516,1503,856
40517,1500,857
40518,1500,855
40519,1501,856
40520,1503,855
40521,1500,854
40522,1500,855
40523,1500,856
40524,1504,855
40525,1500,856
40526,1504,855
40527,1500,855
40528,1503,855
40529,1504,853
40530,1503,855
40531,1501,855
40532,1500,853
40533,1504,855
40534,1504,854
40535,1504,853
40536,1504,853
40537,1503,854
40538,1504,855
40539,1503,853
40540,1504,855
40541,1504,855
40542,1500,855
40543,1504,857
40544,1500,855
40545,1504,853
40546,1500,855
40547,1500,855
40548,1500,856
40549,1504,855
40550,1504,855
40551,1500,855
40552,1504,857
40553,1504,854
40554,1504,855
40555,1503,855
40556,1500,855
40557,1500,855
40558,1503,855
40559,1500,855
40560,1500,855
40561,1504,855
40562,1500,855
40563,1504,855
40564,1500,855
40565,1504,855
40566,1504,855
40567,1504,855
40568,1504,855
40569,1504,854
40570,1504,855
40571,1504,855
40572,1504,856
40573,1504,855
40574,1500,855
40575,1500,856
40576,1500,853
40577,1503,853
40578,1503,853
40579,1504,853
40580,1503,853
40581,1504,853
40582,1504,854
40583,1504,853
40584,1504,855
40585,1504,853
40586,1504,853
40587,1504,853
40588,1504,857
40589,1503,855
40590,1504,855
40591,1505,856
40592,1504,855
40593,1500,856
40594,1503,853
40595,1504,855
40596,1500,855
40597,1504,855
40598,1504,857
40599,1504,855
40600,1504,855
40601,1500,856
40602,1500,856
40603,1500,855
40604,1500,856
40605,1504,855
40606,1504,855
40607,1504,856
40608,1500,855
40609,1500,855
40610,1504,855
40611,1504,855
40612,1500,855
40613,1504,855
40614,1504,855
40615,1504,855
40616,1504,856
40617,1504,855
40618,1501,855
40619,1504,855
40620,1504,856
40621,1504,856
40622,1504,857
40623,1504,855
40624,1500,855
40625,1500,857
40626,1504,856
40627,1504,855
40628,1504,855
40629,1503,855
40630,1504,856
40631,1500,856
40632,1504,855
40633,1504,855
40634,1504,855
40635,1500,854
40636,1500,855
40637,1500,856
40638,1502,855
40639,1504,856
40640,1500,857
40641,1500,855
40642,1500,857
40643,1504,855
40644,1500,855
40645,1500,857
40646,1504,856
40647,1504,854
40648,1504,857
40649,1500,857
40650,1504,856
40651,1504,856
40652,1500,856
40653,1504,856
40654,1500,857
40655,1504,855
40656,1500,855
40657,1504,855
40658,1504,855
40659,1504,855
40660,1500,855
40661,1504,855
40662,1504,855
40663,1504,855
40664,1500,855
40665,1500,857
40666,1504,855
40667,1504,855
40668,1504,857
40669,1504,855
40670,1500,856
40671,1504,855
40672,1504,855
40673,1503,855
40674,1504,855
40675,1503,856
40676,1504,855
40677,1504,855
40678,1504,855
40679,1500,853
40680,1500,853
40681,1500,855
40682,1504,854
40683,1500,853
40684,1500,853
40685,1500,855
40686,1500,853
40687,1503,855
40688,1504,856
40689,1504,855
40690,1504,854
40691,1503,853
40692,1504,853
40693,1504,855
40694,1500,853
40695,1504,853
40696,1504,855
40697,1504,853
40698,1500,853
40699,1500,853
40700,1500,855
40701,1501,855
40702,1504,856
40703,1504,855
40704,1504,855
40705,1504,854
40706,1504,855
40707,1504,855
40708,1504,855
40709,1504,853
40710,1503,855
40711,1503,853
40712,1500,855
40713,1504,855
40714,1503,855
40715,1503,855
40716,1504,855
40717,1504,856
40718,1504,856
40719,1500,857
40720,1506,855
40721,1504,856
40722,1504,855
40723,1500,855
40724,1500,855
40725,1501,855
40726,1504,855
40727,1504,855
40728,1500,854
40729,1504,855
40730,1504,855
40731,1504,854
40732,1500,855
40733,1503,855
40734,1504,855
40735,1504,855
40736,1504,855
40737,1503,855
40738,1504,857
40739,1503,855
40740,1504,853
40741,1503,855
40742,1504,855
40743,1500,855
40744,1500,853
40745,1504,856
40746,1504,857
40747,1500,853
40748,1504,855
40749,1503,855
40750,1504,855
40751,1504,855
40752,1504,855
40753,1500,855
40754,1504,856
40755,1504,855
40756,1500,855
40757,1504,856
40758,1504,856
40759,1504,857
40760,1500,856
40761,1500,856
40762,1503,855
40763,1499,855
40764,1500,855
40765,1500,856
40766,1504,855
40767,1504,855
40768,1500,855
40769,1500,856
40770,1503,855
40771,1500,856
40772,1500,854
40773,1500,855
40774,1503,855
40775,1500,855
40776,1504,855
40777,1504,855
40778,1504,855
40779,1504,855
40780,1504,856
40781,1501,855
40782,1504,856
40783,1504,855
40784,1500,855
40785,1504,855
40786,1500,855
40787,1504,854
40788,1504,855
40789,1500,854
40790,1504,853
40791,1504,854
40792,1500,856
40793,1504,855
40794,1503,855
40795,1504,853
40796,1500,853
40797,1500,855
40798,1504,853
40799,1504,854
40800,1503,855
40801,1504,856
40802,1503,855
40803,1504,855
40804,1504,855
40805,1504,855
40806,1504,855
40807,1504,855
40808,1504,855
40809,1504,855
40810,1503,855
40811,1503,855
40812,1504,856
40813,1500,855
40814,1500,855
40815,1503,855
40816,1504,853
40817,1504,855
40818,1504,855
40819,1500,855
40820,1500,855
40821,1501,855
40822,1500,855
40823,1503,855
40824,1500,855
40825,1503,853
40826,1504,856
40827,1504,855
40828,1504,855
40829,1504,856
40830,1504,854
40831,1504,855
40832,1500,853
40833,1504,855
40834,1500,857
40835,1504,855
40836,1504,856
40837,1504,857
40838,1504,855
40839,1504,855
40840,1503,856
40841,1500,856
40842,1503,856
40843,1504,855
40844,1504,854
40845,1504,855
40846,1504,855
40847,1504,855
40848,1504,856
40849,1503,856
40850,1500,855
40851,1504,855
40852,1504,855
40853,1499,855
40854,1504,856
40855,1504,855
40856,1503,855
40857,1500,855
40858,1504,855
40859,1503,855
40860,1504,855
40861,1503,855
40862,1501,855
40863,1504,854
40864,1504,855
40865,1500,853
40866,1500,855
40867,1504,854
40868,1503,855
40869,1500,855
40870,1500,853
40871,1500,855
40872,1500,855
40873,1504,855
40874,1500,855
40875,1504,856
40876,1500,856
40877,1503,857
40878,1504,855
40879,1500,855
40880,1500,855
40881,1501,855
40882,1500,856
40883,1503,855
40884,1499,855
40885,1500,857
40886,1499,855
40887,1499,855
40888,1500,856
40889,1500,853
40890,1500,853
40891,1500,853
40892,1500,855
40893,1499,854
40894,1500,855
40895,1503,854
40896,1500,853
40897,1500,853
40898,1500,853
40899,1504,855
40900,1500,855
40901,1500,855
40902,1500,856
40903,1503,855
40904,1503,855
40905,1500,855
40906,1503,855
40907,1500,855
40908,1500,855
40909,1500,855
40910,1500,855
40911,1500,856
40912,1504,855
40913,1500,853
40914,1499,857
40915,1504,855
40916,1499,855
40917,1499,855
40918,1500,857
40919,1499,855
40920,1500,855
40921,1500,856
40922,1501,855
40923,1500,853
40924,1500,856
40925,1503,856
40926,1503,856
40927,1504,855
40928,1500,855
40929,1504,856
40930,1499,857
40931,1500,855
40932,1500,855
40933,1501,855
40934,1500,856
40935,1500,855
40936,1500,855
40937,1499,855
40938,1500,855
40939,1500,856
40940,1500,855
40941,1500,855
40942,1499,855
40943,1500,855
40944,1500,855
40945,1503,854
40946,1499,855
40947,1500,856
40948,1500,855
40949,1500,856
40950,1500,855
40951,1500,856
40952,1498,855
40953,1498,855
40954,1499,855
40955,1500,856
40956,1500,855
40957,1499,856
40958,1500,855
40959,1500,855
40960,1500,856
40961,1500,856
40962,1498,856
40963,1500,856
40964,1500,853
40965,1503,856
40966,1500,855
40967,1500,856
40968,1504,855
40969,1500,854
40970,1500,855
40971,1499,853
40972,1500,855
40973,1499,855
40974,1500,854
40975,1500,855
40976,1500,855
40977,1500,853
40978,1500,853
40979,1500,856
40980,1500,855
40981,1504,855
40982,1500,855
40983,1503,855
40984,1500,855
40985,1499,855
40986,1500,854
40987,1500,856
40988,1498,855
40989,1500,855
40990,1500,854
40991,1500,854
40992,1500,855
40993,1500,853
40994,1500,854
40995,1500,909
40996,1503,853
40997,1500,854
40998,1498,853
40999,1500,855
41000,1504,855
41001,1503,856
41002,1499,855
41003,1500,856
41004,1503,855
41005,1500,855
41006,1500,855
41007,1504,856
41008,1500,854
41009,1500,856
41010,1500,856
41011,1504,855
41012,1500,855
41013,1500,855
41014,1499,855
41015,1500,855
41016,1500,855
41017,1500,855
41018,1504,853
41019,1500,855
41020,1500,856
41021,1499,855
41022,1500,857
41023,1500,855
41024,1500,853
41025,1500,855
41026,1500,855
41027,1500,855
41028,1499,855
41029,1499,857
41030,1500,855
41031,1500,853
41032,1500,855
41033,1500,853
41034,1500,855
41035,1500,854
41036,1500,853
41037,1500,855
41038,1500,855
41039,1499,853
41040,1504,854
41041,1500,855
41042,1504,855
41043,1504,855
41044,1500,854
41045,1500,855
41046,1500,855
41047,1499,854
41048,1500,855
41049,1498,856
41050,1500,855
41051,1499,857
41052,1500,855
41053,1504,855
41054,1500,855
41055,1500,855
41056,1500,855
41057,1500,855
41058,1503,856
41059,1504,856
41060,1500,856
41061,1504,856
41062,1504,855
41063,1500,856
41064,1504,855
41065,1500,855
41066,1500,855
41067,1500,855
41068,1504,853
41069,1498,855
41070,1500,857
41071,1500,853
41072,1500,855
41073,1504,855
41074,1500,855
41075,1500,856
41076,1500,855
41077,1499,853
41078,1500,853
41079,1500,855
41080,1500,855
41081,1499,854
41082,1500,854
41083,1503,854
41084,1500,855
41085,1501,853
41086,1501,855
41087,1499,855
41088,1500,855
41089,1500,855
41090,1500,855
41091,1504,856
41092,1500,855
41093,1500,856
41094,1500,855
41095,1504,855
41096,1503,856
41097,1500,856
41098,1500,856
41099,1500,854
41100,1503,856
41101,1500,855
41102,1504,855
41103,1503,858
41104,1500,855
41105,1503,855
41106,1499,856
41107,1504,855
41108,1503,855
41109,1500,855
41110,1502,855
41111,1504,854
41112,1500,855
41113,1500,856
41114,1504,855
41115,1500,856
41116,1500,856
41117,1503,855
41118,1500,855
41119,1504,855
41120,1504,855
41121,1503,855
41122,1500,855
41123,1499,855
41124,1500,856
41125,1503,855
41126,1503,855
41127,1503,854
41128,1500,855
41129,1500,853
41130,1500,856
41131,1500,855
41132,1500,855
41133,1503,855
41134,1500,856
41135,1500,855
41136,1503,856
41137,1500,855
41138,1500,855
41139,1500,856
41140,1499,857
41141,1503,857
41142,1500,856
41143,1503,856
41144,1500,855
41145,1500,855
41146,1500,855
41147,1500,856
41148,1500,854
41149,1500,855
41150,1503,855
41151,1503,856
41152,1503,857
41153,1503,855
41154,1500,855
41155,1500,855
41156,1499,857
41157,1503,856
41158,1500,853
41159,1500,856
41160,1499,857
41161,1503,857
41162,1500,856
41163,1500,855
41164,1500,856
41165,1503,855
41166,1500,855
41167,1504,854
41168,1503,856
41169,1504,857
41170,1504,857
41171,1498,855
41172,1500,856
41173,1500,856
41174,1500,855
41175,1500,794
41176,1500,855
41177,1500,855
41178,1500,855
41179,1503,855
41180,1499,855
41181,1501,856
41182,1503,854
41183,1499,855
41184,1498,855
41185,1500,855
41186,1500,855
41187,1500,853
41188,1499,855
41189,1504,855
41190,1501,855
41191,1500,855
41192,1500,854
41193,1500,853
41194,1500,854
41195,1500,854
41196,1500,853
41197,1499,854
41198,1500,855
41199,1500,855
41200,1499,856
41201,1500,853
41202,1500,855
41203,1500,856
41204,1500,855
41205,1500,855
41206,1500,856
41207,1500,855
41208,1504,854
41209,1504,854
41210,1500,855
41211,1503,856
41212,1504,855
41213,1504,855
41214,1500,855
41215,1500,855
41216,1504,856
41217,1500,855
41218,1501,854
41219,1499,857
41220,1504,855
41221,1500,856
41222,1500,855
41223,1504,854
41224,1500,855
41225,1499,856
41226,1504,855
41227,1500,856
41228,1500,855
41229,1500,856
41230,1500,856
41231,1500,856
41232,1500,855
41233,1499,855
41234,1500,854
41235,1500,855
41236,1500,853
41237,1500,855
41238,1500,854
41239,1499,853
41240,1499,856
41241,1500,855
41242,1504,856
41243,1500,855
41244,1500,855
41245,1503,855
41246,1504,857
41247,1500,857
41248,1499,855
41249,1500,855
41250,1503,855
41251,1503,855
41252,1500,855
41253,1500,855
41254,1503,854
41255,1500,855
41256,1504,855
41257,1500,855
41258,1504,856
41259,1500,855
41260,1500,857
41261,1499,855
41262,1500,855
41263,1500,857
41264,1503,855
41265,1501,855
41266,1504,855
41267,1500,855
41268,1500,856
41269,1500,856
41270,1500,857
41271,1504,857
41272,1500,855
41273,1500,857
41274,1500,855
41275,1500,855
41276,1498,855
41277,1504,857
41278,1500,855
41279,1503,855
41280,1500,855
41281,1503,856
41282,1500,854
41283,1500,856
41284,1503,855
41285,1500,856
41286,1503,855
41287,1500,855
41288,1500,855
41289,1500,855
41290,1500,855
41291,1500,855
41292,1500,854
41293,1504,853
41294,1504,855
41295,1500,853
41296,1499,855
41297,1500,855
41298,1500,854
41299,1500,853
41300,1500,855
41301,1504,856
41302,1500,855
41303,1500,857
41304,1499,856
41305,1500,856
41306,1504,855
41307,1498,855
41308,1499,854
41309,1500,855
41310,1500,856
41311,1503,855
41312,1500,855
41313,1499,855
41314,1503,855
41315,1499,855
41316,1503,855
41317,1500,855
41318,1500,855
41319,1503,855
41320,1500,854
41321,1503,856
41322,1500,855
41323,1503,857
41324,1500,856
41325,1500,857
41326,1500,856
41327,1500,855
41328,1500,856
41329,1500,856
41330,1499,857
41331,1498,856
41332,1500,855
41333,1500,856
41334,1504,853
41335,1504,856
41336,1500,855
41337,1504,855
41338,1500,855
41339,1499,855
41340,1500,856
41341,1500,855
41342,1500,855
41343,1499,856
41344,1500,855
41345,1500,856
41346,1500,855
41347,1500,856
41348,1499,857
41349,1499,855
41350,1500,858
41351,1500,857
41352,1499,855
41353,1500,853
41354,1500,856
41355,1500,855
41356,1500,855
41357,1499,855
41358,1500,855
41359,1500,856
41360,1500,855
41361,1500,855
41362,1500,855
41363,1498,854
41364,1500,854
41365,1500,855
41366,1498,856
41367,1500,857
41368,1499,857
41369,1499,855
41370,1500,856
41371,1499,857
41372,1500,855
41373,1499,855
41374,1503,855
41375,1500,855
41376,1504,855
41377,1500,855
41378,1499,857
41379,1500,857
41380,1498,855
41381,1503,857
41382,1499,854
41383,1499,855
41384,1500,856
41385,1499,855
41386,1500,857
41387,1499,857
41388,1500,857
41389,1500,854
41390,1499,854
41391,1498,855
41392,1500,855
41393,1500,853
41394,1499,855
41395,1500,853
41396,1499,855
41397,1498,855
41398,1499,855
41399,1499,853
41400,1500,855
41401,1500,855
41402,1500,855
41403,1500,854
41404,1503,856
41405,1499,857
41406,1500,855
41407,1500,855
41408,1498,855
41409,1500,856
41410,1500,857
41411,1500,855
41412,1499,856
41413,1500,856
41414,1500,857
41415,1500,853
41416,1498,855
41417,1498,853
41418,1500,855
41419,1499,857
41420,1499,855
41421,1499,857
41422,1500,856
41423,1500,856
41424,1499,857
41425,1499,855
41426,1499,855
41427,1499,855
41428,1499,856
41429,1500,857
41430,1499,855
41431,1503,855
41432,1499,855
41433,1500,855
41434,1498,857
41435,1499,855
41436,1500,854
41437,1500,857
41438,1500,853
41439,1500,855
41440,1500,855
41441,1500,856
41442,1500,855
41443,1500,856
41444,1500,855
41445,1503,855
41446,1499,855
41447,1500,856
41448,1499,857
41449,1500,856
41450,1500,855
41451,1499,856
41452,1500,856
41453,1500,855
41454,1500,855
41455,1500,856
41456,1499,856
41457,1500,856
41458,1500,856
41459,1500,856
41460,1500,855
41461,1499,854
41462,1500,855
41463,1500,855
41464,1500,856
41465,1500,856
41466,1500,855
41467,1500,856
41468,1500,853
41469,1503,855
41470,1500,857
41471,1500,855
41472,1499,855
41473,1500,855
41474,1500,855
41475,1500,855
41476,1499,855
41477,1503,855
41478,1500,855
41479,1499,857
41480,1503,855
41481,1500,855
41482,1500,855
41483,1499,856
41484,1498,855
41485,1498,857
41486,1500,857
41487,1499,855
41488,1500,855
41489,1504,855
41490,1504,854
41491,1504,855
41492,1500,855
41493,1500,854
41494,1499,854
41495,1500,855
41496,1500,855
41497,1503,855
41498,1500,854
41499,1499,855
41500,1500,855
41501,1503,855
41502,1500,855
41503,1500,857
41504,1500,855
41505,1500,855
41506,1500,856
41507,1499,856
41508,1500,855
41509,1500,856
41510,1500,855
41511,1500,856
41512,1500,856
41513,1500,855
41514,1504,856
41515,1499,857
41516,1503,855
41517,1503,855
41518,1500,855
41519,1500,856
41520,1500,855
41521,1500,855
41522,1496,857
41523,1504,867
41524,1505,841
41525,1503,845
41526,1503,843
41527,1500,855
41528,1499,856
41529,1500,855
41530,1499,856
41531,1500,855
41532,1500,855
41533,1499,855
41534,1501,851
41535,1498,855
41536,1500,855
41537,1499,855
41538,1500,855
41539,1500,853
41540,1503,853
41541,1499,853
41542,1500,853
41543,1500,855
41544,1498,855
41545,1504,856
41546,1500,855
41547,1500,857
41548,1500,857
41549,1499,856
41550,1499,855
41551,1500,856
41552,1504,856
41553,1500,855
41554,1500,855
41555,1500,855
41556,1500,855
41557,1503,857
41558,1500,855
41559,1500,855
41560,1500,855
41561,1499,855
41562,1500,852
41563,1500,855
41564,1500,855
41565,1500,857
41566,1503,855
41567,1500,855
41568,1499,855
41569,1500,856
41570,1500,855
41571,1503,855
41572,1500,855
41573,1500,855
41574,1500,857
41575,1504,856
41576,1500,853
41577,1500,855
41578,1500,855
41579,1500,854
41580,1500,854
41581,1500,855
41582,1500,855
41583,1500,856
41584,1499,855
41585,1499,855
41586,1499,855
41587,1500,854
41588,1500,857
41589,1500,857
41590,1500,855
41591,1503,854
41592,1500,856
41593,1500,855
41594,1503,855
41595,1499,855
41596,1498,855
41597,1500,855
41598,1500,855
41599,1500,855
41600,1500,855
41601,1500,855
41602,1500,855
41603,1500,855
41604,1500,855
41605,1504,855
41606,1499,855
41607,1503,855
41608,1500,855
41609,1504,856
41610,1499,855
41611,1503,855
41612,1500,855
41613,1500,855
41614,1499,856
41615,1500,855
41616,1500,855
41617,1500,855
41618,1500,855
41619,1500,855
41620,1499,855
41621,1500,855
41622,1503,855
41623,1500,856
41624,1499,855
41625,1499,856
41626,1500,856
41627,1503,855
41628,1500,856
41629,1499,855
41630,1500,855
41631,1500,855
41632,1500,855
41633,1500,855
41634,1500,856
41635,1499,855
41636,1499,857
41637,1500,854
41638,1500,855
41639,1500,855
41640,1500,857
41641,1499,855
41642,1498,854
41643,1499,855
41644,1500,856
41645,1500,855
41646,1500,855
41647,1504,856
41648,1503,855
41649,1498,855
41650,1498,855
41651,1500,855
41652,1500,856
41653,1500,856
41654,1500,856
41655,1498,856
41656,1500,855
41657,1500,855
41658,1500,855
41659,1503,855
41660,1500,856
41661,1501,855
41662,1500,857
41663,1499,855
41664,1500,857
41665,1500,856
41666,1499,855
41667,1498,855
41668,1500,855
41669,1500,854
41670,1500,855
41671,1500,855
41672,1500,855
41673,1498,855
41674,1500,855
41675,1499,855
41676,1500,855
41677,1499,855
41678,1500,853
41679,1500,853
41680,1500,854
41681,1500,855
41682,1499,855
41683,1500,853
41684,1500,854
41685,1500,853
41686,1500,855
41687,1500,855
41688,1499,853
41689,1500,855
41690,1500,855
41691,1503,854
41692,1500,854
41693,1500,855
41694,1500,855
41695,1504,854
41696,1500,855
41697,1500,853
41698,1500,853
41699,1500,853
41700,1500,854
41701,1499,855
41702,1503,855
41703,1500,855
41704,1500,856
41705,1500,854
41706,1500,855
41707,1500,853
41708,1499,855
41709,1503,855
41710,1499,853
41711,1500,854
41712,1500,856
41713,1500,853
41714,1501,857
41715,1503,853
41716,1500,855
41717,1500,854
41718,1503,855
41719,1500,855
41720,1503,855
41721,1499,855
41722,1499,855
41723,1500,855
41724,1504,855
41725,1500,855
41726,1500,856
41727,1500,855
41728,1503,855
41729,1500,856
41730,1499,855
41731,1500,855
41732,1504,855
41733,1499,855
41734,1499,857
41735,1500,855
41736,1500,855
41737,1500,853
41738,1499,855
41739,1499,856
41740,1500,855
41741,1500,855
41742,1500,855
41743,1500,855
41744,1500,855
41745,1500,856
41746,1503,855
41747,1500,855
41748,1500,855
41749,1500,855
41750,1503,855
41751,1500,857
41752,1500,854
41753,1499,855
41754,1500,855
41755,1500,854
41756,1499,855
41757,1500,856
41758,1504,853
41759,1504,855
41760,1500,855
41761,1500,856
41762,1499,855
41763,1504,855
41764,1498,856
41765,1499,856
41766,1499,854
41767,1504,854
41768,1500,855
41769,1500,855
41770,1499,855
41771,1500,855
41772,1500,855
41773,1499,856
41774,1500,855
41775,1500,856
41776,1500,853
41777,1499,855
41778,1500,855
41779,1499,853
41780,1500,855
41781,1500,855
41782,1500,855
41783,1500,855
41784,1499,856
41785,1503,856
41786,1500,855
41787,1500,855
41788,1499,855
41789,1500,854
41790,1500,855
41791,1500,853
41792,1498,854
41793,1500,855
41794,1503,855
41795,1500,853
41796,1499,854
41797,1500,855
41798,1500,853
41799,1503,853
41800,1500,855
41801,1504,855
41802,1500,856
41803,1499,855
41804,1500,855
41805,1500,855
41806,1500,855
41807,1500,856
41808,1500,855
41809,1499,853
41810,1500,853
41811,1499,855
41812,1499,855
41813,1500,855
41814,1500,855
41815,1500,855
41816,1500,856
41817,1500,855
41818,1499,855
41819,1500,855
41820,1500,854
41821,1500,855
41822,1500,854
41823,1503,856
41824,1500,855
41825,1500,856
41826,1500,854
41827,1499,855
41828,1499,855
41829,1499,853
41830,1499,855
41831,1500,855
41832,1500,856
41833,1500,856
41834,1500,855
41835,1504,855
41836,1500,855
41837,1500,856
41838,1500,854
41839,1500,855
41840,1500,856
41841,1500,855
41842,1500,855
41843,1500,855
41844,1499,855
41845,1500,854
41846,1499,854
41847,1500,857
41848,1499,855
41849,1500,855
41850,1500,853
41851,1503,853
41852,1500,855
41853,1499,855
41854,1500,855
41855,1500,855
41856,1500,855
41857,1500,855
41858,1500,856
41859,1500,857
41860,1498,855
41861,1500,853
41862,1500,855
41863,1498,855
41864,1499,855
41865,1500,853
41866,1500,854
41867,1500,855
41868,1500,855
41869,1500,857
41870,1499,855
41871,1500,855
41872,1498,855
41873,1500,855
41874,1500,855
41875,1500,855
41876,1500,855
41877,1500,855
41878,1503,855
41879,1500,855
41880,1500,854
41881,1500,853
41882,1500,856
41883,1500,855
41884,1500,855
41885,1500,855
41886,1500,855
41887,1499,856
41888,1500,855
41889,1500,854
41890,1500,855
41891,1500,853
41892,1500,855
41893,1500,855
41894,1500,855
41895,1503,855
41896,1498,853
41897,1499,857
41898,1500,855
41899,1500,853
41900,1500,854
41901,1500,855
41902,1500,856
41903,1500,855
41904,1500,855
41905,1500,855
41906,1500,856
41907,1500,853
41908,1500,855
41909,1500,855
41910,1500,855
41911,1500,855
41912,1500,855
41913,1498,853
41914,1504,857
41915,1499,856
41916,1498,855
41917,1499,854
41918,1500,853
41919,1500,855
41920,1500,856
41921,1499,854
41922,1500,855
41923,1500,857
41924,1500,855
41925,1499,857
41926,1500,857
41927,1500,855
41928,1498,857
41929,1500,856
41930,1500,857
41931,1503,856
41932,1498,856
41933,1499,858
41934,1498,860
41935,1499,860
41936,1500,860
41937,1499,861
41938,1500,863
41939,1499,865
41940,1501,867
41941,1499,869
41942,1500,871
41943,1500,871
41944,1500,871
41945,1500,871
41946,1500,870
41947,1504,871
41948,1498,871
41949,1498,872
41950,1498,872
41951,1503,872
41952,1500,875
41953,1498,873
41954,1499,873
41955,1498,872
41956,1498,873
41957,1498,874
41958,1498,873
41959,1498,874
41960,1499,874
41961,1498,873
41962,1498,871
41963,1498,873
41964,1498,875
41965,1499,872
41966,1498,872
41967,1498,873
41968,1498,873
41969,1499,873
41970,1498,872
41971,1498,873
41972,1498,875
41973,1497,873
41974,1498,873
41975,1498,872
41976,1498,871
41977,1498,873
41978,1498,873
41979,1498,873
41980,1496,873
41981,1498,873
41982,1498,871
41983,1498,873
41984,1498,873
41985,1499,874
41986,1498,873
41987,1496,873
41988,1498,872
41989,1498,872
41990,1498,871
41991,1498,872
41992,1498,871
41993,1499,872
41994,1498,871
41995,1499,873
41996,1499,871
41997,1498,871
41998,1498,873
41999,1498,872
42000,1498,871
42001,1498,872
42002,1498,873
42003,1498,872
42004,1499,872
42005,1498,872
42006,1498,871
42007,1498,872
42008,1498,871
42009,1499,872
42010,1498,872
42011,1498,871
42012,1498,873
42013,1498,871
42014,1496,872
42015,1498,873
42016,1498,874
42017,1498,872
42018,1496,872
42019,1498,872
42020,1498,872
42021,1498,873
42022,1498,872
42023,1498,872
42024,1496,872
42025,1498,872
42026,1498,873
42027,1499,873
42028,1498,873
42029,1498,871
42030,1498,873
42031,1498,871
42032,1497,872
42033,1499,872
42034,1497,871
42035,1498,871
42036,1499,871
42037,1500,871
42038,1500,872
42039,1499,871
42040,1498,871
42041,1498,871
42042,1498,872
42043,1498,873
42044,1497,873
42045,1498,871
42046,1499,871
42047,1498,873
42048,1498,872
42049,1499,871
42050,1498,872
42051,1498,871
42052,1498,873
42053,1498,873
42054,1498,871
42055,1497,873
42056,1498,871
42057,1498,873
42058,1498,873
42059,1499,871
42060,1498,873
42061,1498,872
42062,1498,872
42063,1498,871
42064,1498,872
42065,1498,872
42066,1497,872
42067,1498,873
42068,1498,872
42069,1498,872
42070,1498,873
42071,1498,873
42072,1497,873
42073,1498,873
42074,1498,873
42075,1498,872
42076,1497,872
42077,1498,871
42078,1498,870
42079,1498,873
42080,1498,871
42081,1499,871
42082,1499,871
42083,1498,872
42084,1498,871
42085,1499,872
42086,1498,871
42087,1498,871
42088,1498,873
42089,1498,872
42090,1500,872
42091,1498,871
42092,1498,872
42093,1498,871
42094,1498,873
42095,1499,872
42096,1500,872
42097,1499,873
42098,1499,873
42099,1500,873
42100,1498,873
42101,1498,871
42102,1500,873
42103,1498,873
42104,1497,872
42105,1498,871
42106,1498,872
42107,1498,871
42108,1498,872
42109,1498,872
42110,1498,871
42111,1500,872
42112,1498,872
42113,1498,871
42114,1498,874
42115,1499,872
42116,1498,873
42117,1498,873
42118,1499,873
42119,1499,874
42120,1498,871
42121,1498,873
42122,1499,871
42123,1498,872
42124,1500,872
42125,1498,873
42126,1498,873
42127,1498,873
42128,1498,872
42129,1499,871
42130,1499,871
42131,1498,872
42132,1500,872
42133,1498,872
42134,1499,873
42135,1498,871
42136,1500,873
42137,1496,873
42138,1498,872
42139,1498,872
42140,1498,871
42141,1498,872
42142,1498,873
42143,1498,872
42144,1498,872
42145,1498,872
42146,1498,872
42147,1499,872
42148,1499,872
42149,1498,871
42150,1499,872
42151,1498,873
42152,1498,873
42153,1498,872
42154,1498,872
42155,1498,873
42156,1498,871
42157,1498,873
42158,1498,873
42159,1499,873
42160,1498,873
42161,1498,873
42162,1498,872
42163,1498,873
42164,1498,873
42165,1499,871
42166,1500,871
42167,1498,872
42168,1498,873
42169,1499,872
42170,1500,871
42171,1498,872
42172,1498,871
42173,1499,873
42174,1498,872
42175,1499,873
42176,1498,871
42177,1498,872
42178,1498,871
42179,1498,871
42180,1496,871
42181,1498,873
42182,1498,872
42183,1498,871
42184,1498,872
42185,1499,871
42186,1498,871
42187,1498,871
42188,1500,872
42189,1498,871
42190,1498,871
42191,1499,871
42192,1498,871
42193,1498,860
42194,1498,871
42195,1499,871
42196,1500,871
42197,1499,872
42198,1498,872
42199,1498,871
42200,1498,871
42201,1499,872
42202,1499,872
42203,1498,873
42204,1499,873
42205,1498,873
42206,1500,873
42207,1498,872
42208,1498,873
42209,1498,873
42210,1498,872
42211,1498,872
42212,1498,872
42213,1498,873
42214,1498,873
42215,1499,873
42216,1498,874
42217,1498,871
42218,1498,873
42219,1498,873
42220,1498,871
42221,1500,873
42222,1499,872
42223,1498,873
42224,1498,875
42225,1498,871
42226,1498,872
42227,1498,872
42228,1499,872
42229,1499,873
42230,1497,873
42231,1498,873
42232,1498,873
42233,1498,873
42234,1498,873
42235,1498,872
42236,1500,872
42237,1500,872
42238,1498,873
42239,1498,872
42240,1499,871
42241,1498,872
42242,1498,872
42243,1499,872
42244,1498,875
42245,1498,872
42246,1498,872
42247,1498,873
42248,1500,872
42249,1498,872
42250,1498,873
42251,1498,873
42252,1499,872
42253,1498,871
42254,1498,873
42255,1499,873
42256,1498,871
42257,1498,871
42258,1497,874
42259,1497,872
42260,1499,872
42261,1498,872
42262,1498,873
42263,1498,872
42264,1499,871
42265,1498,871
42266,1498,871
42267,1499,872
42268,1498,872
42269,1498,872
42270,1500,873
42271,1499,873
42272,1498,872
42273,1500,873
42274,1498,872
42275,1497,872
42276,1500,873
42277,1498,871
42278,1498,873
42279,1498,871
42280,1498,872
42281,1498,872
42282,1499,873
42283,1498,872
42284,1498,871
42285,1498,873
42286,1499,873
42287,1498,871
42288,1498,871
42289,1499,873
42290,1497,871
42291,1498,870
42292,1498,871
42293,1498,871
42294,1498,868
42295,1500,871
42296,1498,871
42297,1499,869
42298,1499,871
42299,1499,871
42300,1498,871
42301,1500,872
42302,1497,873
42303,1498,871
42304,1498,873
42305,1499,873
42306,1498,872
42307,1499,871
42308,1498,871
42309,1498,873
42310,1499,873
42311,1498,872
42312,1498,873
42313,1498,872
42314,1499,872
42315,1498,871
42316,1498,871
42317,1498,873
42318,1498,870
42319,1498,872
42320,1500,873
42321,1498,873
42322,1498,873
42323,1498,872
42324,1498,872
42325,1498,874
42326,1499,872
42327,1496,872
42328,1498,873
42329,1498,872
42330,1498,872
42331,1497,872
42332,1498,873
42333,1499,871
42334,1498,873
42335,1498,873
42336,1498,873
42337,1498,872
42338,1498,871
42339,1499,873
42340,1499,873
42341,1499,871
42342,1498,872
42343,1497,872
42344,1498,871
42345,1498,871
42346,1498,871
42347,1498,872
42348,1499,871
42349,1498,871
42350,1498,872
42351,1497,871
42352,1498,872
42353,1497,872
42354,1498,873
42355,1498,872
42356,1498,873
42357,1498,871
42358,1497,873
42359,1499,872
42360,1498,873
42361,1498,873
42362,1498,872
42363,1498,872
42364,1498,872
42365,1497,873
42366,1498,872
42367,1498,874
42368,1498,872
42369,1498,873
42370,1499,871
42371,1498,872
42372,1498,873
42373,1500,873
42374,1499,873
42375,1498,872
42376,1498,871
42377,1499,873
42378,1498,871
42379,1497,871
42380,1499,872
42381,1498,871
42382,1498,873
42383,1498,872
42384,1496,873
42385,1499,873
42386,1498,872
42387,1498,873
42388,1499,873
42389,1498,871
42390,1498,870
42391,1498,871
42392,1498,871
42393,1498,872
42394,1499,871
42395,1499,871
42396,1499,871
42397,1499,870
42398,1498,871
42399,1498,871
42400,1498,871
42401,1498,873
42402,1498,873
42403,1498,873
42404,1499,872
42405,1498,871
42406,1498,871
42407,1498,871
42408,1498,872
42409,1498,871
42410,1498,873
42411,1499,872
42412,1498,872
42413,1498,872
42414,1498,871
42415,1498,871
42416,1498,871
42417,1498,871
42418,1498,871
42419,1499,872
42420,1498,873
42421,1498,872
42422,1498,872
42423,1498,873
42424,1499,873
42425,1498,872
42426,1498,872
42427,1500,872
42428,1499,872
42429,1498,873
42430,1499,872
42431,1498,873
42432,1498,871
42433,1498,873
42434,1500,871
42435,1499,872
42436,1498,872
42437,1499,872
42438,1498,873
42439,1499,871
42440,1499,873
42441,1500,870
42442,1499,871
42443,1498,873
42444,1499,872
42445,1498,871
42446,1498,873
42447,1499,873
42448,1499,873
42449,1496,873
42450,1498,871
42451,1498,873
42452,1498,873
42453,1499,872
42454,1499,871
42455,1500,873
42456,1498,871
42457,1498,873
42458,1498,872
42459,1498,872
42460,1498,873
42461,1498,871
42462,1500,871
42463,1499,872
42464,1496,872
42465,1499,873
42466,1498,871
42467,1498,872
42468,1500,872
42469,1498,872
42470,1498,873
42471,1498,871
42472,1499,872
42473,1498,872
42474,1499,873
42475,1499,872
42476,1498,872
42477,1498,871
42478,1499,871
42479,1498,873
42480,1499,872
42481,1498,873
42482,1499,872
42483,1498,872
42484,1498,873
42485,1498,871
42486,1499,872
42487,1498,873
42488,1498,872
42489,1499,871
42490,1499,871
42491,1498,871
42492,1499,871
42493,1499,869
42494,1498,872
42495,1498,869
42496,1498,871
42497,1498,871
42498,1499,871
42499,1498,871
42500,1498,871
42501,1497,872
42502,1498,871
42503,1498,871
42504,1498,873
42505,1498,871
42506,1499,872
42507,1498,872
42508,1499,872
42509,1498,871
42510,1498,873
42511,1497,871
42512,1498,872
42513,1498,873
42514,1498,872
42515,1498,872
42516,1498,871
42517,1498,872
42518,1498,872
42519,1498,873
42520,1498,871
42521,1498,871
42522,1498,871
42523,1498,873
42524,1497,874
42525,1498,873
42526,1498,872
42527,1498,871
42528,1498,871
42529,1498,872
42530,1499,871
42531,1500,871
42532,1498,871
42533,1498,871
42534,1499,871
42535,1499,871
42536,1498,872
42537,1498,871
42538,1498,871
42539,1498,871
42540,1498,871
42541,1498,871
42542,1498,871
42543,1498,872
42544,1498,872
42545,1498,871
42546,1498,872
42547,1498,873
42548,1499,871
42549,1498,871
42550,1498,872
42551,1498,873
42552,1498,871
42553,1498,873
42554,1500,873
42555,1500,872
42556,1499,873
42557,1498,872
42558,1498,873
42559,1499,872
42560,1498,873
42561,1498,871
42562,1498,871
42563,1498,871
42564,1498,872
42565,1498,871
42566,1498,871
42567,1499,874
42568,1498,872
42569,1498,874
42570,1498,872
42571,1497,871
42572,1498,873
42573,1498,871
42574,1498,872
42575,1499,872
42576,1498,871
42577,1499,871
42578,1498,871
42579,1498,871
42580,1498,869
42581,1498,871
42582,1498,871
42583,1498,871
42584,1498,870
42585,1498,871
42586,1498,871
42587,1498,870
42588,1498,871
42589,1498,871
42590,1499,873
42591,1498,872
42592,1498,871
42593,1498,872
42594,1498,872
42595,1498,873
42596,1498,872
42597,1498,873
42598,1497,871
42599,1500,871
42600,1498,872
42601,1498,872
42602,1498,871
42603,1498,872
42604,1498,872
42605,1498,872
42606,1498,873
42607,1498,871
42608,1498,873
42609,1499,873
42610,1498,872
42611,1498,872
42612,1500,872
42613,1498,872
42614,1498,871
42615,1498,873
42616,1498,871
42617,1497,873
42618,1496,871
42619,1498,873
42620,1498,873
42621,1496,871
42622,1498,872
42623,1498,871
42624,1498,872
42625,1498,872
42626,1498,872
42627,1498,873
42628,1498,871
42629,1498,872
42630,1499,871
42631,1498,874
42632,1498,871
42633,1499,871
42634,1498,871
42635,1498,872
42636,1498,871
42637,1498,871
42638,1499,872
42639,1499,871
42640,1498,871
42641,1498,873
42642,1498,869
42643,1498,872
42644,1499,870
42645,1499,871
42646,1499,872
42647,1498,872
42648,1498,871
42649,1499,871
42650,1499,871
42651,1499,871
42652,1500,872
42653,1498,872
42654,1498,871
42655,1499,872
42656,1499,871
42657,1498,872
42658,1498,872
42659,1499,871
42660,1498,871
42661,1498,873
42662,1500,870
42663,1498,871
42664,1498,873
42665,1498,872
42666,1498,870
42667,1498,871
42668,1498,873
42669,1498,871
42670,1499,871
42671,1499,872
42672,1498,873
42673,1498,871
42674,1497,871
42675,1498,872
42676,1500,871
42677,1498,871
42678,1498,869
42679,1498,871
42680,1498,869
42681,1499,871
42682,1498,869
42683,1498,871
42684,1498,872
42685,1492,871
42686,1499,871
42687,1498,871
42688,1498,872
42689,1499,871
42690,1498,869
42691,1498,869
42692,1499,870
42693,1498,871
42694,1498,871
42695,1498,869
42696,1498,871
42697,1498,870
42698,1499,869
42699,1499,871
42700,1499,871
42701,1498,872
42702,1498,873
42703,1498,872
42704,1499,871
42705,1498,871
42706,1498,871
42707,1498,871
42708,1498,871
42709,1498,872
42710,1498,871
42711,1499,871
42712,1498,872
42713,1499,871
42714,1499,871
42715,1500,869
42716,1499,872
42717,1499,871
42718,1499,872
42719,1500,871
42720,1498,871
42721,1498,871
42722,1499,872
42723,1498,872
42724,1498,871
42725,1498,871
42726,1498,871
42727,1500,872
42728,1498,871
42729,1498,871
42730,1498,871
42731,1499,869
42732,1498,873
42733,1499,872
42734,1498,871
42735,1499,873
42736,1498,871
42737,1498,871
42738,1498,871
42739,1499,871
42740,1498,872
42741,1498,871
42742,1497,871
42743,1498,871
42744,1498,872
42745,1498,871
42746,1498,871
42747,1499,871
42748,1500,870
42749,1498,871
42750,1500,871
42751,1498,871
42752,1499,872
42753,1499,871
42754,1499,872
42755,1496,872
42756,1498,874
42757,1498,871
42758,1498,871
42759,1500,871
42760,1498,871
42761,1498,871
42762,1499,872
42763,1498,872
42764,1498,872
42765,1499,871
42766,1498,871
42767,1499,871
42768,1498,871
42769,1496,869
42770,1498,871
42771,1498,872
42772,1499,871
42773,1499,871
42774,1497,871
42775,1498,872
42776,1497,873
42777,1498,871
42778,1498,872
42779,1498,871
42780,1498,872
42781,1497,871
42782,1499,871
42783,1498,871
42784,1498,872
42785,1496,872
42786,1500,870
42787,1498,873
42788,1498,871
42789,1499,870
42790,1498,871
42791,1498,871
42792,1498,869
42793,1498,871
42794,1499,871
42795,1499,871
42796,1498,871
42797,1499,869
42798,1498,871
42799,1499,869
42800,1497,869
42801,1499,873
42802,1499,871
42803,1498,873
42804,1498,871
42805,1496,870
42806,1498,871
42807,1498,871
42808,1500,871
42809,1498,872
42810,1498,871
42811,1498,872
42812,1498,871
42813,1498,871
42814,1498,871
42815,1498,871
42816,1498,871
42817,1498,870
42818,1499,871
42819,1498,871
42820,1498,869
42821,1498,871
42822,1498,871
42823,1499,871
42824,1498,870
42825,1499,871
42826,1496,871
42827,1498,870
42828,1498,871
42829,1497,871
42830,1499,871
42831,1498,872
42832,1498,871
42833,1499,871
42834,1499,872
42835,1498,871
42836,1499,871
42837,1497,871
42838,1500,871
42839,1498,871
42840,1498,870
42841,1498,871
42842,1497,871
42843,1498,872
42844,1498,871
42845,1498,871
42846,1499,873
42847,1498,872
42848,1498,872
42849,1498,871
42850,1498,871
42851,1498,871
42852,1499,871
42853,1498,871
42854,1498,871
42855,1499,871
42856,1498,871
42857,1499,871
42858,1498,872
42859,1496,871
42860,1498,869
42861,1498,871
42862,1498,872
42863,1496,872
42864,1498,871
42865,1498,870
42866,1498,869
42867,1498,871
42868,1498,871
42869,1498,874
42870,1498,871
42871,1498,873
42872,1498,872
42873,1499,871
42874,1499,873
42875,1498,872
42876,1498,871
42877,1498,869
42878,1499,873
42879,1498,872
42880,1498,871
42881,1498,871
42882,1498,872
42883,1498,869
42884,1498,870
42885,1499,871
42886,1496,871
42887,1498,871
42888,1498,871
42889,1498,872
42890,1498,871
42891,1497,869
42892,1498,870
42893,1498,871
42894,1498,871
42895,1498,871
42896,1498,869
42897,1498,871
42898,1498,871
42899,1498,871
42900,1498,871
42901,1498,869
42902,1498,870
42903,1498,871
42904,1496,872
42905,1498,871
42906,1497,871
42907,1497,870
42908,1498,871
42909,1498,871
42910,1498,871
42911,1498,873
42912,1498,872
42913,1498,871
42914,1498,872
42915,1497,871
42916,1498,871
42917,1498,872
42918,1497,871
42919,1499,871
42920,1498,871
42921,1498,871
42922,1498,872
42923,1498,869
42924,1498,873
42925,1500,873
42926,1498,871
42927,1498,873
42928,1498,871
42929,1497,873
42930,1498,871
42931,1497,872
42932,1500,870
42933,1498,869
42934,1498,872
42935,1498,870
42936,1499,871
42937,1498,871
42938,1498,873
42939,1499,872
42940,1498,871
42941,1498,871
42942,1498,872
42943,1498,871
42944,1500,872
42945,1498,871
42946,1499,872
42947,1498,871
42948,1497,873
42949,1496,871
42950,1499,871
42951,1498,871
42952,1498,871
42953,1498,872
42954,1498,871
42955,1498,871
42956,1498,871
42957,1499,872
42958,1498,871
42959,1498,871
42960,1498,871
42961,1498,871
42962,1498,870
42963,1499,871
42964,1498,871
42965,1498,873
42966,1498,871
42967,1498,871
42968,1498,871
42969,1498,871
42970,1498,873
42971,1498,872
42972,1498,873
42973,1498,871
42974,1498,871
42975,1498,871
42976,1499,871
42977,1500,871
42978,1498,871
42979,1498,871
42980,1498,871
42981,1498,871
42982,1499,871
42983,1499,871
42984,1498,872
42985,1498,871
42986,1498,871
42987,1499,872
42988,1497,872
42989,1499,871
42990,1498,869
42991,1498,870
42992,1498,871
42993,1498,870
42994,1498,867
42995,1499,871
42996,1498,871
42997,1498,869
42998,1499,871
42999,1498,869
43000,1498,872
43001,1498,872
43002,1498,871
43003,1498,871
43004,1498,869
43005,1497,873
43006,1498,871
43007,1499,871
43008,1498,871
43009,1498,870
43010,1498,871
43011,1499,871
43012,1496,871
43013,1498,871
43014,1498,872
43015,1498,872
43016,1500,871
43017,1498,869
43018,1498,871
43019,1498,872
43020,1498,871
43021,1498,871
43022,1496,872
43023,1499,871
43024,1498,870
43025,1498,871
43026,1499,871
43027,1499,869
43028,1498,871
43029,1498,871
43030,1499,870
43031,1498,871
43032,1499,870
43033,1497,871
43034,1498,871
43035,1498,869
43036,1498,871
43037,1498,869
43038,1498,871
43039,1498,871
43040,1498,869
43041,1499,871
43042,1499,871
43043,1498,871
43044,1498,873
43045,1498,871
43046,1498,869
43047,1498,872
43048,1498,871
43049,1498,871
43050,1500,872
43051,1498,871
43052,1498,870
43053,1498,871
43054,1498,872
43055,1498,871
43056,1497,871
43057,1498,871
43058,1499,872
43059,1498,871
43060,1498,870
43061,1498,870
43062,1498,871
43063,1499,871
43064,1498,871
43065,1498,871
43066,1498,871
43067,1500,873
43068,1498,871
43069,1500,871
43070,1498,871
43071,1497,872
43072,1498,871
43073,1498,871
43074,1498,872
43075,1498,871
43076,1498,869
43077,1498,869
43078,1498,869
43079,1498,870
43080,1497,870
43081,1498,869
43082,1498,871
43083,1500,869
43084,1498,871
43085,1499,869
43086,1499,871
43087,1498,871
43088,1499,871
43089,1497,871
43090,1497,871
43091,1498,871
43092,1498,872
43093,1496,871
43094,1498,871
43095,1498,873
43096,1498,873
43097,1498,872
43098,1498,872
43099,1498,871
43100,1498,871
43101,1498,871
43102,1498,872
43103,1498,872
43104,1497,871
43105,1498,873
43106,1498,871
43107,1498,871
43108,1498,871
43109,1498,871
43110,1498,870
43111,1498,872
43112,1499,872
43113,1498,872
43114,1498,871
43115,1498,871
43116,1498,871
43117,1498,871
43118,1497,870
43119,1499,869
43120,1497,871
43121,1498,871
43122,1498,871
43123,1500,869
43124,1498,871
43125,1498,870
43126,1498,871
43127,1498,871
43128,1498,870
43129,1498,870
43130,1498,869
43131,1498,870
43132,1499,871
43133,1498,871
43134,1499,871
43135,1498,873
43136,1498,871
43137,1499,871
43138,1500,871
43139,1498,871
43140,1498,871
43141,1498,871
43142,1498,871
43143,1498,871
43144,1498,872
43145,1498,871
43146,1498,871
43147,1499,871
43148,1498,870
43149,1498,871
43150,1497,872
43151,1498,871
43152,1498,871
43153,1498,872
43154,1498,871
43155,1499,871
43156,1498,873
43157,1498,871
43158,1498,870
43159,1498,871
43160,1499,871
43161,1498,877
43162,1496,859
43163,1496,877
43164,1498,869
43165,1499,871
43166,1500,873
43167,1500,867
43168,1497,875
43169,1506,869
43170,1494,868
43171,1497,879
43172,1503,859
43173,1500,859
43174,1495,869
43175,1500,877
43176,1500,873
43177,1496,868
43178,1499,886
43179,1499,862
43180,1498,869
43181,1499,859
43182,1498,867
43183,1497,871
43184,1498,871
43185,1498,861
43186,1496,871
43187,1497,856
43188,1498,871
43189,1496,869
43190,1496,887
43191,1498,871
43192,1497,872
43193,1504,871
43194,1498,870
43195,1498,869
43196,1498,869
43197,1497,871
43198,1498,871
43199,1499,869
43200,1498,869
43201,1498,871
43202,1499,867
43203,1498,870
43204,1499,871
43205,1498,871
43206,1499,871
43207,1498,871
43208,1498,871
43209,1498,872
43210,1498,871
43211,1500,872
43212,1498,871
43213,1499,871
43214,1498,871
43215,1499,869
43216,1498,870
43217,1497,871
43218,1500,870
43219,1498,871
43220,1498,871
43221,1499,871
43222,1498,871
43223,1498,869
43224,1499,871
43225,1496,871
43226,1498,870
43227,1498,872
43228,1498,870
43229,1498,869
43230,1498,872
43231,1498,871
43232,1498,869
43233,1499,871
43234,1498,871
43235,1498,870
43236,1499,871
43237,1499,871
43238,1498,871
43239,1498,869
43240,1498,871
43241,1499,869
43242,1498,873
43243,1497,871
43244,1498,871
43245,1498,871
43246,1498,870
43247,1499,871
43248,1498,871
43249,1497,872
43250,1498,871
43251,1499,871
43252,1498,872
43253,1498,873
43254,1498,869
43255,1498,871
43256,1498,871
43257,1500,869
43258,1499,873
43259,1499,870
43260,1498,871
43261,1498,870
43262,1498,871
43263,1498,871
43264,1498,871
43265,1497,871
43266,1498,871
43267,1499,869
43268,1498,871
43269,1498,871
43270,1498,871
43271,1499,871
43272,1498,871
43273,1498,871
43274,1497,871
43275,1498,871
43276,1498,871
43277,1500,870
43278,1497,871
43279,1499,871
43280,1499,872
43281,1498,872
43282,1499,871
43283,1498,871
43284,1496,871
43285,1497,873
43286,1496,870
43287,1498,871
43288,1498,870
43289,1498,871
43290,1496,871
43291,1498,871
43292,1498,873
43293,1498,869
43294,1498,871
43295,1498,871
43296,1497,871
43297,1497,871
43298,1498,871
43299,1498,871
43300,1498,870
43301,1498,871
43302,1497,870
43303,1499,871
43304,1498,872
43305,1498,871
43306,1498,871
43307,1499,872
43308,1498,871
43309,1498,872
43310,1496,871
43311,1498,871
43312,1498,872
43313,1498,872
43314,1499,871
43315,1498,872
43316,1498,872
43317,1496,871
43318,1498,871
43319,1496,873
43320,1498,871
43321,1498,872
43322,1499,871
43323,1498,871
43324,1498,872
43325,1498,872
43326,1498,871
43327,1498,872
43328,1498,871
43329,1498,870
43330,1498,871
43331,1496,871
43332,1496,871
43333,1496,871
43334,1499,871
43335,1498,872
43336,1497,872
43337,1498,871
43338,1498,872
43339,1498,871
43340,1498,871
43341,1496,873
43342,1497,871
43343,1496,871
43344,1496,872
43345,1496,872
43346,1498,871
43347,1498,871
43348,1497,873
43349,1498,871
43350,1500,871
43351,1498,871
43352,1497,871
43353,1498,871
43354,1496,872
43355,1498,871
43356,1496,871
43357,1498,871
43358,1498,871
43359,1498,871
43360,1499,869
43361,1499,871
43362,1498,871
43363,1498,871
43364,1496,871
43365,1498,872
43366,1499,871
43367,1498,871
43368,1498,871
43369,1498,872
43370,1498,871
43371,1498,871
43372,1497,871
43373,1498,870
43374,1498,872
43375,1498,871
43376,1498,872
43377,1497,870
43378,1498,871
43379,1498,871
43380,1498,871
43381,1498,872
43382,1498,872
43383,1498,872
43384,1498,872
43385,1498,871
43386,1498,871
43387,1498,871
43388,1497,871
43389,1498,872
43390,1498,871
43391,1498,873
43392,1498,871
43393,1496,869
43394,1498,871
43395,1498,869
43396,1498,871
43397,1499,870
43398,1498,869
43399,1498,870
43400,1498,871
43401,1496,871
43402,1498,871
43403,1496,871
43404,1497,873
43405,1498,871
43406,1498,871
43407,1498,873
43408,1496,871
43409,1498,871
43410,1498,871
43411,1498,872
43412,1496,871
43413,1500,872
43414,1497,872
43415,1498,871
43416,1498,873
43417,1498,872
43418,1498,872
43419,1498,871
43420,1498,871
43421,1498,871
43422,1498,871
43423,1498,871
43424,1498,872
43425,1497,871
43426,1498,872
43427,1498,872
43428,1497,871
43429,1498,871
43430,1497,869
43431,1498,871
43432,1498,872
43433,1498,871
43434,1498,871
43435,1498,872
43436,1498,871
43437,1497,871
43438,1498,871
43439,1498,871
43440,1498,873
43441,1498,871
43442,1497,871
43443,1499,871
43444,1498,870
43445,1498,871
43446,1498,871
43447,1498,872
43448,1498,872
43449,1496,871
43450,1498,871
43451,1498,873
43452,1497,871
43453,1496,871
43454,1498,871
43455,1498,871
43456,1498,871
43457,1497,871
43458,1498,871
43459,1497,872
43460,1498,871
43461,1498,871
43462,1499,871
43463,1498,873
43464,1497,870
43465,1498,872
43466,1498,871
43467,1498,872
43468,1498,871
43469,1498,871
43470,1498,873
43471,1498,871
43472,1499,873
43473,1500,872
43474,1498,871
43475,1498,872
43476,1497,872
43477,1498,871
43478,1498,871
43479,1497,871
43480,1498,873
43481,1498,873
43482,1498,871
43483,1498,871
43484,1500,871
43485,1496,873
43486,1498,872
43487,1499,873
43488,1498,872
43489,1498,869
43490,1498,872
43491,1498,872
43492,1498,870
43493,1498,869
43494,1499,871
43495,1497,871
43496,1499,869
43497,1498,871
43498,1498,871
43499,1496,871
43500,1499,871
43501,1498,871
43502,1498,871
43503,1497,871
43504,1498,871
43505,1497,871
43506,1498,872
43507,1498,871
43508,1498,871
43509,1496,871
43510,1498,871
43511,1499,871
43512,1498,871
43513,1497,871
43514,1498,871
43515,1498,871
43516,1499,873
43517,1496,871
43518,1499,869
43519,1498,872
43520,1499,871
43521,1498,872
43522,1497,871
43523,1498,871
43524,1498,872
43525,1498,871
43526,1498,871
43527,1498,871
43528,1498,871
43529,1498,871
43530,1497,871
43531,1498,869
43532,1496,871
43533,1498,869
43534,1498,868
43535,1498,870
43536,1497,870
43537,1499,871
43538,1498,870
43539,1498,871
43540,1498,871
43541,1498,871
43542,1498,869
43543,1498,871
43544,1498,871
43545,1498,871
43546,1498,872
43547,1498,871
43548,1498,871
43549,1498,871
43550,1498,873
43551,1498,871
43552,1498,871
43553,1498,871
43554,1498,871
43555,1498,872
43556,1497,871
43557,1498,872
43558,1498,873
43559,1498,871
43560,1498,873
43561,1498,871
43562,1499,872
43563,1498,871
43564,1498,873
43565,1497,872
43566,1498,872
43567,1498,873
43568,1497,873
43569,1498,871
43570,1498,871
43571,1499,872
43572,1498,872
43573,1498,871
43574,1497,871
43575,1500,871
43576,1498,871
43577,1498,870
43578,1497,870
43579,1498,869
43580,1498,871
43581,1498,871
43582,1498,871
43583,1498,870
43584,1498,927
43585,1498,871
43586,1498,869
43587,1498,871
43588,1496,869
43589,1497,870
43590,1498,871
43591,1498,871
43592,1499,871
43593,1496,871
43594,1498,871
43595,1498,871
43596,1498,871
43597,1498,871
43598,1496,871
43599,1497,871
43600,1496,871
43601,1497,871
43602,1497,872
43603,1498,871
43604,1498,873
43605,1498,871
43606,1497,872
43607,1498,871
43608,1498,871
43609,1498,871
43610,1498,872
43611,1498,871
43612,1498,871
43613,1498,871
43614,1498,872
43615,1498,871
43616,1498,872
43617,1498,871
43618,1498,871
43619,1498,871
43620,1498,869
43621,1498,871
43622,1498,871
43623,1496,871
43624,1498,872
43625,1498,870
43626,1499,871
43627,1498,872
43628,1498,871
43629,1498,870
43630,1498,871
43631,1499,871
43632,1498,872
43633,1498,871
43634,1498,871
43635,1498,871
43636,1498,873
43637,1498,873
43638,1498,873
43639,1497,872
43640,1498,871
43641,1498,872
43642,1498,871
43643,1498,871
43644,1498,871
43645,1497,871
43646,1498,872
43647,1499,871
43648,1498,871
43649,1498,871
43650,1497,871
43651,1498,872
43652,1497,872
43653,1498,872
43654,1498,871
43655,1499,870
43656,1500,871
43657,1496,871
43658,1499,871
43659,1498,872
43660,1498,871
43661,1498,872
43662,1498,869
43663,1498,871
43664,1498,871
43665,1498,871
43666,1499,871
43667,1497,871
43668,1498,872
43669,1499,873
43670,1498,873
43671,1497,871
43672,1499,873
43673,1500,870
43674,1498,871
43675,1498,871
43676,1498,872
43677,1499,870
43678,1498,871
43679,1498,871
43680,1498,869
43681,1498,869
43682,1498,871
43683,1498,870
43684,1498,869
43685,1498,871
43686,1498,869
43687,1499,869
43688,1498,871
43689,1498,871
43690,1498,869
43691,1498,870
43692,1497,870
43693,1497,871
43694,1498,869
43695,1498,869
43696,1498,870
43697,1499,869
43698,1499,871
43699,1498,871
43700,1498,871
43701,1498,871
43702,1498,871
43703,1498,871
43704,1497,870
43705,1498,871
43706,1496,871
43707,1498,871
43708,1499,871
43709,1498,872
43710,1499,871
43711,1498,869
43712,1499,870
43713,1498,871
43714,1498,871
43715,1497,871
43716,1498,872
43717,1498,871
43718,1498,872
43719,1498,871
43720,1499,871
43721,1498,872
43722,1498,871
43723,1498,871
43724,1498,872
43725,1500,871
43726,1498,871
43727,1497,871
43728,1498,871
43729,1498,871
43730,1498,871
43731,1498,871
43732,1498,872
43733,1498,871
43734,1496,872
43735,1499,873
43736,1498,872
43737,1500,872
43738,1499,871
43739,1498,872
43740,1498,872
43741,1498,873
43742,1498,871
43743,1498,871
43744,1498,871
43745,1498,871
43746,1498,872
43747,1496,871
43748,1496,871
43749,1498,871
43750,1498,872
43751,1497,871
43752,1499,871
43753,1498,871
43754,1498,871
43755,1498,870
43756,1498,871
43757,1498,871
43758,1498,873
43759,1496,871
43760,1498,872
43761,1499,872
43762,1499,871
43763,1499,871
43764,1498,872
43765,1498,872
43766,1498,872
43767,1498,871
43768,1499,872
43769,1498,871
43770,1499,872
43771,1498,872
43772,1498,871
43773,1498,871
43774,1496,871
43775,1500,871
43776,1497,871
43777,1498,870
43778,1498,871
43779,1497,871
43780,1498,871
43781,1498,871
43782,1500,871
43783,1498,871
43784,1498,872
43785,1499,871
43786,1498,871
43787,1500,871
43788,1498,871
43789,1498,870
43790,1498,869
43791,1499,869
43792,1498,870
43793,1498,870
43794,1498,869
43795,1498,871
43796,1498,871
43797,1497,872
43798,1497,871
43799,1499,870
43800,1498,871
43801,1498,871
43802,1497,873
43803,1498,871
43804,1498,873
43805,1498,872
43806,1498,871
43807,1498,871
43808,1498,870
43809,1498,871
43810,1498,871
43811,1498,872
43812,1499,871
43813,1499,872
43814,1498,871
43815,1498,871
43816,1498,871
43817,1498,871
43818,1498,871
43819,1499,871
43820,1499,871
43821,1499,871
43822,1498,871
43823,1498,871
43824,1496,870
43825,1498,872
43826,1498,871
43827,1497,871
43828,1498,871
43829,1498,871
43830,1498,871
43831,1500,871
43832,1498,871
43833,1498,872
43834,1498,871
43835,1498,873
43836,1498,873
43837,1500,871
43838,1499,871
43839,1498,871
43840,1499,871
43841,1497,871
43842,1498,871
43843,1496,871
43844,1497,871
43845,1498,871
43846,1497,871
43847,1498,870
43848,1498,872
43849,1499,872
43850,1498,871
43851,1498,870
43852,1498,871
43853,1498,871
43854,1498,871
43855,1499,872
43856,1498,871
43857,1500,871
43858,1498,871
43859,1500,869
43860,1498,872
43861,1499,872
43862,1498,871
43863,1498,873
43864,1499,871
43865,1498,871
43866,1498,873
43867,1498,872
43868,1498,871
43869,1498,871
43870,1500,872
43871,1498,871
43872,1498,871
43873,1499,871
43874,1498,871
43875,1498,874
43876,1498,871
43877,1498,871
43878,1498,871
43879,1498,872
43880,1498,871
43881,1498,871
43882,1498,871
43883,1498,871
43884,1499,871
43885,1498,872
43886,1499,871
43887,1498,871
43888,1499,872
43889,1498,870
43890,1498,870
43891,1498,869
43892,1498,869
43893,1498,869
43894,1500,871
43895,1498,869
43896,1497,869
43897,1498,870
43898,1498,871
43899,1499,871
43900,1499,871
43901,1498,871
43902,1499,871
43903,1498,872
43904,1498,871
43905,1499,872
43906,1498,871
43907,1498,871
43908,1498,871
43909,1499,871
43910,1498,872
43911,1499,871
43912,1498,871
43913,1498,871
43914,1498,871
43915,1498,872
43916,1498,871
43917,1498,871
43918,1496,872
43919,1498,872
43920,1499,871
43921,1498,871
43922,1499,872
43923,1498,871
43924,1500,872
43925,1499,871
43926,1500,872
43927,1499,871
43928,1498,873
43929,1498,871
43930,1496,871
43931,1498,871
43932,1500,871
43933,1498,869
43934,1499,871
43935,1498,871
43936,1498,871
43937,1499,871
43938,1498,871
43939,1499,870
43940,1498,870
43941,1498,872
43942,1498,871
43943,1499,872
43944,1498,871
43945,1498,871
43946,1498,871
43947,1498,873
43948,1498,871
43949,1499,871
43950,1498,872
43951,1500,873
43952,1498,871
43953,1497,871
43954,1498,871
43955,1498,872
43956,1498,875
43957,1498,871
43958,1499,871
43959,1498,871
43960,1498,871
43961,1498,872
43962,1499,871
43963,1498,872
43964,1498,872
43965,1498,871
43966,1498,871
43967,1496,869
43968,1498,871
43969,1499,872
43970,1498,871
43971,1499,871
43972,1499,871
43973,1498,871
43974,1498,871
43975,1498,871
43976,1499,871
43977,1497,871
43978,1498,871
43979,1498,871
43980,1498,871
43981,1498,872
43982,1497,871
43983,1499,872
43984,1498,872
43985,1498,871
43986,1498,871
43987,1497,871
43988,1498,873
43989,1498,869
43990,1498,871
43991,1498,872
43992,1499,869
43993,1498,870
43994,1499,871
43995,1497,871
43996,1497,870
43997,1498,871
43998,1499,869
43999,1498,871
44000,1498,872
44001,1498,873
44002,1500,871
44003,1498,872
44004,1498,872
44005,1498,871
44006,1498,873
44007,1498,871
44008,1497,871
44009,1498,871
44010,1498,870
44011,1498,871
44012,1498,871
44013,1498,871
44014,1499,871
44015,1499,871
44016,1498,871
44017,1498,871
44018,1498,871
44019,1500,872
44020,1498,871
44021,1498,872
44022,1498,872
44023,1500,871
44024,1498,871
44025,1496,871
44026,1500,871
44027,1498,871
44028,1499,870
44029,1499,870
44030,1498,871
44031,1499,867
44032,1499,869
44033,1498,871
44034,1499,869
44035,1499,871
44036,1498,871
44037,1498,869
44038,1498,871
44039,1498,869
44040,1498,870
44041,1498,869
44042,1498,870
44043,1498,870
44044,1496,872
44045,1498,871
44046,1498,871
44047,1498,871
44048,1500,869
44049,1499,871
44050,1498,872
44051,1498,871
44052,1500,871
44053,1498,871
44054,1498,870
44055,1498,871
44056,1498,871
44057,1498,871
44058,1498,871
44059,1498,871
44060,1498,872
44061,1498,871
44062,1497,871
44063,1498,871
44064,1498,872
44065,1498,871
44066,1499,870
44067,1498,870
44068,1498,872
44069,1499,872
44070,1498,871
44071,1498,871
44072,1498,873
44073,1500,871
44074,1498,871
44075,1498,871
44076,1498,871
44077,1498,871
44078,1498,870
44079,1498,869
44080,1497,869
44081,1498,871
44082,1498,870
44083,1499,869
44084,1499,871
44085,1498,871
44086,1498,871
44087,1499,870
44088,1498,871
44089,1498,872
44090,1498,871
44091,1498,871
44092,1498,872
44093,1498,871
44094,1499,871
44095,1499,871
44096,1499,871
44097,1498,871
44098,1498,870
44099,1497,871
44100,1498,871
44101,1498,871
44102,1498,871
44103,1498,871
44104,1498,869
44105,1498,873
44106,1498,869
44107,1498,872
44108,1498,871
44109,1499,871
44110,1498,871
44111,1496,872
44112,1498,871
44113,1498,871
44114,1498,872
44115,1499,871
44116,1498,871
44117,1498,872
44118,1498,872
44119,1498,873
44120,1498,871
44121,1498,871
44122,1498,871
44123,1498,873
44124,1499,871
44125,1499,871
44126,1498,872
44127,1497,871
44128,1499,871
44129,1499,871
44130,1498,872
44131,1498,871
44132,1499,871
44133,1498,871
44134,1499,871
44135,1498,870
44136,1498,871
44137,1497,870
44138,1500,871
44139,1497,871
44140,1498,871
44141,1497,871
44142,1497,871
44143,1498,871
44144,1497,871
44145,1498,871
44146,1499,871
44147,1498,871
44148,1498,872
44149,1498,872
44150,1498,871
44151,1498,872
44152,1498,870
44153,1498,871
44154,1498,871
44155,1499,871
44156,1498,873
44157,1498,870
44158,1498,873
44159,1498,871
44160,1498,871
44161,1498,873
44162,1498,871
44163,1499,871
44164,1498,871
44165,1498,871
44166,1498,871
44167,1498,871
44168,1498,871
44169,1498,873
44170,1498,872
44171,1499,871
44172,1498,871
44173,1498,871
44174,1498,871
44175,1498,871
44176,1498,871
44177,1498,869
44178,1498,871
44179,1498,870
44180,1500,871
44181,1499,871
44182,1499,869
44183,1498,871
44184,1498,871
44185,1498,869
44186,1499,871
44187,1498,871
44188,1500,871
44189,1498,871
44190,1499,871
44191,1498,869
44192,1497,869
44193,1498,871
44194,1499,869
44195,1498,869
44196,1499,871
44197,1498,870
44198,1498,869
44199,1499,869
44200,1498,871
44201,1498,871
44202,1499,871
44203,1499,869
44204,1499,871
44205,1497,869
44206,1498,870
44207,1497,871
44208,1498,871
44209,1498,870
44210,1498,871
44211,1498,872
44212,1498,872
44213,1498,872
44214,1499,871
44215,1498,871
44216,1498,873
44217,1496,871
44218,1498,871
44219,1498,873
44220,1498,871
44221,1498,873
44222,1498,871
44223,1498,871
44224,1498,872
44225,1498,871
44226,1500,871
44227,1498,871
44228,1498,871
44229,1499,871
44230,1499,871
44231,1498,871
44232,1499,871
44233,1498,873
44234,1500,871
44235,1498,870
44236,1499,871
44237,1499,871
44238,1498,871
44239,1499,869
44240,1498,871
44241,1497,873
44242,1498,871
44243,1497,872
44244,1498,871
44245,1498,871
44246,1498,871
44247,1498,872
44248,1498,871
44249,1498,870
44250,1498,871
44251,1499,871
44252,1498,870
44253,1498,872
44254,1498,871
44255,1498,871
44256,1498,871
44257,1498,871
44258,1498,873
44259,1498,872
44260,1498,872
44261,1496,873
44262,1498,873
44263,1498,871
44264,1499,871
44265,1498,871
44266,1498,871
44267,1499,871
44268,1497,871
44269,1498,871
44270,1497,873
44271,1498,873
44272,1498,870
44273,1499,871
44274,1498,871
44275,1500,873
44276,1498,871
44277,1498,871
44278,1500,873
44279,1498,872
44280,1498,871
44281,1498,871
44282,1498,872
44283,1497,871
44284,1498,873
44285,1498,871
44286,1498,872
44287,1498,870
44288,1497,871
44289,1497,871
44290,1498,871
44291,1498,870
44292,1499,870
44293,1499,871
44294,1498,869
44295,1497,870
44296,1498,871
44297,1498,869
44298,1498,869
44299,1498,871
44300,1498,869
44301,1498,872
44302,1498,871
44303,1497,871
44304,1498,871
44305,1497,871
44306,1498,871
44307,1498,872
44308,1498,871
44309,1498,871
44310,1498,871
44311,1500,871
44312,1498,872
44313,1498,871
44314,1498,872
44315,1498,872
44316,1498,871
44317,1498,872
44318,1498,871
44319,1499,871
44320,1496,871
44321,1499,871
44322,1498,872
44323,1498,871
44324,1498,871
44325,1498,872
44326,1498,871
44327,1497,871
44328,1498,871
44329,1498,872
44330,1499,871
44331,1498,871
44332,1498,871
44333,1498,871
44334,1498,870
44335,1499,871
44336,1498,871
44337,1498,873
44338,1498,871
44339,1498,871
44340,1498,871
44341,1498,871
44342,1498,872
44343,1498,871
44344,1498,871
44345,1498,871
44346,1499,872
44347,1499,872
44348,1498,871
44349,1498,873
44350,1497,872
44351,1498,872
44352,1497,872
44353,1498,871
44354,1497,871
44355,1498,872
44356,1499,871
44357,1499,871
44358,1498,872
44359,1498,871
44360,1497,870
44361,1500,871
44362,1498,871
44363,1498,871
44364,1499,871
44365,1499,872
44366,1499,869
44367,1498,871
44368,1498,871
44369,1498,871
44370,1500,871
44371,1500,872
44372,1499,871
44373,1498,870
44374,1498,871
44375,1498,873
44376,1498,871
44377,1498,871
44378,1499,870
44379,1499,872
44380,1499,872
44381,1499,871
44382,1499,871
44383,1500,871
44384,1497,871
44385,1499,871
44386,1498,870
44387,1498,872
44388,1498,871
44389,1498,871
44390,1498,871
44391,1498,870
44392,1498,869
44393,1498,869
44394,1497,871
44395,1499,870
44396,1499,868
44397,1498,870
44398,1498,871
44399,1498,871
44400,1499,869
44401,1498,872
44402,1497,872
44403,1497,871
44404,1498,872
44405,1498,873
44406,1498,871
44407,1498,873
44408,1500,871
44409,1499,872
44410,1498,871
44411,1498,872
44412,1499,870
44413,1498,871
44414,1498,873
44415,1498,869
44416,1498,869
44417,1499,871
44418,1498,871
44419,1498,871
44420,1499,870
44421,1498,870
44422,1498,873
44423,1499,871
44424,1498,873
44425,1498,871
44426,1498,873
44427,1499,870
44428,1498,871
44429,1498,871
44430,1498,872
44431,1498,873
44432,1499,871
44433,1499,871
44434,1500,871
44435,1498,871
44436,1498,870
44437,1498,872
44438,1498,871
44439,1498,870
44440,1498,871
44441,1496,871
44442,1498,871
44443,1498,871
44444,1497,873
44445,1498,872
44446,1499,872
44447,1499,871
44448,1498,872
44449,1498,871
44450,1498,871
44451,1498,871
44452,1498,873
44453,1497,871
44454,1496,871
44455,1498,871
44456,1498,871
44457,1498,871
44458,1499,871
44459,1498,872
44460,1500,871
44461,1498,872
44462,1498,871
44463,1496,871
44464,1499,871
44465,1498,871
44466,1498,871
44467,1498,872
44468,1497,871
44469,1498,871
44470,1500,873
44471,1499,871
44472,1498,871
44473,1499,871
44474,1498,871
44475,1499,871
44476,1498,870
44477,1498,872
44478,1498,872
44479,1498,871
44480,1498,871
44481,1499,870
44482,1499,872
44483,1500,873
44484,1498,871
44485,1499,871
44486,1498,872
44487,1498,872
44488,1498,870
44489,1499,871
44490,1498,871
44491,1498,871
44492,1498,870
44493,1498,869
44494,1498,869
44495,1498,869
44496,1498,869
44497,1498,870
44498,1498,870
44499,1498,871
44500,1498,871
44501,1498,870
44502,1499,869
44503,1498,871
44504,1498,870
44505,1498,871
44506,1497,873
44507,1498,873
44508,1498,871
44509,1499,871
44510,1499,871
44511,1498,871
44512,1499,872
44513,1498,871
44514,1498,871
44515,1498,871
44516,1499,871
44517,1499,872
44518,1498,871
44519,1497,871
44520,1496,871
44521,1497,871
44522,1500,871
44523,1500,872
44524,1498,871
44525,1499,871
44526,1498,871
44527,1499,871
44528,1498,873
44529,1498,869
44530,1498,871
44531,1498,869
44532,1498,871
44533,1497,871
44534,1497,869
44535,1499,871
44536,1498,870
44537,1498,870
44538,1498,870
44539,1498,871
44540,1499,869
44541,1498,871
44542,1500,869
44543,1499,872
44544,1498,870
44545,1499,871
44546,1499,872
44547,1498,873
44548,1500,870
44549,1498,872
44550,1498,872
44551,1498,870
44552,1498,870
44553,1498,870
44554,1498,871
44555,1498,871
44556,1498,872
44557,1498,871
44558,1498,871
44559,1497,871
44560,1499,871
44561,1498,872
44562,1499,871
44563,1498,871
44564,1499,872
44565,1497,872
44566,1498,872
44567,1498,871
44568,1498,871
44569,1498,871
44570,1500,872
44571,1498,871
44572,1498,870
44573,1498,871
44574,1498,871
44575,1498,872
44576,1498,871
44577,1498,869
44578,1499,871
44579,1498,869
44580,1498,871
44581,1499,871
44582,1498,871
44583,1498,869
44584,1498,869
44585,1499,871
44586,1498,871
44587,1498,871
44588,1496,871
44589,1498,872
44590,1498,872
44591,1499,871
44592,1498,871
44593,1498,869
44594,1498,872
44595,1498,871
44596,1498,871
44597,1498,871
44598,1500,871
44599,1498,871
44600,1497,871
44601,1498,872
44602,1498,871
44603,1496,872
44604,1499,871
44605,1498,872
44606,1498,871
44607,1498,872
44608,1498,871
44609,1499,871
44610,1498,870
44611,1499,871
44612,1498,871
44613,1498,871
44614,1498,869
44615,1498,871
44616,1500,871
44617,1497,871
44618,1498,871
44619,1498,871
44620,1498,871
44621,1498,871
44622,1498,870
44623,1498,871
44624,1497,872
44625,1496,871
44626,1498,871
44627,1498,871
44628,1499,871
44629,1499,871
44630,1498,871
44631,1498,873
44632,1498,871
44633,1498,871
44634,1498,871
44635,1498,872
44636,1498,870
44637,1498,871
44638,1498,870
44639,1498,871
44640,1497,871
44641,1496,871
44642,1496,872
44643,1497,872
44644,1497,871
44645,1498,871
44646,1498,869
44647,1499,871
44648,1498,871
44649,1498,871
44650,1499,872
44651,1498,870
44652,1498,871
44653,1497,872
44654,1498,872
44655,1498,871
44656,1498,871
44657,1498,871
44658,1498,872
44659,1498,871
44660,1498,871
44661,1498,871
44662,1497,871
44663,1498,871
44664,1496,871
44665,1499,871
44666,1498,871
44667,1498,871
44668,1499,871
44669,1498,871
44670,1498,871
44671,1498,871
44672,1498,870
44673,1498,873
44674,1499,871
44675,1499,871
44676,1496,871
44677,1497,871
44678,1498,870
44679,1498,871
44680,1496,869
44681,1500,869
44682,1498,869
44683,1498,871
44684,1499,871
44685,1498,871
44686,1498,869
44687,1498,869
44688,1498,871
44689,1498,870
44690,1498,870
44691,1498,869
44692,1498,871
44693,1497,869
44694,1498,871
44695,1498,871
44696,1499,870
44697,1498,871
44698,1498,871
44699,1498,871
44700,1499,869
44701,1498,871
44702,1498,871
44703,1498,871
44704,1498,871
44705,1500,871
44706,1498,871
44707,1499,871
44708,1498,873
44709,1498,871
44710,1498,871
44711,1498,872
44712,1498,873
44713,1498,872
44714,1498,872
44715,1498,871
44716,1498,871
44717,1498,871
44718,1499,871
44719,1498,871
44720,1498,872
44721,1498,871
44722,1498,871
44723,1498,873
44724,1499,871
44725,1498,871
44726,1500,871
44727,1500,871
44728,1498,871
44729,1498,872
44730,1498,869
44731,1498,871
44732,1498,871
44733,1498,871
44734,1498,871
44735,1496,870
44736,1499,871
44737,1500,871
44738,1498,871
44739,1498,871
44740,1498,871
44741,1496,871
44742,1498,873
44743,1498,872
44744,1496,871
44745,1500,871
44746,1498,872
44747,1498,871
44748,1498,872
44749,1497,869
44750,1497,873
44751,1499,871
44752,1496,871
44753,1499,872
44754,1498,871
44755,1498,872
44756,1499,871
44757,1497,871
44758,1499,872
44759,1498,869
44760,1500,871
44761,1498,872
44762,1500,871
44763,1498,871
44764,1500,873
44765,1498,872
44766,1500,871
44767,1498,869
44768,1500,872
44769,1499,869
44770,1498,873
44771,1498,871
44772,1499,871
44773,1496,871
44774,1498,871
44775,1499,870
44776,1498,873
44777,1498,873
44778,1499,871
44779,1498,872
44780,1498,872
44781,1498,873
44782,1498,871
44783,1498,871
44784,1498,871
44785,1498,871
44786,1498,871
44787,1498,872
44788,1498,871
44789,1499,877
44790,1498,869
44791,1498,870
44792,1498,869
44793,1498,871
44794,1498,871
44795,1498,871
44796,1498,871
44797,1499,871
44798,1497,869
44799,1498,871
44800,1498,869
44801,1498,866
44802,1494,869
44803,1499,868
44804,1497,862
44805,1496,865
44806,1500,867
44807,1497,869
44808,1504,873
44809,1498,871
44810,1498,871
44811,1497,873
44812,1498,871
44813,1498,871
44814,1498,871
44815,1497,871
44816,1498,872
44817,1498,872
44818,1498,871
44819,1498,871
44820,1498,872
44821,1498,871
44822,1496,871
44823,1498,871
44824,1498,871
44825,1499,872
44826,1498,871
44827,1498,873
44828,1498,871
44829,1498,871
44830,1499,871
44831,1498,872
44832,1498,870
44833,1498,871
44834,1498,871
44835,1498,873
44836,1498,871
44837,1498,871
44838,1498,873
44839,1498,871
44840,1497,873
44841,1498,871
44842,1498,871
44843,1498,871
44844,1498,871
44845,1498,871
44846,1498,873
44847,1498,871
44848,1498,872
44849,1496,871
44850,1498,871
44851,1498,871
44852,1498,871
44853,1498,872
44854,1497,872
44855,1498,873
44856,1496,871
44857,1498,871
44858,1498,871
44859,1498,871
44860,1498,871
44861,1498,872
44862,1498,871
44863,1499,871
44864,1498,872
44865,1496,871
44866,1498,871
44867,1496,869
44868,1498,871
44869,1497,871
44870,1498,870
44871,1498,871
44872,1498,871
44873,1499,871
44874,1498,870
44875,1498,872
44876,1498,871
44877,1498,871
44878,1498,871
44879,1498,871
44880,1498,871
44881,1498,871
44882,1498,871
44883,1499,871
44884,1497,871
44885,1498,871
44886,1498,871
44887,1498,871
44888,1496,871
44889,1497,870
44890,1498,871
44891,1498,872
44892,1499,870
44893,1498,871
44894,1498,870
44895,1498,871
44896,1497,871
44897,1498,871
44898,1498,871
44899,1498,871
44900,1498,869
44901,1496,873
44902,1498,871
44903,1498,871
44904,1500,871
44905,1498,872
44906,1498,871
44907,1498,872
44908,1498,871
44909,1498,871
44910,1497,871
44911,1498,871
44912,1498,871
44913,1498,871
44914,1499,872
44915,1498,871
44916,1498,873
44917,1498,871
44918,1498,871
44919,1496,871
44920,1498,872
44921,1498,872
44922,1499,872
44923,1498,871
44924,1500,871
44925,1498,872
44926,1498,872
44927,1498,871
44928,1498,872
44929,1498,871
44930,1498,871
44931,1498,871
44932,1499,872
44933,1498,871
44934,1499,871
44935,1498,869
44936,1498,871
44937,1496,870
44938,1499,871
44939,1498,871
44940,1499,871
44941,1498,871
44942,1499,872
44943,1498,872
44944,1496,871
44945,1498,871
44946,1498,873
44947,1498,872
44948,1498,871
44949,1499,871
44950,1498,871
44951,1499,872
44952,1499,871
44953,1499,871
44954,1499,871
44955,1499,871
44956,1498,871
44957,1498,871
44958,1500,871
44959,1499,871
44960,1498,871
44961,1498,871
44962,1498,871
44963,1498,871
44964,1498,872
44965,1499,871
44966,1498,873
44967,1498,871
44968,1500,869
44969,1498,870
44970,1500,871
44971,1498,871
44972,1498,871
44973,1497,871
44974,1498,871
44975,1498,871
44976,1498,870
44977,1498,871
44978,1498,871
44979,1497,871
44980,1498,869
44981,1498,872
44982,1498,872
44983,1497,871
44984,1498,871
44985,1499,871
44986,1498,871
44987,1498,870
44988,1498,871
44989,1499,869
44990,1498,869
44991,1499,870
44992,1498,870
44993,1499,870
44994,1498,871
44995,1499,871
44996,1499,869
44997,1498,869
44998,1499,869
44999,1498,869
45000,1500,871
45001,1500,871
45002,1498,872
45003,1498,871
45004,1498,871
45005,1498,871
45006,1498,871
45007,1499,872
45008,1499,870
45009,1499,872
45010,1499,871
45011,1498,869
45012,1498,872
45013,1496,871
45014,1498,872
45015,1498,871
45016,1499,871
45017,1496,870
45018,1498,871
45019,1498,871
45020,1498,871
45021,1498,872
45022,1499,872
45023,1497,871
45024,1498,872
45025,1500,870
45026,1499,870
45027,1498,871
45028,1498,871
45029,1498,872
45030,1498,870
45031,1499,871
45032,1498,869
45033,1499,871
45034,1498,870
45035,1498,869
45036,1499,871
45037,1500,869
45038,1498,869
45039,1498,870
45040,1498,869
45041,1498,871
45042,1498,873
45043,1498,871
45044,1500,871
45045,1498,871
45046,1498,871
45047,1498,871
45048,1498,871
45049,1500,871
45050,1499,871
45051,1498,871
45052,1499,871
45053,1499,871
45054,1499,871
45055,1498,873
45056,1498,871
45057,1498,869
45058,1496,871
45059,1498,871
45060,1498,872
45061,1498,871
45062,1498,871
45063,1499,869
45064,1498,871
45065,1498,871
45066,1498,871
45067,1498,872
45068,1498,871
45069,1498,871
45070,1497,873
45071,1498,871
45072,1499,871
45073,1496,871
45074,1498,871
45075,1498,871
45076,1498,871
45077,1498,871
45078,1497,869
45079,1499,871
45080,1498,870
45081,1498,871
45082,1498,870
45083,1498,869
45084,1498,870
45085,1500,869
45086,1498,871
45087,1499,869
45088,1496,872
45089,1498,871
45090,1498,871
45091,1498,871
45092,1497,870
45093,1498,872
45094,1498,871
45095,1498,872
45096,1497,871
45097,1498,871
45098,1498,871
45099,1499,871
45100,1497,871
45101,1498,871
45102,1496,871
45103,1499,871
45104,1497,871
45105,1498,871
45106,1498,872
45107,1498,872
45108,1498,871
45109,1496,871
45110,1498,871
45111,1498,872
45112,1498,873
45113,1498,872
45114,1498,871
45115,1498,871
45116,1497,873
45117,1498,871
45118,1498,872
45119,1498,871
45120,1497,870
45121,1496,870
45122,1498,871
45123,1499,871
45124,1498,871
45125,1498,871
45126,1498,871
45127,1498,871
45128,1497,870
45129,1498,871
45130,1498,871
45131,1498,871
45132,1498,871
45133,1497,872
45134,1498,871
45135,1497,871
45136,1498,872
45137,1498,873
45138,1497,871
45139,1498,873
45140,1498,871
45141,1498,872
45142,1498,871
45143,1497,871
45144,1498,871
45145,1498,872
45146,1498,870
45147,1498,871
45148,1498,871
45149,1498,871
45150,1498,871
45151,1498,871
45152,1497,871
45153,1498,871
45154,1498,870
45155,1498,872
45156,1498,872
45157,1498,871
45158,1499,871
45159,1498,872
45160,1498,870
45161,1498,871
45162,1498,872
45163,1498,871
45164,1498,871
45165,1497,871
45166,1498,871
45167,1498,870
45168,1498,870
45169,1498,871
45170,1498,871
45171,1498,873
45172,1498,871
45173,1498,871
45174,1498,871
45175,1498,871
45176,1496,871
45177,1498,869
45178,1498,870
45179,1498,869
45180,1498,871
45181,1499,869
45182,1498,871
45183,1499,869
45184,1498,871
45185,1497,871
45186,1497,871
45187,1498,871
45188,1499,872
45189,1498,871
45190,1499,869
45191,1498,871
45192,1497,870
45193,1499,871
45194,1498,871
45195,1498,870
45196,1497,871
45197,1499,870
45198,1498,869
45199,1497,871
45200,1497,869
45201,1498,871
45202,1498,871
45203,1499,871
45204,1498,872
45205,1498,869
45206,1498,871
45207,1498,871
45208,1498,871
45209,1499,871
45210,1498,871
45211,1499,871
45212,1499,869
45213,1498,871
45214,1498,871
45215,1499,869
45216,1497,871
45217,1498,872
45218,1498,870
45219,1498,871
45220,1498,871
45221,1499,870
45222,1498,871
45223,1498,872
45224,1498,871
45225,1498,872
45226,1498,872
45227,1498,871
45228,1499,869
45229,1499,871
45230,1498,871
45231,1498,871
45232,1499,871
45233,1498,872
45234,1498,872
45235,1498,872
45236,1498,871
45237,1498,872
45238,1498,872
45239,1498,869
45240,1498,871
45241,1498,872
45242,1498,873
45243,1498,871
45244,1497,871
45245,1498,873
45246,1498,871
45247,1498,873
45248,1498,873
45249,1498,872
45250,1498,872
45251,1498,871
45252,1498,871
45253,1499,871
45254,1497,871
45255,1496,871
45256,1498,871
45257,1498,871
45258,1498,871
45259,1498,871
45260,1498,871
45261,1499,871
45262,1498,871
45263,1497,871
45264,1498,871
45265,1498,871
45266,1499,871
45267,1497,870
45268,1496,871
45269,1498,871
45270,1498,871
45271,1499,871
45272,1498,872
45273,1498,869
45274,1498,871
45275,1498,871
45276,1498,871
45277,1500,871
45278,1498,873
45279,1499,871
45280,1498,871
45281,1497,871
45282,1498,871
45283,1498,871
45284,1498,871
45285,1499,871
45286,1498,871
45287,1496,871
45288,1498,871
45289,1498,871
45290,1498,870
45291,1497,871
45292,1498,870
45293,1498,870
45294,1499,871
45295,1499,869
45296,1498,871
45297,1497,871
45298,1499,871
45299,1498,871
45300,1500,871
45301,1498,871
45302,1498,871
45303,1497,871
45304,1498,872
45305,1498,871
45306,1498,871
45307,1499,871
45308,1498,871
45309,1498,871
45310,1499,871
45311,1498,872
45312,1498,871
45313,1498,871
45314,1498,872
45315,1499,871
45316,1497,871
45317,1496,872
45318,1498,872
45319,1499,871
45320,1498,871
45321,1498,870
45322,1498,872
45323,1498,871
45324,1498,870
45325,1498,871
45326,1498,870
45327,1498,869
45328,1499,870
45329,1498,871
45330,1497,871
45331,1499,871
45332,1498,871
45333,1498,871
45334,1498,871
45335,1498,872
45336,1500,872
45337,1498,871
45338,1496,871
45339,1499,871
45340,1498,871
45341,1499,871
45342,1498,871
45343,1499,871
45344,1498,871
45345,1499,869
45346,1498,872
45347,1498,869
45348,1498,871
45349,1498,871
45350,1499,872
45351,1498,871
45352,1498,871
45353,1498,871
45354,1498,871
45355,1496,871
45356,1497,872
45357,1498,871
45358,1498,871
45359,1498,872
45360,1498,871
45361,1498,872
45362,1498,871
45363,1498,871
45364,1497,871
45365,1498,873
45366,1498,871
45367,1498,871
45368,1498,869
45369,1497,872
45370,1496,869
45371,1496,870
45372,1498,871
45373,1498,873
45374,1498,872
45375,1498,872
45376,1498,871
45377,1499,871
45378,1498,871
45379,1498,871
45380,1498,871
45381,1498,871
45382,1498,872
45383,1498,872
45384,1499,871
45385,1498,871
45386,1498,872
45387,1496,871
45388,1498,871
45389,1499,871
45390,1498,871
45391,1498,871
45392,1498,869
45393,1498,869
45394,1497,871
45395,1498,871
45396,1498,871
45397,1498,870
45398,1499,871
45399,1498,871
45400,1498,871
45401,1498,871
45402,1498,871
45403,1498,872
45404,1498,871
45405,1498,871
45406,1498,871
45407,1497,872
45408,1496,871
45409,1498,871
45410,1498,871
45411,1498,872
45412,1498,870
45413,1498,871
45414,1498,871
45415,1497,871
45416,1498,871
45417,1499,871
45418,1498,873
45419,1497,871
45420,1497,872
45421,1498,871
45422,1496,871
45423,1497,871
45424,1498,871
45425,1498,871
45426,1499,871
45427,1498,871
45428,1497,871
45429,1498,871
45430,1498,871
45431,1498,871
45432,1496,871
45433,1498,871
45434,1498,871
45435,1498,872
45436,1498,872
45437,1498,873
45438,1498,871
45439,1496,871
45440,1498,871
45441,1498,871
45442,1498,871
45443,1498,871
45444,1498,871
45445,1498,871
45446,1500,871
45447,1498,872
45448,1499,871
45449,1498,873
45450,1496,870
45451,1498,871
45452,1498,871
45453,1496,871
45454,1498,870
45455,1498,871
45456,1497,872
45457,1498,873
45458,1496,871
45459,1498,871
45460,1498,871
45461,1498,869
45462,1498,871
45463,1498,871
45464,1498,871
45465,1498,871
45466,1498,871
45467,1500,871
45468,1498,871
45469,1497,869
45470,1498,872
45471,1497,870
45472,1498,871
45473,1498,871
45474,1498,871
45475,1497,871
45476,1498,870
45477,1497,872
45478,1498,871
45479,1498,871
45480,1498,871
45481,1498,871
45482,1498,871
45483,1497,871
45484,1498,871
45485,1498,871
45486,1497,871
45487,1498,871
45488,1497,871
45489,1498,871
45490,1498,870
45491,1499,869
45492,1498,871
45493,1498,871
45494,1498,869
45495,1498,871
45496,1498,871
45497,1498,870
45498,1498,869
45499,1499,871
45500,1498,871
45501,1498,871
45502,1498,871
45503,1496,871
45504,1498,871
45505,1499,871
45506,1498,870
45507,1498,869
45508,1498,870
45509,1498,871
45510,1498,871
45511,1498,871
45512,1499,871
45513,1497,871
45514,1498,870
45515,1498,870
45516,1498,872
45517,1498,871
45518,1498,873
45519,1497,872
45520,1498,871
45521,1499,869
45522,1499,871
45523,1498,870
45524,1499,871
45525,1498,870
45526,1498,871
45527,1498,869
45528,1498,871
45529,1499,871
45530,1498,873
45531,1499,871
45532,1498,869
45533,1498,870
45534,1499,871
45535,1498,870
45536,1500,869
45537,1498,871
45538,1498,867
45539,1498,871
45540,1498,870
45541,1498,871
45542,1498,869
45543,1499,872
45544,1498,871
45545,1498,871
45546,1498,871
45547,1498,871
45548,1497,871
45549,1499,871
45550,1498,872
45551,1498,873
45552,1498,871
45553,1499,871
45554,1498,871
45555,1498,871
45556,1498,871
45557,1498,869
45558,1498,871
45559,1498,871
45560,1498,871
45561,1498,871
45562,1498,872
45563,1498,871
45564,1498,871
45565,1498,870
45566,1498,871
45567,1498,869
45568,1498,869
45569,1498,872
45570,1498,871
45571,1498,872
45572,1498,871
45573,1496,871
45574,1498,871
45575,1497,873
45576,1498,869
45577,1498,870
45578,1499,871
45579,1498,871
45580,1498,870
45581,1498,871
45582,1498,869
45583,1498,871
45584,1498,871
45585,1498,871
45586,1498,871
45587,1498,871
45588,1496,872
45589,1498,871
45590,1498,871
45591,1497,871
45592,1498,871
45593,1498,871
45594,1498,872
45595,1498,871
45596,1498,873
45597,1497,871
45598,1500,871
45599,1497,872
45600,1499,872
45601,1498,871
45602,1496,871
45603,1498,871
45604,1498,871
45605,1498,871
45606,1498,871
45607,1498,872
45608,1497,871
45609,1498,871
45610,1499,871
45611,1497,870
45612,1498,870
45613,1498,871
45614,1498,869
45615,1500,873
45616,1498,871
45617,1498,871
45618,1498,871
45619,1497,871
45620,1498,871
45621,1498,871
45622,1498,871
45623,1498,873
45624,1498,871
45625,1498,871
45626,1498,871
45627,1498,873
45628,1498,871
45629,1498,871
45630,1497,872
45631,1498,871
45632,1498,870
45633,1498,871
45634,1498,871
45635,1499,871
45636,1498,871
45637,1498,873
45638,1497,871
45639,1498,871
45640,1498,871
45641,1498,871
45642,1499,871
45643,1498,873
45644,1498,871
45645,1498,871
45646,1498,872
45647,1496,871
45648,1498,871
45649,1498,871
45650,1497,871
45651,1498,871
45652,1500,871
45653,1498,872
45654,1498,871
45655,1498,871
45656,1498,872
45657,1498,872
45658,1499,871
45659,1498,870
45660,1498,870
45661,1496,871
45662,1497,871
45663,1498,872
45664,1499,870
45665,1499,871
45666,1498,872
45667,1498,871
45668,1498,871
45669,1499,871
45670,1499,871
45671,1498,871
45672,1498,871
45673,1498,871
45674,1498,871
45675,1498,871
45676,1498,869
45677,1498,870
45678,1498,871
45679,1498,871
45680,1498,871
45681,1500,871
45682,1498,870
45683,1498,871
45684,1497,869
45685,1498,871
45686,1498,871
45687,1498,870
45688,1498,871
45689,1498,871
45690,1498,870
45691,1498,869
45692,1498,871
45693,1498,869
45694,1498,871
45695,1498,870
45696,1499,871
45697,1498,869
45698,1499,871
45699,1498,869
45700,1498,871
45701,1498,871
45702,1498,871
45703,1498,870
45704,1497,871
45705,1498,871
45706,1498,871
45707,1498,871
45708,1498,869
45709,1498,871
45710,1498,871
45711,1498,872
45712,1498,871
45713,1499,871
45714,1498,871
45715,1498,874
45716,1498,869
45717,1498,871
45718,1499,871
45719,1497,872
45720,1498,871
45721,1499,871
45722,1500,873
45723,1498,871
45724,1498,871
45725,1499,871
45726,1498,871
45727,1497,871
45728,1498,871
45729,1496,871
45730,1498,872
45731,1498,871
45732,1498,871
45733,1498,871
45734,1498,871
45735,1498,871
45736,1496,871
45737,1498,871
45738,1498,871
45739,1498,871
45740,1498,871
45741,1498,872
45742,1498,871
45743,1498,871
45744,1500,872
45745,1498,871
45746,1498,871
45747,1498,869
45748,1498,871
45749,1498,871
45750,1498,871
45751,1498,872
45752,1498,871
45753,1499,871
45754,1499,871
45755,1500,871
45756,1496,872
45757,1498,871
45758,1498,871
45759,1499,871
45760,1498,871
45761,1498,871
45762,1498,871
45763,1498,871
45764,1498,871
45765,1497,872
45766,1498,870
45767,1499,872
45768,1498,871
45769,1499,873
45770,1498,870
45771,1497,872
45772,1499,871
45773,1498,871
45774,1498,872
45775,1499,871
45776,1499,871
45777,1498,871
45778,1498,871
45779,1498,871
45780,1498,871
45781,1499,871
45782,1498,871
45783,1499,871
45784,1498,871
45785,1498,872
45786,1498,871
45787,1498,871
45788,1499,872
45789,1498,871
45790,1498,870
45791,1500,869
45792,1498,871
45793,1498,871
45794,1500,869
45795,1498,870
45796,1499,871
45797,1498,870
45798,1498,870
45799,1498,871
45800,1498,869
45801,1497,871
45802,1498,871
45803,1498,872
45804,1498,872
45805,1497,872
45806,1497,870
45807,1498,871
45808,1498,871
45809,1499,871
45810,1498,871
45811,1497,871
45812,1500,870
45813,1498,871
45814,1498,871
45815,1499,871
45816,1499,871
45817,1500,871
45818,1498,872
45819,1498,871
45820,1498,871
45821,1498,873
45822,1498,871
45823,1498,871
45824,1498,871
45825,1498,871
45826,1498,873
45827,1498,870
45828,1499,870
45829,1498,871
45830,1499,873
45831,1498,871
45832,1498,869
45833,1498,871
45834,1498,873
45835,1498,872
45836,1500,871
45837,1500,871
45838,1498,871
45839,1499,871
45840,1498,870
45841,1498,870
45842,1498,871
45843,1498,871
45844,1498,872
45845,1500,871
45846,1499,871
45847,1498,871
45848,1499,871
45849,1498,871
45850,1498,871
45851,1500,871
45852,1498,871
45853,1498,871
45854,1498,871
45855,1498,871
45856,1499,871
45857,1498,871
45858,1499,871
45859,1500,871
45860,1498,871
45861,1499,871
45862,1500,871
45863,1498,871
45864,1498,873
45865,1498,869
45866,1498,871
45867,1499,871
45868,1498,871
45869,1498,871
45870,1498,872
45871,1498,871
45872,1500,872
45873,1497,871
45874,1498,871
45875,1498,871
45876,1499,871
45877,1498,869
45878,1499,872
45879,1500,872
45880,1498,873
45881,1498,871
45882,1497,871
45883,1498,871
45884,1498,872
45885,1496,871
45886,1498,871
45887,1498,871
45888,1498,871
45889,1498,871
45890,1498,869
45891,1500,870
45892,1498,871
45893,1498,871
45894,1498,869
45895,1500,871
45896,1498,869
45897,1499,871
45898,1497,871
45899,1498,870
45900,1498,871
45901,1497,870
45902,1498,871
45903,1497,872
45904,1498,871
45905,1497,871
45906,1496,872
45907,1498,872
45908,1498,871
45909,1499,871
45910,1499,871
45911,1499,871
45912,1498,870
45913,1498,871
45914,1499,872
45915,1498,871
45916,1498,871
45917,1498,871
45918,1498,871
45919,1499,871
45920,1498,870
45921,1498,871
45922,1498,870
45923,1500,870
45924,1498,871
45925,1498,871
45926,1498,872
45927,1498,871
45928,1498,871
45929,1497,871
45930,1498,871
45931,1498,871
45932,1498,872
45933,1498,872
45934,1498,871
45935,1498,871
45936,1497,872
45937,1498,871
45938,1498,872
45939,1498,872
45940,1498,872
45941,1498,872
45942,1498,871
45943,1498,872
45944,1498,871
45945,1499,872
45946,1498,871
45947,1498,871
45948,1498,871
45949,1498,871
45950,1498,871
45951,1498,871
45952,1498,873
45953,1497,870
45954,1498,871
45955,1499,872
45956,1498,871
45957,1498,871
45958,1498,871
45959,1498,871
45960,1497,871
45961,1498,872
45962,1498,871
45963,1498,870
45964,1499,871
45965,1498,872
45966,1498,870
45967,1497,871
45968,1498,871
45969,1498,871
45970,1498,871
45971,1497,871
45972,1496,871
45973,1498,871
45974,1498,871
45975,1499,871
45976,1498,871
45977,1498,871
45978,1496,871
45979,1498,870
45980,1496,872
45981,1499,871
45982,1498,871
45983,1499,871
45984,1498,871
45985,1498,870
45986,1498,872
45987,1498,872
45988,1498,872
45989,1497,871
45990,1497,870
45991,1498,871
45992,1498,871
45993,1498,873
45994,1499,872
45995,1498,871
45996,1499,871
45997,1499,870
45998,1498,871
45999,1498,870
46000,1498,871
46001,1498,872
46002,1498,873
46003,1498,871
46004,1499,871
46005,1498,871
46006,1498,872
46007,1496,872
46008,1498,872
46009,1497,871
46010,1498,871
46011,1496,871
46012,1498,871
46013,1498,871
46014,1499,872
46015,1498,872
46016,1498,872
46017,1498,871
46018,1498,872
46019,1498,871
46020,1498,872
46021,1499,872
46022,1498,871
46023,1498,873
46024,1498,871
46025,1498,871
46026,1498,871
46027,1498,873
46028,1499,872
46029,1498,872
46030,1498,871
46031,1498,871
46032,1498,871
46033,1497,871
46034,1499,872
46035,1498,871
46036,1499,871
46037,1498,871
46038,1499,872
46039,1498,871
46040,1497,871
46041,1498,871
46042,1498,871
46043,1498,872
46044,1498,875
46045,1497,874
46046,1498,875
46047,1498,873
46048,1498,875
46049,1498,875
46050,1496,875
46051,1497,875
46052,1497,875
46053,1498,875
46054,1498,876
46055,1498,876
46056,1497,877
46057,1497,875
46058,1498,875
46059,1498,876
46060,1496,874
46061,1498,874
46062,1498,875
46063,1496,875
46064,1498,874
46065,1496,877
46066,1498,875
46067,1498,875
46068,1498,874
46069,1496,875
46070,1499,875
46071,1496,875
46072,1498,873
46073,1498,875
46074,1498,873
46075,1498,874
46076,1498,874
46077,1498,873
46078,1497,875
46079,1498,873
46080,1496,874
46081,1497,873
46082,1498,873
46083,1498,873
46084,1498,873
46085,1497,874
46086,1496,873
46087,1497,872
46088,1496,875
46089,1498,875
46090,1498,875
46091,1496,873
46092,1496,874
46093,1496,874
46094,1498,873
46095,1496,873
46096,1498,873
46097,1497,873
46098,1498,873
46099,1498,872
46100,1498,871
46101,1497,873
46102,1498,873
46103,1497,873
46104,1498,873
46105,1498,871
46106,1497,872
46107,1498,871
46108,1498,873
46109,1497,873
46110,1498,873
46111,1498,872
46112,1498,873
46113,1498,871
46114,1496,871
46115,1498,871
46116,1498,872
46117,1498,871
46118,1498,871
46119,1497,872
46120,1498,872
46121,1498,872
46122,1498,872
46123,1498,871
46124,1497,871
46125,1498,869
46126,1497,872
46127,1497,872
46128,1498,872
46129,1498,873
46130,1498,873
46131,1498,871
46132,1496,871
46133,1497,871
46134,1497,872
46135,1498,871
46136,1498,871
46137,1497,872
46138,1497,873
46139,1498,872
46140,1496,872
46141,1498,871
46142,1498,871
46143,1496,871
46144,1498,871
46145,1498,872
46146,1498,871
46147,1497,873
46148,1498,873
46149,1498,872
46150,1498,873
46151,1498,871
46152,1496,872
46153,1497,872
46154,1497,871
46155,1498,873
46156,1498,872
46157,1498,872
46158,1498,872
46159,1496,871
46160,1498,871
46161,1497,873
46162,1499,871
46163,1498,873
46164,1498,874
46165,1498,873
46166,1498,872
46167,1497,872
46168,1497,871
46169,1498,871
46170,1498,873
46171,1497,873
46172,1498,871
46173,1498,873
46174,1498,873
46175,1496,871
46176,1498,925
46177,1498,871
46178,1497,871
46179,1497,872
46180,1497,871
46181,1498,870
46182,1498,871
46183,1498,871
46184,1496,871
46185,1498,871
46186,1499,870
46187,1498,871
46188,1498,871
46189,1497,871
46190,1498,869
46191,1497,871
46192,1498,871
46193,1498,871
46194,1497,871
46195,1498,871
46196,1497,871
46197,1498,861
46198,1498,871
46199,1497,870
46200,1498,873
46201,1497,872
46202,1498,872
46203,1498,871
46204,1498,872
46205,1499,872
46206,1497,871
46207,1498,873
46208,1498,872
46209,1496,873
46210,1496,871
46211,1498,871
46212,1497,871
46213,1498,871
46214,1497,871
46215,1496,873
46216,1498,872
46217,1496,872
46218,1496,871
46219,1496,872
46220,1499,871
46221,1498,871
46222,1496,872
46223,1498,872
46224,1498,872
46225,1496,869
46226,1497,871
46227,1496,872
46228,1498,872
46229,1496,872
46230,1498,871
46231,1498,873
46232,1498,871
46233,1498,871
46234,1498,872
46235,1498,871
46236,1499,873
46237,1498,871
46238,1498,873
46239,1498,871
46240,1497,873
46241,1498,873
46242,1498,873
46243,1497,871
46244,1498,872
46245,1499,872
46246,1498,873
46247,1498,872
46248,1498,871
46249,1499,871
46250,1499,871
46251,1498,872
46252,1496,869
46253,1497,872
46254,1497,872
46255,1498,872
46256,1496,871
46257,1498,872
46258,1496,872
46259,1498,870
46260,1498,871
46261,1498,870
46262,1497,871
46263,1497,871
46264,1498,871
46265,1496,871
46266,1498,869
46267,1497,871
46268,1498,871
46269,1498,871
46270,1496,872
46271,1497,873
46272,1499,871
46273,1497,872
46274,1496,871
46275,1498,871
46276,1497,872
46277,1496,871
46278,1496,872
46279,1498,873
46280,1498,871
46281,1496,873
46282,1497,871
46283,1496,872
46284,1498,872
46285,1498,873
46286,1496,871
46287,1498,871
46288,1497,871
46289,1498,871
46290,1498,871
46291,1504,870
46292,1496,871
46293,1498,871
46294,1498,871
46295,1498,871
46296,1498,871
46297,1498,871
46298,1497,871
46299,1499,871
46300,1498,872
46301,1496,872
46302,1498,873
46303,1498,871
46304,1497,872
46305,1497,872
46306,1498,873
46307,1498,873
46308,1498,872
46309,1498,871
46310,1498,872
46311,1497,872
46312,1496,871
46313,1498,871
46314,1498,871
46315,1498,873
46316,1499,871
46317,1498,871
46318,1498,872
46319,1498,871
46320,1498,871
46321,1498,872
46322,1498,871
46323,1497,873
46324,1497,872
46325,1497,871
46326,1499,872
46327,1496,871
46328,1498,873
46329,1497,871
46330,1498,871
46331,1497,872
46332,1498,873
46333,1498,871
46334,1499,872
46335,1499,872
46336,1498,871
46337,1497,873
46338,1498,872
46339,1498,872
46340,1498,872
46341,1498,873
46342,1498,871
46343,1498,871
46344,1498,872
46345,1496,871
46346,1498,871
46347,1498,872
46348,1497,872
46349,1498,871
46350,1496,871
46351,1499,873
46352,1498,871
46353,1497,871
46354,1497,871
46355,1497,872
46356,1498,871
46357,1498,871
46358,1497,872
46359,1496,871
46360,1497,871
46361,1496,870
46362,1498,873
46363,1497,871
46364,1499,871
46365,1498,872
46366,1498,872
46367,1498,871
46368,1498,871
46369,1497,871
46370,1499,873
46371,1496,873
46372,1497,871
46373,1498,872
46374,1497,872
46375,1497,873
46376,1498,872
46377,1498,873
46378,1498,871
46379,1496,872
46380,1498,873
46381,1498,871
46382,1498,872
46383,1498,872
46384,1498,871
46385,1499,871
46386,1499,871
46387,1498,872
46388,1498,871
46389,1498,871
46390,1498,871
46391,1498,871
46392,1498,871
46393,1498,869
46394,1498,871
46395,1498,871
46396,1498,871
46397,1498,870
46398,1498,871
46399,1498,870
46400,1497,871
46401,1497,871
46402,1498,872
46403,1498,871
46404,1496,871
46405,1498,872
46406,1498,873
46407,1497,871
46408,1498,871
46409,1498,872
46410,1497,871
46411,1498,872
46412,1497,871
46413,1496,872
46414,1496,871
46415,1497,869
46416,1497,871
46417,1498,873
46418,1497,871
46419,1496,873
46420,1499,872
46421,1498,873
46422,1497,872
46423,1498,873
46424,1498,872
46425,1499,871
46426,1498,873
46427,1497,873
46428,1497,873
46429,1498,873
46430,1496,872
46431,1496,871
46432,1498,873
46433,1498,871
46434,1498,871
46435,1497,872
46436,1498,871
46437,1498,872
46438,1497,872
46439,1498,871
46440,1499,873
46441,1498,857
46442,1504,879
46443,1498,885
46444,1493,868
46445,1497,882
46446,1498,870
46447,1498,873
46448,1498,873
46449,1498,872
46450,1498,871
46451,1498,871
46452,1498,871
46453,1498,871
46454,1498,872
46455,1496,872
46456,1496,873
46457,1498,871
46458,1498,871
46459,1498,871
46460,1497,871
46461,1498,871
46462,1499,872
46463,1497,871
46464,1496,873
46465,1498,871
46466,1496,871
46467,1496,872
46468,1496,872
46469,1499,872
46470,1498,871
46471,1498,871
46472,1496,872
46473,1498,873
46474,1498,873
46475,1498,873
46476,1498,871
46477,1497,871
46478,1498,873
46479,1498,871
46480,1497,873
46481,1498,871
46482,1498,871
46483,1498,871
46484,1496,871
46485,1498,872
46486,1498,871
46487,1496,873
46488,1497,871
46489,1497,870
46490,1497,873
46491,1498,872
46492,1498,871
46493,1497,871
46494,1498,871
46495,1498,871
46496,1497,870
46497,1498,873
46498,1498,871
46499,1497,871
46500,1498,873
46501,1496,873
46502,1498,872
46503,1498,873
46504,1498,871
46505,1498,873
46506,1496,872
46507,1497,872
46508,1496,875
46509,1498,873
46510,1496,871
46511,1496,872
46512,1498,871
46513,1498,872
46514,1498,871
46515,1498,872
46516,1498,872
46517,1496,873
46518,1496,871
46519,1497,871
46520,1498,873
46521,1498,872
46522,1498,873
46523,1496,873
46524,1496,872
46525,1498,871
46526,1497,871
46527,1498,873
46528,1498,871
46529,1498,873
46530,1496,875
46531,1498,871
46532,1498,871
46533,1498,871
46534,1496,869
46535,1498,871
46536,1498,871
46537,1498,871
46538,1497,871
46539,1498,871
46540,1499,871
46541,1499,871
46542,1498,871
46543,1496,872
46544,1498,872
46545,1497,871
46546,1498,873
46547,1498,871
46548,1498,872
46549,1497,874
46550,1496,873
46551,1498,873
46552,1498,873
46553,1498,873
46554,1498,871
46555,1498,871
46556,1498,871
46557,1497,872
46558,1496,873
46559,1498,873
46560,1496,871
46561,1498,873
46562,1498,872
46563,1496,870
46564,1498,872
46565,1498,873
46566,1497,871
46567,1498,872
46568,1497,873
46569,1497,873
46570,1496,873
46571,1497,872
46572,1496,872
46573,1497,872
46574,1498,873
46575,1497,873
46576,1498,872
46577,1496,871
46578,1498,871
46579,1498,872
46580,1496,871
46581,1498,871
46582,1497,871
46583,1497,871
46584,1496,872
46585,1498,871
46586,1496,871
46587,1498,887
46588,1498,871
46589,1496,872
46590,1498,873
46591,1497,871
46592,1498,872
46593,1498,874
46594,1497,871
46595,1498,872
46596,1498,873
46597,1496,873
46598,1498,873
46599,1497,871
46600,1498,872
46601,1498,872
46602,1497,873
46603,1497,872
46604,1498,872
46605,1498,871
46606,1498,872
46607,1498,873
46608,1498,872
46609,1498,871
46610,1496,872
46611,1497,872
46612,1498,872
46613,1498,873
46614,1498,871
46615,1498,873
46616,1498,872
46617,1497,871
46618,1498,872
46619,1498,872
46620,1498,873
46621,1498,873
46622,1496,872
46623,1497,873
46624,1498,871
46625,1498,871
46626,1496,873
46627,1498,872
46628,1497,873
46629,1496,872
46630,1498,873
46631,1498,871
46632,1496,871
46633,1498,873
46634,1498,872
46635,1497,871
46636,1496,873
46637,1496,872
46638,1498,872
46639,1497,872
46640,1498,871
46641,1496,872
46642,1496,873
46643,1498,871
46644,1497,873
46645,1498,872
46646,1497,873
46647,1497,872
46648,1498,872
46649,1498,872
46650,1498,872
46651,1497,870
46652,1497,871
46653,1497,873
46654,1497,873
46655,1498,871
46656,1496,872
46657,1497,872
46658,1498,871
46659,1498,873
46660,1497,872
46661,1496,872
46662,1498,871
46663,1497,873
46664,1498,872
46665,1496,872
46666,1496,873
46667,1498,872
46668,1499,873
46669,1497,871
46670,1498,872
46671,1498,872
46672,1497,871
46673,1497,871
46674,1498,873
46675,1499,871
46676,1498,871
46677,1498,871
46678,1498,871
46679,1496,871
46680,1498,870
46681,1498,871
46682,1496,869
46683,1497,871
46684,1498,871
46685,1498,872
46686,1496,871
46687,1498,870
46688,1497,872
46689,1496,871
46690,1496,871
46691,1496,871
46692,1498,872
46693,1498,873
46694,1497,870
46695,1497,871
46696,1498,871
46697,1498,871
46698,1497,871
46699,1498,871
46700,1498,871
46701,1498,871
46702,1496,871
46703,1498,872
46704,1498,872
46705,1499,871
46706,1496,873
46707,1498,871
46708,1498,871
46709,1498,871
46710,1496,873
46711,1498,872
46712,1498,873
46713,1498,873
46714,1498,873
46715,1498,873
46716,1496,871
46717,1498,873
46718,1498,869
46719,1498,873
46720,1497,871
46721,1498,872
46722,1497,873
46723,1498,872
46724,1498,873
46725,1498,871
46726,1497,872
46727,1497,873
46728,1496,872
46729,1498,872
46730,1498,871
46731,1498,872
46732,1497,872
46733,1498,872
46734,1497,872
46735,1498,871
46736,1497,871
46737,1496,873
46738,1496,871
46739,1496,872
46740,1496,871
46741,1498,871
46742,1498,872
46743,1498,872
46744,1496,873
46745,1496,871
46746,1497,871
46747,1498,872
46748,1498,871
46749,1496,871
46750,1496,873
46751,1496,872
46752,1496,872
46753,1496,872
46754,1496,871
46755,1496,871
46756,1497,872
46757,1496,873
46758,1496,873
46759,1498,873
46760,1498,871
46761,1497,873
46762,1498,871
46763,1496,870
46764,1497,872
46765,1498,871
46766,1496,872
46767,1498,871
46768,1496,871
46769,1497,872
46770,1498,872
46771,1498,871
46772,1498,872
46773,1497,873
46774,1498,872
46775,1498,873
46776,1496,871
46777,1498,871
46778,1498,871
46779,1497,873
46780,1496,873
46781,1498,873
46782,1497,873
46783,1497,873
46784,1497,872
46785,1498,871
46786,1496,872
46787,1497,871
46788,1497,871
46789,1496,871
46790,1496,871
46791,1498,871
46792,1497,870
46793,1496,871
46794,1497,871
46795,1499,870
46796,1496,869
46797,1498,869
46798,1496,871
46799,1496,871
46800,1497,871
46801,1496,873
46802,1496,873
46803,1496,871
46804,1498,872
46805,1496,872
46806,1496,871
46807,1496,872
46808,1496,872
46809,1496,871
46810,1496,873
46811,1496,871
46812,1496,872
46813,1496,871
46814,1497,871
46815,1497,871
46816,1496,872
46817,1498,872
46818,1496,871
46819,1496,873
46820,1496,872
46821,1496,871
46822,1496,872
46823,1496,871
46824,1497,871
46825,1496,871
46826,1496,872
46827,1497,872
46828,1496,872
46829,1496,871
46830,1496,871
46831,1497,871
46832,1497,871
46833,1496,872
46834,1497,872
46835,1496,873
46836,1496,871
46837,1497,871
46838,1495,873
46839,1496,871
46840,1496,871
46841,1496,872
46842,1495,873
46843,1496,873
46844,1498,872
46845,1496,872
46846,1496,872
46847,1496,872
46848,1498,871
46849,1497,872
46850,1496,875
46851,1496,873
46852,1498,872
46853,1495,871
46854,1496,873
46855,1498,873
46856,1497,873
46857,1496,872
46858,1498,873
46859,1497,871
46860,1496,873
46861,1496,873
46862,1496,873
46863,1496,873
46864,1496,873
46865,1496,873
46866,1496,871
46867,1497,873
46868,1497,873
46869,1495,873
46870,1496,873
46871,1496,871
46872,1497,873
46873,1496,872
46874,1496,873
46875,1496,871
46876,1498,871
46877,1496,872
46878,1496,872
46879,1496,873
46880,1496,871
46881,1496,872
46882,1497,874
46883,1496,871
46884,1496,872
46885,1496,872
46886,1496,873
46887,1496,871
46888,1497,873
46889,1496,871
46890,1496,871
46891,1496,871
46892,1498,871
46893,1496,869
46894,1496,871
46895,1496,871
46896,1497,871
46897,1498,871
46898,1498,872
46899,1496,872
46900,1496,871
46901,1496,872
46902,1497,872
46903,1497,871
46904,1496,872
46905,1496,872
46906,1496,873
46907,1496,871
46908,1496,871
46909,1496,872
46910,1495,871
46911,1496,871
46912,1496,872
46913,1496,872
46914,1498,871
46915,1496,872
46916,1496,871
46917,1496,873
46918,1496,872
46919,1496,872
46920,1496,871
46921,1496,871
46922,1496,872
46923,1497,872
46924,1496,871
46925,1496,872
46926,1496,872
46927,1496,872
46928,1497,871
46929,1496,873
46930,1496,871
46931,1496,873
46932,1496,872
46933,1497,871
46934,1496,871
46935,1496,872
46936,1496,872
46937,1497,872
46938,1496,872
46939,1496,871
46940,1496,872
46941,1497,872
46942,1495,871
46943,1496,872
46944,1496,871
46945,1496,872
46946,1496,873
46947,1496,872
46948,1496,872
46949,1496,871
46950,1496,872
46951,1496,873
46952,1497,872
46953,1496,873
46954,1496,873
46955,1496,873
46956,1496,872
46957,1496,873
46958,1496,873
46959,1496,872
46960,1498,873
46961,1496,873
46962,1497,871
46963,1496,872
46964,1496,873
46965,1496,871
46966,1496,873
46967,1496,873
46968,1496,872
46969,1496,873
46970,1496,872
46971,1496,871
46972,1497,872
46973,1497,872
46974,1496,872
46975,1496,872
46976,1496,873
46977,1496,871
46978,1496,871
46979,1496,872
46980,1496,872
46981,1497,872
46982,1496,872
46983,1497,872
46984,1496,871
46985,1495,873
46986,1495,873
46987,1496,872
46988,1497,871
46989,1496,872
46990,1496,871
46991,1497,870
46992,1496,869
46993,1495,871
46994,1496,871
46995,1496,872
46996,1497,870
46997,1496,871
46998,1496,871
46999,1496,871
47000,1496,871
47001,1497,873
47002,1496,872
47003,1496,873
47004,1496,871
47005,1496,871
47006,1498,873
47007,1496,871
47008,1496,872
47009,1496,871
47010,1496,871
47011,1496,871
47012,1496,871
47013,1498,871
47014,1498,873
47015,1496,873
47016,1496,873
47017,1496,871
47018,1496,871
47019,1496,872
47020,1496,872
47021,1496,871
47022,1496,873
47023,1498,873
47024,1498,871
47025,1497,870
47026,1497,873
47027,1496,873
47028,1496,872
47029,1496,871
47030,1496,871
47031,1496,871
47032,1497,871
47033,1496,869
47034,1496,871
47035,1498,871
47036,1498,872
47037,1496,871
47038,1496,871
47039,1496,871
47040,1498,871
47041,1496,872
47042,1497,873
47043,1497,871
47044,1496,872
47045,1497,873
47046,1496,872
47047,1497,873
47048,1496,872
47049,1496,873
47050,1496,873
47051,1496,872
47052,1496,872
47053,1496,872
47054,1496,872
47055,1496,872
47056,1496,871
47057,1496,873
47058,1496,873
47059,1496,871
47060,1496,872
47061,1495,871
47062,1496,873
47063,1498,870
47064,1496,871
47065,1496,872
47066,1496,871
47067,1498,871
47068,1496,871
47069,1496,872
47070,1496,872
47071,1496,873
47072,1498,872
47073,1496,873
47074,1498,871
47075,1496,873
47076,1496,871
47077,1497,871
47078,1496,871
47079,1496,871
47080,1496,871
47081,1497,871
47082,1496,870
47083,1497,871
47084,1497,869
47085,1497,871
47086,1496,870
47087,1498,871
47088,1496,873
47089,1496,873
47090,1496,873
47091,1496,871
47092,1496,873
47093,1498,873
47094,1496,873
47095,1497,873
47096,1497,873
47097,1496,873
47098,1496,873
47099,1496,872
47100,1496,872
47101,1496,873
47102,1496,871
47103,1496,871
47104,1496,872
47105,1496,873
47106,1496,873
47107,1496,873
47108,1496,873
47109,1496,871
47110,1495,872
47111,1495,873
47112,1496,873
47113,1496,873
47114,1495,872
47115,1495,873
47116,1496,873
47117,1494,874
47118,1496,872
47119,1496,873
47120,1495,873
47121,1496,873
47122,1495,872
47123,1494,873
47124,1495,874
47125,1494,874
47126,1495,873
47127,1494,874
47128,1496,873
47129,1494,873
47130,1495,873
47131,1495,873
47132,1495,873
47133,1495,874
47134,1494,874
47135,1495,874
47136,1495,873
47137,1495,873
47138,1494,873
47139,1494,873
47140,1493,873
47141,1494,874
47142,1494,873
47143,1494,874
47144,1495,874
47145,1494,874
47146,1494,873
47147,1494,873
47148,1494,871
47149,1494,873
47150,1494,874
47151,1494,874
47152,1495,873
47153,1494,873
47154,1494,873
47155,1494,875
47156,1494,874
47157,1494,875
47158,1494,874
47159,1494,875
47160,1495,873
47161,1494,874
47162,1494,875
47163,1494,875
47164,1493,875
47165,1492,875
47166,1494,874
47167,1494,874
47168,1494,875
47169,1494,875
47170,1494,875
47171,1494,875
47172,1494,875
47173,1494,875
47174,1494,874
47175,1494,875
47176,1494,875
47177,1493,874
47178,1493,875
47179,1494,873
47180,1492,875
47181,1494,873
47182,1494,874
47183,1494,877
47184,1494,875
47185,1493,874
47186,1494,875
47187,1494,873
47188,1492,875
47189,1494,877
47190,1494,877
47191,1494,874
47192,1493,875
47193,1494,875
47194,1494,873
47195,1494,873
47196,1493,874
47197,1495,875
47198,1494,873
47199,1494,875
47200,1495,873
47201,1494,877
47202,1494,876
47203,1494,875
47204,1494,875
47205,1494,875
47206,1494,875
47207,1494,874
47208,1494,875
47209,1495,875
47210,1492,875
47211,1495,877
47212,1495,876
47213,1492,875
47214,1495,875
47215,1495,875
47216,1494,877
47217,1496,875
47218,1494,875
47219,1494,875
47220,1494,874
47221,1495,875
47222,1494,875
47223,1494,877
47224,1494,875
47225,1495,877
47226,1494,875
47227,1495,875
47228,1495,875
47229,1496,875
47230,1496,877
47231,1495,875
47232,1495,875
47233,1494,875
47234,1495,875
47235,1494,874
47236,1495,876
47237,1495,875
47238,1495,875
47239,1495,874
47240,1495,874
47241,1495,875
47242,1495,875
47243,1494,873
47244,1494,874
47245,1495,874
47246,1494,874
47247,1495,875
47248,1495,875
47249,1495,875
47250,1495,873
47251,1495,875
47252,1496,873
47253,1495,874
47254,1494,876
47255,1496,875
47256,1494,874
47257,1494,874
47258,1495,875
47259,1494,873
47260,1495,875
47261,1495,875
47262,1495,874
47263,1495,873
47264,1494,872
47265,1494,875
47266,1496,873
47267,1494,874
47268,1495,873
47269,1495,875
47270,1496,875
47271,1494,875
47272,1495,873
47273,1495,873
47274,1495,876
47275,1494,875
47276,1495,874
47277,1494,873
47278,1495,873
47279,1494,874
47280,1494,869
47281,1495,875
47282,1494,873
47283,1494,873
47284,1494,873
47285,1494,874
47286,1496,874
47287,1495,873
47288,1494,873
47289,1492,874
47290,1494,872
47291,1495,872
47292,1494,873
47293,1494,872
47294,1495,873
47295,1495,872
47296,1495,872
47297,1495,873
47298,1495,871
47299,1494,857
47300,1495,879
47301,1494,873
47302,1495,873
47303,1494,873
47304,1494,874
47305,1495,873
47306,1494,873
47307,1494,873
47308,1494,873
47309,1493,874
47310,1494,873
47311,1494,875
47312,1494,875
47313,1494,874
47314,1495,875
47315,1494,875
47316,1493,873
47317,1495,873
47318,1494,875
47319,1494,875
47320,1493,875
47321,1494,875
47322,1494,875
47323,1493,875
47324,1493,875
47325,1492,875
47326,1494,875
47327,1494,874
47328,1493,875
47329,1492,875
47330,1492,875
47331,1494,876
47332,1492,875
47333,1493,873
47334,1492,875
47335,1492,875
47336,1491,875
47337,1493,875
47338,1493,875
47339,1492,875
47340,1490,875
47341,1492,875
47342,1492,875
47343,1492,877
47344,1492,875
47345,1491,875
47346,1492,875
47347,1492,876
47348,1492,876
47349,1492,877
47350,1491,875
47351,1490,875
47352,1492,877
47353,1492,875
47354,1492,875
47355,1492,876
47356,1492,875
47357,1492,876
47358,1492,875
47359,1492,875
47360,1491,877
47361,1491,876
47362,1492,877
47363,1491,875
47364,1492,876
47365,1492,876
47366,1490,876
47367,1492,875
47368,1492,877
47369,1490,876
47370,1491,877
47371,1491,877
47372,1491,877
47373,1491,877
47374,1491,879
47375,1491,877
47376,1490,879
47377,1491,879
47378,1491,879
47379,1491,879
47380,1490,883
47381,1490,885
47382,1491,886
47383,1491,887
47384,1491,887
47385,1491,888
47386,1492,886
47387,1490,887
47388,1491,887
47389,1492,887
47390,1491,888
47391,1492,889
47392,1492,891
47393,1492,889
47394,1491,889
47395,1491,891
47396,1492,892
47397,1491,891
47398,1492,893
47399,1492,891
47400,1492,891
47401,1491,893
47402,1491,893
47403,1491,893
47404,1492,893
47405,1491,895
47406,1492,895
47407,1492,893
47408,1492,893
47409,1492,895
47410,1491,895
47411,1491,893
47412,1492,895
47413,1492,895
47414,1491,896
47415,1492,895
47416,1490,901
47417,1492,895
47418,1492,901
47419,1491,895
47420,1492,895
47421,1491,903
47422,1491,894
47423,1491,901
47424,1492,895
47425,1491,896
47426,1492,901
47427,1492,895
47428,1492,895
47429,1490,902
47430,1492,902
47431,1491,896
47432,1492,901
47433,1492,896
47434,1492,902
47435,1492,902
47436,1492,896
47437,1492,901
47438,1492,903
47439,1492,903
47440,1490,901
47441,1491,896
47442,1492,901
47443,1492,901
47444,1492,895
47445,1492,903
47446,1491,902
47447,1492,901
47448,1492,896
47449,1492,895
47450,1491,895
47451,1492,901
47452,1492,901
47453,1492,902
47454,1492,902
47455,1492,895
47456,1492,901
47457,1490,895
47458,1491,895
47459,1491,895
47460,1492,895
47461,1491,901
47462,1492,902
47463,1492,895
47464,1491,901
47465,1491,901
47466,1492,901
47467,1490,902
47468,1492,901
47469,1490,896
47470,1492,896
47471,1492,901
47472,1491,902
47473,1492,901
47474,1491,895
47475,1492,901
47476,1492,901
47477,1491,901
47478,1492,895
47479,1491,902
47480,1491,901
47481,1490,894
47482,1492,895
47483,1492,895
47484,1492,901
47485,1492,895
47486,1491,895
47487,1492,895
47488,1492,895
47489,1492,894
47490,1491,894
47491,1492,894
47492,1491,895
47493,1492,894
47494,1490,893
47495,1490,895
47496,1492,895
47497,1491,894
47498,1490,895
47499,1491,894
47500,1492,895
47501,1490,895
47502,1492,901
47503,1491,895
47504,1492,895
47505,1491,901
47506,1492,893
47507,1492,895
47508,1492,895
47509,1492,896
47510,1492,895
47511,1490,895
47512,1490,896
47513,1492,895
47514,1491,895
47515,1490,896
47516,1490,895
47517,1492,901
47518,1490,895
47519,1491,902
47520,1492,896
47521,1490,896
47522,1492,901
47523,1492,902
47524,1492,896
47525,1492,895
47526,1492,901
47527,1491,901
47528,1491,895
47529,1491,895
47530,1491,901
47531,1491,895
47532,1492,894
47533,1491,894
47534,1491,893
47535,1490,893
47536,1491,894
47537,1490,894
47538,1492,895
47539,1492,893
47540,1492,894
47541,1491,895
47542,1491,895
47543,1493,901
47544,1492,902
47545,1492,901
47546,1492,896
47547,1492,903
47548,1490,895
47549,1492,894
47550,1491,896
47551,1492,894
47552,1492,895
47553,1494,895
47554,1491,895
47555,1490,900
47556,1490,895
47557,1491,895
47558,1492,895
47559,1492,895
47560,1490,901
47561,1492,895
47562,1490,895
47563,1491,901
47564,1490,895
47565,1491,895
47566,1491,895
47567,1492,895
47568,1492,896
47569,1491,895
47570,1491,902
47571,1491,895
47572,1492,901
47573,1491,894
47574,1491,895
47575,1492,902
47576,1490,895
47577,1491,895
47578,1491,895
47579,1491,895
47580,1492,893
47581,1492,895
47582,1491,892
47583,1492,895
47584,1491,895
47585,1492,893
47586,1491,895
47587,1492,895
47588,1491,895
47589,1492,894
47590,1492,895
47591,1491,895
47592,1492,901
47593,1490,895
47594,1491,895
47595,1491,895
47596,1492,903
47597,1490,895
47598,1492,895
47599,1492,903
47600,1491,895
47601,1492,895
47602,1491,902
47603,1491,896
47604,1492,901
47605,1491,895
47606,1492,901
47607,1492,895
47608,1491,895
47609,1491,901
47610,1490,902
47611,1492,902
47612,1491,900
47613,1492,895
47614,1492,895
47615,1491,895
47616,1491,901
47617,1492,895
47618,1491,901
47619,1491,895
47620,1491,902
47621,1491,901
47622,1492,901
47623,1491,896
47624,1492,894
47625,1492,901
47626,1490,895
47627,1491,896
47628,1491,895
47629,1490,901
47630,1490,896
47631,1490,895
47632,1492,895
47633,1491,895
47634,1492,895
47635,1492,896
47636,1492,901
47637,1492,900
47638,1492,896
47639,1491,895
47640,1491,901
47641,1492,896
47642,1491,896
47643,1491,901
47644,1491,901
47645,1492,896
47646,1492,895
47647,1492,896
47648,1492,901
47649,1491,895
47650,1492,895
47651,1490,895
47652,1492,896
47653,1491,895
47654,1492,901
47655,1492,896
47656,1491,895
47657,1492,895
47658,1491,895
47659,1490,901
47660,1491,895
47661,1490,895
47662,1490,895
47663,1492,895
47664,1491,895
47665,1490,895
47666,1492,895
47667,1492,901
47668,1492,895
47669,1492,895
47670,1492,901
47671,1492,895
47672,1491,895
47673,1491,895
47674,1491,895
47675,1491,901
47676,1492,895
47677,1492,895
47678,1491,894
47679,1491,894
47680,1491,895
47681,1493,893
47682,1491,895
47683,1493,895
47684,1491,893
47685,1492,895
47686,1492,895
47687,1491,895
47688,1491,895
47689,1491,895
47690,1491,895
47691,1490,895
47692,1491,894
47693,1492,894
47694,1491,893
47695,1491,894
47696,1490,895
47697,1492,895
47698,1491,895
47699,1491,895
47700,1492,895
47701,1490,895
47702,1490,895
47703,1490,895
47704,1490,895
47705,1491,895
47706,1491,895
47707,1490,894
47708,1492,895
47709,1492,895
47710,1492,894
47711,1491,895
47712,1490,895
47713,1490,895
47714,1491,902
47715,1491,893
47716,1492,901
47717,1490,893
47718,1491,895
47719,1492,895
47720,1492,895
47721,1491,895
47722,1492,896
47723,1491,895
47724,1492,895
47725,1490,895
47726,1491,893
47727,1490,895
47728,1491,895
47729,1491,895
47730,1491,895
47731,1492,895
47732,1490,894
47733,1491,895
47734,1491,895
47735,1491,895
47736,1490,895
47737,1491,896
47738,1492,901
47739,1491,895
47740,1491,895
47741,1490,895
47742,1490,896
47743,1492,895
47744,1491,895
47745,1492,895
47746,1491,895
47747,1492,895
47748,1491,895
47749,1492,895
47750,1491,901
47751,1492,895
47752,1492,901
47753,1491,895
47754,1491,896
47755,1492,896
47756,1492,895
47757,1491,895
47758,1490,895
47759,1492,896
47760,1491,896
47761,1491,895
47762,1491,896
47763,1491,895
47764,1490,895
47765,1492,896
47766,1491,903
47767,1492,901
47768,1491,896
47769,1490,896
47770,1491,901
47771,1491,901
47772,1490,902
47773,1491,895
47774,1491,901
47775,1491,896
47776,1490,895
47777,1491,901
47778,1491,901
47779,1492,895
47780,1491,902
47781,1491,895
47782,1490,896
47783,1491,901
47784,1492,895
47785,1491,896
47786,1492,895
47787,1492,901
47788,1491,901
47789,1490,895
47790,1491,901
47791,1492,895
47792,1491,896
47793,1492,895
47794,1491,895
47795,1491,895
47796,1491,895
47797,1492,895
47798,1492,895
47799,1492,901
47800,1491,895
47801,1491,896
47802,1492,902
47803,1491,896
47804,1492,896
47805,1492,896
47806,1492,895
47807,1491,895
47808,1490,901
47809,1490,895
47810,1491,895
47811,1492,901
47812,1490,896
47813,1490,903
47814,1492,895
47815,1492,895
47816,1492,895
47817,1492,895
47818,1492,895
47819,1492,895
47820,1491,895
47821,1492,895
47822,1492,895
47823,1492,895
47824,1492,895
47825,1492,895
47826,1490,895
47827,1490,896
47828,1491,901
47829,1492,895
47830,1492,895
47831,1490,895
47832,1492,903
47833,1491,895
47834,1492,901
47835,1492,895
47836,1491,901
47837,1491,894
47838,1492,901
47839,1492,895
47840,1492,895
47841,1492,895
47842,1490,895
47843,1491,895
47844,1492,896
47845,1492,895
47846,1492,901
47847,1492,894
47848,1492,895
47849,1492,895
47850,1492,903
47851,1492,895
47852,1492,901
47853,1491,895
47854,1491,896
47855,1492,895
47856,1490,895
47857,1492,896
47858,1493,894
47859,1492,894
47860,1492,901
47861,1492,895
47862,1491,895
47863,1492,901
47864,1491,901
47865,1492,895
47866,1492,895
47867,1491,895
47868,1492,901
47869,1491,895
47870,1491,895
47871,1492,895
47872,1492,895
47873,1492,895
47874,1492,895
47875,1492,895
47876,1491,894
47877,1490,895
47878,1492,895
47879,1492,901
47880,1491,896
47881,1490,895
47882,1492,895
47883,1492,896
47884,1492,896
47885,1491,896
47886,1492,895
47887,1492,894
47888,1492,895
47889,1491,895
47890,1492,894
47891,1492,893
47892,1491,895
47893,1492,893
47894,1491,893
47895,1491,895
47896,1492,895
47897,1491,893
47898,1491,894
47899,1491,895
47900,1491,893
47901,1493,895
47902,1491,895
47903,1492,895
47904,1491,895
47905,1492,895
47906,1491,895
47907,1490,895
47908,1491,901
47909,1491,895
47910,1492,895
47911,1492,895
47912,1490,894
47913,1492,895
47914,1492,894
47915,1491,896
47916,1491,895
47917,1491,895
47918,1491,895
47919,1492,895
47920,1491,895
47921,1492,895
47922,1491,896
47923,1492,895
47924,1491,894
47925,1491,895
47926,1492,895
47927,1491,896
47928,1490,895
47929,1491,902
47930,1491,895
47931,1491,895
47932,1491,895
47933,1491,901
47934,1491,894
47935,1491,895
47936,1491,894
47937,1490,893
47938,1491,895
47939,1491,895
47940,1490,895
47941,1491,893
47942,1491,895
47943,1491,895
47944,1491,895
47945,1492,893
47946,1490,895
47947,1490,895
47948,1490,895
47949,1491,895
47950,1491,895
47951,1491,893
47952,1490,895
47953,1490,894
47954,1491,895
47955,1490,895
47956,1490,895
47957,1490,901
47958,1490,893
47959,1491,893
47960,1491,896
47961,1492,895
47962,1492,894
47963,1491,893
47964,1490,895
47965,1490,894
47966,1490,894
47967,1490,895
47968,1491,893
47969,1492,893
47970,1491,894
47971,1492,895
47972,1491,895
47973,1490,893
47974,1490,892
47975,1491,893
47976,1490,891
47977,1492,895
47978,1492,891
47979,1492,891
47980,1491,892
47981,1492,890
47982,1492,890
47983,1492,889
47984,1490,889
47985,1492,889
47986,1491,889
47987,1492,887
47988,1492,889
47989,1491,887
47990,1491,885
47991,1492,887
47992,1491,886
47993,1491,885
47994,1491,887
47995,1491,885
47996,1491,886
47997,1491,885
47998,1491,883
47999,1492,883
48000,1491,884
48001,1491,885
48002,1491,883
48003,1492,883
48004,1490,883
48005,1492,883
48006,1492,883
48007,1492,882
48008,1491,883
48009,1492,882
48010,1490,879
48011,1490,879
48012,1491,879
48013,1492,879
48014,1490,879
48015,1491,879
48016,1492,879
48017,1492,883
48018,1492,879
48019,1492,879
48020,1491,879
48021,1491,879
48022,1490,879
48023,1492,879
48024,1492,878
48025,1492,885
48026,1491,882
48027,1492,883
48028,1492,879
48029,1492,883
48030,1490,879
48031,1491,879
48032,1492,879
48033,1491,879
48034,1491,879
48035,1492,879
48036,1491,879
48037,1491,879
48038,1492,879
48039,1492,879
48040,1491,879
48041,1492,880
48042,1492,885
48043,1492,883
48044,1491,883
48045,1492,885
48046,1492,884
48047,1492,883
48048,1491,884
48049,1492,883
48050,1492,883
48051,1490,883
48052,1492,885
48053,1492,885
48054,1492,883
48055,1491,883
48056,1492,883
48057,1492,885
48058,1492,884
48059,1492,884
48060,1491,883
48061,1492,883
48062,1492,884
48063,1491,884
48064,1492,883
48065,1490,883
48066,1491,883
48067,1491,883
48068,1491,885
48069,1491,881
48070,1491,879
48071,1490,883
48072,1491,883
48073,1491,884
48074,1490,884
48075,1490,883
48076,1490,879
48077,1489,884
48078,1489,884
48079,1488,885
48080,1489,883
48081,1488,885
48082,1489,885
48083,1490,885
48084,1489,885
48085,1489,885
48086,1490,887
48087,1490,887
48088,1492,889
48089,1490,891
48090,1488,885
48091,1484,902
48092,1489,907
48093,1493,883
48094,1490,893
48095,1491,907
48096,1490,915
48097,1484,886
48098,1491,877
48099,1491,903
48100,1492,893
48101,1490,904
48102,1490,891
48103,1491,910
48104,1484,885
48105,1487,892
48106,1491,914
48107,1489,910
48108,1485,889
48109,1491,917
48110,1488,889
48111,1484,903
48112,1492,914
48113,1490,895
48114,1490,895
48115,1482,885
48116,1488,889
48117,1482,913
48118,1484,903
48119,1488,903
48120,1488,903
48121,1488,903
48122,1488,903
48123,1488,903
48124,1488,896
48125,1488,904
48126,1488,903
48127,1488,903
48128,1488,903
48129,1488,903
48130,1490,903
48131,1488,903
48132,1490,903
48133,1488,902
48134,1488,903
48135,1489,902
48136,1490,895
48137,1491,901
48138,1490,902
48139,1489,896
48140,1490,902
48141,1490,895
48142,1490,895
48143,1490,895
48144,1489,895
48145,1490,895
48146,1490,895
48147,1490,893
48148,1489,894
48149,1490,893
48150,1488,893
48151,1490,891
48152,1488,891
48153,1490,890
48154,1490,889
48155,1490,891
48156,1489,889
48157,1490,887
48158,1490,887
48159,1490,887
48160,1489,885
48161,1489,885
48162,1489,885
48163,1490,884
48164,1488,880
48165,1490,879
48166,1489,878
48167,1490,879
48168,1488,879
48169,1488,877
48170,1490,877
48171,1489,876
48172,1490,875
48173,1490,875
48174,1488,873
48175,1490,873
48176,1490,871
48177,1490,871
48178,1489,871
48179,1490,869
48180,1489,869
48181,1489,869
48182,1490,868
48183,1488,869
48184,1488,867
48185,1488,867
48186,1490,866
48187,1490,867
48188,1490,869
48189,1489,867
48190,1490,867
48191,1490,867
48192,1490,867
48193,1511,866
48194,1490,867
48195,1490,866
48196,1490,863
48197,1490,867
48198,1489,867
48199,1490,867
48200,1488,867
48201,1490,869
48202,1490,868
48203,1490,869
48204,1488,869
48205,1492,868
48206,1490,868
48207,1490,867
48208,1488,869
48209,1490,869
48210,1491,871
48211,1490,873
48212,1488,877
48213,1490,877
48214,1490,878
48215,1488,879
48216,1491,885
48217,1490,887
48218,1488,888
48219,1490,889
48220,1490,893
48221,1490,892
48222,1489,895
48223,1489,892
48224,1490,901
48225,1490,901
48226,1489,902
48227,1490,904
48228,1488,904
48229,1490,905
48230,1490,907
48231,1490,907
48232,1491,908
48233,1490,909
48234,1490,911
48235,1489,914
48236,1488,913
48237,1490,911
48238,1489,915
48239,1488,915
48240,1490,917
48241,1490,915
48242,1490,913
48243,1490,915
48244,1490,916
48245,1490,913
48246,1490,915
48247,1489,915
48248,1490,915
48249,1489,915
48250,1491,915
48251,1490,915
48252,1490,914
48253,1490,911
48254,1490,916
48255,1490,913
48256,1490,912
48257,1490,915
48258,1490,915
48259,1490,915
48260,1490,915
48261,1490,911
48262,1490,915
48263,1490,911
48264,1488,911
48265,1490,913
48266,1490,910
48267,1490,914
48268,1490,909
48269,1490,909
48270,1490,908
48271,1490,907
48272,1490,905
48273,1490,906
48274,1489,905
48275,1490,903
48276,1488,903
48277,1490,895
48278,1490,895
48279,1489,895
48280,1490,895
48281,1491,891
48282,1490,891
48283,1490,891
48284,1490,887
48285,1490,886
48286,1490,887
48287,1490,884
48288,1489,879
48289,1490,877
48290,1490,876
48291,1490,875
48292,1490,872
48293,1490,871
48294,1490,870
48295,1490,868
48296,1490,866
48297,1491,866
48298,1490,863
48299,1490,859
48300,1490,857
48301,1490,857
48302,1489,857
48303,1489,855
48304,1490,851
48305,1490,851
48306,1489,852
48307,1488,851
48308,1488,847
48309,1490,847
48310,1490,844
48311,1491,844
48312,1490,842
48313,1490,841
48314,1490,840
48315,1489,839
48316,1489,839
48317,1490,831
48318,1490,831
48319,1490,831
48320,1490,829
48321,1490,830
48322,1489,830
48323,1490,829
48324,1490,831
48325,1490,829
48326,1489,828
48327,1488,828
48328,1488,829
48329,1488,829
48330,1489,829
48331,1488,829
48332,1490,829
48333,1488,831
48334,1490,829
48335,1488,831
48336,1488,830
48337,1488,831
48338,1490,839
48339,1490,840
48340,1488,841
48341,1488,846
48342,1488,846
48343,1488,847
48344,1487,853
48345,1488,854
48346,1487,855
48347,1484,856
48348,1488,859
48349,1484,861
48350,1488,863
48351,1488,867
48352,1484,868
48353,1484,869
48354,1488,871
48355,1488,873
48356,1484,871
48357,1488,874
48358,1484,875
48359,1488,877
48360,1488,879
48361,1488,879
48362,1484,880
48363,1484,885
48364,1488,885
48365,1484,886
48366,1488,887
48367,1488,887
48368,1484,887
48369,1484,887
48370,1487,887
48371,1484,888
48372,1484,889
48373,1483,887
48374,1483,888
48375,1484,890
48376,1484,889
48377,1484,888
48378,1484,887
48379,1484,890
48380,1484,889
48381,1487,888
48382,1484,887
48383,1484,887
48384,1484,889
48385,1484,888
48386,1484,888
48387,1488,889
48388,1483,888
48389,1484,887
48390,1485,888
48391,1484,887
48392,1487,887
48393,1484,887
48394,1484,887
48395,1484,887
48396,1487,886
48397,1484,887
48398,1484,885
48399,1484,885
48400,1484,883
48401,1484,884
48402,1487,884
48403,1488,879
48404,1484,879
48405,1484,879
48406,1484,877
48407,1484,876
48408,1484,875
48409,1484,874
48410,1484,871
48411,1488,870
48412,1484,871
48413,1484,867
48414,1484,866
48415,1485,863
48416,1487,861
48417,1484,859
48418,1484,860
48419,1484,857
48420,1484,857
48421,1488,856
48422,1488,853
48423,1484,851
48424,1484,851
48425,1488,850
48426,1483,847
48427,1484,843
48428,1484,842
48429,1484,843
48430,1483,840
48431,1484,839
48432,1484,839
48433,1482,837
48434,1483,831
48435,1482,836
48436,1487,830
48437,1483,831
48438,1484,829
48439,1482,829
48440,1483,829
48441,1484,831
48442,1484,829
48443,1482,829
48444,1482,829
48445,1482,830
48446,1481,831
48447,1483,837
48448,1482,830
48449,1482,830
48450,1482,830
48451,1482,831
48452,1482,837
48453,1483,831
48454,1483,831
48455,1482,837
48456,1482,837
48457,1482,831
48458,1480,837
48459,1483,831
48460,1484,837
48461,1482,839
48462,1482,839
48463,1482,839
48464,1482,840
48465,1482,841
48466,1482,841
48467,1482,841
48468,1483,842
48469,1482,843
48470,1483,843
48471,1482,844
48472,1482,844
48473,1482,845
48474,1482,845
48475,1482,847
48476,1482,843
48477,1482,847
48478,1482,848
48479,1482,846
48480,1482,850
48481,1482,847
48482,1484,849
48483,1484,847
48484,1482,850
48485,1482,846
48486,1482,846
48487,1482,846
48488,1484,847
48489,1482,845
48490,1482,845
48491,1483,845
48492,1483,846
48493,1483,845
48494,1482,845
48495,1482,847
48496,1483,847
48497,1482,847
48498,1484,847
48499,1484,845
48500,1482,846
48501,1482,849
48502,1483,851
48503,1482,846
48504,1483,845
48505,1483,847
48506,1484,845
48507,1483,847
48508,1482,845
48509,1483,845
48510,1482,845
48511,1482,845
48512,1484,845
48513,1484,845
48514,1483,844
48515,1484,843
48516,1482,845
48517,1482,843
48518,1482,843
48519,1483,841
48520,1482,841
48521,1482,840
48522,1483,840
48523,1482,840
48524,1482,839
48525,1483,839
48526,1481,839
48527,1482,837
48528,1483,831
48529,1482,829
48530,1482,829
48531,1483,827
48532,1483,829
48533,1482,827
48534,1481,825
48535,1482,825
48536,1482,825
48537,1482,823
48538,1481,823
48539,1480,821
48540,1483,821
48541,1480,820
48542,1482,819
48543,1481,819
48544,1480,815
48545,1481,819
48546,1480,815
48547,1482,813
48548,1482,813
48549,1482,811
48550,1482,809
48551,1482,809
48552,1480,807
48553,1480,808
48554,1482,808
48555,1480,807
48556,1480,807
48557,1480,805
48558,1480,806
48559,1480,804
48560,1480,803
48561,1482,799
48562,1480,800
48563,1480,803
48564,1481,799
48565,1482,797
48566,1479,796
48567,1480,797
48568,1480,795
48569,1480,797
48570,1480,795
48571,1479,796
48572,1480,795
48573,1480,796
48574,1480,795
48575,1482,795
48576,1480,795
48577,1480,796
48578,1480,796
48579,1480,795
48580,1479,797
48581,1480,794
48582,1481,797
48583,1480,795
48584,1480,796
48585,1480,795
48586,1480,795
48587,1480,795
48588,1481,798
48589,1479,797
48590,1480,797
48591,1480,797
48592,1479,797
48593,1482,797
48594,1480,797
48595,1480,799
48596,1480,798
48597,1480,799
48598,1481,799
48599,1480,800
48600,1480,805
48601,1480,805
48602,1480,806
48603,1480,807
48604,1481,807
48605,1482,811
48606,1481,811
48607,1482,813
48608,1480,813
48609,1482,814
48610,1482,813
48611,1482,815
48612,1480,815
48613,1480,818
48614,1482,821
48615,1481,824
48616,1481,822
48617,1482,821
48618,1482,823
48619,1482,825
48620,1480,824
48621,1481,824
48622,1480,825
48623,1480,825
48624,1482,827
48625,1482,827
48626,1482,827
48627,1482,826
48628,1482,827
48629,1482,829
48630,1482,827
48631,1482,827
48632,1482,829
48633,1480,827
48634,1482,827
48635,1481,827
48636,1482,827
48637,1480,827
48638,1481,827
48639,1482,827
48640,1482,827
48641,1481,827
48642,1482,827
48643,1482,827
48644,1482,826
48645,1482,827
48646,1482,826
48647,1481,826
48648,1480,827
48649,1482,827
48650,1481,827
48651,1482,825
48652,1482,827
48653,1482,825
48654,1482,825
48655,1482,827
48656,1483,826
48657,1482,826
48658,1482,825
48659,1482,825
48660,1482,825
48661,1482,824
48662,1480,824
48663,1480,824
48664,1481,823
48665,1480,825
48666,1482,822
48667,1481,823
48668,1482,823
48669,1482,821
48670,1481,821
48671,1482,824
48672,1482,821
48673,1480,821
48674,1482,819
48675,1480,821
48676,1480,819
48677,1482,819
48678,1481,819
48679,1482,815
48680,1481,818
48681,1480,818
48682,1482,816
48683,1482,815
48684,1482,815
48685,1480,816
48686,1482,815
48687,1481,815
48688,1483,821
48689,1481,815
48690,1481,815
48691,1480,815
48692,1482,817
48693,1481,815
48694,1480,819
48695,1480,819
48696,1480,815
48697,1480,819
48698,1480,819
48699,1482,815
48700,1480,815
48701,1480,819
48702,1480,819
48703,1480,819
48704,1480,815
48705,1480,819
48706,1480,815
48707,1481,815
48708,1480,819
48709,1481,820
48710,1482,819
48711,1481,819
48712,1480,819
48713,1479,820
48714,1480,819
48715,1480,819
48716,1480,819
48717,1480,816
48718,1480,820
48719,1480,821
48720,1480,821
48721,1480,821
48722,1482,821
48723,1480,823
48724,1480,823
48725,1480,824
48726,1481,824
48727,1480,823
48728,1480,824
48729,1480,825
48730,1480,825
48731,1480,827
48732,1480,826
48733,1482,827
48734,1480,829
48735,1481,829
48736,1480,827
48737,1480,827
48738,1481,829
48739,1482,831
48740,1480,831
48741,1481,831
48742,1481,830
48743,1480,832
48744,1482,837
48745,1480,831
48746,1482,831
48747,1481,837
48748,1481,839
48749,1482,839
48750,1481,839
48751,1481,839
48752,1480,839
48753,1480,839
48754,1482,840
48755,1480,840
48756,1480,841
48757,1482,841
48758,1482,841
48759,1480,842
48760,1480,843
48761,1482,841
48762,1480,843
48763,1480,843
48764,1480,843
48765,1481,843
48766,1482,843
48767,1480,845
48768,1481,844
48769,1482,845
48770,1480,844
48771,1481,845
48772,1480,845
48773,1480,844
48774,1480,844
48775,1480,845
48776,1482,845
48777,1481,845
48778,1480,845
48779,1480,845
48780,1480,846
48781,1481,846
48782,1480,846
48783,1480,847
48784,1479,845
48785,1481,850
48786,1482,847
48787,1480,846
48788,1481,846
48789,1481,845
48790,1480,847
48791,1481,845
48792,1481,845
48793,1479,845
48794,1481,845
48795,1480,847
48796,1480,845
48797,1482,846
48798,1481,845
48799,1480,846
48800,1480,845
48801,1480,851
48802,1481,846
48803,1480,849
48804,1482,849
48805,1480,849
48806,1480,850
48807,1480,848
48808,1480,849
48809,1480,847
48810,1480,851
48811,1480,847
48812,1482,851
48813,1480,850
48814,1480,850
48815,1480,851
48816,1480,847
48817,1480,846
48818,1480,849
48819,1480,846
48820,1482,850
48821,1481,847
48822,1480,847
48823,1480,850
48824,1480,847
48825,1480,849
48826,1480,849
48827,1480,851
48828,1480,850
48829,1479,853
48830,1482,851
48831,1481,851
48832,1480,851
48833,1480,852
48834,1480,850
48835,1481,850
48836,1480,849
48837,1482,851
48838,1482,849
48839,1480,851
48840,1482,847
48841,1480,851
48842,1479,851
48843,1480,846
48844,1480,851
48845,1480,851
48846,1480,850
48847,1480,850
48848,1481,847
48849,1480,851
48850,1480,850
48851,1480,849
48852,1482,851
48853,1480,847
48854,1480,851
48855,1480,851
48856,1481,851
48857,1482,850
48858,1482,851
48859,1480,851
48860,1480,849
48861,1481,847
48862,1482,851
48863,1481,851
48864,1480,847
48865,1480,850
48866,1480,850
48867,1480,851
48868,1482,851
48869,1482,851
48870,1482,847
48871,1482,850
48872,1479,847
48873,1480,850
48874,1480,851
48875,1480,847
48876,1480,849
48877,1481,850
48878,1480,851
48879,1480,851
48880,1480,850
48881,1482,850
48882,1481,850
48883,1482,853
48884,1480,846
48885,1482,847
48886,1480,851
48887,1481,852
48888,1480,847
48889,1480,851
48890,1480,849
48891,1481,847
48892,1480,849
48893,1480,850
48894,1481,849
48895,1480,846
48896,1480,849
48897,1481,847
48898,1482,847
48899,1480,849
48900,1480,851
48901,1480,851
48902,1480,852
48903,1482,850
48904,1478,849
48905,1482,849
48906,1480,851
48907,1482,850
48908,1482,849
48909,1480,851
48910,1480,851
48911,1480,847
48912,1480,850
48913,1480,847
48914,1480,851
48915,1480,849
48916,1480,851
48917,1480,847
48918,1481,851
48919,1480,847
48920,1480,847
48921,1482,851
48922,1480,850
48923,1482,851
48924,1482,847
48925,1480,851
48926,1482,849
48927,1480,847
48928,1480,847
48929,1480,850
48930,1480,851
48931,1480,850
48932,1482,851
48933,1480,851
48934,1480,849
48935,1482,850
48936,1482,850
48937,1480,851
48938,1480,850
48939,1481,851
48940,1480,849
48941,1480,851
48942,1481,851
48943,1480,847
48944,1480,847
48945,1480,847
48946,1480,851
48947,1482,847
48948,1480,850
48949,1480,851
48950,1480,849
48951,1480,850
48952,1481,850
48953,1481,849
48954,1481,851
48955,1480,851
48956,1480,849
48957,1480,851
48958,1480,850
48959,1480,851
48960,1480,847
48961,1480,851
48962,1480,851
48963,1480,851
48964,1480,851
48965,1480,851
48966,1482,851
48967,1481,851
48968,1480,851
48969,1480,851
48970,1480,851
48971,1480,851
48972,1480,851
48973,1480,851
48974,1481,851
48975,1480,850
48976,1482,849
48977,1480,851
48978,1480,851
48979,1481,851
48980,1480,851
48981,1481,851
48982,1480,847
48983,1480,851
48984,1482,850
48985,1480,849
48986,1480,850
48987,1480,851
48988,1480,854
48989,1479,849
48990,1481,850
48991,1480,847
48992,1479,847
48993,1480,847
48994,1480,851
48995,1480,847
48996,1480,851
48997,1480,849
48998,1481,850
48999,1479,850
49000,1480,851
49001,1480,851
49002,1479,851
49003,1480,851
49004,1479,851
49005,1480,851
49006,1479,851
49007,1480,851
49008,1480,851
49009,1480,851
49010,1480,849
49011,1480,851
49012,1480,850
49013,1480,847
49014,1480,851
49015,1480,851
49016,1480,851
49017,1480,851
49018,1480,851
49019,1480,851
49020,1480,850
49021,1479,851
49022,1480,851
49023,1479,851
49024,1480,848
49025,1480,852
49026,1480,850
49027,1480,848
49028,1479,851
49029,1480,851
49030,1480,847
49031,1480,846
49032,1480,847
49033,1479,847
49034,1480,847
49035,1480,847
49036,1480,847
49037,1481,847
49038,1481,849
49039,1479,847
49040,1479,846
49041,1480,849
49042,1480,851
49043,1480,850
49044,1481,847
49045,1479,851
49046,1480,847
49047,1480,850
49048,1480,851
49049,1480,851
49050,1480,851
49051,1479,851
49052,1480,847
49053,1480,854
49054,1481,847
49055,1480,851
49056,1480,851
49057,1480,851
49058,1480,851
49059,1480,851
49060,1480,851
49061,1480,850
49062,1480,849
49063,1480,851
49064,1480,849
49065,1480,851
49066,1481,853
49067,1482,851
49068,1479,851
49069,1480,850
49070,1480,851
49071,1480,851
49072,1479,851
49073,1479,851
49074,1480,851
49075,1479,851
49076,1479,851
49077,1480,850
49078,1480,851
49079,1480,850
49080,1480,851
49081,1480,851
49082,1479,850
49083,1480,851
49084,1479,851
49085,1479,850
49086,1480,851
49087,1480,849
49088,1480,853
49089,1480,851
49090,1480,852
49091,1479,853
49092,1481,851
49093,1480,852
49094,1479,851
49095,1480,852
49096,1480,851
49097,1480,851
49098,1480,852
49099,1480,851
49100,1480,853
49101,1480,852
49102,1480,851
49103,1480,851
49104,1479,853
49105,1481,851
49106,1479,851
49107,1480,853
49108,1480,852
49109,1480,851
49110,1480,851
49111,1480,851
49112,1480,851
49113,1480,851
49114,1481,853
49115,1479,851
49116,1480,851
49117,1480,851
49118,1480,851
49119,1480,847
49120,1480,850
49121,1481,851
49122,1480,852
49123,1480,850
49124,1480,852
49125,1480,851
49126,1480,851
49127,1480,851
49128,1480,851
49129,1480,850
49130,1480,852
49131,1479,851
49132,1479,851
49133,1479,852
49134,1480,851
49135,1480,850
49136,1479,851
49137,1481,851
49138,1480,851
49139,1480,850
49140,1481,851
49141,1480,851
49142,1480,852
49143,1481,853
49144,1481,851
49145,1480,850
49146,1479,851
49147,1480,851
49148,1480,851
49149,1480,851
49150,1480,851
49151,1480,850
49152,1480,851
49153,1480,850
49154,1480,851
49155,1480,851
49156,1480,851
49157,1480,850
49158,1480,850
49159,1482,851
49160,1479,850
49161,1480,850
49162,1482,849
49163,1480,851
49164,1480,851
49165,1480,851
49166,1479,851
49167,1481,851
49168,1482,851
49169,1480,851
49170,1480,851
49171,1480,851
49172,1482,852
49173,1480,850
49174,1480,851
49175,1480,851
49176,1481,851
49177,1479,851
49178,1480,849
49179,1480,845
49180,1482,851
49181,1480,847
49182,1480,851
49183,1480,850
49184,1479,849
49185,1480,848
49186,1480,851
49187,1480,851
49188,1480,852
49189,1480,851
49190,1480,851
49191,1479,850
49192,1480,851
49193,1479,851
49194,1480,851
49195,1480,852
49196,1481,851
49197,1480,851
49198,1480,851
49199,1480,851
49200,1481,851
49201,1480,853
49202,1480,853
49203,1480,853
49204,1480,853
49205,1480,853
49206,1480,851
49207,1481,852
49208,1480,853
49209,1480,853
49210,1481,853
49211,1480,853
49212,1480,853
49213,1480,853
49214,1480,853
49215,1480,851
49216,1479,851
49217,1480,853
49218,1480,852
49219,1480,851
49220,1480,852
49221,1480,852
49222,1480,853
49223,1480,853
49224,1480,853
49225,1480,853
49226,1479,853
49227,1480,855
49228,1480,853
49229,1480,851
49230,1480,853
49231,1480,853
49232,1480,854
49233,1481,852
49234,1480,853
49235,1480,853
49236,1479,853
49237,1480,853
49238,1480,853
49239,1480,852
49240,1480,853
49241,1479,852
49242,1479,855
49243,1480,855
49244,1480,854
49245,1480,854
49246,1480,853
49247,1479,855
49248,1480,853
49249,1480,852
49250,1480,853
49251,1480,853
49252,1479,853
49253,1480,853
49254,1480,853
49255,1480,853
49256,1480,851
49257,1479,855
49258,1482,851
49259,1480,852
49260,1480,853
49261,1480,853
49262,1480,853
49263,1479,853
49264,1480,855
49265,1479,854
49266,1479,853
49267,1480,855
49268,1480,854
49269,1480,855
49270,1480,855
49271,1480,853
49272,1480,853
49273,1480,854
49274,1480,855
49275,1480,853
49276,1480,855
49277,1480,851
49278,1480,855
49279,1480,855
49280,1480,852
49281,1480,853
49282,1481,853
49283,1481,853
49284,1480,855
49285,1480,853
49286,1479,855
49287,1479,854
49288,1480,855
49289,1481,851
49290,1481,853
49291,1480,855
49292,1478,853
49293,1479,853
49294,1480,855
49295,1480,853
49296,1480,853
49297,1480,853
49298,1480,853
49299,1480,853
49300,1480,853
49301,1479,855
49302,1480,855
49303,1480,853
49304,1480,853
49305,1481,854
49306,1480,855
49307,1480,855
49308,1480,855
49309,1480,853
49310,1478,853
49311,1480,853
49312,1480,853
49313,1480,853
49314,1479,853
49315,1480,853
49316,1480,855
49317,1480,853
49318,1480,855
49319,1480,853
49320,1480,854
49321,1479,856
49322,1479,854
49323,1480,854
49324,1480,853
49325,1480,853
49326,1480,853
49327,1479,853
49328,1480,853
49329,1480,854
49330,1480,853
49331,1480,854
49332,1480,853
49333,1481,853
49334,1480,852
49335,1480,853
49336,1480,854
49337,1480,854
49338,1478,853
49339,1479,854
49340,1480,854
49341,1480,853
49342,1480,855
49343,1479,855
49344,1479,853
49345,1480,855
49346,1480,854
49347,1480,853
49348,1479,853
49349,1480,853
49350,1480,853
49351,1480,854
49352,1480,855
49353,1480,854
49354,1480,854
49355,1479,853
49356,1479,853
49357,1480,854
49358,1480,853
49359,1480,855
49360,1481,853
49361,1480,853
49362,1481,853
49363,1480,853
49364,1480,854
49365,1480,853
49366,1479,853
49367,1480,855
49368,1480,853
49369,1480,854
49370,1480,855
49371,1480,855
49372,1480,854
49373,1480,854
49374,1482,854
49375,1480,855
49376,1480,853
49377,1480,853
49378,1480,855
49379,1479,855
49380,1480,855
49381,1480,853
49382,1480,855
49383,1479,853
49384,1480,853
49385,1480,853
49386,1480,853
49387,1480,853
49388,1480,853
49389,1481,851
49390,1482,853
49391,1481,853
49392,1480,853
49393,1481,853
49394,1480,851
49395,1480,853
49396,1480,853
49397,1480,853
49398,1482,853
49399,1480,853
49400,1481,851
49401,1480,855
49402,1480,853
49403,1480,853
49404,1480,854
49405,1480,853
49406,1480,852
49407,1479,854
49408,1479,853
49409,1482,853
49410,1480,855
49411,1480,855
49412,1480,853
49413,1479,853
49414,1480,855
49415,1480,855
49416,1479,853
49417,1480,854
49418,1480,855
49419,1480,851
49420,1480,853
49421,1480,854
49422,1480,853
49423,1481,855
49424,1480,854
49425,1480,853
49426,1480,855
49427,1479,855
49428,1480,853
49429,1479,855
49430,1480,855
49431,1480,853
49432,1481,855
49433,1479,852
49434,1480,854
49435,1480,853
49436,1480,854
49437,1480,855
49438,1480,853
49439,1480,855
49440,1481,854
49441,1478,853
49442,1480,853
49443,1480,853
49444,1481,854
49445,1480,854
49446,1479,853
49447,1479,855
49448,1480,853
49449,1480,852
49450,1479,855
49451,1479,854
49452,1480,855
49453,1480,854
49454,1480,853
49455,1480,853
49456,1480,855
49457,1480,853
49458,1480,853
49459,1480,853
49460,1480,854
49461,1480,855
49462,1479,855
49463,1478,853
49464,1480,853
49465,1480,853
49466,1480,855
49467,1480,853
49468,1480,853
49469,1479,853
49470,1480,853
49471,1480,853
49472,1480,853
49473,1479,855
49474,1480,854
49475,1480,855
49476,1480,853
49477,1480,853
49478,1480,853
49479,1479,853
49480,1479,854
49481,1479,855
49482,1479,853
49483,1480,854
49484,1479,854
49485,1482,855
49486,1480,853
49487,1480,855
49488,1480,853
49489,1479,853
49490,1480,853
49491,1479,852
49492,1479,853
49493,1480,853
49494,1479,853
49495,1479,853
49496,1480,853
49497,1480,852
49498,1480,853
49499,1480,853
49500,1480,855
49501,1479,853
49502,1480,854
49503,1479,853
49504,1480,855
49505,1480,853
49506,1480,854
49507,1481,854
49508,1479,853
49509,1480,853
49510,1479,855
49511,1480,854
49512,1480,854
49513,1478,854
49514,1478,853
49515,1480,853
49516,1480,856
49517,1479,856
49518,1479,853
49519,1480,853
49520,1479,854
49521,1480,854
49522,1479,854
49523,1480,853
49524,1480,853
49525,1479,853
49526,1480,853
49527,1479,853
49528,1478,855
49529,1480,853
49530,1479,853
49531,1479,853
49532,1479,852
49533,1479,852
49534,1479,853
49535,1479,855
49536,1479,853
49537,1479,852
49538,1480,853
49539,1479,853
49540,1479,853
49541,1480,859
49542,1479,855
49543,1480,854
49544,1480,853
49545,1478,853
49546,1479,854
49547,1480,853
49548,1479,852
49549,1480,853
49550,1479,854
49551,1480,854
49552,1480,854
49553,1479,854
49554,1478,853
49555,1480,853
49556,1479,854
49557,1480,854
49558,1480,853
49559,1479,855
49560,1479,855
49561,1479,854
49562,1479,853
49563,1478,854
49564,1480,853
49565,1480,853
49566,1480,854
49567,1480,855
49568,1480,853
49569,1480,853
49570,1480,853
49571,1480,854
49572,1480,853
49573,1480,853
49574,1480,853
49575,1480,854
49576,1480,853
49577,1479,852
49578,1480,853
49579,1480,852
49580,1480,853
49581,1479,853
49582,1480,854
49583,1479,852
49584,1479,853
49585,1479,852
49586,1479,853
49587,1480,853
49588,1479,854
49589,1480,853
49590,1478,853
49591,1480,855
49592,1479,852
49593,1479,853
49594,1479,854
49595,1479,854
49596,1480,855
49597,1480,853
49598,1479,853
49599,1480,852
49600,1479,855
49601,1480,853
49602,1481,853
49603,1482,855
49604,1480,853
49605,1480,853
49606,1479,854
49607,1480,853
49608,1480,854
49609,1479,855
49610,1479,854
49611,1479,853
49612,1480,855
49613,1480,853
49614,1480,853
49615,1480,853
49616,1480,855
49617,1480,854
49618,1480,853
49619,1480,852
49620,1479,855
49621,1480,853
49622,1480,854
49623,1480,855
49624,1482,853
49625,1480,854
49626,1481,855
49627,1480,855
49628,1479,853
49629,1480,853
49630,1480,854
49631,1480,855
49632,1480,854
49633,1480,853
49634,1482,854
49635,1479,853
49636,1480,853
49637,1479,853
49638,1480,853
49639,1480,855
49640,1480,853
49641,1480,854
49642,1480,855
49643,1480,855
49644,1479,854
49645,1479,853
49646,1480,855
49647,1479,855
49648,1480,853
49649,1480,853
49650,1480,853
49651,1480,854
49652,1479,853
49653,1479,854
49654,1480,854
49655,1480,853
49656,1479,855
49657,1480,853
49658,1480,855
49659,1479,855
49660,1482,853
49661,1480,855
49662,1479,855
49663,1480,855
49664,1480,853
49665,1478,853
49666,1478,854
49667,1480,855
49668,1480,855
49669,1479,853
49670,1480,855
49671,1480,854
49672,1480,854
49673,1480,855
49674,1480,854
49675,1479,853
49676,1480,855
49677,1480,853
49678,1480,853
49679,1479,851
49680,1479,854
49681,1480,851
49682,1479,853
49683,1480,853
49684,1479,853
49685,1480,852
49686,1479,853
49687,1479,852
49688,1480,853
49689,1479,852
49690,1478,853
49691,1478,853
49692,1479,853
49693,1479,853
49694,1480,852
49695,1480,852
49696,1479,853
49697,1480,853
49698,1479,853
49699,1480,853
49700,1479,853
49701,1480,853
49702,1480,855
49703,1480,855
49704,1480,854
49705,1479,855
49706,1480,855
49707,1478,853
49708,1480,852
49709,1479,855
49710,1478,853
49711,1479,855
49712,1480,855
49713,1480,855
49714,1479,853
49715,1480,853
49716,1480,853
49717,1480,854
49718,1479,853
49719,1480,853
49720,1479,855
49721,1480,855
49722,1479,854
49723,1480,853
49724,1479,855
49725,1479,854
49726,1480,855
49727,1480,858
49728,1478,871
49729,1481,846
49730,1481,856
49731,1480,847
49732,1478,853
49733,1479,843
49734,1482,857
49735,1480,853
49736,1481,857
49737,1482,853
49738,1481,870
49739,1480,851
49740,1480,863
49741,1484,859
49742,1480,851
49743,1479,856
49744,1479,855
49745,1479,853
49746,1480,842
49747,1479,843
49748,1479,843
49749,1480,854
49750,1479,855
49751,1479,843
49752,1480,853
49753,1480,851
49754,1476,855
49755,1480,865
49756,1476,855
49757,1482,841
49758,1480,859
49759,1480,855
49760,1479,855
49761,1479,855
49762,1480,855
49763,1480,855
49764,1478,853
49765,1480,853
49766,1480,855
49767,1480,853
49768,1479,853
49769,1481,854
49770,1480,855
49771,1480,855
49772,1480,855
49773,1480,853
49774,1480,855
49775,1480,854
49776,1480,854
49777,1480,855
49778,1479,855
49779,1479,853
49780,1480,853
49781,1480,853
49782,1479,855
49783,1478,855
49784,1480,853
49785,1480,855
49786,1478,855
49787,1478,855
49788,1480,855
49789,1479,853
49790,1480,852
49791,1480,854
49792,1479,853
49793,1480,855
49794,1480,852
49795,1480,855
49796,1480,853
49797,1480,853
49798,1480,853
49799,1480,853
49800,1479,853
49801,1480,855
49802,1479,856
49803,1479,855
49804,1479,854
49805,1479,855
49806,1479,853
49807,1480,853
49808,1480,855
49809,1480,855
49810,1480,855
49811,1480,855
49812,1480,855
49813,1480,855
49814,1479,853
49815,1479,853
49816,1479,853
49817,1480,855
49818,1480,855
49819,1480,852
49820,1480,854
49821,1480,853
49822,1479,853
49823,1479,855
49824,1478,855
49825,1480,853
49826,1479,853
49827,1480,855
49828,1478,855
49829,1480,855
49830,1478,852
49831,1479,854
49832,1479,855
49833,1480,855
49834,1479,853
49835,1480,855
49836,1480,853
49837,1479,853
49838,1480,854
49839,1480,854
49840,1480,855
49841,1479,855
49842,1480,852
49843,1480,853
49844,1479,855
49845,1480,854
49846,1479,855
49847,1480,855
49848,1480,854
49849,1479,853
49850,1480,853
49851,1480,853
49852,1479,854
49853,1479,853
49854,1480,855
49855,1479,855
49856,1480,854
49857,1480,853
49858,1480,854
49859,1480,853
49860,1480,855
49861,1478,853
49862,1479,852
49863,1479,853
49864,1479,855
49865,1480,855
49866,1480,853
49867,1480,854
49868,1480,855
49869,1479,855
49870,1480,853
49871,1480,853
49872,1480,853
49873,1480,853
49874,1480,855
49875,1480,854
49876,1480,854
49877,1480,855
49878,1480,853
49879,1479,852
49880,1480,855
49881,1480,855
49882,1479,855
49883,1479,855
49884,1480,854
49885,1479,855
49886,1480,853
49887,1480,855
49888,1480,856
49889,1480,853
49890,1480,854
49891,1481,851
49892,1480,853
49893,1478,855
49894,1480,851
49895,1480,852
49896,1480,853
49897,1480,853
49898,1479,852
49899,1480,853
49900,1480,853
49901,1479,854
49902,1480,855
49903,1480,855
49904,1480,854
49905,1480,853
49906,1480,855
49907,1480,854
49908,1480,854
49909,1480,853
49910,1479,854
49911,1481,854
49912,1481,853
49913,1480,854
49914,1480,856
49915,1480,855
49916,1481,854
49917,1480,855
49918,1480,855
49919,1480,853
49920,1479,853
49921,1480,853
49922,1480,853
49923,1478,853
49924,1480,853
49925,1480,854
49926,1480,853
49927,1480,853
49928,1480,852
49929,1481,854
49930,1481,855
49931,1480,853
49932,1480,853
49933,1480,854
49934,1480,855
49935,1480,853
49936,1480,853
49937,1481,853
49938,1480,854
49939,1479,854
49940,1480,853
49941,1480,855
49942,1482,855
49943,1480,855
49944,1480,853
49945,1480,853
49946,1480,855
49947,1481,853
49948,1479,856
49949,1480,855
49950,1480,855
49951,1480,855
49952,1480,855
49953,1480,853
49954,1480,853
49955,1480,853
49956,1482,853
49957,1481,855
49958,1479,853
49959,1480,855
49960,1480,853
49961,1480,853
49962,1480,856
49963,1480,855
49964,1480,856
49965,1480,851
49966,1480,853
49967,1480,853
49968,1480,853
49969,1480,855
49970,1482,854
49971,1479,853
49972,1480,853
49973,1482,853
49974,1482,855
49975,1480,853
49976,1480,853
49977,1480,854
49978,1480,852
49979,1480,855
49980,1480,853
49981,1480,853
49982,1482,855
49983,1480,853
49984,1480,854
49985,1481,855
49986,1480,854
49987,1479,854
49988,1480,853
49989,1480,852
49990,1480,853
49991,1479,853
49992,1481,853
49993,1479,853
49994,1480,854
49995,1481,853
49996,1480,853
49997,1480,853
49998,1479,853
49999,1481,853
50000,1480,853
50001,1479,854
50002,1480,855
50003,1480,854
50004,1479,853
50005,1479,853
50006,1480,853
50007,1480,853
50008,1480,855
50009,1479,854
50010,1479,855
50011,1479,855
50012,1481,854
50013,1480,853
50014,1480,854
50015,1480,853
50016,1480,854
50017,1480,851
50018,1479,854
50019,1480,854
50020,1480,854
50021,1480,854
50022,1479,853
50023,1480,854
50024,1480,855
50025,1480,853
50026,1482,855
50027,1479,855
50028,1480,854
50029,1480,855
50030,1479,855
50031,1480,853
50032,1480,853
50033,1479,854
50034,1481,852
50035,1481,853
50036,1479,853
50037,1481,856
50038,1480,853
50039,1480,854
50040,1480,853
50041,1479,853
50042,1480,853
50043,1480,855
50044,1480,855
50045,1480,855
50046,1480,853
50047,1480,853
50048,1480,855
50049,1480,854
50050,1480,855
50051,1480,854
50052,1480,855
50053,1480,855
50054,1478,854
50055,1480,856
50056,1480,853
50057,1480,854
50058,1478,854
50059,1479,855
50060,1482,855
50061,1480,855
50062,1480,855
50063,1479,856
50064,1479,857
50065,1480,857
50066,1480,857
50067,1480,859
50068,1480,859
50069,1480,861
50070,1480,861
50071,1480,863
50072,1480,863
50073,1480,863
50074,1479,866
50075,1478,866
50076,1480,867
50077,1481,865
50078,1480,867
50079,1480,863
50080,1480,867
50081,1480,867
50082,1480,869
50083,1479,868
50084,1480,868
50085,1479,869
50086,1480,869
50087,1479,869
50088,1480,871
50089,1480,871
50090,1480,873
50091,1480,871
50092,1479,872
50093,1479,872
50094,1479,872
50095,1479,873
50096,1479,871
50097,1480,871
50098,1480,873
50099,1479,873
50100,1480,871
50101,1480,872
50102,1480,873
50103,1480,872
50104,1479,871
50105,1480,871
50106,1480,871
50107,1480,873
50108,1480,872
50109,1480,871
50110,1479,871
50111,1480,871
50112,1479,872
50113,1480,872
50114,1480,873
50115,1479,872
50116,1479,873
50117,1478,871
50118,1479,872
50119,1480,872
50120,1479,872
50121,1480,871
50122,1479,873
50123,1480,871
50124,1479,871
50125,1479,872
50126,1480,872
50127,1480,872
50128,1482,873
50129,1479,871
50130,1481,871
50131,1480,871
50132,1480,872
50133,1480,871
50134,1478,873
50135,1480,871
50136,1479,872
50137,1479,871
50138,1480,872
50139,1480,871
50140,1480,871
50141,1480,871
50142,1480,871
50143,1480,871
50144,1480,871
50145,1480,872
50146,1479,873
50147,1480,873
50148,1479,872
50149,1480,871
50150,1479,871
50151,1479,872
50152,1480,872
50153,1479,872
50154,1480,871
50155,1480,871
50156,1479,871
50157,1480,872
50158,1479,869
50159,1480,871
50160,1479,873
50161,1480,871
50162,1480,871
50163,1479,872
50164,1479,871
50165,1480,872
50166,1478,872
50167,1480,871
50168,1479,871
50169,1480,872
50170,1479,871
50171,1480,872
50172,1480,871
50173,1480,871
50174,1479,871
50175,1479,873
50176,1480,871
50177,1480,869
50178,1480,871
50179,1479,870
50180,1479,871
50181,1479,870
50182,1480,871
50183,1480,871
50184,1481,871
50185,1480,871
50186,1479,870
50187,1479,871
50188,1480,871
50189,1479,871
50190,1480,871
50191,1479,871
50192,1480,869
50193,1479,871
50194,1480,871
50195,1479,871
50196,1479,871
50197,1479,871
50198,1480,871
50199,1479,872
50200,1480,869
50201,1478,872
50202,1479,872
50203,1479,871
50204,1480,871
50205,1479,872
50206,1480,871
50207,1480,872
50208,1480,872
50209,1480,871
50210,1480,871
50211,1480,871
50212,1480,871
50213,1480,871
50214,1480,873
50215,1480,872
50216,1480,871
50217,1479,871
50218,1480,871
50219,1481,871
50220,1479,873
50221,1480,871
50222,1480,871
50223,1479,871
50224,1480,871
50225,1480,873
50226,1479,873
50227,1480,872
50228,1480,871
50229,1480,870
50230,1480,872
50231,1480,870
50232,1479,871
50233,1479,871
50234,1479,871
50235,1480,871
50236,1479,871
50237,1479,872
50238,1480,870
50239,1479,872
50240,1478,872
50241,1479,873
50242,1480,871
50243,1478,871
50244,1480,871
50245,1480,871
50246,1478,871
50247,1478,871
50248,1479,873
50249,1478,873
50250,1480,871
50251,1480,871
50252,1480,870
50253,1478,871
50254,1480,871
50255,1480,872
50256,1478,872
50257,1480,871
50258,1479,873
50259,1479,873
50260,1479,871
50261,1480,872
50262,1480,871
50263,1479,871
50264,1480,873
50265,1480,871
50266,1480,871
50267,1478,871
50268,1479,871
50269,1479,871
50270,1479,872
50271,1479,873
50272,1480,871
50273,1479,871
50274,1480,871
50275,1479,875
50276,1482,871
50277,1480,873
50278,1479,873
50279,1480,871
50280,1479,872
50281,1480,871
50282,1480,873
50283,1478,870
50284,1480,871
50285,1480,872
50286,1479,871
50287,1480,873
50288,1480,871
50289,1480,872
50290,1479,871
50291,1480,871
50292,1480,871
50293,1481,871
50294,1479,871
50295,1479,871
50296,1480,871
50297,1480,869
50298,1480,871
50299,1480,871
50300,1479,871
50301,1478,872
50302,1479,871
50303,1479,871
50304,1480,873
50305,1479,873
50306,1479,872
50307,1480,873
50308,1480,871
50309,1480,872
50310,1480,871
50311,1479,873
50312,1478,871
50313,1480,871
50314,1480,871
50315,1480,872
50316,1480,871
50317,1480,871
50318,1481,872
50319,1479,873
50320,1480,871
50321,1480,873
50322,1479,871
50323,1480,873
50324,1478,870
50325,1479,873
50326,1480,871
50327,1479,872
50328,1479,872
50329,1480,872
50330,1480,871
50331,1478,872
50332,1480,872
50333,1479,873
50334,1479,873
50335,1479,871
50336,1479,872
50337,1480,872
50338,1480,871
50339,1480,872
50340,1478,872
50341,1480,871
50342,1479,873
50343,1480,872
50344,1479,871
50345,1479,872
50346,1480,872
50347,1479,873
50348,1479,873
50349,1480,872
50350,1480,871
50351,1479,871
50352,1480,871
50353,1479,872
50354,1479,871
50355,1480,873
50356,1479,871
50357,1480,873
50358,1480,871
50359,1480,871
50360,1480,872
50361,1480,871
50362,1480,872
50363,1479,872
50364,1480,873
50365,1480,872
50366,1479,871
50367,1480,873
50368,1478,871
50369,1480,872
50370,1480,873
50371,1479,871
50372,1480,873
50373,1480,873
50374,1480,871
50375,1480,871
50376,1479,871
50377,1480,871
50378,1479,872
50379,1478,871
50380,1478,871
50381,1479,871
50382,1479,871
50383,1480,872
50384,1480,873
50385,1479,871
50386,1479,873
50387,1480,872
50388,1479,872
50389,1480,871
50390,1480,871
50391,1480,871
50392,1480,871
50393,1479,872
50394,1480,871
50395,1478,871
50396,1480,871
50397,1480,871
50398,1479,871
50399,1479,871
50400,1480,872
50401,1479,871
50402,1480,871
50403,1480,871
50404,1480,872
50405,1480,871
50406,1480,871
50407,1478,873
50408,1479,870
50409,1480,871
50410,1480,871
50411,1480,874
50412,1480,873
50413,1480,871
50414,1480,873
50415,1480,873
50416,1480,872
50417,1480,872
50418,1480,872
50419,1482,872
50420,1478,873
50421,1480,873
50422,1480,873
50423,1480,873
50424,1480,872
50425,1480,873
50426,1479,871
50427,1480,871
50428,1480,871
50429,1480,873
50430,1480,871
50431,1480,870
50432,1480,872
50433,1480,872
50434,1480,871
50435,1480,872
50436,1479,872
50437,1480,872
50438,1479,871
50439,1478,872
50440,1480,871
50441,1480,873
50442,1479,871
50443,1478,873
50444,1479,871
50445,1479,872
50446,1480,871
50447,1480,872
50448,1480,873
50449,1480,871
50450,1479,871
50451,1480,872
50452,1480,873
50453,1480,872
50454,1480,871
50455,1479,871
50456,1480,871
50457,1479,871
50458,1480,871
50459,1480,871
50460,1479,873
50461,1479,871
50462,1480,873
50463,1480,871
50464,1479,873
50465,1480,872
50466,1479,871
50467,1479,871
50468,1479,872
50469,1480,872
50470,1480,872
50471,1480,873
50472,1480,871
50473,1479,871
50474,1480,872
50475,1479,872
50476,1480,873
50477,1480,872
50478,1480,871
50479,1480,873
50480,1480,873
50481,1480,871
50482,1480,873
50483,1480,871
50484,1480,869
50485,1480,873
50486,1481,873
50487,1479,873
50488,1480,873
50489,1479,872
50490,1479,871
50491,1479,873
50492,1480,870
50493,1480,871
50494,1480,869
50495,1479,869
50496,1480,871
50497,1480,871
50498,1479,871
50499,1479,871
50500,1480,872
50501,1480,872
50502,1479,872
50503,1480,871
50504,1478,873
50505,1480,873
50506,1480,871
50507,1479,872
50508,1479,871
50509,1479,872
50510,1479,871
50511,1479,871
50512,1479,871
50513,1479,873
50514,1480,871
50515,1480,872
50516,1480,873
50517,1480,873
50518,1479,871
50519,1479,871
50520,1480,872
50521,1480,871
50522,1480,871
50523,1478,872
50524,1480,873
50525,1480,873
50526,1480,872
50527,1479,872
50528,1480,873
50529,1480,872
50530,1479,872
50531,1480,871
50532,1479,872
50533,1480,871
50534,1480,871
50535,1480,872
50536,1480,871
50537,1480,871
50538,1480,873
50539,1480,873
50540,1481,869
50541,1480,871
50542,1479,870
50543,1480,870
50544,1479,871
50545,1479,872
50546,1479,872
50547,1479,871
50548,1480,873
50549,1480,873
50550,1480,871
50551,1480,872
50552,1480,873
50553,1480,871
50554,1480,871
50555,1480,873
50556,1480,871
50557,1480,872
50558,1479,871
50559,1480,872
50560,1479,871
50561,1479,872
50562,1480,873
50563,1480,871
50564,1480,871
50565,1480,872
50566,1480,873
50567,1480,871
50568,1480,873
50569,1480,873
50570,1480,872
50571,1478,873
50572,1480,872
50573,1480,871
50574,1479,872
50575,1478,872
50576,1480,871
50577,1479,871
50578,1479,871
50579,1479,871
50580,1480,871
50581,1480,871
50582,1480,869
50583,1480,869
50584,1480,870
50585,1472,871
50586,1480,871
50587,1479,869
50588,1479,871
50589,1480,871
50590,1480,872
50591,1480,872
50592,1480,873
50593,1479,872
50594,1479,873
50595,1479,871
50596,1480,871
50597,1480,872
50598,1480,873
50599,1480,872
50600,1480,871
50601,1480,873
50602,1480,872
50603,1479,873
50604,1479,872
50605,1480,873
50606,1480,871
50607,1480,872
50608,1480,871
50609,1480,873
50610,1480,871
50611,1480,872
50612,1480,873
50613,1480,873
50614,1479,871
50615,1480,873
50616,1480,871
50617,1480,871
50618,1479,873
50619,1479,871
50620,1479,871
50621,1480,873
50622,1480,871
50623,1480,872
50624,1480,872
50625,1480,873
50626,1480,872
50627,1480,872
50628,1479,873
50629,1480,871
50630,1480,871
50631,1480,871
50632,1480,872
50633,1480,871
50634,1479,873
50635,1478,871
50636,1479,871
50637,1480,872
50638,1479,871
50639,1480,871
50640,1478,875
50641,1480,871
50642,1480,872
50643,1479,871
50644,1480,872
50645,1480,872
50646,1479,872
50647,1480,871
50648,1480,871
50649,1480,873
50650,1480,873
50651,1481,873
50652,1480,871
50653,1480,872
50654,1479,872
50655,1480,871
50656,1480,871
50657,1479,871
50658,1480,872
50659,1479,871
50660,1479,871
50661,1480,873
50662,1479,873
50663,1480,872
50664,1479,871
50665,1480,871
50666,1479,872
50667,1479,873
50668,1480,873
50669,1479,872
50670,1480,872
50671,1479,873
50672,1480,871
50673,1480,873
50674,1480,872
50675,1480,872
50676,1479,871
50677,1480,867
50678,1480,871
50679,1480,871
50680,1479,871
50681,1480,871
50682,1480,871
50683,1480,871
50684,1480,871
50685,1480,871
50686,1480,871
50687,1479,871
50688,1480,874
50689,1480,872
50690,1480,870
50691,1480,871
50692,1480,871
50693,1480,871
50694,1480,871
50695,1480,871
50696,1480,871
50697,1480,871
50698,1479,871
50699,1479,870
50700,1480,870
50701,1480,872
50702,1480,873
50703,1482,871
50704,1480,872
50705,1480,873
50706,1480,872
50707,1479,872
50708,1480,873
50709,1479,871
50710,1480,872
50711,1480,871
50712,1479,871
50713,1479,873
50714,1480,872
50715,1480,872
50716,1480,872
50717,1480,873
50718,1480,872
50719,1480,872
50720,1479,873
50721,1479,871
50722,1480,871
50723,1479,871
50724,1479,871
50725,1480,871
50726,1480,871
50727,1480,873
50728,1480,871
50729,1480,872
50730,1479,870
50731,1480,872
50732,1480,871
50733,1480,872
50734,1480,871
50735,1480,871
50736,1480,871
50737,1479,872
50738,1480,872
50739,1479,872
50740,1480,873
50741,1480,872
50742,1480,872
50743,1479,872
50744,1480,872
50745,1480,871
50746,1482,872
50747,1480,871
50748,1480,872
50749,1480,873
50750,1480,873
50751,1480,871
50752,1480,872
50753,1480,873
50754,1480,871
50755,1482,871
50756,1480,871
50757,1480,873
50758,1480,871
50759,1480,873
50760,1480,871
50761,1480,871
50762,1480,871
50763,1480,873
50764,1480,872
50765,1480,873
50766,1479,873
50767,1480,870
50768,1480,872
50769,1479,872
50770,1480,871
50771,1478,872
50772,1479,873
50773,1479,873
50774,1479,873
50775,1482,871
50776,1480,871
50777,1480,873
50778,1480,872
50779,1480,872
50780,1479,872
50781,1480,872
50782,1480,871
50783,1479,871
50784,1480,873
50785,1479,873
50786,1480,873
50787,1480,871
50788,1479,875
50789,1480,871
50790,1479,870
50791,1479,871
50792,1480,871
50793,1480,871
50794,1480,871
50795,1479,871
50796,1479,871
50797,1480,869
50798,1480,871
50799,1480,871
50800,1481,871
50801,1481,873
50802,1480,872
50803,1480,872
50804,1481,874
50805,1480,872
50806,1480,873
50807,1479,873
50808,1478,871
50809,1479,872
50810,1480,871
50811,1480,871
50812,1479,872
50813,1479,871
50814,1479,871
50815,1479,871
50816,1480,872
50817,1479,872
50818,1481,871
50819,1480,872
50820,1479,872
50821,1480,873
50822,1480,873
50823,1480,871
50824,1480,871
50825,1481,871
50826,1478,873
50827,1479,872
50828,1479,871
50829,1480,871
50830,1479,871
50831,1480,871
50832,1479,871
50833,1480,870
50834,1478,871
50835,1479,871
50836,1480,872
50837,1480,872
50838,1480,871
50839,1480,873
50840,1479,872
50841,1478,873
50842,1479,871
50843,1479,871
50844,1480,872
50845,1479,872
50846,1480,871
50847,1480,873
50848,1479,873
50849,1480,871
50850,1480,871
50851,1480,871
50852,1480,871
50853,1480,871
50854,1479,871
50855,1479,872
50856,1479,873
50857,1480,871
50858,1480,873
50859,1480,870
50860,1480,871
50861,1480,872
50862,1480,871
50863,1480,872
50864,1480,871
50865,1480,873
50866,1479,873
50867,1479,871
50868,1480,871
50869,1479,872
50870,1480,871
50871,1479,872
50872,1480,872
50873,1479,871
50874,1480,871
50875,1479,871
50876,1480,871
50877,1479,871
50878,1480,871
50879,1480,871
50880,1480,871
50881,1480,871
50882,1480,872
50883,1479,873
50884,1480,873
50885,1480,872
50886,1480,871
50887,1480,871
50888,1480,871
50889,1479,870
50890,1478,871
50891,1480,871
50892,1479,871
50893,1479,871
50894,1481,871
50895,1479,871
50896,1479,869
50897,1480,872
50898,1480,872
50899,1480,872
50900,1480,871
50901,1479,873
50902,1481,872
50903,1480,871
50904,1480,872
50905,1479,872
50906,1479,872
50907,1478,873
50908,1479,871
50909,1480,871
50910,1480,871
50911,1480,871
50912,1479,871
50913,1479,872
50914,1479,871
50915,1480,872
50916,1480,871
50917,1480,873
50918,1480,871
50919,1480,872
50920,1480,872
50921,1480,872
50922,1482,872
50923,1480,872
50924,1480,873
50925,1480,873
50926,1479,872
50927,1479,871
50928,1480,873
50929,1479,873
50930,1480,873
50931,1480,872
50932,1480,871
50933,1480,873
50934,1480,872
50935,1480,871
50936,1480,869
50937,1480,871
50938,1480,872
50939,1480,870
50940,1479,874
50941,1481,873
50942,1480,872
50943,1480,872
50944,1480,872
50945,1480,873
50946,1480,871
50947,1480,872
50948,1480,872
50949,1480,873
50950,1480,872
50951,1481,873
50952,1479,872
50953,1480,872
50954,1480,872
50955,1480,873
50956,1480,871
50957,1480,873
50958,1480,874
50959,1480,873
50960,1480,871
50961,1479,871
50962,1480,872
50963,1480,872
50964,1480,871
50965,1479,873
50966,1478,871
50967,1479,872
50968,1479,871
50969,1479,872
50970,1480,872
50971,1480,872
50972,1479,873
50973,1479,872
50974,1480,873
50975,1479,872
50976,1480,872
50977,1479,872
50978,1479,873
50979,1479,873
50980,1478,873
50981,1480,871
50982,1481,871
50983,1480,872
50984,1479,873
50985,1480,872
50986,1479,872
50987,1480,873
50988,1480,873
50989,1479,871
50990,1480,871
50991,1480,871
50992,1480,872
50993,1480,872
50994,1480,871
50995,1479,871
50996,1479,871
50997,1480,871
50998,1479,872
50999,1480,871
51000,1480,871
51001,1480,873
51002,1480,875
51003,1480,873
51004,1480,872
51005,1479,873
51006,1480,872
51007,1479,873
51008,1479,873
51009,1480,871
51010,1479,872
51011,1480,873
51012,1480,873
51013,1479,873
51014,1480,874
51015,1478,873
51016,1480,872
51017,1478,873
51018,1479,873
51019,1480,873
51020,1480,871
51021,1479,873
51022,1480,872
51023,1480,873
51024,1480,871
51025,1480,871
51026,1479,871
51027,1478,873
51028,1480,873
51029,1479,873
51030,1478,873
51031,1480,870
51032,1479,871
51033,1480,871
51034,1479,871
51035,1480,871
51036,1480,871
51037,1479,871
51038,1480,871
51039,1479,872
51040,1481,872
51041,1480,871
51042,1479,873
51043,1479,872
51044,1478,873
51045,1478,873
51046,1480,873
51047,1479,873
51048,1480,873
51049,1479,873
51050,1480,873
51051,1478,873
51052,1480,873
51053,1480,872
51054,1480,872
51055,1479,873
51056,1478,873
51057,1478,871
51058,1480,871
51059,1480,872
51060,1479,872
51061,1478,873
51062,1480,872
51063,1480,872
51064,1480,873
51065,1479,871
51066,1478,873
51067,1479,872
51068,1479,872
51069,1479,873
51070,1479,873
51071,1479,872
51072,1480,872
51073,1480,871
51074,1480,872
51075,1480,875
51076,1480,871
51077,1479,871
51078,1479,871
51079,1480,871
51080,1479,872
51081,1480,871
51082,1479,871
51083,1479,871
51084,1480,871
51085,1480,871
51086,1480,871
51087,1479,871
51088,1480,872
51089,1480,873
51090,1480,871
51091,1480,872
51092,1480,871
51093,1482,873
51094,1480,873
51095,1480,871
51096,1480,873
51097,1480,872
51098,1480,872
51099,1480,873
51100,1479,872
51101,1480,872
51102,1480,873
51103,1480,871
51104,1480,871
51105,1480,873
51106,1480,873
51107,1480,872
51108,1480,873
51109,1480,873
51110,1479,873
51111,1479,872
51112,1479,872
51113,1480,871
51114,1480,873
51115,1480,872
51116,1480,872
51117,1480,872
51118,1480,872
51119,1480,871
51120,1479,872
51121,1480,873
51122,1480,871
51123,1480,872
51124,1480,872
51125,1480,872
51126,1480,873
51127,1480,872
51128,1480,872
51129,1480,872
51130,1479,872
51131,1480,871
51132,1480,873
51133,1480,873
51134,1479,873
51135,1480,873
51136,1479,873
51137,1479,872
51138,1479,872
51139,1479,872
51140,1480,873
51141,1480,873
51142,1480,871
51143,1480,872
51144,1480,872
51145,1480,873
51146,1480,871
51147,1480,872
51148,1480,871
51149,1480,873
51150,1479,871
51151,1478,872
51152,1480,871
51153,1478,871
51154,1480,873
51155,1480,872
51156,1478,871
51157,1478,873
51158,1479,872
51159,1480,873
51160,1480,872
51161,1479,875
51162,1480,873
51163,1479,873
51164,1479,873
51165,1480,872
51166,1479,873
51167,1479,872
51168,1478,872
51169,1480,872
51170,1480,872
51171,1480,871
51172,1480,872
51173,1479,872
51174,1478,873
51175,1480,873
51176,1479,871
51177,1479,871
51178,1479,871
51179,1479,871
51180,1479,871
51181,1480,872
51182,1479,872
51183,1482,871
51184,1479,871
51185,1480,871
51186,1481,871
51187,1479,871
51188,1479,873
51189,1479,872
51190,1489,871
51191,1479,909
51192,1480,871
51193,1480,871
51194,1479,871
51195,1479,871
51196,1480,871
51197,1480,872
51198,1479,871
51199,1480,871
51200,1480,871
51201,1478,873
51202,1479,873
51203,1480,872
51204,1480,872
51205,1480,873
51206,1479,873
51207,1480,873
51208,1479,874
51209,1479,873
51210,1480,872
51211,1478,872
51212,1480,871
51213,1480,873
51214,1480,873
51215,1479,873
51216,1480,872
51217,1479,874
51218,1479,873
51219,1479,873
51220,1480,873
51221,1480,872
51222,1480,873
51223,1480,873
51224,1479,873
51225,1480,873
51226,1481,873
51227,1480,873
51228,1478,873
51229,1480,873
51230,1480,873
51231,1480,873
51232,1479,871
51233,1480,872
51234,1479,872
51235,1480,872
51236,1480,873
51237,1479,872
51238,1480,872
51239,1480,870
51240,1480,871
51241,1480,871
51242,1480,873
51243,1481,873
51244,1480,872
51245,1480,872
51246,1480,871
51247,1480,873
51248,1479,872
51249,1480,873
51250,1480,873
51251,1478,872
51252,1480,873
51253,1479,873
51254,1480,871
51255,1480,871
51256,1480,873
51257,1480,872
51258,1480,872
51259,1480,871
51260,1480,871
51261,1480,872
51262,1479,873
51263,1480,873
51264,1480,871
51265,1480,871
51266,1480,873
51267,1480,872
51268,1480,871
51269,1480,872
51270,1480,871
51271,1479,871
51272,1482,871
51273,1480,872
51274,1480,873
51275,1480,874
51276,1480,872
51277,1478,873
51278,1480,872
51279,1480,872
51280,1480,871
51281,1479,873
51282,1480,872
51283,1481,871
51284,1480,872
51285,1480,872
51286,1480,873
51287,1481,872
51288,1480,872
51289,1480,871
51290,1481,871
51291,1481,871
51292,1480,871
51293,1480,873
51294,1480,871
51295,1480,871
51296,1479,872
51297,1480,871
51298,1479,872
51299,1480,872
51300,1480,869
51301,1480,873
51302,1480,871
51303,1479,873
51304,1480,873
51305,1480,872
51306,1480,873
51307,1480,873
51308,1480,872
51309,1482,871
51310,1480,873
51311,1480,871
51312,1480,872
51313,1480,871
51314,1480,872
51315,1480,872
51316,1480,871
51317,1480,872
51318,1480,871
51319,1480,870
51320,1480,873
51321,1480,873
51322,1480,871
51323,1480,871
51324,1480,873
51325,1480,871
51326,1480,872
51327,1479,873
51328,1480,872
51329,1480,871
51330,1480,872
51331,1480,873
51332,1480,871
51333,1479,872
51334,1480,873
51335,1480,873
51336,1480,871
51337,1479,872
51338,1480,871
51339,1480,873
51340,1480,872
51341,1480,871
51342,1479,871
51343,1480,873
51344,1480,873
51345,1480,873
51346,1480,872
51347,1479,872
51348,1481,872
51349,1480,873
51350,1479,872
51351,1479,871
51352,1479,873
51353,1480,873
51354,1480,872
51355,1480,871
51356,1479,873
51357,1480,872
51358,1479,871
51359,1480,872
51360,1480,872
51361,1480,873
51362,1479,872
51363,1482,871
51364,1480,873
51365,1480,871
51366,1480,857
51367,1482,871
51368,1480,887
51369,1480,873
51370,1479,869
51371,1479,856
51372,1480,878
51373,1480,861
51374,1479,871
51375,1479,872
51376,1479,874
51377,1480,871
51378,1480,873
51379,1480,871
51380,1480,871
51381,1480,872
51382,1479,872
51383,1480,871
51384,1480,873
51385,1480,873
51386,1480,872
51387,1479,871
51388,1480,873
51389,1479,871
51390,1479,871
51391,1479,871
51392,1480,871
51393,1480,872
51394,1480,872
51395,1479,872
51396,1480,870
51397,1480,871
51398,1480,871
51399,1480,871
51400,1479,871
51401,1480,873
51402,1479,873
51403,1479,871
51404,1479,873
51405,1480,873
51406,1480,872
51407,1480,872
51408,1479,872
51409,1479,871
51410,1480,871
51411,1480,874
51412,1479,873
51413,1480,873
51414,1480,870
51415,1480,872
51416,1480,872
51417,1480,871
51418,1480,873
51419,1480,872
51420,1481,873
51421,1480,873
51422,1480,872
51423,1480,873
51424,1480,873
51425,1480,872
51426,1479,871
51427,1480,872
51428,1480,873
51429,1480,871
51430,1479,872
51431,1480,873
51432,1480,871
51433,1480,873
51434,1480,872
51435,1481,871
51436,1480,872
51437,1479,871
51438,1480,872
51439,1478,873
51440,1480,873
51441,1480,872
51442,1479,873
51443,1480,873
51444,1479,871
51445,1480,872
51446,1480,872
51447,1479,871
51448,1480,873
51449,1479,873
51450,1482,873
51451,1479,871
51452,1479,873
51453,1480,875
51454,1479,872
51455,1480,873
51456,1480,873
51457,1480,872
51458,1479,871
51459,1480,872
51460,1480,871
51461,1480,871
51462,1480,872
51463,1480,871
51464,1479,871
51465,1480,870
51466,1479,872
51467,1479,871
51468,1479,873
51469,1480,873
51470,1479,872
51471,1480,873
51472,1480,871
51473,1479,872
51474,1480,872
51475,1480,873
51476,1480,874
51477,1480,872
51478,1480,873
51479,1480,871
51480,1479,872
51481,1480,873
51482,1480,873
51483,1480,873
51484,1480,872
51485,1480,873
51486,1479,871
51487,1480,873
51488,1480,872
51489,1480,871
51490,1480,869
51491,1479,871
51492,1479,871
51493,1480,870
51494,1480,872
51495,1480,871
51496,1480,871
51497,1480,871
51498,1479,870
51499,1479,871
51500,1480,873
51501,1480,871
51502,1480,872
51503,1482,871
51504,1480,872
51505,1480,871
51506,1480,871
51507,1478,872
51508,1479,873
51509,1479,873
51510,1479,872
51511,1480,872
51512,1480,872
51513,1480,871
51514,1480,871
51515,1480,872
51516,1478,871
51517,1479,871
51518,1480,871
51519,1480,872
51520,1480,873
51521,1480,871
51522,1479,871
51523,1480,871
51524,1479,873
51525,1480,872
51526,1480,871
51527,1480,873
51528,1481,871
51529,1480,871
51530,1480,872
51531,1480,871
51532,1480,871
51533,1480,871
51534,1479,871
51535,1480,871
51536,1478,871
51537,1480,866
51538,1480,872
51539,1480,871
51540,1480,872
51541,1480,872
51542,1480,871
51543,1480,873
51544,1480,873
51545,1480,873
51546,1480,871
51547,1481,872
51548,1478,872
51549,1480,871
51550,1480,871
51551,1480,871
51552,1480,872
51553,1480,872
51554,1480,872
51555,1480,873
51556,1480,871
51557,1480,872
51558,1480,872
51559,1480,871
51560,1479,872
51561,1480,872
51562,1479,873
51563,1480,872
51564,1480,872
51565,1480,871
51566,1480,871
51567,1479,871
51568,1479,872
51569,1478,871
51570,1480,871
51571,1479,873
51572,1480,872
51573,1480,871
51574,1480,871
51575,1480,873
51576,1482,871
51577,1480,871
51578,1482,869
51579,1480,871
51580,1480,871
51581,1480,871
51582,1482,870
51583,1480,871
51584,1480,872
51585,1479,871
51586,1480,872
51587,1480,871
51588,1480,873
51589,1480,871
51590,1481,871
51591,1480,873
51592,1480,871
51593,1480,873
51594,1479,873
51595,1480,871
51596,1479,871
51597,1480,871
51598,1480,873
51599,1480,871
51600,1479,872
51601,1480,871
51602,1480,872
51603,1480,871
51604,1480,873
51605,1480,871
51606,1479,873
51607,1479,872
51608,1479,873
51609,1480,872
51610,1480,873
51611,1480,873
51612,1479,873
51613,1479,871
51614,1480,873
51615,1480,872
51616,1480,873
51617,1480,872
51618,1480,872
51619,1480,874
51620,1479,873
51621,1479,871
51622,1480,872
51623,1480,873
51624,1480,873
51625,1480,873
51626,1480,873
51627,1480,871
51628,1479,871
51629,1480,872
51630,1480,871
51631,1480,873
51632,1479,873
51633,1480,871
51634,1479,872
51635,1480,873
51636,1480,874
51637,1480,872
51638,1480,873
51639,1480,873
51640,1480,872
51641,1480,873
51642,1480,872
51643,1481,872
51644,1480,872
51645,1480,871
51646,1480,873
51647,1480,871
51648,1481,872
51649,1480,872
51650,1480,873
51651,1480,872
51652,1480,871
51653,1480,872
51654,1480,873
51655,1480,873
51656,1481,873
51657,1479,871
51658,1480,873
51659,1480,872
51660,1479,872
51661,1479,871
51662,1480,872
51663,1480,871
51664,1480,872
51665,1480,871
51666,1480,872
51667,1480,872
51668,1480,871
51669,1482,872
51670,1480,872
51671,1480,871
51672,1479,873
51673,1481,872
51674,1480,872
51675,1480,875
51676,1480,871
51677,1480,871
51678,1478,871
51679,1480,871
51680,1480,871
51681,1479,870
51682,1479,871
51683,1480,870
51684,1480,871
51685,1480,872
51686,1479,871
51687,1479,871
51688,1479,873
51689,1479,872
51690,1480,871
51691,1479,871
51692,1480,871
51693,1480,873
51694,1481,871
51695,1481,871
51696,1481,871
51697,1480,871
51698,1480,871
51699,1480,871
51700,1481,871
51701,1480,871
51702,1480,872
51703,1480,871
51704,1480,872
51705,1480,871
51706,1480,873
51707,1480,872
51708,1478,872
51709,1480,872
51710,1480,873
51711,1480,873
51712,1480,872
51713,1480,873
51714,1480,873
51715,1480,871
51716,1480,871
51717,1480,872
51718,1480,871
51719,1480,873
51720,1480,871
51721,1480,872
51722,1480,872
51723,1479,873
51724,1480,871
51725,1480,872
51726,1480,873
51727,1480,873
51728,1480,871
51729,1480,871
51730,1480,872
51731,1480,875
51732,1480,873
51733,1480,871
51734,1480,872
51735,1480,871
51736,1480,871
51737,1480,872
51738,1480,872
51739,1480,872
51740,1480,872
51741,1480,871
51742,1480,873
51743,1481,872
51744,1480,873
51745,1481,872
51746,1480,871
51747,1480,872
51748,1480,872
51749,1480,873
51750,1480,873
51751,1482,873
51752,1480,871
51753,1482,872
51754,1480,872
51755,1482,873
51756,1480,871
51757,1480,871
51758,1480,871
51759,1480,871
51760,1480,872
51761,1479,873
51762,1480,873
51763,1480,871
51764,1480,872
51765,1480,872
51766,1480,871
51767,1479,872
51768,1480,871
51769,1480,873
51770,1480,873
51771,1482,872
51772,1480,871
51773,1480,873
51774,1480,871
51775,1481,871
51776,1480,871
51777,1480,872
51778,1482,871
51779,1481,872
51780,1480,872
51781,1480,871
51782,1480,873
51783,1480,871
51784,1480,873
51785,1481,873
51786,1480,872
51787,1480,871
51788,1480,872
51789,1480,871
51790,1479,871
51791,1482,871
51792,1479,871
51793,1479,871
51794,1480,871
51795,1480,871
51796,1479,872
51797,1480,869
51798,1480,871
51799,1480,871
51800,1480,870
51801,1480,873
51802,1480,873
51803,1480,873
51804,1480,873
51805,1480,871
51806,1479,872
51807,1480,871
51808,1480,871
51809,1480,871
51810,1480,873
51811,1479,872
51812,1480,871
51813,1480,872
51814,1479,872
51815,1480,871
51816,1480,872
51817,1479,871
51818,1480,869
51819,1480,872
51820,1480,873
51821,1479,873
51822,1480,873
51823,1478,873
51824,1481,872
51825,1479,872
51826,1479,873
51827,1479,873
51828,1480,872
51829,1480,873
51830,1480,873
51831,1480,871
51832,1481,873
51833,1480,871
51834,1480,873
51835,1480,872
51836,1480,873
51837,1480,871
51838,1480,871
51839,1480,873
51840,1480,874
51841,1480,871
51842,1480,873
51843,1480,873
51844,1480,871
51845,1480,872
51846,1478,871
51847,1480,872
51848,1479,873
51849,1480,873
51850,1479,873
51851,1479,872
51852,1480,871
51853,1480,872
51854,1480,873
51855,1480,872
51856,1480,873
51857,1480,872
51858,1480,872
51859,1478,872
51860,1481,871
51861,1480,873
51862,1480,872
51863,1480,873
51864,1480,873
51865,1480,873
51866,1480,872
51867,1480,873
51868,1480,871
51869,1480,871
51870,1480,871
51871,1480,873
51872,1480,872
51873,1478,873
51874,1479,872
51875,1480,872
51876,1480,872
51877,1480,873
51878,1480,874
51879,1480,871
51880,1482,871
51881,1480,871
51882,1480,872
51883,1480,873
51884,1480,872
51885,1480,869
51886,1479,872
51887,1480,871
51888,1480,873
51889,1480,871
51890,1480,871
51891,1481,871
51892,1480,871
51893,1480,871
51894,1479,871
51895,1480,871
51896,1480,871
51897,1480,871
51898,1480,871
51899,1480,869
51900,1479,871
51901,1480,873
51902,1480,871
51903,1480,873
51904,1480,872
51905,1480,872
51906,1480,873
51907,1480,872
51908,1480,872
51909,1480,873
51910,1480,872
51911,1479,871
51912,1480,871
51913,1480,871
51914,1480,871
51915,1480,872
51916,1480,871
51917,1480,872
51918,1479,873
51919,1480,871
51920,1480,869
51921,1481,872
51922,1480,871
51923,1480,872
51924,1480,872
51925,1482,873
51926,1480,872
51927,1480,873
51928,1480,871
51929,1481,871
51930,1480,872
51931,1479,872
51932,1480,871
51933,1480,872
51934,1480,872
51935,1480,871
51936,1480,872
51937,1480,872
51938,1479,871
51939,1480,871
51940,1480,873
51941,1479,873
51942,1479,871
51943,1480,871
51944,1480,871
51945,1480,872
51946,1479,872
51947,1480,871
51948,1480,872
51949,1480,871
51950,1480,871
51951,1482,872
51952,1480,871
51953,1480,874
51954,1480,871
51955,1480,872
51956,1479,872
51957,1480,871
51958,1480,873
51959,1480,871
51960,1480,872
51961,1480,871
51962,1480,872
51963,1480,872
51964,1480,872
51965,1480,873
51966,1480,871
51967,1480,872
51968,1480,873
51969,1480,873
51970,1480,871
51971,1479,872
51972,1479,873
51973,1480,872
51974,1480,872
51975,1480,871
51976,1480,872
51977,1481,872
51978,1480,872
51979,1480,873
51980,1479,871
51981,1480,873
51982,1480,871
51983,1479,873
51984,1480,873
51985,1480,873
51986,1480,872
51987,1480,872
51988,1480,872
51989,1479,873
51990,1479,872
51991,1479,871
51992,1480,871
51993,1480,871
51994,1479,871
51995,1481,871
51996,1481,871
51997,1480,871
51998,1480,871
51999,1479,871
52000,1479,873
52001,1480,873
52002,1480,871
52003,1480,871
52004,1479,873
52005,1479,872
52006,1479,873
52007,1480,871
52008,1480,871
52009,1479,871
52010,1479,871
52011,1479,871
52012,1479,871
52013,1481,871
52014,1480,872
52015,1480,873
52016,1479,872
52017,1479,873
52018,1480,873
52019,1480,873
52020,1479,873
52021,1479,872
52022,1480,871
52023,1480,873
52024,1480,872
52025,1480,871
52026,1480,873
52027,1479,872
52028,1480,872
52029,1480,873
52030,1480,871
52031,1479,871
52032,1479,871
52033,1479,871
52034,1480,871
52035,1480,871
52036,1480,872
52037,1479,870
52038,1482,871
52039,1480,872
52040,1480,871
52041,1479,871
52042,1480,875
52043,1479,871
52044,1479,872
52045,1480,872
52046,1479,871
52047,1480,873
52048,1479,872
52049,1480,873
52050,1480,872
52051,1480,872
52052,1481,871
52053,1478,873
52054,1479,873
52055,1480,873
52056,1481,872
52057,1479,871
52058,1479,871
52059,1480,873
52060,1479,871
52061,1479,873
52062,1480,873
52063,1480,871
52064,1480,873
52065,1480,873
52066,1478,873
52067,1479,873
52068,1480,872
52069,1480,873
52070,1478,872
52071,1480,872
52072,1480,873
52073,1480,872
52074,1480,873
52075,1479,873
52076,1480,871
52077,1479,871
52078,1480,872
52079,1480,870
52080,1480,871
52081,1479,871
52082,1480,871
52083,1480,871
52084,1480,871
52085,1479,871
52086,1479,871
52087,1479,872
52088,1478,873
52089,1479,873
52090,1479,873
52091,1479,872
52092,1480,871
52093,1479,871
52094,1480,875
52095,1480,872
52096,1480,873
52097,1479,872
52098,1479,872
52099,1479,871
52100,1480,871
52101,1480,873
52102,1480,872
52103,1478,871
52104,1480,873
52105,1480,872
52106,1479,872
52107,1480,872
52108,1480,873
52109,1480,872
52110,1480,872
52111,1480,872
52112,1480,871
52113,1479,873
52114,1480,873
52115,1480,872
52116,1480,872
52117,1480,872
52118,1480,873
52119,1480,873
52120,1480,871
52121,1479,872
52122,1479,873
52123,1479,873
52124,1480,873
52125,1479,872
52126,1480,871
52127,1480,871
52128,1479,872
52129,1480,873
52130,1479,873
52131,1479,873
52132,1479,872
52133,1480,872
52134,1480,873
52135,1480,871
52136,1479,871
52137,1480,872
52138,1480,871
52139,1480,872
52140,1481,871
52141,1480,871
52142,1479,873
52143,1479,871
52144,1480,871
52145,1480,871
52146,1479,873
52147,1479,871
52148,1480,872
52149,1480,872
52150,1480,872
52151,1479,873
52152,1480,873
52153,1479,872
52154,1479,871
52155,1479,871
52156,1479,874
52157,1480,872
52158,1480,871
52159,1480,872
52160,1480,872
52161,1479,871
52162,1480,873
52163,1480,872
52164,1480,871
52165,1481,871
52166,1480,872
52167,1480,872
52168,1478,871
52169,1480,871
52170,1480,871
52171,1480,873
52172,1480,871
52173,1479,872
52174,1479,872
52175,1480,873
52176,1480,871
52177,1480,871
52178,1479,871
52179,1479,871
52180,1479,872
52181,1480,872
52182,1480,871
52183,1480,871
52184,1479,871
52185,1479,871
52186,1480,872
52187,1479,871
52188,1480,871
52189,1480,871
52190,1480,871
52191,1480,871
52192,1480,871
52193,1480,871
52194,1480,871
52195,1481,871
52196,1480,869
52197,1480,874
52198,1481,871
52199,1479,871
52200,1481,871
52201,1480,871
52202,1481,871
52203,1481,872
52204,1480,872
52205,1480,873
52206,1480,873
52207,1480,873
52208,1480,871
52209,1480,873
52210,1479,873
52211,1480,872
52212,1480,872
52213,1480,873
52214,1479,872
52215,1478,871
52216,1480,873
52217,1480,872
52218,1480,872
52219,1480,871
52220,1480,871
52221,1480,872
52222,1480,873
52223,1480,873
52224,1479,871
52225,1480,873
52226,1480,872
52227,1480,872
52228,1480,872
52229,1480,872
52230,1480,874
52231,1480,871
52232,1479,872
52233,1480,871
52234,1480,874
52235,1480,870
52236,1482,871
52237,1480,872
52238,1481,871
52239,1479,871
52240,1480,872
52241,1480,871
52242,1480,872
52243,1480,872
52244,1480,873
52245,1480,872
52246,1480,871
52247,1479,873
52248,1480,871
52249,1480,872
52250,1480,873
52251,1480,873
52252,1480,872
52253,1480,872
52254,1482,873
52255,1480,872
52256,1479,873
52257,1480,873
52258,1479,873
52259,1479,871
52260,1479,872
52261,1480,873
52262,1480,873
52263,1480,871
52264,1480,873
52265,1479,873
52266,1480,873
52267,1479,873
52268,1480,872
52269,1480,871
52270,1479,871
52271,1479,871
52272,1480,873
52273,1480,871
52274,1479,871
52275,1479,871
52276,1482,871
52277,1479,873
52278,1480,873
52279,1480,871
52280,1480,872
52281,1480,872
52282,1480,873
52283,1480,873
52284,1480,872
52285,1480,873
52286,1480,871
52287,1481,873
52288,1479,873
52289,1480,871
52290,1480,871
52291,1480,871
52292,1480,871
52293,1482,871
52294,1479,871
52295,1480,871
52296,1480,871
52297,1480,871
52298,1480,870
52299,1480,871
52300,1481,872
52301,1480,873
52302,1480,873
52303,1479,872
52304,1480,873
52305,1480,870
52306,1480,872
52307,1480,873
52308,1480,872
52309,1479,873
52310,1479,869
52311,1480,873
52312,1480,873
52313,1480,873
52314,1479,873
52315,1479,873
52316,1480,873
52317,1480,871
52318,1480,873
52319,1480,873
52320,1480,873
52321,1479,871
52322,1480,871
52323,1480,872
52324,1481,872
52325,1479,873
52326,1480,872
52327,1479,872
52328,1480,871
52329,1480,873
52330,1480,871
52331,1481,873
52332,1480,872
52333,1480,871
52334,1480,872
52335,1480,873
52336,1480,871
52337,1480,871
52338,1480,873
52339,1479,873
52340,1480,872
52341,1480,872
52342,1480,873
52343,1480,873
52344,1480,873
52345,1479,872
52346,1480,871
52347,1480,871
52348,1479,871
52349,1480,872
52350,1481,873
52351,1480,871
52352,1480,873
52353,1480,872
52354,1480,873
52355,1479,873
52356,1479,872
52357,1480,871
52358,1479,873
52359,1479,871
52360,1480,872
52361,1481,872
52362,1480,871
52363,1479,872
52364,1479,871
52365,1480,873
52366,1480,872
52367,1479,873
52368,1480,874
52369,1480,871
52370,1479,873
52371,1480,872
52372,1479,871
52373,1479,871
52374,1479,873
52375,1479,871
52376,1479,873
52377,1480,871
52378,1480,872
52379,1480,873
52380,1480,873
52381,1480,872
52382,1480,873
52383,1480,872
52384,1481,873
52385,1480,871
52386,1480,871
52387,1480,873
52388,1480,873
52389,1480,871
52390,1480,871
52391,1480,871
52392,1480,871
52393,1479,873
52394,1480,872
52395,1480,871
52396,1480,871
52397,1479,871
52398,1479,871
52399,1480,871
52400,1480,871
52401,1479,872
52402,1479,873
52403,1479,871
52404,1482,872
52405,1479,873
52406,1479,871
52407,1480,873
52408,1479,873
52409,1480,872
52410,1480,871
52411,1479,871
52412,1479,871
52413,1481,871
52414,1480,870
52415,1480,871
52416,1479,871
52417,1479,872
52418,1479,873
52419,1478,875
52420,1480,873
52421,1479,873
52422,1480,872
52423,1480,872
52424,1479,871
52425,1480,873
52426,1479,872
52427,1480,871
52428,1478,871
52429,1480,873
52430,1479,873
52431,1479,871
52432,1479,872
52433,1479,872
52434,1479,871
52435,1480,873
52436,1479,872
52437,1479,872
52438,1480,872
52439,1482,871
52440,1479,871
52441,1480,873
52442,1480,871
52443,1479,872
52444,1480,870
52445,1480,871
52446,1481,871
52447,1479,873
52448,1479,873
52449,1480,871
52450,1480,871
52451,1480,873
52452,1481,871
52453,1480,872
52454,1480,873
52455,1479,873
52456,1480,872
52457,1480,873
52458,1480,873
52459,1481,871
52460,1480,873
52461,1480,872
52462,1480,872
52463,1480,871
52464,1480,872
52465,1479,872
52466,1480,871
52467,1480,872
52468,1480,871
52469,1479,871
52470,1480,871
52471,1480,871
52472,1480,872
52473,1480,871
52474,1480,873
52475,1480,871
52476,1480,873
52477,1480,872
52478,1479,871
52479,1480,872
52480,1481,873
52481,1479,871
52482,1480,871
52483,1479,871
52484,1480,872
52485,1480,873
52486,1480,872
52487,1480,872
52488,1481,871
52489,1481,871
52490,1480,871
52491,1479,869
52492,1480,873
52493,1480,869
52494,1480,872
52495,1480,871
52496,1479,870
52497,1479,871
52498,1480,871
52499,1479,871
52500,1480,873
52501,1480,874
52502,1480,871
52503,1480,872
52504,1480,873
52505,1479,873
52506,1479,873
52507,1480,873
52508,1480,873
52509,1480,873
52510,1480,873
52511,1479,873
52512,1480,872
52513,1479,872
52514,1479,872
52515,1480,873
52516,1480,872
52517,1480,872
52518,1480,872
52519,1478,873
52520,1480,871
52521,1479,871
52522,1479,872
52523,1479,873
52524,1479,873
52525,1480,872
52526,1479,872
52527,1480,872
52528,1479,872
52529,1480,873
52530,1479,873
52531,1480,871
52532,1480,871
52533,1480,871
52534,1479,871
52535,1480,871
52536,1479,871
52537,1481,872
52538,1479,871
52539,1480,871
52540,1480,871
52541,1479,871
52542,1479,871
52543,1479,873
52544,1479,871
52545,1480,873
52546,1480,872
52547,1480,873
52548,1479,871
52549,1478,872
52550,1480,872
52551,1480,871
52552,1480,872
52553,1479,873
52554,1479,873
52555,1480,873
52556,1480,872
52557,1480,871
52558,1478,873
52559,1479,873
52560,1480,873
52561,1479,871
52562,1479,872
52563,1480,872
52564,1479,871
52565,1480,871
52566,1478,872
52567,1480,873
52568,1480,872
52569,1479,873
52570,1480,873
52571,1480,873
52572,1479,873
52573,1480,872
52574,1480,872
52575,1481,873
52576,1479,871
52577,1480,872
52578,1479,871
52579,1481,871
52580,1480,872
52581,1480,871
52582,1479,871
52583,1479,872
52584,1480,871
52585,1480,871
52586,1480,871
52587,1480,871
52588,1479,871
52589,1478,873
52590,1480,873
52591,1480,871
52592,1480,872
52593,1479,873
52594,1480,873
52595,1480,872
52596,1480,871
52597,1480,873
52598,1480,872
52599,1480,873
52600,1480,873
52601,1480,872
52602,1480,871
52603,1479,874
52604,1479,871
52605,1479,873
52606,1480,873
52607,1480,873
52608,1480,873
52609,1480,873
52610,1480,872
52611,1479,872
52612,1479,873
52613,1480,873
52614,1480,873
52615,1479,873
52616,1479,873
52617,1479,872
52618,1480,872
52619,1479,873
52620,1479,871
52621,1479,871
52622,1480,871
52623,1480,872
52624,1481,873
52625,1479,872
52626,1478,872
52627,1482,873
52628,1480,874
52629,1480,871
52630,1479,873
52631,1480,871
52632,1480,873
52633,1480,873
52634,1480,872
52635,1479,873
52636,1479,872
52637,1479,871
52638,1480,871
52639,1480,873
52640,1479,872
52641,1480,873
52642,1479,872
52643,1480,872
52644,1480,873
52645,1479,872
52646,1480,871
52647,1479,872
52648,1481,872
52649,1480,873
52650,1480,873
52651,1479,871
52652,1480,871
52653,1480,872
52654,1479,873
52655,1480,871
52656,1480,871
52657,1480,871
52658,1479,872
52659,1479,871
52660,1478,872
52661,1480,875
52662,1480,873
52663,1480,872
52664,1480,873
52665,1479,872
52666,1480,872
52667,1480,872
52668,1481,871
52669,1480,873
52670,1480,872
52671,1479,871
52672,1480,873
52673,1480,872
52674,1480,871
52675,1480,872
52676,1480,871
52677,1482,871
52678,1482,871
52679,1479,871
52680,1480,871
52681,1480,873
52682,1480,870
52683,1479,871
52684,1480,871
52685,1480,871
52686,1479,871
52687,1478,872
52688,1480,873
52689,1480,871
52690,1479,872
52691,1480,873
52692,1480,871
52693,1480,871
52694,1480,871
52695,1479,871
52696,1480,871
52697,1480,871
52698,1479,871
52699,1479,872
52700,1480,871
52701,1479,871
52702,1479,871
52703,1480,871
52704,1480,873
52705,1480,871
52706,1480,873
52707,1480,871
52708,1479,872
52709,1480,872
52710,1480,871
52711,1480,871
52712,1480,872
52713,1481,871
52714,1479,872
52715,1480,871
52716,1480,873
52717,1480,873
52718,1480,871
52719,1479,873
52720,1480,871
52721,1480,871
52722,1480,873
52723,1480,872
52724,1481,871
52725,1480,871
52726,1482,871
52727,1480,873
52728,1480,872
52729,1480,871
52730,1480,872
52731,1480,871
52732,1480,872
52733,1480,871
52734,1480,873
52735,1480,872
52736,1482,873
52737,1480,872
52738,1480,872
52739,1481,871
52740,1481,871
52741,1480,871
52742,1479,872
52743,1480,873
52744,1480,871
52745,1482,873
52746,1480,872
52747,1479,872
52748,1480,873
52749,1481,872
52750,1480,872
52751,1481,873
52752,1480,872
52753,1481,872
52754,1479,872
52755,1480,871
52756,1480,873
52757,1480,871
52758,1480,871
52759,1480,871
52760,1480,872
52761,1480,873
52762,1480,872
52763,1480,873
52764,1480,872
52765,1480,873
52766,1480,872
52767,1480,872
52768,1482,871
52769,1480,873
52770,1478,873
52771,1480,872
52772,1480,872
52773,1479,873
52774,1482,872
52775,1480,871
52776,1480,873
52777,1479,871
52778,1480,871
52779,1480,873
52780,1480,873
52781,1480,871
52782,1480,872
52783,1479,872
52784,1480,871
52785,1480,872
52786,1480,872
52787,1480,873
52788,1480,873
52789,1480,870
52790,1480,871
52791,1480,871
52792,1480,874
52793,1480,871
52794,1480,870
52795,1482,871
52796,1480,871
52797,1480,871
52798,1481,871
52799,1479,871
52800,1482,871
52801,1478,871
52802,1480,873
52803,1480,872
52804,1480,872
52805,1480,873
52806,1479,873
52807,1480,872
52808,1480,871
52809,1481,871
52810,1480,872
52811,1479,873
52812,1480,872
52813,1479,871
52814,1480,871
52815,1480,872
52816,1480,872
52817,1480,871
52818,1480,873
52819,1480,871
52820,1480,873
52821,1480,871
52822,1480,872
52823,1481,871
52824,1480,872
52825,1480,872
52826,1480,871
52827,1480,871
52828,1480,873
52829,1479,871
52830,1479,871
52831,1480,872
52832,1480,872
52833,1480,873
52834,1480,872
52835,1479,873
52836,1480,872
52837,1480,873
52838,1479,873
52839,1479,873
52840,1480,871
52841,1480,872
52842,1480,873
52843,1479,873
52844,1480,871
52845,1480,875
52846,1480,871
52847,1480,872
52848,1479,872
52849,1480,872
52850,1480,873
52851,1479,873
52852,1480,872
52853,1480,872
52854,1480,873
52855,1480,872
52856,1480,872
52857,1480,873
52858,1480,871
52859,1480,872
52860,1479,871
52861,1479,872
52862,1480,872
52863,1480,872
52864,1480,872
52865,1480,873
52866,1479,871
52867,1480,873
52868,1480,871
52869,1480,872
52870,1480,873
52871,1480,873
52872,1480,872
52873,1480,872
52874,1480,873
52875,1482,872
52876,1480,872
52877,1479,872
52878,1479,875
52879,1480,873
52880,1480,873
52881,1480,873
52882,1480,871
52883,1478,871
52884,1480,873
52885,1480,871
52886,1480,873
52887,1480,873
52888,1480,872
52889,1480,871
52890,1481,871
52891,1480,871
52892,1479,871
52893,1480,871
52894,1479,872
52895,1480,871
52896,1480,870
52897,1481,871
52898,1479,872
52899,1479,871
52900,1480,871
52901,1480,871
52902,1480,871
52903,1480,873
52904,1480,872
52905,1479,871
52906,1478,871
52907,1479,872
52908,1482,871
52909,1480,873
52910,1480,873
52911,1480,873
52912,1480,871
52913,1480,871
52914,1480,874
52915,1478,871
52916,1479,871
52917,1480,872
52918,1479,873
52919,1479,874
52920,1481,872
52921,1480,872
52922,1480,872
52923,1480,873
52924,1479,871
52925,1480,873
52926,1481,872
52927,1479,873
52928,1480,871
52929,1480,873
52930,1479,874
52931,1480,873
52932,1480,873
52933,1480,873
52934,1480,873
52935,1480,872
52936,1480,873
52937,1478,874
52938,1480,873
52939,1480,872
52940,1480,872
52941,1481,872
52942,1480,872
52943,1480,872
52944,1480,872
52945,1480,872
52946,1482,873
52947,1479,873
52948,1479,872
52949,1480,871
52950,1480,873
52951,1479,873
52952,1480,873
52953,1480,873
52954,1479,873
52955,1479,873
52956,1479,873
52957,1479,872
52958,1480,873
52959,1479,873
52960,1480,873
52961,1479,871
52962,1480,873
52963,1479,872
52964,1480,872
52965,1480,872
52966,1480,873
52967,1480,871
52968,1480,872
52969,1479,871
52970,1480,871
52971,1479,872
52972,1480,872
52973,1480,872
52974,1480,871
52975,1479,871
52976,1479,871
52977,1479,872
52978,1479,872
52979,1480,873
52980,1480,872
52981,1478,872
52982,1480,873
52983,1480,872
52984,1479,872
52985,1480,873
52986,1480,871
52987,1480,871
52988,1480,872
52989,1480,871
52990,1480,871
52991,1480,873
52992,1480,871
52993,1479,871
52994,1480,871
52995,1480,871
52996,1479,871
52997,1480,871
52998,1480,871
52999,1480,871
53000,1479,871
53001,1478,873
53002,1480,873
53003,1482,872
53004,1480,872
53005,1478,857
53006,1481,861
53007,1482,859
53008,1479,856
53009,1480,887
53010,1480,848
53011,1479,857
53012,1480,885
53013,1482,885
53014,1477,873
53015,1478,873
53016,1484,873
53017,1478,872
53018,1482,867
53019,1479,855
53020,1480,869
53021,1484,860
53022,1478,863
53023,1480,873
53024,1478,878
53025,1478,863
53026,1481,861
53027,1479,870
53028,1481,873
53029,1481,866
53030,1477,874
53031,1480,887
53032,1480,860
53033,1478,855
53034,1480,871
53035,1480,871
53036,1480,871
53037,1480,871
53038,1480,841
53039,1480,872
53040,1480,871
53041,1480,871
53042,1480,871
53043,1481,870
53044,1480,871
53045,1480,871
53046,1480,872
53047,1481,871
53048,1480,871
53049,1480,871
53050,1480,873
53051,1479,873
53052,1480,871
53053,1480,872
53054,1480,873
53055,1480,873
53056,1480,873
53057,1481,872
53058,1480,871
53059,1480,873
53060,1480,873
53061,1480,873
53062,1480,871
53063,1480,872
53064,1480,872
53065,1480,872
53066,1479,871
53067,1480,873
53068,1480,873
53069,1480,872
53070,1480,873
53071,1480,873
53072,1480,873
53073,1480,872
53074,1480,874
53075,1480,871
53076,1480,871
53077,1480,871
53078,1480,871
53079,1478,871
53080,1480,871
53081,1479,871
53082,1480,872
53083,1479,871
53084,1480,871
53085,1480,871
53086,1480,870
53087,1479,871
53088,1479,873
53089,1479,872
53090,1479,872
53091,1480,872
53092,1480,873
53093,1480,871
53094,1480,873
53095,1480,873
53096,1479,873
53097,1478,872
53098,1479,875
53099,1480,872
53100,1479,872
53101,1482,872
53102,1480,872
53103,1480,871
53104,1480,872
53105,1480,872
53106,1480,871
53107,1480,873
53108,1480,873
53109,1480,873
53110,1480,871
53111,1480,871
53112,1480,873
53113,1479,871
53114,1480,871
53115,1480,872
53116,1480,872
53117,1480,873
53118,1480,872
53119,1480,872
53120,1479,872
53121,1480,872
53122,1480,871
53123,1480,872
53124,1479,873
53125,1481,871
53126,1480,873
53127,1480,871
53128,1480,873
53129,1480,873
53130,1480,872
53131,1482,872
53132,1481,871
53133,1480,872
53134,1480,873
53135,1480,871
53136,1480,872
53137,1480,873
53138,1480,872
53139,1481,872
53140,1480,872
53141,1480,871
53142,1480,872
53143,1480,873
53144,1479,872
53145,1480,873
53146,1480,872
53147,1480,872
53148,1480,873
53149,1481,873
53150,1480,871
53151,1482,872
53152,1479,872
53153,1480,872
53154,1480,871
53155,1480,872
53156,1480,871
53157,1479,873
53158,1480,874
53159,1480,873
53160,1480,873
53161,1480,872
53162,1482,871
53163,1479,873
53164,1479,873
53165,1480,873
53166,1480,873
53167,1479,873
53168,1480,873
53169,1480,871
53170,1480,873
53171,1480,872
53172,1480,873
53173,1480,872
53174,1481,873
53175,1479,873
53176,1480,871
53177,1481,871
53178,1480,872
53179,1479,870
53180,1482,872
53181,1479,871
53182,1479,871
53183,1479,871
53184,1479,871
53185,1480,871
53186,1480,871
53187,1480,871
53188,1480,871
53189,1481,871
53190,1480,870
53191,1481,869
53192,1480,871
53193,1480,873
53194,1480,871
53195,1479,871
53196,1480,871
53197,1480,871
53198,1479,871
53199,1480,871
53200,1479,871
53201,1480,873
53202,1480,871
53203,1480,871
53204,1480,871
53205,1480,871
53206,1479,873
53207,1480,872
53208,1480,871
53209,1478,874
53210,1480,873
53211,1480,870
53212,1480,872
53213,1479,871
53214,1479,872
53215,1480,872
53216,1480,874
53217,1480,872
53218,1480,871
53219,1481,871
53220,1480,871
53221,1480,872
53222,1480,872
53223,1479,872
53224,1480,874
53225,1481,871
53226,1480,873
53227,1480,871
53228,1481,872
53229,1480,871
53230,1480,872
53231,1480,873
53232,1480,871
53233,1478,873
53234,1480,873
53235,1480,871
53236,1480,873
53237,1480,871
53238,1479,872
53239,1481,871
53240,1479,873
53241,1480,873
53242,1480,873
53243,1480,871
53244,1480,873
53245,1480,871
53246,1480,871
53247,1481,872
53248,1480,872
53249,1481,873
53250,1479,871
53251,1480,872
53252,1479,871
53253,1481,873
53254,1480,871
53255,1480,871
53256,1480,871
53257,1479,872
53258,1480,873
53259,1480,873
53260,1480,873
53261,1480,873
53262,1480,871
53263,1480,871
53264,1480,872
53265,1480,872
53266,1480,872
53267,1481,871
53268,1480,871
53269,1480,871
53270,1480,872
53271,1480,872
53272,1479,873
53273,1479,872
53274,1479,873
53275,1479,872
53276,1480,871
53277,1480,873
53278,1481,871
53279,1481,873
53280,1480,871
53281,1480,873
53282,1480,871
53283,1480,871
53284,1482,871
53285,1480,872
53286,1480,872
53287,1480,872
53288,1479,873
53289,1480,871
53290,1480,871
53291,1480,871
53292,1481,871
53293,1480,871
53294,1481,870
53295,1480,872
53296,1480,871
53297,1480,871
53298,1480,871
53299,1479,871
53300,1481,871
53301,1481,872
53302,1480,873
53303,1482,872
53304,1481,873
53305,1480,871
53306,1480,873
53307,1480,871
53308,1480,871
53309,1480,872
53310,1482,873
53311,1480,873
53312,1480,871
53313,1480,873
53314,1480,872
53315,1480,871
53316,1479,873
53317,1480,874
53318,1480,872
53319,1479,872
53320,1480,873
53321,1480,871
53322,1480,872
53323,1480,873
53324,1480,871
53325,1479,872
53326,1479,871
53327,1480,873
53328,1480,873
53329,1479,872
53330,1480,872
53331,1481,872
53332,1481,872
53333,1480,871
53334,1480,871
53335,1480,872
53336,1480,873
53337,1480,872
53338,1480,871
53339,1480,873
53340,1482,872
53341,1480,873
53342,1480,873
53343,1480,873
53344,1479,871
53345,1480,874
53346,1480,871
53347,1480,871
53348,1480,872
53349,1480,872
53350,1480,872
53351,1480,872
53352,1480,873
53353,1480,872
53354,1479,871
53355,1480,871
53356,1479,872
53357,1480,872
53358,1480,873
53359,1480,872
53360,1480,873
53361,1479,871
53362,1480,873
53363,1480,872
53364,1480,873
53365,1480,872
53366,1480,871
53367,1480,873
53368,1480,872
53369,1480,872
53370,1480,872
53371,1479,872
53372,1480,873
53373,1481,873
53374,1480,871
53375,1480,871
53376,1479,872
53377,1480,872
53378,1480,871
53379,1480,873
53380,1480,871
53381,1480,872
53382,1480,871
53383,1480,873
53384,1480,872
53385,1480,874
53386,1480,872
53387,1481,873
53388,1479,873
53389,1479,871
53390,1480,872
53391,1479,871
53392,1479,871
53393,1480,872
53394,1479,871
53395,1480,871
53396,1479,871
53397,1480,873
53398,1480,871
53399,1479,870
53400,1480,871
53401,1480,872
53402,1480,873
53403,1480,871
53404,1479,872
53405,1480,870
53406,1480,872
53407,1480,873
53408,1480,872
53409,1480,872
53410,1480,873
53411,1480,873
53412,1480,871
53413,1480,873
53414,1479,870
53415,1480,871
53416,1480,871
53417,1480,872
53418,1480,872
53419,1480,872
53420,1480,872
53421,1480,872
53422,1480,873
53423,1481,873
53424,1480,871
53425,1480,871
53426,1480,872
53427,1480,873
53428,1480,871
53429,1480,871
53430,1480,873
53431,1480,871
53432,1482,872
53433,1479,871
53434,1482,873
53435,1480,873
53436,1481,870
53437,1480,873
53438,1480,871
53439,1480,872
53440,1480,871
53441,1480,873
53442,1480,871
53443,1480,872
53444,1480,872
53445,1481,872
53446,1480,871
53447,1480,872
53448,1479,872
53449,1480,871
53450,1482,873
53451,1480,872
53452,1480,871
53453,1480,871
53454,1480,873
53455,1480,872
53456,1480,873
53457,1480,871
53458,1480,870
53459,1479,872
53460,1480,872
53461,1480,873
53462,1479,872
53463,1481,871
53464,1480,873
53465,1479,872
53466,1480,871
53467,1481,872
53468,1480,873
53469,1480,872
53470,1479,871
53471,1480,871
53472,1480,873
53473,1478,873
53474,1480,873
53475,1480,871
53476,1479,873
53477,1480,871
53478,1480,872
53479,1480,871
53480,1480,872
53481,1480,871
53482,1480,871
53483,1480,872
53484,1481,873
53485,1480,872
53486,1480,871
53487,1480,872
53488,1480,872
53489,1481,871
53490,1480,847
53491,1480,871
53492,1480,870
53493,1480,872
53494,1479,871
53495,1480,872
53496,1481,871
53497,1481,871
53498,1480,871
53499,1480,871
53500,1480,872
53501,1480,873
53502,1482,873
53503,1480,873
53504,1480,872
53505,1482,873
53506,1480,872
53507,1480,871
53508,1480,872
53509,1480,873
53510,1480,871
53511,1480,871
53512,1480,873
53513,1479,871
53514,1480,871
53515,1480,873
53516,1480,873
53517,1480,872
53518,1482,872
53519,1481,873
53520,1480,872
53521,1480,871
53522,1480,872
53523,1480,872
53524,1480,871
53525,1480,871
53526,1480,871
53527,1480,871
53528,1480,871
53529,1480,872
53530,1480,872
53531,1480,873
53532,1481,871
53533,1480,872
53534,1481,873
53535,1480,873
53536,1480,871
53537,1480,871
53538,1480,871
53539,1482,871
53540,1480,871
53541,1480,871
53542,1480,871
53543,1481,870
53544,1481,871
53545,1481,871
53546,1479,871
53547,1480,871
53548,1480,871
53549,1479,873
53550,1480,872
53551,1480,873
53552,1480,872
53553,1480,871
53554,1480,872
53555,1480,872
53556,1480,872
53557,1480,873
53558,1480,873
53559,1479,873
53560,1480,873
53561,1480,871
53562,1482,873
53563,1480,872
53564,1480,870
53565,1480,871
53566,1480,873
53567,1480,873
53568,1481,872
53569,1480,873
53570,1480,872
53571,1479,873
53572,1481,871
53573,1480,872
53574,1480,872
53575,1480,872
53576,1481,870
53577,1480,871
53578,1480,871
53579,1480,871
53580,1480,871
53581,1480,873
53582,1479,871
53583,1479,873
53584,1480,869
53585,1480,871
53586,1480,873
53587,1480,871
53588,1479,873
53589,1480,873
53590,1481,873
53591,1482,871
53592,1480,873
53593,1480,872
53594,1480,873
53595,1480,872
53596,1480,872
53597,1480,873
53598,1480,873
53599,1480,871
53600,1480,872
53601,1480,871
53602,1480,872
53603,1480,873
53604,1480,872
53605,1480,873
53606,1480,872
53607,1479,872
53608,1481,872
53609,1480,871
53610,1481,872
53611,1480,872
53612,1480,872
53613,1480,873
53614,1480,872
53615,1480,869
53616,1479,872
53617,1479,871
53618,1480,873
53619,1480,873
53620,1480,873
53621,1480,872
53622,1480,872
53623,1479,873
53624,1480,872
53625,1480,873
53626,1480,871
53627,1480,873
53628,1479,873
53629,1480,873
53630,1480,873
53631,1480,873
53632,1479,872
53633,1480,871
53634,1480,873
53635,1480,873
53636,1479,871
53637,1482,872
53638,1481,872
53639,1480,873
53640,1480,871
53641,1480,871
53642,1480,872
53643,1481,871
53644,1480,871
53645,1479,873
53646,1480,871
53647,1480,873
53648,1480,873
53649,1480,871
53650,1479,873
53651,1480,873
53652,1480,873
53653,1480,873
53654,1480,872
53655,1480,872
53656,1480,871
53657,1480,873
53658,1480,872
53659,1480,873
53660,1480,873
53661,1482,872
53662,1480,873
53663,1481,873
53664,1480,872
53665,1480,871
53666,1480,871
53667,1479,872
53668,1480,873
53669,1480,873
53670,1480,873
53671,1479,871
53672,1480,874
53673,1480,872
53674,1480,872
53675,1480,871
53676,1472,870
53677,1480,871
53678,1480,872
53679,1480,869
53680,1480,869
53681,1480,871
53682,1480,871
53683,1480,870
53684,1480,871
53685,1481,871
53686,1480,871
53687,1480,871
53688,1480,873
53689,1480,872
53690,1480,871
53691,1479,869
53692,1480,871
53693,1479,871
53694,1479,871
53695,1479,869
53696,1480,871
53697,1479,870
53698,1480,870
53699,1480,871
53700,1480,873
53701,1480,875
53702,1480,872
53703,1478,873
53704,1480,873
53705,1480,872
53706,1480,873
53707,1480,871
53708,1480,872
53709,1480,872
53710,1480,873
53711,1480,873
53712,1480,872
53713,1481,872
53714,1479,872
53715,1480,872
53716,1480,871
53717,1480,873
53718,1480,873
53719,1481,872
53720,1480,873
53721,1479,873
53722,1482,873
53723,1480,872
53724,1480,871
53725,1482,873
53726,1480,871
53727,1480,873
53728,1480,873
53729,1480,873
53730,1480,872
53731,1480,872
53732,1480,872
53733,1480,872
53734,1480,873
53735,1481,873
53736,1479,873
53737,1478,873
53738,1480,872
53739,1479,871
53740,1480,873
53741,1480,875
53742,1480,872
53743,1480,872
53744,1480,872
53745,1480,872
53746,1480,871
53747,1480,873
53748,1480,871
53749,1480,871
53750,1480,872
53751,1480,871
53752,1480,872
53753,1479,873
53754,1480,871
53755,1480,871
53756,1480,872
53757,1481,873
53758,1480,873
53759,1480,871
53760,1480,873
53761,1480,871
53762,1479,871
53763,1480,871
53764,1480,871
53765,1479,871
53766,1480,872
53767,1480,873
53768,1479,872
53769,1480,873
53770,1480,872
53771,1480,872
53772,1479,871
53773,1480,871
53774,1480,872
53775,1480,873
53776,1480,871
53777,1479,871
53778,1480,872
53779,1480,871
53780,1480,873
53781,1480,873
53782,1480,872
53783,1480,872
53784,1480,873
53785,1480,872
53786,1480,872
53787,1480,872
53788,1480,871
53789,1480,871
53790,1480,871
53791,1480,872
53792,1480,871
53793,1480,871
53794,1480,870
53795,1480,872
53796,1479,871
53797,1480,871
53798,1479,872
53799,1479,871
53800,1479,871
53801,1479,871
53802,1480,872
53803,1480,873
53804,1480,874
53805,1480,871
53806,1480,871
53807,1480,874
53808,1479,873
53809,1478,873
53810,1479,873
53811,1479,873
53812,1480,872
53813,1479,873
53814,1480,871
53815,1479,872
53816,1480,871
53817,1480,873
53818,1480,873
53819,1480,873
53820,1479,873
53821,1479,871
53822,1481,871
53823,1479,873
53824,1480,871
53825,1480,873
53826,1480,873
53827,1480,871
53828,1480,871
53829,1479,871
53830,1480,871
53831,1480,871
53832,1480,871
53833,1480,872
53834,1480,873
53835,1480,873
53836,1479,873
53837,1480,871
53838,1480,872
53839,1480,872
53840,1479,873
53841,1480,873
53842,1480,873
53843,1480,872
53844,1480,873
53845,1480,871
53846,1479,872
53847,1480,871
53848,1480,872
53849,1479,872
53850,1480,872
53851,1479,872
53852,1480,872
53853,1480,872
53854,1480,873
53855,1479,873
53856,1480,873
53857,1480,871
53858,1480,872
53859,1480,871
53860,1480,871
53861,1480,871
53862,1480,872
53863,1480,872
53864,1480,872
53865,1480,872
53866,1479,870
53867,1481,873
53868,1480,871
53869,1478,871
53870,1479,873
53871,1479,873
53872,1481,872
53873,1478,871
53874,1478,873
53875,1479,871
53876,1480,871
53877,1479,872
53878,1480,873
53879,1479,872
53880,1480,872
53881,1479,872
53882,1480,873
53883,1479,872
53884,1479,872
53885,1480,873
53886,1480,872
53887,1480,871
53888,1479,872
53889,1480,871
53890,1478,871
53891,1480,872
53892,1481,871
53893,1479,873
53894,1479,871
53895,1480,872
53896,1480,871
53897,1479,871
53898,1481,871
53899,1480,871
53900,1482,870
53901,1480,872
53902,1480,872
53903,1480,871
53904,1480,871
53905,1480,871
53906,1480,872
53907,1479,872
53908,1480,873
53909,1480,873
53910,1480,872
53911,1480,873
53912,1480,873
53913,1480,872
53914,1479,871
53915,1480,871
53916,1480,872
53917,1480,871
53918,1480,872
53919,1480,872
53920,1480,872
53921,1480,872
53922,1479,872
53923,1480,872
53924,1478,871
53925,1480,873
53926,1480,871
53927,1479,871
53928,1480,873
53929,1480,873
53930,1479,872
53931,1479,873
53932,1480,873
53933,1480,871
53934,1479,873
53935,1479,873
53936,1480,871
53937,1479,871
53938,1480,873
53939,1480,871
53940,1480,871
53941,1480,871
53942,1480,873
53943,1481,872
53944,1480,873
53945,1480,873
53946,1480,871
53947,1479,872
53948,1481,871
53949,1480,872
53950,1480,872
53951,1480,873
53952,1479,873
53953,1480,873
53954,1480,871
53955,1479,873
53956,1480,872
53957,1480,872
53958,1480,872
53959,1480,873
53960,1479,873
53961,1479,873
53962,1480,873
53963,1479,873
53964,1479,873
53965,1480,872
53966,1479,873
53967,1480,873
53968,1479,871
53969,1480,872
53970,1480,872
53971,1479,873
53972,1480,872
53973,1479,871
53974,1480,871
53975,1480,871
53976,1479,873
53977,1479,871
53978,1479,871
53979,1478,871
53980,1479,870
53981,1480,872
53982,1480,871
53983,1480,872
53984,1480,872
53985,1480,873
53986,1478,871
53987,1478,872
53988,1479,873
53989,1479,871
53990,1479,871
53991,1480,871
53992,1480,871
53993,1480,871
53994,1480,869
53995,1479,871
53996,1480,872
53997,1480,871
53998,1480,871
53999,1480,871
54000,1480,872
54001,1480,871
54002,1480,874
54003,1480,873
54004,1481,873
54005,1480,873
54006,1480,873
54007,1480,873
54008,1480,873
54009,1480,872
54010,1480,873
54011,1480,873
54012,1480,872
54013,1480,872
54014,1479,873
54015,1480,873
54016,1480,871
54017,1480,873
54018,1480,871
54019,1480,871
54020,1479,873
54021,1481,873
54022,1480,872
54023,1479,872
54024,1480,871
54025,1481,871
54026,1480,873
54027,1480,871
54028,1480,872
54029,1480,873
54030,1480,873
54031,1480,871
54032,1480,871
54033,1480,873
54034,1480,872
54035,1480,873
54036,1480,872
54037,1480,871
54038,1480,871
54039,1480,871
54040,1481,871
54041,1480,871
54042,1480,873
54043,1480,871
54044,1479,871
54045,1479,871
54046,1479,871
54047,1480,871
54048,1480,873
54049,1479,872
54050,1482,871
54051,1482,872
54052,1481,873
54053,1480,873
54054,1480,873
54055,1479,871
54056,1480,872
54057,1480,872
54058,1480,873
54059,1480,871
54060,1480,873
54061,1480,873
54062,1481,872
54063,1479,872
54064,1481,873
54065,1480,873
54066,1480,872
54067,1480,871
54068,1479,872
54069,1479,872
54070,1481,872
54071,1480,872
54072,1479,871
54073,1480,872
54074,1480,873
54075,1480,873
54076,1480,872
54077,1479,871
54078,1480,871
54079,1480,871
54080,1480,871
54081,1480,871
54082,1479,869
54083,1482,871
54084,1479,871
54085,1481,871
54086,1480,871
54087,1479,871
54088,1480,872
54089,1479,871
54090,1479,875
54091,1480,871
54092,1478,872
54093,1480,873
54094,1480,872
54095,1480,872
54096,1481,871
54097,1480,873
54098,1480,871
54099,1480,871
54100,1480,872
54101,1480,872
54102,1480,873
54103,1479,871
54104,1479,873
54105,1480,871
54106,1480,873
54107,1480,871
54108,1481,871
54109,1481,873
54110,1480,873
54111,1480,872
54112,1481,871
54113,1482,873
54114,1482,871
54115,1480,872
54116,1480,871
54117,1479,872
54118,1480,873
54119,1479,873
54120,1480,871
54121,1480,871
54122,1480,872
54123,1480,872
54124,1480,871
54125,1480,872
54126,1480,872
54127,1481,871
54128,1480,872
54129,1482,871
54130,1481,872
54131,1480,872
54132,1480,873
54133,1480,873
54134,1481,871
54135,1480,871
54136,1480,871
54137,1480,872
54138,1480,871
54139,1480,871
54140,1480,872
54141,1480,873
54142,1480,872
54143,1480,872
54144,1480,871
54145,1480,872
54146,1479,872
54147,1480,873
54148,1480,873
54149,1480,872
54150,1480,873
54151,1480,872
54152,1480,873
54153,1481,871
54154,1480,875
54155,1480,871
54156,1480,872
54157,1480,873
54158,1480,875
54159,1480,872
54160,1480,872
54161,1480,872
54162,1479,873
54163,1480,873
54164,1480,872
54165,1479,873
54166,1480,873
54167,1480,873
54168,1480,873
54169,1480,872
54170,1481,872
54171,1480,871
54172,1480,871
54173,1480,873
54174,1480,872
54175,1480,872
54176,1480,871
54177,1480,871
54178,1480,871
54179,1479,871
54180,1480,871
54181,1480,872
54182,1480,871
54183,1480,871
54184,1481,870
54185,1479,869
54186,1479,871
54187,1480,871
54188,1480,873
54189,1480,871
54190,1480,871
54191,1479,871
54192,1480,871
54193,1480,872
54194,1480,872
54195,1480,871
54196,1480,871
54197,1478,870
54198,1480,871
54199,1481,871
54200,1480,871
54201,1480,872
54202,1479,872
54203,1479,874
54204,1480,872
54205,1482,872
54206,1480,873
54207,1479,871
54208,1481,872
54209,1479,872
54210,1480,873
54211,1480,872
54212,1479,871
54213,1480,873
54214,1478,873
54215,1480,873
54216,1480,873
54217,1480,871
54218,1480,872
54219,1480,872
54220,1479,871
54221,1480,873
54222,1480,873
54223,1480,873
54224,1481,873
54225,1480,873
54226,1480,873
54227,1480,871
54228,1480,873
54229,1480,872
54230,1480,871
54231,1480,872
54232,1481,871
54233,1480,872
54234,1479,873
54235,1480,874
54236,1480,872
54237,1480,873
54238,1480,874
54239,1480,872
54240,1480,871
54241,1479,872
54242,1480,872
54243,1480,871
54244,1480,873
54245,1480,872
54246,1479,871
54247,1480,872
54248,1480,873
54249,1480,873
54250,1480,872
54251,1479,871
54252,1479,872
54253,1479,871
54254,1480,872
54255,1480,871
54256,1479,873
54257,1479,873
54258,1480,873
54259,1480,872
54260,1481,873
54261,1480,873
54262,1480,873
54263,1480,871
54264,1480,871
54265,1479,873
54266,1480,872
54267,1480,869
54268,1480,872
54269,1480,872
54270,1481,871
54271,1480,873
54272,1480,872
54273,1480,873
54274,1480,873
54275,1480,872
54276,1480,872
54277,1479,872
54278,1480,872
54279,1482,872
54280,1479,873
54281,1480,871
54282,1480,872
54283,1479,873
54284,1480,871
54285,1480,871
54286,1480,872
54287,1480,871
54288,1480,871
54289,1480,871
54290,1479,870
54291,1479,873
54292,1479,872
54293,1479,871
54294,1480,871
54295,1479,871
54296,1479,871
54297,1481,871
54298,1480,871
54299,1480,871
54300,1480,871
54301,1480,872
54302,1480,872
54303,1479,871
54304,1479,873
54305,1480,872
54306,1480,873
54307,1480,871
54308,1479,872
54309,1480,872
54310,1479,872
54311,1479,871
54312,1479,871
54313,1480,872
54314,1480,871
54315,1480,872
54316,1480,872
54317,1480,871
54318,1480,872
54319,1480,873
54320,1480,872
54321,1480,872
54322,1480,873
54323,1480,873
54324,1480,871
54325,1479,873
54326,1479,871
54327,1480,873
54328,1480,873
54329,1479,872
54330,1480,872
54331,1480,873
54332,1480,872
54333,1480,871
54334,1480,873
54335,1480,872
54336,1481,872
54337,1480,872
54338,1480,872
54339,1480,871
54340,1480,872
54341,1480,872
54342,1480,871
54343,1481,872
54344,1480,872
54345,1480,872
54346,1479,872
54347,1480,873
54348,1480,871
54349,1482,872
54350,1480,872
54351,1479,871
54352,1481,872
54353,1479,872
54354,1480,871
54355,1481,872
54356,1478,871
54357,1480,872
54358,1481,872
54359,1480,873
54360,1480,873
54361,1479,871
54362,1481,871
54363,1480,873
54364,1479,872
54365,1479,872
54366,1480,871
54367,1479,873
54368,1480,873
54369,1480,871
54370,1480,873
54371,1480,872
54372,1480,872
54373,1481,873
54374,1480,873
54375,1480,872
54376,1479,872
54377,1480,874
54378,1480,872
54379,1480,873
54380,1480,872
54381,1480,872
54382,1480,873
54383,1480,872
54384,1480,872
54385,1480,873
54386,1480,873
54387,1480,873
54388,1480,873
54389,1482,871
54390,1479,872
54391,1480,870
54392,1479,871
54393,1479,873
54394,1480,871
54395,1480,871
54396,1480,871
54397,1480,871
54398,1480,871
54399,1480,871
54400,1480,871
54401,1481,873
54402,1481,871
54403,1480,874
54404,1480,873
54405,1480,873
54406,1480,870
54407,1480,872
54408,1480,873
54409,1480,873
54410,1482,872
54411,1480,871
54412,1480,871
54413,1480,870
54414,1480,871
54415,1480,872
54416,1480,872
54417,1480,872
54418,1480,873
54419,1480,872
54420,1481,872
54421,1480,871
54422,1480,873
54423,1480,872
54424,1480,871
54425,1481,871
54426,1480,872
54427,1480,873
54428,1480,873
54429,1480,873
54430,1480,873
54431,1480,873
54432,1481,872
54433,1480,872
54434,1480,873
54435,1480,872
54436,1480,873
54437,1480,871
54438,1480,871
54439,1480,873
54440,1479,873
54441,1480,872
54442,1481,869
54443,1479,871
54444,1480,871
54445,1480,871
54446,1480,871
54447,1479,872
54448,1479,872
54449,1480,872
54450,1481,873
54451,1481,871
54452,1480,873
54453,1480,871
54454,1480,871
54455,1480,871
54456,1480,873
54457,1479,874
54458,1480,871
54459,1480,873
54460,1480,874
54461,1479,872
54462,1481,872
54463,1480,873
54464,1480,873
54465,1479,872
54466,1480,872
54467,1479,872
54468,1480,873
54469,1479,873
54470,1480,871
54471,1480,871
54472,1480,871
54473,1479,872
54474,1480,873
54475,1480,872
54476,1480,871
54477,1480,873
54478,1480,872
54479,1480,872
54480,1480,872
54481,1480,872
54482,1479,872
54483,1480,871
54484,1480,871
54485,1479,871
54486,1480,872
54487,1480,872
54488,1480,873
54489,1480,872
54490,1479,872
54491,1480,871
54492,1479,871
54493,1481,871
54494,1478,871
54495,1481,871
54496,1480,873
54497,1478,871
54498,1479,872
54499,1479,871
54500,1479,871
54501,1479,871
54502,1480,872
54503,1480,873
54504,1480,872
54505,1479,873
54506,1480,871
54507,1480,872
54508,1481,872
54509,1480,873
54510,1480,873
54511,1480,873
54512,1480,873
54513,1479,872
54514,1480,873
54515,1479,873
54516,1480,872
54517,1480,873
54518,1480,873
54519,1479,873
54520,1480,873
54521,1480,872
54522,1480,872
54523,1480,873
54524,1480,873
54525,1480,872
54526,1480,872
54527,1480,872
54528,1480,871
54529,1479,871
54530,1480,871
54531,1480,872
54532,1480,873
54533,1480,873
54534,1479,870
54535,1480,873
54536,1479,872
54537,1479,871
54538,1481,871
54539,1480,871
54540,1479,872
54541,1479,871
54542,1480,871
54543,1480,871
54544,1480,871
54545,1479,871
54546,1480,871
54547,1480,871
54548,1479,892
54549,1480,874
54550,1479,872
54551,1480,871
54552,1479,872
54553,1480,872
54554,1481,871
54555,1480,872
54556,1480,873
54557,1480,872
54558,1480,873
54559,1480,871
54560,1479,873
54561,1480,873
54562,1480,872
54563,1481,872
54564,1480,871
54565,1480,872
54566,1480,873
54567,1480,871
54568,1480,871
54569,1480,872
54570,1480,872
54571,1481,872
54572,1480,872
54573,1480,871
54574,1480,872
54575,1480,871
54576,1480,871
54577,1480,872
54578,1480,870
54579,1480,871
54580,1480,871
54581,1481,869
54582,1479,872
54583,1480,871
54584,1480,871
54585,1480,871
54586,1480,871
54587,1479,871
54588,1478,873
54589,1479,873
54590,1480,872
54591,1480,871
54592,1479,872
54593,1480,873
54594,1480,872
54595,1480,871
54596,1480,871
54597,1480,872
54598,1479,873
54599,1479,872
54600,1480,871
54601,1480,871
54602,1480,873
54603,1480,872
54604,1480,873
54605,1479,873
54606,1480,873
54607,1480,873
54608,1480,873
54609,1480,873
54610,1479,871
54611,1479,872
54612,1479,872
54613,1480,871
54614,1480,873
54615,1480,872
54616,1480,873
54617,1480,871
54618,1480,873
54619,1480,872
54620,1482,873
54621,1480,873
54622,1481,873
54623,1479,873
54624,1479,873
54625,1480,872
54626,1480,873
54627,1480,872
54628,1480,871
54629,1480,873
54630,1479,871
54631,1479,873
54632,1479,873
54633,1480,871
54634,1480,871
54635,1480,872
54636,1480,872
54637,1480,873
54638,1480,872
54639,1480,871
54640,1480,871
54641,1480,872
54642,1480,872
54643,1480,871
54644,1479,863
54645,1480,869
54646,1481,873
54647,1479,882
54648,1479,861
54649,1480,873
54650,1480,871
54651,1480,872
54652,1480,873
54653,1480,872
54654,1480,871
54655,1480,871
54656,1481,871
54657,1479,873
54658,1480,873
54659,1479,872
54660,1480,873
54661,1478,871
54662,1479,872
54663,1478,873
54664,1479,873
54665,1480,873
54666,1479,872
54667,1480,873
54668,1480,873
54669,1480,872
54670,1479,872
54671,1480,872
54672,1480,871
54673,1480,870
54674,1480,871
54675,1480,873
54676,1480,872
54677,1478,871
54678,1480,871
54679,1479,871
54680,1480,871
54681,1480,871
54682,1479,871
54683,1480,871
54684,1479,870
54685,1479,871
54686,1481,872
54687,1480,873
54688,1479,872
54689,1479,871
54690,1479,871
54691,1481,871
54692,1479,873
54693,1480,871
54694,1479,869
54695,1480,871
54696,1480,871
54697,1480,871
54698,1479,871
54699,1479,870
54700,1480,871
54701,1480,871
54702,1480,873
54703,1479,873
54704,1480,873
54705,1480,871
54706,1480,873
54707,1480,873
54708,1480,872
54709,1479,872
54710,1479,871
54711,1479,872
54712,1480,871
54713,1480,871
54714,1479,873
54715,1480,872
54716,1480,873
54717,1480,872
54718,1480,871
54719,1479,871
54720,1480,871
54721,1480,872
54722,1480,872
54723,1480,873
54724,1480,872
54725,1480,872
54726,1480,873
54727,1479,871
54728,1480,870
54729,1480,873
54730,1480,872
54731,1480,871
54732,1480,873
54733,1479,871
54734,1480,871
54735,1478,872
54736,1478,872
54737,1479,873
54738,1480,871
54739,1480,872
54740,1479,872
54741,1480,872
54742,1480,873
54743,1480,875
54744,1479,872
54745,1480,873
54746,1478,872
54747,1480,872
54748,1480,872
54749,1480,871
54750,1480,873
54751,1480,871
54752,1479,872
54753,1479,873
54754,1480,872
54755,1480,871
54756,1480,871
54757,1480,873
54758,1480,873
54759,1480,873
54760,1479,871
54761,1480,873
54762,1480,872
54763,1480,872
54764,1480,873
54765,1480,872
54766,1480,872
54767,1479,871
54768,1479,873
54769,1480,873
54770,1479,873
54771,1479,872
54772,1480,871
54773,1478,872
54774,1480,871
54775,1480,873
54776,1480,873
54777,1479,871
54778,1479,873
54779,1480,873
54780,1480,872
54781,1480,873
54782,1480,873
54783,1479,873
54784,1479,872
54785,1480,873
54786,1480,872
54787,1480,871
54788,1480,872
54789,1478,871
54790,1480,871
54791,1480,871
54792,1480,872
54793,1480,871
54794,1480,871
54795,1479,871
54796,1478,871
54797,1480,871
54798,1479,871
54799,1479,871
54800,1480,872
54801,1480,873
54802,1479,873
54803,1480,872
54804,1480,873
54805,1480,872
54806,1480,873
54807,1479,873
54808,1479,873
54809,1480,873
54810,1480,871
54811,1480,871
54812,1479,872
54813,1479,872
54814,1480,871
54815,1480,872
54816,1479,872
54817,1480,872
54818,1480,872
54819,1480,871
54820,1480,873
54821,1480,873
54822,1479,871
54823,1480,872
54824,1480,873
54825,1480,873
54826,1480,873
54827,1480,872
54828,1480,873
54829,1479,871
54830,1481,871
54831,1478,871
54832,1480,872
54833,1480,871
54834,1480,871
54835,1479,872
54836,1480,871
54837,1480,873
54838,1479,872
54839,1478,874
54840,1480,873
54841,1480,873
54842,1479,869
54843,1480,872
54844,1480,873
54845,1479,873
54846,1480,873
54847,1480,873
54848,1480,873
54849,1480,873
54850,1479,872
54851,1479,871
54852,1480,873
54853,1480,872
54854,1480,873
54855,1479,871
54856,1480,871
54857,1480,871
54858,1480,873
54859,1478,872
54860,1480,874
54861,1480,873
54862,1479,871
54863,1479,872
54864,1478,874
54865,1479,874
54866,1479,871
54867,1479,873
54868,1480,873
54869,1480,873
54870,1480,872
54871,1479,873
54872,1480,871
54873,1480,872
54874,1479,873
54875,1479,872
54876,1480,872
54877,1479,873
54878,1480,873
54879,1480,873
54880,1480,872
54881,1479,873
54882,1480,873
54883,1480,871
54884,1480,870
54885,1479,871
54886,1478,873
54887,1480,871
54888,1480,871
54889,1480,871
54890,1480,871
54891,1479,871
54892,1479,871
54893,1479,871
54894,1480,871
54895,1479,871
54896,1478,871
54897,1479,870
54898,1479,872
54899,1480,871
54900,1479,871
54901,1480,872
54902,1479,871
54903,1479,872
54904,1480,875
54905,1479,871
54906,1480,873
54907,1479,871
54908,1479,873
54909,1480,872
54910,1479,872
54911,1479,871
54912,1480,873
54913,1480,872
54914,1480,873
54915,1480,873
54916,1479,872
54917,1480,873
54918,1480,872
54919,1479,873
54920,1480,873
54921,1480,871
54922,1480,872
54923,1479,871
54924,1479,873
54925,1479,871
54926,1480,873
54927,1479,873
54928,1479,872
54929,1478,872
54930,1479,873
54931,1479,871
54932,1480,873
54933,1480,872
54934,1479,871
54935,1478,872
54936,1480,872
54937,1479,872
54938,1480,872
54939,1480,872
54940,1479,872
54941,1479,871
54942,1479,873
54943,1480,872
54944,1479,871
54945,1480,871
54946,1480,873
54947,1480,873
54948,1479,873
54949,1480,873
54950,1480,873
54951,1478,871
54952,1480,871
54953,1480,873
54954,1480,872
54955,1479,873
54956,1479,872
54957,1480,872
54958,1479,871
54959,1479,873
54960,1479,873
54961,1478,871
54962,1480,871
54963,1480,873
54964,1480,873
54965,1480,872
54966,1480,873
54967,1480,872
54968,1478,873
54969,1479,871
54970,1480,872
54971,1480,871
54972,1480,873
54973,1479,873
54974,1480,871
54975,1480,872
54976,1479,872
54977,1480,873
54978,1479,873
54979,1478,872
54980,1480,872
54981,1480,871
54982,1479,873
54983,1480,871
54984,1480,871
54985,1479,872
54986,1479,871
54987,1480,871
54988,1480,872
54989,1479,872
54990,1480,871
54991,1480,871
54992,1480,872
54993,1480,873
54994,1479,871
54995,1480,872
54996,1479,872
54997,1479,872
54998,1480,871
54999,1480,871
55000,1478,872
55001,1479,872
55002,1480,872
55003,1479,871
55004,1480,873
55005,1480,873
55006,1479,873
55007,1480,871
55008,1479,872
55009,1480,873
55010,1480,872
55011,1479,873
55012,1480,873
55013,1479,873
55014,1480,872
55015,1480,872
55016,1480,872
55017,1479,872
55018,1478,871
55019,1480,872
55020,1480,872
55021,1480,873
55022,1480,873
55023,1479,872
55024,1479,873
55025,1479,872
55026,1480,872
55027,1480,873
55028,1480,872
55029,1479,873
55030,1479,872
55031,1480,871
55032,1480,872
55033,1479,872
55034,1482,872
55035,1481,871
55036,1479,871
55037,1479,873
55038,1479,871
55039,1480,871
55040,1480,870
55041,1480,871
55042,1479,871
55043,1480,870
55044,1480,871
55045,1479,871
55046,1479,872
55047,1479,871
55048,1480,875
55049,1479,872
55050,1478,874
55051,1480,873
55052,1479,872
55053,1480,871
55054,1479,873
55055,1480,873
55056,1482,871
55057,1479,873
55058,1479,872
55059,1479,872
55060,1479,871
55061,1480,872
55062,1480,871
55063,1479,873
55064,1479,873
55065,1480,873
55066,1480,871
55067,1479,872
55068,1479,871
55069,1478,872
55070,1478,871
55071,1479,872
55072,1479,873
55073,1479,873
55074,1480,872
55075,1480,872
55076,1480,871
55077,1480,871
55078,1479,871
55079,1479,871
55080,1480,871
55081,1480,872
55082,1479,871
55083,1480,871
55084,1479,871
55085,1479,871
55086,1479,871
55087,1478,871
55088,1479,873
55089,1480,873
55090,1480,872
55091,1478,873
55092,1480,872
55093,1480,872
55094,1478,873
55095,1479,873
55096,1479,873
55097,1481,871
55098,1480,873
55099,1479,873
55100,1480,870
55101,1480,872
55102,1480,872
55103,1480,872
55104,1479,872
55105,1481,872
55106,1479,873
55107,1480,873
55108,1480,871
55109,1480,873
55110,1480,872
55111,1480,872
55112,1480,873
55113,1480,873
55114,1480,873
55115,1480,872
55116,1480,871
55117,1480,873
55118,1480,873
55119,1479,872
55120,1480,871
55121,1478,872
55122,1479,872
55123,1479,872
55124,1480,871
55125,1480,873
55126,1480,872
55127,1480,873
55128,1479,871
55129,1480,872
55130,1480,873
55131,1479,872
55132,1479,872
55133,1480,872
55134,1481,872
55135,1480,873
55136,1480,873
55137,1481,872
55138,1480,873
55139,1480,872
55140,1479,873
55141,1480,872
55142,1480,872
55143,1480,873
55144,1480,871
55145,1480,871
55146,1480,872
55147,1482,871
55148,1480,871
55149,1480,872
55150,1480,871
55151,1480,872
55152,1480,871
55153,1480,872
55154,1480,871
55155,1480,871
55156,1482,871
55157,1481,872
55158,1480,873
55159,1480,871
55160,1480,873
55161,1481,871
55162,1480,872
55163,1480,873
55164,1480,871
55165,1479,871
55166,1480,871
55167,1480,871
55168,1480,872
55169,1479,871
55170,1480,872
55171,1482,873
55172,1480,873
55173,1480,871
55174,1480,872
55175,1480,872
55176,1480,871
55177,1481,873
55178,1480,871
55179,1479,868
55180,1480,871
55181,1480,871
55182,1480,870
55183,1480,872
55184,1480,870
55185,1481,873
55186,1480,871
55187,1480,869
55188,1480,871
55189,1480,872
55190,1480,872
55191,1480,869
55192,1480,869
55193,1480,871
55194,1480,871
55195,1479,871
55196,1480,869
55197,1480,869
55198,1480,870
55199,1480,871
55200,1480,871
55201,1479,872
55202,1480,872
55203,1480,873
55204,1480,872
55205,1479,872
55206,1478,873
55207,1480,873
55208,1480,871
55209,1480,873
55210,1479,875
55211,1481,871
55212,1479,871
55213,1480,871
55214,1480,873
55215,1480,873
55216,1480,873
55217,1480,871
55218,1480,873
55219,1480,872
55220,1480,872
55221,1479,872
55222,1480,873
55223,1480,872
55224,1480,871
55225,1480,873
55226,1480,872
55227,1479,871
55228,1480,873
55229,1480,872
55230,1480,873
55231,1480,872
55232,1480,872
55233,1479,873
55234,1480,871
55235,1481,873
55236,1480,872
55237,1479,872
55238,1480,873
55239,1480,873
55240,1480,872
55241,1480,871
55242,1480,874
55243,1479,873
55244,1479,870
55245,1478,875
55246,1480,872
55247,1479,874
55248,1479,873
55249,1478,873
55250,1479,873
55251,1480,873
55252,1480,873
55253,1479,871
55254,1479,871
55255,1480,873
55256,1480,873
55257,1480,871
55258,1478,873
55259,1481,871
55260,1480,871
55261,1480,872
55262,1480,871
55263,1480,872
55264,1480,873
55265,1480,871
55266,1479,873
55267,1480,875
55268,1479,873
55269,1479,871
55270,1480,872
55271,1479,871
55272,1480,873
55273,1480,872
55274,1480,870
55275,1480,871
55276,1480,869
55277,1480,874
55278,1480,872
55279,1480,871
55280,1480,871
55281,1480,874
55282,1481,871
55283,1480,873
55284,1480,872
55285,1480,872
55286,1480,873
55287,1480,872
55288,1480,871
55289,1480,871
55290,1480,871
55291,1480,871
55292,1480,870
55293,1480,871
55294,1479,871
55295,1480,871
55296,1480,871
55297,1480,871
55298,1480,871
55299,1480,871
55300,1480,871
55301,1480,871
55302,1480,872
55303,1480,870
55304,1480,871
55305,1480,872
55306,1480,873
55307,1480,871
55308,1480,873
55309,1479,872
55310,1479,873
55311,1480,871
55312,1480,873
55313,1480,873
55314,1479,872
55315,1481,871
55316,1480,873
55317,1479,873
55318,1479,873
55319,1480,872
55320,1480,873
55321,1480,871
55322,1480,870
55323,1480,873
55324,1480,871
55325,1479,872
55326,1480,873
55327,1479,871
55328,1480,872
55329,1479,872
55330,1480,871
55331,1480,873
55332,1480,872
55333,1480,872
55334,1480,873
55335,1480,871
55336,1480,872
55337,1480,873
55338,1480,872
55339,1482,871
55340,1479,873
55341,1480,873
55342,1480,873
55343,1480,871
55344,1480,873
55345,1481,871
55346,1480,871
55347,1480,873
55348,1480,872
55349,1479,871
55350,1480,873
55351,1479,873
55352,1480,872
55353,1480,873
55354,1480,871
55355,1480,872
55356,1482,871
55357,1479,872
55358,1480,873
55359,1480,872
55360,1480,872
55361,1479,873
55362,1479,871
55363,1480,872
55364,1480,872
55365,1480,871
55366,1480,871
55367,1480,872
55368,1479,872
55369,1480,871
55370,1479,872
55371,1480,872
55372,1480,872
55373,1480,872
55374,1482,871
55375,1479,871
55376,1480,873
55377,1479,872
55378,1480,872
55379,1480,872
55380,1480,872
55381,1482,872
55382,1479,872
55383,1481,872
55384,1480,873
55385,1479,873
55386,1480,871
55387,1480,872
55388,1480,873
55389,1480,871
55390,1482,873
55391,1480,871
55392,1479,871
55393,1479,873
55394,1480,872
55395,1479,871
55396,1479,871
55397,1479,872
55398,1480,871
55399,1479,873
55400,1480,871
55401,1480,873
55402,1478,873
55403,1479,874
55404,1480,873
55405,1480,871
55406,1480,873
55407,1480,873
55408,1478,874
55409,1479,875
55410,1480,873
55411,1479,873
55412,1479,873
55413,1480,873
55414,1480,873
55415,1480,871
55416,1479,873
55417,1479,873
55418,1480,873
55419,1480,873
55420,1479,874
55421,1480,873
55422,1479,872
55423,1478,873
55424,1479,875
55425,1480,873
55426,1480,873
55427,1480,873
55428,1480,873
55429,1480,873
55430,1479,873
55431,1480,873
55432,1479,873
55433,1480,871
55434,1480,872
55435,1479,873
55436,1480,873
55437,1480,875
55438,1479,874
55439,1480,873
55440,1479,875
55441,1480,873
55442,1478,873
55443,1480,873
55444,1479,873
55445,1480,873
55446,1479,872
55447,1479,873
55448,1480,874
55449,1478,873
55450,1480,875
55451,1480,873
55452,1479,873
55453,1479,873
55454,1480,873
55455,1478,873
55456,1479,875
55457,1479,874
55458,1480,875
55459,1480,873
55460,1480,874
55461,1480,873
55462,1480,873
55463,1479,875
55464,1479,875
55465,1479,873
55466,1479,875
55467,1478,874
55468,1478,874
55469,1479,874
55470,1478,873
55471,1479,875
55472,1479,872
55473,1479,875
55474,1479,873
55475,1479,875
55476,1478,873
55477,1479,874
55478,1478,872
55479,1480,873
55480,1478,873
55481,1479,875
55482,1478,875
55483,1478,873
55484,1478,873
55485,1479,875
55486,1478,874
55487,1479,875
55488,1478,874
55489,1479,872
55490,1479,874
55491,1478,873
55492,1479,873
55493,1479,875
55494,1479,873
55495,1479,873
55496,1479,873
55497,1478,873
55498,1478,873
55499,1479,872
55500,1478,873
55501,1478,873
55502,1478,875
55503,1479,873
55504,1479,873
55505,1478,873
55506,1478,874
55507,1479,873
55508,1478,873
55509,1480,874
55510,1479,873
55511,1478,873
55512,1478,875
55513,1478,873
55514,1479,873
55515,1479,873
55516,1479,873
55517,1479,873
55518,1479,873
55519,1479,873
55520,1478,874
55521,1480,873
55522,1479,873
55523,1479,873
55524,1479,874
55525,1480,875
55526,1479,873
55527,1479,874
55528,1480,872
55529,1479,873
55530,1479,873
55531,1480,875
55532,1479,875
55533,1479,873
55534,1479,873
55535,1479,873
55536,1480,875
55537,1480,873
55538,1478,873
55539,1479,872
55540,1480,871
55541,1478,873
55542,1478,871
55543,1478,872
55544,1479,873
55545,1479,873
55546,1478,872
55547,1479,873
55548,1479,873
55549,1479,871
55550,1479,873
55551,1480,872
55552,1478,873
55553,1479,873
55554,1479,873
55555,1479,872
55556,1479,873
55557,1478,873
55558,1478,874
55559,1479,873
55560,1478,873
55561,1479,875
55562,1478,874
55563,1478,873
55564,1479,873
55565,1478,874
55566,1478,873
55567,1478,874
55568,1480,874
55569,1479,873
55570,1479,874
55571,1479,872
55572,1479,873
55573,1479,873
55574,1479,873
55575,1478,873
55576,1478,871
55577,1479,873
55578,1478,872
55579,1479,872
55580,1478,871
55581,1479,872
55582,1478,873
55583,1480,873
55584,1479,872
55585,1479,871
55586,1479,871
55587,1479,872
55588,1479,873
55589,1479,873
55590,1478,876
55591,1478,874
55592,1479,872
55593,1479,874
55594,1480,872
55595,1478,873
55596,1479,872
55597,1479,873
55598,1480,873
55599,1479,874
55600,1478,873
55601,1479,872
55602,1480,873
55603,1480,873
55604,1478,873
55605,1480,873
55606,1480,873
55607,1479,873
55608,1480,872
55609,1480,873
55610,1478,873
55611,1480,874
55612,1479,873
55613,1478,874
55614,1478,875
55615,1480,873
55616,1479,873
55617,1480,873
55618,1480,873
55619,1479,873
55620,1479,875
55621,1479,872
55622,1479,875
55623,1480,873
55624,1479,873
55625,1480,872
55626,1479,873
55627,1480,873
55628,1480,873
55629,1480,873
55630,1479,873
55631,1480,875
55632,1479,873
55633,1478,873
55634,1480,873
55635,1480,873
55636,1480,873
55637,1479,873
55638,1479,874
55639,1480,872
55640,1479,873
55641,1479,872
55642,1478,872
55643,1478,873
55644,1479,873
55645,1479,872
55646,1478,873
55647,1478,873
55648,1479,872
55649,1480,871
55650,1479,873
55651,1478,871
55652,1478,872
55653,1479,872
55654,1478,872
55655,1478,873
55656,1480,872
55657,1480,872
55658,1479,873
55659,1479,873
55660,1480,872
55661,1479,871
55662,1479,873
55663,1479,873
55664,1479,873
55665,1479,873
55666,1479,873
55667,1479,872
55668,1479,870
55669,1480,873
55670,1480,873
55671,1478,873
55672,1479,872
55673,1480,873
55674,1479,872
55675,1479,872
55676,1479,871
55677,1480,871
55678,1479,871
55679,1479,871
55680,1479,871
55681,1479,871
55682,1479,871
55683,1479,871
55684,1479,873
55685,1478,872
55686,1478,871
55687,1479,870
55688,1479,872
55689,1479,871
55690,1479,872
55691,1478,871
55692,1479,873
55693,1480,871
55694,1479,871
55695,1479,871
55696,1479,871
55697,1479,871
55698,1479,871
55699,1479,871
55700,1480,871
55701,1479,871
55702,1480,871
55703,1479,871
55704,1479,871
55705,1479,873
55706,1479,871
55707,1479,873
55708,1478,871
55709,1479,872
55710,1478,871
55711,1478,871
55712,1479,872
55713,1480,872
55714,1479,871
55715,1479,872
55716,1479,871
55717,1478,872
55718,1479,871
55719,1478,872
55720,1478,871
55721,1479,874
55722,1480,873
55723,1479,871
55724,1480,872
55725,1479,871
55726,1479,872
55727,1479,871
55728,1479,872
55729,1478,871
55730,1479,871
55731,1478,871
55732,1479,872
55733,1480,871
55734,1478,870
55735,1480,871
55736,1479,871
55737,1480,871
55738,1480,871
55739,1479,870
55740,1479,871
55741,1480,869
55742,1479,871
55743,1479,871
55744,1479,870
55745,1479,871
55746,1478,871
55747,1478,870
55748,1479,871
55749,1479,870
55750,1479,869
55751,1480,871
55752,1479,870
55753,1480,871
55754,1480,870
55755,1480,869
55756,1479,870
55757,1480,868
55758,1480,871
55759,1479,868
55760,1479,868
55761,1478,869
55762,1479,869
55763,1480,868
55764,1480,867
55765,1479,869
55766,1479,868
55767,1480,868
55768,1480,867
55769,1479,868
55770,1480,868
55771,1479,867
55772,1480,867
55773,1479,866
55774,1478,867
55775,1480,867
55776,1480,866
55777,1479,867
55778,1479,865
55779,1478,867
55780,1479,863
55781,1480,863
55782,1478,861
55783,1479,866
55784,1479,865
55785,1479,867
55786,1479,863
55787,1478,867
55788,1480,863
55789,1479,861
55790,1478,863
55791,1480,859
55792,1480,863
55793,1479,861
55794,1480,863
55795,1479,861
55796,1480,860
55797,1480,858
55798,1480,859
55799,1480,859
55800,1479,857
55801,1479,861
55802,1480,860
55803,1480,859
55804,1480,859
55805,1480,859
55806,1480,857
55807,1478,859
55808,1479,859
55809,1479,857
55810,1479,859
55811,1480,857
55812,1480,857
55813,1479,857
55814,1479,858
55815,1479,857
55816,1480,856
55817,1480,857
55818,1480,857
55819,1478,856
55820,1480,856
55821,1480,856
55822,1478,856
55823,1480,855
55824,1480,854
55825,1480,853
55826,1479,855
55827,1479,855
55828,1479,854
55829,1480,855
55830,1479,855
55831,1480,853
55832,1479,853
55833,1480,853
55834,1480,851
55835,1479,852
55836,1480,853
55837,1479,853
55838,1479,850
55839,1480,851
55840,1479,851
55841,1479,850
55842,1480,850
55843,1478,851
55844,1480,847
55845,1479,849
55846,1479,850
55847,1480,850
55848,1478,847
55849,1480,850
55850,1478,846
55851,1479,847
55852,1479,849
55853,1480,847
55854,1480,845
55855,1479,847
55856,1479,845
55857,1479,846
55858,1478,844
55859,1480,845
55860,1479,847
55861,1480,843
55862,1478,845
55863,1479,843
55864,1479,843
55865,1480,842
55866,1480,845
55867,1479,843
55868,1480,841
55869,1478,842
55870,1478,841
55871,1480,842
55872,1479,842
55873,1480,840
55874,1478,841
55875,1479,841
55876,1480,840
55877,1480,840
55878,1479,839
55879,1480,840
55880,1478,841
55881,1479,839
55882,1479,840
55883,1479,839
55884,1478,841
55885,1480,839
55886,1480,841
55887,1479,840
55888,1479,839
55889,1478,838
55890,1480,838
55891,1479,837
55892,1479,839
55893,1479,838
55894,1480,837
55895,1478,837
55896,1479,831
55897,1479,837
55898,1480,837
55899,1478,837
55900,1480,831
55901,1479,837
55902,1479,839
55903,1480,838
55904,1479,839
55905,1479,839
55906,1478,837
55907,1479,839
55908,1478,837
55909,1479,837
55910,1480,837
55911,1478,839
55912,1480,831
55913,1480,839
55914,1478,836
55915,1479,838
55916,1478,838
55917,1478,831
55918,1480,836
55919,1479,831
55920,1480,839
55921,1479,831
55922,1479,837
55923,1478,838
55924,1478,838
55925,1479,837
55926,1480,831
55927,1479,838
55928,1479,837
55929,1479,837
55930,1480,832
55931,1479,838
55932,1479,837
55933,1478,832
55934,1479,838
55935,1479,837
55936,1479,837
55937,1480,837
55938,1480,837
55939,1479,837
55940,1479,831
55941,1479,836
55942,1480,837
55943,1478,838
55944,1478,838
55945,1480,837
55946,1480,831
55947,1479,837
55948,1480,839
55949,1479,837
55950,1479,831
55951,1479,839
55952,1480,837
55953,1480,831
55954,1480,839
55955,1480,837
55956,1479,836
55957,1480,839
55958,1479,837
55959,1480,837
55960,1479,837
55961,1480,837
55962,1479,837
55963,1480,839
55964,1479,837
55965,1479,837
55966,1479,831
55967,1480,837
55968,1478,837
55969,1479,837
55970,1479,837
55971,1479,837
55972,1478,831
55973,1478,837
55974,1478,838
55975,1480,838
55976,1479,831
55977,1480,837
55978,1480,838
55979,1479,837
55980,1479,838
55981,1478,839
55982,1480,839
55983,1480,837
55984,1479,838
55985,1480,837
55986,1479,837
55987,1479,837
55988,1479,837
55989,1479,831
55990,1479,831
55991,1480,832
55992,1479,837
55993,1480,837
55994,1480,837
55995,1478,831
55996,1479,831
55997,1479,830
55998,1479,831
55999,1479,831
56000,1479,837
56001,1479,838
56002,1479,838
56003,1478,837
56004,1478,837
56005,1476,839
56006,1478,836
56007,1479,837
56008,1479,837
56009,1479,838
56010,1479,831
56011,1478,837
56012,1479,838
56013,1479,839
56014,1479,837
56015,1478,837
56016,1478,837
56017,1479,831
56018,1479,837
56019,1479,831
56020,1479,837
56021,1479,831
56022,1478,838
56023,1478,831
56024,1479,832
56025,1479,837
56026,1479,837
56027,1476,831
56028,1480,837
56029,1478,839
56030,1479,838
56031,1480,837
56032,1478,831
56033,1478,837
56034,1478,837
56035,1479,831
56036,1477,837
56037,1479,831
56038,1479,831
56039,1479,831
56040,1479,831
56041,1479,837
56042,1479,836
56043,1478,837
56044,1478,837
56045,1479,831
56046,1478,829
56047,1479,830
56048,1478,837
56049,1479,831
56050,1480,837
56051,1480,831
56052,1479,837
56053,1479,837
56054,1480,831
56055,1478,837
56056,1479,837
56057,1479,838
56058,1478,838
56059,1479,838
56060,1478,837
56061,1479,831
56062,1480,837
56063,1479,831
56064,1479,831
56065,1480,839
56066,1479,831
56067,1479,832
56068,1479,831
56069,1479,837
56070,1478,831
56071,1480,831
56072,1480,837
56073,1479,839
56074,1478,836
56075,1478,829
56076,1479,831
56077,1479,837
56078,1479,831
56079,1479,837
56080,1478,837
56081,1478,830
56082,1478,831
56083,1479,837
56084,1479,836
56085,1479,837
56086,1478,837
56087,1479,831
56088,1478,831
56089,1479,838
56090,1479,832
56091,1479,837
56092,1478,837
56093,1478,837
56094,1478,837
56095,1478,831
56096,1478,839
56097,1479,837
56098,1479,837
56099,1479,837
56100,1479,837
56101,1479,837
56102,1478,838
56103,1478,831
56104,1479,831
56105,1479,837
56106,1479,832
56107,1479,831
56108,1479,831
56109,1478,837
56110,1478,832
56111,1478,837
56112,1478,831
56113,1479,837
56114,1479,837
56115,1480,837
56116,1479,837
56117,1478,831
56118,1479,838
56119,1479,830
56120,1479,832
56121,1479,837
56122,1478,837
56123,1479,837
56124,1479,837
56125,1478,837
56126,1478,831
56127,1479,838
56128,1479,837
56129,1480,837
56130,1479,839
56131,1479,837
56132,1478,839
56133,1479,839
56134,1478,839
56135,1478,837
56136,1478,836
56137,1478,837
56138,1479,831
56139,1480,837
56140,1478,832
56141,1479,837
56142,1478,837
56143,1478,839
56144,1478,837
56145,1480,839
56146,1478,831
56147,1479,838
56148,1478,832
56149,1480,837
56150,1478,837
56151,1478,837
56152,1478,836
56153,1479,837
56154,1479,836
56155,1479,837
56156,1479,837
56157,1479,831
56158,1478,837
56159,1478,832
56160,1478,837
56161,1478,831
56162,1478,831
56163,1479,837
56164,1479,837
56165,1480,837
56166,1478,837
56167,1479,831
56168,1480,838
56169,1481,837
56170,1478,832
56171,1479,837
56172,1480,832
56173,1479,837
56174,1479,831
56175,1479,837
56176,1479,830
56177,1480,837
56178,1480,831
56179,1479,831
56180,1480,829
56181,1479,832
56182,1479,830
56183,1479,831
56184,1479,831
56185,1479,831
56186,1479,831
56187,1478,831
56188,1479,837
56189,1479,837
56190,1479,837
56191,1479,837
56192,1479,831
56193,1479,831
56194,1479,831
56195,1479,837
56196,1479,837
56197,1479,837
56198,1480,832
56199,1478,831
56200,1480,837
56201,1479,838
56202,1479,837
56203,1479,838
56204,1479,836
56205,1479,836
56206,1479,837
56207,1480,831
56208,1479,838
56209,1478,837
56210,1478,839
56211,1478,837
56212,1480,837
56213,1479,837
56214,1479,831
56215,1480,837
56216,1478,837
56217,1479,838
56218,1480,837
56219,1480,837
56220,1479,837
56221,1478,831
56222,1478,831
56223,1479,837
56224,1480,837
56225,1479,839
56226,1479,838
56227,1479,831
56228,1480,837
56229,1479,838
56230,1480,832
56231,1479,837
56232,1480,838
56233,1479,832
56234,1479,831
56235,1480,837
56236,1479,837
56237,1479,837
56238,1479,837
56239,1478,837
56240,1478,839
56241,1478,831
56242,1478,837
56243,1478,837
56244,1478,837
56245,1480,832
56246,1479,831
56247,1480,831
56248,1480,831
56249,1479,831
56250,1480,839
56251,1479,832
56252,1479,838
56253,1479,831
56254,1479,832
56255,1480,838
56256,1480,837
56257,1479,837
56258,1478,837
56259,1478,839
56260,1480,832
56261,1479,837
56262,1478,837
56263,1479,837
56264,1479,838
56265,1478,837
56266,1478,837
56267,1480,831
56268,1479,836
56269,1478,837
56270,1480,837
56271,1478,837
56272,1479,839
56273,1478,839
56274,1479,837
56275,1480,837
56276,1479,832
56277,1479,838
56278,1478,831
56279,1480,831
56280,1479,837
56281,1479,837
56282,1479,839
56283,1478,824
56284,1488,830
56285,1480,831
56286,1484,851
56287,1482,841
56288,1482,827
56289,1476,821
56290,1474,840
56291,1482,843
56292,1475,829
56293,1478,853
56294,1482,850
56295,1478,846
56296,1479,831
56297,1479,851
56298,1481,815
56299,1480,845
56300,1477,827
56301,1478,853
56302,1480,827
56303,1480,845
56304,1481,839
56305,1479,826
56306,1478,829
56307,1482,846
56308,1478,839
56309,1479,839
56310,1482,830
56311,1477,829
56312,1477,827
56313,1485,831
56314,1478,845
56315,1479,845
56316,1480,838
56317,1480,837
56318,1479,831
56319,1478,831
56320,1479,831
56321,1479,831
56322,1479,829
56323,1480,830
56324,1479,837
56325,1479,837
56326,1479,837
56327,1480,831
56328,1479,837
56329,1480,837
56330,1479,837
56331,1479,838
56332,1480,831
56333,1479,837
56334,1478,831
56335,1479,831
56336,1480,832
56337,1479,837
56338,1478,837
56339,1479,839
56340,1479,837
56341,1480,837
56342,1478,837
56343,1480,838
56344,1479,837
56345,1480,839
56346,1479,831
56347,1479,837
56348,1479,837
56349,1478,831
56350,1479,837
56351,1479,837
56352,1478,838
56353,1480,832
56354,1477,831
56355,1478,837
56356,1479,838
56357,1480,837
56358,1479,838
56359,1479,837
56360,1478,832
56361,1479,831
56362,1479,837
56363,1479,837
56364,1478,838
56365,1479,837
56366,1478,837
56367,1479,831
56368,1478,837
56369,1480,836
56370,1479,837
56371,1478,837
56372,1479,837
56373,1479,838
56374,1478,837
56375,1478,837
56376,1478,837
56377,1480,837
56378,1480,838
56379,1479,837
56380,1480,831
56381,1479,837
56382,1478,831
56383,1479,832
56384,1479,837
56385,1480,838
56386,1480,837
56387,1479,837
56388,1479,837
56389,1479,837
56390,1479,831
56391,1480,838
56392,1478,831
56393,1480,831
56394,1478,831
56395,1479,831
56396,1479,837
56397,1479,831
56398,1479,830
56399,1479,831
56400,1480,831
56401,1478,836
56402,1480,837
56403,1478,837
