0,652,1593
1,689,1565
2,690,1629
3,666,1727
4,612,1853
5,556,1913
6,523,1955
7,530,1887
8,551,1789
9,602,1675
10,652,1607
11,690,1563
12,652,1637
13,644,1767
14,567,1867
15,522,1919
16,485,1951
17,486,1885
18,518,1775
19,566,1663
20,615,1599
21,656,1566
22,652,1631
23,625,1739
24,575,1861
25,524,1912
26,486,1945
27,488,1881
28,518,1774
29,568,1661
30,618,1597
31,656,1568
32,656,1637
33,627,1743
34,570,1863
35,524,1916
36,487,1949
37,488,1885
38,518,1781
39,566,1671
40,616,1607
41,656,1575
42,655,1640
43,628,1746
44,578,1866
45,527,1917
46,487,1952
47,487,1891
48,518,1785
49,568,1669
50,616,1609
51,656,1576
52,652,1641
53,627,1749
54,576,1867
55,528,1919
56,487,1956
57,487,1893
58,516,1785
59,566,1676
60,616,1613
61,658,1576
62,654,1643
63,628,1749
64,578,1867
65,528,1919
66,486,1957
67,487,1897
68,518,1786
69,566,1679
70,616,1611
71,656,1575
72,656,1639
73,628,1749
74,579,1867
75,530,1926
76,487,1961
77,488,1897
78,516,1789
79,566,1677
80,616,1611
81,657,1575
82,656,1641
83,629,1743
84,580,1867
85,530,1918
86,486,1959
87,488,1895
88,518,1786
89,565,1677
90,616,1612
91,658,1567
92,656,1637
93,631,1739
94,580,1856
95,531,1916
96,488,1957
97,488,1891
98,516,1788
99,566,1675
100,616,1610
101,658,1571
102,658,1639
103,630,1739
104,580,1861
105,530,1913
106,488,1951
107,488,1889
108,516,1788
109,567,1677
110,616,1611
111,658,1573
112,657,1641
113,627,1765
114,579,1864
115,530,1915
116,488,1957
117,490,1891
118,518,1789
119,566,1677
120,616,1611
121,659,1573
122,658,1639
123,632,1740
124,581,1863
125,531,1913
126,488,1955
127,488,1893
128,516,1790
129,566,1679
130,618,1614
131,658,1575
132,658,1638
133,630,1737
134,581,1862
135,532,1917
136,490,1956
137,490,1893
138,516,1792
139,565,1679
140,617,1615
141,659,1575
142,658,1639
143,634,1739
144,582,1861
145,532,1915
146,488,1956
147,488,1893
148,516,1798
149,566,1683
150,616,1614
151,659,1574
152,658,1637
153,639,1737
154,582,1855
155,533,1915
156,492,1956
157,490,1891
158,518,1798
159,567,1683
160,617,1614
161,659,1574
162,660,1637
163,634,1737
164,584,1855
165,534,1914
166,492,1957
167,492,1893
168,516,1800
169,566,1684
170,616,1617
171,660,1575
172,660,1639
173,641,1736
174,584,1855
175,534,1915
176,492,1959
177,490,1895
178,516,1801
179,565,1687
180,618,1619
181,661,1576
182,661,1640
183,640,1737
184,586,1855
185,535,1913
186,491,1961
187,490,1897
188,518,1805
189,566,1687
190,618,1619
191,662,1575
192,660,1639
193,642,1737
194,584,1861
195,534,1917
196,492,1963
197,490,1899
198,516,1807
199,566,1689
200,617,1619
201,659,1575
202,662,1639
203,642,1737
204,587,1855
205,535,1915
206,492,1962
207,490,1899
208,516,1809
209,566,1689
210,616,1623
211,660,1573
212,662,1640
213,642,1736
214,587,1855
215,536,1915
216,492,1964
217,490,1903
218,516,1811
219,564,1690
220,616,1624
221,659,1575
222,661,1639
223,642,1736
224,588,1861
225,536,1917
226,492,1965
227,490,1902
228,518,1811
229,565,1691
230,616,1623
231,659,1573
232,661,1637
233,643,1727
234,587,1853
235,536,1915
236,492,1963
237,490,1901
238,516,1811
239,564,1689
240,616,1623
241,659,1575
242,663,1635
243,643,1733
244,588,1853
245,538,1912
246,494,1963
247,492,1901
248,516,1812
249,567,1691
250,616,1621
251,660,1571
252,663,1635
253,644,1725
254,592,1851
255,540,1914
256,492,1961
257,492,1901
258,516,1813
259,565,1691
260,616,1622
261,661,1571
262,664,1635
263,646,1725
264,592,1849
265,539,1913
266,494,1964
267,492,1900
268,516,1813
269,566,1692
270,616,1624
271,662,1572
272,664,1635
273,647,1725
274,594,1849
275,538,1912
276,498,1963
277,492,1902
278,518,1815
279,566,1692
280,616,1623
281,660,1573
282,664,1635
283,646,1723
284,592,1849
285,540,1911
286,498,1962
287,492,1902
288,516,1815
289,565,1693
290,618,1623
291,660,1573
292,664,1631
293,646,1723
294,594,1847
295,540,1911
296,498,1963
297,492,1901
298,516,1816
299,566,1693
300,616,1625
301,662,1571
302,664,1629
303,646,1721
304,594,1847
305,544,1909
306,498,1963
307,492,1901
308,515,1815
309,564,1694
310,618,1625
311,661,1571
312,664,1631
313,648,1721
314,595,1847
315,540,1910
316,500,1963
317,494,1903
318,516,1817
319,566,1693
320,618,1627
321,662,1573
322,666,1633
323,649,1720
324,596,1845
325,545,1908
326,499,1963
327,494,1903
328,516,1817
329,564,1695
330,618,1627
331,664,1568
332,668,1630
333,649,1719
334,598,1846
335,545,1907
336,499,1961
337,493,1903
338,516,1819
339,564,1695
340,617,1627
341,662,1571
342,666,1631
343,651,1717
344,598,1844
345,547,1907
346,500,1961
347,497,1903
348,518,1819
349,565,1695
350,618,1627
351,664,1571
352,667,1628
353,652,1716
354,599,1842
355,547,1903
356,503,1961
357,498,1903
358,518,1822
359,567,1700
360,618,1625
361,664,1567
362,667,1634
363,655,1719
364,600,1845
365,546,1909
366,502,1965
367,499,1907
368,518,1823
369,565,1700
370,617,1631
371,664,1571
372,667,1629
373,652,1715
374,600,1843
375,548,1903
376,503,1965
377,500,1908
378,516,1827
379,566,1702
380,618,1630
381,663,1571
382,668,1629
383,652,1711
384,601,1839
385,550,1902
386,502,1963
387,499,1907
388,516,1823
389,564,1703
390,617,1631
391,664,1574
392,668,1631
393,656,1715
394,600,1840
395,550,1903
396,504,1961
397,498,1908
398,518,1827
399,566,1702
400,620,1629
401,663,1574
402,667,1629
403,656,1711
404,602,1843
405,550,1903
406,503,1965
407,499,1909
408,517,1827
409,564,1705
410,616,1635
411,663,1573
412,668,1629
413,658,1711
414,600,1838
415,551,1901
416,504,1963
417,498,1904
418,516,1828
419,564,1705
420,616,1635
421,662,1572
422,674,1627
423,658,1708
424,602,1837
425,552,1900
426,504,1963
427,500,1907
428,517,1827
429,564,1705
430,616,1635
431,664,1572
432,670,1627
433,657,1707
434,604,1834
435,551,1900
436,513,1961
437,500,1907
438,517,1829
439,564,1705
440,618,1636
441,664,1572
442,674,1627
443,660,1707
444,607,1832
445,553,1899
446,514,1961
447,500,1907
448,516,1830
449,565,1708
450,616,1636
451,664,1573
452,672,1625
453,660,1705
454,608,1834
455,553,1896
456,504,1960
457,500,1907
458,517,1831
459,564,1705
460,618,1637
461,664,1573
462,674,1626
463,661,1705
464,610,1832
465,556,1896
466,515,1959
467,501,1907
468,518,1831
469,564,1709
470,617,1638
471,662,1575
472,675,1627
473,661,1705
474,608,1832
475,554,1896
476,514,1959
477,500,1907
478,518,1831
479,566,1709
480,616,1638
481,664,1575
482,674,1624
483,661,1704
484,610,1831
485,556,1896
486,515,1957
487,502,1907
488,518,1831
489,565,1708
490,618,1639
491,666,1575
492,675,1625
493,664,1703
494,611,1830
495,556,1895
496,518,1956
497,502,1903
498,518,1833
499,566,1709
500,626,1627
501,666,1577
502,678,1626
503,664,1701
504,614,1831
505,560,1893
506,518,1957
507,504,1906
508,520,1832
509,568,1709
510,620,1641
511,668,1575
512,682,1624
513,692,1711
514,615,1829
515,563,1892
516,520,1955
517,506,1907
518,521,1834
519,568,1711
520,624,1640
521,672,1576
522,680,1623
523,672,1699
524,617,1828
525,566,1893
526,522,1959
527,506,1911
528,522,1835
529,570,1712
530,624,1641
531,674,1575
532,683,1625
533,674,1699
534,618,1827
535,566,1893
536,522,1957
537,514,1909
538,524,1836
539,570,1711
540,622,1641
541,674,1577
542,682,1624
543,675,1696
544,618,1823
545,566,1892
546,524,1955
547,515,1908
548,524,1837
549,570,1715
550,626,1641
551,674,1576
552,684,1624
553,676,1695
554,626,1821
555,568,1893
556,527,1956
557,515,1911
558,524,1838
559,576,1717
560,627,1642
561,674,1581
562,688,1624
563,676,1695
564,622,1823
565,568,1891
566,527,1957
567,515,1913
568,524,1843
569,576,1719
570,627,1643
571,675,1581
572,684,1626
573,676,1695
574,625,1823
575,570,1893
576,528,1957
577,516,1912
578,524,1843
579,576,1719
580,628,1645
581,676,1580
582,686,1624
583,678,1693
584,626,1823
585,571,1894
586,530,1956
587,516,1913
588,524,1843
589,576,1719
590,628,1643
591,676,1581
592,688,1623
593,679,1693
594,627,1823
595,576,1892
596,530,1955
597,517,1912
598,524,1843
599,576,1720
600,630,1643
601,677,1581
602,690,1623
603,680,1691
604,629,1820
605,576,1891
606,531,1956
607,518,1912
608,528,1844
609,577,1720
610,628,1643
611,678,1581
612,690,1623
613,675,1711
614,630,1821
615,578,1892
616,532,1951
617,518,1913
618,528,1845
619,578,1720
620,628,1643
621,676,1581
622,692,1623
623,682,1692
624,630,1821
625,579,1891
626,531,1955
627,518,1914
628,528,1845
629,576,1719
630,628,1643
631,678,1582
632,691,1623
633,681,1689
634,630,1821
635,579,1891
636,532,1950
637,518,1913
638,528,1846
639,576,1719
640,628,1644
641,678,1582
642,692,1620
643,682,1688
644,631,1817
645,579,1885
646,532,1947
647,519,1910
648,528,1843
649,576,1719
650,628,1643
651,677,1579
652,694,1613
653,683,1684
654,633,1810
655,582,1879
656,534,1939
657,520,1899
658,528,1833
659,578,1714
660,630,1638
661,679,1576
662,694,1611
663,684,1677
664,633,1801
665,582,1875
666,534,1931
667,520,1896
668,528,1833
669,576,1711
670,628,1639
671,678,1577
672,693,1615
673,684,1679
674,640,1803
675,582,1871
676,533,1928
677,518,1897
678,528,1832
679,576,1715
680,629,1639
681,677,1579
682,694,1612
683,686,1675
684,634,1797
685,582,1863
686,534,1919
687,518,1885
688,528,1822
689,576,1707
690,628,1634
691,678,1573
692,694,1605
693,684,1663
694,640,1783
695,580,1848
696,535,1907
697,519,1877
698,527,1817
699,576,1705
700,628,1635
701,678,1577
702,696,1609
703,688,1671
704,640,1781
705,583,1847
706,536,1903
707,518,1877
708,528,1819
709,576,1709
710,627,1639
711,678,1583
712,695,1613
713,688,1673
714,641,1783
715,584,1853
716,535,1908
717,519,1883
718,527,1827
719,575,1719
720,628,1648
721,675,1592
722,694,1621
723,684,1677
724,633,1789
725,583,1861
726,536,1911
727,518,1887
728,524,1833
729,569,1723
730,624,1655
731,676,1595
732,692,1623
733,683,1683
734,640,1791
735,583,1867
736,535,1915
737,519,1887
738,524,1833
739,569,1725
740,624,1656
741,674,1597
742,691,1623
743,682,1683
744,640,1791
745,584,1865
746,536,1915
747,520,1895
748,529,1837
749,604,1719
750,658,1669
751,708,1609
752,732,1619
753,728,1645
754,678,1785
755,627,1864
756,583,1913
757,554,1903
758,564,1849
759,608,1747
760,656,1671
761,696,1613
762,692,1637
763,726,1687
764,682,1784
765,627,1867
766,583,1919
767,560,1911
768,564,1851
769,608,1750
770,661,1671
771,711,1617
772,736,1622
773,728,1677
774,672,1788
775,584,1876
776,540,1927
777,522,1903
778,529,1848
779,570,1745
780,622,1671
781,672,1614
782,692,1631
783,684,1687
784,642,1802
785,588,1875
786,539,1926
787,520,1907
788,528,1848
789,569,1745
790,624,1671
791,672,1613
792,692,1631
793,684,1688
794,643,1802
795,587,1875
796,539,1927
797,520,1907
798,528,1853
799,567,1748
800,624,1672
801,672,1613
802,692,1630
803,685,1689
804,642,1803
805,586,1878
806,538,1931
807,519,1911
808,524,1855
809,567,1750
810,620,1673
811,672,1613
812,691,1627
813,684,1686
814,643,1800
815,586,1875
816,539,1929
817,518,1914
818,524,1863
819,566,1749
820,619,1677
821,668,1613
822,690,1628
823,684,1687
824,643,1800
825,586,1875
826,537,1929
827,518,1911
828,523,1853
829,565,1749
830,619,1674
831,668,1612
832,692,1627
833,685,1685
834,640,1800
835,584,1877
836,536,1929
837,516,1913
838,522,1861
839,563,1751
840,617,1672
841,666,1611
842,690,1624
843,684,1683
844,642,1801
845,582,1879
846,536,1931
847,514,1915
848,519,1862
849,560,1752
850,616,1672
851,666,1611
852,690,1624
853,683,1683
854,640,1800
855,583,1880
856,534,1933
857,505,1917
858,518,1865
859,558,1753
860,614,1671
861,664,1609
862,716,1633
863,720,1673
864,680,1783
865,619,1875
866,578,1927
867,549,1927
868,553,1871
869,594,1765
870,648,1675
871,704,1618
872,731,1612
873,724,1671
874,680,1781
875,580,1883
876,534,1935
877,506,1918
878,516,1867
879,556,1755
880,614,1674
881,664,1609
882,690,1621
883,684,1677
884,642,1798
885,583,1881
886,534,1933
887,504,1919
888,516,1866
889,584,1747
890,651,1677
891,696,1613
892,731,1610
893,726,1668
894,677,1780
895,626,1875
896,577,1925
897,544,1927
898,544,1871
899,594,1765
900,643,1675
901,697,1613
902,692,1623
903,686,1677
904,642,1792
905,584,1879
906,535,1931
907,506,1919
908,518,1866
909,555,1753
910,614,1675
911,666,1611
912,691,1619
913,686,1675
914,644,1791
915,584,1881
916,536,1934
917,506,1926
918,516,1867
919,556,1756
920,614,1674
921,666,1613
922,691,1619
923,684,1677
924,644,1797
925,584,1881
926,536,1934
927,506,1928
928,516,1869
929,556,1758
930,613,1677
931,664,1613
932,691,1620
933,686,1677
934,644,1799
935,587,1883
936,538,1932
937,514,1928
938,519,1869
939,557,1758
940,613,1674
941,664,1614
942,692,1619
943,688,1677
944,646,1797
945,587,1881
946,540,1933
947,514,1927
948,520,1871
949,560,1758
950,614,1676
951,665,1612
952,692,1619
953,689,1675
954,646,1790
955,588,1880
956,539,1931
957,516,1927
958,519,1870
959,556,1758
960,614,1675
961,664,1613
962,694,1615
963,691,1674
964,646,1790
965,589,1879
966,540,1931
967,515,1928
968,519,1869
969,560,1759
970,614,1675
971,664,1613
972,693,1615
973,689,1673
974,647,1789
975,592,1879
976,539,1929
977,514,1929
978,520,1870
979,557,1759
980,614,1675
981,664,1613
982,694,1618
983,690,1673
984,648,1785
985,588,1879
986,540,1929
987,515,1928
988,519,1873
989,584,1753
990,650,1683
991,696,1619
992,736,1605
993,727,1661
994,680,1769
995,633,1874
996,582,1918
997,552,1931
998,547,1877
999,594,1771
1000,652,1671
1001,704,1623
1002,694,1621
1003,691,1674
1004,648,1786
1005,594,1880
1006,544,1932
1007,516,1930
1008,520,1874
1009,557,1763
1010,613,1677
1011,666,1615
1012,694,1614
1013,688,1691
1014,685,1775
1015,640,1875
1016,587,1918
1017,536,1935
1018,556,1877
1019,595,1773
1020,643,1681
1021,695,1620
1022,723,1604
1023,732,1661
1024,694,1768
1025,632,1875
1026,567,1928
1027,517,1928
1028,520,1875
1029,557,1767
1030,612,1678
1031,664,1615
1032,694,1613
1033,692,1672
1034,652,1783
1035,596,1880
1036,545,1927
1037,516,1932
1038,520,1877
1039,556,1765
1040,612,1677
1041,665,1619
1042,694,1613
1043,690,1670
1044,654,1783
1045,596,1881
1046,548,1929
1047,518,1931
1048,520,1877
1049,557,1767
1050,614,1679
1051,666,1619
1052,695,1612
1053,692,1671
1054,656,1781
1055,595,1879
1056,546,1929
1057,518,1931
1058,520,1877
1059,558,1767
1060,614,1678
1061,664,1619
1062,696,1611
1063,692,1671
1064,656,1781
1065,598,1881
1066,547,1928
1067,516,1933
1068,522,1875
1069,556,1769
1070,612,1678
1071,666,1615
1072,696,1609
1073,692,1669
1074,656,1781
1075,598,1878
1076,548,1927
1077,519,1933
1078,522,1877
1079,556,1768
1080,614,1677
1081,664,1618
1082,695,1609
1083,692,1671
1084,659,1778
1085,599,1877
1086,550,1927
1087,519,1933
1088,522,1879
1089,558,1771
1090,612,1681
1091,664,1620
1092,696,1609
1093,692,1669
1094,658,1779
1095,599,1879
1096,549,1928
1097,519,1934
1098,522,1879
1099,556,1769
1100,612,1679
1101,664,1621
1102,698,1609
1103,694,1663
1104,658,1775
1105,600,1879
1106,551,1927
1107,517,1934
1108,522,1879
1109,556,1771
1110,612,1679
1111,665,1619
1112,696,1607
1113,728,1683
1114,704,1763
1115,646,1869
1116,594,1913
1117,552,1939
1118,554,1881
1119,594,1783
1120,644,1687
1121,704,1624
1122,736,1595
1123,737,1656
1124,694,1759
1125,646,1865
1126,547,1930
1127,520,1933
1128,523,1876
1129,556,1773
1130,613,1681
1131,666,1620
1132,698,1607
1133,696,1662
1134,660,1775
1135,602,1879
1136,551,1925
1137,520,1939
1138,522,1879
1139,556,1773
1140,611,1681
1141,667,1621
1142,704,1609
1143,696,1663
1144,660,1774
1145,601,1877
1146,551,1927
1147,519,1939
1148,522,1881
1149,555,1775
1150,612,1683
1151,664,1621
1152,704,1606
1153,695,1662
1154,662,1775
1155,603,1877
1156,550,1926
1157,520,1939
1158,524,1879
1159,556,1775
1160,614,1682
1161,664,1622
1162,704,1605
1163,695,1661
1164,662,1771
1165,604,1876
1166,552,1925
1167,522,1939
1168,524,1877
1169,556,1775
1170,613,1683
1171,666,1621
1172,704,1605
1173,696,1661
1174,662,1771
1175,603,1875
1176,552,1925
1177,522,1940
1178,524,1879
1179,555,1779
1180,612,1685
1181,664,1622
1182,706,1605
1183,696,1661
1184,664,1771
1185,604,1875
1186,554,1919
1187,521,1940
1188,524,1879
1189,555,1779
1190,614,1685
1191,664,1623
1192,704,1607
1193,696,1660
1194,663,1771
1195,609,1875
1196,554,1925
1197,523,1939
1198,524,1881
1199,555,1780
1200,614,1683
1201,666,1623
1202,704,1607
1203,696,1661
1204,664,1769
1205,608,1875
1206,554,1918
1207,522,1939
1208,524,1881
1209,555,1779
1210,611,1685
1211,666,1623
1212,704,1606
1213,731,1673
1214,711,1752
1215,654,1864
1216,598,1911
1217,562,1945
1218,554,1884
1219,592,1797
1220,646,1693
1221,695,1629
1222,737,1593
1223,741,1654
1224,711,1751
1225,645,1861
1226,555,1928
1227,523,1939
1228,524,1885
1229,554,1783
1230,614,1685
1231,664,1624
1232,706,1604
1233,698,1659
1234,665,1767
1235,610,1873
1236,556,1919
1237,524,1942
1238,528,1881
1239,556,1782
1240,612,1686
1241,666,1626
1242,706,1599
1243,698,1659
1244,668,1767
1245,611,1870
1246,557,1919
1247,524,1943
1248,528,1884
1249,556,1785
1250,614,1685
1251,666,1625
1252,706,1597
1253,705,1659
1254,668,1765
1255,612,1873
1256,558,1916
1257,524,1943
1258,527,1883
1259,556,1784
1260,613,1688
1261,666,1625
1262,705,1598
1263,705,1657
1264,668,1765
1265,612,1871
1266,560,1918
1267,524,1943
1268,528,1883
1269,556,1785
1270,612,1688
1271,664,1627
1272,706,1598
1273,706,1657
1274,670,1765
1275,612,1870
1276,562,1916
1277,524,1943
1278,528,1883
1279,555,1786
1280,613,1689
1281,666,1625
1282,707,1595
1283,706,1656
1284,672,1759
1285,612,1869
1286,562,1915
1287,528,1941
1288,529,1883
1289,556,1785
1290,612,1689
1291,666,1626
1292,707,1597
1293,705,1657
1294,672,1763
1295,614,1867
1296,562,1917
1297,528,1943
1298,528,1885
1299,554,1788
1300,611,1689
1301,666,1627
1302,707,1597
1303,706,1657
1304,674,1761
1305,615,1868
1306,562,1916
1307,528,1943
1308,530,1887
1309,554,1790
1310,612,1691
1311,664,1627
1312,706,1597
1313,726,1661
1314,720,1747
1315,659,1853
1316,604,1908
1317,562,1947
1318,554,1891
1319,592,1804
1320,646,1699
1321,698,1634
1322,732,1592
1323,742,1651
1324,710,1743
1325,662,1851
1326,560,1919
1327,525,1944
1328,530,1884
1329,554,1791
1330,612,1693
1331,666,1629
1332,708,1597
1333,706,1656
1334,675,1757
1335,616,1866
1336,564,1915
1337,528,1945
1338,530,1889
1339,555,1791
1340,611,1691
1341,664,1629
1342,707,1595
1343,708,1656
1344,674,1756
1345,617,1866
1346,562,1915
1347,529,1944
1348,530,1887
1349,554,1798
1350,610,1693
1351,664,1627
1352,709,1595
1353,707,1655
1354,676,1755
1355,616,1865
1356,565,1916
1357,528,1944
1358,529,1886
1359,554,1791
1360,612,1693
1361,666,1629
1362,708,1595
1363,708,1654
1364,678,1755
1365,618,1864
1366,564,1915
1367,528,1945
1368,530,1885
1369,555,1792
1370,610,1692
1371,664,1629
1372,708,1596
1373,708,1654
1374,677,1754
1375,619,1863
1376,567,1914
1377,529,1945
1378,529,1887
1379,554,1799
1380,610,1693
1381,665,1630
1382,709,1595
1383,708,1653
1384,676,1752
1385,619,1863
1386,567,1911
1387,530,1945
1388,530,1887
1389,594,1789
1390,643,1703
1391,704,1636
1392,745,1589
1393,746,1644
1394,723,1737
1395,663,1850
1396,611,1907
1397,568,1951
1398,565,1897
1399,588,1815
1400,633,1707
1401,690,1637
1402,708,1599
1403,705,1653
1404,683,1736
1405,627,1849
1406,561,1929
1407,528,1951
1408,527,1895
1409,548,1805
1410,604,1699
1411,660,1631
1412,706,1590
1413,706,1652
1414,676,1751
1415,618,1865
1416,562,1919
1417,524,1957
1418,520,1898
1419,545,1809
1420,602,1699
1421,659,1629
1422,706,1588
1423,704,1645
1424,674,1747
1425,615,1865
1426,560,1925
1427,519,1957
1428,518,1899
1429,540,1806
1430,599,1695
1431,656,1626
1432,698,1581
1433,704,1641
1434,674,1741
1435,614,1863
1436,554,1919
1437,515,1959
1438,514,1899
1439,537,1809
1440,595,1695
1441,652,1625
1442,697,1579
1443,697,1638
1444,672,1741
1445,610,1855
1446,552,1919
1447,514,1958
1448,505,1898
1449,534,1807
1450,592,1695
1451,650,1623
1452,694,1577
1453,695,1637
1454,668,1738
1455,608,1863
1456,548,1919
1457,502,1963
1458,500,1901
1459,529,1812
1460,587,1695
1461,646,1625
1462,692,1578
1463,691,1637
1464,666,1737
1465,603,1862
1466,545,1927
1467,497,1962
1468,494,1900
1469,522,1810
1470,583,1695
1471,643,1620
1472,688,1573
1473,690,1635
1474,664,1736
1475,600,1863
1476,540,1926
1477,492,1967
1478,488,1907
1479,518,1815
1480,580,1699
1481,643,1621
1482,684,1573
1483,690,1635
1484,664,1737
1485,601,1865
1486,540,1931
1487,492,1971
1488,488,1910
1489,555,1811
1490,612,1709
1491,674,1629
1492,725,1564
1493,729,1625
1494,709,1717
1495,646,1848
1496,585,1915
1497,536,1975
1498,529,1913
1499,550,1831
1500,615,1687
1501,666,1623
1502,690,1573
1503,691,1633
1504,665,1735
1505,601,1862
1506,540,1929
1507,491,1972
1508,488,1908
1509,518,1818
1510,579,1695
1511,640,1622
1512,688,1565
1513,712,1639
1514,708,1715
1515,649,1843
1516,586,1914
1517,537,1971
1518,532,1913
1519,551,1831
1520,612,1707
1521,674,1628
1522,727,1563
1523,731,1623
1524,704,1708
1525,650,1843
1526,566,1929
1527,492,1975
1528,491,1910
1529,519,1817
1530,579,1701
1531,642,1623
1532,686,1566
1533,691,1629
1534,667,1725
1535,604,1862
1536,546,1927
1537,492,1975
1538,490,1913
1539,518,1820
1540,580,1702
1541,640,1623
1542,688,1565
1543,691,1629
1544,668,1727
1545,603,1864
1546,545,1931
1547,492,1977
1548,490,1915
1549,518,1821
1550,578,1704
1551,640,1622
1552,685,1565
1553,690,1627
1554,666,1725
1555,604,1865
1556,544,1932
1557,493,1980
1558,490,1917
1559,516,1828
1560,576,1701
1561,634,1623
1562,686,1562
1563,689,1627
1564,667,1725
1565,602,1865
1566,544,1932
1567,492,1981
1568,488,1918
1569,516,1823
1570,576,1703
1571,640,1622
1572,684,1561
1573,690,1625
1574,666,1723
1575,604,1864
1576,546,1932
1577,492,1982
1578,490,1918
1579,518,1829
1580,576,1705
1581,640,1623
1582,684,1562
1583,690,1627
1584,668,1723
1585,603,1865
1586,545,1934
1587,492,1990
1588,490,1927
1589,517,1830
1590,576,1703
1591,632,1623
1592,684,1559
1593,688,1625
1594,664,1722
1595,604,1864
1596,547,1931
1597,494,1983
1598,489,1919
1599,516,1829
1600,578,1699
1601,634,1622
1602,684,1559
1603,688,1621
1604,666,1720
1605,604,1860
1606,548,1931
1607,497,1981
1608,490,1919
1609,516,1829
1610,576,1705
1611,633,1622
1612,683,1557
1613,723,1645
1614,713,1737
1615,652,1840
1616,578,1915
1617,542,1981
1618,534,1929
1619,531,1844
1620,608,1715
1621,669,1629
1622,694,1559
1623,730,1613
1624,714,1701
1625,632,1840
1626,544,1938
1627,498,1981
1628,491,1919
1629,516,1833
1630,576,1706
1631,631,1625
1632,684,1559
1633,690,1623
1634,669,1719
1635,610,1854
1636,548,1929
1637,497,1982
1638,492,1925
1639,516,1833
1640,571,1707
1641,640,1626
1642,684,1559
1643,690,1621
1644,672,1717
1645,611,1853
1646,548,1928
1647,498,1983
1648,490,1919
1649,516,1834
1650,576,1706
1651,632,1625
1652,684,1558
1653,691,1621
1654,668,1716
1655,611,1852
1656,550,1927
1657,499,1983
1658,493,1925
1659,516,1833
1660,576,1707
1661,632,1625
1662,684,1560
1663,691,1621
1664,673,1714
1665,612,1851
1666,551,1927
1667,501,1982
1668,492,1919
1669,516,1835
1670,576,1708
1671,632,1625
1672,684,1557
1673,691,1621
1674,672,1715
1675,612,1851
1676,550,1927
1677,498,1983
1678,492,1925
1679,516,1835
1680,576,1707
1681,631,1629
1682,684,1561
1683,692,1621
1684,674,1712
1685,612,1851
1686,552,1927
1687,502,1984
1688,494,1927
1689,516,1837
1690,576,1709
1691,632,1628
1692,683,1560
1693,692,1623
1694,675,1715
1695,613,1851
1696,551,1927
1697,502,1983
1698,496,1927
1699,516,1837
1700,576,1709
1701,631,1629
1702,684,1561
1703,692,1619
1704,675,1711
1705,612,1849
1706,552,1920
1707,502,1981
1708,493,1927
1709,517,1837
1710,576,1709
1711,631,1627
1712,683,1557
1713,729,1620
1714,716,1690
1715,660,1835
1716,598,1909
1717,547,1977
1718,536,1931
1719,546,1851
1720,609,1720
1721,668,1636
1722,723,1560
1723,736,1608
1724,713,1691
1725,656,1833
1726,550,1928
1727,502,1981
1728,493,1925
1729,516,1837
1730,576,1709
1731,632,1629
1732,684,1560
1733,694,1619
1734,678,1707
1735,615,1846
1736,555,1917
1737,502,1981
1738,494,1927
1739,516,1839
1740,576,1710
1741,632,1633
1742,686,1561
1743,694,1619
1744,676,1707
1745,617,1847
1746,556,1919
1747,503,1983
1748,494,1929
1749,518,1845
1750,570,1715
1751,631,1630
1752,685,1561
1753,692,1621
1754,677,1709
1755,617,1849
1756,556,1918
1757,504,1990
1758,498,1932
1759,516,1847
1760,576,1716
1761,631,1633
1762,684,1561
1763,694,1620
1764,677,1711
1765,616,1851
1766,555,1928
1767,504,1993
1768,494,1933
1769,516,1847
1770,570,1716
1771,630,1635
1772,683,1561
1773,694,1621
1774,678,1707
1775,618,1849
1776,557,1927
1777,504,1991
1778,498,1933
1779,518,1849
1780,570,1715
1781,631,1635
1782,684,1560
1783,692,1617
1784,679,1705
1785,619,1847
1786,558,1925
1787,504,1989
1788,498,1933
1789,517,1848
1790,575,1715
1791,632,1634
1792,684,1559
1793,694,1614
1794,679,1704
1795,618,1845
1796,561,1919
1797,514,1989
1798,498,1932
1799,517,1847
1800,578,1709
1801,632,1629
1802,684,1558
1803,695,1618
1804,678,1705
1805,619,1845
1806,558,1916
1807,505,1983
1808,498,1930
1809,518,1845
1810,570,1715
1811,631,1635
1812,684,1559
1813,731,1621
1814,726,1683
1815,667,1829
1816,603,1909
1817,554,1975
1818,540,1912
1819,550,1863
1820,608,1723
1821,669,1639
1822,722,1563
1823,738,1605
1824,720,1683
1825,660,1831
1826,556,1925
1827,515,1983
1828,500,1930
1829,518,1847
1830,577,1716
1831,632,1635
1832,684,1560
1833,696,1613
1834,682,1701
1835,624,1837
1836,564,1913
1837,515,1983
1838,500,1933
1839,518,1850
1840,576,1717
1841,632,1637
1842,684,1559
1843,696,1613
1844,682,1695
1845,625,1837
1846,564,1914
1847,516,1983
1848,500,1931
1849,518,1850
1850,576,1717
1851,632,1637
1852,688,1560
1853,697,1613
1854,684,1695
1855,626,1838
1856,564,1912
1857,516,1983
1858,499,1933
1859,518,1852
1860,568,1719
1861,630,1638
1862,684,1559
1863,694,1613
1864,684,1695
1865,625,1838
1866,563,1914
1867,515,1983
1868,500,1935
1869,514,1855
1870,569,1719
1871,631,1637
1872,683,1560
1873,695,1613
1874,681,1694
1875,626,1839
1876,563,1914
1877,514,1989
1878,497,1936
1879,506,1855
1880,566,1721
1881,628,1637
1882,682,1561
1883,694,1611
1884,682,1695
1885,626,1837
1886,562,1913
1887,506,1989
1888,494,1938
1889,534,1845
1890,599,1736
1891,660,1641
1892,721,1565
1893,736,1599
1894,716,1675
1895,672,1821
1896,603,1909
1897,555,1977
1898,530,1945
1899,548,1869
1900,594,1734
1901,663,1643
1902,685,1559
1903,696,1612
1904,682,1694
1905,625,1836
1906,562,1913
1907,514,1983
1908,496,1939
1909,514,1861
1910,566,1721
1911,628,1639
1912,682,1559
1913,695,1609
1914,683,1691
1915,626,1835
1916,563,1913
1917,515,1983
1918,496,1939
1919,505,1861
1920,566,1723
1921,628,1637
1922,680,1560
1923,696,1609
1924,683,1689
1925,626,1835
1926,564,1913
1927,515,1983
1928,494,1939
1929,505,1865
1930,565,1723
1931,627,1640
1932,680,1560
1933,695,1608
1934,682,1689
1935,626,1833
1936,564,1915
1937,514,1991
1938,492,1944
1939,503,1867
1940,563,1725
1941,626,1639
1942,679,1559
1943,694,1607
1944,682,1688
1945,625,1836
1946,562,1916
1947,514,1993
1948,492,1945
1949,502,1869
1950,562,1727
1951,624,1637
1952,680,1557
1953,694,1600
1954,682,1685
1955,622,1835
1956,562,1917
1957,513,1993
1958,492,1946
1959,500,1869
1960,561,1725
1961,625,1637
1962,678,1555
1963,694,1596
1964,683,1683
1965,626,1831
1966,563,1913
1967,514,1991
1968,492,1945
1969,502,1868
1970,560,1723
1971,622,1635
1972,678,1553
1973,695,1593
1974,684,1678
1975,626,1827
1976,564,1912
1977,513,1983
1978,490,1943
1979,502,1867
1980,561,1724
1981,624,1635
1982,678,1554
1983,694,1593
1984,683,1677
1985,626,1831
1986,564,1917
1987,514,1995
1988,488,1951
1989,527,1867
1990,593,1749
1991,650,1643
1992,711,1561
1993,730,1581
1994,713,1659
1995,667,1817
1996,601,1917
1997,539,1995
1998,518,1965
1999,534,1892
2000,592,1718
2001,648,1643
2002,676,1543
2003,688,1589
2004,678,1675
2005,618,1833
2006,552,1927
2007,496,2003
2008,476,1961
2009,488,1881
2010,546,1735
2011,608,1635
2012,666,1546
2013,682,1605
2014,710,1657
2015,660,1815
2016,592,1917
2017,522,1995
2018,516,1967
2019,522,1896
2020,568,1747
2021,630,1641
2022,681,1555
2023,720,1575
2024,714,1647
2025,652,1814
2026,571,1919
2027,486,2007
2028,471,1959
2029,481,1881
2030,538,1737
2031,602,1635
2032,660,1545
2033,678,1583
2034,668,1663
2035,610,1828
2036,547,1917
2037,487,1999
2038,470,1961
2039,480,1882
2040,536,1737
2041,600,1635
2042,658,1545
2043,678,1583
2044,666,1661
2045,611,1827
2046,547,1915
2047,487,1999
2048,470,1960
2049,479,1880
2050,536,1737
2051,600,1636
2052,658,1546
2053,677,1580
2054,668,1659
2055,611,1824
2056,546,1925
2057,488,2002
2058,470,1963
2059,477,1884
2060,536,1739
2061,600,1635
2062,657,1547
2063,676,1579
2064,668,1661
2065,610,1829
2066,547,1927
2067,487,2006
2068,468,1965
2069,475,1891
2070,532,1740
2071,597,1636
2072,656,1546
2073,676,1579
2074,666,1657
2075,610,1831
2076,544,1929
2077,484,2007
2078,466,1971
2079,472,1895
2080,531,1739
2081,595,1635
2082,652,1545
2083,674,1578
2084,664,1656
2085,610,1831
2086,544,1929
2087,483,2011
2088,464,1975
2089,470,1893
2090,530,1741
2091,592,1635
2092,648,1543
2093,670,1575
2094,662,1655
2095,604,1831
2096,538,1931
2097,480,2013
2098,458,1977
2099,465,1898
2100,523,1741
2101,586,1631
2102,646,1533
2103,664,1571
2104,658,1655
2105,602,1833
2106,536,1943
2107,476,2025
2108,454,1992
2109,464,1983
2110,520,1515
2111,584,455
2112,643,0
2113,704,0
2114,696,0
2115,646,984
2116,579,2136
2117,515,3160
2118,483,3503
2119,493,3100
2120,544,1863
2121,614,691
2122,668,0
2123,704,0
2124,688,37
2125,642,1179
2126,524,2457
2127,468,3465
2128,450,3613
2129,454,3118
2130,514,1770
2131,579,639
2132,640,0
2133,661,0
2134,652,125
2135,595,1339
2136,528,2445
2137,466,3453
2138,450,3638
2139,450,3176
2140,502,1837
2141,570,699
2142,630,0
2143,658,0
2144,648,139
2145,591,1359
2146,520,2455
2147,456,3477
2148,450,3662
2149,450,3210
2150,494,1884
2151,564,745
2152,626,0
2153,651,0
2154,643,137
2155,583,1341
2156,515,2453
2157,450,3480
2158,449,3671
2159,448,3225
2160,486,1905
2161,554,775
2162,616,0
2163,646,0
2164,640,132
2165,578,1339
2166,500,2453
2167,450,3465
2168,448,3670
2169,448,3241
2170,475,1940
2171,548,799
2172,612,0
2173,642,0
2174,630,119
2175,568,1334
2176,494,2455
2177,448,3471
2178,450,3670
2179,450,3259
2180,468,1951
2181,540,813
2182,604,0
2183,632,0
2184,626,116
2185,563,1320
2186,487,2455
2187,450,3471
2188,448,3670
2189,451,3283
2190,460,1974
2191,534,831
2192,598,0
2193,629,0
2194,619,103
2195,554,1311
2196,480,2451
2197,448,3511
2198,448,3671
2199,449,3355
2200,450,2025
2201,528,891
2202,594,0
2203,620,0
2204,612,115
2205,549,1334
2206,469,2493
2207,448,3507
2208,448,3672
2209,448,3345
2210,450,2058
2211,516,895
2212,584,0
2213,640,0
2214,648,35
2215,586,1174
2216,503,2408
2217,449,3367
2218,448,3669
2219,448,3437
2220,455,2229
2221,536,1033
2222,598,50
2223,645,0
2224,630,25
2225,580,1135
2226,450,2501
2227,441,3477
2228,448,3671
2229,444,3365
2230,448,2131
2231,486,1001
2232,558,1
2233,592,0
2234,584,75
2235,519,1213
2236,450,2412
2237,448,3412
2238,448,3673
2239,448,3355
2240,443,2103
2241,467,957
2242,540,0
2243,578,0
2244,567,77
2245,497,1256
2246,448,2457
2247,448,3485
2248,448,3672
2249,449,3416
2250,448,2140
2251,451,969
2252,525,0
2253,560,0
2254,554,83
2255,484,1245
2256,449,2469
2257,443,3465
2258,447,3672
2259,447,3417
2260,448,2157
2261,449,985
2262,518,0
2263,552,0
2264,546,73
2265,479,1241
2266,449,2443
2267,448,3427
2268,448,3672
2269,443,3437
2270,448,2205
2271,448,1041
2272,504,0
2273,547,0
2274,540,55
2275,472,1179
2276,448,2347
2277,448,3309
2278,448,3671
2279,443,3401
2280,442,2312
2281,448,1222
2282,498,295
2283,540,0
2284,534,0
2285,466,843
2286,448,1979
2287,442,3112
2288,448,3605
2289,448,3323
2290,442,2335
2291,448,1237
2292,487,183
2293,531,0
2294,520,39
2295,454,329
2296,448,564
2297,442,740
2298,442,814
2299,443,819
2300,442,740
2301,444,692
2302,464,659
2303,500,719
2304,493,846
2305,448,1053
2306,448,1213
2307,448,1327
2308,442,1355
2309,444,1319
2310,448,1210
2311,442,1131
2312,444,1067
2313,483,1107
2314,490,1181
2315,448,1353
2316,442,1497
2317,443,1589
2318,443,1617
2319,444,1565
2320,442,1451
2321,448,1355
2322,442,1279
2323,448,1275
2324,442,1358
2325,443,1501
2326,448,1661
2327,442,1747
2328,443,1749
2329,443,1691
2330,448,1570
2331,448,1471
2332,448,1387
2333,448,1395
2334,448,1468
2335,448,1630
2336,448,1751
2337,448,1829
2338,448,1829
2339,442,1771
2340,442,1641
2341,442,1544
2342,442,1451
2343,447,1451
2344,448,1525
2345,448,1683
2346,448,1801
2347,443,1877
2348,448,1876
2349,443,1815
2350,442,1685
2351,447,1580
2352,448,1486
2353,443,1486
2354,448,1560
2355,440,1709
2356,442,1828
2357,443,1902
2358,442,1900
2359,441,1838
2360,448,1709
2361,442,1607
2362,442,1509
2363,442,1506
2364,443,1579
2365,448,1727
2366,444,1849
2367,442,1919
2368,442,1919
2369,447,1861
2370,442,1725
2371,448,1623
2372,442,1523
2373,442,1516
2374,443,1591
2375,448,1741
2376,443,1865
2377,447,1940
2378,448,1941
2379,440,1877
2380,448,1742
2381,448,1635
2382,442,1531
2383,442,1526
2384,442,1597
2385,443,1752
2386,442,1876
2387,444,1948
2388,442,1949
2389,441,1880
2390,443,1765
2391,442,1646
2392,448,1553
2393,447,1518
2394,443,1591
2395,442,1736
2396,448,1867
2397,448,1941
2398,448,1960
2399,443,1895
2400,448,1767
2401,448,1653
2402,442,1544
2403,448,1542
2404,448,1608
2405,448,1757
2406,447,1883
2407,448,1955
2408,448,1959
2409,444,1896
2410,448,1759
2411,442,1651
2412,447,1553
2413,448,1544
2414,442,1611
2415,448,1763
2416,448,1886
2417,444,1959
2418,448,1963
2419,448,1899
2420,443,1767
2421,448,1654
2422,443,1559
2423,441,1546
2424,448,1613
2425,443,1764
2426,442,1891
2427,442,1962
2428,448,1967
2429,448,1903
2430,444,1771
2431,442,1659
2432,448,1562
2433,448,1547
2434,448,1615
2435,448,1765
2436,448,1893
2437,448,1964
2438,448,1971
2439,448,1904
2440,448,1771
2441,448,1659
2442,442,1562
2443,443,1547
2444,448,1614
2445,442,1764
2446,448,1891
2447,448,1963
2448,448,1971
2449,448,1907
2450,448,1779
2451,448,1663
2452,448,1564
2453,448,1547
2454,442,1615
2455,443,1764
2456,448,1891
2457,449,1963
2458,444,1973
2459,448,1907
2460,442,1775
2461,444,1669
2462,448,1565
2463,447,1545
2464,443,1615
2465,448,1763
2466,448,1891
2467,443,1961
2468,447,1971
2469,442,1909
2470,448,1781
2471,448,1663
2472,442,1565
2473,447,1544
2474,442,1612
2475,447,1759
2476,448,1889
2477,448,1961
2478,443,1972
2479,442,1909
2480,443,1778
2481,447,1671
2482,442,1566
2483,448,1533
2484,448,1611
2485,440,1758
2486,448,1890
2487,448,1960
2488,442,1975
2489,448,1909
2490,442,1801
2491,443,1679
2492,448,1578
2493,448,1527
2494,443,1599
2495,448,1737
2496,448,1875
2497,443,1959
2498,447,1981
2499,444,1917
2500,449,1771
2501,448,1669
2502,442,1567
2503,448,1547
2504,447,1613
2505,443,1762
2506,442,1891
2507,447,1963
2508,442,1979
2509,448,1915
2510,447,1789
2511,448,1675
2512,443,1575
2513,448,1559
2514,442,1607
2515,448,1737
2516,448,1877
2517,448,1955
2518,443,1983
2519,449,1917
2520,447,1803
2521,448,1685
2522,448,1581
2523,444,1529
2524,443,1599
2525,448,1733
2526,443,1891
2527,448,1962
2528,448,1977
2529,448,1913
2530,448,1787
2531,448,1674
2532,448,1571
2533,442,1541
2534,443,1605
2535,448,1749
2536,448,1881
2537,442,1957
2538,448,1975
2539,448,1910
2540,448,1785
2541,448,1673
2542,449,1567
2543,448,1531
2544,448,1599
2545,444,1743
2546,442,1881
2547,448,1951
2548,448,1974
2549,442,1908
2550,448,1786
2551,443,1672
2552,448,1567
2553,444,1529
2554,448,1597
2555,448,1741
2556,448,1877
2557,443,1951
2558,442,1971
2559,444,1909
2560,448,1787
2561,448,1673
2562,448,1567
2563,442,1526
2564,442,1595
2565,444,1741
2566,448,1877
2567,442,1951
2568,442,1972
2569,448,1908
2570,441,1788
2571,440,1675
2572,442,1567
2573,448,1525
2574,444,1593
2575,448,1737
2576,448,1875
2577,444,1950
2578,448,1975
2579,443,1909
2580,448,1789
2581,448,1673
2582,443,1567
2583,442,1519
2584,448,1589
2585,448,1727
2586,448,1867
2587,448,1943
2588,448,1963
2589,448,1902
2590,448,1784
2591,448,1673
2592,448,1563
2593,448,1514
2594,449,1583
2595,443,1722
2596,448,1861
2597,448,1939
2598,448,1964
2599,448,1903
2600,444,1782
2601,443,1675
2602,448,1565
2603,448,1517
2604,448,1589
2605,448,1723
2606,448,1865
2607,448,1944
2608,448,1970
2609,448,1908
2610,448,1791
2611,442,1679
2612,442,1574
2613,448,1544
2614,443,1583
2615,448,1707
2616,448,1851
2617,447,1933
2618,443,1975
2619,443,1914
2620,443,1815
2621,449,1691
2622,448,1583
2623,443,1515
2624,442,1583
2625,448,1707
2626,443,1877
2627,448,1947
2628,443,1976
2629,448,1915
2630,448,1799
2631,448,1685
2632,448,1573
2633,448,1523
2634,448,1591
2635,443,1724
2636,443,1869
2637,448,1947
2638,448,1976
2639,448,1915
2640,448,1805
2641,448,1689
2642,442,1577
2643,442,1525
2644,448,1593
2645,448,1733
2646,448,1871
2647,443,1951
2648,443,1983
2649,448,1926
2650,442,1813
2651,443,1693
2652,448,1580
2653,447,1527
2654,448,1599
2655,442,1735
2656,448,1879
2657,448,1960
2658,448,1991
2659,443,1931
2660,448,1817
2661,443,1699
2662,442,1587
2663,449,1529
2664,448,1597
2665,443,1736
2666,442,1881
2667,442,1961
2668,448,1995
2669,442,1934
2670,442,1820
2671,448,1699
2672,442,1588
2673,442,1530
2674,443,1599
2675,448,1735
2676,448,1877
2677,450,1961
2678,448,1993
2679,448,1929
2680,448,1820
2681,448,1699
2682,448,1588
2683,448,1526
2684,448,1597
2685,442,1734
2686,444,1879
2687,443,1961
2688,442,1996
2689,447,1932
2690,448,1818
2691,448,1699
2692,447,1582
2693,448,1525
2694,443,1593
2695,448,1725
2696,448,1875
2697,448,1959
2698,448,1993
2699,447,1931
2700,448,1819
2701,448,1695
2702,448,1583
2703,448,1523
2704,448,1593
2705,448,1725
2706,448,1878
2707,447,1960
2708,443,1997
2709,443,1935
2710,442,1823
2711,448,1701
2712,448,1589
2713,444,1528
2714,443,1589
2715,442,1708
2716,444,1865
2717,448,1949
2718,448,2005
2719,449,1944
2720,443,1843
2721,448,1715
2722,442,1599
2723,444,1523
2724,448,1589
2725,448,1707
2726,448,1887
2727,448,1965
2728,448,2004
2729,448,1941
2730,447,1824
2731,448,1702
2732,448,1583
2733,443,1519
2734,448,1589
2735,449,1719
2736,448,1873
2737,448,1957
2738,448,1993
2739,448,1932
2740,443,1815
2741,443,1692
2742,443,1576
2743,444,1511
2744,443,1579
2745,442,1707
2746,448,1861
2747,448,1945
2748,448,1983
2749,447,1919
2750,448,1815
2751,448,1689
2752,448,1575
2753,442,1507
2754,447,1576
2755,448,1705
2756,448,1852
2757,442,1943
2758,448,1979
2759,442,1919
2760,448,1814
2761,448,1689
2762,442,1575
2763,444,1506
2764,443,1573
2765,443,1703
2766,448,1849
2767,442,1934
2768,443,1977
2769,447,1917
2770,442,1811
2771,442,1689
2772,443,1575
2773,448,1507
2774,450,1575
2775,447,1699
2776,448,1847
2777,449,1935
2778,448,1975
2779,442,1916
2780,448,1815
2781,443,1695
2782,447,1580
2783,442,1513
2784,443,1579
2785,448,1707
2786,448,1855
2787,443,1946
2788,447,1991
2789,442,1932
2790,448,1829
2791,448,1707
2792,448,1596
2793,448,1524
2794,448,1593
2795,442,1717
2796,443,1868
2797,443,1957
2798,447,2002
2799,447,1942
2800,442,1831
2801,448,1711
2802,444,1598
2803,448,1527
2804,448,1594
2805,448,1717
2806,448,1871
2807,448,1955
2808,448,2002
2809,448,1941
2810,443,1837
2811,448,1717
2812,442,1605
2813,443,1529
2814,448,1587
2815,448,1699
2816,448,1877
2817,442,1947
2818,442,2009
2819,448,1951
2820,448,1855
2821,448,1725
2822,443,1612
2823,448,1523
2824,442,1583
2825,442,1694
2826,448,1879
2827,444,1962
2828,443,2007
2829,448,1947
2830,448,1843
2831,448,1718
2832,443,1599
2833,442,1526
2834,442,1591
2835,448,1709
2836,448,1869
2837,442,1960
2838,443,2009
2839,442,1947
2840,442,1843
2841,448,1719
2842,442,1605
2843,448,1525
2844,448,1591
2845,444,1709
2846,448,1869
2847,448,1958
2848,448,2007
2849,448,1944
2850,448,1843
2851,448,1717
2852,442,1604
2853,448,1522
2854,444,1593
2855,448,1708
2856,448,1866
2857,448,1957
2858,448,2007
2859,448,1947
2860,448,1845
2861,448,1720
2862,443,1606
2863,442,1527
2864,448,1592
2865,448,1709
2866,448,1869
2867,442,1958
2868,448,2009
2869,444,1948
2870,448,1848
2871,443,1722
2872,443,1609
2873,442,1527
2874,442,1591
2875,448,1709
2876,448,1867
2877,442,1957
2878,443,2007
2879,442,1948
2880,448,1848
2881,442,1723
2882,448,1609
2883,443,1524
2884,448,1589
2885,448,1704
2886,448,1863
2887,448,1951
2888,449,2004
2889,448,1941
2890,449,1865
2891,450,1733
2892,448,1617
2893,448,1515
2894,442,1576
2895,448,1677
2896,448,1839
2897,448,1943
2898,443,2005
2899,448,1951
2900,448,1865
2901,442,1738
2902,448,1598
2903,442,1523
2904,448,1586
2905,449,1703
2906,448,1867
2907,448,1962
2908,449,2019
2909,448,1961
2910,448,1863
2911,448,1733
2912,442,1609
2913,448,1516
2914,442,1579
2915,448,1694
2916,448,1853
2917,443,1955
2918,448,2007
2919,443,1947
2920,442,1847
2921,448,1717
2922,448,1588
2923,442,1498
2924,448,1559
2925,442,1673
2926,442,1834
2927,448,1933
2928,448,1981
2929,443,1927
2930,448,1827
2931,442,1701
2932,448,1571
2933,448,1480
2934,442,1533
2935,447,1646
2936,442,1813
2937,442,1915
2938,443,1965
2939,448,1909
2940,448,1815
2941,448,1689
2942,448,1557
2943,448,1462
2944,448,1519
2945,442,1638
2946,442,1805
2947,448,1909
2948,444,1961
2949,448,1907
2950,448,1815
2951,442,1689
2952,443,1555
2953,448,1459
2954,443,1516
2955,442,1631
2956,443,1804
2957,442,1912
2958,448,1963
2959,443,1911
2960,442,1819
2961,448,1693
2962,448,1557
2963,448,1459
2964,443,1516
2965,448,1637
2966,448,1811
2967,444,1918
2968,443,1974
2969,448,1915
2970,443,1827
2971,448,1701
2972,444,1561
2973,448,1463
2974,448,1524
2975,443,1641
2976,448,1816
2977,448,1930
2978,448,1981
2979,444,1929
2980,448,1834
2981,442,1707
2982,448,1567
2983,448,1465
2984,448,1527
2985,448,1643
2986,450,1821
2987,442,1938
2988,448,1991
2989,448,1931
2990,448,1863
2991,448,1724
2992,448,1587
2993,443,1467
2994,448,1518
2995,448,1623
2996,442,1811
2997,448,1933
2998,448,1997
2999,448,1947
3000,449,1834
3001,448,1737
3002,443,1567
3003,448,1471
3004,442,1533
3005,443,1653
3006,444,1833
3007,448,1951
3008,448,2007
3009,448,1949
3010,448,1861
3011,448,1726
3012,448,1581
3013,448,1483
3014,442,1529
3015,448,1629
3016,442,1819
3017,443,1945
3018,448,2008
3019,443,1960
3020,448,1879
3021,443,1747
3022,443,1599
3023,442,1482
3024,448,1527
3025,448,1635
3026,448,1834
3027,447,1967
3028,442,2015
3029,443,1958
3030,448,1869
3031,443,1739
3032,448,1592
3033,442,1483
3034,448,1545
3035,443,1657
3036,448,1839
3037,448,1963
3038,442,2019
3039,444,1963
3040,448,1875
3041,442,1742
3042,443,1593
3043,442,1483
3044,447,1545
3045,443,1659
3046,448,1843
3047,447,1965
3048,442,2021
3049,442,1964
3050,442,1877
3051,447,1747
3052,448,1595
3053,442,1485
3054,448,1547
3055,447,1658
3056,447,1843
3057,442,1965
3058,448,2024
3059,443,1967
3060,442,1881
3061,448,1747
3062,448,1597
3063,448,1487
3064,448,1546
3065,450,1658
3066,444,1839
3067,448,1965
3068,443,2025
3069,449,1967
3070,442,1881
3071,447,1749
3072,448,1599
3073,443,1487
3074,448,1545
3075,448,1656
3076,442,1843
3077,448,1966
3078,448,2025
3079,449,1971
3080,442,1883
3081,448,1749
3082,448,1599
3083,448,1487
3084,448,1546
3085,448,1653
3086,442,1843
3087,448,1966
3088,448,2027
3089,444,1971
3090,448,1884
3091,448,1751
3092,448,1606
3093,447,1487
3094,448,1547
3095,448,1653
3096,448,1839
3097,448,1966
3098,448,2027
3099,443,1971
3100,447,1884
3101,448,1751
3102,448,1606
3103,448,1487
3104,448,1545
3105,448,1654
3106,448,1839
3107,448,1966
3108,444,2024
3109,442,1971
3110,444,1884
3111,448,1752
3112,443,1607
3113,448,1491
3114,442,1533
3115,448,1628
3116,448,1819
3117,448,1951
3118,442,2023
3119,450,1977
3120,448,1899
3121,448,1821
3122,443,1623
3123,448,1493
3124,448,1531
3125,448,1624
3126,448,1846
3127,448,1967
3128,443,2027
3129,448,1973
3130,448,1887
3131,448,1754
3132,447,1607
3133,448,1491
3134,448,1545
3135,448,1647
3136,449,1837
3137,448,1964
3138,448,2027
3139,444,1974
3140,448,1891
3141,444,1755
3142,442,1609
3143,442,1491
3144,448,1544
3145,444,1645
3146,443,1837
3147,442,1965
3148,441,2018
3149,448,1975
3150,451,1911
3151,448,1780
3152,448,1596
3153,448,1491
3154,448,1547
3155,448,1645
3156,447,1837
3157,448,1965
3158,448,2029
3159,442,1976
3160,442,1891
3161,442,1757
3162,447,1612
3163,448,1492
3164,442,1545
3165,448,1644
3166,448,1833
3167,442,1963
3168,444,2027
3169,448,1976
3170,448,1893
3171,442,1759
3172,448,1614
3173,447,1491
3174,448,1545
3175,442,1643
3176,442,1832
3177,448,1961
3178,443,2027
3179,443,1975
3180,443,1893
3181,448,1759
3182,447,1613
3183,443,1491
3184,444,1544
3185,447,1641
3186,448,1834
3187,448,1961
3188,442,2027
3189,442,1976
3190,448,1893
3191,448,1762
3192,442,1618
3193,447,1493
3194,442,1545
3195,442,1640
3196,442,1831
3197,448,1959
3198,448,2027
3199,443,1977
3200,442,1892
3201,442,1759
3202,448,1615
3203,448,1493
3204,448,1544
3205,442,1640
3206,448,1831
3207,448,1959
3208,448,2027
3209,442,1978
3210,443,1896
3211,448,1763
3212,443,1617
3213,442,1491
3214,447,1527
3215,442,1620
3216,442,1811
3217,442,1943
3218,442,2020
3219,448,1982
3220,442,1911
3221,443,1773
3222,443,1637
3223,443,1501
3224,442,1527
3225,448,1613
3226,448,1837
3227,443,1960
3228,442,2028
3229,447,1979
3230,444,1898
3231,448,1767
3232,442,1621
3233,448,1497
3234,448,1543
3235,448,1637
3236,448,1823
3237,443,1957
3238,442,2027
3239,443,1978
3240,442,1901
3241,448,1767
3242,442,1621
3243,448,1496
3244,448,1542
3245,442,1637
3246,442,1829
3247,448,1956
3248,443,2027
3249,448,1980
3250,442,1902
3251,442,1767
3252,442,1621
3253,448,1496
3254,449,1542
3255,444,1633
3256,447,1827
3257,442,1955
3258,443,2026
3259,447,1979
3260,448,1901
3261,444,1767
3262,447,1623
3263,443,1497
3264,448,1533
3265,448,1629
3266,448,1823
3267,448,1951
3268,442,2027
3269,447,1981
3270,442,1901
3271,442,1769
3272,442,1626
3273,448,1497
3274,448,1541
3275,442,1631
3276,443,1823
3277,443,1952
3278,443,2027
3279,442,1979
3280,443,1903
3281,443,1770
3282,442,1625
3283,448,1495
3284,443,1533
3285,442,1629
3286,442,1821
3287,442,1951
3288,442,2025
3289,448,1981
3290,442,1903
3291,448,1769
3292,442,1627
3293,442,1498
3294,443,1533
3295,448,1627
3296,443,1821
3297,443,1951
3298,443,2025
3299,442,1981
3300,442,1907
3301,442,1771
3302,443,1629
3303,447,1499
3304,441,1532
3305,448,1628
3306,442,1820
3307,442,1951
3308,448,2025
3309,442,1983
3310,444,1909
3311,442,1773
3312,442,1629
3313,447,1493
3314,442,1525
3315,448,1608
3316,447,1799
3317,448,1933
3318,442,2019
3319,444,1992
3320,442,1925
3321,442,1782
3322,443,1647
3323,443,1511
3324,443,1525
3325,443,1605
3326,443,1831
3327,443,1951
3328,448,2026
3329,442,1983
3330,442,1910
3331,448,1773
3332,442,1630
3333,448,1501
3334,442,1531
3335,448,1623
3336,442,1817
3337,442,1947
3338,447,2025
3339,442,1984
3340,442,1911
3341,444,1773
3342,442,1635
3343,442,1501
3344,443,1531
3345,443,1621
3346,442,1818
3347,443,1946
3348,443,2023
3349,447,1983
3350,448,1912
3351,443,1774
3352,448,1636
3353,448,1501
3354,442,1531
3355,442,1621
3356,443,1814
3357,448,1945
3358,448,2023
3359,443,1983
3360,442,1912
3361,442,1774
3362,443,1635
3363,442,1502
3364,442,1531
3365,448,1621
3366,442,1816
3367,448,1945
3368,442,2023
3369,442,1983
3370,448,1913
3371,447,1775
3372,443,1635
3373,443,1503
3374,442,1529
3375,442,1619
3376,448,1813
3377,442,1945
3378,444,2023
3379,442,1989
3380,447,1915
3381,448,1775
3382,443,1638
3383,443,1506
3384,444,1529
3385,442,1618
3386,447,1812
3387,443,1944
3388,442,2023
3389,443,1981
3390,442,1929
3391,442,1787
3392,442,1657
3393,442,1515
3394,443,1519
3395,448,1595
3396,449,1786
3397,442,1929
3398,442,2013
3399,442,1994
3400,442,1931
3401,442,1787
3402,443,1628
3403,442,1505
3404,442,1529
3405,442,1617
3406,442,1813
3407,442,1943
3408,442,2023
3409,448,1989
3410,443,1917
3411,444,1780
3412,441,1641
3413,442,1507
3414,447,1529
3415,442,1613
3416,442,1811
3417,442,1941
3418,442,2023
3419,442,1990
3420,447,1919
3421,442,1781
3422,442,1641
3423,442,1507
3424,442,1527
3425,442,1613
3426,442,1807
3427,441,1941
3428,442,2021
3429,443,1991
3430,442,1918
3431,442,1781
3432,442,1645
3433,442,1509
3434,440,1527
3435,442,1611
3436,442,1807
3437,442,1939
3438,441,2022
3439,443,1990
3440,442,1919
3441,447,1781
3442,443,1647
3443,444,1509
3444,448,1527
3445,442,1612
3446,442,1805
3447,448,1940
3448,443,2019
3449,442,1989
3450,442,1918
3451,442,1783
3452,442,1644
3453,442,1509
3454,442,1525
3455,442,1607
3456,443,1803
3457,442,1937
3458,448,2021
3459,442,1993
3460,442,1925
3461,442,1781
3462,447,1646
3463,448,1511
3464,448,1527
3465,448,1609
3466,441,1805
3467,442,1935
3468,442,2020
3469,442,1993
3470,448,1927
3471,443,1783
3472,444,1651
3473,443,1511
3474,442,1526
3475,442,1607
3476,442,1802
3477,443,1935
3478,442,2021
3479,442,1993
3480,442,1927
3481,442,1785
3482,443,1651
3483,447,1513
3484,442,1524
3485,442,1608
3486,441,1801
3487,448,1935
3488,442,2020
3489,443,1989
3490,442,1939
3491,442,1799
3492,447,1675
3493,442,1524
3494,442,1514
3495,442,1588
3496,448,1773
3497,439,1918
3498,444,2010
3499,443,1999
3500,442,1915
3501,442,1789
3502,442,1645
3503,442,1513
3504,443,1525
3505,442,1600
3506,442,1799
3507,442,1931
3508,443,2019
3509,448,1996
3510,448,1929
3511,442,1787
3512,443,1655
3513,442,1501
3514,442,1515
3515,443,1583
3516,442,1773
3517,443,1917
3518,442,2008
3519,441,2001
3520,442,1940
3521,448,1803
3522,442,1678
3523,442,1528
3524,443,1513
3525,442,1583
3526,442,1803
3527,442,1934
3528,444,2019
3529,442,1995
3530,448,1931
3531,442,1789
3532,444,1657
3533,448,1515
3534,448,1519
3535,443,1599
3536,442,1787
3537,443,1931
3538,442,2014
3539,442,1994
3540,443,1931
3541,447,1791
3542,442,1659
3543,448,1516
3544,448,1519
3545,448,1597
3546,448,1788
3547,448,1933
3548,443,2013
3549,442,1995
3550,448,1933
3551,447,1790
3552,443,1660
3553,442,1517
3554,448,1518
3555,442,1597
3556,448,1789
3557,442,1929
3558,447,2014
3559,442,1995
3560,442,1934
3561,448,1791
3562,443,1662
3563,442,1519
3564,443,1519
3565,448,1597
3566,448,1787
3567,448,1930
3568,447,2013
3569,442,1997
3570,443,1935
3571,443,1790
3572,448,1663
3573,448,1522
3574,443,1517
3575,448,1595
3576,448,1786
3577,448,1929
3578,448,2013
3579,442,1997
3580,448,1933
3581,443,1797
3582,442,1663
3583,443,1519
3584,448,1517
3585,448,1595
3586,442,1785
3587,447,1927
3588,448,2012
3589,442,1997
3590,444,1938
3591,448,1799
3592,448,1669
3593,443,1519
3594,448,1515
3595,442,1592
3596,448,1783
3597,448,1926
3598,448,2013
3599,448,1998
3600,448,1931
3601,447,1797
3602,448,1671
3603,442,1523
3604,442,1517
3605,443,1592
3606,442,1783
3607,448,1927
3608,442,2011
3609,442,1998
3610,443,1934
3611,442,1799
3612,448,1672
3613,442,1487
3614,442,1510
3615,442,1578
3616,448,1761
3617,442,1909
3618,442,2004
3619,442,2005
3620,448,1943
3621,448,1812
3622,448,1689
3623,443,1541
3624,448,1507
3625,447,1579
3626,442,1798
3627,447,1927
3628,442,2011
3629,447,1999
3630,448,1935
3631,442,1802
3632,442,1673
3633,448,1528
3634,447,1516
3635,448,1591
3636,448,1780
3637,444,1925
3638,448,2011
3639,448,1999
3640,443,1941
3641,442,1803
3642,441,1674
3643,442,1525
3644,448,1515
3645,448,1589
3646,448,1779
3647,448,1919
3648,442,2011
3649,443,2003
3650,442,1941
3651,442,1805
3652,448,1676
3653,442,1528
3654,448,1515
3655,448,1588
3656,442,1779
3657,448,1919
3658,443,2011
3659,448,2003
3660,444,1941
3661,448,1805
3662,443,1677
3663,443,1527
3664,442,1515
3665,448,1588
3666,449,1775
3667,443,1919
3668,448,2009
3669,448,2001
3670,448,1943
3671,442,1805
3672,443,1679
3673,448,1528
3674,448,1513
3675,442,1584
3676,448,1775
3677,448,1917
3678,443,2010
3679,448,2003
3680,442,1943
3681,442,1805
3682,448,1679
3683,448,1529
3684,443,1514
3685,443,1583
3686,448,1773
3687,444,1918
3688,448,2009
3689,443,2004
3690,448,1941
3691,448,1807
3692,447,1683
3693,447,1531
3694,448,1513
3695,442,1583
3696,448,1772
3697,448,1916
3698,448,2008
3699,442,2004
3700,443,1941
3701,448,1807
3702,448,1683
3703,444,1532
3704,444,1511
3705,448,1582
3706,448,1769
3707,448,1915
3708,443,2008
3709,447,2006
3710,448,1944
3711,442,1811
3712,448,1685
3713,442,1527
3714,448,1500
3715,443,1573
3716,443,1747
3717,443,1899
3718,448,1999
3719,448,2010
3720,448,1949
3721,448,1822
3722,443,1702
3723,443,1551
3724,443,1500
3725,442,1509
3726,448,1781
3727,442,1917
3728,448,2008
3729,442,2005
3730,442,1944
3731,444,1813
3732,442,1687
3733,448,1541
3734,448,1511
3735,443,1580
3736,448,1767
3737,448,1913
3738,443,2008
3739,448,2007
3740,443,1944
3741,442,1814
3742,448,1689
3743,442,1543
3744,448,1509
3745,448,1581
3746,448,1765
3747,444,1913
3748,448,2007
3749,448,2007
3750,448,1945
3751,448,1815
3752,448,1689
3753,449,1543
3754,442,1509
3755,442,1579
3756,442,1764
3757,443,1912
3758,448,2007
3759,448,2008
3760,442,1945
3761,448,1815
3762,448,1689
3763,448,1543
3764,448,1509
3765,448,1579
3766,448,1764
3767,448,1912
3768,443,2007
3769,443,2007
3770,448,1947
3771,442,1815
3772,448,1691
3773,443,1543
3774,443,1509
3775,447,1579
3776,448,1759
3777,449,1912
3778,443,2006
3779,448,2007
3780,448,1945
3781,448,1815
3782,448,1691
3783,442,1543
3784,448,1508
3785,444,1579
3786,444,1759
3787,448,1911
3788,448,2004
3789,448,2008
3790,448,1948
3791,448,1817
3792,448,1693
3793,443,1545
3794,447,1509
3795,448,1577
3796,443,1757
3797,448,1910
3798,448,2006
3799,442,2008
3800,448,1944
3801,448,1817
3802,448,1695
3803,443,1545
3804,444,1507
3805,442,1577
3806,448,1758
3807,448,1911
3808,443,2005
3809,447,2008
3810,443,1948
3811,447,1819
3812,448,1695
3813,448,1542
3814,448,1496
3815,443,1567
3816,448,1727
3817,448,1891
3818,443,1995
3819,443,2015
3820,443,1956
3821,443,1833
3822,443,1709
3823,443,1560
3824,443,1496
3825,448,1566
3826,443,1768
3827,448,1911
3828,443,2003
3829,443,2011
3830,447,1949
3831,442,1822
3832,443,1699
3833,448,1549
3834,447,1507
3835,442,1576
3836,448,1751
3837,442,1907
3838,448,2003
3839,443,2013
3840,448,1950
3841,448,1821
3842,448,1699
3843,440,1549
3844,442,1503
3845,442,1573
3846,444,1751
3847,448,1903
3848,442,2004
3849,448,2011
3850,448,1951
3851,443,1822
3852,448,1699
3853,448,1549
3854,443,1505
3855,443,1575
3856,448,1751
3857,448,1903
3858,448,2003
3859,448,2011
3860,448,1949
3861,448,1823
3862,448,1702
3863,448,1553
3864,444,1501
3865,448,1573
3866,448,1751
3867,443,1903
3868,449,2003
3869,443,2013
3870,448,1951
3871,448,1827
3872,448,1703
3873,448,1550
3874,448,1501
3875,448,1573
3876,443,1747
3877,448,1903
3878,443,2003
3879,442,2013
3880,448,1951
3881,442,1829
3882,448,1705
3883,447,1553
3884,442,1502
3885,448,1573
3886,442,1747
3887,442,1901
3888,443,1999
3889,448,2008
3890,443,1959
3891,448,1841
3892,442,1717
3893,441,1564
3894,442,1507
3895,442,1563
3896,442,1717
3897,442,1885
3898,447,1989
3899,442,2021
3900,448,1957
3901,448,1845
3902,442,1700
3903,443,1555
3904,448,1501
3905,443,1572
3906,442,1745
3907,442,1901
3908,442,2001
3909,442,2015
3910,448,1952
3911,448,1831
3912,443,1706
3913,448,1557
3914,440,1499
3915,442,1573
3916,443,1740
3917,443,1899
3918,442,2002
3919,443,2018
3920,448,1955
3921,448,1833
3922,443,1708
3923,448,1559
3924,442,1499
3925,447,1571
3926,443,1739
3927,448,1899
3928,444,1998
3929,443,2015
3930,448,1955
3931,448,1832
3932,448,1708
3933,448,1559
3934,442,1499
3935,448,1571
3936,448,1739
3937,442,1897
3938,448,1996
3939,442,2015
3940,448,1955
3941,444,1833
3942,442,1711
3943,443,1559
3944,443,1496
3945,447,1572
3946,442,1737
3947,442,1897
3948,443,1997
3949,442,2018
3950,442,1957
3951,448,1835
3952,442,1711
3953,443,1560
3954,443,1497
3955,444,1567
3956,449,1735
3957,440,1895
3958,448,1997
3959,442,2019
3960,448,1956
3961,442,1835
3962,442,1711
3963,442,1560
3964,442,1497
3965,441,1568
3966,443,1735
3967,448,1895
3968,441,1995
3969,442,2019
3970,442,1957
3971,443,1835
3972,442,1711
3973,449,1561
3974,448,1495
3975,442,1567
3976,448,1733
3977,442,1895
3978,443,1996
3979,448,2019
3980,443,1957
3981,443,1838
3982,442,1711
3983,442,1562
3984,442,1497
3985,442,1567
3986,442,1733
3987,447,1895
3988,448,1996
3989,448,2014
3990,443,1962
3991,443,1851
3992,447,1725
3993,443,1575
3994,442,1491
3995,449,1560
3996,442,1703
3997,443,1877
3998,448,1981
3999,448,2021
4000,441,1949
4001,442,1860
4002,442,1707
4003,442,1563
4004,448,1495
4005,442,1567
4006,447,1725
4007,442,1893
4008,448,1995
4009,442,2021
4010,448,1959
4011,444,1839
4012,448,1715
4013,448,1532
4014,447,1493
4015,448,1559
4016,442,1701
4017,443,1875
4018,442,1981
4019,442,2023
4020,442,1963
4021,441,1855
4022,442,1727
4023,443,1579
4024,443,1490
4025,443,1560
4026,442,1715
4027,442,1899
4028,442,1995
4029,443,2019
4030,443,1959
4031,443,1843
4032,443,1718
4033,448,1567
4034,442,1495
4035,442,1565
4036,442,1719
4037,447,1887
4038,442,1992
4039,442,2020
4040,442,1961
4041,442,1844
4042,442,1720
4043,442,1567
4044,442,1493
4045,448,1565
4046,443,1719
4047,448,1885
4048,442,1992
4049,442,2023
4050,448,1959
4051,442,1844
4052,442,1720
4053,443,1567
4054,443,1493
4055,442,1563
4056,443,1718
4057,442,1887
4058,448,1992
4059,448,2021
4060,447,1960
4061,448,1847
4062,448,1720
4063,442,1567
4064,448,1493
4065,448,1563
4066,442,1715
4067,442,1887
4068,442,1992
4069,444,2021
4070,442,1961
4071,442,1847
4072,442,1722
4073,442,1571
4074,448,1493
4075,448,1564
4076,448,1715
4077,442,1885
4078,448,1993
4079,448,2024
4080,440,1961
4081,441,1849
4082,448,1723
4083,442,1572
4084,442,1493
4085,442,1565
4086,442,1711
4087,442,1883
4088,443,1991
4089,442,2023
4090,442,1963
4091,441,1849
4092,440,1722
4093,442,1574
4094,442,1493
4095,448,1565
4096,442,1709
4097,447,1885
4098,448,1989
4099,441,2025
4100,448,1961
4101,448,1849
4102,442,1723
4103,448,1575
4104,443,1493
4105,442,1564
4106,448,1707
4107,442,1883
4108,442,1990
4109,448,2023
4110,442,1963
4111,442,1850
4112,442,1725
4113,441,1549
4114,442,1493
4115,442,1556
4116,442,1683
4117,442,1865
4118,442,1979
4119,443,2026
4120,448,1965
4121,442,1867
4122,443,1738
4123,443,1588
4124,443,1489
4125,443,1553
4126,442,1719
4127,443,1882
4128,442,1990
4129,442,2022
4130,443,1961
4131,443,1853
4132,441,1723
4133,442,1575
4134,442,1493
4135,442,1560
4136,448,1705
4137,448,1879
4138,442,1983
4139,443,2023
4140,442,1964
4141,448,1855
4142,442,1726
4143,448,1578
4144,442,1493
4145,442,1560
4146,441,1704
4147,448,1877
4148,442,1991
4149,442,2025
4150,442,1963
4151,442,1863
4152,448,1726
4153,442,1577
4154,442,1493
4155,442,1562
4156,442,1701
4157,447,1880
4158,442,1989
4159,448,2025
4160,443,1965
4161,447,1855
4162,448,1725
4163,442,1579
4164,442,1495
4165,442,1561
4166,443,1703
4167,448,1877
4168,448,1987
4169,442,2025
4170,448,1964
4171,442,1861
4172,443,1727
4173,448,1580
4174,448,1495
4175,448,1561
4176,442,1700
4177,448,1877
4178,448,1984
4179,443,2023
4180,447,1965
4181,442,1863
4182,442,1734
4183,448,1580
4184,440,1493
4185,442,1561
4186,442,1700
4187,443,1875
4188,440,1984
4189,442,2025
4190,442,1965
4191,443,1863
4192,447,1735
4193,442,1581
4194,442,1495
4195,448,1560
4196,447,1695
4197,442,1875
4198,442,1981
4199,443,2025
4200,443,1965
4201,443,1855
4202,442,1735
4203,442,1582
4204,442,1493
4205,442,1559
4206,442,1699
4207,448,1875
4208,442,1983
4209,447,2027
4210,442,1966
4211,441,1866
4212,448,1735
4213,442,1573
4214,442,1491
4215,442,1553
4216,443,1663
4217,443,1851
4218,442,1973
4219,448,2027
4220,442,1971
4221,443,1879
4222,442,1749
4223,442,1595
4224,443,1487
4225,442,1549
4226,448,1703
4227,443,1871
4228,442,1983
4229,442,2024
4230,442,1966
4231,448,1869
4232,443,1737
4233,444,1583
4234,448,1493
4235,443,1560
4236,443,1691
4237,447,1868
4238,443,1981
4239,448,2025
4240,448,1966
4241,442,1868
4242,444,1737
4243,443,1583
4244,441,1493
4245,442,1559
4246,443,1689
4247,448,1867
4248,443,1983
4249,448,2027
4250,442,1967
4251,447,1870
4252,447,1739
4253,442,1588
4254,443,1491
4255,448,1557
4256,447,1688
4257,448,1867
4258,448,1979
4259,442,2027
4260,442,1967
4261,447,1870
4262,442,1739
4263,443,1589
4264,442,1491
4265,442,1557
4266,443,1687
4267,448,1867
4268,448,1979
4269,443,2028
4270,442,1967
4271,443,1871
4272,442,1739
4273,448,1590
4274,448,1491
4275,448,1557
4276,442,1685
4277,444,1865
4278,448,1979
4279,448,2027
4280,443,1968
4281,442,1871
4282,442,1742
4283,442,1590
4284,442,1491
4285,442,1559
4286,448,1685
4287,442,1865
4288,443,1978
4289,442,2027
4290,442,1973
4291,442,1875
4292,448,1740
4293,448,1591
4294,442,1493
4295,442,1557
4296,442,1683
4297,448,1864
4298,447,1979
4299,448,2028
4300,448,1969
4301,442,1875
4302,442,1741
4303,448,1591
4304,443,1493
4305,440,1555
4306,448,1683
4307,448,1863
4308,442,1977
4309,448,2028
4310,447,1971
4311,448,1876
4312,442,1741
4313,442,1581
4314,448,1491
4315,448,1547
4316,443,1651
4317,442,1842
4318,448,1967
4319,444,2027
4320,448,1974
4321,442,1891
4322,447,1755
4323,443,1608
4324,448,1491
4325,448,1546
4326,448,1690
4327,442,1865
4328,443,1979
4329,443,2028
4330,448,1971
4331,448,1879
4332,448,1746
4333,442,1594
4334,442,1492
4335,443,1555
4336,442,1675
4337,448,1855
4338,448,1977
4339,442,2028
4340,442,1973
4341,448,1879
4342,448,1747
4343,448,1595
4344,442,1491
4345,442,1555
4346,443,1674
4347,442,1854
4348,442,1979
4349,448,2031
4350,444,1973
4351,447,1881
4352,448,1747
4353,448,1596
4354,442,1491
4355,442,1554
4356,441,1677
4357,442,1854
4358,442,1976
4359,448,2029
4360,443,1972
4361,442,1880
4362,443,1747
4363,448,1595
4364,448,1491
4365,447,1553
4366,442,1673
4367,442,1853
4368,447,1976
4369,448,2029
4370,448,1974
4371,448,1882
4372,448,1749
4373,447,1599
4374,441,1490
4375,448,1553
4376,443,1671
4377,443,1851
4378,444,1976
4379,442,2028
4380,443,1972
4381,442,1882
4382,442,1749
4383,448,1599
4384,442,1490
4385,442,1553
4386,443,1669
4387,448,1851
4388,443,1975
4389,447,2027
4390,443,1976
4391,447,1895
4392,448,1761
4393,448,1613
4394,448,1492
4395,442,1544
4396,442,1641
4397,443,1833
4398,448,1961
4399,442,2026
4400,442,1977
4401,439,1897
4402,442,1747
4403,443,1597
4404,448,1490
4405,448,1553
4406,442,1669
4407,442,1849
4408,442,1975
4409,442,2031
4410,447,1975
4411,442,1883
4412,443,1751
4413,441,1599
4414,441,1491
4415,442,1553
4416,442,1669
4417,440,1849
4418,442,1976
4419,442,2029
4420,443,1974
4421,442,1885
4422,442,1751
4423,448,1600
4424,442,1487
4425,447,1551
4426,442,1663
4427,442,1849
4428,442,1975
4429,442,2031
4430,443,1975
4431,443,1887
4432,442,1752
4433,448,1605
4434,442,1491
4435,443,1553
4436,442,1661
4437,442,1849
4438,443,1973
4439,443,2029
4440,442,1975
4441,448,1887
4442,448,1753
4443,448,1607
4444,448,1491
4445,442,1549
4446,442,1659
4447,442,1844
4448,448,1973
4449,448,2029
4450,443,1975
4451,448,1887
4452,447,1752
4453,442,1605
4454,448,1490
4455,442,1549
4456,448,1657
4457,442,1845
4458,442,1973
4459,448,2029
4460,448,1973
4461,442,1891
4462,448,1753
4463,443,1607
4464,444,1490
4465,447,1549
4466,443,1657
4467,448,1845
4468,448,1971
4469,448,2031
4470,448,1975
4471,448,1891
4472,442,1755
4473,441,1607
4474,442,1491
4475,442,1547
4476,448,1655
4477,442,1843
4478,447,1973
4479,444,2031
4480,448,1973
4481,442,1891
4482,448,1756
4483,448,1610
4484,442,1491
4485,442,1549
4486,444,1656
4487,442,1843
4488,442,1971
4489,444,2029
4490,443,1981
4491,442,1903
4492,442,1767
4493,443,1623
4494,442,1497
4495,443,1541
4496,448,1629
4497,442,1822
4498,443,1952
4499,448,2025
4500,448,1971
4501,444,1897
4502,443,1754
4503,443,1611
4504,443,1492
4505,442,1547
4506,442,1652
4507,443,1839
4508,442,1971
4509,442,2029
4510,448,1978
4511,442,1896
4512,442,1758
4513,442,1593
4514,443,1499
4515,442,1532
4516,442,1627
4517,450,1821
4518,442,1949
4519,443,2025
4520,443,1981
4521,441,1907
4522,448,1771
4523,448,1629
4524,442,1499
4525,448,1531
4526,448,1657
4527,442,1845
4528,443,1967
4529,442,2031
4530,448,1978
4531,448,1895
4532,442,1762
4533,443,1613
4534,448,1493
4535,448,1546
4536,442,1645
4537,442,1837
4538,442,1964
4539,442,2029
4540,448,1979
4541,448,1896
4542,448,1763
4543,448,1617
4544,448,1493
4545,448,1545
4546,443,1643
4547,448,1835
4548,448,1963
4549,448,2029
4550,448,1979
4551,448,1897
4552,443,1764
4553,448,1615
4554,448,1493
4555,441,1545
4556,443,1643
4557,442,1834
4558,448,1961
4559,447,2031
4560,443,1979
4561,448,1899
4562,448,1765
4563,448,1619
4564,442,1494
4565,448,1545
4566,448,1642
4567,442,1834
4568,443,1962
4569,442,2029
4570,448,1977
4571,442,1900
4572,444,1767
4573,448,1619
4574,448,1497
4575,441,1545
4576,448,1640
4577,448,1833
4578,442,1961
4579,448,2031
4580,442,1981
4581,442,1899
4582,448,1767
4583,447,1621
4584,442,1495
4585,443,1545
4586,443,1640
4587,443,1832
4588,442,1960
4589,443,2029
4590,448,1979
4591,443,1902
4592,441,1767
4593,448,1622
4594,440,1495
4595,442,1544
4596,442,1639
4597,443,1831
4598,442,1960
4599,442,2029
4600,448,1979
4601,447,1903
4602,442,1767
4603,448,1623
4604,448,1496
4605,448,1545
4606,448,1638
4607,442,1831
4608,442,1961
4609,442,2030
4610,442,1981
4611,443,1903
4612,448,1767
4613,442,1593
4614,441,1508
4615,443,1529
4616,442,1617
4617,448,1811
4618,442,1944
4619,448,2023
4620,443,1990
4621,443,1915
4622,448,1775
4623,448,1641
4624,443,1502
4625,448,1528
4626,442,1644
4627,442,1829
4628,443,1959
4629,448,2028
4630,442,1981
4631,447,1904
4632,447,1768
4633,448,1626
4634,448,1495
4635,442,1541
4636,443,1631
4637,443,1827
4638,442,1958
4639,442,2027
4640,448,1982
4641,448,1908
4642,447,1768
4643,442,1627
4644,442,1497
4645,443,1542
4646,448,1635
4647,448,1827
4648,442,1958
4649,448,2027
4650,442,1984
4651,448,1909
4652,448,1768
4653,443,1627
4654,442,1497
4655,442,1533
4656,442,1631
4657,447,1823
4658,448,1959
4659,442,2027
4660,442,1982
4661,448,1909
4662,448,1769
4663,443,1629
4664,441,1497
4665,442,1541
4666,443,1634
4667,448,1823
4668,448,1957
4669,442,2027
4670,442,1983
4671,442,1911
4672,448,1771
4673,448,1629
4674,442,1499
4675,442,1533
4676,442,1630
4677,443,1823
4678,444,1956
4679,442,2027
4680,448,1983
4681,442,1911
4682,448,1773
4683,448,1633
4684,442,1500
4685,442,1533
4686,443,1628
4687,447,1820
4688,442,1951
4689,442,2027
4690,443,1989
4691,442,1912
4692,442,1772
4693,442,1631
4694,442,1501
4695,442,1533
4696,443,1627
4697,442,1821
4698,444,1951
4699,448,2027
4700,448,1983
4701,442,1914
4702,443,1773
4703,441,1635
4704,442,1501
4705,447,1532
4706,443,1627
4707,448,1817
4708,448,1951
4709,448,2026
4710,448,1983
4711,442,1915
4712,442,1772
4713,448,1625
4714,442,1513
4715,442,1525
4716,448,1605
4717,448,1797
4718,448,1933
4719,448,2015
4720,449,1993
4721,443,1927
4722,443,1786
4723,442,1653
4724,443,1513
4725,448,1523
4726,442,1635
4727,448,1819
4728,448,1948
4729,448,2025
4730,448,1989
4731,442,1914
4732,448,1775
4733,443,1637
4734,443,1503
4735,448,1531
4736,448,1623
4737,442,1816
4738,448,1947
4739,443,2025
4740,442,1989
4741,442,1915
4742,442,1779
4743,443,1639
4744,448,1503
4745,448,1531
4746,442,1621
4747,449,1814
4748,448,1947
4749,442,2025
4750,448,1984
4751,442,1916
4752,448,1774
4753,442,1640
4754,448,1503
4755,448,1530
4756,442,1621
4757,442,1815
4758,449,1947
4759,442,2023
4760,448,1991
4761,443,1917
4762,443,1779
4763,447,1641
4764,442,1507
4765,442,1529
4766,442,1621
4767,443,1813
4768,443,1944
4769,448,2023
4770,442,1992
4771,444,1918
4772,448,1775
4773,448,1643
4774,448,1508
4775,448,1530
4776,448,1618
4777,443,1811
4778,448,1945
4779,448,2023
4780,448,1991
4781,448,1920
4782,443,1780
4783,448,1643
4784,448,1509
4785,448,1528
4786,448,1612
4787,442,1811
4788,448,1944
4789,444,2024
4790,442,1991
4791,443,1920
4792,442,1781
4793,442,1643
4794,448,1507
4795,442,1528
4796,443,1614
4797,443,1811
4798,443,1944
4799,442,2023
4800,442,1991
4801,448,1919
4802,443,1781
4803,448,1641
4804,448,1509
4805,442,1527
4806,448,1615
4807,442,1812
4808,443,1943
4809,448,2024
4810,442,1993
4811,443,1926
4812,442,1783
4813,442,1637
4814,443,1519
4815,448,1517
4816,441,1593
4817,443,1781
4818,443,1929
4819,443,2013
4820,448,1997
4821,448,1935
4822,443,1798
4823,443,1663
4824,443,1519
4825,448,1517
4826,442,1619
4827,444,1810
4828,442,1941
4829,442,2021
4830,442,1992
4831,444,1927
4832,440,1783
4833,448,1648
4834,442,1512
4835,443,1527
4836,442,1611
4837,442,1805
4838,443,1939
4839,448,2019
4840,442,1993
4841,442,1929
4842,442,1784
4843,442,1651
4844,440,1511
4845,442,1525
4846,448,1610
4847,448,1802
4848,442,1940
4849,442,2021
4850,447,1995
4851,448,1928
4852,443,1785
4853,448,1652
4854,448,1513
4855,443,1526
4856,448,1609
4857,442,1803
4858,442,1939
4859,442,2021
4860,447,1995
4861,448,1930
4862,441,1785
4863,442,1654
4864,447,1511
4865,443,1527
4866,442,1607
4867,442,1803
4868,442,1939
4869,442,2020
4870,448,1995
4871,442,1931
4872,442,1785
4873,443,1655
4874,447,1513
4875,443,1527
4876,448,1606
4877,441,1801
4878,441,1939
4879,448,2020
4880,442,1996
4881,443,1932
4882,441,1788
4883,448,1655
4884,449,1519
4885,448,1517
4886,442,1591
4887,448,1783
4888,448,1908
4889,448,2003
4890,447,1995
4891,448,1927
4892,448,1811
4893,440,1679
4894,441,1527
4895,449,1529
4896,440,1599
4897,448,1781
4898,442,1920
4899,448,2011
4900,443,2014
4901,440,1948
4902,441,1801
4903,448,1684
4904,448,1532
4905,440,1509
4906,448,1595
4907,448,1764
4908,439,1918
4909,448,2011
4910,448,2001
4911,450,1929
4912,447,1791
4913,443,1645
4914,442,1528
4915,440,1513
4916,442,1584
4917,442,1771
4918,443,1917
4919,442,2021
4920,442,1999
4921,443,1941
4922,443,1805
4923,442,1684
4924,441,1529
4925,440,1513
4926,442,1607
4927,443,1800
4928,448,1933
4929,442,2015
4930,448,1997
4931,448,1935
4932,443,1789
4933,448,1660
4934,448,1519
4935,442,1523
4936,442,1595
4937,448,1791
4938,443,1933
4939,443,2017
4940,443,1999
4941,442,1934
4942,447,1791
4943,442,1662
4944,442,1519
4945,440,1519
4946,442,1597
4947,442,1791
4948,442,1931
4949,442,2015
4950,442,2003
4951,442,1939
4952,448,1798
4953,442,1669
4954,442,1519
4955,442,1519
4956,442,1597
4957,442,1789
4958,448,1931
4959,448,2015
4960,444,1999
4961,444,1939
4962,442,1792
4963,443,1669
4964,442,1523
4965,447,1520
4966,447,1596
4967,448,1789
4968,448,1931
4969,443,2015
4970,442,1999
4971,443,1939
4972,448,1799
4973,443,1669
4974,442,1523
4975,442,1519
4976,448,1595
4977,443,1789
4978,443,1931
4979,444,2015
4980,443,1997
4981,443,1939
4982,444,1799
4983,448,1672
4984,442,1524
4985,448,1520
4986,447,1593
4987,448,1785
4988,442,1929
4989,448,2015
4990,442,2003
4991,442,1939
4992,443,1800
4993,443,1672
4994,448,1523
4995,448,1517
4996,443,1592
4997,442,1787
4998,448,1927
4999,444,2015
5000,442,1995
5001,442,1939
5002,442,1800
5003,448,1672
5004,442,1525
5005,448,1517
5006,443,1592
5007,443,1784
5008,442,1927
5009,442,2013
5010,442,2001
5011,443,1939
5012,442,1799
5013,442,1681
5014,443,1544
5015,442,1508
5016,443,1578
5017,442,1755
5018,442,1911
5019,442,2005
5020,443,2008
5021,443,1947
5022,447,1816
5023,448,1693
5024,448,1545
5025,448,1521
5026,443,1626
5027,442,1764
5028,442,1908
5029,448,2005
5030,442,2009
5031,448,1947
5032,447,1817
5033,443,1694
5034,448,1545
5035,442,1507
5036,443,1577
5037,442,1755
5038,442,1911
5039,448,2011
5040,443,1997
5041,443,1943
5042,448,1805
5043,443,1677
5044,442,1529
5045,443,1515
5046,448,1588
5047,448,1775
5048,447,1920
5049,442,2012
5050,447,2005
5051,448,1944
5052,442,1806
5053,448,1679
5054,443,1529
5055,443,1516
5056,443,1589
5057,448,1775
5058,442,1919
5059,448,2011
5060,448,2005
5061,448,1944
5062,448,1806
5063,443,1685
5064,448,1531
5065,442,1515
5066,443,1587
5067,442,1773
5068,442,1919
5069,448,2011
5070,448,2007
5071,443,1944
5072,444,1809
5073,447,1685
5074,448,1532
5075,448,1514
5076,448,1587
5077,447,1773
5078,442,1919
5079,442,2010
5080,443,2006
5081,442,1945
5082,443,1810
5083,448,1685
5084,448,1532
5085,448,1512
5086,447,1583
5087,448,1773
5088,442,1918
5089,443,2010
5090,448,2005
5091,448,1945
5092,448,1810
5093,447,1687
5094,443,1533
5095,448,1513
5096,443,1583
5097,448,1771
5098,443,1917
5099,442,2010
5100,442,2007
5101,442,1945
5102,448,1815
5103,448,1689
5104,443,1533
5105,448,1513
5106,448,1582
5107,448,1769
5108,447,1916
5109,448,2009
5110,442,2007
5111,448,1947
5112,442,1813
5113,448,1658
5114,448,1533
5115,448,1513
5116,448,1587
5117,448,1768
5118,448,1915
5119,448,2008
5120,443,2008
5121,448,1947
5122,448,1815
5123,442,1690
5124,442,1540
5125,448,1512
5126,448,1591
5127,448,1743
5128,443,1900
5129,448,1997
5130,442,2013
5131,448,1951
5132,444,1829
5133,443,1705
5134,442,1555
5135,448,1499
5136,442,1571
5137,442,1741
5138,443,1897
5139,443,2011
5140,443,2008
5141,448,1949
5142,442,1816
5143,442,1691
5144,447,1544
5145,442,1511
5146,442,1581
5147,441,1765
5148,442,1914
5149,442,2007
5150,447,2011
5151,441,1948
5152,448,1818
5153,442,1693
5154,442,1545
5155,442,1510
5156,442,1579
5157,441,1765
5158,443,1913
5159,441,2008
5160,444,2009
5161,443,1949
5162,448,1817
5163,441,1695
5164,441,1546
5165,448,1509
5166,442,1579
5167,442,1762
5168,442,1911
5169,448,2007
5170,441,2011
5171,448,1948
5172,442,1819
5173,443,1695
5174,443,1547
5175,442,1508
5176,442,1577
5177,442,1759
5178,448,1912
5179,443,2007
5180,442,2010
5181,448,1949
5182,442,1820
5183,442,1696
5184,447,1549
5185,443,1509
5186,448,1578
5187,443,1757
5188,443,1909
5189,443,2005
5190,448,2011
5191,442,1950
5192,443,1821
5193,448,1700
5194,442,1549
5195,442,1507
5196,443,1577
5197,442,1756
5198,442,1909
5199,447,2005
5200,442,2011
5201,442,1951
5202,442,1821
5203,442,1700
5204,442,1548
5205,442,1508
5206,442,1579
5207,442,1757
5208,448,1909
5209,442,2005
5210,448,2012
5211,442,1952
5212,448,1821
5213,448,1701
5214,443,1549
5215,441,1507
5216,440,1577
5217,442,1755
5218,442,1908
5219,442,2004
5220,443,2013
5221,442,1951
5222,448,1823
5223,442,1703
5224,443,1551
5225,442,1507
5226,448,1583
5227,447,1723
5228,442,1893
5229,442,1993
5230,442,2021
5231,442,1957
5232,448,1843
5233,443,1716
5234,442,1567
5235,442,1495
5236,440,1567
5237,443,1723
5238,443,1891
5239,443,2008
5240,442,2014
5241,442,1955
5242,441,1827
5243,447,1705
5244,443,1554
5245,448,1502
5246,442,1575
5247,440,1749
5248,448,1903
5249,448,2004
5250,448,2015
5251,447,1955
5252,448,1827
5253,448,1705
5254,448,1554
5255,448,1503
5256,442,1575
5257,442,1747
5258,443,1903
5259,443,2003
5260,443,2014
5261,443,1952
5262,444,1829
5263,442,1707
5264,442,1555
5265,448,1502
5266,448,1575
5267,442,1747
5268,442,1903
5269,448,1999
5270,440,2018
5271,442,1955
5272,442,1831
5273,448,1707
5274,442,1556
5275,443,1502
5276,448,1573
5277,443,1748
5278,448,1903
5279,443,2001
5280,448,2015
5281,442,1955
5282,448,1832
5283,448,1707
5284,443,1558
5285,442,1501
5286,442,1573
5287,442,1746
5288,442,1901
5289,442,2002
5290,442,2018
5291,442,1955
5292,442,1831
5293,448,1709
5294,448,1558
5295,442,1501
5296,443,1573
5297,442,1743
5298,448,1900
5299,441,1999
5300,448,2019
5301,443,1959
5302,448,1835
5303,448,1709
5304,442,1559
5305,442,1501
5306,442,1573
5307,448,1741
5308,442,1899
5309,442,1999
5310,442,2020
5311,442,1958
5312,442,1833
5313,443,1711
5314,442,1560
5315,442,1500
5316,442,1573
5317,443,1743
5318,440,1899
5319,442,1999
5320,442,2019
5321,442,1957
5322,447,1836
5323,448,1711
5324,442,1562
5325,442,1499
5326,442,1577
5327,442,1707
5328,443,1884
5329,442,1989
5330,448,2021
5331,442,1961
5332,443,1851
5333,442,1723
5334,444,1573
5335,442,1493
5336,443,1561
5337,442,1708
5338,442,1879
5339,442,2003
5340,443,2019
5341,442,1959
5342,443,1837
5343,443,1711
5344,443,1561
5345,448,1499
5346,442,1568
5347,443,1735
5348,447,1895
5349,448,1995
5350,448,2020
5351,442,1959
5352,442,1837
5353,442,1715
5354,440,1565
5355,441,1500
5356,442,1568
5357,441,1735
5358,440,1895
5359,440,1997
5360,443,2021
5361,442,1959
5362,442,1839
5363,442,1717
5364,442,1563
5365,443,1496
5366,442,1568
5367,442,1727
5368,443,1893
5369,442,1997
5370,442,2023
5371,442,1959
5372,442,1845
5373,448,1718
5374,447,1564
5375,442,1497
5376,444,1567
5377,442,1727
5378,442,1893
5379,443,1996
5380,442,2021
5381,442,1959
5382,444,1843
5383,442,1719
5384,442,1566
5385,442,1497
5386,442,1567
5387,441,1725
5388,442,1893
5389,443,1999
5390,448,2025
5391,442,1963
5392,442,1855
5393,442,1735
5394,441,1579
5395,442,1493
5396,442,1560
5397,442,1701
5398,442,1877
5399,442,1981
5400,440,2025
5401,442,1963
5402,443,1835
5403,442,1717
5404,442,1566
5405,442,1495
5406,442,1567
5407,443,1723
5408,442,1893
5409,443,1995
5410,442,2023
5411,442,1961
5412,442,1843
5413,442,1719
5414,441,1567
5415,442,1496
5416,442,1567
5417,442,1723
5418,443,1893
5419,442,1993
5420,448,2021
5421,442,1961
5422,442,1845
5423,440,1719
5424,442,1567
5425,443,1497
5426,443,1567
5427,442,1719
5428,442,1892
5429,442,1993
5430,443,2023
5431,442,1961
5432,442,1845
5433,447,1720
5434,442,1570
5435,441,1495
5436,442,1567
5437,442,1719
5438,443,1891
5439,443,1993
5440,442,2023
5441,442,1961
5442,444,1847
5443,443,1721
5444,442,1571
5445,443,1496
5446,447,1565
5447,448,1719
5448,448,1891
5449,448,1993
5450,443,2024
5451,442,1961
5452,443,1847
5453,442,1723
5454,440,1571
5455,448,1493
5456,442,1565
5457,442,1716
5458,442,1887
5459,448,1993
5460,442,2025
5461,442,1963
5462,442,1849
5463,442,1721
5464,448,1571
5465,442,1495
5466,441,1565
5467,448,1715
5468,448,1887
5469,442,1992
5470,441,2025
5471,441,1963
5472,443,1849
5473,443,1723
5474,442,1573
5475,442,1495
5476,442,1565
5477,442,1710
5478,441,1887
5479,442,1991
5480,444,2023
5481,442,1963
5482,442,1851
5483,448,1723
5484,447,1575
5485,442,1495
5486,442,1566
5487,448,1711
5488,442,1884
5489,442,1995
5490,442,2025
5491,443,1965
5492,443,1868
5493,442,1739
5494,442,1588
5495,442,1491
5496,442,1556
5497,442,1685
5498,442,1867
5499,442,1979
5500,441,2021
5501,442,1965
5502,442,1849
5503,440,1723
5504,441,1575
5505,443,1493
5506,442,1565
5507,443,1707
5508,442,1883
5509,442,1991
5510,447,2025
5511,442,1965
5512,442,1853
5513,443,1726
5514,442,1577
5515,442,1495
5516,443,1563
5517,443,1705
5518,442,1883
5519,442,1989
5520,447,2025
5521,448,1965
5522,442,1853
5523,442,1726
5524,440,1576
5525,442,1494
5526,448,1567
5527,442,1683
5528,442,1863
5529,442,1977
5530,442,2027
5531,448,1967
5532,441,1875
5533,442,1748
5534,440,1591
5535,442,1491
5536,442,1553
5537,442,1679
5538,448,1861
5539,447,1993
5540,448,2025
5541,448,1963
5542,443,1854
5543,442,1727
5544,442,1577
5545,442,1495
5546,442,1563
5547,442,1703
5548,442,1879
5549,442,1990
5550,443,2025
5551,442,1966
5552,442,1861
5553,443,1734
5554,441,1579
5555,442,1495
5556,442,1563
5557,442,1701
5558,442,1875
5559,442,1989
5560,448,2025
5561,444,1967
5562,442,1862
5563,441,1735
5564,442,1581
5565,443,1494
5566,447,1562
5567,442,1699
5568,442,1877
5569,442,1989
5570,443,2025
5571,442,1967
5572,444,1863
5573,442,1736
5574,442,1583
5575,442,1491
5576,442,1562
5577,442,1699
5578,442,1878
5579,440,1984
5580,440,2027
5581,442,1966
5582,442,1864
5583,442,1735
5584,442,1583
5585,442,1494
5586,442,1562
5587,442,1695
5588,442,1877
5589,442,1989
5590,441,2027
5591,447,1967
5592,442,1866
5593,442,1737
5594,441,1583
5595,440,1494
5596,441,1561
5597,441,1695
5598,441,1877
5599,442,1983
5600,440,2025
5601,442,1967
5602,442,1867
5603,442,1737
5604,443,1583
5605,442,1495
5606,442,1563
5607,442,1693
5608,448,1875
5609,442,1989
5610,441,2027
5611,442,1968
5612,448,1866
5613,442,1715
5614,442,1583
5615,442,1495
5616,442,1560
5617,442,1695
5618,440,1875
5619,440,1983
5620,441,2027
5621,442,1971
5622,441,1867
5623,442,1736
5624,440,1583
5625,442,1493
5626,442,1564
5627,443,1661
5628,443,1852
5629,440,1975
5630,442,2027
5631,448,1973
5632,443,1881
5633,442,1751
5634,441,1598
5635,442,1489
5636,442,1553
5637,441,1663
5638,443,1851
5639,442,1989
5640,443,2028
5641,448,1967
5642,442,1870
5643,442,1739
5644,442,1588
5645,443,1493
5646,442,1560
5647,442,1692
5648,447,1869
5649,442,1980
5650,442,2029
5651,442,1971
5652,443,1871
5653,442,1739
5654,442,1589
5655,442,1494
5656,443,1561
5657,442,1689
5658,443,1869
5659,442,1981
5660,448,2027
5661,442,1971
5662,442,1871
5663,442,1739
5664,442,1589
5665,441,1493
5666,447,1557
5667,441,1689
5668,442,1867
5669,442,1980
5670,441,2028
5671,442,1971
5672,441,1873
5673,442,1739
5674,440,1591
5675,441,1493
5676,442,1560
5677,440,1688
5678,442,1867
5679,441,1983
5680,442,2029
5681,443,1972
5682,441,1873
5683,441,1741
5684,442,1591
5685,442,1493
5686,443,1557
5687,442,1687
5688,442,1866
5689,447,1981
5690,443,2029
5691,440,1971
5692,442,1874
5693,442,1742
5694,442,1591
5695,443,1492
5696,442,1557
5697,442,1685
5698,444,1865
5699,442,1981
5700,442,2029
5701,442,1971
5702,443,1876
5703,443,1741
5704,443,1592
5705,442,1491
5706,443,1556
5707,442,1687
5708,442,1865
5709,442,1979
5710,442,2029
5711,442,1973
5712,442,1877
5713,444,1742
5714,442,1593
5715,447,1493
5716,442,1559
5717,442,1685
5718,442,1864
5719,442,1980
5720,442,2029
5721,442,1973
5722,441,1879
5723,448,1746
5724,442,1593
5725,442,1493
5726,442,1560
5727,442,1655
5728,443,1844
5729,442,1968
5730,442,2031
5731,443,1977
5732,442,1892
5733,442,1755
5734,442,1609
5735,442,1491
5736,442,1547
5737,443,1655
5738,442,1846
5739,442,1979
5740,442,2029
5741,442,1971
5742,443,1879
5743,442,1742
5744,442,1595
5745,442,1491
5746,442,1556
5747,443,1679
5748,443,1863
5749,440,1979
5750,442,2031
5751,442,1973
5752,442,1879
5753,442,1747
5754,442,1595
5755,440,1492
5756,442,1556
5757,442,1678
5758,441,1863
5759,442,1979
5760,442,2029
5761,441,1972
5762,442,1881
5763,442,1747
5764,442,1595
5765,442,1492
5766,443,1558
5767,442,1678
5768,442,1861
5769,441,1979
5770,442,2031
5771,440,1972
5772,440,1879
5773,447,1747
5774,447,1596
5775,442,1491
5776,440,1556
5777,440,1675
5778,447,1861
5779,442,1977
5780,442,2031
5781,442,1973
5782,442,1881
5783,442,1749
5784,442,1597
5785,442,1491
5786,442,1556
5787,442,1677
5788,442,1855
5789,442,1977
5790,448,2030
5791,442,1973
5792,442,1880
5793,442,1747
5794,442,1597
5795,442,1493
5796,442,1555
5797,442,1671
5798,442,1855
5799,442,1976
5800,442,2028
5801,442,1974
5802,447,1881
5803,442,1749
5804,442,1597
5805,442,1492
5806,442,1555
5807,443,1673
5808,440,1854
5809,442,1976
5810,443,2031
5811,442,1975
5812,448,1883
5813,447,1751
5814,442,1597
5815,443,1494
5816,442,1556
5817,442,1672
5818,442,1855
5819,442,1978
5820,441,2031
5821,448,1974
5822,442,1884
5823,448,1751
5824,442,1599
5825,448,1491
5826,442,1558
5827,448,1642
5828,441,1835
5829,442,1963
5830,442,2029
5831,441,1979
5832,448,1899
5833,442,1765
5834,442,1615
5835,442,1493
5836,448,1544
5837,448,1643
5838,442,1835
5839,442,1977
5840,443,2031
5841,442,1973
5842,443,1885
5843,442,1752
5844,448,1605
5845,441,1491
5846,448,1553
5847,448,1663
5848,442,1849
5849,447,1976
5850,448,2031
5851,442,1975
5852,443,1886
5853,442,1753
5854,443,1607
5855,440,1491
5856,442,1554
5857,442,1669
5858,442,1849
5859,442,1976
5860,442,2031
5861,441,1975
5862,442,1886
5863,442,1752
5864,442,1607
5865,448,1494
5866,442,1551
5867,442,1668
5868,442,1849
5869,442,1973
5870,442,2030
5871,449,1975
5872,442,1887
5873,447,1752
5874,448,1607
5875,442,1491
5876,442,1551
5877,443,1659
5878,442,1848
5879,448,1973
5880,443,2030
5881,442,1975
5882,448,1891
5883,441,1754
5884,443,1607
5885,442,1492
5886,448,1553
5887,447,1663
5888,442,1849
5889,442,1979
5890,443,2031
5891,442,1979
5892,441,1903
5893,442,1765
5894,448,1621
5895,442,1495
5896,443,1543
5897,441,1639
5898,440,1827
5899,441,1960
5900,442,2028
5901,443,1980
5902,442,1885
5903,443,1753
5904,442,1606
5905,443,1491
5906,443,1553
5907,442,1657
5908,442,1849
5909,448,1974
5910,448,2033
5911,442,1977
5912,442,1891
5913,443,1755
5914,448,1607
5915,442,1493
5916,443,1553
5917,448,1657
5918,442,1845
5919,448,1972
5920,448,2031
5921,442,1976
5922,442,1892
5923,444,1755
5924,442,1608
5925,442,1492
5926,443,1551
5927,448,1656
5928,443,1847
5929,447,1973
5930,444,2031
5931,442,1977
5932,442,1893
5933,447,1757
5934,442,1611
5935,442,1493
5936,442,1553
5937,448,1657
5938,442,1847
5939,448,1973
5940,442,2031
5941,442,1976
5942,442,1893
5943,442,1757
5944,442,1609
5945,442,1491
5946,442,1549
5947,442,1656
5948,448,1845
5949,441,1971
5950,443,2032
5951,443,1978
5952,441,1893
5953,440,1757
5954,442,1609
5955,442,1493
5956,447,1549
5957,448,1655
5958,441,1842
5959,440,1971
5960,442,2035
5961,442,1977
5962,442,1894
5963,442,1757
5964,442,1612
5965,443,1493
5966,442,1549
5967,442,1653
5968,442,1843
5969,442,1967
5970,442,2035
5971,442,1979
5972,443,1895
5973,442,1759
5974,443,1612
5975,443,1493
5976,442,1548
5977,443,1653
5978,442,1843
5979,448,1971
5980,444,2031
5981,442,1979
5982,442,1895
5983,443,1763
5984,447,1613
5985,441,1492
5986,442,1549
5987,442,1653
5988,440,1842
5989,441,1977
5990,443,2028
5991,442,1981
5992,444,1909
5993,442,1771
5994,442,1626
5995,443,1499
5996,442,1541
5997,442,1627
5998,442,1821
5999,448,1955
6000,444,2031
6001,441,1989
6002,442,1886
6003,448,1762
6004,443,1613
6005,448,1493
6006,440,1547
6007,448,1647
6008,443,1837
6009,448,1967
6010,443,2035
6011,442,1979
6012,448,1897
6013,448,1763
6014,442,1613
6015,448,1495
6016,443,1547
6017,442,1646
6018,443,1839
6019,443,1967
6020,442,2031
6021,448,1978
6022,448,1896
6023,443,1763
6024,448,1615
6025,447,1494
6026,442,1561
6027,442,1633
6028,448,1817
6029,448,1950
6030,442,2027
6031,448,1983
6032,448,1912
6033,444,1773
6034,448,1635
6035,443,1499
6036,442,1532
6037,449,1622
6038,443,1819
6039,442,1961
6040,448,2035
6041,444,1979
6042,442,1897
6043,442,1763
6044,442,1615
6045,448,1494
6046,442,1545
6047,444,1643
6048,448,1835
6049,448,1963
6050,443,2031
6051,448,1978
6052,442,1899
6053,441,1765
6054,442,1615
6055,443,1496
6056,448,1545
6057,448,1643
6058,442,1835
6059,442,1964
6060,443,2031
6061,448,1980
6062,448,1901
6063,448,1765
6064,442,1620
6065,448,1495
6066,448,1546
6067,447,1643
6068,442,1835
6069,442,1965
6070,442,2032
6071,448,1981
6072,448,1899
6073,440,1767
6074,448,1620
6075,441,1496
6076,443,1546
6077,442,1640
6078,448,1837
6079,448,1963
6080,441,2031
6081,442,1981
6082,442,1899
6083,442,1766
6084,442,1620
6085,441,1495
6086,442,1545
6087,440,1642
6088,442,1833
6089,442,1963
6090,442,2030
6091,440,1981
6092,440,1901
6093,442,1767
6094,442,1621
6095,442,1497
6096,442,1546
6097,441,1642
6098,440,1835
6099,442,1962
6100,443,2029
6101,442,1981
6102,442,1903
6103,442,1769
6104,447,1623
6105,442,1496
6106,442,1547
6107,442,1642
6108,440,1832
6109,442,1963
6110,442,2029
6111,442,1982
6112,442,1903
6113,442,1749
6114,442,1619
6115,440,1495
6116,442,1545
6117,442,1641
6118,441,1832
6119,442,1963
6120,442,2031
6121,442,1981
6122,447,1903
6123,442,1769
6124,442,1622
6125,447,1496
6126,441,1549
6127,442,1619
6128,442,1815
6129,442,1943
6130,441,2023
6131,440,1989
6132,442,1917
6133,443,1779
6134,441,1641
6135,442,1507
6136,442,1530
6137,444,1618
6138,441,1811
6139,447,1967
6140,442,2030
6141,442,1981
6142,444,1907
6143,447,1769
6144,444,1627
6145,447,1497
6146,442,1543
6147,442,1637
6148,441,1829
6149,442,1960
6150,442,2030
6151,444,1983
6152,442,1909
6153,443,1770
6154,442,1627
6155,442,1497
6156,443,1543
6157,442,1638
6158,442,1829
6159,443,1959
6160,442,2029
6161,441,1983
6162,442,1908
6163,448,1769
6164,444,1626
6165,443,1498
6166,447,1543
6167,442,1638
6168,443,1829
6169,442,1959
6170,442,2031
6171,442,1982
6172,442,1911
6173,447,1771
6174,442,1627
6175,442,1498
6176,442,1543
6177,442,1636
6178,442,1829
6179,442,1959
6180,442,2029
6181,440,1984
6182,442,1911
6183,444,1771
6184,442,1627
6185,443,1497
6186,442,1543
6187,442,1636
6188,442,1823
6189,448,1958
6190,442,2029
6191,442,1982
6192,442,1911
6193,440,1771
6194,442,1629
6195,442,1499
6196,442,1543
6197,440,1634
6198,442,1827
6199,442,1956
6200,442,2031
6201,442,1983
6202,442,1909
6203,442,1771
6204,442,1627
6205,441,1497
6206,443,1543
6207,442,1631
6208,442,1827
6209,441,1959
6210,442,2029
6211,442,1984
6212,442,1910
6213,442,1773
6214,442,1631
6215,442,1499
6216,442,1541
6217,443,1635
6218,442,1823
6219,442,1957
6220,441,2029
6221,442,1989
6222,442,1911
6223,441,1771
6224,442,1629
6225,442,1499
6226,442,1546
6227,440,1611
6228,448,1805
6229,442,1939
6230,443,2021
6231,442,1992
6232,442,1928
6233,443,1783
6234,442,1647
6235,442,1512
6236,442,1527
6237,440,1610
6238,442,1803
6239,441,1963
6240,442,2029
6241,442,1989
6242,443,1913
6243,448,1773
6244,441,1635
6245,442,1500
6246,447,1541
6247,442,1630
6248,442,1821
6249,442,1957
6250,442,2029
6251,442,1991
6252,447,1913
6253,440,1773
6254,442,1635
6255,448,1501
6256,442,1533
6257,442,1627
6258,440,1822
6259,442,1955
6260,443,2028
6261,442,1991
6262,442,1913
6263,447,1774
6264,441,1635
6265,442,1501
6266,442,1533
6267,448,1629
6268,442,1819
6269,442,1951
6270,443,2027
6271,448,1990
6272,443,1913
6273,448,1773
6274,444,1635
6275,448,1503
6276,442,1533
6277,441,1627
6278,442,1819
6279,443,1951
6280,442,2028
6281,442,1991
6282,441,1915
6283,442,1775
6284,442,1638
6285,442,1503
6286,441,1533
6287,442,1624
6288,441,1818
6289,442,1951
6290,442,2027
6291,442,1991
6292,441,1915
6293,442,1778
6294,442,1639
6295,442,1505
6296,442,1531
6297,447,1625
6298,442,1818
6299,443,1951
6300,441,2027
6301,448,1991
6302,442,1916
6303,448,1775
6304,442,1637
6305,441,1502
6306,443,1533
6307,441,1625
6308,441,1819
6309,442,1948
6310,443,2027
6311,443,1991
6312,443,1915
6313,442,1779
6314,442,1639
6315,442,1506
6316,448,1531
6317,443,1625
6318,442,1817
6319,443,1950
6320,441,2027
6321,443,1991
6322,442,1917
6323,442,1775
6324,441,1640
6325,442,1508
6326,443,1543
6327,442,1603
6328,442,1799
6329,441,1931
6330,441,2019
6331,440,1995
6332,443,1931
6333,442,1787
6334,442,1655
6335,443,1517
6336,442,1524
6337,442,1599
6338,442,1797
6339,443,1957
6340,442,2027
6341,441,1991
6342,442,1919
6343,442,1780
6344,443,1641
6345,448,1503
6346,440,1531
6347,442,1621
6348,442,1815
6349,442,1948
6350,442,2027
6351,440,1993
6352,442,1919
6353,442,1779
6354,442,1641
6355,442,1508
6356,448,1532
6357,443,1623
6358,442,1815
6359,443,1947
6360,442,2025
6361,443,1992
6362,442,1919
6363,442,1781
6364,442,1642
6365,442,1507
6366,444,1530
6367,448,1621
6368,441,1813
6369,442,1946
6370,442,2024
6371,442,1992
6372,443,1919
6373,448,1780
6374,442,1643
6375,442,1507
6376,443,1531
6377,442,1619
6378,442,1813
6379,440,1946
6380,442,2025
6381,442,1993
6382,442,1919
6383,442,1781
6384,447,1645
6385,442,1509
6386,441,1529
6387,442,1619
6388,443,1813
6389,442,1955
6390,443,2018
6391,442,1997
6392,442,1934
6393,440,1790
6394,442,1660
6395,448,1517
6396,442,1518
6397,442,1597
6398,442,1789
6399,441,1931
6400,442,2015
6401,442,1995
6402,442,1915
6403,442,1781
6404,440,1642
6405,448,1509
6406,442,1531
6407,448,1619
6408,440,1814
6409,441,1945
6410,441,2024
6411,442,1993
6412,440,1919
6413,448,1783
6414,442,1645
6415,442,1509
6416,442,1531
6417,440,1613
6418,442,1813
6419,442,1945
6420,448,2026
6421,442,1995
6422,448,1925
6423,442,1783
6424,448,1645
6425,442,1511
6426,448,1529
6427,443,1617
6428,442,1813
6429,442,1943
6430,443,2023
6431,441,1993
6432,443,1919
6433,442,1783
6434,442,1646
6435,442,1511
6436,442,1529
6437,442,1614
6438,442,1811
6439,442,1945
6440,442,2025
6441,442,1993
6442,448,1919
6443,448,1783
6444,443,1646
6445,443,1511
6446,442,1528
6447,442,1615
6448,442,1809
6449,442,1943
6450,443,2023
6451,442,1994
6452,442,1927
6453,442,1783
6454,448,1647
6455,447,1509
6456,448,1529
6457,442,1613
6458,448,1811
6459,442,1941
6460,448,2023
6461,442,1993
6462,448,1928
6463,443,1783
6464,443,1647
6465,442,1510
6466,443,1531
6467,442,1613
6468,448,1807
6469,442,1943
6470,448,2025
6471,443,1993
6472,448,1927
6473,440,1784
6474,442,1647
6475,442,1513
6476,443,1529
6477,448,1613
6478,443,1811
6479,442,1942
6480,442,2024
6481,442,1993
6482,442,1927
6483,442,1785
6484,441,1652
6485,443,1511
6486,447,1529
6487,443,1611
6488,442,1811
6489,442,1948
6490,442,2013
6491,448,1999
6492,443,1939
6493,442,1802
6494,442,1672
6495,442,1523
6496,443,1516
6497,442,1592
6498,443,1783
6499,442,1927
6500,448,2025
6501,448,1999
6502,442,1925
6503,443,1785
6504,448,1651
6505,442,1513
6506,442,1528
6507,448,1608
6508,444,1805
6509,442,1939
6510,442,2023
6511,442,1995
6512,448,1930
6513,441,1787
6514,443,1653
6515,442,1515
6516,448,1527
6517,443,1608
6518,442,1805
6519,448,1938
6520,447,2023
6521,448,1997
6522,442,1929
6523,442,1787
6524,442,1653
6525,442,1516
6526,448,1542
6527,443,1592
6528,442,1781
6529,442,1927
6530,442,2011
6531,442,2001
6532,444,1941
6533,442,1803
6534,443,1675
6535,442,1526
6536,442,1516
6537,443,1589
6538,443,1775
6539,443,1943
6540,448,2023
6541,442,1995
6542,442,1930
6543,441,1787
6544,448,1653
6545,447,1515
6546,442,1525
6547,442,1605
6548,442,1803
6549,448,1938
6550,442,2022
6551,443,1997
6552,442,1930
6553,443,1789
6554,442,1655
6555,444,1517
6556,444,1525
6557,443,1606
6558,444,1803
6559,442,1939
6560,442,2021
6561,442,1998
6562,448,1931
6563,448,1789
6564,442,1656
6565,448,1518
6566,442,1526
6567,442,1607
6568,442,1802
6569,443,1936
6570,448,2021
6571,447,1997
6572,448,1931
6573,442,1790
6574,442,1657
6575,442,1517
6576,443,1525
6577,443,1604
6578,442,1801
6579,448,1937
6580,443,2021
6581,443,1997
6582,442,1933
6583,442,1789
6584,442,1655
6585,448,1517
6586,442,1526
6587,442,1605
6588,441,1803
6589,442,1937
6590,443,2021
6591,442,1997
6592,442,1932
6593,448,1788
6594,442,1659
6595,442,1517
6596,448,1525
6597,443,1605
6598,448,1800
6599,442,1934
6600,441,2024
6601,442,1998
6602,448,1932
6603,442,1791
6604,442,1657
6605,442,1517
6606,447,1527
6607,442,1604
6608,442,1800
6609,442,1933
6610,444,2021
6611,442,1999
6612,442,1935
6613,442,1771
6614,443,1655
6615,442,1517
6616,447,1523
6617,448,1617
6618,448,1803
6619,440,1939
6620,442,2008
6621,440,2002
6622,442,1942
6623,442,1799
6624,440,1673
6625,450,1529
6626,440,1516
6627,440,1597
6628,440,1765
6629,448,1933
6630,443,2025
6631,441,1991
6632,450,1941
6633,443,1803
6634,448,1661
6635,448,1525
6636,442,1508
6637,448,1576
6638,438,1787
6639,442,1929
6640,451,1999
6641,448,2005
6642,440,1939
6643,440,1804
6644,440,1681
6645,447,1529
6646,448,1511
6647,448,1581
6648,448,1774
6649,448,1912
6650,441,2017
6651,442,1998
6652,441,1945
6653,442,1809
6654,440,1685
6655,442,1533
6656,442,1514
6657,442,1583
6658,443,1770
6659,442,1917
6660,443,2009
6661,442,2006
6662,441,1945
6663,442,1787
6664,442,1661
6665,443,1523
6666,448,1525
6667,441,1597
6668,442,1791
6669,442,1932
6670,443,2020
6671,440,1999
6672,441,1939
6673,440,1799
6674,442,1663
6675,442,1523
6676,442,1523
6677,442,1597
6678,442,1791
6679,442,1933
6680,442,2019
6681,442,1999
6682,443,1939
6683,448,1800
6684,443,1669
6685,442,1523
6686,442,1523
6687,442,1596
6688,442,1791
6689,441,1931
6690,442,2019
6691,440,2003
6692,440,1939
6693,442,1799
6694,440,1669
6695,441,1524
6696,442,1519
6697,443,1597
6698,440,1791
6699,442,1930
6700,442,2015
6701,441,2003
6702,443,1939
6703,442,1801
6704,442,1672
6705,441,1524
6706,442,1523
6707,442,1595
6708,442,1789
6709,447,1931
6710,448,2019
6711,448,1999
6712,443,1938
6713,443,1801
6714,441,1671
6715,442,1525
6716,442,1523
6717,443,1595
6718,443,1789
6719,442,1931
6720,440,2015
6721,442,2003
6722,442,1939
6723,440,1800
6724,442,1671
6725,442,1525
6726,442,1523
6727,442,1595
6728,442,1788
6729,441,1931
6730,442,2015
6731,443,2003
6732,441,1939
6733,442,1801
6734,442,1672
6735,443,1525
6736,448,1519
6737,443,1593
6738,442,1787
6739,447,1930
6740,442,2019
6741,442,2003
6742,442,1941
6743,447,1802
6744,442,1673
6745,442,1526
6746,442,1519
6747,448,1595
6748,441,1786
6749,442,1931
6750,443,2023
6751,443,2010
6752,442,1947
6753,447,1814
6754,442,1689
6755,442,1533
6756,442,1509
6757,442,1582
6758,443,1765
6759,442,1913
6760,442,2007
6761,442,2005
6762,442,1947
6763,441,1790
6764,441,1671
6765,442,1523
6766,441,1519
6767,442,1595
6768,443,1785
6769,443,1931
6770,448,2015
6771,440,2004
6772,448,1942
6773,442,1803
6774,448,1673
6775,448,1526
6776,442,1517
6777,442,1593
6778,442,1784
6779,448,1930
6780,443,2013
6781,442,2003
6782,443,1941
6783,448,1803
6784,442,1675
6785,447,1525
6786,448,1519
6787,442,1593
6788,440,1783
6789,442,1929
6790,442,2015
6791,442,2004
6792,441,1942
6793,442,1803
6794,448,1675
6795,442,1527
6796,442,1519
6797,443,1593
6798,442,1783
6799,442,1930
6800,442,2018
6801,443,2003
6802,442,1944
6803,442,1803
6804,440,1673
6805,443,1525
6806,441,1518
6807,442,1594
6808,442,1784
6809,442,1929
6810,442,2015
6811,443,2005
6812,440,1941
6813,441,1803
6814,442,1675
6815,442,1528
6816,440,1518
6817,442,1592
6818,442,1783
6819,441,1929
6820,443,2015
6821,443,2003
6822,442,1943
6823,442,1803
6824,442,1677
6825,441,1528
6826,442,1519
6827,440,1592
6828,443,1785
6829,442,1929
6830,442,2013
6831,448,2004
6832,442,1943
6833,442,1806
6834,442,1678
6835,442,1529
6836,440,1519
6837,442,1591
6838,442,1784
6839,441,1929
6840,442,2012
6841,442,2005
6842,442,1944
6843,443,1805
6844,442,1677
6845,440,1527
6846,442,1517
6847,442,1593
6848,444,1783
6849,442,1928
6850,441,2024
6851,442,2009
6852,442,1949
6853,441,1819
6854,442,1695
6855,442,1546
6856,442,1509
6857,442,1579
6858,440,1758
6859,441,1909
6860,442,2007
6861,443,2009
6862,447,1949
6863,442,1799
6864,443,1677
6865,442,1529
6866,442,1517
6867,442,1592
6868,441,1780
6869,447,1928
6870,441,2014
6871,442,2005
6872,442,1945
6873,442,1805
6874,442,1682
6875,442,1529
6876,443,1516
6877,443,1591
6878,442,1779
6879,442,1928
6880,441,2012
6881,442,2005
6882,443,1943
6883,441,1807
6884,442,1682
6885,448,1528
6886,442,1517
6887,442,1591
6888,442,1779
6889,442,1931
6890,442,2004
6891,443,2011
6892,442,1948
6893,442,1819
6894,444,1699
6895,443,1549
6896,443,1507
6897,441,1575
6898,443,1753
6899,448,1909
6900,443,2004
6901,447,2011
6902,448,1939
6903,441,1805
6904,443,1681
6905,447,1529
6906,442,1515
6907,448,1587
6908,442,1779
6909,442,1920
6910,442,2011
6911,442,2007
6912,442,1944
6913,442,1807
6914,448,1683
6915,448,1531
6916,443,1515
6917,447,1589
6918,442,1779
6919,442,1925
6920,442,2012
6921,442,2007
6922,448,1944
6923,448,1811
6924,442,1684
6925,442,1532
6926,443,1516
6927,442,1589
6928,442,1775
6929,442,1919
6930,448,2012
6931,441,2006
6932,442,1945
6933,442,1811
6934,443,1684
6935,448,1533
6936,443,1516
6937,442,1589
6938,442,1775
6939,443,1919
6940,442,2011
6941,448,2005
6942,442,1944
6943,443,1811
6944,442,1685
6945,448,1533
6946,441,1515
6947,442,1589
6948,443,1774
6949,448,1925
6950,442,2011
6951,441,2008
6952,442,1945
6953,443,1812
6954,442,1685
6955,448,1542
6956,443,1515
6957,442,1587
6958,448,1774
6959,442,1919
6960,442,2011
6961,442,2006
6962,442,1945
6963,441,1811
6964,442,1685
6965,442,1533
6966,448,1516
6967,448,1587
6968,441,1773
6969,443,1919
6970,442,2012
6971,442,2008
6972,442,1946
6973,442,1811
6974,443,1688
6975,442,1541
6976,442,1515
6977,442,1587
6978,443,1773
6979,441,1919
6980,448,2012
6981,442,2008
6982,442,1947
6983,443,1813
6984,447,1687
6985,443,1533
6986,443,1515
6987,442,1587
6988,442,1773
6989,442,1929
6990,442,2004
6991,442,2011
6992,443,1951
6993,442,1823
6994,443,1703
6995,442,1554
6996,441,1503
6997,440,1575
6998,442,1749
6999,442,1907
7000,440,2020
7001,442,2017
7002,442,1940
7003,442,1811
7004,448,1687
7005,442,1541
7006,447,1515
7007,447,1587
7008,448,1773
7009,442,1917
7010,442,2011
7011,441,2008
7012,442,1947
7013,442,1814
7014,447,1688
7015,442,1541
7016,441,1515
7017,440,1587
7018,442,1773
7019,442,1918
7020,442,2011
7021,443,2009
7022,441,1948
7023,442,1815
7024,442,1688
7025,442,1542
7026,441,1530
7027,441,1579
7028,442,1747
7029,447,1903
7030,442,2003
7031,442,2015
7032,442,1951
7033,442,1827
7034,442,1707
7035,441,1553
7036,442,1501
7037,442,1574
7038,443,1749
7039,442,1913
7040,442,2013
7041,442,2008
7042,442,1947
7043,442,1813
7044,442,1689
7045,442,1543
7046,448,1512
7047,442,1583
7048,440,1771
7049,442,1917
7050,448,2008
7051,443,2009
7052,443,1948
7053,447,1815
7054,442,1692
7055,442,1543
7056,448,1511
7057,442,1583
7058,441,1770
7059,443,1917
7060,442,2010
7061,443,2009
7062,447,1948
7063,443,1815
7064,448,1691
7065,440,1543
7066,441,1512
7067,442,1583
7068,442,1769
7069,440,1915
7070,441,2010
7071,441,2008
7072,442,1947
7073,448,1816
7074,447,1689
7075,447,1543
7076,442,1513
7077,447,1583
7078,443,1769
7079,442,1915
7080,443,2011
7081,442,2009
7082,442,1947
7083,441,1816
7084,442,1691
7085,443,1544
7086,442,1513
7087,443,1582
7088,442,1768
7089,442,1915
7090,442,2011
7091,442,2008
7092,443,1948
7093,441,1817
7094,442,1692
7095,447,1545
7096,443,1512
7097,443,1583
7098,443,1767
7099,442,1915
7100,442,2011
7101,447,2010
7102,441,1948
7103,442,1817
7104,443,1693
7105,442,1546
7106,442,1512
7107,443,1582
7108,440,1767
7109,448,1913
7110,442,2008
7111,442,2009
7112,442,1947
7113,442,1797
7114,442,1688
7115,442,1543
7116,442,1512
7117,442,1581
7118,442,1766
7119,442,1914
7120,442,2007
7121,443,2010
7122,440,1949
7123,442,1816
7124,442,1693
7125,442,1543
7126,434,1517
7127,443,1571
7128,442,1741
7129,442,1928
7130,441,1997
7131,443,2014
7132,443,1951
7133,442,1831
7134,443,1707
7135,447,1557
7136,441,1501
7137,448,1572
7138,442,1737
7139,442,1919
7140,442,2009
7141,442,2009
7142,442,1950
7143,443,1817
7144,442,1695
7145,443,1545
7146,447,1511
7147,447,1580
7148,442,1764
7149,442,1915
7150,442,2009
7151,442,2009
7152,442,1949
7153,442,1817
7154,442,1694
7155,448,1546
7156,448,1509
7157,443,1580
7158,443,1763
7159,448,1913
7160,442,2007
7161,443,2009
7162,443,1949
7163,442,1817
7164,448,1694
7165,448,1546
7166,447,1511
7167,442,1580
7168,442,1761
7169,441,1912
7170,448,2008
7171,448,2009
7172,442,1951
7173,442,1819
7174,443,1695
7175,448,1545
7176,447,1510
7177,442,1581
7178,442,1763
7179,442,1913
7180,443,2009
7181,442,2010
7182,448,1951
7183,443,1818
7184,440,1695
7185,444,1545
7186,442,1511
7187,443,1583
7188,442,1763
7189,447,1913
7190,443,2008
7191,442,2011
7192,442,1951
7193,442,1820
7194,447,1699
7195,442,1548
7196,443,1511
7197,442,1582
7198,442,1763
7199,442,1914
7200,442,2009
7201,442,2009
7202,442,1950
7203,448,1817
7204,443,1695
7205,442,1547
7206,448,1511
7207,442,1580
7208,448,1763
7209,442,1912
7210,448,2008
7211,442,2011
7212,442,1951
7213,448,1820
7214,447,1701
7215,442,1546
7216,442,1509
7217,442,1581
7218,443,1763
7219,440,1915
7220,447,2009
7221,442,2013
7222,442,1950
7223,444,1819
7224,442,1696
7225,448,1547
7226,442,1516
7227,443,1572
7228,443,1739
7229,442,1897
7230,442,1997
7231,443,2020
7232,440,1957
7233,442,1833
7234,442,1710
7235,443,1561
7236,442,1499
7237,442,1571
7238,440,1735
7239,442,1917
7240,442,2008
7241,447,2011
7242,443,1951
7243,441,1820
7244,442,1699
7245,442,1547
7246,448,1510
7247,448,1579
7248,443,1759
7249,443,1912
7250,444,2007
7251,448,2012
7252,448,1950
7253,448,1819
7254,448,1701
7255,442,1547
7256,442,1510
7257,443,1580
7258,441,1759
7259,441,1912
7260,442,2008
7261,441,2012
7262,442,1951
7263,442,1821
7264,442,1701
7265,447,1547
7266,442,1509
7267,442,1579
7268,442,1757
7269,443,1913
7270,442,2006
7271,442,2012
7272,440,1955
7273,442,1821
7274,442,1702
7275,440,1549
7276,442,1508
7277,442,1580
7278,444,1757
7279,440,1912
7280,440,2006
7281,442,2011
7282,442,1951
7283,440,1821
7284,444,1701
7285,442,1549
7286,442,1509
7287,442,1579
7288,442,1759
7289,442,1911
7290,440,2007
7291,442,2013
7292,442,1951
7293,443,1821
7294,448,1701
7295,440,1549
7296,448,1508
7297,442,1579
7298,441,1757
7299,442,1911
7300,447,2007
7301,442,2013
7302,441,1951
7303,442,1821
7304,448,1702
7305,442,1553
7306,442,1509
7307,442,1581
7308,442,1757
7309,441,1912
7310,442,2006
7311,440,2012
7312,443,1951
7313,440,1822
7314,442,1703
7315,440,1549
7316,442,1509
7317,442,1579
7318,440,1755
7319,443,1909
7320,441,2005
7321,442,2013
7322,448,1952
7323,443,1823
7324,448,1702
7325,443,1549
7326,441,1513
7327,442,1567
7328,442,1733
7329,442,1893
7330,441,1995
7331,442,2017
7332,442,1957
7333,441,1837
7334,442,1712
7335,443,1565
7336,442,1495
7337,448,1567
7338,442,1725
7339,442,1914
7340,448,2005
7341,443,2012
7342,442,1951
7343,448,1822
7344,442,1702
7345,448,1549
7346,448,1507
7347,442,1579
7348,448,1753
7349,442,1909
7350,442,2005
7351,442,2014
7352,442,1951
7353,442,1823
7354,443,1705
7355,448,1549
7356,443,1507
7357,442,1577
7358,443,1753
7359,442,1909
7360,442,2007
7361,442,2015
7362,442,1956
7363,440,1823
7364,442,1703
7365,442,1553
7366,442,1508
7367,442,1579
7368,442,1755
7369,440,1911
7370,442,2007
7371,447,2015
7372,440,1955
7373,442,1827
7374,442,1702
7375,442,1550
7376,442,1507
7377,442,1579
7378,442,1753
7379,442,1911
7380,442,2005
7381,442,2014
7382,442,1951
7383,448,1829
7384,442,1705
7385,441,1555
7386,443,1508
7387,443,1580
7388,441,1753
7389,448,1914
7390,442,1996
7391,442,2020
7392,448,1959
7393,443,1843
7394,442,1717
7395,443,1565
7396,442,1497
7397,441,1567
7398,442,1725
7399,442,1891
7400,442,1995
7401,443,2019
7402,448,1947
7403,442,1823
7404,441,1703
7405,442,1551
7406,441,1507
7407,443,1576
7408,442,1753
7409,443,1909
7410,441,2005
7411,441,2014
7412,442,1951
7413,443,1827
7414,442,1701
7415,442,1549
7416,443,1507
7417,442,1577
7418,442,1755
7419,442,1908
7420,442,2005
7421,442,2012
7422,443,1957
7423,442,1823
7424,442,1705
7425,442,1553
7426,448,1509
7427,443,1576
7428,442,1753
7429,442,1907
7430,443,2005
7431,448,2013
7432,447,1951
7433,448,1827
7434,448,1706
7435,442,1555
7436,448,1508
7437,442,1576
7438,442,1755
7439,442,1908
7440,448,2007
7441,448,2015
7442,442,1957
7443,442,1828
7444,442,1704
7445,442,1553
7446,448,1507
7447,443,1576
7448,442,1754
7449,442,1907
7450,442,2007
7451,442,2018
7452,448,1958
7453,447,1828
7454,440,1705
7455,442,1555
7456,447,1507
7457,448,1576
7458,447,1755
7459,442,1909
7460,442,2007
7461,448,2019
7462,442,1957
7463,447,1831
7464,448,1705
7465,443,1553
7466,448,1507
7467,442,1577
7468,442,1753
7469,442,1909
7470,442,2005
7471,443,2013
7472,442,1951
7473,442,1828
7474,443,1705
7475,442,1555
7476,441,1507
7477,442,1577
7478,442,1753
7479,442,1907
7480,442,2003
7481,442,2013
7482,442,1955
7483,442,1830
7484,442,1705
7485,442,1555
7486,448,1503
7487,443,1577
7488,443,1751
7489,441,1910
7490,443,1993
7491,443,2021
7492,448,1959
7493,448,1843
7494,442,1718
7495,442,1565
7496,443,1495
7497,443,1567
7498,448,1723
7499,442,1891
7500,443,2009
7501,443,2012
7502,442,1951
7503,443,1824
7504,448,1704
7505,448,1555
7506,442,1503
7507,443,1576
7508,443,1752
7509,448,1907
7510,442,2005
7511,442,2017
7512,442,1955
7513,448,1823
7514,442,1703
7515,447,1555
7516,448,1507
7517,442,1576
7518,441,1751
7519,442,1908
7520,448,2003
7521,444,2015
7522,448,1955
7523,443,1828
7524,442,1706
7525,442,1556
7526,442,1516
7527,448,1568
7528,443,1721
7529,442,1887
7530,443,1993
7531,442,2020
7532,444,1959
7533,443,1839
7534,442,1718
7535,443,1567
7536,442,1496
7537,442,1565
7538,442,1719
7539,443,1911
7540,442,2005
7541,448,2014
7542,442,1957
7543,442,1830
7544,442,1706
7545,443,1558
7546,442,1503
7547,443,1575
7548,448,1748
7549,448,1903
7550,442,2003
7551,443,2019
7552,448,1956
7553,442,1831
7554,442,1707
7555,442,1557
7556,442,1503
7557,447,1573
7558,442,1751
7559,441,1903
7560,442,2003
7561,448,2020
7562,443,1957
7563,448,1832
7564,443,1709
7565,442,1557
7566,448,1506
7567,442,1575
7568,448,1749
7569,448,1903
7570,442,2003
7571,444,2019
7572,440,1957
7573,442,1831
7574,442,1710
7575,442,1559
7576,442,1502
7577,442,1575
7578,443,1749
7579,442,1904
7580,442,2002
7581,442,2015
7582,447,1956
7583,443,1831
7584,442,1708
7585,442,1558
7586,442,1501
7587,442,1573
7588,442,1747
7589,442,1902
7590,447,2002
7591,448,2019
7592,442,1957
7593,447,1832
7594,442,1707
7595,448,1556
7596,442,1502
7597,440,1572
7598,443,1747
7599,442,1903
7600,442,2007
7601,442,2018
7602,442,1957
7603,442,1831
7604,442,1707
7605,442,1559
7606,440,1503
7607,442,1575
7608,442,1750
7609,442,1903
7610,443,2003
7611,442,2019
7612,442,1957
7613,442,1805
7614,443,1708
7615,442,1556
7616,442,1502
7617,442,1576
7618,442,1751
7619,442,1903
7620,442,2004
7621,448,2018
7622,443,1957
7623,442,1831
7624,443,1709
7625,443,1555
7626,442,1509
7627,442,1564
7628,443,1719
7629,442,1886
7630,442,1992
7631,442,2022
7632,443,1959
7633,443,1846
7634,448,1719
7635,443,1567
7636,442,1493
7637,442,1565
7638,443,1718
7639,442,1909
7640,442,2003
7641,448,2019
7642,442,1957
7643,448,1832
7644,442,1710
7645,442,1559
7646,442,1501
7647,442,1575
7648,442,1745
7649,442,1903
7650,442,2003
7651,442,2019
7652,444,1957
7653,444,1831
7654,442,1709
7655,443,1557
7656,448,1501
7657,448,1575
7658,442,1742
7659,442,1907
7660,447,2003
7661,442,2019
7662,442,1957
7663,447,1833
7664,442,1709
7665,442,1557
7666,442,1501
7667,442,1576
7668,442,1745
7669,447,1903
7670,447,2002
7671,443,2018
7672,442,1956
7673,442,1832
7674,448,1709
7675,442,1558
7676,442,1502
7677,442,1576
7678,442,1743
7679,447,1904
7680,442,1999
7681,448,2019
7682,442,1956
7683,442,1832
7684,448,1711
7685,442,1557
7686,442,1501
7687,447,1575
7688,442,1741
7689,442,1902
7690,442,1999
7691,443,2021
7692,442,1959
7693,444,1832
7694,442,1711
7695,442,1558
7696,448,1502
7697,447,1573
7698,448,1741
7699,448,1902
7700,442,1999
7701,447,2019
7702,440,1958
7703,442,1831
7704,442,1711
7705,442,1559
7706,442,1502
7707,442,1575
7708,442,1743
7709,442,1903
7710,448,2002
7711,442,2018
7712,442,1959
7713,442,1833
7714,442,1711
7715,442,1559
7716,442,1501
7717,443,1575
7718,447,1742
7719,443,1903
7720,442,2003
7721,448,2019
7722,448,1958
7723,442,1835
7724,442,1710
7725,442,1558
7726,442,1508
7727,443,1565
7728,442,1719
7729,442,1890
7730,442,1993
7731,442,2023
7732,444,1961
7733,448,1849
7734,442,1721
7735,442,1571
7736,441,1493
7737,448,1565
7738,442,1717
7739,442,1907
7740,442,2004
7741,448,2015
7742,447,1958
7743,442,1833
7744,448,1711
7745,442,1559
7746,442,1501
7747,442,1576
7748,442,1745
7749,448,1903
7750,443,2001
7751,448,2019
7752,442,1957
7753,441,1833
7754,448,1711
7755,442,1559
7756,443,1501
7757,443,1573
7758,442,1741
7759,442,1901
7760,441,2003
7761,442,2019
7762,442,1957
7763,443,1833
7764,442,1710
7765,442,1560
7766,442,1500
7767,441,1575
7768,448,1741
7769,443,1903
7770,447,2002
7771,443,2019
7772,442,1959
7773,448,1833
7774,447,1709
7775,448,1559
7776,442,1499
7777,448,1573
7778,441,1742
7779,443,1901
7780,442,2003
7781,442,2019
7782,447,1957
7783,447,1833
7784,443,1711
7785,442,1560
7786,443,1501
7787,448,1573
7788,448,1741
7789,448,1903
7790,440,2003
7791,443,2019
7792,448,1957
7793,442,1833
7794,443,1710
7795,448,1559
7796,444,1500
7797,442,1574
7798,442,1741
7799,444,1901
7800,448,2005
7801,448,2019
7802,443,1959
7803,442,1833
7804,442,1711
7805,442,1559
7806,443,1502
7807,443,1574
7808,443,1740
7809,443,1902
7810,444,2002
7811,444,2020
7812,442,1958
7813,442,1836
7814,442,1710
7815,443,1560
7816,440,1501
7817,442,1574
7818,442,1743
7819,443,1901
7820,442,2002
7821,448,2021
7822,443,1957
7823,443,1832
7824,442,1710
7825,442,1560
7826,440,1507
7827,442,1565
7828,443,1715
7829,442,1885
7830,442,1991
7831,442,2022
7832,443,1960
7833,443,1847
7834,448,1721
7835,448,1572
7836,442,1495
7837,443,1565
7838,448,1717
7839,442,1907
7840,441,2003
7841,443,2020
7842,442,1959
7843,442,1834
7844,443,1715
7845,443,1561
7846,442,1499
7847,447,1573
7848,443,1739
7849,442,1902
7850,447,2003
7851,443,2020
7852,443,1959
7853,448,1835
7854,442,1715
7855,442,1559
7856,442,1500
7857,443,1573
7858,442,1738
7859,442,1901
7860,441,1999
7861,443,2019
7862,440,1961
7863,442,1835
7864,442,1711
7865,442,1559
7866,442,1499
7867,441,1573
7868,442,1740
7869,442,1901
7870,443,1999
7871,443,2019
7872,443,1959
7873,444,1833
7874,442,1712
7875,442,1560
7876,447,1499
7877,443,1575
7878,448,1739
7879,442,1900
7880,448,1999
7881,448,2020
7882,442,1959
7883,440,1836
7884,440,1711
7885,442,1561
7886,442,1500
7887,442,1574
7888,441,1741
7889,448,1913
7890,442,1992
7891,440,2023
7892,441,1963
7893,442,1849
7894,441,1721
7895,443,1574
7896,442,1495
7897,442,1563
7898,442,1711
7899,448,1885
7900,442,1991
7901,442,2023
7902,448,1956
7903,442,1832
7904,440,1709
7905,442,1560
7906,442,1500
7907,442,1573
7908,442,1742
7909,448,1901
7910,442,2003
7911,442,2019
7912,448,1959
7913,448,1834
7914,441,1711
7915,442,1561
7916,448,1499
7917,448,1574
7918,442,1743
7919,443,1901
7920,442,2003
7921,442,2020
7922,442,1957
7923,442,1836
7924,442,1711
7925,447,1561
7926,448,1501
7927,448,1573
7928,444,1741
7929,441,1901
7930,441,2004
7931,442,2021
7932,443,1958
7933,441,1834
7934,448,1711
7935,442,1559
7936,443,1499
7937,448,1574
7938,442,1740
7939,442,1901
7940,442,2003
7941,442,2021
7942,442,1959
7943,442,1833
7944,444,1712
7945,442,1560
7946,442,1501
7947,447,1572
7948,448,1741
7949,442,1901
7950,443,2003
7951,442,2021
7952,442,1959
7953,441,1835
7954,442,1711
7955,442,1559
7956,443,1499
7957,442,1575
7958,448,1741
7959,448,1899
7960,448,2003
7961,442,2021
7962,442,1957
7963,442,1835
7964,443,1710
7965,448,1560
7966,442,1499
7967,442,1574
7968,448,1741
7969,448,1901
7970,442,2003
7971,443,2020
7972,442,1959
7973,443,1835
7974,441,1711
7975,442,1561
7976,442,1500
7977,448,1573
7978,442,1741
7979,447,1902
7980,442,1999
7981,442,2021
7982,447,1958
7983,442,1835
7984,442,1711
7985,441,1561
7986,442,1501
7987,442,1575
7988,448,1741
7989,442,1911
7990,442,1993
7991,448,2023
7992,442,1963
7993,442,1849
7994,448,1721
7995,448,1574
7996,441,1494
7997,442,1564
7998,442,1711
7999,442,1887
8000,442,2007
8001,442,2023
8002,440,1956
8003,443,1835
8004,442,1710
8005,448,1560
8006,442,1499
8007,442,1573
8008,448,1741
8009,448,1900
8010,443,2003
8011,441,2019
8012,448,1958
8013,443,1835
8014,443,1711
8015,442,1560
8016,443,1499
8017,443,1573
8018,442,1741
8019,448,1901
8020,442,2002
8021,442,2021
8022,442,1957
8023,442,1836
8024,443,1709
8025,444,1561
8026,442,1519
8027,441,1568
8028,448,1710
8029,448,1886
8030,443,1992
8031,448,2023
8032,442,1961
8033,442,1847
8034,440,1723
8035,442,1573
8036,443,1495
8037,443,1563
8038,447,1711
8039,448,1895
8040,442,2007
8041,442,2019
8042,448,1959
8043,442,1832
8044,448,1709
8045,442,1560
8046,448,1501
8047,443,1574
8048,442,1740
8049,443,1900
8050,443,2003
8051,448,2019
8052,442,1959
8053,442,1835
8054,448,1713
8055,448,1559
8056,448,1500
8057,442,1575
8058,447,1742
8059,447,1900
8060,443,2003
8061,442,2019
8062,444,1959
8063,443,1835
8064,442,1711
8065,442,1560
8066,443,1499
8067,448,1575
8068,442,1743
8069,442,1902
8070,443,2003
8071,442,2019
8072,442,1959
8073,447,1835
8074,443,1711
8075,443,1560
8076,442,1499
8077,442,1576
8078,442,1741
8079,442,1901
8080,443,2002
8081,447,2021
8082,442,1958
8083,447,1835
8084,442,1711
8085,442,1560
8086,444,1501
8087,448,1573
8088,442,1741
8089,442,1901
8090,448,2003
8091,448,2023
8092,442,1961
8093,442,1835
8094,442,1711
8095,442,1561
8096,442,1503
8097,440,1575
8098,442,1743
8099,442,1901
8100,442,2002
8101,441,2020
8102,442,1957
8103,441,1834
8104,442,1711
8105,442,1559
8106,442,1501
8107,442,1573
8108,442,1741
8109,442,1902
8110,442,2003
8111,442,2019
8112,441,1957
8113,448,1815
8114,442,1707
8115,442,1559
8116,442,1500
8117,441,1574
8118,440,1742
8119,443,1903
8120,442,2005
8121,440,2019
8122,442,1957
8123,442,1833
8124,441,1709
8125,444,1559
8126,442,1509
8127,444,1565
8128,442,1715
8129,442,1883
8130,443,1992
8131,442,2023
8132,443,1962
8133,442,1849
8134,441,1722
8135,443,1573
8136,448,1495
8137,442,1565
8138,442,1711
8139,448,1908
8140,442,2003
8141,442,2014
8142,442,1959
8143,443,1833
8144,448,1710
8145,442,1561
8146,448,1503
8147,442,1573
8148,448,1739
8149,442,1901
8150,443,2003
8151,442,2021
8152,442,1961
8153,442,1835
8154,448,1710
8155,442,1560
8156,442,1501
8157,447,1573
8158,448,1741
8159,442,1901
8160,442,2003
8161,442,2021
8162,442,1957
8163,443,1836
8164,448,1711
8165,442,1560
8166,442,1501
8167,442,1573
8168,442,1743
8169,442,1901
8170,448,2003
8171,448,2020
8172,448,1957
8173,442,1832
8174,443,1711
8175,448,1559
8176,442,1501
8177,442,1575
8178,443,1741
8179,442,1903
8180,444,2003
8181,443,2019
8182,448,1957
8183,442,1833
8184,447,1709
8185,444,1559
8186,442,1501
8187,442,1575
8188,448,1743
8189,442,1903
8190,443,2003
8191,442,2021
8192,448,1959
8193,442,1833
8194,442,1711
8195,448,1560
8196,444,1501
8197,448,1575
8198,442,1741
8199,448,1903
8200,442,2003
8201,448,2015
8202,442,1959
8203,443,1832
8204,442,1709
8205,442,1557
8206,442,1501
8207,441,1573
8208,442,1743
8209,442,1900
8210,442,2003
8211,448,2018
8212,442,1957
8213,448,1830
8214,443,1710
8215,448,1557
8216,441,1501
8217,442,1574
8218,440,1743
8219,442,1902
8220,448,2002
8221,442,2019
8222,442,1956
8223,448,1832
8224,448,1709
8225,447,1557
8226,448,1507
8227,443,1565
8228,442,1717
8229,442,1883
8230,443,1993
8231,443,2023
8232,443,1960
8233,449,1847
8234,448,1721
8235,442,1573
8236,443,1495
8237,442,1565
8238,442,1715
8239,442,1909
8240,442,2005
8241,443,2021
8242,442,1959
8243,443,1832
8244,443,1711
8245,441,1559
8246,442,1501
8247,442,1575
8248,442,1743
8249,448,1903
8250,443,2003
8251,444,2019
8252,448,1957
8253,442,1834
8254,448,1709
8255,443,1559
8256,444,1503
8257,442,1575
8258,442,1743
8259,442,1901
8260,442,2003
8261,442,2019
8262,442,1958
8263,447,1832
8264,442,1711
8265,448,1559
8266,443,1503
8267,447,1574
8268,448,1746
8269,442,1903
8270,447,2003
8271,442,2019
8272,443,1959
8273,441,1833
8274,442,1709
8275,448,1561
8276,441,1501
8277,442,1575
8278,441,1743
8279,442,1903
8280,442,2003
8281,442,2019
8282,442,1958
8283,442,1833
8284,442,1711
8285,442,1558
8286,448,1503
8287,448,1576
8288,448,1742
8289,447,1903
8290,448,2003
8291,442,2015
8292,442,1958
8293,448,1832
8294,447,1709
8295,441,1556
8296,441,1501
8297,442,1575
8298,447,1746
8299,443,1903
8300,442,1999
8301,442,2018
8302,442,1957
8303,442,1833
8304,443,1709
8305,448,1557
8306,443,1501
8307,441,1575
8308,444,1743
8309,448,1903
8310,443,2004
8311,442,2019
8312,443,1957
8313,442,1831
8314,443,1709
8315,442,1557
8316,443,1502
8317,447,1576
8318,443,1745
8319,448,1904
8320,441,2003
8321,442,2020
8322,440,1957
8323,442,1831
8324,442,1708
8325,442,1560
8326,442,1509
8327,443,1564
8328,442,1720
8329,443,1885
8330,448,1993
8331,441,2021
8332,442,1961
8333,442,1845
8334,448,1719
8335,448,1573
8336,448,1496
8337,443,1567
8338,448,1717
8339,443,1911
8340,442,2003
8341,442,2017
8342,447,1957
8343,442,1831
8344,444,1709
8345,442,1557
8346,444,1502
8347,442,1576
8348,447,1745
8349,442,1903
8350,442,2004
8351,443,2020
8352,443,1955
8353,448,1847
8354,448,1721
8355,448,1559
8356,443,1478
8357,438,1565
8358,442,1751
8359,441,1907
8360,442,2003
8361,442,2019
8362,442,1957
8363,443,1833
8364,447,1707
8365,448,1557
8366,443,1501
8367,449,1575
8368,443,1745
8369,442,1903
8370,442,2003
8371,442,2019
8372,448,1957
8373,442,1830
8374,443,1709
8375,443,1556
8376,448,1502
8377,442,1574
8378,443,1746
8379,448,1903
8380,448,2003
8381,444,2019
8382,442,1959
8383,443,1832
8384,442,1708
8385,448,1558
8386,448,1501
8387,443,1575
8388,447,1746
8389,443,1911
8390,443,1993
8391,442,2021
8392,443,1959
8393,448,1847
8394,448,1719
8395,442,1567
8396,443,1495
8397,448,1565
8398,442,1719
8399,442,1890
8400,442,1995
8401,444,2022
8402,443,1949
8403,444,1830
8404,443,1706
8405,442,1555
8406,448,1501
8407,442,1576
8408,444,1750
8409,442,1903
8410,443,2007
8411,442,2017
8412,441,1955
8413,442,1831
8414,448,1706
8415,442,1555
8416,448,1501
8417,441,1575
8418,448,1751
8419,442,1903
8420,448,2005
8421,443,2018
8422,448,1955
8423,442,1831
8424,448,1707
8425,442,1557
8426,442,1505
8427,442,1577
8428,442,1751
8429,448,1907
8430,443,2005
8431,442,2019
8432,448,1957
8433,442,1831
8434,442,1707
8435,442,1556
8436,442,1506
8437,443,1576
8438,442,1751
8439,442,1906
8440,442,2005
8441,442,2019
8442,442,1956
8443,448,1831
8444,443,1708
8445,442,1555
8446,442,1507
8447,443,1576
8448,444,1752
8449,443,1903
8450,444,2005
8451,443,2018
8452,442,1956
8453,442,1831
8454,444,1705
8455,448,1555
8456,442,1503
8457,442,1577
8458,448,1751
8459,448,1907
8460,448,2005
8461,448,2019
8462,443,1957
8463,442,1831
8464,448,1705
8465,442,1555
8466,448,1505
8467,442,1577
8468,448,1751
8469,442,1903
8470,442,2004
8471,443,2017
8472,448,1955
8473,448,1829
8474,440,1705
8475,442,1555
8476,448,1506
8477,443,1575
8478,442,1753
8479,442,1907
8480,442,2003
8481,442,2015
8482,443,1955
8483,447,1829
8484,442,1703
8485,448,1555
8486,447,1507
8487,442,1577
8488,442,1752
8489,442,1916
8490,448,1996
8491,448,2022
8492,443,1961
8493,442,1845
8494,442,1715
8495,441,1567
8496,442,1497
8497,442,1567
8498,448,1725
8499,443,1891
8500,442,2011
8501,449,2022
8502,443,1951
8503,443,1827
8504,442,1705
8505,448,1555
8506,447,1508
8507,442,1577
8508,447,1751
8509,442,1908
8510,447,2006
8511,443,2015
8512,448,1957
8513,443,1830
8514,442,1703
8515,441,1555
8516,442,1507
8517,448,1577
8518,442,1755
8519,442,1907
8520,443,2005
8521,443,2018
8522,442,1955
8523,442,1829
8524,443,1705
8525,442,1555
8526,443,1515
8527,440,1567
8528,444,1724
8529,443,1893
8530,444,1995
8531,442,2020
8532,442,1960
8533,443,1837
8534,448,1716
8535,442,1565
8536,442,1496
8537,444,1567
8538,448,1725
8539,442,1915
8540,443,2008
8541,443,2015
8542,442,1951
8543,442,1827
8544,442,1704
8545,447,1554
8546,440,1507
8547,442,1576
8548,448,1754
8549,448,1908
8550,441,2006
8551,442,2015
8552,442,1955
8553,448,1827
8554,442,1704
8555,442,1554
8556,442,1508
8557,442,1577
8558,441,1755
8559,442,1909
8560,442,2006
8561,442,2015
8562,442,1956
8563,442,1828
8564,442,1705
8565,448,1555
8566,442,1507
8567,443,1579
8568,443,1754
8569,442,1909
8570,442,2005
8571,443,2014
8572,442,1952
8573,442,1824
8574,442,1703
8575,447,1554
8576,442,1507
8577,442,1577
8578,442,1754
8579,443,1909
8580,441,2006
8581,442,2014
8582,442,1951
8583,443,1823
8584,442,1705
8585,444,1555
8586,441,1509
8587,442,1578
8588,447,1755
8589,447,1910
8590,442,2008
8591,440,2015
8592,442,1955
8593,442,1827
8594,442,1705
8595,442,1555
8596,441,1509
8597,442,1577
8598,442,1757
8599,442,1909
8600,443,2012
8601,443,2013
8602,448,1956
8603,442,1827
8604,442,1704
8605,442,1553
8606,442,1508
8607,442,1578
8608,443,1758
8609,443,1911
8610,443,2007
8611,448,2013
8612,440,1955
8613,447,1801
8614,441,1700
8615,447,1549
8616,442,1507
8617,442,1579
8618,442,1757
8619,442,1913
8620,442,2007
8621,440,2012
8622,442,1951
8623,448,1824
8624,443,1699
8625,443,1553
8626,440,1514
8627,447,1572
8628,442,1734
8629,442,1895
8630,441,1995
8631,442,2019
8632,444,1959
8633,448,1839
8634,442,1712
8635,442,1563
8636,443,1497
8637,442,1571
8638,442,1733
8639,442,1914
8640,441,2007
8641,442,2011
8642,441,1955
8643,440,1827
8644,441,1703
8645,442,1549
8646,442,1508
8647,442,1579
8648,442,1755
8649,442,1911
8650,442,2006
8651,442,2012
8652,443,1954
8653,448,1821
8654,441,1701
8655,442,1549
8656,442,1506
8657,448,1580
8658,442,1755
8659,441,1912
8660,448,2007
8661,442,2011
8662,442,1951
8663,448,1821
8664,442,1699
8665,442,1548
8666,442,1507
8667,442,1579
8668,442,1757
8669,442,1912
8670,443,2007
8671,442,2013
8672,442,1951
8673,443,1821
8674,447,1701
8675,442,1547
8676,442,1510
8677,442,1579
8678,442,1758
8679,442,1912
8680,442,2007
8681,442,2013
8682,441,1951
8683,442,1821
8684,442,1700
8685,448,1549
8686,442,1511
8687,442,1581
8688,442,1759
8689,442,1913
8690,443,2006
8691,442,2013
8692,443,1955
8693,442,1822
8694,448,1702
8695,442,1547
8696,442,1511
8697,442,1581
8698,443,1761
8699,442,1915
8700,448,2008
8701,447,2013
8702,441,1951
8703,444,1821
8704,442,1701
8705,442,1548
8706,440,1510
8707,441,1581
8708,442,1763
8709,442,1913
8710,448,2007
8711,448,2013
8712,442,1955
8713,448,1821
8714,442,1700
8715,442,1547
8716,440,1509
8717,442,1582
8718,442,1757
8719,448,1913
8720,442,2007
8721,443,2013
8722,443,1950
8723,443,1818
8724,442,1695
8725,442,1547
8726,441,1515
8727,442,1573
8728,443,1739
8729,442,1899
8730,442,1998
8731,442,2019
8732,448,1956
8733,443,1833
8734,442,1711
8735,442,1559
8736,442,1497
8737,443,1572
8738,440,1741
8739,441,1916
8740,442,2009
8741,442,2012
8742,442,1951
8743,442,1818
8744,442,1695
8745,442,1547
8746,441,1511
8747,441,1580
8748,442,1764
8749,447,1915
8750,442,2007
8751,442,2012
8752,442,1949
8753,442,1818
8754,448,1696
8755,448,1545
8756,443,1509
8757,448,1581
8758,448,1763
8759,440,1913
8760,442,2009
8761,442,2011
8762,448,1951
8763,442,1819
8764,442,1695
8765,444,1546
8766,448,1512
8767,442,1581
8768,442,1765
8769,448,1915
8770,442,2009
8771,442,2011
8772,447,1949
8773,442,1819
8774,443,1699
8775,448,1547
8776,442,1512
8777,443,1583
8778,442,1767
8779,440,1916
8780,442,2009
8781,442,2011
8782,442,1949
8783,443,1817
8784,442,1693
8785,443,1546
8786,442,1511
8787,442,1582
8788,448,1767
8789,442,1915
8790,442,2011
8791,443,2011
8792,442,1949
8793,442,1817
8794,443,1695
8795,443,1547
8796,442,1512
8797,442,1583
8798,442,1767
8799,442,1917
8800,442,2013
8801,442,2009
8802,442,1949
8803,442,1819
8804,442,1693
8805,440,1544
8806,442,1511
8807,442,1583
8808,442,1767
8809,442,1915
8810,442,2011
8811,448,2011
8812,443,1949
8813,442,1816
8814,447,1693
8815,442,1544
8816,447,1513
8817,442,1583
8818,442,1767
8819,442,1916
8820,441,2011
8821,442,2009
8822,448,1949
8823,441,1816
8824,448,1691
8825,444,1541
8826,442,1516
8827,442,1572
8828,442,1746
8829,443,1902
8830,442,2001
8831,443,2015
8832,442,1955
8833,443,1831
8834,443,1705
8835,442,1555
8836,442,1499
8837,447,1575
8838,443,1747
8839,448,1919
8840,442,2010
8841,443,2009
8842,447,1949
8843,443,1816
8844,441,1693
8845,443,1541
8846,448,1512
8847,442,1583
8848,442,1765
8849,442,1917
8850,442,2008
8851,448,2009
8852,442,1949
8853,442,1816
8854,448,1691
8855,442,1544
8856,443,1514
8857,448,1583
8858,442,1767
8859,442,1919
8860,442,2009
8861,448,2009
8862,442,1948
8863,442,1816
8864,443,1691
8865,442,1544
8866,443,1513
8867,442,1584
8868,442,1771
8869,443,1915
8870,443,2011
8871,442,2009
8872,447,1949
8873,441,1815
8874,442,1693
8875,442,1542
8876,442,1513
8877,448,1583
8878,442,1771
8879,442,1917
8880,442,2011
8881,447,2010
8882,448,1947
8883,443,1815
8884,443,1691
8885,442,1543
8886,447,1513
8887,448,1587
8888,442,1769
8889,447,1931
8890,442,2002
8891,443,2013
8892,443,1951
8893,442,1828
8894,443,1705
8895,442,1555
8896,442,1501
8897,443,1575
8898,443,1747
8899,448,1904
8900,442,2003
8901,442,2015
8902,442,1943
8903,442,1811
8904,442,1687
8905,442,1541
8906,443,1514
8907,443,1584
8908,442,1772
8909,443,1917
8910,442,2011
8911,442,2009
8912,442,1949
8913,440,1813
8914,441,1688
8915,448,1533
8916,442,1515
8917,442,1587
8918,442,1774
8919,442,1918
8920,442,2013
8921,442,2009
8922,442,1947
8923,442,1813
8924,443,1687
8925,443,1534
8926,448,1514
8927,448,1588
8928,443,1774
8929,442,1919
8930,442,2012
8931,443,2009
8932,448,1947
8933,447,1813
8934,448,1687
8935,448,1533
8936,443,1515
8937,448,1586
8938,443,1773
8939,448,1925
8940,442,2011
8941,447,2009
8942,443,1947
8943,441,1811
8944,442,1685
8945,442,1534
8946,442,1516
8947,442,1589
8948,442,1775
8949,442,1925
8950,442,2013
8951,442,2009
8952,442,1947
8953,442,1812
8954,447,1687
8955,442,1532
8956,442,1516
8957,443,1588
8958,443,1774
8959,443,1920
8960,448,2011
8961,441,2005
8962,442,1945
8963,448,1812
8964,442,1686
8965,443,1533
8966,442,1516
8967,442,1589
8968,448,1775
8969,442,1919
8970,441,2013
8971,448,2008
8972,442,1945
8973,442,1809
8974,447,1684
8975,441,1531
8976,442,1515
8977,443,1589
8978,448,1778
8979,442,1924
8980,442,2014
8981,442,2006
8982,443,1945
8983,442,1810
8984,448,1683
8985,442,1531
8986,443,1515
8987,442,1590
8988,443,1779
8989,448,1935
8990,442,2003
8991,442,2011
8992,441,1951
8993,448,1819
8994,443,1701
8995,442,1549
8996,443,1507
8997,448,1577
8998,443,1753
8999,442,1909
9000,442,2020
9001,442,2013
9002,442,1939
9003,447,1806
9004,442,1679
9005,441,1531
9006,441,1517
9007,442,1590
9008,440,1781
9009,440,1927
9010,448,2013
9011,442,2007
9012,442,1945
9013,447,1809
9014,447,1683
9015,442,1531
9016,442,1519
9017,442,1591
9018,448,1782
9019,442,1927
9020,442,2015
9021,440,2006
9022,441,1945
9023,442,1807
9024,442,1683
9025,442,1531
9026,443,1542
9027,441,1581
9028,441,1757
9029,441,1911
9030,442,2007
9031,442,2011
9032,440,1949
9033,442,1817
9034,442,1699
9035,442,1545
9036,442,1509
9037,442,1578
9038,442,1759
9039,442,1917
9040,442,2022
9041,442,2005
9042,442,1943
9043,442,1805
9044,448,1679
9045,442,1529
9046,442,1516
9047,442,1592
9048,442,1783
9049,442,1927
9050,442,2013
9051,440,2006
9052,440,1945
9053,442,1805
9054,442,1679
9055,441,1528
9056,442,1517
9057,448,1593
9058,440,1782
9059,442,1928
9060,442,2015
9061,440,2007
9062,442,1943
9063,448,1806
9064,442,1677
9065,442,1528
9066,443,1519
9067,442,1593
9068,442,1783
9069,444,1929
9070,448,2018
9071,440,2006
9072,442,1943
9073,442,1805
9074,441,1676
9075,442,1528
9076,442,1519
9077,442,1593
9078,442,1785
9079,442,1929
9080,441,2015
9081,442,2005
9082,442,1943
9083,440,1803
9084,448,1673
9085,442,1528
9086,442,1519
9087,442,1593
9088,443,1787
9089,442,1928
9090,442,2015
9091,442,2006
9092,442,1943
9093,442,1803
9094,442,1676
9095,442,1528
9096,442,1519
9097,442,1593
9098,442,1785
9099,442,1929
9100,442,2018
9101,442,2003
9102,442,1941
9103,441,1803
9104,440,1674
9105,448,1528
9106,448,1519
9107,442,1593
9108,442,1785
9109,442,1930
9110,448,2013
9111,447,2003
9112,442,1941
9113,440,1782
9114,441,1670
9115,443,1525
9116,442,1519
9117,447,1595
9118,442,1790
9119,442,1931
9120,442,2021
9121,442,2003
9122,442,1941
9123,443,1801
9124,443,1671
9125,442,1527
9126,440,1528
9127,442,1583
9128,443,1769
9129,441,1915
9130,442,2009
9131,442,2008
9132,442,1948
9133,443,1814
9134,442,1690
9135,442,1543
9136,442,1511
9137,442,1581
9138,442,1765
9139,442,1939
9140,442,2019
9141,448,2003
9142,442,1940
9143,443,1799
9144,442,1672
9145,442,1525
9146,442,1523
9147,442,1597
9148,442,1788
9149,442,1931
9150,448,2018
9151,441,2003
9152,442,1939
9153,442,1799
9154,442,1673
9155,442,1524
9156,443,1520
9157,442,1597
9158,442,1788
9159,440,1933
9160,442,2019
9161,442,2001
9162,440,1941
9163,440,1800
9164,442,1671
9165,441,1522
9166,442,1523
9167,442,1599
9168,442,1788
9169,442,1934
9170,442,2019
9171,442,2003
9172,441,1940
9173,440,1800
9174,442,1670
9175,443,1523
9176,442,1524
9177,442,1598
9178,440,1791
9179,442,1934
9180,440,2019
9181,443,2003
9182,442,1940
9183,442,1797
9184,442,1670
9185,440,1523
9186,442,1523
9187,441,1604
9188,442,1791
9189,442,1933
9190,447,2022
9191,442,2003
9192,442,1939
9193,441,1799
9194,442,1669
9195,441,1524
9196,442,1524
9197,442,1599
9198,444,1791
9199,442,1938
9200,442,2024
9201,442,1997
9202,442,1937
9203,443,1799
9204,441,1662
9205,442,1523
9206,442,1525
9207,442,1603
9208,442,1801
9209,440,1937
9210,441,2021
9211,442,2001
9212,441,1937
9213,442,1791
9214,442,1659
9215,442,1519
9216,442,1525
9217,442,1605
9218,443,1799
9219,443,1937
9220,442,2021
9221,442,1999
9222,442,1939
9223,442,1791
9224,441,1661
9225,442,1520
9226,442,1531
9227,442,1591
9228,442,1775
9229,442,1919
9230,442,2013
9231,442,2004
9232,443,1943
9233,442,1807
9234,443,1682
9235,456,1531
9236,441,1515
9237,441,1589
9238,442,1773
9239,442,1942
9240,443,2023
9241,441,1997
9242,442,1933
9243,440,1791
9244,442,1659
9245,442,1517
9246,442,1525
9247,442,1604
9248,442,1800
9249,448,1935
9250,442,2023
9251,441,1997
9252,442,1935
9253,441,1789
9254,442,1659
9255,442,1516
9256,443,1528
9257,442,1608
9258,442,1802
9259,443,1939
9260,442,2023
9261,442,1998
9262,442,1935
9263,440,1789
9264,442,1659
9265,442,1516
9266,447,1527
9267,440,1607
9268,442,1803
9269,442,1939
9270,442,2022
9271,442,1999
9272,443,1933
9273,441,1788
9274,442,1657
9275,442,1516
9276,442,1526
9277,442,1607
9278,443,1803
9279,443,1939
9280,442,2022
9281,440,1997
9282,442,1933
9283,448,1789
9284,442,1657
9285,444,1515
9286,441,1528
9287,442,1610
9288,442,1805
9289,447,1939
9290,447,2023
9291,441,1995
9292,442,1933
9293,442,1787
9294,440,1655
9295,442,1515
9296,442,1527
9297,441,1609
9298,442,1803
9299,442,1941
9300,441,2024
9301,441,1997
9302,441,1931
9303,442,1787
9304,448,1655
9305,442,1515
9306,442,1529
9307,447,1610
9308,440,1807
9309,442,1939
9310,442,2023
9311,442,1996
9312,440,1931
9313,440,1787
9314,442,1654
9315,447,1515
9316,441,1528
9317,442,1610
9318,448,1806
9319,441,1941
9320,442,2023
9321,441,1997
9322,442,1929
9323,440,1786
9324,440,1653
9325,442,1515
9326,441,1542
9327,442,1593
9328,441,1785
9329,441,1927
9330,443,2015
9331,442,2003
9332,440,1941
9333,442,1800
9334,442,1673
9335,442,1528
9336,442,1519
9337,442,1595
9338,442,1783
9339,442,1949
9340,443,2027
9341,443,1995
9342,442,1930
9343,447,1784
9344,442,1651
9345,443,1515
9346,442,1528
9347,442,1613
9348,447,1807
9349,448,1943
9350,443,2025
9351,442,1995
9352,442,1930
9353,442,1787
9354,442,1652
9355,443,1511
9356,447,1530
9357,442,1615
9358,442,1811
9359,442,1944
9360,442,2025
9361,444,1995
9362,443,1928
9363,448,1785
9364,448,1647
9365,442,1511
9366,442,1529
9367,442,1613
9368,441,1811
9369,443,1945
9370,443,2023
9371,442,1995
9372,440,1928
9373,442,1783
9374,447,1645
9375,440,1511
9376,447,1529
9377,442,1619
9378,442,1811
9379,442,1944
9380,442,2026
9381,443,1994
9382,441,1927
9383,442,1784
9384,442,1647
9385,442,1511
9386,442,1529
9387,442,1615
9388,441,1810
9389,442,1951
9390,447,2015
9391,442,1997
9392,448,1935
9393,442,1797
9394,442,1662
9395,442,1519
9396,443,1520
9397,443,1597
9398,442,1791
9399,442,1931
9400,442,2019
9401,441,2002
9402,442,1914
9403,442,1781
9404,442,1643
9405,442,1509
9406,442,1531
9407,442,1619
9408,447,1817
9409,442,1947
9410,442,2027
9411,448,1993
9412,442,1920
9413,440,1783
9414,442,1641
9415,442,1509
9416,442,1531
9417,443,1621
9418,444,1817
9419,440,1949
9420,443,2027
9421,442,1993
9422,442,1919
9423,442,1779
9424,444,1641
9425,442,1508
9426,442,1532
9427,442,1623
9428,443,1816
9429,448,1947
9430,447,2029
9431,442,1994
9432,443,1925
9433,441,1781
9434,448,1642
9435,442,1508
9436,442,1541
9437,441,1623
9438,441,1817
9439,442,1949
9440,442,2029
9441,448,1993
9442,442,1919
9443,441,1779
9444,442,1641
9445,441,1509
9446,442,1533
9447,442,1623
9448,447,1817
9449,441,1949
9450,440,2029
9451,441,1993
9452,442,1916
9453,448,1780
9454,442,1639
9455,442,1507
9456,441,1533
9457,440,1623
9458,443,1820
9459,448,1951
9460,442,2027
9461,442,1993
9462,442,1917
9463,442,1779
9464,442,1639
9465,440,1502
9466,442,1533
9467,442,1622
9468,441,1821
9469,443,1955
9470,442,2027
9471,442,1993
9472,441,1916
9473,442,1775
9474,442,1637
9475,443,1507
9476,442,1541
9477,442,1627
9478,442,1821
9479,447,1952
9480,441,2029
9481,443,1991
9482,442,1915
9483,447,1776
9484,441,1635
9485,442,1501
9486,442,1541
9487,448,1625
9488,442,1821
9489,442,1959
9490,441,2021
9491,442,1995
9492,441,1929
9493,442,1787
9494,442,1653
9495,442,1513
9496,442,1523
9497,443,1607
9498,442,1802
9499,440,1935
9500,442,2031
9501,443,1992
9502,442,1910
9503,441,1773
9504,442,1634
9505,442,1506
9506,442,1533
9507,442,1627
9508,442,1823
9509,442,1951
9510,441,2029
9511,448,1992
9512,442,1915
9513,442,1775
9514,440,1636
9515,442,1503
9516,442,1543
9517,442,1627
9518,444,1823
9519,442,1952
9520,442,2030
9521,444,1991
9522,442,1913
9523,443,1776
9524,442,1634
9525,442,1502
9526,440,1551
9527,442,1611
9528,442,1806
9529,447,1939
9530,440,2023
9531,442,1994
9532,442,1927
9533,442,1784
9534,442,1647
9535,443,1513
9536,442,1527
9537,442,1611
9538,442,1805
9539,440,1960
9540,448,2031
9541,440,1990
9542,442,1911
9543,442,1772
9544,442,1629
9545,442,1501
9546,442,1543
9547,443,1633
9548,440,1824
9549,442,1957
9550,442,2031
9551,442,1989
9552,442,1911
9553,442,1773
9554,442,1629
9555,442,1501
9556,442,1544
9557,444,1631
9558,440,1828
9559,442,1957
9560,442,2029
9561,443,1989
9562,442,1911
9563,442,1773
9564,441,1629
9565,442,1499
9566,442,1544
9567,442,1634
9568,442,1829
9569,441,1959
9570,442,2031
9571,442,1983
9572,442,1907
9573,441,1773
9574,442,1627
9575,443,1499
9576,442,1545
9577,441,1636
9578,442,1831
9579,442,1961
9580,442,2031
9581,442,1989
9582,443,1909
9583,442,1770
9584,442,1628
9585,443,1499
9586,442,1545
9587,441,1637
9588,443,1831
9589,442,1961
9590,440,2031
9591,442,1989
9592,442,1909
9593,448,1771
9594,447,1626
9595,442,1498
9596,442,1543
9597,443,1639
9598,442,1831
9599,442,1959
9600,442,2036
9601,442,1989
9602,443,1908
9603,443,1771
9604,441,1625
9605,442,1499
9606,442,1546
9607,442,1639
9608,442,1831
9609,442,1962
9610,442,2029
9611,447,1982
9612,448,1904
9613,442,1747
9614,442,1623
9615,442,1495
9616,443,1546
9617,443,1641
9618,442,1833
9619,443,1963
9620,442,2031
9621,442,1982
9622,442,1903
9623,442,1767
9624,442,1623
9625,442,1496
9626,441,1549
9627,442,1617
9628,442,1815
9629,442,1947
9630,448,2025
9631,442,1991
9632,442,1917
9633,442,1779
9634,443,1637
9635,442,1503
9636,442,1529
9637,442,1621
9638,442,1817
9639,442,1972
9640,442,2035
9641,442,1982
9642,448,1902
9643,441,1766
9644,442,1622
9645,442,1497
9646,442,1545
9647,442,1645
9648,443,1833
9649,442,1963
9650,442,2031
9651,443,1981
9652,441,1903
9653,448,1766
9654,447,1623
9655,441,1495
9656,442,1547
9657,442,1643
9658,442,1835
9659,444,1965
9660,442,2031
9661,442,1982
9662,442,1901
9663,442,1767
9664,442,1622
9665,441,1496
9666,442,1547
9667,442,1646
9668,448,1837
9669,443,1967
9670,442,2034
9671,443,1981
9672,443,1903
9673,440,1765
9674,442,1621
9675,448,1497
9676,442,1549
9677,441,1648
9678,448,1838
9679,442,1965
9680,442,2035
9681,442,1981
9682,442,1900
9683,448,1767
9684,442,1621
9685,447,1495
9686,442,1549
9687,443,1651
9688,441,1837
9689,443,1967
9690,442,2035
9691,443,1981
9692,442,1900
9693,442,1763
9694,442,1620
9695,442,1495
9696,444,1548
9697,442,1651
9698,448,1839
9699,442,1968
9700,443,2035
9701,444,1981
9702,442,1899
9703,448,1765
9704,442,1618
9705,442,1495
9706,442,1549
9707,442,1651
9708,442,1838
9709,442,1971
9710,447,2035
9711,442,1981
9712,442,1898
9713,441,1763
9714,442,1619
9715,440,1494
9716,442,1547
9717,442,1651
9718,443,1839
9719,441,1971
9720,441,2031
9721,442,1979
9722,442,1897
9723,442,1762
9724,442,1615
9725,442,1494
9726,442,1554
9727,442,1629
9728,443,1823
9729,442,1957
9730,441,2027
9731,442,1983
9732,441,1909
9733,442,1771
9734,442,1627
9735,440,1497
9736,442,1541
9737,442,1631
9738,443,1828
9739,443,1975
9740,448,2035
9741,441,1978
9742,442,1896
9743,448,1759
9744,442,1613
9745,443,1494
9746,442,1550
9747,442,1657
9748,447,1845
9749,443,1975
9750,442,2031
9751,442,1979
9752,443,1895
9753,443,1761
9754,442,1611
9755,442,1491
9756,443,1553
9757,442,1657
9758,442,1846
9759,442,1973
9760,442,2035
9761,440,1979
9762,440,1893
9763,442,1759
9764,443,1612
9765,442,1493
9766,441,1553
9767,442,1655
9768,443,1847
9769,443,1975
9770,441,2031
9771,442,1978
9772,442,1894
9773,442,1757
9774,442,1609
9775,442,1493
9776,442,1553
9777,441,1659
9778,442,1847
9779,442,1975
9780,442,2035
9781,447,1978
9782,448,1893
9783,442,1755
9784,442,1610
9785,442,1493
9786,442,1553
9787,440,1661
9788,442,1847
9789,442,1973
9790,443,2035
9791,440,1978
9792,441,1892
9793,443,1755
9794,442,1609
9795,442,1493
9796,443,1553
9797,448,1661
9798,442,1847
9799,442,1975
9800,442,2037
9801,442,1978
9802,442,1891
9803,442,1755
9804,447,1608
9805,443,1491
9806,442,1555
9807,442,1661
9808,440,1849
9809,442,1976
9810,440,2034
9811,441,1977
9812,443,1891
9813,442,1755
9814,441,1608
9815,443,1493
9816,443,1553
9817,440,1663
9818,442,1851
9819,442,1976
9820,442,2035
9821,441,1977
9822,441,1891
9823,442,1753
9824,442,1607
9825,447,1492
9826,442,1557
9827,442,1641
9828,442,1833
9829,442,1963
9830,444,2029
9831,442,1979
9832,442,1899
9833,442,1765
9834,442,1619
9835,443,1494
9836,442,1545
9837,441,1643
9838,443,1834
9839,442,1979
9840,442,2031
9841,447,1976
9842,441,1887
9843,447,1753
9844,441,1607
9845,443,1493
9846,442,1555
9847,442,1672
9848,442,1853
9849,443,1978
9850,442,2031
9851,441,1976
9852,442,1885
9853,448,1755
9854,443,1605
9855,442,1491
9856,442,1554
9857,442,1673
9858,441,1855
9859,442,1976
9860,442,2035
9861,442,1974
9862,443,1885
9863,441,1753
9864,447,1605
9865,440,1493
9866,442,1555
9867,447,1672
9868,448,1855
9869,442,1977
9870,443,2035
9871,440,1975
9872,440,1884
9873,442,1753
9874,443,1603
9875,442,1493
9876,442,1556
9877,442,1673
9878,442,1855
9879,448,1978
9880,441,2035
9881,448,1975
9882,441,1882
9883,448,1751
9884,442,1599
9885,447,1492
9886,442,1556
9887,448,1675
9888,442,1855
9889,443,1988
9890,442,2031
9891,443,1977
9892,444,1895
9893,442,1759
9894,442,1613
9895,442,1492
9896,443,1547
9897,448,1653
9898,448,1837
9899,448,1967
9900,442,2031
9901,442,1977
9902,443,1877
9903,442,1747
9904,448,1596
9905,448,1493
9906,442,1557
9907,442,1675
9908,442,1863
9909,442,1981
9910,442,2035
9911,442,1975
9912,442,1880
9913,443,1749
9914,442,1595
9915,442,1493
9916,442,1557
9917,441,1677
9918,442,1863
9919,442,1979
9920,442,2031
9921,442,1975
9922,442,1879
9923,442,1748
9924,448,1594
9925,442,1492
9926,448,1557
9927,442,1678
9928,442,1865
9929,444,1981
9930,443,2031
9931,442,1973
9932,442,1879
9933,444,1747
9934,442,1594
9935,442,1493
9936,443,1559
9937,442,1679
9938,442,1865
9939,442,1981
9940,442,2031
9941,448,1974
9942,448,1878
9943,442,1747
9944,447,1593
9945,442,1493
9946,440,1559
9947,442,1683
9948,442,1867
9949,442,1981
9950,442,2031
9951,442,1973
9952,442,1877
9953,448,1743
9954,448,1593
9955,442,1493
9956,442,1559
9957,442,1683
9958,443,1867
9959,443,1979
9960,443,2029
9961,442,1973
9962,440,1877
9963,444,1745
9964,448,1592
9965,448,1493
9966,444,1559
9967,443,1685
9968,442,1869
9969,442,1980
9970,442,2029
9971,440,1973
9972,443,1875
9973,443,1747
9974,447,1591
9975,442,1493
9976,442,1560
9977,442,1687
9978,448,1869
9979,448,1981
9980,448,2029
9981,442,1973
9982,442,1875
9983,442,1741
9984,442,1591
9985,443,1492
9986,442,1559
9987,443,1687
9988,442,1869
9989,442,1991
9990,442,2029
9991,442,1975
9992,442,1887
9993,442,1751
9994,442,1605
9995,442,1491
9996,442,1551
9997,442,1661
9998,448,1847
9999,448,1973
10000,448,2027
10001,442,1977
10002,442,1860
10003,442,1741
10004,442,1589
10005,447,1493
10006,442,1561
10007,442,1688
10008,442,1871
10009,448,1983
10010,447,2029
10011,442,1971
10012,442,1870
10013,444,1741
10014,447,1589
10015,443,1493
10016,442,1560
10017,448,1691
10018,442,1875
10019,447,1983
10020,447,2028
10021,443,1971
10022,442,1871
10023,442,1741
10024,441,1589
10025,442,1494
10026,441,1577
10027,440,1677
10028,448,1849
10029,447,1976
10030,442,2031
10031,443,1973
10032,441,1882
10033,442,1751
10034,442,1599
10035,442,1491
10036,443,1555
10037,442,1669
10038,443,1853
10039,441,1981
10040,448,2025
10041,442,1971
10042,442,1868
10043,442,1737
10044,448,1587
10045,442,1495
10046,442,1561
10047,440,1695
10048,443,1875
10049,440,1988
10050,442,2029
10051,442,1971
10052,448,1869
10053,447,1739
10054,443,1587
10055,442,1494
10056,442,1561
10057,448,1696
10058,442,1875
10059,442,1989
10060,442,2027
10061,442,1971
10062,442,1866
10063,442,1737
10064,442,1583
10065,442,1494
10066,448,1563
10067,442,1699
10068,448,1876
10069,442,1983
10070,444,2027
10071,443,1967
10072,442,1865
10073,443,1737
10074,442,1583
10075,442,1493
10076,442,1561
10077,441,1699
10078,442,1877
10079,442,1991
10080,442,2027
10081,442,1966
10082,448,1861
10083,440,1740
10084,440,1605
10085,448,1491
10086,442,1555
10087,442,1689
10088,442,1867
10089,440,1989
10090,448,2026
10091,448,1977
10092,448,1861
10093,448,1747
10094,443,1584
10095,447,1491
10096,440,1545
10097,443,1683
10098,442,1855
10099,442,1975
10100,443,2029
10101,440,1972
10102,441,1878
10103,440,1742
10104,442,1581
10105,439,1490
10106,449,1565
10107,440,1688
10108,439,1865
10109,450,1967
10110,448,2040
10111,448,1971
10112,441,1866
10113,443,1701
10114,441,1577
10115,448,1495
10116,442,1565
10117,441,1706
10118,442,1883
10119,441,1993
10120,448,2027
10121,448,1965
10122,442,1856
10123,447,1727
10124,442,1579
10125,442,1495
10126,443,1571
10127,441,1683
10128,444,1863
10129,442,1977
10130,442,2029
10131,442,1967
10132,443,1876
10133,442,1741
10134,442,1593
10135,443,1491
10136,442,1559
10137,443,1685
10138,442,1865
10139,442,1997
10140,444,2026
10141,442,1965
10142,441,1861
10143,443,1728
10144,442,1578
10145,442,1497
10146,447,1565
10147,442,1711
10148,443,1883
10149,448,1993
10150,447,2027
10151,448,1966
10152,443,1855
10153,447,1726
10154,448,1579
10155,442,1496
10156,447,1565
10157,443,1710
10158,442,1883
10159,442,1994
10160,443,2028
10161,440,1965
10162,442,1855
10163,442,1727
10164,448,1577
10165,442,1497
10166,442,1565
10167,442,1710
10168,443,1884
10169,442,1993
10170,442,2027
10171,448,1964
10172,442,1853
10173,442,1725
10174,447,1577
10175,442,1494
10176,442,1565
10177,442,1716
10178,443,1883
10179,442,1995
10180,442,2026
10181,442,1964
10182,447,1852
10183,448,1723
10184,442,1575
10185,442,1495
10186,442,1566
10187,442,1717
10188,442,1889
10189,442,1995
10190,442,2025
10191,447,1963
10192,448,1851
10193,448,1723
10194,442,1576
10195,442,1496
10196,448,1567
10197,443,1717
10198,443,1886
10199,442,1993
10200,443,2025
10201,443,1963
10202,442,1848
10203,442,1723
10204,448,1571
10205,448,1496
10206,448,1567
10207,442,1719
10208,443,1890
10209,448,1994
10210,443,2025
10211,448,1963
10212,448,1849
10213,448,1723
10214,440,1574
10215,442,1495
10216,442,1567
10217,442,1718
10218,448,1891
10219,442,1997
10220,442,2024
10221,448,1963
10222,442,1847
10223,442,1721
10224,448,1571
10225,444,1495
10226,442,1575
10227,448,1693
10228,448,1875
10229,443,1981
10230,444,2027
10231,443,1965
10232,442,1867
10233,443,1734
10234,442,1583
10235,442,1493
10236,448,1561
10237,442,1695
10238,442,1871
10239,447,1999
10240,443,2023
10241,448,1961
10242,440,1848
10243,442,1721
10244,442,1567
10245,442,1497
10246,442,1567
10247,442,1723
10248,448,1892
10249,442,1997
10250,442,2023
10251,442,1963
10252,443,1847
10253,442,1722
10254,442,1567
10255,442,1497
10256,443,1567
10257,442,1725
10258,442,1893
10259,448,1997
10260,442,2024
10261,442,1962
10262,447,1845
10263,441,1719
10264,443,1567
10265,442,1497
10266,442,1571
10267,442,1724
10268,442,1895
10269,443,1997
10270,440,2023
10271,440,1961
10272,442,1845
10273,442,1719
10274,442,1568
10275,443,1497
10276,442,1567
10277,442,1727
10278,442,1894
10279,442,1997
10280,443,2024
10281,448,1962
10282,448,1843
10283,440,1717
10284,442,1565
10285,441,1497
10286,443,1571
10287,442,1733
10288,442,1895
10289,448,1999
10290,448,2022
10291,442,1959
10292,443,1843
10293,442,1718
10294,442,1565
10295,442,1499
10296,442,1571
10297,442,1734
10298,447,1895
10299,443,1999
10300,442,2023
10301,442,1960
10302,441,1839
10303,443,1717
10304,447,1564
10305,443,1499
10306,442,1574
10307,448,1737
10308,442,1898
10309,441,1998
10310,440,2024
10311,443,1959
10312,443,1843
10313,442,1717
10314,443,1565
10315,442,1499
10316,442,1573
10317,442,1737
10318,442,1899
10319,442,1999
10320,448,2023
10321,442,1961
10322,442,1839
10323,442,1716
10324,443,1565
10325,447,1498
10326,442,1577
10327,443,1709
10328,443,1883
10329,448,1989
10330,442,2025
10331,442,1963
10332,442,1853
10333,442,1723
10334,441,1575
10335,442,1495
10336,442,1565
10337,442,1709
10338,443,1883
10339,448,2007
10340,442,2021
10341,442,1959
10342,442,1836
10343,442,1715
10344,441,1563
10345,442,1501
10346,447,1575
10347,442,1741
10348,442,1899
10349,447,2001
10350,448,2020
10351,442,1959
10352,442,1835
10353,443,1710
10354,448,1561
10355,441,1501
10356,440,1574
10357,441,1743
10358,440,1900
10359,440,2003
10360,442,2021
10361,447,1959
10362,442,1835
10363,442,1711
10364,442,1560
10365,442,1501
10366,442,1575
10367,442,1742
10368,442,1901
10369,441,2003
10370,443,2019
10371,442,1957
10372,447,1833
10373,448,1709
10374,440,1557
10375,442,1501
10376,442,1573
10377,442,1747
10378,442,1902
10379,442,2004
10380,448,2021
10381,442,1957
10382,442,1833
10383,443,1709
10384,442,1557
10385,441,1507
10386,443,1575
10387,440,1747
10388,443,1907
10389,448,2007
10390,443,2023
10391,442,1963
10392,443,1847
10393,448,1721
10394,442,1568
10395,443,1495
10396,447,1565
10397,443,1719
10398,448,1891
10399,442,1991
10400,442,2021
10401,441,1961
10402,442,1821
10403,448,1709
10404,442,1555
10405,443,1505
10406,442,1576
10407,442,1750
10408,448,1909
10409,442,2004
10410,442,2020
10411,442,1957
10412,448,1831
10413,442,1710
10414,447,1556
10415,442,1507
10416,442,1579
10417,442,1751
10418,443,1909
10419,448,2007
10420,442,2014
10421,442,1957
10422,442,1829
10423,442,1705
10424,442,1553
10425,442,1507
10426,444,1577
10427,448,1752
10428,448,1910
10429,443,2007
10430,442,2019
10431,443,1955
10432,442,1829
10433,448,1705
10434,448,1553
10435,447,1507
10436,443,1579
10437,447,1755
10438,448,1909
10439,447,2006
10440,442,2015
10441,447,1955
10442,442,1823
10443,448,1705
10444,442,1553
10445,442,1508
10446,442,1579
10447,443,1753
10448,442,1912
10449,441,2008
10450,448,2014
10451,441,1957
10452,444,1823
10453,442,1704
10454,443,1553
10455,442,1507
10456,442,1578
10457,442,1756
10458,441,1911
10459,442,2007
10460,442,2012
10461,447,1955
10462,442,1824
10463,443,1703
10464,448,1551
10465,448,1509
10466,443,1579
10467,448,1756
10468,442,1911
10469,448,2007
10470,442,2014
10471,443,1951
10472,443,1821
10473,442,1702
10474,443,1553
10475,442,1509
10476,448,1579
10477,442,1757
10478,442,1911
10479,442,2007
10480,442,2013
10481,442,1951
10482,441,1819
10483,442,1701
10484,447,1548
10485,443,1510
10486,442,1581
10487,448,1758
10488,448,1911
10489,443,2012
10490,442,2019
10491,443,1957
10492,448,1836
10493,442,1717
10494,443,1561
10495,442,1497
10496,442,1571
10497,447,1737
10498,443,1896
10499,442,1996
10500,442,2006
10501,442,1955
10502,443,1817
10503,442,1695
10504,443,1546
10505,442,1509
10506,442,1580
10507,442,1759
10508,442,1915
10509,443,2008
10510,442,2013
10511,447,1951
10512,448,1820
10513,447,1700
10514,443,1545
10515,443,1509
10516,442,1579
10517,447,1761
10518,447,1913
10519,442,2008
10520,442,2013
10521,447,1950
10522,442,1819
10523,448,1695
10524,448,1545
10525,448,1509
10526,443,1595
10527,444,1743
10528,448,1899
10529,438,2001
10530,443,2021
10531,448,1956
10532,442,1835
10533,443,1709
10534,442,1559
10535,442,1499
10536,443,1575
10537,442,1741
10538,442,1899
10539,441,2011
10540,444,2011
10541,442,1949
10542,442,1817
10543,442,1693
10544,442,1545
10545,442,1512
10546,442,1583
10547,447,1766
10548,442,1915
10549,443,2011
10550,442,2010
10551,442,1949
10552,442,1819
10553,444,1693
10554,443,1545
10555,443,1511
10556,448,1583
10557,442,1767
10558,443,1917
10559,442,2011
10560,443,2011
10561,448,1949
10562,443,1817
10563,448,1691
10564,448,1543
10565,448,1512
10566,442,1583
10567,448,1768
10568,443,1917
10569,443,2009
10570,443,2010
10571,443,1948
10572,448,1817
10573,448,1692
10574,447,1544
10575,448,1513
10576,443,1583
10577,444,1769
10578,444,1917
10579,444,2010
10580,448,2009
10581,448,1949
10582,448,1815
10583,448,1691
10584,450,1542
10585,442,1512
10586,444,1587
10587,448,1769
10588,448,1917
10589,448,2011
10590,443,2008
10591,448,1949
10592,448,1811
10593,448,1691
10594,448,1541
10595,448,1513
10596,444,1589
10597,448,1769
10598,448,1919
10599,448,2009
10600,442,2005
10601,442,1947
10602,448,1813
10603,442,1689
10604,448,1542
10605,448,1515
10606,447,1589
10607,442,1773
10608,443,1919
10609,448,2009
10610,441,2008
10611,448,1946
10612,448,1812
10613,442,1652
10614,448,1531
10615,448,1515
10616,448,1588
10617,442,1774
10618,447,1919
10619,444,2012
10620,448,2008
10621,443,1946
10622,448,1811
10623,442,1687
10624,448,1533
10625,442,1515
10626,447,1595
10627,443,1751
10628,443,1908
10629,447,2003
10630,442,2013
10631,448,1951
10632,448,1822
10633,448,1702
10634,448,1549
10635,443,1507
10636,443,1576
10637,443,1753
10638,443,1909
10639,448,2014
10640,442,2006
10641,449,1945
10642,448,1811
10643,448,1685
10644,443,1531
10645,442,1517
10646,443,1589
10647,448,1775
10648,443,1919
10649,448,2013
10650,442,2007
10651,443,1945
10652,448,1807
10653,442,1684
10654,448,1531
10655,443,1518
10656,448,1589
10657,442,1781
10658,448,1925
10659,448,2013
10660,448,2007
10661,448,1945
10662,442,1809
10663,447,1679
10664,449,1531
10665,448,1517
10666,448,1591
10667,448,1783
10668,448,1927
10669,442,2015
10670,442,2007
10671,448,1945
10672,442,1805
10673,448,1681
10674,448,1529
10675,448,1516
10676,442,1591
10677,441,1783
10678,448,1927
10679,448,2013
10680,442,2007
10681,443,1945
10682,447,1805
10683,448,1679
10684,443,1529
10685,448,1518
10686,449,1592
10687,448,1784
10688,442,1927
10689,442,2015
10690,448,2006
10691,442,1943
10692,442,1807
10693,442,1678
10694,443,1529
10695,448,1519
10696,441,1592
10697,447,1783
10698,448,1929
10699,448,2015
10700,441,2006
10701,442,1941
10702,443,1805
10703,447,1674
10704,448,1528
10705,442,1519
10706,442,1593
10707,443,1785
10708,442,1929
10709,442,2015
10710,442,2005
10711,442,1943
10712,443,1803
10713,443,1675
10714,444,1529
10715,442,1518
10716,448,1592
10717,442,1787
10718,448,1929
10719,443,2019
10720,448,2005
10721,442,1940
10722,442,1803
10723,443,1674
10724,442,1527
10725,442,1519
10726,448,1605
10727,443,1766
10728,443,1915
10729,443,2008
10730,443,2011
10731,443,1948
10732,448,1816
10733,443,1691
10734,444,1543
10735,442,1511
10736,448,1580
10737,442,1767
10738,443,1915
10739,448,2021
10740,444,2002
10741,442,1939
10742,442,1801
10743,442,1673
10744,442,1525
10745,442,1519
10746,442,1596
10747,447,1789
10748,442,1930
10749,448,2019
10750,448,2003
10751,442,1940
10752,448,1801
10753,442,1671
10754,448,1526
10755,448,1523
10756,442,1597
10757,448,1791
10758,442,1932
10759,442,2018
10760,448,1999
10761,448,1940
10762,448,1801
10763,442,1671
10764,448,1525
10765,448,1523
10766,442,1597
10767,443,1791
10768,442,1932
10769,442,2020
10770,442,2003
10771,448,1939
10772,443,1800
10773,442,1669
10774,443,1524
10775,443,1523
10776,441,1599
10777,443,1798
10778,442,1933
10779,448,2019
10780,448,2003
10781,443,1938
10782,448,1799
10783,442,1663
10784,442,1520
10785,443,1523
10786,443,1599
10787,442,1792
10788,442,1933
10789,443,2020
10790,442,1999
10791,448,1935
10792,443,1797
10793,442,1661
10794,447,1520
10795,442,1524
10796,448,1598
10797,442,1791
10798,442,1933
10799,442,2021
10800,442,1997
10801,442,1939
10802,448,1797
10803,443,1661
10804,448,1519
10805,448,1525
10806,441,1606
10807,442,1799
10808,443,1933
10809,443,2021
10810,442,1999
10811,442,1937
10812,442,1791
10813,443,1661
10814,442,1523
10815,443,1525
10816,442,1603
10817,442,1799
10818,442,1935
10819,443,2021
10820,442,1998
10821,442,1935
10822,441,1791
10823,448,1659
10824,448,1519
10825,448,1525
10826,442,1613
10827,443,1773
10828,449,1919
10829,448,2011
10830,443,2005
10831,448,1943
10832,443,1807
10833,448,1683
10834,442,1529
10835,443,1515
10836,443,1588
10837,442,1775
10838,448,1927
10839,443,2023
10840,442,1997
10841,442,1931
10842,443,1791
10843,448,1659
10844,440,1516
10845,442,1527
10846,448,1607
10847,444,1801
10848,442,1935
10849,448,2022
10850,442,1998
10851,447,1933
10852,440,1791
10853,442,1658
10854,444,1517
10855,442,1527
10856,443,1607
10857,448,1801
10858,442,1934
10859,442,2024
10860,443,1999
10861,448,1931
10862,448,1789
10863,442,1656
10864,442,1518
10865,443,1527
10866,447,1605
10867,442,1805
10868,443,1938
10869,448,2023
10870,448,1998
10871,447,1932
10872,448,1789
10873,442,1654
10874,443,1517
10875,443,1527
10876,443,1608
10877,443,1803
10878,442,1939
10879,442,2023
10880,448,1997
10881,448,1931
10882,442,1787
10883,444,1655
10884,448,1515
10885,448,1527
10886,442,1608
10887,448,1805
10888,442,1941
10889,442,2027
10890,448,2003
10891,448,1940
10892,442,1803
10893,443,1673
10894,448,1525
10895,448,1517
10896,442,1591
10897,442,1783
10898,448,1925
10899,448,2012
10900,448,1999
10901,443,1941
10902,442,1783
10903,442,1651
10904,442,1513
10905,442,1529
10906,448,1612
10907,444,1804
10908,442,1942
10909,442,2023
10910,449,1995
10911,448,1929
10912,442,1785
10913,442,1653
10914,442,1513
10915,448,1529
10916,442,1613
10917,448,1806
10918,448,1942
10919,448,2023
10920,443,1995
10921,443,1929
10922,444,1787
10923,443,1651
10924,442,1513
10925,443,1529
10926,447,1613
10927,442,1811
10928,443,1943
10929,443,2025
10930,442,1995
10931,442,1929
10932,442,1787
10933,442,1651
10934,442,1512
10935,442,1529
10936,442,1615
10937,442,1810
10938,442,1944
10939,442,2024
10940,442,1995
10941,448,1928
10942,442,1785
10943,442,1651
10944,440,1511
10945,441,1530
10946,442,1613
10947,442,1812
10948,442,1945
10949,442,2025
10950,442,1995
10951,442,1929
10952,443,1784
10953,441,1647
10954,442,1511
10955,442,1529
10956,442,1617
10957,442,1812
10958,442,1944
10959,442,2025
10960,442,1993
10961,441,1927
10962,442,1784
10963,442,1646
10964,440,1511
10965,441,1531
10966,441,1617
10967,442,1812
10968,440,1946
10969,442,2027
10970,448,1994
10971,442,1927
10972,440,1783
10973,443,1645
10974,442,1511
10975,442,1530
10976,442,1621
10977,442,1813
10978,443,1946
10979,442,2026
10980,442,1995
10981,447,1925
10982,444,1783
10983,442,1645
10984,441,1508
10985,442,1531
10986,442,1620
10987,442,1814
10988,442,1947
10989,442,2031
10990,442,1999
10991,442,1934
10992,442,1791
10993,442,1659
10994,448,1518
10995,440,1523
10996,442,1599
10997,442,1798
10998,442,1932
10999,442,2019
11000,440,1983
11001,442,1937
11002,441,1773
11003,442,1642
11004,442,1507
11005,442,1533
11006,442,1623
11007,442,1815
11008,443,1948
11009,442,2028
11010,442,1992
11011,442,1919
11012,442,1782
11013,440,1643
11014,442,1509
11015,443,1533
11016,443,1625
11017,443,1816
11018,442,1949
11019,442,2027
11020,443,1993
11021,441,1919
11022,442,1781
11023,448,1641
11024,448,1507
11025,442,1533
11026,442,1671
11027,440,1805
11028,442,1933
11029,442,2022
11030,442,1997
11031,443,1933
11032,442,1787
11033,442,1657
11034,441,1517
11035,442,1525
11036,442,1607
11037,443,1799
11038,442,1935
11039,442,2027
11040,442,1988
11041,442,1915
11042,440,1775
11043,440,1639
11044,440,1507
11045,441,1534
11046,442,1627
11047,443,1820
11048,443,1951
11049,442,2027
11050,440,1993
11051,443,1917
11052,443,1775
11053,443,1639
11054,442,1503
11055,442,1541
11056,444,1627
11057,442,1820
11058,443,1951
11059,448,2027
11060,442,1991
11061,442,1915
11062,442,1776
11063,447,1637
11064,442,1502
11065,448,1533
11066,442,1627
11067,442,1822
11068,442,1955
11069,443,2029
11070,448,1991
11071,448,1915
11072,442,1775
11073,443,1637
11074,440,1501
11075,442,1533
11076,442,1629
11077,442,1821
11078,448,1955
11079,442,2027
11080,442,1991
11081,442,1915
11082,442,1774
11083,442,1636
11084,442,1503
11085,441,1543
11086,448,1629
11087,442,1823
11088,442,1955
11089,442,2030
11090,442,1991
11091,443,1914
11092,441,1775
11093,443,1635
11094,442,1503
11095,443,1543
11096,442,1631
11097,442,1823
11098,442,1955
11099,442,2030
11100,442,1991
11101,441,1915
11102,442,1773
11103,442,1631
11104,442,1500
11105,443,1543
11106,442,1631
11107,442,1824
11108,443,1958
11109,448,2031
11110,442,1991
11111,443,1911
11112,442,1772
11113,448,1610
11114,441,1497
11115,448,1544
11116,448,1636
11117,442,1828
11118,442,1959
11119,448,2031
11120,442,1983
11121,442,1911
11122,443,1772
11123,448,1629
11124,442,1499
11125,443,1543
11126,443,1651
11127,448,1811
11128,443,1943
11129,442,2023
11130,442,1992
11131,448,1925
11132,443,1783
11133,443,1645
11134,444,1509
11135,442,1529
11136,448,1613
11137,448,1811
11138,442,1941
11139,443,2035
11140,448,1989
11141,448,1907
11142,442,1769
11143,448,1627
11144,443,1499
11145,442,1544
11146,448,1636
11147,443,1829
11148,442,1959
11149,447,2031
11150,442,1983
11151,442,1908
11152,442,1770
11153,442,1627
11154,442,1499
11155,448,1544
11156,448,1637
11157,442,1830
11158,443,1960
11159,448,2031
11160,442,1983
11161,447,1908
11162,448,1771
11163,443,1625
11164,442,1499
11165,442,1544
11166,448,1637
11167,447,1833
11168,448,1961
11169,442,2032
11170,448,1983
11171,444,1904
11172,442,1769
11173,448,1625
11174,448,1498
11175,444,1544
11176,444,1639
11177,442,1833
11178,442,1961
11179,442,2035
11180,442,1983
11181,442,1907
11182,442,1769
11183,442,1626
11184,442,1499
11185,443,1546
11186,442,1642
11187,442,1835
11188,442,1963
11189,448,2035
11190,442,1983
11191,442,1907
11192,448,1769
11193,447,1625
11194,444,1499
11195,442,1547
11196,448,1641
11197,442,1835
11198,443,1963
11199,443,2033
11200,442,1981
11201,443,1901
11202,442,1768
11203,442,1624
11204,442,1497
11205,442,1548
11206,442,1645
11207,448,1834
11208,442,1965
11209,442,2035
11210,442,1989
11211,442,1903
11212,442,1767
11213,442,1623
11214,447,1495
11215,442,1546
11216,442,1645
11217,442,1837
11218,448,1964
11219,442,2035
11220,443,1982
11221,441,1902
11222,442,1765
11223,442,1619
11224,442,1495
11225,442,1547
11226,441,1661
11227,442,1817
11228,442,1949
11229,442,2027
11230,442,1990
11231,440,1913
11232,442,1775
11233,448,1635
11234,443,1500
11235,442,1532
11236,443,1625
11237,442,1818
11238,443,1948
11239,442,2035
11240,442,1981
11241,442,1898
11242,442,1765
11243,442,1621
11244,441,1494
11245,443,1549
11246,442,1647
11247,442,1839
11248,443,1967
11249,442,2035
11250,441,1981
11251,442,1899
11252,442,1763
11253,442,1619
11254,442,1495
11255,441,1549
11256,442,1652
11257,442,1840
11258,448,1972
11259,442,2035
11260,443,1980
11261,441,1897
11262,442,1763
11263,448,1620
11264,443,1495
11265,442,1549
11266,442,1653
11267,442,1839
11268,443,1971
11269,442,2035
11270,442,1980
11271,442,1899
11272,440,1763
11273,443,1614
11274,442,1493
11275,442,1551
11276,443,1654
11277,442,1839
11278,443,1967
11279,442,2035
11280,443,1981
11281,442,1896
11282,442,1759
11283,443,1615
11284,442,1493
11285,442,1549
11286,442,1655
11287,442,1844
11288,448,1973
11289,448,2037
11290,442,1980
11291,444,1895
11292,442,1759
11293,443,1613
11294,442,1495
11295,442,1553
11296,448,1657
11297,442,1845
11298,442,1974
11299,441,2035
11300,441,1979
11301,442,1895
11302,441,1759
11303,442,1613
11304,441,1493
11305,442,1553
11306,442,1659
11307,448,1845
11308,442,1973
11309,440,2032
11310,442,1980
11311,442,1895
11312,442,1762
11313,442,1611
11314,442,1495
11315,443,1553
11316,447,1657
11317,440,1847
11318,442,1973
11319,442,2032
11320,442,1979
11321,447,1893
11322,442,1757
11323,442,1609
11324,443,1493
11325,443,1553
11326,442,1675
11327,442,1827
11328,442,1960
11329,443,2029
11330,443,1979
11331,443,1907
11332,443,1769
11333,448,1623
11334,442,1497
11335,443,1543
11336,443,1637
11337,443,1829
11338,443,1959
11339,442,2035
11340,442,1977
11341,442,1890
11342,442,1755
11343,442,1608
11344,442,1495
11345,442,1549
11346,448,1659
11347,448,1849
11348,442,1975
11349,442,2035
11350,440,1979
11351,448,1891
11352,442,1755
11353,448,1608
11354,443,1494
11355,442,1553
11356,442,1661
11357,447,1849
11358,442,1975
11359,448,2035
11360,442,1977
11361,442,1891
11362,444,1755
11363,447,1609
11364,442,1492
11365,442,1554
11366,442,1661
11367,443,1850
11368,442,1977
11369,448,2032
11370,443,1979
11371,442,1890
11372,448,1755
11373,442,1607
11374,442,1493
11375,448,1555
11376,448,1669
11377,448,1851
11378,442,1977
11379,441,2035
11380,448,1978
11381,442,1886
11382,448,1755
11383,442,1607
11384,442,1493
11385,442,1556
11386,448,1671
11387,443,1853
11388,443,1975
11389,441,2031
11390,442,1981
11391,442,1900
11392,442,1765
11393,448,1619
11394,442,1495
11395,442,1547
11396,441,1641
11397,441,1835
11398,442,1965
11399,443,2029
11400,441,1981
11401,442,1899
11402,442,1743
11403,448,1599
11404,448,1493
11405,440,1557
11406,442,1673
11407,442,1855
11408,442,1977
11409,442,2031
11410,442,1976
11411,442,1883
11412,442,1750
11413,448,1599
11414,448,1493
11415,448,1555
11416,442,1673
11417,442,1855
11418,442,1977
11419,442,2031
11420,443,1975
11421,442,1885
11422,442,1751
11423,448,1599
11424,442,1491
11425,442,1555
11426,442,1675
11427,448,1855
11428,442,1979
11429,442,2031
11430,448,1976
11431,444,1883
11432,444,1750
11433,448,1599
11434,442,1492
11435,447,1555
11436,447,1676
11437,442,1861
11438,443,1979
11439,448,2036
11440,447,1975
11441,443,1882
11442,442,1750
11443,443,1598
11444,442,1493
11445,443,1557
11446,442,1677
11447,448,1863
11448,447,1980
11449,447,2031
11450,448,1975
11451,443,1881
11452,442,1749
11453,448,1597
11454,448,1493
11455,448,1557
11456,442,1679
11457,442,1863
11458,442,1979
11459,442,2031
11460,443,1973
11461,442,1881
11462,443,1749
11463,441,1597
11464,441,1491
11465,442,1556
11466,448,1679
11467,442,1864
11468,440,1981
11469,440,2031
11470,442,1975
11471,442,1880
11472,443,1747
11473,442,1595
11474,448,1495
11475,440,1559
11476,442,1683
11477,440,1865
11478,442,1980
11479,448,2031
11480,442,1973
11481,442,1879
11482,443,1747
11483,448,1595
11484,442,1493
11485,447,1559
11486,442,1683
11487,442,1866
11488,448,1980
11489,442,2027
11490,443,1977
11491,441,1891
11492,442,1756
11493,447,1609
11494,443,1491
11495,443,1549
11496,442,1655
11497,442,1847
11498,442,1971
11499,443,2029
11500,442,1965
11501,442,1883
11502,441,1739
11503,442,1591
11504,442,1491
11505,447,1558
11506,448,1685
11507,443,1863
11508,442,1981
11509,441,2031
11510,442,1973
11511,448,1877
11512,448,1741
11513,441,1594
11514,448,1493
11515,442,1559
11516,448,1685
11517,442,1865
11518,442,1981
11519,448,2031
11520,443,1973
11521,443,1877
11522,443,1746
11523,442,1593
11524,442,1494
11525,442,1559
11526,443,1714
11527,442,1847
11528,442,1975
11529,443,2029
11530,448,1976
11531,448,1885
11532,448,1753
11533,442,1607
11534,448,1490
11535,442,1549
11536,442,1661
11537,442,1849
11538,448,1972
11539,448,2028
11540,448,1971
11541,448,1871
11542,442,1740
11543,448,1591
11544,448,1493
11545,442,1560
11546,449,1690
11547,442,1869
11548,442,1981
11549,443,2029
11550,448,1971
11551,448,1875
11552,448,1740
11553,448,1591
11554,442,1494
11555,441,1560
11556,442,1693
11557,447,1871
11558,448,1983
11559,442,2031
11560,442,1968
11561,441,1873
11562,442,1741
11563,442,1589
11564,442,1493
11565,442,1559
11566,442,1693
11567,442,1871
11568,444,1983
11569,443,2029
11570,441,1971
11571,443,1871
11572,444,1740
11573,441,1591
11574,442,1493
11575,442,1559
11576,442,1694
11577,442,1871
11578,448,1983
11579,442,2029
11580,442,1967
11581,442,1871
11582,442,1739
11583,442,1589
11584,443,1492
11585,447,1562
11586,442,1695
11587,442,1874
11588,442,1983
11589,442,2028
11590,443,1971
11591,447,1868
11592,443,1739
11593,448,1587
11594,443,1493
11595,443,1563
11596,442,1695
11597,443,1875
11598,443,1989
11599,440,2028
11600,440,1967
11601,443,1868
11602,442,1735
11603,442,1587
11604,447,1494
11605,442,1561
11606,442,1699
11607,441,1877
11608,442,1990
11609,442,2029
11610,448,1968
11611,440,1867
11612,447,1737
11613,440,1563
11614,442,1495
11615,447,1561
11616,443,1701
11617,442,1877
11618,442,1991
11619,443,2029
11620,442,1967
11621,442,1865
11622,442,1735
11623,449,1583
11624,448,1495
11625,442,1562
11626,442,1717
11627,443,1855
11628,443,1977
11629,448,2029
11630,443,1973
11631,442,1879
11632,443,1747
11633,448,1596
11634,442,1491
11635,443,1555
11636,442,1675
11637,443,1863
11638,442,1979
11639,442,2027
11640,443,1967
11641,448,1863
11642,442,1736
11643,447,1581
11644,442,1495
11645,441,1565
11646,448,1701
11647,448,1882
11648,443,1991
11649,443,2027
11650,442,1967
11651,441,1863
11652,442,1735
11653,443,1581
11654,442,1495
11655,442,1563
11656,441,1704
11657,443,1881
11658,442,1991
11659,443,2028
11660,442,1965
11661,442,1862
11662,442,1733
11663,442,1580
11664,448,1495
11665,441,1565
11666,442,1705
11667,448,1880
11668,442,1992
11669,441,2028
11670,443,1967
11671,443,1862
11672,443,1728
11673,442,1579
11674,443,1495
11675,443,1564
11676,448,1707
11677,442,1882
11678,448,1991
11679,442,2027
11680,442,1966
11681,443,1855
11682,443,1727
11683,443,1579
11684,442,1496
11685,442,1565
11686,448,1707
11687,442,1883
11688,443,1991
11689,447,2027
11690,443,1965
11691,448,1854
11692,440,1733
11693,443,1578
11694,443,1495
11695,442,1565
11696,443,1709
11697,442,1883
11698,448,1992
11699,441,2028
11700,447,1965
11701,442,1853
11702,443,1733
11703,443,1577
11704,442,1496
11705,448,1567
11706,442,1711
11707,448,1885
11708,442,1993
11709,444,2027
11710,443,1965
11711,447,1854
11712,442,1725
11713,442,1576
11714,442,1495
11715,441,1566
11716,448,1710
11717,442,1885
11718,442,1993
11719,444,2025
11720,442,1965
11721,443,1847
11722,449,1721
11723,442,1611
11724,451,1490
11725,448,1557
11726,448,1683
11727,440,1854
11728,440,1995
11729,440,2025
11730,448,1965
11731,448,1852
11732,443,1740
11733,448,1588
11734,448,1493
11735,449,1565
11736,452,1691
11737,448,1866
11738,449,1977
11739,442,2037
11740,451,1957
11741,442,1865
11742,448,1737
11743,442,1593
11744,440,1492
11745,448,1563
11746,452,1694
11747,440,1874
11748,450,1995
11749,448,2041
11750,448,1963
11751,442,1853
11752,441,1734
11753,442,1575
11754,443,1495
11755,442,1559
11756,442,1694
11757,440,1875
11758,443,1981
11759,442,2027
11760,448,1965
11761,442,1867
11762,442,1737
11763,443,1583
11764,443,1493
11765,443,1561
11766,442,1741
11767,442,1885
11768,440,1997
11769,447,2023
11770,448,1964
11771,442,1847
11772,447,1724
11773,448,1571
11774,443,1497
11775,442,1571
11776,442,1721
11777,440,1891
11778,442,1997
11779,442,2025
11780,448,1963
11781,442,1847
11782,442,1721
11783,448,1572
11784,442,1497
11785,443,1571
11786,442,1723
11787,442,1893
11788,442,1997
11789,442,2025
11790,441,1962
11791,442,1845
11792,442,1721
11793,442,1571
11794,447,1497
11795,442,1567
11796,447,1725
11797,441,1895
11798,443,1997
11799,448,2024
11800,443,1959
11801,443,1844
11802,442,1721
11803,442,1567
11804,444,1497
11805,442,1570
11806,441,1727
11807,443,1895
11808,442,1997
11809,442,2023
11810,443,1962
11811,442,1843
11812,443,1719
11813,442,1567
11814,448,1497
11815,442,1571
11816,442,1727
11817,447,1895
11818,443,1997
11819,440,2023
11820,447,1961
11821,448,1845
11822,442,1719
11823,442,1567
11824,448,1497
11825,442,1573
11826,442,1727
11827,442,1897
11828,448,1997
11829,442,2023
11830,448,1961
11831,447,1839
11832,441,1717
11833,448,1563
11834,442,1497
11835,448,1573
11836,443,1734
11837,442,1899
11838,442,1998
11839,442,2023
11840,443,1960
11841,442,1839
11842,442,1717
11843,442,1564
11844,442,1499
11845,442,1573
11846,442,1735
11847,442,1898
11848,443,1998
11849,448,2022
11850,442,1959
11851,447,1839
11852,442,1714
11853,442,1547
11854,442,1494
11855,443,1563
11856,443,1707
11857,442,1882
11858,442,1991
11859,442,2027
11860,442,1964
11861,448,1853
11862,448,1725
11863,448,1577
11864,448,1494
11865,443,1562
11866,448,1753
11867,443,1901
11868,443,2003
11869,442,2022
11870,448,1961
11871,443,1838
11872,442,1712
11873,440,1564
11874,442,1499
11875,442,1573
11876,442,1740
11877,442,1895
11878,448,1999
11879,448,2021
11880,443,1961
11881,448,1839
11882,442,1712
11883,442,1563
11884,444,1500
11885,444,1573
11886,448,1741
11887,443,1899
11888,442,2003
11889,448,2019
11890,443,1963
11891,442,1851
11892,443,1724
11893,442,1574
11894,442,1495
11895,442,1563
11896,448,1715
11897,442,1891
11898,448,1991
11899,441,2024
11900,442,1963
11901,442,1852
11902,442,1705
11903,442,1559
11904,442,1503
11905,440,1573
11906,442,1741
11907,442,1902
11908,443,2004
11909,448,2021
11910,442,1959
11911,442,1835
11912,448,1711
11913,443,1560
11914,442,1503
11915,442,1575
11916,441,1745
11917,442,1903
11918,442,2003
11919,442,2021
11920,442,1959
11921,442,1835
11922,441,1710
11923,442,1559
11924,442,1501
11925,442,1575
11926,447,1747
11927,443,1903
11928,442,2005
11929,442,2019
11930,442,1959
11931,442,1833
11932,448,1709
11933,442,1559
11934,442,1503
11935,443,1575
11936,442,1749
11937,442,1908
11938,442,2004
11939,447,2021
11940,442,1959
11941,442,1832
11942,442,1709
11943,442,1560
11944,448,1501
11945,442,1576
11946,444,1749
11947,442,1907
11948,442,2003
11949,442,2019
11950,442,1957
11951,442,1832
11952,440,1709
11953,443,1559
11954,442,1505
11955,447,1577
11956,442,1751
11957,448,1907
11958,441,2006
11959,442,2020
11960,441,1957
11961,448,1831
11962,442,1708
11963,442,1557
11964,442,1503
11965,447,1577
11966,447,1752
11967,448,1907
11968,442,2006
11969,448,2019
11970,442,1957
11971,443,1830
11972,442,1706
11973,443,1556
11974,442,1507
11975,440,1578
11976,442,1753
11977,442,1909
11978,442,2005
11979,442,2015
11980,442,1951
11981,444,1830
11982,442,1705
11983,443,1555
11984,442,1506
11985,443,1576
11986,442,1752
11987,440,1908
11988,442,2007
11989,440,2011
11990,442,1959
11991,448,1843
11992,443,1719
11993,443,1563
11994,442,1495
11995,442,1567
11996,448,1725
11997,442,1893
11998,442,1996
11999,441,2021
12000,441,1945
12001,443,1843
12002,447,1692
12003,442,1553
12004,443,1509
12005,442,1579
12006,442,1756
12007,447,1911
12008,442,2006
12009,442,2015
12010,442,1955
12011,448,1827
12012,442,1704
12013,442,1553
12014,442,1509
12015,440,1579
12016,442,1757
12017,443,1911
12018,442,2008
12019,442,2019
12020,444,1955
12021,442,1826
12022,443,1702
12023,442,1553
12024,442,1509
12025,448,1578
12026,442,1801
12027,442,1901
12028,441,1996
12029,442,2020
12030,442,1960
12031,441,1837
12032,442,1709
12033,442,1563
12034,442,1496
12035,441,1572
12036,442,1735
12037,447,1895
12038,448,1996
12039,441,2018
12040,442,1948
12041,442,1819
12042,442,1699
12043,442,1549
12044,442,1510
12045,442,1581
12046,442,1763
12047,441,1913
12048,443,2008
12049,442,2012
12050,443,1951
12051,442,1821
12052,442,1701
12053,442,1548
12054,442,1509
12055,447,1581
12056,443,1763
12057,441,1914
12058,441,2009
12059,441,2013
12060,443,1955
12061,442,1821
12062,442,1700
12063,448,1549
12064,442,1510
12065,442,1579
12066,441,1765
12067,442,1913
12068,442,2008
12069,442,2012
12070,442,1951
12071,443,1819
12072,442,1696
12073,443,1547
12074,442,1512
12075,442,1581
12076,440,1765
12077,448,1913
12078,448,2009
12079,440,2013
12080,444,1951
12081,442,1820
12082,443,1699
12083,440,1547
12084,442,1512
12085,441,1583
12086,442,1765
12087,442,1913
12088,442,2011
12089,441,2013
12090,440,1951
12091,442,1819
12092,440,1695
12093,442,1546
12094,442,1513
12095,441,1583
12096,442,1767
12097,448,1916
12098,443,2010
12099,443,2013
12100,442,1949
12101,440,1819
12102,442,1694
12103,442,1545
12104,442,1513
12105,440,1584
12106,442,1767
12107,442,1915
12108,442,2011
12109,447,2011
12110,442,1949
12111,448,1817
12112,442,1691
12113,442,1519
12114,447,1515
12115,442,1584
12116,442,1771
12117,448,1919
12118,441,2010
12119,442,2011
12120,448,1949
12121,442,1817
12122,442,1690
12123,442,1543
12124,448,1515
12125,442,1583
12126,442,1779
12127,443,1901
12128,442,2003
12129,442,2015
12130,442,1951
12131,442,1829
12132,443,1707
12133,442,1555
12134,442,1501
12135,442,1575
12136,441,1749
12137,442,1903
12138,442,2002
12139,442,2007
12140,442,1947
12141,442,1813
12142,441,1690
12143,442,1543
12144,442,1512
12145,444,1584
12146,442,1770
12147,440,1918
12148,440,2013
12149,442,2008
12150,448,1947
12151,442,1813
12152,442,1689
12153,448,1533
12154,442,1514
12155,442,1587
12156,448,1772
12157,442,1919
12158,448,2011
12159,442,2009
12160,448,1947
12161,443,1813
12162,448,1688
12163,448,1542
12164,448,1515
12165,448,1588
12166,442,1774
12167,448,1926
12168,448,2011
12169,442,2008
12170,448,1947
12171,442,1812
12172,447,1689
12173,448,1533
12174,448,1515
12175,443,1588
12176,441,1773
12177,442,1920
12178,447,2012
12179,442,2007
12180,440,1948
12181,442,1811
12182,442,1687
12183,448,1533
12184,442,1515
12185,443,1589
12186,448,1775
12187,448,1927
12188,442,2013
12189,442,2007
12190,443,1947
12191,448,1807
12192,448,1685
12193,448,1531
12194,442,1515
12195,442,1590
12196,442,1775
12197,443,1926
12198,442,2013
12199,442,2007
12200,442,1944
12201,442,1807
12202,443,1683
12203,448,1531
12204,443,1517
12205,442,1590
12206,448,1779
12207,442,1927
12208,444,2014
12209,448,2007
12210,448,1945
12211,442,1807
12212,448,1685
12213,442,1531
12214,448,1517
12215,442,1591
12216,443,1781
12217,442,1927
12218,448,2013
12219,442,2005
12220,442,1943
12221,447,1805
12222,442,1681
12223,442,1530
12224,443,1517
12225,443,1593
12226,442,1788
12227,448,1909
12228,443,2006
12229,442,2011
12230,442,1949
12231,448,1817
12232,442,1700
12233,448,1547
12234,442,1509
12235,443,1575
12236,443,1811
12237,442,1911
12238,442,2005
12239,442,2002
12240,442,1943
12241,448,1804
12242,442,1678
12243,442,1528
12244,443,1516
12245,442,1592
12246,443,1781
12247,448,1929
12248,448,2017
12249,448,2005
12250,442,1943
12251,448,1804
12252,448,1678
12253,443,1528
12254,447,1517
12255,448,1593
12256,447,1784
12257,442,1929
12258,442,2015
12259,442,2005
12260,443,1943
12261,447,1805
12262,442,1678
12263,442,1528
12264,442,1519
12265,442,1593
12266,448,1785
12267,443,1930
12268,442,2018
12269,442,2003
12270,442,1944
12271,443,1803
12272,442,1677
12273,442,1527
12274,448,1519
12275,447,1595
12276,448,1785
12277,442,1930
12278,448,2019
12279,447,2005
12280,442,1943
12281,443,1802
12282,448,1677
12283,442,1527
12284,442,1519
12285,448,1593
12286,442,1785
12287,448,1929
12288,448,2019
12289,448,2003
12290,442,1944
12291,448,1803
12292,442,1675
12293,442,1527
12294,442,1519
12295,448,1594
12296,442,1787
12297,442,1931
12298,443,2019
12299,442,2003
12300,447,1942
12301,442,1801
12302,442,1673
12303,442,1525
12304,443,1521
12305,443,1595
12306,448,1787
12307,448,1931
12308,448,2016
12309,448,2003
12310,448,1940
12311,448,1799
12312,448,1671
12313,447,1525
12314,448,1519
12315,447,1597
12316,442,1788
12317,448,1932
12318,443,2019
12319,448,2003
12320,448,1940
12321,442,1799
12322,442,1671
12323,448,1525
12324,448,1523
12325,447,1597
12326,442,1806
12327,443,1915
12328,443,2009
12329,442,2009
12330,442,1945
12331,442,1811
12332,447,1689
12333,443,1541
12334,443,1513
12335,442,1583
12336,448,1771
12337,441,1917
12338,448,2010
12339,442,1998
12340,442,1935
12341,442,1799
12342,443,1669
12343,442,1522
12344,448,1524
12345,442,1603
12346,442,1791
12347,443,1933
12348,447,2019
12349,448,1999
12350,440,1939
12351,442,1798
12352,447,1663
12353,442,1519
12354,442,1523
12355,448,1599
12356,447,1792
12357,443,1934
12358,442,2021
12359,442,2002
12360,447,1935
12361,448,1797
12362,442,1663
12363,442,1519
12364,448,1525
12365,447,1599
12366,442,1792
12367,442,1933
12368,447,2020
12369,442,2002
12370,443,1939
12371,442,1799
12372,442,1661
12373,442,1519
12374,443,1524
12375,448,1599
12376,447,1799
12377,448,1935
12378,442,2023
12379,448,1999
12380,448,1939
12381,440,1791
12382,442,1661
12383,443,1519
12384,444,1524
12385,447,1605
12386,440,1799
12387,441,1939
12388,448,2021
12389,443,1995
12390,443,1943
12391,448,1805
12392,448,1681
12393,442,1529
12394,442,1515
12395,442,1589
12396,443,1775
12397,444,1919
12398,443,2011
12399,448,2005
12400,442,1943
12401,444,1805
12402,442,1645
12403,447,1514
12404,443,1527
12405,448,1607
12406,442,1803
12407,441,1938
12408,442,2023
12409,443,1997
12410,442,1931
12411,443,1790
12412,442,1657
12413,443,1517
12414,448,1525
12415,443,1607
12416,442,1803
12417,448,1940
12418,447,2022
12419,442,1997
12420,447,1933
12421,448,1789
12422,442,1655
12423,448,1515
12424,442,1529
12425,444,1608
12426,448,1803
12427,448,1939
12428,448,2023
12429,449,1997
12430,443,1931
12431,442,1788
12432,448,1655
12433,442,1516
12434,448,1527
12435,443,1609
12436,448,1806
12437,442,1940
12438,448,2022
12439,442,1999
12440,448,1931
12441,442,1788
12442,442,1653
12443,442,1515
12444,442,1531
12445,442,1611
12446,442,1809
12447,448,1939
12448,442,2024
12449,442,1997
12450,448,1930
12451,448,1787
12452,443,1652
12453,443,1515
12454,443,1529
12455,442,1611
12456,441,1811
12457,448,1941
12458,442,2025
12459,442,1997
12460,442,1927
12461,447,1787
12462,442,1651
12463,448,1513
12464,448,1530
12465,442,1612
12466,448,1810
12467,440,1942
12468,442,2025
12469,442,1995
12470,442,1929
12471,444,1785
12472,443,1651
12473,448,1513
12474,448,1529
12475,443,1611
12476,443,1810
12477,442,1941
12478,448,2025
12479,442,1995
12480,448,1929
12481,442,1785
12482,443,1647
12483,448,1513
12484,447,1529
12485,448,1613
12486,443,1812
12487,442,1943
12488,443,2025
12489,442,1992
12490,447,1939
12491,442,1799
12492,442,1671
12493,442,1523
12494,442,1517
12495,443,1595
12496,448,1784
12497,447,1930
12498,448,2015
12499,442,1999
12500,442,1911
12501,443,1789
12502,442,1641
12503,443,1511
12504,443,1531
12505,442,1615
12506,443,1811
12507,442,1944
12508,447,2027
12509,442,1995
12510,442,1927
12511,447,1785
12512,443,1645
12513,442,1512
12514,443,1531
12515,444,1618
12516,443,1813
12517,442,1943
12518,442,2027
12519,442,1996
12520,448,1925
12521,441,1783
12522,442,1644
12523,442,1512
12524,442,1530
12525,442,1618
12526,443,1833
12527,442,1933
12528,443,2015
12529,442,1997
12530,442,1934
12531,442,1797
12532,442,1669
12533,442,1520
12534,443,1523
12535,442,1598
12536,442,1791
12537,443,1933
12538,442,2019
12539,442,1992
12540,442,1915
12541,442,1780
12542,443,1641
12543,443,1509
12544,443,1531
12545,442,1621
12546,443,1817
12547,448,1947
12548,443,2028
12549,442,1994
12550,448,1919
12551,442,1781
12552,443,1641
12553,448,1509
12554,441,1531
12555,447,1621
12556,441,1817
12557,448,1947
12558,442,2027
12559,441,1993
12560,442,1917
12561,448,1781
12562,441,1641
12563,443,1507
12564,441,1533
12565,442,1623
12566,442,1816
12567,447,1949
12568,442,2026
12569,448,1992
12570,440,1917
12571,442,1779
12572,442,1640
12573,442,1507
12574,442,1532
12575,442,1623
12576,443,1819
12577,441,1951
12578,442,2029
12579,444,1992
12580,442,1917
12581,442,1779
12582,442,1639
12583,442,1507
12584,443,1533
12585,443,1624
12586,443,1819
12587,442,1949
12588,442,2029
12589,442,1991
12590,442,1917
12591,448,1776
12592,442,1640
12593,442,1505
12594,442,1542
12595,447,1627
12596,442,1821
12597,448,1951
12598,443,2029
12599,448,1992
12600,444,1910
12601,443,1775
12602,442,1637
12603,448,1502
12604,442,1534
12605,448,1627
12606,448,1821
12607,447,1952
12608,443,2029
12609,442,1992
12610,448,1915
12611,448,1775
12612,444,1635
12613,448,1493
12614,448,1543
12615,443,1631
12616,448,1823
12617,442,1955
12618,448,2029
12619,442,1990
12620,443,1915
12621,442,1774
12622,443,1636
12623,442,1501
12624,442,1543
12625,447,1629
12626,448,1835
12627,442,1939
12628,442,2023
12629,442,1995
12630,444,1929
12631,448,1785
12632,443,1647
12633,448,1512
12634,442,1527
12635,443,1609
12636,443,1804
12637,442,1939
12638,443,2023
12639,442,1988
12640,443,1911
12641,443,1771
12642,442,1634
12643,442,1499
12644,447,1541
12645,441,1630
12646,442,1823
12647,442,1957
12648,442,2030
12649,440,1989
12650,441,1913
12651,442,1773
12652,442,1630
12653,444,1499
12654,448,1543
12655,443,1631
12656,447,1827
12657,442,1959
12658,447,2031
12659,442,1990
12660,442,1912
12661,442,1771
12662,442,1629
12663,442,1499
12664,442,1543
12665,440,1635
12666,442,1827
12667,440,1960
12668,442,2031
12669,442,1991
12670,440,1911
12671,442,1772
12672,447,1630
12673,442,1499
12674,442,1544
12675,442,1637
12676,448,1829
12677,442,1960
12678,443,2031
12679,447,1990
12680,442,1911
12681,447,1771
12682,447,1631
12683,442,1499
12684,448,1542
12685,448,1637
12686,448,1829
12687,447,1960
12688,442,2031
12689,442,1983
12690,442,1911
12691,447,1770
12692,442,1627
12693,442,1500
12694,443,1545
12695,447,1639
12696,448,1831
12697,448,1961
12698,441,2031
12699,448,1984
12700,448,1910
12701,448,1769
12702,448,1626
12703,448,1496
12704,448,1545
12705,443,1639
12706,442,1832
12707,443,1961
12708,443,2031
12709,443,1983
12710,442,1907
12711,442,1769
12712,443,1627
12713,447,1497
12714,442,1544
12715,442,1641
12716,442,1833
12717,442,1963
12718,442,2031
12719,442,1983
12720,448,1903
12721,448,1769
12722,448,1627
12723,442,1497
12724,443,1545
12725,442,1640
12726,447,1840
12727,442,1945
12728,442,2027
12729,442,1992
12730,448,1915
12731,443,1775
12732,442,1639
12733,442,1503
12734,448,1531
12735,442,1621
12736,443,1815
12737,442,1947
12738,442,2027
12739,442,1982
12740,442,1901
12741,442,1767
12742,448,1623
12743,442,1496
12744,442,1546
12745,448,1643
12746,443,1833
12747,442,1965
12748,447,2035
12749,443,1981
12750,442,1904
12751,442,1767
12752,442,1624
12753,441,1495
12754,443,1547
12755,441,1645
12756,442,1835
12757,442,1965
12758,443,2035
12759,442,1982
12760,448,1903
12761,441,1767
12762,441,1621
12763,442,1495
12764,443,1546
12765,443,1646
12766,448,1836
12767,441,1966
12768,442,2035
12769,442,1981
12770,442,1903
12771,442,1765
12772,442,1622
12773,447,1495
12774,442,1547
12775,442,1645
12776,442,1837
12777,442,1965
12778,442,2035
12779,442,1981
12780,443,1902
12781,442,1765
12782,441,1623
12783,442,1495
12784,442,1547
12785,442,1647
12786,443,1837
12787,442,1967
12788,442,2035
12789,447,1981
12790,442,1900
12791,443,1764
12792,442,1619
12793,442,1494
12794,443,1549
12795,448,1651
12796,443,1839
12797,442,1968
12798,442,2035
12799,448,1981
12800,448,1895
12801,441,1763
12802,444,1619
12803,448,1493
12804,448,1548
12805,448,1651
12806,448,1837
12807,442,1971
12808,442,2035
12809,443,1979
12810,442,1897
12811,448,1762
12812,442,1613
12813,440,1494
12814,448,1547
12815,443,1653
12816,443,1840
12817,442,1971
12818,448,2035
12819,443,1979
12820,442,1899
12821,442,1762
12822,442,1615
12823,442,1494
12824,443,1548
12825,442,1654
12826,442,1851
12827,447,1954
12828,447,2029
12829,442,1983
12830,443,1912
12831,443,1770
12832,442,1628
12833,442,1499
12834,442,1542
12835,442,1635
12836,442,1823
12837,442,1957
12838,442,2029
12839,442,1979
12840,442,1895
12841,442,1757
12842,448,1613
12843,442,1493
12844,443,1550
12845,444,1657
12846,448,1844
12847,442,1974
12848,442,2035
12849,443,1980
12850,442,1896
12851,447,1759
12852,448,1611
12853,448,1493
12854,448,1550
12855,448,1657
12856,442,1846
12857,442,1973
12858,448,2035
12859,448,1979
12860,444,1893
12861,444,1757
12862,448,1612
12863,448,1493
12864,442,1550
12865,442,1655
12866,443,1847
12867,443,1973
12868,443,2035
12869,442,1979
12870,442,1893
12871,448,1757
12872,440,1611
12873,448,1493
12874,442,1551
12875,443,1657
12876,448,1847
12877,442,1976
12878,448,2035
12879,448,1979
12880,442,1893
12881,443,1755
12882,442,1609
12883,448,1493
12884,442,1553
12885,442,1660
12886,440,1848
12887,443,1976
12888,442,2035
12889,442,1975
12890,448,1903
12891,448,1765
12892,448,1623
12893,448,1495
12894,442,1543
12895,448,1637
12896,442,1831
12897,443,1961
12898,442,2029
12899,443,1980
12900,448,1899
12901,444,1767
12902,442,1605
12903,442,1493
12904,444,1555
12905,442,1660
12906,442,1849
12907,448,1975
12908,448,2031
12909,442,1977
12910,442,1889
12911,442,1754
12912,441,1609
12913,442,1493
12914,440,1553
12915,448,1663
12916,443,1851
12917,442,1976
12918,442,2036
12919,443,1977
12920,442,1887
12921,442,1754
12922,442,1607
12923,442,1493
12924,448,1555
12925,448,1670
12926,443,1853
12927,442,1976
12928,448,2035
12929,448,1977
12930,443,1885
12931,442,1753
12932,443,1607
12933,442,1493
12934,442,1555
12935,448,1671
12936,443,1853
12937,442,1977
12938,448,2035
12939,448,1977
12940,444,1885
12941,448,1753
12942,442,1605
12943,448,1491
12944,443,1555
12945,448,1672
12946,442,1853
12947,448,1977
12948,443,2035
12949,443,1976
12950,448,1883
12951,443,1751
12952,443,1600
12953,443,1493
12954,442,1556
12955,442,1673
12956,448,1855
12957,442,1979
12958,448,2031
12959,448,1975
12960,448,1883
12961,444,1751
12962,448,1597
12963,443,1493
12964,448,1555
12965,443,1673
12966,448,1861
12967,442,1978
12968,442,2030
12969,448,1975
12970,447,1881
12971,447,1751
12972,447,1597
12973,441,1493
12974,443,1557
12975,442,1675
12976,442,1861
12977,448,1979
12978,449,2031
12979,443,1974
12980,443,1881
12981,442,1750
12982,448,1599
12983,443,1493
12984,442,1557
12985,443,1675
12986,442,1862
12987,448,1978
12988,442,2031
12989,442,1971
12990,442,1896
12991,442,1759
12992,442,1613
12993,448,1491
12994,442,1549
12995,442,1653
12996,443,1843
12997,444,1970
12998,448,2031
12999,442,1977
13000,442,1865
13001,442,1759
13002,447,1588
13003,442,1493
13004,448,1558
13005,442,1677
13006,448,1865
13007,443,1980
13008,442,2031
13009,448,1974
13010,448,1879
13011,442,1747
13012,443,1595
13013,448,1493
13014,442,1558
13015,441,1680
13016,443,1865
13017,442,1980
13018,448,2031
13019,443,1975
13020,442,1877
13021,442,1747
13022,448,1593
13023,442,1493
13024,442,1557
13025,447,1682
13026,442,1899
13027,442,1975
13028,443,2031
13029,442,1975
13030,442,1891
13031,448,1756
13032,448,1607
13033,442,1493
13034,442,1548
13035,448,1659
13036,442,1846
13037,448,1971
13038,443,2035
13039,441,1976
13040,442,1867
13041,442,1740
13042,443,1591
13043,448,1493
13044,444,1557
13045,443,1685
13046,442,1866
13047,448,1981
13048,442,2031
13049,442,1973
13050,441,1877
13051,442,1743
13052,448,1592
13053,442,1491
13054,442,1559
13055,443,1687
13056,443,1868
13057,443,1983
13058,448,2030
13059,443,1973
13060,442,1875
13061,442,1743
13062,441,1591
13063,441,1493
13064,442,1560
13065,442,1688
13066,443,1869
13067,442,1983
13068,442,2031
13069,447,1973
13070,442,1875
13071,442,1741
13072,442,1591
13073,442,1493
13074,443,1561
13075,448,1689
13076,442,1871
13077,448,1989
13078,448,2029
13079,442,1973
13080,441,1871
13081,442,1739
13082,444,1591
13083,448,1493
13084,448,1561
13085,443,1691
13086,443,1874
13087,442,1983
13088,442,2030
13089,442,1972
13090,442,1875
13091,440,1741
13092,442,1589
13093,442,1495
13094,442,1561
13095,442,1691
13096,442,1873
13097,443,1983
13098,448,2029
13099,442,1971
13100,448,1870
13101,443,1741
13102,448,1589
13103,443,1493
13104,447,1561
13105,443,1691
13106,443,1876
13107,442,1983
13108,448,2029
13109,442,1973
13110,443,1869
13111,442,1741
13112,442,1588
13113,442,1497
13114,442,1563
13115,444,1699
13116,442,1875
13117,448,1989
13118,442,2029
13119,443,1971
13120,440,1867
13121,442,1738
13122,448,1583
13123,442,1493
13124,448,1561
13125,442,1699
13126,442,1886
13127,443,1976
13128,443,2029
13129,442,1973
13130,442,1881
13131,442,1749
13132,442,1599
13133,442,1491
13134,442,1555
13135,442,1672
13136,448,1853
13137,448,1977
13138,442,2031
13139,448,1967
13140,442,1865
13141,442,1735
13142,442,1583
13143,448,1494
13144,442,1561
13145,443,1701
13146,443,1876
13147,448,1991
13148,447,2029
13149,442,1969
13150,442,1865
13151,442,1736
13152,442,1582
13153,442,1494
13154,442,1563
13155,443,1703
13156,443,1877
13157,443,1991
13158,442,2030
13159,442,1967
13160,448,1866
13161,443,1736
13162,447,1581
13163,440,1495
13164,442,1561
13165,443,1705
13166,442,1880
13167,442,1993
13168,442,2029
13169,447,1967
13170,448,1865
13171,442,1735
13172,442,1581
13173,440,1495
13174,442,1564
13175,443,1705
13176,442,1880
13177,443,1992
13178,442,2028
13179,442,1966
13180,443,1864
13181,442,1734
13182,443,1580
13183,442,1495
13184,443,1564
13185,443,1706
13186,443,1881
13187,442,1992
13188,441,2028
13189,443,1967
13190,442,1863
13191,441,1735
13192,442,1581
13193,442,1495
13194,441,1563
13195,442,1708
13196,442,1882
13197,442,1993
13198,442,2029
13199,442,1967
13200,440,1853
13201,442,1727
13202,448,1578
13203,442,1495
13204,442,1563
13205,442,1709
13206,442,1883
13207,442,1993
13208,448,2027
13209,448,1967
13210,443,1861
13211,442,1727
13212,441,1577
13213,440,1496
13214,443,1565
13215,448,1709
13216,443,1885
13217,442,1993
13218,442,2028
13219,441,1966
13220,440,1854
13221,443,1725
13222,441,1577
13223,448,1496
13224,442,1565
13225,442,1711
13226,442,1895
13227,442,1980
13228,442,2027
13229,442,1971
13230,443,1871
13231,442,1740
13232,442,1591
13233,442,1491
13234,448,1557
13235,448,1685
13236,442,1869
13237,442,1981
13238,442,2028
13239,442,1963
13240,442,1849
13241,442,1724
13242,442,1576
13243,442,1495
13244,442,1567
13245,442,1716
13246,442,1885
13247,442,1995
13248,442,2025
13249,448,1965
13250,443,1853
13251,448,1724
13252,442,1575
13253,447,1495
13254,440,1565
13255,448,1717
13256,442,1885
13257,447,1995
13258,444,2026
13259,443,1965
13260,447,1851
13261,443,1723
13262,443,1575
13263,442,1495
13264,448,1566
13265,442,1718
13266,448,1891
13267,448,1995
13268,442,2025
13269,442,1963
13270,442,1850
13271,443,1722
13272,442,1573
13273,443,1495
13274,442,1567
13275,442,1720
13276,440,1891
13277,443,1997
13278,442,2027
13279,448,1963
13280,448,1849
13281,448,1723
13282,447,1572
13283,447,1496
13284,443,1567
13285,442,1720
13286,447,1891
13287,442,1997
13288,448,2027
13289,448,1963
13290,448,1849
13291,443,1721
13292,442,1571
13293,442,1497
13294,443,1567
13295,443,1723
13296,448,1893
13297,442,1997
13298,442,2025
13299,442,1961
13300,448,1848
13301,442,1720
13302,443,1571
13303,442,1497
13304,448,1567
13305,442,1724
13306,441,1893
13307,443,1995
13308,448,2025
13309,442,1963
13310,442,1848
13311,442,1721
13312,443,1567
13313,442,1497
13314,442,1571
13315,442,1725
13316,448,1895
13317,443,1997
13318,442,2024
13319,443,1961
13320,442,1846
13321,442,1719
13322,440,1568
13323,442,1497
13324,442,1568
13325,442,1735
13326,443,1903
13327,442,1989
13328,443,2027
13329,442,1965
13330,444,1861
13331,442,1727
13332,443,1579
13333,441,1491
13334,442,1563
13335,442,1701
13336,443,1879
13337,442,1989
13338,442,2026
13339,443,1959
13340,448,1840
13341,442,1718
13342,443,1565
13343,448,1499
13344,442,1571
13345,441,1735
13346,442,1895
13347,442,1999
13348,442,2023
13349,442,1961
13350,442,1844
13351,443,1717
13352,448,1564
13353,442,1498
13354,448,1571
13355,443,1735
13356,444,1898
13357,444,1999
13358,448,2023
13359,442,1961
13360,442,1819
13361,440,1723
13362,443,1580
13363,448,1501
13364,442,1565
13365,450,1711
13366,440,1870
13367,442,2009
13368,442,2035
13369,448,1961
13370,448,1853
13371,450,1737
13372,448,1560
13373,447,1494
13374,448,1579
13375,443,1720
13376,442,1891
13377,442,2009
13378,441,2025
13379,448,1956
13380,442,1848
13381,442,1725
13382,450,1580
13383,440,1493
13384,448,1563
13385,450,1702
13386,440,1890
13387,448,1992
13388,440,2028
13389,442,1958
13390,440,1853
13391,441,1705
13392,442,1575
13393,443,1493
13394,442,1563
13395,443,1711
13396,442,1883
13397,448,1991
13398,442,2025
13399,442,1961
13400,441,1851
13401,443,1723
13402,442,1574
13403,442,1495
13404,443,1583
13405,443,1752
13406,448,1902
13407,442,2003
13408,448,2021
13409,448,1959
13410,442,1834
13411,442,1711
13412,443,1559
13413,443,1499
13414,443,1575
13415,442,1747
13416,443,1902
13417,442,2003
13418,442,2021
13419,448,1959
13420,442,1835
13421,442,1711
13422,443,1559
13423,442,1503
13424,442,1575
13425,443,1747
13426,441,1903
13427,442,2004
13428,442,2019
13429,443,1959
13430,443,1834
13431,443,1709
13432,443,1559
13433,448,1502
13434,443,1575
13435,448,1749
13436,443,1903
13437,448,2005
13438,443,2019
13439,443,1956
13440,442,1832
13441,448,1709
13442,447,1558
13443,448,1503
13444,448,1574
13445,448,1748
13446,448,1903
13447,448,2004
13448,443,2019
13449,444,1957
13450,448,1832
13451,448,1708
13452,448,1558
13453,448,1507
13454,449,1575
13455,448,1749
13456,448,1903
13457,443,2006
13458,442,2019
13459,448,1957
13460,448,1832
13461,442,1707
13462,447,1557
13463,448,1506
13464,442,1575
13465,448,1752
13466,444,1907
13467,443,2005
13468,443,2019
13469,441,1957
13470,448,1831
13471,442,1707
13472,442,1555
13473,448,1503
13474,448,1577
13475,444,1752
13476,448,1907
13477,443,2005
13478,448,2014
13479,443,1956
13480,443,1829
13481,443,1705
13482,442,1555
13483,442,1507
13484,442,1579
13485,443,1753
13486,443,1909
13487,442,2005
13488,448,2015
13489,448,1951
13490,442,1829
13491,448,1695
13492,447,1564
13493,442,1495
13494,448,1567
13495,443,1721
13496,443,1895
13497,442,1996
13498,442,2023
13499,448,1959
13500,442,1813
13501,444,1718
13502,441,1559
13503,448,1496
13504,442,1581
13505,442,1757
13506,448,1911
13507,443,2006
13508,440,2013
13509,442,1955
13510,442,1823
13511,442,1705
13512,448,1548
13513,447,1509
13514,442,1577
13515,442,1755
13516,442,1912
13517,443,2007
13518,448,2013
13519,443,1955
13520,448,1824
13521,442,1705
13522,442,1549
13523,444,1508
13524,447,1579
13525,442,1755
13526,448,1929
13527,442,1999
13528,442,2020
13529,442,1959
13530,448,1836
13531,442,1711
13532,443,1563
13533,442,1497
13534,442,1571
13535,442,1735
13536,442,1901
13537,442,1998
13538,444,2020
13539,443,1949
13540,447,1819
13541,443,1699
13542,447,1549
13543,448,1513
13544,448,1581
13545,448,1759
13546,450,1913
13547,448,2008
13548,448,2010
13549,448,1951
13550,448,1820
13551,448,1699
13552,442,1547
13553,448,1510
13554,443,1579
13555,442,1763
13556,448,1913
13557,444,2008
13558,443,2011
13559,448,1951
13560,443,1819
13561,444,1695
13562,442,1547
13563,442,1511
13564,441,1581
13565,448,1763
13566,444,1915
13567,442,2009
13568,448,2011
13569,443,1951
13570,442,1819
13571,448,1694
13572,448,1545
13573,449,1511
13574,448,1581
13575,442,1765
13576,448,1917
13577,448,2009
13578,448,2010
13579,442,1950
13580,444,1817
13581,448,1693
13582,442,1544
13583,448,1510
13584,442,1581
13585,442,1765
13586,443,1916
13587,442,2010
13588,442,2011
13589,442,1951
13590,441,1816
13591,442,1695
13592,442,1545
13593,442,1513
13594,447,1583
13595,442,1768
13596,448,1917
13597,442,2011
13598,443,2010
13599,442,1949
13600,443,1810
13601,442,1692
13602,442,1544
13603,448,1513
13604,442,1584
13605,441,1769
13606,448,1919
13607,448,2011
13608,447,2009
13609,442,1949
13610,443,1815
13611,442,1691
13612,442,1543
13613,443,1528
13614,442,1587
13615,442,1775
13616,447,1918
13617,447,2013
13618,448,2009
13619,443,1947
13620,443,1815
13621,442,1689
13622,442,1542
13623,440,1514
13624,443,1587
13625,448,1773
13626,443,1930
13627,442,2003
13628,441,2013
13629,448,1955
13630,448,1829
13631,448,1705
13632,442,1553
13633,442,1501
13634,444,1575
13635,448,1751
13636,448,1902
13637,448,2003
13638,442,2013
13639,442,1945
13640,447,1811
13641,448,1687
13642,448,1533
13643,442,1516
13644,447,1584
13645,448,1775
13646,442,1919
13647,448,2013
13648,442,2008
13649,442,1947
13650,448,1812
13651,442,1685
13652,448,1533
13653,448,1516
13654,442,1589
13655,442,1775
13656,448,1919
13657,442,2013
13658,443,2007
13659,447,1946
13660,442,1810
13661,443,1683
13662,443,1531
13663,442,1517
13664,443,1587
13665,448,1779
13666,443,1926
13667,443,2013
13668,448,2008
13669,441,1945
13670,442,1810
13671,448,1683
13672,442,1532
13673,448,1517
13674,448,1590
13675,442,1781
13676,448,1927
13677,444,2013
13678,448,2008
13679,447,1945
13680,442,1807
13681,442,1683
13682,442,1531
13683,442,1517
13684,448,1591
13685,441,1783
13686,442,1928
13687,442,2017
13688,443,2007
13689,448,1944
13690,442,1807
13691,448,1682
13692,441,1529
13693,442,1517
13694,442,1591
13695,442,1782
13696,448,1926
13697,448,2015
13698,448,2007
13699,448,1944
13700,448,1806
13701,448,1679
13702,448,1529
13703,443,1517
13704,442,1591
13705,448,1785
13706,448,1928
13707,448,2018
13708,443,2006
13709,443,1943
13710,448,1805
13711,442,1676
13712,442,1527
13713,442,1519
13714,442,1592
13715,447,1785
13716,448,1929
13717,442,2018
13718,442,2005
13719,448,1945
13720,442,1804
13721,448,1675
13722,443,1528
13723,448,1519
13724,443,1595
13725,448,1785
13726,448,1937
13727,442,2007
13728,443,2009
13729,443,1949
13730,443,1815
13731,444,1691
13732,442,1544
13733,448,1509
13734,442,1581
13735,442,1765
13736,443,1913
13737,448,2007
13738,444,2009
13739,443,1939
13740,444,1801
13741,442,1672
13742,448,1524
13743,447,1523
13744,448,1594
13745,447,1788
13746,447,1931
13747,443,2019
13748,442,2004
13749,442,1941
13750,443,1802
13751,448,1671
13752,448,1523
13753,442,1519
13754,448,1593
13755,442,1788
13756,442,1931
13757,448,2019
13758,448,2003
13759,444,1940
13760,442,1801
13761,442,1663
13762,442,1525
13763,444,1519
13764,442,1595
13765,448,1791
13766,448,1932
13767,448,2018
13768,442,2003
13769,443,1940
13770,443,1799
13771,442,1669
13772,448,1523
13773,448,1523
13774,442,1597
13775,448,1791
13776,442,1933
13777,448,2021
13778,442,2003
13779,441,1939
13780,442,1799
13781,442,1663
13782,448,1523
13783,443,1524
13784,441,1599
13785,442,1799
13786,442,1933
13787,441,2022
13788,442,2003
13789,443,1940
13790,448,1797
13791,442,1662
13792,448,1519
13793,443,1525
13794,448,1599
13795,443,1799
13796,442,1935
13797,448,2021
13798,448,2003
13799,448,1935
13800,443,1789
13801,442,1660
13802,448,1518
13803,448,1523
13804,448,1599
13805,448,1800
13806,448,1935
13807,447,2021
13808,442,2001
13809,448,1935
13810,442,1792
13811,443,1659
13812,448,1518
13813,448,1525
13814,448,1600
13815,448,1801
13816,443,1935
13817,447,2022
13818,448,1999
13819,448,1935
13820,448,1790
13821,448,1659
13822,448,1518
13823,448,1526
13824,442,1605
13825,448,1800
13826,448,1943
13827,448,2011
13828,443,2005
13829,442,1942
13830,443,1805
13831,442,1678
13832,443,1528
13833,444,1513
13834,443,1589
13835,448,1775
13836,448,1918
13837,448,2012
13838,442,2003
13839,447,1931
13840,448,1787
13841,443,1655
13842,442,1515
13843,448,1526
13844,442,1606
13845,444,1803
13846,442,1935
13847,448,2023
13848,443,1995
13849,442,1933
13850,442,1790
13851,441,1655
13852,443,1517
13853,448,1527
13854,448,1610
13855,443,1805
13856,443,1939
13857,443,2024
13858,443,1997
13859,443,1931
13860,443,1789
13861,443,1655
13862,442,1515
13863,442,1529
13864,442,1609
13865,443,1805
13866,443,1941
13867,443,2023
13868,442,1997
13869,442,1931
13870,442,1787
13871,447,1653
13872,448,1514
13873,448,1527
13874,448,1609
13875,442,1805
13876,442,1941
13877,442,2026
13878,442,1995
13879,442,1931
13880,442,1787
13881,442,1651
13882,448,1515
13883,448,1529
13884,442,1610
13885,447,1806
13886,448,1941
13887,443,2025
13888,448,1997
13889,448,1915
13890,448,1802
13891,443,1671
13892,448,1524
13893,442,1519
13894,442,1593
13895,444,1783
13896,447,1930
13897,448,2014
13898,443,2003
13899,447,1939
13900,443,1800
13901,442,1671
13902,442,1508
13903,442,1531
13904,444,1615
13905,442,1811
13906,440,1943
13907,448,2025
13908,443,1995
13909,442,1927
13910,441,1785
13911,443,1647
13912,442,1511
13913,442,1529
13914,443,1614
13915,448,1809
13916,448,1944
13917,448,2025
13918,448,1994
13919,443,1927
13920,443,1783
13921,442,1646
13922,442,1511
13923,442,1531
13924,443,1619
13925,448,1812
13926,448,1945
13927,442,2026
13928,447,1995
13929,448,1928
13930,448,1783
13931,442,1645
13932,442,1509
13933,442,1530
13934,443,1619
13935,441,1815
13936,448,1945
13937,448,2026
13938,443,1995
13939,442,1927
13940,448,1783
13941,448,1643
13942,442,1510
13943,442,1531
13944,448,1619
13945,442,1813
13946,448,1947
13947,448,2027
13948,443,1993
13949,448,1926
13950,448,1783
13951,443,1644
13952,448,1509
13953,443,1532
13954,442,1621
13955,443,1816
13956,442,1949
13957,442,2027
13958,448,1993
13959,442,1925
13960,448,1781
13961,443,1643
13962,447,1509
13963,443,1531
13964,440,1623
13965,443,1817
13966,448,1949
13967,448,2026
13968,448,1992
13969,442,1918
13970,442,1776
13971,442,1641
13972,448,1507
13973,442,1532
13974,443,1625
13975,448,1817
13976,448,1949
13977,448,2029
13978,448,1992
13979,442,1917
13980,448,1779
13981,443,1640
13982,448,1505
13983,448,1533
13984,447,1623
13985,448,1819
13986,448,1950
13987,447,2027
13988,442,1993
13989,448,1907
13990,444,1787
13991,449,1655
13992,443,1516
13993,443,1525
13994,448,1627
13995,443,1799
13996,448,1935
13997,442,2020
13998,443,1995
13999,448,1930
14000,442,1767
14001,448,1655
14002,441,1498
14003,442,1541
14004,448,1627
14005,442,1820
14006,442,1955
14007,442,2029
14008,443,1991
14009,443,1916
14010,448,1775
14011,442,1637
14012,442,1503
14013,442,1534
14014,448,1627
14015,443,1820
14016,442,1955
14017,448,2027
14018,442,1989
14019,448,1916
14020,442,1775
14021,448,1635
14022,442,1501
14023,447,1533
14024,444,1628
14025,442,1822
14026,448,1979
14027,442,2025
14028,443,1995
14029,448,1928
14030,443,1785
14031,447,1651
14032,443,1511
14033,448,1527
14034,447,1608
14035,448,1805
14036,442,1941
14037,448,2022
14038,448,1993
14039,442,1916
14040,443,1768
14041,443,1628
14042,448,1500
14043,442,1534
14044,442,1631
14045,442,1823
14046,448,1957
14047,442,2031
14048,442,1991
14049,448,1911
14050,448,1773
14051,442,1633
14052,442,1501
14053,448,1541
14054,443,1630
14055,448,1824
14056,442,1958
14057,443,2031
14058,448,1990
14059,442,1912
14060,448,1773
14061,442,1631
14062,442,1499
14063,442,1543
14064,448,1635
14065,449,1823
14066,443,1959
14067,442,2029
14068,448,1991
14069,442,1911
14070,442,1772
14071,443,1629
14072,442,1498
14073,448,1543
14074,447,1636
14075,448,1828
14076,443,1961
14077,443,2031
14078,448,1990
14079,442,1910
14080,442,1771
14081,442,1628
14082,443,1497
14083,442,1543
14084,442,1637
14085,444,1830
14086,448,1961
14087,443,2030
14088,442,1984
14089,447,1909
14090,448,1771
14091,443,1627
14092,447,1499
14093,442,1544
14094,448,1639
14095,442,1829
14096,442,1961
14097,443,2030
14098,448,1982
14099,448,1907
14100,448,1769
14101,448,1626
14102,443,1496
14103,448,1544
14104,443,1640
14105,448,1830
14106,442,1961
14107,442,2031
14108,448,1983
14109,442,1903
14110,442,1769
14111,448,1625
14112,448,1496
14113,443,1555
14114,442,1645
14115,442,1835
14116,443,1963
14117,442,2032
14118,448,1983
14119,442,1903
14120,448,1768
14121,442,1623
14122,447,1495
14123,448,1545
14124,448,1642
14125,448,1833
14126,443,1973
14127,448,2025
14128,443,1990
14129,442,1917
14130,442,1775
14131,448,1639
14132,448,1503
14133,448,1531
14134,443,1621
14135,443,1815
14136,448,1947
14137,448,2026
14138,447,1991
14139,448,1897
14140,442,1767
14141,442,1620
14142,442,1496
14143,444,1547
14144,448,1645
14145,443,1835
14146,447,1965
14147,448,2034
14148,447,1983
14149,443,1901
14150,442,1767
14151,448,1622
14152,448,1496
14153,442,1547
14154,442,1643
14155,448,1837
14156,447,1965
14157,443,2034
14158,442,1982
14159,448,1900
14160,448,1765
14161,442,1621
14162,447,1496
14163,443,1547
14164,442,1645
14165,442,1839
14166,448,1965
14167,444,2031
14168,442,1981
14169,442,1899
14170,443,1767
14171,448,1619
14172,443,1495
14173,448,1547
14174,442,1647
14175,442,1838
14176,441,1966
14177,442,2035
14178,442,1981
14179,448,1899
14180,448,1765
14181,442,1619
14182,443,1494
14183,442,1548
14184,442,1647
14185,442,1840
14186,444,1967
14187,448,2035
14188,442,1981
14189,444,1899
14190,444,1765
14191,442,1617
14192,448,1495
14193,442,1547
14194,442,1651
14195,448,1843
14196,442,1971
14197,442,2035
14198,442,1981
14199,443,1897
14200,442,1758
14201,442,1612
14202,442,1493
14203,443,1549
14204,441,1653
14205,440,1844
14206,442,1971
14207,448,2032
14208,442,1979
14209,448,1896
14210,442,1762
14211,442,1614
14212,443,1492
14213,448,1548
14214,448,1653
14215,448,1843
14216,442,1971
14217,442,2036
14218,448,1980
14219,448,1897
14220,448,1762
14221,448,1613
14222,448,1493
14223,448,1549
14224,443,1656
14225,447,1846
14226,443,1978
14227,443,2028
14228,443,1983
14229,442,1909
14230,443,1770
14231,447,1628
14232,443,1497
14233,442,1543
14234,448,1635
14235,448,1823
14236,442,1959
14237,442,2029
14238,448,1983
14239,447,1885
14240,442,1757
14241,443,1611
14242,448,1493
14243,442,1551
14244,448,1657
14245,442,1849
14246,442,1973
14247,442,2035
14248,443,1979
14249,447,1893
14250,448,1757
14251,448,1611
14252,448,1493
14253,448,1553
14254,442,1657
14255,442,1849
14256,448,1975
14257,442,2036
14258,442,1978
14259,442,1893
14260,442,1756
14261,442,1610
14262,442,1493
14263,442,1553
14264,442,1659
14265,441,1849
14266,443,1975
14267,442,2035
14268,443,1978
14269,442,1891
14270,448,1756
14271,442,1607
14272,442,1493
14273,442,1553
14274,442,1661
14275,442,1851
14276,442,1975
14277,442,2035
14278,442,1978
14279,448,1889
14280,442,1755
14281,442,1608
14282,440,1492
14283,447,1554
14284,442,1661
14285,448,1851
14286,448,1976
14287,443,2035
14288,448,1977
14289,442,1889
14290,443,1755
14291,442,1607
14292,440,1492
14293,448,1555
14294,442,1663
14295,442,1852
14296,442,1977
14297,448,2035
14298,444,1977
14299,442,1887
14300,442,1753
14301,443,1606
14302,442,1493
14303,447,1555
14304,441,1671
14305,443,1853
14306,448,1977
14307,443,2036
14308,442,1977
14309,442,1887
14310,443,1753
14311,442,1605
14312,442,1493
14313,443,1555
14314,442,1669
14315,443,1855
14316,447,1976
14317,442,2035
14318,442,1977
14319,443,1886
14320,448,1753
14321,448,1599
14322,448,1493
14323,442,1555
14324,443,1672
14325,443,1854
14326,442,1983
14327,442,2031
14328,442,1979
14329,442,1898
14330,442,1763
14331,448,1613
14332,442,1493
14333,442,1547
14334,442,1647
14335,447,1835
14336,443,1965
14337,441,2031
14338,442,1979
14339,447,1877
14340,442,1749
14341,442,1598
14342,442,1492
14343,448,1557
14344,443,1675
14345,442,1856
14346,442,1977
14347,448,2031
14348,442,1977
14349,442,1882
14350,443,1749
14351,448,1597
14352,442,1492
14353,442,1557
14354,442,1675
14355,443,1863
14356,443,1977
14357,442,2031
14358,448,1973
14359,448,1882
14360,442,1750
14361,448,1597
14362,443,1493
14363,443,1557
14364,442,1675
14365,442,1863
14366,442,1977
14367,447,2031
14368,442,1974
14369,443,1883
14370,442,1749
14371,443,1597
14372,442,1492
14373,442,1557
14374,442,1677
14375,442,1865
14376,441,1979
14377,448,2035
14378,442,1974
14379,442,1881
14380,443,1748
14381,448,1597
14382,443,1493
14383,442,1559
14384,442,1679
14385,442,1865
14386,442,1979
14387,448,2031
14388,447,1975
14389,442,1871
14390,442,1756
14391,441,1609
14392,442,1493
14393,442,1548
14394,448,1656
14395,442,1844
14396,442,1971
14397,443,2031
14398,443,1976
14399,443,1893
14400,448,1754
14401,443,1609
14402,443,1494
14403,442,1559
14404,443,1685
14405,442,1867
14406,442,1981
14407,448,2030
14408,448,1975
14409,443,1877
14410,443,1743
14411,442,1592
14412,448,1493
14413,442,1559
14414,442,1686
14415,448,1867
14416,442,1981
14417,448,2029
14418,441,1972
14419,442,1875
14420,444,1743
14421,448,1593
14422,442,1493
14423,442,1560
14424,442,1687
14425,443,1868
14426,442,1982
14427,447,2030
14428,442,1973
14429,444,1876
14430,442,1741
14431,447,1592
14432,442,1493
14433,447,1560
14434,448,1689
14435,442,1868
14436,448,1983
14437,443,2031
14438,443,1972
14439,442,1874
14440,443,1739
14441,443,1591
14442,442,1493
14443,442,1560
14444,447,1689
14445,442,1871
14446,448,1983
14447,442,2031
14448,442,1971
14449,448,1873
14450,443,1741
14451,448,1589
14452,443,1495
14453,448,1561
14454,442,1691
14455,443,1873
14456,442,1983
14457,448,2029
14458,442,1971
14459,448,1871
14460,443,1739
14461,448,1589
14462,442,1495
14463,442,1560
14464,448,1694
14465,443,1873
14466,442,1989
14467,442,2029
14468,441,1972
14469,442,1869
14470,442,1739
14471,443,1589
14472,448,1493
14473,442,1561
14474,442,1692
14475,448,1875
14476,442,1989
14477,448,2031
14478,448,1971
14479,443,1869
14480,443,1737
14481,443,1588
14482,442,1493
14483,448,1561
14484,448,1699
14485,448,1874
14486,442,1989
14487,444,2029
14488,443,1968
14489,442,1855
14490,442,1751
14491,443,1597
14492,442,1491
14493,443,1549
14494,443,1673
14495,443,1853
14496,442,1976
14497,442,2030
14498,448,1973
14499,448,1883
14500,442,1723
14501,442,1591
14502,447,1495
14503,442,1562
14504,447,1702
14505,440,1877
14506,442,1989
14507,442,2028
14508,444,1967
14509,441,1867
14510,442,1737
14511,442,1587
14512,442,1493
14513,447,1561
14514,448,1698
14515,442,1876
14516,442,1990
14517,442,2027
14518,442,1967
14519,443,1866
14520,448,1735
14521,442,1587
14522,444,1493
14523,441,1562
14524,442,1703
14525,442,1876
14526,443,1997
14527,448,2030
14528,443,1973
14529,442,1877
14530,449,1747
14531,442,1593
14532,443,1490
14533,448,1555
14534,442,1677
14535,443,1860
14536,441,1977
14537,442,2029
14538,442,1973
14539,443,1851
14540,442,1727
14541,444,1580
14542,448,1494
14543,442,1563
14544,443,1705
14545,444,1879
14546,442,1991
14547,448,2029
14548,448,1966
14549,442,1863
14550,440,1735
14551,442,1581
14552,448,1495
14553,448,1563
14554,448,1703
14555,442,1881
14556,448,1991
14557,442,2027
14558,448,1967
14559,442,1864
14560,448,1735
14561,448,1580
14562,448,1495
14563,443,1563
14564,443,1707
14565,448,1881
14566,448,1992
14567,448,2027
14568,443,1965
14569,448,1863
14570,442,1733
14571,442,1579
14572,443,1495
14573,442,1565
14574,442,1705
14575,443,1883
14576,442,1993
14577,442,2027
14578,442,1966
14579,442,1861
14580,442,1727
14581,443,1579
14582,443,1496
14583,442,1565
14584,442,1709
14585,443,1883
14586,442,1992
14587,442,2027
14588,442,1965
14589,443,1855
14590,440,1727
14591,442,1579
14592,442,1495
14593,444,1565
14594,442,1711
14595,448,1883
14596,440,1993
14597,442,2027
14598,444,1965
14599,442,1853
14600,444,1721
14601,442,1576
14602,447,1496
14603,443,1565
14604,442,1711
14605,442,1885
14606,448,1993
14607,448,2027
14608,442,1964
14609,442,1853
14610,442,1725
14611,444,1577
14612,442,1496
14613,448,1577
14614,442,1717
14615,448,1887
14616,442,1995
14617,442,2025
14618,441,1965
14619,442,1851
14620,442,1725
14621,448,1576
14622,448,1495
14623,443,1566
14624,443,1717
14625,443,1890
14626,443,1999
14627,443,2027
14628,448,1967
14629,448,1867
14630,443,1739
14631,442,1585
14632,449,1492
14633,442,1559
14634,444,1691
14635,447,1870
14636,443,1981
14637,442,2027
14638,441,1967
14639,442,1847
14640,448,1721
14641,443,1573
14642,442,1496
14643,443,1566
14644,444,1717
14645,442,1891
14646,442,1995
14647,448,2025
14648,448,1964
14649,441,1849
14650,442,1723
14651,443,1573
14652,442,1497
14653,448,1567
14654,443,1719
14655,448,1891
14656,441,1995
14657,443,2025
14658,441,1963
14659,442,1848
14660,448,1723
14661,448,1572
14662,442,1495
14663,442,1567
14664,448,1720
14665,442,1893
14666,442,1995
14667,443,2025
14668,442,1963
14669,443,1848
14670,440,1722
14671,442,1571
14672,442,1497
14673,448,1568
14674,440,1722
14675,443,1893
14676,442,1997
14677,442,2024
14678,442,1964
14679,442,1846
14680,442,1722
14681,442,1567
14682,442,1496
14683,441,1571
14684,442,1723
14685,441,1895
14686,442,1996
14687,442,2025
14688,442,1962
14689,442,1847
14690,442,1721
14691,442,1567
14692,442,1497
14693,442,1567
14694,448,1723
14695,448,1895
14696,442,1997
14697,448,2024
14698,448,1962
14699,442,1845
14700,443,1720
14701,442,1566
14702,442,1497
14703,442,1571
14704,442,1724
14705,448,1893
14706,448,1995
14707,442,2024
14708,442,1961
14709,443,1843
14710,442,1719
14711,442,1565
14712,442,1499
14713,448,1571
14714,448,1726
14715,442,1897
14716,443,1999
14717,442,2025
14718,442,1961
14719,442,1843
14720,443,1720
14721,442,1566
14722,442,1499
14723,443,1573
14724,443,1727
14725,443,1897
14726,442,2005
14727,442,2025
14728,443,1964
14729,442,1855
14730,440,1727
14731,442,1579
14732,443,1494
14733,442,1563
14734,442,1706
14735,442,1880
14736,440,1989
14737,443,2025
14738,448,1963
14739,443,1835
14740,448,1715
14741,442,1563
14742,442,1499
14743,448,1573
14744,443,1736
14745,448,1898
14746,442,1999
14747,448,2022
14748,448,1959
14749,447,1839
14750,448,1717
14751,448,1563
14752,442,1499
14753,442,1572
14754,448,1737
14755,442,1899
14756,442,1999
14757,443,2023
14758,442,1961
14759,448,1836
14760,442,1717
14761,448,1562
14762,442,1499
14763,442,1573
14764,443,1737
14765,442,1900
14766,443,2002
14767,443,2021
14768,442,1959
14769,447,1836
14770,448,1711
14771,448,1561
14772,442,1500
14773,447,1573
14774,448,1739
14775,444,1900
14776,443,2003
14777,448,2021
14778,442,1959
14779,442,1835
14780,447,1711
14781,443,1560
14782,442,1501
14783,448,1573
14784,443,1739
14785,442,1903
14786,443,2003
14787,442,2020
14788,443,1959
14789,448,1835
14790,442,1712
14791,448,1560
14792,448,1501
14793,448,1575
14794,443,1741
14795,442,1903
14796,448,2004
14797,447,2020
14798,443,1960
14799,442,1833
14800,448,1707
14801,448,1557
14802,448,1500
14803,442,1575
14804,443,1743
14805,448,1903
14806,448,2003
14807,443,2020
14808,448,1958
14809,443,1833
14810,448,1710
14811,448,1559
14812,442,1505
14813,443,1576
14814,448,1747
14815,442,1909
14816,443,2005
14817,442,2020
14818,442,1960
14819,448,1833
14820,443,1709
14821,448,1557
14822,447,1503
14823,442,1577
14824,442,1747
14825,442,1903
14826,442,2009
14827,448,2023
14828,443,1961
14829,443,1847
14830,448,1721
14831,442,1567
14832,442,1495
14833,443,1566
14834,442,1721
14835,443,1891
14836,442,1993
14837,442,2023
14838,442,1961
14839,447,1823
14840,448,1706
14841,442,1553
14842,442,1505
14843,442,1577
14844,442,1749
14845,441,1907
14846,442,2006
14847,444,2019
14848,442,1957
14849,442,1830
14850,443,1707
14851,442,1557
14852,443,1507
14853,448,1577
14854,442,1750
14855,448,1908
14856,447,2004
14857,448,2015
14858,443,1958
14859,444,1829
14860,442,1708
14861,442,1555
14862,442,1507
14863,443,1575
14864,442,1752
14865,443,1909
14866,442,2006
14867,447,2015
14868,442,1957
14869,442,1827
14870,448,1705
14871,442,1553
14872,448,1507
14873,442,1577
14874,443,1752
14875,448,1909
14876,448,2007
14877,442,2015
14878,442,1957
14879,448,1829
14880,443,1706
14881,448,1554
14882,448,1508
14883,442,1579
14884,442,1755
14885,442,1910
14886,442,2005
14887,442,2018
14888,443,1957
14889,442,1813
14890,442,1717
14891,442,1563
14892,443,1495
14893,448,1571
14894,442,1733
14895,442,1895
14896,448,1997
14897,443,2020
14898,448,1958
14899,442,1837
14900,443,1713
14901,444,1565
14902,448,1512
14903,448,1581
14904,443,1758
14905,442,1911
14906,448,2008
14907,448,2013
14908,443,1951
14909,448,1822
14910,448,1701
14911,448,1551
14912,448,1509
14913,448,1579
14914,447,1759
14915,448,1912
14916,448,2008
14917,448,2013
14918,448,1951
14919,448,1821
14920,442,1700
14921,448,1553
14922,448,1509
14923,448,1579
14924,442,1763
14925,443,1913
14926,442,2009
14927,442,2013
14928,443,1951
14929,441,1822
14930,444,1695
14931,442,1548
14932,442,1509
14933,442,1580
14934,442,1763
14935,448,1913
14936,444,2009
14937,448,2013
14938,443,1951
14939,448,1820
14940,443,1694
14941,448,1548
14942,442,1511
14943,448,1581
14944,443,1765
14945,443,1913
14946,448,2009
14947,441,2013
14948,448,1951
14949,447,1820
14950,442,1695
14951,442,1547
14952,448,1512
14953,442,1581
14954,443,1765
14955,443,1915
14956,448,2009
14957,442,2011
14958,442,1949
14959,443,1819
14960,448,1693
14961,448,1545
14962,442,1512
14963,442,1582
14964,442,1767
14965,448,1915
14966,447,2010
14967,448,2012
14968,444,1949
14969,447,1818
14970,444,1692
14971,442,1546
14972,448,1515
14973,447,1583
14974,443,1768
14975,448,1916
14976,448,2011
14977,443,2011
14978,443,1949
14979,441,1818
14980,441,1691
14981,442,1546
14982,448,1511
14983,448,1582
14984,442,1769
14985,448,1916
14986,443,2011
14987,447,2009
14988,442,1948
14989,442,1805
14990,442,1707
14991,443,1555
14992,443,1501
14993,447,1575
14994,442,1747
14995,448,1901
14996,442,2003
14997,442,2013
14998,442,1952
14999,442,1829
15000,447,1671
15001,448,1555
15002,440,1523
15003,448,1580
15004,442,1747
15005,449,1895
15006,449,2009
15007,451,2005
15008,442,1942
15009,439,1813
15010,441,1701
15011,448,1563
15012,440,1511
15013,448,1577
15014,447,1769
15015,442,1901
15016,439,2021
15017,448,2013
15018,442,1949
15019,448,1819
15020,442,1689
15021,450,1549
15022,438,1499
15023,443,1565
15024,441,1743
15025,448,1899
15026,447,2011
15027,448,2013
15028,443,1948
15029,443,1828
15030,447,1705
15031,452,1565
15032,442,1501
15033,448,1575
15034,442,1783
15035,442,1939
15036,448,2007
15037,443,2013
15038,442,1951
15039,442,1821
15040,443,1703
15041,448,1550
15042,442,1505
15043,442,1577
15044,442,1751
15045,442,1908
15046,448,2005
15047,443,2013
15048,442,1949
15049,442,1805
15050,448,1679
15051,448,1531
15052,447,1517
15053,447,1591
15054,443,1779
15055,442,1925
15056,444,2013
15057,443,2007
15058,442,1947
15059,444,1810
15060,448,1685
15061,443,1532
15062,443,1517
15063,443,1592
15064,448,1781
15065,442,1927
15066,448,2013
15067,443,2007
15068,448,1944
15069,442,1809
15070,442,1683
15071,448,1531
15072,443,1516
15073,448,1589
15074,448,1779
15075,448,1928
15076,442,2014
15077,448,2007
15078,448,1944
15079,448,1806
15080,442,1683
15081,442,1530
15082,443,1519
15083,448,1592
15084,448,1781
15085,443,1928
15086,442,2017
15087,442,2008
15088,442,1944
15089,448,1805
15090,448,1682
15091,448,1531
15092,442,1517
15093,441,1593
15094,448,1783
15095,443,1928
15096,441,2019
15097,442,2006
15098,442,1945
15099,442,1805
15100,442,1678
15101,442,1529
15102,442,1518
15103,447,1593
15104,443,1783
15105,442,1931
15106,442,2015
15107,442,2006
15108,442,1944
15109,443,1804
15110,442,1676
15111,447,1527
15112,448,1519
15113,442,1619
15114,442,1787
15115,448,1931
15116,448,2017
15117,443,2005
15118,442,1941
15119,443,1803
15120,442,1677
15121,447,1527
15122,442,1519
15123,448,1593
15124,448,1786
15125,448,1929
15126,443,2019
15127,442,2004
15128,442,1941
15129,448,1803
15130,442,1675
15131,442,1527
15132,442,1519
15133,442,1596
15134,443,1789
15135,442,1938
15136,448,2007
15137,447,2011
15138,442,1947
15139,439,1816
15140,443,1692
15141,443,1545
15142,442,1511
15143,442,1580
15144,443,1763
15145,442,1915
15146,444,2007
15147,448,2009
15148,448,1935
15149,444,1799
15150,442,1669
15151,442,1523
15152,448,1523
15153,448,1597
15154,442,1789
15155,447,1932
15156,444,2019
15157,444,2003
15158,448,1941
15159,448,1801
15160,442,1671
15161,442,1525
15162,443,1523
15163,448,1597
15164,443,1791
15165,443,1933
15166,448,2021
15167,442,2003
15168,442,1941
15169,443,1799
15170,443,1669
15171,442,1523
15172,442,1523
15173,444,1596
15174,442,1791
15175,442,1933
15176,441,2021
15177,448,2003
15178,442,1939
15179,448,1801
15180,448,1669
15181,448,1524
15182,448,1525
15183,442,1598
15184,448,1797
15185,442,1935
15186,442,2021
15187,444,2003
15188,442,1939
15189,447,1799
15190,443,1663
15191,442,1523
15192,442,1523
15193,448,1599
15194,448,1797
15195,448,1933
15196,443,2021
15197,447,1999
15198,443,1939
15199,443,1798
15200,442,1656
15201,448,1519
15202,443,1524
15203,442,1605
15204,442,1799
15205,443,1937
15206,440,2021
15207,444,1999
15208,442,1939
15209,442,1792
15210,440,1660
15211,442,1519
15212,442,1524
15213,448,1598
15214,448,1800
15215,441,1935
15216,442,2023
15217,442,2002
15218,443,1935
15219,444,1798
15220,442,1661
15221,442,1519
15222,442,1527
15223,442,1603
15224,442,1799
15225,442,1935
15226,448,2022
15227,442,2001
15228,448,1935
15229,442,1797
15230,442,1659
15231,442,1518
15232,443,1527
15233,448,1607
15234,442,1802
15235,442,1949
15236,442,2012
15237,443,2005
15238,442,1944
15239,442,1806
15240,440,1682
15241,442,1531
15242,442,1515
15243,442,1589
15244,442,1774
15245,448,1925
15246,448,2011
15247,442,2005
15248,441,1929
15249,442,1788
15250,442,1657
15251,442,1517
15252,444,1528
15253,443,1607
15254,442,1803
15255,442,1939
15256,442,2023
15257,447,1999
15258,442,1933
15259,442,1789
15260,442,1657
15261,442,1516
15262,440,1527
15263,442,1607
15264,442,1803
15265,442,1939
15266,442,2024
15267,443,1998
15268,442,1933
15269,442,1791
15270,442,1657
15271,442,1517
15272,447,1527
15273,442,1608
15274,442,1806
15275,443,1939
15276,442,2025
15277,443,1997
15278,448,1933
15279,447,1789
15280,442,1655
15281,442,1516
15282,442,1529
15283,443,1609
15284,442,1805
15285,441,1939
15286,442,2023
15287,440,1996
15288,448,1932
15289,448,1789
15290,448,1652
15291,442,1515
15292,442,1527
15293,448,1609
15294,443,1804
15295,442,1943
15296,442,2023
15297,443,1997
15298,442,1931
15299,448,1787
15300,442,1652
15301,442,1516
15302,442,1530
15303,442,1609
15304,442,1807
15305,440,1941
15306,448,2025
15307,442,1998
15308,443,1931
15309,442,1787
15310,443,1652
15311,442,1514
15312,447,1528
15313,447,1611
15314,443,1810
15315,442,1942
15316,441,2023
15317,442,1995
15318,442,1929
15319,443,1786
15320,448,1647
15321,442,1515
15322,442,1531
15323,443,1611
15324,448,1811
15325,448,1944
15326,442,2025
15327,442,1995
15328,442,1929
15329,442,1787
15330,442,1651
15331,442,1513
15332,442,1529
15333,442,1611
15334,443,1812
15335,442,1956
15336,442,2013
15337,442,2001
15338,443,1941
15339,448,1799
15340,442,1671
15341,442,1524
15342,442,1519
15343,448,1595
15344,442,1785
15345,441,1929
15346,442,2015
15347,442,2003
15348,448,1918
15349,443,1782
15350,448,1645
15351,442,1512
15352,442,1531
15353,442,1617
15354,442,1811
15355,447,1944
15356,442,2026
15357,442,1995
15358,442,1927
15359,442,1784
15360,442,1647
15361,442,1511
15362,442,1531
15363,442,1619
15364,442,1815
15365,448,1945
15366,442,2025
15367,442,1995
15368,443,1927
15369,442,1783
15370,443,1645
15371,448,1511
15372,442,1531
15373,442,1615
15374,442,1815
15375,448,1946
15376,442,2027
15377,444,1993
15378,442,1919
15379,443,1783
15380,448,1644
15381,442,1511
15382,442,1531
15383,442,1618
15384,442,1815
15385,443,1947
15386,448,2027
15387,441,1995
15388,442,1927
15389,442,1775
15390,443,1663
15391,443,1519
15392,442,1524
15393,442,1595
15394,442,1797
15395,442,1933
15396,441,2018
15397,441,1997
15398,443,1933
15399,442,1797
15400,442,1659
15401,442,1517
15402,448,1543
15403,443,1624
15404,444,1819
15405,443,1949
15406,442,2027
15407,442,1992
15408,448,1919
15409,442,1781
15410,442,1641
15411,442,1509
15412,448,1540
15413,443,1622
15414,442,1819
15415,448,1949
15416,448,2028
15417,442,1993
15418,442,1919
15419,443,1781
15420,442,1643
15421,443,1509
15422,448,1532
15423,447,1623
15424,447,1819
15425,444,1951
15426,442,2027
15427,443,1996
15428,444,1918
15429,443,1780
15430,448,1639
15431,442,1507
15432,448,1533
15433,442,1625
15434,448,1819
15435,442,1951
15436,443,2028
15437,442,1993
15438,443,1917
15439,442,1779
15440,443,1639
15441,442,1507
15442,448,1541
15443,443,1625
15444,442,1820
15445,448,1951
15446,447,2028
15447,442,1991
15448,448,1916
15449,448,1775
15450,442,1636
15451,448,1505
15452,442,1543
15453,442,1627
15454,442,1821
15455,448,1955
15456,442,2027
15457,448,1991
15458,448,1914
15459,443,1775
15460,442,1637
15461,443,1502
15462,442,1533
15463,442,1627
15464,442,1823
15465,442,1955
15466,443,2029
15467,443,1991
15468,448,1915
15469,443,1775
15470,442,1636
15471,442,1502
15472,443,1541
15473,442,1629
15474,447,1823
15475,442,1955
15476,442,2030
15477,442,1991
15478,443,1913
15479,444,1775
15480,442,1635
15481,442,1503
15482,442,1542
15483,442,1631
15484,442,1823
15485,443,1956
15486,442,2029
15487,442,1991
15488,442,1913
15489,442,1771
15490,443,1653
15491,441,1513
15492,442,1527
15493,442,1607
15494,442,1807
15495,448,1939
15496,443,2022
15497,442,1994
15498,448,1929
15499,448,1784
15500,442,1619
15501,442,1509
15502,442,1545
15503,448,1633
15504,444,1827
15505,442,1955
15506,442,2031
15507,443,1991
15508,442,1912
15509,448,1773
15510,442,1633
15511,442,1501
15512,442,1543
15513,442,1629
15514,442,1827
15515,448,1956
15516,443,2030
15517,442,1991
15518,442,1911
15519,443,1773
15520,447,1629
15521,444,1501
15522,448,1543
15523,443,1631
15524,447,1828
15525,442,1957
15526,448,2030
15527,442,1991
15528,448,1911
15529,442,1773
15530,440,1629
15531,442,1502
15532,442,1544
15533,443,1635
15534,442,1849
15535,440,1951
15536,442,2021
15537,442,1993
15538,442,1919
15539,442,1783
15540,441,1645
15541,442,1509
15542,448,1527
15543,442,1615
15544,442,1811
15545,441,1941
15546,442,2024
15547,442,1982
15548,443,1901
15549,447,1767
15550,447,1625
15551,442,1497
15552,441,1545
15553,443,1638
15554,442,1831
15555,442,1961
15556,442,2031
15557,443,1983
15558,442,1909
15559,442,1772
15560,442,1627
15561,442,1500
15562,448,1545
15563,447,1639
15564,440,1831
15565,444,1963
15566,443,2031
15567,442,1984
15568,448,1909
15569,442,1771
15570,442,1624
15571,441,1497
15572,442,1545
15573,444,1640
15574,443,1833
15575,442,1963
15576,442,2032
15577,440,1989
15578,442,1908
15579,443,1769
15580,442,1624
15581,440,1498
15582,441,1546
15583,442,1641
15584,442,1833
15585,442,1963
15586,442,2031
15587,441,1990
15588,442,1905
15589,442,1769
15590,440,1625
15591,447,1496
15592,442,1546
15593,442,1641
15594,442,1835
15595,442,1963
15596,442,2031
15597,442,1983
15598,448,1903
15599,442,1768
15600,442,1618
15601,443,1496
15602,442,1547
15603,441,1643
15604,441,1835
15605,442,1965
15606,442,2034
15607,442,1983
15608,447,1903
15609,447,1767
15610,448,1621
15611,443,1495
15612,443,1547
15613,442,1677
15614,448,1837
15615,447,1965
15616,442,2035
15617,442,1981
15618,440,1902
15619,442,1767
15620,442,1619
15621,448,1496
15622,442,1547
15623,441,1645
15624,442,1836
15625,442,1965
15626,441,2035
15627,442,1981
15628,442,1901
15629,448,1766
15630,443,1620
15631,442,1495
15632,442,1549
15633,442,1646
15634,442,1860
15635,440,1956
15636,440,2028
15637,441,1990
15638,442,1915
15639,443,1775
15640,442,1636
15641,448,1500
15642,442,1531
15643,442,1624
15644,442,1820
15645,442,1951
15646,442,2027
15647,442,1979
15648,442,1899
15649,443,1763
15650,440,1620
15651,443,1495
15652,442,1547
15653,442,1647
15654,442,1837
15655,441,1971
15656,440,2035
15657,442,1982
15658,447,1901
15659,448,1763
15660,447,1619
15661,442,1495
15662,442,1549
15663,442,1651
15664,442,1839
15665,443,1967
15666,448,2035
15667,443,1981
15668,442,1899
15669,442,1765
15670,442,1619
15671,443,1496
15672,443,1549
15673,444,1652
15674,448,1839
15675,444,1971
15676,447,2035
15677,448,1980
15678,442,1897
15679,443,1763
15680,442,1615
15681,447,1496
15682,442,1549
15683,442,1653
15684,447,1840
15685,443,1971
15686,442,2035
15687,442,1980
15688,442,1897
15689,442,1759
15690,447,1615
15691,442,1494
15692,442,1548
15693,442,1653
15694,442,1840
15695,442,1971
15696,442,2035
15697,443,1979
15698,447,1898
15699,443,1762
15700,442,1613
15701,443,1493
15702,443,1549
15703,442,1655
15704,448,1843
15705,443,1972
15706,442,2031
15707,442,1978
15708,447,1895
15709,448,1761
15710,441,1612
15711,441,1494
15712,442,1549
15713,442,1655
15714,448,1845
15715,441,1973
15716,442,2036
15717,442,1979
15718,442,1894
15719,448,1762
15720,442,1612
15721,442,1495
15722,442,1549
15723,443,1656
15724,448,1847
15725,447,1974
15726,443,2034
15727,444,1981
15728,448,1895
15729,442,1759
15730,442,1613
15731,442,1495
15732,443,1553
15733,442,1659
15734,443,1864
15735,443,1961
15736,442,2029
15737,442,1981
15738,442,1907
15739,443,1769
15740,443,1627
15741,442,1497
15742,442,1543
15743,441,1635
15744,442,1829
15745,442,1959
15746,443,2029
15747,442,1977
15748,442,1891
15749,442,1757
15750,442,1611
15751,440,1493
15752,442,1555
15753,448,1660
15754,442,1848
15755,443,1975
15756,442,2035
15757,443,1979
15758,442,1893
15759,442,1757
15760,443,1610
15761,442,1492
15762,442,1553
15763,442,1659
15764,448,1847
15765,442,1975
15766,443,2035
15767,443,1980
15768,448,1891
15769,442,1755
15770,442,1608
15771,443,1493
15772,448,1553
15773,442,1661
15774,442,1848
15775,443,1974
15776,442,2035
15777,448,1977
15778,448,1891
15779,443,1755
15780,442,1608
15781,442,1493
15782,448,1553
15783,442,1663
15784,442,1849
15785,441,1976
15786,441,2035
15787,448,1977
15788,442,1891
15789,441,1755
15790,442,1607
15791,443,1493
15792,442,1551
15793,442,1663
15794,442,1850
15795,447,1977
15796,442,2035
15797,442,1978
15798,440,1891
15799,444,1755
15800,442,1603
15801,442,1492
15802,444,1554
15803,442,1669
15804,442,1852
15805,442,1975
15806,442,2035
15807,442,1977
15808,442,1887
15809,443,1753
15810,442,1607
15811,448,1493
15812,448,1553
15813,443,1669
15814,441,1851
15815,443,1977
15816,448,2031
15817,442,1975
15818,444,1885
15819,442,1752
15820,442,1606
15821,448,1493
15822,448,1554
15823,448,1670
15824,448,1851
15825,448,1977
15826,442,2031
15827,448,1976
15828,448,1887
15829,442,1753
15830,443,1605
15831,442,1493
15832,448,1555
15833,440,1672
15834,442,1873
15835,448,1967
15836,442,2029
15837,442,1982
15838,442,1899
15839,442,1763
15840,448,1619
15841,443,1493
15842,442,1547
15843,448,1643
15844,448,1836
15845,443,1965
15846,448,2031
15847,442,1973
15848,443,1883
15849,448,1752
15850,442,1605
15851,443,1492
15852,448,1555
15853,442,1672
15854,447,1854
15855,447,1978
15856,442,2031
15857,447,1976
15858,442,1885
15859,448,1749
15860,448,1604
15861,448,1491
15862,442,1556
15863,443,1675
15864,442,1854
15865,448,1978
15866,448,2031
15867,448,1974
15868,442,1883
15869,448,1749
15870,448,1598
15871,449,1493
15872,448,1555
15873,444,1673
15874,444,1855
15875,448,1979
15876,448,2030
15877,448,1973
15878,449,1883
15879,448,1750
15880,448,1598
15881,449,1493
15882,444,1557
15883,443,1676
15884,448,1855
15885,449,1979
15886,449,2031
15887,448,1974
15888,448,1881
15889,450,1739
15890,442,1613
15891,448,1493
15892,448,1547
15893,448,1653
15894,448,1842
15895,450,1965
15896,442,2029
15897,442,1979
15898,448,1893
15899,443,1757
15900,448,1611
15901,444,1491
15902,444,1561
15903,443,1682
15904,448,1865
15905,443,1981
15906,448,2031
15907,448,1974
15908,443,1880
15909,443,1749
15910,448,1595
15911,442,1493
15912,444,1557
15913,442,1679
15914,448,1864
15915,448,1981
15916,448,2031
15917,447,1973
15918,448,1879
15919,448,1747
15920,448,1595
15921,444,1493
15922,448,1557
15923,443,1679
15924,443,1865
15925,442,1979
15926,442,2029
15927,448,1973
15928,448,1878
15929,448,1747
15930,448,1594
15931,443,1492
15932,448,1559
15933,448,1682
15934,448,1865
15935,448,1979
15936,443,2031
15937,442,1973
15938,443,1877
15939,443,1747
15940,443,1595
15941,448,1493
15942,442,1559
15943,444,1683
15944,444,1867
15945,448,1981
15946,442,2031
15947,442,1974
15948,448,1877
15949,442,1746
15950,447,1594
15951,442,1492
15952,448,1558
15953,448,1683
15954,448,1867
15955,448,1981
15956,448,2031
15957,443,1973
15958,447,1877
15959,442,1747
15960,448,1593
15961,442,1495
15962,442,1560
15963,443,1685
15964,443,1868
15965,442,1979
15966,447,2031
15967,448,1973
15968,442,1877
15969,442,1746
15970,448,1592
15971,442,1493
15972,443,1559
15973,448,1685
15974,442,1869
15975,442,1981
15976,448,2030
15977,448,1974
15978,443,1875
15979,448,1743
15980,448,1591
15981,448,1493
15982,442,1561
15983,448,1685
15984,443,1869
15985,448,1981
15986,448,2030
15987,448,1971
15988,448,1873
15989,448,1735
15990,448,1605
15991,443,1491
15992,448,1549
15993,448,1661
15994,443,1848
15995,448,1973
15996,448,2030
15997,448,1975
15998,442,1885
15999,448,1752
16000,448,1575
16001,442,1493
16002,442,1563
16003,448,1691
16004,448,1871
16005,442,1983
16006,448,2030
16007,448,1971
16008,442,1871
16009,443,1741
16010,442,1591
16011,448,1494
16012,443,1560
16013,448,1691
16014,442,1873
16015,448,1981
16016,448,2029
16017,448,1967
16018,442,1871
16019,448,1740
16020,448,1588
16021,448,1493
16022,448,1561
16023,448,1689
16024,444,1875
16025,448,1983
16026,448,2029
16027,443,1972
16028,448,1870
16029,448,1739
16030,443,1587
16031,444,1494
16032,448,1561
16033,448,1693
16034,448,1893
16035,440,1983
16036,443,2031
16037,442,1974
16038,443,1881
16039,448,1749
16040,443,1597
16041,441,1489
16042,448,1553
16043,442,1672
16044,443,1853
16045,443,1975
16046,448,2029
16047,442,1975
16048,447,1853
16049,448,1737
16050,448,1581
16051,442,1494
16052,448,1561
16053,442,1693
16054,442,1877
16055,443,1989
16056,442,2030
16057,442,1967
16058,448,1867
16059,442,1741
16060,442,1587
16061,442,1494
16062,441,1563
16063,442,1695
16064,442,1876
16065,444,1989
16066,448,2029
16067,442,1968
16068,442,1866
16069,444,1738
16070,448,1583
16071,448,1495
16072,443,1563
16073,442,1695
16074,443,1877
16075,448,1989
16076,448,2028
16077,443,1967
16078,448,1865
16079,448,1736
16080,448,1583
16081,448,1493
16082,448,1561
16083,442,1699
16084,442,1879
16085,443,1990
16086,442,2027
16087,442,1971
16088,443,1865
16089,442,1737
16090,442,1583
16091,448,1495
16092,443,1562
16093,448,1701
16094,442,1878
16095,448,1991
16096,448,2027
16097,442,1967
16098,442,1867
16099,447,1735
16100,442,1581
16101,442,1496
16102,442,1564
16103,442,1699
16104,442,1879
16105,442,1991
16106,442,2027
16107,443,1967
16108,442,1865
16109,448,1735
16110,442,1580
16111,443,1493
16112,443,1563
16113,442,1735
16114,442,1884
16115,442,1991
16116,447,2027
16117,442,1967
16118,443,1863
16119,442,1736
16120,442,1580
16121,442,1496
16122,442,1563
16123,441,1703
16124,442,1883
16125,442,1991
16126,442,2029
16127,442,1967
16128,442,1862
16129,441,1733
16130,443,1579
16131,443,1495
16132,442,1565
16133,444,1706
16134,442,1884
16135,441,1989
16136,442,2028
16137,441,1971
16138,442,1875
16139,442,1743
16140,442,1591
16141,448,1493
16142,442,1557
16143,442,1683
16144,440,1865
16145,442,1977
16146,443,2028
16147,442,1963
16148,442,1851
16149,448,1726
16150,447,1578
16151,444,1495
16152,442,1565
16153,442,1707
16154,443,1883
16155,443,1991
16156,442,2027
16157,442,1965
16158,443,1855
16159,443,1733
16160,443,1579
16161,448,1495
16162,448,1565
16163,442,1707
16164,443,1885
16165,442,1991
16166,442,2027
16167,443,1966
16168,448,1855
16169,442,1727
16170,441,1576
16171,442,1495
16172,441,1565
16173,442,1709
16174,440,1885
16175,448,1991
16176,440,2027
16177,440,1965
16178,442,1853
16179,442,1726
16180,442,1577
16181,440,1495
16182,442,1565
16183,441,1710
16184,441,1885
16185,442,1995
16186,442,2027
16187,442,1965
16188,442,1855
16189,442,1727
16190,442,1576
16191,443,1496
16192,441,1567
16193,440,1711
16194,442,1886
16195,442,1993
16196,442,2027
16197,442,1964
16198,448,1852
16199,448,1725
16200,442,1571
16201,444,1495
16202,448,1565
16203,443,1711
16204,442,1892
16205,448,1995
16206,442,2027
16207,447,1965
16208,442,1854
16209,448,1725
16210,448,1575
16211,442,1496
16212,448,1566
16213,443,1716
16214,442,1891
16215,443,1993
16216,440,2026
16217,448,1965
16218,443,1851
16219,443,1723
16220,442,1574
16221,442,1497
16222,443,1567
16223,443,1717
16224,448,1889
16225,443,1995
16226,444,2025
16227,442,1963
16228,448,1851
16229,447,1724
16230,443,1573
16231,442,1495
16232,448,1567
16233,442,1719
16234,448,1892
16235,443,1995
16236,448,2027
16237,442,1967
16238,442,1868
16239,442,1738
16240,448,1583
16241,442,1491
16242,443,1559
16243,442,1693
16244,447,1874
16245,442,1981
16246,443,2027
16247,442,1959
16248,443,1846
16249,448,1720
16250,448,1571
16251,441,1496
16252,448,1566
16253,442,1719
16254,448,1890
16255,448,1993
16256,442,2024
16257,448,1962
16258,442,1848
16259,442,1722
16260,448,1573
16261,448,1495
16262,442,1567
16263,448,1720
16264,442,1891
16265,442,1996
16266,442,2023
16267,442,1963
16268,442,1849
16269,442,1721
16270,443,1571
16271,448,1496
16272,442,1567
16273,443,1721
16274,444,1893
16275,442,1997
16276,443,2025
16277,448,1963
16278,442,1847
16279,442,1721
16280,442,1571
16281,442,1496
16282,447,1571
16283,444,1723
16284,442,1892
16285,448,1997
16286,442,2025
16287,443,1961
16288,448,1847
16289,447,1720
16290,442,1572
16291,443,1497
16292,442,1567
16293,443,1724
16294,443,1894
16295,443,1997
16296,442,2024
16297,442,1961
16298,442,1847
16299,442,1721
16300,448,1567
16301,442,1497
16302,442,1567
16303,448,1723
16304,448,1895
16305,448,1997
16306,442,2024
16307,448,1963
16308,448,1847
16309,442,1720
16310,442,1565
16311,448,1499
16312,444,1567
16313,443,1726
16314,442,1896
16315,443,1998
16316,442,2023
16317,443,1960
16318,443,1845
16319,442,1719
16320,443,1565
16321,442,1497
16322,442,1570
16323,442,1727
16324,442,1894
16325,443,1997
16326,442,2023
16327,442,1961
16328,442,1845
16329,440,1719
16330,448,1567
16331,442,1499
16332,441,1571
16333,443,1727
16334,448,1897
16335,448,1997
16336,442,2025
16337,448,1963
16338,442,1855
16339,448,1727
16340,443,1577
16341,442,1493
16342,448,1563
16343,442,1704
16344,443,1880
16345,448,1989
16346,442,2025
16347,447,1957
16348,442,1835
16349,447,1712
16350,442,1563
16351,443,1498
16352,443,1572
16353,442,1735
16354,448,1897
16355,442,1999
16356,442,2022
16357,442,1959
16358,442,1839
16359,442,1715
16360,442,1565
16361,443,1499
16362,443,1573
16363,442,1736
16364,448,1897
16365,442,1999
16366,442,2023
16367,442,1961
16368,448,1839
16369,448,1716
16370,448,1562
16371,442,1500
16372,448,1573
16373,443,1737
16374,441,1900
16375,442,1999
16376,442,2024
16377,442,1961
16378,448,1839
16379,442,1715
16380,443,1565
16381,443,1501
16382,443,1573
16383,448,1739
16384,442,1899
16385,443,2001
16386,442,2023
16387,444,1960
16388,442,1839
16389,441,1709
16390,448,1576
16391,443,1493
16392,448,1564
16393,448,1708
16394,442,1883
16395,442,1991
16396,442,2025
16397,441,1963
16398,448,1849
16399,448,1723
16400,443,1574
16401,448,1493
16402,442,1580
16403,442,1745
16404,448,1901
16405,448,1999
16406,448,2020
16407,448,1959
16408,448,1835
16409,443,1711
16410,448,1561
16411,448,1500
16412,448,1573
16413,448,1741
16414,443,1900
16415,448,2001
16416,443,2019
16417,442,1956
16418,442,1831
16419,443,1709
16420,443,1559
16421,442,1499
16422,448,1574
16423,443,1741
16424,448,1899
16425,442,2002
16426,443,2019
16427,444,1957
16428,448,1831
16429,447,1709
16430,448,1557
16431,448,1500
16432,448,1574
16433,448,1743
16434,442,1902
16435,448,2003
16436,447,2019
16437,448,1957
16438,443,1832
16439,442,1709
16440,448,1557
16441,444,1503
16442,448,1575
16443,448,1741
16444,448,1903
16445,448,2002
16446,448,2020
16447,448,1958
16448,448,1831
16449,443,1708
16450,444,1557
16451,448,1501
16452,448,1576
16453,443,1747
16454,442,1904
16455,448,2004
16456,448,2020
16457,447,1959
16458,448,1831
16459,442,1709
16460,448,1557
16461,443,1503
16462,442,1575
16463,448,1748
16464,443,1903
16465,448,2004
16466,448,2019
16467,443,1959
16468,443,1830
16469,448,1709
16470,448,1557
16471,448,1503
16472,448,1577
16473,443,1749
16474,443,1907
16475,443,2006
16476,443,2019
16477,444,1957
16478,447,1831
16479,442,1705
16480,443,1556
16481,448,1505
16482,448,1576
16483,448,1748
16484,448,1908
16485,443,2005
16486,448,2015
16487,448,1958
16488,442,1829
16489,443,1699
16490,443,1567
16491,443,1495
16492,442,1565
16493,447,1721
16494,448,1892
16495,448,1995
16496,448,2023
16497,448,1959
16498,443,1843
16499,449,1718
16500,448,1544
16501,448,1499
16502,448,1579
16503,448,1753
16504,449,1907
16505,443,2005
16506,450,2014
16507,443,1955
16508,448,1823
16509,443,1707
16510,448,1555
16511,448,1503
16512,443,1576
16513,444,1749
16514,448,1909
16515,448,2005
16516,450,2015
16517,444,1957
16518,448,1828
16519,442,1706
16520,448,1555
16521,448,1506
16522,444,1577
16523,448,1749
16524,448,1909
16525,448,2005
16526,448,2014
16527,448,1956
16528,443,1827
16529,442,1705
16530,448,1553
16531,448,1505
16532,443,1577
16533,442,1753
16534,443,1931
16535,448,2005
16536,442,2021
16537,443,1959
16538,448,1839
16539,448,1716
16540,443,1561
16541,443,1497
16542,441,1571
16543,448,1727
16544,442,1895
16545,448,1995
16546,448,2021
16547,443,1947
16548,447,1819
16549,448,1695
16550,442,1548
16551,442,1509
16552,442,1579
16553,447,1758
16554,447,1911
16555,442,2008
16556,448,2015
16557,448,1955
16558,448,1823
16559,442,1703
16560,447,1549
16561,448,1509
16562,442,1579
16563,442,1759
16564,443,1912
16565,448,2007
16566,443,2013
16567,448,1957
16568,442,1821
16569,443,1703
16570,448,1549
16571,448,1510
16572,448,1579
16573,448,1759
16574,443,1911
16575,448,2008
16576,447,2013
16577,443,1955
16578,448,1821
16579,442,1701
16580,448,1547
16581,443,1511
16582,448,1581
16583,443,1759
16584,448,1913
16585,442,2007
16586,448,2013
16587,443,1952
16588,448,1822
16589,443,1699
16590,443,1547
16591,443,1509
16592,443,1579
16593,448,1762
16594,447,1913
16595,442,2009
16596,447,2013
16597,448,1951
16598,448,1817
16599,442,1699
16600,443,1544
16601,443,1509
16602,442,1581
16603,443,1763
16604,442,1913
16605,448,2008
16606,443,2011
16607,443,1951
16608,448,1819
16609,442,1699
16610,448,1546
16611,448,1510
16612,442,1581
16613,443,1799
16614,442,1916
16615,448,2009
16616,448,2011
16617,448,1951
16618,443,1819
16619,448,1695
16620,442,1547
16621,442,1511
16622,448,1581
16623,442,1765
16624,443,1913
16625,442,2010
16626,448,2011
16627,448,1950
16628,448,1819
16629,443,1695
16630,444,1547
16631,448,1514
16632,448,1583
16633,448,1767
16634,442,1937
16635,448,2005
16636,442,2019
16637,443,1955
16638,442,1831
16639,448,1708
16640,442,1559
16641,443,1501
16642,442,1574
16643,447,1739
16644,443,1901
16645,443,2001
16646,443,2017
16647,444,1927
16648,442,1836
16649,448,1705
16650,450,1563
16651,448,1512
16652,448,1589
16653,448,1723
16654,448,1907
16655,450,1995
16656,443,2003
16657,448,1951
16658,442,1827
16659,443,1708
16660,442,1533
16661,450,1495
16662,442,1591
16663,441,1737
16664,442,1903
16665,440,1997
16666,442,2013
16667,439,1949
16668,448,1827
16669,442,1691
16670,448,1551
16671,440,1513
16672,442,1573
16673,442,1751
16674,448,1895
16675,448,1996
16676,442,2007
16677,442,1955
16678,447,1827
16679,443,1673
16680,447,1542
16681,442,1513
16682,442,1587
16683,442,1771
16684,448,1917
16685,443,2011
16686,442,2008
16687,448,1947
16688,443,1815
16689,443,1690
16690,443,1543
16691,442,1513
16692,443,1583
16693,442,1771
16694,442,1917
16695,443,2010
16696,443,2011
16697,448,1947
16698,448,1814
16699,442,1689
16700,442,1541
16701,442,1515
16702,447,1587
16703,442,1773
16704,442,1918
16705,442,2013
16706,447,2009
16707,443,1947
16708,443,1814
16709,442,1688
16710,447,1541
16711,442,1515
16712,443,1587
16713,448,1773
16714,449,1919
16715,444,2012
16716,443,2009
16717,442,1946
16718,442,1813
16719,442,1688
16720,442,1533
16721,442,1516
16722,442,1587
16723,443,1775
16724,448,1920
16725,443,2011
16726,442,2007
16727,448,1945
16728,443,1811
16729,448,1686
16730,444,1531
16731,448,1514
16732,448,1587
16733,442,1775
16734,443,1937
16735,443,2005
16736,448,2012
16737,448,1951
16738,444,1823
16739,448,1701
16740,442,1549
16741,448,1507
16742,442,1579
16743,442,1751
16744,448,1909
16745,443,2005
16746,443,2013
16747,448,1941
16748,448,1806
16749,448,1679
16750,447,1532
16751,443,1516
16752,448,1588
16753,449,1780
16754,442,1927
16755,448,2013
16756,448,2005
16757,442,1945
16758,448,1807
16759,448,1681
16760,448,1531
16761,448,1516
16762,448,1588
16763,448,1781
16764,448,1925
16765,448,2013
16766,448,2007
16767,448,1945
16768,442,1806
16769,442,1679
16770,448,1530
16771,448,1518
16772,442,1589
16773,441,1783
16774,442,1927
16775,448,2013
16776,442,2007
16777,448,1945
16778,442,1807
16779,442,1681
16780,442,1529
16781,442,1517
16782,448,1591
16783,448,1783
16784,443,1927
16785,442,2015
16786,443,2007
16787,448,1944
16788,447,1805
16789,443,1677
16790,442,1531
16791,442,1519
16792,442,1592
16793,442,1783
16794,448,1928
16795,447,2015
16796,448,2006
16797,443,1943
16798,442,1805
16799,448,1677
16800,449,1525
16801,448,1520
16802,448,1592
16803,447,1787
16804,442,1928
16805,448,2019
16806,444,2005
16807,442,1943
16808,442,1803
16809,442,1677
16810,448,1527
16811,448,1519
16812,448,1593
16813,448,1785
16814,443,1928
16815,444,2019
16816,442,2005
16817,442,1943
16818,442,1801
16819,448,1673
16820,448,1527
16821,441,1518
16822,443,1594
16823,443,1786
16824,442,1930
16825,448,2015
16826,442,2005
16827,442,1943
16828,444,1803
16829,442,1674
16830,448,1526
16831,448,1520
16832,448,1594
16833,448,1789
16834,447,1944
16835,442,2008
16836,448,2009
16837,448,1947
16838,443,1816
16839,444,1691
16840,443,1543
16841,442,1511
16842,443,1581
16843,448,1765
16844,443,1914
16845,448,2009
16846,443,2008
16847,442,1935
16848,448,1800
16849,442,1670
16850,448,1525
16851,448,1519
16852,442,1593
16853,448,1790
16854,448,1930
16855,442,2019
16856,448,2003
16857,448,1941
16858,443,1800
16859,442,1671
16860,442,1527
16861,448,1523
16862,442,1596
16863,447,1790
16864,448,1932
16865,448,2020
16866,442,2002
16867,448,1941
16868,448,1799
16869,447,1670
16870,442,1525
16871,448,1523
16872,448,1597
16873,443,1789
16874,443,1933
16875,448,2019
16876,448,2004
16877,448,1939
16878,448,1799
16879,444,1663
16880,448,1523
16881,448,1523
16882,448,1598
16883,447,1791
16884,442,1932
16885,443,2019
16886,441,2003
16887,443,1939
16888,442,1799
16889,448,1656
16890,448,1532
16891,442,1515
16892,443,1583
16893,443,1773
16894,448,1918
16895,443,2009
16896,444,2007
16897,442,1945
16898,443,1813
16899,448,1687
16900,448,1533
16901,443,1513
16902,442,1611
16903,442,1801
16904,442,1935
16905,442,2021
16906,442,1997
16907,442,1939
16908,442,1797
16909,442,1661
16910,448,1519
16911,448,1525
16912,443,1603
16913,442,1799
16914,442,1935
16915,448,2021
16916,442,1999
16917,442,1937
16918,442,1791
16919,442,1661
16920,443,1518
16921,443,1525
16922,448,1598
16923,448,1799
16924,442,1939
16925,442,2021
16926,440,1999
16927,442,1935
16928,448,1791
16929,448,1660
16930,442,1517
16931,442,1525
16932,442,1605
16933,442,1800
16934,442,1937
16935,448,2023
16936,444,1998
16937,448,1935
16938,444,1790
16939,442,1659
16940,448,1517
16941,448,1526
16942,443,1607
16943,443,1800
16944,448,1939
16945,443,2022
16946,447,1998
16947,442,1935
16948,442,1789
16949,442,1659
16950,448,1516
16951,448,1527
16952,443,1608
16953,442,1801
16954,443,1939
16955,448,2023
16956,441,2003
16957,448,1935
16958,447,1788
16959,441,1657
16960,442,1516
16961,442,1525
16962,442,1609
16963,442,1802
16964,442,1939
16965,443,2022
16966,442,1999
16967,443,1933
16968,443,1788
16969,448,1659
16970,448,1515
16971,442,1527
16972,442,1609
16973,448,1804
16974,442,1941
16975,447,2023
16976,448,1997
16977,442,1932
16978,442,1787
16979,443,1655
16980,448,1515
16981,442,1527
16982,442,1611
16983,443,1806
16984,442,1941
16985,448,2023
16986,442,1997
16987,442,1932
16988,443,1787
16989,447,1647
16990,442,1526
16991,443,1518
16992,442,1591
16993,448,1785
16994,442,1928
16995,443,2013
16996,443,2003
16997,442,1941
16998,448,1802
16999,442,1672
17000,441,1500
17001,444,1508
17002,448,1627
17003,443,1807
17004,442,1943
17005,442,2024
17006,447,1995
17007,442,1931
17008,442,1785
17009,442,1653
17010,442,1513
17011,447,1528
17012,443,1611
17013,440,1810
17014,443,1943
17015,448,2025
17016,448,1995
17017,447,1929
17018,442,1785
17019,442,1652
17020,448,1513
17021,448,1529
17022,443,1612
17023,442,1806
17024,448,1943
17025,447,2023
17026,442,1995
17027,441,1928
17028,442,1784
17029,442,1653
17030,442,1511
17031,442,1530
17032,441,1614
17033,442,1807
17034,448,1961
17035,441,2025
17036,443,1999
17037,442,1939
17038,448,1797
17039,448,1671
17040,448,1522
17041,443,1519
17042,448,1594
17043,442,1788
17044,442,1931
17045,442,2015
17046,443,1997
17047,444,1934
17048,444,1775
17049,442,1640
17050,442,1509
17051,442,1530
17052,447,1619
17053,442,1815
17054,442,1944
17055,442,2026
17056,443,1994
17057,443,1925
17058,448,1783
17059,442,1645
17060,448,1511
17061,442,1531
17062,448,1620
17063,448,1815
17064,448,1944
17065,448,2027
17066,448,1993
17067,443,1925
17068,448,1783
17069,443,1644
17070,448,1510
17071,448,1533
17072,443,1620
17073,448,1816
17074,443,1947
17075,444,2027
17076,448,1993
17077,448,1918
17078,448,1783
17079,444,1641
17080,442,1507
17081,442,1532
17082,442,1619
17083,448,1815
17084,448,1947
17085,442,2028
17086,442,1993
17087,448,1917
17088,448,1783
17089,448,1641
17090,442,1509
17091,448,1533
17092,448,1622
17093,448,1816
17094,444,1948
17095,448,2028
17096,443,1993
17097,443,1919
17098,448,1782
17099,442,1641
17100,442,1508
17101,448,1532
17102,448,1620
17103,447,1816
17104,443,1949
17105,448,2027
17106,443,1991
17107,448,1915
17108,447,1779
17109,448,1639
17110,448,1508
17111,448,1533
17112,448,1623
17113,450,1839
17114,442,1952
17115,448,2030
17116,448,1990
17117,448,1917
17118,442,1777
17119,448,1637
17120,448,1503
17121,442,1534
17122,443,1625
17123,448,1820
17124,443,1951
17125,448,2029
17126,442,1992
17127,448,1916
17128,443,1779
17129,442,1637
17130,448,1505
17131,442,1533
17132,443,1626
17133,448,1821
17134,443,1959
17135,448,2027
17136,443,1997
17137,456,1931
17138,442,1787
17139,448,1655
17140,443,1515
17141,448,1527
17142,448,1605
17143,443,1805
17144,443,1939
17145,448,2020
17146,442,1993
17147,448,1911
17148,448,1772
17149,442,1634
17150,448,1501
17151,448,1533
17152,448,1626
17153,447,1822
17154,448,1955
17155,442,2031
17156,444,1991
17157,448,1915
17158,448,1773
17159,442,1635
17160,443,1501
17161,442,1541
17162,448,1628
17163,443,1822
17164,448,1956
17165,442,2029
17166,448,1989
17167,442,1913
17168,448,1773
17169,448,1630
17170,442,1501
17171,448,1543
17172,443,1627
17173,448,1822
17174,442,1958
17175,448,2029
17176,443,1990
17177,447,1913
17178,447,1773
17179,443,1633
17180,442,1501
17181,448,1543
17182,442,1635
17183,449,1823
17184,448,1959
17185,448,2029
17186,443,1989
17187,443,1914
17188,442,1772
17189,443,1629
17190,448,1501
17191,442,1543
17192,440,1631
17193,448,1822
17194,448,1959
17195,443,2029
17196,448,1991
17197,442,1912
17198,442,1772
17199,448,1629
17200,448,1496
17201,448,1544
17202,448,1634
17203,444,1828
17204,448,1960
17205,448,2030
17206,448,1983
17207,448,1911
17208,442,1771
17209,442,1628
17210,448,1499
17211,447,1544
17212,442,1635
17213,448,1827
17214,443,1960
17215,448,2031
17216,448,1989
17217,448,1911
17218,444,1771
17219,448,1627
17220,448,1499
17221,443,1546
17222,448,1637
17223,448,1829
17224,448,1961
17225,448,2031
17226,443,1983
17227,448,1909
17228,447,1770
17229,444,1625
17230,444,1497
17231,442,1545
17232,448,1637
17233,448,1831
17234,448,1963
17235,443,2031
17236,439,1992
17237,447,1919
17238,448,1781
17239,442,1642
17240,442,1508
17241,443,1529
17242,442,1615
17243,442,1814
17244,448,1945
17245,447,2024
17246,442,1991
17247,442,1899
17248,443,1767
17249,448,1623
17250,444,1497
17251,442,1545
17252,449,1640
17253,448,1832
17254,448,1961
17255,448,2035
17256,447,1982
17257,448,1907
17258,440,1767
17259,442,1623
17260,448,1496
17261,442,1547
17262,448,1641
17263,443,1833
17264,444,1963
17265,443,2035
17266,448,1981
17267,447,1903
17268,448,1767
17269,448,1621
17270,443,1496
17271,448,1546
17272,442,1639
17273,443,1832
17274,448,1963
17275,448,2030
17276,448,1983
17277,448,1901
17278,448,1765
17279,443,1621
17280,448,1493
17281,448,1545
17282,448,1643
17283,448,1835
17284,443,1965
17285,443,2031
17286,443,1983
17287,440,1903
17288,448,1769
17289,448,1621
17290,448,1496
17291,443,1546
17292,443,1645
17293,448,1835
17294,443,1967
17295,448,2035
17296,448,1983
17297,447,1901
17298,442,1765
17299,448,1620
17300,448,1497
17301,442,1549
17302,442,1647
17303,443,1837
17304,448,1966
17305,448,2031
17306,448,1981
17307,448,1900
17308,448,1765
17309,442,1619
17310,448,1495
17311,448,1548
17312,442,1647
17313,443,1839
17314,447,1967
17315,443,2035
17316,444,1981
17317,443,1900
17318,448,1763
17319,448,1618
17320,448,1495
17321,443,1549
17322,448,1652
17323,448,1840
17324,443,1970
17325,448,2031
17326,448,1980
17327,447,1899
17328,448,1763
17329,443,1615
17330,443,1494
17331,448,1547
17332,448,1651
17333,443,1839
17334,443,1971
17335,443,2031
17336,448,1983
17337,444,1911
17338,448,1770
17339,443,1631
17340,448,1499
17341,448,1543
17342,442,1627
17343,443,1823
17344,448,1955
17345,443,2027
17346,448,1983
17347,449,1890
17348,444,1755
17349,448,1611
17350,448,1492
17351,448,1549
17352,448,1651
17353,447,1843
17354,448,1968
17355,442,2031
17356,448,1977
17357,443,1895
17358,448,1758
17359,448,1612
17360,448,1493
17361,443,1549
17362,442,1655
17363,448,1843
17364,448,1972
17365,448,2031
17366,448,1979
17367,448,1895
17368,448,1759
17369,448,1611
17370,443,1494
17371,442,1549
17372,448,1655
17373,447,1844
17374,448,1973
17375,442,2036
17376,448,1977
17377,443,1895
17378,448,1759
17379,448,1611
17380,448,1491
17381,448,1549
17382,448,1655
17383,448,1848
17384,448,1973
17385,448,2035
17386,444,1977
17387,444,1893
17388,448,1756
17389,448,1606
17390,448,1497
17391,442,1543
17392,448,1635
17393,448,1827
17394,448,1959
17395,443,2028
17396,448,1979
17397,443,1902
17398,443,1767
17399,448,1625
17400,448,1495
17401,448,1542
17402,448,1676
17403,448,1852
17404,448,1974
17405,448,2034
17406,449,1977
17407,448,1891
17408,450,1754
17409,448,1609
17410,448,1493
17411,448,1555
17412,448,1661
17413,448,1848
17414,443,1974
17415,442,2035
17416,448,1975
17417,448,1887
17418,448,1755
17419,448,1607
17420,448,1493
17421,448,1553
17422,448,1663
17423,443,1849
17424,442,1975
17425,448,2031
17426,449,1976
17427,443,1890
17428,448,1753
17429,442,1606
17430,442,1493
17431,448,1554
17432,448,1663
17433,442,1848
17434,448,1977
17435,443,2035
17436,448,1976
17437,442,1887
17438,442,1752
17439,448,1605
17440,442,1493
17441,448,1555
17442,442,1671
17443,448,1852
17444,442,1976
17445,447,2031
17446,443,1975
17447,443,1886
17448,448,1751
17449,443,1605
17450,447,1491
17451,448,1555
17452,448,1671
17453,442,1853
17454,444,1977
17455,447,2035
17456,443,1976
17457,448,1887
17458,448,1752
17459,442,1600
17460,448,1493
17461,448,1555
17462,448,1673
17463,442,1853
17464,448,1979
17465,448,2031
17466,449,1975
17467,448,1884
17468,448,1751
17469,448,1599
17470,444,1493
17471,447,1557
17472,448,1673
17473,448,1855
17474,448,1979
17475,443,2030
17476,442,1975
17477,448,1884
17478,443,1752
17479,442,1598
17480,443,1493
17481,448,1557
17482,448,1675
17483,448,1855
17484,448,1977
17485,442,2031
17486,448,1974
17487,448,1883
17488,443,1749
17489,443,1595
17490,448,1494
17491,448,1547
17492,448,1647
17493,444,1835
17494,448,1967
17495,442,2031
17496,444,1979
17497,448,1894
17498,448,1761
17499,448,1613
17500,449,1493
17501,448,1561
17502,448,1685
17503,442,1865
17504,448,1979
17505,449,2030
17506,443,1973
17507,443,1881
17508,443,1747
17509,442,1597
17510,442,1494
17511,447,1557
17512,448,1678
17513,444,1864
17514,444,1980
17515,442,2031
17516,448,1975
17517,443,1881
17518,448,1747
17519,444,1595
17520,448,1493
17521,448,1557
17522,443,1681
17523,442,1864
17524,448,1981
17525,448,2029
17526,448,1973
17527,442,1879
17528,448,1747
17529,444,1595
17530,448,1492
17531,443,1559
17532,448,1684
17533,449,1864
17534,443,1995
17535,447,2031
17536,449,1976
17537,448,1891
17538,448,1755
17539,448,1611
17540,448,1492
17541,448,1547
17542,448,1653
17543,448,1845
17544,448,1971
17545,448,2029
17546,448,1975
17547,448,1865
17548,448,1740
17549,443,1589
17550,448,1494
17551,442,1560
17552,443,1685
17553,442,1867
17554,448,1981
17555,448,2030
17556,444,1971
17557,448,1877
17558,442,1742
17559,442,1593
17560,442,1493
17561,448,1559
17562,448,1686
17563,443,1867
17564,442,1981
17565,448,2029
17566,448,1971
17567,448,1875
17568,448,1743
17569,448,1591
17570,443,1495
17571,443,1561
17572,443,1687
17573,448,1868
17574,449,1982
17575,448,2031
17576,448,1972
17577,442,1874
17578,442,1743
17579,448,1590
17580,448,1493
17581,448,1561
17582,448,1688
17583,448,1869
17584,443,1981
17585,448,2027
17586,448,1970
17587,448,1873
17588,448,1741
17589,448,1590
17590,443,1493
17591,448,1559
17592,448,1688
17593,448,1869
17594,448,1981
17595,448,2028
17596,448,1967
17597,443,1869
17598,442,1740
17599,448,1591
17600,443,1495
17601,448,1561
17602,442,1690
17603,448,1869
17604,448,1983
17605,448,2029
17606,442,1967
17607,448,1870
17608,443,1739
17609,442,1589
17610,447,1492
17611,444,1561
17612,444,1691
17613,448,1895
17614,448,1983
17615,448,2027
17616,443,1967
17617,442,1869
17618,448,1739
17619,448,1587
17620,448,1493
17621,448,1561
17622,443,1695
17623,448,1875
17624,443,1984
17625,448,2028
17626,448,1968
17627,448,1867
17628,448,1737
17629,444,1587
17630,448,1493
17631,444,1561
17632,442,1695
17633,448,1875
17634,448,1997
17635,443,2030
17636,448,1971
17637,443,1880
17638,443,1749
17639,448,1596
17640,448,1490
17641,448,1555
17642,448,1673
17643,443,1853
17644,448,1976
17645,448,2029
17646,448,1973
17647,447,1861
17648,444,1734
17649,448,1582
17650,448,1495
17651,448,1563
17652,448,1699
17653,448,1876
17654,444,1989
17655,442,2026
17656,443,1967
17657,443,1866
17658,444,1737
17659,448,1583
17660,443,1495
17661,448,1563
17662,448,1700
17663,442,1879
17664,447,1989
17665,448,2028
17666,448,1967
17667,448,1865
17668,447,1735
17669,447,1582
17670,448,1495
17671,449,1563
17672,448,1700
17673,442,1881
17674,443,1989
17675,448,2026
17676,444,1967
17677,448,1864
17678,443,1736
17679,443,1581
17680,448,1493
17681,448,1564
17682,448,1702
17683,448,1879
17684,447,1991
17685,443,2027
17686,448,1967
17687,448,1863
17688,444,1733
17689,444,1581
17690,448,1496
17691,448,1562
17692,442,1703
17693,448,1881
17694,442,1991
17695,443,2026
17696,448,1965
17697,448,1862
17698,448,1727
17699,443,1579
17700,448,1496
17701,448,1564
17702,448,1704
17703,448,1880
17704,448,1991
17705,444,2025
17706,443,1966
17707,448,1861
17708,448,1727
17709,448,1579
17710,448,1495
17711,444,1565
17712,448,1706
17713,448,1883
17714,443,1991
17715,448,2026
17716,442,1963
17717,448,1855
17718,448,1727
17719,448,1579
17720,448,1496
17721,442,1565
17722,443,1707
17723,447,1883
17724,444,1991
17725,443,2025
17726,449,1963
17727,442,1855
17728,448,1726
17729,448,1579
17730,448,1497
17731,443,1565
17732,447,1707
17733,448,1883
17734,448,1998
17735,442,2027
17736,443,1965
17737,448,1873
17738,448,1739
17739,448,1589
17740,448,1491
17741,443,1559
17742,448,1687
17743,448,1865
17744,448,1981
17745,448,2026
17746,448,1967
17747,442,1847
17748,442,1723
17749,442,1576
17750,444,1497
17751,448,1567
17752,448,1712
17753,443,1886
17754,448,1993
17755,448,2026
17756,448,1965
17757,448,1853
17758,448,1724
17759,449,1575
17760,448,1496
17761,448,1565
17762,448,1715
17763,442,1887
17764,448,1994
17765,448,2025
17766,448,1963
17767,443,1853
17768,448,1723
17769,448,1575
17770,448,1495
17771,448,1566
17772,448,1717
17773,448,1887
17774,448,1995
17775,442,2025
17776,448,1963
17777,448,1851
17778,442,1723
17779,448,1573
17780,448,1496
17781,444,1566
17782,443,1717
17783,448,1887
17784,448,1994
17785,448,2025
17786,448,1962
17787,443,1849
17788,448,1723
17789,443,1573
17790,448,1496
17791,448,1566
17792,443,1717
17793,448,1887
17794,448,1993
17795,448,2023
17796,447,1962
17797,448,1848
17798,448,1722
17799,448,1571
17800,448,1496
17801,448,1567
17802,448,1718
17803,448,1890
17804,448,1995
17805,448,2023
17806,448,1963
17807,448,1846
17808,448,1721
17809,443,1571
17810,448,1497
17811,449,1566
17812,448,1718
17813,449,1892
17814,444,1997
17815,444,2023
17816,448,1963
17817,448,1847
17818,447,1721
17819,443,1567
17820,448,1498
17821,448,1567
17822,448,1721
17823,448,1891
17824,448,1995
17825,442,2023
17826,448,1962
17827,444,1845
17828,448,1721
17829,448,1567
17830,448,1499
17831,448,1567
17832,448,1721
17833,448,1891
17834,448,2007
17835,448,2025
17836,448,1964
17837,444,1865
17838,449,1733
17839,443,1579
17840,443,1493
17841,442,1563
17842,448,1703
17843,448,1877
17844,448,1989
17845,448,2024
17846,448,1964
17847,448,1833
17848,448,1719
17849,449,1565
17850,443,1497
17851,443,1571
17852,448,1726
17853,448,1895
17854,448,1997
17855,443,2023
17856,448,1961
17857,448,1843
17858,448,1718
17859,442,1564
17860,448,1498
17861,448,1572
17862,448,1726
17863,448,1897
17864,448,1997
17865,444,2023
17866,444,1960
17867,449,1839
17868,448,1717
17869,448,1563
17870,448,1498
17871,443,1572
17872,443,1728
17873,443,1896
17874,443,1997
17875,447,2021
17876,448,1960
17877,449,1839
17878,448,1717
17879,443,1564
17880,448,1498
17881,448,1571
17882,448,1733
17883,442,1897
17884,448,1999
17885,442,2022
17886,448,1959
17887,448,1838
17888,442,1717
17889,442,1557
17890,448,1492
17891,448,1563
17892,448,1705
17893,448,1881
17894,448,1990
17895,443,2023
17896,448,1963
17897,448,1852
17898,448,1725
17899,448,1575
17900,448,1493
17901,449,1561
17902,448,1748
17903,448,1898
17904,448,2001
17905,448,2023
17906,448,1959
17907,448,1837
17908,448,1712
17909,448,1563
17910,448,1501
17911,448,1573
17912,443,1739
17913,448,1899
17914,442,2001
17915,448,2020
17916,448,1958
17917,448,1837
17918,443,1715
17919,448,1562
17920,443,1500
17921,448,1574
17922,448,1739
17923,443,1900
17924,448,2001
17925,448,2020
17926,447,1959
17927,442,1837
17928,448,1711
17929,448,1560
17930,448,1501
17931,448,1573
17932,442,1741
17933,448,1900
17934,448,2001
17935,448,2020
17936,448,1959
17937,448,1835
17938,448,1711
17939,443,1561
17940,448,1503
17941,448,1575
17942,443,1745
17943,448,1901
17944,448,2003
17945,448,2021
17946,448,1958
17947,448,1835
17948,443,1710
17949,448,1560
17950,448,1503
17951,448,1575
17952,448,1746
17953,443,1903
17954,447,2003
17955,448,2019
17956,448,1958
17957,448,1835
17958,442,1709
17959,442,1559
17960,448,1503
17961,448,1575
17962,443,1747
17963,448,1902
17964,443,2003
17965,448,2015
17966,442,1955
17967,448,1832
17968,442,1707
17969,442,1557
17970,443,1503
17971,448,1575
17972,448,1747
17973,442,1901
17974,443,2003
17975,448,2019
17976,442,1956
17977,442,1831
17978,443,1708
17979,449,1557
17980,448,1507
17981,443,1576
17982,448,1748
17983,442,1903
17984,448,2004
17985,444,2015
17986,443,1955
17987,448,1832
17988,443,1707
17989,448,1545
17990,443,1496
17991,448,1567
17992,442,1720
17993,448,1887
17994,448,1995
17995,443,2021
17996,448,1959
17997,442,1843
17998,448,1719
17999,443,1565
18000,448,1513
18001,448,1567
18002,448,1769
18003,448,1909
18004,449,2006
18005,448,2015
18006,448,1955
18007,442,1829
18008,448,1705
18009,448,1556
18010,444,1509
18011,448,1579
18012,448,1753
18013,444,1909
18014,443,2005
18015,448,2015
18016,448,1952
18017,448,1827
18018,443,1704
18019,442,1555
18020,442,1507
18021,448,1577
18022,449,1753
18023,448,1909
18024,448,2007
18025,444,2015
18026,443,1955
18027,448,1827
18028,442,1703
18029,443,1555
18030,442,1509
18031,448,1577
18032,444,1755
18033,442,1910
18034,447,2013
18035,443,2013
18036,443,1959
18037,443,1837
18038,448,1711
18039,448,1563
18040,442,1497
18041,448,1571
18042,448,1725
18043,448,1895
18044,443,1997
18045,447,2019
18046,443,1959
18047,443,1837
18048,448,1687
18049,442,1547
18050,448,1511
18051,448,1581
18052,442,1758
18053,448,1911
18054,448,2007
18055,448,2012
18056,443,1951
18057,442,1821
18058,448,1701
18059,448,1547
18060,442,1510
18061,448,1580
18062,442,1759
18063,442,1912
18064,443,2007
18065,443,2013
18066,448,1951
18067,443,1821
18068,442,1700
18069,448,1549
18070,442,1511
18071,448,1581
18072,447,1763
18073,448,1913
18074,442,2008
18075,443,2012
18076,448,1951
18077,442,1819
18078,443,1695
18079,444,1548
18080,448,1511
18081,448,1581
18082,443,1764
18083,448,1913
18084,448,2009
18085,442,2011
18086,448,1951
18087,443,1818
18088,448,1696
18089,448,1547
18090,442,1511
18091,447,1581
18092,448,1765
18093,448,1913
18094,448,2009
18095,448,2011
18096,448,1949
18097,449,1818
18098,448,1695
18099,443,1547
18100,448,1511
18101,442,1581
18102,448,1765
18103,443,1915
18104,448,2008
18105,447,2011
18106,448,1949
18107,448,1817
18108,442,1695
18109,448,1545
18110,442,1511
18111,448,1583
18112,442,1766
18113,448,1934
18114,448,2009
18115,449,2009
18116,447,1949
18117,448,1816
18118,448,1693
18119,448,1542
18120,448,1512
18121,448,1583
18122,448,1768
18123,448,1915
18124,448,2009
18125,448,2011
18126,443,1947
18127,448,1815
18128,448,1692
18129,442,1544
18130,448,1513
18131,443,1587
18132,448,1769
18133,448,1916
18134,447,2012
18135,448,2009
18136,448,1951
18137,442,1829
18138,448,1707
18139,443,1556
18140,442,1502
18141,448,1575
18142,448,1743
18143,448,1902
18144,442,2059
18145,448,2015
18146,443,1952
18147,447,1809
18148,444,1686
18149,442,1541
18150,448,1515
18151,444,1586
18152,448,1770
18153,448,1918
18154,448,2011
18155,443,2009
18156,448,1947
18157,448,1815
18158,442,1690
18159,442,1543
18160,444,1513
18161,448,1587
18162,444,1771
18163,448,1916
18164,448,2011
18165,444,2009
18166,447,1947
18167,448,1813
18168,449,1689
18169,448,1543
18170,448,1515
18171,448,1587
18172,448,1772
18173,448,1917
18174,448,2011
18175,448,2007
18176,443,1947
18177,448,1815
18178,448,1689
18179,448,1541
18180,442,1515
18181,448,1587
18182,443,1772
18183,448,1919
18184,443,2013
18185,448,2008
18186,448,1947
18187,448,1813
18188,444,1686
18189,448,1533
18190,448,1515
18191,448,1589
18192,442,1773
18193,444,1919
18194,442,2012
18195,443,2005
18196,449,1946
18197,448,1812
18198,443,1685
18199,442,1533
18200,448,1519
18201,444,1590
18202,448,1775
18203,443,1918
18204,448,2012
18205,448,2006
18206,443,1945
18207,448,1812
18208,442,1684
18209,442,1531
18210,448,1517
18211,448,1590
18212,448,1778
18213,448,1919
18214,443,2013
18215,442,2005
18216,443,1944
18217,448,1811
18218,448,1683
18219,448,1533
18220,448,1517
18221,442,1590
18222,448,1779
18223,443,1926
18224,448,2013
18225,448,2006
18226,448,1944
18227,448,1809
18228,448,1679
18229,448,1531
18230,448,1517
18231,448,1591
18232,448,1782
18233,448,1927
18234,448,2012
18235,448,2007
18236,448,1949
18237,442,1819
18238,448,1696
18239,443,1547
18240,448,1509
18241,443,1580
18242,448,1756
18243,448,1911
18244,448,2007
18245,443,2011
18246,448,1949
18247,443,1799
18248,448,1672
18249,447,1527
18250,443,1519
18251,447,1593
18252,443,1782
18253,448,1929
18254,444,2012
18255,448,2006
18256,442,1944
18257,448,1805
18258,448,1677
18259,443,1528
18260,448,1519
18261,448,1593
18262,442,1783
18263,442,1928
18264,448,2017
18265,442,2005
18266,442,1943
18267,443,1805
18268,442,1675
18269,444,1527
18270,443,1519
18271,443,1593
18272,442,1785
18273,442,1931
18274,448,2015
18275,448,2004
18276,448,1943
18277,448,1803
18278,448,1676
18279,442,1527
18280,442,1523
18281,443,1593
18282,443,1785
18283,442,1929
18284,442,2018
18285,448,2003
18286,442,1940
18287,448,1812
18288,442,1693
18289,443,1541
18290,448,1509
18291,449,1599
18292,440,1753
18293,449,1917
18294,441,2022
18295,441,2012
18296,449,1945
18297,448,1828
18298,442,1693
18299,448,1531
18300,448,1499
18301,443,1594
18302,442,1785
18303,440,1903
18304,440,2025
18305,453,1995
18306,449,1943
18307,443,1827
18308,442,1693
18309,452,1541
18310,441,1501
18311,447,1577
18312,441,1769
18313,451,1931
18314,442,2001
18315,442,2008
18316,443,1951
18317,441,1817
18318,441,1690
18319,442,1516
18320,448,1524
18321,448,1598
18322,448,1789
18323,443,1933
18324,448,2018
18325,442,1999
18326,442,1939
18327,443,1799
18328,448,1670
18329,447,1524
18330,443,1523
18331,442,1599
18332,448,1789
18333,441,1933
18334,442,2019
18335,442,2003
18336,442,1945
18337,442,1812
18338,442,1687
18339,448,1533
18340,443,1513
18341,442,1587
18342,442,1768
18343,448,1917
18344,448,2009
18345,448,2006
18346,448,1943
18347,442,1788
18348,440,1659
18349,448,1520
18350,442,1525
18351,442,1605
18352,442,1797
18353,443,1933
18354,442,2021
18355,442,2001
18356,442,1941
18357,442,1799
18358,442,1663
18359,442,1525
18360,448,1525
18361,448,1600
18362,442,1792
18363,448,1932
18364,444,2021
18365,444,1997
18366,443,1937
18367,442,1798
18368,442,1662
18369,442,1519
18370,443,1527
18371,448,1605
18372,443,1799
18373,442,1935
18374,448,2021
18375,447,1997
18376,442,1935
18377,444,1791
18378,442,1661
18379,442,1523
18380,448,1526
18381,448,1604
18382,442,1799
18383,442,1935
18384,448,2021
18385,443,1999
18386,442,1934
18387,447,1797
18388,442,1660
18389,447,1515
18390,443,1516
18391,440,1591
18392,443,1775
18393,442,1917
18394,448,2011
18395,443,2005
18396,443,1943
18397,442,1805
18398,443,1683
18399,448,1531
18400,442,1515
18401,443,1588
18402,442,1813
18403,442,1939
18404,443,2021
18405,442,1997
18406,447,1933
18407,442,1788
18408,442,1657
18409,442,1516
18410,442,1527
18411,443,1608
18412,448,1801
18413,448,1939
18414,448,2021
18415,443,1997
18416,448,1931
18417,442,1789
18418,442,1657
18419,443,1517
18420,442,1527
18421,448,1608
18422,443,1803
18423,442,1939
18424,443,2023
18425,448,1995
18426,448,1932
18427,448,1789
18428,443,1653
18429,448,1513
18430,448,1528
18431,442,1610
18432,442,1805
18433,448,1941
18434,442,2023
18435,448,1998
18436,444,1931
18437,442,1787
18438,448,1655
18439,444,1515
18440,442,1528
18441,447,1610
18442,444,1807
18443,442,1941
18444,448,2023
18445,442,1997
18446,443,1931
18447,448,1787
18448,443,1654
18449,448,1515
18450,443,1527
18451,443,1611
18452,442,1806
18453,448,1941
18454,442,2025
18455,442,1995
18456,442,1931
18457,447,1786
18458,443,1654
18459,444,1515
18460,442,1529
18461,448,1611
18462,443,1805
18463,448,1942
18464,444,2025
18465,448,1995
18466,448,1929
18467,442,1786
18468,447,1652
18469,442,1513
18470,442,1529
18471,442,1610
18472,443,1809
18473,440,1942
18474,442,2025
18475,448,1996
18476,442,1929
18477,447,1785
18478,448,1651
18479,442,1513
18480,441,1530
18481,442,1613
18482,448,1810
18483,442,1942
18484,442,2025
18485,443,1995
18486,443,1927
18487,443,1787
18488,448,1646
18489,443,1507
18490,443,1519
18491,442,1595
18492,443,1787
18493,443,1929
18494,442,2015
18495,442,2001
18496,443,1940
18497,442,1799
18498,442,1669
18499,448,1523
18500,447,1542
18501,442,1608
18502,442,1818
18503,442,1945
18504,443,2026
18505,443,1996
18506,448,1926
18507,442,1787
18508,448,1646
18509,443,1512
18510,448,1529
18511,448,1611
18512,443,1811
18513,443,1943
18514,442,2025
18515,443,1993
18516,448,1927
18517,443,1784
18518,448,1645
18519,448,1511
18520,447,1533
18521,442,1615
18522,448,1813
18523,448,1943
18524,442,2025
18525,442,1994
18526,442,1927
18527,443,1785
18528,442,1645
18529,442,1512
18530,448,1531
18531,442,1617
18532,448,1814
18533,448,1945
18534,442,2035
18535,448,1995
18536,443,1937
18537,442,1791
18538,442,1661
18539,448,1519
18540,443,1523
18541,443,1598
18542,448,1789
18543,448,1931
18544,448,2019
18545,448,1997
18546,442,1933
18547,448,1775
18548,443,1631
18549,442,1502
18550,442,1534
18551,448,1623
18552,448,1816
18553,442,1946
18554,442,2027
18555,441,1993
18556,442,1918
18557,448,1781
18558,442,1641
18559,448,1509
18560,443,1533
18561,443,1623
18562,443,1816
18563,442,1950
18564,443,2027
18565,442,1992
18566,442,1917
18567,448,1780
18568,443,1640
18569,442,1507
18570,448,1541
18571,447,1624
18572,442,1819
18573,448,1948
18574,442,2027
18575,448,1991
18576,442,1917
18577,442,1781
18578,441,1640
18579,442,1508
18580,442,1542
18581,441,1623
18582,442,1817
18583,441,1949
18584,442,2027
18585,448,1991
18586,443,1918
18587,448,1780
18588,447,1639
18589,443,1507
18590,442,1542
18591,442,1624
18592,442,1819
18593,442,1950
18594,442,2028
18595,448,1993
18596,443,1916
18597,448,1780
18598,448,1637
18599,442,1503
18600,443,1545
18601,448,1626
18602,443,1819
18603,448,1951
18604,448,2027
18605,442,1991
18606,442,1915
18607,447,1778
18608,448,1637
18609,448,1503
18610,448,1541
18611,448,1625
18612,443,1821
18613,448,1975
18614,442,2030
18615,442,1991
18616,448,1915
18617,442,1778
18618,448,1636
18619,442,1503
18620,448,1533
18621,447,1627
18622,443,1821
18623,442,1951
18624,442,2029
18625,442,1991
18626,443,1913
18627,443,1774
18628,442,1637
18629,443,1502
18630,448,1542
18631,443,1629
18632,448,1823
18633,448,1955
18634,447,2035
18635,442,1995
18636,442,1927
18637,442,1785
18638,442,1651
18639,442,1513
18640,443,1527
18641,442,1611
18642,448,1805
18643,443,1938
18644,448,2022
18645,442,1993
18646,448,1929
18647,441,1771
18648,441,1634
18649,442,1502
18650,442,1542
18651,442,1631
18652,443,1823
18653,448,1955
18654,442,2029
18655,442,1989
18656,448,1913
18657,442,1775
18658,442,1635
18659,448,1502
18660,448,1543
18661,447,1630
18662,444,1823
18663,449,1957
18664,447,2029
18665,443,1989
18666,447,1913
18667,442,1773
18668,447,1630
18669,448,1500
18670,448,1544
18671,448,1635
18672,448,1823
18673,448,1955
18674,440,2028
18675,448,1983
18676,442,1911
18677,444,1771
18678,448,1630
18679,442,1501
18680,442,1543
18681,442,1629
18682,448,1824
18683,448,1957
18684,443,2027
18685,442,1989
18686,448,1911
18687,448,1773
18688,442,1629
18689,443,1500
18690,448,1543
18691,442,1635
18692,448,1827
18693,442,1959
18694,442,2030
18695,448,1989
18696,448,1909
18697,448,1772
18698,448,1629
18699,444,1499
18700,443,1544
18701,443,1637
18702,442,1829
18703,442,1960
18704,442,2031
18705,442,1983
18706,448,1910
18707,442,1772
18708,443,1628
18709,443,1500
18710,442,1543
18711,442,1637
18712,443,1829
18713,448,1959
18714,448,2031
18715,448,1983
18716,448,1909
18717,442,1769
18718,448,1628
18719,447,1499
18720,442,1544
18721,444,1639
18722,447,1829
18723,443,1961
18724,447,2031
18725,442,1983
18726,448,1908
18727,443,1769
18728,442,1627
18729,442,1497
18730,443,1545
18731,442,1640
18732,444,1830
18733,448,1960
18734,448,2031
18735,448,1991
18736,448,1917
18737,443,1781
18738,443,1641
18739,443,1507
18740,443,1531
18741,448,1619
18742,448,1815
18743,448,1944
18744,443,2024
18745,442,1990
18746,448,1917
18747,442,1765
18748,442,1621
18749,443,1496
18750,442,1546
18751,448,1641
18752,448,1832
18753,442,1963
18754,443,2035
18755,443,1982
18756,443,1903
18757,448,1769
18758,443,1623
18759,442,1497
18760,444,1545
18761,448,1641
18762,448,1833
18763,442,1963
18764,448,2031
18765,448,1980
18766,442,1903
18767,442,1767
18768,442,1622
18769,442,1496
18770,448,1546
18771,444,1644
18772,448,1835
18773,444,1964
18774,442,2031
18775,442,1980
18776,443,1902
18777,448,1766
18778,448,1623
18779,448,1497
18780,443,1546
18781,448,1645
18782,442,1835
18783,448,1967
18784,443,2034
18785,448,1981
18786,440,1903
18787,443,1767
18788,443,1623
18789,448,1497
18790,442,1547
18791,444,1644
18792,448,1836
18793,442,1966
18794,448,2031
18795,443,1982
18796,448,1901
18797,448,1767
18798,448,1621
18799,448,1497
18800,448,1549
18801,447,1651
18802,448,1837
18803,442,1965
18804,447,2031
18805,442,1981
18806,448,1901
18807,442,1765
18808,442,1620
18809,442,1495
18810,448,1546
18811,448,1647
18812,442,1835
18813,443,1971
18814,442,2031
18815,447,1981
18816,442,1900
18817,443,1763
18818,448,1619
18819,448,1495
18820,448,1549
18821,448,1647
18822,442,1838
18823,442,1971
18824,442,2035
18825,443,1980
18826,448,1899
18827,442,1764
18828,448,1619
18829,443,1495
18830,448,1547
18831,448,1651
18832,448,1837
18833,448,1967
18834,448,2031
18835,448,1983
18836,443,1911
18837,442,1772
18838,442,1629
18839,443,1497
18840,448,1541
18841,447,1629
18842,448,1822
18843,443,1951
18844,443,2027
18845,442,1990
18846,448,1910
18847,448,1755
18848,443,1612
18849,442,1493
18850,448,1547
18851,448,1653
18852,448,1839
18853,442,1970
18854,443,2031
18855,443,1979
18856,443,1897
18857,442,1763
18858,447,1615
18859,448,1493
18860,444,1548
18861,448,1654
18862,448,1843
18863,444,1971
18864,447,2028
18865,442,1978
18866,442,1897
18867,448,1762
18868,443,1613
18869,442,1493
18870,448,1553
18871,443,1655
18872,443,1843
18873,447,1972
18874,448,2030
18875,443,1977
18876,447,1895
18877,443,1756
18878,443,1612
18879,447,1493
18880,443,1550
18881,442,1657
18882,442,1844
18883,443,1972
18884,443,2035
18885,443,1978
18886,443,1894
18887,448,1759
18888,448,1613
18889,448,1493
18890,442,1543
18891,449,1637
18892,448,1827
18893,442,1957
18894,448,2028
18895,442,1983
18896,442,1907
18897,448,1769
18898,443,1627
18899,448,1497
18900,444,1543
18901,448,1635
18902,448,1861
18903,442,1975
18904,443,2035
18905,448,1976
18906,448,1893
18907,448,1757
18908,447,1611
18909,442,1495
18910,442,1553
18911,442,1657
18912,448,1848
18913,443,1973
18914,443,2034
18915,442,1977
18916,442,1892
18917,442,1757
18918,447,1608
18919,442,1495
18920,444,1553
18921,442,1660
18922,448,1848
18923,442,1975
18924,442,2031
18925,442,1977
18926,441,1891
18927,448,1756
18928,448,1607
18929,448,1493
18930,448,1553
18931,448,1661
18932,448,1849
18933,443,1974
18934,442,2031
18935,442,1976
18936,448,1889
18937,442,1755
18938,448,1607
18939,442,1494
18940,442,1555
18941,448,1660
18942,442,1849
18943,448,1975
18944,442,2031
18945,448,1976
18946,448,1887
18947,442,1755
18948,443,1607
18949,442,1491
18950,448,1555
18951,444,1664
18952,448,1851
18953,448,1975
18954,442,2035
18955,448,1977
18956,442,1885
18957,442,1755
18958,448,1607
18959,442,1492
18960,442,1555
18961,442,1663
18962,442,1851
18963,447,1976
18964,448,2031
18965,448,1975
18966,443,1885
18967,443,1755
18968,443,1606
18969,442,1493
18970,448,1554
18971,447,1669
18972,448,1852
18973,448,1976
18974,448,2029
18975,442,1977
18976,448,1885
18977,448,1753
18978,447,1605
18979,448,1493
18980,443,1557
18981,447,1671
18982,448,1854
18983,442,1977
18984,448,2035
18985,448,1975
18986,448,1883
18987,448,1752
18988,448,1599
18989,442,1495
18990,443,1547
18991,448,1646
18992,448,1834
18993,448,1965
18994,443,2030
18995,448,1979
18996,443,1897
18997,442,1763
18998,448,1618
18999,443,1493
19000,448,1561
19001,448,1645
19002,448,1874
19003,443,1979
19004,447,2031
19005,443,1974
19006,448,1881
19007,448,1749
19008,443,1599
19009,448,1491
19010,442,1557
19011,448,1674
19012,443,1861
19013,448,1977
19014,443,2031
19015,448,1975
19016,448,1881
19017,443,1751
19018,448,1596
19019,442,1494
19020,447,1557
19021,443,1677
19022,443,1862
19023,448,1977
19024,448,2031
19025,442,1973
19026,447,1880
19027,442,1749
19028,443,1597
19029,441,1493
19030,448,1558
19031,442,1677
19032,443,1862
19033,441,1979
19034,442,2025
19035,448,1973
19036,443,1895
19037,442,1757
19038,443,1611
19039,442,1491
19040,443,1549
19041,442,1655
19042,447,1839
19043,442,1971
19044,443,2030
19045,448,1977
19046,443,1893
19047,442,1757
19048,448,1581
19049,448,1492
19050,448,1559
19051,443,1684
19052,448,1865
19053,443,1980
19054,448,2031
19055,448,1974
19056,448,1877
19057,443,1749
19058,442,1595
19059,442,1494
19060,442,1559
19061,443,1682
19062,448,1865
19063,448,1979
19064,443,2031
19065,442,1973
19066,442,1875
19067,449,1747
19068,447,1594
19069,442,1493
19070,442,1559
19071,442,1685
19072,442,1866
19073,447,1981
19074,448,2031
19075,447,1973
19076,447,1877
19077,444,1743
19078,443,1593
19079,442,1494
19080,448,1559
19081,448,1685
19082,442,1868
19083,443,1981
19084,443,2031
19085,448,1973
19086,443,1875
19087,448,1747
19088,448,1592
19089,442,1495
19090,442,1559
19091,443,1687
19092,447,1868
19093,444,1981
19094,447,2031
19095,443,1971
19096,443,1875
19097,448,1743
19098,443,1592
19099,448,1493
19100,448,1561
19101,448,1688
19102,448,1869
19103,448,1981
19104,448,2029
19105,448,1972
19106,448,1874
19107,442,1741
19108,444,1591
19109,448,1493
19110,442,1560
19111,443,1689
19112,443,1869
19113,442,1993
19114,442,2027
19115,442,1971
19116,442,1869
19117,448,1741
19118,442,1589
19119,442,1493
19120,442,1560
19121,442,1691
19122,444,1871
19123,448,1983
19124,442,2029
19125,448,1968
19126,448,1869
19127,443,1739
19128,447,1587
19129,448,1494
19130,442,1560
19131,448,1693
19132,442,1875
19133,443,1983
19134,443,2026
19135,444,1971
19136,442,1884
19137,443,1751
19138,447,1599
19139,448,1492
19140,443,1555
19141,443,1671
19142,442,1850
19143,443,1975
19144,448,2029
19145,448,1973
19146,442,1883
19147,442,1735
19148,442,1583
19149,440,1493
19150,442,1563
19151,442,1694
19152,442,1875
19153,448,1983
19154,443,2029
19155,442,1967
19156,448,1868
19157,448,1739
19158,448,1587
19159,443,1495
19160,443,1563
19161,448,1693
19162,448,1876
19163,448,1988
19164,448,2027
19165,448,1968
19166,448,1866
19167,448,1739
19168,448,1587
19169,442,1495
19170,443,1562
19171,442,1694
19172,444,1875
19173,443,1983
19174,448,2028
19175,448,1967
19176,440,1865
19177,447,1737
19178,442,1583
19179,442,1494
19180,448,1561
19181,447,1696
19182,443,1877
19183,449,1989
19184,448,2026
19185,448,1967
19186,448,1865
19187,448,1737
19188,448,1581
19189,448,1495
19190,448,1561
19191,448,1699
19192,442,1876
19193,442,1989
19194,448,2025
19195,448,1967
19196,443,1865
19197,448,1736
19198,448,1582
19199,443,1495
19200,448,1565
19201,448,1705
19202,442,1877
19203,448,1990
19204,448,2027
19205,448,1967
19206,444,1862
19207,442,1735
19208,442,1580
19209,442,1496
19210,447,1563
19211,442,1701
19212,448,1881
19213,443,1991
19214,442,2027
19215,448,1965
19216,444,1861
19217,442,1734
19218,442,1581
19219,442,1496
19220,442,1565
19221,442,1706
19222,442,1880
19223,442,1991
19224,442,2029
19225,442,1967
19226,442,1862
19227,442,1734
19228,448,1581
19229,442,1495
19230,443,1564
19231,442,1705
19232,442,1882
19233,448,1991
19234,442,2027
19235,444,1979
19236,444,1875
19237,448,1741
19238,442,1592
19239,448,1492
19240,448,1559
19241,448,1685
19242,447,1863
19243,442,1979
19244,440,2027
19245,442,1971
19246,448,1871
19247,442,1723
19248,442,1575
19249,443,1496
19250,442,1565
19251,448,1709
19252,443,1885
19253,442,1992
19254,448,2025
19255,448,1965
19256,448,1855
19257,443,1727
19258,443,1579
19259,443,1493
19260,442,1565
19261,442,1710
19262,442,1883
19263,443,1993
19264,448,2027
19265,448,1965
19266,448,1861
19267,442,1726
19268,443,1578
19269,448,1495
19270,448,1566
19271,441,1710
19272,448,1884
19273,448,1994
19274,448,2025
19275,448,1965
19276,448,1853
19277,442,1725
19278,444,1577
19279,442,1495
19280,442,1567
19281,443,1715
19282,448,1884
19283,442,1993
19284,448,2025
19285,442,1964
19286,443,1851
19287,442,1723
19288,442,1575
19289,448,1496
19290,444,1567
19291,444,1717
19292,448,1886
19293,448,1993
19294,442,2025
19295,442,1963
19296,447,1851
19297,442,1724
19298,443,1576
19299,443,1495
19300,443,1567
19301,442,1716
19302,442,1887
19303,443,1993
19304,448,2024
19305,443,1961
19306,442,1851
19307,443,1723
19308,443,1572
19309,448,1497
19310,448,1567
19311,443,1719
19312,448,1889
19313,443,1995
19314,448,2025
19315,443,1963
19316,448,1849
19317,442,1723
19318,442,1573
19319,443,1497
19320,442,1569
19321,442,1721
19322,442,1891
19323,448,1995
19324,448,2025
19325,448,1962
19326,442,1848
19327,442,1722
19328,443,1575
19329,448,1496
19330,448,1567
19331,442,1721
19332,447,1891
19333,443,1995
19334,448,2023
19335,442,1961
19336,443,1865
19337,443,1736
19338,442,1579
19339,443,1493
19340,443,1563
19341,442,1699
19342,448,1875
19343,443,1988
19344,442,2025
19345,442,1965
19346,442,1863
19347,443,1715
19348,442,1565
19349,443,1497
19350,447,1571
19351,443,1724
19352,442,1892
19353,442,1996
19354,443,2023
19355,443,1961
19356,448,1844
19357,442,1719
19358,442,1567
19359,448,1497
19360,443,1567
19361,448,1723
19362,442,1894
19363,448,1995
19364,443,2023
19365,443,1961
19366,448,1845
19367,442,1719
19368,448,1567
19369,443,1498
19370,448,1571
19371,444,1727
19372,448,1892
19373,443,1996
19374,443,2024
19375,444,1959
19376,448,1845
19377,443,1719
19378,448,1567
19379,443,1497
19380,443,1571
19381,448,1727
19382,442,1895
19383,448,1997
19384,443,2023
19385,442,1959
19386,448,1845
19387,443,1717
19388,442,1565
19389,443,1501
19390,448,1562
19391,448,1703
19392,448,1879
19393,448,1983
19394,448,2025
19395,448,1961
19396,447,1855
19397,448,1725
19398,443,1577
19399,448,1495
19400,443,1564
19401,443,1707
19402,448,1909
19403,442,2001
19404,443,2021
19405,449,1961
19406,442,1839
19407,448,1715
19408,448,1563
19409,443,1501
19410,443,1573
19411,448,1737
19412,448,1899
19413,448,1997
19414,442,2021
19415,448,1959
19416,442,1837
19417,448,1715
19418,443,1563
19419,448,1501
19420,448,1573
19421,442,1737
19422,448,1899
19423,448,2003
19424,442,2021
19425,448,1957
19426,442,1835
19427,442,1713
19428,448,1561
19429,448,1500
19430,448,1575
19431,442,1739
19432,448,1900
19433,448,1999
19434,442,2021
19435,448,1959
19436,442,1836
19437,442,1715
19438,442,1561
19439,443,1501
19440,443,1575
19441,443,1741
19442,442,1899
19443,448,1997
19444,448,2020
19445,443,1957
19446,448,1833
19447,448,1711
19448,448,1560
19449,442,1499
19450,442,1573
19451,448,1739
19452,448,1900
19453,448,1999
19454,448,2018
19455,442,1957
19456,448,1833
19457,443,1711
19458,448,1559
19459,443,1501
19460,442,1575
19461,448,1742
19462,448,1903
19463,448,2003
19464,448,2019
19465,448,1956
19466,442,1832
19467,448,1707
19468,447,1559
19469,448,1501
19470,442,1577
19471,444,1741
19472,447,1903
19473,442,2003
19474,448,2019
19475,448,1957
19476,448,1832
19477,442,1710
19478,443,1559
19479,442,1507
19480,444,1577
19481,448,1747
19482,448,1907
19483,442,2004
19484,448,2015
19485,442,1957
19486,448,1832
19487,443,1707
19488,448,1557
19489,449,1509
19490,443,1565
19491,443,1721
19492,448,1887
19493,448,1991
19494,443,2021
19495,448,1959
19496,442,1846
19497,448,1719
19498,442,1567
19499,448,1495
19500,448,1581
19501,448,1739
19502,448,1912
19503,447,2005
19504,443,2015
19505,448,1957
19506,448,1829
19507,442,1709
19508,442,1557
19509,442,1503
19510,448,1577
19511,448,1747
19512,443,1907
19513,442,2003
19514,448,2019
19515,443,1958
19516,442,1829
19517,448,1707
19518,442,1555
19519,442,1503
19520,448,1578
19521,443,1751
19522,447,1907
19523,442,2003
19524,442,2019
19525,448,1951
19526,448,1827
19527,444,1705
19528,442,1555
19529,442,1506
19530,448,1577
19531,442,1751
19532,442,1911
19533,442,2007
19534,443,2003
19535,442,1955
19536,442,1843
19537,448,1717
19538,448,1563
19539,443,1497
19540,443,1567
19541,448,1726
19542,442,1892
19543,447,1995
19544,442,2021
19545,442,1959
19546,448,1839
19547,444,1688
19548,448,1547
19549,442,1511
19550,448,1581
19551,448,1757
19552,442,1911
19553,442,2006
19554,444,2012
19555,442,1954
19556,448,1823
19557,444,1704
19558,442,1551
19559,448,1509
19560,444,1579
19561,443,1757
19562,448,1911
19563,442,2006
19564,448,2013
19565,448,1951
19566,448,1823
19567,442,1703
19568,443,1551
19569,442,1509
19570,448,1581
19571,448,1757
19572,443,1912
19573,448,2008
19574,448,2013
19575,448,1950
19576,442,1823
19577,448,1701
19578,447,1550
19579,448,1511
19580,442,1581
19581,442,1759
19582,442,1913
19583,442,2009
19584,448,2013
19585,444,1955
19586,442,1823
19587,441,1699
19588,442,1547
19589,448,1511
19590,442,1581
19591,444,1762
19592,448,1913
19593,443,2008
19594,442,2009
19595,442,1951
19596,448,1820
19597,442,1695
19598,442,1547
19599,442,1509
19600,448,1583
19601,448,1763
19602,448,1913
19603,442,2008
19604,442,2010
19605,448,1951
19606,443,1820
19607,442,1699
19608,448,1545
19609,442,1513
19610,442,1581
19611,444,1765
19612,442,1913
19613,449,2021
19614,448,2009
19615,442,1948
19616,448,1819
19617,448,1695
19618,442,1545
19619,443,1511
19620,443,1583
19621,444,1767
19622,443,1915
19623,442,2011
19624,442,2007
19625,448,1948
19626,444,1816
19627,448,1693
19628,448,1545
19629,443,1512
19630,448,1583
19631,442,1767
19632,444,1916
19633,448,2009
19634,442,1998
19635,442,1955
19636,443,1830
19637,441,1708
19638,442,1557
19639,442,1501
19640,442,1573
19641,448,1745
19642,442,1903
19643,443,1999
19644,443,2013
19645,448,1956
19646,442,1831
19647,443,1683
19648,443,1533
19649,442,1513
19650,448,1583
19651,442,1768
19652,448,1915
19653,442,2010
19654,442,2008
19655,442,1949
19656,448,1815
19657,443,1691
19658,443,1543
19659,443,1513
19660,442,1583
19661,442,1771
19662,444,1915
19663,448,2009
19664,443,2011
19665,442,1949
19666,442,1815
19667,440,1691
19668,442,1544
19669,443,1514
19670,442,1587
19671,442,1771
19672,442,1919
19673,442,2010
19674,448,2010
19675,442,1949
19676,442,1813
19677,443,1689
19678,442,1543
19679,442,1516
19680,442,1589
19681,448,1773
19682,442,1919
19683,442,2011
19684,443,2009
19685,447,1948
19686,447,1813
19687,442,1689
19688,443,1533
19689,443,1515
19690,442,1589
19691,442,1775
19692,442,1919
19693,442,2012
19694,442,2008
19695,442,1947
19696,443,1812
19697,448,1687
19698,442,1533
19699,443,1515
19700,448,1589
19701,442,1775
19702,441,1925
19703,447,2013
19704,448,2008
19705,442,1947
19706,443,1813
19707,443,1685
19708,448,1533
19709,442,1517
19710,442,1591
19711,442,1779
19712,440,1925
19713,443,2013
19714,442,2007
19715,442,1947
19716,442,1810
19717,441,1685
19718,441,1531
19719,442,1517
19720,441,1591
19721,442,1775
19722,442,1926
19723,443,2013
19724,443,2006
19725,442,1945
19726,442,1807
19727,442,1682
19728,442,1531
19729,442,1518
19730,448,1589
19731,442,1779
19732,442,1927
19733,442,2015
19734,442,1999
19735,442,1949
19736,443,1837
19737,442,1701
19738,442,1547
19739,442,1509
19740,448,1577
19741,442,1757
19742,443,1911
19743,443,2005
19744,448,2011
19745,443,1949
19746,443,1819
19747,442,1673
19748,442,1529
19749,448,1519
19750,442,1592
19751,442,1783
19752,443,1928
19753,442,2013
19754,442,2005
19755,443,1944
19756,443,1805
19757,441,1679
19758,447,1529
19759,442,1523
19760,442,1593
19761,448,1781
19762,442,1929
19763,442,2014
19764,442,2005
19765,442,1943
19766,442,1803
19767,442,1676
19768,442,1528
19769,442,1519
19770,443,1593
19771,442,1785
19772,442,1928
19773,442,2019
19774,442,2003
19775,448,1942
19776,442,1804
19777,442,1677
19778,443,1527
19779,443,1519
19780,448,1595
19781,442,1787
19782,442,1928
19783,442,2017
19784,443,2005
19785,443,1941
19786,443,1804
19787,442,1673
19788,442,1527
19789,442,1518
19790,442,1597
19791,442,1785
19792,448,1931
19793,443,2018
19794,443,2004
19795,448,1941
19796,442,1801
19797,440,1673
19798,442,1527
19799,442,1523
19800,448,1605
19801,448,1790
19802,441,1931
19803,442,2015
19804,443,2003
19805,442,1939
19806,443,1802
19807,442,1673
19808,442,1525
19809,442,1523
19810,442,1597
19811,443,1788
19812,442,1930
19813,442,2019
19814,442,2003
19815,448,1939
19816,442,1801
19817,442,1672
19818,442,1524
19819,442,1523
19820,448,1595
19821,442,1789
19822,443,1933
19823,448,2019
19824,448,1999
19825,447,1939
19826,442,1800
19827,442,1669
19828,448,1524
19829,447,1520
19830,442,1599
19831,443,1791
19832,442,1934
19833,448,2019
19834,444,1992
19835,443,1943
19836,442,1811
19837,442,1688
19838,442,1541
19839,448,1515
19840,442,1581
19841,443,1771
19842,443,1919
19843,442,2008
19844,443,2005
19845,448,1945
19846,448,1813
19847,443,1655
19848,443,1523
19849,442,1523
19850,442,1599
19851,442,1797
19852,448,1933
19853,447,2021
19854,448,2002
19855,447,1937
19856,441,1799
19857,442,1661
19858,442,1519
19859,448,1525
19860,448,1599
19861,442,1798
19862,441,1933
19863,440,2021
19864,440,2001
19865,448,1935
19866,443,1799
19867,442,1660
19868,442,1523
19869,442,1526
19870,442,1605
19871,442,1799
19872,442,1934
19873,448,2020
19874,442,1999
19875,442,1934
19876,442,1791
19877,440,1658
19878,448,1519
19879,448,1527
19880,448,1599
19881,443,1800
19882,443,1934
19883,442,2023
19884,442,1997
19885,442,1934
19886,443,1791
19887,442,1659
19888,442,1517
19889,448,1531
19890,448,1589
19891,448,1779
19892,443,1919
19893,448,2013
19894,442,2003
19895,443,1941
19896,443,1804
19897,448,1679
19898,448,1529
19899,440,1517
19900,443,1589
19901,442,1771
19902,442,1945
19903,443,2020
19904,443,1997
19905,447,1931
19906,443,1788
19907,443,1656
19908,442,1517
19909,442,1527
19910,448,1608
19911,448,1802
19912,448,1940
19913,443,2023
19914,442,1998
19915,441,1931
19916,444,1789
19917,443,1657
19918,442,1517
19919,442,1527
19920,447,1611
19921,444,1803
19922,442,1939
19923,443,2023
19924,444,1997
19925,441,1940
19926,442,1811
19927,448,1683
19928,443,1513
19929,442,1515
19930,452,1607
19931,439,1787
19932,440,1913
19933,439,2003
19934,448,1996
19935,448,1939
19936,442,1779
19937,448,1675
19938,450,1523
19939,452,1507
19940,448,1604
19941,448,1775
19942,450,1928
19943,442,2037
19944,440,2004
19945,441,1931
19946,443,1803
19947,452,1663
19948,451,1517
19949,447,1525
19950,450,1595
19951,440,1799
19952,452,1933
19953,448,2026
19954,439,1983
19955,443,1941
19956,448,1776
19957,442,1645
19958,442,1512
19959,442,1532
19960,442,1613
19961,442,1811
19962,442,1943
19963,442,2025
19964,448,1994
19965,442,1929
19966,448,1785
19967,442,1647
19968,442,1512
19969,442,1530
19970,447,1615
19971,448,1810
19972,447,1942
19973,448,2023
19974,448,1994
19975,443,1927
19976,441,1784
19977,443,1647
19978,442,1512
19979,442,1529
19980,443,1619
19981,442,1811
19982,443,1945
19983,448,2024
19984,448,1993
19985,442,1928
19986,442,1784
19987,443,1646
19988,448,1511
19989,448,1541
19990,443,1597
19991,443,1789
19992,442,1931
19993,442,2018
19994,443,1998
19995,443,1939
19996,442,1797
19997,442,1663
19998,441,1520
19999,442,1524
20000,442,1639
20001,442,1791
20002,443,1957
20003,443,2026
20004,447,1992
20005,443,1926
20006,448,1783
20007,443,1643
20008,447,1509
20009,442,1531
20010,443,1621
20011,442,1815
20012,442,1945
20013,448,2026
20014,442,1993
20015,442,1926
20016,447,1781
20017,442,1644
20018,448,1509
20019,442,1532
20020,442,1623
20021,447,1815
20022,448,1949
20023,442,2027
20024,441,1991
20025,448,1920
20026,442,1781
20027,443,1642
20028,442,1509
20029,442,1531
20030,448,1623
20031,448,1816
20032,442,1948
20033,443,2027
20034,442,1980
20035,442,1919
20036,442,1791
20037,448,1656
20038,448,1515
20039,442,1525
20040,443,1604
20041,442,1801
20042,447,1933
20043,442,2021
20044,443,1995
20045,448,1931
20046,442,1787
20047,442,1725
20048,442,1498
20049,448,1541
20050,442,1627
20051,442,1820
20052,442,1951
20053,448,2027
20054,447,1991
20055,448,1915
20056,442,1775
20057,442,1638
20058,448,1507
20059,449,1533
20060,443,1625
20061,448,1817
20062,448,1951
20063,448,2027
20064,442,1991
20065,442,1917
20066,442,1780
20067,448,1639
20068,448,1507
20069,442,1542
20070,442,1627
20071,443,1821
20072,442,1955
20073,448,2028
20074,448,1991
20075,442,1916
20076,447,1776
20077,442,1636
20078,443,1507
20079,442,1541
20080,442,1626
20081,442,1821
20082,442,1955
20083,448,2029
20084,442,1990
20085,448,1915
20086,442,1774
20087,443,1636
20088,442,1507
20089,448,1543
20090,448,1629
20091,447,1821
20092,443,1955
20093,442,2029
20094,442,1988
20095,448,1915
20096,442,1773
20097,442,1635
20098,443,1505
20099,448,1543
20100,448,1631
20101,448,1821
20102,443,1957
20103,444,2029
20104,448,1983
20105,442,1913
20106,448,1773
20107,448,1635
20108,448,1501
20109,448,1541
20110,443,1633
20111,442,1823
20112,442,1957
20113,447,2035
20114,448,1983
20115,442,1911
20116,448,1771
20117,448,1630
20118,448,1500
20119,444,1543
20120,447,1635
20121,448,1823
20122,443,1959
20123,448,2029
20124,442,1983
20125,442,1910
20126,442,1771
20127,448,1628
20128,443,1499
20129,448,1543
20130,443,1636
20131,448,1828
20132,448,1959
20133,448,2029
20134,444,1982
20135,443,1911
20136,448,1783
20137,444,1645
20138,443,1511
20139,442,1529
20140,443,1614
20141,448,1810
20142,442,1939
20143,443,2023
20144,444,1992
20145,448,1919
20146,448,1781
20147,442,1621
20148,443,1497
20149,448,1544
20150,442,1637
20151,442,1829
20152,442,1959
20153,448,2030
20154,443,1983
20155,442,1909
20156,448,1769
20157,443,1627
20158,448,1498
20159,448,1544
20160,448,1639
20161,443,1831
20162,442,1961
20163,442,2031
20164,448,1984
20165,448,1908
20166,442,1769
20167,448,1627
20168,448,1498
20169,450,1545
20170,442,1638
20171,443,1831
20172,448,1960
20173,448,2031
20174,443,1983
20175,443,1907
20176,448,1769
20177,448,1627
20178,448,1499
20179,442,1545
20180,442,1641
20181,449,1832
20182,448,1961
20183,448,2030
20184,444,1983
20185,442,1907
20186,448,1769
20187,448,1625
20188,442,1499
20189,448,1545
20190,448,1641
20191,443,1832
20192,448,1961
20193,448,2031
20194,444,1982
20195,448,1903
20196,448,1767
20197,448,1624
20198,443,1495
20199,443,1545
20200,448,1653
20201,443,1836
20202,443,1963
20203,442,2031
20204,448,1981
20205,448,1902
20206,448,1766
20207,448,1621
20208,444,1496
20209,448,1547
20210,442,1643
20211,448,1835
20212,443,1963
20213,448,2031
20214,443,1981
20215,448,1901
20216,448,1766
20217,443,1623
20218,448,1495
20219,448,1547
20220,443,1644
20221,448,1835
20222,442,1964
20223,442,2030
20224,448,1980
20225,442,1901
20226,448,1765
20227,448,1623
20228,442,1497
20229,443,1545
20230,443,1645
20231,448,1833
20232,443,1965
20233,442,2032
20234,443,1981
20235,442,1901
20236,443,1775
20237,443,1635
20238,448,1501
20239,448,1531
20240,443,1625
20241,442,1821
20242,442,1949
20243,443,2027
20244,449,1983
20245,442,1913
20246,442,1773
20247,443,1610
20248,443,1494
20249,443,1551
20250,443,1653
20251,442,1839
20252,442,1966
20253,442,2031
20254,448,1979
20255,442,1897
20256,442,1764
20257,448,1619
20258,448,1495
20259,442,1549
20260,443,1651
20261,448,1839
20262,448,1968
20263,448,2035
20264,448,1980
20265,448,1897
20266,448,1763
20267,448,1615
20268,444,1495
20269,442,1549
20270,443,1653
20271,442,1840
20272,442,1971
20273,443,2035
20274,442,1979
20275,442,1898
20276,442,1763
20277,442,1615
20278,442,1496
20279,442,1551
20280,443,1653
20281,448,1839
20282,443,1971
20283,448,2031
20284,449,1979
20285,442,1895
20286,448,1761
20287,444,1611
20288,442,1494
20289,448,1549
20290,448,1653
20291,448,1843
20292,448,1971
20293,443,2030
20294,442,1978
20295,444,1895
20296,448,1759
20297,448,1613
20298,443,1494
20299,448,1549
20300,442,1655
20301,442,1845
20302,448,1972
20303,443,2035
20304,448,1978
20305,448,1893
20306,443,1758
20307,448,1612
20308,442,1493
20309,448,1550
20310,448,1656
20311,442,1846
20312,443,1973
20313,442,2035
20314,443,1977
20315,442,1894
20316,448,1756
20317,448,1609
20318,448,1494
20319,443,1549
20320,442,1657
20321,448,1847
20322,442,1973
20323,443,2035
20324,447,1978
20325,442,1893
20326,443,1758
20327,448,1611
20328,443,1493
20329,448,1553
20330,442,1659
20331,442,1847
20332,442,1974
20333,442,2035
20334,442,1977
20335,442,1893
20336,443,1768
20337,442,1623
20338,443,1496
20339,448,1543
20340,443,1639
20341,442,1829
20342,442,1959
20343,442,2029
20344,448,1981
20345,442,1903
20346,448,1767
20347,442,1604
20348,447,1493
20349,442,1555
20350,442,1663
20351,443,1849
20352,448,1975
20353,442,2031
20354,442,1977
20355,444,1887
20356,443,1755
20357,448,1607
20358,443,1493
20359,448,1555
20360,443,1663
20361,447,1850
20362,448,1975
20363,442,2035
20364,443,1977
20365,442,1891
20366,448,1755
20367,442,1604
20368,448,1493
20369,448,1553
20370,448,1663
20371,448,1851
20372,443,1975
20373,442,2032
20374,448,1976
20375,442,1887
20376,443,1755
20377,442,1606
20378,442,1493
20379,443,1555
20380,442,1664
20381,443,1851
20382,442,1975
20383,443,2031
20384,442,1975
20385,444,1885
20386,442,1752
20387,448,1605
20388,448,1494
20389,443,1558
20390,442,1643
20391,442,1833
20392,448,1963
20393,448,2030
20394,444,1977
20395,442,1897
20396,447,1763
20397,443,1615
20398,443,1493
20399,442,1545
20400,448,1644
20401,442,1836
20402,448,1981
20403,448,2031
20404,442,1974
20405,443,1883
20406,442,1751
20407,442,1604
20408,443,1493
20409,448,1556
20410,443,1675
20411,444,1854
20412,448,1977
20413,448,2031
20414,442,1975
20415,442,1884
20416,442,1751
20417,442,1599
20418,442,1494
20419,442,1557
20420,448,1676
20421,442,1853
20422,447,1978
20423,448,2031
20424,448,1974
20425,448,1881
20426,443,1749
20427,443,1599
20428,442,1495
20429,443,1557
20430,442,1677
20431,442,1861
20432,448,1979
20433,448,2030
20434,448,1974
20435,448,1882
20436,448,1751
20437,448,1597
20438,442,1491
20439,448,1559
20440,448,1677
20441,443,1861
20442,442,1979
20443,448,2031
20444,443,1973
20445,442,1881
20446,447,1749
20447,447,1597
20448,443,1494
20449,448,1558
20450,448,1679
20451,448,1861
20452,442,1980
20453,442,2031
20454,448,1975
20455,442,1880
20456,442,1747
20457,443,1596
20458,443,1493
20459,448,1559
20460,443,1679
20461,442,1863
20462,442,1981
20463,442,2031
20464,448,1973
20465,448,1879
20466,442,1747
20467,448,1593
20468,448,1493
20469,442,1557
20470,448,1684
20471,448,1864
20472,443,1981
20473,442,2031
20474,440,1971
20475,442,1877
20476,441,1747
20477,447,1594
20478,441,1493
20479,447,1557
20480,448,1685
20481,442,1865
20482,443,1979
20483,448,2029
20484,443,1972
20485,448,1875
20486,442,1743
20487,448,1595
20488,443,1495
20489,448,1561
20490,442,1655
20491,448,1846
20492,443,1973
20493,443,2031
20494,448,1976
20495,442,1891
20496,443,1755
20497,442,1607
20498,442,1493
20499,443,1551
20500,447,1704
20501,442,1855
20502,442,1990
20503,443,2030
20504,442,1972
20505,442,1876
20506,448,1743
20507,442,1594
20508,448,1493
20509,442,1559
20510,444,1687
20511,443,1867
20512,443,1981
20513,442,2029
20514,444,1971
20515,443,1876
20516,447,1742
20517,442,1593
20518,442,1493
20519,443,1559
20520,448,1689
20521,442,1867
20522,448,1983
20523,442,2029
20524,443,1967
20525,443,1873
20526,448,1741
20527,442,1593
20528,442,1495
20529,444,1561
20530,442,1691
20531,442,1867
20532,448,1982
20533,448,2029
20534,442,1961
20535,442,1877
20536,448,1753
20537,448,1599
20538,448,1491
20539,442,1555
20540,448,1663
20541,442,1849
20542,443,1974
20543,443,2029
20544,448,1973
20545,442,1883
20546,442,1750
20547,443,1576
20548,448,1495
20549,442,1561
20550,442,1695
20551,447,1875
20552,443,1989
20553,447,2027
20554,447,1967
20555,442,1869
20556,448,1738
20557,442,1587
20558,444,1493
20559,442,1560
20560,442,1695
20561,448,1875
20562,442,1983
20563,443,2029
20564,448,1967
20565,442,1867
20566,448,1738
20567,442,1587
20568,442,1495
20569,443,1563
20570,443,1695
20571,442,1875
20572,443,1989
20573,442,2029
20574,443,1968
20575,442,1868
20576,448,1739
20577,448,1583
20578,447,1495
20579,448,1563
20580,443,1695
20581,448,1876
20582,442,1989
20583,443,2028
20584,442,1966
20585,442,1867
20586,448,1735
20587,448,1583
20588,442,1495
20589,442,1563
20590,442,1700
20591,448,1877
20592,443,1989
20593,448,2027
20594,443,1967
20595,448,1864
20596,443,1736
20597,443,1582
20598,448,1493
20599,448,1563
20600,448,1708
20601,443,1877
20602,448,1990
20603,448,2029
20604,448,1966
20605,448,1865
20606,443,1736
20607,448,1581
20608,447,1495
20609,442,1561
20610,443,1702
20611,448,1879
20612,447,1990
20613,442,2019
20614,442,1964
20615,442,1863
20616,448,1735
20617,443,1581
20618,442,1495
20619,447,1563
20620,442,1703
20621,448,1879
20622,442,1991
20623,448,2025
20624,448,1965
20625,450,1861
20626,442,1733
20627,448,1580
20628,442,1496
20629,442,1565
20630,443,1705
20631,447,1880
20632,442,1991
20633,442,2025
20634,449,1957
20635,448,1876
20636,443,1741
20637,448,1593
20638,443,1491
20639,441,1556
20640,443,1677
20641,448,1863
20642,448,1979
20643,442,2027
20644,442,1971
20645,442,1875
20646,448,1743
20647,442,1575
20648,442,1495
20649,442,1565
20650,448,1707
20651,448,1883
20652,448,1991
20653,448,2025
20654,443,1964
20655,448,1860
20656,448,1728
20657,447,1579
20658,447,1493
20659,442,1564
20660,443,1708
20661,447,1881
20662,442,1991
20663,448,2027
20664,448,1965
20665,443,1854
20666,448,1734
20667,442,1577
20668,447,1496
20669,448,1564
20670,448,1709
20671,448,1883
20672,442,1991
20673,447,2027
20674,448,1965
20675,448,1854
20676,448,1727
20677,447,1576
20678,448,1496
20679,447,1565
20680,442,1711
20681,447,1883
20682,442,1993
20683,443,2026
20684,443,1965
20685,443,1853
20686,447,1725
20687,443,1574
20688,442,1496
20689,442,1566
20690,442,1711
20691,442,1885
20692,442,1993
20693,447,2025
20694,448,1964
20695,443,1852
20696,442,1725
20697,443,1576
20698,448,1497
20699,442,1566
20700,443,1715
20701,448,1886
20702,443,1993
20703,447,2024
20704,442,1963
20705,443,1851
20706,440,1724
20707,448,1575
20708,442,1497
20709,448,1565
20710,443,1717
20711,448,1885
20712,448,1995
20713,448,2025
20714,448,1964
20715,448,1850
20716,448,1724
20717,448,1573
20718,443,1497
20719,442,1567
20720,442,1717
20721,443,1887
20722,448,1995
20723,442,2026
20724,442,1963
20725,447,1850
20726,443,1724
20727,448,1573
20728,448,1497
20729,443,1565
20730,443,1718
20731,443,1891
20732,448,1995
20733,448,2024
20734,442,1957
20735,450,1863
20736,442,1736
20737,443,1584
20738,442,1493
20739,443,1561
20740,447,1693
20741,442,1875
20742,442,1983
20743,442,2025
20744,448,1965
20745,442,1876
20746,448,1737
20747,443,1565
20748,443,1497
20749,441,1571
20750,443,1722
20751,443,1893
20752,448,1995
20753,442,2024
20754,443,1961
20755,448,1847
20756,447,1721
20757,442,1571
20758,448,1498
20759,448,1571
20760,442,1723
20761,448,1893
20762,442,1995
20763,448,2023
20764,448,1960
20765,443,1845
20766,448,1720
20767,448,1570
20768,442,1497
20769,442,1571
20770,448,1725
20771,443,1894
20772,442,1995
20773,440,2023
20774,443,1960
20775,443,1845
20776,448,1719
20777,448,1565
20778,448,1497
20779,448,1567
20780,442,1726
20781,448,1894
20782,448,1995
20783,443,2024
20784,443,1961
20785,442,1844
20786,443,1719
20787,448,1566
20788,442,1497
20789,448,1572
20790,447,1727
20791,442,1896
20792,448,1996
20793,443,2023
20794,442,1959
20795,448,1843
20796,442,1719
20797,442,1565
20798,442,1499
20799,442,1572
20800,443,1737
20801,443,1897
20802,448,1997
20803,443,2023
20804,443,1960
20805,442,1839
20806,443,1717
20807,448,1564
20808,442,1499
20809,442,1572
20810,442,1733
20811,448,1897
20812,443,1997
20813,448,2023
20814,448,1960
20815,441,1838
20816,443,1717
20817,448,1565
20818,443,1500
20819,448,1574
20820,442,1737
20821,448,1899
20822,447,1998
20823,443,2020
20824,442,1959
20825,448,1838
20826,448,1716
20827,443,1564
20828,448,1499
20829,442,1574
20830,448,1737
20831,443,1897
20832,448,1999
20833,448,2022
20834,442,1951
20835,448,1851
20836,448,1724
20837,443,1576
20838,442,1495
20839,448,1565
20840,448,1707
20841,443,1884
20842,443,1992
20843,444,2023
20844,443,1963
20845,448,1849
20846,442,1724
20847,442,1556
20848,443,1501
20849,448,1575
20850,448,1739
20851,448,1903
20852,441,2003
20853,442,2022
20854,444,1958
20855,448,1835
20856,442,1711
20857,442,1560
20858,443,1501
20859,442,1575
20860,447,1741
20861,448,1901
20862,442,2001
20863,442,2021
20864,442,1958
20865,441,1833
20866,442,1711
20867,447,1559
20868,442,1502
20869,443,1574
20870,443,1743
20871,448,1899
20872,448,2001
20873,448,2019
20874,447,1959
20875,448,1833
20876,443,1711
20877,442,1560
20878,442,1501
20879,442,1575
20880,448,1745
20881,448,1901
20882,448,2003
20883,448,2019
20884,442,1957
20885,448,1831
20886,443,1709
20887,443,1559
20888,443,1503
20889,442,1579
20890,442,1717
20891,442,1889
20892,443,1993
20893,444,2022
20894,443,1960
20895,448,1847
20896,443,1718
20897,448,1568
20898,442,1496
20899,442,1565
20900,448,1719
20901,448,1887
20902,442,2008
20903,442,2015
20904,442,1956
20905,448,1831
20906,442,1707
20907,448,1559
20908,442,1506
20909,448,1575
20910,443,1751
20911,442,1903
20912,448,2004
20913,442,2018
20914,442,1957
20915,443,1831
20916,443,1706
20917,442,1557
20918,448,1507
20919,443,1577
20920,442,1752
20921,447,1907
20922,444,2005
20923,448,2018
20924,442,1955
20925,448,1829
20926,442,1707
20927,442,1556
20928,442,1507
20929,448,1576
20930,448,1753
20931,448,1907
20932,443,2005
20933,448,2014
20934,448,1954
20935,448,1828
20936,442,1705
20937,443,1556
20938,442,1507
20939,443,1578
20940,442,1752
20941,448,1907
20942,448,2004
20943,443,2013
20944,448,1955
20945,443,1827
20946,444,1704
20947,443,1553
20948,448,1508
20949,448,1579
20950,442,1755
20951,448,1908
20952,448,2005
20953,448,2013
20954,448,1955
20955,448,1823
20956,448,1703
20957,448,1553
20958,443,1508
20959,448,1577
20960,448,1757
20961,448,1909
20962,448,2005
20963,448,2013
20964,448,1951
20965,444,1823
20966,448,1702
20967,448,1549
20968,448,1509
20969,443,1578
20970,447,1757
20971,443,1909
20972,448,2007
20973,449,2012
20974,448,1951
20975,448,1823
20976,442,1700
20977,448,1549
20978,442,1510
20979,444,1579
20980,448,1759
20981,448,1911
20982,442,2007
20983,447,2013
20984,443,1950
20985,443,1823
20986,442,1699
20987,448,1549
20988,448,1511
20989,443,1587
20990,444,1735
20991,449,1897
20992,443,1996
20993,441,2019
20994,448,1955
20995,442,1835
20996,448,1710
20997,448,1561
20998,448,1498
20999,442,1572
21000,448,1783
21001,444,1897
21002,443,2013
21003,449,2009
21004,448,1951
21005,448,1820
21006,443,1695
21007,443,1547
21008,443,1513
21009,442,1581
21010,443,1764
21011,448,1914
21012,442,2009
21013,448,2011
21014,442,1949
21015,448,1817
21016,449,1694
21017,448,1547
21018,448,1510
21019,442,1582
21020,448,1767
21021,442,1915
21022,448,2008
21023,448,2011
21024,448,1949
21025,442,1817
21026,448,1695
21027,448,1547
21028,448,1512
21029,448,1581
21030,448,1765
21031,442,1915
21032,442,2009
21033,443,2010
21034,443,1933
21035,448,1816
21036,448,1708
21037,442,1557
21038,448,1501
21039,448,1574
21040,449,1742
21041,443,1901
21042,443,1997
21043,442,2015
21044,442,1951
21045,448,1831
21046,442,1707
21047,449,1557
21048,442,1523
21049,450,1587
21050,444,1771
21051,448,1915
21052,448,2011
21053,449,2009
21054,448,1948
21055,443,1816
21056,442,1690
21057,448,1544
21058,444,1513
21059,448,1585
21060,443,1769
21061,448,1916
21062,448,2009
21063,444,2009
21064,442,1946
21065,443,1813
21066,448,1689
21067,442,1541
21068,442,1514
21069,442,1583
21070,448,1771
21071,442,1917
21072,448,2011
21073,448,2008
21074,448,1946
21075,448,1815
21076,448,1689
21077,443,1541
21078,448,1515
21079,448,1584
21080,443,1773
21081,443,1917
21082,442,2011
21083,448,2007
21084,448,1946
21085,448,1812
21086,449,1687
21087,448,1534
21088,448,1515
21089,448,1587
21090,448,1773
21091,443,1919
21092,448,2011
21093,448,2008
21094,448,1947
21095,448,1811
21096,442,1685
21097,448,1533
21098,448,1517
21099,448,1589
21100,448,1775
21101,449,1920
21102,442,2011
21103,448,2009
21104,448,1945
21105,442,1811
21106,443,1685
21107,442,1532
21108,448,1517
21109,443,1589
21110,443,1776
21111,447,1919
21112,442,2012
21113,444,1995
21114,444,1943
21115,447,1807
21116,442,1683
21117,442,1531
21118,448,1517
21119,448,1588
21120,448,1779
21121,448,1926
21122,442,2014
21123,442,2007
21124,444,1944
21125,442,1807
21126,448,1683
21127,442,1531
21128,448,1518
21129,442,1591
21130,443,1780
21131,449,1925
21132,442,2013
21133,447,2006
21134,444,1943
21135,448,1811
21136,443,1701
21137,442,1549
21138,448,1509
21139,443,1578
21140,442,1756
21141,448,1909
21142,443,2005
21143,448,2011
21144,444,1949
21145,443,1819
21146,442,1698
21147,443,1525
21148,448,1520
21149,444,1593
21150,443,1783
21151,442,1927
21152,448,2014
21153,448,2005
21154,442,1942
21155,442,1804
21156,443,1679
21157,448,1529
21158,448,1519
21159,442,1593
21160,448,1783
21161,448,1927
21162,448,2013
21163,448,2005
21164,448,1941
21165,448,1803
21166,442,1677
21167,448,1529
21168,448,1519
21169,442,1592
21170,443,1783
21171,444,1927
21172,448,2015
21173,442,2003
21174,448,1942
21175,448,1804
21176,448,1675
21177,447,1527
21178,442,1519
21179,448,1592
21180,442,1784
21181,449,1928
21182,448,2018
21183,448,2004
21184,440,1941
21185,443,1805
21186,448,1675
21187,447,1528
21188,441,1519
21189,448,1593
21190,442,1786
21191,443,1929
21192,443,2018
21193,442,2003
21194,448,1941
21195,443,1802
21196,442,1675
21197,448,1528
21198,448,1524
21199,444,1595
21200,448,1799
21201,443,1931
21202,444,2019
21203,448,2005
21204,448,1941
21205,448,1803
21206,442,1672
21207,444,1529
21208,448,1523
21209,448,1594
21210,444,1788
21211,448,1931
21212,448,2015
21213,442,2003
21214,442,1941
21215,442,1800
21216,448,1671
21217,448,1525
21218,442,1523
21219,448,1597
21220,447,1789
21221,448,1931
21222,448,2019
21223,443,2003
21224,444,1939
21225,442,1799
21226,443,1669
21227,442,1523
21228,448,1523
21229,448,1597
21230,442,1791
21231,448,1932
21232,444,2019
21233,443,2003
21234,443,1935
21235,442,1799
21236,443,1688
21237,448,1533
21238,443,1513
21239,448,1582
21240,450,1770
21241,448,1916
21242,448,2007
21243,448,2006
21244,449,1944
21245,442,1812
21246,448,1686
21247,448,1515
21248,443,1525
21249,448,1605
21250,448,1799
21251,448,1933
21252,443,2019
21253,448,1999
21254,443,1935
21255,448,1791
21256,442,1663
21257,448,1520
21258,442,1525
21259,443,1599
21260,448,1797
21261,443,1933
21262,448,2020
21263,448,1997
21264,448,1935
21265,449,1791
21266,448,1662
21267,448,1519
21268,448,1523
21269,448,1599
21270,448,1792
21271,448,1937
21272,448,2019
21273,442,1997
21274,448,1935
21275,448,1791
21276,444,1660
21277,448,1519
21278,447,1524
21279,448,1605
21280,448,1797
21281,447,1935
21282,448,2020
21283,448,1997
21284,442,1933
21285,448,1789
21286,448,1659
21287,448,1518
21288,448,1527
21289,443,1605
21290,442,1800
21291,443,1940
21292,448,2021
21293,448,1998
21294,448,1934
21295,448,1789
21296,444,1658
21297,448,1518
21298,448,1525
21299,448,1607
21300,442,1802
21301,442,1939
21302,448,2022
21303,442,1995
21304,448,1933
21305,448,1788
21306,448,1657
21307,447,1517
21308,448,1527
21309,448,1607
21310,448,1802
21311,448,1938
21312,448,2021
21313,448,1997
21314,444,1931
21315,448,1789
21316,448,1657
21317,444,1515
21318,443,1527
21319,442,1608
21320,448,1803
21321,447,1939
21322,448,2023
21323,448,1996
21324,448,1931
21325,442,1787
21326,442,1655
21327,448,1515
21328,442,1527
21329,448,1610
21330,442,1803
21331,442,1939
21332,448,2023
21333,448,1995
21334,448,1928
21335,443,1789
21336,443,1675
21337,448,1527
21338,447,1517
21339,448,1591
21340,452,1785
21341,448,1928
21342,448,2011
21343,442,2002
21344,449,1939
21345,443,1801
21346,448,1673
21347,442,1507
21348,448,1529
21349,448,1613
21350,448,1807
21351,442,1942
21352,448,2022
21353,450,1995
21354,448,1929
21355,442,1785
21356,448,1654
21357,448,1513
21358,448,1527
21359,442,1611
21360,442,1809
21361,449,1942
21362,447,2023
21363,448,1996
21364,448,1929
21365,448,1785
21366,443,1653
21367,448,1514
21368,448,1528
21369,447,1613
21370,448,1807
21371,448,1940
21372,448,2023
21373,448,1995
21374,447,1929
21375,448,1784
21376,447,1648
21377,447,1513
21378,447,1531
21379,448,1613
21380,448,1810
21381,448,1943
21382,442,2024
21383,443,1995
21384,448,1929
21385,448,1784
21386,448,1647
21387,442,1512
21388,448,1531
21389,448,1623
21390,447,1789
21391,448,1931
21392,442,2015
21393,448,1997
21394,448,1935
21395,448,1791
21396,443,1670
21397,443,1523
21398,448,1523
21399,448,1593
21400,443,1789
21401,444,1931
21402,448,2028
21403,443,1992
21404,442,1919
21405,448,1783
21406,448,1644
21407,448,1509
21408,448,1533
21409,444,1619
21410,442,1813
21411,442,1946
21412,448,2027
21413,442,1991
21414,443,1925
21415,447,1781
21416,448,1644
21417,442,1510
21418,447,1532
21419,443,1621
21420,448,1814
21421,443,1946
21422,448,2027
21423,441,1992
21424,448,1919
21425,447,1783
21426,448,1641
21427,443,1509
21428,443,1531
21429,444,1621
21430,448,1815
21431,442,1947
21432,447,2028
21433,448,1991
21434,447,1919
21435,448,1780
21436,443,1643
21437,442,1509
21438,442,1531
21439,448,1621
21440,443,1815
21441,442,1947
21442,444,2026
21443,448,1992
21444,442,1918
21445,442,1781
21446,448,1639
21447,448,1507
21448,442,1532
21449,448,1621
21450,442,1816
21451,448,1950
21452,448,2025
21453,442,1991
21454,442,1917
21455,442,1779
21456,442,1641
21457,447,1507
21458,442,1533
21459,442,1623
21460,443,1817
21461,443,1949
21462,448,2027
21463,442,1992
21464,442,1916
21465,442,1779
21466,448,1640
21467,442,1508
21468,442,1533
21469,447,1626
21470,442,1818
21471,448,1948
21472,443,2027
21473,448,1990
21474,448,1916
21475,448,1775
21476,442,1639
21477,444,1506
21478,448,1542
21479,443,1625
21480,447,1821
21481,448,1951
21482,448,2026
21483,441,1991
21484,444,1915
21485,442,1777
21486,443,1637
21487,448,1505
21488,448,1541
21489,448,1637
21490,442,1801
21491,443,1935
21492,442,2021
21493,443,1995
21494,443,1929
21495,448,1787
21496,443,1654
21497,442,1513
21498,448,1525
21499,443,1607
21500,442,1833
21501,444,1947
21502,443,2031
21503,443,1989
21504,448,1912
21505,442,1775
21506,448,1635
21507,448,1505
21508,448,1543
21509,443,1625
21510,443,1822
21511,443,1950
21512,444,2029
21513,442,1990
21514,448,1912
21515,443,1775
21516,448,1635
21517,448,1503
21518,442,1543
21519,442,1626
21520,442,1821
21521,448,1951
21522,442,2029
21523,448,1989
21524,442,1911
21525,443,1773
21526,448,1635
21527,442,1505
21528,448,1543
21529,444,1627
21530,448,1823
21531,443,1951
21532,443,2029
21533,443,1989
21534,443,1897
21535,442,1775
21536,442,1651
21537,442,1512
21538,443,1528
21539,448,1609
21540,442,1807
21541,448,1941
21542,448,2021
21543,442,1993
21544,443,1925
21545,448,1783
21546,443,1645
21547,442,1493
21548,447,1549
21549,442,1611
21550,442,1810
21551,448,1939
21552,443,2023
21553,444,1993
21554,442,1927
21555,443,1782
21556,443,1645
21557,443,1512
21558,442,1529
21559,442,1615
21560,448,1806
21561,448,1972
21562,443,2031
21563,442,1989
21564,448,1908
21565,442,1787
21566,442,1641
21567,440,1508
21568,449,1523
21569,441,1613
21570,440,1811
21571,443,1949
21572,443,2039
21573,442,1991
21574,442,1933
21575,447,1783
21576,449,1647
21577,448,1515
21578,440,1519
21579,453,1609
21580,442,1817
21581,440,1947
21582,448,2014
21583,442,1992
21584,448,1915
21585,448,1773
21586,451,1627
21587,450,1500
21588,442,1529
21589,448,1626
21590,449,1813
21591,448,1949
21592,440,2029
21593,440,1997
21594,448,1902
21595,443,1763
21596,449,1623
21597,443,1494
21598,443,1544
21599,442,1641
21600,442,1837
21601,442,1965
21602,440,2031
21603,442,1983
21604,442,1907
21605,448,1768
21606,443,1623
21607,443,1497
21608,442,1545
21609,442,1641
21610,442,1832
21611,444,1963
21612,442,2031
21613,448,1976
21614,443,1901
21615,447,1767
21616,448,1623
21617,447,1495
21618,442,1547
21619,442,1641
21620,448,1835
21621,442,1963
21622,441,2031
21623,440,1981
21624,444,1902
21625,443,1767
21626,442,1623
21627,448,1497
21628,442,1547
21629,448,1645
21630,442,1835
21631,443,1963
21632,441,2032
21633,442,1982
21634,448,1900
21635,447,1767
21636,444,1621
21637,448,1495
21638,449,1548
21639,448,1644
21640,448,1836
21641,448,1966
21642,443,2031
21643,448,1980
21644,448,1899
21645,442,1767
21646,443,1619
21647,448,1495
21648,442,1550
21649,443,1623
21650,447,1819
21651,443,1949
21652,443,2025
21653,443,1989
21654,448,1913
21655,442,1773
21656,443,1635
21657,443,1501
21658,442,1532
21659,448,1625
21660,442,1819
21661,443,1970
21662,443,2031
21663,444,1981
21664,442,1899
21665,442,1765
21666,442,1621
21667,443,1494
21668,442,1548
21669,442,1647
21670,443,1838
21671,443,1967
21672,442,2031
21673,442,1979
21674,448,1900
21675,442,1764
21676,442,1621
21677,443,1495
21678,442,1547
21679,448,1651
21680,442,1838
21681,448,1967
21682,442,2031
21683,442,1979
21684,441,1899
21685,442,1763
21686,441,1619
21687,442,1495
21688,442,1548
21689,448,1651
21690,443,1837
21691,443,1967
21692,442,2031
21693,442,1979
21694,443,1897
21695,448,1763
21696,447,1617
21697,443,1495
21698,443,1548
21699,448,1651
21700,442,1839
21701,448,1971
21702,442,2031
21703,448,1979
21704,443,1899
21705,442,1763
21706,448,1613
21707,442,1493
21708,448,1549
21709,448,1655
21710,448,1839
21711,443,1967
21712,448,2031
21713,443,1980
21714,448,1898
21715,448,1759
21716,442,1614
21717,444,1494
21718,443,1551
21719,441,1655
21720,443,1843
21721,442,1973
21722,448,2036
21723,442,1979
21724,444,1895
21725,448,1759
21726,442,1613
21727,442,1494
21728,442,1549
21729,441,1656
21730,442,1845
21731,442,1973
21732,443,2035
21733,442,1979
21734,442,1895
21735,442,1759
21736,444,1612
21737,448,1494
21738,442,1553
21739,442,1656
21740,448,1844
21741,448,1973
21742,442,2032
21743,444,1977
21744,448,1895
21745,443,1757
21746,443,1611
21747,443,1493
21748,448,1557
21749,443,1635
21750,442,1828
21751,442,1959
21752,443,2027
21753,442,1981
21754,442,1903
21755,444,1769
21756,442,1625
21757,442,1497
21758,442,1542
21759,443,1638
21760,443,1829
21761,440,1976
21762,448,2034
21763,442,1977
21764,443,1893
21765,448,1757
21766,442,1609
21767,448,1493
21768,442,1553
21769,443,1659
21770,442,1846
21771,441,1975
21772,442,2031
21773,448,1977
21774,447,1892
21775,448,1754
21776,448,1609
21777,443,1494
21778,448,1550
21779,448,1660
21780,442,1847
21781,448,1975
21782,448,2035
21783,448,1977
21784,442,1892
21785,442,1753
21786,447,1609
21787,448,1493
21788,442,1553
21789,442,1663
21790,447,1848
21791,448,1975
21792,443,2035
21793,442,1977
21794,444,1891
21795,448,1755
21796,447,1609
21797,440,1493
21798,443,1555
21799,442,1663
21800,442,1855
21801,442,1977
21802,443,2035
21803,442,1977
21804,448,1886
21805,447,1754
21806,448,1607
21807,443,1494
21808,442,1556
21809,442,1664
21810,442,1851
21811,448,1976
21812,441,2031
21813,443,1976
21814,442,1886
21815,447,1754
21816,442,1605
21817,442,1491
21818,442,1555
21819,443,1670
21820,448,1851
21821,442,1977
21822,443,2031
21823,441,1976
21824,443,1885
21825,442,1753
21826,441,1605
21827,442,1493
21828,448,1556
21829,442,1671
21830,448,1853
21831,448,1977
21832,443,2031
21833,448,1975
21834,442,1886
21835,442,1751
21836,442,1603
21837,442,1493
21838,448,1555
21839,443,1671
21840,443,1852
21841,442,1979
21842,442,2031
21843,442,1975
21844,448,1883
21845,441,1751
21846,448,1599
21847,442,1493
21848,442,1559
21849,442,1645
21850,442,1836
21851,448,1965
21852,442,2030
21853,448,1978
21854,442,1897
21855,442,1763
21856,448,1613
21857,443,1493
21858,442,1545
21859,448,1645
21860,443,1837
21861,442,1981
21862,442,2029
21863,442,1973
21864,448,1883
21865,443,1749
21866,441,1598
21867,442,1493
21868,448,1556
21869,448,1675
21870,442,1855
21871,447,1978
21872,443,2030
21873,442,1973
21874,448,1881
21875,448,1751
21876,442,1599
21877,443,1491
21878,448,1557
21879,448,1678
21880,444,1855
21881,444,1978
21882,448,2031
21883,448,1973
21884,441,1881
21885,442,1749
21886,448,1597
21887,443,1493
21888,448,1557
21889,442,1693
21890,448,1839
21891,448,1971
21892,443,2031
21893,444,1978
21894,442,1894
21895,442,1757
21896,442,1611
21897,442,1493
21898,448,1547
21899,443,1653
21900,448,1839
21901,448,1967
21902,448,2029
21903,442,1973
21904,442,1879
21905,444,1747
21906,443,1594
21907,442,1493
21908,443,1559
21909,442,1682
21910,448,1863
21911,447,1978
21912,448,2031
21913,447,1974
21914,442,1879
21915,448,1747
21916,442,1595
21917,448,1493
21918,448,1559
21919,442,1682
21920,448,1864
21921,443,1979
21922,448,2029
21923,447,1973
21924,448,1877
21925,443,1747
21926,448,1593
21927,443,1493
21928,443,1559
21929,448,1682
21930,444,1865
21931,444,1980
21932,448,2031
21933,444,1971
21934,448,1878
21935,447,1743
21936,442,1592
21937,448,1493
21938,448,1559
21939,448,1683
21940,443,1865
21941,448,1980
21942,448,2029
21943,442,1973
21944,444,1876
21945,443,1743
21946,447,1592
21947,442,1493
21948,443,1560
21949,444,1685
21950,443,1867
21951,442,1981
21952,442,2029
21953,443,1973
21954,442,1875
21955,448,1743
21956,448,1591
21957,448,1493
21958,442,1561
21959,442,1687
21960,442,1869
21961,447,1982
21962,442,2029
21963,442,1973
21964,448,1875
21965,443,1742
21966,448,1591
21967,448,1493
21968,442,1560
21969,442,1686
21970,444,1867
21971,448,1981
21972,443,2029
21973,448,1971
21974,442,1875
21975,443,1741
21976,442,1591
21977,442,1493
21978,442,1560
21979,448,1689
21980,448,1870
21981,442,1981
21982,443,2029
21983,443,1971
21984,442,1871
21985,442,1741
21986,442,1591
21987,448,1494
21988,448,1560
21989,447,1707
21990,443,1849
21991,448,1973
21992,442,2028
21993,442,1973
21994,443,1884
21995,442,1751
21996,442,1599
21997,444,1491
21998,442,1550
21999,442,1669
22000,448,1886
22001,443,1974
22002,442,2027
22003,448,1967
22004,442,1869
22005,442,1739
22006,442,1587
22007,443,1493
22008,448,1561
22009,443,1692
22010,448,1875
22011,448,1983
22012,444,2027
22013,448,1967
22014,444,1868
22015,443,1739
22016,448,1587
22017,442,1493
22018,448,1561
22019,443,1693
22020,447,1875
22021,448,1983
22022,448,2028
22023,448,1967
22024,447,1867
22025,442,1738
22026,448,1587
22027,443,1493
22028,443,1562
22029,448,1693
22030,447,1875
22031,448,1983
22032,448,2027
22033,448,1966
22034,443,1845
22035,443,1738
22036,448,1597
22037,444,1491
22038,443,1555
22039,442,1671
22040,447,1853
22041,443,1975
22042,448,2029
22043,443,1971
22044,448,1879
22045,442,1749
22046,442,1595
22047,443,1492
22048,442,1574
22049,443,1679
22050,448,1855
22051,448,1975
22052,442,2028
22053,442,1971
22054,442,1881
22055,448,1747
22056,448,1595
22057,442,1491
22058,442,1555
22059,442,1675
22060,443,1855
22061,447,1989
22062,442,2024
22063,448,1963
22064,442,1864
22065,442,1734
22066,443,1581
22067,443,1494
22068,448,1562
22069,448,1702
22070,447,1877
22071,448,1990
22072,443,2028
22073,442,1967
22074,442,1865
22075,442,1735
22076,443,1582
22077,442,1496
22078,447,1565
22079,443,1703
22080,442,1879
22081,442,1990
22082,443,2027
22083,442,1966
22084,442,1864
22085,448,1734
22086,448,1581
22087,442,1495
22088,448,1564
22089,442,1704
22090,443,1879
22091,447,1991
22092,442,2028
22093,441,1965
22094,442,1863
22095,448,1733
22096,442,1581
22097,442,1495
22098,447,1563
22099,442,1704
22100,444,1880
22101,448,1991
22102,442,2028
22103,443,1965
22104,443,1861
22105,442,1727
22106,447,1579
22107,442,1495
22108,443,1565
22109,443,1705
22110,442,1881
22111,448,1990
22112,448,2025
22113,448,1959
22114,448,1852
22115,448,1725
22116,442,1577
22117,442,1495
22118,442,1565
22119,442,1708
22120,447,1883
22121,448,1992
22122,448,2026
22123,448,1965
22124,441,1855
22125,448,1726
22126,442,1578
22127,448,1495
22128,443,1565
22129,442,1709
22130,442,1882
22131,442,1993
22132,442,2025
22133,442,1965
22134,442,1854
22135,441,1726
22136,442,1577
22137,443,1495
22138,448,1565
22139,447,1710
22140,443,1884
22141,448,1993
22142,442,2025
22143,443,1963
22144,442,1853
22145,448,1725
22146,442,1576
22147,448,1496
22148,448,1571
22149,448,1688
22150,447,1867
22151,442,1979
22152,447,2025
22153,448,1967
22154,448,1867
22155,448,1739
22156,448,1589
22157,442,1493
22158,448,1559
22159,442,1688
22160,443,1867
22161,448,1997
22162,442,2025
22163,442,1965
22164,448,1853
22165,442,1725
22166,442,1576
22167,448,1496
22168,440,1566
22169,443,1715
22170,442,1887
22171,442,1993
22172,447,2026
22173,448,1964
22174,442,1853
22175,448,1724
22176,444,1575
22177,443,1496
22178,448,1567
22179,442,1717
22180,442,1887
22181,443,1995
22182,448,2025
22183,448,1963
22184,442,1851
22185,443,1723
22186,443,1573
22187,448,1497
22188,448,1567
22189,442,1717
22190,444,1890
22191,448,1995
22192,448,2025
22193,443,1961
22194,443,1851
22195,447,1723
22196,448,1573
22197,442,1496
22198,448,1567
22199,442,1719
22200,442,1893
22201,442,1995
22202,443,2023
22203,443,1963
22204,448,1847
22205,448,1723
22206,442,1573
22207,443,1497
22208,443,1567
22209,448,1721
22210,448,1891
22211,448,1995
22212,448,2023
22213,448,1961
22214,442,1848
22215,448,1721
22216,448,1571
22217,448,1497
22218,443,1567
22219,443,1722
22220,447,1891
22221,448,1995
22222,444,2023
22223,440,1963
22224,442,1846
22225,443,1721
22226,442,1567
22227,442,1496
22228,443,1567
22229,444,1723
22230,448,1892
22231,444,1995
22232,442,2024
22233,441,1960
22234,442,1846
22235,441,1720
22236,448,1572
22237,448,1497
22238,443,1571
22239,444,1725
22240,448,1892
22241,448,1996
22242,443,2023
22243,444,1961
22244,448,1845
22245,442,1719
22246,448,1567
22247,442,1497
22248,448,1576
22249,448,1699
22250,444,1877
22251,447,1983
22252,442,2025
22253,440,1964
22254,442,1863
22255,442,1727
22256,442,1580
22257,443,1493
22258,442,1563
22259,443,1702
22260,448,1877
22261,441,2003
22262,448,2021
22263,448,1961
22264,442,1845
22265,448,1718
22266,448,1567
22267,442,1497
22268,443,1571
22269,444,1726
22270,442,1894
22271,448,1997
22272,448,2023
22273,448,1959
22274,448,1843
22275,442,1718
22276,448,1567
22277,442,1497
22278,448,1572
22279,440,1727
22280,447,1895
22281,442,1997
22282,448,2023
22283,448,1960
22284,443,1843
22285,443,1716
22286,448,1565
22287,442,1499
22288,443,1571
22289,443,1735
22290,448,1895
22291,448,1999
22292,442,2021
22293,448,1959
22294,447,1838
22295,448,1717
22296,442,1565
22297,443,1497
22298,448,1572
22299,447,1735
22300,442,1896
22301,447,1997
22302,442,2021
22303,448,1959
22304,443,1839
22305,448,1715
22306,448,1563
22307,442,1498
22308,443,1573
22309,442,1737
22310,448,1897
22311,442,1999
22312,448,2021
22313,442,1958
22314,448,1837
22315,443,1711
22316,447,1563
22317,448,1500
22318,448,1573
22319,448,1737
22320,448,1899
22321,443,1999
22322,443,2021
22323,448,1959
22324,442,1838
22325,443,1714
22326,448,1562
22327,442,1501
22328,444,1573
22329,448,1739
22330,448,1899
22331,443,1999
22332,442,2022
22333,448,1958
22334,448,1837
22335,443,1712
22336,448,1560
22337,443,1500
22338,442,1573
22339,448,1741
22340,443,1901
22341,442,2003
22342,442,2021
22343,448,1959
22344,442,1836
22345,442,1711
22346,443,1561
22347,448,1503
22348,448,1579
22349,442,1711
22350,444,1885
22351,443,1990
22352,443,2024
22353,442,1961
22354,452,1851
22355,448,1721
22356,448,1572
22357,442,1493
22358,448,1564
22359,449,1711
22360,443,1883
22361,448,2007
22362,443,2019
22363,448,1958
22364,448,1832
22365,448,1709
22366,443,1560
22367,444,1501
22368,448,1575
22369,448,1745
22370,443,1901
22371,447,2001
22372,443,2019
22373,443,1957
22374,443,1833
22375,448,1709
22376,448,1559
22377,448,1502
22378,443,1575
22379,448,1745
22380,442,1901
22381,442,2003
22382,443,2019
22383,444,1957
22384,443,1831
22385,443,1709
22386,442,1560
22387,442,1501
22388,442,1575
22389,447,1755
22390,442,1886
22391,442,1993
22392,443,2023
22393,442,1960
22394,442,1845
22395,443,1719
22396,442,1567
22397,442,1494
22398,448,1565
22399,442,1718
22400,448,1887
22401,444,1992
22402,442,2011
22403,442,1951
22404,442,1829
22405,444,1707
22406,442,1557
22407,441,1503
22408,443,1575
22409,448,1749
22410,448,1907
22411,448,2003
22412,442,2013
22413,442,1956
22414,442,1831
22415,443,1705
22416,443,1555
22417,443,1506
22418,443,1576
22419,448,1751
22420,448,1908
22421,442,2005
22422,442,2017
22423,448,1956
22424,448,1829
22425,447,1706
22426,448,1555
22427,448,1507
22428,443,1578
22429,442,1751
22430,448,1907
22431,443,2006
22432,448,2015
22433,442,1955
22434,448,1827
22435,443,1706
22436,442,1554
22437,441,1507
22438,448,1579
22439,448,1753
22440,448,1909
22441,448,2005
22442,448,2013
22443,448,1952
22444,443,1827
22445,442,1705
22446,442,1554
22447,442,1507
22448,448,1579
22449,442,1753
22450,442,1909
22451,442,2005
22452,449,2013
22453,448,1955
22454,447,1823
22455,448,1703
22456,448,1549
22457,448,1509
22458,443,1579
22459,448,1753
22460,448,1909
22461,448,2005
22462,448,2013
22463,448,1951
22464,448,1823
22465,448,1703
22466,448,1551
22467,443,1508
22468,448,1579
22469,443,1755
22470,448,1909
22471,442,2007
22472,442,2013
22473,442,1955
22474,444,1823
22475,448,1701
22476,448,1549
22477,448,1508
22478,448,1581
22479,443,1757
22480,448,1912
22481,443,2005
22482,448,2011
22483,443,1951
22484,447,1821
22485,448,1702
22486,442,1547
22487,448,1511
22488,442,1579
22489,447,1769
22490,448,1893
22491,443,1995
22492,448,2019
22493,443,1957
22494,448,1835
22495,444,1712
22496,443,1563
22497,442,1499
22498,442,1571
22499,448,1727
22500,441,1920
22501,443,2005
22502,442,2009
22503,442,1950
22504,448,1819
22505,442,1699
22506,448,1548
22507,448,1509
22508,448,1579
22509,448,1757
22510,442,1912
22511,442,2005
22512,442,2011
22513,442,1951
22514,444,1819
22515,443,1700
22516,448,1547
22517,443,1510
22518,448,1580
22519,443,1758
22520,448,1913
22521,442,2007
22522,448,2011
22523,448,1951
22524,448,1820
22525,442,1700
22526,448,1547
22527,443,1511
22528,443,1582
22529,448,1759
22530,447,1914
22531,448,2008
22532,448,2011
22533,443,1951
22534,443,1803
22535,448,1701
22536,443,1559
22537,443,1499
22538,448,1573
22539,448,1737
22540,442,1900
22541,442,2001
22542,442,2019
22543,448,1955
22544,442,1832
22545,442,1709
22546,442,1557
22547,449,1518
22548,444,1592
22549,443,1739
22550,448,1899
22551,448,1997
22552,442,2013
22553,448,1955
22554,444,1832
22555,441,1707
22556,448,1556
22557,448,1498
22558,448,1573
22559,449,1741
22560,448,1899
22561,448,2015
22562,448,2009
22563,442,1947
22564,444,1815
22565,448,1692
22566,442,1545
22567,443,1511
22568,448,1583
22569,448,1766
22570,448,1915
22571,443,2008
22572,448,2008
22573,444,1948
22574,444,1816
22575,448,1692
22576,448,1544
22577,448,1511
22578,442,1583
22579,448,1768
22580,448,1916
22581,443,2009
22582,442,2008
22583,443,1947
22584,443,1815
22585,448,1692
22586,448,1543
22587,448,1514
22588,443,1587
22589,448,1769
22590,443,1917
22591,448,2011
22592,442,2011
22593,448,1947
22594,442,1815
22595,442,1691
22596,447,1544
22597,442,1515
22598,448,1587
22599,442,1771
22600,448,1927
22601,448,2011
22602,442,2009
22603,442,1947
22604,443,1813
22605,443,1689
22606,442,1542
22607,448,1514
22608,448,1587
22609,442,1771
22610,443,1919
22611,442,2011
22612,442,2009
22613,442,1930
22614,441,1811
22615,442,1687
22616,448,1533
22617,443,1515
22618,442,1589
22619,442,1779
22620,442,1919
22621,443,2011
22622,442,2008
22623,442,1945
22624,448,1813
22625,443,1687
22626,442,1533
22627,448,1515
22628,448,1589
22629,442,1774
22630,443,1919
22631,448,2011
22632,448,2007
22633,442,1945
22634,448,1811
22635,443,1685
22636,448,1532
22637,448,1516
22638,444,1591
22639,448,1775
22640,442,1925
22641,444,2011
22642,443,2008
22643,448,1945
22644,448,1811
22645,448,1685
22646,448,1532
22647,448,1515
22648,447,1597
22649,448,1752
22650,443,1909
22651,443,2004
22652,448,2012
22653,443,1951
22654,443,1822
22655,448,1703
22656,447,1549
22657,448,1507
22658,443,1575
22659,448,1754
22660,447,1909
22661,448,2013
22662,448,2005
22663,442,1944
22664,448,1807
22665,448,1682
22666,447,1531
22667,448,1517
22668,448,1589
22669,448,1779
22670,442,1925
22671,442,2013
22672,442,2007
22673,448,1943
22674,448,1807
22675,448,1683
22676,442,1531
22677,442,1518
22678,448,1591
22679,447,1780
22680,447,1926
22681,443,2012
22682,442,2005
22683,448,1943
22684,442,1809
22685,443,1681
22686,442,1531
22687,448,1517
22688,442,1591
22689,441,1781
22690,444,1926
22691,448,2013
22692,442,2006
22693,448,1943
22694,448,1805
22695,442,1679
22696,447,1529
22697,442,1517
22698,443,1592
22699,443,1782
22700,443,1927
22701,448,2015
22702,448,2003
22703,448,1943
22704,442,1805
22705,443,1679
22706,447,1529
22707,444,1519
22708,442,1593
22709,442,1784
22710,448,1928
22711,442,2013
22712,448,2005
22713,447,1943
22714,448,1803
22715,442,1676
22716,442,1528
22717,448,1518
22718,444,1593
22719,447,1784
22720,443,1927
22721,443,2013
22722,443,2003
22723,448,1941
22724,442,1803
22725,443,1676
22726,448,1527
22727,442,1518
22728,442,1593
22729,448,1783
22730,442,1927
22731,442,2015
22732,447,2003
22733,448,1943
22734,448,1803
22735,448,1676
22736,448,1527
22737,448,1519
22738,442,1593
22739,442,1787
22740,443,1928
22741,443,2014
22742,448,2004
22743,447,1940
22744,442,1803
22745,448,1674
22746,443,1528
22747,448,1519
22748,442,1607
22749,443,1763
22750,448,1913
22751,442,2006
22752,442,2009
22753,443,1946
22754,442,1815
22755,448,1692
22756,443,1543
22757,442,1511
22758,448,1579
22759,447,1766
22760,442,1927
22761,442,2020
22762,443,2002
22763,442,1940
22764,442,1801
22765,442,1671
22766,442,1527
22767,443,1523
22768,448,1595
22769,442,1789
22770,442,1931
22771,442,2019
22772,448,2004
22773,443,1939
22774,442,1800
22775,443,1671
22776,442,1527
22777,442,1523
22778,443,1596
22779,447,1789
22780,448,1931
22781,444,2019
22782,448,2003
22783,442,1939
22784,442,1801
22785,448,1669
22786,447,1524
22787,448,1523
22788,448,1595
22789,448,1789
22790,448,1931
22791,443,2018
22792,448,2001
22793,448,1939
22794,443,1801
22795,448,1668
22796,448,1525
22797,448,1522
22798,443,1595
22799,448,1789
22800,448,1933
22801,443,2019
22802,441,2001
22803,443,1938
22804,442,1799
22805,442,1661
22806,448,1523
22807,442,1524
22808,441,1598
22809,442,1791
22810,442,1932
22811,448,2019
22812,447,1999
22813,442,1939
22814,442,1799
22815,442,1663
22816,448,1524
22817,442,1523
22818,448,1597
22819,448,1797
22820,448,1933
22821,443,2019
22822,449,1999
22823,448,1939
22824,442,1797
22825,442,1661
22826,444,1523
22827,442,1523
22828,442,1599
22829,448,1798
22830,443,1933
22831,448,2020
22832,442,1999
22833,442,1935
22834,448,1791
22835,443,1660
22836,444,1519
22837,448,1523
22838,448,1599
22839,448,1799
22840,443,1932
22841,448,2021
22842,442,1999
22843,448,1938
22844,448,1791
22845,448,1662
22846,448,1523
22847,448,1526
22848,443,1610
22849,442,1773
22850,442,1917
22851,442,2011
22852,443,2007
22853,442,1944
22854,448,1807
22855,443,1685
22856,442,1531
22857,442,1514
22858,443,1587
22859,442,1775
22860,443,1918
22861,442,2023
22862,447,1996
22863,448,1932
22864,443,1791
22865,443,1659
22866,443,1519
22867,448,1525
22868,448,1599
22869,448,1800
22870,448,1933
22871,449,2019
22872,448,1998
22873,444,1933
22874,444,1789
22875,444,1657
22876,442,1519
22877,448,1526
22878,448,1605
22879,442,1801
22880,448,1935
22881,447,2020
22882,448,1997
22883,442,1934
22884,448,1789
22885,442,1659
22886,443,1518
22887,442,1527
22888,448,1607
22889,448,1815
22890,448,1919
22891,448,2011
22892,448,2003
22893,443,1941
22894,448,1803
22895,444,1682
22896,447,1528
22897,448,1517
22898,443,1589
22899,442,1779
22900,442,1927
22901,443,2011
22902,442,1995
22903,448,1929
22904,442,1787
22905,443,1656
22906,442,1515
22907,448,1527
22908,447,1608
22909,442,1803
22910,448,1939
22911,448,2023
22912,448,1998
22913,448,1931
22914,442,1789
22915,442,1655
22916,443,1515
22917,442,1527
22918,448,1609
22919,442,1803
22920,442,1939
22921,442,2021
22922,442,1996
22923,448,1931
22924,448,1788
22925,448,1655
22926,448,1516
22927,448,1527
22928,448,1610
22929,442,1804
22930,448,1941
22931,448,2022
22932,448,1995
22933,442,1931
22934,442,1787
22935,448,1654
22936,442,1515
22937,442,1526
22938,448,1609
22939,448,1803
22940,448,1939
22941,442,2021
22942,448,1995
22943,442,1929
22944,448,1785
22945,448,1653
22946,448,1515
22947,448,1528
22948,444,1611
22949,443,1805
22950,444,1941
22951,443,2023
22952,443,1995
22953,448,1929
22954,442,1785
22955,448,1651
22956,448,1515
22957,448,1529
22958,448,1611
22959,442,1806
22960,443,1941
22961,442,2023
22962,442,1995
22963,443,1929
22964,444,1785
22965,443,1651
22966,448,1514
22967,443,1529
22968,442,1613
22969,443,1804
22970,442,1942
22971,442,2023
22972,442,1995
22973,448,1927
22974,443,1786
22975,443,1648
22976,448,1513
22977,442,1528
22978,443,1613
22979,448,1809
22980,448,1941
22981,448,2023
22982,444,1995
22983,442,1929
22984,443,1783
22985,448,1647
22986,442,1512
22987,443,1529
22988,448,1613
22989,442,1820
22990,442,1928
22991,443,2013
22992,448,2001
22993,448,1935
22994,448,1791
22995,443,1669
22996,448,1523
22997,448,1522
22998,448,1595
22999,444,1789
23000,448,1957
23001,443,2013
23002,448,1991
23003,442,1927
23004,443,1783
23005,442,1645
23006,442,1511
23007,442,1529
23008,447,1617
23009,443,1811
23010,442,1945
23011,447,2023
23012,448,1993
23013,442,1927
23014,442,1783
23015,443,1647
23016,443,1510
23017,443,1529
23018,442,1615
23019,442,1812
23020,442,1945
23021,448,2024
23022,442,1992
23023,442,1926
23024,448,1782
23025,448,1645
23026,443,1511
23027,447,1530
23028,448,1619
23029,442,1812
23030,443,1945
23031,440,2026
23032,443,1993
23033,443,1919
23034,448,1770
23035,442,1646
23036,443,1520
23037,443,1522
23038,442,1597
23039,442,1789
23040,443,1931
23041,448,2015
23042,448,1999
23043,442,1933
23044,442,1791
23045,442,1662
23046,442,1519
23047,442,1520
23048,442,1655
23049,443,1799
23050,448,1930
23051,442,2018
23052,443,1997
23053,442,1932
23054,448,1797
23055,444,1660
23056,443,1519
23057,442,1519
23058,442,1597
23059,443,1790
23060,443,1931
23061,442,2027
23062,448,1990
23063,442,1917
23064,448,1781
23065,443,1642
23066,448,1509
23067,441,1532
23068,443,1620
23069,448,1815
23070,448,1947
23071,447,2025
23072,443,1993
23073,443,1919
23074,443,1781
23075,448,1641
23076,443,1508
23077,442,1533
23078,448,1623
23079,442,1817
23080,448,1947
23081,448,2025
23082,448,1993
23083,447,1917
23084,448,1781
23085,448,1641
23086,443,1510
23087,447,1532
23088,448,1622
23089,443,1818
23090,442,1948
23091,448,2025
23092,442,1992
23093,443,1917
23094,448,1779
23095,443,1639
23096,442,1507
23097,442,1531
23098,447,1624
23099,442,1818
23100,443,1947
23101,448,2027
23102,442,1991
23103,442,1917
23104,448,1779
23105,448,1637
23106,442,1510
23107,443,1541
23108,443,1623
23109,441,1819
23110,443,1949
23111,443,2027
23112,448,1991
23113,448,1895
23114,448,1774
23115,443,1637
23116,442,1506
23117,443,1533
23118,444,1627
23119,443,1819
23120,444,1951
23121,442,2028
23122,442,1991
23123,448,1915
23124,448,1775
23125,443,1637
23126,448,1505
23127,443,1533
23128,442,1625
23129,448,1821
23130,448,1949
23131,448,2028
23132,444,1989
23133,448,1914
23134,444,1775
23135,444,1636
23136,442,1505
23137,448,1531
23138,442,1627
23139,448,1821
23140,443,1950
23141,448,2028
23142,448,1984
23143,447,1913
23144,448,1774
23145,447,1636
23146,443,1501
23147,442,1543
23148,442,1641
23149,442,1801
23150,442,1937
23151,448,2020
23152,442,1995
23153,449,1927
23154,442,1785
23155,442,1651
23156,444,1513
23157,443,1525
23158,448,1609
23159,448,1803
23160,448,1935
23161,448,2031
23162,442,1990
23163,448,1912
23164,442,1773
23165,448,1634
23166,448,1503
23167,448,1541
23168,448,1628
23169,448,1822
23170,448,1951
23171,448,2028
23172,448,1991
23173,442,1911
23174,449,1772
23175,443,1635
23176,448,1501
23177,442,1542
23178,442,1629
23179,447,1822
23180,442,1955
23181,443,2029
23182,443,1983
23183,443,1911
23184,448,1773
23185,443,1631
23186,442,1501
23187,448,1541
23188,448,1629
23189,443,1823
23190,444,1955
23191,448,2027
23192,448,1988
23193,443,1911
23194,448,1772
23195,448,1630
23196,442,1500
23197,448,1543
23198,443,1629
23199,448,1823
23200,442,1960
23201,442,2031
23202,448,1983
23203,444,1885
23204,448,1769
23205,448,1653
23206,440,1509
23207,447,1541
23208,447,1623
23209,442,1799
23210,450,1943
23211,448,2031
23212,442,1993
23213,441,1913
23214,440,1791
23215,451,1636
23216,440,1515
23217,452,1525
23218,440,1625
23219,440,1801
23220,441,1943
23221,442,2037
23222,447,1989
23223,440,1896
23224,448,1799
23225,440,1642
23226,440,1517
23227,450,1529
23228,450,1611
23229,452,1819
23230,448,1940
23231,450,2037
23232,448,1981
23233,442,1919
23234,452,1765
23235,443,1612
23236,448,1502
23237,443,1545
23238,448,1639
23239,442,1829
23240,448,1959
23241,443,2031
23242,448,1984
23243,443,1908
23244,443,1769
23245,448,1627
23246,443,1498
23247,448,1544
23248,447,1653
23249,442,1809
23250,443,1944
23251,448,2021
23252,448,1991
23253,443,1917
23254,443,1782
23255,448,1641
23256,448,1508
23257,447,1528
23258,448,1617
23259,442,1813
23260,443,1943
23261,447,2032
23262,442,1982
23263,444,1907
23264,442,1770
23265,448,1625
23266,442,1499
23267,448,1544
23268,442,1638
23269,442,1831
23270,443,1959
23271,448,2030
23272,443,1983
23273,448,1907
23274,442,1769
23275,448,1625
23276,448,1498
23277,448,1545
23278,448,1638
23279,444,1831
23280,442,1959
23281,442,2031
23282,448,1982
23283,442,1906
23284,448,1769
23285,442,1624
23286,448,1498
23287,448,1546
23288,443,1639
23289,444,1831
23290,448,1961
23291,448,2030
23292,448,1983
23293,448,1903
23294,443,1768
23295,448,1623
23296,448,1497
23297,447,1545
23298,448,1639
23299,442,1832
23300,443,1962
23301,448,2031
23302,443,1982
23303,448,1902
23304,448,1767
23305,449,1622
23306,448,1498
23307,448,1547
23308,448,1643
23309,448,1835
23310,443,1963
23311,448,2031
23312,443,1981
23313,448,1901
23314,443,1768
23315,448,1621
23316,448,1497
23317,442,1545
23318,448,1643
23319,443,1833
23320,442,1963
23321,444,2031
23322,448,1981
23323,443,1901
23324,448,1768
23325,442,1621
23326,448,1496
23327,448,1547
23328,448,1641
23329,448,1834
23330,448,1963
23331,442,2030
23332,448,1981
23333,448,1901
23334,449,1767
23335,448,1623
23336,448,1496
23337,448,1546
23338,443,1643
23339,448,1835
23340,447,1963
23341,448,2031
23342,448,1980
23343,448,1901
23344,443,1766
23345,444,1621
23346,448,1497
23347,443,1547
23348,447,1659
23349,448,1817
23350,443,1949
23351,443,2023
23352,442,1988
23353,448,1913
23354,443,1775
23355,448,1635
23356,448,1502
23357,442,1531
23358,448,1625
23359,448,1819
23360,443,1948
23361,444,2031
23362,448,1978
23363,448,1897
23364,442,1765
23365,447,1618
23366,448,1495
23367,448,1547
23368,448,1644
23369,448,1835
23370,448,1965
23371,443,2031
23372,448,1981
23373,448,1898
23374,444,1763
23375,443,1619
23376,443,1495
23377,447,1547
23378,443,1645
23379,448,1837
23380,448,1965
23381,444,2031
23382,448,1981
23383,443,1898
23384,448,1764
23385,448,1617
23386,448,1496
23387,448,1548
23388,448,1647
23389,447,1847
23390,448,1949
23391,443,2025
23392,443,1983
23393,448,1913
23394,448,1771
23395,448,1629
23396,442,1501
23397,443,1533
23398,448,1627
23399,448,1819
23400,447,1952
23401,442,2025
23402,443,1977
23403,448,1897
23404,443,1759
23405,444,1615
23406,448,1495
23407,442,1548
23408,442,1653
23409,443,1839
23410,448,1971
23411,442,2031
23412,443,1979
23413,448,1897
23414,443,1761
23415,448,1614
23416,448,1494
23417,443,1549
23418,444,1652
23419,442,1839
23420,448,1970
23421,448,2031
23422,448,1979
23423,448,1895
23424,448,1762
23425,448,1613
23426,443,1495
23427,448,1548
23428,447,1655
23429,448,1839
23430,443,1968
23431,442,2030
23432,442,1979
23433,448,1895
23434,448,1761
23435,442,1613
23436,448,1495
23437,443,1549
23438,448,1655
23439,448,1843
23440,448,1967
23441,448,2031
23442,448,1978
23443,448,1895
23444,448,1759
23445,448,1613
23446,448,1493
23447,448,1551
23448,448,1652
23449,448,1844
23450,443,1973
23451,448,2031
23452,442,1977
23453,448,1894
23454,442,1759
23455,448,1609
23456,448,1493
23457,448,1549
23458,448,1657
23459,442,1846
23460,449,1972
23461,448,2031
23462,448,1977
23463,447,1892
23464,448,1755
23465,443,1609
23466,442,1492
23467,448,1549
23468,442,1657
23469,448,1847
23470,448,1973
23471,448,2031
23472,442,1978
23473,448,1891
23474,448,1757
23475,448,1611
23476,448,1493
23477,442,1553
23478,448,1656
23479,448,1845
23480,448,1968
23481,444,2031
23482,448,1977
23483,449,1891
23484,443,1756
23485,448,1609
23486,448,1491
23487,448,1553
23488,448,1659
23489,447,1854
23490,442,1957
23491,442,2028
23492,448,1992
23493,448,1903
23494,442,1767
23495,448,1624
23496,448,1497
23497,443,1543
23498,448,1637
23499,444,1832
23500,448,1979
23501,443,2029
23502,443,1975
23503,448,1890
23504,448,1754
23505,448,1611
23506,448,1492
23507,447,1551
23508,448,1660
23509,444,1847
23510,442,1975
23511,442,2032
23512,448,1977
23513,449,1893
23514,448,1756
23515,443,1609
23516,448,1492
23517,448,1551
23518,442,1661
23519,448,1847
23520,443,1975
23521,443,2031
23522,448,1976
23523,442,1891
23524,448,1755
23525,448,1608
23526,448,1493
23527,442,1551
23528,444,1663
23529,442,1847
23530,442,1975
23531,443,2031
23532,448,1977
23533,448,1891
23534,448,1739
23535,442,1611
23536,448,1495
23537,443,1545
23538,448,1641
23539,448,1829
23540,442,1963
23541,448,2029
23542,448,1980
23543,443,1900
23544,443,1768
23545,442,1623
23546,447,1495
23547,447,1561
23548,442,1685
23549,443,1829
23550,443,1961
23551,448,2027
23552,442,1979
23553,448,1899
23554,448,1766
23555,441,1619
23556,448,1495
23557,448,1544
23558,448,1643
23559,442,1831
23560,448,1959
23561,448,2029
23562,448,1977
23563,448,1885
23564,443,1752
23565,448,1605
23566,448,1493
23567,448,1553
23568,448,1663
23569,448,1851
23570,448,1975
23571,448,2031
23572,448,1976
23573,442,1886
23574,448,1753
23575,448,1605
23576,443,1493
23577,448,1555
23578,448,1671
23579,448,1853
23580,448,1977
23581,448,2031
23582,448,1975
23583,448,1883
23584,442,1753
23585,444,1606
23586,448,1493
23587,442,1555
23588,448,1671
23589,448,1851
23590,448,1977
23591,448,2031
23592,448,1975
23593,448,1886
23594,442,1751
23595,443,1604
23596,448,1493
23597,444,1557
23598,448,1673
23599,448,1852
23600,442,1981
23601,448,2030
23602,443,1973
23603,448,1883
23604,448,1751
23605,448,1599
23606,443,1493
23607,448,1553
23608,448,1673
23609,444,1853
23610,442,1977
23611,443,2031
23612,448,1973
23613,448,1854
23614,442,1749
23615,443,1596
23616,448,1492
23617,448,1557
23618,448,1675
23619,448,1855
23620,448,1977
23621,448,2030
23622,448,1974
23623,448,1881
23624,448,1748
23625,442,1597
23626,447,1493
23627,448,1555
23628,448,1676
23629,448,1861
23630,443,1978
23631,448,2030
23632,448,1973
23633,448,1880
23634,444,1749
23635,442,1598
23636,442,1492
23637,448,1557
23638,448,1677
23639,442,1862
23640,448,1979
23641,442,2030
23642,448,1973
23643,448,1879
23644,448,1747
23645,442,1596
23646,448,1492
23647,442,1557
23648,447,1691
23649,448,1835
23650,448,1967
23651,444,2030
23652,442,1977
23653,448,1893
23654,448,1757
23655,448,1613
23656,443,1493
23657,448,1547
23658,443,1648
23659,442,1839
23660,448,1971
23661,442,2029
23662,448,1972
23663,448,1877
23664,448,1747
23665,448,1596
23666,448,1491
23667,448,1557
23668,448,1677
23669,448,1863
23670,448,1978
23671,448,2030
23672,448,1972
23673,448,1879
23674,448,1747
23675,448,1595
23676,448,1492
23677,448,1557
23678,442,1677
23679,442,1864
23680,440,1979
23681,443,2029
23682,443,1973
23683,448,1879
23684,443,1748
23685,448,1594
23686,448,1492
23687,448,1557
23688,448,1679
23689,443,1864
23690,443,1979
23691,443,2030
23692,448,1973
23693,448,1879
23694,443,1746
23695,448,1593
23696,448,1493
23697,443,1559
23698,442,1679
23699,442,1865
23700,442,1979
23701,448,2029
23702,442,1973
23703,447,1877
23704,448,1746
23705,448,1593
23706,442,1493
23707,442,1557
23708,442,1681
23709,444,1865
23710,443,1979
23711,448,2030
23712,442,1973
23713,448,1876
23714,444,1745
23715,448,1594
23716,448,1494
23717,448,1557
23718,448,1683
23719,448,1865
23720,442,1979
23721,443,2029
23722,448,1972
23723,448,1875
23724,443,1743
23725,443,1593
23726,444,1493
23727,443,1558
23728,444,1683
23729,448,1867
23730,443,1981
23731,448,2029
23732,449,1973
23733,443,1875
23734,448,1743
23735,448,1592
23736,443,1493
23737,448,1557
23738,448,1685
23739,448,1866
23740,448,1981
23741,442,2028
23742,448,1971
23743,448,1874
23744,442,1742
23745,450,1591
23746,448,1493
23747,443,1559
23748,442,1700
23749,444,1845
23750,448,1973
23751,448,2029
23752,448,1976
23753,442,1885
23754,448,1753
23755,448,1608
23756,448,1491
23757,444,1551
23758,448,1659
23759,448,1847
23760,443,1973
23761,448,2027
23762,448,1966
23763,448,1870
23764,449,1741
23765,448,1588
23766,448,1493
23767,448,1559
23768,448,1687
23769,448,1871
23770,442,1980
23771,448,2028
23772,448,1971
23773,442,1871
23774,448,1742
23775,447,1589
23776,442,1494
23777,448,1559
23778,442,1688
23779,442,1869
23780,448,1979
23781,443,2029
23782,443,1971
23783,442,1869
23784,443,1739
23785,443,1590
23786,442,1494
23787,443,1560
23788,443,1689
23789,448,1871
23790,447,1982
23791,443,2027
23792,443,1971
23793,442,1869
23794,442,1739
23795,443,1589
23796,448,1493
23797,443,1559
23798,448,1691
23799,448,1871
23800,443,1983
23801,448,2027
23802,448,1967
23803,448,1869
23804,442,1737
23805,442,1589
23806,448,1493
23807,444,1559
23808,448,1694
23809,442,1873
23810,448,1983
23811,442,2027
23812,448,1971
23813,448,1867
23814,443,1739
23815,448,1587
23816,443,1493
23817,441,1561
23818,448,1693
23819,447,1875
23820,448,1983
23821,448,2028
23822,448,1967
23823,448,1867
23824,448,1737
23825,447,1583
23826,448,1493
23827,443,1561
23828,448,1695
23829,442,1875
23830,448,1989
23831,444,2027
23832,443,1967
23833,444,1867
23834,443,1738
23835,448,1587
23836,448,1493
23837,442,1561
23838,448,1695
23839,448,1875
23840,444,1983
23841,442,2028
23842,448,1967
23843,447,1867
23844,448,1736
23845,443,1586
23846,448,1494
23847,448,1561
23848,448,1709
23849,448,1851
23850,448,1975
23851,448,2029
23852,448,1972
23853,448,1879
23854,449,1747
23855,448,1597
23856,444,1491
23857,442,1555
23858,442,1673
23859,448,1854
23860,443,1977
23861,442,2025
23862,443,1967
23863,448,1863
23864,448,1736
23865,448,1582
23866,448,1494
23867,448,1563
23868,448,1695
23869,443,1877
23870,443,1989
23871,442,2027
23872,448,1966
23873,442,1864
23874,442,1735
23875,443,1581
23876,442,1495
23877,448,1561
23878,443,1701
23879,443,1879
23880,443,1983
23881,449,2027
23882,448,1965
23883,448,1865
23884,448,1734
23885,444,1581
23886,448,1495
23887,442,1563
23888,448,1701
23889,448,1887
23890,448,1977
23891,448,2029
23892,448,1971
23893,442,1877
23894,442,1743
23895,443,1595
23896,448,1491
23897,440,1555
23898,443,1677
23899,449,1864
23900,448,1978
23901,442,2029
23902,443,1965
23903,448,1863
23904,448,1734
23905,442,1582
23906,444,1495
23907,448,1563
23908,442,1705
23909,448,1879
23910,443,1990
23911,443,2027
23912,443,1965
23913,448,1861
23914,448,1727
23915,448,1580
23916,443,1493
23917,448,1563
23918,448,1705
23919,442,1881
23920,448,1990
23921,442,2027
23922,448,1964
23923,448,1863
23924,444,1734
23925,448,1578
23926,447,1493
23927,448,1563
23928,448,1705
23929,448,1881
23930,442,1991
23931,443,2026
23932,442,1965
23933,448,1861
23934,444,1727
23935,442,1579
23936,443,1493
23937,448,1563
23938,448,1707
23939,442,1880
23940,448,1991
23941,448,2024
23942,448,1965
23943,448,1855
23944,448,1725
23945,444,1579
23946,448,1494
23947,442,1563
23948,448,1708
23949,444,1883
23950,442,1991
23951,448,2025
23952,448,1964
23953,448,1854
23954,442,1725
23955,448,1577
23956,448,1495
23957,442,1564
23958,443,1711
23959,448,1881
23960,448,1991
23961,442,2025
23962,448,1963
23963,442,1853
23964,448,1726
23965,448,1576
23966,442,1495
23967,448,1564
23968,442,1710
23969,448,1883
23970,442,1993
23971,448,2025
23972,450,1963
23973,442,1853
23974,443,1725
23975,443,1575
23976,448,1495
23977,449,1564
23978,443,1711
23979,447,1885
23980,448,1993
23981,448,2025
23982,443,1965
23983,443,1853
23984,448,1725
23985,449,1575
23986,442,1497
23987,448,1565
23988,443,1711
23989,441,1897
23990,448,1980
23991,442,2029
23992,443,1967
23993,448,1867
23994,442,1739
23995,442,1588
23996,442,1493
23997,449,1557
23998,443,1687
23999,443,1867
24000,442,1999
24001,443,2026
24002,447,1961
24003,442,1849
24004,448,1723
24005,448,1573
24006,443,1496
24007,448,1566
24008,448,1715
24009,443,1885
24010,444,1995
24011,448,2025
24012,448,1962
24013,442,1851
24014,443,1722
24015,443,1573
24016,443,1497
24017,448,1565
24018,447,1716
24019,448,1886
24020,448,1993
24021,448,2024
24022,448,1961
24023,442,1849
24024,448,1723
24025,442,1572
24026,442,1495
24027,448,1565
24028,448,1715
24029,442,1887
24030,443,1993
24031,448,2024
24032,448,1961
24033,448,1847
24034,443,1707
24035,448,1573
24036,448,1491
24037,448,1559
24038,443,1692
24039,443,1869
24040,448,1981
24041,448,2026
24042,448,1965
24043,442,1864
24044,448,1733
24045,443,1581
24046,448,1491
24047,448,1559
24048,448,1764
24049,448,1877
24050,448,1982
24051,448,2025
24052,448,1965
24053,448,1863
24054,448,1735
24055,444,1581
24056,448,1493
24057,448,1561
24058,443,1694
24059,448,1875
24060,442,1983
24061,448,2023
24062,448,1957
24063,448,1843
24064,448,1719
24065,448,1567
24066,448,1496
24067,448,1567
24068,448,1721
24069,443,1891
24070,444,1995
24071,442,2023
24072,448,1963
24073,442,1845
24074,443,1721
24075,442,1567
24076,448,1497
24077,448,1567
24078,441,1723
24079,442,1893
24080,448,1997
24081,448,2024
24082,448,1961
24083,448,1845
24084,448,1719
24085,448,1566
24086,448,1497
24087,448,1571
24088,448,1723
24089,448,1894
24090,448,1995
24091,448,2023
24092,443,1960
24093,448,1843
24094,447,1719
24095,448,1565
24096,442,1498
24097,444,1567
24098,448,1724
24099,448,1893
24100,448,1996
24101,448,2023
24102,448,1959
24103,448,1843
24104,448,1718
24105,448,1567
24106,443,1497
24107,448,1571
24108,448,1726
24109,443,1895
24110,443,1997
24111,442,2023
24112,449,1961
24113,443,1819
24114,448,1715
24115,443,1565
24116,448,1498
24117,448,1571
24118,448,1727
24119,442,1896
24120,448,1999
24121,448,2021
24122,447,1958
24123,448,1837
24124,448,1716
24125,448,1563
24126,448,1499
24127,442,1571
24128,443,1733
24129,448,1896
24130,449,1998
24131,448,2020
24132,448,1959
24133,448,1837
24134,448,1716
24135,443,1562
24136,448,1497
24137,448,1572
24138,443,1736
24139,442,1897
24140,441,1998
24141,443,2021
24142,442,1959
24143,443,1837
24144,441,1714
24145,447,1562
24146,442,1499
24147,443,1573
24148,443,1753
24149,448,1880
24150,442,1990
24151,443,2022
24152,448,1961
24153,448,1853
24154,441,1725
24155,443,1575
24156,448,1494
24157,448,1563
24158,448,1708
24159,448,1881
24160,448,1989
24161,442,2015
24162,443,1958
24163,443,1835
24164,442,1712
24165,447,1563
24166,444,1501
24167,448,1573
24168,442,1737
24169,442,1901
24170,448,1999
24171,443,2021
24172,444,1959
24173,448,1835
24174,443,1715
24175,442,1562
24176,448,1499
24177,443,1572
24178,442,1737
24179,443,1900
24180,442,1999
24181,450,2021
24182,442,1959
24183,448,1835
24184,442,1711
24185,442,1560
24186,448,1500
24187,444,1575
24188,442,1739
24189,442,1901
24190,443,1999
24191,442,2021
24192,448,1957
24193,448,1833
24194,448,1710
24195,448,1560
24196,447,1501
24197,442,1574
24198,442,1740
24199,448,1902
24200,444,2003
24201,443,2019
24202,448,1958
24203,447,1835
24204,448,1711
24205,443,1560
24206,443,1501
24207,442,1575
24208,448,1741
24209,442,1902
24210,442,2003
24211,448,2018
24212,449,1958
24213,444,1832
24214,442,1711
24215,448,1557
24216,442,1501
24217,448,1575
24218,447,1741
24219,443,1903
24220,442,2002
24221,443,2019
24222,448,1955
24223,448,1829
24224,448,1709
24225,444,1559
24226,443,1501
24227,448,1575
24228,442,1747
24229,448,1906
24230,442,2003
24231,448,2015
24232,448,1957
24233,444,1831
24234,442,1709
24235,442,1557
24236,442,1502
24237,442,1575
24238,448,1747
24239,448,1907
24240,448,2002
24241,448,2015
24242,442,1957
24243,448,1829
24244,448,1709
24245,448,1557
24246,448,1506
24247,443,1576
24248,442,1761
24249,448,1887
24250,443,1993
24251,448,2021
24252,442,1959
24253,444,1845
24254,442,1719
24255,442,1567
24256,442,1495
24257,448,1565
24258,447,1721
24259,448,1891
24260,448,1993
24261,448,2011
24262,448,1955
24263,448,1828
24264,448,1708
24265,443,1555
24266,443,1506
24267,443,1577
24268,443,1749
24269,443,1907
24270,448,2003
24271,442,2014
24272,442,1955
24273,443,1827
24274,448,1707
24275,448,1555
24276,442,1503
24277,443,1577
24278,448,1751
24279,448,1909
24280,448,2004
24281,447,2014
24282,448,1956
24283,442,1827
24284,448,1707
24285,448,1554
24286,448,1507
24287,443,1578
24288,448,1752
24289,442,1909
24290,448,2005
24291,443,2014
24292,448,1955
24293,448,1824
24294,443,1703
24295,448,1554
24296,448,1507
24297,442,1578
24298,443,1751
24299,443,1907
24300,442,2005
24301,448,2013
24302,448,1951
24303,448,1827
24304,448,1705
24305,444,1554
24306,448,1508
24307,443,1577
24308,448,1752
24309,442,1909
24310,442,2004
24311,442,2013
24312,442,1951
24313,447,1823
24314,443,1703
24315,448,1550
24316,448,1507
24317,448,1579
24318,448,1755
24319,448,1911
24320,448,2006
24321,442,2012
24322,444,1951
24323,448,1821
24324,443,1703
24325,442,1549
24326,448,1507
24327,442,1579
24328,448,1756
24329,443,1909
24330,447,2006
24331,448,2012
24332,442,1952
24333,448,1823
24334,447,1703
24335,442,1551
24336,443,1509
24337,448,1580
24338,448,1757
24339,443,1913
24340,448,2008
24341,448,2012
24342,448,1951
24343,448,1819
24344,448,1701
24345,442,1548
24346,448,1509
24347,448,1581
24348,442,1771
24349,443,1895
24350,448,1997
24351,443,2019
24352,443,1957
24353,442,1834
24354,443,1711
24355,442,1560
24356,442,1497
24357,443,1571
24358,448,1739
24359,447,1897
24360,448,1996
24361,443,2007
24362,442,1949
24363,447,1818
24364,443,1696
24365,447,1545
24366,442,1510
24367,442,1581
24368,444,1759
24369,442,1913
24370,443,2008
24371,448,2011
24372,448,1950
24373,447,1819
24374,442,1699
24375,444,1547
24376,442,1511
24377,442,1581
24378,448,1763
24379,448,1913
24380,448,2007
24381,443,2011
24382,442,1949
24383,443,1817
24384,448,1695
24385,442,1547
24386,448,1511
24387,442,1581
24388,444,1763
24389,443,1919
24390,443,1997
24391,448,2015
24392,442,1955
24393,442,1833
24394,448,1661
24395,448,1557
24396,448,1498
24397,443,1573
24398,443,1741
24399,442,1899
24400,443,1998
24401,448,2013
24402,442,1943
24403,442,1815
24404,443,1690
24405,448,1545
24406,448,1512
24407,443,1582
24408,442,1766
24409,443,1915
24410,442,2010
24411,442,2009
24412,448,1949
24413,447,1815
24414,442,1691
24415,448,1544
24416,442,1511
24417,448,1583
24418,448,1769
24419,442,1915
24420,442,2010
24421,442,2011
24422,442,1947
24423,443,1813
24424,443,1690
24425,447,1545
24426,443,1515
24427,443,1583
24428,447,1770
24429,442,1918
24430,443,2011
24431,448,2009
24432,448,1949
24433,443,1815
24434,441,1689
24435,447,1543
24436,444,1513
24437,443,1587
24438,442,1770
24439,448,1917
24440,443,2010
24441,447,2007
24442,442,1947
24443,448,1813
24444,443,1687
24445,443,1542
24446,448,1513
24447,441,1587
24448,443,1774
24449,448,1917
24450,442,2010
24451,443,2008
24452,448,1945
24453,443,1813
24454,442,1687
24455,448,1543
24456,442,1516
24457,448,1587
24458,447,1771
24459,448,1917
24460,442,2011
24461,442,2007
24462,442,1947
24463,448,1811
24464,448,1688
24465,440,1533
24466,448,1515
24467,442,1587
24468,448,1775
24469,447,1925
24470,447,2012
24471,443,2007
24472,442,1946
24473,448,1809
24474,448,1685
24475,442,1533
24476,448,1516
24477,448,1587
24478,443,1775
24479,448,1918
24480,443,2012
24481,442,2007
24482,444,1945
24483,443,1811
24484,448,1685
24485,448,1532
24486,448,1515
24487,443,1589
24488,443,1774
24489,442,1929
24490,442,2003
24491,443,2011
24492,448,1950
24493,443,1821
24494,442,1700
24495,443,1549
24496,448,1506
24497,448,1576
24498,448,1753
24499,443,1907
24500,443,2015
24501,442,2009
24502,444,1941
24503,448,1806
24504,443,1683
24505,448,1532
24506,448,1515
24507,442,1588
24508,442,1779
24509,443,1919
24510,448,2013
24511,442,2007
24512,442,1945
24513,448,1811
24514,443,1683
24515,448,1532
24516,448,1518
24517,448,1589
24518,448,1779
24519,447,1919
24520,448,2013
24521,442,2007
24522,444,1943
24523,448,1810
24524,448,1677
24525,448,1531
24526,442,1517
24527,448,1589
24528,443,1781
24529,448,1919
24530,448,2013
24531,448,2006
24532,448,1943
24533,448,1806
24534,448,1653
24535,448,1532
24536,443,1507
24537,442,1579
24538,442,1758
24539,444,1909
24540,448,2005
24541,448,2010
24542,442,1947
24543,443,1817
24544,447,1693
24545,448,1545
24546,448,1509
24547,443,1609
24548,442,1801
24549,448,1911
24550,444,2005
24551,448,2009
24552,448,1947
24553,443,1817
24554,448,1694
24555,448,1545
24556,443,1509
24557,442,1578
24558,448,1763
24559,448,1911
24560,447,2005
24561,448,1997
24562,448,1942
24563,443,1803
24564,443,1673
24565,448,1527
24566,448,1519
24567,448,1592
24568,448,1784
24569,443,1928
24570,448,2015
24571,448,2005
24572,447,1941
24573,448,1802
24574,442,1673
24575,442,1527
24576,442,1519
24577,443,1591
24578,448,1785
24579,448,1930
24580,448,2013
24581,448,2003
24582,448,1941
24583,448,1803
24584,443,1673
24585,443,1526
24586,443,1523
24587,448,1593
24588,448,1785
24589,442,1929
24590,448,2015
24591,443,2003
24592,444,1941
24593,448,1801
24594,448,1673
24595,448,1527
24596,448,1519
24597,449,1593
24598,448,1785
24599,443,1931
24600,448,2020
24601,448,1999
24602,444,1939
24603,448,1800
24604,448,1672
24605,447,1526
24606,448,1519
24607,448,1595
24608,443,1788
24609,448,1932
24610,448,2014
24611,448,2001
24612,442,1935
24613,448,1775
24614,448,1663
24615,448,1523
24616,443,1523
24617,448,1599
24618,448,1790
24619,448,1933
24620,442,2019
24621,448,2003
24622,448,1937
24623,448,1799
24624,448,1669
24625,442,1523
24626,448,1524
24627,448,1597
24628,442,1788
24629,442,1931
24630,442,2020
24631,444,1999
24632,448,1940
24633,444,1799
24634,442,1663
24635,448,1519
24636,447,1524
24637,448,1598
24638,448,1790
24639,448,1931
24640,448,2020
24641,442,1997
24642,443,1939
24643,448,1792
24644,442,1661
24645,448,1519
24646,443,1523
24647,448,1597
24648,442,1807
24649,448,1915
24650,443,2008
24651,443,2005
24652,448,1945
24653,448,1810
24654,448,1683
24655,449,1531
24656,448,1513
24657,444,1583
24658,442,1769
24659,448,1916
24660,448,2009
24661,443,1997
24662,448,1935
24663,448,1790
24664,443,1661
24665,448,1519
24666,449,1523
24667,447,1604
24668,444,1798
24669,448,1934
24670,448,2019
24671,444,1997
24672,448,1935
24673,442,1791
24674,448,1662
24675,448,1519
24676,447,1525
24677,442,1599
24678,443,1799
24679,442,1937
24680,448,2020
24681,448,1998
24682,448,1935
24683,448,1791
24684,442,1660
24685,443,1519
24686,448,1525
24687,448,1606
24688,448,1798
24689,448,1937
24690,448,2020
24691,448,1997
24692,448,1932
24693,444,1789
24694,448,1659
24695,448,1519
24696,448,1525
24697,448,1606
24698,448,1799
24699,448,1935
24700,443,2022
24701,442,1997
24702,442,1932
24703,448,1789
24704,448,1659
24705,443,1517
24706,442,1527
24707,447,1609
24708,444,1800
24709,448,1939
24710,443,2021
24711,448,1996
24712,448,1933
24713,448,1787
24714,448,1657
24715,448,1516
24716,448,1526
24717,442,1609
24718,448,1803
24719,442,1939
24720,448,2021
24721,448,1996
24722,448,1931
24723,448,1787
24724,448,1655
24725,448,1515
24726,442,1526
24727,447,1607
24728,442,1803
24729,443,1940
24730,441,2023
24731,442,1997
24732,442,1931
24733,448,1787
24734,448,1655
24735,448,1515
24736,448,1525
24737,443,1609
24738,443,1803
24739,448,1939
24740,443,2023
24741,443,1994
24742,442,1929
24743,442,1785
24744,443,1652
24745,448,1515
24746,443,1527
24747,443,1609
24748,448,1814
24749,448,1926
24750,448,2011
24751,444,2001
24752,449,1939
24753,443,1802
24754,448,1673
24755,448,1527
24756,443,1517
24757,442,1593
24758,448,1780
24759,448,1919
24760,449,2012
24761,442,1993
24762,448,1928
24763,442,1787
24764,442,1648
24765,448,1513
24766,441,1529
24767,443,1611
24768,448,1805
24769,443,1941
24770,443,2023
24771,443,1995
24772,443,1929
24773,442,1785
24774,448,1651
24775,443,1515
24776,449,1527
24777,448,1613
24778,442,1807
24779,448,1942
24780,444,2024
24781,447,1995
24782,448,1928
24783,448,1785
24784,448,1647
24785,448,1513
24786,448,1529
24787,443,1613
24788,448,1807
24789,443,1941
24790,448,2023
24791,448,1993
24792,448,1928
24793,448,1784
24794,442,1647
24795,448,1511
24796,448,1528
24797,448,1613
24798,448,1809
24799,447,1943
24800,442,2025
24801,442,1994
24802,442,1927
24803,448,1784
24804,448,1647
24805,443,1510
24806,442,1531
24807,443,1615
24808,442,1811
24809,448,1945
24810,442,2024
24811,448,1993
24812,442,1926
24813,442,1781
24814,448,1644
24815,448,1511
24816,448,1530
24817,448,1614
24818,448,1811
24819,448,1944
24820,448,2024
24821,444,1992
24822,448,1920
24823,442,1780
24824,443,1642
24825,443,1509
24826,443,1531
24827,444,1619
24828,442,1813
24829,442,1944
24830,450,2025
24831,448,1993
24832,448,1917
24833,448,1782
24834,448,1642
24835,442,1509
24836,448,1532
24837,443,1621
24838,448,1815
24839,444,1945
24840,443,2027
24841,448,1993
24842,449,1912
24843,440,1790
24844,442,1654
24845,448,1515
24846,448,1517
24847,448,1609
24848,442,1801
24849,448,1929
24850,448,2014
24851,448,1989
24852,450,1929
24853,447,1801
24854,439,1643
24855,442,1517
24856,442,1542
24857,440,1597
24858,440,1800
24859,440,1949
24860,447,2025
24861,443,1997
24862,450,1929
24863,450,1790
24864,442,1652
24865,448,1517
24866,451,1527
24867,448,1598
24868,443,1812
24869,448,1943
24870,441,2023
24871,440,1993
24872,452,1931
24873,448,1786
24874,448,1635
24875,442,1515
24876,448,1523
24877,448,1597
24878,448,1798
24879,442,1933
24880,443,2019
24881,443,1994
24882,448,1931
24883,443,1789
24884,442,1657
24885,442,1517
24886,443,1523
24887,442,1639
24888,448,1819
24889,448,1955
24890,448,2053
24891,442,1995
24892,444,1933
24893,448,1787
24894,448,1655
24895,443,1517
24896,448,1525
24897,449,1647
24898,448,1797
24899,448,1935
24900,442,2019
24901,442,1995
24902,442,1911
24903,448,1775
24904,448,1635
24905,442,1507
24906,444,1542
24907,442,1626
24908,443,1819
24909,443,1951
24910,442,2027
24911,448,1992
24912,444,1914
24913,443,1775
24914,442,1635
24915,448,1505
24916,442,1533
24917,448,1624
24918,443,1820
24919,442,1949
24920,442,2027
24921,443,1991
24922,447,1914
24923,448,1774
24924,448,1635
24925,447,1503
24926,448,1541
24927,448,1624
24928,443,1821
24929,443,1951
24930,443,2028
24931,448,1990
24932,448,1913
24933,448,1775
24934,443,1636
24935,447,1501
24936,448,1543
24937,443,1628
24938,448,1821
24939,442,1951
24940,448,2027
24941,443,1991
24942,448,1913
24943,448,1775
24944,444,1631
24945,448,1502
24946,447,1542
24947,443,1629
24948,447,1823
24949,448,1951
24950,448,2027
24951,448,1989
24952,448,1912
24953,448,1773
24954,448,1630
24955,448,1501
24956,443,1543
24957,442,1629
24958,448,1823
24959,443,1956
24960,448,2028
24961,447,1990
24962,448,1911
24963,448,1773
24964,442,1629
24965,443,1501
24966,442,1543
24967,448,1629
24968,443,1827
24969,442,1957
24970,443,2029
24971,448,1990
24972,447,1911
24973,442,1773
24974,448,1629
24975,442,1499
24976,442,1533
24977,448,1631
24978,448,1827
24979,444,1957
24980,448,2029
24981,442,1989
24982,442,1909
24983,443,1771
24984,442,1629
24985,443,1500
24986,442,1543
24987,448,1634
24988,443,1827
24989,442,1965
24990,443,2021
24991,443,1991
24992,442,1925
24993,443,1781
24994,448,1643
24995,442,1510
24996,442,1529
24997,448,1613
24998,443,1806
24999,442,1941
25000,448,2031
25001,444,1991
25002,448,1897
25003,448,1769
25004,440,1627
25005,442,1498
25006,447,1544
25007,449,1635
25008,448,1829
25009,442,1959
25010,448,2030
25011,448,1982
25012,444,1907
25013,444,1769
25014,444,1625
25015,448,1496
25016,448,1543
25017,448,1635
25018,443,1829
25019,442,1959
25020,442,2031
25021,448,1983
25022,443,1907
25023,448,1771
25024,448,1625
25025,448,1498
25026,448,1546
25027,448,1638
25028,442,1831
25029,443,1959
25030,448,2029
25031,448,1983
25032,448,1904
25033,447,1769
25034,447,1609
25035,448,1499
25036,448,1529
25037,443,1620
25038,448,1813
25039,436,1941
25040,448,2024
25041,443,1989
25042,443,1917
25043,442,1779
25044,443,1639
25045,440,1509
25046,442,1531
25047,448,1623
25048,448,1863
25049,442,1949
25050,442,2025
25051,442,1990
25052,450,1915
25053,442,1775
25054,448,1640
25055,448,1505
25056,448,1529
25057,442,1623
25058,448,1816
25059,448,1945
25060,443,2025
25061,448,1982
25062,443,1898
25063,442,1765
25064,448,1621
25065,443,1495
25066,442,1545
25067,448,1643
25068,448,1834
25069,448,1963
25070,442,2030
25071,448,1981
25072,448,1903
25073,442,1767
25074,448,1623
25075,442,1496
25076,448,1546
25077,444,1642
25078,442,1833
25079,442,1963
25080,442,2031
25081,442,1981
25082,443,1900
25083,448,1767
25084,448,1622
25085,448,1495
25086,442,1547
25087,448,1643
25088,442,1835
25089,448,1963
25090,448,2031
25091,448,1979
25092,448,1901
25093,443,1766
25094,448,1621
25095,442,1495
25096,442,1549
25097,442,1644
25098,443,1836
25099,448,1964
25100,447,2031
25101,441,1981
25102,442,1899
25103,443,1765
25104,442,1619
25105,442,1495
25106,442,1547
25107,448,1645
25108,442,1837
25109,444,1967
25110,448,2035
25111,443,1980
25112,443,1901
25113,442,1749
25114,448,1613
25115,440,1495
25116,442,1548
25117,442,1650
25118,442,1837
25119,441,1967
25120,440,2032
25121,443,1980
25122,442,1897
25123,442,1763
25124,442,1618
25125,443,1496
25126,442,1548
25127,443,1652
25128,442,1837
25129,448,1966
25130,442,2034
25131,448,1980
25132,448,1898
25133,448,1763
25134,442,1619
25135,448,1495
25136,449,1547
25137,448,1653
25138,441,1838
25139,443,1967
25140,442,2031
25141,442,1978
25142,442,1897
25143,444,1759
25144,442,1617
25145,442,1495
25146,443,1547
25147,442,1653
25148,442,1847
25149,442,1951
25150,442,2027
25151,442,1989
25152,448,1909
25153,442,1770
25154,442,1631
25155,443,1499
25156,443,1542
25157,448,1625
25158,442,1823
25159,442,1957
25160,442,2025
25161,442,1975
25162,448,1894
25163,443,1758
25164,442,1611
25165,442,1493
25166,442,1548
25167,447,1656
25168,448,1840
25169,442,1973
25170,448,2031
25171,443,1977
25172,448,1894
25173,442,1757
25174,448,1612
25175,444,1491
25176,448,1547
25177,442,1656
25178,448,1845
25179,444,1971
25180,449,2035
25181,448,1977
25182,442,1895
25183,444,1757
25184,442,1611
25185,448,1493
25186,442,1549
25187,448,1657
25188,448,1845
25189,448,1971
25190,448,2032
25191,442,1979
25192,442,1893
25193,442,1757
25194,444,1611
25195,442,1493
25196,448,1551
25197,443,1657
25198,448,1846
25199,448,1973
25200,442,2032
25201,443,1977
25202,448,1893
25203,448,1756
25204,442,1609
25205,448,1495
25206,448,1554
25207,442,1658
25208,442,1847
25209,442,1975
25210,441,2031
25211,448,1975
25212,442,1892
25213,448,1756
25214,448,1607
25215,442,1493
25216,442,1553
25217,448,1659
25218,442,1847
25219,442,1974
25220,448,2035
25221,442,1977
25222,448,1890
25223,443,1755
25224,442,1608
25225,442,1493
25226,443,1554
25227,443,1661
25228,444,1849
25229,442,1975
25230,442,2032
25231,442,1977
25232,448,1890
25233,442,1755
25234,443,1607
25235,448,1495
25236,443,1555
25237,448,1659
25238,448,1849
25239,448,1975
25240,448,2031
25241,448,1976
25242,442,1887
25243,442,1753
25244,444,1607
25245,443,1493
25246,443,1553
25247,442,1661
25248,448,1863
25249,442,1959
25250,448,2027
25251,448,1979
25252,448,1899
25253,448,1765
25254,448,1623
25255,442,1493
25256,443,1545
25257,443,1639
25258,442,1832
25259,447,1963
25260,443,2029
25261,448,1971
25262,448,1884
25263,448,1753
25264,443,1606
25265,444,1492
25266,448,1551
25267,448,1663
25268,442,1851
25269,443,1976
25270,442,2031
25271,448,1976
25272,448,1886
25273,442,1752
25274,442,1607
25275,448,1493
25276,444,1553
25277,442,1669
25278,448,1851
25279,448,1975
25280,443,2031
25281,448,1975
25282,443,1885
25283,443,1751
25284,442,1605
25285,443,1493
25286,442,1554
25287,443,1671
25288,443,1851
25289,442,1977
25290,444,2031
25291,447,1974
25292,442,1885
25293,443,1753
25294,443,1605
25295,443,1493
25296,442,1556
25297,442,1673
25298,448,1852
25299,448,1977
25300,442,2031
25301,442,1975
25302,442,1883
25303,447,1751
25304,448,1604
25305,442,1493
25306,448,1554
25307,444,1673
25308,443,1852
25309,443,1976
25310,442,2029
25311,448,1975
25312,443,1883
25313,448,1750
25314,448,1599
25315,443,1493
25316,448,1555
25317,448,1675
25318,443,1855
25319,447,1977
25320,448,2030
25321,443,1973
25322,448,1882
25323,442,1749
25324,443,1597
25325,448,1491
25326,443,1556
25327,448,1673
25328,443,1854
25329,448,1977
25330,443,2031
25331,443,1975
25332,443,1883
25333,442,1749
25334,442,1597
25335,448,1492
25336,442,1556
25337,448,1676
25338,448,1854
25339,448,1977
25340,443,2031
25341,443,1973
25342,442,1881
25343,443,1749
25344,448,1597
25345,448,1493
25346,448,1557
25347,447,1677
25348,442,1876
25349,448,1967
25350,443,2029
25351,443,1977
25352,448,1893
25353,448,1757
25354,442,1612
25355,442,1491
25356,442,1548
25357,443,1651
25358,448,1839
25359,448,1967
25360,448,2029
25361,448,1967
25362,448,1877
25363,448,1747
25364,442,1595
25365,448,1493
25366,442,1557
25367,448,1681
25368,448,1861
25369,448,1980
25370,448,2030
25371,443,1973
25372,448,1878
25373,443,1748
25374,448,1596
25375,448,1494
25376,448,1556
25377,442,1683
25378,442,1863
25379,442,1979
25380,442,2029
25381,441,1974
25382,442,1879
25383,442,1747
25384,443,1595
25385,443,1492
25386,442,1556
25387,443,1684
25388,443,1864
25389,443,1983
25390,443,2029
25391,443,1975
25392,443,1891
25393,448,1756
25394,448,1608
25395,442,1491
25396,448,1548
25397,448,1657
25398,443,1845
25399,447,1967
25400,448,2029
25401,448,1975
25402,448,1865
25403,448,1743
25404,449,1592
25405,447,1493
25406,442,1558
25407,443,1685
25408,444,1867
25409,442,1981
25410,448,2029
25411,442,1971
25412,448,1875
25413,447,1741
25414,443,1591
25415,448,1493
25416,448,1559
25417,448,1685
25418,448,1867
25419,448,1980
25420,448,2029
25421,443,1972
25422,447,1871
25423,448,1740
25424,443,1589
25425,448,1493
25426,448,1559
25427,448,1683
25428,448,1866
25429,448,1979
25430,448,2029
25431,443,1971
25432,442,1871
25433,442,1741
25434,448,1589
25435,442,1492
25436,442,1560
25437,449,1689
25438,443,1869
25439,448,1981
25440,442,2027
25441,448,1971
25442,448,1873
25443,442,1741
25444,448,1589
25445,442,1493
25446,442,1559
25447,444,1689
25448,448,1870
25449,448,1983
25450,448,2028
25451,442,1971
25452,442,1869
25453,443,1741
25454,447,1591
25455,448,1493
25456,447,1560
25457,442,1691
25458,443,1873
25459,444,1982
25460,448,2029
25461,442,1967
25462,442,1869
25463,442,1740
25464,448,1588
25465,443,1493
25466,442,1559
25467,442,1689
25468,448,1871
25469,447,1981
25470,448,2029
25471,448,1971
25472,442,1869
25473,443,1739
25474,443,1587
25475,443,1494
25476,448,1560
25477,443,1691
25478,442,1875
25479,442,1983
25480,443,2028
25481,448,1967
25482,447,1869
25483,448,1739
25484,443,1583
25485,448,1493
25486,448,1561
25487,447,1695
25488,448,1876
25489,447,1991
25490,442,2029
25491,440,1973
25492,448,1881
25493,442,1750
25494,448,1597
25495,442,1491
25496,448,1553
25497,448,1672
25498,443,1851
25499,448,1973
25500,448,2023
25501,448,1966
25502,449,1861
25503,448,1735
25504,443,1582
25505,448,1493
25506,447,1559
25507,450,1693
25508,448,1876
25509,448,1983
25510,448,2027
25511,448,1967
25512,448,1865
25513,448,1737
25514,448,1582
25515,442,1494
25516,442,1561
25517,448,1693
25518,448,1875
25519,447,1983
25520,448,2027
25521,443,1967
25522,448,1866
25523,448,1735
25524,443,1583
25525,448,1495
25526,448,1563
25527,442,1695
25528,448,1876
25529,448,1983
25530,448,2027
25531,448,1971
25532,443,1865
25533,448,1736
25534,448,1565
25535,448,1493
25536,449,1555
25537,448,1678
25538,444,1861
25539,448,1973
25540,448,2026
25541,448,1967
25542,448,1879
25543,442,1747
25544,443,1593
25545,448,1489
25546,448,1555
25547,449,1726
25548,449,1891
25549,448,1976
25550,448,2029
25551,448,1971
25552,448,1875
25553,448,1743
25554,448,1593
25555,449,1491
25556,448,1555
25557,448,1675
25558,448,1861
25559,442,1977
25560,448,2029
25561,444,1962
25562,448,1861
25563,443,1735
25564,443,1578
25565,447,1495
25566,448,1563
25567,444,1702
25568,448,1880
25569,442,1989
25570,449,2027
25571,448,1965
25572,448,1861
25573,448,1733
25574,448,1579
25575,448,1494
25576,443,1563
25577,448,1703
25578,448,1879
25579,448,1989
25580,443,2025
25581,448,1963
25582,442,1855
25583,442,1732
25584,448,1576
25585,444,1494
25586,448,1563
25587,443,1706
25588,447,1881
25589,448,1989
25590,443,2026
25591,448,1965
25592,448,1860
25593,448,1733
25594,447,1577
25595,443,1495
25596,443,1564
25597,444,1705
25598,448,1882
25599,448,1991
25600,448,2023
25601,448,1963
25602,448,1853
25603,448,1725
25604,448,1577
25605,448,1493
25606,448,1563
25607,443,1709
25608,448,1883
25609,448,1992
25610,443,2026
25611,443,1965
25612,448,1855
25613,448,1707
25614,448,1576
25615,448,1496
25616,443,1565
25617,442,1711
25618,448,1884
25619,443,1993
25620,442,2024
25621,448,1965
25622,443,1852
25623,448,1724
25624,448,1575
25625,448,1495
25626,448,1565
25627,448,1711
25628,443,1886
25629,448,1991
25630,448,2025
25631,448,1963
25632,443,1851
25633,444,1725
25634,448,1575
25635,449,1496
25636,448,1567
25637,444,1715
25638,444,1887
25639,444,1993
25640,442,2023
25641,448,1961
25642,448,1848
25643,448,1724
25644,448,1574
25645,448,1495
25646,448,1564
25647,443,1715
25648,443,1896
25649,443,1979
25650,448,2025
25651,443,1961
25652,448,1867
25653,443,1737
25654,443,1584
25655,442,1493
25656,443,1559
25657,448,1691
25658,442,1868
25659,448,1981
25660,442,2025
25661,448,1962
25662,448,1848
25663,448,1720
25664,444,1571
25665,447,1495
25666,448,1565
25667,443,1717
25668,448,1887
25669,442,1994
25670,442,2024
25671,443,1963
25672,442,1848
25673,448,1721
25674,443,1572
25675,448,1496
25676,442,1565
25677,443,1717
25678,448,1887
25679,441,1995
25680,443,2025
25681,448,1962
25682,442,1849
25683,442,1721
25684,442,1573
25685,448,1496
25686,443,1566
25687,448,1720
25688,448,1891
25689,442,1993
25690,448,2025
25691,444,1959
25692,448,1848
25693,443,1720
25694,448,1571
25695,448,1496
25696,448,1567
25697,448,1721
25698,448,1891
25699,442,1995
25700,443,2025
25701,448,1961
25702,448,1848
25703,447,1721
25704,442,1571
25705,443,1497
25706,448,1568
25707,448,1723
25708,442,1891
25709,448,1995
25710,448,2023
25711,448,1962
25712,448,1847
25713,448,1720
25714,448,1567
25715,442,1495
25716,442,1567
25717,448,1725
25718,448,1893
25719,448,1995
25720,444,2022
25721,448,1960
25722,442,1844
25723,448,1719
25724,443,1567
25725,443,1497
25726,442,1568
25727,442,1724
25728,443,1892
25729,448,1995
25730,448,2023
25731,448,1961
25732,448,1845
25733,448,1719
25734,448,1570
25735,448,1498
25736,448,1571
25737,442,1725
25738,448,1893
25739,443,1997
25740,448,2023
25741,441,1960
25742,443,1843
25743,444,1718
25744,448,1566
25745,443,1497
25746,442,1567
25747,444,1726
25748,443,1901
25749,448,1983
25750,443,2023
25751,443,1963
25752,450,1861
25753,443,1726
25754,448,1577
25755,448,1493
25756,448,1560
25757,448,1702
25758,448,1877
25759,443,1989
25760,442,2023
25761,447,1959
25762,448,1838
25763,442,1717
25764,448,1564
25765,442,1497
25766,448,1571
25767,448,1727
25768,443,1895
25769,443,1996
25770,448,2021
25771,448,1959
25772,448,1838
25773,448,1716
25774,448,1564
25775,442,1499
25776,443,1571
25777,442,1734
25778,442,1896
25779,448,1998
25780,448,2022
25781,443,1957
25782,442,1839
25783,442,1718
25784,447,1565
25785,448,1499
25786,448,1573
25787,442,1735
25788,442,1897
25789,448,1997
25790,442,2020
25791,448,1957
25792,448,1837
25793,448,1715
25794,442,1561
25795,448,1499
25796,448,1571
25797,442,1737
25798,442,1896
25799,443,1999
25800,442,2019
25801,448,1959
25802,441,1836
25803,448,1711
25804,443,1561
25805,448,1499
25806,442,1571
25807,447,1738
25808,442,1899
25809,442,1997
25810,447,2020
25811,448,1959
25812,442,1837
25813,448,1712
25814,442,1562
25815,442,1499
25816,448,1572
25817,448,1737
25818,442,1898
25819,448,2003
25820,448,2021
25821,442,1959
25822,443,1835
25823,440,1711
25824,443,1561
25825,448,1501
25826,442,1573
25827,442,1739
25828,448,1900
25829,448,1999
25830,442,2019
25831,441,1958
25832,442,1835
25833,447,1710
25834,448,1560
25835,448,1501
25836,443,1573
25837,443,1742
25838,448,1901
25839,448,1999
25840,443,2019
25841,442,1957
25842,443,1833
25843,442,1711
25844,442,1560
25845,442,1500
25846,442,1573
25847,448,1741
25848,442,1909
25849,443,1991
25850,448,2022
25851,442,1961
25852,448,1847
25853,443,1720
25854,443,1571
25855,448,1495
25856,443,1565
25857,448,1715
25858,449,1883
25859,448,1992
25860,448,2024
25861,448,1955
25862,448,1833
25863,444,1709
25864,443,1559
25865,443,1501
25866,442,1573
25867,442,1745
25868,442,1903
25869,448,2004
25870,448,2021
25871,443,1958
25872,443,1834
25873,448,1709
25874,443,1560
25875,448,1501
25876,442,1575
25877,442,1747
25878,448,1903
25879,448,2004
25880,448,2019
25881,448,1957
25882,443,1831
25883,448,1709
25884,448,1557
25885,442,1502
25886,442,1575
25887,442,1746
25888,442,1907
25889,448,2008
25890,448,2021
25891,443,1959
25892,448,1789
25893,448,1719
25894,448,1566
25895,448,1495
25896,442,1565
25897,442,1720
25898,448,1886
25899,443,1992
25900,444,2022
25901,442,1959
25902,442,1822
25903,448,1705
25904,448,1557
25905,448,1507
25906,442,1575
25907,448,1749
25908,442,1907
25909,448,2003
25910,448,2015
25911,448,1956
25912,443,1829
25913,448,1707
25914,448,1558
25915,448,1503
25916,448,1575
25917,447,1748
25918,448,1907
25919,448,2002
25920,448,2014
25921,448,1951
25922,442,1827
25923,442,1705
25924,443,1555
25925,448,1503
25926,443,1577
25927,448,1748
25928,443,1907
25929,442,2004
25930,447,2013
25931,443,1955
25932,447,1827
25933,443,1705
25934,448,1555
25935,448,1507
25936,442,1577
25937,447,1751
25938,447,1908
25939,443,2004
25940,448,2014
25941,447,1952
25942,442,1828
25943,441,1705
25944,448,1553
25945,442,1508
25946,448,1577
25947,443,1753
25948,443,1909
25949,448,2005
25950,448,2013
25951,448,1955
25952,442,1823
25953,443,1705
25954,443,1553
25955,443,1508
25956,443,1579
25957,442,1755
25958,448,1909
25959,442,2005
25960,442,2014
25961,448,1955
25962,447,1823
25963,448,1704
25964,447,1553
25965,448,1507
25966,448,1579
25967,448,1754
25968,444,1911
25969,447,2005
25970,443,2012
25971,442,1955
25972,448,1823
25973,442,1703
25974,448,1551
25975,443,1509
25976,443,1579
25977,448,1755
25978,448,1911
25979,442,2006
25980,442,2012
25981,442,1955
25982,442,1822
25983,448,1703
25984,447,1551
25985,442,1509
25986,442,1579
25987,448,1757
25988,447,1912
25989,448,2011
25990,443,2020
25991,442,1957
25992,442,1837
25993,443,1711
25994,442,1562
25995,442,1498
25996,442,1571
25997,450,1733
25998,442,1894
25999,448,1997
26000,443,2005
26001,444,1957
26002,448,1811
26003,447,1694
26004,443,1547
26005,448,1509
26006,442,1580
26007,448,1757
26008,448,1912
26009,442,2006
26010,442,2011
26011,444,1950
26012,442,1820
26013,440,1699
26014,442,1547
26015,443,1509
26016,443,1579
26017,443,1761
26018,444,1912
26019,442,2008
26020,441,2012
26021,443,1949
26022,442,1819
26023,448,1695
26024,448,1545
26025,448,1509
26026,448,1581
26027,448,1757
26028,442,1913
26029,443,2007
26030,448,2011
26031,442,1950
26032,448,1818
26033,442,1695
26034,443,1527
26035,442,1509
26036,443,1571
26037,448,1740
26038,442,1899
26039,443,1995
26040,440,2013
26041,442,1955
26042,442,1833
26043,442,1708
26044,443,1557
26045,448,1500
26046,442,1573
26047,442,1741
26048,442,1939
26049,442,2001
26050,442,2015
26051,441,1956
26052,442,1832
26053,448,1708
26054,448,1559
26055,443,1501
26056,442,1573
26057,443,1739
26058,448,1900
26059,442,1998
26060,447,2017
26061,443,1949
26062,442,1809
26063,442,1691
26064,448,1543
26065,442,1511
26066,442,1582
26067,448,1767
26068,443,1914
26069,443,2010
26070,443,2009
26071,440,1949
26072,448,1818
26073,447,1691
26074,440,1546
26075,447,1513
26076,442,1583
26077,443,1769
26078,443,1917
26079,442,2011
26080,442,2009
26081,443,1949
26082,443,1816
26083,442,1691
26084,448,1544
26085,443,1512
26086,441,1582
26087,448,1769
26088,442,1917
26089,442,2010
26090,448,2011
26091,443,1947
26092,448,1813
26093,443,1689
26094,442,1543
26095,442,1512
26096,441,1583
26097,448,1769
26098,443,1916
26099,448,2007
26100,448,2010
26101,448,1949
26102,442,1815
26103,443,1689
26104,442,1543
26105,443,1513
26106,447,1584
26107,442,1769
26108,443,1919
26109,443,2011
26110,448,2010
26111,448,1948
26112,447,1814
26113,443,1657
26114,448,1533
26115,441,1513
26116,444,1587
26117,448,1771
26118,442,1918
26119,443,2012
26120,450,2008
26121,444,1947
26122,448,1813
26123,448,1686
26124,448,1541
26125,442,1515
26126,442,1587
26127,443,1772
26128,447,1919
26129,447,2013
26130,448,2008
26131,447,1947
26132,448,1811
26133,443,1687
26134,442,1542
26135,442,1515
26136,442,1588
26137,448,1775
26138,443,1919
26139,442,2011
26140,448,2007
26141,442,1945
26142,441,1811
26143,450,1683
26144,448,1533
26145,442,1515
26146,443,1589
26147,448,1772
26148,443,1928
26149,441,2002
26150,443,2012
26151,442,1951
26152,448,1823
26153,442,1701
26154,441,1553
26155,442,1507
26156,436,1581
26157,443,1751
26158,443,1907
26159,443,2004
26160,442,2012
26161,442,1942
26162,442,1806
26163,443,1683
26164,448,1531
26165,448,1515
26166,442,1587
26167,442,1779
26168,448,1920
26169,448,2013
26170,442,2006
26171,442,1943
26172,448,1810
26173,443,1678
26174,448,1529
26175,443,1517
26176,448,1590
26177,442,1780
26178,444,1919
26179,443,2011
26180,442,2005
26181,448,1943
26182,448,1809
26183,443,1677
26184,448,1529
26185,443,1517
26186,444,1591
26187,442,1781
26188,443,1927
26189,448,2013
26190,442,2005
26191,448,1944
26192,448,1805
26193,447,1677
26194,448,1528
26195,442,1516
26196,447,1592
26197,448,1781
26198,448,1927
26199,448,2013
26200,444,2005
26201,448,1942
26202,443,1807
26203,448,1678
26204,442,1531
26205,447,1517
26206,447,1591
26207,448,1782
26208,442,1927
26209,448,2015
26210,448,2005
26211,447,1943
26212,443,1807
26213,442,1678
26214,448,1529
26215,442,1517
26216,443,1592
26217,447,1783
26218,442,1929
26219,444,2013
26220,448,2004
26221,448,1943
26222,448,1803
26223,442,1676
26224,443,1528
26225,442,1518
26226,448,1592
26227,447,1784
26228,448,1927
26229,442,2019
26230,442,2005
26231,448,1942
26232,442,1803
26233,442,1676
26234,448,1528
26235,442,1518
26236,442,1592
26237,448,1784
26238,443,1929
26239,448,2014
26240,448,2003
26241,448,1943
26242,442,1803
26243,448,1675
26244,448,1527
26245,448,1519
26246,448,1595
26247,442,1784
26248,448,1938
26249,442,2005
26250,448,2008
26251,448,1947
26252,448,1815
26253,450,1691
26254,448,1545
26255,442,1511
26256,443,1581
26257,443,1762
26258,442,1913
26259,442,2007
26260,443,2008
26261,448,1933
26262,448,1801
26263,447,1672
26264,442,1525
26265,448,1518
26266,448,1593
26267,448,1785
26268,448,1928
26269,448,2014
26270,443,2003
26271,447,1940
26272,442,1801
26273,442,1671
26274,442,1525
26275,448,1521
26276,448,1594
26277,448,1785
26278,448,1929
26279,443,2015
26280,442,2004
26281,448,1938
26282,447,1801
26283,442,1671
26284,442,1526
26285,447,1523
26286,448,1594
26287,448,1789
26288,448,1929
26289,442,2014
26290,442,2003
26291,447,1941
26292,448,1803
26293,443,1672
26294,448,1527
26295,442,1519
26296,442,1596
26297,443,1787
26298,442,1929
26299,442,2019
26300,443,2004
26301,442,1939
26302,447,1801
26303,443,1671
26304,448,1525
26305,442,1523
26306,448,1596
26307,448,1789
26308,448,1929
26309,443,2015
26310,443,2003
26311,442,1939
26312,448,1800
26313,442,1671
26314,442,1525
26315,443,1523
26316,442,1597
26317,443,1791
26318,448,1932
26319,442,2019
26320,442,1999
26321,442,1938
26322,448,1800
26323,448,1662
26324,448,1523
26325,444,1523
26326,442,1598
26327,442,1790
26328,448,1933
26329,442,2019
26330,448,2002
26331,443,1937
26332,442,1799
26333,448,1663
26334,447,1523
26335,447,1525
26336,448,1597
26337,448,1791
26338,448,1932
26339,442,2020
26340,443,2002
26341,448,1937
26342,448,1797
26343,448,1661
26344,448,1519
26345,444,1523
26346,448,1597
26347,442,1791
26348,443,1941
26349,448,2007
26350,443,2004
26351,443,1943
26352,448,1807
26353,442,1683
26354,443,1531
26355,443,1519
26356,448,1583
26357,442,1771
26358,443,1917
26359,448,2010
26360,443,2005
26361,448,1929
26362,448,1790
26363,448,1659
26364,442,1519
26365,444,1525
26366,442,1605
26367,442,1800
26368,442,1933
26369,448,2020
26370,442,1998
26371,448,1934
26372,443,1790
26373,448,1657
26374,442,1517
26375,443,1525
26376,448,1599
26377,448,1799
26378,442,1933
26379,443,2018
26380,443,1996
26381,448,1931
26382,442,1791
26383,442,1657
26384,448,1517
26385,442,1527
26386,448,1605
26387,443,1800
26388,448,1934
26389,448,2022
26390,443,2003
26391,444,1941
26392,443,1805
26393,443,1679
26394,443,1528
26395,442,1515
26396,442,1588
26397,442,1779
26398,442,1918
26399,443,2009
26400,444,2003
26401,442,1941
26402,448,1783
26403,442,1655
26404,442,1517
26405,448,1527
26406,448,1605
26407,443,1803
26408,448,1936
26409,448,2021
26410,447,1997
26411,448,1931
26412,448,1789
26413,442,1657
26414,443,1517
26415,448,1526
26416,443,1611
26417,442,1801
26418,448,1939
26419,448,2021
26420,443,1995
26421,442,1931
26422,442,1788
26423,448,1655
26424,442,1516
26425,442,1527
26426,440,1610
26427,443,1802
26428,448,1939
26429,448,2023
26430,443,1996
26431,442,1932
26432,443,1785
26433,447,1654
26434,442,1515
26435,442,1527
26436,448,1608
26437,448,1803
26438,448,1941
26439,448,2021
26440,448,1995
26441,448,1929
26442,448,1787
26443,448,1655
26444,448,1515
26445,442,1529
26446,448,1611
26447,448,1803
26448,448,1940
26449,448,2023
26450,448,1995
26451,442,1931
26452,443,1787
26453,443,1653
26454,448,1513
26455,442,1527
26456,448,1611
26457,447,1803
26458,442,1942
26459,442,2023
26460,448,1995
26461,443,1929
26462,444,1787
26463,444,1653
26464,442,1513
26465,442,1527
26466,443,1610
26467,443,1805
26468,442,1943
26469,448,2023
26470,442,1995
26471,444,1928
26472,448,1785
26473,449,1648
26474,442,1513
26475,443,1529
26476,447,1613
26477,448,1805
26478,442,1943
26479,441,2021
26480,444,1995
26481,442,1911
26482,442,1801
26483,448,1679
26484,448,1524
26485,448,1512
26486,440,1591
26487,448,1797
26488,442,1951
26489,452,2025
26490,442,1997
26491,449,1931
26492,440,1785
26493,440,1676
26494,439,1517
26495,448,1523
26496,439,1607
26497,448,1783
26498,442,1931
26499,448,2014
26500,448,1981
26501,448,1933
26502,440,1799
26503,448,1653
26504,448,1527
26505,451,1511
26506,450,1583
26507,448,1787
26508,442,1930
26509,438,2025
26510,438,1983
26511,448,1919
26512,443,1781
26513,443,1670
26514,442,1523
26515,442,1519
26516,441,1594
26517,442,1787
26518,448,1930
26519,448,2013
26520,442,1997
26521,442,1935
26522,448,1798
26523,448,1661
26524,442,1500
26525,447,1528
26526,442,1620
26527,448,1813
26528,448,1945
26529,447,2024
26530,442,1993
26531,442,1926
26532,442,1783
26533,442,1646
26534,441,1499
26535,443,1529
26536,443,1595
26537,448,1788
26538,442,1931
26539,442,2013
26540,442,1997
26541,448,1933
26542,443,1797
26543,442,1661
26544,447,1519
26545,443,1520
26546,448,1597
26547,442,1828
26548,442,1958
26549,442,2014
26550,448,1997
26551,443,1934
26552,448,1789
26553,448,1659
26554,443,1519
26555,447,1523
26556,442,1597
26557,442,1789
26558,442,1931
26559,443,2017
26560,443,1996
26561,443,1910
26562,443,1781
26563,448,1643
26564,443,1507
26565,442,1533
26566,443,1621
26567,442,1815
26568,442,1947
26569,442,2025
26570,442,1992
26571,442,1919
26572,447,1781
26573,443,1644
26574,442,1509
26575,444,1532
26576,442,1623
26577,448,1815
26578,447,1949
26579,442,2027
26580,442,1991
26581,448,1919
26582,448,1779
26583,448,1641
26584,442,1507
26585,442,1533
26586,441,1623
26587,448,1815
26588,442,1949
26589,448,2025
26590,442,1991
26591,441,1917
26592,443,1779
26593,442,1639
26594,448,1503
26595,442,1531
26596,442,1624
26597,448,1817
26598,443,1948
26599,443,2026
26600,442,1989
26601,448,1915
26602,448,1779
26603,448,1639
26604,448,1506
26605,443,1533
26606,448,1624
26607,448,1817
26608,448,1949
26609,448,2027
26610,442,1991
26611,448,1915
26612,443,1779
26613,442,1613
26614,443,1501
26615,444,1541
26616,448,1627
26617,448,1819
26618,443,1950
26619,448,2027
26620,442,1991
26621,448,1914
26622,443,1779
26623,443,1637
26624,443,1503
26625,448,1533
26626,448,1627
26627,447,1818
26628,448,1951
26629,442,2027
26630,442,1989
26631,448,1915
26632,443,1774
26633,447,1636
26634,448,1507
26635,448,1541
26636,448,1628
26637,442,1821
26638,443,1951
26639,442,2027
26640,448,1991
26641,442,1915
26642,442,1776
26643,443,1637
26644,448,1507
26645,443,1541
26646,448,1628
26647,448,1819
26648,448,1961
26649,448,2019
26650,448,1993
26651,443,1928
26652,448,1785
26653,448,1651
26654,448,1513
26655,443,1525
26656,448,1609
26657,442,1801
26658,448,1935
26659,448,2022
26660,442,1994
26661,443,1909
26662,442,1773
26663,442,1631
26664,442,1501
26665,442,1534
26666,442,1627
26667,443,1821
26668,442,1956
26669,441,2028
26670,442,1991
26671,442,1913
26672,442,1773
26673,443,1633
26674,442,1501
26675,448,1543
26676,442,1629
26677,448,1821
26678,442,1956
26679,448,2029
26680,442,1990
26681,442,1912
26682,448,1772
26683,442,1629
26684,442,1502
26685,443,1541
26686,442,1629
26687,448,1826
26688,441,1957
26689,442,2028
26690,443,1989
26691,448,1910
26692,442,1773
26693,443,1630
26694,442,1501
26695,442,1543
26696,442,1633
26697,447,1827
26698,448,1956
26699,442,2029
26700,442,1989
26701,447,1911
26702,442,1771
26703,442,1628
26704,443,1499
26705,442,1543
26706,443,1631
26707,442,1824
26708,443,1955
26709,442,2029
26710,447,1989
26711,442,1909
26712,442,1771
26713,443,1629
26714,442,1500
26715,443,1543
26716,440,1635
26717,442,1828
26718,447,1959
26719,443,2030
26720,443,1983
26721,448,1909
26722,442,1771
26723,448,1627
26724,442,1499
26725,442,1543
26726,448,1637
26727,444,1830
26728,448,1959
26729,448,2031
26730,442,1988
26731,448,1909
26732,448,1771
26733,444,1628
26734,442,1499
26735,442,1544
26736,442,1637
26737,442,1831
26738,442,1959
26739,442,2030
26740,442,1983
26741,442,1909
26742,442,1770
26743,448,1626
26744,443,1499
26745,443,1545
26746,441,1639
26747,447,1831
26748,443,1967
26749,442,2023
26750,443,1991
26751,443,1917
26752,443,1781
26753,443,1643
26754,442,1509
26755,443,1529
26756,443,1618
26757,442,1813
26758,442,1941
26759,442,2023
26760,444,1991
26761,443,1901
26762,448,1768
26763,442,1623
26764,442,1497
26765,443,1545
26766,442,1639
26767,442,1831
26768,448,1961
26769,440,2031
26770,443,1982
26771,442,1903
26772,442,1767
26773,442,1625
26774,442,1499
26775,442,1545
26776,442,1639
26777,447,1833
26778,443,1961
26779,442,2030
26780,448,1982
26781,442,1907
26782,443,1767
26783,442,1623
26784,440,1497
26785,442,1545
26786,443,1640
26787,442,1833
26788,448,1961
26789,442,2031
26790,443,1982
26791,443,1901
26792,448,1767
26793,442,1623
26794,448,1495
26795,443,1545
26796,448,1641
26797,448,1833
26798,444,1963
26799,442,2032
26800,442,1979
26801,447,1901
26802,448,1767
26803,448,1620
26804,442,1496
26805,443,1546
26806,447,1641
26807,448,1833
26808,448,1963
26809,448,2032
26810,442,1981
26811,448,1901
26812,442,1765
26813,442,1621
26814,442,1495
26815,442,1547
26816,448,1643
26817,442,1833
26818,442,1965
26819,443,2031
26820,442,1981
26821,448,1899
26822,442,1765
26823,448,1621
26824,442,1497
26825,443,1547
26826,448,1645
26827,443,1833
26828,448,1965
26829,447,2031
26830,448,1981
26831,448,1901
26832,441,1765
26833,442,1621
26834,442,1496
26835,443,1548
26836,442,1645
26837,442,1835
26838,448,1965
26839,442,2031
26840,448,1980
26841,442,1900
26842,442,1765
26843,442,1619
26844,442,1495
26845,442,1547
26846,442,1646
26847,448,1836
26848,448,1973
26849,443,2025
26850,448,1983
26851,448,1913
26852,448,1773
26853,448,1635
26854,443,1500
26855,442,1533
26856,447,1625
26857,442,1819
26858,448,1950
26859,448,2026
26860,448,1982
26861,448,1893
26862,448,1759
26863,448,1618
26864,448,1493
26865,443,1548
26866,448,1647
26867,448,1836
26868,449,1965
26869,447,2031
26870,442,1979
26871,448,1897
26872,448,1763
26873,447,1619
26874,448,1493
26875,442,1549
26876,442,1647
26877,442,1837
26878,448,1965
26879,449,2031
26880,448,1979
26881,443,1896
26882,448,1763
26883,443,1615
26884,443,1493
26885,443,1547
26886,447,1651
26887,443,1839
26888,442,1967
26889,448,2031
26890,448,1981
26891,448,1907
26892,448,1771
26893,443,1629
26894,448,1499
26895,443,1531
26896,442,1629
26897,448,1821
26898,442,1951
26899,442,2027
26900,448,1981
26901,442,1909
26902,442,1755
26903,443,1612
26904,443,1493
26905,443,1549
26906,448,1651
26907,448,1838
26908,442,1971
26909,442,2031
26910,442,1979
26911,442,1895
26912,448,1757
26913,442,1612
26914,448,1493
26915,443,1548
26916,448,1655
26917,448,1839
26918,448,1971
26919,442,2031
26920,448,1979
26921,447,1894
26922,442,1761
26923,448,1613
26924,442,1492
26925,444,1549
26926,442,1656
26927,448,1843
26928,443,1973
26929,442,2031
26930,443,1978
26931,443,1895
26932,448,1757
26933,448,1611
26934,448,1493
26935,448,1549
26936,443,1655
26937,448,1844
26938,442,1975
26939,442,2032
26940,442,1979
26941,444,1893
26942,442,1757
26943,443,1612
26944,443,1493
26945,443,1553
26946,444,1658
26947,442,1845
26948,443,1973
26949,448,2031
26950,448,1977
26951,442,1892
26952,447,1757
26953,440,1611
26954,442,1493
26955,442,1551
26956,442,1659
26957,448,1843
26958,443,1973
26959,447,2032
26960,442,1977
26961,442,1893
26962,444,1757
26963,442,1609
26964,443,1493
26965,448,1553
26966,442,1660
26967,447,1846
26968,442,1975
26969,448,2031
26970,442,1977
26971,443,1891
26972,444,1755
26973,442,1608
26974,442,1492
26975,443,1553
26976,443,1659
26977,443,1847
26978,448,1974
26979,443,2031
26980,442,1977
26981,442,1889
26982,448,1757
26983,447,1607
26984,447,1492
26985,448,1553
26986,448,1661
26987,448,1849
26988,448,1973
26989,442,2029
26990,443,1979
26991,442,1901
26992,444,1765
26993,443,1621
26994,442,1495
26995,442,1544
26996,447,1641
26997,448,1831
26998,442,1959
26999,442,2030
27000,447,1971
27001,442,1901
27002,448,1747
27003,443,1607
27004,448,1491
27005,442,1555
27006,442,1670
27007,448,1849
27008,442,1975
27009,442,2032
27010,444,1974
27011,448,1887
27012,442,1754
27013,442,1607
27014,448,1492
27015,448,1553
27016,448,1670
27017,448,1849
27018,444,1975
27019,442,2031
27020,442,1975
27021,448,1886
27022,447,1753
27023,443,1606
27024,442,1491
27025,448,1555
27026,442,1671
27027,442,1850
27028,448,1975
27029,444,2029
27030,442,1975
27031,442,1885
27032,443,1752
27033,448,1603
27034,448,1493
27035,442,1555
27036,443,1641
27037,442,1835
27038,448,1960
27039,442,2027
27040,442,1977
27041,444,1897
27042,443,1763
27043,447,1614
27044,441,1493
27045,448,1545
27046,442,1645
27047,443,1836
27048,448,1992
27049,442,2035
27050,442,1978
27051,448,1897
27052,442,1761
27053,443,1614
27054,448,1493
27055,443,1545
27056,448,1643
27057,448,1835
27058,448,1964
27059,448,2029
27060,443,1977
27061,443,1883
27062,442,1742
27063,442,1595
27064,448,1494
27065,442,1557
27066,448,1675
27067,448,1853
27068,444,1975
27069,444,2030
27070,448,1975
27071,448,1882
27072,448,1751
27073,448,1598
27074,448,1493
27075,442,1555
27076,442,1673
27077,448,1855
27078,442,1979
27079,444,2030
27080,443,1975
27081,447,1881
27082,443,1749
27083,448,1597
27084,443,1493
27085,448,1557
27086,442,1674
27087,448,1861
27088,443,1977
27089,443,2031
27090,448,1973
27091,448,1882
27092,448,1749
27093,448,1597
27094,443,1491
27095,442,1557
27096,443,1675
27097,448,1855
27098,442,1977
27099,448,2031
27100,443,1975
27101,448,1880
27102,443,1749
27103,443,1596
27104,440,1492
27105,448,1557
27106,448,1676
27107,448,1861
27108,442,1978
27109,443,2030
27110,448,1972
27111,443,1878
27112,443,1748
27113,448,1575
27114,447,1491
27115,447,1556
27116,448,1679
27117,442,1864
27118,443,1979
27119,449,2029
27120,448,1973
27121,443,1877
27122,448,1745
27123,442,1595
27124,442,1491
27125,448,1557
27126,442,1681
27127,443,1864
27128,448,1980
27129,447,2029
27130,447,1973
27131,442,1876
27132,443,1747
27133,442,1593
27134,444,1493
27135,444,1558
27136,448,1683
27137,443,1865
27138,444,1980
27139,441,2029
27140,442,1971
27141,449,1877
27142,443,1742
27143,448,1591
27144,448,1492
27145,443,1559
27146,443,1683
27147,442,1865
27148,442,1983
27149,448,2029
27150,442,1975
27151,443,1879
27152,443,1755
27153,448,1608
27154,448,1491
27155,443,1547
27156,447,1659
27157,442,1843
27158,448,1968
27159,443,2029
27160,448,1975
27161,448,1867
27162,448,1742
27163,442,1592
27164,443,1492
27165,443,1559
27166,443,1685
27167,448,1866
27168,442,1979
27169,448,2029
27170,448,1971
27171,442,1875
27172,448,1747
27173,443,1591
27174,443,1493
27175,448,1559
27176,442,1685
27177,448,1869
27178,448,1980
27179,448,2029
27180,448,1971
27181,448,1874
27182,448,1742
27183,442,1591
27184,447,1493
27185,443,1561
27186,443,1685
27187,448,1867
27188,443,1980
27189,448,2029
27190,448,1971
27191,448,1874
27192,442,1741
27193,448,1589
27194,447,1494
27195,444,1560
27196,442,1687
27197,448,1869
27198,442,1979
27199,448,2029
27200,442,1967
27201,448,1868
27202,448,1739
27203,448,1589
27204,442,1493
27205,442,1559
27206,448,1688
27207,447,1871
27208,443,1982
27209,442,2029
27210,448,1967
27211,448,1869
27212,442,1739
27213,443,1589
27214,442,1493
27215,448,1559
27216,448,1689
27217,442,1874
27218,442,1982
27219,448,2027
27220,448,1967
27221,443,1869
27222,448,1739
27223,443,1587
27224,448,1493
27225,448,1560
27226,442,1691
27227,443,1869
27228,443,1981
27229,448,2027
27230,443,1967
27231,448,1869
27232,442,1737
27233,448,1587
27234,448,1494
27235,448,1560
27236,442,1693
27237,448,1873
27238,448,1983
27239,444,2027
27240,448,1967
27241,448,1868
27242,442,1737
27243,442,1587
27244,448,1493
27245,447,1561
27246,442,1693
27247,442,1875
27248,443,1993
27249,442,2029
27250,443,1971
27251,447,1883
27252,442,1749
27253,443,1597
27254,443,1491
27255,444,1554
27256,448,1671
27257,443,1851
27258,449,1975
27259,448,2029
27260,448,1972
27261,443,1855
27262,442,1736
27263,443,1583
27264,442,1493
27265,448,1561
27266,448,1695
27267,442,1877
27268,442,1989
27269,442,2027
27270,448,1966
27271,442,1865
27272,448,1737
27273,442,1583
27274,448,1494
27275,442,1563
27276,443,1693
27277,442,1876
27278,448,1984
27279,442,2027
27280,443,1967
27281,448,1865
27282,442,1736
27283,442,1581
27284,447,1493
27285,448,1562
27286,448,1695
27287,442,1877
27288,448,1983
27289,448,2027
27290,442,1965
27291,442,1863
27292,448,1737
27293,442,1581
27294,442,1493
27295,448,1561
27296,443,1699
27297,442,1877
27298,444,1989
27299,448,2026
27300,442,1967
27301,448,1863
27302,442,1736
27303,448,1581
27304,442,1495
27305,448,1561
27306,442,1701
27307,443,1879
27308,442,1983
27309,449,2026
27310,444,1965
27311,443,1863
27312,442,1735
27313,443,1579
27314,442,1493
27315,448,1563
27316,443,1699
27317,444,1879
27318,448,1984
27319,448,2025
27320,448,1965
27321,442,1855
27322,448,1727
27323,442,1579
27324,448,1492
27325,444,1563
27326,448,1702
27327,443,1879
27328,448,1983
27329,442,2025
27330,442,1965
27331,448,1863
27332,448,1727
27333,448,1576
27334,448,1493
27335,448,1564
27336,448,1703
27337,442,1879
27338,447,1989
27339,443,2025
27340,448,1965
27341,443,1861
27342,443,1727
27343,448,1578
27344,442,1495
27345,448,1562
27346,448,1705
27347,448,1881
27348,443,1995
27349,443,2027
27350,443,1971
27351,448,1875
27352,442,1741
27353,443,1590
27354,448,1491
27355,448,1556
27356,448,1682
27357,443,1864
27358,443,1978
27359,443,2027
27360,442,1967
27361,442,1847
27362,448,1723
27363,448,1576
27364,448,1496
27365,448,1563
27366,447,1707
27367,442,1883
27368,443,1991
27369,443,2025
27370,443,1965
27371,448,1855
27372,448,1733
27373,447,1578
27374,448,1495
27375,443,1565
27376,448,1708
27377,447,1882
27378,448,1992
27379,448,2025
27380,443,1965
27381,442,1853
27382,448,1725
27383,443,1577
27384,448,1496
27385,448,1563
27386,443,1708
27387,448,1885
27388,444,1992
27389,448,2023
27390,448,1967
27391,443,1867
27392,448,1739
27393,449,1588
27394,448,1490
27395,448,1559
27396,448,1685
27397,448,1866
27398,448,1979
27399,443,2025
27400,448,1965
27401,443,1865
27402,448,1717
27403,442,1573
27404,448,1495
27405,448,1565
27406,448,1714
27407,448,1883
27408,448,1993
27409,448,2023
27410,448,1965
27411,448,1851
27412,443,1725
27413,448,1573
27414,448,1495
27415,448,1565
27416,448,1715
27417,443,1887
27418,448,1993
27419,448,2023
27420,448,1963
27421,448,1849
27422,448,1723
27423,448,1573
27424,448,1495
27425,447,1564
27426,448,1715
27427,450,1887
27428,449,1993
27429,448,2024
27430,449,1963
27431,448,1850
27432,444,1721
27433,448,1573
27434,447,1496
27435,448,1567
27436,441,1719
27437,448,1887
27438,448,1993
27439,442,2024
27440,448,1963
27441,444,1848
27442,448,1721
27443,448,1573
27444,448,1497
27445,448,1566
27446,443,1719
27447,442,1887
27448,448,1993
27449,448,2025
27450,447,1961
27451,448,1848
27452,448,1722
27453,448,1575
27454,442,1499
27455,448,1567
27456,443,1721
27457,447,1891
27458,448,1995
27459,443,2023
27460,448,1961
27461,447,1846
27462,443,1721
27463,442,1571
27464,442,1497
27465,442,1567
27466,448,1721
27467,448,1891
27468,442,1993
27469,448,2023
27470,442,1963
27471,442,1846
27472,448,1721
27473,448,1567
27474,442,1496
27475,448,1567
27476,444,1721
27477,448,1893
27478,442,1996
27479,442,2023
27480,448,1960
27481,448,1845
27482,448,1720
27483,442,1567
27484,442,1497
27485,448,1566
27486,448,1721
27487,442,1893
27488,443,1993
27489,443,2019
27490,448,1963
27491,442,1861
27492,442,1733
27493,448,1579
27494,447,1493
27495,436,1560
27496,448,1695
27497,443,1875
27498,448,1983
27499,448,2023
27500,448,1957
27501,448,1847
27502,448,1715
27503,448,1565
27504,448,1496
27505,443,1567
27506,448,1724
27507,444,1892
27508,443,1995
27509,443,2023
27510,448,1960
27511,448,1845
27512,449,1718
27513,448,1567
27514,448,1496
27515,448,1567
27516,443,1723
27517,442,1892
27518,442,1995
27519,443,2023
27520,448,1959
27521,448,1845
27522,448,1719
27523,442,1565
27524,448,1497
27525,442,1571
27526,448,1725
27527,448,1893
27528,443,1997
27529,448,2023
27530,448,1960
27531,442,1843
27532,442,1719
27533,443,1567
27534,442,1508
27535,442,1566
27536,448,1701
27537,442,1879
27538,448,1988
27539,448,2024
27540,443,1963
27541,448,1853
27542,443,1726
27543,448,1577
27544,448,1493
27545,450,1561
27546,442,1704
27547,448,1909
27548,450,2005
27549,448,2024
27550,444,1963
27551,442,1853
27552,448,1725
27553,448,1576
27554,448,1492
27555,448,1561
27556,448,1703
27557,448,1878
27558,448,1983
27559,448,2024
27560,438,1963
27561,448,1830
27562,442,1716
27563,448,1561
27564,443,1499
27565,448,1571
27566,442,1737
27567,442,1896
27568,448,1996
27569,443,2020
27570,442,1959
27571,448,1839
27572,448,1716
27573,443,1563
27574,448,1497
27575,443,1572
27576,448,1735
27577,442,1897
27578,443,1998
27579,449,2021
27580,448,1959
27581,448,1836
27582,448,1711
27583,448,1563
27584,448,1497
27585,444,1572
27586,447,1737
27587,444,1899
27588,448,1997
27589,443,2021
27590,449,1957
27591,448,1835
27592,443,1711
27593,448,1561
27594,448,1499
27595,444,1572
27596,450,1739
27597,449,1897
27598,450,1998
27599,448,2020
27600,448,1955
27601,448,1835
27602,448,1709
27603,448,1561
27604,442,1501
27605,448,1572
27606,444,1740
27607,448,1901
27608,448,1999
27609,443,2020
27610,443,1957
27611,448,1835
27612,447,1711
27613,443,1533
27614,448,1501
27615,448,1575
27616,443,1741
27617,448,1901
27618,443,1999
27619,447,2019
27620,448,1959
27621,448,1834
27622,448,1709
27623,447,1559
27624,448,1501
27625,447,1575
27626,448,1743
27627,448,1899
27628,448,2003
27629,448,2019
27630,448,1957
27631,448,1832
27632,447,1709
27633,448,1559
27634,443,1501
27635,448,1575
27636,448,1745
27637,448,1901
27638,448,1999
27639,448,2015
27640,448,1957
27641,447,1829
27642,448,1708
27643,448,1558
27644,442,1501
27645,444,1576
27646,443,1747
27647,448,1901
27648,443,2006
27649,447,2021
27650,448,1960
27651,443,1847
27652,443,1721
27653,442,1567
27654,448,1495
27655,448,1563
27656,448,1717
27657,448,1885
27658,448,1991
27659,443,2021
27660,442,1959
27661,443,1827
27662,444,1705
27663,443,1555
27664,448,1501
27665,442,1575
27666,448,1743
27667,448,1903
27668,449,2003
27669,448,2015
27670,442,1956
27671,443,1831
27672,441,1707
27673,448,1557
27674,447,1501
27675,443,1575
27676,448,1745
27677,447,1903
27678,444,2002
27679,448,2013
27680,448,1957
27681,447,1830
27682,442,1707
27683,443,1556
27684,448,1503
27685,442,1576
27686,448,1747
27687,443,1907
27688,442,2003
27689,448,2015
27690,444,1955
27691,442,1829
27692,448,1708
27693,444,1555
27694,442,1503
27695,442,1577
27696,448,1749
27697,448,1903
27698,442,2004
27699,442,2015
27700,448,1956
27701,448,1828
27702,444,1706
27703,444,1553
27704,448,1506
27705,448,1577
27706,447,1751
27707,448,1908
27708,443,2004
27709,448,2013
27710,448,1951
27711,443,1827
27712,448,1705
27713,442,1553
27714,442,1503
27715,448,1576
27716,447,1751
27717,444,1909
27718,443,2003
27719,448,2015
27720,442,1955
27721,443,1823
27722,443,1704
27723,443,1549
27724,447,1507
27725,448,1577
27726,448,1752
27727,442,1908
27728,448,2003
27729,443,2013
27730,448,1951
27731,448,1823
27732,448,1705
27733,449,1550
27734,444,1507
27735,442,1576
27736,448,1752
27737,448,1909
27738,442,2005
27739,444,2012
27740,448,1952
27741,442,1821
27742,443,1703
27743,441,1549
27744,448,1507
27745,443,1578
27746,442,1753
27747,448,1909
27748,442,2009
27749,448,2021
27750,448,1959
27751,443,1839
27752,448,1717
27753,448,1563
27754,448,1497
27755,443,1567
27756,448,1733
27757,448,1894
27758,442,1995
27759,443,2019
27760,443,1959
27761,447,1821
27762,442,1700
27763,448,1551
27764,442,1509
27765,443,1579
27766,448,1756
27767,442,1910
27768,443,2005
27769,448,2011
27770,448,1951
27771,448,1821
27772,448,1701
27773,447,1549
27774,448,1509
27775,448,1577
27776,448,1757
27777,443,1913
27778,448,2006
27779,448,2012
27780,442,1951
27781,448,1821
27782,448,1700
27783,443,1548
27784,443,1510
27785,448,1580
27786,443,1756
27787,442,1911
27788,448,2006
27789,448,2012
27790,443,1951
27791,448,1819
27792,448,1701
27793,443,1548
27794,448,1509
27795,447,1581
27796,442,1757
27797,448,1913
27798,448,2007
27799,448,2011
27800,448,1947
27801,448,1821
27802,442,1695
27803,448,1547
27804,448,1509
27805,448,1581
27806,442,1763
27807,448,1914
27808,442,2008
27809,448,2010
27810,448,1949
27811,448,1818
27812,442,1699
27813,443,1548
27814,443,1511
27815,442,1582
27816,448,1763
27817,443,1913
27818,447,2007
27819,448,2010
27820,442,1949
27821,448,1819
27822,442,1695
27823,448,1545
27824,448,1511
27825,448,1582
27826,443,1762
27827,443,1914
27828,442,2008
27829,443,2009
27830,448,1949
27831,442,1817
27832,448,1694
27833,448,1546
27834,442,1511
27835,443,1581
27836,442,1765
27837,442,1913
27838,442,2008
27839,448,2009
27840,448,1949
27841,443,1816
27842,442,1693
27843,448,1543
27844,447,1511
27845,442,1581
27846,443,1765
27847,443,1915
27848,443,2011
27849,444,2015
27850,442,1955
27851,448,1831
27852,442,1707
27853,444,1555
27854,443,1500
27855,443,1571
27856,448,1742
27857,448,1901
27858,448,1996
27859,448,2013
27860,448,1955
27861,448,1811
27862,448,1689
27863,442,1544
27864,442,1511
27865,444,1582
27866,448,1765
27867,448,1917
27868,448,2009
27869,448,2008
27870,448,1948
27871,443,1814
27872,448,1691
27873,443,1543
27874,448,1512
27875,447,1584
27876,448,1767
27877,442,1917
27878,443,2009
27879,448,2009
27880,448,1947
27881,448,1815
27882,442,1690
27883,448,1543
27884,444,1513
27885,448,1583
27886,444,1767
27887,448,1918
27888,448,2009
27889,448,2003
27890,442,1955
27891,450,1827
27892,448,1705
27893,442,1553
27894,448,1502
27895,443,1573
27896,448,1748
27897,444,1903
27898,442,1999
27899,448,2013
27900,448,1951
27901,448,1829
27902,448,1679
27903,442,1531
27904,448,1514
27905,448,1587
27906,448,1771
27907,448,1918
27908,442,2011
27909,442,2007
27910,448,1944
27911,442,1814
27912,448,1688
27913,448,1541
27914,443,1513
27915,442,1583
27916,448,1771
27917,443,1917
27918,448,2011
27919,448,2007
27920,442,1945
27921,448,1813
27922,448,1685
27923,448,1533
27924,442,1515
27925,448,1584
27926,448,1771
27927,448,1918
27928,448,2010
27929,443,2007
27930,443,1945
27931,448,1811
27932,442,1687
27933,448,1532
27934,447,1513
27935,448,1583
27936,448,1773
27937,448,1919
27938,448,2009
27939,448,2005
27940,443,1944
27941,448,1811
27942,443,1684
27943,443,1531
27944,447,1515
27945,442,1588
27946,448,1775
27947,448,1919
27948,447,2013
27949,450,2006
27950,448,1945
27951,448,1811
27952,448,1685
27953,448,1531
27954,448,1517
27955,448,1589
27956,441,1775
27957,448,1917
27958,448,2011
27959,443,2005
27960,443,1944
27961,448,1810
27962,448,1683
27963,448,1532
27964,448,1517
27965,448,1589
27966,448,1779
27967,448,1925
27968,448,2011
27969,448,2005
27970,447,1944
27971,448,1809
27972,448,1681
27973,447,1531
27974,448,1517
27975,448,1589
27976,448,1779
27977,448,1919
27978,448,2013
27979,448,2005
27980,443,1943
27981,448,1805
27982,448,1679
27983,442,1529
27984,448,1517
27985,448,1590
27986,442,1781
27987,448,1926
27988,442,2013
27989,448,1999
27990,443,1949
27991,448,1819
27992,448,1695
27993,449,1546
27994,442,1507
27995,448,1577
27996,443,1759
27997,448,1909
27998,448,2003
27999,449,2009
28000,448,1931
28001,448,1819
28002,442,1659
28003,443,1527
28004,448,1517
28005,448,1591
28006,448,1783
28007,448,1927
28008,449,2013
28009,443,2005
28010,449,1940
28011,443,1805
28012,448,1677
28013,443,1529
28014,448,1517
28015,448,1591
28016,448,1782
28017,450,1927
28018,448,2013
28019,447,2004
28020,442,1940
28021,442,1804
28022,448,1675
28023,448,1528
28024,443,1517
28025,447,1592
28026,448,1783
28027,448,1927
28028,448,2013
28029,448,2005
28030,448,1942
28031,447,1803
28032,448,1676
28033,444,1529
28034,443,1529
28035,448,1589
28036,443,1763
28037,448,1913
28038,448,2007
28039,443,2007
28040,448,1946
28041,442,1815
28042,448,1693
28043,443,1543
28044,443,1509
28045,443,1580
28046,442,1765
28047,443,1913
28048,442,2027
28049,448,2009
28050,448,1946
28051,448,1815
28052,443,1693
28053,448,1541
28054,448,1509
28055,448,1580
28056,443,1767
28057,442,1911
28058,448,2007
28059,443,2007
28060,448,1947
28061,448,1801
28062,443,1657
28063,443,1523
28064,448,1519
28065,448,1595
28066,448,1789
28067,443,1929
28068,443,2014
28069,448,2003
28070,448,1939
28071,442,1803
28072,442,1671
28073,448,1525
28074,448,1519
28075,448,1595
28076,448,1787
28077,448,1931
28078,443,2019
28079,448,2003
28080,442,1939
28081,448,1798
28082,448,1671
28083,442,1523
28084,448,1519
28085,442,1595
28086,444,1787
28087,448,1931
28088,448,2017
28089,448,1999
28090,442,1935
28091,443,1799
28092,448,1671
28093,448,1523
28094,448,1523
28095,443,1597
28096,443,1789
28097,447,1932
28098,448,2019
28099,448,1998
28100,448,1938
28101,448,1799
28102,442,1668
28103,442,1522
28104,447,1523
28105,442,1599
28106,447,1791
28107,448,1933
28108,448,2019
28109,448,1999
28110,448,1938
28111,443,1797
28112,448,1663
28113,443,1501
28114,443,1525
28115,442,1599
28116,443,1791
28117,442,1934
28118,448,2015
28119,442,1997
28120,441,1939
28121,442,1801
28122,442,1683
28123,442,1527
28124,454,1511
28125,449,1605
28126,449,1779
28127,443,1939
28128,442,2009
28129,440,1997
28130,452,1943
28131,443,1785
28132,439,1679
28133,450,1531
28134,440,1526
28135,452,1583
28136,450,1786
28137,448,1933
28138,442,2023
28139,442,2019
28140,443,1929
28141,442,1787
28142,441,1683
28143,448,1531
28144,448,1514
28145,449,1587
28146,448,1772
28147,442,1909
28148,450,2019
28149,440,1983
28150,448,1945
28151,442,1811
28152,443,1659
28153,447,1515
28154,442,1513
28155,443,1589
28156,448,1775
28157,444,1917
28158,448,2009
28159,450,2003
28160,448,1941
28161,442,1805
28162,448,1679
28163,443,1528
28164,448,1515
28165,448,1589
28166,448,1811
28167,443,1935
28168,448,2020
28169,448,1997
28170,448,1931
28171,448,1789
28172,448,1657
28173,442,1517
28174,443,1524
28175,444,1603
28176,448,1801
28177,448,1933
28178,448,2021
28179,448,1997
28180,448,1931
28181,442,1789
28182,443,1656
28183,448,1516
28184,448,1526
28185,448,1605
28186,450,1803
28187,448,1938
28188,448,2021
28189,448,1997
28190,442,1931
28191,448,1787
28192,448,1655
28193,443,1516
28194,442,1527
28195,448,1607
28196,448,1803
28197,443,1939
28198,444,2021
28199,448,1996
28200,448,1927
28201,443,1787
28202,448,1653
28203,448,1515
28204,448,1527
28205,448,1609
28206,443,1805
28207,448,1940
28208,442,2023
28209,442,1997
28210,448,1930
28211,442,1787
28212,448,1653
28213,442,1515
28214,448,1527
28215,448,1609
28216,448,1803
28217,443,1939
28218,443,2023
28219,449,1994
28220,448,1929
28221,448,1786
28222,442,1651
28223,448,1515
28224,443,1528
28225,442,1609
28226,448,1807
28227,448,1939
28228,448,2023
28229,448,1995
28230,449,1929
28231,448,1785
28232,447,1648
28233,448,1513
28234,448,1527
28235,442,1610
28236,448,1807
28237,448,1939
28238,443,2023
28239,448,1993
28240,448,1927
28241,448,1785
28242,448,1647
28243,442,1513
28244,442,1527
28245,442,1611
28246,448,1805
28247,448,1941
28248,447,2023
28249,448,1993
28250,450,1927
28251,448,1785
28252,443,1643
28253,448,1513
28254,448,1517
28255,448,1593
28256,443,1785
28257,448,1927
28258,448,2012
28259,448,1997
28260,448,1938
28261,448,1799
28262,448,1662
28263,448,1523
28264,448,1518
28265,443,1621
28266,442,1816
28267,448,1943
28268,442,2023
28269,448,1993
28270,448,1919
28271,442,1783
28272,448,1645
28273,444,1511
28274,448,1529
28275,442,1613
28276,448,1811
28277,447,1945
28278,450,2023
28279,448,1993
28280,443,1927
28281,448,1783
28282,448,1645
28283,444,1511
28284,443,1529
28285,448,1615
28286,442,1812
28287,442,1944
28288,442,2025
28289,443,1993
28290,448,1926
28291,448,1783
28292,442,1643
28293,448,1511
28294,448,1531
28295,449,1615
28296,444,1813
28297,448,1945
28298,443,2023
28299,443,1991
28300,443,1919
28301,442,1782
28302,442,1644
28303,448,1509
28304,448,1529
28305,442,1619
28306,448,1814
28307,447,1945
28308,448,2025
28309,448,1992
28310,448,1919
28311,448,1781
28312,448,1643
28313,442,1509
28314,448,1531
28315,441,1620
28316,448,1813
28317,448,1946
28318,448,2024
28319,448,1991
28320,449,1918
28321,448,1781
28322,442,1641
28323,448,1509
28324,447,1531
28325,447,1619
28326,448,1813
28327,443,1946
28328,442,2026
28329,448,1993
28330,447,1917
28331,448,1779
28332,443,1641
28333,448,1507
28334,448,1532
28335,449,1619
28336,447,1815
28337,448,1948
28338,442,2026
28339,444,1991
28340,448,1917
28341,448,1779
28342,442,1640
28343,448,1506
28344,442,1531
28345,443,1620
28346,448,1815
28347,444,1948
28348,448,2025
28349,448,1991
28350,443,1917
28351,448,1779
28352,447,1638
28353,442,1507
28354,448,1521
28355,443,1605
28356,448,1805
28357,443,1931
28358,448,2019
28359,442,1995
28360,442,1931
28361,442,1787
28362,442,1655
28363,443,1515
28364,443,1525
28365,448,1637
28366,448,1821
28367,447,1952
28368,442,2029
28369,440,1991
28370,448,1915
28371,442,1775
28372,448,1638
28373,448,1501
28374,444,1533
28375,448,1624
28376,448,1819
28377,442,1951
28378,442,2027
28379,448,1991
28380,448,1915
28381,447,1776
28382,448,1636
28383,448,1503
28384,448,1533
28385,443,1625
28386,448,1820
28387,448,1949
28388,448,2027
28389,448,1982
28390,448,1928
28391,448,1785
28392,449,1651
28393,443,1514
28394,448,1525
28395,448,1607
28396,448,1801
28397,448,1937
28398,448,2020
28399,448,1992
28400,442,1927
28401,443,1783
28402,448,1622
28403,448,1500
28404,448,1534
28405,448,1629
28406,448,1821
28407,448,1950
28408,448,2028
28409,443,1989
28410,443,1911
28411,448,1772
28412,442,1635
28413,448,1501
28414,443,1543
28415,448,1629
28416,448,1821
28417,447,1956
28418,444,2027
28419,442,1983
28420,443,1911
28421,443,1773
28422,444,1629
28423,448,1501
28424,448,1542
28425,443,1631
28426,448,1822
28427,443,1955
28428,448,2027
28429,448,1989
28430,442,1909
28431,444,1771
28432,448,1629
28433,448,1501
28434,448,1542
28435,448,1631
28436,448,1827
28437,443,1958
28438,448,2029
28439,443,1983
28440,442,1911
28441,442,1772
28442,448,1628
28443,448,1499
28444,448,1543
28445,448,1631
28446,448,1827
28447,447,1957
28448,448,2029
28449,448,1983
28450,448,1909
28451,448,1769
28452,448,1627
28453,448,1499
28454,449,1544
28455,448,1635
28456,443,1827
28457,450,1958
28458,448,2029
28459,448,1983
28460,448,1907
28461,442,1771
28462,448,1627
28463,443,1499
28464,443,1544
28465,443,1637
28466,448,1828
28467,448,1957
28468,448,2030
28469,448,1983
28470,448,1907
28471,448,1771
28472,443,1625
28473,449,1497
28474,448,1543
28475,448,1635
28476,448,1829
28477,449,1959
28478,448,2029
28479,448,1983
28480,448,1903
28481,448,1769
28482,448,1624
28483,450,1497
28484,448,1543
28485,442,1638
28486,448,1829
28487,448,1958
28488,448,2029
28489,448,1977
28490,448,1917
28491,442,1776
28492,448,1639
28493,448,1509
28494,444,1529
28495,442,1617
28496,448,1811
28497,442,1942
28498,448,2023
28499,448,1991
28500,448,1891
28501,448,1770
28502,449,1614
28503,448,1496
28504,449,1545
28505,449,1637
28506,448,1832
28507,449,1960
28508,448,2029
28509,448,1982
28510,442,1902
28511,447,1770
28512,448,1623
28513,448,1497
28514,448,1545
28515,448,1637
28516,448,1831
28517,447,1961
28518,442,2031
28519,442,1982
28520,448,1902
28521,443,1768
28522,448,1622
28523,441,1496
28524,448,1545
28525,448,1639
28526,443,1832
28527,448,1963
28528,448,2031
28529,442,1981
28530,443,1902
28531,442,1768
28532,449,1621
28533,444,1497
28534,448,1555
28535,443,1637
28536,448,1814
28537,448,1948
28538,443,2025
28539,448,1984
28540,448,1913
28541,448,1775
28542,443,1636
28543,448,1502
28544,448,1531
28545,448,1621
28546,448,1817
28547,448,1979
28548,442,2034
28549,448,1988
28550,448,1913
28551,448,1773
28552,442,1635
28553,448,1502
28554,443,1530
28555,448,1623
28556,448,1817
28557,448,1947
28558,448,2025
28559,442,1983
28560,448,1912
28561,448,1753
28562,442,1619
28563,448,1495
28564,448,1547
28565,443,1646
28566,448,1835
28567,443,1964
28568,448,2031
28569,443,1981
28570,448,1899
28571,448,1764
28572,448,1619
28573,442,1496
28574,448,1547
28575,448,1646
28576,442,1837
28577,448,1965
28578,448,2031
28579,448,1978
28580,448,1895
28581,448,1763
28582,442,1615
28583,442,1493
28584,443,1547
28585,448,1645
28586,443,1837
28587,442,1967
28588,448,2029
28589,442,1979
28590,443,1897
28591,447,1765
28592,442,1614
28593,448,1493
28594,444,1545
28595,448,1647
28596,448,1839
28597,448,1965
28598,448,2031
28599,449,1979
28600,448,1891
28601,448,1761
28602,448,1613
28603,448,1491
28604,448,1547
28605,450,1652
28606,448,1839
28607,448,1967
28608,442,2035
28609,448,1979
28610,448,1895
28611,448,1759
28612,448,1612
28613,443,1492
28614,448,1549
28615,448,1656
28616,443,1843
28617,448,1971
28618,442,2035
28619,448,1977
28620,448,1895
28621,447,1759
28622,444,1611
28623,448,1493
28624,447,1549
28625,448,1654
28626,448,1843
28627,443,1971
28628,443,2032
28629,448,1979
28630,444,1894
28631,448,1757
28632,448,1611
28633,448,1493
28634,442,1549
28635,442,1657
28636,442,1847
28637,442,1971
28638,443,2031
28639,448,1979
28640,442,1893
28641,449,1755
28642,444,1609
28643,442,1492
28644,442,1551
28645,443,1656
28646,443,1847
28647,443,1971
28648,442,2031
28649,449,1981
28650,442,1903
28651,448,1767
28652,447,1625
28653,442,1497
28654,448,1542
28655,443,1631
28656,448,1827
28657,448,1957
28658,443,2027
28659,442,1980
28660,448,1903
28661,447,1753
28662,448,1608
28663,443,1492
28664,442,1550
28665,444,1659
28666,448,1845
28667,447,1973
28668,448,2031
28669,448,1977
28670,442,1891
28671,448,1755
28672,448,1609
28673,443,1492
28674,449,1549
28675,443,1658
28676,448,1844
28677,448,1973
28678,448,2031
28679,442,1975
28680,448,1890
28681,448,1754
28682,448,1607
28683,448,1493
28684,448,1549
28685,448,1659
28686,443,1846
28687,442,1974
28688,448,2031
28689,442,1977
28690,442,1891
28691,448,1755
28692,443,1607
28693,448,1492
28694,448,1551
28695,443,1661
28696,443,1847
28697,443,1975
28698,447,2031
28699,442,1975
28700,442,1889
28701,442,1753
28702,442,1606
28703,443,1491
28704,442,1549
28705,443,1661
28706,448,1848
28707,448,1975
28708,443,2031
28709,447,1977
28710,442,1887
28711,448,1754
28712,448,1608
28713,442,1491
28714,442,1553
28715,443,1668
28716,448,1849
28717,444,1975
28718,441,2031
28719,442,1977
28720,442,1887
28721,448,1753
28722,448,1605
28723,443,1492
28724,448,1553
28725,442,1669
28726,448,1851
28727,448,1975
28728,442,2034
28729,443,1976
28730,448,1887
28731,442,1753
28732,447,1606
28733,442,1491
28734,448,1553
28735,442,1670
28736,442,1851
28737,442,1975
28738,442,2032
28739,442,1975
28740,448,1885
28741,443,1751
28742,448,1600
28743,443,1492
28744,442,1555
28745,448,1671
28746,448,1851
28747,442,1976
28748,448,2029
28749,443,1978
28750,442,1897
28751,442,1762
28752,443,1619
28753,443,1493
28754,442,1544
28755,448,1641
28756,442,1835
28757,448,1963
28758,443,2029
28759,448,1978
28760,448,1897
28761,448,1747
28762,444,1597
28763,448,1491
28764,448,1555
28765,443,1674
28766,448,1852
28767,444,1977
28768,442,2031
28769,448,1972
28770,443,1881
28771,442,1750
28772,442,1597
28773,442,1491
28774,443,1555
28775,442,1671
28776,443,1853
28777,442,1977
28778,442,2029
28779,442,1974
28780,448,1881
28781,442,1749
28782,443,1599
28783,442,1491
28784,447,1555
28785,448,1675
28786,442,1855
28787,443,1978
28788,448,2029
28789,448,1973
28790,448,1879
28791,448,1749
28792,443,1596
28793,442,1493
28794,448,1557
28795,448,1675
28796,448,1855
28797,448,1977
28798,448,2031
28799,443,1973
28800,442,1877
28801,448,1748
28802,448,1593
28803,442,1493
28804,442,1557
28805,443,1676
28806,448,1856
28807,448,1977
28808,448,2030
28809,448,1972
28810,448,1877
28811,448,1748
28812,448,1595
28813,448,1491
28814,442,1557
28815,448,1677
28816,448,1863
28817,448,1979
28818,448,2030
28819,448,1972
28820,448,1880
28821,442,1747
28822,442,1595
28823,444,1491
28824,443,1557
28825,443,1681
28826,448,1863
28827,443,1979
28828,444,2031
28829,448,1972
28830,448,1878
28831,444,1747
28832,443,1595
28833,442,1491
28834,443,1557
28835,448,1683
28836,444,1863
28837,447,1979
28838,448,2029
28839,448,1971
28840,447,1876
28841,448,1747
28842,447,1593
28843,442,1492
28844,443,1557
28845,443,1679
28846,443,1864
28847,448,1980
28848,448,2029
28849,448,1975
28850,443,1887
28851,448,1755
28852,442,1608
28853,444,1490
28854,448,1547
28855,443,1654
28856,442,1846
28857,448,1971
28858,448,2029
28859,448,1975
28860,442,1890
28861,443,1739
28862,442,1592
28863,448,1491
28864,448,1557
28865,442,1684
28866,442,1864
28867,442,1979
28868,448,2029
28869,448,1971
28870,448,1876
28871,444,1741
28872,448,1593
28873,448,1492
28874,448,1557
28875,443,1687
28876,443,1864
28877,442,1981
28878,443,2030
28879,442,1971
28880,448,1876
28881,448,1741
28882,442,1590
28883,443,1491
28884,443,1559
28885,447,1686
28886,448,1866
28887,442,1981
28888,444,2029
28889,443,1967
28890,443,1886
28891,447,1751
28892,448,1605
28893,444,1490
28894,448,1553
28895,444,1659
28896,442,1849
28897,442,1975
28898,448,2029
28899,442,1975
28900,443,1885
28901,442,1753
28902,443,1583
28903,448,1493
28904,448,1559
28905,447,1690
28906,442,1869
28907,442,1983
28908,448,2028
28909,448,1967
28910,443,1870
28911,448,1741
28912,442,1589
28913,442,1491
28914,448,1559
28915,448,1690
28916,448,1869
28917,443,1981
28918,448,2028
28919,448,1970
28920,448,1868
28921,444,1739
28922,448,1587
28923,448,1493
28924,441,1560
28925,448,1691
28926,442,1871
28927,443,1981
28928,443,2027
28929,442,1971
28930,448,1868
28931,450,1739
28932,444,1588
28933,448,1492
28934,442,1560
28935,443,1692
28936,442,1869
28937,448,1981
28938,448,2028
28939,448,1967
28940,448,1867
28941,448,1739
28942,442,1587
28943,442,1493
28944,443,1560
28945,448,1691
28946,448,1871
28947,448,1982
28948,448,2027
28949,444,1967
28950,448,1867
28951,443,1739
28952,448,1583
28953,443,1493
28954,448,1560
28955,448,1693
28956,448,1876
28957,443,1983
28958,442,2027
28959,448,1967
28960,443,1866
28961,443,1737
28962,443,1582
28963,443,1493
28964,448,1560
28965,444,1695
28966,443,1875
28967,448,1983
28968,443,2027
28969,448,1967
28970,448,1865
28971,443,1735
28972,442,1581
28973,448,1493
28974,442,1561
28975,443,1695
28976,448,1876
28977,442,1988
28978,448,2026
28979,442,1967
28980,448,1864
28981,448,1736
28982,448,1583
28983,443,1494
28984,444,1563
28985,443,1699
28986,448,1878
28987,443,1989
28988,444,2027
28989,448,1963
28990,443,1880
28991,448,1745
28992,448,1595
28993,448,1491
28994,448,1555
28995,448,1672
28996,442,1855
28997,448,1977
28998,448,2028
28999,448,1971
29000,440,1845
29001,443,1745
29002,448,1573
29003,448,1493
29004,448,1563
29005,443,1700
29006,448,1879
29007,448,1989
29008,443,2026
29009,448,1965
29010,448,1861
29011,448,1733
29012,448,1580
29013,448,1493
29014,448,1563
29015,447,1701
29016,448,1881
29017,448,1989
29018,443,2025
29019,448,1965
29020,442,1861
29021,448,1733
29022,442,1578
29023,448,1493
29024,448,1562
29025,448,1703
29026,443,1880
29027,447,1983
29028,448,2026
29029,448,1963
29030,448,1861
29031,448,1727
29032,447,1578
29033,448,1495
29034,448,1571
29035,448,1701
29036,448,1862
29037,443,1979
29038,448,2013
29039,448,1967
29040,443,1875
29041,448,1741
29042,448,1589
29043,447,1491
29044,448,1557
29045,448,1677
29046,450,1864
29047,448,1977
29048,444,2013
29049,448,1971
29050,448,1871
29051,448,1741
29052,448,1591
29053,448,1491
29054,448,1555
29055,448,1683
29056,448,1865
29057,449,1977
29058,443,2027
29059,448,1967
29060,448,1874
29061,448,1709
29062,448,1567
29063,443,1495
29064,444,1565
29065,448,1707
29066,448,1883
29067,449,1991
29068,449,2024
29069,444,1963
29070,448,1853
29071,448,1725
29072,448,1575
29073,448,1495
29074,448,1563
29075,449,1709
29076,442,1885
29077,448,1992
29078,444,2025
29079,448,1964
29080,448,1851
29081,448,1725
29082,448,1575
29083,448,1494
29084,448,1565
29085,448,1709
29086,447,1884
29087,443,1991
29088,448,2023
29089,444,1962
29090,448,1850
29091,443,1724
29092,442,1574
29093,448,1493
29094,448,1565
29095,448,1711
29096,447,1886
29097,443,1992
29098,448,2025
29099,448,1963
29100,444,1851
29101,442,1723
29102,448,1573
29103,448,1495
29104,448,1566
29105,448,1711
29106,449,1887
29107,448,1992
29108,448,2024
29109,442,1963
29110,448,1850
29111,447,1723
29112,448,1572
29113,443,1505
29114,448,1565
29115,448,1717
29116,448,1889
29117,448,1992
29118,448,2023
29119,442,1963
29120,442,1848
29121,443,1722
29122,448,1571
29123,448,1497
29124,448,1565
29125,448,1717
29126,448,1887
29127,448,1993
29128,448,2023
29129,448,1963
29130,444,1846
29131,442,1720
29132,442,1572
29133,447,1495
29134,448,1566
29135,443,1719
29136,449,1891
29137,443,1995
29138,448,2025
29139,447,1961
29140,442,1847
29141,448,1721
29142,448,1571
29143,443,1495
29144,442,1567
29145,444,1721
29146,443,1891
29147,448,1995
29148,442,2019
29149,442,1965
29150,443,1863
29151,442,1735
29152,443,1581
29153,448,1493
29154,448,1559
29155,443,1695
29156,448,1875
29157,448,1981
29158,443,2026
29159,448,1964
29160,443,1863
29161,442,1715
29162,443,1567
29163,448,1496
29164,448,1567
29165,442,1721
29166,443,1891
29167,443,1996
29168,448,2023
29169,442,1961
29170,442,1847
29171,448,1720
29172,448,1567
29173,448,1496
29174,443,1567
29175,448,1723
29176,442,1891
29177,448,1995
29178,448,2023
29179,448,1962
29180,448,1846
29181,443,1718
29182,448,1567
29183,448,1496
29184,448,1568
29185,448,1723
29186,447,1892
29187,442,1997
29188,442,2023
29189,448,1960
29190,443,1845
29191,444,1717
29192,447,1565
29193,448,1497
29194,448,1567
29195,442,1725
29196,448,1893
29197,447,1997
29198,443,2023
29199,448,1961
29200,443,1838
29201,443,1717
29202,448,1564
29203,444,1497
29204,442,1567
29205,448,1727
29206,443,1895
29207,448,1995
29208,448,2022
29209,448,1959
29210,448,1839
29211,447,1715
29212,448,1563
29213,442,1496
29214,442,1572
29215,448,1727
29216,443,1895
29217,442,1996
29218,448,2023
29219,443,1959
29220,448,1839
29221,448,1715
29222,448,1562
29223,448,1497
29224,448,1567
29225,448,1728
29226,449,1896
29227,448,1997
29228,448,2020
29229,448,1959
29230,442,1838
29231,442,1715
29232,441,1564
29233,444,1497
29234,443,1571
29235,448,1735
29236,448,1897
29237,442,1998
29238,448,2023
29239,443,1959
29240,448,1837
29241,448,1715
29242,448,1563
29243,442,1497
29244,442,1572
29245,442,1735
29246,448,1897
29247,442,1998
29248,442,2013
29249,449,1961
29250,448,1851
29251,443,1724
29252,443,1575
29253,443,1493
29254,448,1561
29255,443,1708
29256,442,1881
29257,448,1989
29258,448,2023
29259,448,1961
29260,448,1852
29261,442,1707
29262,448,1560
29263,448,1501
29264,442,1572
29265,442,1739
29266,443,1897
29267,448,2002
29268,447,2020
29269,448,1959
29270,448,1837
29271,443,1711
29272,442,1561
29273,442,1500
29274,442,1571
29275,442,1739
29276,442,1899
29277,448,2003
29278,442,2021
29279,443,1957
29280,442,1836
29281,448,1712
29282,448,1561
29283,448,1499
29284,448,1571
29285,442,1740
29286,448,1900
29287,447,1999
29288,443,2019
29289,448,1957
29290,442,1835
29291,442,1711
29292,448,1560
29293,442,1501
29294,442,1573
29295,442,1741
29296,442,1901
29297,443,1999
29298,443,2019
29299,448,1955
29300,443,1833
29301,448,1708
29302,448,1560
29303,443,1500
29304,448,1573
29305,448,1741
29306,442,1900
29307,447,2001
29308,443,2019
29309,443,1956
29310,448,1833
29311,443,1707
29312,448,1559
29313,442,1500
29314,448,1573
29315,448,1743
29316,448,1901
29317,448,2001
29318,442,2019
29319,448,1957
29320,447,1833
29321,448,1708
29322,443,1557
29323,448,1501
29324,448,1575
29325,448,1745
29326,442,1901
29327,447,2003
29328,442,2019
29329,448,1956
29330,448,1833
29331,448,1707
29332,442,1557
29333,447,1502
29334,448,1574
29335,447,1747
29336,442,1903
29337,448,2004
29338,448,2018
29339,443,1956
29340,448,1832
29341,448,1706
29342,448,1557
29343,442,1503
29344,442,1576
29345,448,1747
29346,444,1903
29347,442,2005
29348,442,2011
29349,443,1979
29350,443,1843
29351,443,1717
29352,448,1565
29353,448,1495
29354,444,1565
29355,448,1721
29356,442,1891
29357,443,1993
29358,442,2021
29359,448,1958
29360,442,1844
29361,448,1700
29362,443,1553
29363,443,1506
29364,442,1575
29365,442,1750
29366,442,1904
29367,443,2003
29368,442,2015
29369,448,1955
29370,447,1829
29371,444,1703
29372,448,1555
29373,448,1506
29374,448,1576
29375,448,1751
29376,442,1907
29377,443,2005
29378,442,2013
29379,448,1951
29380,448,1829
29381,442,1704
29382,448,1553
29383,444,1507
29384,442,1575
29385,448,1751
29386,442,1907
29387,448,2006
29388,443,2013
29389,442,1949
29390,442,1839
29391,448,1715
29392,442,1564
29393,442,1495
29394,448,1567
29395,442,1725
29396,448,1893
29397,442,1995
29398,448,2020
29399,443,1959
29400,441,1838
29401,441,1712
29402,442,1544
29403,442,1509
29404,442,1579
29405,448,1757
29406,442,1909
29407,442,2006
29408,442,2013
29409,442,1951
29410,443,1823
29411,442,1701
29412,448,1549
29413,442,1508
29414,441,1579
29415,443,1755
29416,448,1911
29417,442,2007
29418,447,2011
29419,443,1951
29420,442,1821
29421,442,1701
29422,442,1549
29423,443,1510
29424,448,1579
29425,448,1758
29426,444,1912
29427,443,2005
29428,442,2013
29429,448,1951
29430,444,1821
29431,448,1700
29432,443,1549
29433,448,1511
29434,448,1579
29435,448,1758
29436,444,1911
29437,443,2007
29438,448,2013
29439,448,1951
29440,442,1821
29441,441,1700
29442,448,1549
29443,443,1510
29444,443,1579
29445,442,1762
29446,448,1912
29447,442,2007
29448,444,2011
29449,448,1949
29450,442,1819
29451,442,1696
29452,442,1545
29453,442,1509
29454,447,1581
29455,448,1759
29456,448,1915
29457,442,2008
29458,448,2011
29459,448,1948
29460,442,1819
29461,448,1695
29462,447,1547
29463,443,1509
29464,448,1583
29465,442,1763
29466,448,1914
29467,442,2007
29468,443,2011
29469,448,1950
29470,440,1817
29471,448,1695
29472,443,1547
29473,442,1511
29474,442,1581
29475,442,1763
29476,443,1915
29477,444,2008
29478,442,2009
29479,442,1949
29480,442,1818
29481,443,1691
29482,448,1545
29483,442,1509
29484,443,1583
29485,443,1763
29486,440,1915
29487,448,2008
29488,442,2009
29489,442,1943
29490,448,1832
29491,443,1707
29492,442,1557
29493,448,1498
29494,444,1573
29495,442,1741
29496,442,1899
29497,442,1997
29498,441,2015
29499,442,1957
29500,443,1803
29501,443,1695
29502,444,1533
29503,442,1513
29504,443,1587
29505,443,1767
29506,448,1916
29507,442,2008
29508,448,2011
29509,442,1949
29510,448,1816
29511,441,1693
29512,442,1545
29513,442,1511
29514,442,1583
29515,442,1767
29516,442,1916
29517,442,2008
29518,443,2008
29519,443,1948
29520,443,1815
29521,442,1691
29522,442,1543
29523,443,1513
29524,443,1583
29525,448,1767
29526,448,1917
29527,443,2008
29528,443,2009
29529,448,1947
29530,442,1814
29531,444,1692
29532,442,1543
29533,442,1513
29534,443,1597
29535,447,1765
29536,442,1901
29537,448,1999
29538,448,2012
29539,448,1951
29540,442,1823
29541,448,1703
29542,442,1555
29543,443,1502
29544,443,1575
29545,442,1743
29546,443,1903
29547,448,2017
29548,442,2003
29549,443,1951
29550,443,1823
29551,442,1704
29552,442,1551
29553,448,1501
29554,448,1573
29555,444,1749
29556,448,1903
29557,442,1998
29558,448,2011
29559,448,1950
29560,448,1823
29561,443,1670
29562,442,1532
29563,442,1515
29564,448,1589
29565,448,1773
29566,443,1919
29567,442,2012
29568,448,2006
29569,442,1945
29570,447,1811
29571,443,1687
29572,448,1533
29573,447,1515
29574,442,1587
29575,448,1774
29576,443,1919
29577,442,2010
29578,440,2007
29579,443,1945
29580,447,1810
29581,442,1685
29582,443,1531
29583,443,1515
29584,442,1589
29585,442,1773
29586,442,1919
29587,448,2010
29588,442,2006
29589,442,1944
29590,442,1806
29591,447,1684
29592,442,1531
29593,442,1515
29594,448,1591
29595,442,1779
29596,448,1925
29597,448,2011
29598,448,2006
29599,448,1943
29600,443,1801
29601,448,1679
29602,448,1531
29603,448,1516
29604,442,1591
29605,442,1780
29606,448,1927
29607,442,2011
29608,442,2004
29609,442,1943
29610,443,1805
29611,442,1683
29612,442,1529
29613,448,1529
29614,442,1593
29615,442,1784
29616,448,1929
29617,443,2015
29618,442,2004
29619,448,1943
29620,442,1803
29621,442,1677
29622,444,1529
29623,448,1515
29624,443,1591
29625,442,1783
29626,442,1929
29627,448,2013
29628,443,2003
29629,449,1941
29630,442,1804
29631,442,1676
29632,448,1527
29633,442,1518
29634,448,1591
29635,448,1783
29636,448,1929
29637,443,2014
29638,443,2003
29639,448,1941
29640,443,1801
29641,447,1676
29642,448,1527
29643,442,1519
29644,448,1595
29645,442,1783
29646,442,1928
29647,441,2013
29648,442,1995
29649,443,1948
29650,442,1816
29651,443,1691
29652,448,1544
29653,448,1510
29654,448,1580
29655,443,1757
29656,443,1913
29657,442,2006
29658,450,2007
29659,442,1946
29660,442,1815
29661,443,1663
29662,442,1525
29663,447,1519
29664,442,1593
29665,442,1785
29666,448,1929
29667,442,2015
29668,442,2003
29669,448,1941
29670,444,1803
29671,444,1674
29672,448,1527
29673,448,1519
29674,442,1595
29675,447,1787
29676,444,1930
29677,448,2017
29678,448,2003
29679,448,1939
29680,442,1802
29681,448,1671
29682,442,1526
29683,442,1519
29684,448,1595
29685,448,1787
29686,443,1929
29687,448,2015
29688,442,2003
29689,448,1939
29690,448,1801
29691,447,1671
29692,448,1525
29693,442,1523
29694,448,1595
29695,449,1787
29696,444,1929
29697,442,2019
29698,442,2003
29699,448,1935
29700,442,1800
29701,442,1669
29702,442,1525
29703,447,1519
29704,444,1596
29705,442,1790
29706,443,1931
29707,443,2019
29708,447,1999
29709,448,1939
29710,442,1799
29711,442,1663
29712,442,1525
29713,442,1525
29714,442,1597
29715,448,1791
29716,442,1931
29717,443,2019
29718,442,1999
29719,443,1935
29720,448,1797
29721,448,1663
29722,442,1523
29723,448,1523
29724,442,1596
29725,442,1791
29726,448,1932
29727,442,2019
29728,441,1999
29729,442,1935
29730,448,1792
29731,442,1661
29732,443,1519
29733,442,1525
29734,442,1599
29735,448,1791
29736,442,1933
29737,448,2019
29738,448,1999
29739,442,1932
29740,442,1798
29741,443,1659
29742,442,1519
29743,443,1524
29744,442,1599
29745,443,1791
29746,442,1933
29747,448,2020
29748,442,1993
29749,448,1942
29750,443,1805
29751,443,1683
29752,448,1533
29753,448,1513
29754,448,1583
29755,441,1771
29756,448,1918
29757,448,2009
29758,448,2003
29759,442,1941
29760,442,1805
29761,442,1643
29762,442,1517
29763,448,1507
29764,442,1593
29765,441,1779
29766,443,1927
29767,441,2019
29768,452,2006
29769,442,1949
29770,448,1807
29771,442,1679
29772,440,1525
29773,451,1501
29774,442,1579
29775,443,1781
29776,448,1931
29777,448,2011
29778,440,2009
29779,451,1941
29780,452,1813
29781,450,1672
29782,448,1532
29783,450,1519
29784,450,1596
29785,448,1784
29786,448,1942
29787,442,2023
29788,450,2012
29789,448,1945
29790,449,1803
29791,448,1675
29792,448,1522
29793,442,1531
29794,442,1611
29795,448,1803
29796,448,1940
29797,442,2022
29798,442,1995
29799,444,1931
29800,443,1785
29801,448,1654
29802,448,1517
29803,448,1527
29804,442,1609
29805,443,1804
29806,448,1939
29807,448,2021
29808,448,1996
29809,443,1930
29810,442,1787
29811,447,1653
29812,444,1515
29813,447,1527
29814,443,1609
29815,448,1803
29816,447,1941
29817,442,2021
29818,443,1995
29819,449,1929
29820,443,1784
29821,444,1651
29822,448,1513
29823,448,1527
29824,442,1607
29825,443,1804
29826,447,1940
29827,447,2021
29828,448,1996
29829,448,1927
29830,447,1785
29831,447,1651
29832,447,1513
29833,448,1528
29834,443,1611
29835,448,1805
29836,448,1941
29837,448,2023
29838,448,1994
29839,444,1928
29840,443,1785
29841,448,1647
29842,448,1512
29843,442,1526
29844,448,1611
29845,448,1807
29846,442,1943
29847,448,2023
29848,447,1991
29849,443,1939
29850,442,1799
29851,443,1669
29852,448,1524
29853,460,1517
29854,448,1593
29855,444,1783
29856,448,1929
29857,443,2013
29858,448,1998
29859,443,1935
29860,443,1797
29861,443,1640
29862,448,1511
29863,442,1531
29864,448,1613
29865,443,1809
29866,448,1940
29867,448,2023
29868,448,1994
29869,447,1926
29870,443,1783
29871,448,1645
29872,442,1511
29873,442,1530
29874,442,1613
29875,448,1811
29876,448,1943
29877,443,2024
29878,443,1993
29879,443,1925
29880,443,1783
29881,448,1644
29882,448,1511
29883,448,1529
29884,448,1617
29885,450,1811
29886,448,1944
29887,448,2024
29888,448,1993
29889,447,1912
29890,448,1791
29891,448,1659
29892,447,1519
29893,448,1522
29894,448,1599
29895,443,1787
29896,448,1929
29897,448,2015
29898,448,1997
29899,443,1934
29900,448,1791
29901,448,1660
29902,448,1506
29903,447,1531
29904,442,1620
29905,448,1813
29906,448,1945
29907,442,2025
29908,448,1991
29909,448,1919
29910,443,1781
29911,448,1643
29912,447,1507
29913,442,1531
29914,443,1621
29915,448,1813
29916,448,1945
29917,448,2025
29918,448,1991
29919,448,1919
29920,447,1779
29921,448,1641
29922,448,1507
29923,448,1531
29924,442,1622
29925,448,1815
29926,448,1947
29927,448,2025
29928,448,1991
29929,448,1917
29930,444,1780
29931,443,1640
29932,442,1507
29933,448,1531
29934,443,1622
29935,448,1815
29936,448,1947
29937,444,2027
29938,443,1991
29939,449,1915
29940,442,1775
29941,448,1639
29942,444,1507
29943,442,1532
29944,443,1623
29945,448,1815
29946,442,1949
29947,443,2025
29948,449,1991
29949,448,1915
29950,448,1775
29951,449,1639
29952,448,1505
29953,448,1532
29954,442,1625
29955,448,1817
29956,443,1951
29957,448,2025
29958,447,1991
29959,448,1916
29960,448,1775
29961,447,1639
29962,442,1505
29963,442,1533
29964,448,1624
29965,448,1819
29966,448,1950
29967,442,2026
29968,443,1990
29969,448,1913
29970,444,1773
29971,448,1637
29972,443,1503
29973,442,1533
29974,448,1627
29975,448,1819
29976,442,1951
29977,442,2028
29978,442,1991
29979,442,1913
29980,448,1773
29981,448,1635
29982,448,1503
29983,448,1533
29984,442,1629
29985,448,1820
29986,448,1955
29987,448,2027
29988,448,1983
29989,448,1901
29990,448,1785
29991,444,1647
29992,448,1514
29993,443,1525
29994,442,1609
29995,448,1802
29996,448,1939
29997,443,2021
29998,443,1993
29999,443,1927
30000,447,1763
30001,448,1647
30002,447,1495
30003,448,1542
30004,448,1633
30005,443,1821
30006,443,1955
30007,442,2027
30008,448,1983
30009,448,1911
30010,442,1772
30011,444,1634
30012,448,1500
30013,448,1541
30014,443,1631
30015,443,1823
30016,448,1957
30017,442,2027
30018,442,1983
30019,448,1909
30020,447,1771
30021,448,1629
30022,443,1500
30023,448,1542
30024,442,1631
30025,447,1824
30026,448,1957
30027,443,2028
30028,442,1983
30029,444,1909
30030,443,1771
30031,448,1629
30032,447,1500
30033,442,1543
30034,448,1655
30035,443,1823
30036,442,1941
30037,443,2022
30038,443,1992
30039,448,1919
30040,448,1780
30041,448,1641
30042,448,1510
30043,443,1528
30044,442,1615
30045,442,1807
30046,443,1943
30047,443,2023
30048,448,1973
30049,448,1917
30050,442,1779
30051,442,1643
30052,448,1509
30053,442,1528
30054,448,1612
30055,443,1811
30056,448,1944
30057,448,2020
30058,448,1991
30059,450,1915
30060,444,1779
30061,448,1623
30062,443,1493
30063,443,1543
30064,448,1639
30065,448,1831
30066,448,1959
30067,448,2027
30068,443,1982
30069,448,1903
30070,442,1769
30071,448,1624
30072,442,1497
30073,448,1544
30074,448,1639
30075,442,1831
30076,448,1960
30077,448,2029
30078,450,1981
30079,448,1903
30080,448,1767
30081,448,1624
30082,443,1497
30083,444,1544
30084,449,1638
30085,443,1829
30086,448,1961
30087,448,2029
30088,443,1981
30089,448,1903
30090,447,1767
30091,448,1621
30092,442,1497
30093,443,1544
30094,448,1641
30095,448,1831
30096,444,1961
30097,442,2031
30098,448,1981
30099,448,1901
30100,442,1765
30101,442,1623
30102,448,1495
30103,448,1545
30104,448,1641
30105,443,1833
30106,442,1962
30107,447,2031
30108,443,1981
30109,443,1900
30110,443,1765
30111,442,1621
30112,448,1495
30113,443,1556
30114,442,1646
30115,442,1836
30116,443,1962
30117,442,2031
30118,448,1979
30119,442,1899
30120,447,1765
30121,448,1619
30122,442,1496
30123,442,1547
30124,448,1647
30125,448,1837
30126,443,1965
30127,443,2029
30128,448,1979
30129,447,1899
30130,442,1764
30131,442,1619
30132,442,1493
30133,448,1547
30134,442,1646
30135,448,1835
30136,443,1964
30137,442,2029
30138,442,1981
30139,443,1899
30140,448,1764
30141,442,1618
30142,448,1494
30143,448,1547
30144,448,1647
30145,448,1837
30146,444,1965
30147,444,2031
30148,448,1976
30149,443,1911
30150,448,1772
30151,448,1630
30152,443,1501
30153,443,1533
30154,443,1623
30155,448,1820
30156,442,1951
30157,441,2024
30158,449,1983
30159,448,1909
30160,448,1773
30161,448,1608
30162,448,1492
30163,444,1548
30164,448,1647
30165,448,1839
30166,448,1966
30167,448,2030
30168,448,1978
30169,448,1896
30170,443,1763
30171,443,1613
30172,444,1493
30173,448,1545
30174,448,1651
30175,448,1837
30176,442,1966
30177,448,2030
30178,448,1977
30179,448,1894
30180,448,1762
30181,448,1613
30182,443,1493
30183,444,1549
30184,442,1653
30185,443,1839
30186,444,1967
30187,442,2031
30188,448,1979
30189,447,1895
30190,448,1759
30191,448,1612
30192,448,1493
30193,443,1549
30194,444,1655
30195,442,1843
30196,448,1971
30197,443,2031
30198,443,1977
30199,442,1893
30200,448,1754
30201,447,1609
30202,443,1493
30203,442,1549
30204,442,1657
30205,444,1845
30206,442,1973
30207,448,2035
30208,443,1977
30209,443,1892
30210,441,1758
30211,443,1610
30212,448,1492
30213,448,1549
30214,442,1657
30215,443,1845
30216,442,1973
30217,448,2032
30218,443,1977
30219,443,1891
30220,448,1757
30221,442,1611
30222,448,1493
30223,443,1553
30224,448,1658
30225,443,1846
30226,443,1972
30227,448,2031
30228,443,1976
30229,444,1890
30230,448,1754
30231,442,1608
30232,443,1493
30233,442,1554
30234,448,1660
30235,448,1847
30236,443,1974
30237,448,2031
30238,442,1977
30239,448,1891
30240,443,1756
30241,448,1608
30242,448,1493
30243,443,1554
30244,442,1662
30245,443,1848
30246,442,1975
30247,443,2031
30248,448,1973
30249,448,1901
30250,442,1766
30251,442,1623
30252,443,1495
30253,442,1544
30254,442,1639
30255,442,1832
30256,443,1959
30257,443,2027
30258,448,1979
30259,448,1899
30260,448,1766
30261,443,1595
30262,448,1493
30263,442,1554
30264,448,1662
30265,442,1851
30266,443,1973
30267,447,2029
30268,442,1976
30269,442,1885
30270,450,1753
30271,448,1606
30272,448,1492
30273,448,1555
30274,448,1669
30275,442,1849
30276,447,1975
30277,443,2030
30278,448,1974
30279,447,1884
30280,442,1753
30281,448,1605
30282,443,1493
30283,443,1555
30284,444,1671
30285,442,1852
30286,443,1973
30287,448,2030
30288,448,1975
30289,448,1883
30290,444,1752
30291,442,1605
30292,443,1493
30293,448,1554
30294,442,1670
30295,448,1851
30296,442,1975
30297,447,2031
30298,442,1975
30299,448,1883
30300,448,1753
30301,442,1598
30302,443,1491
30303,442,1555
30304,444,1672
30305,448,1853
30306,443,1977
30307,448,2031
30308,448,1975
30309,442,1883
30310,442,1752
30311,442,1604
30312,442,1491
30313,442,1554
30314,448,1672
30315,443,1853
30316,443,1976
30317,448,2031
30318,442,1973
30319,443,1881
30320,442,1751
30321,448,1596
30322,448,1493
30323,447,1555
30324,442,1675
30325,442,1861
30326,443,1977
30327,443,2030
30328,448,1973
30329,447,1879
30330,444,1749
30331,448,1597
30332,442,1493
30333,442,1557
30334,448,1673
30335,448,1854
30336,448,1977
30337,448,2029
30338,448,1973
30339,447,1879
30340,442,1748
30341,448,1597
30342,443,1493
30343,442,1555
30344,444,1677
30345,447,1861
30346,448,1976
30347,448,2029
30348,447,1967
30349,448,1893
30350,448,1756
30351,443,1611
30352,448,1491
30353,442,1549
30354,448,1647
30355,447,1835
30356,442,1967
30357,443,2029
30358,448,1976
30359,448,1891
30360,448,1757
30361,443,1589
30362,443,1493
30363,448,1558
30364,444,1679
30365,448,1863
30366,448,1979
30367,448,2028
30368,448,1971
30369,448,1877
30370,443,1747
30371,448,1595
30372,448,1493
30373,448,1557
30374,443,1679
30375,448,1864
30376,442,1979
30377,448,2029
30378,448,1968
30379,443,1876
30380,442,1747
30381,448,1592
30382,448,1491
30383,448,1557
30384,448,1683
30385,442,1863
30386,442,1979
30387,442,2029
30388,448,1971
30389,448,1868
30390,447,1753
30391,443,1607
30392,442,1491
30393,444,1545
30394,447,1659
30395,443,1843
30396,448,1967
30397,448,2027
30398,442,1975
30399,448,1885
30400,442,1753
30401,448,1607
30402,442,1494
30403,441,1559
30404,443,1689
30405,444,1867
30406,442,1980
30407,448,2029
30408,443,1968
30409,448,1873
30410,448,1743
30411,448,1590
30412,448,1493
30413,442,1559
30414,442,1689
30415,443,1867
30416,448,1981
30417,442,2026
30418,448,1971
30419,448,1873
30420,444,1740
30421,448,1589
30422,442,1493
30423,448,1559
30424,448,1687
30425,448,1867
30426,442,1980
30427,442,2029
30428,443,1967
30429,447,1869
30430,448,1739
30431,448,1588
30432,443,1493
30433,448,1557
30434,442,1690
30435,442,1869
30436,443,1981
30437,443,2027
30438,443,1967
30439,448,1869
30440,442,1739
30441,448,1589
30442,448,1492
30443,442,1559
30444,448,1692
30445,448,1871
30446,448,1983
30447,448,2026
30448,442,1967
30449,448,1867
30450,443,1739
30451,448,1587
30452,443,1492
30453,444,1560
30454,448,1693
30455,442,1875
30456,442,1988
30457,442,2027
30458,448,1965
30459,442,1868
30460,448,1738
30461,442,1588
30462,442,1493
30463,443,1561
30464,448,1694
30465,443,1874
30466,448,1983
30467,442,2026
30468,448,1966
30469,442,1865
30470,444,1736
30471,448,1589
30472,442,1491
30473,443,1561
30474,442,1695
30475,442,1875
30476,448,1981
30477,443,2026
30478,442,1967
30479,444,1865
30480,448,1737
30481,448,1583
30482,443,1495
30483,443,1559
30484,442,1695
30485,442,1876
30486,448,1984
30487,442,2028
30488,442,1965
30489,442,1852
30490,448,1747
30491,442,1597
30492,443,1490
30493,448,1554
30494,443,1673
30495,444,1853
30496,448,1975
30497,448,2027
30498,448,1968
30499,442,1878
30500,444,1721
30501,442,1587
30502,443,1495
30503,443,1561
30504,442,1700
30505,442,1875
30506,443,1983
30507,442,2025
30508,442,1965
30509,442,1863
30510,444,1735
30511,442,1583
30512,448,1493
30513,443,1561
30514,448,1701
30515,443,1878
30516,442,1989
30517,448,2027
30518,448,1964
30519,442,1865
30520,442,1727
30521,442,1581
30522,443,1494
30523,442,1561
30524,448,1703
30525,443,1877
30526,447,1988
30527,443,2027
30528,442,1963
30529,448,1864
30530,442,1733
30531,442,1581
30532,448,1494
30533,447,1563
30534,442,1725
30535,448,1875
30536,444,1975
30537,443,2027
30538,443,1967
30539,448,1873
30540,442,1741
30541,447,1591
30542,448,1489
30543,442,1555
30544,442,1679
30545,442,1861
30546,442,1978
30547,448,2021
30548,448,1961
30549,443,1873
30550,442,1741
30551,448,1591
30552,443,1492
30553,443,1557
30554,442,1679
30555,443,1863
30556,448,1977
30557,448,2027
30558,442,1967
30559,448,1873
30560,448,1741
30561,448,1567
30562,442,1495
30563,448,1565
30564,448,1707
30565,448,1882
30566,443,1991
30567,442,2025
30568,448,1963
30569,447,1852
30570,448,1725
30571,442,1577
30572,442,1493
30573,448,1563
30574,448,1709
30575,448,1880
30576,442,1991
30577,448,2025
30578,448,1965
30579,442,1853
30580,448,1723
30581,448,1576
30582,448,1495
30583,442,1562
30584,448,1707
30585,448,1881
30586,443,1991
30587,448,2025
30588,448,1963
30589,443,1852
30590,444,1724
30591,448,1575
30592,448,1495
30593,442,1562
30594,442,1711
30595,442,1883
30596,448,1993
30597,448,2025
30598,448,1962
30599,448,1852
30600,443,1719
30601,444,1574
30602,442,1495
30603,443,1565
30604,443,1709
30605,442,1883
30606,443,1991
30607,447,2022
30608,448,1963
30609,448,1849
30610,444,1723
30611,448,1575
30612,442,1496
30613,443,1577
30614,448,1717
30615,448,1890
30616,448,1992
30617,448,2023
30618,448,1963
30619,448,1849
30620,443,1723
30621,448,1571
30622,448,1495
30623,448,1567
30624,448,1720
30625,442,1885
30626,448,1994
30627,448,2023
30628,448,1962
30629,444,1847
30630,448,1721
30631,448,1573
30632,448,1495
30633,448,1567
30634,442,1720
30635,442,1887
30636,444,1995
30637,443,2023
30638,448,1961
30639,448,1847
30640,442,1721
30641,442,1571
30642,448,1495
30643,448,1567
30644,449,1721
30645,442,1892
30646,442,1995
30647,443,2024
30648,448,1958
30649,448,1864
30650,448,1735
30651,459,1581
30652,442,1491
30653,448,1561
30654,442,1694
30655,448,1871
30656,443,1981
30657,448,2025
30658,447,1964
30659,448,1861
30660,443,1733
30661,448,1564
30662,448,1497
30663,443,1567
30664,443,1723
30665,448,1892
30666,448,1995
30667,448,2023
30668,442,1959
30669,448,1843
30670,448,1720
30671,448,1566
30672,448,1496
30673,448,1568
30674,443,1722
30675,448,1893
30676,448,1994
30677,448,2021
30678,448,1960
30679,448,1843
30680,442,1719
30681,442,1565
30682,442,1496
30683,442,1567
30684,448,1723
30685,448,1891
30686,448,1995
30687,450,2022
30688,448,1959
30689,443,1839
30690,448,1719
30691,442,1565
30692,448,1497
30693,444,1571
30694,448,1724
30695,448,1894
30696,448,1995
30697,448,2021
30698,441,1959
30699,450,1838
30700,448,1717
30701,442,1565
30702,442,1497
30703,442,1567
30704,443,1727
30705,448,1895
30706,448,1995
30707,448,2022
30708,442,1961
30709,443,1839
30710,442,1717
30711,448,1563
30712,443,1497
30713,442,1571
30714,448,1727
30715,442,1897
30716,442,1995
30717,442,2020
30718,448,1959
30719,442,1837
30720,442,1717
30721,448,1561
30722,448,1497
30723,443,1571
30724,448,1727
30725,448,1897
30726,444,1996
30727,448,2021
30728,448,1959
30729,443,1836
30730,448,1715
30731,448,1563
30732,447,1499
30733,443,1572
30734,442,1735
30735,443,1897
30736,448,1997
30737,448,2023
30738,443,1958
30739,443,1836
30740,448,1716
30741,443,1561
30742,442,1499
30743,448,1573
30744,448,1737
30745,448,1899
30746,447,1997
30747,448,2019
30748,442,1951
30749,442,1850
30750,442,1723
30751,448,1573
30752,442,1493
30753,448,1563
30754,443,1711
30755,442,1881
30756,448,1989
30757,448,2023
30758,448,1961
30759,443,1847
30760,447,1720
30761,448,1555
30762,444,1501
30763,448,1574
30764,448,1740
30765,448,1901
30766,448,1999
30767,443,2019
30768,442,1957
30769,442,1834
30770,447,1711
30771,443,1559
30772,443,1501
30773,448,1573
30774,448,1741
30775,442,1902
30776,448,1998
30777,448,2019
30778,443,1957
30779,443,1832
30780,448,1709
30781,448,1559
30782,444,1500
30783,448,1575
30784,448,1741
30785,448,1901
30786,442,1999
30787,448,2017
30788,442,1957
30789,448,1829
30790,448,1708
30791,443,1557
30792,447,1500
30793,448,1575
30794,443,1741
30795,442,1900
30796,448,1998
30797,443,2018
30798,443,1956
30799,448,1828
30800,442,1705
30801,448,1556
30802,443,1501
30803,448,1575
30804,443,1747
30805,443,1903
30806,443,2004
30807,443,2018
30808,443,1955
30809,442,1829
30810,442,1706
30811,442,1555
30812,448,1502
30813,443,1575
30814,448,1749
30815,444,1903
30816,442,2003
30817,442,2018
30818,442,1955
30819,442,1831
30820,442,1707
30821,447,1556
30822,448,1502
30823,448,1575
30824,443,1749
30825,443,1907
30826,442,2003
30827,448,2015
30828,448,1951
30829,448,1827
30830,443,1706
30831,448,1555
30832,448,1506
30833,442,1577
30834,442,1750
30835,448,1907
30836,448,2003
30837,443,2013
30838,448,1955
30839,448,1827
30840,448,1705
30841,448,1555
30842,442,1503
30843,448,1577
30844,448,1753
30845,442,1909
30846,447,2005
30847,448,2015
30848,448,1949
30849,448,1839
30850,443,1715
30851,448,1563
30852,448,1496
30853,448,1567
30854,443,1724
30855,448,1891
30856,442,1994
30857,444,2019
30858,448,1959
30859,448,1838
30860,448,1712
30861,448,1548
30862,442,1508
30863,448,1578
30864,448,1755
30865,448,1909
30866,442,2004
30867,447,2013
30868,448,1951
30869,442,1821
30870,448,1703
30871,442,1549
30872,442,1507
30873,442,1577
30874,448,1755
30875,447,1909
30876,448,2005
30877,448,2010
30878,450,1950
30879,448,1821
30880,443,1701
30881,442,1549
30882,448,1507
30883,448,1579
30884,448,1755
30885,448,1909
30886,448,2007
30887,448,2011
30888,442,1949
30889,448,1811
30890,442,1711
30891,448,1560
30892,448,1497
30893,442,1571
30894,443,1735
30895,442,1895
30896,448,1996
30897,448,2013
30898,448,1955
30899,442,1833
30900,448,1711
30901,443,1561
30902,448,1511
30903,448,1581
30904,448,1763
30905,449,1911
30906,447,2007
30907,444,2012
30908,448,1949
30909,443,1820
30910,444,1695
30911,448,1547
30912,447,1510
30913,448,1579
30914,442,1763
30915,443,1913
30916,443,2007
30917,448,2011
30918,443,1948
30919,448,1817
30920,442,1695
30921,442,1547
30922,442,1509
30923,444,1580
30924,442,1765
30925,448,1914
30926,448,2007
30927,442,2011
30928,448,1949
30929,448,1817
30930,443,1692
30931,442,1545
30932,448,1511
30933,442,1581
30934,442,1767
30935,442,1913
30936,442,2008
30937,448,2009
30938,442,1948
30939,443,1816
30940,442,1692
30941,447,1545
30942,443,1511
30943,447,1580
30944,442,1767
30945,443,1915
30946,447,2008
30947,444,2009
30948,444,1947
30949,442,1816
30950,442,1691
30951,448,1534
30952,448,1512
30953,442,1581
30954,442,1767
30955,448,1916
30956,444,2008
30957,442,2009
30958,448,1947
30959,448,1815
30960,442,1691
30961,447,1544
30962,444,1511
30963,448,1583
30964,442,1768
30965,448,1917
30966,442,2009
30967,442,2009
30968,448,1947
30969,443,1814
30970,448,1689
30971,442,1543
30972,442,1513
30973,448,1583
30974,443,1771
30975,442,1916
30976,442,2009
30977,448,2008
30978,448,1946
30979,448,1815
30980,443,1688
30981,442,1543
30982,447,1513
30983,448,1583
30984,443,1772
30985,448,1917
30986,448,2011
30987,448,2008
30988,442,1947
30989,443,1801
30990,448,1705
30991,448,1549
30992,442,1501
30993,448,1574
30994,448,1751
30995,448,1901
30996,447,1999
30997,443,2012
30998,448,1949
30999,442,1823
31000,442,1661
31001,443,1553
31002,442,1519
31003,442,1589
31004,442,1775
31005,442,1917
31006,448,2011
31007,448,2007
31008,442,1945
31009,442,1811
31010,443,1685
31011,448,1533
31012,442,1515
31013,448,1587
31014,442,1773
31015,448,1919
31016,448,2010
31017,448,2007
31018,448,1944
31019,442,1809
31020,442,1684
31021,442,1531
31022,448,1515
31023,444,1587
31024,442,1775
31025,442,1918
31026,448,2010
31027,448,2007
31028,448,1943
31029,442,1805
31030,442,1679
31031,448,1531
31032,448,1515
31033,448,1589
31034,447,1801
31035,448,1918
31036,448,2003
31037,442,2009
31038,442,1947
31039,441,1819
31040,443,1695
31041,442,1545
31042,442,1505
31043,443,1577
31044,447,1756
31045,442,1907
31046,448,2003
31047,448,2009
31048,442,1919
31049,442,1819
31050,442,1695
31051,442,1547
31052,444,1507
31053,443,1577
31054,442,1755
31055,448,1909
31056,448,2005
31057,448,2009
31058,448,1947
31059,443,1816
31060,448,1695
31061,442,1529
31062,444,1524
31063,448,1593
31064,448,1783
31065,448,1928
31066,448,2013
31067,443,2003
31068,448,1941
31069,443,1803
31070,442,1676
31071,444,1529
31072,443,1517
31073,443,1593
31074,443,1783
31075,443,1929
31076,443,2012
31077,448,2003
31078,442,1941
31079,442,1803
31080,448,1675
31081,448,1527
31082,448,1517
31083,442,1593
31084,442,1783
31085,442,1929
31086,448,2014
31087,443,2003
31088,448,1941
31089,448,1802
31090,443,1672
31091,442,1527
31092,442,1523
31093,442,1593
31094,443,1783
31095,448,1929
31096,447,2013
31097,448,2002
31098,448,1941
31099,448,1800
31100,448,1671
31101,448,1525
31102,448,1519
31103,448,1593
31104,442,1785
31105,443,1930
31106,448,2013
31107,443,2002
31108,442,1939
31109,448,1799
31110,442,1669
31111,448,1524
31112,448,1519
31113,443,1622
31114,442,1791
31115,443,1931
31116,443,2015
31117,448,1998
31118,448,1937
31119,444,1799
31120,448,1663
31121,448,1523
31122,443,1520
31123,448,1596
31124,443,1789
31125,443,1931
31126,443,2019
31127,442,1999
31128,448,1939
31129,448,1798
31130,448,1669
31131,442,1523
31132,442,1519
31133,448,1597
31134,448,1791
31135,448,1932
31136,448,2019
31137,444,1998
31138,448,1935
31139,442,1797
31140,449,1663
31141,442,1523
31142,442,1523
31143,448,1599
31144,447,1791
31145,443,1933
31146,443,2020
31147,443,1999
31148,450,1931
31149,442,1811
31150,442,1683
31151,442,1533
31152,449,1513
31153,442,1587
31154,447,1768
31155,443,1917
31156,443,2007
31157,442,2004
31158,448,1942
31159,443,1805
31160,442,1686
31161,442,1513
31162,442,1526
31163,444,1603
31164,448,1797
31165,448,1933
31166,448,2019
31167,440,1997
31168,448,1933
31169,443,1789
31170,442,1660
31171,443,1519
31172,448,1525
31173,443,1605
31174,447,1799
31175,448,1933
31176,448,2021
31177,443,1997
31178,448,1931
31179,448,1787
31180,448,1657
31181,443,1515
31182,448,1524
31183,443,1605
31184,448,1801
31185,448,1935
31186,447,2019
31187,448,1997
31188,443,1930
31189,442,1788
31190,448,1655
31191,442,1517
31192,442,1527
31193,443,1605
31194,448,1801
31195,448,1933
31196,443,2019
31197,448,1994
31198,449,1931
31199,442,1787
31200,448,1647
31201,443,1516
31202,448,1525
31203,448,1605
31204,448,1801
31205,448,1937
31206,448,2021
31207,448,1996
31208,448,1931
31209,442,1786
31210,448,1653
31211,448,1514
31212,448,1527
31213,448,1607
31214,449,1803
31215,448,1935
31216,448,2021
31217,448,1995
31218,448,1929
31219,447,1785
31220,448,1655
31221,443,1515
31222,443,1527
31223,449,1609
31224,448,1803
31225,448,1937
31226,448,2021
31227,444,1995
31228,449,1929
31229,448,1785
31230,448,1651
31231,447,1513
31232,448,1527
31233,448,1609
31234,444,1805
31235,442,1941
31236,448,2023
31237,448,1995
31238,448,1927
31239,442,1785
31240,443,1651
31241,448,1512
31242,442,1527
31243,443,1609
31244,447,1805
31245,444,1940
31246,448,2023
31247,448,1992
31248,443,1915
31249,448,1799
31250,443,1669
31251,443,1525
31252,448,1517
31253,442,1591
31254,448,1783
31255,448,1929
31256,443,2013
31257,443,1999
31258,443,1934
31259,444,1797
31260,448,1671
31261,442,1507
31262,447,1529
31263,443,1614
31264,448,1810
31265,442,1942
31266,448,2023
31267,448,1993
31268,447,1927
31269,443,1783
31270,443,1647
31271,447,1511
31272,442,1528
31273,448,1615
31274,442,1807
31275,443,1943
31276,448,2023
31277,448,1993
31278,447,1919
31279,442,1783
31280,443,1645
31281,447,1511
31282,448,1529
31283,448,1615
31284,444,1811
31285,448,1944
31286,448,2022
31287,443,1992
31288,448,1919
31289,448,1783
31290,448,1643
31291,442,1509
31292,443,1529
31293,442,1619
31294,448,1812
31295,443,1944
31296,442,2026
31297,443,1993
31298,442,1919
31299,448,1781
31300,442,1643
31301,444,1509
31302,442,1531
31303,442,1621
31304,448,1814
31305,448,1944
31306,442,2025
31307,448,1992
31308,448,1918
31309,448,1781
31310,447,1643
31311,448,1508
31312,444,1530
31313,448,1619
31314,448,1813
31315,447,1946
31316,442,2024
31317,443,1992
31318,443,1915
31319,442,1775
31320,448,1639
31321,442,1511
31322,443,1531
31323,443,1622
31324,448,1815
31325,448,1947
31326,444,2025
31327,448,1991
31328,442,1917
31329,448,1779
31330,447,1640
31331,442,1507
31332,448,1532
31333,443,1624
31334,448,1817
31335,442,1947
31336,442,2025
31337,442,1991
31338,444,1915
31339,442,1779
31340,441,1640
31341,443,1507
31342,443,1533
31343,443,1623
31344,448,1817
31345,443,1948
31346,448,2025
31347,448,1992
31348,448,1907
31349,443,1786
31350,448,1653
31351,448,1515
31352,443,1523
31353,442,1605
31354,443,1799
31355,442,1933
31356,444,2019
31357,448,1995
31358,448,1927
31359,443,1785
31360,442,1655
31361,448,1499
31362,443,1541
31363,448,1627
31364,442,1819
31365,448,1951
31366,442,2026
31367,442,1984
31368,442,1915
31369,448,1775
31370,442,1636
31371,448,1502
31372,448,1542
31373,448,1627
31374,448,1820
31375,442,1951
31376,448,2026
31377,443,1984
31378,448,1913
31379,442,1775
31380,449,1635
31381,448,1501
31382,447,1533
31383,448,1630
31384,443,1820
31385,443,1955
31386,448,2027
31387,442,1988
31388,448,1912
31389,443,1768
31390,444,1651
31391,443,1513
31392,448,1527
31393,448,1609
31394,442,1804
31395,443,1939
31396,448,2021
31397,448,1991
31398,443,1925
31399,448,1784
31400,444,1646
31401,443,1511
31402,440,1547
31403,442,1613
31404,449,1815
31405,443,1947
31406,447,2023
31407,452,1997
31408,442,1930
31409,449,1783
31410,441,1657
31411,439,1525
31412,440,1525
31413,440,1622
31414,448,1806
31415,448,1949
31416,451,2021
31417,441,1993
31418,441,1929
31419,450,1785
31420,448,1629
31421,442,1514
31422,449,1543
31423,443,1626
31424,444,1811
31425,447,1939
31426,451,2019
31427,443,1990
31428,443,1911
31429,452,1774
31430,442,1641
31431,442,1503
31432,448,1515
31433,442,1655
31434,442,1827
31435,448,1959
31436,448,2030
31437,442,1983
31438,448,1908
31439,448,1770
31440,442,1627
31441,448,1497
31442,444,1544
31443,442,1635
31444,448,1827
31445,448,1958
31446,443,2028
31447,448,1981
31448,448,1903
31449,448,1769
31450,442,1625
31451,448,1497
31452,442,1543
31453,448,1637
31454,448,1831
31455,448,1959
31456,448,2029
31457,444,1981
31458,448,1907
31459,448,1767
31460,443,1625
31461,448,1497
31462,448,1545
31463,448,1639
31464,448,1829
31465,447,1959
31466,448,2029
31467,448,1982
31468,447,1907
31469,442,1767
31470,443,1623
31471,448,1497
31472,448,1544
31473,443,1640
31474,448,1830
31475,448,1962
31476,443,2031
31477,448,1982
31478,443,1903
31479,448,1768
31480,448,1624
31481,441,1496
31482,442,1545
31483,442,1641
31484,442,1832
31485,443,1963
31486,443,2029
31487,448,1981
31488,444,1901
31489,448,1758
31490,448,1638
31491,442,1503
31492,442,1529
31493,448,1620
31494,448,1815
31495,442,1945
31496,442,2023
31497,447,1983
31498,443,1913
31499,448,1775
31500,448,1606
31501,448,1497
31502,448,1549
31503,442,1643
31504,448,1834
31505,442,1962
31506,448,2029
31507,447,1981
31508,443,1900
31509,448,1766
31510,443,1620
31511,442,1497
31512,448,1545
31513,442,1643
31514,448,1835
31515,442,1962
31516,443,2029
31517,442,1981
31518,448,1899
31519,442,1767
31520,448,1619
31521,448,1495
31522,441,1547
31523,443,1643
31524,442,1836
31525,448,1963
31526,443,2031
31527,442,1979
31528,442,1899
31529,443,1764
31530,443,1618
31531,447,1495
31532,443,1547
31533,442,1644
31534,443,1855
31535,442,1963
31536,448,2023
31537,448,1982
31538,442,1911
31539,443,1772
31540,443,1633
31541,442,1500
31542,448,1485
31543,449,1627
31544,449,1819
31545,448,1947
31546,443,2025
31547,443,1973
31548,443,1883
31549,448,1771
31550,448,1628
31551,442,1501
31552,442,1541
31553,440,1627
31554,442,1819
31555,442,1951
31556,451,2025
31557,448,1983
31558,442,1908
31559,442,1771
31560,443,1631
31561,444,1491
31562,443,1549
31563,442,1655
31564,448,1843
31565,448,1968
31566,443,2031
31567,442,1978
31568,448,1895
31569,442,1759
31570,443,1613
31571,442,1493
31572,442,1549
31573,443,1653
31574,448,1839
31575,442,1971
31576,442,2031
31577,443,1977
31578,442,1895
31579,448,1759
31580,448,1612
31581,442,1493
31582,442,1549
31583,442,1655
31584,448,1845
31585,447,1971
31586,442,2031
31587,442,1977
31588,442,1893
31589,442,1758
31590,440,1612
31591,443,1493
31592,442,1549
31593,448,1656
31594,448,1843
31595,448,1972
31596,442,2030
31597,442,1978
31598,448,1891
31599,444,1757
31600,442,1605
31601,448,1495
31602,442,1551
31603,442,1656
31604,442,1844
31605,443,1971
31606,448,2030
31607,448,1976
31608,447,1891
31609,447,1757
31610,442,1609
31611,442,1493
31612,442,1553
31613,442,1695
31614,442,1847
31615,442,1973
31616,443,2031
31617,442,1976
31618,448,1889
31619,442,1755
31620,443,1609
31621,442,1493
31622,442,1553
31623,442,1661
31624,442,1849
31625,448,1972
31626,442,2031
31627,442,1976
31628,448,1885
31629,442,1755
31630,442,1607
31631,448,1493
31632,442,1554
31633,442,1661
31634,442,1849
31635,440,1974
31636,443,2030
31637,448,1975
31638,442,1886
31639,442,1753
31640,442,1607
31641,447,1493
31642,443,1553
31643,442,1663
31644,442,1849
31645,443,1975
31646,443,2031
31647,442,1976
31648,442,1877
31649,442,1765
31650,440,1621
31651,442,1495
31652,442,1545
31653,442,1641
31654,442,1831
31655,442,1961
31656,441,2029
31657,443,1978
31658,442,1899
31659,442,1764
31660,443,1621
31661,448,1492
31662,441,1555
31663,442,1671
31664,442,1850
31665,442,1975
31666,448,2031
31667,442,1975
31668,443,1885
31669,447,1753
31670,442,1607
31671,442,1492
31672,442,1553
31673,443,1673
31674,447,1851
31675,448,1973
31676,442,2031
31677,442,1973
31678,448,1883
31679,448,1750
31680,447,1599
31681,448,1493
31682,442,1553
31683,442,1671
31684,442,1850
31685,442,1975
31686,443,2029
31687,447,1973
31688,442,1884
31689,442,1751
31690,447,1605
31691,443,1493
31692,443,1555
31693,443,1672
31694,448,1852
31695,443,1975
31696,442,2030
31697,442,1975
31698,442,1883
31699,442,1751
31700,442,1598
31701,442,1493
31702,448,1556
31703,448,1675
31704,448,1855
31705,442,1976
31706,442,2031
31707,443,1975
31708,448,1881
31709,442,1749
31710,442,1598
31711,442,1493
31712,448,1556
31713,448,1673
31714,442,1854
31715,442,1979
31716,442,2029
31717,443,1973
31718,448,1881
31719,442,1749
31720,448,1598
31721,448,1493
31722,448,1555
31723,442,1675
31724,442,1855
31725,448,1976
31726,440,2031
31727,442,1972
31728,442,1881
31729,442,1749
31730,443,1597
31731,448,1492
31732,442,1556
31733,443,1679
31734,442,1861
31735,442,1979
31736,442,2029
31737,448,1974
31738,443,1880
31739,442,1748
31740,442,1596
31741,448,1491
31742,448,1559
31743,444,1677
31744,442,1863
31745,448,1979
31746,447,2029
31747,448,1972
31748,447,1868
31749,448,1756
31750,442,1609
31751,443,1491
31752,442,1545
31753,443,1653
31754,442,1840
31755,448,1965
31756,443,2027
31757,443,1974
31758,442,1891
31759,442,1753
31760,442,1608
31761,447,1493
31762,442,1556
31763,442,1682
31764,442,1863
31765,448,1979
31766,442,2030
31767,442,1968
31768,442,1875
31769,443,1742
31770,448,1594
31771,448,1491
31772,448,1557
31773,442,1683
31774,442,1864
31775,443,1979
31776,443,2029
31777,442,1971
31778,442,1877
31779,442,1742
31780,442,1593
31781,447,1493
31782,442,1559
31783,443,1685
31784,442,1865
31785,448,1980
31786,442,2029
31787,448,1970
31788,442,1875
31789,447,1741
31790,448,1593
31791,442,1492
31792,448,1557
31793,443,1687
31794,448,1867
31795,442,1980
31796,448,2028
31797,448,1971
31798,442,1875
31799,442,1739
31800,443,1589
31801,443,1493
31802,443,1559
31803,448,1689
31804,440,1867
31805,448,1979
31806,443,2028
31807,447,1971
31808,442,1871
31809,442,1740
31810,443,1591
31811,448,1494
31812,442,1559
31813,450,1689
31814,442,1869
31815,442,1982
31816,447,2029
31817,448,1967
31818,448,1869
31819,442,1741
31820,444,1589
31821,442,1494
31822,448,1559
31823,448,1689
31824,448,1871
31825,442,1981
31826,442,2028
31827,443,1967
31828,448,1869
31829,442,1739
31830,447,1589
31831,440,1493
31832,442,1559
31833,448,1691
31834,442,1869
31835,448,1981
31836,442,2027
31837,448,1966
31838,443,1869
31839,448,1738
31840,448,1589
31841,442,1493
31842,442,1560
31843,443,1692
31844,443,1871
31845,443,1981
31846,448,2027
31847,442,1966
31848,442,1855
31849,441,1749
31850,442,1597
31851,442,1490
31852,444,1548
31853,443,1670
31854,448,1851
31855,442,1972
31856,442,2028
31857,448,1972
31858,442,1881
31859,448,1749
31860,442,1596
31861,442,1496
31862,443,1561
31863,443,1695
31864,442,1875
31865,442,1983
31866,447,2027
31867,442,1967
31868,443,1865
31869,443,1737
31870,442,1588
31871,442,1493
31872,442,1561
31873,448,1695
31874,442,1875
31875,442,1983
31876,443,2027
31877,448,1965
31878,448,1865
31879,443,1737
31880,442,1583
31881,448,1493
31882,443,1560
31883,448,1699
31884,442,1875
31885,443,1984
31886,444,2028
31887,442,1965
31888,442,1863
31889,448,1723
31890,443,1596
31891,444,1491
31892,442,1553
31893,442,1675
31894,442,1861
31895,448,1975
31896,442,2028
31897,448,1971
31898,448,1879
31899,442,1746
31900,442,1595
31901,443,1492
31902,443,1566
31903,448,1705
31904,448,1877
31905,442,1982
31906,448,2026
31907,447,1964
31908,443,1863
31909,443,1736
31910,442,1581
31911,448,1496
31912,443,1563
31913,448,1702
31914,443,1879
31915,448,1989
31916,443,2026
31917,443,1965
31918,444,1861
31919,448,1735
31920,442,1579
31921,448,1495
31922,441,1564
31923,448,1703
31924,443,1880
31925,448,1989
31926,443,2025
31927,448,1965
31928,442,1855
31929,448,1733
31930,448,1579
31931,442,1493
31932,442,1563
31933,444,1704
31934,442,1881
31935,443,1989
31936,444,2025
31937,443,1963
31938,442,1855
31939,447,1725
31940,443,1579
31941,443,1494
31942,443,1564
31943,442,1705
31944,442,1881
31945,443,1989
31946,442,2025
31947,443,1963
31948,442,1853
31949,448,1727
31950,442,1577
31951,444,1495
31952,442,1563
31953,442,1707
31954,448,1882
31955,448,1991
31956,448,2025
31957,448,1964
31958,448,1852
31959,442,1726
31960,442,1577
31961,443,1494
31962,442,1563
31963,443,1707
31964,448,1883
31965,444,1989
31966,442,2024
31967,442,1964
31968,442,1852
31969,442,1725
31970,448,1575
31971,442,1493
31972,448,1565
31973,442,1708
31974,443,1883
31975,448,1991
31976,442,2025
31977,448,1963
31978,448,1851
31979,442,1725
31980,443,1575
31981,448,1494
31982,447,1565
31983,442,1709
31984,442,1885
31985,443,1992
31986,447,2025
31987,442,1963
31988,442,1853
31989,443,1717
31990,442,1587
31991,443,1492
31992,442,1557
31993,448,1689
31994,441,1869
31995,448,1978
31996,447,2025
31997,442,1965
31998,441,1869
31999,443,1737
32000,448,1559
32001,442,1492
32002,447,1572
32003,447,1717
32004,448,1885
32005,443,1991
32006,442,2022
32007,442,1961
32008,448,1849
32009,442,1723
32010,442,1573
32011,448,1496
32012,448,1564
32013,448,1715
32014,442,1885
32015,443,1989
32016,443,2022
32017,448,1961
32018,443,1846
32019,444,1723
32020,448,1573
32021,444,1495
32022,447,1567
32023,448,1717
32024,444,1889
32025,443,1991
32026,443,2022
32027,442,1961
32028,448,1847
32029,448,1722
32030,442,1568
32031,442,1497
32032,442,1566
32033,442,1717
32034,442,1901
32035,442,1992
32036,443,2025
32037,443,1963
32038,443,1862
32039,447,1735
32040,448,1581
32041,443,1491
32042,448,1559
32043,444,1695
32044,443,1871
32045,448,1980
32046,443,2025
32047,441,1963
32048,442,1815
32049,443,1733
32050,448,1581
32051,442,1491
32052,443,1559
32053,443,1700
32054,448,1871
32055,448,1981
32056,448,2023
32057,448,1963
32058,443,1861
32059,442,1727
32060,442,1579
32061,448,1507
32062,443,1573
32063,443,1724
32064,448,1893
32065,444,1996
32066,448,2020
32067,444,1959
32068,447,1844
32069,443,1718
32070,448,1564
32071,448,1496
32072,443,1571
32073,448,1724
32074,443,1893
32075,448,1995
32076,448,2021
32077,442,1959
32078,448,1843
32079,442,1719
32080,443,1567
32081,448,1498
32082,447,1567
32083,442,1727
32084,442,1893
32085,448,1995
32086,448,2021
32087,442,1960
32088,442,1839
32089,448,1716
32090,442,1565
32091,443,1496
32092,442,1571
32093,444,1725
32094,448,1895
32095,448,1997
32096,448,2020
32097,448,1959
32098,448,1839
32099,442,1715
32100,442,1563
32101,442,1495
32102,448,1571
32103,443,1733
32104,442,1896
32105,447,1996
32106,443,2022
32107,442,1959
32108,447,1837
32109,448,1717
32110,442,1563
32111,442,1497
32112,442,1571
32113,442,1767
32114,448,1899
32115,448,1997
32116,448,2020
32117,442,1959
32118,448,1835
32119,443,1712
32120,442,1563
32121,443,1499
32122,443,1572
32123,442,1736
32124,442,1898
32125,442,1996
32126,448,2019
32127,443,1958
32128,447,1837
32129,443,1711
32130,448,1563
32131,448,1497
32132,443,1573
32133,443,1737
32134,448,1897
32135,442,1998
32136,444,2019
32137,442,1957
32138,448,1835
32139,442,1709
32140,443,1560
32141,443,1498
32142,448,1573
32143,444,1736
32144,448,1899
32145,449,1997
32146,442,2019
32147,442,1957
32148,442,1821
32149,443,1721
32150,442,1571
32151,442,1493
32152,442,1564
32153,443,1711
32154,448,1880
32155,442,1990
32156,448,2022
32157,442,1960
32158,442,1848
32159,443,1719
32160,443,1573
32161,448,1507
32162,442,1575
32163,448,1742
32164,448,1899
32165,448,2003
32166,443,2019
32167,448,1955
32168,443,1833
32169,443,1709
32170,448,1560
32171,448,1501
32172,442,1573
32173,448,1743
32174,443,1901
32175,448,1999
32176,448,2019
32177,444,1956
32178,442,1831
32179,442,1709
32180,448,1558
32181,447,1502
32182,443,1575
32183,442,1742
32184,444,1901
32185,448,1999
32186,448,2015
32187,448,1956
32188,442,1833
32189,442,1709
32190,448,1559
32191,448,1501
32192,448,1573
32193,444,1747
32194,448,1903
32195,444,1999
32196,448,2015
32197,444,1957
32198,442,1831
32199,448,1707
32200,442,1549
32201,442,1503
32202,442,1577
32203,448,1750
32204,448,1903
32205,442,2003
32206,448,2015
32207,448,1955
32208,443,1829
32209,442,1706
32210,448,1556
32211,442,1503
32212,447,1575
32213,443,1750
32214,448,1907
32215,448,2003
32216,442,2013
32217,442,1951
32218,448,1829
32219,442,1704
32220,443,1555
32221,448,1507
32222,447,1576
32223,442,1751
32224,442,1908
32225,442,2003
32226,448,2013
32227,443,1951
32228,442,1823
32229,448,1705
32230,443,1555
32231,442,1507
32232,448,1577
32233,447,1753
32234,442,1907
32235,448,2005
32236,442,2013
32237,448,1952
32238,448,1823
32239,442,1704
32240,444,1555
32241,442,1507
32242,448,1577
32243,448,1752
32244,442,1907
32245,448,2003
32246,448,2013
32247,441,1951
32248,440,1815
32249,442,1715
32250,442,1565
32251,443,1495
32252,442,1567
32253,442,1725
32254,444,1891
32255,443,1995
32256,442,2019
32257,443,1957
32258,443,1836
32259,442,1711
32260,443,1563
32261,442,1511
32262,448,1579
32263,442,1757
32264,447,1909
32265,448,2004
32266,444,2013
32267,442,1951
32268,448,1823
32269,442,1701
32270,442,1553
32271,442,1509
32272,441,1578
32273,442,1757
32274,442,1909
32275,442,2005
32276,442,2011
32277,448,1949
32278,442,1823
32279,444,1701
32280,442,1550
32281,442,1511
32282,442,1577
32283,442,1758
32284,443,1910
32285,443,2005
32286,441,2011
32287,442,1950
32288,443,1821
32289,448,1699
32290,441,1549
32291,442,1509
32292,448,1578
32293,442,1761
32294,448,1911
32295,443,2007
32296,441,2012
32297,442,1949
32298,442,1819
32299,442,1695
32300,443,1547
32301,448,1509
32302,448,1579
32303,442,1763
32304,442,1912
32305,448,2007
32306,448,2010
32307,442,1947
32308,442,1817
32309,447,1695
32310,442,1547
32311,443,1510
32312,442,1580
32313,448,1763
32314,448,1911
32315,442,2007
32316,448,2011
32317,443,1948
32318,442,1818
32319,442,1692
32320,442,1546
32321,443,1511
32322,443,1580
32323,442,1764
32324,447,1913
32325,448,2007
32326,443,2011
32327,448,1947
32328,448,1817
32329,442,1693
32330,442,1545
32331,448,1511
32332,443,1580
32333,441,1765
32334,443,1913
32335,442,2007
32336,448,2009
32337,448,1948
32338,440,1817
32339,443,1691
32340,442,1545
32341,448,1511
32342,448,1582
32343,443,1767
32344,442,1913
32345,448,2005
32346,448,2009
32347,448,1947
32348,448,1803
32349,442,1707
32350,443,1555
32351,443,1499
32352,443,1575
32353,442,1743
32354,448,1899
32355,442,1998
32356,448,2013
32357,448,1949
32358,443,1827
32359,448,1705
32360,443,1560
32361,443,1517
32362,447,1587
32363,442,1769
32364,442,1917
32365,442,2009
32366,442,2008
32367,442,1947
32368,447,1814
32369,448,1690
32370,442,1544
32371,442,1513
32372,443,1583
32373,448,1769
32374,442,1916
32375,447,2009
32376,442,2007
32377,447,1946
32378,442,1813
32379,442,1689
32380,443,1542
32381,448,1513
32382,443,1583
32383,442,1771
32384,442,1916
32385,443,2011
32386,442,2008
32387,448,1945
32388,448,1811
32389,442,1678
32390,443,1555
32391,448,1501
32392,442,1575
32393,443,1749
32394,448,1903
32395,442,1997
32396,442,2011
32397,448,1948
32398,448,1821
32399,442,1703
32400,441,1549
32401,443,1503
32402,444,1595
32403,441,1775
32404,442,1925
32405,440,2012
32406,448,2006
32407,442,1947
32408,443,1810
32409,442,1683
32410,440,1531
32411,443,1515
32412,443,1591
32413,443,1775
32414,448,1925
32415,443,2011
32416,448,2006
32417,448,1944
32418,442,1809
32419,442,1683
32420,442,1531
32421,442,1517
32422,442,1591
32423,442,1779
32424,447,1926
32425,448,2009
32426,442,2005
32427,448,1945
32428,448,1807
32429,448,1681
32430,442,1529
32431,441,1516
32432,448,1591
32433,448,1779
32434,442,1926
32435,442,2013
32436,444,2005
32437,447,1942
32438,441,1806
32439,442,1682
32440,442,1529
32441,442,1517
32442,442,1589
32443,442,1781
32444,444,1927
32445,443,2013
32446,448,2004
32447,443,1943
32448,448,1806
32449,448,1678
32450,442,1530
32451,442,1517
32452,448,1591
32453,442,1781
32454,442,1927
32455,448,2011
32456,448,2003
32457,442,1942
32458,443,1803
32459,448,1677
32460,442,1528
32461,448,1518
32462,448,1591
32463,444,1783
32464,448,1927
32465,448,2012
32466,442,2003
32467,442,1943
32468,442,1803
32469,442,1677
32470,442,1529
32471,448,1517
32472,448,1593
32473,442,1782
32474,448,1927
32475,447,2013
32476,448,2003
32477,448,1941
32478,443,1801
32479,442,1675
32480,448,1527
32481,448,1519
32482,444,1593
32483,442,1783
32484,442,1929
32485,442,2013
32486,442,1999
32487,442,1941
32488,443,1801
32489,442,1669
32490,443,1544
32491,442,1509
32492,448,1579
32493,448,1759
32494,448,1911
32495,448,2006
32496,443,2007
32497,448,1945
32498,442,1814
32499,442,1690
32500,442,1513
32501,442,1523
32502,442,1598
32503,442,1787
32504,442,1930
32505,448,2013
32506,442,1999
32507,444,1939
32508,442,1800
32509,448,1671
32510,440,1523
32511,443,1523
32512,442,1596
32513,442,1787
32514,442,1931
32515,442,2018
32516,443,1998
32517,442,1938
32518,447,1800
32519,444,1671
32520,443,1524
32521,448,1523
32522,448,1594
32523,442,1787
32524,443,1930
32525,448,2015
32526,442,1999
32527,442,1938
32528,443,1798
32529,443,1663
32530,443,1523
32531,442,1523
32532,442,1597
32533,443,1788
32534,448,1943
32535,448,2013
32536,442,2007
32537,443,1944
32538,440,1811
32539,442,1689
32540,442,1541
32541,442,1513
32542,442,1581
32543,442,1769
32544,448,1915
32545,443,2008
32546,440,2005
32547,443,1917
32548,448,1783
32549,443,1687
32550,448,1532
32551,448,1512
32552,443,1583
32553,442,1769
32554,443,1913
32555,442,2009
32556,443,2005
32557,442,1944
32558,442,1809
32559,443,1685
32560,444,1533
32561,448,1527
32562,442,1603
32563,442,1799
32564,443,1933
32565,448,2019
32566,443,1997
32567,442,1934
32568,448,1791
32569,448,1661
32570,443,1519
32571,441,1525
32572,448,1599
32573,448,1791
32574,444,1934
32575,442,2019
32576,443,1997
32577,448,1934
32578,442,1789
32579,442,1661
32580,444,1518
32581,448,1525
32582,444,1599
32583,447,1791
32584,447,1933
32585,447,2019
32586,443,1996
32587,442,1933
32588,442,1787
32589,442,1657
32590,442,1517
32591,448,1523
32592,442,1598
32593,447,1799
32594,442,1934
32595,442,2019
32596,448,1997
32597,443,1932
32598,448,1789
32599,448,1658
32600,442,1513
32601,443,1525
32602,443,1607
32603,447,1799
32604,448,1934
32605,448,2019
32606,448,1995
32607,448,1931
32608,448,1787
32609,448,1655
32610,443,1515
32611,444,1524
32612,448,1607
32613,442,1828
32614,448,1937
32615,443,2022
32616,443,1996
32617,443,1929
32618,448,1788
32619,442,1653
32620,442,1515
32621,443,1527
32622,442,1609
32623,448,1803
32624,442,1935
32625,444,2020
32626,442,1994
32627,448,1929
32628,448,1787
32629,442,1653
32630,442,1515
32631,448,1525
32632,443,1606
32633,448,1803
32634,448,1935
32635,448,2021
32636,448,1995
32637,448,1929
32638,448,1785
32639,448,1651
32640,443,1515
32641,447,1527
32642,443,1609
32643,442,1805
32644,442,1940
32645,448,2021
32646,448,1993
32647,442,1928
32648,448,1781
32649,448,1673
32650,443,1525
32651,447,1517
32652,443,1589
32653,443,1783
32654,448,1927
32655,442,2010
32656,448,1999
32657,442,1935
32658,443,1801
32659,443,1671
32660,448,1519
32661,448,1531
32662,444,1612
32663,444,1810
32664,444,1941
32665,448,2021
32666,448,1993
32667,448,1927
32668,447,1783
32669,443,1651
32670,442,1513
32671,448,1529
32672,442,1611
32673,448,1806
32674,443,1939
32675,443,2023
32676,442,1993
32677,448,1927
32678,442,1784
32679,442,1647
32680,442,1514
32681,442,1530
32682,443,1612
32683,442,1806
32684,448,1940
32685,443,2023
32686,448,1993
32687,442,1927
32688,448,1784
32689,442,1651
32690,447,1513
32691,442,1528
32692,448,1613
32693,441,1811
32694,442,1943
32695,443,2023
32696,442,1993
32697,448,1919
32698,448,1785
32699,448,1647
32700,447,1513
32701,448,1529
32702,448,1613
32703,448,1810
32704,448,1942
32705,448,2023
32706,448,1992
32707,448,1925
32708,442,1781
32709,448,1644
32710,448,1511
32711,448,1531
32712,441,1618
32713,448,1811
32714,448,1943
32715,449,2023
32716,448,1992
32717,448,1919
32718,448,1782
32719,448,1645
32720,448,1511
32721,448,1531
32722,448,1617
32723,448,1811
32724,448,1944
32725,442,2023
32726,448,1993
32727,448,1919
32728,448,1782
32729,448,1643
32730,448,1509
32731,448,1531
32732,447,1617
32733,441,1815
32734,448,1943
32735,443,2024
32736,448,1991
32737,448,1919
32738,444,1780
32739,443,1641
32740,448,1508
32741,448,1528
32742,442,1619
32743,448,1813
32744,443,1945
32745,444,2023
32746,448,1991
32747,448,1918
32748,443,1771
32749,443,1659
32750,443,1516
32751,448,1519
32752,448,1595
32753,443,1791
32754,443,1929
32755,442,2013
32756,442,1994
32757,443,1929
32758,447,1789
32759,448,1656
32760,444,1517
32761,444,1533
32762,443,1624
32763,442,1815
32764,448,1946
32765,448,2024
32766,447,1991
32767,448,1917
32768,448,1775
32769,442,1639
32770,447,1509
32771,442,1531
32772,448,1621
32773,448,1816
32774,442,1947
32775,448,2027
32776,443,1990
32777,448,1915
32778,448,1779
32779,448,1639
32780,442,1507
32781,442,1533
32782,448,1621
32783,448,1818
32784,448,1946
32785,444,2026
32786,448,1991
32787,443,1915
32788,448,1775
32789,448,1638
32790,443,1506
32791,448,1533
32792,442,1624
32793,443,1819
32794,443,1947
32795,448,2027
32796,443,1989
32797,443,1915
32798,443,1775
32799,447,1637
32800,443,1500
32801,447,1533
32802,448,1625
32803,442,1820
32804,444,1949
32805,448,2027
32806,443,1983
32807,448,1913
32808,448,1774
32809,448,1635
32810,448,1503
32811,442,1533
32812,442,1625
32813,443,1820
32814,447,1950
32815,444,2028
32816,448,1989
32817,442,1911
32818,443,1773
32819,448,1635
32820,448,1503
32821,448,1534
32822,448,1627
32823,442,1821
32824,448,1951
32825,442,2027
32826,442,1988
32827,448,1913
32828,442,1771
32829,448,1633
32830,448,1501
32831,443,1541
32832,442,1628
32833,448,1819
32834,443,1951
32835,443,2028
32836,448,1989
32837,440,1911
32838,443,1773
32839,442,1633
32840,448,1501
32841,443,1541
32842,448,1628
32843,448,1823
32844,442,1952
32845,442,2028
32846,448,1987
32847,448,1909
32848,440,1767
32849,443,1647
32850,442,1503
32851,448,1527
32852,448,1607
32853,447,1802
32854,443,1939
32855,443,2019
32856,443,1991
32857,443,1928
32858,442,1782
32859,442,1645
32860,448,1509
32861,448,1545
32862,448,1635
32863,448,1827
32864,448,1955
32865,442,2028
32866,444,1983
32867,448,1910
32868,444,1771
32869,447,1628
32870,448,1499
32871,442,1544
32872,448,1634
32873,448,1828
32874,443,1957
32875,448,2029
32876,448,1982
32877,448,1908
32878,448,1769
32879,448,1627
32880,448,1500
32881,448,1543
32882,448,1633
32883,448,1827
32884,448,1957
32885,448,2028
32886,444,1981
32887,448,1904
32888,448,1770
32889,448,1615
32890,442,1509
32891,448,1527
32892,444,1613
32893,443,1811
32894,442,1943
32895,448,2020
32896,443,1989
32897,448,1918
32898,448,1780
32899,443,1641
32900,442,1507
32901,448,1528
32902,443,1641
32903,442,1833
32904,442,1959
32905,447,2029
32906,444,1982
32907,448,1904
32908,448,1768
32909,449,1627
32910,448,1497
32911,448,1544
32912,448,1639
32913,442,1828
32914,447,1958
32915,448,2028
32916,443,1981
32917,444,1903
32918,442,1769
32919,448,1627
32920,448,1497
32921,448,1544
32922,442,1639
32923,443,1830
32924,448,1959
32925,443,2029
32926,448,1981
32927,448,1903
32928,448,1767
32929,448,1625
32930,448,1496
32931,448,1545
32932,449,1640
32933,448,1831
32934,448,1959
32935,443,2030
32936,448,1979
32937,443,1903
32938,448,1766
32939,448,1624
32940,448,1495
32941,443,1544
32942,448,1641
32943,442,1831
32944,448,1962
32945,444,2029
32946,444,1979
32947,442,1901
32948,443,1765
32949,448,1623
32950,447,1496
32951,448,1547
32952,448,1642
32953,448,1832
32954,443,1961
32955,448,2031
32956,448,1981
32957,448,1902
32958,443,1765
32959,447,1623
32960,448,1496
32961,448,1545
32962,442,1643
32963,448,1835
32964,448,1964
32965,448,2031
32966,448,1980
32967,448,1900
32968,448,1764
32969,443,1621
32970,448,1495
32971,442,1546
32972,448,1645
32973,443,1833
32974,448,1964
32975,448,2029
32976,443,1979
32977,448,1900
32978,442,1764
32979,443,1621
32980,443,1495
32981,443,1546
32982,448,1645
32983,442,1835
32984,443,1965
32985,443,2031
32986,442,1979
32987,448,1899
32988,448,1763
32989,448,1607
32990,443,1501
32991,448,1542
32992,444,1625
32993,442,1819
32994,448,1946
32995,448,2024
32996,448,1981
32997,441,1911
32998,448,1771
32999,443,1630
33000,447,1491
33001,448,1531
33002,443,1663
33003,448,1839
33004,442,1965
33005,443,2030
33006,443,1978
33007,448,1896
33008,443,1758
33009,444,1614
33010,448,1491
33011,448,1547
33012,448,1651
33013,443,1837
33014,444,1967
33015,448,2030
33016,447,1977
33017,450,1897
33018,442,1759
33019,448,1614
33020,448,1493
33021,443,1547
33022,444,1651
33023,449,1838
33024,448,1967
33025,448,2031
33026,448,1977
33027,448,1895
33028,443,1757
33029,449,1614
33030,448,1491
33031,448,1548
33032,448,1654
33033,449,1839
33034,448,1977
33035,448,2029
33036,448,1981
33037,441,1908
33038,448,1769
33039,448,1627
33040,448,1497
33041,448,1533
33042,448,1628
33043,448,1823
33044,443,1955
33045,448,2025
33046,448,1980
33047,443,1905
33048,440,1740
33049,450,1622
33050,448,1491
33051,449,1528
33052,449,1651
33053,450,1832
33054,447,1951
33055,448,2029
33056,452,1998
33057,447,1900
33058,440,1767
33059,450,1624
33060,440,1493
33061,451,1547
33062,448,1644
33063,442,1831
33064,448,1959
33065,448,2027
33066,443,1977
33067,451,1899
33068,450,1755
33069,443,1619
33070,440,1483
33071,448,1533
33072,441,1629
33073,449,1843
33074,448,1973
33075,448,2035
33076,441,1988
33077,440,1903
33078,448,1753
33079,448,1605
33080,448,1491
33081,442,1543
33082,448,1637
33083,442,1830
33084,443,1955
33085,448,2027
33086,443,1981
33087,442,1903
33088,447,1767
33089,443,1623
33090,442,1495
33091,448,1542
33092,442,1639
33093,448,1861
33094,443,1965
33095,447,2031
33096,443,1976
33097,443,1887
33098,448,1755
33099,442,1607
33100,443,1491
33101,443,1553
33102,442,1661
33103,448,1848
33104,448,1973
33105,441,2031
33106,447,1973
33107,448,1887
33108,443,1753
33109,443,1607
33110,442,1491
33111,448,1553
33112,443,1660
33113,448,1873
33114,448,1976
33115,442,2030
33116,442,1975
33117,442,1884
33118,443,1754
33119,442,1605
33120,447,1491
33121,442,1550
33122,448,1663
33123,448,1849
33124,442,1975
33125,447,2031
33126,448,1975
33127,448,1885
33128,448,1752
33129,443,1605
33130,448,1491
33131,443,1554
33132,448,1664
33133,448,1851
33134,448,1973
33135,448,2031
33136,443,1974
33137,448,1883
33138,448,1751
33139,448,1599
33140,443,1492
33141,442,1553
33142,442,1671
33143,448,1851
33144,448,1975
33145,448,2031
33146,443,1974
33147,448,1881
33148,448,1750
33149,448,1599
33150,448,1490
33151,442,1555
33152,448,1671
33153,447,1853
33154,442,1975
33155,443,2031
33156,448,1974
33157,443,1883
33158,448,1751
33159,442,1599
33160,448,1492
33161,448,1555
33162,448,1671
33163,448,1855
33164,448,1977
33165,447,2031
33166,442,1973
33167,448,1880
33168,442,1749
33169,442,1599
33170,448,1491
33171,443,1556
33172,447,1672
33173,442,1854
33174,448,1976
33175,442,2031
33176,448,1973
33177,442,1879
33178,448,1747
33179,448,1595
33180,448,1491
33181,448,1545
33182,448,1649
33183,448,1837
33184,448,1963
33185,448,2029
33186,448,1977
33187,443,1895
33188,448,1757
33189,442,1611
33190,448,1491
33191,442,1545
33192,449,1689
33193,442,1863
33194,444,1977
33195,443,2031
33196,447,1973
33197,448,1880
33198,443,1747
33199,448,1596
33200,443,1492
33201,442,1557
33202,443,1676
33203,444,1862
33204,443,1977
33205,448,2029
33206,442,1972
33207,442,1877
33208,448,1747
33209,442,1595
33210,444,1491
33211,442,1555
33212,448,1676
33213,448,1863
33214,448,1977
33215,447,2029
33216,442,1972
33217,442,1877
33218,442,1746
33219,443,1593
33220,443,1491
33221,443,1558
33222,448,1679
33223,448,1864
33224,443,1979
33225,448,2029
33226,448,1973
33227,442,1877
33228,448,1747
33229,442,1593
33230,443,1493
33231,448,1557
33232,448,1679
33233,448,1864
33234,443,1979
33235,448,2029
33236,442,1972
33237,443,1877
33238,442,1743
33239,448,1593
33240,448,1491
33241,448,1558
33242,448,1681
33243,443,1865
33244,442,1979
33245,442,2029
33246,442,1967
33247,448,1875
33248,444,1747
33249,442,1591
33250,448,1493
33251,448,1559
33252,442,1683
33253,442,1865
33254,442,1980
33255,442,2028
33256,443,1968
33257,443,1875
33258,448,1740
33259,443,1591
33260,448,1493
33261,448,1559
33262,448,1685
33263,443,1865
33264,448,1979
33265,447,2029
33266,448,1971
33267,448,1874
33268,448,1741
33269,443,1589
33270,443,1491
33271,444,1559
33272,448,1687
33273,442,1867
33274,448,1980
33275,442,2027
33276,448,1967
33277,444,1871
33278,443,1740
33279,443,1589
33280,444,1491
33281,443,1549
33282,443,1660
33283,443,1848
33284,444,1967
33285,444,2028
33286,443,1973
33287,442,1883
33288,443,1750
33289,448,1603
33290,444,1491
33291,442,1551
33292,448,1701
33293,448,1871
33294,443,1981
33295,442,2029
33296,448,1967
33297,440,1871
33298,443,1739
33299,448,1589
33300,447,1491
33301,443,1559
33302,442,1689
33303,448,1867
33304,442,1983
33305,443,2027
33306,448,1967
33307,448,1871
33308,447,1739
33309,442,1587
33310,447,1493
33311,444,1559
33312,448,1689
33313,448,1869
33314,448,1983
33315,448,2027
33316,448,1967
33317,448,1867
33318,448,1739
33319,448,1588
33320,448,1493
33321,448,1560
33322,442,1693
33323,448,1870
33324,448,1982
33325,443,2027
33326,442,1966
33327,448,1867
33328,442,1737
33329,448,1588
33330,448,1493
33331,443,1561
33332,443,1693
33333,442,1871
33334,444,1983
33335,442,2028
33336,443,1967
33337,448,1867
33338,448,1737
33339,442,1587
33340,448,1493
33341,448,1560
33342,443,1695
33343,448,1873
33344,448,1989
33345,447,2027
33346,443,1967
33347,447,1867
33348,444,1736
33349,448,1583
33350,448,1493
33351,443,1561
33352,442,1695
33353,443,1875
33354,442,1983
33355,447,2027
33356,448,1967
33357,449,1865
33358,444,1737
33359,442,1583
33360,447,1494
33361,442,1560
33362,443,1696
33363,447,1875
33364,443,1989
33365,442,2027
33366,448,1967
33367,448,1865
33368,443,1735
33369,443,1582
33370,442,1492
33371,448,1561
33372,442,1700
33373,443,1876
33374,444,1983
33375,448,2027
33376,443,1965
33377,448,1864
33378,448,1733
33379,448,1579
33380,444,1493
33381,448,1553
33382,443,1675
33383,443,1854
33384,448,1975
33385,444,2027
33386,443,1967
33387,448,1877
33388,443,1741
33389,442,1592
33390,448,1490
33391,442,1555
33392,442,1715
33393,443,1883
33394,443,1976
33395,443,2027
33396,448,1969
33397,443,1877
33398,444,1741
33399,448,1592
33400,443,1491
33401,443,1527
33402,443,1677
33403,441,1861
33404,442,1979
33405,448,2027
33406,448,1961
33407,442,1855
33408,448,1727
33409,448,1579
33410,442,1495
33411,448,1563
33412,448,1707
33413,448,1881
33414,448,1991
33415,448,2025
33416,448,1964
33417,442,1855
33418,448,1726
33419,442,1577
33420,443,1495
33421,448,1563
33422,443,1707
33423,442,1881
33424,443,1991
33425,442,2025
33426,448,1963
33427,442,1853
33428,448,1725
33429,448,1577
33430,443,1495
33431,448,1562
33432,448,1706
33433,448,1881
33434,447,1990
33435,444,2026
33436,448,1965
33437,441,1854
33438,441,1725
33439,442,1577
33440,448,1494
33441,444,1563
33442,448,1707
33443,443,1883
33444,444,1990
33445,448,2024
33446,448,1963
33447,447,1850
33448,448,1723
33449,448,1575
33450,443,1493
33451,443,1563
33452,442,1711
33453,443,1883
33454,443,1989
33455,448,2025
33456,443,1963
33457,444,1851
33458,443,1724
33459,442,1575
33460,443,1495
33461,448,1563
33462,448,1712
33463,442,1883
33464,441,1991
33465,442,2023
33466,444,1964
33467,442,1851
33468,442,1723
33469,448,1575
33470,440,1496
33471,442,1563
33472,448,1715
33473,442,1887
33474,448,1993
33475,442,2024
33476,448,1963
33477,448,1850
33478,442,1725
33479,442,1575
33480,443,1495
33481,442,1566
33482,447,1717
33483,442,1889
33484,442,1995
33485,444,2025
33486,448,1962
33487,442,1849
33488,448,1723
33489,448,1573
33490,440,1495
33491,448,1564
33492,448,1719
33493,448,1893
33494,448,1979
33495,441,2025
33496,442,1964
33497,448,1865
33498,443,1735
33499,442,1583
33500,447,1498
33501,442,1563
33502,442,1693
33503,442,1869
33504,443,1981
33505,443,2025
33506,448,1959
33507,442,1845
33508,442,1719
33509,442,1573
33510,442,1495
33511,442,1565
33512,448,1721
33513,443,1887
33514,448,1995
33515,442,2024
33516,447,1963
33517,442,1847
33518,441,1721
33519,442,1571
33520,442,1496
33521,442,1565
33522,448,1722
33523,448,1891
33524,441,1994
33525,443,2023
33526,444,1961
33527,448,1847
33528,448,1719
33529,448,1571
33530,448,1495
33531,442,1565
33532,441,1721
33533,442,1889
33534,447,2003
33535,443,2023
33536,443,1963
33537,443,1855
33538,448,1727
33539,444,1580
33540,442,1491
33541,443,1561
33542,442,1693
33543,442,1876
33544,443,1982
33545,448,2023
33546,442,1963
33547,443,1821
33548,444,1719
33549,448,1567
33550,443,1496
33551,441,1566
33552,448,1721
33553,442,1891
33554,447,1993
33555,443,2023
33556,442,1959
33557,442,1845
33558,442,1719
33559,442,1567
33560,448,1496
33561,442,1567
33562,442,1724
33563,443,1891
33564,443,1993
33565,442,2023
33566,443,1961
33567,443,1844
33568,448,1719
33569,448,1566
33570,442,1497
33571,441,1567
33572,442,1723
33573,448,1893
33574,443,1996
33575,443,2022
33576,442,1959
33577,442,1843
33578,442,1718
33579,442,1547
33580,442,1494
33581,448,1563
33582,442,1703
33583,442,1880
33584,448,1983
33585,441,2023
33586,442,1963
33587,442,1853
33588,442,1725
33589,442,1576
33590,443,1491
33591,441,1562
33592,442,1735
33593,442,1902
33594,442,1998
33595,448,2021
33596,448,1957
33597,448,1837
33598,442,1716
33599,442,1563
33600,448,1501
33601,448,1573
33602,442,1735
33603,444,1898
33604,442,1997
33605,448,2021
33606,442,1958
33607,442,1837
33608,448,1715
33609,448,1562
33610,442,1499
33611,448,1572
33612,448,1735
33613,442,1917
33614,448,2003
33615,448,2019
33616,442,1957
33617,443,1835
33618,444,1711
33619,448,1560
33620,442,1499
33621,448,1573
33622,448,1738
33623,448,1899
33624,443,1999
33625,443,2020
33626,441,1956
33627,443,1833
33628,447,1711
33629,442,1561
33630,443,1500
33631,450,1573
33632,448,1739
33633,448,1899
33634,448,1998
33635,442,2019
33636,448,1956
33637,448,1835
33638,448,1710
33639,447,1559
33640,443,1500
33641,443,1574
33642,442,1741
33643,442,1901
33644,448,1999
33645,448,2019
33646,448,1957
33647,448,1833
33648,442,1711
33649,443,1559
33650,444,1499
33651,448,1572
33652,448,1740
33653,447,1900
33654,448,1999
33655,442,2019
33656,447,1957
33657,442,1831
33658,443,1709
33659,448,1557
33660,448,1501
33661,448,1575
33662,442,1746
33663,444,1902
33664,448,2003
33665,448,2018
33666,448,1957
33667,448,1831
33668,448,1707
33669,442,1557
33670,443,1501
33671,444,1573
33672,443,1743
33673,448,1902
33674,447,1999
33675,443,2015
33676,442,1955
33677,448,1829
33678,448,1707
33679,442,1532
33680,448,1495
33681,448,1564
33682,448,1717
33683,443,1887
33684,443,1991
33685,442,2021
33686,442,1959
33687,448,1844
33688,448,1719
33689,443,1567
33690,448,1493
33691,448,1565
33692,447,1756
33693,442,1903
33694,442,2003
33695,442,2015
33696,447,1956
33697,448,1829
33698,443,1705
33699,447,1555
33700,448,1503
33701,442,1574
33702,448,1748
33703,442,1902
33704,448,2003
33705,440,2015
33706,442,1955
33707,443,1829
33708,448,1705
33709,442,1555
33710,442,1503
33711,448,1574
33712,442,1749
33713,442,1907
33714,447,2003
33715,442,2015
33716,442,1955
33717,442,1828
33718,442,1704
33719,443,1555
33720,444,1508
33721,448,1576
33722,449,1751
33723,448,1907
33724,443,2003
33725,442,2015
33726,448,1952
33727,448,1824
33728,443,1703
33729,448,1555
33730,442,1508
33731,442,1577
33732,443,1752
33733,448,1907
33734,448,2004
33735,442,2012
33736,443,1951
33737,447,1827
33738,442,1703
33739,443,1555
33740,448,1509
33741,442,1576
33742,448,1753
33743,448,1908
33744,442,2005
33745,444,2013
33746,448,1951
33747,442,1827
33748,442,1701
33749,442,1553
33750,442,1509
33751,442,1577
33752,443,1755
33753,448,1909
33754,448,2007
33755,448,2012
33756,442,1952
33757,448,1823
33758,441,1701
33759,442,1551
33760,442,1507
33761,448,1576
33762,442,1755
33763,448,1910
33764,448,2005
33765,442,2011
33766,443,1951
33767,448,1821
33768,442,1699
33769,442,1549
33770,447,1507
33771,442,1577
33772,444,1756
33773,448,1909
33774,448,2005
33775,448,2009
33776,443,1949
33777,443,1820
33778,442,1699
33779,447,1527
33780,443,1499
33781,448,1571
33782,442,1727
33783,448,1895
33784,443,1995
33785,442,2014
33786,443,1956
33787,448,1834
33788,443,1711
33789,443,1560
33790,442,1497
33791,442,1567
33792,447,1768
33793,448,1911
33794,442,2005
33795,442,2009
33796,448,1950
33797,442,1819
33798,442,1694
33799,448,1547
33800,444,1512
33801,442,1580
33802,444,1758
33803,444,1911
33804,448,2007
33805,448,2011
33806,443,1947
33807,443,1820
33808,448,1693
33809,442,1547
33810,443,1509
33811,443,1579
33812,448,1763
33813,443,1912
33814,443,2008
33815,448,2011
33816,442,1949
33817,442,1819
33818,444,1693
33819,443,1546
33820,448,1510
33821,442,1581
33822,444,1764
33823,442,1914
33824,448,2008
33825,442,2010
33826,443,1949
33827,448,1817
33828,442,1691
33829,447,1545
33830,448,1512
33831,448,1579
33832,448,1764
33833,442,1915
33834,442,2009
33835,448,2009
33836,443,1948
33837,448,1815
33838,448,1691
33839,448,1545
33840,448,1511
33841,442,1583
33842,448,1765
33843,443,1913
33844,448,2007
33845,448,2008
33846,448,1949
33847,447,1817
33848,448,1689
33849,442,1543
33850,443,1511
33851,448,1581
33852,448,1768
33853,448,1914
33854,442,2009
33855,448,2008
33856,448,1947
33857,448,1813
33858,449,1689
33859,443,1543
33860,448,1513
33861,448,1583
33862,441,1769
33863,448,1916
33864,442,2010
33865,447,2008
33866,442,1947
33867,448,1814
33868,447,1688
33869,443,1541
33870,442,1513
33871,442,1581
33872,442,1769
33873,442,1916
33874,448,2009
33875,448,2007
33876,443,1947
33877,448,1813
33878,442,1687
33879,448,1523
33880,448,1502
33881,442,1574
33882,447,1743
33883,442,1903
33884,443,1999
33885,448,2012
33886,443,1951
33887,448,1823
33888,448,1703
33889,448,1549
33890,443,1501
33891,443,1573
33892,448,1785
33893,442,1918
33894,442,1999
33895,444,2011
33896,448,1951
33897,443,1827
33898,443,1703
33899,448,1553
33900,443,1502
33901,442,1575
33902,443,1751
33903,442,1903
33904,442,2007
33905,443,2013
33906,442,1941
33907,448,1807
33908,448,1684
33909,443,1533
33910,442,1513
33911,448,1589
33912,448,1773
33913,448,1918
33914,443,2011
33915,442,2006
33916,443,1945
33917,448,1807
33918,448,1683
33919,443,1531
33920,442,1514
33921,447,1587
33922,448,1772
33923,448,1917
33924,448,2011
33925,442,2003
33926,447,1944
33927,443,1811
33928,444,1683
33929,443,1531
33930,449,1514
33931,448,1589
33932,448,1775
33933,448,1920
33934,443,2011
33935,442,2006
33936,442,1944
33937,448,1807
33938,444,1682
33939,448,1529
33940,448,1515
33941,448,1590
33942,442,1779
33943,448,1927
33944,448,2011
33945,448,2003
33946,442,1941
33947,442,1805
33948,442,1679
33949,448,1529
33950,448,1517
33951,448,1591
33952,448,1779
33953,442,1919
33954,443,2011
33955,448,2004
33956,443,1942
33957,448,1805
33958,442,1679
33959,448,1529
33960,448,1514
33961,448,1591
33962,442,1781
33963,442,1926
33964,443,2012
33965,444,2003
33966,448,1940
33967,448,1803
33968,442,1677
33969,442,1528
33970,442,1517
33971,447,1591
33972,443,1782
33973,442,1926
33974,442,2011
33975,442,2003
33976,448,1941
33977,443,1803
33978,448,1676
33979,448,1527
33980,448,1517
33981,448,1591
33982,443,1783
33983,443,1927
33984,442,2013
33985,444,2003
33986,443,1942
33987,448,1803
33988,448,1675
33989,442,1527
33990,442,1519
33991,448,1593
33992,443,1787
33993,442,1927
33994,448,2004
33995,442,2008
33996,448,1945
33997,448,1817
33998,448,1691
33999,443,1543
34000,448,1531
34001,442,1581
34002,448,1764
34003,443,1911
34004,448,2005
34005,448,1995
34006,448,1939
34007,448,1802
34008,448,1671
34009,443,1525
34010,448,1520
34011,442,1593
34012,443,1785
34013,442,1929
34014,447,2015
34015,443,2003
34016,442,1940
34017,448,1801
34018,443,1673
34019,448,1526
34020,448,1519
34021,443,1595
34022,448,1787
34023,448,1928
34024,448,2014
34025,448,1998
34026,448,1939
34027,448,1799
34028,442,1671
34029,442,1525
34030,448,1519
34031,448,1595
34032,442,1786
34033,448,1929
34034,442,2023
34035,448,1999
34036,448,1944
34037,448,1811
34038,448,1687
34039,443,1541
34040,442,1511
34041,443,1583
34042,443,1765
34043,442,1915
34044,441,2008
34045,442,2005
34046,447,1945
34047,443,1807
34048,447,1653
34049,442,1523
34050,442,1520
34051,442,1599
34052,442,1789
34053,448,1933
34054,448,2019
34055,448,2001
34056,448,1934
34057,444,1798
34058,447,1663
34059,448,1519
34060,443,1523
34061,443,1598
34062,442,1790
34063,443,1931
34064,442,2015
34065,448,1998
34066,442,1935
34067,447,1799
34068,448,1660
34069,448,1519
34070,448,1523
34071,448,1598
34072,442,1789
34073,442,1931
34074,448,2015
34075,442,1998
34076,448,1933
34077,443,1791
34078,448,1659
34079,448,1514
34080,443,1523
34081,443,1583
34082,442,1772
34083,448,1917
34084,443,2008
34085,448,2003
34086,448,1939
34087,448,1809
34088,442,1682
34089,443,1531
34090,448,1513
34091,442,1587
34092,448,1790
34093,448,1939
34094,444,2019
34095,442,1997
34096,448,1932
34097,448,1790
34098,443,1660
34099,448,1518
34100,448,1523
34101,442,1605
34102,443,1799
34103,442,1933
34104,442,2021
34105,442,1996
34106,442,1931
34107,448,1788
34108,447,1659
34109,448,1517
34110,448,1525
34111,448,1607
34112,442,1799
34113,448,1955
34114,448,2021
34115,448,1995
34116,448,1931
34117,448,1787
34118,442,1657
34119,448,1515
34120,444,1526
34121,443,1605
34122,444,1801
34123,442,1937
34124,443,2019
34125,443,1995
34126,442,1930
34127,448,1787
34128,448,1656
34129,443,1515
34130,442,1525
34131,448,1607
34132,448,1801
34133,442,1939
34134,443,2021
34135,447,1995
34136,443,1931
34137,448,1786
34138,448,1655
34139,442,1515
34140,448,1527
34141,448,1609
34142,443,1803
34143,443,1937
34144,442,2021
34145,443,1997
34146,442,1929
34147,448,1784
34148,442,1653
34149,448,1514
34150,448,1527
34151,448,1608
34152,448,1802
34153,442,1939
34154,442,2022
34155,442,1995
34156,442,1929
34157,442,1785
34158,448,1653
34159,448,1512
34160,442,1527
34161,448,1609
34162,442,1804
34163,442,1939
34164,442,2023
34165,450,1993
34166,450,1928
34167,448,1784
34168,448,1653
34169,442,1513
34170,448,1527
34171,448,1611
34172,443,1806
34173,448,1940
34174,448,2023
34175,442,1993
34176,448,1927
34177,447,1783
34178,448,1647
34179,449,1509
34180,448,1526
34181,448,1591
34182,448,1783
34183,443,1927
34184,448,2011
34185,448,1999
34186,448,1937
34187,448,1799
34188,448,1669
34189,448,1523
34190,442,1516
34191,448,1593
34192,448,1817
34193,442,1945
34194,448,2023
34195,443,1993
34196,443,1927
34197,448,1781
34198,448,1647
34199,447,1511
34200,443,1530
34201,448,1615
34202,448,1807
34203,448,1941
34204,448,2023
34205,443,1991
34206,448,1920
34207,442,1783
34208,450,1646
34209,448,1511
34210,448,1529
34211,442,1615
34212,442,1809
34213,443,1941
34214,443,2024
34215,443,1992
34216,448,1919
34217,448,1782
34218,448,1645
34219,444,1511
34220,443,1529
34221,447,1614
34222,442,1811
34223,448,1943
34224,443,2025
34225,443,1993
34226,443,1918
34227,448,1783
34228,448,1645
34229,443,1510
34230,448,1529
34231,442,1615
34232,442,1811
34233,443,1944
34234,448,2024
34235,447,1992
34236,448,1919
34237,442,1781
34238,443,1642
34239,448,1509
34240,442,1531
34241,443,1619
34242,448,1813
34243,448,1943
34244,448,2024
34245,448,1991
34246,448,1919
34247,448,1779
34248,443,1643
34249,448,1508
34250,448,1531
34251,448,1619
34252,443,1813
34253,443,1943
34254,447,2023
34255,448,1990
34256,443,1917
34257,444,1781
34258,448,1643
34259,448,1507
34260,443,1531
34261,448,1620
34262,448,1815
34263,448,1945
34264,448,2025
34265,449,1991
34266,448,1919
34267,448,1779
34268,448,1641
34269,448,1507
34270,448,1531
34271,448,1622
34272,448,1812
34273,442,1945
34274,448,2026
34275,448,1989
34276,449,1917
34277,448,1775
34278,448,1640
34279,448,1506
34280,443,1531
34281,443,1597
34282,449,1797
34283,448,1933
34284,448,2015
34285,443,1995
34286,443,1929
34287,443,1787
34288,442,1655
34289,443,1515
34290,443,1523
34291,443,1605
34292,443,1823
34293,448,1949
34294,442,2025
34295,448,1989
34296,443,1913
34297,443,1775
34298,447,1637
34299,442,1507
34300,442,1533
34301,442,1623
34302,442,1817
34303,443,1947
34304,443,2027
34305,447,1989
34306,442,1913
34307,448,1779
34308,443,1639
34309,447,1502
34310,448,1532
34311,448,1623
34312,448,1817
34313,442,1949
34314,448,2025
34315,444,1990
34316,443,1915
34317,442,1775
34318,448,1636
34319,442,1503
34320,448,1541
34321,442,1625
34322,442,1819
34323,443,1949
34324,448,2025
34325,443,1989
34326,443,1913
34327,441,1774
34328,447,1636
34329,443,1502
34330,448,1533
34331,442,1627
34332,442,1820
34333,443,1951
34334,442,2027
34335,447,1988
34336,448,1913
34337,443,1774
34338,448,1637
34339,442,1503
34340,443,1534
34341,443,1626
34342,443,1821
34343,448,1950
34344,448,2027
34345,442,1989
34346,448,1911
34347,443,1774
34348,448,1635
34349,447,1501
34350,448,1541
34351,448,1628
34352,448,1823
34353,448,1955
34354,448,2027
34355,443,1984
34356,448,1911
34357,448,1771
34358,448,1630
34359,448,1500
34360,443,1533
34361,448,1629
34362,442,1823
34363,442,1955
34364,447,2027
34365,448,1983
34366,443,1911
34367,448,1771
34368,443,1630
34369,448,1499
34370,443,1533
34371,448,1629
34372,448,1823
34373,448,1955
34374,443,2029
34375,444,1983
34376,448,1909
34377,441,1773
34378,448,1630
34379,448,1497
34380,443,1542
34381,443,1609
34382,448,1807
34383,443,1941
34384,448,2020
34385,448,1993
34386,443,1919
34387,441,1781
34388,448,1644
34389,442,1509
34390,442,1527
34391,442,1613
34392,448,1835
34393,443,1960
34394,442,2021
34395,442,1991
34396,448,1919
34397,448,1780
34398,444,1643
34399,448,1508
34400,443,1525
34401,443,1613
34402,448,1810
34403,443,1941
34404,442,2021
34405,448,1989
34406,442,1895
34407,443,1765
34408,448,1627
34409,447,1497
34410,442,1544
34411,442,1639
34412,448,1828
34413,443,1959
34414,448,2031
34415,442,1981
34416,448,1907
34417,448,1769
34418,443,1625
34419,448,1497
34420,448,1545
34421,448,1637
34422,442,1829
34423,443,1960
34424,448,2029
34425,448,1981
34426,443,1903
34427,448,1767
34428,443,1623
34429,442,1495
34430,443,1544
34431,448,1637
34432,448,1831
34433,442,1959
34434,448,2029
34435,443,1981
34436,442,1899
34437,448,1767
34438,443,1623
34439,447,1496
34440,442,1545
34441,444,1639
34442,448,1831
34443,442,1959
34444,448,2029
34445,448,1981
34446,442,1901
34447,443,1767
34448,447,1622
34449,447,1495
34450,448,1545
34451,442,1639
34452,443,1833
34453,443,1960
34454,448,2030
34455,442,1981
34456,443,1902
34457,447,1766
34458,447,1623
34459,447,1495
34460,448,1545
34461,448,1643
34462,444,1833
34463,442,1963
34464,448,2030
34465,448,1981
34466,448,1899
34467,448,1765
34468,442,1622
34469,448,1496
34470,442,1545
34471,448,1645
34472,448,1833
34473,442,1961
34474,448,2031
34475,447,1979
34476,448,1900
34477,448,1765
34478,443,1620
34479,442,1494
34480,442,1545
34481,448,1647
34482,448,1834
34483,448,1964
34484,448,2030
34485,442,1980
34486,442,1900
34487,442,1765
34488,443,1619
34489,442,1495
34490,442,1547
34491,443,1643
34492,447,1835
34493,448,1971
34494,448,2023
34495,442,1983
34496,442,1911
34497,442,1773
34498,443,1631
34499,441,1500
34500,442,1550
34501,443,1636
34502,447,1819
34503,448,1948
34504,441,2025
34505,442,1983
34506,443,1893
34507,448,1762
34508,443,1614
34509,448,1495
34510,448,1546
34511,449,1644
34512,448,1836
34513,442,1965
34514,448,2031
34515,448,1979
34516,443,1897
34517,448,1763
34518,448,1617
34519,448,1493
34520,443,1547
34521,442,1645
34522,442,1836
34523,448,1964
34524,443,2030
34525,444,1979
34526,442,1897
34527,448,1764
34528,448,1613
34529,448,1494
34530,442,1547
34531,448,1647
34532,448,1839
34533,443,1964
34534,443,2029
34535,448,1979
34536,442,1909
34537,442,1769
34538,448,1628
34539,442,1499
34540,448,1533
34541,442,1629
34542,448,1821
34543,442,1951
34544,443,2027
34545,443,1981
34546,448,1907
34547,443,1743
34548,444,1611
34549,448,1493
34550,448,1547
34551,443,1653
34552,448,1840
34553,447,1967
34554,447,2029
34555,448,1977
34556,448,1894
34557,442,1759
34558,442,1613
34559,442,1493
34560,442,1548
34561,447,1653
34562,448,1839
34563,442,1966
34564,443,2031
34565,442,1976
34566,448,1895
34567,442,1757
34568,441,1613
34569,444,1493
34570,444,1548
34571,442,1654
34572,448,1845
34573,443,1967
34574,448,2030
34575,443,1976
34576,448,1894
34577,448,1757
34578,442,1613
34579,448,1491
34580,447,1545
34581,448,1631
34582,443,1827
34583,448,1959
34584,443,2031
34585,442,1981
34586,443,1903
34587,443,1767
34588,443,1625
34589,442,1497
34590,443,1541
34591,443,1637
34592,448,1847
34593,442,1976
34594,442,2030
34595,442,1977
34596,442,1889
34597,442,1755
34598,448,1609
34599,448,1492
34600,448,1555
34601,442,1659
34602,443,1845
34603,443,1972
34604,443,2031
34605,442,1973
34606,443,1887
34607,448,1753
34608,442,1608
34609,443,1491
34610,442,1550
34611,442,1660
34612,443,1848
34613,443,1983
34614,448,2031
34615,447,1974
34616,448,1886
34617,442,1753
34618,448,1607
34619,444,1491
34620,442,1549
34621,443,1660
34622,448,1848
34623,443,1974
34624,448,2031
34625,447,1976
34626,448,1887
34627,443,1753
34628,442,1605
34629,442,1491
34630,442,1553
34631,442,1663
34632,444,1849
34633,443,1975
34634,442,2031
34635,442,1975
34636,448,1885
34637,449,1753
34638,448,1607
34639,448,1492
34640,448,1553
34641,447,1663
34642,442,1851
34643,442,1973
34644,443,2031
34645,448,1975
34646,442,1884
34647,448,1751
34648,448,1604
34649,444,1490
34650,443,1555
34651,448,1669
34652,442,1849
34653,442,1974
34654,448,2030
34655,447,1974
34656,448,1883
34657,448,1752
34658,443,1605
34659,447,1493
34660,442,1553
34661,448,1671
34662,442,1849
34663,442,1974
34664,444,2031
34665,447,1973
34666,448,1883
34667,442,1751
34668,443,1598
34669,448,1491
34670,443,1555
34671,448,1672
34672,448,1853
34673,448,1976
34674,447,2029
34675,447,1973
34676,448,1882
34677,448,1751
34678,448,1598
34679,448,1493
34680,448,1546
34681,443,1645
34682,448,1833
34683,443,1963
34684,448,2028
34685,443,1976
34686,444,1895
34687,442,1759
34688,448,1613
34689,448,1491
34690,443,1544
34691,442,1643
34692,448,1895
34693,443,1965
34694,442,2043
34695,450,1971
34696,448,1887
34697,452,1753
34698,443,1599
34699,451,1485
34700,448,1541
34701,447,1641
34702,450,1839
34703,453,1956
34704,450,2025
34705,454,1971
34706,442,1883
34707,449,1752
34708,442,1625
34709,441,1493
34710,440,1555
34711,448,1672
34712,450,1849
34713,443,1965
34714,450,2037
34715,448,1975
34716,450,1891
34717,440,1765
34718,450,1612
34719,448,1496
34720,451,1555
34721,443,1648
34722,440,1847
34723,448,1955
34724,450,2039
34725,442,1973
34726,443,1867
34727,443,1741
34728,448,1595
34729,442,1493
34730,448,1558
34731,442,1676
34732,448,1862
34733,442,1977
34734,448,2030
34735,448,1971
34736,448,1878
34737,448,1747
34738,443,1595
34739,449,1491
34740,443,1556
34741,444,1677
34742,448,1862
34743,442,1978
34744,442,2030
34745,448,1971
34746,448,1878
34747,448,1748
34748,448,1594
34749,442,1491
34750,442,1557
34751,448,1677
34752,442,1864
34753,448,1977
34754,442,2028
34755,448,1972
34756,444,1875
34757,448,1743
34758,448,1593
34759,448,1491
34760,443,1556
34761,444,1681
34762,443,1863
34763,448,1978
34764,447,2027
34765,448,1971
34766,442,1873
34767,448,1743
34768,447,1591
34769,444,1491
34770,448,1557
34771,448,1679
34772,442,1864
34773,443,1979
34774,448,2028
34775,448,1967
34776,448,1875
34777,448,1741
34778,442,1592
34779,448,1527
34780,443,1549
34781,448,1657
34782,448,1844
34783,448,1971
34784,440,2029
34785,443,1973
34786,442,1887
34787,448,1751
34788,448,1607
34789,448,1491
34790,444,1549
34791,442,1655
34792,443,1877
34793,443,1980
34794,448,2027
34795,442,1967
34796,443,1875
34797,448,1742
34798,448,1591
34799,447,1492
34800,443,1559
34801,448,1687
34802,448,1867
34803,442,1979
34804,448,2029
34805,448,1967
34806,443,1869
34807,442,1739
34808,444,1590
34809,448,1491
34810,448,1559
34811,448,1685
34812,448,1867
34813,444,1981
34814,448,2027
34815,443,1967
34816,447,1869
34817,442,1738
34818,443,1591
34819,442,1492
34820,448,1560
34821,448,1687
34822,448,1868
34823,448,1980
34824,448,2027
34825,448,1967
34826,447,1869
34827,449,1739
34828,449,1587
34829,442,1491
34830,448,1559
34831,448,1687
34832,448,1869
34833,448,1979
34834,443,2028
34835,448,1967
34836,443,1869
34837,443,1739
34838,442,1587
34839,448,1493
34840,448,1560
34841,442,1689
34842,448,1873
34843,443,1981
34844,443,2027
34845,448,1967
34846,448,1867
34847,448,1739
34848,448,1583
34849,443,1492
34850,448,1559
34851,443,1689
34852,448,1871
34853,448,1981
34854,442,2027
34855,442,1964
34856,442,1867
34857,442,1737
34858,442,1583
34859,448,1492
34860,442,1560
34861,448,1691
34862,448,1874
34863,448,1983
34864,443,2026
34865,448,1967
34866,448,1865
34867,449,1737
34868,444,1583
34869,442,1493
34870,442,1560
34871,443,1693
34872,443,1874
34873,449,1981
34874,443,2025
34875,448,1967
34876,444,1865
34877,443,1737
34878,448,1583
34879,448,1495
34880,443,1555
34881,443,1673
34882,443,1851
34883,448,1977
34884,443,2027
34885,442,1971
34886,448,1879
34887,448,1747
34888,443,1595
34889,442,1491
34890,448,1553
34891,449,1671
34892,442,1884
34893,448,1981
34894,448,2029
34895,448,1967
34896,448,1876
34897,443,1747
34898,448,1593
34899,448,1491
34900,448,1551
34901,448,1675
34902,448,1853
34903,443,1975
34904,441,2027
34905,443,1971
34906,448,1851
34907,448,1727
34908,443,1580
34909,448,1493
34910,448,1562
34911,448,1699
34912,448,1875
34913,448,1984
34914,442,2025
34915,442,1965
34916,448,1863
34917,443,1734
34918,447,1581
34919,442,1493
34920,448,1562
34921,448,1702
34922,443,1877
34923,448,1989
34924,448,2025
34925,442,1966
34926,448,1861
34927,443,1727
34928,447,1579
34929,449,1493
34930,449,1562
34931,443,1701
34932,442,1878
34933,447,1989
34934,443,2026
34935,443,1963
34936,443,1855
34937,442,1727
34938,443,1579
34939,448,1493
34940,444,1561
34941,442,1702
34942,448,1879
34943,442,1987
34944,442,2025
34945,442,1965
34946,443,1861
34947,448,1727
34948,443,1579
34949,448,1493
34950,448,1563
34951,443,1703
34952,443,1880
34953,448,1991
34954,443,2025
34955,448,1964
34956,448,1855
34957,443,1727
34958,443,1577
34959,447,1493
34960,448,1564
34961,448,1705
34962,448,1881
34963,442,1989
34964,448,2025
34965,448,1965
34966,448,1855
34967,442,1726
34968,442,1577
34969,448,1495
34970,442,1563
34971,442,1707
34972,448,1883
34973,448,1991
34974,443,2024
34975,448,1963
34976,442,1854
34977,448,1727
34978,448,1576
34979,448,1494
34980,448,1563
34981,442,1707
34982,443,1882
34983,444,1991
34984,448,2023
34985,448,1961
34986,448,1853
34987,443,1724
34988,448,1577
34989,442,1495
34990,448,1565
34991,448,1707
34992,447,1881
34993,448,1990
34994,448,2025
34995,448,1965
34996,444,1867
34997,438,1739
34998,443,1588
34999,448,1491
35000,442,1575
35001,444,1685
35002,443,1867
35003,442,1977
35004,448,2025
35005,447,1959
35006,442,1848
35007,448,1723
35008,442,1572
35009,447,1494
35010,448,1563
35011,443,1709
35012,448,1883
35013,448,1991
35014,444,2023
35015,447,1963
35016,443,1850
35017,443,1723
35018,448,1574
35019,447,1495
35020,443,1563
35021,448,1711
35022,442,1884
35023,443,1991
35024,447,2025
35025,443,1961
35026,442,1851
35027,442,1722
35028,448,1574
35029,444,1494
35030,444,1565
35031,443,1715
35032,448,1883
35033,442,1993
35034,443,2020
35035,447,1962
35036,443,1866
35037,443,1736
35038,443,1582
35039,443,1489
35040,442,1557
35041,444,1689
35042,443,1866
35043,448,1979
35044,448,2024
35045,442,1964
35046,442,1866
35047,443,1737
35048,442,1564
35049,442,1495
35050,444,1565
35051,448,1717
35052,448,1886
35053,448,1992
35054,448,2024
35055,448,1961
35056,443,1849
35057,448,1721
35058,443,1571
35059,448,1494
35060,448,1567
35061,442,1717
35062,444,1887
35063,442,1993
35064,443,2023
35065,442,1961
35066,443,1847
35067,448,1721
35068,442,1572
35069,444,1495
35070,442,1566
35071,442,1719
35072,448,1890
35073,442,1993
35074,443,2023
35075,447,1961
35076,443,1845
35077,448,1722
35078,448,1571
35079,448,1497
35080,448,1565
35081,442,1692
35082,442,1874
35083,442,1983
35084,443,2023
35085,448,1964
35086,448,1863
35087,442,1735
35088,442,1581
35089,442,1493
35090,448,1559
35091,448,1695
35092,448,1887
35093,448,1997
35094,442,2021
35095,448,1960
35096,448,1845
35097,443,1720
35098,448,1567
35099,443,1495
35100,448,1566
35101,443,1723
35102,448,1891
35103,448,1994
35104,448,2021
35105,443,1961
35106,443,1844
35107,442,1717
35108,443,1567
35109,448,1496
35110,448,1567
35111,442,1723
35112,442,1891
35113,448,2004
35114,448,2022
35115,442,1959
35116,443,1843
35117,442,1715
35118,441,1567
35119,442,1497
35120,442,1567
35121,448,1726
35122,442,1892
35123,442,1995
35124,448,2022
35125,442,1958
35126,442,1839
35127,442,1717
35128,442,1565
35129,442,1497
35130,448,1567
35131,442,1727
35132,448,1893
35133,442,1995
35134,442,2021
35135,444,1958
35136,442,1842
35137,442,1717
35138,442,1565
35139,442,1496
35140,442,1567
35141,443,1727
35142,448,1893
35143,448,1997
35144,448,2021
35145,443,1959
35146,442,1839
35147,448,1715
35148,442,1564
35149,442,1499
35150,448,1571
35151,443,1733
35152,448,1895
35153,442,1996
35154,447,2021
35155,448,1958
35156,442,1839
35157,442,1715
35158,442,1563
35159,448,1499
35160,443,1568
35161,447,1735
35162,443,1895
35163,444,1997
35164,442,2019
35165,443,1959
35166,448,1839
35167,443,1712
35168,440,1563
35169,444,1499
35170,443,1571
35171,443,1735
35172,448,1897
35173,443,1998
35174,442,2015
35175,448,1958
35176,442,1837
35177,448,1712
35178,447,1561
35179,444,1499
35180,442,1567
35181,443,1705
35182,443,1881
35183,443,1989
35184,442,2023
35185,441,1963
35186,442,1851
35187,442,1724
35188,448,1574
35189,442,1493
35190,443,1561
35191,442,1708
35192,442,1908
35193,442,2001
35194,442,2013
35195,442,1957
35196,444,1835
35197,441,1711
35198,442,1560
35199,442,1499
35200,442,1575
35201,448,1739
35202,442,1899
35203,442,1997
35204,448,2021
35205,442,1959
35206,443,1835
35207,442,1711
35208,444,1561
35209,442,1499
35210,448,1572
35211,442,1736
35212,442,1899
35213,443,1997
35214,444,2015
35215,442,1957
35216,443,1834
35217,442,1710
35218,442,1560
35219,447,1499
35220,442,1573
35221,442,1738
35222,442,1900
35223,443,1999
35224,443,2019
35225,443,1957
35226,448,1833
35227,442,1711
35228,442,1559
35229,443,1501
35230,442,1572
35231,442,1741
35232,448,1900
35233,448,1999
35234,442,2019
35235,442,1957
35236,443,1835
35237,442,1709
35238,443,1559
35239,442,1501
35240,442,1575
35241,442,1740
35242,448,1901
35243,442,2001
35244,448,2015
35245,442,1955
35246,442,1831
35247,443,1709
35248,441,1559
35249,443,1501
35250,442,1574
35251,442,1741
35252,448,1901
35253,448,2002
35254,448,2015
35255,444,1956
35256,443,1831
35257,442,1707
35258,442,1557
35259,442,1503
35260,448,1573
35261,442,1747
35262,443,1903
35263,442,1999
35264,443,2019
35265,443,1955
35266,442,1831
35267,444,1707
35268,442,1557
35269,442,1502
35270,442,1574
35271,442,1746
35272,448,1903
35273,442,2003
35274,441,2015
35275,442,1956
35276,448,1829
35277,443,1705
35278,443,1556
35279,442,1502
35280,443,1575
35281,442,1717
35282,442,1887
35283,444,1993
35284,442,2021
35285,448,1959
35286,443,1843
35287,443,1719
35288,442,1565
35289,443,1496
35290,443,1563
35291,440,1720
35292,443,1909
35293,443,2004
35294,448,2013
35295,444,1955
35296,442,1827
35297,440,1706
35298,442,1556
35299,447,1501
35300,443,1574
35301,442,1749
35302,442,1906
35303,442,2003
35304,448,2013
35305,447,1951
35306,442,1828
35307,442,1706
35308,448,1555
35309,440,1507
35310,442,1577
35311,442,1751
35312,442,1907
35313,440,2004
35314,442,2014
35315,442,1955
35316,443,1827
35317,448,1704
35318,442,1554
35319,442,1507
35320,442,1576
35321,447,1751
35322,442,1909
35323,442,2005
35324,442,2014
35325,441,1951
35326,448,1827
35327,442,1705
35328,442,1555
35329,442,1507
35330,442,1577
35331,441,1751
35332,440,1909
35333,443,2005
35334,448,2013
35335,442,1951
35336,442,1827
35337,442,1703
35338,442,1553
35339,442,1508
35340,442,1577
35341,442,1753
35342,442,1909
35343,442,2005
35344,441,2011
35345,442,1951
35346,442,1823
35347,442,1703
35348,443,1551
35349,442,1509
35350,440,1579
35351,442,1753
35352,442,1911
35353,442,2004
35354,443,2013
35355,442,1951
35356,442,1821
35357,442,1701
35358,442,1551
35359,441,1509
35360,442,1578
35361,442,1755
35362,442,1911
35363,443,2006
35364,443,2013
35365,442,1949
35366,447,1821
35367,442,1699
35368,442,1549
35369,442,1508
35370,442,1577
35371,442,1755
35372,442,1911
35373,447,2005
35374,443,2012
35375,442,1951
35376,442,1820
35377,442,1700
35378,443,1549
35379,442,1510
35380,442,1578
35381,443,1725
35382,443,1897
35383,442,1997
35384,444,2015
35385,448,1957
35386,448,1835
35387,442,1709
35388,443,1561
35389,442,1498
35390,442,1571
35391,441,1735
35392,442,1919
35393,442,2007
35394,443,2017
35395,442,1957
35396,443,1833
35397,442,1710
35398,442,1559
35399,443,1497
35400,442,1567
35401,443,1736
35402,442,1898
35403,441,1995
35404,443,2025
35405,442,1955
35406,442,1811
35407,442,1693
35408,444,1545
35409,448,1511
35410,443,1581
35411,442,1763
35412,442,1913
35413,442,2007
35414,442,2008
35415,448,1950
35416,442,1817
35417,448,1695
35418,442,1545
35419,442,1511
35420,443,1581
35421,442,1764
35422,448,1913
35423,442,2008
35424,442,2009
35425,448,1948
35426,443,1817
35427,443,1693
35428,443,1545
35429,442,1511
35430,443,1582
35431,448,1765
35432,442,1912
35433,444,2007
35434,443,2010
35435,443,1948
35436,441,1815
35437,442,1691
35438,443,1543
35439,443,1512
35440,442,1583
35441,448,1766
35442,442,1915
35443,442,2007
35444,448,2009
35445,447,1949
35446,443,1816
35447,448,1689
35448,443,1543
35449,448,1511
35450,442,1582
35451,443,1766
35452,447,1914
35453,443,2008
35454,442,2008
35455,442,1948
35456,442,1816
35457,448,1691
35458,443,1543
35459,442,1512
35460,443,1581
35461,443,1767
35462,442,1915
35463,443,2007
35464,443,2007
35465,442,1947
35466,444,1813
35467,448,1689
35468,443,1542
35469,442,1513
35470,442,1583
35471,442,1769
35472,442,1915
35473,443,2010
35474,448,2006
35475,444,1946
35476,442,1813
35477,448,1689
35478,442,1541
35479,443,1513
35480,443,1587
35481,442,1769
35482,448,1918
35483,444,2009
35484,443,2008
35485,443,1945
35486,442,1813
35487,442,1689
35488,442,1541
35489,443,1514
35490,442,1587
35491,442,1771
35492,442,1919
35493,442,2013
35494,442,2013
35495,440,1951
35496,443,1823
35497,447,1703
35498,442,1553
35499,442,1501
35500,442,1594
35501,442,1761
35502,443,1903
35503,442,1998
35504,443,2012
35505,443,1951
35506,448,1805
35507,443,1683
35508,442,1533
35509,442,1515
35510,448,1587
35511,444,1770
35512,448,1919
35513,443,2009
35514,442,2007
35515,448,1945
35516,442,1811
35517,448,1687
35518,442,1532
35519,443,1513
35520,448,1587
35521,443,1771
35522,443,1917
35523,448,2009
35524,447,2005
35525,447,1945
35526,442,1809
35527,448,1685
35528,448,1531
35529,443,1513
35530,443,1587
35531,447,1771
35532,442,1919
35533,444,2009
35534,447,1997
35535,442,1947
35536,447,1821
35537,443,1699
35538,447,1549
35539,442,1502
35540,442,1575
35541,443,1753
35542,442,1903
35543,448,2003
35544,442,2009
35545,441,1949
35546,442,1819
35547,443,1655
35548,442,1530
35549,448,1516
35550,440,1589
35551,444,1775
35552,448,1919
35553,442,2011
35554,443,2005
35555,443,1943
35556,442,1805
35557,448,1683
35558,448,1531
35559,442,1516
35560,442,1589
35561,442,1773
35562,442,1920
35563,448,2011
35564,448,2005
35565,442,1945
35566,448,1805
35567,443,1681
35568,442,1529
35569,442,1516
35570,442,1589
35571,442,1779
35572,442,1927
35573,442,2012
35574,442,2004
35575,442,1941
35576,442,1805
35577,448,1679
35578,448,1530
35579,448,1529
35580,442,1583
35581,448,1759
35582,442,1909
35583,442,2003
35584,443,2009
35585,448,1947
35586,448,1817
35587,447,1692
35588,438,1545
35589,443,1509
35590,443,1577
35591,448,1757
35592,442,1927
35593,447,2019
35594,442,2003
35595,448,1941
35596,448,1803
35597,443,1673
35598,443,1528
35599,442,1517
35600,441,1596
35601,442,1785
35602,448,1928
35603,442,2013
35604,442,2003
35605,443,1940
35606,448,1803
35607,442,1673
35608,443,1526
35609,448,1519
35610,448,1593
35611,448,1785
35612,448,1927
35613,442,2025
35614,448,2000
35615,440,1939
35616,442,1800
35617,442,1671
35618,442,1525
35619,442,1519
35620,442,1593
35621,447,1786
35622,442,1927
35623,447,2013
35624,447,1999
35625,448,1941
35626,448,1801
35627,442,1663
35628,442,1525
35629,442,1522
35630,444,1593
35631,448,1787
35632,448,1929
35633,442,2015
35634,442,1999
35635,443,1938
35636,447,1799
35637,448,1671
35638,447,1524
35639,448,1519
35640,442,1595
35641,443,1787
35642,448,1931
35643,443,2018
35644,442,1999
35645,443,1937
35646,443,1797
35647,443,1663
35648,443,1523
35649,448,1519
35650,443,1595
35651,448,1789
35652,448,1930
35653,443,2014
35654,443,2001
35655,442,1939
35656,442,1799
35657,447,1670
35658,448,1524
35659,447,1523
35660,442,1597
35661,443,1791
35662,443,1932
35663,448,2014
35664,447,1999
35665,442,1938
35666,447,1799
35667,442,1661
35668,443,1523
35669,442,1523
35670,443,1597
35671,448,1791
35672,448,1932
35673,442,2017
35674,442,1997
35675,448,1935
35676,448,1791
35677,442,1659
35678,442,1519
35679,448,1531
35680,448,1589
35681,443,1770
35682,447,1914
35683,442,2008
35684,441,2005
35685,448,1944
35686,442,1809
35687,442,1685
35688,443,1531
35689,447,1513
35690,448,1583
35691,448,1767
35692,448,1935
35693,448,2020
35694,448,1997
35695,442,1935
35696,448,1791
35697,448,1661
35698,448,1518
35699,442,1524
35700,442,1599
35701,443,1790
35702,448,1933
35703,443,2018
35704,442,1997
35705,448,1933
35706,443,1791
35707,448,1660
35708,448,1516
35709,444,1522
35710,448,1599
35711,442,1791
35712,448,1934
35713,448,2019
35714,442,1995
35715,442,1933
35716,442,1789
35717,448,1659
35718,448,1517
35719,448,1524
35720,448,1599
35721,444,1797
35722,443,1933
35723,442,2020
35724,448,1996
35725,448,1931
35726,443,1790
35727,450,1657
35728,448,1515
35729,448,1524
35730,448,1599
35731,448,1799
35732,443,1934
35733,443,2018
35734,448,1997
35735,448,1934
35736,443,1789
35737,442,1657
35738,448,1516
35739,448,1526
35740,448,1605
35741,448,1799
35742,448,1935
35743,442,2020
35744,448,1997
35745,448,1933
35746,443,1788
35747,448,1656
35748,448,1515
35749,443,1525
35750,448,1607
35751,448,1799
35752,443,1937
35753,448,2019
35754,443,1994
35755,442,1931
35756,444,1788
35757,443,1656
35758,442,1515
35759,448,1525
35760,443,1607
35761,448,1801
35762,448,1939
35763,448,2021
35764,442,1995
35765,448,1931
35766,442,1787
35767,443,1655
35768,442,1515
35769,442,1525
35770,448,1608
35771,448,1801
35772,448,1939
35773,444,2021
35774,448,1995
35775,442,1931
35776,448,1787
35777,448,1652
35778,443,1515
35779,442,1532
35780,442,1592
35781,448,1780
35782,443,1919
35783,448,2011
35784,442,1998
35785,448,1935
35786,448,1800
35787,448,1671
35788,448,1525
35789,448,1515
35790,448,1591
35791,443,1780
35792,448,1943
35793,448,2021
35794,443,1991
35795,444,1925
35796,444,1783
35797,448,1651
35798,442,1512
35799,442,1528
35800,442,1615
35801,442,1807
35802,442,1939
35803,443,2023
35804,448,1995
35805,442,1927
35806,442,1785
35807,448,1647
35808,442,1512
35809,442,1528
35810,442,1611
35811,442,1806
35812,448,1942
35813,444,2023
35814,448,1995
35815,447,1927
35816,444,1784
35817,448,1647
35818,443,1512
35819,442,1529
35820,442,1611
35821,448,1807
35822,443,1942
35823,442,2022
35824,448,1993
35825,448,1920
35826,448,1783
35827,448,1647
35828,442,1509
35829,442,1529
35830,443,1613
35831,448,1807
35832,442,1941
35833,442,2023
35834,443,1992
35835,448,1925
35836,443,1783
35837,448,1645
35838,443,1511
35839,448,1528
35840,442,1615
35841,442,1809
35842,442,1943
35843,447,2024
35844,444,1993
35845,442,1919
35846,448,1783
35847,442,1644
35848,449,1509
35849,443,1529
35850,448,1615
35851,442,1811
35852,448,1944
35853,443,2024
35854,442,1991
35855,442,1919
35856,442,1780
35857,448,1641
35858,448,1509
35859,448,1529
35860,443,1619
35861,442,1813
35862,442,1945
35863,448,2023
35864,444,1991
35865,442,1917
35866,443,1780
35867,442,1642
35868,442,1507
35869,448,1528
35870,443,1615
35871,443,1812
35872,448,1945
35873,442,2025
35874,442,1992
35875,443,1917
35876,442,1780
35877,442,1641
35878,443,1508
35879,443,1545
35880,442,1604
35881,442,1790
35882,442,1929
35883,443,2015
35884,443,1995
35885,443,1932
35886,448,1789
35887,448,1656
35888,448,1517
35889,442,1523
35890,442,1599
35891,442,1789
35892,442,1955
35893,443,2025
35894,442,1995
35895,442,1931
35896,448,1787
35897,443,1657
35898,442,1515
35899,442,1523
35900,443,1596
35901,448,1791
35902,448,1931
35903,442,2017
35904,442,1995
35905,441,1931
35906,448,1771
35907,442,1635
35908,442,1507
35909,447,1533
35910,448,1623
35911,443,1816
35912,448,1948
35913,442,2025
35914,448,1989
35915,443,1915
35916,444,1779
35917,448,1638
35918,442,1507
35919,442,1533
35920,442,1623
35921,443,1817
35922,442,1949
35923,442,2026
35924,447,1989
35925,442,1915
35926,442,1775
35927,442,1637
35928,441,1505
35929,443,1533
35930,447,1623
35931,447,1818
35932,441,1949
35933,442,2027
35934,448,1989
35935,442,1913
35936,448,1775
35937,448,1636
35938,443,1503
35939,444,1533
35940,448,1625
35941,448,1819
35942,442,1949
35943,448,2026
35944,448,1983
35945,448,1913
35946,448,1774
35947,444,1636
35948,443,1501
35949,443,1533
35950,448,1625
35951,448,1819
35952,449,1950
35953,448,2027
35954,443,1983
35955,448,1912
35956,442,1773
35957,448,1631
35958,448,1500
35959,448,1532
35960,448,1626
35961,448,1819
35962,442,1950
35963,448,2026
35964,442,1983
35965,441,1912
35966,443,1773
35967,448,1633
35968,448,1501
35969,443,1533
35970,442,1627
35971,442,1821
35972,442,1951
35973,447,2026
35974,442,1984
35975,442,1911
35976,442,1771
35977,444,1629
35978,448,1502
35979,448,1541
35980,447,1629
35981,448,1821
35982,443,1951
35983,448,2027
35984,442,1983
35985,443,1909
35986,442,1773
35987,442,1629
35988,444,1499
35989,443,1534
35990,443,1629
35991,443,1822
35992,448,1956
35993,442,2027
35994,442,1991
35995,448,1919
35996,448,1781
35997,443,1646
35998,448,1509
35999,443,1525
36000,447,1671
36001,443,1810
36002,448,1941
36003,448,2019
36004,443,1991
36005,448,1897
36006,448,1770
36007,448,1627
36008,448,1499
36009,442,1543
36010,442,1634
36011,448,1827
36012,443,1957
36013,443,2029
36014,443,1983
36015,447,1908
36016,448,1771
36017,444,1628
36018,442,1499
36019,442,1543
36020,444,1634
36021,443,1823
36022,442,1957
36023,447,2028
36024,443,1983
36025,440,1907
36026,443,1769
36027,443,1627
36028,443,1498
36029,443,1543
36030,447,1637
36031,448,1828
36032,443,1958
36033,448,2027
36034,444,1977
36035,442,1909
36036,443,1779
36037,442,1641
36038,442,1507
36039,448,1528
36040,442,1613
36041,442,1813
36042,448,1941
36043,444,2023
36044,448,1989
36045,447,1918
36046,448,1778
36047,443,1639
36048,447,1495
36049,442,1545
36050,441,1639
36051,441,1831
36052,442,1959
36053,442,2028
36054,444,1981
36055,442,1903
36056,442,1767
36057,442,1625
36058,442,1497
36059,442,1544
36060,443,1639
36061,443,1831
36062,443,1961
36063,448,2029
36064,442,1982
36065,442,1901
36066,443,1765
36067,443,1623
36068,447,1497
36069,442,1543
36070,448,1639
36071,443,1832
36072,448,1961
36073,448,2027
36074,443,1981
36075,442,1901
36076,447,1767
36077,442,1622
36078,442,1495
36079,442,1547
36080,442,1641
36081,443,1813
36082,442,1947
36083,442,2024
36084,440,1983
36085,443,1913
36086,443,1773
36087,443,1638
36088,442,1503
36089,440,1531
36090,443,1619
36091,442,1816
36092,443,1959
36093,447,2031
36094,443,1979
36095,448,1899
36096,440,1765
36097,448,1621
36098,442,1497
36099,441,1547
36100,448,1642
36101,448,1835
36102,448,1962
36103,442,2031
36104,442,1980
36105,448,1899
36106,442,1764
36107,443,1619
36108,448,1494
36109,442,1546
36110,442,1643
36111,448,1835
36112,443,1961
36113,442,2031
36114,447,1979
36115,442,1898
36116,448,1763
36117,448,1615
36118,448,1493
36119,443,1547
36120,442,1645
36121,447,1837
36122,442,1965
36123,448,2031
36124,442,1979
36125,442,1897
36126,442,1763
36127,441,1614
36128,447,1495
36129,448,1547
36130,442,1646
36131,442,1838
36132,442,1965
36133,442,2030
36134,442,1979
36135,444,1897
36136,443,1762
36137,442,1615
36138,442,1493
36139,442,1547
36140,442,1647
36141,443,1837
36142,442,1965
36143,442,2030
36144,442,1979
36145,443,1895
36146,442,1762
36147,442,1613
36148,448,1495
36149,442,1547
36150,443,1648
36151,448,1839
36152,441,1966
36153,442,2031
36154,442,1977
36155,442,1895
36156,441,1762
36157,443,1613
36158,442,1493
36159,447,1547
36160,442,1651
36161,442,1843
36162,443,1967
36163,448,2031
36164,442,1976
36165,442,1895
36166,442,1757
36167,443,1613
36168,443,1493
36169,442,1547
36170,448,1653
36171,444,1843
36172,448,1971
36173,441,2031
36174,443,1977
36175,442,1895
36176,443,1758
36177,448,1612
36178,448,1493
36179,448,1549
36180,448,1651
36181,448,1821
36182,443,1955
36183,443,2027
36184,448,1981
36185,449,1903
36186,443,1767
36187,442,1627
36188,442,1497
36189,444,1541
36190,448,1629
36191,448,1823
36192,442,1975
36193,442,2031
36194,448,1976
36195,448,1891
36196,444,1757
36197,442,1609
36198,448,1493
36199,442,1549
36200,448,1663
36201,442,1845
36202,442,1968
36203,442,2031
36204,448,1977
36205,442,1892
36206,442,1755
36207,443,1610
36208,442,1491
36209,443,1549
36210,448,1657
36211,448,1845
36212,447,1971
36213,448,2031
36214,443,1976
36215,441,1891
36216,448,1755
36217,448,1608
36218,447,1493
36219,442,1549
36220,442,1657
36221,443,1847
36222,444,1971
36223,442,2031
36224,448,1976
36225,448,1890
36226,442,1756
36227,448,1608
36228,442,1493
36229,443,1553
36230,448,1658
36231,442,1847
36232,448,1973
36233,448,2031
36234,448,1975
36235,448,1887
36236,447,1755
36237,443,1608
36238,443,1491
36239,442,1551
36240,448,1660
36241,448,1848
36242,442,1973
36243,442,2031
36244,444,1976
36245,448,1885
36246,442,1753
36247,448,1607
36248,447,1491
36249,448,1551
36250,442,1661
36251,448,1848
36252,448,1974
36253,442,2031
36254,448,1976
36255,448,1885
36256,443,1753
36257,443,1607
36258,443,1491
36259,444,1553
36260,443,1662
36261,447,1848
36262,442,1973
36263,442,2030
36264,442,1976
36265,443,1885
36266,447,1751
36267,443,1599
36268,448,1492
36269,448,1553
36270,448,1661
36271,442,1851
36272,442,1974
36273,442,2031
36274,442,1975
36275,448,1884
36276,442,1752
36277,442,1605
36278,442,1491
36279,442,1553
36280,444,1661
36281,442,1831
36282,442,1963
36283,448,2029
36284,448,1979
36285,448,1897
36286,442,1762
36287,443,1618
36288,441,1492
36289,442,1544
36290,448,1641
36291,443,1833
36292,448,1979
36293,448,2030
36294,448,1973
36295,448,1883
36296,442,1751
36297,442,1599
36298,447,1492
36299,442,1553
36300,443,1671
36301,442,1853
36302,442,1975
36303,443,2029
36304,448,1973
36305,448,1881
36306,448,1749
36307,448,1597
36308,442,1491
36309,448,1555
36310,443,1672
36311,448,1855
36312,442,1975
36313,449,2028
36314,448,1973
36315,448,1881
36316,448,1749
36317,447,1597
36318,449,1492
36319,443,1555
36320,442,1673
36321,448,1855
36322,442,1976
36323,448,2029
36324,443,1973
36325,443,1880
36326,448,1747
36327,448,1597
36328,448,1492
36329,448,1555
36330,448,1674
36331,449,1865
36332,447,1971
36333,452,2029
36334,450,1977
36335,450,1895
36336,448,1764
36337,449,1625
36338,440,1493
36339,448,1547
36340,442,1653
36341,448,1849
36342,442,1973
36343,439,2029
36344,443,1992
36345,442,1880
36346,451,1769
36347,440,1623
36348,443,1501
36349,448,1554
36350,448,1654
36351,449,1844
36352,450,1967
36353,443,2018
36354,450,1963
36355,443,1883
36356,450,1763
36357,451,1619
36358,449,1477
36359,442,1543
36360,442,1671
36361,441,1839
36362,448,1983
36363,444,2027
36364,442,1971
36365,448,1877
36366,448,1747
36367,447,1593
36368,443,1493
36369,442,1556
36370,447,1677
36371,448,1862
36372,448,1977
36373,448,2031
36374,442,1972
36375,448,1876
36376,448,1747
36377,443,1594
36378,444,1491
36379,448,1555
36380,448,1679
36381,448,1839
36382,448,1967
36383,443,2029
36384,443,1975
36385,448,1891
36386,442,1753
36387,442,1609
36388,442,1487
36389,448,1548
36390,447,1653
36391,442,1845
36392,442,1981
36393,442,2027
36394,442,1975
36395,443,1890
36396,448,1753
36397,443,1607
36398,443,1491
36399,443,1547
36400,443,1653
36401,447,1843
36402,443,1967
36403,448,2027
36404,443,1974
36405,443,1886
36406,448,1734
36407,448,1592
36408,448,1492
36409,448,1557
36410,448,1687
36411,450,1865
36412,443,1979
36413,447,2027
36414,448,1967
36415,447,1873
36416,442,1741
36417,444,1589
36418,450,1492
36419,447,1556
36420,448,1685
36421,448,1869
36422,448,1981
36423,448,2029
36424,444,1971
36425,448,1875
36426,448,1741
36427,447,1590
36428,443,1493
36429,444,1558
36430,442,1687
36431,442,1867
36432,448,1981
36433,448,2027
36434,443,1971
36435,442,1871
36436,443,1739
36437,443,1589
36438,442,1493
36439,442,1559
36440,442,1689
36441,442,1868
36442,448,1981
36443,442,2028
36444,448,1967
36445,442,1871
36446,443,1739
36447,443,1589
36448,442,1493
36449,442,1559
36450,442,1689
36451,441,1869
36452,442,1981
36453,442,2028
36454,442,1965
36455,443,1869
36456,442,1738
36457,443,1589
36458,443,1491
36459,448,1559
36460,442,1691
36461,443,1869
36462,448,1979
36463,444,2027
36464,448,1967
36465,444,1867
36466,448,1738
36467,448,1588
36468,448,1492
36469,442,1561
36470,448,1691
36471,448,1871
36472,442,1982
36473,443,2027
36474,448,1965
36475,448,1867
36476,441,1736
36477,448,1583
36478,442,1493
36479,443,1560
36480,443,1691
36481,443,1873
36482,448,1981
36483,442,2027
36484,448,1966
36485,448,1865
36486,448,1736
36487,448,1583
36488,441,1491
36489,442,1560
36490,442,1693
36491,442,1875
36492,448,1981
36493,443,2024
36494,442,1973
36495,442,1879
36496,442,1747
36497,443,1597
36498,442,1489
36499,448,1553
36500,442,1711
36501,448,1865
36502,443,1976
36503,442,2029
36504,443,1971
36505,442,1879
36506,448,1727
36507,443,1581
36508,448,1493
36509,444,1560
36510,441,1699
36511,442,1875
36512,447,1983
36513,448,2027
36514,448,1967
36515,443,1865
36516,442,1736
36517,442,1583
36518,448,1493
36519,442,1561
36520,447,1699
36521,442,1872
36522,448,1983
36523,448,2026
36524,447,1967
36525,442,1865
36526,442,1735
36527,442,1583
36528,442,1495
36529,447,1560
36530,448,1701
36531,443,1875
36532,448,1984
36533,448,2027
36534,443,1959
36535,442,1865
36536,448,1745
36537,443,1592
36538,448,1490
36539,443,1553
36540,443,1676
36541,448,1855
36542,448,1973
36543,442,2027
36544,443,1970
36545,443,1877
36546,443,1741
36547,448,1565
36548,443,1493
36549,442,1561
36550,442,1701
36551,444,1879
36552,448,1983
36553,448,2025
36554,448,1965
36555,448,1855
36556,443,1727
36557,442,1579
36558,442,1493
36559,442,1561
36560,448,1703
36561,443,1879
36562,442,1988
36563,448,2027
36564,448,1965
36565,448,1862
36566,448,1733
36567,442,1580
36568,442,1493
36569,442,1563
36570,448,1704
36571,442,1879
36572,442,1984
36573,448,2025
36574,442,1964
36575,442,1861
36576,443,1726
36577,442,1578
36578,447,1493
36579,442,1573
36580,442,1689
36581,440,1864
36582,442,1977
36583,442,2027
36584,443,1967
36585,442,1871
36586,442,1740
36587,441,1592
36588,442,1491
36589,448,1557
36590,442,1683
36591,441,1865
36592,443,1991
36593,442,2023
36594,443,1963
36595,447,1853
36596,440,1727
36597,443,1576
36598,448,1495
36599,440,1563
36600,442,1720
36601,442,1883
36602,448,1990
36603,442,2023
36604,442,1963
36605,448,1852
36606,442,1725
36607,442,1576
36608,442,1493
36609,447,1564
36610,440,1707
36611,442,1884
36612,443,1991
36613,443,2017
36614,442,1961
36615,448,1851
36616,443,1723
36617,443,1575
36618,447,1495
36619,448,1565
36620,443,1709
36621,448,1885
36622,448,1991
36623,443,2023
36624,442,1961
36625,442,1851
36626,443,1723
36627,442,1574
36628,447,1495
36629,442,1563
36630,449,1711
36631,444,1885
36632,448,1991
36633,447,2023
36634,448,1963
36635,443,1850
36636,448,1723
36637,442,1573
36638,442,1495
36639,448,1566
36640,448,1712
36641,443,1887
36642,442,1992
36643,443,2023
36644,448,1963
36645,442,1849
36646,448,1719
36647,443,1572
36648,442,1495
36649,448,1565
36650,441,1716
36651,442,1885
36652,442,1991
36653,442,2023
36654,442,1961
36655,448,1848
36656,441,1721
36657,448,1571
36658,448,1493
36659,443,1566
36660,448,1717
36661,443,1887
36662,442,1993
36663,447,2024
36664,447,1961
36665,443,1847
36666,442,1721
36667,448,1568
36668,442,1495
36669,442,1566
36670,448,1718
36671,448,1892
36672,442,1995
36673,448,2022
36674,442,1961
36675,448,1846
36676,443,1721
36677,448,1571
36678,443,1495
36679,448,1577
36680,442,1699
36681,443,1871
36682,444,1980
36683,442,2025
36684,442,1965
36685,442,1865
36686,442,1733
36687,444,1581
36688,444,1491
36689,442,1560
36690,443,1693
36691,448,1869
36692,448,1997
36693,442,2021
36694,448,1959
36695,448,1846
36696,442,1719
36697,441,1567
36698,442,1496
36699,448,1566
36700,442,1720
36701,443,1891
36702,442,1993
36703,443,2023
36704,442,1960
36705,442,1845
36706,440,1720
36707,442,1567
36708,443,1497
36709,443,1567
36710,442,1723
36711,448,1889
36712,442,1995
36713,441,2023
36714,441,1960
36715,442,1845
36716,448,1719
36717,442,1567
36718,442,1496
36719,443,1566
36720,442,1723
36721,444,1891
36722,448,1995
36723,448,2020
36724,447,1959
36725,447,1844
36726,442,1719
36727,442,1565
36728,443,1496
36729,442,1567
36730,442,1724
36731,448,1893
36732,442,1995
36733,448,2021
36734,444,1959
36735,448,1843
36736,442,1717
36737,447,1565
36738,442,1496
36739,442,1567
36740,448,1726
36741,442,1893
36742,442,1995
36743,442,2021
36744,442,1959
36745,448,1840
36746,442,1715
36747,442,1565
36748,442,1497
36749,442,1571
36750,442,1726
36751,443,1893
36752,442,1997
36753,448,2019
36754,442,1959
36755,442,1843
36756,442,1717
36757,443,1565
36758,448,1497
36759,442,1571
36760,442,1727
36761,448,1893
36762,442,1997
36763,447,2021
36764,443,1959
36765,448,1839
36766,443,1716
36767,443,1564
36768,447,1497
36769,442,1567
36770,443,1735
36771,443,1895
36772,442,1996
36773,442,2021
36774,448,1957
36775,443,1839
36776,448,1715
36777,443,1563
36778,444,1499
36779,442,1577
36780,448,1709
36781,442,1880
36782,442,1989
36783,442,2023
36784,443,1961
36785,448,1853
36786,442,1723
36787,448,1575
36788,448,1491
36789,452,1562
36790,443,1707
36791,442,1880
36792,442,1999
36793,442,2019
36794,443,1957
36795,443,1835
36796,442,1711
36797,442,1561
36798,442,1499
36799,442,1571
36800,440,1742
36801,442,1898
36802,443,1997
36803,448,2020
36804,440,1957
36805,448,1835
36806,448,1711
36807,448,1560
36808,442,1498
36809,447,1573
36810,442,1737
36811,448,1897
36812,448,1997
36813,442,2021
36814,442,1957
36815,441,1833
36816,448,1709
36817,442,1560
36818,442,1501
36819,442,1571
36820,447,1739
36821,442,1899
36822,443,1999
36823,442,2019
36824,442,1957
36825,448,1833
36826,444,1711
36827,448,1560
36828,441,1501
36829,443,1572
36830,448,1741
36831,448,1899
36832,447,1999
36833,448,2019
36834,448,1957
36835,442,1832
36836,443,1710
36837,448,1557
36838,448,1501
36839,442,1573
36840,442,1741
36841,448,1900
36842,448,1999
36843,442,2019
36844,448,1956
36845,448,1833
36846,442,1709
36847,443,1558
36848,443,1500
36849,448,1575
36850,448,1741
36851,448,1901
36852,442,1999
36853,442,2015
36854,448,1955
36855,443,1832
36856,443,1709
36857,442,1558
36858,448,1501
36859,442,1573
36860,442,1743
36861,442,1901
36862,443,1999
36863,442,2015
36864,447,1955
36865,448,1831
36866,443,1707
36867,442,1557
36868,441,1503
36869,443,1575
36870,448,1743
36871,442,1903
36872,443,2003
36873,442,2015
36874,442,1952
36875,444,1829
36876,448,1705
36877,442,1555
36878,443,1503
36879,448,1583
36880,439,1720
36881,443,1885
36882,442,1991
36883,448,2019
36884,448,1959
36885,443,1844
36886,443,1719
36887,442,1566
36888,448,1493
36889,448,1563
36890,448,1719
36891,444,1885
36892,448,2007
36893,448,2015
36894,443,1959
36895,448,1839
36896,448,1717
36897,443,1565
36898,442,1493
36899,443,1565
36900,442,1718
36901,443,1890
36902,443,1993
36903,442,2015
36904,443,1957
36905,442,1838
36906,441,1693
36907,442,1553
36908,444,1503
36909,447,1575
36910,448,1749
36911,444,1903
36912,448,2003
36913,442,2012
36914,442,1952
36915,448,1823
36916,448,1705
36917,442,1555
36918,448,1503
36919,448,1575
36920,448,1749
36921,447,1907
36922,449,2001
36923,448,2013
36924,443,1951
36925,448,1827
36926,442,1703
36927,449,1553
36928,443,1507
36929,448,1577
36930,448,1751
36931,448,1908
36932,442,2003
36933,448,2011
36934,448,1955
36935,448,1827
36936,443,1703
36937,443,1549
36938,444,1506
36939,442,1577
36940,442,1751
36941,442,1908
36942,443,2005
36943,444,2013
36944,447,1951
36945,443,1822
36946,448,1701
36947,448,1553
36948,448,1507
36949,443,1577
36950,448,1751
36951,442,1909
36952,443,2005
36953,448,2011
36954,448,1949
36955,448,1821
36956,442,1703
36957,448,1553
36958,448,1507
36959,442,1577
36960,442,1753
36961,448,1909
36962,448,2005
36963,442,2011
36964,442,1951
36965,448,1822
36966,443,1701
36967,443,1549
36968,443,1509
36969,448,1578
36970,442,1755
36971,443,1909
36972,447,2003
36973,448,2009
36974,448,1949
36975,447,1821
36976,442,1699
36977,448,1548
36978,448,1508
36979,448,1579
36980,442,1753
36981,448,1910
36982,448,2007
36983,448,2011
36984,442,1951
36985,442,1820
36986,443,1698
36987,444,1549
36988,448,1509
36989,449,1579
36990,444,1756
36991,443,1910
36992,448,2005
36993,442,2011
36994,443,1956
36995,448,1833
36996,442,1709
36997,448,1559
36998,443,1498
36999,443,1575
37000,443,1791
37001,448,1895
37002,448,1997
37003,443,2015
37004,443,1955
37005,442,1805
37006,448,1693
37007,443,1545
37008,448,1510
37009,443,1579
37010,447,1761
37011,442,1911
37012,443,2005
37013,448,2010
37014,448,1950
37015,442,1818
37016,448,1695
37017,448,1547
37018,448,1510
37019,448,1579
37020,448,1759
37021,443,1910
37022,442,2007
37023,441,2011
37024,442,1949
37025,447,1817
37026,442,1695
37027,448,1546
37028,448,1509
37029,442,1581
37030,448,1762
37031,448,1912
37032,444,2007
37033,444,2010
37034,448,1939
37035,448,1815
37036,448,1707
37037,448,1557
37038,443,1498
37039,448,1571
37040,448,1738
37041,442,1913
37042,448,1995
37043,448,2013
37044,448,1951
37045,448,1831
37046,448,1705
37047,448,1555
37048,448,1514
37049,442,1582
37050,448,1765
37051,448,1913
37052,442,2007
37053,443,2009
37054,448,1946
37055,448,1815
37056,448,1690
37057,448,1545
37058,448,1513
37059,442,1582
37060,448,1765
37061,442,1914
37062,448,2009
37063,443,2008
37064,447,1948
37065,443,1814
37066,441,1689
37067,448,1543
37068,448,1510
37069,442,1581
37070,442,1767
37071,448,1915
37072,440,2011
37073,442,2007
37074,448,1947
37075,442,1813
37076,442,1688
37077,448,1533
37078,442,1510
37079,441,1587
37080,449,1765
37081,442,1899
37082,448,1997
37083,442,2012
37084,448,1951
37085,448,1827
37086,448,1702
37087,443,1553
37088,448,1500
37089,448,1574
37090,448,1745
37091,442,1901
37092,443,2006
37093,442,2003
37094,443,1944
37095,444,1811
37096,448,1687
37097,443,1535
37098,442,1513
37099,442,1584
37100,443,1769
37101,443,1918
37102,443,2009
37103,447,2007
37104,448,1945
37105,442,1812
37106,448,1687
37107,442,1533
37108,443,1513
37109,442,1587
37110,442,1771
37111,442,1917
37112,448,2009
37113,442,1995
37114,448,1944
37115,448,1810
37116,448,1686
37117,442,1533
37118,449,1515
37119,447,1588
37120,448,1771
37121,448,1919
37122,444,2010
37123,442,2007
37124,442,1945
37125,442,1809
37126,443,1685
37127,448,1531
37128,447,1513
37129,444,1587
37130,448,1773
37131,442,1917
37132,448,2011
37133,448,2005
37134,448,1944
37135,443,1807
37136,448,1683
37137,448,1531
37138,448,1513
37139,442,1587
37140,448,1773
37141,448,1919
37142,448,2011
37143,448,2003
37144,448,1946
37145,448,1805
37146,448,1683
37147,448,1530
37148,448,1514
37149,442,1589
37150,443,1775
37151,442,1919
37152,441,2010
37153,442,2005
37154,443,1944
37155,443,1805
37156,447,1679
37157,442,1531
37158,448,1516
37159,448,1589
37160,448,1777
37161,442,1920
37162,443,2011
37163,448,2003
37164,448,1941
37165,448,1803
37166,443,1679
37167,448,1531
37168,448,1515
37169,448,1591
37170,443,1779
37171,448,1925
37172,443,2011
37173,448,2004
37174,443,1942
37175,442,1805
37176,443,1677
37177,448,1529
37178,442,1515
37179,443,1592
37180,443,1773
37181,448,1908
37182,443,2005
37183,448,2008
37184,448,1947
37185,443,1817
37186,443,1693
37187,448,1547
37188,448,1507
37189,448,1577
37190,448,1753
37191,443,1909
37192,444,2015
37193,448,2002
37194,448,1941
37195,443,1803
37196,449,1678
37197,448,1528
37198,442,1517
37199,444,1591
37200,442,1787
37201,448,1927
37202,442,2012
37203,448,2003
37204,448,1941
37205,448,1804
37206,448,1676
37207,448,1529
37208,442,1516
37209,442,1591
37210,448,1781
37211,443,1927
37212,448,2011
37213,448,2003
37214,447,1943
37215,448,1803
37216,448,1675
37217,448,1527
37218,448,1517
37219,447,1590
37220,442,1782
37221,443,1927
37222,442,2013
37223,442,2003
37224,448,1940
37225,448,1801
37226,447,1673
37227,447,1527
37228,443,1518
37229,448,1593
37230,444,1783
37231,448,1927
37232,448,2013
37233,448,2003
37234,443,1939
37235,442,1801
37236,443,1673
37237,442,1524
37238,448,1519
37239,448,1592
37240,448,1785
37241,443,1927
37242,442,2012
37243,443,1999
37244,448,1939
37245,443,1800
37246,448,1673
37247,442,1524
37248,440,1517
37249,448,1595
37250,443,1785
37251,448,1928
37252,448,2014
37253,448,2003
37254,442,1939
37255,448,1799
37256,448,1672
37257,443,1527
37258,442,1517
37259,442,1593
37260,442,1783
37261,447,1929
37262,443,2017
37263,444,1999
37264,448,1939
37265,448,1800
37266,444,1671
37267,448,1525
37268,448,1519
37269,447,1593
37270,448,1785
37271,448,1929
37272,447,2015
37273,448,2003
37274,448,1935
37275,443,1799
37276,443,1670
37277,442,1523
37278,442,1517
37279,442,1595
37280,448,1787
37281,448,1913
37282,443,2007
37283,443,2007
37284,443,1945
37285,442,1811
37286,443,1685
37287,443,1533
37288,448,1512
37289,443,1583
37290,442,1767
37291,442,1915
37292,448,2021
37293,442,1997
37294,442,1934
37295,442,1798
37296,443,1663
37297,448,1523
37298,448,1519
37299,443,1595
37300,444,1789
37301,443,1931
37302,442,2018
37303,442,1997
37304,444,1934
37305,448,1799
37306,448,1663
37307,443,1519
37308,444,1523
37309,443,1597
37310,442,1790
37311,442,1931
37312,448,2015
37313,448,1997
37314,448,1934
37315,442,1791
37316,442,1661
37317,442,1519
37318,443,1523
37319,442,1597
37320,448,1789
37321,448,1931
37322,448,2017
37323,448,1999
37324,442,1935
37325,442,1792
37326,448,1660
37327,442,1519
37328,448,1524
37329,442,1599
37330,443,1791
37331,443,1933
37332,442,2019
37333,442,1997
37334,442,1933
37335,447,1790
37336,448,1661
37337,441,1518
37338,448,1523
37339,443,1598
37340,442,1799
37341,442,1933
37342,443,2019
37343,448,1997
37344,442,1931
37345,448,1790
37346,442,1659
37347,442,1519
37348,442,1523
37349,448,1603
37350,442,1800
37351,442,1933
37352,442,2021
37353,443,1996
37354,448,1933
37355,444,1788
37356,448,1659
37357,444,1516
37358,448,1523
37359,448,1605
37360,442,1798
37361,443,1934
37362,442,2019
37363,448,1997
37364,440,1932
37365,447,1789
37366,448,1657
37367,448,1517
37368,448,1525
37369,442,1605
37370,442,1801
37371,448,1934
37372,442,2019
37373,440,1997
37374,442,1931
37375,440,1788
37376,447,1657
37377,447,1516
37378,442,1527
37379,442,1607
37380,442,1799
37381,442,1919
37382,443,2011
37383,443,2002
37384,442,1940
37385,442,1803
37386,442,1677
37387,442,1527
37388,442,1516
37389,442,1589
37390,442,1774
37391,442,1926
37392,442,2025
37393,442,1994
37394,443,1941
37395,448,1801
37396,443,1675
37397,442,1527
37398,442,1515
37399,447,1587
37400,442,1775
37401,441,1919
37402,442,2010
37403,442,1999
37404,443,1939
37405,448,1799
37406,448,1637
37407,442,1512
37408,443,1525
37409,442,1609
37410,443,1802
37411,443,1937
37412,441,2021
37413,443,1993
37414,448,1927
37415,442,1785
37416,442,1651
37417,447,1512
37418,443,1527
37419,442,1607
37420,448,1803
37421,442,1935
37422,441,2020
37423,448,1995
37424,443,1927
37425,443,1785
37426,448,1648
37427,442,1513
37428,443,1527
37429,442,1608
37430,448,1802
37431,448,1939
37432,442,2021
37433,443,1993
37434,443,1928
37435,448,1784
37436,442,1651
37437,442,1513
37438,442,1529
37439,442,1609
37440,443,1805
37441,442,1941
37442,448,2022
37443,443,1995
37444,448,1929
37445,442,1785
37446,448,1647
37447,448,1513
37448,442,1527
37449,443,1613
37450,448,1807
37451,448,1941
37452,443,2023
37453,448,1993
37454,442,1927
37455,444,1785
37456,448,1648
37457,442,1512
37458,442,1530
37459,442,1613
37460,442,1805
37461,442,1941
37462,443,2025
37463,448,1993
37464,442,1927
37465,443,1783
37466,442,1647
37467,448,1511
37468,442,1529
37469,447,1611
37470,448,1810
37471,443,1940
37472,448,2023
37473,448,1993
37474,442,1927
37475,447,1783
37476,448,1644
37477,442,1511
37478,448,1529
37479,442,1613
37480,443,1811
37481,448,1943
37482,441,2023
37483,448,1993
37484,448,1919
37485,448,1783
37486,443,1644
37487,442,1511
37488,442,1529
37489,448,1615
37490,444,1807
37491,442,1941
37492,443,2023
37493,443,1983
37494,442,1933
37495,443,1791
37496,443,1661
37497,448,1519
37498,448,1518
37499,448,1593
37500,448,1822
37501,444,1939
37502,443,2015
37503,442,1996
37504,442,1933
37505,447,1791
37506,442,1636
37507,442,1508
37508,448,1530
37509,442,1614
37510,442,1813
37511,442,1943
37512,448,2024
37513,447,1992
37514,442,1918
37515,447,1781
37516,443,1643
37517,442,1509
37518,442,1531
37519,448,1614
37520,443,1813
37521,442,1944
37522,442,2023
37523,442,1993
37524,442,1918
37525,442,1781
37526,447,1643
37527,440,1509
37528,442,1531
37529,442,1619
37530,442,1814
37531,442,1944
37532,443,2023
37533,442,1992
37534,448,1901
37535,440,1782
37536,442,1658
37537,443,1517
37538,443,1523
37539,448,1597
37540,442,1791
37541,442,1931
37542,443,2013
37543,442,1995
37544,448,1931
37545,442,1789
37546,442,1656
37547,442,1496
37548,448,1531
37549,442,1621
37550,442,1814
37551,448,1947
37552,443,2025
37553,444,1991
37554,448,1919
37555,442,1779
37556,447,1640
37557,442,1507
37558,442,1530
37559,443,1622
37560,448,1816
37561,442,1946
37562,442,2027
37563,442,1991
37564,448,1917
37565,442,1779
37566,442,1639
37567,441,1507
37568,442,1531
37569,442,1622
37570,442,1815
37571,442,1947
37572,444,2025
37573,448,1990
37574,442,1916
37575,448,1779
37576,442,1638
37577,442,1503
37578,443,1531
37579,448,1651
37580,447,1805
37581,442,1934
37582,442,2018
37583,442,1994
37584,448,1929
37585,442,1785
37586,443,1654
37587,443,1515
37588,443,1525
37589,448,1607
37590,442,1799
37591,443,1935
37592,448,2028
37593,442,1983
37594,442,1912
37595,448,1773
37596,444,1635
37597,442,1502
37598,448,1532
37599,442,1627
37600,448,1829
37601,442,1951
37602,443,2025
37603,448,1989
37604,442,1913
37605,447,1772
37606,442,1634
37607,448,1500
37608,442,1533
37609,448,1627
37610,442,1821
37611,442,1951
37612,447,2027
37613,448,1976
37614,442,1910
37615,448,1773
37616,442,1633
37617,448,1500
37618,442,1541
37619,443,1629
37620,442,1821
37621,442,1951
37622,442,2027
37623,442,1984
37624,448,1911
37625,448,1771
37626,443,1631
37627,448,1499
37628,447,1541
37629,442,1629
37630,443,1823
37631,448,1957
37632,442,2027
37633,442,1983
37634,442,1910
37635,442,1771
37636,444,1629
37637,442,1499
37638,442,1533
37639,443,1629
37640,448,1824
37641,443,1956
37642,448,2028
37643,442,1983
37644,443,1911
37645,447,1771
37646,443,1629
37647,444,1500
37648,448,1541
37649,442,1630
37650,442,1823
37651,443,1957
37652,448,2028
37653,443,1984
37654,442,1907
37655,442,1771
37656,442,1627
37657,448,1498
37658,448,1541
37659,442,1633
37660,448,1827
37661,443,1957
37662,443,2029
37663,442,1981
37664,443,1908
37665,441,1767
37666,448,1627
37667,442,1497
37668,442,1543
37669,444,1630
37670,443,1828
37671,443,1957
37672,442,2029
37673,443,1981
37674,442,1907
37675,448,1769
37676,442,1625
37677,448,1498
37678,442,1542
37679,442,1661
37680,448,1813
37681,448,1941
37682,443,2020
37683,442,1990
37684,448,1917
37685,448,1779
37686,443,1641
37687,442,1509
37688,448,1527
37689,442,1615
37690,443,1810
37691,448,1941
37692,442,2029
37693,443,1981
37694,447,1903
37695,448,1768
37696,448,1625
37697,447,1496
37698,447,1543
37699,449,1636
37700,443,1829
37701,448,1958
37702,448,2029
37703,448,1981
37704,448,1903
37705,443,1769
37706,448,1625
37707,442,1497
37708,447,1543
37709,448,1637
37710,444,1830
37711,442,1959
37712,448,2028
37713,442,1982
37714,442,1903
37715,442,1768
37716,448,1624
37717,442,1496
37718,447,1543
37719,448,1639
37720,448,1831
37721,442,1960
37722,448,2029
37723,442,1980
37724,442,1902
37725,443,1767
37726,443,1623
37727,443,1496
37728,447,1544
37729,442,1639
37730,442,1833
37731,448,1959
37732,448,2029
37733,443,1981
37734,448,1902
37735,442,1767
37736,448,1621
37737,443,1496
37738,440,1545
37739,442,1639
37740,443,1831
37741,448,1960
37742,448,2029
37743,442,1980
37744,442,1901
37745,442,1767
37746,443,1621
37747,443,1495
37748,448,1547
37749,443,1640
37750,442,1833
37751,448,1963
37752,442,2030
37753,448,1980
37754,448,1899
37755,448,1764
37756,442,1619
37757,442,1495
37758,442,1545
37759,448,1642
37760,442,1834
37761,443,1962
37762,448,2029
37763,443,1979
37764,447,1899
37765,448,1765
37766,448,1619
37767,448,1495
37768,443,1545
37769,447,1643
37770,448,1837
37771,442,1963
37772,448,2029
37773,448,1979
37774,448,1897
37775,447,1763
37776,448,1619
37777,448,1493
37778,448,1545
37779,443,1669
37780,443,1821
37781,448,1947
37782,448,2023
37783,443,1983
37784,444,1911
37785,448,1773
37786,442,1631
37787,448,1499
37788,448,1531
37789,443,1625
37790,443,1819
37791,443,1947
37792,443,2030
37793,442,1978
37794,443,1896
37795,444,1761
37796,444,1615
37797,442,1495
37798,448,1548
37799,448,1645
37800,448,1843
37801,443,1967
37802,448,2031
37803,442,1977
37804,448,1896
37805,448,1759
37806,442,1617
37807,444,1492
37808,443,1547
37809,448,1651
37810,443,1838
37811,444,1966
37812,448,2029
37813,448,1977
37814,442,1893
37815,443,1757
37816,443,1613
37817,444,1493
37818,448,1545
37819,448,1647
37820,448,1837
37821,443,1965
37822,448,2030
37823,442,1976
37824,448,1894
37825,448,1757
37826,448,1613
37827,448,1491
37828,448,1547
37829,442,1653
37830,443,1839
37831,448,1967
37832,442,2030
37833,442,1978
37834,449,1895
37835,448,1757
37836,443,1613
37837,448,1493
37838,443,1549
37839,448,1654
37840,442,1843
37841,443,1967
37842,447,2030
37843,448,1977
37844,442,1893
37845,442,1758
37846,442,1611
37847,442,1493
37848,442,1549
37849,447,1656
37850,448,1843
37851,448,1967
37852,448,2030
37853,442,1977
37854,448,1893
37855,442,1757
37856,442,1611
37857,448,1493
37858,448,1549
37859,448,1655
37860,447,1844
37861,443,1971
37862,447,2031
37863,448,1976
37864,442,1893
37865,448,1755
37866,442,1610
37867,448,1493
37868,442,1551
37869,448,1656
37870,443,1843
37871,448,1968
37872,447,2031
37873,442,1976
37874,448,1891
37875,442,1755
37876,442,1611
37877,442,1493
37878,448,1554
37879,448,1685
37880,448,1831
37881,442,1957
37882,448,2027
37883,448,1979
37884,443,1902
37885,448,1765
37886,443,1623
37887,447,1495
37888,448,1534
37889,443,1636
37890,444,1829
37891,443,1957
37892,444,2029
37893,442,1975
37894,442,1901
37895,447,1765
37896,442,1623
37897,448,1495
37898,442,1543
37899,443,1637
37900,442,1827
37901,441,1959
37902,448,2027
37903,443,1979
37904,442,1899
37905,448,1763
37906,442,1596
37907,447,1492
37908,448,1550
37909,442,1661
37910,448,1848
37911,448,1973
37912,448,2030
37913,442,1975
37914,442,1887
37915,448,1754
37916,448,1607
37917,443,1492
37918,442,1553
37919,441,1660
37920,447,1849
37921,442,1973
37922,442,2030
37923,448,1976
37924,443,1887
37925,448,1751
37926,443,1607
37927,442,1491
37928,442,1554
37929,443,1663
37930,442,1848
37931,447,1973
37932,444,2031
37933,442,1973
37934,443,1885
37935,442,1752
37936,448,1606
37937,442,1490
37938,442,1553
37939,443,1669
37940,443,1849
37941,441,1975
37942,442,2031
37943,443,1975
37944,443,1883
37945,448,1751
37946,448,1604
37947,443,1491
37948,447,1553
37949,442,1670
37950,442,1851
37951,448,1975
37952,448,2030
37953,448,1974
37954,442,1883
37955,444,1750
37956,448,1599
37957,448,1491
37958,443,1554
37959,448,1671
37960,442,1851
37961,447,1975
37962,448,2029
37963,448,1972
37964,448,1883
37965,442,1749
37966,443,1599
37967,448,1492
37968,448,1555
37969,448,1672
37970,448,1867
37971,443,1949
37972,450,2023
37973,453,1971
37974,452,1903
37975,439,1749
37976,448,1617
37977,440,1497
37978,443,1547
37979,440,1645
37980,448,1837
37981,452,1951
37982,450,2037
37983,441,1971
37984,440,1880
37985,440,1769
37986,447,1620
37987,448,1491
37988,450,1531
37989,448,1639
37990,448,1855
37991,440,1975
37992,448,2040
37993,442,1993
37994,439,1891
37995,440,1758
37996,448,1617
37997,448,1496
37998,442,1562
37999,443,1641
38000,442,1897
38001,448,1975
38002,442,2028
38003,448,1975
38004,448,1893
38005,442,1756
38006,442,1611
38007,442,1491
38008,448,1545
38009,448,1651
38010,443,1839
38011,442,1963
38012,443,2026
38013,448,1973
38014,448,1865
38015,447,1743
38016,442,1595
38017,448,1491
38018,448,1556
38019,448,1676
38020,443,1863
38021,443,1977
38022,448,2027
38023,442,1967
38024,442,1878
38025,442,1747
38026,442,1592
38027,447,1492
38028,442,1556
38029,442,1675
38030,443,1863
38031,447,1977
38032,448,2029
38033,443,1971
38034,448,1861
38035,447,1746
38036,448,1609
38037,443,1491
38038,447,1547
38039,443,1651
38040,443,1843
38041,442,1967
38042,442,2027
38043,443,1975
38044,443,1886
38045,448,1754
38046,443,1607
38047,448,1491
38048,448,1560
38049,442,1685
38050,443,1864
38051,448,1979
38052,448,2028
38053,448,1971
38054,448,1877
38055,442,1745
38056,448,1591
38057,442,1492
38058,443,1558
38059,442,1679
38060,443,1865
38061,448,1979
38062,442,2028
38063,448,1967
38064,448,1875
38065,443,1743
38066,442,1592
38067,447,1491
38068,448,1557
38069,442,1683
38070,443,1867
38071,448,1979
38072,442,2029
38073,442,1971
38074,442,1875
38075,443,1741
38076,442,1590
38077,448,1493
38078,443,1558
38079,448,1691
38080,443,1867
38081,443,1967
38082,442,2027
38083,442,1973
38084,448,1885
38085,448,1751
38086,448,1599
38087,448,1491
38088,448,1548
38089,442,1660
38090,443,1845
38091,443,1972
38092,442,2027
38093,448,1963
38094,442,1869
38095,448,1739
38096,442,1588
38097,448,1492
38098,448,1559
38099,444,1687
38100,443,1867
38101,443,1980
38102,443,2028
38103,442,1967
38104,448,1869
38105,442,1737
38106,448,1589
38107,448,1491
38108,443,1558
38109,448,1689
38110,443,1868
38111,442,1980
38112,447,2027
38113,443,1960
38114,448,1865
38115,442,1737
38116,448,1586
38117,448,1493
38118,448,1559
38119,442,1691
38120,443,1868
38121,450,1980
38122,448,2025
38123,448,1966
38124,443,1867
38125,448,1739
38126,450,1584
38127,443,1493
38128,448,1558
38129,448,1691
38130,447,1871
38131,448,1983
38132,443,2025
38133,444,1967
38134,448,1866
38135,448,1737
38136,448,1583
38137,448,1492
38138,448,1561
38139,447,1691
38140,448,1871
38141,448,1981
38142,448,2027
38143,443,1965
38144,442,1867
38145,442,1736
38146,448,1587
38147,442,1493
38148,442,1559
38149,443,1694
38150,442,1873
38151,448,1983
38152,442,2027
38153,448,1966
38154,448,1867
38155,442,1737
38156,443,1583
38157,442,1493
38158,448,1561
38159,443,1694
38160,442,1875
38161,442,1983
38162,444,2026
38163,444,1965
38164,442,1865
38165,443,1737
38166,448,1581
38167,448,1492
38168,444,1560
38169,448,1695
38170,448,1875
38171,442,1983
38172,442,2026
38173,448,1964
38174,448,1865
38175,448,1735
38176,448,1579
38177,448,1491
38178,448,1560
38179,448,1705
38180,448,1871
38181,448,1974
38182,448,2027
38183,448,1967
38184,448,1877
38185,448,1742
38186,448,1593
38187,448,1487
38188,443,1555
38189,443,1669
38190,449,1852
38191,443,1976
38192,448,2023
38193,448,1963
38194,443,1855
38195,442,1727
38196,444,1579
38197,448,1491
38198,442,1561
38199,448,1701
38200,448,1880
38201,448,1991
38202,448,2024
38203,447,1963
38204,448,1861
38205,443,1727
38206,443,1579
38207,448,1493
38208,448,1563
38209,443,1701
38210,444,1877
38211,448,1988
38212,448,2026
38213,448,1963
38214,442,1855
38215,443,1727
38216,443,1578
38217,448,1493
38218,448,1562
38219,443,1704
38220,442,1879
38221,443,1984
38222,443,2025
38223,448,1965
38224,448,1854
38225,442,1727
38226,448,1578
38227,448,1493
38228,448,1563
38229,442,1704
38230,448,1880
38231,448,1989
38232,448,2025
38233,448,1963
38234,444,1853
38235,442,1725
38236,448,1577
38237,443,1493
38238,448,1563
38239,442,1705
38240,442,1881
38241,443,1990
38242,441,2023
38243,448,1963
38244,448,1855
38245,448,1725
38246,442,1576
38247,448,1494
38248,448,1563
38249,448,1705
38250,448,1883
38251,444,1989
38252,448,2023
38253,448,1962
38254,448,1853
38255,448,1725
38256,448,1575
38257,443,1495
38258,442,1563
38259,448,1707
38260,448,1883
38261,448,1989
38262,442,2025
38263,443,1962
38264,443,1851
38265,442,1724
38266,443,1575
38267,448,1495
38268,442,1563
38269,442,1708
38270,442,1883
38271,448,1991
38272,444,2023
38273,442,1963
38274,442,1851
38275,442,1724
38276,443,1575
38277,442,1494
38278,448,1563
38279,442,1710
38280,443,1880
38281,443,1977
38282,448,2026
38283,448,1965
38284,444,1867
38285,443,1737
38286,442,1587
38287,437,1487
38288,448,1557
38289,443,1688
38290,441,1865
38291,443,1979
38292,442,2021
38293,443,1961
38294,443,1847
38295,443,1722
38296,444,1574
38297,442,1494
38298,447,1564
38299,443,1711
38300,442,1885
38301,441,1992
38302,443,2023
38303,443,1962
38304,448,1848
38305,448,1723
38306,448,1573
38307,448,1495
38308,441,1565
38309,444,1715
38310,443,1885
38311,443,1991
38312,442,2024
38313,442,1962
38314,443,1849
38315,448,1723
38316,448,1573
38317,443,1495
38318,448,1563
38319,442,1717
38320,448,1886
38321,444,1993
38322,448,2023
38323,442,1962
38324,443,1847
38325,440,1721
38326,442,1571
38327,443,1495
38328,448,1565
38329,441,1717
38330,447,1887
38331,448,1993
38332,447,2022
38333,448,1963
38334,442,1847
38335,448,1721
38336,443,1571
38337,443,1495
38338,448,1565
38339,442,1718
38340,442,1889
38341,442,1992
38342,440,2021
38343,442,1962
38344,442,1845
38345,442,1720
38346,442,1571
38347,448,1496
38348,448,1567
38349,448,1718
38350,443,1890
38351,442,1993
38352,442,2020
38353,444,1961
38354,448,1847
38355,447,1720
38356,442,1567
38357,443,1495
38358,442,1567
38359,448,1721
38360,442,1891
38361,442,1993
38362,448,2023
38363,442,1959
38364,444,1844
38365,442,1719
38366,448,1566
38367,441,1495
38368,443,1565
38369,442,1719
38370,442,1890
38371,442,1992
38372,448,2021
38373,442,1959
38374,444,1845
38375,444,1717
38376,448,1566
38377,448,1496
38378,442,1567
38379,448,1727
38380,435,1885
38381,448,1980
38382,443,2023
38383,448,1962
38384,442,1855
38385,448,1725
38386,443,1577
38387,443,1493
38388,442,1561
38389,448,1699
38390,442,1873
38391,448,1981
38392,443,2019
38393,448,1957
38394,443,1852
38395,443,1725
38396,442,1577
38397,442,1491
38398,443,1561
38399,442,1699
38400,443,1875
38401,448,1983
38402,443,2023
38403,448,1961
38404,443,1853
38405,442,1723
38406,443,1556
38407,442,1498
38408,442,1571
38409,442,1727
38410,443,1893
38411,443,1997
38412,443,2019
38413,442,1959
38414,442,1839
38415,442,1718
38416,442,1563
38417,448,1497
38418,442,1571
38419,448,1727
38420,442,1895
38421,442,1997
38422,443,2021
38423,443,1959
38424,448,1837
38425,448,1712
38426,442,1563
38427,442,1497
38428,442,1572
38429,448,1734
38430,448,1897
38431,442,1996
38432,442,2019
38433,443,1958
38434,443,1835
38435,448,1716
38436,448,1562
38437,441,1497
38438,441,1571
38439,442,1736
38440,442,1897
38441,440,1997
38442,448,2019
38443,442,1959
38444,447,1835
38445,448,1711
38446,442,1559
38447,442,1497
38448,448,1572
38449,443,1735
38450,443,1897
38451,443,1997
38452,448,2019
38453,448,1957
38454,448,1835
38455,449,1711
38456,442,1562
38457,442,1499
38458,447,1572
38459,442,1737
38460,448,1898
38461,443,1997
38462,442,2019
38463,442,1957
38464,442,1835
38465,442,1711
38466,442,1559
38467,442,1499
38468,442,1573
38469,442,1738
38470,443,1899
38471,442,1999
38472,448,2019
38473,444,1957
38474,448,1833
38475,442,1711
38476,442,1560
38477,440,1499
38478,441,1575
38479,448,1737
38480,448,1899
38481,448,1998
38482,448,2017
38483,442,1957
38484,442,1833
38485,443,1709
38486,442,1558
38487,442,1499
38488,442,1574
38489,441,1740
38490,442,1901
38491,442,1999
38492,443,2015
38493,442,1951
38494,442,1848
38495,442,1721
38496,442,1571
38497,447,1493
38498,443,1564
38499,443,1715
38500,447,1910
38501,442,1995
38502,442,2023
38503,448,1960
38504,442,1847
38505,443,1719
38506,443,1553
38507,448,1502
38508,441,1575
38509,448,1742
38510,442,1903
38511,442,2002
38512,442,2019
38513,442,1957
38514,448,1831
38515,442,1709
38516,442,1557
38517,442,1501
38518,441,1575
38519,448,1742
38520,448,1903
38521,443,1999
38522,447,2017
38523,448,1955
38524,448,1830
38525,442,1707
38526,447,1557
38527,448,1501
38528,448,1575
38529,447,1743
38530,443,1903
38531,447,1999
38532,442,2017
38533,444,1955
38534,442,1813
38535,442,1709
38536,443,1567
38537,443,1493
38538,444,1565
38539,448,1719
38540,442,1890
38541,443,1993
38542,442,2019
38543,447,1959
38544,442,1840
38545,443,1719
38546,448,1565
38547,443,1515
38548,442,1577
38549,447,1749
38550,448,1903
38551,442,2003
38552,448,2015
38553,447,1956
38554,448,1828
38555,448,1705
38556,442,1555
38557,442,1503
38558,448,1575
38559,442,1748
38560,442,1904
38561,443,2002
38562,449,2013
38563,448,1951
38564,448,1827
38565,448,1705
38566,443,1553
38567,442,1501
38568,448,1575
38569,447,1748
38570,448,1902
38571,448,1999
38572,442,2012
38573,448,1951
38574,444,1827
38575,448,1703
38576,448,1555
38577,442,1503
38578,442,1574
38579,448,1780
38580,443,1898
38581,447,1993
38582,442,2019
38583,442,1957
38584,443,1838
38585,444,1712
38586,442,1563
38587,448,1496
38588,442,1567
38589,448,1725
38590,442,1891
38591,448,1994
38592,448,2013
38593,448,1947
38594,443,1820
38595,448,1700
38596,448,1553
38597,443,1507
38598,442,1576
38599,442,1755
38600,441,1915
38601,443,2005
38602,443,2011
38603,448,1950
38604,442,1821
38605,442,1700
38606,442,1548
38607,443,1507
38608,448,1576
38609,442,1757
38610,440,1909
38611,447,2004
38612,448,2010
38613,443,1939
38614,442,1819
38615,443,1695
38616,448,1547
38617,448,1510
38618,448,1579
38619,442,1758
38620,442,1909
38621,448,2003
38622,443,2011
38623,442,1949
38624,442,1819
38625,443,1699
38626,443,1547
38627,442,1509
38628,442,1577
38629,442,1759
38630,444,1911
38631,442,2005
38632,442,2009
38633,442,1949
38634,443,1820
38635,448,1695
38636,448,1547
38637,448,1511
38638,447,1579
38639,443,1759
38640,442,1911
38641,442,2008
38642,442,2013
38643,448,1950
38644,442,1819
38645,444,1695
38646,442,1545
38647,448,1511
38648,442,1580
38649,442,1763
38650,443,1913
38651,441,2007
38652,442,2009
38653,442,1947
38654,443,1816
38655,448,1695
38656,442,1547
38657,442,1511
38658,442,1581
38659,442,1763
38660,447,1912
38661,442,2008
38662,442,2008
38663,442,1948
38664,442,1817
38665,443,1693
38666,448,1545
38667,448,1511
38668,443,1579
38669,443,1765
38670,443,1911
38671,443,2007
38672,443,2008
38673,448,1947
38674,442,1816
38675,443,1692
38676,443,1545
38677,443,1511
38678,448,1581
38679,448,1789
38680,443,1901
38681,448,1998
38682,443,2019
38683,442,1951
38684,442,1830
38685,442,1707
38686,442,1557
38687,444,1500
38688,448,1571
38689,443,1741
38690,443,1901
38691,448,1998
38692,444,2004
38693,442,1947
38694,443,1813
38695,448,1691
38696,442,1544
38697,448,1511
38698,448,1582
38699,447,1767
38700,447,1915
38701,442,2008
38702,449,2008
38703,442,1947
38704,443,1812
38705,442,1691
38706,442,1543
38707,442,1511
38708,442,1583
38709,448,1767
38710,448,1915
38711,448,2008
38712,443,2007
38713,448,1947
38714,442,1812
38715,447,1689
38716,442,1542
38717,442,1511
38718,443,1583
38719,443,1767
38720,442,1917
38721,442,2009
38722,448,2007
38723,448,1946
38724,443,1811
38725,442,1689
38726,448,1533
38727,442,1513
38728,448,1583
38729,442,1768
38730,442,1917
38731,442,2009
38732,442,2007
38733,447,1945
38734,448,1811
38735,442,1687
38736,447,1533
38737,448,1512
38738,448,1587
38739,443,1769
38740,442,1919
38741,442,2009
38742,442,2006
38743,448,1945
38744,448,1810
38745,443,1687
38746,447,1533
38747,448,1513
38748,448,1587
38749,448,1771
38750,448,1919
38751,442,2009
38752,443,2006
38753,443,1946
38754,448,1810
38755,442,1685
38756,448,1533
38757,442,1514
38758,448,1589
38759,442,1772
38760,448,1918
38761,448,2009
38762,448,2005
38763,442,1944
38764,447,1811
38765,447,1683
38766,442,1529
38767,442,1513
38768,448,1587
38769,442,1773
38770,448,1919
38771,442,2009
38772,443,2007
38773,443,1944
38774,444,1805
38775,443,1683
38776,442,1532
38777,443,1514
38778,442,1589
38779,442,1801
38780,443,1911
38781,443,2002
38782,442,2011
38783,441,1949
38784,442,1819
38785,443,1699
38786,443,1547
38787,448,1507
38788,448,1576
38789,448,1753
38790,448,1907
38791,448,2003
38792,442,2003
38793,442,1941
38794,447,1803
38795,441,1676
38796,442,1529
38797,448,1515
38798,448,1591
38799,442,1779
38800,442,1928
38801,442,2013
38802,443,2005
38803,448,1943
38804,442,1804
38805,442,1676
38806,442,1528
38807,448,1515
38808,442,1590
38809,444,1780
38810,448,1927
38811,448,2011
38812,448,2003
38813,448,1941
38814,443,1804
38815,443,1676
38816,448,1528
38817,442,1516
38818,448,1591
38819,448,1781
38820,442,1925
38821,442,2011
38822,442,2003
38823,442,1943
38824,442,1803
38825,447,1675
38826,443,1527
38827,442,1515
38828,441,1593
38829,448,1781
38830,442,1927
38831,442,2011
38832,443,2001
38833,442,1940
38834,442,1801
38835,443,1674
38836,444,1527
38837,448,1517
38838,442,1592
38839,448,1783
38840,447,1927
38841,442,2012
38842,448,2002
38843,448,1941
38844,443,1801
38845,448,1673
38846,442,1528
38847,448,1518
38848,442,1592
38849,442,1785
38850,442,1929
38851,443,2013
38852,443,2003
38853,442,1939
38854,448,1801
38855,442,1671
38856,443,1525
38857,442,1519
38858,443,1595
38859,442,1785
38860,442,1928
38861,448,2013
38862,448,2001
38863,448,1941
38864,443,1799
38865,442,1671
38866,442,1525
38867,443,1519
38868,441,1594
38869,442,1787
38870,442,1929
38871,448,2013
38872,442,1999
38873,447,1939
38874,443,1797
38875,441,1669
38876,448,1525
38877,442,1523
38878,447,1595
38879,442,1811
38880,444,1915
38881,442,2007
38882,442,2006
38883,448,1945
38884,448,1811
38885,443,1687
38886,443,1532
38887,448,1511
38888,448,1580
38889,443,1765
38890,442,1914
38891,448,2006
38892,447,1995
38893,448,1935
38894,442,1811
38895,448,1687
38896,443,1531
38897,447,1511
38898,442,1583
38899,443,1767
38900,448,1912
38901,448,2006
38902,443,2003
38903,448,1943
38904,447,1807
38905,448,1683
38906,448,1513
38907,440,1523
38908,448,1596
38909,448,1789
38910,448,1931
38911,448,2017
38912,444,1997
38913,448,1933
38914,441,1791
38915,444,1661
38916,448,1523
38917,448,1523
38918,442,1598
38919,442,1791
38920,447,1929
38921,443,2018
38922,448,1997
38923,448,1933
38924,448,1791
38925,444,1661
38926,442,1523
38927,448,1523
38928,448,1599
38929,448,1791
38930,442,1933
38931,442,2019
38932,442,1996
38933,442,1933
38934,448,1789
38935,442,1659
38936,442,1519
38937,448,1525
38938,448,1599
38939,447,1797
38940,442,1933
38941,443,2019
38942,447,1995
38943,448,1933
38944,443,1788
38945,442,1659
38946,448,1518
38947,448,1524
38948,442,1599
38949,443,1797
38950,447,1932
38951,447,2019
38952,442,1996
38953,442,1931
38954,444,1789
38955,447,1658
38956,442,1517
38957,442,1524
38958,442,1599
38959,442,1798
38960,448,1935
38961,442,2018
38962,448,1997
38963,442,1931
38964,442,1788
38965,448,1657
38966,442,1517
38967,443,1525
38968,441,1606
38969,442,1801
38970,440,1935
38971,442,2021
38972,448,1995
38973,442,1930
38974,448,1787
38975,448,1653
38976,443,1515
38977,448,1523
38978,448,1605
38979,448,1801
38980,448,1934
38981,443,2020
38982,442,1995
38983,442,1931
38984,442,1787
38985,447,1657
38986,443,1517
38987,448,1526
38988,442,1607
38989,448,1803
38990,443,1935
38991,442,2019
38992,442,1995
38993,442,1930
38994,442,1801
38995,448,1674
38996,443,1525
38997,444,1515
38998,448,1591
38999,441,1781
39000,448,1961
39001,442,2011
39002,448,1999
39003,448,1939
39004,448,1801
39005,443,1637
39006,442,1514
39007,442,1527
39008,441,1609
39009,442,1803
39010,442,1939
39011,447,2020
39012,442,1993
39013,447,1928
39014,443,1785
39015,448,1651
39016,448,1513
39017,448,1527
39018,448,1609
39019,442,1804
39020,447,1939
39021,442,2021
39022,442,1995
39023,442,1929
39024,443,1784
39025,442,1647
39026,442,1515
39027,448,1527
39028,442,1610
39029,440,1805
39030,447,1939
39031,442,2021
39032,442,1994
39033,444,1927
39034,442,1773
39035,441,1651
39036,442,1525
39037,448,1517
39038,448,1593
39039,443,1782
39040,442,1927
39041,443,2012
39042,442,1999
39043,442,1934
39044,447,1791
39045,443,1669
39046,442,1523
39047,442,1517
39048,442,1625
39049,442,1812
39050,442,1943
39051,442,2025
39052,442,1993
39053,442,1926
39054,442,1781
39055,443,1646
39056,444,1512
39057,443,1528
39058,442,1613
39059,442,1811
39060,444,1941
39061,442,2023
39062,447,1992
39063,448,1925
39064,447,1782
39065,448,1645
39066,448,1511
39067,442,1528
39068,442,1614
39069,442,1811
39070,443,1943
39071,442,2023
39072,442,1991
39073,442,1919
39074,442,1781
39075,448,1643
39076,443,1509
39077,444,1529
39078,448,1615
39079,441,1817
39080,448,1942
39081,442,2012
39082,442,1997
39083,443,1932
39084,442,1791
39085,443,1659
39086,442,1517
39087,449,1519
39088,448,1596
39089,442,1789
39090,442,1929
39091,444,2015
39092,442,1992
39093,442,1912
39094,448,1781
39095,441,1641
39096,443,1507
39097,442,1529
39098,443,1617
39099,442,1815
39100,448,1944
39101,448,2025
39102,442,1991
39103,444,1918
39104,442,1779
39105,443,1640
39106,442,1508
39107,442,1531
39108,442,1617
39109,443,1815
39110,442,1945
39111,448,2025
39112,447,1991
39113,441,1897
39114,443,1779
39115,448,1639
39116,443,1503
39117,448,1531
39118,442,1620
39119,448,1815
39120,444,1945
39121,448,2025
39122,444,1991
39123,443,1916
39124,442,1778
39125,448,1637
39126,442,1507
39127,447,1531
39128,443,1621
39129,443,1816
39130,448,1947
39131,448,2023
39132,448,1990
39133,448,1915
39134,443,1775
39135,443,1637
39136,448,1503
39137,442,1533
39138,443,1624
39139,444,1817
39140,448,1949
39141,442,2025
39142,442,1983
39143,442,1916
39144,443,1775
39145,442,1635
39146,448,1503
39147,442,1533
39148,442,1624
39149,443,1817
39150,440,1947
39151,448,2025
39152,443,1989
39153,442,1915
39154,442,1775
39155,442,1635
39156,443,1503
39157,448,1533
39158,442,1624
39159,443,1819
39160,448,1948
39161,443,2027
39162,448,1991
39163,442,1913
39164,441,1775
39165,442,1635
39166,447,1503
39167,442,1533
39168,442,1625
39169,448,1819
39170,442,1949
39171,448,2024
39172,443,1983
39173,444,1913
39174,442,1773
39175,443,1631
39176,442,1502
39177,448,1533
39178,442,1627
39179,448,1828
39180,443,1949
39181,448,2019
39182,444,1991
39183,442,1927
39184,442,1784
39185,444,1651
39186,442,1511
39187,443,1524
39188,442,1607
39189,442,1803
39190,448,1933
39191,442,2021
39192,442,1982
39193,448,1908
39194,442,1770
39195,442,1629
39196,448,1500
39197,448,1532
39198,443,1627
39199,448,1821
39200,442,1958
39201,444,2028
39202,443,1983
39203,443,1909
39204,442,1771
39205,442,1628
39206,442,1499
39207,443,1533
39208,448,1627
39209,448,1823
39210,442,1955
39211,447,2027
39212,448,1983
39213,443,1909
39214,448,1772
39215,442,1628
39216,442,1498
39217,443,1542
39218,442,1629
39219,443,1823
39220,443,1957
39221,443,2029
39222,443,1983
39223,448,1908
39224,442,1769
39225,444,1627
39226,443,1497
39227,447,1541
39228,448,1631
39229,448,1823
39230,442,1951
39231,442,2029
39232,442,1983
39233,447,1907
39234,442,1769
39235,442,1627
39236,442,1499
39237,443,1541
39238,443,1633
39239,448,1827
39240,448,1957
39241,443,2029
39242,442,1983
39243,442,1908
39244,448,1769
39245,442,1627
39246,442,1497
39247,448,1543
39248,443,1636
39249,448,1829
39250,441,1959
39251,442,2029
39252,442,1981
39253,442,1907
39254,448,1767
39255,443,1625
39256,448,1497
39257,444,1544
39258,448,1636
39259,448,1831
39260,447,1959
39261,442,2029
39262,443,1983
39263,448,1903
39264,448,1768
39265,442,1625
39266,448,1497
39267,442,1544
39268,442,1636
39269,448,1830
39270,443,1959
39271,442,2029
39272,448,1981
39273,442,1904
39274,442,1767
39275,447,1623
39276,442,1497
39277,448,1544
39278,442,1637
39279,443,1831
39280,448,1959
39281,443,2021
39282,443,1989
39283,443,1915
39284,443,1775
39285,443,1639
39286,448,1503
39287,449,1527
39288,443,1619
39289,443,1813
39290,447,1943
39291,448,2023
39292,443,1979
39293,447,1901
39294,442,1763
39295,448,1621
39296,448,1495
39297,442,1545
39298,447,1640
39299,441,1832
39300,447,1961
39301,443,2029
39302,442,1980
39303,448,1901
39304,443,1766
39305,442,1621
39306,442,1495
39307,442,1543
39308,442,1641
39309,442,1832
39310,442,1961
39311,442,2030
39312,448,1981
39313,442,1900
39314,442,1767
39315,448,1622
39316,440,1493
39317,449,1544
39318,442,1640
39319,448,1832
39320,448,1961
39321,444,2029
39322,448,1979
39323,448,1900
39324,442,1765
39325,441,1621
39326,443,1495
39327,448,1544
39328,448,1643
39329,443,1833
39330,448,1963
39331,442,2029
39332,442,1980
39333,448,1899
39334,448,1763
39335,442,1620
39336,448,1494
39337,448,1545
39338,442,1644
39339,448,1834
39340,444,1965
39341,448,2029
39342,448,1979
39343,448,1899
39344,444,1759
39345,448,1619
39346,442,1493
39347,444,1547
39348,442,1643
39349,448,1837
39350,448,1964
39351,448,2030
39352,448,1978
39353,443,1898
39354,447,1763
39355,443,1615
39356,448,1493
39357,448,1546
39358,448,1645
39359,443,1837
39360,442,1963
39361,442,2029
39362,448,1977
39363,443,1897
39364,443,1761
39365,443,1615
39366,442,1494
39367,448,1547
39368,442,1647
39369,448,1837
39370,448,1965
39371,442,2030
39372,442,1979
39373,447,1897
39374,442,1763
39375,443,1614
39376,442,1493
39377,442,1546
39378,442,1647
39379,443,1843
39380,443,1964
39381,442,2024
39382,442,1981
39383,443,1903
39384,447,1769
39385,442,1628
39386,443,1497
39387,448,1531
39388,443,1628
39389,442,1819
39390,442,1949
39391,443,2025
39392,448,1976
39393,448,1891
39394,447,1767
39395,442,1627
39396,448,1497
39397,449,1532
39398,443,1629
39399,443,1821
39400,447,1951
39401,442,2027
39402,443,1981
39403,442,1907
39404,442,1767
39405,442,1624
39406,442,1491
39407,448,1550
39408,448,1655
39409,442,1843
39410,448,1971
39411,448,2031
39412,443,1976
39413,442,1893
39414,442,1757
39415,443,1610
39416,448,1493
39417,447,1549
39418,442,1655
39419,448,1843
39420,443,1971
39421,448,2031
39422,442,1976
39423,448,1893
39424,442,1755
39425,448,1609
39426,448,1491
39427,448,1549
39428,448,1655
39429,442,1845
39430,442,1971
39431,448,2029
39432,448,1977
39433,448,1891
39434,448,1754
39435,448,1610
39436,442,1491
39437,448,1549
39438,442,1656
39439,448,1845
39440,443,1974
39441,448,2031
39442,448,1973
39443,448,1887
39444,443,1755
39445,448,1609
39446,442,1491
39447,448,1547
39448,444,1659
39449,442,1847
39450,443,1973
39451,448,2029
39452,442,1976
39453,442,1887
39454,442,1754
39455,442,1607
39456,442,1491
39457,443,1551
39458,442,1660
39459,448,1847
39460,448,1971
39461,444,2032
39462,447,1975
39463,442,1885
39464,443,1754
39465,448,1607
39466,448,1492
39467,448,1551
39468,448,1661
39469,442,1849
39470,448,1975
39471,442,2031
39472,447,1975
39473,442,1885
39474,442,1752
39475,442,1605
39476,448,1493
39477,448,1551
39478,443,1661
39479,448,1851
39480,444,1973
39481,444,2030
39482,443,1971
39483,448,1885
39484,448,1753
39485,448,1605
39486,442,1491
39487,448,1553
39488,448,1661
39489,448,1848
39490,448,1975
39491,442,2028
39492,443,1975
39493,448,1878
39494,443,1763
39495,448,1618
39496,448,1491
39497,450,1544
39498,448,1641
39499,442,1832
39500,448,1980
39501,448,2030
39502,442,1977
39503,448,1898
39504,448,1763
39505,443,1619
39506,448,1492
39507,442,1555
39508,447,1669
39509,448,1849
39510,448,1975
39511,442,2031
39512,448,1975
39513,442,1885
39514,442,1749
39515,442,1604
39516,442,1491
39517,448,1553
39518,443,1671
39519,442,1849
39520,448,1975
39521,442,2031
39522,448,1973
39523,443,1884
39524,442,1751
39525,443,1605
39526,447,1491
39527,448,1553
39528,442,1671
39529,443,1850
39530,442,1976
39531,442,2030
39532,443,1975
39533,448,1883
39534,442,1737
39535,447,1605
39536,448,1493
39537,448,1545
39538,443,1646
39539,442,1833
39540,448,1963
39541,443,2029
39542,447,1976
39543,443,1895
39544,442,1759
39545,448,1615
39546,442,1491
39547,442,1561
39548,442,1673
39549,447,1853
39550,444,1976
39551,443,2031
39552,442,1973
39553,443,1881
39554,443,1749
39555,444,1597
39556,443,1491
39557,443,1551
39558,442,1669
39559,442,1852
39560,448,1975
39561,442,2029
39562,441,1971
39563,442,1880
39564,448,1748
39565,442,1596
39566,442,1491
39567,448,1554
39568,442,1673
39569,447,1853
39570,443,1976
39571,444,2029
39572,442,1972
39573,442,1880
39574,442,1747
39575,442,1595
39576,448,1491
39577,443,1555
39578,443,1675
39579,448,1881
39580,442,1974
39581,442,2027
39582,443,1976
39583,442,1892
39584,442,1755
39585,443,1610
39586,443,1491
39587,448,1549
39588,448,1652
39589,448,1843
39590,444,1963
39591,442,2029
39592,448,1971
39593,442,1870
39594,442,1743
39595,443,1592
39596,440,1493
39597,443,1559
39598,443,1677
39599,448,1863
39600,442,1981
39601,442,2029
39602,448,1973
39603,442,1877
39604,442,1747
39605,442,1593
39606,448,1490
39607,448,1557
39608,443,1678
39609,450,1884
39610,450,1983
39611,448,2030
39612,448,1971
39613,442,1875
39614,450,1755
39615,448,1607
39616,442,1491
39617,442,1549
39618,442,1647
39619,450,1861
39620,448,1975
39621,439,2023
39622,448,1975
39623,443,1889
39624,442,1751
39625,443,1619
39626,442,1497
39627,448,1545
39628,440,1661
39629,448,1852
39630,448,1977
39631,448,2029
39632,441,1976
39633,448,1885
39634,442,1757
39635,440,1611
39636,442,1495
39637,443,1555
39638,448,1671
39639,442,1852
39640,442,1959
39641,441,2017
39642,442,1963
39643,442,1870
39644,442,1741
39645,443,1591
39646,447,1492
39647,448,1557
39648,447,1685
39649,448,1865
39650,448,1981
39651,447,2028
39652,442,1967
39653,444,1875
39654,442,1739
39655,448,1590
39656,448,1491
39657,448,1557
39658,442,1685
39659,441,1867
39660,442,1980
39661,448,2028
39662,443,1967
39663,443,1875
39664,443,1740
39665,442,1591
39666,444,1494
39667,442,1558
39668,442,1687
39669,444,1865
39670,442,1981
39671,442,2027
39672,443,1967
39673,443,1871
39674,442,1739
39675,448,1588
39676,448,1492
39677,443,1557
39678,448,1689
39679,442,1885
39680,443,1973
39681,435,2029
39682,448,1973
39683,442,1883
39684,443,1749
39685,443,1605
39686,448,1487
39687,448,1553
39688,448,1659
39689,448,1848
39690,442,1973
39691,448,2027
39692,443,1965
39693,443,1867
39694,448,1738
39695,448,1587
39696,448,1493
39697,442,1559
39698,448,1691
39699,443,1869
39700,442,1981
39701,442,2027
39702,441,1965
39703,442,1868
39704,443,1736
39705,444,1587
39706,444,1492
39707,448,1559
39708,442,1692
39709,448,1871
39710,447,1983
39711,442,2027
39712,447,1966
39713,448,1869
39714,448,1736
39715,447,1587
39716,443,1492
39717,448,1559
39718,443,1691
39719,442,1872
39720,442,1982
39721,444,2027
39722,448,1965
39723,448,1867
39724,448,1736
39725,443,1583
39726,447,1491
39727,448,1559
39728,442,1694
39729,443,1874
39730,442,1983
39731,448,2027
39732,448,1966
39733,444,1867
39734,443,1736
39735,448,1582
39736,442,1493
39737,448,1560
39738,447,1693
39739,442,1874
39740,448,1983
39741,442,2025
39742,448,1965
39743,442,1866
39744,448,1735
39745,442,1582
39746,448,1493
39747,448,1560
39748,447,1696
39749,442,1875
39750,448,1983
39751,442,2023
39752,448,1965
39753,442,1865
39754,442,1728
39755,442,1581
39756,443,1493
39757,448,1560
39758,448,1699
39759,448,1875
39760,442,1983
39761,442,2025
39762,448,1965
39763,442,1862
39764,442,1735
39765,448,1580
39766,448,1493
39767,448,1560
39768,448,1700
39769,448,1877
39770,448,1989
39771,443,2027
39772,443,1965
39773,448,1863
39774,448,1728
39775,443,1581
39776,448,1492
39777,448,1560
39778,443,1701
39779,448,1894
39780,443,1977
39781,442,2027
39782,443,1967
39783,442,1875
39784,442,1741
39785,448,1593
39786,443,1490
39787,444,1554
39788,448,1674
39789,442,1855
39790,448,1977
39791,448,2027
39792,442,1963
39793,447,1861
39794,448,1726
39795,448,1579
39796,448,1493
39797,442,1563
39798,443,1703
39799,442,1877
39800,442,1989
39801,443,2025
39802,442,1964
39803,447,1855
39804,442,1725
39805,443,1577
39806,442,1493
39807,447,1561
39808,447,1703
39809,442,1879
39810,448,1989
39811,443,2025
39812,448,1963
39813,443,1854
39814,442,1725
39815,443,1577
39816,443,1494
39817,447,1563
39818,448,1705
39819,442,1880
39820,448,1990
39821,442,2025
39822,442,1964
39823,442,1852
39824,442,1724
39825,448,1576
39826,442,1493
39827,442,1563
39828,447,1705
39829,442,1881
39830,442,1990
39831,448,2024
39832,448,1963
39833,443,1853
39834,444,1724
39835,442,1579
39836,443,1493
39837,448,1563
39838,447,1708
39839,448,1881
39840,448,1989
39841,444,2023
39842,448,1963
39843,448,1851
39844,448,1724
39845,448,1575
39846,448,1493
39847,448,1564
39848,443,1709
39849,443,1881
39850,442,1989
39851,448,2023
39852,448,1962
39853,444,1851
39854,448,1723
39855,448,1576
39856,448,1495
39857,448,1564
39858,443,1709
39859,444,1884
39860,448,1991
39861,448,2025
39862,442,1963
39863,441,1852
39864,442,1724
39865,444,1575
39866,443,1495
39867,443,1565
39868,442,1710
39869,442,1884
39870,448,1991
39871,448,2025
39872,448,1961
39873,448,1851
39874,448,1723
39875,448,1573
39876,448,1493
39877,443,1564
39878,448,1711
39879,448,1899
39880,449,1980
39881,443,2025
39882,442,1966
39883,442,1867
39884,448,1736
39885,448,1583
39886,449,1489
39887,448,1559
39888,448,1686
39889,443,1867
39890,442,1979
39891,442,2025
39892,448,1959
39893,442,1849
39894,448,1735
39895,442,1583
39896,448,1491
39897,449,1563
39898,442,1689
39899,447,1867
39900,442,1979
39901,447,2024
39902,448,1965
39903,448,1867
39904,442,1735
39905,443,1583
39906,442,1497
39907,448,1566
39908,448,1715
39909,443,1887
39910,442,1993
39911,448,2023
39912,447,1961
39913,448,1847
39914,449,1720
39915,448,1572
39916,448,1493
39917,448,1565
39918,448,1711
39919,442,1887
39920,448,1991
39921,448,2023
39922,442,1960
39923,448,1847
39924,448,1721
39925,444,1568
39926,448,1495
39927,448,1564
39928,447,1719
39929,442,1887
39930,442,1991
39931,448,2023
39932,442,1961
39933,448,1846
39934,448,1720
39935,448,1568
39936,447,1495
39937,447,1565
39938,442,1719
39939,442,1890
39940,448,1995
39941,448,2022
39942,448,1961
39943,442,1846
39944,448,1719
39945,443,1568
39946,448,1495
39947,448,1567
39948,442,1720
39949,447,1891
39950,448,1993
39951,448,2023
39952,448,1960
39953,443,1845
39954,448,1719
39955,448,1567
39956,447,1496
39957,443,1566
39958,442,1721
39959,442,1891
39960,443,1993
39961,443,2023
39962,447,1960
39963,448,1844
39964,443,1719
39965,442,1567
39966,448,1495
39967,448,1566
39968,444,1721
39969,448,1891
39970,448,1995
39971,442,2022
39972,448,1960
39973,444,1844
39974,442,1719
39975,443,1566
39976,442,1495
39977,444,1567
39978,442,1722
39979,442,1891
39980,448,1995
39981,443,2023
39982,442,1961
39983,443,1843
39984,443,1718
39985,442,1565
39986,442,1494
39987,448,1567
39988,448,1722
39989,447,1892
39990,447,1997
39991,448,2021
39992,448,1957
39993,442,1845
39994,443,1727
39995,442,1577
39996,443,1492
39997,447,1559
39998,442,1701
39999,442,1877
40000,443,2008
40001,448,2024
40002,443,1961
40003,448,1847
40004,448,1723
40005,444,1557
40006,449,1497
40007,448,1567
40008,443,1727
40009,443,1894
40010,443,1995
40011,442,2021
40012,442,1959
40013,443,1837
40014,442,1715
40015,448,1563
40016,448,1496
40017,448,1567
40018,442,1727
40019,448,1895
40020,442,1995
40021,442,2021
40022,444,1957
40023,447,1838
40024,442,1715
40025,442,1562
40026,443,1496
40027,442,1571
40028,448,1728
40029,448,1893
40030,442,1996
40031,447,2019
40032,443,1959
40033,448,1839
40034,442,1701
40035,442,1561
40036,448,1493
40037,448,1561
40038,442,1705
40039,448,1878
40040,444,1989
40041,443,2023
40042,448,1961
40043,448,1851
40044,448,1723
40045,448,1575
40046,448,1493
40047,449,1561
40048,443,1747
40049,443,1897
40050,442,1997
40051,443,2019
40052,443,1957
40053,447,1835
40054,448,1711
40055,443,1561
40056,443,1497
40057,448,1571
40058,448,1735
40059,443,1896
40060,448,1997
40061,448,2019
40062,442,1957
40063,442,1836
40064,442,1714
40065,443,1561
40066,443,1498
40067,448,1571
40068,442,1737
40069,442,1896
40070,442,1997
40071,448,2020
40072,442,1956
40073,448,1835
40074,448,1711
40075,444,1561
40076,442,1498
40077,448,1572
40078,442,1739
40079,443,1903
40080,442,1997
40081,443,2021
40082,443,1960
40083,441,1849
40084,442,1723
40085,442,1571
40086,448,1492
40087,449,1561
40088,442,1709
40089,448,1883
40090,442,1988
40091,442,2021
40092,448,1957
40093,442,1827
40094,448,1707
40095,442,1557
40096,448,1499
40097,442,1571
40098,442,1737
40099,448,1899
40100,448,1997
40101,444,2018
40102,443,1956
40103,442,1832
40104,442,1710
40105,443,1557
40106,448,1499
40107,448,1573
40108,448,1741
40109,442,1901
40110,442,1999
40111,448,2018
40112,442,1956
40113,442,1811
40114,448,1706
40115,443,1557
40116,448,1501
40117,448,1573
40118,443,1742
40119,448,1903
40120,442,1999
40121,441,2013
40122,442,1955
40123,442,1831
40124,447,1708
40125,442,1556
40126,448,1501
40127,443,1574
40128,448,1742
40129,447,1903
40130,442,2001
40131,442,2015
40132,443,1955
40133,442,1829
40134,448,1707
40135,442,1556
40136,448,1501
40137,448,1573
40138,442,1743
40139,443,1902
40140,440,2003
40141,440,2018
40142,448,1955
40143,442,1829
40144,448,1707
40145,443,1555
40146,448,1502
40147,442,1573
40148,442,1747
40149,443,1901
40150,448,1999
40151,448,2013
40152,442,1951
40153,442,1829
40154,442,1707
40155,442,1555
40156,448,1502
40157,447,1575
40158,441,1749
40159,448,1903
40160,442,2001
40161,447,2013
40162,448,1955
40163,447,1828
40164,442,1706
40165,448,1554
40166,448,1501
40167,442,1575
40168,441,1748
40169,442,1903
40170,448,2001
40171,447,2015
40172,442,1953
40173,442,1828
40174,442,1705
40175,448,1553
40176,447,1502
40177,442,1573
40178,447,1748
40179,442,1909
40180,441,1997
40181,448,2019
40182,442,1957
40183,442,1839
40184,442,1716
40185,442,1563
40186,449,1495
40187,443,1565
40188,442,1721
40189,442,1889
40190,442,1992
40191,442,2020
40192,442,1950
40193,443,1821
40194,442,1704
40195,443,1553
40196,442,1503
40197,448,1576
40198,442,1751
40199,447,1906
40200,442,2005
40201,448,2012
40202,447,1951
40203,442,1823
40204,442,1703
40205,443,1551
40206,443,1506
40207,448,1576
40208,442,1753
40209,447,1907
40210,442,2004
40211,442,2013
40212,448,1952
40213,443,1823
40214,442,1701
40215,442,1549
40216,447,1507
40217,448,1576
40218,442,1751
40219,440,1908
40220,442,2005
40221,442,2013
40222,443,1950
40223,442,1823
40224,443,1703
40225,442,1553
40226,442,1507
40227,448,1577
40228,443,1753
40229,443,1908
40230,447,2003
40231,442,2013
40232,442,1951
40233,442,1823
40234,442,1701
40235,442,1548
40236,448,1507
40237,443,1577
40238,441,1754
40239,443,1909
40240,443,2003
40241,443,2011
40242,448,1949
40243,443,1823
40244,442,1701
40245,448,1549
40246,442,1507
40247,448,1577
40248,442,1754
40249,447,1909
40250,443,2005
40251,442,2011
40252,448,1950
40253,447,1822
40254,447,1699
40255,442,1548
40256,444,1507
40257,443,1575
40258,448,1753
40259,448,1908
40260,442,2005
40261,447,2011
40262,448,1948
40263,448,1819
40264,442,1699
40265,448,1548
40266,443,1507
40267,448,1577
40268,441,1755
40269,443,1908
40270,448,2003
40271,448,2009
40272,442,1948
40273,448,1819
40274,443,1695
40275,448,1545
40276,448,1506
40277,448,1577
40278,448,1755
40279,448,1911
40280,443,1990
40281,448,2013
40282,442,1955
40283,442,1833
40284,442,1710
40285,443,1557
40286,442,1496
40287,448,1567
40288,442,1736
40289,442,1896
40290,447,1993
40291,448,2015
40292,448,1947
40293,442,1815
40294,443,1691
40295,442,1546
40296,448,1509
40297,443,1579
40298,448,1757
40299,443,1911
40300,448,2005
40301,443,2009
40302,447,1950
40303,443,1818
40304,447,1695
40305,442,1546
40306,448,1509
40307,448,1579
40308,442,1757
40309,442,1911
40310,448,2005
40311,443,2009
40312,448,1948
40313,448,1817
40314,442,1693
40315,448,1545
40316,442,1509
40317,444,1580
40318,442,1761
40319,442,1911
40320,442,2006
40321,448,2009
40322,442,1947
40323,442,1816
40324,443,1693
40325,442,1544
40326,448,1509
40327,448,1579
40328,448,1763
40329,448,1913
40330,442,2006
40331,444,2008
40332,448,1947
40333,442,1815
40334,442,1693
40335,442,1544
40336,444,1509
40337,442,1581
40338,443,1763
40339,443,1913
40340,442,2007
40341,442,2008
40342,448,1947
40343,442,1815
40344,442,1691
40345,442,1543
40346,447,1510
40347,448,1581
40348,448,1765
40349,448,1913
40350,442,2007
40351,440,2008
40352,442,1947
40353,442,1815
40354,443,1691
40355,448,1544
40356,450,1511
40357,448,1580
40358,443,1764
40359,442,1913
40360,448,2007
40361,443,2007
40362,448,1946
40363,443,1813
40364,442,1691
40365,447,1543
40366,448,1511
40367,444,1583
40368,443,1765
40369,443,1915
40370,448,2008
40371,448,2007
40372,448,1946
40373,448,1813
40374,448,1689
40375,448,1542
40376,448,1513
40377,442,1583
40378,447,1767
40379,448,1917
40380,448,2007
40381,443,2013
40382,448,1950
40383,448,1827
40384,443,1705
40385,447,1551
40386,450,1501
40387,449,1571
40388,448,1747
40389,443,1901
40390,448,1997
40391,443,2012
40392,448,1941
40393,442,1805
40394,443,1704
40395,448,1553
40396,448,1501
40397,450,1573
40398,448,1747
40399,447,1902
40400,442,1997
40401,443,2011
40402,448,1950
40403,448,1823
40404,442,1703
40405,448,1553
40406,443,1519
40407,448,1583
40408,448,1772
40409,442,1916
40410,442,2009
40411,443,2005
40412,448,1944
40413,448,1810
40414,448,1685
40415,448,1533
40416,448,1514
40417,448,1583
40418,448,1772
40419,448,1917
40420,444,2009
40421,448,2008
40422,448,1944
40423,448,1810
40424,448,1685
40425,443,1532
40426,448,1515
40427,443,1587
40428,449,1773
40429,443,1918
40430,448,2011
40431,444,2007
40432,443,1944
40433,444,1811
40434,448,1683
40435,448,1531
40436,448,1515
40437,448,1587
40438,448,1772
40439,448,1917
40440,448,2009
40441,447,2005
40442,441,1943
40443,448,1807
40444,443,1685
40445,443,1531
40446,448,1513
40447,448,1587
40448,448,1775
40449,443,1917
40450,442,2011
40451,443,2004
40452,448,1943
40453,443,1806
40454,443,1681
40455,448,1532
40456,448,1513
40457,448,1588
40458,448,1773
40459,448,1919
40460,448,2010
40461,448,2003
40462,448,1943
40463,448,1805
40464,448,1677
40465,449,1529
40466,448,1515
40467,448,1588
40468,448,1775
40469,443,1919
40470,442,2010
40471,442,2003
40472,444,1943
40473,442,1805
40474,448,1677
40475,443,1529
40476,448,1516
40477,448,1591
40478,448,1779
40479,448,1920
40480,443,2012
40481,448,2003
40482,448,1943
40483,448,1804
40484,448,1678
40485,443,1527
40486,448,1515
40487,448,1588
40488,448,1779
40489,442,1925
40490,442,2011
40491,448,2003
40492,442,1942
40493,442,1801
40494,443,1695
40495,443,1545
40496,449,1505
40497,449,1577
40498,448,1757
40499,443,1909
40500,442,2015
40501,443,2005
40502,448,1947
40503,448,1817
40504,443,1693
40505,443,1543
40506,447,1523
40507,448,1592
40508,442,1783
40509,442,1927
40510,448,2013
40511,442,2005
40512,440,1942
40513,442,1803
40514,442,1673
40515,443,1527
40516,448,1517
40517,447,1591
40518,448,1782
40519,448,1925
40520,442,2013
40521,447,2003
40522,447,1939
40523,442,1803
40524,447,1674
40525,443,1528
40526,443,1517
40527,448,1591
40528,448,1784
40529,444,1928
40530,447,2013
40531,448,2002
40532,448,1940
40533,448,1801
40534,448,1647
40535,442,1527
40536,449,1508
40537,448,1580
40538,448,1775
40539,442,1909
40540,449,2005
40541,443,2007
40542,443,1945
40543,449,1813
40544,448,1689
40545,448,1553
40546,448,1509
40547,447,1609
40548,443,1784
40549,448,1929
40550,442,2013
40551,448,2003
40552,448,1939
40553,443,1801
40554,442,1673
40555,444,1524
40556,448,1517
40557,448,1592
40558,448,1783
40559,442,1927
40560,443,2014
40561,448,2003
40562,448,1939
40563,443,1799
40564,442,1671
40565,442,1524
40566,448,1519
40567,448,1591
40568,448,1785
40569,448,1927
40570,448,2015
40571,448,2003
40572,448,1939
40573,448,1799
40574,448,1671
40575,448,1525
40576,448,1517
40577,443,1595
40578,442,1787
40579,444,1945
40580,448,2009
40581,442,2003
40582,443,1944
40583,448,1813
40584,448,1687
40585,448,1533
40586,448,1511
40587,449,1582
40588,448,1767
40589,448,1915
40590,448,2005
40591,448,2007
40592,441,1935
40593,443,1789
40594,448,1661
40595,448,1519
40596,448,1520
40597,448,1597
40598,443,1787
40599,443,1930
40600,448,2019
40601,442,1997
40602,448,1935
40603,443,1792
40604,448,1663
40605,448,1519
40606,448,1519
40607,444,1596
40608,443,1790
40609,448,1931
40610,448,2015
40611,447,1997
40612,448,1935
40613,448,1776
40614,448,1657
40615,444,1518
40616,448,1523
40617,449,1598
40618,448,1791
40619,448,1931
40620,448,2015
40621,442,1995
40622,447,1935
40623,448,1791
40624,448,1660
40625,448,1518
40626,448,1520
40627,448,1598
40628,442,1797
40629,448,1931
40630,448,2017
40631,448,1995
40632,448,1933
40633,443,1790
40634,448,1658
40635,448,1517
40636,448,1523
40637,448,1604
40638,444,1797
40639,442,1933
40640,443,2019
40641,442,1996
40642,442,1932
40643,442,1788
40644,448,1659
40645,448,1517
40646,448,1523
40647,448,1599
40648,448,1799
40649,442,1933
40650,447,2019
40651,442,1996
40652,442,1932
40653,448,1789
40654,448,1657
40655,443,1517
40656,448,1525
40657,442,1605
40658,449,1799
40659,442,1933
40660,442,2019
40661,443,1997
40662,442,1931
40663,443,1789
40664,448,1657
40665,448,1517
40666,448,1525
40667,442,1600
40668,444,1800
40669,443,1935
40670,443,2020
40671,443,1995
40672,448,1930
40673,442,1787
40674,442,1656
40675,443,1516
40676,442,1524
40677,443,1604
40678,442,1801
40679,442,1955
40680,447,2011
40681,447,2001
40682,444,1941
40683,448,1803
40684,443,1676
40685,448,1529
40686,450,1515
40687,450,1589
40688,448,1773
40689,448,1919
40690,448,2009
40691,448,2001
40692,443,1925
40693,447,1785
40694,448,1653
40695,443,1515
40696,447,1525
40697,442,1607
40698,448,1801
40699,442,1935
40700,448,2021
40701,442,1996
40702,448,1929
40703,448,1787
40704,448,1655
40705,448,1515
40706,448,1526
40707,448,1605
40708,442,1801
40709,448,1935
40710,448,2020
40711,448,1993
40712,442,1929
40713,448,1785
40714,443,1652
40715,443,1515
40716,448,1525
40717,442,1607
40718,447,1802
40719,442,1935
40720,448,2019
40721,447,1995
40722,443,1929
40723,448,1785
40724,448,1651
40725,448,1515
40726,448,1527
40727,447,1607
40728,443,1803
40729,442,1939
40730,442,2021
40731,448,1993
40732,448,1929
40733,443,1786
40734,442,1651
40735,442,1513
40736,444,1528
40737,443,1609
40738,442,1805
40739,442,1940
40740,442,2023
40741,442,1993
40742,442,1928
40743,443,1785
40744,442,1652
40745,442,1514
40746,443,1527
40747,442,1609
40748,443,1805
40749,442,1940
40750,448,2021
40751,447,1994
40752,448,1928
40753,444,1783
40754,448,1648
40755,441,1513
40756,448,1527
40757,442,1609
40758,443,1807
40759,442,1940
40760,443,2021
40761,443,1993
40762,448,1927
40763,448,1785
40764,442,1645
40765,443,1511
40766,448,1527
40767,443,1609
40768,443,1807
40769,448,1939
40770,442,2021
40771,442,1991
40772,448,1927
40773,448,1783
40774,448,1646
40775,440,1512
40776,448,1527
40777,448,1611
40778,443,1810
40779,442,1955
40780,448,2013
40781,448,1997
40782,442,1935
40783,448,1799
40784,443,1662
40785,448,1523
40786,449,1517
40787,448,1592
40788,442,1783
40789,442,1928
40790,448,2012
40791,443,1995
40792,443,1915
40793,443,1781
40794,448,1642
40795,442,1510
40796,448,1528
40797,443,1611
40798,443,1811
40799,448,1940
40800,448,2023
40801,442,1992
40802,442,1917
40803,442,1781
40804,444,1643
40805,447,1510
40806,448,1531
40807,448,1612
40808,443,1811
40809,443,1941
40810,442,2023
40811,448,1992
40812,448,1919
40813,444,1780
40814,448,1643
40815,448,1509
40816,448,1529
40817,448,1613
40818,448,1812
40819,448,1942
40820,448,2023
40821,448,1991
40822,447,1917
40823,448,1779
40824,448,1641
40825,448,1508
40826,448,1529
40827,448,1615
40828,448,1813
40829,447,1943
40830,448,2024
40831,443,1991
40832,442,1919
40833,440,1780
40834,448,1641
40835,447,1508
40836,448,1528
40837,448,1617
40838,443,1813
40839,442,1944
40840,448,2023
40841,442,1989
40842,442,1917
40843,448,1779
40844,443,1639
40845,448,1507
40846,448,1529
40847,448,1619
40848,448,1813
40849,443,1943
40850,442,2025
40851,442,1991
40852,448,1917
40853,442,1779
40854,448,1641
40855,442,1508
40856,448,1531
40857,448,1618
40858,447,1816
40859,443,1943
40860,444,2025
40861,442,1991
40862,442,1915
40863,448,1779
40864,442,1639
40865,448,1507
40866,448,1531
40867,448,1621
40868,444,1816
40869,448,1945
40870,442,2024
40871,443,1990
40872,443,1915
40873,442,1776
40874,442,1639
40875,447,1503
40876,442,1530
40877,448,1621
40878,448,1817
40879,442,1961
40880,448,2019
40881,443,1994
40882,442,1929
40883,442,1787
40884,448,1653
40885,443,1515
40886,448,1520
40887,450,1598
40888,443,1790
40889,443,1931
40890,443,2014
40891,448,1993
40892,448,1907
40893,442,1775
40894,443,1654
40895,449,1513
40896,449,1523
40897,448,1598
40898,442,1799
40899,442,1933
40900,444,2015
40901,442,1993
40902,448,1928
40903,448,1785
40904,442,1651
40905,448,1513
40906,448,1543
40907,448,1625
40908,442,1817
40909,442,1947
40910,442,2025
40911,442,1988
40912,448,1913
40913,448,1774
40914,442,1635
40915,448,1502
40916,444,1533
40917,448,1623
40918,443,1817
40919,448,1948
40920,443,2026
40921,448,1988
40922,443,1912
40923,442,1774
40924,448,1634
40925,448,1501
40926,448,1532
40927,448,1625
40928,443,1818
40929,448,1950
40930,443,2025
40931,447,1988
40932,443,1913
40933,443,1772
40934,448,1635
40935,448,1501
40936,448,1533
40937,443,1627
40938,442,1820
40939,442,1951
40940,448,2026
40941,443,1989
40942,442,1911
40943,443,1771
40944,442,1631
40945,442,1501
40946,449,1533
40947,448,1627
40948,448,1821
40949,448,1951
40950,442,2025
40951,443,1989
40952,448,1911
40953,447,1769
40954,443,1635
40955,448,1500
40956,444,1540
40957,448,1628
40958,442,1821
40959,442,1951
40960,448,2027
40961,448,1984
40962,442,1911
40963,443,1771
40964,448,1631
40965,442,1500
40966,448,1541
40967,447,1628
40968,442,1821
40969,442,1954
40970,442,2027
40971,442,1983
40972,443,1909
40973,448,1771
40974,442,1629
40975,448,1501
40976,448,1542
40977,443,1630
40978,441,1823
40979,442,1955
40980,448,2027
40981,442,1981
40982,443,1909
40983,442,1770
40984,443,1629
40985,442,1499
40986,444,1543
40987,448,1629
40988,442,1823
40989,442,1955
40990,448,2027
40991,448,1983
40992,443,1909
40993,442,1771
40994,442,1644
40995,443,1509
40996,449,1527
40997,450,1609
40998,443,1805
40999,448,1941
41000,442,2031
41001,448,1991
41002,442,1918
41003,442,1781
41004,442,1643
41005,448,1493
41006,448,1543
41007,448,1636
41008,443,1827
41009,443,1957
41010,443,2029
41011,448,1983
41012,448,1908
41013,442,1768
41014,448,1627
41015,448,1497
41016,443,1543
41017,448,1636
41018,448,1829
41019,442,1957
41020,448,2027
41021,442,1980
41022,443,1908
41023,444,1767
41024,443,1625
41025,448,1498
41026,443,1534
41027,442,1635
41028,442,1829
41029,443,1959
41030,444,2030
41031,442,1980
41032,443,1907
41033,442,1769
41034,448,1609
41035,448,1498
41036,450,1527
41037,449,1615
41038,448,1811
41039,448,1939
41040,442,2023
41041,442,1989
41042,448,1915
41043,448,1775
41044,442,1639
41045,444,1506
41046,448,1528
41047,448,1617
41048,448,1837
41049,443,1961
41050,448,2029
41051,448,1979
41052,448,1901
41053,449,1766
41054,449,1622
41055,447,1496
41056,449,1544
41057,448,1635
41058,448,1829
41059,448,1959
41060,448,2029
41061,443,1979
41062,443,1901
41063,442,1766
41064,448,1623
41065,443,1495
41066,448,1542
41067,450,1638
41068,448,1832
41069,448,1960
41070,448,2029
41071,442,1979
41072,442,1901
41073,443,1767
41074,443,1621
41075,448,1495
41076,443,1543
41077,448,1639
41078,442,1831
41079,448,1965
41080,443,2027
41081,448,1983
41082,448,1913
41083,448,1772
41084,442,1636
41085,448,1501
41086,450,1529
41087,448,1619
41088,447,1815
41089,448,1947
41090,448,2023
41091,443,1983
41092,443,1903
41093,443,1761
41094,442,1619
41095,448,1495
41096,448,1547
41097,448,1643
41098,442,1833
41099,443,1963
41100,442,2031
41101,443,1979
41102,443,1901
41103,442,1763
41104,442,1621
41105,448,1494
41106,442,1545
41107,448,1644
41108,442,1833
41109,443,1965
41110,448,2029
41111,442,1979
41112,448,1900
41113,442,1747
41114,444,1619
41115,442,1495
41116,448,1546
41117,448,1643
41118,448,1833
41119,443,1963
41120,442,2031
41121,448,1979
41122,442,1898
41123,448,1763
41124,448,1619
41125,448,1493
41126,447,1547
41127,448,1646
41128,443,1835
41129,447,1965
41130,442,2029
41131,442,1979
41132,442,1898
41133,448,1763
41134,448,1619
41135,447,1494
41136,448,1547
41137,448,1646
41138,442,1835
41139,442,1966
41140,448,2029
41141,448,1977
41142,443,1895
41143,442,1759
41144,447,1615
41145,443,1492
41146,448,1545
41147,442,1647
41148,443,1838
41149,448,1966
41150,443,2028
41151,444,1977
41152,442,1895
41153,442,1759
41154,442,1615
41155,448,1491
41156,449,1547
41157,448,1651
41158,448,1837
41159,448,1965
41160,448,2029
41161,448,1977
41162,444,1894
41163,448,1759
41164,448,1613
41165,448,1492
41166,443,1546
41167,448,1651
41168,442,1838
41169,443,1967
41170,442,2031
41171,448,1977
41172,442,1895
41173,442,1758
41174,448,1613
41175,448,1491
41176,448,1548
41177,442,1652
41178,448,1839
41179,447,1972
41180,448,2029
41181,448,1981
41182,443,1909
41183,448,1768
41184,442,1627
41185,448,1497
41186,448,1541
41187,449,1627
41188,448,1823
41189,448,1955
41190,442,2024
41191,443,1980
41192,448,1887
41193,448,1753
41194,442,1609
41195,448,1492
41196,444,1549
41197,447,1654
41198,448,1839
41199,442,1967
41200,448,2031
41201,443,1977
41202,447,1893
41203,443,1757
41204,442,1609
41205,448,1491
41206,443,1548
41207,448,1654
41208,442,1843
41209,442,1968
41210,442,2031
41211,444,1977
41212,448,1891
41213,448,1757
41214,444,1609
41215,443,1492
41216,448,1549
41217,448,1655
41218,442,1845
41219,442,1971
41220,443,2031
41221,442,1976
41222,448,1891
41223,448,1755
41224,448,1609
41225,448,1491
41226,448,1547
41227,443,1656
41228,442,1845
41229,442,1971
41230,442,2031
41231,442,1975
41232,442,1891
41233,442,1757
41234,442,1608
41235,448,1492
41236,447,1553
41237,443,1655
41238,443,1846
41239,448,1971
41240,448,2031
41241,448,1975
41242,443,1886
41243,442,1753
41244,448,1608
41245,448,1492
41246,448,1549
41247,448,1657
41248,447,1862
41249,442,1976
41250,449,2015
41251,440,1971
41252,448,1907
41253,448,1756
41254,439,1619
41255,440,1493
41256,448,1553
41257,448,1636
41258,442,1829
41259,448,1959
41260,443,2039
41261,448,1976
41262,453,1902
41263,440,1769
41264,443,1609
41265,452,1504
41266,441,1533
41267,443,1629
41268,439,1831
41269,448,1957
41270,448,2023
41271,448,1965
41272,451,1899
41273,448,1757
41274,444,1617
41275,441,1500
41276,440,1527
41277,439,1629
41278,451,1839
41279,448,1965
41280,442,2027
41281,448,1977
41282,442,1901
41283,448,1764
41284,443,1619
41285,443,1493
41286,448,1543
41287,443,1637
41288,448,1831
41289,443,1959
41290,442,2027
41291,448,1979
41292,443,1901
41293,448,1753
41294,448,1606
41295,448,1491
41296,447,1553
41297,448,1663
41298,442,1849
41299,443,1975
41300,442,2031
41301,442,1974
41302,442,1884
41303,441,1752
41304,443,1605
41305,442,1492
41306,449,1554
41307,448,1661
41308,443,1851
41309,448,1973
41310,448,2031
41311,443,1974
41312,443,1883
41313,442,1752
41314,442,1599
41315,448,1491
41316,444,1553
41317,442,1669
41318,443,1851
41319,442,1975
41320,447,2029
41321,448,1973
41322,442,1883
41323,448,1748
41324,448,1599
41325,444,1491
41326,443,1553
41327,442,1669
41328,442,1852
41329,442,1973
41330,442,2031
41331,442,1973
41332,443,1883
41333,448,1748
41334,448,1599
41335,447,1491
41336,448,1553
41337,448,1671
41338,442,1851
41339,448,1975
41340,442,2028
41341,448,1972
41342,443,1882
41343,443,1749
41344,442,1599
41345,448,1491
41346,448,1553
41347,448,1671
41348,448,1853
41349,442,1977
41350,443,2030
41351,447,1973
41352,448,1881
41353,443,1747
41354,443,1598
41355,448,1491
41356,442,1555
41357,448,1672
41358,448,1853
41359,448,1977
41360,448,2029
41361,442,1973
41362,443,1881
41363,442,1749
41364,442,1598
41365,444,1491
41366,443,1555
41367,443,1674
41368,448,1852
41369,443,1977
41370,443,2029
41371,442,1971
41372,448,1881
41373,447,1748
41374,447,1597
41375,447,1492
41376,448,1555
41377,442,1673
41378,442,1854
41379,442,1975
41380,443,2015
41381,448,1976
41382,448,1892
41383,442,1761
41384,442,1611
41385,448,1489
41386,448,1545
41387,448,1651
41388,443,1839
41389,442,1962
41390,443,2028
41391,443,1973
41392,443,1893
41393,442,1725
41394,442,1609
41395,448,1491
41396,443,1545
41397,442,1651
41398,442,1837
41399,442,1965
41400,442,2029
41401,442,1975
41402,442,1891
41403,442,1755
41404,442,1609
41405,450,1491
41406,443,1561
41407,449,1679
41408,442,1863
41409,442,1977
41410,442,2027
41411,442,1967
41412,442,1875
41413,443,1746
41414,442,1592
41415,442,1491
41416,442,1557
41417,442,1679
41418,442,1863
41419,442,1977
41420,442,2031
41421,442,1971
41422,443,1875
41423,442,1746
41424,448,1593
41425,443,1491
41426,442,1556
41427,448,1682
41428,441,1865
41429,442,1978
41430,442,2029
41431,448,1971
41432,444,1875
41433,448,1743
41434,448,1593
41435,448,1493
41436,448,1555
41437,442,1683
41438,447,1864
41439,442,1977
41440,442,2031
41441,443,1971
41442,442,1875
41443,443,1743
41444,442,1591
41445,448,1491
41446,448,1557
41447,442,1679
41448,443,1865
41449,442,1977
41450,442,2027
41451,442,1967
41452,441,1875
41453,442,1742
41454,442,1591
41455,448,1491
41456,448,1557
41457,442,1683
41458,448,1864
41459,443,1979
41460,442,2027
41461,442,1971
41462,448,1873
41463,448,1739
41464,442,1591
41465,448,1493
41466,448,1557
41467,442,1683
41468,442,1866
41469,443,1979
41470,448,2027
41471,443,1967
41472,444,1871
41473,444,1742
41474,448,1589
41475,442,1492
41476,448,1558
41477,448,1685
41478,448,1867
41479,442,1979
41480,448,2027
41481,443,1967
41482,442,1871
41483,448,1739
41484,443,1589
41485,448,1490
41486,448,1558
41487,442,1685
41488,442,1867
41489,442,1980
41490,443,2027
41491,443,1967
41492,443,1871
41493,442,1723
41494,443,1597
41495,448,1490
41496,450,1548
41497,447,1659
41498,442,1846
41499,443,1970
41500,442,2023
41501,448,1970
41502,442,1884
41503,442,1749
41504,448,1599
41505,448,1491
41506,448,1561
41507,442,1689
41508,448,1869
41509,443,1979
41510,442,2027
41511,443,1967
41512,447,1869
41513,442,1738
41514,447,1587
41515,448,1491
41516,448,1560
41517,443,1687
41518,442,1867
41519,447,1981
41520,442,2028
41521,443,1967
41522,443,1868
41523,442,1739
41524,442,1588
41525,442,1492
41526,448,1559
41527,442,1687
41528,448,1869
41529,443,1979
41530,442,2027
41531,448,1967
41532,442,1869
41533,443,1739
41534,442,1573
41535,448,1491
41536,450,1553
41537,443,1661
41538,442,1849
41539,443,1971
41540,442,2028
41541,443,1972
41542,449,1881
41543,443,1749
41544,442,1597
41545,447,1489
41546,448,1551
41547,448,1716
41548,443,1869
41549,442,1980
41550,448,2026
41551,442,1965
41552,443,1868
41553,443,1738
41554,448,1587
41555,442,1492
41556,444,1559
41557,442,1689
41558,443,1867
41559,442,1980
41560,442,2027
41561,442,1965
41562,442,1867
41563,448,1738
41564,442,1583
41565,442,1491
41566,448,1559
41567,442,1690
41568,441,1869
41569,442,1980
41570,443,2027
41571,442,1966
41572,442,1867
41573,440,1737
41574,442,1583
41575,443,1492
41576,448,1557
41577,441,1691
41578,442,1869
41579,442,1996
41580,442,2027
41581,441,1971
41582,442,1879
41583,442,1747
41584,448,1595
41585,448,1490
41586,449,1553
41587,448,1669
41588,441,1852
41589,443,1975
41590,441,2027
41591,443,1967
41592,448,1863
41593,442,1725
41594,442,1582
41595,447,1492
41596,448,1561
41597,443,1699
41598,442,1875
41599,448,1983
41600,448,2024
41601,442,1964
41602,441,1863
41603,443,1733
41604,442,1581
41605,448,1493
41606,448,1561
41607,442,1700
41608,442,1877
41609,441,1989
41610,442,2025
41611,443,1965
41612,442,1865
41613,443,1716
41614,442,1578
41615,442,1493
41616,448,1561
41617,442,1702
41618,442,1875
41619,442,1989
41620,442,2025
41621,442,1965
41622,442,1863
41623,442,1735
41624,443,1579
41625,448,1493
41626,447,1561
41627,442,1701
41628,448,1878
41629,443,1989
41630,442,2025
41631,448,1964
41632,442,1860
41633,442,1727
41634,442,1580
41635,448,1493
41636,448,1561
41637,442,1702
41638,442,1877
41639,442,1989
41640,443,2024
41641,447,1965
41642,442,1861
41643,442,1734
41644,442,1579
41645,447,1493
41646,448,1563
41647,442,1703
41648,442,1879
41649,442,1989
41650,442,2025
41651,442,1963
41652,442,1855
41653,448,1727
41654,448,1577
41655,448,1493
41656,448,1563
41657,442,1703
41658,442,1879
41659,448,1990
41660,442,2025
41661,442,1964
41662,442,1853
41663,442,1727
41664,442,1577
41665,448,1493
41666,448,1563
41667,448,1704
41668,442,1880
41669,442,1990
41670,442,2023
41671,442,1963
41672,443,1853
41673,442,1725
41674,442,1576
41675,448,1493
41676,442,1563
41677,442,1707
41678,443,1881
41679,442,1996
41680,442,2026
41681,448,1965
41682,443,1874
41683,443,1739
41684,440,1588
41685,447,1487
41686,449,1557
41687,448,1679
41688,442,1862
41689,442,1977
41690,442,2026
41691,443,1967
41692,442,1847
41693,442,1725
41694,441,1575
41695,443,1494
41696,442,1562
41697,442,1704
41698,442,1881
41699,442,1991
41700,441,2024
41701,442,1964
41702,442,1853
41703,440,1725
41704,447,1576
41705,443,1494
41706,442,1563
41707,443,1706
41708,442,1882
41709,440,1991
41710,441,2025
41711,442,1963
41712,442,1852
41713,442,1727
41714,442,1575
41715,442,1495
41716,443,1564
41717,442,1708
41718,442,1883
41719,442,1991
41720,442,2025
41721,440,1963
41722,442,1853
41723,442,1724
41724,441,1575
41725,448,1494
41726,448,1563
41727,442,1707
41728,448,1883
41729,448,1991
41730,443,2024
41731,448,1963
41732,442,1851
41733,442,1725
41734,443,1574
41735,443,1493
41736,447,1566
41737,448,1708
41738,442,1883
41739,442,1991
41740,442,2024
41741,440,1962
41742,448,1850
41743,442,1723
41744,443,1573
41745,444,1494
41746,442,1564
41747,442,1711
41748,442,1885
41749,443,1991
41750,442,2023
41751,448,1962
41752,447,1850
41753,447,1723
41754,448,1571
41755,442,1493
41756,442,1563
41757,448,1711
41758,448,1885
41759,442,1993
41760,442,2024
41761,442,1961
41762,442,1849
41763,441,1721
41764,442,1571
41765,444,1493
41766,448,1563
41767,448,1711
41768,443,1885
41769,442,1991
41770,444,2023
41771,442,1961
41772,443,1849
41773,442,1721
41774,442,1572
41775,448,1494
41776,448,1565
41777,442,1714
41778,442,1886
41779,447,1997
41780,442,2025
41781,443,1964
41782,441,1865
41783,441,1735
41784,448,1581
41785,448,1490
41786,448,1558
41787,443,1692
41788,442,1869
41789,442,1979
41790,448,2025
41791,443,1964
41792,448,1840
41793,443,1720
41794,442,1567
41795,443,1493
41796,448,1567
41797,442,1717
41798,442,1891
41799,442,1993
41800,441,2021
41801,442,1960
41802,442,1847
41803,442,1720
41804,442,1567
41805,448,1495
41806,443,1566
41807,442,1720
41808,442,1891
41809,443,1993
41810,442,2021
41811,443,1961
41812,442,1843
41813,448,1720
41814,443,1567
41815,448,1494
41816,448,1567
41817,442,1720
41818,442,1890
41819,442,1993
41820,448,2023
41821,442,1961
41822,442,1843
41823,443,1717
41824,441,1567
41825,443,1493
41826,449,1566
41827,442,1720
41828,448,1891
41829,442,1993
41830,443,2021
41831,442,1961
41832,442,1845
41833,442,1719
41834,443,1565
41835,448,1495
41836,448,1566
41837,442,1721
41838,442,1891
41839,448,1993
41840,443,2022
41841,443,1959
41842,442,1843
41843,448,1717
41844,443,1563
41845,448,1496
41846,448,1567
41847,442,1721
41848,442,1893
41849,447,1995
41850,442,2021
41851,443,1957
41852,443,1844
41853,442,1715
41854,442,1565
41855,441,1495
41856,442,1567
41857,447,1724
41858,443,1891
41859,443,1994
41860,442,2021
41861,443,1959
41862,443,1839
41863,442,1716
41864,447,1567
41865,448,1497
41866,444,1567
41867,443,1725
41868,442,1894
41869,443,1995
41870,442,2022
41871,448,1958
41872,442,1843
41873,442,1718
41874,442,1563
41875,442,1497
41876,448,1571
41877,442,1725
41878,442,1894
41879,440,2003
41880,442,2023
41881,442,1963
41882,442,1855
41883,442,1725
41884,442,1577
41885,448,1491
41886,450,1561
41887,447,1703
41888,443,1875
41889,442,1982
41890,443,2021
41891,442,1961
41892,442,1829
41893,441,1715
41894,448,1577
41895,449,1491
41896,448,1555
41897,448,1701
41898,443,1877
41899,447,1988
41900,442,2023
41901,442,1963
41902,448,1851
41903,442,1725
41904,444,1575
41905,450,1491
41906,443,1575
41907,441,1737
41908,448,1895
41909,442,1996
41910,448,2020
41911,448,1958
41912,448,1839
41913,442,1715
41914,444,1562
41915,448,1499
41916,448,1567
41917,448,1727
41918,443,1896
41919,442,1995
41920,442,2019
41921,443,1957
41922,448,1837
41923,442,1711
41924,444,1560
41925,443,1497
41926,448,1571
41927,442,1735
41928,448,1895
41929,442,1997
41930,441,2019
41931,448,1957
41932,448,1836
41933,448,1711
41934,448,1561
41935,448,1497
41936,448,1571
41937,447,1733
41938,447,1895
41939,441,1996
41940,442,2019
41941,448,1957
41942,444,1837
41943,442,1711
41944,442,1561
41945,448,1497
41946,448,1571
41947,443,1737
41948,448,1895
41949,442,1998
41950,448,2019
41951,442,1957
41952,448,1835
41953,442,1711
41954,448,1560
41955,443,1497
41956,448,1568
41957,442,1737
41958,442,1899
41959,442,1998
41960,448,2019
41961,442,1957
41962,448,1835
41963,448,1710
41964,442,1559
41965,448,1499
41966,442,1571
41967,443,1740
41968,442,1899
41969,442,1998
41970,442,2019
41971,442,1957
41972,442,1834
41973,448,1709
41974,442,1559
41975,448,1499
41976,448,1573
41977,443,1739
41978,442,1899
41979,443,2001
41980,442,2020
41981,443,1957
41982,442,1831
41983,442,1709
41984,442,1559
41985,448,1499
41986,442,1573
41987,442,1741
41988,442,1900
41989,442,1999
41990,442,2018
41991,442,1957
41992,442,1831
41993,444,1711
41994,442,1567
41995,450,1493
41996,448,1563
41997,443,1709
41998,442,1885
41999,442,1991
42000,443,2003
42001,448,1959
42002,440,1845
42003,442,1719
42004,442,1567
42005,442,1509
42006,443,1573
42007,443,1745
42008,442,1901
42009,442,1999
42010,443,2015
42011,448,1957
42012,448,1831
42013,443,1708
42014,448,1557
42015,448,1501
42016,443,1573
42017,442,1741
42018,442,1901
42019,448,2001
42020,442,2017
42021,441,1955
42022,442,1831
42023,443,1708
42024,447,1556
42025,443,1501
42026,443,1575
42027,442,1743
42028,443,1901
42029,442,2001
42030,442,2015
42031,442,1956
42032,442,1830
42033,442,1707
42034,442,1545
42035,449,1501
42036,450,1565
42037,442,1719
42038,442,1886
42039,442,1991
42040,442,2019
42041,444,1959
42042,443,1843
42043,442,1717
42044,443,1565
42045,452,1493
42046,448,1564
42047,448,1721
42048,443,1911
42049,442,2003
42050,442,2015
42051,442,1951
42052,442,1827
42053,443,1705
42054,442,1557
42055,443,1501
42056,448,1575
42057,442,1747
42058,442,1903
42059,442,2003
42060,443,2015
42061,443,1951
42062,442,1829
42063,443,1705
42064,442,1554
42065,448,1506
42066,443,1573
42067,442,1749
42068,442,1907
42069,447,1999
42070,442,2013
42071,444,1951
42072,442,1827
42073,442,1705
42074,442,1551
42075,448,1501
42076,442,1575
42077,442,1749
42078,442,1903
42079,448,2005
42080,443,2015
42081,442,1957
42082,443,1837
42083,442,1715
42084,442,1564
42085,448,1493
42086,452,1564
42087,443,1719
42088,448,1892
42089,442,1993
42090,442,2020
42091,442,1957
42092,440,1827
42093,442,1692
42094,442,1549
42095,443,1505
42096,448,1577
42097,442,1752
42098,442,1907
42099,442,2003
42100,442,2013
42101,444,1950
42102,448,1823
42103,442,1703
42104,441,1553
42105,443,1507
42106,448,1579
42107,448,1754
42108,442,1907
42109,442,2002
42110,442,2013
42111,443,1949
42112,442,1823
42113,447,1675
42114,442,1548
42115,448,1508
42116,448,1577
42117,441,1755
42118,440,1909
42119,442,2004
42120,444,2011
42121,442,1949
42122,442,1823
42123,442,1700
42124,442,1548
42125,443,1508
42126,441,1577
42127,442,1757
42128,448,1909
42129,444,2005
42130,443,2011
42131,442,1949
42132,442,1820
42133,442,1699
42134,442,1547
42135,443,1507
42136,447,1577
42137,447,1755
42138,443,1907
42139,448,2006
42140,442,2009
42141,444,1951
42142,442,1820
42143,440,1700
42144,441,1548
42145,442,1509
42146,448,1579
42147,442,1759
42148,443,1911
42149,442,2005
42150,442,2011
42151,447,1950
42152,443,1818
42153,442,1699
42154,442,1547
42155,448,1508
42156,448,1579
42157,442,1758
42158,443,1910
42159,442,2007
42160,447,2009
42161,442,1949
42162,443,1819
42163,447,1695
42164,442,1546
42165,448,1509
42166,448,1577
42167,442,1757
42168,442,1911
42169,442,2005
42170,448,2011
42171,447,1948
42172,442,1818
42173,442,1695
42174,443,1546
42175,448,1509
42176,448,1579
42177,442,1758
42178,448,1912
42179,442,2008
42180,442,2012
42181,442,1955
42182,442,1831
42183,448,1709
42184,442,1559
42185,454,1497
42186,450,1567
42187,443,1734
42188,443,1897
42189,443,1997
42190,448,2014
42191,448,1955
42192,442,1811
42193,442,1689
42194,443,1544
42195,448,1511
42196,448,1580
42197,442,1763
42198,443,1912
42199,442,2007
42200,448,2008
42201,442,1946
42202,442,1815
42203,442,1694
42204,442,1545
42205,443,1510
42206,448,1581
42207,442,1764
42208,442,1913
42209,441,2007
42210,443,2009
42211,448,1947
42212,442,1815
42213,442,1691
42214,442,1544
42215,448,1511
42216,448,1580
42217,442,1765
42218,448,1913
42219,442,2007
42220,448,2010
42221,442,1947
42222,442,1815
42223,442,1691
42224,442,1545
42225,448,1509
42226,448,1580
42227,443,1765
42228,442,1913
42229,448,2007
42230,442,2008
42231,448,1947
42232,444,1816
42233,442,1692
42234,441,1544
42235,448,1511
42236,448,1581
42237,442,1767
42238,443,1915
42239,447,2007
42240,447,2008
42241,443,1947
42242,448,1815
42243,448,1688
42244,442,1542
42245,448,1511
42246,448,1582
42247,447,1766
42248,443,1915
42249,442,2009
42250,441,2008
42251,447,1945
42252,443,1815
42253,448,1688
42254,442,1541
42255,443,1511
42256,448,1581
42257,442,1767
42258,448,1915
42259,443,2009
42260,442,2007
42261,442,1946
42262,442,1811
42263,442,1687
42264,448,1541
42265,448,1509
42266,444,1583
42267,442,1768
42268,443,1917
42269,448,2009
42270,443,2007
42271,442,1945
42272,448,1813
42273,442,1687
42274,442,1543
42275,448,1513
42276,443,1583
42277,442,1768
42278,442,1917
42279,442,2009
42280,443,2007
42281,442,1949
42282,442,1823
42283,442,1703
42284,443,1553
42285,455,1501
42286,450,1574
42287,443,1747
42288,448,1901
42289,442,1997
42290,443,2011
42291,442,1949
42292,442,1805
42293,442,1683
42294,448,1531
42295,448,1514
42296,448,1583
42297,448,1769
42298,442,1917
42299,448,2007
42300,442,2007
42301,443,1945
42302,442,1811
42303,442,1685
42304,444,1531
42305,448,1513
42306,448,1583
42307,443,1770
42308,442,1917
42309,442,2009
42310,447,2005
42311,448,1945
42312,448,1811
42313,442,1686
42314,448,1531
42315,448,1511
42316,442,1587
42317,442,1773
42318,442,1918
42319,442,2010
42320,448,2005
42321,448,1945
42322,443,1806
42323,442,1685
42324,442,1532
42325,448,1515
42326,448,1587
42327,448,1772
42328,448,1917
42329,448,2008
42330,442,2004
42331,442,1945
42332,443,1804
42333,448,1683
42334,448,1530
42335,448,1513
42336,443,1587
42337,448,1773
42338,448,1919
42339,448,2011
42340,443,2003
42341,442,1943
42342,448,1806
42343,442,1683
42344,448,1529
42345,444,1515
42346,448,1583
42347,442,1774
42348,447,1919
42349,442,2011
42350,440,2004
42351,443,1941
42352,443,1805
42353,442,1683
42354,448,1530
42355,444,1515
42356,450,1589
42357,448,1773
42358,443,1925
42359,448,2011
42360,442,2005
42361,442,1944
42362,448,1805
42363,443,1681
42364,442,1529
42365,448,1515
42366,449,1589
42367,448,1775
42368,443,1925
42369,443,2011
42370,448,2003
42371,443,1943
42372,443,1805
42373,442,1678
42374,448,1529
42375,448,1515
42376,448,1589
42377,448,1776
42378,442,1919
42379,442,2014
42380,443,2005
42381,442,1947
42382,442,1817
42383,442,1693
42384,442,1547
42385,456,1507
42386,450,1577
42387,448,1755
42388,443,1909
42389,442,2005
42390,441,2007
42391,442,1945
42392,442,1791
42393,442,1663
42394,448,1544
42395,458,1507
42396,452,1576
42397,448,1755
42398,442,1911
42399,443,2003
42400,442,2009
42401,443,1947
42402,448,1815
42403,443,1693
42404,442,1543
42405,454,1509
42406,448,1599
42407,442,1783
42408,442,1927
42409,442,2013
42410,441,2002
42411,447,1941
42412,442,1801
42413,444,1674
42414,443,1525
42415,449,1517
42416,448,1591
42417,448,1781
42418,443,1927
42419,442,2012
42420,442,2001
42421,442,1941
42422,442,1801
42423,442,1672
42424,449,1524
42425,448,1518
42426,448,1591
42427,442,1784
42428,442,1930
42429,443,2013
42430,443,1997
42431,442,1941
42432,448,1799
42433,442,1673
42434,447,1523
42435,448,1516
42436,448,1595
42437,442,1783
42438,447,1930
42439,442,2011
42440,443,2003
42441,442,1939
42442,442,1801
42443,442,1671
42444,442,1523
42445,448,1517
42446,448,1591
42447,442,1785
42448,442,1928
42449,447,2013
42450,448,1999
42451,442,1940
42452,443,1798
42453,444,1671
42454,442,1523
42455,448,1519
42456,448,1594
42457,443,1786
42458,442,1929
42459,443,2012
42460,448,1999
42461,442,1939
42462,442,1799
42463,442,1670
42464,443,1523
42465,448,1519
42466,443,1595
42467,442,1786
42468,443,1929
42469,448,2013
42470,442,1999
42471,444,1939
42472,442,1797
42473,442,1671
42474,448,1524
42475,448,1519
42476,448,1593
42477,443,1787
42478,442,1929
42479,448,2014
42480,442,1997
42481,442,1938
42482,442,1798
42483,442,1669
42484,448,1523
42485,448,1519
42486,447,1595
42487,448,1787
42488,443,1929
42489,443,2017
42490,442,1999
42491,442,1937
42492,443,1797
42493,447,1658
42494,448,1533
42495,459,1512
42496,454,1580
42497,442,1765
42498,448,1913
42499,442,2007
42500,448,1991
42501,442,1941
42502,443,1811
42503,442,1686
42504,443,1531
42505,455,1513
42506,448,1604
42507,448,1790
42508,447,1931
42509,442,2015
42510,442,1997
42511,442,1935
42512,448,1791
42513,443,1662
42514,448,1517
42515,448,1519
42516,448,1597
42517,443,1789
42518,448,1932
42519,442,2017
42520,442,2001
42521,444,1938
42522,442,1791
42523,448,1661
42524,448,1518
42525,449,1519
42526,448,1597
42527,443,1788
42528,443,1933
42529,448,2015
42530,443,1997
42531,444,1934
42532,442,1791
42533,448,1661
42534,448,1507
42535,458,1519
42536,455,1582
42537,442,1771
42538,443,1915
42539,444,2007
42540,443,2003
42541,442,1940
42542,443,1806
42543,442,1679
42544,449,1529
42545,464,1511
42546,451,1583
42547,448,1813
42548,448,1933
42549,448,2018
42550,443,1996
42551,448,1932
42552,447,1789
42553,442,1659
42554,442,1516
42555,449,1523
42556,448,1597
42557,448,1790
42558,442,1935
42559,448,2015
42560,448,1995
42561,443,1931
42562,442,1789
42563,443,1659
42564,444,1516
42565,450,1523
42566,450,1597
42567,448,1798
42568,448,1932
42569,442,2019
42570,448,1995
42571,448,1932
42572,443,1786
42573,448,1657
42574,448,1517
42575,443,1523
42576,450,1599
42577,448,1799
42578,444,1933
42579,448,2027
42580,443,1998
42581,443,1941
42582,448,1805
42583,442,1677
42584,448,1529
42585,460,1513
42586,456,1587
42587,449,1773
42588,448,1918
42589,443,2009
42590,448,1999
42591,443,1939
42592,448,1787
42593,448,1647
42594,448,1512
42595,448,1525
42596,448,1604
42597,448,1801
42598,447,1935
42599,448,2019
42600,442,1993
42601,441,1929
42602,443,1787
42603,447,1654
42604,443,1515
42605,448,1526
42606,448,1604
42607,447,1799
42608,443,1933
42609,448,2020
42610,442,1994
42611,447,1929
42612,447,1786
42613,443,1627
42614,448,1509
42615,448,1526
42616,443,1608
42617,448,1802
42618,443,1935
42619,448,2019
42620,443,1993
42621,448,1928
42622,447,1784
42623,444,1651
42624,448,1512
42625,449,1525
42626,449,1606
42627,450,1802
42628,448,1935
42629,448,2021
42630,444,1994
42631,448,1928
42632,448,1783
42633,448,1651
42634,448,1512
42635,450,1527
42636,450,1609
42637,448,1803
42638,448,1938
42639,444,2023
42640,448,1994
42641,442,1926
42642,448,1784
42643,442,1651
42644,448,1513
42645,448,1527
42646,448,1609
42647,442,1803
42648,448,1938
42649,444,2023
42650,448,1992
42651,448,1927
42652,448,1784
42653,448,1647
42654,448,1511
42655,448,1525
42656,448,1609
42657,448,1803
42658,448,1939
42659,448,2021
42660,443,1992
42661,448,1925
42662,448,1782
42663,448,1647
42664,448,1511
42665,448,1526
42666,444,1611
42667,443,1806
42668,448,1939
42669,448,2021
42670,448,1993
42671,448,1927
42672,448,1783
42673,442,1647
42674,448,1512
42675,448,1528
42676,448,1613
42677,448,1807
42678,447,1941
42679,448,2029
42680,448,1997
42681,448,1934
42682,448,1799
42683,443,1669
42684,448,1523
42685,464,1515
42686,455,1592
42687,443,1783
42688,448,1925
42689,443,2012
42690,448,1995
42691,448,1935
42692,448,1779
42693,448,1643
42694,448,1511
42695,450,1528
42696,449,1612
42697,448,1805
42698,448,1941
42699,448,2022
42700,448,1993
42701,448,1927
42702,448,1782
42703,448,1645
42704,448,1511
42705,448,1528
42706,448,1612
42707,448,1805
42708,443,1941
42709,448,2022
42710,443,1992
42711,448,1927
42712,442,1782
42713,449,1643
42714,448,1509
42715,448,1527
42716,448,1612
42717,443,1807
42718,448,1943
42719,443,2022
42720,443,1991
42721,443,1919
42722,448,1781
42723,447,1645
42724,448,1509
42725,449,1527
42726,444,1613
42727,448,1809
42728,444,1941
42729,450,2023
42730,443,1991
42731,443,1925
42732,442,1780
42733,448,1644
42734,448,1509
42735,448,1529
42736,448,1613
42737,448,1811
42738,442,1943
42739,448,2023
42740,443,1991
42741,443,1919
42742,442,1780
42743,443,1643
42744,448,1509
42745,449,1529
42746,448,1617
42747,442,1811
42748,442,1945
42749,443,2023
42750,448,1991
42751,443,1919
42752,447,1780
42753,448,1641
42754,448,1508
42755,450,1529
42756,448,1618
42757,448,1811
42758,440,1945
42759,448,2023
42760,443,1990
42761,448,1919
42762,447,1779
42763,443,1641
42764,448,1509
42765,449,1529
42766,448,1618
42767,442,1813
42768,448,1945
42769,442,2023
42770,448,1989
42771,441,1918
42772,448,1779
42773,448,1643
42774,448,1507
42775,448,1529
42776,443,1619
42777,443,1813
42778,448,1945
42779,448,2029
42780,448,1993
42781,448,1931
42782,447,1787
42783,447,1657
42784,448,1516
42785,464,1519
42786,456,1596
42787,448,1807
42788,442,1929
42789,448,2013
42790,447,1994
42791,442,1931
42792,443,1773
42793,448,1638
42794,448,1503
42795,449,1529
42796,448,1619
42797,443,1815
42798,443,1945
42799,448,2024
42800,448,1983
42801,448,1915
42802,442,1775
42803,448,1637
42804,448,1501
42805,448,1529
42806,448,1619
42807,444,1815
42808,442,1947
42809,444,2025
42810,448,1983
42811,442,1915
42812,448,1775
42813,450,1637
42814,450,1507
42815,448,1531
42816,448,1621
42817,448,1816
42818,448,1947
42819,448,2023
42820,447,1989
42821,448,1914
42822,448,1775
42823,443,1637
42824,448,1501
42825,448,1531
42826,448,1621
42827,442,1817
42828,442,1948
42829,448,2025
42830,448,1989
42831,448,1913
42832,443,1773
42833,443,1636
42834,444,1501
42835,448,1531
42836,448,1623
42837,448,1815
42838,443,1947
42839,448,2023
42840,448,1982
42841,442,1913
42842,442,1772
42843,442,1636
42844,448,1500
42845,448,1531
42846,448,1625
42847,448,1815
42848,442,1949
42849,448,2025
42850,448,1983
42851,443,1913
42852,442,1773
42853,444,1635
42854,448,1501
42855,448,1531
42856,450,1623
42857,441,1819
42858,442,1948
42859,442,2025
42860,448,1983
42861,448,1912
42862,448,1775
42863,448,1635
42864,450,1501
42865,448,1533
42866,444,1626
42867,443,1819
42868,443,1952
42869,442,2025
42870,442,1989
42871,448,1912
42872,442,1771
42873,448,1630
42874,448,1499
42875,449,1533
42876,448,1625
42877,442,1818
42878,448,1951
42879,448,2031
42880,443,1991
42881,444,1927
42882,448,1783
42883,443,1651
42884,448,1511
42885,466,1525
42886,455,1605
42887,444,1803
42888,442,1934
42889,442,2019
42890,448,1991
42891,442,1928
42892,443,1749
42893,449,1627
42894,449,1509
42895,440,1547
42896,442,1611
42897,442,1789
42898,448,1925
42899,440,2011
42900,441,1999
42901,449,1925
42902,440,1771
42903,442,1646
42904,450,1509
42905,448,1545
42906,448,1619
42907,450,1816
42908,442,1945
42909,452,2019
42910,440,1977
42911,440,1908
42912,448,1769
42913,442,1635
42914,448,1517
42915,448,1522
42916,442,1630
42917,442,1797
42918,448,1926
42919,448,2021
42920,448,1999
42921,442,1913
42922,442,1772
42923,448,1627
42924,450,1497
42925,467,1525
42926,454,1609
42927,448,1805
42928,448,1934
42929,439,2021
42930,448,1990
42931,443,1919
42932,442,1780
42933,448,1643
42934,448,1509
42935,458,1527
42936,448,1644
42937,448,1822
42938,442,1955
42939,448,2027
42940,442,1982
42941,448,1909
42942,443,1769
42943,447,1627
42944,448,1499
42945,448,1533
42946,448,1630
42947,442,1823
42948,442,1955
42949,448,2028
42950,442,1983
42951,442,1907
42952,443,1769
42953,448,1627
42954,448,1499
42955,449,1543
42956,448,1634
42957,448,1824
42958,448,1955
42959,448,2027
42960,448,1983
42961,442,1909
42962,442,1769
42963,443,1627
42964,443,1499
42965,448,1543
42966,448,1635
42967,448,1827
42968,443,1957
42969,448,2029
42970,442,1983
42971,448,1907
42972,442,1768
42973,448,1626
42974,448,1497
42975,449,1541
42976,448,1634
42977,448,1827
42978,443,1956
42979,442,2027
42980,443,1981
42981,448,1907
42982,443,1768
42983,442,1625
42984,448,1497
42985,449,1542
42986,448,1631
42987,442,1827
42988,448,1957
42989,448,2027
42990,442,1981
42991,444,1903
42992,443,1768
42993,443,1625
42994,448,1497
42995,448,1542
42996,448,1635
42997,443,1827
42998,440,1957
42999,443,2029
43000,440,1976
43001,442,1901
43002,443,1766
43003,442,1624
43004,442,1496
43005,448,1544
43006,448,1638
43007,444,1827
43008,447,1959
43009,441,2028
43010,448,1981
43011,442,1903
43012,447,1767
43013,442,1623
43014,443,1495
43015,448,1543
43016,448,1639
43017,443,1830
43018,442,1959
43019,442,2028
43020,442,1981
43021,448,1901
43022,448,1767
43023,442,1621
43024,448,1497
43025,467,1527
43026,452,1617
43027,448,1812
43028,442,1943
43029,448,2023
43030,443,1984
43031,443,1917
43032,442,1775
43033,442,1637
43034,448,1503
43035,467,1528
43036,448,1645
43037,447,1864
43038,447,1947
43039,447,2021
43040,448,1981
43041,448,1914
43042,442,1772
43043,448,1637
43044,448,1503
43045,466,1527
43046,452,1612
43047,448,1813
43048,448,1943
43049,442,2021
43050,448,1976
43051,442,1899
43052,448,1765
43053,448,1623
43054,448,1496
43055,448,1543
43056,448,1640
43057,442,1833
43058,448,1963
43059,442,2030
43060,448,1979
43061,442,1900
43062,443,1763
43063,448,1622
43064,443,1495
43065,448,1545
43066,448,1643
43067,448,1833
43068,443,1962
43069,443,2029
43070,441,1979
43071,442,1901
43072,447,1765
43073,448,1621
43074,448,1495
43075,448,1545
43076,443,1643
43077,448,1833
43078,443,1963
43079,448,2030
43080,442,1981
43081,442,1913
43082,442,1773
43083,447,1634
43084,443,1503
43085,458,1531
43086,452,1623
43087,447,1815
43088,442,1949
43089,440,2023
43090,442,1983
43091,443,1912
43092,442,1765
43093,441,1608
43094,443,1493
43095,448,1547
43096,448,1645
43097,443,1833
43098,442,1963
43099,442,2028
43100,442,1980
43101,443,1899
43102,447,1763
43103,443,1619
43104,448,1494
43105,444,1545
43106,448,1643
43107,447,1837
43108,448,1963
43109,448,2029
43110,442,1979
43111,442,1897
43112,442,1763
43113,442,1593
43114,443,1493
43115,444,1545
43116,443,1645
43117,442,1836
43118,442,1963
43119,444,2029
43120,443,1978
43121,443,1897
43122,440,1759
43123,441,1617
43124,443,1493
43125,448,1545
43126,448,1645
43127,442,1836
43128,442,1963
43129,443,2029
43130,443,1979
43131,444,1896
43132,448,1759
43133,442,1617
43134,448,1493
43135,448,1547
43136,449,1646
43137,442,1838
43138,443,1965
43139,442,2029
43140,448,1976
43141,442,1895
43142,440,1762
43143,443,1613
43144,444,1493
43145,448,1547
43146,448,1645
43147,442,1836
43148,448,1965
43149,448,2029
43150,448,1979
43151,448,1896
43152,443,1759
43153,448,1615
43154,448,1494
43155,448,1547
43156,448,1647
43157,442,1839
43158,442,1965
43159,443,2030
43160,447,1977
43161,442,1896
43162,442,1757
43163,442,1615
43164,448,1493
43165,448,1548
43166,443,1650
43167,448,1837
43168,442,1965
43169,447,2029
43170,442,1977
43171,442,1895
43172,447,1759
43173,442,1611
43174,448,1492
43175,442,1548
43176,442,1651
43177,443,1839
43178,442,1966
43179,448,2029
43180,442,1979
43181,442,1909
43182,442,1769
43183,443,1627
43184,448,1499
43185,467,1541
43186,449,1629
43187,448,1819
43188,448,1950
43189,442,2026
43190,442,1980
43191,442,1907
43192,442,1751
43193,442,1607
43194,443,1491
43195,448,1549
43196,448,1651
43197,443,1839
43198,443,1965
43199,442,2029
43200,447,1975
43201,443,1891
43202,442,1757
43203,448,1611
43204,448,1492
43205,448,1548
43206,448,1651
43207,442,1839
43208,442,1965
43209,442,2030
43210,442,1975
43211,442,1893
43212,442,1755
43213,442,1611
43214,448,1491
43215,442,1548
43216,448,1652
43217,447,1839
43218,443,1965
43219,442,2027
43220,443,1976
43221,442,1891
43222,442,1756
43223,442,1611
43224,448,1491
43225,448,1549
43226,448,1654
43227,443,1843
43228,448,1971
43229,442,2031
43230,442,1977
43231,443,1893
43232,442,1757
43233,443,1609
43234,442,1493
43235,448,1549
43236,448,1654
43237,441,1844
43238,442,1972
43239,442,2031
43240,447,1976
43241,448,1891
43242,448,1757
43243,447,1609
43244,443,1491
43245,448,1549
43246,448,1655
43247,448,1845
43248,443,1971
43249,442,2029
43250,444,1975
43251,443,1891
43252,442,1756
43253,442,1609
43254,444,1491
43255,443,1549
43256,448,1657
43257,441,1844
43258,442,1972
43259,441,2031
43260,442,1977
43261,442,1891
43262,448,1755
43263,442,1609
43264,448,1491
43265,443,1550
43266,448,1657
43267,442,1845
43268,442,1971
43269,442,2031
43270,447,1975
43271,442,1887
43272,443,1753
43273,442,1608
43274,448,1491
43275,443,1549
43276,443,1659
43277,448,1847
43278,448,1972
43279,442,2029
43280,442,1976
43281,443,1902
43282,442,1766
43283,443,1623
43284,450,1495
43285,468,1543
43286,448,1637
43287,442,1827
43288,442,1959
43289,442,2027
43290,442,1979
43291,443,1900
43292,442,1750
43293,448,1599
43294,448,1491
43295,444,1553
43296,443,1659
43297,448,1846
43298,447,1972
43299,447,2029
43300,448,1975
43301,442,1886
43302,443,1753
43303,443,1607
43304,443,1491
43305,448,1551
43306,442,1659
43307,442,1848
43308,442,1973
43309,442,2029
43310,442,1974
43311,443,1885
43312,442,1753
43313,441,1605
43314,448,1491
43315,448,1549
43316,448,1659
43317,448,1847
43318,442,1973
43319,442,2029
43320,448,1975
43321,448,1884
43322,444,1751
43323,441,1607
43324,448,1491
43325,448,1551
43326,448,1661
43327,448,1847
43328,442,1973
43329,448,2030
43330,448,1972
43331,442,1883
43332,448,1751
43333,442,1605
43334,448,1491
43335,448,1553
43336,448,1661
43337,447,1847
43338,448,1973
43339,442,2031
43340,443,1975
43341,443,1885
43342,442,1753
43343,448,1605
43344,449,1491
43345,448,1551
43346,448,1661
43347,443,1849
43348,442,1973
43349,448,2029
43350,442,1974
43351,447,1885
43352,448,1751
43353,442,1605
43354,448,1492
43355,450,1553
43356,442,1661
43357,442,1851
43358,443,1974
43359,442,2029
43360,443,1974
43361,442,1883
43362,442,1752
43363,441,1599
43364,448,1492
43365,448,1553
43366,448,1663
43367,443,1850
43368,448,1973
43369,442,2030
43370,442,1975
43371,447,1883
43372,443,1751
43373,448,1599
43374,448,1491
43375,448,1553
43376,448,1669
43377,442,1851
43378,442,1975
43379,448,2029
43380,448,1975
43381,442,1896
43382,448,1759
43383,448,1615
43384,454,1493
43385,470,1545
43386,448,1644
43387,442,1831
43388,447,1962
43389,443,2027
43390,448,1976
43391,443,1895
43392,442,1746
43393,443,1593
43394,456,1491
43395,472,1543
43396,450,1642
43397,443,1831
43398,442,1962
43399,443,2027
43400,442,1977
43401,442,1895
43402,443,1759
43403,441,1618
43404,452,1491
43405,458,1545
43406,442,1687
43407,448,1853
43408,448,1973
43409,442,2029
43410,442,1972
43411,442,1883
43412,448,1749
43413,448,1599
43414,448,1491
43415,448,1555
43416,448,1673
43417,441,1853
43418,442,1977
43419,443,2029
43420,447,1973
43421,448,1881
43422,443,1749
43423,442,1598
43424,448,1491
43425,448,1553
43426,444,1671
43427,440,1854
43428,441,1976
43429,442,2030
43430,448,1973
43431,443,1880
43432,443,1748
43433,442,1595
43434,448,1491
43435,448,1553
43436,448,1673
43437,443,1853
43438,447,1976
43439,442,2029
43440,443,1973
43441,442,1881
43442,447,1747
43443,443,1595
43444,448,1489
43445,448,1555
43446,448,1675
43447,448,1854
43448,448,1974
43449,448,2029
43450,448,1972
43451,448,1879
43452,440,1747
43453,442,1596
43454,448,1491
43455,448,1555
43456,448,1675
43457,442,1861
43458,449,1976
43459,444,2030
43460,443,1973
43461,443,1879
43462,448,1746
43463,442,1595
43464,448,1491
43465,448,1555
43466,444,1673
43467,442,1854
43468,447,1975
43469,443,2028
43470,448,1971
43471,442,1879
43472,442,1745
43473,442,1595
43474,448,1490
43475,448,1554
43476,443,1675
43477,442,1855
43478,442,1977
43479,443,2029
43480,442,1971
43481,444,1877
43482,441,1747
43483,448,1595
43484,449,1490
43485,448,1555
43486,448,1677
43487,442,1855
43488,442,1976
43489,442,2027
43490,442,1971
43491,442,1876
43492,448,1747
43493,443,1588
43494,458,1487
43495,472,1545
43496,449,1651
43497,443,1836
43498,443,1965
43499,443,2028
43500,448,1965
43501,448,1882
43502,443,1754
43503,444,1611
43504,459,1487
43505,464,1547
43506,448,1689
43507,448,1863
43508,447,1977
43509,448,2029
43510,443,1972
43511,448,1879
43512,442,1741
43513,442,1595
43514,450,1490
43515,448,1555
43516,448,1679
43517,442,1855
43518,442,1978
43519,448,2030
43520,448,1971
43521,442,1877
43522,442,1741
43523,443,1593
43524,450,1491
43525,448,1555
43526,448,1677
43527,442,1855
43528,443,1977
43529,443,2028
43530,448,1971
43531,442,1879
43532,447,1743
43533,442,1593
43534,448,1489
43535,449,1553
43536,448,1678
43537,448,1877
43538,448,1967
43539,448,2027
43540,443,1974
43541,448,1891
43542,448,1753
43543,448,1609
43544,458,1491
43545,474,1547
43546,450,1652
43547,448,1839
43548,448,1966
43549,443,2027
43550,443,1965
43551,442,1875
43552,448,1741
43553,448,1589
43554,450,1491
43555,450,1554
43556,448,1681
43557,444,1863
43558,442,1977
43559,448,2027
43560,448,1970
43561,443,1875
43562,448,1740
43563,448,1592
43564,448,1490
43565,450,1555
43566,448,1679
43567,442,1863
43568,442,1978
43569,448,2027
43570,448,1967
43571,448,1871
43572,448,1741
43573,442,1591
43574,448,1490
43575,450,1557
43576,448,1683
43577,444,1863
43578,448,1979
43579,443,2023
43580,444,1973
43581,447,1885
43582,447,1752
43583,448,1605
43584,456,1491
43585,474,1547
43586,449,1657
43587,448,1843
43588,448,1968
43589,448,2027
43590,444,1974
43591,448,1884
43592,443,1741
43593,448,1583
43594,450,1492
43595,450,1557
43596,448,1683
43597,442,1864
43598,443,1979
43599,443,2027
43600,442,1967
43601,443,1869
43602,448,1741
43603,448,1590
43604,448,1490
43605,448,1559
43606,448,1683
43607,448,1865
43608,442,1977
43609,448,2025
43610,448,1968
43611,448,1869
43612,448,1740
43613,448,1568
43614,448,1491
43615,448,1557
43616,442,1687
43617,442,1867
43618,448,1980
43619,448,2027
43620,448,1967
43621,443,1870
43622,442,1739
43623,442,1587
43624,448,1491
43625,448,1558
43626,449,1687
43627,443,1868
43628,448,1979
43629,443,2028
43630,443,1967
43631,443,1868
43632,442,1737
43633,448,1588
43634,448,1491
43635,448,1560
43636,449,1687
43637,442,1869
43638,442,1979
43639,442,2027
43640,442,1967
43641,447,1868
43642,443,1737
43643,442,1588
43644,448,1491
43645,448,1559
43646,448,1689
43647,443,1867
43648,448,1980
43649,442,2027
43650,447,1967
43651,443,1865
43652,448,1738
43653,443,1587
43654,448,1491
43655,449,1559
43656,448,1688
43657,442,1869
43658,448,1981
43659,442,2028
43660,442,1967
43661,443,1869
43662,443,1737
43663,442,1588
43664,448,1493
43665,448,1559
43666,442,1689
43667,442,1870
43668,442,1980
43669,442,2027
43670,442,1967
43671,448,1867
43672,443,1736
43673,448,1587
43674,448,1493
43675,448,1559
43676,448,1691
43677,447,1869
43678,448,1980
43679,442,2024
43680,442,1971
43681,443,1881
43682,442,1750
43683,443,1597
43684,464,1489
43685,474,1547
43686,448,1662
43687,442,1849
43688,442,1971
43689,442,2027
43690,448,1971
43691,443,1882
43692,443,1725
43693,448,1583
43694,448,1493
43695,449,1559
43696,448,1691
43697,448,1869
43698,442,1982
43699,447,2025
43700,443,1966
43701,448,1869
43702,443,1736
43703,442,1587
43704,448,1491
43705,448,1559
43706,448,1691
43707,442,1869
43708,442,1981
43709,443,2027
43710,448,1965
43711,443,1867
43712,448,1737
43713,443,1583
43714,449,1491
43715,450,1557
43716,448,1691
43717,444,1869
43718,443,1980
43719,443,2026
43720,443,1965
43721,442,1865
43722,448,1735
43723,448,1583
43724,448,1493
43725,443,1559
43726,443,1691
43727,442,1869
43728,448,1981
43729,448,2027
43730,442,1965
43731,448,1867
43732,442,1736
43733,442,1583
43734,449,1492
43735,448,1559
43736,443,1692
43737,442,1871
43738,443,1983
43739,447,2027
43740,444,1967
43741,443,1865
43742,448,1735
43743,442,1582
43744,449,1492
43745,448,1560
43746,448,1693
43747,443,1871
43748,448,1983
43749,448,2027
43750,442,1965
43751,443,1865
43752,442,1735
43753,443,1581
43754,448,1491
43755,448,1559
43756,448,1693
43757,448,1871
43758,448,1982
43759,442,2025
43760,442,1965
43761,448,1866
43762,448,1735
43763,442,1581
43764,448,1493
43765,450,1560
43766,443,1694
43767,448,1875
43768,448,1981
43769,442,2027
43770,442,1964
43771,444,1866
43772,442,1735
43773,448,1582
43774,448,1493
43775,448,1561
43776,448,1695
43777,448,1874
43778,448,1983
43779,442,2022
43780,448,1968
43781,443,1877
43782,442,1743
43783,448,1593
43784,468,1489
43785,480,1548
43786,448,1672
43787,442,1853
43788,448,1973
43789,449,2027
43790,442,1966
43791,442,1878
43792,443,1724
43793,440,1580
43794,448,1493
43795,448,1560
43796,448,1695
43797,443,1875
43798,443,1983
43799,448,2025
43800,448,1964
43801,448,1863
43802,443,1727
43803,444,1580
43804,444,1493
43805,448,1561
43806,442,1699
43807,442,1875
43808,448,1989
43809,442,2025
43810,444,1965
43811,442,1861
43812,442,1733
43813,444,1580
43814,449,1493
43815,450,1561
43816,448,1699
43817,448,1876
43818,448,1983
43819,443,2024
43820,443,1963
43821,442,1863
43822,443,1735
43823,448,1581
43824,448,1491
43825,448,1560
43826,443,1701
43827,448,1877
43828,442,1983
43829,442,2025
43830,447,1965
43831,442,1855
43832,444,1735
43833,448,1579
43834,449,1492
43835,448,1561
43836,448,1701
43837,447,1875
43838,443,1983
43839,447,2024
43840,448,1963
43841,448,1863
43842,442,1733
43843,448,1579
43844,448,1493
43845,450,1561
43846,448,1701
43847,448,1879
43848,443,1989
43849,448,2025
43850,448,1963
43851,444,1863
43852,444,1727
43853,448,1579
43854,449,1493
43855,450,1561
43856,444,1700
43857,443,1879
43858,444,1983
43859,443,2026
43860,442,1964
43861,442,1856
43862,442,1735
43863,448,1579
43864,448,1493
43865,448,1561
43866,448,1702
43867,447,1878
43868,448,1989
43869,444,2025
43870,443,1963
43871,443,1855
43872,448,1727
43873,442,1578
43874,448,1494
43875,448,1562
43876,442,1701
43877,447,1879
43878,442,1989
43879,442,2021
43880,442,1966
43881,442,1873
43882,448,1741
43883,442,1591
43884,470,1491
43885,480,1553
43886,449,1676
43887,442,1861
43888,448,1973
43889,443,2025
43890,443,1965
43891,442,1871
43892,442,1719
43893,448,1577
43894,471,1489
43895,480,1555
43896,448,1653
43897,442,1860
43898,448,1977
43899,448,2025
43900,448,1965
43901,442,1869
43902,444,1739
43903,442,1591
43904,469,1487
43905,476,1555
43906,448,1718
43907,443,1881
43908,442,1989
43909,448,2025
43910,448,1963
43911,444,1855
43912,448,1726
43913,443,1576
43914,448,1493
43915,448,1561
43916,448,1703
43917,443,1880
43918,448,1989
43919,443,2024
43920,448,1963
43921,448,1853
43922,443,1725
43923,442,1575
43924,448,1493
43925,449,1563
43926,444,1704
43927,448,1880
43928,442,1989
43929,442,2024
43930,443,1963
43931,442,1853
43932,442,1726
43933,448,1575
43934,448,1493
43935,448,1562
43936,442,1707
43937,443,1881
43938,448,1990
43939,448,2024
43940,443,1961
43941,448,1851
43942,448,1724
43943,448,1577
43944,448,1494
43945,450,1563
43946,442,1707
43947,443,1882
43948,442,1991
43949,443,2025
43950,447,1963
43951,442,1851
43952,442,1725
43953,442,1575
43954,448,1493
43955,448,1563
43956,448,1708
43957,448,1881
43958,442,1990
43959,442,2023
43960,448,1963
43961,448,1851
43962,448,1724
43963,448,1575
43964,448,1494
43965,444,1563
43966,448,1709
43967,448,1883
43968,442,1991
43969,443,2024
43970,443,1961
43971,448,1851
43972,448,1723
43973,448,1574
43974,448,1495
43975,450,1563
43976,444,1708
43977,442,1881
43978,447,1991
43979,442,2024
43980,442,1962
43981,443,1851
43982,448,1723
43983,448,1573
43984,448,1493
43985,448,1563
43986,442,1707
43987,448,1883
43988,442,1991
43989,448,2023
43990,442,1961
43991,448,1851
43992,448,1721
43993,449,1575
43994,474,1489
43995,481,1557
43996,442,1687
43997,444,1863
43998,442,1977
43999,448,2025
44000,448,1951
44001,442,1868
44002,442,1735
44003,449,1583
44004,466,1487
44005,449,1571
44006,448,1715
44007,448,1885
44008,448,1991
44009,443,2023
44010,442,1961
44011,443,1850
44012,442,1722
44013,443,1574
44014,448,1493
44015,448,1563
44016,442,1709
44017,448,1881
44018,447,1991
44019,448,2023
44020,443,1961
44021,447,1850
44022,444,1723
44023,443,1574
44024,448,1495
44025,448,1564
44026,448,1710
44027,447,1885
44028,448,1991
44029,442,2023
44030,442,1963
44031,443,1850
44032,443,1721
44033,443,1573
44034,448,1493
44035,450,1564
44036,448,1710
44037,448,1912
44038,448,1981
44039,448,2025
44040,448,1965
44041,442,1865
44042,448,1736
44043,442,1585
44044,471,1490
44045,481,1557
44046,448,1688
44047,448,1867
44048,442,1977
44049,443,2025
44050,443,1959
44051,448,1845
44052,442,1720
44053,443,1569
44054,448,1493
44055,448,1564
44056,448,1717
44057,442,1885
44058,448,1992
44059,442,2023
44060,448,1961
44061,442,1849
44062,442,1721
44063,442,1571
44064,448,1495
44065,448,1563
44066,450,1715
44067,442,1885
44068,448,1993
44069,448,2023
44070,448,1961
44071,442,1847
44072,447,1721
44073,443,1571
44074,450,1495
44075,448,1563
44076,442,1717
44077,443,1885
44078,448,1991
44079,442,2019
44080,448,1961
44081,443,1865
44082,442,1733
44083,444,1581
44084,476,1491
44085,472,1559
44086,448,1691
44087,443,1867
44088,447,1980
44089,448,2024
44090,442,1962
44091,444,1863
44092,448,1725
44093,448,1561
44094,448,1495
44095,449,1565
44096,448,1717
44097,443,1885
44098,442,1992
44099,443,2021
44100,442,1960
44101,442,1845
44102,442,1721
44103,442,1567
44104,449,1495
44105,443,1565
44106,448,1717
44107,448,1885
44108,448,1992
44109,448,2021
44110,448,1960
44111,448,1847
44112,443,1719
44113,443,1553
44114,450,1495
44115,448,1566
44116,443,1719
44117,442,1891
44118,448,1993
44119,442,2023
44120,443,1960
44121,442,1845
44122,442,1720
44123,448,1567
44124,448,1497
44125,448,1567
44126,448,1719
44127,442,1890
44128,448,1993
44129,443,2023
44130,442,1960
44131,448,1845
44132,442,1719
44133,442,1567
44134,448,1495
44135,448,1565
44136,442,1719
44137,442,1891
44138,442,1993
44139,448,2023
44140,448,1959
44141,442,1843
44142,448,1719
44143,448,1567
44144,448,1495
44145,448,1565
44146,448,1721
44147,448,1891
44148,443,1993
44149,448,2022
44150,442,1959
44151,447,1845
44152,443,1719
44153,442,1566
44154,450,1495
44155,448,1565
44156,448,1720
44157,442,1891
44158,442,1993
44159,442,2023
44160,448,1959
44161,448,1843
44162,449,1719
44163,443,1566
44164,450,1495
44165,448,1567
44166,448,1721
44167,447,1893
44168,448,1995
44169,442,2020
44170,448,1959
44171,443,1839
44172,448,1718
44173,448,1565
44174,449,1495
44175,450,1565
44176,448,1721
44177,448,1892
44178,448,1995
44179,443,2020
44180,448,1960
44181,441,1861
44182,444,1725
44183,441,1576
44184,480,1491
44185,482,1559
44186,448,1696
44187,448,1873
44188,442,1981
44189,442,2021
44190,443,1963
44191,448,1855
44192,448,1710
44193,443,1560
44194,448,1496
44195,444,1567
44196,448,1723
44197,442,1893
44198,442,1995
44199,442,2021
44200,442,1957
44201,442,1839
44202,442,1717
44203,448,1565
44204,443,1495
44205,448,1567
44206,448,1723
44207,448,1892
44208,442,1995
44209,442,2023
44210,443,1959
44211,442,1839
44212,448,1717
44213,442,1565
44214,443,1495
44215,448,1567
44216,443,1724
44217,442,1891
44218,443,1995
44219,442,2021
44220,442,1959
44221,442,1839
44222,443,1717
44223,441,1565
44224,448,1495
44225,449,1566
44226,443,1725
44227,442,1893
44228,442,1995
44229,448,2020
44230,442,1957
44231,447,1840
44232,442,1716
44233,448,1563
44234,448,1495
44235,449,1567
44236,443,1725
44237,448,1891
44238,448,1993
44239,442,2021
44240,442,1959
44241,442,1839
44242,448,1717
44243,447,1565
44244,448,1495
44245,448,1566
44246,443,1725
44247,442,1893
44248,442,1995
44249,442,2021
44250,442,1959
44251,442,1839
44252,447,1717
44253,442,1563
44254,448,1496
44255,448,1567
44256,448,1725
44257,443,1893
44258,448,1994
44259,442,2020
44260,442,1958
44261,440,1839
44262,442,1717
44263,442,1564
44264,449,1496
44265,448,1567
44266,442,1724
44267,442,1895
44268,442,1997
44269,442,2019
44270,448,1957
44271,442,1838
44272,441,1716
44273,442,1563
44274,450,1496
44275,448,1565
44276,443,1727
44277,443,1895
44278,448,1996
44279,443,2015
44280,447,1960
44281,443,1852
44282,442,1723
44283,443,1575
44284,482,1491
44285,483,1561
44286,448,1705
44287,448,1875
44288,441,1989
44289,443,2023
44290,443,1961
44291,443,1851
44292,442,1709
44293,448,1560
44294,451,1499
44295,449,1571
44296,442,1735
44297,443,1895
44298,442,1995
44299,442,2020
44300,442,1959
44301,443,1836
44302,442,1715
44303,448,1564
44304,449,1497
44305,448,1567
44306,442,1733
44307,442,1896
44308,448,1995
44309,443,2019
44310,442,1957
44311,442,1835
44312,443,1711
44313,442,1563
44314,448,1497
44315,450,1565
44316,448,1727
44317,442,1895
44318,444,1995
44319,442,2019
44320,448,1957
44321,442,1837
44322,444,1711
44323,442,1563
44324,450,1495
44325,448,1571
44326,447,1727
44327,443,1895
44328,444,1997
44329,442,2019
44330,442,1957
44331,443,1837
44332,442,1711
44333,448,1563
44334,448,1499
44335,448,1571
44336,443,1735
44337,443,1896
44338,442,1997
44339,442,2019
44340,448,1958
44341,443,1833
44342,448,1711
44343,448,1561
44344,450,1498
44345,448,1572
44346,442,1735
44347,442,1897
44348,442,1996
44349,448,2019
44350,442,1957
44351,441,1836
44352,443,1711
44353,448,1560
44354,448,1496
44355,448,1571
44356,448,1736
44357,442,1896
44358,448,1995
44359,442,2020
44360,443,1956
44361,442,1835
44362,442,1711
44363,442,1562
44364,449,1497
44365,448,1567
44366,442,1736
44367,442,1898
44368,448,1995
44369,443,2019
44370,448,1957
44371,443,1835
44372,442,1709
44373,448,1559
44374,448,1499
44375,448,1572
44376,448,1737
44377,442,1897
44378,448,1996
44379,442,2018
44380,448,1958
44381,442,1849
44382,442,1721
44383,443,1571
44384,482,1493
44385,484,1562
44386,448,1709
44387,442,1881
44388,448,1983
44389,440,2020
44390,442,1959
44391,442,1848
44392,441,1704
44393,442,1557
44394,484,1493
44395,484,1561
44396,448,1709
44397,442,1881
44398,442,1989
44399,441,2021
44400,443,1959
44401,442,1847
44402,447,1721
44403,448,1571
44404,475,1494
44405,468,1565
44406,443,1755
44407,442,1901
44408,448,1996
44409,442,2019
44410,442,1955
44411,442,1833
44412,442,1708
44413,442,1559
44414,448,1499
44415,449,1571
44416,448,1740
44417,442,1898
44418,443,1997
44419,442,2015
44420,443,1956
44421,448,1833
44422,448,1708
44423,442,1558
44424,451,1500
44425,450,1572
44426,448,1741
44427,448,1901
44428,441,1997
44429,442,2015
44430,448,1951
44431,442,1831
44432,442,1707
44433,442,1557
44434,450,1501
44435,448,1572
44436,448,1743
44437,440,1901
44438,448,1999
44439,442,2013
44440,442,1955
44441,443,1831
44442,443,1707
44443,448,1558
44444,450,1499
44445,448,1571
44446,448,1741
44447,442,1901
44448,442,2002
44449,442,2013
44450,442,1955
44451,442,1831
44452,442,1707
44453,448,1557
44454,451,1501
44455,450,1575
44456,443,1743
44457,443,1901
44458,448,2001
44459,448,2014
44460,448,1955
44461,448,1831
44462,448,1708
44463,448,1557
44464,450,1501
44465,450,1574
44466,442,1743
44467,442,1902
44468,447,1999
44469,442,2014
44470,442,1957
44471,442,1829
44472,442,1707
44473,448,1555
44474,452,1501
44475,450,1575
44476,443,1747
44477,443,1900
44478,448,1999
44479,444,2014
44480,443,1955
44481,443,1829
44482,448,1707
44483,442,1556
44484,452,1499
44485,450,1573
44486,442,1747
44487,442,1901
44488,442,2003
44489,444,2013
44490,442,1955
44491,444,1829
44492,448,1707
44493,448,1553
44494,487,1493
44495,484,1564
44496,448,1717
44497,444,1883
44498,448,1989
44499,443,2019
44500,443,1946
44501,443,1835
44502,443,1716
44503,449,1565
44504,476,1493
44505,468,1565
44506,448,1757
44507,443,1902
44508,448,1999
44509,442,2013
44510,448,1951
44511,442,1829
44512,443,1705
44513,448,1555
44514,452,1502
44515,449,1574
44516,448,1749
44517,443,1901
44518,442,2002
44519,442,2017
44520,442,1951
44521,448,1828
44522,448,1705
44523,444,1555
44524,452,1502
44525,448,1573
44526,448,1748
44527,443,1903
44528,443,2001
44529,442,2015
44530,448,1955
44531,450,1805
44532,448,1710
44533,450,1563
44534,448,1492
44535,448,1556
44536,440,1737
44537,448,1893
44538,442,1993
44539,448,2027
44540,448,1957
44541,448,1820
44542,440,1698
44543,453,1563
44544,448,1496
44545,451,1559
44546,441,1727
44547,440,1889
44548,440,1992
44549,448,2029
44550,450,1943
44551,440,1837
44552,449,1709
44553,439,1561
44554,456,1483
44555,448,1560
44556,439,1711
44557,440,1896
44558,440,1991
44559,449,2034
44560,449,1971
44561,449,1837
44562,442,1699
44563,442,1553
44564,484,1511
44565,486,1565
44566,443,1723
44567,442,1887
44568,448,1993
44569,443,2019
44570,442,1957
44571,443,1837
44572,442,1716
44573,449,1564
44574,490,1495
44575,483,1565
44576,449,1721
44577,447,1913
44578,444,2005
44579,443,2001
44580,443,1957
44581,443,1837
44582,440,1715
44583,449,1563
44584,480,1493
44585,486,1566
44586,448,1723
44587,441,1891
44588,443,1993
44589,442,2019
44590,443,1955
44591,448,1837
44592,443,1703
44593,448,1544
44594,454,1506
44595,451,1577
44596,443,1753
44597,443,1903
44598,448,2001
44599,447,2009
44600,448,1947
44601,442,1819
44602,442,1703
44603,443,1548
44604,454,1503
44605,450,1577
44606,448,1752
44607,443,1906
44608,448,2003
44609,442,2012
44610,443,1947
44611,447,1821
44612,442,1701
44613,448,1527
44614,453,1509
44615,449,1580
44616,448,1756
44617,448,1909
44618,448,2005
44619,448,2011
44620,448,1951
44621,442,1821
44622,443,1699
44623,448,1548
44624,454,1507
44625,451,1577
44626,448,1757
44627,448,1909
44628,443,2004
44629,448,2010
44630,443,1951
44631,442,1820
44632,448,1700
44633,448,1547
44634,453,1507
44635,451,1577
44636,443,1757
44637,442,1909
44638,443,2006
44639,447,2011
44640,442,1950
44641,442,1819
44642,447,1700
44643,449,1547
44644,454,1508
44645,449,1578
44646,448,1757
44647,442,1909
44648,443,2005
44649,448,2011
44650,448,1949
44651,443,1818
44652,448,1695
44653,448,1548
44654,452,1507
44655,450,1578
44656,448,1757
44657,442,1910
44658,443,2004
44659,442,2011
44660,442,1949
44661,443,1819
44662,442,1695
44663,443,1548
44664,453,1507
44665,450,1579
44666,442,1758
44667,447,1911
44668,442,2005
44669,444,2009
44670,448,1949
44671,443,1817
44672,448,1694
44673,447,1545
44674,452,1505
44675,450,1579
44676,443,1759
44677,444,1908
44678,443,2005
44679,448,1999
44680,441,1951
44681,442,1832
44682,442,1707
44683,448,1559
44684,488,1495
44685,487,1567
44686,448,1733
44687,441,1895
44688,442,1994
44689,442,2015
44690,443,1951
44691,442,1833
44692,443,1688
44693,443,1545
44694,454,1510
44695,450,1578
44696,448,1759
44697,443,1911
44698,442,2005
44699,442,2009
44700,442,1948
44701,442,1820
44702,443,1693
44703,448,1546
44704,454,1509
44705,451,1579
44706,448,1759
44707,442,1910
44708,442,2004
44709,448,2009
44710,442,1947
44711,448,1819
44712,442,1694
44713,448,1546
44714,454,1509
44715,450,1579
44716,448,1763
44717,444,1911
44718,442,2005
44719,441,2008
44720,442,1947
44721,442,1818
44722,442,1694
44723,448,1544
44724,454,1509
44725,450,1579
44726,444,1763
44727,442,1912
44728,442,2005
44729,441,2008
44730,442,1947
44731,443,1817
44732,448,1691
44733,448,1545
44734,454,1509
44735,451,1580
44736,448,1763
44737,442,1912
44738,442,2005
44739,442,2009
44740,442,1946
44741,442,1817
44742,443,1691
44743,442,1544
44744,455,1511
44745,450,1579
44746,443,1764
44747,442,1912
44748,442,2007
44749,448,2008
44750,442,1945
44751,442,1816
44752,442,1692
44753,448,1543
44754,454,1510
44755,450,1580
44756,442,1763
44757,448,1913
44758,448,2007
44759,442,2007
44760,442,1945
44761,442,1817
44762,448,1690
44763,448,1544
44764,454,1509
44765,451,1581
44766,448,1766
44767,442,1913
44768,442,2007
44769,442,2009
44770,442,1947
44771,443,1815
44772,442,1691
44773,448,1543
44774,454,1511
44775,451,1580
44776,443,1767
44777,442,1913
44778,442,2007
44779,441,1998
44780,443,1949
44781,444,1827
44782,442,1705
44783,450,1555
44784,491,1499
44785,488,1567
44786,448,1741
44787,442,1900
44788,442,1997
44789,448,2011
44790,442,1949
44791,442,1828
44792,442,1682
44793,443,1543
44794,455,1513
44795,452,1581
44796,447,1768
44797,442,1915
44798,447,2009
44799,442,2007
44800,443,1944
44801,444,1813
44802,442,1689
44803,443,1533
44804,454,1512
44805,451,1582
44806,444,1768
44807,448,1915
44808,442,2008
44809,448,2006
44810,448,1944
44811,442,1813
44812,448,1687
44813,448,1541
44814,455,1512
44815,450,1586
44816,442,1769
44817,448,1915
44818,442,2008
44819,442,2007
44820,448,1943
44821,442,1813
44822,442,1687
44823,448,1533
44824,456,1513
44825,450,1583
44826,442,1771
44827,443,1916
44828,447,2008
44829,447,2007
44830,442,1944
44831,442,1811
44832,448,1685
44833,448,1533
44834,456,1513
44835,452,1583
44836,444,1770
44837,444,1916
44838,448,2009
44839,442,2007
44840,442,1943
44841,442,1811
44842,443,1684
44843,448,1532
44844,456,1512
44845,452,1583
44846,448,1771
44847,443,1915
44848,442,2009
44849,442,2005
44850,443,1944
44851,448,1809
44852,448,1683
44853,443,1533
44854,457,1513
44855,452,1587
44856,443,1771
44857,447,1916
44858,443,2009
44859,448,2006
44860,443,1943
44861,442,1807
44862,448,1685
44863,448,1529
44864,456,1513
44865,451,1583
44866,442,1774
44867,448,1916
44868,447,2009
44869,443,2005
44870,448,1943
44871,447,1807
44872,448,1683
44873,448,1532
44874,456,1513
44875,452,1587
44876,448,1774
44877,442,1917
44878,442,2009
44879,447,1996
44880,448,1947
44881,443,1819
44882,442,1701
44883,448,1547
44884,491,1503
44885,488,1575
44886,448,1752
44887,442,1911
44888,443,1999
44889,442,2008
44890,442,1947
44891,443,1821
44892,442,1662
44893,448,1529
44894,491,1502
44895,490,1576
44896,448,1753
44897,448,1903
44898,443,2003
44899,442,2009
44900,442,1948
44901,443,1817
44902,447,1694
44903,448,1547
44904,490,1503
44905,486,1575
44906,443,1787
44907,442,1919
44908,440,2011
44909,442,2003
44910,442,1943
44911,448,1806
44912,442,1679
44913,448,1529
44914,457,1514
44915,452,1587
44916,448,1775
44917,442,1917
44918,448,2009
44919,448,2003
44920,442,1941
44921,448,1803
44922,442,1677
44923,448,1527
44924,458,1514
44925,451,1589
44926,448,1776
44927,448,1919
44928,443,2012
44929,443,2003
44930,442,1943
44931,442,1805
44932,442,1679
44933,448,1528
44934,458,1515
44935,451,1587
44936,448,1775
44937,442,1919
44938,442,2010
44939,442,2003
44940,448,1941
44941,442,1804
44942,442,1679
44943,443,1528
44944,456,1515
44945,452,1589
44946,448,1781
44947,442,1926
44948,448,2011
44949,443,2002
44950,443,1941
44951,442,1803
44952,443,1677
44953,448,1526
44954,456,1515
44955,451,1589
44956,448,1780
44957,443,1926
44958,448,2012
44959,448,2002
44960,442,1940
44961,448,1801
44962,443,1675
44963,448,1527
44964,456,1515
44965,452,1592
44966,441,1783
44967,443,1927
44968,442,2011
44969,448,1999
44970,442,1942
44971,440,1801
44972,447,1675
44973,448,1526
44974,458,1515
44975,451,1592
44976,442,1781
44977,442,1926
44978,443,2011
44979,448,2003
44980,442,1940
44981,442,1801
44982,444,1674
44983,442,1525
44984,457,1517
44985,451,1591
44986,447,1783
44987,442,1928
44988,448,2012
44989,447,1999
44990,448,1939
44991,442,1801
44992,448,1669
44993,450,1526
44994,496,1506
44995,490,1579
44996,448,1763
44997,442,1909
44998,448,2005
44999,442,2006
45000,448,1914
45001,443,1816
45002,444,1688
45003,448,1543
45004,486,1508
45005,451,1606
45006,442,1787
45007,448,1927
45008,443,2013
45009,442,1997
45010,447,1939
45011,448,1800
45012,448,1672
45013,443,1525
45014,460,1517
45015,452,1592
45016,448,1783
45017,448,1928
45018,448,2013
45019,448,1998
45020,447,1939
45021,442,1799
45022,448,1671
45023,448,1524
45024,459,1519
45025,452,1593
45026,442,1785
45027,443,1927
45028,442,2013
45029,448,1997
45030,447,1937
45031,448,1799
45032,443,1672
45033,448,1525
45034,457,1517
45035,452,1593
45036,448,1787
45037,442,1929
45038,442,2013
45039,448,1999
45040,448,1935
45041,448,1798
45042,442,1670
45043,442,1522
45044,458,1517
45045,451,1593
45046,448,1787
45047,442,1929
45048,443,2013
45049,442,1997
45050,441,1938
45051,441,1799
45052,448,1669
45053,443,1523
45054,458,1520
45055,451,1595
45056,442,1786
45057,440,1931
45058,443,2015
45059,441,1999
45060,448,1935
45061,442,1799
45062,442,1663
45063,448,1511
45064,489,1519
45065,486,1581
45066,442,1769
45067,442,1913
45068,442,2007
45069,443,2004
45070,441,1942
45071,441,1809
45072,440,1684
45073,450,1530
45074,496,1510
45075,485,1583
45076,443,1771
45077,442,1939
45078,442,2019
45079,441,1996
45080,442,1934
45081,442,1810
45082,442,1683
45083,448,1531
45084,498,1511
45085,482,1583
45086,443,1770
45087,441,1915
45088,441,2008
45089,442,2003
45090,442,1943
45091,442,1804
45092,442,1663
45093,448,1512
45094,458,1524
45095,451,1599
45096,442,1791
45097,440,1933
45098,441,2015
45099,442,1996
45100,447,1933
45101,442,1789
45102,441,1660
45103,442,1519
45104,460,1523
45105,452,1599
45106,440,1791
45107,442,1931
45108,442,2018
45109,442,1997
45110,443,1933
45111,442,1790
45112,442,1659
45113,448,1501
45114,458,1525
45115,450,1599
45116,448,1798
45117,442,1933
45118,442,2019
45119,442,1996
45120,442,1931
45121,441,1788
45122,442,1658
45123,448,1517
45124,460,1523
45125,451,1599
45126,442,1799
45127,448,1933
45128,448,2020
45129,442,1996
45130,442,1933
45131,442,1787
45132,442,1657
45133,447,1516
45134,459,1523
45135,451,1605
45136,442,1799
45137,442,1935
45138,440,2019
45139,441,1995
45140,441,1931
45141,448,1787
45142,443,1656
45143,442,1516
45144,459,1525
45145,452,1605
45146,442,1799
45147,442,1935
45148,443,2019
45149,442,1993
45150,443,1930
45151,442,1786
45152,447,1655
45153,447,1515
45154,460,1525
45155,450,1605
45156,442,1800
45157,442,1935
45158,448,2019
45159,442,1995
45160,442,1929
45161,448,1787
45162,442,1655
45163,448,1515
45164,460,1523
45165,450,1606
45166,442,1799
45167,443,1934
45168,443,2020
45169,442,1993
45170,443,1929
45171,444,1785
45172,448,1655
45173,448,1514
45174,460,1525
45175,451,1608
45176,443,1803
45177,442,1935
45178,441,2019
45179,442,1992
45180,442,1931
45181,443,1800
45182,442,1673
45183,448,1526
45184,498,1515
45185,487,1590
45186,448,1779
45187,442,1919
45188,442,2011
45189,440,1997
45190,448,1939
45191,442,1799
45192,443,1643
45193,448,1508
45194,460,1527
45195,450,1608
45196,442,1802
45197,441,1937
45198,448,2021
45199,443,1994
45200,442,1919
45201,442,1783
45202,442,1651
45203,442,1513
45204,459,1527
45205,451,1609
45206,442,1803
45207,442,1938
45208,442,2020
45209,448,1994
45210,440,1927
45211,442,1785
45212,442,1651
45213,448,1513
45214,459,1527
45215,450,1609
45216,443,1804
45217,442,1939
45218,443,2021
45219,448,1993
45220,442,1929
45221,448,1783
45222,442,1647
45223,448,1512
45224,459,1527
45225,450,1611
45226,442,1805
45227,448,1939
45228,447,2021
45229,442,1993
45230,447,1927
45231,443,1781
45232,448,1647
45233,448,1511
45234,460,1527
45235,450,1613
45236,442,1805
45237,443,1939
45238,447,2020
45239,448,1991
45240,443,1927
45241,442,1783
45242,442,1647
45243,448,1511
45244,460,1527
45245,450,1611
45246,442,1806
45247,448,1940
45248,448,2023
45249,448,1992
45250,443,1925
45251,442,1783
45252,448,1645
45253,448,1511
45254,463,1527
45255,450,1612
45256,443,1807
45257,442,1939
45258,444,2021
45259,443,1992
45260,447,1925
45261,441,1781
45262,442,1645
45263,448,1510
45264,463,1528
45265,452,1612
45266,448,1811
45267,442,1941
45268,442,2023
45269,448,1992
45270,443,1919
45271,448,1781
45272,444,1645
45273,448,1509
45274,463,1528
45275,448,1614
45276,442,1811
45277,443,1943
45278,443,2023
45279,448,1991
45280,443,1919
45281,443,1790
45282,448,1661
45283,450,1517
45284,500,1517
45285,490,1595
45286,448,1787
45287,447,1927
45288,442,2013
45289,442,1996
45290,442,1931
45291,442,1789
45292,442,1639
45293,448,1505
45294,460,1530
45295,450,1618
45296,448,1813
45297,442,1942
45298,443,2023
45299,441,1991
45300,442,1917
45301,443,1780
45302,442,1641
45303,448,1508
45304,464,1530
45305,450,1615
45306,444,1813
45307,447,1943
45308,448,2023
45309,448,1991
45310,448,1917
45311,448,1779
45312,443,1641
45313,448,1509
45314,463,1529
45315,450,1617
45316,442,1811
45317,448,1943
45318,442,2023
45319,448,1991
45320,448,1917
45321,448,1781
45322,442,1641
45323,448,1507
45324,463,1529
45325,450,1619
45326,442,1813
45327,441,1944
45328,444,2023
45329,440,1991
45330,442,1915
45331,443,1779
45332,448,1641
45333,448,1503
45334,464,1529
45335,450,1619
45336,442,1814
45337,442,1945
45338,442,2023
45339,443,1989
45340,443,1915
45341,442,1779
45342,442,1639
45343,448,1503
45344,464,1530
45345,449,1621
45346,442,1816
45347,448,1946
45348,447,2026
45349,442,1991
45350,442,1914
45351,442,1775
45352,442,1640
45353,448,1503
45354,464,1529
45355,449,1621
45356,442,1815
45357,447,1945
45358,448,2023
45359,442,1988
45360,442,1915
45361,442,1775
45362,442,1640
45363,448,1506
45364,464,1531
45365,450,1621
45366,443,1816
45367,448,1945
45368,448,2026
45369,442,1989
45370,443,1915
45371,442,1775
45372,442,1639
45373,448,1502
45374,464,1531
45375,448,1623
45376,443,1816
45377,442,1947
45378,442,2025
45379,442,1983
45380,448,1915
45381,448,1784
45382,443,1651
45383,452,1512
45384,500,1523
45385,487,1607
45386,443,1800
45387,449,1932
45388,447,2017
45389,442,1993
45390,442,1928
45391,442,1783
45392,443,1625
45393,467,1499
45394,501,1523
45395,488,1605
45396,443,1801
45397,442,1932
45398,442,2015
45399,441,1993
45400,443,1927
45401,442,1783
45402,443,1647
45403,465,1513
45404,499,1525
45405,487,1607
45406,441,1831
45407,442,1951
45408,440,2026
45409,442,1983
45410,442,1911
45411,443,1773
45412,442,1634
45413,448,1501
45414,464,1531
45415,450,1627
45416,442,1820
45417,442,1949
45418,442,2026
45419,442,1984
45420,442,1911
45421,443,1773
45422,448,1631
45423,448,1500
45424,464,1533
45425,448,1626
45426,442,1822
45427,447,1951
45428,442,2027
45429,448,1984
45430,442,1910
45431,442,1771
45432,442,1630
45433,443,1500
45434,464,1533
45435,448,1628
45436,442,1820
45437,448,1951
45438,448,2028
45439,442,1983
45440,442,1910
45441,447,1771
45442,443,1628
45443,448,1501
45444,464,1541
45445,450,1628
45446,442,1822
45447,442,1951
45448,442,2027
45449,448,1983
45450,442,1908
45451,448,1771
45452,442,1629
45453,448,1499
45454,464,1543
45455,448,1630
45456,441,1823
45457,444,1951
45458,448,2027
45459,443,1983
45460,442,1908
45461,448,1771
45462,443,1629
45463,448,1497
45464,466,1534
45465,450,1630
45466,442,1826
45467,442,1955
45468,442,2027
45469,441,1983
45470,442,1908
45471,442,1770
45472,448,1627
45473,442,1498
45474,464,1533
45475,448,1634
45476,442,1827
45477,442,1957
45478,443,2027
45479,442,1981
45480,448,1908
45481,443,1770
45482,442,1627
45483,448,1496
45484,464,1543
45485,442,1635
45486,442,1823
45487,442,1955
45488,443,2027
45489,448,1981
45490,442,1903
45491,443,1767
45492,448,1627
45493,474,1491
45494,500,1525
45495,486,1612
45496,443,1805
45497,443,1939
45498,443,2020
45499,443,1983
45500,447,1893
45501,442,1771
45502,448,1641
45503,471,1508
45504,498,1528
45505,474,1613
45506,443,1834
45507,442,1959
45508,443,2027
45509,440,1981
45510,443,1903
45511,441,1769
45512,442,1625
45513,448,1497
45514,466,1542
45515,450,1634
45516,442,1829
45517,443,1957
45518,447,2029
45519,440,1981
45520,442,1903
45521,442,1768
45522,447,1623
45523,449,1497
45524,466,1544
45525,448,1635
45526,442,1829
45527,442,1958
45528,442,2029
45529,443,1982
45530,448,1903
45531,441,1769
45532,442,1623
45533,448,1497
45534,467,1543
45535,448,1636
45536,448,1830
45537,442,1957
45538,442,2029
45539,442,1981
45540,448,1902
45541,440,1766
45542,443,1623
45543,448,1495
45544,466,1543
45545,448,1637
45546,443,1830
45547,442,1959
45548,448,2027
45549,443,1980
45550,442,1903
45551,448,1767
45552,448,1624
45553,448,1495
45554,466,1544
45555,448,1637
45556,442,1831
45557,442,1959
45558,443,2028
45559,442,1979
45560,448,1901
45561,442,1767
45562,440,1621
45563,453,1491
45564,502,1541
45565,486,1619
45566,443,1814
45567,443,1944
45568,442,2023
45569,448,1983
45570,443,1913
45571,443,1775
45572,442,1635
45573,474,1501
45574,503,1527
45575,475,1621
45576,442,1849
45577,442,1961
45578,442,2029
45579,443,1973
45580,442,1909
45581,442,1771
45582,443,1635
45583,476,1501
45584,490,1529
45585,486,1623
45586,442,1817
45587,443,1945
45588,448,2023
45589,442,1983
45590,442,1913
45591,442,1773
45592,442,1619
45593,451,1493
45594,468,1546
45595,443,1645
45596,442,1834
45597,442,1961
45598,442,2031
45599,442,1979
45600,440,1893
45601,442,1763
45602,440,1620
45603,449,1493
45604,467,1547
45605,448,1644
45606,442,1835
45607,443,1963
45608,448,2030
45609,447,1978
45610,442,1897
45611,442,1762
45612,442,1619
45613,456,1490
45614,466,1547
45615,448,1647
45616,442,1837
45617,448,1965
45618,442,2029
45619,442,1977
45620,442,1896
45621,442,1759
45622,440,1614
45623,450,1495
45624,465,1547
45625,448,1647
45626,442,1839
45627,448,1965
45628,442,2031
45629,443,1976
45630,443,1896
45631,441,1762
45632,443,1615
45633,450,1492
45634,467,1547
45635,448,1651
45636,442,1837
45637,442,1966
45638,448,2027
45639,447,1977
45640,442,1895
45641,443,1757
45642,448,1613
45643,450,1493
45644,466,1547
45645,448,1652
45646,442,1838
45647,442,1966
45648,443,2028
45649,448,1976
45650,448,1895
45651,442,1758
45652,440,1611
45653,451,1493
45654,467,1548
45655,448,1653
45656,441,1839
45657,442,1967
45658,442,2028
45659,448,1976
45660,442,1895
45661,444,1756
45662,442,1613
45663,450,1493
45664,468,1547
45665,448,1652
45666,443,1839
45667,448,1966
45668,442,2029
45669,443,1976
45670,443,1893
45671,443,1757
45672,442,1613
45673,451,1492
45674,466,1547
45675,448,1653
45676,442,1843
45677,448,1967
45678,442,2029
45679,442,1967
45680,442,1903
45681,442,1767
45682,448,1627
45683,483,1497
45684,502,1533
45685,486,1625
45686,443,1821
45687,443,1952
45688,448,2025
45689,442,1979
45690,442,1903
45691,448,1767
45692,448,1605
45693,451,1492
45694,468,1548
45695,443,1655
45696,442,1843
45697,443,1967
45698,448,2028
45699,448,1976
45700,442,1891
45701,448,1757
45702,442,1610
45703,452,1491
45704,466,1548
45705,442,1654
45706,442,1840
45707,443,1967
45708,443,2029
45709,443,1975
45710,448,1891
45711,448,1755
45712,448,1611
45713,453,1491
45714,467,1549
45715,444,1657
45716,442,1844
45717,448,1968
45718,448,2029
45719,442,1975
45720,442,1890
45721,443,1754
45722,442,1609
45723,451,1491
45724,468,1549
45725,448,1655
45726,442,1845
45727,447,1967
45728,442,2029
45729,442,1976
45730,443,1886
45731,442,1753
45732,441,1607
45733,454,1491
45734,468,1549
45735,448,1656
45736,442,1846
45737,443,1971
45738,442,2029
45739,442,1976
45740,442,1887
45741,442,1754
45742,447,1607
45743,454,1491
45744,468,1551
45745,448,1657
45746,442,1848
45747,443,1971
45748,444,2029
45749,442,1975
45750,448,1885
45751,442,1755
45752,443,1608
45753,454,1491
45754,466,1550
45755,448,1658
45756,448,1848
45757,442,1972
45758,442,2029
45759,443,1975
45760,447,1885
45761,447,1753
45762,448,1607
45763,455,1489
45764,466,1553
45765,448,1659
45766,442,1849
45767,442,1971
45768,448,2029
45769,443,1975
45770,442,1885
45771,442,1752
45772,442,1607
45773,455,1491
45774,468,1553
45775,448,1661
45776,440,1848
45777,442,1971
45778,443,2029
45779,440,1969
45780,442,1896
45781,443,1763
45782,442,1618
45783,487,1494
45784,503,1544
45785,481,1639
45786,443,1831
45787,442,1959
45788,443,2027
45789,443,1979
45790,442,1896
45791,442,1763
45792,448,1595
45793,456,1490
45794,467,1550
45795,448,1669
45796,442,1850
45797,442,1973
45798,443,2031
45799,442,1972
45800,442,1877
45801,442,1749
45802,442,1605
45803,456,1491
45804,467,1554
45805,448,1669
45806,447,1849
45807,443,1972
45808,443,2029
45809,441,1973
45810,442,1883
45811,442,1751
45812,443,1599
45813,455,1493
45814,467,1555
45815,448,1670
45816,442,1850
45817,441,1973
45818,442,2029
45819,442,1974
45820,448,1880
45821,444,1751
45822,442,1597
45823,456,1491
45824,470,1554
45825,448,1669
45826,443,1851
45827,448,1974
45828,443,2028
45829,443,1971
45830,443,1881
45831,442,1749
45832,443,1597
45833,456,1491
45834,468,1555
45835,448,1671
45836,443,1852
45837,442,1973
45838,441,2028
45839,442,1973
45840,442,1879
45841,442,1749
45842,442,1598
45843,456,1491
45844,469,1555
45845,448,1673
45846,442,1855
45847,443,1975
45848,442,2027
45849,441,1972
45850,443,1880
45851,443,1749
45852,442,1597
45853,458,1492
45854,468,1555
45855,444,1673
45856,443,1853
45857,442,1975
45858,442,2027
45859,442,1967
45860,443,1880
45861,448,1747
45862,447,1595
45863,458,1491
45864,470,1555
45865,448,1673
45866,447,1855
45867,442,1976
45868,442,2027
45869,442,1971
45870,443,1879
45871,448,1748
45872,443,1596
45873,458,1492
45874,470,1555
45875,450,1677
45876,448,1853
45877,443,1977
45878,442,2029
45879,447,1963
45880,442,1889
45881,442,1755
45882,442,1612
45883,492,1491
45884,505,1547
45885,480,1647
45886,448,1839
45887,442,1965
45888,443,2028
45889,448,1975
45890,441,1890
45891,448,1757
45892,448,1587
45893,492,1491
45894,504,1547
45895,476,1652
45896,443,1839
45897,442,1963
45898,442,2027
45899,442,1973
45900,443,1891
45901,442,1753
45902,443,1608
45903,492,1487
45904,502,1547
45905,473,1655
45906,442,1871
45907,448,1977
45908,442,2027
45909,442,1971
45910,443,1876
45911,442,1742
45912,443,1593
45913,460,1491
45914,469,1555
45915,448,1679
45916,443,1861
45917,447,1975
45918,442,2025
45919,442,1968
45920,442,1875
45921,442,1741
45922,442,1591
45923,464,1491
45924,468,1557
45925,448,1682
45926,442,1863
45927,442,1977
45928,444,2027
45929,448,1967
45930,442,1874
45931,442,1741
45932,443,1591
45933,464,1491
45934,470,1555
45935,448,1681
45936,442,1865
45937,447,1977
45938,447,2027
45939,442,1967
45940,442,1873
45941,443,1741
45942,442,1592
45943,464,1492
45944,471,1556
45945,448,1683
45946,442,1864
45947,442,1979
45948,447,2025
45949,442,1966
45950,443,1873
45951,443,1740
45952,447,1590
45953,464,1490
45954,468,1557
45955,443,1683
45956,443,1867
45957,442,1977
45958,442,2026
45959,448,1967
45960,443,1871
45961,442,1739
45962,448,1590
45963,464,1491
45964,468,1559
45965,449,1685
45966,443,1865
45967,443,1977
45968,442,2026
45969,442,1965
45970,443,1871
45971,442,1741
45972,448,1589
45973,466,1491
45974,471,1559
45975,448,1686
45976,447,1867
45977,442,1981
45978,448,2027
45979,441,1967
45980,442,1869
45981,443,1739
45982,448,1588
45983,466,1491
45984,469,1557
45985,448,1687
45986,442,1867
45987,442,1981
45988,443,2026
45989,440,1965
45990,442,1868
45991,442,1739
45992,447,1583
45993,499,1491
45994,506,1549
45995,473,1663
45996,448,1849
45997,442,1971
45998,443,2027
45999,441,1972
46000,441,1837
46001,441,1751
46002,448,1597
46003,498,1489
46004,499,1551
46005,448,1708
46006,442,1870
46007,442,1981
46008,443,2026
46009,443,1966
46010,442,1865
46011,448,1737
46012,448,1587
46013,465,1491
46014,470,1559
46015,448,1690
46016,442,1869
46017,443,1980
46018,441,2027
46019,442,1967
46020,441,1866
46021,442,1737
46022,448,1587
46023,464,1495
46024,470,1559
46025,448,1693
46026,442,1871
46027,448,1981
46028,443,2027
46029,448,1965
46030,442,1865
46031,442,1737
46032,443,1583
46033,466,1492
46034,470,1559
46035,448,1693
46036,442,1871
46037,442,1981
46038,444,2027
46039,442,1964
46040,442,1864
46041,442,1735
46042,443,1584
46043,466,1493
46044,470,1560
46045,448,1695
46046,442,1875
46047,442,1981
46048,442,2025
46049,440,1965
46050,442,1863
46051,442,1736
46052,442,1583
46053,466,1494
46054,470,1561
46055,448,1695
46056,442,1875
46057,442,1981
46058,443,2025
46059,442,1965
46060,442,1864
46061,442,1736
46062,442,1581
46063,468,1496
46064,501,1560
46065,468,1672
46066,442,1854
46067,441,1973
46068,442,2035
46069,442,1967
46070,443,1875
46071,442,1743
46072,443,1593
46073,501,1487
46074,514,1551
46075,467,1675
46076,442,1855
46077,441,1991
46078,442,2023
46079,442,1961
46080,442,1863
46081,442,1743
46082,448,1593
46083,492,1487
46084,515,1553
46085,465,1675
46086,448,1855
46087,447,1974
46088,442,2027
46089,448,1966
46090,442,1874
46091,442,1740
46092,448,1580
46093,470,1495
46094,472,1562
46095,449,1703
46096,447,1877
46097,448,1983
46098,442,2023
46099,442,1962
46100,442,1855
46101,443,1727
46102,442,1579
46103,467,1493
46104,472,1561
46105,448,1703
46106,442,1878
46107,442,1983
46108,442,2023
46109,442,1963
46110,440,1861
46111,448,1727
46112,442,1579
46113,471,1500
46114,470,1565
46115,449,1707
46116,441,1879
46117,441,1989
46118,442,2025
46119,442,1964
46120,443,1853
46121,442,1725
46122,448,1576
46123,467,1494
46124,472,1562
46125,448,1706
46126,440,1879
46127,444,1991
46128,443,2023
46129,442,1962
46130,442,1852
46131,442,1724
46132,442,1577
46133,470,1495
46134,471,1561
46135,448,1707
46136,448,1881
46137,442,1990
46138,442,2024
46139,442,1961
46140,442,1853
46141,443,1724
46142,447,1575
46143,468,1495
46144,470,1563
46145,448,1707
46146,447,1881
46147,442,1991
46148,443,2023
46149,442,1963
46150,442,1851
46151,443,1723
46152,443,1575
46153,468,1493
46154,471,1565
46155,448,1711
46156,442,1881
46157,442,1989
46158,443,2023
46159,443,1961
46160,442,1850
46161,442,1723
46162,443,1573
46163,470,1496
46164,472,1563
46165,448,1707
46166,443,1881
46167,442,1991
46168,443,2022
46169,442,1961
46170,443,1839
46171,448,1735
46172,440,1581
46173,472,1497
46174,468,1553
46175,442,1705
46176,448,1869
46177,448,1965
46178,440,2023
46179,441,1950
46180,442,1864
46181,448,1723
46182,439,1589
46183,470,1496
46184,474,1564
46185,449,1700
46186,441,1866
46187,442,1981
46188,448,2013
46189,440,1956
46190,440,1860
46191,440,1725
46192,442,1591
46193,470,1487
46194,468,1557
46195,442,1689
46196,448,1870
46197,448,1983
46198,441,2025
46199,448,1957
46200,442,1861
46201,450,1719
46202,448,1561
46203,504,1489
46204,515,1559
46205,468,1689
46206,442,1869
46207,443,1979
46208,448,2023
46209,442,1963
46210,442,1863
46211,443,1735
46212,448,1583
46213,500,1491
46214,516,1559
46215,442,1737
46216,443,1881
46217,441,1992
46218,441,2022
46219,441,1960
46220,440,1847
46221,440,1721
46222,443,1572
46223,472,1495
46224,473,1565
46225,443,1717
46226,443,1886
46227,448,1992
46228,443,2023
46229,442,1959
46230,441,1847
46231,443,1721
46232,448,1571
46233,471,1495
46234,472,1564
46235,448,1719
46236,443,1887
46237,442,1993
46238,443,2023
46239,443,1960
46240,448,1840
46241,448,1718
46242,448,1567
46243,471,1494
46244,472,1567
46245,448,1720
46246,441,1891
46247,442,1993
46248,443,2022
46249,442,1959
46250,442,1844
46251,448,1719
46252,448,1567
46253,472,1496
46254,472,1566
46255,448,1722
46256,443,1887
46257,442,1993
46258,442,2021
46259,440,1959
46260,448,1843
46261,448,1715
46262,448,1565
46263,472,1497
46264,472,1567
46265,450,1721
46266,448,1891
46267,447,1994
46268,448,2019
46269,443,1959
46270,443,1843
46271,442,1717
46272,448,1566
46273,473,1496
46274,470,1567
46275,444,1723
46276,442,1891
46277,443,1994
46278,448,2019
46279,442,1959
46280,448,1839
46281,443,1717
46282,442,1565
46283,472,1497
46284,472,1571
46285,448,1725
46286,442,1892
46287,442,1994
46288,442,2021
46289,442,1959
46290,442,1839
46291,442,1717
46292,442,1564
46293,474,1497
46294,472,1571
46295,448,1727
46296,448,1891
46297,442,1996
46298,448,2019
46299,447,1959
46300,442,1838
46301,442,1716
46302,448,1555
46303,515,1491
46304,506,1561
46305,464,1701
46306,442,1877
46307,440,1982
46308,442,2022
46309,442,1959
46310,442,1851
46311,443,1725
46312,449,1573
46313,500,1493
46314,516,1561
46315,448,1742
46316,442,1897
46317,443,1996
46318,442,2019
46319,447,1957
46320,442,1836
46321,442,1715
46322,448,1563
46323,474,1498
46324,472,1571
46325,442,1735
46326,443,1895
46327,443,1995
46328,442,2019
46329,442,1957
46330,442,1835
46331,448,1711
46332,448,1561
46333,475,1498
46334,472,1567
46335,447,1737
46336,440,1895
46337,442,1997
46338,440,2019
46339,441,1957
46340,440,1835
46341,442,1711
46342,448,1559
46343,472,1499
46344,474,1568
46345,448,1737
46346,442,1896
46347,442,1996
46348,442,2019
46349,442,1955
46350,442,1835
46351,443,1710
46352,448,1559
46353,475,1499
46354,472,1571
46355,448,1739
46356,442,1897
46357,448,1995
46358,448,2015
46359,442,1952
46360,442,1833
46361,442,1709
46362,448,1560
46363,476,1500
46364,472,1572
46365,448,1739
46366,448,1899
46367,448,1998
46368,442,2019
46369,441,1957
46370,449,1832
46371,443,1707
46372,448,1559
46373,474,1500
46374,472,1571
46375,442,1739
46376,447,1899
46377,442,1998
46378,448,2013
46379,442,1956
46380,448,1833
46381,442,1707
46382,448,1558
46383,476,1499
46384,472,1573
46385,442,1741
46386,442,1899
46387,442,1997
46388,442,2019
46389,448,1951
46390,442,1845
46391,443,1718
46392,449,1567
46393,518,1493
46394,516,1563
46395,455,1715
46396,438,1883
46397,442,1991
46398,442,2019
46399,443,1957
46400,442,1843
46401,442,1719
46402,448,1547
46403,476,1501
46404,474,1575
46405,448,1747
46406,442,1903
46407,448,2002
46408,442,2013
46409,442,1951
46410,442,1828
46411,442,1706
46412,448,1556
46413,475,1501
46414,474,1575
46415,448,1746
46416,441,1903
46417,442,1999
46418,442,2013
46419,443,1951
46420,443,1828
46421,442,1704
46422,448,1554
46423,475,1505
46424,474,1576
46425,444,1749
46426,448,1903
46427,442,1999
46428,442,2013
46429,442,1951
46430,441,1823
46431,448,1705
46432,448,1553
46433,480,1503
46434,474,1575
46435,442,1748
46436,442,1903
46437,444,2001
46438,444,2011
46439,444,1951
46440,442,1823
46441,443,1703
46442,448,1553
46443,480,1502
46444,474,1575
46445,447,1749
46446,448,1903
46447,442,2002
46448,442,2011
46449,448,1949
46450,448,1823
46451,448,1702
46452,448,1553
46453,476,1503
46454,474,1576
46455,448,1752
46456,442,1903
46457,443,2002
46458,447,2011
46459,442,1951
46460,442,1823
46461,448,1703
46462,448,1551
46463,479,1507
46464,474,1577
46465,448,1751
46466,448,1907
46467,443,2003
46468,448,2011
46469,448,1949
46470,442,1823
46471,443,1701
46472,448,1551
46473,475,1507
46474,474,1576
46475,448,1753
46476,443,1909
46477,448,2003
46478,442,2011
46479,448,1949
46480,447,1819
46481,442,1700
46482,443,1549
46483,476,1507
46484,474,1576
46485,448,1754
46486,442,1909
46487,447,2003
46488,443,2010
46489,448,1946
46490,443,1837
46491,442,1709
46492,450,1561
46493,520,1493
46494,516,1566
46495,453,1725
46496,443,1891
46497,442,1994
46498,442,2015
46499,442,1951
46500,442,1805
46501,443,1703
46502,448,1545
46503,480,1509
46504,474,1579
46505,448,1756
46506,448,1909
46507,442,2003
46508,442,2008
46509,442,1949
46510,442,1819
46511,443,1700
46512,448,1547
46513,480,1507
46514,474,1577
46515,442,1756
46516,441,1909
46517,440,2003
46518,443,2011
46519,440,1949
46520,442,1817
46521,442,1700
46522,448,1546
46523,479,1508
46524,475,1579
46525,448,1755
46526,447,1911
46527,442,2005
46528,442,2009
46529,443,1947
46530,448,1817
46531,442,1699
46532,443,1547
46533,480,1508
46534,474,1579
46535,447,1757
46536,448,1913
46537,441,2005
46538,442,2008
46539,443,1945
46540,448,1817
46541,442,1696
46542,448,1545
46543,480,1508
46544,475,1580
46545,444,1758
46546,443,1912
46547,442,2005
46548,448,2009
46549,448,1947
46550,448,1815
46551,442,1693
46552,448,1544
46553,480,1509
46554,474,1579
46555,448,1758
46556,448,1913
46557,448,2005
46558,442,2007
46559,443,1948
46560,443,1815
46561,442,1693
46562,448,1545
46563,476,1518
46564,516,1577
46565,452,1737
46566,442,1897
46567,442,1997
46568,443,2013
46569,448,1951
46570,442,1828
46571,443,1705
46572,453,1555
46573,523,1499
46574,519,1567
46575,450,1740
46576,448,1928
46577,442,2007
46578,442,2007
46579,443,1933
46580,442,1823
46581,448,1705
46582,455,1554
46583,523,1500
46584,502,1571
46585,452,1742
46586,443,1899
46587,442,1996
46588,442,2012
46589,442,1951
46590,442,1824
46591,443,1705
46592,448,1541
46593,480,1515
46594,474,1583
46595,443,1769
46596,442,1915
46597,442,2007
46598,442,2007
46599,442,1945
46600,442,1804
46601,443,1685
46602,448,1543
46603,480,1512
46604,473,1581
46605,448,1769
46606,443,1916
46607,442,2007
46608,443,2007
46609,448,1943
46610,442,1812
46611,442,1687
46612,449,1533
46613,480,1525
46614,474,1588
46615,448,1773
46616,448,1915
46617,444,2007
46618,442,2005
46619,448,1944
46620,448,1811
46621,448,1687
46622,448,1533
46623,482,1513
46624,476,1583
46625,448,1771
46626,448,1914
46627,441,2009
46628,447,2004
46629,448,1943
46630,442,1807
46631,443,1685
46632,448,1533
46633,480,1513
46634,474,1587
46635,448,1771
46636,443,1917
46637,448,2010
46638,442,2005
46639,443,1943
46640,443,1809
46641,448,1684
46642,448,1531
46643,481,1514
46644,474,1587
46645,448,1773
46646,448,1919
46647,448,2009
46648,442,2003
46649,448,1942
46650,448,1806
46651,442,1684
46652,449,1532
46653,483,1514
46654,474,1588
46655,448,1774
46656,448,1919
46657,444,2009
46658,448,2004
46659,448,1941
46660,442,1805
46661,448,1682
46662,442,1531
46663,482,1515
46664,475,1589
46665,448,1775
46666,448,1919
46667,443,2010
46668,443,2003
46669,448,1941
46670,449,1804
46671,448,1679
46672,448,1529
46673,482,1515
46674,474,1589
46675,448,1774
46676,442,1919
46677,448,2010
46678,448,2003
46679,443,1927
46680,448,1815
46681,443,1695
46682,464,1545
46683,524,1501
46684,519,1575
46685,450,1750
46686,448,1903
46687,442,2002
46688,443,2007
46689,448,1947
46690,442,1816
46691,443,1699
46692,450,1525
46693,482,1517
46694,474,1591
46695,448,1775
46696,442,1917
46697,448,2010
46698,447,1999
46699,443,1939
46700,444,1803
46701,448,1679
46702,448,1527
46703,483,1515
46704,474,1589
46705,442,1780
46706,448,1926
46707,443,2012
46708,442,2003
46709,442,1941
46710,442,1803
46711,448,1677
46712,448,1527
46713,482,1515
46714,474,1592
46715,444,1779
46716,447,1919
46717,448,2011
46718,442,2003
46719,442,1941
46720,442,1803
46721,448,1677
46722,448,1527
46723,482,1516
46724,476,1591
46725,448,1779
46726,443,1925
46727,448,2012
46728,448,2001
46729,442,1941
46730,442,1802
46731,443,1675
46732,443,1527
46733,482,1516
46734,474,1591
46735,448,1781
46736,444,1927
46737,442,2011
46738,442,1999
46739,443,1939
46740,442,1801
46741,442,1673
46742,448,1527
46743,483,1517
46744,474,1593
46745,449,1781
46746,442,1927
46747,447,2011
46748,443,2001
46749,444,1938
46750,442,1799
46751,448,1674
46752,448,1525
46753,482,1519
46754,475,1592
46755,448,1783
46756,442,1927
46757,440,2010
46758,441,1997
46759,447,1938
46760,442,1799
46761,442,1673
46762,448,1525
46763,482,1518
46764,472,1593
46765,444,1784
46766,443,1927
46767,442,2012
46768,448,1997
46769,447,1938
46770,441,1798
46771,442,1671
46772,448,1525
46773,484,1519
46774,474,1595
46775,442,1785
46776,442,1928
46777,448,2013
46778,441,2001
46779,448,1926
46780,442,1809
46781,444,1687
46782,466,1543
46783,524,1511
46784,519,1581
46785,448,1763
46786,442,1913
46787,442,2007
46788,442,2004
46789,442,1943
46790,443,1811
46791,448,1687
46792,448,1517
46793,484,1523
46794,474,1597
46795,448,1787
46796,442,1929
46797,442,2013
46798,442,1997
46799,442,1935
46800,440,1789
46801,441,1661
46802,449,1519
46803,483,1523
46804,474,1597
46805,442,1789
46806,442,1931
46807,447,2013
46808,448,1998
46809,442,1934
46810,442,1797
46811,442,1669
46812,450,1519
46813,482,1523
46814,475,1596
46815,448,1789
46816,448,1930
46817,448,2014
46818,442,1996
46819,448,1932
46820,442,1791
46821,442,1663
46822,447,1520
46823,482,1524
46824,474,1596
46825,443,1789
46826,442,1931
46827,443,2015
46828,442,1995
46829,443,1933
46830,444,1791
46831,442,1660
46832,448,1519
46833,483,1523
46834,474,1597
46835,442,1791
46836,442,1931
46837,442,2013
46838,442,1995
46839,444,1931
46840,448,1789
46841,442,1659
46842,448,1519
46843,483,1523
46844,474,1599
46845,443,1797
46846,442,1933
46847,442,2019
46848,447,1995
46849,442,1932
46850,448,1789
46851,443,1657
46852,448,1518
46853,483,1524
46854,473,1604
46855,442,1797
46856,442,1935
46857,442,2013
46858,444,1995
46859,442,1931
46860,448,1789
46861,448,1659
46862,448,1517
46863,483,1525
46864,474,1605
46865,442,1799
46866,443,1931
46867,442,2015
46868,441,1993
46869,442,1930
46870,443,1787
46871,448,1658
46872,448,1517
46873,482,1525
46874,474,1606
46875,448,1799
46876,440,1934
46877,440,2020
46878,442,1997
46879,442,1913
46880,442,1803
46881,442,1677
46882,470,1529
46883,527,1513
46884,518,1587
46885,449,1773
46886,442,1918
46887,448,2009
46888,443,2001
46889,451,1939
46890,442,1801
46891,442,1677
46892,452,1508
46893,520,1525
46894,518,1588
46895,448,1778
46896,442,1919
46897,443,2007
46898,442,1998
46899,442,1884
46900,442,1801
46901,448,1673
46902,474,1525
46903,529,1513
46904,516,1589
46905,448,1779
46906,442,1943
46907,442,2019
46908,442,1993
46909,442,1929
46910,440,1787
46911,443,1655
46912,448,1515
46913,486,1526
46914,473,1605
46915,448,1801
46916,440,1935
46917,440,2019
46918,442,1995
46919,442,1929
46920,442,1786
46921,442,1654
46922,448,1514
46923,484,1526
46924,472,1607
46925,442,1801
46926,440,1934
46927,440,2021
46928,443,1993
46929,442,1927
46930,442,1785
46931,442,1653
46932,450,1513
46933,484,1525
46934,474,1607
46935,448,1802
46936,448,1939
46937,442,2020
46938,442,1993
46939,447,1927
46940,442,1784
46941,443,1648
46942,444,1513
46943,484,1527
46944,472,1609
46945,448,1803
46946,442,1935
46947,448,2019
46948,442,1993
46949,442,1927
46950,443,1784
46951,442,1651
46952,450,1513
46953,486,1525
46954,474,1609
46955,444,1804
46956,441,1939
46957,442,2019
46958,442,1993
46959,448,1925
46960,442,1783
46961,442,1651
46962,448,1511
46963,485,1527
46964,472,1610
46965,448,1805
46966,440,1939
46967,443,2021
46968,443,1992
46969,442,1925
46970,442,1785
46971,442,1648
46972,450,1513
46973,484,1529
46974,472,1612
46975,442,1806
46976,442,1939
46977,440,2023
46978,442,1992
46979,442,1919
46980,443,1782
46981,448,1646
46982,451,1512
46983,486,1527
46984,471,1611
46985,448,1806
46986,442,1941
46987,447,2020
46988,447,1992
46989,442,1919
46990,442,1783
46991,448,1645
46992,454,1509
46993,524,1528
46994,519,1592
46995,448,1785
46996,442,1928
46997,442,2011
46998,442,1997
46999,443,1933
47000,442,1762
47001,443,1662
47002,482,1518
47003,529,1518
47004,504,1595
47005,443,1819
47006,442,1943
47007,443,2020
47008,443,1991
47009,442,1919
47010,442,1781
47011,442,1645
47012,452,1509
47013,486,1529
47014,473,1613
47015,443,1811
47016,442,1941
47017,442,2021
47018,448,1992
47019,442,1918
47020,442,1781
47021,442,1643
47022,451,1509
47023,486,1529
47024,472,1615
47025,443,1812
47026,447,1941
47027,442,2023
47028,442,1990
47029,442,1917
47030,442,1780
47031,443,1642
47032,454,1509
47033,484,1530
47034,472,1618
47035,443,1813
47036,442,1943
47037,443,2023
47038,447,1990
47039,442,1917
47040,443,1779
47041,442,1641
47042,454,1507
47043,486,1528
47044,472,1618
47045,442,1813
47046,440,1944
47047,442,2021
47048,442,1990
47049,442,1916
47050,442,1776
47051,447,1641
47052,454,1508
47053,486,1529
47054,471,1621
47055,443,1813
47056,442,1944
47057,442,2023
47058,447,1989
47059,442,1917
47060,442,1775
47061,442,1641
47062,453,1507
47063,485,1545
47064,501,1620
47065,448,1791
47066,442,1931
47067,441,2015
47068,442,1995
47069,443,1929
47070,442,1785
47071,444,1657
47072,474,1515
47073,529,1523
47074,518,1598
47075,443,1798
47076,448,1930
47077,442,2027
47078,448,1983
47079,442,1908
47080,442,1777
47081,443,1656
47082,487,1513
47083,519,1524
47084,519,1598
47085,448,1799
47086,443,1931
47087,448,2013
47088,442,1993
47089,448,1928
47090,448,1785
47091,448,1654
47092,475,1506
47093,486,1543
47094,470,1623
47095,442,1817
47096,443,1947
47097,442,2025
47098,443,1989
47099,443,1913
47100,442,1774
47101,448,1639
47102,458,1503
47103,486,1533
47104,470,1625
47105,448,1818
47106,443,1947
47107,442,2024
47108,442,1983
47109,448,1911
47110,447,1771
47111,442,1636
47112,456,1502
47113,486,1549
47114,470,1627
47115,447,1820
47116,448,1948
47117,448,2025
47118,448,1983
47119,442,1911
47120,443,1772
47121,442,1634
47122,459,1500
47123,487,1533
47124,471,1625
47125,443,1819
47126,442,1949
47127,448,2025
47128,448,1987
47129,448,1912
47130,443,1771
47131,448,1633
47132,460,1500
47133,487,1532
47134,471,1627
47135,448,1820
47136,442,1951
47137,448,2026
47138,442,1989
47139,442,1911
47140,442,1771
47141,447,1631
47142,460,1499
47143,487,1541
47144,468,1627
47145,444,1821
47146,447,1951
47147,442,2025
47148,442,1982
47149,442,1909
47150,440,1771
47151,443,1630
47152,460,1500
47153,487,1534
47154,470,1627
47155,448,1821
47156,448,1955
47157,443,2025
47158,442,1982
47159,448,1909
47160,443,1771
47161,448,1629
47162,460,1499
47163,487,1541
47164,468,1629
47165,443,1821
47166,442,1952
47167,444,2027
47168,442,1981
47169,442,1909
47170,442,1770
47171,442,1628
47172,464,1498
47173,487,1541
47174,470,1629
47175,448,1822
47176,442,1955
47177,442,2028
47178,448,1981
47179,442,1903
47180,443,1771
47181,448,1645
47182,492,1509
47183,519,1527
47184,519,1609
47185,449,1807
47186,442,1939
47187,442,2015
47188,442,1990
47189,442,1917
47190,443,1781
47191,448,1643
47192,466,1493
47193,487,1543
47194,468,1635
47195,442,1824
47196,442,1955
47197,443,2027
47198,442,1980
47199,444,1903
47200,448,1764
47201,442,1626
47202,464,1499
47203,487,1543
47204,469,1634
47205,448,1823
47206,442,1955
47207,442,2025
47208,447,1979
47209,448,1907
47210,440,1769
47211,448,1625
47212,464,1498
47213,489,1541
47214,468,1637
47215,448,1827
47216,442,1958
47217,440,2027
47218,442,1980
47219,443,1903
47220,442,1768
47221,448,1627
47222,464,1499
47223,487,1543
47224,468,1639
47225,442,1829
47226,442,1959
47227,442,2027
47228,448,1979
47229,442,1903
47230,442,1767
47231,442,1625
47232,466,1496
47233,487,1543
47234,468,1637
47235,448,1829
47236,448,1959
47237,443,2027
47238,442,1979
47239,442,1902
47240,442,1766
47241,443,1622
47242,467,1495
47243,489,1542
47244,467,1639
47245,448,1831
47246,443,1959
47247,443,2028
47248,443,1979
47249,443,1902
47250,442,1765
47251,448,1622
47252,468,1495
47253,487,1545
47254,466,1640
47255,448,1830
47256,442,1960
47257,442,2028
47258,442,1979
47259,442,1899
47260,448,1765
47261,448,1622
47262,467,1495
47263,488,1543
47264,466,1640
47265,442,1829
47266,448,1958
47267,443,2027
47268,448,1979
47269,443,1900
47270,442,1765
47271,443,1620
47272,466,1495
47273,488,1543
47274,468,1639
47275,443,1833
47276,444,1959
47277,442,2028
47278,442,1977
47279,442,1897
47280,443,1765
47281,448,1637
47282,498,1501
47283,520,1529
47284,515,1619
47285,448,1814
47286,442,1945
47287,443,2021
47288,442,1983
47289,443,1911
47290,443,1773
47291,448,1635
47292,470,1493
47293,489,1546
47294,466,1644
47295,443,1833
47296,443,1961
47297,442,2029
47298,442,1978
47299,442,1898
47300,441,1763
47301,448,1619
47302,470,1495
47303,488,1544
47304,467,1642
47305,448,1835
47306,448,1961
47307,442,2029
47308,442,1978
47309,448,1897
47310,442,1764
47311,442,1618
47312,470,1495
47313,488,1547
47314,467,1643
47315,443,1836
47316,443,1963
47317,444,2029
47318,448,1979
47319,443,1897
47320,448,1763
47321,448,1619
47322,470,1493
47323,488,1547
47324,466,1643
47325,443,1837
47326,443,1962
47327,447,2029
47328,443,1978
47329,441,1897
47330,442,1763
47331,448,1619
47332,470,1492
47333,488,1545
47334,467,1645
47335,447,1835
47336,442,1964
47337,442,2027
47338,443,1977
47339,443,1896
47340,442,1762
47341,448,1615
47342,470,1493
47343,488,1546
47344,466,1647
47345,441,1837
47346,442,1964
47347,448,2029
47348,442,1977
47349,442,1895
47350,448,1758
47351,448,1613
47352,472,1493
47353,488,1547
47354,465,1651
47355,448,1839
47356,442,1967
47357,448,2029
47358,448,1977
47359,442,1894
47360,448,1757
47361,448,1613
47362,472,1493
47363,490,1547
47364,467,1651
47365,448,1837
47366,448,1964
47367,448,2029
47368,443,1975
47369,448,1892
47370,442,1757
47371,448,1613
47372,473,1493
47373,490,1548
47374,466,1651
47375,448,1837
47376,443,1965
47377,448,2029
47378,448,1975
47379,448,1887
47380,443,1757
47381,448,1627
47382,506,1496
47383,520,1541
47384,514,1627
47385,443,1821
47386,443,1951
47387,442,2023
47388,447,1980
47389,442,1903
47390,443,1768
47391,443,1625
47392,476,1491
47393,528,1551
47394,514,1629
47395,448,1822
47396,442,1955
47397,443,2023
47398,448,1979
47399,448,1903
47400,443,1768
47401,443,1625
47402,506,1496
47403,530,1532
47404,498,1631
47405,448,1829
47406,442,1975
47407,442,2029
47408,448,1975
47409,442,1887
47410,447,1757
47411,448,1609
47412,476,1493
47413,490,1549
47414,466,1656
47415,442,1843
47416,442,1967
47417,444,2028
47418,442,1975
47419,448,1890
47420,442,1756
47421,448,1610
47422,475,1487
47423,490,1549
47424,464,1656
47425,443,1845
47426,442,1967
47427,442,2028
47428,442,1976
47429,442,1889
47430,447,1753
47431,448,1608
47432,476,1492
47433,490,1549
47434,464,1657
47435,448,1845
47436,448,1971
47437,442,2029
47438,447,1974
47439,443,1885
47440,444,1753
47441,443,1608
47442,476,1491
47443,490,1551
47444,464,1659
47445,447,1845
47446,442,1971
47447,448,2029
47448,443,1973
47449,442,1885
47450,442,1753
47451,442,1606
47452,475,1491
47453,491,1551
47454,460,1659
47455,448,1848
47456,444,1971
47457,447,2029
47458,442,1973
47459,443,1885
47460,442,1753
47461,448,1607
47462,480,1491
47463,491,1551
47464,460,1659
47465,443,1847
47466,448,1972
47467,442,2029
47468,448,1972
47469,442,1887
47470,442,1753
47471,448,1607
47472,476,1491
47473,490,1553
47474,460,1662
47475,444,1847
47476,448,1968
47477,442,2030
47478,442,1972
47479,448,1884
47480,447,1751
47481,443,1605
47482,480,1491
47483,490,1551
47484,460,1661
47485,443,1848
47486,442,1972
47487,448,2029
47488,447,1973
47489,444,1885
47490,443,1749
47491,448,1599
47492,481,1491
47493,531,1556
47494,504,1637
47495,448,1831
47496,442,1957
47497,442,2025
47498,448,1976
47499,443,1897
47500,443,1739
47501,448,1609
47502,500,1493
47503,535,1543
47504,502,1641
47505,448,1832
47506,448,1975
47507,448,2028
47508,442,1972
47509,448,1883
47510,447,1749
47511,448,1605
47512,482,1491
47513,491,1550
47514,463,1669
47515,448,1845
47516,442,1972
47517,444,2028
47518,442,1971
47519,443,1883
47520,442,1749
47521,447,1605
47522,482,1491
47523,492,1553
47524,464,1671
47525,441,1848
47526,448,1975
47527,448,2029
47528,443,1971
47529,442,1881
47530,442,1748
47531,443,1604
47532,482,1491
47533,490,1554
47534,460,1669
47535,442,1849
47536,442,1975
47537,448,2030
47538,448,1971
47539,448,1883
47540,448,1749
47541,448,1599
47542,482,1491
47543,492,1554
47544,460,1673
47545,441,1851
47546,442,1975
47547,448,2029
47548,443,1971
47549,441,1883
47550,448,1749
47551,448,1599
47552,483,1491
47553,492,1553
47554,459,1673
47555,442,1851
47556,444,1975
47557,448,2029
47558,448,1971
47559,442,1883
47560,448,1748
47561,448,1597
47562,482,1491
47563,490,1561
47564,494,1663
47565,448,1835
47566,442,1964
47567,448,2027
47568,442,1976
47569,442,1893
47570,443,1757
47571,448,1613
47572,516,1491
47573,534,1546
47574,504,1645
47575,442,1837
47576,448,1982
47577,448,2027
47578,442,1972
47579,442,1853
47580,448,1753
47581,443,1611
47582,520,1491
47583,532,1547
47584,486,1647
47585,448,1836
47586,442,1963
47587,448,2027
47588,443,1975
47589,443,1891
47590,442,1757
47591,448,1611
47592,489,1491
47593,492,1557
47594,458,1678
47595,443,1861
47596,443,1975
47597,448,2027
47598,448,1967
47599,444,1877
47600,448,1738
47601,449,1593
47602,485,1491
47603,493,1555
47604,459,1677
47605,448,1855
47606,448,1976
47607,442,2026
47608,442,1971
47609,448,1875
47610,443,1745
47611,448,1595
47612,484,1492
47613,492,1565
47614,456,1685
47615,448,1863
47616,448,1977
47617,442,2027
47618,448,1967
47619,448,1875
47620,448,1741
47621,448,1592
47622,486,1491
47623,492,1557
47624,458,1681
47625,448,1863
47626,442,1977
47627,448,2027
47628,448,1967
47629,448,1874
47630,448,1741
47631,449,1589
47632,486,1491
47633,491,1557
47634,458,1682
47635,448,1865
47636,442,1977
47637,443,2027
47638,443,1967
47639,448,1874
47640,442,1741
47641,443,1591
47642,486,1493
47643,492,1557
47644,456,1683
47645,443,1867
47646,448,1979
47647,448,2028
47648,447,1967
47649,442,1871
47650,442,1740
47651,448,1591
47652,486,1492
47653,492,1559
47654,455,1685
47655,448,1865
47656,448,1979
47657,443,2027
47658,448,1967
47659,442,1873
47660,442,1741
47661,443,1589
47662,484,1491
47663,491,1559
47664,456,1687
47665,447,1867
47666,442,1979
47667,448,2028
47668,442,1967
47669,442,1870
47670,448,1738
47671,448,1591
47672,487,1491
47673,492,1559
47674,456,1685
47675,448,1867
47676,448,1979
47677,441,2025
47678,442,1965
47679,442,1847
47680,448,1749
47681,449,1605
47682,524,1487
47683,537,1549
47684,498,1659
47685,448,1843
47686,443,1970
47687,443,2027
47688,442,1971
47689,447,1883
47690,443,1751
47691,450,1605
47692,488,1493
47693,493,1558
47694,455,1687
47695,442,1867
47696,444,1979
47697,442,2026
47698,442,1965
47699,442,1867
47700,442,1737
47701,448,1588
47702,486,1491
47703,492,1559
47704,455,1689
47705,447,1867
47706,443,1980
47707,442,2025
47708,447,1965
47709,443,1867
47710,448,1736
47711,448,1587
47712,486,1492
47713,492,1559
47714,454,1689
47715,442,1870
47716,442,1979
47717,442,2025
47718,442,1965
47719,443,1867
47720,442,1737
47721,443,1587
47722,488,1492
47723,493,1559
47724,453,1691
47725,443,1869
47726,443,1979
47727,448,2025
47728,442,1965
47729,448,1867
47730,442,1737
47731,448,1587
47732,486,1491
47733,494,1560
47734,454,1692
47735,443,1869
47736,442,1980
47737,442,2025
47738,448,1966
47739,442,1865
47740,444,1735
47741,448,1584
47742,487,1491
47743,492,1557
47744,452,1695
47745,448,1869
47746,442,1981
47747,442,2025
47748,442,1964
47749,442,1866
47750,442,1735
47751,448,1583
47752,488,1493
47753,492,1560
47754,451,1695
47755,442,1870
47756,442,1981
47757,447,2025
47758,442,1964
47759,442,1865
47760,442,1735
47761,448,1583
47762,488,1492
47763,493,1560
47764,452,1694
47765,447,1875
47766,447,1982
47767,443,2025
47768,442,1966
47769,447,1865
47770,443,1728
47771,448,1581
47772,490,1491
47773,494,1561
47774,451,1694
47775,442,1875
47776,443,1982
47777,447,2025
47778,442,1965
47779,440,1838
47780,442,1741
47781,448,1594
47782,530,1489
47783,536,1553
47784,493,1674
47785,443,1852
47786,441,1973
47787,442,2025
47788,442,1965
47789,442,1875
47790,442,1742
47791,449,1593
47792,492,1493
47793,494,1561
47794,451,1701
47795,440,1875
47796,442,1983
47797,442,2025
47798,442,1963
47799,442,1855
47800,448,1724
47801,448,1579
47802,491,1494
47803,493,1561
47804,451,1703
47805,443,1877
47806,443,1989
47807,442,2025
47808,442,1963
47809,448,1847
47810,440,1753
47811,444,1581
47812,487,1493
47813,497,1541
47814,459,1677
47815,443,1874
47816,452,1975
47817,450,2024
47818,440,1949
47819,452,1855
47820,448,1740
47821,440,1587
47822,489,1493
47823,492,1561
47824,454,1669
47825,441,1875
47826,448,1995
47827,442,2025
47828,442,1975
47829,443,1864
47830,440,1741
47831,440,1599
47832,487,1509
47833,496,1565
47834,455,1684
47835,442,1863
47836,448,1973
47837,442,2030
47838,448,1965
47839,442,1880
47840,442,1721
47841,448,1575
47842,492,1494
47843,494,1564
47844,451,1705
47845,442,1881
47846,442,1983
47847,442,2025
47848,442,1963
47849,442,1854
47850,442,1726
47851,442,1575
47852,492,1493
47853,492,1564
47854,449,1704
47855,448,1880
47856,447,1988
47857,442,2023
47858,442,1961
47859,443,1852
47860,442,1725
47861,448,1575
47862,492,1494
47863,494,1563
47864,450,1705
47865,442,1882
47866,442,1989
47867,442,2023
47868,442,1961
47869,443,1850
47870,443,1723
47871,442,1575
47872,492,1493
47873,496,1564
47874,448,1705
47875,442,1881
47876,442,1989
47877,442,2023
47878,442,1962
47879,442,1830
47880,442,1736
47881,450,1587
47882,534,1491
47883,537,1557
47884,490,1685
47885,443,1863
47886,443,1976
47887,442,2025
47888,442,1964
47889,442,1866
47890,447,1736
47891,449,1587
47892,497,1496
47893,533,1564
47894,490,1686
47895,448,1866
47896,443,1979
47897,442,2024
47898,442,1963
47899,442,1865
47900,442,1735
47901,448,1583
47902,534,1492
47903,538,1556
47904,488,1709
47905,443,1868
47906,442,1994
47907,442,2021
47908,440,1960
47909,440,1847
47910,443,1723
47911,442,1573
47912,493,1495
47913,496,1563
47914,448,1711
47915,441,1883
47916,443,1989
47917,443,2023
47918,442,1961
47919,442,1847
47920,441,1722
47921,442,1573
47922,492,1494
47923,497,1563
47924,442,1715
47925,442,1886
47926,442,1989
47927,442,2023
47928,443,1960
47929,442,1847
47930,442,1721
47931,448,1572
47932,492,1495
47933,493,1565
47934,448,1717
47935,442,1885
47936,442,1992
47937,442,2023
47938,442,1960
47939,442,1847
47940,442,1721
47941,442,1572
47942,493,1494
47943,496,1563
47944,448,1717
47945,442,1885
47946,442,1991
47947,443,2021
47948,442,1959
47949,442,1845
47950,442,1720
47951,443,1567
47952,496,1494
47953,496,1565
47954,449,1717
47955,442,1887
47956,442,1993
47957,444,2021
47958,442,1959
47959,442,1845
47960,442,1719
47961,442,1566
47962,494,1496
47963,496,1567
47964,448,1719
47965,440,1890
47966,442,1993
47967,442,2021
47968,442,1959
47969,442,1844
47970,442,1719
47971,442,1568
47972,498,1497
47973,494,1567
47974,450,1720
47975,448,1891
47976,443,1993
47977,447,2021
47978,442,1959
47979,442,1843
47980,448,1719
47981,448,1567
47982,496,1495
47983,494,1567
47984,448,1722
47985,442,1887
47986,441,1993
47987,442,2021
47988,442,1959
47989,442,1843
47990,442,1718
47991,448,1567
47992,496,1495
47993,534,1567
47994,487,1693
47995,448,1875
47996,443,1981
47997,442,2024
47998,444,1960
47999,442,1854
48000,442,1693
48001,456,1576
48002,538,1491
48003,538,1559
48004,476,1701
48005,441,1902
48006,442,1994
48007,442,2019
48008,442,1957
48009,442,1839
48010,442,1717
48011,448,1566
48012,496,1497
48013,493,1567
48014,449,1725
48015,442,1892
48016,448,1993
48017,442,2021
48018,442,1958
48019,442,1839
48020,441,1715
48021,443,1566
48022,498,1495
48023,494,1567
48024,444,1725
48025,442,1892
48026,442,1993
48027,442,2021
48028,440,1959
48029,440,1839
48030,442,1715
48031,448,1564
48032,498,1497
48033,496,1567
48034,448,1725
48035,442,1893
48036,442,1995
48037,441,2021
48038,442,1956
48039,442,1838
48040,442,1715
48041,443,1562
48042,498,1497
48043,494,1571
48044,447,1727
48045,442,1895
48046,442,1995
48047,442,2020
48048,442,1956
48049,441,1837
48050,443,1711
48051,448,1563
48052,498,1497
48053,498,1567
48054,448,1727
48055,443,1897
48056,440,1997
48057,440,2019
48058,440,1957
48059,442,1837
48060,440,1711
48061,449,1562
48062,498,1496
48063,496,1579
48064,468,1733
48065,442,1879
48066,441,1983
48067,443,2021
48068,440,1960
48069,441,1851
48070,442,1723
48071,454,1575
48072,531,1493
48073,538,1561
48074,484,1703
48075,448,1881
48076,443,1983
48077,442,2011
48078,442,1955
48079,442,1827
48080,441,1711
48081,463,1573
48082,536,1493
48083,530,1563
48084,484,1708
48085,442,1881
48086,442,1984
48087,442,2021
48088,443,1959
48089,442,1847
48090,442,1722
48091,455,1571
48092,522,1497
48093,498,1575
48094,443,1740
48095,442,1901
48096,442,1997
48097,443,2018
48098,443,1956
48099,440,1834
48100,443,1708
48101,448,1559
48102,499,1498
48103,498,1573
48104,449,1737
48105,442,1899
48106,442,1997
48107,442,2015
48108,442,1955
48109,442,1831
48110,441,1709
48111,448,1559
48112,500,1499
48113,494,1587
48114,448,1743
48115,444,1899
48116,442,1997
48117,443,2013
48118,442,1952
48119,441,1829
48120,448,1709
48121,448,1559
48122,500,1499
48123,498,1572
48124,443,1740
48125,448,1899
48126,442,1997
48127,447,2014
48128,443,1955
48129,442,1831
48130,442,1706
48131,448,1555
48132,500,1499
48133,498,1571
48134,448,1742
48135,448,1900
48136,448,1997
48137,442,2013
48138,440,1953
48139,442,1829
48140,442,1707
48141,448,1555
48142,500,1501
48143,498,1573
48144,449,1743
48145,441,1901
48146,448,1999
48147,442,2014
48148,442,1951
48149,442,1829
48150,442,1707
48151,448,1556
48152,500,1501
48153,498,1573
48154,448,1746
48155,442,1901
48156,442,1999
48157,441,2013
48158,448,1955
48159,442,1827
48160,442,1707
48161,448,1555
48162,500,1501
48163,498,1575
48164,448,1747
48165,447,1901
48166,442,1998
48167,448,2010
48168,442,1951
48169,448,1827
48170,442,1707
48171,448,1555
48172,499,1503
48173,499,1576
48174,448,1747
48175,442,1901
48176,442,1998
48177,447,2013
48178,442,1951
48179,443,1819
48180,442,1707
48181,468,1564
48182,540,1495
48183,530,1565
48184,481,1717
48185,443,1887
48186,443,1992
48187,442,2019
48188,442,1956
48189,442,1839
48190,443,1717
48191,464,1563
48192,500,1509
48193,499,1577
48194,448,1751
48195,442,1907
48196,441,1998
48197,442,2013
48198,442,1951
48199,440,1823
48200,442,1699
48201,448,1550
48202,500,1506
48203,498,1576
48204,448,1749
48205,443,1903
48206,442,2003
48207,442,2011
48208,442,1951
48209,442,1823
48210,442,1703
48211,448,1548
48212,501,1503
48213,498,1575
48214,448,1751
48215,442,1907
48216,442,2003
48217,442,2011
48218,442,1949
48219,442,1823
48220,440,1701
48221,448,1549
48222,500,1506
48223,499,1575
48224,448,1749
48225,442,1903
48226,442,2003
48227,440,2009
48228,448,1951
48229,448,1822
48230,442,1700
48231,448,1549
48232,500,1508
48233,500,1577
48234,443,1753
48235,443,1907
48236,442,2005
48237,442,2011
48238,448,1951
48239,442,1820
48240,442,1701
48241,448,1553
48242,500,1507
48243,498,1577
48244,443,1755
48245,441,1909
48246,442,2005
48247,442,2011
48248,440,1949
48249,448,1820
48250,442,1700
48251,449,1549
48252,501,1507
48253,498,1579
48254,443,1755
48255,442,1911
48256,442,2005
48257,442,2010
48258,444,1951
48259,442,1820
48260,442,1699
48261,448,1547
48262,503,1507
48263,496,1578
48264,443,1756
48265,442,1909
48266,442,2006
48267,441,2009
48268,442,1947
48269,442,1819
48270,442,1699
48271,448,1546
48272,501,1507
48273,498,1579
48274,448,1756
48275,442,1909
48276,440,2003
48277,442,2010
48278,448,1947
48279,442,1817
48280,443,1695
48281,472,1559
48282,545,1497
48283,530,1567
48284,476,1727
48285,442,1895
48286,442,1995
48287,448,2012
48288,440,1951
48289,441,1831
48290,443,1707
48291,472,1557
48292,503,1512
48293,499,1583
48294,442,1763
48295,442,1912
48296,442,2004
48297,442,2008
48298,442,1947
48299,442,1815
48300,443,1694
48301,448,1546
48302,502,1509
48303,499,1579
48304,448,1758
48305,442,1911
48306,441,2007
48307,441,2008
48308,442,1947
48309,442,1816
48310,442,1695
48311,450,1545
48312,503,1509
48313,500,1579
48314,448,1763
48315,442,1912
48316,442,2005
48317,442,2007
48318,442,1947
48319,443,1815
48320,441,1693
48321,443,1545
48322,502,1511
48323,499,1581
48324,448,1764
48325,441,1913
48326,441,2007
48327,442,2009
48328,442,1947
48329,440,1816
48330,443,1692
48331,444,1544
48332,503,1511
48333,498,1582
48334,441,1765
48335,442,1912
48336,442,2007
48337,448,2008
48338,442,1947
48339,442,1816
48340,442,1692
48341,450,1543
48342,503,1511
48343,498,1583
48344,443,1765
48345,441,1915
48346,442,2007
48347,442,2008
48348,441,1947
48349,440,1813
48350,442,1691
48351,450,1542
48352,502,1511
48353,498,1583
48354,443,1766
48355,441,1915
48356,441,2007
48357,442,2007
48358,442,1945
48359,442,1813
48360,440,1690
48361,448,1542
48362,502,1511
48363,498,1583
48364,442,1767
48365,440,1917
48366,442,2008
48367,442,2007
48368,441,1945
48369,440,1813
48370,441,1689
48371,448,1533
48372,502,1512
48373,498,1586
48374,442,1768
48375,443,1915
48376,442,2007
48377,442,2005
48378,440,1945
48379,442,1809
48380,442,1689
48381,480,1554
48382,546,1501
48383,531,1573
48384,470,1745
48385,440,1903
48386,441,1998
48387,443,2010
48388,442,1951
48389,441,1823
48390,442,1703
48391,480,1553
48392,502,1517
48393,531,1587
48394,469,1747
48395,440,1902
48396,442,1999
48397,442,2011
48398,440,1949
48399,440,1822
48400,448,1703
48401,483,1549
48402,548,1501
48403,544,1574
48404,465,1749
48405,442,1907
48406,441,2013
48407,440,2003
48408,440,1943
48409,442,1807
48410,442,1684
48411,452,1541
48412,504,1516
48413,498,1587
48414,442,1772
48415,442,1918
48416,442,2009
48417,442,2005
48418,442,1942
48419,440,1810
48420,442,1685
48421,452,1531
48422,504,1514
48423,498,1587
48424,448,1774
48425,442,1918
48426,440,2009
48427,441,2005
48428,442,1943
48429,440,1809
48430,442,1683
48431,455,1531
48432,503,1515
48433,498,1589
48434,443,1775
48435,440,1919
48436,441,2011
48437,442,2003
48438,442,1943
48439,441,1805
48440,443,1682
48441,454,1531
48442,503,1515
48443,498,1587
48444,442,1775
48445,442,1919
48446,441,2010
48447,441,2003
48448,440,1942
48449,441,1805
48450,440,1677
48451,454,1531
48452,504,1516
48453,498,1589
48454,448,1775
48455,442,1919
48456,442,2011
48457,442,2004
48458,441,1942
48459,442,1801
48460,443,1677
48461,457,1529
48462,503,1516
48463,499,1589
48464,442,1779
48465,442,1919
48466,441,2011
48467,442,2003
48468,440,1939
48469,442,1803
48470,442,1678
48471,455,1528
48472,504,1517
48473,499,1590
48474,448,1779
48475,440,1919
48476,440,2008
48477,442,2002
48478,442,1940
48479,441,1803
48480,442,1674
48481,456,1527
48482,504,1517
48483,498,1589
48484,442,1780
48485,442,1927
48486,442,2012
48487,442,2003
48488,442,1939
48489,441,1803
48490,440,1675
48491,458,1528
48492,505,1517
48493,534,1595
48494,464,1755
48495,441,1909
48496,441,2004
48497,442,2007
48498,441,1945
48499,442,1815
48500,442,1657
48501,494,1531
48502,531,1509
48503,544,1578
48504,466,1759
48505,441,1909
48506,441,2015
48507,442,2001
48508,442,1939
48509,440,1803
48510,442,1673
48511,456,1528
48512,506,1517
48513,499,1591
48514,442,1782
48515,442,1925
48516,442,2011
48517,442,1999
48518,442,1939
48519,442,1803
48520,441,1674
48521,457,1528
48522,505,1519
48523,499,1591
48524,442,1783
48525,440,1926
48526,441,2011
48527,448,2003
48528,442,1939
48529,441,1802
48530,442,1672
48531,458,1527
48532,505,1519
48533,498,1592
48534,448,1785
48535,440,1926
48536,440,2012
48537,442,1999
48538,442,1933
48539,442,1801
48540,442,1670
48541,458,1525
48542,513,1518
48543,500,1590
48544,444,1783
48545,442,1920
48546,442,2014
48547,443,1999
48548,442,1933
48549,441,1799
48550,448,1670
48551,459,1523
48552,514,1518
48553,499,1592
48554,448,1785
48555,441,1927
48556,442,2015
48557,442,1999
48558,442,1938
48559,442,1799
48560,442,1671
48561,460,1527
48562,506,1519
48563,492,1617
48564,452,1781
48565,442,1911
48566,442,2005
48567,442,2003
48568,442,1943
48569,440,1811
48570,442,1687
48571,492,1532
48572,548,1509
48573,545,1581
48574,460,1765
48575,442,1913
48576,439,2023
48577,447,1997
48578,442,1935
48579,442,1778
48580,442,1683
48581,468,1541
48582,550,1513
48583,544,1583
48584,458,1766
48585,442,1915
48586,442,2008
48587,443,2003
48588,442,1944
48589,442,1810
48590,448,1687
48591,487,1532
48592,518,1525
48593,499,1605
48594,442,1791
48595,442,1932
48596,442,2015
48597,442,1996
48598,442,1934
48599,440,1790
48600,448,1653
48601,467,1517
48602,506,1523
48603,499,1597
48604,442,1789
48605,440,1931
48606,440,2014
48607,442,1997
48608,440,1933
48609,440,1791
48610,442,1662
48611,464,1523
48612,506,1524
48613,490,1627
48614,442,1800
48615,440,1933
48616,442,2019
48617,440,1996
48618,442,1933
48619,442,1790
48620,442,1659
48621,466,1519
48622,505,1524
48623,498,1599
48624,448,1799
48625,440,1933
48626,441,2017
48627,441,1995
48628,442,1931
48629,442,1789
48630,448,1657
48631,466,1516
48632,506,1523
48633,498,1597
48634,442,1799
48635,442,1932
48636,440,2019
48637,442,1996
48638,440,1931
48639,442,1789
48640,442,1657
48641,467,1515
48642,507,1524
48643,498,1605
48644,442,1799
48645,442,1935
48646,442,2019
48647,442,1995
48648,442,1932
48649,442,1787
48650,442,1655
48651,467,1515
48652,516,1523
48653,498,1599
48654,442,1799
48655,441,1933
48656,440,2019
48657,443,1995
48658,442,1929
48659,447,1786
48660,442,1656
48661,468,1515
48662,514,1525
48663,498,1605
48664,442,1800
48665,442,1932
48666,442,2019
48667,442,1995
48668,442,1930
48669,442,1787
48670,442,1653
48671,468,1516
48672,514,1527
48673,498,1607
48674,448,1803
48675,442,1935
48676,448,2019
48677,442,1995
48678,442,1929
48679,442,1771
48680,442,1673
48681,498,1527
48682,549,1513
48683,544,1589
48684,454,1780
48685,441,1915
48686,442,2009
48687,442,1999
48688,442,1939
48689,441,1801
48690,442,1673
48691,490,1528
48692,515,1529
48693,498,1609
48694,448,1803
48695,443,1935
48696,443,2020
48697,442,1994
48698,442,1927
48699,442,1785
48700,442,1651
48701,470,1515
48702,514,1527
48703,499,1607
48704,442,1803
48705,440,1938
48706,440,2020
48707,442,1993
48708,448,1927
48709,440,1785
48710,443,1652
48711,468,1515
48712,514,1526
48713,499,1608
48714,443,1804
48715,442,1938
48716,442,2020
48717,442,1994
48718,440,1927
48719,442,1783
48720,442,1651
48721,470,1515
48722,514,1527
48723,498,1607
48724,442,1805
48725,442,1935
48726,442,2019
48727,442,1993
48728,441,1925
48729,442,1785
48730,442,1648
48731,471,1513
48732,515,1527
48733,497,1609
48734,443,1805
48735,442,1939
48736,442,2020
48737,443,1991
48738,443,1919
48739,442,1784
48740,443,1647
48741,471,1512
48742,514,1527
48743,496,1609
48744,448,1806
48745,440,1939
48746,442,2020
48747,442,1993
48748,440,1919
48749,442,1783
48750,442,1646
48751,472,1513
48752,515,1528
48753,497,1611
48754,442,1809
48755,442,1939
48756,441,2019
48757,440,1991
48758,442,1926
48759,442,1783
48760,442,1645
48761,472,1512
48762,514,1527
48763,496,1611
48764,442,1810
48765,442,1940
48766,442,2019
48767,442,1992
48768,442,1919
48769,443,1783
48770,442,1645
48771,472,1513
48772,514,1528
48773,496,1613
48774,448,1811
48775,442,1943
48776,443,2021
48777,441,1991
48778,440,1919
48779,443,1767
48780,447,1661
48781,504,1519
48782,551,1517
48783,544,1593
48784,451,1787
48785,442,1927
48786,442,2012
48787,442,1997
48788,441,1933
48789,441,1790
48790,442,1661
48791,499,1519
48792,516,1531
48793,494,1619
48794,448,1811
48795,442,1941
48796,442,2023
48797,442,1991
48798,442,1919
48799,442,1780
48800,448,1638
48801,475,1507
48802,518,1528
48803,498,1615
48804,448,1811
48805,440,1942
48806,442,2022
48807,442,1991
48808,442,1917
48809,442,1778
48810,442,1642
48811,476,1509
48812,516,1529
48813,497,1614
48814,442,1813
48815,442,1943
48816,442,2023
48817,442,1991
48818,442,1919
48819,442,1779
48820,442,1641
48821,476,1508
48822,515,1529
48823,498,1619
48824,448,1813
48825,442,1943
48826,442,2023
48827,442,1991
48828,442,1917
48829,442,1779
48830,448,1642
48831,480,1509
48832,516,1531
48833,498,1618
48834,442,1813
48835,442,1943
48836,443,2024
48837,442,1991
48838,442,1917
48839,441,1779
48840,448,1640
48841,480,1507
48842,514,1529
48843,497,1617
48844,443,1814
48845,442,1945
48846,443,2025
48847,442,1990
48848,442,1917
48849,442,1775
48850,443,1639
48851,480,1503
48852,516,1531
48853,498,1620
48854,442,1815
48855,442,1945
48856,447,2023
48857,442,1990
48858,442,1915
48859,442,1775
48860,442,1639
48861,479,1507
48862,514,1529
48863,492,1623
48864,448,1816
48865,442,1947
48866,442,2025
48867,442,1989
48868,442,1915
48869,442,1775
48870,443,1639
48871,481,1503
48872,515,1532
48873,494,1621
48874,443,1817
48875,447,1947
48876,442,2024
48877,441,1989
48878,447,1913
48879,440,1764
48880,442,1651
48881,516,1515
48882,552,1523
48883,542,1599
48884,448,1791
48885,441,1931
48886,442,2013
48887,442,1993
48888,442,1929
48889,442,1786
48890,443,1653
48891,502,1515
48892,516,1541
48893,532,1623
48894,450,1797
48895,442,1933
48896,442,2015
48897,443,1993
48898,442,1927
48899,442,1785
48900,443,1655
48901,500,1513
48902,552,1523
48903,540,1599
48904,448,1800
48905,442,1933
48906,441,2028
48907,447,1983
48908,440,1911
48909,440,1772
48910,448,1635
48911,483,1502
48912,517,1532
48913,496,1623
48914,442,1818
48915,442,1947
48916,442,2024
48917,447,1983
48918,442,1911
48919,441,1773
48920,447,1635
48921,482,1503
48922,516,1533
48923,494,1625
48924,442,1818
48925,442,1947
48926,440,2025
48927,442,1983
48928,442,1911
48929,442,1773
48930,443,1636
48931,483,1501
48932,516,1533
48933,496,1625
48934,442,1817
48935,441,1949
48936,442,2025
48937,443,1984
48938,442,1913
48939,442,1771
48940,447,1635
48941,484,1501
48942,517,1541
48943,492,1627
48944,447,1820
48945,442,1950
48946,442,2025
48947,441,1983
48948,442,1912
48949,442,1772
48950,442,1635
48951,484,1499
48952,516,1532
48953,492,1627
48954,448,1819
48955,441,1951
48956,443,2025
48957,443,1983
48958,442,1911
48959,441,1770
48960,442,1631
48961,484,1501
48962,516,1533
48963,492,1628
48964,443,1821
48965,440,1950
48966,442,2027
48967,444,1982
48968,440,1911
48969,442,1771
48970,442,1630
48971,483,1500
48972,517,1534
48973,492,1629
48974,443,1820
48975,440,1950
48976,442,2025
48977,442,1982
48978,442,1910
48979,442,1771
48980,447,1630
48981,486,1499
48982,516,1534
48983,491,1629
48984,443,1821
48985,442,1951
48986,441,2027
48987,441,1983
48988,442,1909
48989,441,1770
48990,448,1631
48991,486,1499
48992,516,1533
48993,534,1627
48994,448,1803
48995,442,1937
48996,442,2020
48997,443,1991
48998,443,1917
48999,448,1781
49000,449,1599
49001,521,1509
49002,554,1528
49003,540,1609
49004,444,1805
49005,443,1963
49006,442,2025
49007,442,1981
49008,442,1907
49009,442,1768
49010,443,1627
49011,486,1498
49012,517,1543
49013,494,1633
49014,442,1827
49015,440,1955
49016,442,2024
49017,442,1981
49018,441,1907
49019,440,1770
49020,442,1627
49021,486,1499
49022,517,1543
49023,492,1633
49024,443,1826
49025,442,1955
49026,442,2027
49027,442,1981
49028,442,1907
49029,441,1769
49030,448,1626
49031,486,1499
49032,519,1543
49033,492,1635
49034,442,1827
49035,441,1957
49036,441,2027
49037,442,1981
49038,441,1903
49039,442,1768
49040,443,1625
49041,486,1495
49042,518,1543
49043,492,1636
49044,442,1827
49045,442,1956
49046,442,2027
49047,440,1981
49048,442,1903
49049,440,1769
49050,448,1625
49051,487,1498
49052,516,1543
49053,491,1635
49054,443,1829
49055,442,1957
49056,442,2027
49057,442,1981
49058,441,1901
49059,441,1767
49060,442,1627
49061,486,1497
49062,516,1545
49063,484,1658
49064,448,1827
49065,442,1941
49066,442,2021
49067,442,1982
49068,442,1915
49069,440,1775
49070,447,1637
49071,519,1505
49072,545,1527
49073,538,1617
49074,449,1809
49075,442,1942
49076,442,2021
49077,442,1976
49078,442,1899
49079,442,1763
49080,448,1623
49081,528,1503
49082,556,1528
49083,530,1619
49084,448,1809
49085,441,1943
49086,443,2021
49087,441,1983
49088,443,1913
49089,441,1773
49090,448,1639
49091,519,1503
49092,538,1543
49093,487,1652
49094,448,1831
49095,442,1961
49096,441,2028
49097,442,1980
49098,441,1901
49099,443,1763
49100,442,1622
49101,491,1495
49102,518,1543
49103,490,1640
49104,442,1831
49105,442,1959
49106,443,2029
49107,442,1979
49108,442,1901
49109,443,1765
49110,442,1621
49111,491,1496
49112,518,1543
49113,480,1675
49114,441,1834
49115,442,1964
49116,444,2030
49117,443,1979
49118,442,1899
49119,441,1763
49120,442,1621
49121,492,1494
49122,518,1545
49123,490,1643
49124,443,1833
49125,442,1962
49126,442,2028
49127,442,1979
49128,447,1899
49129,440,1763
49130,442,1619
49131,491,1493
49132,519,1545
49133,491,1643
49134,443,1833
49135,441,1960
49136,443,2028
49137,440,1977
49138,447,1897
49139,442,1758
49140,448,1619
49141,493,1494
49142,518,1545
49143,489,1643
49144,448,1833
49145,442,1963
49146,442,2028
49147,440,1979
49148,443,1898
49149,443,1763
49150,448,1619
49151,494,1493
49152,519,1545
49153,488,1644
49154,448,1833
49155,441,1963
49156,443,2028
49157,442,1979
49158,443,1896
49159,442,1763
49160,448,1618
49161,493,1492
49162,520,1547
49163,490,1645
49164,442,1833
49165,442,1963
49166,442,2027
49167,442,1978
49168,443,1896
49169,441,1758
49170,443,1615
49171,496,1493
49172,519,1545
49173,488,1645
49174,448,1835
49175,443,1963
49176,443,2030
49177,442,1977
49178,442,1895
49179,443,1756
49180,448,1620
49181,531,1500
49182,556,1532
49183,527,1623
49184,448,1815
49185,442,1947
49186,441,2023
49187,442,1980
49188,442,1909
49189,447,1769
49190,448,1631
49191,529,1497
49192,519,1549
49193,487,1655
49194,442,1838
49195,441,1967
49196,447,2031
49197,442,1977
49198,441,1895
49199,442,1759
49200,443,1609
49201,497,1494
49202,519,1547
49203,488,1647
49204,442,1838
49205,442,1964
49206,440,2029
49207,442,1978
49208,442,1895
49209,440,1759
49210,442,1613
49211,497,1492
49212,519,1547
49213,488,1651
49214,442,1839
49215,442,1967
49216,442,2029
49217,442,1977
49218,440,1895
49219,442,1759
49220,442,1614
49221,496,1492
49222,520,1547
49223,488,1652
49224,442,1838
49225,441,1965
49226,442,2029
49227,442,1977
49228,442,1893
49229,440,1757
49230,448,1613
49231,498,1491
49232,519,1547
49233,487,1651
49234,442,1838
49235,442,1965
49236,442,2029
49237,442,1975
49238,441,1893
49239,442,1755
49240,442,1613
49241,498,1493
49242,518,1547
49243,488,1651
49244,440,1839
49245,440,1967
49246,442,2029
49247,440,1976
49248,440,1893
49249,443,1756
49250,448,1611
49251,498,1492
49252,518,1547
49253,488,1653
49254,442,1838
49255,442,1967
49256,442,2029
49257,442,1977
49258,441,1892
49259,442,1758
49260,448,1612
49261,498,1492
49262,518,1547
49263,487,1654
49264,442,1839
49265,443,1967
49266,441,2028
49267,440,1975
49268,442,1892
49269,441,1756
49270,443,1611
49271,499,1492
49272,520,1547
49273,487,1654
49274,442,1839
49275,440,1967
49276,442,2029
49277,442,1975
49278,441,1892
49279,440,1753
49280,450,1609
49281,534,1497
49282,556,1541
49283,522,1634
49284,448,1821
49285,442,1955
49286,442,2027
49287,440,1980
49288,442,1903
49289,443,1767
49290,442,1627
49291,534,1497
49292,520,1553
49293,484,1662
49294,442,1845
49295,442,1971
49296,442,2029
49297,442,1975
49298,440,1892
49299,440,1754
49300,442,1609
49301,500,1493
49302,520,1548
49303,487,1657
49304,442,1843
49305,440,1971
49306,440,2029
49307,442,1975
49308,441,1891
49309,440,1753
49310,442,1608
49311,499,1490
49312,520,1547
49313,488,1655
49314,442,1843
49315,442,1971
49316,440,2029
49317,441,1975
49318,440,1890
49319,441,1754
49320,440,1609
49321,502,1493
49322,519,1549
49323,487,1656
49324,442,1843
49325,442,1972
49326,443,2029
49327,442,1976
49328,442,1891
49329,442,1753
49330,442,1609
49331,501,1491
49332,520,1549
49333,487,1659
49334,442,1845
49335,440,1971
49336,441,2029
49337,442,1975
49338,442,1887
49339,441,1753
49340,449,1609
49341,502,1492
49342,519,1549
49343,488,1659
49344,443,1845
49345,442,1968
49346,443,2030
49347,442,1975
49348,440,1891
49349,442,1751
49350,442,1607
49351,502,1492
49352,520,1549
49353,486,1660
49354,441,1846
49355,441,1971
49356,442,2028
49357,442,1974
49358,443,1887
49359,441,1752
49360,443,1607
49361,502,1491
49362,520,1549
49363,487,1659
49364,441,1847
49365,442,1971
49366,440,2029
49367,440,1975
49368,442,1885
49369,442,1751
49370,443,1607
49371,502,1491
49372,520,1549
49373,487,1661
49374,443,1847
49375,442,1973
49376,440,2027
49377,442,1973
49378,440,1885
49379,442,1749
49380,453,1607
49381,539,1493
49382,556,1543
49383,523,1641
49384,448,1829
49385,453,1959
49386,441,2027
49387,442,1977
49388,443,1897
49389,441,1762
49390,450,1620
49391,538,1493
49392,522,1556
49393,516,1673
49394,448,1829
49395,442,1959
49396,442,2026
49397,443,1976
49398,440,1897
49399,442,1763
49400,448,1619
49401,540,1493
49402,560,1545
49403,536,1639
49404,443,1831
49405,442,1960
49406,441,2027
49407,443,1974
49408,442,1882
49409,441,1752
49410,442,1605
49411,504,1491
49412,522,1549
49413,486,1669
49414,443,1850
49415,440,1973
49416,442,2029
49417,442,1973
49418,442,1881
49419,442,1750
49420,447,1599
49421,506,1492
49422,520,1555
49423,486,1671
49424,443,1851
49425,442,1973
49426,447,2029
49427,442,1972
49428,443,1883
49429,448,1749
49430,448,1599
49431,506,1490
49432,522,1553
49433,486,1664
49434,442,1851
49435,442,1974
49436,442,2028
49437,442,1973
49438,442,1880
49439,441,1748
49440,442,1599
49441,504,1491
49442,522,1551
49443,484,1664
49444,442,1851
49445,442,1974
49446,442,2027
49447,440,1971
49448,440,1879
49449,441,1770
49450,439,1609
49451,500,1491
49452,522,1547
49453,490,1652
49454,448,1849
49455,451,1971
49456,448,2027
49457,452,1971
49458,448,1895
49459,448,1757
49460,438,1597
49461,502,1487
49462,524,1560
49463,490,1656
49464,439,1847
49465,451,1966
49466,440,2026
49467,440,1971
49468,448,1907
49469,439,1753
49470,448,1614
49471,500,1499
49472,522,1544
49473,490,1645
49474,440,1835
49475,440,1955
49476,442,2031
49477,440,1975
49478,440,1881
49479,441,1734
49480,443,1605
49481,506,1489
49482,522,1555
49483,484,1671
49484,442,1852
49485,441,1975
49486,440,2031
49487,443,1971
49488,442,1880
49489,440,1749
49490,448,1599
49491,504,1491
49492,522,1555
49493,519,1683
49494,443,1833
49495,447,1963
49496,441,2027
49497,442,1975
49498,442,1893
49499,442,1756
49500,472,1583
49501,549,1491
49502,552,1547
49503,534,1645
49504,434,1836
49505,447,1965
49506,442,2027
49507,448,1971
49508,442,1877
49509,448,1748
49510,448,1595
49511,506,1491
49512,523,1555
49513,486,1671
49514,442,1854
49515,442,1975
49516,442,2027
49517,442,1972
49518,442,1879
49519,440,1749
49520,448,1597
49521,514,1491
49522,522,1554
49523,484,1673
49524,442,1855
49525,442,1974
49526,442,2028
49527,442,1971
49528,442,1877
49529,442,1747
49530,448,1595
49531,515,1491
49532,522,1556
49533,484,1673
49534,442,1855
49535,442,1973
49536,442,2029
49537,442,1971
49538,442,1877
49539,442,1747
49540,442,1595
49541,515,1490
49542,522,1555
49543,485,1673
49544,442,1855
49545,442,1975
49546,442,2027
49547,442,1973
49548,442,1877
49549,441,1744
49550,443,1595
49551,513,1491
49552,523,1555
49553,486,1675
49554,442,1855
49555,442,1976
49556,442,2027
49557,442,1972
49558,442,1877
49559,442,1747
49560,448,1595
49561,514,1492
49562,522,1556
49563,471,1701
49564,443,1851
49565,442,1963
49566,442,2027
49567,443,1973
49568,442,1892
49569,442,1755
49570,457,1608
49571,548,1491
49572,560,1545
49573,532,1652
49574,448,1836
49575,442,1965
49576,442,2026
49577,443,1968
49578,444,1877
49579,443,1722
49580,455,1604
49581,528,1486
49582,562,1547
49583,532,1654
49584,443,1838
49585,443,1964
49586,443,2027
49587,447,1975
49588,442,1891
49589,444,1753
49590,457,1611
49591,541,1490
49592,536,1556
49593,480,1691
49594,443,1865
49595,441,1979
49596,443,2027
49597,442,1967
49598,442,1875
49599,442,1743
49600,448,1583
49601,518,1489
49602,524,1555
49603,483,1681
49604,442,1862
49605,440,1976
49606,440,2027
49607,440,1967
49608,442,1875
49609,440,1741
49610,447,1593
49611,517,1491
49612,524,1555
49613,468,1717
49614,441,1865
49615,441,1977
49616,442,2027
49617,441,1967
49618,442,1876
49619,441,1741
49620,448,1591
49621,516,1491
49622,524,1557
49623,483,1682
49624,442,1863
49625,442,1979
49626,442,2027
49627,443,1967
49628,443,1871
49629,440,1741
49630,448,1591
49631,518,1491
49632,524,1558
49633,482,1682
49634,447,1864
49635,442,1978
49636,442,2027
49637,443,1967
49638,442,1875
49639,442,1741
49640,443,1591
49641,518,1492
49642,524,1557
49643,484,1683
49644,443,1865
49645,442,1979
49646,442,2027
49647,443,1967
49648,442,1873
49649,440,1741
49650,448,1591
49651,516,1492
49652,523,1558
49653,484,1687
49654,443,1865
49655,440,1979
49656,441,2027
49657,440,1968
49658,442,1871
49659,442,1740
49660,449,1591
49661,518,1492
49662,523,1558
49663,482,1685
49664,442,1866
49665,440,1979
49666,442,2027
49667,442,1967
49668,442,1871
49669,441,1741
49670,444,1589
49671,518,1491
49672,526,1559
49673,482,1685
49674,443,1865
49675,448,1979
49676,442,2027
49677,443,1965
49678,448,1870
49679,441,1722
49680,456,1599
49681,551,1487
49682,562,1548
49683,532,1656
49684,443,1845
49685,441,1967
49686,442,2027
49687,442,1971
49688,442,1883
49689,440,1751
49690,450,1604
49691,540,1489
49692,524,1561
49693,482,1686
49694,448,1865
49695,442,1977
49696,442,2025
49697,442,1967
49698,441,1867
49699,442,1739
49700,448,1588
49701,519,1491
49702,524,1557
49703,482,1685
49704,443,1867
49705,441,1979
49706,442,2027
49707,442,1966
49708,442,1869
49709,441,1738
49710,444,1587
49711,519,1491
49712,528,1559
49713,482,1686
49714,441,1867
49715,441,1978
49716,440,2027
49717,442,1967
49718,441,1868
49719,442,1739
49720,443,1587
49721,519,1491
49722,524,1559
49723,482,1687
49724,442,1869
49725,442,1979
49726,442,2027
49727,441,1967
49728,441,1869
49729,448,1739
49730,444,1587
49731,518,1493
49732,524,1559
49733,481,1687
49734,448,1869
49735,442,1979
49736,442,2027
49737,442,1965
49738,442,1867
49739,447,1737
49740,442,1587
49741,520,1491
49742,527,1557
49743,481,1687
49744,448,1868
49745,440,1979
49746,442,2027
49747,442,1966
49748,442,1867
49749,442,1739
49750,448,1584
49751,519,1491
49752,524,1559
49753,481,1689
49754,442,1868
49755,440,1979
49756,442,2027
49757,442,1966
49758,442,1867
49759,440,1739
49760,443,1587
49761,519,1491
49762,524,1559
49763,482,1689
49764,442,1869
49765,440,1979
49766,442,2025
49767,442,1966
49768,442,1865
49769,442,1737
49770,448,1583
49771,520,1492
49772,528,1557
49773,482,1688
49774,443,1869
49775,447,1979
49776,448,2025
49777,443,1965
49778,448,1865
49779,447,1720
49780,466,1595
49781,552,1487
49782,564,1548
49783,531,1661
49784,448,1849
49785,441,1971
49786,440,2026
49787,442,1967
49788,442,1881
49789,442,1747
49790,466,1597
49791,551,1487
49792,528,1561
49793,480,1693
49794,442,1869
49795,442,1979
49796,448,2024
49797,442,1965
49798,442,1865
49799,442,1736
49800,448,1581
49801,520,1491
49802,528,1559
49803,480,1692
49804,442,1871
49805,440,1980
49806,440,2025
49807,442,1965
49808,442,1865
49809,442,1735
49810,448,1582
49811,522,1491
49812,528,1559
49813,480,1691
49814,442,1871
49815,442,1981
49816,443,2027
49817,442,1965
49818,441,1864
49819,442,1735
49820,448,1583
49821,520,1494
49822,524,1560
49823,481,1693
49824,444,1871
49825,442,1981
49826,442,2024
49827,441,1963
49828,442,1864
49829,442,1735
49830,448,1583
49831,521,1491
49832,527,1560
49833,482,1693
49834,442,1871
49835,440,1982
49836,442,2025
49837,442,1965
49838,442,1865
49839,442,1735
49840,448,1583
49841,520,1493
49842,528,1560
49843,480,1693
49844,448,1873
49845,440,1981
49846,443,2024
49847,442,1965
49848,448,1863
49849,442,1735
49850,449,1581
49851,520,1491
49852,528,1560
49853,480,1691
49854,442,1871
49855,442,1982
49856,448,2023
49857,448,1965
49858,442,1863
49859,448,1733
49860,443,1582
49861,522,1491
49862,528,1559
49863,480,1698
49864,448,1873
49865,440,1980
49866,441,2025
49867,441,1964
49868,442,1863
49869,442,1727
49870,442,1582
49871,522,1494
49872,528,1559
49873,479,1695
49874,443,1875
49875,442,1981
49876,440,2025
49877,442,1963
49878,448,1863
49879,441,1719
49880,467,1593
49881,556,1487
49882,565,1549
49883,530,1672
49884,448,1853
49885,442,1971
49886,442,2026
49887,442,1967
49888,442,1877
49889,443,1741
49890,470,1595
49891,553,1487
49892,530,1563
49893,518,1694
49894,448,1851
49895,441,1964
49896,442,2025
49897,442,1967
49898,441,1877
49899,443,1743
49900,465,1595
49901,547,1489
49902,566,1553
49903,530,1671
49904,442,1854
49905,442,1975
49906,440,2022
49907,442,1963
49908,442,1856
49909,442,1733
49910,448,1581
49911,522,1493
49912,528,1561
49913,480,1696
49914,448,1874
49915,447,1983
49916,442,2023
49917,441,1964
49918,442,1861
49919,441,1735
49920,442,1581
49921,522,1491
49922,528,1561
49923,480,1699
49924,442,1875
49925,442,1981
49926,441,2024
49927,442,1963
49928,441,1862
49929,443,1728
49930,449,1580
49931,522,1491
49932,528,1561
49933,480,1699
49934,447,1875
49935,448,1981
49936,440,2025
49937,442,1963
49938,441,1855
49939,442,1735
49940,448,1580
49941,522,1493
49942,528,1561
49943,480,1700
49944,442,1877
49945,440,1983
49946,441,2023
49947,442,1963
49948,442,1861
49949,442,1728
49950,442,1579
49951,523,1492
49952,528,1561
49953,476,1701
49954,442,1876
49955,442,1983
49956,442,2024
49957,442,1963
49958,442,1861
49959,447,1727
49960,448,1579
49961,524,1495
49962,528,1561
49963,476,1701
49964,442,1876
49965,440,1983
49966,441,2025
49967,441,1963
49968,442,1862
49969,442,1726
49970,448,1579
49971,522,1493
49972,528,1561
49973,475,1703
49974,442,1878
49975,442,1983
49976,442,2024
49977,440,1964
49978,442,1855
49979,442,1726
49980,448,1578
49981,524,1492
49982,528,1562
49983,480,1703
49984,442,1879
49985,448,1983
49986,442,2025
49987,442,1963
49988,442,1855
49989,440,1726
49990,447,1580
49991,524,1493
49992,528,1562
49993,517,1701
49994,448,1855
49995,442,1975
49996,441,2027
49997,442,1967
49998,442,1873
49999,442,1741
50000,486,1556
50001,554,1489
50002,565,1555
50003,529,1675
50004,442,1861
50005,442,1992
50006,440,2023
50007,441,1963
50008,440,1855
50009,442,1726
50010,443,1579
50011,522,1494
50012,528,1563
50013,476,1703
50014,442,1878
50015,442,1983
50016,442,2025
50017,442,1962
50018,442,1853
50019,442,1727
50020,448,1578
50021,524,1493
50022,530,1561
50023,480,1702
50024,442,1879
50025,441,1982
50026,442,2023
50027,442,1963
50028,442,1853
50029,442,1727
50030,448,1579
50031,524,1492
50032,530,1561
50033,476,1703
50034,441,1877
50035,442,1983
50036,442,2024
50037,442,1963
50038,443,1854
50039,442,1727
50040,449,1579
50041,524,1493
50042,529,1561
50043,476,1703
50044,448,1877
50045,442,1983
50046,442,2022
50047,448,1963
50048,448,1853
50049,443,1725
50050,449,1576
50051,524,1493
50052,531,1563
50053,479,1704
50054,443,1879
50055,442,1983
50056,442,2023
50057,443,1962
50058,442,1853
50059,442,1725
50060,450,1578
50061,524,1495
50062,529,1563
50063,468,1723
50064,443,1877
50065,442,1975
50066,442,2025
50067,442,1965
50068,442,1871
50069,442,1737
50070,472,1589
50071,555,1485
50072,556,1556
50073,528,1681
50074,448,1861
50075,442,1977
50076,442,2025
50077,441,1959
50078,442,1851
50079,443,1721
50080,480,1577
50081,562,1487
50082,568,1555
50083,516,1684
50084,442,1861
50085,442,1976
50086,442,2025
50087,442,1964
50088,441,1869
50089,442,1739
50090,474,1589
50091,552,1489
50092,550,1560
50093,472,1720
50094,442,1882
50095,442,1991
50096,441,2024
50097,443,1962
50098,441,1852
50099,444,1724
50100,450,1576
50101,528,1493
50102,531,1562
50103,480,1707
50104,443,1880
50105,442,1983
50106,442,2023
50107,442,1961
50108,443,1853
50109,442,1724
50110,448,1575
50111,528,1493
50112,530,1563
50113,460,1745
50114,442,1883
50115,442,1991
50116,441,2024
50117,442,1960
50118,448,1851
50119,442,1724
50120,448,1575
50121,530,1493
50122,531,1563
50123,476,1708
50124,440,1880
50125,442,1991
50126,442,2023
50127,442,1961
50128,448,1851
50129,442,1723
50130,451,1575
50131,530,1494
50132,532,1563
50133,476,1708
50134,442,1880
50135,443,1990
50136,443,2023
50137,442,1961
50138,442,1849
50139,442,1722
50140,450,1574
50141,528,1495
50142,531,1565
50143,476,1708
50144,444,1881
50145,441,1992
50146,442,2023
50147,440,1961
50148,441,1851
50149,442,1723
50150,450,1575
50151,528,1495
50152,530,1563
50153,474,1709
50154,443,1882
50155,442,1990
50156,442,2023
50157,442,1961
50158,443,1851
50159,442,1722
50160,450,1575
50161,530,1495
50162,530,1564
50163,474,1708
50164,442,1883
50165,442,1989
50166,442,2023
50167,441,1961
50168,443,1851
50169,440,1723
50170,450,1576
50171,528,1494
50172,530,1563
50173,474,1711
50174,441,1882
50175,442,1989
50176,442,2023
50177,442,1959
50178,442,1849
50179,441,1721
50180,482,1576
50181,564,1489
50182,569,1557
50183,515,1687
50184,443,1865
50185,442,1977
50186,442,2024
50187,442,1964
50188,442,1865
50189,442,1736
50190,480,1587
50191,558,1490
50192,530,1565
50193,474,1716
50194,442,1884
50195,442,1991
50196,442,2023
50197,442,1961
50198,442,1851
50199,442,1721
50200,454,1565
50201,530,1495
50202,532,1563
50203,480,1710
50204,442,1881
50205,442,1989
50206,442,2022
50207,442,1961
50208,442,1850
50209,442,1722
50210,451,1573
50211,530,1495
50212,532,1564
50213,475,1709
50214,441,1883
50215,441,1991
50216,442,2023
50217,447,1960
50218,443,1849
50219,442,1721
50220,453,1572
50221,530,1495
50222,532,1564
50223,479,1711
50224,447,1883
50225,443,1991
50226,441,2023
50227,448,1961
50228,444,1849
50229,442,1721
50230,452,1573
50231,531,1495
50232,532,1564
50233,474,1715
50234,442,1884
50235,442,1990
50236,442,2021
50237,442,1960
50238,442,1849
50239,442,1721
50240,452,1572
50241,531,1493
50242,530,1563
50243,474,1711
50244,448,1884
50245,440,1991
50246,442,2024
50247,442,1961
50248,442,1849
50249,440,1721
50250,452,1573
50251,530,1495
50252,532,1563
50253,475,1715
50254,442,1883
50255,440,1991
50256,441,2021
50257,440,1959
50258,442,1849
50259,442,1721
50260,452,1571
50261,530,1495
50262,531,1564
50263,476,1711
50264,442,1885
50265,442,1991
50266,442,2023
50267,442,1961
50268,442,1848
50269,443,1723
50270,452,1571
50271,530,1495
50272,531,1563
50273,476,1711
50274,442,1885
50275,442,1991
50276,443,2021
50277,443,1959
50278,442,1848
50279,440,1719
50280,485,1573
50281,564,1490
50282,570,1557
50283,514,1689
50284,448,1867
50285,442,1979
50286,440,2024
50287,443,1964
50288,442,1863
50289,442,1735
50290,483,1583
50291,563,1490
50292,532,1564
50293,473,1720
50294,442,1887
50295,440,1991
50296,442,2021
50297,442,1960
50298,443,1848
50299,442,1721
50300,454,1572
50301,530,1495
50302,532,1565
50303,475,1717
50304,442,1885
50305,442,1992
50306,442,2023
50307,443,1960
50308,440,1848
50309,442,1722
50310,452,1573
50311,530,1496
50312,532,1565
50313,474,1715
50314,442,1885
50315,442,1993
50316,441,2023
50317,442,1959
50318,442,1849
50319,442,1720
50320,452,1572
50321,529,1495
50322,532,1565
50323,475,1715
50324,442,1886
50325,441,1992
50326,440,2023
50327,441,1960
50328,442,1848
50329,442,1721
50330,454,1571
50331,530,1495
50332,532,1564
50333,473,1717
50334,441,1885
50335,441,1992
50336,442,2021
50337,442,1960
50338,443,1848
50339,440,1721
50340,452,1572
50341,531,1495
50342,532,1565
50343,474,1717
50344,440,1885
50345,440,1993
50346,440,2021
50347,440,1959
50348,441,1847
50349,442,1721
50350,454,1571
50351,530,1494
50352,532,1564
50353,474,1716
50354,442,1884
50355,440,1994
50356,440,2023
50357,440,1960
50358,440,1847
50359,442,1720
50360,454,1572
50361,531,1495
50362,534,1565
50363,474,1719
50364,442,1885
50365,441,1991
50366,442,2023
50367,442,1960
50368,442,1847
50369,440,1721
50370,454,1567
50371,532,1495
50372,532,1565
50373,474,1717
50374,441,1886
50375,442,1993
50376,442,2021
50377,441,1960
50378,440,1847
50379,442,1719
50380,486,1573
50381,566,1491
50382,569,1560
50383,506,1693
50384,441,1868
50385,442,1980
50386,442,2024
50387,441,1963
50388,441,1863
50389,443,1733
50390,486,1582
50391,566,1491
50392,531,1567
50393,500,1724
50394,443,1869
50395,442,1981
50396,442,2023
50397,442,1963
50398,442,1861
50399,442,1733
50400,485,1582
50401,568,1493
50402,570,1559
50403,528,1690
50404,442,1870
50405,442,1980
50406,442,2018
50407,442,1959
50408,443,1845
50409,442,1721
50410,455,1567
50411,532,1495
50412,532,1567
50413,476,1717
50414,442,1886
50415,441,1992
50416,441,2021
50417,443,1959
50418,442,1846
50419,440,1719
50420,455,1567
50421,533,1495
50422,533,1567
50423,474,1719
50424,440,1887
50425,440,1992
50426,442,2021
50427,442,1959
50428,442,1845
50429,440,1719
50430,457,1566
50431,533,1494
50432,534,1565
50433,475,1719
50434,442,1890
50435,441,1992
50436,441,2022
50437,442,1959
50438,442,1844
50439,440,1718
50440,456,1565
50441,532,1495
50442,533,1565
50443,474,1719
50444,442,1891
50445,442,1993
50446,442,2021
50447,442,1960
50448,440,1843
50449,441,1717
50450,457,1565
50451,534,1495
50452,534,1565
50453,475,1719
50454,443,1889
50455,442,1993
50456,442,2021
50457,442,1959
50458,442,1844
50459,442,1717
50460,457,1566
50461,534,1493
50462,534,1565
50463,476,1719
50464,440,1887
50465,442,1991
50466,442,2021
50467,442,1959
50468,442,1843
50469,441,1719
50470,456,1571
50471,534,1496
50472,534,1567
50473,476,1721
50474,442,1887
50475,442,1993
50476,441,2023
50477,442,1959
50478,441,1844
50479,440,1720
50480,456,1567
50481,534,1496
50482,533,1567
50483,474,1721
50484,440,1892
50485,442,1993
50486,442,2021
50487,442,1960
50488,447,1843
50489,442,1719
50490,458,1566
50491,534,1495
50492,534,1567
50493,502,1737
50494,443,1871
50495,442,1981
50496,442,2023
50497,442,1963
50498,447,1861
50499,448,1726
50500,506,1557
50501,570,1494
50502,556,1559
50503,530,1691
50504,448,1874
50505,442,1980
50506,442,2015
50507,443,1959
50508,440,1842
50509,442,1719
50510,457,1565
50511,535,1495
50512,535,1565
50513,476,1717
50514,442,1891
50515,442,1992
50516,442,2022
50517,442,1959
50518,447,1843
50519,440,1719
50520,458,1566
50521,533,1495
50522,535,1567
50523,474,1719
50524,442,1887
50525,440,1992
50526,440,2020
50527,442,1959
50528,441,1843
50529,442,1719
50530,458,1567
50531,534,1496
50532,535,1565
50533,475,1719
50534,440,1889
50535,442,1992
50536,441,2022
50537,442,1959
50538,441,1843
50539,442,1719
50540,459,1567
50541,534,1495
50542,536,1566
50543,474,1717
50544,443,1891
50545,442,1992
50546,442,2021
50547,442,1959
50548,442,1844
50549,442,1720
50550,458,1565
50551,536,1495
50552,535,1567
50553,476,1719
50554,447,1891
50555,442,1992
50556,441,2021
50557,440,1960
50558,442,1843
50559,442,1719
50560,459,1566
50561,534,1495
50562,536,1566
50563,464,1751
50564,447,1883
50565,442,1980
50566,440,2023
50567,441,1962
50568,442,1861
50569,442,1727
50570,491,1577
50571,568,1491
50572,570,1560
50573,528,1695
50574,442,1873
50575,442,1980
50576,442,2009
50577,440,1959
50578,441,1839
50579,442,1699
50580,483,1577
50581,544,1493
50582,576,1560
50583,528,1699
50584,448,1871
50585,441,1981
50586,441,2023
50587,442,1961
50588,441,1855
50589,442,1727
50590,488,1579
50591,563,1491
50592,540,1567
50593,472,1736
50594,442,1893
50595,441,1993
50596,440,2020
50597,442,1959
50598,441,1843
50599,440,1716
50600,464,1561
50601,536,1497
50602,536,1567
50603,473,1723
50604,441,1891
50605,441,1992
50606,442,2021
50607,440,1959
50608,442,1840
50609,440,1717
50610,460,1564
50611,535,1497
50612,536,1568
50613,460,1757
50614,447,1895
50615,442,1996
50616,442,2020
50617,442,1957
50618,442,1839
50619,442,1715
50620,460,1563
50621,535,1496
50622,536,1566
50623,476,1725
50624,448,1892
50625,442,1993
50626,443,2021
50627,441,1958
50628,441,1839
50629,441,1717
50630,460,1564
50631,536,1496
50632,536,1567
50633,474,1723
50634,442,1892
50635,442,1993
50636,442,2019
50637,442,1959
50638,442,1839
50639,442,1717
50640,463,1563
50641,537,1496
50642,534,1571
50643,475,1725
50644,442,1893
50645,442,1995
50646,440,2021
50647,440,1958
50648,442,1839
50649,442,1716
50650,460,1563
50651,536,1495
50652,536,1567
50653,476,1724
50654,442,1893
50655,442,1994
50656,448,2019
50657,442,1958
50658,442,1839
50659,442,1717
50660,464,1564
50661,535,1497
50662,536,1567
50663,475,1725
50664,441,1893
50665,442,1994
50666,447,2021
50667,442,1959
50668,440,1839
50669,442,1716
50670,460,1564
50671,536,1496
50672,534,1568
50673,474,1725
50674,442,1893
50675,440,1993
50676,442,2021
50677,442,1959
50678,442,1839
50679,448,1696
50680,486,1577
50681,570,1495
50682,578,1560
50683,528,1699
50684,441,1875
50685,442,1979
50686,442,2023
50687,442,1962
50688,440,1855
50689,442,1727
50690,488,1579
50691,565,1491
50692,535,1567
50693,474,1727
50694,442,1892
50695,441,1995
50696,442,2019
50697,441,1959
50698,440,1839
50699,441,1717
50700,464,1563
50701,537,1496
50702,536,1567
50703,476,1723
50704,442,1893
50705,442,1993
50706,441,2020
50707,442,1957
50708,440,1839
50709,440,1717
50710,461,1563
50711,536,1495
50712,536,1565
50713,475,1722
50714,440,1892
50715,442,1994
50716,440,2020
50717,440,1959
50718,440,1840
50719,441,1718
50720,465,1565
50721,538,1496
50722,536,1566
50723,476,1724
50724,442,1892
50725,441,1993
50726,440,2021
50727,442,1959
50728,442,1839
50729,440,1715
50730,464,1564
50731,536,1495
50732,536,1570
50733,476,1723
50734,442,1893
50735,442,1993
50736,441,2021
50737,440,1960
50738,441,1839
50739,443,1717
50740,460,1565
50741,536,1496
50742,536,1571
50743,474,1723
50744,440,1893
50745,441,1995
50746,440,2021
50747,442,1959
50748,440,1839
50749,441,1717
50750,463,1565
50751,536,1496
50752,536,1567
50753,476,1723
50754,442,1893
50755,441,1993
50756,442,2021
50757,443,1959
50758,440,1839
50759,442,1715
50760,466,1564
50761,537,1496
50762,537,1567
50763,476,1724
50764,442,1893
50765,442,1995
50766,447,2019
50767,441,1959
50768,442,1839
50769,441,1716
50770,464,1565
50771,536,1496
50772,536,1567
50773,475,1724
50774,442,1892
50775,440,1993
50776,441,2021
50777,441,1959
50778,442,1839
50779,442,1702
50780,488,1577
50781,576,1493
50782,578,1559
50783,528,1696
50784,448,1876
50785,442,1979
50786,442,2022
50787,442,1961
50788,440,1855
50789,443,1725
50790,492,1577
50791,569,1491
50792,536,1571
50793,476,1724
50794,442,1893
50795,442,1994
50796,447,2019
50797,442,1958
50798,442,1839
50799,440,1717
50800,468,1561
50801,538,1497
50802,538,1567
50803,480,1724
50804,442,1890
50805,440,1994
50806,442,2021
50807,442,1958
50808,442,1839
50809,440,1716
50810,466,1565
50811,539,1496
50812,537,1567
50813,480,1722
50814,442,1892
50815,440,1995
50816,443,2020
50817,442,1957
50818,442,1839
50819,442,1715
50820,464,1564
50821,539,1496
50822,539,1565
50823,476,1723
50824,448,1891
50825,442,1993
50826,442,2019
50827,448,1959
50828,442,1838
50829,442,1717
50830,464,1563
50831,538,1495
50832,538,1567
50833,476,1725
50834,442,1893
50835,442,1995
50836,442,2022
50837,442,1959
50838,442,1839
50839,441,1717
50840,465,1564
50841,540,1497
50842,538,1566
50843,480,1724
50844,442,1891
50845,440,1992
50846,442,2021
50847,440,1959
50848,443,1839
50849,440,1715
50850,464,1563
50851,538,1496
50852,538,1571
50853,480,1722
50854,447,1893
50855,441,1995
50856,442,2019
50857,447,1957
50858,441,1838
50859,442,1717
50860,464,1563
50861,540,1496
50862,538,1567
50863,480,1723
50864,443,1891
50865,442,1992
50866,442,2021
50867,442,1958
50868,443,1839
50869,443,1717
50870,466,1563
50871,537,1495
50872,538,1567
50873,480,1723
50874,442,1893
50875,441,1995
50876,443,2021
50877,440,1957
50878,442,1837
50879,442,1701
50880,492,1577
50881,577,1492
50882,580,1559
50883,530,1699
50884,443,1875
50885,442,1981
50886,447,2021
50887,442,1960
50888,442,1853
50889,443,1725
50890,493,1576
50891,576,1489
50892,540,1571
50893,516,1721
50894,442,1871
50895,440,1981
50896,440,2023
50897,448,1961
50898,442,1853
50899,442,1725
50900,489,1577
50901,563,1492
50902,579,1561
50903,532,1699
50904,448,1877
50905,442,1982
50906,443,2015
50907,442,1956
50908,442,1838
50909,448,1715
50910,466,1565
50911,540,1496
50912,539,1567
50913,481,1725
50914,443,1891
50915,441,1994
50916,442,2019
50917,442,1958
50918,447,1843
50919,442,1717
50920,466,1563
50921,540,1495
50922,539,1567
50923,482,1725
50924,442,1891
50925,442,1994
50926,442,2021
50927,442,1959
50928,442,1839
50929,442,1717
50930,467,1565
50931,539,1496
50932,540,1567
50933,480,1723
50934,442,1893
50935,442,1993
50936,442,2021
50937,442,1959
50938,442,1840
50939,442,1717
50940,465,1565
50941,538,1496
50942,540,1567
50943,480,1725
50944,442,1890
50945,443,1994
50946,441,2021
50947,442,1958
50948,441,1839
50949,448,1716
50950,466,1565
50951,539,1495
50952,539,1567
50953,480,1723
50954,442,1890
50955,442,1995
50956,441,2020
50957,441,1959
50958,442,1839
50959,442,1717
50960,466,1564
50961,540,1495
50962,539,1565
50963,482,1723
50964,441,1891
50965,440,1993
50966,443,2021
50967,442,1958
50968,442,1843
50969,442,1717
50970,466,1565
50971,540,1495
50972,540,1567
50973,482,1723
50974,442,1891
50975,442,1993
50976,442,2020
50977,448,1959
50978,442,1839
50979,442,1715
50980,467,1565
50981,540,1495
50982,540,1565
50983,481,1722
50984,443,1891
50985,442,1991
50986,442,2019
50987,448,1958
50988,440,1839
50989,442,1717
50990,466,1564
50991,540,1495
50992,540,1567
50993,520,1720
50994,448,1875
50995,442,1981
50996,442,2023
50997,442,1961
50998,442,1853
50999,442,1725
51000,516,1543
51001,576,1490
51002,582,1559
51003,532,1699
51004,443,1875
51005,442,1997
51006,443,2021
51007,442,1959
51008,441,1839
51009,447,1715
51010,468,1565
51011,542,1495
51012,541,1567
51013,484,1721
51014,448,1892
51015,442,1993
51016,442,2020
51017,442,1960
51018,441,1839
51019,443,1717
51020,466,1565
51021,540,1495
51022,540,1567
51023,482,1723
51024,442,1891
51025,442,1993
51026,442,2021
51027,442,1958
51028,444,1840
51029,443,1717
51030,465,1565
51031,541,1493
51032,540,1566
51033,484,1722
51034,448,1891
51035,441,1993
51036,442,2021
51037,442,1960
51038,442,1839
51039,442,1717
51040,466,1565
51041,540,1496
51042,540,1565
51043,482,1722
51044,442,1893
51045,442,1994
51046,442,2021
51047,442,1958
51048,442,1843
51049,442,1719
51050,468,1565
51051,540,1495
51052,540,1567
51053,482,1720
51054,448,1891
51055,443,1993
51056,442,2021
51057,448,1959
51058,442,1839
51059,442,1717
51060,468,1565
51061,540,1495
51062,540,1567
51063,471,1747
51064,442,1891
51065,442,1980
51066,443,2023
51067,442,1963
51068,441,1861
51069,443,1725
51070,491,1577
51071,576,1491
51072,581,1561
51073,530,1695
51074,448,1871
51075,441,1981
51076,442,2021
51077,442,1952
51078,442,1839
51079,440,1710
51080,501,1567
51081,579,1491
51082,583,1560
51083,523,1699
51084,447,1871
51085,442,1981
51086,442,2021
51087,442,1961
51088,442,1855
51089,443,1725
51090,498,1578
51091,568,1491
51092,563,1567
51093,468,1751
51094,448,1881
51095,442,1975
51096,442,2019
51097,443,1960
51098,442,1869
51099,442,1711
51100,466,1579
51101,546,1493
51102,540,1563
51103,497,1707
51104,448,1891
51105,443,1981
51106,442,2023
51107,440,1967
51108,439,1851
51109,441,1723
51110,464,1579
51111,541,1491
51112,541,1547
51113,476,1749
51114,450,1879
51115,442,1979
51116,448,2029
51117,452,1967
51118,448,1843
51119,448,1747
51120,460,1572
51121,546,1492
51122,540,1562
51123,492,1701
51124,448,1891
51125,443,1991
51126,451,2029
51127,448,1955
51128,442,1839
51129,444,1717
51130,468,1565
51131,541,1495
51132,540,1566
51133,482,1722
51134,448,1890
51135,448,1993
51136,442,2021
51137,440,1960
51138,441,1844
51139,442,1719
51140,468,1565
51141,545,1495
51142,544,1567
51143,484,1721
51144,443,1890
51145,442,1995
51146,442,2022
51147,442,1959
51148,442,1843
51149,448,1717
51150,467,1564
51151,542,1495
51152,544,1565
51153,484,1721
51154,442,1891
51155,442,1993
51156,442,2021
51157,440,1959
51158,442,1839
51159,442,1717
51160,468,1567
51161,544,1495
51162,544,1566
51163,484,1721
51164,441,1890
51165,443,1994
51166,442,2021
51167,443,1958
51168,440,1843
51169,447,1716
51170,467,1567
51171,544,1497
51172,546,1565
51173,484,1721
51174,448,1887
51175,442,1993
51176,442,2020
51177,442,1959
51178,443,1844
51179,443,1715
51180,499,1566
51181,580,1491
51182,583,1561
51183,522,1696
51184,444,1871
51185,442,1981
51186,443,2023
51187,443,1961
51188,442,1861
51189,443,1727
51190,498,1579
51191,578,1492
51192,545,1571
51193,482,1733
51194,442,1892
51195,442,1993
51196,442,2021
51197,442,1959
51198,448,1843
51199,442,1719
51200,471,1561
51201,546,1496
51202,546,1566
51203,484,1719
51204,448,1891
51205,447,1994
51206,444,2020
51207,442,1959
51208,442,1843
51209,442,1716
51210,470,1565
51211,544,1495
51212,544,1567
51213,484,1721
51214,442,1891
51215,442,1993
51216,444,2020
51217,442,1959
51218,442,1845
51219,440,1719
51220,467,1565
51221,544,1495
51222,545,1565
51223,485,1721
51224,442,1887
51225,442,1994
51226,440,2019
51227,442,1959
51228,440,1844
51229,448,1717
51230,470,1567
51231,542,1495
51232,546,1565
51233,485,1721
51234,448,1891
51235,440,1993
51236,448,2021
51237,441,1957
51238,442,1844
51239,442,1718
51240,468,1566
51241,544,1495
51242,541,1567
51243,486,1721
51244,442,1891
51245,440,1995
51246,447,2021
51247,442,1959
51248,442,1843
51249,442,1719
51250,468,1567
51251,544,1495
51252,545,1566
51253,484,1722
51254,442,1890
51255,441,1993
51256,442,2021
51257,442,1958
51258,442,1844
51259,441,1719
51260,468,1566
51261,546,1495
51262,546,1567
51263,487,1720
51264,442,1890
51265,442,1993
51266,442,2022
51267,448,1958
51268,442,1839
51269,442,1719
51270,468,1567
51271,544,1497
51272,544,1567
51273,487,1719
51274,442,1891
51275,440,1993
51276,442,2021
51277,442,1959
51278,442,1845
51279,441,1717
51280,502,1567
51281,580,1491
51282,585,1559
51283,520,1695
51284,443,1869
51285,442,1981
51286,443,2023
51287,442,1962
51288,442,1856
51289,441,1726
51290,499,1580
51291,579,1493
51292,546,1571
51293,484,1725
51294,447,1893
51295,440,1994
51296,442,2020
51297,442,1959
51298,442,1843
51299,442,1719
51300,469,1567
51301,544,1497
51302,546,1565
51303,484,1719
51304,442,1887
51305,442,1993
51306,442,2021
51307,442,1959
51308,440,1844
51309,440,1719
51310,468,1565
51311,544,1495
51312,546,1565
51313,487,1719
51314,448,1887
51315,442,1993
51316,440,2023
51317,442,1959
51318,442,1846
51319,442,1721
51320,470,1567
51321,544,1495
51322,544,1564
51323,486,1721
51324,442,1887
51325,442,1992
51326,442,2021
51327,441,1961
51328,440,1844
51329,441,1719
51330,468,1567
51331,546,1496
51332,546,1567
51333,486,1717
51334,442,1887
51335,442,1991
51336,442,2023
51337,442,1959
51338,447,1845
51339,443,1718
51340,468,1567
51341,546,1495
51342,546,1567
51343,488,1718
51344,448,1890
51345,444,1991
51346,442,2021
51347,440,1959
51348,441,1845
51349,442,1720
51350,469,1567
51351,546,1494
51352,546,1565
51353,488,1717
51354,443,1885
51355,442,1993
51356,442,2020
51357,442,1959
51358,442,1845
51359,448,1719
51360,467,1567
51361,546,1494
51362,547,1566
51363,488,1719
51364,442,1891
51365,442,1993
51366,442,2023
51367,442,1960
51368,440,1845
51369,442,1719
51370,470,1565
51371,546,1496
51372,546,1567
51373,490,1718
51374,442,1889
51375,447,1993
51376,442,2023
51377,442,1959
51378,440,1846
51379,442,1718
51380,502,1571
51381,583,1491
51382,584,1560
51383,524,1693
51384,448,1869
51385,442,1981
51386,442,2023
51387,441,1963
51388,441,1862
51389,441,1727
51390,499,1581
51391,580,1491
51392,546,1571
51393,520,1719
51394,448,1867
51395,444,1979
51396,442,2023
51397,442,1963
51398,442,1863
51399,447,1734
51400,498,1581
51401,584,1491
51402,586,1557
51403,537,1691
51404,448,1869
51405,443,1983
51406,440,2017
51407,441,1959
51408,442,1843
51409,448,1719
51410,470,1567
51411,546,1493
51412,547,1567
51413,488,1717
51414,447,1887
51415,444,1992
51416,442,2021
51417,442,1960
51418,442,1845
51419,441,1718
51420,470,1565
51421,548,1493
51422,549,1565
51423,490,1719
51424,442,1889
51425,442,1990
51426,442,2020
51427,442,1959
51428,440,1846
51429,442,1719
51430,470,1567
51431,547,1495
51432,547,1563
51433,489,1717
51434,442,1887
51435,442,1992
51436,442,2021
51437,442,1959
51438,442,1845
51439,442,1719
51440,470,1571
51441,546,1495
51442,548,1567
51443,489,1717
51444,448,1887
51445,440,1992
51446,442,2021
51447,441,1961
51448,441,1845
51449,442,1720
51450,470,1571
51451,546,1495
51452,548,1565
51453,490,1717
51454,442,1886
51455,441,1992
51456,442,2021
51457,441,1959
51458,442,1845
51459,442,1719
51460,468,1568
51461,547,1495
51462,546,1565
51463,490,1717
51464,442,1885
51465,442,1992
51466,443,2021
51467,442,1959
51468,442,1845
51469,441,1720
51470,470,1571
51471,546,1494
51472,548,1565
51473,490,1715
51474,442,1887
51475,442,1992
51476,441,2021
51477,442,1959
51478,442,1844
51479,443,1720
51480,470,1568
51481,546,1495
51482,547,1565
51483,490,1716
51484,442,1885
51485,441,1991
51486,442,2021
51487,442,1959
51488,442,1847
51489,441,1720
51490,470,1571
51491,546,1495
51492,550,1564
51493,523,1725
51494,448,1867
51495,442,1979
51496,442,2023
51497,442,1963
51498,443,1863
51499,443,1733
51500,521,1559
51501,586,1493
51502,570,1557
51503,544,1687
51504,448,1869
51505,442,1979
51506,442,2019
51507,443,1959
51508,442,1845
51509,443,1722
51510,471,1571
51511,546,1494
51512,549,1565
51513,493,1711
51514,442,1885
51515,448,1990
51516,448,2021
51517,442,1960
51518,440,1847
51519,442,1723
51520,468,1573
51521,546,1494
51522,548,1565
51523,492,1711
51524,443,1885
51525,442,1991
51526,442,2020
51527,441,1963
51528,442,1847
51529,442,1720
51530,469,1573
51531,547,1493
51532,548,1563
51533,491,1709
51534,448,1885
51535,442,1991
51536,442,2022
51537,442,1961
51538,442,1848
51539,442,1721
51540,470,1573
51541,548,1493
51542,549,1565
51543,492,1709
51544,443,1885
51545,440,1990
51546,442,2023
51547,442,1961
51548,442,1847
51549,442,1722
51550,470,1573
51551,546,1493
51552,550,1564
51553,491,1711
51554,442,1884
51555,448,1990
51556,442,2023
51557,442,1961
51558,442,1847
51559,442,1721
51560,468,1571
51561,548,1494
51562,548,1565
51563,482,1739
51564,442,1881
51565,442,1979
51566,442,2023
51567,441,1963
51568,442,1865
51569,442,1735
51570,500,1583
51571,583,1490
51572,587,1557
51573,544,1688
51574,443,1867
51575,442,1979
51576,442,2014
51577,448,1962
51578,442,1848
51579,442,1703
51580,494,1579
51581,558,1491
51582,591,1557
51583,541,1689
51584,448,1865
51585,441,1979
51586,442,2024
51587,443,1964
51588,442,1865
51589,443,1735
51590,499,1587
51591,578,1489
51592,555,1565
51593,489,1725
51594,442,1885
51595,442,1991
51596,440,2020
51597,442,1961
51598,440,1848
51599,448,1720
51600,472,1565
51601,548,1493
51602,549,1565
51603,494,1715
51604,442,1883
51605,442,1990
51606,447,2023
51607,442,1960
51608,442,1849
51609,442,1721
51610,471,1572
51611,550,1495
51612,549,1564
51613,479,1751
51614,440,1887
51615,441,1991
51616,443,2021
51617,443,1961
51618,442,1847
51619,442,1720
51620,469,1571
51621,548,1494
51622,548,1563
51623,493,1715
51624,442,1885
51625,441,1991
51626,440,2022
51627,440,1960
51628,440,1848
51629,443,1721
51630,471,1573
51631,548,1495
51632,549,1564
51633,492,1715
51634,442,1885
51635,442,1991
51636,442,2022
51637,440,1960
51638,443,1849
51639,448,1721
51640,470,1573
51641,548,1494
51642,549,1565
51643,494,1711
51644,442,1884
51645,442,1991
51646,442,2023
51647,440,1961
51648,442,1849
51649,448,1721
51650,470,1572
51651,548,1493
51652,550,1565
51653,494,1709
51654,442,1884
51655,442,1990
51656,443,2021
51657,441,1961
51658,440,1849
51659,442,1720
51660,469,1573
51661,548,1493
51662,551,1563
51663,494,1709
51664,448,1883
51665,448,1989
51666,442,2021
51667,440,1959
51668,442,1849
51669,448,1722
51670,471,1573
51671,548,1493
51672,550,1565
51673,493,1709
51674,443,1884
51675,442,1991
51676,442,2021
51677,442,1961
51678,443,1850
51679,442,1706
51680,492,1583
51681,584,1487
51682,592,1555
51683,547,1684
51684,448,1865
51685,442,1975
51686,442,2025
51687,440,1965
51688,442,1867
51689,442,1737
51690,498,1587
51691,579,1489
51692,552,1565
51693,498,1715
51694,443,1883
51695,443,1983
51696,442,2023
51697,440,1961
51698,442,1851
51699,441,1723
51700,468,1575
51701,548,1491
51702,552,1563
51703,498,1708
51704,442,1882
51705,443,1989
51706,442,2023
51707,442,1961
51708,442,1851
51709,448,1724
51710,468,1575
51711,548,1493
51712,552,1564
51713,498,1708
51714,442,1882
51715,442,1989
51716,442,2023
51717,443,1961
51718,441,1849
51719,448,1722
51720,468,1574
51721,548,1493
51722,551,1563
51723,498,1706
51724,447,1881
51725,442,1989
51726,442,2023
51727,442,1961
51728,442,1850
51729,442,1725
51730,470,1574
51731,549,1493
51732,551,1562
51733,498,1707
51734,442,1881
51735,442,1989
51736,441,2023
51737,442,1962
51738,442,1851
51739,444,1724
51740,470,1573
51741,548,1493
51742,551,1563
51743,499,1707
51744,447,1881
51745,448,1983
51746,441,2023
51747,448,1961
51748,442,1851
51749,442,1724
51750,470,1574
51751,550,1493
51752,551,1561
51753,500,1707
51754,442,1881
51755,442,1990
51756,442,2024
51757,442,1963
51758,442,1851
51759,440,1723
51760,470,1575
51761,550,1493
51762,551,1563
51763,499,1707
51764,442,1881
51765,442,1983
51766,442,2021
51767,442,1961
51768,441,1850
51769,444,1723
51770,470,1575
51771,549,1493
51772,552,1563
51773,500,1705
51774,442,1881
51775,442,1989
51776,448,2023
51777,444,1961
51778,440,1852
51779,448,1711
51780,497,1587
51781,586,1490
51782,591,1555
51783,550,1683
51784,448,1864
51785,442,1974
51786,443,2025
51787,443,1964
51788,443,1869
51789,442,1739
51790,500,1587
51791,583,1490
51792,551,1565
51793,500,1707
51794,442,1881
51795,442,1983
51796,442,2023
51797,447,1961
51798,442,1853
51799,443,1724
51800,471,1573
51801,550,1495
51802,552,1564
51803,501,1705
51804,442,1880
51805,442,1989
51806,442,2021
51807,442,1963
51808,442,1853
51809,443,1726
51810,468,1575
51811,549,1493
51812,551,1561
51813,500,1705
51814,448,1880
51815,442,1991
51816,448,2023
51817,442,1963
51818,442,1853
51819,442,1724
51820,470,1577
51821,549,1493
51822,552,1561
51823,501,1703
51824,442,1879
51825,442,1984
51826,440,2023
51827,442,1962
51828,442,1851
51829,447,1725
51830,470,1576
51831,551,1494
51832,552,1561
51833,502,1705
51834,448,1879
51835,443,1983
51836,443,2025
51837,443,1962
51838,442,1853
51839,448,1725
51840,468,1576
51841,549,1491
51842,552,1561
51843,502,1704
51844,448,1880
51845,442,1989
51846,442,2023
51847,442,1961
51848,443,1853
51849,442,1726
51850,467,1577
51851,549,1493
51852,551,1563
51853,500,1703
51854,442,1878
51855,442,1983
51856,441,2023
51857,442,1963
51858,441,1852
51859,442,1725
51860,469,1577
51861,550,1492
51862,551,1562
51863,502,1701
51864,444,1881
51865,441,1983
51866,444,2023
51867,442,1964
51868,448,1853
51869,447,1725
51870,468,1577
51871,550,1493
51872,552,1561
51873,504,1699
51874,442,1877
51875,442,1982
51876,448,2023
51877,443,1962
51878,443,1855
51879,448,1711
51880,496,1589
51881,586,1489
51882,594,1555
51883,552,1678
51884,448,1855
51885,443,1973
51886,443,2025
51887,442,1966
51888,442,1873
51889,448,1741
51890,500,1591
51891,583,1487
51892,554,1567
51893,542,1703
51894,449,1853
51895,442,1975
51896,443,2024
51897,442,1965
51898,441,1869
51899,443,1741
51900,490,1593
51901,577,1487
51902,594,1555
51903,554,1675
51904,448,1855
51905,442,1975
51906,441,2023
51907,442,1963
51908,441,1854
51909,442,1727
51910,470,1580
51911,550,1492
51912,552,1561
51913,503,1701
51914,443,1877
51915,441,1981
51916,442,2024
51917,442,1962
51918,448,1855
51919,443,1727
51920,468,1579
51921,550,1492
51922,554,1561
51923,505,1699
51924,441,1877
51925,442,1982
51926,442,2024
51927,442,1963
51928,442,1861
51929,442,1727
51930,468,1580
51931,550,1493
51932,554,1560
51933,503,1700
51934,443,1875
51935,442,1982
51936,442,2025
51937,448,1964
51938,443,1861
51939,442,1727
51940,468,1580
51941,550,1493
51942,552,1561
51943,503,1699
51944,447,1876
51945,442,1983
51946,444,2024
51947,442,1963
51948,441,1862
51949,442,1733
51950,467,1581
51951,550,1493
51952,553,1561
51953,504,1696
51954,443,1871
51955,442,1981
51956,442,2024
51957,440,1963
51958,440,1861
51959,441,1727
51960,468,1580
51961,550,1491
51962,552,1561
51963,503,1699
51964,440,1877
51965,442,1982
51966,443,2025
51967,441,1963
51968,442,1861
51969,443,1727
51970,468,1580
51971,550,1493
51972,554,1560
51973,504,1695
51974,442,1877
51975,441,1983
51976,442,2024
51977,447,1962
51978,440,1863
51979,442,1733
51980,466,1581
51981,549,1493
51982,552,1561
51983,503,1700
51984,442,1875
51985,442,1982
51986,442,2025
51987,447,1964
51988,442,1863
51989,442,1733
51990,467,1579
51991,551,1493
51992,552,1561
51993,546,1693
51994,451,1851
51995,442,1975
51996,442,2026
51997,442,1967
51998,443,1875
51999,448,1743
52000,516,1559
52001,584,1491
52002,595,1555
52003,554,1671
52004,449,1853
52005,442,1990
52006,440,2024
52007,442,1963
52008,443,1855
52009,442,1734
52010,466,1581
52011,550,1491
52012,554,1560
52013,512,1694
52014,448,1871
52015,448,1983
52016,443,2025
52017,440,1964
52018,442,1863
52019,448,1735
52020,467,1582
52021,550,1492
52022,554,1560
52023,506,1694
52024,442,1869
52025,441,1981
52026,442,2025
52027,441,1964
52028,442,1863
52029,442,1734
52030,467,1581
52031,550,1493
52032,554,1559
52033,514,1693
52034,442,1871
52035,442,1981
52036,442,2026
52037,442,1965
52038,448,1863
52039,442,1735
52040,468,1583
52041,549,1491
52042,552,1560
52043,514,1693
52044,441,1873
52045,441,1981
52046,442,2025
52047,442,1963
52048,442,1863
52049,442,1735
52050,466,1583
52051,550,1492
52052,554,1559
52053,514,1695
52054,442,1871
52055,442,1981
52056,443,2025
52057,441,1966
52058,442,1863
52059,442,1737
52060,468,1583
52061,551,1492
52062,554,1559
52063,498,1716
52064,447,1874
52065,440,1971
52066,441,2026
52067,442,1968
52068,442,1879
52069,448,1747
52070,492,1595
52071,580,1491
52072,584,1553
52073,555,1670
52074,457,1849
52075,442,1973
52076,440,2025
52077,442,1963
52078,442,1862
52079,443,1727
52080,500,1579
52081,586,1489
52082,595,1553
52083,550,1669
52084,453,1847
52085,441,1973
52086,448,2026
52087,442,1971
52088,442,1878
52089,442,1746
52090,496,1597
52091,577,1489
52092,579,1557
52093,504,1705
52094,442,1873
52095,442,1981
52096,442,2025
52097,442,1965
52098,440,1865
52099,443,1737
52100,466,1583
52101,550,1493
52102,556,1559
52103,515,1691
52104,448,1869
52105,440,1981
52106,442,2025
52107,442,1965
52108,441,1867
52109,440,1736
52110,466,1587
52111,550,1493
52112,556,1560
52113,496,1725
52114,442,1873
52115,443,1981
52116,442,2025
52117,442,1965
52118,440,1866
52119,447,1737
52120,468,1587
52121,551,1492
52122,556,1558
52123,515,1690
52124,443,1871
52125,442,1981
52126,442,2025
52127,442,1964
52128,442,1865
52129,447,1735
52130,468,1584
52131,550,1491
52132,556,1558
52133,516,1689
52134,441,1868
52135,442,1979
52136,440,2026
52137,441,1965
52138,442,1868
52139,441,1735
52140,467,1586
52141,551,1491
52142,555,1558
52143,515,1689
52144,443,1869
52145,441,1980
52146,442,2027
52147,442,1965
52148,443,1868
52149,442,1737
52150,466,1587
52151,550,1492
52152,556,1560
52153,516,1691
52154,443,1869
52155,442,1979
52156,440,2027
52157,448,1967
52158,442,1867
52159,442,1737
52160,466,1588
52161,550,1493
52162,556,1559
52163,516,1688
52164,448,1871
52165,442,1979
52166,442,2025
52167,442,1964
52168,442,1870
52169,441,1736
52170,466,1587
52171,550,1492
52172,556,1559
52173,516,1689
52174,442,1867
52175,442,1980
52176,442,2025
52177,442,1966
52178,441,1869
52179,442,1727
52180,497,1589
52181,585,1490
52182,596,1551
52183,550,1661
52184,456,1845
52185,441,1971
52186,443,2027
52187,442,1968
52188,441,1881
52189,442,1749
52190,494,1604
52191,582,1487
52192,556,1561
52193,516,1693
52194,448,1869
52195,443,1980
52196,442,2027
52197,448,1965
52198,442,1869
52199,442,1738
52200,469,1582
52201,550,1493
52202,556,1559
52203,518,1687
52204,443,1869
52205,442,1980
52206,440,2027
52207,442,1966
52208,441,1868
52209,442,1737
52210,466,1587
52211,550,1491
52212,556,1559
52213,519,1687
52214,442,1867
52215,442,1979
52216,442,2026
52217,442,1965
52218,442,1869
52219,442,1737
52220,466,1588
52221,551,1492
52222,556,1558
52223,521,1687
52224,448,1867
52225,443,1976
52226,442,2027
52227,442,1967
52228,442,1871
52229,442,1739
52230,466,1589
52231,551,1492
52232,556,1559
52233,518,1687
52234,442,1866
52235,447,1979
52236,440,2027
52237,442,1967
52238,442,1869
52239,442,1739
52240,466,1591
52241,551,1491
52242,557,1559
52243,519,1688
52244,442,1865
52245,442,1977
52246,440,2027
52247,441,1965
52248,441,1871
52249,442,1741
52250,464,1590
52251,550,1491
52252,556,1558
52253,519,1685
52254,440,1867
52255,441,1979
52256,441,2027
52257,440,1967
52258,440,1870
52259,442,1739
52260,465,1591
52261,550,1491
52262,556,1557
52263,520,1683
52264,443,1863
52265,442,1977
52266,442,2027
52267,442,1967
52268,442,1870
52269,447,1740
52270,466,1590
52271,550,1491
52272,556,1557
52273,520,1683
52274,447,1865
52275,442,1977
52276,440,2026
52277,442,1967
52278,441,1874
52279,443,1737
52280,500,1590
52281,586,1487
52282,599,1547
52283,552,1656
52284,464,1839
52285,442,1967
52286,443,2027
52287,442,1972
52288,442,1885
52289,443,1751
52290,494,1608
52291,583,1491
52292,560,1560
52293,520,1687
52294,448,1866
52295,442,1975
52296,442,2027
52297,441,1967
52298,448,1874
52299,440,1741
52300,466,1590
52301,551,1490
52302,558,1556
52303,524,1679
52304,442,1864
52305,447,1977
52306,441,2025
52307,442,1971
52308,442,1871
52309,443,1743
52310,465,1591
52311,551,1491
52312,558,1555
52313,524,1677
52314,443,1863
52315,442,1978
52316,442,2027
52317,442,1967
52318,447,1874
52319,443,1743
52320,466,1593
52321,551,1493
52322,560,1556
52323,522,1681
52324,443,1862
52325,442,1979
52326,442,2029
52327,442,1971
52328,441,1875
52329,442,1743
52330,464,1594
52331,550,1491
52332,560,1557
52333,524,1679
52334,448,1855
52335,442,1977
52336,442,2027
52337,442,1967
52338,443,1875
52339,440,1743
52340,464,1593
52341,551,1491
52342,560,1556
52343,524,1677
52344,448,1861
52345,442,1975
52346,441,2028
52347,442,1967
52348,442,1875
52349,440,1743
52350,466,1593
52351,549,1492
52352,560,1556
52353,524,1677
52354,448,1853
52355,442,1977
52356,442,2028
52357,443,1967
52358,442,1876
52359,442,1743
52360,464,1595
52361,550,1491
52362,560,1555
52363,524,1677
52364,443,1861
52365,441,1977
52366,442,2027
52367,442,1971
52368,440,1877
52369,442,1742
52370,464,1592
52371,551,1491
52372,561,1555
52373,524,1675
52374,448,1855
52375,442,1973
52376,442,2027
52377,442,1971
52378,440,1877
52379,440,1741
52380,496,1596
52381,584,1491
52382,600,1545
52383,558,1651
52384,465,1835
52385,442,1964
52386,443,2027
52387,442,1975
52388,448,1890
52389,448,1753
52390,492,1611
52391,585,1491
52392,562,1557
52393,551,1683
52394,464,1835
52395,443,1963
52396,442,2027
52397,442,1974
52398,442,1892
52399,442,1756
52400,492,1611
52401,588,1491
52402,600,1545
52403,576,1648
52404,464,1837
52405,442,1964
52406,440,2025
52407,448,1971
52408,443,1876
52409,440,1746
52410,464,1597
52411,551,1491
52412,562,1555
52413,530,1673
52414,442,1853
52415,442,1975
52416,448,2027
52417,442,1971
52418,442,1879
52419,442,1743
52420,464,1595
52421,550,1490
52422,562,1555
52423,528,1673
52424,448,1853
52425,448,1975
52426,448,2029
52427,442,1971
52428,442,1877
52429,443,1747
52430,464,1596
52431,551,1490
52432,562,1556
52433,528,1672
52434,443,1854
52435,442,1975
52436,442,2027
52437,448,1971
52438,442,1877
52439,443,1747
52440,464,1594
52441,551,1487
52442,562,1555
52443,529,1671
52444,448,1854
52445,443,1973
52446,442,2027
52447,443,1970
52448,442,1879
52449,448,1747
52450,464,1595
52451,551,1491
52452,563,1553
52453,530,1669
52454,447,1853
52455,442,1974
52456,448,2028
52457,442,1971
52458,441,1878
52459,448,1748
52460,464,1596
52461,551,1491
52462,561,1555
52463,530,1671
52464,448,1851
52465,442,1975
52466,441,2027
52467,447,1973
52468,442,1880
52469,440,1748
52470,460,1597
52471,550,1490
52472,562,1553
52473,531,1671
52474,448,1851
52475,447,1971
52476,443,2029
52477,444,1971
52478,442,1879
52479,448,1749
52480,460,1597
52481,551,1491
52482,563,1553
52483,530,1669
52484,448,1851
52485,448,1973
52486,441,2027
52487,447,1972
52488,442,1881
52489,442,1749
52490,460,1599
52491,551,1491
52492,562,1553
52493,556,1679
52494,470,1832
52495,441,1960
52496,440,2027
52497,440,1975
52498,448,1896
52499,443,1757
52500,515,1589
52501,588,1491
52502,584,1544
52503,578,1639
52504,470,1833
52505,443,1959
52506,442,2028
52507,441,1971
52508,442,1880
52509,442,1751
52510,460,1598
52511,550,1491
52512,563,1553
52513,532,1661
52514,442,1849
52515,440,1971
52516,443,2027
52517,441,1973
52518,447,1881
52519,443,1751
52520,458,1604
52521,550,1491
52522,562,1549
52523,532,1659
52524,448,1849
52525,442,1971
52526,442,2029
52527,442,1973
52528,442,1883
52529,443,1751
52530,460,1599
52531,548,1491
52532,564,1551
52533,532,1659
52534,442,1849
52535,448,1967
52536,448,2027
52537,442,1974
52538,441,1883
52539,443,1751
52540,460,1605
52541,550,1489
52542,564,1547
52543,533,1659
52544,449,1847
52545,440,1971
52546,442,2027
52547,443,1973
52548,441,1883
52549,442,1752
52550,460,1605
52551,550,1491
52552,564,1549
52553,535,1657
52554,448,1848
52555,440,1970
52556,443,2027
52557,442,1973
52558,443,1884
52559,441,1752
52560,460,1603
52561,550,1491
52562,564,1549
52563,527,1687
52564,467,1839
52565,442,1956
52566,442,2025
52567,441,1977
52568,442,1899
52569,442,1763
52570,490,1623
52571,584,1495
52572,600,1543
52573,580,1638
52574,476,1823
52575,443,1957
52576,441,2027
52577,441,1975
52578,443,1885
52579,440,1762
52580,486,1615
52581,554,1495
52582,603,1543
52583,581,1638
52584,464,1827
52585,443,1958
52586,442,2025
52587,441,1979
52588,443,1900
52589,442,1765
52590,487,1623
52591,578,1495
52592,569,1553
52593,530,1671
52594,448,1848
52595,441,1971
52596,443,2029
52597,443,1975
52598,442,1886
52599,447,1752
52600,464,1603
52601,551,1492
52602,564,1550
52603,535,1658
52604,448,1846
52605,442,1973
52606,443,2029
52607,442,1975
52608,442,1887
52609,440,1753
52610,458,1607
52611,549,1491
52612,564,1553
52613,523,1691
52614,443,1849
52615,448,1968
52616,442,2028
52617,448,1973
52618,442,1889
52619,443,1752
52620,458,1608
52621,550,1493
52622,563,1550
52623,536,1656
52624,447,1844
52625,447,1967
52626,442,2029
52627,442,1974
52628,442,1887
52629,441,1753
52630,458,1608
52631,550,1491
52632,562,1548
52633,535,1657
52634,448,1845
52635,442,1967
52636,447,2029
52637,442,1974
52638,442,1885
52639,442,1753
52640,457,1608
52641,548,1490
52642,564,1548
52643,536,1655
52644,448,1843
52645,443,1967
52646,440,2029
52647,442,1976
52648,442,1887
52649,443,1755
52650,456,1609
52651,550,1492
52652,564,1548
52653,536,1654
52654,448,1843
52655,442,1967
52656,442,2027
52657,442,1975
52658,441,1891
52659,442,1755
52660,456,1610
52661,550,1491
52662,564,1549
52663,536,1655
52664,448,1843
52665,440,1965
52666,442,2029
52667,441,1975
52668,442,1891
52669,440,1755
52670,456,1612
52671,548,1492
52672,564,1549
52673,538,1652
52674,448,1839
52675,442,1967
52676,442,2029
52677,442,1976
52678,440,1891
52679,441,1740
52680,480,1625
52681,581,1496
52682,603,1533
52683,584,1629
52684,480,1821
52685,443,1949
52686,442,2025
52687,442,1979
52688,442,1904
52689,443,1767
52690,483,1625
52691,576,1497
52692,564,1549
52693,538,1655
52694,442,1840
52695,443,1965
52696,442,2028
52697,442,1977
52698,442,1891
52699,442,1755
52700,455,1611
52701,548,1492
52702,564,1547
52703,540,1647
52704,448,1838
52705,442,1965
52706,442,2028
52707,442,1976
52708,442,1894
52709,442,1757
52710,457,1613
52711,548,1494
52712,564,1547
52713,540,1651
52714,448,1837
52715,442,1965
52716,442,2028
52717,442,1977
52718,442,1893
52719,442,1759
52720,455,1613
52721,548,1491
52722,565,1546
52723,538,1647
52724,448,1837
52725,442,1963
52726,448,2029
52727,442,1977
52728,442,1894
52729,442,1758
52730,456,1615
52731,548,1493
52732,566,1547
52733,547,1637
52734,449,1820
52735,442,1961
52736,440,2027
52737,442,1977
52738,450,1897
52739,450,1765
52740,448,1629
52741,546,1493
52742,568,1548
52743,548,1639
52744,450,1833
52745,443,1960
52746,442,2011
52747,440,1998
52748,441,1903
52749,442,1768
52750,452,1641
52751,539,1496
52752,568,1541
52753,546,1624
52754,453,1817
52755,440,1949
52756,448,2023
52757,452,1980
52758,449,1908
52759,442,1765
52760,454,1629
52761,538,1491
52762,566,1553
52763,544,1639
52764,442,1837
52765,442,1965
52766,441,2029
52767,441,1978
52768,442,1898
52769,441,1763
52770,454,1619
52771,546,1495
52772,566,1544
52773,542,1645
52774,448,1833
52775,442,1963
52776,442,2027
52777,441,1979
52778,442,1899
52779,442,1747
52780,475,1629
52781,579,1501
52782,608,1531
52783,588,1622
52784,483,1817
52785,440,1944
52786,443,2023
52787,442,1982
52788,442,1911
52789,442,1771
52790,482,1634
52791,566,1501
52792,566,1548
52793,544,1643
52794,448,1835
52795,444,1961
52796,441,2028
52797,448,1979
52798,448,1896
52799,443,1763
52800,458,1613
52801,548,1495
52802,566,1545
52803,546,1642
52804,448,1835
52805,441,1959
52806,440,2027
52807,442,1979
52808,442,1899
52809,447,1763
52810,454,1619
52811,546,1493
52812,566,1543
52813,544,1641
52814,449,1832
52815,443,1960
52816,442,2027
52817,442,1979
52818,442,1897
52819,442,1763
52820,452,1619
52821,546,1495
52822,566,1544
52823,546,1640
52824,443,1831
52825,442,1957
52826,442,2027
52827,448,1979
52828,442,1897
52829,441,1764
52830,452,1621
52831,545,1495
52832,567,1545
52833,546,1640
52834,448,1833
52835,442,1960
52836,443,2027
52837,443,1979
52838,442,1900
52839,443,1765
52840,452,1621
52841,546,1495
52842,566,1544
52843,546,1640
52844,448,1831
52845,442,1960
52846,442,2025
52847,442,1979
52848,447,1899
52849,443,1765
52850,452,1621
52851,546,1495
52852,568,1543
52853,546,1639
52854,448,1831
52855,443,1959
52856,442,2025
52857,442,1979
52858,442,1899
52859,442,1765
52860,452,1621
52861,544,1497
52862,566,1543
52863,546,1639
52864,448,1831
52865,443,1957
52866,442,2027
52867,442,1979
52868,441,1900
52869,442,1765
52870,453,1622
52871,544,1496
52872,566,1545
52873,547,1639
52874,448,1829
52875,442,1957
52876,442,2027
52877,443,1979
52878,442,1899
52879,442,1749
52880,476,1636
52881,579,1506
52882,608,1527
52883,593,1615
52884,488,1811
52885,443,1939
52886,440,2019
52887,442,1981
52888,441,1915
52889,441,1773
52890,480,1639
52891,569,1507
52892,568,1545
52893,582,1635
52894,489,1807
52895,442,1941
52896,442,2020
52897,447,1983
52898,442,1913
52899,448,1774
52900,473,1641
52901,565,1507
52902,608,1527
52903,595,1613
52904,487,1809
52905,443,1939
52906,442,2028
52907,442,1980
52908,447,1903
52909,442,1765
52910,452,1624
52911,544,1497
52912,566,1542
52913,548,1635
52914,449,1824
52915,442,1952
52916,440,2027
52917,442,1981
52918,442,1903
52919,443,1769
52920,451,1627
52921,544,1497
52922,566,1543
52923,548,1635
52924,448,1824
52925,440,1958
52926,441,2027
52927,442,1981
52928,442,1906
52929,441,1765
52930,451,1625
52931,546,1497
52932,566,1541
52933,550,1631
52934,448,1824
52935,442,1951
52936,442,2027
52937,442,1981
52938,448,1904
52939,442,1769
52940,451,1627
52941,544,1498
52942,568,1541
52943,550,1633
52944,450,1823
52945,442,1951
52946,442,2026
52947,440,1981
52948,442,1903
52949,443,1767
52950,450,1627
52951,544,1498
52952,568,1532
52953,550,1629
52954,449,1823
52955,448,1952
52956,442,2025
52957,443,1981
52958,442,1907
52959,442,1768
52960,450,1628
52961,545,1498
52962,568,1534
52963,551,1629
52964,451,1821
52965,441,1951
52966,442,2026
52967,442,1979
52968,442,1907
52969,442,1768
52970,450,1631
52971,541,1499
52972,568,1533
52973,551,1629
52974,451,1821
52975,441,1951
52976,442,2027
52977,443,1981
52978,442,1908
52979,442,1769
52980,450,1629
52981,544,1499
52982,568,1533
52983,552,1627
52984,451,1823
52985,442,1951
52986,442,2027
52987,441,1981
52988,443,1910
52989,442,1770
52990,449,1629
52991,542,1501
52992,568,1533
52993,586,1625
52994,498,1801
52995,442,1937
52996,442,2018
52997,443,1990
52998,443,1919
52999,443,1781
53000,490,1605
53001,570,1511
53002,609,1525
53003,596,1607
53004,488,1803
53005,443,1959
53006,442,2026
53007,442,1981
53008,442,1909
53009,443,1771
53010,449,1631
53011,540,1500
53012,569,1533
53013,551,1628
53014,452,1819
53015,442,1949
53016,442,2024
53017,448,1983
53018,448,1910
53019,443,1771
53020,448,1631
53021,539,1501
53022,568,1531
53023,552,1625
53024,453,1819
53025,442,1949
53026,442,2025
53027,442,1982
53028,443,1911
53029,443,1771
53030,449,1635
53031,539,1501
53032,568,1533
53033,552,1627
53034,454,1819
53035,442,1948
53036,441,2025
53037,442,1983
53038,442,1911
53039,440,1771
53040,448,1631
53041,540,1500
53042,569,1531
53043,552,1624
53044,454,1819
53045,441,1949
53046,441,2023
53047,442,1983
53048,442,1911
53049,440,1772
53050,448,1635
53051,540,1501
53052,568,1531
53053,552,1625
53054,455,1818
53055,442,1951
53056,442,2023
53057,442,1983
53058,442,1911
53059,442,1772
53060,448,1636
53061,540,1502
53062,568,1531
53063,547,1641
53064,485,1815
53065,441,1932
53066,441,2015
53067,441,1991
53068,440,1928
53069,441,1784
53070,470,1651
53071,566,1515
53072,598,1524
53073,598,1605
53074,502,1797
53075,443,1933
53076,440,2015
53077,443,1981
53078,441,1911
53079,442,1770
53080,480,1638
53081,570,1515
53082,610,1525
53083,588,1605
53084,503,1797
53085,442,1931
53086,442,2018
53087,441,1993
53088,442,1928
53089,442,1785
53090,472,1655
53091,563,1515
53092,592,1529
53093,552,1634
53094,455,1818
53095,443,1947
53096,442,2024
53097,442,1989
53098,443,1915
53099,442,1773
53100,443,1639
53101,540,1505
53102,570,1530
53103,554,1621
53104,458,1815
53105,442,1947
53106,443,2023
53107,442,1989
53108,442,1914
53109,440,1774
53110,448,1639
53111,540,1503
53112,568,1528
53113,546,1647
53114,455,1816
53115,442,1945
53116,442,2023
53117,441,1991
53118,442,1917
53119,442,1775
53120,448,1641
53121,539,1503
53122,568,1529
53123,556,1620
53124,456,1815
53125,441,1945
53126,442,2023
53127,442,1983
53128,448,1915
53129,441,1775
53130,442,1640
53131,540,1502
53132,570,1531
53133,554,1619
53134,456,1813
53135,442,1943
53136,440,2023
53137,442,1989
53138,442,1917
53139,444,1776
53140,449,1640
53141,538,1503
53142,570,1530
53143,556,1619
53144,456,1813
53145,442,1945
53146,442,2023
53147,443,1989
53148,442,1917
53149,442,1775
53150,448,1639
53151,539,1507
53152,575,1529
53153,556,1619
53154,459,1811
53155,442,1944
53156,442,2022
53157,447,1989
53158,442,1917
53159,448,1776
53160,449,1641
53161,538,1508
53162,576,1529
53163,556,1615
53164,459,1813
53165,447,1942
53166,442,2023
53167,442,1990
53168,442,1917
53169,447,1779
53170,448,1642
53171,538,1509
53172,570,1529
53173,556,1619
53174,460,1811
53175,442,1943
53176,448,2023
53177,442,1989
53178,442,1917
53179,448,1773
53180,474,1645
53181,567,1517
53182,611,1519
53183,592,1595
53184,515,1785
53185,448,1928
53186,444,2011
53187,442,1993
53188,442,1931
53189,448,1789
53190,472,1661
53191,564,1518
53192,576,1531
53193,556,1619
53194,459,1813
53195,442,1941
53196,442,2020
53197,443,1989
53198,442,1917
53199,448,1775
53200,451,1639
53201,538,1508
53202,578,1527
53203,558,1613
53204,464,1809
53205,442,1942
53206,442,2021
53207,442,1990
53208,442,1917
53209,447,1780
53210,450,1645
53211,538,1509
53212,575,1528
53213,561,1612
53214,464,1806
53215,442,1939
53216,448,2021
53217,442,1989
53218,447,1917
53219,442,1779
53220,450,1644
53221,539,1509
53222,577,1528
53223,560,1613
53224,464,1805
53225,442,1939
53226,442,2021
53227,443,1990
53228,442,1919
53229,442,1781
53230,448,1645
53231,536,1511
53232,576,1528
53233,560,1611
53234,465,1806
53235,442,1941
53236,443,2019
53237,442,1991
53238,442,1920
53239,442,1780
53240,448,1647
53241,538,1511
53242,571,1528
53243,560,1611
53244,465,1805
53245,441,1939
53246,448,2021
53247,442,1991
53248,442,1919
53249,442,1782
53250,448,1646
53251,538,1511
53252,575,1526
53253,560,1611
53254,466,1805
53255,442,1938
53256,442,2021
53257,442,1991
53258,442,1925
53259,441,1783
53260,448,1645
53261,538,1511
53262,576,1527
53263,562,1610
53264,465,1807
53265,442,1939
53266,447,2021
53267,448,1991
53268,441,1925
53269,442,1782
53270,448,1646
53271,536,1510
53272,577,1527
53273,561,1610
53274,467,1805
53275,442,1939
53276,442,2021
53277,443,1993
53278,442,1925
53279,443,1781
53280,474,1647
53281,566,1523
53282,613,1515
53283,594,1591
53284,519,1780
53285,448,1919
53286,442,2009
53287,442,1997
53288,443,1935
53289,448,1791
53290,470,1672
53291,566,1523
53292,578,1529
53293,563,1611
53294,468,1803
53295,442,1939
53296,447,2019
53297,442,1992
53298,442,1927
53299,442,1783
53300,448,1651
53301,536,1512
53302,577,1525
53303,562,1608
53304,469,1801
53305,442,1933
53306,448,2019
53307,440,1993
53308,443,1927
53309,444,1784
53310,448,1651
53311,536,1514
53312,578,1525
53313,563,1608
53314,468,1801
53315,442,1935
53316,442,2019
53317,443,1993
53318,443,1929
53319,442,1785
53320,443,1652
53321,534,1515
53322,578,1526
53323,562,1608
53324,470,1802
53325,443,1933
53326,442,2019
53327,442,1993
53328,442,1927
53329,443,1785
53330,448,1653
53331,536,1513
53332,577,1525
53333,562,1607
53334,470,1801
53335,443,1933
53336,442,2019
53337,442,1993
53338,440,1929
53339,442,1787
53340,448,1653
53341,534,1515
53342,578,1525
53343,564,1607
53344,470,1801
53345,440,1933
53346,443,2019
53347,442,1993
53348,442,1928
53349,442,1786
53350,448,1655
53351,534,1515
53352,576,1525
53353,564,1605
53354,471,1799
53355,442,1934
53356,442,2018
53357,442,1995
53358,442,1929
53359,442,1785
53360,448,1653
53361,535,1515
53362,576,1524
53363,563,1599
53364,471,1799
53365,442,1933
53366,442,2019
53367,442,1995
53368,448,1929
53369,447,1787
53370,448,1655
53371,534,1515
53372,576,1523
53373,564,1599
53374,472,1799
53375,443,1932
53376,442,2018
53377,443,1995
53378,442,1929
53379,442,1785
53380,471,1657
53381,564,1527
53382,615,1515
53383,596,1587
53384,528,1771
53385,448,1916
53386,443,2007
53387,443,2001
53388,441,1939
53389,442,1801
53390,466,1677
53391,562,1527
53392,577,1529
53393,597,1606
53394,524,1771
53395,448,1917
53396,447,2007
53397,442,2003
53398,442,1939
53399,443,1803
53400,465,1679
53401,564,1527
53402,615,1512
53403,609,1583
53404,520,1773
53405,443,1916
53406,448,2021
53407,442,1995
53408,448,1929
53409,441,1787
53410,448,1657
53411,534,1515
53412,579,1523
53413,566,1605
53414,472,1797
53415,443,1933
53416,448,2017
53417,443,1995
53418,442,1931
53419,442,1789
53420,448,1657
53421,534,1517
53422,578,1523
53423,566,1599
53424,472,1791
53425,442,1932
53426,448,2017
53427,448,1995
53428,443,1931
53429,442,1788
53430,448,1657
53431,534,1517
53432,578,1524
53433,566,1597
53434,474,1797
53435,442,1931
53436,443,2013
53437,448,1995
53438,448,1932
53439,448,1789
53440,448,1657
53441,532,1519
53442,578,1523
53443,567,1597
53444,475,1791
53445,443,1929
53446,442,2014
53447,442,1995
53448,440,1933
53449,442,1789
53450,448,1661
53451,533,1519
53452,579,1520
53453,566,1599
53454,475,1791
53455,442,1930
53456,442,2019
53457,442,1996
53458,442,1931
53459,442,1789
53460,448,1659
53461,532,1517
53462,578,1519
53463,566,1595
53464,474,1789
53465,443,1929
53466,442,2015
53467,440,1997
53468,442,1932
53469,441,1789
53470,449,1659
53471,532,1518
53472,578,1522
53473,566,1595
53474,475,1790
53475,443,1929
53476,442,2014
53477,443,1995
53478,442,1932
53479,442,1790
53480,448,1660
53481,532,1518
53482,578,1519
53483,568,1595
53484,476,1789
53485,442,1930
53486,443,2013
53487,443,1997
53488,441,1933
53489,442,1791
53490,448,1661
53491,532,1519
53492,578,1519
53493,598,1607
53494,531,1765
53495,452,1913
53496,442,2005
53497,442,2003
53498,442,1943
53499,440,1811
53500,483,1647
53501,566,1527
53502,601,1511
53503,612,1580
53504,528,1767
53505,447,1915
53506,442,2019
53507,443,1997
53508,442,1933
53509,442,1791
53510,448,1661
53511,532,1523
53512,580,1519
53513,568,1593
53514,479,1787
53515,447,1929
53516,442,2013
53517,442,1998
53518,441,1935
53519,442,1799
53520,448,1663
53521,531,1524
53522,578,1519
53523,568,1592
53524,477,1787
53525,440,1928
53526,441,2014
53527,442,1998
53528,448,1935
53529,441,1799
53530,443,1663
53531,532,1523
53532,579,1517
53533,567,1592
53534,479,1787
53535,442,1928
53536,443,2012
53537,441,1999
53538,442,1934
53539,443,1799
53540,448,1669
53541,531,1524
53542,578,1517
53543,568,1592
53544,481,1785
53545,448,1927
53546,442,2011
53547,443,1999
53548,442,1935
53549,441,1799
53550,448,1669
53551,531,1525
53552,580,1519
53553,570,1591
53554,481,1785
53555,448,1927
53556,442,2012
53557,442,1999
53558,442,1937
53559,441,1799
53560,448,1669
53561,530,1525
53562,579,1517
53563,564,1611
53564,522,1779
53565,443,1909
53566,441,2005
53567,442,2005
53568,443,1945
53569,442,1813
53570,460,1688
53571,562,1541
53572,615,1509
53573,612,1579
53574,535,1759
53575,448,1911
53576,441,2019
53577,448,1999
53578,442,1939
53579,443,1778
53580,458,1683
53581,536,1541
53582,616,1508
53583,612,1579
53584,522,1759
53585,448,1911
53586,443,1993
53587,441,2007
53588,442,1945
53589,442,1813
53590,464,1690
53591,554,1542
53592,585,1517
53593,568,1597
53594,482,1785
53595,442,1927
53596,442,2011
53597,442,1999
53598,442,1939
53599,441,1799
53600,443,1659
53601,533,1523
53602,580,1517
53603,569,1591
53604,484,1781
53605,442,1927
53606,442,2011
53607,441,2001
53608,440,1939
53609,442,1799
53610,448,1673
53611,530,1525
53612,580,1517
53613,564,1617
53614,482,1785
53615,442,1927
53616,443,2011
53617,442,1997
53618,442,1939
53619,448,1799
53620,443,1672
53621,532,1525
53622,580,1516
53623,575,1592
53624,484,1783
53625,448,1926
53626,447,2011
53627,442,1998
53628,443,1939
53629,442,1800
53630,447,1673
53631,530,1527
53632,580,1516
53633,568,1592
53634,484,1782
53635,442,1925
53636,442,2011
53637,442,1997
53638,447,1938
53639,448,1800
53640,448,1674
53641,531,1523
53642,580,1517
53643,575,1591
53644,486,1780
53645,448,1927
53646,443,2009
53647,442,2002
53648,442,1939
53649,442,1803
53650,443,1675
53651,529,1527
53652,580,1517
53653,576,1591
53654,486,1779
53655,442,1926
53656,442,2012
53657,441,2004
53658,440,1942
53659,447,1802
53660,443,1673
53661,530,1527
53662,580,1516
53663,576,1589
53664,486,1781
53665,442,1925
53666,443,2011
53667,442,2003
53668,442,1940
53669,442,1803
53670,448,1675
53671,530,1527
53672,580,1517
53673,570,1591
53674,487,1780
53675,442,1919
53676,448,2011
53677,442,1999
53678,442,1941
53679,443,1782
53680,455,1693
53681,556,1546
53682,617,1503
53683,614,1576
53684,536,1755
53685,448,1902
53686,442,2001
53687,442,2007
53688,448,1947
53689,442,1816
53690,459,1693
53691,547,1547
53692,582,1519
53693,576,1589
53694,488,1775
53695,448,1917
53696,442,2010
53697,442,2003
53698,443,1939
53699,443,1803
53700,448,1679
53701,530,1528
53702,582,1515
53703,576,1588
53704,488,1774
53705,448,1918
53706,442,2010
53707,442,2004
53708,442,1943
53709,442,1804
53710,448,1679
53711,530,1530
53712,582,1515
53713,576,1584
53714,489,1774
53715,441,1919
53716,441,2011
53717,442,2003
53718,447,1941
53719,442,1805
53720,448,1681
53721,528,1531
53722,581,1513
53723,576,1585
53724,488,1775
53725,442,1917
53726,442,2009
53727,441,2004
53728,442,1941
53729,442,1805
53730,447,1679
53731,528,1531
53732,581,1514
53733,576,1587
53734,490,1773
53735,447,1915
53736,441,2010
53737,442,2005
53738,443,1942
53739,442,1807
53740,448,1682
53741,528,1531
53742,580,1515
53743,576,1583
53744,489,1773
53745,443,1917
53746,448,2008
53747,442,2005
53748,448,1941
53749,448,1807
53750,448,1681
53751,524,1532
53752,582,1513
53753,578,1583
53754,488,1773
53755,448,1917
53756,442,2009
53757,444,2005
53758,448,1943
53759,442,1806
53760,448,1683
53761,528,1531
53762,583,1513
53763,579,1583
53764,490,1773
53765,448,1917
53766,442,2009
53767,442,2005
53768,442,1943
53769,440,1810
53770,448,1684
53771,528,1531
53772,580,1514
53773,576,1583
53774,490,1771
53775,442,1916
53776,442,2008
53777,442,2005
53778,442,1943
53779,442,1788
53780,454,1696
53781,556,1548
53782,618,1501
53783,614,1572
53784,544,1749
53785,443,1898
53786,448,1999
53787,443,2009
53788,443,1947
53789,442,1821
53790,456,1699
53791,551,1551
53792,582,1515
53793,578,1587
53794,492,1771
53795,442,1915
53796,448,2008
53797,447,2005
53798,443,1943
53799,442,1811
53800,448,1681
53801,528,1531
53802,583,1511
53803,579,1583
53804,492,1771
53805,448,1916
53806,442,2007
53807,442,2005
53808,442,1943
53809,440,1811
53810,448,1685
53811,528,1532
53812,582,1513
53813,579,1583
53814,494,1769
53815,448,1915
53816,441,2008
53817,442,2005
53818,441,1943
53819,442,1810
53820,442,1687
53821,528,1533
53822,582,1511
53823,578,1582
53824,493,1769
53825,443,1915
53826,448,2007
53827,448,2005
53828,442,1943
53829,443,1811
53830,444,1687
53831,528,1541
53832,584,1511
53833,579,1581
53834,496,1769
53835,448,1915
53836,441,2009
53837,444,2006
53838,442,1945
53839,443,1809
53840,444,1687
53841,528,1541
53842,584,1512
53843,578,1581
53844,496,1767
53845,442,1914
53846,442,2007
53847,443,2007
53848,442,1944
53849,442,1811
53850,448,1687
53851,524,1541
53852,582,1511
53853,580,1581
53854,496,1767
53855,443,1915
53856,447,2006
53857,448,2007
53858,442,1945
53859,441,1813
53860,448,1688
53861,524,1542
53862,584,1511
53863,579,1582
53864,496,1768
53865,442,1915
53866,440,2005
53867,442,2005
53868,442,1945
53869,442,1813
53870,448,1688
53871,524,1541
53872,582,1511
53873,578,1581
53874,497,1765
53875,442,1913
53876,442,2006
53877,442,2007
53878,442,1945
53879,443,1799
53880,453,1703
53881,554,1555
53882,615,1497
53883,618,1567
53884,547,1741
53885,448,1897
53886,440,1996
53887,442,2012
53888,442,1948
53889,440,1823
53890,454,1704
53891,550,1555
53892,585,1513
53893,614,1581
53894,550,1739
53895,448,1899
53896,442,1996
53897,442,2011
53898,442,1949
53899,441,1829
53900,451,1706
53901,546,1555
53902,620,1497
53903,617,1566
53904,545,1739
53905,444,1901
53906,447,2009
53907,442,2005
53908,444,1945
53909,441,1815
53910,442,1693
53911,527,1543
53912,585,1509
53913,580,1579
53914,500,1763
53915,443,1912
53916,442,2005
53917,442,2007
53918,442,1946
53919,442,1815
53920,443,1693
53921,522,1544
53922,584,1508
53923,578,1579
53924,499,1762
53925,442,1913
53926,442,2007
53927,442,2008
53928,442,1946
53929,442,1815
53930,448,1693
53931,523,1545
53932,582,1511
53933,579,1579
53934,500,1761
53935,442,1911
53936,442,2005
53937,442,2009
53938,442,1947
53939,442,1816
53940,444,1695
53941,522,1544
53942,583,1509
53943,578,1580
53944,499,1759
53945,441,1912
53946,442,2005
53947,440,2008
53948,440,1947
53949,441,1817
53950,442,1694
53951,522,1545
53952,582,1509
53953,579,1579
53954,499,1759
53955,442,1912
53956,440,2005
53957,440,2009
53958,441,1948
53959,442,1817
53960,442,1693
53961,524,1545
53962,582,1509
53963,580,1577
53964,502,1757
53965,441,1912
53966,440,2005
53967,442,2008
53968,440,1947
53969,448,1817
53970,442,1695
53971,523,1545
53972,581,1508
53973,580,1580
53974,501,1758
53975,442,1910
53976,442,2005
53977,442,2007
53978,442,1946
53979,442,1817
53980,448,1694
53981,522,1545
53982,584,1509
53983,580,1577
53984,502,1755
53985,447,1909
53986,442,2004
53987,442,2008
53988,441,1949
53989,443,1817
53990,448,1696
53991,523,1545
53992,584,1509
53993,612,1576
53994,554,1727
53995,448,1895
53996,442,1994
53997,442,2015
53998,440,1955
53999,442,1833
54000,466,1661
54001,551,1560
54002,620,1495
54003,618,1565
54004,550,1733
54005,447,1917
54006,440,2005
54007,442,2009
54008,442,1948
54009,442,1820
54010,442,1698
54011,522,1548
54012,584,1507
54013,582,1577
54014,503,1755
54015,442,1909
54016,441,2004
54017,440,2009
54018,442,1948
54019,441,1821
54020,442,1702
54021,521,1549
54022,584,1508
54023,581,1577
54024,504,1756
54025,443,1909
54026,443,2004
54027,442,2011
54028,441,1951
54029,442,1821
54030,443,1695
54031,521,1549
54032,584,1506
54033,581,1577
54034,504,1751
54035,443,1907
54036,442,2003
54037,442,2011
54038,442,1949
54039,442,1819
54040,443,1699
54041,520,1549
54042,584,1503
54043,582,1576
54044,504,1753
54045,442,1908
54046,442,2003
54047,442,2012
54048,441,1950
54049,440,1819
54050,448,1701
54051,522,1550
54052,584,1508
54053,582,1577
54054,505,1753
54055,443,1909
54056,442,2003
54057,442,2011
54058,442,1950
54059,442,1821
54060,448,1696
54061,520,1551
54062,583,1503
54063,580,1583
54064,540,1751
54065,450,1887
54066,442,1992
54067,442,2015
54068,440,1956
54069,440,1835
54070,448,1711
54071,548,1562
54072,610,1495
54073,619,1564
54074,556,1721
54075,448,1891
54076,442,1991
54077,442,2007
54078,442,1949
54079,440,1816
54080,454,1703
54081,551,1563
54082,620,1493
54083,612,1565
54084,561,1720
54085,448,1891
54086,441,1993
54087,442,2017
54088,442,1956
54089,447,1835
54090,450,1715
54091,546,1563
54092,605,1501
54093,583,1579
54094,514,1752
54095,443,1907
54096,443,2001
54097,442,2011
54098,441,1951
54099,448,1822
54100,443,1702
54101,522,1551
54102,585,1501
54103,582,1575
54104,515,1749
54105,442,1907
54106,442,2002
54107,440,2011
54108,440,1951
54109,442,1821
54110,442,1702
54111,522,1551
54112,585,1502
54113,580,1589
54114,506,1753
54115,442,1907
54116,442,2003
54117,440,2011
54118,443,1951
54119,443,1823
54120,448,1703
54121,520,1553
54122,584,1506
54123,582,1576
54124,516,1751
54125,442,1903
54126,442,2001
54127,441,2011
54128,442,1951
54129,444,1823
54130,448,1704
54131,522,1551
54132,586,1502
54133,584,1575
54134,514,1747
54135,448,1903
54136,442,2002
54137,442,2012
54138,442,1951
54139,440,1827
54140,448,1703
54141,521,1553
54142,585,1501
54143,582,1575
54144,516,1747
54145,443,1903
54146,442,1999
54147,442,2013
54148,442,1951
54149,440,1823
54150,443,1705
54151,519,1553
54152,584,1501
54153,582,1575
54154,515,1747
54155,442,1903
54156,442,2002
54157,442,2013
54158,441,1955
54159,442,1827
54160,447,1703
54161,520,1553
54162,585,1501
54163,582,1573
54164,516,1746
54165,444,1902
54166,442,1997
54167,442,2015
54168,442,1950
54169,448,1827
54170,448,1704
54171,520,1553
54172,584,1501
54173,584,1573
54174,518,1743
54175,444,1902
54176,442,1997
54177,441,2011
54178,440,1951
54179,441,1821
54180,450,1707
54181,550,1565
54182,620,1494
54183,610,1563
54184,565,1711
54185,453,1885
54186,441,1991
54187,441,2019
54188,440,1958
54189,442,1843
54190,448,1718
54191,546,1565
54192,587,1506
54193,583,1576
54194,517,1747
54195,442,1902
54196,442,1997
54197,442,2014
54198,442,1955
54199,442,1829
54200,448,1703
54201,520,1555
54202,588,1500
54203,582,1573
54204,520,1741
54205,442,1899
54206,443,1997
54207,443,2015
54208,442,1955
54209,441,1829
54210,443,1706
54211,518,1556
54212,586,1499
54213,583,1573
54214,519,1741
54215,442,1899
54216,442,1997
54217,442,2017
54218,442,1956
54219,442,1831
54220,448,1707
54221,519,1557
54222,586,1499
54223,583,1572
54224,519,1739
54225,448,1899
54226,443,1997
54227,440,2013
54228,442,1951
54229,441,1832
54230,448,1708
54231,519,1557
54232,584,1498
54233,584,1572
54234,519,1739
54235,448,1899
54236,440,2001
54237,442,2015
54238,441,1956
54239,440,1832
54240,442,1709
54241,518,1558
54242,584,1499
54243,583,1571
54244,520,1738
54245,443,1899
54246,442,1997
54247,440,2015
54248,442,1956
54249,441,1832
54250,442,1709
54251,516,1558
54252,584,1499
54253,584,1568
54254,520,1737
54255,448,1899
54256,443,1997
54257,442,2014
54258,443,1955
54259,441,1832
54260,447,1710
54261,520,1557
54262,587,1499
54263,584,1571
54264,522,1737
54265,448,1897
54266,442,1997
54267,440,2013
54268,441,1957
54269,442,1833
54270,448,1709
54271,518,1558
54272,586,1499
54273,584,1572
54274,522,1736
54275,450,1898
54276,447,1997
54277,442,2013
54278,442,1956
54279,443,1832
54280,451,1711
54281,548,1571
54282,620,1492
54283,611,1561
54284,568,1705
54285,456,1881
54286,441,1983
54287,441,2021
54288,441,1959
54289,442,1847
54290,448,1721
54291,544,1573
54292,587,1501
54293,584,1573
54294,522,1738
54295,448,1897
54296,442,1995
54297,448,2018
54298,443,1957
54299,440,1835
54300,447,1711
54301,518,1563
54302,586,1497
54303,585,1572
54304,524,1735
54305,443,1897
54306,442,1996
54307,442,2020
54308,442,1957
54309,442,1835
54310,443,1711
54311,516,1561
54312,586,1497
54313,584,1567
54314,524,1733
54315,447,1897
54316,440,1995
54317,441,2019
54318,442,1957
54319,442,1835
54320,448,1711
54321,516,1560
54322,586,1496
54323,584,1567
54324,523,1735
54325,443,1895
54326,442,1994
54327,442,2019
54328,442,1959
54329,442,1835
54330,443,1715
54331,515,1561
54332,584,1495
54333,585,1567
54334,525,1727
54335,443,1895
54336,442,1995
54337,442,2019
54338,443,1957
54339,442,1837
54340,442,1711
54341,516,1562
54342,586,1497
54343,586,1568
54344,528,1725
54345,443,1895
54346,442,1995
54347,442,2021
54348,442,1958
54349,442,1838
54350,443,1716
54351,516,1563
54352,584,1499
54353,585,1567
54354,528,1725
54355,448,1893
54356,440,1993
54357,442,2018
54358,442,1957
54359,442,1839
54360,442,1712
54361,515,1564
54362,586,1494
54363,584,1567
54364,530,1725
54365,442,1891
54366,442,1993
54367,442,2019
54368,442,1957
54369,441,1837
54370,442,1715
54371,520,1559
54372,584,1493
54373,584,1559
54374,536,1692
54375,442,1883
54376,440,1992
54377,441,2024
54378,443,1967
54379,438,1851
54380,451,1721
54381,515,1573
54382,583,1498
54383,587,1553
54384,534,1710
54385,443,1866
54386,440,1975
54387,441,2009
54388,443,1961
54389,442,1839
54390,448,1716
54391,505,1575
54392,582,1497
54393,584,1561
54394,533,1701
54395,448,1891
54396,440,1983
54397,439,2019
54398,447,1960
54399,443,1843
54400,442,1727
54401,503,1581
54402,587,1491
54403,615,1571
54404,579,1695
54405,466,1874
54406,442,1981
54407,442,2023
54408,442,1961
54409,441,1860
54410,448,1726
54411,541,1577
54412,620,1491
54413,625,1559
54414,576,1693
54415,460,1870
54416,442,2003
54417,442,2019
54418,442,1956
54419,440,1839
54420,444,1715
54421,514,1565
54422,586,1495
54423,588,1565
54424,532,1723
54425,448,1891
54426,442,1991
54427,442,2019
54428,442,1959
54429,442,1843
54430,442,1719
54431,514,1567
54432,586,1494
54433,587,1563
54434,532,1719
54435,448,1886
54436,442,1992
54437,442,2020
54438,442,1957
54439,442,1843
54440,442,1716
54441,515,1567
54442,587,1493
54443,588,1565
54444,532,1721
54445,443,1887
54446,441,1992
54447,440,2021
54448,442,1959
54449,442,1844
54450,447,1717
54451,514,1567
54452,587,1494
54453,592,1564
54454,532,1716
54455,448,1890
54456,442,1993
54457,442,2021
54458,442,1960
54459,442,1844
54460,447,1719
54461,513,1565
54462,586,1495
54463,588,1567
54464,531,1719
54465,448,1885
54466,440,1992
54467,442,2021
54468,440,1959
54469,444,1845
54470,443,1717
54471,513,1571
54472,586,1495
54473,587,1565
54474,534,1719
54475,448,1887
54476,442,1993
54477,442,2023
54478,443,1961
54479,442,1846
54480,448,1717
54481,515,1571
54482,586,1492
54483,588,1564
54484,533,1717
54485,448,1885
54486,442,1991
54487,442,2022
54488,442,1959
54489,440,1847
54490,442,1719
54491,514,1572
54492,586,1495
54493,588,1564
54494,534,1715
54495,448,1885
54496,442,1991
54497,442,2022
54498,442,1960
54499,441,1847
54500,448,1704
54501,506,1567
54502,586,1493
54503,626,1565
54504,582,1685
54505,471,1865
54506,443,1977
54507,448,2023
54508,442,1962
54509,442,1865
54510,448,1735
54511,544,1581
54512,621,1491
54513,627,1556
54514,582,1688
54515,450,1877
54516,442,1993
54517,443,2023
54518,442,1959
54519,440,1849
54520,443,1721
54521,506,1573
54522,586,1493
54523,588,1563
54524,536,1711
54525,442,1883
54526,442,1989
54527,442,2023
54528,442,1960
54529,442,1849
54530,448,1722
54531,504,1573
54532,586,1495
54533,592,1562
54534,536,1709
54535,448,1881
54536,443,1991
54537,443,2023
54538,442,1962
54539,440,1850
54540,442,1723
54541,504,1573
54542,586,1493
54543,588,1561
54544,538,1709
54545,442,1881
54546,442,1989
54547,447,2021
54548,442,1961
54549,442,1851
54550,442,1720
54551,504,1573
54552,588,1491
54553,588,1563
54554,538,1708
54555,448,1881
54556,442,1991
54557,440,2023
54558,442,1961
54559,447,1851
54560,442,1723
54561,506,1574
54562,586,1493
54563,591,1571
54564,579,1699
54565,475,1861
54566,442,1977
54567,442,2025
54568,442,1965
54569,442,1868
54570,448,1738
54571,539,1587
54572,620,1487
54573,627,1556
54574,588,1677
54575,467,1863
54576,448,1996
54577,442,2023
54578,442,1963
54579,442,1832
54580,448,1735
54581,514,1589
54582,620,1489
54583,628,1555
54584,578,1678
54585,476,1865
54586,442,1977
54587,442,2027
54588,442,1967
54589,443,1870
54590,442,1741
54591,532,1589
54592,596,1495
54593,592,1567
54594,540,1705
54595,448,1880
54596,442,1984
54597,441,2023
54598,440,1961
54599,443,1853
54600,443,1721
54601,504,1575
54602,586,1493
54603,588,1563
54604,544,1703
54605,448,1879
54606,442,1984
54607,442,2024
54608,441,1963
54609,442,1851
54610,448,1725
54611,504,1575
54612,586,1493
54613,592,1571
54614,540,1707
54615,443,1878
54616,442,1983
54617,442,2023
54618,440,1963
54619,447,1855
54620,442,1727
54621,503,1579
54622,586,1493
54623,588,1563
54624,540,1702
54625,448,1877
54626,441,1989
54627,442,2025
54628,442,1961
54629,443,1855
54630,442,1727
54631,504,1580
54632,587,1492
54633,592,1560
54634,542,1703
54635,442,1877
54636,442,1984
54637,440,2025
54638,442,1964
54639,442,1861
54640,448,1727
54641,503,1577
54642,586,1491
54643,592,1561
54644,544,1699
54645,443,1877
54646,443,1982
54647,441,2023
54648,442,1962
54649,441,1855
54650,442,1725
54651,502,1575
54652,586,1493
54653,592,1561
54654,546,1701
54655,444,1877
54656,442,1983
54657,448,2025
54658,441,1963
54659,443,1861
54660,448,1727
54661,504,1578
54662,586,1492
54663,588,1561
54664,546,1699
54665,448,1875
54666,442,1983
54667,442,2025
54668,440,1964
54669,442,1862
54670,442,1727
54671,501,1579
54672,586,1491
54673,592,1561
54674,546,1695
54675,448,1875
54676,448,1981
54677,441,2024
54678,444,1963
54679,440,1837
54680,448,1739
54681,533,1595
54682,621,1485
54683,630,1549
54684,592,1671
54685,485,1849
54686,442,1973
54687,443,2025
54688,442,1967
54689,442,1877
54690,448,1743
54691,528,1595
54692,588,1492
54693,594,1560
54694,547,1695
54695,442,1870
54696,441,1979
54697,441,2024
54698,442,1965
54699,442,1864
54700,448,1733
54701,501,1583
54702,586,1492
54703,593,1559
54704,548,1692
54705,448,1870
54706,440,1980
54707,442,2026
54708,442,1967
54709,440,1867
54710,443,1736
54711,500,1583
54712,587,1492
54713,592,1558
54714,549,1691
54715,448,1870
54716,442,1981
54717,442,2026
54718,443,1965
54719,442,1865
54720,448,1735
54721,499,1583
54722,586,1491
54723,592,1558
54724,548,1691
54725,442,1869
54726,442,1981
54727,442,2025
54728,442,1965
54729,442,1868
54730,442,1736
54731,499,1583
54732,586,1491
54733,593,1559
54734,550,1689
54735,448,1867
54736,442,1979
54737,442,2027
54738,448,1965
54739,447,1867
54740,448,1735
54741,498,1583
54742,584,1491
54743,592,1557
54744,550,1688
54745,448,1866
54746,440,1979
54747,442,2025
54748,443,1964
54749,440,1869
54750,444,1738
54751,499,1587
54752,586,1491
54753,594,1557
54754,550,1688
54755,448,1868
54756,441,1979
54757,442,2025
54758,442,1965
54759,442,1868
54760,442,1736
54761,499,1587
54762,586,1491
54763,592,1557
54764,550,1687
54765,444,1867
54766,448,1979
54767,442,2027
54768,442,1967
54769,442,1869
54770,442,1737
54771,498,1588
54772,586,1491
54773,594,1559
54774,551,1687
54775,449,1867
54776,448,1979
54777,442,2027
54778,442,1966
54779,442,1849
54780,448,1747
54781,534,1598
54782,619,1487
54783,631,1549
54784,599,1657
54785,490,1845
54786,444,1967
54787,442,2025
54788,442,1972
54789,442,1883
54790,448,1749
54791,529,1605
54792,588,1491
54793,595,1558
54794,551,1688
54795,449,1866
54796,442,1977
54797,441,2027
54798,448,1965
54799,448,1869
54800,441,1737
54801,498,1587
54802,586,1491
54803,594,1557
54804,550,1683
54805,449,1863
54806,448,1977
54807,442,2026
54808,441,1967
54809,441,1871
54810,442,1739
54811,498,1591
54812,586,1491
54813,592,1557
54814,552,1683
54815,448,1865
54816,440,1977
54817,442,2027
54818,442,1967
54819,442,1871
54820,447,1740
54821,498,1589
54822,584,1491
54823,594,1555
54824,554,1679
54825,450,1861
54826,440,1976
54827,442,2025
54828,440,1965
54829,442,1873
54830,442,1741
54831,498,1591
54832,584,1491
54833,594,1556
54834,555,1679
54835,449,1863
54836,442,1977
54837,442,2027
54838,442,1971
54839,442,1875
54840,448,1739
54841,496,1591
54842,586,1487
54843,594,1557
54844,556,1678
54845,450,1855
54846,442,1977
54847,440,2027
54848,442,1967
54849,440,1875
54850,442,1742
54851,497,1591
54852,584,1492
54853,596,1555
54854,556,1675
54855,450,1855
54856,440,1977
54857,442,2027
54858,448,1967
54859,442,1875
54860,442,1742
54861,496,1591
54862,585,1491
54863,594,1553
54864,556,1678
54865,450,1861
54866,443,1977
54867,441,2027
54868,442,1967
54869,443,1875
54870,448,1740
54871,494,1593
54872,584,1491
54873,594,1556
54874,557,1675
54875,451,1855
54876,441,1977
54877,441,2027
54878,442,1971
54879,442,1861
54880,442,1753
54881,529,1611
54882,614,1491
54883,632,1545
54884,602,1647
54885,499,1835
54886,442,1964
54887,440,2027
54888,442,1975
54889,442,1892
54890,442,1756
54891,524,1612
54892,586,1492
54893,629,1555
54894,603,1645
54895,498,1835
54896,442,1964
54897,440,2025
54898,442,1974
54899,441,1891
54900,448,1757
54901,519,1611
54902,616,1491
54903,633,1544
54904,599,1645
54905,496,1835
54906,441,1979
54907,440,2029
54908,440,1971
54909,440,1878
54910,442,1748
54911,492,1597
54912,584,1491
54913,596,1553
54914,561,1669
54915,455,1849
54916,443,1973
54917,440,2027
54918,442,1971
54919,447,1881
54920,448,1747
54921,492,1597
54922,584,1491
54923,595,1553
54924,560,1669
54925,454,1851
54926,442,1973
54927,442,2028
54928,442,1971
54929,442,1881
54930,448,1748
54931,490,1599
54932,584,1492
54933,596,1549
54934,562,1670
54935,456,1849
54936,442,1973
54937,442,2028
54938,441,1972
54939,442,1881
54940,442,1749
54941,492,1599
54942,584,1491
54943,595,1554
54944,562,1663
54945,455,1849
54946,442,1973
54947,440,2029
54948,440,1971
54949,442,1881
54950,448,1751
54951,491,1599
54952,583,1489
54953,596,1550
54954,562,1661
54955,456,1847
54956,440,1972
54957,442,2028
54958,442,1973
54959,441,1880
54960,442,1749
54961,492,1599
54962,584,1491
54963,595,1549
54964,563,1662
54965,458,1847
54966,442,1971
54967,448,2028
54968,440,1972
54969,442,1883
54970,442,1750
54971,490,1599
54972,584,1489
54973,596,1553
54974,562,1660
54975,458,1848
54976,440,1971
54977,441,2029
54978,442,1973
54979,442,1884
54980,442,1751
54981,492,1604
54982,582,1489
54983,596,1551
54984,564,1658
54985,458,1847
54986,442,1972
54987,442,2027
54988,442,1973
54989,442,1885
54990,441,1752
54991,488,1607
54992,584,1489
54993,629,1547
54994,611,1636
54995,504,1827
54996,442,1957
54997,443,2025
54998,442,1977
54999,442,1898
55000,449,1727
55001,523,1622
55002,615,1495
55003,640,1533
55004,608,1639
55005,454,1863
55006,448,1971
55007,448,2027
55008,442,1973
55009,440,1883
55010,443,1753
55011,490,1607
55012,582,1490
55013,596,1549
55014,566,1657
55015,464,1843
55016,442,1970
55017,442,2029
55018,442,1975
55019,442,1886
55020,442,1755
55021,488,1609
55022,582,1492
55023,597,1548
55024,566,1656
55025,464,1843
55026,442,1971
55027,447,2027
55028,442,1975
55029,440,1887
55030,442,1755
55031,488,1609
55032,582,1491
55033,598,1548
55034,567,1657
55035,464,1843
55036,441,1967
55037,442,2027
55038,442,1976
55039,442,1891
55040,442,1753
55041,489,1610
55042,582,1491
55043,596,1549
55044,568,1652
55045,464,1843
55046,442,1967
55047,442,2027
55048,447,1974
55049,447,1890
55050,442,1755
55051,486,1610
55052,582,1491
55053,598,1547
55054,568,1652
55055,466,1838
55056,442,1965
55057,442,2029
55058,442,1976
55059,442,1891
55060,447,1756
55061,487,1611
55062,582,1491
55063,597,1553
55064,602,1653
55065,505,1821
55066,442,1949
55067,442,2025
55068,442,1979
55069,442,1903
55070,442,1766
55071,517,1628
55072,598,1495
55073,634,1533
55074,615,1625
55075,506,1821
55076,443,1949
55077,443,2029
55078,441,1976
55079,441,1885
55080,443,1757
55081,521,1628
55082,612,1496
55083,627,1533
55084,616,1626
55085,503,1820
55086,442,1950
55087,441,2023
55088,442,1979
55089,442,1903
55090,443,1769
55091,515,1627
55092,600,1492
55093,598,1553
55094,570,1651
55095,466,1837
55096,441,1965
55097,442,2029
55098,443,1976
55099,448,1893
55100,443,1758
55101,487,1612
55102,580,1493
55103,599,1545
55104,575,1647
55105,468,1837
55106,443,1963
55107,441,2029
55108,442,1977
55109,441,1895
55110,443,1758
55111,486,1614
55112,579,1493
55113,598,1556
55114,570,1648
55115,467,1836
55116,441,1962
55117,440,2030
55118,441,1976
55119,442,1893
55120,443,1763
55121,486,1613
55122,580,1493
55123,598,1544
55124,576,1644
55125,468,1835
55126,440,1964
55127,440,2027
55128,443,1977
55129,442,1895
55130,442,1759
55131,484,1619
55132,580,1494
55133,598,1544
55134,576,1643
55135,468,1835
55136,442,1963
55137,442,2027
55138,440,1977
55139,443,1896
55140,442,1758
55141,484,1614
55142,580,1493
55143,598,1545
55144,577,1642
55145,470,1835
55146,442,1960
55147,442,2028
55148,442,1978
55149,442,1897
55150,443,1763
55151,486,1618
55152,580,1495
55153,598,1544
55154,576,1641
55155,469,1833
55156,442,1959
55157,442,2027
55158,440,1977
55159,443,1897
55160,442,1763
55161,484,1619
55162,580,1495
55163,599,1544
55164,577,1642
55165,470,1833
55166,441,1961
55167,442,2029
55168,440,1979
55169,442,1899
55170,447,1763
55171,483,1621
55172,578,1495
55173,598,1544
55174,576,1641
55175,470,1831
55176,442,1960
55177,442,2027
55178,442,1979
55179,442,1895
55180,442,1765
55181,515,1641
55182,609,1503
55183,626,1529
55184,620,1615
55185,521,1813
55186,442,1943
55187,440,2020
55188,440,1981
55189,442,1912
55190,443,1773
55191,506,1637
55192,581,1493
55193,600,1545
55194,578,1642
55195,474,1831
55196,442,1957
55197,442,2027
55198,448,1979
55199,442,1900
55200,442,1763
55201,482,1623
55202,577,1497
55203,598,1543
55204,578,1637
55205,472,1831
55206,441,1957
55207,440,2027
55208,440,1981
55209,441,1903
55210,443,1767
55211,480,1625
55212,577,1496
55213,598,1533
55214,580,1635
55215,474,1827
55216,448,1957
55217,442,2027
55218,442,1979
55219,442,1903
55220,442,1767
55221,482,1623
55222,578,1496
55223,598,1542
55224,580,1635
55225,475,1823
55226,442,1955
55227,442,2025
55228,443,1979
55229,443,1903
55230,447,1766
55231,481,1625
55232,577,1497
55233,600,1541
55234,583,1634
55235,475,1827
55236,448,1955
55237,442,2027
55238,442,1980
55239,442,1907
55240,442,1769
55241,480,1626
55242,576,1497
55243,600,1542
55244,582,1631
55245,476,1823
55246,442,1955
55247,440,2026
55248,441,1981
55249,442,1904
55250,442,1769
55251,480,1626
55252,576,1498
55253,600,1533
55254,582,1629
55255,480,1821
55256,442,1951
55257,440,2025
55258,447,1983
55259,441,1908
55260,443,1769
55261,480,1628
55262,570,1499
55263,600,1541
55264,582,1631
55265,480,1822
55266,440,1957
55267,442,2025
55268,442,1981
55269,442,1909
55270,441,1769
55271,476,1629
55272,576,1498
55273,600,1533
55274,582,1628
55275,481,1821
55276,442,1951
55277,442,2025
55278,440,1983
55279,442,1907
55280,443,1771
55281,505,1645
55282,604,1509
55283,621,1526
55284,625,1607
55285,531,1803
55286,442,1935
55287,442,2015
55288,438,1991
55289,440,1925
55290,442,1783
55291,502,1647
55292,577,1497
55293,600,1533
55294,582,1629
55295,481,1820
55296,443,1950
55297,441,2025
55298,442,1982
55299,442,1910
55300,442,1771
55301,475,1631
55302,576,1499
55303,600,1533
55304,583,1625
55305,482,1819
55306,443,1948
55307,442,2023
55308,442,1983
55309,447,1911
55310,443,1771
55311,475,1635
55312,568,1501
55313,600,1531
55314,584,1624
55315,482,1817
55316,447,1948
55317,442,2025
55318,442,1983
55319,442,1911
55320,440,1771
55321,474,1634
55322,569,1499
55323,602,1529
55324,586,1623
55325,486,1816
55326,442,1946
55327,440,2025
55328,442,1983
55329,442,1911
55330,442,1773
55331,474,1635
55332,568,1503
55333,602,1531
55334,585,1623
55335,482,1818
55336,442,1947
55337,442,2023
55338,442,1983
55339,442,1913
55340,443,1772
55341,474,1636
55342,568,1503
55343,600,1532
55344,586,1621
55345,484,1816
55346,442,1945
55347,440,2023
55348,442,1989
55349,442,1912
55350,447,1774
55351,474,1637
55352,568,1503
55353,602,1529
55354,587,1621
55355,485,1815
55356,442,1945
55357,442,2023
55358,442,1984
55359,442,1913
55360,442,1775
55361,473,1639
55362,568,1503
55363,600,1529
55364,586,1621
55365,484,1812
55366,440,1945
55367,440,2025
55368,442,1984
55369,447,1912
55370,441,1773
55371,472,1640
55372,566,1506
55373,601,1530
55374,588,1619
55375,487,1814
55376,442,1943
55377,442,2023
55378,441,1990
55379,440,1913
55380,448,1775
55381,500,1658
55382,599,1515
55383,626,1519
55384,630,1597
55385,536,1789
55386,442,1929
55387,448,2011
55388,442,1993
55389,442,1929
55390,448,1788
55391,500,1657
55392,568,1501
55393,631,1529
55394,629,1595
55395,539,1789
55396,448,1929
55397,442,2011
55398,441,1995
55399,440,1931
55400,448,1789
55401,502,1657
55402,600,1516
55403,645,1517
55404,625,1595
55405,537,1789
55406,442,1952
55407,448,2022
55408,447,1990
55409,442,1917
55410,442,1781
55411,471,1641
55412,567,1509
55413,602,1529
55414,588,1619
55415,490,1811
55416,442,1943
55417,441,2021
55418,448,1991
55419,442,1918
55420,441,1781
55421,471,1641
55422,566,1509
55423,602,1529
55424,588,1617
55425,490,1811
55426,442,1941
55427,441,2021
55428,442,1989
55429,442,1919
55430,440,1780
55431,471,1644
55432,566,1510
55433,602,1527
55434,591,1611
55435,490,1809
55436,442,1941
55437,440,2020
55438,442,1991
55439,442,1919
55440,442,1781
55441,470,1645
55442,567,1511
55443,602,1528
55444,592,1612
55445,491,1805
55446,443,1939
55447,440,2021
55448,442,1991
55449,443,1925
55450,440,1779
55451,470,1647
55452,566,1509
55453,602,1527
55454,592,1613
55455,490,1806
55456,440,1939
55457,440,2021
55458,440,1991
55459,442,1927
55460,442,1783
55461,468,1647
55462,564,1511
55463,602,1527
55464,594,1609
55465,492,1803
55466,444,1938
55467,442,2020
55468,442,1993
55469,442,1919
55470,442,1782
55471,468,1647
55472,564,1511
55473,602,1527
55474,592,1609
55475,493,1804
55476,442,1939
55477,442,2019
55478,442,1992
55479,442,1925
55480,442,1783
55481,467,1652
55482,565,1511
55483,603,1525
55484,593,1610
55485,494,1801
55486,442,1935
55487,442,2019
55488,440,1993
55489,439,1928
55490,440,1785
55491,466,1653
55492,562,1512
55493,630,1529
55494,632,1589
55495,547,1779
55496,443,1919
55497,440,2009
55498,442,1997
55499,442,1935
55500,448,1773
55501,502,1659
55502,585,1523
55503,645,1514
55504,629,1589
55505,535,1781
55506,442,1943
55507,441,2021
55508,442,1994
55509,442,1928
55510,442,1785
55511,466,1655
55512,563,1515
55513,602,1525
55514,595,1606
55515,500,1797
55516,448,1935
55517,442,2018
55518,442,1995
55519,440,1931
55520,442,1785
55521,465,1657
55522,564,1515
55523,604,1525
55524,592,1605
55525,499,1798
55526,443,1932
55527,442,2015
55528,442,1993
55529,442,1931
55530,441,1787
55531,465,1655
55532,563,1514
55533,604,1523
55534,595,1605
55535,501,1798
55536,441,1932
55537,441,2017
55538,442,1993
55539,442,1932
55540,442,1787
55541,464,1657
55542,562,1515
55543,602,1523
55544,594,1604
55545,499,1791
55546,442,1932
55547,442,2015
55548,440,1994
55549,441,1931
55550,442,1787
55551,464,1659
55552,563,1516
55553,603,1523
55554,595,1599
55555,502,1791
55556,447,1932
55557,442,2014
55558,440,1995
55559,443,1932
55560,442,1787
55561,461,1659
55562,561,1516
55563,602,1528
55564,632,1593
55565,554,1768
55566,448,1915
55567,440,2007
55568,442,2002
55569,443,1939
55570,442,1803
55571,492,1683
55572,594,1529
55573,645,1511
55574,640,1581
55575,542,1770
55576,443,1943
55577,440,2017
55578,442,1997
55579,442,1912
55580,442,1802
55581,469,1683
55582,594,1530
55583,644,1513
55584,626,1581
55585,554,1771
55586,449,1914
55587,440,2007
55588,442,2003
55589,442,1943
55590,442,1807
55591,483,1683
55592,564,1517
55593,604,1525
55594,597,1598
55595,503,1789
55596,443,1931
55597,442,2017
55598,442,1996
55599,448,1933
55600,440,1786
55601,466,1659
55602,560,1519
55603,604,1519
55604,598,1596
55605,503,1787
55606,442,1930
55607,440,2013
55608,442,1997
55609,441,1933
55610,440,1797
55611,459,1662
55612,558,1520
55613,603,1530
55614,594,1597
55615,503,1788
55616,442,1930
55617,442,2017
55618,440,1997
55619,442,1934
55620,443,1791
55621,464,1661
55622,558,1519
55623,608,1519
55624,598,1596
55625,506,1786
55626,448,1928
55627,443,2013
55628,442,1997
55629,442,1933
55630,442,1791
55631,460,1668
55632,560,1519
55633,603,1519
55634,597,1593
55635,505,1785
55636,442,1928
55637,442,2013
55638,443,1997
55639,442,1934
55640,440,1797
55641,460,1663
55642,561,1519
55643,608,1517
55644,598,1593
55645,514,1784
55646,448,1927
55647,448,2011
55648,443,1998
55649,448,1934
55650,443,1799
55651,458,1669
55652,558,1523
55653,604,1519
55654,598,1593
55655,514,1784
55656,443,1927
55657,442,2011
55658,442,1996
55659,442,1935
55660,442,1799
55661,458,1670
55662,560,1525
55663,604,1519
55664,598,1594
55665,514,1783
55666,443,1927
55667,442,2013
55668,443,1998
55669,442,1935
55670,442,1799
55671,458,1672
55672,556,1525
55673,604,1517
55674,598,1592
55675,514,1783
55676,442,1927
55677,442,2012
55678,447,1998
55679,448,1933
55680,448,1813
55681,487,1690
55682,588,1544
55683,647,1509
55684,641,1577
55685,564,1755
55686,452,1909
55687,442,2003
55688,442,2007
55689,441,1945
55690,442,1813
55691,474,1693
55692,560,1519
55693,609,1518
55694,598,1592
55695,516,1780
55696,442,1927
55697,440,2009
55698,442,1999
55699,447,1939
55700,441,1799
55701,458,1675
55702,554,1528
55703,608,1517
55704,599,1590
55705,517,1776
55706,444,1919
55707,442,2011
55708,442,2002
55709,442,1939
55710,443,1803
55711,456,1677
55712,553,1527
55713,604,1516
55714,599,1588
55715,519,1775
55716,442,1919
55717,442,2009
55718,442,2003
55719,443,1941
55720,442,1803
55721,456,1677
55722,554,1528
55723,608,1515
55724,600,1588
55725,518,1775
55726,448,1917
55727,441,2009
55728,443,2001
55729,443,1940
55730,443,1804
55731,455,1677
55732,552,1529
55733,609,1513
55734,600,1587
55735,520,1776
55736,442,1917
55737,441,2009
55738,442,2001
55739,442,1940
55740,448,1803
55741,456,1678
55742,552,1531
55743,608,1513
55744,600,1588
55745,520,1773
55746,443,1917
55747,443,2007
55748,444,2003
55749,440,1941
55750,444,1805
55751,456,1683
55752,552,1529
55753,610,1514
55754,600,1587
55755,520,1773
55756,448,1917
55757,442,2009
55758,443,2003
55759,442,1942
55760,442,1805
55761,454,1683
55762,554,1531
55763,608,1513
55764,600,1588
55765,520,1771
55766,448,1917
55767,442,2008
55768,442,2005
55769,448,1943
55770,442,1805
55771,454,1683
55772,552,1529
55773,609,1512
55774,600,1587
55775,521,1769
55776,442,1915
55777,442,2007
55778,443,2003
55779,442,1929
55780,443,1818
55781,483,1701
55782,583,1549
55783,647,1502
55784,644,1573
55785,570,1743
55786,460,1900
55787,443,1997
55788,448,2009
55789,443,1948
55790,443,1821
55791,476,1703
55792,555,1529
55793,608,1513
55794,602,1583
55795,528,1768
55796,448,1915
55797,442,2005
55798,442,2005
55799,448,1943
55800,448,1804
55801,454,1683
55802,551,1533
55803,607,1511
55804,603,1583
55805,524,1769
55806,444,1915
55807,444,2007
55808,443,2004
55809,443,1944
55810,442,1813
55811,452,1687
55812,552,1532
55813,608,1509
55814,602,1583
55815,524,1765
55816,442,1915
55817,442,2007
55818,442,2007
55819,442,1945
55820,442,1811
55821,452,1687
55822,551,1533
55823,610,1510
55824,603,1581
55825,528,1765
55826,444,1913
55827,442,2007
55828,440,2005
55829,448,1944
55830,442,1813
55831,451,1689
55832,551,1541
55833,610,1511
55834,604,1581
55835,528,1767
55836,448,1914
55837,442,2007
55838,442,2007
55839,440,1946
55840,440,1815
55841,451,1689
55842,550,1543
55843,608,1509
55844,602,1581
55845,528,1765
55846,444,1913
55847,442,2007
55848,441,2008
55849,442,1945
55850,441,1814
55851,451,1691
55852,548,1543
55853,608,1511
55854,602,1579
55855,528,1765
55856,442,1911
55857,441,2005
55858,442,2007
55859,440,1948
55860,442,1815
55861,450,1691
55862,550,1543
55863,608,1507
55864,602,1577
55865,531,1759
55866,442,1910
55867,442,2005
55868,442,2008
55869,442,1947
55870,442,1815
55871,449,1691
55872,548,1543
55873,609,1509
55874,603,1579
55875,530,1759
55876,443,1911
55877,448,2004
55878,441,2008
55879,440,1938
55880,442,1829
55881,476,1707
55882,580,1556
55883,648,1497
55884,644,1571
55885,581,1733
55886,467,1895
55887,443,1993
55888,448,2013
55889,442,1955
55890,448,1829
55891,472,1709
55892,555,1529
55893,646,1507
55894,644,1566
55895,579,1736
55896,455,1895
55897,448,1992
55898,442,2013
55899,442,1951
55900,448,1832
55901,466,1707
55902,580,1557
55903,648,1497
55904,643,1567
55905,579,1737
55906,442,1916
55907,442,2005
55908,442,2009
55909,442,1947
55910,442,1820
55911,448,1694
55912,548,1546
55913,610,1507
55914,607,1579
55915,534,1755
55916,448,1908
55917,448,2004
55918,442,2009
55919,440,1947
55920,442,1819
55921,448,1699
55922,548,1547
55923,610,1507
55924,603,1577
55925,534,1756
55926,442,1907
55927,442,2003
55928,442,2011
55929,440,1948
55930,442,1821
55931,450,1696
55932,546,1547
55933,608,1506
55934,607,1575
55935,534,1752
55936,448,1903
55937,441,2003
55938,444,2009
55939,441,1949
55940,442,1823
55941,448,1699
55942,546,1548
55943,610,1506
55944,603,1577
55945,534,1752
55946,448,1907
55947,448,2003
55948,442,2011
55949,442,1951
55950,442,1823
55951,448,1701
55952,546,1548
55953,610,1508
55954,604,1575
55955,535,1752
55956,447,1904
55957,440,2003
55958,442,2012
55959,441,1948
55960,443,1823
55961,448,1702
55962,545,1549
55963,610,1502
55964,608,1575
55965,536,1751
55966,443,1903
55967,442,2001
55968,442,2011
55969,441,1949
55970,442,1827
55971,448,1702
55972,544,1553
55973,610,1503
55974,604,1575
55975,537,1749
55976,448,1901
55977,443,2000
55978,442,2012
55979,442,1950
55980,442,1823
55981,449,1703
55982,545,1553
55983,609,1503
55984,608,1576
55985,536,1749
55986,448,1903
55987,442,1999
55988,442,2011
55989,442,1949
55990,442,1823
55991,448,1703
55992,547,1548
55993,645,1500
55994,646,1565
55995,586,1720
55996,458,1885
55997,442,1991
55998,441,2017
55999,443,1957
56000,443,1801
56001,468,1717
56002,579,1563
56003,647,1491
56004,641,1563
56005,534,1765
56006,448,1901
56007,448,2003
56008,443,2013
56009,443,1950
56010,440,1821
56011,441,1703
56012,537,1558
56013,610,1481
56014,608,1555
56015,547,1716
56016,442,1891
56017,440,1997
56018,441,2024
56019,442,1951
56020,441,1843
56021,450,1712
56022,537,1561
56023,604,1496
56024,610,1554
56025,553,1720
56026,442,1883
56027,443,1999
56028,444,2020
56029,448,1957
56030,448,1833
56031,448,1701
56032,538,1556
56033,608,1481
56034,610,1564
56035,550,1711
56036,441,1901
56037,440,1992
56038,443,2019
56039,443,1943
56040,448,1849
56041,439,1717
56042,548,1547
56043,609,1501
56044,608,1575
56045,541,1741
56046,449,1901
56047,448,1997
56048,444,2013
56049,442,1951
56050,442,1829
56051,449,1708
56052,539,1557
56053,611,1499
56054,608,1571
56055,544,1740
56056,448,1900
56057,442,1997
56058,442,2014
56059,442,1955
56060,442,1830
56061,442,1707
56062,538,1556
56063,612,1507
56064,643,1567
56065,592,1709
56066,479,1883
56067,442,1989
56068,443,2020
56069,442,1958
56070,442,1848
56071,464,1719
56072,562,1568
56073,647,1493
56074,650,1561
56075,586,1710
56076,472,1881
56077,442,2001
56078,448,2013
56079,442,1951
56080,442,1835
56081,467,1721
56082,576,1571
56083,634,1494
56084,649,1561
56085,585,1707
56086,475,1881
56087,442,1982
56088,442,2020
56089,442,1957
56090,448,1848
56091,458,1721
56092,562,1561
56093,612,1501
56094,609,1573
56095,546,1739
56096,448,1899
56097,442,1997
56098,442,2019
56099,442,1956
56100,443,1835
56101,448,1709
56102,538,1560
56103,610,1499
56104,608,1571
56105,547,1736
56106,448,1896
56107,442,1997
56108,443,2015
56109,447,1955
56110,442,1834
56111,449,1709
56112,538,1561
56113,612,1511
56114,610,1568
56115,546,1735
56116,448,1897
56117,442,1995
56118,442,2014
56119,441,1955
56120,441,1833
56121,450,1711
56122,540,1560
56123,611,1496
56124,609,1566
56125,548,1727
56126,448,1895
56127,442,1995
56128,442,2019
56129,447,1957
56130,442,1835
56131,448,1710
56132,539,1560
56133,610,1497
56134,608,1567
56135,548,1727
56136,448,1895
56137,442,1995
56138,440,2017
56139,442,1956
56140,442,1835
56141,447,1711
56142,539,1560
56143,611,1495
56144,610,1567
56145,548,1726
56146,448,1893
56147,442,1995
56148,442,2020
56149,442,1957
56150,442,1837
56151,447,1715
56152,539,1563
56153,608,1497
56154,608,1567
56155,549,1727
56156,443,1895
56157,442,1992
56158,442,2019
56159,442,1957
56160,442,1838
56161,443,1715
56162,538,1563
56163,609,1496
56164,608,1567
56165,550,1723
56166,447,1893
56167,440,1993
56168,442,2019
56169,442,1956
56170,442,1837
56171,443,1711
56172,536,1565
56173,610,1495
56174,609,1566
56175,550,1727
56176,449,1894
56177,443,1995
56178,442,2020
56179,442,1957
56180,442,1845
56181,460,1727
56182,566,1579
56183,632,1493
56184,648,1557
56185,596,1699
56186,480,1875
56187,448,1979
56188,441,2023
56189,441,1962
56190,441,1861
56191,456,1725
56192,538,1560
56193,609,1497
56194,610,1567
56195,552,1721
56196,449,1889
56197,442,1991
56198,442,2020
56199,442,1957
56200,442,1835
56201,448,1717
56202,534,1565
56203,610,1494
56204,610,1565
56205,552,1719
56206,449,1890
56207,442,1991
56208,442,2020
56209,442,1959
56210,442,1844
56211,448,1717
56212,535,1566
56213,610,1495
56214,610,1564
56215,551,1717
56216,448,1887
56217,442,1991
56218,442,2021
56219,443,1959
56220,442,1845
56221,444,1717
56222,534,1567
56223,608,1495
56224,610,1565
56225,553,1719
56226,450,1887
56227,442,1991
56228,441,2021
56229,441,1960
56230,442,1845
56231,448,1719
56232,535,1565
56233,611,1495
56234,611,1565
56235,554,1715
56236,449,1886
56237,442,1991
56238,443,2022
56239,448,1959
56240,448,1845
56241,442,1721
56242,534,1567
56243,608,1494
56244,611,1565
56245,554,1717
56246,448,1884
56247,440,1991
56248,442,2022
56249,440,1960
56250,442,1847
56251,448,1720
56252,534,1572
56253,608,1494
56254,608,1563
56255,554,1715
56256,450,1886
56257,442,1990
56258,447,2022
56259,447,1959
56260,442,1845
56261,448,1719
56262,534,1568
56263,608,1493
56264,610,1565
56265,554,1715
56266,448,1884
56267,440,1991
56268,442,2021
56269,442,1959
56270,442,1847
56271,448,1720
56272,534,1571
56273,609,1493
56274,610,1564
56275,557,1709
56276,450,1883
56277,443,1991
56278,442,2022
56279,442,1959
56280,442,1851
56281,455,1736
56282,563,1583
56283,630,1491
56284,650,1555
56285,604,1687
56286,488,1865
56287,442,1976
56288,442,2024
56289,442,1963
56290,442,1867
56291,454,1735
56292,535,1563
56293,610,1493
56294,611,1562
56295,560,1707
56296,451,1881
56297,442,1984
56298,442,2022
56299,442,1961
56300,448,1851
56301,443,1722
56302,534,1573
56303,610,1491
56304,612,1561
56305,562,1707
56306,452,1880
56307,442,1989
56308,443,2022
56309,442,1961
56310,442,1851
56311,448,1723
56312,531,1575
56313,610,1493
56314,612,1563
56315,562,1707
56316,452,1881
56317,444,1983
56318,442,2022
56319,441,1961
56320,442,1853
56321,447,1724
56322,532,1577
56323,609,1493
56324,610,1561
56325,562,1705
56326,454,1876
56327,441,1982
56328,442,2023
56329,442,1961
56330,443,1851
56331,448,1723
56332,532,1577
56333,612,1491
56334,614,1562
56335,566,1703
56336,454,1879
56337,441,1983
56338,440,2024
56339,442,1963
56340,442,1853
56341,442,1727
56342,530,1578
56343,608,1491
56344,612,1562
56345,562,1703
56346,454,1877
56347,442,1989
56348,440,2023
56349,441,1963
56350,441,1855
56351,448,1727
56352,529,1578
56353,607,1494
56354,610,1561
56355,564,1701
56356,455,1879
56357,442,1983
56358,442,2024
56359,442,1963
56360,442,1855
56361,448,1727
56362,530,1578
56363,608,1492
56364,612,1561
56365,565,1696
56366,455,1877
56367,442,1983
56368,442,2024
56369,442,1963
56370,440,1855
56371,443,1725
56372,531,1579
56373,609,1491
56374,612,1561
56375,565,1701
56376,455,1877
56377,442,1983
56378,442,2023
56379,442,1961
56380,441,1861
56381,452,1741
56382,560,1591
56383,628,1486
56384,652,1553
56385,612,1674
56386,492,1854
56387,443,1973
56388,441,2024
56389,442,1965
56390,442,1876
56391,450,1741
56392,532,1572
56393,642,1493
56394,652,1549
56395,613,1673
56396,502,1853
56397,442,1971
56398,442,2024
56399,442,1965
56400,448,1876
56401,454,1743
56402,558,1593
56403,646,1487
56404,647,1549
56405,610,1674
56406,452,1883
56407,444,1982
56408,442,2021
56409,442,1964
56410,442,1863
56411,448,1735
56412,529,1581
56413,610,1492
56414,614,1561
56415,568,1693
56416,458,1875
56417,440,1981
56418,440,2024
56419,442,1965
56420,442,1864
56421,442,1735
56422,530,1581
56423,610,1491
56424,613,1559
56425,568,1691
56426,459,1870
56427,441,1981
56428,442,2023
56429,442,1964
56430,443,1865
56431,448,1733
56432,528,1581
56433,608,1493
56434,612,1560
56435,568,1691
56436,458,1873
56437,443,1981
56438,442,2025
56439,442,1965
56440,442,1864
56441,448,1735
56442,525,1583
56443,608,1493
56444,614,1561
56445,570,1691
56446,460,1871
56447,442,1979
56448,443,2025
56449,442,1964
56450,442,1864
56451,448,1736
56452,528,1581
56453,609,1491
56454,614,1557
56455,569,1690
56456,464,1867
56457,442,1979
56458,448,2023
56459,448,1965
56460,440,1865
56461,448,1737
56462,528,1583
56463,608,1491
56464,613,1559
56465,576,1685
56466,464,1868
56467,442,1979
56468,443,2026
56469,441,1964
56470,442,1867
56471,443,1735
56472,524,1587
56473,608,1491
56474,614,1558
56475,570,1687
56476,464,1867
56477,442,1979
56478,442,2025
56479,442,1965
56480,443,1867
56481,443,1735
56482,524,1582
56483,604,1493
56484,612,1559
56485,576,1685
56486,460,1867
56487,440,1979
56488,442,2025
56489,442,1965
56490,448,1869
56491,442,1739
56492,524,1588
56493,644,1493
56494,656,1547
56495,618,1657
56496,515,1845
56497,441,1967
56498,442,2027
56499,440,1971
56500,442,1855
56501,452,1743
56502,545,1604
56503,644,1487
56504,650,1547
56505,610,1659
56506,458,1871
56507,442,1977
56508,442,2024
56509,441,1965
56510,442,1870
56511,448,1741
56512,522,1589
56513,608,1491
56514,614,1557
56515,578,1679
56516,465,1865
56517,440,1978
56518,442,2027
56519,448,1967
56520,442,1870
56521,442,1741
56522,524,1590
56523,604,1490
56524,614,1555
56525,579,1677
56526,467,1864
56527,442,1977
56528,442,2027
56529,442,1967
56530,442,1875
56531,441,1741
56532,521,1591
56533,608,1490
56534,614,1555
56535,579,1678
56536,468,1863
56537,448,1976
56538,442,2027
56539,442,1968
56540,442,1870
56541,442,1741
56542,523,1591
56543,608,1491
56544,614,1555
56545,579,1677
56546,469,1862
56547,442,1975
56548,443,2025
56549,442,1967
56550,441,1874
56551,447,1742
56552,522,1589
56553,608,1489
56554,615,1555
56555,580,1675
56556,469,1861
56557,442,1975
56558,443,2027
56559,441,1971
56560,442,1875
56561,447,1743
56562,521,1592
56563,612,1491
56564,656,1553
56565,625,1646
56566,520,1839
56567,443,1967
56568,442,2027
56569,442,1973
56570,442,1889
56571,448,1754
56572,549,1609
56573,643,1487
56574,656,1545
56575,615,1651
56576,464,1877
56577,442,1974
56578,442,2027
56579,442,1961
56580,442,1885
56581,448,1753
56582,550,1609
56583,646,1490
56584,640,1545
56585,624,1651
56586,522,1839
56587,443,1963
56588,441,2029
56589,442,1975
56590,442,1892
56591,444,1751
56592,527,1593
56593,609,1491
56594,616,1555
56595,579,1675
56596,472,1853
56597,442,1975
56598,442,2027
56599,442,1971
56600,443,1870
56601,442,1743
56602,521,1595
56603,608,1487
56604,616,1551
56605,582,1673
56606,474,1853
56607,442,1976
56608,442,2028
56609,441,1968
56610,441,1879
56611,448,1747
56612,519,1596
56613,612,1493
56614,616,1556
56615,582,1675
56616,472,1852
56617,442,1975
56618,441,2028
56619,440,1967
56620,442,1877
56621,448,1745
56622,519,1595
56623,604,1488
56624,614,1553
56625,583,1671
56626,474,1853
56627,440,1975
56628,442,2029
56629,443,1971
56630,443,1880
56631,447,1748
56632,519,1597
56633,604,1491
56634,616,1553
56635,584,1671
56636,472,1852
56637,442,1973
56638,442,2027
56639,442,1972
56640,442,1881
56641,447,1749
56642,518,1597
56643,603,1491
56644,614,1555
56645,583,1671
56646,472,1851
56647,440,1975
56648,441,2029
56649,440,1973
56650,442,1881
56651,448,1749
56652,518,1599
56653,602,1491
56654,615,1553
56655,582,1669
56656,475,1852
56657,440,1975
56658,442,2028
56659,443,1972
56660,442,1883
56661,442,1749
56662,518,1599
56663,603,1492
56664,615,1553
56665,586,1662
56666,476,1851
56667,442,1973
56668,442,2031
56669,442,1973
56670,442,1883
56671,448,1749
56672,518,1597
56673,601,1491
56674,616,1549
56675,584,1663
56676,475,1850
56677,442,1973
56678,443,2028
56679,441,1965
56680,442,1896
56681,448,1759
56682,545,1621
56683,640,1492
56684,656,1543
56685,631,1635
56686,530,1831
56687,443,1957
56688,442,2025
56689,441,1977
56690,441,1897
56691,443,1763
56692,520,1597
56693,602,1487
56694,616,1549
56695,586,1659
56696,476,1848
56697,443,1973
56698,440,2028
56699,442,1973
56700,442,1885
56701,448,1752
56702,517,1605
56703,604,1492
56704,616,1549
56705,585,1659
56706,480,1845
56707,442,1968
56708,440,2029
56709,443,1975
56710,442,1884
56711,441,1753
56712,516,1607
56713,601,1492
56714,616,1549
56715,588,1657
56716,482,1845
56717,448,1967
56718,444,2029
56719,442,1975
56720,441,1887
56721,442,1752
56722,515,1608
56723,601,1491
56724,616,1547
56725,586,1656
56726,482,1844
56727,442,1971
56728,441,2028
56729,440,1976
56730,442,1886
56731,442,1753
56732,514,1608
56733,600,1491
56734,615,1548
56735,588,1656
56736,481,1844
56737,448,1967
56738,442,2029
56739,443,1975
56740,442,1891
56741,442,1755
56742,515,1608
56743,600,1492
56744,616,1549
56745,591,1655
56746,486,1839
56747,448,1971
56748,442,2027
56749,442,1976
56750,440,1891
56751,441,1757
56752,514,1609
56753,600,1493
56754,616,1546
56755,591,1652
56756,483,1843
56757,442,1965
56758,442,2028
56759,441,1976
56760,441,1891
56761,442,1755
56762,513,1610
56763,600,1491
56764,616,1547
56765,588,1653
56766,484,1839
56767,442,1965
56768,443,2029
56769,442,1976
56770,443,1892
56771,443,1757
56772,506,1610
56773,600,1491
56774,616,1547
56775,592,1651
56776,483,1839
56777,444,1965
56778,440,2028
56779,441,1968
56780,440,1901
56781,448,1767
56782,533,1627
56783,631,1497
56784,658,1533
56785,640,1624
56786,536,1820
56787,444,1949
56788,443,2021
56789,442,1979
56790,442,1903
56791,448,1769
56792,516,1607
56793,602,1491
56794,616,1545
56795,593,1648
56796,486,1838
56797,442,1963
56798,442,2029
56799,441,1978
56800,442,1891
56801,444,1755
56802,505,1613
56803,600,1491
56804,616,1545
56805,594,1645
56806,487,1837
56807,442,1964
56808,442,2029
56809,442,1977
56810,441,1895
56811,447,1757
56812,504,1614
56813,600,1492
56814,617,1545
56815,594,1645
56816,486,1835
56817,448,1963
56818,442,2029
56819,442,1977
56820,442,1896
56821,448,1757
56822,504,1615
56823,599,1493
56824,618,1545
56825,595,1645
56826,488,1835
56827,448,1963
56828,442,2029
56829,443,1977
56830,448,1895
56831,442,1763
56832,504,1615
56833,600,1493
56834,618,1545
56835,596,1644
56836,487,1836
56837,443,1961
56838,442,2028
56839,442,1979
56840,448,1897
56841,448,1759
56842,503,1619
56843,600,1493
56844,618,1545
56845,596,1641
56846,490,1833
56847,443,1959
56848,448,2027
56849,448,1979
56850,442,1897
56851,448,1763
56852,504,1619
56853,598,1493
56854,617,1543
56855,598,1640
56856,490,1834
56857,442,1961
56858,441,2027
56859,442,1978
56860,442,1898
56861,442,1761
56862,503,1617
56863,599,1493
56864,618,1543
56865,596,1640
56866,491,1831
56867,442,1960
56868,443,2027
56869,442,1979
56870,442,1897
56871,442,1763
56872,501,1620
56873,598,1493
56874,619,1544
56875,598,1641
56876,492,1831
56877,442,1959
56878,443,2026
56879,442,1973
56880,442,1909
56881,443,1773
56882,535,1636
56883,628,1502
56884,659,1529
56885,644,1618
56886,545,1812
56887,443,1943
56888,441,2021
56889,442,1983
56890,442,1913
56891,448,1774
56892,515,1611
56893,631,1495
56894,659,1527
56895,644,1619
56896,533,1811
56897,443,1940
56898,442,2021
56899,442,1983
56900,442,1915
56901,448,1775
56902,535,1638
56903,627,1506
56904,658,1527
56905,642,1615
56906,489,1837
56907,444,1960
56908,440,2027
56909,442,1979
56910,443,1903
56911,442,1765
56912,500,1624
56913,596,1494
56914,619,1541
56915,599,1635
56916,498,1828
56917,442,1958
56918,440,2025
56919,443,1981
56920,442,1902
56921,442,1767
56922,500,1625
56923,595,1498
56924,619,1543
56925,600,1635
56926,494,1827
56927,448,1957
56928,442,2027
56929,442,1980
56930,443,1903
56931,447,1765
56932,500,1625
56933,596,1496
56934,619,1532
56935,600,1634
56936,497,1824
56937,442,1957
56938,442,2027
56939,442,1979
56940,443,1906
56941,441,1767
56942,498,1625
56943,594,1497
56944,620,1533
56945,600,1629
56946,499,1823
56947,447,1955
56948,442,2025
56949,442,1981
56950,443,1904
56951,442,1767
56952,499,1627
56953,595,1497
56954,620,1533
56955,602,1629
56956,499,1821
56957,442,1955
56958,442,2023
56959,441,1981
56960,442,1907
56961,442,1769
56962,499,1627
56963,596,1499
56964,618,1533
56965,603,1629
56966,501,1822
56967,441,1954
56968,442,2025
56969,440,1982
56970,443,1909
56971,442,1769
56972,498,1629
56973,596,1497
56974,619,1533
56975,602,1629
56976,501,1821
56977,448,1951
56978,442,2025
56979,442,1981
56980,443,1908
56981,448,1771
56982,499,1631
56983,594,1499
56984,620,1533
56985,600,1628
56986,500,1819
56987,441,1951
56988,440,2025
56989,441,1981
56990,442,1910
56991,442,1771
56992,499,1628
56993,628,1501
56994,660,1525
56995,648,1608
56996,536,1803
56997,444,1933
56998,441,2019
56999,441,1992
57000,442,1884
57001,443,1783
57002,532,1645
57003,622,1511
57004,656,1525
57005,602,1640
57006,501,1819
57007,442,1951
57008,440,2025
57009,441,1983
57010,442,1910
57011,442,1771
57012,494,1635
57013,592,1501
57014,620,1531
57015,602,1625
57016,502,1817
57017,448,1949
57018,442,2023
57019,440,1983
57020,442,1911
57021,448,1772
57022,492,1635
57023,592,1502
57024,619,1531
57025,604,1624
57026,502,1817
57027,442,1948
57028,442,2025
57029,441,1982
57030,442,1913
57031,448,1774
57032,492,1636
57033,593,1499
57034,620,1529
57035,607,1623
57036,504,1815
57037,448,1945
57038,443,2023
57039,442,1983
57040,442,1912
57041,447,1772
57042,491,1637
57043,592,1506
57044,621,1530
57045,607,1623
57046,505,1815
57047,442,1946
57048,442,2024
57049,440,1981
57050,442,1914
57051,447,1775
57052,492,1638
57053,592,1503
57054,620,1529
57055,608,1621
57056,506,1815
57057,443,1945
57058,441,2024
57059,442,1989
57060,442,1915
57061,440,1774
57062,492,1639
57063,600,1495
57064,656,1528
57065,647,1596
57066,556,1791
57067,443,1931
57068,443,2013
57069,441,1993
57070,442,1927
57071,442,1787
57072,522,1655
57073,620,1514
57074,662,1519
57075,646,1597
57076,550,1791
57077,444,1951
57078,440,2024
57079,441,1983
57080,443,1915
57081,448,1787
57082,528,1655
57083,612,1515
57084,662,1519
57085,644,1597
57086,554,1788
57087,450,1929
57088,442,2011
57089,440,1993
57090,442,1929
57091,442,1787
57092,516,1644
57093,594,1499
57094,622,1529
57095,608,1619
57096,506,1813
57097,448,1943
57098,442,2023
57099,440,1989
57100,442,1917
57101,442,1780
57102,489,1643
57103,586,1508
57104,622,1527
57105,610,1618
57106,514,1811
57107,442,1943
57108,442,2021
57109,442,1990
57110,440,1916
57111,442,1779
57112,490,1643
57113,601,1493
57114,620,1529
57115,608,1615
57116,506,1813
57117,443,1943
57118,442,2022
57119,442,1991
57120,440,1917
57121,442,1779
57122,492,1643
57123,588,1509
57124,621,1528
57125,610,1615
57126,514,1806
57127,442,1943
57128,442,2023
57129,442,1990
57130,440,1917
57131,442,1779
57132,489,1643
57133,591,1507
57134,620,1528
57135,610,1613
57136,516,1805
57137,447,1941
57138,442,2023
57139,442,1990
57140,448,1917
57141,442,1779
57142,490,1643
57143,587,1511
57144,620,1527
57145,610,1614
57146,516,1807
57147,443,1939
57148,442,2021
57149,448,1991
57150,442,1918
57151,443,1781
57152,488,1645
57153,587,1510
57154,622,1527
57155,610,1611
57156,517,1807
57157,448,1939
57158,442,2019
57159,440,1989
57160,442,1919
57161,442,1781
57162,489,1644
57163,588,1511
57164,622,1527
57165,612,1611
57166,518,1805
57167,443,1941
57168,440,2021
57169,441,1991
57170,442,1925
57171,442,1781
57172,489,1647
57173,588,1509
57174,620,1526
57175,611,1610
57176,517,1803
57177,442,1940
57178,442,2020
57179,442,1989
57180,443,1929
57181,442,1799
57182,520,1669
57183,603,1523
57184,663,1515
57185,652,1590
57186,556,1783
57187,452,1917
57188,442,2009
57189,442,1997
57190,448,1933
57191,442,1798
57192,491,1641
57193,591,1509
57194,622,1525
57195,612,1610
57196,521,1802
57197,448,1939
57198,441,2021
57199,441,1993
57200,441,1919
57201,448,1783
57202,486,1651
57203,584,1513
57204,624,1525
57205,612,1607
57206,520,1802
57207,448,1935
57208,442,2018
57209,441,1993
57210,441,1928
57211,441,1785
57212,486,1651
57213,584,1513
57214,622,1526
57215,613,1606
57216,521,1803
57217,442,1932
57218,442,2019
57219,448,1992
57220,442,1928
57221,442,1783
57222,486,1655
57223,584,1515
57224,620,1523
57225,614,1605
57226,522,1801
57227,442,1932
57228,442,2018
57229,442,1994
57230,442,1927
57231,442,1785
57232,485,1655
57233,584,1515
57234,622,1523
57235,612,1604
57236,522,1800
57237,443,1933
57238,441,2015
57239,442,1993
57240,440,1930
57241,442,1785
57242,487,1656
57243,584,1514
57244,624,1525
57245,613,1605
57246,524,1799
57247,448,1931
57248,442,2015
57249,442,1995
57250,442,1931
57251,442,1787
57252,484,1657
57253,584,1515
57254,626,1523
57255,614,1604
57256,524,1798
57257,442,1933
57258,442,2015
57259,442,1995
57260,442,1931
57261,448,1786
57262,486,1655
57263,583,1515
57264,624,1523
57265,614,1599
57266,527,1797
57267,442,1931
57268,440,2015
57269,442,1994
57270,440,1932
57271,442,1787
57272,483,1657
57273,582,1516
57274,620,1523
57275,614,1603
57276,524,1797
57277,441,1931
57278,442,2015
57279,440,1995
57280,441,1931
57281,442,1805
57282,518,1679
57283,600,1529
57284,664,1508
57285,658,1583
57286,565,1771
57287,458,1913
57288,442,2007
57289,441,2003
57290,440,1942
57291,442,1805
57292,483,1656
57293,584,1513
57294,624,1523
57295,615,1598
57296,530,1788
57297,448,1931
57298,442,2014
57299,442,1995
57300,442,1933
57301,442,1790
57302,482,1661
57303,583,1519
57304,626,1519
57305,616,1596
57306,529,1788
57307,443,1931
57308,442,2014
57309,442,1996
57310,442,1935
57311,442,1791
57312,482,1662
57313,580,1519
57314,626,1519
57315,615,1597
57316,531,1787
57317,442,1929
57318,441,2013
57319,441,1996
57320,440,1935
57321,442,1790
57322,482,1663
57323,582,1519
57324,625,1519
57325,616,1595
57326,531,1787
57327,442,1929
57328,442,2013
57329,440,1996
57330,442,1933
57331,448,1790
57332,480,1663
57333,581,1523
57334,626,1519
57335,616,1594
57336,532,1785
57337,442,1929
57338,440,2013
57339,442,1997
57340,442,1935
57341,442,1797
57342,480,1663
57343,580,1523
57344,625,1517
57345,616,1595
57346,531,1787
57347,448,1928
57348,442,2013
57349,441,1999
57350,442,1935
57351,447,1798
57352,480,1671
57353,580,1523
57354,624,1519
57355,616,1593
57356,532,1785
57357,442,1927
57358,440,2011
57359,442,1998
57360,440,1939
57361,442,1799
57362,480,1671
57363,578,1526
57364,626,1517
57365,616,1593
57366,534,1783
57367,443,1927
57368,442,2011
57369,442,1997
57370,440,1939
57371,442,1799
57372,476,1673
57373,580,1523
57374,622,1517
57375,616,1592
57376,532,1782
57377,444,1927
57378,443,2012
57379,440,1997
57380,441,1939
57381,442,1814
57382,505,1689
57383,595,1541
57384,664,1507
57385,659,1578
57386,570,1762
57387,464,1909
57388,443,2004
57389,442,2007
57390,440,1945
57391,443,1813
57392,482,1661
57393,614,1519
57394,665,1507
57395,660,1579
57396,583,1758
57397,471,1909
57398,441,2004
57399,442,2005
57400,441,1945
57401,442,1813
57402,514,1689
57403,604,1542
57404,658,1507
57405,646,1580
57406,530,1790
57407,442,1927
57408,440,2012
57409,442,1999
57410,442,1939
57411,440,1803
57412,476,1675
57413,578,1525
57414,626,1517
57415,618,1589
57416,535,1779
57417,448,1919
57418,440,2010
57419,443,2003
57420,442,1939
57421,442,1801
57422,476,1675
57423,578,1527
57424,626,1516
57425,618,1590
57426,536,1779
57427,442,1920
57428,442,2011
57429,440,1998
57430,442,1941
57431,442,1803
57432,475,1676
57433,578,1527
57434,627,1515
57435,618,1589
57436,538,1775
57437,442,1919
57438,447,2010
57439,442,2003
57440,440,1941
57441,441,1803
57442,475,1677
57443,578,1528
57444,626,1515
57445,619,1589
57446,538,1773
57447,442,1919
57448,441,2012
57449,442,2003
57450,440,1941
57451,442,1805
57452,474,1679
57453,578,1527
57454,627,1513
57455,619,1588
57456,536,1776
57457,443,1916
57458,442,2009
57459,442,2004
57460,440,1941
57461,440,1805
57462,474,1679
57463,576,1529
57464,626,1515
57465,619,1587
57466,538,1775
57467,448,1919
57468,442,2009
57469,440,2003
57470,442,1941
57471,440,1805
57472,475,1681
57473,576,1529
57474,627,1515
57475,620,1587
57476,539,1773
57477,448,1916
57478,442,2008
57479,440,2005
57480,441,1941
57481,442,1805
57482,474,1679
57483,576,1531
57484,626,1515
57485,619,1587
57486,540,1773
57487,442,1917
57488,441,2008
57489,442,2003
57490,441,1943
57491,442,1807
57492,472,1684
57493,614,1525
57494,666,1499
57495,662,1573
57496,588,1749
57497,480,1899
57498,443,1997
57499,442,2009
57500,440,1934
57501,442,1813
57502,491,1699
57503,605,1549
57504,662,1501
57505,650,1573
57506,538,1782
57507,448,1917
57508,442,2009
57509,440,2006
57510,441,1943
57511,442,1812
57512,472,1684
57513,576,1535
57514,627,1512
57515,624,1583
57516,544,1769
57517,447,1913
57518,440,2009
57519,442,2006
57520,440,1945
57521,442,1811
57522,472,1685
57523,569,1534
57524,626,1512
57525,620,1582
57526,544,1767
57527,448,1915
57528,442,2008
57529,442,2006
57530,442,1943
57531,442,1813
57532,470,1686
57533,570,1533
57534,626,1511
57535,620,1579
57536,540,1767
57537,444,1914
57538,441,2007
57539,442,2008
57540,442,1945
57541,440,1813
57542,471,1687
57543,570,1532
57544,628,1511
57545,622,1579
57546,545,1767
57547,449,1912
57548,442,2008
57549,442,2007
57550,442,1945
57551,442,1815
57552,470,1688
57553,568,1533
57554,626,1510
57555,622,1579
57556,547,1766
57557,448,1913
57558,442,2005
57559,442,2008
57560,440,1945
57561,442,1814
57562,470,1688
57563,582,1519
57564,665,1507
57565,663,1567
57566,594,1741
57567,482,1899
57568,442,1995
57569,442,2011
57570,442,1949
57571,442,1829
57572,497,1703
57573,604,1549
57574,666,1496
57575,658,1567
57576,544,1782
57577,448,1913
57578,441,2007
57579,442,1997
57580,442,1949
57581,448,1829
57582,499,1705
57583,602,1553
57584,656,1497
57585,666,1571
57586,598,1739
57587,486,1896
57588,443,1996
57589,443,2011
57590,442,1951
57591,442,1828
57592,473,1689
57593,578,1529
57594,628,1509
57595,625,1581
57596,549,1764
57597,448,1912
57598,447,2005
57599,442,2007
57600,441,1943
57601,441,1811
57602,470,1690
57603,570,1535
57604,628,1508
57605,626,1576
57606,550,1761
57607,448,1911
57608,442,2005
57609,443,2005
57610,440,1947
57611,442,1815
57612,466,1694
57613,586,1519
57614,628,1509
57615,624,1580
57616,549,1763
57617,448,1913
57618,448,2005
57619,442,2008
57620,442,1946
57621,442,1816
57622,470,1691
57623,569,1543
57624,628,1509
57625,625,1579
57626,550,1759
57627,443,1911
57628,442,2007
57629,442,2008
57630,441,1947
57631,442,1816
57632,468,1692
57633,568,1543
57634,628,1509
57635,626,1579
57636,550,1759
57637,448,1911
57638,442,2006
57639,441,2009
57640,442,1945
57641,442,1816
57642,470,1693
57643,568,1545
57644,630,1508
57645,626,1579
57646,550,1758
57647,443,1911
57648,442,2005
57649,448,1989
57650,448,1947
57651,451,1843
57652,452,1705
57653,564,1553
57654,630,1497
57655,627,1557
57656,562,1727
57657,450,1883
57658,440,1977
57659,441,2010
57660,438,1951
57661,441,1829
57662,458,1707
57663,562,1555
57664,628,1499
57665,620,1573
57666,564,1739
57667,451,1913
57668,436,2002
57669,442,2026
57670,442,1944
57671,440,1829
57672,455,1705
57673,563,1560
57674,634,1496
57675,625,1573
57676,563,1727
57677,448,1895
57678,450,1993
57679,440,2013
57680,442,1950
57681,441,1819
57682,492,1711
57683,595,1560
57684,667,1495
57685,666,1565
57686,600,1725
57687,490,1893
57688,448,1992
57689,441,2015
57690,442,1955
57691,442,1837
57692,489,1711
57693,567,1545
57694,628,1507
57695,626,1575
57696,554,1755
57697,448,1904
57698,442,2003
57699,442,2011
57700,440,1951
57701,442,1821
57702,466,1700
57703,566,1551
57704,628,1503
57705,626,1575
57706,556,1751
57707,450,1907
57708,442,1998
57709,442,2012
57710,443,1950
57711,442,1823
57712,465,1701
57713,563,1551
57714,628,1502
57715,626,1574
57716,556,1750
57717,449,1903
57718,441,2003
57719,441,2011
57720,442,1951
57721,442,1823
57722,464,1701
57723,564,1553
57724,630,1501
57725,626,1574
57726,558,1750
57727,451,1903
57728,442,1998
57729,440,2012
57730,442,1951
57731,442,1823
57732,464,1704
57733,564,1549
57734,630,1502
57735,626,1573
57736,561,1747
57737,450,1903
57738,442,1999
57739,441,2013
57740,442,1951
57741,442,1827
57742,460,1702
57743,564,1553
57744,630,1503
57745,627,1575
57746,560,1748
57747,450,1902
57748,442,1999
57749,441,2012
57750,442,1952
57751,442,1827
57752,460,1705
57753,564,1555
57754,628,1501
57755,627,1573
57756,561,1748
57757,451,1901
57758,442,1999
57759,442,2013
57760,440,1951
57761,442,1828
57762,459,1705
57763,563,1555
57764,629,1501
57765,626,1573
57766,562,1746
57767,450,1901
57768,440,1999
57769,441,2015
57770,442,1954
57771,440,1828
57772,459,1705
57773,562,1556
57774,629,1499
57775,626,1572
57776,562,1743
57777,452,1901
57778,442,1999
57779,440,2013
57780,441,1946
57781,442,1839
57782,488,1718
57783,595,1565
57784,668,1491
57785,666,1563
57786,610,1711
57787,497,1883
57788,442,1989
57789,442,2020
57790,441,1957
57791,440,1843
57792,483,1718
57793,566,1547
57794,630,1501
57795,627,1573
57796,562,1741
57797,452,1899
57798,442,1997
57799,442,2013
57800,441,1951
57801,441,1827
57802,461,1707
57803,562,1555
57804,630,1499
57805,629,1567
57806,562,1741
57807,453,1899
57808,442,1997
57809,440,2013
57810,442,1951
57811,441,1830
57812,459,1707
57813,562,1556
57814,630,1499
57815,627,1571
57816,564,1740
57817,452,1899
57818,440,1997
57819,442,2014
57820,440,1955
57821,442,1830
57822,460,1706
57823,562,1555
57824,631,1497
57825,628,1572
57826,563,1739
57827,455,1899
57828,442,1995
57829,440,2018
57830,441,1951
57831,442,1831
57832,458,1708
57833,562,1557
57834,630,1499
57835,628,1571
57836,566,1737
57837,455,1898
57838,442,1997
57839,442,2015
57840,442,1955
57841,442,1832
57842,458,1708
57843,562,1557
57844,631,1499
57845,628,1571
57846,565,1737
57847,455,1897
57848,442,1995
57849,442,2019
57850,442,1955
57851,442,1832
57852,458,1708
57853,560,1559
57854,630,1497
57855,627,1571
57856,564,1736
57857,455,1896
57858,448,1996
57859,443,2015
57860,447,1957
57861,442,1834
57862,456,1711
57863,562,1560
57864,631,1497
57865,628,1567
57866,566,1735
57867,455,1897
57868,440,1995
57869,440,2019
57870,441,1956
57871,442,1834
57872,456,1710
57873,561,1560
57874,630,1497
57875,628,1567
57876,568,1735
57877,456,1896
57878,441,1995
57879,440,2018
57880,441,1949
57881,442,1847
57882,485,1721
57883,592,1573
57884,666,1490
57885,668,1560
57886,615,1703
57887,504,1879
57888,444,1983
57889,442,2023
57890,442,1961
57891,442,1847
57892,482,1722
57893,568,1551
57894,667,1496
57895,668,1562
57896,617,1703
57897,491,1877
57898,442,1980
57899,442,2020
57900,442,1959
57901,443,1851
57902,474,1721
57903,592,1573
57904,672,1487
57905,667,1559
57906,615,1703
57907,454,1901
57908,441,1996
57909,441,2020
57910,442,1958
57911,441,1837
57912,456,1711
57913,560,1561
57914,630,1495
57915,630,1567
57916,576,1724
57917,460,1892
57918,442,1995
57919,442,2018
57920,440,1957
57921,442,1839
57922,455,1715
57923,558,1561
57924,630,1495
57925,630,1565
57926,576,1725
57927,460,1893
57928,443,1995
57929,442,2021
57930,442,1956
57931,442,1839
57932,456,1715
57933,556,1562
57934,631,1494
57935,631,1567
57936,571,1722
57937,463,1887
57938,447,1992
57939,442,2019
57940,440,1959
57941,442,1839
57942,454,1717
57943,556,1563
57944,630,1495
57945,630,1565
57946,575,1723
57947,463,1892
57948,447,1993
57949,442,2021
57950,448,1957
57951,441,1843
57952,455,1718
57953,558,1565
57954,632,1493
57955,632,1563
57956,578,1720
57957,464,1890
57958,442,1993
57959,447,2020
57960,448,1957
57961,440,1843
57962,454,1718
57963,556,1565
57964,632,1491
57965,631,1567
57966,577,1721
57967,465,1886
57968,442,1993
57969,447,2020
57970,448,1957
57971,443,1842
57972,455,1717
57973,557,1564
57974,630,1492
57975,631,1565
57976,577,1719
57977,465,1890
57978,440,1992
57979,442,2019
57980,442,1957
57981,443,1843
57982,454,1717
57983,556,1565
57984,630,1495
57985,631,1563
57986,578,1718
57987,465,1886
57988,443,1993
57989,442,2020
57990,442,1959
57991,442,1844
57992,454,1717
57993,556,1563
57994,667,1493
57995,673,1555
57996,625,1691
57997,500,1868
57998,444,1977
57999,440,2023
58000,441,1951
58001,442,1863
58002,469,1725
58003,592,1578
58004,668,1487
58005,664,1557
58006,577,1734
58007,465,1886
58008,442,1992
58009,441,2021
58010,442,1960
58011,440,1845
58012,452,1720
58013,554,1567
58014,631,1493
58015,631,1564
58016,580,1715
58017,468,1885
58018,443,1991
58019,442,2022
58020,448,1959
58021,442,1847
58022,450,1719
58023,554,1567
58024,630,1493
58025,631,1564
58026,582,1709
58027,468,1885
58028,442,1992
58029,441,2020
58030,440,1961
58031,442,1847
58032,451,1720
58033,552,1573
58034,630,1495
58035,630,1563
58036,580,1711
58037,466,1884
58038,442,1991
58039,442,2023
58040,441,1961
58041,442,1849
58042,450,1721
58043,552,1573
58044,630,1493
58045,632,1562
58046,582,1711
58047,468,1883
58048,442,1991
58049,447,2023
58050,443,1961
58051,440,1849
58052,450,1721
58053,553,1572
58054,628,1495
58055,630,1561
58056,582,1708
58057,470,1883
58058,444,1989
58059,441,2022
58060,442,1961
58061,440,1849
58062,450,1723
58063,564,1559
58064,662,1493
58065,670,1555
58066,626,1685
58067,503,1865
58068,448,1973
58069,443,2023
58070,442,1965
58071,442,1867
58072,476,1735
58073,584,1583
58074,668,1485
58075,664,1555
58076,619,1686
58077,466,1893
58078,440,1989
58079,442,2021
58080,442,1961
58081,442,1867
58082,480,1735
58083,578,1583
58084,667,1487
58085,666,1555
58086,624,1683
58087,523,1863
58088,443,1975
58089,448,2024
58090,442,1963
58091,442,1867
58092,468,1725
58093,560,1565
58094,630,1493
58095,632,1562
58096,584,1705
58097,472,1880
58098,442,1982
58099,441,2023
58100,442,1961
58101,442,1851
58102,450,1723
58103,552,1573
58104,631,1492
58105,633,1560
58106,584,1703
58107,472,1878
58108,442,1983
58109,447,2021
58110,443,1963
58111,441,1855
58112,448,1725
58113,566,1555
58114,632,1492
58115,633,1563
58116,586,1705
58117,473,1879
58118,448,1984
58119,442,2024
58120,442,1961
58121,442,1853
58122,448,1725
58123,551,1576
58124,630,1492
58125,632,1561
58126,584,1703
58127,472,1879
58128,443,1983
58129,447,2023
58130,443,1963
58131,448,1853
58132,448,1726
58133,554,1577
58134,630,1491
58135,632,1561
58136,586,1701
58137,474,1879
58138,442,1981
58139,442,2023
58140,442,1963
58141,442,1853
58142,448,1727
58143,552,1577
58144,630,1491
58145,632,1563
58146,587,1702
58147,474,1877
58148,443,1980
58149,442,2023
58150,442,1963
58151,442,1853
58152,448,1725
58153,551,1576
58154,630,1492
58155,632,1560
58156,588,1699
58157,475,1877
58158,442,1982
58159,442,2023
58160,442,1961
58161,448,1855
58162,448,1726
58163,552,1576
58164,630,1492
58165,632,1559
58166,588,1695
58167,475,1875
58168,443,1981
58169,442,2023
58170,441,1963
58171,442,1854
58172,448,1726
58173,551,1579
58174,630,1493
58175,632,1561
58176,588,1695
58177,476,1875
58178,442,1981
58179,443,2022
58180,442,1963
58181,443,1875
58182,473,1740
58183,568,1591
58184,666,1486
58185,672,1551
58186,627,1673
58187,527,1851
58188,442,1973
58189,442,2025
58190,442,1967
58191,441,1875
58192,450,1724
58193,551,1577
58194,630,1491
58195,640,1559
58196,592,1694
58197,482,1874
58198,440,1982
58199,442,2023
58200,448,1961
58201,447,1862
58202,448,1727
58203,548,1581
58204,630,1490
58205,632,1559
58206,592,1693
58207,480,1875
58208,443,1982
58209,442,2024
58210,442,1965
58211,447,1864
58212,448,1734
58213,548,1580
58214,630,1490
58215,634,1559
58216,592,1693
58217,482,1870
58218,443,1981
58219,442,2025
58220,442,1963
58221,443,1863
58222,449,1735
58223,547,1581
58224,628,1492
58225,640,1558
58226,594,1691
58227,482,1871
58228,442,1980
58229,442,2024
58230,447,1964
58231,442,1864
58232,443,1734
58233,548,1583
58234,630,1491
58235,640,1557
58236,594,1691
58237,482,1869
58238,442,1981
58239,448,2026
58240,441,1965
58241,442,1865
58242,448,1735
58243,548,1583
58244,628,1491
58245,633,1558
58246,595,1689
58247,482,1867
58248,442,1980
58249,441,2025
58250,442,1964
58251,442,1865
58252,449,1735
58253,547,1583
58254,630,1491
58255,634,1556
58256,596,1688
58257,484,1868
58258,442,1980
58259,442,2025
58260,442,1965
58261,442,1867
58262,450,1735
58263,548,1583
58264,630,1487
58265,640,1555
58266,596,1687
58267,486,1867
58268,448,1977
58269,448,2023
58270,444,1965
58271,448,1865
58272,449,1737
58273,547,1587
58274,630,1491
58275,640,1557
58276,592,1688
58277,484,1868
58278,442,1979
58279,443,2024
58280,442,1965
58281,442,1882
58282,470,1749
58283,563,1597
58284,664,1487
58285,676,1548
58286,633,1659
58287,532,1845
58288,448,1970
58289,441,2027
58290,448,1971
58291,443,1883
58292,448,1736
58293,550,1581
58294,629,1489
58295,641,1556
58296,596,1685
58297,486,1865
58298,442,1978
58299,442,2025
58300,443,1966
58301,448,1869
58302,448,1739
58303,545,1589
58304,627,1491
58305,634,1553
58306,598,1683
58307,487,1863
58308,448,1977
58309,442,2027
58310,443,1967
58311,448,1873
58312,448,1741
58313,546,1590
58314,628,1490
58315,634,1557
58316,598,1683
58317,487,1863
58318,448,1977
58319,442,2025
58320,442,1967
58321,442,1871
58322,449,1739
58323,546,1589
58324,628,1489
58325,640,1555
58326,599,1679
58327,488,1861
58328,448,1977
58329,442,2025
58330,443,1967
58331,442,1874
58332,448,1740
58333,546,1589
58334,628,1490
58335,640,1554
58336,599,1677
58337,489,1862
58338,442,1976
58339,442,2027
58340,443,1967
58341,443,1875
58342,448,1741
58343,544,1590
58344,628,1487
58345,640,1554
58346,600,1677
58347,488,1861
58348,442,1975
58349,442,2027
58350,440,1967
58351,442,1871
58352,448,1745
58353,544,1593
58354,628,1490
58355,642,1554
58356,602,1677
58357,491,1855
58358,448,1975
58359,442,2028
58360,442,1971
58361,442,1878
58362,447,1742
58363,540,1593
58364,626,1490
58365,640,1555
58366,600,1677
58367,490,1863
58368,442,1976
58369,442,2029
58370,442,1967
58371,442,1877
58372,448,1743
58373,540,1595
58374,628,1491
58375,639,1555
58376,600,1675
58377,490,1855
58378,442,1975
58379,442,2027
58380,443,1971
58381,448,1890
58382,466,1755
58383,560,1609
58384,662,1490
58385,676,1545
58386,643,1647
58387,538,1835
58388,448,1963
58389,444,2027
58390,443,1974
58391,443,1891
58392,448,1737
58393,578,1589
58394,663,1490
58395,679,1543
58396,650,1646
58397,541,1833
58398,448,1963
58399,442,2025
58400,443,1973
58401,441,1891
58402,465,1753
58403,576,1611
58404,659,1491
58405,676,1545
58406,600,1687
58407,492,1861
58408,442,1975
58409,440,2029
58410,443,1971
58411,442,1878
58412,449,1745
58413,541,1593
58414,629,1489
58415,642,1553
58416,603,1673
58417,497,1853
58418,447,1975
58419,448,2028
58420,443,1968
58421,448,1879
58422,448,1746
58423,540,1595
58424,628,1491
58425,642,1553
58426,607,1672
58427,497,1853
58428,448,1973
58429,442,2026
58430,442,1971
58431,442,1879
58432,448,1745
58433,540,1595
58434,627,1487
58435,640,1554
58436,603,1670
58437,494,1853
58438,448,1973
58439,448,2029
58440,442,1973
58441,442,1881
58442,448,1749
58443,539,1597
58444,628,1491
58445,641,1553
58446,604,1670
58447,498,1851
58448,443,1975
58449,442,2029
58450,443,1971
58451,441,1881
58452,448,1748
58453,540,1598
58454,628,1487
58455,642,1550
58456,604,1669
58457,497,1849
58458,442,1975
58459,442,2028
58460,443,1971
58461,442,1881
58462,447,1748
58463,539,1597
58464,628,1489
58465,642,1553
58466,608,1663
58467,498,1850
58468,442,1972
58469,441,2026
58470,442,1972
58471,441,1883
58472,448,1749
58473,538,1604
58474,626,1491
58475,642,1551
58476,608,1663
58477,498,1849
58478,442,1973
58479,444,2029
58480,442,1973
58481,442,1883
58482,444,1747
58483,538,1599
58484,626,1487
58485,641,1549
58486,608,1662
58487,500,1847
58488,447,1973
58489,443,2028
58490,442,1973
58491,448,1881
58492,448,1750
58493,582,1593
58494,660,1491
58495,679,1541
58496,655,1637
58497,552,1827
58498,448,1957
58499,443,2025
58500,442,1967
58501,443,1891
58502,452,1759
58503,568,1621
58504,660,1491
58505,662,1531
58506,604,1675
58507,500,1848
58508,449,1971
58509,443,2028
58510,442,1973
58511,443,1885
58512,448,1751
58513,537,1606
58514,628,1491
58515,642,1548
58516,610,1659
58517,502,1843
58518,443,1971
58519,442,2028
58520,442,1973
58521,442,1886
58522,447,1750
58523,536,1607
58524,625,1491
58525,642,1547
58526,611,1657
58527,502,1845
58528,448,1967
58529,442,2028
58530,442,1975
58531,443,1891
58532,448,1752
58533,536,1609
58534,626,1491
58535,643,1546
58536,612,1656
58537,503,1844
58538,448,1968
58539,447,2028
58540,442,1974
58541,442,1890
58542,448,1753
58543,536,1609
58544,626,1491
58545,642,1547
58546,611,1655
58547,503,1843
58548,442,1967
58549,442,2028
58550,442,1973
58551,442,1891
58552,448,1753
58553,536,1608
58554,624,1491
58555,642,1549
58556,610,1653
58557,504,1839
58558,440,1967
58559,442,2028
58560,441,1975
58561,442,1891
58562,448,1753
58563,547,1588
58564,662,1492
58565,679,1533
58566,657,1631
58567,552,1823
58568,451,1911
58569,448,2023
58570,442,1979
58571,443,1903
58572,454,1764
58573,566,1623
58574,660,1495
58575,670,1533
58576,608,1678
58577,504,1843
58578,447,1967
58579,442,2027
58580,442,1977
58581,442,1902
58582,456,1765
58583,566,1623
58584,647,1495
58585,680,1533
58586,660,1629
58587,560,1820
58588,450,1951
58589,448,2024
58590,442,1979
58591,442,1903
58592,448,1755
58593,539,1599
58594,626,1491
58595,643,1547
58596,614,1653
58597,514,1837
58598,447,1965
58599,442,2029
58600,443,1973
58601,442,1887
58602,442,1754
58603,536,1609
58604,625,1491
58605,643,1545
58606,614,1651
58607,514,1839
58608,448,1964
58609,443,2027
58610,442,1975
58611,442,1893
58612,448,1756
58613,548,1588
58614,627,1490
58615,645,1545
58616,616,1647
58617,514,1838
58618,442,1965
58619,442,2029
58620,448,1976
58621,444,1893
58622,448,1756
58623,534,1611
58624,624,1491
58625,644,1547
58626,615,1648
58627,506,1838
58628,448,1965
58629,442,2027
58630,442,1975
58631,442,1893
58632,448,1757
58633,534,1611
58634,624,1491
58635,644,1546
58636,614,1647
58637,514,1839
58638,448,1965
58639,448,2027
58640,442,1976
58641,442,1893
58642,448,1757
58643,534,1612
58644,620,1493
58645,643,1547
58646,614,1646
58647,515,1835
58648,442,1964
58649,443,2027
58650,443,1976
58651,448,1895
58652,448,1756
58653,534,1613
58654,620,1491
58655,646,1545
58656,616,1645
58657,516,1836
58658,448,1964
58659,447,2029
58660,448,1977
58661,443,1894
58662,448,1757
58663,535,1611
58664,624,1491
58665,644,1544
58666,618,1644
58667,518,1834
58668,448,1963
58669,447,2027
58670,448,1977
58671,448,1893
58672,442,1757
58673,534,1613
58674,622,1492
58675,644,1544
58676,618,1644
58677,518,1835
58678,448,1962
58679,443,2027
58680,448,1979
58681,443,1909
58682,452,1772
58683,563,1631
58684,656,1499
58685,682,1529
58686,663,1621
58687,562,1815
58688,456,1945
58689,443,2021
58690,443,1981
58691,448,1912
58692,448,1755
58693,534,1613
58694,622,1491
58695,644,1543
58696,618,1643
58697,518,1833
58698,448,1961
58699,441,2029
58700,442,1979
58701,440,1897
58702,448,1759
58703,532,1619
58704,620,1492
58705,644,1544
58706,618,1641
58707,518,1832
58708,443,1961
58709,443,2028
58710,448,1977
58711,442,1900
58712,443,1763
58713,532,1619
58714,620,1494
58715,644,1543
58716,620,1640
58717,520,1832
58718,442,1961
58719,442,2027
58720,442,1978
58721,448,1897
58722,448,1761
58723,532,1619
58724,622,1493
58725,646,1544
58726,620,1639
58727,520,1831
58728,448,1959
58729,442,2027
58730,442,1979
58731,448,1897
58732,443,1763
58733,532,1620
58734,620,1495
58735,646,1543
58736,619,1639
58737,520,1831
58738,448,1959
58739,448,2027
58740,442,1978
58741,442,1897
58742,448,1762
58743,532,1621
58744,620,1495
58745,646,1543
58746,619,1637
58747,522,1829
58748,442,1958
58749,444,2025
58750,442,1979
58751,443,1900
58752,448,1765
58753,530,1621
58754,621,1493
58755,645,1533
58756,620,1636
58757,521,1829
58758,443,1959
58759,442,2026
58760,442,1979
58761,442,1901
58762,448,1765
58763,530,1623
58764,619,1495
58765,646,1543
58766,621,1635
58767,521,1827
58768,442,1957
58769,442,2024
58770,442,1979
58771,442,1901
58772,448,1765
58773,530,1623
58774,619,1496
58775,646,1541
58776,622,1635
58777,524,1824
58778,448,1956
58779,442,2029
58780,442,1983
58781,443,1915
58782,450,1775
58783,560,1639
58784,652,1503
58785,682,1526
58786,668,1611
58787,567,1807
58788,460,1939
58789,443,2019
58790,442,1983
58791,442,1915
58792,448,1762
58793,530,1623
58794,620,1495
58795,646,1541
58796,622,1635
58797,523,1823
58798,448,1955
58799,448,2025
58800,448,1978
58801,444,1902
58802,448,1765
58803,530,1623
58804,619,1495
58805,646,1533
58806,624,1630
58807,524,1823
58808,448,1955
58809,442,2023
58810,443,1979
58811,443,1907
58812,448,1767
58813,530,1625
58814,620,1497
58815,646,1541
58816,622,1629
58817,524,1823
58818,443,1955
58819,448,2023
58820,441,1980
58821,442,1904
58822,442,1767
58823,530,1625
58824,617,1497
58825,648,1534
58826,624,1629
58827,528,1821
58828,443,1957
58829,440,2025
58830,442,1981
58831,440,1905
58832,442,1767
58833,529,1625
58834,620,1498
58835,647,1533
58836,627,1628
58837,528,1819
58838,449,1951
58839,448,2023
58840,442,1980
58841,443,1907
58842,448,1767
58843,528,1627
58844,618,1499
58845,647,1533
58846,626,1626
58847,528,1819
58848,448,1951
58849,443,2024
58850,447,1979
58851,443,1910
58852,442,1768
58853,528,1629
58854,616,1497
58855,648,1533
58856,626,1627
58857,530,1819
58858,448,1954
58859,442,2025
58860,440,1983
58861,442,1907
58862,442,1768
58863,524,1629
58864,617,1496
58865,645,1531
58866,627,1627
58867,530,1819
58868,443,1950
58869,442,2025
58870,442,1981
58871,442,1907
58872,443,1769
58873,527,1629
58874,616,1499
58875,646,1533
58876,625,1628
58877,529,1820
58878,448,1950
58879,443,2029
58880,442,1991
58881,442,1925
58882,448,1782
58883,554,1647
58884,649,1510
58885,683,1523
58886,672,1605
58887,576,1801
58888,467,1933
58889,443,2014
58890,442,1983
58891,440,1926
58892,448,1765
58893,557,1630
58894,647,1511
58895,683,1524
58896,660,1607
58897,576,1799
58898,464,1933
58899,442,2018
58900,442,1991
58901,442,1919
58902,448,1782
58903,552,1651
58904,646,1511
58905,680,1523
58906,626,1635
58907,529,1821
58908,442,1949
58909,442,2024
58910,442,1983
58911,442,1912
58912,449,1771
58913,524,1630
58914,617,1499
58915,647,1529
58916,630,1623
58917,532,1816
58918,448,1947
58919,442,2023
58920,442,1983
58921,442,1911
58922,448,1770
58923,524,1633
58924,615,1501
58925,647,1531
58926,630,1621
58927,532,1817
58928,448,1945
58929,442,2024
58930,448,1981
58931,443,1912
58932,442,1772
58933,523,1635
58934,614,1502
58935,646,1529
58936,628,1621
58937,534,1817
58938,448,1945
58939,440,2022
58940,442,1983
58941,443,1913
58942,448,1772
58943,523,1635
58944,614,1503
58945,647,1530
58946,630,1621
58947,534,1815
58948,448,1947
58949,448,2021
58950,442,1984
58951,444,1914
58952,448,1773
58953,524,1636
58954,615,1502
58955,647,1530
58956,628,1621
58957,532,1815
58958,449,1946
58959,440,2023
58960,441,1989
58961,442,1912
58962,442,1775
58963,523,1637
58964,614,1505
58965,648,1529
58966,630,1621
58967,534,1813
58968,448,1944
58969,447,2023
58970,448,1983
58971,447,1915
58972,442,1773
58973,521,1637
58974,613,1505
58975,648,1530
58976,630,1619
58977,535,1812
58978,448,1944
58979,442,2021
58980,441,1983
58981,442,1917
58982,443,1778
58983,522,1639
58984,613,1507
58985,648,1529
58986,628,1618
58987,534,1814
58988,442,1943
58989,442,2021
58990,441,1989
58991,441,1916
58992,448,1772
58993,554,1641
58994,646,1515
58995,684,1519
58996,662,1597
58997,584,1787
58998,472,1930
58999,441,2015
59000,442,1976
59001,442,1931
59002,448,1786
59003,550,1657
59004,642,1517
59005,648,1542
59006,632,1618
59007,534,1813
59008,448,1943
59009,442,2023
59010,442,1990
59011,442,1917
59012,448,1779
59013,520,1641
59014,614,1507
59015,647,1529
59016,632,1615
59017,538,1811
59018,448,1941
59019,441,2023
59020,440,1989
59021,442,1917
59022,447,1775
59023,518,1643
59024,611,1508
59025,647,1528
59026,632,1613
59027,539,1810
59028,448,1941
59029,442,2021
59030,442,1991
59031,442,1917
59032,448,1780
59033,519,1641
59034,612,1508
59035,646,1529
59036,633,1611
59037,538,1810
59038,448,1941
59039,442,2021
59040,442,1991
59041,442,1917
59042,441,1779
59043,519,1642
59044,612,1509
59045,648,1527
59046,632,1610
59047,538,1804
59048,448,1941
59049,442,2021
59050,443,1991
59051,443,1918
59052,448,1781
59053,516,1643
59054,612,1507
59055,651,1525
59056,634,1611
59057,539,1806
59058,443,1940
59059,440,2022
59060,441,1991
59061,440,1917
59062,443,1781
59063,529,1627
59064,648,1509
59065,680,1515
59066,678,1593
59067,576,1785
59068,476,1927
59069,442,2009
59070,442,1995
59071,442,1933
59072,443,1789
59073,547,1661
59074,644,1519
59075,681,1517
59076,672,1591
59077,535,1816
59078,448,1941
59079,442,2024
59080,440,1991
59081,443,1932
59082,443,1797
59083,538,1661
59084,645,1519
59085,681,1515
59086,675,1591
59087,588,1783
59088,472,1925
59089,442,2011
59090,442,1995
59091,442,1933
59092,448,1783
59093,523,1637
59094,612,1509
59095,650,1527
59096,634,1611
59097,540,1805
59098,448,1939
59099,440,2019
59100,442,1991
59101,442,1919
59102,443,1783
59103,518,1645
59104,611,1511
59105,648,1527
59106,640,1607
59107,540,1805
59108,443,1939
59109,442,2019
59110,440,1993
59111,442,1925
59112,442,1783
59113,534,1622
59114,611,1509
59115,650,1527
59116,639,1609
59117,540,1805
59118,448,1939
59119,440,2021
59120,442,1992
59121,441,1919
59122,443,1781
59123,515,1645
59124,610,1511
59125,650,1525
59126,634,1608
59127,540,1804
59128,441,1939
59129,442,2019
59130,442,1991
59131,442,1927
59132,443,1783
59133,516,1648
59134,612,1512
59135,650,1527
59136,640,1607
59137,544,1801
59138,448,1935
59139,442,2018
59140,442,1995
59141,442,1927
59142,443,1784
59143,518,1651
59144,610,1513
59145,650,1527
59146,640,1607
59147,544,1803
59148,448,1937
59149,442,2021
59150,442,1993
59151,448,1927
59152,442,1784
59153,515,1651
59154,609,1513
59155,649,1525
59156,640,1607
59157,544,1803
59158,448,1935
59159,441,2015
59160,440,1993
59161,442,1927
59162,442,1784
59163,516,1653
59164,608,1514
59165,650,1524
59166,640,1606
59167,546,1801
59168,448,1933
59169,442,2019
59170,443,1993
59171,442,1929
59172,448,1785
59173,516,1653
59174,609,1513
59175,650,1525
59176,640,1605
59177,546,1799
59178,442,1932
59179,443,2019
59180,441,1993
59181,442,1938
59182,448,1800
59183,532,1675
59184,640,1527
59185,684,1515
59186,673,1587
59187,592,1773
59188,472,1917
59189,442,2009
59190,442,1997
59191,448,1937
59192,448,1781
59193,518,1647
59194,610,1513
59195,650,1525
59196,641,1605
59197,548,1799
59198,448,1932
59199,442,2018
59200,441,1991
59201,442,1929
59202,441,1787
59203,506,1656
59204,608,1517
59205,650,1525
59206,640,1599
59207,549,1799
59208,448,1933
59209,442,2019
59210,442,1994
59211,442,1930
59212,443,1789
59213,506,1656
59214,608,1515
59215,650,1523
59216,642,1598
59217,549,1791
59218,448,1933
59219,442,2019
59220,442,1995
59221,442,1930
59222,442,1787
59223,514,1657
59224,608,1516
59225,651,1519
59226,642,1599
59227,548,1797
59228,449,1931
59229,441,2015
59230,442,1994
59231,442,1930
59232,442,1789
59233,506,1657
59234,604,1516
59235,650,1523
59236,642,1597
59237,550,1789
59238,448,1932
59239,442,2018
59240,442,1995
59241,442,1931
59242,448,1788
59243,506,1657
59244,604,1517
59245,650,1523
59246,642,1599
59247,550,1790
59248,448,1931
59249,442,2015
59250,442,1995
59251,440,1933
59252,443,1789
59253,504,1658
59254,604,1515
59255,650,1519
59256,643,1595
59257,552,1789
59258,448,1929
59259,441,2015
59260,448,1995
59261,447,1931
59262,442,1789
59263,504,1660
59264,608,1517
59265,651,1519
59266,644,1595
59267,552,1789
59268,443,1930
59269,442,2015
59270,442,1997
59271,442,1932
59272,448,1789
59273,504,1660
59274,604,1517
59275,650,1519
59276,643,1596
59277,552,1787
59278,449,1929
59279,448,2015
59280,442,1997
59281,442,1941
59282,444,1805
59283,524,1684
59284,634,1532
59285,680,1509
59286,675,1581
59287,598,1765
59288,480,1913
59289,442,2005
59290,441,2003
59291,440,1943
59292,443,1787
59293,506,1657
59294,595,1543
59295,651,1517
59296,645,1580
59297,564,1771
59298,451,1913
59299,440,2010
59300,447,1999
59301,450,1945
59302,442,1815
59303,499,1696
59304,595,1529
59305,652,1510
59306,647,1582
59307,564,1757
59308,451,1912
59309,448,2015
59310,444,2005
59311,442,1943
59312,442,1804
59313,493,1675
59314,598,1519
59315,651,1515
59316,650,1581
59317,560,1785
59318,451,1915
59319,440,2007
59320,438,2003
59321,441,1941
59322,440,1804
59323,494,1671
59324,609,1513
59325,650,1519
59326,644,1593
59327,554,1786
59328,448,1929
59329,440,2011
59330,440,1999
59331,442,1935
59332,443,1799
59333,502,1663
59334,603,1523
59335,650,1517
59336,643,1595
59337,555,1785
59338,448,1928
59339,447,2011
59340,442,1997
59341,442,1935
59342,442,1797
59343,500,1671
59344,602,1523
59345,650,1517
59346,645,1592
59347,556,1785
59348,449,1928
59349,442,2012
59350,440,1997
59351,440,1938
59352,442,1799
59353,503,1671
59354,602,1523
59355,652,1517
59356,646,1592
59357,556,1781
59358,449,1925
59359,442,2011
59360,441,1997
59361,442,1937
59362,442,1801
59363,502,1673
59364,602,1523
59365,652,1517
59366,647,1591
59367,560,1780
59368,450,1919
59369,442,2011
59370,441,1999
59371,440,1939
59372,448,1801
59373,503,1673
59374,602,1527
59375,652,1517
59376,644,1591
59377,560,1781
59378,450,1927
59379,442,2012
59380,442,1998
59381,447,1947
59382,443,1815
59383,521,1691
59384,631,1542
59385,688,1507
59386,676,1577
59387,602,1755
59388,480,1909
59389,448,2001
59390,443,2006
59391,442,1945
59392,448,1791
59393,540,1670
59394,629,1543
59395,690,1507
59396,685,1575
59397,608,1752
59398,494,1907
59399,442,1999
59400,441,2007
59401,442,1945
59402,448,1815
59403,534,1693
59404,628,1544
59405,686,1507
59406,644,1599
59407,560,1779
59408,451,1919
59409,441,2011
59410,441,2001
59411,442,1940
59412,442,1804
59413,498,1676
59414,600,1529
59415,651,1515
59416,646,1589
59417,562,1777
59418,452,1919
59419,442,2011
59420,442,2001
59421,443,1942
59422,442,1803
59423,498,1675
59424,600,1529
59425,652,1514
59426,647,1588
59427,563,1773
59428,452,1918
59429,442,2008
59430,441,2003
59431,440,1940
59432,448,1804
59433,498,1678
59434,600,1526
59435,652,1513
59436,646,1583
59437,564,1773
59438,454,1917
59439,444,2008
59440,442,2003
59441,441,1941
59442,443,1803
59443,498,1677
59444,599,1528
59445,652,1516
59446,646,1587
59447,564,1772
59448,453,1917
59449,440,2008
59450,440,2002
59451,441,1943
59452,443,1805
59453,500,1682
59454,600,1529
59455,652,1515
59456,647,1587
59457,564,1771
59458,456,1917
59459,442,2009
59460,441,2004
59461,442,1942
59462,442,1807
59463,498,1683
59464,598,1529
59465,652,1513
59466,648,1587
59467,565,1768
59468,456,1915
59469,442,2009
59470,442,2003
59471,442,1941
59472,442,1807
59473,498,1683
59474,600,1531
59475,652,1514
59476,646,1587
59477,567,1767
59478,455,1918
59479,442,2009
59480,442,2003
59481,441,1942
59482,441,1805
59483,494,1683
59484,598,1531
59485,652,1512
59486,647,1584
59487,565,1769
59488,454,1917
59489,442,2008
59490,442,2005
59491,442,1943
59492,442,1810
59493,541,1675
59494,628,1550
59495,690,1501
59496,684,1573
59497,615,1743
59498,502,1900
59499,444,1992
59500,442,1996
59501,442,1945
59502,448,1821
59503,530,1703
59504,626,1549
59505,679,1501
59506,647,1588
59507,568,1769
59508,456,1915
59509,442,2005
59510,442,2003
59511,441,1944
59512,442,1811
59513,492,1688
59514,598,1533
59515,652,1510
59516,650,1581
59517,569,1765
59518,459,1914
59519,441,2006
59520,442,2003
59521,447,1945
59522,448,1812
59523,492,1689
59524,598,1533
59525,652,1509
59526,650,1581
59527,570,1764
59528,460,1911
59529,442,2005
59530,441,2005
59531,442,1945
59532,443,1813
59533,492,1688
59534,596,1533
59535,652,1508
59536,649,1583
59537,570,1763
59538,458,1913
59539,447,2007
59540,440,2006
59541,442,1944
59542,442,1813
59543,491,1691
59544,596,1533
59545,652,1511
59546,648,1581
59547,576,1763
59548,464,1915
59549,443,2005
59550,444,2004
59551,442,1946
59552,442,1815
59553,490,1691
59554,594,1543
59555,656,1509
59556,648,1581
59557,576,1759
59558,460,1911
59559,442,2005
59560,442,2007
59561,442,1945
59562,442,1816
59563,505,1663
59564,632,1544
59565,692,1496
59566,689,1567
59567,620,1737
59568,514,1897
59569,443,1994
59570,442,2010
59571,442,1949
59572,443,1827
59573,528,1705
59574,625,1556
59575,682,1497
59576,650,1590
59577,570,1759
59578,464,1910
59579,442,2014
59580,442,2011
59581,442,1950
59582,448,1829
59583,529,1703
59584,614,1555
59585,692,1483
59586,690,1568
59587,625,1736
59588,516,1897
59589,442,1995
59590,442,2013
59591,443,1951
59592,448,1815
59593,496,1687
59594,596,1542
59595,656,1508
59596,650,1579
59597,578,1758
59598,466,1908
59599,448,2003
59600,448,2003
59601,443,1945
59602,443,1816
59603,492,1691
59604,594,1545
59605,657,1507
59606,650,1578
59607,578,1758
59608,468,1909
59609,442,2002
59610,447,2007
59611,441,1947
59612,448,1816
59613,512,1661
59614,596,1542
59615,656,1510
59616,650,1577
59617,578,1755
59618,465,1910
59619,448,2004
59620,442,2008
59621,442,1947
59622,441,1817
59623,490,1693
59624,595,1544
59625,656,1507
59626,651,1579
59627,579,1757
59628,465,1909
59629,442,2005
59630,442,2008
59631,442,1947
59632,442,1818
59633,490,1693
59634,594,1546
59635,656,1509
59636,650,1579
59637,580,1755
59638,466,1909
59639,443,2003
59640,442,2009
59641,440,1947
59642,443,1819
59643,489,1695
59644,592,1546
59645,655,1509
59646,651,1577
59647,580,1755
59648,467,1909
59649,442,2003
59650,442,2009
59651,443,1948
59652,442,1820
59653,487,1695
59654,592,1545
59655,656,1507
59656,651,1577
59657,582,1753
59658,468,1908
59659,442,1999
59660,442,2009
59661,447,1947
59662,442,1819
59663,488,1699
59664,592,1547
59665,656,1507
59666,652,1576
59667,580,1755
59668,467,1907
59669,448,2003
59670,442,2008
59671,440,1949
59672,448,1819
59673,488,1699
59674,592,1547
59675,656,1507
59676,651,1575
59677,582,1751
59678,468,1904
59679,448,2008
59680,442,2015
59681,442,1955
59682,443,1836
59683,523,1710
59684,619,1561
59685,692,1493
59686,691,1565
59687,626,1722
59688,521,1877
59689,448,1991
59690,441,2013
59691,442,1955
59692,443,1815
59693,488,1701
59694,593,1548
59695,656,1502
59696,652,1575
59697,585,1747
59698,472,1902
59699,443,2001
59700,442,2011
59701,442,1950
59702,440,1821
59703,487,1703
59704,592,1553
59705,656,1501
59706,652,1573
59707,584,1743
59708,470,1903
59709,442,1998
59710,442,2011
59711,442,1951
59712,442,1823
59713,487,1701
59714,589,1549
59715,658,1499
59716,653,1575
59717,586,1743
59718,472,1901
59719,440,2003
59720,442,2011
59721,442,1950
59722,443,1827
59723,485,1704
59724,592,1554
59725,658,1501
59726,652,1573
59727,588,1743
59728,474,1900
59729,448,1997
59730,441,2011
59731,440,1949
59732,442,1823
59733,485,1703
59734,591,1553
59735,658,1502
59736,652,1575
59737,588,1741
59738,472,1901
59739,442,1997
59740,442,2013
59741,441,1951
59742,442,1829
59743,484,1707
59744,587,1556
59745,656,1499
59746,655,1573
59747,588,1739
59748,472,1900
59749,442,1996
59750,442,2013
59751,442,1951
59752,441,1829
59753,484,1706
59754,588,1555
59755,656,1501
59756,652,1573
59757,587,1741
59758,474,1899
59759,441,1997
59760,442,2013
59761,442,1955
59762,442,1830
59763,483,1707
59764,588,1556
59765,658,1500
59766,655,1573
59767,591,1737
59768,475,1899
59769,448,1997
59770,443,2014
59771,442,1952
59772,442,1831
59773,484,1708
59774,588,1557
59775,656,1499
59776,656,1575
59777,592,1738
59778,475,1899
59779,444,2004
59780,443,2019
59781,448,1957
59782,443,1847
59783,518,1719
59784,616,1567
59785,692,1492
59786,692,1563
59787,639,1709
59788,531,1881
59789,443,1983
59790,448,2019
59791,442,1957
59792,442,1823
59793,486,1704
59794,588,1556
59795,658,1499
59796,656,1572
59797,594,1735
59798,476,1897
59799,441,1995
59800,441,2012
59801,442,1951
59802,442,1831
59803,484,1708
59804,587,1559
59805,656,1497
59806,656,1571
59807,592,1735
59808,480,1898
59809,448,1995
59810,442,2015
59811,447,1955
59812,447,1833
59813,481,1709
59814,587,1559
59815,658,1499
59816,656,1568
59817,594,1735
59818,480,1896
59819,440,1995
59820,442,2015
59821,441,1955
59822,442,1831
59823,482,1709
59824,586,1559
59825,656,1499
59826,656,1571
59827,594,1735
59828,480,1895
59829,441,1995
59830,442,2019
59831,442,1957
59832,448,1835
59833,481,1711
59834,586,1559
59835,656,1499
59836,656,1571
59837,593,1727
59838,481,1895
59839,448,1995
59840,442,2017
59841,440,1956
59842,443,1835
59843,480,1711
59844,583,1562
59845,656,1498
59846,656,1567
59847,595,1727
59848,482,1894
59849,442,1993
59850,440,2015
59851,443,1957
59852,442,1836
59853,479,1711
59854,584,1561
59855,656,1497
59856,652,1566
59857,594,1733
59858,483,1893
59859,443,1995
59860,440,2018
59861,442,1957
59862,443,1839
59863,480,1711
59864,584,1560
59865,656,1496
59866,656,1567
59867,596,1725
59868,483,1894
59869,442,1994
59870,448,2017
59871,440,1957
59872,442,1837
59873,478,1711
59874,583,1563
59875,657,1497
59876,656,1571
59877,595,1723
59878,484,1893
59879,442,2003
59880,442,2021
59881,442,1960
59882,448,1851
59883,514,1723
59884,614,1575
59885,691,1491
59886,693,1560
59887,646,1695
59888,536,1874
59889,449,1980
59890,442,2020
59891,442,1959
59892,442,1829
59893,516,1715
59894,612,1576
59895,691,1491
59896,679,1559
59897,645,1693
59898,523,1874
59899,442,1980
59900,441,2021
59901,442,1960
59902,442,1854
59903,505,1725
59904,611,1577
59905,690,1491
59906,657,1572
59907,598,1723
59908,486,1891
59909,448,1993
59910,441,2019
59911,440,1957
59912,442,1843
59913,476,1716
59914,582,1566
59915,656,1495
59916,657,1565
59917,599,1719
59918,486,1890
59919,442,1993
59920,443,2019
59921,440,1958
59922,441,1843
59923,475,1715
59924,582,1565
59925,656,1495
59926,659,1564
59927,600,1718
59928,487,1889
59929,447,1989
59930,442,2020
59931,442,1959
59932,442,1844
59933,475,1717
59934,582,1565
59935,652,1494
59936,657,1565
59937,600,1719
59938,486,1885
59939,442,1991
59940,442,2021
59941,442,1959
59942,442,1845
59943,474,1718
59944,581,1567
59945,655,1494
59946,657,1565
59947,600,1716
59948,487,1886
59949,442,1991
59950,442,2019
59951,440,1959
59952,442,1846
59953,473,1718
59954,580,1568
59955,652,1493
59956,656,1564
59957,599,1717
59958,488,1885
59959,443,1991
59960,441,2019
59961,441,1959
59962,442,1845
59963,474,1719
59964,582,1571
59965,656,1493
59966,658,1563
59967,602,1711
59968,489,1886
59969,442,1991
59970,440,2022
59971,443,1959
59972,440,1845
59973,473,1719
59974,580,1571
59975,656,1495
59976,656,1565
59977,602,1710
59978,490,1885
59979,443,1991
59980,440,2021
59981,442,1960
59982,442,1847
59983,472,1720
59984,578,1573
59985,656,1495
59986,656,1564
59987,602,1711
59988,490,1883
59989,442,1991
59990,442,2021
59991,442,1961
59992,442,1847
59993,514,1721
59994,611,1583
59995,690,1487
59996,678,1556
59997,651,1683
59998,540,1866
59999,448,1977
60000,440,2011
60001,442,1963
60002,442,1865
60003,500,1735
60004,600,1583
60005,658,1496
60006,658,1564
60007,603,1711
60008,492,1883
60009,441,1989
60010,442,2023
60011,441,1962
60012,442,1851
60013,472,1722
60014,578,1573
60015,656,1492
60016,659,1563
60017,607,1707
60018,492,1881
60019,441,1990
60020,440,2021
60021,442,1960
60022,442,1851
60023,472,1722
60024,578,1575
60025,655,1493
60026,659,1563
60027,608,1705
60028,494,1880
60029,448,1984
60030,442,2021
60031,440,1961
60032,442,1851
60033,470,1723
60034,578,1575
60035,656,1493
60036,658,1560
60037,609,1704
60038,494,1881
60039,443,1983
60040,442,2023
60041,447,1961
60042,440,1854
60043,468,1723
60044,578,1576
60045,655,1492
60046,659,1561
60047,610,1704
60048,493,1879
60049,442,1981
60050,441,2023
60051,440,1960
60052,440,1852
60053,468,1724
60054,578,1577
60055,656,1492
60056,658,1561
60057,608,1704
60058,498,1879
60059,442,1983
60060,442,2023
60061,442,1961
60062,441,1853
60063,482,1711
60064,610,1577
60065,684,1487
60066,694,1555
60067,643,1679
60068,548,1861
60069,443,1973
60070,442,2024
60071,441,1965
60072,442,1870
60073,496,1737
60074,608,1591
60075,680,1487
60076,688,1549
60077,602,1715
60078,494,1881
60079,442,1989
60080,441,2023
60081,442,1965
60082,442,1873
60083,487,1739
60084,604,1591
60085,683,1487
60086,689,1555
60087,652,1673
60088,547,1861
60089,448,1975
60090,441,2025
60091,441,1965
60092,441,1861
60093,475,1721
60094,578,1577
60095,656,1493
60096,659,1561
60097,611,1702
60098,500,1875
60099,441,1983
60100,442,2023
60101,443,1963
60102,442,1855
60103,467,1725
60104,576,1579
60105,656,1492
60106,658,1561
60107,611,1699
60108,499,1875
60109,448,1981
60110,442,2023
60111,442,1963
60112,440,1861
60113,484,1710
60114,578,1577
60115,652,1492
60116,658,1560
60117,611,1699
60118,498,1875
60119,443,1981
60120,442,2022
60121,442,1963
60122,442,1855
60123,466,1726
60124,576,1579
60125,652,1491
60126,658,1560
60127,610,1699
60128,500,1875
60129,442,1980
60130,440,2024
60131,442,1962
60132,442,1861
60133,467,1725
60134,576,1580
60135,656,1492
60136,660,1558
60137,612,1695
60138,501,1874
60139,442,1980
60140,442,2023
60141,443,1962
60142,442,1863
60143,468,1727
60144,576,1579
60145,656,1491
60146,660,1560
60147,614,1693
60148,500,1873
60149,440,1981
60150,442,2023
60151,442,1962
60152,441,1864
60153,467,1735
60154,570,1581
60155,656,1492
60156,658,1560
60157,612,1695
60158,502,1871
60159,442,1981
60160,440,2024
60161,440,1964
60162,442,1863
60163,466,1735
60164,570,1582
60165,656,1491
60166,659,1559
60167,614,1693
60168,502,1871
60169,442,1979
60170,442,2025
60171,442,1964
60172,440,1865
60173,466,1735
60174,570,1583
60175,656,1493
60176,659,1559
60177,615,1692
60178,501,1868
60179,443,1981
60180,441,2027
60181,442,1967
60182,448,1879
60183,482,1747
60184,600,1597
60185,680,1487
60186,691,1551
60187,659,1661
60188,549,1849
60189,450,1967
60190,442,2025
60191,442,1967
60192,441,1855
60193,467,1727
60194,570,1581
60195,655,1492
60196,660,1558
60197,615,1689
60198,503,1867
60199,442,1979
60200,442,2023
60201,443,1964
60202,440,1867
60203,464,1736
60204,568,1583
60205,652,1490
60206,660,1559
60207,616,1688
60208,505,1868
60209,442,1980
60210,448,2023
60211,442,1964
60212,442,1867
60213,464,1736
60214,569,1587
60215,652,1491
60216,660,1559
60217,616,1687
60218,505,1867
60219,442,1979
60220,442,2024
60221,442,1967
60222,440,1867
60223,463,1737
60224,567,1587
60225,652,1490
60226,660,1557
60227,616,1685
60228,504,1867
60229,442,1977
60230,440,2027
60231,442,1965
60232,440,1869
60233,460,1737
60234,568,1587
60235,656,1492
60236,660,1557
60237,618,1685
60238,514,1867
60239,442,1977
60240,442,2025
60241,442,1965
60242,442,1868
60243,460,1738
60244,568,1589
60245,652,1491
60246,660,1558
60247,619,1684
60248,506,1866
60249,442,1978
60250,441,2026
60251,442,1967
60252,444,1870
60253,460,1740
60254,566,1589
60255,652,1491
60256,658,1557
60257,619,1684
60258,514,1864
60259,442,1977
60260,447,2025
60261,442,1967
60262,447,1871
60263,459,1740
60264,567,1590
60265,652,1489
60266,660,1557
60267,618,1683
60268,514,1864
60269,442,1977
60270,442,2025
60271,440,1967
60272,440,1871
60273,458,1741
60274,566,1591
60275,651,1491
60276,660,1557
60277,620,1682
60278,514,1865
60279,442,1977
60280,442,2027
60281,442,1972
60282,442,1884
60283,474,1749
60284,598,1606
60285,684,1490
60286,692,1546
60287,663,1653
60288,556,1843
60289,453,1966
60290,442,2024
60291,442,1971
60292,440,1867
60293,460,1737
60294,568,1589
60295,652,1489
60296,660,1554
60297,620,1677
60298,516,1862
60299,442,1975
60300,441,2025
60301,442,1967
60302,440,1875
60303,458,1741
60304,566,1592
60305,652,1489
60306,660,1553
60307,622,1675
60308,518,1861
60309,448,1974
60310,442,2025
60311,447,1967
60312,442,1875
60313,458,1741
60314,564,1592
60315,652,1487
60316,660,1555
60317,624,1674
60318,519,1861
60319,448,1974
60320,442,2027
60321,442,1967
60322,442,1876
60323,457,1742
60324,566,1592
60325,652,1490
60326,662,1555
60327,625,1673
60328,519,1861
60329,448,1974
60330,442,2026
60331,442,1968
60332,442,1876
60333,459,1741
60334,566,1593
60335,652,1487
60336,662,1554
60337,626,1673
60338,519,1855
60339,442,1975
60340,442,2026
60341,440,1967
60342,442,1875
60343,456,1743
60344,564,1594
60345,651,1491
60346,662,1555
60347,624,1674
60348,520,1855
60349,443,1975
60350,443,2027
60351,440,1967
60352,442,1879
60353,456,1746
60354,563,1596
60355,654,1489
60356,662,1553
60357,626,1673
60358,520,1853
60359,448,1973
60360,442,2028
60361,442,1967
60362,441,1879
60363,455,1746
60364,564,1595
60365,650,1490
60366,662,1554
60367,624,1671
60368,521,1853
60369,441,1975
60370,448,2026
60371,440,1967
60372,443,1879
60373,456,1747
60374,562,1595
60375,651,1491
60376,661,1554
60377,626,1670
60378,520,1853
60379,448,1974
60380,440,2027
60381,442,1975
60382,442,1893
60383,471,1755
60384,596,1614
60385,682,1491
60386,693,1544
60387,666,1642
60388,563,1835
60389,456,1961
60390,442,2025
60391,441,1973
60392,442,1871
60393,491,1743
60394,596,1613
60395,683,1491
60396,698,1544
60397,674,1640
60398,567,1831
60399,463,1959
60400,442,2025
60401,442,1973
60402,443,1895
60403,480,1755
60404,586,1613
60405,667,1492
60406,661,1557
60407,628,1671
60408,523,1849
60409,443,1973
60410,442,2027
60411,447,1971
60412,442,1881
60413,454,1747
60414,564,1597
60415,652,1491
60416,662,1550
60417,628,1663
60418,524,1849
60419,444,1973
60420,441,2026
60421,442,1971
60422,442,1881
60423,454,1749
60424,564,1598
60425,650,1487
60426,662,1554
60427,629,1663
60428,528,1850
60429,448,1973
60430,442,2027
60431,442,1971
60432,442,1880
60433,454,1749
60434,562,1598
60435,652,1487
60436,664,1549
60437,630,1660
60438,524,1849
60439,442,1973
60440,442,2027
60441,442,1972
60442,442,1883
60443,453,1749
60444,562,1599
60445,651,1490
60446,665,1553
60447,631,1661
60448,528,1849
60449,448,1971
60450,442,2026
60451,440,1971
60452,442,1882
60453,453,1751
60454,562,1599
60455,652,1487
60456,664,1551
60457,631,1661
60458,528,1848
60459,448,1971
60460,442,2027
60461,442,1973
60462,442,1883
60463,454,1751
60464,562,1604
60465,650,1491
60466,664,1551
60467,632,1659
60468,528,1848
60469,450,1967
60470,442,2027
60471,442,1973
60472,441,1883
60473,452,1751
60474,560,1605
60475,650,1491
60476,664,1551
60477,631,1658
60478,528,1847
60479,447,1968
60480,440,2028
60481,442,1973
60482,442,1885
60483,452,1751
60484,561,1606
60485,650,1489
60486,662,1551
60487,632,1657
60488,530,1846
60489,444,1971
60490,442,2028
60491,443,1974
60492,441,1885
60493,490,1747
60494,592,1621
60495,682,1493
60496,706,1541
60497,680,1630
60498,578,1827
60499,466,1955
60500,447,2025
60501,440,1975
60502,444,1899
60503,482,1764
60504,592,1621
60505,658,1493
60506,664,1553
60507,632,1657
60508,530,1846
60509,442,1966
60510,442,2027
60511,441,1975
60512,442,1889
60513,452,1751
60514,561,1607
60515,650,1491
60516,665,1548
60517,634,1655
60518,531,1844
60519,448,1967
60520,441,2027
60521,447,1976
60522,442,1887
60523,450,1755
60524,558,1607
60525,648,1491
60526,664,1547
60527,640,1651
60528,533,1843
60529,447,1965
60530,442,2027
60531,441,1975
60532,442,1889
60533,450,1755
60534,556,1609
60535,648,1492
60536,663,1549
60537,634,1652
60538,532,1843
60539,448,1965
60540,442,2028
60541,443,1975
60542,442,1891
60543,450,1757
60544,560,1609
60545,647,1492
60546,665,1547
60547,641,1648
60548,532,1839
60549,442,1965
60550,442,2026
60551,440,1975
60552,443,1889
60553,450,1756
60554,556,1609
60555,647,1491
60556,664,1547
60557,640,1647
60558,533,1841
60559,442,1965
60560,442,2027
60561,440,1975
60562,442,1892
60563,464,1741
60564,595,1615
60565,678,1497
60566,705,1533
60567,681,1627
60568,583,1819
60569,471,1951
60570,448,2021
60571,443,1977
60572,441,1903
60573,476,1765
60574,588,1627
60575,673,1495
60576,664,1555
60577,640,1653
60578,536,1837
60579,448,1977
60580,443,2025
60581,442,1979
60582,448,1903
60583,480,1765
60584,576,1627
60585,680,1497
60586,707,1531
60587,684,1624
60588,584,1819
60589,473,1949
60590,443,2023
60591,442,1980
60592,443,1893
60593,452,1751
60594,556,1609
60595,648,1493
60596,664,1547
60597,642,1647
60598,537,1837
60599,448,1965
60600,441,2027
60601,442,1976
60602,442,1895
60603,450,1756
60604,554,1613
60605,648,1493
60606,665,1546
60607,642,1646
60608,538,1837
60609,444,1964
60610,442,2027
60611,442,1975
60612,442,1893
60613,461,1740
60614,556,1611
60615,648,1491
60616,665,1545
60617,643,1651
60618,536,1837
60619,447,1965
60620,448,2027
60621,447,1976
60622,442,1895
60623,448,1758
60624,554,1613
60625,647,1491
60626,664,1546
60627,642,1647
60628,536,1837
60629,448,1963
60630,441,2027
60631,442,1976
60632,442,1896
60633,448,1757
60634,553,1615
60635,646,1493
60636,666,1545
60637,642,1645
60638,537,1835
60639,448,1963
60640,441,2027
60641,442,1977
60642,442,1897
60643,448,1759
60644,554,1615
60645,647,1493
60646,666,1544
60647,642,1643
60648,539,1834
60649,442,1963
60650,442,2029
60651,442,1976
60652,442,1895
60653,448,1759
60654,554,1619
60655,647,1493
60656,666,1545
60657,644,1643
60658,538,1833
60659,443,1962
60660,440,2028
60661,442,1976
60662,440,1896
60663,448,1759
60664,553,1617
60665,647,1493
60666,664,1545
60667,644,1643
60668,538,1833
60669,442,1960
60670,440,2028
60671,442,1977
60672,442,1896
60673,448,1762
60674,552,1619
60675,646,1493
60676,666,1544
60677,645,1640
60678,540,1833
60679,451,1974
60680,442,2023
60681,442,1981
60682,442,1913
60683,474,1771
60684,584,1635
60685,676,1503
60686,708,1529
60687,684,1619
60688,589,1811
60689,480,1944
60690,442,2021
60691,442,1982
60692,442,1895
60693,450,1763
60694,554,1618
60695,647,1495
60696,666,1544
60697,646,1638
60698,540,1831
60699,447,1959
60700,442,2027
60701,448,1977
60702,448,1899
60703,448,1763
60704,552,1621
60705,646,1496
60706,666,1544
60707,646,1639
60708,545,1831
60709,448,1959
60710,443,2027
60711,442,1978
60712,442,1900
60713,450,1763
60714,552,1622
60715,646,1495
60716,664,1543
60717,647,1637
60718,544,1831
60719,449,1957
60720,442,2026
60721,440,1977
60722,442,1901
60723,448,1765
60724,551,1623
60725,646,1494
60726,667,1542
60727,647,1636
60728,546,1829
60729,448,1955
60730,442,2027
60731,442,1979
60732,442,1901
60733,448,1765
60734,550,1623
60735,645,1496
60736,667,1543
60737,646,1634
60738,545,1829
60739,449,1957
60740,442,2025
60741,442,1979
60742,442,1901
60743,448,1765
60744,551,1622
60745,644,1495
60746,667,1542
60747,648,1631
60748,546,1827
60749,442,1956
60750,442,2027
60751,442,1979
60752,442,1903
60753,447,1766
60754,551,1623
60755,645,1497
60756,666,1541
60757,648,1633
60758,546,1828
60759,448,1957
60760,441,2027
60761,442,1980
60762,442,1903
60763,450,1766
60764,550,1624
60765,644,1497
60766,665,1541
60767,648,1631
60768,546,1823
60769,448,1956
60770,442,2026
60771,448,1979
60772,441,1903
60773,448,1769
60774,550,1624
60775,643,1497
60776,668,1543
60777,649,1629
60778,548,1823
60779,459,1967
60780,442,2019
60781,442,1983
60782,442,1916
60783,470,1779
60784,582,1642
60785,675,1509
60786,710,1527
60787,691,1611
60788,597,1803
60789,484,1939
60790,442,2021
60791,442,1989
60792,442,1899
60793,448,1767
60794,550,1625
60795,644,1498
60796,668,1542
60797,650,1627
60798,549,1823
60799,448,1955
60800,440,2025
60801,442,1980
60802,448,1907
60803,448,1769
60804,551,1627
60805,643,1499
60806,668,1533
60807,650,1627
60808,550,1821
60809,448,1952
60810,442,2025
60811,442,1979
60812,448,1907
60813,447,1768
60814,548,1627
60815,642,1499
60816,666,1541
60817,650,1627
60818,550,1822
60819,448,1951
60820,442,2024
60821,442,1981
60822,442,1908
60823,448,1769
60824,548,1627
60825,642,1499
60826,667,1533
60827,650,1626
60828,550,1821
60829,448,1949
60830,442,2025
60831,442,1982
60832,442,1909
60833,448,1770
60834,548,1629
60835,643,1499
60836,667,1534
60837,650,1624
60838,550,1821
60839,448,1951
60840,442,2025
60841,442,1981
60842,442,1908
60843,443,1771
60844,547,1631
60845,642,1499
60846,666,1532
60847,651,1624
60848,551,1819
60849,448,1949
60850,442,2023
60851,442,1979
60852,441,1909
60853,448,1769
60854,547,1629
60855,642,1500
60856,669,1531
60857,656,1623
60858,552,1819
60859,450,1947
60860,442,2025
60861,444,1983
60862,441,1911
60863,448,1771
60864,546,1631
60865,641,1501
60866,669,1531
60867,651,1623
60868,551,1819
60869,448,1947
60870,442,2023
60871,442,1981
60872,447,1911
60873,448,1771
60874,547,1631
60875,641,1501
60876,668,1531
60877,656,1624
60878,551,1819
60879,460,1961
60880,443,2015
60881,442,1991
60882,443,1927
60883,467,1782
60884,578,1648
60885,672,1515
60886,710,1522
60887,693,1603
60888,604,1791
60889,490,1931
60890,443,2013
60891,443,1991
60892,440,1900
60893,471,1773
60894,578,1651
60895,672,1512
60896,694,1523
60897,692,1599
60898,596,1799
60899,486,1931
60900,442,2012
60901,442,1991
60902,442,1927
60903,466,1785
60904,576,1653
60905,667,1511
60906,668,1541
60907,653,1624
60908,553,1817
60909,449,1947
60910,442,2023
60911,440,1983
60912,442,1915
60913,448,1773
60914,546,1637
60915,640,1502
60916,668,1531
60917,652,1622
60918,555,1814
60919,450,1946
60920,440,2023
60921,442,1983
60922,442,1913
60923,448,1774
60924,545,1638
60925,640,1501
60926,668,1530
60927,656,1621
60928,556,1814
60929,451,1943
60930,442,2023
60931,441,1966
60932,443,1909
60933,450,1783
60934,539,1657
60935,626,1507
60936,667,1509
60937,661,1603
60938,562,1791
60939,452,1939
60940,442,2011
60941,448,1992
60942,448,1916
60943,447,1785
60944,535,1655
60945,630,1507
60946,673,1527
60947,656,1597
60948,564,1803
60949,456,1913
60950,442,2012
60951,447,1993
60952,443,1940
60953,448,1804
60954,536,1641
60955,631,1513
60956,668,1518
60957,659,1608
60958,566,1787
60959,455,1931
60960,440,2013
60961,439,1991
60962,443,1929
60963,443,1769
60964,539,1645
60965,634,1505
60966,670,1529
60967,656,1619
60968,560,1811
60969,450,1942
60970,441,2022
60971,442,1989
60972,442,1916
60973,448,1775
60974,540,1642
60975,632,1507
60976,672,1529
60977,656,1613
60978,560,1812
60979,451,1942
60980,448,2021
60981,442,1989
60982,442,1917
60983,448,1779
60984,541,1641
60985,633,1508
60986,672,1529
60987,656,1615
60988,560,1811
60989,451,1939
60990,442,2019
60991,448,1983
60992,442,1915
60993,466,1776
60994,570,1659
60995,665,1517
60996,696,1518
60997,704,1591
60998,609,1785
60999,489,1928
61000,440,2027
61001,442,1995
61002,444,1931
61003,464,1789
61004,565,1659
61005,644,1499
61006,673,1528
61007,658,1617
61008,563,1809
61009,452,1941
61010,443,2021
61011,441,1989
61012,441,1917
61013,448,1779
61014,540,1643
61015,633,1509
61016,669,1527
61017,660,1611
61018,562,1807
61019,452,1941
61020,441,2021
61021,441,1991
61022,447,1919
61023,444,1781
61024,540,1644
61025,632,1510
61026,670,1527
61027,658,1612
61028,563,1807
61029,455,1940
61030,442,2019
61031,442,1991
61032,442,1920
61033,442,1781
61034,541,1645
61035,632,1510
61036,672,1527
61037,660,1609
61038,564,1804
61039,454,1939
61040,442,2020
61041,442,1993
61042,442,1925
61043,447,1781
61044,539,1647
61045,632,1509
61046,668,1528
61047,660,1609
61048,563,1803
61049,454,1939
61050,442,2020
61051,442,1991
61052,442,1919
61053,448,1782
61054,538,1645
61055,632,1511
61056,668,1526
61057,659,1609
61058,564,1803
61059,456,1939
61060,448,2019
61061,440,1991
61062,440,1927
61063,444,1771
61064,568,1647
61065,663,1523
61066,711,1517
61067,684,1589
61068,615,1779
61069,500,1925
61070,443,2009
61071,442,1995
61072,441,1933
61073,458,1791
61074,568,1670
61075,658,1523
61076,704,1515
61077,658,1619
61078,563,1805
61079,452,1939
61080,442,2015
61081,442,1995
61082,442,1933
61083,451,1799
61084,566,1673
61085,660,1524
61086,704,1515
61087,698,1587
61088,612,1779
61089,502,1918
61090,442,2009
61091,442,1995
61092,442,1929
61093,448,1779
61094,538,1651
61095,632,1511
61096,672,1525
61097,662,1607
61098,567,1800
61099,456,1937
61100,442,2015
61101,442,1992
61102,442,1928
61103,448,1785
61104,538,1653
61105,631,1513
61106,672,1524
61107,662,1605
61108,568,1799
61109,458,1934
61110,441,2018
61111,442,1994
61112,441,1930
61113,444,1771
61114,537,1651
61115,630,1512
61116,672,1525
61117,662,1600
61118,567,1799
61119,458,1933
61120,442,2015
61121,441,1993
61122,442,1929
61123,443,1784
61124,536,1653
61125,629,1513
61126,672,1525
61127,661,1605
61128,568,1798
61129,458,1933
61130,440,2019
61131,442,1993
61132,441,1929
61133,448,1785
61134,535,1654
61135,630,1512
61136,674,1524
61137,662,1603
61138,569,1798
61139,459,1933
61140,442,2019
61141,441,1993
61142,440,1930
61143,443,1786
61144,535,1655
61145,630,1514
61146,673,1525
61147,660,1600
61148,570,1797
61149,458,1933
61150,442,2014
61151,442,1993
61152,442,1929
61153,442,1787
61154,535,1655
61155,628,1515
61156,672,1523
61157,663,1599
61158,570,1797
61159,460,1932
61160,442,2013
61161,442,1994
61162,441,1931
61163,448,1787
61164,535,1657
61165,628,1515
61166,670,1519
61167,662,1597
61168,570,1791
61169,460,1931
61170,442,2015
61171,442,1995
61172,440,1931
61173,443,1788
61174,534,1657
61175,630,1517
61176,672,1523
61177,663,1597
61178,570,1797
61179,456,1933
61180,442,2014
61181,441,2001
61182,443,1939
61183,448,1805
61184,562,1682
61185,659,1528
61186,706,1513
61187,697,1582
61188,609,1771
61189,514,1916
61190,442,2005
61191,442,2003
61192,441,1930
61193,443,1785
61194,535,1657
61195,628,1517
61196,674,1523
61197,664,1597
61198,576,1789
61199,465,1931
61200,442,2019
61201,441,1995
61202,442,1931
61203,442,1791
61204,532,1661
61205,628,1517
61206,670,1523
61207,664,1596
61208,576,1790
61209,460,1931
61210,441,2014
61211,442,1997
61212,442,1933
61213,442,1791
61214,531,1662
61215,628,1517
61216,673,1519
61217,664,1595
61218,576,1788
61219,465,1929
61220,442,2015
61221,440,1996
61222,447,1933
61223,448,1789
61224,532,1663
61225,627,1519
61226,674,1518
61227,664,1593
61228,578,1786
61229,466,1927
61230,442,2012
61231,442,1996
61232,443,1933
61233,447,1791
61234,532,1661
61235,627,1519
61236,674,1518
61237,666,1593
61238,579,1784
61239,468,1927
61240,443,2010
61241,442,1995
61242,442,1934
61243,442,1797
61244,531,1663
61245,628,1523
61246,674,1517
61247,664,1594
61248,579,1785
61249,467,1929
61250,442,2012
61251,440,1997
61252,442,1935
61253,442,1797
61254,531,1670
61255,626,1523
61256,673,1517
61257,664,1594
61258,580,1784
61259,466,1927
61260,442,2011
61261,441,1996
61262,442,1933
61263,442,1799
61264,530,1669
61265,626,1519
61266,674,1518
61267,666,1593
61268,580,1785
61269,468,1927
61270,440,2012
61271,440,1995
61272,442,1935
61273,442,1798
61274,531,1668
61275,626,1525
61276,674,1519
61277,666,1593
61278,582,1784
61279,466,1929
61280,447,2011
61281,441,2004
61282,442,1944
61283,448,1811
61284,556,1689
61285,659,1533
61286,706,1508
61287,704,1577
61288,615,1762
61289,518,1909
61290,442,2003
61291,443,2004
61292,441,1931
61293,448,1790
61294,531,1669
61295,627,1523
61296,676,1517
61297,667,1591
61298,583,1783
61299,470,1926
61300,448,2010
61301,442,1997
61302,442,1938
61303,448,1799
61304,530,1672
61305,625,1524
61306,675,1517
61307,666,1591
61308,586,1779
61309,471,1927
61310,441,2010
61311,440,1998
61312,441,1939
61313,447,1800
61314,528,1673
61315,625,1525
61316,674,1517
61317,667,1591
61318,583,1779
61319,470,1919
61320,440,2009
61321,441,1997
61322,443,1939
61323,442,1800
61324,528,1675
61325,624,1525
61326,676,1513
61327,667,1589
61328,585,1775
61329,470,1918
61330,448,2009
61331,440,1999
61332,440,1940
61333,448,1801
61334,530,1675
61335,621,1526
61336,674,1515
61337,667,1589
61338,584,1779
61339,472,1919
61340,442,2009
61341,442,1999
61342,442,1939
61343,442,1803
61344,524,1675
61345,624,1526
61346,674,1515
61347,667,1589
61348,585,1779
61349,471,1919
61350,443,2010
61351,442,2003
61352,442,1941
61353,448,1805
61354,528,1677
61355,622,1527
61356,676,1515
61357,667,1589
61358,586,1779
61359,473,1919
61360,441,2009
61361,442,1997
61362,440,1941
61363,443,1803
61364,528,1678
61365,621,1528
61366,675,1515
61367,667,1590
61368,588,1773
61369,472,1918
61370,440,2009
61371,440,1998
61372,441,1942
61373,442,1804
61374,524,1677
61375,620,1529
61376,674,1515
61377,666,1587
61378,587,1773
61379,471,1919
61380,448,2007
61381,442,2007
61382,442,1945
61383,448,1817
61384,553,1696
61385,653,1549
61386,707,1507
61387,707,1574
61388,624,1751
61389,524,1903
61390,442,1996
61391,443,2007
61392,441,1938
61393,452,1802
61394,552,1695
61395,656,1548
61396,716,1503
61397,708,1575
61398,634,1751
61399,528,1902
61400,442,1995
61401,441,2007
61402,442,1947
61403,448,1819
61404,550,1695
61405,652,1549
61406,675,1522
61407,669,1589
61408,588,1773
61409,477,1915
61410,442,2007
61411,442,1999
61412,441,1943
61413,443,1807
61414,524,1685
61415,619,1541
61416,675,1517
61417,668,1589
61418,592,1773
61419,479,1915
61420,442,2007
61421,440,2003
61422,440,1943
61423,448,1811
61424,524,1686
61425,620,1545
61426,676,1518
61427,672,1590
61428,591,1779
61429,476,1917
61430,442,2008
61431,442,2005
61432,447,1945
61433,448,1813
61434,523,1690
61435,617,1551
61436,675,1527
61437,668,1596
61438,592,1782
61439,476,1928
61440,442,2015
61441,443,2013
61442,442,1957
61443,443,1823
61444,523,1703
61445,618,1563
61446,674,1545
61447,667,1612
61448,592,1791
61449,476,1939
61450,444,2028
61451,442,2026
61452,443,1967
61453,448,1833
61454,523,1715
61455,618,1579
61456,675,1558
61457,668,1625
61458,592,1807
61459,480,1945
61460,442,2037
61461,448,2035
61462,441,1973
61463,442,1838
61464,522,1717
61465,618,1579
61466,674,1557
61467,667,1623
61468,592,1791
61469,479,1939
61470,440,2023
61471,440,2021
61472,440,1957
61473,443,1821
61474,522,1696
61475,617,1561
61476,674,1533
61477,668,1597
61478,592,1771
61479,481,1911
61480,442,1997
61481,442,1997
61482,448,1934
61483,442,1803
61484,520,1683
61485,617,1547
61486,674,1515
61487,669,1583
61488,593,1755
61489,481,1892
61490,441,1977
61491,442,1979
61492,443,1919
61493,454,1783
61494,550,1689
61495,650,1553
61496,714,1503
61497,712,1567
61498,644,1723
61499,531,1875
61500,447,1976
61501,442,1977
61502,442,1919
61503,448,1810
61504,546,1691
61505,634,1556
61506,676,1519
61507,670,1581
61508,595,1749
61509,483,1882
61510,441,1967
61511,443,1975
61512,440,1917
61513,442,1800
61514,520,1682
61515,614,1555
61516,676,1519
61517,668,1583
61518,596,1749
61519,485,1883
61520,441,1973
61521,440,1977
61522,440,1925
61523,442,1804
61524,520,1689
61525,616,1561
61526,677,1527
61527,674,1590
61528,598,1753
61529,489,1886
61530,443,1975
61531,442,1982
61532,441,1931
61533,448,1815
61534,523,1700
61535,618,1573
61536,680,1545
61537,676,1599
61538,600,1759
61539,489,1894
61540,442,1978
61541,440,1990
61542,442,1939
61543,443,1821
61544,522,1710
61545,616,1587
61546,678,1559
61547,675,1615
61548,600,1769
61549,488,1899
61550,442,1983
61551,440,1997
61552,442,1944
61553,443,1833
61554,520,1723
61555,616,1600
61556,677,1572
61557,673,1627
61558,600,1776
61559,486,1907
61560,443,1992
61561,442,2005
61562,440,1949
61563,448,1823
61564,554,1739
61565,648,1623
61566,714,1573
61567,712,1631
61568,649,1765
61569,536,1904
61570,444,1993
61571,442,2021
61572,442,1967
61573,443,1867
61574,546,1757
61575,634,1633
61576,676,1599
61577,672,1653
61578,598,1811
61579,476,1951
61580,448,2017
61581,440,2041
61582,440,1980
61583,447,1869
61584,532,1753
61585,645,1631
61586,712,1577
61587,711,1639
61588,648,1781
61589,538,1927
61590,443,2011
61591,442,2043
61592,442,1981
61593,443,1849
61594,518,1739
61595,615,1613
61596,676,1581
61597,674,1645
61598,603,1801
61599,492,1941
61600,442,2027
61601,442,2039
61602,441,1977
61603,442,1845
61604,528,1726
61605,626,1605
61606,690,1573
61607,684,1638
61608,618,1801
61609,514,1939
61610,443,2025
61611,442,2041
61612,442,1977
61613,452,1821
61614,550,1719
61615,652,1595
61616,714,1565
61617,713,1635
61618,646,1791
61619,538,1937
61620,448,2024
61621,448,2039
61622,448,1971
61623,460,1837
61624,568,1711
61625,672,1591
61626,738,1559
61627,738,1627
61628,672,1787
61629,570,1927
61630,483,2011
61631,448,2030
61632,451,1965
61633,536,1830
61634,663,1711
61635,780,1590
61636,865,1560
61637,884,1630
61638,841,1789
61639,758,1931
61640,686,2019
61641,659,2036
61642,690,1968
61643,788,1843
61644,922,1721
61645,1052,1608
61646,1143,1579
61647,1172,1654
61648,1136,1817
61649,1064,1957
61650,1006,2041
61651,984,2067
61652,1026,1997
61653,1120,1853
61654,1244,1719
61655,1364,1581
61656,1446,0
61657,1464,0
61658,1426,572
61659,1352,1733
61660,1284,2588
61661,1243,3118
61662,1264,2668
61663,1344,1471
61664,1456,147
61665,1568,0
61666,1642,0
61667,1668,0
61668,1636,781
61669,1574,2004
61670,1517,2904
61671,1498,3475
61672,1538,3045
61673,1624,1846
61674,1744,509
61675,1856,0
61676,1932,0
61677,1958,0
61678,1930,839
61679,1892,2171
61680,1863,2888
61681,1847,3614
61682,1879,3228
61683,1954,2155
61684,2059,783
61685,2154,0
61686,2228,0
61687,2244,0
61688,2219,677
61689,2156,1999
61690,2103,2921
61691,2068,3667
61692,2058,3239
61693,2116,2069
61694,2196,727
61695,2264,0
61696,2307,0
61697,2303,0
61698,2250,889
61699,2178,2166
61700,2105,3094
61701,2057,3672
61702,2036,3309
61703,2040,2139
61704,2048,792
61705,2128,0
61706,2180,0
61707,2194,0
61708,2165,895
61709,2122,2167
61710,2083,3111
61711,2060,3673
61712,2075,3337
61713,2122,2175
61714,2192,813
61715,2249,0
61716,2290,0
61717,2292,0
61718,2264,895
61719,2216,2190
61720,2178,3131
61721,2160,3673
61722,2180,3369
61723,2220,2213
61724,2284,855
61725,2345,0
61726,2386,0
61727,2388,0
61728,2360,879
61729,2321,2184
61730,2282,3149
61731,2266,3672
61732,2279,3412
61733,2321,2246
61734,2377,891
61735,2424,0
61736,2459,0
61737,2460,0
61738,2435,879
61739,2391,2206
61740,2356,3161
61741,2339,3673
61742,2348,3435
61743,2385,2283
61744,2436,931
61745,2481,0
61746,2512,0
61747,2511,0
61748,2486,869
61749,2448,2193
61750,2417,3154
61751,2402,3673
61752,2410,3449
61753,2447,2312
61754,2490,957
61755,2533,0
61756,2566,0
61757,2570,0
61758,2546,868
61759,2516,2195
61760,2497,3156
61761,2488,3672
61762,2508,3448
61763,2548,2339
61764,2598,985
61765,2643,0
61766,2669,0
61767,2676,0
61768,2666,921
61769,2648,2261
61770,2640,3256
61771,2642,3673
61772,2663,3640
61773,2705,2542
61774,2753,1227
61775,2794,204
61776,2828,0
61777,2836,0
61778,2828,1044
61779,2828,2535
61780,2833,3337
61781,2834,3670
61782,2850,3669
61783,2884,3005
61784,2920,1679
61785,2960,667
61786,2984,0
61787,2983,122
61788,2972,1019
61789,2948,2463
61790,2926,3491
61791,2917,3669
61792,2901,3674
61793,2924,2985
61794,2959,1673
61795,2986,651
61796,3004,0
61797,2998,279
61798,2979,1305
61799,2951,2683
61800,2930,3667
61801,2916,3673
61802,2919,3674
61803,2934,3043
61804,2956,1723
61805,2972,695
61806,2979,0
61807,2963,295
61808,2924,1304
61809,2891,2665
61810,2860,3640
61811,2844,3675
61812,2845,3675
61813,2862,2979
61814,2885,1645
61815,2904,617
61816,2913,0
61817,2902,205
61818,2872,1193
61819,2842,2547
61820,2819,3533
61821,2800,3675
61822,2806,3677
61823,2828,2965
61824,2854,1679
61825,2880,679
61826,2890,9
61827,2881,327
61828,2854,1309
61829,2823,2675
61830,2802,3645
61831,2791,3675
61832,2803,3675
61833,2832,3065
61834,2859,1755
61835,2888,749
61836,2899,41
61837,2888,336
61838,2859,1320
61839,2826,2668
61840,2804,3639
61841,2792,3675
61842,2804,3675
61843,2834,3054
61844,2864,1739
61845,2888,763
61846,2900,53
61847,2888,329
61848,2856,1273
61849,2824,2583
61850,2801,3527
61851,2790,3673
61852,2802,3673
61853,2828,2914
61854,2860,1627
61855,2887,680
61856,2898,4
61857,2885,301
61858,2854,1242
61859,2822,2551
61860,2797,3480
61861,2790,3673
61862,2804,3674
61863,2832,2966
61864,2862,1689
61865,2890,783
61866,2903,138
61867,2888,460
61868,2858,1369
61869,2824,2638
61870,2803,3529
61871,2792,3673
61872,2807,3674
61873,2837,2920
61874,2868,1647
61875,2896,759
61876,2906,119
61877,2896,397
61878,2864,1279
61879,2850,2633
61880,2840,3256
61881,2834,3671
61882,2848,3669
61883,2871,2925
61884,2906,1655
61885,2931,814
61886,2947,92
61887,2930,365
61888,2904,1107
61889,2867,2347
61890,2842,3183
61891,2827,3671
61892,2808,3655
61893,2868,2696
61894,2902,1581
61895,2929,701
61896,2930,0
61897,2924,205
61898,2893,933
61899,2855,2125
61900,2832,2920
61901,2806,3662
61902,2837,3435
61903,2860,2595
61904,2892,1307
61905,2918,447
61906,2900,0
61907,2884,5
61908,2851,798
61909,2816,1934
61910,2791,2716
61911,2780,3421
61912,2794,3095
61913,2826,2183
61914,2857,973
61915,2886,147
61916,2899,0
61917,2882,0
61918,2852,677
61919,2816,1786
61920,2790,2526
61921,2784,3223
61922,2796,2895
61923,2832,1991
61924,2863,784
61925,2890,0
61926,2904,0
61927,2888,0
61928,2858,622
61929,2824,1734
61930,2800,2463
61931,2792,3175
61932,2808,2835
61933,2839,1933
61934,2872,717
61935,2902,0
61936,2916,0
61937,2900,0
61938,2868,585
61939,2834,1687
61940,2810,2413
61941,2802,3111
61942,2822,2773
61943,2851,1849
61944,2887,639
61945,2913,0
61946,2924,0
61947,2912,0
61948,2884,564
61949,2843,1630
61950,2822,2343
61951,2816,3013
61952,2832,2669
61953,2860,1753
61954,2900,537
61955,2924,0
61956,2935,0
61957,2920,0
61958,2892,537
61959,2854,1591
61960,2834,2299
61961,2824,2970
61962,2840,2653
61963,2868,1788
61964,2906,570
61965,2932,0
61966,2949,0
61967,2928,0
61968,2899,489
61969,2858,1525
61970,2836,2207
61971,2826,2879
61972,2844,2552
61973,2872,1655
61974,2908,439
61975,2934,0
61976,2949,0
61977,2926,0
61978,2898,458
61979,2854,1490
61980,2828,2153
61981,2818,2808
61982,2834,2445
61983,2860,1545
61984,2898,313
61985,2921,0
61986,2932,0
61987,2913,0
61988,2882,419
61989,2837,1434
61990,2810,2083
61991,2800,2715
61992,2821,2330
61993,2884,1437
61994,2920,319
61995,2949,0
61996,2949,0
61997,2948,3
61998,2915,277
61999,2867,1261
62000,2832,2196
62001,2834,2657
62002,2854,2327
62003,2871,1530
62004,2916,270
62005,2918,0
62006,2930,0
62007,2912,0
62008,2880,381
62009,2836,1343
62010,2816,1984
62011,2802,2629
62012,2823,2261
62013,2854,1359
62014,2896,141
62015,2922,0
62016,2934,0
62017,2916,0
62018,2886,360
62019,2844,1325
62020,2822,1963
62021,2808,2605
62022,2832,2255
62023,2858,1381
62024,2902,171
62025,2925,0
62026,2938,0
62027,2922,0
62028,2889,339
62029,2846,1278
62030,2825,1929
62031,2809,2581
62032,2832,2235
62033,2859,1352
62034,2900,157
62035,2924,0
62036,2937,0
62037,2920,0
62038,2890,343
62039,2848,1311
62040,2826,1945
62041,2816,2596
62042,2832,2251
62043,2860,1363
62044,2900,158
62045,2923,0
62046,2936,0
62047,2918,0
62048,2887,319
62049,2844,1306
62050,2822,1927
62051,2806,2581
62052,2827,2223
62053,2854,1355
62054,2893,155
62055,2917,0
62056,2931,0
62057,2913,0
62058,2883,315
62059,2840,1293
62060,2819,1913
62061,2804,2579
62062,2824,2230
62063,2855,1214
62064,2919,135
62065,2947,0
62066,2964,0
62067,2934,0
62068,2918,206
62069,2880,1161
62070,2848,1803
62071,2834,2553
62072,2844,2253
62073,2883,1487
62074,2918,281
62075,2937,0
62076,2954,0
62077,2903,0
62078,2870,333
62079,2832,1301
62080,2840,1896
62081,2832,2572
62082,2844,2277
62083,2860,1543
62084,2904,354
62085,2920,0
62086,2935,0
62087,2916,0
62088,2887,281
62089,2844,1215
62090,2818,1842
62091,2790,2591
62092,2792,2233
62093,2798,1319
62094,2828,233
62095,2844,0
62096,2852,0
62097,2828,0
62098,2791,308
62099,2746,1207
62100,2724,1816
62101,2710,2459
62102,2730,2125
62103,2760,1286
62104,2796,127
62105,2824,0
62106,2838,0
62107,2820,0
62108,2787,308
62109,2744,1199
62110,2722,1789
62111,2707,2427
62112,2723,2105
62113,2759,1096
62114,2789,139
62115,2818,0
62116,2828,0
62117,2808,0
62118,2778,270
62119,2740,1158
62120,2718,1742
62121,2706,2375
62122,2722,2044
62123,2753,1251
62124,2786,117
62125,2807,0
62126,2824,0
62127,2804,0
62128,2776,238
62129,2736,1107
62130,2713,1687
62131,2700,2315
62132,2714,1979
62133,2740,1182
62134,2776,41
62135,2800,0
62136,2816,0
62137,2794,0
62138,2768,243
62139,2728,1094
62140,2708,1673
62141,2695,2291
62142,2710,1967
62143,2736,1160
62144,2774,31
62145,2796,0
62146,2808,0
62147,2792,0
62148,2764,215
62149,2726,1081
62150,2704,1655
62151,2692,2275
62152,2708,1914
62153,2734,1109
62154,2772,0
62155,2793,0
62156,2806,0
62157,2791,0
62158,2764,184
62159,2726,1007
62160,2706,1587
62161,2692,2173
62162,2709,1824
62163,2734,1005
62164,2773,0
62165,2794,0
62166,2808,0
62167,2793,0
62168,2769,137
62169,2728,997
62170,2708,1528
62171,2696,2158
62172,2710,1829
62173,2738,1006
62174,2774,0
62175,2796,0
62176,2810,0
62177,2795,0
62178,2770,139
62179,2731,975
62180,2742,1491
62181,2732,2125
62182,2753,1837
62183,2764,1135
62184,2815,0
62185,2835,0
62186,2845,0
62187,2836,0
62188,2801,44
62189,2778,852
62190,2756,1397
62191,2732,2137
62192,2717,1791
62193,2744,995
62194,2779,0
62195,2802,0
62196,2818,0
62197,2798,0
62198,2774,120
62199,2732,956
62200,2712,1547
62201,2698,2172
62202,2713,1847
62203,2739,1063
62204,2775,0
62205,2797,0
62206,2815,0
62207,2794,0
62208,2770,139
62209,2730,924
62210,2708,1469
62211,2694,2117
62212,2706,1773
62213,2730,978
62214,2768,0
62215,2790,0
62216,2802,0
62217,2786,0
62218,2758,61
62219,2716,873
62220,2694,1416
62221,2678,2040
62222,2692,1692
62223,2716,888
62224,2752,0
62225,2772,0
62226,2788,0
62227,2770,0
62228,2739,54
62229,2700,818
62230,2675,1327
62231,2658,1944
62232,2672,1604
62233,2696,808
62234,2728,0
62235,2752,0
62236,2762,0
62237,2740,0
62238,2711,11
62239,2668,733
62240,2642,1240
62241,2624,1851
62242,2633,1532
62243,2650,749
62244,2679,0
62245,2699,0
62246,2708,0
62247,2679,0
62248,2646,0
62249,2598,739
62250,2566,1208
62251,2534,1817
62252,2538,1461
62253,2550,667
62254,2578,0
62255,2587,0
62256,2588,0
62257,2553,0
62258,2512,0
62259,2455,684
62260,2410,1129
62261,2376,1720
62262,2375,1357
62263,2384,556
62264,2402,0
62265,2410,0
62266,2410,0
62267,2377,0
62268,2330,0
62269,2272,623
62270,2228,1068
62271,2197,1635
62272,2198,1262
62273,2212,600
62274,2242,0
62275,2257,0
62276,2262,0
62277,2234,0
62278,2196,0
62279,2146,530
62280,2146,907
62281,2128,1431
62282,2136,1268
62283,2146,1011
62284,2194,28
62285,2216,0
62286,2227,0
62287,2210,106
62288,2170,309
62289,2132,559
62290,2102,717
62291,2072,885
62292,2051,861
62293,2074,759
62294,2114,628
62295,2135,585
62296,2151,559
62297,2131,691
62298,2096,863
62299,2040,1081
62300,2008,1203
62301,1986,1323
62302,1995,1261
62303,2019,1141
62304,2058,987
62305,2086,921
62306,2100,868
62307,2076,985
62308,2038,1135
62309,1990,1337
62310,1954,1451
62311,1928,1561
62312,1940,1483
62313,1961,1352
62314,2002,1183
62315,2022,1115
62316,2036,1053
62317,2010,1157
62318,1972,1310
62319,1914,1503
62320,1876,1605
62321,1844,1715
62322,1858,1630
62323,1876,1499
62324,1912,1325
62325,1938,1245
62326,1948,1183
62327,1923,1289
62328,1880,1436
62329,1821,1629
62330,1780,1718
62331,1746,1821
62332,1751,1739
62333,1766,1608
62334,1802,1428
62335,1820,1351
62336,1831,1280
62337,1802,1381
62338,1755,1514
62339,1694,1701
62340,1650,1785
62341,1616,1881
62342,1624,1792
62343,1641,1658
62344,1680,1483
62345,1703,1397
62346,1718,1323
62347,1691,1420
62348,1654,1559
62349,1602,1727
62350,1560,1816
62351,1528,1910
62352,1546,1824
62353,1574,1687
62354,1621,1507
62355,1650,1420
62356,1674,1349
62357,1652,1439
62358,1620,1574
62359,1564,1746
62360,1528,1828
62361,1508,1927
62362,1524,1833
62363,1562,1700
62364,1612,1516
62365,1648,1433
62366,1680,1361
62367,1668,1452
62368,1646,1589
62369,1608,1759
62370,1589,1848
62371,1580,1949
62372,1618,1855
62373,1666,1721
62374,1729,1546
62375,1776,1461
62376,1815,1390
62377,1814,1477
62378,1802,1610
62379,1768,1786
62380,1792,1865
62381,1785,1963
62382,1815,1882
62383,1841,1757
62384,1911,1575
62385,1958,1483
62386,1988,1385
62387,1988,1463
62388,1970,1581
62389,1942,1759
62390,1927,1845
62391,1909,1963
62392,1904,1871
62393,1972,1725
62394,2022,1578
62395,2066,1489
62396,2098,1387
62397,2084,1467
62398,2068,1594
62399,2024,1761
62400,2002,1845
62401,1985,1959
62402,2002,1883
62403,2028,1757
62404,2073,1580
62405,2107,1493
62406,2104,1401
62407,2090,1489
62408,2068,1611
62409,2026,1775
62410,2004,1864
62411,1988,1961
62412,2008,1875
62413,2038,1743
62414,2088,1565
62415,2123,1481
62416,2151,1400
62417,2140,1483
62418,2119,1613
62419,2080,1779
62420,2056,1865
62421,2036,1960
62422,2058,1876
62423,2086,1741
62424,2132,1565
62425,2164,1480
62426,2194,1399
62427,2182,1484
62428,2160,1611
62429,2124,1775
62430,2102,1861
62431,2088,1957
62432,2114,1871
62433,2144,1741
62434,2192,1562
62435,2226,1477
62436,2257,1395
62437,2248,1479
62438,2228,1607
62439,2195,1770
62440,2176,1855
62441,2160,1957
62442,2180,1875
62443,2210,1743
62444,2252,1567
62445,2283,1481
62446,2311,1400
62447,2294,1491
62448,2272,1621
62449,2231,1789
62450,2210,1880
62451,2193,1980
62452,2206,1899
62453,2232,1775
62454,2274,1598
62455,2306,1514
62456,2329,1433
62457,2316,1516
62458,2294,1643
62459,2259,1813
62460,2231,1897
62461,2215,1997
62462,2232,1911
62463,2260,1785
62464,2305,1609
62465,2333,1519
62466,2358,1437
62467,2346,1518
62468,2326,1647
62469,2288,1816
62470,2262,1901
62471,2246,2007
62472,2260,1925
62473,2282,1801
62474,2324,1619
62475,2352,1533
62476,2376,1447
62477,2359,1527
62478,2339,1651
62479,2296,1819
62480,2272,1903
62481,2251,2003
62482,2262,1920
62483,2284,1792
62484,2324,1613
62485,2347,1528
62486,2374,1439
62487,2354,1519
62488,2331,1641
62489,2290,1805
62490,2264,1887
62491,2244,1983
62492,2258,1903
62493,2314,1769
62494,2349,1623
62495,2380,1532
62496,2403,1437
62497,2392,1503
62498,2374,1611
62499,2331,1775
62500,2306,1894
62501,2289,1979
62502,2285,1911
62503,2324,1805
62504,2360,1625
62505,2376,1533
62506,2383,1439
62507,2373,1517
62508,2346,1635
62509,2312,1789
62510,2290,1877
62511,2271,1977
62512,2283,1901
62513,2308,1780
62514,2346,1606
62515,2377,1515
62516,2401,1428
62517,2392,1497
62518,2374,1611
62519,2338,1773
62520,2316,1861
62521,2303,1961
62522,2315,1883
62523,2340,1765
62524,2384,1580
62525,2412,1495
62526,2440,1403
62527,2434,1481
62528,2412,1595
62529,2378,1753
62530,2355,1846
62531,2338,1949
62532,2349,1873
62533,2374,1752
62534,2409,1577
62535,2436,1488
62536,2458,1399
62537,2448,1479
62538,2421,1589
62539,2384,1751
62540,2354,1836
62541,2332,1944
62542,2340,1869
62543,2358,1755
62544,2392,1581
62545,2416,1499
62546,2440,1415
62547,2422,1495
62548,2401,1617
62549,2359,1775
62550,2335,1867
62551,2313,1975
62552,2324,1910
62553,2344,1791
62554,2384,1627
62555,2410,1556
62556,2436,1466
62557,2424,1567
62558,2412,1653
62559,2372,1807
62560,2345,1906
62561,2323,2035
62562,2338,1963
62563,2354,1883
62564,2392,1709
62565,2417,1623
62566,2452,1541
62567,2439,1593
62568,2421,1700
62569,2388,1868
62570,2356,1968
62571,2332,2090
62572,2341,2027
62573,2373,1929
62574,2405,1747
62575,2434,1685
62576,2458,1575
62577,2450,1652
62578,2432,1725
62579,2392,1915
62580,2369,1993
62581,2353,2123
62582,2354,2070
62583,2380,1960
62584,2416,1780
62585,2444,1698
62586,2468,1595
62587,2454,1663
62588,2441,1768
62589,2396,1961
62590,2410,2031
62591,2394,2143
62592,2405,2045
62593,2422,1979
62594,2462,1804
62595,2488,1718
62596,2514,1619
62597,2506,1676
62598,2487,1776
62599,2451,1951
62600,2424,2031
62601,2400,2153
62602,2401,2091
62603,2402,1957
62604,2436,1789
62605,2459,1706
62606,2482,1612
62607,2468,1688
62608,2450,1798
62609,2410,1960
62610,2387,2041
62611,2368,2154
62612,2376,2080
62613,2400,1935
62614,2434,1781
62615,2456,1699
62616,2476,1604
62617,2468,1675
62618,2448,1781
62619,2407,1942
62620,2384,2023
62621,2360,2135
62622,2374,2063
62623,2390,1943
62624,2424,1763
62625,2452,1673
62626,2472,1575
62627,2460,1641
62628,2440,1748
62629,2403,1907
62630,2378,1983
62631,2355,2099
62632,2368,2019
62633,2386,1899
62634,2420,1719
62635,2446,1627
62636,2468,1525
62637,2458,1595
62638,2438,1701
62639,2402,1855
62640,2377,1941
62641,2356,2046
62642,2368,1973
62643,2386,1855
62644,2419,1683
62645,2448,1591
62646,2469,1483
62647,2459,1557
62648,2440,1659
62649,2404,1821
62650,2380,1904
62651,2358,2019
62652,2370,1947
62653,2390,1828
62654,2424,1650
62655,2452,1563
62656,2472,1462
62657,2466,1529
62658,2448,1639
62659,2409,1800
62660,2387,1884
62661,2368,1996
62662,2379,1925
62663,2400,1815
62664,2434,1634
62665,2460,1545
62666,2483,1445
62667,2473,1515
62668,2457,1621
62669,2422,1787
62670,2400,1871
62671,2380,1983
62672,2391,1915
62673,2411,1803
62674,2450,1625
62675,2476,1544
62676,2502,1434
62677,2490,1511
62678,2475,1611
62679,2442,1775
62680,2419,1863
62681,2402,1978
62682,2411,1911
62683,2436,1788
62684,2470,1611
62685,2496,1526
62686,2518,1421
62687,2511,1491
62688,2490,1611
62689,2480,1786
62690,2464,1839
62691,2451,1964
62692,2457,1911
62693,2472,1814
62694,2505,1635
62695,2532,1543
62696,2552,1438
62697,2541,1493
62698,2528,1589
62699,2489,1759
62700,2460,1847
62701,2438,1964
62702,2413,1903
62703,2433,1799
62704,2466,1620
62705,2488,1531
62706,2512,1431
62707,2502,1497
62708,2483,1597
62709,2448,1757
62710,2423,1835
62711,2404,1947
62712,2412,1875
62713,2434,1763
62714,2466,1579
62715,2488,1495
62716,2514,1387
62717,2506,1447
62718,2488,1549
62719,2454,1704
62720,2434,1783
62721,2411,1897
62722,2420,1827
62723,2440,1719
62724,2475,1544
62725,2502,1453
62726,2524,1354
62727,2518,1419
62728,2500,1523
62729,2468,1683
62730,2444,1768
62731,2424,1891
62732,2436,1831
62733,2452,1735
62734,2486,1561
62735,2512,1480
62736,2534,1382
62737,2527,1446
62738,2512,1559
62739,2475,1721
62740,2454,1811
62741,2435,1932
62742,2444,1876
62743,2461,1772
62744,2496,1597
62745,2520,1517
62746,2540,1417
62747,2534,1486
62748,2518,1593
62749,2484,1757
62750,2460,1843
62751,2442,1962
62752,2451,1895
62753,2468,1787
62754,2502,1619
62755,2528,1526
62756,2546,1433
62757,2540,1494
62758,2523,1591
62759,2488,1755
62760,2466,1834
62761,2444,1957
62762,2454,1897
62763,2469,1797
62764,2504,1619
62765,2528,1541
62766,2547,1439
62767,2538,1507
62768,2522,1612
62769,2487,1775
62770,2465,1867
62771,2443,1989
62772,2452,1933
62773,2469,1833
62774,2502,1659
62775,2524,1583
62776,2546,1485
62777,2537,1557
62778,2520,1661
62779,2483,1831
62780,2460,1926
62781,2440,2042
62782,2448,1992
62783,2462,1896
62784,2496,1725
62785,2518,1646
62786,2538,1553
62787,2532,1619
62788,2515,1725
62789,2499,1912
62790,2487,1965
62791,2471,2088
62792,2474,2056
62793,2488,1963
62794,2522,1783
62795,2547,1699
62796,2571,1605
62797,2567,1644
62798,2547,1742
62799,2513,1917
62800,2484,2012
62801,2459,2137
62802,2436,2088
62803,2452,1982
62804,2482,1816
62805,2506,1739
62806,2528,1643
62807,2518,1703
62808,2502,1805
62809,2465,1971
62810,2440,2056
62811,2419,2183
62812,2423,2120
62813,2442,2019
62814,2472,1835
62815,2498,1757
62816,2517,1657
62817,2508,1717
62818,2490,1815
62819,2456,1979
62820,2434,2063
62821,2408,2184
62822,2416,2125
62823,2434,2019
62824,2464,1849
62825,2486,1765
62826,2507,1653
62827,2500,1719
62828,2482,1813
62829,2448,1981
62830,2421,2066
62831,2400,2183
62832,2406,2125
62833,2420,2013
62834,2454,1836
62835,2476,1749
62836,2500,1643
62837,2490,1710
62838,2474,1803
62839,2438,1959
62840,2411,2043
62841,2390,2165
62842,2399,2107
62843,2412,2001
62844,2449,1817
62845,2470,1735
62846,2490,1623
62847,2484,1686
62848,2468,1779
62849,2434,1941
62850,2410,2007
62851,2388,2136
62852,2394,2076
62853,2409,1973
62854,2447,1796
62855,2470,1701
62856,2490,1597
62857,2484,1651
62858,2470,1746
62859,2436,1903
62860,2409,1979
62861,2391,2100
62862,2396,2035
62863,2412,1933
62864,2449,1750
62865,2472,1657
62866,2498,1557
62867,2490,1605
62868,2474,1694
62869,2440,1851
62870,2416,1929
62871,2395,2040
62872,2404,1981
62873,2420,1879
62874,2454,1695
62875,2480,1599
62876,2503,1496
62877,2500,1549
62878,2482,1637
62879,2449,1798
62880,2423,1877
62881,2404,1989
62882,2410,1933
62883,2426,1829
62884,2464,1645
62885,2488,1557
62886,2512,1451
62887,2506,1501
62888,2490,1589
62889,2473,1763
62890,2470,1828
62891,2454,1933
62892,2456,1898
62893,2470,1801
62894,2498,1619
62895,2534,1509
62896,2552,1417
62897,2551,1448
62898,2533,1522
62899,2506,1690
62900,2472,1783
62901,2466,1891
62902,2434,1845
62903,2450,1748
62904,2482,1571
62905,2508,1479
62906,2532,1380
62907,2528,1427
62908,2512,1516
62909,2477,1675
62910,2454,1763
62911,2438,1876
62912,2442,1827
62913,2459,1720
62914,2495,1547
62915,2520,1449
62916,2541,1349
62917,2539,1389
62918,2523,1485
62919,2489,1645
62920,2466,1725
62921,2448,1839
62922,2453,1785
62923,2469,1691
62924,2504,1512
62925,2532,1417
62926,2552,1323
62927,2548,1371
62928,2534,1465
62929,2500,1625
62930,2473,1715
62931,2455,1831
62932,2459,1785
62933,2476,1691
62934,2512,1517
62935,2537,1430
62936,2563,1336
62937,2552,1389
62938,2537,1485
62939,2500,1648
62940,2476,1737
62941,2456,1854
62942,2462,1812
62943,2476,1721
62944,2514,1549
62945,2537,1455
62946,2565,1370
62947,2560,1419
62948,2540,1516
62949,2505,1683
62950,2480,1772
62951,2461,1894
62952,2467,1853
62953,2482,1765
62954,2517,1593
62955,2544,1507
62956,2570,1419
62957,2566,1465
62958,2546,1565
62959,2512,1723
62960,2484,1817
62961,2467,1930
62962,2471,1887
62963,2486,1799
62964,2521,1621
62965,2548,1525
62966,2576,1433
62967,2570,1471
62968,2550,1566
62969,2516,1725
62970,2489,1813
62971,2470,1919
62972,2474,1879
62973,2490,1782
62974,2528,1605
62975,2552,1508
62976,2580,1415
62977,2575,1453
62978,2562,1544
62979,2520,1694
62980,2496,1781
62981,2475,1887
62982,2480,1839
62983,2498,1742
62984,2533,1562
62985,2565,1463
62986,2586,1371
62987,2582,1407
62988,2567,1493
62989,2545,1657
62990,2540,1727
62991,2522,1824
62992,2524,1805
62993,2536,1716
62994,2570,1531
62995,2608,1429
62996,2631,1337
62997,2633,1356
62998,2612,1433
62999,2585,1591
63000,2545,1699
63001,2538,1787
63002,2506,1759
63003,2522,1675
63004,2564,1497
63005,2589,1404
63006,2613,1312
63007,2611,1357
63008,2596,1443
63009,2562,1599
63010,2532,1689
63011,2514,1801
63012,2519,1763
63013,2534,1674
63014,2578,1497
63015,2603,1401
63016,2630,1317
63017,2626,1357
63018,2610,1447
63019,2576,1610
63020,2546,1695
63021,2526,1811
63022,2531,1772
63023,2546,1689
63024,2588,1515
63025,2615,1427
63026,2640,1337
63027,2634,1381
63028,2624,1471
63029,2584,1638
63030,2553,1737
63031,2533,1851
63032,2537,1829
63033,2551,1747
63034,2593,1580
63035,2618,1495
63036,2643,1419
63037,2636,1467
63038,2618,1573
63039,2582,1741
63040,2550,1847
63041,2529,1973
63042,2532,1949
63043,2544,1879
63044,2582,1716
63045,2605,1633
63046,2629,1557
63047,2626,1605
63048,2605,1701
63049,2568,1869
63050,2536,1966
63051,2512,2095
63052,2514,2073
63053,2524,1995
63054,2564,1823
63055,2588,1728
63056,2610,1646
63057,2603,1690
63058,2586,1780
63059,2545,1944
63060,2514,2041
63061,2496,2150
63062,2498,2124
63063,2508,2038
63064,2541,1867
63065,2576,1769
63066,2592,1685
63067,2587,1721
63068,2570,1811
63069,2530,1972
63070,2500,2071
63071,2476,2174
63072,2476,2150
63073,2490,2069
63074,2524,1895
63075,2548,1804
63076,2572,1719
63077,2568,1762
63078,2546,1849
63079,2506,2014
63080,2476,2110
63081,2455,2221
63082,2457,2166
63083,2471,2079
63084,2505,1909
63085,2531,1813
63086,2550,1737
63087,2545,1776
63088,2528,1867
63089,2483,2065
63090,2490,2127
63091,2476,2223
63092,2474,2221
63093,2471,2143
63094,2521,1975
63095,2548,1867
63096,2568,1789
63097,2566,1811
63098,2537,1893
63099,2512,2055
63100,2483,2163
63101,2459,2258
63102,2451,2248
63103,2440,2153
63104,2472,1993
63105,2498,1897
63106,2518,1815
63107,2515,1849
63108,2498,1933
63109,2458,2093
63110,2432,2188
63111,2407,2291
63112,2408,2265
63113,2423,2151
63114,2456,1998
63115,2484,1901
63116,2504,1818
63117,2501,1849
63118,2484,1931
63119,2448,2085
63120,2416,2183
63121,2396,2279
63122,2396,2251
63123,2410,2158
63124,2444,1983
63125,2472,1880
63126,2496,1789
63127,2489,1821
63128,2474,1898
63129,2438,2055
63130,2406,2141
63131,2388,2233
63132,2390,2203
63133,2403,2111
63134,2439,1939
63135,2466,1833
63136,2486,1743
63137,2484,1769
63138,2468,1848
63139,2433,1996
63140,2402,2089
63141,2383,2183
63142,2386,2153
63143,2400,2070
63144,2435,1895
63145,2460,1787
63146,2482,1705
63147,2480,1727
63148,2464,1807
63149,2426,1959
63150,2400,2053
63151,2380,2149
63152,2380,2123
63153,2394,2036
63154,2433,1866
63155,2458,1763
63156,2478,1679
63157,2480,1706
63158,2464,1784
63159,2425,1939
63160,2400,2027
63161,2380,2126
63162,2381,2099
63163,2395,2013
63164,2435,1843
63165,2458,1736
63166,2482,1653
63167,2482,1678
63168,2468,1757
63169,2434,1907
63170,2404,2003
63171,2384,2095
63172,2386,2073
63173,2402,1989
63174,2438,1814
63175,2466,1705
63176,2487,1621
63177,2486,1642
63178,2472,1720
63179,2438,1875
63180,2408,1967
63181,2390,2059
63182,2391,2030
63183,2407,1947
63184,2443,1769
63185,2472,1661
63186,2492,1579
63187,2497,1605
63188,2478,1683
63189,2465,1845
63190,2455,1929
63191,2438,2011
63192,2436,2012
63193,2448,1933
63194,2472,1758
63195,2513,1641
63196,2532,1567
63197,2536,1573
63198,2519,1646
63199,2489,1801
63200,2454,1913
63201,2444,2001
63202,2406,1991
63203,2420,1908
63204,2456,1737
63205,2484,1627
63206,2508,1544
63207,2510,1564
63208,2498,1641
63209,2461,1798
63210,2435,1892
63211,2417,1981
63212,2418,1961
63213,2436,1875
63214,2472,1694
63215,2502,1582
63216,2523,1495
63217,2528,1513
63218,2512,1591
63219,2476,1741
63220,2451,1838
63221,2436,1931
63222,2436,1907
63223,2451,1817
63224,2486,1637
63225,2516,1523
63226,2536,1438
63227,2540,1451
63228,2527,1529
63229,2491,1681
63230,2467,1779
63231,2450,1871
63232,2450,1851
63233,2466,1759
63234,2502,1581
63235,2531,1461
63236,2550,1371
63237,2552,1387
63238,2539,1461
63239,2508,1615
63240,2482,1715
63241,2466,1804
63242,2464,1784
63243,2482,1693
63244,2516,1512
63245,2545,1395
63246,2572,1307
63247,2576,1321
63248,2563,1395
63249,2527,1549
63250,2498,1647
63251,2478,1739
63252,2480,1718
63253,2497,1629
63254,2531,1449
63255,2567,1331
63256,2587,1241
63257,2590,1259
63258,2578,1337
63259,2540,1493
63260,2514,1595
63261,2496,1691
63262,2496,1677
63263,2508,1593
63264,2542,1416
63265,2578,1297
63266,2598,1209
63267,2600,1236
63268,2584,1319
63269,2548,1481
63270,2518,1593
63271,2500,1692
63272,2500,1691
63273,2512,1611
63274,2547,1435
63275,2580,1324
63276,2600,1246
63277,2602,1270
63278,2588,1355
63279,2551,1527
63280,2522,1643
63281,2504,1749
63282,2503,1742
63283,2518,1662
63284,2548,1493
63285,2582,1384
63286,2602,1306
63287,2602,1333
63288,2589,1423
63289,2579,1605
63290,2565,1707
63291,2540,1801
63292,2535,1821
63293,2549,1747
63294,2578,1581
63295,2612,1447
63296,2631,1372
63297,2634,1369
63298,2618,1451
63299,2592,1611
63300,2553,1745
63301,2528,1833
63302,2498,1839
63303,2511,1755
63304,2544,1579
63305,2576,1459
63306,2594,1379
63307,2596,1391
63308,2582,1478
63309,2541,1639
63310,2514,1755
63311,2490,1847
63312,2488,1843
63313,2502,1761
63314,2535,1579
63315,2568,1453
63316,2586,1372
63317,2589,1386
63318,2576,1471
63319,2536,1639
63320,2505,1763
63321,2484,1855
63322,2482,1851
63323,2498,1768
63324,2530,1588
63325,2562,1462
63326,2582,1381
63327,2584,1391
63328,2572,1478
63329,2534,1639
63330,2503,1758
63331,2484,1850
63332,2482,1827
63333,2500,1742
63334,2530,1564
63335,2564,1440
63336,2584,1363
63337,2587,1373
63338,2576,1459
63339,2536,1622
63340,2507,1745
63341,2488,1837
63342,2487,1835
63343,2502,1791
63344,2534,1599
63345,2568,1465
63346,2588,1380
63347,2594,1381
63348,2580,1463
63349,2540,1627
63350,2512,1747
63351,2492,1843
63352,2496,1841
63353,2508,1754
63354,2539,1577
63355,2576,1449
63356,2596,1369
63357,2599,1378
63358,2586,1461
63359,2546,1627
63360,2515,1752
63361,2498,1845
63362,2490,1846
63363,2506,1765
63364,2538,1583
63365,2572,1456
63366,2594,1382
63367,2594,1389
63368,2580,1477
63369,2538,1642
63370,2506,1767
63371,2484,1863
63372,2481,1865
63373,2496,1781
63374,2524,1606
63375,2552,1480
63376,2578,1400
63377,2580,1406
63378,2563,1497
63379,2522,1663
63380,2488,1787
63381,2470,1881
63382,2466,1887
63383,2478,1807
63384,2509,1629
63385,2537,1509
63386,2562,1431
63387,2565,1440
63388,2542,1527
63389,2533,1703
63390,2514,1817
63391,2491,1901
63392,2483,1931
63393,2499,1848
63394,2529,1687
63395,2562,1546
63396,2584,1471
63397,2589,1461
63398,2571,1554
63399,2535,1705
63400,2491,1851
63401,2471,1940
63402,2440,1951
63403,2454,1878
63404,2484,1704
63405,2515,1578
63406,2535,1501
63407,2539,1511
63408,2522,1597
63409,2486,1763
63410,2455,1893
63411,2436,1983
63412,2434,1995
63413,2448,1912
63414,2478,1743
63415,2512,1618
63416,2534,1545
63417,2538,1555
63418,2524,1639
63419,2489,1805
63420,2457,1933
63421,2438,2025
63422,2436,2031
63423,2451,1955
63424,2485,1779
63425,2518,1653
63426,2540,1576
63427,2546,1581
63428,2532,1671
63429,2496,1830
63430,2465,1959
63431,2444,2055
63432,2442,2063
63433,2457,1976
63434,2495,1809
63435,2523,1679
63436,2546,1608
63437,2550,1611
63438,2536,1700
63439,2503,1851
63440,2471,1975
63441,2452,2069
63442,2448,2076
63443,2464,1983
63444,2500,1811
63445,2532,1687
63446,2552,1606
63447,2564,1603
63448,2546,1671
63449,2513,1827
63450,2482,1949
63451,2461,2035
63452,2459,2039
63453,2475,1952
63454,2514,1775
63455,2546,1643
63456,2572,1566
63457,2580,1564
63458,2567,1639
63459,2528,1791
63460,2499,1912
63461,2478,1993
63462,2474,2003
63463,2491,1909
63464,2528,1739
63465,2566,1599
63466,2588,1517
63467,2596,1515
63468,2582,1591
63469,2542,1742
63470,2512,1865
63471,2491,1941
63472,2488,1945
63473,2506,1855
63474,2540,1687
63475,2580,1553
63476,2602,1469
63477,2609,1461
63478,2595,1548
63479,2563,1693
63480,2524,1816
63481,2508,1895
63482,2504,1901
63483,2522,1817
63484,2562,1641
63485,2595,1507
63486,2618,1432
63487,2628,1427
63488,2612,1501
63489,2602,1661
63490,2584,1771
63491,2568,1845
63492,2563,1879
63493,2579,1787
63494,2612,1627
63495,2647,1477
63496,2676,1401
63497,2689,1379
63498,2668,1459
63499,2642,1599
63500,2596,1749
63501,2580,1820
63502,2544,1834
63503,2567,1748
63504,2600,1577
63505,2636,1437
63506,2660,1365
63507,2666,1357
63508,2651,1435
63509,2618,1583
63510,2586,1715
63511,2570,1790
63512,2566,1811
63513,2582,1721
63514,2616,1549
63515,2651,1414
63516,2674,1337
63517,2681,1327
63518,2666,1415
63519,2634,1563
63520,2600,1693
63521,2584,1771
63522,2580,1787
63523,2596,1705
63524,2631,1532
63525,2664,1396
63526,2691,1324
63527,2698,1317
63528,2680,1399
63529,2648,1550
63530,2614,1685
63531,2596,1759
63532,2594,1775
63533,2610,1693
63534,2644,1526
63535,2676,1386
63536,2704,1315
63537,2710,1304
63538,2696,1388
63539,2662,1543
63540,2629,1677
63541,2608,1757
63542,2602,1775
63543,2618,1695
63544,2655,1529
63545,2690,1390
63546,2713,1319
63547,2722,1308
63548,2706,1395
63549,2669,1549
63550,2640,1683
63551,2618,1757
63552,2612,1781
63553,2631,1693
63554,2664,1523
63555,2700,1388
63556,2724,1319
63557,2732,1310
63558,2716,1391
63559,2687,1547
63560,2650,1685
63561,2632,1764
63562,2628,1787
63563,2643,1707
63564,2676,1545
63565,2712,1403
63566,2736,1335
63567,2744,1324
63568,2730,1408
63569,2698,1566
63570,2662,1705
63571,2644,1785
63572,2636,1816
63573,2652,1736
63574,2689,1575
63575,2722,1437
63576,2744,1369
63577,2755,1359
63578,2736,1447
63579,2704,1603
63580,2667,1745
63581,2648,1821
63582,2643,1848
63583,2658,1769
63584,2692,1605
63585,2724,1461
63586,2752,1395
63587,2758,1383
63588,2739,1466
63589,2724,1644
63590,2708,1750
63591,2692,1823
63592,2678,1876
63593,2696,1789
63594,2727,1640
63595,2762,1493
63596,2786,1427
63597,2794,1395
63598,2778,1487
63599,2744,1640
63600,2706,1790
63601,2690,1879
63602,2667,1917
63603,2656,1851
63604,2688,1705
63605,2717,1575
63606,2740,1515
63607,2752,1513
63608,2730,1607
63609,2695,1767
63610,2659,1917
63611,2636,2005
63612,2630,2043
63613,2646,1955
63614,2674,1816
63615,2706,1687
63616,2727,1629
63617,2734,1623
63618,2716,1717
63619,2680,1879
63620,2644,2024
63621,2624,2110
63622,2613,2147
63623,2630,2072
63624,2659,1912
63625,2694,1775
63626,2716,1716
63627,2722,1705
63628,2705,1797
63629,2668,1951
63630,2632,2100
63631,2611,2187
63632,2602,2221
63633,2616,2138
63634,2648,1977
63635,2679,1835
63636,2704,1771
63637,2712,1755
63638,2693,1840
63639,2658,1995
63640,2618,2138
63641,2600,2215
63642,2589,2249
63643,2604,2163
63644,2636,2005
63645,2668,1861
63646,2692,1787
63647,2698,1772
63648,2680,1855
63649,2646,2003
63650,2611,2141
63651,2586,2223
63652,2580,2255
63653,2595,2169
63654,2627,2007
63655,2658,1861
63656,2678,1790
63657,2690,1773
63658,2672,1855
63659,2637,2007
63660,2599,2148
63661,2580,2223
63662,2572,2254
63663,2586,2169
63664,2615,2008
63665,2650,1865
63666,2672,1803
63667,2678,1784
63668,2663,1870
63669,2629,2023
63670,2592,2165
63671,2570,2237
63672,2563,2281
63673,2576,2197
63674,2604,2037
63675,2640,1895
63676,2660,1829
63677,2669,1807
63678,2651,1897
63679,2616,2055
63680,2582,2199
63681,2562,2277
63682,2547,2317
63683,2566,2233
63684,2596,2077
63685,2629,1928
63686,2650,1865
63687,2660,1839
63688,2644,1928
63689,2642,2079
63690,2612,2199
63691,2592,2269
63692,2578,2327
63693,2595,2237
63694,2625,2089
63695,2656,1930
63696,2679,1851
63697,2694,1805
63698,2674,1885
63699,2646,2012
63700,2600,2159
63701,2580,2231
63702,2538,2277
63703,2552,2190
63704,2586,2027
63705,2624,1877
63706,2646,1806
63707,2656,1775
63708,2640,1861
63709,2604,2004
63710,2569,2149
63711,2544,2218
63712,2535,2255
63713,2550,2167
63714,2584,2007
63715,2618,1851
63716,2642,1783
63717,2651,1757
63718,2633,1839
63719,2600,1979
63720,2567,2130
63721,2538,2201
63722,2531,2235
63723,2546,2151
63724,2580,1995
63725,2611,1839
63726,2634,1769
63727,2644,1743
63728,2628,1831
63729,2595,1975
63730,2552,2125
63731,2533,2198
63732,2521,2245
63733,2535,2159
63734,2568,2005
63735,2600,1853
63736,2626,1797
63737,2633,1768
63738,2614,1863
63739,2582,2004
63740,2540,2152
63741,2520,2223
63742,2508,2270
63743,2522,2185
63744,2552,2025
63745,2590,1879
63746,2611,1811
63747,2624,1780
63748,2604,1866
63749,2570,2009
63750,2531,2158
63751,2508,2231
63752,2498,2279
63753,2512,2194
63754,2539,2035
63755,2580,1884
63756,2599,1813
63757,2610,1779
63758,2594,1866
63759,2562,2008
63760,2520,2152
63761,2499,2227
63762,2486,2275
63763,2502,2187
63764,2531,2029
63765,2568,1877
63766,2589,1807
63767,2598,1773
63768,2583,1855
63769,2547,1997
63770,2508,2146
63771,2486,2213
63772,2475,2255
63773,2489,2165
63774,2519,2005
63775,2552,1849
63776,2580,1772
63777,2592,1737
63778,2576,1817
63779,2537,1956
63780,2503,2099
63781,2478,2169
63782,2468,2214
63783,2484,2123
63784,2513,1963
63785,2546,1807
63786,2575,1739
63787,2584,1704
63788,2568,1785
63789,2565,1940
63790,2533,2063
63791,2508,2139
63792,2496,2205
63793,2512,2121
63794,2535,1973
63795,2573,1813
63796,2598,1739
63797,2612,1683
63798,2593,1763
63799,2566,1867
63800,2516,2039
63801,2489,2119
63802,2452,2171
63803,2464,2089
63804,2497,1930
63805,2530,1773
63806,2551,1696
63807,2568,1659
63808,2546,1747
63809,2514,1883
63810,2474,2027
63811,2454,2101
63812,2442,2147
63813,2458,2055
63814,2488,1891
63815,2522,1726
63816,2548,1645
63817,2564,1617
63818,2544,1694
63819,2514,1833
63820,2475,1975
63821,2454,2047
63822,2442,2095
63823,2458,2005
63824,2487,1845
63825,2524,1689
63826,2548,1615
63827,2566,1575
63828,2542,1657
63829,2514,1799
63830,2476,1946
63831,2456,2015
63832,2443,2069
63833,2460,1976
63834,2490,1820
63835,2524,1663
63836,2550,1593
63837,2566,1560
63838,2546,1638
63839,2516,1779
63840,2476,1931
63841,2455,2011
63842,2442,2063
63843,2458,1979
63844,2487,1827
63845,2522,1664
63846,2548,1595
63847,2564,1557
63848,2540,1639
63849,2514,1771
63850,2473,1929
63851,2452,2004
63852,2440,2063
63853,2456,1968
63854,2484,1819
63855,2520,1655
63856,2546,1579
63857,2562,1545
63858,2539,1629
63859,2512,1763
63860,2472,1918
63861,2452,1993
63862,2440,2045
63863,2456,1958
63864,2484,1803
63865,2520,1642
63866,2546,1565
63867,2564,1517
63868,2542,1605
63869,2513,1740
63870,2474,1887
63871,2454,1961
63872,2440,2012
63873,2458,1919
63874,2487,1766
63875,2522,1607
63876,2550,1527
63877,2568,1485
63878,2547,1571
63879,2517,1705
63880,2480,1853
63881,2458,1930
63882,2448,1981
63883,2464,1895
63884,2496,1741
63885,2530,1581
63886,2562,1503
63887,2576,1455
63888,2552,1547
63889,2539,1699
63890,2525,1815
63891,2505,1891
63892,2488,1965
63893,2502,1879
63894,2524,1739
63895,2576,1575
63896,2596,1499
63897,2616,1422
63898,2596,1513
63899,2577,1639
63900,2528,1791
63901,2514,1865
63902,2460,1941
63903,2477,1851
63904,2507,1707
63905,2546,1545
63906,2576,1467
63907,2588,1419
63908,2578,1503
63909,2540,1642
63910,2504,1791
63911,2483,1868
63912,2472,1918
63913,2488,1835
63914,2519,1683
63915,2562,1517
63916,2586,1438
63917,2602,1394
63918,2586,1477
63919,2552,1609
63920,2519,1756
63921,2500,1831
63922,2484,1891
63923,2502,1802
63924,2532,1643
63925,2576,1481
63926,2600,1403
63927,2615,1357
63928,2600,1438
63929,2572,1573
63930,2532,1719
63931,2513,1790
63932,2502,1849
63933,2519,1754
63934,2548,1607
63935,2592,1433
63936,2616,1363
63937,2636,1308
63938,2624,1386
63939,2594,1516
63940,2552,1669
63941,2534,1737
63942,2522,1789
63943,2540,1699
63944,2578,1547
63945,2615,1376
63946,2644,1299
63947,2662,1243
63948,2648,1321
63949,2619,1450
63950,2586,1591
63951,2567,1663
63952,2551,1719
63953,2578,1629
63954,2606,1472
63955,2648,1307
63956,2676,1230
63957,2698,1174
63958,2681,1251
63959,2658,1375
63960,2624,1517
63961,2602,1586
63962,2594,1642
63963,2614,1547
63964,2647,1391
63965,2689,1226
63966,2716,1142
63967,2737,1083
63968,2725,1151
63969,2699,1276
63970,2663,1422
63971,2646,1489
63972,2636,1547
63973,2659,1446
63974,2694,1290
63975,2731,1125
63976,2764,1041
63977,2784,981
63978,2772,1055
63979,2746,1177
63980,2711,1320
63981,2695,1385
63982,2688,1444
63983,2707,1353
63984,2740,1197
63985,2784,1034
63986,2816,951
63987,2836,891
63988,2825,973
63989,2816,1114
63990,2803,1229
63991,2772,1303
63992,2774,1383
63993,2789,1300
63994,2819,1163
63995,2868,999
63996,2898,917
63997,2926,843
63998,2908,919
63999,2896,1037
64000,2850,1213
64001,2840,1258
64002,2796,1334
64003,2818,1253
64004,2851,1109
64005,2892,949
64006,2924,871
64007,2948,815
64008,2935,893
64009,2914,1021
64010,2882,1178
64011,2858,1257
64012,2852,1327
64013,2871,1247
64014,2906,1112
64015,2949,959
64016,2980,893
64017,2998,853
64018,2984,947
64019,2962,1085
64020,2924,1251
64021,2905,1335
64022,2896,1417
64023,2914,1340
64024,2947,1211
64025,2984,1068
64026,3014,1003
64027,3031,970
64028,3018,1067
64029,2990,1211
64030,2954,1383
64031,2931,1471
64032,2919,1562
64033,2936,1487
64034,2968,1364
64035,3008,1216
64036,3033,1162
64037,3048,1127
64038,3034,1231
64039,3008,1381
64040,2966,1559
64041,2947,1652
64042,2930,1742
64043,2947,1676
64044,2976,1554
64045,3012,1406
64046,3040,1353
64047,3053,1315
64048,3040,1420
64049,3009,1571
64050,2967,1749
64051,2946,1837
64052,2928,1929
64053,2945,1863
64054,2968,1735
64055,3002,1587
64056,3030,1525
64057,3044,1491
64058,3027,1595
64059,2996,1744
64060,2954,1915
64061,2928,2009
64062,2912,2100
64063,2923,2027
64064,2952,1899
64065,2984,1753
64066,3011,1695
64067,3025,1653
64068,3002,1755
64069,2971,1899
64070,2928,2083
64071,2900,2173
64072,2884,2265
64073,2895,2195
64074,2920,2071
64075,2953,1918
64076,2978,1861
64077,2988,1817
64078,2970,1916
64079,2936,2067
64080,2892,2235
64081,2860,2329
64082,2844,2415
64083,2856,2344
64084,2882,2216
64085,2914,2071
64086,2934,2009
64087,2950,1965
64088,2925,2071
64089,2885,2259
64090,2882,2376
64091,2854,2463
64092,2835,2581
64093,2828,2509
64094,2864,2397
64095,2898,2245
64096,2915,2175
64097,2928,2119
64098,2900,2218
64099,2881,2359
64100,2834,2534
64101,2796,2635
64102,2764,2751
64103,2746,2677
64104,2772,2547
64105,2802,2397
64106,2824,2333
64107,2835,2286
64108,2808,2389
64109,2774,2536
64110,2726,2715
64111,2694,2812
64112,2668,2901
64113,2678,2826
64114,2696,2701
64115,2732,2547
64116,2754,2487
64117,2763,2421
64118,2739,2520
64119,2704,2645
64120,2656,2846
64121,2618,2933
64122,2596,3044
64123,2599,2973
64124,2616,2847
64125,2657,2675
64126,2667,2601
64127,2680,2541
64128,2657,2647
64129,2623,2783
64130,2572,2967
64131,2534,3061
64132,2506,3180
64133,2512,3104
64134,2529,2983
64135,2563,2808
64136,2582,2733
64137,2593,2662
64138,2566,2773
64139,2528,2903
64140,2475,3099
64141,2438,3191
64142,2408,3305
64143,2412,3227
64144,2436,3095
64145,2464,2927
64146,2483,2857
64147,2490,2799
64148,2467,2903
64149,2432,3047
64150,2378,3229
64151,2342,3319
64152,2320,3413
64153,2326,3325
64154,2343,3187
64155,2376,3017
64156,2394,2937
64157,2404,2871
64158,2380,2969
64159,2340,3112
64160,2290,3288
64161,2259,3365
64162,2230,3452
64163,2242,3359
64164,2262,3213
64165,2290,3033
64166,2312,2943
64167,2323,2875
64168,2296,2963
64169,2262,3095
64170,2210,3260
64171,2179,3340
64172,2152,3420
64173,2161,3318
64174,2182,3163
64175,2210,2974
64176,2230,2879
64177,2244,2799
64178,2216,2887
64179,2183,3007
64180,2132,3172
64181,2096,3239
64182,2071,3315
64183,2082,3211
64184,2100,3047
64185,2132,2857
64186,2152,2759
64187,2164,2668
64188,2140,2743
64189,2131,2867
64190,2097,2997
64191,2066,3065
64192,2034,3160
64193,2049,3055
64194,2057,2909
64195,2100,2711
64196,2119,2601
64197,2132,2494
64198,2112,2557
64199,2085,2665
64200,2032,2813
64201,1995,2875
64202,1944,2959
64203,1956,2847
64204,1978,2679
64205,2016,2479
64206,2036,2377
64207,2059,2282
64208,2034,2348
64209,2005,2455
64210,1959,2601
64211,1930,2660
64212,1910,2725
64213,1928,2611
64214,1952,2445
64215,1992,2250
64216,2018,2148
64217,2034,2055
64218,2019,2121
64219,1990,2228
64220,1946,2377
64221,1923,2441
64222,1900,2509
64223,1921,2399
64224,1944,2237
64225,1988,2043
64226,2018,1945
64227,2036,1853
64228,2020,1925
64229,1992,2031
64230,1948,2187
64231,1924,2249
64232,1906,2323
64233,1925,2218
64234,1948,2067
64235,1993,1873
64236,2020,1774
64237,2039,1691
64238,2023,1764
64239,2000,1880
64240,1956,2031
64241,1932,2101
64242,1912,2174
64243,1932,2076
64244,1960,1927
64245,2003,1741
64246,2028,1645
64247,2057,1561
64248,2036,1638
64249,2011,1754
64250,1970,1907
64251,1945,1977
64252,1930,2059
64253,1946,1959
64254,1974,1812
64255,2016,1627
64256,2050,1541
64257,2070,1451
64258,2055,1527
64259,2023,1647
64260,1985,1805
64261,1958,1876
64262,1942,1955
64263,1958,1863
64264,1987,1719
64265,2024,1541
64266,2059,1450
64267,2080,1371
64268,2064,1449
64269,2032,1566
64270,1992,1726
64271,1966,1802
64272,1948,1890
64273,1966,1799
64274,1995,1656
64275,2032,1484
64276,2067,1398
64277,2087,1321
64278,2073,1403
64279,2048,1525
64280,2002,1689
64281,1975,1767
64282,1958,1861
64283,1976,1774
64284,2004,1641
64285,2050,1466
64286,2076,1383
64287,2100,1307
64288,2084,1389
64289,2087,1523
64290,2056,1657
64291,2026,1741
64292,2008,1848
64293,2023,1769
64294,2040,1651
64295,2092,1469
64296,2120,1383
64297,2144,1290
64298,2131,1367
64299,2107,1479
64300,2067,1641
64301,2028,1721
64302,1984,1832
64303,2002,1746
64304,2026,1615
64305,2072,1439
64306,2100,1357
64307,2128,1275
64308,2112,1366
64309,2086,1486
64310,2039,1653
64311,2018,1737
64312,2000,1830
64313,2018,1747
64314,2050,1613
64315,2092,1437
64316,2122,1356
64317,2146,1275
64318,2132,1363
64319,2104,1483
64320,2065,1651
64321,2036,1733
64322,2016,1827
64323,2034,1739
64324,2065,1608
64325,2103,1430
64326,2132,1341
64327,2152,1261
64328,2136,1351
64329,2112,1468
64330,2066,1637
64331,2035,1711
64332,2016,1811
64333,2029,1723
64334,2059,1593
64335,2098,1419
64336,2128,1333
64337,2148,1255
64338,2130,1334
64339,2101,1459
64340,2058,1627
64341,2025,1707
64342,2006,1809
64343,2020,1725
64344,2052,1599
64345,2089,1433
64346,2119,1355
64347,2140,1277
64348,2124,1369
64349,2098,1493
64350,2054,1658
64351,2023,1749
64352,2004,1844
64353,2020,1767
64354,2050,1641
64355,2089,1470
64356,2120,1389
64357,2144,1311
64358,2128,1397
64359,2098,1519
64360,2056,1692
64361,2026,1775
64362,2007,1879
64363,2022,1802
64364,2052,1677
64365,2090,1498
64366,2120,1422
64367,2144,1340
64368,2124,1429
64369,2098,1556
64370,2054,1723
64371,2023,1811
64372,2002,1911
64373,2016,1833
64374,2040,1705
64375,2084,1529
64376,2112,1447
64377,2132,1367
64378,2114,1451
64379,2085,1576
64380,2038,1747
64381,2008,1827
64382,1988,1927
64383,2002,1844
64384,2022,1715
64385,2067,1541
64386,2091,1454
64387,2112,1369
64388,2090,1452
64389,2086,1589
64390,2039,1723
64391,2008,1813
64392,1978,1929
64393,1989,1851
64394,2006,1737
64395,2039,1554
64396,2067,1462
64397,2085,1365
64398,2061,1439
64399,2028,1553
64400,1969,1723
64401,1930,1813
64402,1868,1929
64403,1878,1848
64404,1894,1717
64405,1931,1546
64406,1952,1455
64407,1968,1375
64408,1944,1464
64409,1910,1591
64410,1862,1759
64411,1826,1847
64412,1800,1948
64413,1814,1863
64414,1836,1705
64415,1878,1545
64416,1904,1450
64417,1928,1369
64418,1908,1451
64419,1880,1577
64420,1831,1751
64421,1802,1837
64422,1778,1941
64423,1794,1863
64424,1816,1737
64425,1860,1560
64426,1884,1479
64427,1907,1391
64428,1890,1479
64429,1862,1599
64430,1814,1771
64431,1782,1854
64432,1762,1959
64433,1772,1881
64434,1800,1755
64435,1838,1580
64436,1868,1497
64437,1891,1413
64438,1872,1494
64439,1838,1619
64440,1794,1783
64441,1760,1868
64442,1732,1971
64443,1738,1885
64444,1755,1756
64445,1792,1579
64446,1809,1493
64447,1824,1403
64448,1798,1484
64449,1756,1607
64450,1700,1773
64451,1656,1855
64452,1622,1961
64453,1622,1883
64454,1635,1755
64455,1666,1577
64456,1682,1493
64457,1690,1405
64458,1656,1485
64459,1620,1609
64460,1556,1773
64461,1509,1863
64462,1468,1963
64463,1472,1883
64464,1483,1759
64465,1514,1581
64466,1540,1499
64467,1553,1407
64468,1522,1495
64469,1482,1613
64470,1426,1781
64471,1384,1867
64472,1351,1973
64473,1356,1892
64474,1376,1769
64475,1416,1592
64476,1442,1507
64477,1462,1419
64478,1443,1503
64479,1413,1624
64480,1363,1791
64481,1330,1877
64482,1304,1981
64483,1320,1903
64484,1354,1781
64485,1401,1608
64486,1436,1518
64487,1472,1432
64488,1462,1513
64489,1478,1637
64490,1444,1781
64491,1424,1869
64492,1408,1991
64493,1430,1927
64494,1464,1814
64495,1523,1634
64496,1570,1549
64497,1609,1443
64498,1607,1511
64499,1591,1619
64500,1544,1827
64501,1491,1902
64502,1478,2004
64503,1499,1927
64504,1540,1805
64505,1590,1625
64506,1632,1545
64507,1668,1451
64508,1656,1531
64509,1640,1651
64510,1603,1820
64511,1578,1902
64512,1564,2011
64513,1588,1933
64514,1623,1812
64515,1676,1635
64516,1716,1548
64517,1752,1455
64518,1747,1533
64519,1732,1650
64520,1696,1823
64521,1679,1902
64522,1666,2011
64523,1690,1931
64524,1730,1807
64525,1782,1628
64526,1826,1544
64527,1862,1447
64528,1860,1525
64529,1842,1639
64530,1810,1811
64531,1793,1890
64532,1777,1995
64533,1802,1916
64534,1835,1791
64535,1902,1589
64536,1957,1543
64537,1995,1433
64538,1993,1491
64539,1976,1593
64540,1931,1763
64541,1910,1843
64542,1899,1965
64543,1922,1899
64544,1948,1789
64545,2000,1607
64546,2030,1515
64547,2067,1408
