ISO-10303-21;
HEADER;
/* Generated by software containing ST-Developer
 * from STEP Tools, Inc. (www.steptools.com) 
 */

FILE_DESCRIPTION(
/* description */ (''),
/* implementation_level */ '2;1');

FILE_NAME(
/* name */ 'Base.step',
/* time_stamp */ '2026-07-28T11:25:58+08:00',
/* author */ (''),
/* organization */ (''),
/* preprocessor_version */ 'ST-DEVELOPER v20.1',
/* originating_system */ 'Autodesk Translation Framework v15.8.0.0',
/* authorisation */ '');

FILE_SCHEMA (('AUTOMOTIVE_DESIGN { 1 0 10303 214 3 1 1 }'));
ENDSEC;

DATA;
#10=MECHANICAL_DESIGN_GEOMETRIC_PRESENTATION_REPRESENTATION('',(#473,#474,
#475,#476,#477,#478,#479,#480,#481,#482,#483,#484,#485,#486,#487,#488),
#13460);
#11=ITEM_DEFINED_TRANSFORMATION($,$,#7690,#8139);
#12=ITEM_DEFINED_TRANSFORMATION($,$,#7743,#8140);
#13=(
REPRESENTATION_RELATIONSHIP($,$,#13474,#13473)
REPRESENTATION_RELATIONSHIP_WITH_TRANSFORMATION(#11)
SHAPE_REPRESENTATION_RELATIONSHIP()
);
#14=(
REPRESENTATION_RELATIONSHIP($,$,#13475,#13473)
REPRESENTATION_RELATIONSHIP_WITH_TRANSFORMATION(#12)
SHAPE_REPRESENTATION_RELATIONSHIP()
);
#15=CONTEXT_DEPENDENT_SHAPE_REPRESENTATION(#13,#13471);
#16=CONTEXT_DEPENDENT_SHAPE_REPRESENTATION(#14,#13472);
#17=NEXT_ASSEMBLY_USAGE_OCCURRENCE('Teal inlay (1):1',
'Teal inlay (1):1','Teal inlay (1):1',#13477,#13478,'Teal inlay (1):1');
#18=NEXT_ASSEMBLY_USAGE_OCCURRENCE('White inlay (1):1',
'White inlay (1):1','White inlay (1):1',#13477,#13479,
'White inlay (1):1');
#19=CONICAL_SURFACE('',#7971,4.75000000000006,1.24904577239825);
#20=CONICAL_SURFACE('',#7974,4.75000000000006,1.24904577239826);
#21=CONICAL_SURFACE('',#7981,4.75000000000006,1.24904577239825);
#22=CONICAL_SURFACE('',#7984,4.75000000000006,1.24904577239826);
#23=CONICAL_SURFACE('',#8014,4.07251482265544,0.32175055439664);
#24=CONICAL_SURFACE('',#8015,2.92748517734456,0.32175055439664);
#25=CONICAL_SURFACE('',#8021,4.07251482265544,0.321750554396644);
#26=CONICAL_SURFACE('',#8022,2.92748517734456,0.321750554396643);
#27=CONICAL_SURFACE('',#8036,4.75,1.24904577239825);
#28=CONICAL_SURFACE('',#8039,4.75,1.24904577239826);
#29=CONICAL_SURFACE('',#8046,4.75,1.24904577239825);
#30=CONICAL_SURFACE('',#8049,4.75,1.24904577239826);
#31=CONICAL_SURFACE('',#8066,4.07251482265544,0.32175055439664);
#32=CONICAL_SURFACE('',#8068,2.92748517734456,0.32175055439664);
#33=CONICAL_SURFACE('',#8074,4.07251482265544,0.321750554396644);
#34=CONICAL_SURFACE('',#8076,2.92748517734456,0.321750554396643);
#35=TOROIDAL_SURFACE('',#7882,5.,3.);
#36=TOROIDAL_SURFACE('',#7892,5.,3.);
#37=TOROIDAL_SURFACE('',#7925,5.,3.);
#38=TOROIDAL_SURFACE('',#7929,5.,3.);
#39=ELLIPSE('',#7850,4.94974746830584,3.5);
#40=ELLIPSE('',#7853,4.94974746830584,3.5);
#41=ELLIPSE('',#7857,4.94974746830583,3.5);
#42=ELLIPSE('',#7859,4.94974746830583,3.5);
#43=ELLIPSE('',#7881,3.24717660087718,3.);
#44=ELLIPSE('',#7889,3.24717660087718,3.);
#45=ELLIPSE('',#7919,3.24717660087718,3.);
#46=ELLIPSE('',#7921,3.24717660087718,3.);
#47=FACE_BOUND('',#1213,.T.);
#48=FACE_BOUND('',#1215,.T.);
#49=FACE_BOUND('',#1226,.T.);
#50=FACE_BOUND('',#1228,.T.);
#51=FACE_BOUND('',#1258,.T.);
#52=FACE_BOUND('',#1260,.T.);
#53=FACE_BOUND('',#1273,.T.);
#54=FACE_BOUND('',#1275,.T.);
#55=FACE_BOUND('',#1311,.T.);
#56=FACE_BOUND('',#1313,.T.);
#57=FACE_BOUND('',#1343,.T.);
#58=FACE_BOUND('',#1345,.T.);
#59=FACE_BOUND('',#1371,.T.);
#60=FACE_BOUND('',#1373,.T.);
#61=FACE_BOUND('',#1429,.T.);
#62=FACE_BOUND('',#1430,.T.);
#63=FACE_BOUND('',#1431,.T.);
#64=FACE_BOUND('',#1432,.T.);
#65=FACE_BOUND('',#1437,.T.);
#66=FACE_BOUND('',#1438,.T.);
#67=FACE_BOUND('',#1508,.T.);
#68=FACE_BOUND('',#1509,.T.);
#69=B_SPLINE_CURVE_WITH_KNOTS('',2,(#9920,#9921,#9922),.UNSPECIFIED.,.F.,
 .F.,(3,3),(-1.,0.),.UNSPECIFIED.);
#70=B_SPLINE_CURVE_WITH_KNOTS('',2,(#9926,#9927,#9928),.UNSPECIFIED.,.F.,
 .F.,(3,3),(0.,1.),.UNSPECIFIED.);
#71=B_SPLINE_CURVE_WITH_KNOTS('',2,(#9943,#9944,#9945),.UNSPECIFIED.,.F.,
 .F.,(3,3),(-1.,0.),.UNSPECIFIED.);
#72=B_SPLINE_CURVE_WITH_KNOTS('',2,(#9947,#9948,#9949),.UNSPECIFIED.,.F.,
 .F.,(3,3),(0.,1.),.UNSPECIFIED.);
#73=B_SPLINE_CURVE_WITH_KNOTS('',2,(#9958,#9959,#9960),.UNSPECIFIED.,.F.,
 .F.,(3,3),(-1.,0.),.UNSPECIFIED.);
#74=B_SPLINE_CURVE_WITH_KNOTS('',2,(#9962,#9963,#9964),.UNSPECIFIED.,.F.,
 .F.,(3,3),(0.,1.),.UNSPECIFIED.);
#75=B_SPLINE_CURVE_WITH_KNOTS('',2,(#9973,#9974,#9975),.UNSPECIFIED.,.F.,
 .F.,(3,3),(-1.,0.),.UNSPECIFIED.);
#76=B_SPLINE_CURVE_WITH_KNOTS('',2,(#9977,#9978,#9979),.UNSPECIFIED.,.F.,
 .F.,(3,3),(0.,1.),.UNSPECIFIED.);
#77=B_SPLINE_CURVE_WITH_KNOTS('',2,(#9988,#9989,#9990),.UNSPECIFIED.,.F.,
 .F.,(3,3),(-1.,0.),.UNSPECIFIED.);
#78=B_SPLINE_CURVE_WITH_KNOTS('',2,(#9992,#9993,#9994),.UNSPECIFIED.,.F.,
 .F.,(3,3),(0.,1.),.UNSPECIFIED.);
#79=B_SPLINE_CURVE_WITH_KNOTS('',2,(#10009,#10010,#10011),.UNSPECIFIED.,
 .F.,.F.,(3,3),(-1.,0.),.UNSPECIFIED.);
#80=B_SPLINE_CURVE_WITH_KNOTS('',2,(#10013,#10014,#10015),.UNSPECIFIED.,
 .F.,.F.,(3,3),(0.,1.),.UNSPECIFIED.);
#81=B_SPLINE_CURVE_WITH_KNOTS('',2,(#10024,#10025,#10026),.UNSPECIFIED.,
 .F.,.F.,(3,3),(-1.,0.),.UNSPECIFIED.);
#82=B_SPLINE_CURVE_WITH_KNOTS('',2,(#10028,#10029,#10030),.UNSPECIFIED.,
 .F.,.F.,(3,3),(0.,1.),.UNSPECIFIED.);
#83=B_SPLINE_CURVE_WITH_KNOTS('',2,(#10038,#10039,#10040),.UNSPECIFIED.,
 .F.,.F.,(3,3),(-1.,0.),.UNSPECIFIED.);
#84=B_SPLINE_CURVE_WITH_KNOTS('',2,(#10041,#10042,#10043),.UNSPECIFIED.,
 .F.,.F.,(3,3),(0.,1.),.UNSPECIFIED.);
#85=B_SPLINE_CURVE_WITH_KNOTS('',2,(#10060,#10061,#10062),.UNSPECIFIED.,
 .F.,.F.,(3,3),(0.,1.),.UNSPECIFIED.);
#86=B_SPLINE_CURVE_WITH_KNOTS('',2,(#10064,#10065,#10066),.UNSPECIFIED.,
 .F.,.F.,(3,3),(0.,1.),.UNSPECIFIED.);
#87=B_SPLINE_CURVE_WITH_KNOTS('',2,(#10075,#10076,#10077),.UNSPECIFIED.,
 .F.,.F.,(3,3),(0.,1.),.UNSPECIFIED.);
#88=B_SPLINE_CURVE_WITH_KNOTS('',2,(#10079,#10080,#10081),.UNSPECIFIED.,
 .F.,.F.,(3,3),(0.,1.),.UNSPECIFIED.);
#89=B_SPLINE_CURVE_WITH_KNOTS('',2,(#10108,#10109,#10110),.UNSPECIFIED.,
 .F.,.F.,(3,3),(0.,1.),.UNSPECIFIED.);
#90=B_SPLINE_CURVE_WITH_KNOTS('',2,(#10112,#10113,#10114),.UNSPECIFIED.,
 .F.,.F.,(3,3),(0.,1.),.UNSPECIFIED.);
#91=B_SPLINE_CURVE_WITH_KNOTS('',2,(#10147,#10148,#10149),.UNSPECIFIED.,
 .F.,.F.,(3,3),(0.,1.),.UNSPECIFIED.);
#92=B_SPLINE_CURVE_WITH_KNOTS('',2,(#10151,#10152,#10153),.UNSPECIFIED.,
 .F.,.F.,(3,3),(0.,1.),.UNSPECIFIED.);
#93=B_SPLINE_CURVE_WITH_KNOTS('',2,(#10162,#10163,#10164),.UNSPECIFIED.,
 .F.,.F.,(3,3),(0.,1.),.UNSPECIFIED.);
#94=B_SPLINE_CURVE_WITH_KNOTS('',2,(#10166,#10167,#10168),.UNSPECIFIED.,
 .F.,.F.,(3,3),(0.,1.),.UNSPECIFIED.);
#95=B_SPLINE_CURVE_WITH_KNOTS('',2,(#10177,#10178,#10179),.UNSPECIFIED.,
 .F.,.F.,(3,3),(0.,1.),.UNSPECIFIED.);
#96=B_SPLINE_CURVE_WITH_KNOTS('',2,(#10181,#10182,#10183),.UNSPECIFIED.,
 .F.,.F.,(3,3),(0.,1.),.UNSPECIFIED.);
#97=B_SPLINE_CURVE_WITH_KNOTS('',2,(#10192,#10193,#10194),.UNSPECIFIED.,
 .F.,.F.,(3,3),(0.,1.),.UNSPECIFIED.);
#98=B_SPLINE_CURVE_WITH_KNOTS('',2,(#10196,#10197,#10198),.UNSPECIFIED.,
 .F.,.F.,(3,3),(0.,1.),.UNSPECIFIED.);
#99=B_SPLINE_CURVE_WITH_KNOTS('',2,(#10207,#10208,#10209),.UNSPECIFIED.,
 .F.,.F.,(3,3),(0.,1.),.UNSPECIFIED.);
#100=B_SPLINE_CURVE_WITH_KNOTS('',2,(#10211,#10212,#10213),
 .UNSPECIFIED.,.F.,.F.,(3,3),(0.,1.),.UNSPECIFIED.);
#101=B_SPLINE_CURVE_WITH_KNOTS('',2,(#10228,#10229,#10230),
 .UNSPECIFIED.,.F.,.F.,(3,3),(0.,1.),.UNSPECIFIED.);
#102=B_SPLINE_CURVE_WITH_KNOTS('',2,(#10232,#10233,#10234),
 .UNSPECIFIED.,.F.,.F.,(3,3),(0.,1.),.UNSPECIFIED.);
#103=B_SPLINE_CURVE_WITH_KNOTS('',2,(#10243,#10244,#10245),
 .UNSPECIFIED.,.F.,.F.,(3,3),(0.,1.),.UNSPECIFIED.);
#104=B_SPLINE_CURVE_WITH_KNOTS('',2,(#10247,#10248,#10249),
 .UNSPECIFIED.,.F.,.F.,(3,3),(0.,1.),.UNSPECIFIED.);
#105=B_SPLINE_CURVE_WITH_KNOTS('',2,(#10258,#10259,#10260),
 .UNSPECIFIED.,.F.,.F.,(3,3),(0.,1.),.UNSPECIFIED.);
#106=B_SPLINE_CURVE_WITH_KNOTS('',2,(#10262,#10263,#10264),
 .UNSPECIFIED.,.F.,.F.,(3,3),(0.,1.),.UNSPECIFIED.);
#107=B_SPLINE_CURVE_WITH_KNOTS('',2,(#10273,#10274,#10275),
 .UNSPECIFIED.,.F.,.F.,(3,3),(0.,1.),.UNSPECIFIED.);
#108=B_SPLINE_CURVE_WITH_KNOTS('',2,(#10277,#10278,#10279),
 .UNSPECIFIED.,.F.,.F.,(3,3),(0.,1.),.UNSPECIFIED.);
#109=B_SPLINE_CURVE_WITH_KNOTS('',2,(#10287,#10288,#10289),
 .UNSPECIFIED.,.F.,.F.,(3,3),(0.,1.),.UNSPECIFIED.);
#110=B_SPLINE_CURVE_WITH_KNOTS('',2,(#10290,#10291,#10292),
 .UNSPECIFIED.,.F.,.F.,(3,3),(0.,1.),.UNSPECIFIED.);
#111=B_SPLINE_CURVE_WITH_KNOTS('',2,(#10398,#10399,#10400),
 .UNSPECIFIED.,.F.,.F.,(3,3),(-1.,0.),.UNSPECIFIED.);
#112=B_SPLINE_CURVE_WITH_KNOTS('',2,(#10404,#10405,#10406),
 .UNSPECIFIED.,.F.,.F.,(3,3),(0.,1.),.UNSPECIFIED.);
#113=B_SPLINE_CURVE_WITH_KNOTS('',2,(#10421,#10422,#10423),
 .UNSPECIFIED.,.F.,.F.,(3,3),(-1.,0.),.UNSPECIFIED.);
#114=B_SPLINE_CURVE_WITH_KNOTS('',2,(#10425,#10426,#10427),
 .UNSPECIFIED.,.F.,.F.,(3,3),(0.,1.),.UNSPECIFIED.);
#115=B_SPLINE_CURVE_WITH_KNOTS('',2,(#10436,#10437,#10438),
 .UNSPECIFIED.,.F.,.F.,(3,3),(-1.,0.),.UNSPECIFIED.);
#116=B_SPLINE_CURVE_WITH_KNOTS('',2,(#10440,#10441,#10442),
 .UNSPECIFIED.,.F.,.F.,(3,3),(0.,1.),.UNSPECIFIED.);
#117=B_SPLINE_CURVE_WITH_KNOTS('',2,(#10451,#10452,#10453),
 .UNSPECIFIED.,.F.,.F.,(3,3),(-1.,0.),.UNSPECIFIED.);
#118=B_SPLINE_CURVE_WITH_KNOTS('',2,(#10455,#10456,#10457),
 .UNSPECIFIED.,.F.,.F.,(3,3),(0.,1.),.UNSPECIFIED.);
#119=B_SPLINE_CURVE_WITH_KNOTS('',2,(#10466,#10467,#10468),
 .UNSPECIFIED.,.F.,.F.,(3,3),(-1.,0.),.UNSPECIFIED.);
#120=B_SPLINE_CURVE_WITH_KNOTS('',2,(#10470,#10471,#10472),
 .UNSPECIFIED.,.F.,.F.,(3,3),(0.,1.),.UNSPECIFIED.);
#121=B_SPLINE_CURVE_WITH_KNOTS('',2,(#10487,#10488,#10489),
 .UNSPECIFIED.,.F.,.F.,(3,3),(-1.,0.),.UNSPECIFIED.);
#122=B_SPLINE_CURVE_WITH_KNOTS('',2,(#10491,#10492,#10493),
 .UNSPECIFIED.,.F.,.F.,(3,3),(0.,1.),.UNSPECIFIED.);
#123=B_SPLINE_CURVE_WITH_KNOTS('',2,(#10502,#10503,#10504),
 .UNSPECIFIED.,.F.,.F.,(3,3),(-1.,0.),.UNSPECIFIED.);
#124=B_SPLINE_CURVE_WITH_KNOTS('',2,(#10506,#10507,#10508),
 .UNSPECIFIED.,.F.,.F.,(3,3),(0.,1.),.UNSPECIFIED.);
#125=B_SPLINE_CURVE_WITH_KNOTS('',2,(#10516,#10517,#10518),
 .UNSPECIFIED.,.F.,.F.,(3,3),(-1.,0.),.UNSPECIFIED.);
#126=B_SPLINE_CURVE_WITH_KNOTS('',2,(#10519,#10520,#10521),
 .UNSPECIFIED.,.F.,.F.,(3,3),(0.,1.),.UNSPECIFIED.);
#127=B_SPLINE_CURVE_WITH_KNOTS('',2,(#10550,#10551,#10552),
 .UNSPECIFIED.,.F.,.F.,(3,3),(0.,1.),.UNSPECIFIED.);
#128=B_SPLINE_CURVE_WITH_KNOTS('',2,(#10554,#10555,#10556),
 .UNSPECIFIED.,.F.,.F.,(3,3),(0.,1.),.UNSPECIFIED.);
#129=B_SPLINE_CURVE_WITH_KNOTS('',2,(#10565,#10566,#10567),
 .UNSPECIFIED.,.F.,.F.,(3,3),(0.,1.),.UNSPECIFIED.);
#130=B_SPLINE_CURVE_WITH_KNOTS('',2,(#10569,#10570,#10571),
 .UNSPECIFIED.,.F.,.F.,(3,3),(0.,1.),.UNSPECIFIED.);
#131=B_SPLINE_CURVE_WITH_KNOTS('',2,(#10580,#10581,#10582),
 .UNSPECIFIED.,.F.,.F.,(3,3),(0.,1.),.UNSPECIFIED.);
#132=B_SPLINE_CURVE_WITH_KNOTS('',2,(#10584,#10585,#10586),
 .UNSPECIFIED.,.F.,.F.,(3,3),(0.,1.),.UNSPECIFIED.);
#133=B_SPLINE_CURVE_WITH_KNOTS('',2,(#10595,#10596,#10597),
 .UNSPECIFIED.,.F.,.F.,(3,3),(0.,1.),.UNSPECIFIED.);
#134=B_SPLINE_CURVE_WITH_KNOTS('',2,(#10599,#10600,#10601),
 .UNSPECIFIED.,.F.,.F.,(3,3),(0.,1.),.UNSPECIFIED.);
#135=B_SPLINE_CURVE_WITH_KNOTS('',2,(#10610,#10611,#10612),
 .UNSPECIFIED.,.F.,.F.,(3,3),(0.,1.),.UNSPECIFIED.);
#136=B_SPLINE_CURVE_WITH_KNOTS('',2,(#10614,#10615,#10616),
 .UNSPECIFIED.,.F.,.F.,(3,3),(0.,1.),.UNSPECIFIED.);
#137=B_SPLINE_CURVE_WITH_KNOTS('',2,(#10631,#10632,#10633),
 .UNSPECIFIED.,.F.,.F.,(3,3),(0.,1.),.UNSPECIFIED.);
#138=B_SPLINE_CURVE_WITH_KNOTS('',2,(#10635,#10636,#10637),
 .UNSPECIFIED.,.F.,.F.,(3,3),(0.,1.),.UNSPECIFIED.);
#139=B_SPLINE_CURVE_WITH_KNOTS('',2,(#10646,#10647,#10648),
 .UNSPECIFIED.,.F.,.F.,(3,3),(0.,1.),.UNSPECIFIED.);
#140=B_SPLINE_CURVE_WITH_KNOTS('',2,(#10650,#10651,#10652),
 .UNSPECIFIED.,.F.,.F.,(3,3),(0.,1.),.UNSPECIFIED.);
#141=B_SPLINE_CURVE_WITH_KNOTS('',2,(#10661,#10662,#10663),
 .UNSPECIFIED.,.F.,.F.,(3,3),(0.,1.),.UNSPECIFIED.);
#142=B_SPLINE_CURVE_WITH_KNOTS('',2,(#10665,#10666,#10667),
 .UNSPECIFIED.,.F.,.F.,(3,3),(0.,1.),.UNSPECIFIED.);
#143=B_SPLINE_CURVE_WITH_KNOTS('',2,(#10676,#10677,#10678),
 .UNSPECIFIED.,.F.,.F.,(3,3),(0.,1.),.UNSPECIFIED.);
#144=B_SPLINE_CURVE_WITH_KNOTS('',2,(#10680,#10681,#10682),
 .UNSPECIFIED.,.F.,.F.,(3,3),(0.,1.),.UNSPECIFIED.);
#145=B_SPLINE_CURVE_WITH_KNOTS('',2,(#10691,#10692,#10693),
 .UNSPECIFIED.,.F.,.F.,(3,3),(0.,1.),.UNSPECIFIED.);
#146=B_SPLINE_CURVE_WITH_KNOTS('',2,(#10695,#10696,#10697),
 .UNSPECIFIED.,.F.,.F.,(3,3),(0.,1.),.UNSPECIFIED.);
#147=B_SPLINE_CURVE_WITH_KNOTS('',2,(#10876,#10877,#10878),
 .UNSPECIFIED.,.F.,.F.,(3,3),(-1.,0.),.UNSPECIFIED.);
#148=B_SPLINE_CURVE_WITH_KNOTS('',2,(#10882,#10883,#10884),
 .UNSPECIFIED.,.F.,.F.,(3,3),(0.,1.),.UNSPECIFIED.);
#149=B_SPLINE_CURVE_WITH_KNOTS('',2,(#10899,#10900,#10901),
 .UNSPECIFIED.,.F.,.F.,(3,3),(-1.,0.),.UNSPECIFIED.);
#150=B_SPLINE_CURVE_WITH_KNOTS('',2,(#10903,#10904,#10905),
 .UNSPECIFIED.,.F.,.F.,(3,3),(0.,1.),.UNSPECIFIED.);
#151=B_SPLINE_CURVE_WITH_KNOTS('',2,(#10914,#10915,#10916),
 .UNSPECIFIED.,.F.,.F.,(3,3),(-1.,0.),.UNSPECIFIED.);
#152=B_SPLINE_CURVE_WITH_KNOTS('',2,(#10918,#10919,#10920),
 .UNSPECIFIED.,.F.,.F.,(3,3),(0.,1.),.UNSPECIFIED.);
#153=B_SPLINE_CURVE_WITH_KNOTS('',2,(#10929,#10930,#10931),
 .UNSPECIFIED.,.F.,.F.,(3,3),(-1.,0.),.UNSPECIFIED.);
#154=B_SPLINE_CURVE_WITH_KNOTS('',2,(#10933,#10934,#10935),
 .UNSPECIFIED.,.F.,.F.,(3,3),(0.,1.),.UNSPECIFIED.);
#155=B_SPLINE_CURVE_WITH_KNOTS('',2,(#10944,#10945,#10946),
 .UNSPECIFIED.,.F.,.F.,(3,3),(-1.,0.),.UNSPECIFIED.);
#156=B_SPLINE_CURVE_WITH_KNOTS('',2,(#10948,#10949,#10950),
 .UNSPECIFIED.,.F.,.F.,(3,3),(0.,1.),.UNSPECIFIED.);
#157=B_SPLINE_CURVE_WITH_KNOTS('',2,(#10965,#10966,#10967),
 .UNSPECIFIED.,.F.,.F.,(3,3),(-1.,0.),.UNSPECIFIED.);
#158=B_SPLINE_CURVE_WITH_KNOTS('',2,(#10969,#10970,#10971),
 .UNSPECIFIED.,.F.,.F.,(3,3),(0.,1.),.UNSPECIFIED.);
#159=B_SPLINE_CURVE_WITH_KNOTS('',2,(#10980,#10981,#10982),
 .UNSPECIFIED.,.F.,.F.,(3,3),(-1.,0.),.UNSPECIFIED.);
#160=B_SPLINE_CURVE_WITH_KNOTS('',2,(#10984,#10985,#10986),
 .UNSPECIFIED.,.F.,.F.,(3,3),(0.,1.),.UNSPECIFIED.);
#161=B_SPLINE_CURVE_WITH_KNOTS('',2,(#10994,#10995,#10996),
 .UNSPECIFIED.,.F.,.F.,(3,3),(-1.,0.),.UNSPECIFIED.);
#162=B_SPLINE_CURVE_WITH_KNOTS('',2,(#10997,#10998,#10999),
 .UNSPECIFIED.,.F.,.F.,(3,3),(0.,1.),.UNSPECIFIED.);
#163=B_SPLINE_CURVE_WITH_KNOTS('',2,(#11052,#11053,#11054),
 .UNSPECIFIED.,.F.,.F.,(3,3),(0.,1.),.UNSPECIFIED.);
#164=B_SPLINE_CURVE_WITH_KNOTS('',2,(#11056,#11057,#11058),
 .UNSPECIFIED.,.F.,.F.,(3,3),(0.,1.),.UNSPECIFIED.);
#165=B_SPLINE_CURVE_WITH_KNOTS('',2,(#11067,#11068,#11069),
 .UNSPECIFIED.,.F.,.F.,(3,3),(0.,1.),.UNSPECIFIED.);
#166=B_SPLINE_CURVE_WITH_KNOTS('',2,(#11071,#11072,#11073),
 .UNSPECIFIED.,.F.,.F.,(3,3),(0.,1.),.UNSPECIFIED.);
#167=B_SPLINE_CURVE_WITH_KNOTS('',2,(#11082,#11083,#11084),
 .UNSPECIFIED.,.F.,.F.,(3,3),(0.,1.),.UNSPECIFIED.);
#168=B_SPLINE_CURVE_WITH_KNOTS('',2,(#11086,#11087,#11088),
 .UNSPECIFIED.,.F.,.F.,(3,3),(0.,1.),.UNSPECIFIED.);
#169=B_SPLINE_CURVE_WITH_KNOTS('',2,(#11097,#11098,#11099),
 .UNSPECIFIED.,.F.,.F.,(3,3),(0.,1.),.UNSPECIFIED.);
#170=B_SPLINE_CURVE_WITH_KNOTS('',2,(#11101,#11102,#11103),
 .UNSPECIFIED.,.F.,.F.,(3,3),(0.,1.),.UNSPECIFIED.);
#171=B_SPLINE_CURVE_WITH_KNOTS('',2,(#11112,#11113,#11114),
 .UNSPECIFIED.,.F.,.F.,(3,3),(0.,1.),.UNSPECIFIED.);
#172=B_SPLINE_CURVE_WITH_KNOTS('',2,(#11116,#11117,#11118),
 .UNSPECIFIED.,.F.,.F.,(3,3),(0.,1.),.UNSPECIFIED.);
#173=B_SPLINE_CURVE_WITH_KNOTS('',2,(#11133,#11134,#11135),
 .UNSPECIFIED.,.F.,.F.,(3,3),(0.,1.),.UNSPECIFIED.);
#174=B_SPLINE_CURVE_WITH_KNOTS('',2,(#11137,#11138,#11139),
 .UNSPECIFIED.,.F.,.F.,(3,3),(0.,1.),.UNSPECIFIED.);
#175=B_SPLINE_CURVE_WITH_KNOTS('',2,(#11148,#11149,#11150),
 .UNSPECIFIED.,.F.,.F.,(3,3),(0.,1.),.UNSPECIFIED.);
#176=B_SPLINE_CURVE_WITH_KNOTS('',2,(#11152,#11153,#11154),
 .UNSPECIFIED.,.F.,.F.,(3,3),(0.,1.),.UNSPECIFIED.);
#177=B_SPLINE_CURVE_WITH_KNOTS('',2,(#11163,#11164,#11165),
 .UNSPECIFIED.,.F.,.F.,(3,3),(0.,1.),.UNSPECIFIED.);
#178=B_SPLINE_CURVE_WITH_KNOTS('',2,(#11167,#11168,#11169),
 .UNSPECIFIED.,.F.,.F.,(3,3),(0.,1.),.UNSPECIFIED.);
#179=B_SPLINE_CURVE_WITH_KNOTS('',2,(#11178,#11179,#11180),
 .UNSPECIFIED.,.F.,.F.,(3,3),(0.,1.),.UNSPECIFIED.);
#180=B_SPLINE_CURVE_WITH_KNOTS('',2,(#11182,#11183,#11184),
 .UNSPECIFIED.,.F.,.F.,(3,3),(0.,1.),.UNSPECIFIED.);
#181=B_SPLINE_CURVE_WITH_KNOTS('',2,(#11192,#11193,#11194),
 .UNSPECIFIED.,.F.,.F.,(3,3),(0.,1.),.UNSPECIFIED.);
#182=B_SPLINE_CURVE_WITH_KNOTS('',2,(#11195,#11196,#11197),
 .UNSPECIFIED.,.F.,.F.,(3,3),(0.,1.),.UNSPECIFIED.);
#183=B_SPLINE_CURVE_WITH_KNOTS('',2,(#11208,#11209,#11210),
 .UNSPECIFIED.,.F.,.F.,(3,3),(-1.,0.),.UNSPECIFIED.);
#184=B_SPLINE_CURVE_WITH_KNOTS('',2,(#11214,#11215,#11216),
 .UNSPECIFIED.,.F.,.F.,(3,3),(0.,1.),.UNSPECIFIED.);
#185=B_SPLINE_CURVE_WITH_KNOTS('',2,(#11231,#11232,#11233),
 .UNSPECIFIED.,.F.,.F.,(3,3),(-1.,0.),.UNSPECIFIED.);
#186=B_SPLINE_CURVE_WITH_KNOTS('',2,(#11235,#11236,#11237),
 .UNSPECIFIED.,.F.,.F.,(3,3),(0.,1.),.UNSPECIFIED.);
#187=B_SPLINE_CURVE_WITH_KNOTS('',2,(#11246,#11247,#11248),
 .UNSPECIFIED.,.F.,.F.,(3,3),(-1.,0.),.UNSPECIFIED.);
#188=B_SPLINE_CURVE_WITH_KNOTS('',2,(#11250,#11251,#11252),
 .UNSPECIFIED.,.F.,.F.,(3,3),(0.,1.),.UNSPECIFIED.);
#189=B_SPLINE_CURVE_WITH_KNOTS('',2,(#11261,#11262,#11263),
 .UNSPECIFIED.,.F.,.F.,(3,3),(-1.,0.),.UNSPECIFIED.);
#190=B_SPLINE_CURVE_WITH_KNOTS('',2,(#11265,#11266,#11267),
 .UNSPECIFIED.,.F.,.F.,(3,3),(0.,1.),.UNSPECIFIED.);
#191=B_SPLINE_CURVE_WITH_KNOTS('',2,(#11276,#11277,#11278),
 .UNSPECIFIED.,.F.,.F.,(3,3),(-1.,0.),.UNSPECIFIED.);
#192=B_SPLINE_CURVE_WITH_KNOTS('',2,(#11280,#11281,#11282),
 .UNSPECIFIED.,.F.,.F.,(3,3),(0.,1.),.UNSPECIFIED.);
#193=B_SPLINE_CURVE_WITH_KNOTS('',2,(#11297,#11298,#11299),
 .UNSPECIFIED.,.F.,.F.,(3,3),(-1.,0.),.UNSPECIFIED.);
#194=B_SPLINE_CURVE_WITH_KNOTS('',2,(#11301,#11302,#11303),
 .UNSPECIFIED.,.F.,.F.,(3,3),(0.,1.),.UNSPECIFIED.);
#195=B_SPLINE_CURVE_WITH_KNOTS('',2,(#11312,#11313,#11314),
 .UNSPECIFIED.,.F.,.F.,(3,3),(-1.,0.),.UNSPECIFIED.);
#196=B_SPLINE_CURVE_WITH_KNOTS('',2,(#11316,#11317,#11318),
 .UNSPECIFIED.,.F.,.F.,(3,3),(0.,1.),.UNSPECIFIED.);
#197=B_SPLINE_CURVE_WITH_KNOTS('',2,(#11326,#11327,#11328),
 .UNSPECIFIED.,.F.,.F.,(3,3),(-1.,0.),.UNSPECIFIED.);
#198=B_SPLINE_CURVE_WITH_KNOTS('',2,(#11329,#11330,#11331),
 .UNSPECIFIED.,.F.,.F.,(3,3),(0.,1.),.UNSPECIFIED.);
#199=B_SPLINE_CURVE_WITH_KNOTS('',2,(#11340,#11341,#11342),
 .UNSPECIFIED.,.F.,.F.,(3,3),(0.,1.),.UNSPECIFIED.);
#200=B_SPLINE_CURVE_WITH_KNOTS('',2,(#11346,#11347,#11348),
 .UNSPECIFIED.,.F.,.F.,(3,3),(0.,1.),.UNSPECIFIED.);
#201=B_SPLINE_CURVE_WITH_KNOTS('',2,(#11363,#11364,#11365),
 .UNSPECIFIED.,.F.,.F.,(3,3),(0.,1.),.UNSPECIFIED.);
#202=B_SPLINE_CURVE_WITH_KNOTS('',2,(#11367,#11368,#11369),
 .UNSPECIFIED.,.F.,.F.,(3,3),(0.,1.),.UNSPECIFIED.);
#203=B_SPLINE_CURVE_WITH_KNOTS('',2,(#11378,#11379,#11380),
 .UNSPECIFIED.,.F.,.F.,(3,3),(0.,1.),.UNSPECIFIED.);
#204=B_SPLINE_CURVE_WITH_KNOTS('',2,(#11382,#11383,#11384),
 .UNSPECIFIED.,.F.,.F.,(3,3),(0.,1.),.UNSPECIFIED.);
#205=B_SPLINE_CURVE_WITH_KNOTS('',2,(#11393,#11394,#11395),
 .UNSPECIFIED.,.F.,.F.,(3,3),(0.,1.),.UNSPECIFIED.);
#206=B_SPLINE_CURVE_WITH_KNOTS('',2,(#11397,#11398,#11399),
 .UNSPECIFIED.,.F.,.F.,(3,3),(0.,1.),.UNSPECIFIED.);
#207=B_SPLINE_CURVE_WITH_KNOTS('',2,(#11408,#11409,#11410),
 .UNSPECIFIED.,.F.,.F.,(3,3),(0.,1.),.UNSPECIFIED.);
#208=B_SPLINE_CURVE_WITH_KNOTS('',2,(#11412,#11413,#11414),
 .UNSPECIFIED.,.F.,.F.,(3,3),(0.,1.),.UNSPECIFIED.);
#209=B_SPLINE_CURVE_WITH_KNOTS('',2,(#11423,#11424,#11425),
 .UNSPECIFIED.,.F.,.F.,(3,3),(0.,1.),.UNSPECIFIED.);
#210=B_SPLINE_CURVE_WITH_KNOTS('',2,(#11427,#11428,#11429),
 .UNSPECIFIED.,.F.,.F.,(3,3),(0.,1.),.UNSPECIFIED.);
#211=B_SPLINE_CURVE_WITH_KNOTS('',2,(#11480,#11481,#11482),
 .UNSPECIFIED.,.F.,.F.,(3,3),(0.,1.),.UNSPECIFIED.);
#212=B_SPLINE_CURVE_WITH_KNOTS('',2,(#11484,#11485,#11486),
 .UNSPECIFIED.,.F.,.F.,(3,3),(0.,1.),.UNSPECIFIED.);
#213=B_SPLINE_CURVE_WITH_KNOTS('',2,(#11495,#11496,#11497),
 .UNSPECIFIED.,.F.,.F.,(3,3),(0.,1.),.UNSPECIFIED.);
#214=B_SPLINE_CURVE_WITH_KNOTS('',2,(#11499,#11500,#11501),
 .UNSPECIFIED.,.F.,.F.,(3,3),(0.,1.),.UNSPECIFIED.);
#215=B_SPLINE_CURVE_WITH_KNOTS('',2,(#11510,#11511,#11512),
 .UNSPECIFIED.,.F.,.F.,(3,3),(0.,1.),.UNSPECIFIED.);
#216=B_SPLINE_CURVE_WITH_KNOTS('',2,(#11514,#11515,#11516),
 .UNSPECIFIED.,.F.,.F.,(3,3),(0.,1.),.UNSPECIFIED.);
#217=B_SPLINE_CURVE_WITH_KNOTS('',2,(#11524,#11525,#11526),
 .UNSPECIFIED.,.F.,.F.,(3,3),(0.,1.),.UNSPECIFIED.);
#218=B_SPLINE_CURVE_WITH_KNOTS('',2,(#11527,#11528,#11529),
 .UNSPECIFIED.,.F.,.F.,(3,3),(0.,1.),.UNSPECIFIED.);
#219=B_SPLINE_CURVE_WITH_KNOTS('',2,(#11540,#11541,#11542),
 .UNSPECIFIED.,.F.,.F.,(3,3),(-1.,0.),.UNSPECIFIED.);
#220=B_SPLINE_CURVE_WITH_KNOTS('',2,(#11546,#11547,#11548),
 .UNSPECIFIED.,.F.,.F.,(3,3),(0.,1.),.UNSPECIFIED.);
#221=B_SPLINE_CURVE_WITH_KNOTS('',2,(#11563,#11564,#11565),
 .UNSPECIFIED.,.F.,.F.,(3,3),(-1.,0.),.UNSPECIFIED.);
#222=B_SPLINE_CURVE_WITH_KNOTS('',2,(#11567,#11568,#11569),
 .UNSPECIFIED.,.F.,.F.,(3,3),(0.,1.),.UNSPECIFIED.);
#223=B_SPLINE_CURVE_WITH_KNOTS('',2,(#11578,#11579,#11580),
 .UNSPECIFIED.,.F.,.F.,(3,3),(-1.,0.),.UNSPECIFIED.);
#224=B_SPLINE_CURVE_WITH_KNOTS('',2,(#11582,#11583,#11584),
 .UNSPECIFIED.,.F.,.F.,(3,3),(0.,1.),.UNSPECIFIED.);
#225=B_SPLINE_CURVE_WITH_KNOTS('',2,(#11593,#11594,#11595),
 .UNSPECIFIED.,.F.,.F.,(3,3),(-1.,0.),.UNSPECIFIED.);
#226=B_SPLINE_CURVE_WITH_KNOTS('',2,(#11597,#11598,#11599),
 .UNSPECIFIED.,.F.,.F.,(3,3),(0.,1.),.UNSPECIFIED.);
#227=B_SPLINE_CURVE_WITH_KNOTS('',2,(#11608,#11609,#11610),
 .UNSPECIFIED.,.F.,.F.,(3,3),(-1.,0.),.UNSPECIFIED.);
#228=B_SPLINE_CURVE_WITH_KNOTS('',2,(#11612,#11613,#11614),
 .UNSPECIFIED.,.F.,.F.,(3,3),(0.,1.),.UNSPECIFIED.);
#229=B_SPLINE_CURVE_WITH_KNOTS('',2,(#11629,#11630,#11631),
 .UNSPECIFIED.,.F.,.F.,(3,3),(-1.,0.),.UNSPECIFIED.);
#230=B_SPLINE_CURVE_WITH_KNOTS('',2,(#11633,#11634,#11635),
 .UNSPECIFIED.,.F.,.F.,(3,3),(0.,1.),.UNSPECIFIED.);
#231=B_SPLINE_CURVE_WITH_KNOTS('',2,(#11644,#11645,#11646),
 .UNSPECIFIED.,.F.,.F.,(3,3),(-1.,0.),.UNSPECIFIED.);
#232=B_SPLINE_CURVE_WITH_KNOTS('',2,(#11648,#11649,#11650),
 .UNSPECIFIED.,.F.,.F.,(3,3),(0.,1.),.UNSPECIFIED.);
#233=B_SPLINE_CURVE_WITH_KNOTS('',2,(#11658,#11659,#11660),
 .UNSPECIFIED.,.F.,.F.,(3,3),(-1.,0.),.UNSPECIFIED.);
#234=B_SPLINE_CURVE_WITH_KNOTS('',2,(#11661,#11662,#11663),
 .UNSPECIFIED.,.F.,.F.,(3,3),(0.,1.),.UNSPECIFIED.);
#235=B_SPLINE_CURVE_WITH_KNOTS('',2,(#11737,#11738,#11739),
 .UNSPECIFIED.,.F.,.F.,(3,3),(0.,1.),.UNSPECIFIED.);
#236=B_SPLINE_CURVE_WITH_KNOTS('',2,(#11741,#11742,#11743),
 .UNSPECIFIED.,.F.,.F.,(3,3),(0.,1.),.UNSPECIFIED.);
#237=B_SPLINE_CURVE_WITH_KNOTS('',2,(#11752,#11753,#11754),
 .UNSPECIFIED.,.F.,.F.,(3,3),(0.,1.),.UNSPECIFIED.);
#238=B_SPLINE_CURVE_WITH_KNOTS('',2,(#11756,#11757,#11758),
 .UNSPECIFIED.,.F.,.F.,(3,3),(0.,1.),.UNSPECIFIED.);
#239=B_SPLINE_CURVE_WITH_KNOTS('',2,(#11773,#11774,#11775),
 .UNSPECIFIED.,.F.,.F.,(3,3),(0.,1.),.UNSPECIFIED.);
#240=B_SPLINE_CURVE_WITH_KNOTS('',2,(#11777,#11778,#11779),
 .UNSPECIFIED.,.F.,.F.,(3,3),(0.,1.),.UNSPECIFIED.);
#241=B_SPLINE_CURVE_WITH_KNOTS('',2,(#11788,#11789,#11790),
 .UNSPECIFIED.,.F.,.F.,(3,3),(0.,1.),.UNSPECIFIED.);
#242=B_SPLINE_CURVE_WITH_KNOTS('',2,(#11792,#11793,#11794),
 .UNSPECIFIED.,.F.,.F.,(3,3),(0.,1.),.UNSPECIFIED.);
#243=B_SPLINE_CURVE_WITH_KNOTS('',2,(#11803,#11804,#11805),
 .UNSPECIFIED.,.F.,.F.,(3,3),(0.,1.),.UNSPECIFIED.);
#244=B_SPLINE_CURVE_WITH_KNOTS('',2,(#11807,#11808,#11809),
 .UNSPECIFIED.,.F.,.F.,(3,3),(0.,1.),.UNSPECIFIED.);
#245=B_SPLINE_CURVE_WITH_KNOTS('',2,(#11881,#11882,#11883),
 .UNSPECIFIED.,.F.,.F.,(3,3),(0.,1.),.UNSPECIFIED.);
#246=B_SPLINE_CURVE_WITH_KNOTS('',2,(#11885,#11886,#11887),
 .UNSPECIFIED.,.F.,.F.,(3,3),(0.,1.),.UNSPECIFIED.);
#247=B_SPLINE_CURVE_WITH_KNOTS('',2,(#11896,#11897,#11898),
 .UNSPECIFIED.,.F.,.F.,(3,3),(0.,1.),.UNSPECIFIED.);
#248=B_SPLINE_CURVE_WITH_KNOTS('',2,(#11900,#11901,#11902),
 .UNSPECIFIED.,.F.,.F.,(3,3),(0.,1.),.UNSPECIFIED.);
#249=B_SPLINE_CURVE_WITH_KNOTS('',2,(#11917,#11918,#11919),
 .UNSPECIFIED.,.F.,.F.,(3,3),(0.,1.),.UNSPECIFIED.);
#250=B_SPLINE_CURVE_WITH_KNOTS('',2,(#11921,#11922,#11923),
 .UNSPECIFIED.,.F.,.F.,(3,3),(0.,1.),.UNSPECIFIED.);
#251=B_SPLINE_CURVE_WITH_KNOTS('',2,(#11932,#11933,#11934),
 .UNSPECIFIED.,.F.,.F.,(3,3),(0.,1.),.UNSPECIFIED.);
#252=B_SPLINE_CURVE_WITH_KNOTS('',2,(#11936,#11937,#11938),
 .UNSPECIFIED.,.F.,.F.,(3,3),(0.,1.),.UNSPECIFIED.);
#253=B_SPLINE_CURVE_WITH_KNOTS('',2,(#11946,#11947,#11948),
 .UNSPECIFIED.,.F.,.F.,(3,3),(0.,1.),.UNSPECIFIED.);
#254=B_SPLINE_CURVE_WITH_KNOTS('',2,(#11949,#11950,#11951),
 .UNSPECIFIED.,.F.,.F.,(3,3),(0.,1.),.UNSPECIFIED.);
#255=B_SPLINE_CURVE_WITH_KNOTS('',2,(#11962,#11963,#11964),
 .UNSPECIFIED.,.F.,.F.,(3,3),(0.,1.),.UNSPECIFIED.);
#256=B_SPLINE_CURVE_WITH_KNOTS('',2,(#11968,#11969,#11970),
 .UNSPECIFIED.,.F.,.F.,(3,3),(0.,1.),.UNSPECIFIED.);
#257=B_SPLINE_CURVE_WITH_KNOTS('',2,(#11985,#11986,#11987),
 .UNSPECIFIED.,.F.,.F.,(3,3),(0.,1.),.UNSPECIFIED.);
#258=B_SPLINE_CURVE_WITH_KNOTS('',2,(#11989,#11990,#11991),
 .UNSPECIFIED.,.F.,.F.,(3,3),(0.,1.),.UNSPECIFIED.);
#259=B_SPLINE_CURVE_WITH_KNOTS('',2,(#12000,#12001,#12002),
 .UNSPECIFIED.,.F.,.F.,(3,3),(0.,1.),.UNSPECIFIED.);
#260=B_SPLINE_CURVE_WITH_KNOTS('',2,(#12004,#12005,#12006),
 .UNSPECIFIED.,.F.,.F.,(3,3),(0.,1.),.UNSPECIFIED.);
#261=B_SPLINE_CURVE_WITH_KNOTS('',2,(#12015,#12016,#12017),
 .UNSPECIFIED.,.F.,.F.,(3,3),(0.,1.),.UNSPECIFIED.);
#262=B_SPLINE_CURVE_WITH_KNOTS('',2,(#12019,#12020,#12021),
 .UNSPECIFIED.,.F.,.F.,(3,3),(0.,1.),.UNSPECIFIED.);
#263=B_SPLINE_CURVE_WITH_KNOTS('',2,(#12030,#12031,#12032),
 .UNSPECIFIED.,.F.,.F.,(3,3),(0.,1.),.UNSPECIFIED.);
#264=B_SPLINE_CURVE_WITH_KNOTS('',2,(#12034,#12035,#12036),
 .UNSPECIFIED.,.F.,.F.,(3,3),(0.,1.),.UNSPECIFIED.);
#265=B_SPLINE_CURVE_WITH_KNOTS('',2,(#12045,#12046,#12047),
 .UNSPECIFIED.,.F.,.F.,(3,3),(0.,1.),.UNSPECIFIED.);
#266=B_SPLINE_CURVE_WITH_KNOTS('',2,(#12049,#12050,#12051),
 .UNSPECIFIED.,.F.,.F.,(3,3),(0.,1.),.UNSPECIFIED.);
#267=B_SPLINE_CURVE_WITH_KNOTS('',2,(#12060,#12061,#12062),
 .UNSPECIFIED.,.F.,.F.,(3,3),(0.,1.),.UNSPECIFIED.);
#268=B_SPLINE_CURVE_WITH_KNOTS('',2,(#12064,#12065,#12066),
 .UNSPECIFIED.,.F.,.F.,(3,3),(0.,1.),.UNSPECIFIED.);
#269=B_SPLINE_CURVE_WITH_KNOTS('',2,(#12075,#12076,#12077),
 .UNSPECIFIED.,.F.,.F.,(3,3),(0.,1.),.UNSPECIFIED.);
#270=B_SPLINE_CURVE_WITH_KNOTS('',2,(#12079,#12080,#12081),
 .UNSPECIFIED.,.F.,.F.,(3,3),(0.,1.),.UNSPECIFIED.);
#271=B_SPLINE_CURVE_WITH_KNOTS('',2,(#12090,#12091,#12092),
 .UNSPECIFIED.,.F.,.F.,(3,3),(0.,1.),.UNSPECIFIED.);
#272=B_SPLINE_CURVE_WITH_KNOTS('',2,(#12094,#12095,#12096),
 .UNSPECIFIED.,.F.,.F.,(3,3),(0.,1.),.UNSPECIFIED.);
#273=B_SPLINE_CURVE_WITH_KNOTS('',2,(#12111,#12112,#12113),
 .UNSPECIFIED.,.F.,.F.,(3,3),(0.,1.),.UNSPECIFIED.);
#274=B_SPLINE_CURVE_WITH_KNOTS('',2,(#12115,#12116,#12117),
 .UNSPECIFIED.,.F.,.F.,(3,3),(0.,1.),.UNSPECIFIED.);
#275=B_SPLINE_CURVE_WITH_KNOTS('',2,(#12126,#12127,#12128),
 .UNSPECIFIED.,.F.,.F.,(3,3),(0.,1.),.UNSPECIFIED.);
#276=B_SPLINE_CURVE_WITH_KNOTS('',2,(#12130,#12131,#12132),
 .UNSPECIFIED.,.F.,.F.,(3,3),(0.,1.),.UNSPECIFIED.);
#277=B_SPLINE_CURVE_WITH_KNOTS('',2,(#12141,#12142,#12143),
 .UNSPECIFIED.,.F.,.F.,(3,3),(0.,1.),.UNSPECIFIED.);
#278=B_SPLINE_CURVE_WITH_KNOTS('',2,(#12145,#12146,#12147),
 .UNSPECIFIED.,.F.,.F.,(3,3),(0.,1.),.UNSPECIFIED.);
#279=B_SPLINE_CURVE_WITH_KNOTS('',2,(#12156,#12157,#12158),
 .UNSPECIFIED.,.F.,.F.,(3,3),(0.,1.),.UNSPECIFIED.);
#280=B_SPLINE_CURVE_WITH_KNOTS('',2,(#12160,#12161,#12162),
 .UNSPECIFIED.,.F.,.F.,(3,3),(0.,1.),.UNSPECIFIED.);
#281=B_SPLINE_CURVE_WITH_KNOTS('',2,(#12171,#12172,#12173),
 .UNSPECIFIED.,.F.,.F.,(3,3),(0.,1.),.UNSPECIFIED.);
#282=B_SPLINE_CURVE_WITH_KNOTS('',2,(#12175,#12176,#12177),
 .UNSPECIFIED.,.F.,.F.,(3,3),(0.,1.),.UNSPECIFIED.);
#283=B_SPLINE_CURVE_WITH_KNOTS('',2,(#12192,#12193,#12194),
 .UNSPECIFIED.,.F.,.F.,(3,3),(0.,1.),.UNSPECIFIED.);
#284=B_SPLINE_CURVE_WITH_KNOTS('',2,(#12196,#12197,#12198),
 .UNSPECIFIED.,.F.,.F.,(3,3),(0.,1.),.UNSPECIFIED.);
#285=B_SPLINE_CURVE_WITH_KNOTS('',2,(#12207,#12208,#12209),
 .UNSPECIFIED.,.F.,.F.,(3,3),(0.,1.),.UNSPECIFIED.);
#286=B_SPLINE_CURVE_WITH_KNOTS('',2,(#12211,#12212,#12213),
 .UNSPECIFIED.,.F.,.F.,(3,3),(0.,1.),.UNSPECIFIED.);
#287=B_SPLINE_CURVE_WITH_KNOTS('',2,(#12222,#12223,#12224),
 .UNSPECIFIED.,.F.,.F.,(3,3),(0.,1.),.UNSPECIFIED.);
#288=B_SPLINE_CURVE_WITH_KNOTS('',2,(#12226,#12227,#12228),
 .UNSPECIFIED.,.F.,.F.,(3,3),(0.,1.),.UNSPECIFIED.);
#289=B_SPLINE_CURVE_WITH_KNOTS('',2,(#12237,#12238,#12239),
 .UNSPECIFIED.,.F.,.F.,(3,3),(0.,1.),.UNSPECIFIED.);
#290=B_SPLINE_CURVE_WITH_KNOTS('',2,(#12241,#12242,#12243),
 .UNSPECIFIED.,.F.,.F.,(3,3),(0.,1.),.UNSPECIFIED.);
#291=B_SPLINE_CURVE_WITH_KNOTS('',2,(#12252,#12253,#12254),
 .UNSPECIFIED.,.F.,.F.,(3,3),(0.,1.),.UNSPECIFIED.);
#292=B_SPLINE_CURVE_WITH_KNOTS('',2,(#12256,#12257,#12258),
 .UNSPECIFIED.,.F.,.F.,(3,3),(0.,1.),.UNSPECIFIED.);
#293=B_SPLINE_CURVE_WITH_KNOTS('',2,(#12267,#12268,#12269),
 .UNSPECIFIED.,.F.,.F.,(3,3),(0.,1.),.UNSPECIFIED.);
#294=B_SPLINE_CURVE_WITH_KNOTS('',2,(#12271,#12272,#12273),
 .UNSPECIFIED.,.F.,.F.,(3,3),(0.,1.),.UNSPECIFIED.);
#295=B_SPLINE_CURVE_WITH_KNOTS('',2,(#12282,#12283,#12284),
 .UNSPECIFIED.,.F.,.F.,(3,3),(0.,1.),.UNSPECIFIED.);
#296=B_SPLINE_CURVE_WITH_KNOTS('',2,(#12286,#12287,#12288),
 .UNSPECIFIED.,.F.,.F.,(3,3),(0.,1.),.UNSPECIFIED.);
#297=B_SPLINE_CURVE_WITH_KNOTS('',2,(#12297,#12298,#12299),
 .UNSPECIFIED.,.F.,.F.,(3,3),(0.,1.),.UNSPECIFIED.);
#298=B_SPLINE_CURVE_WITH_KNOTS('',2,(#12301,#12302,#12303),
 .UNSPECIFIED.,.F.,.F.,(3,3),(0.,1.),.UNSPECIFIED.);
#299=B_SPLINE_CURVE_WITH_KNOTS('',2,(#12318,#12319,#12320),
 .UNSPECIFIED.,.F.,.F.,(3,3),(0.,1.),.UNSPECIFIED.);
#300=B_SPLINE_CURVE_WITH_KNOTS('',2,(#12322,#12323,#12324),
 .UNSPECIFIED.,.F.,.F.,(3,3),(0.,1.),.UNSPECIFIED.);
#301=B_SPLINE_CURVE_WITH_KNOTS('',2,(#12333,#12334,#12335),
 .UNSPECIFIED.,.F.,.F.,(3,3),(0.,1.),.UNSPECIFIED.);
#302=B_SPLINE_CURVE_WITH_KNOTS('',2,(#12337,#12338,#12339),
 .UNSPECIFIED.,.F.,.F.,(3,3),(0.,1.),.UNSPECIFIED.);
#303=B_SPLINE_CURVE_WITH_KNOTS('',3,(#12436,#12437,#12438,#12439,#12440,
#12441,#12442,#12443,#12444,#12445,#12446,#12447),.UNSPECIFIED.,.F.,.F.,
(4,2,2,2,2,4),(1.05159351269556,1.11269269151532,1.25001144963621,1.3873302077571,
1.52098820082272,1.60517117633622),.UNSPECIFIED.);
#304=B_SPLINE_CURVE_WITH_KNOTS('',3,(#12468,#12469,#12470,#12471,#12472,
#12473,#12474,#12475,#12476,#12477,#12478,#12479),.UNSPECIFIED.,.F.,.F.,
(4,2,2,2,2,4),(0.620214206694412,0.70439718220791,0.838055175273531,0.975373933394424,
1.11269269151532,1.17379187033507),.UNSPECIFIED.);
#305=B_SPLINE_CURVE_WITH_KNOTS('',3,(#12738,#12739,#12740,#12741,#12742,
#12743,#12744,#12745,#12746,#12747,#12748,#12749,#12750),.UNSPECIFIED.,
 .F.,.F.,(4,3,2,2,2,4),(-0.061070631119623,0.,0.137318758120892,0.274637516241784,
0.408295509307406,0.492478484820904),.UNSPECIFIED.);
#306=B_SPLINE_CURVE_WITH_KNOTS('',3,(#12753,#12754,#12755,#12756,#12757,
#12758),.UNSPECIFIED.,.F.,.F.,(4,2,4),(3.908597634598,4.01543718650415,
4.1290215992055),.UNSPECIFIED.);
#307=B_SPLINE_CURVE_WITH_KNOTS('',3,(#12765,#12766,#12767,#12768,#12769,
#12770),.UNSPECIFIED.,.F.,.F.,(4,2,4),(2.42659478240819,2.54017919510953,
2.64701874701568),.UNSPECIFIED.);
#308=B_SPLINE_CURVE_WITH_KNOTS('',3,(#12780,#12781,#12782,#12783,#12784,
#12785,#12786,#12787,#12788,#12789,#12790,#12791,#12792),.UNSPECIFIED.,
 .F.,.F.,(4,2,2,2,3,4),(-0.492478484820903,-0.408295509307405,-0.274637516241784,
-0.137318758120892,0.,0.0610706311196272),.UNSPECIFIED.);
#309=B_SPLINE_CURVE_WITH_KNOTS('',3,(#12805,#12806,#12807,#12808,#12809,
#12810),.UNSPECIFIED.,.F.,.F.,(4,2,4),(3.908597634598,4.01543718650415,
4.1290215992055),.UNSPECIFIED.);
#310=B_SPLINE_CURVE_WITH_KNOTS('',3,(#12827,#12828,#12829,#12830,#12831,
#12832),.UNSPECIFIED.,.F.,.F.,(4,2,4),(2.42659478240818,2.54017919510953,
2.64701874701568),.UNSPECIFIED.);
#311=B_SPLINE_CURVE_WITH_KNOTS('',3,(#13298,#13299,#13300,#13301,#13302,
#13303,#13304,#13305,#13306,#13307,#13308,#13309,#13310,#13311,#13312,#13313),
 .UNSPECIFIED.,.F.,.F.,(4,2,2,2,2,2,2,4),(1.63001173375669,1.65019292105518,
1.76362006838803,1.8642436434865,1.91455543103573,1.96486721858497,2.01517900613421,
2.02507069148629),.UNSPECIFIED.);
#312=B_SPLINE_CURVE_WITH_KNOTS('',3,(#13320,#13321,#13322,#13323,#13324,
#13325,#13326,#13327,#13328,#13329,#13330,#13331),.UNSPECIFIED.,.F.,.F.,
(4,2,2,2,2,4),(1.63001173375669,1.65019292105518,1.76362006838803,1.8642436434865,
1.91455543103574,1.96486721858497),.UNSPECIFIED.);
#313=B_SPLINE_CURVE_WITH_KNOTS('',3,(#13332,#13333,#13334,#13335,#13336,
#13337),.UNSPECIFIED.,.F.,.F.,(4,2,4),(1.96486721858497,2.01517900613421,
2.02507069148629),.UNSPECIFIED.);
#314=B_SPLINE_CURVE_WITH_KNOTS('',3,(#13341,#13342,#13343,#13344,#13345,
#13346,#13347,#13348,#13349,#13350,#13351,#13352,#13353,#13354,#13355,#13356),
 .UNSPECIFIED.,.F.,.F.,(4,2,2,2,2,2,2,4),(1.90466374568366,1.91455543103574,
1.96486721858497,2.01517900613421,2.06549079368345,2.16611436878192,2.27954151611476,
2.29972270341326),.UNSPECIFIED.);
#315=B_SPLINE_CURVE_WITH_KNOTS('',3,(#13363,#13364,#13365,#13366,#13367,
#13368),.UNSPECIFIED.,.F.,.F.,(4,2,4),(1.90466374568366,1.91455543103574,
1.96486721858497),.UNSPECIFIED.);
#316=B_SPLINE_CURVE_WITH_KNOTS('',3,(#13369,#13370,#13371,#13372,#13373,
#13374,#13375,#13376,#13377,#13378,#13379,#13380),.UNSPECIFIED.,.F.,.F.,
(4,2,2,2,2,4),(1.96486721858497,2.01517900613421,2.06549079368345,2.16611436878192,
2.27954151611477,2.29972270341326),.UNSPECIFIED.);
#317=B_SPLINE_SURFACE_WITH_KNOTS('',2,1,((#9912,#9913),(#9914,#9915),(#9916,
#9917)),.UNSPECIFIED.,.F.,.F.,.F.,(3,3),(2,2),(0.,1.),(0.,0.032),
 .UNSPECIFIED.);
#318=B_SPLINE_SURFACE_WITH_KNOTS('',2,1,((#9936,#9937),(#9938,#9939),(#9940,
#9941)),.UNSPECIFIED.,.F.,.F.,.F.,(3,3),(2,2),(0.,1.),(0.,0.032),
 .UNSPECIFIED.);
#319=B_SPLINE_SURFACE_WITH_KNOTS('',2,1,((#9951,#9952),(#9953,#9954),(#9955,
#9956)),.UNSPECIFIED.,.F.,.F.,.F.,(3,3),(2,2),(0.,1.),(0.,0.032),
 .UNSPECIFIED.);
#320=B_SPLINE_SURFACE_WITH_KNOTS('',2,1,((#9966,#9967),(#9968,#9969),(#9970,
#9971)),.UNSPECIFIED.,.F.,.F.,.F.,(3,3),(2,2),(0.,1.),(0.,0.032),
 .UNSPECIFIED.);
#321=B_SPLINE_SURFACE_WITH_KNOTS('',2,1,((#9981,#9982),(#9983,#9984),(#9985,
#9986)),.UNSPECIFIED.,.F.,.F.,.F.,(3,3),(2,2),(0.,1.),(0.,0.032),
 .UNSPECIFIED.);
#322=B_SPLINE_SURFACE_WITH_KNOTS('',2,1,((#10002,#10003),(#10004,#10005),
(#10006,#10007)),.UNSPECIFIED.,.F.,.F.,.F.,(3,3),(2,2),(0.,1.),(0.,0.032),
 .UNSPECIFIED.);
#323=B_SPLINE_SURFACE_WITH_KNOTS('',2,1,((#10017,#10018),(#10019,#10020),
(#10021,#10022)),.UNSPECIFIED.,.F.,.F.,.F.,(3,3),(2,2),(0.,1.),(0.,0.032),
 .UNSPECIFIED.);
#324=B_SPLINE_SURFACE_WITH_KNOTS('',2,1,((#10032,#10033),(#10034,#10035),
(#10036,#10037)),.UNSPECIFIED.,.F.,.F.,.F.,(3,3),(2,2),(0.,1.),(0.,0.032),
 .UNSPECIFIED.);
#325=B_SPLINE_SURFACE_WITH_KNOTS('',2,1,((#10053,#10054),(#10055,#10056),
(#10057,#10058)),.UNSPECIFIED.,.F.,.F.,.F.,(3,3),(2,2),(0.,1.),(0.,0.032),
 .UNSPECIFIED.);
#326=B_SPLINE_SURFACE_WITH_KNOTS('',2,1,((#10068,#10069),(#10070,#10071),
(#10072,#10073)),.UNSPECIFIED.,.F.,.F.,.F.,(3,3),(2,2),(0.,1.),(0.,0.032),
 .UNSPECIFIED.);
#327=B_SPLINE_SURFACE_WITH_KNOTS('',2,1,((#10101,#10102),(#10103,#10104),
(#10105,#10106)),.UNSPECIFIED.,.F.,.F.,.F.,(3,3),(2,2),(0.,1.),(0.,0.032),
 .UNSPECIFIED.);
#328=B_SPLINE_SURFACE_WITH_KNOTS('',2,1,((#10140,#10141),(#10142,#10143),
(#10144,#10145)),.UNSPECIFIED.,.F.,.F.,.F.,(3,3),(2,2),(0.,1.),(0.,0.032),
 .UNSPECIFIED.);
#329=B_SPLINE_SURFACE_WITH_KNOTS('',2,1,((#10155,#10156),(#10157,#10158),
(#10159,#10160)),.UNSPECIFIED.,.F.,.F.,.F.,(3,3),(2,2),(0.,1.),(0.,0.032),
 .UNSPECIFIED.);
#330=B_SPLINE_SURFACE_WITH_KNOTS('',2,1,((#10170,#10171),(#10172,#10173),
(#10174,#10175)),.UNSPECIFIED.,.F.,.F.,.F.,(3,3),(2,2),(0.,1.),(0.,0.032),
 .UNSPECIFIED.);
#331=B_SPLINE_SURFACE_WITH_KNOTS('',2,1,((#10185,#10186),(#10187,#10188),
(#10189,#10190)),.UNSPECIFIED.,.F.,.F.,.F.,(3,3),(2,2),(0.,1.),(0.,0.032),
 .UNSPECIFIED.);
#332=B_SPLINE_SURFACE_WITH_KNOTS('',2,1,((#10200,#10201),(#10202,#10203),
(#10204,#10205)),.UNSPECIFIED.,.F.,.F.,.F.,(3,3),(2,2),(0.,1.),(0.,0.032),
 .UNSPECIFIED.);
#333=B_SPLINE_SURFACE_WITH_KNOTS('',2,1,((#10221,#10222),(#10223,#10224),
(#10225,#10226)),.UNSPECIFIED.,.F.,.F.,.F.,(3,3),(2,2),(0.,1.),(0.,0.032),
 .UNSPECIFIED.);
#334=B_SPLINE_SURFACE_WITH_KNOTS('',2,1,((#10236,#10237),(#10238,#10239),
(#10240,#10241)),.UNSPECIFIED.,.F.,.F.,.F.,(3,3),(2,2),(0.,1.),(0.,0.032),
 .UNSPECIFIED.);
#335=B_SPLINE_SURFACE_WITH_KNOTS('',2,1,((#10251,#10252),(#10253,#10254),
(#10255,#10256)),.UNSPECIFIED.,.F.,.F.,.F.,(3,3),(2,2),(0.,1.),(0.,0.032),
 .UNSPECIFIED.);
#336=B_SPLINE_SURFACE_WITH_KNOTS('',2,1,((#10266,#10267),(#10268,#10269),
(#10270,#10271)),.UNSPECIFIED.,.F.,.F.,.F.,(3,3),(2,2),(0.,1.),(0.,0.032),
 .UNSPECIFIED.);
#337=B_SPLINE_SURFACE_WITH_KNOTS('',2,1,((#10281,#10282),(#10283,#10284),
(#10285,#10286)),.UNSPECIFIED.,.F.,.F.,.F.,(3,3),(2,2),(0.,1.),(0.,0.032),
 .UNSPECIFIED.);
#338=B_SPLINE_SURFACE_WITH_KNOTS('',2,1,((#10390,#10391),(#10392,#10393),
(#10394,#10395)),.UNSPECIFIED.,.F.,.F.,.F.,(3,3),(2,2),(0.,1.),(0.,0.032),
 .UNSPECIFIED.);
#339=B_SPLINE_SURFACE_WITH_KNOTS('',2,1,((#10414,#10415),(#10416,#10417),
(#10418,#10419)),.UNSPECIFIED.,.F.,.F.,.F.,(3,3),(2,2),(0.,1.),(0.,0.032),
 .UNSPECIFIED.);
#340=B_SPLINE_SURFACE_WITH_KNOTS('',2,1,((#10429,#10430),(#10431,#10432),
(#10433,#10434)),.UNSPECIFIED.,.F.,.F.,.F.,(3,3),(2,2),(0.,1.),(0.,0.032),
 .UNSPECIFIED.);
#341=B_SPLINE_SURFACE_WITH_KNOTS('',2,1,((#10444,#10445),(#10446,#10447),
(#10448,#10449)),.UNSPECIFIED.,.F.,.F.,.F.,(3,3),(2,2),(0.,1.),(0.,0.032),
 .UNSPECIFIED.);
#342=B_SPLINE_SURFACE_WITH_KNOTS('',2,1,((#10459,#10460),(#10461,#10462),
(#10463,#10464)),.UNSPECIFIED.,.F.,.F.,.F.,(3,3),(2,2),(0.,1.),(0.,0.032),
 .UNSPECIFIED.);
#343=B_SPLINE_SURFACE_WITH_KNOTS('',2,1,((#10480,#10481),(#10482,#10483),
(#10484,#10485)),.UNSPECIFIED.,.F.,.F.,.F.,(3,3),(2,2),(0.,1.),(0.,0.032),
 .UNSPECIFIED.);
#344=B_SPLINE_SURFACE_WITH_KNOTS('',2,1,((#10495,#10496),(#10497,#10498),
(#10499,#10500)),.UNSPECIFIED.,.F.,.F.,.F.,(3,3),(2,2),(0.,1.),(0.,0.032),
 .UNSPECIFIED.);
#345=B_SPLINE_SURFACE_WITH_KNOTS('',2,1,((#10510,#10511),(#10512,#10513),
(#10514,#10515)),.UNSPECIFIED.,.F.,.F.,.F.,(3,3),(2,2),(0.,1.),(0.,0.032),
 .UNSPECIFIED.);
#346=B_SPLINE_SURFACE_WITH_KNOTS('',2,1,((#10543,#10544),(#10545,#10546),
(#10547,#10548)),.UNSPECIFIED.,.F.,.F.,.F.,(3,3),(2,2),(0.,1.),(0.,0.032),
 .UNSPECIFIED.);
#347=B_SPLINE_SURFACE_WITH_KNOTS('',2,1,((#10558,#10559),(#10560,#10561),
(#10562,#10563)),.UNSPECIFIED.,.F.,.F.,.F.,(3,3),(2,2),(0.,1.),(0.,0.032),
 .UNSPECIFIED.);
#348=B_SPLINE_SURFACE_WITH_KNOTS('',2,1,((#10573,#10574),(#10575,#10576),
(#10577,#10578)),.UNSPECIFIED.,.F.,.F.,.F.,(3,3),(2,2),(0.,1.),(0.,0.032),
 .UNSPECIFIED.);
#349=B_SPLINE_SURFACE_WITH_KNOTS('',2,1,((#10588,#10589),(#10590,#10591),
(#10592,#10593)),.UNSPECIFIED.,.F.,.F.,.F.,(3,3),(2,2),(0.,1.),(0.,0.032),
 .UNSPECIFIED.);
#350=B_SPLINE_SURFACE_WITH_KNOTS('',2,1,((#10603,#10604),(#10605,#10606),
(#10607,#10608)),.UNSPECIFIED.,.F.,.F.,.F.,(3,3),(2,2),(0.,1.),(0.,0.032),
 .UNSPECIFIED.);
#351=B_SPLINE_SURFACE_WITH_KNOTS('',2,1,((#10624,#10625),(#10626,#10627),
(#10628,#10629)),.UNSPECIFIED.,.F.,.F.,.F.,(3,3),(2,2),(0.,1.),(0.,0.032),
 .UNSPECIFIED.);
#352=B_SPLINE_SURFACE_WITH_KNOTS('',2,1,((#10639,#10640),(#10641,#10642),
(#10643,#10644)),.UNSPECIFIED.,.F.,.F.,.F.,(3,3),(2,2),(0.,1.),(0.,0.032),
 .UNSPECIFIED.);
#353=B_SPLINE_SURFACE_WITH_KNOTS('',2,1,((#10654,#10655),(#10656,#10657),
(#10658,#10659)),.UNSPECIFIED.,.F.,.F.,.F.,(3,3),(2,2),(0.,1.),(0.,0.032),
 .UNSPECIFIED.);
#354=B_SPLINE_SURFACE_WITH_KNOTS('',2,1,((#10669,#10670),(#10671,#10672),
(#10673,#10674)),.UNSPECIFIED.,.F.,.F.,.F.,(3,3),(2,2),(0.,1.),(0.,0.032),
 .UNSPECIFIED.);
#355=B_SPLINE_SURFACE_WITH_KNOTS('',2,1,((#10684,#10685),(#10686,#10687),
(#10688,#10689)),.UNSPECIFIED.,.F.,.F.,.F.,(3,3),(2,2),(0.,1.),(0.,0.032),
 .UNSPECIFIED.);
#356=B_SPLINE_SURFACE_WITH_KNOTS('',2,1,((#10868,#10869),(#10870,#10871),
(#10872,#10873)),.UNSPECIFIED.,.F.,.F.,.F.,(3,3),(2,2),(0.,1.),(0.,0.032),
 .UNSPECIFIED.);
#357=B_SPLINE_SURFACE_WITH_KNOTS('',2,1,((#10892,#10893),(#10894,#10895),
(#10896,#10897)),.UNSPECIFIED.,.F.,.F.,.F.,(3,3),(2,2),(0.,1.),(0.,0.032),
 .UNSPECIFIED.);
#358=B_SPLINE_SURFACE_WITH_KNOTS('',2,1,((#10907,#10908),(#10909,#10910),
(#10911,#10912)),.UNSPECIFIED.,.F.,.F.,.F.,(3,3),(2,2),(0.,1.),(0.,0.032),
 .UNSPECIFIED.);
#359=B_SPLINE_SURFACE_WITH_KNOTS('',2,1,((#10922,#10923),(#10924,#10925),
(#10926,#10927)),.UNSPECIFIED.,.F.,.F.,.F.,(3,3),(2,2),(0.,1.),(0.,0.032),
 .UNSPECIFIED.);
#360=B_SPLINE_SURFACE_WITH_KNOTS('',2,1,((#10937,#10938),(#10939,#10940),
(#10941,#10942)),.UNSPECIFIED.,.F.,.F.,.F.,(3,3),(2,2),(0.,1.),(0.,0.032),
 .UNSPECIFIED.);
#361=B_SPLINE_SURFACE_WITH_KNOTS('',2,1,((#10958,#10959),(#10960,#10961),
(#10962,#10963)),.UNSPECIFIED.,.F.,.F.,.F.,(3,3),(2,2),(0.,1.),(0.,0.032),
 .UNSPECIFIED.);
#362=B_SPLINE_SURFACE_WITH_KNOTS('',2,1,((#10973,#10974),(#10975,#10976),
(#10977,#10978)),.UNSPECIFIED.,.F.,.F.,.F.,(3,3),(2,2),(0.,1.),(0.,0.032),
 .UNSPECIFIED.);
#363=B_SPLINE_SURFACE_WITH_KNOTS('',2,1,((#10988,#10989),(#10990,#10991),
(#10992,#10993)),.UNSPECIFIED.,.F.,.F.,.F.,(3,3),(2,2),(0.,1.),(0.,0.032),
 .UNSPECIFIED.);
#364=B_SPLINE_SURFACE_WITH_KNOTS('',2,1,((#11045,#11046),(#11047,#11048),
(#11049,#11050)),.UNSPECIFIED.,.F.,.F.,.F.,(3,3),(2,2),(0.,1.),(0.,0.032),
 .UNSPECIFIED.);
#365=B_SPLINE_SURFACE_WITH_KNOTS('',2,1,((#11060,#11061),(#11062,#11063),
(#11064,#11065)),.UNSPECIFIED.,.F.,.F.,.F.,(3,3),(2,2),(0.,1.),(0.,0.032),
 .UNSPECIFIED.);
#366=B_SPLINE_SURFACE_WITH_KNOTS('',2,1,((#11075,#11076),(#11077,#11078),
(#11079,#11080)),.UNSPECIFIED.,.F.,.F.,.F.,(3,3),(2,2),(0.,1.),(0.,0.032),
 .UNSPECIFIED.);
#367=B_SPLINE_SURFACE_WITH_KNOTS('',2,1,((#11090,#11091),(#11092,#11093),
(#11094,#11095)),.UNSPECIFIED.,.F.,.F.,.F.,(3,3),(2,2),(0.,1.),(0.,0.032),
 .UNSPECIFIED.);
#368=B_SPLINE_SURFACE_WITH_KNOTS('',2,1,((#11105,#11106),(#11107,#11108),
(#11109,#11110)),.UNSPECIFIED.,.F.,.F.,.F.,(3,3),(2,2),(0.,1.),(0.,0.032),
 .UNSPECIFIED.);
#369=B_SPLINE_SURFACE_WITH_KNOTS('',2,1,((#11126,#11127),(#11128,#11129),
(#11130,#11131)),.UNSPECIFIED.,.F.,.F.,.F.,(3,3),(2,2),(0.,1.),(0.,0.032),
 .UNSPECIFIED.);
#370=B_SPLINE_SURFACE_WITH_KNOTS('',2,1,((#11141,#11142),(#11143,#11144),
(#11145,#11146)),.UNSPECIFIED.,.F.,.F.,.F.,(3,3),(2,2),(0.,1.),(0.,0.032),
 .UNSPECIFIED.);
#371=B_SPLINE_SURFACE_WITH_KNOTS('',2,1,((#11156,#11157),(#11158,#11159),
(#11160,#11161)),.UNSPECIFIED.,.F.,.F.,.F.,(3,3),(2,2),(0.,1.),(0.,0.032),
 .UNSPECIFIED.);
#372=B_SPLINE_SURFACE_WITH_KNOTS('',2,1,((#11171,#11172),(#11173,#11174),
(#11175,#11176)),.UNSPECIFIED.,.F.,.F.,.F.,(3,3),(2,2),(0.,1.),(0.,0.032),
 .UNSPECIFIED.);
#373=B_SPLINE_SURFACE_WITH_KNOTS('',2,1,((#11186,#11187),(#11188,#11189),
(#11190,#11191)),.UNSPECIFIED.,.F.,.F.,.F.,(3,3),(2,2),(0.,1.),(0.,0.032),
 .UNSPECIFIED.);
#374=B_SPLINE_SURFACE_WITH_KNOTS('',2,1,((#11200,#11201),(#11202,#11203),
(#11204,#11205)),.UNSPECIFIED.,.F.,.F.,.F.,(3,3),(2,2),(0.,1.),(0.,0.032),
 .UNSPECIFIED.);
#375=B_SPLINE_SURFACE_WITH_KNOTS('',2,1,((#11224,#11225),(#11226,#11227),
(#11228,#11229)),.UNSPECIFIED.,.F.,.F.,.F.,(3,3),(2,2),(0.,1.),(0.,0.032),
 .UNSPECIFIED.);
#376=B_SPLINE_SURFACE_WITH_KNOTS('',2,1,((#11239,#11240),(#11241,#11242),
(#11243,#11244)),.UNSPECIFIED.,.F.,.F.,.F.,(3,3),(2,2),(0.,1.),(0.,0.032),
 .UNSPECIFIED.);
#377=B_SPLINE_SURFACE_WITH_KNOTS('',2,1,((#11254,#11255),(#11256,#11257),
(#11258,#11259)),.UNSPECIFIED.,.F.,.F.,.F.,(3,3),(2,2),(0.,1.),(0.,0.032),
 .UNSPECIFIED.);
#378=B_SPLINE_SURFACE_WITH_KNOTS('',2,1,((#11269,#11270),(#11271,#11272),
(#11273,#11274)),.UNSPECIFIED.,.F.,.F.,.F.,(3,3),(2,2),(0.,1.),(0.,0.032),
 .UNSPECIFIED.);
#379=B_SPLINE_SURFACE_WITH_KNOTS('',2,1,((#11290,#11291),(#11292,#11293),
(#11294,#11295)),.UNSPECIFIED.,.F.,.F.,.F.,(3,3),(2,2),(0.,1.),(0.,0.032),
 .UNSPECIFIED.);
#380=B_SPLINE_SURFACE_WITH_KNOTS('',2,1,((#11305,#11306),(#11307,#11308),
(#11309,#11310)),.UNSPECIFIED.,.F.,.F.,.F.,(3,3),(2,2),(0.,1.),(0.,0.032),
 .UNSPECIFIED.);
#381=B_SPLINE_SURFACE_WITH_KNOTS('',2,1,((#11320,#11321),(#11322,#11323),
(#11324,#11325)),.UNSPECIFIED.,.F.,.F.,.F.,(3,3),(2,2),(0.,1.),(0.,0.032),
 .UNSPECIFIED.);
#382=B_SPLINE_SURFACE_WITH_KNOTS('',2,1,((#11332,#11333),(#11334,#11335),
(#11336,#11337)),.UNSPECIFIED.,.F.,.F.,.F.,(3,3),(2,2),(0.,1.),(0.,0.032),
 .UNSPECIFIED.);
#383=B_SPLINE_SURFACE_WITH_KNOTS('',2,1,((#11356,#11357),(#11358,#11359),
(#11360,#11361)),.UNSPECIFIED.,.F.,.F.,.F.,(3,3),(2,2),(0.,1.),(0.,0.032),
 .UNSPECIFIED.);
#384=B_SPLINE_SURFACE_WITH_KNOTS('',2,1,((#11371,#11372),(#11373,#11374),
(#11375,#11376)),.UNSPECIFIED.,.F.,.F.,.F.,(3,3),(2,2),(0.,1.),(0.,0.032),
 .UNSPECIFIED.);
#385=B_SPLINE_SURFACE_WITH_KNOTS('',2,1,((#11386,#11387),(#11388,#11389),
(#11390,#11391)),.UNSPECIFIED.,.F.,.F.,.F.,(3,3),(2,2),(0.,1.),(0.,0.032),
 .UNSPECIFIED.);
#386=B_SPLINE_SURFACE_WITH_KNOTS('',2,1,((#11401,#11402),(#11403,#11404),
(#11405,#11406)),.UNSPECIFIED.,.F.,.F.,.F.,(3,3),(2,2),(0.,1.),(0.,0.032),
 .UNSPECIFIED.);
#387=B_SPLINE_SURFACE_WITH_KNOTS('',2,1,((#11416,#11417),(#11418,#11419),
(#11420,#11421)),.UNSPECIFIED.,.F.,.F.,.F.,(3,3),(2,2),(0.,1.),(0.,0.032),
 .UNSPECIFIED.);
#388=B_SPLINE_SURFACE_WITH_KNOTS('',2,1,((#11473,#11474),(#11475,#11476),
(#11477,#11478)),.UNSPECIFIED.,.F.,.F.,.F.,(3,3),(2,2),(0.,1.),(0.,0.032),
 .UNSPECIFIED.);
#389=B_SPLINE_SURFACE_WITH_KNOTS('',2,1,((#11488,#11489),(#11490,#11491),
(#11492,#11493)),.UNSPECIFIED.,.F.,.F.,.F.,(3,3),(2,2),(0.,1.),(0.,0.032),
 .UNSPECIFIED.);
#390=B_SPLINE_SURFACE_WITH_KNOTS('',2,1,((#11503,#11504),(#11505,#11506),
(#11507,#11508)),.UNSPECIFIED.,.F.,.F.,.F.,(3,3),(2,2),(0.,1.),(0.,0.032),
 .UNSPECIFIED.);
#391=B_SPLINE_SURFACE_WITH_KNOTS('',2,1,((#11518,#11519),(#11520,#11521),
(#11522,#11523)),.UNSPECIFIED.,.F.,.F.,.F.,(3,3),(2,2),(0.,1.),(0.,0.032),
 .UNSPECIFIED.);
#392=B_SPLINE_SURFACE_WITH_KNOTS('',2,1,((#11532,#11533),(#11534,#11535),
(#11536,#11537)),.UNSPECIFIED.,.F.,.F.,.F.,(3,3),(2,2),(0.,1.),(0.,0.032),
 .UNSPECIFIED.);
#393=B_SPLINE_SURFACE_WITH_KNOTS('',2,1,((#11556,#11557),(#11558,#11559),
(#11560,#11561)),.UNSPECIFIED.,.F.,.F.,.F.,(3,3),(2,2),(0.,1.),(0.,0.032),
 .UNSPECIFIED.);
#394=B_SPLINE_SURFACE_WITH_KNOTS('',2,1,((#11571,#11572),(#11573,#11574),
(#11575,#11576)),.UNSPECIFIED.,.F.,.F.,.F.,(3,3),(2,2),(0.,1.),(0.,0.032),
 .UNSPECIFIED.);
#395=B_SPLINE_SURFACE_WITH_KNOTS('',2,1,((#11586,#11587),(#11588,#11589),
(#11590,#11591)),.UNSPECIFIED.,.F.,.F.,.F.,(3,3),(2,2),(0.,1.),(0.,0.032),
 .UNSPECIFIED.);
#396=B_SPLINE_SURFACE_WITH_KNOTS('',2,1,((#11601,#11602),(#11603,#11604),
(#11605,#11606)),.UNSPECIFIED.,.F.,.F.,.F.,(3,3),(2,2),(0.,1.),(0.,0.032),
 .UNSPECIFIED.);
#397=B_SPLINE_SURFACE_WITH_KNOTS('',2,1,((#11622,#11623),(#11624,#11625),
(#11626,#11627)),.UNSPECIFIED.,.F.,.F.,.F.,(3,3),(2,2),(0.,1.),(0.,0.032),
 .UNSPECIFIED.);
#398=B_SPLINE_SURFACE_WITH_KNOTS('',2,1,((#11637,#11638),(#11639,#11640),
(#11641,#11642)),.UNSPECIFIED.,.F.,.F.,.F.,(3,3),(2,2),(0.,1.),(0.,0.032),
 .UNSPECIFIED.);
#399=B_SPLINE_SURFACE_WITH_KNOTS('',2,1,((#11652,#11653),(#11654,#11655),
(#11656,#11657)),.UNSPECIFIED.,.F.,.F.,.F.,(3,3),(2,2),(0.,1.),(0.,0.032),
 .UNSPECIFIED.);
#400=B_SPLINE_SURFACE_WITH_KNOTS('',2,1,((#11730,#11731),(#11732,#11733),
(#11734,#11735)),.UNSPECIFIED.,.F.,.F.,.F.,(3,3),(2,2),(0.,1.),(0.,0.032),
 .UNSPECIFIED.);
#401=B_SPLINE_SURFACE_WITH_KNOTS('',2,1,((#11745,#11746),(#11747,#11748),
(#11749,#11750)),.UNSPECIFIED.,.F.,.F.,.F.,(3,3),(2,2),(0.,1.),(0.,0.032),
 .UNSPECIFIED.);
#402=B_SPLINE_SURFACE_WITH_KNOTS('',2,1,((#11766,#11767),(#11768,#11769),
(#11770,#11771)),.UNSPECIFIED.,.F.,.F.,.F.,(3,3),(2,2),(0.,1.),(0.,0.032),
 .UNSPECIFIED.);
#403=B_SPLINE_SURFACE_WITH_KNOTS('',2,1,((#11781,#11782),(#11783,#11784),
(#11785,#11786)),.UNSPECIFIED.,.F.,.F.,.F.,(3,3),(2,2),(0.,1.),(0.,0.032),
 .UNSPECIFIED.);
#404=B_SPLINE_SURFACE_WITH_KNOTS('',2,1,((#11796,#11797),(#11798,#11799),
(#11800,#11801)),.UNSPECIFIED.,.F.,.F.,.F.,(3,3),(2,2),(0.,1.),(0.,0.032),
 .UNSPECIFIED.);
#405=B_SPLINE_SURFACE_WITH_KNOTS('',2,1,((#11874,#11875),(#11876,#11877),
(#11878,#11879)),.UNSPECIFIED.,.F.,.F.,.F.,(3,3),(2,2),(0.,1.),(0.,0.032),
 .UNSPECIFIED.);
#406=B_SPLINE_SURFACE_WITH_KNOTS('',2,1,((#11889,#11890),(#11891,#11892),
(#11893,#11894)),.UNSPECIFIED.,.F.,.F.,.F.,(3,3),(2,2),(0.,1.),(0.,0.032),
 .UNSPECIFIED.);
#407=B_SPLINE_SURFACE_WITH_KNOTS('',2,1,((#11910,#11911),(#11912,#11913),
(#11914,#11915)),.UNSPECIFIED.,.F.,.F.,.F.,(3,3),(2,2),(0.,1.),(0.,0.032),
 .UNSPECIFIED.);
#408=B_SPLINE_SURFACE_WITH_KNOTS('',2,1,((#11925,#11926),(#11927,#11928),
(#11929,#11930)),.UNSPECIFIED.,.F.,.F.,.F.,(3,3),(2,2),(0.,1.),(0.,0.032),
 .UNSPECIFIED.);
#409=B_SPLINE_SURFACE_WITH_KNOTS('',2,1,((#11940,#11941),(#11942,#11943),
(#11944,#11945)),.UNSPECIFIED.,.F.,.F.,.F.,(3,3),(2,2),(0.,1.),(0.,0.032),
 .UNSPECIFIED.);
#410=B_SPLINE_SURFACE_WITH_KNOTS('',2,1,((#11954,#11955),(#11956,#11957),
(#11958,#11959)),.UNSPECIFIED.,.F.,.F.,.F.,(3,3),(2,2),(0.,1.),(0.,0.032),
 .UNSPECIFIED.);
#411=B_SPLINE_SURFACE_WITH_KNOTS('',2,1,((#11978,#11979),(#11980,#11981),
(#11982,#11983)),.UNSPECIFIED.,.F.,.F.,.F.,(3,3),(2,2),(0.,1.),(0.,0.032),
 .UNSPECIFIED.);
#412=B_SPLINE_SURFACE_WITH_KNOTS('',2,1,((#11993,#11994),(#11995,#11996),
(#11997,#11998)),.UNSPECIFIED.,.F.,.F.,.F.,(3,3),(2,2),(0.,1.),(0.,0.032),
 .UNSPECIFIED.);
#413=B_SPLINE_SURFACE_WITH_KNOTS('',2,1,((#12008,#12009),(#12010,#12011),
(#12012,#12013)),.UNSPECIFIED.,.F.,.F.,.F.,(3,3),(2,2),(0.,1.),(0.,0.032),
 .UNSPECIFIED.);
#414=B_SPLINE_SURFACE_WITH_KNOTS('',2,1,((#12023,#12024),(#12025,#12026),
(#12027,#12028)),.UNSPECIFIED.,.F.,.F.,.F.,(3,3),(2,2),(0.,1.),(0.,0.032),
 .UNSPECIFIED.);
#415=B_SPLINE_SURFACE_WITH_KNOTS('',2,1,((#12038,#12039),(#12040,#12041),
(#12042,#12043)),.UNSPECIFIED.,.F.,.F.,.F.,(3,3),(2,2),(0.,1.),(0.,0.032),
 .UNSPECIFIED.);
#416=B_SPLINE_SURFACE_WITH_KNOTS('',2,1,((#12053,#12054),(#12055,#12056),
(#12057,#12058)),.UNSPECIFIED.,.F.,.F.,.F.,(3,3),(2,2),(0.,1.),(0.,0.032),
 .UNSPECIFIED.);
#417=B_SPLINE_SURFACE_WITH_KNOTS('',2,1,((#12068,#12069),(#12070,#12071),
(#12072,#12073)),.UNSPECIFIED.,.F.,.F.,.F.,(3,3),(2,2),(0.,1.),(0.,0.032),
 .UNSPECIFIED.);
#418=B_SPLINE_SURFACE_WITH_KNOTS('',2,1,((#12083,#12084),(#12085,#12086),
(#12087,#12088)),.UNSPECIFIED.,.F.,.F.,.F.,(3,3),(2,2),(0.,1.),(0.,0.032),
 .UNSPECIFIED.);
#419=B_SPLINE_SURFACE_WITH_KNOTS('',2,1,((#12104,#12105),(#12106,#12107),
(#12108,#12109)),.UNSPECIFIED.,.F.,.F.,.F.,(3,3),(2,2),(0.,1.),(0.,0.032),
 .UNSPECIFIED.);
#420=B_SPLINE_SURFACE_WITH_KNOTS('',2,1,((#12119,#12120),(#12121,#12122),
(#12123,#12124)),.UNSPECIFIED.,.F.,.F.,.F.,(3,3),(2,2),(0.,1.),(0.,0.032),
 .UNSPECIFIED.);
#421=B_SPLINE_SURFACE_WITH_KNOTS('',2,1,((#12134,#12135),(#12136,#12137),
(#12138,#12139)),.UNSPECIFIED.,.F.,.F.,.F.,(3,3),(2,2),(0.,1.),(0.,0.032),
 .UNSPECIFIED.);
#422=B_SPLINE_SURFACE_WITH_KNOTS('',2,1,((#12149,#12150),(#12151,#12152),
(#12153,#12154)),.UNSPECIFIED.,.F.,.F.,.F.,(3,3),(2,2),(0.,1.),(0.,0.032),
 .UNSPECIFIED.);
#423=B_SPLINE_SURFACE_WITH_KNOTS('',2,1,((#12164,#12165),(#12166,#12167),
(#12168,#12169)),.UNSPECIFIED.,.F.,.F.,.F.,(3,3),(2,2),(0.,1.),(0.,0.032),
 .UNSPECIFIED.);
#424=B_SPLINE_SURFACE_WITH_KNOTS('',2,1,((#12185,#12186),(#12187,#12188),
(#12189,#12190)),.UNSPECIFIED.,.F.,.F.,.F.,(3,3),(2,2),(0.,1.),(0.,0.032),
 .UNSPECIFIED.);
#425=B_SPLINE_SURFACE_WITH_KNOTS('',2,1,((#12200,#12201),(#12202,#12203),
(#12204,#12205)),.UNSPECIFIED.,.F.,.F.,.F.,(3,3),(2,2),(0.,1.),(0.,0.032),
 .UNSPECIFIED.);
#426=B_SPLINE_SURFACE_WITH_KNOTS('',2,1,((#12215,#12216),(#12217,#12218),
(#12219,#12220)),.UNSPECIFIED.,.F.,.F.,.F.,(3,3),(2,2),(0.,1.),(0.,0.032),
 .UNSPECIFIED.);
#427=B_SPLINE_SURFACE_WITH_KNOTS('',2,1,((#12230,#12231),(#12232,#12233),
(#12234,#12235)),.UNSPECIFIED.,.F.,.F.,.F.,(3,3),(2,2),(0.,1.),(0.,0.032),
 .UNSPECIFIED.);
#428=B_SPLINE_SURFACE_WITH_KNOTS('',2,1,((#12245,#12246),(#12247,#12248),
(#12249,#12250)),.UNSPECIFIED.,.F.,.F.,.F.,(3,3),(2,2),(0.,1.),(0.,0.032),
 .UNSPECIFIED.);
#429=B_SPLINE_SURFACE_WITH_KNOTS('',2,1,((#12260,#12261),(#12262,#12263),
(#12264,#12265)),.UNSPECIFIED.,.F.,.F.,.F.,(3,3),(2,2),(0.,1.),(0.,0.032),
 .UNSPECIFIED.);
#430=B_SPLINE_SURFACE_WITH_KNOTS('',2,1,((#12275,#12276),(#12277,#12278),
(#12279,#12280)),.UNSPECIFIED.,.F.,.F.,.F.,(3,3),(2,2),(0.,1.),(0.,0.032),
 .UNSPECIFIED.);
#431=B_SPLINE_SURFACE_WITH_KNOTS('',2,1,((#12290,#12291),(#12292,#12293),
(#12294,#12295)),.UNSPECIFIED.,.F.,.F.,.F.,(3,3),(2,2),(0.,1.),(0.,0.032),
 .UNSPECIFIED.);
#432=B_SPLINE_SURFACE_WITH_KNOTS('',2,1,((#12311,#12312),(#12313,#12314),
(#12315,#12316)),.UNSPECIFIED.,.F.,.F.,.F.,(3,3),(2,2),(0.,1.),(0.,0.032),
 .UNSPECIFIED.);
#433=B_SPLINE_SURFACE_WITH_KNOTS('',2,1,((#12326,#12327),(#12328,#12329),
(#12330,#12331)),.UNSPECIFIED.,.F.,.F.,.F.,(3,3),(2,2),(0.,1.),(0.,0.032),
 .UNSPECIFIED.);
#434=SHAPE_REPRESENTATION_RELATIONSHIP('SRR','None',#13474,#437);
#435=SHAPE_REPRESENTATION_RELATIONSHIP('SRR','None',#13475,#438);
#436=SHAPE_REPRESENTATION_RELATIONSHIP('SRR','None',#13473,#439);
#437=ADVANCED_BREP_SHAPE_REPRESENTATION('',(#489,#490,#491,#492,#493,#494),
#13458);
#438=ADVANCED_BREP_SHAPE_REPRESENTATION('',(#495,#496,#497,#498,#499,#500,
#501,#502,#503),#13459);
#439=ADVANCED_BREP_SHAPE_REPRESENTATION('',(#504),#13457);
#440=(
BOUNDED_CURVE()
B_SPLINE_CURVE(3,(#9876,#9877,#9878,#9879),.UNSPECIFIED.,.F.,.F.)
B_SPLINE_CURVE_WITH_KNOTS((4,4),(0.,1.),.UNSPECIFIED.)
CURVE()
GEOMETRIC_REPRESENTATION_ITEM()
RATIONAL_B_SPLINE_CURVE((1.,1.,1.,1.))
REPRESENTATION_ITEM('')
);
#441=(
BOUNDED_CURVE()
B_SPLINE_CURVE(3,(#9881,#9882,#9883,#9884),.UNSPECIFIED.,.F.,.F.)
B_SPLINE_CURVE_WITH_KNOTS((4,4),(0.,1.),.UNSPECIFIED.)
CURVE()
GEOMETRIC_REPRESENTATION_ITEM()
RATIONAL_B_SPLINE_CURVE((1.,1.,1.,1.))
REPRESENTATION_ITEM('')
);
#442=(
BOUNDED_CURVE()
B_SPLINE_CURVE(3,(#10329,#10330,#10331,#10332),.UNSPECIFIED.,.F.,.F.)
B_SPLINE_CURVE_WITH_KNOTS((4,4),(0.,1.),.UNSPECIFIED.)
CURVE()
GEOMETRIC_REPRESENTATION_ITEM()
RATIONAL_B_SPLINE_CURVE((1.,1.,1.,1.))
REPRESENTATION_ITEM('')
);
#443=(
BOUNDED_CURVE()
B_SPLINE_CURVE(3,(#10336,#10337,#10338,#10339),.UNSPECIFIED.,.F.,.F.)
B_SPLINE_CURVE_WITH_KNOTS((4,4),(0.,1.),.UNSPECIFIED.)
CURVE()
GEOMETRIC_REPRESENTATION_ITEM()
RATIONAL_B_SPLINE_CURVE((1.,1.,1.,1.))
REPRESENTATION_ITEM('')
);
#444=(
BOUNDED_CURVE()
B_SPLINE_CURVE(3,(#10350,#10351,#10352,#10353),.UNSPECIFIED.,.F.,.F.)
B_SPLINE_CURVE_WITH_KNOTS((4,4),(0.,1.),.UNSPECIFIED.)
CURVE()
GEOMETRIC_REPRESENTATION_ITEM()
RATIONAL_B_SPLINE_CURVE((1.,1.,1.,1.))
REPRESENTATION_ITEM('')
);
#445=(
BOUNDED_CURVE()
B_SPLINE_CURVE(3,(#10355,#10356,#10357,#10358),.UNSPECIFIED.,.F.,.F.)
B_SPLINE_CURVE_WITH_KNOTS((4,4),(0.,1.),.UNSPECIFIED.)
CURVE()
GEOMETRIC_REPRESENTATION_ITEM()
RATIONAL_B_SPLINE_CURVE((1.,1.,1.,1.))
REPRESENTATION_ITEM('')
);
#446=(
BOUNDED_CURVE()
B_SPLINE_CURVE(3,(#10369,#10370,#10371,#10372),.UNSPECIFIED.,.F.,.F.)
B_SPLINE_CURVE_WITH_KNOTS((4,4),(0.,1.),.UNSPECIFIED.)
CURVE()
GEOMETRIC_REPRESENTATION_ITEM()
RATIONAL_B_SPLINE_CURVE((1.,1.,1.,1.))
REPRESENTATION_ITEM('')
);
#447=(
BOUNDED_CURVE()
B_SPLINE_CURVE(3,(#10374,#10375,#10376,#10377),.UNSPECIFIED.,.F.,.F.)
B_SPLINE_CURVE_WITH_KNOTS((4,4),(0.,1.),.UNSPECIFIED.)
CURVE()
GEOMETRIC_REPRESENTATION_ITEM()
RATIONAL_B_SPLINE_CURVE((1.,1.,1.,1.))
REPRESENTATION_ITEM('')
);
#448=(
BOUNDED_CURVE()
B_SPLINE_CURVE(3,(#10756,#10757,#10758,#10759),.UNSPECIFIED.,.F.,.F.)
B_SPLINE_CURVE_WITH_KNOTS((4,4),(0.,1.),.UNSPECIFIED.)
CURVE()
GEOMETRIC_REPRESENTATION_ITEM()
RATIONAL_B_SPLINE_CURVE((1.,1.,1.,1.))
REPRESENTATION_ITEM('')
);
#449=(
BOUNDED_CURVE()
B_SPLINE_CURVE(3,(#10763,#10764,#10765,#10766),.UNSPECIFIED.,.F.,.F.)
B_SPLINE_CURVE_WITH_KNOTS((4,4),(0.,1.),.UNSPECIFIED.)
CURVE()
GEOMETRIC_REPRESENTATION_ITEM()
RATIONAL_B_SPLINE_CURVE((1.,1.,1.,1.))
REPRESENTATION_ITEM('')
);
#450=(
BOUNDED_CURVE()
B_SPLINE_CURVE(3,(#10777,#10778,#10779,#10780),.UNSPECIFIED.,.F.,.F.)
B_SPLINE_CURVE_WITH_KNOTS((4,4),(0.,1.),.UNSPECIFIED.)
CURVE()
GEOMETRIC_REPRESENTATION_ITEM()
RATIONAL_B_SPLINE_CURVE((1.,1.,1.,1.))
REPRESENTATION_ITEM('')
);
#451=(
BOUNDED_CURVE()
B_SPLINE_CURVE(3,(#10782,#10783,#10784,#10785),.UNSPECIFIED.,.F.,.F.)
B_SPLINE_CURVE_WITH_KNOTS((4,4),(0.,1.),.UNSPECIFIED.)
CURVE()
GEOMETRIC_REPRESENTATION_ITEM()
RATIONAL_B_SPLINE_CURVE((1.,1.,1.,1.))
REPRESENTATION_ITEM('')
);
#452=(
BOUNDED_CURVE()
B_SPLINE_CURVE(3,(#10796,#10797,#10798,#10799),.UNSPECIFIED.,.F.,.F.)
B_SPLINE_CURVE_WITH_KNOTS((4,4),(0.,1.),.UNSPECIFIED.)
CURVE()
GEOMETRIC_REPRESENTATION_ITEM()
RATIONAL_B_SPLINE_CURVE((1.,1.,1.,1.))
REPRESENTATION_ITEM('')
);
#453=(
BOUNDED_CURVE()
B_SPLINE_CURVE(3,(#10801,#10802,#10803,#10804),.UNSPECIFIED.,.F.,.F.)
B_SPLINE_CURVE_WITH_KNOTS((4,4),(0.,1.),.UNSPECIFIED.)
CURVE()
GEOMETRIC_REPRESENTATION_ITEM()
RATIONAL_B_SPLINE_CURVE((1.,1.,1.,1.))
REPRESENTATION_ITEM('')
);
#454=(
BOUNDED_CURVE()
B_SPLINE_CURVE(3,(#10815,#10816,#10817,#10818),.UNSPECIFIED.,.F.,.F.)
B_SPLINE_CURVE_WITH_KNOTS((4,4),(0.,1.),.UNSPECIFIED.)
CURVE()
GEOMETRIC_REPRESENTATION_ITEM()
RATIONAL_B_SPLINE_CURVE((1.,1.,1.,1.))
REPRESENTATION_ITEM('')
);
#455=(
BOUNDED_CURVE()
B_SPLINE_CURVE(3,(#10820,#10821,#10822,#10823),.UNSPECIFIED.,.F.,.F.)
B_SPLINE_CURVE_WITH_KNOTS((4,4),(0.,1.),.UNSPECIFIED.)
CURVE()
GEOMETRIC_REPRESENTATION_ITEM()
RATIONAL_B_SPLINE_CURVE((1.,1.,1.,1.))
REPRESENTATION_ITEM('')
);
#456=(
BOUNDED_CURVE()
B_SPLINE_CURVE(5,(#11696,#11697,#11698,#11699,#11700,#11701,#11702,#11703,
#11704,#11705,#11706,#11707,#11708,#11709,#11710),.UNSPECIFIED.,.F.,.F.)
B_SPLINE_CURVE_WITH_KNOTS((6,1,1,1,1,1,1,1,1,1,6),(0.,0.1,0.2,0.3,0.4,0.5,
0.6,0.7,0.8,0.9,1.),.UNSPECIFIED.)
CURVE()
GEOMETRIC_REPRESENTATION_ITEM()
RATIONAL_B_SPLINE_CURVE((1.,1.,1.,1.,1.,1.,1.,1.,1.,1.,1.,1.,1.,1.,1.))
REPRESENTATION_ITEM('')
);
#457=(
BOUNDED_CURVE()
B_SPLINE_CURVE(5,(#11714,#11715,#11716,#11717,#11718,#11719,#11720,#11721,
#11722,#11723,#11724,#11725,#11726,#11727,#11728),.UNSPECIFIED.,.F.,.F.)
B_SPLINE_CURVE_WITH_KNOTS((6,1,1,1,1,1,1,1,1,1,6),(-1.,-0.9,-0.8,-0.7,-0.6,
-0.5,-0.4,-0.3,-0.2,-0.1,0.),.UNSPECIFIED.)
CURVE()
GEOMETRIC_REPRESENTATION_ITEM()
RATIONAL_B_SPLINE_CURVE((1.,1.,1.,1.,1.,1.,1.,1.,1.,1.,1.,1.,1.,1.,1.))
REPRESENTATION_ITEM('')
);
#458=(
BOUNDED_CURVE()
B_SPLINE_CURVE(5,(#11842,#11843,#11844,#11845,#11846,#11847,#11848,#11849,
#11850,#11851,#11852,#11853,#11854,#11855,#11856),.UNSPECIFIED.,.F.,.F.)
B_SPLINE_CURVE_WITH_KNOTS((6,1,1,1,1,1,1,1,1,1,6),(0.,0.1,0.2,0.3,0.4,0.5,
0.6,0.7,0.8,0.9,1.),.UNSPECIFIED.)
CURVE()
GEOMETRIC_REPRESENTATION_ITEM()
RATIONAL_B_SPLINE_CURVE((1.,1.,1.,1.,1.,1.,1.,1.,1.,1.,1.,1.,1.,1.,1.))
REPRESENTATION_ITEM('')
);
#459=(
BOUNDED_CURVE()
B_SPLINE_CURVE(5,(#11858,#11859,#11860,#11861,#11862,#11863,#11864,#11865,
#11866,#11867,#11868,#11869,#11870,#11871,#11872),.UNSPECIFIED.,.F.,.F.)
B_SPLINE_CURVE_WITH_KNOTS((6,1,1,1,1,1,1,1,1,1,6),(0.,0.1,0.2,0.3,0.4,0.5,
0.6,0.7,0.8,0.9,1.),.UNSPECIFIED.)
CURVE()
GEOMETRIC_REPRESENTATION_ITEM()
RATIONAL_B_SPLINE_CURVE((1.,1.,1.,1.,1.,1.,1.,1.,1.,1.,1.,1.,1.,1.,1.))
REPRESENTATION_ITEM('')
);
#460=(
BOUNDED_CURVE()
B_SPLINE_CURVE(5,(#12372,#12373,#12374,#12375,#12376,#12377,#12378,#12379,
#12380,#12381,#12382,#12383,#12384,#12385,#12386),.UNSPECIFIED.,.F.,.F.)
B_SPLINE_CURVE_WITH_KNOTS((6,1,1,1,1,1,1,1,1,1,6),(0.,0.1,0.2,0.3,0.4,0.5,
0.6,0.7,0.8,0.9,1.),.UNSPECIFIED.)
CURVE()
GEOMETRIC_REPRESENTATION_ITEM()
RATIONAL_B_SPLINE_CURVE((1.,1.,1.,1.,1.,1.,1.,1.,1.,1.,1.,1.,1.,1.,1.))
REPRESENTATION_ITEM('')
);
#461=(
BOUNDED_CURVE()
B_SPLINE_CURVE(5,(#12388,#12389,#12390,#12391,#12392,#12393,#12394,#12395,
#12396,#12397,#12398,#12399,#12400,#12401,#12402),.UNSPECIFIED.,.F.,.F.)
B_SPLINE_CURVE_WITH_KNOTS((6,1,1,1,1,1,1,1,1,1,6),(0.,0.1,0.2,0.3,0.4,0.5,
0.6,0.7,0.8,0.9,1.),.UNSPECIFIED.)
CURVE()
GEOMETRIC_REPRESENTATION_ITEM()
RATIONAL_B_SPLINE_CURVE((1.,1.,1.,1.,1.,1.,1.,1.,1.,1.,1.,1.,1.,1.,1.))
REPRESENTATION_ITEM('')
);
#462=(
BOUNDED_SURFACE()
B_SPLINE_SURFACE(3,1,((#9867,#9868),(#9869,#9870),(#9871,#9872),(#9873,
#9874)),.UNSPECIFIED.,.F.,.F.,.F.)
B_SPLINE_SURFACE_WITH_KNOTS((4,4),(2,2),(0.,1.),(0.,0.032),
 .UNSPECIFIED.)
GEOMETRIC_REPRESENTATION_ITEM()
RATIONAL_B_SPLINE_SURFACE(((1.,1.),(1.,1.),(1.,1.),(1.,1.)))
REPRESENTATION_ITEM('')
SURFACE()
);
#463=(
BOUNDED_SURFACE()
B_SPLINE_SURFACE(3,1,((#10319,#10320),(#10321,#10322),(#10323,#10324),(#10325,
#10326)),.UNSPECIFIED.,.F.,.F.,.F.)
B_SPLINE_SURFACE_WITH_KNOTS((4,4),(2,2),(0.,1.),(0.,0.032),
 .UNSPECIFIED.)
GEOMETRIC_REPRESENTATION_ITEM()
RATIONAL_B_SPLINE_SURFACE(((1.,1.),(1.,1.),(1.,1.),(1.,1.)))
REPRESENTATION_ITEM('')
SURFACE()
);
#464=(
BOUNDED_SURFACE()
B_SPLINE_SURFACE(3,1,((#10341,#10342),(#10343,#10344),(#10345,#10346),(#10347,
#10348)),.UNSPECIFIED.,.F.,.F.,.F.)
B_SPLINE_SURFACE_WITH_KNOTS((4,4),(2,2),(0.,1.),(0.,0.032),
 .UNSPECIFIED.)
GEOMETRIC_REPRESENTATION_ITEM()
RATIONAL_B_SPLINE_SURFACE(((1.,1.),(1.,1.),(1.,1.),(1.,1.)))
REPRESENTATION_ITEM('')
SURFACE()
);
#465=(
BOUNDED_SURFACE()
B_SPLINE_SURFACE(3,1,((#10360,#10361),(#10362,#10363),(#10364,#10365),(#10366,
#10367)),.UNSPECIFIED.,.F.,.F.,.F.)
B_SPLINE_SURFACE_WITH_KNOTS((4,4),(2,2),(0.,1.),(0.,0.032),
 .UNSPECIFIED.)
GEOMETRIC_REPRESENTATION_ITEM()
RATIONAL_B_SPLINE_SURFACE(((1.,1.),(1.,1.),(1.,1.),(1.,1.)))
REPRESENTATION_ITEM('')
SURFACE()
);
#466=(
BOUNDED_SURFACE()
B_SPLINE_SURFACE(3,1,((#10746,#10747),(#10748,#10749),(#10750,#10751),(#10752,
#10753)),.UNSPECIFIED.,.F.,.F.,.F.)
B_SPLINE_SURFACE_WITH_KNOTS((4,4),(2,2),(0.,1.),(0.,0.032),
 .UNSPECIFIED.)
GEOMETRIC_REPRESENTATION_ITEM()
RATIONAL_B_SPLINE_SURFACE(((1.,1.),(1.,1.),(1.,1.),(1.,1.)))
REPRESENTATION_ITEM('')
SURFACE()
);
#467=(
BOUNDED_SURFACE()
B_SPLINE_SURFACE(3,1,((#10768,#10769),(#10770,#10771),(#10772,#10773),(#10774,
#10775)),.UNSPECIFIED.,.F.,.F.,.F.)
B_SPLINE_SURFACE_WITH_KNOTS((4,4),(2,2),(0.,1.),(0.,0.032),
 .UNSPECIFIED.)
GEOMETRIC_REPRESENTATION_ITEM()
RATIONAL_B_SPLINE_SURFACE(((1.,1.),(1.,1.),(1.,1.),(1.,1.)))
REPRESENTATION_ITEM('')
SURFACE()
);
#468=(
BOUNDED_SURFACE()
B_SPLINE_SURFACE(3,1,((#10787,#10788),(#10789,#10790),(#10791,#10792),(#10793,
#10794)),.UNSPECIFIED.,.F.,.F.,.F.)
B_SPLINE_SURFACE_WITH_KNOTS((4,4),(2,2),(0.,1.),(0.,0.032),
 .UNSPECIFIED.)
GEOMETRIC_REPRESENTATION_ITEM()
RATIONAL_B_SPLINE_SURFACE(((1.,1.),(1.,1.),(1.,1.),(1.,1.)))
REPRESENTATION_ITEM('')
SURFACE()
);
#469=(
BOUNDED_SURFACE()
B_SPLINE_SURFACE(3,1,((#10806,#10807),(#10808,#10809),(#10810,#10811),(#10812,
#10813)),.UNSPECIFIED.,.F.,.F.,.F.)
B_SPLINE_SURFACE_WITH_KNOTS((4,4),(2,2),(0.,1.),(0.,0.032),
 .UNSPECIFIED.)
GEOMETRIC_REPRESENTATION_ITEM()
RATIONAL_B_SPLINE_SURFACE(((1.,1.),(1.,1.),(1.,1.),(1.,1.)))
REPRESENTATION_ITEM('')
SURFACE()
);
#470=(
BOUNDED_SURFACE()
B_SPLINE_SURFACE(5,1,((#11664,#11665),(#11666,#11667),(#11668,#11669),(#11670,
#11671),(#11672,#11673),(#11674,#11675),(#11676,#11677),(#11678,#11679),
(#11680,#11681),(#11682,#11683),(#11684,#11685),(#11686,#11687),(#11688,
#11689),(#11690,#11691),(#11692,#11693)),.UNSPECIFIED.,.F.,.F.,.F.)
B_SPLINE_SURFACE_WITH_KNOTS((6,1,1,1,1,1,1,1,1,1,6),(2,2),(-1.,-0.9,-0.8,
-0.7,-0.6,-0.5,-0.4,-0.3,-0.2,-0.1,0.),(0.,0.032),.UNSPECIFIED.)
GEOMETRIC_REPRESENTATION_ITEM()
RATIONAL_B_SPLINE_SURFACE(((1.,1.),(1.,1.),(1.,1.),(1.,1.),(1.,1.),(1.,
1.),(1.,1.),(1.,1.),(1.,1.),(1.,1.),(1.,1.),(1.,1.),(1.,1.),(1.,1.),(1.,
1.)))
REPRESENTATION_ITEM('')
SURFACE()
);
#471=(
BOUNDED_SURFACE()
B_SPLINE_SURFACE(5,1,((#11811,#11812),(#11813,#11814),(#11815,#11816),(#11817,
#11818),(#11819,#11820),(#11821,#11822),(#11823,#11824),(#11825,#11826),
(#11827,#11828),(#11829,#11830),(#11831,#11832),(#11833,#11834),(#11835,
#11836),(#11837,#11838),(#11839,#11840)),.UNSPECIFIED.,.F.,.F.,.F.)
B_SPLINE_SURFACE_WITH_KNOTS((6,1,1,1,1,1,1,1,1,1,6),(2,2),(0.,0.1,0.2,0.3,
0.4,0.5,0.6,0.7,0.8,0.9,1.),(0.,0.032),.UNSPECIFIED.)
GEOMETRIC_REPRESENTATION_ITEM()
RATIONAL_B_SPLINE_SURFACE(((1.,1.),(1.,1.),(1.,1.),(1.,1.),(1.,1.),(1.,
1.),(1.,1.),(1.,1.),(1.,1.),(1.,1.),(1.,1.),(1.,1.),(1.,1.),(1.,1.),(1.,
1.)))
REPRESENTATION_ITEM('')
SURFACE()
);
#472=(
BOUNDED_SURFACE()
B_SPLINE_SURFACE(5,1,((#12341,#12342),(#12343,#12344),(#12345,#12346),(#12347,
#12348),(#12349,#12350),(#12351,#12352),(#12353,#12354),(#12355,#12356),
(#12357,#12358),(#12359,#12360),(#12361,#12362),(#12363,#12364),(#12365,
#12366),(#12367,#12368),(#12369,#12370)),.UNSPECIFIED.,.F.,.F.,.F.)
B_SPLINE_SURFACE_WITH_KNOTS((6,1,1,1,1,1,1,1,1,1,6),(2,2),(0.,0.1,0.2,0.3,
0.4,0.5,0.6,0.7,0.8,0.9,1.),(0.,0.032),.UNSPECIFIED.)
GEOMETRIC_REPRESENTATION_ITEM()
RATIONAL_B_SPLINE_SURFACE(((1.,1.),(1.,1.),(1.,1.),(1.,1.),(1.,1.),(1.,
1.),(1.,1.),(1.,1.),(1.,1.),(1.,1.),(1.,1.),(1.,1.),(1.,1.),(1.,1.),(1.,
1.)))
REPRESENTATION_ITEM('')
SURFACE()
);
#473=STYLED_ITEM('',(#13492),#489);
#474=STYLED_ITEM('',(#13492),#490);
#475=STYLED_ITEM('',(#13492),#491);
#476=STYLED_ITEM('',(#13492),#492);
#477=STYLED_ITEM('',(#13492),#493);
#478=STYLED_ITEM('',(#13492),#494);
#479=STYLED_ITEM('',(#13492),#495);
#480=STYLED_ITEM('',(#13492),#496);
#481=STYLED_ITEM('',(#13492),#497);
#482=STYLED_ITEM('',(#13492),#498);
#483=STYLED_ITEM('',(#13492),#499);
#484=STYLED_ITEM('',(#13492),#500);
#485=STYLED_ITEM('',(#13492),#501);
#486=STYLED_ITEM('',(#13492),#502);
#487=STYLED_ITEM('',(#13492),#503);
#488=STYLED_ITEM('',(#13492),#504);
#489=MANIFOLD_SOLID_BREP('Body1',#7650);
#490=MANIFOLD_SOLID_BREP('Body2',#7651);
#491=MANIFOLD_SOLID_BREP('Body3',#7652);
#492=MANIFOLD_SOLID_BREP('Body4',#7653);
#493=MANIFOLD_SOLID_BREP('Body5',#7654);
#494=MANIFOLD_SOLID_BREP('Body6',#7655);
#495=MANIFOLD_SOLID_BREP('Body1',#7656);
#496=MANIFOLD_SOLID_BREP('Body2',#7657);
#497=MANIFOLD_SOLID_BREP('Body3',#7658);
#498=MANIFOLD_SOLID_BREP('Body4',#7659);
#499=MANIFOLD_SOLID_BREP('Body5',#7660);
#500=MANIFOLD_SOLID_BREP('Body6',#7661);
#501=MANIFOLD_SOLID_BREP('Body7',#7662);
#502=MANIFOLD_SOLID_BREP('Body8',#7663);
#503=MANIFOLD_SOLID_BREP('Body9',#7664);
#504=MANIFOLD_SOLID_BREP('Body1',#7665);
#505=PLANE('',#7694);
#506=PLANE('',#7701);
#507=PLANE('',#7702);
#508=PLANE('',#7703);
#509=PLANE('',#7707);
#510=PLANE('',#7714);
#511=PLANE('',#7715);
#512=PLANE('',#7716);
#513=PLANE('',#7717);
#514=PLANE('',#7718);
#515=PLANE('',#7719);
#516=PLANE('',#7720);
#517=PLANE('',#7721);
#518=PLANE('',#7722);
#519=PLANE('',#7726);
#520=PLANE('',#7727);
#521=PLANE('',#7731);
#522=PLANE('',#7732);
#523=PLANE('',#7733);
#524=PLANE('',#7734);
#525=PLANE('',#7735);
#526=PLANE('',#7736);
#527=PLANE('',#7737);
#528=PLANE('',#7738);
#529=PLANE('',#7739);
#530=PLANE('',#7740);
#531=PLANE('',#7741);
#532=PLANE('',#7742);
#533=PLANE('',#7744);
#534=PLANE('',#7745);
#535=PLANE('',#7746);
#536=PLANE('',#7747);
#537=PLANE('',#7748);
#538=PLANE('',#7749);
#539=PLANE('',#7750);
#540=PLANE('',#7751);
#541=PLANE('',#7752);
#542=PLANE('',#7753);
#543=PLANE('',#7754);
#544=PLANE('',#7755);
#545=PLANE('',#7756);
#546=PLANE('',#7769);
#547=PLANE('',#7773);
#548=PLANE('',#7774);
#549=PLANE('',#7775);
#550=PLANE('',#7776);
#551=PLANE('',#7777);
#552=PLANE('',#7778);
#553=PLANE('',#7779);
#554=PLANE('',#7780);
#555=PLANE('',#7781);
#556=PLANE('',#7782);
#557=PLANE('',#7783);
#558=PLANE('',#7784);
#559=PLANE('',#7785);
#560=PLANE('',#7786);
#561=PLANE('',#7799);
#562=PLANE('',#7800);
#563=PLANE('',#7801);
#564=PLANE('',#7802);
#565=PLANE('',#7803);
#566=PLANE('',#7804);
#567=PLANE('',#7805);
#568=PLANE('',#7806);
#569=PLANE('',#7807);
#570=PLANE('',#7808);
#571=PLANE('',#7809);
#572=PLANE('',#7810);
#573=PLANE('',#7811);
#574=PLANE('',#7812);
#575=PLANE('',#7813);
#576=PLANE('',#7814);
#577=PLANE('',#7815);
#578=PLANE('',#7816);
#579=PLANE('',#7817);
#580=PLANE('',#7818);
#581=PLANE('',#7819);
#582=PLANE('',#7820);
#583=PLANE('',#7821);
#584=PLANE('',#7822);
#585=PLANE('',#7823);
#586=PLANE('',#7824);
#587=PLANE('',#7825);
#588=PLANE('',#7826);
#589=PLANE('',#7827);
#590=PLANE('',#7828);
#591=PLANE('',#7829);
#592=PLANE('',#7830);
#593=PLANE('',#7831);
#594=PLANE('',#7832);
#595=PLANE('',#7833);
#596=PLANE('',#7834);
#597=PLANE('',#7835);
#598=PLANE('',#7836);
#599=PLANE('',#7837);
#600=PLANE('',#7838);
#601=PLANE('',#7839);
#602=PLANE('',#7840);
#603=PLANE('',#7841);
#604=PLANE('',#7842);
#605=PLANE('',#7843);
#606=PLANE('',#7847);
#607=PLANE('',#7848);
#608=PLANE('',#7849);
#609=PLANE('',#7851);
#610=PLANE('',#7852);
#611=PLANE('',#7862);
#612=PLANE('',#7863);
#613=PLANE('',#7864);
#614=PLANE('',#7869);
#615=PLANE('',#7872);
#616=PLANE('',#7873);
#617=PLANE('',#7878);
#618=PLANE('',#7898);
#619=PLANE('',#7901);
#620=PLANE('',#7902);
#621=PLANE('',#7907);
#622=PLANE('',#7910);
#623=PLANE('',#7911);
#624=PLANE('',#7933);
#625=PLANE('',#7938);
#626=PLANE('',#7939);
#627=PLANE('',#7948);
#628=PLANE('',#7951);
#629=PLANE('',#7957);
#630=PLANE('',#7958);
#631=PLANE('',#7962);
#632=PLANE('',#7963);
#633=PLANE('',#7967);
#634=PLANE('',#7968);
#635=PLANE('',#7969);
#636=PLANE('',#7970);
#637=PLANE('',#7978);
#638=PLANE('',#7979);
#639=PLANE('',#7980);
#640=PLANE('',#7988);
#641=PLANE('',#7989);
#642=PLANE('',#7990);
#643=PLANE('',#7991);
#644=PLANE('',#7992);
#645=PLANE('',#7993);
#646=PLANE('',#7996);
#647=PLANE('',#7999);
#648=PLANE('',#8002);
#649=PLANE('',#8003);
#650=PLANE('',#8008);
#651=PLANE('',#8009);
#652=PLANE('',#8010);
#653=PLANE('',#8011);
#654=PLANE('',#8012);
#655=PLANE('',#8013);
#656=PLANE('',#8017);
#657=PLANE('',#8018);
#658=PLANE('',#8019);
#659=PLANE('',#8020);
#660=PLANE('',#8024);
#661=PLANE('',#8025);
#662=PLANE('',#8026);
#663=PLANE('',#8027);
#664=PLANE('',#8028);
#665=PLANE('',#8031);
#666=PLANE('',#8032);
#667=PLANE('',#8033);
#668=PLANE('',#8034);
#669=PLANE('',#8035);
#670=PLANE('',#8043);
#671=PLANE('',#8044);
#672=PLANE('',#8045);
#673=PLANE('',#8053);
#674=PLANE('',#8054);
#675=PLANE('',#8057);
#676=PLANE('',#8060);
#677=PLANE('',#8061);
#678=PLANE('',#8062);
#679=PLANE('',#8063);
#680=PLANE('',#8064);
#681=PLANE('',#8065);
#682=PLANE('',#8070);
#683=PLANE('',#8071);
#684=PLANE('',#8072);
#685=PLANE('',#8073);
#686=PLANE('',#8078);
#687=PLANE('',#8079);
#688=PLANE('',#8080);
#689=PLANE('',#8081);
#690=PLANE('',#8082);
#691=PLANE('',#8083);
#692=PLANE('',#8086);
#693=PLANE('',#8088);
#694=PLANE('',#8091);
#695=PLANE('',#8093);
#696=PLANE('',#8096);
#697=PLANE('',#8101);
#698=PLANE('',#8104);
#699=PLANE('',#8107);
#700=PLANE('',#8108);
#701=PLANE('',#8109);
#702=PLANE('',#8111);
#703=PLANE('',#8113);
#704=PLANE('',#8114);
#705=PLANE('',#8117);
#706=PLANE('',#8118);
#707=PLANE('',#8120);
#708=PLANE('',#8122);
#709=PLANE('',#8124);
#710=PLANE('',#8125);
#711=PLANE('',#8126);
#712=PLANE('',#8128);
#713=PLANE('',#8130);
#714=PLANE('',#8131);
#715=PLANE('',#8134);
#716=PLANE('',#8137);
#717=PLANE('',#8138);
#718=FACE_OUTER_BOUND('',#1143,.T.);
#719=FACE_OUTER_BOUND('',#1144,.T.);
#720=FACE_OUTER_BOUND('',#1145,.T.);
#721=FACE_OUTER_BOUND('',#1146,.T.);
#722=FACE_OUTER_BOUND('',#1147,.T.);
#723=FACE_OUTER_BOUND('',#1148,.T.);
#724=FACE_OUTER_BOUND('',#1149,.T.);
#725=FACE_OUTER_BOUND('',#1150,.T.);
#726=FACE_OUTER_BOUND('',#1151,.T.);
#727=FACE_OUTER_BOUND('',#1152,.T.);
#728=FACE_OUTER_BOUND('',#1153,.T.);
#729=FACE_OUTER_BOUND('',#1154,.T.);
#730=FACE_OUTER_BOUND('',#1155,.T.);
#731=FACE_OUTER_BOUND('',#1156,.T.);
#732=FACE_OUTER_BOUND('',#1157,.T.);
#733=FACE_OUTER_BOUND('',#1158,.T.);
#734=FACE_OUTER_BOUND('',#1159,.T.);
#735=FACE_OUTER_BOUND('',#1160,.T.);
#736=FACE_OUTER_BOUND('',#1161,.T.);
#737=FACE_OUTER_BOUND('',#1162,.T.);
#738=FACE_OUTER_BOUND('',#1163,.T.);
#739=FACE_OUTER_BOUND('',#1164,.T.);
#740=FACE_OUTER_BOUND('',#1165,.T.);
#741=FACE_OUTER_BOUND('',#1166,.T.);
#742=FACE_OUTER_BOUND('',#1167,.T.);
#743=FACE_OUTER_BOUND('',#1168,.T.);
#744=FACE_OUTER_BOUND('',#1169,.T.);
#745=FACE_OUTER_BOUND('',#1170,.T.);
#746=FACE_OUTER_BOUND('',#1171,.T.);
#747=FACE_OUTER_BOUND('',#1172,.T.);
#748=FACE_OUTER_BOUND('',#1173,.T.);
#749=FACE_OUTER_BOUND('',#1174,.T.);
#750=FACE_OUTER_BOUND('',#1175,.T.);
#751=FACE_OUTER_BOUND('',#1176,.T.);
#752=FACE_OUTER_BOUND('',#1177,.T.);
#753=FACE_OUTER_BOUND('',#1178,.T.);
#754=FACE_OUTER_BOUND('',#1179,.T.);
#755=FACE_OUTER_BOUND('',#1180,.T.);
#756=FACE_OUTER_BOUND('',#1181,.T.);
#757=FACE_OUTER_BOUND('',#1182,.T.);
#758=FACE_OUTER_BOUND('',#1183,.T.);
#759=FACE_OUTER_BOUND('',#1184,.T.);
#760=FACE_OUTER_BOUND('',#1185,.T.);
#761=FACE_OUTER_BOUND('',#1186,.T.);
#762=FACE_OUTER_BOUND('',#1187,.T.);
#763=FACE_OUTER_BOUND('',#1188,.T.);
#764=FACE_OUTER_BOUND('',#1189,.T.);
#765=FACE_OUTER_BOUND('',#1190,.T.);
#766=FACE_OUTER_BOUND('',#1191,.T.);
#767=FACE_OUTER_BOUND('',#1192,.T.);
#768=FACE_OUTER_BOUND('',#1193,.T.);
#769=FACE_OUTER_BOUND('',#1194,.T.);
#770=FACE_OUTER_BOUND('',#1195,.T.);
#771=FACE_OUTER_BOUND('',#1196,.T.);
#772=FACE_OUTER_BOUND('',#1197,.T.);
#773=FACE_OUTER_BOUND('',#1198,.T.);
#774=FACE_OUTER_BOUND('',#1199,.T.);
#775=FACE_OUTER_BOUND('',#1200,.T.);
#776=FACE_OUTER_BOUND('',#1201,.T.);
#777=FACE_OUTER_BOUND('',#1202,.T.);
#778=FACE_OUTER_BOUND('',#1203,.T.);
#779=FACE_OUTER_BOUND('',#1204,.T.);
#780=FACE_OUTER_BOUND('',#1205,.T.);
#781=FACE_OUTER_BOUND('',#1206,.T.);
#782=FACE_OUTER_BOUND('',#1207,.T.);
#783=FACE_OUTER_BOUND('',#1208,.T.);
#784=FACE_OUTER_BOUND('',#1209,.T.);
#785=FACE_OUTER_BOUND('',#1210,.T.);
#786=FACE_OUTER_BOUND('',#1211,.T.);
#787=FACE_OUTER_BOUND('',#1212,.T.);
#788=FACE_OUTER_BOUND('',#1214,.T.);
#789=FACE_OUTER_BOUND('',#1216,.T.);
#790=FACE_OUTER_BOUND('',#1217,.T.);
#791=FACE_OUTER_BOUND('',#1218,.T.);
#792=FACE_OUTER_BOUND('',#1219,.T.);
#793=FACE_OUTER_BOUND('',#1220,.T.);
#794=FACE_OUTER_BOUND('',#1221,.T.);
#795=FACE_OUTER_BOUND('',#1222,.T.);
#796=FACE_OUTER_BOUND('',#1223,.T.);
#797=FACE_OUTER_BOUND('',#1224,.T.);
#798=FACE_OUTER_BOUND('',#1225,.T.);
#799=FACE_OUTER_BOUND('',#1227,.T.);
#800=FACE_OUTER_BOUND('',#1229,.T.);
#801=FACE_OUTER_BOUND('',#1230,.T.);
#802=FACE_OUTER_BOUND('',#1231,.T.);
#803=FACE_OUTER_BOUND('',#1232,.T.);
#804=FACE_OUTER_BOUND('',#1233,.T.);
#805=FACE_OUTER_BOUND('',#1234,.T.);
#806=FACE_OUTER_BOUND('',#1235,.T.);
#807=FACE_OUTER_BOUND('',#1236,.T.);
#808=FACE_OUTER_BOUND('',#1237,.T.);
#809=FACE_OUTER_BOUND('',#1238,.T.);
#810=FACE_OUTER_BOUND('',#1239,.T.);
#811=FACE_OUTER_BOUND('',#1240,.T.);
#812=FACE_OUTER_BOUND('',#1241,.T.);
#813=FACE_OUTER_BOUND('',#1242,.T.);
#814=FACE_OUTER_BOUND('',#1243,.T.);
#815=FACE_OUTER_BOUND('',#1244,.T.);
#816=FACE_OUTER_BOUND('',#1245,.T.);
#817=FACE_OUTER_BOUND('',#1246,.T.);
#818=FACE_OUTER_BOUND('',#1247,.T.);
#819=FACE_OUTER_BOUND('',#1248,.T.);
#820=FACE_OUTER_BOUND('',#1249,.T.);
#821=FACE_OUTER_BOUND('',#1250,.T.);
#822=FACE_OUTER_BOUND('',#1251,.T.);
#823=FACE_OUTER_BOUND('',#1252,.T.);
#824=FACE_OUTER_BOUND('',#1253,.T.);
#825=FACE_OUTER_BOUND('',#1254,.T.);
#826=FACE_OUTER_BOUND('',#1255,.T.);
#827=FACE_OUTER_BOUND('',#1256,.T.);
#828=FACE_OUTER_BOUND('',#1257,.T.);
#829=FACE_OUTER_BOUND('',#1259,.T.);
#830=FACE_OUTER_BOUND('',#1261,.T.);
#831=FACE_OUTER_BOUND('',#1262,.T.);
#832=FACE_OUTER_BOUND('',#1263,.T.);
#833=FACE_OUTER_BOUND('',#1264,.T.);
#834=FACE_OUTER_BOUND('',#1265,.T.);
#835=FACE_OUTER_BOUND('',#1266,.T.);
#836=FACE_OUTER_BOUND('',#1267,.T.);
#837=FACE_OUTER_BOUND('',#1268,.T.);
#838=FACE_OUTER_BOUND('',#1269,.T.);
#839=FACE_OUTER_BOUND('',#1270,.T.);
#840=FACE_OUTER_BOUND('',#1271,.T.);
#841=FACE_OUTER_BOUND('',#1272,.T.);
#842=FACE_OUTER_BOUND('',#1274,.T.);
#843=FACE_OUTER_BOUND('',#1276,.T.);
#844=FACE_OUTER_BOUND('',#1277,.T.);
#845=FACE_OUTER_BOUND('',#1278,.T.);
#846=FACE_OUTER_BOUND('',#1279,.T.);
#847=FACE_OUTER_BOUND('',#1280,.T.);
#848=FACE_OUTER_BOUND('',#1281,.T.);
#849=FACE_OUTER_BOUND('',#1282,.T.);
#850=FACE_OUTER_BOUND('',#1283,.T.);
#851=FACE_OUTER_BOUND('',#1284,.T.);
#852=FACE_OUTER_BOUND('',#1285,.T.);
#853=FACE_OUTER_BOUND('',#1286,.T.);
#854=FACE_OUTER_BOUND('',#1287,.T.);
#855=FACE_OUTER_BOUND('',#1288,.T.);
#856=FACE_OUTER_BOUND('',#1289,.T.);
#857=FACE_OUTER_BOUND('',#1290,.T.);
#858=FACE_OUTER_BOUND('',#1291,.T.);
#859=FACE_OUTER_BOUND('',#1292,.T.);
#860=FACE_OUTER_BOUND('',#1293,.T.);
#861=FACE_OUTER_BOUND('',#1294,.T.);
#862=FACE_OUTER_BOUND('',#1295,.T.);
#863=FACE_OUTER_BOUND('',#1296,.T.);
#864=FACE_OUTER_BOUND('',#1297,.T.);
#865=FACE_OUTER_BOUND('',#1298,.T.);
#866=FACE_OUTER_BOUND('',#1299,.T.);
#867=FACE_OUTER_BOUND('',#1300,.T.);
#868=FACE_OUTER_BOUND('',#1301,.T.);
#869=FACE_OUTER_BOUND('',#1302,.T.);
#870=FACE_OUTER_BOUND('',#1303,.T.);
#871=FACE_OUTER_BOUND('',#1304,.T.);
#872=FACE_OUTER_BOUND('',#1305,.T.);
#873=FACE_OUTER_BOUND('',#1306,.T.);
#874=FACE_OUTER_BOUND('',#1307,.T.);
#875=FACE_OUTER_BOUND('',#1308,.T.);
#876=FACE_OUTER_BOUND('',#1309,.T.);
#877=FACE_OUTER_BOUND('',#1310,.T.);
#878=FACE_OUTER_BOUND('',#1312,.T.);
#879=FACE_OUTER_BOUND('',#1314,.T.);
#880=FACE_OUTER_BOUND('',#1315,.T.);
#881=FACE_OUTER_BOUND('',#1316,.T.);
#882=FACE_OUTER_BOUND('',#1317,.T.);
#883=FACE_OUTER_BOUND('',#1318,.T.);
#884=FACE_OUTER_BOUND('',#1319,.T.);
#885=FACE_OUTER_BOUND('',#1320,.T.);
#886=FACE_OUTER_BOUND('',#1321,.T.);
#887=FACE_OUTER_BOUND('',#1322,.T.);
#888=FACE_OUTER_BOUND('',#1323,.T.);
#889=FACE_OUTER_BOUND('',#1324,.T.);
#890=FACE_OUTER_BOUND('',#1325,.T.);
#891=FACE_OUTER_BOUND('',#1326,.T.);
#892=FACE_OUTER_BOUND('',#1327,.T.);
#893=FACE_OUTER_BOUND('',#1328,.T.);
#894=FACE_OUTER_BOUND('',#1329,.T.);
#895=FACE_OUTER_BOUND('',#1330,.T.);
#896=FACE_OUTER_BOUND('',#1331,.T.);
#897=FACE_OUTER_BOUND('',#1332,.T.);
#898=FACE_OUTER_BOUND('',#1333,.T.);
#899=FACE_OUTER_BOUND('',#1334,.T.);
#900=FACE_OUTER_BOUND('',#1335,.T.);
#901=FACE_OUTER_BOUND('',#1336,.T.);
#902=FACE_OUTER_BOUND('',#1337,.T.);
#903=FACE_OUTER_BOUND('',#1338,.T.);
#904=FACE_OUTER_BOUND('',#1339,.T.);
#905=FACE_OUTER_BOUND('',#1340,.T.);
#906=FACE_OUTER_BOUND('',#1341,.T.);
#907=FACE_OUTER_BOUND('',#1342,.T.);
#908=FACE_OUTER_BOUND('',#1344,.T.);
#909=FACE_OUTER_BOUND('',#1346,.T.);
#910=FACE_OUTER_BOUND('',#1347,.T.);
#911=FACE_OUTER_BOUND('',#1348,.T.);
#912=FACE_OUTER_BOUND('',#1349,.T.);
#913=FACE_OUTER_BOUND('',#1350,.T.);
#914=FACE_OUTER_BOUND('',#1351,.T.);
#915=FACE_OUTER_BOUND('',#1352,.T.);
#916=FACE_OUTER_BOUND('',#1353,.T.);
#917=FACE_OUTER_BOUND('',#1354,.T.);
#918=FACE_OUTER_BOUND('',#1355,.T.);
#919=FACE_OUTER_BOUND('',#1356,.T.);
#920=FACE_OUTER_BOUND('',#1357,.T.);
#921=FACE_OUTER_BOUND('',#1358,.T.);
#922=FACE_OUTER_BOUND('',#1359,.T.);
#923=FACE_OUTER_BOUND('',#1360,.T.);
#924=FACE_OUTER_BOUND('',#1361,.T.);
#925=FACE_OUTER_BOUND('',#1362,.T.);
#926=FACE_OUTER_BOUND('',#1363,.T.);
#927=FACE_OUTER_BOUND('',#1364,.T.);
#928=FACE_OUTER_BOUND('',#1365,.T.);
#929=FACE_OUTER_BOUND('',#1366,.T.);
#930=FACE_OUTER_BOUND('',#1367,.T.);
#931=FACE_OUTER_BOUND('',#1368,.T.);
#932=FACE_OUTER_BOUND('',#1369,.T.);
#933=FACE_OUTER_BOUND('',#1370,.T.);
#934=FACE_OUTER_BOUND('',#1372,.T.);
#935=FACE_OUTER_BOUND('',#1374,.T.);
#936=FACE_OUTER_BOUND('',#1375,.T.);
#937=FACE_OUTER_BOUND('',#1376,.T.);
#938=FACE_OUTER_BOUND('',#1377,.T.);
#939=FACE_OUTER_BOUND('',#1378,.T.);
#940=FACE_OUTER_BOUND('',#1379,.T.);
#941=FACE_OUTER_BOUND('',#1380,.T.);
#942=FACE_OUTER_BOUND('',#1381,.T.);
#943=FACE_OUTER_BOUND('',#1382,.T.);
#944=FACE_OUTER_BOUND('',#1383,.T.);
#945=FACE_OUTER_BOUND('',#1384,.T.);
#946=FACE_OUTER_BOUND('',#1385,.T.);
#947=FACE_OUTER_BOUND('',#1386,.T.);
#948=FACE_OUTER_BOUND('',#1387,.T.);
#949=FACE_OUTER_BOUND('',#1388,.T.);
#950=FACE_OUTER_BOUND('',#1389,.T.);
#951=FACE_OUTER_BOUND('',#1390,.T.);
#952=FACE_OUTER_BOUND('',#1391,.T.);
#953=FACE_OUTER_BOUND('',#1392,.T.);
#954=FACE_OUTER_BOUND('',#1393,.T.);
#955=FACE_OUTER_BOUND('',#1394,.T.);
#956=FACE_OUTER_BOUND('',#1395,.T.);
#957=FACE_OUTER_BOUND('',#1396,.T.);
#958=FACE_OUTER_BOUND('',#1397,.T.);
#959=FACE_OUTER_BOUND('',#1398,.T.);
#960=FACE_OUTER_BOUND('',#1399,.T.);
#961=FACE_OUTER_BOUND('',#1400,.T.);
#962=FACE_OUTER_BOUND('',#1401,.T.);
#963=FACE_OUTER_BOUND('',#1402,.T.);
#964=FACE_OUTER_BOUND('',#1403,.T.);
#965=FACE_OUTER_BOUND('',#1404,.T.);
#966=FACE_OUTER_BOUND('',#1405,.T.);
#967=FACE_OUTER_BOUND('',#1406,.T.);
#968=FACE_OUTER_BOUND('',#1407,.T.);
#969=FACE_OUTER_BOUND('',#1408,.T.);
#970=FACE_OUTER_BOUND('',#1409,.T.);
#971=FACE_OUTER_BOUND('',#1410,.T.);
#972=FACE_OUTER_BOUND('',#1411,.T.);
#973=FACE_OUTER_BOUND('',#1412,.T.);
#974=FACE_OUTER_BOUND('',#1413,.T.);
#975=FACE_OUTER_BOUND('',#1414,.T.);
#976=FACE_OUTER_BOUND('',#1415,.T.);
#977=FACE_OUTER_BOUND('',#1416,.T.);
#978=FACE_OUTER_BOUND('',#1417,.T.);
#979=FACE_OUTER_BOUND('',#1418,.T.);
#980=FACE_OUTER_BOUND('',#1419,.T.);
#981=FACE_OUTER_BOUND('',#1420,.T.);
#982=FACE_OUTER_BOUND('',#1421,.T.);
#983=FACE_OUTER_BOUND('',#1422,.T.);
#984=FACE_OUTER_BOUND('',#1423,.T.);
#985=FACE_OUTER_BOUND('',#1424,.T.);
#986=FACE_OUTER_BOUND('',#1425,.T.);
#987=FACE_OUTER_BOUND('',#1426,.T.);
#988=FACE_OUTER_BOUND('',#1427,.T.);
#989=FACE_OUTER_BOUND('',#1428,.T.);
#990=FACE_OUTER_BOUND('',#1433,.T.);
#991=FACE_OUTER_BOUND('',#1434,.T.);
#992=FACE_OUTER_BOUND('',#1435,.T.);
#993=FACE_OUTER_BOUND('',#1436,.T.);
#994=FACE_OUTER_BOUND('',#1439,.T.);
#995=FACE_OUTER_BOUND('',#1440,.T.);
#996=FACE_OUTER_BOUND('',#1441,.T.);
#997=FACE_OUTER_BOUND('',#1442,.T.);
#998=FACE_OUTER_BOUND('',#1443,.T.);
#999=FACE_OUTER_BOUND('',#1444,.T.);
#1000=FACE_OUTER_BOUND('',#1445,.T.);
#1001=FACE_OUTER_BOUND('',#1446,.T.);
#1002=FACE_OUTER_BOUND('',#1447,.T.);
#1003=FACE_OUTER_BOUND('',#1448,.T.);
#1004=FACE_OUTER_BOUND('',#1449,.T.);
#1005=FACE_OUTER_BOUND('',#1450,.T.);
#1006=FACE_OUTER_BOUND('',#1451,.T.);
#1007=FACE_OUTER_BOUND('',#1452,.T.);
#1008=FACE_OUTER_BOUND('',#1453,.T.);
#1009=FACE_OUTER_BOUND('',#1454,.T.);
#1010=FACE_OUTER_BOUND('',#1455,.T.);
#1011=FACE_OUTER_BOUND('',#1456,.T.);
#1012=FACE_OUTER_BOUND('',#1457,.T.);
#1013=FACE_OUTER_BOUND('',#1458,.T.);
#1014=FACE_OUTER_BOUND('',#1459,.T.);
#1015=FACE_OUTER_BOUND('',#1460,.T.);
#1016=FACE_OUTER_BOUND('',#1461,.T.);
#1017=FACE_OUTER_BOUND('',#1462,.T.);
#1018=FACE_OUTER_BOUND('',#1463,.T.);
#1019=FACE_OUTER_BOUND('',#1464,.T.);
#1020=FACE_OUTER_BOUND('',#1465,.T.);
#1021=FACE_OUTER_BOUND('',#1466,.T.);
#1022=FACE_OUTER_BOUND('',#1467,.T.);
#1023=FACE_OUTER_BOUND('',#1468,.T.);
#1024=FACE_OUTER_BOUND('',#1469,.T.);
#1025=FACE_OUTER_BOUND('',#1470,.T.);
#1026=FACE_OUTER_BOUND('',#1471,.T.);
#1027=FACE_OUTER_BOUND('',#1472,.T.);
#1028=FACE_OUTER_BOUND('',#1473,.T.);
#1029=FACE_OUTER_BOUND('',#1474,.T.);
#1030=FACE_OUTER_BOUND('',#1475,.T.);
#1031=FACE_OUTER_BOUND('',#1476,.T.);
#1032=FACE_OUTER_BOUND('',#1477,.T.);
#1033=FACE_OUTER_BOUND('',#1478,.T.);
#1034=FACE_OUTER_BOUND('',#1479,.T.);
#1035=FACE_OUTER_BOUND('',#1480,.T.);
#1036=FACE_OUTER_BOUND('',#1481,.T.);
#1037=FACE_OUTER_BOUND('',#1482,.T.);
#1038=FACE_OUTER_BOUND('',#1483,.T.);
#1039=FACE_OUTER_BOUND('',#1484,.T.);
#1040=FACE_OUTER_BOUND('',#1485,.T.);
#1041=FACE_OUTER_BOUND('',#1486,.T.);
#1042=FACE_OUTER_BOUND('',#1487,.T.);
#1043=FACE_OUTER_BOUND('',#1488,.T.);
#1044=FACE_OUTER_BOUND('',#1489,.T.);
#1045=FACE_OUTER_BOUND('',#1490,.T.);
#1046=FACE_OUTER_BOUND('',#1491,.T.);
#1047=FACE_OUTER_BOUND('',#1492,.T.);
#1048=FACE_OUTER_BOUND('',#1493,.T.);
#1049=FACE_OUTER_BOUND('',#1494,.T.);
#1050=FACE_OUTER_BOUND('',#1495,.T.);
#1051=FACE_OUTER_BOUND('',#1496,.T.);
#1052=FACE_OUTER_BOUND('',#1497,.T.);
#1053=FACE_OUTER_BOUND('',#1498,.T.);
#1054=FACE_OUTER_BOUND('',#1499,.T.);
#1055=FACE_OUTER_BOUND('',#1500,.T.);
#1056=FACE_OUTER_BOUND('',#1501,.T.);
#1057=FACE_OUTER_BOUND('',#1502,.T.);
#1058=FACE_OUTER_BOUND('',#1503,.T.);
#1059=FACE_OUTER_BOUND('',#1504,.T.);
#1060=FACE_OUTER_BOUND('',#1505,.T.);
#1061=FACE_OUTER_BOUND('',#1506,.T.);
#1062=FACE_OUTER_BOUND('',#1507,.T.);
#1063=FACE_OUTER_BOUND('',#1510,.T.);
#1064=FACE_OUTER_BOUND('',#1511,.T.);
#1065=FACE_OUTER_BOUND('',#1512,.T.);
#1066=FACE_OUTER_BOUND('',#1513,.T.);
#1067=FACE_OUTER_BOUND('',#1514,.T.);
#1068=FACE_OUTER_BOUND('',#1515,.T.);
#1069=FACE_OUTER_BOUND('',#1516,.T.);
#1070=FACE_OUTER_BOUND('',#1517,.T.);
#1071=FACE_OUTER_BOUND('',#1518,.T.);
#1072=FACE_OUTER_BOUND('',#1519,.T.);
#1073=FACE_OUTER_BOUND('',#1520,.T.);
#1074=FACE_OUTER_BOUND('',#1521,.T.);
#1075=FACE_OUTER_BOUND('',#1522,.T.);
#1076=FACE_OUTER_BOUND('',#1523,.T.);
#1077=FACE_OUTER_BOUND('',#1524,.T.);
#1078=FACE_OUTER_BOUND('',#1525,.T.);
#1079=FACE_OUTER_BOUND('',#1526,.T.);
#1080=FACE_OUTER_BOUND('',#1527,.T.);
#1081=FACE_OUTER_BOUND('',#1528,.T.);
#1082=FACE_OUTER_BOUND('',#1529,.T.);
#1083=FACE_OUTER_BOUND('',#1530,.T.);
#1084=FACE_OUTER_BOUND('',#1531,.T.);
#1085=FACE_OUTER_BOUND('',#1532,.T.);
#1086=FACE_OUTER_BOUND('',#1533,.T.);
#1087=FACE_OUTER_BOUND('',#1534,.T.);
#1088=FACE_OUTER_BOUND('',#1535,.T.);
#1089=FACE_OUTER_BOUND('',#1536,.T.);
#1090=FACE_OUTER_BOUND('',#1537,.T.);
#1091=FACE_OUTER_BOUND('',#1538,.T.);
#1092=FACE_OUTER_BOUND('',#1539,.T.);
#1093=FACE_OUTER_BOUND('',#1540,.T.);
#1094=FACE_OUTER_BOUND('',#1541,.T.);
#1095=FACE_OUTER_BOUND('',#1542,.T.);
#1096=FACE_OUTER_BOUND('',#1543,.T.);
#1097=FACE_OUTER_BOUND('',#1544,.T.);
#1098=FACE_OUTER_BOUND('',#1545,.T.);
#1099=FACE_OUTER_BOUND('',#1546,.T.);
#1100=FACE_OUTER_BOUND('',#1547,.T.);
#1101=FACE_OUTER_BOUND('',#1548,.T.);
#1102=FACE_OUTER_BOUND('',#1549,.T.);
#1103=FACE_OUTER_BOUND('',#1550,.T.);
#1104=FACE_OUTER_BOUND('',#1551,.T.);
#1105=FACE_OUTER_BOUND('',#1552,.T.);
#1106=FACE_OUTER_BOUND('',#1553,.T.);
#1107=FACE_OUTER_BOUND('',#1554,.T.);
#1108=FACE_OUTER_BOUND('',#1555,.T.);
#1109=FACE_OUTER_BOUND('',#1556,.T.);
#1110=FACE_OUTER_BOUND('',#1557,.T.);
#1111=FACE_OUTER_BOUND('',#1558,.T.);
#1112=FACE_OUTER_BOUND('',#1559,.T.);
#1113=FACE_OUTER_BOUND('',#1560,.T.);
#1114=FACE_OUTER_BOUND('',#1561,.T.);
#1115=FACE_OUTER_BOUND('',#1562,.T.);
#1116=FACE_OUTER_BOUND('',#1563,.T.);
#1117=FACE_OUTER_BOUND('',#1564,.T.);
#1118=FACE_OUTER_BOUND('',#1565,.T.);
#1119=FACE_OUTER_BOUND('',#1566,.T.);
#1120=FACE_OUTER_BOUND('',#1567,.T.);
#1121=FACE_OUTER_BOUND('',#1568,.T.);
#1122=FACE_OUTER_BOUND('',#1569,.T.);
#1123=FACE_OUTER_BOUND('',#1570,.T.);
#1124=FACE_OUTER_BOUND('',#1571,.T.);
#1125=FACE_OUTER_BOUND('',#1572,.T.);
#1126=FACE_OUTER_BOUND('',#1573,.T.);
#1127=FACE_OUTER_BOUND('',#1574,.T.);
#1128=FACE_OUTER_BOUND('',#1575,.T.);
#1129=FACE_OUTER_BOUND('',#1576,.T.);
#1130=FACE_OUTER_BOUND('',#1577,.T.);
#1131=FACE_OUTER_BOUND('',#1578,.T.);
#1132=FACE_OUTER_BOUND('',#1579,.T.);
#1133=FACE_OUTER_BOUND('',#1580,.T.);
#1134=FACE_OUTER_BOUND('',#1581,.T.);
#1135=FACE_OUTER_BOUND('',#1582,.T.);
#1136=FACE_OUTER_BOUND('',#1583,.T.);
#1137=FACE_OUTER_BOUND('',#1584,.T.);
#1138=FACE_OUTER_BOUND('',#1585,.T.);
#1139=FACE_OUTER_BOUND('',#1586,.T.);
#1140=FACE_OUTER_BOUND('',#1587,.T.);
#1141=FACE_OUTER_BOUND('',#1588,.T.);
#1142=FACE_OUTER_BOUND('',#1589,.T.);
#1143=EDGE_LOOP('',(#4943,#4944,#4945,#4946));
#1144=EDGE_LOOP('',(#4947,#4948,#4949,#4950));
#1145=EDGE_LOOP('',(#4951,#4952,#4953,#4954));
#1146=EDGE_LOOP('',(#4955,#4956,#4957,#4958));
#1147=EDGE_LOOP('',(#4959,#4960,#4961,#4962));
#1148=EDGE_LOOP('',(#4963,#4964,#4965,#4966,#4967));
#1149=EDGE_LOOP('',(#4968,#4969,#4970,#4971,#4972));
#1150=EDGE_LOOP('',(#4973,#4974,#4975,#4976));
#1151=EDGE_LOOP('',(#4977,#4978,#4979,#4980));
#1152=EDGE_LOOP('',(#4981,#4982,#4983,#4984));
#1153=EDGE_LOOP('',(#4985,#4986,#4987,#4988));
#1154=EDGE_LOOP('',(#4989,#4990,#4991,#4992));
#1155=EDGE_LOOP('',(#4993,#4994,#4995,#4996,#4997));
#1156=EDGE_LOOP('',(#4998,#4999,#5000,#5001,#5002));
#1157=EDGE_LOOP('',(#5003,#5004,#5005,#5006));
#1158=EDGE_LOOP('',(#5007,#5008,#5009,#5010));
#1159=EDGE_LOOP('',(#5011,#5012,#5013,#5014));
#1160=EDGE_LOOP('',(#5015,#5016,#5017));
#1161=EDGE_LOOP('',(#5018,#5019,#5020));
#1162=EDGE_LOOP('',(#5021,#5022,#5023,#5024));
#1163=EDGE_LOOP('',(#5025,#5026,#5027,#5028));
#1164=EDGE_LOOP('',(#5029,#5030,#5031,#5032));
#1165=EDGE_LOOP('',(#5033,#5034,#5035,#5036));
#1166=EDGE_LOOP('',(#5037,#5038,#5039,#5040));
#1167=EDGE_LOOP('',(#5041,#5042,#5043,#5044,#5045));
#1168=EDGE_LOOP('',(#5046,#5047,#5048,#5049,#5050));
#1169=EDGE_LOOP('',(#5051,#5052,#5053,#5054));
#1170=EDGE_LOOP('',(#5055,#5056,#5057,#5058));
#1171=EDGE_LOOP('',(#5059,#5060,#5061,#5062));
#1172=EDGE_LOOP('',(#5063,#5064,#5065,#5066));
#1173=EDGE_LOOP('',(#5067,#5068,#5069,#5070));
#1174=EDGE_LOOP('',(#5071,#5072,#5073,#5074));
#1175=EDGE_LOOP('',(#5075,#5076,#5077,#5078));
#1176=EDGE_LOOP('',(#5079,#5080,#5081,#5082));
#1177=EDGE_LOOP('',(#5083,#5084,#5085,#5086));
#1178=EDGE_LOOP('',(#5087,#5088,#5089));
#1179=EDGE_LOOP('',(#5090,#5091,#5092));
#1180=EDGE_LOOP('',(#5093,#5094,#5095,#5096));
#1181=EDGE_LOOP('',(#5097,#5098,#5099,#5100));
#1182=EDGE_LOOP('',(#5101,#5102,#5103,#5104));
#1183=EDGE_LOOP('',(#5105,#5106,#5107,#5108));
#1184=EDGE_LOOP('',(#5109,#5110,#5111,#5112));
#1185=EDGE_LOOP('',(#5113,#5114,#5115,#5116));
#1186=EDGE_LOOP('',(#5117,#5118,#5119,#5120));
#1187=EDGE_LOOP('',(#5121,#5122,#5123,#5124));
#1188=EDGE_LOOP('',(#5125,#5126,#5127,#5128));
#1189=EDGE_LOOP('',(#5129,#5130,#5131,#5132));
#1190=EDGE_LOOP('',(#5133,#5134,#5135,#5136));
#1191=EDGE_LOOP('',(#5137,#5138,#5139,#5140));
#1192=EDGE_LOOP('',(#5141,#5142,#5143,#5144));
#1193=EDGE_LOOP('',(#5145,#5146,#5147,#5148));
#1194=EDGE_LOOP('',(#5149,#5150,#5151,#5152));
#1195=EDGE_LOOP('',(#5153,#5154,#5155,#5156));
#1196=EDGE_LOOP('',(#5157,#5158,#5159,#5160));
#1197=EDGE_LOOP('',(#5161,#5162,#5163,#5164));
#1198=EDGE_LOOP('',(#5165,#5166,#5167,#5168));
#1199=EDGE_LOOP('',(#5169,#5170,#5171,#5172));
#1200=EDGE_LOOP('',(#5173,#5174,#5175,#5176));
#1201=EDGE_LOOP('',(#5177,#5178,#5179,#5180));
#1202=EDGE_LOOP('',(#5181,#5182,#5183,#5184));
#1203=EDGE_LOOP('',(#5185,#5186,#5187,#5188));
#1204=EDGE_LOOP('',(#5189,#5190,#5191,#5192));
#1205=EDGE_LOOP('',(#5193,#5194,#5195,#5196));
#1206=EDGE_LOOP('',(#5197,#5198,#5199,#5200));
#1207=EDGE_LOOP('',(#5201,#5202,#5203,#5204));
#1208=EDGE_LOOP('',(#5205,#5206,#5207,#5208));
#1209=EDGE_LOOP('',(#5209,#5210,#5211,#5212));
#1210=EDGE_LOOP('',(#5213,#5214,#5215,#5216));
#1211=EDGE_LOOP('',(#5217,#5218,#5219,#5220));
#1212=EDGE_LOOP('',(#5221,#5222,#5223,#5224,#5225,#5226,#5227,#5228,#5229,
#5230,#5231,#5232,#5233,#5234,#5235,#5236,#5237,#5238,#5239,#5240,#5241,
#5242));
#1213=EDGE_LOOP('',(#5243,#5244,#5245,#5246,#5247,#5248,#5249,#5250,#5251,
#5252));
#1214=EDGE_LOOP('',(#5253,#5254,#5255,#5256,#5257,#5258,#5259,#5260,#5261,
#5262,#5263,#5264,#5265,#5266,#5267,#5268,#5269,#5270,#5271,#5272,#5273,
#5274));
#1215=EDGE_LOOP('',(#5275,#5276,#5277,#5278,#5279,#5280,#5281,#5282,#5283,
#5284));
#1216=EDGE_LOOP('',(#5285,#5286,#5287,#5288));
#1217=EDGE_LOOP('',(#5289,#5290,#5291,#5292));
#1218=EDGE_LOOP('',(#5293,#5294,#5295,#5296));
#1219=EDGE_LOOP('',(#5297,#5298,#5299,#5300));
#1220=EDGE_LOOP('',(#5301,#5302,#5303,#5304));
#1221=EDGE_LOOP('',(#5305,#5306,#5307,#5308));
#1222=EDGE_LOOP('',(#5309,#5310,#5311,#5312));
#1223=EDGE_LOOP('',(#5313,#5314,#5315,#5316));
#1224=EDGE_LOOP('',(#5317,#5318,#5319,#5320));
#1225=EDGE_LOOP('',(#5321,#5322,#5323,#5324,#5325));
#1226=EDGE_LOOP('',(#5326,#5327,#5328,#5329));
#1227=EDGE_LOOP('',(#5330,#5331,#5332,#5333,#5334));
#1228=EDGE_LOOP('',(#5335,#5336,#5337,#5338));
#1229=EDGE_LOOP('',(#5339,#5340,#5341,#5342));
#1230=EDGE_LOOP('',(#5343,#5344,#5345,#5346));
#1231=EDGE_LOOP('',(#5347,#5348,#5349,#5350));
#1232=EDGE_LOOP('',(#5351,#5352,#5353,#5354));
#1233=EDGE_LOOP('',(#5355,#5356,#5357,#5358));
#1234=EDGE_LOOP('',(#5359,#5360,#5361,#5362));
#1235=EDGE_LOOP('',(#5363,#5364,#5365,#5366));
#1236=EDGE_LOOP('',(#5367,#5368,#5369,#5370));
#1237=EDGE_LOOP('',(#5371,#5372,#5373,#5374));
#1238=EDGE_LOOP('',(#5375,#5376,#5377,#5378));
#1239=EDGE_LOOP('',(#5379,#5380,#5381,#5382));
#1240=EDGE_LOOP('',(#5383,#5384,#5385,#5386));
#1241=EDGE_LOOP('',(#5387,#5388,#5389,#5390));
#1242=EDGE_LOOP('',(#5391,#5392,#5393,#5394));
#1243=EDGE_LOOP('',(#5395,#5396,#5397,#5398));
#1244=EDGE_LOOP('',(#5399,#5400,#5401,#5402));
#1245=EDGE_LOOP('',(#5403,#5404,#5405,#5406));
#1246=EDGE_LOOP('',(#5407,#5408,#5409,#5410));
#1247=EDGE_LOOP('',(#5411,#5412,#5413,#5414));
#1248=EDGE_LOOP('',(#5415,#5416,#5417,#5418));
#1249=EDGE_LOOP('',(#5419,#5420,#5421,#5422));
#1250=EDGE_LOOP('',(#5423,#5424,#5425,#5426));
#1251=EDGE_LOOP('',(#5427,#5428,#5429,#5430));
#1252=EDGE_LOOP('',(#5431,#5432,#5433,#5434));
#1253=EDGE_LOOP('',(#5435,#5436,#5437,#5438));
#1254=EDGE_LOOP('',(#5439,#5440,#5441,#5442));
#1255=EDGE_LOOP('',(#5443,#5444,#5445,#5446));
#1256=EDGE_LOOP('',(#5447,#5448,#5449,#5450));
#1257=EDGE_LOOP('',(#5451,#5452,#5453,#5454,#5455,#5456,#5457,#5458,#5459,
#5460,#5461,#5462,#5463,#5464,#5465,#5466,#5467,#5468));
#1258=EDGE_LOOP('',(#5469,#5470,#5471,#5472,#5473,#5474,#5475,#5476,#5477,
#5478));
#1259=EDGE_LOOP('',(#5479,#5480,#5481,#5482,#5483,#5484,#5485,#5486,#5487,
#5488,#5489,#5490,#5491,#5492,#5493,#5494,#5495,#5496));
#1260=EDGE_LOOP('',(#5497,#5498,#5499,#5500,#5501,#5502,#5503,#5504,#5505,
#5506));
#1261=EDGE_LOOP('',(#5507,#5508,#5509,#5510));
#1262=EDGE_LOOP('',(#5511,#5512,#5513,#5514));
#1263=EDGE_LOOP('',(#5515,#5516,#5517,#5518));
#1264=EDGE_LOOP('',(#5519,#5520,#5521,#5522));
#1265=EDGE_LOOP('',(#5523,#5524,#5525,#5526));
#1266=EDGE_LOOP('',(#5527,#5528,#5529,#5530));
#1267=EDGE_LOOP('',(#5531,#5532,#5533,#5534));
#1268=EDGE_LOOP('',(#5535,#5536,#5537,#5538));
#1269=EDGE_LOOP('',(#5539,#5540,#5541,#5542));
#1270=EDGE_LOOP('',(#5543,#5544,#5545,#5546));
#1271=EDGE_LOOP('',(#5547,#5548,#5549,#5550));
#1272=EDGE_LOOP('',(#5551,#5552,#5553,#5554,#5555,#5556,#5557));
#1273=EDGE_LOOP('',(#5558,#5559,#5560,#5561));
#1274=EDGE_LOOP('',(#5562,#5563,#5564,#5565,#5566,#5567,#5568));
#1275=EDGE_LOOP('',(#5569,#5570,#5571,#5572));
#1276=EDGE_LOOP('',(#5573,#5574,#5575,#5576));
#1277=EDGE_LOOP('',(#5577,#5578,#5579,#5580));
#1278=EDGE_LOOP('',(#5581,#5582,#5583,#5584));
#1279=EDGE_LOOP('',(#5585,#5586,#5587,#5588));
#1280=EDGE_LOOP('',(#5589,#5590,#5591,#5592));
#1281=EDGE_LOOP('',(#5593,#5594,#5595,#5596));
#1282=EDGE_LOOP('',(#5597,#5598,#5599,#5600));
#1283=EDGE_LOOP('',(#5601,#5602,#5603,#5604));
#1284=EDGE_LOOP('',(#5605,#5606,#5607,#5608));
#1285=EDGE_LOOP('',(#5609,#5610,#5611,#5612));
#1286=EDGE_LOOP('',(#5613,#5614,#5615,#5616));
#1287=EDGE_LOOP('',(#5617,#5618,#5619,#5620));
#1288=EDGE_LOOP('',(#5621,#5622,#5623,#5624));
#1289=EDGE_LOOP('',(#5625,#5626,#5627,#5628));
#1290=EDGE_LOOP('',(#5629,#5630,#5631,#5632));
#1291=EDGE_LOOP('',(#5633,#5634,#5635,#5636));
#1292=EDGE_LOOP('',(#5637,#5638,#5639,#5640));
#1293=EDGE_LOOP('',(#5641,#5642,#5643,#5644));
#1294=EDGE_LOOP('',(#5645,#5646,#5647,#5648));
#1295=EDGE_LOOP('',(#5649,#5650,#5651,#5652));
#1296=EDGE_LOOP('',(#5653,#5654,#5655,#5656));
#1297=EDGE_LOOP('',(#5657,#5658,#5659,#5660));
#1298=EDGE_LOOP('',(#5661,#5662,#5663,#5664));
#1299=EDGE_LOOP('',(#5665,#5666,#5667,#5668));
#1300=EDGE_LOOP('',(#5669,#5670,#5671,#5672));
#1301=EDGE_LOOP('',(#5673,#5674,#5675,#5676));
#1302=EDGE_LOOP('',(#5677,#5678,#5679,#5680));
#1303=EDGE_LOOP('',(#5681,#5682,#5683,#5684));
#1304=EDGE_LOOP('',(#5685,#5686,#5687,#5688));
#1305=EDGE_LOOP('',(#5689,#5690,#5691,#5692));
#1306=EDGE_LOOP('',(#5693,#5694,#5695,#5696));
#1307=EDGE_LOOP('',(#5697,#5698,#5699,#5700));
#1308=EDGE_LOOP('',(#5701,#5702,#5703,#5704));
#1309=EDGE_LOOP('',(#5705,#5706,#5707,#5708));
#1310=EDGE_LOOP('',(#5709,#5710,#5711,#5712,#5713,#5714,#5715,#5716,#5717,
#5718,#5719,#5720,#5721,#5722,#5723,#5724,#5725,#5726));
#1311=EDGE_LOOP('',(#5727,#5728,#5729,#5730,#5731,#5732,#5733,#5734,#5735,
#5736));
#1312=EDGE_LOOP('',(#5737,#5738,#5739,#5740,#5741,#5742,#5743,#5744,#5745,
#5746,#5747,#5748,#5749,#5750,#5751,#5752,#5753,#5754));
#1313=EDGE_LOOP('',(#5755,#5756,#5757,#5758,#5759,#5760,#5761,#5762,#5763,
#5764));
#1314=EDGE_LOOP('',(#5765,#5766,#5767,#5768));
#1315=EDGE_LOOP('',(#5769,#5770,#5771,#5772));
#1316=EDGE_LOOP('',(#5773,#5774,#5775,#5776));
#1317=EDGE_LOOP('',(#5777,#5778,#5779,#5780));
#1318=EDGE_LOOP('',(#5781,#5782,#5783,#5784));
#1319=EDGE_LOOP('',(#5785,#5786,#5787,#5788));
#1320=EDGE_LOOP('',(#5789,#5790,#5791,#5792));
#1321=EDGE_LOOP('',(#5793,#5794,#5795,#5796));
#1322=EDGE_LOOP('',(#5797,#5798,#5799,#5800));
#1323=EDGE_LOOP('',(#5801,#5802,#5803,#5804));
#1324=EDGE_LOOP('',(#5805,#5806,#5807,#5808));
#1325=EDGE_LOOP('',(#5809,#5810,#5811,#5812));
#1326=EDGE_LOOP('',(#5813,#5814,#5815,#5816));
#1327=EDGE_LOOP('',(#5817,#5818,#5819,#5820));
#1328=EDGE_LOOP('',(#5821,#5822,#5823,#5824));
#1329=EDGE_LOOP('',(#5825,#5826,#5827,#5828));
#1330=EDGE_LOOP('',(#5829,#5830,#5831,#5832));
#1331=EDGE_LOOP('',(#5833,#5834,#5835,#5836));
#1332=EDGE_LOOP('',(#5837,#5838,#5839,#5840));
#1333=EDGE_LOOP('',(#5841,#5842,#5843,#5844));
#1334=EDGE_LOOP('',(#5845,#5846,#5847,#5848));
#1335=EDGE_LOOP('',(#5849,#5850,#5851,#5852));
#1336=EDGE_LOOP('',(#5853,#5854,#5855,#5856));
#1337=EDGE_LOOP('',(#5857,#5858,#5859,#5860));
#1338=EDGE_LOOP('',(#5861,#5862,#5863,#5864));
#1339=EDGE_LOOP('',(#5865,#5866,#5867,#5868));
#1340=EDGE_LOOP('',(#5869,#5870,#5871,#5872));
#1341=EDGE_LOOP('',(#5873,#5874,#5875,#5876));
#1342=EDGE_LOOP('',(#5877,#5878,#5879,#5880,#5881,#5882,#5883,#5884,#5885,
#5886,#5887,#5888,#5889,#5890,#5891,#5892,#5893,#5894));
#1343=EDGE_LOOP('',(#5895,#5896,#5897,#5898,#5899,#5900,#5901,#5902,#5903,
#5904));
#1344=EDGE_LOOP('',(#5905,#5906,#5907,#5908,#5909,#5910,#5911,#5912,#5913,
#5914,#5915,#5916,#5917,#5918,#5919,#5920,#5921,#5922));
#1345=EDGE_LOOP('',(#5923,#5924,#5925,#5926,#5927,#5928,#5929,#5930,#5931,
#5932));
#1346=EDGE_LOOP('',(#5933,#5934,#5935,#5936));
#1347=EDGE_LOOP('',(#5937,#5938,#5939,#5940));
#1348=EDGE_LOOP('',(#5941,#5942,#5943,#5944));
#1349=EDGE_LOOP('',(#5945,#5946,#5947,#5948));
#1350=EDGE_LOOP('',(#5949,#5950,#5951,#5952));
#1351=EDGE_LOOP('',(#5953,#5954,#5955,#5956));
#1352=EDGE_LOOP('',(#5957,#5958,#5959,#5960));
#1353=EDGE_LOOP('',(#5961,#5962,#5963,#5964));
#1354=EDGE_LOOP('',(#5965,#5966,#5967,#5968));
#1355=EDGE_LOOP('',(#5969,#5970,#5971,#5972));
#1356=EDGE_LOOP('',(#5973,#5974,#5975,#5976));
#1357=EDGE_LOOP('',(#5977,#5978,#5979,#5980));
#1358=EDGE_LOOP('',(#5981,#5982,#5983,#5984));
#1359=EDGE_LOOP('',(#5985,#5986,#5987,#5988));
#1360=EDGE_LOOP('',(#5989,#5990,#5991,#5992));
#1361=EDGE_LOOP('',(#5993,#5994,#5995,#5996));
#1362=EDGE_LOOP('',(#5997,#5998,#5999,#6000));
#1363=EDGE_LOOP('',(#6001,#6002,#6003,#6004));
#1364=EDGE_LOOP('',(#6005,#6006,#6007,#6008));
#1365=EDGE_LOOP('',(#6009,#6010,#6011,#6012));
#1366=EDGE_LOOP('',(#6013,#6014,#6015,#6016));
#1367=EDGE_LOOP('',(#6017,#6018,#6019,#6020));
#1368=EDGE_LOOP('',(#6021,#6022,#6023,#6024));
#1369=EDGE_LOOP('',(#6025,#6026,#6027,#6028));
#1370=EDGE_LOOP('',(#6029,#6030,#6031,#6032,#6033,#6034,#6035,#6036,#6037,
#6038,#6039,#6040,#6041,#6042));
#1371=EDGE_LOOP('',(#6043,#6044,#6045,#6046,#6047,#6048,#6049,#6050,#6051,
#6052));
#1372=EDGE_LOOP('',(#6053,#6054,#6055,#6056,#6057,#6058,#6059,#6060,#6061,
#6062,#6063,#6064,#6065,#6066));
#1373=EDGE_LOOP('',(#6067,#6068,#6069,#6070,#6071,#6072,#6073,#6074,#6075,
#6076));
#1374=EDGE_LOOP('',(#6077,#6078,#6079,#6080));
#1375=EDGE_LOOP('',(#6081,#6082,#6083,#6084));
#1376=EDGE_LOOP('',(#6085,#6086,#6087,#6088));
#1377=EDGE_LOOP('',(#6089,#6090,#6091,#6092));
#1378=EDGE_LOOP('',(#6093,#6094,#6095,#6096));
#1379=EDGE_LOOP('',(#6097,#6098,#6099,#6100));
#1380=EDGE_LOOP('',(#6101,#6102,#6103,#6104));
#1381=EDGE_LOOP('',(#6105,#6106,#6107,#6108));
#1382=EDGE_LOOP('',(#6109,#6110,#6111,#6112));
#1383=EDGE_LOOP('',(#6113,#6114,#6115,#6116));
#1384=EDGE_LOOP('',(#6117,#6118,#6119,#6120));
#1385=EDGE_LOOP('',(#6121,#6122,#6123,#6124));
#1386=EDGE_LOOP('',(#6125,#6126,#6127,#6128));
#1387=EDGE_LOOP('',(#6129,#6130,#6131,#6132));
#1388=EDGE_LOOP('',(#6133,#6134,#6135,#6136));
#1389=EDGE_LOOP('',(#6137,#6138,#6139,#6140));
#1390=EDGE_LOOP('',(#6141,#6142,#6143,#6144));
#1391=EDGE_LOOP('',(#6145,#6146,#6147,#6148));
#1392=EDGE_LOOP('',(#6149,#6150,#6151,#6152));
#1393=EDGE_LOOP('',(#6153,#6154,#6155,#6156));
#1394=EDGE_LOOP('',(#6157,#6158,#6159,#6160));
#1395=EDGE_LOOP('',(#6161,#6162,#6163,#6164));
#1396=EDGE_LOOP('',(#6165,#6166,#6167,#6168));
#1397=EDGE_LOOP('',(#6169,#6170,#6171,#6172));
#1398=EDGE_LOOP('',(#6173,#6174,#6175,#6176));
#1399=EDGE_LOOP('',(#6177,#6178,#6179,#6180));
#1400=EDGE_LOOP('',(#6181,#6182,#6183,#6184));
#1401=EDGE_LOOP('',(#6185,#6186,#6187,#6188));
#1402=EDGE_LOOP('',(#6189,#6190,#6191,#6192));
#1403=EDGE_LOOP('',(#6193,#6194,#6195,#6196));
#1404=EDGE_LOOP('',(#6197,#6198,#6199,#6200,#6201,#6202,#6203,#6204,#6205,
#6206,#6207,#6208,#6209,#6210,#6211,#6212,#6213,#6214,#6215,#6216,#6217,
#6218,#6219,#6220,#6221,#6222,#6223,#6224,#6225,#6226));
#1405=EDGE_LOOP('',(#6227,#6228,#6229,#6230,#6231,#6232,#6233,#6234,#6235,
#6236,#6237,#6238,#6239,#6240,#6241,#6242,#6243,#6244,#6245,#6246,#6247,
#6248,#6249,#6250,#6251,#6252,#6253,#6254,#6255,#6256));
#1406=EDGE_LOOP('',(#6257,#6258,#6259,#6260,#6261));
#1407=EDGE_LOOP('',(#6262,#6263,#6264,#6265));
#1408=EDGE_LOOP('',(#6266,#6267,#6268,#6269,#6270));
#1409=EDGE_LOOP('',(#6271,#6272,#6273,#6274,#6275,#6276,#6277));
#1410=EDGE_LOOP('',(#6278,#6279,#6280,#6281,#6282,#6283,#6284));
#1411=EDGE_LOOP('',(#6285,#6286,#6287,#6288,#6289,#6290));
#1412=EDGE_LOOP('',(#6291,#6292,#6293,#6294));
#1413=EDGE_LOOP('',(#6295,#6296,#6297,#6298,#6299,#6300,#6301,#6302,#6303,
#6304));
#1414=EDGE_LOOP('',(#6305,#6306,#6307,#6308,#6309,#6310,#6311,#6312));
#1415=EDGE_LOOP('',(#6313,#6314,#6315,#6316,#6317));
#1416=EDGE_LOOP('',(#6318,#6319,#6320,#6321,#6322,#6323,#6324,#6325,#6326,
#6327,#6328,#6329,#6330,#6331,#6332,#6333,#6334,#6335,#6336,#6337));
#1417=EDGE_LOOP('',(#6338,#6339,#6340));
#1418=EDGE_LOOP('',(#6341,#6342,#6343,#6344));
#1419=EDGE_LOOP('',(#6345,#6346,#6347,#6348));
#1420=EDGE_LOOP('',(#6349,#6350,#6351,#6352));
#1421=EDGE_LOOP('',(#6353,#6354,#6355,#6356));
#1422=EDGE_LOOP('',(#6357,#6358,#6359,#6360));
#1423=EDGE_LOOP('',(#6361,#6362,#6363,#6364));
#1424=EDGE_LOOP('',(#6365,#6366,#6367,#6368));
#1425=EDGE_LOOP('',(#6369,#6370,#6371,#6372));
#1426=EDGE_LOOP('',(#6373,#6374,#6375,#6376));
#1427=EDGE_LOOP('',(#6377,#6378,#6379,#6380));
#1428=EDGE_LOOP('',(#6381,#6382,#6383,#6384));
#1429=EDGE_LOOP('',(#6385));
#1430=EDGE_LOOP('',(#6386));
#1431=EDGE_LOOP('',(#6387));
#1432=EDGE_LOOP('',(#6388));
#1433=EDGE_LOOP('',(#6389,#6390,#6391,#6392));
#1434=EDGE_LOOP('',(#6393,#6394,#6395,#6396));
#1435=EDGE_LOOP('',(#6397,#6398,#6399,#6400));
#1436=EDGE_LOOP('',(#6401,#6402,#6403,#6404,#6405,#6406,#6407,#6408,#6409,
#6410,#6411,#6412,#6413,#6414,#6415,#6416,#6417,#6418));
#1437=EDGE_LOOP('',(#6419));
#1438=EDGE_LOOP('',(#6420));
#1439=EDGE_LOOP('',(#6421,#6422,#6423,#6424));
#1440=EDGE_LOOP('',(#6425,#6426,#6427,#6428));
#1441=EDGE_LOOP('',(#6429,#6430,#6431,#6432));
#1442=EDGE_LOOP('',(#6433,#6434,#6435,#6436));
#1443=EDGE_LOOP('',(#6437,#6438,#6439,#6440));
#1444=EDGE_LOOP('',(#6441,#6442,#6443,#6444));
#1445=EDGE_LOOP('',(#6445,#6446,#6447,#6448));
#1446=EDGE_LOOP('',(#6449,#6450,#6451,#6452,#6453,#6454,#6455,#6456,#6457,
#6458,#6459,#6460,#6461,#6462));
#1447=EDGE_LOOP('',(#6463,#6464,#6465,#6466));
#1448=EDGE_LOOP('',(#6467));
#1449=EDGE_LOOP('',(#6468,#6469));
#1450=EDGE_LOOP('',(#6470,#6471,#6472,#6473,#6474));
#1451=EDGE_LOOP('',(#6475,#6476,#6477,#6478,#6479,#6480,#6481,#6482,#6483));
#1452=EDGE_LOOP('',(#6484,#6485,#6486,#6487));
#1453=EDGE_LOOP('',(#6488));
#1454=EDGE_LOOP('',(#6489,#6490,#6491,#6492,#6493));
#1455=EDGE_LOOP('',(#6494,#6495));
#1456=EDGE_LOOP('',(#6496,#6497,#6498,#6499,#6500,#6501,#6502,#6503));
#1457=EDGE_LOOP('',(#6504,#6505,#6506,#6507));
#1458=EDGE_LOOP('',(#6508));
#1459=EDGE_LOOP('',(#6509,#6510));
#1460=EDGE_LOOP('',(#6511,#6512,#6513,#6514));
#1461=EDGE_LOOP('',(#6515));
#1462=EDGE_LOOP('',(#6516,#6517));
#1463=EDGE_LOOP('',(#6518,#6519,#6520,#6521,#6522,#6523,#6524,#6525));
#1464=EDGE_LOOP('',(#6526,#6527,#6528,#6529,#6530,#6531));
#1465=EDGE_LOOP('',(#6532,#6533,#6534,#6535,#6536,#6537));
#1466=EDGE_LOOP('',(#6538,#6539,#6540,#6541,#6542));
#1467=EDGE_LOOP('',(#6543,#6544,#6545,#6546,#6547,#6548,#6549));
#1468=EDGE_LOOP('',(#6550,#6551,#6552,#6553));
#1469=EDGE_LOOP('',(#6554,#6555,#6556,#6557));
#1470=EDGE_LOOP('',(#6558,#6559,#6560,#6561));
#1471=EDGE_LOOP('',(#6562,#6563,#6564,#6565));
#1472=EDGE_LOOP('',(#6566,#6567,#6568,#6569));
#1473=EDGE_LOOP('',(#6570,#6571,#6572,#6573));
#1474=EDGE_LOOP('',(#6574,#6575,#6576,#6577));
#1475=EDGE_LOOP('',(#6578,#6579,#6580,#6581));
#1476=EDGE_LOOP('',(#6582,#6583,#6584,#6585));
#1477=EDGE_LOOP('',(#6586,#6587,#6588,#6589,#6590));
#1478=EDGE_LOOP('',(#6591,#6592,#6593,#6594,#6595,#6596,#6597));
#1479=EDGE_LOOP('',(#6598,#6599,#6600,#6601,#6602,#6603,#6604));
#1480=EDGE_LOOP('',(#6605,#6606,#6607));
#1481=EDGE_LOOP('',(#6608,#6609,#6610));
#1482=EDGE_LOOP('',(#6611,#6612,#6613,#6614,#6615,#6616,#6617,#6618,#6619,
#6620,#6621,#6622,#6623,#6624,#6625,#6626,#6627,#6628,#6629,#6630,#6631,
#6632));
#1483=EDGE_LOOP('',(#6633,#6634,#6635,#6636));
#1484=EDGE_LOOP('',(#6637,#6638,#6639,#6640));
#1485=EDGE_LOOP('',(#6641,#6642,#6643,#6644));
#1486=EDGE_LOOP('',(#6645,#6646,#6647,#6648));
#1487=EDGE_LOOP('',(#6649,#6650,#6651,#6652));
#1488=EDGE_LOOP('',(#6653,#6654,#6655,#6656,#6657,#6658,#6659,#6660,#6661,
#6662,#6663,#6664,#6665,#6666,#6667,#6668,#6669,#6670,#6671,#6672,#6673,
#6674));
#1489=EDGE_LOOP('',(#6675,#6676,#6677,#6678,#6679,#6680,#6681));
#1490=EDGE_LOOP('',(#6682,#6683,#6684));
#1491=EDGE_LOOP('',(#6685,#6686,#6687));
#1492=EDGE_LOOP('',(#6688,#6689,#6690));
#1493=EDGE_LOOP('',(#6691,#6692,#6693,#6694,#6695,#6696,#6697));
#1494=EDGE_LOOP('',(#6698,#6699,#6700,#6701));
#1495=EDGE_LOOP('',(#6702,#6703,#6704,#6705));
#1496=EDGE_LOOP('',(#6706,#6707,#6708,#6709));
#1497=EDGE_LOOP('',(#6710,#6711,#6712,#6713));
#1498=EDGE_LOOP('',(#6714,#6715,#6716,#6717));
#1499=EDGE_LOOP('',(#6718,#6719,#6720,#6721,#6722));
#1500=EDGE_LOOP('',(#6723,#6724,#6725,#6726));
#1501=EDGE_LOOP('',(#6727,#6728,#6729,#6730));
#1502=EDGE_LOOP('',(#6731,#6732,#6733,#6734));
#1503=EDGE_LOOP('',(#6735,#6736,#6737,#6738));
#1504=EDGE_LOOP('',(#6739,#6740,#6741,#6742));
#1505=EDGE_LOOP('',(#6743,#6744,#6745,#6746));
#1506=EDGE_LOOP('',(#6747,#6748,#6749,#6750));
#1507=EDGE_LOOP('',(#6751,#6752,#6753,#6754,#6755,#6756,#6757,#6758,#6759,
#6760,#6761,#6762,#6763,#6764,#6765,#6766,#6767,#6768));
#1508=EDGE_LOOP('',(#6769));
#1509=EDGE_LOOP('',(#6770));
#1510=EDGE_LOOP('',(#6771,#6772,#6773,#6774,#6775,#6776,#6777));
#1511=EDGE_LOOP('',(#6778,#6779,#6780,#6781,#6782,#6783));
#1512=EDGE_LOOP('',(#6784,#6785,#6786,#6787,#6788,#6789));
#1513=EDGE_LOOP('',(#6790,#6791,#6792,#6793,#6794));
#1514=EDGE_LOOP('',(#6795,#6796,#6797,#6798,#6799,#6800,#6801));
#1515=EDGE_LOOP('',(#6802,#6803,#6804,#6805));
#1516=EDGE_LOOP('',(#6806,#6807,#6808,#6809));
#1517=EDGE_LOOP('',(#6810,#6811,#6812,#6813));
#1518=EDGE_LOOP('',(#6814,#6815,#6816,#6817));
#1519=EDGE_LOOP('',(#6818,#6819,#6820,#6821));
#1520=EDGE_LOOP('',(#6822,#6823,#6824,#6825));
#1521=EDGE_LOOP('',(#6826,#6827,#6828,#6829));
#1522=EDGE_LOOP('',(#6830,#6831,#6832,#6833));
#1523=EDGE_LOOP('',(#6834,#6835,#6836,#6837));
#1524=EDGE_LOOP('',(#6838,#6839,#6840,#6841,#6842));
#1525=EDGE_LOOP('',(#6843,#6844,#6845,#6846));
#1526=EDGE_LOOP('',(#6847,#6848,#6849,#6850));
#1527=EDGE_LOOP('',(#6851,#6852,#6853,#6854));
#1528=EDGE_LOOP('',(#6855,#6856,#6857,#6858));
#1529=EDGE_LOOP('',(#6859,#6860,#6861,#6862));
#1530=EDGE_LOOP('',(#6863,#6864,#6865,#6866,#6867,#6868,#6869));
#1531=EDGE_LOOP('',(#6870,#6871,#6872));
#1532=EDGE_LOOP('',(#6873,#6874,#6875));
#1533=EDGE_LOOP('',(#6876,#6877,#6878,#6879,#6880));
#1534=EDGE_LOOP('',(#6881,#6882,#6883,#6884));
#1535=EDGE_LOOP('',(#6885,#6886,#6887,#6888));
#1536=EDGE_LOOP('',(#6889,#6890,#6891,#6892));
#1537=EDGE_LOOP('',(#6893,#6894,#6895,#6896));
#1538=EDGE_LOOP('',(#6897,#6898,#6899,#6900));
#1539=EDGE_LOOP('',(#6901,#6902,#6903,#6904,#6905));
#1540=EDGE_LOOP('',(#6906,#6907,#6908,#6909));
#1541=EDGE_LOOP('',(#6910,#6911,#6912,#6913));
#1542=EDGE_LOOP('',(#6914,#6915,#6916,#6917));
#1543=EDGE_LOOP('',(#6918,#6919,#6920,#6921));
#1544=EDGE_LOOP('',(#6922,#6923,#6924,#6925));
#1545=EDGE_LOOP('',(#6926,#6927,#6928,#6929,#6930,#6931,#6932,#6933,#6934,
#6935,#6936,#6937,#6938,#6939,#6940,#6941,#6942,#6943,#6944,#6945));
#1546=EDGE_LOOP('',(#6946,#6947,#6948,#6949));
#1547=EDGE_LOOP('',(#6950,#6951,#6952,#6953));
#1548=EDGE_LOOP('',(#6954,#6955,#6956,#6957));
#1549=EDGE_LOOP('',(#6958,#6959,#6960));
#1550=EDGE_LOOP('',(#6961,#6962,#6963,#6964));
#1551=EDGE_LOOP('',(#6965,#6966,#6967));
#1552=EDGE_LOOP('',(#6968,#6969,#6970));
#1553=EDGE_LOOP('',(#6971,#6972,#6973));
#1554=EDGE_LOOP('',(#6974,#6975,#6976));
#1555=EDGE_LOOP('',(#6977,#6978,#6979,#6980));
#1556=EDGE_LOOP('',(#6981,#6982,#6983));
#1557=EDGE_LOOP('',(#6984,#6985,#6986));
#1558=EDGE_LOOP('',(#6987,#6988,#6989,#6990));
#1559=EDGE_LOOP('',(#6991,#6992,#6993));
#1560=EDGE_LOOP('',(#6994,#6995,#6996,#6997,#6998,#6999,#7000));
#1561=EDGE_LOOP('',(#7001,#7002,#7003,#7004,#7005,#7006,#7007,#7008));
#1562=EDGE_LOOP('',(#7009,#7010,#7011,#7012));
#1563=EDGE_LOOP('',(#7013,#7014,#7015,#7016));
#1564=EDGE_LOOP('',(#7017,#7018,#7019,#7020));
#1565=EDGE_LOOP('',(#7021,#7022,#7023,#7024,#7025,#7026,#7027));
#1566=EDGE_LOOP('',(#7028,#7029,#7030,#7031));
#1567=EDGE_LOOP('',(#7032,#7033,#7034,#7035));
#1568=EDGE_LOOP('',(#7036,#7037,#7038,#7039));
#1569=EDGE_LOOP('',(#7040,#7041,#7042,#7043,#7044,#7045,#7046,#7047,#7048));
#1570=EDGE_LOOP('',(#7049,#7050,#7051,#7052,#7053,#7054,#7055,#7056,#7057,
#7058));
#1571=EDGE_LOOP('',(#7059,#7060,#7061,#7062));
#1572=EDGE_LOOP('',(#7063,#7064,#7065,#7066,#7067,#7068,#7069));
#1573=EDGE_LOOP('',(#7070,#7071,#7072,#7073));
#1574=EDGE_LOOP('',(#7074,#7075,#7076,#7077,#7078,#7079,#7080,#7081));
#1575=EDGE_LOOP('',(#7082,#7083,#7084,#7085,#7086,#7087,#7088,#7089,#7090,
#7091));
#1576=EDGE_LOOP('',(#7092,#7093,#7094,#7095,#7096,#7097,#7098));
#1577=EDGE_LOOP('',(#7099,#7100,#7101,#7102));
#1578=EDGE_LOOP('',(#7103,#7104,#7105,#7106));
#1579=EDGE_LOOP('',(#7107,#7108,#7109,#7110));
#1580=EDGE_LOOP('',(#7111,#7112,#7113,#7114));
#1581=EDGE_LOOP('',(#7115,#7116,#7117,#7118));
#1582=EDGE_LOOP('',(#7119,#7120,#7121,#7122));
#1583=EDGE_LOOP('',(#7123,#7124,#7125,#7126));
#1584=EDGE_LOOP('',(#7127,#7128,#7129,#7130));
#1585=EDGE_LOOP('',(#7131,#7132,#7133,#7134));
#1586=EDGE_LOOP('',(#7135,#7136,#7137,#7138));
#1587=EDGE_LOOP('',(#7139,#7140,#7141,#7142));
#1588=EDGE_LOOP('',(#7143,#7144,#7145,#7146));
#1589=EDGE_LOOP('',(#7147,#7148,#7149,#7150,#7151,#7152,#7153,#7154,#7155,
#7156,#7157,#7158,#7159,#7160));
#1590=LINE('',#9741,#2279);
#1591=LINE('',#9744,#2280);
#1592=LINE('',#9747,#2281);
#1593=LINE('',#9749,#2282);
#1594=LINE('',#9750,#2283);
#1595=LINE('',#9756,#2284);
#1596=LINE('',#9762,#2285);
#1597=LINE('',#9764,#2286);
#1598=LINE('',#9765,#2287);
#1599=LINE('',#9773,#2288);
#1600=LINE('',#9776,#2289);
#1601=LINE('',#9779,#2290);
#1602=LINE('',#9781,#2291);
#1603=LINE('',#9782,#2292);
#1604=LINE('',#9788,#2293);
#1605=LINE('',#9794,#2294);
#1606=LINE('',#9796,#2295);
#1607=LINE('',#9797,#2296);
#1608=LINE('',#9803,#2297);
#1609=LINE('',#9805,#2298);
#1610=LINE('',#9807,#2299);
#1611=LINE('',#9808,#2300);
#1612=LINE('',#9811,#2301);
#1613=LINE('',#9813,#2302);
#1614=LINE('',#9814,#2303);
#1615=LINE('',#9816,#2304);
#1616=LINE('',#9817,#2305);
#1617=LINE('',#9823,#2306);
#1618=LINE('',#9825,#2307);
#1619=LINE('',#9827,#2308);
#1620=LINE('',#9828,#2309);
#1621=LINE('',#9834,#2310);
#1622=LINE('',#9837,#2311);
#1623=LINE('',#9839,#2312);
#1624=LINE('',#9840,#2313);
#1625=LINE('',#9843,#2314);
#1626=LINE('',#9845,#2315);
#1627=LINE('',#9846,#2316);
#1628=LINE('',#9855,#2317);
#1629=LINE('',#9857,#2318);
#1630=LINE('',#9859,#2319);
#1631=LINE('',#9860,#2320);
#1632=LINE('',#9863,#2321);
#1633=LINE('',#9865,#2322);
#1634=LINE('',#9866,#2323);
#1635=LINE('',#9885,#2324);
#1636=LINE('',#9887,#2325);
#1637=LINE('',#9888,#2326);
#1638=LINE('',#9894,#2327);
#1639=LINE('',#9896,#2328);
#1640=LINE('',#9898,#2329);
#1641=LINE('',#9899,#2330);
#1642=LINE('',#9902,#2331);
#1643=LINE('',#9904,#2332);
#1644=LINE('',#9905,#2333);
#1645=LINE('',#9907,#2334);
#1646=LINE('',#9908,#2335);
#1647=LINE('',#9924,#2336);
#1648=LINE('',#9929,#2337);
#1649=LINE('',#9932,#2338);
#1650=LINE('',#9934,#2339);
#1651=LINE('',#9935,#2340);
#1652=LINE('',#9950,#2341);
#1653=LINE('',#9965,#2342);
#1654=LINE('',#9980,#2343);
#1655=LINE('',#9995,#2344);
#1656=LINE('',#9998,#2345);
#1657=LINE('',#10000,#2346);
#1658=LINE('',#10001,#2347);
#1659=LINE('',#10016,#2348);
#1660=LINE('',#10031,#2349);
#1661=LINE('',#10047,#2350);
#1662=LINE('',#10049,#2351);
#1663=LINE('',#10051,#2352);
#1664=LINE('',#10052,#2353);
#1665=LINE('',#10067,#2354);
#1666=LINE('',#10082,#2355);
#1667=LINE('',#10085,#2356);
#1668=LINE('',#10087,#2357);
#1669=LINE('',#10088,#2358);
#1670=LINE('',#10091,#2359);
#1671=LINE('',#10093,#2360);
#1672=LINE('',#10094,#2361);
#1673=LINE('',#10097,#2362);
#1674=LINE('',#10099,#2363);
#1675=LINE('',#10100,#2364);
#1676=LINE('',#10115,#2365);
#1677=LINE('',#10118,#2366);
#1678=LINE('',#10120,#2367);
#1679=LINE('',#10121,#2368);
#1680=LINE('',#10124,#2369);
#1681=LINE('',#10126,#2370);
#1682=LINE('',#10127,#2371);
#1683=LINE('',#10130,#2372);
#1684=LINE('',#10132,#2373);
#1685=LINE('',#10133,#2374);
#1686=LINE('',#10136,#2375);
#1687=LINE('',#10138,#2376);
#1688=LINE('',#10139,#2377);
#1689=LINE('',#10154,#2378);
#1690=LINE('',#10169,#2379);
#1691=LINE('',#10184,#2380);
#1692=LINE('',#10199,#2381);
#1693=LINE('',#10214,#2382);
#1694=LINE('',#10217,#2383);
#1695=LINE('',#10219,#2384);
#1696=LINE('',#10220,#2385);
#1697=LINE('',#10235,#2386);
#1698=LINE('',#10250,#2387);
#1699=LINE('',#10265,#2388);
#1700=LINE('',#10280,#2389);
#1701=LINE('',#10300,#2390);
#1702=LINE('',#10303,#2391);
#1703=LINE('',#10309,#2392);
#1704=LINE('',#10315,#2393);
#1705=LINE('',#10334,#2394);
#1706=LINE('',#10340,#2395);
#1707=LINE('',#10359,#2396);
#1708=LINE('',#10378,#2397);
#1709=LINE('',#10381,#2398);
#1710=LINE('',#10383,#2399);
#1711=LINE('',#10384,#2400);
#1712=LINE('',#10402,#2401);
#1713=LINE('',#10407,#2402);
#1714=LINE('',#10410,#2403);
#1715=LINE('',#10412,#2404);
#1716=LINE('',#10413,#2405);
#1717=LINE('',#10428,#2406);
#1718=LINE('',#10443,#2407);
#1719=LINE('',#10458,#2408);
#1720=LINE('',#10473,#2409);
#1721=LINE('',#10476,#2410);
#1722=LINE('',#10478,#2411);
#1723=LINE('',#10479,#2412);
#1724=LINE('',#10494,#2413);
#1725=LINE('',#10509,#2414);
#1726=LINE('',#10525,#2415);
#1727=LINE('',#10527,#2416);
#1728=LINE('',#10529,#2417);
#1729=LINE('',#10530,#2418);
#1730=LINE('',#10533,#2419);
#1731=LINE('',#10535,#2420);
#1732=LINE('',#10536,#2421);
#1733=LINE('',#10539,#2422);
#1734=LINE('',#10541,#2423);
#1735=LINE('',#10542,#2424);
#1736=LINE('',#10557,#2425);
#1737=LINE('',#10572,#2426);
#1738=LINE('',#10587,#2427);
#1739=LINE('',#10602,#2428);
#1740=LINE('',#10617,#2429);
#1741=LINE('',#10620,#2430);
#1742=LINE('',#10622,#2431);
#1743=LINE('',#10623,#2432);
#1744=LINE('',#10638,#2433);
#1745=LINE('',#10653,#2434);
#1746=LINE('',#10668,#2435);
#1747=LINE('',#10683,#2436);
#1748=LINE('',#10698,#2437);
#1749=LINE('',#10701,#2438);
#1750=LINE('',#10703,#2439);
#1751=LINE('',#10704,#2440);
#1752=LINE('',#10707,#2441);
#1753=LINE('',#10709,#2442);
#1754=LINE('',#10710,#2443);
#1755=LINE('',#10713,#2444);
#1756=LINE('',#10715,#2445);
#1757=LINE('',#10716,#2446);
#1758=LINE('',#10718,#2447);
#1759=LINE('',#10719,#2448);
#1760=LINE('',#10727,#2449);
#1761=LINE('',#10730,#2450);
#1762=LINE('',#10736,#2451);
#1763=LINE('',#10742,#2452);
#1764=LINE('',#10761,#2453);
#1765=LINE('',#10767,#2454);
#1766=LINE('',#10786,#2455);
#1767=LINE('',#10805,#2456);
#1768=LINE('',#10824,#2457);
#1769=LINE('',#10827,#2458);
#1770=LINE('',#10829,#2459);
#1771=LINE('',#10830,#2460);
#1772=LINE('',#10833,#2461);
#1773=LINE('',#10835,#2462);
#1774=LINE('',#10836,#2463);
#1775=LINE('',#10838,#2464);
#1776=LINE('',#10839,#2465);
#1777=LINE('',#10845,#2466);
#1778=LINE('',#10847,#2467);
#1779=LINE('',#10849,#2468);
#1780=LINE('',#10850,#2469);
#1781=LINE('',#10853,#2470);
#1782=LINE('',#10855,#2471);
#1783=LINE('',#10856,#2472);
#1784=LINE('',#10859,#2473);
#1785=LINE('',#10861,#2474);
#1786=LINE('',#10862,#2475);
#1787=LINE('',#10864,#2476);
#1788=LINE('',#10865,#2477);
#1789=LINE('',#10880,#2478);
#1790=LINE('',#10885,#2479);
#1791=LINE('',#10888,#2480);
#1792=LINE('',#10890,#2481);
#1793=LINE('',#10891,#2482);
#1794=LINE('',#10906,#2483);
#1795=LINE('',#10921,#2484);
#1796=LINE('',#10936,#2485);
#1797=LINE('',#10951,#2486);
#1798=LINE('',#10954,#2487);
#1799=LINE('',#10956,#2488);
#1800=LINE('',#10957,#2489);
#1801=LINE('',#10972,#2490);
#1802=LINE('',#10987,#2491);
#1803=LINE('',#11003,#2492);
#1804=LINE('',#11005,#2493);
#1805=LINE('',#11007,#2494);
#1806=LINE('',#11008,#2495);
#1807=LINE('',#11011,#2496);
#1808=LINE('',#11013,#2497);
#1809=LINE('',#11014,#2498);
#1810=LINE('',#11017,#2499);
#1811=LINE('',#11019,#2500);
#1812=LINE('',#11020,#2501);
#1813=LINE('',#11023,#2502);
#1814=LINE('',#11025,#2503);
#1815=LINE('',#11026,#2504);
#1816=LINE('',#11029,#2505);
#1817=LINE('',#11031,#2506);
#1818=LINE('',#11032,#2507);
#1819=LINE('',#11035,#2508);
#1820=LINE('',#11037,#2509);
#1821=LINE('',#11038,#2510);
#1822=LINE('',#11041,#2511);
#1823=LINE('',#11043,#2512);
#1824=LINE('',#11044,#2513);
#1825=LINE('',#11059,#2514);
#1826=LINE('',#11074,#2515);
#1827=LINE('',#11089,#2516);
#1828=LINE('',#11104,#2517);
#1829=LINE('',#11119,#2518);
#1830=LINE('',#11122,#2519);
#1831=LINE('',#11124,#2520);
#1832=LINE('',#11125,#2521);
#1833=LINE('',#11140,#2522);
#1834=LINE('',#11155,#2523);
#1835=LINE('',#11170,#2524);
#1836=LINE('',#11185,#2525);
#1837=LINE('',#11212,#2526);
#1838=LINE('',#11217,#2527);
#1839=LINE('',#11220,#2528);
#1840=LINE('',#11222,#2529);
#1841=LINE('',#11223,#2530);
#1842=LINE('',#11238,#2531);
#1843=LINE('',#11253,#2532);
#1844=LINE('',#11268,#2533);
#1845=LINE('',#11283,#2534);
#1846=LINE('',#11286,#2535);
#1847=LINE('',#11288,#2536);
#1848=LINE('',#11289,#2537);
#1849=LINE('',#11304,#2538);
#1850=LINE('',#11319,#2539);
#1851=LINE('',#11344,#2540);
#1852=LINE('',#11349,#2541);
#1853=LINE('',#11352,#2542);
#1854=LINE('',#11354,#2543);
#1855=LINE('',#11355,#2544);
#1856=LINE('',#11370,#2545);
#1857=LINE('',#11385,#2546);
#1858=LINE('',#11400,#2547);
#1859=LINE('',#11415,#2548);
#1860=LINE('',#11430,#2549);
#1861=LINE('',#11433,#2550);
#1862=LINE('',#11435,#2551);
#1863=LINE('',#11436,#2552);
#1864=LINE('',#11439,#2553);
#1865=LINE('',#11441,#2554);
#1866=LINE('',#11442,#2555);
#1867=LINE('',#11445,#2556);
#1868=LINE('',#11447,#2557);
#1869=LINE('',#11448,#2558);
#1870=LINE('',#11451,#2559);
#1871=LINE('',#11453,#2560);
#1872=LINE('',#11454,#2561);
#1873=LINE('',#11457,#2562);
#1874=LINE('',#11459,#2563);
#1875=LINE('',#11460,#2564);
#1876=LINE('',#11463,#2565);
#1877=LINE('',#11465,#2566);
#1878=LINE('',#11466,#2567);
#1879=LINE('',#11469,#2568);
#1880=LINE('',#11471,#2569);
#1881=LINE('',#11472,#2570);
#1882=LINE('',#11487,#2571);
#1883=LINE('',#11502,#2572);
#1884=LINE('',#11517,#2573);
#1885=LINE('',#11544,#2574);
#1886=LINE('',#11549,#2575);
#1887=LINE('',#11552,#2576);
#1888=LINE('',#11554,#2577);
#1889=LINE('',#11555,#2578);
#1890=LINE('',#11570,#2579);
#1891=LINE('',#11585,#2580);
#1892=LINE('',#11600,#2581);
#1893=LINE('',#11615,#2582);
#1894=LINE('',#11618,#2583);
#1895=LINE('',#11620,#2584);
#1896=LINE('',#11621,#2585);
#1897=LINE('',#11636,#2586);
#1898=LINE('',#11651,#2587);
#1899=LINE('',#11712,#2588);
#1900=LINE('',#11729,#2589);
#1901=LINE('',#11744,#2590);
#1902=LINE('',#11759,#2591);
#1903=LINE('',#11762,#2592);
#1904=LINE('',#11764,#2593);
#1905=LINE('',#11765,#2594);
#1906=LINE('',#11780,#2595);
#1907=LINE('',#11795,#2596);
#1908=LINE('',#11810,#2597);
#1909=LINE('',#11873,#2598);
#1910=LINE('',#11888,#2599);
#1911=LINE('',#11903,#2600);
#1912=LINE('',#11906,#2601);
#1913=LINE('',#11908,#2602);
#1914=LINE('',#11909,#2603);
#1915=LINE('',#11924,#2604);
#1916=LINE('',#11939,#2605);
#1917=LINE('',#11966,#2606);
#1918=LINE('',#11971,#2607);
#1919=LINE('',#11974,#2608);
#1920=LINE('',#11976,#2609);
#1921=LINE('',#11977,#2610);
#1922=LINE('',#11992,#2611);
#1923=LINE('',#12007,#2612);
#1924=LINE('',#12022,#2613);
#1925=LINE('',#12037,#2614);
#1926=LINE('',#12052,#2615);
#1927=LINE('',#12067,#2616);
#1928=LINE('',#12082,#2617);
#1929=LINE('',#12097,#2618);
#1930=LINE('',#12100,#2619);
#1931=LINE('',#12102,#2620);
#1932=LINE('',#12103,#2621);
#1933=LINE('',#12118,#2622);
#1934=LINE('',#12133,#2623);
#1935=LINE('',#12148,#2624);
#1936=LINE('',#12163,#2625);
#1937=LINE('',#12178,#2626);
#1938=LINE('',#12181,#2627);
#1939=LINE('',#12183,#2628);
#1940=LINE('',#12184,#2629);
#1941=LINE('',#12199,#2630);
#1942=LINE('',#12214,#2631);
#1943=LINE('',#12229,#2632);
#1944=LINE('',#12244,#2633);
#1945=LINE('',#12259,#2634);
#1946=LINE('',#12274,#2635);
#1947=LINE('',#12289,#2636);
#1948=LINE('',#12304,#2637);
#1949=LINE('',#12307,#2638);
#1950=LINE('',#12309,#2639);
#1951=LINE('',#12310,#2640);
#1952=LINE('',#12325,#2641);
#1953=LINE('',#12340,#2642);
#1954=LINE('',#12403,#2643);
#1955=LINE('',#12412,#2644);
#1956=LINE('',#12416,#2645);
#1957=LINE('',#12418,#2646);
#1958=LINE('',#12419,#2647);
#1959=LINE('',#12422,#2648);
#1960=LINE('',#12424,#2649);
#1961=LINE('',#12425,#2650);
#1962=LINE('',#12428,#2651);
#1963=LINE('',#12430,#2652);
#1964=LINE('',#12433,#2653);
#1965=LINE('',#12449,#2654);
#1966=LINE('',#12453,#2655);
#1967=LINE('',#12463,#2656);
#1968=LINE('',#12467,#2657);
#1969=LINE('',#12481,#2658);
#1970=LINE('',#12482,#2659);
#1971=LINE('',#12486,#2660);
#1972=LINE('',#12492,#2661);
#1973=LINE('',#12494,#2662);
#1974=LINE('',#12496,#2663);
#1975=LINE('',#12501,#2664);
#1976=LINE('',#12506,#2665);
#1977=LINE('',#12508,#2666);
#1978=LINE('',#12510,#2667);
#1979=LINE('',#12515,#2668);
#1980=LINE('',#12517,#2669);
#1981=LINE('',#12519,#2670);
#1982=LINE('',#12521,#2671);
#1983=LINE('',#12522,#2672);
#1984=LINE('',#12525,#2673);
#1985=LINE('',#12527,#2674);
#1986=LINE('',#12529,#2675);
#1987=LINE('',#12533,#2676);
#1988=LINE('',#12535,#2677);
#1989=LINE('',#12537,#2678);
#1990=LINE('',#12541,#2679);
#1991=LINE('',#12543,#2680);
#1992=LINE('',#12545,#2681);
#1993=LINE('',#12547,#2682);
#1994=LINE('',#12549,#2683);
#1995=LINE('',#12553,#2684);
#1996=LINE('',#12555,#2685);
#1997=LINE('',#12557,#2686);
#1998=LINE('',#12560,#2687);
#1999=LINE('',#12563,#2688);
#2000=LINE('',#12564,#2689);
#2001=LINE('',#12568,#2690);
#2002=LINE('',#12572,#2691);
#2003=LINE('',#12584,#2692);
#2004=LINE('',#12585,#2693);
#2005=LINE('',#12588,#2694);
#2006=LINE('',#12590,#2695);
#2007=LINE('',#12594,#2696);
#2008=LINE('',#12597,#2697);
#2009=LINE('',#12608,#2698);
#2010=LINE('',#12609,#2699);
#2011=LINE('',#12612,#2700);
#2012=LINE('',#12614,#2701);
#2013=LINE('',#12615,#2702);
#2014=LINE('',#12618,#2703);
#2015=LINE('',#12622,#2704);
#2016=LINE('',#12623,#2705);
#2017=LINE('',#12626,#2706);
#2018=LINE('',#12627,#2707);
#2019=LINE('',#12638,#2708);
#2020=LINE('',#12639,#2709);
#2021=LINE('',#12642,#2710);
#2022=LINE('',#12646,#2711);
#2023=LINE('',#12647,#2712);
#2024=LINE('',#12650,#2713);
#2025=LINE('',#12652,#2714);
#2026=LINE('',#12654,#2715);
#2027=LINE('',#12656,#2716);
#2028=LINE('',#12658,#2717);
#2029=LINE('',#12662,#2718);
#2030=LINE('',#12664,#2719);
#2031=LINE('',#12666,#2720);
#2032=LINE('',#12670,#2721);
#2033=LINE('',#12672,#2722);
#2034=LINE('',#12674,#2723);
#2035=LINE('',#12676,#2724);
#2036=LINE('',#12678,#2725);
#2037=LINE('',#12688,#2726);
#2038=LINE('',#12692,#2727);
#2039=LINE('',#12699,#2728);
#2040=LINE('',#12705,#2729);
#2041=LINE('',#12711,#2730);
#2042=LINE('',#12714,#2731);
#2043=LINE('',#12718,#2732);
#2044=LINE('',#12722,#2733);
#2045=LINE('',#12723,#2734);
#2046=LINE('',#12726,#2735);
#2047=LINE('',#12736,#2736);
#2048=LINE('',#12737,#2737);
#2049=LINE('',#12762,#2738);
#2050=LINE('',#12773,#2739);
#2051=LINE('',#12779,#2740);
#2052=LINE('',#12794,#2741);
#2053=LINE('',#12800,#2742);
#2054=LINE('',#12804,#2743);
#2055=LINE('',#12813,#2744);
#2056=LINE('',#12820,#2745);
#2057=LINE('',#12834,#2746);
#2058=LINE('',#12837,#2747);
#2059=LINE('',#12841,#2748);
#2060=LINE('',#12843,#2749);
#2061=LINE('',#12845,#2750);
#2062=LINE('',#12847,#2751);
#2063=LINE('',#12849,#2752);
#2064=LINE('',#12850,#2753);
#2065=LINE('',#12854,#2754);
#2066=LINE('',#12856,#2755);
#2067=LINE('',#12858,#2756);
#2068=LINE('',#12860,#2757);
#2069=LINE('',#12862,#2758);
#2070=LINE('',#12863,#2759);
#2071=LINE('',#12866,#2760);
#2072=LINE('',#12868,#2761);
#2073=LINE('',#12870,#2762);
#2074=LINE('',#12871,#2763);
#2075=LINE('',#12874,#2764);
#2076=LINE('',#12876,#2765);
#2077=LINE('',#12878,#2766);
#2078=LINE('',#12879,#2767);
#2079=LINE('',#12880,#2768);
#2080=LINE('',#12884,#2769);
#2081=LINE('',#12890,#2770);
#2082=LINE('',#12894,#2771);
#2083=LINE('',#12898,#2772);
#2084=LINE('',#12899,#2773);
#2085=LINE('',#12900,#2774);
#2086=LINE('',#12904,#2775);
#2087=LINE('',#12905,#2776);
#2088=LINE('',#12906,#2777);
#2089=LINE('',#12908,#2778);
#2090=LINE('',#12915,#2779);
#2091=LINE('',#12919,#2780);
#2092=LINE('',#12923,#2781);
#2093=LINE('',#12925,#2782);
#2094=LINE('',#12926,#2783);
#2095=LINE('',#12927,#2784);
#2096=LINE('',#12929,#2785);
#2097=LINE('',#12931,#2786);
#2098=LINE('',#12932,#2787);
#2099=LINE('',#12935,#2788);
#2100=LINE('',#12937,#2789);
#2101=LINE('',#12939,#2790);
#2102=LINE('',#12941,#2791);
#2103=LINE('',#12942,#2792);
#2104=LINE('',#12944,#2793);
#2105=LINE('',#12946,#2794);
#2106=LINE('',#12949,#2795);
#2107=LINE('',#12951,#2796);
#2108=LINE('',#12952,#2797);
#2109=LINE('',#12954,#2798);
#2110=LINE('',#12956,#2799);
#2111=LINE('',#12957,#2800);
#2112=LINE('',#12959,#2801);
#2113=LINE('',#12961,#2802);
#2114=LINE('',#12963,#2803);
#2115=LINE('',#12965,#2804);
#2116=LINE('',#12967,#2805);
#2117=LINE('',#12969,#2806);
#2118=LINE('',#12973,#2807);
#2119=LINE('',#12975,#2808);
#2120=LINE('',#12977,#2809);
#2121=LINE('',#12981,#2810);
#2122=LINE('',#12982,#2811);
#2123=LINE('',#12985,#2812);
#2124=LINE('',#12989,#2813);
#2125=LINE('',#12990,#2814);
#2126=LINE('',#12993,#2815);
#2127=LINE('',#12997,#2816);
#2128=LINE('',#12998,#2817);
#2129=LINE('',#13001,#2818);
#2130=LINE('',#13003,#2819);
#2131=LINE('',#13007,#2820);
#2132=LINE('',#13009,#2821);
#2133=LINE('',#13011,#2822);
#2134=LINE('',#13015,#2823);
#2135=LINE('',#13017,#2824);
#2136=LINE('',#13019,#2825);
#2137=LINE('',#13021,#2826);
#2138=LINE('',#13023,#2827);
#2139=LINE('',#13025,#2828);
#2140=LINE('',#13029,#2829);
#2141=LINE('',#13031,#2830);
#2142=LINE('',#13033,#2831);
#2143=LINE('',#13037,#2832);
#2144=LINE('',#13038,#2833);
#2145=LINE('',#13040,#2834);
#2146=LINE('',#13041,#2835);
#2147=LINE('',#13042,#2836);
#2148=LINE('',#13047,#2837);
#2149=LINE('',#13048,#2838);
#2150=LINE('',#13051,#2839);
#2151=LINE('',#13052,#2840);
#2152=LINE('',#13053,#2841);
#2153=LINE('',#13056,#2842);
#2154=LINE('',#13057,#2843);
#2155=LINE('',#13059,#2844);
#2156=LINE('',#13062,#2845);
#2157=LINE('',#13066,#2846);
#2158=LINE('',#13067,#2847);
#2159=LINE('',#13069,#2848);
#2160=LINE('',#13072,#2849);
#2161=LINE('',#13073,#2850);
#2162=LINE('',#13076,#2851);
#2163=LINE('',#13077,#2852);
#2164=LINE('',#13079,#2853);
#2165=LINE('',#13082,#2854);
#2166=LINE('',#13086,#2855);
#2167=LINE('',#13087,#2856);
#2168=LINE('',#13089,#2857);
#2169=LINE('',#13092,#2858);
#2170=LINE('',#13095,#2859);
#2171=LINE('',#13096,#2860);
#2172=LINE('',#13098,#2861);
#2173=LINE('',#13099,#2862);
#2174=LINE('',#13106,#2863);
#2175=LINE('',#13108,#2864);
#2176=LINE('',#13109,#2865);
#2177=LINE('',#13112,#2866);
#2178=LINE('',#13113,#2867);
#2179=LINE('',#13116,#2868);
#2180=LINE('',#13118,#2869);
#2181=LINE('',#13120,#2870);
#2182=LINE('',#13122,#2871);
#2183=LINE('',#13123,#2872);
#2184=LINE('',#13126,#2873);
#2185=LINE('',#13128,#2874);
#2186=LINE('',#13130,#2875);
#2187=LINE('',#13131,#2876);
#2188=LINE('',#13134,#2877);
#2189=LINE('',#13136,#2878);
#2190=LINE('',#13138,#2879);
#2191=LINE('',#13139,#2880);
#2192=LINE('',#13140,#2881);
#2193=LINE('',#13144,#2882);
#2194=LINE('',#13150,#2883);
#2195=LINE('',#13154,#2884);
#2196=LINE('',#13158,#2885);
#2197=LINE('',#13159,#2886);
#2198=LINE('',#13160,#2887);
#2199=LINE('',#13164,#2888);
#2200=LINE('',#13165,#2889);
#2201=LINE('',#13166,#2890);
#2202=LINE('',#13168,#2891);
#2203=LINE('',#13171,#2892);
#2204=LINE('',#13179,#2893);
#2205=LINE('',#13182,#2894);
#2206=LINE('',#13183,#2895);
#2207=LINE('',#13186,#2896);
#2208=LINE('',#13190,#2897);
#2209=LINE('',#13191,#2898);
#2210=LINE('',#13194,#2899);
#2211=LINE('',#13197,#2900);
#2212=LINE('',#13200,#2901);
#2213=LINE('',#13202,#2902);
#2214=LINE('',#13203,#2903);
#2215=LINE('',#13204,#2904);
#2216=LINE('',#13206,#2905);
#2217=LINE('',#13210,#2906);
#2218=LINE('',#13211,#2907);
#2219=LINE('',#13214,#2908);
#2220=LINE('',#13215,#2909);
#2221=LINE('',#13218,#2910);
#2222=LINE('',#13222,#2911);
#2223=LINE('',#13226,#2912);
#2224=LINE('',#13227,#2913);
#2225=LINE('',#13230,#2914);
#2226=LINE('',#13231,#2915);
#2227=LINE('',#13234,#2916);
#2228=LINE('',#13235,#2917);
#2229=LINE('',#13238,#2918);
#2230=LINE('',#13239,#2919);
#2231=LINE('',#13242,#2920);
#2232=LINE('',#13246,#2921);
#2233=LINE('',#13250,#2922);
#2234=LINE('',#13251,#2923);
#2235=LINE('',#13254,#2924);
#2236=LINE('',#13255,#2925);
#2237=LINE('',#13257,#2926);
#2238=LINE('',#13258,#2927);
#2239=LINE('',#13264,#2928);
#2240=LINE('',#13269,#2929);
#2241=LINE('',#13273,#2930);
#2242=LINE('',#13276,#2931);
#2243=LINE('',#13280,#2932);
#2244=LINE('',#13285,#2933);
#2245=LINE('',#13289,#2934);
#2246=LINE('',#13292,#2935);
#2247=LINE('',#13296,#2936);
#2248=LINE('',#13317,#2937);
#2249=LINE('',#13358,#2938);
#2250=LINE('',#13382,#2939);
#2251=LINE('',#13384,#2940);
#2252=LINE('',#13386,#2941);
#2253=LINE('',#13387,#2942);
#2254=LINE('',#13389,#2943);
#2255=LINE('',#13391,#2944);
#2256=LINE('',#13393,#2945);
#2257=LINE('',#13395,#2946);
#2258=LINE('',#13399,#2947);
#2259=LINE('',#13401,#2948);
#2260=LINE('',#13404,#2949);
#2261=LINE('',#13405,#2950);
#2262=LINE('',#13410,#2951);
#2263=LINE('',#13412,#2952);
#2264=LINE('',#13414,#2953);
#2265=LINE('',#13415,#2954);
#2266=LINE('',#13418,#2955);
#2267=LINE('',#13420,#2956);
#2268=LINE('',#13424,#2957);
#2269=LINE('',#13426,#2958);
#2270=LINE('',#13428,#2959);
#2271=LINE('',#13430,#2960);
#2272=LINE('',#13434,#2961);
#2273=LINE('',#13435,#2962);
#2274=LINE('',#13438,#2963);
#2275=LINE('',#13442,#2964);
#2276=LINE('',#13443,#2965);
#2277=LINE('',#13446,#2966);
#2278=LINE('',#13449,#2967);
#2279=VECTOR('',#8149,10.);
#2280=VECTOR('',#8152,10.);
#2281=VECTOR('',#8155,10.);
#2282=VECTOR('',#8156,10.);
#2283=VECTOR('',#8157,10.);
#2284=VECTOR('',#8164,10.);
#2285=VECTOR('',#8171,10.);
#2286=VECTOR('',#8174,10.);
#2287=VECTOR('',#8175,10.);
#2288=VECTOR('',#8184,10.);
#2289=VECTOR('',#8187,10.);
#2290=VECTOR('',#8190,10.);
#2291=VECTOR('',#8191,10.);
#2292=VECTOR('',#8192,10.);
#2293=VECTOR('',#8199,10.);
#2294=VECTOR('',#8206,10.);
#2295=VECTOR('',#8209,10.);
#2296=VECTOR('',#8210,10.);
#2297=VECTOR('',#8217,10.);
#2298=VECTOR('',#8218,10.);
#2299=VECTOR('',#8219,10.);
#2300=VECTOR('',#8220,10.);
#2301=VECTOR('',#8223,10.);
#2302=VECTOR('',#8224,10.);
#2303=VECTOR('',#8225,10.);
#2304=VECTOR('',#8228,10.);
#2305=VECTOR('',#8229,10.);
#2306=VECTOR('',#8236,10.);
#2307=VECTOR('',#8237,10.);
#2308=VECTOR('',#8238,10.);
#2309=VECTOR('',#8239,10.);
#2310=VECTOR('',#8246,10.);
#2311=VECTOR('',#8249,10.);
#2312=VECTOR('',#8250,10.);
#2313=VECTOR('',#8251,10.);
#2314=VECTOR('',#8254,10.);
#2315=VECTOR('',#8255,10.);
#2316=VECTOR('',#8256,10.);
#2317=VECTOR('',#8269,10.);
#2318=VECTOR('',#8270,10.);
#2319=VECTOR('',#8271,10.);
#2320=VECTOR('',#8272,10.);
#2321=VECTOR('',#8275,10.);
#2322=VECTOR('',#8276,10.);
#2323=VECTOR('',#8277,10.);
#2324=VECTOR('',#8278,10.);
#2325=VECTOR('',#8281,10.);
#2326=VECTOR('',#8282,10.);
#2327=VECTOR('',#8289,10.);
#2328=VECTOR('',#8290,10.);
#2329=VECTOR('',#8291,10.);
#2330=VECTOR('',#8292,10.);
#2331=VECTOR('',#8295,10.);
#2332=VECTOR('',#8296,10.);
#2333=VECTOR('',#8297,10.);
#2334=VECTOR('',#8300,10.);
#2335=VECTOR('',#8301,10.);
#2336=VECTOR('',#8308,10.);
#2337=VECTOR('',#8309,10.);
#2338=VECTOR('',#8312,10.);
#2339=VECTOR('',#8313,10.);
#2340=VECTOR('',#8314,10.);
#2341=VECTOR('',#8315,10.);
#2342=VECTOR('',#8316,10.);
#2343=VECTOR('',#8317,10.);
#2344=VECTOR('',#8318,10.);
#2345=VECTOR('',#8321,10.);
#2346=VECTOR('',#8322,10.);
#2347=VECTOR('',#8323,10.);
#2348=VECTOR('',#8324,10.);
#2349=VECTOR('',#8325,10.);
#2350=VECTOR('',#8328,10.);
#2351=VECTOR('',#8329,10.);
#2352=VECTOR('',#8330,10.);
#2353=VECTOR('',#8331,10.);
#2354=VECTOR('',#8332,10.);
#2355=VECTOR('',#8333,10.);
#2356=VECTOR('',#8336,10.);
#2357=VECTOR('',#8337,10.);
#2358=VECTOR('',#8338,10.);
#2359=VECTOR('',#8341,10.);
#2360=VECTOR('',#8342,10.);
#2361=VECTOR('',#8343,10.);
#2362=VECTOR('',#8346,10.);
#2363=VECTOR('',#8347,10.);
#2364=VECTOR('',#8348,10.);
#2365=VECTOR('',#8349,10.);
#2366=VECTOR('',#8352,10.);
#2367=VECTOR('',#8353,10.);
#2368=VECTOR('',#8354,10.);
#2369=VECTOR('',#8357,10.);
#2370=VECTOR('',#8358,10.);
#2371=VECTOR('',#8359,10.);
#2372=VECTOR('',#8362,10.);
#2373=VECTOR('',#8363,10.);
#2374=VECTOR('',#8364,10.);
#2375=VECTOR('',#8367,10.);
#2376=VECTOR('',#8368,10.);
#2377=VECTOR('',#8369,10.);
#2378=VECTOR('',#8370,10.);
#2379=VECTOR('',#8371,10.);
#2380=VECTOR('',#8372,10.);
#2381=VECTOR('',#8373,10.);
#2382=VECTOR('',#8374,10.);
#2383=VECTOR('',#8377,10.);
#2384=VECTOR('',#8378,10.);
#2385=VECTOR('',#8379,10.);
#2386=VECTOR('',#8380,10.);
#2387=VECTOR('',#8381,10.);
#2388=VECTOR('',#8382,10.);
#2389=VECTOR('',#8383,10.);
#2390=VECTOR('',#8392,10.);
#2391=VECTOR('',#8395,10.);
#2392=VECTOR('',#8402,10.);
#2393=VECTOR('',#8409,10.);
#2394=VECTOR('',#8416,10.);
#2395=VECTOR('',#8417,10.);
#2396=VECTOR('',#8418,10.);
#2397=VECTOR('',#8419,10.);
#2398=VECTOR('',#8422,10.);
#2399=VECTOR('',#8423,10.);
#2400=VECTOR('',#8424,10.);
#2401=VECTOR('',#8435,10.);
#2402=VECTOR('',#8436,10.);
#2403=VECTOR('',#8439,10.);
#2404=VECTOR('',#8440,10.);
#2405=VECTOR('',#8441,10.);
#2406=VECTOR('',#8442,10.);
#2407=VECTOR('',#8443,10.);
#2408=VECTOR('',#8444,10.);
#2409=VECTOR('',#8445,10.);
#2410=VECTOR('',#8448,10.);
#2411=VECTOR('',#8449,10.);
#2412=VECTOR('',#8450,10.);
#2413=VECTOR('',#8451,10.);
#2414=VECTOR('',#8452,10.);
#2415=VECTOR('',#8455,10.);
#2416=VECTOR('',#8456,10.);
#2417=VECTOR('',#8457,10.);
#2418=VECTOR('',#8458,10.);
#2419=VECTOR('',#8461,10.);
#2420=VECTOR('',#8462,10.);
#2421=VECTOR('',#8463,10.);
#2422=VECTOR('',#8466,10.);
#2423=VECTOR('',#8467,10.);
#2424=VECTOR('',#8468,10.);
#2425=VECTOR('',#8469,10.);
#2426=VECTOR('',#8470,10.);
#2427=VECTOR('',#8471,10.);
#2428=VECTOR('',#8472,10.);
#2429=VECTOR('',#8473,10.);
#2430=VECTOR('',#8476,10.);
#2431=VECTOR('',#8477,10.);
#2432=VECTOR('',#8478,10.);
#2433=VECTOR('',#8479,10.);
#2434=VECTOR('',#8480,10.);
#2435=VECTOR('',#8481,10.);
#2436=VECTOR('',#8482,10.);
#2437=VECTOR('',#8483,10.);
#2438=VECTOR('',#8486,10.);
#2439=VECTOR('',#8487,10.);
#2440=VECTOR('',#8488,10.);
#2441=VECTOR('',#8491,10.);
#2442=VECTOR('',#8492,10.);
#2443=VECTOR('',#8493,10.);
#2444=VECTOR('',#8496,10.);
#2445=VECTOR('',#8497,10.);
#2446=VECTOR('',#8498,10.);
#2447=VECTOR('',#8501,10.);
#2448=VECTOR('',#8502,10.);
#2449=VECTOR('',#8511,10.);
#2450=VECTOR('',#8514,10.);
#2451=VECTOR('',#8521,10.);
#2452=VECTOR('',#8528,10.);
#2453=VECTOR('',#8535,10.);
#2454=VECTOR('',#8536,10.);
#2455=VECTOR('',#8537,10.);
#2456=VECTOR('',#8538,10.);
#2457=VECTOR('',#8539,10.);
#2458=VECTOR('',#8542,10.);
#2459=VECTOR('',#8543,10.);
#2460=VECTOR('',#8544,10.);
#2461=VECTOR('',#8547,10.);
#2462=VECTOR('',#8548,10.);
#2463=VECTOR('',#8549,10.);
#2464=VECTOR('',#8552,10.);
#2465=VECTOR('',#8553,10.);
#2466=VECTOR('',#8560,10.);
#2467=VECTOR('',#8561,10.);
#2468=VECTOR('',#8562,10.);
#2469=VECTOR('',#8563,10.);
#2470=VECTOR('',#8566,10.);
#2471=VECTOR('',#8567,10.);
#2472=VECTOR('',#8568,10.);
#2473=VECTOR('',#8571,10.);
#2474=VECTOR('',#8572,10.);
#2475=VECTOR('',#8573,10.);
#2476=VECTOR('',#8576,10.);
#2477=VECTOR('',#8577,10.);
#2478=VECTOR('',#8582,10.);
#2479=VECTOR('',#8583,10.);
#2480=VECTOR('',#8586,10.);
#2481=VECTOR('',#8587,10.);
#2482=VECTOR('',#8588,10.);
#2483=VECTOR('',#8589,10.);
#2484=VECTOR('',#8590,10.);
#2485=VECTOR('',#8591,10.);
#2486=VECTOR('',#8592,10.);
#2487=VECTOR('',#8595,10.);
#2488=VECTOR('',#8596,10.);
#2489=VECTOR('',#8597,10.);
#2490=VECTOR('',#8598,10.);
#2491=VECTOR('',#8599,10.);
#2492=VECTOR('',#8602,10.);
#2493=VECTOR('',#8603,10.);
#2494=VECTOR('',#8604,10.);
#2495=VECTOR('',#8605,10.);
#2496=VECTOR('',#8608,10.);
#2497=VECTOR('',#8609,10.);
#2498=VECTOR('',#8610,10.);
#2499=VECTOR('',#8613,10.);
#2500=VECTOR('',#8614,10.);
#2501=VECTOR('',#8615,10.);
#2502=VECTOR('',#8618,10.);
#2503=VECTOR('',#8619,10.);
#2504=VECTOR('',#8620,10.);
#2505=VECTOR('',#8623,10.);
#2506=VECTOR('',#8624,10.);
#2507=VECTOR('',#8625,10.);
#2508=VECTOR('',#8628,10.);
#2509=VECTOR('',#8629,10.);
#2510=VECTOR('',#8630,10.);
#2511=VECTOR('',#8633,10.);
#2512=VECTOR('',#8634,10.);
#2513=VECTOR('',#8635,10.);
#2514=VECTOR('',#8636,10.);
#2515=VECTOR('',#8637,10.);
#2516=VECTOR('',#8638,10.);
#2517=VECTOR('',#8639,10.);
#2518=VECTOR('',#8640,10.);
#2519=VECTOR('',#8643,10.);
#2520=VECTOR('',#8644,10.);
#2521=VECTOR('',#8645,10.);
#2522=VECTOR('',#8646,10.);
#2523=VECTOR('',#8647,10.);
#2524=VECTOR('',#8648,10.);
#2525=VECTOR('',#8649,10.);
#2526=VECTOR('',#8654,10.);
#2527=VECTOR('',#8655,10.);
#2528=VECTOR('',#8658,10.);
#2529=VECTOR('',#8659,10.);
#2530=VECTOR('',#8660,10.);
#2531=VECTOR('',#8661,10.);
#2532=VECTOR('',#8662,10.);
#2533=VECTOR('',#8663,10.);
#2534=VECTOR('',#8664,10.);
#2535=VECTOR('',#8667,10.);
#2536=VECTOR('',#8668,10.);
#2537=VECTOR('',#8669,10.);
#2538=VECTOR('',#8670,10.);
#2539=VECTOR('',#8671,10.);
#2540=VECTOR('',#8672,10.);
#2541=VECTOR('',#8673,10.);
#2542=VECTOR('',#8676,10.);
#2543=VECTOR('',#8677,10.);
#2544=VECTOR('',#8678,10.);
#2545=VECTOR('',#8679,10.);
#2546=VECTOR('',#8680,10.);
#2547=VECTOR('',#8681,10.);
#2548=VECTOR('',#8682,10.);
#2549=VECTOR('',#8683,10.);
#2550=VECTOR('',#8686,10.);
#2551=VECTOR('',#8687,10.);
#2552=VECTOR('',#8688,10.);
#2553=VECTOR('',#8691,10.);
#2554=VECTOR('',#8692,10.);
#2555=VECTOR('',#8693,10.);
#2556=VECTOR('',#8696,10.);
#2557=VECTOR('',#8697,10.);
#2558=VECTOR('',#8698,10.);
#2559=VECTOR('',#8701,10.);
#2560=VECTOR('',#8702,10.);
#2561=VECTOR('',#8703,10.);
#2562=VECTOR('',#8706,10.);
#2563=VECTOR('',#8707,10.);
#2564=VECTOR('',#8708,10.);
#2565=VECTOR('',#8711,10.);
#2566=VECTOR('',#8712,10.);
#2567=VECTOR('',#8713,10.);
#2568=VECTOR('',#8716,10.);
#2569=VECTOR('',#8717,10.);
#2570=VECTOR('',#8718,10.);
#2571=VECTOR('',#8719,10.);
#2572=VECTOR('',#8720,10.);
#2573=VECTOR('',#8721,10.);
#2574=VECTOR('',#8726,10.);
#2575=VECTOR('',#8727,10.);
#2576=VECTOR('',#8730,10.);
#2577=VECTOR('',#8731,10.);
#2578=VECTOR('',#8732,10.);
#2579=VECTOR('',#8733,10.);
#2580=VECTOR('',#8734,10.);
#2581=VECTOR('',#8735,10.);
#2582=VECTOR('',#8736,10.);
#2583=VECTOR('',#8739,10.);
#2584=VECTOR('',#8740,10.);
#2585=VECTOR('',#8741,10.);
#2586=VECTOR('',#8742,10.);
#2587=VECTOR('',#8743,10.);
#2588=VECTOR('',#8744,10.);
#2589=VECTOR('',#8745,10.);
#2590=VECTOR('',#8746,10.);
#2591=VECTOR('',#8747,10.);
#2592=VECTOR('',#8750,10.);
#2593=VECTOR('',#8751,10.);
#2594=VECTOR('',#8752,10.);
#2595=VECTOR('',#8753,10.);
#2596=VECTOR('',#8754,10.);
#2597=VECTOR('',#8755,10.);
#2598=VECTOR('',#8756,10.);
#2599=VECTOR('',#8757,10.);
#2600=VECTOR('',#8758,10.);
#2601=VECTOR('',#8761,10.);
#2602=VECTOR('',#8762,10.);
#2603=VECTOR('',#8763,10.);
#2604=VECTOR('',#8764,10.);
#2605=VECTOR('',#8765,10.);
#2606=VECTOR('',#8770,10.);
#2607=VECTOR('',#8771,10.);
#2608=VECTOR('',#8774,10.);
#2609=VECTOR('',#8775,10.);
#2610=VECTOR('',#8776,10.);
#2611=VECTOR('',#8777,10.);
#2612=VECTOR('',#8778,10.);
#2613=VECTOR('',#8779,10.);
#2614=VECTOR('',#8780,10.);
#2615=VECTOR('',#8781,10.);
#2616=VECTOR('',#8782,10.);
#2617=VECTOR('',#8783,10.);
#2618=VECTOR('',#8784,10.);
#2619=VECTOR('',#8787,10.);
#2620=VECTOR('',#8788,10.);
#2621=VECTOR('',#8789,10.);
#2622=VECTOR('',#8790,10.);
#2623=VECTOR('',#8791,10.);
#2624=VECTOR('',#8792,10.);
#2625=VECTOR('',#8793,10.);
#2626=VECTOR('',#8794,10.);
#2627=VECTOR('',#8797,10.);
#2628=VECTOR('',#8798,10.);
#2629=VECTOR('',#8799,10.);
#2630=VECTOR('',#8800,10.);
#2631=VECTOR('',#8801,10.);
#2632=VECTOR('',#8802,10.);
#2633=VECTOR('',#8803,10.);
#2634=VECTOR('',#8804,10.);
#2635=VECTOR('',#8805,10.);
#2636=VECTOR('',#8806,10.);
#2637=VECTOR('',#8807,10.);
#2638=VECTOR('',#8810,10.);
#2639=VECTOR('',#8811,10.);
#2640=VECTOR('',#8812,10.);
#2641=VECTOR('',#8813,10.);
#2642=VECTOR('',#8814,10.);
#2643=VECTOR('',#8815,10.);
#2644=VECTOR('',#8828,10.);
#2645=VECTOR('',#8831,10.);
#2646=VECTOR('',#8832,10.);
#2647=VECTOR('',#8833,10.);
#2648=VECTOR('',#8836,10.);
#2649=VECTOR('',#8837,10.);
#2650=VECTOR('',#8838,10.);
#2651=VECTOR('',#8841,10.);
#2652=VECTOR('',#8842,10.);
#2653=VECTOR('',#8845,10.);
#2654=VECTOR('',#8848,10.);
#2655=VECTOR('',#8851,10.);
#2656=VECTOR('',#8862,10.);
#2657=VECTOR('',#8865,10.);
#2658=VECTOR('',#8868,10.);
#2659=VECTOR('',#8869,10.);
#2660=VECTOR('',#8874,10.);
#2661=VECTOR('',#8879,10.);
#2662=VECTOR('',#8880,10.);
#2663=VECTOR('',#8881,10.);
#2664=VECTOR('',#8886,10.);
#2665=VECTOR('',#8891,10.);
#2666=VECTOR('',#8892,10.);
#2667=VECTOR('',#8893,10.);
#2668=VECTOR('',#8898,10.);
#2669=VECTOR('',#8899,10.);
#2670=VECTOR('',#8900,10.);
#2671=VECTOR('',#8901,10.);
#2672=VECTOR('',#8902,10.);
#2673=VECTOR('',#8905,10.);
#2674=VECTOR('',#8906,10.);
#2675=VECTOR('',#8907,10.);
#2676=VECTOR('',#8910,10.);
#2677=VECTOR('',#8911,10.);
#2678=VECTOR('',#8912,10.);
#2679=VECTOR('',#8915,10.);
#2680=VECTOR('',#8916,10.);
#2681=VECTOR('',#8917,10.);
#2682=VECTOR('',#8918,10.);
#2683=VECTOR('',#8919,10.);
#2684=VECTOR('',#8922,10.);
#2685=VECTOR('',#8923,10.);
#2686=VECTOR('',#8924,10.);
#2687=VECTOR('',#8927,10.);
#2688=VECTOR('',#8930,10.);
#2689=VECTOR('',#8931,10.);
#2690=VECTOR('',#8934,10.);
#2691=VECTOR('',#8937,10.);
#2692=VECTOR('',#8952,10.);
#2693=VECTOR('',#8953,10.);
#2694=VECTOR('',#8956,10.);
#2695=VECTOR('',#8957,10.);
#2696=VECTOR('',#8962,10.);
#2697=VECTOR('',#8965,10.);
#2698=VECTOR('',#8978,10.);
#2699=VECTOR('',#8979,10.);
#2700=VECTOR('',#8982,10.);
#2701=VECTOR('',#8983,10.);
#2702=VECTOR('',#8984,10.);
#2703=VECTOR('',#8987,10.);
#2704=VECTOR('',#8992,10.);
#2705=VECTOR('',#8993,10.);
#2706=VECTOR('',#8996,10.);
#2707=VECTOR('',#8997,10.);
#2708=VECTOR('',#9008,10.);
#2709=VECTOR('',#9009,10.);
#2710=VECTOR('',#9012,10.);
#2711=VECTOR('',#9017,10.);
#2712=VECTOR('',#9018,10.);
#2713=VECTOR('',#9021,10.);
#2714=VECTOR('',#9022,10.);
#2715=VECTOR('',#9023,10.);
#2716=VECTOR('',#9024,10.);
#2717=VECTOR('',#9025,10.);
#2718=VECTOR('',#9028,10.);
#2719=VECTOR('',#9029,10.);
#2720=VECTOR('',#9030,10.);
#2721=VECTOR('',#9033,10.);
#2722=VECTOR('',#9034,10.);
#2723=VECTOR('',#9035,10.);
#2724=VECTOR('',#9036,10.);
#2725=VECTOR('',#9037,10.);
#2726=VECTOR('',#9048,10.);
#2727=VECTOR('',#9053,10.);
#2728=VECTOR('',#9062,10.);
#2729=VECTOR('',#9071,10.);
#2730=VECTOR('',#9080,10.);
#2731=VECTOR('',#9083,10.);
#2732=VECTOR('',#9086,10.);
#2733=VECTOR('',#9089,10.);
#2734=VECTOR('',#9090,10.);
#2735=VECTOR('',#9093,2.1);
#2736=VECTOR('',#9106,10.);
#2737=VECTOR('',#9107,10.);
#2738=VECTOR('',#9112,10.);
#2739=VECTOR('',#9117,2.1);
#2740=VECTOR('',#9124,10.);
#2741=VECTOR('',#9125,10.);
#2742=VECTOR('',#9134,10.);
#2743=VECTOR('',#9137,10.);
#2744=VECTOR('',#9140,2.1);
#2745=VECTOR('',#9151,2.1);
#2746=VECTOR('',#9162,10.);
#2747=VECTOR('',#9165,10.);
#2748=VECTOR('',#9168,10.);
#2749=VECTOR('',#9169,10.);
#2750=VECTOR('',#9170,10.);
#2751=VECTOR('',#9171,10.);
#2752=VECTOR('',#9172,10.);
#2753=VECTOR('',#9173,10.);
#2754=VECTOR('',#9176,10.);
#2755=VECTOR('',#9177,10.);
#2756=VECTOR('',#9178,10.);
#2757=VECTOR('',#9179,10.);
#2758=VECTOR('',#9180,10.);
#2759=VECTOR('',#9181,10.);
#2760=VECTOR('',#9184,10.);
#2761=VECTOR('',#9185,10.);
#2762=VECTOR('',#9186,10.);
#2763=VECTOR('',#9187,10.);
#2764=VECTOR('',#9190,10.);
#2765=VECTOR('',#9191,10.);
#2766=VECTOR('',#9192,10.);
#2767=VECTOR('',#9193,10.);
#2768=VECTOR('',#9194,10.);
#2769=VECTOR('',#9197,10.);
#2770=VECTOR('',#9204,10.);
#2771=VECTOR('',#9211,10.);
#2772=VECTOR('',#9214,10.);
#2773=VECTOR('',#9215,10.);
#2774=VECTOR('',#9216,10.);
#2775=VECTOR('',#9219,10.);
#2776=VECTOR('',#9220,10.);
#2777=VECTOR('',#9221,10.);
#2778=VECTOR('',#9224,10.);
#2779=VECTOR('',#9233,10.);
#2780=VECTOR('',#9240,10.);
#2781=VECTOR('',#9243,10.);
#2782=VECTOR('',#9244,10.);
#2783=VECTOR('',#9245,10.);
#2784=VECTOR('',#9246,10.);
#2785=VECTOR('',#9249,10.);
#2786=VECTOR('',#9250,10.);
#2787=VECTOR('',#9251,10.);
#2788=VECTOR('',#9254,10.);
#2789=VECTOR('',#9255,10.);
#2790=VECTOR('',#9256,10.);
#2791=VECTOR('',#9257,10.);
#2792=VECTOR('',#9258,10.);
#2793=VECTOR('',#9261,10.);
#2794=VECTOR('',#9264,10.);
#2795=VECTOR('',#9267,10.);
#2796=VECTOR('',#9268,10.);
#2797=VECTOR('',#9269,10.);
#2798=VECTOR('',#9270,10.);
#2799=VECTOR('',#9271,10.);
#2800=VECTOR('',#9272,10.);
#2801=VECTOR('',#9273,10.);
#2802=VECTOR('',#9274,10.);
#2803=VECTOR('',#9275,10.);
#2804=VECTOR('',#9276,10.);
#2805=VECTOR('',#9277,10.);
#2806=VECTOR('',#9278,10.);
#2807=VECTOR('',#9281,10.);
#2808=VECTOR('',#9282,10.);
#2809=VECTOR('',#9283,10.);
#2810=VECTOR('',#9288,10.);
#2811=VECTOR('',#9289,10.);
#2812=VECTOR('',#9292,10.);
#2813=VECTOR('',#9297,10.);
#2814=VECTOR('',#9298,10.);
#2815=VECTOR('',#9301,10.);
#2816=VECTOR('',#9306,10.);
#2817=VECTOR('',#9307,10.);
#2818=VECTOR('',#9310,10.);
#2819=VECTOR('',#9311,10.);
#2820=VECTOR('',#9314,10.);
#2821=VECTOR('',#9315,10.);
#2822=VECTOR('',#9316,10.);
#2823=VECTOR('',#9319,10.);
#2824=VECTOR('',#9320,10.);
#2825=VECTOR('',#9321,10.);
#2826=VECTOR('',#9322,10.);
#2827=VECTOR('',#9323,10.);
#2828=VECTOR('',#9324,10.);
#2829=VECTOR('',#9327,10.);
#2830=VECTOR('',#9328,10.);
#2831=VECTOR('',#9329,10.);
#2832=VECTOR('',#9332,10.);
#2833=VECTOR('',#9333,10.);
#2834=VECTOR('',#9336,10.);
#2835=VECTOR('',#9337,10.);
#2836=VECTOR('',#9338,10.);
#2837=VECTOR('',#9345,10.);
#2838=VECTOR('',#9346,10.);
#2839=VECTOR('',#9349,10.);
#2840=VECTOR('',#9350,10.);
#2841=VECTOR('',#9351,10.);
#2842=VECTOR('',#9354,10.);
#2843=VECTOR('',#9355,10.);
#2844=VECTOR('',#9358,10.);
#2845=VECTOR('',#9361,10.);
#2846=VECTOR('',#9366,10.);
#2847=VECTOR('',#9367,10.);
#2848=VECTOR('',#9370,10.);
#2849=VECTOR('',#9373,10.);
#2850=VECTOR('',#9374,10.);
#2851=VECTOR('',#9377,10.);
#2852=VECTOR('',#9378,10.);
#2853=VECTOR('',#9381,10.);
#2854=VECTOR('',#9384,10.);
#2855=VECTOR('',#9389,10.);
#2856=VECTOR('',#9390,10.);
#2857=VECTOR('',#9393,10.);
#2858=VECTOR('',#9398,10.);
#2859=VECTOR('',#9401,10.);
#2860=VECTOR('',#9402,10.);
#2861=VECTOR('',#9403,10.);
#2862=VECTOR('',#9404,10.);
#2863=VECTOR('',#9411,10.);
#2864=VECTOR('',#9412,10.);
#2865=VECTOR('',#9413,10.);
#2866=VECTOR('',#9416,10.);
#2867=VECTOR('',#9417,10.);
#2868=VECTOR('',#9420,10.);
#2869=VECTOR('',#9421,10.);
#2870=VECTOR('',#9422,10.);
#2871=VECTOR('',#9423,10.);
#2872=VECTOR('',#9424,10.);
#2873=VECTOR('',#9427,10.);
#2874=VECTOR('',#9428,10.);
#2875=VECTOR('',#9429,10.);
#2876=VECTOR('',#9430,10.);
#2877=VECTOR('',#9433,10.);
#2878=VECTOR('',#9434,10.);
#2879=VECTOR('',#9435,10.);
#2880=VECTOR('',#9436,10.);
#2881=VECTOR('',#9437,10.);
#2882=VECTOR('',#9440,10.);
#2883=VECTOR('',#9447,10.);
#2884=VECTOR('',#9454,10.);
#2885=VECTOR('',#9457,10.);
#2886=VECTOR('',#9458,10.);
#2887=VECTOR('',#9459,10.);
#2888=VECTOR('',#9462,10.);
#2889=VECTOR('',#9463,10.);
#2890=VECTOR('',#9464,10.);
#2891=VECTOR('',#9467,10.);
#2892=VECTOR('',#9470,10.);
#2893=VECTOR('',#9485,10.);
#2894=VECTOR('',#9488,10.);
#2895=VECTOR('',#9489,10.);
#2896=VECTOR('',#9492,10.);
#2897=VECTOR('',#9497,10.);
#2898=VECTOR('',#9498,10.);
#2899=VECTOR('',#9501,10.);
#2900=VECTOR('',#9506,10.);
#2901=VECTOR('',#9509,10.);
#2902=VECTOR('',#9510,10.);
#2903=VECTOR('',#9511,10.);
#2904=VECTOR('',#9512,10.);
#2905=VECTOR('',#9515,10.);
#2906=VECTOR('',#9520,10.);
#2907=VECTOR('',#9521,10.);
#2908=VECTOR('',#9524,10.);
#2909=VECTOR('',#9525,10.);
#2910=VECTOR('',#9528,10.);
#2911=VECTOR('',#9533,10.);
#2912=VECTOR('',#9538,10.);
#2913=VECTOR('',#9539,10.);
#2914=VECTOR('',#9542,10.);
#2915=VECTOR('',#9543,10.);
#2916=VECTOR('',#9546,10.);
#2917=VECTOR('',#9547,10.);
#2918=VECTOR('',#9550,10.);
#2919=VECTOR('',#9551,10.);
#2920=VECTOR('',#9554,10.);
#2921=VECTOR('',#9559,10.);
#2922=VECTOR('',#9564,10.);
#2923=VECTOR('',#9565,10.);
#2924=VECTOR('',#9568,10.);
#2925=VECTOR('',#9569,10.);
#2926=VECTOR('',#9572,10.);
#2927=VECTOR('',#9573,10.);
#2928=VECTOR('',#9580,10.);
#2929=VECTOR('',#9585,10.);
#2930=VECTOR('',#9588,10.);
#2931=VECTOR('',#9591,10.);
#2932=VECTOR('',#9594,10.);
#2933=VECTOR('',#9599,10.);
#2934=VECTOR('',#9602,10.);
#2935=VECTOR('',#9605,10.);
#2936=VECTOR('',#9610,10.);
#2937=VECTOR('',#9617,10.);
#2938=VECTOR('',#9626,10.);
#2939=VECTOR('',#9633,10.);
#2940=VECTOR('',#9636,1.99999999999999);
#2941=VECTOR('',#9639,10.);
#2942=VECTOR('',#9640,10.);
#2943=VECTOR('',#9643,10.);
#2944=VECTOR('',#9646,10.);
#2945=VECTOR('',#9649,10.);
#2946=VECTOR('',#9652,2.);
#2947=VECTOR('',#9657,10.);
#2948=VECTOR('',#9660,10.);
#2949=VECTOR('',#9663,10.);
#2950=VECTOR('',#9664,10.);
#2951=VECTOR('',#9673,10.);
#2952=VECTOR('',#9676,1.99999999999999);
#2953=VECTOR('',#9679,10.);
#2954=VECTOR('',#9680,10.);
#2955=VECTOR('',#9685,10.);
#2956=VECTOR('',#9688,2.);
#2957=VECTOR('',#9695,10.);
#2958=VECTOR('',#9698,10.);
#2959=VECTOR('',#9701,10.);
#2960=VECTOR('',#9704,10.);
#2961=VECTOR('',#9709,10.);
#2962=VECTOR('',#9710,10.);
#2963=VECTOR('',#9713,10.);
#2964=VECTOR('',#9718,10.);
#2965=VECTOR('',#9719,10.);
#2966=VECTOR('',#9722,10.);
#2967=VECTOR('',#9727,10.);
#2968=CIRCLE('',#7692,1.7764885739149);
#2969=CIRCLE('',#7693,1.7764885739149);
#2970=CIRCLE('',#7696,1.77641192217103);
#2971=CIRCLE('',#7697,1.77641192217103);
#2972=CIRCLE('',#7699,1.77641250908375);
#2973=CIRCLE('',#7700,1.77641250908375);
#2974=CIRCLE('',#7705,1.7764885739149);
#2975=CIRCLE('',#7706,1.7764885739149);
#2976=CIRCLE('',#7709,1.77641164941647);
#2977=CIRCLE('',#7710,1.77641164941647);
#2978=CIRCLE('',#7712,1.77641250908374);
#2979=CIRCLE('',#7713,1.77641250908374);
#2980=CIRCLE('',#7724,1.77665061682463);
#2981=CIRCLE('',#7725,1.77665061682463);
#2982=CIRCLE('',#7729,4.30053737282753);
#2983=CIRCLE('',#7730,4.30053737282753);
#2984=CIRCLE('',#7758,1.44303748637438);
#2985=CIRCLE('',#7759,1.44303748637438);
#2986=CIRCLE('',#7761,1.44303748637438);
#2987=CIRCLE('',#7762,1.44303748637438);
#2988=CIRCLE('',#7764,1.44303748637438);
#2989=CIRCLE('',#7765,1.44303748637438);
#2990=CIRCLE('',#7767,1.44303748637438);
#2991=CIRCLE('',#7768,1.44303748637438);
#2992=CIRCLE('',#7771,3.78618740916253);
#2993=CIRCLE('',#7772,3.78618740916253);
#2994=CIRCLE('',#7788,1.44303748637438);
#2995=CIRCLE('',#7789,1.44303748637438);
#2996=CIRCLE('',#7791,1.44303748637438);
#2997=CIRCLE('',#7792,1.44303748637438);
#2998=CIRCLE('',#7794,1.44303748637438);
#2999=CIRCLE('',#7795,1.44303748637438);
#3000=CIRCLE('',#7797,1.44375192314386);
#3001=CIRCLE('',#7798,1.44375192314386);
#3002=CIRCLE('',#7845,2.67085168533162);
#3003=CIRCLE('',#7846,2.67085168533162);
#3004=CIRCLE('',#7855,3.5);
#3005=CIRCLE('',#7856,3.5);
#3006=CIRCLE('',#7860,3.5);
#3007=CIRCLE('',#7861,3.5);
#3008=CIRCLE('',#7865,3.5);
#3009=CIRCLE('',#7866,5.);
#3010=CIRCLE('',#7867,5.);
#3011=CIRCLE('',#7868,3.5);
#3012=CIRCLE('',#7870,5.);
#3013=CIRCLE('',#7871,5.);
#3014=CIRCLE('',#7874,3.85584815598877);
#3015=CIRCLE('',#7875,3.85584815598878);
#3016=CIRCLE('',#7876,3.14415184401122);
#3017=CIRCLE('',#7877,3.1441518440112);
#3018=CIRCLE('',#7880,3.);
#3019=CIRCLE('',#7883,3.);
#3020=CIRCLE('',#7884,5.);
#3021=CIRCLE('',#7885,8.);
#3022=CIRCLE('',#7887,3.);
#3023=CIRCLE('',#7891,3.);
#3024=CIRCLE('',#7893,3.);
#3025=CIRCLE('',#7894,8.);
#3026=CIRCLE('',#7895,5.);
#3027=CIRCLE('',#7897,3.);
#3028=CIRCLE('',#7900,8.);
#3029=CIRCLE('',#7903,2.1);
#3030=CIRCLE('',#7904,2.1);
#3031=CIRCLE('',#7905,2.1);
#3032=CIRCLE('',#7906,2.1);
#3033=CIRCLE('',#7909,8.);
#3034=CIRCLE('',#7912,2.71081851067789);
#3035=CIRCLE('',#7913,2.71081851067789);
#3036=CIRCLE('',#7914,3.);
#3037=CIRCLE('',#7915,2.1);
#3038=CIRCLE('',#7916,2.1);
#3039=CIRCLE('',#7918,3.);
#3040=CIRCLE('',#7923,3.);
#3041=CIRCLE('',#7924,3.);
#3042=CIRCLE('',#7926,3.);
#3043=CIRCLE('',#7927,5.);
#3044=CIRCLE('',#7930,3.);
#3045=CIRCLE('',#7931,5.);
#3046=CIRCLE('',#7934,4.);
#3047=CIRCLE('',#7935,3.99999999999999);
#3048=CIRCLE('',#7937,2.1);
#3049=CIRCLE('',#7940,5.);
#3050=CIRCLE('',#7941,3.5);
#3051=CIRCLE('',#7944,5.);
#3052=CIRCLE('',#7945,5.);
#3053=CIRCLE('',#7947,2.1);
#3054=CIRCLE('',#7950,3.5);
#3055=CIRCLE('',#7952,5.);
#3056=CIRCLE('',#7954,5.);
#3057=CIRCLE('',#7956,2.1);
#3058=CIRCLE('',#7959,5.);
#3059=CIRCLE('',#7961,2.1);
#3060=CIRCLE('',#7964,5.);
#3061=CIRCLE('',#7966,5.);
#3062=CIRCLE('',#7972,4.);
#3063=CIRCLE('',#7973,5.50000000000007);
#3064=CIRCLE('',#7975,5.50000000000007);
#3065=CIRCLE('',#7976,4.);
#3066=CIRCLE('',#7982,3.99999999999999);
#3067=CIRCLE('',#7983,5.50000000000006);
#3068=CIRCLE('',#7985,5.50000000000006);
#3069=CIRCLE('',#7986,3.99999999999999);
#3070=CIRCLE('',#7994,4.2891814893221);
#3071=CIRCLE('',#7995,4.28918148932211);
#3072=CIRCLE('',#7998,4.);
#3073=CIRCLE('',#8001,3.99999999999999);
#3074=CIRCLE('',#8004,4.28918148932211);
#3075=CIRCLE('',#8005,4.2891814893221);
#3076=CIRCLE('',#8006,5.);
#3077=CIRCLE('',#8007,5.);
#3078=CIRCLE('',#8016,2.71081851067789);
#3079=CIRCLE('',#8023,2.71081851067789);
#3080=CIRCLE('',#8029,2.09999999999999);
#3081=CIRCLE('',#8030,2.09999999999999);
#3082=CIRCLE('',#8037,4.);
#3083=CIRCLE('',#8038,5.50000000000001);
#3084=CIRCLE('',#8040,5.50000000000001);
#3085=CIRCLE('',#8041,4.);
#3086=CIRCLE('',#8047,3.99999999999999);
#3087=CIRCLE('',#8048,5.5);
#3088=CIRCLE('',#8050,5.5);
#3089=CIRCLE('',#8051,3.99999999999999);
#3090=CIRCLE('',#8056,3.99999999999999);
#3091=CIRCLE('',#8059,4.);
#3092=CIRCLE('',#8067,3.85584815598877);
#3093=CIRCLE('',#8069,3.1441518440112);
#3094=CIRCLE('',#8075,3.85584815598878);
#3095=CIRCLE('',#8077,3.14415184401122);
#3096=CIRCLE('',#8084,2.09999999999999);
#3097=CIRCLE('',#8085,2.09999999999999);
#3098=CIRCLE('',#8087,2.1);
#3099=CIRCLE('',#8089,2.09999999999999);
#3100=CIRCLE('',#8090,2.09999999999999);
#3101=CIRCLE('',#8092,2.1);
#3102=CIRCLE('',#8094,5.);
#3103=CIRCLE('',#8097,5.);
#3104=CIRCLE('',#8100,5.);
#3105=CIRCLE('',#8103,5.);
#3106=CIRCLE('',#8112,5.);
#3107=CIRCLE('',#8116,5.);
#3108=CIRCLE('',#8133,3.99999999999999);
#3109=CIRCLE('',#8136,4.);
#3110=VERTEX_POINT('',#9737);
#3111=VERTEX_POINT('',#9738);
#3112=VERTEX_POINT('',#9740);
#3113=VERTEX_POINT('',#9742);
#3114=VERTEX_POINT('',#9746);
#3115=VERTEX_POINT('',#9748);
#3116=VERTEX_POINT('',#9752);
#3117=VERTEX_POINT('',#9754);
#3118=VERTEX_POINT('',#9758);
#3119=VERTEX_POINT('',#9760);
#3120=VERTEX_POINT('',#9769);
#3121=VERTEX_POINT('',#9770);
#3122=VERTEX_POINT('',#9772);
#3123=VERTEX_POINT('',#9774);
#3124=VERTEX_POINT('',#9778);
#3125=VERTEX_POINT('',#9780);
#3126=VERTEX_POINT('',#9784);
#3127=VERTEX_POINT('',#9786);
#3128=VERTEX_POINT('',#9790);
#3129=VERTEX_POINT('',#9792);
#3130=VERTEX_POINT('',#9801);
#3131=VERTEX_POINT('',#9802);
#3132=VERTEX_POINT('',#9804);
#3133=VERTEX_POINT('',#9806);
#3134=VERTEX_POINT('',#9810);
#3135=VERTEX_POINT('',#9812);
#3136=VERTEX_POINT('',#9821);
#3137=VERTEX_POINT('',#9822);
#3138=VERTEX_POINT('',#9824);
#3139=VERTEX_POINT('',#9826);
#3140=VERTEX_POINT('',#9830);
#3141=VERTEX_POINT('',#9832);
#3142=VERTEX_POINT('',#9836);
#3143=VERTEX_POINT('',#9838);
#3144=VERTEX_POINT('',#9842);
#3145=VERTEX_POINT('',#9844);
#3146=VERTEX_POINT('',#9853);
#3147=VERTEX_POINT('',#9854);
#3148=VERTEX_POINT('',#9856);
#3149=VERTEX_POINT('',#9858);
#3150=VERTEX_POINT('',#9862);
#3151=VERTEX_POINT('',#9864);
#3152=VERTEX_POINT('',#9875);
#3153=VERTEX_POINT('',#9880);
#3154=VERTEX_POINT('',#9892);
#3155=VERTEX_POINT('',#9893);
#3156=VERTEX_POINT('',#9895);
#3157=VERTEX_POINT('',#9897);
#3158=VERTEX_POINT('',#9901);
#3159=VERTEX_POINT('',#9903);
#3160=VERTEX_POINT('',#9918);
#3161=VERTEX_POINT('',#9919);
#3162=VERTEX_POINT('',#9923);
#3163=VERTEX_POINT('',#9925);
#3164=VERTEX_POINT('',#9931);
#3165=VERTEX_POINT('',#9933);
#3166=VERTEX_POINT('',#9942);
#3167=VERTEX_POINT('',#9946);
#3168=VERTEX_POINT('',#9957);
#3169=VERTEX_POINT('',#9961);
#3170=VERTEX_POINT('',#9972);
#3171=VERTEX_POINT('',#9976);
#3172=VERTEX_POINT('',#9987);
#3173=VERTEX_POINT('',#9991);
#3174=VERTEX_POINT('',#9997);
#3175=VERTEX_POINT('',#9999);
#3176=VERTEX_POINT('',#10008);
#3177=VERTEX_POINT('',#10012);
#3178=VERTEX_POINT('',#10023);
#3179=VERTEX_POINT('',#10027);
#3180=VERTEX_POINT('',#10045);
#3181=VERTEX_POINT('',#10046);
#3182=VERTEX_POINT('',#10048);
#3183=VERTEX_POINT('',#10050);
#3184=VERTEX_POINT('',#10059);
#3185=VERTEX_POINT('',#10063);
#3186=VERTEX_POINT('',#10074);
#3187=VERTEX_POINT('',#10078);
#3188=VERTEX_POINT('',#10084);
#3189=VERTEX_POINT('',#10086);
#3190=VERTEX_POINT('',#10090);
#3191=VERTEX_POINT('',#10092);
#3192=VERTEX_POINT('',#10096);
#3193=VERTEX_POINT('',#10098);
#3194=VERTEX_POINT('',#10107);
#3195=VERTEX_POINT('',#10111);
#3196=VERTEX_POINT('',#10117);
#3197=VERTEX_POINT('',#10119);
#3198=VERTEX_POINT('',#10123);
#3199=VERTEX_POINT('',#10125);
#3200=VERTEX_POINT('',#10129);
#3201=VERTEX_POINT('',#10131);
#3202=VERTEX_POINT('',#10135);
#3203=VERTEX_POINT('',#10137);
#3204=VERTEX_POINT('',#10146);
#3205=VERTEX_POINT('',#10150);
#3206=VERTEX_POINT('',#10161);
#3207=VERTEX_POINT('',#10165);
#3208=VERTEX_POINT('',#10176);
#3209=VERTEX_POINT('',#10180);
#3210=VERTEX_POINT('',#10191);
#3211=VERTEX_POINT('',#10195);
#3212=VERTEX_POINT('',#10206);
#3213=VERTEX_POINT('',#10210);
#3214=VERTEX_POINT('',#10216);
#3215=VERTEX_POINT('',#10218);
#3216=VERTEX_POINT('',#10227);
#3217=VERTEX_POINT('',#10231);
#3218=VERTEX_POINT('',#10242);
#3219=VERTEX_POINT('',#10246);
#3220=VERTEX_POINT('',#10257);
#3221=VERTEX_POINT('',#10261);
#3222=VERTEX_POINT('',#10272);
#3223=VERTEX_POINT('',#10276);
#3224=VERTEX_POINT('',#10296);
#3225=VERTEX_POINT('',#10297);
#3226=VERTEX_POINT('',#10299);
#3227=VERTEX_POINT('',#10301);
#3228=VERTEX_POINT('',#10305);
#3229=VERTEX_POINT('',#10307);
#3230=VERTEX_POINT('',#10311);
#3231=VERTEX_POINT('',#10313);
#3232=VERTEX_POINT('',#10327);
#3233=VERTEX_POINT('',#10328);
#3234=VERTEX_POINT('',#10333);
#3235=VERTEX_POINT('',#10335);
#3236=VERTEX_POINT('',#10349);
#3237=VERTEX_POINT('',#10354);
#3238=VERTEX_POINT('',#10368);
#3239=VERTEX_POINT('',#10373);
#3240=VERTEX_POINT('',#10380);
#3241=VERTEX_POINT('',#10382);
#3242=VERTEX_POINT('',#10396);
#3243=VERTEX_POINT('',#10397);
#3244=VERTEX_POINT('',#10401);
#3245=VERTEX_POINT('',#10403);
#3246=VERTEX_POINT('',#10409);
#3247=VERTEX_POINT('',#10411);
#3248=VERTEX_POINT('',#10420);
#3249=VERTEX_POINT('',#10424);
#3250=VERTEX_POINT('',#10435);
#3251=VERTEX_POINT('',#10439);
#3252=VERTEX_POINT('',#10450);
#3253=VERTEX_POINT('',#10454);
#3254=VERTEX_POINT('',#10465);
#3255=VERTEX_POINT('',#10469);
#3256=VERTEX_POINT('',#10475);
#3257=VERTEX_POINT('',#10477);
#3258=VERTEX_POINT('',#10486);
#3259=VERTEX_POINT('',#10490);
#3260=VERTEX_POINT('',#10501);
#3261=VERTEX_POINT('',#10505);
#3262=VERTEX_POINT('',#10523);
#3263=VERTEX_POINT('',#10524);
#3264=VERTEX_POINT('',#10526);
#3265=VERTEX_POINT('',#10528);
#3266=VERTEX_POINT('',#10532);
#3267=VERTEX_POINT('',#10534);
#3268=VERTEX_POINT('',#10538);
#3269=VERTEX_POINT('',#10540);
#3270=VERTEX_POINT('',#10549);
#3271=VERTEX_POINT('',#10553);
#3272=VERTEX_POINT('',#10564);
#3273=VERTEX_POINT('',#10568);
#3274=VERTEX_POINT('',#10579);
#3275=VERTEX_POINT('',#10583);
#3276=VERTEX_POINT('',#10594);
#3277=VERTEX_POINT('',#10598);
#3278=VERTEX_POINT('',#10609);
#3279=VERTEX_POINT('',#10613);
#3280=VERTEX_POINT('',#10619);
#3281=VERTEX_POINT('',#10621);
#3282=VERTEX_POINT('',#10630);
#3283=VERTEX_POINT('',#10634);
#3284=VERTEX_POINT('',#10645);
#3285=VERTEX_POINT('',#10649);
#3286=VERTEX_POINT('',#10660);
#3287=VERTEX_POINT('',#10664);
#3288=VERTEX_POINT('',#10675);
#3289=VERTEX_POINT('',#10679);
#3290=VERTEX_POINT('',#10690);
#3291=VERTEX_POINT('',#10694);
#3292=VERTEX_POINT('',#10700);
#3293=VERTEX_POINT('',#10702);
#3294=VERTEX_POINT('',#10706);
#3295=VERTEX_POINT('',#10708);
#3296=VERTEX_POINT('',#10712);
#3297=VERTEX_POINT('',#10714);
#3298=VERTEX_POINT('',#10723);
#3299=VERTEX_POINT('',#10724);
#3300=VERTEX_POINT('',#10726);
#3301=VERTEX_POINT('',#10728);
#3302=VERTEX_POINT('',#10732);
#3303=VERTEX_POINT('',#10734);
#3304=VERTEX_POINT('',#10738);
#3305=VERTEX_POINT('',#10740);
#3306=VERTEX_POINT('',#10754);
#3307=VERTEX_POINT('',#10755);
#3308=VERTEX_POINT('',#10760);
#3309=VERTEX_POINT('',#10762);
#3310=VERTEX_POINT('',#10776);
#3311=VERTEX_POINT('',#10781);
#3312=VERTEX_POINT('',#10795);
#3313=VERTEX_POINT('',#10800);
#3314=VERTEX_POINT('',#10814);
#3315=VERTEX_POINT('',#10819);
#3316=VERTEX_POINT('',#10826);
#3317=VERTEX_POINT('',#10828);
#3318=VERTEX_POINT('',#10832);
#3319=VERTEX_POINT('',#10834);
#3320=VERTEX_POINT('',#10843);
#3321=VERTEX_POINT('',#10844);
#3322=VERTEX_POINT('',#10846);
#3323=VERTEX_POINT('',#10848);
#3324=VERTEX_POINT('',#10852);
#3325=VERTEX_POINT('',#10854);
#3326=VERTEX_POINT('',#10858);
#3327=VERTEX_POINT('',#10860);
#3328=VERTEX_POINT('',#10874);
#3329=VERTEX_POINT('',#10875);
#3330=VERTEX_POINT('',#10879);
#3331=VERTEX_POINT('',#10881);
#3332=VERTEX_POINT('',#10887);
#3333=VERTEX_POINT('',#10889);
#3334=VERTEX_POINT('',#10898);
#3335=VERTEX_POINT('',#10902);
#3336=VERTEX_POINT('',#10913);
#3337=VERTEX_POINT('',#10917);
#3338=VERTEX_POINT('',#10928);
#3339=VERTEX_POINT('',#10932);
#3340=VERTEX_POINT('',#10943);
#3341=VERTEX_POINT('',#10947);
#3342=VERTEX_POINT('',#10953);
#3343=VERTEX_POINT('',#10955);
#3344=VERTEX_POINT('',#10964);
#3345=VERTEX_POINT('',#10968);
#3346=VERTEX_POINT('',#10979);
#3347=VERTEX_POINT('',#10983);
#3348=VERTEX_POINT('',#11001);
#3349=VERTEX_POINT('',#11002);
#3350=VERTEX_POINT('',#11004);
#3351=VERTEX_POINT('',#11006);
#3352=VERTEX_POINT('',#11010);
#3353=VERTEX_POINT('',#11012);
#3354=VERTEX_POINT('',#11016);
#3355=VERTEX_POINT('',#11018);
#3356=VERTEX_POINT('',#11022);
#3357=VERTEX_POINT('',#11024);
#3358=VERTEX_POINT('',#11028);
#3359=VERTEX_POINT('',#11030);
#3360=VERTEX_POINT('',#11034);
#3361=VERTEX_POINT('',#11036);
#3362=VERTEX_POINT('',#11040);
#3363=VERTEX_POINT('',#11042);
#3364=VERTEX_POINT('',#11051);
#3365=VERTEX_POINT('',#11055);
#3366=VERTEX_POINT('',#11066);
#3367=VERTEX_POINT('',#11070);
#3368=VERTEX_POINT('',#11081);
#3369=VERTEX_POINT('',#11085);
#3370=VERTEX_POINT('',#11096);
#3371=VERTEX_POINT('',#11100);
#3372=VERTEX_POINT('',#11111);
#3373=VERTEX_POINT('',#11115);
#3374=VERTEX_POINT('',#11121);
#3375=VERTEX_POINT('',#11123);
#3376=VERTEX_POINT('',#11132);
#3377=VERTEX_POINT('',#11136);
#3378=VERTEX_POINT('',#11147);
#3379=VERTEX_POINT('',#11151);
#3380=VERTEX_POINT('',#11162);
#3381=VERTEX_POINT('',#11166);
#3382=VERTEX_POINT('',#11177);
#3383=VERTEX_POINT('',#11181);
#3384=VERTEX_POINT('',#11206);
#3385=VERTEX_POINT('',#11207);
#3386=VERTEX_POINT('',#11211);
#3387=VERTEX_POINT('',#11213);
#3388=VERTEX_POINT('',#11219);
#3389=VERTEX_POINT('',#11221);
#3390=VERTEX_POINT('',#11230);
#3391=VERTEX_POINT('',#11234);
#3392=VERTEX_POINT('',#11245);
#3393=VERTEX_POINT('',#11249);
#3394=VERTEX_POINT('',#11260);
#3395=VERTEX_POINT('',#11264);
#3396=VERTEX_POINT('',#11275);
#3397=VERTEX_POINT('',#11279);
#3398=VERTEX_POINT('',#11285);
#3399=VERTEX_POINT('',#11287);
#3400=VERTEX_POINT('',#11296);
#3401=VERTEX_POINT('',#11300);
#3402=VERTEX_POINT('',#11311);
#3403=VERTEX_POINT('',#11315);
#3404=VERTEX_POINT('',#11338);
#3405=VERTEX_POINT('',#11339);
#3406=VERTEX_POINT('',#11343);
#3407=VERTEX_POINT('',#11345);
#3408=VERTEX_POINT('',#11351);
#3409=VERTEX_POINT('',#11353);
#3410=VERTEX_POINT('',#11362);
#3411=VERTEX_POINT('',#11366);
#3412=VERTEX_POINT('',#11377);
#3413=VERTEX_POINT('',#11381);
#3414=VERTEX_POINT('',#11392);
#3415=VERTEX_POINT('',#11396);
#3416=VERTEX_POINT('',#11407);
#3417=VERTEX_POINT('',#11411);
#3418=VERTEX_POINT('',#11422);
#3419=VERTEX_POINT('',#11426);
#3420=VERTEX_POINT('',#11432);
#3421=VERTEX_POINT('',#11434);
#3422=VERTEX_POINT('',#11438);
#3423=VERTEX_POINT('',#11440);
#3424=VERTEX_POINT('',#11444);
#3425=VERTEX_POINT('',#11446);
#3426=VERTEX_POINT('',#11450);
#3427=VERTEX_POINT('',#11452);
#3428=VERTEX_POINT('',#11456);
#3429=VERTEX_POINT('',#11458);
#3430=VERTEX_POINT('',#11462);
#3431=VERTEX_POINT('',#11464);
#3432=VERTEX_POINT('',#11468);
#3433=VERTEX_POINT('',#11470);
#3434=VERTEX_POINT('',#11479);
#3435=VERTEX_POINT('',#11483);
#3436=VERTEX_POINT('',#11494);
#3437=VERTEX_POINT('',#11498);
#3438=VERTEX_POINT('',#11509);
#3439=VERTEX_POINT('',#11513);
#3440=VERTEX_POINT('',#11538);
#3441=VERTEX_POINT('',#11539);
#3442=VERTEX_POINT('',#11543);
#3443=VERTEX_POINT('',#11545);
#3444=VERTEX_POINT('',#11551);
#3445=VERTEX_POINT('',#11553);
#3446=VERTEX_POINT('',#11562);
#3447=VERTEX_POINT('',#11566);
#3448=VERTEX_POINT('',#11577);
#3449=VERTEX_POINT('',#11581);
#3450=VERTEX_POINT('',#11592);
#3451=VERTEX_POINT('',#11596);
#3452=VERTEX_POINT('',#11607);
#3453=VERTEX_POINT('',#11611);
#3454=VERTEX_POINT('',#11617);
#3455=VERTEX_POINT('',#11619);
#3456=VERTEX_POINT('',#11628);
#3457=VERTEX_POINT('',#11632);
#3458=VERTEX_POINT('',#11643);
#3459=VERTEX_POINT('',#11647);
#3460=VERTEX_POINT('',#11694);
#3461=VERTEX_POINT('',#11695);
#3462=VERTEX_POINT('',#11711);
#3463=VERTEX_POINT('',#11713);
#3464=VERTEX_POINT('',#11736);
#3465=VERTEX_POINT('',#11740);
#3466=VERTEX_POINT('',#11751);
#3467=VERTEX_POINT('',#11755);
#3468=VERTEX_POINT('',#11761);
#3469=VERTEX_POINT('',#11763);
#3470=VERTEX_POINT('',#11772);
#3471=VERTEX_POINT('',#11776);
#3472=VERTEX_POINT('',#11787);
#3473=VERTEX_POINT('',#11791);
#3474=VERTEX_POINT('',#11802);
#3475=VERTEX_POINT('',#11806);
#3476=VERTEX_POINT('',#11841);
#3477=VERTEX_POINT('',#11857);
#3478=VERTEX_POINT('',#11880);
#3479=VERTEX_POINT('',#11884);
#3480=VERTEX_POINT('',#11895);
#3481=VERTEX_POINT('',#11899);
#3482=VERTEX_POINT('',#11905);
#3483=VERTEX_POINT('',#11907);
#3484=VERTEX_POINT('',#11916);
#3485=VERTEX_POINT('',#11920);
#3486=VERTEX_POINT('',#11931);
#3487=VERTEX_POINT('',#11935);
#3488=VERTEX_POINT('',#11960);
#3489=VERTEX_POINT('',#11961);
#3490=VERTEX_POINT('',#11965);
#3491=VERTEX_POINT('',#11967);
#3492=VERTEX_POINT('',#11973);
#3493=VERTEX_POINT('',#11975);
#3494=VERTEX_POINT('',#11984);
#3495=VERTEX_POINT('',#11988);
#3496=VERTEX_POINT('',#11999);
#3497=VERTEX_POINT('',#12003);
#3498=VERTEX_POINT('',#12014);
#3499=VERTEX_POINT('',#12018);
#3500=VERTEX_POINT('',#12029);
#3501=VERTEX_POINT('',#12033);
#3502=VERTEX_POINT('',#12044);
#3503=VERTEX_POINT('',#12048);
#3504=VERTEX_POINT('',#12059);
#3505=VERTEX_POINT('',#12063);
#3506=VERTEX_POINT('',#12074);
#3507=VERTEX_POINT('',#12078);
#3508=VERTEX_POINT('',#12089);
#3509=VERTEX_POINT('',#12093);
#3510=VERTEX_POINT('',#12099);
#3511=VERTEX_POINT('',#12101);
#3512=VERTEX_POINT('',#12110);
#3513=VERTEX_POINT('',#12114);
#3514=VERTEX_POINT('',#12125);
#3515=VERTEX_POINT('',#12129);
#3516=VERTEX_POINT('',#12140);
#3517=VERTEX_POINT('',#12144);
#3518=VERTEX_POINT('',#12155);
#3519=VERTEX_POINT('',#12159);
#3520=VERTEX_POINT('',#12170);
#3521=VERTEX_POINT('',#12174);
#3522=VERTEX_POINT('',#12180);
#3523=VERTEX_POINT('',#12182);
#3524=VERTEX_POINT('',#12191);
#3525=VERTEX_POINT('',#12195);
#3526=VERTEX_POINT('',#12206);
#3527=VERTEX_POINT('',#12210);
#3528=VERTEX_POINT('',#12221);
#3529=VERTEX_POINT('',#12225);
#3530=VERTEX_POINT('',#12236);
#3531=VERTEX_POINT('',#12240);
#3532=VERTEX_POINT('',#12251);
#3533=VERTEX_POINT('',#12255);
#3534=VERTEX_POINT('',#12266);
#3535=VERTEX_POINT('',#12270);
#3536=VERTEX_POINT('',#12281);
#3537=VERTEX_POINT('',#12285);
#3538=VERTEX_POINT('',#12296);
#3539=VERTEX_POINT('',#12300);
#3540=VERTEX_POINT('',#12306);
#3541=VERTEX_POINT('',#12308);
#3542=VERTEX_POINT('',#12317);
#3543=VERTEX_POINT('',#12321);
#3544=VERTEX_POINT('',#12332);
#3545=VERTEX_POINT('',#12336);
#3546=VERTEX_POINT('',#12371);
#3547=VERTEX_POINT('',#12387);
#3548=VERTEX_POINT('',#12410);
#3549=VERTEX_POINT('',#12411);
#3550=VERTEX_POINT('',#12413);
#3551=VERTEX_POINT('',#12415);
#3552=VERTEX_POINT('',#12417);
#3553=VERTEX_POINT('',#12421);
#3554=VERTEX_POINT('',#12423);
#3555=VERTEX_POINT('',#12427);
#3556=VERTEX_POINT('',#12429);
#3557=VERTEX_POINT('',#12431);
#3558=VERTEX_POINT('',#12435);
#3559=VERTEX_POINT('',#12448);
#3560=VERTEX_POINT('',#12450);
#3561=VERTEX_POINT('',#12452);
#3562=VERTEX_POINT('',#12454);
#3563=VERTEX_POINT('',#12458);
#3564=VERTEX_POINT('',#12460);
#3565=VERTEX_POINT('',#12462);
#3566=VERTEX_POINT('',#12464);
#3567=VERTEX_POINT('',#12466);
#3568=VERTEX_POINT('',#12485);
#3569=VERTEX_POINT('',#12487);
#3570=VERTEX_POINT('',#12489);
#3571=VERTEX_POINT('',#12491);
#3572=VERTEX_POINT('',#12493);
#3573=VERTEX_POINT('',#12495);
#3574=VERTEX_POINT('',#12497);
#3575=VERTEX_POINT('',#12499);
#3576=VERTEX_POINT('',#12503);
#3577=VERTEX_POINT('',#12505);
#3578=VERTEX_POINT('',#12507);
#3579=VERTEX_POINT('',#12509);
#3580=VERTEX_POINT('',#12513);
#3581=VERTEX_POINT('',#12514);
#3582=VERTEX_POINT('',#12516);
#3583=VERTEX_POINT('',#12518);
#3584=VERTEX_POINT('',#12520);
#3585=VERTEX_POINT('',#12524);
#3586=VERTEX_POINT('',#12526);
#3587=VERTEX_POINT('',#12528);
#3588=VERTEX_POINT('',#12530);
#3589=VERTEX_POINT('',#12532);
#3590=VERTEX_POINT('',#12534);
#3591=VERTEX_POINT('',#12536);
#3592=VERTEX_POINT('',#12538);
#3593=VERTEX_POINT('',#12540);
#3594=VERTEX_POINT('',#12542);
#3595=VERTEX_POINT('',#12544);
#3596=VERTEX_POINT('',#12546);
#3597=VERTEX_POINT('',#12548);
#3598=VERTEX_POINT('',#12550);
#3599=VERTEX_POINT('',#12552);
#3600=VERTEX_POINT('',#12554);
#3601=VERTEX_POINT('',#12556);
#3602=VERTEX_POINT('',#12558);
#3603=VERTEX_POINT('',#12562);
#3604=VERTEX_POINT('',#12566);
#3605=VERTEX_POINT('',#12567);
#3606=VERTEX_POINT('',#12569);
#3607=VERTEX_POINT('',#12571);
#3608=VERTEX_POINT('',#12575);
#3609=VERTEX_POINT('',#12576);
#3610=VERTEX_POINT('',#12581);
#3611=VERTEX_POINT('',#12582);
#3612=VERTEX_POINT('',#12587);
#3613=VERTEX_POINT('',#12589);
#3614=VERTEX_POINT('',#12593);
#3615=VERTEX_POINT('',#12595);
#3616=VERTEX_POINT('',#12599);
#3617=VERTEX_POINT('',#12600);
#3618=VERTEX_POINT('',#12605);
#3619=VERTEX_POINT('',#12606);
#3620=VERTEX_POINT('',#12611);
#3621=VERTEX_POINT('',#12613);
#3622=VERTEX_POINT('',#12617);
#3623=VERTEX_POINT('',#12621);
#3624=VERTEX_POINT('',#12625);
#3625=VERTEX_POINT('',#12628);
#3626=VERTEX_POINT('',#12630);
#3627=VERTEX_POINT('',#12632);
#3628=VERTEX_POINT('',#12634);
#3629=VERTEX_POINT('',#12637);
#3630=VERTEX_POINT('',#12641);
#3631=VERTEX_POINT('',#12645);
#3632=VERTEX_POINT('',#12649);
#3633=VERTEX_POINT('',#12651);
#3634=VERTEX_POINT('',#12653);
#3635=VERTEX_POINT('',#12655);
#3636=VERTEX_POINT('',#12657);
#3637=VERTEX_POINT('',#12659);
#3638=VERTEX_POINT('',#12661);
#3639=VERTEX_POINT('',#12663);
#3640=VERTEX_POINT('',#12665);
#3641=VERTEX_POINT('',#12667);
#3642=VERTEX_POINT('',#12669);
#3643=VERTEX_POINT('',#12671);
#3644=VERTEX_POINT('',#12673);
#3645=VERTEX_POINT('',#12675);
#3646=VERTEX_POINT('',#12677);
#3647=VERTEX_POINT('',#12680);
#3648=VERTEX_POINT('',#12682);
#3649=VERTEX_POINT('',#12685);
#3650=VERTEX_POINT('',#12687);
#3651=VERTEX_POINT('',#12691);
#3652=VERTEX_POINT('',#12695);
#3653=VERTEX_POINT('',#12697);
#3654=VERTEX_POINT('',#12701);
#3655=VERTEX_POINT('',#12707);
#3656=VERTEX_POINT('',#12713);
#3657=VERTEX_POINT('',#12715);
#3658=VERTEX_POINT('',#12717);
#3659=VERTEX_POINT('',#12719);
#3660=VERTEX_POINT('',#12721);
#3661=VERTEX_POINT('',#12725);
#3662=VERTEX_POINT('',#12730);
#3663=VERTEX_POINT('',#12731);
#3664=VERTEX_POINT('',#12735);
#3665=VERTEX_POINT('',#12752);
#3666=VERTEX_POINT('',#12759);
#3667=VERTEX_POINT('',#12761);
#3668=VERTEX_POINT('',#12763);
#3669=VERTEX_POINT('',#12772);
#3670=VERTEX_POINT('',#12777);
#3671=VERTEX_POINT('',#12778);
#3672=VERTEX_POINT('',#12793);
#3673=VERTEX_POINT('',#12799);
#3674=VERTEX_POINT('',#12801);
#3675=VERTEX_POINT('',#12803);
#3676=VERTEX_POINT('',#12812);
#3677=VERTEX_POINT('',#12819);
#3678=VERTEX_POINT('',#12826);
#3679=VERTEX_POINT('',#12833);
#3680=VERTEX_POINT('',#12835);
#3681=VERTEX_POINT('',#12839);
#3682=VERTEX_POINT('',#12840);
#3683=VERTEX_POINT('',#12842);
#3684=VERTEX_POINT('',#12844);
#3685=VERTEX_POINT('',#12846);
#3686=VERTEX_POINT('',#12848);
#3687=VERTEX_POINT('',#12852);
#3688=VERTEX_POINT('',#12853);
#3689=VERTEX_POINT('',#12855);
#3690=VERTEX_POINT('',#12857);
#3691=VERTEX_POINT('',#12859);
#3692=VERTEX_POINT('',#12861);
#3693=VERTEX_POINT('',#12865);
#3694=VERTEX_POINT('',#12867);
#3695=VERTEX_POINT('',#12869);
#3696=VERTEX_POINT('',#12873);
#3697=VERTEX_POINT('',#12875);
#3698=VERTEX_POINT('',#12877);
#3699=VERTEX_POINT('',#12882);
#3700=VERTEX_POINT('',#12883);
#3701=VERTEX_POINT('',#12888);
#3702=VERTEX_POINT('',#12889);
#3703=VERTEX_POINT('',#12896);
#3704=VERTEX_POINT('',#12897);
#3705=VERTEX_POINT('',#12902);
#3706=VERTEX_POINT('',#12903);
#3707=VERTEX_POINT('',#12913);
#3708=VERTEX_POINT('',#12914);
#3709=VERTEX_POINT('',#12921);
#3710=VERTEX_POINT('',#12922);
#3711=VERTEX_POINT('',#12924);
#3712=VERTEX_POINT('',#12930);
#3713=VERTEX_POINT('',#12934);
#3714=VERTEX_POINT('',#12936);
#3715=VERTEX_POINT('',#12938);
#3716=VERTEX_POINT('',#12940);
#3717=VERTEX_POINT('',#12948);
#3718=VERTEX_POINT('',#12950);
#3719=VERTEX_POINT('',#12953);
#3720=VERTEX_POINT('',#12955);
#3721=VERTEX_POINT('',#12958);
#3722=VERTEX_POINT('',#12960);
#3723=VERTEX_POINT('',#12962);
#3724=VERTEX_POINT('',#12964);
#3725=VERTEX_POINT('',#12966);
#3726=VERTEX_POINT('',#12968);
#3727=VERTEX_POINT('',#12970);
#3728=VERTEX_POINT('',#12972);
#3729=VERTEX_POINT('',#12974);
#3730=VERTEX_POINT('',#12976);
#3731=VERTEX_POINT('',#12980);
#3732=VERTEX_POINT('',#12984);
#3733=VERTEX_POINT('',#12988);
#3734=VERTEX_POINT('',#12992);
#3735=VERTEX_POINT('',#12996);
#3736=VERTEX_POINT('',#13000);
#3737=VERTEX_POINT('',#13002);
#3738=VERTEX_POINT('',#13004);
#3739=VERTEX_POINT('',#13006);
#3740=VERTEX_POINT('',#13008);
#3741=VERTEX_POINT('',#13010);
#3742=VERTEX_POINT('',#13012);
#3743=VERTEX_POINT('',#13014);
#3744=VERTEX_POINT('',#13016);
#3745=VERTEX_POINT('',#13018);
#3746=VERTEX_POINT('',#13020);
#3747=VERTEX_POINT('',#13022);
#3748=VERTEX_POINT('',#13024);
#3749=VERTEX_POINT('',#13026);
#3750=VERTEX_POINT('',#13028);
#3751=VERTEX_POINT('',#13030);
#3752=VERTEX_POINT('',#13032);
#3753=VERTEX_POINT('',#13034);
#3754=VERTEX_POINT('',#13036);
#3755=VERTEX_POINT('',#13046);
#3756=VERTEX_POINT('',#13050);
#3757=VERTEX_POINT('',#13055);
#3758=VERTEX_POINT('',#13061);
#3759=VERTEX_POINT('',#13065);
#3760=VERTEX_POINT('',#13071);
#3761=VERTEX_POINT('',#13075);
#3762=VERTEX_POINT('',#13081);
#3763=VERTEX_POINT('',#13085);
#3764=VERTEX_POINT('',#13094);
#3765=VERTEX_POINT('',#13097);
#3766=VERTEX_POINT('',#13100);
#3767=VERTEX_POINT('',#13102);
#3768=VERTEX_POINT('',#13105);
#3769=VERTEX_POINT('',#13107);
#3770=VERTEX_POINT('',#13111);
#3771=VERTEX_POINT('',#13115);
#3772=VERTEX_POINT('',#13117);
#3773=VERTEX_POINT('',#13119);
#3774=VERTEX_POINT('',#13121);
#3775=VERTEX_POINT('',#13125);
#3776=VERTEX_POINT('',#13127);
#3777=VERTEX_POINT('',#13129);
#3778=VERTEX_POINT('',#13133);
#3779=VERTEX_POINT('',#13135);
#3780=VERTEX_POINT('',#13137);
#3781=VERTEX_POINT('',#13142);
#3782=VERTEX_POINT('',#13143);
#3783=VERTEX_POINT('',#13148);
#3784=VERTEX_POINT('',#13149);
#3785=VERTEX_POINT('',#13156);
#3786=VERTEX_POINT('',#13157);
#3787=VERTEX_POINT('',#13162);
#3788=VERTEX_POINT('',#13163);
#3789=VERTEX_POINT('',#13170);
#3790=VERTEX_POINT('',#13181);
#3791=VERTEX_POINT('',#13185);
#3792=VERTEX_POINT('',#13189);
#3793=VERTEX_POINT('',#13193);
#3794=VERTEX_POINT('',#13199);
#3795=VERTEX_POINT('',#13201);
#3796=VERTEX_POINT('',#13209);
#3797=VERTEX_POINT('',#13213);
#3798=VERTEX_POINT('',#13217);
#3799=VERTEX_POINT('',#13221);
#3800=VERTEX_POINT('',#13225);
#3801=VERTEX_POINT('',#13229);
#3802=VERTEX_POINT('',#13233);
#3803=VERTEX_POINT('',#13237);
#3804=VERTEX_POINT('',#13241);
#3805=VERTEX_POINT('',#13245);
#3806=VERTEX_POINT('',#13249);
#3807=VERTEX_POINT('',#13253);
#3808=VERTEX_POINT('',#13262);
#3809=VERTEX_POINT('',#13263);
#3810=VERTEX_POINT('',#13265);
#3811=VERTEX_POINT('',#13267);
#3812=VERTEX_POINT('',#13271);
#3813=VERTEX_POINT('',#13272);
#3814=VERTEX_POINT('',#13274);
#3815=VERTEX_POINT('',#13278);
#3816=VERTEX_POINT('',#13279);
#3817=VERTEX_POINT('',#13281);
#3818=VERTEX_POINT('',#13283);
#3819=VERTEX_POINT('',#13287);
#3820=VERTEX_POINT('',#13288);
#3821=VERTEX_POINT('',#13290);
#3822=VERTEX_POINT('',#13294);
#3823=VERTEX_POINT('',#13315);
#3824=VERTEX_POINT('',#13319);
#3825=VERTEX_POINT('',#13339);
#3826=VERTEX_POINT('',#13360);
#3827=VERTEX_POINT('',#13362);
#3828=VERTEX_POINT('',#13397);
#3829=VERTEX_POINT('',#13403);
#3830=VERTEX_POINT('',#13433);
#3831=VERTEX_POINT('',#13437);
#3832=VERTEX_POINT('',#13441);
#3833=VERTEX_POINT('',#13445);
#3834=EDGE_CURVE('',#3110,#3111,#2968,.T.);
#3835=EDGE_CURVE('',#3111,#3112,#1590,.T.);
#3836=EDGE_CURVE('',#3113,#3112,#2969,.T.);
#3837=EDGE_CURVE('',#3110,#3113,#1591,.T.);
#3838=EDGE_CURVE('',#3110,#3114,#1592,.T.);
#3839=EDGE_CURVE('',#3115,#3113,#1593,.T.);
#3840=EDGE_CURVE('',#3114,#3115,#1594,.T.);
#3841=EDGE_CURVE('',#3116,#3114,#2970,.T.);
#3842=EDGE_CURVE('',#3117,#3115,#2971,.T.);
#3843=EDGE_CURVE('',#3116,#3117,#1595,.T.);
#3844=EDGE_CURVE('',#3118,#3116,#2972,.T.);
#3845=EDGE_CURVE('',#3119,#3117,#2973,.T.);
#3846=EDGE_CURVE('',#3118,#3119,#1596,.T.);
#3847=EDGE_CURVE('',#3118,#3111,#1597,.T.);
#3848=EDGE_CURVE('',#3112,#3119,#1598,.T.);
#3849=EDGE_CURVE('',#3120,#3121,#2974,.T.);
#3850=EDGE_CURVE('',#3121,#3122,#1599,.T.);
#3851=EDGE_CURVE('',#3123,#3122,#2975,.T.);
#3852=EDGE_CURVE('',#3120,#3123,#1600,.T.);
#3853=EDGE_CURVE('',#3120,#3124,#1601,.T.);
#3854=EDGE_CURVE('',#3125,#3123,#1602,.T.);
#3855=EDGE_CURVE('',#3124,#3125,#1603,.T.);
#3856=EDGE_CURVE('',#3126,#3124,#2976,.T.);
#3857=EDGE_CURVE('',#3127,#3125,#2977,.T.);
#3858=EDGE_CURVE('',#3126,#3127,#1604,.T.);
#3859=EDGE_CURVE('',#3128,#3126,#2978,.T.);
#3860=EDGE_CURVE('',#3129,#3127,#2979,.T.);
#3861=EDGE_CURVE('',#3128,#3129,#1605,.T.);
#3862=EDGE_CURVE('',#3128,#3121,#1606,.T.);
#3863=EDGE_CURVE('',#3122,#3129,#1607,.T.);
#3864=EDGE_CURVE('',#3130,#3131,#1608,.T.);
#3865=EDGE_CURVE('',#3131,#3132,#1609,.T.);
#3866=EDGE_CURVE('',#3133,#3132,#1610,.T.);
#3867=EDGE_CURVE('',#3130,#3133,#1611,.T.);
#3868=EDGE_CURVE('',#3134,#3130,#1612,.T.);
#3869=EDGE_CURVE('',#3135,#3133,#1613,.T.);
#3870=EDGE_CURVE('',#3134,#3135,#1614,.T.);
#3871=EDGE_CURVE('',#3131,#3134,#1615,.T.);
#3872=EDGE_CURVE('',#3132,#3135,#1616,.T.);
#3873=EDGE_CURVE('',#3136,#3137,#1617,.T.);
#3874=EDGE_CURVE('',#3137,#3138,#1618,.T.);
#3875=EDGE_CURVE('',#3139,#3138,#1619,.T.);
#3876=EDGE_CURVE('',#3136,#3139,#1620,.T.);
#3877=EDGE_CURVE('',#3140,#3136,#2980,.T.);
#3878=EDGE_CURVE('',#3141,#3139,#2981,.T.);
#3879=EDGE_CURVE('',#3140,#3141,#1621,.T.);
#3880=EDGE_CURVE('',#3142,#3140,#1622,.T.);
#3881=EDGE_CURVE('',#3143,#3141,#1623,.T.);
#3882=EDGE_CURVE('',#3142,#3143,#1624,.T.);
#3883=EDGE_CURVE('',#3144,#3142,#1625,.T.);
#3884=EDGE_CURVE('',#3145,#3143,#1626,.T.);
#3885=EDGE_CURVE('',#3144,#3145,#1627,.T.);
#3886=EDGE_CURVE('',#3144,#3137,#2982,.T.);
#3887=EDGE_CURVE('',#3138,#3145,#2983,.T.);
#3888=EDGE_CURVE('',#3146,#3147,#1628,.T.);
#3889=EDGE_CURVE('',#3147,#3148,#1629,.T.);
#3890=EDGE_CURVE('',#3149,#3148,#1630,.T.);
#3891=EDGE_CURVE('',#3146,#3149,#1631,.T.);
#3892=EDGE_CURVE('',#3150,#3146,#1632,.T.);
#3893=EDGE_CURVE('',#3151,#3149,#1633,.T.);
#3894=EDGE_CURVE('',#3150,#3151,#1634,.T.);
#3895=EDGE_CURVE('',#3152,#3150,#440,.T.);
#3896=EDGE_CURVE('',#3153,#3151,#441,.T.);
#3897=EDGE_CURVE('',#3152,#3153,#1635,.T.);
#3898=EDGE_CURVE('',#3147,#3152,#1636,.T.);
#3899=EDGE_CURVE('',#3148,#3153,#1637,.T.);
#3900=EDGE_CURVE('',#3154,#3155,#1638,.T.);
#3901=EDGE_CURVE('',#3155,#3156,#1639,.T.);
#3902=EDGE_CURVE('',#3157,#3156,#1640,.T.);
#3903=EDGE_CURVE('',#3154,#3157,#1641,.T.);
#3904=EDGE_CURVE('',#3158,#3154,#1642,.T.);
#3905=EDGE_CURVE('',#3159,#3157,#1643,.T.);
#3906=EDGE_CURVE('',#3158,#3159,#1644,.T.);
#3907=EDGE_CURVE('',#3155,#3158,#1645,.T.);
#3908=EDGE_CURVE('',#3156,#3159,#1646,.T.);
#3909=EDGE_CURVE('',#3160,#3161,#69,.T.);
#3910=EDGE_CURVE('',#3160,#3162,#1647,.T.);
#3911=EDGE_CURVE('',#3163,#3162,#70,.T.);
#3912=EDGE_CURVE('',#3161,#3163,#1648,.T.);
#3913=EDGE_CURVE('',#3161,#3164,#1649,.T.);
#3914=EDGE_CURVE('',#3165,#3163,#1650,.T.);
#3915=EDGE_CURVE('',#3164,#3165,#1651,.T.);
#3916=EDGE_CURVE('',#3164,#3166,#71,.T.);
#3917=EDGE_CURVE('',#3167,#3165,#72,.T.);
#3918=EDGE_CURVE('',#3166,#3167,#1652,.T.);
#3919=EDGE_CURVE('',#3166,#3168,#73,.T.);
#3920=EDGE_CURVE('',#3169,#3167,#74,.T.);
#3921=EDGE_CURVE('',#3168,#3169,#1653,.T.);
#3922=EDGE_CURVE('',#3168,#3170,#75,.T.);
#3923=EDGE_CURVE('',#3171,#3169,#76,.T.);
#3924=EDGE_CURVE('',#3170,#3171,#1654,.T.);
#3925=EDGE_CURVE('',#3170,#3172,#77,.T.);
#3926=EDGE_CURVE('',#3173,#3171,#78,.T.);
#3927=EDGE_CURVE('',#3172,#3173,#1655,.T.);
#3928=EDGE_CURVE('',#3172,#3174,#1656,.T.);
#3929=EDGE_CURVE('',#3175,#3173,#1657,.T.);
#3930=EDGE_CURVE('',#3174,#3175,#1658,.T.);
#3931=EDGE_CURVE('',#3174,#3176,#79,.T.);
#3932=EDGE_CURVE('',#3177,#3175,#80,.T.);
#3933=EDGE_CURVE('',#3176,#3177,#1659,.T.);
#3934=EDGE_CURVE('',#3176,#3178,#81,.T.);
#3935=EDGE_CURVE('',#3179,#3177,#82,.T.);
#3936=EDGE_CURVE('',#3178,#3179,#1660,.T.);
#3937=EDGE_CURVE('',#3178,#3160,#83,.T.);
#3938=EDGE_CURVE('',#3162,#3179,#84,.T.);
#3939=EDGE_CURVE('',#3180,#3181,#1661,.T.);
#3940=EDGE_CURVE('',#3181,#3182,#1662,.T.);
#3941=EDGE_CURVE('',#3183,#3182,#1663,.T.);
#3942=EDGE_CURVE('',#3180,#3183,#1664,.T.);
#3943=EDGE_CURVE('',#3184,#3180,#85,.T.);
#3944=EDGE_CURVE('',#3185,#3183,#86,.T.);
#3945=EDGE_CURVE('',#3184,#3185,#1665,.T.);
#3946=EDGE_CURVE('',#3186,#3184,#87,.T.);
#3947=EDGE_CURVE('',#3187,#3185,#88,.T.);
#3948=EDGE_CURVE('',#3186,#3187,#1666,.T.);
#3949=EDGE_CURVE('',#3188,#3186,#1667,.T.);
#3950=EDGE_CURVE('',#3189,#3187,#1668,.T.);
#3951=EDGE_CURVE('',#3188,#3189,#1669,.T.);
#3952=EDGE_CURVE('',#3190,#3188,#1670,.T.);
#3953=EDGE_CURVE('',#3191,#3189,#1671,.T.);
#3954=EDGE_CURVE('',#3190,#3191,#1672,.T.);
#3955=EDGE_CURVE('',#3192,#3190,#1673,.T.);
#3956=EDGE_CURVE('',#3193,#3191,#1674,.T.);
#3957=EDGE_CURVE('',#3192,#3193,#1675,.T.);
#3958=EDGE_CURVE('',#3194,#3192,#89,.T.);
#3959=EDGE_CURVE('',#3195,#3193,#90,.T.);
#3960=EDGE_CURVE('',#3194,#3195,#1676,.T.);
#3961=EDGE_CURVE('',#3196,#3194,#1677,.T.);
#3962=EDGE_CURVE('',#3197,#3195,#1678,.T.);
#3963=EDGE_CURVE('',#3196,#3197,#1679,.T.);
#3964=EDGE_CURVE('',#3198,#3196,#1680,.T.);
#3965=EDGE_CURVE('',#3199,#3197,#1681,.T.);
#3966=EDGE_CURVE('',#3198,#3199,#1682,.T.);
#3967=EDGE_CURVE('',#3200,#3198,#1683,.T.);
#3968=EDGE_CURVE('',#3201,#3199,#1684,.T.);
#3969=EDGE_CURVE('',#3200,#3201,#1685,.T.);
#3970=EDGE_CURVE('',#3202,#3200,#1686,.T.);
#3971=EDGE_CURVE('',#3203,#3201,#1687,.T.);
#3972=EDGE_CURVE('',#3202,#3203,#1688,.T.);
#3973=EDGE_CURVE('',#3204,#3202,#91,.T.);
#3974=EDGE_CURVE('',#3205,#3203,#92,.T.);
#3975=EDGE_CURVE('',#3204,#3205,#1689,.T.);
#3976=EDGE_CURVE('',#3206,#3204,#93,.T.);
#3977=EDGE_CURVE('',#3207,#3205,#94,.T.);
#3978=EDGE_CURVE('',#3206,#3207,#1690,.T.);
#3979=EDGE_CURVE('',#3208,#3206,#95,.T.);
#3980=EDGE_CURVE('',#3209,#3207,#96,.T.);
#3981=EDGE_CURVE('',#3208,#3209,#1691,.T.);
#3982=EDGE_CURVE('',#3210,#3208,#97,.T.);
#3983=EDGE_CURVE('',#3211,#3209,#98,.T.);
#3984=EDGE_CURVE('',#3210,#3211,#1692,.T.);
#3985=EDGE_CURVE('',#3212,#3210,#99,.T.);
#3986=EDGE_CURVE('',#3213,#3211,#100,.T.);
#3987=EDGE_CURVE('',#3212,#3213,#1693,.T.);
#3988=EDGE_CURVE('',#3214,#3212,#1694,.T.);
#3989=EDGE_CURVE('',#3215,#3213,#1695,.T.);
#3990=EDGE_CURVE('',#3214,#3215,#1696,.T.);
#3991=EDGE_CURVE('',#3216,#3214,#101,.T.);
#3992=EDGE_CURVE('',#3217,#3215,#102,.T.);
#3993=EDGE_CURVE('',#3216,#3217,#1697,.T.);
#3994=EDGE_CURVE('',#3218,#3216,#103,.T.);
#3995=EDGE_CURVE('',#3219,#3217,#104,.T.);
#3996=EDGE_CURVE('',#3218,#3219,#1698,.T.);
#3997=EDGE_CURVE('',#3220,#3218,#105,.T.);
#3998=EDGE_CURVE('',#3221,#3219,#106,.T.);
#3999=EDGE_CURVE('',#3220,#3221,#1699,.T.);
#4000=EDGE_CURVE('',#3222,#3220,#107,.T.);
#4001=EDGE_CURVE('',#3223,#3221,#108,.T.);
#4002=EDGE_CURVE('',#3222,#3223,#1700,.T.);
#4003=EDGE_CURVE('',#3181,#3222,#109,.T.);
#4004=EDGE_CURVE('',#3182,#3223,#110,.T.);
#4005=EDGE_CURVE('',#3224,#3225,#2984,.T.);
#4006=EDGE_CURVE('',#3224,#3226,#1701,.T.);
#4007=EDGE_CURVE('',#3227,#3226,#2985,.T.);
#4008=EDGE_CURVE('',#3225,#3227,#1702,.T.);
#4009=EDGE_CURVE('',#3225,#3228,#2986,.T.);
#4010=EDGE_CURVE('',#3229,#3227,#2987,.T.);
#4011=EDGE_CURVE('',#3228,#3229,#1703,.T.);
#4012=EDGE_CURVE('',#3228,#3230,#2988,.T.);
#4013=EDGE_CURVE('',#3231,#3229,#2989,.T.);
#4014=EDGE_CURVE('',#3230,#3231,#1704,.T.);
#4015=EDGE_CURVE('',#3230,#3224,#2990,.T.);
#4016=EDGE_CURVE('',#3226,#3231,#2991,.T.);
#4017=EDGE_CURVE('',#3232,#3233,#442,.T.);
#4018=EDGE_CURVE('',#3233,#3234,#1705,.T.);
#4019=EDGE_CURVE('',#3235,#3234,#443,.T.);
#4020=EDGE_CURVE('',#3232,#3235,#1706,.T.);
#4021=EDGE_CURVE('',#3236,#3232,#444,.T.);
#4022=EDGE_CURVE('',#3237,#3235,#445,.T.);
#4023=EDGE_CURVE('',#3236,#3237,#1707,.T.);
#4024=EDGE_CURVE('',#3238,#3236,#446,.T.);
#4025=EDGE_CURVE('',#3239,#3237,#447,.T.);
#4026=EDGE_CURVE('',#3238,#3239,#1708,.T.);
#4027=EDGE_CURVE('',#3240,#3238,#1709,.T.);
#4028=EDGE_CURVE('',#3241,#3239,#1710,.T.);
#4029=EDGE_CURVE('',#3240,#3241,#1711,.T.);
#4030=EDGE_CURVE('',#3233,#3240,#2992,.T.);
#4031=EDGE_CURVE('',#3234,#3241,#2993,.T.);
#4032=EDGE_CURVE('',#3242,#3243,#111,.T.);
#4033=EDGE_CURVE('',#3242,#3244,#1712,.T.);
#4034=EDGE_CURVE('',#3245,#3244,#112,.T.);
#4035=EDGE_CURVE('',#3243,#3245,#1713,.T.);
#4036=EDGE_CURVE('',#3243,#3246,#1714,.T.);
#4037=EDGE_CURVE('',#3247,#3245,#1715,.T.);
#4038=EDGE_CURVE('',#3246,#3247,#1716,.T.);
#4039=EDGE_CURVE('',#3246,#3248,#113,.T.);
#4040=EDGE_CURVE('',#3249,#3247,#114,.T.);
#4041=EDGE_CURVE('',#3248,#3249,#1717,.T.);
#4042=EDGE_CURVE('',#3248,#3250,#115,.T.);
#4043=EDGE_CURVE('',#3251,#3249,#116,.T.);
#4044=EDGE_CURVE('',#3250,#3251,#1718,.T.);
#4045=EDGE_CURVE('',#3250,#3252,#117,.T.);
#4046=EDGE_CURVE('',#3253,#3251,#118,.T.);
#4047=EDGE_CURVE('',#3252,#3253,#1719,.T.);
#4048=EDGE_CURVE('',#3252,#3254,#119,.T.);
#4049=EDGE_CURVE('',#3255,#3253,#120,.T.);
#4050=EDGE_CURVE('',#3254,#3255,#1720,.T.);
#4051=EDGE_CURVE('',#3254,#3256,#1721,.T.);
#4052=EDGE_CURVE('',#3257,#3255,#1722,.T.);
#4053=EDGE_CURVE('',#3256,#3257,#1723,.T.);
#4054=EDGE_CURVE('',#3256,#3258,#121,.T.);
#4055=EDGE_CURVE('',#3259,#3257,#122,.T.);
#4056=EDGE_CURVE('',#3258,#3259,#1724,.T.);
#4057=EDGE_CURVE('',#3258,#3260,#123,.T.);
#4058=EDGE_CURVE('',#3261,#3259,#124,.T.);
#4059=EDGE_CURVE('',#3260,#3261,#1725,.T.);
#4060=EDGE_CURVE('',#3260,#3242,#125,.T.);
#4061=EDGE_CURVE('',#3244,#3261,#126,.T.);
#4062=EDGE_CURVE('',#3262,#3263,#1726,.T.);
#4063=EDGE_CURVE('',#3263,#3264,#1727,.T.);
#4064=EDGE_CURVE('',#3265,#3264,#1728,.T.);
#4065=EDGE_CURVE('',#3262,#3265,#1729,.T.);
#4066=EDGE_CURVE('',#3266,#3262,#1730,.T.);
#4067=EDGE_CURVE('',#3267,#3265,#1731,.T.);
#4068=EDGE_CURVE('',#3266,#3267,#1732,.T.);
#4069=EDGE_CURVE('',#3268,#3266,#1733,.T.);
#4070=EDGE_CURVE('',#3269,#3267,#1734,.T.);
#4071=EDGE_CURVE('',#3268,#3269,#1735,.T.);
#4072=EDGE_CURVE('',#3270,#3268,#127,.T.);
#4073=EDGE_CURVE('',#3271,#3269,#128,.T.);
#4074=EDGE_CURVE('',#3270,#3271,#1736,.T.);
#4075=EDGE_CURVE('',#3272,#3270,#129,.T.);
#4076=EDGE_CURVE('',#3273,#3271,#130,.T.);
#4077=EDGE_CURVE('',#3272,#3273,#1737,.T.);
#4078=EDGE_CURVE('',#3274,#3272,#131,.T.);
#4079=EDGE_CURVE('',#3275,#3273,#132,.T.);
#4080=EDGE_CURVE('',#3274,#3275,#1738,.T.);
#4081=EDGE_CURVE('',#3276,#3274,#133,.T.);
#4082=EDGE_CURVE('',#3277,#3275,#134,.T.);
#4083=EDGE_CURVE('',#3276,#3277,#1739,.T.);
#4084=EDGE_CURVE('',#3278,#3276,#135,.T.);
#4085=EDGE_CURVE('',#3279,#3277,#136,.T.);
#4086=EDGE_CURVE('',#3278,#3279,#1740,.T.);
#4087=EDGE_CURVE('',#3280,#3278,#1741,.T.);
#4088=EDGE_CURVE('',#3281,#3279,#1742,.T.);
#4089=EDGE_CURVE('',#3280,#3281,#1743,.T.);
#4090=EDGE_CURVE('',#3282,#3280,#137,.T.);
#4091=EDGE_CURVE('',#3283,#3281,#138,.T.);
#4092=EDGE_CURVE('',#3282,#3283,#1744,.T.);
#4093=EDGE_CURVE('',#3284,#3282,#139,.T.);
#4094=EDGE_CURVE('',#3285,#3283,#140,.T.);
#4095=EDGE_CURVE('',#3284,#3285,#1745,.T.);
#4096=EDGE_CURVE('',#3286,#3284,#141,.T.);
#4097=EDGE_CURVE('',#3287,#3285,#142,.T.);
#4098=EDGE_CURVE('',#3286,#3287,#1746,.T.);
#4099=EDGE_CURVE('',#3288,#3286,#143,.T.);
#4100=EDGE_CURVE('',#3289,#3287,#144,.T.);
#4101=EDGE_CURVE('',#3288,#3289,#1747,.T.);
#4102=EDGE_CURVE('',#3290,#3288,#145,.T.);
#4103=EDGE_CURVE('',#3291,#3289,#146,.T.);
#4104=EDGE_CURVE('',#3290,#3291,#1748,.T.);
#4105=EDGE_CURVE('',#3292,#3290,#1749,.T.);
#4106=EDGE_CURVE('',#3293,#3291,#1750,.T.);
#4107=EDGE_CURVE('',#3292,#3293,#1751,.T.);
#4108=EDGE_CURVE('',#3294,#3292,#1752,.T.);
#4109=EDGE_CURVE('',#3295,#3293,#1753,.T.);
#4110=EDGE_CURVE('',#3294,#3295,#1754,.T.);
#4111=EDGE_CURVE('',#3296,#3294,#1755,.T.);
#4112=EDGE_CURVE('',#3297,#3295,#1756,.T.);
#4113=EDGE_CURVE('',#3296,#3297,#1757,.T.);
#4114=EDGE_CURVE('',#3263,#3296,#1758,.T.);
#4115=EDGE_CURVE('',#3264,#3297,#1759,.T.);
#4116=EDGE_CURVE('',#3298,#3299,#2994,.T.);
#4117=EDGE_CURVE('',#3298,#3300,#1760,.T.);
#4118=EDGE_CURVE('',#3301,#3300,#2995,.T.);
#4119=EDGE_CURVE('',#3299,#3301,#1761,.T.);
#4120=EDGE_CURVE('',#3299,#3302,#2996,.T.);
#4121=EDGE_CURVE('',#3303,#3301,#2997,.T.);
#4122=EDGE_CURVE('',#3302,#3303,#1762,.T.);
#4123=EDGE_CURVE('',#3302,#3304,#2998,.T.);
#4124=EDGE_CURVE('',#3305,#3303,#2999,.T.);
#4125=EDGE_CURVE('',#3304,#3305,#1763,.T.);
#4126=EDGE_CURVE('',#3304,#3298,#3000,.T.);
#4127=EDGE_CURVE('',#3300,#3305,#3001,.T.);
#4128=EDGE_CURVE('',#3306,#3307,#448,.T.);
#4129=EDGE_CURVE('',#3307,#3308,#1764,.T.);
#4130=EDGE_CURVE('',#3309,#3308,#449,.T.);
#4131=EDGE_CURVE('',#3306,#3309,#1765,.T.);
#4132=EDGE_CURVE('',#3310,#3306,#450,.T.);
#4133=EDGE_CURVE('',#3311,#3309,#451,.T.);
#4134=EDGE_CURVE('',#3310,#3311,#1766,.T.);
#4135=EDGE_CURVE('',#3312,#3310,#452,.T.);
#4136=EDGE_CURVE('',#3313,#3311,#453,.T.);
#4137=EDGE_CURVE('',#3312,#3313,#1767,.T.);
#4138=EDGE_CURVE('',#3314,#3312,#454,.T.);
#4139=EDGE_CURVE('',#3315,#3313,#455,.T.);
#4140=EDGE_CURVE('',#3314,#3315,#1768,.T.);
#4141=EDGE_CURVE('',#3316,#3314,#1769,.T.);
#4142=EDGE_CURVE('',#3317,#3315,#1770,.T.);
#4143=EDGE_CURVE('',#3316,#3317,#1771,.T.);
#4144=EDGE_CURVE('',#3318,#3316,#1772,.T.);
#4145=EDGE_CURVE('',#3319,#3317,#1773,.T.);
#4146=EDGE_CURVE('',#3318,#3319,#1774,.T.);
#4147=EDGE_CURVE('',#3307,#3318,#1775,.T.);
#4148=EDGE_CURVE('',#3308,#3319,#1776,.T.);
#4149=EDGE_CURVE('',#3320,#3321,#1777,.T.);
#4150=EDGE_CURVE('',#3321,#3322,#1778,.T.);
#4151=EDGE_CURVE('',#3323,#3322,#1779,.T.);
#4152=EDGE_CURVE('',#3320,#3323,#1780,.T.);
#4153=EDGE_CURVE('',#3324,#3320,#1781,.T.);
#4154=EDGE_CURVE('',#3325,#3323,#1782,.T.);
#4155=EDGE_CURVE('',#3324,#3325,#1783,.T.);
#4156=EDGE_CURVE('',#3326,#3324,#1784,.T.);
#4157=EDGE_CURVE('',#3327,#3325,#1785,.T.);
#4158=EDGE_CURVE('',#3326,#3327,#1786,.T.);
#4159=EDGE_CURVE('',#3321,#3326,#1787,.T.);
#4160=EDGE_CURVE('',#3322,#3327,#1788,.T.);
#4161=EDGE_CURVE('',#3328,#3329,#147,.T.);
#4162=EDGE_CURVE('',#3328,#3330,#1789,.T.);
#4163=EDGE_CURVE('',#3331,#3330,#148,.T.);
#4164=EDGE_CURVE('',#3329,#3331,#1790,.T.);
#4165=EDGE_CURVE('',#3329,#3332,#1791,.T.);
#4166=EDGE_CURVE('',#3333,#3331,#1792,.T.);
#4167=EDGE_CURVE('',#3332,#3333,#1793,.T.);
#4168=EDGE_CURVE('',#3332,#3334,#149,.T.);
#4169=EDGE_CURVE('',#3335,#3333,#150,.T.);
#4170=EDGE_CURVE('',#3334,#3335,#1794,.T.);
#4171=EDGE_CURVE('',#3334,#3336,#151,.T.);
#4172=EDGE_CURVE('',#3337,#3335,#152,.T.);
#4173=EDGE_CURVE('',#3336,#3337,#1795,.T.);
#4174=EDGE_CURVE('',#3336,#3338,#153,.T.);
#4175=EDGE_CURVE('',#3339,#3337,#154,.T.);
#4176=EDGE_CURVE('',#3338,#3339,#1796,.T.);
#4177=EDGE_CURVE('',#3338,#3340,#155,.T.);
#4178=EDGE_CURVE('',#3341,#3339,#156,.T.);
#4179=EDGE_CURVE('',#3340,#3341,#1797,.T.);
#4180=EDGE_CURVE('',#3340,#3342,#1798,.T.);
#4181=EDGE_CURVE('',#3343,#3341,#1799,.T.);
#4182=EDGE_CURVE('',#3342,#3343,#1800,.T.);
#4183=EDGE_CURVE('',#3342,#3344,#157,.T.);
#4184=EDGE_CURVE('',#3345,#3343,#158,.T.);
#4185=EDGE_CURVE('',#3344,#3345,#1801,.T.);
#4186=EDGE_CURVE('',#3344,#3346,#159,.T.);
#4187=EDGE_CURVE('',#3347,#3345,#160,.T.);
#4188=EDGE_CURVE('',#3346,#3347,#1802,.T.);
#4189=EDGE_CURVE('',#3346,#3328,#161,.T.);
#4190=EDGE_CURVE('',#3330,#3347,#162,.T.);
#4191=EDGE_CURVE('',#3348,#3349,#1803,.T.);
#4192=EDGE_CURVE('',#3349,#3350,#1804,.T.);
#4193=EDGE_CURVE('',#3351,#3350,#1805,.T.);
#4194=EDGE_CURVE('',#3348,#3351,#1806,.T.);
#4195=EDGE_CURVE('',#3352,#3348,#1807,.T.);
#4196=EDGE_CURVE('',#3353,#3351,#1808,.T.);
#4197=EDGE_CURVE('',#3352,#3353,#1809,.T.);
#4198=EDGE_CURVE('',#3354,#3352,#1810,.T.);
#4199=EDGE_CURVE('',#3355,#3353,#1811,.T.);
#4200=EDGE_CURVE('',#3354,#3355,#1812,.T.);
#4201=EDGE_CURVE('',#3356,#3354,#1813,.T.);
#4202=EDGE_CURVE('',#3357,#3355,#1814,.T.);
#4203=EDGE_CURVE('',#3356,#3357,#1815,.T.);
#4204=EDGE_CURVE('',#3358,#3356,#1816,.T.);
#4205=EDGE_CURVE('',#3359,#3357,#1817,.T.);
#4206=EDGE_CURVE('',#3358,#3359,#1818,.T.);
#4207=EDGE_CURVE('',#3360,#3358,#1819,.T.);
#4208=EDGE_CURVE('',#3361,#3359,#1820,.T.);
#4209=EDGE_CURVE('',#3360,#3361,#1821,.T.);
#4210=EDGE_CURVE('',#3362,#3360,#1822,.T.);
#4211=EDGE_CURVE('',#3363,#3361,#1823,.T.);
#4212=EDGE_CURVE('',#3362,#3363,#1824,.T.);
#4213=EDGE_CURVE('',#3364,#3362,#163,.T.);
#4214=EDGE_CURVE('',#3365,#3363,#164,.T.);
#4215=EDGE_CURVE('',#3364,#3365,#1825,.T.);
#4216=EDGE_CURVE('',#3366,#3364,#165,.T.);
#4217=EDGE_CURVE('',#3367,#3365,#166,.T.);
#4218=EDGE_CURVE('',#3366,#3367,#1826,.T.);
#4219=EDGE_CURVE('',#3368,#3366,#167,.T.);
#4220=EDGE_CURVE('',#3369,#3367,#168,.T.);
#4221=EDGE_CURVE('',#3368,#3369,#1827,.T.);
#4222=EDGE_CURVE('',#3370,#3368,#169,.T.);
#4223=EDGE_CURVE('',#3371,#3369,#170,.T.);
#4224=EDGE_CURVE('',#3370,#3371,#1828,.T.);
#4225=EDGE_CURVE('',#3372,#3370,#171,.T.);
#4226=EDGE_CURVE('',#3373,#3371,#172,.T.);
#4227=EDGE_CURVE('',#3372,#3373,#1829,.T.);
#4228=EDGE_CURVE('',#3374,#3372,#1830,.T.);
#4229=EDGE_CURVE('',#3375,#3373,#1831,.T.);
#4230=EDGE_CURVE('',#3374,#3375,#1832,.T.);
#4231=EDGE_CURVE('',#3376,#3374,#173,.T.);
#4232=EDGE_CURVE('',#3377,#3375,#174,.T.);
#4233=EDGE_CURVE('',#3376,#3377,#1833,.T.);
#4234=EDGE_CURVE('',#3378,#3376,#175,.T.);
#4235=EDGE_CURVE('',#3379,#3377,#176,.T.);
#4236=EDGE_CURVE('',#3378,#3379,#1834,.T.);
#4237=EDGE_CURVE('',#3380,#3378,#177,.T.);
#4238=EDGE_CURVE('',#3381,#3379,#178,.T.);
#4239=EDGE_CURVE('',#3380,#3381,#1835,.T.);
#4240=EDGE_CURVE('',#3382,#3380,#179,.T.);
#4241=EDGE_CURVE('',#3383,#3381,#180,.T.);
#4242=EDGE_CURVE('',#3382,#3383,#1836,.T.);
#4243=EDGE_CURVE('',#3349,#3382,#181,.T.);
#4244=EDGE_CURVE('',#3350,#3383,#182,.T.);
#4245=EDGE_CURVE('',#3384,#3385,#183,.T.);
#4246=EDGE_CURVE('',#3384,#3386,#1837,.T.);
#4247=EDGE_CURVE('',#3387,#3386,#184,.T.);
#4248=EDGE_CURVE('',#3385,#3387,#1838,.T.);
#4249=EDGE_CURVE('',#3385,#3388,#1839,.T.);
#4250=EDGE_CURVE('',#3389,#3387,#1840,.T.);
#4251=EDGE_CURVE('',#3388,#3389,#1841,.T.);
#4252=EDGE_CURVE('',#3388,#3390,#185,.T.);
#4253=EDGE_CURVE('',#3391,#3389,#186,.T.);
#4254=EDGE_CURVE('',#3390,#3391,#1842,.T.);
#4255=EDGE_CURVE('',#3390,#3392,#187,.T.);
#4256=EDGE_CURVE('',#3393,#3391,#188,.T.);
#4257=EDGE_CURVE('',#3392,#3393,#1843,.T.);
#4258=EDGE_CURVE('',#3392,#3394,#189,.T.);
#4259=EDGE_CURVE('',#3395,#3393,#190,.T.);
#4260=EDGE_CURVE('',#3394,#3395,#1844,.T.);
#4261=EDGE_CURVE('',#3394,#3396,#191,.T.);
#4262=EDGE_CURVE('',#3397,#3395,#192,.T.);
#4263=EDGE_CURVE('',#3396,#3397,#1845,.T.);
#4264=EDGE_CURVE('',#3396,#3398,#1846,.T.);
#4265=EDGE_CURVE('',#3399,#3397,#1847,.T.);
#4266=EDGE_CURVE('',#3398,#3399,#1848,.T.);
#4267=EDGE_CURVE('',#3398,#3400,#193,.T.);
#4268=EDGE_CURVE('',#3401,#3399,#194,.T.);
#4269=EDGE_CURVE('',#3400,#3401,#1849,.T.);
#4270=EDGE_CURVE('',#3400,#3402,#195,.T.);
#4271=EDGE_CURVE('',#3403,#3401,#196,.T.);
#4272=EDGE_CURVE('',#3402,#3403,#1850,.T.);
#4273=EDGE_CURVE('',#3402,#3384,#197,.T.);
#4274=EDGE_CURVE('',#3386,#3403,#198,.T.);
#4275=EDGE_CURVE('',#3404,#3405,#199,.T.);
#4276=EDGE_CURVE('',#3405,#3406,#1851,.T.);
#4277=EDGE_CURVE('',#3407,#3406,#200,.T.);
#4278=EDGE_CURVE('',#3404,#3407,#1852,.T.);
#4279=EDGE_CURVE('',#3408,#3404,#1853,.T.);
#4280=EDGE_CURVE('',#3409,#3407,#1854,.T.);
#4281=EDGE_CURVE('',#3408,#3409,#1855,.T.);
#4282=EDGE_CURVE('',#3410,#3408,#201,.T.);
#4283=EDGE_CURVE('',#3411,#3409,#202,.T.);
#4284=EDGE_CURVE('',#3410,#3411,#1856,.T.);
#4285=EDGE_CURVE('',#3412,#3410,#203,.T.);
#4286=EDGE_CURVE('',#3413,#3411,#204,.T.);
#4287=EDGE_CURVE('',#3412,#3413,#1857,.T.);
#4288=EDGE_CURVE('',#3414,#3412,#205,.T.);
#4289=EDGE_CURVE('',#3415,#3413,#206,.T.);
#4290=EDGE_CURVE('',#3414,#3415,#1858,.T.);
#4291=EDGE_CURVE('',#3416,#3414,#207,.T.);
#4292=EDGE_CURVE('',#3417,#3415,#208,.T.);
#4293=EDGE_CURVE('',#3416,#3417,#1859,.T.);
#4294=EDGE_CURVE('',#3418,#3416,#209,.T.);
#4295=EDGE_CURVE('',#3419,#3417,#210,.T.);
#4296=EDGE_CURVE('',#3418,#3419,#1860,.T.);
#4297=EDGE_CURVE('',#3420,#3418,#1861,.T.);
#4298=EDGE_CURVE('',#3421,#3419,#1862,.T.);
#4299=EDGE_CURVE('',#3420,#3421,#1863,.T.);
#4300=EDGE_CURVE('',#3422,#3420,#1864,.T.);
#4301=EDGE_CURVE('',#3423,#3421,#1865,.T.);
#4302=EDGE_CURVE('',#3422,#3423,#1866,.T.);
#4303=EDGE_CURVE('',#3424,#3422,#1867,.T.);
#4304=EDGE_CURVE('',#3425,#3423,#1868,.T.);
#4305=EDGE_CURVE('',#3424,#3425,#1869,.T.);
#4306=EDGE_CURVE('',#3426,#3424,#1870,.T.);
#4307=EDGE_CURVE('',#3427,#3425,#1871,.T.);
#4308=EDGE_CURVE('',#3426,#3427,#1872,.T.);
#4309=EDGE_CURVE('',#3428,#3426,#1873,.T.);
#4310=EDGE_CURVE('',#3429,#3427,#1874,.T.);
#4311=EDGE_CURVE('',#3428,#3429,#1875,.T.);
#4312=EDGE_CURVE('',#3430,#3428,#1876,.T.);
#4313=EDGE_CURVE('',#3431,#3429,#1877,.T.);
#4314=EDGE_CURVE('',#3430,#3431,#1878,.T.);
#4315=EDGE_CURVE('',#3432,#3430,#1879,.T.);
#4316=EDGE_CURVE('',#3433,#3431,#1880,.T.);
#4317=EDGE_CURVE('',#3432,#3433,#1881,.T.);
#4318=EDGE_CURVE('',#3434,#3432,#211,.T.);
#4319=EDGE_CURVE('',#3435,#3433,#212,.T.);
#4320=EDGE_CURVE('',#3434,#3435,#1882,.T.);
#4321=EDGE_CURVE('',#3436,#3434,#213,.T.);
#4322=EDGE_CURVE('',#3437,#3435,#214,.T.);
#4323=EDGE_CURVE('',#3436,#3437,#1883,.T.);
#4324=EDGE_CURVE('',#3438,#3436,#215,.T.);
#4325=EDGE_CURVE('',#3439,#3437,#216,.T.);
#4326=EDGE_CURVE('',#3438,#3439,#1884,.T.);
#4327=EDGE_CURVE('',#3405,#3438,#217,.T.);
#4328=EDGE_CURVE('',#3406,#3439,#218,.T.);
#4329=EDGE_CURVE('',#3440,#3441,#219,.T.);
#4330=EDGE_CURVE('',#3440,#3442,#1885,.T.);
#4331=EDGE_CURVE('',#3443,#3442,#220,.T.);
#4332=EDGE_CURVE('',#3441,#3443,#1886,.T.);
#4333=EDGE_CURVE('',#3441,#3444,#1887,.T.);
#4334=EDGE_CURVE('',#3445,#3443,#1888,.T.);
#4335=EDGE_CURVE('',#3444,#3445,#1889,.T.);
#4336=EDGE_CURVE('',#3444,#3446,#221,.T.);
#4337=EDGE_CURVE('',#3447,#3445,#222,.T.);
#4338=EDGE_CURVE('',#3446,#3447,#1890,.T.);
#4339=EDGE_CURVE('',#3446,#3448,#223,.T.);
#4340=EDGE_CURVE('',#3449,#3447,#224,.T.);
#4341=EDGE_CURVE('',#3448,#3449,#1891,.T.);
#4342=EDGE_CURVE('',#3448,#3450,#225,.T.);
#4343=EDGE_CURVE('',#3451,#3449,#226,.T.);
#4344=EDGE_CURVE('',#3450,#3451,#1892,.T.);
#4345=EDGE_CURVE('',#3450,#3452,#227,.T.);
#4346=EDGE_CURVE('',#3453,#3451,#228,.T.);
#4347=EDGE_CURVE('',#3452,#3453,#1893,.T.);
#4348=EDGE_CURVE('',#3452,#3454,#1894,.T.);
#4349=EDGE_CURVE('',#3455,#3453,#1895,.T.);
#4350=EDGE_CURVE('',#3454,#3455,#1896,.T.);
#4351=EDGE_CURVE('',#3454,#3456,#229,.T.);
#4352=EDGE_CURVE('',#3457,#3455,#230,.T.);
#4353=EDGE_CURVE('',#3456,#3457,#1897,.T.);
#4354=EDGE_CURVE('',#3456,#3458,#231,.T.);
#4355=EDGE_CURVE('',#3459,#3457,#232,.T.);
#4356=EDGE_CURVE('',#3458,#3459,#1898,.T.);
#4357=EDGE_CURVE('',#3458,#3440,#233,.T.);
#4358=EDGE_CURVE('',#3442,#3459,#234,.T.);
#4359=EDGE_CURVE('',#3460,#3461,#456,.T.);
#4360=EDGE_CURVE('',#3460,#3462,#1899,.T.);
#4361=EDGE_CURVE('',#3463,#3462,#457,.T.);
#4362=EDGE_CURVE('',#3461,#3463,#1900,.T.);
#4363=EDGE_CURVE('',#3464,#3461,#235,.T.);
#4364=EDGE_CURVE('',#3465,#3463,#236,.T.);
#4365=EDGE_CURVE('',#3464,#3465,#1901,.T.);
#4366=EDGE_CURVE('',#3466,#3464,#237,.T.);
#4367=EDGE_CURVE('',#3467,#3465,#238,.T.);
#4368=EDGE_CURVE('',#3466,#3467,#1902,.T.);
#4369=EDGE_CURVE('',#3468,#3466,#1903,.T.);
#4370=EDGE_CURVE('',#3469,#3467,#1904,.T.);
#4371=EDGE_CURVE('',#3468,#3469,#1905,.T.);
#4372=EDGE_CURVE('',#3470,#3468,#239,.T.);
#4373=EDGE_CURVE('',#3471,#3469,#240,.T.);
#4374=EDGE_CURVE('',#3470,#3471,#1906,.T.);
#4375=EDGE_CURVE('',#3472,#3470,#241,.T.);
#4376=EDGE_CURVE('',#3473,#3471,#242,.T.);
#4377=EDGE_CURVE('',#3472,#3473,#1907,.T.);
#4378=EDGE_CURVE('',#3474,#3472,#243,.T.);
#4379=EDGE_CURVE('',#3475,#3473,#244,.T.);
#4380=EDGE_CURVE('',#3474,#3475,#1908,.T.);
#4381=EDGE_CURVE('',#3476,#3474,#458,.T.);
#4382=EDGE_CURVE('',#3477,#3475,#459,.T.);
#4383=EDGE_CURVE('',#3476,#3477,#1909,.T.);
#4384=EDGE_CURVE('',#3478,#3476,#245,.T.);
#4385=EDGE_CURVE('',#3479,#3477,#246,.T.);
#4386=EDGE_CURVE('',#3478,#3479,#1910,.T.);
#4387=EDGE_CURVE('',#3480,#3478,#247,.T.);
#4388=EDGE_CURVE('',#3481,#3479,#248,.T.);
#4389=EDGE_CURVE('',#3480,#3481,#1911,.T.);
#4390=EDGE_CURVE('',#3482,#3480,#1912,.T.);
#4391=EDGE_CURVE('',#3483,#3481,#1913,.T.);
#4392=EDGE_CURVE('',#3482,#3483,#1914,.T.);
#4393=EDGE_CURVE('',#3484,#3482,#249,.T.);
#4394=EDGE_CURVE('',#3485,#3483,#250,.T.);
#4395=EDGE_CURVE('',#3484,#3485,#1915,.T.);
#4396=EDGE_CURVE('',#3486,#3484,#251,.T.);
#4397=EDGE_CURVE('',#3487,#3485,#252,.T.);
#4398=EDGE_CURVE('',#3486,#3487,#1916,.T.);
#4399=EDGE_CURVE('',#3460,#3486,#253,.T.);
#4400=EDGE_CURVE('',#3462,#3487,#254,.T.);
#4401=EDGE_CURVE('',#3488,#3489,#255,.T.);
#4402=EDGE_CURVE('',#3489,#3490,#1917,.T.);
#4403=EDGE_CURVE('',#3491,#3490,#256,.T.);
#4404=EDGE_CURVE('',#3488,#3491,#1918,.T.);
#4405=EDGE_CURVE('',#3492,#3488,#1919,.T.);
#4406=EDGE_CURVE('',#3493,#3491,#1920,.T.);
#4407=EDGE_CURVE('',#3492,#3493,#1921,.T.);
#4408=EDGE_CURVE('',#3494,#3492,#257,.T.);
#4409=EDGE_CURVE('',#3495,#3493,#258,.T.);
#4410=EDGE_CURVE('',#3494,#3495,#1922,.T.);
#4411=EDGE_CURVE('',#3496,#3494,#259,.T.);
#4412=EDGE_CURVE('',#3497,#3495,#260,.T.);
#4413=EDGE_CURVE('',#3496,#3497,#1923,.T.);
#4414=EDGE_CURVE('',#3498,#3496,#261,.T.);
#4415=EDGE_CURVE('',#3499,#3497,#262,.T.);
#4416=EDGE_CURVE('',#3498,#3499,#1924,.T.);
#4417=EDGE_CURVE('',#3500,#3498,#263,.T.);
#4418=EDGE_CURVE('',#3501,#3499,#264,.T.);
#4419=EDGE_CURVE('',#3500,#3501,#1925,.T.);
#4420=EDGE_CURVE('',#3502,#3500,#265,.T.);
#4421=EDGE_CURVE('',#3503,#3501,#266,.T.);
#4422=EDGE_CURVE('',#3502,#3503,#1926,.T.);
#4423=EDGE_CURVE('',#3504,#3502,#267,.T.);
#4424=EDGE_CURVE('',#3505,#3503,#268,.T.);
#4425=EDGE_CURVE('',#3504,#3505,#1927,.T.);
#4426=EDGE_CURVE('',#3506,#3504,#269,.T.);
#4427=EDGE_CURVE('',#3507,#3505,#270,.T.);
#4428=EDGE_CURVE('',#3506,#3507,#1928,.T.);
#4429=EDGE_CURVE('',#3508,#3506,#271,.T.);
#4430=EDGE_CURVE('',#3509,#3507,#272,.T.);
#4431=EDGE_CURVE('',#3508,#3509,#1929,.T.);
#4432=EDGE_CURVE('',#3510,#3508,#1930,.T.);
#4433=EDGE_CURVE('',#3511,#3509,#1931,.T.);
#4434=EDGE_CURVE('',#3510,#3511,#1932,.T.);
#4435=EDGE_CURVE('',#3512,#3510,#273,.T.);
#4436=EDGE_CURVE('',#3513,#3511,#274,.T.);
#4437=EDGE_CURVE('',#3512,#3513,#1933,.T.);
#4438=EDGE_CURVE('',#3514,#3512,#275,.T.);
#4439=EDGE_CURVE('',#3515,#3513,#276,.T.);
#4440=EDGE_CURVE('',#3514,#3515,#1934,.T.);
#4441=EDGE_CURVE('',#3516,#3514,#277,.T.);
#4442=EDGE_CURVE('',#3517,#3515,#278,.T.);
#4443=EDGE_CURVE('',#3516,#3517,#1935,.T.);
#4444=EDGE_CURVE('',#3518,#3516,#279,.T.);
#4445=EDGE_CURVE('',#3519,#3517,#280,.T.);
#4446=EDGE_CURVE('',#3518,#3519,#1936,.T.);
#4447=EDGE_CURVE('',#3520,#3518,#281,.T.);
#4448=EDGE_CURVE('',#3521,#3519,#282,.T.);
#4449=EDGE_CURVE('',#3520,#3521,#1937,.T.);
#4450=EDGE_CURVE('',#3522,#3520,#1938,.T.);
#4451=EDGE_CURVE('',#3523,#3521,#1939,.T.);
#4452=EDGE_CURVE('',#3522,#3523,#1940,.T.);
#4453=EDGE_CURVE('',#3524,#3522,#283,.T.);
#4454=EDGE_CURVE('',#3525,#3523,#284,.T.);
#4455=EDGE_CURVE('',#3524,#3525,#1941,.T.);
#4456=EDGE_CURVE('',#3526,#3524,#285,.T.);
#4457=EDGE_CURVE('',#3527,#3525,#286,.T.);
#4458=EDGE_CURVE('',#3526,#3527,#1942,.T.);
#4459=EDGE_CURVE('',#3528,#3526,#287,.T.);
#4460=EDGE_CURVE('',#3529,#3527,#288,.T.);
#4461=EDGE_CURVE('',#3528,#3529,#1943,.T.);
#4462=EDGE_CURVE('',#3530,#3528,#289,.T.);
#4463=EDGE_CURVE('',#3531,#3529,#290,.T.);
#4464=EDGE_CURVE('',#3530,#3531,#1944,.T.);
#4465=EDGE_CURVE('',#3532,#3530,#291,.T.);
#4466=EDGE_CURVE('',#3533,#3531,#292,.T.);
#4467=EDGE_CURVE('',#3532,#3533,#1945,.T.);
#4468=EDGE_CURVE('',#3534,#3532,#293,.T.);
#4469=EDGE_CURVE('',#3535,#3533,#294,.T.);
#4470=EDGE_CURVE('',#3534,#3535,#1946,.T.);
#4471=EDGE_CURVE('',#3536,#3534,#295,.T.);
#4472=EDGE_CURVE('',#3537,#3535,#296,.T.);
#4473=EDGE_CURVE('',#3536,#3537,#1947,.T.);
#4474=EDGE_CURVE('',#3538,#3536,#297,.T.);
#4475=EDGE_CURVE('',#3539,#3537,#298,.T.);
#4476=EDGE_CURVE('',#3538,#3539,#1948,.T.);
#4477=EDGE_CURVE('',#3540,#3538,#1949,.T.);
#4478=EDGE_CURVE('',#3541,#3539,#1950,.T.);
#4479=EDGE_CURVE('',#3540,#3541,#1951,.T.);
#4480=EDGE_CURVE('',#3542,#3540,#299,.T.);
#4481=EDGE_CURVE('',#3543,#3541,#300,.T.);
#4482=EDGE_CURVE('',#3542,#3543,#1952,.T.);
#4483=EDGE_CURVE('',#3544,#3542,#301,.T.);
#4484=EDGE_CURVE('',#3545,#3543,#302,.T.);
#4485=EDGE_CURVE('',#3544,#3545,#1953,.T.);
#4486=EDGE_CURVE('',#3546,#3544,#460,.T.);
#4487=EDGE_CURVE('',#3547,#3545,#461,.T.);
#4488=EDGE_CURVE('',#3546,#3547,#1954,.T.);
#4489=EDGE_CURVE('',#3489,#3546,#3002,.T.);
#4490=EDGE_CURVE('',#3490,#3547,#3003,.T.);
#4491=EDGE_CURVE('',#3548,#3549,#1955,.T.);
#4492=EDGE_CURVE('',#3550,#3548,#39,.T.);
#4493=EDGE_CURVE('',#3551,#3550,#1956,.T.);
#4494=EDGE_CURVE('',#3551,#3552,#1957,.T.);
#4495=EDGE_CURVE('',#3552,#3549,#1958,.T.);
#4496=EDGE_CURVE('',#3549,#3553,#1959,.T.);
#4497=EDGE_CURVE('',#3552,#3554,#1960,.T.);
#4498=EDGE_CURVE('',#3554,#3553,#1961,.T.);
#4499=EDGE_CURVE('',#3554,#3555,#1962,.T.);
#4500=EDGE_CURVE('',#3556,#3555,#1963,.T.);
#4501=EDGE_CURVE('',#3557,#3556,#40,.T.);
#4502=EDGE_CURVE('',#3557,#3553,#1964,.T.);
#4503=EDGE_CURVE('',#3558,#3548,#303,.T.);
#4504=EDGE_CURVE('',#3559,#3558,#1965,.T.);
#4505=EDGE_CURVE('',#3560,#3559,#3004,.T.);
#4506=EDGE_CURVE('',#3561,#3560,#1966,.T.);
#4507=EDGE_CURVE('',#3562,#3561,#3005,.T.);
#4508=EDGE_CURVE('',#3562,#3550,#41,.T.);
#4509=EDGE_CURVE('',#3556,#3563,#42,.T.);
#4510=EDGE_CURVE('',#3564,#3563,#3006,.T.);
#4511=EDGE_CURVE('',#3565,#3564,#1967,.T.);
#4512=EDGE_CURVE('',#3565,#3566,#3007,.T.);
#4513=EDGE_CURVE('',#3567,#3566,#1968,.T.);
#4514=EDGE_CURVE('',#3557,#3567,#304,.T.);
#4515=EDGE_CURVE('',#3563,#3562,#1969,.T.);
#4516=EDGE_CURVE('',#3555,#3551,#1970,.T.);
#4517=EDGE_CURVE('',#3553,#3568,#1971,.T.);
#4518=EDGE_CURVE('',#3568,#3569,#3008,.T.);
#4519=EDGE_CURVE('',#3569,#3570,#3009,.T.);
#4520=EDGE_CURVE('',#3570,#3571,#1972,.T.);
#4521=EDGE_CURVE('',#3571,#3572,#1973,.T.);
#4522=EDGE_CURVE('',#3572,#3573,#1974,.T.);
#4523=EDGE_CURVE('',#3573,#3574,#3010,.T.);
#4524=EDGE_CURVE('',#3574,#3575,#3011,.T.);
#4525=EDGE_CURVE('',#3549,#3575,#1975,.T.);
#4526=EDGE_CURVE('',#3561,#3576,#3012,.T.);
#4527=EDGE_CURVE('',#3576,#3577,#1976,.T.);
#4528=EDGE_CURVE('',#3577,#3578,#1977,.T.);
#4529=EDGE_CURVE('',#3578,#3579,#1978,.T.);
#4530=EDGE_CURVE('',#3579,#3564,#3013,.T.);
#4531=EDGE_CURVE('',#3580,#3581,#1979,.T.);
#4532=EDGE_CURVE('',#3581,#3582,#1980,.T.);
#4533=EDGE_CURVE('',#3583,#3582,#1981,.T.);
#4534=EDGE_CURVE('',#3583,#3584,#1982,.T.);
#4535=EDGE_CURVE('',#3580,#3584,#1983,.T.);
#4536=EDGE_CURVE('',#3582,#3585,#1984,.T.);
#4537=EDGE_CURVE('',#3585,#3586,#1985,.T.);
#4538=EDGE_CURVE('',#3587,#3586,#1986,.T.);
#4539=EDGE_CURVE('',#3588,#3587,#3014,.T.);
#4540=EDGE_CURVE('',#3588,#3589,#1987,.T.);
#4541=EDGE_CURVE('',#3589,#3590,#1988,.T.);
#4542=EDGE_CURVE('',#3590,#3591,#1989,.T.);
#4543=EDGE_CURVE('',#3591,#3592,#3015,.T.);
#4544=EDGE_CURVE('',#3592,#3593,#1990,.T.);
#4545=EDGE_CURVE('',#3593,#3594,#1991,.T.);
#4546=EDGE_CURVE('',#3594,#3595,#1992,.T.);
#4547=EDGE_CURVE('',#3595,#3596,#1993,.T.);
#4548=EDGE_CURVE('',#3597,#3596,#1994,.T.);
#4549=EDGE_CURVE('',#3598,#3597,#3016,.T.);
#4550=EDGE_CURVE('',#3598,#3599,#1995,.T.);
#4551=EDGE_CURVE('',#3599,#3600,#1996,.T.);
#4552=EDGE_CURVE('',#3600,#3601,#1997,.T.);
#4553=EDGE_CURVE('',#3601,#3602,#3017,.T.);
#4554=EDGE_CURVE('',#3602,#3583,#1998,.T.);
#4555=EDGE_CURVE('',#3585,#3603,#1999,.T.);
#4556=EDGE_CURVE('',#3603,#3586,#2000,.T.);
#4557=EDGE_CURVE('',#3604,#3605,#2001,.T.);
#4558=EDGE_CURVE('',#3605,#3606,#3018,.T.);
#4559=EDGE_CURVE('',#3606,#3607,#2002,.T.);
#4560=EDGE_CURVE('',#3607,#3604,#43,.T.);
#4561=EDGE_CURVE('',#3608,#3609,#3019,.T.);
#4562=EDGE_CURVE('',#3609,#3606,#3020,.T.);
#4563=EDGE_CURVE('',#3605,#3608,#3021,.T.);
#4564=EDGE_CURVE('',#3610,#3611,#3022,.T.);
#4565=EDGE_CURVE('',#3611,#3609,#2003,.T.);
#4566=EDGE_CURVE('',#3608,#3610,#2004,.T.);
#4567=EDGE_CURVE('',#3612,#3604,#2005,.T.);
#4568=EDGE_CURVE('',#3607,#3613,#2006,.T.);
#4569=EDGE_CURVE('',#3613,#3612,#44,.T.);
#4570=EDGE_CURVE('',#3613,#3614,#2007,.T.);
#4571=EDGE_CURVE('',#3614,#3615,#3023,.T.);
#4572=EDGE_CURVE('',#3615,#3612,#2008,.T.);
#4573=EDGE_CURVE('',#3616,#3617,#3024,.T.);
#4574=EDGE_CURVE('',#3617,#3615,#3025,.T.);
#4575=EDGE_CURVE('',#3614,#3616,#3026,.T.);
#4576=EDGE_CURVE('',#3618,#3619,#3027,.T.);
#4577=EDGE_CURVE('',#3619,#3617,#2009,.T.);
#4578=EDGE_CURVE('',#3616,#3618,#2010,.T.);
#4579=EDGE_CURVE('',#3608,#3620,#2011,.T.);
#4580=EDGE_CURVE('',#3621,#3620,#2012,.T.);
#4581=EDGE_CURVE('',#3610,#3621,#2013,.T.);
#4582=EDGE_CURVE('',#3605,#3622,#2014,.T.);
#4583=EDGE_CURVE('',#3620,#3622,#3028,.T.);
#4584=EDGE_CURVE('',#3604,#3623,#2015,.T.);
#4585=EDGE_CURVE('',#3622,#3623,#2016,.T.);
#4586=EDGE_CURVE('',#3612,#3624,#2017,.T.);
#4587=EDGE_CURVE('',#3623,#3624,#2018,.T.);
#4588=EDGE_CURVE('',#3625,#3625,#3029,.T.);
#4589=EDGE_CURVE('',#3626,#3626,#3030,.T.);
#4590=EDGE_CURVE('',#3627,#3627,#3031,.T.);
#4591=EDGE_CURVE('',#3628,#3628,#3032,.T.);
#4592=EDGE_CURVE('',#3615,#3629,#2019,.T.);
#4593=EDGE_CURVE('',#3624,#3629,#2020,.T.);
#4594=EDGE_CURVE('',#3617,#3630,#2021,.T.);
#4595=EDGE_CURVE('',#3629,#3630,#3033,.T.);
#4596=EDGE_CURVE('',#3619,#3631,#2022,.T.);
#4597=EDGE_CURVE('',#3630,#3631,#2023,.T.);
#4598=EDGE_CURVE('',#3618,#3632,#2024,.T.);
#4599=EDGE_CURVE('',#3632,#3633,#2025,.T.);
#4600=EDGE_CURVE('',#3633,#3634,#2026,.T.);
#4601=EDGE_CURVE('',#3634,#3635,#2027,.T.);
#4602=EDGE_CURVE('',#3635,#3636,#2028,.T.);
#4603=EDGE_CURVE('',#3636,#3637,#3034,.T.);
#4604=EDGE_CURVE('',#3637,#3638,#2029,.T.);
#4605=EDGE_CURVE('',#3638,#3639,#2030,.T.);
#4606=EDGE_CURVE('',#3639,#3640,#2031,.T.);
#4607=EDGE_CURVE('',#3640,#3641,#3035,.T.);
#4608=EDGE_CURVE('',#3641,#3642,#2032,.T.);
#4609=EDGE_CURVE('',#3642,#3643,#2033,.T.);
#4610=EDGE_CURVE('',#3643,#3644,#2034,.T.);
#4611=EDGE_CURVE('',#3644,#3645,#2035,.T.);
#4612=EDGE_CURVE('',#3646,#3645,#2036,.T.);
#4613=EDGE_CURVE('',#3631,#3646,#3036,.T.);
#4614=EDGE_CURVE('',#3647,#3647,#3037,.T.);
#4615=EDGE_CURVE('',#3648,#3648,#3038,.T.);
#4616=EDGE_CURVE('',#3629,#3649,#3039,.T.);
#4617=EDGE_CURVE('',#3649,#3650,#2037,.T.);
#4618=EDGE_CURVE('',#3650,#3624,#45,.T.);
#4619=EDGE_CURVE('',#3650,#3651,#2038,.T.);
#4620=EDGE_CURVE('',#3651,#3623,#46,.T.);
#4621=EDGE_CURVE('',#3652,#3621,#3040,.T.);
#4622=EDGE_CURVE('',#3620,#3653,#3041,.T.);
#4623=EDGE_CURVE('',#3653,#3652,#2039,.T.);
#4624=EDGE_CURVE('',#3622,#3654,#3042,.T.);
#4625=EDGE_CURVE('',#3654,#3653,#3043,.T.);
#4626=EDGE_CURVE('',#3651,#3654,#2040,.T.);
#4627=EDGE_CURVE('',#3630,#3655,#3044,.T.);
#4628=EDGE_CURVE('',#3655,#3649,#3045,.T.);
#4629=EDGE_CURVE('',#3646,#3655,#2041,.T.);
#4630=EDGE_CURVE('',#3645,#3656,#2042,.T.);
#4631=EDGE_CURVE('',#3656,#3657,#3046,.T.);
#4632=EDGE_CURVE('',#3657,#3658,#2043,.T.);
#4633=EDGE_CURVE('',#3658,#3659,#3047,.T.);
#4634=EDGE_CURVE('',#3659,#3660,#2044,.T.);
#4635=EDGE_CURVE('',#3660,#3652,#2045,.T.);
#4636=EDGE_CURVE('',#3628,#3661,#2046,.T.);
#4637=EDGE_CURVE('',#3661,#3661,#3048,.T.);
#4638=EDGE_CURVE('',#3662,#3663,#3049,.T.);
#4639=EDGE_CURVE('',#3662,#3663,#3050,.T.);
#4640=EDGE_CURVE('',#3663,#3664,#2047,.T.);
#4641=EDGE_CURVE('',#3569,#3662,#2048,.T.);
#4642=EDGE_CURVE('',#3664,#3568,#305,.T.);
#4643=EDGE_CURVE('',#3567,#3665,#306,.T.);
#4644=EDGE_CURVE('',#3665,#3666,#3051,.T.);
#4645=EDGE_CURVE('',#3666,#3667,#2049,.T.);
#4646=EDGE_CURVE('',#3667,#3668,#3052,.T.);
#4647=EDGE_CURVE('',#3668,#3664,#307,.T.);
#4648=EDGE_CURVE('',#3627,#3669,#2050,.T.);
#4649=EDGE_CURVE('',#3669,#3669,#3053,.T.);
#4650=EDGE_CURVE('',#3670,#3671,#2051,.T.);
#4651=EDGE_CURVE('',#3575,#3670,#308,.T.);
#4652=EDGE_CURVE('',#3672,#3574,#2052,.T.);
#4653=EDGE_CURVE('',#3672,#3671,#3054,.T.);
#4654=EDGE_CURVE('',#3671,#3672,#3055,.T.);
#4655=EDGE_CURVE('',#3673,#3573,#2053,.T.);
#4656=EDGE_CURVE('',#3674,#3673,#3056,.T.);
#4657=EDGE_CURVE('',#3674,#3675,#2054,.T.);
#4658=EDGE_CURVE('',#3670,#3675,#309,.T.);
#4659=EDGE_CURVE('',#3626,#3676,#2055,.T.);
#4660=EDGE_CURVE('',#3676,#3676,#3057,.T.);
#4661=EDGE_CURVE('',#3566,#3565,#3058,.T.);
#4662=EDGE_CURVE('',#3625,#3677,#2056,.T.);
#4663=EDGE_CURVE('',#3677,#3677,#3059,.T.);
#4664=EDGE_CURVE('',#3560,#3559,#3060,.T.);
#4665=EDGE_CURVE('',#3678,#3558,#310,.T.);
#4666=EDGE_CURVE('',#3679,#3678,#2057,.T.);
#4667=EDGE_CURVE('',#3680,#3679,#3061,.T.);
#4668=EDGE_CURVE('',#3680,#3576,#2058,.T.);
#4669=EDGE_CURVE('',#3681,#3682,#2059,.T.);
#4670=EDGE_CURVE('',#3683,#3681,#2060,.T.);
#4671=EDGE_CURVE('',#3684,#3683,#2061,.T.);
#4672=EDGE_CURVE('',#3685,#3684,#2062,.T.);
#4673=EDGE_CURVE('',#3686,#3685,#2063,.T.);
#4674=EDGE_CURVE('',#3682,#3686,#2064,.T.);
#4675=EDGE_CURVE('',#3687,#3688,#2065,.T.);
#4676=EDGE_CURVE('',#3689,#3687,#2066,.T.);
#4677=EDGE_CURVE('',#3689,#3690,#2067,.T.);
#4678=EDGE_CURVE('',#3691,#3690,#2068,.T.);
#4679=EDGE_CURVE('',#3692,#3691,#2069,.T.);
#4680=EDGE_CURVE('',#3688,#3692,#2070,.T.);
#4681=EDGE_CURVE('',#3634,#3693,#2071,.T.);
#4682=EDGE_CURVE('',#3694,#3633,#2072,.T.);
#4683=EDGE_CURVE('',#3695,#3694,#2073,.T.);
#4684=EDGE_CURVE('',#3695,#3693,#2074,.T.);
#4685=EDGE_CURVE('',#3696,#3681,#2075,.T.);
#4686=EDGE_CURVE('',#3697,#3696,#2076,.T.);
#4687=EDGE_CURVE('',#3698,#3697,#2077,.T.);
#4688=EDGE_CURVE('',#3693,#3698,#2078,.T.);
#4689=EDGE_CURVE('',#3683,#3695,#2079,.T.);
#4690=EDGE_CURVE('',#3699,#3700,#2080,.T.);
#4691=EDGE_CURVE('',#3684,#3699,#3062,.T.);
#4692=EDGE_CURVE('',#3700,#3683,#3063,.T.);
#4693=EDGE_CURVE('',#3701,#3702,#2081,.T.);
#4694=EDGE_CURVE('',#3701,#3695,#3064,.T.);
#4695=EDGE_CURVE('',#3702,#3694,#3065,.T.);
#4696=EDGE_CURVE('',#3700,#3701,#2082,.T.);
#4697=EDGE_CURVE('',#3703,#3704,#2083,.T.);
#4698=EDGE_CURVE('',#3699,#3703,#2084,.T.);
#4699=EDGE_CURVE('',#3704,#3700,#2085,.T.);
#4700=EDGE_CURVE('',#3705,#3706,#2086,.T.);
#4701=EDGE_CURVE('',#3705,#3701,#2087,.T.);
#4702=EDGE_CURVE('',#3706,#3702,#2088,.T.);
#4703=EDGE_CURVE('',#3704,#3705,#2089,.T.);
#4704=EDGE_CURVE('',#3703,#3689,#3066,.T.);
#4705=EDGE_CURVE('',#3690,#3704,#3067,.T.);
#4706=EDGE_CURVE('',#3707,#3708,#2090,.T.);
#4707=EDGE_CURVE('',#3707,#3705,#3068,.T.);
#4708=EDGE_CURVE('',#3708,#3706,#3069,.T.);
#4709=EDGE_CURVE('',#3690,#3707,#2091,.T.);
#4710=EDGE_CURVE('',#3709,#3710,#2092,.T.);
#4711=EDGE_CURVE('',#3711,#3709,#2093,.T.);
#4712=EDGE_CURVE('',#3711,#3707,#2094,.T.);
#4713=EDGE_CURVE('',#3710,#3708,#2095,.T.);
#4714=EDGE_CURVE('',#3595,#3711,#2096,.T.);
#4715=EDGE_CURVE('',#3712,#3594,#2097,.T.);
#4716=EDGE_CURVE('',#3691,#3712,#2098,.T.);
#4717=EDGE_CURVE('',#3682,#3713,#2099,.T.);
#4718=EDGE_CURVE('',#3714,#3713,#2100,.T.);
#4719=EDGE_CURVE('',#3714,#3715,#2101,.T.);
#4720=EDGE_CURVE('',#3715,#3716,#2102,.T.);
#4721=EDGE_CURVE('',#3716,#3696,#2103,.T.);
#4722=EDGE_CURVE('',#3713,#3686,#2104,.T.);
#4723=EDGE_CURVE('',#3716,#3697,#2105,.T.);
#4724=EDGE_CURVE('',#3685,#3717,#2106,.T.);
#4725=EDGE_CURVE('',#3718,#3717,#2107,.T.);
#4726=EDGE_CURVE('',#3718,#3680,#2108,.T.);
#4727=EDGE_CURVE('',#3719,#3679,#2109,.T.);
#4728=EDGE_CURVE('',#3719,#3720,#2110,.T.);
#4729=EDGE_CURVE('',#3720,#3674,#2111,.T.);
#4730=EDGE_CURVE('',#3721,#3673,#2112,.T.);
#4731=EDGE_CURVE('',#3721,#3722,#2113,.T.);
#4732=EDGE_CURVE('',#3722,#3723,#2114,.T.);
#4733=EDGE_CURVE('',#3723,#3724,#2115,.T.);
#4734=EDGE_CURVE('',#3724,#3725,#2116,.T.);
#4735=EDGE_CURVE('',#3725,#3726,#2117,.T.);
#4736=EDGE_CURVE('',#3726,#3727,#3070,.T.);
#4737=EDGE_CURVE('',#3727,#3728,#2118,.T.);
#4738=EDGE_CURVE('',#3728,#3729,#2119,.T.);
#4739=EDGE_CURVE('',#3729,#3730,#2120,.T.);
#4740=EDGE_CURVE('',#3730,#3714,#3071,.T.);
#4741=EDGE_CURVE('',#3684,#3731,#2121,.T.);
#4742=EDGE_CURVE('',#3717,#3731,#2122,.T.);
#4743=EDGE_CURVE('',#3699,#3732,#2123,.T.);
#4744=EDGE_CURVE('',#3731,#3732,#3072,.T.);
#4745=EDGE_CURVE('',#3703,#3733,#2124,.T.);
#4746=EDGE_CURVE('',#3732,#3733,#2125,.T.);
#4747=EDGE_CURVE('',#3689,#3734,#2126,.T.);
#4748=EDGE_CURVE('',#3733,#3734,#3073,.T.);
#4749=EDGE_CURVE('',#3687,#3735,#2127,.T.);
#4750=EDGE_CURVE('',#3734,#3735,#2128,.T.);
#4751=EDGE_CURVE('',#3688,#3736,#2129,.T.);
#4752=EDGE_CURVE('',#3736,#3737,#2130,.T.);
#4753=EDGE_CURVE('',#3737,#3738,#3074,.T.);
#4754=EDGE_CURVE('',#3738,#3739,#2131,.T.);
#4755=EDGE_CURVE('',#3739,#3740,#2132,.T.);
#4756=EDGE_CURVE('',#3740,#3741,#2133,.T.);
#4757=EDGE_CURVE('',#3741,#3742,#3075,.T.);
#4758=EDGE_CURVE('',#3742,#3743,#2134,.T.);
#4759=EDGE_CURVE('',#3743,#3744,#2135,.T.);
#4760=EDGE_CURVE('',#3744,#3745,#2136,.T.);
#4761=EDGE_CURVE('',#3746,#3745,#2137,.T.);
#4762=EDGE_CURVE('',#3746,#3747,#2138,.T.);
#4763=EDGE_CURVE('',#3747,#3748,#2139,.T.);
#4764=EDGE_CURVE('',#3748,#3749,#3076,.T.);
#4765=EDGE_CURVE('',#3750,#3749,#2140,.T.);
#4766=EDGE_CURVE('',#3751,#3750,#2141,.T.);
#4767=EDGE_CURVE('',#3751,#3752,#2142,.T.);
#4768=EDGE_CURVE('',#3752,#3753,#3077,.T.);
#4769=EDGE_CURVE('',#3754,#3753,#2143,.T.);
#4770=EDGE_CURVE('',#3735,#3754,#2144,.T.);
#4771=EDGE_CURVE('',#3593,#3712,#2145,.T.);
#4772=EDGE_CURVE('',#3737,#3592,#2146,.T.);
#4773=EDGE_CURVE('',#3692,#3736,#2147,.T.);
#4774=EDGE_CURVE('',#3755,#3744,#2148,.T.);
#4775=EDGE_CURVE('',#3743,#3755,#2149,.T.);
#4776=EDGE_CURVE('',#3756,#3755,#2150,.T.);
#4777=EDGE_CURVE('',#3587,#3742,#2151,.T.);
#4778=EDGE_CURVE('',#3603,#3756,#2152,.T.);
#4779=EDGE_CURVE('',#3757,#3602,#2153,.T.);
#4780=EDGE_CURVE('',#3584,#3757,#2154,.T.);
#4781=EDGE_CURVE('',#3588,#3741,#2155,.T.);
#4782=EDGE_CURVE('',#3758,#3601,#2156,.T.);
#4783=EDGE_CURVE('',#3757,#3758,#3078,.T.);
#4784=EDGE_CURVE('',#3600,#3759,#2157,.T.);
#4785=EDGE_CURVE('',#3758,#3759,#2158,.T.);
#4786=EDGE_CURVE('',#3740,#3589,#2159,.T.);
#4787=EDGE_CURVE('',#3760,#3709,#2160,.T.);
#4788=EDGE_CURVE('',#3760,#3596,#2161,.T.);
#4789=EDGE_CURVE('',#3597,#3761,#2162,.T.);
#4790=EDGE_CURVE('',#3761,#3760,#2163,.T.);
#4791=EDGE_CURVE('',#3738,#3591,#2164,.T.);
#4792=EDGE_CURVE('',#3598,#3762,#2165,.T.);
#4793=EDGE_CURVE('',#3762,#3761,#3079,.T.);
#4794=EDGE_CURVE('',#3763,#3762,#2166,.T.);
#4795=EDGE_CURVE('',#3763,#3599,#2167,.T.);
#4796=EDGE_CURVE('',#3590,#3739,#2168,.T.);
#4797=EDGE_CURVE('',#3759,#3763,#2169,.T.);
#4798=EDGE_CURVE('',#3764,#3660,#2170,.T.);
#4799=EDGE_CURVE('',#3764,#3580,#2171,.T.);
#4800=EDGE_CURVE('',#3765,#3710,#2172,.T.);
#4801=EDGE_CURVE('',#3765,#3611,#2173,.T.);
#4802=EDGE_CURVE('',#3766,#3766,#3080,.F.);
#4803=EDGE_CURVE('',#3767,#3767,#3081,.F.);
#4804=EDGE_CURVE('',#3768,#3581,#2174,.T.);
#4805=EDGE_CURVE('',#3768,#3769,#2175,.T.);
#4806=EDGE_CURVE('',#3756,#3769,#2176,.T.);
#4807=EDGE_CURVE('',#3769,#3770,#2177,.T.);
#4808=EDGE_CURVE('',#3745,#3770,#2178,.T.);
#4809=EDGE_CURVE('',#3771,#3723,#2179,.T.);
#4810=EDGE_CURVE('',#3772,#3771,#2180,.T.);
#4811=EDGE_CURVE('',#3772,#3773,#2181,.T.);
#4812=EDGE_CURVE('',#3774,#3773,#2182,.T.);
#4813=EDGE_CURVE('',#3724,#3774,#2183,.T.);
#4814=EDGE_CURVE('',#3775,#3643,#2184,.T.);
#4815=EDGE_CURVE('',#3776,#3775,#2185,.T.);
#4816=EDGE_CURVE('',#3777,#3776,#2186,.T.);
#4817=EDGE_CURVE('',#3644,#3777,#2187,.T.);
#4818=EDGE_CURVE('',#3778,#3775,#2188,.T.);
#4819=EDGE_CURVE('',#3779,#3778,#2189,.T.);
#4820=EDGE_CURVE('',#3780,#3779,#2190,.T.);
#4821=EDGE_CURVE('',#3773,#3780,#2191,.T.);
#4822=EDGE_CURVE('',#3776,#3772,#2192,.T.);
#4823=EDGE_CURVE('',#3781,#3782,#2193,.T.);
#4824=EDGE_CURVE('',#3777,#3781,#3082,.T.);
#4825=EDGE_CURVE('',#3782,#3776,#3083,.T.);
#4826=EDGE_CURVE('',#3783,#3784,#2194,.T.);
#4827=EDGE_CURVE('',#3783,#3772,#3084,.T.);
#4828=EDGE_CURVE('',#3784,#3771,#3085,.T.);
#4829=EDGE_CURVE('',#3782,#3783,#2195,.T.);
#4830=EDGE_CURVE('',#3785,#3786,#2196,.T.);
#4831=EDGE_CURVE('',#3781,#3785,#2197,.T.);
#4832=EDGE_CURVE('',#3786,#3782,#2198,.T.);
#4833=EDGE_CURVE('',#3787,#3788,#2199,.T.);
#4834=EDGE_CURVE('',#3787,#3783,#2200,.T.);
#4835=EDGE_CURVE('',#3788,#3784,#2201,.T.);
#4836=EDGE_CURVE('',#3786,#3787,#2202,.T.);
#4837=EDGE_CURVE('',#3789,#3768,#2203,.T.);
#4838=EDGE_CURVE('',#3785,#3789,#3086,.T.);
#4839=EDGE_CURVE('',#3768,#3786,#3087,.T.);
#4840=EDGE_CURVE('',#3769,#3787,#3088,.T.);
#4841=EDGE_CURVE('',#3770,#3788,#3089,.T.);
#4842=EDGE_CURVE('',#3789,#3764,#2204,.T.);
#4843=EDGE_CURVE('',#3790,#3770,#2205,.T.);
#4844=EDGE_CURVE('',#3746,#3790,#2206,.T.);
#4845=EDGE_CURVE('',#3791,#3788,#2207,.T.);
#4846=EDGE_CURVE('',#3790,#3791,#3090,.T.);
#4847=EDGE_CURVE('',#3792,#3784,#2208,.T.);
#4848=EDGE_CURVE('',#3791,#3792,#2209,.T.);
#4849=EDGE_CURVE('',#3793,#3771,#2210,.T.);
#4850=EDGE_CURVE('',#3792,#3793,#3091,.T.);
#4851=EDGE_CURVE('',#3793,#3722,#2211,.T.);
#4852=EDGE_CURVE('',#3780,#3794,#2212,.T.);
#4853=EDGE_CURVE('',#3795,#3794,#2213,.T.);
#4854=EDGE_CURVE('',#3795,#3726,#2214,.T.);
#4855=EDGE_CURVE('',#3725,#3774,#2215,.T.);
#4856=EDGE_CURVE('',#3779,#3794,#2216,.T.);
#4857=EDGE_CURVE('',#3796,#3642,#2217,.T.);
#4858=EDGE_CURVE('',#3796,#3778,#2218,.T.);
#4859=EDGE_CURVE('',#3641,#3797,#2219,.T.);
#4860=EDGE_CURVE('',#3797,#3796,#2220,.T.);
#4861=EDGE_CURVE('',#3798,#3727,#2221,.T.);
#4862=EDGE_CURVE('',#3798,#3795,#3092,.T.);
#4863=EDGE_CURVE('',#3640,#3799,#2222,.T.);
#4864=EDGE_CURVE('',#3799,#3797,#3093,.T.);
#4865=EDGE_CURVE('',#3800,#3799,#2223,.T.);
#4866=EDGE_CURVE('',#3800,#3639,#2224,.T.);
#4867=EDGE_CURVE('',#3798,#3801,#2225,.T.);
#4868=EDGE_CURVE('',#3728,#3801,#2226,.T.);
#4869=EDGE_CURVE('',#3698,#3802,#2227,.T.);
#4870=EDGE_CURVE('',#3635,#3802,#2228,.T.);
#4871=EDGE_CURVE('',#3803,#3636,#2229,.T.);
#4872=EDGE_CURVE('',#3803,#3802,#2230,.T.);
#4873=EDGE_CURVE('',#3730,#3804,#2231,.T.);
#4874=EDGE_CURVE('',#3804,#3715,#3094,.T.);
#4875=EDGE_CURVE('',#3805,#3637,#2232,.T.);
#4876=EDGE_CURVE('',#3805,#3803,#3095,.T.);
#4877=EDGE_CURVE('',#3805,#3806,#2233,.T.);
#4878=EDGE_CURVE('',#3638,#3806,#2234,.T.);
#4879=EDGE_CURVE('',#3807,#3804,#2235,.T.);
#4880=EDGE_CURVE('',#3807,#3729,#2236,.T.);
#4881=EDGE_CURVE('',#3801,#3807,#2237,.T.);
#4882=EDGE_CURVE('',#3806,#3800,#2238,.T.);
#4883=EDGE_CURVE('',#3808,#3809,#2239,.T.);
#4884=EDGE_CURVE('',#3810,#3808,#3096,.F.);
#4885=EDGE_CURVE('',#3811,#3810,#3097,.F.);
#4886=EDGE_CURVE('',#3809,#3811,#2240,.T.);
#4887=EDGE_CURVE('',#3812,#3813,#2241,.T.);
#4888=EDGE_CURVE('',#3814,#3812,#3098,.F.);
#4889=EDGE_CURVE('',#3813,#3814,#2242,.T.);
#4890=EDGE_CURVE('',#3815,#3816,#2243,.T.);
#4891=EDGE_CURVE('',#3817,#3815,#3099,.F.);
#4892=EDGE_CURVE('',#3818,#3817,#3100,.F.);
#4893=EDGE_CURVE('',#3816,#3818,#2244,.T.);
#4894=EDGE_CURVE('',#3819,#3820,#2245,.T.);
#4895=EDGE_CURVE('',#3821,#3819,#3101,.F.);
#4896=EDGE_CURVE('',#3820,#3821,#2246,.T.);
#4897=EDGE_CURVE('',#3822,#3809,#3102,.T.);
#4898=EDGE_CURVE('',#3822,#3808,#2247,.T.);
#4899=EDGE_CURVE('',#3811,#3822,#311,.T.);
#4900=EDGE_CURVE('',#3823,#3813,#3103,.T.);
#4901=EDGE_CURVE('',#3823,#3812,#2248,.F.);
#4902=EDGE_CURVE('',#3814,#3824,#312,.T.);
#4903=EDGE_CURVE('',#3824,#3823,#313,.T.);
#4904=EDGE_CURVE('',#3816,#3825,#3104,.T.);
#4905=EDGE_CURVE('',#3825,#3815,#314,.T.);
#4906=EDGE_CURVE('',#3818,#3825,#2249,.F.);
#4907=EDGE_CURVE('',#3820,#3826,#3105,.T.);
#4908=EDGE_CURVE('',#3826,#3827,#315,.T.);
#4909=EDGE_CURVE('',#3827,#3819,#316,.T.);
#4910=EDGE_CURVE('',#3821,#3826,#2250,.T.);
#4911=EDGE_CURVE('',#3810,#3767,#2251,.T.);
#4912=EDGE_CURVE('',#3753,#3579,#2252,.T.);
#4913=EDGE_CURVE('',#3752,#3665,#2253,.T.);
#4914=EDGE_CURVE('',#3754,#3578,#2254,.T.);
#4915=EDGE_CURVE('',#3666,#3751,#2255,.T.);
#4916=EDGE_CURVE('',#3750,#3667,#2256,.T.);
#4917=EDGE_CURVE('',#3827,#3648,#2257,.T.);
#4918=EDGE_CURVE('',#3828,#3678,#3106,.T.);
#4919=EDGE_CURVE('',#3719,#3828,#2258,.T.);
#4920=EDGE_CURVE('',#3577,#3718,#2259,.T.);
#4921=EDGE_CURVE('',#3828,#3829,#2260,.T.);
#4922=EDGE_CURVE('',#3829,#3720,#2261,.T.);
#4923=EDGE_CURVE('',#3675,#3829,#3107,.T.);
#4924=EDGE_CURVE('',#3749,#3668,#2262,.T.);
#4925=EDGE_CURVE('',#3817,#3766,#2263,.T.);
#4926=EDGE_CURVE('',#3571,#3747,#2264,.T.);
#4927=EDGE_CURVE('',#3748,#3570,#2265,.T.);
#4928=EDGE_CURVE('',#3721,#3572,#2266,.T.);
#4929=EDGE_CURVE('',#3824,#3647,#2267,.T.);
#4930=EDGE_CURVE('',#3789,#3659,#2268,.T.);
#4931=EDGE_CURVE('',#3785,#3658,#2269,.T.);
#4932=EDGE_CURVE('',#3781,#3657,#2270,.T.);
#4933=EDGE_CURVE('',#3777,#3656,#2271,.T.);
#4934=EDGE_CURVE('',#3830,#3708,#2272,.T.);
#4935=EDGE_CURVE('',#3765,#3830,#2273,.T.);
#4936=EDGE_CURVE('',#3831,#3706,#2274,.T.);
#4937=EDGE_CURVE('',#3830,#3831,#3108,.T.);
#4938=EDGE_CURVE('',#3832,#3702,#2275,.T.);
#4939=EDGE_CURVE('',#3831,#3832,#2276,.T.);
#4940=EDGE_CURVE('',#3833,#3694,#2277,.T.);
#4941=EDGE_CURVE('',#3832,#3833,#3109,.T.);
#4942=EDGE_CURVE('',#3833,#3632,#2278,.T.);
#4943=ORIENTED_EDGE('',*,*,#3834,.T.);
#4944=ORIENTED_EDGE('',*,*,#3835,.T.);
#4945=ORIENTED_EDGE('',*,*,#3836,.F.);
#4946=ORIENTED_EDGE('',*,*,#3837,.F.);
#4947=ORIENTED_EDGE('',*,*,#3838,.F.);
#4948=ORIENTED_EDGE('',*,*,#3837,.T.);
#4949=ORIENTED_EDGE('',*,*,#3839,.F.);
#4950=ORIENTED_EDGE('',*,*,#3840,.F.);
#4951=ORIENTED_EDGE('',*,*,#3841,.T.);
#4952=ORIENTED_EDGE('',*,*,#3840,.T.);
#4953=ORIENTED_EDGE('',*,*,#3842,.F.);
#4954=ORIENTED_EDGE('',*,*,#3843,.F.);
#4955=ORIENTED_EDGE('',*,*,#3844,.T.);
#4956=ORIENTED_EDGE('',*,*,#3843,.T.);
#4957=ORIENTED_EDGE('',*,*,#3845,.F.);
#4958=ORIENTED_EDGE('',*,*,#3846,.F.);
#4959=ORIENTED_EDGE('',*,*,#3847,.F.);
#4960=ORIENTED_EDGE('',*,*,#3846,.T.);
#4961=ORIENTED_EDGE('',*,*,#3848,.F.);
#4962=ORIENTED_EDGE('',*,*,#3835,.F.);
#4963=ORIENTED_EDGE('',*,*,#3847,.T.);
#4964=ORIENTED_EDGE('',*,*,#3834,.F.);
#4965=ORIENTED_EDGE('',*,*,#3838,.T.);
#4966=ORIENTED_EDGE('',*,*,#3841,.F.);
#4967=ORIENTED_EDGE('',*,*,#3844,.F.);
#4968=ORIENTED_EDGE('',*,*,#3848,.T.);
#4969=ORIENTED_EDGE('',*,*,#3845,.T.);
#4970=ORIENTED_EDGE('',*,*,#3842,.T.);
#4971=ORIENTED_EDGE('',*,*,#3839,.T.);
#4972=ORIENTED_EDGE('',*,*,#3836,.T.);
#4973=ORIENTED_EDGE('',*,*,#3849,.T.);
#4974=ORIENTED_EDGE('',*,*,#3850,.T.);
#4975=ORIENTED_EDGE('',*,*,#3851,.F.);
#4976=ORIENTED_EDGE('',*,*,#3852,.F.);
#4977=ORIENTED_EDGE('',*,*,#3853,.F.);
#4978=ORIENTED_EDGE('',*,*,#3852,.T.);
#4979=ORIENTED_EDGE('',*,*,#3854,.F.);
#4980=ORIENTED_EDGE('',*,*,#3855,.F.);
#4981=ORIENTED_EDGE('',*,*,#3856,.T.);
#4982=ORIENTED_EDGE('',*,*,#3855,.T.);
#4983=ORIENTED_EDGE('',*,*,#3857,.F.);
#4984=ORIENTED_EDGE('',*,*,#3858,.F.);
#4985=ORIENTED_EDGE('',*,*,#3859,.T.);
#4986=ORIENTED_EDGE('',*,*,#3858,.T.);
#4987=ORIENTED_EDGE('',*,*,#3860,.F.);
#4988=ORIENTED_EDGE('',*,*,#3861,.F.);
#4989=ORIENTED_EDGE('',*,*,#3862,.F.);
#4990=ORIENTED_EDGE('',*,*,#3861,.T.);
#4991=ORIENTED_EDGE('',*,*,#3863,.F.);
#4992=ORIENTED_EDGE('',*,*,#3850,.F.);
#4993=ORIENTED_EDGE('',*,*,#3862,.T.);
#4994=ORIENTED_EDGE('',*,*,#3849,.F.);
#4995=ORIENTED_EDGE('',*,*,#3853,.T.);
#4996=ORIENTED_EDGE('',*,*,#3856,.F.);
#4997=ORIENTED_EDGE('',*,*,#3859,.F.);
#4998=ORIENTED_EDGE('',*,*,#3863,.T.);
#4999=ORIENTED_EDGE('',*,*,#3860,.T.);
#5000=ORIENTED_EDGE('',*,*,#3857,.T.);
#5001=ORIENTED_EDGE('',*,*,#3854,.T.);
#5002=ORIENTED_EDGE('',*,*,#3851,.T.);
#5003=ORIENTED_EDGE('',*,*,#3864,.T.);
#5004=ORIENTED_EDGE('',*,*,#3865,.T.);
#5005=ORIENTED_EDGE('',*,*,#3866,.F.);
#5006=ORIENTED_EDGE('',*,*,#3867,.F.);
#5007=ORIENTED_EDGE('',*,*,#3868,.T.);
#5008=ORIENTED_EDGE('',*,*,#3867,.T.);
#5009=ORIENTED_EDGE('',*,*,#3869,.F.);
#5010=ORIENTED_EDGE('',*,*,#3870,.F.);
#5011=ORIENTED_EDGE('',*,*,#3871,.T.);
#5012=ORIENTED_EDGE('',*,*,#3870,.T.);
#5013=ORIENTED_EDGE('',*,*,#3872,.F.);
#5014=ORIENTED_EDGE('',*,*,#3865,.F.);
#5015=ORIENTED_EDGE('',*,*,#3871,.F.);
#5016=ORIENTED_EDGE('',*,*,#3864,.F.);
#5017=ORIENTED_EDGE('',*,*,#3868,.F.);
#5018=ORIENTED_EDGE('',*,*,#3872,.T.);
#5019=ORIENTED_EDGE('',*,*,#3869,.T.);
#5020=ORIENTED_EDGE('',*,*,#3866,.T.);
#5021=ORIENTED_EDGE('',*,*,#3873,.T.);
#5022=ORIENTED_EDGE('',*,*,#3874,.T.);
#5023=ORIENTED_EDGE('',*,*,#3875,.F.);
#5024=ORIENTED_EDGE('',*,*,#3876,.F.);
#5025=ORIENTED_EDGE('',*,*,#3877,.T.);
#5026=ORIENTED_EDGE('',*,*,#3876,.T.);
#5027=ORIENTED_EDGE('',*,*,#3878,.F.);
#5028=ORIENTED_EDGE('',*,*,#3879,.F.);
#5029=ORIENTED_EDGE('',*,*,#3880,.T.);
#5030=ORIENTED_EDGE('',*,*,#3879,.T.);
#5031=ORIENTED_EDGE('',*,*,#3881,.F.);
#5032=ORIENTED_EDGE('',*,*,#3882,.F.);
#5033=ORIENTED_EDGE('',*,*,#3883,.T.);
#5034=ORIENTED_EDGE('',*,*,#3882,.T.);
#5035=ORIENTED_EDGE('',*,*,#3884,.F.);
#5036=ORIENTED_EDGE('',*,*,#3885,.F.);
#5037=ORIENTED_EDGE('',*,*,#3886,.F.);
#5038=ORIENTED_EDGE('',*,*,#3885,.T.);
#5039=ORIENTED_EDGE('',*,*,#3887,.F.);
#5040=ORIENTED_EDGE('',*,*,#3874,.F.);
#5041=ORIENTED_EDGE('',*,*,#3886,.T.);
#5042=ORIENTED_EDGE('',*,*,#3873,.F.);
#5043=ORIENTED_EDGE('',*,*,#3877,.F.);
#5044=ORIENTED_EDGE('',*,*,#3880,.F.);
#5045=ORIENTED_EDGE('',*,*,#3883,.F.);
#5046=ORIENTED_EDGE('',*,*,#3887,.T.);
#5047=ORIENTED_EDGE('',*,*,#3884,.T.);
#5048=ORIENTED_EDGE('',*,*,#3881,.T.);
#5049=ORIENTED_EDGE('',*,*,#3878,.T.);
#5050=ORIENTED_EDGE('',*,*,#3875,.T.);
#5051=ORIENTED_EDGE('',*,*,#3888,.T.);
#5052=ORIENTED_EDGE('',*,*,#3889,.T.);
#5053=ORIENTED_EDGE('',*,*,#3890,.F.);
#5054=ORIENTED_EDGE('',*,*,#3891,.F.);
#5055=ORIENTED_EDGE('',*,*,#3892,.T.);
#5056=ORIENTED_EDGE('',*,*,#3891,.T.);
#5057=ORIENTED_EDGE('',*,*,#3893,.F.);
#5058=ORIENTED_EDGE('',*,*,#3894,.F.);
#5059=ORIENTED_EDGE('',*,*,#3895,.T.);
#5060=ORIENTED_EDGE('',*,*,#3894,.T.);
#5061=ORIENTED_EDGE('',*,*,#3896,.F.);
#5062=ORIENTED_EDGE('',*,*,#3897,.F.);
#5063=ORIENTED_EDGE('',*,*,#3898,.T.);
#5064=ORIENTED_EDGE('',*,*,#3897,.T.);
#5065=ORIENTED_EDGE('',*,*,#3899,.F.);
#5066=ORIENTED_EDGE('',*,*,#3889,.F.);
#5067=ORIENTED_EDGE('',*,*,#3898,.F.);
#5068=ORIENTED_EDGE('',*,*,#3888,.F.);
#5069=ORIENTED_EDGE('',*,*,#3892,.F.);
#5070=ORIENTED_EDGE('',*,*,#3895,.F.);
#5071=ORIENTED_EDGE('',*,*,#3899,.T.);
#5072=ORIENTED_EDGE('',*,*,#3896,.T.);
#5073=ORIENTED_EDGE('',*,*,#3893,.T.);
#5074=ORIENTED_EDGE('',*,*,#3890,.T.);
#5075=ORIENTED_EDGE('',*,*,#3900,.T.);
#5076=ORIENTED_EDGE('',*,*,#3901,.T.);
#5077=ORIENTED_EDGE('',*,*,#3902,.F.);
#5078=ORIENTED_EDGE('',*,*,#3903,.F.);
#5079=ORIENTED_EDGE('',*,*,#3904,.T.);
#5080=ORIENTED_EDGE('',*,*,#3903,.T.);
#5081=ORIENTED_EDGE('',*,*,#3905,.F.);
#5082=ORIENTED_EDGE('',*,*,#3906,.F.);
#5083=ORIENTED_EDGE('',*,*,#3907,.T.);
#5084=ORIENTED_EDGE('',*,*,#3906,.T.);
#5085=ORIENTED_EDGE('',*,*,#3908,.F.);
#5086=ORIENTED_EDGE('',*,*,#3901,.F.);
#5087=ORIENTED_EDGE('',*,*,#3907,.F.);
#5088=ORIENTED_EDGE('',*,*,#3900,.F.);
#5089=ORIENTED_EDGE('',*,*,#3904,.F.);
#5090=ORIENTED_EDGE('',*,*,#3908,.T.);
#5091=ORIENTED_EDGE('',*,*,#3905,.T.);
#5092=ORIENTED_EDGE('',*,*,#3902,.T.);
#5093=ORIENTED_EDGE('',*,*,#3909,.F.);
#5094=ORIENTED_EDGE('',*,*,#3910,.T.);
#5095=ORIENTED_EDGE('',*,*,#3911,.F.);
#5096=ORIENTED_EDGE('',*,*,#3912,.F.);
#5097=ORIENTED_EDGE('',*,*,#3913,.F.);
#5098=ORIENTED_EDGE('',*,*,#3912,.T.);
#5099=ORIENTED_EDGE('',*,*,#3914,.F.);
#5100=ORIENTED_EDGE('',*,*,#3915,.F.);
#5101=ORIENTED_EDGE('',*,*,#3916,.F.);
#5102=ORIENTED_EDGE('',*,*,#3915,.T.);
#5103=ORIENTED_EDGE('',*,*,#3917,.F.);
#5104=ORIENTED_EDGE('',*,*,#3918,.F.);
#5105=ORIENTED_EDGE('',*,*,#3919,.F.);
#5106=ORIENTED_EDGE('',*,*,#3918,.T.);
#5107=ORIENTED_EDGE('',*,*,#3920,.F.);
#5108=ORIENTED_EDGE('',*,*,#3921,.F.);
#5109=ORIENTED_EDGE('',*,*,#3922,.F.);
#5110=ORIENTED_EDGE('',*,*,#3921,.T.);
#5111=ORIENTED_EDGE('',*,*,#3923,.F.);
#5112=ORIENTED_EDGE('',*,*,#3924,.F.);
#5113=ORIENTED_EDGE('',*,*,#3925,.F.);
#5114=ORIENTED_EDGE('',*,*,#3924,.T.);
#5115=ORIENTED_EDGE('',*,*,#3926,.F.);
#5116=ORIENTED_EDGE('',*,*,#3927,.F.);
#5117=ORIENTED_EDGE('',*,*,#3928,.F.);
#5118=ORIENTED_EDGE('',*,*,#3927,.T.);
#5119=ORIENTED_EDGE('',*,*,#3929,.F.);
#5120=ORIENTED_EDGE('',*,*,#3930,.F.);
#5121=ORIENTED_EDGE('',*,*,#3931,.F.);
#5122=ORIENTED_EDGE('',*,*,#3930,.T.);
#5123=ORIENTED_EDGE('',*,*,#3932,.F.);
#5124=ORIENTED_EDGE('',*,*,#3933,.F.);
#5125=ORIENTED_EDGE('',*,*,#3934,.F.);
#5126=ORIENTED_EDGE('',*,*,#3933,.T.);
#5127=ORIENTED_EDGE('',*,*,#3935,.F.);
#5128=ORIENTED_EDGE('',*,*,#3936,.F.);
#5129=ORIENTED_EDGE('',*,*,#3937,.F.);
#5130=ORIENTED_EDGE('',*,*,#3936,.T.);
#5131=ORIENTED_EDGE('',*,*,#3938,.F.);
#5132=ORIENTED_EDGE('',*,*,#3910,.F.);
#5133=ORIENTED_EDGE('',*,*,#3939,.T.);
#5134=ORIENTED_EDGE('',*,*,#3940,.T.);
#5135=ORIENTED_EDGE('',*,*,#3941,.F.);
#5136=ORIENTED_EDGE('',*,*,#3942,.F.);
#5137=ORIENTED_EDGE('',*,*,#3943,.T.);
#5138=ORIENTED_EDGE('',*,*,#3942,.T.);
#5139=ORIENTED_EDGE('',*,*,#3944,.F.);
#5140=ORIENTED_EDGE('',*,*,#3945,.F.);
#5141=ORIENTED_EDGE('',*,*,#3946,.T.);
#5142=ORIENTED_EDGE('',*,*,#3945,.T.);
#5143=ORIENTED_EDGE('',*,*,#3947,.F.);
#5144=ORIENTED_EDGE('',*,*,#3948,.F.);
#5145=ORIENTED_EDGE('',*,*,#3949,.T.);
#5146=ORIENTED_EDGE('',*,*,#3948,.T.);
#5147=ORIENTED_EDGE('',*,*,#3950,.F.);
#5148=ORIENTED_EDGE('',*,*,#3951,.F.);
#5149=ORIENTED_EDGE('',*,*,#3952,.T.);
#5150=ORIENTED_EDGE('',*,*,#3951,.T.);
#5151=ORIENTED_EDGE('',*,*,#3953,.F.);
#5152=ORIENTED_EDGE('',*,*,#3954,.F.);
#5153=ORIENTED_EDGE('',*,*,#3955,.T.);
#5154=ORIENTED_EDGE('',*,*,#3954,.T.);
#5155=ORIENTED_EDGE('',*,*,#3956,.F.);
#5156=ORIENTED_EDGE('',*,*,#3957,.F.);
#5157=ORIENTED_EDGE('',*,*,#3958,.T.);
#5158=ORIENTED_EDGE('',*,*,#3957,.T.);
#5159=ORIENTED_EDGE('',*,*,#3959,.F.);
#5160=ORIENTED_EDGE('',*,*,#3960,.F.);
#5161=ORIENTED_EDGE('',*,*,#3961,.T.);
#5162=ORIENTED_EDGE('',*,*,#3960,.T.);
#5163=ORIENTED_EDGE('',*,*,#3962,.F.);
#5164=ORIENTED_EDGE('',*,*,#3963,.F.);
#5165=ORIENTED_EDGE('',*,*,#3964,.T.);
#5166=ORIENTED_EDGE('',*,*,#3963,.T.);
#5167=ORIENTED_EDGE('',*,*,#3965,.F.);
#5168=ORIENTED_EDGE('',*,*,#3966,.F.);
#5169=ORIENTED_EDGE('',*,*,#3967,.T.);
#5170=ORIENTED_EDGE('',*,*,#3966,.T.);
#5171=ORIENTED_EDGE('',*,*,#3968,.F.);
#5172=ORIENTED_EDGE('',*,*,#3969,.F.);
#5173=ORIENTED_EDGE('',*,*,#3970,.T.);
#5174=ORIENTED_EDGE('',*,*,#3969,.T.);
#5175=ORIENTED_EDGE('',*,*,#3971,.F.);
#5176=ORIENTED_EDGE('',*,*,#3972,.F.);
#5177=ORIENTED_EDGE('',*,*,#3973,.T.);
#5178=ORIENTED_EDGE('',*,*,#3972,.T.);
#5179=ORIENTED_EDGE('',*,*,#3974,.F.);
#5180=ORIENTED_EDGE('',*,*,#3975,.F.);
#5181=ORIENTED_EDGE('',*,*,#3976,.T.);
#5182=ORIENTED_EDGE('',*,*,#3975,.T.);
#5183=ORIENTED_EDGE('',*,*,#3977,.F.);
#5184=ORIENTED_EDGE('',*,*,#3978,.F.);
#5185=ORIENTED_EDGE('',*,*,#3979,.T.);
#5186=ORIENTED_EDGE('',*,*,#3978,.T.);
#5187=ORIENTED_EDGE('',*,*,#3980,.F.);
#5188=ORIENTED_EDGE('',*,*,#3981,.F.);
#5189=ORIENTED_EDGE('',*,*,#3982,.T.);
#5190=ORIENTED_EDGE('',*,*,#3981,.T.);
#5191=ORIENTED_EDGE('',*,*,#3983,.F.);
#5192=ORIENTED_EDGE('',*,*,#3984,.F.);
#5193=ORIENTED_EDGE('',*,*,#3985,.T.);
#5194=ORIENTED_EDGE('',*,*,#3984,.T.);
#5195=ORIENTED_EDGE('',*,*,#3986,.F.);
#5196=ORIENTED_EDGE('',*,*,#3987,.F.);
#5197=ORIENTED_EDGE('',*,*,#3988,.T.);
#5198=ORIENTED_EDGE('',*,*,#3987,.T.);
#5199=ORIENTED_EDGE('',*,*,#3989,.F.);
#5200=ORIENTED_EDGE('',*,*,#3990,.F.);
#5201=ORIENTED_EDGE('',*,*,#3991,.T.);
#5202=ORIENTED_EDGE('',*,*,#3990,.T.);
#5203=ORIENTED_EDGE('',*,*,#3992,.F.);
#5204=ORIENTED_EDGE('',*,*,#3993,.F.);
#5205=ORIENTED_EDGE('',*,*,#3994,.T.);
#5206=ORIENTED_EDGE('',*,*,#3993,.T.);
#5207=ORIENTED_EDGE('',*,*,#3995,.F.);
#5208=ORIENTED_EDGE('',*,*,#3996,.F.);
#5209=ORIENTED_EDGE('',*,*,#3997,.T.);
#5210=ORIENTED_EDGE('',*,*,#3996,.T.);
#5211=ORIENTED_EDGE('',*,*,#3998,.F.);
#5212=ORIENTED_EDGE('',*,*,#3999,.F.);
#5213=ORIENTED_EDGE('',*,*,#4000,.T.);
#5214=ORIENTED_EDGE('',*,*,#3999,.T.);
#5215=ORIENTED_EDGE('',*,*,#4001,.F.);
#5216=ORIENTED_EDGE('',*,*,#4002,.F.);
#5217=ORIENTED_EDGE('',*,*,#4003,.T.);
#5218=ORIENTED_EDGE('',*,*,#4002,.T.);
#5219=ORIENTED_EDGE('',*,*,#4004,.F.);
#5220=ORIENTED_EDGE('',*,*,#3940,.F.);
#5221=ORIENTED_EDGE('',*,*,#4003,.F.);
#5222=ORIENTED_EDGE('',*,*,#3939,.F.);
#5223=ORIENTED_EDGE('',*,*,#3943,.F.);
#5224=ORIENTED_EDGE('',*,*,#3946,.F.);
#5225=ORIENTED_EDGE('',*,*,#3949,.F.);
#5226=ORIENTED_EDGE('',*,*,#3952,.F.);
#5227=ORIENTED_EDGE('',*,*,#3955,.F.);
#5228=ORIENTED_EDGE('',*,*,#3958,.F.);
#5229=ORIENTED_EDGE('',*,*,#3961,.F.);
#5230=ORIENTED_EDGE('',*,*,#3964,.F.);
#5231=ORIENTED_EDGE('',*,*,#3967,.F.);
#5232=ORIENTED_EDGE('',*,*,#3970,.F.);
#5233=ORIENTED_EDGE('',*,*,#3973,.F.);
#5234=ORIENTED_EDGE('',*,*,#3976,.F.);
#5235=ORIENTED_EDGE('',*,*,#3979,.F.);
#5236=ORIENTED_EDGE('',*,*,#3982,.F.);
#5237=ORIENTED_EDGE('',*,*,#3985,.F.);
#5238=ORIENTED_EDGE('',*,*,#3988,.F.);
#5239=ORIENTED_EDGE('',*,*,#3991,.F.);
#5240=ORIENTED_EDGE('',*,*,#3994,.F.);
#5241=ORIENTED_EDGE('',*,*,#3997,.F.);
#5242=ORIENTED_EDGE('',*,*,#4000,.F.);
#5243=ORIENTED_EDGE('',*,*,#3937,.T.);
#5244=ORIENTED_EDGE('',*,*,#3909,.T.);
#5245=ORIENTED_EDGE('',*,*,#3913,.T.);
#5246=ORIENTED_EDGE('',*,*,#3916,.T.);
#5247=ORIENTED_EDGE('',*,*,#3919,.T.);
#5248=ORIENTED_EDGE('',*,*,#3922,.T.);
#5249=ORIENTED_EDGE('',*,*,#3925,.T.);
#5250=ORIENTED_EDGE('',*,*,#3928,.T.);
#5251=ORIENTED_EDGE('',*,*,#3931,.T.);
#5252=ORIENTED_EDGE('',*,*,#3934,.T.);
#5253=ORIENTED_EDGE('',*,*,#4004,.T.);
#5254=ORIENTED_EDGE('',*,*,#4001,.T.);
#5255=ORIENTED_EDGE('',*,*,#3998,.T.);
#5256=ORIENTED_EDGE('',*,*,#3995,.T.);
#5257=ORIENTED_EDGE('',*,*,#3992,.T.);
#5258=ORIENTED_EDGE('',*,*,#3989,.T.);
#5259=ORIENTED_EDGE('',*,*,#3986,.T.);
#5260=ORIENTED_EDGE('',*,*,#3983,.T.);
#5261=ORIENTED_EDGE('',*,*,#3980,.T.);
#5262=ORIENTED_EDGE('',*,*,#3977,.T.);
#5263=ORIENTED_EDGE('',*,*,#3974,.T.);
#5264=ORIENTED_EDGE('',*,*,#3971,.T.);
#5265=ORIENTED_EDGE('',*,*,#3968,.T.);
#5266=ORIENTED_EDGE('',*,*,#3965,.T.);
#5267=ORIENTED_EDGE('',*,*,#3962,.T.);
#5268=ORIENTED_EDGE('',*,*,#3959,.T.);
#5269=ORIENTED_EDGE('',*,*,#3956,.T.);
#5270=ORIENTED_EDGE('',*,*,#3953,.T.);
#5271=ORIENTED_EDGE('',*,*,#3950,.T.);
#5272=ORIENTED_EDGE('',*,*,#3947,.T.);
#5273=ORIENTED_EDGE('',*,*,#3944,.T.);
#5274=ORIENTED_EDGE('',*,*,#3941,.T.);
#5275=ORIENTED_EDGE('',*,*,#3938,.T.);
#5276=ORIENTED_EDGE('',*,*,#3935,.T.);
#5277=ORIENTED_EDGE('',*,*,#3932,.T.);
#5278=ORIENTED_EDGE('',*,*,#3929,.T.);
#5279=ORIENTED_EDGE('',*,*,#3926,.T.);
#5280=ORIENTED_EDGE('',*,*,#3923,.T.);
#5281=ORIENTED_EDGE('',*,*,#3920,.T.);
#5282=ORIENTED_EDGE('',*,*,#3917,.T.);
#5283=ORIENTED_EDGE('',*,*,#3914,.T.);
#5284=ORIENTED_EDGE('',*,*,#3911,.T.);
#5285=ORIENTED_EDGE('',*,*,#4005,.F.);
#5286=ORIENTED_EDGE('',*,*,#4006,.T.);
#5287=ORIENTED_EDGE('',*,*,#4007,.F.);
#5288=ORIENTED_EDGE('',*,*,#4008,.F.);
#5289=ORIENTED_EDGE('',*,*,#4009,.F.);
#5290=ORIENTED_EDGE('',*,*,#4008,.T.);
#5291=ORIENTED_EDGE('',*,*,#4010,.F.);
#5292=ORIENTED_EDGE('',*,*,#4011,.F.);
#5293=ORIENTED_EDGE('',*,*,#4012,.F.);
#5294=ORIENTED_EDGE('',*,*,#4011,.T.);
#5295=ORIENTED_EDGE('',*,*,#4013,.F.);
#5296=ORIENTED_EDGE('',*,*,#4014,.F.);
#5297=ORIENTED_EDGE('',*,*,#4015,.F.);
#5298=ORIENTED_EDGE('',*,*,#4014,.T.);
#5299=ORIENTED_EDGE('',*,*,#4016,.F.);
#5300=ORIENTED_EDGE('',*,*,#4006,.F.);
#5301=ORIENTED_EDGE('',*,*,#4017,.T.);
#5302=ORIENTED_EDGE('',*,*,#4018,.T.);
#5303=ORIENTED_EDGE('',*,*,#4019,.F.);
#5304=ORIENTED_EDGE('',*,*,#4020,.F.);
#5305=ORIENTED_EDGE('',*,*,#4021,.T.);
#5306=ORIENTED_EDGE('',*,*,#4020,.T.);
#5307=ORIENTED_EDGE('',*,*,#4022,.F.);
#5308=ORIENTED_EDGE('',*,*,#4023,.F.);
#5309=ORIENTED_EDGE('',*,*,#4024,.T.);
#5310=ORIENTED_EDGE('',*,*,#4023,.T.);
#5311=ORIENTED_EDGE('',*,*,#4025,.F.);
#5312=ORIENTED_EDGE('',*,*,#4026,.F.);
#5313=ORIENTED_EDGE('',*,*,#4027,.T.);
#5314=ORIENTED_EDGE('',*,*,#4026,.T.);
#5315=ORIENTED_EDGE('',*,*,#4028,.F.);
#5316=ORIENTED_EDGE('',*,*,#4029,.F.);
#5317=ORIENTED_EDGE('',*,*,#4030,.T.);
#5318=ORIENTED_EDGE('',*,*,#4029,.T.);
#5319=ORIENTED_EDGE('',*,*,#4031,.F.);
#5320=ORIENTED_EDGE('',*,*,#4018,.F.);
#5321=ORIENTED_EDGE('',*,*,#4030,.F.);
#5322=ORIENTED_EDGE('',*,*,#4017,.F.);
#5323=ORIENTED_EDGE('',*,*,#4021,.F.);
#5324=ORIENTED_EDGE('',*,*,#4024,.F.);
#5325=ORIENTED_EDGE('',*,*,#4027,.F.);
#5326=ORIENTED_EDGE('',*,*,#4015,.T.);
#5327=ORIENTED_EDGE('',*,*,#4005,.T.);
#5328=ORIENTED_EDGE('',*,*,#4009,.T.);
#5329=ORIENTED_EDGE('',*,*,#4012,.T.);
#5330=ORIENTED_EDGE('',*,*,#4031,.T.);
#5331=ORIENTED_EDGE('',*,*,#4028,.T.);
#5332=ORIENTED_EDGE('',*,*,#4025,.T.);
#5333=ORIENTED_EDGE('',*,*,#4022,.T.);
#5334=ORIENTED_EDGE('',*,*,#4019,.T.);
#5335=ORIENTED_EDGE('',*,*,#4016,.T.);
#5336=ORIENTED_EDGE('',*,*,#4013,.T.);
#5337=ORIENTED_EDGE('',*,*,#4010,.T.);
#5338=ORIENTED_EDGE('',*,*,#4007,.T.);
#5339=ORIENTED_EDGE('',*,*,#4032,.F.);
#5340=ORIENTED_EDGE('',*,*,#4033,.T.);
#5341=ORIENTED_EDGE('',*,*,#4034,.F.);
#5342=ORIENTED_EDGE('',*,*,#4035,.F.);
#5343=ORIENTED_EDGE('',*,*,#4036,.F.);
#5344=ORIENTED_EDGE('',*,*,#4035,.T.);
#5345=ORIENTED_EDGE('',*,*,#4037,.F.);
#5346=ORIENTED_EDGE('',*,*,#4038,.F.);
#5347=ORIENTED_EDGE('',*,*,#4039,.F.);
#5348=ORIENTED_EDGE('',*,*,#4038,.T.);
#5349=ORIENTED_EDGE('',*,*,#4040,.F.);
#5350=ORIENTED_EDGE('',*,*,#4041,.F.);
#5351=ORIENTED_EDGE('',*,*,#4042,.F.);
#5352=ORIENTED_EDGE('',*,*,#4041,.T.);
#5353=ORIENTED_EDGE('',*,*,#4043,.F.);
#5354=ORIENTED_EDGE('',*,*,#4044,.F.);
#5355=ORIENTED_EDGE('',*,*,#4045,.F.);
#5356=ORIENTED_EDGE('',*,*,#4044,.T.);
#5357=ORIENTED_EDGE('',*,*,#4046,.F.);
#5358=ORIENTED_EDGE('',*,*,#4047,.F.);
#5359=ORIENTED_EDGE('',*,*,#4048,.F.);
#5360=ORIENTED_EDGE('',*,*,#4047,.T.);
#5361=ORIENTED_EDGE('',*,*,#4049,.F.);
#5362=ORIENTED_EDGE('',*,*,#4050,.F.);
#5363=ORIENTED_EDGE('',*,*,#4051,.F.);
#5364=ORIENTED_EDGE('',*,*,#4050,.T.);
#5365=ORIENTED_EDGE('',*,*,#4052,.F.);
#5366=ORIENTED_EDGE('',*,*,#4053,.F.);
#5367=ORIENTED_EDGE('',*,*,#4054,.F.);
#5368=ORIENTED_EDGE('',*,*,#4053,.T.);
#5369=ORIENTED_EDGE('',*,*,#4055,.F.);
#5370=ORIENTED_EDGE('',*,*,#4056,.F.);
#5371=ORIENTED_EDGE('',*,*,#4057,.F.);
#5372=ORIENTED_EDGE('',*,*,#4056,.T.);
#5373=ORIENTED_EDGE('',*,*,#4058,.F.);
#5374=ORIENTED_EDGE('',*,*,#4059,.F.);
#5375=ORIENTED_EDGE('',*,*,#4060,.F.);
#5376=ORIENTED_EDGE('',*,*,#4059,.T.);
#5377=ORIENTED_EDGE('',*,*,#4061,.F.);
#5378=ORIENTED_EDGE('',*,*,#4033,.F.);
#5379=ORIENTED_EDGE('',*,*,#4062,.T.);
#5380=ORIENTED_EDGE('',*,*,#4063,.T.);
#5381=ORIENTED_EDGE('',*,*,#4064,.F.);
#5382=ORIENTED_EDGE('',*,*,#4065,.F.);
#5383=ORIENTED_EDGE('',*,*,#4066,.T.);
#5384=ORIENTED_EDGE('',*,*,#4065,.T.);
#5385=ORIENTED_EDGE('',*,*,#4067,.F.);
#5386=ORIENTED_EDGE('',*,*,#4068,.F.);
#5387=ORIENTED_EDGE('',*,*,#4069,.T.);
#5388=ORIENTED_EDGE('',*,*,#4068,.T.);
#5389=ORIENTED_EDGE('',*,*,#4070,.F.);
#5390=ORIENTED_EDGE('',*,*,#4071,.F.);
#5391=ORIENTED_EDGE('',*,*,#4072,.T.);
#5392=ORIENTED_EDGE('',*,*,#4071,.T.);
#5393=ORIENTED_EDGE('',*,*,#4073,.F.);
#5394=ORIENTED_EDGE('',*,*,#4074,.F.);
#5395=ORIENTED_EDGE('',*,*,#4075,.T.);
#5396=ORIENTED_EDGE('',*,*,#4074,.T.);
#5397=ORIENTED_EDGE('',*,*,#4076,.F.);
#5398=ORIENTED_EDGE('',*,*,#4077,.F.);
#5399=ORIENTED_EDGE('',*,*,#4078,.T.);
#5400=ORIENTED_EDGE('',*,*,#4077,.T.);
#5401=ORIENTED_EDGE('',*,*,#4079,.F.);
#5402=ORIENTED_EDGE('',*,*,#4080,.F.);
#5403=ORIENTED_EDGE('',*,*,#4081,.T.);
#5404=ORIENTED_EDGE('',*,*,#4080,.T.);
#5405=ORIENTED_EDGE('',*,*,#4082,.F.);
#5406=ORIENTED_EDGE('',*,*,#4083,.F.);
#5407=ORIENTED_EDGE('',*,*,#4084,.T.);
#5408=ORIENTED_EDGE('',*,*,#4083,.T.);
#5409=ORIENTED_EDGE('',*,*,#4085,.F.);
#5410=ORIENTED_EDGE('',*,*,#4086,.F.);
#5411=ORIENTED_EDGE('',*,*,#4087,.T.);
#5412=ORIENTED_EDGE('',*,*,#4086,.T.);
#5413=ORIENTED_EDGE('',*,*,#4088,.F.);
#5414=ORIENTED_EDGE('',*,*,#4089,.F.);
#5415=ORIENTED_EDGE('',*,*,#4090,.T.);
#5416=ORIENTED_EDGE('',*,*,#4089,.T.);
#5417=ORIENTED_EDGE('',*,*,#4091,.F.);
#5418=ORIENTED_EDGE('',*,*,#4092,.F.);
#5419=ORIENTED_EDGE('',*,*,#4093,.T.);
#5420=ORIENTED_EDGE('',*,*,#4092,.T.);
#5421=ORIENTED_EDGE('',*,*,#4094,.F.);
#5422=ORIENTED_EDGE('',*,*,#4095,.F.);
#5423=ORIENTED_EDGE('',*,*,#4096,.T.);
#5424=ORIENTED_EDGE('',*,*,#4095,.T.);
#5425=ORIENTED_EDGE('',*,*,#4097,.F.);
#5426=ORIENTED_EDGE('',*,*,#4098,.F.);
#5427=ORIENTED_EDGE('',*,*,#4099,.T.);
#5428=ORIENTED_EDGE('',*,*,#4098,.T.);
#5429=ORIENTED_EDGE('',*,*,#4100,.F.);
#5430=ORIENTED_EDGE('',*,*,#4101,.F.);
#5431=ORIENTED_EDGE('',*,*,#4102,.T.);
#5432=ORIENTED_EDGE('',*,*,#4101,.T.);
#5433=ORIENTED_EDGE('',*,*,#4103,.F.);
#5434=ORIENTED_EDGE('',*,*,#4104,.F.);
#5435=ORIENTED_EDGE('',*,*,#4105,.T.);
#5436=ORIENTED_EDGE('',*,*,#4104,.T.);
#5437=ORIENTED_EDGE('',*,*,#4106,.F.);
#5438=ORIENTED_EDGE('',*,*,#4107,.F.);
#5439=ORIENTED_EDGE('',*,*,#4108,.T.);
#5440=ORIENTED_EDGE('',*,*,#4107,.T.);
#5441=ORIENTED_EDGE('',*,*,#4109,.F.);
#5442=ORIENTED_EDGE('',*,*,#4110,.F.);
#5443=ORIENTED_EDGE('',*,*,#4111,.T.);
#5444=ORIENTED_EDGE('',*,*,#4110,.T.);
#5445=ORIENTED_EDGE('',*,*,#4112,.F.);
#5446=ORIENTED_EDGE('',*,*,#4113,.F.);
#5447=ORIENTED_EDGE('',*,*,#4114,.T.);
#5448=ORIENTED_EDGE('',*,*,#4113,.T.);
#5449=ORIENTED_EDGE('',*,*,#4115,.F.);
#5450=ORIENTED_EDGE('',*,*,#4063,.F.);
#5451=ORIENTED_EDGE('',*,*,#4114,.F.);
#5452=ORIENTED_EDGE('',*,*,#4062,.F.);
#5453=ORIENTED_EDGE('',*,*,#4066,.F.);
#5454=ORIENTED_EDGE('',*,*,#4069,.F.);
#5455=ORIENTED_EDGE('',*,*,#4072,.F.);
#5456=ORIENTED_EDGE('',*,*,#4075,.F.);
#5457=ORIENTED_EDGE('',*,*,#4078,.F.);
#5458=ORIENTED_EDGE('',*,*,#4081,.F.);
#5459=ORIENTED_EDGE('',*,*,#4084,.F.);
#5460=ORIENTED_EDGE('',*,*,#4087,.F.);
#5461=ORIENTED_EDGE('',*,*,#4090,.F.);
#5462=ORIENTED_EDGE('',*,*,#4093,.F.);
#5463=ORIENTED_EDGE('',*,*,#4096,.F.);
#5464=ORIENTED_EDGE('',*,*,#4099,.F.);
#5465=ORIENTED_EDGE('',*,*,#4102,.F.);
#5466=ORIENTED_EDGE('',*,*,#4105,.F.);
#5467=ORIENTED_EDGE('',*,*,#4108,.F.);
#5468=ORIENTED_EDGE('',*,*,#4111,.F.);
#5469=ORIENTED_EDGE('',*,*,#4060,.T.);
#5470=ORIENTED_EDGE('',*,*,#4032,.T.);
#5471=ORIENTED_EDGE('',*,*,#4036,.T.);
#5472=ORIENTED_EDGE('',*,*,#4039,.T.);
#5473=ORIENTED_EDGE('',*,*,#4042,.T.);
#5474=ORIENTED_EDGE('',*,*,#4045,.T.);
#5475=ORIENTED_EDGE('',*,*,#4048,.T.);
#5476=ORIENTED_EDGE('',*,*,#4051,.T.);
#5477=ORIENTED_EDGE('',*,*,#4054,.T.);
#5478=ORIENTED_EDGE('',*,*,#4057,.T.);
#5479=ORIENTED_EDGE('',*,*,#4115,.T.);
#5480=ORIENTED_EDGE('',*,*,#4112,.T.);
#5481=ORIENTED_EDGE('',*,*,#4109,.T.);
#5482=ORIENTED_EDGE('',*,*,#4106,.T.);
#5483=ORIENTED_EDGE('',*,*,#4103,.T.);
#5484=ORIENTED_EDGE('',*,*,#4100,.T.);
#5485=ORIENTED_EDGE('',*,*,#4097,.T.);
#5486=ORIENTED_EDGE('',*,*,#4094,.T.);
#5487=ORIENTED_EDGE('',*,*,#4091,.T.);
#5488=ORIENTED_EDGE('',*,*,#4088,.T.);
#5489=ORIENTED_EDGE('',*,*,#4085,.T.);
#5490=ORIENTED_EDGE('',*,*,#4082,.T.);
#5491=ORIENTED_EDGE('',*,*,#4079,.T.);
#5492=ORIENTED_EDGE('',*,*,#4076,.T.);
#5493=ORIENTED_EDGE('',*,*,#4073,.T.);
#5494=ORIENTED_EDGE('',*,*,#4070,.T.);
#5495=ORIENTED_EDGE('',*,*,#4067,.T.);
#5496=ORIENTED_EDGE('',*,*,#4064,.T.);
#5497=ORIENTED_EDGE('',*,*,#4061,.T.);
#5498=ORIENTED_EDGE('',*,*,#4058,.T.);
#5499=ORIENTED_EDGE('',*,*,#4055,.T.);
#5500=ORIENTED_EDGE('',*,*,#4052,.T.);
#5501=ORIENTED_EDGE('',*,*,#4049,.T.);
#5502=ORIENTED_EDGE('',*,*,#4046,.T.);
#5503=ORIENTED_EDGE('',*,*,#4043,.T.);
#5504=ORIENTED_EDGE('',*,*,#4040,.T.);
#5505=ORIENTED_EDGE('',*,*,#4037,.T.);
#5506=ORIENTED_EDGE('',*,*,#4034,.T.);
#5507=ORIENTED_EDGE('',*,*,#4116,.F.);
#5508=ORIENTED_EDGE('',*,*,#4117,.T.);
#5509=ORIENTED_EDGE('',*,*,#4118,.F.);
#5510=ORIENTED_EDGE('',*,*,#4119,.F.);
#5511=ORIENTED_EDGE('',*,*,#4120,.F.);
#5512=ORIENTED_EDGE('',*,*,#4119,.T.);
#5513=ORIENTED_EDGE('',*,*,#4121,.F.);
#5514=ORIENTED_EDGE('',*,*,#4122,.F.);
#5515=ORIENTED_EDGE('',*,*,#4123,.F.);
#5516=ORIENTED_EDGE('',*,*,#4122,.T.);
#5517=ORIENTED_EDGE('',*,*,#4124,.F.);
#5518=ORIENTED_EDGE('',*,*,#4125,.F.);
#5519=ORIENTED_EDGE('',*,*,#4126,.F.);
#5520=ORIENTED_EDGE('',*,*,#4125,.T.);
#5521=ORIENTED_EDGE('',*,*,#4127,.F.);
#5522=ORIENTED_EDGE('',*,*,#4117,.F.);
#5523=ORIENTED_EDGE('',*,*,#4128,.T.);
#5524=ORIENTED_EDGE('',*,*,#4129,.T.);
#5525=ORIENTED_EDGE('',*,*,#4130,.F.);
#5526=ORIENTED_EDGE('',*,*,#4131,.F.);
#5527=ORIENTED_EDGE('',*,*,#4132,.T.);
#5528=ORIENTED_EDGE('',*,*,#4131,.T.);
#5529=ORIENTED_EDGE('',*,*,#4133,.F.);
#5530=ORIENTED_EDGE('',*,*,#4134,.F.);
#5531=ORIENTED_EDGE('',*,*,#4135,.T.);
#5532=ORIENTED_EDGE('',*,*,#4134,.T.);
#5533=ORIENTED_EDGE('',*,*,#4136,.F.);
#5534=ORIENTED_EDGE('',*,*,#4137,.F.);
#5535=ORIENTED_EDGE('',*,*,#4138,.T.);
#5536=ORIENTED_EDGE('',*,*,#4137,.T.);
#5537=ORIENTED_EDGE('',*,*,#4139,.F.);
#5538=ORIENTED_EDGE('',*,*,#4140,.F.);
#5539=ORIENTED_EDGE('',*,*,#4141,.T.);
#5540=ORIENTED_EDGE('',*,*,#4140,.T.);
#5541=ORIENTED_EDGE('',*,*,#4142,.F.);
#5542=ORIENTED_EDGE('',*,*,#4143,.F.);
#5543=ORIENTED_EDGE('',*,*,#4144,.T.);
#5544=ORIENTED_EDGE('',*,*,#4143,.T.);
#5545=ORIENTED_EDGE('',*,*,#4145,.F.);
#5546=ORIENTED_EDGE('',*,*,#4146,.F.);
#5547=ORIENTED_EDGE('',*,*,#4147,.T.);
#5548=ORIENTED_EDGE('',*,*,#4146,.T.);
#5549=ORIENTED_EDGE('',*,*,#4148,.F.);
#5550=ORIENTED_EDGE('',*,*,#4129,.F.);
#5551=ORIENTED_EDGE('',*,*,#4147,.F.);
#5552=ORIENTED_EDGE('',*,*,#4128,.F.);
#5553=ORIENTED_EDGE('',*,*,#4132,.F.);
#5554=ORIENTED_EDGE('',*,*,#4135,.F.);
#5555=ORIENTED_EDGE('',*,*,#4138,.F.);
#5556=ORIENTED_EDGE('',*,*,#4141,.F.);
#5557=ORIENTED_EDGE('',*,*,#4144,.F.);
#5558=ORIENTED_EDGE('',*,*,#4126,.T.);
#5559=ORIENTED_EDGE('',*,*,#4116,.T.);
#5560=ORIENTED_EDGE('',*,*,#4120,.T.);
#5561=ORIENTED_EDGE('',*,*,#4123,.T.);
#5562=ORIENTED_EDGE('',*,*,#4148,.T.);
#5563=ORIENTED_EDGE('',*,*,#4145,.T.);
#5564=ORIENTED_EDGE('',*,*,#4142,.T.);
#5565=ORIENTED_EDGE('',*,*,#4139,.T.);
#5566=ORIENTED_EDGE('',*,*,#4136,.T.);
#5567=ORIENTED_EDGE('',*,*,#4133,.T.);
#5568=ORIENTED_EDGE('',*,*,#4130,.T.);
#5569=ORIENTED_EDGE('',*,*,#4127,.T.);
#5570=ORIENTED_EDGE('',*,*,#4124,.T.);
#5571=ORIENTED_EDGE('',*,*,#4121,.T.);
#5572=ORIENTED_EDGE('',*,*,#4118,.T.);
#5573=ORIENTED_EDGE('',*,*,#4149,.T.);
#5574=ORIENTED_EDGE('',*,*,#4150,.T.);
#5575=ORIENTED_EDGE('',*,*,#4151,.F.);
#5576=ORIENTED_EDGE('',*,*,#4152,.F.);
#5577=ORIENTED_EDGE('',*,*,#4153,.T.);
#5578=ORIENTED_EDGE('',*,*,#4152,.T.);
#5579=ORIENTED_EDGE('',*,*,#4154,.F.);
#5580=ORIENTED_EDGE('',*,*,#4155,.F.);
#5581=ORIENTED_EDGE('',*,*,#4156,.T.);
#5582=ORIENTED_EDGE('',*,*,#4155,.T.);
#5583=ORIENTED_EDGE('',*,*,#4157,.F.);
#5584=ORIENTED_EDGE('',*,*,#4158,.F.);
#5585=ORIENTED_EDGE('',*,*,#4159,.T.);
#5586=ORIENTED_EDGE('',*,*,#4158,.T.);
#5587=ORIENTED_EDGE('',*,*,#4160,.F.);
#5588=ORIENTED_EDGE('',*,*,#4150,.F.);
#5589=ORIENTED_EDGE('',*,*,#4159,.F.);
#5590=ORIENTED_EDGE('',*,*,#4149,.F.);
#5591=ORIENTED_EDGE('',*,*,#4153,.F.);
#5592=ORIENTED_EDGE('',*,*,#4156,.F.);
#5593=ORIENTED_EDGE('',*,*,#4160,.T.);
#5594=ORIENTED_EDGE('',*,*,#4157,.T.);
#5595=ORIENTED_EDGE('',*,*,#4154,.T.);
#5596=ORIENTED_EDGE('',*,*,#4151,.T.);
#5597=ORIENTED_EDGE('',*,*,#4161,.F.);
#5598=ORIENTED_EDGE('',*,*,#4162,.T.);
#5599=ORIENTED_EDGE('',*,*,#4163,.F.);
#5600=ORIENTED_EDGE('',*,*,#4164,.F.);
#5601=ORIENTED_EDGE('',*,*,#4165,.F.);
#5602=ORIENTED_EDGE('',*,*,#4164,.T.);
#5603=ORIENTED_EDGE('',*,*,#4166,.F.);
#5604=ORIENTED_EDGE('',*,*,#4167,.F.);
#5605=ORIENTED_EDGE('',*,*,#4168,.F.);
#5606=ORIENTED_EDGE('',*,*,#4167,.T.);
#5607=ORIENTED_EDGE('',*,*,#4169,.F.);
#5608=ORIENTED_EDGE('',*,*,#4170,.F.);
#5609=ORIENTED_EDGE('',*,*,#4171,.F.);
#5610=ORIENTED_EDGE('',*,*,#4170,.T.);
#5611=ORIENTED_EDGE('',*,*,#4172,.F.);
#5612=ORIENTED_EDGE('',*,*,#4173,.F.);
#5613=ORIENTED_EDGE('',*,*,#4174,.F.);
#5614=ORIENTED_EDGE('',*,*,#4173,.T.);
#5615=ORIENTED_EDGE('',*,*,#4175,.F.);
#5616=ORIENTED_EDGE('',*,*,#4176,.F.);
#5617=ORIENTED_EDGE('',*,*,#4177,.F.);
#5618=ORIENTED_EDGE('',*,*,#4176,.T.);
#5619=ORIENTED_EDGE('',*,*,#4178,.F.);
#5620=ORIENTED_EDGE('',*,*,#4179,.F.);
#5621=ORIENTED_EDGE('',*,*,#4180,.F.);
#5622=ORIENTED_EDGE('',*,*,#4179,.T.);
#5623=ORIENTED_EDGE('',*,*,#4181,.F.);
#5624=ORIENTED_EDGE('',*,*,#4182,.F.);
#5625=ORIENTED_EDGE('',*,*,#4183,.F.);
#5626=ORIENTED_EDGE('',*,*,#4182,.T.);
#5627=ORIENTED_EDGE('',*,*,#4184,.F.);
#5628=ORIENTED_EDGE('',*,*,#4185,.F.);
#5629=ORIENTED_EDGE('',*,*,#4186,.F.);
#5630=ORIENTED_EDGE('',*,*,#4185,.T.);
#5631=ORIENTED_EDGE('',*,*,#4187,.F.);
#5632=ORIENTED_EDGE('',*,*,#4188,.F.);
#5633=ORIENTED_EDGE('',*,*,#4189,.F.);
#5634=ORIENTED_EDGE('',*,*,#4188,.T.);
#5635=ORIENTED_EDGE('',*,*,#4190,.F.);
#5636=ORIENTED_EDGE('',*,*,#4162,.F.);
#5637=ORIENTED_EDGE('',*,*,#4191,.T.);
#5638=ORIENTED_EDGE('',*,*,#4192,.T.);
#5639=ORIENTED_EDGE('',*,*,#4193,.F.);
#5640=ORIENTED_EDGE('',*,*,#4194,.F.);
#5641=ORIENTED_EDGE('',*,*,#4195,.T.);
#5642=ORIENTED_EDGE('',*,*,#4194,.T.);
#5643=ORIENTED_EDGE('',*,*,#4196,.F.);
#5644=ORIENTED_EDGE('',*,*,#4197,.F.);
#5645=ORIENTED_EDGE('',*,*,#4198,.T.);
#5646=ORIENTED_EDGE('',*,*,#4197,.T.);
#5647=ORIENTED_EDGE('',*,*,#4199,.F.);
#5648=ORIENTED_EDGE('',*,*,#4200,.F.);
#5649=ORIENTED_EDGE('',*,*,#4201,.T.);
#5650=ORIENTED_EDGE('',*,*,#4200,.T.);
#5651=ORIENTED_EDGE('',*,*,#4202,.F.);
#5652=ORIENTED_EDGE('',*,*,#4203,.F.);
#5653=ORIENTED_EDGE('',*,*,#4204,.T.);
#5654=ORIENTED_EDGE('',*,*,#4203,.T.);
#5655=ORIENTED_EDGE('',*,*,#4205,.F.);
#5656=ORIENTED_EDGE('',*,*,#4206,.F.);
#5657=ORIENTED_EDGE('',*,*,#4207,.T.);
#5658=ORIENTED_EDGE('',*,*,#4206,.T.);
#5659=ORIENTED_EDGE('',*,*,#4208,.F.);
#5660=ORIENTED_EDGE('',*,*,#4209,.F.);
#5661=ORIENTED_EDGE('',*,*,#4210,.T.);
#5662=ORIENTED_EDGE('',*,*,#4209,.T.);
#5663=ORIENTED_EDGE('',*,*,#4211,.F.);
#5664=ORIENTED_EDGE('',*,*,#4212,.F.);
#5665=ORIENTED_EDGE('',*,*,#4213,.T.);
#5666=ORIENTED_EDGE('',*,*,#4212,.T.);
#5667=ORIENTED_EDGE('',*,*,#4214,.F.);
#5668=ORIENTED_EDGE('',*,*,#4215,.F.);
#5669=ORIENTED_EDGE('',*,*,#4216,.T.);
#5670=ORIENTED_EDGE('',*,*,#4215,.T.);
#5671=ORIENTED_EDGE('',*,*,#4217,.F.);
#5672=ORIENTED_EDGE('',*,*,#4218,.F.);
#5673=ORIENTED_EDGE('',*,*,#4219,.T.);
#5674=ORIENTED_EDGE('',*,*,#4218,.T.);
#5675=ORIENTED_EDGE('',*,*,#4220,.F.);
#5676=ORIENTED_EDGE('',*,*,#4221,.F.);
#5677=ORIENTED_EDGE('',*,*,#4222,.T.);
#5678=ORIENTED_EDGE('',*,*,#4221,.T.);
#5679=ORIENTED_EDGE('',*,*,#4223,.F.);
#5680=ORIENTED_EDGE('',*,*,#4224,.F.);
#5681=ORIENTED_EDGE('',*,*,#4225,.T.);
#5682=ORIENTED_EDGE('',*,*,#4224,.T.);
#5683=ORIENTED_EDGE('',*,*,#4226,.F.);
#5684=ORIENTED_EDGE('',*,*,#4227,.F.);
#5685=ORIENTED_EDGE('',*,*,#4228,.T.);
#5686=ORIENTED_EDGE('',*,*,#4227,.T.);
#5687=ORIENTED_EDGE('',*,*,#4229,.F.);
#5688=ORIENTED_EDGE('',*,*,#4230,.F.);
#5689=ORIENTED_EDGE('',*,*,#4231,.T.);
#5690=ORIENTED_EDGE('',*,*,#4230,.T.);
#5691=ORIENTED_EDGE('',*,*,#4232,.F.);
#5692=ORIENTED_EDGE('',*,*,#4233,.F.);
#5693=ORIENTED_EDGE('',*,*,#4234,.T.);
#5694=ORIENTED_EDGE('',*,*,#4233,.T.);
#5695=ORIENTED_EDGE('',*,*,#4235,.F.);
#5696=ORIENTED_EDGE('',*,*,#4236,.F.);
#5697=ORIENTED_EDGE('',*,*,#4237,.T.);
#5698=ORIENTED_EDGE('',*,*,#4236,.T.);
#5699=ORIENTED_EDGE('',*,*,#4238,.F.);
#5700=ORIENTED_EDGE('',*,*,#4239,.F.);
#5701=ORIENTED_EDGE('',*,*,#4240,.T.);
#5702=ORIENTED_EDGE('',*,*,#4239,.T.);
#5703=ORIENTED_EDGE('',*,*,#4241,.F.);
#5704=ORIENTED_EDGE('',*,*,#4242,.F.);
#5705=ORIENTED_EDGE('',*,*,#4243,.T.);
#5706=ORIENTED_EDGE('',*,*,#4242,.T.);
#5707=ORIENTED_EDGE('',*,*,#4244,.F.);
#5708=ORIENTED_EDGE('',*,*,#4192,.F.);
#5709=ORIENTED_EDGE('',*,*,#4243,.F.);
#5710=ORIENTED_EDGE('',*,*,#4191,.F.);
#5711=ORIENTED_EDGE('',*,*,#4195,.F.);
#5712=ORIENTED_EDGE('',*,*,#4198,.F.);
#5713=ORIENTED_EDGE('',*,*,#4201,.F.);
#5714=ORIENTED_EDGE('',*,*,#4204,.F.);
#5715=ORIENTED_EDGE('',*,*,#4207,.F.);
#5716=ORIENTED_EDGE('',*,*,#4210,.F.);
#5717=ORIENTED_EDGE('',*,*,#4213,.F.);
#5718=ORIENTED_EDGE('',*,*,#4216,.F.);
#5719=ORIENTED_EDGE('',*,*,#4219,.F.);
#5720=ORIENTED_EDGE('',*,*,#4222,.F.);
#5721=ORIENTED_EDGE('',*,*,#4225,.F.);
#5722=ORIENTED_EDGE('',*,*,#4228,.F.);
#5723=ORIENTED_EDGE('',*,*,#4231,.F.);
#5724=ORIENTED_EDGE('',*,*,#4234,.F.);
#5725=ORIENTED_EDGE('',*,*,#4237,.F.);
#5726=ORIENTED_EDGE('',*,*,#4240,.F.);
#5727=ORIENTED_EDGE('',*,*,#4189,.T.);
#5728=ORIENTED_EDGE('',*,*,#4161,.T.);
#5729=ORIENTED_EDGE('',*,*,#4165,.T.);
#5730=ORIENTED_EDGE('',*,*,#4168,.T.);
#5731=ORIENTED_EDGE('',*,*,#4171,.T.);
#5732=ORIENTED_EDGE('',*,*,#4174,.T.);
#5733=ORIENTED_EDGE('',*,*,#4177,.T.);
#5734=ORIENTED_EDGE('',*,*,#4180,.T.);
#5735=ORIENTED_EDGE('',*,*,#4183,.T.);
#5736=ORIENTED_EDGE('',*,*,#4186,.T.);
#5737=ORIENTED_EDGE('',*,*,#4244,.T.);
#5738=ORIENTED_EDGE('',*,*,#4241,.T.);
#5739=ORIENTED_EDGE('',*,*,#4238,.T.);
#5740=ORIENTED_EDGE('',*,*,#4235,.T.);
#5741=ORIENTED_EDGE('',*,*,#4232,.T.);
#5742=ORIENTED_EDGE('',*,*,#4229,.T.);
#5743=ORIENTED_EDGE('',*,*,#4226,.T.);
#5744=ORIENTED_EDGE('',*,*,#4223,.T.);
#5745=ORIENTED_EDGE('',*,*,#4220,.T.);
#5746=ORIENTED_EDGE('',*,*,#4217,.T.);
#5747=ORIENTED_EDGE('',*,*,#4214,.T.);
#5748=ORIENTED_EDGE('',*,*,#4211,.T.);
#5749=ORIENTED_EDGE('',*,*,#4208,.T.);
#5750=ORIENTED_EDGE('',*,*,#4205,.T.);
#5751=ORIENTED_EDGE('',*,*,#4202,.T.);
#5752=ORIENTED_EDGE('',*,*,#4199,.T.);
#5753=ORIENTED_EDGE('',*,*,#4196,.T.);
#5754=ORIENTED_EDGE('',*,*,#4193,.T.);
#5755=ORIENTED_EDGE('',*,*,#4190,.T.);
#5756=ORIENTED_EDGE('',*,*,#4187,.T.);
#5757=ORIENTED_EDGE('',*,*,#4184,.T.);
#5758=ORIENTED_EDGE('',*,*,#4181,.T.);
#5759=ORIENTED_EDGE('',*,*,#4178,.T.);
#5760=ORIENTED_EDGE('',*,*,#4175,.T.);
#5761=ORIENTED_EDGE('',*,*,#4172,.T.);
#5762=ORIENTED_EDGE('',*,*,#4169,.T.);
#5763=ORIENTED_EDGE('',*,*,#4166,.T.);
#5764=ORIENTED_EDGE('',*,*,#4163,.T.);
#5765=ORIENTED_EDGE('',*,*,#4245,.F.);
#5766=ORIENTED_EDGE('',*,*,#4246,.T.);
#5767=ORIENTED_EDGE('',*,*,#4247,.F.);
#5768=ORIENTED_EDGE('',*,*,#4248,.F.);
#5769=ORIENTED_EDGE('',*,*,#4249,.F.);
#5770=ORIENTED_EDGE('',*,*,#4248,.T.);
#5771=ORIENTED_EDGE('',*,*,#4250,.F.);
#5772=ORIENTED_EDGE('',*,*,#4251,.F.);
#5773=ORIENTED_EDGE('',*,*,#4252,.F.);
#5774=ORIENTED_EDGE('',*,*,#4251,.T.);
#5775=ORIENTED_EDGE('',*,*,#4253,.F.);
#5776=ORIENTED_EDGE('',*,*,#4254,.F.);
#5777=ORIENTED_EDGE('',*,*,#4255,.F.);
#5778=ORIENTED_EDGE('',*,*,#4254,.T.);
#5779=ORIENTED_EDGE('',*,*,#4256,.F.);
#5780=ORIENTED_EDGE('',*,*,#4257,.F.);
#5781=ORIENTED_EDGE('',*,*,#4258,.F.);
#5782=ORIENTED_EDGE('',*,*,#4257,.T.);
#5783=ORIENTED_EDGE('',*,*,#4259,.F.);
#5784=ORIENTED_EDGE('',*,*,#4260,.F.);
#5785=ORIENTED_EDGE('',*,*,#4261,.F.);
#5786=ORIENTED_EDGE('',*,*,#4260,.T.);
#5787=ORIENTED_EDGE('',*,*,#4262,.F.);
#5788=ORIENTED_EDGE('',*,*,#4263,.F.);
#5789=ORIENTED_EDGE('',*,*,#4264,.F.);
#5790=ORIENTED_EDGE('',*,*,#4263,.T.);
#5791=ORIENTED_EDGE('',*,*,#4265,.F.);
#5792=ORIENTED_EDGE('',*,*,#4266,.F.);
#5793=ORIENTED_EDGE('',*,*,#4267,.F.);
#5794=ORIENTED_EDGE('',*,*,#4266,.T.);
#5795=ORIENTED_EDGE('',*,*,#4268,.F.);
#5796=ORIENTED_EDGE('',*,*,#4269,.F.);
#5797=ORIENTED_EDGE('',*,*,#4270,.F.);
#5798=ORIENTED_EDGE('',*,*,#4269,.T.);
#5799=ORIENTED_EDGE('',*,*,#4271,.F.);
#5800=ORIENTED_EDGE('',*,*,#4272,.F.);
#5801=ORIENTED_EDGE('',*,*,#4273,.F.);
#5802=ORIENTED_EDGE('',*,*,#4272,.T.);
#5803=ORIENTED_EDGE('',*,*,#4274,.F.);
#5804=ORIENTED_EDGE('',*,*,#4246,.F.);
#5805=ORIENTED_EDGE('',*,*,#4275,.T.);
#5806=ORIENTED_EDGE('',*,*,#4276,.T.);
#5807=ORIENTED_EDGE('',*,*,#4277,.F.);
#5808=ORIENTED_EDGE('',*,*,#4278,.F.);
#5809=ORIENTED_EDGE('',*,*,#4279,.T.);
#5810=ORIENTED_EDGE('',*,*,#4278,.T.);
#5811=ORIENTED_EDGE('',*,*,#4280,.F.);
#5812=ORIENTED_EDGE('',*,*,#4281,.F.);
#5813=ORIENTED_EDGE('',*,*,#4282,.T.);
#5814=ORIENTED_EDGE('',*,*,#4281,.T.);
#5815=ORIENTED_EDGE('',*,*,#4283,.F.);
#5816=ORIENTED_EDGE('',*,*,#4284,.F.);
#5817=ORIENTED_EDGE('',*,*,#4285,.T.);
#5818=ORIENTED_EDGE('',*,*,#4284,.T.);
#5819=ORIENTED_EDGE('',*,*,#4286,.F.);
#5820=ORIENTED_EDGE('',*,*,#4287,.F.);
#5821=ORIENTED_EDGE('',*,*,#4288,.T.);
#5822=ORIENTED_EDGE('',*,*,#4287,.T.);
#5823=ORIENTED_EDGE('',*,*,#4289,.F.);
#5824=ORIENTED_EDGE('',*,*,#4290,.F.);
#5825=ORIENTED_EDGE('',*,*,#4291,.T.);
#5826=ORIENTED_EDGE('',*,*,#4290,.T.);
#5827=ORIENTED_EDGE('',*,*,#4292,.F.);
#5828=ORIENTED_EDGE('',*,*,#4293,.F.);
#5829=ORIENTED_EDGE('',*,*,#4294,.T.);
#5830=ORIENTED_EDGE('',*,*,#4293,.T.);
#5831=ORIENTED_EDGE('',*,*,#4295,.F.);
#5832=ORIENTED_EDGE('',*,*,#4296,.F.);
#5833=ORIENTED_EDGE('',*,*,#4297,.T.);
#5834=ORIENTED_EDGE('',*,*,#4296,.T.);
#5835=ORIENTED_EDGE('',*,*,#4298,.F.);
#5836=ORIENTED_EDGE('',*,*,#4299,.F.);
#5837=ORIENTED_EDGE('',*,*,#4300,.T.);
#5838=ORIENTED_EDGE('',*,*,#4299,.T.);
#5839=ORIENTED_EDGE('',*,*,#4301,.F.);
#5840=ORIENTED_EDGE('',*,*,#4302,.F.);
#5841=ORIENTED_EDGE('',*,*,#4303,.T.);
#5842=ORIENTED_EDGE('',*,*,#4302,.T.);
#5843=ORIENTED_EDGE('',*,*,#4304,.F.);
#5844=ORIENTED_EDGE('',*,*,#4305,.F.);
#5845=ORIENTED_EDGE('',*,*,#4306,.T.);
#5846=ORIENTED_EDGE('',*,*,#4305,.T.);
#5847=ORIENTED_EDGE('',*,*,#4307,.F.);
#5848=ORIENTED_EDGE('',*,*,#4308,.F.);
#5849=ORIENTED_EDGE('',*,*,#4309,.T.);
#5850=ORIENTED_EDGE('',*,*,#4308,.T.);
#5851=ORIENTED_EDGE('',*,*,#4310,.F.);
#5852=ORIENTED_EDGE('',*,*,#4311,.F.);
#5853=ORIENTED_EDGE('',*,*,#4312,.T.);
#5854=ORIENTED_EDGE('',*,*,#4311,.T.);
#5855=ORIENTED_EDGE('',*,*,#4313,.F.);
#5856=ORIENTED_EDGE('',*,*,#4314,.F.);
#5857=ORIENTED_EDGE('',*,*,#4315,.T.);
#5858=ORIENTED_EDGE('',*,*,#4314,.T.);
#5859=ORIENTED_EDGE('',*,*,#4316,.F.);
#5860=ORIENTED_EDGE('',*,*,#4317,.F.);
#5861=ORIENTED_EDGE('',*,*,#4318,.T.);
#5862=ORIENTED_EDGE('',*,*,#4317,.T.);
#5863=ORIENTED_EDGE('',*,*,#4319,.F.);
#5864=ORIENTED_EDGE('',*,*,#4320,.F.);
#5865=ORIENTED_EDGE('',*,*,#4321,.T.);
#5866=ORIENTED_EDGE('',*,*,#4320,.T.);
#5867=ORIENTED_EDGE('',*,*,#4322,.F.);
#5868=ORIENTED_EDGE('',*,*,#4323,.F.);
#5869=ORIENTED_EDGE('',*,*,#4324,.T.);
#5870=ORIENTED_EDGE('',*,*,#4323,.T.);
#5871=ORIENTED_EDGE('',*,*,#4325,.F.);
#5872=ORIENTED_EDGE('',*,*,#4326,.F.);
#5873=ORIENTED_EDGE('',*,*,#4327,.T.);
#5874=ORIENTED_EDGE('',*,*,#4326,.T.);
#5875=ORIENTED_EDGE('',*,*,#4328,.F.);
#5876=ORIENTED_EDGE('',*,*,#4276,.F.);
#5877=ORIENTED_EDGE('',*,*,#4327,.F.);
#5878=ORIENTED_EDGE('',*,*,#4275,.F.);
#5879=ORIENTED_EDGE('',*,*,#4279,.F.);
#5880=ORIENTED_EDGE('',*,*,#4282,.F.);
#5881=ORIENTED_EDGE('',*,*,#4285,.F.);
#5882=ORIENTED_EDGE('',*,*,#4288,.F.);
#5883=ORIENTED_EDGE('',*,*,#4291,.F.);
#5884=ORIENTED_EDGE('',*,*,#4294,.F.);
#5885=ORIENTED_EDGE('',*,*,#4297,.F.);
#5886=ORIENTED_EDGE('',*,*,#4300,.F.);
#5887=ORIENTED_EDGE('',*,*,#4303,.F.);
#5888=ORIENTED_EDGE('',*,*,#4306,.F.);
#5889=ORIENTED_EDGE('',*,*,#4309,.F.);
#5890=ORIENTED_EDGE('',*,*,#4312,.F.);
#5891=ORIENTED_EDGE('',*,*,#4315,.F.);
#5892=ORIENTED_EDGE('',*,*,#4318,.F.);
#5893=ORIENTED_EDGE('',*,*,#4321,.F.);
#5894=ORIENTED_EDGE('',*,*,#4324,.F.);
#5895=ORIENTED_EDGE('',*,*,#4273,.T.);
#5896=ORIENTED_EDGE('',*,*,#4245,.T.);
#5897=ORIENTED_EDGE('',*,*,#4249,.T.);
#5898=ORIENTED_EDGE('',*,*,#4252,.T.);
#5899=ORIENTED_EDGE('',*,*,#4255,.T.);
#5900=ORIENTED_EDGE('',*,*,#4258,.T.);
#5901=ORIENTED_EDGE('',*,*,#4261,.T.);
#5902=ORIENTED_EDGE('',*,*,#4264,.T.);
#5903=ORIENTED_EDGE('',*,*,#4267,.T.);
#5904=ORIENTED_EDGE('',*,*,#4270,.T.);
#5905=ORIENTED_EDGE('',*,*,#4328,.T.);
#5906=ORIENTED_EDGE('',*,*,#4325,.T.);
#5907=ORIENTED_EDGE('',*,*,#4322,.T.);
#5908=ORIENTED_EDGE('',*,*,#4319,.T.);
#5909=ORIENTED_EDGE('',*,*,#4316,.T.);
#5910=ORIENTED_EDGE('',*,*,#4313,.T.);
#5911=ORIENTED_EDGE('',*,*,#4310,.T.);
#5912=ORIENTED_EDGE('',*,*,#4307,.T.);
#5913=ORIENTED_EDGE('',*,*,#4304,.T.);
#5914=ORIENTED_EDGE('',*,*,#4301,.T.);
#5915=ORIENTED_EDGE('',*,*,#4298,.T.);
#5916=ORIENTED_EDGE('',*,*,#4295,.T.);
#5917=ORIENTED_EDGE('',*,*,#4292,.T.);
#5918=ORIENTED_EDGE('',*,*,#4289,.T.);
#5919=ORIENTED_EDGE('',*,*,#4286,.T.);
#5920=ORIENTED_EDGE('',*,*,#4283,.T.);
#5921=ORIENTED_EDGE('',*,*,#4280,.T.);
#5922=ORIENTED_EDGE('',*,*,#4277,.T.);
#5923=ORIENTED_EDGE('',*,*,#4274,.T.);
#5924=ORIENTED_EDGE('',*,*,#4271,.T.);
#5925=ORIENTED_EDGE('',*,*,#4268,.T.);
#5926=ORIENTED_EDGE('',*,*,#4265,.T.);
#5927=ORIENTED_EDGE('',*,*,#4262,.T.);
#5928=ORIENTED_EDGE('',*,*,#4259,.T.);
#5929=ORIENTED_EDGE('',*,*,#4256,.T.);
#5930=ORIENTED_EDGE('',*,*,#4253,.T.);
#5931=ORIENTED_EDGE('',*,*,#4250,.T.);
#5932=ORIENTED_EDGE('',*,*,#4247,.T.);
#5933=ORIENTED_EDGE('',*,*,#4329,.F.);
#5934=ORIENTED_EDGE('',*,*,#4330,.T.);
#5935=ORIENTED_EDGE('',*,*,#4331,.F.);
#5936=ORIENTED_EDGE('',*,*,#4332,.F.);
#5937=ORIENTED_EDGE('',*,*,#4333,.F.);
#5938=ORIENTED_EDGE('',*,*,#4332,.T.);
#5939=ORIENTED_EDGE('',*,*,#4334,.F.);
#5940=ORIENTED_EDGE('',*,*,#4335,.F.);
#5941=ORIENTED_EDGE('',*,*,#4336,.F.);
#5942=ORIENTED_EDGE('',*,*,#4335,.T.);
#5943=ORIENTED_EDGE('',*,*,#4337,.F.);
#5944=ORIENTED_EDGE('',*,*,#4338,.F.);
#5945=ORIENTED_EDGE('',*,*,#4339,.F.);
#5946=ORIENTED_EDGE('',*,*,#4338,.T.);
#5947=ORIENTED_EDGE('',*,*,#4340,.F.);
#5948=ORIENTED_EDGE('',*,*,#4341,.F.);
#5949=ORIENTED_EDGE('',*,*,#4342,.F.);
#5950=ORIENTED_EDGE('',*,*,#4341,.T.);
#5951=ORIENTED_EDGE('',*,*,#4343,.F.);
#5952=ORIENTED_EDGE('',*,*,#4344,.F.);
#5953=ORIENTED_EDGE('',*,*,#4345,.F.);
#5954=ORIENTED_EDGE('',*,*,#4344,.T.);
#5955=ORIENTED_EDGE('',*,*,#4346,.F.);
#5956=ORIENTED_EDGE('',*,*,#4347,.F.);
#5957=ORIENTED_EDGE('',*,*,#4348,.F.);
#5958=ORIENTED_EDGE('',*,*,#4347,.T.);
#5959=ORIENTED_EDGE('',*,*,#4349,.F.);
#5960=ORIENTED_EDGE('',*,*,#4350,.F.);
#5961=ORIENTED_EDGE('',*,*,#4351,.F.);
#5962=ORIENTED_EDGE('',*,*,#4350,.T.);
#5963=ORIENTED_EDGE('',*,*,#4352,.F.);
#5964=ORIENTED_EDGE('',*,*,#4353,.F.);
#5965=ORIENTED_EDGE('',*,*,#4354,.F.);
#5966=ORIENTED_EDGE('',*,*,#4353,.T.);
#5967=ORIENTED_EDGE('',*,*,#4355,.F.);
#5968=ORIENTED_EDGE('',*,*,#4356,.F.);
#5969=ORIENTED_EDGE('',*,*,#4357,.F.);
#5970=ORIENTED_EDGE('',*,*,#4356,.T.);
#5971=ORIENTED_EDGE('',*,*,#4358,.F.);
#5972=ORIENTED_EDGE('',*,*,#4330,.F.);
#5973=ORIENTED_EDGE('',*,*,#4359,.F.);
#5974=ORIENTED_EDGE('',*,*,#4360,.T.);
#5975=ORIENTED_EDGE('',*,*,#4361,.F.);
#5976=ORIENTED_EDGE('',*,*,#4362,.F.);
#5977=ORIENTED_EDGE('',*,*,#4363,.T.);
#5978=ORIENTED_EDGE('',*,*,#4362,.T.);
#5979=ORIENTED_EDGE('',*,*,#4364,.F.);
#5980=ORIENTED_EDGE('',*,*,#4365,.F.);
#5981=ORIENTED_EDGE('',*,*,#4366,.T.);
#5982=ORIENTED_EDGE('',*,*,#4365,.T.);
#5983=ORIENTED_EDGE('',*,*,#4367,.F.);
#5984=ORIENTED_EDGE('',*,*,#4368,.F.);
#5985=ORIENTED_EDGE('',*,*,#4369,.T.);
#5986=ORIENTED_EDGE('',*,*,#4368,.T.);
#5987=ORIENTED_EDGE('',*,*,#4370,.F.);
#5988=ORIENTED_EDGE('',*,*,#4371,.F.);
#5989=ORIENTED_EDGE('',*,*,#4372,.T.);
#5990=ORIENTED_EDGE('',*,*,#4371,.T.);
#5991=ORIENTED_EDGE('',*,*,#4373,.F.);
#5992=ORIENTED_EDGE('',*,*,#4374,.F.);
#5993=ORIENTED_EDGE('',*,*,#4375,.T.);
#5994=ORIENTED_EDGE('',*,*,#4374,.T.);
#5995=ORIENTED_EDGE('',*,*,#4376,.F.);
#5996=ORIENTED_EDGE('',*,*,#4377,.F.);
#5997=ORIENTED_EDGE('',*,*,#4378,.T.);
#5998=ORIENTED_EDGE('',*,*,#4377,.T.);
#5999=ORIENTED_EDGE('',*,*,#4379,.F.);
#6000=ORIENTED_EDGE('',*,*,#4380,.F.);
#6001=ORIENTED_EDGE('',*,*,#4381,.T.);
#6002=ORIENTED_EDGE('',*,*,#4380,.T.);
#6003=ORIENTED_EDGE('',*,*,#4382,.F.);
#6004=ORIENTED_EDGE('',*,*,#4383,.F.);
#6005=ORIENTED_EDGE('',*,*,#4384,.T.);
#6006=ORIENTED_EDGE('',*,*,#4383,.T.);
#6007=ORIENTED_EDGE('',*,*,#4385,.F.);
#6008=ORIENTED_EDGE('',*,*,#4386,.F.);
#6009=ORIENTED_EDGE('',*,*,#4387,.T.);
#6010=ORIENTED_EDGE('',*,*,#4386,.T.);
#6011=ORIENTED_EDGE('',*,*,#4388,.F.);
#6012=ORIENTED_EDGE('',*,*,#4389,.F.);
#6013=ORIENTED_EDGE('',*,*,#4390,.T.);
#6014=ORIENTED_EDGE('',*,*,#4389,.T.);
#6015=ORIENTED_EDGE('',*,*,#4391,.F.);
#6016=ORIENTED_EDGE('',*,*,#4392,.F.);
#6017=ORIENTED_EDGE('',*,*,#4393,.T.);
#6018=ORIENTED_EDGE('',*,*,#4392,.T.);
#6019=ORIENTED_EDGE('',*,*,#4394,.F.);
#6020=ORIENTED_EDGE('',*,*,#4395,.F.);
#6021=ORIENTED_EDGE('',*,*,#4396,.T.);
#6022=ORIENTED_EDGE('',*,*,#4395,.T.);
#6023=ORIENTED_EDGE('',*,*,#4397,.F.);
#6024=ORIENTED_EDGE('',*,*,#4398,.F.);
#6025=ORIENTED_EDGE('',*,*,#4399,.T.);
#6026=ORIENTED_EDGE('',*,*,#4398,.T.);
#6027=ORIENTED_EDGE('',*,*,#4400,.F.);
#6028=ORIENTED_EDGE('',*,*,#4360,.F.);
#6029=ORIENTED_EDGE('',*,*,#4399,.F.);
#6030=ORIENTED_EDGE('',*,*,#4359,.T.);
#6031=ORIENTED_EDGE('',*,*,#4363,.F.);
#6032=ORIENTED_EDGE('',*,*,#4366,.F.);
#6033=ORIENTED_EDGE('',*,*,#4369,.F.);
#6034=ORIENTED_EDGE('',*,*,#4372,.F.);
#6035=ORIENTED_EDGE('',*,*,#4375,.F.);
#6036=ORIENTED_EDGE('',*,*,#4378,.F.);
#6037=ORIENTED_EDGE('',*,*,#4381,.F.);
#6038=ORIENTED_EDGE('',*,*,#4384,.F.);
#6039=ORIENTED_EDGE('',*,*,#4387,.F.);
#6040=ORIENTED_EDGE('',*,*,#4390,.F.);
#6041=ORIENTED_EDGE('',*,*,#4393,.F.);
#6042=ORIENTED_EDGE('',*,*,#4396,.F.);
#6043=ORIENTED_EDGE('',*,*,#4357,.T.);
#6044=ORIENTED_EDGE('',*,*,#4329,.T.);
#6045=ORIENTED_EDGE('',*,*,#4333,.T.);
#6046=ORIENTED_EDGE('',*,*,#4336,.T.);
#6047=ORIENTED_EDGE('',*,*,#4339,.T.);
#6048=ORIENTED_EDGE('',*,*,#4342,.T.);
#6049=ORIENTED_EDGE('',*,*,#4345,.T.);
#6050=ORIENTED_EDGE('',*,*,#4348,.T.);
#6051=ORIENTED_EDGE('',*,*,#4351,.T.);
#6052=ORIENTED_EDGE('',*,*,#4354,.T.);
#6053=ORIENTED_EDGE('',*,*,#4400,.T.);
#6054=ORIENTED_EDGE('',*,*,#4397,.T.);
#6055=ORIENTED_EDGE('',*,*,#4394,.T.);
#6056=ORIENTED_EDGE('',*,*,#4391,.T.);
#6057=ORIENTED_EDGE('',*,*,#4388,.T.);
#6058=ORIENTED_EDGE('',*,*,#4385,.T.);
#6059=ORIENTED_EDGE('',*,*,#4382,.T.);
#6060=ORIENTED_EDGE('',*,*,#4379,.T.);
#6061=ORIENTED_EDGE('',*,*,#4376,.T.);
#6062=ORIENTED_EDGE('',*,*,#4373,.T.);
#6063=ORIENTED_EDGE('',*,*,#4370,.T.);
#6064=ORIENTED_EDGE('',*,*,#4367,.T.);
#6065=ORIENTED_EDGE('',*,*,#4364,.T.);
#6066=ORIENTED_EDGE('',*,*,#4361,.T.);
#6067=ORIENTED_EDGE('',*,*,#4358,.T.);
#6068=ORIENTED_EDGE('',*,*,#4355,.T.);
#6069=ORIENTED_EDGE('',*,*,#4352,.T.);
#6070=ORIENTED_EDGE('',*,*,#4349,.T.);
#6071=ORIENTED_EDGE('',*,*,#4346,.T.);
#6072=ORIENTED_EDGE('',*,*,#4343,.T.);
#6073=ORIENTED_EDGE('',*,*,#4340,.T.);
#6074=ORIENTED_EDGE('',*,*,#4337,.T.);
#6075=ORIENTED_EDGE('',*,*,#4334,.T.);
#6076=ORIENTED_EDGE('',*,*,#4331,.T.);
#6077=ORIENTED_EDGE('',*,*,#4401,.T.);
#6078=ORIENTED_EDGE('',*,*,#4402,.T.);
#6079=ORIENTED_EDGE('',*,*,#4403,.F.);
#6080=ORIENTED_EDGE('',*,*,#4404,.F.);
#6081=ORIENTED_EDGE('',*,*,#4405,.T.);
#6082=ORIENTED_EDGE('',*,*,#4404,.T.);
#6083=ORIENTED_EDGE('',*,*,#4406,.F.);
#6084=ORIENTED_EDGE('',*,*,#4407,.F.);
#6085=ORIENTED_EDGE('',*,*,#4408,.T.);
#6086=ORIENTED_EDGE('',*,*,#4407,.T.);
#6087=ORIENTED_EDGE('',*,*,#4409,.F.);
#6088=ORIENTED_EDGE('',*,*,#4410,.F.);
#6089=ORIENTED_EDGE('',*,*,#4411,.T.);
#6090=ORIENTED_EDGE('',*,*,#4410,.T.);
#6091=ORIENTED_EDGE('',*,*,#4412,.F.);
#6092=ORIENTED_EDGE('',*,*,#4413,.F.);
#6093=ORIENTED_EDGE('',*,*,#4414,.T.);
#6094=ORIENTED_EDGE('',*,*,#4413,.T.);
#6095=ORIENTED_EDGE('',*,*,#4415,.F.);
#6096=ORIENTED_EDGE('',*,*,#4416,.F.);
#6097=ORIENTED_EDGE('',*,*,#4417,.T.);
#6098=ORIENTED_EDGE('',*,*,#4416,.T.);
#6099=ORIENTED_EDGE('',*,*,#4418,.F.);
#6100=ORIENTED_EDGE('',*,*,#4419,.F.);
#6101=ORIENTED_EDGE('',*,*,#4420,.T.);
#6102=ORIENTED_EDGE('',*,*,#4419,.T.);
#6103=ORIENTED_EDGE('',*,*,#4421,.F.);
#6104=ORIENTED_EDGE('',*,*,#4422,.F.);
#6105=ORIENTED_EDGE('',*,*,#4423,.T.);
#6106=ORIENTED_EDGE('',*,*,#4422,.T.);
#6107=ORIENTED_EDGE('',*,*,#4424,.F.);
#6108=ORIENTED_EDGE('',*,*,#4425,.F.);
#6109=ORIENTED_EDGE('',*,*,#4426,.T.);
#6110=ORIENTED_EDGE('',*,*,#4425,.T.);
#6111=ORIENTED_EDGE('',*,*,#4427,.F.);
#6112=ORIENTED_EDGE('',*,*,#4428,.F.);
#6113=ORIENTED_EDGE('',*,*,#4429,.T.);
#6114=ORIENTED_EDGE('',*,*,#4428,.T.);
#6115=ORIENTED_EDGE('',*,*,#4430,.F.);
#6116=ORIENTED_EDGE('',*,*,#4431,.F.);
#6117=ORIENTED_EDGE('',*,*,#4432,.T.);
#6118=ORIENTED_EDGE('',*,*,#4431,.T.);
#6119=ORIENTED_EDGE('',*,*,#4433,.F.);
#6120=ORIENTED_EDGE('',*,*,#4434,.F.);
#6121=ORIENTED_EDGE('',*,*,#4435,.T.);
#6122=ORIENTED_EDGE('',*,*,#4434,.T.);
#6123=ORIENTED_EDGE('',*,*,#4436,.F.);
#6124=ORIENTED_EDGE('',*,*,#4437,.F.);
#6125=ORIENTED_EDGE('',*,*,#4438,.T.);
#6126=ORIENTED_EDGE('',*,*,#4437,.T.);
#6127=ORIENTED_EDGE('',*,*,#4439,.F.);
#6128=ORIENTED_EDGE('',*,*,#4440,.F.);
#6129=ORIENTED_EDGE('',*,*,#4441,.T.);
#6130=ORIENTED_EDGE('',*,*,#4440,.T.);
#6131=ORIENTED_EDGE('',*,*,#4442,.F.);
#6132=ORIENTED_EDGE('',*,*,#4443,.F.);
#6133=ORIENTED_EDGE('',*,*,#4444,.T.);
#6134=ORIENTED_EDGE('',*,*,#4443,.T.);
#6135=ORIENTED_EDGE('',*,*,#4445,.F.);
#6136=ORIENTED_EDGE('',*,*,#4446,.F.);
#6137=ORIENTED_EDGE('',*,*,#4447,.T.);
#6138=ORIENTED_EDGE('',*,*,#4446,.T.);
#6139=ORIENTED_EDGE('',*,*,#4448,.F.);
#6140=ORIENTED_EDGE('',*,*,#4449,.F.);
#6141=ORIENTED_EDGE('',*,*,#4450,.T.);
#6142=ORIENTED_EDGE('',*,*,#4449,.T.);
#6143=ORIENTED_EDGE('',*,*,#4451,.F.);
#6144=ORIENTED_EDGE('',*,*,#4452,.F.);
#6145=ORIENTED_EDGE('',*,*,#4453,.T.);
#6146=ORIENTED_EDGE('',*,*,#4452,.T.);
#6147=ORIENTED_EDGE('',*,*,#4454,.F.);
#6148=ORIENTED_EDGE('',*,*,#4455,.F.);
#6149=ORIENTED_EDGE('',*,*,#4456,.T.);
#6150=ORIENTED_EDGE('',*,*,#4455,.T.);
#6151=ORIENTED_EDGE('',*,*,#4457,.F.);
#6152=ORIENTED_EDGE('',*,*,#4458,.F.);
#6153=ORIENTED_EDGE('',*,*,#4459,.T.);
#6154=ORIENTED_EDGE('',*,*,#4458,.T.);
#6155=ORIENTED_EDGE('',*,*,#4460,.F.);
#6156=ORIENTED_EDGE('',*,*,#4461,.F.);
#6157=ORIENTED_EDGE('',*,*,#4462,.T.);
#6158=ORIENTED_EDGE('',*,*,#4461,.T.);
#6159=ORIENTED_EDGE('',*,*,#4463,.F.);
#6160=ORIENTED_EDGE('',*,*,#4464,.F.);
#6161=ORIENTED_EDGE('',*,*,#4465,.T.);
#6162=ORIENTED_EDGE('',*,*,#4464,.T.);
#6163=ORIENTED_EDGE('',*,*,#4466,.F.);
#6164=ORIENTED_EDGE('',*,*,#4467,.F.);
#6165=ORIENTED_EDGE('',*,*,#4468,.T.);
#6166=ORIENTED_EDGE('',*,*,#4467,.T.);
#6167=ORIENTED_EDGE('',*,*,#4469,.F.);
#6168=ORIENTED_EDGE('',*,*,#4470,.F.);
#6169=ORIENTED_EDGE('',*,*,#4471,.T.);
#6170=ORIENTED_EDGE('',*,*,#4470,.T.);
#6171=ORIENTED_EDGE('',*,*,#4472,.F.);
#6172=ORIENTED_EDGE('',*,*,#4473,.F.);
#6173=ORIENTED_EDGE('',*,*,#4474,.T.);
#6174=ORIENTED_EDGE('',*,*,#4473,.T.);
#6175=ORIENTED_EDGE('',*,*,#4475,.F.);
#6176=ORIENTED_EDGE('',*,*,#4476,.F.);
#6177=ORIENTED_EDGE('',*,*,#4477,.T.);
#6178=ORIENTED_EDGE('',*,*,#4476,.T.);
#6179=ORIENTED_EDGE('',*,*,#4478,.F.);
#6180=ORIENTED_EDGE('',*,*,#4479,.F.);
#6181=ORIENTED_EDGE('',*,*,#4480,.T.);
#6182=ORIENTED_EDGE('',*,*,#4479,.T.);
#6183=ORIENTED_EDGE('',*,*,#4481,.F.);
#6184=ORIENTED_EDGE('',*,*,#4482,.F.);
#6185=ORIENTED_EDGE('',*,*,#4483,.T.);
#6186=ORIENTED_EDGE('',*,*,#4482,.T.);
#6187=ORIENTED_EDGE('',*,*,#4484,.F.);
#6188=ORIENTED_EDGE('',*,*,#4485,.F.);
#6189=ORIENTED_EDGE('',*,*,#4486,.T.);
#6190=ORIENTED_EDGE('',*,*,#4485,.T.);
#6191=ORIENTED_EDGE('',*,*,#4487,.F.);
#6192=ORIENTED_EDGE('',*,*,#4488,.F.);
#6193=ORIENTED_EDGE('',*,*,#4489,.T.);
#6194=ORIENTED_EDGE('',*,*,#4488,.T.);
#6195=ORIENTED_EDGE('',*,*,#4490,.F.);
#6196=ORIENTED_EDGE('',*,*,#4402,.F.);
#6197=ORIENTED_EDGE('',*,*,#4489,.F.);
#6198=ORIENTED_EDGE('',*,*,#4401,.F.);
#6199=ORIENTED_EDGE('',*,*,#4405,.F.);
#6200=ORIENTED_EDGE('',*,*,#4408,.F.);
#6201=ORIENTED_EDGE('',*,*,#4411,.F.);
#6202=ORIENTED_EDGE('',*,*,#4414,.F.);
#6203=ORIENTED_EDGE('',*,*,#4417,.F.);
#6204=ORIENTED_EDGE('',*,*,#4420,.F.);
#6205=ORIENTED_EDGE('',*,*,#4423,.F.);
#6206=ORIENTED_EDGE('',*,*,#4426,.F.);
#6207=ORIENTED_EDGE('',*,*,#4429,.F.);
#6208=ORIENTED_EDGE('',*,*,#4432,.F.);
#6209=ORIENTED_EDGE('',*,*,#4435,.F.);
#6210=ORIENTED_EDGE('',*,*,#4438,.F.);
#6211=ORIENTED_EDGE('',*,*,#4441,.F.);
#6212=ORIENTED_EDGE('',*,*,#4444,.F.);
#6213=ORIENTED_EDGE('',*,*,#4447,.F.);
#6214=ORIENTED_EDGE('',*,*,#4450,.F.);
#6215=ORIENTED_EDGE('',*,*,#4453,.F.);
#6216=ORIENTED_EDGE('',*,*,#4456,.F.);
#6217=ORIENTED_EDGE('',*,*,#4459,.F.);
#6218=ORIENTED_EDGE('',*,*,#4462,.F.);
#6219=ORIENTED_EDGE('',*,*,#4465,.F.);
#6220=ORIENTED_EDGE('',*,*,#4468,.F.);
#6221=ORIENTED_EDGE('',*,*,#4471,.F.);
#6222=ORIENTED_EDGE('',*,*,#4474,.F.);
#6223=ORIENTED_EDGE('',*,*,#4477,.F.);
#6224=ORIENTED_EDGE('',*,*,#4480,.F.);
#6225=ORIENTED_EDGE('',*,*,#4483,.F.);
#6226=ORIENTED_EDGE('',*,*,#4486,.F.);
#6227=ORIENTED_EDGE('',*,*,#4490,.T.);
#6228=ORIENTED_EDGE('',*,*,#4487,.T.);
#6229=ORIENTED_EDGE('',*,*,#4484,.T.);
#6230=ORIENTED_EDGE('',*,*,#4481,.T.);
#6231=ORIENTED_EDGE('',*,*,#4478,.T.);
#6232=ORIENTED_EDGE('',*,*,#4475,.T.);
#6233=ORIENTED_EDGE('',*,*,#4472,.T.);
#6234=ORIENTED_EDGE('',*,*,#4469,.T.);
#6235=ORIENTED_EDGE('',*,*,#4466,.T.);
#6236=ORIENTED_EDGE('',*,*,#4463,.T.);
#6237=ORIENTED_EDGE('',*,*,#4460,.T.);
#6238=ORIENTED_EDGE('',*,*,#4457,.T.);
#6239=ORIENTED_EDGE('',*,*,#4454,.T.);
#6240=ORIENTED_EDGE('',*,*,#4451,.T.);
#6241=ORIENTED_EDGE('',*,*,#4448,.T.);
#6242=ORIENTED_EDGE('',*,*,#4445,.T.);
#6243=ORIENTED_EDGE('',*,*,#4442,.T.);
#6244=ORIENTED_EDGE('',*,*,#4439,.T.);
#6245=ORIENTED_EDGE('',*,*,#4436,.T.);
#6246=ORIENTED_EDGE('',*,*,#4433,.T.);
#6247=ORIENTED_EDGE('',*,*,#4430,.T.);
#6248=ORIENTED_EDGE('',*,*,#4427,.T.);
#6249=ORIENTED_EDGE('',*,*,#4424,.T.);
#6250=ORIENTED_EDGE('',*,*,#4421,.T.);
#6251=ORIENTED_EDGE('',*,*,#4418,.T.);
#6252=ORIENTED_EDGE('',*,*,#4415,.T.);
#6253=ORIENTED_EDGE('',*,*,#4412,.T.);
#6254=ORIENTED_EDGE('',*,*,#4409,.T.);
#6255=ORIENTED_EDGE('',*,*,#4406,.T.);
#6256=ORIENTED_EDGE('',*,*,#4403,.T.);
#6257=ORIENTED_EDGE('',*,*,#4491,.F.);
#6258=ORIENTED_EDGE('',*,*,#4492,.F.);
#6259=ORIENTED_EDGE('',*,*,#4493,.F.);
#6260=ORIENTED_EDGE('',*,*,#4494,.T.);
#6261=ORIENTED_EDGE('',*,*,#4495,.T.);
#6262=ORIENTED_EDGE('',*,*,#4496,.F.);
#6263=ORIENTED_EDGE('',*,*,#4495,.F.);
#6264=ORIENTED_EDGE('',*,*,#4497,.T.);
#6265=ORIENTED_EDGE('',*,*,#4498,.T.);
#6266=ORIENTED_EDGE('',*,*,#4499,.T.);
#6267=ORIENTED_EDGE('',*,*,#4500,.F.);
#6268=ORIENTED_EDGE('',*,*,#4501,.F.);
#6269=ORIENTED_EDGE('',*,*,#4502,.T.);
#6270=ORIENTED_EDGE('',*,*,#4498,.F.);
#6271=ORIENTED_EDGE('',*,*,#4492,.T.);
#6272=ORIENTED_EDGE('',*,*,#4503,.F.);
#6273=ORIENTED_EDGE('',*,*,#4504,.F.);
#6274=ORIENTED_EDGE('',*,*,#4505,.F.);
#6275=ORIENTED_EDGE('',*,*,#4506,.F.);
#6276=ORIENTED_EDGE('',*,*,#4507,.F.);
#6277=ORIENTED_EDGE('',*,*,#4508,.T.);
#6278=ORIENTED_EDGE('',*,*,#4501,.T.);
#6279=ORIENTED_EDGE('',*,*,#4509,.T.);
#6280=ORIENTED_EDGE('',*,*,#4510,.F.);
#6281=ORIENTED_EDGE('',*,*,#4511,.F.);
#6282=ORIENTED_EDGE('',*,*,#4512,.T.);
#6283=ORIENTED_EDGE('',*,*,#4513,.F.);
#6284=ORIENTED_EDGE('',*,*,#4514,.F.);
#6285=ORIENTED_EDGE('',*,*,#4493,.T.);
#6286=ORIENTED_EDGE('',*,*,#4508,.F.);
#6287=ORIENTED_EDGE('',*,*,#4515,.F.);
#6288=ORIENTED_EDGE('',*,*,#4509,.F.);
#6289=ORIENTED_EDGE('',*,*,#4500,.T.);
#6290=ORIENTED_EDGE('',*,*,#4516,.T.);
#6291=ORIENTED_EDGE('',*,*,#4494,.F.);
#6292=ORIENTED_EDGE('',*,*,#4516,.F.);
#6293=ORIENTED_EDGE('',*,*,#4499,.F.);
#6294=ORIENTED_EDGE('',*,*,#4497,.F.);
#6295=ORIENTED_EDGE('',*,*,#4496,.T.);
#6296=ORIENTED_EDGE('',*,*,#4517,.T.);
#6297=ORIENTED_EDGE('',*,*,#4518,.T.);
#6298=ORIENTED_EDGE('',*,*,#4519,.T.);
#6299=ORIENTED_EDGE('',*,*,#4520,.T.);
#6300=ORIENTED_EDGE('',*,*,#4521,.T.);
#6301=ORIENTED_EDGE('',*,*,#4522,.T.);
#6302=ORIENTED_EDGE('',*,*,#4523,.T.);
#6303=ORIENTED_EDGE('',*,*,#4524,.T.);
#6304=ORIENTED_EDGE('',*,*,#4525,.F.);
#6305=ORIENTED_EDGE('',*,*,#4515,.T.);
#6306=ORIENTED_EDGE('',*,*,#4507,.T.);
#6307=ORIENTED_EDGE('',*,*,#4526,.T.);
#6308=ORIENTED_EDGE('',*,*,#4527,.T.);
#6309=ORIENTED_EDGE('',*,*,#4528,.T.);
#6310=ORIENTED_EDGE('',*,*,#4529,.T.);
#6311=ORIENTED_EDGE('',*,*,#4530,.T.);
#6312=ORIENTED_EDGE('',*,*,#4510,.T.);
#6313=ORIENTED_EDGE('',*,*,#4531,.T.);
#6314=ORIENTED_EDGE('',*,*,#4532,.T.);
#6315=ORIENTED_EDGE('',*,*,#4533,.F.);
#6316=ORIENTED_EDGE('',*,*,#4534,.T.);
#6317=ORIENTED_EDGE('',*,*,#4535,.F.);
#6318=ORIENTED_EDGE('',*,*,#4536,.T.);
#6319=ORIENTED_EDGE('',*,*,#4537,.T.);
#6320=ORIENTED_EDGE('',*,*,#4538,.F.);
#6321=ORIENTED_EDGE('',*,*,#4539,.F.);
#6322=ORIENTED_EDGE('',*,*,#4540,.T.);
#6323=ORIENTED_EDGE('',*,*,#4541,.T.);
#6324=ORIENTED_EDGE('',*,*,#4542,.T.);
#6325=ORIENTED_EDGE('',*,*,#4543,.T.);
#6326=ORIENTED_EDGE('',*,*,#4544,.T.);
#6327=ORIENTED_EDGE('',*,*,#4545,.T.);
#6328=ORIENTED_EDGE('',*,*,#4546,.T.);
#6329=ORIENTED_EDGE('',*,*,#4547,.T.);
#6330=ORIENTED_EDGE('',*,*,#4548,.F.);
#6331=ORIENTED_EDGE('',*,*,#4549,.F.);
#6332=ORIENTED_EDGE('',*,*,#4550,.T.);
#6333=ORIENTED_EDGE('',*,*,#4551,.T.);
#6334=ORIENTED_EDGE('',*,*,#4552,.T.);
#6335=ORIENTED_EDGE('',*,*,#4553,.T.);
#6336=ORIENTED_EDGE('',*,*,#4554,.T.);
#6337=ORIENTED_EDGE('',*,*,#4533,.T.);
#6338=ORIENTED_EDGE('',*,*,#4555,.T.);
#6339=ORIENTED_EDGE('',*,*,#4556,.T.);
#6340=ORIENTED_EDGE('',*,*,#4537,.F.);
#6341=ORIENTED_EDGE('',*,*,#4557,.T.);
#6342=ORIENTED_EDGE('',*,*,#4558,.T.);
#6343=ORIENTED_EDGE('',*,*,#4559,.T.);
#6344=ORIENTED_EDGE('',*,*,#4560,.T.);
#6345=ORIENTED_EDGE('',*,*,#4561,.T.);
#6346=ORIENTED_EDGE('',*,*,#4562,.T.);
#6347=ORIENTED_EDGE('',*,*,#4558,.F.);
#6348=ORIENTED_EDGE('',*,*,#4563,.T.);
#6349=ORIENTED_EDGE('',*,*,#4564,.T.);
#6350=ORIENTED_EDGE('',*,*,#4565,.T.);
#6351=ORIENTED_EDGE('',*,*,#4561,.F.);
#6352=ORIENTED_EDGE('',*,*,#4566,.T.);
#6353=ORIENTED_EDGE('',*,*,#4567,.T.);
#6354=ORIENTED_EDGE('',*,*,#4560,.F.);
#6355=ORIENTED_EDGE('',*,*,#4568,.T.);
#6356=ORIENTED_EDGE('',*,*,#4569,.T.);
#6357=ORIENTED_EDGE('',*,*,#4570,.T.);
#6358=ORIENTED_EDGE('',*,*,#4571,.T.);
#6359=ORIENTED_EDGE('',*,*,#4572,.T.);
#6360=ORIENTED_EDGE('',*,*,#4569,.F.);
#6361=ORIENTED_EDGE('',*,*,#4573,.T.);
#6362=ORIENTED_EDGE('',*,*,#4574,.T.);
#6363=ORIENTED_EDGE('',*,*,#4571,.F.);
#6364=ORIENTED_EDGE('',*,*,#4575,.T.);
#6365=ORIENTED_EDGE('',*,*,#4576,.T.);
#6366=ORIENTED_EDGE('',*,*,#4577,.T.);
#6367=ORIENTED_EDGE('',*,*,#4573,.F.);
#6368=ORIENTED_EDGE('',*,*,#4578,.T.);
#6369=ORIENTED_EDGE('',*,*,#4566,.F.);
#6370=ORIENTED_EDGE('',*,*,#4579,.T.);
#6371=ORIENTED_EDGE('',*,*,#4580,.F.);
#6372=ORIENTED_EDGE('',*,*,#4581,.F.);
#6373=ORIENTED_EDGE('',*,*,#4563,.F.);
#6374=ORIENTED_EDGE('',*,*,#4582,.T.);
#6375=ORIENTED_EDGE('',*,*,#4583,.F.);
#6376=ORIENTED_EDGE('',*,*,#4579,.F.);
#6377=ORIENTED_EDGE('',*,*,#4557,.F.);
#6378=ORIENTED_EDGE('',*,*,#4584,.T.);
#6379=ORIENTED_EDGE('',*,*,#4585,.F.);
#6380=ORIENTED_EDGE('',*,*,#4582,.F.);
#6381=ORIENTED_EDGE('',*,*,#4567,.F.);
#6382=ORIENTED_EDGE('',*,*,#4586,.T.);
#6383=ORIENTED_EDGE('',*,*,#4587,.F.);
#6384=ORIENTED_EDGE('',*,*,#4584,.F.);
#6385=ORIENTED_EDGE('',*,*,#4588,.T.);
#6386=ORIENTED_EDGE('',*,*,#4589,.T.);
#6387=ORIENTED_EDGE('',*,*,#4590,.T.);
#6388=ORIENTED_EDGE('',*,*,#4591,.T.);
#6389=ORIENTED_EDGE('',*,*,#4572,.F.);
#6390=ORIENTED_EDGE('',*,*,#4592,.T.);
#6391=ORIENTED_EDGE('',*,*,#4593,.F.);
#6392=ORIENTED_EDGE('',*,*,#4586,.F.);
#6393=ORIENTED_EDGE('',*,*,#4574,.F.);
#6394=ORIENTED_EDGE('',*,*,#4594,.T.);
#6395=ORIENTED_EDGE('',*,*,#4595,.F.);
#6396=ORIENTED_EDGE('',*,*,#4592,.F.);
#6397=ORIENTED_EDGE('',*,*,#4577,.F.);
#6398=ORIENTED_EDGE('',*,*,#4596,.T.);
#6399=ORIENTED_EDGE('',*,*,#4597,.F.);
#6400=ORIENTED_EDGE('',*,*,#4594,.F.);
#6401=ORIENTED_EDGE('',*,*,#4576,.F.);
#6402=ORIENTED_EDGE('',*,*,#4598,.T.);
#6403=ORIENTED_EDGE('',*,*,#4599,.T.);
#6404=ORIENTED_EDGE('',*,*,#4600,.T.);
#6405=ORIENTED_EDGE('',*,*,#4601,.T.);
#6406=ORIENTED_EDGE('',*,*,#4602,.T.);
#6407=ORIENTED_EDGE('',*,*,#4603,.T.);
#6408=ORIENTED_EDGE('',*,*,#4604,.T.);
#6409=ORIENTED_EDGE('',*,*,#4605,.T.);
#6410=ORIENTED_EDGE('',*,*,#4606,.T.);
#6411=ORIENTED_EDGE('',*,*,#4607,.T.);
#6412=ORIENTED_EDGE('',*,*,#4608,.T.);
#6413=ORIENTED_EDGE('',*,*,#4609,.T.);
#6414=ORIENTED_EDGE('',*,*,#4610,.T.);
#6415=ORIENTED_EDGE('',*,*,#4611,.T.);
#6416=ORIENTED_EDGE('',*,*,#4612,.F.);
#6417=ORIENTED_EDGE('',*,*,#4613,.F.);
#6418=ORIENTED_EDGE('',*,*,#4596,.F.);
#6419=ORIENTED_EDGE('',*,*,#4614,.F.);
#6420=ORIENTED_EDGE('',*,*,#4615,.F.);
#6421=ORIENTED_EDGE('',*,*,#4593,.T.);
#6422=ORIENTED_EDGE('',*,*,#4616,.T.);
#6423=ORIENTED_EDGE('',*,*,#4617,.T.);
#6424=ORIENTED_EDGE('',*,*,#4618,.T.);
#6425=ORIENTED_EDGE('',*,*,#4619,.T.);
#6426=ORIENTED_EDGE('',*,*,#4620,.T.);
#6427=ORIENTED_EDGE('',*,*,#4587,.T.);
#6428=ORIENTED_EDGE('',*,*,#4618,.F.);
#6429=ORIENTED_EDGE('',*,*,#4621,.T.);
#6430=ORIENTED_EDGE('',*,*,#4580,.T.);
#6431=ORIENTED_EDGE('',*,*,#4622,.T.);
#6432=ORIENTED_EDGE('',*,*,#4623,.T.);
#6433=ORIENTED_EDGE('',*,*,#4624,.T.);
#6434=ORIENTED_EDGE('',*,*,#4625,.T.);
#6435=ORIENTED_EDGE('',*,*,#4622,.F.);
#6436=ORIENTED_EDGE('',*,*,#4583,.T.);
#6437=ORIENTED_EDGE('',*,*,#4626,.T.);
#6438=ORIENTED_EDGE('',*,*,#4624,.F.);
#6439=ORIENTED_EDGE('',*,*,#4585,.T.);
#6440=ORIENTED_EDGE('',*,*,#4620,.F.);
#6441=ORIENTED_EDGE('',*,*,#4627,.T.);
#6442=ORIENTED_EDGE('',*,*,#4628,.T.);
#6443=ORIENTED_EDGE('',*,*,#4616,.F.);
#6444=ORIENTED_EDGE('',*,*,#4595,.T.);
#6445=ORIENTED_EDGE('',*,*,#4613,.T.);
#6446=ORIENTED_EDGE('',*,*,#4629,.T.);
#6447=ORIENTED_EDGE('',*,*,#4627,.F.);
#6448=ORIENTED_EDGE('',*,*,#4597,.T.);
#6449=ORIENTED_EDGE('',*,*,#4623,.F.);
#6450=ORIENTED_EDGE('',*,*,#4625,.F.);
#6451=ORIENTED_EDGE('',*,*,#4626,.F.);
#6452=ORIENTED_EDGE('',*,*,#4619,.F.);
#6453=ORIENTED_EDGE('',*,*,#4617,.F.);
#6454=ORIENTED_EDGE('',*,*,#4628,.F.);
#6455=ORIENTED_EDGE('',*,*,#4629,.F.);
#6456=ORIENTED_EDGE('',*,*,#4612,.T.);
#6457=ORIENTED_EDGE('',*,*,#4630,.T.);
#6458=ORIENTED_EDGE('',*,*,#4631,.T.);
#6459=ORIENTED_EDGE('',*,*,#4632,.T.);
#6460=ORIENTED_EDGE('',*,*,#4633,.T.);
#6461=ORIENTED_EDGE('',*,*,#4634,.T.);
#6462=ORIENTED_EDGE('',*,*,#4635,.T.);
#6463=ORIENTED_EDGE('',*,*,#4591,.F.);
#6464=ORIENTED_EDGE('',*,*,#4636,.T.);
#6465=ORIENTED_EDGE('',*,*,#4637,.T.);
#6466=ORIENTED_EDGE('',*,*,#4636,.F.);
#6467=ORIENTED_EDGE('',*,*,#4637,.F.);
#6468=ORIENTED_EDGE('',*,*,#4638,.F.);
#6469=ORIENTED_EDGE('',*,*,#4639,.T.);
#6470=ORIENTED_EDGE('',*,*,#4640,.F.);
#6471=ORIENTED_EDGE('',*,*,#4639,.F.);
#6472=ORIENTED_EDGE('',*,*,#4641,.F.);
#6473=ORIENTED_EDGE('',*,*,#4518,.F.);
#6474=ORIENTED_EDGE('',*,*,#4642,.F.);
#6475=ORIENTED_EDGE('',*,*,#4642,.T.);
#6476=ORIENTED_EDGE('',*,*,#4517,.F.);
#6477=ORIENTED_EDGE('',*,*,#4502,.F.);
#6478=ORIENTED_EDGE('',*,*,#4514,.T.);
#6479=ORIENTED_EDGE('',*,*,#4643,.T.);
#6480=ORIENTED_EDGE('',*,*,#4644,.T.);
#6481=ORIENTED_EDGE('',*,*,#4645,.T.);
#6482=ORIENTED_EDGE('',*,*,#4646,.T.);
#6483=ORIENTED_EDGE('',*,*,#4647,.T.);
#6484=ORIENTED_EDGE('',*,*,#4590,.F.);
#6485=ORIENTED_EDGE('',*,*,#4648,.T.);
#6486=ORIENTED_EDGE('',*,*,#4649,.F.);
#6487=ORIENTED_EDGE('',*,*,#4648,.F.);
#6488=ORIENTED_EDGE('',*,*,#4649,.T.);
#6489=ORIENTED_EDGE('',*,*,#4650,.F.);
#6490=ORIENTED_EDGE('',*,*,#4651,.F.);
#6491=ORIENTED_EDGE('',*,*,#4524,.F.);
#6492=ORIENTED_EDGE('',*,*,#4652,.F.);
#6493=ORIENTED_EDGE('',*,*,#4653,.T.);
#6494=ORIENTED_EDGE('',*,*,#4654,.F.);
#6495=ORIENTED_EDGE('',*,*,#4653,.F.);
#6496=ORIENTED_EDGE('',*,*,#4650,.T.);
#6497=ORIENTED_EDGE('',*,*,#4654,.T.);
#6498=ORIENTED_EDGE('',*,*,#4652,.T.);
#6499=ORIENTED_EDGE('',*,*,#4523,.F.);
#6500=ORIENTED_EDGE('',*,*,#4655,.F.);
#6501=ORIENTED_EDGE('',*,*,#4656,.F.);
#6502=ORIENTED_EDGE('',*,*,#4657,.T.);
#6503=ORIENTED_EDGE('',*,*,#4658,.F.);
#6504=ORIENTED_EDGE('',*,*,#4589,.F.);
#6505=ORIENTED_EDGE('',*,*,#4659,.T.);
#6506=ORIENTED_EDGE('',*,*,#4660,.F.);
#6507=ORIENTED_EDGE('',*,*,#4659,.F.);
#6508=ORIENTED_EDGE('',*,*,#4660,.T.);
#6509=ORIENTED_EDGE('',*,*,#4661,.F.);
#6510=ORIENTED_EDGE('',*,*,#4512,.F.);
#6511=ORIENTED_EDGE('',*,*,#4588,.F.);
#6512=ORIENTED_EDGE('',*,*,#4662,.T.);
#6513=ORIENTED_EDGE('',*,*,#4663,.T.);
#6514=ORIENTED_EDGE('',*,*,#4662,.F.);
#6515=ORIENTED_EDGE('',*,*,#4663,.F.);
#6516=ORIENTED_EDGE('',*,*,#4664,.F.);
#6517=ORIENTED_EDGE('',*,*,#4505,.T.);
#6518=ORIENTED_EDGE('',*,*,#4506,.T.);
#6519=ORIENTED_EDGE('',*,*,#4664,.T.);
#6520=ORIENTED_EDGE('',*,*,#4504,.T.);
#6521=ORIENTED_EDGE('',*,*,#4665,.F.);
#6522=ORIENTED_EDGE('',*,*,#4666,.F.);
#6523=ORIENTED_EDGE('',*,*,#4667,.F.);
#6524=ORIENTED_EDGE('',*,*,#4668,.T.);
#6525=ORIENTED_EDGE('',*,*,#4526,.F.);
#6526=ORIENTED_EDGE('',*,*,#4669,.F.);
#6527=ORIENTED_EDGE('',*,*,#4670,.F.);
#6528=ORIENTED_EDGE('',*,*,#4671,.F.);
#6529=ORIENTED_EDGE('',*,*,#4672,.F.);
#6530=ORIENTED_EDGE('',*,*,#4673,.F.);
#6531=ORIENTED_EDGE('',*,*,#4674,.F.);
#6532=ORIENTED_EDGE('',*,*,#4675,.F.);
#6533=ORIENTED_EDGE('',*,*,#4676,.F.);
#6534=ORIENTED_EDGE('',*,*,#4677,.T.);
#6535=ORIENTED_EDGE('',*,*,#4678,.F.);
#6536=ORIENTED_EDGE('',*,*,#4679,.F.);
#6537=ORIENTED_EDGE('',*,*,#4680,.F.);
#6538=ORIENTED_EDGE('',*,*,#4681,.F.);
#6539=ORIENTED_EDGE('',*,*,#4600,.F.);
#6540=ORIENTED_EDGE('',*,*,#4682,.F.);
#6541=ORIENTED_EDGE('',*,*,#4683,.F.);
#6542=ORIENTED_EDGE('',*,*,#4684,.T.);
#6543=ORIENTED_EDGE('',*,*,#4685,.F.);
#6544=ORIENTED_EDGE('',*,*,#4686,.F.);
#6545=ORIENTED_EDGE('',*,*,#4687,.F.);
#6546=ORIENTED_EDGE('',*,*,#4688,.F.);
#6547=ORIENTED_EDGE('',*,*,#4684,.F.);
#6548=ORIENTED_EDGE('',*,*,#4689,.F.);
#6549=ORIENTED_EDGE('',*,*,#4670,.T.);
#6550=ORIENTED_EDGE('',*,*,#4690,.F.);
#6551=ORIENTED_EDGE('',*,*,#4691,.F.);
#6552=ORIENTED_EDGE('',*,*,#4671,.T.);
#6553=ORIENTED_EDGE('',*,*,#4692,.F.);
#6554=ORIENTED_EDGE('',*,*,#4693,.F.);
#6555=ORIENTED_EDGE('',*,*,#4694,.T.);
#6556=ORIENTED_EDGE('',*,*,#4683,.T.);
#6557=ORIENTED_EDGE('',*,*,#4695,.F.);
#6558=ORIENTED_EDGE('',*,*,#4696,.F.);
#6559=ORIENTED_EDGE('',*,*,#4692,.T.);
#6560=ORIENTED_EDGE('',*,*,#4689,.T.);
#6561=ORIENTED_EDGE('',*,*,#4694,.F.);
#6562=ORIENTED_EDGE('',*,*,#4697,.F.);
#6563=ORIENTED_EDGE('',*,*,#4698,.F.);
#6564=ORIENTED_EDGE('',*,*,#4690,.T.);
#6565=ORIENTED_EDGE('',*,*,#4699,.F.);
#6566=ORIENTED_EDGE('',*,*,#4700,.F.);
#6567=ORIENTED_EDGE('',*,*,#4701,.T.);
#6568=ORIENTED_EDGE('',*,*,#4693,.T.);
#6569=ORIENTED_EDGE('',*,*,#4702,.F.);
#6570=ORIENTED_EDGE('',*,*,#4703,.F.);
#6571=ORIENTED_EDGE('',*,*,#4699,.T.);
#6572=ORIENTED_EDGE('',*,*,#4696,.T.);
#6573=ORIENTED_EDGE('',*,*,#4701,.F.);
#6574=ORIENTED_EDGE('',*,*,#4677,.F.);
#6575=ORIENTED_EDGE('',*,*,#4704,.F.);
#6576=ORIENTED_EDGE('',*,*,#4697,.T.);
#6577=ORIENTED_EDGE('',*,*,#4705,.F.);
#6578=ORIENTED_EDGE('',*,*,#4706,.F.);
#6579=ORIENTED_EDGE('',*,*,#4707,.T.);
#6580=ORIENTED_EDGE('',*,*,#4700,.T.);
#6581=ORIENTED_EDGE('',*,*,#4708,.F.);
#6582=ORIENTED_EDGE('',*,*,#4709,.F.);
#6583=ORIENTED_EDGE('',*,*,#4705,.T.);
#6584=ORIENTED_EDGE('',*,*,#4703,.T.);
#6585=ORIENTED_EDGE('',*,*,#4707,.F.);
#6586=ORIENTED_EDGE('',*,*,#4710,.F.);
#6587=ORIENTED_EDGE('',*,*,#4711,.F.);
#6588=ORIENTED_EDGE('',*,*,#4712,.T.);
#6589=ORIENTED_EDGE('',*,*,#4706,.T.);
#6590=ORIENTED_EDGE('',*,*,#4713,.F.);
#6591=ORIENTED_EDGE('',*,*,#4714,.F.);
#6592=ORIENTED_EDGE('',*,*,#4546,.F.);
#6593=ORIENTED_EDGE('',*,*,#4715,.F.);
#6594=ORIENTED_EDGE('',*,*,#4716,.F.);
#6595=ORIENTED_EDGE('',*,*,#4678,.T.);
#6596=ORIENTED_EDGE('',*,*,#4709,.T.);
#6597=ORIENTED_EDGE('',*,*,#4712,.F.);
#6598=ORIENTED_EDGE('',*,*,#4685,.T.);
#6599=ORIENTED_EDGE('',*,*,#4669,.T.);
#6600=ORIENTED_EDGE('',*,*,#4717,.T.);
#6601=ORIENTED_EDGE('',*,*,#4718,.F.);
#6602=ORIENTED_EDGE('',*,*,#4719,.T.);
#6603=ORIENTED_EDGE('',*,*,#4720,.T.);
#6604=ORIENTED_EDGE('',*,*,#4721,.T.);
#6605=ORIENTED_EDGE('',*,*,#4674,.T.);
#6606=ORIENTED_EDGE('',*,*,#4722,.F.);
#6607=ORIENTED_EDGE('',*,*,#4717,.F.);
#6608=ORIENTED_EDGE('',*,*,#4686,.T.);
#6609=ORIENTED_EDGE('',*,*,#4721,.F.);
#6610=ORIENTED_EDGE('',*,*,#4723,.T.);
#6611=ORIENTED_EDGE('',*,*,#4673,.T.);
#6612=ORIENTED_EDGE('',*,*,#4724,.T.);
#6613=ORIENTED_EDGE('',*,*,#4725,.F.);
#6614=ORIENTED_EDGE('',*,*,#4726,.T.);
#6615=ORIENTED_EDGE('',*,*,#4667,.T.);
#6616=ORIENTED_EDGE('',*,*,#4727,.F.);
#6617=ORIENTED_EDGE('',*,*,#4728,.T.);
#6618=ORIENTED_EDGE('',*,*,#4729,.T.);
#6619=ORIENTED_EDGE('',*,*,#4656,.T.);
#6620=ORIENTED_EDGE('',*,*,#4730,.F.);
#6621=ORIENTED_EDGE('',*,*,#4731,.T.);
#6622=ORIENTED_EDGE('',*,*,#4732,.T.);
#6623=ORIENTED_EDGE('',*,*,#4733,.T.);
#6624=ORIENTED_EDGE('',*,*,#4734,.T.);
#6625=ORIENTED_EDGE('',*,*,#4735,.T.);
#6626=ORIENTED_EDGE('',*,*,#4736,.T.);
#6627=ORIENTED_EDGE('',*,*,#4737,.T.);
#6628=ORIENTED_EDGE('',*,*,#4738,.T.);
#6629=ORIENTED_EDGE('',*,*,#4739,.T.);
#6630=ORIENTED_EDGE('',*,*,#4740,.T.);
#6631=ORIENTED_EDGE('',*,*,#4718,.T.);
#6632=ORIENTED_EDGE('',*,*,#4722,.T.);
#6633=ORIENTED_EDGE('',*,*,#4672,.T.);
#6634=ORIENTED_EDGE('',*,*,#4741,.T.);
#6635=ORIENTED_EDGE('',*,*,#4742,.F.);
#6636=ORIENTED_EDGE('',*,*,#4724,.F.);
#6637=ORIENTED_EDGE('',*,*,#4691,.T.);
#6638=ORIENTED_EDGE('',*,*,#4743,.T.);
#6639=ORIENTED_EDGE('',*,*,#4744,.F.);
#6640=ORIENTED_EDGE('',*,*,#4741,.F.);
#6641=ORIENTED_EDGE('',*,*,#4698,.T.);
#6642=ORIENTED_EDGE('',*,*,#4745,.T.);
#6643=ORIENTED_EDGE('',*,*,#4746,.F.);
#6644=ORIENTED_EDGE('',*,*,#4743,.F.);
#6645=ORIENTED_EDGE('',*,*,#4704,.T.);
#6646=ORIENTED_EDGE('',*,*,#4747,.T.);
#6647=ORIENTED_EDGE('',*,*,#4748,.F.);
#6648=ORIENTED_EDGE('',*,*,#4745,.F.);
#6649=ORIENTED_EDGE('',*,*,#4676,.T.);
#6650=ORIENTED_EDGE('',*,*,#4749,.T.);
#6651=ORIENTED_EDGE('',*,*,#4750,.F.);
#6652=ORIENTED_EDGE('',*,*,#4747,.F.);
#6653=ORIENTED_EDGE('',*,*,#4675,.T.);
#6654=ORIENTED_EDGE('',*,*,#4751,.T.);
#6655=ORIENTED_EDGE('',*,*,#4752,.T.);
#6656=ORIENTED_EDGE('',*,*,#4753,.T.);
#6657=ORIENTED_EDGE('',*,*,#4754,.T.);
#6658=ORIENTED_EDGE('',*,*,#4755,.T.);
#6659=ORIENTED_EDGE('',*,*,#4756,.T.);
#6660=ORIENTED_EDGE('',*,*,#4757,.T.);
#6661=ORIENTED_EDGE('',*,*,#4758,.T.);
#6662=ORIENTED_EDGE('',*,*,#4759,.T.);
#6663=ORIENTED_EDGE('',*,*,#4760,.T.);
#6664=ORIENTED_EDGE('',*,*,#4761,.F.);
#6665=ORIENTED_EDGE('',*,*,#4762,.T.);
#6666=ORIENTED_EDGE('',*,*,#4763,.T.);
#6667=ORIENTED_EDGE('',*,*,#4764,.T.);
#6668=ORIENTED_EDGE('',*,*,#4765,.F.);
#6669=ORIENTED_EDGE('',*,*,#4766,.F.);
#6670=ORIENTED_EDGE('',*,*,#4767,.T.);
#6671=ORIENTED_EDGE('',*,*,#4768,.T.);
#6672=ORIENTED_EDGE('',*,*,#4769,.F.);
#6673=ORIENTED_EDGE('',*,*,#4770,.F.);
#6674=ORIENTED_EDGE('',*,*,#4749,.F.);
#6675=ORIENTED_EDGE('',*,*,#4679,.T.);
#6676=ORIENTED_EDGE('',*,*,#4716,.T.);
#6677=ORIENTED_EDGE('',*,*,#4771,.F.);
#6678=ORIENTED_EDGE('',*,*,#4544,.F.);
#6679=ORIENTED_EDGE('',*,*,#4772,.F.);
#6680=ORIENTED_EDGE('',*,*,#4752,.F.);
#6681=ORIENTED_EDGE('',*,*,#4773,.F.);
#6682=ORIENTED_EDGE('',*,*,#4715,.T.);
#6683=ORIENTED_EDGE('',*,*,#4545,.F.);
#6684=ORIENTED_EDGE('',*,*,#4771,.T.);
#6685=ORIENTED_EDGE('',*,*,#4680,.T.);
#6686=ORIENTED_EDGE('',*,*,#4773,.T.);
#6687=ORIENTED_EDGE('',*,*,#4751,.F.);
#6688=ORIENTED_EDGE('',*,*,#4774,.T.);
#6689=ORIENTED_EDGE('',*,*,#4759,.F.);
#6690=ORIENTED_EDGE('',*,*,#4775,.T.);
#6691=ORIENTED_EDGE('',*,*,#4776,.T.);
#6692=ORIENTED_EDGE('',*,*,#4775,.F.);
#6693=ORIENTED_EDGE('',*,*,#4758,.F.);
#6694=ORIENTED_EDGE('',*,*,#4777,.F.);
#6695=ORIENTED_EDGE('',*,*,#4538,.T.);
#6696=ORIENTED_EDGE('',*,*,#4556,.F.);
#6697=ORIENTED_EDGE('',*,*,#4778,.T.);
#6698=ORIENTED_EDGE('',*,*,#4779,.F.);
#6699=ORIENTED_EDGE('',*,*,#4780,.F.);
#6700=ORIENTED_EDGE('',*,*,#4534,.F.);
#6701=ORIENTED_EDGE('',*,*,#4554,.F.);
#6702=ORIENTED_EDGE('',*,*,#4781,.F.);
#6703=ORIENTED_EDGE('',*,*,#4539,.T.);
#6704=ORIENTED_EDGE('',*,*,#4777,.T.);
#6705=ORIENTED_EDGE('',*,*,#4757,.F.);
#6706=ORIENTED_EDGE('',*,*,#4782,.F.);
#6707=ORIENTED_EDGE('',*,*,#4783,.F.);
#6708=ORIENTED_EDGE('',*,*,#4779,.T.);
#6709=ORIENTED_EDGE('',*,*,#4553,.F.);
#6710=ORIENTED_EDGE('',*,*,#4552,.F.);
#6711=ORIENTED_EDGE('',*,*,#4784,.T.);
#6712=ORIENTED_EDGE('',*,*,#4785,.F.);
#6713=ORIENTED_EDGE('',*,*,#4782,.T.);
#6714=ORIENTED_EDGE('',*,*,#4756,.F.);
#6715=ORIENTED_EDGE('',*,*,#4786,.T.);
#6716=ORIENTED_EDGE('',*,*,#4540,.F.);
#6717=ORIENTED_EDGE('',*,*,#4781,.T.);
#6718=ORIENTED_EDGE('',*,*,#4711,.T.);
#6719=ORIENTED_EDGE('',*,*,#4787,.F.);
#6720=ORIENTED_EDGE('',*,*,#4788,.T.);
#6721=ORIENTED_EDGE('',*,*,#4547,.F.);
#6722=ORIENTED_EDGE('',*,*,#4714,.T.);
#6723=ORIENTED_EDGE('',*,*,#4789,.F.);
#6724=ORIENTED_EDGE('',*,*,#4548,.T.);
#6725=ORIENTED_EDGE('',*,*,#4788,.F.);
#6726=ORIENTED_EDGE('',*,*,#4790,.F.);
#6727=ORIENTED_EDGE('',*,*,#4791,.F.);
#6728=ORIENTED_EDGE('',*,*,#4753,.F.);
#6729=ORIENTED_EDGE('',*,*,#4772,.T.);
#6730=ORIENTED_EDGE('',*,*,#4543,.F.);
#6731=ORIENTED_EDGE('',*,*,#4792,.F.);
#6732=ORIENTED_EDGE('',*,*,#4549,.T.);
#6733=ORIENTED_EDGE('',*,*,#4789,.T.);
#6734=ORIENTED_EDGE('',*,*,#4793,.F.);
#6735=ORIENTED_EDGE('',*,*,#4794,.F.);
#6736=ORIENTED_EDGE('',*,*,#4795,.T.);
#6737=ORIENTED_EDGE('',*,*,#4550,.F.);
#6738=ORIENTED_EDGE('',*,*,#4792,.T.);
#6739=ORIENTED_EDGE('',*,*,#4542,.F.);
#6740=ORIENTED_EDGE('',*,*,#4796,.T.);
#6741=ORIENTED_EDGE('',*,*,#4754,.F.);
#6742=ORIENTED_EDGE('',*,*,#4791,.T.);
#6743=ORIENTED_EDGE('',*,*,#4541,.F.);
#6744=ORIENTED_EDGE('',*,*,#4786,.F.);
#6745=ORIENTED_EDGE('',*,*,#4755,.F.);
#6746=ORIENTED_EDGE('',*,*,#4796,.F.);
#6747=ORIENTED_EDGE('',*,*,#4797,.F.);
#6748=ORIENTED_EDGE('',*,*,#4784,.F.);
#6749=ORIENTED_EDGE('',*,*,#4551,.F.);
#6750=ORIENTED_EDGE('',*,*,#4795,.F.);
#6751=ORIENTED_EDGE('',*,*,#4564,.F.);
#6752=ORIENTED_EDGE('',*,*,#4581,.T.);
#6753=ORIENTED_EDGE('',*,*,#4621,.F.);
#6754=ORIENTED_EDGE('',*,*,#4635,.F.);
#6755=ORIENTED_EDGE('',*,*,#4798,.F.);
#6756=ORIENTED_EDGE('',*,*,#4799,.T.);
#6757=ORIENTED_EDGE('',*,*,#4535,.T.);
#6758=ORIENTED_EDGE('',*,*,#4780,.T.);
#6759=ORIENTED_EDGE('',*,*,#4783,.T.);
#6760=ORIENTED_EDGE('',*,*,#4785,.T.);
#6761=ORIENTED_EDGE('',*,*,#4797,.T.);
#6762=ORIENTED_EDGE('',*,*,#4794,.T.);
#6763=ORIENTED_EDGE('',*,*,#4793,.T.);
#6764=ORIENTED_EDGE('',*,*,#4790,.T.);
#6765=ORIENTED_EDGE('',*,*,#4787,.T.);
#6766=ORIENTED_EDGE('',*,*,#4710,.T.);
#6767=ORIENTED_EDGE('',*,*,#4800,.F.);
#6768=ORIENTED_EDGE('',*,*,#4801,.T.);
#6769=ORIENTED_EDGE('',*,*,#4802,.T.);
#6770=ORIENTED_EDGE('',*,*,#4803,.T.);
#6771=ORIENTED_EDGE('',*,*,#4804,.F.);
#6772=ORIENTED_EDGE('',*,*,#4805,.T.);
#6773=ORIENTED_EDGE('',*,*,#4806,.F.);
#6774=ORIENTED_EDGE('',*,*,#4778,.F.);
#6775=ORIENTED_EDGE('',*,*,#4555,.F.);
#6776=ORIENTED_EDGE('',*,*,#4536,.F.);
#6777=ORIENTED_EDGE('',*,*,#4532,.F.);
#6778=ORIENTED_EDGE('',*,*,#4806,.T.);
#6779=ORIENTED_EDGE('',*,*,#4807,.T.);
#6780=ORIENTED_EDGE('',*,*,#4808,.F.);
#6781=ORIENTED_EDGE('',*,*,#4760,.F.);
#6782=ORIENTED_EDGE('',*,*,#4774,.F.);
#6783=ORIENTED_EDGE('',*,*,#4776,.F.);
#6784=ORIENTED_EDGE('',*,*,#4733,.F.);
#6785=ORIENTED_EDGE('',*,*,#4809,.F.);
#6786=ORIENTED_EDGE('',*,*,#4810,.F.);
#6787=ORIENTED_EDGE('',*,*,#4811,.T.);
#6788=ORIENTED_EDGE('',*,*,#4812,.F.);
#6789=ORIENTED_EDGE('',*,*,#4813,.F.);
#6790=ORIENTED_EDGE('',*,*,#4610,.F.);
#6791=ORIENTED_EDGE('',*,*,#4814,.F.);
#6792=ORIENTED_EDGE('',*,*,#4815,.F.);
#6793=ORIENTED_EDGE('',*,*,#4816,.F.);
#6794=ORIENTED_EDGE('',*,*,#4817,.F.);
#6795=ORIENTED_EDGE('',*,*,#4818,.F.);
#6796=ORIENTED_EDGE('',*,*,#4819,.F.);
#6797=ORIENTED_EDGE('',*,*,#4820,.F.);
#6798=ORIENTED_EDGE('',*,*,#4821,.F.);
#6799=ORIENTED_EDGE('',*,*,#4811,.F.);
#6800=ORIENTED_EDGE('',*,*,#4822,.F.);
#6801=ORIENTED_EDGE('',*,*,#4815,.T.);
#6802=ORIENTED_EDGE('',*,*,#4823,.F.);
#6803=ORIENTED_EDGE('',*,*,#4824,.F.);
#6804=ORIENTED_EDGE('',*,*,#4816,.T.);
#6805=ORIENTED_EDGE('',*,*,#4825,.F.);
#6806=ORIENTED_EDGE('',*,*,#4826,.F.);
#6807=ORIENTED_EDGE('',*,*,#4827,.T.);
#6808=ORIENTED_EDGE('',*,*,#4810,.T.);
#6809=ORIENTED_EDGE('',*,*,#4828,.F.);
#6810=ORIENTED_EDGE('',*,*,#4829,.F.);
#6811=ORIENTED_EDGE('',*,*,#4825,.T.);
#6812=ORIENTED_EDGE('',*,*,#4822,.T.);
#6813=ORIENTED_EDGE('',*,*,#4827,.F.);
#6814=ORIENTED_EDGE('',*,*,#4830,.F.);
#6815=ORIENTED_EDGE('',*,*,#4831,.F.);
#6816=ORIENTED_EDGE('',*,*,#4823,.T.);
#6817=ORIENTED_EDGE('',*,*,#4832,.F.);
#6818=ORIENTED_EDGE('',*,*,#4833,.F.);
#6819=ORIENTED_EDGE('',*,*,#4834,.T.);
#6820=ORIENTED_EDGE('',*,*,#4826,.T.);
#6821=ORIENTED_EDGE('',*,*,#4835,.F.);
#6822=ORIENTED_EDGE('',*,*,#4836,.F.);
#6823=ORIENTED_EDGE('',*,*,#4832,.T.);
#6824=ORIENTED_EDGE('',*,*,#4829,.T.);
#6825=ORIENTED_EDGE('',*,*,#4834,.F.);
#6826=ORIENTED_EDGE('',*,*,#4837,.F.);
#6827=ORIENTED_EDGE('',*,*,#4838,.F.);
#6828=ORIENTED_EDGE('',*,*,#4830,.T.);
#6829=ORIENTED_EDGE('',*,*,#4839,.F.);
#6830=ORIENTED_EDGE('',*,*,#4807,.F.);
#6831=ORIENTED_EDGE('',*,*,#4840,.T.);
#6832=ORIENTED_EDGE('',*,*,#4833,.T.);
#6833=ORIENTED_EDGE('',*,*,#4841,.F.);
#6834=ORIENTED_EDGE('',*,*,#4805,.F.);
#6835=ORIENTED_EDGE('',*,*,#4839,.T.);
#6836=ORIENTED_EDGE('',*,*,#4836,.T.);
#6837=ORIENTED_EDGE('',*,*,#4840,.F.);
#6838=ORIENTED_EDGE('',*,*,#4799,.F.);
#6839=ORIENTED_EDGE('',*,*,#4842,.F.);
#6840=ORIENTED_EDGE('',*,*,#4837,.T.);
#6841=ORIENTED_EDGE('',*,*,#4804,.T.);
#6842=ORIENTED_EDGE('',*,*,#4531,.F.);
#6843=ORIENTED_EDGE('',*,*,#4808,.T.);
#6844=ORIENTED_EDGE('',*,*,#4843,.F.);
#6845=ORIENTED_EDGE('',*,*,#4844,.F.);
#6846=ORIENTED_EDGE('',*,*,#4761,.T.);
#6847=ORIENTED_EDGE('',*,*,#4841,.T.);
#6848=ORIENTED_EDGE('',*,*,#4845,.F.);
#6849=ORIENTED_EDGE('',*,*,#4846,.F.);
#6850=ORIENTED_EDGE('',*,*,#4843,.T.);
#6851=ORIENTED_EDGE('',*,*,#4835,.T.);
#6852=ORIENTED_EDGE('',*,*,#4847,.F.);
#6853=ORIENTED_EDGE('',*,*,#4848,.F.);
#6854=ORIENTED_EDGE('',*,*,#4845,.T.);
#6855=ORIENTED_EDGE('',*,*,#4828,.T.);
#6856=ORIENTED_EDGE('',*,*,#4849,.F.);
#6857=ORIENTED_EDGE('',*,*,#4850,.F.);
#6858=ORIENTED_EDGE('',*,*,#4847,.T.);
#6859=ORIENTED_EDGE('',*,*,#4809,.T.);
#6860=ORIENTED_EDGE('',*,*,#4732,.F.);
#6861=ORIENTED_EDGE('',*,*,#4851,.F.);
#6862=ORIENTED_EDGE('',*,*,#4849,.T.);
#6863=ORIENTED_EDGE('',*,*,#4812,.T.);
#6864=ORIENTED_EDGE('',*,*,#4821,.T.);
#6865=ORIENTED_EDGE('',*,*,#4852,.T.);
#6866=ORIENTED_EDGE('',*,*,#4853,.F.);
#6867=ORIENTED_EDGE('',*,*,#4854,.T.);
#6868=ORIENTED_EDGE('',*,*,#4735,.F.);
#6869=ORIENTED_EDGE('',*,*,#4855,.T.);
#6870=ORIENTED_EDGE('',*,*,#4820,.T.);
#6871=ORIENTED_EDGE('',*,*,#4856,.T.);
#6872=ORIENTED_EDGE('',*,*,#4852,.F.);
#6873=ORIENTED_EDGE('',*,*,#4813,.T.);
#6874=ORIENTED_EDGE('',*,*,#4855,.F.);
#6875=ORIENTED_EDGE('',*,*,#4734,.F.);
#6876=ORIENTED_EDGE('',*,*,#4814,.T.);
#6877=ORIENTED_EDGE('',*,*,#4609,.F.);
#6878=ORIENTED_EDGE('',*,*,#4857,.F.);
#6879=ORIENTED_EDGE('',*,*,#4858,.T.);
#6880=ORIENTED_EDGE('',*,*,#4818,.T.);
#6881=ORIENTED_EDGE('',*,*,#4859,.T.);
#6882=ORIENTED_EDGE('',*,*,#4860,.T.);
#6883=ORIENTED_EDGE('',*,*,#4857,.T.);
#6884=ORIENTED_EDGE('',*,*,#4608,.F.);
#6885=ORIENTED_EDGE('',*,*,#4861,.T.);
#6886=ORIENTED_EDGE('',*,*,#4736,.F.);
#6887=ORIENTED_EDGE('',*,*,#4854,.F.);
#6888=ORIENTED_EDGE('',*,*,#4862,.F.);
#6889=ORIENTED_EDGE('',*,*,#4863,.T.);
#6890=ORIENTED_EDGE('',*,*,#4864,.T.);
#6891=ORIENTED_EDGE('',*,*,#4859,.F.);
#6892=ORIENTED_EDGE('',*,*,#4607,.F.);
#6893=ORIENTED_EDGE('',*,*,#4865,.T.);
#6894=ORIENTED_EDGE('',*,*,#4863,.F.);
#6895=ORIENTED_EDGE('',*,*,#4606,.F.);
#6896=ORIENTED_EDGE('',*,*,#4866,.F.);
#6897=ORIENTED_EDGE('',*,*,#4737,.F.);
#6898=ORIENTED_EDGE('',*,*,#4861,.F.);
#6899=ORIENTED_EDGE('',*,*,#4867,.T.);
#6900=ORIENTED_EDGE('',*,*,#4868,.F.);
#6901=ORIENTED_EDGE('',*,*,#4688,.T.);
#6902=ORIENTED_EDGE('',*,*,#4869,.T.);
#6903=ORIENTED_EDGE('',*,*,#4870,.F.);
#6904=ORIENTED_EDGE('',*,*,#4601,.F.);
#6905=ORIENTED_EDGE('',*,*,#4681,.T.);
#6906=ORIENTED_EDGE('',*,*,#4871,.T.);
#6907=ORIENTED_EDGE('',*,*,#4602,.F.);
#6908=ORIENTED_EDGE('',*,*,#4870,.T.);
#6909=ORIENTED_EDGE('',*,*,#4872,.F.);
#6910=ORIENTED_EDGE('',*,*,#4873,.T.);
#6911=ORIENTED_EDGE('',*,*,#4874,.T.);
#6912=ORIENTED_EDGE('',*,*,#4719,.F.);
#6913=ORIENTED_EDGE('',*,*,#4740,.F.);
#6914=ORIENTED_EDGE('',*,*,#4875,.T.);
#6915=ORIENTED_EDGE('',*,*,#4603,.F.);
#6916=ORIENTED_EDGE('',*,*,#4871,.F.);
#6917=ORIENTED_EDGE('',*,*,#4876,.F.);
#6918=ORIENTED_EDGE('',*,*,#4604,.F.);
#6919=ORIENTED_EDGE('',*,*,#4875,.F.);
#6920=ORIENTED_EDGE('',*,*,#4877,.T.);
#6921=ORIENTED_EDGE('',*,*,#4878,.F.);
#6922=ORIENTED_EDGE('',*,*,#4879,.T.);
#6923=ORIENTED_EDGE('',*,*,#4873,.F.);
#6924=ORIENTED_EDGE('',*,*,#4739,.F.);
#6925=ORIENTED_EDGE('',*,*,#4880,.F.);
#6926=ORIENTED_EDGE('',*,*,#4687,.T.);
#6927=ORIENTED_EDGE('',*,*,#4723,.F.);
#6928=ORIENTED_EDGE('',*,*,#4720,.F.);
#6929=ORIENTED_EDGE('',*,*,#4874,.F.);
#6930=ORIENTED_EDGE('',*,*,#4879,.F.);
#6931=ORIENTED_EDGE('',*,*,#4881,.F.);
#6932=ORIENTED_EDGE('',*,*,#4867,.F.);
#6933=ORIENTED_EDGE('',*,*,#4862,.T.);
#6934=ORIENTED_EDGE('',*,*,#4853,.T.);
#6935=ORIENTED_EDGE('',*,*,#4856,.F.);
#6936=ORIENTED_EDGE('',*,*,#4819,.T.);
#6937=ORIENTED_EDGE('',*,*,#4858,.F.);
#6938=ORIENTED_EDGE('',*,*,#4860,.F.);
#6939=ORIENTED_EDGE('',*,*,#4864,.F.);
#6940=ORIENTED_EDGE('',*,*,#4865,.F.);
#6941=ORIENTED_EDGE('',*,*,#4882,.F.);
#6942=ORIENTED_EDGE('',*,*,#4877,.F.);
#6943=ORIENTED_EDGE('',*,*,#4876,.T.);
#6944=ORIENTED_EDGE('',*,*,#4872,.T.);
#6945=ORIENTED_EDGE('',*,*,#4869,.F.);
#6946=ORIENTED_EDGE('',*,*,#4881,.T.);
#6947=ORIENTED_EDGE('',*,*,#4880,.T.);
#6948=ORIENTED_EDGE('',*,*,#4738,.F.);
#6949=ORIENTED_EDGE('',*,*,#4868,.T.);
#6950=ORIENTED_EDGE('',*,*,#4605,.F.);
#6951=ORIENTED_EDGE('',*,*,#4878,.T.);
#6952=ORIENTED_EDGE('',*,*,#4882,.T.);
#6953=ORIENTED_EDGE('',*,*,#4866,.T.);
#6954=ORIENTED_EDGE('',*,*,#4883,.F.);
#6955=ORIENTED_EDGE('',*,*,#4884,.F.);
#6956=ORIENTED_EDGE('',*,*,#4885,.F.);
#6957=ORIENTED_EDGE('',*,*,#4886,.F.);
#6958=ORIENTED_EDGE('',*,*,#4887,.F.);
#6959=ORIENTED_EDGE('',*,*,#4888,.F.);
#6960=ORIENTED_EDGE('',*,*,#4889,.F.);
#6961=ORIENTED_EDGE('',*,*,#4890,.F.);
#6962=ORIENTED_EDGE('',*,*,#4891,.F.);
#6963=ORIENTED_EDGE('',*,*,#4892,.F.);
#6964=ORIENTED_EDGE('',*,*,#4893,.F.);
#6965=ORIENTED_EDGE('',*,*,#4894,.F.);
#6966=ORIENTED_EDGE('',*,*,#4895,.F.);
#6967=ORIENTED_EDGE('',*,*,#4896,.F.);
#6968=ORIENTED_EDGE('',*,*,#4883,.T.);
#6969=ORIENTED_EDGE('',*,*,#4897,.F.);
#6970=ORIENTED_EDGE('',*,*,#4898,.T.);
#6971=ORIENTED_EDGE('',*,*,#4886,.T.);
#6972=ORIENTED_EDGE('',*,*,#4899,.T.);
#6973=ORIENTED_EDGE('',*,*,#4897,.T.);
#6974=ORIENTED_EDGE('',*,*,#4887,.T.);
#6975=ORIENTED_EDGE('',*,*,#4900,.F.);
#6976=ORIENTED_EDGE('',*,*,#4901,.T.);
#6977=ORIENTED_EDGE('',*,*,#4889,.T.);
#6978=ORIENTED_EDGE('',*,*,#4902,.T.);
#6979=ORIENTED_EDGE('',*,*,#4903,.T.);
#6980=ORIENTED_EDGE('',*,*,#4900,.T.);
#6981=ORIENTED_EDGE('',*,*,#4890,.T.);
#6982=ORIENTED_EDGE('',*,*,#4904,.T.);
#6983=ORIENTED_EDGE('',*,*,#4905,.T.);
#6984=ORIENTED_EDGE('',*,*,#4893,.T.);
#6985=ORIENTED_EDGE('',*,*,#4906,.T.);
#6986=ORIENTED_EDGE('',*,*,#4904,.F.);
#6987=ORIENTED_EDGE('',*,*,#4894,.T.);
#6988=ORIENTED_EDGE('',*,*,#4907,.T.);
#6989=ORIENTED_EDGE('',*,*,#4908,.T.);
#6990=ORIENTED_EDGE('',*,*,#4909,.T.);
#6991=ORIENTED_EDGE('',*,*,#4896,.T.);
#6992=ORIENTED_EDGE('',*,*,#4910,.T.);
#6993=ORIENTED_EDGE('',*,*,#4907,.F.);
#6994=ORIENTED_EDGE('',*,*,#4898,.F.);
#6995=ORIENTED_EDGE('',*,*,#4899,.F.);
#6996=ORIENTED_EDGE('',*,*,#4885,.T.);
#6997=ORIENTED_EDGE('',*,*,#4911,.T.);
#6998=ORIENTED_EDGE('',*,*,#4803,.F.);
#6999=ORIENTED_EDGE('',*,*,#4911,.F.);
#7000=ORIENTED_EDGE('',*,*,#4884,.T.);
#7001=ORIENTED_EDGE('',*,*,#4511,.T.);
#7002=ORIENTED_EDGE('',*,*,#4530,.F.);
#7003=ORIENTED_EDGE('',*,*,#4912,.F.);
#7004=ORIENTED_EDGE('',*,*,#4768,.F.);
#7005=ORIENTED_EDGE('',*,*,#4913,.T.);
#7006=ORIENTED_EDGE('',*,*,#4643,.F.);
#7007=ORIENTED_EDGE('',*,*,#4513,.T.);
#7008=ORIENTED_EDGE('',*,*,#4661,.T.);
#7009=ORIENTED_EDGE('',*,*,#4769,.T.);
#7010=ORIENTED_EDGE('',*,*,#4912,.T.);
#7011=ORIENTED_EDGE('',*,*,#4529,.F.);
#7012=ORIENTED_EDGE('',*,*,#4914,.F.);
#7013=ORIENTED_EDGE('',*,*,#4644,.F.);
#7014=ORIENTED_EDGE('',*,*,#4913,.F.);
#7015=ORIENTED_EDGE('',*,*,#4767,.F.);
#7016=ORIENTED_EDGE('',*,*,#4915,.F.);
#7017=ORIENTED_EDGE('',*,*,#4915,.T.);
#7018=ORIENTED_EDGE('',*,*,#4766,.T.);
#7019=ORIENTED_EDGE('',*,*,#4916,.T.);
#7020=ORIENTED_EDGE('',*,*,#4645,.F.);
#7021=ORIENTED_EDGE('',*,*,#4908,.F.);
#7022=ORIENTED_EDGE('',*,*,#4910,.F.);
#7023=ORIENTED_EDGE('',*,*,#4895,.T.);
#7024=ORIENTED_EDGE('',*,*,#4909,.F.);
#7025=ORIENTED_EDGE('',*,*,#4917,.T.);
#7026=ORIENTED_EDGE('',*,*,#4615,.T.);
#7027=ORIENTED_EDGE('',*,*,#4917,.F.);
#7028=ORIENTED_EDGE('',*,*,#4918,.F.);
#7029=ORIENTED_EDGE('',*,*,#4919,.F.);
#7030=ORIENTED_EDGE('',*,*,#4727,.T.);
#7031=ORIENTED_EDGE('',*,*,#4666,.T.);
#7032=ORIENTED_EDGE('',*,*,#4726,.F.);
#7033=ORIENTED_EDGE('',*,*,#4920,.F.);
#7034=ORIENTED_EDGE('',*,*,#4527,.F.);
#7035=ORIENTED_EDGE('',*,*,#4668,.F.);
#7036=ORIENTED_EDGE('',*,*,#4919,.T.);
#7037=ORIENTED_EDGE('',*,*,#4921,.T.);
#7038=ORIENTED_EDGE('',*,*,#4922,.T.);
#7039=ORIENTED_EDGE('',*,*,#4728,.F.);
#7040=ORIENTED_EDGE('',*,*,#4651,.T.);
#7041=ORIENTED_EDGE('',*,*,#4658,.T.);
#7042=ORIENTED_EDGE('',*,*,#4923,.T.);
#7043=ORIENTED_EDGE('',*,*,#4921,.F.);
#7044=ORIENTED_EDGE('',*,*,#4918,.T.);
#7045=ORIENTED_EDGE('',*,*,#4665,.T.);
#7046=ORIENTED_EDGE('',*,*,#4503,.T.);
#7047=ORIENTED_EDGE('',*,*,#4491,.T.);
#7048=ORIENTED_EDGE('',*,*,#4525,.T.);
#7049=ORIENTED_EDGE('',*,*,#4914,.T.);
#7050=ORIENTED_EDGE('',*,*,#4528,.F.);
#7051=ORIENTED_EDGE('',*,*,#4920,.T.);
#7052=ORIENTED_EDGE('',*,*,#4725,.T.);
#7053=ORIENTED_EDGE('',*,*,#4742,.T.);
#7054=ORIENTED_EDGE('',*,*,#4744,.T.);
#7055=ORIENTED_EDGE('',*,*,#4746,.T.);
#7056=ORIENTED_EDGE('',*,*,#4748,.T.);
#7057=ORIENTED_EDGE('',*,*,#4750,.T.);
#7058=ORIENTED_EDGE('',*,*,#4770,.T.);
#7059=ORIENTED_EDGE('',*,*,#4646,.F.);
#7060=ORIENTED_EDGE('',*,*,#4916,.F.);
#7061=ORIENTED_EDGE('',*,*,#4765,.T.);
#7062=ORIENTED_EDGE('',*,*,#4924,.T.);
#7063=ORIENTED_EDGE('',*,*,#4905,.F.);
#7064=ORIENTED_EDGE('',*,*,#4906,.F.);
#7065=ORIENTED_EDGE('',*,*,#4892,.T.);
#7066=ORIENTED_EDGE('',*,*,#4925,.T.);
#7067=ORIENTED_EDGE('',*,*,#4802,.F.);
#7068=ORIENTED_EDGE('',*,*,#4925,.F.);
#7069=ORIENTED_EDGE('',*,*,#4891,.T.);
#7070=ORIENTED_EDGE('',*,*,#4763,.F.);
#7071=ORIENTED_EDGE('',*,*,#4926,.F.);
#7072=ORIENTED_EDGE('',*,*,#4520,.F.);
#7073=ORIENTED_EDGE('',*,*,#4927,.F.);
#7074=ORIENTED_EDGE('',*,*,#4640,.T.);
#7075=ORIENTED_EDGE('',*,*,#4647,.F.);
#7076=ORIENTED_EDGE('',*,*,#4924,.F.);
#7077=ORIENTED_EDGE('',*,*,#4764,.F.);
#7078=ORIENTED_EDGE('',*,*,#4927,.T.);
#7079=ORIENTED_EDGE('',*,*,#4519,.F.);
#7080=ORIENTED_EDGE('',*,*,#4641,.T.);
#7081=ORIENTED_EDGE('',*,*,#4638,.T.);
#7082=ORIENTED_EDGE('',*,*,#4926,.T.);
#7083=ORIENTED_EDGE('',*,*,#4762,.F.);
#7084=ORIENTED_EDGE('',*,*,#4844,.T.);
#7085=ORIENTED_EDGE('',*,*,#4846,.T.);
#7086=ORIENTED_EDGE('',*,*,#4848,.T.);
#7087=ORIENTED_EDGE('',*,*,#4850,.T.);
#7088=ORIENTED_EDGE('',*,*,#4851,.T.);
#7089=ORIENTED_EDGE('',*,*,#4731,.F.);
#7090=ORIENTED_EDGE('',*,*,#4928,.T.);
#7091=ORIENTED_EDGE('',*,*,#4521,.F.);
#7092=ORIENTED_EDGE('',*,*,#4901,.F.);
#7093=ORIENTED_EDGE('',*,*,#4903,.F.);
#7094=ORIENTED_EDGE('',*,*,#4929,.T.);
#7095=ORIENTED_EDGE('',*,*,#4614,.T.);
#7096=ORIENTED_EDGE('',*,*,#4929,.F.);
#7097=ORIENTED_EDGE('',*,*,#4902,.F.);
#7098=ORIENTED_EDGE('',*,*,#4888,.T.);
#7099=ORIENTED_EDGE('',*,*,#4730,.T.);
#7100=ORIENTED_EDGE('',*,*,#4655,.T.);
#7101=ORIENTED_EDGE('',*,*,#4522,.F.);
#7102=ORIENTED_EDGE('',*,*,#4928,.F.);
#7103=ORIENTED_EDGE('',*,*,#4923,.F.);
#7104=ORIENTED_EDGE('',*,*,#4657,.F.);
#7105=ORIENTED_EDGE('',*,*,#4729,.F.);
#7106=ORIENTED_EDGE('',*,*,#4922,.F.);
#7107=ORIENTED_EDGE('',*,*,#4842,.T.);
#7108=ORIENTED_EDGE('',*,*,#4798,.T.);
#7109=ORIENTED_EDGE('',*,*,#4634,.F.);
#7110=ORIENTED_EDGE('',*,*,#4930,.F.);
#7111=ORIENTED_EDGE('',*,*,#4838,.T.);
#7112=ORIENTED_EDGE('',*,*,#4930,.T.);
#7113=ORIENTED_EDGE('',*,*,#4633,.F.);
#7114=ORIENTED_EDGE('',*,*,#4931,.F.);
#7115=ORIENTED_EDGE('',*,*,#4831,.T.);
#7116=ORIENTED_EDGE('',*,*,#4931,.T.);
#7117=ORIENTED_EDGE('',*,*,#4632,.F.);
#7118=ORIENTED_EDGE('',*,*,#4932,.F.);
#7119=ORIENTED_EDGE('',*,*,#4824,.T.);
#7120=ORIENTED_EDGE('',*,*,#4932,.T.);
#7121=ORIENTED_EDGE('',*,*,#4631,.F.);
#7122=ORIENTED_EDGE('',*,*,#4933,.F.);
#7123=ORIENTED_EDGE('',*,*,#4817,.T.);
#7124=ORIENTED_EDGE('',*,*,#4933,.T.);
#7125=ORIENTED_EDGE('',*,*,#4630,.F.);
#7126=ORIENTED_EDGE('',*,*,#4611,.F.);
#7127=ORIENTED_EDGE('',*,*,#4713,.T.);
#7128=ORIENTED_EDGE('',*,*,#4934,.F.);
#7129=ORIENTED_EDGE('',*,*,#4935,.F.);
#7130=ORIENTED_EDGE('',*,*,#4800,.T.);
#7131=ORIENTED_EDGE('',*,*,#4708,.T.);
#7132=ORIENTED_EDGE('',*,*,#4936,.F.);
#7133=ORIENTED_EDGE('',*,*,#4937,.F.);
#7134=ORIENTED_EDGE('',*,*,#4934,.T.);
#7135=ORIENTED_EDGE('',*,*,#4702,.T.);
#7136=ORIENTED_EDGE('',*,*,#4938,.F.);
#7137=ORIENTED_EDGE('',*,*,#4939,.F.);
#7138=ORIENTED_EDGE('',*,*,#4936,.T.);
#7139=ORIENTED_EDGE('',*,*,#4695,.T.);
#7140=ORIENTED_EDGE('',*,*,#4940,.F.);
#7141=ORIENTED_EDGE('',*,*,#4941,.F.);
#7142=ORIENTED_EDGE('',*,*,#4938,.T.);
#7143=ORIENTED_EDGE('',*,*,#4682,.T.);
#7144=ORIENTED_EDGE('',*,*,#4599,.F.);
#7145=ORIENTED_EDGE('',*,*,#4942,.F.);
#7146=ORIENTED_EDGE('',*,*,#4940,.T.);
#7147=ORIENTED_EDGE('',*,*,#4565,.F.);
#7148=ORIENTED_EDGE('',*,*,#4801,.F.);
#7149=ORIENTED_EDGE('',*,*,#4935,.T.);
#7150=ORIENTED_EDGE('',*,*,#4937,.T.);
#7151=ORIENTED_EDGE('',*,*,#4939,.T.);
#7152=ORIENTED_EDGE('',*,*,#4941,.T.);
#7153=ORIENTED_EDGE('',*,*,#4942,.T.);
#7154=ORIENTED_EDGE('',*,*,#4598,.F.);
#7155=ORIENTED_EDGE('',*,*,#4578,.F.);
#7156=ORIENTED_EDGE('',*,*,#4575,.F.);
#7157=ORIENTED_EDGE('',*,*,#4570,.F.);
#7158=ORIENTED_EDGE('',*,*,#4568,.F.);
#7159=ORIENTED_EDGE('',*,*,#4559,.F.);
#7160=ORIENTED_EDGE('',*,*,#4562,.F.);
#7161=CYLINDRICAL_SURFACE('',#7691,1.7764885739149);
#7162=CYLINDRICAL_SURFACE('',#7695,1.77641192217103);
#7163=CYLINDRICAL_SURFACE('',#7698,1.77641250908375);
#7164=CYLINDRICAL_SURFACE('',#7704,1.7764885739149);
#7165=CYLINDRICAL_SURFACE('',#7708,1.77641164941647);
#7166=CYLINDRICAL_SURFACE('',#7711,1.77641250908374);
#7167=CYLINDRICAL_SURFACE('',#7723,1.77665061682463);
#7168=CYLINDRICAL_SURFACE('',#7728,4.30053737282753);
#7169=CYLINDRICAL_SURFACE('',#7757,1.44303748637438);
#7170=CYLINDRICAL_SURFACE('',#7760,1.44303748637438);
#7171=CYLINDRICAL_SURFACE('',#7763,1.44303748637438);
#7172=CYLINDRICAL_SURFACE('',#7766,1.44303748637438);
#7173=CYLINDRICAL_SURFACE('',#7770,3.78618740916253);
#7174=CYLINDRICAL_SURFACE('',#7787,1.44303748637438);
#7175=CYLINDRICAL_SURFACE('',#7790,1.44303748637438);
#7176=CYLINDRICAL_SURFACE('',#7793,1.44303748637438);
#7177=CYLINDRICAL_SURFACE('',#7796,1.44375192314386);
#7178=CYLINDRICAL_SURFACE('',#7844,2.67085168533162);
#7179=CYLINDRICAL_SURFACE('',#7854,3.5);
#7180=CYLINDRICAL_SURFACE('',#7858,3.5);
#7181=CYLINDRICAL_SURFACE('',#7879,3.);
#7182=CYLINDRICAL_SURFACE('',#7886,3.);
#7183=CYLINDRICAL_SURFACE('',#7888,3.);
#7184=CYLINDRICAL_SURFACE('',#7890,3.);
#7185=CYLINDRICAL_SURFACE('',#7896,3.);
#7186=CYLINDRICAL_SURFACE('',#7899,8.);
#7187=CYLINDRICAL_SURFACE('',#7908,8.);
#7188=CYLINDRICAL_SURFACE('',#7917,3.);
#7189=CYLINDRICAL_SURFACE('',#7920,3.);
#7190=CYLINDRICAL_SURFACE('',#7922,3.);
#7191=CYLINDRICAL_SURFACE('',#7928,3.);
#7192=CYLINDRICAL_SURFACE('',#7932,3.);
#7193=CYLINDRICAL_SURFACE('',#7936,2.1);
#7194=CYLINDRICAL_SURFACE('',#7942,3.5);
#7195=CYLINDRICAL_SURFACE('',#7943,5.);
#7196=CYLINDRICAL_SURFACE('',#7946,2.1);
#7197=CYLINDRICAL_SURFACE('',#7949,3.5);
#7198=CYLINDRICAL_SURFACE('',#7953,5.);
#7199=CYLINDRICAL_SURFACE('',#7955,2.1);
#7200=CYLINDRICAL_SURFACE('',#7960,2.1);
#7201=CYLINDRICAL_SURFACE('',#7965,5.);
#7202=CYLINDRICAL_SURFACE('',#7977,5.50000000000006);
#7203=CYLINDRICAL_SURFACE('',#7987,5.50000000000006);
#7204=CYLINDRICAL_SURFACE('',#7997,4.);
#7205=CYLINDRICAL_SURFACE('',#8000,3.99999999999999);
#7206=CYLINDRICAL_SURFACE('',#8042,5.5);
#7207=CYLINDRICAL_SURFACE('',#8052,5.5);
#7208=CYLINDRICAL_SURFACE('',#8055,3.99999999999999);
#7209=CYLINDRICAL_SURFACE('',#8058,4.);
#7210=CYLINDRICAL_SURFACE('',#8095,5.);
#7211=CYLINDRICAL_SURFACE('',#8098,5.);
#7212=CYLINDRICAL_SURFACE('',#8099,5.);
#7213=CYLINDRICAL_SURFACE('',#8102,5.);
#7214=CYLINDRICAL_SURFACE('',#8105,2.09999999999999);
#7215=CYLINDRICAL_SURFACE('',#8106,5.);
#7216=CYLINDRICAL_SURFACE('',#8110,2.1);
#7217=CYLINDRICAL_SURFACE('',#8115,5.);
#7218=CYLINDRICAL_SURFACE('',#8119,2.09999999999999);
#7219=CYLINDRICAL_SURFACE('',#8121,5.);
#7220=CYLINDRICAL_SURFACE('',#8123,2.1);
#7221=CYLINDRICAL_SURFACE('',#8127,3.99999999999999);
#7222=CYLINDRICAL_SURFACE('',#8129,4.);
#7223=CYLINDRICAL_SURFACE('',#8132,3.99999999999999);
#7224=CYLINDRICAL_SURFACE('',#8135,4.);
#7225=ADVANCED_FACE('',(#718),#7161,.T.);
#7226=ADVANCED_FACE('',(#719),#505,.T.);
#7227=ADVANCED_FACE('',(#720),#7162,.T.);
#7228=ADVANCED_FACE('',(#721),#7163,.T.);
#7229=ADVANCED_FACE('',(#722),#506,.T.);
#7230=ADVANCED_FACE('',(#723),#507,.T.);
#7231=ADVANCED_FACE('',(#724),#508,.F.);
#7232=ADVANCED_FACE('',(#725),#7164,.T.);
#7233=ADVANCED_FACE('',(#726),#509,.T.);
#7234=ADVANCED_FACE('',(#727),#7165,.T.);
#7235=ADVANCED_FACE('',(#728),#7166,.T.);
#7236=ADVANCED_FACE('',(#729),#510,.T.);
#7237=ADVANCED_FACE('',(#730),#511,.T.);
#7238=ADVANCED_FACE('',(#731),#512,.F.);
#7239=ADVANCED_FACE('',(#732),#513,.T.);
#7240=ADVANCED_FACE('',(#733),#514,.T.);
#7241=ADVANCED_FACE('',(#734),#515,.T.);
#7242=ADVANCED_FACE('',(#735),#516,.T.);
#7243=ADVANCED_FACE('',(#736),#517,.T.);
#7244=ADVANCED_FACE('',(#737),#518,.T.);
#7245=ADVANCED_FACE('',(#738),#7167,.T.);
#7246=ADVANCED_FACE('',(#739),#519,.T.);
#7247=ADVANCED_FACE('',(#740),#520,.T.);
#7248=ADVANCED_FACE('',(#741),#7168,.F.);
#7249=ADVANCED_FACE('',(#742),#521,.T.);
#7250=ADVANCED_FACE('',(#743),#522,.F.);
#7251=ADVANCED_FACE('',(#744),#523,.T.);
#7252=ADVANCED_FACE('',(#745),#524,.T.);
#7253=ADVANCED_FACE('',(#746),#462,.T.);
#7254=ADVANCED_FACE('',(#747),#525,.T.);
#7255=ADVANCED_FACE('',(#748),#526,.T.);
#7256=ADVANCED_FACE('',(#749),#527,.F.);
#7257=ADVANCED_FACE('',(#750),#528,.T.);
#7258=ADVANCED_FACE('',(#751),#529,.T.);
#7259=ADVANCED_FACE('',(#752),#530,.T.);
#7260=ADVANCED_FACE('',(#753),#531,.T.);
#7261=ADVANCED_FACE('',(#754),#532,.T.);
#7262=ADVANCED_FACE('',(#755),#317,.T.);
#7263=ADVANCED_FACE('',(#756),#533,.T.);
#7264=ADVANCED_FACE('',(#757),#318,.T.);
#7265=ADVANCED_FACE('',(#758),#319,.T.);
#7266=ADVANCED_FACE('',(#759),#320,.T.);
#7267=ADVANCED_FACE('',(#760),#321,.T.);
#7268=ADVANCED_FACE('',(#761),#534,.T.);
#7269=ADVANCED_FACE('',(#762),#322,.T.);
#7270=ADVANCED_FACE('',(#763),#323,.T.);
#7271=ADVANCED_FACE('',(#764),#324,.T.);
#7272=ADVANCED_FACE('',(#765),#535,.T.);
#7273=ADVANCED_FACE('',(#766),#325,.T.);
#7274=ADVANCED_FACE('',(#767),#326,.T.);
#7275=ADVANCED_FACE('',(#768),#536,.T.);
#7276=ADVANCED_FACE('',(#769),#537,.T.);
#7277=ADVANCED_FACE('',(#770),#538,.T.);
#7278=ADVANCED_FACE('',(#771),#327,.T.);
#7279=ADVANCED_FACE('',(#772),#539,.T.);
#7280=ADVANCED_FACE('',(#773),#540,.T.);
#7281=ADVANCED_FACE('',(#774),#541,.T.);
#7282=ADVANCED_FACE('',(#775),#542,.T.);
#7283=ADVANCED_FACE('',(#776),#328,.T.);
#7284=ADVANCED_FACE('',(#777),#329,.T.);
#7285=ADVANCED_FACE('',(#778),#330,.T.);
#7286=ADVANCED_FACE('',(#779),#331,.T.);
#7287=ADVANCED_FACE('',(#780),#332,.T.);
#7288=ADVANCED_FACE('',(#781),#543,.T.);
#7289=ADVANCED_FACE('',(#782),#333,.T.);
#7290=ADVANCED_FACE('',(#783),#334,.T.);
#7291=ADVANCED_FACE('',(#784),#335,.T.);
#7292=ADVANCED_FACE('',(#785),#336,.T.);
#7293=ADVANCED_FACE('',(#786),#337,.T.);
#7294=ADVANCED_FACE('',(#787,#47),#544,.T.);
#7295=ADVANCED_FACE('',(#788,#48),#545,.F.);
#7296=ADVANCED_FACE('',(#789),#7169,.F.);
#7297=ADVANCED_FACE('',(#790),#7170,.F.);
#7298=ADVANCED_FACE('',(#791),#7171,.F.);
#7299=ADVANCED_FACE('',(#792),#7172,.F.);
#7300=ADVANCED_FACE('',(#793),#463,.T.);
#7301=ADVANCED_FACE('',(#794),#464,.T.);
#7302=ADVANCED_FACE('',(#795),#465,.T.);
#7303=ADVANCED_FACE('',(#796),#546,.T.);
#7304=ADVANCED_FACE('',(#797),#7173,.T.);
#7305=ADVANCED_FACE('',(#798,#49),#547,.T.);
#7306=ADVANCED_FACE('',(#799,#50),#548,.F.);
#7307=ADVANCED_FACE('',(#800),#338,.T.);
#7308=ADVANCED_FACE('',(#801),#549,.T.);
#7309=ADVANCED_FACE('',(#802),#339,.T.);
#7310=ADVANCED_FACE('',(#803),#340,.T.);
#7311=ADVANCED_FACE('',(#804),#341,.T.);
#7312=ADVANCED_FACE('',(#805),#342,.T.);
#7313=ADVANCED_FACE('',(#806),#550,.T.);
#7314=ADVANCED_FACE('',(#807),#343,.T.);
#7315=ADVANCED_FACE('',(#808),#344,.T.);
#7316=ADVANCED_FACE('',(#809),#345,.T.);
#7317=ADVANCED_FACE('',(#810),#551,.T.);
#7318=ADVANCED_FACE('',(#811),#552,.T.);
#7319=ADVANCED_FACE('',(#812),#553,.T.);
#7320=ADVANCED_FACE('',(#813),#346,.T.);
#7321=ADVANCED_FACE('',(#814),#347,.T.);
#7322=ADVANCED_FACE('',(#815),#348,.T.);
#7323=ADVANCED_FACE('',(#816),#349,.T.);
#7324=ADVANCED_FACE('',(#817),#350,.T.);
#7325=ADVANCED_FACE('',(#818),#554,.T.);
#7326=ADVANCED_FACE('',(#819),#351,.T.);
#7327=ADVANCED_FACE('',(#820),#352,.T.);
#7328=ADVANCED_FACE('',(#821),#353,.T.);
#7329=ADVANCED_FACE('',(#822),#354,.T.);
#7330=ADVANCED_FACE('',(#823),#355,.T.);
#7331=ADVANCED_FACE('',(#824),#555,.T.);
#7332=ADVANCED_FACE('',(#825),#556,.T.);
#7333=ADVANCED_FACE('',(#826),#557,.T.);
#7334=ADVANCED_FACE('',(#827),#558,.T.);
#7335=ADVANCED_FACE('',(#828,#51),#559,.T.);
#7336=ADVANCED_FACE('',(#829,#52),#560,.F.);
#7337=ADVANCED_FACE('',(#830),#7174,.F.);
#7338=ADVANCED_FACE('',(#831),#7175,.F.);
#7339=ADVANCED_FACE('',(#832),#7176,.F.);
#7340=ADVANCED_FACE('',(#833),#7177,.F.);
#7341=ADVANCED_FACE('',(#834),#466,.T.);
#7342=ADVANCED_FACE('',(#835),#467,.T.);
#7343=ADVANCED_FACE('',(#836),#468,.T.);
#7344=ADVANCED_FACE('',(#837),#469,.T.);
#7345=ADVANCED_FACE('',(#838),#561,.T.);
#7346=ADVANCED_FACE('',(#839),#562,.T.);
#7347=ADVANCED_FACE('',(#840),#563,.T.);
#7348=ADVANCED_FACE('',(#841,#53),#564,.T.);
#7349=ADVANCED_FACE('',(#842,#54),#565,.F.);
#7350=ADVANCED_FACE('',(#843),#566,.T.);
#7351=ADVANCED_FACE('',(#844),#567,.T.);
#7352=ADVANCED_FACE('',(#845),#568,.T.);
#7353=ADVANCED_FACE('',(#846),#569,.T.);
#7354=ADVANCED_FACE('',(#847),#570,.T.);
#7355=ADVANCED_FACE('',(#848),#571,.T.);
#7356=ADVANCED_FACE('',(#849),#356,.T.);
#7357=ADVANCED_FACE('',(#850),#572,.T.);
#7358=ADVANCED_FACE('',(#851),#357,.T.);
#7359=ADVANCED_FACE('',(#852),#358,.T.);
#7360=ADVANCED_FACE('',(#853),#359,.T.);
#7361=ADVANCED_FACE('',(#854),#360,.T.);
#7362=ADVANCED_FACE('',(#855),#573,.T.);
#7363=ADVANCED_FACE('',(#856),#361,.T.);
#7364=ADVANCED_FACE('',(#857),#362,.T.);
#7365=ADVANCED_FACE('',(#858),#363,.T.);
#7366=ADVANCED_FACE('',(#859),#574,.T.);
#7367=ADVANCED_FACE('',(#860),#575,.T.);
#7368=ADVANCED_FACE('',(#861),#576,.T.);
#7369=ADVANCED_FACE('',(#862),#577,.T.);
#7370=ADVANCED_FACE('',(#863),#578,.T.);
#7371=ADVANCED_FACE('',(#864),#579,.T.);
#7372=ADVANCED_FACE('',(#865),#580,.T.);
#7373=ADVANCED_FACE('',(#866),#364,.T.);
#7374=ADVANCED_FACE('',(#867),#365,.T.);
#7375=ADVANCED_FACE('',(#868),#366,.T.);
#7376=ADVANCED_FACE('',(#869),#367,.T.);
#7377=ADVANCED_FACE('',(#870),#368,.T.);
#7378=ADVANCED_FACE('',(#871),#581,.T.);
#7379=ADVANCED_FACE('',(#872),#369,.T.);
#7380=ADVANCED_FACE('',(#873),#370,.T.);
#7381=ADVANCED_FACE('',(#874),#371,.T.);
#7382=ADVANCED_FACE('',(#875),#372,.T.);
#7383=ADVANCED_FACE('',(#876),#373,.T.);
#7384=ADVANCED_FACE('',(#877,#55),#582,.T.);
#7385=ADVANCED_FACE('',(#878,#56),#583,.F.);
#7386=ADVANCED_FACE('',(#879),#374,.T.);
#7387=ADVANCED_FACE('',(#880),#584,.T.);
#7388=ADVANCED_FACE('',(#881),#375,.T.);
#7389=ADVANCED_FACE('',(#882),#376,.T.);
#7390=ADVANCED_FACE('',(#883),#377,.T.);
#7391=ADVANCED_FACE('',(#884),#378,.T.);
#7392=ADVANCED_FACE('',(#885),#585,.T.);
#7393=ADVANCED_FACE('',(#886),#379,.T.);
#7394=ADVANCED_FACE('',(#887),#380,.T.);
#7395=ADVANCED_FACE('',(#888),#381,.T.);
#7396=ADVANCED_FACE('',(#889),#382,.T.);
#7397=ADVANCED_FACE('',(#890),#586,.T.);
#7398=ADVANCED_FACE('',(#891),#383,.T.);
#7399=ADVANCED_FACE('',(#892),#384,.T.);
#7400=ADVANCED_FACE('',(#893),#385,.T.);
#7401=ADVANCED_FACE('',(#894),#386,.T.);
#7402=ADVANCED_FACE('',(#895),#387,.T.);
#7403=ADVANCED_FACE('',(#896),#587,.T.);
#7404=ADVANCED_FACE('',(#897),#588,.T.);
#7405=ADVANCED_FACE('',(#898),#589,.T.);
#7406=ADVANCED_FACE('',(#899),#590,.T.);
#7407=ADVANCED_FACE('',(#900),#591,.T.);
#7408=ADVANCED_FACE('',(#901),#592,.T.);
#7409=ADVANCED_FACE('',(#902),#593,.T.);
#7410=ADVANCED_FACE('',(#903),#388,.T.);
#7411=ADVANCED_FACE('',(#904),#389,.T.);
#7412=ADVANCED_FACE('',(#905),#390,.T.);
#7413=ADVANCED_FACE('',(#906),#391,.T.);
#7414=ADVANCED_FACE('',(#907,#57),#594,.T.);
#7415=ADVANCED_FACE('',(#908,#58),#595,.F.);
#7416=ADVANCED_FACE('',(#909),#392,.T.);
#7417=ADVANCED_FACE('',(#910),#596,.T.);
#7418=ADVANCED_FACE('',(#911),#393,.T.);
#7419=ADVANCED_FACE('',(#912),#394,.T.);
#7420=ADVANCED_FACE('',(#913),#395,.T.);
#7421=ADVANCED_FACE('',(#914),#396,.T.);
#7422=ADVANCED_FACE('',(#915),#597,.T.);
#7423=ADVANCED_FACE('',(#916),#397,.T.);
#7424=ADVANCED_FACE('',(#917),#398,.T.);
#7425=ADVANCED_FACE('',(#918),#399,.T.);
#7426=ADVANCED_FACE('',(#919),#470,.T.);
#7427=ADVANCED_FACE('',(#920),#400,.T.);
#7428=ADVANCED_FACE('',(#921),#401,.T.);
#7429=ADVANCED_FACE('',(#922),#598,.T.);
#7430=ADVANCED_FACE('',(#923),#402,.T.);
#7431=ADVANCED_FACE('',(#924),#403,.T.);
#7432=ADVANCED_FACE('',(#925),#404,.T.);
#7433=ADVANCED_FACE('',(#926),#471,.T.);
#7434=ADVANCED_FACE('',(#927),#405,.T.);
#7435=ADVANCED_FACE('',(#928),#406,.T.);
#7436=ADVANCED_FACE('',(#929),#599,.T.);
#7437=ADVANCED_FACE('',(#930),#407,.T.);
#7438=ADVANCED_FACE('',(#931),#408,.T.);
#7439=ADVANCED_FACE('',(#932),#409,.T.);
#7440=ADVANCED_FACE('',(#933,#59),#600,.T.);
#7441=ADVANCED_FACE('',(#934,#60),#601,.F.);
#7442=ADVANCED_FACE('',(#935),#410,.T.);
#7443=ADVANCED_FACE('',(#936),#602,.T.);
#7444=ADVANCED_FACE('',(#937),#411,.T.);
#7445=ADVANCED_FACE('',(#938),#412,.T.);
#7446=ADVANCED_FACE('',(#939),#413,.T.);
#7447=ADVANCED_FACE('',(#940),#414,.T.);
#7448=ADVANCED_FACE('',(#941),#415,.T.);
#7449=ADVANCED_FACE('',(#942),#416,.T.);
#7450=ADVANCED_FACE('',(#943),#417,.T.);
#7451=ADVANCED_FACE('',(#944),#418,.T.);
#7452=ADVANCED_FACE('',(#945),#603,.T.);
#7453=ADVANCED_FACE('',(#946),#419,.T.);
#7454=ADVANCED_FACE('',(#947),#420,.T.);
#7455=ADVANCED_FACE('',(#948),#421,.T.);
#7456=ADVANCED_FACE('',(#949),#422,.T.);
#7457=ADVANCED_FACE('',(#950),#423,.T.);
#7458=ADVANCED_FACE('',(#951),#604,.T.);
#7459=ADVANCED_FACE('',(#952),#424,.T.);
#7460=ADVANCED_FACE('',(#953),#425,.T.);
#7461=ADVANCED_FACE('',(#954),#426,.T.);
#7462=ADVANCED_FACE('',(#955),#427,.T.);
#7463=ADVANCED_FACE('',(#956),#428,.T.);
#7464=ADVANCED_FACE('',(#957),#429,.T.);
#7465=ADVANCED_FACE('',(#958),#430,.T.);
#7466=ADVANCED_FACE('',(#959),#431,.T.);
#7467=ADVANCED_FACE('',(#960),#605,.T.);
#7468=ADVANCED_FACE('',(#961),#432,.T.);
#7469=ADVANCED_FACE('',(#962),#433,.T.);
#7470=ADVANCED_FACE('',(#963),#472,.T.);
#7471=ADVANCED_FACE('',(#964),#7178,.T.);
#7472=ADVANCED_FACE('',(#965),#606,.T.);
#7473=ADVANCED_FACE('',(#966),#607,.F.);
#7474=ADVANCED_FACE('',(#967),#608,.T.);
#7475=ADVANCED_FACE('',(#968),#609,.T.);
#7476=ADVANCED_FACE('',(#969),#610,.T.);
#7477=ADVANCED_FACE('',(#970),#7179,.T.);
#7478=ADVANCED_FACE('',(#971),#7180,.T.);
#7479=ADVANCED_FACE('',(#972),#611,.T.);
#7480=ADVANCED_FACE('',(#973),#612,.T.);
#7481=ADVANCED_FACE('',(#974),#613,.T.);
#7482=ADVANCED_FACE('',(#975),#614,.T.);
#7483=ADVANCED_FACE('',(#976),#615,.F.);
#7484=ADVANCED_FACE('',(#977),#616,.F.);
#7485=ADVANCED_FACE('',(#978),#617,.F.);
#7486=ADVANCED_FACE('',(#979),#7181,.T.);
#7487=ADVANCED_FACE('',(#980),#35,.T.);
#7488=ADVANCED_FACE('',(#981),#7182,.T.);
#7489=ADVANCED_FACE('',(#982),#7183,.T.);
#7490=ADVANCED_FACE('',(#983),#7184,.T.);
#7491=ADVANCED_FACE('',(#984),#36,.T.);
#7492=ADVANCED_FACE('',(#985),#7185,.T.);
#7493=ADVANCED_FACE('',(#986),#618,.T.);
#7494=ADVANCED_FACE('',(#987),#7186,.T.);
#7495=ADVANCED_FACE('',(#988),#619,.T.);
#7496=ADVANCED_FACE('',(#989,#61,#62,#63,#64),#620,.T.);
#7497=ADVANCED_FACE('',(#990),#621,.T.);
#7498=ADVANCED_FACE('',(#991),#7187,.T.);
#7499=ADVANCED_FACE('',(#992),#622,.T.);
#7500=ADVANCED_FACE('',(#993,#65,#66),#623,.T.);
#7501=ADVANCED_FACE('',(#994),#7188,.T.);
#7502=ADVANCED_FACE('',(#995),#7189,.T.);
#7503=ADVANCED_FACE('',(#996),#7190,.T.);
#7504=ADVANCED_FACE('',(#997),#37,.T.);
#7505=ADVANCED_FACE('',(#998),#7191,.T.);
#7506=ADVANCED_FACE('',(#999),#38,.T.);
#7507=ADVANCED_FACE('',(#1000),#7192,.T.);
#7508=ADVANCED_FACE('',(#1001),#624,.T.);
#7509=ADVANCED_FACE('',(#1002),#7193,.F.);
#7510=ADVANCED_FACE('',(#1003),#625,.T.);
#7511=ADVANCED_FACE('',(#1004),#626,.F.);
#7512=ADVANCED_FACE('',(#1005),#7194,.T.);
#7513=ADVANCED_FACE('',(#1006),#7195,.F.);
#7514=ADVANCED_FACE('',(#1007),#7196,.F.);
#7515=ADVANCED_FACE('',(#1008),#627,.F.);
#7516=ADVANCED_FACE('',(#1009),#7197,.T.);
#7517=ADVANCED_FACE('',(#1010),#628,.T.);
#7518=ADVANCED_FACE('',(#1011),#7198,.T.);
#7519=ADVANCED_FACE('',(#1012),#7199,.F.);
#7520=ADVANCED_FACE('',(#1013),#629,.F.);
#7521=ADVANCED_FACE('',(#1014),#630,.T.);
#7522=ADVANCED_FACE('',(#1015),#7200,.F.);
#7523=ADVANCED_FACE('',(#1016),#631,.T.);
#7524=ADVANCED_FACE('',(#1017),#632,.F.);
#7525=ADVANCED_FACE('',(#1018),#7201,.T.);
#7526=ADVANCED_FACE('',(#1019),#633,.F.);
#7527=ADVANCED_FACE('',(#1020),#634,.F.);
#7528=ADVANCED_FACE('',(#1021),#635,.F.);
#7529=ADVANCED_FACE('',(#1022),#636,.F.);
#7530=ADVANCED_FACE('',(#1023),#19,.F.);
#7531=ADVANCED_FACE('',(#1024),#20,.F.);
#7532=ADVANCED_FACE('',(#1025),#7202,.F.);
#7533=ADVANCED_FACE('',(#1026),#637,.F.);
#7534=ADVANCED_FACE('',(#1027),#638,.F.);
#7535=ADVANCED_FACE('',(#1028),#639,.F.);
#7536=ADVANCED_FACE('',(#1029),#21,.F.);
#7537=ADVANCED_FACE('',(#1030),#22,.F.);
#7538=ADVANCED_FACE('',(#1031),#7203,.F.);
#7539=ADVANCED_FACE('',(#1032),#640,.F.);
#7540=ADVANCED_FACE('',(#1033),#641,.F.);
#7541=ADVANCED_FACE('',(#1034),#642,.T.);
#7542=ADVANCED_FACE('',(#1035),#643,.T.);
#7543=ADVANCED_FACE('',(#1036),#644,.T.);
#7544=ADVANCED_FACE('',(#1037),#645,.T.);
#7545=ADVANCED_FACE('',(#1038),#646,.T.);
#7546=ADVANCED_FACE('',(#1039),#7204,.F.);
#7547=ADVANCED_FACE('',(#1040),#647,.T.);
#7548=ADVANCED_FACE('',(#1041),#7205,.F.);
#7549=ADVANCED_FACE('',(#1042),#648,.T.);
#7550=ADVANCED_FACE('',(#1043),#649,.T.);
#7551=ADVANCED_FACE('',(#1044),#650,.F.);
#7552=ADVANCED_FACE('',(#1045),#651,.F.);
#7553=ADVANCED_FACE('',(#1046),#652,.F.);
#7554=ADVANCED_FACE('',(#1047),#653,.F.);
#7555=ADVANCED_FACE('',(#1048),#654,.F.);
#7556=ADVANCED_FACE('',(#1049),#655,.F.);
#7557=ADVANCED_FACE('',(#1050),#23,.T.);
#7558=ADVANCED_FACE('',(#1051),#24,.F.);
#7559=ADVANCED_FACE('',(#1052),#656,.F.);
#7560=ADVANCED_FACE('',(#1053),#657,.F.);
#7561=ADVANCED_FACE('',(#1054),#658,.F.);
#7562=ADVANCED_FACE('',(#1055),#659,.F.);
#7563=ADVANCED_FACE('',(#1056),#25,.T.);
#7564=ADVANCED_FACE('',(#1057),#26,.F.);
#7565=ADVANCED_FACE('',(#1058),#660,.F.);
#7566=ADVANCED_FACE('',(#1059),#661,.F.);
#7567=ADVANCED_FACE('',(#1060),#662,.F.);
#7568=ADVANCED_FACE('',(#1061),#663,.F.);
#7569=ADVANCED_FACE('',(#1062,#67,#68),#664,.T.);
#7570=ADVANCED_FACE('',(#1063),#665,.F.);
#7571=ADVANCED_FACE('',(#1064),#666,.F.);
#7572=ADVANCED_FACE('',(#1065),#667,.F.);
#7573=ADVANCED_FACE('',(#1066),#668,.F.);
#7574=ADVANCED_FACE('',(#1067),#669,.F.);
#7575=ADVANCED_FACE('',(#1068),#27,.F.);
#7576=ADVANCED_FACE('',(#1069),#28,.F.);
#7577=ADVANCED_FACE('',(#1070),#7206,.F.);
#7578=ADVANCED_FACE('',(#1071),#670,.F.);
#7579=ADVANCED_FACE('',(#1072),#671,.F.);
#7580=ADVANCED_FACE('',(#1073),#672,.F.);
#7581=ADVANCED_FACE('',(#1074),#29,.F.);
#7582=ADVANCED_FACE('',(#1075),#30,.F.);
#7583=ADVANCED_FACE('',(#1076),#7207,.F.);
#7584=ADVANCED_FACE('',(#1077),#673,.F.);
#7585=ADVANCED_FACE('',(#1078),#674,.T.);
#7586=ADVANCED_FACE('',(#1079),#7208,.F.);
#7587=ADVANCED_FACE('',(#1080),#675,.T.);
#7588=ADVANCED_FACE('',(#1081),#7209,.F.);
#7589=ADVANCED_FACE('',(#1082),#676,.T.);
#7590=ADVANCED_FACE('',(#1083),#677,.T.);
#7591=ADVANCED_FACE('',(#1084),#678,.T.);
#7592=ADVANCED_FACE('',(#1085),#679,.T.);
#7593=ADVANCED_FACE('',(#1086),#680,.T.);
#7594=ADVANCED_FACE('',(#1087),#681,.T.);
#7595=ADVANCED_FACE('',(#1088),#31,.T.);
#7596=ADVANCED_FACE('',(#1089),#32,.F.);
#7597=ADVANCED_FACE('',(#1090),#682,.T.);
#7598=ADVANCED_FACE('',(#1091),#683,.T.);
#7599=ADVANCED_FACE('',(#1092),#684,.T.);
#7600=ADVANCED_FACE('',(#1093),#685,.T.);
#7601=ADVANCED_FACE('',(#1094),#33,.T.);
#7602=ADVANCED_FACE('',(#1095),#34,.F.);
#7603=ADVANCED_FACE('',(#1096),#686,.T.);
#7604=ADVANCED_FACE('',(#1097),#687,.T.);
#7605=ADVANCED_FACE('',(#1098),#688,.T.);
#7606=ADVANCED_FACE('',(#1099),#689,.T.);
#7607=ADVANCED_FACE('',(#1100),#690,.T.);
#7608=ADVANCED_FACE('',(#1101),#691,.T.);
#7609=ADVANCED_FACE('',(#1102),#692,.T.);
#7610=ADVANCED_FACE('',(#1103),#693,.T.);
#7611=ADVANCED_FACE('',(#1104),#694,.T.);
#7612=ADVANCED_FACE('',(#1105),#695,.T.);
#7613=ADVANCED_FACE('',(#1106),#7210,.F.);
#7614=ADVANCED_FACE('',(#1107),#696,.F.);
#7615=ADVANCED_FACE('',(#1108),#7211,.F.);
#7616=ADVANCED_FACE('',(#1109),#7212,.F.);
#7617=ADVANCED_FACE('',(#1110),#697,.F.);
#7618=ADVANCED_FACE('',(#1111),#7213,.F.);
#7619=ADVANCED_FACE('',(#1112),#698,.T.);
#7620=ADVANCED_FACE('',(#1113),#7214,.F.);
#7621=ADVANCED_FACE('',(#1114),#7215,.T.);
#7622=ADVANCED_FACE('',(#1115),#699,.T.);
#7623=ADVANCED_FACE('',(#1116),#700,.T.);
#7624=ADVANCED_FACE('',(#1117),#701,.T.);
#7625=ADVANCED_FACE('',(#1118),#7216,.F.);
#7626=ADVANCED_FACE('',(#1119),#702,.T.);
#7627=ADVANCED_FACE('',(#1120),#703,.T.);
#7628=ADVANCED_FACE('',(#1121),#704,.T.);
#7629=ADVANCED_FACE('',(#1122),#7217,.F.);
#7630=ADVANCED_FACE('',(#1123),#705,.T.);
#7631=ADVANCED_FACE('',(#1124),#706,.T.);
#7632=ADVANCED_FACE('',(#1125),#7218,.F.);
#7633=ADVANCED_FACE('',(#1126),#707,.T.);
#7634=ADVANCED_FACE('',(#1127),#7219,.T.);
#7635=ADVANCED_FACE('',(#1128),#708,.F.);
#7636=ADVANCED_FACE('',(#1129),#7220,.F.);
#7637=ADVANCED_FACE('',(#1130),#709,.T.);
#7638=ADVANCED_FACE('',(#1131),#710,.T.);
#7639=ADVANCED_FACE('',(#1132),#711,.T.);
#7640=ADVANCED_FACE('',(#1133),#7221,.F.);
#7641=ADVANCED_FACE('',(#1134),#712,.T.);
#7642=ADVANCED_FACE('',(#1135),#7222,.F.);
#7643=ADVANCED_FACE('',(#1136),#713,.T.);
#7644=ADVANCED_FACE('',(#1137),#714,.T.);
#7645=ADVANCED_FACE('',(#1138),#7223,.F.);
#7646=ADVANCED_FACE('',(#1139),#715,.T.);
#7647=ADVANCED_FACE('',(#1140),#7224,.F.);
#7648=ADVANCED_FACE('',(#1141),#716,.T.);
#7649=ADVANCED_FACE('',(#1142),#717,.F.);
#7650=CLOSED_SHELL('',(#7225,#7226,#7227,#7228,#7229,#7230,#7231));
#7651=CLOSED_SHELL('',(#7232,#7233,#7234,#7235,#7236,#7237,#7238));
#7652=CLOSED_SHELL('',(#7239,#7240,#7241,#7242,#7243));
#7653=CLOSED_SHELL('',(#7244,#7245,#7246,#7247,#7248,#7249,#7250));
#7654=CLOSED_SHELL('',(#7251,#7252,#7253,#7254,#7255,#7256));
#7655=CLOSED_SHELL('',(#7257,#7258,#7259,#7260,#7261));
#7656=CLOSED_SHELL('',(#7262,#7263,#7264,#7265,#7266,#7267,#7268,#7269,
#7270,#7271,#7272,#7273,#7274,#7275,#7276,#7277,#7278,#7279,#7280,#7281,
#7282,#7283,#7284,#7285,#7286,#7287,#7288,#7289,#7290,#7291,#7292,#7293,
#7294,#7295));
#7657=CLOSED_SHELL('',(#7296,#7297,#7298,#7299,#7300,#7301,#7302,#7303,
#7304,#7305,#7306));
#7658=CLOSED_SHELL('',(#7307,#7308,#7309,#7310,#7311,#7312,#7313,#7314,
#7315,#7316,#7317,#7318,#7319,#7320,#7321,#7322,#7323,#7324,#7325,#7326,
#7327,#7328,#7329,#7330,#7331,#7332,#7333,#7334,#7335,#7336));
#7659=CLOSED_SHELL('',(#7337,#7338,#7339,#7340,#7341,#7342,#7343,#7344,
#7345,#7346,#7347,#7348,#7349));
#7660=CLOSED_SHELL('',(#7350,#7351,#7352,#7353,#7354,#7355));
#7661=CLOSED_SHELL('',(#7356,#7357,#7358,#7359,#7360,#7361,#7362,#7363,
#7364,#7365,#7366,#7367,#7368,#7369,#7370,#7371,#7372,#7373,#7374,#7375,
#7376,#7377,#7378,#7379,#7380,#7381,#7382,#7383,#7384,#7385));
#7662=CLOSED_SHELL('',(#7386,#7387,#7388,#7389,#7390,#7391,#7392,#7393,
#7394,#7395,#7396,#7397,#7398,#7399,#7400,#7401,#7402,#7403,#7404,#7405,
#7406,#7407,#7408,#7409,#7410,#7411,#7412,#7413,#7414,#7415));
#7663=CLOSED_SHELL('',(#7416,#7417,#7418,#7419,#7420,#7421,#7422,#7423,
#7424,#7425,#7426,#7427,#7428,#7429,#7430,#7431,#7432,#7433,#7434,#7435,
#7436,#7437,#7438,#7439,#7440,#7441));
#7664=CLOSED_SHELL('',(#7442,#7443,#7444,#7445,#7446,#7447,#7448,#7449,
#7450,#7451,#7452,#7453,#7454,#7455,#7456,#7457,#7458,#7459,#7460,#7461,
#7462,#7463,#7464,#7465,#7466,#7467,#7468,#7469,#7470,#7471,#7472,#7473));
#7665=CLOSED_SHELL('',(#7474,#7475,#7476,#7477,#7478,#7479,#7480,#7481,
#7482,#7483,#7484,#7485,#7486,#7487,#7488,#7489,#7490,#7491,#7492,#7493,
#7494,#7495,#7496,#7497,#7498,#7499,#7500,#7501,#7502,#7503,#7504,#7505,
#7506,#7507,#7508,#7509,#7510,#7511,#7512,#7513,#7514,#7515,#7516,#7517,
#7518,#7519,#7520,#7521,#7522,#7523,#7524,#7525,#7526,#7527,#7528,#7529,
#7530,#7531,#7532,#7533,#7534,#7535,#7536,#7537,#7538,#7539,#7540,#7541,
#7542,#7543,#7544,#7545,#7546,#7547,#7548,#7549,#7550,#7551,#7552,#7553,
#7554,#7555,#7556,#7557,#7558,#7559,#7560,#7561,#7562,#7563,#7564,#7565,
#7566,#7567,#7568,#7569,#7570,#7571,#7572,#7573,#7574,#7575,#7576,#7577,
#7578,#7579,#7580,#7581,#7582,#7583,#7584,#7585,#7586,#7587,#7588,#7589,
#7590,#7591,#7592,#7593,#7594,#7595,#7596,#7597,#7598,#7599,#7600,#7601,
#7602,#7603,#7604,#7605,#7606,#7607,#7608,#7609,#7610,#7611,#7612,#7613,
#7614,#7615,#7616,#7617,#7618,#7619,#7620,#7621,#7622,#7623,#7624,#7625,
#7626,#7627,#7628,#7629,#7630,#7631,#7632,#7633,#7634,#7635,#7636,#7637,
#7638,#7639,#7640,#7641,#7642,#7643,#7644,#7645,#7646,#7647,#7648,#7649));
#7666=DERIVED_UNIT_ELEMENT(#7670,1.);
#7667=DERIVED_UNIT_ELEMENT(#13462,-3.);
#7668=DERIVED_UNIT_ELEMENT(#7670,1.);
#7669=DERIVED_UNIT_ELEMENT(#13462,-3.);
#7670=(
MASS_UNIT()
NAMED_UNIT(*)
SI_UNIT(.KILO.,.GRAM.)
);
#7671=DERIVED_UNIT((#7666,#7667));
#7672=DERIVED_UNIT((#7668,#7669));
#7673=MEASURE_REPRESENTATION_ITEM('density measure',
POSITIVE_RATIO_MEASURE(7850.),#7671);
#7674=MEASURE_REPRESENTATION_ITEM('density measure',
POSITIVE_RATIO_MEASURE(7850.),#7672);
#7675=PROPERTY_DEFINITION_REPRESENTATION(#7685,#7679);
#7676=PROPERTY_DEFINITION_REPRESENTATION(#7686,#7680);
#7677=PROPERTY_DEFINITION_REPRESENTATION(#7687,#7681);
#7678=PROPERTY_DEFINITION_REPRESENTATION(#7688,#7682);
#7679=REPRESENTATION('material name',(#7683),#13458);
#7680=REPRESENTATION('density',(#7673),#13458);
#7681=REPRESENTATION('material name',(#7684),#13459);
#7682=REPRESENTATION('density',(#7674),#13459);
#7683=DESCRIPTIVE_REPRESENTATION_ITEM('Steel','Steel');
#7684=DESCRIPTIVE_REPRESENTATION_ITEM('Steel','Steel');
#7685=PROPERTY_DEFINITION('material property','material name',#13478);
#7686=PROPERTY_DEFINITION('material property','density of part',#13478);
#7687=PROPERTY_DEFINITION('material property','material name',#13479);
#7688=PROPERTY_DEFINITION('material property','density of part',#13479);
#7689=AXIS2_PLACEMENT_3D('',#9734,#8141,#8142);
#7690=AXIS2_PLACEMENT_3D('',#9735,#8143,#8144);
#7691=AXIS2_PLACEMENT_3D('',#9736,#8145,#8146);
#7692=AXIS2_PLACEMENT_3D('',#9739,#8147,#8148);
#7693=AXIS2_PLACEMENT_3D('',#9743,#8150,#8151);
#7694=AXIS2_PLACEMENT_3D('',#9745,#8153,#8154);
#7695=AXIS2_PLACEMENT_3D('',#9751,#8158,#8159);
#7696=AXIS2_PLACEMENT_3D('',#9753,#8160,#8161);
#7697=AXIS2_PLACEMENT_3D('',#9755,#8162,#8163);
#7698=AXIS2_PLACEMENT_3D('',#9757,#8165,#8166);
#7699=AXIS2_PLACEMENT_3D('',#9759,#8167,#8168);
#7700=AXIS2_PLACEMENT_3D('',#9761,#8169,#8170);
#7701=AXIS2_PLACEMENT_3D('',#9763,#8172,#8173);
#7702=AXIS2_PLACEMENT_3D('',#9766,#8176,#8177);
#7703=AXIS2_PLACEMENT_3D('',#9767,#8178,#8179);
#7704=AXIS2_PLACEMENT_3D('',#9768,#8180,#8181);
#7705=AXIS2_PLACEMENT_3D('',#9771,#8182,#8183);
#7706=AXIS2_PLACEMENT_3D('',#9775,#8185,#8186);
#7707=AXIS2_PLACEMENT_3D('',#9777,#8188,#8189);
#7708=AXIS2_PLACEMENT_3D('',#9783,#8193,#8194);
#7709=AXIS2_PLACEMENT_3D('',#9785,#8195,#8196);
#7710=AXIS2_PLACEMENT_3D('',#9787,#8197,#8198);
#7711=AXIS2_PLACEMENT_3D('',#9789,#8200,#8201);
#7712=AXIS2_PLACEMENT_3D('',#9791,#8202,#8203);
#7713=AXIS2_PLACEMENT_3D('',#9793,#8204,#8205);
#7714=AXIS2_PLACEMENT_3D('',#9795,#8207,#8208);
#7715=AXIS2_PLACEMENT_3D('',#9798,#8211,#8212);
#7716=AXIS2_PLACEMENT_3D('',#9799,#8213,#8214);
#7717=AXIS2_PLACEMENT_3D('',#9800,#8215,#8216);
#7718=AXIS2_PLACEMENT_3D('',#9809,#8221,#8222);
#7719=AXIS2_PLACEMENT_3D('',#9815,#8226,#8227);
#7720=AXIS2_PLACEMENT_3D('',#9818,#8230,#8231);
#7721=AXIS2_PLACEMENT_3D('',#9819,#8232,#8233);
#7722=AXIS2_PLACEMENT_3D('',#9820,#8234,#8235);
#7723=AXIS2_PLACEMENT_3D('',#9829,#8240,#8241);
#7724=AXIS2_PLACEMENT_3D('',#9831,#8242,#8243);
#7725=AXIS2_PLACEMENT_3D('',#9833,#8244,#8245);
#7726=AXIS2_PLACEMENT_3D('',#9835,#8247,#8248);
#7727=AXIS2_PLACEMENT_3D('',#9841,#8252,#8253);
#7728=AXIS2_PLACEMENT_3D('',#9847,#8257,#8258);
#7729=AXIS2_PLACEMENT_3D('',#9848,#8259,#8260);
#7730=AXIS2_PLACEMENT_3D('',#9849,#8261,#8262);
#7731=AXIS2_PLACEMENT_3D('',#9850,#8263,#8264);
#7732=AXIS2_PLACEMENT_3D('',#9851,#8265,#8266);
#7733=AXIS2_PLACEMENT_3D('',#9852,#8267,#8268);
#7734=AXIS2_PLACEMENT_3D('',#9861,#8273,#8274);
#7735=AXIS2_PLACEMENT_3D('',#9886,#8279,#8280);
#7736=AXIS2_PLACEMENT_3D('',#9889,#8283,#8284);
#7737=AXIS2_PLACEMENT_3D('',#9890,#8285,#8286);
#7738=AXIS2_PLACEMENT_3D('',#9891,#8287,#8288);
#7739=AXIS2_PLACEMENT_3D('',#9900,#8293,#8294);
#7740=AXIS2_PLACEMENT_3D('',#9906,#8298,#8299);
#7741=AXIS2_PLACEMENT_3D('',#9909,#8302,#8303);
#7742=AXIS2_PLACEMENT_3D('',#9910,#8304,#8305);
#7743=AXIS2_PLACEMENT_3D('',#9911,#8306,#8307);
#7744=AXIS2_PLACEMENT_3D('',#9930,#8310,#8311);
#7745=AXIS2_PLACEMENT_3D('',#9996,#8319,#8320);
#7746=AXIS2_PLACEMENT_3D('',#10044,#8326,#8327);
#7747=AXIS2_PLACEMENT_3D('',#10083,#8334,#8335);
#7748=AXIS2_PLACEMENT_3D('',#10089,#8339,#8340);
#7749=AXIS2_PLACEMENT_3D('',#10095,#8344,#8345);
#7750=AXIS2_PLACEMENT_3D('',#10116,#8350,#8351);
#7751=AXIS2_PLACEMENT_3D('',#10122,#8355,#8356);
#7752=AXIS2_PLACEMENT_3D('',#10128,#8360,#8361);
#7753=AXIS2_PLACEMENT_3D('',#10134,#8365,#8366);
#7754=AXIS2_PLACEMENT_3D('',#10215,#8375,#8376);
#7755=AXIS2_PLACEMENT_3D('',#10293,#8384,#8385);
#7756=AXIS2_PLACEMENT_3D('',#10294,#8386,#8387);
#7757=AXIS2_PLACEMENT_3D('',#10295,#8388,#8389);
#7758=AXIS2_PLACEMENT_3D('',#10298,#8390,#8391);
#7759=AXIS2_PLACEMENT_3D('',#10302,#8393,#8394);
#7760=AXIS2_PLACEMENT_3D('',#10304,#8396,#8397);
#7761=AXIS2_PLACEMENT_3D('',#10306,#8398,#8399);
#7762=AXIS2_PLACEMENT_3D('',#10308,#8400,#8401);
#7763=AXIS2_PLACEMENT_3D('',#10310,#8403,#8404);
#7764=AXIS2_PLACEMENT_3D('',#10312,#8405,#8406);
#7765=AXIS2_PLACEMENT_3D('',#10314,#8407,#8408);
#7766=AXIS2_PLACEMENT_3D('',#10316,#8410,#8411);
#7767=AXIS2_PLACEMENT_3D('',#10317,#8412,#8413);
#7768=AXIS2_PLACEMENT_3D('',#10318,#8414,#8415);
#7769=AXIS2_PLACEMENT_3D('',#10379,#8420,#8421);
#7770=AXIS2_PLACEMENT_3D('',#10385,#8425,#8426);
#7771=AXIS2_PLACEMENT_3D('',#10386,#8427,#8428);
#7772=AXIS2_PLACEMENT_3D('',#10387,#8429,#8430);
#7773=AXIS2_PLACEMENT_3D('',#10388,#8431,#8432);
#7774=AXIS2_PLACEMENT_3D('',#10389,#8433,#8434);
#7775=AXIS2_PLACEMENT_3D('',#10408,#8437,#8438);
#7776=AXIS2_PLACEMENT_3D('',#10474,#8446,#8447);
#7777=AXIS2_PLACEMENT_3D('',#10522,#8453,#8454);
#7778=AXIS2_PLACEMENT_3D('',#10531,#8459,#8460);
#7779=AXIS2_PLACEMENT_3D('',#10537,#8464,#8465);
#7780=AXIS2_PLACEMENT_3D('',#10618,#8474,#8475);
#7781=AXIS2_PLACEMENT_3D('',#10699,#8484,#8485);
#7782=AXIS2_PLACEMENT_3D('',#10705,#8489,#8490);
#7783=AXIS2_PLACEMENT_3D('',#10711,#8494,#8495);
#7784=AXIS2_PLACEMENT_3D('',#10717,#8499,#8500);
#7785=AXIS2_PLACEMENT_3D('',#10720,#8503,#8504);
#7786=AXIS2_PLACEMENT_3D('',#10721,#8505,#8506);
#7787=AXIS2_PLACEMENT_3D('',#10722,#8507,#8508);
#7788=AXIS2_PLACEMENT_3D('',#10725,#8509,#8510);
#7789=AXIS2_PLACEMENT_3D('',#10729,#8512,#8513);
#7790=AXIS2_PLACEMENT_3D('',#10731,#8515,#8516);
#7791=AXIS2_PLACEMENT_3D('',#10733,#8517,#8518);
#7792=AXIS2_PLACEMENT_3D('',#10735,#8519,#8520);
#7793=AXIS2_PLACEMENT_3D('',#10737,#8522,#8523);
#7794=AXIS2_PLACEMENT_3D('',#10739,#8524,#8525);
#7795=AXIS2_PLACEMENT_3D('',#10741,#8526,#8527);
#7796=AXIS2_PLACEMENT_3D('',#10743,#8529,#8530);
#7797=AXIS2_PLACEMENT_3D('',#10744,#8531,#8532);
#7798=AXIS2_PLACEMENT_3D('',#10745,#8533,#8534);
#7799=AXIS2_PLACEMENT_3D('',#10825,#8540,#8541);
#7800=AXIS2_PLACEMENT_3D('',#10831,#8545,#8546);
#7801=AXIS2_PLACEMENT_3D('',#10837,#8550,#8551);
#7802=AXIS2_PLACEMENT_3D('',#10840,#8554,#8555);
#7803=AXIS2_PLACEMENT_3D('',#10841,#8556,#8557);
#7804=AXIS2_PLACEMENT_3D('',#10842,#8558,#8559);
#7805=AXIS2_PLACEMENT_3D('',#10851,#8564,#8565);
#7806=AXIS2_PLACEMENT_3D('',#10857,#8569,#8570);
#7807=AXIS2_PLACEMENT_3D('',#10863,#8574,#8575);
#7808=AXIS2_PLACEMENT_3D('',#10866,#8578,#8579);
#7809=AXIS2_PLACEMENT_3D('',#10867,#8580,#8581);
#7810=AXIS2_PLACEMENT_3D('',#10886,#8584,#8585);
#7811=AXIS2_PLACEMENT_3D('',#10952,#8593,#8594);
#7812=AXIS2_PLACEMENT_3D('',#11000,#8600,#8601);
#7813=AXIS2_PLACEMENT_3D('',#11009,#8606,#8607);
#7814=AXIS2_PLACEMENT_3D('',#11015,#8611,#8612);
#7815=AXIS2_PLACEMENT_3D('',#11021,#8616,#8617);
#7816=AXIS2_PLACEMENT_3D('',#11027,#8621,#8622);
#7817=AXIS2_PLACEMENT_3D('',#11033,#8626,#8627);
#7818=AXIS2_PLACEMENT_3D('',#11039,#8631,#8632);
#7819=AXIS2_PLACEMENT_3D('',#11120,#8641,#8642);
#7820=AXIS2_PLACEMENT_3D('',#11198,#8650,#8651);
#7821=AXIS2_PLACEMENT_3D('',#11199,#8652,#8653);
#7822=AXIS2_PLACEMENT_3D('',#11218,#8656,#8657);
#7823=AXIS2_PLACEMENT_3D('',#11284,#8665,#8666);
#7824=AXIS2_PLACEMENT_3D('',#11350,#8674,#8675);
#7825=AXIS2_PLACEMENT_3D('',#11431,#8684,#8685);
#7826=AXIS2_PLACEMENT_3D('',#11437,#8689,#8690);
#7827=AXIS2_PLACEMENT_3D('',#11443,#8694,#8695);
#7828=AXIS2_PLACEMENT_3D('',#11449,#8699,#8700);
#7829=AXIS2_PLACEMENT_3D('',#11455,#8704,#8705);
#7830=AXIS2_PLACEMENT_3D('',#11461,#8709,#8710);
#7831=AXIS2_PLACEMENT_3D('',#11467,#8714,#8715);
#7832=AXIS2_PLACEMENT_3D('',#11530,#8722,#8723);
#7833=AXIS2_PLACEMENT_3D('',#11531,#8724,#8725);
#7834=AXIS2_PLACEMENT_3D('',#11550,#8728,#8729);
#7835=AXIS2_PLACEMENT_3D('',#11616,#8737,#8738);
#7836=AXIS2_PLACEMENT_3D('',#11760,#8748,#8749);
#7837=AXIS2_PLACEMENT_3D('',#11904,#8759,#8760);
#7838=AXIS2_PLACEMENT_3D('',#11952,#8766,#8767);
#7839=AXIS2_PLACEMENT_3D('',#11953,#8768,#8769);
#7840=AXIS2_PLACEMENT_3D('',#11972,#8772,#8773);
#7841=AXIS2_PLACEMENT_3D('',#12098,#8785,#8786);
#7842=AXIS2_PLACEMENT_3D('',#12179,#8795,#8796);
#7843=AXIS2_PLACEMENT_3D('',#12305,#8808,#8809);
#7844=AXIS2_PLACEMENT_3D('',#12404,#8816,#8817);
#7845=AXIS2_PLACEMENT_3D('',#12405,#8818,#8819);
#7846=AXIS2_PLACEMENT_3D('',#12406,#8820,#8821);
#7847=AXIS2_PLACEMENT_3D('',#12407,#8822,#8823);
#7848=AXIS2_PLACEMENT_3D('',#12408,#8824,#8825);
#7849=AXIS2_PLACEMENT_3D('',#12409,#8826,#8827);
#7850=AXIS2_PLACEMENT_3D('',#12414,#8829,#8830);
#7851=AXIS2_PLACEMENT_3D('',#12420,#8834,#8835);
#7852=AXIS2_PLACEMENT_3D('',#12426,#8839,#8840);
#7853=AXIS2_PLACEMENT_3D('',#12432,#8843,#8844);
#7854=AXIS2_PLACEMENT_3D('',#12434,#8846,#8847);
#7855=AXIS2_PLACEMENT_3D('',#12451,#8849,#8850);
#7856=AXIS2_PLACEMENT_3D('',#12455,#8852,#8853);
#7857=AXIS2_PLACEMENT_3D('',#12456,#8854,#8855);
#7858=AXIS2_PLACEMENT_3D('',#12457,#8856,#8857);
#7859=AXIS2_PLACEMENT_3D('',#12459,#8858,#8859);
#7860=AXIS2_PLACEMENT_3D('',#12461,#8860,#8861);
#7861=AXIS2_PLACEMENT_3D('',#12465,#8863,#8864);
#7862=AXIS2_PLACEMENT_3D('',#12480,#8866,#8867);
#7863=AXIS2_PLACEMENT_3D('',#12483,#8870,#8871);
#7864=AXIS2_PLACEMENT_3D('',#12484,#8872,#8873);
#7865=AXIS2_PLACEMENT_3D('',#12488,#8875,#8876);
#7866=AXIS2_PLACEMENT_3D('',#12490,#8877,#8878);
#7867=AXIS2_PLACEMENT_3D('',#12498,#8882,#8883);
#7868=AXIS2_PLACEMENT_3D('',#12500,#8884,#8885);
#7869=AXIS2_PLACEMENT_3D('',#12502,#8887,#8888);
#7870=AXIS2_PLACEMENT_3D('',#12504,#8889,#8890);
#7871=AXIS2_PLACEMENT_3D('',#12511,#8894,#8895);
#7872=AXIS2_PLACEMENT_3D('',#12512,#8896,#8897);
#7873=AXIS2_PLACEMENT_3D('',#12523,#8903,#8904);
#7874=AXIS2_PLACEMENT_3D('',#12531,#8908,#8909);
#7875=AXIS2_PLACEMENT_3D('',#12539,#8913,#8914);
#7876=AXIS2_PLACEMENT_3D('',#12551,#8920,#8921);
#7877=AXIS2_PLACEMENT_3D('',#12559,#8925,#8926);
#7878=AXIS2_PLACEMENT_3D('',#12561,#8928,#8929);
#7879=AXIS2_PLACEMENT_3D('',#12565,#8932,#8933);
#7880=AXIS2_PLACEMENT_3D('',#12570,#8935,#8936);
#7881=AXIS2_PLACEMENT_3D('',#12573,#8938,#8939);
#7882=AXIS2_PLACEMENT_3D('',#12574,#8940,#8941);
#7883=AXIS2_PLACEMENT_3D('',#12577,#8942,#8943);
#7884=AXIS2_PLACEMENT_3D('',#12578,#8944,#8945);
#7885=AXIS2_PLACEMENT_3D('',#12579,#8946,#8947);
#7886=AXIS2_PLACEMENT_3D('',#12580,#8948,#8949);
#7887=AXIS2_PLACEMENT_3D('',#12583,#8950,#8951);
#7888=AXIS2_PLACEMENT_3D('',#12586,#8954,#8955);
#7889=AXIS2_PLACEMENT_3D('',#12591,#8958,#8959);
#7890=AXIS2_PLACEMENT_3D('',#12592,#8960,#8961);
#7891=AXIS2_PLACEMENT_3D('',#12596,#8963,#8964);
#7892=AXIS2_PLACEMENT_3D('',#12598,#8966,#8967);
#7893=AXIS2_PLACEMENT_3D('',#12601,#8968,#8969);
#7894=AXIS2_PLACEMENT_3D('',#12602,#8970,#8971);
#7895=AXIS2_PLACEMENT_3D('',#12603,#8972,#8973);
#7896=AXIS2_PLACEMENT_3D('',#12604,#8974,#8975);
#7897=AXIS2_PLACEMENT_3D('',#12607,#8976,#8977);
#7898=AXIS2_PLACEMENT_3D('',#12610,#8980,#8981);
#7899=AXIS2_PLACEMENT_3D('',#12616,#8985,#8986);
#7900=AXIS2_PLACEMENT_3D('',#12619,#8988,#8989);
#7901=AXIS2_PLACEMENT_3D('',#12620,#8990,#8991);
#7902=AXIS2_PLACEMENT_3D('',#12624,#8994,#8995);
#7903=AXIS2_PLACEMENT_3D('',#12629,#8998,#8999);
#7904=AXIS2_PLACEMENT_3D('',#12631,#9000,#9001);
#7905=AXIS2_PLACEMENT_3D('',#12633,#9002,#9003);
#7906=AXIS2_PLACEMENT_3D('',#12635,#9004,#9005);
#7907=AXIS2_PLACEMENT_3D('',#12636,#9006,#9007);
#7908=AXIS2_PLACEMENT_3D('',#12640,#9010,#9011);
#7909=AXIS2_PLACEMENT_3D('',#12643,#9013,#9014);
#7910=AXIS2_PLACEMENT_3D('',#12644,#9015,#9016);
#7911=AXIS2_PLACEMENT_3D('',#12648,#9019,#9020);
#7912=AXIS2_PLACEMENT_3D('',#12660,#9026,#9027);
#7913=AXIS2_PLACEMENT_3D('',#12668,#9031,#9032);
#7914=AXIS2_PLACEMENT_3D('',#12679,#9038,#9039);
#7915=AXIS2_PLACEMENT_3D('',#12681,#9040,#9041);
#7916=AXIS2_PLACEMENT_3D('',#12683,#9042,#9043);
#7917=AXIS2_PLACEMENT_3D('',#12684,#9044,#9045);
#7918=AXIS2_PLACEMENT_3D('',#12686,#9046,#9047);
#7919=AXIS2_PLACEMENT_3D('',#12689,#9049,#9050);
#7920=AXIS2_PLACEMENT_3D('',#12690,#9051,#9052);
#7921=AXIS2_PLACEMENT_3D('',#12693,#9054,#9055);
#7922=AXIS2_PLACEMENT_3D('',#12694,#9056,#9057);
#7923=AXIS2_PLACEMENT_3D('',#12696,#9058,#9059);
#7924=AXIS2_PLACEMENT_3D('',#12698,#9060,#9061);
#7925=AXIS2_PLACEMENT_3D('',#12700,#9063,#9064);
#7926=AXIS2_PLACEMENT_3D('',#12702,#9065,#9066);
#7927=AXIS2_PLACEMENT_3D('',#12703,#9067,#9068);
#7928=AXIS2_PLACEMENT_3D('',#12704,#9069,#9070);
#7929=AXIS2_PLACEMENT_3D('',#12706,#9072,#9073);
#7930=AXIS2_PLACEMENT_3D('',#12708,#9074,#9075);
#7931=AXIS2_PLACEMENT_3D('',#12709,#9076,#9077);
#7932=AXIS2_PLACEMENT_3D('',#12710,#9078,#9079);
#7933=AXIS2_PLACEMENT_3D('',#12712,#9081,#9082);
#7934=AXIS2_PLACEMENT_3D('',#12716,#9084,#9085);
#7935=AXIS2_PLACEMENT_3D('',#12720,#9087,#9088);
#7936=AXIS2_PLACEMENT_3D('',#12724,#9091,#9092);
#7937=AXIS2_PLACEMENT_3D('',#12727,#9094,#9095);
#7938=AXIS2_PLACEMENT_3D('',#12728,#9096,#9097);
#7939=AXIS2_PLACEMENT_3D('',#12729,#9098,#9099);
#7940=AXIS2_PLACEMENT_3D('',#12732,#9100,#9101);
#7941=AXIS2_PLACEMENT_3D('',#12733,#9102,#9103);
#7942=AXIS2_PLACEMENT_3D('',#12734,#9104,#9105);
#7943=AXIS2_PLACEMENT_3D('',#12751,#9108,#9109);
#7944=AXIS2_PLACEMENT_3D('',#12760,#9110,#9111);
#7945=AXIS2_PLACEMENT_3D('',#12764,#9113,#9114);
#7946=AXIS2_PLACEMENT_3D('',#12771,#9115,#9116);
#7947=AXIS2_PLACEMENT_3D('',#12774,#9118,#9119);
#7948=AXIS2_PLACEMENT_3D('',#12775,#9120,#9121);
#7949=AXIS2_PLACEMENT_3D('',#12776,#9122,#9123);
#7950=AXIS2_PLACEMENT_3D('',#12795,#9126,#9127);
#7951=AXIS2_PLACEMENT_3D('',#12796,#9128,#9129);
#7952=AXIS2_PLACEMENT_3D('',#12797,#9130,#9131);
#7953=AXIS2_PLACEMENT_3D('',#12798,#9132,#9133);
#7954=AXIS2_PLACEMENT_3D('',#12802,#9135,#9136);
#7955=AXIS2_PLACEMENT_3D('',#12811,#9138,#9139);
#7956=AXIS2_PLACEMENT_3D('',#12814,#9141,#9142);
#7957=AXIS2_PLACEMENT_3D('',#12815,#9143,#9144);
#7958=AXIS2_PLACEMENT_3D('',#12816,#9145,#9146);
#7959=AXIS2_PLACEMENT_3D('',#12817,#9147,#9148);
#7960=AXIS2_PLACEMENT_3D('',#12818,#9149,#9150);
#7961=AXIS2_PLACEMENT_3D('',#12821,#9152,#9153);
#7962=AXIS2_PLACEMENT_3D('',#12822,#9154,#9155);
#7963=AXIS2_PLACEMENT_3D('',#12823,#9156,#9157);
#7964=AXIS2_PLACEMENT_3D('',#12824,#9158,#9159);
#7965=AXIS2_PLACEMENT_3D('',#12825,#9160,#9161);
#7966=AXIS2_PLACEMENT_3D('',#12836,#9163,#9164);
#7967=AXIS2_PLACEMENT_3D('',#12838,#9166,#9167);
#7968=AXIS2_PLACEMENT_3D('',#12851,#9174,#9175);
#7969=AXIS2_PLACEMENT_3D('',#12864,#9182,#9183);
#7970=AXIS2_PLACEMENT_3D('',#12872,#9188,#9189);
#7971=AXIS2_PLACEMENT_3D('',#12881,#9195,#9196);
#7972=AXIS2_PLACEMENT_3D('',#12885,#9198,#9199);
#7973=AXIS2_PLACEMENT_3D('',#12886,#9200,#9201);
#7974=AXIS2_PLACEMENT_3D('',#12887,#9202,#9203);
#7975=AXIS2_PLACEMENT_3D('',#12891,#9205,#9206);
#7976=AXIS2_PLACEMENT_3D('',#12892,#9207,#9208);
#7977=AXIS2_PLACEMENT_3D('',#12893,#9209,#9210);
#7978=AXIS2_PLACEMENT_3D('',#12895,#9212,#9213);
#7979=AXIS2_PLACEMENT_3D('',#12901,#9217,#9218);
#7980=AXIS2_PLACEMENT_3D('',#12907,#9222,#9223);
#7981=AXIS2_PLACEMENT_3D('',#12909,#9225,#9226);
#7982=AXIS2_PLACEMENT_3D('',#12910,#9227,#9228);
#7983=AXIS2_PLACEMENT_3D('',#12911,#9229,#9230);
#7984=AXIS2_PLACEMENT_3D('',#12912,#9231,#9232);
#7985=AXIS2_PLACEMENT_3D('',#12916,#9234,#9235);
#7986=AXIS2_PLACEMENT_3D('',#12917,#9236,#9237);
#7987=AXIS2_PLACEMENT_3D('',#12918,#9238,#9239);
#7988=AXIS2_PLACEMENT_3D('',#12920,#9241,#9242);
#7989=AXIS2_PLACEMENT_3D('',#12928,#9247,#9248);
#7990=AXIS2_PLACEMENT_3D('',#12933,#9252,#9253);
#7991=AXIS2_PLACEMENT_3D('',#12943,#9259,#9260);
#7992=AXIS2_PLACEMENT_3D('',#12945,#9262,#9263);
#7993=AXIS2_PLACEMENT_3D('',#12947,#9265,#9266);
#7994=AXIS2_PLACEMENT_3D('',#12971,#9279,#9280);
#7995=AXIS2_PLACEMENT_3D('',#12978,#9284,#9285);
#7996=AXIS2_PLACEMENT_3D('',#12979,#9286,#9287);
#7997=AXIS2_PLACEMENT_3D('',#12983,#9290,#9291);
#7998=AXIS2_PLACEMENT_3D('',#12986,#9293,#9294);
#7999=AXIS2_PLACEMENT_3D('',#12987,#9295,#9296);
#8000=AXIS2_PLACEMENT_3D('',#12991,#9299,#9300);
#8001=AXIS2_PLACEMENT_3D('',#12994,#9302,#9303);
#8002=AXIS2_PLACEMENT_3D('',#12995,#9304,#9305);
#8003=AXIS2_PLACEMENT_3D('',#12999,#9308,#9309);
#8004=AXIS2_PLACEMENT_3D('',#13005,#9312,#9313);
#8005=AXIS2_PLACEMENT_3D('',#13013,#9317,#9318);
#8006=AXIS2_PLACEMENT_3D('',#13027,#9325,#9326);
#8007=AXIS2_PLACEMENT_3D('',#13035,#9330,#9331);
#8008=AXIS2_PLACEMENT_3D('',#13039,#9334,#9335);
#8009=AXIS2_PLACEMENT_3D('',#13043,#9339,#9340);
#8010=AXIS2_PLACEMENT_3D('',#13044,#9341,#9342);
#8011=AXIS2_PLACEMENT_3D('',#13045,#9343,#9344);
#8012=AXIS2_PLACEMENT_3D('',#13049,#9347,#9348);
#8013=AXIS2_PLACEMENT_3D('',#13054,#9352,#9353);
#8014=AXIS2_PLACEMENT_3D('',#13058,#9356,#9357);
#8015=AXIS2_PLACEMENT_3D('',#13060,#9359,#9360);
#8016=AXIS2_PLACEMENT_3D('',#13063,#9362,#9363);
#8017=AXIS2_PLACEMENT_3D('',#13064,#9364,#9365);
#8018=AXIS2_PLACEMENT_3D('',#13068,#9368,#9369);
#8019=AXIS2_PLACEMENT_3D('',#13070,#9371,#9372);
#8020=AXIS2_PLACEMENT_3D('',#13074,#9375,#9376);
#8021=AXIS2_PLACEMENT_3D('',#13078,#9379,#9380);
#8022=AXIS2_PLACEMENT_3D('',#13080,#9382,#9383);
#8023=AXIS2_PLACEMENT_3D('',#13083,#9385,#9386);
#8024=AXIS2_PLACEMENT_3D('',#13084,#9387,#9388);
#8025=AXIS2_PLACEMENT_3D('',#13088,#9391,#9392);
#8026=AXIS2_PLACEMENT_3D('',#13090,#9394,#9395);
#8027=AXIS2_PLACEMENT_3D('',#13091,#9396,#9397);
#8028=AXIS2_PLACEMENT_3D('',#13093,#9399,#9400);
#8029=AXIS2_PLACEMENT_3D('',#13101,#9405,#9406);
#8030=AXIS2_PLACEMENT_3D('',#13103,#9407,#9408);
#8031=AXIS2_PLACEMENT_3D('',#13104,#9409,#9410);
#8032=AXIS2_PLACEMENT_3D('',#13110,#9414,#9415);
#8033=AXIS2_PLACEMENT_3D('',#13114,#9418,#9419);
#8034=AXIS2_PLACEMENT_3D('',#13124,#9425,#9426);
#8035=AXIS2_PLACEMENT_3D('',#13132,#9431,#9432);
#8036=AXIS2_PLACEMENT_3D('',#13141,#9438,#9439);
#8037=AXIS2_PLACEMENT_3D('',#13145,#9441,#9442);
#8038=AXIS2_PLACEMENT_3D('',#13146,#9443,#9444);
#8039=AXIS2_PLACEMENT_3D('',#13147,#9445,#9446);
#8040=AXIS2_PLACEMENT_3D('',#13151,#9448,#9449);
#8041=AXIS2_PLACEMENT_3D('',#13152,#9450,#9451);
#8042=AXIS2_PLACEMENT_3D('',#13153,#9452,#9453);
#8043=AXIS2_PLACEMENT_3D('',#13155,#9455,#9456);
#8044=AXIS2_PLACEMENT_3D('',#13161,#9460,#9461);
#8045=AXIS2_PLACEMENT_3D('',#13167,#9465,#9466);
#8046=AXIS2_PLACEMENT_3D('',#13169,#9468,#9469);
#8047=AXIS2_PLACEMENT_3D('',#13172,#9471,#9472);
#8048=AXIS2_PLACEMENT_3D('',#13173,#9473,#9474);
#8049=AXIS2_PLACEMENT_3D('',#13174,#9475,#9476);
#8050=AXIS2_PLACEMENT_3D('',#13175,#9477,#9478);
#8051=AXIS2_PLACEMENT_3D('',#13176,#9479,#9480);
#8052=AXIS2_PLACEMENT_3D('',#13177,#9481,#9482);
#8053=AXIS2_PLACEMENT_3D('',#13178,#9483,#9484);
#8054=AXIS2_PLACEMENT_3D('',#13180,#9486,#9487);
#8055=AXIS2_PLACEMENT_3D('',#13184,#9490,#9491);
#8056=AXIS2_PLACEMENT_3D('',#13187,#9493,#9494);
#8057=AXIS2_PLACEMENT_3D('',#13188,#9495,#9496);
#8058=AXIS2_PLACEMENT_3D('',#13192,#9499,#9500);
#8059=AXIS2_PLACEMENT_3D('',#13195,#9502,#9503);
#8060=AXIS2_PLACEMENT_3D('',#13196,#9504,#9505);
#8061=AXIS2_PLACEMENT_3D('',#13198,#9507,#9508);
#8062=AXIS2_PLACEMENT_3D('',#13205,#9513,#9514);
#8063=AXIS2_PLACEMENT_3D('',#13207,#9516,#9517);
#8064=AXIS2_PLACEMENT_3D('',#13208,#9518,#9519);
#8065=AXIS2_PLACEMENT_3D('',#13212,#9522,#9523);
#8066=AXIS2_PLACEMENT_3D('',#13216,#9526,#9527);
#8067=AXIS2_PLACEMENT_3D('',#13219,#9529,#9530);
#8068=AXIS2_PLACEMENT_3D('',#13220,#9531,#9532);
#8069=AXIS2_PLACEMENT_3D('',#13223,#9534,#9535);
#8070=AXIS2_PLACEMENT_3D('',#13224,#9536,#9537);
#8071=AXIS2_PLACEMENT_3D('',#13228,#9540,#9541);
#8072=AXIS2_PLACEMENT_3D('',#13232,#9544,#9545);
#8073=AXIS2_PLACEMENT_3D('',#13236,#9548,#9549);
#8074=AXIS2_PLACEMENT_3D('',#13240,#9552,#9553);
#8075=AXIS2_PLACEMENT_3D('',#13243,#9555,#9556);
#8076=AXIS2_PLACEMENT_3D('',#13244,#9557,#9558);
#8077=AXIS2_PLACEMENT_3D('',#13247,#9560,#9561);
#8078=AXIS2_PLACEMENT_3D('',#13248,#9562,#9563);
#8079=AXIS2_PLACEMENT_3D('',#13252,#9566,#9567);
#8080=AXIS2_PLACEMENT_3D('',#13256,#9570,#9571);
#8081=AXIS2_PLACEMENT_3D('',#13259,#9574,#9575);
#8082=AXIS2_PLACEMENT_3D('',#13260,#9576,#9577);
#8083=AXIS2_PLACEMENT_3D('',#13261,#9578,#9579);
#8084=AXIS2_PLACEMENT_3D('',#13266,#9581,#9582);
#8085=AXIS2_PLACEMENT_3D('',#13268,#9583,#9584);
#8086=AXIS2_PLACEMENT_3D('',#13270,#9586,#9587);
#8087=AXIS2_PLACEMENT_3D('',#13275,#9589,#9590);
#8088=AXIS2_PLACEMENT_3D('',#13277,#9592,#9593);
#8089=AXIS2_PLACEMENT_3D('',#13282,#9595,#9596);
#8090=AXIS2_PLACEMENT_3D('',#13284,#9597,#9598);
#8091=AXIS2_PLACEMENT_3D('',#13286,#9600,#9601);
#8092=AXIS2_PLACEMENT_3D('',#13291,#9603,#9604);
#8093=AXIS2_PLACEMENT_3D('',#13293,#9606,#9607);
#8094=AXIS2_PLACEMENT_3D('',#13295,#9608,#9609);
#8095=AXIS2_PLACEMENT_3D('',#13297,#9611,#9612);
#8096=AXIS2_PLACEMENT_3D('',#13314,#9613,#9614);
#8097=AXIS2_PLACEMENT_3D('',#13316,#9615,#9616);
#8098=AXIS2_PLACEMENT_3D('',#13318,#9618,#9619);
#8099=AXIS2_PLACEMENT_3D('',#13338,#9620,#9621);
#8100=AXIS2_PLACEMENT_3D('',#13340,#9622,#9623);
#8101=AXIS2_PLACEMENT_3D('',#13357,#9624,#9625);
#8102=AXIS2_PLACEMENT_3D('',#13359,#9627,#9628);
#8103=AXIS2_PLACEMENT_3D('',#13361,#9629,#9630);
#8104=AXIS2_PLACEMENT_3D('',#13381,#9631,#9632);
#8105=AXIS2_PLACEMENT_3D('',#13383,#9634,#9635);
#8106=AXIS2_PLACEMENT_3D('',#13385,#9637,#9638);
#8107=AXIS2_PLACEMENT_3D('',#13388,#9641,#9642);
#8108=AXIS2_PLACEMENT_3D('',#13390,#9644,#9645);
#8109=AXIS2_PLACEMENT_3D('',#13392,#9647,#9648);
#8110=AXIS2_PLACEMENT_3D('',#13394,#9650,#9651);
#8111=AXIS2_PLACEMENT_3D('',#13396,#9653,#9654);
#8112=AXIS2_PLACEMENT_3D('',#13398,#9655,#9656);
#8113=AXIS2_PLACEMENT_3D('',#13400,#9658,#9659);
#8114=AXIS2_PLACEMENT_3D('',#13402,#9661,#9662);
#8115=AXIS2_PLACEMENT_3D('',#13406,#9665,#9666);
#8116=AXIS2_PLACEMENT_3D('',#13407,#9667,#9668);
#8117=AXIS2_PLACEMENT_3D('',#13408,#9669,#9670);
#8118=AXIS2_PLACEMENT_3D('',#13409,#9671,#9672);
#8119=AXIS2_PLACEMENT_3D('',#13411,#9674,#9675);
#8120=AXIS2_PLACEMENT_3D('',#13413,#9677,#9678);
#8121=AXIS2_PLACEMENT_3D('',#13416,#9681,#9682);
#8122=AXIS2_PLACEMENT_3D('',#13417,#9683,#9684);
#8123=AXIS2_PLACEMENT_3D('',#13419,#9686,#9687);
#8124=AXIS2_PLACEMENT_3D('',#13421,#9689,#9690);
#8125=AXIS2_PLACEMENT_3D('',#13422,#9691,#9692);
#8126=AXIS2_PLACEMENT_3D('',#13423,#9693,#9694);
#8127=AXIS2_PLACEMENT_3D('',#13425,#9696,#9697);
#8128=AXIS2_PLACEMENT_3D('',#13427,#9699,#9700);
#8129=AXIS2_PLACEMENT_3D('',#13429,#9702,#9703);
#8130=AXIS2_PLACEMENT_3D('',#13431,#9705,#9706);
#8131=AXIS2_PLACEMENT_3D('',#13432,#9707,#9708);
#8132=AXIS2_PLACEMENT_3D('',#13436,#9711,#9712);
#8133=AXIS2_PLACEMENT_3D('',#13439,#9714,#9715);
#8134=AXIS2_PLACEMENT_3D('',#13440,#9716,#9717);
#8135=AXIS2_PLACEMENT_3D('',#13444,#9720,#9721);
#8136=AXIS2_PLACEMENT_3D('',#13447,#9723,#9724);
#8137=AXIS2_PLACEMENT_3D('',#13448,#9725,#9726);
#8138=AXIS2_PLACEMENT_3D('',#13450,#9728,#9729);
#8139=AXIS2_PLACEMENT_3D('',#13451,#9730,#9731);
#8140=AXIS2_PLACEMENT_3D('',#13452,#9732,#9733);
#8141=DIRECTION('axis',(0.,0.,1.));
#8142=DIRECTION('refdir',(1.,0.,0.));
#8143=DIRECTION('axis',(0.,0.,1.));
#8144=DIRECTION('refdir',(1.,0.,0.));
#8145=DIRECTION('center_axis',(0.,0.,1.));
#8146=DIRECTION('ref_axis',(-0.94640733906149,0.322975461251392,0.));
#8147=DIRECTION('center_axis',(0.,0.,1.));
#8148=DIRECTION('ref_axis',(-0.94640733906149,0.322975461251392,0.));
#8149=DIRECTION('',(0.,0.,1.));
#8150=DIRECTION('center_axis',(0.,0.,1.));
#8151=DIRECTION('ref_axis',(-0.94640733906149,0.322975461251392,0.));
#8152=DIRECTION('',(0.,0.,1.));
#8153=DIRECTION('center_axis',(-0.946447576919406,0.322857529172521,0.));
#8154=DIRECTION('ref_axis',(-0.322857529172521,-0.946447576919406,0.));
#8155=DIRECTION('',(0.322857529172521,0.946447576919406,0.));
#8156=DIRECTION('',(-0.322857529172521,-0.946447576919406,0.));
#8157=DIRECTION('',(0.,0.,1.));
#8158=DIRECTION('center_axis',(0.,0.,1.));
#8159=DIRECTION('ref_axis',(0.323056023500696,0.946379842177504,0.));
#8160=DIRECTION('center_axis',(0.,0.,1.));
#8161=DIRECTION('ref_axis',(0.323056023500696,0.946379842177504,0.));
#8162=DIRECTION('center_axis',(0.,0.,1.));
#8163=DIRECTION('ref_axis',(0.323056023500696,0.946379842177504,0.));
#8164=DIRECTION('',(0.,0.,1.));
#8165=DIRECTION('center_axis',(0.,0.,1.));
#8166=DIRECTION('ref_axis',(0.946407480130492,-0.322975047879944,0.));
#8167=DIRECTION('center_axis',(0.,0.,1.));
#8168=DIRECTION('ref_axis',(0.946407480130492,-0.322975047879944,0.));
#8169=DIRECTION('center_axis',(0.,0.,1.));
#8170=DIRECTION('ref_axis',(0.946407480130492,-0.322975047879944,0.));
#8171=DIRECTION('',(0.,0.,1.));
#8172=DIRECTION('center_axis',(0.946441056944169,-0.322876641661183,0.));
#8173=DIRECTION('ref_axis',(0.322876641661183,0.946441056944169,0.));
#8174=DIRECTION('',(-0.322876641661183,-0.946441056944169,0.));
#8175=DIRECTION('',(0.322876641661183,0.946441056944169,0.));
#8176=DIRECTION('center_axis',(0.,0.,-1.));
#8177=DIRECTION('ref_axis',(1.,0.,0.));
#8178=DIRECTION('center_axis',(0.,0.,-1.));
#8179=DIRECTION('ref_axis',(1.,0.,0.));
#8180=DIRECTION('center_axis',(0.,0.,1.));
#8181=DIRECTION('ref_axis',(-0.94640733906149,0.322975461251392,0.));
#8182=DIRECTION('center_axis',(0.,0.,1.));
#8183=DIRECTION('ref_axis',(-0.94640733906149,0.322975461251392,0.));
#8184=DIRECTION('',(0.,0.,1.));
#8185=DIRECTION('center_axis',(0.,0.,1.));
#8186=DIRECTION('ref_axis',(-0.94640733906149,0.322975461251392,0.));
#8187=DIRECTION('',(0.,0.,1.));
#8188=DIRECTION('center_axis',(-0.946441025986254,0.32287673240741,0.));
#8189=DIRECTION('ref_axis',(-0.32287673240741,-0.946441025986254,0.));
#8190=DIRECTION('',(0.32287673240741,0.946441025986254,0.));
#8191=DIRECTION('',(-0.32287673240741,-0.946441025986254,0.));
#8192=DIRECTION('',(0.,0.,1.));
#8193=DIRECTION('center_axis',(0.,0.,1.));
#8194=DIRECTION('ref_axis',(0.323057095811029,0.946379476133197,0.));
#8195=DIRECTION('center_axis',(0.,0.,1.));
#8196=DIRECTION('ref_axis',(0.323057095811029,0.946379476133197,0.));
#8197=DIRECTION('center_axis',(0.,0.,1.));
#8198=DIRECTION('ref_axis',(0.323057095811029,0.946379476133197,0.));
#8199=DIRECTION('',(0.,0.,1.));
#8200=DIRECTION('center_axis',(0.,0.,1.));
#8201=DIRECTION('ref_axis',(0.946448319467875,-0.322855352404811,0.));
#8202=DIRECTION('center_axis',(0.,0.,1.));
#8203=DIRECTION('ref_axis',(0.946448319467875,-0.322855352404811,0.));
#8204=DIRECTION('center_axis',(0.,0.,1.));
#8205=DIRECTION('ref_axis',(0.946448319467875,-0.322855352404811,0.));
#8206=DIRECTION('',(0.,0.,1.));
#8207=DIRECTION('center_axis',(0.946436167350454,-0.322890974062429,0.));
#8208=DIRECTION('ref_axis',(0.322890974062429,0.946436167350454,0.));
#8209=DIRECTION('',(-0.322890974062429,-0.946436167350454,0.));
#8210=DIRECTION('',(0.322890974062429,0.946436167350454,0.));
#8211=DIRECTION('center_axis',(0.,0.,-1.));
#8212=DIRECTION('ref_axis',(1.,0.,0.));
#8213=DIRECTION('center_axis',(0.,0.,-1.));
#8214=DIRECTION('ref_axis',(1.,0.,0.));
#8215=DIRECTION('center_axis',(0.955938115971429,0.293568251745645,0.));
#8216=DIRECTION('ref_axis',(-0.293568251745645,0.955938115971429,0.));
#8217=DIRECTION('',(-0.293568251745645,0.955938115971429,0.));
#8218=DIRECTION('',(0.,0.,1.));
#8219=DIRECTION('',(-0.293568251745645,0.955938115971429,0.));
#8220=DIRECTION('',(0.,0.,1.));
#8221=DIRECTION('center_axis',(-0.0194829679238065,-0.999810188966326,0.));
#8222=DIRECTION('ref_axis',(0.999810188966326,-0.0194829679238065,0.));
#8223=DIRECTION('',(0.999810188966326,-0.0194829679238065,0.));
#8224=DIRECTION('',(0.999810188966326,-0.0194829679238065,0.));
#8225=DIRECTION('',(0.,0.,1.));
#8226=DIRECTION('center_axis',(-0.946387092323914,0.323034783703996,0.));
#8227=DIRECTION('ref_axis',(-0.323034783703996,-0.946387092323914,0.));
#8228=DIRECTION('',(-0.323034783703996,-0.946387092323914,0.));
#8229=DIRECTION('',(-0.323034783703996,-0.946387092323914,0.));
#8230=DIRECTION('center_axis',(0.,0.,-1.));
#8231=DIRECTION('ref_axis',(1.,0.,0.));
#8232=DIRECTION('center_axis',(0.,0.,1.));
#8233=DIRECTION('ref_axis',(1.,0.,0.));
#8234=DIRECTION('center_axis',(-0.955846989069896,-0.293864821790588,0.));
#8235=DIRECTION('ref_axis',(0.293864821790588,-0.955846989069896,0.));
#8236=DIRECTION('',(0.293864821790588,-0.955846989069896,0.));
#8237=DIRECTION('',(0.,0.,1.));
#8238=DIRECTION('',(0.293864821790588,-0.955846989069896,0.));
#8239=DIRECTION('',(0.,0.,1.));
#8240=DIRECTION('center_axis',(0.,0.,1.));
#8241=DIRECTION('ref_axis',(-0.29380319877335,0.95586593222614,0.));
#8242=DIRECTION('center_axis',(0.,0.,1.));
#8243=DIRECTION('ref_axis',(0.958120749733357,0.28636450361452,0.));
#8244=DIRECTION('center_axis',(0.,0.,1.));
#8245=DIRECTION('ref_axis',(0.958120749733357,0.28636450361452,0.));
#8246=DIRECTION('',(0.,0.,1.));
#8247=DIRECTION('center_axis',(0.955888063810937,0.293731185718811,0.));
#8248=DIRECTION('ref_axis',(-0.293731185718811,0.955888063810937,0.));
#8249=DIRECTION('',(-0.293731185718811,0.955888063810937,0.));
#8250=DIRECTION('',(-0.293731185718811,0.955888063810937,0.));
#8251=DIRECTION('',(0.,0.,1.));
#8252=DIRECTION('center_axis',(-0.0193206060717589,-0.999813339669471,0.));
#8253=DIRECTION('ref_axis',(0.999813339669471,-0.0193206060717589,0.));
#8254=DIRECTION('',(0.999813339669471,-0.0193206060717589,0.));
#8255=DIRECTION('',(0.999813339669471,-0.0193206060717589,0.));
#8256=DIRECTION('',(0.,0.,1.));
#8257=DIRECTION('center_axis',(0.,0.,1.));
#8258=DIRECTION('ref_axis',(0.928727437491208,0.370763195113829,0.));
#8259=DIRECTION('center_axis',(0.,0.,1.));
#8260=DIRECTION('ref_axis',(0.928727437491208,0.370763195113829,0.));
#8261=DIRECTION('center_axis',(0.,0.,-1.));
#8262=DIRECTION('ref_axis',(0.928727437491208,0.370763195113829,0.));
#8263=DIRECTION('center_axis',(0.,0.,-1.));
#8264=DIRECTION('ref_axis',(1.,0.,0.));
#8265=DIRECTION('center_axis',(0.,0.,-1.));
#8266=DIRECTION('ref_axis',(1.,0.,0.));
#8267=DIRECTION('center_axis',(0.946445541764714,-0.322863495108532,0.));
#8268=DIRECTION('ref_axis',(0.322863495108532,0.946445541764714,0.));
#8269=DIRECTION('',(0.322863495108532,0.946445541764714,0.));
#8270=DIRECTION('',(0.,0.,1.));
#8271=DIRECTION('',(0.322863495108532,0.946445541764714,0.));
#8272=DIRECTION('',(0.,0.,1.));
#8273=DIRECTION('center_axis',(-0.955900753645947,-0.293689886068811,0.));
#8274=DIRECTION('ref_axis',(0.293689886068811,-0.955900753645947,0.));
#8275=DIRECTION('',(0.293689886068811,-0.955900753645947,0.));
#8276=DIRECTION('',(0.293689886068811,-0.955900753645947,0.));
#8277=DIRECTION('',(0.,0.,1.));
#8278=DIRECTION('',(0.,0.,1.));
#8279=DIRECTION('center_axis',(0.0194190174198147,0.999811433102487,0.));
#8280=DIRECTION('ref_axis',(-0.999811433102487,0.0194190174198147,0.));
#8281=DIRECTION('',(-0.999811433102487,0.0194190174198147,0.));
#8282=DIRECTION('',(-0.999811433102487,0.0194190174198147,0.));
#8283=DIRECTION('center_axis',(0.,0.,-1.));
#8284=DIRECTION('ref_axis',(1.,0.,0.));
#8285=DIRECTION('center_axis',(0.,0.,-1.));
#8286=DIRECTION('ref_axis',(1.,0.,0.));
#8287=DIRECTION('center_axis',(-0.955903249508174,-0.293681762422717,0.));
#8288=DIRECTION('ref_axis',(0.293681762422717,-0.955903249508174,0.));
#8289=DIRECTION('',(0.293681762422717,-0.955903249508174,0.));
#8290=DIRECTION('',(0.,0.,1.));
#8291=DIRECTION('',(0.293681762422717,-0.955903249508174,0.));
#8292=DIRECTION('',(0.,0.,1.));
#8293=DIRECTION('center_axis',(0.0192993544637659,0.999813750114131,0.));
#8294=DIRECTION('ref_axis',(-0.999813750114131,0.0192993544637659,0.));
#8295=DIRECTION('',(-0.999813750114131,0.0192993544637659,0.));
#8296=DIRECTION('',(-0.999813750114131,0.0192993544637659,0.));
#8297=DIRECTION('',(0.,0.,1.));
#8298=DIRECTION('center_axis',(0.946432494705045,-0.322901738871727,0.));
#8299=DIRECTION('ref_axis',(0.322901738871727,0.946432494705045,0.));
#8300=DIRECTION('',(0.322901738871727,0.946432494705045,0.));
#8301=DIRECTION('',(0.322901738871727,0.946432494705045,0.));
#8302=DIRECTION('center_axis',(0.,0.,-1.));
#8303=DIRECTION('ref_axis',(1.,0.,0.));
#8304=DIRECTION('center_axis',(0.,0.,1.));
#8305=DIRECTION('ref_axis',(1.,0.,0.));
#8306=DIRECTION('axis',(0.,0.,1.));
#8307=DIRECTION('refdir',(1.,0.,0.));
#8308=DIRECTION('',(0.,0.,1.));
#8309=DIRECTION('',(0.,0.,1.));
#8310=DIRECTION('center_axis',(0.,-1.,0.));
#8311=DIRECTION('ref_axis',(1.,0.,0.));
#8312=DIRECTION('',(-1.,0.,0.));
#8313=DIRECTION('',(1.,0.,0.));
#8314=DIRECTION('',(0.,0.,1.));
#8315=DIRECTION('',(0.,0.,1.));
#8316=DIRECTION('',(0.,0.,1.));
#8317=DIRECTION('',(0.,0.,1.));
#8318=DIRECTION('',(0.,0.,1.));
#8319=DIRECTION('center_axis',(0.,1.,0.));
#8320=DIRECTION('ref_axis',(-1.,0.,0.));
#8321=DIRECTION('',(1.,0.,0.));
#8322=DIRECTION('',(-1.,0.,0.));
#8323=DIRECTION('',(0.,0.,1.));
#8324=DIRECTION('',(0.,0.,1.));
#8325=DIRECTION('',(0.,0.,1.));
#8326=DIRECTION('center_axis',(1.,1.52958578787619E-14,0.));
#8327=DIRECTION('ref_axis',(-1.52958578787619E-14,1.,0.));
#8328=DIRECTION('',(-1.52958578787619E-14,1.,0.));
#8329=DIRECTION('',(0.,0.,1.));
#8330=DIRECTION('',(-1.52958578787619E-14,1.,0.));
#8331=DIRECTION('',(0.,0.,1.));
#8332=DIRECTION('',(0.,0.,1.));
#8333=DIRECTION('',(0.,0.,1.));
#8334=DIRECTION('center_axis',(1.,0.,0.));
#8335=DIRECTION('ref_axis',(0.,1.,0.));
#8336=DIRECTION('',(0.,1.,0.));
#8337=DIRECTION('',(0.,1.,0.));
#8338=DIRECTION('',(0.,0.,1.));
#8339=DIRECTION('center_axis',(-2.29504879331316E-15,-1.,0.));
#8340=DIRECTION('ref_axis',(1.,-2.29504879331316E-15,0.));
#8341=DIRECTION('',(1.,-2.29504879331316E-15,0.));
#8342=DIRECTION('',(1.,-2.29504879331316E-15,0.));
#8343=DIRECTION('',(0.,0.,1.));
#8344=DIRECTION('center_axis',(-1.,0.,0.));
#8345=DIRECTION('ref_axis',(0.,-1.,0.));
#8346=DIRECTION('',(0.,-1.,0.));
#8347=DIRECTION('',(0.,-1.,0.));
#8348=DIRECTION('',(0.,0.,1.));
#8349=DIRECTION('',(0.,0.,1.));
#8350=DIRECTION('center_axis',(7.95929448087999E-16,-1.,0.));
#8351=DIRECTION('ref_axis',(1.,7.95929448087999E-16,0.));
#8352=DIRECTION('',(1.,7.95929448087999E-16,0.));
#8353=DIRECTION('',(1.,7.95929448087999E-16,0.));
#8354=DIRECTION('',(0.,0.,1.));
#8355=DIRECTION('center_axis',(-1.,-2.18565192887461E-15,0.));
#8356=DIRECTION('ref_axis',(2.18565192887461E-15,-1.,0.));
#8357=DIRECTION('',(2.18565192887461E-15,-1.,0.));
#8358=DIRECTION('',(2.18565192887461E-15,-1.,0.));
#8359=DIRECTION('',(0.,0.,1.));
#8360=DIRECTION('center_axis',(-4.59009859363323E-15,1.,0.));
#8361=DIRECTION('ref_axis',(-1.,-4.59009859363323E-15,0.));
#8362=DIRECTION('',(-1.,-4.59009859363323E-15,0.));
#8363=DIRECTION('',(-1.,-4.59009859363323E-15,0.));
#8364=DIRECTION('',(0.,0.,1.));
#8365=DIRECTION('center_axis',(-0.999999999999733,-7.31076909500998E-7,
0.));
#8366=DIRECTION('ref_axis',(7.31076909500998E-7,-0.999999999999733,0.));
#8367=DIRECTION('',(7.31076909500997E-7,-0.999999999999733,0.));
#8368=DIRECTION('',(7.31076909500997E-7,-0.999999999999733,0.));
#8369=DIRECTION('',(0.,0.,1.));
#8370=DIRECTION('',(0.,0.,1.));
#8371=DIRECTION('',(0.,0.,1.));
#8372=DIRECTION('',(0.,0.,1.));
#8373=DIRECTION('',(0.,0.,1.));
#8374=DIRECTION('',(0.,0.,1.));
#8375=DIRECTION('center_axis',(-1.7470530704172E-6,0.999999999998474,0.));
#8376=DIRECTION('ref_axis',(-0.999999999998474,-1.7470530704172E-6,0.));
#8377=DIRECTION('',(-0.999999999998474,-1.7470530704172E-6,0.));
#8378=DIRECTION('',(-0.999999999998474,-1.7470530704172E-6,0.));
#8379=DIRECTION('',(0.,0.,1.));
#8380=DIRECTION('',(0.,0.,1.));
#8381=DIRECTION('',(0.,0.,1.));
#8382=DIRECTION('',(0.,0.,1.));
#8383=DIRECTION('',(0.,0.,1.));
#8384=DIRECTION('center_axis',(0.,0.,-1.));
#8385=DIRECTION('ref_axis',(1.,0.,0.));
#8386=DIRECTION('center_axis',(0.,0.,-1.));
#8387=DIRECTION('ref_axis',(1.,0.,0.));
#8388=DIRECTION('center_axis',(0.,0.,1.));
#8389=DIRECTION('ref_axis',(-0.999816241376179,0.0191698586434792,0.));
#8390=DIRECTION('center_axis',(0.,0.,1.));
#8391=DIRECTION('ref_axis',(-0.999816241376179,0.0191698586434792,0.));
#8392=DIRECTION('',(0.,0.,1.));
#8393=DIRECTION('center_axis',(0.,0.,-1.));
#8394=DIRECTION('ref_axis',(-0.999816241376179,0.0191698586434792,0.));
#8395=DIRECTION('',(0.,0.,1.));
#8396=DIRECTION('center_axis',(0.,0.,1.));
#8397=DIRECTION('ref_axis',(-0.0190037360420199,-0.999819412702336,0.));
#8398=DIRECTION('center_axis',(0.,0.,1.));
#8399=DIRECTION('ref_axis',(-0.0190037360420199,-0.999819412702336,0.));
#8400=DIRECTION('center_axis',(0.,0.,-1.));
#8401=DIRECTION('ref_axis',(-0.0190037360420199,-0.999819412702336,0.));
#8402=DIRECTION('',(0.,0.,1.));
#8403=DIRECTION('center_axis',(0.,0.,1.));
#8404=DIRECTION('ref_axis',(0.999816241376178,-0.0191698586434854,0.));
#8405=DIRECTION('center_axis',(0.,0.,1.));
#8406=DIRECTION('ref_axis',(0.999816241376178,-0.0191698586434854,0.));
#8407=DIRECTION('center_axis',(0.,0.,-1.));
#8408=DIRECTION('ref_axis',(0.999816241376178,-0.0191698586434854,0.));
#8409=DIRECTION('',(0.,0.,1.));
#8410=DIRECTION('center_axis',(0.,0.,1.));
#8411=DIRECTION('ref_axis',(0.0190037360420199,0.999819412702336,0.));
#8412=DIRECTION('center_axis',(0.,0.,1.));
#8413=DIRECTION('ref_axis',(0.0190037360420199,0.999819412702336,0.));
#8414=DIRECTION('center_axis',(0.,0.,-1.));
#8415=DIRECTION('ref_axis',(0.0190037360420199,0.999819412702336,0.));
#8416=DIRECTION('',(0.,0.,1.));
#8417=DIRECTION('',(0.,0.,1.));
#8418=DIRECTION('',(0.,0.,1.));
#8419=DIRECTION('',(0.,0.,1.));
#8420=DIRECTION('center_axis',(-0.946449583484753,0.322851646923999,0.));
#8421=DIRECTION('ref_axis',(-0.322851646923999,-0.946449583484753,0.));
#8422=DIRECTION('',(-0.322851646923999,-0.946449583484753,0.));
#8423=DIRECTION('',(-0.322851646923999,-0.946449583484753,0.));
#8424=DIRECTION('',(0.,0.,1.));
#8425=DIRECTION('center_axis',(0.,0.,1.));
#8426=DIRECTION('ref_axis',(0.0206867740436477,0.999786005793073,0.));
#8427=DIRECTION('center_axis',(0.,0.,1.));
#8428=DIRECTION('ref_axis',(0.0206867740436477,0.999786005793073,0.));
#8429=DIRECTION('center_axis',(0.,0.,1.));
#8430=DIRECTION('ref_axis',(0.0206867740436477,0.999786005793073,0.));
#8431=DIRECTION('center_axis',(0.,0.,-1.));
#8432=DIRECTION('ref_axis',(1.,0.,0.));
#8433=DIRECTION('center_axis',(0.,0.,-1.));
#8434=DIRECTION('ref_axis',(1.,0.,0.));
#8435=DIRECTION('',(0.,0.,1.));
#8436=DIRECTION('',(0.,0.,1.));
#8437=DIRECTION('center_axis',(-4.97082291876679E-6,-0.999999999987646,
0.));
#8438=DIRECTION('ref_axis',(0.999999999987645,-4.97082291876679E-6,0.));
#8439=DIRECTION('',(-0.999999999987645,4.97082291876679E-6,0.));
#8440=DIRECTION('',(0.999999999987645,-4.97082291876679E-6,0.));
#8441=DIRECTION('',(0.,0.,1.));
#8442=DIRECTION('',(0.,0.,1.));
#8443=DIRECTION('',(0.,0.,1.));
#8444=DIRECTION('',(0.,0.,1.));
#8445=DIRECTION('',(0.,0.,1.));
#8446=DIRECTION('center_axis',(0.,1.,0.));
#8447=DIRECTION('ref_axis',(-1.,0.,0.));
#8448=DIRECTION('',(1.,0.,0.));
#8449=DIRECTION('',(-1.,0.,0.));
#8450=DIRECTION('',(0.,0.,1.));
#8451=DIRECTION('',(0.,0.,1.));
#8452=DIRECTION('',(0.,0.,1.));
#8453=DIRECTION('center_axis',(-1.,2.18592085020771E-15,0.));
#8454=DIRECTION('ref_axis',(-2.18592085020771E-15,-1.,0.));
#8455=DIRECTION('',(-2.18592085020771E-15,-1.,0.));
#8456=DIRECTION('',(0.,0.,1.));
#8457=DIRECTION('',(-2.18592085020771E-15,-1.,0.));
#8458=DIRECTION('',(0.,0.,1.));
#8459=DIRECTION('center_axis',(1.91232005417649E-15,1.,0.));
#8460=DIRECTION('ref_axis',(-1.,1.91232005417649E-15,0.));
#8461=DIRECTION('',(-1.,1.91232005417649E-15,0.));
#8462=DIRECTION('',(-1.,1.91232005417649E-15,0.));
#8463=DIRECTION('',(0.,0.,1.));
#8464=DIRECTION('center_axis',(-1.,0.,0.));
#8465=DIRECTION('ref_axis',(0.,-1.,0.));
#8466=DIRECTION('',(0.,-1.,0.));
#8467=DIRECTION('',(0.,-1.,0.));
#8468=DIRECTION('',(0.,0.,1.));
#8469=DIRECTION('',(0.,0.,1.));
#8470=DIRECTION('',(0.,0.,1.));
#8471=DIRECTION('',(0.,0.,1.));
#8472=DIRECTION('',(0.,0.,1.));
#8473=DIRECTION('',(0.,0.,1.));
#8474=DIRECTION('center_axis',(2.48446030430894E-6,0.999999999996914,0.));
#8475=DIRECTION('ref_axis',(-0.999999999996914,2.48446030430894E-6,0.));
#8476=DIRECTION('',(-0.999999999996914,2.48446030430894E-6,0.));
#8477=DIRECTION('',(-0.999999999996914,2.48446030430894E-6,0.));
#8478=DIRECTION('',(0.,0.,1.));
#8479=DIRECTION('',(0.,0.,1.));
#8480=DIRECTION('',(0.,0.,1.));
#8481=DIRECTION('',(0.,0.,1.));
#8482=DIRECTION('',(0.,0.,1.));
#8483=DIRECTION('',(0.,0.,1.));
#8484=DIRECTION('center_axis',(1.,0.,0.));
#8485=DIRECTION('ref_axis',(0.,1.,0.));
#8486=DIRECTION('',(0.,1.,0.));
#8487=DIRECTION('',(0.,1.,0.));
#8488=DIRECTION('',(0.,0.,1.));
#8489=DIRECTION('center_axis',(0.,1.,0.));
#8490=DIRECTION('ref_axis',(-1.,0.,0.));
#8491=DIRECTION('',(-1.,0.,0.));
#8492=DIRECTION('',(-1.,0.,0.));
#8493=DIRECTION('',(0.,0.,1.));
#8494=DIRECTION('center_axis',(1.,0.,0.));
#8495=DIRECTION('ref_axis',(0.,1.,0.));
#8496=DIRECTION('',(0.,1.,0.));
#8497=DIRECTION('',(0.,1.,0.));
#8498=DIRECTION('',(0.,0.,1.));
#8499=DIRECTION('center_axis',(1.97841973287254E-16,-1.,0.));
#8500=DIRECTION('ref_axis',(1.,1.97841973287254E-16,0.));
#8501=DIRECTION('',(1.,1.97841973287254E-16,0.));
#8502=DIRECTION('',(1.,1.97841973287254E-16,0.));
#8503=DIRECTION('center_axis',(0.,0.,-1.));
#8504=DIRECTION('ref_axis',(1.,0.,0.));
#8505=DIRECTION('center_axis',(0.,0.,-1.));
#8506=DIRECTION('ref_axis',(1.,0.,0.));
#8507=DIRECTION('center_axis',(0.,0.,1.));
#8508=DIRECTION('ref_axis',(0.999819473702308,-0.0190005264569088,0.));
#8509=DIRECTION('center_axis',(0.,0.,1.));
#8510=DIRECTION('ref_axis',(0.999819473702308,-0.0190005264569088,0.));
#8511=DIRECTION('',(0.,0.,1.));
#8512=DIRECTION('center_axis',(0.,0.,-1.));
#8513=DIRECTION('ref_axis',(0.999819473702308,-0.0190005264569088,0.));
#8514=DIRECTION('',(0.,0.,1.));
#8515=DIRECTION('center_axis',(0.,0.,1.));
#8516=DIRECTION('ref_axis',(0.0190043652953041,0.999819400741815,0.));
#8517=DIRECTION('center_axis',(0.,0.,1.));
#8518=DIRECTION('ref_axis',(0.0190043652953041,0.999819400741815,0.));
#8519=DIRECTION('center_axis',(0.,0.,-1.));
#8520=DIRECTION('ref_axis',(0.0190043652953041,0.999819400741815,0.));
#8521=DIRECTION('',(0.,0.,1.));
#8522=DIRECTION('center_axis',(0.,0.,1.));
#8523=DIRECTION('ref_axis',(-0.999819412467614,0.0190037483911646,0.));
#8524=DIRECTION('center_axis',(0.,0.,1.));
#8525=DIRECTION('ref_axis',(-0.999819412467614,0.0190037483911646,0.));
#8526=DIRECTION('center_axis',(0.,0.,-1.));
#8527=DIRECTION('ref_axis',(-0.999819412467614,0.0190037483911646,0.));
#8528=DIRECTION('',(0.,0.,1.));
#8529=DIRECTION('center_axis',(0.,0.,1.));
#8530=DIRECTION('ref_axis',(-0.0186748147804029,-0.9998256104406,0.));
#8531=DIRECTION('center_axis',(0.,0.,1.));
#8532=DIRECTION('ref_axis',(-0.0186748147804029,-0.9998256104406,0.));
#8533=DIRECTION('center_axis',(0.,0.,-1.));
#8534=DIRECTION('ref_axis',(-0.0186748147804029,-0.9998256104406,0.));
#8535=DIRECTION('',(0.,0.,1.));
#8536=DIRECTION('',(0.,0.,1.));
#8537=DIRECTION('',(0.,0.,1.));
#8538=DIRECTION('',(0.,0.,1.));
#8539=DIRECTION('',(0.,0.,1.));
#8540=DIRECTION('center_axis',(0.0193626729180318,0.999812525875461,0.));
#8541=DIRECTION('ref_axis',(-0.999812525875461,0.0193626729180318,0.));
#8542=DIRECTION('',(-0.999812525875461,0.0193626729180318,0.));
#8543=DIRECTION('',(-0.999812525875461,0.0193626729180318,0.));
#8544=DIRECTION('',(0.,0.,1.));
#8545=DIRECTION('center_axis',(0.94641400726628,-0.322955920909001,0.));
#8546=DIRECTION('ref_axis',(0.322955920909001,0.94641400726628,0.));
#8547=DIRECTION('',(0.322955920909001,0.94641400726628,0.));
#8548=DIRECTION('',(0.322955920909001,0.94641400726628,0.));
#8549=DIRECTION('',(0.,0.,1.));
#8550=DIRECTION('center_axis',(-0.0193226919200698,-0.999813299359917,0.));
#8551=DIRECTION('ref_axis',(0.999813299359917,-0.0193226919200698,0.));
#8552=DIRECTION('',(0.999813299359917,-0.0193226919200698,0.));
#8553=DIRECTION('',(0.999813299359917,-0.0193226919200698,0.));
#8554=DIRECTION('center_axis',(0.,0.,-1.));
#8555=DIRECTION('ref_axis',(1.,0.,0.));
#8556=DIRECTION('center_axis',(0.,0.,-1.));
#8557=DIRECTION('ref_axis',(1.,0.,0.));
#8558=DIRECTION('center_axis',(0.946453609505743,-0.322839844278165,0.));
#8559=DIRECTION('ref_axis',(0.322839844278165,0.946453609505743,0.));
#8560=DIRECTION('',(0.322839844278165,0.946453609505743,0.));
#8561=DIRECTION('',(0.,0.,1.));
#8562=DIRECTION('',(0.322839844278165,0.946453609505743,0.));
#8563=DIRECTION('',(0.,0.,1.));
#8564=DIRECTION('center_axis',(-0.0193491702204494,-0.999812787281589,0.));
#8565=DIRECTION('ref_axis',(0.999812787281589,-0.0193491702204494,0.));
#8566=DIRECTION('',(0.999812787281589,-0.0193491702204494,0.));
#8567=DIRECTION('',(0.999812787281589,-0.0193491702204494,0.));
#8568=DIRECTION('',(0.,0.,1.));
#8569=DIRECTION('center_axis',(-0.946483128946605,0.322753290640769,0.));
#8570=DIRECTION('ref_axis',(-0.322753290640769,-0.946483128946605,0.));
#8571=DIRECTION('',(-0.322753290640769,-0.946483128946605,0.));
#8572=DIRECTION('',(-0.322753290640769,-0.946483128946605,0.));
#8573=DIRECTION('',(0.,0.,1.));
#8574=DIRECTION('center_axis',(0.019348123138562,0.999812807545,0.));
#8575=DIRECTION('ref_axis',(-0.999812807545,0.019348123138562,0.));
#8576=DIRECTION('',(-0.999812807545,0.019348123138562,0.));
#8577=DIRECTION('',(-0.999812807545,0.019348123138562,0.));
#8578=DIRECTION('center_axis',(0.,0.,-1.));
#8579=DIRECTION('ref_axis',(1.,0.,0.));
#8580=DIRECTION('center_axis',(0.,0.,1.));
#8581=DIRECTION('ref_axis',(1.,0.,0.));
#8582=DIRECTION('',(0.,0.,1.));
#8583=DIRECTION('',(0.,0.,1.));
#8584=DIRECTION('center_axis',(-4.34947007689459E-6,-0.999999999990541,
0.));
#8585=DIRECTION('ref_axis',(0.999999999990541,-4.34947007689459E-6,0.));
#8586=DIRECTION('',(-0.999999999990541,4.34947007689459E-6,0.));
#8587=DIRECTION('',(0.999999999990541,-4.34947007689459E-6,0.));
#8588=DIRECTION('',(0.,0.,1.));
#8589=DIRECTION('',(0.,0.,1.));
#8590=DIRECTION('',(0.,0.,1.));
#8591=DIRECTION('',(0.,0.,1.));
#8592=DIRECTION('',(0.,0.,1.));
#8593=DIRECTION('center_axis',(0.,1.,0.));
#8594=DIRECTION('ref_axis',(-1.,0.,0.));
#8595=DIRECTION('',(1.,0.,0.));
#8596=DIRECTION('',(-1.,0.,0.));
#8597=DIRECTION('',(0.,0.,1.));
#8598=DIRECTION('',(0.,0.,1.));
#8599=DIRECTION('',(0.,0.,1.));
#8600=DIRECTION('center_axis',(1.,0.,0.));
#8601=DIRECTION('ref_axis',(0.,1.,0.));
#8602=DIRECTION('',(0.,1.,0.));
#8603=DIRECTION('',(0.,0.,1.));
#8604=DIRECTION('',(0.,1.,0.));
#8605=DIRECTION('',(0.,0.,1.));
#8606=DIRECTION('center_axis',(-3.82537505502581E-15,1.,0.));
#8607=DIRECTION('ref_axis',(-1.,-3.82537505502581E-15,0.));
#8608=DIRECTION('',(-1.,-3.82537505502581E-15,0.));
#8609=DIRECTION('',(-1.,-3.82537505502581E-15,0.));
#8610=DIRECTION('',(0.,0.,1.));
#8611=DIRECTION('center_axis',(1.,0.,0.));
#8612=DIRECTION('ref_axis',(0.,1.,0.));
#8613=DIRECTION('',(0.,1.,0.));
#8614=DIRECTION('',(0.,1.,0.));
#8615=DIRECTION('',(0.,0.,1.));
#8616=DIRECTION('center_axis',(0.,-1.,0.));
#8617=DIRECTION('ref_axis',(1.,0.,0.));
#8618=DIRECTION('',(1.,0.,0.));
#8619=DIRECTION('',(1.,0.,0.));
#8620=DIRECTION('',(0.,0.,1.));
#8621=DIRECTION('center_axis',(-1.,0.,0.));
#8622=DIRECTION('ref_axis',(0.,-1.,0.));
#8623=DIRECTION('',(0.,-1.,0.));
#8624=DIRECTION('',(0.,-1.,0.));
#8625=DIRECTION('',(0.,0.,1.));
#8626=DIRECTION('center_axis',(-9.97807327351276E-16,1.,0.));
#8627=DIRECTION('ref_axis',(-1.,-9.97807327351276E-16,0.));
#8628=DIRECTION('',(-1.,-9.97807327351276E-16,0.));
#8629=DIRECTION('',(-1.,-9.97807327351276E-16,0.));
#8630=DIRECTION('',(0.,0.,1.));
#8631=DIRECTION('center_axis',(-1.,0.,0.));
#8632=DIRECTION('ref_axis',(0.,-1.,0.));
#8633=DIRECTION('',(0.,-1.,0.));
#8634=DIRECTION('',(0.,-1.,0.));
#8635=DIRECTION('',(0.,0.,1.));
#8636=DIRECTION('',(0.,0.,1.));
#8637=DIRECTION('',(0.,0.,1.));
#8638=DIRECTION('',(0.,0.,1.));
#8639=DIRECTION('',(0.,0.,1.));
#8640=DIRECTION('',(0.,0.,1.));
#8641=DIRECTION('center_axis',(0.,1.,0.));
#8642=DIRECTION('ref_axis',(-1.,0.,0.));
#8643=DIRECTION('',(-1.,0.,0.));
#8644=DIRECTION('',(-1.,0.,0.));
#8645=DIRECTION('',(0.,0.,1.));
#8646=DIRECTION('',(0.,0.,1.));
#8647=DIRECTION('',(0.,0.,1.));
#8648=DIRECTION('',(0.,0.,1.));
#8649=DIRECTION('',(0.,0.,1.));
#8650=DIRECTION('center_axis',(0.,0.,-1.));
#8651=DIRECTION('ref_axis',(1.,0.,0.));
#8652=DIRECTION('center_axis',(0.,0.,-1.));
#8653=DIRECTION('ref_axis',(1.,0.,0.));
#8654=DIRECTION('',(0.,0.,1.));
#8655=DIRECTION('',(0.,0.,1.));
#8656=DIRECTION('center_axis',(6.21352546866244E-7,-0.999999999999807,0.));
#8657=DIRECTION('ref_axis',(0.999999999999807,6.21352546866244E-7,0.));
#8658=DIRECTION('',(-0.999999999999807,-6.21352546866244E-7,0.));
#8659=DIRECTION('',(0.999999999999807,6.21352546866244E-7,0.));
#8660=DIRECTION('',(0.,0.,1.));
#8661=DIRECTION('',(0.,0.,1.));
#8662=DIRECTION('',(0.,0.,1.));
#8663=DIRECTION('',(0.,0.,1.));
#8664=DIRECTION('',(0.,0.,1.));
#8665=DIRECTION('center_axis',(0.,1.,0.));
#8666=DIRECTION('ref_axis',(-1.,0.,0.));
#8667=DIRECTION('',(1.,0.,0.));
#8668=DIRECTION('',(-1.,0.,0.));
#8669=DIRECTION('',(0.,0.,1.));
#8670=DIRECTION('',(0.,0.,1.));
#8671=DIRECTION('',(0.,0.,1.));
#8672=DIRECTION('',(0.,0.,1.));
#8673=DIRECTION('',(0.,0.,1.));
#8674=DIRECTION('center_axis',(1.13870930149213E-6,-0.999999999999352,0.));
#8675=DIRECTION('ref_axis',(0.999999999999352,1.13870930149213E-6,0.));
#8676=DIRECTION('',(0.999999999999352,1.13870930149213E-6,0.));
#8677=DIRECTION('',(0.999999999999352,1.13870930149213E-6,0.));
#8678=DIRECTION('',(0.,0.,1.));
#8679=DIRECTION('',(0.,0.,1.));
#8680=DIRECTION('',(0.,0.,1.));
#8681=DIRECTION('',(0.,0.,1.));
#8682=DIRECTION('',(0.,0.,1.));
#8683=DIRECTION('',(0.,0.,1.));
#8684=DIRECTION('center_axis',(-1.,0.,0.));
#8685=DIRECTION('ref_axis',(0.,-1.,0.));
#8686=DIRECTION('',(0.,-1.,0.));
#8687=DIRECTION('',(0.,-1.,0.));
#8688=DIRECTION('',(0.,0.,1.));
#8689=DIRECTION('center_axis',(0.,-1.,0.));
#8690=DIRECTION('ref_axis',(1.,0.,0.));
#8691=DIRECTION('',(1.,0.,0.));
#8692=DIRECTION('',(1.,0.,0.));
#8693=DIRECTION('',(0.,0.,1.));
#8694=DIRECTION('center_axis',(-1.,-2.185650830053E-15,0.));
#8695=DIRECTION('ref_axis',(2.185650830053E-15,-1.,0.));
#8696=DIRECTION('',(2.185650830053E-15,-1.,0.));
#8697=DIRECTION('',(2.185650830053E-15,-1.,0.));
#8698=DIRECTION('',(0.,0.,1.));
#8699=DIRECTION('center_axis',(0.,1.,0.));
#8700=DIRECTION('ref_axis',(-1.,0.,0.));
#8701=DIRECTION('',(-1.,0.,0.));
#8702=DIRECTION('',(-1.,0.,0.));
#8703=DIRECTION('',(0.,0.,1.));
#8704=DIRECTION('center_axis',(1.,0.,0.));
#8705=DIRECTION('ref_axis',(0.,1.,0.));
#8706=DIRECTION('',(0.,1.,0.));
#8707=DIRECTION('',(0.,1.,0.));
#8708=DIRECTION('',(0.,0.,1.));
#8709=DIRECTION('center_axis',(-7.65075011005162E-15,-1.,0.));
#8710=DIRECTION('ref_axis',(1.,-7.65075011005162E-15,0.));
#8711=DIRECTION('',(1.,-7.65075011005162E-15,0.));
#8712=DIRECTION('',(1.,-7.65075011005162E-15,0.));
#8713=DIRECTION('',(0.,0.,1.));
#8714=DIRECTION('center_axis',(1.,0.,0.));
#8715=DIRECTION('ref_axis',(0.,1.,0.));
#8716=DIRECTION('',(0.,1.,0.));
#8717=DIRECTION('',(0.,1.,0.));
#8718=DIRECTION('',(0.,0.,1.));
#8719=DIRECTION('',(0.,0.,1.));
#8720=DIRECTION('',(0.,0.,1.));
#8721=DIRECTION('',(0.,0.,1.));
#8722=DIRECTION('center_axis',(0.,0.,-1.));
#8723=DIRECTION('ref_axis',(1.,0.,0.));
#8724=DIRECTION('center_axis',(0.,0.,-1.));
#8725=DIRECTION('ref_axis',(1.,0.,0.));
#8726=DIRECTION('',(0.,0.,1.));
#8727=DIRECTION('',(0.,0.,1.));
#8728=DIRECTION('center_axis',(5.58959735541077E-7,-0.999999999999844,0.));
#8729=DIRECTION('ref_axis',(0.999999999999844,5.58959735541077E-7,0.));
#8730=DIRECTION('',(-0.999999999999844,-5.58959735541077E-7,0.));
#8731=DIRECTION('',(0.999999999999844,5.58959735541077E-7,0.));
#8732=DIRECTION('',(0.,0.,1.));
#8733=DIRECTION('',(0.,0.,1.));
#8734=DIRECTION('',(0.,0.,1.));
#8735=DIRECTION('',(0.,0.,1.));
#8736=DIRECTION('',(0.,0.,1.));
#8737=DIRECTION('center_axis',(0.,1.,0.));
#8738=DIRECTION('ref_axis',(-1.,0.,0.));
#8739=DIRECTION('',(1.,0.,0.));
#8740=DIRECTION('',(-1.,0.,0.));
#8741=DIRECTION('',(0.,0.,1.));
#8742=DIRECTION('',(0.,0.,1.));
#8743=DIRECTION('',(0.,0.,1.));
#8744=DIRECTION('',(0.,0.,1.));
#8745=DIRECTION('',(0.,0.,1.));
#8746=DIRECTION('',(0.,0.,1.));
#8747=DIRECTION('',(0.,0.,1.));
#8748=DIRECTION('center_axis',(-1.24270636568114E-6,-0.999999999999228,
0.));
#8749=DIRECTION('ref_axis',(0.999999999999228,-1.24270636568114E-6,0.));
#8750=DIRECTION('',(0.999999999999228,-1.24270636568114E-6,0.));
#8751=DIRECTION('',(0.999999999999228,-1.24270636568114E-6,0.));
#8752=DIRECTION('',(0.,0.,1.));
#8753=DIRECTION('',(0.,0.,1.));
#8754=DIRECTION('',(0.,0.,1.));
#8755=DIRECTION('',(0.,0.,1.));
#8756=DIRECTION('',(0.,0.,1.));
#8757=DIRECTION('',(0.,0.,1.));
#8758=DIRECTION('',(0.,0.,1.));
#8759=DIRECTION('center_axis',(1.24270772947764E-6,0.999999999999228,0.));
#8760=DIRECTION('ref_axis',(-0.999999999999228,1.24270772947764E-6,0.));
#8761=DIRECTION('',(-0.999999999999228,1.24270772947764E-6,0.));
#8762=DIRECTION('',(-0.999999999999228,1.24270772947764E-6,0.));
#8763=DIRECTION('',(0.,0.,1.));
#8764=DIRECTION('',(0.,0.,1.));
#8765=DIRECTION('',(0.,0.,1.));
#8766=DIRECTION('center_axis',(0.,0.,-1.));
#8767=DIRECTION('ref_axis',(1.,0.,0.));
#8768=DIRECTION('center_axis',(0.,0.,-1.));
#8769=DIRECTION('ref_axis',(1.,0.,0.));
#8770=DIRECTION('',(0.,0.,1.));
#8771=DIRECTION('',(0.,0.,1.));
#8772=DIRECTION('center_axis',(0.,1.,0.));
#8773=DIRECTION('ref_axis',(-1.,0.,0.));
#8774=DIRECTION('',(-1.,0.,0.));
#8775=DIRECTION('',(-1.,0.,0.));
#8776=DIRECTION('',(0.,0.,1.));
#8777=DIRECTION('',(0.,0.,1.));
#8778=DIRECTION('',(0.,0.,1.));
#8779=DIRECTION('',(0.,0.,1.));
#8780=DIRECTION('',(0.,0.,1.));
#8781=DIRECTION('',(0.,0.,1.));
#8782=DIRECTION('',(0.,0.,1.));
#8783=DIRECTION('',(0.,0.,1.));
#8784=DIRECTION('',(0.,0.,1.));
#8785=DIRECTION('center_axis',(-0.950315107185893,0.311289571065695,0.));
#8786=DIRECTION('ref_axis',(-0.311289571065695,-0.950315107185893,0.));
#8787=DIRECTION('',(-0.311289571065695,-0.950315107185893,0.));
#8788=DIRECTION('',(-0.311289571065695,-0.950315107185893,0.));
#8789=DIRECTION('',(0.,0.,1.));
#8790=DIRECTION('',(0.,0.,1.));
#8791=DIRECTION('',(0.,0.,1.));
#8792=DIRECTION('',(0.,0.,1.));
#8793=DIRECTION('',(0.,0.,1.));
#8794=DIRECTION('',(0.,0.,1.));
#8795=DIRECTION('center_axis',(2.48829104387963E-6,-0.999999999996904,0.));
#8796=DIRECTION('ref_axis',(0.999999999996904,2.48829104387963E-6,0.));
#8797=DIRECTION('',(0.999999999996904,2.48829104387963E-6,0.));
#8798=DIRECTION('',(0.999999999996904,2.48829104387963E-6,0.));
#8799=DIRECTION('',(0.,0.,1.));
#8800=DIRECTION('',(0.,0.,1.));
#8801=DIRECTION('',(0.,0.,1.));
#8802=DIRECTION('',(0.,0.,1.));
#8803=DIRECTION('',(0.,0.,1.));
#8804=DIRECTION('',(0.,0.,1.));
#8805=DIRECTION('',(0.,0.,1.));
#8806=DIRECTION('',(0.,0.,1.));
#8807=DIRECTION('',(0.,0.,1.));
#8808=DIRECTION('center_axis',(0.927341984933227,-0.374214968941787,0.));
#8809=DIRECTION('ref_axis',(0.374214968941787,0.927341984933227,0.));
#8810=DIRECTION('',(0.374214968941787,0.927341984933227,0.));
#8811=DIRECTION('',(0.374214968941787,0.927341984933227,0.));
#8812=DIRECTION('',(0.,0.,1.));
#8813=DIRECTION('',(0.,0.,1.));
#8814=DIRECTION('',(0.,0.,1.));
#8815=DIRECTION('',(0.,0.,1.));
#8816=DIRECTION('center_axis',(0.,0.,1.));
#8817=DIRECTION('ref_axis',(-0.523673649444998,0.851918956754079,0.));
#8818=DIRECTION('center_axis',(0.,0.,1.));
#8819=DIRECTION('ref_axis',(-0.523673649444998,0.851918956754079,0.));
#8820=DIRECTION('center_axis',(0.,0.,1.));
#8821=DIRECTION('ref_axis',(-0.523673649444998,0.851918956754079,0.));
#8822=DIRECTION('center_axis',(0.,0.,-1.));
#8823=DIRECTION('ref_axis',(1.,0.,0.));
#8824=DIRECTION('center_axis',(0.,0.,-1.));
#8825=DIRECTION('ref_axis',(1.,0.,0.));
#8826=DIRECTION('center_axis',(0.707106781186548,1.17045653635486E-17,0.707106781186547));
#8827=DIRECTION('ref_axis',(0.707106781186547,0.,-0.707106781186548));
#8828=DIRECTION('',(0.,1.,0.));
#8829=DIRECTION('center_axis',(0.707106781186548,1.17045653635486E-17,0.707106781186547));
#8830=DIRECTION('ref_axis',(0.707106781186547,0.,-0.707106781186548));
#8831=DIRECTION('',(-0.577350269189625,-0.577350269189627,0.577350269189625));
#8832=DIRECTION('',(-1.65527550788128E-17,1.,-5.71852888370913E-34));
#8833=DIRECTION('',(-0.577350269189625,0.577350269189628,0.577350269189625));
#8834=DIRECTION('center_axis',(-5.83644910185626E-35,-0.707106781186546,
0.707106781186549));
#8835=DIRECTION('ref_axis',(1.,0.,8.25398547594537E-35));
#8836=DIRECTION('',(1.,0.,1.11022302462516E-17));
#8837=DIRECTION('',(1.,0.,8.25398547594537E-35));
#8838=DIRECTION('',(0.577350269189623,0.577350269189629,0.577350269189625));
#8839=DIRECTION('center_axis',(-0.707106781186549,4.04361055208186E-34,
0.707106781186546));
#8840=DIRECTION('ref_axis',(0.707106781186546,0.,0.707106781186549));
#8841=DIRECTION('',(0.,-1.,5.71852888370913E-34));
#8842=DIRECTION('',(-0.577350269189624,0.577350269189628,-0.577350269189626));
#8843=DIRECTION('center_axis',(-0.707106781186549,4.04361055208186E-34,
0.707106781186546));
#8844=DIRECTION('ref_axis',(-0.707106781186546,-6.82648895079901E-17,-0.707106781186549));
#8845=DIRECTION('',(0.,1.,0.));
#8846=DIRECTION('center_axis',(0.,0.,1.));
#8847=DIRECTION('ref_axis',(0.671989906513126,0.740560305136915,0.));
#8848=DIRECTION('',(0.,0.,-1.));
#8849=DIRECTION('center_axis',(0.,0.,1.));
#8850=DIRECTION('ref_axis',(1.,0.,0.));
#8851=DIRECTION('',(0.,0.,1.));
#8852=DIRECTION('center_axis',(1.11022302462516E-17,0.,-1.));
#8853=DIRECTION('ref_axis',(1.,0.,0.));
#8854=DIRECTION('center_axis',(-5.83644910185626E-35,0.707106781186546,
0.707106781186549));
#8855=DIRECTION('ref_axis',(0.,0.707106781186549,-0.707106781186546));
#8856=DIRECTION('center_axis',(-1.22464679914735E-16,-5.91143944976909E-33,
-1.));
#8857=DIRECTION('ref_axis',(-0.671989906513126,0.740560305136915,8.22950288070629E-17));
#8858=DIRECTION('center_axis',(-5.83644910185626E-35,0.707106781186546,
0.707106781186549));
#8859=DIRECTION('ref_axis',(-1.54860495131539E-16,0.707106781186549,-0.707106781186546));
#8860=DIRECTION('center_axis',(1.11022302462516E-17,0.,-1.));
#8861=DIRECTION('ref_axis',(-1.,-9.65411325761006E-17,1.22464679914735E-16));
#8862=DIRECTION('',(-1.22464679914735E-16,-5.91143944976909E-33,-1.));
#8863=DIRECTION('center_axis',(-1.22464679914735E-16,-5.91143944976909E-33,
-1.));
#8864=DIRECTION('ref_axis',(-1.,-9.65411325761006E-17,1.22464679914735E-16));
#8865=DIRECTION('',(1.22464679914735E-16,5.91143944976909E-33,1.));
#8866=DIRECTION('center_axis',(-5.83644910185626E-35,0.707106781186546,
0.707106781186549));
#8867=DIRECTION('ref_axis',(1.,0.,8.25398547594537E-35));
#8868=DIRECTION('',(-1.,0.,-1.11022302462516E-17));
#8869=DIRECTION('',(-1.,0.,-8.25398547594537E-35));
#8870=DIRECTION('center_axis',(-8.25398547594537E-35,5.71852888370913E-34,
1.));
#8871=DIRECTION('ref_axis',(-1.,0.,-8.25398547594537E-35));
#8872=DIRECTION('center_axis',(-1.11022302462516E-17,0.,1.));
#8873=DIRECTION('ref_axis',(1.,0.,1.11022302462516E-17));
#8874=DIRECTION('',(0.,1.,0.));
#8875=DIRECTION('center_axis',(1.11022302462516E-17,0.,-1.));
#8876=DIRECTION('ref_axis',(-1.,9.65411325761006E-17,1.22464679914735E-16));
#8877=DIRECTION('center_axis',(1.11022302462516E-17,0.,-1.));
#8878=DIRECTION('ref_axis',(-1.,0.,0.));
#8879=DIRECTION('',(0.,1.,0.));
#8880=DIRECTION('',(-1.,0.,-1.11022302462516E-17));
#8881=DIRECTION('',(0.,-1.,0.));
#8882=DIRECTION('center_axis',(1.11022302462516E-17,0.,-1.));
#8883=DIRECTION('ref_axis',(-1.,0.,0.));
#8884=DIRECTION('center_axis',(1.11022302462516E-17,0.,-1.));
#8885=DIRECTION('ref_axis',(1.,0.,0.));
#8886=DIRECTION('',(0.,1.,0.));
#8887=DIRECTION('center_axis',(-1.11022302462516E-17,0.,1.));
#8888=DIRECTION('ref_axis',(1.,0.,1.11022302462516E-17));
#8889=DIRECTION('center_axis',(1.11022302462516E-17,0.,-1.));
#8890=DIRECTION('ref_axis',(-1.,0.,0.));
#8891=DIRECTION('',(0.,-1.,0.));
#8892=DIRECTION('',(1.,0.,1.11022302462516E-17));
#8893=DIRECTION('',(0.,1.,0.));
#8894=DIRECTION('center_axis',(1.11022302462516E-17,0.,-1.));
#8895=DIRECTION('ref_axis',(-1.,0.,0.));
#8896=DIRECTION('center_axis',(5.28602279044231E-17,-0.948683298050514,
-0.316227766016838));
#8897=DIRECTION('ref_axis',(3.32959135813376E-9,-0.316227766016838,0.948683298050514));
#8898=DIRECTION('',(0.688247201611681,-0.229415733870563,0.688247201611689));
#8899=DIRECTION('',(9.34680645572142E-34,-0.316227766016838,0.948683298050514));
#8900=DIRECTION('',(-1.,-6.98042440763729E-16,1.22464679914735E-16));
#8901=DIRECTION('',(0.301511344577763,0.301511344577764,-0.904534033733291));
#8902=DIRECTION('',(1.,4.45051986184094E-17,3.36431219583381E-17));
#8903=DIRECTION('center_axis',(-1.22464679914735E-16,-5.91143944976909E-33,
-1.));
#8904=DIRECTION('ref_axis',(1.,9.65411325761006E-17,-1.22464679914735E-16));
#8905=DIRECTION('',(2.95571972488455E-33,-1.,5.91143944976909E-33));
#8906=DIRECTION('',(1.,9.65411325761006E-17,-1.22464679914735E-16));
#8907=DIRECTION('',(-9.65411325761006E-17,1.,5.91143944976909E-33));
#8908=DIRECTION('center_axis',(-1.22464679914735E-16,-5.91143944976909E-33,
-1.));
#8909=DIRECTION('ref_axis',(8.16371750711825E-16,-1.,-9.40652656925867E-32));
#8910=DIRECTION('',(1.,9.65411325761006E-17,-1.22464679914735E-16));
#8911=DIRECTION('',(9.65411325761006E-17,-1.,-5.91143944976909E-33));
#8912=DIRECTION('',(-1.,-9.65411325761006E-17,1.22464679914735E-16));
#8913=DIRECTION('center_axis',(1.22464679914735E-16,5.91143944976909E-33,
1.));
#8914=DIRECTION('ref_axis',(1.34312010369535E-15,1.,-1.70396213035866E-31));
#8915=DIRECTION('',(9.65411325761006E-17,-1.,-5.91143944976909E-33));
#8916=DIRECTION('',(-1.,5.19802477520275E-16,1.22464679914735E-16));
#8917=DIRECTION('',(2.95571972488455E-33,-1.,5.91143944976909E-33));
#8918=DIRECTION('',(1.,9.65411325761006E-17,-1.22464679914735E-16));
#8919=DIRECTION('',(9.65411325761006E-17,-1.,-5.91143944976909E-33));
#8920=DIRECTION('center_axis',(1.22464679914735E-16,5.91143944976909E-33,
1.));
#8921=DIRECTION('ref_axis',(2.37521009253692E-15,1.,-2.96790783162551E-31));
#8922=DIRECTION('',(1.,9.65411325761006E-17,-1.22464679914735E-16));
#8923=DIRECTION('',(-1.1138368638125E-16,1.,7.72912805063392E-33));
#8924=DIRECTION('',(-1.,-8.16985787709514E-17,1.22464679914735E-16));
#8925=DIRECTION('center_axis',(-1.22464679914735E-16,-5.91143944976909E-33,
-1.));
#8926=DIRECTION('ref_axis',(5.74625821854875E-15,-1.,-6.9780223399222E-31));
#8927=DIRECTION('',(-9.65411325761006E-17,1.,5.91143944976909E-33));
#8928=DIRECTION('center_axis',(-1.30313692195231E-16,0.948683298050513,
-0.316227766016839));
#8929=DIRECTION('ref_axis',(3.32959124195358E-9,-0.316227766016839,-0.948683298050513));
#8930=DIRECTION('',(9.34680645572147E-34,-0.316227766016839,-0.948683298050513));
#8931=DIRECTION('',(0.301511344577765,0.301511344577765,0.90453403373329));
#8932=DIRECTION('center_axis',(-0.707106781186547,0.,-0.707106781186548));
#8933=DIRECTION('ref_axis',(0.500000000000002,-0.707106781186546,-0.499999999999999));
#8934=DIRECTION('',(0.707106781186547,0.,0.707106781186548));
#8935=DIRECTION('center_axis',(-0.707106781186546,0.,-0.707106781186549));
#8936=DIRECTION('ref_axis',(0.707106781186549,0.,-0.707106781186546));
#8937=DIRECTION('',(-0.707106781186547,0.,-0.707106781186548));
#8938=DIRECTION('center_axis',(0.923879532511287,0.,0.38268343236509));
#8939=DIRECTION('ref_axis',(-0.38268343236509,0.,0.923879532511287));
#8940=DIRECTION('center_axis',(0.,1.,0.));
#8941=DIRECTION('ref_axis',(0.,0.,1.));
#8942=DIRECTION('center_axis',(0.,0.,-1.));
#8943=DIRECTION('ref_axis',(1.,0.,0.));
#8944=DIRECTION('center_axis',(0.,1.,0.));
#8945=DIRECTION('ref_axis',(0.923879532511287,0.,-0.38268343236509));
#8946=DIRECTION('center_axis',(0.,-1.,0.));
#8947=DIRECTION('ref_axis',(0.923879532511287,0.,-0.38268343236509));
#8948=DIRECTION('center_axis',(0.,0.,1.));
#8949=DIRECTION('ref_axis',(0.707106781186548,-0.707106781186547,0.));
#8950=DIRECTION('center_axis',(3.36431219583381E-17,0.,-1.));
#8951=DIRECTION('ref_axis',(0.707106781186548,-0.707106781186547,0.));
#8952=DIRECTION('',(0.,0.,-1.));
#8953=DIRECTION('',(0.,0.,1.));
#8954=DIRECTION('center_axis',(1.,0.,0.));
#8955=DIRECTION('ref_axis',(0.,-0.707106781186548,-0.707106781186548));
#8956=DIRECTION('',(1.,0.,0.));
#8957=DIRECTION('',(-1.,0.,0.));
#8958=DIRECTION('center_axis',(0.923879532511286,6.25146748160857E-16,-0.382683432365091));
#8959=DIRECTION('ref_axis',(-0.382683432365091,1.50923775788337E-15,-0.923879532511286));
#8960=DIRECTION('center_axis',(0.707106781186547,0.,-0.707106781186548));
#8961=DIRECTION('ref_axis',(-0.500000000000001,-0.707106781186547,-0.5));
#8962=DIRECTION('',(-0.707106781186547,0.,0.707106781186548));
#8963=DIRECTION('center_axis',(0.707106781186547,0.,-0.707106781186548));
#8964=DIRECTION('ref_axis',(0.,-1.,0.));
#8965=DIRECTION('',(0.707106781186547,0.,-0.707106781186548));
#8966=DIRECTION('center_axis',(0.,1.,0.));
#8967=DIRECTION('ref_axis',(0.,0.,1.));
#8968=DIRECTION('center_axis',(-3.70074341541719E-16,0.,-1.));
#8969=DIRECTION('ref_axis',(0.,-1.,0.));
#8970=DIRECTION('center_axis',(0.,-1.,0.));
#8971=DIRECTION('ref_axis',(-0.923879532511287,0.,-0.38268343236509));
#8972=DIRECTION('center_axis',(0.,1.,0.));
#8973=DIRECTION('ref_axis',(-0.923879532511287,0.,-0.38268343236509));
#8974=DIRECTION('center_axis',(2.60860673079219E-17,0.,-1.));
#8975=DIRECTION('ref_axis',(-0.707106781186548,-0.707106781186547,0.));
#8976=DIRECTION('center_axis',(3.36431219583381E-17,0.,-1.));
#8977=DIRECTION('ref_axis',(-0.707106781186548,-0.707106781186547,0.));
#8978=DIRECTION('',(2.60860673079219E-17,0.,-1.));
#8979=DIRECTION('',(-2.60860673079219E-17,0.,1.));
#8980=DIRECTION('center_axis',(1.,0.,0.));
#8981=DIRECTION('ref_axis',(0.,0.,-1.));
#8982=DIRECTION('',(0.,1.,0.));
#8983=DIRECTION('',(0.,0.,-1.));
#8984=DIRECTION('',(0.,1.,0.));
#8985=DIRECTION('center_axis',(0.,1.,0.));
#8986=DIRECTION('ref_axis',(1.,0.,0.));
#8987=DIRECTION('',(0.,1.,0.));
#8988=DIRECTION('center_axis',(0.,1.,0.));
#8989=DIRECTION('ref_axis',(0.923879532511287,0.,-0.38268343236509));
#8990=DIRECTION('center_axis',(0.707106781186548,0.,-0.707106781186547));
#8991=DIRECTION('ref_axis',(-0.707106781186547,0.,-0.707106781186548));
#8992=DIRECTION('',(0.,1.,0.));
#8993=DIRECTION('',(-0.707106781186547,0.,-0.707106781186548));
#8994=DIRECTION('center_axis',(0.,0.,-1.));
#8995=DIRECTION('ref_axis',(-1.,0.,0.));
#8996=DIRECTION('',(0.,1.,0.));
#8997=DIRECTION('',(-1.,0.,0.));
#8998=DIRECTION('center_axis',(0.,0.,1.));
#8999=DIRECTION('ref_axis',(1.,0.,0.));
#9000=DIRECTION('center_axis',(0.,0.,1.));
#9001=DIRECTION('ref_axis',(-1.,-9.65411325761006E-17,1.22464679914735E-16));
#9002=DIRECTION('center_axis',(0.,0.,1.));
#9003=DIRECTION('ref_axis',(1.,0.,0.));
#9004=DIRECTION('center_axis',(0.,0.,1.));
#9005=DIRECTION('ref_axis',(-1.,9.65411325761006E-17,1.22464679914735E-16));
#9006=DIRECTION('center_axis',(-0.707106781186548,0.,-0.707106781186547));
#9007=DIRECTION('ref_axis',(-0.707106781186547,0.,0.707106781186548));
#9008=DIRECTION('',(0.,1.,0.));
#9009=DIRECTION('',(-0.707106781186547,0.,0.707106781186548));
#9010=DIRECTION('center_axis',(0.,1.,0.));
#9011=DIRECTION('ref_axis',(-1.38777878078145E-16,0.,-1.));
#9012=DIRECTION('',(0.,1.,0.));
#9013=DIRECTION('center_axis',(0.,1.,0.));
#9014=DIRECTION('ref_axis',(-0.923879532511287,0.,-0.38268343236509));
#9015=DIRECTION('center_axis',(-1.,0.,-2.60860673079219E-17));
#9016=DIRECTION('ref_axis',(-2.60860673079219E-17,0.,1.));
#9017=DIRECTION('',(0.,1.,0.));
#9018=DIRECTION('',(-2.60860673079219E-17,0.,1.));
#9019=DIRECTION('center_axis',(-3.36431219583381E-17,0.,1.));
#9020=DIRECTION('ref_axis',(1.,0.,3.36431219583381E-17));
#9021=DIRECTION('',(1.,0.,3.36431219583381E-17));
#9022=DIRECTION('',(0.,1.,0.));
#9023=DIRECTION('',(-0.948683298050516,0.316227766016831,-3.19166678961519E-17));
#9024=DIRECTION('',(-1.,-1.12143739861127E-17,-3.36431219583381E-17));
#9025=DIRECTION('',(0.,1.,0.));
#9026=DIRECTION('center_axis',(-3.36431219583381E-17,0.,1.));
#9027=DIRECTION('ref_axis',(0.,1.,0.));
#9028=DIRECTION('',(-1.,-1.12143739861127E-17,-3.36431219583381E-17));
#9029=DIRECTION('',(0.,1.,0.));
#9030=DIRECTION('',(1.,-1.12143739861127E-17,3.36431219583381E-17));
#9031=DIRECTION('center_axis',(-3.36431219583381E-17,0.,1.));
#9032=DIRECTION('ref_axis',(-1.11022302462516E-16,-1.,0.));
#9033=DIRECTION('',(0.,1.,0.));
#9034=DIRECTION('',(1.,-1.12143739861127E-17,3.36431219583381E-17));
#9035=DIRECTION('',(0.948683298050513,0.316227766016841,3.19166678961518E-17));
#9036=DIRECTION('',(0.,1.,0.));
#9037=DIRECTION('',(1.,0.,3.36431219583381E-17));
#9038=DIRECTION('center_axis',(3.36431219583381E-17,0.,-1.));
#9039=DIRECTION('ref_axis',(-0.707106781186547,0.707106781186548,0.));
#9040=DIRECTION('center_axis',(-3.36431219583381E-17,0.,1.));
#9041=DIRECTION('ref_axis',(-1.,0.,0.));
#9042=DIRECTION('center_axis',(-3.36431219583381E-17,0.,1.));
#9043=DIRECTION('ref_axis',(-1.,0.,0.));
#9044=DIRECTION('center_axis',(-0.707106781186547,0.,0.707106781186548));
#9045=DIRECTION('ref_axis',(-0.5,0.707106781186548,-0.499999999999999));
#9046=DIRECTION('center_axis',(0.707106781186547,0.,-0.707106781186548));
#9047=DIRECTION('ref_axis',(-0.707106781186548,0.,-0.707106781186547));
#9048=DIRECTION('',(0.707106781186547,0.,-0.707106781186548));
#9049=DIRECTION('center_axis',(-0.923879532511286,3.41904109657985E-16,
0.382683432365091));
#9050=DIRECTION('ref_axis',(-0.382683432365091,8.25429538567405E-16,-0.923879532511286));
#9051=DIRECTION('center_axis',(-1.,0.,0.));
#9052=DIRECTION('ref_axis',(0.,0.707106781186548,-0.707106781186547));
#9053=DIRECTION('',(1.,0.,0.));
#9054=DIRECTION('center_axis',(-0.923879532511287,1.41621319251435E-16,
-0.38268343236509));
#9055=DIRECTION('ref_axis',(0.38268343236509,3.41904109657985E-16,-0.923879532511287));
#9056=DIRECTION('center_axis',(0.,0.,-1.));
#9057=DIRECTION('ref_axis',(0.707106781186548,0.707106781186548,0.));
#9058=DIRECTION('center_axis',(3.36431219583381E-17,0.,-1.));
#9059=DIRECTION('ref_axis',(0.707106781186548,0.707106781186548,0.));
#9060=DIRECTION('center_axis',(0.,0.,1.));
#9061=DIRECTION('ref_axis',(1.,0.,0.));
#9062=DIRECTION('',(0.,0.,1.));
#9063=DIRECTION('center_axis',(0.,1.,0.));
#9064=DIRECTION('ref_axis',(0.,0.,1.));
#9065=DIRECTION('center_axis',(0.707106781186547,0.,0.707106781186548));
#9066=DIRECTION('ref_axis',(0.707106781186548,0.,-0.707106781186547));
#9067=DIRECTION('center_axis',(0.,-1.,0.));
#9068=DIRECTION('ref_axis',(0.923879532511287,0.,-0.38268343236509));
#9069=DIRECTION('center_axis',(-0.707106781186547,0.,-0.707106781186548));
#9070=DIRECTION('ref_axis',(0.500000000000002,0.707106781186547,-0.499999999999999));
#9071=DIRECTION('',(0.707106781186547,0.,0.707106781186548));
#9072=DIRECTION('center_axis',(0.,1.,0.));
#9073=DIRECTION('ref_axis',(0.,0.,1.));
#9074=DIRECTION('center_axis',(-3.70074341541719E-16,0.,-1.));
#9075=DIRECTION('ref_axis',(-1.,0.,3.70074341541719E-16));
#9076=DIRECTION('center_axis',(0.,-1.,0.));
#9077=DIRECTION('ref_axis',(-0.923879532511287,0.,-0.38268343236509));
#9078=DIRECTION('center_axis',(-2.60860673079219E-17,0.,1.));
#9079=DIRECTION('ref_axis',(-0.707106781186547,0.707106781186548,0.));
#9080=DIRECTION('',(2.60860673079219E-17,0.,-1.));
#9081=DIRECTION('center_axis',(0.,1.,0.));
#9082=DIRECTION('ref_axis',(1.,0.,0.));
#9083=DIRECTION('',(0.,0.,-1.));
#9084=DIRECTION('center_axis',(0.,-1.,0.));
#9085=DIRECTION('ref_axis',(0.,0.,-1.));
#9086=DIRECTION('',(1.,0.,0.));
#9087=DIRECTION('center_axis',(0.,-1.,0.));
#9088=DIRECTION('ref_axis',(1.,0.,0.));
#9089=DIRECTION('',(0.,0.,1.));
#9090=DIRECTION('',(1.,0.,3.36431219583381E-17));
#9091=DIRECTION('center_axis',(1.22464679914735E-16,1.22464679914735E-16,
1.));
#9092=DIRECTION('ref_axis',(-1.,9.65411325761006E-17,1.22464679914735E-16));
#9093=DIRECTION('',(1.22464679914735E-16,1.22464679914735E-16,1.));
#9094=DIRECTION('center_axis',(1.22464679914735E-16,1.22464679914735E-16,
1.));
#9095=DIRECTION('ref_axis',(-1.,9.65411325761006E-17,1.22464679914735E-16));
#9096=DIRECTION('center_axis',(-1.22464679914735E-16,-1.22464679914735E-16,
-1.));
#9097=DIRECTION('ref_axis',(-1.,9.65411325761006E-17,1.22464679914735E-16));
#9098=DIRECTION('center_axis',(-1.22464679914735E-16,-1.22464679914735E-16,
-1.));
#9099=DIRECTION('ref_axis',(-1.,9.65411325761006E-17,1.22464679914735E-16));
#9100=DIRECTION('center_axis',(1.22464679914735E-16,1.22464679914735E-16,
1.));
#9101=DIRECTION('ref_axis',(-1.,0.,0.));
#9102=DIRECTION('center_axis',(1.22464679914735E-16,1.22464679914735E-16,
1.));
#9103=DIRECTION('ref_axis',(-1.,9.65411325761006E-17,1.22464679914735E-16));
#9104=DIRECTION('center_axis',(1.22464679914735E-16,1.22464679914735E-16,
1.));
#9105=DIRECTION('ref_axis',(-0.671989906513127,-0.740560305136914,1.72987509533214E-16));
#9106=DIRECTION('',(-1.22464679914735E-16,-1.22464679914735E-16,-1.));
#9107=DIRECTION('',(1.22464679914735E-16,1.22464679914735E-16,1.));
#9108=DIRECTION('center_axis',(0.,1.,0.));
#9109=DIRECTION('ref_axis',(1.,0.,4.44089209850063E-16));
#9110=DIRECTION('center_axis',(0.,-1.,0.));
#9111=DIRECTION('ref_axis',(1.,0.,4.44089209850063E-16));
#9112=DIRECTION('',(0.,1.,0.));
#9113=DIRECTION('center_axis',(0.,1.,0.));
#9114=DIRECTION('ref_axis',(1.,0.,4.44089209850063E-16));
#9115=DIRECTION('center_axis',(0.,-1.22464679914735E-16,-1.));
#9116=DIRECTION('ref_axis',(1.,0.,0.));
#9117=DIRECTION('',(0.,1.22464679914735E-16,1.));
#9118=DIRECTION('center_axis',(0.,-1.22464679914735E-16,-1.));
#9119=DIRECTION('ref_axis',(1.,0.,0.));
#9120=DIRECTION('center_axis',(0.,1.22464679914735E-16,1.));
#9121=DIRECTION('ref_axis',(1.,0.,0.));
#9122=DIRECTION('center_axis',(0.,-1.22464679914735E-16,-1.));
#9123=DIRECTION('ref_axis',(0.671989906513123,-0.740560305136918,9.06924807261513E-17));
#9124=DIRECTION('',(0.,1.22464679914735E-16,1.));
#9125=DIRECTION('',(0.,-1.22464679914735E-16,-1.));
#9126=DIRECTION('center_axis',(0.,-1.22464679914735E-16,-1.));
#9127=DIRECTION('ref_axis',(1.,0.,0.));
#9128=DIRECTION('center_axis',(0.,1.22464679914735E-16,1.));
#9129=DIRECTION('ref_axis',(1.,0.,0.));
#9130=DIRECTION('center_axis',(0.,1.22464679914735E-16,1.));
#9131=DIRECTION('ref_axis',(-1.,0.,0.));
#9132=DIRECTION('center_axis',(0.,0.,-1.));
#9133=DIRECTION('ref_axis',(-1.,0.,0.));
#9134=DIRECTION('',(0.,0.,-1.));
#9135=DIRECTION('center_axis',(0.,0.,1.));
#9136=DIRECTION('ref_axis',(-1.,0.,0.));
#9137=DIRECTION('',(0.,0.,-1.));
#9138=DIRECTION('center_axis',(-1.22464679914735E-16,-5.91143944976909E-33,
-1.));
#9139=DIRECTION('ref_axis',(-1.,-9.65411325761006E-17,1.22464679914735E-16));
#9140=DIRECTION('',(1.22464679914735E-16,5.91143944976909E-33,1.));
#9141=DIRECTION('center_axis',(-1.22464679914735E-16,-5.91143944976909E-33,
-1.));
#9142=DIRECTION('ref_axis',(-1.,-9.65411325761006E-17,1.22464679914735E-16));
#9143=DIRECTION('center_axis',(1.22464679914735E-16,5.91143944976909E-33,
1.));
#9144=DIRECTION('ref_axis',(-1.,-9.65411325761006E-17,1.22464679914735E-16));
#9145=DIRECTION('center_axis',(1.22464679914735E-16,5.91143944976909E-33,
1.));
#9146=DIRECTION('ref_axis',(-1.,-9.65411325761006E-17,1.22464679914735E-16));
#9147=DIRECTION('center_axis',(1.22464679914735E-16,5.91143944976909E-33,
1.));
#9148=DIRECTION('ref_axis',(-1.,0.,0.));
#9149=DIRECTION('center_axis',(0.,0.,1.));
#9150=DIRECTION('ref_axis',(1.,0.,0.));
#9151=DIRECTION('',(0.,0.,1.));
#9152=DIRECTION('center_axis',(0.,0.,1.));
#9153=DIRECTION('ref_axis',(1.,0.,0.));
#9154=DIRECTION('center_axis',(0.,0.,-1.));
#9155=DIRECTION('ref_axis',(1.,0.,0.));
#9156=DIRECTION('center_axis',(0.,0.,-1.));
#9157=DIRECTION('ref_axis',(1.,0.,0.));
#9158=DIRECTION('center_axis',(0.,0.,1.));
#9159=DIRECTION('ref_axis',(-1.,0.,0.));
#9160=DIRECTION('center_axis',(0.,0.,-1.));
#9161=DIRECTION('ref_axis',(0.707106784909143,0.707106777463952,0.));
#9162=DIRECTION('',(0.,0.,-1.));
#9163=DIRECTION('center_axis',(0.,0.,1.));
#9164=DIRECTION('ref_axis',(-1.,0.,0.));
#9165=DIRECTION('',(0.,0.,-1.));
#9166=DIRECTION('center_axis',(-0.316227766016841,0.948683298050513,-5.01547638368106E-17));
#9167=DIRECTION('ref_axis',(-0.948683298050513,-0.316227766016841,-1.00915703094574E-16));
#9168=DIRECTION('',(0.314485451016577,0.104828483672194,-0.943456353049726));
#9169=DIRECTION('',(-1.58603289232165E-16,0.,1.));
#9170=DIRECTION('',(-0.948683298050513,-0.316227766016841,-1.00915703094574E-16));
#9171=DIRECTION('',(0.,-5.2867763077389E-17,-1.));
#9172=DIRECTION('',(0.948683298050513,0.316227766016841,3.19166678961518E-17));
#9173=DIRECTION('',(0.688247201611683,0.229415733870564,-0.688247201611687));
#9174=DIRECTION('center_axis',(0.316227766016841,0.948683298050513,0.));
#9175=DIRECTION('ref_axis',(0.948683298050513,-0.316227766016841,-1.5264493341638E-17));
#9176=DIRECTION('',(0.948683298050513,-0.316227766016841,3.19166678961518E-17));
#9177=DIRECTION('',(0.,0.,1.));
#9178=DIRECTION('',(0.948683298050513,-0.316227766016841,-1.5264493341638E-17));
#9179=DIRECTION('',(0.,0.,-1.));
#9180=DIRECTION('',(0.314485451016577,-0.104828483672194,0.943456353049726));
#9181=DIRECTION('',(0.688247201611683,-0.229415733870564,0.688247201611687));
#9182=DIRECTION('center_axis',(-0.316227766016831,-0.948683298050516,-5.0154763836809E-17));
#9183=DIRECTION('ref_axis',(0.948683298050516,-0.316227766016831,1.31444689777849E-16));
#9184=DIRECTION('',(-0.688247201611694,0.229415733870559,0.688247201611678));
#9185=DIRECTION('',(0.,-5.28677630773872E-17,1.));
#9186=DIRECTION('',(0.948683298050516,-0.316227766016831,1.31444689777849E-16));
#9187=DIRECTION('',(-1.58603289232165E-16,0.,1.));
#9188=DIRECTION('center_axis',(-1.,1.21128858826959E-33,-1.58603289232165E-16));
#9189=DIRECTION('ref_axis',(-8.86715917465364E-33,-1.,4.82705662880503E-17));
#9190=DIRECTION('',(1.21128858826959E-33,1.,-3.63386576480877E-33));
#9191=DIRECTION('',(1.5046429151043E-16,0.316227766016839,-0.948683298050513));
#9192=DIRECTION('',(1.21128858826959E-33,1.,0.));
#9193=DIRECTION('',(-1.5046429151043E-16,0.316227766016838,0.948683298050514));
#9194=DIRECTION('',(-8.86715917465364E-33,-1.,4.82705662880503E-17));
#9195=DIRECTION('center_axis',(0.,-1.,0.));
#9196=DIRECTION('ref_axis',(0.,0.,-1.));
#9197=DIRECTION('',(4.28256048764678E-17,-0.316227766016841,-0.948683298050513));
#9198=DIRECTION('center_axis',(0.,-1.,0.));
#9199=DIRECTION('ref_axis',(0.,0.,-1.));
#9200=DIRECTION('center_axis',(2.43665043937172E-16,1.,2.43665043937173E-16));
#9201=DIRECTION('ref_axis',(3.22973970800041E-15,2.52323414687532E-16,-1.));
#9202=DIRECTION('center_axis',(0.,1.,0.));
#9203=DIRECTION('ref_axis',(0.,0.,-1.));
#9204=DIRECTION('',(-7.33545915597434E-17,-0.316227766016831,0.948683298050516));
#9205=DIRECTION('center_axis',(1.21832521968586E-16,1.,1.21832521968587E-16));
#9206=DIRECTION('ref_axis',(3.22973970800041E-15,1.26161707343766E-16,-1.));
#9207=DIRECTION('center_axis',(0.,1.,0.));
#9208=DIRECTION('ref_axis',(0.,0.,-1.));
#9209=DIRECTION('center_axis',(0.,1.,0.));
#9210=DIRECTION('ref_axis',(0.,0.,-1.));
#9211=DIRECTION('',(-4.82705662880503E-17,-1.,-5.91143944976909E-33));
#9212=DIRECTION('center_axis',(0.,0.948683298050513,-0.316227766016841));
#9213=DIRECTION('ref_axis',(4.28256048764678E-17,-0.316227766016841,-0.948683298050513));
#9214=DIRECTION('',(4.28256048764678E-17,-0.316227766016841,-0.948683298050513));
#9215=DIRECTION('',(1.,0.,0.));
#9216=DIRECTION('',(-1.,0.,0.));
#9217=DIRECTION('center_axis',(0.,-0.948683298050516,-0.316227766016831));
#9218=DIRECTION('ref_axis',(-7.33545915597435E-17,-0.316227766016831,0.948683298050516));
#9219=DIRECTION('',(-7.33545915597434E-17,-0.316227766016831,0.948683298050516));
#9220=DIRECTION('',(-1.,0.,0.));
#9221=DIRECTION('',(-1.,0.,0.));
#9222=DIRECTION('center_axis',(0.,5.91143944976909E-33,-1.));
#9223=DIRECTION('ref_axis',(-4.82705662880503E-17,-1.,-5.91143944976909E-33));
#9224=DIRECTION('',(-4.82705662880503E-17,-1.,-5.91143944976909E-33));
#9225=DIRECTION('center_axis',(0.,-1.,0.));
#9226=DIRECTION('ref_axis',(1.,0.,0.));
#9227=DIRECTION('center_axis',(0.,-1.,0.));
#9228=DIRECTION('ref_axis',(1.,0.,0.));
#9229=DIRECTION('center_axis',(-2.43665043937174E-16,1.,2.43665043937172E-16));
#9230=DIRECTION('ref_axis',(1.,2.52323414687533E-16,3.22973970800042E-15));
#9231=DIRECTION('center_axis',(0.,1.,0.));
#9232=DIRECTION('ref_axis',(1.,0.,0.));
#9233=DIRECTION('',(-0.948683298050516,-0.316227766016831,-1.52644933416375E-17));
#9234=DIRECTION('center_axis',(-1.21832521968587E-16,1.,1.21832521968586E-16));
#9235=DIRECTION('ref_axis',(1.,1.26161707343766E-16,3.22973970800042E-15));
#9236=DIRECTION('center_axis',(0.,1.,0.));
#9237=DIRECTION('ref_axis',(1.,0.,0.));
#9238=DIRECTION('center_axis',(0.,1.,0.));
#9239=DIRECTION('ref_axis',(1.,0.,0.));
#9240=DIRECTION('',(2.95571972488455E-33,-1.,-4.82705662880503E-17));
#9241=DIRECTION('center_axis',(0.316227766016831,-0.948683298050516,0.));
#9242=DIRECTION('ref_axis',(-0.948683298050516,-0.316227766016831,-1.52644933416375E-17));
#9243=DIRECTION('',(-0.948683298050516,-0.316227766016831,-3.19166678961519E-17));
#9244=DIRECTION('',(-0.688247201611694,-0.229415733870559,-0.688247201611678));
#9245=DIRECTION('',(0.,0.,-1.));
#9246=DIRECTION('',(0.,0.,-1.));
#9247=DIRECTION('center_axis',(1.,2.95571972488455E-33,0.));
#9248=DIRECTION('ref_axis',(2.95571972488455E-33,-1.,-4.82705662880503E-17));
#9249=DIRECTION('',(9.34680645572142E-34,-0.316227766016838,-0.948683298050514));
#9250=DIRECTION('',(9.34680645572147E-34,-0.316227766016839,0.948683298050513));
#9251=DIRECTION('',(2.95571972488455E-33,-1.,-2.896233977283E-16));
#9252=DIRECTION('center_axis',(0.948683298050513,0.,0.316227766016839));
#9253=DIRECTION('ref_axis',(-0.316227766016839,3.32959094248834E-9,0.948683298050513));
#9254=DIRECTION('',(0.301511344577765,0.301511344577765,-0.90453403373329));
#9255=DIRECTION('',(0.,-1.,0.));
#9256=DIRECTION('',(-0.316227766016839,3.32959094248834E-9,0.948683298050513));
#9257=DIRECTION('',(0.,-1.,0.));
#9258=DIRECTION('',(0.301511344577765,0.301511344577765,-0.90453403373329));
#9259=DIRECTION('center_axis',(0.,0.948683298050513,0.316227766016839));
#9260=DIRECTION('ref_axis',(-3.32959094248834E-9,-0.316227766016839,0.948683298050513));
#9261=DIRECTION('',(1.,-1.12143739861127E-17,3.36431219583381E-17));
#9262=DIRECTION('center_axis',(0.,0.948683298050513,0.316227766016839));
#9263=DIRECTION('ref_axis',(-3.32959094248834E-9,-0.316227766016839,0.948683298050513));
#9264=DIRECTION('',(1.,6.16343610096375E-16,0.));
#9265=DIRECTION('center_axis',(-3.36431219583381E-17,0.,1.));
#9266=DIRECTION('ref_axis',(1.,0.,3.36431219583381E-17));
#9267=DIRECTION('',(0.,1.,0.));
#9268=DIRECTION('',(1.,0.,3.36431219583381E-17));
#9269=DIRECTION('',(0.,1.,0.));
#9270=DIRECTION('',(1.,0.,0.));
#9271=DIRECTION('',(0.,1.,0.));
#9272=DIRECTION('',(1.,0.,0.));
#9273=DIRECTION('',(0.,-1.,0.));
#9274=DIRECTION('',(1.,0.,3.36431219583381E-17));
#9275=DIRECTION('',(0.,1.,0.));
#9276=DIRECTION('',(-0.948683298050516,0.316227766016831,-3.19166678961519E-17));
#9277=DIRECTION('',(-1.,-1.12143739861127E-17,-3.36431219583381E-17));
#9278=DIRECTION('',(0.,-1.,0.));
#9279=DIRECTION('center_axis',(3.36431219583381E-17,0.,-1.));
#9280=DIRECTION('ref_axis',(-1.11022302462516E-16,-1.,0.));
#9281=DIRECTION('',(-1.,-1.12143739861127E-17,-3.36431219583381E-17));
#9282=DIRECTION('',(0.,-1.,0.));
#9283=DIRECTION('',(1.,-1.12143739861127E-17,3.36431219583381E-17));
#9284=DIRECTION('center_axis',(3.36431219583381E-17,0.,-1.));
#9285=DIRECTION('ref_axis',(0.,1.,0.));
#9286=DIRECTION('center_axis',(1.,0.,0.));
#9287=DIRECTION('ref_axis',(0.,0.,-1.));
#9288=DIRECTION('',(0.,1.,0.));
#9289=DIRECTION('',(0.,0.,-1.));
#9290=DIRECTION('center_axis',(0.,1.,0.));
#9291=DIRECTION('ref_axis',(0.,0.,-1.));
#9292=DIRECTION('',(0.,1.,0.));
#9293=DIRECTION('center_axis',(0.,-1.,0.));
#9294=DIRECTION('ref_axis',(0.,0.,-1.));
#9295=DIRECTION('center_axis',(0.,0.,1.));
#9296=DIRECTION('ref_axis',(1.,0.,0.));
#9297=DIRECTION('',(0.,1.,0.));
#9298=DIRECTION('',(1.,0.,0.));
#9299=DIRECTION('center_axis',(0.,1.,0.));
#9300=DIRECTION('ref_axis',(1.,0.,0.));
#9301=DIRECTION('',(0.,1.,0.));
#9302=DIRECTION('center_axis',(0.,-1.,0.));
#9303=DIRECTION('ref_axis',(1.,0.,0.));
#9304=DIRECTION('center_axis',(-1.,0.,0.));
#9305=DIRECTION('ref_axis',(0.,0.,1.));
#9306=DIRECTION('',(0.,1.,0.));
#9307=DIRECTION('',(0.,0.,1.));
#9308=DIRECTION('center_axis',(-3.36431219583381E-17,0.,1.));
#9309=DIRECTION('ref_axis',(1.,0.,3.36431219583381E-17));
#9310=DIRECTION('',(1.,4.45051986184091E-17,3.36431219583381E-17));
#9311=DIRECTION('',(-9.65411325761006E-17,1.,-3.24794509725384E-33));
#9312=DIRECTION('center_axis',(3.36431219583381E-17,0.,-1.));
#9313=DIRECTION('ref_axis',(-9.65411325761006E-17,1.,5.91143944976909E-33));
#9314=DIRECTION('',(1.,4.45051986184091E-17,3.36431219583381E-17));
#9315=DIRECTION('',(-9.65411325761006E-17,1.,-3.24794509725384E-33));
#9316=DIRECTION('',(-1.,-1.48577066533792E-16,-3.36431219583381E-17));
#9317=DIRECTION('center_axis',(3.36431219583381E-17,0.,-1.));
#9318=DIRECTION('ref_axis',(2.07563435038616E-16,-1.,-1.9507750184238E-32));
#9319=DIRECTION('',(-9.65411325761006E-17,1.,-3.24794509725384E-33));
#9320=DIRECTION('',(-1.,-1.48577066533792E-16,-3.36431219583381E-17));
#9321=DIRECTION('',(-0.948683298050516,-0.316227766016831,-3.19166678961519E-17));
#9322=DIRECTION('',(0.,1.,0.));
#9323=DIRECTION('',(1.,0.,3.36431219583381E-17));
#9324=DIRECTION('',(0.,-1.,0.));
#9325=DIRECTION('center_axis',(0.,0.,1.));
#9326=DIRECTION('ref_axis',(-1.,0.,0.));
#9327=DIRECTION('',(-1.,0.,0.));
#9328=DIRECTION('',(0.,1.,0.));
#9329=DIRECTION('',(-1.,0.,0.));
#9330=DIRECTION('center_axis',(0.,0.,1.));
#9331=DIRECTION('ref_axis',(-1.,0.,0.));
#9332=DIRECTION('',(0.,1.,0.));
#9333=DIRECTION('',(1.,0.,3.36431219583381E-17));
#9334=DIRECTION('center_axis',(0.948683298050513,9.15869600498269E-17,-0.31622776601684));
#9335=DIRECTION('ref_axis',(0.31622776601684,3.32959097301732E-9,0.948683298050513));
#9336=DIRECTION('',(-0.301511344577765,0.301511344577765,-0.90453403373329));
#9337=DIRECTION('',(0.31622776601684,3.32959097301732E-9,0.948683298050513));
#9338=DIRECTION('',(-0.301511344577765,0.301511344577765,-0.90453403373329));
#9339=DIRECTION('center_axis',(5.28602279044229E-17,-0.948683298050513,
-0.316227766016839));
#9340=DIRECTION('ref_axis',(3.32959108919752E-9,-0.316227766016839,0.948683298050513));
#9341=DIRECTION('center_axis',(5.28602279044229E-17,-0.948683298050513,
-0.316227766016839));
#9342=DIRECTION('ref_axis',(3.32959108919752E-9,-0.316227766016839,0.948683298050513));
#9343=DIRECTION('center_axis',(-1.30313692195231E-16,0.948683298050513,
-0.316227766016839));
#9344=DIRECTION('ref_axis',(3.32959124195358E-9,-0.316227766016839,-0.948683298050513));
#9345=DIRECTION('',(-0.688247201611696,-0.22941573387056,-0.688247201611676));
#9346=DIRECTION('',(0.301511344577765,0.301511344577765,0.90453403373329));
#9347=DIRECTION('center_axis',(0.948683298050513,9.15869600498269E-17,-0.31622776601684));
#9348=DIRECTION('ref_axis',(-0.31622776601684,-3.32959135813378E-9,-0.948683298050513));
#9349=DIRECTION('',(-0.314485451016577,-0.10482848367219,-0.943456353049726));
#9350=DIRECTION('',(-0.31622776601684,-3.32959135813378E-9,-0.948683298050513));
#9351=DIRECTION('',(2.95571972488455E-33,-1.,-2.896233977283E-16));
#9352=DIRECTION('center_axis',(-0.948683298050514,-9.1586960049827E-17,
-0.316227766016838));
#9353=DIRECTION('ref_axis',(-0.316227766016838,-3.32959124195356E-9,0.948683298050514));
#9354=DIRECTION('',(-0.316227766016838,-3.32959124195356E-9,0.948683298050514));
#9355=DIRECTION('',(9.65411325761006E-17,-1.,3.24794509725384E-33));
#9356=DIRECTION('center_axis',(-1.22464679914735E-16,-5.91143944976909E-33,
-1.));
#9357=DIRECTION('ref_axis',(2.07563435038616E-16,-1.,-1.9507750184238E-32));
#9358=DIRECTION('',(-3.2254739166617E-17,-0.316227766016839,-0.948683298050513));
#9359=DIRECTION('center_axis',(1.22464679914735E-16,5.91143944976909E-33,
1.));
#9360=DIRECTION('ref_axis',(2.07563435038616E-16,-1.,-1.9507750184238E-32));
#9361=DIRECTION('',(8.39254572695944E-17,-0.316227766016838,0.948683298050514));
#9362=DIRECTION('center_axis',(-3.36431219583381E-17,0.,1.));
#9363=DIRECTION('ref_axis',(2.07563435038616E-16,-1.,-1.9507750184238E-32));
#9364=DIRECTION('center_axis',(5.28602279044231E-17,-0.948683298050514,
-0.316227766016838));
#9365=DIRECTION('ref_axis',(8.39254572695945E-17,-0.316227766016838,0.948683298050514));
#9366=DIRECTION('',(0.301511344577763,0.301511344577764,-0.904534033733291));
#9367=DIRECTION('',(1.,4.45051986184094E-17,3.36431219583381E-17));
#9368=DIRECTION('center_axis',(-1.30313692195231E-16,0.948683298050513,
-0.316227766016839));
#9369=DIRECTION('ref_axis',(-3.2254739166617E-17,-0.316227766016839,-0.948683298050513));
#9370=DIRECTION('',(0.301511344577765,0.301511344577765,0.90453403373329));
#9371=DIRECTION('center_axis',(-1.30313692195231E-16,0.948683298050514,
-0.316227766016838));
#9372=DIRECTION('ref_axis',(3.32959074065692E-9,-0.316227766016838,-0.948683298050514));
#9373=DIRECTION('',(-1.,-1.48577066533792E-16,-3.36431219583381E-17));
#9374=DIRECTION('',(-0.301511344577764,0.301511344577764,0.904534033733291));
#9375=DIRECTION('center_axis',(-0.948683298050514,-9.1586960049827E-17,
-0.316227766016838));
#9376=DIRECTION('ref_axis',(0.316227766016838,3.32959085683711E-9,-0.948683298050514));
#9377=DIRECTION('',(0.316227766016838,3.32959085683711E-9,-0.948683298050514));
#9378=DIRECTION('',(9.65411325761006E-17,-1.,3.24794509725384E-33));
#9379=DIRECTION('center_axis',(-1.22464679914735E-16,-5.91143944976909E-33,
-1.));
#9380=DIRECTION('ref_axis',(-9.65411325761006E-17,1.,5.91143944976909E-33));
#9381=DIRECTION('',(2.04799281337593E-16,-0.316227766016839,0.948683298050513));
#9382=DIRECTION('center_axis',(1.22464679914735E-16,5.91143944976909E-33,
1.));
#9383=DIRECTION('ref_axis',(-9.65411325761006E-17,1.,5.91143944976909E-33));
#9384=DIRECTION('',(-1.43741307971042E-16,-0.316227766016838,-0.948683298050514));
#9385=DIRECTION('center_axis',(-3.36431219583381E-17,0.,1.));
#9386=DIRECTION('ref_axis',(-9.65411325761006E-17,1.,5.91143944976909E-33));
#9387=DIRECTION('center_axis',(-1.30313692195231E-16,0.948683298050514,
-0.316227766016838));
#9388=DIRECTION('ref_axis',(-1.43741307971042E-16,-0.316227766016838,-0.948683298050514));
#9389=DIRECTION('',(-1.,-1.48577066533792E-16,-3.36431219583381E-17));
#9390=DIRECTION('',(-0.301511344577764,0.301511344577764,0.904534033733291));
#9391=DIRECTION('center_axis',(5.28602279044229E-17,-0.948683298050513,
-0.316227766016839));
#9392=DIRECTION('ref_axis',(2.04799281337593E-16,-0.316227766016839,0.948683298050513));
#9393=DIRECTION('',(-0.301511344577765,0.301511344577765,-0.90453403373329));
#9394=DIRECTION('center_axis',(0.948683298050513,9.15869600498269E-17,-0.31622776601684));
#9395=DIRECTION('ref_axis',(0.31622776601684,8.86190849013816E-17,0.948683298050513));
#9396=DIRECTION('center_axis',(-0.948683298050514,-9.1586960049827E-17,
-0.316227766016838));
#9397=DIRECTION('ref_axis',(0.316227766016838,-2.75611115348302E-17,-0.948683298050514));
#9398=DIRECTION('',(9.65411325761006E-17,-1.,3.24794509725384E-33));
#9399=DIRECTION('center_axis',(-3.36431219583381E-17,0.,1.));
#9400=DIRECTION('ref_axis',(1.,0.,3.36431219583381E-17));
#9401=DIRECTION('',(0.,1.,0.));
#9402=DIRECTION('',(0.948683298050513,-0.316227766016841,3.19166678961518E-17));
#9403=DIRECTION('',(0.,1.,0.));
#9404=DIRECTION('',(1.,0.,3.36431219583381E-17));
#9405=DIRECTION('center_axis',(-3.36431219583381E-17,0.,1.));
#9406=DIRECTION('ref_axis',(-1.,0.,0.));
#9407=DIRECTION('center_axis',(-3.36431219583381E-17,0.,1.));
#9408=DIRECTION('ref_axis',(-1.,0.,0.));
#9409=DIRECTION('center_axis',(1.,2.95571972488455E-33,0.));
#9410=DIRECTION('ref_axis',(2.95571972488455E-33,-1.,-4.82705662880503E-17));
#9411=DIRECTION('',(0.,0.,1.));
#9412=DIRECTION('',(2.95571972488455E-33,-1.,-4.82705662880503E-17));
#9413=DIRECTION('',(0.,0.,-1.));
#9414=DIRECTION('center_axis',(0.316227766016831,-0.948683298050516,0.));
#9415=DIRECTION('ref_axis',(-0.948683298050516,-0.316227766016831,-1.52644933416375E-17));
#9416=DIRECTION('',(-0.948683298050516,-0.316227766016831,-1.52644933416375E-17));
#9417=DIRECTION('',(0.,0.,-1.));
#9418=DIRECTION('center_axis',(-0.316227766016831,-0.948683298050516,-5.0154763836809E-17));
#9419=DIRECTION('ref_axis',(0.948683298050516,-0.316227766016831,1.31444689777849E-16));
#9420=DIRECTION('',(0.,-5.28677630773872E-17,1.));
#9421=DIRECTION('',(0.948683298050516,-0.316227766016831,1.31444689777849E-16));
#9422=DIRECTION('',(-1.58603289232165E-16,0.,1.));
#9423=DIRECTION('',(-0.314485451016577,0.10482848367219,0.943456353049726));
#9424=DIRECTION('',(-0.688247201611696,0.22941573387056,0.688247201611676));
#9425=DIRECTION('center_axis',(-0.316227766016841,0.948683298050513,-5.01547638368106E-17));
#9426=DIRECTION('ref_axis',(-0.948683298050513,-0.316227766016841,-1.00915703094574E-16));
#9427=DIRECTION('',(0.688247201611681,0.229415733870563,-0.688247201611689));
#9428=DIRECTION('',(-1.58603289232165E-16,0.,1.));
#9429=DIRECTION('',(-0.948683298050513,-0.316227766016841,-1.00915703094574E-16));
#9430=DIRECTION('',(0.,-5.2867763077389E-17,-1.));
#9431=DIRECTION('center_axis',(-1.,1.21128858826959E-33,-1.58603289232165E-16));
#9432=DIRECTION('ref_axis',(-8.86715917465364E-33,-1.,4.82705662880503E-17));
#9433=DIRECTION('',(1.5046429151043E-16,0.316227766016838,-0.948683298050514));
#9434=DIRECTION('',(1.21128858826959E-33,1.,0.));
#9435=DIRECTION('',(-1.5046429151043E-16,0.316227766016839,0.948683298050513));
#9436=DIRECTION('',(1.21128858826959E-33,1.,-3.63386576480877E-33));
#9437=DIRECTION('',(-8.86715917465364E-33,-1.,4.82705662880503E-17));
#9438=DIRECTION('center_axis',(0.,-1.,0.));
#9439=DIRECTION('ref_axis',(0.,0.,-1.));
#9440=DIRECTION('',(4.28256048764678E-17,-0.316227766016841,-0.948683298050513));
#9441=DIRECTION('center_axis',(0.,-1.,0.));
#9442=DIRECTION('ref_axis',(0.,0.,-1.));
#9443=DIRECTION('center_axis',(0.,1.,0.));
#9444=DIRECTION('ref_axis',(3.22973970800045E-15,0.,-1.));
#9445=DIRECTION('center_axis',(0.,1.,0.));
#9446=DIRECTION('ref_axis',(0.,0.,-1.));
#9447=DIRECTION('',(-7.33545915597434E-17,-0.316227766016831,0.948683298050516));
#9448=DIRECTION('center_axis',(0.,1.,0.));
#9449=DIRECTION('ref_axis',(3.22973970800045E-15,0.,-1.));
#9450=DIRECTION('center_axis',(0.,1.,0.));
#9451=DIRECTION('ref_axis',(0.,0.,-1.));
#9452=DIRECTION('center_axis',(0.,1.,0.));
#9453=DIRECTION('ref_axis',(0.,0.,-1.));
#9454=DIRECTION('',(-4.82705662880503E-17,-1.,-5.91143944976909E-33));
#9455=DIRECTION('center_axis',(0.,0.948683298050513,-0.316227766016841));
#9456=DIRECTION('ref_axis',(4.28256048764678E-17,-0.316227766016841,-0.948683298050513));
#9457=DIRECTION('',(4.28256048764678E-17,-0.316227766016841,-0.948683298050513));
#9458=DIRECTION('',(1.,0.,0.));
#9459=DIRECTION('',(-1.,0.,0.));
#9460=DIRECTION('center_axis',(0.,-0.948683298050516,-0.316227766016831));
#9461=DIRECTION('ref_axis',(-7.33545915597435E-17,-0.316227766016831,0.948683298050516));
#9462=DIRECTION('',(-7.33545915597434E-17,-0.316227766016831,0.948683298050516));
#9463=DIRECTION('',(-1.,0.,0.));
#9464=DIRECTION('',(-1.,0.,0.));
#9465=DIRECTION('center_axis',(0.,5.91143944976909E-33,-1.));
#9466=DIRECTION('ref_axis',(-4.82705662880503E-17,-1.,-5.91143944976909E-33));
#9467=DIRECTION('',(-4.82705662880503E-17,-1.,-5.91143944976909E-33));
#9468=DIRECTION('center_axis',(0.,-1.,0.));
#9469=DIRECTION('ref_axis',(1.,0.,0.));
#9470=DIRECTION('',(0.948683298050513,-0.316227766016841,-1.5264493341638E-17));
#9471=DIRECTION('center_axis',(0.,-1.,0.));
#9472=DIRECTION('ref_axis',(1.,0.,0.));
#9473=DIRECTION('center_axis',(0.,1.,0.));
#9474=DIRECTION('ref_axis',(1.,0.,3.22973970800046E-15));
#9475=DIRECTION('center_axis',(0.,1.,0.));
#9476=DIRECTION('ref_axis',(1.,0.,0.));
#9477=DIRECTION('center_axis',(0.,1.,0.));
#9478=DIRECTION('ref_axis',(1.,0.,3.22973970800046E-15));
#9479=DIRECTION('center_axis',(0.,1.,0.));
#9480=DIRECTION('ref_axis',(1.,0.,0.));
#9481=DIRECTION('center_axis',(0.,1.,0.));
#9482=DIRECTION('ref_axis',(1.,0.,0.));
#9483=DIRECTION('center_axis',(0.316227766016841,0.948683298050513,0.));
#9484=DIRECTION('ref_axis',(0.948683298050513,-0.316227766016841,-1.5264493341638E-17));
#9485=DIRECTION('',(0.,0.,1.));
#9486=DIRECTION('center_axis',(-1.,0.,0.));
#9487=DIRECTION('ref_axis',(0.,0.,1.));
#9488=DIRECTION('',(0.,1.,0.));
#9489=DIRECTION('',(0.,0.,-1.));
#9490=DIRECTION('center_axis',(0.,1.,0.));
#9491=DIRECTION('ref_axis',(1.,0.,0.));
#9492=DIRECTION('',(0.,1.,0.));
#9493=DIRECTION('center_axis',(0.,1.,0.));
#9494=DIRECTION('ref_axis',(1.,0.,0.));
#9495=DIRECTION('center_axis',(0.,0.,1.));
#9496=DIRECTION('ref_axis',(1.,0.,0.));
#9497=DIRECTION('',(0.,1.,0.));
#9498=DIRECTION('',(-1.,0.,0.));
#9499=DIRECTION('center_axis',(0.,1.,0.));
#9500=DIRECTION('ref_axis',(0.,0.,-1.));
#9501=DIRECTION('',(0.,1.,0.));
#9502=DIRECTION('center_axis',(0.,1.,0.));
#9503=DIRECTION('ref_axis',(0.,0.,-1.));
#9504=DIRECTION('center_axis',(1.,0.,0.));
#9505=DIRECTION('ref_axis',(0.,0.,-1.));
#9506=DIRECTION('',(0.,0.,1.));
#9507=DIRECTION('center_axis',(0.948683298050513,0.,0.316227766016839));
#9508=DIRECTION('ref_axis',(0.316227766016839,-3.32959132760479E-9,-0.948683298050513));
#9509=DIRECTION('',(-0.301511344577765,0.301511344577765,0.90453403373329));
#9510=DIRECTION('',(0.,1.,0.));
#9511=DIRECTION('',(0.316227766016839,-3.32959132760479E-9,-0.948683298050513));
#9512=DIRECTION('',(-0.301511344577765,0.301511344577765,0.90453403373329));
#9513=DIRECTION('center_axis',(0.,-0.948683298050513,0.316227766016839));
#9514=DIRECTION('ref_axis',(-3.32959132760479E-9,-0.316227766016839,-0.948683298050513));
#9515=DIRECTION('',(-1.,0.,0.));
#9516=DIRECTION('center_axis',(0.,-0.948683298050513,0.316227766016839));
#9517=DIRECTION('ref_axis',(-3.32959132760479E-9,-0.316227766016839,-0.948683298050513));
#9518=DIRECTION('center_axis',(0.,0.948683298050514,0.316227766016838));
#9519=DIRECTION('ref_axis',(-3.32959121142458E-9,-0.316227766016838,0.948683298050514));
#9520=DIRECTION('',(-0.301511344577764,0.301511344577764,-0.904534033733291));
#9521=DIRECTION('',(1.,-6.01501308187628E-16,0.));
#9522=DIRECTION('center_axis',(-0.948683298050514,0.,0.316227766016838));
#9523=DIRECTION('ref_axis',(0.316227766016838,-3.32959121142458E-9,0.948683298050514));
#9524=DIRECTION('',(0.316227766016838,-3.32959121142458E-9,0.948683298050514));
#9525=DIRECTION('',(0.,1.,0.));
#9526=DIRECTION('center_axis',(0.,0.,-1.));
#9527=DIRECTION('ref_axis',(-1.11022302462516E-16,-1.,0.));
#9528=DIRECTION('',(-5.33964705863187E-17,-0.316227766016839,-0.948683298050513));
#9529=DIRECTION('center_axis',(0.,0.,1.));
#9530=DIRECTION('ref_axis',(-7.19830618135725E-16,-1.,0.));
#9531=DIRECTION('center_axis',(0.,0.,1.));
#9532=DIRECTION('ref_axis',(-1.11022302462516E-16,-1.,0.));
#9533=DIRECTION('',(6.27837258498928E-17,-0.316227766016838,0.948683298050514));
#9534=DIRECTION('center_axis',(0.,0.,1.));
#9535=DIRECTION('ref_axis',(-5.64971708597265E-15,-1.,0.));
#9536=DIRECTION('center_axis',(0.,0.948683298050514,0.316227766016838));
#9537=DIRECTION('ref_axis',(6.27837258498928E-17,-0.316227766016838,0.948683298050514));
#9538=DIRECTION('',(1.,1.48425538051491E-17,0.));
#9539=DIRECTION('',(-0.301511344577764,0.301511344577764,-0.904534033733291));
#9540=DIRECTION('center_axis',(-3.08148791101958E-33,-0.948683298050513,
0.316227766016839));
#9541=DIRECTION('ref_axis',(-5.33964705863187E-17,-0.316227766016839,-0.948683298050513));
#9542=DIRECTION('',(-1.,0.,0.));
#9543=DIRECTION('',(-0.301511344577765,0.301511344577765,0.90453403373329));
#9544=DIRECTION('center_axis',(0.,-0.948683298050514,0.316227766016838));
#9545=DIRECTION('ref_axis',(-3.32959082630813E-9,-0.316227766016838,-0.948683298050514));
#9546=DIRECTION('',(-1.,0.,0.));
#9547=DIRECTION('',(0.301511344577764,0.301511344577764,0.904534033733291));
#9548=DIRECTION('center_axis',(-0.948683298050514,0.,0.316227766016838));
#9549=DIRECTION('ref_axis',(-0.316227766016838,3.32959082630813E-9,-0.948683298050514));
#9550=DIRECTION('',(-0.316227766016838,3.32959082630813E-9,-0.948683298050514));
#9551=DIRECTION('',(0.,-1.,0.));
#9552=DIRECTION('center_axis',(0.,0.,-1.));
#9553=DIRECTION('ref_axis',(0.,1.,0.));
#9554=DIRECTION('',(-5.80900982181058E-17,-0.316227766016839,0.948683298050513));
#9555=DIRECTION('center_axis',(0.,0.,-1.));
#9556=DIRECTION('ref_axis',(-1.43966123627145E-15,1.,0.));
#9557=DIRECTION('center_axis',(0.,0.,1.));
#9558=DIRECTION('ref_axis',(0.,1.,0.));
#9559=DIRECTION('',(5.80900982181058E-17,-0.316227766016838,-0.948683298050514));
#9560=DIRECTION('center_axis',(0.,0.,-1.));
#9561=DIRECTION('ref_axis',(-2.47175122511302E-15,1.,0.));
#9562=DIRECTION('center_axis',(0.,-0.948683298050514,0.316227766016838));
#9563=DIRECTION('ref_axis',(5.80900982181058E-17,-0.316227766016838,-0.948683298050514));
#9564=DIRECTION('',(-1.,0.,0.));
#9565=DIRECTION('',(0.301511344577764,0.301511344577764,0.904534033733291));
#9566=DIRECTION('center_axis',(0.,0.948683298050513,0.316227766016839));
#9567=DIRECTION('ref_axis',(-5.80900982181058E-17,-0.316227766016839,0.948683298050513));
#9568=DIRECTION('',(1.,0.,0.));
#9569=DIRECTION('',(0.301511344577765,0.301511344577765,-0.90453403373329));
#9570=DIRECTION('center_axis',(0.,0.,1.));
#9571=DIRECTION('ref_axis',(-1.,0.,0.));
#9572=DIRECTION('',(0.,-1.,0.));
#9573=DIRECTION('',(1.48425538051491E-17,1.,0.));
#9574=DIRECTION('center_axis',(0.948683298050513,0.,0.316227766016839));
#9575=DIRECTION('ref_axis',(-0.316227766016839,5.80900982181058E-17,0.948683298050513));
#9576=DIRECTION('center_axis',(-0.948683298050514,0.,0.316227766016838));
#9577=DIRECTION('ref_axis',(-0.316227766016838,-5.80900982181058E-17,-0.948683298050514));
#9578=DIRECTION('center_axis',(0.,0.,1.));
#9579=DIRECTION('ref_axis',(-1.,0.,0.));
#9580=DIRECTION('',(1.,0.,0.));
#9581=DIRECTION('center_axis',(0.,0.,1.));
#9582=DIRECTION('ref_axis',(-1.,0.,0.));
#9583=DIRECTION('center_axis',(0.,0.,1.));
#9584=DIRECTION('ref_axis',(-1.,0.,0.));
#9585=DIRECTION('',(0.,1.,0.));
#9586=DIRECTION('center_axis',(0.,0.,1.));
#9587=DIRECTION('ref_axis',(-1.,0.,0.));
#9588=DIRECTION('',(-1.,0.,0.));
#9589=DIRECTION('center_axis',(0.,0.,1.));
#9590=DIRECTION('ref_axis',(-1.,0.,0.));
#9591=DIRECTION('',(0.,-1.,0.));
#9592=DIRECTION('center_axis',(0.,0.,1.));
#9593=DIRECTION('ref_axis',(-1.,0.,0.));
#9594=DIRECTION('',(0.,1.,0.));
#9595=DIRECTION('center_axis',(0.,0.,1.));
#9596=DIRECTION('ref_axis',(-1.,0.,0.));
#9597=DIRECTION('center_axis',(0.,0.,1.));
#9598=DIRECTION('ref_axis',(-1.,0.,0.));
#9599=DIRECTION('',(-1.,0.,0.));
#9600=DIRECTION('center_axis',(0.,0.,1.));
#9601=DIRECTION('ref_axis',(-1.,0.,0.));
#9602=DIRECTION('',(0.,-1.,0.));
#9603=DIRECTION('center_axis',(0.,0.,1.));
#9604=DIRECTION('ref_axis',(-1.,0.,0.));
#9605=DIRECTION('',(1.,0.,0.));
#9606=DIRECTION('center_axis',(0.,1.,0.));
#9607=DIRECTION('ref_axis',(1.,0.,0.));
#9608=DIRECTION('center_axis',(0.,-1.,0.));
#9609=DIRECTION('ref_axis',(1.,0.,4.44089209850063E-16));
#9610=DIRECTION('',(0.,0.,1.));
#9611=DIRECTION('center_axis',(0.,1.,0.));
#9612=DIRECTION('ref_axis',(1.,0.,4.44089209850063E-16));
#9613=DIRECTION('center_axis',(0.,1.,0.));
#9614=DIRECTION('ref_axis',(1.,0.,0.));
#9615=DIRECTION('center_axis',(0.,1.,0.));
#9616=DIRECTION('ref_axis',(-2.22044604925031E-16,0.,-1.));
#9617=DIRECTION('',(0.,0.,-1.));
#9618=DIRECTION('center_axis',(0.,1.,0.));
#9619=DIRECTION('ref_axis',(-2.22044604925031E-16,0.,-1.));
#9620=DIRECTION('center_axis',(0.,1.,0.));
#9621=DIRECTION('ref_axis',(1.,0.,4.44089209850063E-16));
#9622=DIRECTION('center_axis',(0.,1.,0.));
#9623=DIRECTION('ref_axis',(1.,0.,4.44089209850063E-16));
#9624=DIRECTION('center_axis',(0.,1.,0.));
#9625=DIRECTION('ref_axis',(1.,0.,0.));
#9626=DIRECTION('',(0.,0.,1.));
#9627=DIRECTION('center_axis',(0.,1.,0.));
#9628=DIRECTION('ref_axis',(-2.22044604925031E-16,0.,-1.));
#9629=DIRECTION('center_axis',(0.,-1.,0.));
#9630=DIRECTION('ref_axis',(-2.22044604925031E-16,0.,-1.));
#9631=DIRECTION('center_axis',(0.,1.,0.));
#9632=DIRECTION('ref_axis',(1.,0.,0.));
#9633=DIRECTION('',(0.,0.,-1.));
#9634=DIRECTION('center_axis',(0.,0.,-1.));
#9635=DIRECTION('ref_axis',(-1.,0.,0.));
#9636=DIRECTION('',(0.,0.,1.));
#9637=DIRECTION('center_axis',(0.,0.,-1.));
#9638=DIRECTION('ref_axis',(-1.,0.,0.));
#9639=DIRECTION('',(0.,0.,-1.));
#9640=DIRECTION('',(0.,0.,-1.));
#9641=DIRECTION('center_axis',(-1.,0.,0.));
#9642=DIRECTION('ref_axis',(0.,1.,0.));
#9643=DIRECTION('',(0.,0.,-1.));
#9644=DIRECTION('center_axis',(0.,1.,0.));
#9645=DIRECTION('ref_axis',(1.,0.,0.));
#9646=DIRECTION('',(0.,0.,1.));
#9647=DIRECTION('center_axis',(-1.,0.,0.));
#9648=DIRECTION('ref_axis',(0.,0.,1.));
#9649=DIRECTION('',(0.,0.,-1.));
#9650=DIRECTION('center_axis',(0.,0.,-1.));
#9651=DIRECTION('ref_axis',(-1.,0.,0.));
#9652=DIRECTION('',(0.,0.,1.));
#9653=DIRECTION('center_axis',(0.,1.,0.));
#9654=DIRECTION('ref_axis',(1.,0.,0.));
#9655=DIRECTION('center_axis',(0.,-1.,0.));
#9656=DIRECTION('ref_axis',(-2.22044604925031E-16,0.,-1.));
#9657=DIRECTION('',(4.62592926927148E-17,0.,-1.));
#9658=DIRECTION('center_axis',(1.,0.,0.));
#9659=DIRECTION('ref_axis',(0.,-1.,0.));
#9660=DIRECTION('',(0.,0.,1.));
#9661=DIRECTION('center_axis',(1.,0.,4.62592926927148E-17));
#9662=DIRECTION('ref_axis',(4.62592926927148E-17,0.,-1.));
#9663=DIRECTION('',(0.,1.,0.));
#9664=DIRECTION('',(-4.62592926927148E-17,0.,1.));
#9665=DIRECTION('center_axis',(0.,1.,0.));
#9666=DIRECTION('ref_axis',(-2.22044604925031E-16,0.,-1.));
#9667=DIRECTION('center_axis',(0.,1.,0.));
#9668=DIRECTION('ref_axis',(-2.22044604925031E-16,0.,-1.));
#9669=DIRECTION('center_axis',(0.,1.,0.));
#9670=DIRECTION('ref_axis',(1.,0.,0.));
#9671=DIRECTION('center_axis',(0.,-1.,0.));
#9672=DIRECTION('ref_axis',(-1.,0.,0.));
#9673=DIRECTION('',(0.,0.,-1.));
#9674=DIRECTION('center_axis',(0.,0.,-1.));
#9675=DIRECTION('ref_axis',(-1.,0.,0.));
#9676=DIRECTION('',(0.,0.,1.));
#9677=DIRECTION('center_axis',(-1.,0.,0.));
#9678=DIRECTION('ref_axis',(0.,1.,0.));
#9679=DIRECTION('',(0.,0.,1.));
#9680=DIRECTION('',(0.,0.,-1.));
#9681=DIRECTION('center_axis',(0.,0.,-1.));
#9682=DIRECTION('ref_axis',(-1.,0.,0.));
#9683=DIRECTION('center_axis',(0.,1.,0.));
#9684=DIRECTION('ref_axis',(1.,0.,0.));
#9685=DIRECTION('',(0.,0.,-1.));
#9686=DIRECTION('center_axis',(0.,0.,-1.));
#9687=DIRECTION('ref_axis',(-1.,0.,0.));
#9688=DIRECTION('',(0.,0.,1.));
#9689=DIRECTION('center_axis',(1.,0.,0.));
#9690=DIRECTION('ref_axis',(0.,-1.,0.));
#9691=DIRECTION('center_axis',(0.,-1.,0.));
#9692=DIRECTION('ref_axis',(-1.,0.,0.));
#9693=DIRECTION('center_axis',(-1.,0.,0.));
#9694=DIRECTION('ref_axis',(0.,0.,1.));
#9695=DIRECTION('',(0.,1.,0.));
#9696=DIRECTION('center_axis',(0.,1.,0.));
#9697=DIRECTION('ref_axis',(1.,0.,0.));
#9698=DIRECTION('',(0.,1.,0.));
#9699=DIRECTION('center_axis',(0.,0.,1.));
#9700=DIRECTION('ref_axis',(1.,0.,0.));
#9701=DIRECTION('',(0.,1.,0.));
#9702=DIRECTION('center_axis',(0.,1.,0.));
#9703=DIRECTION('ref_axis',(0.,0.,-1.));
#9704=DIRECTION('',(0.,1.,0.));
#9705=DIRECTION('center_axis',(1.,0.,0.));
#9706=DIRECTION('ref_axis',(0.,0.,-1.));
#9707=DIRECTION('center_axis',(-1.,0.,0.));
#9708=DIRECTION('ref_axis',(0.,0.,1.));
#9709=DIRECTION('',(0.,1.,0.));
#9710=DIRECTION('',(0.,0.,-1.));
#9711=DIRECTION('center_axis',(0.,1.,0.));
#9712=DIRECTION('ref_axis',(1.,0.,0.));
#9713=DIRECTION('',(0.,1.,0.));
#9714=DIRECTION('center_axis',(0.,1.,0.));
#9715=DIRECTION('ref_axis',(1.,0.,0.));
#9716=DIRECTION('center_axis',(0.,0.,1.));
#9717=DIRECTION('ref_axis',(1.,0.,0.));
#9718=DIRECTION('',(0.,1.,0.));
#9719=DIRECTION('',(-1.,0.,0.));
#9720=DIRECTION('center_axis',(0.,1.,0.));
#9721=DIRECTION('ref_axis',(0.,0.,-1.));
#9722=DIRECTION('',(0.,1.,0.));
#9723=DIRECTION('center_axis',(0.,1.,0.));
#9724=DIRECTION('ref_axis',(0.,0.,-1.));
#9725=DIRECTION('center_axis',(1.,0.,0.));
#9726=DIRECTION('ref_axis',(0.,0.,-1.));
#9727=DIRECTION('',(0.,0.,1.));
#9728=DIRECTION('center_axis',(0.,1.,0.));
#9729=DIRECTION('ref_axis',(1.,0.,0.));
#9730=DIRECTION('',(0.,0.,1.));
#9731=DIRECTION('',(1.,0.,0.));
#9732=DIRECTION('',(0.,0.,1.));
#9733=DIRECTION('',(1.,0.,0.));
#9734=CARTESIAN_POINT('',(0.,0.,0.));
#9735=CARTESIAN_POINT('',(0.,0.,0.));
#9736=CARTESIAN_POINT('Origin',(27.8287114672444,65.4757411552699,0.));
#9737=CARTESIAN_POINT('',(26.1474296431324,66.0495033718379,0.));
#9738=CARTESIAN_POINT('',(29.5099932913563,64.9019789387019,0.));
#9739=CARTESIAN_POINT('Origin',(27.8287114672444,65.4757411552699,0.));
#9740=CARTESIAN_POINT('',(29.5099932913563,64.9019789387019,0.32));
#9741=CARTESIAN_POINT('',(29.5099932913563,64.9019789387019,0.));
#9742=CARTESIAN_POINT('',(26.1474296431324,66.0495033718379,0.32));
#9743=CARTESIAN_POINT('Origin',(27.8287114672444,65.4757411552699,0.32));
#9744=CARTESIAN_POINT('',(26.1474296431324,66.0495033718379,0.));
#9745=CARTESIAN_POINT('Origin',(30.9496982912405,80.1272160315579,0.));
#9746=CARTESIAN_POINT('',(30.9496988467226,80.1272158420687,0.));
#9747=CARTESIAN_POINT('',(26.1474296431324,66.0495033718379,0.));
#9748=CARTESIAN_POINT('',(30.9496988467226,80.1272158420687,0.32));
#9749=CARTESIAN_POINT('',(26.1474296431324,66.0495033718379,0.32));
#9750=CARTESIAN_POINT('',(30.9496988467226,80.1272158420687,0.));
#9751=CARTESIAN_POINT('Origin',(32.6308599435346,79.5533372104772,0.));
#9752=CARTESIAN_POINT('',(33.2047405152104,81.2344976450237,0.));
#9753=CARTESIAN_POINT('Origin',(32.6308599435346,79.5533372104772,0.));
#9754=CARTESIAN_POINT('',(33.2047405152104,81.2344976450237,0.32));
#9755=CARTESIAN_POINT('Origin',(32.6308599435346,79.5533372104772,0.32));
#9756=CARTESIAN_POINT('',(33.2047405152104,81.2344976450237,0.));
#9757=CARTESIAN_POINT('Origin',(32.6312880305541,79.5531905195196,0.));
#9758=CARTESIAN_POINT('',(34.3124981169484,78.9794536043437,0.));
#9759=CARTESIAN_POINT('Origin',(32.6312880305541,79.5531905195196,0.));
#9760=CARTESIAN_POINT('',(34.3124981169484,78.9794536043437,0.32));
#9761=CARTESIAN_POINT('Origin',(32.6312880305541,79.5531905195196,0.32));
#9762=CARTESIAN_POINT('',(34.3124981169484,78.9794536043437,0.));
#9763=CARTESIAN_POINT('Origin',(29.5099932913563,64.9019789387019,0.));
#9764=CARTESIAN_POINT('',(34.3124981169484,78.9794536043437,0.));
#9765=CARTESIAN_POINT('',(34.3124981169484,78.9794536043437,0.32));
#9766=CARTESIAN_POINT('Origin',(30.2299617164837,72.5145008570016,0.));
#9767=CARTESIAN_POINT('Origin',(30.2299617164837,72.5145008570016,0.32));
#9768=CARTESIAN_POINT('Origin',(37.0019996504567,65.340723960522,0.));
#9769=CARTESIAN_POINT('',(35.3207178263447,65.91448617709,0.));
#9770=CARTESIAN_POINT('',(38.6832814745686,64.766961743954,0.));
#9771=CARTESIAN_POINT('Origin',(37.0019996504567,65.340723960522,0.));
#9772=CARTESIAN_POINT('',(38.6832814745686,64.766961743954,0.32));
#9773=CARTESIAN_POINT('',(38.6832814745686,64.766961743954,0.));
#9774=CARTESIAN_POINT('',(35.3207178263447,65.91448617709,0.32));
#9775=CARTESIAN_POINT('Origin',(37.0019996504567,65.340723960522,0.32));
#9776=CARTESIAN_POINT('',(35.3207178263447,65.91448617709,0.));
#9777=CARTESIAN_POINT('Origin',(40.1232244686341,79.9919617509534,0.));
#9778=CARTESIAN_POINT('',(40.1232252822585,79.9919614733868,0.));
#9779=CARTESIAN_POINT('',(35.3207178263447,65.91448617709,0.));
#9780=CARTESIAN_POINT('',(40.1232252822585,79.9919614733868,0.32));
#9781=CARTESIAN_POINT('',(35.3207178263447,65.91448617709,0.32));
#9782=CARTESIAN_POINT('',(40.1232252822585,79.9919614733868,0.));
#9783=CARTESIAN_POINT('Origin',(41.8043861209409,79.41808292991,0.));
#9784=CARTESIAN_POINT('',(42.3782685093663,81.0992424560817,0.));
#9785=CARTESIAN_POINT('Origin',(41.8043861209409,79.41808292991,0.));
#9786=CARTESIAN_POINT('',(42.3782685093663,81.0992424560817,0.32));
#9787=CARTESIAN_POINT('Origin',(41.8043861209409,79.41808292991,0.32));
#9788=CARTESIAN_POINT('',(42.3782685093663,81.0992424560817,0.));
#9789=CARTESIAN_POINT('Origin',(41.8047416604507,79.4179606962323,0.));
#9790=CARTESIAN_POINT('',(43.4860242943547,78.8444364095958,0.));
#9791=CARTESIAN_POINT('Origin',(41.8047416604507,79.4179606962323,0.));
#9792=CARTESIAN_POINT('',(43.4860242943547,78.8444364095958,0.32));
#9793=CARTESIAN_POINT('Origin',(41.8047416604507,79.4179606962323,0.32));
#9794=CARTESIAN_POINT('',(43.4860242943547,78.8444364095958,0.));
#9795=CARTESIAN_POINT('Origin',(38.6832814745686,64.766961743954,0.));
#9796=CARTESIAN_POINT('',(43.4860242943547,78.8444364095958,0.));
#9797=CARTESIAN_POINT('',(43.4860242943547,78.8444364095958,0.32));
#9798=CARTESIAN_POINT('Origin',(39.4033326230381,72.3793649829668,0.));
#9799=CARTESIAN_POINT('Origin',(39.4033326230381,72.3793649829668,0.32));
#9800=CARTESIAN_POINT('Origin',(35.9893743233464,74.6686774851115,0.));
#9801=CARTESIAN_POINT('',(35.9893743233464,74.6686774851115,0.));
#9802=CARTESIAN_POINT('',(34.7368363146565,78.7472820926936,0.));
#9803=CARTESIAN_POINT('',(35.9893743233464,74.6686774851115,0.));
#9804=CARTESIAN_POINT('',(34.7368363146565,78.7472820926936,0.32));
#9805=CARTESIAN_POINT('',(34.7368363146565,78.7472820926936,0.));
#9806=CARTESIAN_POINT('',(35.9893743233464,74.6686774851115,0.32));
#9807=CARTESIAN_POINT('',(35.9893743233464,74.6686774851115,0.32));
#9808=CARTESIAN_POINT('',(35.9893743233464,74.6686774851115,0.));
#9809=CARTESIAN_POINT('Origin',(33.3621418814442,74.7198734880717,0.));
#9810=CARTESIAN_POINT('',(33.3621418814442,74.7198734880717,0.));
#9811=CARTESIAN_POINT('',(33.3621418814442,74.7198734880717,0.));
#9812=CARTESIAN_POINT('',(33.3621418814442,74.7198734880717,0.32));
#9813=CARTESIAN_POINT('',(33.3621418814442,74.7198734880717,0.32));
#9814=CARTESIAN_POINT('',(33.3621418814442,74.7198734880717,0.));
#9815=CARTESIAN_POINT('Origin',(34.7368363146565,78.7472820926936,0.));
#9816=CARTESIAN_POINT('',(34.7368363146565,78.7472820926936,0.));
#9817=CARTESIAN_POINT('',(34.7368363146565,78.7472820926936,0.32));
#9818=CARTESIAN_POINT('Origin',(34.6757581023953,76.7079797889026,0.));
#9819=CARTESIAN_POINT('Origin',(34.6757581023953,76.7079797889026,0.32));
#9820=CARTESIAN_POINT('Origin',(21.7647402171872,79.1718591929706,0.));
#9821=CARTESIAN_POINT('',(21.7647402171872,79.1718591929706,0.));
#9822=CARTESIAN_POINT('',(22.3433840398572,77.2897184444698,0.));
#9823=CARTESIAN_POINT('',(21.7647402171872,79.1718591929706,0.));
#9824=CARTESIAN_POINT('',(22.3433840398572,77.2897184444698,0.32));
#9825=CARTESIAN_POINT('',(22.3433840398572,77.2897184444698,0.));
#9826=CARTESIAN_POINT('',(21.7647402171872,79.1718591929706,0.32));
#9827=CARTESIAN_POINT('',(21.7647402171872,79.1718591929706,0.32));
#9828=CARTESIAN_POINT('',(21.7647402171872,79.1718591929706,0.));
#9829=CARTESIAN_POINT('Origin',(23.4588713874529,79.7070292521082,0.));
#9830=CARTESIAN_POINT('',(25.1611172084591,80.2157989240916,0.));
#9831=CARTESIAN_POINT('Origin',(23.4588713874529,79.7070292521082,0.));
#9832=CARTESIAN_POINT('',(25.1611172084591,80.2157989240916,0.32));
#9833=CARTESIAN_POINT('Origin',(23.4588713874529,79.7070292521082,0.32));
#9834=CARTESIAN_POINT('',(25.1611172084591,80.2157989240916,0.));
#9835=CARTESIAN_POINT('Origin',(26.8110846285603,74.8463174415858,0.));
#9836=CARTESIAN_POINT('',(26.8110846285603,74.8463174415858,0.));
#9837=CARTESIAN_POINT('',(26.8110846285603,74.8463174415858,0.));
#9838=CARTESIAN_POINT('',(26.8110846285603,74.8463174415858,0.32));
#9839=CARTESIAN_POINT('',(26.8110846285603,74.8463174415858,0.32));
#9840=CARTESIAN_POINT('',(26.8110846285603,74.8463174415858,0.));
#9841=CARTESIAN_POINT('Origin',(24.7532087855122,74.8860842729839,0.));
#9842=CARTESIAN_POINT('',(24.7532087855122,74.8860842729839,0.));
#9843=CARTESIAN_POINT('',(24.7532087855122,74.8860842729839,0.));
#9844=CARTESIAN_POINT('',(24.7532087855122,74.8860842729839,0.32));
#9845=CARTESIAN_POINT('',(24.7532087855122,74.8860842729839,0.32));
#9846=CARTESIAN_POINT('',(24.7532087855122,74.8860842729839,0.));
#9847=CARTESIAN_POINT('Origin',(20.7591817314109,73.2916032959279,0.));
#9848=CARTESIAN_POINT('Origin',(20.7591817314109,73.2916032959279,0.));
#9849=CARTESIAN_POINT('Origin',(20.7591817314109,73.2916032959279,0.32));
#9850=CARTESIAN_POINT('Origin',(24.2466526995943,78.1649986552593,0.));
#9851=CARTESIAN_POINT('Origin',(24.2466526995943,78.1649986552593,0.32));
#9852=CARTESIAN_POINT('Origin',(25.724283233144,66.2845326305659,0.));
#9853=CARTESIAN_POINT('',(25.724283233144,66.2845326305659,0.));
#9854=CARTESIAN_POINT('',(27.5087927679799,71.5156631828578,0.));
#9855=CARTESIAN_POINT('',(25.724283233144,66.2845326305659,0.));
#9856=CARTESIAN_POINT('',(27.5087927679799,71.5156631828578,0.32));
#9857=CARTESIAN_POINT('',(27.5087927679799,71.5156631828578,0.));
#9858=CARTESIAN_POINT('',(25.724283233144,66.2845326305659,0.32));
#9859=CARTESIAN_POINT('',(25.724283233144,66.2845326305659,0.32));
#9860=CARTESIAN_POINT('',(25.724283233144,66.2845326305659,0.));
#9861=CARTESIAN_POINT('Origin',(24.3093441633961,70.8898710752757,0.));
#9862=CARTESIAN_POINT('',(24.3093441633961,70.8898710752757,0.));
#9863=CARTESIAN_POINT('',(24.3093441633961,70.8898710752757,0.));
#9864=CARTESIAN_POINT('',(24.3093441633961,70.8898710752757,0.32));
#9865=CARTESIAN_POINT('',(24.3093441633961,70.8898710752757,0.32));
#9866=CARTESIAN_POINT('',(24.3093441633961,70.8898710752757,0.));
#9867=CARTESIAN_POINT('Ctrl Pts',(24.6889167432568,71.5704327322276,0.));
#9868=CARTESIAN_POINT('Ctrl Pts',(24.6889167432568,71.5704327322276,0.32));
#9869=CARTESIAN_POINT('Ctrl Pts',(24.5829511909268,71.3308797670634,0.));
#9870=CARTESIAN_POINT('Ctrl Pts',(24.5829511909268,71.3308797670634,0.32));
#9871=CARTESIAN_POINT('Ctrl Pts',(24.4555543522618,71.1037079502376,0.));
#9872=CARTESIAN_POINT('Ctrl Pts',(24.4555543522618,71.1037079502376,0.32));
#9873=CARTESIAN_POINT('Ctrl Pts',(24.3093441633961,70.8898710752757,0.));
#9874=CARTESIAN_POINT('Ctrl Pts',(24.3093441633961,70.8898710752757,0.32));
#9875=CARTESIAN_POINT('',(24.6889167432568,71.5704327322276,0.));
#9876=CARTESIAN_POINT('Ctrl Pts',(24.6889167432568,71.5704327322276,0.));
#9877=CARTESIAN_POINT('Ctrl Pts',(24.5829511909268,71.3308797670634,0.));
#9878=CARTESIAN_POINT('Ctrl Pts',(24.4555543522618,71.1037079502376,0.));
#9879=CARTESIAN_POINT('Ctrl Pts',(24.3093441633961,70.8898710752757,0.));
#9880=CARTESIAN_POINT('',(24.6889167432568,71.5704327322276,0.32));
#9881=CARTESIAN_POINT('Ctrl Pts',(24.6889167432568,71.5704327322276,0.32));
#9882=CARTESIAN_POINT('Ctrl Pts',(24.5829511909268,71.3308797670634,0.32));
#9883=CARTESIAN_POINT('Ctrl Pts',(24.4555543522618,71.1037079502376,0.32));
#9884=CARTESIAN_POINT('Ctrl Pts',(24.3093441633961,70.8898710752757,0.32));
#9885=CARTESIAN_POINT('',(24.6889167432568,71.5704327322276,0.));
#9886=CARTESIAN_POINT('Origin',(27.5087927679799,71.5156631828578,0.));
#9887=CARTESIAN_POINT('',(27.5087927679799,71.5156631828578,0.));
#9888=CARTESIAN_POINT('',(27.5087927679799,71.5156631828578,0.32));
#9889=CARTESIAN_POINT('Origin',(25.909068465688,68.9274826813968,0.));
#9890=CARTESIAN_POINT('Origin',(25.909068465688,68.9274826813968,0.32));
#9891=CARTESIAN_POINT('Origin',(33.2754647593281,71.4039839531215,0.));
#9892=CARTESIAN_POINT('',(33.2754647593281,71.4039839531215,0.));
#9893=CARTESIAN_POINT('',(34.8935236983082,66.1373722816737,0.));
#9894=CARTESIAN_POINT('',(33.2754647593281,71.4039839531215,0.));
#9895=CARTESIAN_POINT('',(34.8935236983082,66.1373722816737,0.32));
#9896=CARTESIAN_POINT('',(34.8935236983082,66.1373722816737,0.));
#9897=CARTESIAN_POINT('',(33.2754647593281,71.4039839531215,0.32));
#9898=CARTESIAN_POINT('',(33.2754647593281,71.4039839531215,0.32));
#9899=CARTESIAN_POINT('',(33.2754647593281,71.4039839531215,0.));
#9900=CARTESIAN_POINT('Origin',(36.668032026746,71.338497398022,0.));
#9901=CARTESIAN_POINT('',(36.668032026746,71.338497398022,0.));
#9902=CARTESIAN_POINT('',(36.668032026746,71.338497398022,0.));
#9903=CARTESIAN_POINT('',(36.668032026746,71.338497398022,0.32));
#9904=CARTESIAN_POINT('',(36.668032026746,71.338497398022,0.32));
#9905=CARTESIAN_POINT('',(36.668032026746,71.338497398022,0.));
#9906=CARTESIAN_POINT('Origin',(34.8935236983082,66.1373722816737,0.));
#9907=CARTESIAN_POINT('',(34.8935236983082,66.1373722816737,0.));
#9908=CARTESIAN_POINT('',(34.8935236983082,66.1373722816737,0.32));
#9909=CARTESIAN_POINT('Origin',(34.9717483930371,68.7706781173976,0.));
#9910=CARTESIAN_POINT('Origin',(34.9717483930371,68.7706781173976,0.32));
#9911=CARTESIAN_POINT('',(0.,0.,0.));
#9912=CARTESIAN_POINT('Ctrl Pts',(33.9952747369037,31.1354229152291,0.));
#9913=CARTESIAN_POINT('Ctrl Pts',(33.9952747369037,31.1354229152291,0.32));
#9914=CARTESIAN_POINT('Ctrl Pts',(35.0112878218184,31.1354229152291,0.));
#9915=CARTESIAN_POINT('Ctrl Pts',(35.0112878218184,31.1354229152291,0.32));
#9916=CARTESIAN_POINT('Ctrl Pts',(35.5997523186101,30.6033944569841,0.));
#9917=CARTESIAN_POINT('Ctrl Pts',(35.5997523186101,30.6033944569841,0.32));
#9918=CARTESIAN_POINT('',(35.5997523186101,30.6033944569841,0.));
#9919=CARTESIAN_POINT('',(33.9952747369037,31.1354229152291,0.));
#9920=CARTESIAN_POINT('Ctrl Pts',(35.5997523186101,30.6033944569841,0.));
#9921=CARTESIAN_POINT('Ctrl Pts',(35.0112878218184,31.1354229152291,0.));
#9922=CARTESIAN_POINT('Ctrl Pts',(33.9952747369037,31.1354229152291,0.));
#9923=CARTESIAN_POINT('',(35.5997523186101,30.6033944569841,0.32));
#9924=CARTESIAN_POINT('',(35.5997523186101,30.6033944569841,0.));
#9925=CARTESIAN_POINT('',(33.9952747369037,31.1354229152291,0.32));
#9926=CARTESIAN_POINT('Ctrl Pts',(33.9952747369037,31.1354229152291,0.32));
#9927=CARTESIAN_POINT('Ctrl Pts',(35.0112878218184,31.1354229152291,0.32));
#9928=CARTESIAN_POINT('Ctrl Pts',(35.5997523186101,30.6033944569841,0.32));
#9929=CARTESIAN_POINT('',(33.9952747369037,31.1354229152291,0.));
#9930=CARTESIAN_POINT('Origin',(33.8018650744081,31.1354229152291,0.));
#9931=CARTESIAN_POINT('',(33.8018650744081,31.1354229152291,0.));
#9932=CARTESIAN_POINT('',(33.8018650744081,31.1354229152291,0.));
#9933=CARTESIAN_POINT('',(33.8018650744081,31.1354229152291,0.32));
#9934=CARTESIAN_POINT('',(33.8018650744081,31.1354229152291,0.32));
#9935=CARTESIAN_POINT('',(33.8018650744081,31.1354229152291,0.));
#9936=CARTESIAN_POINT('Ctrl Pts',(32.197387386574,30.6033952982141,0.));
#9937=CARTESIAN_POINT('Ctrl Pts',(32.197387386574,30.6033952982141,0.32));
#9938=CARTESIAN_POINT('Ctrl Pts',(32.7860744331468,31.135171026934,0.));
#9939=CARTESIAN_POINT('Ctrl Pts',(32.7860744331468,31.135171026934,0.32));
#9940=CARTESIAN_POINT('Ctrl Pts',(33.8018650744081,31.1354229152291,0.));
#9941=CARTESIAN_POINT('Ctrl Pts',(33.8018650744081,31.1354229152291,0.32));
#9942=CARTESIAN_POINT('',(32.197387386574,30.6033952982141,0.));
#9943=CARTESIAN_POINT('Ctrl Pts',(33.8018650744081,31.1354229152291,0.));
#9944=CARTESIAN_POINT('Ctrl Pts',(32.7860744331468,31.135171026934,0.));
#9945=CARTESIAN_POINT('Ctrl Pts',(32.197387386574,30.6033952982141,0.));
#9946=CARTESIAN_POINT('',(32.197387386574,30.6033952982141,0.32));
#9947=CARTESIAN_POINT('Ctrl Pts',(32.197387386574,30.6033952982141,0.32));
#9948=CARTESIAN_POINT('Ctrl Pts',(32.7860744331468,31.135171026934,0.32));
#9949=CARTESIAN_POINT('Ctrl Pts',(33.8018650744081,31.1354229152291,0.32));
#9950=CARTESIAN_POINT('',(32.197387386574,30.6033952982141,0.));
#9951=CARTESIAN_POINT('Ctrl Pts',(31.6087005522566,29.1842327287761,0.));
#9952=CARTESIAN_POINT('Ctrl Pts',(31.6087005522566,29.1842327287761,0.32));
#9953=CARTESIAN_POINT('Ctrl Pts',(31.6087005522566,30.0713659987391,0.));
#9954=CARTESIAN_POINT('Ctrl Pts',(31.6087005522566,30.0713659987391,0.32));
#9955=CARTESIAN_POINT('Ctrl Pts',(32.197387386574,30.6033952982141,0.));
#9956=CARTESIAN_POINT('Ctrl Pts',(32.197387386574,30.6033952982141,0.32));
#9957=CARTESIAN_POINT('',(31.6087005522566,29.1842327287761,0.));
#9958=CARTESIAN_POINT('Ctrl Pts',(32.197387386574,30.6033952982141,0.));
#9959=CARTESIAN_POINT('Ctrl Pts',(31.6087005522566,30.0713659987391,0.));
#9960=CARTESIAN_POINT('Ctrl Pts',(31.6087005522566,29.1842327287761,0.));
#9961=CARTESIAN_POINT('',(31.6087005522566,29.1842327287761,0.32));
#9962=CARTESIAN_POINT('Ctrl Pts',(31.6087005522566,29.1842327287761,0.32));
#9963=CARTESIAN_POINT('Ctrl Pts',(31.6087005522566,30.0713659987391,0.32));
#9964=CARTESIAN_POINT('Ctrl Pts',(32.197387386574,30.6033952982141,0.32));
#9965=CARTESIAN_POINT('',(31.6087005522566,29.1842327287761,0.));
#9966=CARTESIAN_POINT('Ctrl Pts',(32.1973874927017,27.7653228888632,0.));
#9967=CARTESIAN_POINT('Ctrl Pts',(32.1973874927017,27.7653228888632,0.32));
#9968=CARTESIAN_POINT('Ctrl Pts',(31.6087005522566,28.2970994588132,0.));
#9969=CARTESIAN_POINT('Ctrl Pts',(31.6087005522566,28.2970994588132,0.32));
#9970=CARTESIAN_POINT('Ctrl Pts',(31.6087005522566,29.1842327287761,0.));
#9971=CARTESIAN_POINT('Ctrl Pts',(31.6087005522566,29.1842327287761,0.32));
#9972=CARTESIAN_POINT('',(32.1973874927017,27.7653228888632,0.));
#9973=CARTESIAN_POINT('Ctrl Pts',(31.6087005522566,29.1842327287761,0.));
#9974=CARTESIAN_POINT('Ctrl Pts',(31.6087005522566,28.2970994588132,0.));
#9975=CARTESIAN_POINT('Ctrl Pts',(32.1973874927017,27.7653228888632,0.));
#9976=CARTESIAN_POINT('',(32.1973874927017,27.7653228888632,0.32));
#9977=CARTESIAN_POINT('Ctrl Pts',(32.1973874927017,27.7653228888632,0.32));
#9978=CARTESIAN_POINT('Ctrl Pts',(31.6087005522566,28.2970994588132,0.32));
#9979=CARTESIAN_POINT('Ctrl Pts',(31.6087005522566,29.1842327287761,0.32));
#9980=CARTESIAN_POINT('',(32.1973874927017,27.7653228888632,0.));
#9981=CARTESIAN_POINT('Ctrl Pts',(33.8018650744081,27.2330425423232,0.));
#9982=CARTESIAN_POINT('Ctrl Pts',(33.8018650744081,27.2330425423232,0.32));
#9983=CARTESIAN_POINT('Ctrl Pts',(32.7860744331468,27.2330425423232,0.));
#9984=CARTESIAN_POINT('Ctrl Pts',(32.7860744331468,27.2330425423232,0.32));
#9985=CARTESIAN_POINT('Ctrl Pts',(32.1973874927017,27.7653228888632,0.));
#9986=CARTESIAN_POINT('Ctrl Pts',(32.1973874927017,27.7653228888632,0.32));
#9987=CARTESIAN_POINT('',(33.8018650744081,27.2330425423232,0.));
#9988=CARTESIAN_POINT('Ctrl Pts',(32.1973874927017,27.7653228888632,0.));
#9989=CARTESIAN_POINT('Ctrl Pts',(32.7860744331468,27.2330425423232,0.));
#9990=CARTESIAN_POINT('Ctrl Pts',(33.8018650744081,27.2330425423232,0.));
#9991=CARTESIAN_POINT('',(33.8018650744081,27.2330425423232,0.32));
#9992=CARTESIAN_POINT('Ctrl Pts',(33.8018650744081,27.2330425423232,0.32));
#9993=CARTESIAN_POINT('Ctrl Pts',(32.7860744331468,27.2330425423232,0.32));
#9994=CARTESIAN_POINT('Ctrl Pts',(32.1973874927017,27.7653228888632,0.32));
#9995=CARTESIAN_POINT('',(33.8018650744081,27.2330425423232,0.));
#9996=CARTESIAN_POINT('Origin',(33.9952747369037,27.2330425423232,0.));
#9997=CARTESIAN_POINT('',(33.9952747369037,27.2330425423232,0.));
#9998=CARTESIAN_POINT('',(33.9952747369037,27.2330425423232,0.));
#9999=CARTESIAN_POINT('',(33.9952747369037,27.2330425423232,0.32));
#10000=CARTESIAN_POINT('',(33.9952747369037,27.2330425423232,0.32));
#10001=CARTESIAN_POINT('',(33.9952747369037,27.2330425423232,0.));
#10002=CARTESIAN_POINT('Ctrl Pts',(35.5997523186101,27.7653228888632,0.));
#10003=CARTESIAN_POINT('Ctrl Pts',(35.5997523186101,27.7653228888632,0.32));
#10004=CARTESIAN_POINT('Ctrl Pts',(35.011065378165,27.2330425423232,0.));
#10005=CARTESIAN_POINT('Ctrl Pts',(35.011065378165,27.2330425423232,0.32));
#10006=CARTESIAN_POINT('Ctrl Pts',(33.9952747369037,27.2330425423232,0.));
#10007=CARTESIAN_POINT('Ctrl Pts',(33.9952747369037,27.2330425423232,0.32));
#10008=CARTESIAN_POINT('',(35.5997523186101,27.7653228888632,0.));
#10009=CARTESIAN_POINT('Ctrl Pts',(33.9952747369037,27.2330425423232,0.));
#10010=CARTESIAN_POINT('Ctrl Pts',(35.011065378165,27.2330425423232,0.));
#10011=CARTESIAN_POINT('Ctrl Pts',(35.5997523186101,27.7653228888632,0.));
#10012=CARTESIAN_POINT('',(35.5997523186101,27.7653228888632,0.32));
#10013=CARTESIAN_POINT('Ctrl Pts',(35.5997523186101,27.7653228888632,0.32));
#10014=CARTESIAN_POINT('Ctrl Pts',(35.011065378165,27.2330425423232,0.32));
#10015=CARTESIAN_POINT('Ctrl Pts',(33.9952747369037,27.2330425423232,0.32));
#10016=CARTESIAN_POINT('',(35.5997523186101,27.7653228888632,0.));
#10017=CARTESIAN_POINT('Ctrl Pts',(36.1882168154018,29.1842327287761,0.));
#10018=CARTESIAN_POINT('Ctrl Pts',(36.1882168154018,29.1842327287761,0.32));
#10019=CARTESIAN_POINT('Ctrl Pts',(36.1882168154018,28.2970994588132,0.));
#10020=CARTESIAN_POINT('Ctrl Pts',(36.1882168154018,28.2970994588132,0.32));
#10021=CARTESIAN_POINT('Ctrl Pts',(35.5997523186101,27.7653228888632,0.));
#10022=CARTESIAN_POINT('Ctrl Pts',(35.5997523186101,27.7653228888632,0.32));
#10023=CARTESIAN_POINT('',(36.1882168154018,29.1842327287761,0.));
#10024=CARTESIAN_POINT('Ctrl Pts',(35.5997523186101,27.7653228888632,0.));
#10025=CARTESIAN_POINT('Ctrl Pts',(36.1882168154018,28.2970994588132,0.));
#10026=CARTESIAN_POINT('Ctrl Pts',(36.1882168154018,29.1842327287761,0.));
#10027=CARTESIAN_POINT('',(36.1882168154018,29.1842327287761,0.32));
#10028=CARTESIAN_POINT('Ctrl Pts',(36.1882168154018,29.1842327287761,0.32));
#10029=CARTESIAN_POINT('Ctrl Pts',(36.1882168154018,28.2970994588132,0.32));
#10030=CARTESIAN_POINT('Ctrl Pts',(35.5997523186101,27.7653228888632,0.32));
#10031=CARTESIAN_POINT('',(36.1882168154018,29.1842327287761,0.));
#10032=CARTESIAN_POINT('Ctrl Pts',(35.5997523186101,30.6033944569841,0.));
#10033=CARTESIAN_POINT('Ctrl Pts',(35.5997523186101,30.6033944569841,0.32));
#10034=CARTESIAN_POINT('Ctrl Pts',(36.1882168154018,30.0713659987391,0.));
#10035=CARTESIAN_POINT('Ctrl Pts',(36.1882168154018,30.0713659987391,0.32));
#10036=CARTESIAN_POINT('Ctrl Pts',(36.1882168154018,29.1842327287761,0.));
#10037=CARTESIAN_POINT('Ctrl Pts',(36.1882168154018,29.1842327287761,0.32));
#10038=CARTESIAN_POINT('Ctrl Pts',(36.1882168154018,29.1842327287761,0.));
#10039=CARTESIAN_POINT('Ctrl Pts',(36.1882168154018,30.0713659987391,0.));
#10040=CARTESIAN_POINT('Ctrl Pts',(35.5997523186101,30.6033944569841,0.));
#10041=CARTESIAN_POINT('Ctrl Pts',(35.5997523186101,30.6033944569841,0.32));
#10042=CARTESIAN_POINT('Ctrl Pts',(36.1882168154018,30.0713659987391,0.32));
#10043=CARTESIAN_POINT('Ctrl Pts',(36.1882168154018,29.1842327287761,0.32));
#10044=CARTESIAN_POINT('Origin',(36.7366185310002,27.0878779719016,0.));
#10045=CARTESIAN_POINT('',(36.7366185310002,27.0878779719016,0.));
#10046=CARTESIAN_POINT('',(36.7366185310002,27.3782109583676,0.));
#10047=CARTESIAN_POINT('',(36.7366185310002,27.0878779719016,0.));
#10048=CARTESIAN_POINT('',(36.7366185310002,27.3782109583676,0.32));
#10049=CARTESIAN_POINT('',(36.7366185310002,27.3782109583676,0.));
#10050=CARTESIAN_POINT('',(36.7366185310002,27.0878779719016,0.32));
#10051=CARTESIAN_POINT('',(36.7366185310002,27.0878779719016,0.32));
#10052=CARTESIAN_POINT('',(36.7366185310002,27.0878779719016,0.));
#10053=CARTESIAN_POINT('Ctrl Pts',(37.567011726396,26.7413412078391,0.));
#10054=CARTESIAN_POINT('Ctrl Pts',(37.567011726396,26.7413412078391,0.32));
#10055=CARTESIAN_POINT('Ctrl Pts',(37.23650121049,27.0878779719016,0.));
#10056=CARTESIAN_POINT('Ctrl Pts',(37.23650121049,27.0878779719016,0.32));
#10057=CARTESIAN_POINT('Ctrl Pts',(36.7366185310002,27.0878779719016,0.));
#10058=CARTESIAN_POINT('Ctrl Pts',(36.7366185310002,27.0878779719016,0.32));
#10059=CARTESIAN_POINT('',(37.567011726396,26.7413412078391,0.));
#10060=CARTESIAN_POINT('Ctrl Pts',(37.567011726396,26.7413412078391,0.));
#10061=CARTESIAN_POINT('Ctrl Pts',(37.23650121049,27.0878779719016,0.));
#10062=CARTESIAN_POINT('Ctrl Pts',(36.7366185310002,27.0878779719016,0.));
#10063=CARTESIAN_POINT('',(37.567011726396,26.7413412078391,0.32));
#10064=CARTESIAN_POINT('Ctrl Pts',(37.567011726396,26.7413412078391,0.32));
#10065=CARTESIAN_POINT('Ctrl Pts',(37.23650121049,27.0878779719016,0.32));
#10066=CARTESIAN_POINT('Ctrl Pts',(36.7366185310002,27.0878779719016,0.32));
#10067=CARTESIAN_POINT('',(37.567011726396,26.7413412078391,0.));
#10068=CARTESIAN_POINT('Ctrl Pts',(37.8975222423019,25.8463955551059,0.));
#10069=CARTESIAN_POINT('Ctrl Pts',(37.8975222423019,25.8463955551059,0.32));
#10070=CARTESIAN_POINT('Ctrl Pts',(37.8975222423019,26.3945544782929,0.));
#10071=CARTESIAN_POINT('Ctrl Pts',(37.8975222423019,26.3945544782929,0.32));
#10072=CARTESIAN_POINT('Ctrl Pts',(37.567011726396,26.7413412078391,0.));
#10073=CARTESIAN_POINT('Ctrl Pts',(37.567011726396,26.7413412078391,0.32));
#10074=CARTESIAN_POINT('',(37.8975222423019,25.8463955551059,0.));
#10075=CARTESIAN_POINT('Ctrl Pts',(37.8975222423019,25.8463955551059,0.));
#10076=CARTESIAN_POINT('Ctrl Pts',(37.8975222423019,26.3945544782929,0.));
#10077=CARTESIAN_POINT('Ctrl Pts',(37.567011726396,26.7413412078391,0.));
#10078=CARTESIAN_POINT('',(37.8975222423019,25.8463955551059,0.32));
#10079=CARTESIAN_POINT('Ctrl Pts',(37.8975222423019,25.8463955551059,0.32));
#10080=CARTESIAN_POINT('Ctrl Pts',(37.8975222423019,26.3945544782929,0.32));
#10081=CARTESIAN_POINT('Ctrl Pts',(37.567011726396,26.7413412078391,0.32));
#10082=CARTESIAN_POINT('',(37.8975222423019,25.8463955551059,0.));
#10083=CARTESIAN_POINT('Origin',(37.8975222423019,24.4594909111592,0.));
#10084=CARTESIAN_POINT('',(37.8975222423019,24.4594909111592,0.));
#10085=CARTESIAN_POINT('',(37.8975222423019,24.4594909111592,0.));
#10086=CARTESIAN_POINT('',(37.8975222423019,24.4594909111592,0.32));
#10087=CARTESIAN_POINT('',(37.8975222423019,24.4594909111592,0.32));
#10088=CARTESIAN_POINT('',(37.8975222423019,24.4594909111592,0.));
#10089=CARTESIAN_POINT('Origin',(35.9625341446896,24.4594909111592,0.));
#10090=CARTESIAN_POINT('',(35.9625341446896,24.4594909111592,0.));
#10091=CARTESIAN_POINT('',(35.9625341446896,24.4594909111592,0.));
#10092=CARTESIAN_POINT('',(35.9625341446896,24.4594909111592,0.32));
#10093=CARTESIAN_POINT('',(35.9625341446896,24.4594909111592,0.32));
#10094=CARTESIAN_POINT('',(35.9625341446896,24.4594909111592,0.));
#10095=CARTESIAN_POINT('Origin',(35.9625341446896,24.7659562853787,0.));
#10096=CARTESIAN_POINT('',(35.9625341446896,24.7659562853787,0.));
#10097=CARTESIAN_POINT('',(35.9625341446896,24.7659562853787,0.));
#10098=CARTESIAN_POINT('',(35.9625341446896,24.7659562853787,0.32));
#10099=CARTESIAN_POINT('',(35.9625341446896,24.7659562853787,0.32));
#10100=CARTESIAN_POINT('',(35.9625341446896,24.7659562853787,0.));
#10101=CARTESIAN_POINT('Ctrl Pts',(35.4788983421132,25.2012077224055,0.));
#10102=CARTESIAN_POINT('Ctrl Pts',(35.4788983421132,25.2012077224055,0.32));
#10103=CARTESIAN_POINT('Ctrl Pts',(35.9625341446896,25.2012077224055,0.));
#10104=CARTESIAN_POINT('Ctrl Pts',(35.9625341446896,25.2012077224055,0.32));
#10105=CARTESIAN_POINT('Ctrl Pts',(35.9625341446896,24.7659562853787,0.));
#10106=CARTESIAN_POINT('Ctrl Pts',(35.9625341446896,24.7659562853787,0.32));
#10107=CARTESIAN_POINT('',(35.4788983421132,25.2012077224055,0.));
#10108=CARTESIAN_POINT('Ctrl Pts',(35.4788983421132,25.2012077224055,0.));
#10109=CARTESIAN_POINT('Ctrl Pts',(35.9625341446896,25.2012077224055,0.));
#10110=CARTESIAN_POINT('Ctrl Pts',(35.9625341446896,24.7659562853787,0.));
#10111=CARTESIAN_POINT('',(35.4788983421132,25.2012077224055,0.32));
#10112=CARTESIAN_POINT('Ctrl Pts',(35.4788983421132,25.2012077224055,0.32));
#10113=CARTESIAN_POINT('Ctrl Pts',(35.9625341446896,25.2012077224055,0.32));
#10114=CARTESIAN_POINT('Ctrl Pts',(35.9625341446896,24.7659562853787,0.32));
#10115=CARTESIAN_POINT('',(35.4788983421132,25.2012077224055,0.));
#10116=CARTESIAN_POINT('Origin',(29.8993936395687,25.2012077224055,0.));
#10117=CARTESIAN_POINT('',(29.8993936395687,25.2012077224055,0.));
#10118=CARTESIAN_POINT('',(29.8993936395687,25.2012077224055,0.));
#10119=CARTESIAN_POINT('',(29.8993936395687,25.2012077224055,0.32));
#10120=CARTESIAN_POINT('',(29.8993936395687,25.2012077224055,0.32));
#10121=CARTESIAN_POINT('',(29.8993936395687,25.2012077224055,0.));
#10122=CARTESIAN_POINT('Origin',(29.8993936395687,27.233046387946,0.));
#10123=CARTESIAN_POINT('',(29.8993936395687,27.233046387946,0.));
#10124=CARTESIAN_POINT('',(29.8993936395687,27.233046387946,0.));
#10125=CARTESIAN_POINT('',(29.8993936395687,27.233046387946,0.32));
#10126=CARTESIAN_POINT('',(29.8993936395687,27.233046387946,0.32));
#10127=CARTESIAN_POINT('',(29.8993936395687,27.233046387946,0.));
#10128=CARTESIAN_POINT('Origin',(30.8668874761195,27.233046387946,0.));
#10129=CARTESIAN_POINT('',(30.8668874761195,27.233046387946,0.));
#10130=CARTESIAN_POINT('',(30.8668874761195,27.233046387946,0.));
#10131=CARTESIAN_POINT('',(30.8668874761195,27.233046387946,0.32));
#10132=CARTESIAN_POINT('',(30.8668874761195,27.233046387946,0.32));
#10133=CARTESIAN_POINT('',(30.8668874761195,27.233046387946,0.));
#10134=CARTESIAN_POINT('Origin',(30.8668872638641,27.5233788937092,0.));
#10135=CARTESIAN_POINT('',(30.8668872638641,27.5233788937092,0.));
#10136=CARTESIAN_POINT('',(30.8668872638641,27.5233788937092,0.));
#10137=CARTESIAN_POINT('',(30.8668872638641,27.5233788937092,0.32));
#10138=CARTESIAN_POINT('',(30.8668872638641,27.5233788937092,0.32));
#10139=CARTESIAN_POINT('',(30.8668872638641,27.5233788937092,0.));
#10140=CARTESIAN_POINT('Ctrl Pts',(29.9639373211927,28.3538070129998,0.));
#10141=CARTESIAN_POINT('Ctrl Pts',(29.9639373211927,28.3538070129998,0.32));
#10142=CARTESIAN_POINT('Ctrl Pts',(30.2541630367627,27.8298447486316,0.));
#10143=CARTESIAN_POINT('Ctrl Pts',(30.2541630367627,27.8298447486316,0.32));
#10144=CARTESIAN_POINT('Ctrl Pts',(30.8668872638641,27.5233788937092,0.));
#10145=CARTESIAN_POINT('Ctrl Pts',(30.8668872638641,27.5233788937092,0.32));
#10146=CARTESIAN_POINT('',(29.9639373211927,28.3538070129998,0.));
#10147=CARTESIAN_POINT('Ctrl Pts',(29.9639373211927,28.3538070129998,0.));
#10148=CARTESIAN_POINT('Ctrl Pts',(30.2541630367627,27.8298447486316,0.));
#10149=CARTESIAN_POINT('Ctrl Pts',(30.8668872638641,27.5233788937092,0.));
#10150=CARTESIAN_POINT('',(29.9639373211927,28.3538070129998,0.32));
#10151=CARTESIAN_POINT('Ctrl Pts',(29.9639373211927,28.3538070129998,0.32));
#10152=CARTESIAN_POINT('Ctrl Pts',(30.2541630367627,27.8298447486316,0.32));
#10153=CARTESIAN_POINT('Ctrl Pts',(30.8668872638641,27.5233788937092,0.32));
#10154=CARTESIAN_POINT('',(29.9639373211927,28.3538070129998,0.));
#10155=CARTESIAN_POINT('Ctrl Pts',(29.6737113933672,29.7326435402583,0.));
#10156=CARTESIAN_POINT('Ctrl Pts',(29.6737113933672,29.7326435402583,0.32));
#10157=CARTESIAN_POINT('Ctrl Pts',(29.6737113933672,28.877769277368,0.));
#10158=CARTESIAN_POINT('Ctrl Pts',(29.6737113933672,28.877769277368,0.32));
#10159=CARTESIAN_POINT('Ctrl Pts',(29.9639373211927,28.3538070129998,0.));
#10160=CARTESIAN_POINT('Ctrl Pts',(29.9639373211927,28.3538070129998,0.32));
#10161=CARTESIAN_POINT('',(29.6737113933672,29.7326435402583,0.));
#10162=CARTESIAN_POINT('Ctrl Pts',(29.6737113933672,29.7326435402583,0.));
#10163=CARTESIAN_POINT('Ctrl Pts',(29.6737113933672,28.877769277368,0.));
#10164=CARTESIAN_POINT('Ctrl Pts',(29.9639373211927,28.3538070129998,0.));
#10165=CARTESIAN_POINT('',(29.6737113933672,29.7326435402583,0.32));
#10166=CARTESIAN_POINT('Ctrl Pts',(29.6737113933672,29.7326435402583,0.32));
#10167=CARTESIAN_POINT('Ctrl Pts',(29.6737113933672,28.877769277368,0.32));
#10168=CARTESIAN_POINT('Ctrl Pts',(29.9639373211927,28.3538070129998,0.32));
#10169=CARTESIAN_POINT('',(29.6737113933672,29.7326435402583,0.));
#10170=CARTESIAN_POINT('Ctrl Pts',(30.1655821746101,31.4499544833254,0.));
#10171=CARTESIAN_POINT('Ctrl Pts',(30.1655821746101,31.4499544833254,0.32));
#10172=CARTESIAN_POINT('Ctrl Pts',(29.6737113933672,30.6679163167524,0.));
#10173=CARTESIAN_POINT('Ctrl Pts',(29.6737113933672,30.6679163167524,0.32));
#10174=CARTESIAN_POINT('Ctrl Pts',(29.6737113933672,29.7326435402583,0.));
#10175=CARTESIAN_POINT('Ctrl Pts',(29.6737113933672,29.7326435402583,0.32));
#10176=CARTESIAN_POINT('',(30.1655821746101,31.4499544833254,0.));
#10177=CARTESIAN_POINT('Ctrl Pts',(30.1655821746101,31.4499544833254,0.));
#10178=CARTESIAN_POINT('Ctrl Pts',(29.6737113933672,30.6679163167524,0.));
#10179=CARTESIAN_POINT('Ctrl Pts',(29.6737113933672,29.7326435402583,0.));
#10180=CARTESIAN_POINT('',(30.1655821746101,31.4499544833254,0.32));
#10181=CARTESIAN_POINT('Ctrl Pts',(30.1655821746101,31.4499544833254,0.32));
#10182=CARTESIAN_POINT('Ctrl Pts',(29.6737113933672,30.6679163167524,0.32));
#10183=CARTESIAN_POINT('Ctrl Pts',(29.6737113933672,29.7326435402583,0.32));
#10184=CARTESIAN_POINT('',(30.1655821746101,31.4499544833254,0.));
#10185=CARTESIAN_POINT('Ctrl Pts',(31.5764275440399,32.6995030939978,0.));
#10186=CARTESIAN_POINT('Ctrl Pts',(31.5764275440399,32.6995030939978,0.32));
#10187=CARTESIAN_POINT('Ctrl Pts',(30.6572300876889,32.2317407616032,0.));
#10188=CARTESIAN_POINT('Ctrl Pts',(30.6572300876889,32.2317407616032,0.32));
#10189=CARTESIAN_POINT('Ctrl Pts',(30.1655821746101,31.4499544833254,0.));
#10190=CARTESIAN_POINT('Ctrl Pts',(30.1655821746101,31.4499544833254,0.32));
#10191=CARTESIAN_POINT('',(31.5764275440399,32.6995030939978,0.));
#10192=CARTESIAN_POINT('Ctrl Pts',(31.5764275440399,32.6995030939978,0.));
#10193=CARTESIAN_POINT('Ctrl Pts',(30.6572300876889,32.2317407616032,0.));
#10194=CARTESIAN_POINT('Ctrl Pts',(30.1655821746101,31.4499544833254,0.));
#10195=CARTESIAN_POINT('',(31.5764275440399,32.6995030939978,0.32));
#10196=CARTESIAN_POINT('Ctrl Pts',(31.5764275440399,32.6995030939978,0.32));
#10197=CARTESIAN_POINT('Ctrl Pts',(30.6572300876889,32.2317407616032,0.32));
#10198=CARTESIAN_POINT('Ctrl Pts',(30.1655821746101,31.4499544833254,0.32));
#10199=CARTESIAN_POINT('',(31.5764275440399,32.6995030939978,0.));
#10200=CARTESIAN_POINT('Ctrl Pts',(33.7695920661914,33.1672654263924,0.));
#10201=CARTESIAN_POINT('Ctrl Pts',(33.7695920661914,33.1672654263924,0.32));
#10202=CARTESIAN_POINT('Ctrl Pts',(32.495625000391,33.1672654263924,0.));
#10203=CARTESIAN_POINT('Ctrl Pts',(32.495625000391,33.1672654263924,0.32));
#10204=CARTESIAN_POINT('Ctrl Pts',(31.5764275440399,32.6995030939978,0.));
#10205=CARTESIAN_POINT('Ctrl Pts',(31.5764275440399,32.6995030939978,0.32));
#10206=CARTESIAN_POINT('',(33.7695920661914,33.1672654263924,0.));
#10207=CARTESIAN_POINT('Ctrl Pts',(33.7695920661914,33.1672654263924,0.));
#10208=CARTESIAN_POINT('Ctrl Pts',(32.495625000391,33.1672654263924,0.));
#10209=CARTESIAN_POINT('Ctrl Pts',(31.5764275440399,32.6995030939978,0.));
#10210=CARTESIAN_POINT('',(33.7695920661914,33.1672654263924,0.32));
#10211=CARTESIAN_POINT('Ctrl Pts',(33.7695920661914,33.1672654263924,0.32));
#10212=CARTESIAN_POINT('Ctrl Pts',(32.495625000391,33.1672654263924,0.32));
#10213=CARTESIAN_POINT('Ctrl Pts',(31.5764275440399,32.6995030939978,0.32));
#10214=CARTESIAN_POINT('',(33.7695920661914,33.1672654263924,0.));
#10215=CARTESIAN_POINT('Origin',(34.0275458348218,33.1672658770514,0.));
#10216=CARTESIAN_POINT('',(34.0275458348218,33.1672658770514,0.));
#10217=CARTESIAN_POINT('',(34.0275458348218,33.1672658770514,0.));
#10218=CARTESIAN_POINT('',(34.0275458348218,33.1672658770514,0.32));
#10219=CARTESIAN_POINT('',(34.0275458348218,33.1672658770514,0.32));
#10220=CARTESIAN_POINT('',(34.0275458348218,33.1672658770514,0.));
#10221=CARTESIAN_POINT('Ctrl Pts',(36.2367350024888,32.6833745518672,0.));
#10222=CARTESIAN_POINT('Ctrl Pts',(36.2367350024888,32.6833745518672,0.32));
#10223=CARTESIAN_POINT('Ctrl Pts',(35.3175375461377,33.1670135380974,0.));
#10224=CARTESIAN_POINT('Ctrl Pts',(35.3175375461377,33.1670135380974,0.32));
#10225=CARTESIAN_POINT('Ctrl Pts',(34.0275458348218,33.1672658770514,0.));
#10226=CARTESIAN_POINT('Ctrl Pts',(34.0275458348218,33.1672658770514,0.32));
#10227=CARTESIAN_POINT('',(36.2367350024888,32.6833745518672,0.));
#10228=CARTESIAN_POINT('Ctrl Pts',(36.2367350024888,32.6833745518672,0.));
#10229=CARTESIAN_POINT('Ctrl Pts',(35.3175375461377,33.1670135380974,0.));
#10230=CARTESIAN_POINT('Ctrl Pts',(34.0275458348218,33.1672658770514,0.));
#10231=CARTESIAN_POINT('',(36.2367350024888,32.6833745518672,0.32));
#10232=CARTESIAN_POINT('Ctrl Pts',(36.2367350024888,32.6833745518672,0.32));
#10233=CARTESIAN_POINT('Ctrl Pts',(35.3175375461377,33.1670135380974,0.32));
#10234=CARTESIAN_POINT('Ctrl Pts',(34.0275458348218,33.1672658770514,0.32));
#10235=CARTESIAN_POINT('',(36.2367350024888,32.6833745518672,0.));
#10236=CARTESIAN_POINT('Ctrl Pts',(37.6395682614162,31.3935026630566,0.));
#10237=CARTESIAN_POINT('Ctrl Pts',(37.6395682614162,31.3935026630566,0.32));
#10238=CARTESIAN_POINT('Ctrl Pts',(37.1559324588398,32.199735565637,0.));
#10239=CARTESIAN_POINT('Ctrl Pts',(37.1559324588398,32.199735565637,0.32));
#10240=CARTESIAN_POINT('Ctrl Pts',(36.2367350024888,32.6833745518672,0.));
#10241=CARTESIAN_POINT('Ctrl Pts',(36.2367350024888,32.6833745518672,0.32));
#10242=CARTESIAN_POINT('',(37.6395682614162,31.3935026630566,0.));
#10243=CARTESIAN_POINT('Ctrl Pts',(37.6395682614162,31.3935026630566,0.));
#10244=CARTESIAN_POINT('Ctrl Pts',(37.1559324588398,32.199735565637,0.));
#10245=CARTESIAN_POINT('Ctrl Pts',(36.2367350024888,32.6833745518672,0.));
#10246=CARTESIAN_POINT('',(37.6395682614162,31.3935026630566,0.32));
#10247=CARTESIAN_POINT('Ctrl Pts',(37.6395682614162,31.3935026630566,0.32));
#10248=CARTESIAN_POINT('Ctrl Pts',(37.1559324588398,32.199735565637,0.32));
#10249=CARTESIAN_POINT('Ctrl Pts',(36.2367350024888,32.6833745518672,0.32));
#10250=CARTESIAN_POINT('',(37.6395682614162,31.3935026630566,0.));
#10251=CARTESIAN_POINT('Ctrl Pts',(38.123426507646,29.6358684418515,0.));
#10252=CARTESIAN_POINT('Ctrl Pts',(38.123426507646,29.6358684418515,0.32));
#10253=CARTESIAN_POINT('Ctrl Pts',(38.123426507646,30.5870178721812,0.));
#10254=CARTESIAN_POINT('Ctrl Pts',(38.123426507646,30.5870178721812,0.32));
#10255=CARTESIAN_POINT('Ctrl Pts',(37.6395682614162,31.3935026630566,0.));
#10256=CARTESIAN_POINT('Ctrl Pts',(37.6395682614162,31.3935026630566,0.32));
#10257=CARTESIAN_POINT('',(38.123426507646,29.6358684418515,0.));
#10258=CARTESIAN_POINT('Ctrl Pts',(38.123426507646,29.6358684418515,0.));
#10259=CARTESIAN_POINT('Ctrl Pts',(38.123426507646,30.5870178721812,0.));
#10260=CARTESIAN_POINT('Ctrl Pts',(37.6395682614162,31.3935026630566,0.));
#10261=CARTESIAN_POINT('',(38.123426507646,29.6358684418515,0.32));
#10262=CARTESIAN_POINT('Ctrl Pts',(38.123426507646,29.6358684418515,0.32));
#10263=CARTESIAN_POINT('Ctrl Pts',(38.123426507646,30.5870178721812,0.32));
#10264=CARTESIAN_POINT('Ctrl Pts',(37.6395682614162,31.3935026630566,0.32));
#10265=CARTESIAN_POINT('',(38.123426507646,29.6358684418515,0.));
#10266=CARTESIAN_POINT('Ctrl Pts',(37.8009290573916,28.2731566111008,0.));
#10267=CARTESIAN_POINT('Ctrl Pts',(37.8009290573916,28.2731566111008,0.32));
#10268=CARTESIAN_POINT('Ctrl Pts',(38.1234273566676,28.861638812426,0.));
#10269=CARTESIAN_POINT('Ctrl Pts',(38.1234273566676,28.861638812426,0.32));
#10270=CARTESIAN_POINT('Ctrl Pts',(38.123426507646,29.6358684418515,0.));
#10271=CARTESIAN_POINT('Ctrl Pts',(38.123426507646,29.6358684418515,0.32));
#10272=CARTESIAN_POINT('',(37.8009290573916,28.2731566111008,0.));
#10273=CARTESIAN_POINT('Ctrl Pts',(37.8009290573916,28.2731566111008,0.));
#10274=CARTESIAN_POINT('Ctrl Pts',(38.1234273566676,28.861638812426,0.));
#10275=CARTESIAN_POINT('Ctrl Pts',(38.123426507646,29.6358684418515,0.));
#10276=CARTESIAN_POINT('',(37.8009290573916,28.2731566111008,0.32));
#10277=CARTESIAN_POINT('Ctrl Pts',(37.8009290573916,28.2731566111008,0.32));
#10278=CARTESIAN_POINT('Ctrl Pts',(38.1234273566676,28.861638812426,0.32));
#10279=CARTESIAN_POINT('Ctrl Pts',(38.123426507646,29.6358684418515,0.32));
#10280=CARTESIAN_POINT('',(37.8009290573916,28.2731566111008,0.));
#10281=CARTESIAN_POINT('Ctrl Pts',(36.7366185310002,27.3782109583676,0.));
#10282=CARTESIAN_POINT('Ctrl Pts',(36.7366185310002,27.3782109583676,0.32));
#10283=CARTESIAN_POINT('Ctrl Pts',(37.4784307581157,27.6844225214806,0.));
#10284=CARTESIAN_POINT('Ctrl Pts',(37.4784307581157,27.6844225214806,0.32));
#10285=CARTESIAN_POINT('Ctrl Pts',(37.8009290573916,28.2731566111008,0.));
#10286=CARTESIAN_POINT('Ctrl Pts',(37.8009290573916,28.2731566111008,0.32));
#10287=CARTESIAN_POINT('Ctrl Pts',(36.7366185310002,27.3782109583676,0.));
#10288=CARTESIAN_POINT('Ctrl Pts',(37.4784307581157,27.6844225214806,0.));
#10289=CARTESIAN_POINT('Ctrl Pts',(37.8009290573916,28.2731566111008,0.));
#10290=CARTESIAN_POINT('Ctrl Pts',(36.7366185310002,27.3782109583676,0.32));
#10291=CARTESIAN_POINT('Ctrl Pts',(37.4784307581157,27.6844225214806,0.32));
#10292=CARTESIAN_POINT('Ctrl Pts',(37.8009290573916,28.2731566111008,0.32));
#10293=CARTESIAN_POINT('Origin',(33.8985693750174,28.8133783941053,0.));
#10294=CARTESIAN_POINT('Origin',(33.8985693750174,28.8133783941053,0.32));
#10295=CARTESIAN_POINT('Origin',(44.6604336302575,72.8431701837806,0.));
#10296=CARTESIAN_POINT('',(43.2176613144658,72.8708330084117,0.));
#10297=CARTESIAN_POINT('',(44.6321243958256,71.4004104067119,0.));
#10298=CARTESIAN_POINT('Origin',(44.6604336302575,72.8431701837806,0.));
#10299=CARTESIAN_POINT('',(43.2176613144658,72.8708330084117,0.32));
#10300=CARTESIAN_POINT('',(43.2176613144658,72.8708330084117,0.));
#10301=CARTESIAN_POINT('',(44.6321243958256,71.4004104067119,0.32));
#10302=CARTESIAN_POINT('Origin',(44.6604336302575,72.8431701837806,0.32));
#10303=CARTESIAN_POINT('',(44.6321243958256,71.4004104067119,0.));
#10304=CARTESIAN_POINT('Origin',(44.6595474993154,72.8431872988461,0.));
#10305=CARTESIAN_POINT('',(46.1023071865819,72.8148734880717,0.));
#10306=CARTESIAN_POINT('Origin',(44.6595474993154,72.8431872988461,0.));
#10307=CARTESIAN_POINT('',(46.1023071865819,72.8148734880717,0.32));
#10308=CARTESIAN_POINT('Origin',(44.6595474993154,72.8431872988461,0.32));
#10309=CARTESIAN_POINT('',(46.1023071865819,72.8148734880717,0.));
#10310=CARTESIAN_POINT('Origin',(44.6595348707901,72.8425363127028,0.));
#10311=CARTESIAN_POINT('',(44.687844105222,74.2852960897715,0.));
#10312=CARTESIAN_POINT('Origin',(44.6595348707901,72.8425363127028,0.));
#10313=CARTESIAN_POINT('',(44.687844105222,74.2852960897715,0.32));
#10314=CARTESIAN_POINT('Origin',(44.6595348707901,72.8425363127028,0.32));
#10315=CARTESIAN_POINT('',(44.687844105222,74.2852960897715,0.));
#10316=CARTESIAN_POINT('Origin',(44.6604210017322,72.8425191976373,0.));
#10317=CARTESIAN_POINT('Origin',(44.6604210017322,72.8425191976373,0.));
#10318=CARTESIAN_POINT('Origin',(44.6604210017322,72.8425191976373,0.32));
#10319=CARTESIAN_POINT('Ctrl Pts',(48.465931082227,72.7691549850734,0.));
#10320=CARTESIAN_POINT('Ctrl Pts',(48.465931082227,72.7691549850734,0.32));
#10321=CARTESIAN_POINT('Ctrl Pts',(48.5066517071507,74.8696554065974,0.));
#10322=CARTESIAN_POINT('Ctrl Pts',(48.5066517071507,74.8696554065974,0.32));
#10323=CARTESIAN_POINT('Ctrl Pts',(46.8340612129948,76.6082066274913,0.));
#10324=CARTESIAN_POINT('Ctrl Pts',(46.8340612129948,76.6082066274913,0.32));
#10325=CARTESIAN_POINT('Ctrl Pts',(44.7335607914708,76.6489254356654,0.));
#10326=CARTESIAN_POINT('Ctrl Pts',(44.7335607914708,76.6489254356654,0.32));
#10327=CARTESIAN_POINT('',(48.465931082227,72.7691549850734,0.));
#10328=CARTESIAN_POINT('',(44.7335607914708,76.6489254356654,0.));
#10329=CARTESIAN_POINT('Ctrl Pts',(48.465931082227,72.7691549850734,0.));
#10330=CARTESIAN_POINT('Ctrl Pts',(48.5066517071507,74.8696554065974,0.));
#10331=CARTESIAN_POINT('Ctrl Pts',(46.8340612129948,76.6082066274913,0.));
#10332=CARTESIAN_POINT('Ctrl Pts',(44.7335607914708,76.6489254356654,0.));
#10333=CARTESIAN_POINT('',(44.7335607914708,76.6489254356654,0.32));
#10334=CARTESIAN_POINT('',(44.7335607914708,76.6489254356654,0.));
#10335=CARTESIAN_POINT('',(48.465931082227,72.7691549850734,0.32));
#10336=CARTESIAN_POINT('Ctrl Pts',(48.465931082227,72.7691549850734,0.32));
#10337=CARTESIAN_POINT('Ctrl Pts',(48.5066517071507,74.8696554065974,0.32));
#10338=CARTESIAN_POINT('Ctrl Pts',(46.8340612129948,76.6082066274913,0.32));
#10339=CARTESIAN_POINT('Ctrl Pts',(44.7335607914708,76.6489254356654,0.32));
#10340=CARTESIAN_POINT('',(48.465931082227,72.7691549850734,0.));
#10341=CARTESIAN_POINT('Ctrl Pts',(44.5864004425786,69.0365448833735,0.));
#10342=CARTESIAN_POINT('Ctrl Pts',(44.5864004425786,69.0365448833735,0.32));
#10343=CARTESIAN_POINT('Ctrl Pts',(46.6869008641026,68.9960640693934,0.));
#10344=CARTESIAN_POINT('Ctrl Pts',(46.6869008641026,68.9960640693934,0.32));
#10345=CARTESIAN_POINT('Ctrl Pts',(48.4254502682469,70.6684147526057,0.));
#10346=CARTESIAN_POINT('Ctrl Pts',(48.4254502682469,70.6684147526057,0.32));
#10347=CARTESIAN_POINT('Ctrl Pts',(48.465931082227,72.7691549850734,0.));
#10348=CARTESIAN_POINT('Ctrl Pts',(48.465931082227,72.7691549850734,0.32));
#10349=CARTESIAN_POINT('',(44.5864004425786,69.0365448833735,0.));
#10350=CARTESIAN_POINT('Ctrl Pts',(44.5864004425786,69.0365448833735,0.));
#10351=CARTESIAN_POINT('Ctrl Pts',(46.6869008641026,68.9960640693934,0.));
#10352=CARTESIAN_POINT('Ctrl Pts',(48.4254502682469,70.6684147526057,0.));
#10353=CARTESIAN_POINT('Ctrl Pts',(48.465931082227,72.7691549850734,0.));
#10354=CARTESIAN_POINT('',(44.5864004425786,69.0365448833735,0.32));
#10355=CARTESIAN_POINT('Ctrl Pts',(44.5864004425786,69.0365448833735,0.32));
#10356=CARTESIAN_POINT('Ctrl Pts',(46.6869008641026,68.9960640693934,0.32));
#10357=CARTESIAN_POINT('Ctrl Pts',(48.4254502682469,70.6684147526057,0.32));
#10358=CARTESIAN_POINT('Ctrl Pts',(48.465931082227,72.7691549850734,0.32));
#10359=CARTESIAN_POINT('',(44.5864004425786,69.0365448833735,0.));
#10360=CARTESIAN_POINT('Ctrl Pts',(41.3190889744542,71.0177448107036,0.));
#10361=CARTESIAN_POINT('Ctrl Pts',(41.3190889744542,71.0177448107036,0.32));
#10362=CARTESIAN_POINT('Ctrl Pts',(41.9534543232701,69.8602191711696,0.));
#10363=CARTESIAN_POINT('Ctrl Pts',(41.9534543232701,69.8602191711696,0.32));
#10364=CARTESIAN_POINT('Ctrl Pts',(43.172892971494,69.0639287496837,0.));
#10365=CARTESIAN_POINT('Ctrl Pts',(43.172892971494,69.0639287496837,0.32));
#10366=CARTESIAN_POINT('Ctrl Pts',(44.5864004425786,69.0365448833735,0.));
#10367=CARTESIAN_POINT('Ctrl Pts',(44.5864004425786,69.0365448833735,0.32));
#10368=CARTESIAN_POINT('',(41.3190889744542,71.0177448107036,0.));
#10369=CARTESIAN_POINT('Ctrl Pts',(41.3190889744542,71.0177448107036,0.));
#10370=CARTESIAN_POINT('Ctrl Pts',(41.9534543232701,69.8602191711696,0.));
#10371=CARTESIAN_POINT('Ctrl Pts',(43.172892971494,69.0639287496837,0.));
#10372=CARTESIAN_POINT('Ctrl Pts',(44.5864004425786,69.0365448833735,0.));
#10373=CARTESIAN_POINT('',(41.3190889744542,71.0177448107036,0.32));
#10374=CARTESIAN_POINT('Ctrl Pts',(41.3190889744542,71.0177448107036,0.32));
#10375=CARTESIAN_POINT('Ctrl Pts',(41.9534543232701,69.8602191711696,0.32));
#10376=CARTESIAN_POINT('Ctrl Pts',(43.172892971494,69.0639287496837,0.32));
#10377=CARTESIAN_POINT('Ctrl Pts',(44.5864004425786,69.0365448833735,0.32));
#10378=CARTESIAN_POINT('',(41.3190889744542,71.0177448107036,0.));
#10379=CARTESIAN_POINT('Origin',(43.1309805588506,76.3293610025676,0.));
#10380=CARTESIAN_POINT('',(43.1309805588506,76.3293610025676,0.));
#10381=CARTESIAN_POINT('',(43.1309805588506,76.3293610025676,0.));
#10382=CARTESIAN_POINT('',(43.1309805588506,76.3293610025676,0.32));
#10383=CARTESIAN_POINT('',(43.1309805588506,76.3293610025676,0.32));
#10384=CARTESIAN_POINT('',(43.1309805588506,76.3293610025676,0.));
#10385=CARTESIAN_POINT('Origin',(44.6552367880505,72.8635482486748,0.));
#10386=CARTESIAN_POINT('Origin',(44.6552367880505,72.8635482486748,0.));
#10387=CARTESIAN_POINT('Origin',(44.6552367880505,72.8635482486748,0.32));
#10388=CARTESIAN_POINT('Origin',(44.9128703408024,72.8228998636154,0.));
#10389=CARTESIAN_POINT('Origin',(44.9128703408024,72.8228998636154,0.32));
#10390=CARTESIAN_POINT('Ctrl Pts',(33.9952747369037,22.0085293507226,0.));
#10391=CARTESIAN_POINT('Ctrl Pts',(33.9952747369037,22.0085293507226,0.32));
#10392=CARTESIAN_POINT('Ctrl Pts',(34.9952633885583,22.0085293507226,0.));
#10393=CARTESIAN_POINT('Ctrl Pts',(34.9952633885583,22.0085293507226,0.32));
#10394=CARTESIAN_POINT('Ctrl Pts',(35.5917401019801,21.411730990037,0.));
#10395=CARTESIAN_POINT('Ctrl Pts',(35.5917401019801,21.411730990037,0.32));
#10396=CARTESIAN_POINT('',(35.5917401019801,21.411730990037,0.));
#10397=CARTESIAN_POINT('',(33.9952747369037,22.0085293507226,0.));
#10398=CARTESIAN_POINT('Ctrl Pts',(35.5917401019801,21.411730990037,0.));
#10399=CARTESIAN_POINT('Ctrl Pts',(34.9952633885583,22.0085293507226,0.));
#10400=CARTESIAN_POINT('Ctrl Pts',(33.9952747369037,22.0085293507226,0.));
#10401=CARTESIAN_POINT('',(35.5917401019801,21.411730990037,0.32));
#10402=CARTESIAN_POINT('',(35.5917401019801,21.411730990037,0.));
#10403=CARTESIAN_POINT('',(33.9952747369037,22.0085293507226,0.32));
#10404=CARTESIAN_POINT('Ctrl Pts',(33.9952747369037,22.0085293507226,0.32));
#10405=CARTESIAN_POINT('Ctrl Pts',(34.9952633885583,22.0085293507226,0.32));
#10406=CARTESIAN_POINT('Ctrl Pts',(35.5917401019801,21.411730990037,0.32));
#10407=CARTESIAN_POINT('',(33.9952747369037,22.0085293507226,0.));
#10408=CARTESIAN_POINT('Origin',(33.8018649682804,22.0085303121283,0.));
#10409=CARTESIAN_POINT('',(33.8018649682804,22.0085303121283,0.));
#10410=CARTESIAN_POINT('',(33.8018649682804,22.0085303121283,0.));
#10411=CARTESIAN_POINT('',(33.8018649682804,22.0085303121283,0.32));
#10412=CARTESIAN_POINT('',(33.8018649682804,22.0085303121283,0.32));
#10413=CARTESIAN_POINT('',(33.8018649682804,22.0085303121283,0.));
#10414=CARTESIAN_POINT('Ctrl Pts',(32.2053997093317,21.411730990037,0.));
#10415=CARTESIAN_POINT('Ctrl Pts',(32.2053997093317,21.411730990037,0.32));
#10416=CARTESIAN_POINT('Ctrl Pts',(32.8020988664068,22.0082793852389,0.));
#10417=CARTESIAN_POINT('Ctrl Pts',(32.8020988664068,22.0082793852389,0.32));
#10418=CARTESIAN_POINT('Ctrl Pts',(33.8018649682804,22.0085303121283,0.));
#10419=CARTESIAN_POINT('Ctrl Pts',(33.8018649682804,22.0085303121283,0.32));
#10420=CARTESIAN_POINT('',(32.2053997093317,21.411730990037,0.));
#10421=CARTESIAN_POINT('Ctrl Pts',(33.8018649682804,22.0085303121283,0.));
#10422=CARTESIAN_POINT('Ctrl Pts',(32.8020988664068,22.0082793852389,0.));
#10423=CARTESIAN_POINT('Ctrl Pts',(32.2053997093317,21.411730990037,0.));
#10424=CARTESIAN_POINT('',(32.2053997093317,21.411730990037,0.32));
#10425=CARTESIAN_POINT('Ctrl Pts',(32.2053997093317,21.411730990037,0.32));
#10426=CARTESIAN_POINT('Ctrl Pts',(32.8020988664068,22.0082793852389,0.32));
#10427=CARTESIAN_POINT('Ctrl Pts',(33.8018649682804,22.0085303121283,0.32));
#10428=CARTESIAN_POINT('',(32.2053997093317,21.411730990037,0.));
#10429=CARTESIAN_POINT('Ctrl Pts',(31.6087003400012,19.8799116209767,0.));
#10430=CARTESIAN_POINT('Ctrl Pts',(31.6087003400012,19.8799116209767,0.32));
#10431=CARTESIAN_POINT('Ctrl Pts',(31.6087005522566,20.8151825948352,0.));
#10432=CARTESIAN_POINT('Ctrl Pts',(31.6087005522566,20.8151825948352,0.32));
#10433=CARTESIAN_POINT('Ctrl Pts',(32.2053997093317,21.411730990037,0.));
#10434=CARTESIAN_POINT('Ctrl Pts',(32.2053997093317,21.411730990037,0.32));
#10435=CARTESIAN_POINT('',(31.6087003400012,19.8799116209767,0.));
#10436=CARTESIAN_POINT('Ctrl Pts',(32.2053997093317,21.411730990037,0.));
#10437=CARTESIAN_POINT('Ctrl Pts',(31.6087005522566,20.8151825948352,0.));
#10438=CARTESIAN_POINT('Ctrl Pts',(31.6087003400012,19.8799116209767,0.));
#10439=CARTESIAN_POINT('',(31.6087003400012,19.8799116209767,0.32));
#10440=CARTESIAN_POINT('Ctrl Pts',(31.6087003400012,19.8799116209767,0.32));
#10441=CARTESIAN_POINT('Ctrl Pts',(31.6087005522566,20.8151825948352,0.32));
#10442=CARTESIAN_POINT('Ctrl Pts',(32.2053997093317,21.411730990037,0.32));
#10443=CARTESIAN_POINT('',(31.6087003400012,19.8799116209767,0.));
#10444=CARTESIAN_POINT('Ctrl Pts',(32.2134119259617,18.3400282212025,0.));
#10445=CARTESIAN_POINT('Ctrl Pts',(32.2134119259617,18.3400282212025,0.32));
#10446=CARTESIAN_POINT('Ctrl Pts',(31.6087001277458,18.9287623108227,0.));
#10447=CARTESIAN_POINT('Ctrl Pts',(31.6087001277458,18.9287623108227,0.32));
#10448=CARTESIAN_POINT('Ctrl Pts',(31.6087003400012,19.8799116209767,0.));
#10449=CARTESIAN_POINT('Ctrl Pts',(31.6087003400012,19.8799116209767,0.32));
#10450=CARTESIAN_POINT('',(32.2134119259617,18.3400282212025,0.));
#10451=CARTESIAN_POINT('Ctrl Pts',(31.6087003400012,19.8799116209767,0.));
#10452=CARTESIAN_POINT('Ctrl Pts',(31.6087001277458,18.9287623108227,0.));
#10453=CARTESIAN_POINT('Ctrl Pts',(32.2134119259617,18.3400282212025,0.));
#10454=CARTESIAN_POINT('',(32.2134119259617,18.3400282212025,0.32));
#10455=CARTESIAN_POINT('Ctrl Pts',(32.2134119259617,18.3400282212025,0.32));
#10456=CARTESIAN_POINT('Ctrl Pts',(31.6087001277458,18.9287623108227,0.32));
#10457=CARTESIAN_POINT('Ctrl Pts',(31.6087003400012,19.8799116209767,0.32));
#10458=CARTESIAN_POINT('',(32.2134119259617,18.3400282212025,0.));
#10459=CARTESIAN_POINT('Ctrl Pts',(33.8018650744081,17.7512941315823,0.));
#10460=CARTESIAN_POINT('Ctrl Pts',(33.8018650744081,17.7512941315823,0.32));
#10461=CARTESIAN_POINT('Ctrl Pts',(32.8181237241777,17.7512941315823,0.));
#10462=CARTESIAN_POINT('Ctrl Pts',(32.8181237241777,17.7512941315823,0.32));
#10463=CARTESIAN_POINT('Ctrl Pts',(32.2134119259617,18.3400282212025,0.));
#10464=CARTESIAN_POINT('Ctrl Pts',(32.2134119259617,18.3400282212025,0.32));
#10465=CARTESIAN_POINT('',(33.8018650744081,17.7512941315823,0.));
#10466=CARTESIAN_POINT('Ctrl Pts',(32.2134119259617,18.3400282212025,0.));
#10467=CARTESIAN_POINT('Ctrl Pts',(32.8181237241777,17.7512941315823,0.));
#10468=CARTESIAN_POINT('Ctrl Pts',(33.8018650744081,17.7512941315823,0.));
#10469=CARTESIAN_POINT('',(33.8018650744081,17.7512941315823,0.32));
#10470=CARTESIAN_POINT('Ctrl Pts',(33.8018650744081,17.7512941315823,0.32));
#10471=CARTESIAN_POINT('Ctrl Pts',(32.8181237241777,17.7512941315823,0.32));
#10472=CARTESIAN_POINT('Ctrl Pts',(32.2134119259617,18.3400282212025,0.32));
#10473=CARTESIAN_POINT('',(33.8018650744081,17.7512941315823,0.));
#10474=CARTESIAN_POINT('Origin',(33.9952747369037,17.7512941315823,0.));
#10475=CARTESIAN_POINT('',(33.9952747369037,17.7512941315823,0.));
#10476=CARTESIAN_POINT('',(33.9952747369037,17.7512941315823,0.));
#10477=CARTESIAN_POINT('',(33.9952747369037,17.7512941315823,0.32));
#10478=CARTESIAN_POINT('',(33.9952747369037,17.7512941315823,0.32));
#10479=CARTESIAN_POINT('',(33.9952747369037,17.7512941315823,0.));
#10480=CARTESIAN_POINT('Ctrl Pts',(35.58372788535,18.3400282212025,0.));
#10481=CARTESIAN_POINT('Ctrl Pts',(35.58372788535,18.3400282212025,0.32));
#10482=CARTESIAN_POINT('Ctrl Pts',(34.9787940679915,17.7512941315823,0.));
#10483=CARTESIAN_POINT('Ctrl Pts',(34.9787940679915,17.7512941315823,0.32));
#10484=CARTESIAN_POINT('Ctrl Pts',(33.9952747369037,17.7512941315823,0.));
#10485=CARTESIAN_POINT('Ctrl Pts',(33.9952747369037,17.7512941315823,0.32));
#10486=CARTESIAN_POINT('',(35.58372788535,18.3400282212025,0.));
#10487=CARTESIAN_POINT('Ctrl Pts',(33.9952747369037,17.7512941315823,0.));
#10488=CARTESIAN_POINT('Ctrl Pts',(34.9787940679915,17.7512941315823,0.));
#10489=CARTESIAN_POINT('Ctrl Pts',(35.58372788535,18.3400282212025,0.));
#10490=CARTESIAN_POINT('',(35.58372788535,18.3400282212025,0.32));
#10491=CARTESIAN_POINT('Ctrl Pts',(35.58372788535,18.3400282212025,0.32));
#10492=CARTESIAN_POINT('Ctrl Pts',(34.9787940679915,17.7512941315823,0.32));
#10493=CARTESIAN_POINT('Ctrl Pts',(33.9952747369037,17.7512941315823,0.32));
#10494=CARTESIAN_POINT('',(35.58372788535,18.3400282212025,0.));
#10495=CARTESIAN_POINT('Ctrl Pts',(36.1882168154018,19.8799117411524,0.));
#10496=CARTESIAN_POINT('Ctrl Pts',(36.1882168154018,19.8799117411524,0.32));
#10497=CARTESIAN_POINT('Ctrl Pts',(36.1882168154018,18.9285123453391,0.));
#10498=CARTESIAN_POINT('Ctrl Pts',(36.1882168154018,18.9285123453391,0.32));
#10499=CARTESIAN_POINT('Ctrl Pts',(35.58372788535,18.3400282212025,0.));
#10500=CARTESIAN_POINT('Ctrl Pts',(35.58372788535,18.3400282212025,0.32));
#10501=CARTESIAN_POINT('',(36.1882168154018,19.8799117411524,0.));
#10502=CARTESIAN_POINT('Ctrl Pts',(35.58372788535,18.3400282212025,0.));
#10503=CARTESIAN_POINT('Ctrl Pts',(36.1882168154018,18.9285123453391,0.));
#10504=CARTESIAN_POINT('Ctrl Pts',(36.1882168154018,19.8799117411524,0.));
#10505=CARTESIAN_POINT('',(36.1882168154018,19.8799117411524,0.32));
#10506=CARTESIAN_POINT('Ctrl Pts',(36.1882168154018,19.8799117411524,0.32));
#10507=CARTESIAN_POINT('Ctrl Pts',(36.1882168154018,18.9285123453391,0.32));
#10508=CARTESIAN_POINT('Ctrl Pts',(35.58372788535,18.3400282212025,0.32));
#10509=CARTESIAN_POINT('',(36.1882168154018,19.8799117411524,0.));
#10510=CARTESIAN_POINT('Ctrl Pts',(35.5917401019801,21.411730990037,0.));
#10511=CARTESIAN_POINT('Ctrl Pts',(35.5917401019801,21.411730990037,0.32));
#10512=CARTESIAN_POINT('Ctrl Pts',(36.1882168154018,20.8149326293515,0.));
#10513=CARTESIAN_POINT('Ctrl Pts',(36.1882168154018,20.8149326293515,0.32));
#10514=CARTESIAN_POINT('Ctrl Pts',(36.1882168154018,19.8799117411524,0.));
#10515=CARTESIAN_POINT('Ctrl Pts',(36.1882168154018,19.8799117411524,0.32));
#10516=CARTESIAN_POINT('Ctrl Pts',(36.1882168154018,19.8799117411524,0.));
#10517=CARTESIAN_POINT('Ctrl Pts',(36.1882168154018,20.8149326293515,0.));
#10518=CARTESIAN_POINT('Ctrl Pts',(35.5917401019801,21.411730990037,0.));
#10519=CARTESIAN_POINT('Ctrl Pts',(35.5917401019801,21.411730990037,0.32));
#10520=CARTESIAN_POINT('Ctrl Pts',(36.1882168154018,20.8149326293515,0.32));
#10521=CARTESIAN_POINT('Ctrl Pts',(36.1882168154018,19.8799117411524,0.32));
#10522=CARTESIAN_POINT('Origin',(29.8993936395687,17.7512941315823,0.));
#10523=CARTESIAN_POINT('',(29.8993936395687,17.7512941315823,0.));
#10524=CARTESIAN_POINT('',(29.8993936395687,15.7197054315255,0.));
#10525=CARTESIAN_POINT('',(29.8993936395687,17.7512941315823,0.));
#10526=CARTESIAN_POINT('',(29.8993936395687,15.7197054315255,0.32));
#10527=CARTESIAN_POINT('',(29.8993936395687,15.7197054315255,0.));
#10528=CARTESIAN_POINT('',(29.8993936395687,17.7512941315823,0.32));
#10529=CARTESIAN_POINT('',(29.8993936395687,17.7512941315823,0.32));
#10530=CARTESIAN_POINT('',(29.8993936395687,17.7512941315823,0.));
#10531=CARTESIAN_POINT('Origin',(31.06052043129,17.7512941315823,0.));
#10532=CARTESIAN_POINT('',(31.06052043129,17.7512941315823,0.));
#10533=CARTESIAN_POINT('',(31.06052043129,17.7512941315823,0.));
#10534=CARTESIAN_POINT('',(31.06052043129,17.7512941315823,0.32));
#10535=CARTESIAN_POINT('',(31.06052043129,17.7512941315823,0.32));
#10536=CARTESIAN_POINT('',(31.06052043129,17.7512941315823,0.));
#10537=CARTESIAN_POINT('Origin',(31.06052043129,18.0416271180484,0.));
#10538=CARTESIAN_POINT('',(31.06052043129,18.0416271180484,0.));
#10539=CARTESIAN_POINT('',(31.06052043129,18.0416271180484,0.));
#10540=CARTESIAN_POINT('',(31.06052043129,18.0416271180484,0.32));
#10541=CARTESIAN_POINT('',(31.06052043129,18.0416271180484,0.32));
#10542=CARTESIAN_POINT('',(31.06052043129,18.0416271180484,0.));
#10543=CARTESIAN_POINT('Ctrl Pts',(30.0364944664471,18.9204443488266,0.));
#10544=CARTESIAN_POINT('Ctrl Pts',(30.0364944664471,18.9204443488266,0.32));
#10545=CARTESIAN_POINT('Ctrl Pts',(30.3992769558247,18.3478386811614,0.));
#10546=CARTESIAN_POINT('Ctrl Pts',(30.3992769558247,18.3478386811614,0.32));
#10547=CARTESIAN_POINT('Ctrl Pts',(31.06052043129,18.0416271180484,0.));
#10548=CARTESIAN_POINT('Ctrl Pts',(31.06052043129,18.0416271180484,0.32));
#10549=CARTESIAN_POINT('',(30.0364944664471,18.9204443488266,0.));
#10550=CARTESIAN_POINT('Ctrl Pts',(30.0364944664471,18.9204443488266,0.));
#10551=CARTESIAN_POINT('Ctrl Pts',(30.3992769558247,18.3478386811614,0.));
#10552=CARTESIAN_POINT('Ctrl Pts',(31.06052043129,18.0416271180484,0.));
#10553=CARTESIAN_POINT('',(30.0364944664471,18.9204443488266,0.32));
#10554=CARTESIAN_POINT('Ctrl Pts',(30.0364944664471,18.9204443488266,0.32));
#10555=CARTESIAN_POINT('Ctrl Pts',(30.3992769558247,18.3478386811614,0.32));
#10556=CARTESIAN_POINT('Ctrl Pts',(31.06052043129,18.0416271180484,0.32));
#10557=CARTESIAN_POINT('',(30.0364944664471,18.9204443488266,0.));
#10558=CARTESIAN_POINT('Ctrl Pts',(29.6737120831973,20.4603275082494,0.));
#10559=CARTESIAN_POINT('Ctrl Pts',(29.6737120831973,20.4603275082494,0.32));
#10560=CARTESIAN_POINT('Ctrl Pts',(29.6739344737868,19.4925459995503,0.));
#10561=CARTESIAN_POINT('Ctrl Pts',(29.6739344737868,19.4925459995503,0.32));
#10562=CARTESIAN_POINT('Ctrl Pts',(30.0364944664471,18.9204443488266,0.));
#10563=CARTESIAN_POINT('Ctrl Pts',(30.0364944664471,18.9204443488266,0.32));
#10564=CARTESIAN_POINT('',(29.6737120831973,20.4603275082494,0.));
#10565=CARTESIAN_POINT('Ctrl Pts',(29.6737120831973,20.4603275082494,0.));
#10566=CARTESIAN_POINT('Ctrl Pts',(29.6739344737868,19.4925459995503,0.));
#10567=CARTESIAN_POINT('Ctrl Pts',(30.0364944664471,18.9204443488266,0.));
#10568=CARTESIAN_POINT('',(29.6737120831973,20.4603275082494,0.32));
#10569=CARTESIAN_POINT('Ctrl Pts',(29.6737120831973,20.4603275082494,0.32));
#10570=CARTESIAN_POINT('Ctrl Pts',(29.6739344737868,19.4925459995503,0.32));
#10571=CARTESIAN_POINT('Ctrl Pts',(30.0364944664471,18.9204443488266,0.32));
#10572=CARTESIAN_POINT('',(29.6737120831973,20.4603275082494,0.));
#10573=CARTESIAN_POINT('Ctrl Pts',(30.1573478327098,22.2424085941085,0.));
#10574=CARTESIAN_POINT('Ctrl Pts',(30.1573478327098,22.2424085941085,0.32));
#10575=CARTESIAN_POINT('Ctrl Pts',(29.67348958648,21.4281094976514,0.));
#10576=CARTESIAN_POINT('Ctrl Pts',(29.67348958648,21.4281094976514,0.32));
#10577=CARTESIAN_POINT('Ctrl Pts',(29.6737120831973,20.4603275082494,0.));
#10578=CARTESIAN_POINT('Ctrl Pts',(29.6737120831973,20.4603275082494,0.32));
#10579=CARTESIAN_POINT('',(30.1573478327098,22.2424085941085,0.));
#10580=CARTESIAN_POINT('Ctrl Pts',(30.1573478327098,22.2424085941085,0.));
#10581=CARTESIAN_POINT('Ctrl Pts',(29.67348958648,21.4281094976514,0.));
#10582=CARTESIAN_POINT('Ctrl Pts',(29.6737120831973,20.4603275082494,0.));
#10583=CARTESIAN_POINT('',(30.1573478327098,22.2424085941085,0.32));
#10584=CARTESIAN_POINT('Ctrl Pts',(30.1573478327098,22.2424085941085,0.32));
#10585=CARTESIAN_POINT('Ctrl Pts',(29.67348958648,21.4281094976514,0.32));
#10586=CARTESIAN_POINT('Ctrl Pts',(29.6737120831973,20.4603275082494,0.32));
#10587=CARTESIAN_POINT('',(30.1573478327098,22.2424085941085,0.));
#10588=CARTESIAN_POINT('Ctrl Pts',(31.5523908941498,23.5484128706725,0.));
#10589=CARTESIAN_POINT('Ctrl Pts',(31.5523908941498,23.5484128706725,0.32));
#10590=CARTESIAN_POINT('Ctrl Pts',(30.6412060789396,23.0567076905656,0.));
#10591=CARTESIAN_POINT('Ctrl Pts',(30.6412060789396,23.0567076905656,0.32));
#10592=CARTESIAN_POINT('Ctrl Pts',(30.1573478327098,22.2424085941085,0.));
#10593=CARTESIAN_POINT('Ctrl Pts',(30.1573478327098,22.2424085941085,0.32));
#10594=CARTESIAN_POINT('',(31.5523908941498,23.5484128706725,0.));
#10595=CARTESIAN_POINT('Ctrl Pts',(31.5523908941498,23.5484128706725,0.));
#10596=CARTESIAN_POINT('Ctrl Pts',(30.6412060789396,23.0567076905656,0.));
#10597=CARTESIAN_POINT('Ctrl Pts',(30.1573478327098,22.2424085941085,0.));
#10598=CARTESIAN_POINT('',(31.5523908941498,23.5484128706725,0.32));
#10599=CARTESIAN_POINT('Ctrl Pts',(31.5523908941498,23.5484128706725,0.32));
#10600=CARTESIAN_POINT('Ctrl Pts',(30.6412060789396,23.0567076905656,0.32));
#10601=CARTESIAN_POINT('Ctrl Pts',(30.1573478327098,22.2424085941085,0.32));
#10602=CARTESIAN_POINT('',(31.5523908941498,23.5484128706725,0.));
#10603=CARTESIAN_POINT('Ctrl Pts',(33.753345189278,24.0403680162631,0.));
#10604=CARTESIAN_POINT('Ctrl Pts',(33.753345189278,24.0403680162631,0.32));
#10605=CARTESIAN_POINT('Ctrl Pts',(32.4633532657067,24.0403680162631,0.));
#10606=CARTESIAN_POINT('Ctrl Pts',(32.4633532657067,24.0403680162631,0.32));
#10607=CARTESIAN_POINT('Ctrl Pts',(31.5523908941498,23.5484128706725,0.));
#10608=CARTESIAN_POINT('Ctrl Pts',(31.5523908941498,23.5484128706725,0.32));
#10609=CARTESIAN_POINT('',(33.753345189278,24.0403680162631,0.));
#10610=CARTESIAN_POINT('Ctrl Pts',(33.753345189278,24.0403680162631,0.));
#10611=CARTESIAN_POINT('Ctrl Pts',(32.4633532657067,24.0403680162631,0.));
#10612=CARTESIAN_POINT('Ctrl Pts',(31.5523908941498,23.5484128706725,0.));
#10613=CARTESIAN_POINT('',(33.753345189278,24.0403680162631,0.32));
#10614=CARTESIAN_POINT('Ctrl Pts',(33.753345189278,24.0403680162631,0.32));
#10615=CARTESIAN_POINT('Ctrl Pts',(32.4633532657067,24.0403680162631,0.32));
#10616=CARTESIAN_POINT('Ctrl Pts',(31.5523908941498,23.5484128706725,0.32));
#10617=CARTESIAN_POINT('',(33.753345189278,24.0403680162631,0.));
#10618=CARTESIAN_POINT('Origin',(34.043570904848,24.0403672952088,0.));
#10619=CARTESIAN_POINT('',(34.043570904848,24.0403672952088,0.));
#10620=CARTESIAN_POINT('',(34.043570904848,24.0403672952088,0.));
#10621=CARTESIAN_POINT('',(34.043570904848,24.0403672952088,0.32));
#10622=CARTESIAN_POINT('',(34.043570904848,24.0403672952088,0.32));
#10623=CARTESIAN_POINT('',(34.043570904848,24.0403672952088,0.));
#10624=CARTESIAN_POINT('Ctrl Pts',(36.260772289145,23.5726064049228,0.));
#10625=CARTESIAN_POINT('Ctrl Pts',(36.260772289145,23.5726064049228,0.32));
#10626=CARTESIAN_POINT('Ctrl Pts',(35.3498105543544,24.0403680162631,0.));
#10627=CARTESIAN_POINT('Ctrl Pts',(35.3498105543544,24.0403680162631,0.32));
#10628=CARTESIAN_POINT('Ctrl Pts',(34.043570904848,24.0403672952088,0.));
#10629=CARTESIAN_POINT('Ctrl Pts',(34.043570904848,24.0403672952088,0.32));
#10630=CARTESIAN_POINT('',(36.260772289145,23.5726064049228,0.));
#10631=CARTESIAN_POINT('Ctrl Pts',(36.260772289145,23.5726064049228,0.));
#10632=CARTESIAN_POINT('Ctrl Pts',(35.3498105543544,24.0403680162631,0.));
#10633=CARTESIAN_POINT('Ctrl Pts',(34.043570904848,24.0403672952088,0.));
#10634=CARTESIAN_POINT('',(36.260772289145,23.5726064049228,0.32));
#10635=CARTESIAN_POINT('Ctrl Pts',(36.260772289145,23.5726064049228,0.32));
#10636=CARTESIAN_POINT('Ctrl Pts',(35.3498105543544,24.0403680162631,0.32));
#10637=CARTESIAN_POINT('Ctrl Pts',(34.043570904848,24.0403672952088,0.32));
#10638=CARTESIAN_POINT('',(36.260772289145,23.5726064049228,0.));
#10639=CARTESIAN_POINT('Ctrl Pts',(37.6475804780462,22.3147409138356,0.));
#10640=CARTESIAN_POINT('Ctrl Pts',(37.6475804780462,22.3147409138356,0.32));
#10641=CARTESIAN_POINT('Ctrl Pts',(37.1717344484465,23.1048433514739,0.));
#10642=CARTESIAN_POINT('Ctrl Pts',(37.1717344484465,23.1048433514739,0.32));
#10643=CARTESIAN_POINT('Ctrl Pts',(36.260772289145,23.5726064049228,0.));
#10644=CARTESIAN_POINT('Ctrl Pts',(36.260772289145,23.5726064049228,0.32));
#10645=CARTESIAN_POINT('',(37.6475804780462,22.3147409138356,0.));
#10646=CARTESIAN_POINT('Ctrl Pts',(37.6475804780462,22.3147409138356,0.));
#10647=CARTESIAN_POINT('Ctrl Pts',(37.1717344484465,23.1048433514739,0.));
#10648=CARTESIAN_POINT('Ctrl Pts',(36.260772289145,23.5726064049228,0.));
#10649=CARTESIAN_POINT('',(37.6475804780462,22.3147409138356,0.32));
#10650=CARTESIAN_POINT('Ctrl Pts',(37.6475804780462,22.3147409138356,0.32));
#10651=CARTESIAN_POINT('Ctrl Pts',(37.1717344484465,23.1048433514739,0.32));
#10652=CARTESIAN_POINT('Ctrl Pts',(36.260772289145,23.5726064049228,0.32));
#10653=CARTESIAN_POINT('',(37.6475804780462,22.3147409138356,0.));
#10654=CARTESIAN_POINT('Ctrl Pts',(38.123426507646,20.5409781504998,0.));
#10655=CARTESIAN_POINT('Ctrl Pts',(38.123426507646,20.5409781504998,0.32));
#10656=CARTESIAN_POINT('Ctrl Pts',(38.123426507646,21.5246384761973,0.));
#10657=CARTESIAN_POINT('Ctrl Pts',(38.123426507646,21.5246384761973,0.32));
#10658=CARTESIAN_POINT('Ctrl Pts',(37.6475804780462,22.3147409138356,0.));
#10659=CARTESIAN_POINT('Ctrl Pts',(37.6475804780462,22.3147409138356,0.32));
#10660=CARTESIAN_POINT('',(38.123426507646,20.5409781504998,0.));
#10661=CARTESIAN_POINT('Ctrl Pts',(38.123426507646,20.5409781504998,0.));
#10662=CARTESIAN_POINT('Ctrl Pts',(38.123426507646,21.5246384761973,0.));
#10663=CARTESIAN_POINT('Ctrl Pts',(37.6475804780462,22.3147409138356,0.));
#10664=CARTESIAN_POINT('',(38.123426507646,20.5409781504998,0.32));
#10665=CARTESIAN_POINT('Ctrl Pts',(38.123426507646,20.5409781504998,0.32));
#10666=CARTESIAN_POINT('Ctrl Pts',(38.123426507646,21.5246384761973,0.32));
#10667=CARTESIAN_POINT('Ctrl Pts',(37.6475804780462,22.3147409138356,0.32));
#10668=CARTESIAN_POINT('',(38.123426507646,20.5409781504998,0.));
#10669=CARTESIAN_POINT('Ctrl Pts',(37.6961003631763,18.8397976723748,0.));
#10670=CARTESIAN_POINT('Ctrl Pts',(37.6961003631763,18.8397976723748,0.32));
#10671=CARTESIAN_POINT('Ctrl Pts',(38.123426507646,19.3962708321109,0.));
#10672=CARTESIAN_POINT('Ctrl Pts',(38.123426507646,19.3962708321109,0.32));
#10673=CARTESIAN_POINT('Ctrl Pts',(38.123426507646,20.5409781504998,0.));
#10674=CARTESIAN_POINT('Ctrl Pts',(38.123426507646,20.5409781504998,0.32));
#10675=CARTESIAN_POINT('',(37.6961003631763,18.8397976723748,0.));
#10676=CARTESIAN_POINT('Ctrl Pts',(37.6961003631763,18.8397976723748,0.));
#10677=CARTESIAN_POINT('Ctrl Pts',(38.123426507646,19.3962708321109,0.));
#10678=CARTESIAN_POINT('Ctrl Pts',(38.123426507646,20.5409781504998,0.));
#10679=CARTESIAN_POINT('',(37.6961003631763,18.8397976723748,0.32));
#10680=CARTESIAN_POINT('Ctrl Pts',(37.6961003631763,18.8397976723748,0.32));
#10681=CARTESIAN_POINT('Ctrl Pts',(38.123426507646,19.3962708321109,0.32));
#10682=CARTESIAN_POINT('Ctrl Pts',(38.123426507646,20.5409781504998,0.32));
#10683=CARTESIAN_POINT('',(37.6961003631763,18.8397976723748,0.));
#10684=CARTESIAN_POINT('Ctrl Pts',(36.7366185310002,18.0416271180484,0.));
#10685=CARTESIAN_POINT('Ctrl Pts',(36.7366185310002,18.0416271180484,0.32));
#10686=CARTESIAN_POINT('Ctrl Pts',(37.2687733696851,18.2835744781224,0.));
#10687=CARTESIAN_POINT('Ctrl Pts',(37.2687733696851,18.2835744781224,0.32));
#10688=CARTESIAN_POINT('Ctrl Pts',(37.6961003631763,18.8397976723748,0.));
#10689=CARTESIAN_POINT('Ctrl Pts',(37.6961003631763,18.8397976723748,0.32));
#10690=CARTESIAN_POINT('',(36.7366185310002,18.0416271180484,0.));
#10691=CARTESIAN_POINT('Ctrl Pts',(36.7366185310002,18.0416271180484,0.));
#10692=CARTESIAN_POINT('Ctrl Pts',(37.2687733696851,18.2835744781224,0.));
#10693=CARTESIAN_POINT('Ctrl Pts',(37.6961003631763,18.8397976723748,0.));
#10694=CARTESIAN_POINT('',(36.7366185310002,18.0416271180484,0.32));
#10695=CARTESIAN_POINT('Ctrl Pts',(36.7366185310002,18.0416271180484,0.32));
#10696=CARTESIAN_POINT('Ctrl Pts',(37.2687733696851,18.2835744781224,0.32));
#10697=CARTESIAN_POINT('Ctrl Pts',(37.6961003631763,18.8397976723748,0.32));
#10698=CARTESIAN_POINT('',(36.7366185310002,18.0416271180484,0.));
#10699=CARTESIAN_POINT('Origin',(36.7366185310002,17.7512941315823,0.));
#10700=CARTESIAN_POINT('',(36.7366185310002,17.7512941315823,0.));
#10701=CARTESIAN_POINT('',(36.7366185310002,17.7512941315823,0.));
#10702=CARTESIAN_POINT('',(36.7366185310002,17.7512941315823,0.32));
#10703=CARTESIAN_POINT('',(36.7366185310002,17.7512941315823,0.32));
#10704=CARTESIAN_POINT('',(36.7366185310002,17.7512941315823,0.));
#10705=CARTESIAN_POINT('Origin',(41.1227251316498,17.7512941315823,0.));
#10706=CARTESIAN_POINT('',(41.1227251316498,17.7512941315823,0.));
#10707=CARTESIAN_POINT('',(41.1227251316498,17.7512941315823,0.));
#10708=CARTESIAN_POINT('',(41.1227251316498,17.7512941315823,0.32));
#10709=CARTESIAN_POINT('',(41.1227251316498,17.7512941315823,0.32));
#10710=CARTESIAN_POINT('',(41.1227251316498,17.7512941315823,0.));
#10711=CARTESIAN_POINT('Origin',(41.1227251316498,15.7197054315255,0.));
#10712=CARTESIAN_POINT('',(41.1227251316498,15.7197054315255,0.));
#10713=CARTESIAN_POINT('',(41.1227251316498,15.7197054315255,0.));
#10714=CARTESIAN_POINT('',(41.1227251316498,15.7197054315255,0.32));
#10715=CARTESIAN_POINT('',(41.1227251316498,15.7197054315255,0.32));
#10716=CARTESIAN_POINT('',(41.1227251316498,15.7197054315255,0.));
#10717=CARTESIAN_POINT('Origin',(29.8993936395687,15.7197054315255,0.));
#10718=CARTESIAN_POINT('',(29.8993936395687,15.7197054315255,0.));
#10719=CARTESIAN_POINT('',(29.8993936395687,15.7197054315255,0.32));
#10720=CARTESIAN_POINT('Origin',(35.3981073590649,19.8800367238943,0.));
#10721=CARTESIAN_POINT('Origin',(35.3981073590649,19.8800367238943,0.32));
#10722=CARTESIAN_POINT('Origin',(20.7720184333129,73.3040170471757,0.));
#10723=CARTESIAN_POINT('',(22.2147954134724,73.2765985752376,0.));
#10724=CARTESIAN_POINT('',(20.8000952462933,74.7467813659938,0.));
#10725=CARTESIAN_POINT('Origin',(20.7720184333129,73.3040170471757,0.));
#10726=CARTESIAN_POINT('',(22.2147954134724,73.2765985752376,0.32));
#10727=CARTESIAN_POINT('',(22.2147954134724,73.2765985752376,0.));
#10728=CARTESIAN_POINT('',(20.8000952462933,74.7467813659938,0.32));
#10729=CARTESIAN_POINT('Origin',(20.7720184333129,73.3040170471757,0.32));
#10730=CARTESIAN_POINT('',(20.8000952462933,74.7467813659938,0.));
#10731=CARTESIAN_POINT('Origin',(20.7726712347674,73.304004491119,0.));
#10732=CARTESIAN_POINT('',(19.3299115471623,73.3323182846339,0.));
#10733=CARTESIAN_POINT('Origin',(20.7726712347674,73.304004491119,0.));
#10734=CARTESIAN_POINT('',(19.3299115471623,73.3323182846339,0.32));
#10735=CARTESIAN_POINT('Origin',(20.7726712347674,73.304004491119,0.32));
#10736=CARTESIAN_POINT('',(19.3299115471623,73.3323182846339,0.));
#10737=CARTESIAN_POINT('Origin',(20.7726884389579,73.3048951633238,0.));
#10738=CARTESIAN_POINT('',(20.7443737201474,71.8621354938777,0.));
#10739=CARTESIAN_POINT('Origin',(20.7726884389579,73.3048951633238,0.));
#10740=CARTESIAN_POINT('',(20.7443737201474,71.8621354938777,0.32));
#10741=CARTESIAN_POINT('Origin',(20.7726884389579,73.3048951633238,0.32));
#10742=CARTESIAN_POINT('',(20.7443737201474,71.8621354938777,0.));
#10743=CARTESIAN_POINT('Origin',(20.7713355199009,73.3056356417598,0.));
#10744=CARTESIAN_POINT('Origin',(20.7713355199009,73.3056356417598,0.));
#10745=CARTESIAN_POINT('Origin',(20.7713355199009,73.3056356417598,0.32));
#10746=CARTESIAN_POINT('Ctrl Pts',(20.6986534003994,69.498509781483,0.));
#10747=CARTESIAN_POINT('Ctrl Pts',(20.6986534003994,69.498509781483,0.32));
#10748=CARTESIAN_POINT('Ctrl Pts',(22.3869596867344,69.465648415211,0.));
#10749=CARTESIAN_POINT('Ctrl Pts',(22.3869596867344,69.465648415211,0.32));
#10750=CARTESIAN_POINT('Ctrl Pts',(23.8409506969235,70.5395926739009,0.));
#10751=CARTESIAN_POINT('Ctrl Pts',(23.8409506969235,70.5395926739009,0.32));
#10752=CARTESIAN_POINT('Ctrl Pts',(24.3681596140645,72.0526380373271,0.));
#10753=CARTESIAN_POINT('Ctrl Pts',(24.3681596140645,72.0526380373271,0.32));
#10754=CARTESIAN_POINT('',(20.6986534003994,69.498509781483,0.));
#10755=CARTESIAN_POINT('',(24.3681596140645,72.0526380373271,0.));
#10756=CARTESIAN_POINT('Ctrl Pts',(20.6986534003994,69.498509781483,0.));
#10757=CARTESIAN_POINT('Ctrl Pts',(22.3869596867344,69.465648415211,0.));
#10758=CARTESIAN_POINT('Ctrl Pts',(23.8409506969235,70.5395926739009,0.));
#10759=CARTESIAN_POINT('Ctrl Pts',(24.3681596140645,72.0526380373271,0.));
#10760=CARTESIAN_POINT('',(24.3681596140645,72.0526380373271,0.32));
#10761=CARTESIAN_POINT('',(24.3681596140645,72.0526380373271,0.));
#10762=CARTESIAN_POINT('',(20.6986534003994,69.498509781483,0.32));
#10763=CARTESIAN_POINT('Ctrl Pts',(20.6986534003994,69.498509781483,0.32));
#10764=CARTESIAN_POINT('Ctrl Pts',(22.3869596867344,69.465648415211,0.32));
#10765=CARTESIAN_POINT('Ctrl Pts',(23.8409506969235,70.5395926739009,0.32));
#10766=CARTESIAN_POINT('Ctrl Pts',(24.3681596140645,72.0526380373271,0.32));
#10767=CARTESIAN_POINT('',(20.6986534003994,69.498509781483,0.));
#10768=CARTESIAN_POINT('Ctrl Pts',(16.9662822012684,73.378042237881,0.));
#10769=CARTESIAN_POINT('Ctrl Pts',(16.9662822012684,73.378042237881,0.32));
#10770=CARTESIAN_POINT('Ctrl Pts',(16.9258009331009,71.277541816357,0.));
#10771=CARTESIAN_POINT('Ctrl Pts',(16.9258009331009,71.277541816357,0.32));
#10772=CARTESIAN_POINT('Ctrl Pts',(18.5981529788754,69.5389905954631,0.));
#10773=CARTESIAN_POINT('Ctrl Pts',(18.5981529788754,69.5389905954631,0.32));
#10774=CARTESIAN_POINT('Ctrl Pts',(20.6986534003994,69.498509781483,0.));
#10775=CARTESIAN_POINT('Ctrl Pts',(20.6986534003994,69.498509781483,0.32));
#10776=CARTESIAN_POINT('',(16.9662822012684,73.378042237881,0.));
#10777=CARTESIAN_POINT('Ctrl Pts',(16.9662822012684,73.378042237881,0.));
#10778=CARTESIAN_POINT('Ctrl Pts',(16.9258009331009,71.277541816357,0.));
#10779=CARTESIAN_POINT('Ctrl Pts',(18.5981529788754,69.5389905954631,0.));
#10780=CARTESIAN_POINT('Ctrl Pts',(20.6986534003994,69.498509781483,0.));
#10781=CARTESIAN_POINT('',(16.9662822012684,73.378042237881,0.32));
#10782=CARTESIAN_POINT('Ctrl Pts',(16.9662822012684,73.378042237881,0.32));
#10783=CARTESIAN_POINT('Ctrl Pts',(16.9258009331009,71.277541816357,0.32));
#10784=CARTESIAN_POINT('Ctrl Pts',(18.5981529788754,69.5389905954631,0.32));
#10785=CARTESIAN_POINT('Ctrl Pts',(20.6986534003994,69.498509781483,0.32));
#10786=CARTESIAN_POINT('',(16.9662822012684,73.378042237881,0.));
#10787=CARTESIAN_POINT('Ctrl Pts',(20.8458146576664,77.1104125286372,0.));
#10788=CARTESIAN_POINT('Ctrl Pts',(20.8458146576664,77.1104125286372,0.32));
#10789=CARTESIAN_POINT('Ctrl Pts',(18.7455522303364,77.1511313368114,0.));
#10790=CARTESIAN_POINT('Ctrl Pts',(18.7455522303364,77.1511313368114,0.32));
#10791=CARTESIAN_POINT('Ctrl Pts',(17.0067634694359,75.478542659405,0.));
#10792=CARTESIAN_POINT('Ctrl Pts',(17.0067634694359,75.478542659405,0.32));
#10793=CARTESIAN_POINT('Ctrl Pts',(16.9662822012684,73.378042237881,0.));
#10794=CARTESIAN_POINT('Ctrl Pts',(16.9662822012684,73.378042237881,0.32));
#10795=CARTESIAN_POINT('',(20.8458146576664,77.1104125286372,0.));
#10796=CARTESIAN_POINT('Ctrl Pts',(20.8458146576664,77.1104125286372,0.));
#10797=CARTESIAN_POINT('Ctrl Pts',(18.7455522303364,77.1511313368114,0.));
#10798=CARTESIAN_POINT('Ctrl Pts',(17.0067634694359,75.478542659405,0.));
#10799=CARTESIAN_POINT('Ctrl Pts',(16.9662822012684,73.378042237881,0.));
#10800=CARTESIAN_POINT('',(20.8458146576664,77.1104125286372,0.32));
#10801=CARTESIAN_POINT('Ctrl Pts',(20.8458146576664,77.1104125286372,0.32));
#10802=CARTESIAN_POINT('Ctrl Pts',(18.7455522303364,77.1511313368114,0.32));
#10803=CARTESIAN_POINT('Ctrl Pts',(17.0067634694359,75.478542659405,0.32));
#10804=CARTESIAN_POINT('Ctrl Pts',(16.9662822012684,73.378042237881,0.32));
#10805=CARTESIAN_POINT('',(20.8458146576664,77.1104125286372,0.));
#10806=CARTESIAN_POINT('Ctrl Pts',(24.4141179280064,74.4162655664714,0.));
#10807=CARTESIAN_POINT('Ctrl Pts',(24.4141179280064,74.4162655664714,0.32));
#10808=CARTESIAN_POINT('Ctrl Pts',(23.9454882840893,75.9485993601115,0.));
#10809=CARTESIAN_POINT('Ctrl Pts',(23.9454882840893,75.9485993601115,0.32));
#10810=CARTESIAN_POINT('Ctrl Pts',(22.5338829498074,77.0777891565593,0.));
#10811=CARTESIAN_POINT('Ctrl Pts',(22.5338829498074,77.0777891565593,0.32));
#10812=CARTESIAN_POINT('Ctrl Pts',(20.8458146576664,77.1104125286372,0.));
#10813=CARTESIAN_POINT('Ctrl Pts',(20.8458146576664,77.1104125286372,0.32));
#10814=CARTESIAN_POINT('',(24.4141179280064,74.4162655664714,0.));
#10815=CARTESIAN_POINT('Ctrl Pts',(24.4141179280064,74.4162655664714,0.));
#10816=CARTESIAN_POINT('Ctrl Pts',(23.9454882840893,75.9485993601115,0.));
#10817=CARTESIAN_POINT('Ctrl Pts',(22.5338829498074,77.0777891565593,0.));
#10818=CARTESIAN_POINT('Ctrl Pts',(20.8458146576664,77.1104125286372,0.));
#10819=CARTESIAN_POINT('',(24.4141179280064,74.4162655664714,0.32));
#10820=CARTESIAN_POINT('Ctrl Pts',(24.4141179280064,74.4162655664714,0.32));
#10821=CARTESIAN_POINT('Ctrl Pts',(23.9454882840893,75.9485993601115,0.32));
#10822=CARTESIAN_POINT('Ctrl Pts',(22.5338829498074,77.0777891565593,0.32));
#10823=CARTESIAN_POINT('Ctrl Pts',(20.8458146576664,77.1104125286372,0.32));
#10824=CARTESIAN_POINT('',(24.4141179280064,74.4162655664714,0.));
#10825=CARTESIAN_POINT('Origin',(28.4717681460164,74.3376838804515,0.));
#10826=CARTESIAN_POINT('',(28.4717681460164,74.3376838804515,0.));
#10827=CARTESIAN_POINT('',(28.4717681460164,74.3376838804515,0.));
#10828=CARTESIAN_POINT('',(28.4717681460164,74.3376838804515,0.32));
#10829=CARTESIAN_POINT('',(28.4717681460164,74.3376838804515,0.32));
#10830=CARTESIAN_POINT('',(28.4717681460164,74.3376838804515,0.));
#10831=CARTESIAN_POINT('Origin',(27.6702382187626,71.988821075085,0.));
#10832=CARTESIAN_POINT('',(27.6702382187626,71.988821075085,0.));
#10833=CARTESIAN_POINT('',(27.6702382187626,71.988821075085,0.));
#10834=CARTESIAN_POINT('',(27.6702382187626,71.988821075085,0.32));
#10835=CARTESIAN_POINT('',(27.6702382187626,71.988821075085,0.32));
#10836=CARTESIAN_POINT('',(27.6702382187626,71.988821075085,0.));
#10837=CARTESIAN_POINT('Origin',(24.3681596140645,72.0526380373271,0.));
#10838=CARTESIAN_POINT('',(24.3681596140645,72.0526380373271,0.));
#10839=CARTESIAN_POINT('',(24.3681596140645,72.0526380373271,0.32));
#10840=CARTESIAN_POINT('Origin',(22.6987845395587,73.3083898760112,0.));
#10841=CARTESIAN_POINT('Origin',(22.6987845395587,73.3083898760112,0.32));
#10842=CARTESIAN_POINT('Origin',(36.8294792942784,71.8116534734996,0.));
#10843=CARTESIAN_POINT('',(36.8294792942784,71.8116534734996,0.));
#10844=CARTESIAN_POINT('',(37.6307694105885,74.1607560898097,0.));
#10845=CARTESIAN_POINT('',(36.8294792942784,71.8116534734996,0.));
#10846=CARTESIAN_POINT('',(37.6307694105885,74.1607560898097,0.32));
#10847=CARTESIAN_POINT('',(37.6307694105885,74.1607560898097,0.));
#10848=CARTESIAN_POINT('',(36.8294792942784,71.8116534734996,0.32));
#10849=CARTESIAN_POINT('',(36.8294792942784,71.8116534734996,0.32));
#10850=CARTESIAN_POINT('',(36.8294792942784,71.8116534734996,0.));
#10851=CARTESIAN_POINT('Origin',(32.3998786692402,71.8973786188396,0.));
#10852=CARTESIAN_POINT('',(32.3998786692402,71.8973786188396,0.));
#10853=CARTESIAN_POINT('',(32.3998786692402,71.8973786188396,0.));
#10854=CARTESIAN_POINT('',(32.3998786692402,71.8973786188396,0.32));
#10855=CARTESIAN_POINT('',(32.3998786692402,71.8973786188396,0.32));
#10856=CARTESIAN_POINT('',(32.3998786692402,71.8973786188396,0.));
#10857=CARTESIAN_POINT('Origin',(33.2009289746068,74.2464812351497,0.));
#10858=CARTESIAN_POINT('',(33.2009289746068,74.2464812351497,0.));
#10859=CARTESIAN_POINT('',(33.2009289746068,74.2464812351497,0.));
#10860=CARTESIAN_POINT('',(33.2009289746068,74.2464812351497,0.32));
#10861=CARTESIAN_POINT('',(33.2009289746068,74.2464812351497,0.32));
#10862=CARTESIAN_POINT('',(33.2009289746068,74.2464812351497,0.));
#10863=CARTESIAN_POINT('Origin',(37.6307694105885,74.1607560898097,0.));
#10864=CARTESIAN_POINT('',(37.6307694105885,74.1607560898097,0.));
#10865=CARTESIAN_POINT('',(37.6307694105885,74.1607560898097,0.32));
#10866=CARTESIAN_POINT('Origin',(35.0153240399144,73.0290673543246,0.));
#10867=CARTESIAN_POINT('Origin',(35.0153240399144,73.0290673543246,0.32));
#10868=CARTESIAN_POINT('Ctrl Pts',(33.9952738878821,40.294583178054,0.));
#10869=CARTESIAN_POINT('Ctrl Pts',(33.9952738878821,40.294583178054,0.32));
#10870=CARTESIAN_POINT('Ctrl Pts',(34.9952625395368,40.294583178054,0.));
#10871=CARTESIAN_POINT('Ctrl Pts',(34.9952625395368,40.294583178054,0.32));
#10872=CARTESIAN_POINT('Ctrl Pts',(35.5917392529585,39.6980367056636,0.));
#10873=CARTESIAN_POINT('Ctrl Pts',(35.5917392529585,39.6980367056636,0.32));
#10874=CARTESIAN_POINT('',(35.5917392529585,39.6980367056636,0.));
#10875=CARTESIAN_POINT('',(33.9952738878821,40.294583178054,0.));
#10876=CARTESIAN_POINT('Ctrl Pts',(35.5917392529585,39.6980367056636,0.));
#10877=CARTESIAN_POINT('Ctrl Pts',(34.9952625395368,40.294583178054,0.));
#10878=CARTESIAN_POINT('Ctrl Pts',(33.9952738878821,40.294583178054,0.));
#10879=CARTESIAN_POINT('',(35.5917392529585,39.6980367056636,0.32));
#10880=CARTESIAN_POINT('',(35.5917392529585,39.6980367056636,0.));
#10881=CARTESIAN_POINT('',(33.9952738878821,40.294583178054,0.32));
#10882=CARTESIAN_POINT('Ctrl Pts',(33.9952738878821,40.294583178054,0.32));
#10883=CARTESIAN_POINT('Ctrl Pts',(34.9952625395368,40.294583178054,0.32));
#10884=CARTESIAN_POINT('Ctrl Pts',(35.5917392529585,39.6980367056636,0.32));
#10885=CARTESIAN_POINT('',(33.9952738878821,40.294583178054,0.));
#10886=CARTESIAN_POINT('Origin',(33.8018641192588,40.294584019284,0.));
#10887=CARTESIAN_POINT('',(33.8018641192588,40.294584019284,0.));
#10888=CARTESIAN_POINT('',(33.8018641192588,40.294584019284,0.));
#10889=CARTESIAN_POINT('',(33.8018641192588,40.294584019284,0.32));
#10890=CARTESIAN_POINT('',(33.8018641192588,40.294584019284,0.32));
#10891=CARTESIAN_POINT('',(33.8018641192588,40.294584019284,0.));
#10892=CARTESIAN_POINT('Ctrl Pts',(32.2053988603101,39.6980367056636,0.));
#10893=CARTESIAN_POINT('Ctrl Pts',(32.2053988603101,39.6980367056636,0.32));
#10894=CARTESIAN_POINT('Ctrl Pts',(32.8020980173852,40.2945851008654,0.));
#10895=CARTESIAN_POINT('Ctrl Pts',(32.8020980173852,40.2945851008654,0.32));
#10896=CARTESIAN_POINT('Ctrl Pts',(33.8018641192588,40.294584019284,0.));
#10897=CARTESIAN_POINT('Ctrl Pts',(33.8018641192588,40.294584019284,0.32));
#10898=CARTESIAN_POINT('',(32.2053988603101,39.6980367056636,0.));
#10899=CARTESIAN_POINT('Ctrl Pts',(33.8018641192588,40.294584019284,0.));
#10900=CARTESIAN_POINT('Ctrl Pts',(32.8020980173852,40.2945851008654,0.));
#10901=CARTESIAN_POINT('Ctrl Pts',(32.2053988603101,39.6980367056636,0.));
#10902=CARTESIAN_POINT('',(32.2053988603101,39.6980367056636,0.32));
#10903=CARTESIAN_POINT('Ctrl Pts',(32.2053988603101,39.6980367056636,0.32));
#10904=CARTESIAN_POINT('Ctrl Pts',(32.8020980173852,40.2945851008654,0.32));
#10905=CARTESIAN_POINT('Ctrl Pts',(33.8018641192588,40.294584019284,0.32));
#10906=CARTESIAN_POINT('',(32.2053988603101,39.6980367056636,0.));
#10907=CARTESIAN_POINT('Ctrl Pts',(31.608699703235,38.1659655684839,0.));
#10908=CARTESIAN_POINT('Ctrl Pts',(31.608699703235,38.1659655684839,0.32));
#10909=CARTESIAN_POINT('Ctrl Pts',(31.608699703235,39.1014883104617,0.));
#10910=CARTESIAN_POINT('Ctrl Pts',(31.608699703235,39.1014883104617,0.32));
#10911=CARTESIAN_POINT('Ctrl Pts',(32.2053988603101,39.6980367056636,0.));
#10912=CARTESIAN_POINT('Ctrl Pts',(32.2053988603101,39.6980367056636,0.32));
#10913=CARTESIAN_POINT('',(31.608699703235,38.1659655684839,0.));
#10914=CARTESIAN_POINT('Ctrl Pts',(32.2053988603101,39.6980367056636,0.));
#10915=CARTESIAN_POINT('Ctrl Pts',(31.608699703235,39.1014883104617,0.));
#10916=CARTESIAN_POINT('Ctrl Pts',(31.608699703235,38.1659655684839,0.));
#10917=CARTESIAN_POINT('',(31.608699703235,38.1659655684839,0.32));
#10918=CARTESIAN_POINT('Ctrl Pts',(31.608699703235,38.1659655684839,0.32));
#10919=CARTESIAN_POINT('Ctrl Pts',(31.608699703235,39.1014883104617,0.32));
#10920=CARTESIAN_POINT('Ctrl Pts',(32.2053988603101,39.6980367056636,0.32));
#10921=CARTESIAN_POINT('',(31.608699703235,38.1659655684839,0.));
#10922=CARTESIAN_POINT('Ctrl Pts',(32.2134110769402,36.626082048534,0.));
#10923=CARTESIAN_POINT('Ctrl Pts',(32.2134110769402,36.626082048534,0.32));
#10924=CARTESIAN_POINT('Ctrl Pts',(31.6086992787242,37.2145642498591,0.));
#10925=CARTESIAN_POINT('Ctrl Pts',(31.6086992787242,37.2145642498591,0.32));
#10926=CARTESIAN_POINT('Ctrl Pts',(31.608699703235,38.1659655684839,0.));
#10927=CARTESIAN_POINT('Ctrl Pts',(31.608699703235,38.1659655684839,0.32));
#10928=CARTESIAN_POINT('',(32.2134110769402,36.626082048534,0.));
#10929=CARTESIAN_POINT('Ctrl Pts',(31.608699703235,38.1659655684839,0.));
#10930=CARTESIAN_POINT('Ctrl Pts',(31.6086992787242,37.2145642498591,0.));
#10931=CARTESIAN_POINT('Ctrl Pts',(32.2134110769402,36.626082048534,0.));
#10932=CARTESIAN_POINT('',(32.2134110769402,36.626082048534,0.32));
#10933=CARTESIAN_POINT('Ctrl Pts',(32.2134110769402,36.626082048534,0.32));
#10934=CARTESIAN_POINT('Ctrl Pts',(31.6086992787242,37.2145642498591,0.32));
#10935=CARTESIAN_POINT('Ctrl Pts',(31.608699703235,38.1659655684839,0.32));
#10936=CARTESIAN_POINT('',(32.2134110769402,36.626082048534,0.));
#10937=CARTESIAN_POINT('Ctrl Pts',(33.8018642253865,36.0375998472089,0.));
#10938=CARTESIAN_POINT('Ctrl Pts',(33.8018642253865,36.0375998472089,0.32));
#10939=CARTESIAN_POINT('Ctrl Pts',(32.8181228751561,36.0375998472089,0.));
#10940=CARTESIAN_POINT('Ctrl Pts',(32.8181228751561,36.0375998472089,0.32));
#10941=CARTESIAN_POINT('Ctrl Pts',(32.2134110769402,36.626082048534,0.));
#10942=CARTESIAN_POINT('Ctrl Pts',(32.2134110769402,36.626082048534,0.32));
#10943=CARTESIAN_POINT('',(33.8018642253865,36.0375998472089,0.));
#10944=CARTESIAN_POINT('Ctrl Pts',(32.2134110769402,36.626082048534,0.));
#10945=CARTESIAN_POINT('Ctrl Pts',(32.8181228751561,36.0375998472089,0.));
#10946=CARTESIAN_POINT('Ctrl Pts',(33.8018642253865,36.0375998472089,0.));
#10947=CARTESIAN_POINT('',(33.8018642253865,36.0375998472089,0.32));
#10948=CARTESIAN_POINT('Ctrl Pts',(33.8018642253865,36.0375998472089,0.32));
#10949=CARTESIAN_POINT('Ctrl Pts',(32.8181228751561,36.0375998472089,0.32));
#10950=CARTESIAN_POINT('Ctrl Pts',(32.2134110769402,36.626082048534,0.32));
#10951=CARTESIAN_POINT('',(33.8018642253865,36.0375998472089,0.));
#10952=CARTESIAN_POINT('Origin',(33.9952738878821,36.0375998472089,0.));
#10953=CARTESIAN_POINT('',(33.9952738878821,36.0375998472089,0.));
#10954=CARTESIAN_POINT('',(33.9952738878821,36.0375998472089,0.));
#10955=CARTESIAN_POINT('',(33.9952738878821,36.0375998472089,0.32));
#10956=CARTESIAN_POINT('',(33.9952738878821,36.0375998472089,0.32));
#10957=CARTESIAN_POINT('',(33.9952738878821,36.0375998472089,0.));
#10958=CARTESIAN_POINT('Ctrl Pts',(35.5837270363285,36.626082048534,0.));
#10959=CARTESIAN_POINT('Ctrl Pts',(35.5837270363285,36.626082048534,0.32));
#10960=CARTESIAN_POINT('Ctrl Pts',(34.9787932189699,36.0375998472089,0.));
#10961=CARTESIAN_POINT('Ctrl Pts',(34.9787932189699,36.0375998472089,0.32));
#10962=CARTESIAN_POINT('Ctrl Pts',(33.9952738878821,36.0375998472089,0.));
#10963=CARTESIAN_POINT('Ctrl Pts',(33.9952738878821,36.0375998472089,0.32));
#10964=CARTESIAN_POINT('',(35.5837270363285,36.626082048534,0.));
#10965=CARTESIAN_POINT('Ctrl Pts',(33.9952738878821,36.0375998472089,0.));
#10966=CARTESIAN_POINT('Ctrl Pts',(34.9787932189699,36.0375998472089,0.));
#10967=CARTESIAN_POINT('Ctrl Pts',(35.5837270363285,36.626082048534,0.));
#10968=CARTESIAN_POINT('',(35.5837270363285,36.626082048534,0.32));
#10969=CARTESIAN_POINT('Ctrl Pts',(35.5837270363285,36.626082048534,0.32));
#10970=CARTESIAN_POINT('Ctrl Pts',(34.9787932189699,36.0375998472089,0.32));
#10971=CARTESIAN_POINT('Ctrl Pts',(33.9952738878821,36.0375998472089,0.32));
#10972=CARTESIAN_POINT('',(35.5837270363285,36.626082048534,0.));
#10973=CARTESIAN_POINT('Ctrl Pts',(36.1882159663802,38.1659655684839,0.));
#10974=CARTESIAN_POINT('Ctrl Pts',(36.1882159663802,38.1659655684839,0.32));
#10975=CARTESIAN_POINT('Ctrl Pts',(36.1882159663802,37.2148161381542,0.));
#10976=CARTESIAN_POINT('Ctrl Pts',(36.1882159663802,37.2148161381542,0.32));
#10977=CARTESIAN_POINT('Ctrl Pts',(35.5837270363285,36.626082048534,0.));
#10978=CARTESIAN_POINT('Ctrl Pts',(35.5837270363285,36.626082048534,0.32));
#10979=CARTESIAN_POINT('',(36.1882159663802,38.1659655684839,0.));
#10980=CARTESIAN_POINT('Ctrl Pts',(35.5837270363285,36.626082048534,0.));
#10981=CARTESIAN_POINT('Ctrl Pts',(36.1882159663802,37.2148161381542,0.));
#10982=CARTESIAN_POINT('Ctrl Pts',(36.1882159663802,38.1659655684839,0.));
#10983=CARTESIAN_POINT('',(36.1882159663802,38.1659655684839,0.32));
#10984=CARTESIAN_POINT('Ctrl Pts',(36.1882159663802,38.1659655684839,0.32));
#10985=CARTESIAN_POINT('Ctrl Pts',(36.1882159663802,37.2148161381542,0.32));
#10986=CARTESIAN_POINT('Ctrl Pts',(35.5837270363285,36.626082048534,0.32));
#10987=CARTESIAN_POINT('',(36.1882159663802,38.1659655684839,0.));
#10988=CARTESIAN_POINT('Ctrl Pts',(35.5917392529585,39.6980367056636,0.));
#10989=CARTESIAN_POINT('Ctrl Pts',(35.5917392529585,39.6980367056636,0.32));
#10990=CARTESIAN_POINT('Ctrl Pts',(36.1882159663802,39.1014902332731,0.));
#10991=CARTESIAN_POINT('Ctrl Pts',(36.1882159663802,39.1014902332731,0.32));
#10992=CARTESIAN_POINT('Ctrl Pts',(36.1882159663802,38.1659655684839,0.));
#10993=CARTESIAN_POINT('Ctrl Pts',(36.1882159663802,38.1659655684839,0.32));
#10994=CARTESIAN_POINT('Ctrl Pts',(36.1882159663802,38.1659655684839,0.));
#10995=CARTESIAN_POINT('Ctrl Pts',(36.1882159663802,39.1014902332731,0.));
#10996=CARTESIAN_POINT('Ctrl Pts',(35.5917392529585,39.6980367056636,0.));
#10997=CARTESIAN_POINT('Ctrl Pts',(35.5917392529585,39.6980367056636,0.32));
#10998=CARTESIAN_POINT('Ctrl Pts',(36.1882159663802,39.1014902332731,0.32));
#10999=CARTESIAN_POINT('Ctrl Pts',(36.1882159663802,38.1659655684839,0.32));
#11000=CARTESIAN_POINT('Origin',(36.7366185310002,36.0375998472089,0.));
#11001=CARTESIAN_POINT('',(36.7366185310002,36.0375998472089,0.));
#11002=CARTESIAN_POINT('',(36.7366185310002,36.3276828681912,0.));
#11003=CARTESIAN_POINT('',(36.7366185310002,36.0375998472089,0.));
#11004=CARTESIAN_POINT('',(36.7366185310002,36.3276828681912,0.32));
#11005=CARTESIAN_POINT('',(36.7366185310002,36.3276828681912,0.));
#11006=CARTESIAN_POINT('',(36.7366185310002,36.0375998472089,0.32));
#11007=CARTESIAN_POINT('',(36.7366185310002,36.0375998472089,0.32));
#11008=CARTESIAN_POINT('',(36.7366185310002,36.0375998472089,0.));
#11009=CARTESIAN_POINT('Origin',(37.8975222423019,36.0375998472089,0.));
#11010=CARTESIAN_POINT('',(37.8975222423019,36.0375998472089,0.));
#11011=CARTESIAN_POINT('',(37.8975222423019,36.0375998472089,0.));
#11012=CARTESIAN_POINT('',(37.8975222423019,36.0375998472089,0.32));
#11013=CARTESIAN_POINT('',(37.8975222423019,36.0375998472089,0.32));
#11014=CARTESIAN_POINT('',(37.8975222423019,36.0375998472089,0.));
#11015=CARTESIAN_POINT('Origin',(37.8975222423019,34.0057611816684,0.));
#11016=CARTESIAN_POINT('',(37.8975222423019,34.0057611816684,0.));
#11017=CARTESIAN_POINT('',(37.8975222423019,34.0057611816684,0.));
#11018=CARTESIAN_POINT('',(37.8975222423019,34.0057611816684,0.32));
#11019=CARTESIAN_POINT('',(37.8975222423019,34.0057611816684,0.32));
#11020=CARTESIAN_POINT('',(37.8975222423019,34.0057611816684,0.));
#11021=CARTESIAN_POINT('Origin',(26.6098695122502,34.0057611816684,0.));
#11022=CARTESIAN_POINT('',(26.6098695122502,34.0057611816684,0.));
#11023=CARTESIAN_POINT('',(26.6098695122502,34.0057611816684,0.));
#11024=CARTESIAN_POINT('',(26.6098695122502,34.0057611816684,0.32));
#11025=CARTESIAN_POINT('',(26.6098695122502,34.0057611816684,0.32));
#11026=CARTESIAN_POINT('',(26.6098695122502,34.0057611816684,0.));
#11027=CARTESIAN_POINT('Origin',(26.6098695122502,36.0376017700203,0.));
#11028=CARTESIAN_POINT('',(26.6098695122502,36.0376017700203,0.));
#11029=CARTESIAN_POINT('',(26.6098695122502,36.0376017700203,0.));
#11030=CARTESIAN_POINT('',(26.6098695122502,36.0376017700203,0.32));
#11031=CARTESIAN_POINT('',(26.6098695122502,36.0376017700203,0.32));
#11032=CARTESIAN_POINT('',(26.6098695122502,36.0376017700203,0.));
#11033=CARTESIAN_POINT('Origin',(31.06052043129,36.0376017700203,0.));
#11034=CARTESIAN_POINT('',(31.06052043129,36.0376017700203,0.));
#11035=CARTESIAN_POINT('',(31.06052043129,36.0376017700203,0.));
#11036=CARTESIAN_POINT('',(31.06052043129,36.0376017700203,0.32));
#11037=CARTESIAN_POINT('',(31.06052043129,36.0376017700203,0.32));
#11038=CARTESIAN_POINT('',(31.06052043129,36.0376017700203,0.));
#11039=CARTESIAN_POINT('Origin',(31.06052043129,36.3276847910026,0.));
#11040=CARTESIAN_POINT('',(31.06052043129,36.3276847910026,0.));
#11041=CARTESIAN_POINT('',(31.06052043129,36.3276847910026,0.));
#11042=CARTESIAN_POINT('',(31.06052043129,36.3276847910026,0.32));
#11043=CARTESIAN_POINT('',(31.06052043129,36.3276847910026,0.32));
#11044=CARTESIAN_POINT('',(31.06052043129,36.3276847910026,0.));
#11045=CARTESIAN_POINT('Ctrl Pts',(30.0364944664471,37.206753910076,0.));
#11046=CARTESIAN_POINT('Ctrl Pts',(30.0364944664471,37.206753910076,0.32));
#11047=CARTESIAN_POINT('Ctrl Pts',(30.3992769558247,36.6341482424107,0.));
#11048=CARTESIAN_POINT('Ctrl Pts',(30.3992769558247,36.6341482424107,0.32));
#11049=CARTESIAN_POINT('Ctrl Pts',(31.06052043129,36.3276847910026,0.));
#11050=CARTESIAN_POINT('Ctrl Pts',(31.06052043129,36.3276847910026,0.32));
#11051=CARTESIAN_POINT('',(30.0364944664471,37.206753910076,0.));
#11052=CARTESIAN_POINT('Ctrl Pts',(30.0364944664471,37.206753910076,0.));
#11053=CARTESIAN_POINT('Ctrl Pts',(30.3992769558247,36.6341482424107,0.));
#11054=CARTESIAN_POINT('Ctrl Pts',(31.06052043129,36.3276847910026,0.));
#11055=CARTESIAN_POINT('',(30.0364944664471,37.206753910076,0.32));
#11056=CARTESIAN_POINT('Ctrl Pts',(30.0364944664471,37.206753910076,0.32));
#11057=CARTESIAN_POINT('Ctrl Pts',(30.3992769558247,36.6341482424107,0.32));
#11058=CARTESIAN_POINT('Ctrl Pts',(31.06052043129,36.3276847910026,0.32));
#11059=CARTESIAN_POINT('',(30.0364944664471,37.206753910076,0.));
#11060=CARTESIAN_POINT('Ctrl Pts',(29.6737120831973,38.7466371896745,0.));
#11061=CARTESIAN_POINT('Ctrl Pts',(29.6737120831973,38.7466371896745,0.32));
#11062=CARTESIAN_POINT('Ctrl Pts',(29.6739344737868,37.7791055262833,0.));
#11063=CARTESIAN_POINT('Ctrl Pts',(29.6739344737868,37.7791055262833,0.32));
#11064=CARTESIAN_POINT('Ctrl Pts',(30.0364944664471,37.206753910076,0.));
#11065=CARTESIAN_POINT('Ctrl Pts',(30.0364944664471,37.206753910076,0.32));
#11066=CARTESIAN_POINT('',(29.6737120831973,38.7466371896745,0.));
#11067=CARTESIAN_POINT('Ctrl Pts',(29.6737120831973,38.7466371896745,0.));
#11068=CARTESIAN_POINT('Ctrl Pts',(29.6739344737868,37.7791055262833,0.));
#11069=CARTESIAN_POINT('Ctrl Pts',(30.0364944664471,37.206753910076,0.));
#11070=CARTESIAN_POINT('',(29.6737120831973,38.7466371896745,0.32));
#11071=CARTESIAN_POINT('Ctrl Pts',(29.6737120831973,38.7466371896745,0.32));
#11072=CARTESIAN_POINT('Ctrl Pts',(29.6739344737868,37.7791055262833,0.32));
#11073=CARTESIAN_POINT('Ctrl Pts',(30.0364944664471,37.206753910076,0.32));
#11074=CARTESIAN_POINT('',(29.6737120831973,38.7466371896745,0.));
#11075=CARTESIAN_POINT('Ctrl Pts',(30.1573478327098,40.5284662670628,0.));
#11076=CARTESIAN_POINT('Ctrl Pts',(30.1573478327098,40.5284662670628,0.32));
#11077=CARTESIAN_POINT('Ctrl Pts',(29.67348958648,39.7141690934171,0.));
#11078=CARTESIAN_POINT('Ctrl Pts',(29.67348958648,39.7141690934171,0.32));
#11079=CARTESIAN_POINT('Ctrl Pts',(29.6737120831973,38.7466371896745,0.));
#11080=CARTESIAN_POINT('Ctrl Pts',(29.6737120831973,38.7466371896745,0.32));
#11081=CARTESIAN_POINT('',(30.1573478327098,40.5284662670628,0.));
#11082=CARTESIAN_POINT('Ctrl Pts',(30.1573478327098,40.5284662670628,0.));
#11083=CARTESIAN_POINT('Ctrl Pts',(29.67348958648,39.7141690934171,0.));
#11084=CARTESIAN_POINT('Ctrl Pts',(29.6737120831973,38.7466371896745,0.));
#11085=CARTESIAN_POINT('',(30.1573478327098,40.5284662670628,0.32));
#11086=CARTESIAN_POINT('Ctrl Pts',(30.1573478327098,40.5284662670628,0.32));
#11087=CARTESIAN_POINT('Ctrl Pts',(29.67348958648,39.7141690934171,0.32));
#11088=CARTESIAN_POINT('Ctrl Pts',(29.6737120831973,38.7466371896745,0.32));
#11089=CARTESIAN_POINT('',(30.1573478327098,40.5284662670628,0.));
#11090=CARTESIAN_POINT('Ctrl Pts',(31.5523908941498,41.8347205091104,0.));
#11091=CARTESIAN_POINT('Ctrl Pts',(31.5523908941498,41.8347205091104,0.32));
#11092=CARTESIAN_POINT('Ctrl Pts',(30.6412060789396,41.3427634407084,0.));
#11093=CARTESIAN_POINT('Ctrl Pts',(30.6412060789396,41.3427634407084,0.32));
#11094=CARTESIAN_POINT('Ctrl Pts',(30.1573478327098,40.5284662670628,0.));
#11095=CARTESIAN_POINT('Ctrl Pts',(30.1573478327098,40.5284662670628,0.32));
#11096=CARTESIAN_POINT('',(31.5523908941498,41.8347205091104,0.));
#11097=CARTESIAN_POINT('Ctrl Pts',(31.5523908941498,41.8347205091104,0.));
#11098=CARTESIAN_POINT('Ctrl Pts',(30.6412060789396,41.3427634407084,0.));
#11099=CARTESIAN_POINT('Ctrl Pts',(30.1573478327098,40.5284662670628,0.));
#11100=CARTESIAN_POINT('',(31.5523908941498,41.8347205091104,0.32));
#11101=CARTESIAN_POINT('Ctrl Pts',(31.5523908941498,41.8347205091104,0.32));
#11102=CARTESIAN_POINT('Ctrl Pts',(30.6412060789396,41.3427634407084,0.32));
#11103=CARTESIAN_POINT('Ctrl Pts',(30.1573478327098,40.5284662670628,0.32));
#11104=CARTESIAN_POINT('',(31.5523908941498,41.8347205091104,0.));
#11105=CARTESIAN_POINT('Ctrl Pts',(33.753345189278,42.3264237664059,0.));
#11106=CARTESIAN_POINT('Ctrl Pts',(33.753345189278,42.3264237664059,0.32));
#11107=CARTESIAN_POINT('Ctrl Pts',(32.4633532657067,42.3264237664059,0.));
#11108=CARTESIAN_POINT('Ctrl Pts',(32.4633532657067,42.3264237664059,0.32));
#11109=CARTESIAN_POINT('Ctrl Pts',(31.5523908941498,41.8347205091104,0.));
#11110=CARTESIAN_POINT('Ctrl Pts',(31.5523908941498,41.8347205091104,0.32));
#11111=CARTESIAN_POINT('',(33.753345189278,42.3264237664059,0.));
#11112=CARTESIAN_POINT('Ctrl Pts',(33.753345189278,42.3264237664059,0.));
#11113=CARTESIAN_POINT('Ctrl Pts',(32.4633532657067,42.3264237664059,0.));
#11114=CARTESIAN_POINT('Ctrl Pts',(31.5523908941498,41.8347205091104,0.));
#11115=CARTESIAN_POINT('',(33.753345189278,42.3264237664059,0.32));
#11116=CARTESIAN_POINT('Ctrl Pts',(33.753345189278,42.3264237664059,0.32));
#11117=CARTESIAN_POINT('Ctrl Pts',(32.4633532657067,42.3264237664059,0.32));
#11118=CARTESIAN_POINT('Ctrl Pts',(31.5523908941498,41.8347205091104,0.32));
#11119=CARTESIAN_POINT('',(33.753345189278,42.3264237664059,0.));
#11120=CARTESIAN_POINT('Origin',(34.0435713293588,42.3264237664059,0.));
#11121=CARTESIAN_POINT('',(34.0435713293588,42.3264237664059,0.));
#11122=CARTESIAN_POINT('',(34.0435713293588,42.3264237664059,0.));
#11123=CARTESIAN_POINT('',(34.0435713293588,42.3264237664059,0.32));
#11124=CARTESIAN_POINT('',(34.0435713293588,42.3264237664059,0.32));
#11125=CARTESIAN_POINT('',(34.0435713293588,42.3264237664059,0.));
#11126=CARTESIAN_POINT('Ctrl Pts',(36.260772289145,41.8589140433607,0.));
#11127=CARTESIAN_POINT('Ctrl Pts',(36.260772289145,41.8589140433607,0.32));
#11128=CARTESIAN_POINT('Ctrl Pts',(35.3498105543544,42.3264237664059,0.));
#11129=CARTESIAN_POINT('Ctrl Pts',(35.3498105543544,42.3264237664059,0.32));
#11130=CARTESIAN_POINT('Ctrl Pts',(34.0435713293588,42.3264237664059,0.));
#11131=CARTESIAN_POINT('Ctrl Pts',(34.0435713293588,42.3264237664059,0.32));
#11132=CARTESIAN_POINT('',(36.260772289145,41.8589140433607,0.));
#11133=CARTESIAN_POINT('Ctrl Pts',(36.260772289145,41.8589140433607,0.));
#11134=CARTESIAN_POINT('Ctrl Pts',(35.3498105543544,42.3264237664059,0.));
#11135=CARTESIAN_POINT('Ctrl Pts',(34.0435713293588,42.3264237664059,0.));
#11136=CARTESIAN_POINT('',(36.260772289145,41.8589140433607,0.32));
#11137=CARTESIAN_POINT('Ctrl Pts',(36.260772289145,41.8589140433607,0.32));
#11138=CARTESIAN_POINT('Ctrl Pts',(35.3498105543544,42.3264237664059,0.32));
#11139=CARTESIAN_POINT('Ctrl Pts',(34.0435713293588,42.3264237664059,0.32));
#11140=CARTESIAN_POINT('',(36.260772289145,41.8589140433607,0.));
#11141=CARTESIAN_POINT('Ctrl Pts',(37.6475804780462,40.6010485522735,0.));
#11142=CARTESIAN_POINT('Ctrl Pts',(37.6475804780462,40.6010485522735,0.32));
#11143=CARTESIAN_POINT('Ctrl Pts',(37.1717344484465,41.3911529127232,0.));
#11144=CARTESIAN_POINT('Ctrl Pts',(37.1717344484465,41.3911529127232,0.32));
#11145=CARTESIAN_POINT('Ctrl Pts',(36.260772289145,41.8589140433607,0.));
#11146=CARTESIAN_POINT('Ctrl Pts',(36.260772289145,41.8589140433607,0.32));
#11147=CARTESIAN_POINT('',(37.6475804780462,40.6010485522735,0.));
#11148=CARTESIAN_POINT('Ctrl Pts',(37.6475804780462,40.6010485522735,0.));
#11149=CARTESIAN_POINT('Ctrl Pts',(37.1717344484465,41.3911529127232,0.));
#11150=CARTESIAN_POINT('Ctrl Pts',(36.260772289145,41.8589140433607,0.));
#11151=CARTESIAN_POINT('',(37.6475804780462,40.6010485522735,0.32));
#11152=CARTESIAN_POINT('Ctrl Pts',(37.6475804780462,40.6010485522735,0.32));
#11153=CARTESIAN_POINT('Ctrl Pts',(37.1717344484465,41.3911529127232,0.32));
#11154=CARTESIAN_POINT('Ctrl Pts',(36.260772289145,41.8589140433607,0.32));
#11155=CARTESIAN_POINT('',(37.6475804780462,40.6010485522735,0.));
#11156=CARTESIAN_POINT('Ctrl Pts',(38.123426507646,38.8272838661263,0.));
#11157=CARTESIAN_POINT('Ctrl Pts',(38.123426507646,38.8272838661263,0.32));
#11158=CARTESIAN_POINT('Ctrl Pts',(38.123426507646,39.8109441918238,0.));
#11159=CARTESIAN_POINT('Ctrl Pts',(38.123426507646,39.8109441918238,0.32));
#11160=CARTESIAN_POINT('Ctrl Pts',(37.6475804780462,40.6010485522735,0.));
#11161=CARTESIAN_POINT('Ctrl Pts',(37.6475804780462,40.6010485522735,0.32));
#11162=CARTESIAN_POINT('',(38.123426507646,38.8272838661263,0.));
#11163=CARTESIAN_POINT('Ctrl Pts',(38.123426507646,38.8272838661263,0.));
#11164=CARTESIAN_POINT('Ctrl Pts',(38.123426507646,39.8109441918238,0.));
#11165=CARTESIAN_POINT('Ctrl Pts',(37.6475804780462,40.6010485522735,0.));
#11166=CARTESIAN_POINT('',(38.123426507646,38.8272838661263,0.32));
#11167=CARTESIAN_POINT('Ctrl Pts',(38.123426507646,38.8272838661263,0.32));
#11168=CARTESIAN_POINT('Ctrl Pts',(38.123426507646,39.8109441918238,0.32));
#11169=CARTESIAN_POINT('Ctrl Pts',(37.6475804780462,40.6010485522735,0.32));
#11170=CARTESIAN_POINT('',(38.123426507646,38.8272838661263,0.));
#11171=CARTESIAN_POINT('Ctrl Pts',(37.6961003631763,37.1261033880013,0.));
#11172=CARTESIAN_POINT('Ctrl Pts',(37.6961003631763,37.1261033880013,0.32));
#11173=CARTESIAN_POINT('Ctrl Pts',(38.123426507646,37.6823265822537,0.));
#11174=CARTESIAN_POINT('Ctrl Pts',(38.123426507646,37.6823265822537,0.32));
#11175=CARTESIAN_POINT('Ctrl Pts',(38.123426507646,38.8272838661263,0.));
#11176=CARTESIAN_POINT('Ctrl Pts',(38.123426507646,38.8272838661263,0.32));
#11177=CARTESIAN_POINT('',(37.6961003631763,37.1261033880013,0.));
#11178=CARTESIAN_POINT('Ctrl Pts',(37.6961003631763,37.1261033880013,0.));
#11179=CARTESIAN_POINT('Ctrl Pts',(38.123426507646,37.6823265822537,0.));
#11180=CARTESIAN_POINT('Ctrl Pts',(38.123426507646,38.8272838661263,0.));
#11181=CARTESIAN_POINT('',(37.6961003631763,37.1261033880013,0.32));
#11182=CARTESIAN_POINT('Ctrl Pts',(37.6961003631763,37.1261033880013,0.32));
#11183=CARTESIAN_POINT('Ctrl Pts',(38.123426507646,37.6823265822537,0.32));
#11184=CARTESIAN_POINT('Ctrl Pts',(38.123426507646,38.8272838661263,0.32));
#11185=CARTESIAN_POINT('',(37.6961003631763,37.1261033880013,0.));
#11186=CARTESIAN_POINT('Ctrl Pts',(36.7366185310002,36.3276828681912,0.));
#11187=CARTESIAN_POINT('Ctrl Pts',(36.7366185310002,36.3276828681912,0.32));
#11188=CARTESIAN_POINT('Ctrl Pts',(37.2687733696851,36.5696283054538,0.));
#11189=CARTESIAN_POINT('Ctrl Pts',(37.2687733696851,36.5696283054538,0.32));
#11190=CARTESIAN_POINT('Ctrl Pts',(37.6961003631763,37.1261033880013,0.));
#11191=CARTESIAN_POINT('Ctrl Pts',(37.6961003631763,37.1261033880013,0.32));
#11192=CARTESIAN_POINT('Ctrl Pts',(36.7366185310002,36.3276828681912,0.));
#11193=CARTESIAN_POINT('Ctrl Pts',(37.2687733696851,36.5696283054538,0.));
#11194=CARTESIAN_POINT('Ctrl Pts',(37.6961003631763,37.1261033880013,0.));
#11195=CARTESIAN_POINT('Ctrl Pts',(36.7366185310002,36.3276828681912,0.32));
#11196=CARTESIAN_POINT('Ctrl Pts',(37.2687733696851,36.5696283054538,0.32));
#11197=CARTESIAN_POINT('Ctrl Pts',(37.6961003631763,37.1261033880013,0.32));
#11198=CARTESIAN_POINT('Origin',(32.3666480099481,38.1660924740372,0.));
#11199=CARTESIAN_POINT('Origin',(32.3666480099481,38.1660924740372,0.32));
#11200=CARTESIAN_POINT('Ctrl Pts',(33.9952738878821,58.0486071050319,0.));
#11201=CARTESIAN_POINT('Ctrl Pts',(33.9952738878821,58.0486071050319,0.32));
#11202=CARTESIAN_POINT('Ctrl Pts',(34.9787923699483,58.0486071050319,0.));
#11203=CARTESIAN_POINT('Ctrl Pts',(34.9787923699483,58.0486071050319,0.32));
#11204=CARTESIAN_POINT('Ctrl Pts',(35.5837270363285,57.4520596712358,0.));
#11205=CARTESIAN_POINT('Ctrl Pts',(35.5837270363285,57.4520596712358,0.32));
#11206=CARTESIAN_POINT('',(35.5837270363285,57.4520596712358,0.));
#11207=CARTESIAN_POINT('',(33.9952738878821,58.0486071050319,0.));
#11208=CARTESIAN_POINT('Ctrl Pts',(35.5837270363285,57.4520596712358,0.));
#11209=CARTESIAN_POINT('Ctrl Pts',(34.9787923699483,58.0486071050319,0.));
#11210=CARTESIAN_POINT('Ctrl Pts',(33.9952738878821,58.0486071050319,0.));
#11211=CARTESIAN_POINT('',(35.5837270363285,57.4520596712358,0.32));
#11212=CARTESIAN_POINT('',(35.5837270363285,57.4520596712358,0.));
#11213=CARTESIAN_POINT('',(33.9952738878821,58.0486071050319,0.32));
#11214=CARTESIAN_POINT('Ctrl Pts',(33.9952738878821,58.0486071050319,0.32));
#11215=CARTESIAN_POINT('Ctrl Pts',(34.9787923699483,58.0486071050319,0.32));
#11216=CARTESIAN_POINT('Ctrl Pts',(35.5837270363285,57.4520596712358,0.32));
#11217=CARTESIAN_POINT('',(33.9952738878821,58.0486071050319,0.));
#11218=CARTESIAN_POINT('Origin',(33.8018640131311,58.0486069848562,0.));
#11219=CARTESIAN_POINT('',(33.8018640131311,58.0486069848562,0.));
#11220=CARTESIAN_POINT('',(33.8018640131311,58.0486069848562,0.));
#11221=CARTESIAN_POINT('',(33.8018640131311,58.0486069848562,0.32));
#11222=CARTESIAN_POINT('',(33.8018640131311,58.0486069848562,0.32));
#11223=CARTESIAN_POINT('',(33.8018640131311,58.0486069848562,0.));
#11224=CARTESIAN_POINT('Ctrl Pts',(32.2134110769402,57.4520596712358,0.));
#11225=CARTESIAN_POINT('Ctrl Pts',(32.2134110769402,57.4520596712358,0.32));
#11226=CARTESIAN_POINT('Ctrl Pts',(32.8181224506453,58.0486071050319,0.));
#11227=CARTESIAN_POINT('Ctrl Pts',(32.8181224506453,58.0486071050319,0.32));
#11228=CARTESIAN_POINT('Ctrl Pts',(33.8018640131311,58.0486069848562,0.));
#11229=CARTESIAN_POINT('Ctrl Pts',(33.8018640131311,58.0486069848562,0.32));
#11230=CARTESIAN_POINT('',(32.2134110769402,57.4520596712358,0.));
#11231=CARTESIAN_POINT('Ctrl Pts',(33.8018640131311,58.0486069848562,0.));
#11232=CARTESIAN_POINT('Ctrl Pts',(32.8181224506453,58.0486071050319,0.));
#11233=CARTESIAN_POINT('Ctrl Pts',(32.2134110769402,57.4520596712358,0.));
#11234=CARTESIAN_POINT('',(32.2134110769402,57.4520596712358,0.32));
#11235=CARTESIAN_POINT('Ctrl Pts',(32.2134110769402,57.4520596712358,0.32));
#11236=CARTESIAN_POINT('Ctrl Pts',(32.8181224506453,58.0486071050319,0.32));
#11237=CARTESIAN_POINT('Ctrl Pts',(33.8018640131311,58.0486069848562,0.32));
#11238=CARTESIAN_POINT('',(32.2134110769402,57.4520596712358,0.));
#11239=CARTESIAN_POINT('Ctrl Pts',(31.6086996501712,55.9199888945832,0.));
#11240=CARTESIAN_POINT('Ctrl Pts',(31.6086996501712,55.9199888945832,0.32));
#11241=CARTESIAN_POINT('Ctrl Pts',(31.608699703235,56.8555122374396,0.));
#11242=CARTESIAN_POINT('Ctrl Pts',(31.608699703235,56.8555122374396,0.32));
#11243=CARTESIAN_POINT('Ctrl Pts',(32.2134110769402,57.4520596712358,0.));
#11244=CARTESIAN_POINT('Ctrl Pts',(32.2134110769402,57.4520596712358,0.32));
#11245=CARTESIAN_POINT('',(31.6086996501712,55.9199888945832,0.));
#11246=CARTESIAN_POINT('Ctrl Pts',(32.2134110769402,57.4520596712358,0.));
#11247=CARTESIAN_POINT('Ctrl Pts',(31.608699703235,56.8555122374396,0.));
#11248=CARTESIAN_POINT('Ctrl Pts',(31.6086996501712,55.9199888945832,0.));
#11249=CARTESIAN_POINT('',(31.6086996501712,55.9199888945832,0.32));
#11250=CARTESIAN_POINT('Ctrl Pts',(31.6086996501712,55.9199888945832,0.32));
#11251=CARTESIAN_POINT('Ctrl Pts',(31.608699703235,56.8555122374396,0.32));
#11252=CARTESIAN_POINT('Ctrl Pts',(32.2134110769402,57.4520596712358,0.32));
#11253=CARTESIAN_POINT('',(31.6086996501712,55.9199888945832,0.));
#11254=CARTESIAN_POINT('Ctrl Pts',(32.2053988603101,54.3801054948091,0.));
#11255=CARTESIAN_POINT('Ctrl Pts',(32.2053988603101,54.3801054948091,0.32));
#11256=CARTESIAN_POINT('Ctrl Pts',(31.608699703235,54.9685876961342,0.));
#11257=CARTESIAN_POINT('Ctrl Pts',(31.608699703235,54.9685876961342,0.32));
#11258=CARTESIAN_POINT('Ctrl Pts',(31.6086996501712,55.9199888945832,0.));
#11259=CARTESIAN_POINT('Ctrl Pts',(31.6086996501712,55.9199888945832,0.32));
#11260=CARTESIAN_POINT('',(32.2053988603101,54.3801054948091,0.));
#11261=CARTESIAN_POINT('Ctrl Pts',(31.6086996501712,55.9199888945832,0.));
#11262=CARTESIAN_POINT('Ctrl Pts',(31.608699703235,54.9685876961342,0.));
#11263=CARTESIAN_POINT('Ctrl Pts',(32.2053988603101,54.3801054948091,0.));
#11264=CARTESIAN_POINT('',(32.2053988603101,54.3801054948091,0.32));
#11265=CARTESIAN_POINT('Ctrl Pts',(32.2053988603101,54.3801054948091,0.32));
#11266=CARTESIAN_POINT('Ctrl Pts',(31.608699703235,54.9685876961342,0.32));
#11267=CARTESIAN_POINT('Ctrl Pts',(31.6086996501712,55.9199888945832,0.32));
#11268=CARTESIAN_POINT('',(32.2053988603101,54.3801054948091,0.));
#11269=CARTESIAN_POINT('Ctrl Pts',(33.8018642253865,53.7916232934839,0.));
#11270=CARTESIAN_POINT('Ctrl Pts',(33.8018642253865,53.7916232934839,0.32));
#11271=CARTESIAN_POINT('Ctrl Pts',(32.8020980173852,53.7916232934839,0.));
#11272=CARTESIAN_POINT('Ctrl Pts',(32.8020980173852,53.7916232934839,0.32));
#11273=CARTESIAN_POINT('Ctrl Pts',(32.2053988603101,54.3801054948091,0.));
#11274=CARTESIAN_POINT('Ctrl Pts',(32.2053988603101,54.3801054948091,0.32));
#11275=CARTESIAN_POINT('',(33.8018642253865,53.7916232934839,0.));
#11276=CARTESIAN_POINT('Ctrl Pts',(32.2053988603101,54.3801054948091,0.));
#11277=CARTESIAN_POINT('Ctrl Pts',(32.8020980173852,53.7916232934839,0.));
#11278=CARTESIAN_POINT('Ctrl Pts',(33.8018642253865,53.7916232934839,0.));
#11279=CARTESIAN_POINT('',(33.8018642253865,53.7916232934839,0.32));
#11280=CARTESIAN_POINT('Ctrl Pts',(33.8018642253865,53.7916232934839,0.32));
#11281=CARTESIAN_POINT('Ctrl Pts',(32.8020980173852,53.7916232934839,0.32));
#11282=CARTESIAN_POINT('Ctrl Pts',(32.2053988603101,54.3801054948091,0.32));
#11283=CARTESIAN_POINT('',(33.8018642253865,53.7916232934839,0.));
#11284=CARTESIAN_POINT('Origin',(33.9952738878821,53.7916232934839,0.));
#11285=CARTESIAN_POINT('',(33.9952738878821,53.7916232934839,0.));
#11286=CARTESIAN_POINT('',(33.9952738878821,53.7916232934839,0.));
#11287=CARTESIAN_POINT('',(33.9952738878821,53.7916232934839,0.32));
#11288=CARTESIAN_POINT('',(33.9952738878821,53.7916232934839,0.32));
#11289=CARTESIAN_POINT('',(33.9952738878821,53.7916232934839,0.));
#11290=CARTESIAN_POINT('Ctrl Pts',(35.5917392529585,54.3801054948091,0.));
#11291=CARTESIAN_POINT('Ctrl Pts',(35.5917392529585,54.3801054948091,0.32));
#11292=CARTESIAN_POINT('Ctrl Pts',(34.9952625395368,53.7916232934839,0.));
#11293=CARTESIAN_POINT('Ctrl Pts',(34.9952625395368,53.7916232934839,0.32));
#11294=CARTESIAN_POINT('Ctrl Pts',(33.9952738878821,53.7916232934839,0.));
#11295=CARTESIAN_POINT('Ctrl Pts',(33.9952738878821,53.7916232934839,0.32));
#11296=CARTESIAN_POINT('',(35.5917392529585,54.3801054948091,0.));
#11297=CARTESIAN_POINT('Ctrl Pts',(33.9952738878821,53.7916232934839,0.));
#11298=CARTESIAN_POINT('Ctrl Pts',(34.9952625395368,53.7916232934839,0.));
#11299=CARTESIAN_POINT('Ctrl Pts',(35.5917392529585,54.3801054948091,0.));
#11300=CARTESIAN_POINT('',(35.5917392529585,54.3801054948091,0.32));
#11301=CARTESIAN_POINT('Ctrl Pts',(35.5917392529585,54.3801054948091,0.32));
#11302=CARTESIAN_POINT('Ctrl Pts',(34.9952625395368,53.7916232934839,0.32));
#11303=CARTESIAN_POINT('Ctrl Pts',(33.9952738878821,53.7916232934839,0.32));
#11304=CARTESIAN_POINT('',(35.5917392529585,54.3801054948091,0.));
#11305=CARTESIAN_POINT('Ctrl Pts',(36.1882159663802,55.919989014759,0.));
#11306=CARTESIAN_POINT('Ctrl Pts',(36.1882159663802,55.919989014759,0.32));
#11307=CARTESIAN_POINT('Ctrl Pts',(36.1882159663802,54.9688400651321,0.));
#11308=CARTESIAN_POINT('Ctrl Pts',(36.1882159663802,54.9688400651321,0.32));
#11309=CARTESIAN_POINT('Ctrl Pts',(35.5917392529585,54.3801054948091,0.));
#11310=CARTESIAN_POINT('Ctrl Pts',(35.5917392529585,54.3801054948091,0.32));
#11311=CARTESIAN_POINT('',(36.1882159663802,55.919989014759,0.));
#11312=CARTESIAN_POINT('Ctrl Pts',(35.5917392529585,54.3801054948091,0.));
#11313=CARTESIAN_POINT('Ctrl Pts',(36.1882159663802,54.9688400651321,0.));
#11314=CARTESIAN_POINT('Ctrl Pts',(36.1882159663802,55.919989014759,0.));
#11315=CARTESIAN_POINT('',(36.1882159663802,55.919989014759,0.32));
#11316=CARTESIAN_POINT('Ctrl Pts',(36.1882159663802,55.919989014759,0.32));
#11317=CARTESIAN_POINT('Ctrl Pts',(36.1882159663802,54.9688400651321,0.32));
#11318=CARTESIAN_POINT('Ctrl Pts',(35.5917392529585,54.3801054948091,0.32));
#11319=CARTESIAN_POINT('',(36.1882159663802,55.919989014759,0.));
#11320=CARTESIAN_POINT('Ctrl Pts',(35.5837270363285,57.4520596712358,0.));
#11321=CARTESIAN_POINT('Ctrl Pts',(35.5837270363285,57.4520596712358,0.32));
#11322=CARTESIAN_POINT('Ctrl Pts',(36.1882159663802,56.8555122374396,0.));
#11323=CARTESIAN_POINT('Ctrl Pts',(36.1882159663802,56.8555122374396,0.32));
#11324=CARTESIAN_POINT('Ctrl Pts',(36.1882159663802,55.919989014759,0.));
#11325=CARTESIAN_POINT('Ctrl Pts',(36.1882159663802,55.919989014759,0.32));
#11326=CARTESIAN_POINT('Ctrl Pts',(36.1882159663802,55.919989014759,0.));
#11327=CARTESIAN_POINT('Ctrl Pts',(36.1882159663802,56.8555122374396,0.));
#11328=CARTESIAN_POINT('Ctrl Pts',(35.5837270363285,57.4520596712358,0.));
#11329=CARTESIAN_POINT('Ctrl Pts',(35.5837270363285,57.4520596712358,0.32));
#11330=CARTESIAN_POINT('Ctrl Pts',(36.1882159663802,56.8555122374396,0.32));
#11331=CARTESIAN_POINT('Ctrl Pts',(36.1882159663802,55.919989014759,0.32));
#11332=CARTESIAN_POINT('Ctrl Pts',(34.0435713293588,51.7597836665377,0.));
#11333=CARTESIAN_POINT('Ctrl Pts',(34.0435713293588,51.7597836665377,0.32));
#11334=CARTESIAN_POINT('Ctrl Pts',(35.3498105543544,51.7597836665377,0.));
#11335=CARTESIAN_POINT('Ctrl Pts',(35.3498105543544,51.7597836665377,0.32));
#11336=CARTESIAN_POINT('Ctrl Pts',(36.2607725014004,52.2272931492315,0.));
#11337=CARTESIAN_POINT('Ctrl Pts',(36.2607725014004,52.2272931492315,0.32));
#11338=CARTESIAN_POINT('',(34.0435713293588,51.7597836665377,0.));
#11339=CARTESIAN_POINT('',(36.2607725014004,52.2272931492315,0.));
#11340=CARTESIAN_POINT('Ctrl Pts',(34.0435713293588,51.7597836665377,0.));
#11341=CARTESIAN_POINT('Ctrl Pts',(35.3498105543544,51.7597836665377,0.));
#11342=CARTESIAN_POINT('Ctrl Pts',(36.2607725014004,52.2272931492315,0.));
#11343=CARTESIAN_POINT('',(36.2607725014004,52.2272931492315,0.32));
#11344=CARTESIAN_POINT('',(36.2607725014004,52.2272931492315,0.));
#11345=CARTESIAN_POINT('',(34.0435713293588,51.7597836665377,0.32));
#11346=CARTESIAN_POINT('Ctrl Pts',(34.0435713293588,51.7597836665377,0.32));
#11347=CARTESIAN_POINT('Ctrl Pts',(35.3498105543544,51.7597836665377,0.32));
#11348=CARTESIAN_POINT('Ctrl Pts',(36.2607725014004,52.2272931492315,0.32));
#11349=CARTESIAN_POINT('',(34.0435713293588,51.7597836665377,0.));
#11350=CARTESIAN_POINT('Origin',(33.753345189278,51.7597833360545,0.));
#11351=CARTESIAN_POINT('',(33.753345189278,51.7597833360545,0.));
#11352=CARTESIAN_POINT('',(33.753345189278,51.7597833360545,0.));
#11353=CARTESIAN_POINT('',(33.753345189278,51.7597833360545,0.32));
#11354=CARTESIAN_POINT('',(33.753345189278,51.7597833360545,0.32));
#11355=CARTESIAN_POINT('',(33.753345189278,51.7597833360545,0.));
#11356=CARTESIAN_POINT('Ctrl Pts',(31.5523908941498,52.2434226527679,0.));
#11357=CARTESIAN_POINT('Ctrl Pts',(31.5523908941498,52.2434226527679,0.32));
#11358=CARTESIAN_POINT('Ctrl Pts',(32.4635757093601,51.7595308168369,0.));
#11359=CARTESIAN_POINT('Ctrl Pts',(32.4635757093601,51.7595308168369,0.32));
#11360=CARTESIAN_POINT('Ctrl Pts',(33.753345189278,51.7597833360545,0.));
#11361=CARTESIAN_POINT('Ctrl Pts',(33.753345189278,51.7597833360545,0.32));
#11362=CARTESIAN_POINT('',(31.5523908941498,52.2434226527679,0.));
#11363=CARTESIAN_POINT('Ctrl Pts',(31.5523908941498,52.2434226527679,0.));
#11364=CARTESIAN_POINT('Ctrl Pts',(32.4635757093601,51.7595308168369,0.));
#11365=CARTESIAN_POINT('Ctrl Pts',(33.753345189278,51.7597833360545,0.));
#11366=CARTESIAN_POINT('',(31.5523908941498,52.2434226527679,0.32));
#11367=CARTESIAN_POINT('Ctrl Pts',(31.5523908941498,52.2434226527679,0.32));
#11368=CARTESIAN_POINT('Ctrl Pts',(32.4635757093601,51.7595308168369,0.32));
#11369=CARTESIAN_POINT('Ctrl Pts',(33.753345189278,51.7597833360545,0.32));
#11370=CARTESIAN_POINT('',(31.5523908941498,52.2434226527679,0.));
#11371=CARTESIAN_POINT('Ctrl Pts',(30.1573476204544,53.5174178877428,0.));
#11372=CARTESIAN_POINT('Ctrl Pts',(30.1573476204544,53.5174178877428,0.32));
#11373=CARTESIAN_POINT('Ctrl Pts',(30.6412060789396,52.7273144886989,0.));
#11374=CARTESIAN_POINT('Ctrl Pts',(30.6412060789396,52.7273144886989,0.32));
#11375=CARTESIAN_POINT('Ctrl Pts',(31.5523908941498,52.2434226527679,0.));
#11376=CARTESIAN_POINT('Ctrl Pts',(31.5523908941498,52.2434226527679,0.32));
#11377=CARTESIAN_POINT('',(30.1573476204544,53.5174178877428,0.));
#11378=CARTESIAN_POINT('Ctrl Pts',(30.1573476204544,53.5174178877428,0.));
#11379=CARTESIAN_POINT('Ctrl Pts',(30.6412060789396,52.7273144886989,0.));
#11380=CARTESIAN_POINT('Ctrl Pts',(31.5523908941498,52.2434226527679,0.));
#11381=CARTESIAN_POINT('',(30.1573476204544,53.5174178877428,0.32));
#11382=CARTESIAN_POINT('Ctrl Pts',(30.1573476204544,53.5174178877428,0.32));
#11383=CARTESIAN_POINT('Ctrl Pts',(30.6412060789396,52.7273144886989,0.32));
#11384=CARTESIAN_POINT('Ctrl Pts',(31.5523908941498,52.2434226527679,0.32));
#11385=CARTESIAN_POINT('',(30.1573476204544,53.5174178877428,0.));
#11386=CARTESIAN_POINT('Ctrl Pts',(29.67371184441,55.2589226054116,0.));
#11387=CARTESIAN_POINT('Ctrl Pts',(29.67371184441,55.2589226054116,0.32));
#11388=CARTESIAN_POINT('Ctrl Pts',(29.673711817878,54.3077736557848,0.));
#11389=CARTESIAN_POINT('Ctrl Pts',(29.673711817878,54.3077736557848,0.32));
#11390=CARTESIAN_POINT('Ctrl Pts',(30.1573476204544,53.5174178877428,0.));
#11391=CARTESIAN_POINT('Ctrl Pts',(30.1573476204544,53.5174178877428,0.32));
#11392=CARTESIAN_POINT('',(29.67371184441,55.2589226054116,0.));
#11393=CARTESIAN_POINT('Ctrl Pts',(29.67371184441,55.2589226054116,0.));
#11394=CARTESIAN_POINT('Ctrl Pts',(29.673711817878,54.3077736557848,0.));
#11395=CARTESIAN_POINT('Ctrl Pts',(30.1573476204544,53.5174178877428,0.));
#11396=CARTESIAN_POINT('',(29.67371184441,55.2589226054116,0.32));
#11397=CARTESIAN_POINT('Ctrl Pts',(29.67371184441,55.2589226054116,0.32));
#11398=CARTESIAN_POINT('Ctrl Pts',(29.673711817878,54.3077736557848,0.32));
#11399=CARTESIAN_POINT('Ctrl Pts',(30.1573476204544,53.5174178877428,0.32));
#11400=CARTESIAN_POINT('',(29.67371184441,55.2589226054116,0.));
#11401=CARTESIAN_POINT('Ctrl Pts',(30.0364942807237,56.8149356288979,0.));
#11402=CARTESIAN_POINT('Ctrl Pts',(30.0364942807237,56.8149356288979,0.32));
#11403=CARTESIAN_POINT('Ctrl Pts',(29.6737120301334,56.1939415707992,0.));
#11404=CARTESIAN_POINT('Ctrl Pts',(29.6737120301334,56.1939415707992,0.32));
#11405=CARTESIAN_POINT('Ctrl Pts',(29.67371184441,55.2589226054116,0.));
#11406=CARTESIAN_POINT('Ctrl Pts',(29.67371184441,55.2589226054116,0.32));
#11407=CARTESIAN_POINT('',(30.0364942807237,56.8149356288979,0.));
#11408=CARTESIAN_POINT('Ctrl Pts',(30.0364942807237,56.8149356288979,0.));
#11409=CARTESIAN_POINT('Ctrl Pts',(29.6737120301334,56.1939415707992,0.));
#11410=CARTESIAN_POINT('Ctrl Pts',(29.67371184441,55.2589226054116,0.));
#11411=CARTESIAN_POINT('',(30.0364942807237,56.8149356288979,0.32));
#11412=CARTESIAN_POINT('Ctrl Pts',(30.0364942807237,56.8149356288979,0.32));
#11413=CARTESIAN_POINT('Ctrl Pts',(29.6737120301334,56.1939415707992,0.32));
#11414=CARTESIAN_POINT('Ctrl Pts',(29.67371184441,55.2589226054116,0.32));
#11415=CARTESIAN_POINT('',(30.0364942807237,56.8149356288979,0.));
#11416=CARTESIAN_POINT('Ctrl Pts',(31.0605200067792,57.7582717150516,0.));
#11417=CARTESIAN_POINT('Ctrl Pts',(31.0605200067792,57.7582717150516,0.32));
#11418=CARTESIAN_POINT('Ctrl Pts',(30.3992765313139,57.4359294466451,0.));
#11419=CARTESIAN_POINT('Ctrl Pts',(30.3992765313139,57.4359294466451,0.32));
#11420=CARTESIAN_POINT('Ctrl Pts',(30.0364942807237,56.8149356288979,0.));
#11421=CARTESIAN_POINT('Ctrl Pts',(30.0364942807237,56.8149356288979,0.32));
#11422=CARTESIAN_POINT('',(31.0605200067792,57.7582717150516,0.));
#11423=CARTESIAN_POINT('Ctrl Pts',(31.0605200067792,57.7582717150516,0.));
#11424=CARTESIAN_POINT('Ctrl Pts',(30.3992765313139,57.4359294466451,0.));
#11425=CARTESIAN_POINT('Ctrl Pts',(30.0364942807237,56.8149356288979,0.));
#11426=CARTESIAN_POINT('',(31.0605200067792,57.7582717150516,0.32));
#11427=CARTESIAN_POINT('Ctrl Pts',(31.0605200067792,57.7582717150516,0.32));
#11428=CARTESIAN_POINT('Ctrl Pts',(30.3992765313139,57.4359294466451,0.32));
#11429=CARTESIAN_POINT('Ctrl Pts',(30.0364942807237,56.8149356288979,0.32));
#11430=CARTESIAN_POINT('',(31.0605200067792,57.7582717150516,0.));
#11431=CARTESIAN_POINT('Origin',(31.0605200067792,58.0486063839777,0.));
#11432=CARTESIAN_POINT('',(31.0605200067792,58.0486063839777,0.));
#11433=CARTESIAN_POINT('',(31.0605200067792,58.0486063839777,0.));
#11434=CARTESIAN_POINT('',(31.0605200067792,58.0486063839777,0.32));
#11435=CARTESIAN_POINT('',(31.0605200067792,58.0486063839777,0.32));
#11436=CARTESIAN_POINT('',(31.0605200067792,58.0486063839777,0.));
#11437=CARTESIAN_POINT('Origin',(26.6098695122502,58.0486063839777,0.));
#11438=CARTESIAN_POINT('',(26.6098695122502,58.0486063839777,0.));
#11439=CARTESIAN_POINT('',(26.6098695122502,58.0486063839777,0.));
#11440=CARTESIAN_POINT('',(26.6098695122502,58.0486063839777,0.32));
#11441=CARTESIAN_POINT('',(26.6098695122502,58.0486063839777,0.32));
#11442=CARTESIAN_POINT('',(26.6098695122502,58.0486063839777,0.));
#11443=CARTESIAN_POINT('Origin',(26.6098695122502,60.0804460710117,0.));
#11444=CARTESIAN_POINT('',(26.6098695122502,60.0804460710117,0.));
#11445=CARTESIAN_POINT('',(26.6098695122502,60.0804460710117,0.));
#11446=CARTESIAN_POINT('',(26.6098695122502,60.0804460710117,0.32));
#11447=CARTESIAN_POINT('',(26.6098695122502,60.0804460710117,0.32));
#11448=CARTESIAN_POINT('',(26.6098695122502,60.0804460710117,0.));
#11449=CARTESIAN_POINT('Origin',(37.8975222423019,60.0804460710117,0.));
#11450=CARTESIAN_POINT('',(37.8975222423019,60.0804460710117,0.));
#11451=CARTESIAN_POINT('',(37.8975222423019,60.0804460710117,0.));
#11452=CARTESIAN_POINT('',(37.8975222423019,60.0804460710117,0.32));
#11453=CARTESIAN_POINT('',(37.8975222423019,60.0804460710117,0.32));
#11454=CARTESIAN_POINT('',(37.8975222423019,60.0804460710117,0.));
#11455=CARTESIAN_POINT('Origin',(37.8975222423019,58.0486066243291,0.));
#11456=CARTESIAN_POINT('',(37.8975222423019,58.0486066243291,0.));
#11457=CARTESIAN_POINT('',(37.8975222423019,58.0486066243291,0.));
#11458=CARTESIAN_POINT('',(37.8975222423019,58.0486066243291,0.32));
#11459=CARTESIAN_POINT('',(37.8975222423019,58.0486066243291,0.32));
#11460=CARTESIAN_POINT('',(37.8975222423019,58.0486066243291,0.));
#11461=CARTESIAN_POINT('Origin',(36.7366185310002,58.0486066243291,0.));
#11462=CARTESIAN_POINT('',(36.7366185310002,58.0486066243291,0.));
#11463=CARTESIAN_POINT('',(36.7366185310002,58.0486066243291,0.));
#11464=CARTESIAN_POINT('',(36.7366185310002,58.0486066243291,0.32));
#11465=CARTESIAN_POINT('',(36.7366185310002,58.0486066243291,0.32));
#11466=CARTESIAN_POINT('',(36.7366185310002,58.0486066243291,0.));
#11467=CARTESIAN_POINT('Origin',(36.7366185310002,57.7582717150516,0.));
#11468=CARTESIAN_POINT('',(36.7366185310002,57.7582717150516,0.));
#11469=CARTESIAN_POINT('',(36.7366185310002,57.7582717150516,0.));
#11470=CARTESIAN_POINT('',(36.7366185310002,57.7582717150516,0.32));
#11471=CARTESIAN_POINT('',(36.7366185310002,57.7582717150516,0.32));
#11472=CARTESIAN_POINT('',(36.7366185310002,57.7582717150516,0.));
#11473=CARTESIAN_POINT('Ctrl Pts',(37.6961003631763,56.9117140922247,0.));
#11474=CARTESIAN_POINT('Ctrl Pts',(37.6961003631763,56.9117140922247,0.32));
#11475=CARTESIAN_POINT('Ctrl Pts',(37.2687742187067,57.4840667900134,0.));
#11476=CARTESIAN_POINT('Ctrl Pts',(37.2687742187067,57.4840667900134,0.32));
#11477=CARTESIAN_POINT('Ctrl Pts',(36.7366185310002,57.7582717150516,0.));
#11478=CARTESIAN_POINT('Ctrl Pts',(36.7366185310002,57.7582717150516,0.32));
#11479=CARTESIAN_POINT('',(37.6961003631763,56.9117140922247,0.));
#11480=CARTESIAN_POINT('Ctrl Pts',(37.6961003631763,56.9117140922247,0.));
#11481=CARTESIAN_POINT('Ctrl Pts',(37.2687742187067,57.4840667900134,0.));
#11482=CARTESIAN_POINT('Ctrl Pts',(36.7366185310002,57.7582717150516,0.));
#11483=CARTESIAN_POINT('',(37.6961003631763,56.9117140922247,0.32));
#11484=CARTESIAN_POINT('Ctrl Pts',(37.6961003631763,56.9117140922247,0.32));
#11485=CARTESIAN_POINT('Ctrl Pts',(37.2687742187067,57.4840667900134,0.32));
#11486=CARTESIAN_POINT('Ctrl Pts',(36.7366185310002,57.7582717150516,0.32));
#11487=CARTESIAN_POINT('',(37.6961003631763,56.9117140922247,0.));
#11488=CARTESIAN_POINT('Ctrl Pts',(38.123426507646,55.2589226054116,0.));
#11489=CARTESIAN_POINT('Ctrl Pts',(38.123426507646,55.2589226054116,0.32));
#11490=CARTESIAN_POINT('Ctrl Pts',(38.123426507646,56.3393613944359,0.));
#11491=CARTESIAN_POINT('Ctrl Pts',(38.123426507646,56.3393613944359,0.32));
#11492=CARTESIAN_POINT('Ctrl Pts',(37.6961003631763,56.9117140922247,0.));
#11493=CARTESIAN_POINT('Ctrl Pts',(37.6961003631763,56.9117140922247,0.32));
#11494=CARTESIAN_POINT('',(38.123426507646,55.2589226054116,0.));
#11495=CARTESIAN_POINT('Ctrl Pts',(38.123426507646,55.2589226054116,0.));
#11496=CARTESIAN_POINT('Ctrl Pts',(38.123426507646,56.3393613944359,0.));
#11497=CARTESIAN_POINT('Ctrl Pts',(37.6961003631763,56.9117140922247,0.));
#11498=CARTESIAN_POINT('',(38.123426507646,55.2589226054116,0.32));
#11499=CARTESIAN_POINT('Ctrl Pts',(38.123426507646,55.2589226054116,0.32));
#11500=CARTESIAN_POINT('Ctrl Pts',(38.123426507646,56.3393613944359,0.32));
#11501=CARTESIAN_POINT('Ctrl Pts',(37.6961003631763,56.9117140922247,0.32));
#11502=CARTESIAN_POINT('',(38.123426507646,55.2589226054116,0.));
#11503=CARTESIAN_POINT('Ctrl Pts',(37.6475804780462,53.4851588806701,0.));
#11504=CARTESIAN_POINT('Ctrl Pts',(37.6475804780462,53.4851588806701,0.32));
#11505=CARTESIAN_POINT('Ctrl Pts',(38.123426507646,54.275262760417,0.));
#11506=CARTESIAN_POINT('Ctrl Pts',(38.123426507646,54.275262760417,0.32));
#11507=CARTESIAN_POINT('Ctrl Pts',(38.123426507646,55.2589226054116,0.));
#11508=CARTESIAN_POINT('Ctrl Pts',(38.123426507646,55.2589226054116,0.32));
#11509=CARTESIAN_POINT('',(37.6475804780462,53.4851588806701,0.));
#11510=CARTESIAN_POINT('Ctrl Pts',(37.6475804780462,53.4851588806701,0.));
#11511=CARTESIAN_POINT('Ctrl Pts',(38.123426507646,54.275262760417,0.));
#11512=CARTESIAN_POINT('Ctrl Pts',(38.123426507646,55.2589226054116,0.));
#11513=CARTESIAN_POINT('',(37.6475804780462,53.4851588806701,0.32));
#11514=CARTESIAN_POINT('Ctrl Pts',(37.6475804780462,53.4851588806701,0.32));
#11515=CARTESIAN_POINT('Ctrl Pts',(38.123426507646,54.275262760417,0.32));
#11516=CARTESIAN_POINT('Ctrl Pts',(38.123426507646,55.2589226054116,0.32));
#11517=CARTESIAN_POINT('',(37.6475804780462,53.4851588806701,0.));
#11518=CARTESIAN_POINT('Ctrl Pts',(36.2607725014004,52.2272931492315,0.));
#11519=CARTESIAN_POINT('Ctrl Pts',(36.2607725014004,52.2272931492315,0.32));
#11520=CARTESIAN_POINT('Ctrl Pts',(37.1719577411214,52.6950545202204,0.));
#11521=CARTESIAN_POINT('Ctrl Pts',(37.1719577411214,52.6950545202204,0.32));
#11522=CARTESIAN_POINT('Ctrl Pts',(37.6475804780462,53.4851588806701,0.));
#11523=CARTESIAN_POINT('Ctrl Pts',(37.6475804780462,53.4851588806701,0.32));
#11524=CARTESIAN_POINT('Ctrl Pts',(36.2607725014004,52.2272931492315,0.));
#11525=CARTESIAN_POINT('Ctrl Pts',(37.1719577411214,52.6950545202204,0.));
#11526=CARTESIAN_POINT('Ctrl Pts',(37.6475804780462,53.4851588806701,0.));
#11527=CARTESIAN_POINT('Ctrl Pts',(36.2607725014004,52.2272931492315,0.32));
#11528=CARTESIAN_POINT('Ctrl Pts',(37.1719577411214,52.6950545202204,0.32));
#11529=CARTESIAN_POINT('Ctrl Pts',(37.6475804780462,53.4851588806701,0.32));
#11530=CARTESIAN_POINT('Origin',(32.3666480099481,55.9199884439243,0.));
#11531=CARTESIAN_POINT('Origin',(32.3666480099481,55.9199884439243,0.32));
#11532=CARTESIAN_POINT('Ctrl Pts',(34.0598182062723,49.1313966057953,0.));
#11533=CARTESIAN_POINT('Ctrl Pts',(34.0598182062723,49.1313966057953,0.32));
#11534=CARTESIAN_POINT('Ctrl Pts',(35.0435591319919,49.1313966057953,0.));
#11535=CARTESIAN_POINT('Ctrl Pts',(35.0435591319919,49.1313966057953,0.32));
#11536=CARTESIAN_POINT('Ctrl Pts',(35.6157767518702,48.5104025476967,0.));
#11537=CARTESIAN_POINT('Ctrl Pts',(35.6157767518702,48.5104025476967,0.32));
#11538=CARTESIAN_POINT('',(35.6157767518702,48.5104025476967,0.));
#11539=CARTESIAN_POINT('',(34.0598182062723,49.1313966057953,0.));
#11540=CARTESIAN_POINT('Ctrl Pts',(35.6157767518702,48.5104025476967,0.));
#11541=CARTESIAN_POINT('Ctrl Pts',(35.0435591319919,49.1313966057953,0.));
#11542=CARTESIAN_POINT('Ctrl Pts',(34.0598182062723,49.1313966057953,0.));
#11543=CARTESIAN_POINT('',(35.6157767518702,48.5104025476967,0.32));
#11544=CARTESIAN_POINT('',(35.6157767518702,48.5104025476967,0.));
#11545=CARTESIAN_POINT('',(34.0598182062723,49.1313966057953,0.32));
#11546=CARTESIAN_POINT('Ctrl Pts',(34.0598182062723,49.1313966057953,0.32));
#11547=CARTESIAN_POINT('Ctrl Pts',(35.0435591319919,49.1313966057953,0.32));
#11548=CARTESIAN_POINT('Ctrl Pts',(35.6157767518702,48.5104025476967,0.32));
#11549=CARTESIAN_POINT('',(34.0598182062723,49.1313966057953,0.));
#11550=CARTESIAN_POINT('Origin',(33.7373199069963,49.1313964255318,0.));
#11551=CARTESIAN_POINT('',(33.7373199069963,49.1313964255318,0.));
#11552=CARTESIAN_POINT('',(33.7373199069963,49.1313964255318,0.));
#11553=CARTESIAN_POINT('',(33.7373199069963,49.1313964255318,0.32));
#11554=CARTESIAN_POINT('',(33.7373199069963,49.1313964255318,0.32));
#11555=CARTESIAN_POINT('',(33.7373199069963,49.1313964255318,0.));
#11556=CARTESIAN_POINT('Ctrl Pts',(32.1731268603066,48.5104029082238,0.));
#11557=CARTESIAN_POINT('Ctrl Pts',(32.1731268603066,48.5104029082238,0.32));
#11558=CARTESIAN_POINT('Ctrl Pts',(32.7375536989951,49.1311447175002,0.));
#11559=CARTESIAN_POINT('Ctrl Pts',(32.7375536989951,49.1311447175002,0.32));
#11560=CARTESIAN_POINT('Ctrl Pts',(33.7373199069963,49.1313964255318,0.));
#11561=CARTESIAN_POINT('Ctrl Pts',(33.7373199069963,49.1313964255318,0.32));
#11562=CARTESIAN_POINT('',(32.1731268603066,48.5104029082238,0.));
#11563=CARTESIAN_POINT('Ctrl Pts',(33.7373199069963,49.1313964255318,0.));
#11564=CARTESIAN_POINT('Ctrl Pts',(32.7375536989951,49.1311447175002,0.));
#11565=CARTESIAN_POINT('Ctrl Pts',(32.1731268603066,48.5104029082238,0.));
#11566=CARTESIAN_POINT('',(32.1731268603066,48.5104029082238,0.32));
#11567=CARTESIAN_POINT('Ctrl Pts',(32.1731268603066,48.5104029082238,0.32));
#11568=CARTESIAN_POINT('Ctrl Pts',(32.7375536989951,49.1311447175002,0.32));
#11569=CARTESIAN_POINT('Ctrl Pts',(33.7373199069963,49.1313964255318,0.32));
#11570=CARTESIAN_POINT('',(32.1731268603066,48.5104029082238,0.));
#11571=CARTESIAN_POINT('Ctrl Pts',(31.608699703235,47.0027789962252,0.));
#11572=CARTESIAN_POINT('Ctrl Pts',(31.608699703235,47.0027789962252,0.32));
#11573=CARTESIAN_POINT('Ctrl Pts',(31.608699703235,47.8896603778931,0.));
#11574=CARTESIAN_POINT('Ctrl Pts',(31.608699703235,47.8896603778931,0.32));
#11575=CARTESIAN_POINT('Ctrl Pts',(32.1731268603066,48.5104029082238,0.));
#11576=CARTESIAN_POINT('Ctrl Pts',(32.1731268603066,48.5104029082238,0.32));
#11577=CARTESIAN_POINT('',(31.608699703235,47.0027789962252,0.));
#11578=CARTESIAN_POINT('Ctrl Pts',(32.1731268603066,48.5104029082238,0.));
#11579=CARTESIAN_POINT('Ctrl Pts',(31.608699703235,47.8896603778931,0.));
#11580=CARTESIAN_POINT('Ctrl Pts',(31.608699703235,47.0027789962252,0.));
#11581=CARTESIAN_POINT('',(31.608699703235,47.0027789962252,0.32));
#11582=CARTESIAN_POINT('Ctrl Pts',(31.608699703235,47.0027789962252,0.32));
#11583=CARTESIAN_POINT('Ctrl Pts',(31.608699703235,47.8896603778931,0.32));
#11584=CARTESIAN_POINT('Ctrl Pts',(32.1731268603066,48.5104029082238,0.32));
#11585=CARTESIAN_POINT('',(31.608699703235,47.0027789962252,0.));
#11586=CARTESIAN_POINT('Ctrl Pts',(32.173126701115,45.4951554447537,0.));
#11587=CARTESIAN_POINT('Ctrl Pts',(32.173126701115,45.4951554447537,0.32));
#11588=CARTESIAN_POINT('Ctrl Pts',(31.608699703235,46.1158976145573,0.));
#11589=CARTESIAN_POINT('Ctrl Pts',(31.608699703235,46.1158976145573,0.32));
#11590=CARTESIAN_POINT('Ctrl Pts',(31.608699703235,47.0027789962252,0.));
#11591=CARTESIAN_POINT('Ctrl Pts',(31.608699703235,47.0027789962252,0.32));
#11592=CARTESIAN_POINT('',(32.173126701115,45.4951554447537,0.));
#11593=CARTESIAN_POINT('Ctrl Pts',(31.608699703235,47.0027789962252,0.));
#11594=CARTESIAN_POINT('Ctrl Pts',(31.608699703235,46.1158976145573,0.));
#11595=CARTESIAN_POINT('Ctrl Pts',(32.173126701115,45.4951554447537,0.));
#11596=CARTESIAN_POINT('',(32.173126701115,45.4951554447537,0.32));
#11597=CARTESIAN_POINT('Ctrl Pts',(32.173126701115,45.4951554447537,0.32));
#11598=CARTESIAN_POINT('Ctrl Pts',(31.608699703235,46.1158976145573,0.32));
#11599=CARTESIAN_POINT('Ctrl Pts',(31.608699703235,47.0027789962252,0.32));
#11600=CARTESIAN_POINT('',(32.173126701115,45.4951554447537,0.));
#11601=CARTESIAN_POINT('Ctrl Pts',(33.7373199069963,44.8741613866551,0.));
#11602=CARTESIAN_POINT('Ctrl Pts',(33.7373199069963,44.8741613866551,0.32));
#11603=CARTESIAN_POINT('Ctrl Pts',(32.7373312553417,44.8741613866551,0.));
#11604=CARTESIAN_POINT('Ctrl Pts',(32.7373312553417,44.8741613866551,0.32));
#11605=CARTESIAN_POINT('Ctrl Pts',(32.173126701115,45.4951554447537,0.));
#11606=CARTESIAN_POINT('Ctrl Pts',(32.173126701115,45.4951554447537,0.32));
#11607=CARTESIAN_POINT('',(33.7373199069963,44.8741613866551,0.));
#11608=CARTESIAN_POINT('Ctrl Pts',(32.173126701115,45.4951554447537,0.));
#11609=CARTESIAN_POINT('Ctrl Pts',(32.7373312553417,44.8741613866551,0.));
#11610=CARTESIAN_POINT('Ctrl Pts',(33.7373199069963,44.8741613866551,0.));
#11611=CARTESIAN_POINT('',(33.7373199069963,44.8741613866551,0.32));
#11612=CARTESIAN_POINT('Ctrl Pts',(33.7373199069963,44.8741613866551,0.32));
#11613=CARTESIAN_POINT('Ctrl Pts',(32.7373312553417,44.8741613866551,0.32));
#11614=CARTESIAN_POINT('Ctrl Pts',(32.173126701115,45.4951554447537,0.32));
#11615=CARTESIAN_POINT('',(33.7373199069963,44.8741613866551,0.));
#11616=CARTESIAN_POINT('Origin',(34.0598182062723,44.8741613866551,0.));
#11617=CARTESIAN_POINT('',(34.0598182062723,44.8741613866551,0.));
#11618=CARTESIAN_POINT('',(34.0598182062723,44.8741613866551,0.));
#11619=CARTESIAN_POINT('',(34.0598182062723,44.8741613866551,0.32));
#11620=CARTESIAN_POINT('',(34.0598182062723,44.8741613866551,0.32));
#11621=CARTESIAN_POINT('',(34.0598182062723,44.8741613866551,0.));
#11622=CARTESIAN_POINT('Ctrl Pts',(35.6157767518702,45.4951554447537,0.));
#11623=CARTESIAN_POINT('Ctrl Pts',(35.6157767518702,45.4951554447537,0.32));
#11624=CARTESIAN_POINT('Ctrl Pts',(35.0433375373601,44.8741613866551,0.));
#11625=CARTESIAN_POINT('Ctrl Pts',(35.0433375373601,44.8741613866551,0.32));
#11626=CARTESIAN_POINT('Ctrl Pts',(34.0598182062723,44.8741613866551,0.));
#11627=CARTESIAN_POINT('Ctrl Pts',(34.0598182062723,44.8741613866551,0.32));
#11628=CARTESIAN_POINT('',(35.6157767518702,45.4951554447537,0.));
#11629=CARTESIAN_POINT('Ctrl Pts',(34.0598182062723,44.8741613866551,0.));
#11630=CARTESIAN_POINT('Ctrl Pts',(35.0433375373601,44.8741613866551,0.));
#11631=CARTESIAN_POINT('Ctrl Pts',(35.6157767518702,45.4951554447537,0.));
#11632=CARTESIAN_POINT('',(35.6157767518702,45.4951554447537,0.32));
#11633=CARTESIAN_POINT('Ctrl Pts',(35.6157767518702,45.4951554447537,0.32));
#11634=CARTESIAN_POINT('Ctrl Pts',(35.0433375373601,44.8741613866551,0.32));
#11635=CARTESIAN_POINT('Ctrl Pts',(34.0598182062723,44.8741613866551,0.32));
#11636=CARTESIAN_POINT('',(35.6157767518702,45.4951554447537,0.));
#11637=CARTESIAN_POINT('Ctrl Pts',(36.1882159663802,47.0027789962252,0.));
#11638=CARTESIAN_POINT('Ctrl Pts',(36.1882159663802,47.0027789962252,0.32));
#11639=CARTESIAN_POINT('Ctrl Pts',(35.9974773257685,45.908982917019,0.));
#11640=CARTESIAN_POINT('Ctrl Pts',(35.9974773257685,45.908982917019,0.32));
#11641=CARTESIAN_POINT('Ctrl Pts',(35.6157767518702,45.4951554447537,0.));
#11642=CARTESIAN_POINT('Ctrl Pts',(35.6157767518702,45.4951554447537,0.32));
#11643=CARTESIAN_POINT('',(36.1882159663802,47.0027789962252,0.));
#11644=CARTESIAN_POINT('Ctrl Pts',(35.6157767518702,45.4951554447537,0.));
#11645=CARTESIAN_POINT('Ctrl Pts',(35.9974773257685,45.908982917019,0.));
#11646=CARTESIAN_POINT('Ctrl Pts',(36.1882159663802,47.0027789962252,0.));
#11647=CARTESIAN_POINT('',(36.1882159663802,47.0027789962252,0.32));
#11648=CARTESIAN_POINT('Ctrl Pts',(36.1882159663802,47.0027789962252,0.32));
#11649=CARTESIAN_POINT('Ctrl Pts',(35.9974773257685,45.908982917019,0.32));
#11650=CARTESIAN_POINT('Ctrl Pts',(35.6157767518702,45.4951554447537,0.32));
#11651=CARTESIAN_POINT('',(36.1882159663802,47.0027789962252,0.));
#11652=CARTESIAN_POINT('Ctrl Pts',(35.6157767518702,48.5104025476967,0.));
#11653=CARTESIAN_POINT('Ctrl Pts',(35.6157767518702,48.5104025476967,0.32));
#11654=CARTESIAN_POINT('Ctrl Pts',(35.9974773257685,48.0965750754314,0.));
#11655=CARTESIAN_POINT('Ctrl Pts',(35.9974773257685,48.0965750754314,0.32));
#11656=CARTESIAN_POINT('Ctrl Pts',(36.1882159663802,47.0027789962252,0.));
#11657=CARTESIAN_POINT('Ctrl Pts',(36.1882159663802,47.0027789962252,0.32));
#11658=CARTESIAN_POINT('Ctrl Pts',(36.1882159663802,47.0027789962252,0.));
#11659=CARTESIAN_POINT('Ctrl Pts',(35.9974773257685,48.0965750754314,0.));
#11660=CARTESIAN_POINT('Ctrl Pts',(35.6157767518702,48.5104025476967,0.));
#11661=CARTESIAN_POINT('Ctrl Pts',(35.6157767518702,48.5104025476967,0.32));
#11662=CARTESIAN_POINT('Ctrl Pts',(35.9974773257685,48.0965750754314,0.32));
#11663=CARTESIAN_POINT('Ctrl Pts',(36.1882159663802,47.0027789962252,0.32));
#11664=CARTESIAN_POINT('Ctrl Pts',(37.6395679430331,44.954810106094,0.));
#11665=CARTESIAN_POINT('Ctrl Pts',(37.6395679430331,44.954810106094,0.32));
#11666=CARTESIAN_POINT('Ctrl Pts',(37.6599546528901,44.9947255874582,0.));
#11667=CARTESIAN_POINT('Ctrl Pts',(37.6599546528901,44.9947255874582,0.32));
#11668=CARTESIAN_POINT('Ctrl Pts',(37.6997953246455,45.0746474684139,0.));
#11669=CARTESIAN_POINT('Ctrl Pts',(37.6997953246455,45.0746474684139,0.32));
#11670=CARTESIAN_POINT('Ctrl Pts',(37.7567581863794,45.1948030349796,0.));
#11671=CARTESIAN_POINT('Ctrl Pts',(37.7567581863794,45.1948030349796,0.32));
#11672=CARTESIAN_POINT('Ctrl Pts',(37.8270194601655,45.3555650042526,0.));
#11673=CARTESIAN_POINT('Ctrl Pts',(37.8270194601655,45.3555650042526,0.32));
#11674=CARTESIAN_POINT('Ctrl Pts',(37.9047183341399,45.5575046502024,0.));
#11675=CARTESIAN_POINT('Ctrl Pts',(37.9047183341399,45.5575046502024,0.32));
#11676=CARTESIAN_POINT('Ctrl Pts',(37.9713759319213,45.7605205282233,0.));
#11677=CARTESIAN_POINT('Ctrl Pts',(37.9713759319213,45.7605205282233,0.32));
#11678=CARTESIAN_POINT('Ctrl Pts',(38.0260778913679,45.9647017644172,0.));
#11679=CARTESIAN_POINT('Ctrl Pts',(38.0260778913679,45.9647017644172,0.32));
#11680=CARTESIAN_POINT('Ctrl Pts',(38.0683009747882,46.1700993606086,0.));
#11681=CARTESIAN_POINT('Ctrl Pts',(38.0683009747882,46.1700993606086,0.32));
#11682=CARTESIAN_POINT('Ctrl Pts',(38.0985086244337,46.376668143453,0.));
#11683=CARTESIAN_POINT('Ctrl Pts',(38.0985086244337,46.376668143453,0.32));
#11684=CARTESIAN_POINT('Ctrl Pts',(38.1175949659129,46.5843209593821,0.));
#11685=CARTESIAN_POINT('Ctrl Pts',(38.1175949659129,46.5843209593821,0.32));
#11686=CARTESIAN_POINT('Ctrl Pts',(38.1246905537006,46.7512399105438,0.));
#11687=CARTESIAN_POINT('Ctrl Pts',(38.1246905537006,46.7512399105438,0.32));
#11688=CARTESIAN_POINT('Ctrl Pts',(38.1257059272886,46.8768488758313,0.));
#11689=CARTESIAN_POINT('Ctrl Pts',(38.1257059272886,46.8768488758313,0.32));
#11690=CARTESIAN_POINT('Ctrl Pts',(38.1245001110441,46.9607717025425,0.));
#11691=CARTESIAN_POINT('Ctrl Pts',(38.1245001110441,46.9607717025425,0.32));
#11692=CARTESIAN_POINT('Ctrl Pts',(38.123426507646,47.0027789962252,0.));
#11693=CARTESIAN_POINT('Ctrl Pts',(38.123426507646,47.0027789962252,0.32));
#11694=CARTESIAN_POINT('',(38.123426507646,47.0027789962252,0.));
#11695=CARTESIAN_POINT('',(37.6395679430331,44.954810106094,0.));
#11696=CARTESIAN_POINT('Ctrl Pts',(38.123426507646,47.0027789962252,0.));
#11697=CARTESIAN_POINT('Ctrl Pts',(38.1245001110441,46.9607717025425,0.));
#11698=CARTESIAN_POINT('Ctrl Pts',(38.1257059272886,46.8768488758313,0.));
#11699=CARTESIAN_POINT('Ctrl Pts',(38.1246905537006,46.7512399105438,0.));
#11700=CARTESIAN_POINT('Ctrl Pts',(38.1175949659129,46.5843209593821,0.));
#11701=CARTESIAN_POINT('Ctrl Pts',(38.0985086244337,46.376668143453,0.));
#11702=CARTESIAN_POINT('Ctrl Pts',(38.0683009747882,46.1700993606086,0.));
#11703=CARTESIAN_POINT('Ctrl Pts',(38.0260778913679,45.9647017644172,0.));
#11704=CARTESIAN_POINT('Ctrl Pts',(37.9713759319213,45.7605205282233,0.));
#11705=CARTESIAN_POINT('Ctrl Pts',(37.9047183341399,45.5575046502024,0.));
#11706=CARTESIAN_POINT('Ctrl Pts',(37.8270194601655,45.3555650042526,0.));
#11707=CARTESIAN_POINT('Ctrl Pts',(37.7567581863794,45.1948030349796,0.));
#11708=CARTESIAN_POINT('Ctrl Pts',(37.6997953246455,45.0746474684139,0.));
#11709=CARTESIAN_POINT('Ctrl Pts',(37.6599546528901,44.9947255874582,0.));
#11710=CARTESIAN_POINT('Ctrl Pts',(37.6395679430331,44.954810106094,0.));
#11711=CARTESIAN_POINT('',(38.123426507646,47.0027789962252,0.32));
#11712=CARTESIAN_POINT('',(38.123426507646,47.0027789962252,0.));
#11713=CARTESIAN_POINT('',(37.6395679430331,44.954810106094,0.32));
#11714=CARTESIAN_POINT('Ctrl Pts',(37.6395679430331,44.954810106094,0.32));
#11715=CARTESIAN_POINT('Ctrl Pts',(37.6599546528901,44.9947255874582,0.32));
#11716=CARTESIAN_POINT('Ctrl Pts',(37.6997953246455,45.0746474684139,0.32));
#11717=CARTESIAN_POINT('Ctrl Pts',(37.7567581863794,45.1948030349796,0.32));
#11718=CARTESIAN_POINT('Ctrl Pts',(37.8270194601655,45.3555650042526,0.32));
#11719=CARTESIAN_POINT('Ctrl Pts',(37.9047183341399,45.5575046502024,0.32));
#11720=CARTESIAN_POINT('Ctrl Pts',(37.9713759319213,45.7605205282233,0.32));
#11721=CARTESIAN_POINT('Ctrl Pts',(38.0260778913679,45.9647017644172,0.32));
#11722=CARTESIAN_POINT('Ctrl Pts',(38.0683009747882,46.1700993606086,0.32));
#11723=CARTESIAN_POINT('Ctrl Pts',(38.0985086244337,46.376668143453,0.32));
#11724=CARTESIAN_POINT('Ctrl Pts',(38.1175949659129,46.5843209593821,0.32));
#11725=CARTESIAN_POINT('Ctrl Pts',(38.1246905537006,46.7512399105438,0.32));
#11726=CARTESIAN_POINT('Ctrl Pts',(38.1257059272886,46.8768488758313,0.32));
#11727=CARTESIAN_POINT('Ctrl Pts',(38.1245001110441,46.9607717025425,0.32));
#11728=CARTESIAN_POINT('Ctrl Pts',(38.123426507646,47.0027789962252,0.32));
#11729=CARTESIAN_POINT('',(37.6395679430331,44.954810106094,0.));
#11730=CARTESIAN_POINT('Ctrl Pts',(36.2367350024888,43.4229915782637,0.));
#11731=CARTESIAN_POINT('Ctrl Pts',(36.2367350024888,43.4229915782637,0.32));
#11732=CARTESIAN_POINT('Ctrl Pts',(37.1559316098182,44.0036613968186,0.));
#11733=CARTESIAN_POINT('Ctrl Pts',(37.1559316098182,44.0036613968186,0.32));
#11734=CARTESIAN_POINT('Ctrl Pts',(37.6395679430331,44.954810106094,0.));
#11735=CARTESIAN_POINT('Ctrl Pts',(37.6395679430331,44.954810106094,0.32));
#11736=CARTESIAN_POINT('',(36.2367350024888,43.4229915782637,0.));
#11737=CARTESIAN_POINT('Ctrl Pts',(36.2367350024888,43.4229915782637,0.));
#11738=CARTESIAN_POINT('Ctrl Pts',(37.1559316098182,44.0036613968186,0.));
#11739=CARTESIAN_POINT('Ctrl Pts',(37.6395679430331,44.954810106094,0.));
#11740=CARTESIAN_POINT('',(36.2367350024888,43.4229915782637,0.32));
#11741=CARTESIAN_POINT('Ctrl Pts',(36.2367350024888,43.4229915782637,0.32));
#11742=CARTESIAN_POINT('Ctrl Pts',(37.1559316098182,44.0036613968186,0.32));
#11743=CARTESIAN_POINT('Ctrl Pts',(37.6395679430331,44.954810106094,0.32));
#11744=CARTESIAN_POINT('',(36.2367350024888,43.4229915782637,0.));
#11745=CARTESIAN_POINT('Ctrl Pts',(33.9952738878821,42.8423217597089,0.));
#11746=CARTESIAN_POINT('Ctrl Pts',(33.9952738878821,42.8423217597089,0.32));
#11747=CARTESIAN_POINT('Ctrl Pts',(35.3175383951593,42.8423217597089,0.));
#11748=CARTESIAN_POINT('Ctrl Pts',(35.3175383951593,42.8423217597089,0.32));
#11749=CARTESIAN_POINT('Ctrl Pts',(36.2367350024888,43.4229915782637,0.));
#11750=CARTESIAN_POINT('Ctrl Pts',(36.2367350024888,43.4229915782637,0.32));
#11751=CARTESIAN_POINT('',(33.9952738878821,42.8423217597089,0.));
#11752=CARTESIAN_POINT('Ctrl Pts',(33.9952738878821,42.8423217597089,0.));
#11753=CARTESIAN_POINT('Ctrl Pts',(35.3175383951593,42.8423217597089,0.));
#11754=CARTESIAN_POINT('Ctrl Pts',(36.2367350024888,43.4229915782637,0.));
#11755=CARTESIAN_POINT('',(33.9952738878821,42.8423217597089,0.32));
#11756=CARTESIAN_POINT('Ctrl Pts',(33.9952738878821,42.8423217597089,0.32));
#11757=CARTESIAN_POINT('Ctrl Pts',(35.3175383951593,42.8423217597089,0.32));
#11758=CARTESIAN_POINT('Ctrl Pts',(36.2367350024888,43.4229915782637,0.32));
#11759=CARTESIAN_POINT('',(33.9952738878821,42.8423217597089,0.));
#11760=CARTESIAN_POINT('Origin',(33.8018642253865,42.8423220000603,0.));
#11761=CARTESIAN_POINT('',(33.8018642253865,42.8423220000603,0.));
#11762=CARTESIAN_POINT('',(33.8018642253865,42.8423220000603,0.));
#11763=CARTESIAN_POINT('',(33.8018642253865,42.8423220000603,0.32));
#11764=CARTESIAN_POINT('',(33.8018642253865,42.8423220000603,0.32));
#11765=CARTESIAN_POINT('',(33.8018642253865,42.8423220000603,0.));
#11766=CARTESIAN_POINT('Ctrl Pts',(31.5684153274099,43.4229913379123,0.));
#11767=CARTESIAN_POINT('Ctrl Pts',(31.5684153274099,43.4229913379123,0.32));
#11768=CARTESIAN_POINT('Ctrl Pts',(32.4958474440444,42.8425736480039,0.));
#11769=CARTESIAN_POINT('Ctrl Pts',(32.4958474440444,42.8425736480039,0.32));
#11770=CARTESIAN_POINT('Ctrl Pts',(33.8018642253865,42.8423220000603,0.));
#11771=CARTESIAN_POINT('Ctrl Pts',(33.8018642253865,42.8423220000603,0.32));
#11772=CARTESIAN_POINT('',(31.5684153274099,43.4229913379123,0.));
#11773=CARTESIAN_POINT('Ctrl Pts',(31.5684153274099,43.4229913379123,0.));
#11774=CARTESIAN_POINT('Ctrl Pts',(32.4958474440444,42.8425736480039,0.));
#11775=CARTESIAN_POINT('Ctrl Pts',(33.8018642253865,42.8423220000603,0.));
#11776=CARTESIAN_POINT('',(31.5684153274099,43.4229913379123,0.32));
#11777=CARTESIAN_POINT('Ctrl Pts',(31.5684153274099,43.4229913379123,0.32));
#11778=CARTESIAN_POINT('Ctrl Pts',(32.4958474440444,42.8425736480039,0.32));
#11779=CARTESIAN_POINT('Ctrl Pts',(33.8018642253865,42.8423220000603,0.32));
#11780=CARTESIAN_POINT('',(31.5684153274099,43.4229913379123,0.));
#11781=CARTESIAN_POINT('Ctrl Pts',(30.157347408199,44.9548098657426,0.));
#11782=CARTESIAN_POINT('Ctrl Pts',(30.157347408199,44.9548098657426,0.32));
#11783=CARTESIAN_POINT('Ctrl Pts',(30.6409832107754,44.0034095085235,0.));
#11784=CARTESIAN_POINT('Ctrl Pts',(30.6409832107754,44.0034095085235,0.32));
#11785=CARTESIAN_POINT('Ctrl Pts',(31.5684153274099,43.4229913379123,0.));
#11786=CARTESIAN_POINT('Ctrl Pts',(31.5684153274099,43.4229913379123,0.32));
#11787=CARTESIAN_POINT('',(30.157347408199,44.9548098657426,0.));
#11788=CARTESIAN_POINT('Ctrl Pts',(30.157347408199,44.9548098657426,0.));
#11789=CARTESIAN_POINT('Ctrl Pts',(30.6409832107754,44.0034095085235,0.));
#11790=CARTESIAN_POINT('Ctrl Pts',(31.5684153274099,43.4229913379123,0.));
#11791=CARTESIAN_POINT('',(30.157347408199,44.9548098657426,0.32));
#11792=CARTESIAN_POINT('Ctrl Pts',(30.157347408199,44.9548098657426,0.32));
#11793=CARTESIAN_POINT('Ctrl Pts',(30.6409832107754,44.0034095085235,0.32));
#11794=CARTESIAN_POINT('Ctrl Pts',(31.5684153274099,43.4229913379123,0.32));
#11795=CARTESIAN_POINT('',(30.157347408199,44.9548098657426,0.));
#11796=CARTESIAN_POINT('Ctrl Pts',(29.6737116056226,47.0027789962252,0.));
#11797=CARTESIAN_POINT('Ctrl Pts',(29.6737116056226,47.0027789962252,0.32));
#11798=CARTESIAN_POINT('Ctrl Pts',(29.6737116056226,45.9062102229617,0.));
#11799=CARTESIAN_POINT('Ctrl Pts',(29.6737116056226,45.9062102229617,0.32));
#11800=CARTESIAN_POINT('Ctrl Pts',(30.157347408199,44.9548098657426,0.));
#11801=CARTESIAN_POINT('Ctrl Pts',(30.157347408199,44.9548098657426,0.32));
#11802=CARTESIAN_POINT('',(29.6737116056226,47.0027789962252,0.));
#11803=CARTESIAN_POINT('Ctrl Pts',(29.6737116056226,47.0027789962252,0.));
#11804=CARTESIAN_POINT('Ctrl Pts',(29.6737116056226,45.9062102229617,0.));
#11805=CARTESIAN_POINT('Ctrl Pts',(30.157347408199,44.9548098657426,0.));
#11806=CARTESIAN_POINT('',(29.6737116056226,47.0027789962252,0.32));
#11807=CARTESIAN_POINT('Ctrl Pts',(29.6737116056226,47.0027789962252,0.32));
#11808=CARTESIAN_POINT('Ctrl Pts',(29.6737116056226,45.9062102229617,0.32));
#11809=CARTESIAN_POINT('Ctrl Pts',(30.157347408199,44.9548098657426,0.32));
#11810=CARTESIAN_POINT('',(29.6737116056226,47.0027789962252,0.));
#11811=CARTESIAN_POINT('Ctrl Pts',(30.157347408199,49.0507481267078,0.));
#11812=CARTESIAN_POINT('Ctrl Pts',(30.157347408199,49.0507481267078,0.32));
#11813=CARTESIAN_POINT('Ctrl Pts',(30.1382410846057,49.0173252656128,0.));
#11814=CARTESIAN_POINT('Ctrl Pts',(30.1382410846057,49.0173252656128,0.32));
#11815=CARTESIAN_POINT('Ctrl Pts',(30.1008601681612,48.9498150726362,0.));
#11816=CARTESIAN_POINT('Ctrl Pts',(30.1008601681612,48.9498150726362,0.32));
#11817=CARTESIAN_POINT('Ctrl Pts',(30.0472839508968,48.8465563986317,0.));
#11818=CARTESIAN_POINT('Ctrl Pts',(30.0472839508968,48.8465563986317,0.32));
#11819=CARTESIAN_POINT('Ctrl Pts',(29.9809217098429,48.7048255676826,0.));
#11820=CARTESIAN_POINT('Ctrl Pts',(29.9809217098429,48.7048255676826,0.32));
#11821=CARTESIAN_POINT('Ctrl Pts',(29.9069903080751,48.5204548209941,0.));
#11822=CARTESIAN_POINT('Ctrl Pts',(29.9069903080751,48.5204548209941,0.32));
#11823=CARTESIAN_POINT('Ctrl Pts',(29.8428592716176,48.3282545495269,0.));
#11824=CARTESIAN_POINT('Ctrl Pts',(29.8428592716176,48.3282545495269,0.32));
#11825=CARTESIAN_POINT('Ctrl Pts',(29.7892861044378,48.1276195823598,0.));
#11826=CARTESIAN_POINT('Ctrl Pts',(29.7892861044378,48.1276195823598,0.32));
#11827=CARTESIAN_POINT('Ctrl Pts',(29.7466058500708,47.9182822527676,0.));
#11828=CARTESIAN_POINT('Ctrl Pts',(29.7466058500708,47.9182822527676,0.32));
#11829=CARTESIAN_POINT('Ctrl Pts',(29.714298843884,47.700657721508,0.));
#11830=CARTESIAN_POINT('Ctrl Pts',(29.714298843884,47.700657721508,0.32));
#11831=CARTESIAN_POINT('Ctrl Pts',(29.6915448422216,47.4754012823162,0.));
#11832=CARTESIAN_POINT('Ctrl Pts',(29.6915448422216,47.4754012823162,0.32));
#11833=CARTESIAN_POINT('Ctrl Pts',(29.6803383840581,47.2896064236027,0.));
#11834=CARTESIAN_POINT('Ctrl Pts',(29.6803383840581,47.2896064236027,0.32));
#11835=CARTESIAN_POINT('Ctrl Pts',(29.6756162656643,47.1473181455147,0.));
#11836=CARTESIAN_POINT('Ctrl Pts',(29.6756162656643,47.1473181455147,0.32));
#11837=CARTESIAN_POINT('Ctrl Pts',(29.6740781525643,47.0511730896272,0.));
#11838=CARTESIAN_POINT('Ctrl Pts',(29.6740781525643,47.0511730896272,0.32));
#11839=CARTESIAN_POINT('Ctrl Pts',(29.6737116056226,47.0027789962252,0.));
#11840=CARTESIAN_POINT('Ctrl Pts',(29.6737116056226,47.0027789962252,0.32));
#11841=CARTESIAN_POINT('',(30.157347408199,49.0507481267078,0.));
#11842=CARTESIAN_POINT('Ctrl Pts',(30.157347408199,49.0507481267078,0.));
#11843=CARTESIAN_POINT('Ctrl Pts',(30.1382410846057,49.0173252656128,0.));
#11844=CARTESIAN_POINT('Ctrl Pts',(30.1008601681612,48.9498150726362,0.));
#11845=CARTESIAN_POINT('Ctrl Pts',(30.0472839508968,48.8465563986317,0.));
#11846=CARTESIAN_POINT('Ctrl Pts',(29.9809217098429,48.7048255676826,0.));
#11847=CARTESIAN_POINT('Ctrl Pts',(29.9069903080751,48.5204548209941,0.));
#11848=CARTESIAN_POINT('Ctrl Pts',(29.8428592716176,48.3282545495269,0.));
#11849=CARTESIAN_POINT('Ctrl Pts',(29.7892861044378,48.1276195823598,0.));
#11850=CARTESIAN_POINT('Ctrl Pts',(29.7466058500708,47.9182822527676,0.));
#11851=CARTESIAN_POINT('Ctrl Pts',(29.714298843884,47.700657721508,0.));
#11852=CARTESIAN_POINT('Ctrl Pts',(29.6915448422216,47.4754012823162,0.));
#11853=CARTESIAN_POINT('Ctrl Pts',(29.6803383840581,47.2896064236027,0.));
#11854=CARTESIAN_POINT('Ctrl Pts',(29.6756162656643,47.1473181455147,0.));
#11855=CARTESIAN_POINT('Ctrl Pts',(29.6740781525643,47.0511730896272,0.));
#11856=CARTESIAN_POINT('Ctrl Pts',(29.6737116056226,47.0027789962252,0.));
#11857=CARTESIAN_POINT('',(30.157347408199,49.0507481267078,0.32));
#11858=CARTESIAN_POINT('Ctrl Pts',(30.157347408199,49.0507481267078,0.32));
#11859=CARTESIAN_POINT('Ctrl Pts',(30.1382410846057,49.0173252656128,0.32));
#11860=CARTESIAN_POINT('Ctrl Pts',(30.1008601681612,48.9498150726362,0.32));
#11861=CARTESIAN_POINT('Ctrl Pts',(30.0472839508968,48.8465563986317,0.32));
#11862=CARTESIAN_POINT('Ctrl Pts',(29.9809217098429,48.7048255676826,0.32));
#11863=CARTESIAN_POINT('Ctrl Pts',(29.9069903080751,48.5204548209941,0.32));
#11864=CARTESIAN_POINT('Ctrl Pts',(29.8428592716176,48.3282545495269,0.32));
#11865=CARTESIAN_POINT('Ctrl Pts',(29.7892861044378,48.1276195823598,0.32));
#11866=CARTESIAN_POINT('Ctrl Pts',(29.7466058500708,47.9182822527676,0.32));
#11867=CARTESIAN_POINT('Ctrl Pts',(29.714298843884,47.700657721508,0.32));
#11868=CARTESIAN_POINT('Ctrl Pts',(29.6915448422216,47.4754012823162,0.32));
#11869=CARTESIAN_POINT('Ctrl Pts',(29.6803383840581,47.2896064236027,0.32));
#11870=CARTESIAN_POINT('Ctrl Pts',(29.6756162656643,47.1473181455147,0.32));
#11871=CARTESIAN_POINT('Ctrl Pts',(29.6740781525643,47.0511730896272,0.32));
#11872=CARTESIAN_POINT('Ctrl Pts',(29.6737116056226,47.0027789962252,0.32));
#11873=CARTESIAN_POINT('',(30.157347408199,49.0507481267078,0.));
#11874=CARTESIAN_POINT('Ctrl Pts',(31.5684153274099,50.5825664141867,0.));
#11875=CARTESIAN_POINT('Ctrl Pts',(31.5684153274099,50.5825664141867,0.32));
#11876=CARTESIAN_POINT('Ctrl Pts',(30.6412056544288,50.0021484839269,0.));
#11877=CARTESIAN_POINT('Ctrl Pts',(30.6412056544288,50.0021484839269,0.32));
#11878=CARTESIAN_POINT('Ctrl Pts',(30.157347408199,49.0507481267078,0.));
#11879=CARTESIAN_POINT('Ctrl Pts',(30.157347408199,49.0507481267078,0.32));
#11880=CARTESIAN_POINT('',(31.5684153274099,50.5825664141867,0.));
#11881=CARTESIAN_POINT('Ctrl Pts',(31.5684153274099,50.5825664141867,0.));
#11882=CARTESIAN_POINT('Ctrl Pts',(30.6412056544288,50.0021484839269,0.));
#11883=CARTESIAN_POINT('Ctrl Pts',(30.157347408199,49.0507481267078,0.));
#11884=CARTESIAN_POINT('',(31.5684153274099,50.5825664141867,0.32));
#11885=CARTESIAN_POINT('Ctrl Pts',(31.5684153274099,50.5825664141867,0.32));
#11886=CARTESIAN_POINT('Ctrl Pts',(30.6412056544288,50.0021484839269,0.32));
#11887=CARTESIAN_POINT('Ctrl Pts',(30.157347408199,49.0507481267078,0.32));
#11888=CARTESIAN_POINT('',(31.5684153274099,50.5825664141867,0.));
#11889=CARTESIAN_POINT('Ctrl Pts',(33.8018642253865,51.1632362327415,0.));
#11890=CARTESIAN_POINT('Ctrl Pts',(33.8018642253865,51.1632362327415,0.32));
#11891=CARTESIAN_POINT('Ctrl Pts',(32.4954025567376,51.1632362327415,0.));
#11892=CARTESIAN_POINT('Ctrl Pts',(32.4954025567376,51.1632362327415,0.32));
#11893=CARTESIAN_POINT('Ctrl Pts',(31.5684153274099,50.5825664141867,0.));
#11894=CARTESIAN_POINT('Ctrl Pts',(31.5684153274099,50.5825664141867,0.32));
#11895=CARTESIAN_POINT('',(33.8018642253865,51.1632362327415,0.));
#11896=CARTESIAN_POINT('Ctrl Pts',(33.8018642253865,51.1632362327415,0.));
#11897=CARTESIAN_POINT('Ctrl Pts',(32.4954025567376,51.1632362327415,0.));
#11898=CARTESIAN_POINT('Ctrl Pts',(31.5684153274099,50.5825664141867,0.));
#11899=CARTESIAN_POINT('',(33.8018642253865,51.1632362327415,0.32));
#11900=CARTESIAN_POINT('Ctrl Pts',(33.8018642253865,51.1632362327415,0.32));
#11901=CARTESIAN_POINT('Ctrl Pts',(32.4954025567376,51.1632362327415,0.32));
#11902=CARTESIAN_POINT('Ctrl Pts',(31.5684153274099,50.5825664141867,0.32));
#11903=CARTESIAN_POINT('',(33.8018642253865,51.1632362327415,0.));
#11904=CARTESIAN_POINT('Origin',(33.9952736756267,51.1632359923901,0.));
#11905=CARTESIAN_POINT('',(33.9952736756267,51.1632359923901,0.));
#11906=CARTESIAN_POINT('',(33.9952736756267,51.1632359923901,0.));
#11907=CARTESIAN_POINT('',(33.9952736756267,51.1632359923901,0.32));
#11908=CARTESIAN_POINT('',(33.9952736756267,51.1632359923901,0.32));
#11909=CARTESIAN_POINT('',(33.9952736756267,51.1632359923901,0.));
#11910=CARTESIAN_POINT('Ctrl Pts',(36.2367353208719,50.5825666545381,0.));
#11911=CARTESIAN_POINT('Ctrl Pts',(36.2367353208719,50.5825666545381,0.32));
#11912=CARTESIAN_POINT('Ctrl Pts',(35.3177599897911,51.1629843444465,0.));
#11913=CARTESIAN_POINT('Ctrl Pts',(35.3177599897911,51.1629843444465,0.32));
#11914=CARTESIAN_POINT('Ctrl Pts',(33.9952736756267,51.1632359923901,0.));
#11915=CARTESIAN_POINT('Ctrl Pts',(33.9952736756267,51.1632359923901,0.32));
#11916=CARTESIAN_POINT('',(36.2367353208719,50.5825666545381,0.));
#11917=CARTESIAN_POINT('Ctrl Pts',(36.2367353208719,50.5825666545381,0.));
#11918=CARTESIAN_POINT('Ctrl Pts',(35.3177599897911,51.1629843444465,0.));
#11919=CARTESIAN_POINT('Ctrl Pts',(33.9952736756267,51.1632359923901,0.));
#11920=CARTESIAN_POINT('',(36.2367353208719,50.5825666545381,0.32));
#11921=CARTESIAN_POINT('Ctrl Pts',(36.2367353208719,50.5825666545381,0.32));
#11922=CARTESIAN_POINT('Ctrl Pts',(35.3177599897911,51.1629843444465,0.32));
#11923=CARTESIAN_POINT('Ctrl Pts',(33.9952736756267,51.1632359923901,0.32));
#11924=CARTESIAN_POINT('',(36.2367353208719,50.5825666545381,0.));
#11925=CARTESIAN_POINT('Ctrl Pts',(37.6395682614162,49.0507481267078,0.));
#11926=CARTESIAN_POINT('Ctrl Pts',(37.6395682614162,49.0507481267078,0.32));
#11927=CARTESIAN_POINT('Ctrl Pts',(37.1557100151864,50.0021484839268,0.));
#11928=CARTESIAN_POINT('Ctrl Pts',(37.1557100151864,50.0021484839268,0.32));
#11929=CARTESIAN_POINT('Ctrl Pts',(36.2367353208719,50.5825666545381,0.));
#11930=CARTESIAN_POINT('Ctrl Pts',(36.2367353208719,50.5825666545381,0.32));
#11931=CARTESIAN_POINT('',(37.6395682614162,49.0507481267078,0.));
#11932=CARTESIAN_POINT('Ctrl Pts',(37.6395682614162,49.0507481267078,0.));
#11933=CARTESIAN_POINT('Ctrl Pts',(37.1557100151864,50.0021484839268,0.));
#11934=CARTESIAN_POINT('Ctrl Pts',(36.2367353208719,50.5825666545381,0.));
#11935=CARTESIAN_POINT('',(37.6395682614162,49.0507481267078,0.32));
#11936=CARTESIAN_POINT('Ctrl Pts',(37.6395682614162,49.0507481267078,0.32));
#11937=CARTESIAN_POINT('Ctrl Pts',(37.1557100151864,50.0021484839268,0.32));
#11938=CARTESIAN_POINT('Ctrl Pts',(36.2367353208719,50.5825666545381,0.32));
#11939=CARTESIAN_POINT('',(37.6395682614162,49.0507481267078,0.));
#11940=CARTESIAN_POINT('Ctrl Pts',(38.123426507646,47.0027789962252,0.));
#11941=CARTESIAN_POINT('Ctrl Pts',(38.123426507646,47.0027789962252,0.32));
#11942=CARTESIAN_POINT('Ctrl Pts',(38.123426507646,48.0993477694887,0.));
#11943=CARTESIAN_POINT('Ctrl Pts',(38.123426507646,48.0993477694887,0.32));
#11944=CARTESIAN_POINT('Ctrl Pts',(37.6395682614162,49.0507481267078,0.));
#11945=CARTESIAN_POINT('Ctrl Pts',(37.6395682614162,49.0507481267078,0.32));
#11946=CARTESIAN_POINT('Ctrl Pts',(38.123426507646,47.0027789962252,0.));
#11947=CARTESIAN_POINT('Ctrl Pts',(38.123426507646,48.0993477694887,0.));
#11948=CARTESIAN_POINT('Ctrl Pts',(37.6395682614162,49.0507481267078,0.));
#11949=CARTESIAN_POINT('Ctrl Pts',(38.123426507646,47.0027789962252,0.32));
#11950=CARTESIAN_POINT('Ctrl Pts',(38.123426507646,48.0993477694887,0.32));
#11951=CARTESIAN_POINT('Ctrl Pts',(37.6395682614162,49.0507481267078,0.32));
#11952=CARTESIAN_POINT('Origin',(33.8997087664556,47.0027789962252,0.));
#11953=CARTESIAN_POINT('Origin',(33.8997087664556,47.0027789962252,0.32));
#11954=CARTESIAN_POINT('Ctrl Pts',(32.1248309576815,14.687659479436,0.));
#11955=CARTESIAN_POINT('Ctrl Pts',(32.1248309576815,14.687659479436,0.32));
#11956=CARTESIAN_POINT('Ctrl Pts',(31.3347221381108,14.687659479436,0.));
#11957=CARTESIAN_POINT('Ctrl Pts',(31.3347221381108,14.687659479436,0.32));
#11958=CARTESIAN_POINT('Ctrl Pts',(30.7863195734908,14.2521580769256,0.));
#11959=CARTESIAN_POINT('Ctrl Pts',(30.7863195734908,14.2521580769256,0.32));
#11960=CARTESIAN_POINT('',(32.1248309576815,14.687659479436,0.));
#11961=CARTESIAN_POINT('',(30.7863195734908,14.2521580769256,0.));
#11962=CARTESIAN_POINT('Ctrl Pts',(32.1248309576815,14.687659479436,0.));
#11963=CARTESIAN_POINT('Ctrl Pts',(31.3347221381108,14.687659479436,0.));
#11964=CARTESIAN_POINT('Ctrl Pts',(30.7863195734908,14.2521580769256,0.));
#11965=CARTESIAN_POINT('',(30.7863195734908,14.2521580769256,0.32));
#11966=CARTESIAN_POINT('',(30.7863195734908,14.2521580769256,0.));
#11967=CARTESIAN_POINT('',(32.1248309576815,14.687659479436,0.32));
#11968=CARTESIAN_POINT('Ctrl Pts',(32.1248309576815,14.687659479436,0.32));
#11969=CARTESIAN_POINT('Ctrl Pts',(31.3347221381108,14.687659479436,0.32));
#11970=CARTESIAN_POINT('Ctrl Pts',(30.7863195734908,14.2521580769256,0.32));
#11971=CARTESIAN_POINT('',(32.1248309576815,14.687659479436,0.));
#11972=CARTESIAN_POINT('Origin',(32.2214245671025,14.687659479436,0.));
#11973=CARTESIAN_POINT('',(32.2214245671025,14.687659479436,0.));
#11974=CARTESIAN_POINT('',(32.2214245671025,14.687659479436,0.));
#11975=CARTESIAN_POINT('',(32.2214245671025,14.687659479436,0.32));
#11976=CARTESIAN_POINT('',(32.2214245671025,14.687659479436,0.32));
#11977=CARTESIAN_POINT('',(32.2214245671025,14.687659479436,0.));
#11978=CARTESIAN_POINT('Ctrl Pts',(33.9469781444485,13.8814246540442,0.));
#11979=CARTESIAN_POINT('Ctrl Pts',(33.9469781444485,13.8814246540442,0.32));
#11980=CARTESIAN_POINT('Ctrl Pts',(33.35005654372,14.687659479436,0.));
#11981=CARTESIAN_POINT('Ctrl Pts',(33.35005654372,14.687659479436,0.32));
#11982=CARTESIAN_POINT('Ctrl Pts',(32.2214245671025,14.687659479436,0.));
#11983=CARTESIAN_POINT('Ctrl Pts',(32.2214245671025,14.687659479436,0.32));
#11984=CARTESIAN_POINT('',(33.9469781444485,13.8814246540442,0.));
#11985=CARTESIAN_POINT('Ctrl Pts',(33.9469781444485,13.8814246540442,0.));
#11986=CARTESIAN_POINT('Ctrl Pts',(33.35005654372,14.687659479436,0.));
#11987=CARTESIAN_POINT('Ctrl Pts',(32.2214245671025,14.687659479436,0.));
#11988=CARTESIAN_POINT('',(33.9469781444485,13.8814246540442,0.32));
#11989=CARTESIAN_POINT('Ctrl Pts',(33.9469781444485,13.8814246540442,0.32));
#11990=CARTESIAN_POINT('Ctrl Pts',(33.35005654372,14.687659479436,0.32));
#11991=CARTESIAN_POINT('Ctrl Pts',(32.2214245671025,14.687659479436,0.32));
#11992=CARTESIAN_POINT('',(33.9469781444485,13.8814246540442,0.));
#11993=CARTESIAN_POINT('Ctrl Pts',(34.656518212369,11.7366785023434,0.));
#11994=CARTESIAN_POINT('Ctrl Pts',(34.656518212369,11.7366785023434,0.32));
#11995=CARTESIAN_POINT('Ctrl Pts',(34.5434548578702,13.0749398631688,0.));
#11996=CARTESIAN_POINT('Ctrl Pts',(34.5434548578702,13.0749398631688,0.32));
#11997=CARTESIAN_POINT('Ctrl Pts',(33.9469781444485,13.8814246540442,0.));
#11998=CARTESIAN_POINT('Ctrl Pts',(33.9469781444485,13.8814246540442,0.32));
#11999=CARTESIAN_POINT('',(34.656518212369,11.7366785023434,0.));
#12000=CARTESIAN_POINT('Ctrl Pts',(34.656518212369,11.7366785023434,0.));
#12001=CARTESIAN_POINT('Ctrl Pts',(34.5434548578702,13.0749398631688,0.));
#12002=CARTESIAN_POINT('Ctrl Pts',(33.9469781444485,13.8814246540442,0.));
#12003=CARTESIAN_POINT('',(34.656518212369,11.7366785023434,0.32));
#12004=CARTESIAN_POINT('Ctrl Pts',(34.656518212369,11.7366785023434,0.32));
#12005=CARTESIAN_POINT('Ctrl Pts',(34.5434548578702,13.0749398631688,0.32));
#12006=CARTESIAN_POINT('Ctrl Pts',(33.9469781444485,13.8814246540442,0.32));
#12007=CARTESIAN_POINT('',(34.656518212369,11.7366785023434,0.));
#12008=CARTESIAN_POINT('Ctrl Pts',(34.9790165116449,10.3820347882809,0.));
#12009=CARTESIAN_POINT('Ctrl Pts',(34.9790165116449,10.3820347882809,0.32));
#12010=CARTESIAN_POINT('Ctrl Pts',(34.7370869640192,10.7207572467618,0.));
#12011=CARTESIAN_POINT('Ctrl Pts',(34.7370869640192,10.7207572467618,0.32));
#12012=CARTESIAN_POINT('Ctrl Pts',(34.656518212369,11.7366785023434,0.));
#12013=CARTESIAN_POINT('Ctrl Pts',(34.656518212369,11.7366785023434,0.32));
#12014=CARTESIAN_POINT('',(34.9790165116449,10.3820347882809,0.));
#12015=CARTESIAN_POINT('Ctrl Pts',(34.9790165116449,10.3820347882809,0.));
#12016=CARTESIAN_POINT('Ctrl Pts',(34.7370869640192,10.7207572467618,0.));
#12017=CARTESIAN_POINT('Ctrl Pts',(34.656518212369,11.7366785023434,0.));
#12018=CARTESIAN_POINT('',(34.9790165116449,10.3820347882809,0.32));
#12019=CARTESIAN_POINT('Ctrl Pts',(34.9790165116449,10.3820347882809,0.32));
#12020=CARTESIAN_POINT('Ctrl Pts',(34.7370869640192,10.7207572467618,0.32));
#12021=CARTESIAN_POINT('Ctrl Pts',(34.656518212369,11.7366785023434,0.32));
#12022=CARTESIAN_POINT('',(34.9790165116449,10.3820347882809,0.));
#12023=CARTESIAN_POINT('Ctrl Pts',(35.5432212781269,10.0435631365138,0.));
#12024=CARTESIAN_POINT('Ctrl Pts',(35.5432212781269,10.0435631365138,0.32));
#12025=CARTESIAN_POINT('Ctrl Pts',(35.2207227665956,10.0435622952838,0.));
#12026=CARTESIAN_POINT('Ctrl Pts',(35.2207227665956,10.0435622952838,0.32));
#12027=CARTESIAN_POINT('Ctrl Pts',(34.9790165116449,10.3820347882809,0.));
#12028=CARTESIAN_POINT('Ctrl Pts',(34.9790165116449,10.3820347882809,0.32));
#12029=CARTESIAN_POINT('',(35.5432212781269,10.0435631365138,0.));
#12030=CARTESIAN_POINT('Ctrl Pts',(35.5432212781269,10.0435631365138,0.));
#12031=CARTESIAN_POINT('Ctrl Pts',(35.2207227665956,10.0435622952838,0.));
#12032=CARTESIAN_POINT('Ctrl Pts',(34.9790165116449,10.3820347882809,0.));
#12033=CARTESIAN_POINT('',(35.5432212781269,10.0435631365138,0.32));
#12034=CARTESIAN_POINT('Ctrl Pts',(35.5432212781269,10.0435631365138,0.32));
#12035=CARTESIAN_POINT('Ctrl Pts',(35.2207227665956,10.0435622952838,0.32));
#12036=CARTESIAN_POINT('Ctrl Pts',(34.9790165116449,10.3820347882809,0.32));
#12037=CARTESIAN_POINT('',(35.5432212781269,10.0435631365138,0.));
#12038=CARTESIAN_POINT('Ctrl Pts',(36.0513392546664,10.3255810452008,0.));
#12039=CARTESIAN_POINT('Ctrl Pts',(36.0513392546664,10.3255810452008,0.32));
#12040=CARTESIAN_POINT('Ctrl Pts',(35.8176452163457,10.0433123298001,0.));
#12041=CARTESIAN_POINT('Ctrl Pts',(35.8176452163457,10.0433123298001,0.32));
#12042=CARTESIAN_POINT('Ctrl Pts',(35.5432212781269,10.0435631365138,0.));
#12043=CARTESIAN_POINT('Ctrl Pts',(35.5432212781269,10.0435631365138,0.32));
#12044=CARTESIAN_POINT('',(36.0513392546664,10.3255810452008,0.));
#12045=CARTESIAN_POINT('Ctrl Pts',(36.0513392546664,10.3255810452008,0.));
#12046=CARTESIAN_POINT('Ctrl Pts',(35.8176452163457,10.0433123298001,0.));
#12047=CARTESIAN_POINT('Ctrl Pts',(35.5432212781269,10.0435631365138,0.));
#12048=CARTESIAN_POINT('',(36.0513392546664,10.3255810452008,0.32));
#12049=CARTESIAN_POINT('Ctrl Pts',(36.0513392546664,10.3255810452008,0.32));
#12050=CARTESIAN_POINT('Ctrl Pts',(35.8176452163457,10.0433123298001,0.32));
#12051=CARTESIAN_POINT('Ctrl Pts',(35.5432212781269,10.0435631365138,0.32));
#12052=CARTESIAN_POINT('',(36.0513392546664,10.3255810452008,0.));
#12053=CARTESIAN_POINT('Ctrl Pts',(36.2850332929871,11.3656951139784,0.));
#12054=CARTESIAN_POINT('Ctrl Pts',(36.2850332929871,11.3656951139784,0.32));
#12055=CARTESIAN_POINT('Ctrl Pts',(36.2850332929871,10.6078497606015,0.));
#12056=CARTESIAN_POINT('Ctrl Pts',(36.2850332929871,10.6078497606015,0.32));
#12057=CARTESIAN_POINT('Ctrl Pts',(36.0513392546664,10.3255810452008,0.));
#12058=CARTESIAN_POINT('Ctrl Pts',(36.0513392546664,10.3255810452008,0.32));
#12059=CARTESIAN_POINT('',(36.2850332929871,11.3656951139784,0.));
#12060=CARTESIAN_POINT('Ctrl Pts',(36.2850332929871,11.3656951139784,0.));
#12061=CARTESIAN_POINT('Ctrl Pts',(36.2850332929871,10.6078497606015,0.));
#12062=CARTESIAN_POINT('Ctrl Pts',(36.0513392546664,10.3255810452008,0.));
#12063=CARTESIAN_POINT('',(36.2850332929871,11.3656951139784,0.32));
#12064=CARTESIAN_POINT('Ctrl Pts',(36.2850332929871,11.3656951139784,0.32));
#12065=CARTESIAN_POINT('Ctrl Pts',(36.2850332929871,10.6078497606015,0.32));
#12066=CARTESIAN_POINT('Ctrl Pts',(36.0513392546664,10.3255810452008,0.32));
#12067=CARTESIAN_POINT('',(36.2850332929871,11.3656951139784,0.));
#12068=CARTESIAN_POINT('Ctrl Pts',(35.8899784586909,12.6235598840113,0.));
#12069=CARTESIAN_POINT('Ctrl Pts',(35.8899784586909,12.6235598840113,0.32));
#12070=CARTESIAN_POINT('Ctrl Pts',(36.2850332929871,12.2041870236316,0.));
#12071=CARTESIAN_POINT('Ctrl Pts',(36.2850332929871,12.2041870236316,0.32));
#12072=CARTESIAN_POINT('Ctrl Pts',(36.2850332929871,11.3656951139784,0.));
#12073=CARTESIAN_POINT('Ctrl Pts',(36.2850332929871,11.3656951139784,0.32));
#12074=CARTESIAN_POINT('',(35.8899784586909,12.6235598840113,0.));
#12075=CARTESIAN_POINT('Ctrl Pts',(35.8899784586909,12.6235598840113,0.));
#12076=CARTESIAN_POINT('Ctrl Pts',(36.2850332929871,12.2041870236316,0.));
#12077=CARTESIAN_POINT('Ctrl Pts',(36.2850332929871,11.3656951139784,0.));
#12078=CARTESIAN_POINT('',(35.8899784586909,12.6235598840113,0.32));
#12079=CARTESIAN_POINT('Ctrl Pts',(35.8899784586909,12.6235598840113,0.32));
#12080=CARTESIAN_POINT('Ctrl Pts',(36.2850332929871,12.2041870236316,0.32));
#12081=CARTESIAN_POINT('Ctrl Pts',(36.2850332929871,11.3656951139784,0.32));
#12082=CARTESIAN_POINT('',(35.8899784586909,12.6235598840113,0.));
#12083=CARTESIAN_POINT('Ctrl Pts',(34.9950409449049,13.1717188071984,0.));
#12084=CARTESIAN_POINT('Ctrl Pts',(34.9950409449049,13.1717188071984,0.32));
#12085=CARTESIAN_POINT('Ctrl Pts',(35.4949236243948,13.0426827789075,0.));
#12086=CARTESIAN_POINT('Ctrl Pts',(35.4949236243948,13.0426827789075,0.32));
#12087=CARTESIAN_POINT('Ctrl Pts',(35.8899784586909,12.6235598840113,0.));
#12088=CARTESIAN_POINT('Ctrl Pts',(35.8899784586909,12.6235598840113,0.32));
#12089=CARTESIAN_POINT('',(34.9950409449049,13.1717188071984,0.));
#12090=CARTESIAN_POINT('Ctrl Pts',(34.9950409449049,13.1717188071984,0.));
#12091=CARTESIAN_POINT('Ctrl Pts',(35.4949236243948,13.0426827789075,0.));
#12092=CARTESIAN_POINT('Ctrl Pts',(35.8899784586909,12.6235598840113,0.));
#12093=CARTESIAN_POINT('',(34.9950409449049,13.1717188071984,0.32));
#12094=CARTESIAN_POINT('Ctrl Pts',(34.9950409449049,13.1717188071984,0.32));
#12095=CARTESIAN_POINT('Ctrl Pts',(35.4949236243948,13.0426827789075,0.32));
#12096=CARTESIAN_POINT('Ctrl Pts',(35.8899784586909,12.6235598840113,0.32));
#12097=CARTESIAN_POINT('',(34.9950409449049,13.1717188071984,0.));
#12098=CARTESIAN_POINT('Origin',(35.607764216857,15.0422606948274,0.));
#12099=CARTESIAN_POINT('',(35.607764216857,15.0422606948274,0.));
#12100=CARTESIAN_POINT('',(35.607764216857,15.0422606948274,0.));
#12101=CARTESIAN_POINT('',(35.607764216857,15.0422606948274,0.32));
#12102=CARTESIAN_POINT('',(35.607764216857,15.0422606948274,0.32));
#12103=CARTESIAN_POINT('',(35.607764216857,15.0422606948274,0.));
#12104=CARTESIAN_POINT('Ctrl Pts',(36.7366185310002,14.5344267923262,0.));
#12105=CARTESIAN_POINT('Ctrl Pts',(36.7366185310002,14.5344267923262,0.32));
#12106=CARTESIAN_POINT('Ctrl Pts',(36.1559446562067,14.9293530284035,0.));
#12107=CARTESIAN_POINT('Ctrl Pts',(36.1559446562067,14.9293530284035,0.32));
#12108=CARTESIAN_POINT('Ctrl Pts',(35.607764216857,15.0422606948274,0.));
#12109=CARTESIAN_POINT('Ctrl Pts',(35.607764216857,15.0422606948274,0.32));
#12110=CARTESIAN_POINT('',(36.7366185310002,14.5344267923262,0.));
#12111=CARTESIAN_POINT('Ctrl Pts',(36.7366185310002,14.5344267923262,0.));
#12112=CARTESIAN_POINT('Ctrl Pts',(36.1559446562067,14.9293530284035,0.));
#12113=CARTESIAN_POINT('Ctrl Pts',(35.607764216857,15.0422606948274,0.));
#12114=CARTESIAN_POINT('',(36.7366185310002,14.5344267923262,0.32));
#12115=CARTESIAN_POINT('Ctrl Pts',(36.7366185310002,14.5344267923262,0.32));
#12116=CARTESIAN_POINT('Ctrl Pts',(36.1559446562067,14.9293530284035,0.32));
#12117=CARTESIAN_POINT('Ctrl Pts',(35.607764216857,15.0422606948274,0.32));
#12118=CARTESIAN_POINT('',(36.7366185310002,14.5344267923262,0.));
#12119=CARTESIAN_POINT('Ctrl Pts',(37.7201370130664,13.373340966323,0.));
#12120=CARTESIAN_POINT('Ctrl Pts',(37.7201370130664,13.373340966323,0.32));
#12121=CARTESIAN_POINT('Ctrl Pts',(37.3172924057937,14.1395005562489,0.));
#12122=CARTESIAN_POINT('Ctrl Pts',(37.3172924057937,14.1395005562489,0.32));
#12123=CARTESIAN_POINT('Ctrl Pts',(36.7366185310002,14.5344267923262,0.));
#12124=CARTESIAN_POINT('Ctrl Pts',(36.7366185310002,14.5344267923262,0.32));
#12125=CARTESIAN_POINT('',(37.7201370130664,13.373340966323,0.));
#12126=CARTESIAN_POINT('Ctrl Pts',(37.7201370130664,13.373340966323,0.));
#12127=CARTESIAN_POINT('Ctrl Pts',(37.3172924057937,14.1395005562489,0.));
#12128=CARTESIAN_POINT('Ctrl Pts',(36.7366185310002,14.5344267923262,0.));
#12129=CARTESIAN_POINT('',(37.7201370130664,13.373340966323,0.32));
#12130=CARTESIAN_POINT('Ctrl Pts',(37.7201370130664,13.373340966323,0.32));
#12131=CARTESIAN_POINT('Ctrl Pts',(37.3172924057937,14.1395005562489,0.32));
#12132=CARTESIAN_POINT('Ctrl Pts',(36.7366185310002,14.5344267923262,0.32));
#12133=CARTESIAN_POINT('',(37.7201370130664,13.373340966323,0.));
#12134=CARTESIAN_POINT('Ctrl Pts',(38.123426507646,11.3656951139784,0.));
#12135=CARTESIAN_POINT('Ctrl Pts',(38.123426507646,11.3656951139784,0.32));
#12136=CARTESIAN_POINT('Ctrl Pts',(38.123426507646,12.6074313418807,0.));
#12137=CARTESIAN_POINT('Ctrl Pts',(38.123426507646,12.6074313418807,0.32));
#12138=CARTESIAN_POINT('Ctrl Pts',(37.7201370130664,13.373340966323,0.));
#12139=CARTESIAN_POINT('Ctrl Pts',(37.7201370130664,13.373340966323,0.32));
#12140=CARTESIAN_POINT('',(38.123426507646,11.3656951139784,0.));
#12141=CARTESIAN_POINT('Ctrl Pts',(38.123426507646,11.3656951139784,0.));
#12142=CARTESIAN_POINT('Ctrl Pts',(38.123426507646,12.6074313418807,0.));
#12143=CARTESIAN_POINT('Ctrl Pts',(37.7201370130664,13.373340966323,0.));
#12144=CARTESIAN_POINT('',(38.123426507646,11.3656951139784,0.32));
#12145=CARTESIAN_POINT('Ctrl Pts',(38.123426507646,11.3656951139784,0.32));
#12146=CARTESIAN_POINT('Ctrl Pts',(38.123426507646,12.6074313418807,0.32));
#12147=CARTESIAN_POINT('Ctrl Pts',(37.7201370130664,13.373340966323,0.32));
#12148=CARTESIAN_POINT('',(38.123426507646,11.3656951139784,0.));
#12149=CARTESIAN_POINT('Ctrl Pts',(37.4058750721171,8.91472970791899,0.));
#12150=CARTESIAN_POINT('Ctrl Pts',(37.4058750721171,8.91472970791899,0.32));
#12151=CARTESIAN_POINT('Ctrl Pts',(38.123649800321,9.78548254745624,0.));
#12152=CARTESIAN_POINT('Ctrl Pts',(38.123649800321,9.78548254745624,0.32));
#12153=CARTESIAN_POINT('Ctrl Pts',(38.123426507646,11.3656951139784,0.));
#12154=CARTESIAN_POINT('Ctrl Pts',(38.123426507646,11.3656951139784,0.32));
#12155=CARTESIAN_POINT('',(37.4058750721171,8.91472970791899,0.));
#12156=CARTESIAN_POINT('Ctrl Pts',(37.4058750721171,8.91472970791899,0.));
#12157=CARTESIAN_POINT('Ctrl Pts',(38.123649800321,9.78548254745624,0.));
#12158=CARTESIAN_POINT('Ctrl Pts',(38.123426507646,11.3656951139784,0.));
#12159=CARTESIAN_POINT('',(37.4058750721171,8.91472970791899,0.32));
#12160=CARTESIAN_POINT('Ctrl Pts',(37.4058750721171,8.91472970791899,0.32));
#12161=CARTESIAN_POINT('Ctrl Pts',(38.123649800321,9.78548254745624,0.32));
#12162=CARTESIAN_POINT('Ctrl Pts',(38.123426507646,11.3656951139784,0.32));
#12163=CARTESIAN_POINT('',(37.4058750721171,8.91472970791899,0.));
#12164=CARTESIAN_POINT('Ctrl Pts',(35.5109489066764,8.04397686838175,0.));
#12165=CARTESIAN_POINT('Ctrl Pts',(35.5109489066764,8.04397686838175,0.32));
#12166=CARTESIAN_POINT('Ctrl Pts',(36.6881003439132,8.04397686838175,0.));
#12167=CARTESIAN_POINT('Ctrl Pts',(36.6881003439132,8.04397686838175,0.32));
#12168=CARTESIAN_POINT('Ctrl Pts',(37.4058750721171,8.91472970791899,0.));
#12169=CARTESIAN_POINT('Ctrl Pts',(37.4058750721171,8.91472970791899,0.32));
#12170=CARTESIAN_POINT('',(35.5109489066764,8.04397686838175,0.));
#12171=CARTESIAN_POINT('Ctrl Pts',(35.5109489066764,8.04397686838175,0.));
#12172=CARTESIAN_POINT('Ctrl Pts',(36.6881003439132,8.04397686838175,0.));
#12173=CARTESIAN_POINT('Ctrl Pts',(37.4058750721171,8.91472970791899,0.));
#12174=CARTESIAN_POINT('',(35.5109489066764,8.04397686838175,0.32));
#12175=CARTESIAN_POINT('Ctrl Pts',(35.5109489066764,8.04397686838175,0.32));
#12176=CARTESIAN_POINT('Ctrl Pts',(36.6881003439132,8.04397686838175,0.32));
#12177=CARTESIAN_POINT('Ctrl Pts',(37.4058750721171,8.91472970791899,0.32));
#12178=CARTESIAN_POINT('',(35.5109489066764,8.04397686838175,0.));
#12179=CARTESIAN_POINT('Origin',(35.4143559340215,8.04397662803034,0.));
#12180=CARTESIAN_POINT('',(35.4143559340215,8.04397662803034,0.));
#12181=CARTESIAN_POINT('',(35.4143559340215,8.04397662803034,0.));
#12182=CARTESIAN_POINT('',(35.4143559340215,8.04397662803034,0.32));
#12183=CARTESIAN_POINT('',(35.4143559340215,8.04397662803034,0.32));
#12184=CARTESIAN_POINT('',(35.4143559340215,8.04397662803034,0.));
#12185=CARTESIAN_POINT('Ctrl Pts',(33.7293093884095,8.81795076388938,0.));
#12186=CARTESIAN_POINT('Ctrl Pts',(33.7293093884095,8.81795076388938,0.32));
#12187=CARTESIAN_POINT('Ctrl Pts',(34.3342440547896,8.04397686838175,0.));
#12188=CARTESIAN_POINT('Ctrl Pts',(34.3342440547896,8.04397686838175,0.32));
#12189=CARTESIAN_POINT('Ctrl Pts',(35.4143559340215,8.04397662803034,0.));
#12190=CARTESIAN_POINT('Ctrl Pts',(35.4143559340215,8.04397662803034,0.32));
#12191=CARTESIAN_POINT('',(33.7293093884095,8.81795076388938,0.));
#12192=CARTESIAN_POINT('Ctrl Pts',(33.7293093884095,8.81795076388938,0.));
#12193=CARTESIAN_POINT('Ctrl Pts',(34.3342440547896,8.04397686838175,0.));
#12194=CARTESIAN_POINT('Ctrl Pts',(35.4143559340215,8.04397662803034,0.));
#12195=CARTESIAN_POINT('',(33.7293093884095,8.81795076388938,0.32));
#12196=CARTESIAN_POINT('Ctrl Pts',(33.7293093884095,8.81795076388938,0.32));
#12197=CARTESIAN_POINT('Ctrl Pts',(34.3342440547896,8.04397686838175,0.32));
#12198=CARTESIAN_POINT('Ctrl Pts',(35.4143559340215,8.04397662803034,0.32));
#12199=CARTESIAN_POINT('',(33.7293093884095,8.81795076388938,0.));
#12200=CARTESIAN_POINT('Ctrl Pts',(32.995509377924,10.8175323451686,0.));
#12201=CARTESIAN_POINT('Ctrl Pts',(32.995509377924,10.8175323451686,0.32));
#12202=CARTESIAN_POINT('Ctrl Pts',(33.1243751465401,9.59192465939699,0.));
#12203=CARTESIAN_POINT('Ctrl Pts',(33.1243751465401,9.59192465939699,0.32));
#12204=CARTESIAN_POINT('Ctrl Pts',(33.7293093884095,8.81795076388938,0.));
#12205=CARTESIAN_POINT('Ctrl Pts',(33.7293093884095,8.81795076388938,0.32));
#12206=CARTESIAN_POINT('',(32.995509377924,10.8175323451686,0.));
#12207=CARTESIAN_POINT('Ctrl Pts',(32.995509377924,10.8175323451686,0.));
#12208=CARTESIAN_POINT('Ctrl Pts',(33.1243751465401,9.59192465939699,0.));
#12209=CARTESIAN_POINT('Ctrl Pts',(33.7293093884095,8.81795076388938,0.));
#12210=CARTESIAN_POINT('',(32.995509377924,10.8175323451686,0.32));
#12211=CARTESIAN_POINT('Ctrl Pts',(32.995509377924,10.8175323451686,0.32));
#12212=CARTESIAN_POINT('Ctrl Pts',(33.1243751465401,9.59192465939699,0.32));
#12213=CARTESIAN_POINT('Ctrl Pts',(33.7293093884095,8.81795076388938,0.32));
#12214=CARTESIAN_POINT('',(32.995509377924,10.8175323451686,0.));
#12215=CARTESIAN_POINT('Ctrl Pts',(32.7052832378431,12.2848335799077,0.));
#12216=CARTESIAN_POINT('Ctrl Pts',(32.7052832378431,12.2848335799077,0.32));
#12217=CARTESIAN_POINT('Ctrl Pts',(32.8666436093078,11.8815892616585,0.));
#12218=CARTESIAN_POINT('Ctrl Pts',(32.8666436093078,11.8815892616585,0.32));
#12219=CARTESIAN_POINT('Ctrl Pts',(32.995509377924,10.8175323451686,0.));
#12220=CARTESIAN_POINT('Ctrl Pts',(32.995509377924,10.8175323451686,0.32));
#12221=CARTESIAN_POINT('',(32.7052832378431,12.2848335799077,0.));
#12222=CARTESIAN_POINT('Ctrl Pts',(32.7052832378431,12.2848335799077,0.));
#12223=CARTESIAN_POINT('Ctrl Pts',(32.8666436093078,11.8815892616585,0.));
#12224=CARTESIAN_POINT('Ctrl Pts',(32.995509377924,10.8175323451686,0.));
#12225=CARTESIAN_POINT('',(32.7052832378431,12.2848335799077,0.32));
#12226=CARTESIAN_POINT('Ctrl Pts',(32.7052832378431,12.2848335799077,0.32));
#12227=CARTESIAN_POINT('Ctrl Pts',(32.8666436093078,11.8815892616585,0.32));
#12228=CARTESIAN_POINT('Ctrl Pts',(32.995509377924,10.8175323451686,0.32));
#12229=CARTESIAN_POINT('',(32.7052832378431,12.2848335799077,0.));
#12230=CARTESIAN_POINT('Ctrl Pts',(32.1568806732232,12.6880778981568,0.));
#12231=CARTESIAN_POINT('Ctrl Pts',(32.1568806732232,12.6880778981568,0.32));
#12232=CARTESIAN_POINT('Ctrl Pts',(32.5441453100319,12.6880778981568,0.));
#12233=CARTESIAN_POINT('Ctrl Pts',(32.5441453100319,12.6880778981568,0.32));
#12234=CARTESIAN_POINT('Ctrl Pts',(32.7052832378431,12.2848335799077,0.));
#12235=CARTESIAN_POINT('Ctrl Pts',(32.7052832378431,12.2848335799077,0.32));
#12236=CARTESIAN_POINT('',(32.1568806732232,12.6880778981568,0.));
#12237=CARTESIAN_POINT('Ctrl Pts',(32.1568806732232,12.6880778981568,0.));
#12238=CARTESIAN_POINT('Ctrl Pts',(32.5441453100319,12.6880778981568,0.));
#12239=CARTESIAN_POINT('Ctrl Pts',(32.7052832378431,12.2848335799077,0.));
#12240=CARTESIAN_POINT('',(32.1568806732232,12.6880778981568,0.32));
#12241=CARTESIAN_POINT('Ctrl Pts',(32.1568806732232,12.6880778981568,0.32));
#12242=CARTESIAN_POINT('Ctrl Pts',(32.5441453100319,12.6880778981568,0.32));
#12243=CARTESIAN_POINT('Ctrl Pts',(32.7052832378431,12.2848335799077,0.32));
#12244=CARTESIAN_POINT('',(32.1568806732232,12.6880778981568,0.));
#12245=CARTESIAN_POINT('Ctrl Pts',(31.6975048132118,12.4219377248868,0.));
#12246=CARTESIAN_POINT('Ctrl Pts',(31.6975048132118,12.4219377248868,0.32));
#12247=CARTESIAN_POINT('Ctrl Pts',(31.882679815424,12.6880778981568,0.));
#12248=CARTESIAN_POINT('Ctrl Pts',(31.882679815424,12.6880778981568,0.32));
#12249=CARTESIAN_POINT('Ctrl Pts',(32.1568806732232,12.6880778981568,0.));
#12250=CARTESIAN_POINT('Ctrl Pts',(32.1568806732232,12.6880778981568,0.32));
#12251=CARTESIAN_POINT('',(31.6975048132118,12.4219377248868,0.));
#12252=CARTESIAN_POINT('Ctrl Pts',(31.6975048132118,12.4219377248868,0.));
#12253=CARTESIAN_POINT('Ctrl Pts',(31.882679815424,12.6880778981568,0.));
#12254=CARTESIAN_POINT('Ctrl Pts',(32.1568806732232,12.6880778981568,0.));
#12255=CARTESIAN_POINT('',(31.6975048132118,12.4219377248868,0.32));
#12256=CARTESIAN_POINT('Ctrl Pts',(31.6975048132118,12.4219377248868,0.32));
#12257=CARTESIAN_POINT('Ctrl Pts',(31.882679815424,12.6880778981568,0.32));
#12258=CARTESIAN_POINT('Ctrl Pts',(32.1568806732232,12.6880778981568,0.32));
#12259=CARTESIAN_POINT('',(31.6975048132118,12.4219377248868,0.));
#12260=CARTESIAN_POINT('Ctrl Pts',(31.5118847379694,11.6560273193024,0.));
#12261=CARTESIAN_POINT('Ctrl Pts',(31.5118847379694,11.6560273193024,0.32));
#12262=CARTESIAN_POINT('Ctrl Pts',(31.5118849236929,12.1557975516167,0.));
#12263=CARTESIAN_POINT('Ctrl Pts',(31.5118849236929,12.1557975516167,0.32));
#12264=CARTESIAN_POINT('Ctrl Pts',(31.6975048132118,12.4219377248868,0.));
#12265=CARTESIAN_POINT('Ctrl Pts',(31.6975048132118,12.4219377248868,0.32));
#12266=CARTESIAN_POINT('',(31.5118847379694,11.6560273193024,0.));
#12267=CARTESIAN_POINT('Ctrl Pts',(31.5118847379694,11.6560273193024,0.));
#12268=CARTESIAN_POINT('Ctrl Pts',(31.5118849236929,12.1557975516167,0.));
#12269=CARTESIAN_POINT('Ctrl Pts',(31.6975048132118,12.4219377248868,0.));
#12270=CARTESIAN_POINT('',(31.5118847379694,11.6560273193024,0.32));
#12271=CARTESIAN_POINT('Ctrl Pts',(31.5118847379694,11.6560273193024,0.32));
#12272=CARTESIAN_POINT('Ctrl Pts',(31.5118849236929,12.1557975516167,0.32));
#12273=CARTESIAN_POINT('Ctrl Pts',(31.6975048132118,12.4219377248868,0.32));
#12274=CARTESIAN_POINT('',(31.5118847379694,11.6560273193024,0.));
#12275=CARTESIAN_POINT('Ctrl Pts',(31.7618262634378,10.7368857888924,0.));
#12276=CARTESIAN_POINT('Ctrl Pts',(31.7618262634378,10.7368857888924,0.32));
#12277=CARTESIAN_POINT('Ctrl Pts',(31.5118849236929,11.0917367895039,0.));
#12278=CARTESIAN_POINT('Ctrl Pts',(31.5118849236929,11.0917367895039,0.32));
#12279=CARTESIAN_POINT('Ctrl Pts',(31.5118847379694,11.6560273193024,0.));
#12280=CARTESIAN_POINT('Ctrl Pts',(31.5118847379694,11.6560273193024,0.32));
#12281=CARTESIAN_POINT('',(31.7618262634378,10.7368857888924,0.));
#12282=CARTESIAN_POINT('Ctrl Pts',(31.7618262634378,10.7368857888924,0.));
#12283=CARTESIAN_POINT('Ctrl Pts',(31.5118849236929,11.0917367895039,0.));
#12284=CARTESIAN_POINT('Ctrl Pts',(31.5118847379694,11.6560273193024,0.));
#12285=CARTESIAN_POINT('',(31.7618262634378,10.7368857888924,0.32));
#12286=CARTESIAN_POINT('Ctrl Pts',(31.7618262634378,10.7368857888924,0.32));
#12287=CARTESIAN_POINT('Ctrl Pts',(31.5118849236929,11.0917367895039,0.32));
#12288=CARTESIAN_POINT('Ctrl Pts',(31.5118847379694,11.6560273193024,0.32));
#12289=CARTESIAN_POINT('',(31.7618262634378,10.7368857888924,0.));
#12290=CARTESIAN_POINT('Ctrl Pts',(32.4473292569574,10.2368663722365,0.));
#12291=CARTESIAN_POINT('Ctrl Pts',(32.4473292569574,10.2368663722365,0.32));
#12292=CARTESIAN_POINT('Ctrl Pts',(32.0117676031827,10.3820347882809,0.));
#12293=CARTESIAN_POINT('Ctrl Pts',(32.0117676031827,10.3820347882809,0.32));
#12294=CARTESIAN_POINT('Ctrl Pts',(31.7618262634378,10.7368857888924,0.));
#12295=CARTESIAN_POINT('Ctrl Pts',(31.7618262634378,10.7368857888924,0.32));
#12296=CARTESIAN_POINT('',(32.4473292569574,10.2368663722365,0.));
#12297=CARTESIAN_POINT('Ctrl Pts',(32.4473292569574,10.2368663722365,0.));
#12298=CARTESIAN_POINT('Ctrl Pts',(32.0117676031827,10.3820347882809,0.));
#12299=CARTESIAN_POINT('Ctrl Pts',(31.7618262634378,10.7368857888924,0.));
#12300=CARTESIAN_POINT('',(32.4473292569574,10.2368663722365,0.32));
#12301=CARTESIAN_POINT('Ctrl Pts',(32.4473292569574,10.2368663722365,0.32));
#12302=CARTESIAN_POINT('Ctrl Pts',(32.0117676031827,10.3820347882809,0.32));
#12303=CARTESIAN_POINT('Ctrl Pts',(31.7618262634378,10.7368857888924,0.32));
#12304=CARTESIAN_POINT('',(32.4473292569574,10.2368663722365,0.));
#12305=CARTESIAN_POINT('Origin',(31.7055170298418,8.39858174913241,0.));
#12306=CARTESIAN_POINT('',(31.7055170298418,8.39858174913241,0.));
#12307=CARTESIAN_POINT('',(31.7055170298418,8.39858174913241,0.));
#12308=CARTESIAN_POINT('',(31.7055170298418,8.39858174913241,0.32));
#12309=CARTESIAN_POINT('',(31.7055170298418,8.39858174913241,0.32));
#12310=CARTESIAN_POINT('',(31.7055170298418,8.39858174913241,0.));
#12311=CARTESIAN_POINT('Ctrl Pts',(30.7702949279753,8.9389261263864,0.));
#12312=CARTESIAN_POINT('Ctrl Pts',(30.7702949279753,8.9389261263864,0.32));
#12313=CARTESIAN_POINT('Ctrl Pts',(31.2376836413829,8.5598787073075,0.));
#12314=CARTESIAN_POINT('Ctrl Pts',(31.2376836413829,8.5598787073075,0.32));
#12315=CARTESIAN_POINT('Ctrl Pts',(31.7055170298418,8.39858174913241,0.));
#12316=CARTESIAN_POINT('Ctrl Pts',(31.7055170298418,8.39858174913241,0.32));
#12317=CARTESIAN_POINT('',(30.7702949279753,8.9389261263864,0.));
#12318=CARTESIAN_POINT('Ctrl Pts',(30.7702949279753,8.9389261263864,0.));
#12319=CARTESIAN_POINT('Ctrl Pts',(31.2376836413829,8.5598787073075,0.));
#12320=CARTESIAN_POINT('Ctrl Pts',(31.7055170298418,8.39858174913241,0.));
#12321=CARTESIAN_POINT('',(30.7702949279753,8.9389261263864,0.32));
#12322=CARTESIAN_POINT('Ctrl Pts',(30.7702949279753,8.9389261263864,0.32));
#12323=CARTESIAN_POINT('Ctrl Pts',(31.2376836413829,8.5598787073075,0.32));
#12324=CARTESIAN_POINT('Ctrl Pts',(31.7055170298418,8.39858174913241,0.32));
#12325=CARTESIAN_POINT('',(30.7702949279753,8.9389261263864,0.));
#12326=CARTESIAN_POINT('Ctrl Pts',(29.9881983250347,9.97904043551546,0.));
#12327=CARTESIAN_POINT('Ctrl Pts',(29.9881983250347,9.97904043551546,0.32));
#12328=CARTESIAN_POINT('Ctrl Pts',(30.3026837709144,9.31772021506164,0.));
#12329=CARTESIAN_POINT('Ctrl Pts',(30.3026837709144,9.31772021506164,0.32));
#12330=CARTESIAN_POINT('Ctrl Pts',(30.7702949279753,8.9389261263864,0.));
#12331=CARTESIAN_POINT('Ctrl Pts',(30.7702949279753,8.9389261263864,0.32));
#12332=CARTESIAN_POINT('',(29.9881983250347,9.97904043551547,0.));
#12333=CARTESIAN_POINT('Ctrl Pts',(29.9881983250347,9.97904043551546,0.));
#12334=CARTESIAN_POINT('Ctrl Pts',(30.3026837709144,9.31772021506164,0.));
#12335=CARTESIAN_POINT('Ctrl Pts',(30.7702949279753,8.9389261263864,0.));
#12336=CARTESIAN_POINT('',(29.9881983250347,9.97904043551547,0.32));
#12337=CARTESIAN_POINT('Ctrl Pts',(29.9881983250347,9.97904043551546,0.32));
#12338=CARTESIAN_POINT('Ctrl Pts',(30.3026837709144,9.31772021506164,0.32));
#12339=CARTESIAN_POINT('Ctrl Pts',(30.7702949279753,8.9389261263864,0.32));
#12340=CARTESIAN_POINT('',(29.9881983250347,9.97904043551547,0.));
#12341=CARTESIAN_POINT('Ctrl Pts',(29.8098846474305,13.1984464172865,0.));
#12342=CARTESIAN_POINT('Ctrl Pts',(29.8098846474305,13.1984464172865,0.32));
#12343=CARTESIAN_POINT('Ctrl Pts',(29.7794186108622,13.1392148002457,0.));
#12344=CARTESIAN_POINT('Ctrl Pts',(29.7794186108622,13.1392148002457,0.32));
#12345=CARTESIAN_POINT('Ctrl Pts',(29.7230124361228,13.0205244928205,0.));
#12346=CARTESIAN_POINT('Ctrl Pts',(29.7230124361228,13.0205244928205,0.32));
#12347=CARTESIAN_POINT('Ctrl Pts',(29.6519800758929,12.8418076292063,0.));
#12348=CARTESIAN_POINT('Ctrl Pts',(29.6519800758929,12.8418076292063,0.32));
#12349=CARTESIAN_POINT('Ctrl Pts',(29.5834309325951,12.6017408001799,0.));
#12350=CARTESIAN_POINT('Ctrl Pts',(29.5834309325951,12.6017408001799,0.32));
#12351=CARTESIAN_POINT('Ctrl Pts',(29.5363833211757,12.2964837653439,0.));
#12352=CARTESIAN_POINT('Ctrl Pts',(29.5363833211757,12.2964837653439,0.32));
#12353=CARTESIAN_POINT('Ctrl Pts',(29.5223780567958,11.9835796778494,0.));
#12354=CARTESIAN_POINT('Ctrl Pts',(29.5223780567958,11.9835796778494,0.32));
#12355=CARTESIAN_POINT('Ctrl Pts',(29.5364916568089,11.6612037482944,0.));
#12356=CARTESIAN_POINT('Ctrl Pts',(29.5364916568089,11.6612037482944,0.32));
#12357=CARTESIAN_POINT('Ctrl Pts',(29.5754359927999,11.3293337020571,0.));
#12358=CARTESIAN_POINT('Ctrl Pts',(29.5754359927999,11.3293337020571,0.32));
#12359=CARTESIAN_POINT('Ctrl Pts',(29.6381453888163,10.9907858781524,0.));
#12360=CARTESIAN_POINT('Ctrl Pts',(29.6381453888163,10.9907858781524,0.32));
#12361=CARTESIAN_POINT('Ctrl Pts',(29.7253182019242,10.649744292021,0.));
#12362=CARTESIAN_POINT('Ctrl Pts',(29.7253182019242,10.649744292021,0.32));
#12363=CARTESIAN_POINT('Ctrl Pts',(29.8161172639575,10.3784964652507,0.));
#12364=CARTESIAN_POINT('Ctrl Pts',(29.8161172639575,10.3784964652507,0.32));
#12365=CARTESIAN_POINT('Ctrl Pts',(29.8970296799575,10.1775909905013,0.));
#12366=CARTESIAN_POINT('Ctrl Pts',(29.8970296799575,10.1775909905013,0.32));
#12367=CARTESIAN_POINT('Ctrl Pts',(29.9568319520003,10.0449996619335,0.));
#12368=CARTESIAN_POINT('Ctrl Pts',(29.9568319520003,10.0449996619335,0.32));
#12369=CARTESIAN_POINT('Ctrl Pts',(29.9881983250347,9.97904043551547,0.));
#12370=CARTESIAN_POINT('Ctrl Pts',(29.9881983250347,9.97904043551547,0.32));
#12371=CARTESIAN_POINT('',(29.8098846474305,13.1984464172865,0.));
#12372=CARTESIAN_POINT('Ctrl Pts',(29.8098846474305,13.1984464172865,0.));
#12373=CARTESIAN_POINT('Ctrl Pts',(29.7794186108622,13.1392148002457,0.));
#12374=CARTESIAN_POINT('Ctrl Pts',(29.7230124361228,13.0205244928205,0.));
#12375=CARTESIAN_POINT('Ctrl Pts',(29.6519800758929,12.8418076292063,0.));
#12376=CARTESIAN_POINT('Ctrl Pts',(29.5834309325951,12.6017408001799,0.));
#12377=CARTESIAN_POINT('Ctrl Pts',(29.5363833211757,12.2964837653439,0.));
#12378=CARTESIAN_POINT('Ctrl Pts',(29.5223780567958,11.9835796778494,0.));
#12379=CARTESIAN_POINT('Ctrl Pts',(29.5364916568089,11.6612037482944,0.));
#12380=CARTESIAN_POINT('Ctrl Pts',(29.5754359927999,11.3293337020571,0.));
#12381=CARTESIAN_POINT('Ctrl Pts',(29.6381453888163,10.9907858781524,0.));
#12382=CARTESIAN_POINT('Ctrl Pts',(29.7253182019242,10.649744292021,0.));
#12383=CARTESIAN_POINT('Ctrl Pts',(29.8161172639575,10.3784964652507,0.));
#12384=CARTESIAN_POINT('Ctrl Pts',(29.8970296799575,10.1775909905013,0.));
#12385=CARTESIAN_POINT('Ctrl Pts',(29.9568319520003,10.0449996619335,0.));
#12386=CARTESIAN_POINT('Ctrl Pts',(29.9881983250347,9.97904043551547,0.));
#12387=CARTESIAN_POINT('',(29.8098846474305,13.1984464172865,0.32));
#12388=CARTESIAN_POINT('Ctrl Pts',(29.8098846474305,13.1984464172865,0.32));
#12389=CARTESIAN_POINT('Ctrl Pts',(29.7794186108622,13.1392148002457,0.32));
#12390=CARTESIAN_POINT('Ctrl Pts',(29.7230124361228,13.0205244928205,0.32));
#12391=CARTESIAN_POINT('Ctrl Pts',(29.6519800758929,12.8418076292063,0.32));
#12392=CARTESIAN_POINT('Ctrl Pts',(29.5834309325951,12.6017408001799,0.32));
#12393=CARTESIAN_POINT('Ctrl Pts',(29.5363833211757,12.2964837653439,0.32));
#12394=CARTESIAN_POINT('Ctrl Pts',(29.5223780567958,11.9835796778494,0.32));
#12395=CARTESIAN_POINT('Ctrl Pts',(29.5364916568089,11.6612037482944,0.32));
#12396=CARTESIAN_POINT('Ctrl Pts',(29.5754359927999,11.3293337020571,0.32));
#12397=CARTESIAN_POINT('Ctrl Pts',(29.6381453888163,10.9907858781524,0.32));
#12398=CARTESIAN_POINT('Ctrl Pts',(29.7253182019242,10.649744292021,0.32));
#12399=CARTESIAN_POINT('Ctrl Pts',(29.8161172639575,10.3784964652507,0.32));
#12400=CARTESIAN_POINT('Ctrl Pts',(29.8970296799575,10.1775909905013,0.32));
#12401=CARTESIAN_POINT('Ctrl Pts',(29.9568319520003,10.0449996619335,0.32));
#12402=CARTESIAN_POINT('Ctrl Pts',(29.9881983250347,9.97904043551547,0.32));
#12403=CARTESIAN_POINT('',(29.8098846474305,13.1984464172865,0.));
#12404=CARTESIAN_POINT('Origin',(32.1849742226747,11.976808895513,0.));
#12405=CARTESIAN_POINT('Origin',(32.1849742226747,11.976808895513,0.));
#12406=CARTESIAN_POINT('Origin',(32.1849742226747,11.976808895513,0.32));
#12407=CARTESIAN_POINT('Origin',(33.8230139285584,11.5431186614289,0.));
#12408=CARTESIAN_POINT('Origin',(33.8230139285584,11.5431186614289,0.32));
#12409=CARTESIAN_POINT('Origin',(8.5,29.0556238851401,2.5));
#12410=CARTESIAN_POINT('',(8.,12.4641016151378,3.));
#12411=CARTESIAN_POINT('',(8.,79.1471461551425,3.));
#12412=CARTESIAN_POINT('',(8.,0.,3.));
#12413=CARTESIAN_POINT('',(8.34962183957294,12.4967679947155,2.65037816042706));
#12414=CARTESIAN_POINT('Origin',(8.50000000000001,9.,2.5));
#12415=CARTESIAN_POINT('',(9.,13.1471461551425,2.));
#12416=CARTESIAN_POINT('',(17.2321218643443,21.3792680194869,-6.23212186434436));
#12417=CARTESIAN_POINT('',(9.,78.1471461551425,2.));
#12418=CARTESIAN_POINT('',(9.,29.0556238851401,2.));
#12419=CARTESIAN_POINT('',(9.,78.1471461551425,2.));
#12420=CARTESIAN_POINT('Origin',(20.5,78.6471461551425,2.5));
#12421=CARTESIAN_POINT('',(58.,79.1471461551425,3.));
#12422=CARTESIAN_POINT('',(8.,79.1471461551425,3.));
#12423=CARTESIAN_POINT('',(57.,78.1471461551425,2.));
#12424=CARTESIAN_POINT('',(20.5,78.1471461551425,2.));
#12425=CARTESIAN_POINT('',(57.,78.1471461551425,2.));
#12426=CARTESIAN_POINT('Origin',(57.5,62.3971461551425,2.5));
#12427=CARTESIAN_POINT('',(57.,13.1471461551425,2.));
#12428=CARTESIAN_POINT('',(57.,62.3971461551425,2.));
#12429=CARTESIAN_POINT('',(57.6503781604271,12.4967679947155,2.65037816042706));
#12430=CARTESIAN_POINT('',(47.0390422426781,23.1081039124645,-7.96095775732192));
#12431=CARTESIAN_POINT('',(58.,12.4641016151378,3.));
#12432=CARTESIAN_POINT('Origin',(57.5,9.,2.5));
#12433=CARTESIAN_POINT('',(58.,0.,3.));
#12434=CARTESIAN_POINT('Origin',(8.50000000000001,9.,0.));
#12435=CARTESIAN_POINT('',(5.05468615119442,8.3837107146569,3.9595635963384));
#12436=CARTESIAN_POINT('Ctrl Pts',(5.05468615119446,8.38371071465691,3.95956359633835));
#12437=CARTESIAN_POINT('Ctrl Pts',(5.01798079963042,8.58890892120768,3.98632030514062));
#12438=CARTESIAN_POINT('Ctrl Pts',(5.,8.79633607060082,4.));
#12439=CARTESIAN_POINT('Ctrl Pts',(5.,9.45772919373631,4.));
#12440=CARTESIAN_POINT('Ctrl Pts',(5.09438498364165,9.93306996463755,3.92511943307878));
#12441=CARTESIAN_POINT('Ctrl Pts',(5.45897160466443,10.7947109507834,3.68833923297034));
#12442=CARTESIAN_POINT('Ctrl Pts',(5.72913211737942,11.1827011063485,3.53256863423708));
#12443=CARTESIAN_POINT('Ctrl Pts',(6.34423515983824,11.7900673773426,3.27060381291144));
#12444=CARTESIAN_POINT('Ctrl Pts',(6.73042292476031,12.0550451461957,3.14441847722741));
#12445=CARTESIAN_POINT('Ctrl Pts',(7.42794322418578,12.344527919008,3.02531130386236));
#12446=CARTESIAN_POINT('Ctrl Pts',(7.71411382426136,12.4228375000077,3.));
#12447=CARTESIAN_POINT('Ctrl Pts',(8.,12.4641016151378,3.));
#12448=CARTESIAN_POINT('',(5.05468615119446,8.38371071465687,10.));
#12449=CARTESIAN_POINT('',(5.05468615119446,8.38371071465687,0.));
#12450=CARTESIAN_POINT('',(8.22031855070511,5.51119242621203,10.));
#12451=CARTESIAN_POINT('Origin',(8.50000000000001,9.,10.));
#12452=CARTESIAN_POINT('',(8.22031855070511,5.51119242621203,3.));
#12453=CARTESIAN_POINT('',(8.22031855070511,5.51119242621203,0.));
#12454=CARTESIAN_POINT('',(10.0314930878628,12.1471461551425,3.));
#12455=CARTESIAN_POINT('Origin',(8.50000000000001,9.,3.));
#12456=CARTESIAN_POINT('Origin',(8.50000000000001,9.,6.14714615514253));
#12457=CARTESIAN_POINT('Origin',(57.5,9.,-3.39994231922538E-15));
#12458=CARTESIAN_POINT('',(55.9685069121372,12.1471461551425,3.));
#12459=CARTESIAN_POINT('Origin',(57.5,9.,6.14714615514254));
#12460=CARTESIAN_POINT('',(57.7796814492949,5.51119242621203,3.));
#12461=CARTESIAN_POINT('Origin',(57.5,9.,2.99999999999999));
#12462=CARTESIAN_POINT('',(57.7796814492949,5.51119242621203,10.));
#12463=CARTESIAN_POINT('',(57.7796814492949,5.51119242621203,-3.60176987601552E-15));
#12464=CARTESIAN_POINT('',(60.9453138488056,8.38371071465687,10.));
#12465=CARTESIAN_POINT('Origin',(57.5,9.,10.));
#12466=CARTESIAN_POINT('',(60.9453138488056,8.38371071465691,3.95956359633841));
#12467=CARTESIAN_POINT('',(60.9453138488056,8.38371071465687,-3.98944803454931E-15));
#12468=CARTESIAN_POINT('Ctrl Pts',(58.,12.4641016151378,3.));
#12469=CARTESIAN_POINT('Ctrl Pts',(58.2858861757386,12.4228375000077,3.));
#12470=CARTESIAN_POINT('Ctrl Pts',(58.5720567758142,12.344527919008,3.02531130386236));
#12471=CARTESIAN_POINT('Ctrl Pts',(59.2695770752397,12.0550451461957,3.14441847722741));
#12472=CARTESIAN_POINT('Ctrl Pts',(59.6557648401618,11.7900673773426,3.27060381291144));
#12473=CARTESIAN_POINT('Ctrl Pts',(60.2708678826206,11.1827011063485,3.53256863423708));
#12474=CARTESIAN_POINT('Ctrl Pts',(60.5410283953356,10.7947109507834,3.68833923297034));
#12475=CARTESIAN_POINT('Ctrl Pts',(60.9056150163584,9.93306996463754,3.92511943307878));
#12476=CARTESIAN_POINT('Ctrl Pts',(61.,9.45772919373631,4.));
#12477=CARTESIAN_POINT('Ctrl Pts',(61.,8.79633607060082,4.));
#12478=CARTESIAN_POINT('Ctrl Pts',(60.9820192003696,8.58890892120769,3.98632030514062));
#12479=CARTESIAN_POINT('Ctrl Pts',(60.9453138488056,8.38371071465692,3.95956359633836));
#12480=CARTESIAN_POINT('Origin',(44.4842534560686,12.6471461551425,2.5));
#12481=CARTESIAN_POINT('',(31.9842534560686,12.1471461551425,3.));
#12482=CARTESIAN_POINT('',(44.4842534560686,13.1471461551425,2.));
#12483=CARTESIAN_POINT('Origin',(33.,45.6471461551425,2.));
#12484=CARTESIAN_POINT('Origin',(8.,0.,3.));
#12485=CARTESIAN_POINT('',(58.,79.5358983848623,3.));
#12486=CARTESIAN_POINT('',(58.,0.,3.));
#12487=CARTESIAN_POINT('',(57.7796814492949,86.488807573788,3.));
#12488=CARTESIAN_POINT('Origin',(57.5,83.,2.99999999999998));
#12489=CARTESIAN_POINT('',(57.4,88.4,3.));
#12490=CARTESIAN_POINT('Origin',(62.4,88.4,3.));
#12491=CARTESIAN_POINT('',(57.4,89.,3.));
#12492=CARTESIAN_POINT('',(57.4,44.2,3.));
#12493=CARTESIAN_POINT('',(8.6,89.,3.));
#12494=CARTESIAN_POINT('',(20.5,89.,3.));
#12495=CARTESIAN_POINT('',(8.6,88.3999999473546,3.));
#12496=CARTESIAN_POINT('',(8.6,44.5,3.));
#12497=CARTESIAN_POINT('',(8.22031855070511,86.488807573788,3.));
#12498=CARTESIAN_POINT('Origin',(3.6,88.4,3.));
#12499=CARTESIAN_POINT('',(8.,79.5358983848623,3.));
#12500=CARTESIAN_POINT('Origin',(8.50000000000001,83.,2.99999999999999));
#12501=CARTESIAN_POINT('',(8.,0.,3.));
#12502=CARTESIAN_POINT('Origin',(8.,0.,3.));
#12503=CARTESIAN_POINT('',(8.6,3.59999994735454,3.));
#12504=CARTESIAN_POINT('Origin',(3.6,3.59999999999999,3.));
#12505=CARTESIAN_POINT('',(8.6,3.,3.));
#12506=CARTESIAN_POINT('',(8.6,1.79999997367727,3.));
#12507=CARTESIAN_POINT('',(57.4,3.,3.));
#12508=CARTESIAN_POINT('',(20.5,3.,3.));
#12509=CARTESIAN_POINT('',(57.4,3.60000019533862,3.));
#12510=CARTESIAN_POINT('',(57.4,1.5,3.));
#12511=CARTESIAN_POINT('Origin',(62.4,3.59999999999999,3.));
#12512=CARTESIAN_POINT('Origin',(57.399999975897,91.2891814893221,12.));
#12513=CARTESIAN_POINT('',(57.6324555320336,91.2891814893221,12.));
#12514=CARTESIAN_POINT('',(58.5,91.,12.8675444679664));
#12515=CARTESIAN_POINT('',(57.8057014445187,91.2314328518271,12.1732459124852));
#12516=CARTESIAN_POINT('',(58.5,90.8558481559888,13.3));
#12517=CARTESIAN_POINT('',(58.5,91.224722414856,12.1933772233983));
#12518=CARTESIAN_POINT('',(59.2558481559888,90.8558481559888,13.3));
#12519=CARTESIAN_POINT('',(57.3999999804596,90.8558481559888,13.3));
#12520=CARTESIAN_POINT('',(59.6891814893221,91.2891814893221,12.));
#12521=CARTESIAN_POINT('',(59.1800506792839,90.7800506792839,13.5273924301145));
#12522=CARTESIAN_POINT('',(60.1999999879485,91.2891814893221,12.));
#12523=CARTESIAN_POINT('Origin',(64.1441518440112,46.,13.3));
#12524=CARTESIAN_POINT('',(58.5,90.1441518440112,13.3));
#12525=CARTESIAN_POINT('',(58.5,68.,13.3));
#12526=CARTESIAN_POINT('',(58.5441518440112,90.1441518440112,13.3));
#12527=CARTESIAN_POINT('',(57.3999999879531,90.1441518440112,13.3));
#12528=CARTESIAN_POINT('',(58.5441518440112,88.3999999594014,13.3));
#12529=CARTESIAN_POINT('',(58.5441518440112,88.3999999594014,13.3));
#12530=CARTESIAN_POINT('',(62.4,84.5441518440113,13.3));
#12531=CARTESIAN_POINT('Origin',(62.4,88.4,13.3));
#12532=CARTESIAN_POINT('',(64.1441518440112,84.5441518440113,13.3));
#12533=CARTESIAN_POINT('',(63.,84.5441518440113,13.3));
#12534=CARTESIAN_POINT('',(64.1441518440112,7.45584815598877,13.3));
#12535=CARTESIAN_POINT('',(64.1441518440112,46.,13.3));
#12536=CARTESIAN_POINT('',(62.4,7.45584815598877,13.3));
#12537=CARTESIAN_POINT('',(63.,7.45584815598877,13.3));
#12538=CARTESIAN_POINT('',(58.5441518440112,3.59999995940143,13.3));
#12539=CARTESIAN_POINT('Origin',(62.4,3.59999999999999,13.3));
#12540=CARTESIAN_POINT('',(58.5441518440112,1.85584815598878,13.3));
#12541=CARTESIAN_POINT('',(58.5441518440112,3.59999995940143,13.3));
#12542=CARTESIAN_POINT('',(58.5000000000001,1.85584815598878,13.3));
#12543=CARTESIAN_POINT('',(57.4000000120469,1.85584815598878,13.3));
#12544=CARTESIAN_POINT('',(58.5000000000001,1.14415184401123,13.3));
#12545=CARTESIAN_POINT('',(58.5000000000001,24.,13.3));
#12546=CARTESIAN_POINT('',(59.2558481559888,1.14415184401123,13.3));
#12547=CARTESIAN_POINT('',(57.4000000195404,1.14415184401123,13.3));
#12548=CARTESIAN_POINT('',(59.2558481559888,3.59999996689494,13.3));
#12549=CARTESIAN_POINT('',(59.2558481559888,3.59999996689494,13.3));
#12550=CARTESIAN_POINT('',(62.4,6.74415184401122,13.3));
#12551=CARTESIAN_POINT('Origin',(62.4,3.59999999999999,13.3));
#12552=CARTESIAN_POINT('',(64.8558481559888,6.74415184401122,13.3));
#12553=CARTESIAN_POINT('',(63.,6.74415184401122,13.3));
#12554=CARTESIAN_POINT('',(64.8558481559888,85.2558481559888,13.3));
#12555=CARTESIAN_POINT('',(64.8558481559888,46.,13.3));
#12556=CARTESIAN_POINT('',(62.4,85.2558481559888,13.3));
#12557=CARTESIAN_POINT('',(63.,85.2558481559888,13.3));
#12558=CARTESIAN_POINT('',(59.2558481559888,88.3999999668949,13.3));
#12559=CARTESIAN_POINT('Origin',(62.4,88.4,13.3));
#12560=CARTESIAN_POINT('',(59.2558481559888,88.3999999668949,13.3));
#12561=CARTESIAN_POINT('Origin',(57.3999999879531,90.1441518440112,13.3));
#12562=CARTESIAN_POINT('',(58.5,90.1,13.1675444679664));
#12563=CARTESIAN_POINT('',(58.5,89.9419442518107,12.6933772233983));
#12564=CARTESIAN_POINT('',(58.0138887134271,89.6138887134271,11.7092106082476));
#12565=CARTESIAN_POINT('Origin',(54.7855339059328,3.,-2.28553390593274));
#12566=CARTESIAN_POINT('',(61.3137084989848,3.,0.));
#12567=CARTESIAN_POINT('',(63.6568542494924,3.,2.34314575050762));
#12568=CARTESIAN_POINT('',(56.9068542494924,3.,-4.40685424949238));
#12569=CARTESIAN_POINT('',(61.5355339059327,0.,4.46446609406726));
#12570=CARTESIAN_POINT('Origin',(61.5355339059327,3.,4.46446609406726));
#12571=CARTESIAN_POINT('',(60.0710678118655,0.,3.));
#12572=CARTESIAN_POINT('',(54.7855339059328,0.,-2.28553390593274));
#12573=CARTESIAN_POINT('Origin',(60.0710678118655,3.,3.));
#12574=CARTESIAN_POINT('Origin',(58.,3.,8.));
#12575=CARTESIAN_POINT('',(66.,3.,8.));
#12576=CARTESIAN_POINT('',(63.,0.,8.));
#12577=CARTESIAN_POINT('Origin',(63.,3.,8.));
#12578=CARTESIAN_POINT('Origin',(58.,0.,8.));
#12579=CARTESIAN_POINT('Origin',(58.,3.,8.));
#12580=CARTESIAN_POINT('Origin',(63.,3.,9.));
#12581=CARTESIAN_POINT('',(66.,3.,12.));
#12582=CARTESIAN_POINT('',(63.,0.,12.));
#12583=CARTESIAN_POINT('Origin',(63.,3.,12.));
#12584=CARTESIAN_POINT('',(63.,0.,9.));
#12585=CARTESIAN_POINT('',(66.,3.,9.));
#12586=CARTESIAN_POINT('Origin',(47.1568542494924,3.,3.));
#12587=CARTESIAN_POINT('',(4.68629150101524,3.,0.));
#12588=CARTESIAN_POINT('',(47.1568542494924,3.,0.));
#12589=CARTESIAN_POINT('',(5.92893218813453,0.,3.));
#12590=CARTESIAN_POINT('',(47.1568542494924,0.,3.));
#12591=CARTESIAN_POINT('Origin',(5.92893218813453,3.,3.));
#12592=CARTESIAN_POINT('Origin',(12.3860389693211,3.,-3.45710678118655));
#12593=CARTESIAN_POINT('',(4.46446609406727,0.,4.46446609406726));
#12594=CARTESIAN_POINT('',(12.3860389693211,0.,-3.45710678118655));
#12595=CARTESIAN_POINT('',(2.34314575050762,3.,2.34314575050762));
#12596=CARTESIAN_POINT('Origin',(4.46446609406727,3.,4.46446609406726));
#12597=CARTESIAN_POINT('',(10.2647186257614,3.,-5.57842712474619));
#12598=CARTESIAN_POINT('Origin',(8.,3.,8.));
#12599=CARTESIAN_POINT('',(3.,0.,8.));
#12600=CARTESIAN_POINT('',(1.11022302462516E-15,3.,8.));
#12601=CARTESIAN_POINT('Origin',(3.,3.,8.));
#12602=CARTESIAN_POINT('Origin',(8.,3.,8.));
#12603=CARTESIAN_POINT('Origin',(8.,0.,8.));
#12604=CARTESIAN_POINT('Origin',(3.,3.,7.));
#12605=CARTESIAN_POINT('',(3.,0.,12.));
#12606=CARTESIAN_POINT('',(1.23259516440783E-32,3.,12.));
#12607=CARTESIAN_POINT('Origin',(3.,3.,12.));
#12608=CARTESIAN_POINT('',(1.11022302462516E-15,3.,7.));
#12609=CARTESIAN_POINT('',(3.,0.,7.));
#12610=CARTESIAN_POINT('Origin',(66.,0.,12.));
#12611=CARTESIAN_POINT('',(66.,89.,8.));
#12612=CARTESIAN_POINT('',(66.,0.,8.));
#12613=CARTESIAN_POINT('',(66.,89.,12.));
#12614=CARTESIAN_POINT('',(66.,89.,9.));
#12615=CARTESIAN_POINT('',(66.,0.,12.));
#12616=CARTESIAN_POINT('Origin',(58.,0.,8.));
#12617=CARTESIAN_POINT('',(63.6568542494924,89.,2.34314575050762));
#12618=CARTESIAN_POINT('',(63.6568542494924,0.,2.34314575050762));
#12619=CARTESIAN_POINT('Origin',(58.,89.,8.));
#12620=CARTESIAN_POINT('Origin',(63.6568542494924,0.,2.34314575050762));
#12621=CARTESIAN_POINT('',(61.3137084989848,89.,0.));
#12622=CARTESIAN_POINT('',(61.3137084989848,0.,0.));
#12623=CARTESIAN_POINT('',(56.9068542494924,89.,-4.40685424949238));
#12624=CARTESIAN_POINT('Origin',(61.3137084989848,0.,0.));
#12625=CARTESIAN_POINT('',(4.68629150101524,89.,0.));
#12626=CARTESIAN_POINT('',(4.68629150101524,0.,0.));
#12627=CARTESIAN_POINT('',(47.1568542494924,89.,0.));
#12628=CARTESIAN_POINT('',(6.40000000000001,9.,0.));
#12629=CARTESIAN_POINT('Origin',(8.50000000000001,9.,0.));
#12630=CARTESIAN_POINT('',(59.6,9.,-3.65711814704632E-15));
#12631=CARTESIAN_POINT('Origin',(57.5,9.,4.67044590616275E-16));
#12632=CARTESIAN_POINT('',(6.40000000000001,83.,-5.55915602851832E-15));
#12633=CARTESIAN_POINT('Origin',(8.50000000000001,83.,-1.0164568432923E-14));
#12634=CARTESIAN_POINT('',(59.6,83.,-9.21627417556464E-15));
#12635=CARTESIAN_POINT('Origin',(57.5,83.,-9.69752384230676E-15));
#12636=CARTESIAN_POINT('Origin',(4.68629150101524,0.,0.));
#12637=CARTESIAN_POINT('',(2.34314575050762,89.,2.34314575050762));
#12638=CARTESIAN_POINT('',(2.34314575050762,0.,2.34314575050762));
#12639=CARTESIAN_POINT('',(10.2647186257614,89.,-5.57842712474619));
#12640=CARTESIAN_POINT('Origin',(8.,0.,8.));
#12641=CARTESIAN_POINT('',(1.11022302462516E-15,89.,8.));
#12642=CARTESIAN_POINT('',(1.11022302462516E-15,0.,8.));
#12643=CARTESIAN_POINT('Origin',(8.,89.,8.));
#12644=CARTESIAN_POINT('Origin',(1.04344269231688E-15,0.,8.));
#12645=CARTESIAN_POINT('',(1.23259516440783E-32,89.,12.));
#12646=CARTESIAN_POINT('',(1.23259516440783E-32,0.,12.));
#12647=CARTESIAN_POINT('',(1.11022302462516E-15,89.,7.));
#12648=CARTESIAN_POINT('Origin',(1.23259516440783E-32,0.,12.));
#12649=CARTESIAN_POINT('',(9.,0.,12.));
#12650=CARTESIAN_POINT('',(1.23259516440783E-32,0.,12.));
#12651=CARTESIAN_POINT('',(8.99999999999994,0.500000000000009,12.));
#12652=CARTESIAN_POINT('',(9.,0.,12.));
#12653=CARTESIAN_POINT('',(8.36754446796627,0.710818510677897,12.));
#12654=CARTESIAN_POINT('',(4.27499999999995,2.07499999999997,12.));
#12655=CARTESIAN_POINT('',(6.31081851067789,0.710818510677897,12.));
#12656=CARTESIAN_POINT('',(4.29999999022979,0.710818510677897,12.));
#12657=CARTESIAN_POINT('',(6.31081851067789,3.59999997145755,12.));
#12658=CARTESIAN_POINT('',(6.31081851067789,1.79999998344747,12.));
#12659=CARTESIAN_POINT('',(3.59999999999999,6.31081851067789,12.));
#12660=CARTESIAN_POINT('Origin',(3.6,3.59999999999999,12.));
#12661=CARTESIAN_POINT('',(0.71081851067789,6.31081851067789,12.));
#12662=CARTESIAN_POINT('',(1.5,6.31081851067789,12.));
#12663=CARTESIAN_POINT('',(0.710818510677896,85.6891814893221,12.));
#12664=CARTESIAN_POINT('',(0.710818510677892,23.,12.));
#12665=CARTESIAN_POINT('',(3.59999999999999,85.6891814893221,12.));
#12666=CARTESIAN_POINT('',(1.5,85.6891814893221,12.));
#12667=CARTESIAN_POINT('',(6.31081851067789,88.3999999714575,12.));
#12668=CARTESIAN_POINT('Origin',(3.6,88.4,12.));
#12669=CARTESIAN_POINT('',(6.31081851067789,91.2891814893221,12.));
#12670=CARTESIAN_POINT('',(6.31081851067788,44.1999999857288,12.));
#12671=CARTESIAN_POINT('',(8.36754446796644,91.2891814893221,12.));
#12672=CARTESIAN_POINT('',(4.3000000120515,91.2891814893221,12.));
#12673=CARTESIAN_POINT('',(9.,91.5,12.));
#12674=CARTESIAN_POINT('',(-8.77500000000012,85.5749999999999,12.));
#12675=CARTESIAN_POINT('',(9.,92.,12.));
#12676=CARTESIAN_POINT('',(9.,89.,12.));
#12677=CARTESIAN_POINT('',(3.,92.,12.));
#12678=CARTESIAN_POINT('',(1.23259516440783E-32,92.,12.));
#12679=CARTESIAN_POINT('Origin',(3.,89.,12.));
#12680=CARTESIAN_POINT('',(5.7,88.4,12.));
#12681=CARTESIAN_POINT('Origin',(3.6,88.4,12.));
#12682=CARTESIAN_POINT('',(5.7,3.59999999999999,12.));
#12683=CARTESIAN_POINT('Origin',(3.6,3.59999999999999,12.));
#12684=CARTESIAN_POINT('Origin',(12.3860389693211,89.,-3.45710678118655));
#12685=CARTESIAN_POINT('',(4.46446609406727,92.,4.46446609406726));
#12686=CARTESIAN_POINT('Origin',(4.46446609406727,89.,4.46446609406726));
#12687=CARTESIAN_POINT('',(5.92893218813453,92.,3.));
#12688=CARTESIAN_POINT('',(12.3860389693211,92.,-3.45710678118655));
#12689=CARTESIAN_POINT('Origin',(5.92893218813453,89.,3.));
#12690=CARTESIAN_POINT('Origin',(47.1568542494924,89.,3.));
#12691=CARTESIAN_POINT('',(60.0710678118655,92.,3.));
#12692=CARTESIAN_POINT('',(47.1568542494924,92.,3.));
#12693=CARTESIAN_POINT('Origin',(60.0710678118655,89.,3.));
#12694=CARTESIAN_POINT('Origin',(63.,89.,9.));
#12695=CARTESIAN_POINT('',(63.,92.,12.));
#12696=CARTESIAN_POINT('Origin',(63.,89.,12.));
#12697=CARTESIAN_POINT('',(63.,92.,8.));
#12698=CARTESIAN_POINT('Origin',(63.,89.,8.));
#12699=CARTESIAN_POINT('',(63.,92.,9.));
#12700=CARTESIAN_POINT('Origin',(58.,89.,8.));
#12701=CARTESIAN_POINT('',(61.5355339059327,92.,4.46446609406726));
#12702=CARTESIAN_POINT('Origin',(61.5355339059327,89.,4.46446609406726));
#12703=CARTESIAN_POINT('Origin',(58.,92.,8.));
#12704=CARTESIAN_POINT('Origin',(54.7855339059328,89.,-2.28553390593274));
#12705=CARTESIAN_POINT('',(54.7855339059328,92.,-2.28553390593274));
#12706=CARTESIAN_POINT('Origin',(8.,89.,8.));
#12707=CARTESIAN_POINT('',(3.,92.,8.));
#12708=CARTESIAN_POINT('Origin',(3.,89.,8.));
#12709=CARTESIAN_POINT('Origin',(8.,92.,8.));
#12710=CARTESIAN_POINT('Origin',(3.,89.,7.));
#12711=CARTESIAN_POINT('',(3.,92.,7.));
#12712=CARTESIAN_POINT('Origin',(33.,92.,6.));
#12713=CARTESIAN_POINT('',(9.,92.,8.5));
#12714=CARTESIAN_POINT('',(9.,92.,8.5));
#12715=CARTESIAN_POINT('',(13.,92.,4.5));
#12716=CARTESIAN_POINT('Origin',(13.,92.,8.5));
#12717=CARTESIAN_POINT('',(53.,92.,4.5));
#12718=CARTESIAN_POINT('',(53.,92.,4.5));
#12719=CARTESIAN_POINT('',(57.,92.,8.5));
#12720=CARTESIAN_POINT('Origin',(53.,92.,8.5));
#12721=CARTESIAN_POINT('',(57.,92.,12.));
#12722=CARTESIAN_POINT('',(57.,92.,15.5));
#12723=CARTESIAN_POINT('',(-3.33066907387547E-15,92.,12.));
#12724=CARTESIAN_POINT('Origin',(57.5,83.,-8.9590983477437E-15));
#12725=CARTESIAN_POINT('',(59.6,83.,7.99999999999999));
#12726=CARTESIAN_POINT('',(59.6,83.,-9.21627417556464E-15));
#12727=CARTESIAN_POINT('Origin',(57.5,83.,7.99999999999999));
#12728=CARTESIAN_POINT('Origin',(57.5,83.,7.99999999999999));
#12729=CARTESIAN_POINT('Origin',(57.5,83.,9.99999999999999));
#12730=CARTESIAN_POINT('',(57.7796814492949,86.488807573788,9.99999999999999));
#12731=CARTESIAN_POINT('',(60.9453138488055,83.6162892853431,9.99999999999999));
#12732=CARTESIAN_POINT('Origin',(62.4,88.4,9.99999999999999));
#12733=CARTESIAN_POINT('Origin',(57.5,83.,9.99999999999999));
#12734=CARTESIAN_POINT('Origin',(57.5,83.,-8.9590983477437E-15));
#12735=CARTESIAN_POINT('',(60.9453138488056,83.6162892853431,3.95956359633841));
#12736=CARTESIAN_POINT('',(60.9453138488055,83.6162892853431,-8.94765918125182E-15));
#12737=CARTESIAN_POINT('',(57.7796814492949,86.488807573788,-8.91176305546165E-15));
#12738=CARTESIAN_POINT('Ctrl Pts',(60.9453138488056,83.6162892853431,3.95956359633836));
#12739=CARTESIAN_POINT('Ctrl Pts',(60.9820308358735,83.4110260314783,3.98632878694984));
#12740=CARTESIAN_POINT('Ctrl Pts',(61.,83.2035687703988,4.));
#12741=CARTESIAN_POINT('Ctrl Pts',(61.,83.,4.));
#12742=CARTESIAN_POINT('Ctrl Pts',(61.,82.5422708062637,4.));
#12743=CARTESIAN_POINT('Ctrl Pts',(60.9056150163584,82.0669300353624,3.92511943307878));
#12744=CARTESIAN_POINT('Ctrl Pts',(60.5410283953356,81.2052890492166,3.68833923297034));
#12745=CARTESIAN_POINT('Ctrl Pts',(60.2708678826206,80.8172988936515,3.53256863423708));
#12746=CARTESIAN_POINT('Ctrl Pts',(59.6557648401618,80.2099326226574,3.27060381291144));
#12747=CARTESIAN_POINT('Ctrl Pts',(59.2695770752397,79.9449548538044,3.14441847722741));
#12748=CARTESIAN_POINT('Ctrl Pts',(58.5720567758142,79.6554720809921,3.02531130386236));
#12749=CARTESIAN_POINT('Ctrl Pts',(58.2858861757387,79.5771624999923,3.));
#12750=CARTESIAN_POINT('Ctrl Pts',(58.,79.5358983848623,3.));
#12751=CARTESIAN_POINT('Origin',(58.,0.,8.));
#12752=CARTESIAN_POINT('',(62.4,8.59999999999999,5.62513158259242));
#12753=CARTESIAN_POINT('Ctrl Pts',(60.9453138488056,8.3837107146569,3.9595635963384));
#12754=CARTESIAN_POINT('Ctrl Pts',(61.225227204432,8.46883000933256,4.16360905094444));
#12755=CARTESIAN_POINT('Ctrl Pts',(61.4920709885073,8.52286301389433,4.40331390268734));
#12756=CARTESIAN_POINT('Ctrl Pts',(61.9883631671767,8.58970379737151,4.96014891358485));
#12757=CARTESIAN_POINT('Ctrl Pts',(62.2143889682333,8.59999999999999,5.28124367125072));
#12758=CARTESIAN_POINT('Ctrl Pts',(62.4,8.59999999999999,5.62513158259243));
#12759=CARTESIAN_POINT('',(63.,8.59999999999999,8.));
#12760=CARTESIAN_POINT('Origin',(58.,8.59999999999999,8.));
#12761=CARTESIAN_POINT('',(63.,83.4,8.));
#12762=CARTESIAN_POINT('',(63.,0.,8.));
#12763=CARTESIAN_POINT('',(62.4,83.4,5.62513158259241));
#12764=CARTESIAN_POINT('Origin',(58.,83.4,8.));
#12765=CARTESIAN_POINT('Ctrl Pts',(62.4,83.4,5.6251315825924));
#12766=CARTESIAN_POINT('Ctrl Pts',(62.2143889682333,83.4,5.2812436712507));
#12767=CARTESIAN_POINT('Ctrl Pts',(61.9883631671767,83.4102962026285,4.96014891358484));
#12768=CARTESIAN_POINT('Ctrl Pts',(61.4920709885073,83.4771369861057,4.40331390268733));
#12769=CARTESIAN_POINT('Ctrl Pts',(61.225227204432,83.5311699906674,4.16360905094444));
#12770=CARTESIAN_POINT('Ctrl Pts',(60.9453138488056,83.6162892853431,3.9595635963384));
#12771=CARTESIAN_POINT('Origin',(8.50000000000001,83.,-5.55915602851832E-15));
#12772=CARTESIAN_POINT('',(6.40000000000001,83.,7.99999999999999));
#12773=CARTESIAN_POINT('',(6.40000000000001,83.,-5.55915602851832E-15));
#12774=CARTESIAN_POINT('Origin',(8.50000000000001,83.,7.99999999999999));
#12775=CARTESIAN_POINT('Origin',(8.50000000000001,83.,7.99999999999999));
#12776=CARTESIAN_POINT('Origin',(8.50000000000001,83.,-5.55915602851832E-15));
#12777=CARTESIAN_POINT('',(5.05468615119443,83.6162892853431,3.9595635963384));
#12778=CARTESIAN_POINT('',(5.05468615119446,83.6162892853432,9.99999999999999));
#12779=CARTESIAN_POINT('',(5.05468615119446,83.6162892853432,-5.80220615620691E-15));
#12780=CARTESIAN_POINT('Ctrl Pts',(8.,79.5358983848623,3.));
#12781=CARTESIAN_POINT('Ctrl Pts',(7.71411382426136,79.5771624999923,3.));
#12782=CARTESIAN_POINT('Ctrl Pts',(7.42794322418578,79.655472080992,3.02531130386236));
#12783=CARTESIAN_POINT('Ctrl Pts',(6.73042292476031,79.9449548538043,3.14441847722741));
#12784=CARTESIAN_POINT('Ctrl Pts',(6.34423515983824,80.2099326226574,3.27060381291144));
#12785=CARTESIAN_POINT('Ctrl Pts',(5.72913211737942,80.8172988936515,3.53256863423708));
#12786=CARTESIAN_POINT('Ctrl Pts',(5.45897160466442,81.2052890492166,3.68833923297034));
#12787=CARTESIAN_POINT('Ctrl Pts',(5.09438498364165,82.0669300353625,3.92511943307878));
#12788=CARTESIAN_POINT('Ctrl Pts',(5.,82.5422708062637,4.));
#12789=CARTESIAN_POINT('Ctrl Pts',(5.,83.,4.));
#12790=CARTESIAN_POINT('Ctrl Pts',(5.,83.2035687703988,4.));
#12791=CARTESIAN_POINT('Ctrl Pts',(5.01796916412653,83.4110260314783,3.98632878694983));
#12792=CARTESIAN_POINT('Ctrl Pts',(5.05468615119446,83.6162892853431,3.95956359633835));
#12793=CARTESIAN_POINT('',(8.22031855070511,86.488807573788,9.99999999999999));
#12794=CARTESIAN_POINT('',(8.22031855070511,86.488807573788,-6.15398818895053E-15));
#12795=CARTESIAN_POINT('Origin',(8.50000000000001,83.,9.99999999999999));
#12796=CARTESIAN_POINT('Origin',(8.50000000000001,83.,9.99999999999999));
#12797=CARTESIAN_POINT('Origin',(3.6,88.4,9.99999999999999));
#12798=CARTESIAN_POINT('Origin',(3.6,88.4,12.));
#12799=CARTESIAN_POINT('',(8.6,88.3999999473546,12.));
#12800=CARTESIAN_POINT('',(8.6,88.3999999473546,12.));
#12801=CARTESIAN_POINT('',(3.6,83.4,12.));
#12802=CARTESIAN_POINT('Origin',(3.6,88.4,12.));
#12803=CARTESIAN_POINT('',(3.6,83.4,5.62513158259242));
#12804=CARTESIAN_POINT('',(3.6,83.4,12.));
#12805=CARTESIAN_POINT('Ctrl Pts',(5.05468615119439,83.6162892853431,3.9595635963384));
#12806=CARTESIAN_POINT('Ctrl Pts',(4.77477279556804,83.5311699906675,4.16360905094444));
#12807=CARTESIAN_POINT('Ctrl Pts',(4.50792901149267,83.4771369861057,4.40331390268733));
#12808=CARTESIAN_POINT('Ctrl Pts',(4.01163683282334,83.4102962026285,4.96014891358485));
#12809=CARTESIAN_POINT('Ctrl Pts',(3.78561103176675,83.4,5.28124367125071));
#12810=CARTESIAN_POINT('Ctrl Pts',(3.6,83.4,5.62513158259242));
#12811=CARTESIAN_POINT('Origin',(57.5,9.,-3.39994231922538E-15));
#12812=CARTESIAN_POINT('',(59.6,9.,8.));
#12813=CARTESIAN_POINT('',(59.6,9.,-3.65711814704632E-15));
#12814=CARTESIAN_POINT('Origin',(57.5,9.,8.));
#12815=CARTESIAN_POINT('Origin',(57.5,9.,8.));
#12816=CARTESIAN_POINT('Origin',(57.5,9.,10.));
#12817=CARTESIAN_POINT('Origin',(62.4,3.59999999999999,10.));
#12818=CARTESIAN_POINT('Origin',(8.50000000000001,9.,0.));
#12819=CARTESIAN_POINT('',(6.40000000000001,9.,8.));
#12820=CARTESIAN_POINT('',(6.40000000000001,9.,0.));
#12821=CARTESIAN_POINT('Origin',(8.50000000000001,9.,8.));
#12822=CARTESIAN_POINT('Origin',(8.50000000000001,9.,8.));
#12823=CARTESIAN_POINT('Origin',(8.50000000000001,9.,10.));
#12824=CARTESIAN_POINT('Origin',(3.6,3.59999999999999,10.));
#12825=CARTESIAN_POINT('Origin',(3.6,3.59999999999999,12.));
#12826=CARTESIAN_POINT('',(3.6,8.59999999999999,5.62513158259242));
#12827=CARTESIAN_POINT('Ctrl Pts',(3.6,8.59999999999999,5.62513158259242));
#12828=CARTESIAN_POINT('Ctrl Pts',(3.78561103176675,8.59999999999999,5.28124367125071));
#12829=CARTESIAN_POINT('Ctrl Pts',(4.01163683282334,8.58970379737151,4.96014891358485));
#12830=CARTESIAN_POINT('Ctrl Pts',(4.50792901149268,8.52286301389433,4.40331390268733));
#12831=CARTESIAN_POINT('Ctrl Pts',(4.77477279556805,8.46883000933255,4.16360905094444));
#12832=CARTESIAN_POINT('Ctrl Pts',(5.05468615119439,8.38371071465689,3.9595635963384));
#12833=CARTESIAN_POINT('',(3.6,8.59999999999999,12.));
#12834=CARTESIAN_POINT('',(3.6,8.59999999999999,12.));
#12835=CARTESIAN_POINT('',(8.6,3.59999994735454,12.));
#12836=CARTESIAN_POINT('Origin',(3.6,3.59999999999999,12.));
#12837=CARTESIAN_POINT('',(8.6,3.59999994735454,12.));
#12838=CARTESIAN_POINT('Origin',(8.99999999999995,2.5,8.49999999999999));
#12839=CARTESIAN_POINT('',(7.49999999999994,1.99999999999999,13.1675444679665));
#12840=CARTESIAN_POINT('',(7.65000000000001,2.05000000000002,12.7175444679663));
#12841=CARTESIAN_POINT('',(8.49368150845383,2.33122716948463,10.1864999426048));
#12842=CARTESIAN_POINT('',(7.49999999999994,1.99999999999999,8.49999999999998));
#12843=CARTESIAN_POINT('',(7.49999999999994,1.99999999999999,8.49999999999998));
#12844=CARTESIAN_POINT('',(8.99999999999994,2.5,8.49999999999998));
#12845=CARTESIAN_POINT('',(8.99999999999995,2.5,8.49999999999999));
#12846=CARTESIAN_POINT('',(8.99999999999994,2.5,12.));
#12847=CARTESIAN_POINT('',(9.,2.50000000000002,10.25));
#12848=CARTESIAN_POINT('',(8.36754446796629,2.28918148932211,12.));
#12849=CARTESIAN_POINT('',(4.57499999999998,1.02499999999999,12.));
#12850=CARTESIAN_POINT('',(9.41798275852633,2.63932758617546,10.94956170944));
#12851=CARTESIAN_POINT('Origin',(57.0000000000001,2.5,15.5));
#12852=CARTESIAN_POINT('',(57.0000000000001,2.5,12.));
#12853=CARTESIAN_POINT('',(57.6324555320337,2.28918148932211,12.));
#12854=CARTESIAN_POINT('',(60.075,1.475,12.));
#12855=CARTESIAN_POINT('',(57.0000000000001,2.5,8.50000000000001));
#12856=CARTESIAN_POINT('',(57.,2.50000000000002,12.));
#12857=CARTESIAN_POINT('',(58.5000000000001,1.99999999999999,8.50000000000001));
#12858=CARTESIAN_POINT('',(57.0000000000001,2.5,8.5));
#12859=CARTESIAN_POINT('',(58.5000000000001,1.99999999999999,13.1675444679665));
#12860=CARTESIAN_POINT('',(58.5000000000001,1.99999999999999,15.5));
#12861=CARTESIAN_POINT('',(58.35,2.05000000000002,12.7175444679663));
#12862=CARTESIAN_POINT('',(58.5447800300077,1.98507332333078,13.3018845579895));
#12863=CARTESIAN_POINT('',(58.2399119783158,2.08669600722809,12.6074564462821));
#12864=CARTESIAN_POINT('Origin',(7.49999999999994,0.999999999999998,8.49999999999999));
#12865=CARTESIAN_POINT('',(7.49999999999994,0.999999999999998,12.8675444679663));
#12866=CARTESIAN_POINT('',(8.68114065040776,0.606286449864069,11.6864038175585));
#12867=CARTESIAN_POINT('',(8.99999999999994,0.500000000000009,8.49999999999998));
#12868=CARTESIAN_POINT('',(9.,0.49999999999999,10.25));
#12869=CARTESIAN_POINT('',(7.49999999999994,0.999999999999998,8.49999999999998));
#12870=CARTESIAN_POINT('',(7.49999999999994,0.999999999999998,8.49999999999999));
#12871=CARTESIAN_POINT('',(7.49999999999994,0.999999999999998,8.49999999999998));
#12872=CARTESIAN_POINT('Origin',(7.49999999999994,1.99999999999999,8.49999999999999));
#12873=CARTESIAN_POINT('',(7.49999999999994,1.89999999999995,13.1675444679665));
#12874=CARTESIAN_POINT('',(7.49999999999994,2.79999997741941,13.1675444679665));
#12875=CARTESIAN_POINT('',(7.49999999999994,1.85584815598878,13.3));
#12876=CARTESIAN_POINT('',(7.49999999999994,2.79972241485601,10.4683772233983));
#12877=CARTESIAN_POINT('',(7.49999999999994,1.14415184401123,13.3));
#12878=CARTESIAN_POINT('',(7.49999999999994,24.,13.3));
#12879=CARTESIAN_POINT('',(7.49999999999994,0.466944251810667,11.2683772233983));
#12880=CARTESIAN_POINT('',(7.49999999999994,1.99999999999999,8.49999999999999));
#12881=CARTESIAN_POINT('Origin',(13.,2.25,8.5));
#12882=CARTESIAN_POINT('',(13.,2.5,4.49999999999994));
#12883=CARTESIAN_POINT('',(13.,1.99999999999999,2.99999999999993));
#12884=CARTESIAN_POINT('',(13.,2.5,4.49999999999994));
#12885=CARTESIAN_POINT('Origin',(13.,2.50000000000002,8.5));
#12886=CARTESIAN_POINT('Origin',(13.,1.99999999999999,8.5));
#12887=CARTESIAN_POINT('Origin',(13.,0.750000000000003,8.5));
#12888=CARTESIAN_POINT('',(13.,0.999999999999998,2.99999999999993));
#12889=CARTESIAN_POINT('',(13.,0.500000000000009,4.49999999999994));
#12890=CARTESIAN_POINT('',(13.,0.999999999999998,2.99999999999994));
#12891=CARTESIAN_POINT('Origin',(13.,0.999999999999997,8.5));
#12892=CARTESIAN_POINT('Origin',(13.,0.499999999999989,8.5));
#12893=CARTESIAN_POINT('Origin',(13.,1.5,8.5));
#12894=CARTESIAN_POINT('',(13.,1.99999999999999,2.99999999999994));
#12895=CARTESIAN_POINT('Origin',(53.,2.5,4.49999999999994));
#12896=CARTESIAN_POINT('',(53.,2.5,4.49999999999994));
#12897=CARTESIAN_POINT('',(53.,1.99999999999999,2.99999999999993));
#12898=CARTESIAN_POINT('',(53.,2.5,4.49999999999994));
#12899=CARTESIAN_POINT('',(33.,2.50000000000002,4.5));
#12900=CARTESIAN_POINT('',(53.,1.99999999999999,2.99999999999993));
#12901=CARTESIAN_POINT('Origin',(53.,0.999999999999998,2.99999999999994));
#12902=CARTESIAN_POINT('',(53.,0.999999999999998,2.99999999999993));
#12903=CARTESIAN_POINT('',(53.,0.500000000000009,4.49999999999994));
#12904=CARTESIAN_POINT('',(53.,0.999999999999998,2.99999999999994));
#12905=CARTESIAN_POINT('',(53.,0.999999999999998,2.99999999999993));
#12906=CARTESIAN_POINT('',(33.,0.499999999999988,4.5));
#12907=CARTESIAN_POINT('Origin',(53.,1.99999999999999,2.99999999999994));
#12908=CARTESIAN_POINT('',(53.,1.99999999999999,2.99999999999994));
#12909=CARTESIAN_POINT('Origin',(53.,2.25,8.49999999999999));
#12910=CARTESIAN_POINT('Origin',(53.,2.50000000000002,8.5));
#12911=CARTESIAN_POINT('Origin',(53.,1.99999999999999,8.49999999999999));
#12912=CARTESIAN_POINT('Origin',(53.,0.750000000000003,8.49999999999999));
#12913=CARTESIAN_POINT('',(58.5000000000001,0.999999999999998,8.50000000000001));
#12914=CARTESIAN_POINT('',(57.0000000000001,0.500000000000009,8.50000000000001));
#12915=CARTESIAN_POINT('',(58.5000000000001,0.999999999999998,8.5));
#12916=CARTESIAN_POINT('Origin',(53.,0.999999999999997,8.49999999999999));
#12917=CARTESIAN_POINT('Origin',(53.,0.499999999999988,8.5));
#12918=CARTESIAN_POINT('Origin',(53.,1.5,8.49999999999999));
#12919=CARTESIAN_POINT('',(58.5000000000001,1.99999999999999,8.5));
#12920=CARTESIAN_POINT('Origin',(58.5000000000001,0.999999999999998,15.5));
#12921=CARTESIAN_POINT('',(57.6324555320338,0.710818510677898,12.));
#12922=CARTESIAN_POINT('',(57.0000000000001,0.500000000000009,12.));
#12923=CARTESIAN_POINT('',(60.375,1.62499999999998,12.));
#12924=CARTESIAN_POINT('',(58.5000000000001,0.999999999999998,12.8675444679663));
#12925=CARTESIAN_POINT('',(58.9767540864344,1.15891802881143,13.3442985544006));
#12926=CARTESIAN_POINT('',(58.5000000000001,0.999999999999998,15.5));
#12927=CARTESIAN_POINT('',(57.,0.499999999999985,12.));
#12928=CARTESIAN_POINT('Origin',(58.5000000000001,1.99999999999999,15.5));
#12929=CARTESIAN_POINT('',(58.5000000000001,1.51694425181067,14.4183772233983));
#12930=CARTESIAN_POINT('',(58.5000000000001,1.89999999999995,13.1675444679665));
#12931=CARTESIAN_POINT('',(58.5000000000001,1.749722414856,13.6183772233983));
#12932=CARTESIAN_POINT('',(58.5000000000001,2.79999997741941,13.1675444679665));
#12933=CARTESIAN_POINT('Origin',(7.88918148932211,3.59999995483882,12.));
#12934=CARTESIAN_POINT('',(7.88918148932211,2.28918148932211,12.));
#12935=CARTESIAN_POINT('',(7.78914158871545,2.18914158871545,12.30011970182));
#12936=CARTESIAN_POINT('',(7.88918148932211,3.59999995483882,12.));
#12937=CARTESIAN_POINT('',(7.88918148932211,1.79999997741941,12.));
#12938=CARTESIAN_POINT('',(7.45584815598878,3.59999995940143,13.3));
#12939=CARTESIAN_POINT('',(7.45584815598878,3.59999995940143,13.3));
#12940=CARTESIAN_POINT('',(7.45584815598877,1.85584815598878,13.3));
#12941=CARTESIAN_POINT('',(7.45584815598878,3.59999995940143,13.3));
#12942=CARTESIAN_POINT('',(7.78914158871545,2.18914158871545,12.30011970182));
#12943=CARTESIAN_POINT('Origin',(8.59999999251571,2.28918148932211,12.));
#12944=CARTESIAN_POINT('',(4.29999999625786,2.28918148932211,12.));
#12945=CARTESIAN_POINT('Origin',(8.59999999251571,2.28918148932211,12.));
#12946=CARTESIAN_POINT('',(8.59999998795311,1.85584815598878,13.3));
#12947=CARTESIAN_POINT('Origin',(1.23259516440783E-32,0.,12.));
#12948=CARTESIAN_POINT('',(9.,3.,12.));
#12949=CARTESIAN_POINT('',(9.,0.,12.));
#12950=CARTESIAN_POINT('',(8.6,3.,12.));
#12951=CARTESIAN_POINT('',(1.23259516440783E-32,3.,12.));
#12952=CARTESIAN_POINT('',(8.6,-1.30917313593793,12.));
#12953=CARTESIAN_POINT('',(3.,8.59999999999999,12.));
#12954=CARTESIAN_POINT('',(-1.31631757106539,8.59999999999999,12.));
#12955=CARTESIAN_POINT('',(3.,83.4,12.));
#12956=CARTESIAN_POINT('',(3.,0.,12.));
#12957=CARTESIAN_POINT('',(-1.31631757106539,83.4,12.));
#12958=CARTESIAN_POINT('',(8.6,89.,12.));
#12959=CARTESIAN_POINT('',(8.6,93.3091731359379,12.));
#12960=CARTESIAN_POINT('',(9.,89.,12.));
#12961=CARTESIAN_POINT('',(-3.33066907387547E-15,89.,12.));
#12962=CARTESIAN_POINT('',(9.,89.5,12.));
#12963=CARTESIAN_POINT('',(9.,89.,12.));
#12964=CARTESIAN_POINT('',(8.36754446796632,89.7108185106779,12.));
#12965=CARTESIAN_POINT('',(17.6249999999997,86.6250000000002,12.));
#12966=CARTESIAN_POINT('',(7.88918148932212,89.7108185106779,12.));
#12967=CARTESIAN_POINT('',(4.30000000602344,89.7108185106779,12.));
#12968=CARTESIAN_POINT('',(7.8891814893221,88.3999999548388,12.));
#12969=CARTESIAN_POINT('',(7.8891814893221,44.1999999797007,12.));
#12970=CARTESIAN_POINT('',(3.59999999999999,84.1108185106779,12.));
#12971=CARTESIAN_POINT('Origin',(3.6,88.4,12.));
#12972=CARTESIAN_POINT('',(2.2891814893221,84.1108185106779,12.));
#12973=CARTESIAN_POINT('',(1.5,84.1108185106779,12.));
#12974=CARTESIAN_POINT('',(2.28918148932211,7.8891814893221,12.));
#12975=CARTESIAN_POINT('',(2.28918148932211,23.,12.));
#12976=CARTESIAN_POINT('',(3.59999999999999,7.8891814893221,12.));
#12977=CARTESIAN_POINT('',(1.5,7.8891814893221,12.));
#12978=CARTESIAN_POINT('Origin',(3.6,3.59999999999999,12.));
#12979=CARTESIAN_POINT('Origin',(9.,0.,12.));
#12980=CARTESIAN_POINT('',(9.,3.,8.5));
#12981=CARTESIAN_POINT('',(9.,0.,8.5));
#12982=CARTESIAN_POINT('',(9.,3.,8.5));
#12983=CARTESIAN_POINT('Origin',(13.,0.,8.5));
#12984=CARTESIAN_POINT('',(13.,3.,4.5));
#12985=CARTESIAN_POINT('',(13.,0.,4.5));
#12986=CARTESIAN_POINT('Origin',(13.,3.,8.5));
#12987=CARTESIAN_POINT('Origin',(13.,0.,4.5));
#12988=CARTESIAN_POINT('',(53.,3.,4.5));
#12989=CARTESIAN_POINT('',(53.,0.,4.5));
#12990=CARTESIAN_POINT('',(53.,3.,4.5));
#12991=CARTESIAN_POINT('Origin',(53.,0.,8.5));
#12992=CARTESIAN_POINT('',(57.,3.,8.5));
#12993=CARTESIAN_POINT('',(57.,0.,8.5));
#12994=CARTESIAN_POINT('Origin',(53.,3.,8.5));
#12995=CARTESIAN_POINT('Origin',(57.,0.,8.5));
#12996=CARTESIAN_POINT('',(57.,3.,12.));
#12997=CARTESIAN_POINT('',(57.,0.,12.));
#12998=CARTESIAN_POINT('',(57.,3.,15.5));
#12999=CARTESIAN_POINT('Origin',(63.,0.,12.));
#13000=CARTESIAN_POINT('',(58.1108185106779,2.28918148932211,12.));
#13001=CARTESIAN_POINT('',(60.2000000037422,2.28918148932211,12.));
#13002=CARTESIAN_POINT('',(58.1108185106779,3.59999995483882,12.));
#13003=CARTESIAN_POINT('',(58.1108185106779,1.79999997741941,12.));
#13004=CARTESIAN_POINT('',(62.4,7.8891814893221,12.));
#13005=CARTESIAN_POINT('Origin',(62.4,3.59999999999999,12.));
#13006=CARTESIAN_POINT('',(63.7108185106779,7.8891814893221,12.));
#13007=CARTESIAN_POINT('',(63.,7.8891814893221,12.));
#13008=CARTESIAN_POINT('',(63.7108185106779,84.1108185106779,12.));
#13009=CARTESIAN_POINT('',(63.7108185106779,23.,12.));
#13010=CARTESIAN_POINT('',(62.4,84.1108185106779,12.));
#13011=CARTESIAN_POINT('',(63.,84.1108185106779,12.));
#13012=CARTESIAN_POINT('',(58.1108185106779,88.3999999548388,12.));
#13013=CARTESIAN_POINT('Origin',(62.4,88.4,12.));
#13014=CARTESIAN_POINT('',(58.1108185106779,89.7108185106779,12.));
#13015=CARTESIAN_POINT('',(58.1108185106779,44.1999999797007,12.));
#13016=CARTESIAN_POINT('',(57.6324555320337,89.7108185106779,12.));
#13017=CARTESIAN_POINT('',(60.1999999939766,89.7108185106779,12.));
#13018=CARTESIAN_POINT('',(57.,89.5,12.));
#13019=CARTESIAN_POINT('',(47.0250000000003,86.1750000000002,12.));
#13020=CARTESIAN_POINT('',(57.,89.,12.));
#13021=CARTESIAN_POINT('',(57.,89.,12.));
#13022=CARTESIAN_POINT('',(57.4,89.,12.));
#13023=CARTESIAN_POINT('',(-3.33066907387547E-15,89.,12.));
#13024=CARTESIAN_POINT('',(57.4,88.4,12.));
#13025=CARTESIAN_POINT('',(57.4,93.3091731359379,12.));
#13026=CARTESIAN_POINT('',(62.4,83.4,12.));
#13027=CARTESIAN_POINT('Origin',(62.4,88.4,12.));
#13028=CARTESIAN_POINT('',(63.,83.4,12.));
#13029=CARTESIAN_POINT('',(67.3163175710654,83.4,12.));
#13030=CARTESIAN_POINT('',(63.,8.59999999999999,12.));
#13031=CARTESIAN_POINT('',(63.,0.,12.));
#13032=CARTESIAN_POINT('',(62.4,8.59999999999999,12.));
#13033=CARTESIAN_POINT('',(67.3163175710654,8.59999999999999,12.));
#13034=CARTESIAN_POINT('',(57.4,3.60000019533862,12.));
#13035=CARTESIAN_POINT('Origin',(62.4,3.59999999999999,12.));
#13036=CARTESIAN_POINT('',(57.4,3.,12.));
#13037=CARTESIAN_POINT('',(57.4,-1.30917313593793,12.));
#13038=CARTESIAN_POINT('',(1.23259516440783E-32,3.,12.));
#13039=CARTESIAN_POINT('Origin',(58.1108185106779,3.59999995483882,12.));
#13040=CARTESIAN_POINT('',(58.2108584112846,2.18914158871545,12.30011970182));
#13041=CARTESIAN_POINT('',(58.5441518440112,3.59999995940143,13.3));
#13042=CARTESIAN_POINT('',(58.2108584112846,2.18914158871545,12.30011970182));
#13043=CARTESIAN_POINT('Origin',(57.4000000074843,2.28918148932211,12.));
#13044=CARTESIAN_POINT('Origin',(57.4000000074843,2.28918148932211,12.));
#13045=CARTESIAN_POINT('Origin',(57.3999999879531,90.1441518440112,13.3));
#13046=CARTESIAN_POINT('',(58.35,89.95,12.7175444679662));
#13047=CARTESIAN_POINT('',(57.9195055347515,89.8065018449172,12.2870500027178));
#13048=CARTESIAN_POINT('',(58.0138887134271,89.6138887134271,11.7092106082476));
#13049=CARTESIAN_POINT('Origin',(58.5441518440112,88.3999999594014,13.3));
#13050=CARTESIAN_POINT('',(58.5,90.,13.1675444679663));
#13051=CARTESIAN_POINT('',(58.2745852776069,89.9248617592023,12.4913003007871));
#13052=CARTESIAN_POINT('',(58.5441518440112,88.3999999594014,13.3));
#13053=CARTESIAN_POINT('',(58.5,89.1999999797007,13.1675444679663));
#13054=CARTESIAN_POINT('Origin',(59.6891814893221,88.3999999714575,12.));
#13055=CARTESIAN_POINT('',(59.6891814893221,88.3999999714575,12.));
#13056=CARTESIAN_POINT('',(59.2558481559888,88.3999999668949,13.3));
#13057=CARTESIAN_POINT('',(59.6891814893221,44.1999999857288,12.));
#13058=CARTESIAN_POINT('Origin',(62.4,88.4,12.65));
#13059=CARTESIAN_POINT('',(62.4,84.5441518440113,13.3));
#13060=CARTESIAN_POINT('Origin',(62.4,88.4,12.65));
#13061=CARTESIAN_POINT('',(62.4,85.6891814893221,12.));
#13062=CARTESIAN_POINT('',(62.4,85.2558481559888,13.3));
#13063=CARTESIAN_POINT('Origin',(62.4,88.4,12.));
#13064=CARTESIAN_POINT('Origin',(63.,85.6891814893221,12.));
#13065=CARTESIAN_POINT('',(65.2891814893221,85.6891814893221,12.));
#13066=CARTESIAN_POINT('',(64.7800506801721,85.1800506801721,13.52739242745));
#13067=CARTESIAN_POINT('',(63.,85.6891814893221,12.));
#13068=CARTESIAN_POINT('Origin',(63.,84.5441518440113,13.3));
#13069=CARTESIAN_POINT('',(63.6138887137673,84.0138887137673,11.7092106092681));
#13070=CARTESIAN_POINT('Origin',(57.4000000195404,1.14415184401123,13.3));
#13071=CARTESIAN_POINT('',(59.6891814893221,0.710818510677897,12.));
#13072=CARTESIAN_POINT('',(60.2000000097702,0.710818510677899,12.));
#13073=CARTESIAN_POINT('',(59.3770203782374,1.02297962176259,12.9364833332541));
#13074=CARTESIAN_POINT('Origin',(59.2558481559888,3.59999996689494,13.3));
#13075=CARTESIAN_POINT('',(59.6891814893221,3.59999997145755,12.));
#13076=CARTESIAN_POINT('',(59.2558481559888,3.59999996689494,13.3));
#13077=CARTESIAN_POINT('',(59.6891814893221,1.79999998344747,12.));
#13078=CARTESIAN_POINT('Origin',(62.4,3.59999999999999,12.65));
#13079=CARTESIAN_POINT('',(62.4,7.45584815598877,13.3));
#13080=CARTESIAN_POINT('Origin',(62.4,3.59999999999999,12.65));
#13081=CARTESIAN_POINT('',(62.4,6.31081851067789,12.));
#13082=CARTESIAN_POINT('',(62.4,6.74415184401122,13.3));
#13083=CARTESIAN_POINT('Origin',(62.4,3.59999999999999,12.));
#13084=CARTESIAN_POINT('Origin',(63.,6.74415184401122,13.3));
#13085=CARTESIAN_POINT('',(65.2891814893221,6.31081851067789,12.));
#13086=CARTESIAN_POINT('',(63.,6.31081851067789,12.));
#13087=CARTESIAN_POINT('',(64.9770203771418,6.62297962285817,12.9364833365409));
#13088=CARTESIAN_POINT('Origin',(63.,7.8891814893221,12.));
#13089=CARTESIAN_POINT('',(63.810858410737,7.78914158926303,12.3001197001772));
#13090=CARTESIAN_POINT('Origin',(63.7108185106779,46.,12.));
#13091=CARTESIAN_POINT('Origin',(64.8558481559888,46.,13.3));
#13092=CARTESIAN_POINT('',(65.2891814893221,23.,12.));
#13093=CARTESIAN_POINT('Origin',(63.,0.,12.));
#13094=CARTESIAN_POINT('',(57.,91.5,12.));
#13095=CARTESIAN_POINT('',(57.,89.,12.));
#13096=CARTESIAN_POINT('',(73.4250000000001,86.0249999999999,12.));
#13097=CARTESIAN_POINT('',(57.,0.,12.));
#13098=CARTESIAN_POINT('',(57.,0.,12.));
#13099=CARTESIAN_POINT('',(1.23259516440783E-32,0.,12.));
#13100=CARTESIAN_POINT('',(64.5,88.4,12.));
#13101=CARTESIAN_POINT('Origin',(62.4,88.4,12.));
#13102=CARTESIAN_POINT('',(64.5,3.59999999999999,12.));
#13103=CARTESIAN_POINT('Origin',(62.4,3.59999999999999,12.));
#13104=CARTESIAN_POINT('Origin',(58.5,91.,15.5));
#13105=CARTESIAN_POINT('',(58.5,91.,8.50000000000001));
#13106=CARTESIAN_POINT('',(58.5,91.,12.));
#13107=CARTESIAN_POINT('',(58.5,90.,8.50000000000001));
#13108=CARTESIAN_POINT('',(58.5,91.,8.5));
#13109=CARTESIAN_POINT('',(58.5,90.,15.5));
#13110=CARTESIAN_POINT('Origin',(58.5,90.,15.5));
#13111=CARTESIAN_POINT('',(57.,89.5,8.50000000000001));
#13112=CARTESIAN_POINT('',(58.5,90.,8.5));
#13113=CARTESIAN_POINT('',(57.,89.5,12.));
#13114=CARTESIAN_POINT('Origin',(7.5,90.,8.49999999999999));
#13115=CARTESIAN_POINT('',(9.,89.5,8.49999999999998));
#13116=CARTESIAN_POINT('',(9.,89.5,10.25));
#13117=CARTESIAN_POINT('',(7.5,90.,8.49999999999998));
#13118=CARTESIAN_POINT('',(7.5,90.,8.49999999999999));
#13119=CARTESIAN_POINT('',(7.5,90.,13.1675444679663));
#13120=CARTESIAN_POINT('',(7.5,90.,8.49999999999998));
#13121=CARTESIAN_POINT('',(7.65000000000003,89.95,12.7175444679662));
#13122=CARTESIAN_POINT('',(8.19697821316415,89.7676739289453,11.0766098284739));
#13123=CARTESIAN_POINT('',(8.68114065788899,89.6062864473703,11.6864038100773));
#13124=CARTESIAN_POINT('Origin',(9.00000000000001,91.5,8.49999999999999));
#13125=CARTESIAN_POINT('',(7.5,91.,12.8675444679664));
#13126=CARTESIAN_POINT('',(9.4179827660076,91.6393275886692,10.9495617019588));
#13127=CARTESIAN_POINT('',(7.5,91.,8.49999999999998));
#13128=CARTESIAN_POINT('',(7.5,91.,8.49999999999998));
#13129=CARTESIAN_POINT('',(9.,91.5,8.49999999999998));
#13130=CARTESIAN_POINT('',(9.00000000000001,91.5,8.49999999999999));
#13131=CARTESIAN_POINT('',(9.,91.5,10.25));
#13132=CARTESIAN_POINT('Origin',(7.5,91.,8.49999999999999));
#13133=CARTESIAN_POINT('',(7.5,90.8558481559888,13.3));
#13134=CARTESIAN_POINT('',(7.5,91.799722414856,10.4683772233983));
#13135=CARTESIAN_POINT('',(7.5,90.1441518440112,13.3));
#13136=CARTESIAN_POINT('',(7.5,68.5,13.3));
#13137=CARTESIAN_POINT('',(7.5,90.1,13.1675444679663));
#13138=CARTESIAN_POINT('',(7.5,89.4669442518107,11.2683772233983));
#13139=CARTESIAN_POINT('',(7.5,89.6999999797007,13.1675444679663));
#13140=CARTESIAN_POINT('',(7.5,91.,8.49999999999999));
#13141=CARTESIAN_POINT('Origin',(13.,91.25,8.5));
#13142=CARTESIAN_POINT('',(13.,91.5,4.5));
#13143=CARTESIAN_POINT('',(13.,91.,2.99999999999999));
#13144=CARTESIAN_POINT('',(13.,91.5,4.5));
#13145=CARTESIAN_POINT('Origin',(13.,91.5,8.5));
#13146=CARTESIAN_POINT('Origin',(13.,91.,8.5));
#13147=CARTESIAN_POINT('Origin',(13.,89.75,8.5));
#13148=CARTESIAN_POINT('',(13.,90.,2.99999999999999));
#13149=CARTESIAN_POINT('',(13.,89.5,4.5));
#13150=CARTESIAN_POINT('',(13.,90.,3.));
#13151=CARTESIAN_POINT('Origin',(13.,90.,8.5));
#13152=CARTESIAN_POINT('Origin',(13.,89.5,8.5));
#13153=CARTESIAN_POINT('Origin',(13.,90.5,8.5));
#13154=CARTESIAN_POINT('',(13.,91.,3.));
#13155=CARTESIAN_POINT('Origin',(53.,91.5,4.5));
#13156=CARTESIAN_POINT('',(53.,91.5,4.5));
#13157=CARTESIAN_POINT('',(53.,91.,2.99999999999999));
#13158=CARTESIAN_POINT('',(53.,91.5,4.5));
#13159=CARTESIAN_POINT('',(33.,91.5,4.5));
#13160=CARTESIAN_POINT('',(53.,91.,2.99999999999999));
#13161=CARTESIAN_POINT('Origin',(53.,90.,3.));
#13162=CARTESIAN_POINT('',(53.,90.,2.99999999999999));
#13163=CARTESIAN_POINT('',(53.,89.5,4.5));
#13164=CARTESIAN_POINT('',(53.,90.,3.));
#13165=CARTESIAN_POINT('',(53.,90.,2.99999999999999));
#13166=CARTESIAN_POINT('',(33.,89.5,4.5));
#13167=CARTESIAN_POINT('Origin',(53.,91.,3.));
#13168=CARTESIAN_POINT('',(53.,91.,3.));
#13169=CARTESIAN_POINT('Origin',(53.,91.25,8.49999999999999));
#13170=CARTESIAN_POINT('',(57.,91.5,8.50000000000001));
#13171=CARTESIAN_POINT('',(57.,91.5,8.5));
#13172=CARTESIAN_POINT('Origin',(53.,91.5,8.5));
#13173=CARTESIAN_POINT('Origin',(53.,91.,8.49999999999999));
#13174=CARTESIAN_POINT('Origin',(53.,89.75,8.49999999999999));
#13175=CARTESIAN_POINT('Origin',(53.,90.,8.49999999999999));
#13176=CARTESIAN_POINT('Origin',(53.,89.5,8.5));
#13177=CARTESIAN_POINT('Origin',(53.,90.5,8.49999999999999));
#13178=CARTESIAN_POINT('Origin',(57.,91.5,15.5));
#13179=CARTESIAN_POINT('',(57.,91.5,12.));
#13180=CARTESIAN_POINT('Origin',(57.,89.,8.5));
#13181=CARTESIAN_POINT('',(57.,89.,8.5));
#13182=CARTESIAN_POINT('',(57.,89.,8.5));
#13183=CARTESIAN_POINT('',(57.,89.,15.5));
#13184=CARTESIAN_POINT('Origin',(53.,89.,8.5));
#13185=CARTESIAN_POINT('',(53.,89.,4.5));
#13186=CARTESIAN_POINT('',(53.,89.,4.5));
#13187=CARTESIAN_POINT('Origin',(53.,89.,8.5));
#13188=CARTESIAN_POINT('Origin',(13.,89.,4.5));
#13189=CARTESIAN_POINT('',(13.,89.,4.5));
#13190=CARTESIAN_POINT('',(13.,89.,4.5));
#13191=CARTESIAN_POINT('',(53.,89.,4.5));
#13192=CARTESIAN_POINT('Origin',(13.,89.,8.5));
#13193=CARTESIAN_POINT('',(9.,89.,8.5));
#13194=CARTESIAN_POINT('',(9.,89.,8.5));
#13195=CARTESIAN_POINT('Origin',(13.,89.,8.5));
#13196=CARTESIAN_POINT('Origin',(9.,89.,12.));
#13197=CARTESIAN_POINT('',(9.,89.,8.5));
#13198=CARTESIAN_POINT('Origin',(7.45584815598876,88.3999999594014,13.3));
#13199=CARTESIAN_POINT('',(7.45584815598879,90.1441518440112,13.3));
#13200=CARTESIAN_POINT('',(7.98611128657293,89.6138887134271,11.7092106082476));
#13201=CARTESIAN_POINT('',(7.45584815598877,88.3999999594014,13.3));
#13202=CARTESIAN_POINT('',(7.45584815598877,88.3999999594014,13.3));
#13203=CARTESIAN_POINT('',(7.45584815598876,88.3999999594014,13.3));
#13204=CARTESIAN_POINT('',(7.98611128657293,89.6138887134271,11.7092106082476));
#13205=CARTESIAN_POINT('Origin',(8.60000001204687,90.1441518440112,13.3));
#13206=CARTESIAN_POINT('',(8.60000001204687,90.1441518440112,13.3));
#13207=CARTESIAN_POINT('Origin',(8.60000001204687,90.1441518440112,13.3));
#13208=CARTESIAN_POINT('Origin',(8.600000024103,91.2891814893221,12.));
#13209=CARTESIAN_POINT('',(6.74415184401122,90.8558481559888,13.3));
#13210=CARTESIAN_POINT('',(6.81994932071608,90.7800506792839,13.5273924301145));
#13211=CARTESIAN_POINT('',(8.60000001954039,90.8558481559888,13.3));
#13212=CARTESIAN_POINT('Origin',(6.31081851067789,88.3999999714575,12.));
#13213=CARTESIAN_POINT('',(6.74415184401122,88.3999999668949,13.3));
#13214=CARTESIAN_POINT('',(6.74415184401122,88.3999999668949,13.3));
#13215=CARTESIAN_POINT('',(6.74415184401122,88.3999999668949,13.3));
#13216=CARTESIAN_POINT('Origin',(3.6,88.4,12.65));
#13217=CARTESIAN_POINT('',(3.59999999999999,84.5441518440113,13.3));
#13218=CARTESIAN_POINT('',(3.59999999999999,84.5441518440113,13.3));
#13219=CARTESIAN_POINT('Origin',(3.6,88.4,13.3));
#13220=CARTESIAN_POINT('Origin',(3.6,88.4,12.65));
#13221=CARTESIAN_POINT('',(3.59999999999999,85.2558481559888,13.3));
#13222=CARTESIAN_POINT('',(3.59999999999999,85.2558481559888,13.3));
#13223=CARTESIAN_POINT('Origin',(3.60000000000001,88.4,13.3));
#13224=CARTESIAN_POINT('Origin',(3.,85.6891814893221,12.));
#13225=CARTESIAN_POINT('',(1.14415184401123,85.2558481559888,13.3));
#13226=CARTESIAN_POINT('',(3.,85.2558481559888,13.3));
#13227=CARTESIAN_POINT('',(1.21994931982787,85.1800506801721,13.52739242745));
#13228=CARTESIAN_POINT('Origin',(3.,84.5441518440113,13.3));
#13229=CARTESIAN_POINT('',(1.85584815598877,84.5441518440113,13.3));
#13230=CARTESIAN_POINT('',(3.,84.5441518440113,13.3));
#13231=CARTESIAN_POINT('',(2.38611128623274,84.0138887137673,11.7092106092681));
#13232=CARTESIAN_POINT('Origin',(8.59999998045959,1.14415184401123,13.3));
#13233=CARTESIAN_POINT('',(6.74415184401122,1.14415184401123,13.3));
#13234=CARTESIAN_POINT('',(8.59999998045959,1.14415184401123,13.3));
#13235=CARTESIAN_POINT('',(6.62297962176258,1.02297962176259,12.9364833332541));
#13236=CARTESIAN_POINT('Origin',(6.74415184401123,3.59999996689494,13.3));
#13237=CARTESIAN_POINT('',(6.74415184401123,3.59999996689494,13.3));
#13238=CARTESIAN_POINT('',(6.74415184401123,3.59999996689494,13.3));
#13239=CARTESIAN_POINT('',(6.74415184401123,3.59999996689494,13.3));
#13240=CARTESIAN_POINT('Origin',(3.6,3.59999999999999,12.65));
#13241=CARTESIAN_POINT('',(3.59999999999999,7.45584815598877,13.3));
#13242=CARTESIAN_POINT('',(3.59999999999999,7.45584815598877,13.3));
#13243=CARTESIAN_POINT('Origin',(3.6,3.59999999999999,13.3));
#13244=CARTESIAN_POINT('Origin',(3.6,3.59999999999999,12.65));
#13245=CARTESIAN_POINT('',(3.59999999999999,6.74415184401122,13.3));
#13246=CARTESIAN_POINT('',(3.59999999999999,6.74415184401122,13.3));
#13247=CARTESIAN_POINT('Origin',(3.6,3.59999999999999,13.3));
#13248=CARTESIAN_POINT('Origin',(3.,6.74415184401122,13.3));
#13249=CARTESIAN_POINT('',(1.14415184401122,6.74415184401122,13.3));
#13250=CARTESIAN_POINT('',(3.,6.74415184401122,13.3));
#13251=CARTESIAN_POINT('',(1.02297962285818,6.62297962285817,12.9364833365409));
#13252=CARTESIAN_POINT('Origin',(3.,7.8891814893221,12.));
#13253=CARTESIAN_POINT('',(1.85584815598877,7.45584815598877,13.3));
#13254=CARTESIAN_POINT('',(3.,7.45584815598877,13.3));
#13255=CARTESIAN_POINT('',(2.18914158926303,7.78914158926303,12.3001197001772));
#13256=CARTESIAN_POINT('Origin',(1.85584815598877,46.,13.3));
#13257=CARTESIAN_POINT('',(1.85584815598877,46.,13.3));
#13258=CARTESIAN_POINT('',(1.14415184401123,46.,13.3));
#13259=CARTESIAN_POINT('Origin',(2.28918148932211,46.,12.));
#13260=CARTESIAN_POINT('Origin',(1.14415184401123,46.,13.3));
#13261=CARTESIAN_POINT('Origin',(62.4,3.59999999999999,5.));
#13262=CARTESIAN_POINT('',(60.3875388202502,3.,5.));
#13263=CARTESIAN_POINT('',(62.,3.,5.));
#13264=CARTESIAN_POINT('',(47.7,3.,5.));
#13265=CARTESIAN_POINT('',(64.5,3.59999999999999,5.));
#13266=CARTESIAN_POINT('Origin',(62.4,3.59999999999999,5.));
#13267=CARTESIAN_POINT('',(62.000000000009,5.66155281285853,5.));
#13268=CARTESIAN_POINT('Origin',(62.4,3.59999999999999,5.));
#13269=CARTESIAN_POINT('',(62.,0.,5.));
#13270=CARTESIAN_POINT('Origin',(3.6,88.4,5.));
#13271=CARTESIAN_POINT('',(5.61246117974981,89.,5.));
#13272=CARTESIAN_POINT('',(4.,89.,5.));
#13273=CARTESIAN_POINT('',(18.3,89.,5.));
#13274=CARTESIAN_POINT('',(3.99999999999103,86.3384471871415,5.));
#13275=CARTESIAN_POINT('Origin',(3.6,88.4,5.));
#13276=CARTESIAN_POINT('',(4.,0.,5.));
#13277=CARTESIAN_POINT('Origin',(62.4,88.4,5.));
#13278=CARTESIAN_POINT('',(62.000000000009,86.3384471871415,5.));
#13279=CARTESIAN_POINT('',(62.,89.,5.));
#13280=CARTESIAN_POINT('',(62.,0.,5.));
#13281=CARTESIAN_POINT('',(64.5,88.4,5.));
#13282=CARTESIAN_POINT('Origin',(62.4,88.4,5.));
#13283=CARTESIAN_POINT('',(60.3875388202502,89.,5.));
#13284=CARTESIAN_POINT('Origin',(62.4,88.4,5.));
#13285=CARTESIAN_POINT('',(47.7,89.,5.));
#13286=CARTESIAN_POINT('Origin',(3.6,3.59999999999999,5.));
#13287=CARTESIAN_POINT('',(3.99999999999103,5.66155281285854,5.));
#13288=CARTESIAN_POINT('',(4.,3.,5.));
#13289=CARTESIAN_POINT('',(4.,0.,5.));
#13290=CARTESIAN_POINT('',(5.61246117974981,3.,5.));
#13291=CARTESIAN_POINT('Origin',(3.6,3.59999999999999,5.));
#13292=CARTESIAN_POINT('',(18.3,3.,5.));
#13293=CARTESIAN_POINT('Origin',(33.,3.,7.5));
#13294=CARTESIAN_POINT('',(60.3875388202502,3.,3.60686235342002));
#13295=CARTESIAN_POINT('Origin',(58.,3.,8.));
#13296=CARTESIAN_POINT('',(60.3875388202502,3.,12.));
#13297=CARTESIAN_POINT('Origin',(58.,0.,8.));
#13298=CARTESIAN_POINT('Ctrl Pts',(62.0000000000066,5.6615528128101,5.00000000000882));
#13299=CARTESIAN_POINT('Ctrl Pts',(61.9608823835223,5.65396288035907,4.94784317802951));
#13300=CARTESIAN_POINT('Ctrl Pts',(61.9209466206115,5.64505969805371,4.89672193771946));
#13301=CARTESIAN_POINT('Ctrl Pts',(61.6517430660336,5.5762971414026,4.56545586383113));
#13302=CARTESIAN_POINT('Ctrl Pts',(61.3993291748078,5.47330417466485,4.31875276401057));
#13303=CARTESIAN_POINT('Ctrl Pts',(60.9193981098446,5.11558467940764,3.93043765747083));
#13304=CARTESIAN_POINT('Ctrl Pts',(60.6955396550983,4.87123452053304,3.78497309932274));
#13305=CARTESIAN_POINT('Ctrl Pts',(60.4630534386319,4.42827930288416,3.64782104015929));
#13306=CARTESIAN_POINT('Ctrl Pts',(60.4019549085808,4.26839393250857,3.61448392815464));
#13307=CARTESIAN_POINT('Ctrl Pts',(60.320427740914,3.93810333169991,3.57080665452762));
#13308=CARTESIAN_POINT('Ctrl Pts',(60.3,3.76770595849745,3.56040542391538));
#13309=CARTESIAN_POINT('Ctrl Pts',(60.3,3.43229404150254,3.56040542391538));
#13310=CARTESIAN_POINT('Ctrl Pts',(60.320427740914,3.26189666830007,3.57080665452762));
#13311=CARTESIAN_POINT('Ctrl Pts',(60.3692057596293,3.06428252851341,3.59693893572151));
#13312=CARTESIAN_POINT('Ctrl Pts',(60.3779943403686,3.03201315873764,3.60167521427948));
#13313=CARTESIAN_POINT('Ctrl Pts',(60.3875388202502,3.,3.60686235342002));
#13314=CARTESIAN_POINT('Origin',(33.,89.,7.5));
#13315=CARTESIAN_POINT('',(5.61246117974981,89.,3.60686235342002));
#13316=CARTESIAN_POINT('Origin',(8.,89.,8.));
#13317=CARTESIAN_POINT('',(5.61246117974981,89.,12.));
#13318=CARTESIAN_POINT('Origin',(8.,0.,8.));
#13319=CARTESIAN_POINT('',(5.7,88.4,3.56040542391538));
#13320=CARTESIAN_POINT('Ctrl Pts',(3.99999999999339,86.3384471871899,5.00000000000882));
#13321=CARTESIAN_POINT('Ctrl Pts',(4.0391176164777,86.3460371196409,4.9478431780295));
#13322=CARTESIAN_POINT('Ctrl Pts',(4.07905337938853,86.3549403019463,4.89672193771946));
#13323=CARTESIAN_POINT('Ctrl Pts',(4.34825693396644,86.4237028585974,4.56545586383112));
#13324=CARTESIAN_POINT('Ctrl Pts',(4.60067082519225,86.5266958253352,4.31875276401057));
#13325=CARTESIAN_POINT('Ctrl Pts',(5.08060189015547,86.8844153205924,3.93043765747083));
#13326=CARTESIAN_POINT('Ctrl Pts',(5.30446034490174,87.128765479467,3.78497309932274));
#13327=CARTESIAN_POINT('Ctrl Pts',(5.53694656136817,87.5717206971159,3.64782104015929));
#13328=CARTESIAN_POINT('Ctrl Pts',(5.59804509141919,87.7316060674915,3.61448392815464));
#13329=CARTESIAN_POINT('Ctrl Pts',(5.67957225908598,88.0618966683001,3.57080665452762));
#13330=CARTESIAN_POINT('Ctrl Pts',(5.7,88.2322940415026,3.56040542391538));
#13331=CARTESIAN_POINT('Ctrl Pts',(5.7,88.4,3.56040542391538));
#13332=CARTESIAN_POINT('Ctrl Pts',(5.7,88.4,3.56040542391538));
#13333=CARTESIAN_POINT('Ctrl Pts',(5.7,88.5677059584974,3.56040542391538));
#13334=CARTESIAN_POINT('Ctrl Pts',(5.67957225908598,88.7381033316999,3.57080665452761));
#13335=CARTESIAN_POINT('Ctrl Pts',(5.63079424037073,88.9357174714866,3.59693893572151));
#13336=CARTESIAN_POINT('Ctrl Pts',(5.62200565963139,88.9679868412624,3.60167521427947));
#13337=CARTESIAN_POINT('Ctrl Pts',(5.61246117974981,89.,3.60686235342002));
#13338=CARTESIAN_POINT('Origin',(58.,0.,8.));
#13339=CARTESIAN_POINT('',(60.3875388202502,89.,3.60686235342001));
#13340=CARTESIAN_POINT('Origin',(58.,89.,8.));
#13341=CARTESIAN_POINT('Ctrl Pts',(60.3875388202502,89.,3.60686235342001));
#13342=CARTESIAN_POINT('Ctrl Pts',(60.3779943403686,88.9679868412624,3.60167521427947));
#13343=CARTESIAN_POINT('Ctrl Pts',(60.3692057596293,88.9357174714866,3.5969389357215));
#13344=CARTESIAN_POINT('Ctrl Pts',(60.320427740914,88.7381033316999,3.57080665452761));
#13345=CARTESIAN_POINT('Ctrl Pts',(60.3,88.5677059584975,3.56040542391538));
#13346=CARTESIAN_POINT('Ctrl Pts',(60.3,88.2322940415026,3.56040542391538));
#13347=CARTESIAN_POINT('Ctrl Pts',(60.320427740914,88.0618966683001,3.57080665452761));
#13348=CARTESIAN_POINT('Ctrl Pts',(60.4019549085808,87.7316060674914,3.61448392815464));
#13349=CARTESIAN_POINT('Ctrl Pts',(60.4630534386318,87.5717206971159,3.64782104015928));
#13350=CARTESIAN_POINT('Ctrl Pts',(60.6955396550983,87.1287654794669,3.78497309932273));
#13351=CARTESIAN_POINT('Ctrl Pts',(60.9193981098445,86.8844153205924,3.93043765747082));
#13352=CARTESIAN_POINT('Ctrl Pts',(61.3993291748078,86.5266958253352,4.31875276401057));
#13353=CARTESIAN_POINT('Ctrl Pts',(61.6517430660336,86.4237028585974,4.56545586383112));
#13354=CARTESIAN_POINT('Ctrl Pts',(61.9209466206115,86.3549403019463,4.89672193771945));
#13355=CARTESIAN_POINT('Ctrl Pts',(61.9608823835223,86.3460371196409,4.9478431780295));
#13356=CARTESIAN_POINT('Ctrl Pts',(62.0000000000066,86.3384471871899,5.00000000000882));
#13357=CARTESIAN_POINT('Origin',(33.,89.,7.5));
#13358=CARTESIAN_POINT('',(60.3875388202502,89.,12.));
#13359=CARTESIAN_POINT('Origin',(8.,0.,8.));
#13360=CARTESIAN_POINT('',(5.61246117974981,3.,3.60686235342002));
#13361=CARTESIAN_POINT('Origin',(8.,3.,8.));
#13362=CARTESIAN_POINT('',(5.7,3.59999999999999,3.56040542391538));
#13363=CARTESIAN_POINT('Ctrl Pts',(5.61246117974981,3.,3.60686235342002));
#13364=CARTESIAN_POINT('Ctrl Pts',(5.62200565963139,3.03201315873764,3.60167521427947));
#13365=CARTESIAN_POINT('Ctrl Pts',(5.63079424037073,3.06428252851341,3.59693893572151));
#13366=CARTESIAN_POINT('Ctrl Pts',(5.67957225908598,3.26189666830008,3.57080665452762));
#13367=CARTESIAN_POINT('Ctrl Pts',(5.7,3.43229404150254,3.56040542391538));
#13368=CARTESIAN_POINT('Ctrl Pts',(5.7,3.6,3.56040542391538));
#13369=CARTESIAN_POINT('Ctrl Pts',(5.7,3.59999999999999,3.56040542391538));
#13370=CARTESIAN_POINT('Ctrl Pts',(5.7,3.76770595849745,3.56040542391538));
#13371=CARTESIAN_POINT('Ctrl Pts',(5.67957225908597,3.93810333169991,3.57080665452762));
#13372=CARTESIAN_POINT('Ctrl Pts',(5.59804509141919,4.26839393250857,3.61448392815464));
#13373=CARTESIAN_POINT('Ctrl Pts',(5.53694656136817,4.42827930288416,3.64782104015929));
#13374=CARTESIAN_POINT('Ctrl Pts',(5.30446034490173,4.87123452053304,3.78497309932274));
#13375=CARTESIAN_POINT('Ctrl Pts',(5.08060189015547,5.11558467940765,3.93043765747083));
#13376=CARTESIAN_POINT('Ctrl Pts',(4.60067082519225,5.47330417466485,4.31875276401057));
#13377=CARTESIAN_POINT('Ctrl Pts',(4.34825693396644,5.5762971414026,4.56545586383112));
#13378=CARTESIAN_POINT('Ctrl Pts',(4.07905337938852,5.64505969805371,4.89672193771946));
#13379=CARTESIAN_POINT('Ctrl Pts',(4.0391176164777,5.65396288035907,4.9478431780295));
#13380=CARTESIAN_POINT('Ctrl Pts',(3.99999999999339,5.6615528128101,5.00000000000882));
#13381=CARTESIAN_POINT('Origin',(33.,3.,7.5));
#13382=CARTESIAN_POINT('',(5.61246117974981,3.,12.));
#13383=CARTESIAN_POINT('Origin',(62.4,3.59999999999999,12.));
#13384=CARTESIAN_POINT('',(64.5,3.59999999999999,12.));
#13385=CARTESIAN_POINT('Origin',(62.4,3.59999999999999,12.));
#13386=CARTESIAN_POINT('',(57.4,3.60000019533862,12.));
#13387=CARTESIAN_POINT('',(62.4,8.59999999999999,12.));
#13388=CARTESIAN_POINT('Origin',(57.4,3.,12.));
#13389=CARTESIAN_POINT('',(57.4,3.,9.75));
#13390=CARTESIAN_POINT('Origin',(62.4,8.59999999999999,12.));
#13391=CARTESIAN_POINT('',(63.,8.59999999999999,10.));
#13392=CARTESIAN_POINT('Origin',(63.,0.,8.));
#13393=CARTESIAN_POINT('',(63.,83.4,10.));
#13394=CARTESIAN_POINT('Origin',(3.6,3.59999999999999,12.));
#13395=CARTESIAN_POINT('',(5.7,3.59999999999999,12.));
#13396=CARTESIAN_POINT('Origin',(3.,8.59999999999999,12.));
#13397=CARTESIAN_POINT('',(3.,8.59999999999999,8.));
#13398=CARTESIAN_POINT('Origin',(8.,8.59999999999999,8.));
#13399=CARTESIAN_POINT('',(3.,8.59999999999999,12.));
#13400=CARTESIAN_POINT('Origin',(8.6,3.59999994735454,12.));
#13401=CARTESIAN_POINT('',(8.6,3.,9.75));
#13402=CARTESIAN_POINT('Origin',(3.,0.,12.));
#13403=CARTESIAN_POINT('',(3.,83.4,8.));
#13404=CARTESIAN_POINT('',(3.,0.,8.));
#13405=CARTESIAN_POINT('',(3.,83.4,12.));
#13406=CARTESIAN_POINT('Origin',(8.,0.,8.));
#13407=CARTESIAN_POINT('Origin',(8.,83.4,8.));
#13408=CARTESIAN_POINT('Origin',(33.,3.,7.5));
#13409=CARTESIAN_POINT('Origin',(63.,83.4,12.));
#13410=CARTESIAN_POINT('',(62.4,83.4,12.));
#13411=CARTESIAN_POINT('Origin',(62.4,88.4,12.));
#13412=CARTESIAN_POINT('',(64.5,88.4,12.));
#13413=CARTESIAN_POINT('Origin',(57.4,88.4,12.));
#13414=CARTESIAN_POINT('',(57.4,89.,9.75));
#13415=CARTESIAN_POINT('',(57.4,88.4,12.));
#13416=CARTESIAN_POINT('Origin',(62.4,88.4,12.));
#13417=CARTESIAN_POINT('Origin',(33.,89.,7.5));
#13418=CARTESIAN_POINT('',(8.59999999999999,89.,9.75));
#13419=CARTESIAN_POINT('Origin',(3.6,88.4,12.));
#13420=CARTESIAN_POINT('',(5.7,88.4,12.));
#13421=CARTESIAN_POINT('Origin',(8.6,89.,12.));
#13422=CARTESIAN_POINT('Origin',(3.6,83.4,12.));
#13423=CARTESIAN_POINT('Origin',(57.,89.,8.5));
#13424=CARTESIAN_POINT('',(57.,89.,8.5));
#13425=CARTESIAN_POINT('Origin',(53.,89.,8.5));
#13426=CARTESIAN_POINT('',(53.,89.,4.5));
#13427=CARTESIAN_POINT('Origin',(13.,89.,4.5));
#13428=CARTESIAN_POINT('',(13.,89.,4.5));
#13429=CARTESIAN_POINT('Origin',(13.,89.,8.5));
#13430=CARTESIAN_POINT('',(9.,89.,8.5));
#13431=CARTESIAN_POINT('Origin',(9.,89.,12.));
#13432=CARTESIAN_POINT('Origin',(57.,0.,8.5));
#13433=CARTESIAN_POINT('',(57.,0.,8.5));
#13434=CARTESIAN_POINT('',(57.,0.,8.5));
#13435=CARTESIAN_POINT('',(57.,0.,15.5));
#13436=CARTESIAN_POINT('Origin',(53.,0.,8.5));
#13437=CARTESIAN_POINT('',(53.,0.,4.5));
#13438=CARTESIAN_POINT('',(53.,0.,4.5));
#13439=CARTESIAN_POINT('Origin',(53.,0.,8.5));
#13440=CARTESIAN_POINT('Origin',(13.,0.,4.5));
#13441=CARTESIAN_POINT('',(13.,0.,4.5));
#13442=CARTESIAN_POINT('',(13.,0.,4.5));
#13443=CARTESIAN_POINT('',(53.,0.,4.5));
#13444=CARTESIAN_POINT('Origin',(13.,0.,8.5));
#13445=CARTESIAN_POINT('',(9.,0.,8.5));
#13446=CARTESIAN_POINT('',(9.,0.,8.5));
#13447=CARTESIAN_POINT('Origin',(13.,0.,8.5));
#13448=CARTESIAN_POINT('Origin',(9.,0.,12.));
#13449=CARTESIAN_POINT('',(9.,0.,8.5));
#13450=CARTESIAN_POINT('Origin',(33.,0.,6.));
#13451=CARTESIAN_POINT('',(0.,0.,0.));
#13452=CARTESIAN_POINT('',(0.,0.,0.));
#13453=UNCERTAINTY_MEASURE_WITH_UNIT(LENGTH_MEASURE(0.01),#13461,
'DISTANCE_ACCURACY_VALUE',
'Maximum model space distance between geometric entities at asserted c
onnectivities');
#13454=UNCERTAINTY_MEASURE_WITH_UNIT(LENGTH_MEASURE(0.01),#13461,
'DISTANCE_ACCURACY_VALUE',
'Maximum model space distance between geometric entities at asserted c
onnectivities');
#13455=UNCERTAINTY_MEASURE_WITH_UNIT(LENGTH_MEASURE(0.01),#13461,
'DISTANCE_ACCURACY_VALUE',
'Maximum model space distance between geometric entities at asserted c
onnectivities');
#13456=UNCERTAINTY_MEASURE_WITH_UNIT(LENGTH_MEASURE(0.01),#13461,
'DISTANCE_ACCURACY_VALUE',
'Maximum model space distance between geometric entities at asserted c
onnectivities');
#13457=(
GEOMETRIC_REPRESENTATION_CONTEXT(3)
GLOBAL_UNCERTAINTY_ASSIGNED_CONTEXT((#13453))
GLOBAL_UNIT_ASSIGNED_CONTEXT((#13461,#13463,#13464))
REPRESENTATION_CONTEXT('','3D')
);
#13458=(
GEOMETRIC_REPRESENTATION_CONTEXT(3)
GLOBAL_UNCERTAINTY_ASSIGNED_CONTEXT((#13454))
GLOBAL_UNIT_ASSIGNED_CONTEXT((#13461,#13463,#13464))
REPRESENTATION_CONTEXT('','3D')
);
#13459=(
GEOMETRIC_REPRESENTATION_CONTEXT(3)
GLOBAL_UNCERTAINTY_ASSIGNED_CONTEXT((#13455))
GLOBAL_UNIT_ASSIGNED_CONTEXT((#13461,#13463,#13464))
REPRESENTATION_CONTEXT('','3D')
);
#13460=(
GEOMETRIC_REPRESENTATION_CONTEXT(3)
GLOBAL_UNCERTAINTY_ASSIGNED_CONTEXT((#13456))
GLOBAL_UNIT_ASSIGNED_CONTEXT((#13461,#13463,#13464))
REPRESENTATION_CONTEXT('','3D')
);
#13461=(
LENGTH_UNIT()
NAMED_UNIT(*)
SI_UNIT(.MILLI.,.METRE.)
);
#13462=(
LENGTH_UNIT()
NAMED_UNIT(*)
SI_UNIT($,.METRE.)
);
#13463=(
NAMED_UNIT(*)
PLANE_ANGLE_UNIT()
SI_UNIT($,.RADIAN.)
);
#13464=(
NAMED_UNIT(*)
SI_UNIT($,.STERADIAN.)
SOLID_ANGLE_UNIT()
);
#13465=SHAPE_DEFINITION_REPRESENTATION(#13468,#13473);
#13466=SHAPE_DEFINITION_REPRESENTATION(#13469,#13474);
#13467=SHAPE_DEFINITION_REPRESENTATION(#13470,#13475);
#13468=PRODUCT_DEFINITION_SHAPE('',$,#13477);
#13469=PRODUCT_DEFINITION_SHAPE('',$,#13478);
#13470=PRODUCT_DEFINITION_SHAPE('',$,#13479);
#13471=PRODUCT_DEFINITION_SHAPE($,$,#17);
#13472=PRODUCT_DEFINITION_SHAPE($,$,#18);
#13473=SHAPE_REPRESENTATION('',(#7689,#8139,#8140),#13457);
#13474=SHAPE_REPRESENTATION('',(#7690),#13458);
#13475=SHAPE_REPRESENTATION('',(#7743),#13459);
#13476=PRODUCT_DEFINITION_CONTEXT('part definition',#13487,'design');
#13477=PRODUCT_DEFINITION('2026-07-28-11-25-57-915','Base',#13480,#13476);
#13478=PRODUCT_DEFINITION('2026-07-28-11-25-57-919','Teal inlay (1)',#13481,
#13476);
#13479=PRODUCT_DEFINITION('2026-07-28-11-25-57-921','White inlay (1)',#13482,
#13476);
#13480=PRODUCT_DEFINITION_FORMATION('',$,#13489);
#13481=PRODUCT_DEFINITION_FORMATION('',$,#13490);
#13482=PRODUCT_DEFINITION_FORMATION('',$,#13491);
#13483=PRODUCT_RELATED_PRODUCT_CATEGORY('Base','Base',(#13489));
#13484=PRODUCT_RELATED_PRODUCT_CATEGORY('Teal inlay (1)',
'Teal inlay (1)',(#13490));
#13485=PRODUCT_RELATED_PRODUCT_CATEGORY('White inlay (1)',
'White inlay (1)',(#13491));
#13486=APPLICATION_PROTOCOL_DEFINITION('international standard',
'automotive_design',2009,#13487);
#13487=APPLICATION_CONTEXT(
'Core Data for Automotive Mechanical Design Process');
#13488=PRODUCT_CONTEXT('part definition',#13487,'mechanical');
#13489=PRODUCT('2026-07-28-11-25-57-915','Base',$,(#13488));
#13490=PRODUCT('2026-07-28-11-25-57-919','Teal inlay (1)',$,(#13488));
#13491=PRODUCT('2026-07-28-11-25-57-921','White inlay (1)',$,(#13488));
#13492=PRESENTATION_STYLE_ASSIGNMENT((#13493));
#13493=SURFACE_STYLE_USAGE(.BOTH.,#13494);
#13494=SURFACE_SIDE_STYLE('',(#13495));
#13495=SURFACE_STYLE_FILL_AREA(#13496);
#13496=FILL_AREA_STYLE('Steel - Satin',(#13497));
#13497=FILL_AREA_STYLE_COLOUR('Steel - Satin',#13498);
#13498=COLOUR_RGB('Steel - Satin',0.627450980392157,0.627450980392157,0.627450980392157);
ENDSEC;
END-ISO-10303-21;
