ISO-10303-21;
HEADER;
/* Generated by software containing ST-Developer
 * from STEP Tools, Inc. (www.steptools.com) 
 */

FILE_DESCRIPTION(
/* description */ (''),
/* implementation_level */ '2;1');

FILE_NAME(
/* name */ 'Lid.step',
/* time_stamp */ '2026-05-04T11:28:58+08:00',
/* author */ (''),
/* organization */ (''),
/* preprocessor_version */ 'ST-DEVELOPER v20.1',
/* originating_system */ 'Autodesk Translation Framework v15.8.0.0',
/* authorisation */ '');

FILE_SCHEMA (('AUTOMOTIVE_DESIGN { 1 0 10303 214 3 1 1 }'));
ENDSEC;

DATA;
#10=MECHANICAL_DESIGN_GEOMETRIC_PRESENTATION_REPRESENTATION('',(#361,#362,
#363,#364,#365,#366,#367,#368,#369,#370),#15078);
#11=ITEM_DEFINED_TRANSFORMATION($,$,#7735,#8270);
#12=ITEM_DEFINED_TRANSFORMATION($,$,#7764,#8271);
#13=(
REPRESENTATION_RELATIONSHIP($,$,#15092,#15091)
REPRESENTATION_RELATIONSHIP_WITH_TRANSFORMATION(#11)
SHAPE_REPRESENTATION_RELATIONSHIP()
);
#14=(
REPRESENTATION_RELATIONSHIP($,$,#15093,#15091)
REPRESENTATION_RELATIONSHIP_WITH_TRANSFORMATION(#12)
SHAPE_REPRESENTATION_RELATIONSHIP()
);
#15=CONTEXT_DEPENDENT_SHAPE_REPRESENTATION(#13,#15089);
#16=CONTEXT_DEPENDENT_SHAPE_REPRESENTATION(#14,#15090);
#17=NEXT_ASSEMBLY_USAGE_OCCURRENCE('Teal inlay:1','Teal inlay:1',
'Teal inlay:1',#15095,#15096,'Teal inlay:1');
#18=NEXT_ASSEMBLY_USAGE_OCCURRENCE('White inlay:1','White inlay:1',
'White inlay:1',#15095,#15097,'White inlay:1');
#19=CONICAL_SURFACE('',#8119,4.24999999999999,0.321750554396647);
#20=CONICAL_SURFACE('',#8121,2.74999999999999,0.321750554396647);
#21=CONICAL_SURFACE('',#8129,4.25,0.321750554396644);
#22=CONICAL_SURFACE('',#8131,2.75,0.321750554396642);
#23=CONICAL_SURFACE('',#8148,4.24999999999999,0.321750554396647);
#24=CONICAL_SURFACE('',#8151,2.74999999999999,0.321750554396647);
#25=CONICAL_SURFACE('',#8157,4.25,0.321750554396644);
#26=CONICAL_SURFACE('',#8160,2.75,0.321750554396642);
#27=CONICAL_SURFACE('',#8174,10.75,1.24904577239825);
#28=CONICAL_SURFACE('',#8177,10.75,1.24904577239826);
#29=CONICAL_SURFACE('',#8183,10.75,1.24904577239826);
#30=CONICAL_SURFACE('',#8186,10.75,1.24904577239825);
#31=CONICAL_SURFACE('',#8208,10.7500000000001,1.24904577239825);
#32=CONICAL_SURFACE('',#8211,10.7500000000001,1.24904577239826);
#33=CONICAL_SURFACE('',#8216,10.7500000000001,1.24904577239825);
#34=CONICAL_SURFACE('',#8219,10.7500000000001,1.24904577239826);
#35=ELLIPSE('',#7856,4.38634243989225,2.99999999999999);
#36=ELLIPSE('',#7858,4.52548339959389,3.19999999999999);
#37=ELLIPSE('',#7871,3.24717660087718,3.);
#38=ELLIPSE('',#7879,4.52548339959391,3.2);
#39=ELLIPSE('',#7880,4.38634243989226,3.);
#40=ELLIPSE('',#7894,4.52548339959391,3.2);
#41=ELLIPSE('',#7901,4.38634243989226,2.99999999999999);
#42=ELLIPSE('',#7911,3.24717660087719,3.);
#43=ELLIPSE('',#7914,3.24717660087718,3.);
#44=ELLIPSE('',#7922,4.52548339959389,3.19999999999999);
#45=ELLIPSE('',#7923,4.38634243989225,2.99999999999999);
#46=ELLIPSE('',#7938,3.24717660087718,3.);
#47=ELLIPSE('',#8027,1.76776695296637,1.25);
#48=ELLIPSE('',#8030,1.76776695296637,1.25);
#49=ELLIPSE('',#8033,0.424264068711929,0.3);
#50=ELLIPSE('',#8036,2.12132034355964,1.5);
#51=ELLIPSE('',#8039,0.424264068711929,0.3);
#52=ELLIPSE('',#8043,12.7279220613579,9.);
#53=ELLIPSE('',#8044,2.12132034355964,1.5);
#54=TOROIDAL_SURFACE('',#7853,3.19999999999999,0.2);
#55=TOROIDAL_SURFACE('',#7863,7.,3.);
#56=TOROIDAL_SURFACE('',#7881,3.2,0.2);
#57=TOROIDAL_SURFACE('',#7886,7.,3.);
#58=TOROIDAL_SURFACE('',#7907,3.2,0.2);
#59=TOROIDAL_SURFACE('',#7924,3.19999999999999,0.2);
#60=TOROIDAL_SURFACE('',#7942,7.,3.);
#61=TOROIDAL_SURFACE('',#7976,7.,3.);
#62=B_SPLINE_SURFACE_WITH_KNOTS('',3,3,((#11621,#11622,#11623,#11624),(#11625,
#11626,#11627,#11628),(#11629,#11630,#11631,#11632),(#11633,#11634,#11635,
#11636),(#11637,#11638,#11639,#11640),(#11641,#11642,#11643,#11644)),
 .UNSPECIFIED.,.F.,.F.,.F.,(4,1,1,4),(4,4),(0.,0.5,0.785714285714286,1.),
(3.56803645576191,3.73904917232693),.UNSPECIFIED.);
#63=B_SPLINE_SURFACE_WITH_KNOTS('',3,3,((#11734,#11735,#11736,#11737),(#11738,
#11739,#11740,#11741),(#11742,#11743,#11744,#11745),(#11746,#11747,#11748,
#11749),(#11750,#11751,#11752,#11753)),.UNSPECIFIED.,.F.,.F.,.F.,(4,1,4),
(4,4),(0.,0.5,1.),(0.73654545734244,1.73707602847907),.UNSPECIFIED.);
#64=B_SPLINE_SURFACE_WITH_KNOTS('',3,3,((#11759,#11760,#11761,#11762,#11763,
#11764,#11765,#11766,#11767,#11768,#11769,#11770,#11771),(#11772,#11773,
#11774,#11775,#11776,#11777,#11778,#11779,#11780,#11781,#11782,#11783,#11784),
(#11785,#11786,#11787,#11788,#11789,#11790,#11791,#11792,#11793,#11794,
#11795,#11796,#11797),(#11798,#11799,#11800,#11801,#11802,#11803,#11804,
#11805,#11806,#11807,#11808,#11809,#11810),(#11811,#11812,#11813,#11814,
#11815,#11816,#11817,#11818,#11819,#11820,#11821,#11822,#11823),(#11824,
#11825,#11826,#11827,#11828,#11829,#11830,#11831,#11832,#11833,#11834,#11835,
#11836),(#11837,#11838,#11839,#11840,#11841,#11842,#11843,#11844,#11845,
#11846,#11847,#11848,#11849)),.UNSPECIFIED.,.F.,.F.,.F.,(4,1,1,1,4),(4,
1,1,1,1,1,1,1,1,1,4),(0.,0.285714285714286,0.571428571428571,0.857142857142857,
1.),(0.,0.15970371610621,0.31940743221242,0.425876576283227,0.532345720354033,
0.585580292389437,0.63881486442484,0.665432150442542,0.692049436460243,
0.718666722477945,0.745284008495647),.UNSPECIFIED.);
#65=B_SPLINE_SURFACE_WITH_KNOTS('',3,3,((#11884,#11885,#11886,#11887,#11888,
#11889,#11890,#11891),(#11892,#11893,#11894,#11895,#11896,#11897,#11898,
#11899),(#11900,#11901,#11902,#11903,#11904,#11905,#11906,#11907),(#11908,
#11909,#11910,#11911,#11912,#11913,#11914,#11915),(#11916,#11917,#11918,
#11919,#11920,#11921,#11922,#11923),(#11924,#11925,#11926,#11927,#11928,
#11929,#11930,#11931),(#11932,#11933,#11934,#11935,#11936,#11937,#11938,
#11939)),.UNSPECIFIED.,.F.,.F.,.F.,(4,1,1,1,4),(4,1,1,1,1,4),(0.,0.285714285714286,
0.571428571428571,0.857142857142857,1.),(3.62990755973728E-16,0.135136305959818,
0.270272611919636,0.337840764899545,0.405408917879454,0.472977070859363),
 .UNSPECIFIED.);
#66=B_SPLINE_SURFACE_WITH_KNOTS('',3,3,((#11959,#11960,#11961,#11962,#11963),
(#11964,#11965,#11966,#11967,#11968),(#11969,#11970,#11971,#11972,#11973),
(#11974,#11975,#11976,#11977,#11978),(#11979,#11980,#11981,#11982,#11983),
(#11984,#11985,#11986,#11987,#11988),(#11989,#11990,#11991,#11992,#11993)),
 .UNSPECIFIED.,.F.,.F.,.F.,(4,1,1,1,4),(4,1,4),(0.,0.285714285714286,0.571428571428571,
0.857142857142857,1.),(0.,0.0787574501622899,0.18376738371201),
 .UNSPECIFIED.);
#67=B_SPLINE_SURFACE_WITH_KNOTS('',3,3,((#12007,#12008,#12009,#12010,#12011,
#12012,#12013),(#12014,#12015,#12016,#12017,#12018,#12019,#12020),(#12021,
#12022,#12023,#12024,#12025,#12026,#12027),(#12028,#12029,#12030,#12031,
#12032,#12033,#12034),(#12035,#12036,#12037,#12038,#12039,#12040,#12041),
(#12042,#12043,#12044,#12045,#12046,#12047,#12048),(#12049,#12050,#12051,
#12052,#12053,#12054,#12055)),.UNSPECIFIED.,.F.,.F.,.F.,(4,1,1,1,4),(4,
1,1,1,4),(0.,0.285714285714286,0.571428571428571,0.857142857142857,1.),
(1.51151769311234E-14,0.160433724546987,0.267389540911635,0.320867449093959,
0.374345357276283),.UNSPECIFIED.);
#68=B_SPLINE_SURFACE_WITH_KNOTS('',3,3,((#12073,#12074,#12075,#12076),(#12077,
#12078,#12079,#12080),(#12081,#12082,#12083,#12084),(#12085,#12086,#12087,
#12088),(#12089,#12090,#12091,#12092)),.UNSPECIFIED.,.F.,.F.,.F.,(4,1,4),
(4,4),(0.,0.571428571428571,1.),(6.29386370560744E-17,0.0352083623267249),
 .UNSPECIFIED.);
#69=B_SPLINE_SURFACE_WITH_KNOTS('',3,3,((#12109,#12110,#12111,#12112,#12113),
(#12114,#12115,#12116,#12117,#12118),(#12119,#12120,#12121,#12122,#12123),
(#12124,#12125,#12126,#12127,#12128)),.UNSPECIFIED.,.F.,.F.,.F.,(4,4),(4,
1,4),(0.623928044325317,1.),(-0.173754421079393,-0.099288240616796,2.37495475283058E-16),
 .UNSPECIFIED.);
#70=B_SPLINE_SURFACE_WITH_KNOTS('',3,3,((#12136,#12137,#12138,#12139,#12140,
#12141,#12142,#12143),(#12144,#12145,#12146,#12147,#12148,#12149,#12150,
#12151),(#12152,#12153,#12154,#12155,#12156,#12157,#12158,#12159),(#12160,
#12161,#12162,#12163,#12164,#12165,#12166,#12167)),.UNSPECIFIED.,.F.,.F.,
 .F.,(4,4),(4,1,1,1,1,4),(0.371147959825682,1.),(-2.99454191213217,-2.85100641597358,
-2.75531608520118,-2.73139350250808,-2.70747091981498,-2.65962575442878),
 .UNSPECIFIED.);
#71=B_SPLINE_SURFACE_WITH_KNOTS('',3,3,((#12191,#12192,#12193,#12194),(#12195,
#12196,#12197,#12198),(#12199,#12200,#12201,#12202),(#12203,#12204,#12205,
#12206),(#12207,#12208,#12209,#12210)),.UNSPECIFIED.,.F.,.F.,.F.,(4,1,4),
(4,4),(0.,0.571428571428571,1.),(0.10375006479994,0.138958427126659),
 .UNSPECIFIED.);
#72=B_SPLINE_SURFACE_WITH_KNOTS('',3,3,((#12255,#12256,#12257,#12258,#12259,
#12260),(#12261,#12262,#12263,#12264,#12265,#12266),(#12267,#12268,#12269,
#12270,#12271,#12272),(#12273,#12274,#12275,#12276,#12277,#12278),(#12279,
#12280,#12281,#12282,#12283,#12284),(#12285,#12286,#12287,#12288,#12289,
#12290),(#12291,#12292,#12293,#12294,#12295,#12296)),.UNSPECIFIED.,.F.,
 .F.,.F.,(4,1,1,1,4),(4,1,1,4),(0.,0.285714285714286,0.571428571428571,
0.857142857142857,1.),(0.,0.053476612576484,0.160429837729452,0.374336288035388),
 .UNSPECIFIED.);
#73=B_SPLINE_SURFACE_WITH_KNOTS('',3,3,((#12312,#12313,#12314,#12315,#12316,
#12317),(#12318,#12319,#12320,#12321,#12322,#12323),(#12324,#12325,#12326,
#12327,#12328,#12329),(#12330,#12331,#12332,#12333,#12334,#12335),(#12336,
#12337,#12338,#12339,#12340,#12341),(#12342,#12343,#12344,#12345,#12346,
#12347),(#12348,#12349,#12350,#12351,#12352,#12353)),.UNSPECIFIED.,.F.,
 .F.,.F.,(4,1,1,1,4),(4,1,1,4),(0.,0.285714285714286,0.571428571428571,
0.857142857142857,1.),(0.,0.0787753951590261,0.131292325265044,0.183809255371061),
 .UNSPECIFIED.);
#74=B_SPLINE_SURFACE_WITH_KNOTS('',3,3,((#12369,#12370,#12371,#12372,#12373,
#12374,#12375),(#12376,#12377,#12378,#12379,#12380,#12381,#12382),(#12383,
#12384,#12385,#12386,#12387,#12388,#12389),(#12390,#12391,#12392,#12393,
#12394,#12395,#12396),(#12397,#12398,#12399,#12400,#12401,#12402,#12403),
(#12404,#12405,#12406,#12407,#12408,#12409,#12410),(#12411,#12412,#12413,
#12414,#12415,#12416,#12417)),.UNSPECIFIED.,.F.,.F.,.F.,(4,1,1,1,4),(4,
1,1,1,4),(0.,0.285714285714286,0.571428571428571,0.857142857142857,1.),
(0.,0.0675683648166186,0.135136729633237,0.270273459266474,0.47297855371633),
 .UNSPECIFIED.);
#75=B_SPLINE_SURFACE_WITH_KNOTS('',3,3,((#12435,#12436,#12437,#12438,#12439,
#12440,#12441,#12442,#12443,#12444,#12445,#12446),(#12447,#12448,#12449,
#12450,#12451,#12452,#12453,#12454,#12455,#12456,#12457,#12458),(#12459,
#12460,#12461,#12462,#12463,#12464,#12465,#12466,#12467,#12468,#12469,#12470),
(#12471,#12472,#12473,#12474,#12475,#12476,#12477,#12478,#12479,#12480,
#12481,#12482),(#12483,#12484,#12485,#12486,#12487,#12488,#12489,#12490,
#12491,#12492,#12493,#12494),(#12495,#12496,#12497,#12498,#12499,#12500,
#12501,#12502,#12503,#12504,#12505,#12506),(#12507,#12508,#12509,#12510,
#12511,#12512,#12513,#12514,#12515,#12516,#12517,#12518)),.UNSPECIFIED.,
 .F.,.F.,.F.,(4,1,1,1,4),(4,1,1,1,1,1,1,1,1,4),(0.,0.285714285714286,0.571428571428571,
0.857142857142857,1.),(0.,0.0266169503633989,0.0532339007267977,0.0798508510901966,
0.106467801453595,0.159701702180393,0.212935602907191,0.319403404360786,
0.532339007267977,0.745274610175168),.UNSPECIFIED.);
#76=B_SPLINE_SURFACE_WITH_KNOTS('',3,3,((#12546,#12547,#12548,#12549),(#12550,
#12551,#12552,#12553),(#12554,#12555,#12556,#12557),(#12558,#12559,#12560,
#12561),(#12562,#12563,#12564,#12565)),.UNSPECIFIED.,.F.,.F.,.F.,(4,1,4),
(4,4),(0.,0.5,1.),(4.54610927869873,5.54663984983714),.UNSPECIFIED.);
#77=B_SPLINE_SURFACE_WITH_KNOTS('',3,3,((#12609,#12610,#12611,#12612),(#12613,
#12614,#12615,#12616),(#12617,#12618,#12619,#12620),(#12621,#12622,#12623,
#12624),(#12625,#12626,#12627,#12628)),.UNSPECIFIED.,.F.,.F.,.F.,(4,1,4),
(4,4),(0.,0.5,1.),(3.73904909735036,3.91006181428237),.UNSPECIFIED.);
#78=B_SPLINE_SURFACE_WITH_KNOTS('',3,3,((#12716,#12717,#12718,#12719),(#12720,
#12721,#12722,#12723),(#12724,#12725,#12726,#12727),(#12728,#12729,#12730,
#12731),(#12732,#12733,#12734,#12735),(#12736,#12737,#12738,#12739)),
 .UNSPECIFIED.,.F.,.F.,.F.,(4,1,1,4),(4,4),(0.,0.5,0.785714285714286,1.),
(3.56803645576191,3.73904917232694),.UNSPECIFIED.);
#79=B_SPLINE_SURFACE_WITH_KNOTS('',3,3,((#12792,#12793,#12794,#12795),(#12796,
#12797,#12798,#12799),(#12800,#12801,#12802,#12803),(#12804,#12805,#12806,
#12807),(#12808,#12809,#12810,#12811)),.UNSPECIFIED.,.F.,.F.,.F.,(4,1,4),
(4,4),(0.,0.5,1.),(0.736545457342444,1.73707602847907),.UNSPECIFIED.);
#80=B_SPLINE_SURFACE_WITH_KNOTS('',3,3,((#12838,#12839,#12840,#12841,#12842,
#12843,#12844,#12845,#12846,#12847,#12848,#12849,#12850),(#12851,#12852,
#12853,#12854,#12855,#12856,#12857,#12858,#12859,#12860,#12861,#12862,#12863),
(#12864,#12865,#12866,#12867,#12868,#12869,#12870,#12871,#12872,#12873,
#12874,#12875,#12876),(#12877,#12878,#12879,#12880,#12881,#12882,#12883,
#12884,#12885,#12886,#12887,#12888,#12889),(#12890,#12891,#12892,#12893,
#12894,#12895,#12896,#12897,#12898,#12899,#12900,#12901,#12902),(#12903,
#12904,#12905,#12906,#12907,#12908,#12909,#12910,#12911,#12912,#12913,#12914,
#12915),(#12916,#12917,#12918,#12919,#12920,#12921,#12922,#12923,#12924,
#12925,#12926,#12927,#12928)),.UNSPECIFIED.,.F.,.F.,.F.,(4,1,1,1,4),(4,
1,1,1,1,1,1,1,1,1,4),(0.,0.285714285714286,0.571428571428571,0.857142857142857,
1.),(3.43501268538038E-16,0.159703778475545,0.319407556951089,0.425876742601452,
0.532345928251815,0.585580521076997,0.638815113902178,0.665432410314769,
0.69204970672736,0.71866700313995,0.745284299552541),.UNSPECIFIED.);
#81=B_SPLINE_SURFACE_WITH_KNOTS('',3,3,((#12944,#12945,#12946,#12947,#12948,
#12949,#12950),(#12951,#12952,#12953,#12954,#12955,#12956,#12957),(#12958,
#12959,#12960,#12961,#12962,#12963,#12964),(#12965,#12966,#12967,#12968,
#12969,#12970,#12971),(#12972,#12973,#12974,#12975,#12976,#12977,#12978),
(#12979,#12980,#12981,#12982,#12983,#12984,#12985),(#12986,#12987,#12988,
#12989,#12990,#12991,#12992)),.UNSPECIFIED.,.F.,.F.,.F.,(4,1,1,1,4),(4,
1,1,1,4),(0.,0.285714285714286,0.571428571428571,0.857142857142857,1.),
(8.51356963063543E-16,0.135136305959821,0.27027261191964,0.40540891787946,
0.47297707085937),.UNSPECIFIED.);
#82=B_SPLINE_SURFACE_WITH_KNOTS('',3,3,((#13010,#13011,#13012,#13013,#13014,
#13015),(#13016,#13017,#13018,#13019,#13020,#13021),(#13022,#13023,#13024,
#13025,#13026,#13027),(#13028,#13029,#13030,#13031,#13032,#13033),(#13034,
#13035,#13036,#13037,#13038,#13039),(#13040,#13041,#13042,#13043,#13044,
#13045),(#13046,#13047,#13048,#13049,#13050,#13051)),.UNSPECIFIED.,.F.,
 .F.,.F.,(4,1,1,1,4),(4,1,1,4),(0.,0.285714285714286,0.571428571428571,
0.857142857142857,1.),(1.11362257754344E-14,0.0525049667950305,0.10500993359005,
0.183767383782579),.UNSPECIFIED.);
#83=B_SPLINE_SURFACE_WITH_KNOTS('',3,3,((#13067,#13068,#13069,#13070,#13071,
#13072,#13073),(#13074,#13075,#13076,#13077,#13078,#13079,#13080),(#13081,
#13082,#13083,#13084,#13085,#13086,#13087),(#13088,#13089,#13090,#13091,
#13092,#13093,#13094),(#13095,#13096,#13097,#13098,#13099,#13100,#13101),
(#13102,#13103,#13104,#13105,#13106,#13107,#13108),(#13109,#13110,#13111,
#13112,#13113,#13114,#13115)),.UNSPECIFIED.,.F.,.F.,.F.,(4,1,1,1,4),(4,
1,1,1,4),(0.,0.285714285714286,0.571428571428571,0.857142857142857,1.),
(1.46803775029692E-14,0.160433724813064,0.267389541355096,0.320867449626113,
0.374345357897129),.UNSPECIFIED.);
#84=B_SPLINE_SURFACE_WITH_KNOTS('',3,3,((#13133,#13134,#13135,#13136),(#13137,
#13138,#13139,#13140),(#13141,#13142,#13143,#13144),(#13145,#13146,#13147,
#13148),(#13149,#13150,#13151,#13152)),.UNSPECIFIED.,.F.,.F.,.F.,(4,1,4),
(4,4),(0.,0.571428571428571,1.),(0.,0.0352083623267171),.UNSPECIFIED.);
#85=B_SPLINE_SURFACE_WITH_KNOTS('',3,3,((#13200,#13201,#13202,#13203),(#13204,
#13205,#13206,#13207),(#13208,#13209,#13210,#13211),(#13212,#13213,#13214,
#13215),(#13216,#13217,#13218,#13219)),.UNSPECIFIED.,.F.,.F.,.F.,(4,1,4),
(4,4),(0.,0.571428571428571,1.),(0.10375006479994,0.138958427126659),
 .UNSPECIFIED.);
#86=B_SPLINE_SURFACE_WITH_KNOTS('',3,3,((#13264,#13265,#13266,#13267,#13268,
#13269,#13270),(#13271,#13272,#13273,#13274,#13275,#13276,#13277),(#13278,
#13279,#13280,#13281,#13282,#13283,#13284),(#13285,#13286,#13287,#13288,
#13289,#13290,#13291),(#13292,#13293,#13294,#13295,#13296,#13297,#13298),
(#13299,#13300,#13301,#13302,#13303,#13304,#13305),(#13306,#13307,#13308,
#13309,#13310,#13311,#13312)),.UNSPECIFIED.,.F.,.F.,.F.,(4,1,1,1,4),(4,
1,1,1,4),(0.,0.285714285714286,0.571428571428571,0.857142857142857,1.),
(0.,0.0534766125764839,0.106953225152968,0.213906450305936,0.374336288035387),
 .UNSPECIFIED.);
#87=B_SPLINE_SURFACE_WITH_KNOTS('',3,3,((#13330,#13331,#13332,#13333,#13334,
#13335),(#13336,#13337,#13338,#13339,#13340,#13341),(#13342,#13343,#13344,
#13345,#13346,#13347),(#13348,#13349,#13350,#13351,#13352,#13353),(#13354,
#13355,#13356,#13357,#13358,#13359),(#13360,#13361,#13362,#13363,#13364,
#13365),(#13366,#13367,#13368,#13369,#13370,#13371)),.UNSPECIFIED.,.F.,
 .F.,.F.,(4,1,1,1,4),(4,1,1,4),(0.,0.285714285714286,0.571428571428571,
0.857142857142857,1.),(0.,0.0787753949874642,0.131292324979107,0.18380925497075),
 .UNSPECIFIED.);
#88=B_SPLINE_SURFACE_WITH_KNOTS('',3,3,((#13387,#13388,#13389,#13390,#13391,
#13392,#13393),(#13394,#13395,#13396,#13397,#13398,#13399,#13400),(#13401,
#13402,#13403,#13404,#13405,#13406,#13407),(#13408,#13409,#13410,#13411,
#13412,#13413,#13414),(#13415,#13416,#13417,#13418,#13419,#13420,#13421),
(#13422,#13423,#13424,#13425,#13426,#13427,#13428),(#13429,#13430,#13431,
#13432,#13433,#13434,#13435)),.UNSPECIFIED.,.F.,.F.,.F.,(4,1,1,1,4),(4,
1,1,1,4),(0.,0.285714285714286,0.571428571428571,0.857142857142857,1.),
(0.,0.084460456020772,0.135136729633235,0.270273459266471,0.472978553716323),
 .UNSPECIFIED.);
#89=B_SPLINE_SURFACE_WITH_KNOTS('',3,3,((#13453,#13454,#13455,#13456,#13457,
#13458,#13459,#13460,#13461,#13462,#13463,#13464),(#13465,#13466,#13467,
#13468,#13469,#13470,#13471,#13472,#13473,#13474,#13475,#13476),(#13477,
#13478,#13479,#13480,#13481,#13482,#13483,#13484,#13485,#13486,#13487,#13488),
(#13489,#13490,#13491,#13492,#13493,#13494,#13495,#13496,#13497,#13498,
#13499,#13500),(#13501,#13502,#13503,#13504,#13505,#13506,#13507,#13508,
#13509,#13510,#13511,#13512),(#13513,#13514,#13515,#13516,#13517,#13518,
#13519,#13520,#13521,#13522,#13523,#13524),(#13525,#13526,#13527,#13528,
#13529,#13530,#13531,#13532,#13533,#13534,#13535,#13536)),.UNSPECIFIED.,
 .F.,.F.,.F.,(4,1,1,1,4),(4,1,1,1,1,1,1,1,1,4),(0.,0.285714285714286,0.571428571428571,
0.857142857142857,1.),(1.23009780231456E-15,0.0266169497696429,0.0532338995392845,
0.0798508493089261,0.106467799078568,0.159701698617851,0.212935598157134,
0.319403397235701,0.532338995392834,0.745274593549967),.UNSPECIFIED.);
#90=B_SPLINE_SURFACE_WITH_KNOTS('',3,3,((#13569,#13570,#13571,#13572),(#13573,
#13574,#13575,#13576),(#13577,#13578,#13579,#13580),(#13581,#13582,#13583,
#13584),(#13585,#13586,#13587,#13588)),.UNSPECIFIED.,.F.,.F.,.F.,(4,1,4),
(4,4),(0.,0.5,1.),(4.54610927869873,5.54663984983715),.UNSPECIFIED.);
#91=B_SPLINE_SURFACE_WITH_KNOTS('',3,3,((#13627,#13628,#13629,#13630),(#13631,
#13632,#13633,#13634),(#13635,#13636,#13637,#13638),(#13639,#13640,#13641,
#13642),(#13643,#13644,#13645,#13646),(#13647,#13648,#13649,#13650)),
 .UNSPECIFIED.,.F.,.F.,.F.,(4,1,1,4),(4,4),(0.,0.5,0.785714285714286,1.),
(3.73904909735035,3.91006181428237),.UNSPECIFIED.);
#92=B_SPLINE_SURFACE_WITH_KNOTS('',3,3,((#13687,#13688,#13689,#13690,#13691,
#13692,#13693,#13694,#13695),(#13696,#13697,#13698,#13699,#13700,#13701,
#13702,#13703,#13704),(#13705,#13706,#13707,#13708,#13709,#13710,#13711,
#13712,#13713),(#13714,#13715,#13716,#13717,#13718,#13719,#13720,#13721,
#13722)),.UNSPECIFIED.,.F.,.F.,.F.,(4,4),(4,1,1,1,1,1,4),(0.371270890646369,
1.),(-3.32869358359719,-3.3047923811706,-3.280891178744,-3.25698997631741,
-3.18528636903764,-3.08968155933127,-2.9940767496249),.UNSPECIFIED.);
#93=B_SPLINE_SURFACE_WITH_KNOTS('',3,3,((#13740,#13741,#13742,#13743,#13744),
(#13745,#13746,#13747,#13748,#13749),(#13750,#13751,#13752,#13753,#13754),
(#13755,#13756,#13757,#13758,#13759)),.UNSPECIFIED.,.F.,.F.,.F.,(4,4),(4,
1,4),(0.623928044325347,1.),(-1.41878124807103,-1.34431394224823,-1.24502420115116),
 .UNSPECIFIED.);
#94=B_SPLINE_SURFACE_WITH_KNOTS('',3,3,((#13765,#13766,#13767,#13768,#13769,
#13770,#13771,#13772,#13773),(#13774,#13775,#13776,#13777,#13778,#13779,
#13780,#13781,#13782),(#13783,#13784,#13785,#13786,#13787,#13788,#13789,
#13790,#13791),(#13792,#13793,#13794,#13795,#13796,#13797,#13798,#13799,
#13800)),.UNSPECIFIED.,.F.,.F.,.F.,(4,4),(4,1,1,1,1,1,4),(0.37127089064638,
1.),(-3.32869358359718,-3.30479238117059,-3.280891178744,-3.25698997631741,
-3.18528636903763,-3.08968155933127,-2.9940767496249),.UNSPECIFIED.);
#95=B_SPLINE_SURFACE_WITH_KNOTS('',3,3,((#13809,#13810,#13811,#13812,#13813),
(#13814,#13815,#13816,#13817,#13818),(#13819,#13820,#13821,#13822,#13823),
(#13824,#13825,#13826,#13827,#13828)),.UNSPECIFIED.,.F.,.F.,.F.,(4,4),(4,
1,4),(0.62392804432534,1.),(-1.41877902922576,-1.31948924636698,-1.2450219092229),
 .UNSPECIFIED.);
#96=B_SPLINE_SURFACE_WITH_KNOTS('',3,3,((#13842,#13843,#13844,#13845,#13846),
(#13847,#13848,#13849,#13850,#13851),(#13852,#13853,#13854,#13855,#13856),
(#13857,#13858,#13859,#13860,#13861)),.UNSPECIFIED.,.F.,.F.,.F.,(4,4),(4,
1,4),(0.623928044325326,1.),(-0.173704887710872,-0.0744449518760876,1.13214020160848E-15),
 .UNSPECIFIED.);
#97=B_SPLINE_SURFACE_WITH_KNOTS('',3,3,((#13871,#13872,#13873,#13874,#13875,
#13876,#13877,#13878),(#13879,#13880,#13881,#13882,#13883,#13884,#13885,
#13886),(#13887,#13888,#13889,#13890,#13891,#13892,#13893,#13894),(#13895,
#13896,#13897,#13898,#13899,#13900,#13901,#13902)),.UNSPECIFIED.,.F.,.F.,
 .F.,(4,4),(4,1,1,1,1,4),(0.371147851313386,1.),(-3.3288193400655,-3.18541001390018,
-3.08980379645664,-3.06590224209575,-3.04200068773487,-2.9941975790131),
 .UNSPECIFIED.);
#98=CIRCLE('',#7815,2.);
#99=CIRCLE('',#7816,2.);
#100=CIRCLE('',#7819,2.);
#101=CIRCLE('',#7820,2.);
#102=CIRCLE('',#7823,2.);
#103=CIRCLE('',#7824,2.);
#104=CIRCLE('',#7826,2.);
#105=CIRCLE('',#7829,2.);
#106=CIRCLE('',#7830,2.);
#107=CIRCLE('',#7832,2.);
#108=CIRCLE('',#7835,2.);
#109=CIRCLE('',#7838,2.);
#110=CIRCLE('',#7846,1.25);
#111=CIRCLE('',#7852,0.2);
#112=CIRCLE('',#7854,3.19999999999999);
#113=CIRCLE('',#7855,2.99999999999999);
#114=CIRCLE('',#7857,0.200000000000001);
#115=CIRCLE('',#7859,0.199999999999999);
#116=CIRCLE('',#7860,0.199999999999999);
#117=CIRCLE('',#7861,0.2);
#118=CIRCLE('',#7862,0.2);
#119=CIRCLE('',#7864,3.);
#120=CIRCLE('',#7865,7.);
#121=CIRCLE('',#7866,3.);
#122=CIRCLE('',#7867,10.);
#123=CIRCLE('',#7868,3.);
#124=CIRCLE('',#7869,3.);
#125=CIRCLE('',#7873,2.99999999999999);
#126=CIRCLE('',#7874,0.2);
#127=CIRCLE('',#7875,0.2);
#128=CIRCLE('',#7876,0.200000000000002);
#129=CIRCLE('',#7877,0.2);
#130=CIRCLE('',#7878,0.199999999999999);
#131=CIRCLE('',#7882,3.);
#132=CIRCLE('',#7883,3.);
#133=CIRCLE('',#7884,0.200000000000001);
#134=CIRCLE('',#7885,3.2);
#135=CIRCLE('',#7887,10.);
#136=CIRCLE('',#7888,3.);
#137=CIRCLE('',#7889,7.);
#138=CIRCLE('',#7890,3.);
#139=CIRCLE('',#7892,10.);
#140=CIRCLE('',#7896,3.19999999999999);
#141=CIRCLE('',#7897,3.2);
#142=CIRCLE('',#7899,3.);
#143=CIRCLE('',#7900,0.200000000000003);
#144=CIRCLE('',#7902,0.199999999999995);
#145=CIRCLE('',#7903,0.199999999999997);
#146=CIRCLE('',#7904,0.200000000000015);
#147=CIRCLE('',#7905,0.200000000000001);
#148=CIRCLE('',#7906,0.199999999999994);
#149=CIRCLE('',#7908,3.);
#150=CIRCLE('',#7909,3.);
#151=CIRCLE('',#7912,3.00000000000001);
#152=CIRCLE('',#7916,3.);
#153=CIRCLE('',#7917,0.199999999999995);
#154=CIRCLE('',#7918,0.200000000000001);
#155=CIRCLE('',#7919,0.200000000000006);
#156=CIRCLE('',#7920,0.199999999999999);
#157=CIRCLE('',#7921,0.200000000000002);
#158=CIRCLE('',#7925,2.99999999999999);
#159=CIRCLE('',#7926,0.200000000000008);
#160=CIRCLE('',#7929,3.00000000000001);
#161=CIRCLE('',#7931,2.99999999999999);
#162=CIRCLE('',#7937,3.);
#163=CIRCLE('',#7939,3.);
#164=CIRCLE('',#7940,3.00000000000001);
#165=CIRCLE('',#7941,3.00000000000001);
#166=CIRCLE('',#7943,10.);
#167=CIRCLE('',#7944,3.);
#168=CIRCLE('',#7945,7.);
#169=CIRCLE('',#7946,3.00000000000001);
#170=CIRCLE('',#7947,3.);
#171=CIRCLE('',#7949,1.74999999999999);
#172=CIRCLE('',#7952,1.75);
#173=CIRCLE('',#7954,1.74999999999999);
#174=CIRCLE('',#7956,1.75);
#175=CIRCLE('',#7959,3.);
#176=CIRCLE('',#7961,10.);
#177=CIRCLE('',#7962,10.);
#178=CIRCLE('',#7964,3.);
#179=CIRCLE('',#7967,10.);
#180=CIRCLE('',#7968,10.);
#181=CIRCLE('',#7969,7.);
#182=CIRCLE('',#7971,3.);
#183=CIRCLE('',#7974,3.);
#184=CIRCLE('',#7975,3.);
#185=CIRCLE('',#7978,2.49999999999998);
#186=CIRCLE('',#7979,2.5);
#187=CIRCLE('',#7980,1.75);
#188=CIRCLE('',#7981,1.75);
#189=CIRCLE('',#7984,5.);
#190=CIRCLE('',#7985,5.);
#191=CIRCLE('',#7987,9.5);
#192=CIRCLE('',#7989,7.);
#193=CIRCLE('',#7994,5.);
#194=CIRCLE('',#7995,5.);
#195=CIRCLE('',#7997,7.);
#196=CIRCLE('',#7999,9.5);
#197=CIRCLE('',#8003,7.);
#198=CIRCLE('',#8004,7.);
#199=CIRCLE('',#8015,1.5);
#200=CIRCLE('',#8017,1.5);
#201=CIRCLE('',#8020,0.5);
#202=CIRCLE('',#8021,0.5);
#203=CIRCLE('',#8023,0.5);
#204=CIRCLE('',#8024,0.5);
#205=CIRCLE('',#8026,1.25);
#206=CIRCLE('',#8028,1.25);
#207=CIRCLE('',#8031,1.25);
#208=CIRCLE('',#8034,0.3);
#209=CIRCLE('',#8040,0.3);
#210=CIRCLE('',#8046,1.5);
#211=CIRCLE('',#8049,1.5);
#212=CIRCLE('',#8051,9.);
#213=CIRCLE('',#8059,2.);
#214=CIRCLE('',#8061,2.);
#215=CIRCLE('',#8064,2.);
#216=CIRCLE('',#8071,2.);
#217=CIRCLE('',#8073,2.);
#218=CIRCLE('',#8076,2.);
#219=CIRCLE('',#8079,2.);
#220=CIRCLE('',#8081,2.);
#221=CIRCLE('',#8113,2.99999999999999);
#222=CIRCLE('',#8114,3.);
#223=CIRCLE('',#8115,4.);
#224=CIRCLE('',#8116,3.99999999999999);
#225=CIRCLE('',#8120,4.49999999999999);
#226=CIRCLE('',#8122,2.49999999999998);
#227=CIRCLE('',#8130,4.5);
#228=CIRCLE('',#8132,2.5);
#229=CIRCLE('',#8140,5.);
#230=CIRCLE('',#8141,5.);
#231=CIRCLE('',#8149,3.99999999999999);
#232=CIRCLE('',#8150,4.49999999999999);
#233=CIRCLE('',#8152,2.99999999999999);
#234=CIRCLE('',#8158,4.5);
#235=CIRCLE('',#8159,4.);
#236=CIRCLE('',#8161,3.);
#237=CIRCLE('',#8169,5.);
#238=CIRCLE('',#8170,5.);
#239=CIRCLE('',#8175,10.);
#240=CIRCLE('',#8176,11.5);
#241=CIRCLE('',#8178,11.5);
#242=CIRCLE('',#8179,10.);
#243=CIRCLE('',#8184,10.);
#244=CIRCLE('',#8185,11.5);
#245=CIRCLE('',#8187,11.5);
#246=CIRCLE('',#8188,10.);
#247=CIRCLE('',#8196,10.);
#248=CIRCLE('',#8201,10.);
#249=CIRCLE('',#8209,10.);
#250=CIRCLE('',#8210,11.5000000000001);
#251=CIRCLE('',#8212,11.5000000000001);
#252=CIRCLE('',#8213,10.);
#253=CIRCLE('',#8217,10.);
#254=CIRCLE('',#8218,11.5000000000001);
#255=CIRCLE('',#8220,11.5000000000001);
#256=CIRCLE('',#8221,10.);
#257=CIRCLE('',#8229,10.);
#258=CIRCLE('',#8234,10.);
#259=CIRCLE('',#8239,1.74999999999999);
#260=CIRCLE('',#8240,1.74999999999999);
#261=CIRCLE('',#8246,7.);
#262=CIRCLE('',#8252,7.);
#263=CIRCLE('',#8253,7.);
#264=CIRCLE('',#8254,7.);
#265=CIRCLE('',#8256,7.);
#266=CIRCLE('',#8260,7.);
#267=CYLINDRICAL_SURFACE('',#7814,2.);
#268=CYLINDRICAL_SURFACE('',#7818,2.);
#269=CYLINDRICAL_SURFACE('',#7822,2.);
#270=CYLINDRICAL_SURFACE('',#7828,2.);
#271=CYLINDRICAL_SURFACE('',#7834,2.);
#272=CYLINDRICAL_SURFACE('',#7837,2.);
#273=CYLINDRICAL_SURFACE('',#7870,3.);
#274=CYLINDRICAL_SURFACE('',#7872,2.99999999999999);
#275=CYLINDRICAL_SURFACE('',#7891,10.);
#276=CYLINDRICAL_SURFACE('',#7898,3.);
#277=CYLINDRICAL_SURFACE('',#7910,3.);
#278=CYLINDRICAL_SURFACE('',#7913,3.);
#279=CYLINDRICAL_SURFACE('',#7915,3.);
#280=CYLINDRICAL_SURFACE('',#7928,3.);
#281=CYLINDRICAL_SURFACE('',#7930,2.99999999999999);
#282=CYLINDRICAL_SURFACE('',#7936,3.);
#283=CYLINDRICAL_SURFACE('',#7950,10.);
#284=CYLINDRICAL_SURFACE('',#7957,3.);
#285=CYLINDRICAL_SURFACE('',#7958,3.);
#286=CYLINDRICAL_SURFACE('',#7963,3.);
#287=CYLINDRICAL_SURFACE('',#7970,3.);
#288=CYLINDRICAL_SURFACE('',#7973,3.);
#289=CYLINDRICAL_SURFACE('',#7983,5.);
#290=CYLINDRICAL_SURFACE('',#7993,5.);
#291=CYLINDRICAL_SURFACE('',#8000,9.5);
#292=CYLINDRICAL_SURFACE('',#8002,7.);
#293=CYLINDRICAL_SURFACE('',#8019,0.5);
#294=CYLINDRICAL_SURFACE('',#8022,0.5);
#295=CYLINDRICAL_SURFACE('',#8025,1.25);
#296=CYLINDRICAL_SURFACE('',#8029,1.25);
#297=CYLINDRICAL_SURFACE('',#8032,0.3);
#298=CYLINDRICAL_SURFACE('',#8038,0.3);
#299=CYLINDRICAL_SURFACE('',#8045,1.5);
#300=CYLINDRICAL_SURFACE('',#8048,1.5);
#301=CYLINDRICAL_SURFACE('',#8050,9.);
#302=CYLINDRICAL_SURFACE('',#8070,2.);
#303=CYLINDRICAL_SURFACE('',#8072,2.);
#304=CYLINDRICAL_SURFACE('',#8075,2.);
#305=CYLINDRICAL_SURFACE('',#8080,2.);
#306=CYLINDRICAL_SURFACE('',#8180,11.5);
#307=CYLINDRICAL_SURFACE('',#8189,11.5);
#308=CYLINDRICAL_SURFACE('',#8195,10.);
#309=CYLINDRICAL_SURFACE('',#8197,10.);
#310=CYLINDRICAL_SURFACE('',#8200,10.);
#311=CYLINDRICAL_SURFACE('',#8202,10.);
#312=CYLINDRICAL_SURFACE('',#8214,11.5000000000001);
#313=CYLINDRICAL_SURFACE('',#8222,11.5000000000001);
#314=CYLINDRICAL_SURFACE('',#8228,10.);
#315=CYLINDRICAL_SURFACE('',#8230,10.);
#316=CYLINDRICAL_SURFACE('',#8233,10.);
#317=CYLINDRICAL_SURFACE('',#8235,10.);
#318=CYLINDRICAL_SURFACE('',#8242,5.);
#319=CYLINDRICAL_SURFACE('',#8244,1.75);
#320=CYLINDRICAL_SURFACE('',#8247,1.74999999999999);
#321=CYLINDRICAL_SURFACE('',#8249,5.);
#322=CYLINDRICAL_SURFACE('',#8251,7.);
#323=CYLINDRICAL_SURFACE('',#8258,1.75);
#324=CYLINDRICAL_SURFACE('',#8261,5.);
#325=CYLINDRICAL_SURFACE('',#8262,7.);
#326=CYLINDRICAL_SURFACE('',#8264,5.);
#327=CYLINDRICAL_SURFACE('',#8266,1.74999999999999);
#328=FACE_BOUND('',#1005,.T.);
#329=FACE_BOUND('',#1016,.T.);
#330=FACE_BOUND('',#1018,.T.);
#331=FACE_BOUND('',#1031,.T.);
#332=FACE_BOUND('',#1033,.T.);
#333=FACE_BOUND('',#1056,.T.);
#334=FACE_BOUND('',#1116,.T.);
#335=FACE_BOUND('',#1148,.T.);
#336=FACE_BOUND('',#1149,.T.);
#337=FACE_BOUND('',#1150,.T.);
#338=FACE_BOUND('',#1151,.T.);
#339=FACE_BOUND('',#1152,.T.);
#340=FACE_BOUND('',#1153,.T.);
#341=FACE_BOUND('',#1154,.T.);
#342=FACE_BOUND('',#1155,.T.);
#343=FACE_BOUND('',#1156,.T.);
#344=FACE_BOUND('',#1157,.T.);
#345=FACE_BOUND('',#1158,.T.);
#346=FACE_BOUND('',#1210,.T.);
#347=FACE_BOUND('',#1211,.T.);
#348=FACE_BOUND('',#1217,.T.);
#349=FACE_BOUND('',#1218,.T.);
#350=FACE_BOUND('',#1232,.T.);
#351=FACE_BOUND('',#1395,.T.);
#352=FACE_BOUND('',#1396,.T.);
#353=FACE_BOUND('',#1406,.T.);
#354=FACE_BOUND('',#1407,.T.);
#355=SHAPE_REPRESENTATION_RELATIONSHIP('SRR','None',#15092,#358);
#356=SHAPE_REPRESENTATION_RELATIONSHIP('SRR','None',#15093,#359);
#357=SHAPE_REPRESENTATION_RELATIONSHIP('SRR','None',#15091,#360);
#358=ADVANCED_BREP_SHAPE_REPRESENTATION('',(#371,#372,#373,#374,#375,#376),
#15076);
#359=ADVANCED_BREP_SHAPE_REPRESENTATION('',(#377,#378,#379),#15077);
#360=ADVANCED_BREP_SHAPE_REPRESENTATION('',(#380),#15075);
#361=STYLED_ITEM('',(#15110),#371);
#362=STYLED_ITEM('',(#15110),#372);
#363=STYLED_ITEM('',(#15110),#373);
#364=STYLED_ITEM('',(#15110),#374);
#365=STYLED_ITEM('',(#15110),#375);
#366=STYLED_ITEM('',(#15110),#376);
#367=STYLED_ITEM('',(#15110),#377);
#368=STYLED_ITEM('',(#15110),#378);
#369=STYLED_ITEM('',(#15110),#379);
#370=STYLED_ITEM('',(#15110),#380);
#371=MANIFOLD_SOLID_BREP('Body1',#7701);
#372=MANIFOLD_SOLID_BREP('Body2',#7702);
#373=MANIFOLD_SOLID_BREP('Body3',#7703);
#374=MANIFOLD_SOLID_BREP('Body4',#7704);
#375=MANIFOLD_SOLID_BREP('Body5',#7705);
#376=MANIFOLD_SOLID_BREP('Body6',#7706);
#377=MANIFOLD_SOLID_BREP('Body1',#7707);
#378=MANIFOLD_SOLID_BREP('Body2',#7708);
#379=MANIFOLD_SOLID_BREP('Body3',#7709);
#380=MANIFOLD_SOLID_BREP('Body1',#7710);
#381=(
BOUNDED_CURVE()
B_SPLINE_CURVE(3,(#10108,#10109,#10110,#10111),.UNSPECIFIED.,.F.,.F.)
B_SPLINE_CURVE_WITH_KNOTS((4,4),(-1.,0.),.UNSPECIFIED.)
CURVE()
GEOMETRIC_REPRESENTATION_ITEM()
RATIONAL_B_SPLINE_CURVE((1.,1.,1.,1.))
REPRESENTATION_ITEM('')
);
#382=(
BOUNDED_CURVE()
B_SPLINE_CURVE(3,(#10127,#10128,#10129,#10130),.UNSPECIFIED.,.F.,.F.)
B_SPLINE_CURVE_WITH_KNOTS((4,4),(-1.,0.),.UNSPECIFIED.)
CURVE()
GEOMETRIC_REPRESENTATION_ITEM()
RATIONAL_B_SPLINE_CURVE((1.,1.,1.,1.))
REPRESENTATION_ITEM('')
);
#383=(
BOUNDED_CURVE()
B_SPLINE_CURVE(3,(#10140,#10141,#10142,#10143),.UNSPECIFIED.,.F.,.F.)
B_SPLINE_CURVE_WITH_KNOTS((4,4),(-1.,0.),.UNSPECIFIED.)
CURVE()
GEOMETRIC_REPRESENTATION_ITEM()
RATIONAL_B_SPLINE_CURVE((1.,1.,1.,1.))
REPRESENTATION_ITEM('')
);
#384=(
BOUNDED_CURVE()
B_SPLINE_CURVE(3,(#10157,#10158,#10159,#10160),.UNSPECIFIED.,.F.,.F.)
B_SPLINE_CURVE_WITH_KNOTS((4,4),(-1.,0.),.UNSPECIFIED.)
CURVE()
GEOMETRIC_REPRESENTATION_ITEM()
RATIONAL_B_SPLINE_CURVE((1.,1.,1.,1.))
REPRESENTATION_ITEM('')
);
#385=(
BOUNDED_CURVE()
B_SPLINE_CURVE(3,(#10205,#10206,#10207,#10208),.UNSPECIFIED.,.F.,.F.)
B_SPLINE_CURVE_WITH_KNOTS((4,4),(-1.,0.),.UNSPECIFIED.)
CURVE()
GEOMETRIC_REPRESENTATION_ITEM()
RATIONAL_B_SPLINE_CURVE((1.,1.,1.,1.))
REPRESENTATION_ITEM('')
);
#386=(
BOUNDED_CURVE()
B_SPLINE_CURVE(3,(#10212,#10213,#10214,#10215),.UNSPECIFIED.,.F.,.F.)
B_SPLINE_CURVE_WITH_KNOTS((4,4),(-1.,0.),.UNSPECIFIED.)
CURVE()
GEOMETRIC_REPRESENTATION_ITEM()
RATIONAL_B_SPLINE_CURVE((1.,1.,1.,1.))
REPRESENTATION_ITEM('')
);
#387=(
BOUNDED_CURVE()
B_SPLINE_CURVE(3,(#10217,#10218,#10219,#10220),.UNSPECIFIED.,.F.,.F.)
B_SPLINE_CURVE_WITH_KNOTS((4,4),(-1.,0.),.UNSPECIFIED.)
CURVE()
GEOMETRIC_REPRESENTATION_ITEM()
RATIONAL_B_SPLINE_CURVE((1.,1.,1.,1.))
REPRESENTATION_ITEM('')
);
#388=(
BOUNDED_CURVE()
B_SPLINE_CURVE(3,(#10223,#10224,#10225,#10226),.UNSPECIFIED.,.F.,.F.)
B_SPLINE_CURVE_WITH_KNOTS((4,4),(-1.,0.),.UNSPECIFIED.)
CURVE()
GEOMETRIC_REPRESENTATION_ITEM()
RATIONAL_B_SPLINE_CURVE((1.,1.,1.,1.))
REPRESENTATION_ITEM('')
);
#389=(
BOUNDED_CURVE()
B_SPLINE_CURVE(3,(#10323,#10324,#10325,#10326),.UNSPECIFIED.,.F.,.F.)
B_SPLINE_CURVE_WITH_KNOTS((4,4),(0.,1.),.UNSPECIFIED.)
CURVE()
GEOMETRIC_REPRESENTATION_ITEM()
RATIONAL_B_SPLINE_CURVE((1.,1.,1.,1.))
REPRESENTATION_ITEM('')
);
#390=(
BOUNDED_CURVE()
B_SPLINE_CURVE(3,(#10334,#10335,#10336,#10337),.UNSPECIFIED.,.F.,.F.)
B_SPLINE_CURVE_WITH_KNOTS((4,4),(0.,1.),.UNSPECIFIED.)
CURVE()
GEOMETRIC_REPRESENTATION_ITEM()
RATIONAL_B_SPLINE_CURVE((1.,1.,1.,1.))
REPRESENTATION_ITEM('')
);
#391=(
BOUNDED_CURVE()
B_SPLINE_CURVE(3,(#10343,#10344,#10345,#10346),.UNSPECIFIED.,.F.,.F.)
B_SPLINE_CURVE_WITH_KNOTS((4,4),(0.,1.),.UNSPECIFIED.)
CURVE()
GEOMETRIC_REPRESENTATION_ITEM()
RATIONAL_B_SPLINE_CURVE((1.,1.,1.,1.))
REPRESENTATION_ITEM('')
);
#392=(
BOUNDED_CURVE()
B_SPLINE_CURVE(3,(#10348,#10349,#10350,#10351),.UNSPECIFIED.,.F.,.F.)
B_SPLINE_CURVE_WITH_KNOTS((4,4),(0.,1.),.UNSPECIFIED.)
CURVE()
GEOMETRIC_REPRESENTATION_ITEM()
RATIONAL_B_SPLINE_CURVE((1.,1.,1.,1.))
REPRESENTATION_ITEM('')
);
#393=(
BOUNDED_CURVE()
B_SPLINE_CURVE(3,(#10489,#10490,#10491,#10492),.UNSPECIFIED.,.F.,.F.)
B_SPLINE_CURVE_WITH_KNOTS((4,4),(0.,1.),.UNSPECIFIED.)
CURVE()
GEOMETRIC_REPRESENTATION_ITEM()
RATIONAL_B_SPLINE_CURVE((1.,1.,1.,1.))
REPRESENTATION_ITEM('')
);
#394=(
BOUNDED_CURVE()
B_SPLINE_CURVE(3,(#10504,#10505,#10506,#10507),.UNSPECIFIED.,.F.,.F.)
B_SPLINE_CURVE_WITH_KNOTS((4,4),(0.,1.),.UNSPECIFIED.)
CURVE()
GEOMETRIC_REPRESENTATION_ITEM()
RATIONAL_B_SPLINE_CURVE((1.,1.,1.,1.))
REPRESENTATION_ITEM('')
);
#395=(
BOUNDED_CURVE()
B_SPLINE_CURVE(3,(#10519,#10520,#10521,#10522),.UNSPECIFIED.,.F.,.F.)
B_SPLINE_CURVE_WITH_KNOTS((4,4),(0.,1.),.UNSPECIFIED.)
CURVE()
GEOMETRIC_REPRESENTATION_ITEM()
RATIONAL_B_SPLINE_CURVE((1.,1.,1.,1.))
REPRESENTATION_ITEM('')
);
#396=(
BOUNDED_CURVE()
B_SPLINE_CURVE(3,(#10534,#10535,#10536,#10537),.UNSPECIFIED.,.F.,.F.)
B_SPLINE_CURVE_WITH_KNOTS((4,4),(0.,1.),.UNSPECIFIED.)
CURVE()
GEOMETRIC_REPRESENTATION_ITEM()
RATIONAL_B_SPLINE_CURVE((1.,1.,1.,1.))
REPRESENTATION_ITEM('')
);
#397=(
BOUNDED_CURVE()
B_SPLINE_CURVE(3,(#10548,#10549,#10550,#10551),.UNSPECIFIED.,.F.,.F.)
B_SPLINE_CURVE_WITH_KNOTS((4,4),(0.,1.),.UNSPECIFIED.)
CURVE()
GEOMETRIC_REPRESENTATION_ITEM()
RATIONAL_B_SPLINE_CURVE((1.,1.,1.,1.))
REPRESENTATION_ITEM('')
);
#398=(
BOUNDED_CURVE()
B_SPLINE_CURVE(3,(#10561,#10562,#10563,#10564),.UNSPECIFIED.,.F.,.F.)
B_SPLINE_CURVE_WITH_KNOTS((4,4),(0.,1.),.UNSPECIFIED.)
CURVE()
GEOMETRIC_REPRESENTATION_ITEM()
RATIONAL_B_SPLINE_CURVE((1.,1.,1.,1.))
REPRESENTATION_ITEM('')
);
#399=(
BOUNDED_CURVE()
B_SPLINE_CURVE(3,(#10574,#10575,#10576,#10577),.UNSPECIFIED.,.F.,.F.)
B_SPLINE_CURVE_WITH_KNOTS((4,4),(0.,1.),.UNSPECIFIED.)
CURVE()
GEOMETRIC_REPRESENTATION_ITEM()
RATIONAL_B_SPLINE_CURVE((1.,1.,1.,1.))
REPRESENTATION_ITEM('')
);
#400=(
BOUNDED_CURVE()
B_SPLINE_CURVE(3,(#10590,#10591,#10592,#10593),.UNSPECIFIED.,.F.,.F.)
B_SPLINE_CURVE_WITH_KNOTS((4,4),(0.,1.),.UNSPECIFIED.)
CURVE()
GEOMETRIC_REPRESENTATION_ITEM()
RATIONAL_B_SPLINE_CURVE((1.,1.,1.,1.))
REPRESENTATION_ITEM('')
);
#401=(
BOUNDED_CURVE()
B_SPLINE_CURVE(3,(#10604,#10605,#10606,#10607),.UNSPECIFIED.,.F.,.F.)
B_SPLINE_CURVE_WITH_KNOTS((4,4),(0.,1.),.UNSPECIFIED.)
CURVE()
GEOMETRIC_REPRESENTATION_ITEM()
RATIONAL_B_SPLINE_CURVE((1.,1.,1.,1.))
REPRESENTATION_ITEM('')
);
#402=(
BOUNDED_CURVE()
B_SPLINE_CURVE(3,(#10609,#10610,#10611,#10612),.UNSPECIFIED.,.F.,.F.)
B_SPLINE_CURVE_WITH_KNOTS((4,4),(0.,1.),.UNSPECIFIED.)
CURVE()
GEOMETRIC_REPRESENTATION_ITEM()
RATIONAL_B_SPLINE_CURVE((1.,1.,1.,1.))
REPRESENTATION_ITEM('')
);
#403=(
BOUNDED_CURVE()
B_SPLINE_CURVE(3,(#10614,#10615,#10616,#10617),.UNSPECIFIED.,.F.,.F.)
B_SPLINE_CURVE_WITH_KNOTS((4,4),(0.,1.),.UNSPECIFIED.)
CURVE()
GEOMETRIC_REPRESENTATION_ITEM()
RATIONAL_B_SPLINE_CURVE((1.,1.,1.,1.))
REPRESENTATION_ITEM('')
);
#404=(
BOUNDED_CURVE()
B_SPLINE_CURVE(3,(#10618,#10619,#10620,#10621),.UNSPECIFIED.,.F.,.F.)
B_SPLINE_CURVE_WITH_KNOTS((4,4),(0.,1.),.UNSPECIFIED.)
CURVE()
GEOMETRIC_REPRESENTATION_ITEM()
RATIONAL_B_SPLINE_CURVE((1.,1.,1.,1.))
REPRESENTATION_ITEM('')
);
#405=(
BOUNDED_CURVE()
B_SPLINE_CURVE(3,(#10624,#10625,#10626,#10627),.UNSPECIFIED.,.F.,.F.)
B_SPLINE_CURVE_WITH_KNOTS((4,4),(0.,1.),.UNSPECIFIED.)
CURVE()
GEOMETRIC_REPRESENTATION_ITEM()
RATIONAL_B_SPLINE_CURVE((1.,1.,1.,1.))
REPRESENTATION_ITEM('')
);
#406=(
BOUNDED_CURVE()
B_SPLINE_CURVE(3,(#10629,#10630,#10631,#10632),.UNSPECIFIED.,.F.,.F.)
B_SPLINE_CURVE_WITH_KNOTS((4,4),(0.,1.),.UNSPECIFIED.)
CURVE()
GEOMETRIC_REPRESENTATION_ITEM()
RATIONAL_B_SPLINE_CURVE((1.,1.,1.,1.))
REPRESENTATION_ITEM('')
);
#407=(
BOUNDED_CURVE()
B_SPLINE_CURVE(3,(#10634,#10635,#10636,#10637),.UNSPECIFIED.,.F.,.F.)
B_SPLINE_CURVE_WITH_KNOTS((4,4),(0.,1.),.UNSPECIFIED.)
CURVE()
GEOMETRIC_REPRESENTATION_ITEM()
RATIONAL_B_SPLINE_CURVE((1.,1.,1.,1.))
REPRESENTATION_ITEM('')
);
#408=(
BOUNDED_CURVE()
B_SPLINE_CURVE(3,(#10638,#10639,#10640,#10641),.UNSPECIFIED.,.F.,.F.)
B_SPLINE_CURVE_WITH_KNOTS((4,4),(0.,1.),.UNSPECIFIED.)
CURVE()
GEOMETRIC_REPRESENTATION_ITEM()
RATIONAL_B_SPLINE_CURVE((1.,1.,1.,1.))
REPRESENTATION_ITEM('')
);
#409=(
BOUNDED_CURVE()
B_SPLINE_CURVE(3,(#10772,#10773,#10774,#10775),.UNSPECIFIED.,.F.,.F.)
B_SPLINE_CURVE_WITH_KNOTS((4,4),(0.,1.),.UNSPECIFIED.)
CURVE()
GEOMETRIC_REPRESENTATION_ITEM()
RATIONAL_B_SPLINE_CURVE((1.,1.,1.,1.))
REPRESENTATION_ITEM('')
);
#410=(
BOUNDED_CURVE()
B_SPLINE_CURVE(3,(#10777,#10778,#10779,#10780),.UNSPECIFIED.,.F.,.F.)
B_SPLINE_CURVE_WITH_KNOTS((4,4),(0.,1.),.UNSPECIFIED.)
CURVE()
GEOMETRIC_REPRESENTATION_ITEM()
RATIONAL_B_SPLINE_CURVE((1.,1.,1.,1.))
REPRESENTATION_ITEM('')
);
#411=(
BOUNDED_CURVE()
B_SPLINE_CURVE(3,(#10782,#10783,#10784,#10785),.UNSPECIFIED.,.F.,.F.)
B_SPLINE_CURVE_WITH_KNOTS((4,4),(0.,1.),.UNSPECIFIED.)
CURVE()
GEOMETRIC_REPRESENTATION_ITEM()
RATIONAL_B_SPLINE_CURVE((1.,1.,1.,1.))
REPRESENTATION_ITEM('')
);
#412=(
BOUNDED_CURVE()
B_SPLINE_CURVE(3,(#10787,#10788,#10789,#10790),.UNSPECIFIED.,.F.,.F.)
B_SPLINE_CURVE_WITH_KNOTS((4,4),(0.,1.),.UNSPECIFIED.)
CURVE()
GEOMETRIC_REPRESENTATION_ITEM()
RATIONAL_B_SPLINE_CURVE((1.,1.,1.,1.))
REPRESENTATION_ITEM('')
);
#413=(
BOUNDED_CURVE()
B_SPLINE_CURVE(3,(#10796,#10797,#10798,#10799),.UNSPECIFIED.,.F.,.F.)
B_SPLINE_CURVE_WITH_KNOTS((4,4),(0.,1.),.UNSPECIFIED.)
CURVE()
GEOMETRIC_REPRESENTATION_ITEM()
RATIONAL_B_SPLINE_CURVE((1.,1.,1.,1.))
REPRESENTATION_ITEM('')
);
#414=(
BOUNDED_CURVE()
B_SPLINE_CURVE(3,(#10801,#10802,#10803,#10804),.UNSPECIFIED.,.F.,.F.)
B_SPLINE_CURVE_WITH_KNOTS((4,4),(0.,1.),.UNSPECIFIED.)
CURVE()
GEOMETRIC_REPRESENTATION_ITEM()
RATIONAL_B_SPLINE_CURVE((1.,1.,1.,1.))
REPRESENTATION_ITEM('')
);
#415=(
BOUNDED_CURVE()
B_SPLINE_CURVE(3,(#10806,#10807,#10808,#10809),.UNSPECIFIED.,.F.,.F.)
B_SPLINE_CURVE_WITH_KNOTS((4,4),(0.,1.),.UNSPECIFIED.)
CURVE()
GEOMETRIC_REPRESENTATION_ITEM()
RATIONAL_B_SPLINE_CURVE((1.,1.,1.,1.))
REPRESENTATION_ITEM('')
);
#416=(
BOUNDED_CURVE()
B_SPLINE_CURVE(3,(#10810,#10811,#10812,#10813),.UNSPECIFIED.,.F.,.F.)
B_SPLINE_CURVE_WITH_KNOTS((4,4),(0.,1.),.UNSPECIFIED.)
CURVE()
GEOMETRIC_REPRESENTATION_ITEM()
RATIONAL_B_SPLINE_CURVE((1.,1.,1.,1.))
REPRESENTATION_ITEM('')
);
#417=(
BOUNDED_CURVE()
B_SPLINE_CURVE(3,(#10838,#10839,#10840,#10841),.UNSPECIFIED.,.F.,.F.)
B_SPLINE_CURVE_WITH_KNOTS((4,4),(0.,1.),.UNSPECIFIED.)
CURVE()
GEOMETRIC_REPRESENTATION_ITEM()
RATIONAL_B_SPLINE_CURVE((1.,1.,1.,1.))
REPRESENTATION_ITEM('')
);
#418=(
BOUNDED_CURVE()
B_SPLINE_CURVE(3,(#10853,#10854,#10855,#10856),.UNSPECIFIED.,.F.,.F.)
B_SPLINE_CURVE_WITH_KNOTS((4,4),(0.,1.),.UNSPECIFIED.)
CURVE()
GEOMETRIC_REPRESENTATION_ITEM()
RATIONAL_B_SPLINE_CURVE((1.,1.,1.,1.))
REPRESENTATION_ITEM('')
);
#419=(
BOUNDED_CURVE()
B_SPLINE_CURVE(3,(#10867,#10868,#10869,#10870),.UNSPECIFIED.,.F.,.F.)
B_SPLINE_CURVE_WITH_KNOTS((4,4),(0.,1.),.UNSPECIFIED.)
CURVE()
GEOMETRIC_REPRESENTATION_ITEM()
RATIONAL_B_SPLINE_CURVE((1.,1.,1.,1.))
REPRESENTATION_ITEM('')
);
#420=(
BOUNDED_CURVE()
B_SPLINE_CURVE(3,(#10881,#10882,#10883,#10884),.UNSPECIFIED.,.F.,.F.)
B_SPLINE_CURVE_WITH_KNOTS((4,4),(0.,1.),.UNSPECIFIED.)
CURVE()
GEOMETRIC_REPRESENTATION_ITEM()
RATIONAL_B_SPLINE_CURVE((1.,1.,1.,1.))
REPRESENTATION_ITEM('')
);
#421=(
BOUNDED_CURVE()
B_SPLINE_CURVE(3,(#10895,#10896,#10897,#10898),.UNSPECIFIED.,.F.,.F.)
B_SPLINE_CURVE_WITH_KNOTS((4,4),(0.,1.),.UNSPECIFIED.)
CURVE()
GEOMETRIC_REPRESENTATION_ITEM()
RATIONAL_B_SPLINE_CURVE((1.,1.,1.,1.))
REPRESENTATION_ITEM('')
);
#422=(
BOUNDED_CURVE()
B_SPLINE_CURVE(3,(#10908,#10909,#10910,#10911),.UNSPECIFIED.,.F.,.F.)
B_SPLINE_CURVE_WITH_KNOTS((4,4),(0.,1.),.UNSPECIFIED.)
CURVE()
GEOMETRIC_REPRESENTATION_ITEM()
RATIONAL_B_SPLINE_CURVE((1.,1.,1.,1.))
REPRESENTATION_ITEM('')
);
#423=(
BOUNDED_CURVE()
B_SPLINE_CURVE(3,(#10921,#10922,#10923,#10924),.UNSPECIFIED.,.F.,.F.)
B_SPLINE_CURVE_WITH_KNOTS((4,4),(0.,1.),.UNSPECIFIED.)
CURVE()
GEOMETRIC_REPRESENTATION_ITEM()
RATIONAL_B_SPLINE_CURVE((1.,1.,1.,1.))
REPRESENTATION_ITEM('')
);
#424=(
BOUNDED_CURVE()
B_SPLINE_CURVE(3,(#10934,#10935,#10936,#10937),.UNSPECIFIED.,.F.,.F.)
B_SPLINE_CURVE_WITH_KNOTS((4,4),(0.,1.),.UNSPECIFIED.)
CURVE()
GEOMETRIC_REPRESENTATION_ITEM()
RATIONAL_B_SPLINE_CURVE((1.,1.,1.,1.))
REPRESENTATION_ITEM('')
);
#425=(
BOUNDED_CURVE()
B_SPLINE_CURVE(3,(#10949,#10950,#10951,#10952),.UNSPECIFIED.,.F.,.F.)
B_SPLINE_CURVE_WITH_KNOTS((4,4),(0.,1.),.UNSPECIFIED.)
CURVE()
GEOMETRIC_REPRESENTATION_ITEM()
RATIONAL_B_SPLINE_CURVE((1.,1.,1.,1.))
REPRESENTATION_ITEM('')
);
#426=(
BOUNDED_CURVE()
B_SPLINE_CURVE(3,(#10956,#10957,#10958,#10959),.UNSPECIFIED.,.F.,.F.)
B_SPLINE_CURVE_WITH_KNOTS((4,4),(0.,1.),.UNSPECIFIED.)
CURVE()
GEOMETRIC_REPRESENTATION_ITEM()
RATIONAL_B_SPLINE_CURVE((1.,1.,1.,1.))
REPRESENTATION_ITEM('')
);
#427=(
BOUNDED_CURVE()
B_SPLINE_CURVE(3,(#10970,#10971,#10972,#10973),.UNSPECIFIED.,.F.,.F.)
B_SPLINE_CURVE_WITH_KNOTS((4,4),(0.,1.),.UNSPECIFIED.)
CURVE()
GEOMETRIC_REPRESENTATION_ITEM()
RATIONAL_B_SPLINE_CURVE((1.,1.,1.,1.))
REPRESENTATION_ITEM('')
);
#428=(
BOUNDED_CURVE()
B_SPLINE_CURVE(3,(#10975,#10976,#10977,#10978),.UNSPECIFIED.,.F.,.F.)
B_SPLINE_CURVE_WITH_KNOTS((4,4),(0.,1.),.UNSPECIFIED.)
CURVE()
GEOMETRIC_REPRESENTATION_ITEM()
RATIONAL_B_SPLINE_CURVE((1.,1.,1.,1.))
REPRESENTATION_ITEM('')
);
#429=(
BOUNDED_CURVE()
B_SPLINE_CURVE(3,(#10990,#10991,#10992,#10993),.UNSPECIFIED.,.F.,.F.)
B_SPLINE_CURVE_WITH_KNOTS((4,4),(0.,1.),.UNSPECIFIED.)
CURVE()
GEOMETRIC_REPRESENTATION_ITEM()
RATIONAL_B_SPLINE_CURVE((1.,1.,1.,1.))
REPRESENTATION_ITEM('')
);
#430=(
BOUNDED_CURVE()
B_SPLINE_CURVE(3,(#10997,#10998,#10999,#11000),.UNSPECIFIED.,.F.,.F.)
B_SPLINE_CURVE_WITH_KNOTS((4,4),(0.,1.),.UNSPECIFIED.)
CURVE()
GEOMETRIC_REPRESENTATION_ITEM()
RATIONAL_B_SPLINE_CURVE((1.,1.,1.,1.))
REPRESENTATION_ITEM('')
);
#431=(
BOUNDED_CURVE()
B_SPLINE_CURVE(3,(#11011,#11012,#11013,#11014),.UNSPECIFIED.,.F.,.F.)
B_SPLINE_CURVE_WITH_KNOTS((4,4),(0.,1.),.UNSPECIFIED.)
CURVE()
GEOMETRIC_REPRESENTATION_ITEM()
RATIONAL_B_SPLINE_CURVE((1.,1.,1.,1.))
REPRESENTATION_ITEM('')
);
#432=(
BOUNDED_CURVE()
B_SPLINE_CURVE(3,(#11016,#11017,#11018,#11019),.UNSPECIFIED.,.F.,.F.)
B_SPLINE_CURVE_WITH_KNOTS((4,4),(0.,1.),.UNSPECIFIED.)
CURVE()
GEOMETRIC_REPRESENTATION_ITEM()
RATIONAL_B_SPLINE_CURVE((1.,1.,1.,1.))
REPRESENTATION_ITEM('')
);
#433=(
BOUNDED_CURVE()
B_SPLINE_CURVE(3,(#11030,#11031,#11032,#11033),.UNSPECIFIED.,.F.,.F.)
B_SPLINE_CURVE_WITH_KNOTS((4,4),(0.,1.),.UNSPECIFIED.)
CURVE()
GEOMETRIC_REPRESENTATION_ITEM()
RATIONAL_B_SPLINE_CURVE((1.,1.,1.,1.))
REPRESENTATION_ITEM('')
);
#434=(
BOUNDED_CURVE()
B_SPLINE_CURVE(3,(#11035,#11036,#11037,#11038),.UNSPECIFIED.,.F.,.F.)
B_SPLINE_CURVE_WITH_KNOTS((4,4),(0.,1.),.UNSPECIFIED.)
CURVE()
GEOMETRIC_REPRESENTATION_ITEM()
RATIONAL_B_SPLINE_CURVE((1.,1.,1.,1.))
REPRESENTATION_ITEM('')
);
#435=(
BOUNDED_CURVE()
B_SPLINE_CURVE(3,(#11049,#11050,#11051,#11052),.UNSPECIFIED.,.F.,.F.)
B_SPLINE_CURVE_WITH_KNOTS((4,4),(0.,1.),.UNSPECIFIED.)
CURVE()
GEOMETRIC_REPRESENTATION_ITEM()
RATIONAL_B_SPLINE_CURVE((1.,1.,1.,1.))
REPRESENTATION_ITEM('')
);
#436=(
BOUNDED_CURVE()
B_SPLINE_CURVE(3,(#11055,#11056,#11057,#11058),.UNSPECIFIED.,.F.,.F.)
B_SPLINE_CURVE_WITH_KNOTS((4,4),(0.,1.),.UNSPECIFIED.)
CURVE()
GEOMETRIC_REPRESENTATION_ITEM()
RATIONAL_B_SPLINE_CURVE((1.,1.,1.,1.))
REPRESENTATION_ITEM('')
);
#437=(
BOUNDED_CURVE()
B_SPLINE_CURVE(3,(#11067,#11068,#11069,#11070),.UNSPECIFIED.,.F.,.F.)
B_SPLINE_CURVE_WITH_KNOTS((4,4),(0.,1.),.UNSPECIFIED.)
CURVE()
GEOMETRIC_REPRESENTATION_ITEM()
RATIONAL_B_SPLINE_CURVE((1.,1.,1.,1.))
REPRESENTATION_ITEM('')
);
#438=(
BOUNDED_CURVE()
B_SPLINE_CURVE(3,(#11071,#11072,#11073,#11074),.UNSPECIFIED.,.F.,.F.)
B_SPLINE_CURVE_WITH_KNOTS((4,4),(0.,1.),.UNSPECIFIED.)
CURVE()
GEOMETRIC_REPRESENTATION_ITEM()
RATIONAL_B_SPLINE_CURVE((1.,1.,1.,1.))
REPRESENTATION_ITEM('')
);
#439=(
BOUNDED_CURVE()
B_SPLINE_CURVE(3,(#11089,#11090,#11091,#11092),.UNSPECIFIED.,.F.,.F.)
B_SPLINE_CURVE_WITH_KNOTS((4,4),(0.,1.),.UNSPECIFIED.)
CURVE()
GEOMETRIC_REPRESENTATION_ITEM()
RATIONAL_B_SPLINE_CURVE((1.,1.,1.,1.))
REPRESENTATION_ITEM('')
);
#440=(
BOUNDED_CURVE()
B_SPLINE_CURVE(3,(#11093,#11094,#11095,#11096),.UNSPECIFIED.,.F.,.F.)
B_SPLINE_CURVE_WITH_KNOTS((4,4),(0.,1.),.UNSPECIFIED.)
CURVE()
GEOMETRIC_REPRESENTATION_ITEM()
RATIONAL_B_SPLINE_CURVE((1.,1.,1.,1.))
REPRESENTATION_ITEM('')
);
#441=(
BOUNDED_CURVE()
B_SPLINE_CURVE(3,(#11127,#11128,#11129,#11130),.UNSPECIFIED.,.F.,.F.)
B_SPLINE_CURVE_WITH_KNOTS((4,4),(0.,1.),.UNSPECIFIED.)
CURVE()
GEOMETRIC_REPRESENTATION_ITEM()
RATIONAL_B_SPLINE_CURVE((1.,1.,1.,1.))
REPRESENTATION_ITEM('')
);
#442=(
BOUNDED_CURVE()
B_SPLINE_CURVE(3,(#11134,#11135,#11136,#11137),.UNSPECIFIED.,.F.,.F.)
B_SPLINE_CURVE_WITH_KNOTS((4,4),(0.,1.),.UNSPECIFIED.)
CURVE()
GEOMETRIC_REPRESENTATION_ITEM()
RATIONAL_B_SPLINE_CURVE((1.,1.,1.,1.))
REPRESENTATION_ITEM('')
);
#443=(
BOUNDED_CURVE()
B_SPLINE_CURVE(3,(#11139,#11140,#11141,#11142),.UNSPECIFIED.,.F.,.F.)
B_SPLINE_CURVE_WITH_KNOTS((4,4),(0.,1.),.UNSPECIFIED.)
CURVE()
GEOMETRIC_REPRESENTATION_ITEM()
RATIONAL_B_SPLINE_CURVE((1.,1.,1.,1.))
REPRESENTATION_ITEM('')
);
#444=(
BOUNDED_CURVE()
B_SPLINE_CURVE(3,(#11156,#11157,#11158,#11159),.UNSPECIFIED.,.F.,.F.)
B_SPLINE_CURVE_WITH_KNOTS((4,4),(0.,1.),.UNSPECIFIED.)
CURVE()
GEOMETRIC_REPRESENTATION_ITEM()
RATIONAL_B_SPLINE_CURVE((1.,1.,1.,1.))
REPRESENTATION_ITEM('')
);
#445=(
BOUNDED_CURVE()
B_SPLINE_CURVE(3,(#11183,#11184,#11185,#11186),.UNSPECIFIED.,.F.,.F.)
B_SPLINE_CURVE_WITH_KNOTS((4,4),(0.,1.),.UNSPECIFIED.)
CURVE()
GEOMETRIC_REPRESENTATION_ITEM()
RATIONAL_B_SPLINE_CURVE((1.,1.,1.,1.))
REPRESENTATION_ITEM('')
);
#446=(
BOUNDED_CURVE()
B_SPLINE_CURVE(3,(#11196,#11197,#11198,#11199),.UNSPECIFIED.,.F.,.F.)
B_SPLINE_CURVE_WITH_KNOTS((4,4),(0.,1.),.UNSPECIFIED.)
CURVE()
GEOMETRIC_REPRESENTATION_ITEM()
RATIONAL_B_SPLINE_CURVE((1.,1.,1.,1.))
REPRESENTATION_ITEM('')
);
#447=(
BOUNDED_CURVE()
B_SPLINE_CURVE(3,(#11224,#11225,#11226,#11227),.UNSPECIFIED.,.F.,.F.)
B_SPLINE_CURVE_WITH_KNOTS((4,4),(0.,1.),.UNSPECIFIED.)
CURVE()
GEOMETRIC_REPRESENTATION_ITEM()
RATIONAL_B_SPLINE_CURVE((1.,1.,1.,1.))
REPRESENTATION_ITEM('')
);
#448=(
BOUNDED_CURVE()
B_SPLINE_CURVE(3,(#11230,#11231,#11232,#11233),.UNSPECIFIED.,.F.,.F.)
B_SPLINE_CURVE_WITH_KNOTS((4,4),(0.,1.),.UNSPECIFIED.)
CURVE()
GEOMETRIC_REPRESENTATION_ITEM()
RATIONAL_B_SPLINE_CURVE((1.,1.,1.,1.))
REPRESENTATION_ITEM('')
);
#449=(
BOUNDED_CURVE()
B_SPLINE_CURVE(3,(#11241,#11242,#11243,#11244),.UNSPECIFIED.,.F.,.F.)
B_SPLINE_CURVE_WITH_KNOTS((4,4),(-1.,0.),.UNSPECIFIED.)
CURVE()
GEOMETRIC_REPRESENTATION_ITEM()
RATIONAL_B_SPLINE_CURVE((1.,1.,1.,1.))
REPRESENTATION_ITEM('')
);
#450=(
BOUNDED_CURVE()
B_SPLINE_CURVE(3,(#11246,#11247,#11248,#11249),.UNSPECIFIED.,.F.,.F.)
B_SPLINE_CURVE_WITH_KNOTS((4,4),(-1.,0.),.UNSPECIFIED.)
CURVE()
GEOMETRIC_REPRESENTATION_ITEM()
RATIONAL_B_SPLINE_CURVE((1.,1.,1.,1.))
REPRESENTATION_ITEM('')
);
#451=(
BOUNDED_CURVE()
B_SPLINE_CURVE(3,(#11253,#11254,#11255,#11256),.UNSPECIFIED.,.F.,.F.)
B_SPLINE_CURVE_WITH_KNOTS((4,4),(-1.,0.),.UNSPECIFIED.)
CURVE()
GEOMETRIC_REPRESENTATION_ITEM()
RATIONAL_B_SPLINE_CURVE((1.,1.,1.,1.))
REPRESENTATION_ITEM('')
);
#452=(
BOUNDED_CURVE()
B_SPLINE_CURVE(3,(#11258,#11259,#11260,#11261),.UNSPECIFIED.,.F.,.F.)
B_SPLINE_CURVE_WITH_KNOTS((4,4),(-1.,0.),.UNSPECIFIED.)
CURVE()
GEOMETRIC_REPRESENTATION_ITEM()
RATIONAL_B_SPLINE_CURVE((1.,1.,1.,1.))
REPRESENTATION_ITEM('')
);
#453=(
BOUNDED_CURVE()
B_SPLINE_CURVE(3,(#11273,#11274,#11275,#11276),.UNSPECIFIED.,.F.,.F.)
B_SPLINE_CURVE_WITH_KNOTS((4,4),(-1.,0.),.UNSPECIFIED.)
CURVE()
GEOMETRIC_REPRESENTATION_ITEM()
RATIONAL_B_SPLINE_CURVE((1.,1.,1.,1.))
REPRESENTATION_ITEM('')
);
#454=(
BOUNDED_CURVE()
B_SPLINE_CURVE(3,(#11292,#11293,#11294,#11295),.UNSPECIFIED.,.F.,.F.)
B_SPLINE_CURVE_WITH_KNOTS((4,4),(-1.,0.),.UNSPECIFIED.)
CURVE()
GEOMETRIC_REPRESENTATION_ITEM()
RATIONAL_B_SPLINE_CURVE((1.,1.,1.,1.))
REPRESENTATION_ITEM('')
);
#455=(
BOUNDED_CURVE()
B_SPLINE_CURVE(3,(#11306,#11307,#11308,#11309),.UNSPECIFIED.,.F.,.F.)
B_SPLINE_CURVE_WITH_KNOTS((4,4),(-1.,0.),.UNSPECIFIED.)
CURVE()
GEOMETRIC_REPRESENTATION_ITEM()
RATIONAL_B_SPLINE_CURVE((1.,1.,1.,1.))
REPRESENTATION_ITEM('')
);
#456=(
BOUNDED_CURVE()
B_SPLINE_CURVE(3,(#11323,#11324,#11325,#11326),.UNSPECIFIED.,.F.,.F.)
B_SPLINE_CURVE_WITH_KNOTS((4,4),(-1.,0.),.UNSPECIFIED.)
CURVE()
GEOMETRIC_REPRESENTATION_ITEM()
RATIONAL_B_SPLINE_CURVE((1.,1.,1.,1.))
REPRESENTATION_ITEM('')
);
#457=(
BOUNDED_CURVE()
B_SPLINE_CURVE(3,(#11375,#11376,#11377,#11378),.UNSPECIFIED.,.F.,.F.)
B_SPLINE_CURVE_WITH_KNOTS((4,4),(-1.,0.),.UNSPECIFIED.)
CURVE()
GEOMETRIC_REPRESENTATION_ITEM()
RATIONAL_B_SPLINE_CURVE((1.,1.,1.,1.))
REPRESENTATION_ITEM('')
);
#458=(
BOUNDED_CURVE()
B_SPLINE_CURVE(3,(#11382,#11383,#11384,#11385),.UNSPECIFIED.,.F.,.F.)
B_SPLINE_CURVE_WITH_KNOTS((4,4),(-1.,0.),.UNSPECIFIED.)
CURVE()
GEOMETRIC_REPRESENTATION_ITEM()
RATIONAL_B_SPLINE_CURVE((1.,1.,1.,1.))
REPRESENTATION_ITEM('')
);
#459=(
BOUNDED_CURVE()
B_SPLINE_CURVE(3,(#11402,#11403,#11404,#11405),.UNSPECIFIED.,.F.,.F.)
B_SPLINE_CURVE_WITH_KNOTS((4,4),(-1.,0.),.UNSPECIFIED.)
CURVE()
GEOMETRIC_REPRESENTATION_ITEM()
RATIONAL_B_SPLINE_CURVE((1.,1.,1.,1.))
REPRESENTATION_ITEM('')
);
#460=(
BOUNDED_CURVE()
B_SPLINE_CURVE(3,(#11407,#11408,#11409,#11410),.UNSPECIFIED.,.F.,.F.)
B_SPLINE_CURVE_WITH_KNOTS((4,4),(-1.,0.),.UNSPECIFIED.)
CURVE()
GEOMETRIC_REPRESENTATION_ITEM()
RATIONAL_B_SPLINE_CURVE((1.,1.,1.,1.))
REPRESENTATION_ITEM('')
);
#461=(
BOUNDED_CURVE()
B_SPLINE_CURVE(3,(#11421,#11422,#11423,#11424),.UNSPECIFIED.,.F.,.F.)
B_SPLINE_CURVE_WITH_KNOTS((4,4),(-1.,0.),.UNSPECIFIED.)
CURVE()
GEOMETRIC_REPRESENTATION_ITEM()
RATIONAL_B_SPLINE_CURVE((1.,1.,1.,1.))
REPRESENTATION_ITEM('')
);
#462=(
BOUNDED_CURVE()
B_SPLINE_CURVE(3,(#11427,#11428,#11429,#11430),.UNSPECIFIED.,.F.,.F.)
B_SPLINE_CURVE_WITH_KNOTS((4,4),(-1.,0.),.UNSPECIFIED.)
CURVE()
GEOMETRIC_REPRESENTATION_ITEM()
RATIONAL_B_SPLINE_CURVE((1.,1.,1.,1.))
REPRESENTATION_ITEM('')
);
#463=(
BOUNDED_CURVE()
B_SPLINE_CURVE(3,(#11445,#11446,#11447,#11448),.UNSPECIFIED.,.F.,.F.)
B_SPLINE_CURVE_WITH_KNOTS((4,4),(-1.,0.),.UNSPECIFIED.)
CURVE()
GEOMETRIC_REPRESENTATION_ITEM()
RATIONAL_B_SPLINE_CURVE((1.,1.,1.,1.))
REPRESENTATION_ITEM('')
);
#464=(
BOUNDED_CURVE()
B_SPLINE_CURVE(3,(#11449,#11450,#11451,#11452),.UNSPECIFIED.,.F.,.F.)
B_SPLINE_CURVE_WITH_KNOTS((4,4),(-1.,0.),.UNSPECIFIED.)
CURVE()
GEOMETRIC_REPRESENTATION_ITEM()
RATIONAL_B_SPLINE_CURVE((1.,1.,1.,1.))
REPRESENTATION_ITEM('')
);
#465=(
BOUNDED_SURFACE()
B_SPLINE_SURFACE(3,1,((#10097,#10098),(#10099,#10100),(#10101,#10102),(#10103,
#10104)),.UNSPECIFIED.,.F.,.F.,.F.)
B_SPLINE_SURFACE_WITH_KNOTS((4,4),(2,2),(-1.,0.),(0.,0.05),
 .UNSPECIFIED.)
GEOMETRIC_REPRESENTATION_ITEM()
RATIONAL_B_SPLINE_SURFACE(((1.,1.),(1.,1.),(1.,1.),(1.,1.)))
REPRESENTATION_ITEM('')
SURFACE()
);
#466=(
BOUNDED_SURFACE()
B_SPLINE_SURFACE(3,1,((#10117,#10118),(#10119,#10120),(#10121,#10122),(#10123,
#10124)),.UNSPECIFIED.,.F.,.F.,.F.)
B_SPLINE_SURFACE_WITH_KNOTS((4,4),(2,2),(-1.,0.),(0.,0.05),
 .UNSPECIFIED.)
GEOMETRIC_REPRESENTATION_ITEM()
RATIONAL_B_SPLINE_SURFACE(((1.,1.),(1.,1.),(1.,1.),(1.,1.)))
REPRESENTATION_ITEM('')
SURFACE()
);
#467=(
BOUNDED_SURFACE()
B_SPLINE_SURFACE(3,1,((#10131,#10132),(#10133,#10134),(#10135,#10136),(#10137,
#10138)),.UNSPECIFIED.,.F.,.F.,.F.)
B_SPLINE_SURFACE_WITH_KNOTS((4,4),(2,2),(-1.,0.),(0.,0.05),
 .UNSPECIFIED.)
GEOMETRIC_REPRESENTATION_ITEM()
RATIONAL_B_SPLINE_SURFACE(((1.,1.),(1.,1.),(1.,1.),(1.,1.)))
REPRESENTATION_ITEM('')
SURFACE()
);
#468=(
BOUNDED_SURFACE()
B_SPLINE_SURFACE(3,1,((#10149,#10150),(#10151,#10152),(#10153,#10154),(#10155,
#10156)),.UNSPECIFIED.,.F.,.F.,.F.)
B_SPLINE_SURFACE_WITH_KNOTS((4,4),(2,2),(-1.,0.),(0.,0.05),
 .UNSPECIFIED.)
GEOMETRIC_REPRESENTATION_ITEM()
RATIONAL_B_SPLINE_SURFACE(((1.,1.),(1.,1.),(1.,1.),(1.,1.)))
REPRESENTATION_ITEM('')
SURFACE()
);
#469=(
BOUNDED_SURFACE()
B_SPLINE_SURFACE(3,1,((#10227,#10228),(#10229,#10230),(#10231,#10232),(#10233,
#10234)),.UNSPECIFIED.,.F.,.F.,.F.)
B_SPLINE_SURFACE_WITH_KNOTS((4,4),(2,2),(-1.,0.),(0.,0.05),
 .UNSPECIFIED.)
GEOMETRIC_REPRESENTATION_ITEM()
RATIONAL_B_SPLINE_SURFACE(((1.,1.),(1.,1.),(1.,1.),(1.,1.)))
REPRESENTATION_ITEM('')
SURFACE()
);
#470=(
BOUNDED_SURFACE()
B_SPLINE_SURFACE(3,1,((#10247,#10248),(#10249,#10250),(#10251,#10252),(#10253,
#10254)),.UNSPECIFIED.,.F.,.F.,.F.)
B_SPLINE_SURFACE_WITH_KNOTS((4,4),(2,2),(-1.,0.),(0.,0.05),
 .UNSPECIFIED.)
GEOMETRIC_REPRESENTATION_ITEM()
RATIONAL_B_SPLINE_SURFACE(((1.,1.),(1.,1.),(1.,1.),(1.,1.)))
REPRESENTATION_ITEM('')
SURFACE()
);
#471=(
BOUNDED_SURFACE()
B_SPLINE_SURFACE(3,1,((#10261,#10262),(#10263,#10264),(#10265,#10266),(#10267,
#10268)),.UNSPECIFIED.,.F.,.F.,.F.)
B_SPLINE_SURFACE_WITH_KNOTS((4,4),(2,2),(-1.,0.),(0.,0.05),
 .UNSPECIFIED.)
GEOMETRIC_REPRESENTATION_ITEM()
RATIONAL_B_SPLINE_SURFACE(((1.,1.),(1.,1.),(1.,1.),(1.,1.)))
REPRESENTATION_ITEM('')
SURFACE()
);
#472=(
BOUNDED_SURFACE()
B_SPLINE_SURFACE(3,1,((#10279,#10280),(#10281,#10282),(#10283,#10284),(#10285,
#10286)),.UNSPECIFIED.,.F.,.F.,.F.)
B_SPLINE_SURFACE_WITH_KNOTS((4,4),(2,2),(-1.,0.),(0.,0.05),
 .UNSPECIFIED.)
GEOMETRIC_REPRESENTATION_ITEM()
RATIONAL_B_SPLINE_SURFACE(((1.,1.),(1.,1.),(1.,1.),(1.,1.)))
REPRESENTATION_ITEM('')
SURFACE()
);
#473=(
BOUNDED_SURFACE()
B_SPLINE_SURFACE(3,1,((#10314,#10315),(#10316,#10317),(#10318,#10319),(#10320,
#10321)),.UNSPECIFIED.,.F.,.F.,.F.)
B_SPLINE_SURFACE_WITH_KNOTS((4,4),(2,2),(0.,1.),(0.,0.05),.UNSPECIFIED.)
GEOMETRIC_REPRESENTATION_ITEM()
RATIONAL_B_SPLINE_SURFACE(((1.,1.),(1.,1.),(1.,1.),(1.,1.)))
REPRESENTATION_ITEM('')
SURFACE()
);
#474=(
BOUNDED_SURFACE()
B_SPLINE_SURFACE(3,1,((#10353,#10354),(#10355,#10356),(#10357,#10358),(#10359,
#10360)),.UNSPECIFIED.,.F.,.F.,.F.)
B_SPLINE_SURFACE_WITH_KNOTS((4,4),(2,2),(0.,1.),(0.,0.05),.UNSPECIFIED.)
GEOMETRIC_REPRESENTATION_ITEM()
RATIONAL_B_SPLINE_SURFACE(((1.,1.),(1.,1.),(1.,1.),(1.,1.)))
REPRESENTATION_ITEM('')
SURFACE()
);
#475=(
BOUNDED_SURFACE()
B_SPLINE_SURFACE(3,1,((#10381,#10382),(#10383,#10384),(#10385,#10386),(#10387,
#10388)),.UNSPECIFIED.,.F.,.F.,.F.)
B_SPLINE_SURFACE_WITH_KNOTS((4,4),(2,2),(0.,1.),(0.,0.05),.UNSPECIFIED.)
GEOMETRIC_REPRESENTATION_ITEM()
RATIONAL_B_SPLINE_SURFACE(((1.,1.),(1.,1.),(1.,1.),(1.,1.)))
REPRESENTATION_ITEM('')
SURFACE()
);
#476=(
BOUNDED_SURFACE()
B_SPLINE_SURFACE(3,1,((#10395,#10396),(#10397,#10398),(#10399,#10400),(#10401,
#10402)),.UNSPECIFIED.,.F.,.F.,.F.)
B_SPLINE_SURFACE_WITH_KNOTS((4,4),(2,2),(0.,1.),(0.,0.05),.UNSPECIFIED.)
GEOMETRIC_REPRESENTATION_ITEM()
RATIONAL_B_SPLINE_SURFACE(((1.,1.),(1.,1.),(1.,1.),(1.,1.)))
REPRESENTATION_ITEM('')
SURFACE()
);
#477=(
BOUNDED_SURFACE()
B_SPLINE_SURFACE(3,1,((#10478,#10479),(#10480,#10481),(#10482,#10483),(#10484,
#10485)),.UNSPECIFIED.,.F.,.F.,.F.)
B_SPLINE_SURFACE_WITH_KNOTS((4,4),(2,2),(0.,1.),(0.,0.05),.UNSPECIFIED.)
GEOMETRIC_REPRESENTATION_ITEM()
RATIONAL_B_SPLINE_SURFACE(((1.,1.),(1.,1.),(1.,1.),(1.,1.)))
REPRESENTATION_ITEM('')
SURFACE()
);
#478=(
BOUNDED_SURFACE()
B_SPLINE_SURFACE(3,1,((#10494,#10495),(#10496,#10497),(#10498,#10499),(#10500,
#10501)),.UNSPECIFIED.,.F.,.F.,.F.)
B_SPLINE_SURFACE_WITH_KNOTS((4,4),(2,2),(0.,1.),(0.,0.05),.UNSPECIFIED.)
GEOMETRIC_REPRESENTATION_ITEM()
RATIONAL_B_SPLINE_SURFACE(((1.,1.),(1.,1.),(1.,1.),(1.,1.)))
REPRESENTATION_ITEM('')
SURFACE()
);
#479=(
BOUNDED_SURFACE()
B_SPLINE_SURFACE(3,1,((#10508,#10509),(#10510,#10511),(#10512,#10513),(#10514,
#10515)),.UNSPECIFIED.,.F.,.F.,.F.)
B_SPLINE_SURFACE_WITH_KNOTS((4,4),(2,2),(0.,1.),(0.,0.05),.UNSPECIFIED.)
GEOMETRIC_REPRESENTATION_ITEM()
RATIONAL_B_SPLINE_SURFACE(((1.,1.),(1.,1.),(1.,1.),(1.,1.)))
REPRESENTATION_ITEM('')
SURFACE()
);
#480=(
BOUNDED_SURFACE()
B_SPLINE_SURFACE(3,1,((#10524,#10525),(#10526,#10527),(#10528,#10529),(#10530,
#10531)),.UNSPECIFIED.,.F.,.F.,.F.)
B_SPLINE_SURFACE_WITH_KNOTS((4,4),(2,2),(0.,1.),(0.,0.05),.UNSPECIFIED.)
GEOMETRIC_REPRESENTATION_ITEM()
RATIONAL_B_SPLINE_SURFACE(((1.,1.),(1.,1.),(1.,1.),(1.,1.)))
REPRESENTATION_ITEM('')
SURFACE()
);
#481=(
BOUNDED_SURFACE()
B_SPLINE_SURFACE(3,1,((#10538,#10539),(#10540,#10541),(#10542,#10543),(#10544,
#10545)),.UNSPECIFIED.,.F.,.F.,.F.)
B_SPLINE_SURFACE_WITH_KNOTS((4,4),(2,2),(0.,1.),(0.,0.05),.UNSPECIFIED.)
GEOMETRIC_REPRESENTATION_ITEM()
RATIONAL_B_SPLINE_SURFACE(((1.,1.),(1.,1.),(1.,1.),(1.,1.)))
REPRESENTATION_ITEM('')
SURFACE()
);
#482=(
BOUNDED_SURFACE()
B_SPLINE_SURFACE(3,1,((#10552,#10553),(#10554,#10555),(#10556,#10557),(#10558,
#10559)),.UNSPECIFIED.,.F.,.F.,.F.)
B_SPLINE_SURFACE_WITH_KNOTS((4,4),(2,2),(0.,1.),(0.,0.05),.UNSPECIFIED.)
GEOMETRIC_REPRESENTATION_ITEM()
RATIONAL_B_SPLINE_SURFACE(((1.,1.),(1.,1.),(1.,1.),(1.,1.)))
REPRESENTATION_ITEM('')
SURFACE()
);
#483=(
BOUNDED_SURFACE()
B_SPLINE_SURFACE(3,1,((#10566,#10567),(#10568,#10569),(#10570,#10571),(#10572,
#10573)),.UNSPECIFIED.,.F.,.F.,.F.)
B_SPLINE_SURFACE_WITH_KNOTS((4,4),(2,2),(0.,1.),(0.,0.05),.UNSPECIFIED.)
GEOMETRIC_REPRESENTATION_ITEM()
RATIONAL_B_SPLINE_SURFACE(((1.,1.),(1.,1.),(1.,1.),(1.,1.)))
REPRESENTATION_ITEM('')
SURFACE()
);
#484=(
BOUNDED_SURFACE()
B_SPLINE_SURFACE(3,1,((#10582,#10583),(#10584,#10585),(#10586,#10587),(#10588,
#10589)),.UNSPECIFIED.,.F.,.F.,.F.)
B_SPLINE_SURFACE_WITH_KNOTS((4,4),(2,2),(0.,1.),(0.,0.05),.UNSPECIFIED.)
GEOMETRIC_REPRESENTATION_ITEM()
RATIONAL_B_SPLINE_SURFACE(((1.,1.),(1.,1.),(1.,1.),(1.,1.)))
REPRESENTATION_ITEM('')
SURFACE()
);
#485=(
BOUNDED_SURFACE()
B_SPLINE_SURFACE(3,1,((#10656,#10657),(#10658,#10659),(#10660,#10661),(#10662,
#10663)),.UNSPECIFIED.,.F.,.F.,.F.)
B_SPLINE_SURFACE_WITH_KNOTS((4,4),(2,2),(0.,1.),(0.,0.05),.UNSPECIFIED.)
GEOMETRIC_REPRESENTATION_ITEM()
RATIONAL_B_SPLINE_SURFACE(((1.,1.),(1.,1.),(1.,1.),(1.,1.)))
REPRESENTATION_ITEM('')
SURFACE()
);
#486=(
BOUNDED_SURFACE()
B_SPLINE_SURFACE(3,1,((#10672,#10673),(#10674,#10675),(#10676,#10677),(#10678,
#10679)),.UNSPECIFIED.,.F.,.F.,.F.)
B_SPLINE_SURFACE_WITH_KNOTS((4,4),(2,2),(0.,1.),(0.,0.05),.UNSPECIFIED.)
GEOMETRIC_REPRESENTATION_ITEM()
RATIONAL_B_SPLINE_SURFACE(((1.,1.),(1.,1.),(1.,1.),(1.,1.)))
REPRESENTATION_ITEM('')
SURFACE()
);
#487=(
BOUNDED_SURFACE()
B_SPLINE_SURFACE(3,1,((#10686,#10687),(#10688,#10689),(#10690,#10691),(#10692,
#10693)),.UNSPECIFIED.,.F.,.F.,.F.)
B_SPLINE_SURFACE_WITH_KNOTS((4,4),(2,2),(0.,1.),(0.,0.05),.UNSPECIFIED.)
GEOMETRIC_REPRESENTATION_ITEM()
RATIONAL_B_SPLINE_SURFACE(((1.,1.),(1.,1.),(1.,1.),(1.,1.)))
REPRESENTATION_ITEM('')
SURFACE()
);
#488=(
BOUNDED_SURFACE()
B_SPLINE_SURFACE(3,1,((#10700,#10701),(#10702,#10703),(#10704,#10705),(#10706,
#10707)),.UNSPECIFIED.,.F.,.F.,.F.)
B_SPLINE_SURFACE_WITH_KNOTS((4,4),(2,2),(0.,1.),(0.,0.05),.UNSPECIFIED.)
GEOMETRIC_REPRESENTATION_ITEM()
RATIONAL_B_SPLINE_SURFACE(((1.,1.),(1.,1.),(1.,1.),(1.,1.)))
REPRESENTATION_ITEM('')
SURFACE()
);
#489=(
BOUNDED_SURFACE()
B_SPLINE_SURFACE(3,1,((#10714,#10715),(#10716,#10717),(#10718,#10719),(#10720,
#10721)),.UNSPECIFIED.,.F.,.F.,.F.)
B_SPLINE_SURFACE_WITH_KNOTS((4,4),(2,2),(0.,1.),(0.,0.05),.UNSPECIFIED.)
GEOMETRIC_REPRESENTATION_ITEM()
RATIONAL_B_SPLINE_SURFACE(((1.,1.),(1.,1.),(1.,1.),(1.,1.)))
REPRESENTATION_ITEM('')
SURFACE()
);
#490=(
BOUNDED_SURFACE()
B_SPLINE_SURFACE(3,1,((#10728,#10729),(#10730,#10731),(#10732,#10733),(#10734,
#10735)),.UNSPECIFIED.,.F.,.F.,.F.)
B_SPLINE_SURFACE_WITH_KNOTS((4,4),(2,2),(0.,1.),(0.,0.05),.UNSPECIFIED.)
GEOMETRIC_REPRESENTATION_ITEM()
RATIONAL_B_SPLINE_SURFACE(((1.,1.),(1.,1.),(1.,1.),(1.,1.)))
REPRESENTATION_ITEM('')
SURFACE()
);
#491=(
BOUNDED_SURFACE()
B_SPLINE_SURFACE(3,1,((#10740,#10741),(#10742,#10743),(#10744,#10745),(#10746,
#10747)),.UNSPECIFIED.,.F.,.F.,.F.)
B_SPLINE_SURFACE_WITH_KNOTS((4,4),(2,2),(0.,1.),(0.,0.05),.UNSPECIFIED.)
GEOMETRIC_REPRESENTATION_ITEM()
RATIONAL_B_SPLINE_SURFACE(((1.,1.),(1.,1.),(1.,1.),(1.,1.)))
REPRESENTATION_ITEM('')
SURFACE()
);
#492=(
BOUNDED_SURFACE()
B_SPLINE_SURFACE(3,1,((#10754,#10755),(#10756,#10757),(#10758,#10759),(#10760,
#10761)),.UNSPECIFIED.,.F.,.F.,.F.)
B_SPLINE_SURFACE_WITH_KNOTS((4,4),(2,2),(0.,1.),(0.,0.05),.UNSPECIFIED.)
GEOMETRIC_REPRESENTATION_ITEM()
RATIONAL_B_SPLINE_SURFACE(((1.,1.),(1.,1.),(1.,1.),(1.,1.)))
REPRESENTATION_ITEM('')
SURFACE()
);
#493=(
BOUNDED_SURFACE()
B_SPLINE_SURFACE(3,1,((#10828,#10829),(#10830,#10831),(#10832,#10833),(#10834,
#10835)),.UNSPECIFIED.,.F.,.F.,.F.)
B_SPLINE_SURFACE_WITH_KNOTS((4,4),(2,2),(0.,1.),(0.,0.05),.UNSPECIFIED.)
GEOMETRIC_REPRESENTATION_ITEM()
RATIONAL_B_SPLINE_SURFACE(((1.,1.),(1.,1.),(1.,1.),(1.,1.)))
REPRESENTATION_ITEM('')
SURFACE()
);
#494=(
BOUNDED_SURFACE()
B_SPLINE_SURFACE(3,1,((#10844,#10845),(#10846,#10847),(#10848,#10849),(#10850,
#10851)),.UNSPECIFIED.,.F.,.F.,.F.)
B_SPLINE_SURFACE_WITH_KNOTS((4,4),(2,2),(0.,1.),(0.,0.05),.UNSPECIFIED.)
GEOMETRIC_REPRESENTATION_ITEM()
RATIONAL_B_SPLINE_SURFACE(((1.,1.),(1.,1.),(1.,1.),(1.,1.)))
REPRESENTATION_ITEM('')
SURFACE()
);
#495=(
BOUNDED_SURFACE()
B_SPLINE_SURFACE(3,1,((#10858,#10859),(#10860,#10861),(#10862,#10863),(#10864,
#10865)),.UNSPECIFIED.,.F.,.F.,.F.)
B_SPLINE_SURFACE_WITH_KNOTS((4,4),(2,2),(0.,1.),(0.,0.05),.UNSPECIFIED.)
GEOMETRIC_REPRESENTATION_ITEM()
RATIONAL_B_SPLINE_SURFACE(((1.,1.),(1.,1.),(1.,1.),(1.,1.)))
REPRESENTATION_ITEM('')
SURFACE()
);
#496=(
BOUNDED_SURFACE()
B_SPLINE_SURFACE(3,1,((#10872,#10873),(#10874,#10875),(#10876,#10877),(#10878,
#10879)),.UNSPECIFIED.,.F.,.F.,.F.)
B_SPLINE_SURFACE_WITH_KNOTS((4,4),(2,2),(0.,1.),(0.,0.05),.UNSPECIFIED.)
GEOMETRIC_REPRESENTATION_ITEM()
RATIONAL_B_SPLINE_SURFACE(((1.,1.),(1.,1.),(1.,1.),(1.,1.)))
REPRESENTATION_ITEM('')
SURFACE()
);
#497=(
BOUNDED_SURFACE()
B_SPLINE_SURFACE(3,1,((#10886,#10887),(#10888,#10889),(#10890,#10891),(#10892,
#10893)),.UNSPECIFIED.,.F.,.F.,.F.)
B_SPLINE_SURFACE_WITH_KNOTS((4,4),(2,2),(0.,1.),(0.,0.05),.UNSPECIFIED.)
GEOMETRIC_REPRESENTATION_ITEM()
RATIONAL_B_SPLINE_SURFACE(((1.,1.),(1.,1.),(1.,1.),(1.,1.)))
REPRESENTATION_ITEM('')
SURFACE()
);
#498=(
BOUNDED_SURFACE()
B_SPLINE_SURFACE(3,1,((#10900,#10901),(#10902,#10903),(#10904,#10905),(#10906,
#10907)),.UNSPECIFIED.,.F.,.F.,.F.)
B_SPLINE_SURFACE_WITH_KNOTS((4,4),(2,2),(0.,1.),(0.,0.05),.UNSPECIFIED.)
GEOMETRIC_REPRESENTATION_ITEM()
RATIONAL_B_SPLINE_SURFACE(((1.,1.),(1.,1.),(1.,1.),(1.,1.)))
REPRESENTATION_ITEM('')
SURFACE()
);
#499=(
BOUNDED_SURFACE()
B_SPLINE_SURFACE(3,1,((#10912,#10913),(#10914,#10915),(#10916,#10917),(#10918,
#10919)),.UNSPECIFIED.,.F.,.F.,.F.)
B_SPLINE_SURFACE_WITH_KNOTS((4,4),(2,2),(0.,1.),(0.,0.05),.UNSPECIFIED.)
GEOMETRIC_REPRESENTATION_ITEM()
RATIONAL_B_SPLINE_SURFACE(((1.,1.),(1.,1.),(1.,1.),(1.,1.)))
REPRESENTATION_ITEM('')
SURFACE()
);
#500=(
BOUNDED_SURFACE()
B_SPLINE_SURFACE(3,1,((#10926,#10927),(#10928,#10929),(#10930,#10931),(#10932,
#10933)),.UNSPECIFIED.,.F.,.F.,.F.)
B_SPLINE_SURFACE_WITH_KNOTS((4,4),(2,2),(0.,1.),(0.,0.05),.UNSPECIFIED.)
GEOMETRIC_REPRESENTATION_ITEM()
RATIONAL_B_SPLINE_SURFACE(((1.,1.),(1.,1.),(1.,1.),(1.,1.)))
REPRESENTATION_ITEM('')
SURFACE()
);
#501=(
BOUNDED_SURFACE()
B_SPLINE_SURFACE(3,1,((#10939,#10940),(#10941,#10942),(#10943,#10944),(#10945,
#10946)),.UNSPECIFIED.,.F.,.F.,.F.)
B_SPLINE_SURFACE_WITH_KNOTS((4,4),(2,2),(0.,1.),(0.,0.05),.UNSPECIFIED.)
GEOMETRIC_REPRESENTATION_ITEM()
RATIONAL_B_SPLINE_SURFACE(((1.,1.),(1.,1.),(1.,1.),(1.,1.)))
REPRESENTATION_ITEM('')
SURFACE()
);
#502=(
BOUNDED_SURFACE()
B_SPLINE_SURFACE(3,1,((#10961,#10962),(#10963,#10964),(#10965,#10966),(#10967,
#10968)),.UNSPECIFIED.,.F.,.F.,.F.)
B_SPLINE_SURFACE_WITH_KNOTS((4,4),(2,2),(0.,1.),(0.,0.05),.UNSPECIFIED.)
GEOMETRIC_REPRESENTATION_ITEM()
RATIONAL_B_SPLINE_SURFACE(((1.,1.),(1.,1.),(1.,1.),(1.,1.)))
REPRESENTATION_ITEM('')
SURFACE()
);
#503=(
BOUNDED_SURFACE()
B_SPLINE_SURFACE(3,1,((#10980,#10981),(#10982,#10983),(#10984,#10985),(#10986,
#10987)),.UNSPECIFIED.,.F.,.F.,.F.)
B_SPLINE_SURFACE_WITH_KNOTS((4,4),(2,2),(0.,1.),(0.,0.05),.UNSPECIFIED.)
GEOMETRIC_REPRESENTATION_ITEM()
RATIONAL_B_SPLINE_SURFACE(((1.,1.),(1.,1.),(1.,1.),(1.,1.)))
REPRESENTATION_ITEM('')
SURFACE()
);
#504=(
BOUNDED_SURFACE()
B_SPLINE_SURFACE(3,1,((#11002,#11003),(#11004,#11005),(#11006,#11007),(#11008,
#11009)),.UNSPECIFIED.,.F.,.F.,.F.)
B_SPLINE_SURFACE_WITH_KNOTS((4,4),(2,2),(0.,1.),(0.,0.05),.UNSPECIFIED.)
GEOMETRIC_REPRESENTATION_ITEM()
RATIONAL_B_SPLINE_SURFACE(((1.,1.),(1.,1.),(1.,1.),(1.,1.)))
REPRESENTATION_ITEM('')
SURFACE()
);
#505=(
BOUNDED_SURFACE()
B_SPLINE_SURFACE(3,1,((#11021,#11022),(#11023,#11024),(#11025,#11026),(#11027,
#11028)),.UNSPECIFIED.,.F.,.F.,.F.)
B_SPLINE_SURFACE_WITH_KNOTS((4,4),(2,2),(0.,1.),(0.,0.05),.UNSPECIFIED.)
GEOMETRIC_REPRESENTATION_ITEM()
RATIONAL_B_SPLINE_SURFACE(((1.,1.),(1.,1.),(1.,1.),(1.,1.)))
REPRESENTATION_ITEM('')
SURFACE()
);
#506=(
BOUNDED_SURFACE()
B_SPLINE_SURFACE(3,1,((#11040,#11041),(#11042,#11043),(#11044,#11045),(#11046,
#11047)),.UNSPECIFIED.,.F.,.F.,.F.)
B_SPLINE_SURFACE_WITH_KNOTS((4,4),(2,2),(0.,1.),(0.,0.05),.UNSPECIFIED.)
GEOMETRIC_REPRESENTATION_ITEM()
RATIONAL_B_SPLINE_SURFACE(((1.,1.),(1.,1.),(1.,1.),(1.,1.)))
REPRESENTATION_ITEM('')
SURFACE()
);
#507=(
BOUNDED_SURFACE()
B_SPLINE_SURFACE(3,1,((#11059,#11060),(#11061,#11062),(#11063,#11064),(#11065,
#11066)),.UNSPECIFIED.,.F.,.F.,.F.)
B_SPLINE_SURFACE_WITH_KNOTS((4,4),(2,2),(0.,1.),(0.,0.05),.UNSPECIFIED.)
GEOMETRIC_REPRESENTATION_ITEM()
RATIONAL_B_SPLINE_SURFACE(((1.,1.),(1.,1.),(1.,1.),(1.,1.)))
REPRESENTATION_ITEM('')
SURFACE()
);
#508=(
BOUNDED_SURFACE()
B_SPLINE_SURFACE(3,1,((#11081,#11082),(#11083,#11084),(#11085,#11086),(#11087,
#11088)),.UNSPECIFIED.,.F.,.F.,.F.)
B_SPLINE_SURFACE_WITH_KNOTS((4,4),(2,2),(0.,1.),(0.,0.05),.UNSPECIFIED.)
GEOMETRIC_REPRESENTATION_ITEM()
RATIONAL_B_SPLINE_SURFACE(((1.,1.),(1.,1.),(1.,1.),(1.,1.)))
REPRESENTATION_ITEM('')
SURFACE()
);
#509=(
BOUNDED_SURFACE()
B_SPLINE_SURFACE(3,1,((#11146,#11147),(#11148,#11149),(#11150,#11151),(#11152,
#11153)),.UNSPECIFIED.,.F.,.F.,.F.)
B_SPLINE_SURFACE_WITH_KNOTS((4,4),(2,2),(0.,1.),(0.,0.05),.UNSPECIFIED.)
GEOMETRIC_REPRESENTATION_ITEM()
RATIONAL_B_SPLINE_SURFACE(((1.,1.),(1.,1.),(1.,1.),(1.,1.)))
REPRESENTATION_ITEM('')
SURFACE()
);
#510=(
BOUNDED_SURFACE()
B_SPLINE_SURFACE(3,1,((#11174,#11175),(#11176,#11177),(#11178,#11179),(#11180,
#11181)),.UNSPECIFIED.,.F.,.F.,.F.)
B_SPLINE_SURFACE_WITH_KNOTS((4,4),(2,2),(0.,1.),(0.,0.05),.UNSPECIFIED.)
GEOMETRIC_REPRESENTATION_ITEM()
RATIONAL_B_SPLINE_SURFACE(((1.,1.),(1.,1.),(1.,1.),(1.,1.)))
REPRESENTATION_ITEM('')
SURFACE()
);
#511=(
BOUNDED_SURFACE()
B_SPLINE_SURFACE(3,1,((#11188,#11189),(#11190,#11191),(#11192,#11193),(#11194,
#11195)),.UNSPECIFIED.,.F.,.F.,.F.)
B_SPLINE_SURFACE_WITH_KNOTS((4,4),(2,2),(0.,1.),(0.,0.05),.UNSPECIFIED.)
GEOMETRIC_REPRESENTATION_ITEM()
RATIONAL_B_SPLINE_SURFACE(((1.,1.),(1.,1.),(1.,1.),(1.,1.)))
REPRESENTATION_ITEM('')
SURFACE()
);
#512=(
BOUNDED_SURFACE()
B_SPLINE_SURFACE(3,1,((#11215,#11216),(#11217,#11218),(#11219,#11220),(#11221,
#11222)),.UNSPECIFIED.,.F.,.F.,.F.)
B_SPLINE_SURFACE_WITH_KNOTS((4,4),(2,2),(0.,1.),(0.,0.05),.UNSPECIFIED.)
GEOMETRIC_REPRESENTATION_ITEM()
RATIONAL_B_SPLINE_SURFACE(((1.,1.),(1.,1.),(1.,1.),(1.,1.)))
REPRESENTATION_ITEM('')
SURFACE()
);
#513=(
BOUNDED_SURFACE()
B_SPLINE_SURFACE(3,1,((#11263,#11264),(#11265,#11266),(#11267,#11268),(#11269,
#11270)),.UNSPECIFIED.,.F.,.F.,.F.)
B_SPLINE_SURFACE_WITH_KNOTS((4,4),(2,2),(-1.,0.),(0.,0.05),
 .UNSPECIFIED.)
GEOMETRIC_REPRESENTATION_ITEM()
RATIONAL_B_SPLINE_SURFACE(((1.,1.),(1.,1.),(1.,1.),(1.,1.)))
REPRESENTATION_ITEM('')
SURFACE()
);
#514=(
BOUNDED_SURFACE()
B_SPLINE_SURFACE(3,1,((#11283,#11284),(#11285,#11286),(#11287,#11288),(#11289,
#11290)),.UNSPECIFIED.,.F.,.F.,.F.)
B_SPLINE_SURFACE_WITH_KNOTS((4,4),(2,2),(-1.,0.),(0.,0.05),
 .UNSPECIFIED.)
GEOMETRIC_REPRESENTATION_ITEM()
RATIONAL_B_SPLINE_SURFACE(((1.,1.),(1.,1.),(1.,1.),(1.,1.)))
REPRESENTATION_ITEM('')
SURFACE()
);
#515=(
BOUNDED_SURFACE()
B_SPLINE_SURFACE(3,1,((#11297,#11298),(#11299,#11300),(#11301,#11302),(#11303,
#11304)),.UNSPECIFIED.,.F.,.F.,.F.)
B_SPLINE_SURFACE_WITH_KNOTS((4,4),(2,2),(-1.,0.),(0.,0.05),
 .UNSPECIFIED.)
GEOMETRIC_REPRESENTATION_ITEM()
RATIONAL_B_SPLINE_SURFACE(((1.,1.),(1.,1.),(1.,1.),(1.,1.)))
REPRESENTATION_ITEM('')
SURFACE()
);
#516=(
BOUNDED_SURFACE()
B_SPLINE_SURFACE(3,1,((#11315,#11316),(#11317,#11318),(#11319,#11320),(#11321,
#11322)),.UNSPECIFIED.,.F.,.F.,.F.)
B_SPLINE_SURFACE_WITH_KNOTS((4,4),(2,2),(-1.,0.),(0.,0.05),
 .UNSPECIFIED.)
GEOMETRIC_REPRESENTATION_ITEM()
RATIONAL_B_SPLINE_SURFACE(((1.,1.),(1.,1.),(1.,1.),(1.,1.)))
REPRESENTATION_ITEM('')
SURFACE()
);
#517=(
BOUNDED_SURFACE()
B_SPLINE_SURFACE(3,1,((#11365,#11366),(#11367,#11368),(#11369,#11370),(#11371,
#11372)),.UNSPECIFIED.,.F.,.F.,.F.)
B_SPLINE_SURFACE_WITH_KNOTS((4,4),(2,2),(-1.,0.),(0.,0.05),
 .UNSPECIFIED.)
GEOMETRIC_REPRESENTATION_ITEM()
RATIONAL_B_SPLINE_SURFACE(((1.,1.),(1.,1.),(1.,1.),(1.,1.)))
REPRESENTATION_ITEM('')
SURFACE()
);
#518=(
BOUNDED_SURFACE()
B_SPLINE_SURFACE(3,1,((#11393,#11394),(#11395,#11396),(#11397,#11398),(#11399,
#11400)),.UNSPECIFIED.,.F.,.F.,.F.)
B_SPLINE_SURFACE_WITH_KNOTS((4,4),(2,2),(-1.,0.),(0.,0.05),
 .UNSPECIFIED.)
GEOMETRIC_REPRESENTATION_ITEM()
RATIONAL_B_SPLINE_SURFACE(((1.,1.),(1.,1.),(1.,1.),(1.,1.)))
REPRESENTATION_ITEM('')
SURFACE()
);
#519=(
BOUNDED_SURFACE()
B_SPLINE_SURFACE(3,1,((#11412,#11413),(#11414,#11415),(#11416,#11417),(#11418,
#11419)),.UNSPECIFIED.,.F.,.F.,.F.)
B_SPLINE_SURFACE_WITH_KNOTS((4,4),(2,2),(-1.,0.),(0.,0.05),
 .UNSPECIFIED.)
GEOMETRIC_REPRESENTATION_ITEM()
RATIONAL_B_SPLINE_SURFACE(((1.,1.),(1.,1.),(1.,1.),(1.,1.)))
REPRESENTATION_ITEM('')
SURFACE()
);
#520=(
BOUNDED_SURFACE()
B_SPLINE_SURFACE(3,1,((#11437,#11438),(#11439,#11440),(#11441,#11442),(#11443,
#11444)),.UNSPECIFIED.,.F.,.F.,.F.)
B_SPLINE_SURFACE_WITH_KNOTS((4,4),(2,2),(-1.,0.),(0.,0.05),
 .UNSPECIFIED.)
GEOMETRIC_REPRESENTATION_ITEM()
RATIONAL_B_SPLINE_SURFACE(((1.,1.),(1.,1.),(1.,1.),(1.,1.)))
REPRESENTATION_ITEM('')
SURFACE()
);
#521=FACE_OUTER_BOUND('',#958,.T.);
#522=FACE_OUTER_BOUND('',#959,.T.);
#523=FACE_OUTER_BOUND('',#960,.T.);
#524=FACE_OUTER_BOUND('',#961,.T.);
#525=FACE_OUTER_BOUND('',#962,.T.);
#526=FACE_OUTER_BOUND('',#963,.T.);
#527=FACE_OUTER_BOUND('',#964,.T.);
#528=FACE_OUTER_BOUND('',#965,.T.);
#529=FACE_OUTER_BOUND('',#966,.T.);
#530=FACE_OUTER_BOUND('',#967,.T.);
#531=FACE_OUTER_BOUND('',#968,.T.);
#532=FACE_OUTER_BOUND('',#969,.T.);
#533=FACE_OUTER_BOUND('',#970,.T.);
#534=FACE_OUTER_BOUND('',#971,.T.);
#535=FACE_OUTER_BOUND('',#972,.T.);
#536=FACE_OUTER_BOUND('',#973,.T.);
#537=FACE_OUTER_BOUND('',#974,.T.);
#538=FACE_OUTER_BOUND('',#975,.T.);
#539=FACE_OUTER_BOUND('',#976,.T.);
#540=FACE_OUTER_BOUND('',#977,.T.);
#541=FACE_OUTER_BOUND('',#978,.T.);
#542=FACE_OUTER_BOUND('',#979,.T.);
#543=FACE_OUTER_BOUND('',#980,.T.);
#544=FACE_OUTER_BOUND('',#981,.T.);
#545=FACE_OUTER_BOUND('',#982,.T.);
#546=FACE_OUTER_BOUND('',#983,.T.);
#547=FACE_OUTER_BOUND('',#984,.T.);
#548=FACE_OUTER_BOUND('',#985,.T.);
#549=FACE_OUTER_BOUND('',#986,.T.);
#550=FACE_OUTER_BOUND('',#987,.T.);
#551=FACE_OUTER_BOUND('',#988,.T.);
#552=FACE_OUTER_BOUND('',#989,.T.);
#553=FACE_OUTER_BOUND('',#990,.T.);
#554=FACE_OUTER_BOUND('',#991,.T.);
#555=FACE_OUTER_BOUND('',#992,.T.);
#556=FACE_OUTER_BOUND('',#993,.T.);
#557=FACE_OUTER_BOUND('',#994,.T.);
#558=FACE_OUTER_BOUND('',#995,.T.);
#559=FACE_OUTER_BOUND('',#996,.T.);
#560=FACE_OUTER_BOUND('',#997,.T.);
#561=FACE_OUTER_BOUND('',#998,.T.);
#562=FACE_OUTER_BOUND('',#999,.T.);
#563=FACE_OUTER_BOUND('',#1000,.T.);
#564=FACE_OUTER_BOUND('',#1001,.T.);
#565=FACE_OUTER_BOUND('',#1002,.T.);
#566=FACE_OUTER_BOUND('',#1003,.T.);
#567=FACE_OUTER_BOUND('',#1004,.T.);
#568=FACE_OUTER_BOUND('',#1006,.T.);
#569=FACE_OUTER_BOUND('',#1007,.T.);
#570=FACE_OUTER_BOUND('',#1008,.T.);
#571=FACE_OUTER_BOUND('',#1009,.T.);
#572=FACE_OUTER_BOUND('',#1010,.T.);
#573=FACE_OUTER_BOUND('',#1011,.T.);
#574=FACE_OUTER_BOUND('',#1012,.T.);
#575=FACE_OUTER_BOUND('',#1013,.T.);
#576=FACE_OUTER_BOUND('',#1014,.T.);
#577=FACE_OUTER_BOUND('',#1015,.T.);
#578=FACE_OUTER_BOUND('',#1017,.T.);
#579=FACE_OUTER_BOUND('',#1019,.T.);
#580=FACE_OUTER_BOUND('',#1020,.T.);
#581=FACE_OUTER_BOUND('',#1021,.T.);
#582=FACE_OUTER_BOUND('',#1022,.T.);
#583=FACE_OUTER_BOUND('',#1023,.T.);
#584=FACE_OUTER_BOUND('',#1024,.T.);
#585=FACE_OUTER_BOUND('',#1025,.T.);
#586=FACE_OUTER_BOUND('',#1026,.T.);
#587=FACE_OUTER_BOUND('',#1027,.T.);
#588=FACE_OUTER_BOUND('',#1028,.T.);
#589=FACE_OUTER_BOUND('',#1029,.T.);
#590=FACE_OUTER_BOUND('',#1030,.T.);
#591=FACE_OUTER_BOUND('',#1032,.T.);
#592=FACE_OUTER_BOUND('',#1034,.T.);
#593=FACE_OUTER_BOUND('',#1035,.T.);
#594=FACE_OUTER_BOUND('',#1036,.T.);
#595=FACE_OUTER_BOUND('',#1037,.T.);
#596=FACE_OUTER_BOUND('',#1038,.T.);
#597=FACE_OUTER_BOUND('',#1039,.T.);
#598=FACE_OUTER_BOUND('',#1040,.T.);
#599=FACE_OUTER_BOUND('',#1041,.T.);
#600=FACE_OUTER_BOUND('',#1042,.T.);
#601=FACE_OUTER_BOUND('',#1043,.T.);
#602=FACE_OUTER_BOUND('',#1044,.T.);
#603=FACE_OUTER_BOUND('',#1045,.T.);
#604=FACE_OUTER_BOUND('',#1046,.T.);
#605=FACE_OUTER_BOUND('',#1047,.T.);
#606=FACE_OUTER_BOUND('',#1048,.T.);
#607=FACE_OUTER_BOUND('',#1049,.T.);
#608=FACE_OUTER_BOUND('',#1050,.T.);
#609=FACE_OUTER_BOUND('',#1051,.T.);
#610=FACE_OUTER_BOUND('',#1052,.T.);
#611=FACE_OUTER_BOUND('',#1053,.T.);
#612=FACE_OUTER_BOUND('',#1054,.T.);
#613=FACE_OUTER_BOUND('',#1055,.T.);
#614=FACE_OUTER_BOUND('',#1057,.T.);
#615=FACE_OUTER_BOUND('',#1058,.T.);
#616=FACE_OUTER_BOUND('',#1059,.T.);
#617=FACE_OUTER_BOUND('',#1060,.T.);
#618=FACE_OUTER_BOUND('',#1061,.T.);
#619=FACE_OUTER_BOUND('',#1062,.T.);
#620=FACE_OUTER_BOUND('',#1063,.T.);
#621=FACE_OUTER_BOUND('',#1064,.T.);
#622=FACE_OUTER_BOUND('',#1065,.T.);
#623=FACE_OUTER_BOUND('',#1066,.T.);
#624=FACE_OUTER_BOUND('',#1067,.T.);
#625=FACE_OUTER_BOUND('',#1068,.T.);
#626=FACE_OUTER_BOUND('',#1069,.T.);
#627=FACE_OUTER_BOUND('',#1070,.T.);
#628=FACE_OUTER_BOUND('',#1071,.T.);
#629=FACE_OUTER_BOUND('',#1072,.T.);
#630=FACE_OUTER_BOUND('',#1073,.T.);
#631=FACE_OUTER_BOUND('',#1074,.T.);
#632=FACE_OUTER_BOUND('',#1075,.T.);
#633=FACE_OUTER_BOUND('',#1076,.T.);
#634=FACE_OUTER_BOUND('',#1077,.T.);
#635=FACE_OUTER_BOUND('',#1078,.T.);
#636=FACE_OUTER_BOUND('',#1079,.T.);
#637=FACE_OUTER_BOUND('',#1080,.T.);
#638=FACE_OUTER_BOUND('',#1081,.T.);
#639=FACE_OUTER_BOUND('',#1082,.T.);
#640=FACE_OUTER_BOUND('',#1083,.T.);
#641=FACE_OUTER_BOUND('',#1084,.T.);
#642=FACE_OUTER_BOUND('',#1085,.T.);
#643=FACE_OUTER_BOUND('',#1086,.T.);
#644=FACE_OUTER_BOUND('',#1087,.T.);
#645=FACE_OUTER_BOUND('',#1088,.T.);
#646=FACE_OUTER_BOUND('',#1089,.T.);
#647=FACE_OUTER_BOUND('',#1090,.T.);
#648=FACE_OUTER_BOUND('',#1091,.T.);
#649=FACE_OUTER_BOUND('',#1092,.T.);
#650=FACE_OUTER_BOUND('',#1093,.T.);
#651=FACE_OUTER_BOUND('',#1094,.T.);
#652=FACE_OUTER_BOUND('',#1095,.T.);
#653=FACE_OUTER_BOUND('',#1096,.T.);
#654=FACE_OUTER_BOUND('',#1097,.T.);
#655=FACE_OUTER_BOUND('',#1098,.T.);
#656=FACE_OUTER_BOUND('',#1099,.T.);
#657=FACE_OUTER_BOUND('',#1100,.T.);
#658=FACE_OUTER_BOUND('',#1101,.T.);
#659=FACE_OUTER_BOUND('',#1102,.T.);
#660=FACE_OUTER_BOUND('',#1103,.T.);
#661=FACE_OUTER_BOUND('',#1104,.T.);
#662=FACE_OUTER_BOUND('',#1105,.T.);
#663=FACE_OUTER_BOUND('',#1106,.T.);
#664=FACE_OUTER_BOUND('',#1107,.T.);
#665=FACE_OUTER_BOUND('',#1108,.T.);
#666=FACE_OUTER_BOUND('',#1109,.T.);
#667=FACE_OUTER_BOUND('',#1110,.T.);
#668=FACE_OUTER_BOUND('',#1111,.T.);
#669=FACE_OUTER_BOUND('',#1112,.T.);
#670=FACE_OUTER_BOUND('',#1113,.T.);
#671=FACE_OUTER_BOUND('',#1114,.T.);
#672=FACE_OUTER_BOUND('',#1115,.T.);
#673=FACE_OUTER_BOUND('',#1117,.T.);
#674=FACE_OUTER_BOUND('',#1118,.T.);
#675=FACE_OUTER_BOUND('',#1119,.T.);
#676=FACE_OUTER_BOUND('',#1120,.T.);
#677=FACE_OUTER_BOUND('',#1121,.T.);
#678=FACE_OUTER_BOUND('',#1122,.T.);
#679=FACE_OUTER_BOUND('',#1123,.T.);
#680=FACE_OUTER_BOUND('',#1124,.T.);
#681=FACE_OUTER_BOUND('',#1125,.T.);
#682=FACE_OUTER_BOUND('',#1126,.T.);
#683=FACE_OUTER_BOUND('',#1127,.T.);
#684=FACE_OUTER_BOUND('',#1128,.T.);
#685=FACE_OUTER_BOUND('',#1129,.T.);
#686=FACE_OUTER_BOUND('',#1130,.T.);
#687=FACE_OUTER_BOUND('',#1131,.T.);
#688=FACE_OUTER_BOUND('',#1132,.T.);
#689=FACE_OUTER_BOUND('',#1133,.T.);
#690=FACE_OUTER_BOUND('',#1134,.T.);
#691=FACE_OUTER_BOUND('',#1135,.T.);
#692=FACE_OUTER_BOUND('',#1136,.T.);
#693=FACE_OUTER_BOUND('',#1137,.T.);
#694=FACE_OUTER_BOUND('',#1138,.T.);
#695=FACE_OUTER_BOUND('',#1139,.T.);
#696=FACE_OUTER_BOUND('',#1140,.T.);
#697=FACE_OUTER_BOUND('',#1141,.T.);
#698=FACE_OUTER_BOUND('',#1142,.T.);
#699=FACE_OUTER_BOUND('',#1143,.T.);
#700=FACE_OUTER_BOUND('',#1144,.T.);
#701=FACE_OUTER_BOUND('',#1145,.T.);
#702=FACE_OUTER_BOUND('',#1146,.T.);
#703=FACE_OUTER_BOUND('',#1147,.T.);
#704=FACE_OUTER_BOUND('',#1159,.T.);
#705=FACE_OUTER_BOUND('',#1160,.T.);
#706=FACE_OUTER_BOUND('',#1161,.T.);
#707=FACE_OUTER_BOUND('',#1162,.T.);
#708=FACE_OUTER_BOUND('',#1163,.T.);
#709=FACE_OUTER_BOUND('',#1164,.T.);
#710=FACE_OUTER_BOUND('',#1165,.T.);
#711=FACE_OUTER_BOUND('',#1166,.T.);
#712=FACE_OUTER_BOUND('',#1167,.T.);
#713=FACE_OUTER_BOUND('',#1168,.T.);
#714=FACE_OUTER_BOUND('',#1169,.T.);
#715=FACE_OUTER_BOUND('',#1170,.T.);
#716=FACE_OUTER_BOUND('',#1171,.T.);
#717=FACE_OUTER_BOUND('',#1172,.T.);
#718=FACE_OUTER_BOUND('',#1173,.T.);
#719=FACE_OUTER_BOUND('',#1174,.T.);
#720=FACE_OUTER_BOUND('',#1175,.T.);
#721=FACE_OUTER_BOUND('',#1176,.T.);
#722=FACE_OUTER_BOUND('',#1177,.T.);
#723=FACE_OUTER_BOUND('',#1178,.T.);
#724=FACE_OUTER_BOUND('',#1179,.T.);
#725=FACE_OUTER_BOUND('',#1180,.T.);
#726=FACE_OUTER_BOUND('',#1181,.T.);
#727=FACE_OUTER_BOUND('',#1182,.T.);
#728=FACE_OUTER_BOUND('',#1183,.T.);
#729=FACE_OUTER_BOUND('',#1184,.T.);
#730=FACE_OUTER_BOUND('',#1185,.T.);
#731=FACE_OUTER_BOUND('',#1186,.T.);
#732=FACE_OUTER_BOUND('',#1187,.T.);
#733=FACE_OUTER_BOUND('',#1188,.T.);
#734=FACE_OUTER_BOUND('',#1189,.T.);
#735=FACE_OUTER_BOUND('',#1190,.T.);
#736=FACE_OUTER_BOUND('',#1191,.T.);
#737=FACE_OUTER_BOUND('',#1192,.T.);
#738=FACE_OUTER_BOUND('',#1193,.T.);
#739=FACE_OUTER_BOUND('',#1194,.T.);
#740=FACE_OUTER_BOUND('',#1195,.T.);
#741=FACE_OUTER_BOUND('',#1196,.T.);
#742=FACE_OUTER_BOUND('',#1197,.T.);
#743=FACE_OUTER_BOUND('',#1198,.T.);
#744=FACE_OUTER_BOUND('',#1199,.T.);
#745=FACE_OUTER_BOUND('',#1200,.T.);
#746=FACE_OUTER_BOUND('',#1201,.T.);
#747=FACE_OUTER_BOUND('',#1202,.T.);
#748=FACE_OUTER_BOUND('',#1203,.T.);
#749=FACE_OUTER_BOUND('',#1204,.T.);
#750=FACE_OUTER_BOUND('',#1205,.T.);
#751=FACE_OUTER_BOUND('',#1206,.T.);
#752=FACE_OUTER_BOUND('',#1207,.T.);
#753=FACE_OUTER_BOUND('',#1208,.T.);
#754=FACE_OUTER_BOUND('',#1209,.T.);
#755=FACE_OUTER_BOUND('',#1212,.T.);
#756=FACE_OUTER_BOUND('',#1213,.T.);
#757=FACE_OUTER_BOUND('',#1214,.T.);
#758=FACE_OUTER_BOUND('',#1215,.T.);
#759=FACE_OUTER_BOUND('',#1216,.T.);
#760=FACE_OUTER_BOUND('',#1219,.T.);
#761=FACE_OUTER_BOUND('',#1220,.T.);
#762=FACE_OUTER_BOUND('',#1221,.T.);
#763=FACE_OUTER_BOUND('',#1222,.T.);
#764=FACE_OUTER_BOUND('',#1223,.T.);
#765=FACE_OUTER_BOUND('',#1224,.T.);
#766=FACE_OUTER_BOUND('',#1225,.T.);
#767=FACE_OUTER_BOUND('',#1226,.T.);
#768=FACE_OUTER_BOUND('',#1227,.T.);
#769=FACE_OUTER_BOUND('',#1228,.T.);
#770=FACE_OUTER_BOUND('',#1229,.T.);
#771=FACE_OUTER_BOUND('',#1230,.T.);
#772=FACE_OUTER_BOUND('',#1231,.T.);
#773=FACE_OUTER_BOUND('',#1233,.T.);
#774=FACE_OUTER_BOUND('',#1234,.T.);
#775=FACE_OUTER_BOUND('',#1235,.T.);
#776=FACE_OUTER_BOUND('',#1236,.T.);
#777=FACE_OUTER_BOUND('',#1237,.T.);
#778=FACE_OUTER_BOUND('',#1238,.T.);
#779=FACE_OUTER_BOUND('',#1239,.T.);
#780=FACE_OUTER_BOUND('',#1240,.T.);
#781=FACE_OUTER_BOUND('',#1241,.T.);
#782=FACE_OUTER_BOUND('',#1242,.T.);
#783=FACE_OUTER_BOUND('',#1243,.T.);
#784=FACE_OUTER_BOUND('',#1244,.T.);
#785=FACE_OUTER_BOUND('',#1245,.T.);
#786=FACE_OUTER_BOUND('',#1246,.T.);
#787=FACE_OUTER_BOUND('',#1247,.T.);
#788=FACE_OUTER_BOUND('',#1248,.T.);
#789=FACE_OUTER_BOUND('',#1249,.T.);
#790=FACE_OUTER_BOUND('',#1250,.T.);
#791=FACE_OUTER_BOUND('',#1251,.T.);
#792=FACE_OUTER_BOUND('',#1252,.T.);
#793=FACE_OUTER_BOUND('',#1253,.T.);
#794=FACE_OUTER_BOUND('',#1254,.T.);
#795=FACE_OUTER_BOUND('',#1255,.T.);
#796=FACE_OUTER_BOUND('',#1256,.T.);
#797=FACE_OUTER_BOUND('',#1257,.T.);
#798=FACE_OUTER_BOUND('',#1258,.T.);
#799=FACE_OUTER_BOUND('',#1259,.T.);
#800=FACE_OUTER_BOUND('',#1260,.T.);
#801=FACE_OUTER_BOUND('',#1261,.T.);
#802=FACE_OUTER_BOUND('',#1262,.T.);
#803=FACE_OUTER_BOUND('',#1263,.T.);
#804=FACE_OUTER_BOUND('',#1264,.T.);
#805=FACE_OUTER_BOUND('',#1265,.T.);
#806=FACE_OUTER_BOUND('',#1266,.T.);
#807=FACE_OUTER_BOUND('',#1267,.T.);
#808=FACE_OUTER_BOUND('',#1268,.T.);
#809=FACE_OUTER_BOUND('',#1269,.T.);
#810=FACE_OUTER_BOUND('',#1270,.T.);
#811=FACE_OUTER_BOUND('',#1271,.T.);
#812=FACE_OUTER_BOUND('',#1272,.T.);
#813=FACE_OUTER_BOUND('',#1273,.T.);
#814=FACE_OUTER_BOUND('',#1274,.T.);
#815=FACE_OUTER_BOUND('',#1275,.T.);
#816=FACE_OUTER_BOUND('',#1276,.T.);
#817=FACE_OUTER_BOUND('',#1277,.T.);
#818=FACE_OUTER_BOUND('',#1278,.T.);
#819=FACE_OUTER_BOUND('',#1279,.T.);
#820=FACE_OUTER_BOUND('',#1280,.T.);
#821=FACE_OUTER_BOUND('',#1281,.T.);
#822=FACE_OUTER_BOUND('',#1282,.T.);
#823=FACE_OUTER_BOUND('',#1283,.T.);
#824=FACE_OUTER_BOUND('',#1284,.T.);
#825=FACE_OUTER_BOUND('',#1285,.T.);
#826=FACE_OUTER_BOUND('',#1286,.T.);
#827=FACE_OUTER_BOUND('',#1287,.T.);
#828=FACE_OUTER_BOUND('',#1288,.T.);
#829=FACE_OUTER_BOUND('',#1289,.T.);
#830=FACE_OUTER_BOUND('',#1290,.T.);
#831=FACE_OUTER_BOUND('',#1291,.T.);
#832=FACE_OUTER_BOUND('',#1292,.T.);
#833=FACE_OUTER_BOUND('',#1293,.T.);
#834=FACE_OUTER_BOUND('',#1294,.T.);
#835=FACE_OUTER_BOUND('',#1295,.T.);
#836=FACE_OUTER_BOUND('',#1296,.T.);
#837=FACE_OUTER_BOUND('',#1297,.T.);
#838=FACE_OUTER_BOUND('',#1298,.T.);
#839=FACE_OUTER_BOUND('',#1299,.T.);
#840=FACE_OUTER_BOUND('',#1300,.T.);
#841=FACE_OUTER_BOUND('',#1301,.T.);
#842=FACE_OUTER_BOUND('',#1302,.T.);
#843=FACE_OUTER_BOUND('',#1303,.T.);
#844=FACE_OUTER_BOUND('',#1304,.T.);
#845=FACE_OUTER_BOUND('',#1305,.T.);
#846=FACE_OUTER_BOUND('',#1306,.T.);
#847=FACE_OUTER_BOUND('',#1307,.T.);
#848=FACE_OUTER_BOUND('',#1308,.T.);
#849=FACE_OUTER_BOUND('',#1309,.T.);
#850=FACE_OUTER_BOUND('',#1310,.T.);
#851=FACE_OUTER_BOUND('',#1311,.T.);
#852=FACE_OUTER_BOUND('',#1312,.T.);
#853=FACE_OUTER_BOUND('',#1313,.T.);
#854=FACE_OUTER_BOUND('',#1314,.T.);
#855=FACE_OUTER_BOUND('',#1315,.T.);
#856=FACE_OUTER_BOUND('',#1316,.T.);
#857=FACE_OUTER_BOUND('',#1317,.T.);
#858=FACE_OUTER_BOUND('',#1318,.T.);
#859=FACE_OUTER_BOUND('',#1319,.T.);
#860=FACE_OUTER_BOUND('',#1320,.T.);
#861=FACE_OUTER_BOUND('',#1321,.T.);
#862=FACE_OUTER_BOUND('',#1322,.T.);
#863=FACE_OUTER_BOUND('',#1323,.T.);
#864=FACE_OUTER_BOUND('',#1324,.T.);
#865=FACE_OUTER_BOUND('',#1325,.T.);
#866=FACE_OUTER_BOUND('',#1326,.T.);
#867=FACE_OUTER_BOUND('',#1327,.T.);
#868=FACE_OUTER_BOUND('',#1328,.T.);
#869=FACE_OUTER_BOUND('',#1329,.T.);
#870=FACE_OUTER_BOUND('',#1330,.T.);
#871=FACE_OUTER_BOUND('',#1331,.T.);
#872=FACE_OUTER_BOUND('',#1332,.T.);
#873=FACE_OUTER_BOUND('',#1333,.T.);
#874=FACE_OUTER_BOUND('',#1334,.T.);
#875=FACE_OUTER_BOUND('',#1335,.T.);
#876=FACE_OUTER_BOUND('',#1336,.T.);
#877=FACE_OUTER_BOUND('',#1337,.T.);
#878=FACE_OUTER_BOUND('',#1338,.T.);
#879=FACE_OUTER_BOUND('',#1339,.T.);
#880=FACE_OUTER_BOUND('',#1340,.T.);
#881=FACE_OUTER_BOUND('',#1341,.T.);
#882=FACE_OUTER_BOUND('',#1342,.T.);
#883=FACE_OUTER_BOUND('',#1343,.T.);
#884=FACE_OUTER_BOUND('',#1344,.T.);
#885=FACE_OUTER_BOUND('',#1345,.T.);
#886=FACE_OUTER_BOUND('',#1346,.T.);
#887=FACE_OUTER_BOUND('',#1347,.T.);
#888=FACE_OUTER_BOUND('',#1348,.T.);
#889=FACE_OUTER_BOUND('',#1349,.T.);
#890=FACE_OUTER_BOUND('',#1350,.T.);
#891=FACE_OUTER_BOUND('',#1351,.T.);
#892=FACE_OUTER_BOUND('',#1352,.T.);
#893=FACE_OUTER_BOUND('',#1353,.T.);
#894=FACE_OUTER_BOUND('',#1354,.T.);
#895=FACE_OUTER_BOUND('',#1355,.T.);
#896=FACE_OUTER_BOUND('',#1356,.T.);
#897=FACE_OUTER_BOUND('',#1357,.T.);
#898=FACE_OUTER_BOUND('',#1358,.T.);
#899=FACE_OUTER_BOUND('',#1359,.T.);
#900=FACE_OUTER_BOUND('',#1360,.T.);
#901=FACE_OUTER_BOUND('',#1361,.T.);
#902=FACE_OUTER_BOUND('',#1362,.T.);
#903=FACE_OUTER_BOUND('',#1363,.T.);
#904=FACE_OUTER_BOUND('',#1364,.T.);
#905=FACE_OUTER_BOUND('',#1365,.T.);
#906=FACE_OUTER_BOUND('',#1366,.T.);
#907=FACE_OUTER_BOUND('',#1367,.T.);
#908=FACE_OUTER_BOUND('',#1368,.T.);
#909=FACE_OUTER_BOUND('',#1369,.T.);
#910=FACE_OUTER_BOUND('',#1370,.T.);
#911=FACE_OUTER_BOUND('',#1371,.T.);
#912=FACE_OUTER_BOUND('',#1372,.T.);
#913=FACE_OUTER_BOUND('',#1373,.T.);
#914=FACE_OUTER_BOUND('',#1374,.T.);
#915=FACE_OUTER_BOUND('',#1375,.T.);
#916=FACE_OUTER_BOUND('',#1376,.T.);
#917=FACE_OUTER_BOUND('',#1377,.T.);
#918=FACE_OUTER_BOUND('',#1378,.T.);
#919=FACE_OUTER_BOUND('',#1379,.T.);
#920=FACE_OUTER_BOUND('',#1380,.T.);
#921=FACE_OUTER_BOUND('',#1381,.T.);
#922=FACE_OUTER_BOUND('',#1382,.T.);
#923=FACE_OUTER_BOUND('',#1383,.T.);
#924=FACE_OUTER_BOUND('',#1384,.T.);
#925=FACE_OUTER_BOUND('',#1385,.T.);
#926=FACE_OUTER_BOUND('',#1386,.T.);
#927=FACE_OUTER_BOUND('',#1387,.T.);
#928=FACE_OUTER_BOUND('',#1388,.T.);
#929=FACE_OUTER_BOUND('',#1389,.T.);
#930=FACE_OUTER_BOUND('',#1390,.T.);
#931=FACE_OUTER_BOUND('',#1391,.T.);
#932=FACE_OUTER_BOUND('',#1392,.T.);
#933=FACE_OUTER_BOUND('',#1393,.T.);
#934=FACE_OUTER_BOUND('',#1394,.T.);
#935=FACE_OUTER_BOUND('',#1397,.T.);
#936=FACE_OUTER_BOUND('',#1398,.T.);
#937=FACE_OUTER_BOUND('',#1399,.T.);
#938=FACE_OUTER_BOUND('',#1400,.T.);
#939=FACE_OUTER_BOUND('',#1401,.T.);
#940=FACE_OUTER_BOUND('',#1402,.T.);
#941=FACE_OUTER_BOUND('',#1403,.T.);
#942=FACE_OUTER_BOUND('',#1404,.T.);
#943=FACE_OUTER_BOUND('',#1405,.T.);
#944=FACE_OUTER_BOUND('',#1408,.T.);
#945=FACE_OUTER_BOUND('',#1409,.T.);
#946=FACE_OUTER_BOUND('',#1410,.T.);
#947=FACE_OUTER_BOUND('',#1411,.T.);
#948=FACE_OUTER_BOUND('',#1412,.T.);
#949=FACE_OUTER_BOUND('',#1413,.T.);
#950=FACE_OUTER_BOUND('',#1414,.T.);
#951=FACE_OUTER_BOUND('',#1415,.T.);
#952=FACE_OUTER_BOUND('',#1416,.T.);
#953=FACE_OUTER_BOUND('',#1417,.T.);
#954=FACE_OUTER_BOUND('',#1418,.T.);
#955=FACE_OUTER_BOUND('',#1419,.T.);
#956=FACE_OUTER_BOUND('',#1420,.T.);
#957=FACE_OUTER_BOUND('',#1421,.T.);
#958=EDGE_LOOP('',(#4792,#4793,#4794,#4795,#4796,#4797));
#959=EDGE_LOOP('',(#4798,#4799,#4800,#4801));
#960=EDGE_LOOP('',(#4802,#4803,#4804,#4805));
#961=EDGE_LOOP('',(#4806,#4807,#4808,#4809));
#962=EDGE_LOOP('',(#4810,#4811,#4812,#4813));
#963=EDGE_LOOP('',(#4814,#4815,#4816,#4817));
#964=EDGE_LOOP('',(#4818,#4819,#4820,#4821));
#965=EDGE_LOOP('',(#4822,#4823,#4824,#4825,#4826,#4827));
#966=EDGE_LOOP('',(#4828,#4829,#4830));
#967=EDGE_LOOP('',(#4831,#4832,#4833,#4834));
#968=EDGE_LOOP('',(#4835,#4836,#4837,#4838));
#969=EDGE_LOOP('',(#4839,#4840,#4841,#4842));
#970=EDGE_LOOP('',(#4843,#4844,#4845));
#971=EDGE_LOOP('',(#4846,#4847,#4848));
#972=EDGE_LOOP('',(#4849,#4850,#4851,#4852));
#973=EDGE_LOOP('',(#4853,#4854,#4855,#4856));
#974=EDGE_LOOP('',(#4857,#4858,#4859,#4860));
#975=EDGE_LOOP('',(#4861,#4862,#4863));
#976=EDGE_LOOP('',(#4864,#4865,#4866,#4867,#4868,#4869));
#977=EDGE_LOOP('',(#4870,#4871,#4872,#4873));
#978=EDGE_LOOP('',(#4874,#4875,#4876,#4877));
#979=EDGE_LOOP('',(#4878,#4879,#4880,#4881));
#980=EDGE_LOOP('',(#4882,#4883,#4884,#4885));
#981=EDGE_LOOP('',(#4886,#4887,#4888,#4889));
#982=EDGE_LOOP('',(#4890,#4891,#4892,#4893));
#983=EDGE_LOOP('',(#4894,#4895,#4896,#4897,#4898,#4899));
#984=EDGE_LOOP('',(#4900,#4901,#4902,#4903));
#985=EDGE_LOOP('',(#4904,#4905,#4906,#4907));
#986=EDGE_LOOP('',(#4908,#4909,#4910,#4911));
#987=EDGE_LOOP('',(#4912,#4913,#4914,#4915));
#988=EDGE_LOOP('',(#4916,#4917,#4918,#4919));
#989=EDGE_LOOP('',(#4920,#4921,#4922,#4923));
#990=EDGE_LOOP('',(#4924,#4925,#4926,#4927,#4928,#4929));
#991=EDGE_LOOP('',(#4930,#4931,#4932,#4933));
#992=EDGE_LOOP('',(#4934,#4935,#4936,#4937));
#993=EDGE_LOOP('',(#4938,#4939,#4940,#4941));
#994=EDGE_LOOP('',(#4942,#4943,#4944,#4945));
#995=EDGE_LOOP('',(#4946,#4947,#4948,#4949));
#996=EDGE_LOOP('',(#4950,#4951,#4952,#4953));
#997=EDGE_LOOP('',(#4954,#4955,#4956,#4957,#4958,#4959));
#998=EDGE_LOOP('',(#4960,#4961,#4962,#4963));
#999=EDGE_LOOP('',(#4964,#4965,#4966,#4967));
#1000=EDGE_LOOP('',(#4968,#4969,#4970,#4971));
#1001=EDGE_LOOP('',(#4972,#4973,#4974,#4975));
#1002=EDGE_LOOP('',(#4976,#4977,#4978,#4979));
#1003=EDGE_LOOP('',(#4980,#4981,#4982,#4983));
#1004=EDGE_LOOP('',(#4984,#4985,#4986,#4987,#4988));
#1005=EDGE_LOOP('',(#4989,#4990,#4991,#4992));
#1006=EDGE_LOOP('',(#4993,#4994,#4995,#4996));
#1007=EDGE_LOOP('',(#4997,#4998,#4999,#5000));
#1008=EDGE_LOOP('',(#5001,#5002,#5003,#5004));
#1009=EDGE_LOOP('',(#5005,#5006,#5007,#5008));
#1010=EDGE_LOOP('',(#5009,#5010,#5011,#5012));
#1011=EDGE_LOOP('',(#5013,#5014,#5015,#5016));
#1012=EDGE_LOOP('',(#5017,#5018,#5019,#5020));
#1013=EDGE_LOOP('',(#5021,#5022,#5023,#5024));
#1014=EDGE_LOOP('',(#5025,#5026,#5027,#5028));
#1015=EDGE_LOOP('',(#5029,#5030,#5031,#5032,#5033));
#1016=EDGE_LOOP('',(#5034,#5035,#5036,#5037));
#1017=EDGE_LOOP('',(#5038,#5039,#5040,#5041,#5042,#5043,#5044));
#1018=EDGE_LOOP('',(#5045,#5046,#5047,#5048));
#1019=EDGE_LOOP('',(#5049,#5050,#5051,#5052));
#1020=EDGE_LOOP('',(#5053,#5054,#5055,#5056));
#1021=EDGE_LOOP('',(#5057,#5058,#5059,#5060));
#1022=EDGE_LOOP('',(#5061,#5062,#5063,#5064));
#1023=EDGE_LOOP('',(#5065,#5066,#5067,#5068));
#1024=EDGE_LOOP('',(#5069,#5070,#5071,#5072));
#1025=EDGE_LOOP('',(#5073,#5074,#5075,#5076));
#1026=EDGE_LOOP('',(#5077,#5078,#5079,#5080));
#1027=EDGE_LOOP('',(#5081,#5082,#5083,#5084));
#1028=EDGE_LOOP('',(#5085,#5086,#5087,#5088));
#1029=EDGE_LOOP('',(#5089,#5090,#5091,#5092));
#1030=EDGE_LOOP('',(#5093,#5094,#5095,#5096,#5097,#5098,#5099));
#1031=EDGE_LOOP('',(#5100,#5101,#5102,#5103));
#1032=EDGE_LOOP('',(#5104,#5105,#5106,#5107,#5108,#5109,#5110));
#1033=EDGE_LOOP('',(#5111,#5112,#5113,#5114));
#1034=EDGE_LOOP('',(#5115,#5116,#5117,#5118));
#1035=EDGE_LOOP('',(#5119,#5120,#5121,#5122));
#1036=EDGE_LOOP('',(#5123,#5124,#5125,#5126));
#1037=EDGE_LOOP('',(#5127,#5128,#5129,#5130));
#1038=EDGE_LOOP('',(#5131,#5132,#5133,#5134));
#1039=EDGE_LOOP('',(#5135,#5136,#5137,#5138));
#1040=EDGE_LOOP('',(#5139,#5140,#5141,#5142));
#1041=EDGE_LOOP('',(#5143,#5144,#5145,#5146));
#1042=EDGE_LOOP('',(#5147,#5148,#5149,#5150));
#1043=EDGE_LOOP('',(#5151,#5152,#5153,#5154));
#1044=EDGE_LOOP('',(#5155,#5156,#5157,#5158));
#1045=EDGE_LOOP('',(#5159,#5160,#5161,#5162));
#1046=EDGE_LOOP('',(#5163,#5164,#5165,#5166));
#1047=EDGE_LOOP('',(#5167,#5168,#5169,#5170));
#1048=EDGE_LOOP('',(#5171,#5172,#5173,#5174));
#1049=EDGE_LOOP('',(#5175,#5176,#5177,#5178));
#1050=EDGE_LOOP('',(#5179,#5180,#5181,#5182));
#1051=EDGE_LOOP('',(#5183,#5184,#5185,#5186));
#1052=EDGE_LOOP('',(#5187,#5188,#5189,#5190));
#1053=EDGE_LOOP('',(#5191,#5192,#5193,#5194));
#1054=EDGE_LOOP('',(#5195,#5196,#5197,#5198));
#1055=EDGE_LOOP('',(#5199,#5200,#5201,#5202,#5203));
#1056=EDGE_LOOP('',(#5204,#5205,#5206,#5207));
#1057=EDGE_LOOP('',(#5208,#5209,#5210,#5211));
#1058=EDGE_LOOP('',(#5212,#5213,#5214,#5215));
#1059=EDGE_LOOP('',(#5216,#5217,#5218,#5219));
#1060=EDGE_LOOP('',(#5220,#5221,#5222,#5223));
#1061=EDGE_LOOP('',(#5224,#5225,#5226,#5227));
#1062=EDGE_LOOP('',(#5228,#5229,#5230,#5231));
#1063=EDGE_LOOP('',(#5232,#5233,#5234,#5235,#5236,#5237));
#1064=EDGE_LOOP('',(#5238,#5239,#5240,#5241));
#1065=EDGE_LOOP('',(#5242,#5243,#5244,#5245));
#1066=EDGE_LOOP('',(#5246,#5247,#5248,#5249));
#1067=EDGE_LOOP('',(#5250,#5251,#5252,#5253));
#1068=EDGE_LOOP('',(#5254,#5255,#5256,#5257));
#1069=EDGE_LOOP('',(#5258,#5259,#5260,#5261));
#1070=EDGE_LOOP('',(#5262,#5263,#5264,#5265));
#1071=EDGE_LOOP('',(#5266,#5267,#5268,#5269));
#1072=EDGE_LOOP('',(#5270,#5271,#5272,#5273));
#1073=EDGE_LOOP('',(#5274,#5275,#5276,#5277));
#1074=EDGE_LOOP('',(#5278,#5279,#5280,#5281));
#1075=EDGE_LOOP('',(#5282,#5283,#5284,#5285,#5286,#5287));
#1076=EDGE_LOOP('',(#5288,#5289,#5290,#5291));
#1077=EDGE_LOOP('',(#5292,#5293,#5294,#5295));
#1078=EDGE_LOOP('',(#5296,#5297,#5298,#5299));
#1079=EDGE_LOOP('',(#5300,#5301,#5302,#5303));
#1080=EDGE_LOOP('',(#5304,#5305,#5306,#5307));
#1081=EDGE_LOOP('',(#5308,#5309,#5310,#5311));
#1082=EDGE_LOOP('',(#5312,#5313,#5314,#5315));
#1083=EDGE_LOOP('',(#5316,#5317,#5318,#5319));
#1084=EDGE_LOOP('',(#5320,#5321,#5322,#5323));
#1085=EDGE_LOOP('',(#5324,#5325,#5326));
#1086=EDGE_LOOP('',(#5327,#5328,#5329));
#1087=EDGE_LOOP('',(#5330,#5331,#5332,#5333));
#1088=EDGE_LOOP('',(#5334,#5335,#5336,#5337));
#1089=EDGE_LOOP('',(#5338,#5339,#5340,#5341));
#1090=EDGE_LOOP('',(#5342,#5343,#5344,#5345));
#1091=EDGE_LOOP('',(#5346,#5347,#5348,#5349));
#1092=EDGE_LOOP('',(#5350,#5351,#5352,#5353));
#1093=EDGE_LOOP('',(#5354,#5355,#5356,#5357));
#1094=EDGE_LOOP('',(#5358,#5359,#5360,#5361));
#1095=EDGE_LOOP('',(#5362,#5363,#5364,#5365));
#1096=EDGE_LOOP('',(#5366,#5367,#5368,#5369,#5370,#5371));
#1097=EDGE_LOOP('',(#5372,#5373,#5374,#5375));
#1098=EDGE_LOOP('',(#5376,#5377,#5378,#5379));
#1099=EDGE_LOOP('',(#5380,#5381,#5382,#5383));
#1100=EDGE_LOOP('',(#5384,#5385,#5386,#5387));
#1101=EDGE_LOOP('',(#5388,#5389,#5390,#5391));
#1102=EDGE_LOOP('',(#5392,#5393,#5394,#5395,#5396,#5397,#5398,#5399,#5400));
#1103=EDGE_LOOP('',(#5401,#5402,#5403,#5404));
#1104=EDGE_LOOP('',(#5405,#5406,#5407,#5408));
#1105=EDGE_LOOP('',(#5409,#5410,#5411,#5412,#5413,#5414,#5415,#5416,#5417));
#1106=EDGE_LOOP('',(#5418,#5419,#5420,#5421));
#1107=EDGE_LOOP('',(#5422,#5423,#5424,#5425));
#1108=EDGE_LOOP('',(#5426,#5427,#5428,#5429));
#1109=EDGE_LOOP('',(#5430,#5431,#5432,#5433));
#1110=EDGE_LOOP('',(#5434,#5435,#5436,#5437));
#1111=EDGE_LOOP('',(#5438,#5439,#5440,#5441));
#1112=EDGE_LOOP('',(#5442,#5443,#5444,#5445));
#1113=EDGE_LOOP('',(#5446,#5447,#5448,#5449));
#1114=EDGE_LOOP('',(#5450,#5451,#5452,#5453,#5454,#5455,#5456,#5457,#5458));
#1115=EDGE_LOOP('',(#5459,#5460,#5461,#5462));
#1116=EDGE_LOOP('',(#5463,#5464,#5465,#5466));
#1117=EDGE_LOOP('',(#5467,#5468,#5469,#5470,#5471,#5472,#5473,#5474,#5475,
#5476,#5477,#5478,#5479));
#1118=EDGE_LOOP('',(#5480,#5481,#5482,#5483));
#1119=EDGE_LOOP('',(#5484,#5485,#5486,#5487));
#1120=EDGE_LOOP('',(#5488,#5489,#5490,#5491));
#1121=EDGE_LOOP('',(#5492,#5493,#5494,#5495));
#1122=EDGE_LOOP('',(#5496,#5497,#5498,#5499));
#1123=EDGE_LOOP('',(#5500,#5501,#5502,#5503,#5504));
#1124=EDGE_LOOP('',(#5505,#5506,#5507,#5508,#5509));
#1125=EDGE_LOOP('',(#5510,#5511,#5512,#5513));
#1126=EDGE_LOOP('',(#5514,#5515,#5516,#5517,#5518));
#1127=EDGE_LOOP('',(#5519,#5520,#5521,#5522));
#1128=EDGE_LOOP('',(#5523,#5524,#5525,#5526));
#1129=EDGE_LOOP('',(#5527,#5528,#5529,#5530));
#1130=EDGE_LOOP('',(#5531,#5532,#5533,#5534));
#1131=EDGE_LOOP('',(#5535,#5536,#5537,#5538,#5539));
#1132=EDGE_LOOP('',(#5540,#5541,#5542,#5543));
#1133=EDGE_LOOP('',(#5544,#5545,#5546,#5547,#5548));
#1134=EDGE_LOOP('',(#5549,#5550,#5551,#5552));
#1135=EDGE_LOOP('',(#5553,#5554,#5555,#5556,#5557,#5558,#5559,#5560,#5561,
#5562,#5563,#5564));
#1136=EDGE_LOOP('',(#5565,#5566,#5567,#5568));
#1137=EDGE_LOOP('',(#5569,#5570,#5571,#5572));
#1138=EDGE_LOOP('',(#5573,#5574,#5575,#5576));
#1139=EDGE_LOOP('',(#5577,#5578,#5579,#5580));
#1140=EDGE_LOOP('',(#5581,#5582,#5583,#5584));
#1141=EDGE_LOOP('',(#5585,#5586,#5587,#5588));
#1142=EDGE_LOOP('',(#5589,#5590,#5591,#5592,#5593,#5594));
#1143=EDGE_LOOP('',(#5595,#5596,#5597,#5598,#5599));
#1144=EDGE_LOOP('',(#5600,#5601,#5602,#5603,#5604));
#1145=EDGE_LOOP('',(#5605,#5606,#5607,#5608,#5609,#5610));
#1146=EDGE_LOOP('',(#5611,#5612,#5613,#5614,#5615,#5616));
#1147=EDGE_LOOP('',(#5617,#5618,#5619,#5620,#5621,#5622,#5623,#5624));
#1148=EDGE_LOOP('',(#5625,#5626,#5627,#5628,#5629));
#1149=EDGE_LOOP('',(#5630,#5631,#5632,#5633,#5634,#5635));
#1150=EDGE_LOOP('',(#5636,#5637,#5638,#5639));
#1151=EDGE_LOOP('',(#5640,#5641,#5642,#5643,#5644,#5645));
#1152=EDGE_LOOP('',(#5646,#5647,#5648));
#1153=EDGE_LOOP('',(#5649,#5650,#5651));
#1154=EDGE_LOOP('',(#5652,#5653,#5654,#5655,#5656,#5657));
#1155=EDGE_LOOP('',(#5658,#5659,#5660,#5661));
#1156=EDGE_LOOP('',(#5662,#5663,#5664,#5665));
#1157=EDGE_LOOP('',(#5666,#5667,#5668,#5669));
#1158=EDGE_LOOP('',(#5670,#5671,#5672,#5673,#5674,#5675,#5676));
#1159=EDGE_LOOP('',(#5677,#5678,#5679,#5680,#5681,#5682,#5683,#5684,#5685,
#5686,#5687,#5688));
#1160=EDGE_LOOP('',(#5689,#5690,#5691,#5692,#5693));
#1161=EDGE_LOOP('',(#5694,#5695,#5696,#5697));
#1162=EDGE_LOOP('',(#5698,#5699,#5700,#5701));
#1163=EDGE_LOOP('',(#5702,#5703,#5704,#5705));
#1164=EDGE_LOOP('',(#5706,#5707,#5708,#5709));
#1165=EDGE_LOOP('',(#5710,#5711,#5712,#5713));
#1166=EDGE_LOOP('',(#5714,#5715,#5716,#5717));
#1167=EDGE_LOOP('',(#5718,#5719,#5720,#5721,#5722,#5723));
#1168=EDGE_LOOP('',(#5724,#5725,#5726,#5727));
#1169=EDGE_LOOP('',(#5728,#5729,#5730,#5731,#5732,#5733,#5734,#5735));
#1170=EDGE_LOOP('',(#5736,#5737,#5738,#5739,#5740,#5741,#5742,#5743,#5744,
#5745,#5746,#5747));
#1171=EDGE_LOOP('',(#5748,#5749,#5750,#5751));
#1172=EDGE_LOOP('',(#5752,#5753,#5754,#5755));
#1173=EDGE_LOOP('',(#5756,#5757,#5758,#5759));
#1174=EDGE_LOOP('',(#5760,#5761,#5762,#5763));
#1175=EDGE_LOOP('',(#5764,#5765,#5766,#5767,#5768));
#1176=EDGE_LOOP('',(#5769,#5770,#5771,#5772));
#1177=EDGE_LOOP('',(#5773,#5774,#5775,#5776,#5777));
#1178=EDGE_LOOP('',(#5778,#5779,#5780,#5781,#5782));
#1179=EDGE_LOOP('',(#5783,#5784,#5785,#5786,#5787,#5788));
#1180=EDGE_LOOP('',(#5789,#5790,#5791,#5792));
#1181=EDGE_LOOP('',(#5793,#5794,#5795,#5796,#5797,#5798,#5799,#5800,#5801,
#5802,#5803,#5804));
#1182=EDGE_LOOP('',(#5805));
#1183=EDGE_LOOP('',(#5806));
#1184=EDGE_LOOP('',(#5807));
#1185=EDGE_LOOP('',(#5808));
#1186=EDGE_LOOP('',(#5809,#5810,#5811,#5812));
#1187=EDGE_LOOP('',(#5813,#5814,#5815,#5816,#5817));
#1188=EDGE_LOOP('',(#5818,#5819,#5820,#5821));
#1189=EDGE_LOOP('',(#5822,#5823,#5824,#5825,#5826));
#1190=EDGE_LOOP('',(#5827,#5828,#5829,#5830));
#1191=EDGE_LOOP('',(#5831,#5832,#5833,#5834,#5835));
#1192=EDGE_LOOP('',(#5836,#5837,#5838,#5839));
#1193=EDGE_LOOP('',(#5840,#5841,#5842,#5843,#5844));
#1194=EDGE_LOOP('',(#5845));
#1195=EDGE_LOOP('',(#5846,#5847,#5848,#5849,#5850,#5851));
#1196=EDGE_LOOP('',(#5852));
#1197=EDGE_LOOP('',(#5853));
#1198=EDGE_LOOP('',(#5854));
#1199=EDGE_LOOP('',(#5855,#5856,#5857,#5858,#5859,#5860,#5861,#5862));
#1200=EDGE_LOOP('',(#5863,#5864,#5865,#5866));
#1201=EDGE_LOOP('',(#5867,#5868,#5869,#5870,#5871,#5872,#5873,#5874,#5875,
#5876,#5877,#5878,#5879,#5880,#5881,#5882));
#1202=EDGE_LOOP('',(#5883,#5884,#5885,#5886));
#1203=EDGE_LOOP('',(#5887,#5888,#5889,#5890));
#1204=EDGE_LOOP('',(#5891,#5892,#5893,#5894,#5895,#5896,#5897,#5898,#5899,
#5900,#5901,#5902,#5903,#5904,#5905,#5906));
#1205=EDGE_LOOP('',(#5907,#5908,#5909,#5910));
#1206=EDGE_LOOP('',(#5911,#5912,#5913,#5914));
#1207=EDGE_LOOP('',(#5915,#5916,#5917,#5918));
#1208=EDGE_LOOP('',(#5919,#5920,#5921,#5922,#5923));
#1209=EDGE_LOOP('',(#5924,#5925,#5926,#5927,#5928,#5929,#5930,#5931,#5932,
#5933,#5934,#5935,#5936,#5937,#5938,#5939));
#1210=EDGE_LOOP('',(#5940));
#1211=EDGE_LOOP('',(#5941));
#1212=EDGE_LOOP('',(#5942,#5943,#5944,#5945));
#1213=EDGE_LOOP('',(#5946,#5947,#5948,#5949));
#1214=EDGE_LOOP('',(#5950,#5951,#5952,#5953));
#1215=EDGE_LOOP('',(#5954,#5955,#5956,#5957,#5958,#5959));
#1216=EDGE_LOOP('',(#5960,#5961,#5962,#5963,#5964,#5965,#5966,#5967,#5968,
#5969));
#1217=EDGE_LOOP('',(#5970,#5971,#5972,#5973));
#1218=EDGE_LOOP('',(#5974,#5975,#5976,#5977,#5978,#5979,#5980,#5981,#5982,
#5983,#5984,#5985));
#1219=EDGE_LOOP('',(#5986,#5987,#5988,#5989,#5990,#5991,#5992,#5993));
#1220=EDGE_LOOP('',(#5994,#5995,#5996,#5997));
#1221=EDGE_LOOP('',(#5998,#5999,#6000,#6001));
#1222=EDGE_LOOP('',(#6002,#6003,#6004,#6005,#6006,#6007));
#1223=EDGE_LOOP('',(#6008,#6009,#6010,#6011));
#1224=EDGE_LOOP('',(#6012,#6013,#6014,#6015));
#1225=EDGE_LOOP('',(#6016,#6017,#6018,#6019,#6020,#6021,#6022,#6023));
#1226=EDGE_LOOP('',(#6024,#6025,#6026,#6027,#6028,#6029,#6030));
#1227=EDGE_LOOP('',(#6031,#6032,#6033,#6034));
#1228=EDGE_LOOP('',(#6035,#6036,#6037,#6038));
#1229=EDGE_LOOP('',(#6039,#6040,#6041,#6042));
#1230=EDGE_LOOP('',(#6043,#6044,#6045,#6046));
#1231=EDGE_LOOP('',(#6047,#6048,#6049,#6050));
#1232=EDGE_LOOP('',(#6051,#6052,#6053,#6054));
#1233=EDGE_LOOP('',(#6055,#6056,#6057,#6058));
#1234=EDGE_LOOP('',(#6059,#6060,#6061,#6062));
#1235=EDGE_LOOP('',(#6063,#6064,#6065,#6066));
#1236=EDGE_LOOP('',(#6067,#6068,#6069,#6070));
#1237=EDGE_LOOP('',(#6071,#6072,#6073,#6074));
#1238=EDGE_LOOP('',(#6075,#6076,#6077,#6078));
#1239=EDGE_LOOP('',(#6079,#6080,#6081,#6082));
#1240=EDGE_LOOP('',(#6083,#6084,#6085,#6086));
#1241=EDGE_LOOP('',(#6087,#6088,#6089,#6090));
#1242=EDGE_LOOP('',(#6091,#6092,#6093,#6094,#6095,#6096));
#1243=EDGE_LOOP('',(#6097,#6098,#6099,#6100,#6101,#6102));
#1244=EDGE_LOOP('',(#6103,#6104,#6105,#6106));
#1245=EDGE_LOOP('',(#6107,#6108,#6109,#6110,#6111,#6112,#6113,#6114));
#1246=EDGE_LOOP('',(#6115,#6116,#6117,#6118));
#1247=EDGE_LOOP('',(#6119,#6120,#6121,#6122));
#1248=EDGE_LOOP('',(#6123,#6124,#6125,#6126));
#1249=EDGE_LOOP('',(#6127,#6128,#6129,#6130,#6131,#6132,#6133,#6134,#6135));
#1250=EDGE_LOOP('',(#6136,#6137,#6138,#6139,#6140,#6141));
#1251=EDGE_LOOP('',(#6142,#6143,#6144,#6145,#6146,#6147,#6148));
#1252=EDGE_LOOP('',(#6149,#6150,#6151,#6152,#6153,#6154));
#1253=EDGE_LOOP('',(#6155,#6156,#6157,#6158));
#1254=EDGE_LOOP('',(#6159,#6160,#6161,#6162,#6163));
#1255=EDGE_LOOP('',(#6164,#6165,#6166,#6167));
#1256=EDGE_LOOP('',(#6168,#6169,#6170,#6171,#6172,#6173,#6174,#6175,#6176,
#6177,#6178,#6179,#6180));
#1257=EDGE_LOOP('',(#6181,#6182,#6183,#6184,#6185,#6186,#6187));
#1258=EDGE_LOOP('',(#6188,#6189,#6190,#6191,#6192,#6193,#6194));
#1259=EDGE_LOOP('',(#6195,#6196,#6197,#6198,#6199,#6200));
#1260=EDGE_LOOP('',(#6201,#6202,#6203,#6204,#6205));
#1261=EDGE_LOOP('',(#6206,#6207,#6208,#6209,#6210));
#1262=EDGE_LOOP('',(#6211,#6212,#6213,#6214,#6215));
#1263=EDGE_LOOP('',(#6216,#6217,#6218,#6219,#6220));
#1264=EDGE_LOOP('',(#6221,#6222,#6223,#6224));
#1265=EDGE_LOOP('',(#6225,#6226,#6227,#6228,#6229,#6230,#6231,#6232));
#1266=EDGE_LOOP('',(#6233,#6234,#6235,#6236,#6237,#6238));
#1267=EDGE_LOOP('',(#6239,#6240,#6241,#6242));
#1268=EDGE_LOOP('',(#6243,#6244,#6245,#6246));
#1269=EDGE_LOOP('',(#6247,#6248,#6249,#6250));
#1270=EDGE_LOOP('',(#6251,#6252,#6253,#6254));
#1271=EDGE_LOOP('',(#6255,#6256,#6257,#6258,#6259));
#1272=EDGE_LOOP('',(#6260,#6261,#6262,#6263));
#1273=EDGE_LOOP('',(#6264,#6265,#6266,#6267));
#1274=EDGE_LOOP('',(#6268,#6269,#6270,#6271,#6272));
#1275=EDGE_LOOP('',(#6273,#6274,#6275,#6276));
#1276=EDGE_LOOP('',(#6277,#6278,#6279,#6280,#6281,#6282,#6283,#6284,#6285,
#6286));
#1277=EDGE_LOOP('',(#6287,#6288,#6289,#6290,#6291,#6292,#6293,#6294,#6295,
#6296));
#1278=EDGE_LOOP('',(#6297,#6298,#6299,#6300));
#1279=EDGE_LOOP('',(#6301,#6302,#6303,#6304,#6305,#6306,#6307,#6308,#6309));
#1280=EDGE_LOOP('',(#6310,#6311,#6312,#6313,#6314,#6315,#6316,#6317,#6318));
#1281=EDGE_LOOP('',(#6319,#6320,#6321,#6322));
#1282=EDGE_LOOP('',(#6323,#6324,#6325,#6326));
#1283=EDGE_LOOP('',(#6327,#6328,#6329,#6330));
#1284=EDGE_LOOP('',(#6331,#6332,#6333,#6334));
#1285=EDGE_LOOP('',(#6335,#6336,#6337,#6338,#6339));
#1286=EDGE_LOOP('',(#6340,#6341,#6342,#6343));
#1287=EDGE_LOOP('',(#6344,#6345,#6346,#6347,#6348));
#1288=EDGE_LOOP('',(#6349,#6350,#6351));
#1289=EDGE_LOOP('',(#6352,#6353,#6354,#6355,#6356));
#1290=EDGE_LOOP('',(#6357,#6358,#6359,#6360));
#1291=EDGE_LOOP('',(#6361,#6362,#6363,#6364,#6365));
#1292=EDGE_LOOP('',(#6366,#6367,#6368,#6369,#6370,#6371));
#1293=EDGE_LOOP('',(#6372,#6373,#6374,#6375,#6376,#6377));
#1294=EDGE_LOOP('',(#6378,#6379,#6380,#6381,#6382,#6383,#6384,#6385));
#1295=EDGE_LOOP('',(#6386,#6387,#6388,#6389));
#1296=EDGE_LOOP('',(#6390,#6391,#6392,#6393,#6394));
#1297=EDGE_LOOP('',(#6395,#6396,#6397));
#1298=EDGE_LOOP('',(#6398,#6399,#6400));
#1299=EDGE_LOOP('',(#6401,#6402,#6403));
#1300=EDGE_LOOP('',(#6404,#6405,#6406));
#1301=EDGE_LOOP('',(#6407,#6408,#6409,#6410,#6411,#6412,#6413));
#1302=EDGE_LOOP('',(#6414,#6415,#6416,#6417,#6418));
#1303=EDGE_LOOP('',(#6419,#6420,#6421,#6422,#6423));
#1304=EDGE_LOOP('',(#6424,#6425,#6426,#6427,#6428));
#1305=EDGE_LOOP('',(#6429,#6430,#6431));
#1306=EDGE_LOOP('',(#6432,#6433,#6434,#6435,#6436,#6437,#6438,#6439,#6440,
#6441,#6442,#6443,#6444,#6445,#6446,#6447,#6448,#6449,#6450,#6451));
#1307=EDGE_LOOP('',(#6452,#6453,#6454,#6455));
#1308=EDGE_LOOP('',(#6456,#6457,#6458,#6459));
#1309=EDGE_LOOP('',(#6460,#6461,#6462,#6463));
#1310=EDGE_LOOP('',(#6464,#6465,#6466,#6467));
#1311=EDGE_LOOP('',(#6468,#6469,#6470,#6471));
#1312=EDGE_LOOP('',(#6472,#6473,#6474,#6475));
#1313=EDGE_LOOP('',(#6476,#6477,#6478,#6479));
#1314=EDGE_LOOP('',(#6480,#6481,#6482));
#1315=EDGE_LOOP('',(#6483,#6484,#6485,#6486,#6487));
#1316=EDGE_LOOP('',(#6488,#6489,#6490,#6491));
#1317=EDGE_LOOP('',(#6492,#6493,#6494,#6495));
#1318=EDGE_LOOP('',(#6496,#6497,#6498,#6499));
#1319=EDGE_LOOP('',(#6500,#6501,#6502,#6503));
#1320=EDGE_LOOP('',(#6504,#6505,#6506,#6507));
#1321=EDGE_LOOP('',(#6508,#6509,#6510,#6511));
#1322=EDGE_LOOP('',(#6512,#6513,#6514,#6515));
#1323=EDGE_LOOP('',(#6516,#6517,#6518,#6519));
#1324=EDGE_LOOP('',(#6520,#6521,#6522,#6523,#6524,#6525));
#1325=EDGE_LOOP('',(#6526,#6527,#6528,#6529,#6530,#6531,#6532,#6533,#6534,
#6535,#6536,#6537,#6538,#6539,#6540,#6541,#6542,#6543,#6544,#6545));
#1326=EDGE_LOOP('',(#6546,#6547,#6548,#6549));
#1327=EDGE_LOOP('',(#6550,#6551,#6552,#6553,#6554));
#1328=EDGE_LOOP('',(#6555,#6556,#6557));
#1329=EDGE_LOOP('',(#6558,#6559,#6560));
#1330=EDGE_LOOP('',(#6561,#6562,#6563,#6564,#6565));
#1331=EDGE_LOOP('',(#6566,#6567,#6568,#6569));
#1332=EDGE_LOOP('',(#6570,#6571,#6572,#6573));
#1333=EDGE_LOOP('',(#6574,#6575,#6576,#6577));
#1334=EDGE_LOOP('',(#6578,#6579,#6580,#6581));
#1335=EDGE_LOOP('',(#6582,#6583,#6584,#6585));
#1336=EDGE_LOOP('',(#6586,#6587,#6588,#6589));
#1337=EDGE_LOOP('',(#6590,#6591,#6592,#6593));
#1338=EDGE_LOOP('',(#6594,#6595,#6596,#6597));
#1339=EDGE_LOOP('',(#6598,#6599,#6600,#6601));
#1340=EDGE_LOOP('',(#6602,#6603,#6604,#6605));
#1341=EDGE_LOOP('',(#6606,#6607,#6608,#6609));
#1342=EDGE_LOOP('',(#6610,#6611,#6612,#6613,#6614,#6615,#6616,#6617,#6618,
#6619,#6620,#6621,#6622,#6623,#6624,#6625,#6626,#6627,#6628,#6629));
#1343=EDGE_LOOP('',(#6630,#6631,#6632,#6633));
#1344=EDGE_LOOP('',(#6634,#6635,#6636,#6637));
#1345=EDGE_LOOP('',(#6638,#6639,#6640,#6641));
#1346=EDGE_LOOP('',(#6642,#6643,#6644,#6645,#6646,#6647,#6648,#6649,#6650,
#6651,#6652,#6653,#6654,#6655,#6656,#6657,#6658,#6659,#6660,#6661));
#1347=EDGE_LOOP('',(#6662,#6663,#6664,#6665));
#1348=EDGE_LOOP('',(#6666,#6667,#6668,#6669,#6670,#6671));
#1349=EDGE_LOOP('',(#6672,#6673,#6674,#6675));
#1350=EDGE_LOOP('',(#6676,#6677,#6678,#6679));
#1351=EDGE_LOOP('',(#6680,#6681,#6682,#6683));
#1352=EDGE_LOOP('',(#6684,#6685,#6686,#6687));
#1353=EDGE_LOOP('',(#6688,#6689,#6690,#6691,#6692,#6693));
#1354=EDGE_LOOP('',(#6694,#6695,#6696,#6697));
#1355=EDGE_LOOP('',(#6698,#6699,#6700,#6701));
#1356=EDGE_LOOP('',(#6702,#6703,#6704,#6705));
#1357=EDGE_LOOP('',(#6706,#6707,#6708,#6709));
#1358=EDGE_LOOP('',(#6710,#6711,#6712,#6713));
#1359=EDGE_LOOP('',(#6714,#6715,#6716,#6717));
#1360=EDGE_LOOP('',(#6718,#6719,#6720,#6721));
#1361=EDGE_LOOP('',(#6722,#6723,#6724,#6725));
#1362=EDGE_LOOP('',(#6726,#6727,#6728,#6729));
#1363=EDGE_LOOP('',(#6730,#6731,#6732,#6733));
#1364=EDGE_LOOP('',(#6734,#6735,#6736,#6737));
#1365=EDGE_LOOP('',(#6738,#6739,#6740,#6741));
#1366=EDGE_LOOP('',(#6742,#6743,#6744,#6745));
#1367=EDGE_LOOP('',(#6746,#6747,#6748,#6749));
#1368=EDGE_LOOP('',(#6750,#6751,#6752,#6753));
#1369=EDGE_LOOP('',(#6754,#6755,#6756,#6757));
#1370=EDGE_LOOP('',(#6758,#6759,#6760,#6761));
#1371=EDGE_LOOP('',(#6762,#6763,#6764,#6765));
#1372=EDGE_LOOP('',(#6766,#6767,#6768,#6769));
#1373=EDGE_LOOP('',(#6770,#6771,#6772,#6773));
#1374=EDGE_LOOP('',(#6774,#6775,#6776,#6777));
#1375=EDGE_LOOP('',(#6778,#6779,#6780,#6781));
#1376=EDGE_LOOP('',(#6782,#6783,#6784,#6785));
#1377=EDGE_LOOP('',(#6786,#6787,#6788,#6789,#6790,#6791));
#1378=EDGE_LOOP('',(#6792,#6793,#6794,#6795));
#1379=EDGE_LOOP('',(#6796,#6797,#6798,#6799));
#1380=EDGE_LOOP('',(#6800,#6801,#6802,#6803));
#1381=EDGE_LOOP('',(#6804,#6805,#6806,#6807));
#1382=EDGE_LOOP('',(#6808,#6809,#6810,#6811));
#1383=EDGE_LOOP('',(#6812,#6813,#6814,#6815));
#1384=EDGE_LOOP('',(#6816,#6817,#6818,#6819));
#1385=EDGE_LOOP('',(#6820,#6821,#6822,#6823));
#1386=EDGE_LOOP('',(#6824,#6825,#6826,#6827));
#1387=EDGE_LOOP('',(#6828,#6829,#6830,#6831));
#1388=EDGE_LOOP('',(#6832,#6833,#6834,#6835));
#1389=EDGE_LOOP('',(#6836,#6837,#6838,#6839));
#1390=EDGE_LOOP('',(#6840,#6841,#6842,#6843));
#1391=EDGE_LOOP('',(#6844,#6845,#6846,#6847));
#1392=EDGE_LOOP('',(#6848,#6849,#6850,#6851));
#1393=EDGE_LOOP('',(#6852,#6853,#6854,#6855));
#1394=EDGE_LOOP('',(#6856,#6857,#6858,#6859,#6860,#6861,#6862,#6863,#6864,
#6865,#6866,#6867,#6868,#6869,#6870,#6871));
#1395=EDGE_LOOP('',(#6872));
#1396=EDGE_LOOP('',(#6873));
#1397=EDGE_LOOP('',(#6874,#6875,#6876,#6877));
#1398=EDGE_LOOP('',(#6878,#6879,#6880,#6881));
#1399=EDGE_LOOP('',(#6882,#6883,#6884,#6885));
#1400=EDGE_LOOP('',(#6886,#6887,#6888,#6889));
#1401=EDGE_LOOP('',(#6890,#6891,#6892,#6893));
#1402=EDGE_LOOP('',(#6894,#6895,#6896,#6897));
#1403=EDGE_LOOP('',(#6898,#6899,#6900,#6901));
#1404=EDGE_LOOP('',(#6902,#6903,#6904,#6905));
#1405=EDGE_LOOP('',(#6906,#6907,#6908,#6909));
#1406=EDGE_LOOP('',(#6910,#6911,#6912,#6913));
#1407=EDGE_LOOP('',(#6914,#6915,#6916,#6917));
#1408=EDGE_LOOP('',(#6918,#6919,#6920,#6921,#6922,#6923,#6924,#6925,#6926,
#6927));
#1409=EDGE_LOOP('',(#6928,#6929,#6930,#6931,#6932,#6933,#6934,#6935,#6936,
#6937,#6938,#6939));
#1410=EDGE_LOOP('',(#6940,#6941,#6942,#6943));
#1411=EDGE_LOOP('',(#6944,#6945,#6946,#6947));
#1412=EDGE_LOOP('',(#6948,#6949,#6950,#6951));
#1413=EDGE_LOOP('',(#6952,#6953,#6954,#6955));
#1414=EDGE_LOOP('',(#6956,#6957,#6958,#6959,#6960,#6961,#6962));
#1415=EDGE_LOOP('',(#6963,#6964,#6965,#6966));
#1416=EDGE_LOOP('',(#6967,#6968,#6969,#6970));
#1417=EDGE_LOOP('',(#6971,#6972,#6973,#6974));
#1418=EDGE_LOOP('',(#6975,#6976,#6977,#6978));
#1419=EDGE_LOOP('',(#6979,#6980,#6981,#6982,#6983,#6984,#6985,#6986,#6987,
#6988,#6989,#6990));
#1420=EDGE_LOOP('',(#6991,#6992,#6993,#6994,#6995,#6996,#6997,#6998,#6999));
#1421=EDGE_LOOP('',(#7000,#7001,#7002,#7003));
#1422=LINE('',#10080,#2144);
#1423=LINE('',#10092,#2145);
#1424=LINE('',#10106,#2146);
#1425=LINE('',#10112,#2147);
#1426=LINE('',#10115,#2148);
#1427=LINE('',#10116,#2149);
#1428=LINE('',#10126,#2150);
#1429=LINE('',#10144,#2151);
#1430=LINE('',#10147,#2152);
#1431=LINE('',#10148,#2153);
#1432=LINE('',#10165,#2154);
#1433=LINE('',#10167,#2155);
#1434=LINE('',#10168,#2156);
#1435=LINE('',#10172,#2157);
#1436=LINE('',#10173,#2158);
#1437=LINE('',#10174,#2159);
#1438=LINE('',#10177,#2160);
#1439=LINE('',#10178,#2161);
#1440=LINE('',#10180,#2162);
#1441=LINE('',#10185,#2163);
#1442=LINE('',#10187,#2164);
#1443=LINE('',#10188,#2165);
#1444=LINE('',#10191,#2166);
#1445=LINE('',#10193,#2167);
#1446=LINE('',#10194,#2168);
#1447=LINE('',#10197,#2169);
#1448=LINE('',#10198,#2170);
#1449=LINE('',#10200,#2171);
#1450=LINE('',#10210,#2172);
#1451=LINE('',#10222,#2173);
#1452=LINE('',#10241,#2174);
#1453=LINE('',#10242,#2175);
#1454=LINE('',#10245,#2176);
#1455=LINE('',#10246,#2177);
#1456=LINE('',#10260,#2178);
#1457=LINE('',#10274,#2179);
#1458=LINE('',#10277,#2180);
#1459=LINE('',#10278,#2181);
#1460=LINE('',#10295,#2182);
#1461=LINE('',#10297,#2183);
#1462=LINE('',#10303,#2184);
#1463=LINE('',#10306,#2185);
#1464=LINE('',#10308,#2186);
#1465=LINE('',#10309,#2187);
#1466=LINE('',#10312,#2188);
#1467=LINE('',#10313,#2189);
#1468=LINE('',#10327,#2190);
#1469=LINE('',#10329,#2191);
#1470=LINE('',#10339,#2192);
#1471=LINE('',#10341,#2193);
#1472=LINE('',#10352,#2194);
#1473=LINE('',#10367,#2195);
#1474=LINE('',#10368,#2196);
#1475=LINE('',#10371,#2197);
#1476=LINE('',#10372,#2198);
#1477=LINE('',#10375,#2199);
#1478=LINE('',#10376,#2200);
#1479=LINE('',#10379,#2201);
#1480=LINE('',#10380,#2202);
#1481=LINE('',#10394,#2203);
#1482=LINE('',#10412,#2204);
#1483=LINE('',#10414,#2205);
#1484=LINE('',#10416,#2206);
#1485=LINE('',#10417,#2207);
#1486=LINE('',#10421,#2208);
#1487=LINE('',#10422,#2209);
#1488=LINE('',#10423,#2210);
#1489=LINE('',#10426,#2211);
#1490=LINE('',#10427,#2212);
#1491=LINE('',#10430,#2213);
#1492=LINE('',#10431,#2214);
#1493=LINE('',#10433,#2215);
#1494=LINE('',#10453,#2216);
#1495=LINE('',#10487,#2217);
#1496=LINE('',#10493,#2218);
#1497=LINE('',#10503,#2219);
#1498=LINE('',#10517,#2220);
#1499=LINE('',#10523,#2221);
#1500=LINE('',#10533,#2222);
#1501=LINE('',#10547,#2223);
#1502=LINE('',#10565,#2224);
#1503=LINE('',#10580,#2225);
#1504=LINE('',#10581,#2226);
#1505=LINE('',#10598,#2227);
#1506=LINE('',#10600,#2228);
#1507=LINE('',#10602,#2229);
#1508=LINE('',#10645,#2230);
#1509=LINE('',#10646,#2231);
#1510=LINE('',#10647,#2232);
#1511=LINE('',#10650,#2233);
#1512=LINE('',#10651,#2234);
#1513=LINE('',#10654,#2235);
#1514=LINE('',#10655,#2236);
#1515=LINE('',#10670,#2237);
#1516=LINE('',#10671,#2238);
#1517=LINE('',#10685,#2239);
#1518=LINE('',#10699,#2240);
#1519=LINE('',#10713,#2241);
#1520=LINE('',#10727,#2242);
#1521=LINE('',#10753,#2243);
#1522=LINE('',#10770,#2244);
#1523=LINE('',#10792,#2245);
#1524=LINE('',#10793,#2246);
#1525=LINE('',#10817,#2247);
#1526=LINE('',#10818,#2248);
#1527=LINE('',#10819,#2249);
#1528=LINE('',#10822,#2250);
#1529=LINE('',#10823,#2251);
#1530=LINE('',#10826,#2252);
#1531=LINE('',#10827,#2253);
#1532=LINE('',#10842,#2254);
#1533=LINE('',#10843,#2255);
#1534=LINE('',#10857,#2256);
#1535=LINE('',#10871,#2257);
#1536=LINE('',#10885,#2258);
#1537=LINE('',#10899,#2259);
#1538=LINE('',#10925,#2260);
#1539=LINE('',#10954,#2261);
#1540=LINE('',#10960,#2262);
#1541=LINE('',#10979,#2263);
#1542=LINE('',#10995,#2264);
#1543=LINE('',#11001,#2265);
#1544=LINE('',#11020,#2266);
#1545=LINE('',#11039,#2267);
#1546=LINE('',#11054,#2268);
#1547=LINE('',#11077,#2269);
#1548=LINE('',#11079,#2270);
#1549=LINE('',#11080,#2271);
#1550=LINE('',#11102,#2272);
#1551=LINE('',#11104,#2273);
#1552=LINE('',#11106,#2274);
#1553=LINE('',#11107,#2275);
#1554=LINE('',#11111,#2276);
#1555=LINE('',#11112,#2277);
#1556=LINE('',#11113,#2278);
#1557=LINE('',#11116,#2279);
#1558=LINE('',#11117,#2280);
#1559=LINE('',#11120,#2281);
#1560=LINE('',#11121,#2282);
#1561=LINE('',#11123,#2283);
#1562=LINE('',#11132,#2284);
#1563=LINE('',#11144,#2285);
#1564=LINE('',#11145,#2286);
#1565=LINE('',#11160,#2287);
#1566=LINE('',#11161,#2288);
#1567=LINE('',#11164,#2289);
#1568=LINE('',#11165,#2290);
#1569=LINE('',#11168,#2291);
#1570=LINE('',#11169,#2292);
#1571=LINE('',#11172,#2293);
#1572=LINE('',#11173,#2294);
#1573=LINE('',#11187,#2295);
#1574=LINE('',#11203,#2296);
#1575=LINE('',#11205,#2297);
#1576=LINE('',#11207,#2298);
#1577=LINE('',#11208,#2299);
#1578=LINE('',#11211,#2300);
#1579=LINE('',#11213,#2301);
#1580=LINE('',#11214,#2302);
#1581=LINE('',#11229,#2303);
#1582=LINE('',#11235,#2304);
#1583=LINE('',#11236,#2305);
#1584=LINE('',#11251,#2306);
#1585=LINE('',#11262,#2307);
#1586=LINE('',#11277,#2308);
#1587=LINE('',#11278,#2309);
#1588=LINE('',#11281,#2310);
#1589=LINE('',#11282,#2311);
#1590=LINE('',#11296,#2312);
#1591=LINE('',#11310,#2313);
#1592=LINE('',#11313,#2314);
#1593=LINE('',#11314,#2315);
#1594=LINE('',#11330,#2316);
#1595=LINE('',#11332,#2317);
#1596=LINE('',#11334,#2318);
#1597=LINE('',#11335,#2319);
#1598=LINE('',#11338,#2320);
#1599=LINE('',#11340,#2321);
#1600=LINE('',#11341,#2322);
#1601=LINE('',#11343,#2323);
#1602=LINE('',#11344,#2324);
#1603=LINE('',#11349,#2325);
#1604=LINE('',#11351,#2326);
#1605=LINE('',#11352,#2327);
#1606=LINE('',#11356,#2328);
#1607=LINE('',#11357,#2329);
#1608=LINE('',#11358,#2330);
#1609=LINE('',#11361,#2331);
#1610=LINE('',#11362,#2332);
#1611=LINE('',#11364,#2333);
#1612=LINE('',#11380,#2334);
#1613=LINE('',#11386,#2335);
#1614=LINE('',#11389,#2336);
#1615=LINE('',#11391,#2337);
#1616=LINE('',#11392,#2338);
#1617=LINE('',#11411,#2339);
#1618=LINE('',#11426,#2340);
#1619=LINE('',#11433,#2341);
#1620=LINE('',#11435,#2342);
#1621=LINE('',#11436,#2343);
#1622=LINE('',#11459,#2344);
#1623=LINE('',#11462,#2345);
#1624=LINE('',#11465,#2346);
#1625=LINE('',#11467,#2347);
#1626=LINE('',#11468,#2348);
#1627=LINE('',#11474,#2349);
#1628=LINE('',#11477,#2350);
#1629=LINE('',#11480,#2351);
#1630=LINE('',#11482,#2352);
#1631=LINE('',#11483,#2353);
#1632=LINE('',#11489,#2354);
#1633=LINE('',#11492,#2355);
#1634=LINE('',#11495,#2356);
#1635=LINE('',#11497,#2357);
#1636=LINE('',#11498,#2358);
#1637=LINE('',#11500,#2359);
#1638=LINE('',#11503,#2360);
#1639=LINE('',#11506,#2361);
#1640=LINE('',#11507,#2362);
#1641=LINE('',#11513,#2363);
#1642=LINE('',#11516,#2364);
#1643=LINE('',#11519,#2365);
#1644=LINE('',#11520,#2366);
#1645=LINE('',#11522,#2367);
#1646=LINE('',#11524,#2368);
#1647=LINE('',#11527,#2369);
#1648=LINE('',#11530,#2370);
#1649=LINE('',#11531,#2371);
#1650=LINE('',#11536,#2372);
#1651=LINE('',#11537,#2373);
#1652=LINE('',#11539,#2374);
#1653=LINE('',#11544,#2375);
#1654=LINE('',#11545,#2376);
#1655=LINE('',#11547,#2377);
#1656=LINE('',#11550,#2378);
#1657=LINE('',#11551,#2379);
#1658=LINE('',#11554,#2380);
#1659=LINE('',#11555,#2381);
#1660=LINE('',#11557,#2382);
#1661=LINE('',#11559,#2383);
#1662=LINE('',#11563,#2384);
#1663=LINE('',#11565,#2385);
#1664=LINE('',#11567,#2386);
#1665=LINE('',#11568,#2387);
#1666=LINE('',#11571,#2388);
#1667=LINE('',#11573,#2389);
#1668=LINE('',#11575,#2390);
#1669=LINE('',#11576,#2391);
#1670=LINE('',#11579,#2392);
#1671=LINE('',#11581,#2393);
#1672=LINE('',#11583,#2394);
#1673=LINE('',#11585,#2395);
#1674=LINE('',#11587,#2396);
#1675=LINE('',#11589,#2397);
#1676=LINE('',#11593,#2398);
#1677=LINE('',#11595,#2399);
#1678=LINE('',#11597,#2400);
#1679=LINE('',#11599,#2401);
#1680=LINE('',#11600,#2402);
#1681=LINE('',#11603,#2403);
#1682=LINE('',#11604,#2404);
#1683=LINE('',#11608,#2405);
#1684=LINE('',#11609,#2406);
#1685=LINE('',#11610,#2407);
#1686=LINE('',#11614,#2408);
#1687=LINE('',#11615,#2409);
#1688=LINE('',#11616,#2410);
#1689=LINE('',#11618,#2411);
#1690=LINE('',#11620,#2412);
#1691=LINE('',#12189,#2413);
#1692=LINE('',#12664,#2414);
#1693=LINE('',#12681,#2415);
#1694=LINE('',#12684,#2416);
#1695=LINE('',#12697,#2417);
#1696=LINE('',#12701,#2418);
#1697=LINE('',#12703,#2419);
#1698=LINE('',#12706,#2420);
#1699=LINE('',#12708,#2421);
#1700=LINE('',#12710,#2422);
#1701=LINE('',#12711,#2423);
#1702=LINE('',#12714,#2424);
#1703=LINE('',#13187,#2425);
#1704=LINE('',#13198,#2426);
#1705=LINE('',#13672,#2427);
#1706=LINE('',#13677,#2428);
#1707=LINE('',#13913,#2429);
#1708=LINE('',#13924,#2430);
#1709=LINE('',#13929,#2431);
#1710=LINE('',#13930,#2432);
#1711=LINE('',#13933,#2433);
#1712=LINE('',#13935,#2434);
#1713=LINE('',#13937,#2435);
#1714=LINE('',#13941,#2436);
#1715=LINE('',#13945,#2437);
#1716=LINE('',#13946,#2438);
#1717=LINE('',#13950,#2439);
#1718=LINE('',#13953,#2440);
#1719=LINE('',#13954,#2441);
#1720=LINE('',#13957,#2442);
#1721=LINE('',#13959,#2443);
#1722=LINE('',#13961,#2444);
#1723=LINE('',#13965,#2445);
#1724=LINE('',#13969,#2446);
#1725=LINE('',#13971,#2447);
#1726=LINE('',#13973,#2448);
#1727=LINE('',#13978,#2449);
#1728=LINE('',#13980,#2450);
#1729=LINE('',#13987,#2451);
#1730=LINE('',#13989,#2452);
#1731=LINE('',#13991,#2453);
#1732=LINE('',#13995,#2454);
#1733=LINE('',#13997,#2455);
#1734=LINE('',#13999,#2456);
#1735=LINE('',#14003,#2457);
#1736=LINE('',#14005,#2458);
#1737=LINE('',#14006,#2459);
#1738=LINE('',#14014,#2460);
#1739=LINE('',#14016,#2461);
#1740=LINE('',#14018,#2462);
#1741=LINE('',#14019,#2463);
#1742=LINE('',#14024,#2464);
#1743=LINE('',#14029,#2465);
#1744=LINE('',#14032,#2466);
#1745=LINE('',#14036,#2467);
#1746=LINE('',#14037,#2468);
#1747=LINE('',#14040,#2469);
#1748=LINE('',#14042,#2470);
#1749=LINE('',#14044,#2471);
#1750=LINE('',#14046,#2472);
#1751=LINE('',#14048,#2473);
#1752=LINE('',#14050,#2474);
#1753=LINE('',#14052,#2475);
#1754=LINE('',#14053,#2476);
#1755=LINE('',#14056,#2477);
#1756=LINE('',#14058,#2478);
#1757=LINE('',#14060,#2479);
#1758=LINE('',#14061,#2480);
#1759=LINE('',#14064,#2481);
#1760=LINE('',#14066,#2482);
#1761=LINE('',#14068,#2483);
#1762=LINE('',#14070,#2484);
#1763=LINE('',#14072,#2485);
#1764=LINE('',#14073,#2486);
#1765=LINE('',#14075,#2487);
#1766=LINE('',#14077,#2488);
#1767=LINE('',#14079,#2489);
#1768=LINE('',#14081,#2490);
#1769=LINE('',#14083,#2491);
#1770=LINE('',#14084,#2492);
#1771=LINE('',#14087,#2493);
#1772=LINE('',#14089,#2494);
#1773=LINE('',#14091,#2495);
#1774=LINE('',#14093,#2496);
#1775=LINE('',#14095,#2497);
#1776=LINE('',#14097,#2498);
#1777=LINE('',#14098,#2499);
#1778=LINE('',#14101,#2500);
#1779=LINE('',#14103,#2501);
#1780=LINE('',#14104,#2502);
#1781=LINE('',#14109,#2503);
#1782=LINE('',#14112,#2504);
#1783=LINE('',#14117,#2505);
#1784=LINE('',#14119,#2506);
#1785=LINE('',#14138,#2507);
#1786=LINE('',#14142,#2508);
#1787=LINE('',#14144,#2509);
#1788=LINE('',#14145,#2510);
#1789=LINE('',#14148,#2511);
#1790=LINE('',#14149,#2512);
#1791=LINE('',#14152,#2513);
#1792=LINE('',#14153,#2514);
#1793=LINE('',#14155,#2515);
#1794=LINE('',#14159,#2516);
#1795=LINE('',#14161,#2517);
#1796=LINE('',#14163,#2518);
#1797=LINE('',#14164,#2519);
#1798=LINE('',#14166,#2520);
#1799=LINE('',#14167,#2521);
#1800=LINE('',#14169,#2522);
#1801=LINE('',#14171,#2523);
#1802=LINE('',#14177,#2524);
#1803=LINE('',#14178,#2525);
#1804=LINE('',#14181,#2526);
#1805=LINE('',#14185,#2527);
#1806=LINE('',#14187,#2528);
#1807=LINE('',#14188,#2529);
#1808=LINE('',#14194,#2530);
#1809=LINE('',#14196,#2531);
#1810=LINE('',#14202,#2532);
#1811=LINE('',#14208,#2533);
#1812=LINE('',#14226,#2534);
#1813=LINE('',#14244,#2535);
#1814=LINE('',#14247,#2536);
#1815=LINE('',#14250,#2537);
#1816=LINE('',#14252,#2538);
#1817=LINE('',#14254,#2539);
#1818=LINE('',#14258,#2540);
#1819=LINE('',#14260,#2541);
#1820=LINE('',#14261,#2542);
#1821=LINE('',#14264,#2543);
#1822=LINE('',#14265,#2544);
#1823=LINE('',#14271,#2545);
#1824=LINE('',#14274,#2546);
#1825=LINE('',#14277,#2547);
#1826=LINE('',#14279,#2548);
#1827=LINE('',#14280,#2549);
#1828=LINE('',#14282,#2550);
#1829=LINE('',#14284,#2551);
#1830=LINE('',#14290,#2552);
#1831=LINE('',#14291,#2553);
#1832=LINE('',#14293,#2554);
#1833=LINE('',#14296,#2555);
#1834=LINE('',#14299,#2556);
#1835=LINE('',#14301,#2557);
#1836=LINE('',#14303,#2558);
#1837=LINE('',#14305,#2559);
#1838=LINE('',#14307,#2560);
#1839=LINE('',#14308,#2561);
#1840=LINE('',#14310,#2562);
#1841=LINE('',#14312,#2563);
#1842=LINE('',#14316,#2564);
#1843=LINE('',#14319,#2565);
#1844=LINE('',#14322,#2566);
#1845=LINE('',#14323,#2567);
#1846=LINE('',#14326,#2568);
#1847=LINE('',#14328,#2569);
#1848=LINE('',#14329,#2570);
#1849=LINE('',#14332,#2571);
#1850=LINE('',#14334,#2572);
#1851=LINE('',#14335,#2573);
#1852=LINE('',#14336,#2574);
#1853=LINE('',#14338,#2575);
#1854=LINE('',#14339,#2576);
#1855=LINE('',#14342,#2577);
#1856=LINE('',#14344,#2578);
#1857=LINE('',#14346,#2579);
#1858=LINE('',#14347,#2580);
#1859=LINE('',#14348,#2581);
#1860=LINE('',#14351,#2582);
#1861=LINE('',#14352,#2583);
#1862=LINE('',#14354,#2584);
#1863=LINE('',#14356,#2585);
#1864=LINE('',#14357,#2586);
#1865=LINE('',#14360,#2587);
#1866=LINE('',#14362,#2588);
#1867=LINE('',#14363,#2589);
#1868=LINE('',#14366,#2590);
#1869=LINE('',#14368,#2591);
#1870=LINE('',#14372,#2592);
#1871=LINE('',#14376,#2593);
#1872=LINE('',#14377,#2594);
#1873=LINE('',#14381,#2595);
#1874=LINE('',#14383,#2596);
#1875=LINE('',#14384,#2597);
#1876=LINE('',#14385,#2598);
#1877=LINE('',#14391,#2599);
#1878=LINE('',#14393,#2600);
#1879=LINE('',#14395,#2601);
#1880=LINE('',#14396,#2602);
#1881=LINE('',#14399,#2603);
#1882=LINE('',#14401,#2604);
#1883=LINE('',#14402,#2605);
#1884=LINE('',#14406,#2606);
#1885=LINE('',#14407,#2607);
#1886=LINE('',#14409,#2608);
#1887=LINE('',#14411,#2609);
#1888=LINE('',#14413,#2610);
#1889=LINE('',#14414,#2611);
#1890=LINE('',#14417,#2612);
#1891=LINE('',#14418,#2613);
#1892=LINE('',#14421,#2614);
#1893=LINE('',#14423,#2615);
#1894=LINE('',#14424,#2616);
#1895=LINE('',#14427,#2617);
#1896=LINE('',#14429,#2618);
#1897=LINE('',#14430,#2619);
#1898=LINE('',#14437,#2620);
#1899=LINE('',#14438,#2621);
#1900=LINE('',#14439,#2622);
#1901=LINE('',#14445,#2623);
#1902=LINE('',#14446,#2624);
#1903=LINE('',#14447,#2625);
#1904=LINE('',#14450,#2626);
#1905=LINE('',#14455,#2627);
#1906=LINE('',#14456,#2628);
#1907=LINE('',#14459,#2629);
#1908=LINE('',#14461,#2630);
#1909=LINE('',#14463,#2631);
#1910=LINE('',#14464,#2632);
#1911=LINE('',#14467,#2633);
#1912=LINE('',#14469,#2634);
#1913=LINE('',#14470,#2635);
#1914=LINE('',#14471,#2636);
#1915=LINE('',#14475,#2637);
#1916=LINE('',#14476,#2638);
#1917=LINE('',#14477,#2639);
#1918=LINE('',#14479,#2640);
#1919=LINE('',#14481,#2641);
#1920=LINE('',#14484,#2642);
#1921=LINE('',#14487,#2643);
#1922=LINE('',#14488,#2644);
#1923=LINE('',#14491,#2645);
#1924=LINE('',#14492,#2646);
#1925=LINE('',#14494,#2647);
#1926=LINE('',#14496,#2648);
#1927=LINE('',#14498,#2649);
#1928=LINE('',#14500,#2650);
#1929=LINE('',#14504,#2651);
#1930=LINE('',#14507,#2652);
#1931=LINE('',#14509,#2653);
#1932=LINE('',#14511,#2654);
#1933=LINE('',#14516,#2655);
#1934=LINE('',#14521,#2656);
#1935=LINE('',#14523,#2657);
#1936=LINE('',#14525,#2658);
#1937=LINE('',#14527,#2659);
#1938=LINE('',#14528,#2660);
#1939=LINE('',#14531,#2661);
#1940=LINE('',#14532,#2662);
#1941=LINE('',#14536,#2663);
#1942=LINE('',#14538,#2664);
#1943=LINE('',#14540,#2665);
#1944=LINE('',#14544,#2666);
#1945=LINE('',#14546,#2667);
#1946=LINE('',#14548,#2668);
#1947=LINE('',#14552,#2669);
#1948=LINE('',#14554,#2670);
#1949=LINE('',#14556,#2671);
#1950=LINE('',#14558,#2672);
#1951=LINE('',#14560,#2673);
#1952=LINE('',#14564,#2674);
#1953=LINE('',#14566,#2675);
#1954=LINE('',#14568,#2676);
#1955=LINE('',#14570,#2677);
#1956=LINE('',#14573,#2678);
#1957=LINE('',#14575,#2679);
#1958=LINE('',#14576,#2680);
#1959=LINE('',#14579,#2681);
#1960=LINE('',#14580,#2682);
#1961=LINE('',#14583,#2683);
#1962=LINE('',#14587,#2684);
#1963=LINE('',#14591,#2685);
#1964=LINE('',#14592,#2686);
#1965=LINE('',#14595,#2687);
#1966=LINE('',#14596,#2688);
#1967=LINE('',#14599,#2689);
#1968=LINE('',#14601,#2690);
#1969=LINE('',#14602,#2691);
#1970=LINE('',#14606,#2692);
#1971=LINE('',#14608,#2693);
#1972=LINE('',#14609,#2694);
#1973=LINE('',#14611,#2695);
#1974=LINE('',#14613,#2696);
#1975=LINE('',#14614,#2697);
#1976=LINE('',#14617,#2698);
#1977=LINE('',#14618,#2699);
#1978=LINE('',#14621,#2700);
#1979=LINE('',#14625,#2701);
#1980=LINE('',#14629,#2702);
#1981=LINE('',#14630,#2703);
#1982=LINE('',#14633,#2704);
#1983=LINE('',#14634,#2705);
#1984=LINE('',#14636,#2706);
#1985=LINE('',#14638,#2707);
#1986=LINE('',#14641,#2708);
#1987=LINE('',#14643,#2709);
#1988=LINE('',#14644,#2710);
#1989=LINE('',#14647,#2711);
#1990=LINE('',#14648,#2712);
#1991=LINE('',#14651,#2713);
#1992=LINE('',#14653,#2714);
#1993=LINE('',#14655,#2715);
#1994=LINE('',#14659,#2716);
#1995=LINE('',#14661,#2717);
#1996=LINE('',#14663,#2718);
#1997=LINE('',#14667,#2719);
#1998=LINE('',#14669,#2720);
#1999=LINE('',#14670,#2721);
#2000=LINE('',#14673,#2722);
#2001=LINE('',#14675,#2723);
#2002=LINE('',#14676,#2724);
#2003=LINE('',#14680,#2725);
#2004=LINE('',#14682,#2726);
#2005=LINE('',#14684,#2727);
#2006=LINE('',#14686,#2728);
#2007=LINE('',#14687,#2729);
#2008=LINE('',#14690,#2730);
#2009=LINE('',#14691,#2731);
#2010=LINE('',#14695,#2732);
#2011=LINE('',#14697,#2733);
#2012=LINE('',#14698,#2734);
#2013=LINE('',#14701,#2735);
#2014=LINE('',#14703,#2736);
#2015=LINE('',#14705,#2737);
#2016=LINE('',#14706,#2738);
#2017=LINE('',#14709,#2739);
#2018=LINE('',#14710,#2740);
#2019=LINE('',#14714,#2741);
#2020=LINE('',#14719,#2742);
#2021=LINE('',#14723,#2743);
#2022=LINE('',#14724,#2744);
#2023=LINE('',#14727,#2745);
#2024=LINE('',#14729,#2746);
#2025=LINE('',#14730,#2747);
#2026=LINE('',#14733,#2748);
#2027=LINE('',#14735,#2749);
#2028=LINE('',#14736,#2750);
#2029=LINE('',#14739,#2751);
#2030=LINE('',#14740,#2752);
#2031=LINE('',#14744,#2753);
#2032=LINE('',#14749,#2754);
#2033=LINE('',#14753,#2755);
#2034=LINE('',#14754,#2756);
#2035=LINE('',#14757,#2757);
#2036=LINE('',#14759,#2758);
#2037=LINE('',#14760,#2759);
#2038=LINE('',#14763,#2760);
#2039=LINE('',#14764,#2761);
#2040=LINE('',#14765,#2762);
#2041=LINE('',#14767,#2763);
#2042=LINE('',#14768,#2764);
#2043=LINE('',#14769,#2765);
#2044=LINE('',#14771,#2766);
#2045=LINE('',#14775,#2767);
#2046=LINE('',#14777,#2768);
#2047=LINE('',#14778,#2769);
#2048=LINE('',#14781,#2770);
#2049=LINE('',#14783,#2771);
#2050=LINE('',#14785,#2772);
#2051=LINE('',#14788,#2773);
#2052=LINE('',#14790,#2774);
#2053=LINE('',#14794,#2775);
#2054=LINE('',#14796,#2776);
#2055=LINE('',#14797,#2777);
#2056=LINE('',#14800,#2778);
#2057=LINE('',#14802,#2779);
#2058=LINE('',#14803,#2780);
#2059=LINE('',#14806,#2781);
#2060=LINE('',#14807,#2782);
#2061=LINE('',#14810,#2783);
#2062=LINE('',#14811,#2784);
#2063=LINE('',#14815,#2785);
#2064=LINE('',#14821,#2786);
#2065=LINE('',#14825,#2787);
#2066=LINE('',#14828,#2788);
#2067=LINE('',#14830,#2789);
#2068=LINE('',#14831,#2790);
#2069=LINE('',#14833,#2791);
#2070=LINE('',#14837,#2792);
#2071=LINE('',#14843,#2793);
#2072=LINE('',#14847,#2794);
#2073=LINE('',#14849,#2795);
#2074=LINE('',#14850,#2796);
#2075=LINE('',#14852,#2797);
#2076=LINE('',#14853,#2798);
#2077=LINE('',#14857,#2799);
#2078=LINE('',#14858,#2800);
#2079=LINE('',#14860,#2801);
#2080=LINE('',#14861,#2802);
#2081=LINE('',#14865,#2803);
#2082=LINE('',#14867,#2804);
#2083=LINE('',#14870,#2805);
#2084=LINE('',#14871,#2806);
#2085=LINE('',#14873,#2807);
#2086=LINE('',#14877,#2808);
#2087=LINE('',#14879,#2809);
#2088=LINE('',#14881,#2810);
#2089=LINE('',#14885,#2811);
#2090=LINE('',#14886,#2812);
#2091=LINE('',#14889,#2813);
#2092=LINE('',#14891,#2814);
#2093=LINE('',#14892,#2815);
#2094=LINE('',#14895,#2816);
#2095=LINE('',#14896,#2817);
#2096=LINE('',#14901,#2818);
#2097=LINE('',#14907,#2819);
#2098=LINE('',#14910,#2820);
#2099=LINE('',#14913,#2821);
#2100=LINE('',#14914,#2822);
#2101=LINE('',#14918,#2823);
#2102=LINE('',#14924,#2824);
#2103=LINE('',#14928,#2825);
#2104=LINE('',#14930,#2826);
#2105=LINE('',#14931,#2827);
#2106=LINE('',#14933,#2828);
#2107=LINE('',#14934,#2829);
#2108=LINE('',#14938,#2830);
#2109=LINE('',#14939,#2831);
#2110=LINE('',#14941,#2832);
#2111=LINE('',#14945,#2833);
#2112=LINE('',#14947,#2834);
#2113=LINE('',#14950,#2835);
#2114=LINE('',#14951,#2836);
#2115=LINE('',#14953,#2837);
#2116=LINE('',#14957,#2838);
#2117=LINE('',#14959,#2839);
#2118=LINE('',#14961,#2840);
#2119=LINE('',#14963,#2841);
#2120=LINE('',#14970,#2842);
#2121=LINE('',#14971,#2843);
#2122=LINE('',#14973,#2844);
#2123=LINE('',#14976,#2845);
#2124=LINE('',#14981,#2846);
#2125=LINE('',#14982,#2847);
#2126=LINE('',#14984,#2848);
#2127=LINE('',#14988,#2849);
#2128=LINE('',#14989,#2850);
#2129=LINE('',#14990,#2851);
#2130=LINE('',#15006,#2852);
#2131=LINE('',#15007,#2853);
#2132=LINE('',#15008,#2854);
#2133=LINE('',#15014,#2855);
#2134=LINE('',#15031,#2856);
#2135=LINE('',#15035,#2857);
#2136=LINE('',#15036,#2858);
#2137=LINE('',#15038,#2859);
#2138=LINE('',#15042,#2860);
#2139=LINE('',#15058,#2861);
#2140=LINE('',#15060,#2862);
#2141=LINE('',#15062,#2863);
#2142=LINE('',#15064,#2864);
#2143=LINE('',#15067,#2865);
#2144=VECTOR('',#8278,10.);
#2145=VECTOR('',#8279,10.);
#2146=VECTOR('',#8280,10.);
#2147=VECTOR('',#8281,10.);
#2148=VECTOR('',#8284,10.);
#2149=VECTOR('',#8285,10.);
#2150=VECTOR('',#8286,10.);
#2151=VECTOR('',#8287,10.);
#2152=VECTOR('',#8290,10.);
#2153=VECTOR('',#8291,10.);
#2154=VECTOR('',#8296,10.);
#2155=VECTOR('',#8297,10.);
#2156=VECTOR('',#8298,10.);
#2157=VECTOR('',#8301,10.);
#2158=VECTOR('',#8302,10.);
#2159=VECTOR('',#8303,10.);
#2160=VECTOR('',#8306,10.);
#2161=VECTOR('',#8307,10.);
#2162=VECTOR('',#8310,10.);
#2163=VECTOR('',#8315,10.);
#2164=VECTOR('',#8316,10.);
#2165=VECTOR('',#8317,10.);
#2166=VECTOR('',#8320,10.);
#2167=VECTOR('',#8321,10.);
#2168=VECTOR('',#8322,10.);
#2169=VECTOR('',#8325,10.);
#2170=VECTOR('',#8326,10.);
#2171=VECTOR('',#8329,10.);
#2172=VECTOR('',#8334,10.);
#2173=VECTOR('',#8335,10.);
#2174=VECTOR('',#8336,10.);
#2175=VECTOR('',#8337,10.);
#2176=VECTOR('',#8340,10.);
#2177=VECTOR('',#8341,10.);
#2178=VECTOR('',#8342,10.);
#2179=VECTOR('',#8343,10.);
#2180=VECTOR('',#8346,10.);
#2181=VECTOR('',#8347,10.);
#2182=VECTOR('',#8352,10.);
#2183=VECTOR('',#8353,10.);
#2184=VECTOR('',#8354,10.);
#2185=VECTOR('',#8357,10.);
#2186=VECTOR('',#8358,10.);
#2187=VECTOR('',#8359,10.);
#2188=VECTOR('',#8362,10.);
#2189=VECTOR('',#8363,10.);
#2190=VECTOR('',#8364,10.);
#2191=VECTOR('',#8367,10.);
#2192=VECTOR('',#8372,10.);
#2193=VECTOR('',#8373,10.);
#2194=VECTOR('',#8374,10.);
#2195=VECTOR('',#8375,10.);
#2196=VECTOR('',#8376,10.);
#2197=VECTOR('',#8379,10.);
#2198=VECTOR('',#8380,10.);
#2199=VECTOR('',#8383,10.);
#2200=VECTOR('',#8384,10.);
#2201=VECTOR('',#8387,10.);
#2202=VECTOR('',#8388,10.);
#2203=VECTOR('',#8389,10.);
#2204=VECTOR('',#8396,10.);
#2205=VECTOR('',#8397,10.);
#2206=VECTOR('',#8398,10.);
#2207=VECTOR('',#8399,10.);
#2208=VECTOR('',#8402,10.);
#2209=VECTOR('',#8403,10.);
#2210=VECTOR('',#8404,10.);
#2211=VECTOR('',#8407,10.);
#2212=VECTOR('',#8408,10.);
#2213=VECTOR('',#8411,10.);
#2214=VECTOR('',#8412,10.);
#2215=VECTOR('',#8415,10.);
#2216=VECTOR('',#8420,10.);
#2217=VECTOR('',#8421,10.);
#2218=VECTOR('',#8422,10.);
#2219=VECTOR('',#8423,10.);
#2220=VECTOR('',#8424,10.);
#2221=VECTOR('',#8425,10.);
#2222=VECTOR('',#8426,10.);
#2223=VECTOR('',#8427,10.);
#2224=VECTOR('',#8428,10.);
#2225=VECTOR('',#8431,10.);
#2226=VECTOR('',#8432,10.);
#2227=VECTOR('',#8437,10.);
#2228=VECTOR('',#8438,10.);
#2229=VECTOR('',#8439,10.);
#2230=VECTOR('',#8442,10.);
#2231=VECTOR('',#8443,10.);
#2232=VECTOR('',#8444,10.);
#2233=VECTOR('',#8447,10.);
#2234=VECTOR('',#8448,10.);
#2235=VECTOR('',#8451,10.);
#2236=VECTOR('',#8452,10.);
#2237=VECTOR('',#8453,10.);
#2238=VECTOR('',#8454,10.);
#2239=VECTOR('',#8455,10.);
#2240=VECTOR('',#8456,10.);
#2241=VECTOR('',#8457,10.);
#2242=VECTOR('',#8458,10.);
#2243=VECTOR('',#8459,10.);
#2244=VECTOR('',#8464,10.);
#2245=VECTOR('',#8465,10.);
#2246=VECTOR('',#8466,10.);
#2247=VECTOR('',#8469,10.);
#2248=VECTOR('',#8470,10.);
#2249=VECTOR('',#8471,10.);
#2250=VECTOR('',#8474,10.);
#2251=VECTOR('',#8475,10.);
#2252=VECTOR('',#8478,10.);
#2253=VECTOR('',#8479,10.);
#2254=VECTOR('',#8480,10.);
#2255=VECTOR('',#8481,10.);
#2256=VECTOR('',#8482,10.);
#2257=VECTOR('',#8483,10.);
#2258=VECTOR('',#8484,10.);
#2259=VECTOR('',#8485,10.);
#2260=VECTOR('',#8486,10.);
#2261=VECTOR('',#8489,10.);
#2262=VECTOR('',#8490,10.);
#2263=VECTOR('',#8491,10.);
#2264=VECTOR('',#8492,10.);
#2265=VECTOR('',#8493,10.);
#2266=VECTOR('',#8494,10.);
#2267=VECTOR('',#8495,10.);
#2268=VECTOR('',#8496,10.);
#2269=VECTOR('',#8499,10.);
#2270=VECTOR('',#8500,10.);
#2271=VECTOR('',#8501,10.);
#2272=VECTOR('',#8508,10.);
#2273=VECTOR('',#8509,10.);
#2274=VECTOR('',#8510,10.);
#2275=VECTOR('',#8511,10.);
#2276=VECTOR('',#8514,10.);
#2277=VECTOR('',#8515,10.);
#2278=VECTOR('',#8516,10.);
#2279=VECTOR('',#8519,10.);
#2280=VECTOR('',#8520,10.);
#2281=VECTOR('',#8523,10.);
#2282=VECTOR('',#8524,10.);
#2283=VECTOR('',#8527,10.);
#2284=VECTOR('',#8530,10.);
#2285=VECTOR('',#8531,10.);
#2286=VECTOR('',#8532,10.);
#2287=VECTOR('',#8533,10.);
#2288=VECTOR('',#8534,10.);
#2289=VECTOR('',#8537,10.);
#2290=VECTOR('',#8538,10.);
#2291=VECTOR('',#8541,10.);
#2292=VECTOR('',#8542,10.);
#2293=VECTOR('',#8545,10.);
#2294=VECTOR('',#8546,10.);
#2295=VECTOR('',#8547,10.);
#2296=VECTOR('',#8550,10.);
#2297=VECTOR('',#8551,10.);
#2298=VECTOR('',#8552,10.);
#2299=VECTOR('',#8553,10.);
#2300=VECTOR('',#8556,10.);
#2301=VECTOR('',#8557,10.);
#2302=VECTOR('',#8558,10.);
#2303=VECTOR('',#8559,10.);
#2304=VECTOR('',#8562,10.);
#2305=VECTOR('',#8563,10.);
#2306=VECTOR('',#8568,10.);
#2307=VECTOR('',#8569,10.);
#2308=VECTOR('',#8570,10.);
#2309=VECTOR('',#8571,10.);
#2310=VECTOR('',#8574,10.);
#2311=VECTOR('',#8575,10.);
#2312=VECTOR('',#8576,10.);
#2313=VECTOR('',#8577,10.);
#2314=VECTOR('',#8580,10.);
#2315=VECTOR('',#8581,10.);
#2316=VECTOR('',#8584,10.);
#2317=VECTOR('',#8585,10.);
#2318=VECTOR('',#8586,10.);
#2319=VECTOR('',#8587,10.);
#2320=VECTOR('',#8590,10.);
#2321=VECTOR('',#8591,10.);
#2322=VECTOR('',#8592,10.);
#2323=VECTOR('',#8595,10.);
#2324=VECTOR('',#8596,10.);
#2325=VECTOR('',#8601,10.);
#2326=VECTOR('',#8602,10.);
#2327=VECTOR('',#8603,10.);
#2328=VECTOR('',#8606,10.);
#2329=VECTOR('',#8607,10.);
#2330=VECTOR('',#8608,10.);
#2331=VECTOR('',#8611,10.);
#2332=VECTOR('',#8612,10.);
#2333=VECTOR('',#8615,10.);
#2334=VECTOR('',#8616,10.);
#2335=VECTOR('',#8617,10.);
#2336=VECTOR('',#8620,10.);
#2337=VECTOR('',#8621,10.);
#2338=VECTOR('',#8622,10.);
#2339=VECTOR('',#8623,10.);
#2340=VECTOR('',#8624,10.);
#2341=VECTOR('',#8627,10.);
#2342=VECTOR('',#8628,10.);
#2343=VECTOR('',#8629,10.);
#2344=VECTOR('',#8636,10.);
#2345=VECTOR('',#8639,10.);
#2346=VECTOR('',#8642,10.);
#2347=VECTOR('',#8643,10.);
#2348=VECTOR('',#8644,10.);
#2349=VECTOR('',#8649,10.);
#2350=VECTOR('',#8652,10.);
#2351=VECTOR('',#8655,10.);
#2352=VECTOR('',#8656,10.);
#2353=VECTOR('',#8657,10.);
#2354=VECTOR('',#8662,10.);
#2355=VECTOR('',#8665,10.);
#2356=VECTOR('',#8668,10.);
#2357=VECTOR('',#8669,10.);
#2358=VECTOR('',#8670,10.);
#2359=VECTOR('',#8671,10.);
#2360=VECTOR('',#8674,10.);
#2361=VECTOR('',#8677,10.);
#2362=VECTOR('',#8678,10.);
#2363=VECTOR('',#8683,10.);
#2364=VECTOR('',#8686,10.);
#2365=VECTOR('',#8689,10.);
#2366=VECTOR('',#8690,10.);
#2367=VECTOR('',#8691,10.);
#2368=VECTOR('',#8692,10.);
#2369=VECTOR('',#8695,10.);
#2370=VECTOR('',#8698,10.);
#2371=VECTOR('',#8699,10.);
#2372=VECTOR('',#8704,10.);
#2373=VECTOR('',#8705,10.);
#2374=VECTOR('',#8708,10.);
#2375=VECTOR('',#8713,10.);
#2376=VECTOR('',#8714,10.);
#2377=VECTOR('',#8717,10.);
#2378=VECTOR('',#8720,10.);
#2379=VECTOR('',#8721,10.);
#2380=VECTOR('',#8724,10.);
#2381=VECTOR('',#8725,10.);
#2382=VECTOR('',#8728,10.);
#2383=VECTOR('',#8731,10.);
#2384=VECTOR('',#8734,10.);
#2385=VECTOR('',#8735,10.);
#2386=VECTOR('',#8736,10.);
#2387=VECTOR('',#8737,10.);
#2388=VECTOR('',#8738,10.);
#2389=VECTOR('',#8739,10.);
#2390=VECTOR('',#8740,10.);
#2391=VECTOR('',#8741,10.);
#2392=VECTOR('',#8744,10.);
#2393=VECTOR('',#8745,10.);
#2394=VECTOR('',#8746,10.);
#2395=VECTOR('',#8747,10.);
#2396=VECTOR('',#8748,10.);
#2397=VECTOR('',#8749,10.);
#2398=VECTOR('',#8752,10.);
#2399=VECTOR('',#8753,10.);
#2400=VECTOR('',#8754,10.);
#2401=VECTOR('',#8755,10.);
#2402=VECTOR('',#8756,10.);
#2403=VECTOR('',#8759,10.);
#2404=VECTOR('',#8760,10.);
#2405=VECTOR('',#8763,10.);
#2406=VECTOR('',#8764,10.);
#2407=VECTOR('',#8765,10.);
#2408=VECTOR('',#8768,10.);
#2409=VECTOR('',#8769,10.);
#2410=VECTOR('',#8770,10.);
#2411=VECTOR('',#8773,10.);
#2412=VECTOR('',#8776,10.);
#2413=VECTOR('',#8819,2.99999999999999);
#2414=VECTOR('',#8858,10.);
#2415=VECTOR('',#8861,10.);
#2416=VECTOR('',#8864,10.);
#2417=VECTOR('',#8869,10.);
#2418=VECTOR('',#8872,10.);
#2419=VECTOR('',#8875,10.);
#2420=VECTOR('',#8876,10.);
#2421=VECTOR('',#8877,10.);
#2422=VECTOR('',#8878,10.);
#2423=VECTOR('',#8879,10.);
#2424=VECTOR('',#8882,3.);
#2425=VECTOR('',#8915,10.);
#2426=VECTOR('',#8918,3.);
#2427=VECTOR('',#8943,10.);
#2428=VECTOR('',#8950,2.99999999999999);
#2429=VECTOR('',#8991,10.);
#2430=VECTOR('',#9006,10.);
#2431=VECTOR('',#9011,10.);
#2432=VECTOR('',#9012,10.);
#2433=VECTOR('',#9015,10.);
#2434=VECTOR('',#9016,10.);
#2435=VECTOR('',#9017,10.);
#2436=VECTOR('',#9020,10.);
#2437=VECTOR('',#9023,10.);
#2438=VECTOR('',#9024,10.);
#2439=VECTOR('',#9029,10.);
#2440=VECTOR('',#9032,10.);
#2441=VECTOR('',#9033,10.);
#2442=VECTOR('',#9036,10.);
#2443=VECTOR('',#9037,10.);
#2444=VECTOR('',#9038,10.);
#2445=VECTOR('',#9041,10.);
#2446=VECTOR('',#9044,10.);
#2447=VECTOR('',#9045,10.);
#2448=VECTOR('',#9046,10.);
#2449=VECTOR('',#9053,10.);
#2450=VECTOR('',#9056,10.);
#2451=VECTOR('',#9067,10.);
#2452=VECTOR('',#9068,10.);
#2453=VECTOR('',#9069,10.);
#2454=VECTOR('',#9072,10.);
#2455=VECTOR('',#9073,10.);
#2456=VECTOR('',#9074,10.);
#2457=VECTOR('',#9077,10.);
#2458=VECTOR('',#9078,10.);
#2459=VECTOR('',#9079,10.);
#2460=VECTOR('',#9086,10.);
#2461=VECTOR('',#9087,10.);
#2462=VECTOR('',#9088,10.);
#2463=VECTOR('',#9089,10.);
#2464=VECTOR('',#9094,10.);
#2465=VECTOR('',#9101,10.);
#2466=VECTOR('',#9104,10.);
#2467=VECTOR('',#9107,10.);
#2468=VECTOR('',#9108,10.);
#2469=VECTOR('',#9111,10.);
#2470=VECTOR('',#9112,10.);
#2471=VECTOR('',#9113,10.);
#2472=VECTOR('',#9114,10.);
#2473=VECTOR('',#9115,10.);
#2474=VECTOR('',#9116,10.);
#2475=VECTOR('',#9117,10.);
#2476=VECTOR('',#9118,10.);
#2477=VECTOR('',#9119,10.);
#2478=VECTOR('',#9120,10.);
#2479=VECTOR('',#9121,10.);
#2480=VECTOR('',#9122,10.);
#2481=VECTOR('',#9123,10.);
#2482=VECTOR('',#9124,10.);
#2483=VECTOR('',#9125,10.);
#2484=VECTOR('',#9126,10.);
#2485=VECTOR('',#9127,10.);
#2486=VECTOR('',#9128,10.);
#2487=VECTOR('',#9129,10.);
#2488=VECTOR('',#9130,10.);
#2489=VECTOR('',#9131,10.);
#2490=VECTOR('',#9132,10.);
#2491=VECTOR('',#9133,10.);
#2492=VECTOR('',#9134,10.);
#2493=VECTOR('',#9137,10.);
#2494=VECTOR('',#9138,10.);
#2495=VECTOR('',#9139,10.);
#2496=VECTOR('',#9140,10.);
#2497=VECTOR('',#9141,10.);
#2498=VECTOR('',#9142,10.);
#2499=VECTOR('',#9143,10.);
#2500=VECTOR('',#9146,10.);
#2501=VECTOR('',#9147,10.);
#2502=VECTOR('',#9148,10.);
#2503=VECTOR('',#9153,10.);
#2504=VECTOR('',#9158,10.);
#2505=VECTOR('',#9165,10.);
#2506=VECTOR('',#9168,10.);
#2507=VECTOR('',#9175,10.);
#2508=VECTOR('',#9180,10.);
#2509=VECTOR('',#9181,10.);
#2510=VECTOR('',#9182,10.);
#2511=VECTOR('',#9185,10.);
#2512=VECTOR('',#9186,10.);
#2513=VECTOR('',#9189,10.);
#2514=VECTOR('',#9190,10.);
#2515=VECTOR('',#9193,10.);
#2516=VECTOR('',#9196,10.);
#2517=VECTOR('',#9197,10.);
#2518=VECTOR('',#9198,10.);
#2519=VECTOR('',#9199,10.);
#2520=VECTOR('',#9202,10.);
#2521=VECTOR('',#9203,10.);
#2522=VECTOR('',#9206,10.);
#2523=VECTOR('',#9209,10.);
#2524=VECTOR('',#9216,10.);
#2525=VECTOR('',#9217,10.);
#2526=VECTOR('',#9220,10.);
#2527=VECTOR('',#9225,10.);
#2528=VECTOR('',#9226,10.);
#2529=VECTOR('',#9227,10.);
#2530=VECTOR('',#9232,10.);
#2531=VECTOR('',#9235,10.);
#2532=VECTOR('',#9242,10.);
#2533=VECTOR('',#9247,1.25);
#2534=VECTOR('',#9256,1.25);
#2535=VECTOR('',#9263,10.);
#2536=VECTOR('',#9266,10.);
#2537=VECTOR('',#9269,10.);
#2538=VECTOR('',#9270,10.);
#2539=VECTOR('',#9271,10.);
#2540=VECTOR('',#9274,10.);
#2541=VECTOR('',#9275,10.);
#2542=VECTOR('',#9276,10.);
#2543=VECTOR('',#9279,10.);
#2544=VECTOR('',#9280,10.);
#2545=VECTOR('',#9285,10.);
#2546=VECTOR('',#9288,10.);
#2547=VECTOR('',#9291,10.);
#2548=VECTOR('',#9292,10.);
#2549=VECTOR('',#9293,10.);
#2550=VECTOR('',#9296,10.);
#2551=VECTOR('',#9297,10.);
#2552=VECTOR('',#9302,10.);
#2553=VECTOR('',#9303,10.);
#2554=VECTOR('',#9306,1.5);
#2555=VECTOR('',#9309,10.);
#2556=VECTOR('',#9312,10.);
#2557=VECTOR('',#9313,10.);
#2558=VECTOR('',#9314,10.);
#2559=VECTOR('',#9315,10.);
#2560=VECTOR('',#9316,10.);
#2561=VECTOR('',#9317,10.);
#2562=VECTOR('',#9320,10.);
#2563=VECTOR('',#9321,10.);
#2564=VECTOR('',#9326,10.);
#2565=VECTOR('',#9329,10.);
#2566=VECTOR('',#9332,10.);
#2567=VECTOR('',#9333,10.);
#2568=VECTOR('',#9336,10.);
#2569=VECTOR('',#9337,10.);
#2570=VECTOR('',#9338,10.);
#2571=VECTOR('',#9341,10.);
#2572=VECTOR('',#9342,10.);
#2573=VECTOR('',#9343,10.);
#2574=VECTOR('',#9344,10.);
#2575=VECTOR('',#9345,10.);
#2576=VECTOR('',#9346,10.);
#2577=VECTOR('',#9349,10.);
#2578=VECTOR('',#9350,10.);
#2579=VECTOR('',#9351,10.);
#2580=VECTOR('',#9352,10.);
#2581=VECTOR('',#9353,10.);
#2582=VECTOR('',#9356,10.);
#2583=VECTOR('',#9357,10.);
#2584=VECTOR('',#9358,10.);
#2585=VECTOR('',#9359,10.);
#2586=VECTOR('',#9360,10.);
#2587=VECTOR('',#9363,10.);
#2588=VECTOR('',#9364,10.);
#2589=VECTOR('',#9365,10.);
#2590=VECTOR('',#9368,10.);
#2591=VECTOR('',#9369,10.);
#2592=VECTOR('',#9374,10.);
#2593=VECTOR('',#9377,10.);
#2594=VECTOR('',#9378,10.);
#2595=VECTOR('',#9381,10.);
#2596=VECTOR('',#9382,10.);
#2597=VECTOR('',#9383,10.);
#2598=VECTOR('',#9384,10.);
#2599=VECTOR('',#9389,10.);
#2600=VECTOR('',#9390,10.);
#2601=VECTOR('',#9391,10.);
#2602=VECTOR('',#9392,10.);
#2603=VECTOR('',#9395,10.);
#2604=VECTOR('',#9396,10.);
#2605=VECTOR('',#9397,10.);
#2606=VECTOR('',#9400,10.);
#2607=VECTOR('',#9401,10.);
#2608=VECTOR('',#9402,10.);
#2609=VECTOR('',#9403,10.);
#2610=VECTOR('',#9404,10.);
#2611=VECTOR('',#9405,10.);
#2612=VECTOR('',#9408,10.);
#2613=VECTOR('',#9409,10.);
#2614=VECTOR('',#9412,10.);
#2615=VECTOR('',#9413,10.);
#2616=VECTOR('',#9414,10.);
#2617=VECTOR('',#9417,10.);
#2618=VECTOR('',#9418,10.);
#2619=VECTOR('',#9419,10.);
#2620=VECTOR('',#9430,10.);
#2621=VECTOR('',#9431,10.);
#2622=VECTOR('',#9432,10.);
#2623=VECTOR('',#9439,10.);
#2624=VECTOR('',#9440,10.);
#2625=VECTOR('',#9441,10.);
#2626=VECTOR('',#9446,10.);
#2627=VECTOR('',#9455,10.);
#2628=VECTOR('',#9456,10.);
#2629=VECTOR('',#9461,10.);
#2630=VECTOR('',#9462,10.);
#2631=VECTOR('',#9463,10.);
#2632=VECTOR('',#9464,10.);
#2633=VECTOR('',#9467,10.);
#2634=VECTOR('',#9468,10.);
#2635=VECTOR('',#9469,10.);
#2636=VECTOR('',#9470,10.);
#2637=VECTOR('',#9473,10.);
#2638=VECTOR('',#9474,10.);
#2639=VECTOR('',#9475,10.);
#2640=VECTOR('',#9478,10.);
#2641=VECTOR('',#9481,10.);
#2642=VECTOR('',#9486,10.);
#2643=VECTOR('',#9489,10.);
#2644=VECTOR('',#9490,10.);
#2645=VECTOR('',#9493,10.);
#2646=VECTOR('',#9494,10.);
#2647=VECTOR('',#9497,10.);
#2648=VECTOR('',#9500,10.);
#2649=VECTOR('',#9503,10.);
#2650=VECTOR('',#9506,10.);
#2651=VECTOR('',#9513,10.);
#2652=VECTOR('',#9518,10.);
#2653=VECTOR('',#9521,10.);
#2654=VECTOR('',#9524,10.);
#2655=VECTOR('',#9533,10.);
#2656=VECTOR('',#9538,10.);
#2657=VECTOR('',#9539,10.);
#2658=VECTOR('',#9540,10.);
#2659=VECTOR('',#9541,10.);
#2660=VECTOR('',#9542,10.);
#2661=VECTOR('',#9545,10.);
#2662=VECTOR('',#9546,10.);
#2663=VECTOR('',#9549,10.);
#2664=VECTOR('',#9550,10.);
#2665=VECTOR('',#9551,10.);
#2666=VECTOR('',#9554,10.);
#2667=VECTOR('',#9555,10.);
#2668=VECTOR('',#9556,10.);
#2669=VECTOR('',#9559,10.);
#2670=VECTOR('',#9560,10.);
#2671=VECTOR('',#9561,10.);
#2672=VECTOR('',#9562,10.);
#2673=VECTOR('',#9563,10.);
#2674=VECTOR('',#9566,10.);
#2675=VECTOR('',#9567,10.);
#2676=VECTOR('',#9568,10.);
#2677=VECTOR('',#9571,10.);
#2678=VECTOR('',#9574,10.);
#2679=VECTOR('',#9575,10.);
#2680=VECTOR('',#9576,10.);
#2681=VECTOR('',#9579,10.);
#2682=VECTOR('',#9580,10.);
#2683=VECTOR('',#9583,10.);
#2684=VECTOR('',#9588,10.);
#2685=VECTOR('',#9593,10.);
#2686=VECTOR('',#9594,10.);
#2687=VECTOR('',#9597,10.);
#2688=VECTOR('',#9598,10.);
#2689=VECTOR('',#9601,10.);
#2690=VECTOR('',#9602,10.);
#2691=VECTOR('',#9603,10.);
#2692=VECTOR('',#9606,10.);
#2693=VECTOR('',#9607,10.);
#2694=VECTOR('',#9608,10.);
#2695=VECTOR('',#9611,10.);
#2696=VECTOR('',#9612,10.);
#2697=VECTOR('',#9613,10.);
#2698=VECTOR('',#9616,10.);
#2699=VECTOR('',#9617,10.);
#2700=VECTOR('',#9620,10.);
#2701=VECTOR('',#9625,10.);
#2702=VECTOR('',#9630,10.);
#2703=VECTOR('',#9631,10.);
#2704=VECTOR('',#9634,10.);
#2705=VECTOR('',#9635,10.);
#2706=VECTOR('',#9638,10.);
#2707=VECTOR('',#9641,10.);
#2708=VECTOR('',#9644,10.);
#2709=VECTOR('',#9645,10.);
#2710=VECTOR('',#9646,10.);
#2711=VECTOR('',#9649,10.);
#2712=VECTOR('',#9650,10.);
#2713=VECTOR('',#9653,10.);
#2714=VECTOR('',#9654,10.);
#2715=VECTOR('',#9655,10.);
#2716=VECTOR('',#9658,10.);
#2717=VECTOR('',#9659,10.);
#2718=VECTOR('',#9660,10.);
#2719=VECTOR('',#9663,10.);
#2720=VECTOR('',#9664,10.);
#2721=VECTOR('',#9665,10.);
#2722=VECTOR('',#9668,10.);
#2723=VECTOR('',#9669,10.);
#2724=VECTOR('',#9670,10.);
#2725=VECTOR('',#9673,10.);
#2726=VECTOR('',#9674,10.);
#2727=VECTOR('',#9675,10.);
#2728=VECTOR('',#9676,10.);
#2729=VECTOR('',#9677,10.);
#2730=VECTOR('',#9680,10.);
#2731=VECTOR('',#9681,10.);
#2732=VECTOR('',#9684,10.);
#2733=VECTOR('',#9685,10.);
#2734=VECTOR('',#9686,10.);
#2735=VECTOR('',#9689,10.);
#2736=VECTOR('',#9690,10.);
#2737=VECTOR('',#9691,10.);
#2738=VECTOR('',#9692,10.);
#2739=VECTOR('',#9695,10.);
#2740=VECTOR('',#9696,10.);
#2741=VECTOR('',#9699,10.);
#2742=VECTOR('',#9706,10.);
#2743=VECTOR('',#9711,10.);
#2744=VECTOR('',#9712,10.);
#2745=VECTOR('',#9715,10.);
#2746=VECTOR('',#9716,10.);
#2747=VECTOR('',#9717,10.);
#2748=VECTOR('',#9720,10.);
#2749=VECTOR('',#9721,10.);
#2750=VECTOR('',#9722,10.);
#2751=VECTOR('',#9725,10.);
#2752=VECTOR('',#9726,10.);
#2753=VECTOR('',#9729,10.);
#2754=VECTOR('',#9736,10.);
#2755=VECTOR('',#9741,10.);
#2756=VECTOR('',#9742,10.);
#2757=VECTOR('',#9745,10.);
#2758=VECTOR('',#9746,10.);
#2759=VECTOR('',#9747,10.);
#2760=VECTOR('',#9750,10.);
#2761=VECTOR('',#9751,10.);
#2762=VECTOR('',#9752,10.);
#2763=VECTOR('',#9753,10.);
#2764=VECTOR('',#9754,10.);
#2765=VECTOR('',#9755,10.);
#2766=VECTOR('',#9758,10.);
#2767=VECTOR('',#9763,10.);
#2768=VECTOR('',#9764,10.);
#2769=VECTOR('',#9765,10.);
#2770=VECTOR('',#9768,10.);
#2771=VECTOR('',#9769,10.);
#2772=VECTOR('',#9770,10.);
#2773=VECTOR('',#9773,10.);
#2774=VECTOR('',#9774,10.);
#2775=VECTOR('',#9777,10.);
#2776=VECTOR('',#9778,10.);
#2777=VECTOR('',#9779,10.);
#2778=VECTOR('',#9782,10.);
#2779=VECTOR('',#9783,10.);
#2780=VECTOR('',#9784,10.);
#2781=VECTOR('',#9787,10.);
#2782=VECTOR('',#9788,10.);
#2783=VECTOR('',#9791,10.);
#2784=VECTOR('',#9792,10.);
#2785=VECTOR('',#9795,10.);
#2786=VECTOR('',#9802,10.);
#2787=VECTOR('',#9809,10.);
#2788=VECTOR('',#9812,10.);
#2789=VECTOR('',#9813,10.);
#2790=VECTOR('',#9814,10.);
#2791=VECTOR('',#9817,10.);
#2792=VECTOR('',#9820,10.);
#2793=VECTOR('',#9827,10.);
#2794=VECTOR('',#9834,10.);
#2795=VECTOR('',#9837,10.);
#2796=VECTOR('',#9838,10.);
#2797=VECTOR('',#9841,10.);
#2798=VECTOR('',#9842,10.);
#2799=VECTOR('',#9847,10.);
#2800=VECTOR('',#9848,10.);
#2801=VECTOR('',#9851,10.);
#2802=VECTOR('',#9852,10.);
#2803=VECTOR('',#9857,10.);
#2804=VECTOR('',#9860,10.);
#2805=VECTOR('',#9863,10.);
#2806=VECTOR('',#9864,10.);
#2807=VECTOR('',#9867,10.);
#2808=VECTOR('',#9872,10.);
#2809=VECTOR('',#9875,10.);
#2810=VECTOR('',#9878,10.);
#2811=VECTOR('',#9883,10.);
#2812=VECTOR('',#9884,10.);
#2813=VECTOR('',#9887,10.);
#2814=VECTOR('',#9888,10.);
#2815=VECTOR('',#9889,10.);
#2816=VECTOR('',#9892,10.);
#2817=VECTOR('',#9893,10.);
#2818=VECTOR('',#9898,10.);
#2819=VECTOR('',#9905,10.);
#2820=VECTOR('',#9910,10.);
#2821=VECTOR('',#9913,10.);
#2822=VECTOR('',#9914,10.);
#2823=VECTOR('',#9917,10.);
#2824=VECTOR('',#9924,10.);
#2825=VECTOR('',#9931,10.);
#2826=VECTOR('',#9934,10.);
#2827=VECTOR('',#9935,10.);
#2828=VECTOR('',#9938,10.);
#2829=VECTOR('',#9939,10.);
#2830=VECTOR('',#9944,10.);
#2831=VECTOR('',#9945,10.);
#2832=VECTOR('',#9948,10.);
#2833=VECTOR('',#9953,10.);
#2834=VECTOR('',#9956,10.);
#2835=VECTOR('',#9959,10.);
#2836=VECTOR('',#9960,10.);
#2837=VECTOR('',#9963,10.);
#2838=VECTOR('',#9968,10.);
#2839=VECTOR('',#9971,10.);
#2840=VECTOR('',#9974,10.);
#2841=VECTOR('',#9977,10.);
#2842=VECTOR('',#9986,10.);
#2843=VECTOR('',#9987,10.);
#2844=VECTOR('',#9990,10.);
#2845=VECTOR('',#9995,2.);
#2846=VECTOR('',#10000,10.);
#2847=VECTOR('',#10001,10.);
#2848=VECTOR('',#10004,1.99999999999999);
#2849=VECTOR('',#10007,10.);
#2850=VECTOR('',#10008,10.);
#2851=VECTOR('',#10009,10.);
#2852=VECTOR('',#10014,10.);
#2853=VECTOR('',#10015,10.);
#2854=VECTOR('',#10016,10.);
#2855=VECTOR('',#10023,10.);
#2856=VECTOR('',#10028,10.);
#2857=VECTOR('',#10033,10.);
#2858=VECTOR('',#10034,10.);
#2859=VECTOR('',#10037,2.);
#2860=VECTOR('',#10042,10.);
#2861=VECTOR('',#10049,10.);
#2862=VECTOR('',#10052,10.);
#2863=VECTOR('',#10055,10.);
#2864=VECTOR('',#10058,1.99999999999999);
#2865=VECTOR('',#10063,10.);
#2866=B_SPLINE_CURVE_WITH_KNOTS('',3,(#10075,#10076,#10077,#10078),
 .UNSPECIFIED.,.F.,.F.,(4,4),(-0.197668528693402,0.),.UNSPECIFIED.);
#2867=B_SPLINE_CURVE_WITH_KNOTS('',3,(#10082,#10083,#10084,#10085),
 .UNSPECIFIED.,.F.,.F.,(4,4),(-0.19769464139621,0.),.UNSPECIFIED.);
#2868=B_SPLINE_CURVE_WITH_KNOTS('',3,(#10087,#10088,#10089,#10090),
 .UNSPECIFIED.,.F.,.F.,(4,4),(-0.197689486549441,0.),.UNSPECIFIED.);
#2869=B_SPLINE_CURVE_WITH_KNOTS('',3,(#10093,#10094,#10095,#10096),
 .UNSPECIFIED.,.F.,.F.,(4,4),(-0.197658533978276,0.),.UNSPECIFIED.);
#2870=B_SPLINE_CURVE_WITH_KNOTS('',3,(#10237,#10238,#10239,#10240),
 .UNSPECIFIED.,.F.,.F.,(4,4),(-0.197658533978268,0.),.UNSPECIFIED.);
#2871=B_SPLINE_CURVE_WITH_KNOTS('',3,(#10256,#10257,#10258,#10259),
 .UNSPECIFIED.,.F.,.F.,(4,4),(-0.19768948654944,0.),.UNSPECIFIED.);
#2872=B_SPLINE_CURVE_WITH_KNOTS('',3,(#10270,#10271,#10272,#10273),
 .UNSPECIFIED.,.F.,.F.,(4,4),(-0.197668528693403,0.),.UNSPECIFIED.);
#2873=B_SPLINE_CURVE_WITH_KNOTS('',3,(#10287,#10288,#10289,#10290),
 .UNSPECIFIED.,.F.,.F.,(4,4),(-0.197694641396215,0.),.UNSPECIFIED.);
#2874=B_SPLINE_CURVE_WITH_KNOTS('',3,(#10299,#10300,#10301,#10302),
 .UNSPECIFIED.,.F.,.F.,(4,4),(-0.0550051110560415,0.),.UNSPECIFIED.);
#2875=B_SPLINE_CURVE_WITH_KNOTS('',3,(#10363,#10364,#10365,#10366),
 .UNSPECIFIED.,.F.,.F.,(4,4),(-0.247235946579924,0.),.UNSPECIFIED.);
#2876=B_SPLINE_CURVE_WITH_KNOTS('',3,(#10390,#10391,#10392,#10393),
 .UNSPECIFIED.,.F.,.F.,(4,4),(-0.197692550744873,0.),.UNSPECIFIED.);
#2877=B_SPLINE_CURVE_WITH_KNOTS('',3,(#10403,#10404,#10405,#10406),
 .UNSPECIFIED.,.F.,.F.,(4,4),(-0.197712636146235,0.),.UNSPECIFIED.);
#2878=B_SPLINE_CURVE_WITH_KNOTS('',3,(#10438,#10439,#10440,#10441),
 .UNSPECIFIED.,.F.,.F.,(4,4),(-0.423521114290141,0.),.UNSPECIFIED.);
#2879=B_SPLINE_CURVE_WITH_KNOTS('',3,(#10443,#10444,#10445,#10446),
 .UNSPECIFIED.,.F.,.F.,(4,4),(-0.423536800151498,0.),.UNSPECIFIED.);
#2880=B_SPLINE_CURVE_WITH_KNOTS('',3,(#10448,#10449,#10450,#10451),
 .UNSPECIFIED.,.F.,.F.,(4,4),(-0.282908085655129,0.),.UNSPECIFIED.);
#2881=B_SPLINE_CURVE_WITH_KNOTS('',3,(#10454,#10455,#10456,#10457),
 .UNSPECIFIED.,.F.,.F.,(4,4),(-0.116318277494407,0.),.UNSPECIFIED.);
#2882=B_SPLINE_CURVE_WITH_KNOTS('',3,(#10460,#10461,#10462,#10463),
 .UNSPECIFIED.,.F.,.F.,(4,4),(-0.160508095239668,0.),.UNSPECIFIED.);
#2883=B_SPLINE_CURVE_WITH_KNOTS('',3,(#10465,#10466,#10467,#10468),
 .UNSPECIFIED.,.F.,.F.,(4,4),(-0.160490437367422,0.),.UNSPECIFIED.);
#2884=B_SPLINE_CURVE_WITH_KNOTS('',3,(#10470,#10471,#10472,#10473),
 .UNSPECIFIED.,.F.,.F.,(4,4),(-0.160506157203202,0.),.UNSPECIFIED.);
#2885=B_SPLINE_CURVE_WITH_KNOTS('',3,(#10474,#10475,#10476,#10477),
 .UNSPECIFIED.,.F.,.F.,(4,4),(-0.160523719911253,0.),.UNSPECIFIED.);
#2886=B_SPLINE_CURVE_WITH_KNOTS('',3,(#10666,#10667,#10668,#10669),
 .UNSPECIFIED.,.F.,.F.,(4,4),(-0.160509914166444,0.),.UNSPECIFIED.);
#2887=B_SPLINE_CURVE_WITH_KNOTS('',3,(#10681,#10682,#10683,#10684),
 .UNSPECIFIED.,.F.,.F.,(4,4),(-0.16051542517756,0.),.UNSPECIFIED.);
#2888=B_SPLINE_CURVE_WITH_KNOTS('',3,(#10695,#10696,#10697,#10698),
 .UNSPECIFIED.,.F.,.F.,(4,4),(-0.338419530206983,0.),.UNSPECIFIED.);
#2889=B_SPLINE_CURVE_WITH_KNOTS('',3,(#10709,#10710,#10711,#10712),
 .UNSPECIFIED.,.F.,.F.,(4,4),(-0.423527551485746,0.),.UNSPECIFIED.);
#2890=B_SPLINE_CURVE_WITH_KNOTS('',3,(#10723,#10724,#10725,#10726),
 .UNSPECIFIED.,.F.,.F.,(4,4),(-0.423521282229325,0.),.UNSPECIFIED.);
#2891=B_SPLINE_CURVE_WITH_KNOTS('',3,(#10736,#10737,#10738,#10739),
 .UNSPECIFIED.,.F.,.F.,(4,4),(-0.33774176912751,0.),.UNSPECIFIED.);
#2892=B_SPLINE_CURVE_WITH_KNOTS('',3,(#10749,#10750,#10751,#10752),
 .UNSPECIFIED.,.F.,.F.,(4,4),(-0.160504269000702,0.),.UNSPECIFIED.);
#2893=B_SPLINE_CURVE_WITH_KNOTS('',3,(#10762,#10763,#10764,#10765),
 .UNSPECIFIED.,.F.,.F.,(4,4),(-0.160510387737849,0.),.UNSPECIFIED.);
#2894=B_SPLINE_CURVE_WITH_KNOTS('',3,(#11647,#11648,#11649,#11650),
 .UNSPECIFIED.,.F.,.F.,(4,4),(3.57742258173443,3.73904917232693),
 .UNSPECIFIED.);
#2895=B_SPLINE_CURVE_WITH_KNOTS('',3,(#11654,#11655,#11656,#11657),
 .UNSPECIFIED.,.F.,.F.,(4,4),(-3.73904917232693,-3.56803645576191),
 .UNSPECIFIED.);
#2896=B_SPLINE_CURVE_WITH_KNOTS('',3,(#11659,#11660,#11661,#11662,#11663,
#11664,#11665,#11666),.UNSPECIFIED.,.F.,.F.,(4,2,2,4),(0.,0.00719403956800929,
0.0123560241757335,0.0132701525665707),.UNSPECIFIED.);
#2897=B_SPLINE_CURVE_WITH_KNOTS('',3,(#11667,#11668,#11669,#11670,#11671,
#11672,#11673,#11674,#11675,#11676,#11677,#11678,#11679,#11680,#11681,#11682,
#11683,#11684,#11685,#11686,#11687,#11688,#11689,#11690,#11691,#11692,#11693,
#11694,#11695,#11696,#11697),.UNSPECIFIED.,.F.,.F.,(4,3,3,3,3,3,3,3,3,3,
4),(0.,0.00400786449783945,0.00763663330359614,0.00912304792619541,0.0131012173096198,
0.0154213922915849,0.019501855023252,0.0218479105714517,0.0259336106290105,
0.028278267131148,0.0284574645134301),.UNSPECIFIED.);
#2898=B_SPLINE_CURVE_WITH_KNOTS('',3,(#11704,#11705,#11706,#11707,#11708,
#11709,#11710,#11711,#11712,#11713,#11714,#11715,#11716,#11717,#11718,#11719,
#11720,#11721,#11722,#11723,#11724,#11725),.UNSPECIFIED.,.F.,.F.,(4,3,3,
3,3,3,3,4),(-0.0212408898043462,-0.0211402207779896,-0.0169568032833963,
-0.0144172397750013,-0.0104798231684793,-0.00779407087638356,-0.00379930833459104,
0.),.UNSPECIFIED.);
#2899=B_SPLINE_CURVE_WITH_KNOTS('',3,(#11726,#11727,#11728,#11729,#11730,
#11731,#11732,#11733),.UNSPECIFIED.,.F.,.F.,(4,2,2,4),(0.109657967139601,
0.112385137683682,0.116395911529106,0.121701624714503),.UNSPECIFIED.);
#2900=B_SPLINE_CURVE_WITH_KNOTS('',3,(#11853,#11854,#11855,#11856,#11857,
#11858,#11859,#11860,#11861,#11862,#11863,#11864,#11865),.UNSPECIFIED.,
 .F.,.F.,(4,1,1,1,1,1,1,1,1,1,4),(-0.745284008495647,-0.718666722477945,
-0.692049436460243,-0.665432150442542,-0.63881486442484,-0.585580292389437,
-0.532345720354033,-0.425876576283227,-0.31940743221242,-0.15970371610621,
0.),.UNSPECIFIED.);
#2901=B_SPLINE_CURVE_WITH_KNOTS('',3,(#11867,#11868,#11869,#11870,#11871,
#11872,#11873,#11874,#11875,#11876,#11877),.UNSPECIFIED.,.F.,.F.,(4,1,1,
1,1,1,1,1,4),(0.,0.15970371610621,0.31940743221242,0.425876576283227,0.532345720354033,
0.585580292389437,0.63881486442484,0.665432150442542,0.678318504531395),
 .UNSPECIFIED.);
#2902=B_SPLINE_CURVE_WITH_KNOTS('',3,(#11878,#11879,#11880,#11881,#11882,
#11883),.UNSPECIFIED.,.F.,.F.,(4,1,1,4),(0.678318504531395,0.692049436460243,
0.718666722477945,0.745284008495647),.UNSPECIFIED.);
#2903=B_SPLINE_CURVE_WITH_KNOTS('',3,(#11943,#11944,#11945,#11946,#11947,
#11948,#11949,#11950),.UNSPECIFIED.,.F.,.F.,(4,1,1,1,1,4),(-0.472977070859363,
-0.405408917879454,-0.337840764899545,-0.270272611919636,-0.135136305959818,
-3.62990755973728E-16),.UNSPECIFIED.);
#2904=B_SPLINE_CURVE_WITH_KNOTS('',3,(#11951,#11952,#11953,#11954,#11955,
#11956,#11957,#11958),.UNSPECIFIED.,.F.,.F.,(4,1,1,1,1,4),(3.62990755973728E-16,
0.135136305959818,0.270272611919636,0.337840764899545,0.405408917879454,
0.472977070859363),.UNSPECIFIED.);
#2905=B_SPLINE_CURVE_WITH_KNOTS('',3,(#11997,#11998,#11999,#12000,#12001),
 .UNSPECIFIED.,.F.,.F.,(4,1,4),(-0.18376738371201,-0.0787574501622899,0.),
 .UNSPECIFIED.);
#2906=B_SPLINE_CURVE_WITH_KNOTS('',3,(#12002,#12003,#12004,#12005,#12006),
 .UNSPECIFIED.,.F.,.F.,(4,1,4),(0.,0.0787574501622899,0.18376738371201),
 .UNSPECIFIED.);
#2907=B_SPLINE_CURVE_WITH_KNOTS('',3,(#12059,#12060,#12061,#12062,#12063,
#12064,#12065),.UNSPECIFIED.,.F.,.F.,(4,1,1,1,4),(-0.374345357276283,-0.320867449093959,
-0.267389540911635,-0.160433724546987,-1.51151769311234E-14),
 .UNSPECIFIED.);
#2908=B_SPLINE_CURVE_WITH_KNOTS('',3,(#12066,#12067,#12068,#12069,#12070,
#12071,#12072),.UNSPECIFIED.,.F.,.F.,(4,1,1,1,4),(1.51151769311234E-14,
0.160433724546987,0.267389540911635,0.320867449093959,0.374345357276283),
 .UNSPECIFIED.);
#2909=B_SPLINE_CURVE_WITH_KNOTS('',3,(#12093,#12094,#12095,#12096),
 .UNSPECIFIED.,.F.,.F.,(4,4),(-0.0352083623267249,-6.29386370560744E-17),
 .UNSPECIFIED.);
#2910=B_SPLINE_CURVE_WITH_KNOTS('',3,(#12097,#12098,#12099,#12100),
 .UNSPECIFIED.,.F.,.F.,(4,4),(6.29386370560744E-17,0.0305210689390099),
 .UNSPECIFIED.);
#2911=B_SPLINE_CURVE_WITH_KNOTS('',3,(#12131,#12132,#12133,#12134,#12135),
 .UNSPECIFIED.,.F.,.F.,(4,1,4),(-2.37495475283058E-16,0.099288240616796,
0.173754421079393),.UNSPECIFIED.);
#2912=B_SPLINE_CURVE_WITH_KNOTS('',3,(#12171,#12172,#12173,#12174,#12175,
#12176,#12177,#12178),.UNSPECIFIED.,.F.,.F.,(4,2,2,4),(-0.20419227639282,
-0.202988983806935,-0.132140174804237,0.),.UNSPECIFIED.);
#2913=B_SPLINE_CURVE_WITH_KNOTS('',3,(#12179,#12180,#12181,#12182,#12183,
#12184),.UNSPECIFIED.,.F.,.F.,(4,1,1,4),(2.74319356010196,2.75531608520118,
2.85100641597358,2.99454191213217),.UNSPECIFIED.);
#2914=B_SPLINE_CURVE_WITH_KNOTS('',3,(#12213,#12214,#12215,#12216),
 .UNSPECIFIED.,.F.,.F.,(4,4),(0.108437358187654,0.138958427126659),
 .UNSPECIFIED.);
#2915=B_SPLINE_CURVE_WITH_KNOTS('',3,(#12220,#12221,#12222,#12223),
 .UNSPECIFIED.,.F.,.F.,(4,4),(-0.138958427126659,-0.10375006479994),
 .UNSPECIFIED.);
#2916=B_SPLINE_CURVE_WITH_KNOTS('',3,(#12224,#12225,#12226,#12227,#12228,
#12229,#12230,#12231,#12232,#12233,#12234,#12235,#12236,#12237,#12238,#12239,
#12240,#12241,#12242,#12243,#12244,#12245,#12246,#12247,#12248,#12249,#12250,
#12251,#12252,#12253,#12254),.UNSPECIFIED.,.F.,.F.,(4,3,3,3,3,3,3,3,3,3,
4),(-0.000179374886685091,0.,0.00411592119510996,0.00643672616825732,0.0105124972375177,
0.012869610254799,0.0162729933230205,0.0202843957255827,0.0206620804588259,
0.0246499901137317,0.0283062782521175),.UNSPECIFIED.);
#2917=B_SPLINE_CURVE_WITH_KNOTS('',3,(#12300,#12301,#12302,#12303,#12304,
#12305),.UNSPECIFIED.,.F.,.F.,(4,1,1,4),(-0.374336288035388,-0.160429837729452,
-0.053476612576484,0.),.UNSPECIFIED.);
#2918=B_SPLINE_CURVE_WITH_KNOTS('',3,(#12306,#12307,#12308,#12309,#12310,
#12311),.UNSPECIFIED.,.F.,.F.,(4,1,1,4),(0.,0.053476612576484,0.160429837729452,
0.374336288035388),.UNSPECIFIED.);
#2919=B_SPLINE_CURVE_WITH_KNOTS('',3,(#12357,#12358,#12359,#12360,#12361,
#12362),.UNSPECIFIED.,.F.,.F.,(4,1,1,4),(-0.183809255371061,-0.131292325265044,
-0.0787753951590261,0.),.UNSPECIFIED.);
#2920=B_SPLINE_CURVE_WITH_KNOTS('',3,(#12363,#12364,#12365,#12366,#12367,
#12368),.UNSPECIFIED.,.F.,.F.,(4,1,1,4),(0.,0.0787753951590261,0.131292325265044,
0.183809255371061),.UNSPECIFIED.);
#2921=B_SPLINE_CURVE_WITH_KNOTS('',3,(#12421,#12422,#12423,#12424,#12425,
#12426,#12427),.UNSPECIFIED.,.F.,.F.,(4,1,1,1,4),(-0.47297855371633,-0.270273459266474,
-0.135136729633237,-0.0675683648166186,0.),.UNSPECIFIED.);
#2922=B_SPLINE_CURVE_WITH_KNOTS('',3,(#12428,#12429,#12430,#12431,#12432,
#12433,#12434),.UNSPECIFIED.,.F.,.F.,(4,1,1,1,4),(0.,0.0675683648166186,
0.135136729633237,0.270273459266474,0.47297855371633),.UNSPECIFIED.);
#2923=B_SPLINE_CURVE_WITH_KNOTS('',3,(#12522,#12523,#12524,#12525,#12526,
#12527,#12528,#12529,#12530,#12531,#12532,#12533),.UNSPECIFIED.,.F.,.F.,
(4,1,1,1,1,1,1,1,1,4),(-0.745274610175168,-0.532339007267977,-0.319403404360786,
-0.212935602907191,-0.159701702180393,-0.106467801453595,-0.0798508510901966,
-0.0532339007267977,-0.0266169503633989,0.),.UNSPECIFIED.);
#2924=B_SPLINE_CURVE_WITH_KNOTS('',3,(#12534,#12535,#12536,#12537,#12538,
#12539,#12540,#12541,#12542,#12543,#12544,#12545),.UNSPECIFIED.,.F.,.F.,
(4,1,1,1,1,1,1,1,1,4),(0.,0.0266169503633989,0.0532339007267977,0.0798508510901966,
0.106467801453595,0.159701702180393,0.212935602907191,0.319403404360786,
0.532339007267977,0.745274610175168),.UNSPECIFIED.);
#2925=B_SPLINE_CURVE_WITH_KNOTS('',3,(#12570,#12571,#12572,#12573,#12574,
#12575,#12576,#12577,#12578,#12579,#12580,#12581,#12582,#12583,#12584,#12585,
#12586,#12587,#12588,#12589,#12590,#12591),.UNSPECIFIED.,.F.,.F.,(4,3,3,
3,3,3,3,4),(-0.000100781597483348,0.,0.00418796921941943,0.00673070344091917,
0.0106726494815201,0.0133615266694324,0.017361749709919,0.0211645136412889),
 .UNSPECIFIED.);
#2926=B_SPLINE_CURVE_WITH_KNOTS('',3,(#12601,#12602,#12603,#12604,#12605,
#12606,#12607,#12608),.UNSPECIFIED.,.F.,.F.,(4,2,2,4),(0.0513733935814649,
0.0566791067668615,0.0606898806122857,0.0634170511563674),.UNSPECIFIED.);
#2927=B_SPLINE_CURVE_WITH_KNOTS('',3,(#12630,#12631,#12632,#12633),
 .UNSPECIFIED.,.F.,.F.,(4,4),(-3.91006181428237,-3.73904909735036),
 .UNSPECIFIED.);
#2928=B_SPLINE_CURVE_WITH_KNOTS('',3,(#12634,#12635,#12636,#12637),
 .UNSPECIFIED.,.F.,.F.,(4,4),(3.73904909735036,3.90067568832331),
 .UNSPECIFIED.);
#2929=B_SPLINE_CURVE_WITH_KNOTS('',3,(#12638,#12639,#12640,#12641,#12642,
#12643,#12644,#12645,#12646,#12647,#12648,#12649,#12650,#12651,#12652,#12653),
 .UNSPECIFIED.,.F.,.F.,(4,3,3,3,3,4),(0.0527284916671846,0.0537345334515607,
0.0575984100236778,0.0581766553032032,0.062898818809081,0.0652244180928332),
 .UNSPECIFIED.);
#2930=B_SPLINE_CURVE_WITH_KNOTS('',3,(#12666,#12667,#12668,#12669,#12670,
#12671,#12672,#12673,#12674,#12675,#12676,#12677,#12678),.UNSPECIFIED.,
 .F.,.F.,(4,1,1,1,1,1,1,1,1,1,4),(-0.745284299552541,-0.71866700313995,
-0.69204970672736,-0.665432410314769,-0.638815113902178,-0.585580521076997,
-0.532345928251815,-0.425876742601452,-0.319407556951089,-0.159703778475545,
-3.43501268538038E-16),.UNSPECIFIED.);
#2931=B_SPLINE_CURVE_WITH_KNOTS('',3,(#12686,#12687,#12688,#12689,#12690,
#12691,#12692,#12693),.UNSPECIFIED.,.F.,.F.,(4,2,2,4),(0.109657967139599,
0.11238513768368,0.116395911529105,0.121701624714502),.UNSPECIFIED.);
#2932=B_SPLINE_CURVE_WITH_KNOTS('',3,(#12742,#12743,#12744,#12745),
 .UNSPECIFIED.,.F.,.F.,(4,4),(3.57742258173443,3.73904917232694),
 .UNSPECIFIED.);
#2933=B_SPLINE_CURVE_WITH_KNOTS('',3,(#12748,#12749,#12750,#12751),
 .UNSPECIFIED.,.F.,.F.,(4,4),(-3.73904917232694,-3.56803645576191),
 .UNSPECIFIED.);
#2934=B_SPLINE_CURVE_WITH_KNOTS('',3,(#12753,#12754,#12755,#12756,#12757,
#12758,#12759,#12760),.UNSPECIFIED.,.F.,.F.,(4,2,2,4),(0.,0.00719403956958755,
0.0123560241794951,0.0132701525707203),.UNSPECIFIED.);
#2935=B_SPLINE_CURVE_WITH_KNOTS('',3,(#12761,#12762,#12763,#12764,#12765,
#12766,#12767,#12768,#12769,#12770,#12771,#12772,#12773,#12774,#12775,#12776,
#12777,#12778,#12779,#12780,#12781,#12782,#12783,#12784,#12785,#12786,#12787,
#12788,#12789,#12790,#12791),.UNSPECIFIED.,.F.,.F.,(4,3,3,3,3,3,3,3,3,3,
4),(0.,0.00400793929270838,0.0076366333036024,0.00912304792620796,0.0131013988401513,
0.0154213922916073,0.0195018925472246,0.0218479105714803,0.0259334166241361,
0.028278267131011,0.0284574645133979),.UNSPECIFIED.);
#2936=B_SPLINE_CURVE_WITH_KNOTS('',3,(#12816,#12817,#12818,#12819,#12820,
#12821,#12822,#12823,#12824,#12825,#12826,#12827,#12828,#12829,#12830,#12831,
#12832,#12833,#12834,#12835,#12836,#12837),.UNSPECIFIED.,.F.,.F.,(4,3,3,
3,3,3,3,4),(-0.0212408898007172,-0.0211402207739973,-0.016956754187441,
-0.0144172397750161,-0.0104798231684854,-0.00779407087638913,-0.00379947747815372,
0.),.UNSPECIFIED.);
#2937=B_SPLINE_CURVE_WITH_KNOTS('',3,(#12931,#12932,#12933,#12934,#12935,
#12936,#12937,#12938,#12939,#12940,#12941,#12942,#12943),.UNSPECIFIED.,
 .F.,.F.,(4,1,1,1,1,1,1,1,1,1,4),(3.43501268538038E-16,0.159703778475545,
0.319407556951089,0.425876742601452,0.532345928251815,0.585580521076997,
0.638815113902178,0.665432410314769,0.69204970672736,0.71866700313995,0.745284299552541),
 .UNSPECIFIED.);
#2938=B_SPLINE_CURVE_WITH_KNOTS('',3,(#12996,#12997,#12998,#12999,#13000,
#13001,#13002),.UNSPECIFIED.,.F.,.F.,(4,1,1,1,4),(-0.47297707085937,-0.40540891787946,
-0.27027261191964,-0.135136305959821,-8.51356963063543E-16),
 .UNSPECIFIED.);
#2939=B_SPLINE_CURVE_WITH_KNOTS('',3,(#13003,#13004,#13005,#13006,#13007,
#13008,#13009),.UNSPECIFIED.,.F.,.F.,(4,1,1,1,4),(8.51356963063543E-16,
0.135136305959821,0.27027261191964,0.40540891787946,0.47297707085937),
 .UNSPECIFIED.);
#2940=B_SPLINE_CURVE_WITH_KNOTS('',3,(#13055,#13056,#13057,#13058,#13059,
#13060),.UNSPECIFIED.,.F.,.F.,(4,1,1,4),(-0.183767383782579,-0.10500993359005,
-0.0525049667950305,-1.11362257754344E-14),.UNSPECIFIED.);
#2941=B_SPLINE_CURVE_WITH_KNOTS('',3,(#13061,#13062,#13063,#13064,#13065,
#13066),.UNSPECIFIED.,.F.,.F.,(4,1,1,4),(1.11362257754344E-14,0.0525049667950305,
0.10500993359005,0.183767383782579),.UNSPECIFIED.);
#2942=B_SPLINE_CURVE_WITH_KNOTS('',3,(#13119,#13120,#13121,#13122,#13123,
#13124,#13125),.UNSPECIFIED.,.F.,.F.,(4,1,1,1,4),(-0.374345357897129,-0.320867449626113,
-0.267389541355096,-0.160433724813064,-1.46803775029692E-14),
 .UNSPECIFIED.);
#2943=B_SPLINE_CURVE_WITH_KNOTS('',3,(#13126,#13127,#13128,#13129,#13130,
#13131,#13132),.UNSPECIFIED.,.F.,.F.,(4,1,1,1,4),(1.46803775029692E-14,
0.160433724813064,0.267389541355096,0.320867449626113,0.374345357897129),
 .UNSPECIFIED.);
#2944=B_SPLINE_CURVE_WITH_KNOTS('',3,(#13153,#13154,#13155,#13156),
 .UNSPECIFIED.,.F.,.F.,(4,4),(-0.0352083623267171,0.),.UNSPECIFIED.);
#2945=B_SPLINE_CURVE_WITH_KNOTS('',3,(#13157,#13158,#13159,#13160),
 .UNSPECIFIED.,.F.,.F.,(4,4),(0.,0.0305210689390048),.UNSPECIFIED.);
#2946=B_SPLINE_CURVE_WITH_KNOTS('',3,(#13171,#13172,#13173,#13174),
 .UNSPECIFIED.,.F.,.F.,(4,4),(-3.91006181428237,-3.73904909735035),
 .UNSPECIFIED.);
#2947=B_SPLINE_CURVE_WITH_KNOTS('',3,(#13178,#13179,#13180,#13181,#13182,
#13183,#13184,#13185),.UNSPECIFIED.,.F.,.F.,(4,2,2,4),(-0.202948486456722,
-0.0708457444488368,0.,0.00120411891055097),.UNSPECIFIED.);
#2948=B_SPLINE_CURVE_WITH_KNOTS('',3,(#13188,#13189,#13190,#13191,#13192,
#13193,#13194,#13195),.UNSPECIFIED.,.F.,.F.,(4,2,2,4),(-0.204192154636849,
-0.202987930251971,-0.132124180181914,0.),.UNSPECIFIED.);
#2949=B_SPLINE_CURVE_WITH_KNOTS('',3,(#13222,#13223,#13224,#13225),
 .UNSPECIFIED.,.F.,.F.,(4,4),(0.108437358187654,0.138958427126659),
 .UNSPECIFIED.);
#2950=B_SPLINE_CURVE_WITH_KNOTS('',3,(#13229,#13230,#13231,#13232),
 .UNSPECIFIED.,.F.,.F.,(4,4),(-0.138958427126659,-0.10375006479994),
 .UNSPECIFIED.);
#2951=B_SPLINE_CURVE_WITH_KNOTS('',3,(#13233,#13234,#13235,#13236,#13237,
#13238,#13239,#13240,#13241,#13242,#13243,#13244,#13245,#13246,#13247,#13248,
#13249,#13250,#13251,#13252,#13253,#13254,#13255,#13256,#13257,#13258,#13259,
#13260,#13261,#13262,#13263),.UNSPECIFIED.,.F.,.F.,(4,3,3,3,3,3,3,3,3,3,
4),(-0.000179374886611654,0.,0.00411561425832916,0.00643672617019705,0.0105132653781391,
0.0128696102588806,0.0162729933282119,0.0202838330569932,0.0206620804654793,
0.0246492902786967,0.0283062782612863),.UNSPECIFIED.);
#2952=B_SPLINE_CURVE_WITH_KNOTS('',3,(#13316,#13317,#13318,#13319,#13320,
#13321,#13322),.UNSPECIFIED.,.F.,.F.,(4,1,1,1,4),(-0.374336288035387,-0.213906450305936,
-0.106953225152968,-0.0534766125764839,0.),.UNSPECIFIED.);
#2953=B_SPLINE_CURVE_WITH_KNOTS('',3,(#13323,#13324,#13325,#13326,#13327,
#13328,#13329),.UNSPECIFIED.,.F.,.F.,(4,1,1,1,4),(0.,0.0534766125764839,
0.106953225152968,0.213906450305936,0.374336288035387),.UNSPECIFIED.);
#2954=B_SPLINE_CURVE_WITH_KNOTS('',3,(#13375,#13376,#13377,#13378,#13379,
#13380),.UNSPECIFIED.,.F.,.F.,(4,1,1,4),(-0.18380925497075,-0.131292324979107,
-0.0787753949874642,0.),.UNSPECIFIED.);
#2955=B_SPLINE_CURVE_WITH_KNOTS('',3,(#13381,#13382,#13383,#13384,#13385,
#13386),.UNSPECIFIED.,.F.,.F.,(4,1,1,4),(0.,0.0787753949874642,0.131292324979107,
0.18380925497075),.UNSPECIFIED.);
#2956=B_SPLINE_CURVE_WITH_KNOTS('',3,(#13439,#13440,#13441,#13442,#13443,
#13444,#13445),.UNSPECIFIED.,.F.,.F.,(4,1,1,1,4),(-0.472978553716323,-0.270273459266471,
-0.135136729633235,-0.084460456020772,0.),.UNSPECIFIED.);
#2957=B_SPLINE_CURVE_WITH_KNOTS('',3,(#13446,#13447,#13448,#13449,#13450,
#13451,#13452),.UNSPECIFIED.,.F.,.F.,(4,1,1,1,4),(0.,0.084460456020772,
0.135136729633235,0.270273459266471,0.472978553716323),.UNSPECIFIED.);
#2958=B_SPLINE_CURVE_WITH_KNOTS('',3,(#13540,#13541,#13542,#13543,#13544,
#13545,#13546,#13547,#13548,#13549,#13550,#13551),.UNSPECIFIED.,.F.,.F.,
(4,1,1,1,1,1,1,1,1,4),(-0.745274593549967,-0.532338995392834,-0.319403397235701,
-0.212935598157134,-0.159701698617851,-0.106467799078568,-0.0798508493089261,
-0.0532338995392845,-0.0266169497696429,-1.23009780231456E-15),
 .UNSPECIFIED.);
#2959=B_SPLINE_CURVE_WITH_KNOTS('',3,(#13553,#13554,#13555,#13556,#13557,
#13558),.UNSPECIFIED.,.F.,.F.,(4,1,1,4),(1.23009780231456E-15,0.0266169497696429,
0.0532338995392845,0.0669675266827154),.UNSPECIFIED.);
#2960=B_SPLINE_CURVE_WITH_KNOTS('',3,(#13559,#13560,#13561,#13562,#13563,
#13564,#13565,#13566,#13567,#13568),.UNSPECIFIED.,.F.,.F.,(4,1,1,1,1,1,
1,4),(0.0669675266827154,0.0798508493089261,0.106467799078568,0.159701698617851,
0.212935598157134,0.319403397235701,0.532338995392834,0.745274593549967),
 .UNSPECIFIED.);
#2961=B_SPLINE_CURVE_WITH_KNOTS('',3,(#13593,#13594,#13595,#13596,#13597,
#13598,#13599,#13600,#13601,#13602,#13603,#13604,#13605,#13606,#13607,#13608,
#13609,#13610,#13611,#13612,#13613,#13614),.UNSPECIFIED.,.F.,.F.,(4,3,3,
3,3,3,3,4),(-0.000100781597740635,0.,0.00418833718606984,0.006730703444343,
0.0106726494873176,0.0133615266768418,0.0173604918236223,0.0211645136533713),
 .UNSPECIFIED.);
#2962=B_SPLINE_CURVE_WITH_KNOTS('',3,(#13619,#13620,#13621,#13622,#13623,
#13624,#13625,#13626),.UNSPECIFIED.,.F.,.F.,(4,2,2,4),(0.051373393581464,
0.0566791067668624,0.0606898806122868,0.0634170511563673),.UNSPECIFIED.);
#2963=B_SPLINE_CURVE_WITH_KNOTS('',3,(#13651,#13652,#13653,#13654),
 .UNSPECIFIED.,.F.,.F.,(4,4),(3.73904909735035,3.90067568850414),
 .UNSPECIFIED.);
#2964=B_SPLINE_CURVE_WITH_KNOTS('',3,(#13655,#13656,#13657,#13658,#13659,
#13660,#13661,#13662,#13663,#13664,#13665,#13666,#13667,#13668,#13669,#13670),
 .UNSPECIFIED.,.F.,.F.,(4,3,3,3,3,4),(0.0527284916668379,0.0537345334512148,
0.0548481087653584,0.0581766553028507,0.0630049916183189,0.0652244180914313),
 .UNSPECIFIED.);
#2965=B_SPLINE_CURVE_WITH_KNOTS('',3,(#13726,#13727,#13728,#13729,#13730,
#13731),.UNSPECIFIED.,.F.,.F.,(4,1,1,4),(2.9940767496249,3.08968155933127,
3.18528636903764,3.24511128462394),.UNSPECIFIED.);
#2966=B_SPLINE_CURVE_WITH_KNOTS('',3,(#13732,#13733,#13734,#13735,#13736,
#13737,#13738,#13739),.UNSPECIFIED.,.F.,.F.,(4,2,2,4),(-0.202948488059684,
-0.0708457447979166,0.,0.00120411893498424),.UNSPECIFIED.);
#2967=B_SPLINE_CURVE_WITH_KNOTS('',3,(#13760,#13761,#13762,#13763,#13764),
 .UNSPECIFIED.,.F.,.F.,(4,1,4),(1.24502420115116,1.34431394224823,1.41878124807103),
 .UNSPECIFIED.);
#2968=B_SPLINE_CURVE_WITH_KNOTS('',3,(#13803,#13804,#13805,#13806,#13807,
#13808),.UNSPECIFIED.,.F.,.F.,(4,1,1,4),(2.9940767496249,3.08968155933127,
3.18528636903763,3.24511128462394),.UNSPECIFIED.);
#2969=B_SPLINE_CURVE_WITH_KNOTS('',3,(#13831,#13832,#13833,#13834,#13835),
 .UNSPECIFIED.,.F.,.F.,(4,1,4),(1.2450219092229,1.31948924636698,1.41877902922576),
 .UNSPECIFIED.);
#2970=B_SPLINE_CURVE_WITH_KNOTS('',3,(#13865,#13866,#13867,#13868,#13869),
 .UNSPECIFIED.,.F.,.F.,(4,1,4),(-1.13214020160848E-15,0.0744449518760876,
0.173704887710872),.UNSPECIFIED.);
#2971=B_SPLINE_CURVE_WITH_KNOTS('',3,(#13903,#13904,#13905,#13906,#13907,
#13908),.UNSPECIFIED.,.F.,.F.,(4,1,1,4),(3.07778181519161,3.08980379645664,
3.18541001390018,3.3288193400655),.UNSPECIFIED.);
#2972=B_SPLINE_CURVE_WITH_KNOTS('',3,(#14125,#14126,#14127,#14128,#14129,
#14130,#14131,#14132,#14133,#14134,#14135,#14136),.UNSPECIFIED.,.F.,.F.,
(4,2,2,2,2,4),(2.66267833670695,2.93387205336162,3.04521858420018,3.15656511503874,
3.36408256990391,3.57160002476909),.UNSPECIFIED.);
#2973=B_SPLINE_CURVE_WITH_KNOTS('',3,(#14212,#14213,#14214,#14215,#14216,
#14217,#14218,#14219,#14220,#14221),.UNSPECIFIED.,.F.,.F.,(4,2,2,2,4),(0.337508278127554,
0.363886186669702,0.39520339968207,0.425933358776889,0.426329359233252),
 .UNSPECIFIED.);
#2974=B_SPLINE_CURVE_WITH_KNOTS('',3,(#14229,#14230,#14231,#14232,#14233,
#14234,#14235,#14236,#14237,#14238),.UNSPECIFIED.,.F.,.F.,(4,2,2,2,4),(0.916192037726859,
0.921747812366081,0.95334229094708,0.985526018066032,1.0127679354146),
 .UNSPECIFIED.);
#2975=B_SPLINE_CURVE_WITH_KNOTS('',3,(#14992,#14993,#14994,#14995,#14996,
#14997,#14998,#14999,#15000,#15001,#15002,#15003),.UNSPECIFIED.,.F.,.F.,
(4,2,2,2,2,4),(2.66267833670694,2.9338720491041,3.04521857819462,3.15656510728513,
3.36408255889245,3.57160001049977),.UNSPECIFIED.);
#2976=B_SPLINE_CURVE_WITH_KNOTS('',3,(#15016,#15017,#15018,#15019,#15020,
#15021,#15022,#15023,#15024,#15025,#15026,#15027),.UNSPECIFIED.,.F.,.F.,
(4,2,2,2,2,4),(3.57160003003364,3.77911748610077,3.9866349421679,4.09798147365139,
4.20932800513488,4.48052172336033),.UNSPECIFIED.);
#2977=B_SPLINE_CURVE_WITH_KNOTS('',3,(#15044,#15045,#15046,#15047,#15048,
#15049,#15050,#15051,#15052,#15053,#15054,#15055),.UNSPECIFIED.,.F.,.F.,
(4,2,2,2,2,4),(3.57160003003363,3.77911748610076,3.98663494216789,4.09798147365138,
4.20932800513487,4.48052172336032),.UNSPECIFIED.);
#2978=VERTEX_POINT('',#10073);
#2979=VERTEX_POINT('',#10074);
#2980=VERTEX_POINT('',#10079);
#2981=VERTEX_POINT('',#10081);
#2982=VERTEX_POINT('',#10086);
#2983=VERTEX_POINT('',#10091);
#2984=VERTEX_POINT('',#10105);
#2985=VERTEX_POINT('',#10107);
#2986=VERTEX_POINT('',#10114);
#2987=VERTEX_POINT('',#10125);
#2988=VERTEX_POINT('',#10139);
#2989=VERTEX_POINT('',#10146);
#2990=VERTEX_POINT('',#10163);
#2991=VERTEX_POINT('',#10164);
#2992=VERTEX_POINT('',#10166);
#2993=VERTEX_POINT('',#10170);
#2994=VERTEX_POINT('',#10171);
#2995=VERTEX_POINT('',#10176);
#2996=VERTEX_POINT('',#10183);
#2997=VERTEX_POINT('',#10184);
#2998=VERTEX_POINT('',#10186);
#2999=VERTEX_POINT('',#10190);
#3000=VERTEX_POINT('',#10192);
#3001=VERTEX_POINT('',#10196);
#3002=VERTEX_POINT('',#10203);
#3003=VERTEX_POINT('',#10204);
#3004=VERTEX_POINT('',#10209);
#3005=VERTEX_POINT('',#10211);
#3006=VERTEX_POINT('',#10216);
#3007=VERTEX_POINT('',#10221);
#3008=VERTEX_POINT('',#10235);
#3009=VERTEX_POINT('',#10236);
#3010=VERTEX_POINT('',#10244);
#3011=VERTEX_POINT('',#10255);
#3012=VERTEX_POINT('',#10269);
#3013=VERTEX_POINT('',#10276);
#3014=VERTEX_POINT('',#10293);
#3015=VERTEX_POINT('',#10294);
#3016=VERTEX_POINT('',#10296);
#3017=VERTEX_POINT('',#10298);
#3018=VERTEX_POINT('',#10305);
#3019=VERTEX_POINT('',#10307);
#3020=VERTEX_POINT('',#10311);
#3021=VERTEX_POINT('',#10322);
#3022=VERTEX_POINT('',#10332);
#3023=VERTEX_POINT('',#10333);
#3024=VERTEX_POINT('',#10338);
#3025=VERTEX_POINT('',#10340);
#3026=VERTEX_POINT('',#10342);
#3027=VERTEX_POINT('',#10347);
#3028=VERTEX_POINT('',#10361);
#3029=VERTEX_POINT('',#10362);
#3030=VERTEX_POINT('',#10370);
#3031=VERTEX_POINT('',#10374);
#3032=VERTEX_POINT('',#10378);
#3033=VERTEX_POINT('',#10389);
#3034=VERTEX_POINT('',#10410);
#3035=VERTEX_POINT('',#10411);
#3036=VERTEX_POINT('',#10413);
#3037=VERTEX_POINT('',#10415);
#3038=VERTEX_POINT('',#10419);
#3039=VERTEX_POINT('',#10420);
#3040=VERTEX_POINT('',#10425);
#3041=VERTEX_POINT('',#10429);
#3042=VERTEX_POINT('',#10436);
#3043=VERTEX_POINT('',#10437);
#3044=VERTEX_POINT('',#10442);
#3045=VERTEX_POINT('',#10447);
#3046=VERTEX_POINT('',#10452);
#3047=VERTEX_POINT('',#10458);
#3048=VERTEX_POINT('',#10459);
#3049=VERTEX_POINT('',#10464);
#3050=VERTEX_POINT('',#10469);
#3051=VERTEX_POINT('',#10486);
#3052=VERTEX_POINT('',#10488);
#3053=VERTEX_POINT('',#10502);
#3054=VERTEX_POINT('',#10516);
#3055=VERTEX_POINT('',#10518);
#3056=VERTEX_POINT('',#10532);
#3057=VERTEX_POINT('',#10546);
#3058=VERTEX_POINT('',#10560);
#3059=VERTEX_POINT('',#10579);
#3060=VERTEX_POINT('',#10596);
#3061=VERTEX_POINT('',#10597);
#3062=VERTEX_POINT('',#10599);
#3063=VERTEX_POINT('',#10601);
#3064=VERTEX_POINT('',#10603);
#3065=VERTEX_POINT('',#10608);
#3066=VERTEX_POINT('',#10613);
#3067=VERTEX_POINT('',#10622);
#3068=VERTEX_POINT('',#10623);
#3069=VERTEX_POINT('',#10628);
#3070=VERTEX_POINT('',#10633);
#3071=VERTEX_POINT('',#10643);
#3072=VERTEX_POINT('',#10644);
#3073=VERTEX_POINT('',#10649);
#3074=VERTEX_POINT('',#10653);
#3075=VERTEX_POINT('',#10664);
#3076=VERTEX_POINT('',#10665);
#3077=VERTEX_POINT('',#10680);
#3078=VERTEX_POINT('',#10694);
#3079=VERTEX_POINT('',#10708);
#3080=VERTEX_POINT('',#10722);
#3081=VERTEX_POINT('',#10748);
#3082=VERTEX_POINT('',#10768);
#3083=VERTEX_POINT('',#10769);
#3084=VERTEX_POINT('',#10771);
#3085=VERTEX_POINT('',#10776);
#3086=VERTEX_POINT('',#10781);
#3087=VERTEX_POINT('',#10786);
#3088=VERTEX_POINT('',#10791);
#3089=VERTEX_POINT('',#10794);
#3090=VERTEX_POINT('',#10795);
#3091=VERTEX_POINT('',#10800);
#3092=VERTEX_POINT('',#10805);
#3093=VERTEX_POINT('',#10815);
#3094=VERTEX_POINT('',#10816);
#3095=VERTEX_POINT('',#10821);
#3096=VERTEX_POINT('',#10825);
#3097=VERTEX_POINT('',#10836);
#3098=VERTEX_POINT('',#10837);
#3099=VERTEX_POINT('',#10852);
#3100=VERTEX_POINT('',#10866);
#3101=VERTEX_POINT('',#10880);
#3102=VERTEX_POINT('',#10894);
#3103=VERTEX_POINT('',#10920);
#3104=VERTEX_POINT('',#10947);
#3105=VERTEX_POINT('',#10948);
#3106=VERTEX_POINT('',#10953);
#3107=VERTEX_POINT('',#10955);
#3108=VERTEX_POINT('',#10969);
#3109=VERTEX_POINT('',#10974);
#3110=VERTEX_POINT('',#10988);
#3111=VERTEX_POINT('',#10989);
#3112=VERTEX_POINT('',#10994);
#3113=VERTEX_POINT('',#10996);
#3114=VERTEX_POINT('',#11010);
#3115=VERTEX_POINT('',#11015);
#3116=VERTEX_POINT('',#11029);
#3117=VERTEX_POINT('',#11034);
#3118=VERTEX_POINT('',#11048);
#3119=VERTEX_POINT('',#11053);
#3120=VERTEX_POINT('',#11076);
#3121=VERTEX_POINT('',#11078);
#3122=VERTEX_POINT('',#11100);
#3123=VERTEX_POINT('',#11101);
#3124=VERTEX_POINT('',#11103);
#3125=VERTEX_POINT('',#11105);
#3126=VERTEX_POINT('',#11109);
#3127=VERTEX_POINT('',#11110);
#3128=VERTEX_POINT('',#11115);
#3129=VERTEX_POINT('',#11119);
#3130=VERTEX_POINT('',#11125);
#3131=VERTEX_POINT('',#11126);
#3132=VERTEX_POINT('',#11131);
#3133=VERTEX_POINT('',#11133);
#3134=VERTEX_POINT('',#11138);
#3135=VERTEX_POINT('',#11143);
#3136=VERTEX_POINT('',#11154);
#3137=VERTEX_POINT('',#11155);
#3138=VERTEX_POINT('',#11163);
#3139=VERTEX_POINT('',#11167);
#3140=VERTEX_POINT('',#11171);
#3141=VERTEX_POINT('',#11182);
#3142=VERTEX_POINT('',#11201);
#3143=VERTEX_POINT('',#11202);
#3144=VERTEX_POINT('',#11204);
#3145=VERTEX_POINT('',#11206);
#3146=VERTEX_POINT('',#11210);
#3147=VERTEX_POINT('',#11212);
#3148=VERTEX_POINT('',#11223);
#3149=VERTEX_POINT('',#11228);
#3150=VERTEX_POINT('',#11239);
#3151=VERTEX_POINT('',#11240);
#3152=VERTEX_POINT('',#11245);
#3153=VERTEX_POINT('',#11250);
#3154=VERTEX_POINT('',#11252);
#3155=VERTEX_POINT('',#11257);
#3156=VERTEX_POINT('',#11271);
#3157=VERTEX_POINT('',#11272);
#3158=VERTEX_POINT('',#11280);
#3159=VERTEX_POINT('',#11291);
#3160=VERTEX_POINT('',#11305);
#3161=VERTEX_POINT('',#11312);
#3162=VERTEX_POINT('',#11328);
#3163=VERTEX_POINT('',#11329);
#3164=VERTEX_POINT('',#11331);
#3165=VERTEX_POINT('',#11333);
#3166=VERTEX_POINT('',#11337);
#3167=VERTEX_POINT('',#11339);
#3168=VERTEX_POINT('',#11347);
#3169=VERTEX_POINT('',#11348);
#3170=VERTEX_POINT('',#11350);
#3171=VERTEX_POINT('',#11354);
#3172=VERTEX_POINT('',#11355);
#3173=VERTEX_POINT('',#11360);
#3174=VERTEX_POINT('',#11373);
#3175=VERTEX_POINT('',#11374);
#3176=VERTEX_POINT('',#11379);
#3177=VERTEX_POINT('',#11381);
#3178=VERTEX_POINT('',#11388);
#3179=VERTEX_POINT('',#11390);
#3180=VERTEX_POINT('',#11401);
#3181=VERTEX_POINT('',#11406);
#3182=VERTEX_POINT('',#11420);
#3183=VERTEX_POINT('',#11425);
#3184=VERTEX_POINT('',#11432);
#3185=VERTEX_POINT('',#11434);
#3186=VERTEX_POINT('',#11455);
#3187=VERTEX_POINT('',#11456);
#3188=VERTEX_POINT('',#11458);
#3189=VERTEX_POINT('',#11460);
#3190=VERTEX_POINT('',#11464);
#3191=VERTEX_POINT('',#11466);
#3192=VERTEX_POINT('',#11470);
#3193=VERTEX_POINT('',#11471);
#3194=VERTEX_POINT('',#11473);
#3195=VERTEX_POINT('',#11475);
#3196=VERTEX_POINT('',#11479);
#3197=VERTEX_POINT('',#11481);
#3198=VERTEX_POINT('',#11485);
#3199=VERTEX_POINT('',#11486);
#3200=VERTEX_POINT('',#11488);
#3201=VERTEX_POINT('',#11490);
#3202=VERTEX_POINT('',#11494);
#3203=VERTEX_POINT('',#11496);
#3204=VERTEX_POINT('',#11499);
#3205=VERTEX_POINT('',#11501);
#3206=VERTEX_POINT('',#11505);
#3207=VERTEX_POINT('',#11509);
#3208=VERTEX_POINT('',#11510);
#3209=VERTEX_POINT('',#11512);
#3210=VERTEX_POINT('',#11514);
#3211=VERTEX_POINT('',#11518);
#3212=VERTEX_POINT('',#11521);
#3213=VERTEX_POINT('',#11523);
#3214=VERTEX_POINT('',#11525);
#3215=VERTEX_POINT('',#11529);
#3216=VERTEX_POINT('',#11533);
#3217=VERTEX_POINT('',#11534);
#3218=VERTEX_POINT('',#11541);
#3219=VERTEX_POINT('',#11542);
#3220=VERTEX_POINT('',#11549);
#3221=VERTEX_POINT('',#11553);
#3222=VERTEX_POINT('',#11561);
#3223=VERTEX_POINT('',#11562);
#3224=VERTEX_POINT('',#11564);
#3225=VERTEX_POINT('',#11566);
#3226=VERTEX_POINT('',#11569);
#3227=VERTEX_POINT('',#11570);
#3228=VERTEX_POINT('',#11572);
#3229=VERTEX_POINT('',#11574);
#3230=VERTEX_POINT('',#11578);
#3231=VERTEX_POINT('',#11580);
#3232=VERTEX_POINT('',#11582);
#3233=VERTEX_POINT('',#11584);
#3234=VERTEX_POINT('',#11586);
#3235=VERTEX_POINT('',#11588);
#3236=VERTEX_POINT('',#11590);
#3237=VERTEX_POINT('',#11592);
#3238=VERTEX_POINT('',#11594);
#3239=VERTEX_POINT('',#11596);
#3240=VERTEX_POINT('',#11598);
#3241=VERTEX_POINT('',#11602);
#3242=VERTEX_POINT('',#11606);
#3243=VERTEX_POINT('',#11607);
#3244=VERTEX_POINT('',#11612);
#3245=VERTEX_POINT('',#11613);
#3246=VERTEX_POINT('',#11645);
#3247=VERTEX_POINT('',#11646);
#3248=VERTEX_POINT('',#11651);
#3249=VERTEX_POINT('',#11653);
#3250=VERTEX_POINT('',#11658);
#3251=VERTEX_POINT('',#11699);
#3252=VERTEX_POINT('',#11701);
#3253=VERTEX_POINT('',#11703);
#3254=VERTEX_POINT('',#11754);
#3255=VERTEX_POINT('',#11756);
#3256=VERTEX_POINT('',#11850);
#3257=VERTEX_POINT('',#11851);
#3258=VERTEX_POINT('',#11866);
#3259=VERTEX_POINT('',#11940);
#3260=VERTEX_POINT('',#11941);
#3261=VERTEX_POINT('',#11994);
#3262=VERTEX_POINT('',#11995);
#3263=VERTEX_POINT('',#12056);
#3264=VERTEX_POINT('',#12057);
#3265=VERTEX_POINT('',#12102);
#3266=VERTEX_POINT('',#12104);
#3267=VERTEX_POINT('',#12106);
#3268=VERTEX_POINT('',#12129);
#3269=VERTEX_POINT('',#12168);
#3270=VERTEX_POINT('',#12170);
#3271=VERTEX_POINT('',#12188);
#3272=VERTEX_POINT('',#12211);
#3273=VERTEX_POINT('',#12212);
#3274=VERTEX_POINT('',#12217);
#3275=VERTEX_POINT('',#12219);
#3276=VERTEX_POINT('',#12297);
#3277=VERTEX_POINT('',#12298);
#3278=VERTEX_POINT('',#12354);
#3279=VERTEX_POINT('',#12355);
#3280=VERTEX_POINT('',#12418);
#3281=VERTEX_POINT('',#12419);
#3282=VERTEX_POINT('',#12519);
#3283=VERTEX_POINT('',#12520);
#3284=VERTEX_POINT('',#12566);
#3285=VERTEX_POINT('',#12568);
#3286=VERTEX_POINT('',#12593);
#3287=VERTEX_POINT('',#12595);
#3288=VERTEX_POINT('',#12597);
#3289=VERTEX_POINT('',#12599);
#3290=VERTEX_POINT('',#12629);
#3291=VERTEX_POINT('',#12655);
#3292=VERTEX_POINT('',#12657);
#3293=VERTEX_POINT('',#12659);
#3294=VERTEX_POINT('',#12663);
#3295=VERTEX_POINT('',#12665);
#3296=VERTEX_POINT('',#12679);
#3297=VERTEX_POINT('',#12683);
#3298=VERTEX_POINT('',#12685);
#3299=VERTEX_POINT('',#12696);
#3300=VERTEX_POINT('',#12698);
#3301=VERTEX_POINT('',#12700);
#3302=VERTEX_POINT('',#12704);
#3303=VERTEX_POINT('',#12705);
#3304=VERTEX_POINT('',#12707);
#3305=VERTEX_POINT('',#12709);
#3306=VERTEX_POINT('',#12713);
#3307=VERTEX_POINT('',#12740);
#3308=VERTEX_POINT('',#12741);
#3309=VERTEX_POINT('',#12747);
#3310=VERTEX_POINT('',#12752);
#3311=VERTEX_POINT('',#12812);
#3312=VERTEX_POINT('',#12813);
#3313=VERTEX_POINT('',#12929);
#3314=VERTEX_POINT('',#12993);
#3315=VERTEX_POINT('',#12994);
#3316=VERTEX_POINT('',#13052);
#3317=VERTEX_POINT('',#13053);
#3318=VERTEX_POINT('',#13116);
#3319=VERTEX_POINT('',#13117);
#3320=VERTEX_POINT('',#13162);
#3321=VERTEX_POINT('',#13166);
#3322=VERTEX_POINT('',#13170);
#3323=VERTEX_POINT('',#13175);
#3324=VERTEX_POINT('',#13177);
#3325=VERTEX_POINT('',#13186);
#3326=VERTEX_POINT('',#13197);
#3327=VERTEX_POINT('',#13220);
#3328=VERTEX_POINT('',#13221);
#3329=VERTEX_POINT('',#13226);
#3330=VERTEX_POINT('',#13228);
#3331=VERTEX_POINT('',#13313);
#3332=VERTEX_POINT('',#13314);
#3333=VERTEX_POINT('',#13372);
#3334=VERTEX_POINT('',#13373);
#3335=VERTEX_POINT('',#13436);
#3336=VERTEX_POINT('',#13437);
#3337=VERTEX_POINT('',#13537);
#3338=VERTEX_POINT('',#13538);
#3339=VERTEX_POINT('',#13552);
#3340=VERTEX_POINT('',#13589);
#3341=VERTEX_POINT('',#13591);
#3342=VERTEX_POINT('',#13616);
#3343=VERTEX_POINT('',#13676);
#3344=VERTEX_POINT('',#13684);
#3345=VERTEX_POINT('',#13723);
#3346=VERTEX_POINT('',#13725);
#3347=VERTEX_POINT('',#13801);
#3348=VERTEX_POINT('',#13829);
#3349=VERTEX_POINT('',#13837);
#3350=VERTEX_POINT('',#13839);
#3351=VERTEX_POINT('',#13862);
#3352=VERTEX_POINT('',#13864);
#3353=VERTEX_POINT('',#13910);
#3354=VERTEX_POINT('',#13915);
#3355=VERTEX_POINT('',#13918);
#3356=VERTEX_POINT('',#13921);
#3357=VERTEX_POINT('',#13926);
#3358=VERTEX_POINT('',#13927);
#3359=VERTEX_POINT('',#13932);
#3360=VERTEX_POINT('',#13934);
#3361=VERTEX_POINT('',#13936);
#3362=VERTEX_POINT('',#13938);
#3363=VERTEX_POINT('',#13940);
#3364=VERTEX_POINT('',#13942);
#3365=VERTEX_POINT('',#13944);
#3366=VERTEX_POINT('',#13948);
#3367=VERTEX_POINT('',#13952);
#3368=VERTEX_POINT('',#13956);
#3369=VERTEX_POINT('',#13958);
#3370=VERTEX_POINT('',#13960);
#3371=VERTEX_POINT('',#13962);
#3372=VERTEX_POINT('',#13964);
#3373=VERTEX_POINT('',#13966);
#3374=VERTEX_POINT('',#13968);
#3375=VERTEX_POINT('',#13970);
#3376=VERTEX_POINT('',#13972);
#3377=VERTEX_POINT('',#13976);
#3378=VERTEX_POINT('',#13986);
#3379=VERTEX_POINT('',#13988);
#3380=VERTEX_POINT('',#13990);
#3381=VERTEX_POINT('',#13992);
#3382=VERTEX_POINT('',#13994);
#3383=VERTEX_POINT('',#13996);
#3384=VERTEX_POINT('',#13998);
#3385=VERTEX_POINT('',#14000);
#3386=VERTEX_POINT('',#14002);
#3387=VERTEX_POINT('',#14004);
#3388=VERTEX_POINT('',#14007);
#3389=VERTEX_POINT('',#14009);
#3390=VERTEX_POINT('',#14012);
#3391=VERTEX_POINT('',#14013);
#3392=VERTEX_POINT('',#14015);
#3393=VERTEX_POINT('',#14017);
#3394=VERTEX_POINT('',#14021);
#3395=VERTEX_POINT('',#14023);
#3396=VERTEX_POINT('',#14027);
#3397=VERTEX_POINT('',#14031);
#3398=VERTEX_POINT('',#14033);
#3399=VERTEX_POINT('',#14035);
#3400=VERTEX_POINT('',#14039);
#3401=VERTEX_POINT('',#14041);
#3402=VERTEX_POINT('',#14043);
#3403=VERTEX_POINT('',#14045);
#3404=VERTEX_POINT('',#14047);
#3405=VERTEX_POINT('',#14049);
#3406=VERTEX_POINT('',#14051);
#3407=VERTEX_POINT('',#14054);
#3408=VERTEX_POINT('',#14055);
#3409=VERTEX_POINT('',#14057);
#3410=VERTEX_POINT('',#14059);
#3411=VERTEX_POINT('',#14062);
#3412=VERTEX_POINT('',#14063);
#3413=VERTEX_POINT('',#14065);
#3414=VERTEX_POINT('',#14067);
#3415=VERTEX_POINT('',#14069);
#3416=VERTEX_POINT('',#14071);
#3417=VERTEX_POINT('',#14074);
#3418=VERTEX_POINT('',#14076);
#3419=VERTEX_POINT('',#14078);
#3420=VERTEX_POINT('',#14080);
#3421=VERTEX_POINT('',#14082);
#3422=VERTEX_POINT('',#14086);
#3423=VERTEX_POINT('',#14088);
#3424=VERTEX_POINT('',#14090);
#3425=VERTEX_POINT('',#14092);
#3426=VERTEX_POINT('',#14094);
#3427=VERTEX_POINT('',#14096);
#3428=VERTEX_POINT('',#14100);
#3429=VERTEX_POINT('',#14102);
#3430=VERTEX_POINT('',#14106);
#3431=VERTEX_POINT('',#14108);
#3432=VERTEX_POINT('',#14115);
#3433=VERTEX_POINT('',#14122);
#3434=VERTEX_POINT('',#14124);
#3435=VERTEX_POINT('',#14137);
#3436=VERTEX_POINT('',#14141);
#3437=VERTEX_POINT('',#14143);
#3438=VERTEX_POINT('',#14147);
#3439=VERTEX_POINT('',#14151);
#3440=VERTEX_POINT('',#14157);
#3441=VERTEX_POINT('',#14158);
#3442=VERTEX_POINT('',#14160);
#3443=VERTEX_POINT('',#14162);
#3444=VERTEX_POINT('',#14174);
#3445=VERTEX_POINT('',#14176);
#3446=VERTEX_POINT('',#14180);
#3447=VERTEX_POINT('',#14184);
#3448=VERTEX_POINT('',#14186);
#3449=VERTEX_POINT('',#14190);
#3450=VERTEX_POINT('',#14191);
#3451=VERTEX_POINT('',#14193);
#3452=VERTEX_POINT('',#14198);
#3453=VERTEX_POINT('',#14200);
#3454=VERTEX_POINT('',#14204);
#3455=VERTEX_POINT('',#14205);
#3456=VERTEX_POINT('',#14207);
#3457=VERTEX_POINT('',#14209);
#3458=VERTEX_POINT('',#14223);
#3459=VERTEX_POINT('',#14225);
#3460=VERTEX_POINT('',#14227);
#3461=VERTEX_POINT('',#14240);
#3462=VERTEX_POINT('',#14241);
#3463=VERTEX_POINT('',#14243);
#3464=VERTEX_POINT('',#14245);
#3465=VERTEX_POINT('',#14249);
#3466=VERTEX_POINT('',#14251);
#3467=VERTEX_POINT('',#14253);
#3468=VERTEX_POINT('',#14255);
#3469=VERTEX_POINT('',#14257);
#3470=VERTEX_POINT('',#14259);
#3471=VERTEX_POINT('',#14263);
#3472=VERTEX_POINT('',#14267);
#3473=VERTEX_POINT('',#14268);
#3474=VERTEX_POINT('',#14270);
#3475=VERTEX_POINT('',#14272);
#3476=VERTEX_POINT('',#14276);
#3477=VERTEX_POINT('',#14278);
#3478=VERTEX_POINT('',#14283);
#3479=VERTEX_POINT('',#14285);
#3480=VERTEX_POINT('',#14287);
#3481=VERTEX_POINT('',#14289);
#3482=VERTEX_POINT('',#14294);
#3483=VERTEX_POINT('',#14298);
#3484=VERTEX_POINT('',#14300);
#3485=VERTEX_POINT('',#14302);
#3486=VERTEX_POINT('',#14304);
#3487=VERTEX_POINT('',#14306);
#3488=VERTEX_POINT('',#14311);
#3489=VERTEX_POINT('',#14315);
#3490=VERTEX_POINT('',#14317);
#3491=VERTEX_POINT('',#14321);
#3492=VERTEX_POINT('',#14325);
#3493=VERTEX_POINT('',#14327);
#3494=VERTEX_POINT('',#14331);
#3495=VERTEX_POINT('',#14333);
#3496=VERTEX_POINT('',#14337);
#3497=VERTEX_POINT('',#14341);
#3498=VERTEX_POINT('',#14343);
#3499=VERTEX_POINT('',#14345);
#3500=VERTEX_POINT('',#14350);
#3501=VERTEX_POINT('',#14353);
#3502=VERTEX_POINT('',#14355);
#3503=VERTEX_POINT('',#14359);
#3504=VERTEX_POINT('',#14361);
#3505=VERTEX_POINT('',#14365);
#3506=VERTEX_POINT('',#14367);
#3507=VERTEX_POINT('',#14371);
#3508=VERTEX_POINT('',#14373);
#3509=VERTEX_POINT('',#14375);
#3510=VERTEX_POINT('',#14379);
#3511=VERTEX_POINT('',#14380);
#3512=VERTEX_POINT('',#14382);
#3513=VERTEX_POINT('',#14387);
#3514=VERTEX_POINT('',#14388);
#3515=VERTEX_POINT('',#14390);
#3516=VERTEX_POINT('',#14392);
#3517=VERTEX_POINT('',#14394);
#3518=VERTEX_POINT('',#14398);
#3519=VERTEX_POINT('',#14400);
#3520=VERTEX_POINT('',#14404);
#3521=VERTEX_POINT('',#14405);
#3522=VERTEX_POINT('',#14408);
#3523=VERTEX_POINT('',#14410);
#3524=VERTEX_POINT('',#14412);
#3525=VERTEX_POINT('',#14416);
#3526=VERTEX_POINT('',#14420);
#3527=VERTEX_POINT('',#14422);
#3528=VERTEX_POINT('',#14426);
#3529=VERTEX_POINT('',#14428);
#3530=VERTEX_POINT('',#14436);
#3531=VERTEX_POINT('',#14443);
#3532=VERTEX_POINT('',#14444);
#3533=VERTEX_POINT('',#14460);
#3534=VERTEX_POINT('',#14462);
#3535=VERTEX_POINT('',#14466);
#3536=VERTEX_POINT('',#14468);
#3537=VERTEX_POINT('',#14473);
#3538=VERTEX_POINT('',#14474);
#3539=VERTEX_POINT('',#14486);
#3540=VERTEX_POINT('',#14490);
#3541=VERTEX_POINT('',#14519);
#3542=VERTEX_POINT('',#14520);
#3543=VERTEX_POINT('',#14522);
#3544=VERTEX_POINT('',#14524);
#3545=VERTEX_POINT('',#14526);
#3546=VERTEX_POINT('',#14530);
#3547=VERTEX_POINT('',#14534);
#3548=VERTEX_POINT('',#14535);
#3549=VERTEX_POINT('',#14537);
#3550=VERTEX_POINT('',#14539);
#3551=VERTEX_POINT('',#14541);
#3552=VERTEX_POINT('',#14543);
#3553=VERTEX_POINT('',#14545);
#3554=VERTEX_POINT('',#14547);
#3555=VERTEX_POINT('',#14549);
#3556=VERTEX_POINT('',#14551);
#3557=VERTEX_POINT('',#14553);
#3558=VERTEX_POINT('',#14555);
#3559=VERTEX_POINT('',#14557);
#3560=VERTEX_POINT('',#14559);
#3561=VERTEX_POINT('',#14561);
#3562=VERTEX_POINT('',#14563);
#3563=VERTEX_POINT('',#14565);
#3564=VERTEX_POINT('',#14567);
#3565=VERTEX_POINT('',#14572);
#3566=VERTEX_POINT('',#14574);
#3567=VERTEX_POINT('',#14578);
#3568=VERTEX_POINT('',#14582);
#3569=VERTEX_POINT('',#14586);
#3570=VERTEX_POINT('',#14590);
#3571=VERTEX_POINT('',#14594);
#3572=VERTEX_POINT('',#14598);
#3573=VERTEX_POINT('',#14600);
#3574=VERTEX_POINT('',#14604);
#3575=VERTEX_POINT('',#14605);
#3576=VERTEX_POINT('',#14607);
#3577=VERTEX_POINT('',#14612);
#3578=VERTEX_POINT('',#14616);
#3579=VERTEX_POINT('',#14620);
#3580=VERTEX_POINT('',#14624);
#3581=VERTEX_POINT('',#14628);
#3582=VERTEX_POINT('',#14632);
#3583=VERTEX_POINT('',#14640);
#3584=VERTEX_POINT('',#14642);
#3585=VERTEX_POINT('',#14646);
#3586=VERTEX_POINT('',#14650);
#3587=VERTEX_POINT('',#14652);
#3588=VERTEX_POINT('',#14654);
#3589=VERTEX_POINT('',#14656);
#3590=VERTEX_POINT('',#14658);
#3591=VERTEX_POINT('',#14660);
#3592=VERTEX_POINT('',#14662);
#3593=VERTEX_POINT('',#14664);
#3594=VERTEX_POINT('',#14666);
#3595=VERTEX_POINT('',#14668);
#3596=VERTEX_POINT('',#14672);
#3597=VERTEX_POINT('',#14674);
#3598=VERTEX_POINT('',#14678);
#3599=VERTEX_POINT('',#14679);
#3600=VERTEX_POINT('',#14681);
#3601=VERTEX_POINT('',#14683);
#3602=VERTEX_POINT('',#14685);
#3603=VERTEX_POINT('',#14689);
#3604=VERTEX_POINT('',#14693);
#3605=VERTEX_POINT('',#14694);
#3606=VERTEX_POINT('',#14696);
#3607=VERTEX_POINT('',#14700);
#3608=VERTEX_POINT('',#14702);
#3609=VERTEX_POINT('',#14704);
#3610=VERTEX_POINT('',#14708);
#3611=VERTEX_POINT('',#14712);
#3612=VERTEX_POINT('',#14713);
#3613=VERTEX_POINT('',#14718);
#3614=VERTEX_POINT('',#14722);
#3615=VERTEX_POINT('',#14726);
#3616=VERTEX_POINT('',#14728);
#3617=VERTEX_POINT('',#14732);
#3618=VERTEX_POINT('',#14734);
#3619=VERTEX_POINT('',#14738);
#3620=VERTEX_POINT('',#14742);
#3621=VERTEX_POINT('',#14743);
#3622=VERTEX_POINT('',#14748);
#3623=VERTEX_POINT('',#14752);
#3624=VERTEX_POINT('',#14756);
#3625=VERTEX_POINT('',#14758);
#3626=VERTEX_POINT('',#14762);
#3627=VERTEX_POINT('',#14766);
#3628=VERTEX_POINT('',#14774);
#3629=VERTEX_POINT('',#14776);
#3630=VERTEX_POINT('',#14780);
#3631=VERTEX_POINT('',#14782);
#3632=VERTEX_POINT('',#14784);
#3633=VERTEX_POINT('',#14786);
#3634=VERTEX_POINT('',#14789);
#3635=VERTEX_POINT('',#14791);
#3636=VERTEX_POINT('',#14793);
#3637=VERTEX_POINT('',#14795);
#3638=VERTEX_POINT('',#14799);
#3639=VERTEX_POINT('',#14801);
#3640=VERTEX_POINT('',#14805);
#3641=VERTEX_POINT('',#14809);
#3642=VERTEX_POINT('',#14813);
#3643=VERTEX_POINT('',#14814);
#3644=VERTEX_POINT('',#14819);
#3645=VERTEX_POINT('',#14820);
#3646=VERTEX_POINT('',#14827);
#3647=VERTEX_POINT('',#14829);
#3648=VERTEX_POINT('',#14835);
#3649=VERTEX_POINT('',#14836);
#3650=VERTEX_POINT('',#14841);
#3651=VERTEX_POINT('',#14842);
#3652=VERTEX_POINT('',#14856);
#3653=VERTEX_POINT('',#14863);
#3654=VERTEX_POINT('',#14869);
#3655=VERTEX_POINT('',#14875);
#3656=VERTEX_POINT('',#14884);
#3657=VERTEX_POINT('',#14888);
#3658=VERTEX_POINT('',#14890);
#3659=VERTEX_POINT('',#14894);
#3660=VERTEX_POINT('',#14898);
#3661=VERTEX_POINT('',#14900);
#3662=VERTEX_POINT('',#14904);
#3663=VERTEX_POINT('',#14906);
#3664=VERTEX_POINT('',#14912);
#3665=VERTEX_POINT('',#14916);
#3666=VERTEX_POINT('',#14917);
#3667=VERTEX_POINT('',#14922);
#3668=VERTEX_POINT('',#14923);
#3669=VERTEX_POINT('',#14937);
#3670=VERTEX_POINT('',#14943);
#3671=VERTEX_POINT('',#14949);
#3672=VERTEX_POINT('',#14955);
#3673=VERTEX_POINT('',#14965);
#3674=VERTEX_POINT('',#14967);
#3675=VERTEX_POINT('',#14978);
#3676=VERTEX_POINT('',#14979);
#3677=VERTEX_POINT('',#14986);
#3678=VERTEX_POINT('',#14987);
#3679=VERTEX_POINT('',#15005);
#3680=VERTEX_POINT('',#15011);
#3681=VERTEX_POINT('',#15013);
#3682=VERTEX_POINT('',#15015);
#3683=VERTEX_POINT('',#15030);
#3684=VERTEX_POINT('',#15034);
#3685=VERTEX_POINT('',#15040);
#3686=EDGE_CURVE('',#2978,#2979,#2866,.T.);
#3687=EDGE_CURVE('',#2979,#2980,#1422,.T.);
#3688=EDGE_CURVE('',#2980,#2981,#2867,.T.);
#3689=EDGE_CURVE('',#2981,#2982,#2868,.T.);
#3690=EDGE_CURVE('',#2982,#2983,#1423,.T.);
#3691=EDGE_CURVE('',#2983,#2978,#2869,.T.);
#3692=EDGE_CURVE('',#2980,#2984,#1424,.T.);
#3693=EDGE_CURVE('',#2985,#2984,#381,.T.);
#3694=EDGE_CURVE('',#2981,#2985,#1425,.T.);
#3695=EDGE_CURVE('',#2979,#2986,#1426,.T.);
#3696=EDGE_CURVE('',#2984,#2986,#1427,.T.);
#3697=EDGE_CURVE('',#2978,#2987,#1428,.T.);
#3698=EDGE_CURVE('',#2986,#2987,#382,.T.);
#3699=EDGE_CURVE('',#2988,#2985,#383,.T.);
#3700=EDGE_CURVE('',#2982,#2988,#1429,.T.);
#3701=EDGE_CURVE('',#2989,#2988,#1430,.T.);
#3702=EDGE_CURVE('',#2983,#2989,#1431,.T.);
#3703=EDGE_CURVE('',#2987,#2989,#384,.T.);
#3704=EDGE_CURVE('',#2990,#2991,#1432,.T.);
#3705=EDGE_CURVE('',#2991,#2992,#1433,.T.);
#3706=EDGE_CURVE('',#2992,#2990,#1434,.T.);
#3707=EDGE_CURVE('',#2993,#2994,#1435,.T.);
#3708=EDGE_CURVE('',#2993,#2991,#1436,.T.);
#3709=EDGE_CURVE('',#2994,#2990,#1437,.T.);
#3710=EDGE_CURVE('',#2994,#2995,#1438,.T.);
#3711=EDGE_CURVE('',#2995,#2992,#1439,.T.);
#3712=EDGE_CURVE('',#2995,#2993,#1440,.T.);
#3713=EDGE_CURVE('',#2996,#2997,#1441,.T.);
#3714=EDGE_CURVE('',#2997,#2998,#1442,.T.);
#3715=EDGE_CURVE('',#2998,#2996,#1443,.T.);
#3716=EDGE_CURVE('',#2997,#2999,#1444,.T.);
#3717=EDGE_CURVE('',#3000,#2999,#1445,.T.);
#3718=EDGE_CURVE('',#2998,#3000,#1446,.T.);
#3719=EDGE_CURVE('',#2996,#3001,#1447,.T.);
#3720=EDGE_CURVE('',#2999,#3001,#1448,.T.);
#3721=EDGE_CURVE('',#3001,#3000,#1449,.T.);
#3722=EDGE_CURVE('',#3002,#3003,#385,.T.);
#3723=EDGE_CURVE('',#3003,#3004,#1450,.T.);
#3724=EDGE_CURVE('',#3004,#3005,#386,.T.);
#3725=EDGE_CURVE('',#3005,#3006,#387,.T.);
#3726=EDGE_CURVE('',#3006,#3007,#1451,.T.);
#3727=EDGE_CURVE('',#3007,#3002,#388,.T.);
#3728=EDGE_CURVE('',#3008,#3009,#2870,.T.);
#3729=EDGE_CURVE('',#3008,#3003,#1452,.T.);
#3730=EDGE_CURVE('',#3009,#3002,#1453,.T.);
#3731=EDGE_CURVE('',#3010,#3008,#1454,.T.);
#3732=EDGE_CURVE('',#3010,#3004,#1455,.T.);
#3733=EDGE_CURVE('',#3011,#3010,#2871,.T.);
#3734=EDGE_CURVE('',#3011,#3005,#1456,.T.);
#3735=EDGE_CURVE('',#3009,#3012,#2872,.T.);
#3736=EDGE_CURVE('',#3012,#3007,#1457,.T.);
#3737=EDGE_CURVE('',#3012,#3013,#1458,.T.);
#3738=EDGE_CURVE('',#3013,#3006,#1459,.T.);
#3739=EDGE_CURVE('',#3013,#3011,#2873,.T.);
#3740=EDGE_CURVE('',#3014,#3015,#1460,.T.);
#3741=EDGE_CURVE('',#3015,#3016,#1461,.T.);
#3742=EDGE_CURVE('',#3016,#3017,#2874,.T.);
#3743=EDGE_CURVE('',#3017,#3014,#1462,.T.);
#3744=EDGE_CURVE('',#3015,#3018,#1463,.T.);
#3745=EDGE_CURVE('',#3019,#3018,#1464,.T.);
#3746=EDGE_CURVE('',#3016,#3019,#1465,.T.);
#3747=EDGE_CURVE('',#3014,#3020,#1466,.T.);
#3748=EDGE_CURVE('',#3018,#3020,#1467,.T.);
#3749=EDGE_CURVE('',#3021,#3019,#389,.T.);
#3750=EDGE_CURVE('',#3017,#3021,#1468,.T.);
#3751=EDGE_CURVE('',#3020,#3021,#1469,.T.);
#3752=EDGE_CURVE('',#3022,#3023,#390,.T.);
#3753=EDGE_CURVE('',#3023,#3024,#1470,.T.);
#3754=EDGE_CURVE('',#3024,#3025,#1471,.T.);
#3755=EDGE_CURVE('',#3025,#3026,#391,.T.);
#3756=EDGE_CURVE('',#3026,#3027,#392,.T.);
#3757=EDGE_CURVE('',#3027,#3022,#1472,.T.);
#3758=EDGE_CURVE('',#3028,#3029,#2875,.T.);
#3759=EDGE_CURVE('',#3028,#3023,#1473,.T.);
#3760=EDGE_CURVE('',#3029,#3022,#1474,.T.);
#3761=EDGE_CURVE('',#3030,#3028,#1475,.T.);
#3762=EDGE_CURVE('',#3030,#3024,#1476,.T.);
#3763=EDGE_CURVE('',#3031,#3030,#1477,.T.);
#3764=EDGE_CURVE('',#3031,#3025,#1478,.T.);
#3765=EDGE_CURVE('',#3029,#3032,#1479,.T.);
#3766=EDGE_CURVE('',#3032,#3027,#1480,.T.);
#3767=EDGE_CURVE('',#3032,#3033,#2876,.T.);
#3768=EDGE_CURVE('',#3033,#3026,#1481,.T.);
#3769=EDGE_CURVE('',#3033,#3031,#2877,.T.);
#3770=EDGE_CURVE('',#3034,#3035,#1482,.T.);
#3771=EDGE_CURVE('',#3035,#3036,#1483,.T.);
#3772=EDGE_CURVE('',#3036,#3037,#1484,.T.);
#3773=EDGE_CURVE('',#3037,#3034,#1485,.T.);
#3774=EDGE_CURVE('',#3038,#3039,#1486,.T.);
#3775=EDGE_CURVE('',#3038,#3035,#1487,.T.);
#3776=EDGE_CURVE('',#3039,#3034,#1488,.T.);
#3777=EDGE_CURVE('',#3040,#3038,#1489,.T.);
#3778=EDGE_CURVE('',#3040,#3036,#1490,.T.);
#3779=EDGE_CURVE('',#3039,#3041,#1491,.T.);
#3780=EDGE_CURVE('',#3041,#3037,#1492,.T.);
#3781=EDGE_CURVE('',#3041,#3040,#1493,.T.);
#3782=EDGE_CURVE('',#3042,#3043,#2878,.T.);
#3783=EDGE_CURVE('',#3043,#3044,#2879,.T.);
#3784=EDGE_CURVE('',#3044,#3045,#2880,.T.);
#3785=EDGE_CURVE('',#3045,#3046,#1494,.T.);
#3786=EDGE_CURVE('',#3046,#3042,#2881,.T.);
#3787=EDGE_CURVE('',#3047,#3048,#2882,.T.);
#3788=EDGE_CURVE('',#3048,#3049,#2883,.T.);
#3789=EDGE_CURVE('',#3049,#3050,#2884,.T.);
#3790=EDGE_CURVE('',#3050,#3047,#2885,.T.);
#3791=EDGE_CURVE('',#3048,#3051,#1495,.T.);
#3792=EDGE_CURVE('',#3052,#3051,#393,.T.);
#3793=EDGE_CURVE('',#3049,#3052,#1496,.T.);
#3794=EDGE_CURVE('',#3047,#3053,#1497,.T.);
#3795=EDGE_CURVE('',#3051,#3053,#394,.T.);
#3796=EDGE_CURVE('',#3044,#3054,#1498,.T.);
#3797=EDGE_CURVE('',#3055,#3054,#395,.T.);
#3798=EDGE_CURVE('',#3045,#3055,#1499,.T.);
#3799=EDGE_CURVE('',#3043,#3056,#1500,.T.);
#3800=EDGE_CURVE('',#3054,#3056,#396,.T.);
#3801=EDGE_CURVE('',#3042,#3057,#1501,.T.);
#3802=EDGE_CURVE('',#3056,#3057,#397,.T.);
#3803=EDGE_CURVE('',#3058,#3052,#398,.T.);
#3804=EDGE_CURVE('',#3050,#3058,#1502,.T.);
#3805=EDGE_CURVE('',#3053,#3058,#399,.T.);
#3806=EDGE_CURVE('',#3059,#3055,#1503,.T.);
#3807=EDGE_CURVE('',#3046,#3059,#1504,.T.);
#3808=EDGE_CURVE('',#3057,#3059,#400,.T.);
#3809=EDGE_CURVE('',#3060,#3061,#1505,.T.);
#3810=EDGE_CURVE('',#3061,#3062,#1506,.T.);
#3811=EDGE_CURVE('',#3062,#3063,#1507,.T.);
#3812=EDGE_CURVE('',#3063,#3064,#401,.T.);
#3813=EDGE_CURVE('',#3064,#3065,#402,.T.);
#3814=EDGE_CURVE('',#3065,#3066,#403,.T.);
#3815=EDGE_CURVE('',#3066,#3060,#404,.T.);
#3816=EDGE_CURVE('',#3067,#3068,#405,.T.);
#3817=EDGE_CURVE('',#3068,#3069,#406,.T.);
#3818=EDGE_CURVE('',#3069,#3070,#407,.T.);
#3819=EDGE_CURVE('',#3070,#3067,#408,.T.);
#3820=EDGE_CURVE('',#3071,#3072,#1508,.T.);
#3821=EDGE_CURVE('',#3071,#3061,#1509,.T.);
#3822=EDGE_CURVE('',#3072,#3060,#1510,.T.);
#3823=EDGE_CURVE('',#3073,#3071,#1511,.T.);
#3824=EDGE_CURVE('',#3073,#3062,#1512,.T.);
#3825=EDGE_CURVE('',#3074,#3073,#1513,.T.);
#3826=EDGE_CURVE('',#3074,#3063,#1514,.T.);
#3827=EDGE_CURVE('',#3075,#3076,#2886,.T.);
#3828=EDGE_CURVE('',#3075,#3068,#1515,.T.);
#3829=EDGE_CURVE('',#3076,#3067,#1516,.T.);
#3830=EDGE_CURVE('',#3077,#3075,#2887,.T.);
#3831=EDGE_CURVE('',#3077,#3069,#1517,.T.);
#3832=EDGE_CURVE('',#3072,#3078,#2888,.T.);
#3833=EDGE_CURVE('',#3078,#3066,#1518,.T.);
#3834=EDGE_CURVE('',#3078,#3079,#2889,.T.);
#3835=EDGE_CURVE('',#3079,#3065,#1519,.T.);
#3836=EDGE_CURVE('',#3079,#3080,#2890,.T.);
#3837=EDGE_CURVE('',#3080,#3064,#1520,.T.);
#3838=EDGE_CURVE('',#3080,#3074,#2891,.T.);
#3839=EDGE_CURVE('',#3076,#3081,#2892,.T.);
#3840=EDGE_CURVE('',#3081,#3070,#1521,.T.);
#3841=EDGE_CURVE('',#3081,#3077,#2893,.T.);
#3842=EDGE_CURVE('',#3082,#3083,#1522,.T.);
#3843=EDGE_CURVE('',#3084,#3082,#409,.T.);
#3844=EDGE_CURVE('',#3085,#3084,#410,.T.);
#3845=EDGE_CURVE('',#3086,#3085,#411,.T.);
#3846=EDGE_CURVE('',#3087,#3086,#412,.T.);
#3847=EDGE_CURVE('',#3088,#3087,#1523,.T.);
#3848=EDGE_CURVE('',#3083,#3088,#1524,.T.);
#3849=EDGE_CURVE('',#3089,#3090,#413,.T.);
#3850=EDGE_CURVE('',#3091,#3089,#414,.T.);
#3851=EDGE_CURVE('',#3092,#3091,#415,.T.);
#3852=EDGE_CURVE('',#3090,#3092,#416,.T.);
#3853=EDGE_CURVE('',#3093,#3094,#1525,.T.);
#3854=EDGE_CURVE('',#3093,#3082,#1526,.T.);
#3855=EDGE_CURVE('',#3094,#3083,#1527,.T.);
#3856=EDGE_CURVE('',#3094,#3095,#1528,.T.);
#3857=EDGE_CURVE('',#3095,#3088,#1529,.T.);
#3858=EDGE_CURVE('',#3095,#3096,#1530,.T.);
#3859=EDGE_CURVE('',#3096,#3087,#1531,.T.);
#3860=EDGE_CURVE('',#3097,#3098,#417,.T.);
#3861=EDGE_CURVE('',#3097,#3089,#1532,.T.);
#3862=EDGE_CURVE('',#3098,#3090,#1533,.T.);
#3863=EDGE_CURVE('',#3098,#3099,#418,.T.);
#3864=EDGE_CURVE('',#3099,#3092,#1534,.T.);
#3865=EDGE_CURVE('',#3100,#3093,#419,.T.);
#3866=EDGE_CURVE('',#3100,#3084,#1535,.T.);
#3867=EDGE_CURVE('',#3101,#3100,#420,.T.);
#3868=EDGE_CURVE('',#3101,#3085,#1536,.T.);
#3869=EDGE_CURVE('',#3102,#3101,#421,.T.);
#3870=EDGE_CURVE('',#3102,#3086,#1537,.T.);
#3871=EDGE_CURVE('',#3096,#3102,#422,.T.);
#3872=EDGE_CURVE('',#3103,#3097,#423,.T.);
#3873=EDGE_CURVE('',#3103,#3091,#1538,.T.);
#3874=EDGE_CURVE('',#3099,#3103,#424,.T.);
#3875=EDGE_CURVE('',#3104,#3105,#425,.T.);
#3876=EDGE_CURVE('',#3104,#3106,#1539,.T.);
#3877=EDGE_CURVE('',#3106,#3107,#426,.T.);
#3878=EDGE_CURVE('',#3105,#3107,#1540,.T.);
#3879=EDGE_CURVE('',#3105,#3108,#427,.T.);
#3880=EDGE_CURVE('',#3107,#3109,#428,.T.);
#3881=EDGE_CURVE('',#3108,#3109,#1541,.T.);
#3882=EDGE_CURVE('',#3110,#3111,#429,.T.);
#3883=EDGE_CURVE('',#3110,#3112,#1542,.T.);
#3884=EDGE_CURVE('',#3112,#3113,#430,.T.);
#3885=EDGE_CURVE('',#3111,#3113,#1543,.T.);
#3886=EDGE_CURVE('',#3111,#3114,#431,.T.);
#3887=EDGE_CURVE('',#3113,#3115,#432,.T.);
#3888=EDGE_CURVE('',#3114,#3115,#1544,.T.);
#3889=EDGE_CURVE('',#3114,#3116,#433,.T.);
#3890=EDGE_CURVE('',#3115,#3117,#434,.T.);
#3891=EDGE_CURVE('',#3116,#3117,#1545,.T.);
#3892=EDGE_CURVE('',#3118,#3104,#435,.T.);
#3893=EDGE_CURVE('',#3118,#3119,#1546,.T.);
#3894=EDGE_CURVE('',#3119,#3106,#436,.T.);
#3895=EDGE_CURVE('',#3108,#3118,#437,.T.);
#3896=EDGE_CURVE('',#3109,#3119,#438,.T.);
#3897=EDGE_CURVE('',#3120,#3110,#1547,.T.);
#3898=EDGE_CURVE('',#3120,#3121,#1548,.T.);
#3899=EDGE_CURVE('',#3121,#3112,#1549,.T.);
#3900=EDGE_CURVE('',#3116,#3120,#439,.T.);
#3901=EDGE_CURVE('',#3117,#3121,#440,.T.);
#3902=EDGE_CURVE('',#3122,#3123,#1550,.T.);
#3903=EDGE_CURVE('',#3124,#3122,#1551,.T.);
#3904=EDGE_CURVE('',#3125,#3124,#1552,.T.);
#3905=EDGE_CURVE('',#3123,#3125,#1553,.T.);
#3906=EDGE_CURVE('',#3126,#3127,#1554,.T.);
#3907=EDGE_CURVE('',#3126,#3122,#1555,.T.);
#3908=EDGE_CURVE('',#3127,#3123,#1556,.T.);
#3909=EDGE_CURVE('',#3127,#3128,#1557,.T.);
#3910=EDGE_CURVE('',#3128,#3125,#1558,.T.);
#3911=EDGE_CURVE('',#3129,#3126,#1559,.T.);
#3912=EDGE_CURVE('',#3129,#3124,#1560,.T.);
#3913=EDGE_CURVE('',#3128,#3129,#1561,.T.);
#3914=EDGE_CURVE('',#3130,#3131,#441,.T.);
#3915=EDGE_CURVE('',#3132,#3130,#1562,.T.);
#3916=EDGE_CURVE('',#3133,#3132,#442,.T.);
#3917=EDGE_CURVE('',#3134,#3133,#443,.T.);
#3918=EDGE_CURVE('',#3135,#3134,#1563,.T.);
#3919=EDGE_CURVE('',#3131,#3135,#1564,.T.);
#3920=EDGE_CURVE('',#3136,#3137,#444,.T.);
#3921=EDGE_CURVE('',#3136,#3130,#1565,.T.);
#3922=EDGE_CURVE('',#3137,#3131,#1566,.T.);
#3923=EDGE_CURVE('',#3137,#3138,#1567,.T.);
#3924=EDGE_CURVE('',#3138,#3135,#1568,.T.);
#3925=EDGE_CURVE('',#3138,#3139,#1569,.T.);
#3926=EDGE_CURVE('',#3139,#3134,#1570,.T.);
#3927=EDGE_CURVE('',#3140,#3136,#1571,.T.);
#3928=EDGE_CURVE('',#3140,#3132,#1572,.T.);
#3929=EDGE_CURVE('',#3141,#3140,#445,.T.);
#3930=EDGE_CURVE('',#3141,#3133,#1573,.T.);
#3931=EDGE_CURVE('',#3139,#3141,#446,.T.);
#3932=EDGE_CURVE('',#3142,#3143,#1574,.T.);
#3933=EDGE_CURVE('',#3142,#3144,#1575,.T.);
#3934=EDGE_CURVE('',#3144,#3145,#1576,.T.);
#3935=EDGE_CURVE('',#3143,#3145,#1577,.T.);
#3936=EDGE_CURVE('',#3143,#3146,#1578,.T.);
#3937=EDGE_CURVE('',#3145,#3147,#1579,.T.);
#3938=EDGE_CURVE('',#3146,#3147,#1580,.T.);
#3939=EDGE_CURVE('',#3148,#3142,#447,.T.);
#3940=EDGE_CURVE('',#3148,#3149,#1581,.T.);
#3941=EDGE_CURVE('',#3149,#3144,#448,.T.);
#3942=EDGE_CURVE('',#3146,#3148,#1582,.T.);
#3943=EDGE_CURVE('',#3147,#3149,#1583,.T.);
#3944=EDGE_CURVE('',#3150,#3151,#449,.T.);
#3945=EDGE_CURVE('',#3152,#3150,#450,.T.);
#3946=EDGE_CURVE('',#3153,#3152,#1584,.T.);
#3947=EDGE_CURVE('',#3154,#3153,#451,.T.);
#3948=EDGE_CURVE('',#3155,#3154,#452,.T.);
#3949=EDGE_CURVE('',#3151,#3155,#1585,.T.);
#3950=EDGE_CURVE('',#3156,#3157,#453,.T.);
#3951=EDGE_CURVE('',#3156,#3150,#1586,.T.);
#3952=EDGE_CURVE('',#3157,#3151,#1587,.T.);
#3953=EDGE_CURVE('',#3157,#3158,#1588,.T.);
#3954=EDGE_CURVE('',#3158,#3155,#1589,.T.);
#3955=EDGE_CURVE('',#3158,#3159,#454,.T.);
#3956=EDGE_CURVE('',#3159,#3154,#1590,.T.);
#3957=EDGE_CURVE('',#3160,#3156,#455,.T.);
#3958=EDGE_CURVE('',#3160,#3152,#1591,.T.);
#3959=EDGE_CURVE('',#3161,#3160,#1592,.T.);
#3960=EDGE_CURVE('',#3161,#3153,#1593,.T.);
#3961=EDGE_CURVE('',#3159,#3161,#456,.T.);
#3962=EDGE_CURVE('',#3162,#3163,#1594,.T.);
#3963=EDGE_CURVE('',#3162,#3164,#1595,.T.);
#3964=EDGE_CURVE('',#3164,#3165,#1596,.T.);
#3965=EDGE_CURVE('',#3163,#3165,#1597,.T.);
#3966=EDGE_CURVE('',#3163,#3166,#1598,.T.);
#3967=EDGE_CURVE('',#3165,#3167,#1599,.T.);
#3968=EDGE_CURVE('',#3166,#3167,#1600,.T.);
#3969=EDGE_CURVE('',#3166,#3162,#1601,.T.);
#3970=EDGE_CURVE('',#3167,#3164,#1602,.T.);
#3971=EDGE_CURVE('',#3168,#3169,#1603,.T.);
#3972=EDGE_CURVE('',#3170,#3168,#1604,.T.);
#3973=EDGE_CURVE('',#3169,#3170,#1605,.T.);
#3974=EDGE_CURVE('',#3171,#3172,#1606,.T.);
#3975=EDGE_CURVE('',#3171,#3168,#1607,.T.);
#3976=EDGE_CURVE('',#3172,#3169,#1608,.T.);
#3977=EDGE_CURVE('',#3173,#3171,#1609,.T.);
#3978=EDGE_CURVE('',#3173,#3170,#1610,.T.);
#3979=EDGE_CURVE('',#3172,#3173,#1611,.T.);
#3980=EDGE_CURVE('',#3174,#3175,#457,.T.);
#3981=EDGE_CURVE('',#3174,#3176,#1612,.T.);
#3982=EDGE_CURVE('',#3176,#3177,#458,.T.);
#3983=EDGE_CURVE('',#3175,#3177,#1613,.T.);
#3984=EDGE_CURVE('',#3175,#3178,#1614,.T.);
#3985=EDGE_CURVE('',#3177,#3179,#1615,.T.);
#3986=EDGE_CURVE('',#3178,#3179,#1616,.T.);
#3987=EDGE_CURVE('',#3178,#3180,#459,.T.);
#3988=EDGE_CURVE('',#3179,#3181,#460,.T.);
#3989=EDGE_CURVE('',#3180,#3181,#1617,.T.);
#3990=EDGE_CURVE('',#3182,#3174,#461,.T.);
#3991=EDGE_CURVE('',#3182,#3183,#1618,.T.);
#3992=EDGE_CURVE('',#3183,#3176,#462,.T.);
#3993=EDGE_CURVE('',#3184,#3182,#1619,.T.);
#3994=EDGE_CURVE('',#3184,#3185,#1620,.T.);
#3995=EDGE_CURVE('',#3185,#3183,#1621,.T.);
#3996=EDGE_CURVE('',#3180,#3184,#463,.T.);
#3997=EDGE_CURVE('',#3181,#3185,#464,.T.);
#3998=EDGE_CURVE('',#3186,#3187,#98,.T.);
#3999=EDGE_CURVE('',#3187,#3188,#1622,.T.);
#4000=EDGE_CURVE('',#3188,#3189,#99,.T.);
#4001=EDGE_CURVE('',#3189,#3186,#1623,.T.);
#4002=EDGE_CURVE('',#3187,#3190,#1624,.T.);
#4003=EDGE_CURVE('',#3191,#3190,#1625,.T.);
#4004=EDGE_CURVE('',#3188,#3191,#1626,.T.);
#4005=EDGE_CURVE('',#3192,#3193,#100,.T.);
#4006=EDGE_CURVE('',#3193,#3194,#1627,.T.);
#4007=EDGE_CURVE('',#3194,#3195,#101,.T.);
#4008=EDGE_CURVE('',#3195,#3192,#1628,.T.);
#4009=EDGE_CURVE('',#3196,#3193,#1629,.T.);
#4010=EDGE_CURVE('',#3196,#3197,#1630,.T.);
#4011=EDGE_CURVE('',#3197,#3194,#1631,.T.);
#4012=EDGE_CURVE('',#3198,#3199,#102,.T.);
#4013=EDGE_CURVE('',#3199,#3200,#1632,.T.);
#4014=EDGE_CURVE('',#3200,#3201,#103,.T.);
#4015=EDGE_CURVE('',#3201,#3198,#1633,.T.);
#4016=EDGE_CURVE('',#3202,#3198,#1634,.T.);
#4017=EDGE_CURVE('',#3202,#3203,#1635,.T.);
#4018=EDGE_CURVE('',#3203,#3189,#1636,.T.);
#4019=EDGE_CURVE('',#3204,#3191,#1637,.T.);
#4020=EDGE_CURVE('',#3205,#3204,#104,.T.);
#4021=EDGE_CURVE('',#3205,#3199,#1638,.T.);
#4022=EDGE_CURVE('',#3206,#3201,#1639,.T.);
#4023=EDGE_CURVE('',#3206,#3202,#1640,.T.);
#4024=EDGE_CURVE('',#3207,#3208,#105,.T.);
#4025=EDGE_CURVE('',#3208,#3209,#1641,.T.);
#4026=EDGE_CURVE('',#3209,#3210,#106,.T.);
#4027=EDGE_CURVE('',#3210,#3207,#1642,.T.);
#4028=EDGE_CURVE('',#3211,#3207,#1643,.T.);
#4029=EDGE_CURVE('',#3211,#3196,#1644,.T.);
#4030=EDGE_CURVE('',#3192,#3212,#1645,.T.);
#4031=EDGE_CURVE('',#3213,#3212,#1646,.T.);
#4032=EDGE_CURVE('',#3214,#3213,#107,.T.);
#4033=EDGE_CURVE('',#3214,#3208,#1647,.T.);
#4034=EDGE_CURVE('',#3215,#3210,#1648,.T.);
#4035=EDGE_CURVE('',#3211,#3215,#1649,.T.);
#4036=EDGE_CURVE('',#3216,#3217,#108,.T.);
#4037=EDGE_CURVE('',#3217,#3214,#1650,.T.);
#4038=EDGE_CURVE('',#3213,#3216,#1651,.T.);
#4039=EDGE_CURVE('',#3209,#3217,#1652,.T.);
#4040=EDGE_CURVE('',#3218,#3219,#109,.T.);
#4041=EDGE_CURVE('',#3219,#3205,#1653,.T.);
#4042=EDGE_CURVE('',#3204,#3218,#1654,.T.);
#4043=EDGE_CURVE('',#3200,#3219,#1655,.T.);
#4044=EDGE_CURVE('',#3195,#3220,#1656,.T.);
#4045=EDGE_CURVE('',#3212,#3220,#1657,.T.);
#4046=EDGE_CURVE('',#3221,#3203,#1658,.T.);
#4047=EDGE_CURVE('',#3221,#3186,#1659,.T.);
#4048=EDGE_CURVE('',#3221,#3206,#1660,.T.);
#4049=EDGE_CURVE('',#3190,#3218,#1661,.T.);
#4050=EDGE_CURVE('',#3222,#3223,#1662,.T.);
#4051=EDGE_CURVE('',#3224,#3222,#1663,.T.);
#4052=EDGE_CURVE('',#3225,#3224,#1664,.T.);
#4053=EDGE_CURVE('',#3223,#3225,#1665,.T.);
#4054=EDGE_CURVE('',#3226,#3227,#1666,.T.);
#4055=EDGE_CURVE('',#3228,#3226,#1667,.T.);
#4056=EDGE_CURVE('',#3229,#3228,#1668,.T.);
#4057=EDGE_CURVE('',#3227,#3229,#1669,.T.);
#4058=EDGE_CURVE('',#3230,#3226,#1670,.T.);
#4059=EDGE_CURVE('',#3231,#3230,#1671,.T.);
#4060=EDGE_CURVE('',#3232,#3231,#1672,.T.);
#4061=EDGE_CURVE('',#3232,#3233,#1673,.T.);
#4062=EDGE_CURVE('',#3234,#3233,#1674,.T.);
#4063=EDGE_CURVE('',#3235,#3234,#1675,.T.);
#4064=EDGE_CURVE('',#3235,#3236,#110,.F.);
#4065=EDGE_CURVE('',#3237,#3236,#1676,.T.);
#4066=EDGE_CURVE('',#3238,#3237,#1677,.T.);
#4067=EDGE_CURVE('',#3239,#3238,#1678,.T.);
#4068=EDGE_CURVE('',#3240,#3239,#1679,.T.);
#4069=EDGE_CURVE('',#3240,#3228,#1680,.T.);
#4070=EDGE_CURVE('',#3241,#3227,#1681,.T.);
#4071=EDGE_CURVE('',#3230,#3241,#1682,.T.);
#4072=EDGE_CURVE('',#3242,#3243,#1683,.T.);
#4073=EDGE_CURVE('',#3223,#3242,#1684,.T.);
#4074=EDGE_CURVE('',#3243,#3225,#1685,.T.);
#4075=EDGE_CURVE('',#3244,#3245,#1686,.T.);
#4076=EDGE_CURVE('',#3224,#3244,#1687,.T.);
#4077=EDGE_CURVE('',#3245,#3222,#1688,.T.);
#4078=EDGE_CURVE('',#3243,#3244,#1689,.T.);
#4079=EDGE_CURVE('',#3245,#3242,#1690,.T.);
#4080=EDGE_CURVE('',#3246,#3247,#2894,.T.);
#4081=EDGE_CURVE('',#3247,#3248,#111,.T.);
#4082=EDGE_CURVE('',#3248,#3249,#2895,.T.);
#4083=EDGE_CURVE('',#3249,#3250,#2896,.T.);
#4084=EDGE_CURVE('',#3250,#3246,#2897,.T.);
#4085=EDGE_CURVE('',#3251,#3248,#112,.T.);
#4086=EDGE_CURVE('',#3247,#3252,#113,.T.);
#4087=EDGE_CURVE('',#3252,#3253,#2898,.T.);
#4088=EDGE_CURVE('',#3253,#3251,#2899,.T.);
#4089=EDGE_CURVE('',#3252,#3254,#35,.T.);
#4090=EDGE_CURVE('',#3254,#3255,#114,.T.);
#4091=EDGE_CURVE('',#3255,#3253,#36,.T.);
#4092=EDGE_CURVE('',#3256,#3257,#115,.T.);
#4093=EDGE_CURVE('',#3257,#3255,#2900,.T.);
#4094=EDGE_CURVE('',#3254,#3258,#2901,.T.);
#4095=EDGE_CURVE('',#3258,#3256,#2902,.T.);
#4096=EDGE_CURVE('',#3259,#3260,#116,.T.);
#4097=EDGE_CURVE('',#3260,#3257,#2903,.T.);
#4098=EDGE_CURVE('',#3256,#3259,#2904,.T.);
#4099=EDGE_CURVE('',#3261,#3262,#117,.T.);
#4100=EDGE_CURVE('',#3262,#3260,#2905,.T.);
#4101=EDGE_CURVE('',#3259,#3261,#2906,.T.);
#4102=EDGE_CURVE('',#3263,#3264,#118,.T.);
#4103=EDGE_CURVE('',#3264,#3262,#2907,.T.);
#4104=EDGE_CURVE('',#3261,#3263,#2908,.T.);
#4105=EDGE_CURVE('',#3250,#3264,#2909,.T.);
#4106=EDGE_CURVE('',#3263,#3246,#2910,.T.);
#4107=EDGE_CURVE('',#3260,#3265,#119,.T.);
#4108=EDGE_CURVE('',#3265,#3266,#120,.T.);
#4109=EDGE_CURVE('',#3266,#3267,#121,.T.);
#4110=EDGE_CURVE('',#3267,#3257,#122,.T.);
#4111=EDGE_CURVE('',#3262,#3268,#123,.T.);
#4112=EDGE_CURVE('',#3268,#3265,#2911,.T.);
#4113=EDGE_CURVE('',#3269,#3264,#124,.T.);
#4114=EDGE_CURVE('',#3270,#3269,#2912,.T.);
#4115=EDGE_CURVE('',#3270,#3268,#2913,.T.);
#4116=EDGE_CURVE('',#3269,#3249,#37,.T.);
#4117=EDGE_CURVE('',#3258,#3271,#1691,.T.);
#4118=EDGE_CURVE('',#3271,#3271,#125,.T.);
#4119=EDGE_CURVE('',#3272,#3273,#2914,.T.);
#4120=EDGE_CURVE('',#3273,#3274,#126,.T.);
#4121=EDGE_CURVE('',#3274,#3275,#2915,.T.);
#4122=EDGE_CURVE('',#3272,#3275,#2916,.T.);
#4123=EDGE_CURVE('',#3276,#3277,#127,.T.);
#4124=EDGE_CURVE('',#3277,#3274,#2917,.T.);
#4125=EDGE_CURVE('',#3273,#3276,#2918,.T.);
#4126=EDGE_CURVE('',#3278,#3279,#128,.T.);
#4127=EDGE_CURVE('',#3279,#3277,#2919,.T.);
#4128=EDGE_CURVE('',#3276,#3278,#2920,.T.);
#4129=EDGE_CURVE('',#3280,#3281,#129,.T.);
#4130=EDGE_CURVE('',#3281,#3279,#2921,.T.);
#4131=EDGE_CURVE('',#3278,#3280,#2922,.T.);
#4132=EDGE_CURVE('',#3282,#3283,#130,.T.);
#4133=EDGE_CURVE('',#3283,#3281,#2923,.T.);
#4134=EDGE_CURVE('',#3280,#3282,#2924,.T.);
#4135=EDGE_CURVE('',#3284,#3283,#38,.T.);
#4136=EDGE_CURVE('',#3282,#3285,#39,.T.);
#4137=EDGE_CURVE('',#3285,#3284,#2925,.T.);
#4138=EDGE_CURVE('',#3285,#3286,#131,.T.);
#4139=EDGE_CURVE('',#3286,#3287,#132,.T.);
#4140=EDGE_CURVE('',#3287,#3288,#133,.T.);
#4141=EDGE_CURVE('',#3288,#3289,#134,.T.);
#4142=EDGE_CURVE('',#3289,#3284,#2926,.T.);
#4143=EDGE_CURVE('',#3290,#3288,#2927,.T.);
#4144=EDGE_CURVE('',#3287,#3272,#2928,.T.);
#4145=EDGE_CURVE('',#3275,#3290,#2929,.T.);
#4146=EDGE_CURVE('',#3281,#3291,#135,.T.);
#4147=EDGE_CURVE('',#3291,#3292,#136,.T.);
#4148=EDGE_CURVE('',#3292,#3293,#137,.T.);
#4149=EDGE_CURVE('',#3293,#3279,#138,.T.);
#4150=EDGE_CURVE('',#3283,#3294,#1692,.T.);
#4151=EDGE_CURVE('',#3295,#3294,#2930,.T.);
#4152=EDGE_CURVE('',#3296,#3295,#139,.T.);
#4153=EDGE_CURVE('',#3291,#3296,#1693,.T.);
#4154=EDGE_CURVE('',#3289,#3297,#1694,.T.);
#4155=EDGE_CURVE('',#3298,#3297,#2931,.T.);
#4156=EDGE_CURVE('',#3294,#3298,#40,.T.);
#4157=EDGE_CURVE('',#3251,#3299,#1695,.T.);
#4158=EDGE_CURVE('',#3300,#3299,#140,.T.);
#4159=EDGE_CURVE('',#3301,#3300,#1696,.T.);
#4160=EDGE_CURVE('',#3297,#3301,#141,.T.);
#4161=EDGE_CURVE('',#3248,#3288,#1697,.T.);
#4162=EDGE_CURVE('',#3302,#3303,#1698,.T.);
#4163=EDGE_CURVE('',#3303,#3304,#1699,.T.);
#4164=EDGE_CURVE('',#3304,#3305,#1700,.T.);
#4165=EDGE_CURVE('',#3305,#3302,#1701,.T.);
#4166=EDGE_CURVE('',#3286,#3306,#1702,.T.);
#4167=EDGE_CURVE('',#3306,#3306,#142,.T.);
#4168=EDGE_CURVE('',#3307,#3308,#2932,.T.);
#4169=EDGE_CURVE('',#3308,#3301,#143,.T.);
#4170=EDGE_CURVE('',#3301,#3309,#2933,.T.);
#4171=EDGE_CURVE('',#3309,#3310,#2934,.T.);
#4172=EDGE_CURVE('',#3310,#3307,#2935,.T.);
#4173=EDGE_CURVE('',#3311,#3312,#41,.T.);
#4174=EDGE_CURVE('',#3312,#3294,#144,.T.);
#4175=EDGE_CURVE('',#3311,#3298,#2936,.T.);
#4176=EDGE_CURVE('',#3313,#3295,#145,.T.);
#4177=EDGE_CURVE('',#3312,#3313,#2937,.T.);
#4178=EDGE_CURVE('',#3314,#3315,#146,.T.);
#4179=EDGE_CURVE('',#3315,#3295,#2938,.T.);
#4180=EDGE_CURVE('',#3313,#3314,#2939,.T.);
#4181=EDGE_CURVE('',#3316,#3317,#147,.T.);
#4182=EDGE_CURVE('',#3317,#3315,#2940,.T.);
#4183=EDGE_CURVE('',#3314,#3316,#2941,.T.);
#4184=EDGE_CURVE('',#3318,#3319,#148,.T.);
#4185=EDGE_CURVE('',#3319,#3317,#2942,.T.);
#4186=EDGE_CURVE('',#3316,#3318,#2943,.T.);
#4187=EDGE_CURVE('',#3310,#3319,#2944,.T.);
#4188=EDGE_CURVE('',#3318,#3307,#2945,.T.);
#4189=EDGE_CURVE('',#3308,#3320,#149,.T.);
#4190=EDGE_CURVE('',#3320,#3311,#150,.T.);
#4191=EDGE_CURVE('',#3321,#3309,#42,.T.);
#4192=EDGE_CURVE('',#3321,#3319,#151,.T.);
#4193=EDGE_CURVE('',#3322,#3300,#2946,.T.);
#4194=EDGE_CURVE('',#3322,#3323,#43,.T.);
#4195=EDGE_CURVE('',#3323,#3324,#2947,.T.);
#4196=EDGE_CURVE('',#3324,#3325,#1703,.T.);
#4197=EDGE_CURVE('',#3325,#3321,#2948,.T.);
#4198=EDGE_CURVE('',#3320,#3326,#1704,.T.);
#4199=EDGE_CURVE('',#3326,#3326,#152,.T.);
#4200=EDGE_CURVE('',#3327,#3328,#2949,.T.);
#4201=EDGE_CURVE('',#3328,#3329,#153,.T.);
#4202=EDGE_CURVE('',#3329,#3330,#2950,.T.);
#4203=EDGE_CURVE('',#3327,#3330,#2951,.T.);
#4204=EDGE_CURVE('',#3331,#3332,#154,.T.);
#4205=EDGE_CURVE('',#3332,#3329,#2952,.T.);
#4206=EDGE_CURVE('',#3328,#3331,#2953,.T.);
#4207=EDGE_CURVE('',#3333,#3334,#155,.T.);
#4208=EDGE_CURVE('',#3334,#3332,#2954,.T.);
#4209=EDGE_CURVE('',#3331,#3333,#2955,.T.);
#4210=EDGE_CURVE('',#3335,#3336,#156,.T.);
#4211=EDGE_CURVE('',#3336,#3334,#2956,.T.);
#4212=EDGE_CURVE('',#3333,#3335,#2957,.T.);
#4213=EDGE_CURVE('',#3337,#3338,#157,.T.);
#4214=EDGE_CURVE('',#3338,#3336,#2958,.T.);
#4215=EDGE_CURVE('',#3335,#3339,#2959,.T.);
#4216=EDGE_CURVE('',#3339,#3337,#2960,.T.);
#4217=EDGE_CURVE('',#3340,#3338,#44,.T.);
#4218=EDGE_CURVE('',#3337,#3341,#45,.T.);
#4219=EDGE_CURVE('',#3341,#3340,#2961,.T.);
#4220=EDGE_CURVE('',#3341,#3342,#158,.T.);
#4221=EDGE_CURVE('',#3342,#3300,#159,.T.);
#4222=EDGE_CURVE('',#3299,#3340,#2962,.T.);
#4223=EDGE_CURVE('',#3342,#3327,#2963,.T.);
#4224=EDGE_CURVE('',#3330,#3322,#2964,.T.);
#4225=EDGE_CURVE('',#3255,#3338,#1705,.T.);
#4226=EDGE_CURVE('',#3329,#3323,#160,.T.);
#4227=EDGE_CURVE('',#3339,#3343,#1706,.T.);
#4228=EDGE_CURVE('',#3343,#3343,#161,.T.);
#4229=EDGE_CURVE('',#3274,#3344,#162,.T.);
#4230=EDGE_CURVE('',#3290,#3344,#46,.T.);
#4231=EDGE_CURVE('',#3345,#3277,#163,.T.);
#4232=EDGE_CURVE('',#3345,#3346,#2965,.T.);
#4233=EDGE_CURVE('',#3344,#3346,#2966,.T.);
#4234=EDGE_CURVE('',#3293,#3345,#2967,.T.);
#4235=EDGE_CURVE('',#3347,#3332,#164,.T.);
#4236=EDGE_CURVE('',#3347,#3324,#2968,.T.);
#4237=EDGE_CURVE('',#3348,#3334,#165,.T.);
#4238=EDGE_CURVE('',#3348,#3347,#2969,.T.);
#4239=EDGE_CURVE('',#3336,#3349,#166,.T.);
#4240=EDGE_CURVE('',#3349,#3350,#167,.T.);
#4241=EDGE_CURVE('',#3350,#3348,#168,.T.);
#4242=EDGE_CURVE('',#3351,#3317,#169,.T.);
#4243=EDGE_CURVE('',#3351,#3352,#2970,.T.);
#4244=EDGE_CURVE('',#3315,#3352,#170,.T.);
#4245=EDGE_CURVE('',#3325,#3351,#2971,.T.);
#4246=EDGE_CURVE('',#3353,#3353,#171,.T.);
#4247=EDGE_CURVE('',#3267,#3349,#1707,.T.);
#4248=EDGE_CURVE('',#3354,#3354,#172,.T.);
#4249=EDGE_CURVE('',#3355,#3355,#173,.T.);
#4250=EDGE_CURVE('',#3356,#3356,#174,.T.);
#4251=EDGE_CURVE('',#3346,#3270,#1708,.T.);
#4252=EDGE_CURVE('',#3357,#3358,#175,.T.);
#4253=EDGE_CURVE('',#3358,#3267,#1709,.T.);
#4254=EDGE_CURVE('',#3266,#3357,#1710,.T.);
#4255=EDGE_CURVE('',#3359,#3292,#1711,.T.);
#4256=EDGE_CURVE('',#3359,#3360,#1712,.T.);
#4257=EDGE_CURVE('',#3360,#3361,#1713,.T.);
#4258=EDGE_CURVE('',#3361,#3362,#176,.T.);
#4259=EDGE_CURVE('',#3362,#3363,#1714,.T.);
#4260=EDGE_CURVE('',#3363,#3364,#177,.T.);
#4261=EDGE_CURVE('',#3364,#3365,#1715,.T.);
#4262=EDGE_CURVE('',#3365,#3357,#1716,.T.);
#4263=EDGE_CURVE('',#3366,#3359,#178,.T.);
#4264=EDGE_CURVE('',#3291,#3366,#1717,.T.);
#4265=EDGE_CURVE('',#3367,#3296,#1718,.T.);
#4266=EDGE_CURVE('',#3366,#3367,#1719,.T.);
#4267=EDGE_CURVE('',#3368,#3350,#1720,.T.);
#4268=EDGE_CURVE('',#3368,#3369,#1721,.T.);
#4269=EDGE_CURVE('',#3369,#3370,#1722,.T.);
#4270=EDGE_CURVE('',#3370,#3371,#179,.T.);
#4271=EDGE_CURVE('',#3371,#3372,#1723,.T.);
#4272=EDGE_CURVE('',#3372,#3373,#180,.T.);
#4273=EDGE_CURVE('',#3373,#3374,#1724,.T.);
#4274=EDGE_CURVE('',#3374,#3375,#1725,.T.);
#4275=EDGE_CURVE('',#3376,#3375,#1726,.T.);
#4276=EDGE_CURVE('',#3352,#3376,#181,.T.);
#4277=EDGE_CURVE('',#3377,#3368,#182,.T.);
#4278=EDGE_CURVE('',#3349,#3377,#1727,.T.);
#4279=EDGE_CURVE('',#3358,#3377,#1728,.T.);
#4280=EDGE_CURVE('',#3375,#3367,#183,.T.);
#4281=EDGE_CURVE('',#3296,#3376,#184,.T.);
#4282=EDGE_CURVE('',#3378,#3374,#1729,.T.);
#4283=EDGE_CURVE('',#3378,#3379,#1730,.T.);
#4284=EDGE_CURVE('',#3379,#3380,#1731,.T.);
#4285=EDGE_CURVE('',#3380,#3381,#185,.T.);
#4286=EDGE_CURVE('',#3381,#3382,#1732,.T.);
#4287=EDGE_CURVE('',#3382,#3383,#1733,.T.);
#4288=EDGE_CURVE('',#3383,#3384,#1734,.T.);
#4289=EDGE_CURVE('',#3384,#3385,#186,.T.);
#4290=EDGE_CURVE('',#3385,#3386,#1735,.T.);
#4291=EDGE_CURVE('',#3386,#3387,#1736,.T.);
#4292=EDGE_CURVE('',#3360,#3387,#1737,.T.);
#4293=EDGE_CURVE('',#3388,#3388,#187,.F.);
#4294=EDGE_CURVE('',#3389,#3389,#188,.F.);
#4295=EDGE_CURVE('',#3390,#3391,#1738,.T.);
#4296=EDGE_CURVE('',#3390,#3392,#1739,.T.);
#4297=EDGE_CURVE('',#3393,#3392,#1740,.T.);
#4298=EDGE_CURVE('',#3391,#3393,#1741,.T.);
#4299=EDGE_CURVE('',#3390,#3394,#189,.T.);
#4300=EDGE_CURVE('',#3394,#3395,#1742,.T.);
#4301=EDGE_CURVE('',#3392,#3395,#190,.T.);
#4302=EDGE_CURVE('',#3396,#3393,#191,.T.);
#4303=EDGE_CURVE('',#3395,#3396,#1743,.T.);
#4304=EDGE_CURVE('',#3397,#3391,#1744,.T.);
#4305=EDGE_CURVE('',#3398,#3397,#192,.T.);
#4306=EDGE_CURVE('',#3399,#3398,#1745,.T.);
#4307=EDGE_CURVE('',#3394,#3399,#1746,.T.);
#4308=EDGE_CURVE('',#3400,#3393,#1747,.T.);
#4309=EDGE_CURVE('',#3400,#3401,#1748,.T.);
#4310=EDGE_CURVE('',#3401,#3402,#1749,.T.);
#4311=EDGE_CURVE('',#3402,#3403,#1750,.T.);
#4312=EDGE_CURVE('',#3403,#3404,#1751,.T.);
#4313=EDGE_CURVE('',#3405,#3404,#1752,.T.);
#4314=EDGE_CURVE('',#3405,#3406,#1753,.T.);
#4315=EDGE_CURVE('',#3406,#3397,#1754,.T.);
#4316=EDGE_CURVE('',#3407,#3408,#1755,.T.);
#4317=EDGE_CURVE('',#3408,#3409,#1756,.T.);
#4318=EDGE_CURVE('',#3409,#3410,#1757,.T.);
#4319=EDGE_CURVE('',#3410,#3407,#1758,.T.);
#4320=EDGE_CURVE('',#3411,#3412,#1759,.T.);
#4321=EDGE_CURVE('',#3412,#3413,#1760,.T.);
#4322=EDGE_CURVE('',#3413,#3414,#1761,.T.);
#4323=EDGE_CURVE('',#3414,#3415,#1762,.T.);
#4324=EDGE_CURVE('',#3415,#3416,#1763,.T.);
#4325=EDGE_CURVE('',#3416,#3237,#1764,.T.);
#4326=EDGE_CURVE('',#3237,#3417,#1765,.T.);
#4327=EDGE_CURVE('',#3417,#3418,#1766,.T.);
#4328=EDGE_CURVE('',#3418,#3419,#1767,.T.);
#4329=EDGE_CURVE('',#3419,#3420,#1768,.T.);
#4330=EDGE_CURVE('',#3420,#3421,#1769,.T.);
#4331=EDGE_CURVE('',#3421,#3411,#1770,.T.);
#4332=EDGE_CURVE('',#3422,#3399,#1771,.T.);
#4333=EDGE_CURVE('',#3423,#3398,#1772,.T.);
#4334=EDGE_CURVE('',#3423,#3424,#1773,.T.);
#4335=EDGE_CURVE('',#3424,#3425,#1774,.T.);
#4336=EDGE_CURVE('',#3425,#3426,#1775,.T.);
#4337=EDGE_CURVE('',#3427,#3426,#1776,.T.);
#4338=EDGE_CURVE('',#3427,#3422,#1777,.T.);
#4339=EDGE_CURVE('',#3428,#3400,#1778,.T.);
#4340=EDGE_CURVE('',#3428,#3429,#1779,.T.);
#4341=EDGE_CURVE('',#3401,#3429,#1780,.T.);
#4342=EDGE_CURVE('',#3428,#3430,#193,.T.);
#4343=EDGE_CURVE('',#3430,#3431,#1781,.T.);
#4344=EDGE_CURVE('',#3429,#3431,#194,.T.);
#4345=EDGE_CURVE('',#3431,#3422,#1782,.T.);
#4346=EDGE_CURVE('',#3402,#3427,#195,.T.);
#4347=EDGE_CURVE('',#3400,#3432,#196,.T.);
#4348=EDGE_CURVE('',#3430,#3432,#1783,.T.);
#4349=EDGE_CURVE('',#3396,#3432,#1784,.T.);
#4350=EDGE_CURVE('',#3426,#3433,#197,.T.);
#4351=EDGE_CURVE('',#3433,#3434,#2972,.T.);
#4352=EDGE_CURVE('',#3434,#3435,#1785,.T.);
#4353=EDGE_CURVE('',#3435,#3403,#198,.T.);
#4354=EDGE_CURVE('',#3302,#3436,#1786,.T.);
#4355=EDGE_CURVE('',#3436,#3437,#1787,.T.);
#4356=EDGE_CURVE('',#3303,#3437,#1788,.T.);
#4357=EDGE_CURVE('',#3305,#3438,#1789,.T.);
#4358=EDGE_CURVE('',#3438,#3436,#1790,.T.);
#4359=EDGE_CURVE('',#3304,#3439,#1791,.T.);
#4360=EDGE_CURVE('',#3439,#3438,#1792,.T.);
#4361=EDGE_CURVE('',#3437,#3439,#1793,.T.);
#4362=EDGE_CURVE('',#3440,#3441,#1794,.T.);
#4363=EDGE_CURVE('',#3442,#3440,#1795,.T.);
#4364=EDGE_CURVE('',#3443,#3442,#1796,.T.);
#4365=EDGE_CURVE('',#3441,#3443,#1797,.T.);
#4366=EDGE_CURVE('',#3442,#3410,#1798,.T.);
#4367=EDGE_CURVE('',#3443,#3409,#1799,.T.);
#4368=EDGE_CURVE('',#3440,#3407,#1800,.T.);
#4369=EDGE_CURVE('',#3441,#3408,#1801,.T.);
#4370=EDGE_CURVE('',#3413,#3444,#199,.F.);
#4371=EDGE_CURVE('',#3445,#3444,#1802,.T.);
#4372=EDGE_CURVE('',#3445,#3414,#1803,.T.);
#4373=EDGE_CURVE('',#3446,#3236,#1804,.T.);
#4374=EDGE_CURVE('',#3417,#3446,#200,.T.);
#4375=EDGE_CURVE('',#3415,#3447,#1805,.T.);
#4376=EDGE_CURVE('',#3447,#3448,#1806,.T.);
#4377=EDGE_CURVE('',#3448,#3416,#1807,.T.);
#4378=EDGE_CURVE('',#3449,#3450,#201,.T.);
#4379=EDGE_CURVE('',#3451,#3450,#1808,.T.);
#4380=EDGE_CURVE('',#3414,#3451,#202,.T.);
#4381=EDGE_CURVE('',#3414,#3449,#1809,.T.);
#4382=EDGE_CURVE('',#3452,#3238,#203,.T.);
#4383=EDGE_CURVE('',#3453,#3237,#204,.T.);
#4384=EDGE_CURVE('',#3453,#3452,#1810,.T.);
#4385=EDGE_CURVE('',#3454,#3455,#205,.T.);
#4386=EDGE_CURVE('',#3455,#3456,#1811,.T.);
#4387=EDGE_CURVE('',#3456,#3457,#47,.T.);
#4388=EDGE_CURVE('',#3457,#3445,#206,.T.);
#4389=EDGE_CURVE('',#3444,#3454,#2973,.T.);
#4390=EDGE_CURVE('',#3458,#3235,#48,.F.);
#4391=EDGE_CURVE('',#3458,#3459,#1812,.T.);
#4392=EDGE_CURVE('',#3460,#3459,#207,.F.);
#4393=EDGE_CURVE('',#3446,#3460,#2974,.F.);
#4394=EDGE_CURVE('',#3461,#3462,#49,.T.);
#4395=EDGE_CURVE('',#3462,#3463,#1813,.T.);
#4396=EDGE_CURVE('',#3463,#3464,#208,.T.);
#4397=EDGE_CURVE('',#3464,#3461,#1814,.T.);
#4398=EDGE_CURVE('',#3461,#3465,#1815,.T.);
#4399=EDGE_CURVE('',#3465,#3466,#1816,.F.);
#4400=EDGE_CURVE('',#3466,#3467,#1817,.T.);
#4401=EDGE_CURVE('',#3468,#3467,#50,.T.);
#4402=EDGE_CURVE('',#3469,#3468,#1818,.T.);
#4403=EDGE_CURVE('',#3469,#3470,#1819,.T.);
#4404=EDGE_CURVE('',#3470,#3462,#1820,.T.);
#4405=EDGE_CURVE('',#3464,#3471,#1821,.T.);
#4406=EDGE_CURVE('',#3471,#3465,#1822,.F.);
#4407=EDGE_CURVE('',#3472,#3473,#51,.T.);
#4408=EDGE_CURVE('',#3473,#3474,#1823,.T.);
#4409=EDGE_CURVE('',#3474,#3475,#209,.T.);
#4410=EDGE_CURVE('',#3475,#3472,#1824,.T.);
#4411=EDGE_CURVE('',#3476,#3473,#1825,.T.);
#4412=EDGE_CURVE('',#3477,#3476,#1826,.T.);
#4413=EDGE_CURVE('',#3477,#3474,#1827,.T.);
#4414=EDGE_CURVE('',#3472,#3234,#1828,.T.);
#4415=EDGE_CURVE('',#3478,#3233,#1829,.T.);
#4416=EDGE_CURVE('',#3479,#3478,#52,.T.);
#4417=EDGE_CURVE('',#3479,#3480,#53,.F.);
#4418=EDGE_CURVE('',#3480,#3481,#1830,.T.);
#4419=EDGE_CURVE('',#3481,#3476,#1831,.F.);
#4420=EDGE_CURVE('',#3467,#3454,#1832,.T.);
#4421=EDGE_CURVE('',#3482,#3413,#210,.T.);
#4422=EDGE_CURVE('',#3468,#3482,#1833,.T.);
#4423=EDGE_CURVE('',#3483,#3468,#1834,.T.);
#4424=EDGE_CURVE('',#3483,#3484,#1835,.T.);
#4425=EDGE_CURVE('',#3485,#3484,#1836,.T.);
#4426=EDGE_CURVE('',#3486,#3485,#1837,.T.);
#4427=EDGE_CURVE('',#3486,#3487,#1838,.T.);
#4428=EDGE_CURVE('',#3469,#3487,#1839,.F.);
#4429=EDGE_CURVE('',#3460,#3480,#1840,.T.);
#4430=EDGE_CURVE('',#3488,#3479,#1841,.T.);
#4431=EDGE_CURVE('',#3417,#3488,#211,.T.);
#4432=EDGE_CURVE('',#3478,#3489,#1842,.T.);
#4433=EDGE_CURVE('',#3490,#3489,#212,.T.);
#4434=EDGE_CURVE('',#3479,#3490,#1843,.T.);
#4435=EDGE_CURVE('',#3491,#3232,#1844,.T.);
#4436=EDGE_CURVE('',#3489,#3491,#1845,.T.);
#4437=EDGE_CURVE('',#3492,#3420,#1846,.T.);
#4438=EDGE_CURVE('',#3493,#3492,#1847,.T.);
#4439=EDGE_CURVE('',#3421,#3493,#1848,.T.);
#4440=EDGE_CURVE('',#3494,#3229,#1849,.T.);
#4441=EDGE_CURVE('',#3495,#3494,#1850,.T.);
#4442=EDGE_CURVE('',#3449,#3495,#1851,.T.);
#4443=EDGE_CURVE('',#3457,#3470,#1852,.T.);
#4444=EDGE_CURVE('',#3496,#3487,#1853,.T.);
#4445=EDGE_CURVE('',#3241,#3496,#1854,.T.);
#4446=EDGE_CURVE('',#3497,#3448,#1855,.T.);
#4447=EDGE_CURVE('',#3498,#3497,#1856,.T.);
#4448=EDGE_CURVE('',#3499,#3498,#1857,.T.);
#4449=EDGE_CURVE('',#3452,#3499,#1858,.T.);
#4450=EDGE_CURVE('',#3416,#3453,#1859,.T.);
#4451=EDGE_CURVE('',#3447,#3500,#1860,.T.);
#4452=EDGE_CURVE('',#3451,#3415,#1861,.T.);
#4453=EDGE_CURVE('',#3501,#3450,#1862,.T.);
#4454=EDGE_CURVE('',#3502,#3501,#1863,.T.);
#4455=EDGE_CURVE('',#3500,#3502,#1864,.T.);
#4456=EDGE_CURVE('',#3503,#3499,#1865,.T.);
#4457=EDGE_CURVE('',#3504,#3503,#1866,.T.);
#4458=EDGE_CURVE('',#3504,#3239,#1867,.T.);
#4459=EDGE_CURVE('',#3498,#3505,#1868,.T.);
#4460=EDGE_CURVE('',#3505,#3506,#1869,.F.);
#4461=EDGE_CURVE('',#3503,#3506,#213,.T.);
#4462=EDGE_CURVE('',#3501,#3507,#1870,.T.);
#4463=EDGE_CURVE('',#3508,#3507,#214,.T.);
#4464=EDGE_CURVE('',#3508,#3509,#1871,.F.);
#4465=EDGE_CURVE('',#3509,#3502,#1872,.T.);
#4466=EDGE_CURVE('',#3510,#3511,#1873,.T.);
#4467=EDGE_CURVE('',#3512,#3510,#1874,.T.);
#4468=EDGE_CURVE('',#3512,#3232,#1875,.T.);
#4469=EDGE_CURVE('',#3231,#3511,#1876,.T.);
#4470=EDGE_CURVE('',#3513,#3514,#215,.T.);
#4471=EDGE_CURVE('',#3513,#3515,#1877,.T.);
#4472=EDGE_CURVE('',#3515,#3516,#1878,.T.);
#4473=EDGE_CURVE('',#3516,#3517,#1879,.T.);
#4474=EDGE_CURVE('',#3514,#3517,#1880,.T.);
#4475=EDGE_CURVE('',#3514,#3518,#1881,.T.);
#4476=EDGE_CURVE('',#3519,#3517,#1882,.T.);
#4477=EDGE_CURVE('',#3518,#3519,#1883,.T.);
#4478=EDGE_CURVE('',#3520,#3521,#1884,.F.);
#4479=EDGE_CURVE('',#3519,#3520,#1885,.T.);
#4480=EDGE_CURVE('',#3522,#3516,#1886,.T.);
#4481=EDGE_CURVE('',#3522,#3523,#1887,.T.);
#4482=EDGE_CURVE('',#3524,#3523,#1888,.T.);
#4483=EDGE_CURVE('',#3521,#3524,#1889,.T.);
#4484=EDGE_CURVE('',#3495,#3525,#1890,.T.);
#4485=EDGE_CURVE('',#3507,#3525,#1891,.T.);
#4486=EDGE_CURVE('',#3506,#3526,#1892,.T.);
#4487=EDGE_CURVE('',#3505,#3527,#1893,.F.);
#4488=EDGE_CURVE('',#3527,#3526,#1894,.F.);
#4489=EDGE_CURVE('',#3528,#3508,#1895,.T.);
#4490=EDGE_CURVE('',#3528,#3529,#1896,.F.);
#4491=EDGE_CURVE('',#3509,#3529,#1897,.T.);
#4492=EDGE_CURVE('',#3525,#3528,#216,.F.);
#4493=EDGE_CURVE('',#3526,#3504,#217,.F.);
#4494=EDGE_CURVE('',#3530,#3513,#1898,.T.);
#4495=EDGE_CURVE('',#3530,#3496,#1899,.T.);
#4496=EDGE_CURVE('',#3487,#3515,#1900,.T.);
#4497=EDGE_CURVE('',#3518,#3530,#218,.F.);
#4498=EDGE_CURVE('',#3531,#3532,#1901,.T.);
#4499=EDGE_CURVE('',#3520,#3531,#1902,.T.);
#4500=EDGE_CURVE('',#3521,#3532,#1903,.T.);
#4501=EDGE_CURVE('',#3532,#3510,#219,.T.);
#4502=EDGE_CURVE('',#3524,#3512,#1904,.T.);
#4503=EDGE_CURVE('',#3511,#3531,#220,.F.);
#4504=EDGE_CURVE('',#3494,#3240,#1905,.T.);
#4505=EDGE_CURVE('',#3529,#3527,#1906,.T.);
#4506=EDGE_CURVE('',#3421,#3486,#1907,.T.);
#4507=EDGE_CURVE('',#3493,#3533,#1908,.T.);
#4508=EDGE_CURVE('',#3533,#3534,#1909,.T.);
#4509=EDGE_CURVE('',#3522,#3534,#1910,.T.);
#4510=EDGE_CURVE('',#3523,#3535,#1911,.T.);
#4511=EDGE_CURVE('',#3535,#3536,#1912,.T.);
#4512=EDGE_CURVE('',#3536,#3492,#1913,.T.);
#4513=EDGE_CURVE('',#3491,#3420,#1914,.T.);
#4514=EDGE_CURVE('',#3537,#3538,#1915,.T.);
#4515=EDGE_CURVE('',#3485,#3537,#1916,.T.);
#4516=EDGE_CURVE('',#3484,#3538,#1917,.T.);
#4517=EDGE_CURVE('',#3534,#3535,#1918,.T.);
#4518=EDGE_CURVE('',#3533,#3536,#1919,.T.);
#4519=EDGE_CURVE('',#3456,#3463,#1920,.T.);
#4520=EDGE_CURVE('',#3471,#3539,#1921,.F.);
#4521=EDGE_CURVE('',#3539,#3466,#1922,.T.);
#4522=EDGE_CURVE('',#3459,#3540,#1923,.T.);
#4523=EDGE_CURVE('',#3540,#3481,#1924,.F.);
#4524=EDGE_CURVE('',#3538,#3483,#1925,.T.);
#4525=EDGE_CURVE('',#3475,#3458,#1926,.T.);
#4526=EDGE_CURVE('',#3540,#3477,#1927,.F.);
#4527=EDGE_CURVE('',#3539,#3455,#1928,.T.);
#4528=EDGE_CURVE('',#3500,#3497,#1929,.T.);
#4529=EDGE_CURVE('',#3537,#3411,#1930,.T.);
#4530=EDGE_CURVE('',#3488,#3418,#1931,.T.);
#4531=EDGE_CURVE('',#3482,#3412,#1932,.T.);
#4532=EDGE_CURVE('',#3490,#3419,#1933,.T.);
#4533=EDGE_CURVE('',#3541,#3542,#1934,.T.);
#4534=EDGE_CURVE('',#3543,#3541,#1935,.T.);
#4535=EDGE_CURVE('',#3543,#3544,#1936,.T.);
#4536=EDGE_CURVE('',#3545,#3544,#1937,.T.);
#4537=EDGE_CURVE('',#3545,#3542,#1938,.T.);
#4538=EDGE_CURVE('',#3542,#3546,#1939,.T.);
#4539=EDGE_CURVE('',#3546,#3545,#1940,.T.);
#4540=EDGE_CURVE('',#3547,#3548,#1941,.T.);
#4541=EDGE_CURVE('',#3549,#3547,#1942,.T.);
#4542=EDGE_CURVE('',#3550,#3549,#1943,.T.);
#4543=EDGE_CURVE('',#3551,#3550,#221,.T.);
#4544=EDGE_CURVE('',#3552,#3551,#1944,.T.);
#4545=EDGE_CURVE('',#3553,#3552,#1945,.T.);
#4546=EDGE_CURVE('',#3554,#3553,#1946,.T.);
#4547=EDGE_CURVE('',#3554,#3555,#222,.T.);
#4548=EDGE_CURVE('',#3555,#3556,#1947,.T.);
#4549=EDGE_CURVE('',#3557,#3556,#1948,.T.);
#4550=EDGE_CURVE('',#3558,#3557,#1949,.T.);
#4551=EDGE_CURVE('',#3559,#3558,#1950,.T.);
#4552=EDGE_CURVE('',#3560,#3559,#1951,.T.);
#4553=EDGE_CURVE('',#3561,#3560,#223,.T.);
#4554=EDGE_CURVE('',#3562,#3561,#1952,.T.);
#4555=EDGE_CURVE('',#3563,#3562,#1953,.T.);
#4556=EDGE_CURVE('',#3564,#3563,#1954,.T.);
#4557=EDGE_CURVE('',#3564,#3543,#224,.T.);
#4558=EDGE_CURVE('',#3548,#3541,#1955,.T.);
#4559=EDGE_CURVE('',#3565,#3547,#1956,.T.);
#4560=EDGE_CURVE('',#3566,#3565,#1957,.T.);
#4561=EDGE_CURVE('',#3549,#3566,#1958,.T.);
#4562=EDGE_CURVE('',#3567,#3550,#1959,.T.);
#4563=EDGE_CURVE('',#3567,#3566,#1960,.T.);
#4564=EDGE_CURVE('',#3564,#3568,#1961,.T.);
#4565=EDGE_CURVE('',#3544,#3568,#225,.T.);
#4566=EDGE_CURVE('',#3569,#3551,#1962,.T.);
#4567=EDGE_CURVE('',#3569,#3567,#226,.T.);
#4568=EDGE_CURVE('',#3570,#3569,#1963,.T.);
#4569=EDGE_CURVE('',#3552,#3570,#1964,.T.);
#4570=EDGE_CURVE('',#3568,#3571,#1965,.T.);
#4571=EDGE_CURVE('',#3571,#3563,#1966,.T.);
#4572=EDGE_CURVE('',#3557,#3572,#1967,.T.);
#4573=EDGE_CURVE('',#3573,#3556,#1968,.T.);
#4574=EDGE_CURVE('',#3572,#3573,#1969,.T.);
#4575=EDGE_CURVE('',#3574,#3575,#1970,.T.);
#4576=EDGE_CURVE('',#3576,#3574,#1971,.T.);
#4577=EDGE_CURVE('',#3575,#3576,#1972,.T.);
#4578=EDGE_CURVE('',#3575,#3559,#1973,.T.);
#4579=EDGE_CURVE('',#3577,#3576,#1974,.T.);
#4580=EDGE_CURVE('',#3577,#3560,#1975,.T.);
#4581=EDGE_CURVE('',#3555,#3578,#1976,.T.);
#4582=EDGE_CURVE('',#3573,#3578,#1977,.T.);
#4583=EDGE_CURVE('',#3579,#3561,#1978,.T.);
#4584=EDGE_CURVE('',#3579,#3577,#227,.T.);
#4585=EDGE_CURVE('',#3554,#3580,#1979,.T.);
#4586=EDGE_CURVE('',#3578,#3580,#228,.T.);
#4587=EDGE_CURVE('',#3580,#3581,#1980,.T.);
#4588=EDGE_CURVE('',#3581,#3553,#1981,.T.);
#4589=EDGE_CURVE('',#3582,#3579,#1982,.T.);
#4590=EDGE_CURVE('',#3562,#3582,#1983,.T.);
#4591=EDGE_CURVE('',#3571,#3582,#1984,.T.);
#4592=EDGE_CURVE('',#3581,#3570,#1985,.T.);
#4593=EDGE_CURVE('',#3583,#3548,#1986,.T.);
#4594=EDGE_CURVE('',#3584,#3583,#1987,.T.);
#4595=EDGE_CURVE('',#3584,#3547,#1988,.T.);
#4596=EDGE_CURVE('',#3585,#3546,#1989,.T.);
#4597=EDGE_CURVE('',#3583,#3585,#1990,.T.);
#4598=EDGE_CURVE('',#3574,#3586,#1991,.T.);
#4599=EDGE_CURVE('',#3587,#3586,#1992,.T.);
#4600=EDGE_CURVE('',#3587,#3588,#1993,.T.);
#4601=EDGE_CURVE('',#3589,#3588,#229,.T.);
#4602=EDGE_CURVE('',#3590,#3589,#1994,.T.);
#4603=EDGE_CURVE('',#3590,#3591,#1995,.T.);
#4604=EDGE_CURVE('',#3591,#3592,#1996,.T.);
#4605=EDGE_CURVE('',#3593,#3592,#230,.T.);
#4606=EDGE_CURVE('',#3594,#3593,#1997,.T.);
#4607=EDGE_CURVE('',#3595,#3594,#1998,.T.);
#4608=EDGE_CURVE('',#3595,#3546,#1999,.T.);
#4609=EDGE_CURVE('',#3596,#3378,#2000,.T.);
#4610=EDGE_CURVE('',#3597,#3596,#2001,.T.);
#4611=EDGE_CURVE('',#3597,#3379,#2002,.T.);
#4612=EDGE_CURVE('',#3598,#3599,#2003,.T.);
#4613=EDGE_CURVE('',#3600,#3598,#2004,.T.);
#4614=EDGE_CURVE('',#3601,#3600,#2005,.T.);
#4615=EDGE_CURVE('',#3602,#3601,#2006,.T.);
#4616=EDGE_CURVE('',#3599,#3602,#2007,.T.);
#4617=EDGE_CURVE('',#3599,#3603,#2008,.T.);
#4618=EDGE_CURVE('',#3603,#3602,#2009,.T.);
#4619=EDGE_CURVE('',#3604,#3605,#2010,.T.);
#4620=EDGE_CURVE('',#3606,#3604,#2011,.T.);
#4621=EDGE_CURVE('',#3606,#3605,#2012,.T.);
#4622=EDGE_CURVE('',#3605,#3607,#2013,.T.);
#4623=EDGE_CURVE('',#3608,#3606,#2014,.T.);
#4624=EDGE_CURVE('',#3609,#3608,#2015,.T.);
#4625=EDGE_CURVE('',#3609,#3607,#2016,.T.);
#4626=EDGE_CURVE('',#3380,#3610,#2017,.T.);
#4627=EDGE_CURVE('',#3610,#3597,#2018,.T.);
#4628=EDGE_CURVE('',#3611,#3612,#2019,.T.);
#4629=EDGE_CURVE('',#3611,#3609,#231,.T.);
#4630=EDGE_CURVE('',#3612,#3608,#232,.T.);
#4631=EDGE_CURVE('',#3381,#3613,#2020,.T.);
#4632=EDGE_CURVE('',#3613,#3610,#233,.T.);
#4633=EDGE_CURVE('',#3614,#3613,#2021,.T.);
#4634=EDGE_CURVE('',#3614,#3382,#2022,.T.);
#4635=EDGE_CURVE('',#3615,#3612,#2023,.T.);
#4636=EDGE_CURVE('',#3615,#3616,#2024,.T.);
#4637=EDGE_CURVE('',#3611,#3616,#2025,.T.);
#4638=EDGE_CURVE('',#3387,#3617,#2026,.T.);
#4639=EDGE_CURVE('',#3386,#3618,#2027,.T.);
#4640=EDGE_CURVE('',#3617,#3618,#2028,.T.);
#4641=EDGE_CURVE('',#3619,#3385,#2029,.T.);
#4642=EDGE_CURVE('',#3619,#3618,#2030,.T.);
#4643=EDGE_CURVE('',#3620,#3621,#2031,.T.);
#4644=EDGE_CURVE('',#3601,#3620,#234,.T.);
#4645=EDGE_CURVE('',#3621,#3600,#235,.T.);
#4646=EDGE_CURVE('',#3622,#3384,#2032,.T.);
#4647=EDGE_CURVE('',#3622,#3619,#236,.T.);
#4648=EDGE_CURVE('',#3383,#3623,#2033,.T.);
#4649=EDGE_CURVE('',#3622,#3623,#2034,.T.);
#4650=EDGE_CURVE('',#3624,#3621,#2035,.T.);
#4651=EDGE_CURVE('',#3624,#3625,#2036,.T.);
#4652=EDGE_CURVE('',#3620,#3625,#2037,.T.);
#4653=EDGE_CURVE('',#3626,#3596,#2038,.T.);
#4654=EDGE_CURVE('',#3607,#3626,#2039,.T.);
#4655=EDGE_CURVE('',#3616,#3624,#2040,.T.);
#4656=EDGE_CURVE('',#3627,#3598,#2041,.T.);
#4657=EDGE_CURVE('',#3617,#3627,#2042,.T.);
#4658=EDGE_CURVE('',#3623,#3614,#2043,.T.);
#4659=EDGE_CURVE('',#3625,#3615,#2044,.T.);
#4660=EDGE_CURVE('',#3628,#3378,#2045,.T.);
#4661=EDGE_CURVE('',#3629,#3628,#2046,.T.);
#4662=EDGE_CURVE('',#3629,#3596,#2047,.T.);
#4663=EDGE_CURVE('',#3630,#3604,#2048,.T.);
#4664=EDGE_CURVE('',#3631,#3630,#2049,.T.);
#4665=EDGE_CURVE('',#3631,#3632,#2050,.T.);
#4666=EDGE_CURVE('',#3633,#3632,#237,.T.);
#4667=EDGE_CURVE('',#3425,#3633,#2051,.T.);
#4668=EDGE_CURVE('',#3424,#3634,#2052,.T.);
#4669=EDGE_CURVE('',#3635,#3634,#238,.T.);
#4670=EDGE_CURVE('',#3636,#3635,#2053,.T.);
#4671=EDGE_CURVE('',#3637,#3636,#2054,.T.);
#4672=EDGE_CURVE('',#3603,#3637,#2055,.T.);
#4673=EDGE_CURVE('',#3627,#3638,#2056,.T.);
#4674=EDGE_CURVE('',#3638,#3639,#2057,.T.);
#4675=EDGE_CURVE('',#3617,#3639,#2058,.T.);
#4676=EDGE_CURVE('',#3640,#3603,#2059,.T.);
#4677=EDGE_CURVE('',#3640,#3638,#2060,.T.);
#4678=EDGE_CURVE('',#3641,#3584,#2061,.T.);
#4679=EDGE_CURVE('',#3565,#3641,#2062,.T.);
#4680=EDGE_CURVE('',#3642,#3643,#2063,.T.);
#4681=EDGE_CURVE('',#3641,#3642,#239,.T.);
#4682=EDGE_CURVE('',#3643,#3584,#240,.T.);
#4683=EDGE_CURVE('',#3644,#3645,#2064,.T.);
#4684=EDGE_CURVE('',#3644,#3583,#241,.T.);
#4685=EDGE_CURVE('',#3645,#3585,#242,.T.);
#4686=EDGE_CURVE('',#3643,#3644,#2065,.T.);
#4687=EDGE_CURVE('',#3646,#3626,#2066,.T.);
#4688=EDGE_CURVE('',#3647,#3646,#2067,.T.);
#4689=EDGE_CURVE('',#3604,#3647,#2068,.T.);
#4690=EDGE_CURVE('',#3646,#3629,#2069,.T.);
#4691=EDGE_CURVE('',#3648,#3649,#2070,.T.);
#4692=EDGE_CURVE('',#3647,#3648,#243,.T.);
#4693=EDGE_CURVE('',#3649,#3646,#244,.T.);
#4694=EDGE_CURVE('',#3650,#3651,#2071,.T.);
#4695=EDGE_CURVE('',#3650,#3629,#245,.T.);
#4696=EDGE_CURVE('',#3651,#3628,#246,.T.);
#4697=EDGE_CURVE('',#3649,#3650,#2072,.T.);
#4698=EDGE_CURVE('',#3649,#3644,#2073,.T.);
#4699=EDGE_CURVE('',#3648,#3645,#2074,.T.);
#4700=EDGE_CURVE('',#3642,#3651,#2075,.T.);
#4701=EDGE_CURVE('',#3643,#3650,#2076,.T.);
#4702=EDGE_CURVE('',#3652,#3595,#2077,.T.);
#4703=EDGE_CURVE('',#3652,#3585,#2078,.T.);
#4704=EDGE_CURVE('',#3641,#3370,#2079,.T.);
#4705=EDGE_CURVE('',#3565,#3369,#2080,.T.);
#4706=EDGE_CURVE('',#3653,#3652,#247,.T.);
#4707=EDGE_CURVE('',#3653,#3645,#2081,.T.);
#4708=EDGE_CURVE('',#3642,#3371,#2082,.T.);
#4709=EDGE_CURVE('',#3654,#3653,#2083,.T.);
#4710=EDGE_CURVE('',#3654,#3648,#2084,.T.);
#4711=EDGE_CURVE('',#3651,#3372,#2085,.T.);
#4712=EDGE_CURVE('',#3655,#3654,#248,.T.);
#4713=EDGE_CURVE('',#3655,#3647,#2086,.T.);
#4714=EDGE_CURVE('',#3628,#3373,#2087,.T.);
#4715=EDGE_CURVE('',#3630,#3655,#2088,.T.);
#4716=EDGE_CURVE('',#3639,#3656,#2089,.T.);
#4717=EDGE_CURVE('',#3387,#3656,#2090,.T.);
#4718=EDGE_CURVE('',#3657,#3572,#2091,.T.);
#4719=EDGE_CURVE('',#3658,#3657,#2092,.T.);
#4720=EDGE_CURVE('',#3658,#3557,#2093,.T.);
#4721=EDGE_CURVE('',#3659,#3658,#2094,.T.);
#4722=EDGE_CURVE('',#3659,#3558,#2095,.T.);
#4723=EDGE_CURVE('',#3660,#3640,#249,.T.);
#4724=EDGE_CURVE('',#3660,#3661,#2096,.T.);
#4725=EDGE_CURVE('',#3638,#3661,#250,.T.);
#4726=EDGE_CURVE('',#3639,#3662,#251,.T.);
#4727=EDGE_CURVE('',#3662,#3663,#2097,.T.);
#4728=EDGE_CURVE('',#3656,#3663,#252,.T.);
#4729=EDGE_CURVE('',#3661,#3662,#2098,.T.);
#4730=EDGE_CURVE('',#3664,#3659,#2099,.T.);
#4731=EDGE_CURVE('',#3574,#3664,#2100,.T.);
#4732=EDGE_CURVE('',#3665,#3666,#2101,.T.);
#4733=EDGE_CURVE('',#3664,#3665,#253,.T.);
#4734=EDGE_CURVE('',#3666,#3659,#254,.T.);
#4735=EDGE_CURVE('',#3667,#3668,#2102,.T.);
#4736=EDGE_CURVE('',#3667,#3658,#255,.T.);
#4737=EDGE_CURVE('',#3668,#3657,#256,.T.);
#4738=EDGE_CURVE('',#3666,#3667,#2103,.T.);
#4739=EDGE_CURVE('',#3661,#3666,#2104,.T.);
#4740=EDGE_CURVE('',#3665,#3660,#2105,.T.);
#4741=EDGE_CURVE('',#3663,#3668,#2106,.T.);
#4742=EDGE_CURVE('',#3662,#3667,#2107,.T.);
#4743=EDGE_CURVE('',#3669,#3637,#2108,.T.);
#4744=EDGE_CURVE('',#3640,#3669,#2109,.T.);
#4745=EDGE_CURVE('',#3361,#3656,#2110,.T.);
#4746=EDGE_CURVE('',#3670,#3669,#257,.T.);
#4747=EDGE_CURVE('',#3660,#3670,#2111,.T.);
#4748=EDGE_CURVE('',#3362,#3663,#2112,.T.);
#4749=EDGE_CURVE('',#3671,#3670,#2113,.T.);
#4750=EDGE_CURVE('',#3665,#3671,#2114,.T.);
#4751=EDGE_CURVE('',#3363,#3668,#2115,.T.);
#4752=EDGE_CURVE('',#3672,#3671,#258,.T.);
#4753=EDGE_CURVE('',#3664,#3672,#2116,.T.);
#4754=EDGE_CURVE('',#3364,#3657,#2117,.T.);
#4755=EDGE_CURVE('',#3586,#3672,#2118,.T.);
#4756=EDGE_CURVE('',#3365,#3572,#2119,.T.);
#4757=EDGE_CURVE('',#3673,#3673,#259,.F.);
#4758=EDGE_CURVE('',#3674,#3674,#260,.F.);
#4759=EDGE_CURVE('',#3632,#3434,#2120,.T.);
#4760=EDGE_CURVE('',#3435,#3631,#2121,.T.);
#4761=EDGE_CURVE('',#3633,#3433,#2122,.T.);
#4762=EDGE_CURVE('',#3356,#3388,#2123,.T.);
#4763=EDGE_CURVE('',#3675,#3676,#261,.T.);
#4764=EDGE_CURVE('',#3590,#3675,#2124,.T.);
#4765=EDGE_CURVE('',#3589,#3676,#2125,.T.);
#4766=EDGE_CURVE('',#3355,#3674,#2126,.T.);
#4767=EDGE_CURVE('',#3677,#3678,#2127,.T.);
#4768=EDGE_CURVE('',#3588,#3677,#2128,.T.);
#4769=EDGE_CURVE('',#3678,#3587,#2129,.T.);
#4770=EDGE_CURVE('',#3676,#3677,#2975,.T.);
#4771=EDGE_CURVE('',#3675,#3679,#2130,.T.);
#4772=EDGE_CURVE('',#3679,#3591,#2131,.T.);
#4773=EDGE_CURVE('',#3220,#3216,#2132,.T.);
#4774=EDGE_CURVE('',#3678,#3405,#262,.T.);
#4775=EDGE_CURVE('',#3404,#3680,#263,.T.);
#4776=EDGE_CURVE('',#3680,#3681,#2133,.T.);
#4777=EDGE_CURVE('',#3681,#3682,#2976,.T.);
#4778=EDGE_CURVE('',#3682,#3679,#264,.T.);
#4779=EDGE_CURVE('',#3636,#3683,#2134,.T.);
#4780=EDGE_CURVE('',#3406,#3683,#265,.T.);
#4781=EDGE_CURVE('',#3683,#3684,#2135,.T.);
#4782=EDGE_CURVE('',#3635,#3684,#2136,.T.);
#4783=EDGE_CURVE('',#3354,#3389,#2137,.T.);
#4784=EDGE_CURVE('',#3685,#3423,#266,.T.);
#4785=EDGE_CURVE('',#3634,#3685,#2138,.T.);
#4786=EDGE_CURVE('',#3684,#3685,#2977,.T.);
#4787=EDGE_CURVE('',#3592,#3682,#2139,.T.);
#4788=EDGE_CURVE('',#3593,#3681,#2140,.T.);
#4789=EDGE_CURVE('',#3594,#3680,#2141,.T.);
#4790=EDGE_CURVE('',#3353,#3673,#2142,.T.);
#4791=EDGE_CURVE('',#3197,#3215,#2143,.T.);
#4792=ORIENTED_EDGE('',*,*,#3686,.T.);
#4793=ORIENTED_EDGE('',*,*,#3687,.T.);
#4794=ORIENTED_EDGE('',*,*,#3688,.T.);
#4795=ORIENTED_EDGE('',*,*,#3689,.T.);
#4796=ORIENTED_EDGE('',*,*,#3690,.T.);
#4797=ORIENTED_EDGE('',*,*,#3691,.T.);
#4798=ORIENTED_EDGE('',*,*,#3688,.F.);
#4799=ORIENTED_EDGE('',*,*,#3692,.T.);
#4800=ORIENTED_EDGE('',*,*,#3693,.F.);
#4801=ORIENTED_EDGE('',*,*,#3694,.F.);
#4802=ORIENTED_EDGE('',*,*,#3687,.F.);
#4803=ORIENTED_EDGE('',*,*,#3695,.T.);
#4804=ORIENTED_EDGE('',*,*,#3696,.F.);
#4805=ORIENTED_EDGE('',*,*,#3692,.F.);
#4806=ORIENTED_EDGE('',*,*,#3686,.F.);
#4807=ORIENTED_EDGE('',*,*,#3697,.T.);
#4808=ORIENTED_EDGE('',*,*,#3698,.F.);
#4809=ORIENTED_EDGE('',*,*,#3695,.F.);
#4810=ORIENTED_EDGE('',*,*,#3689,.F.);
#4811=ORIENTED_EDGE('',*,*,#3694,.T.);
#4812=ORIENTED_EDGE('',*,*,#3699,.F.);
#4813=ORIENTED_EDGE('',*,*,#3700,.F.);
#4814=ORIENTED_EDGE('',*,*,#3690,.F.);
#4815=ORIENTED_EDGE('',*,*,#3700,.T.);
#4816=ORIENTED_EDGE('',*,*,#3701,.F.);
#4817=ORIENTED_EDGE('',*,*,#3702,.F.);
#4818=ORIENTED_EDGE('',*,*,#3691,.F.);
#4819=ORIENTED_EDGE('',*,*,#3702,.T.);
#4820=ORIENTED_EDGE('',*,*,#3703,.F.);
#4821=ORIENTED_EDGE('',*,*,#3697,.F.);
#4822=ORIENTED_EDGE('',*,*,#3703,.T.);
#4823=ORIENTED_EDGE('',*,*,#3701,.T.);
#4824=ORIENTED_EDGE('',*,*,#3699,.T.);
#4825=ORIENTED_EDGE('',*,*,#3693,.T.);
#4826=ORIENTED_EDGE('',*,*,#3696,.T.);
#4827=ORIENTED_EDGE('',*,*,#3698,.T.);
#4828=ORIENTED_EDGE('',*,*,#3704,.T.);
#4829=ORIENTED_EDGE('',*,*,#3705,.T.);
#4830=ORIENTED_EDGE('',*,*,#3706,.T.);
#4831=ORIENTED_EDGE('',*,*,#3707,.F.);
#4832=ORIENTED_EDGE('',*,*,#3708,.T.);
#4833=ORIENTED_EDGE('',*,*,#3704,.F.);
#4834=ORIENTED_EDGE('',*,*,#3709,.F.);
#4835=ORIENTED_EDGE('',*,*,#3710,.F.);
#4836=ORIENTED_EDGE('',*,*,#3709,.T.);
#4837=ORIENTED_EDGE('',*,*,#3706,.F.);
#4838=ORIENTED_EDGE('',*,*,#3711,.F.);
#4839=ORIENTED_EDGE('',*,*,#3712,.F.);
#4840=ORIENTED_EDGE('',*,*,#3711,.T.);
#4841=ORIENTED_EDGE('',*,*,#3705,.F.);
#4842=ORIENTED_EDGE('',*,*,#3708,.F.);
#4843=ORIENTED_EDGE('',*,*,#3710,.T.);
#4844=ORIENTED_EDGE('',*,*,#3712,.T.);
#4845=ORIENTED_EDGE('',*,*,#3707,.T.);
#4846=ORIENTED_EDGE('',*,*,#3713,.T.);
#4847=ORIENTED_EDGE('',*,*,#3714,.T.);
#4848=ORIENTED_EDGE('',*,*,#3715,.T.);
#4849=ORIENTED_EDGE('',*,*,#3714,.F.);
#4850=ORIENTED_EDGE('',*,*,#3716,.T.);
#4851=ORIENTED_EDGE('',*,*,#3717,.F.);
#4852=ORIENTED_EDGE('',*,*,#3718,.F.);
#4853=ORIENTED_EDGE('',*,*,#3713,.F.);
#4854=ORIENTED_EDGE('',*,*,#3719,.T.);
#4855=ORIENTED_EDGE('',*,*,#3720,.F.);
#4856=ORIENTED_EDGE('',*,*,#3716,.F.);
#4857=ORIENTED_EDGE('',*,*,#3715,.F.);
#4858=ORIENTED_EDGE('',*,*,#3718,.T.);
#4859=ORIENTED_EDGE('',*,*,#3721,.F.);
#4860=ORIENTED_EDGE('',*,*,#3719,.F.);
#4861=ORIENTED_EDGE('',*,*,#3721,.T.);
#4862=ORIENTED_EDGE('',*,*,#3717,.T.);
#4863=ORIENTED_EDGE('',*,*,#3720,.T.);
#4864=ORIENTED_EDGE('',*,*,#3722,.T.);
#4865=ORIENTED_EDGE('',*,*,#3723,.T.);
#4866=ORIENTED_EDGE('',*,*,#3724,.T.);
#4867=ORIENTED_EDGE('',*,*,#3725,.T.);
#4868=ORIENTED_EDGE('',*,*,#3726,.T.);
#4869=ORIENTED_EDGE('',*,*,#3727,.T.);
#4870=ORIENTED_EDGE('',*,*,#3728,.F.);
#4871=ORIENTED_EDGE('',*,*,#3729,.T.);
#4872=ORIENTED_EDGE('',*,*,#3722,.F.);
#4873=ORIENTED_EDGE('',*,*,#3730,.F.);
#4874=ORIENTED_EDGE('',*,*,#3731,.F.);
#4875=ORIENTED_EDGE('',*,*,#3732,.T.);
#4876=ORIENTED_EDGE('',*,*,#3723,.F.);
#4877=ORIENTED_EDGE('',*,*,#3729,.F.);
#4878=ORIENTED_EDGE('',*,*,#3733,.F.);
#4879=ORIENTED_EDGE('',*,*,#3734,.T.);
#4880=ORIENTED_EDGE('',*,*,#3724,.F.);
#4881=ORIENTED_EDGE('',*,*,#3732,.F.);
#4882=ORIENTED_EDGE('',*,*,#3735,.F.);
#4883=ORIENTED_EDGE('',*,*,#3730,.T.);
#4884=ORIENTED_EDGE('',*,*,#3727,.F.);
#4885=ORIENTED_EDGE('',*,*,#3736,.F.);
#4886=ORIENTED_EDGE('',*,*,#3737,.F.);
#4887=ORIENTED_EDGE('',*,*,#3736,.T.);
#4888=ORIENTED_EDGE('',*,*,#3726,.F.);
#4889=ORIENTED_EDGE('',*,*,#3738,.F.);
#4890=ORIENTED_EDGE('',*,*,#3739,.F.);
#4891=ORIENTED_EDGE('',*,*,#3738,.T.);
#4892=ORIENTED_EDGE('',*,*,#3725,.F.);
#4893=ORIENTED_EDGE('',*,*,#3734,.F.);
#4894=ORIENTED_EDGE('',*,*,#3735,.T.);
#4895=ORIENTED_EDGE('',*,*,#3737,.T.);
#4896=ORIENTED_EDGE('',*,*,#3739,.T.);
#4897=ORIENTED_EDGE('',*,*,#3733,.T.);
#4898=ORIENTED_EDGE('',*,*,#3731,.T.);
#4899=ORIENTED_EDGE('',*,*,#3728,.T.);
#4900=ORIENTED_EDGE('',*,*,#3740,.T.);
#4901=ORIENTED_EDGE('',*,*,#3741,.T.);
#4902=ORIENTED_EDGE('',*,*,#3742,.T.);
#4903=ORIENTED_EDGE('',*,*,#3743,.T.);
#4904=ORIENTED_EDGE('',*,*,#3741,.F.);
#4905=ORIENTED_EDGE('',*,*,#3744,.T.);
#4906=ORIENTED_EDGE('',*,*,#3745,.F.);
#4907=ORIENTED_EDGE('',*,*,#3746,.F.);
#4908=ORIENTED_EDGE('',*,*,#3740,.F.);
#4909=ORIENTED_EDGE('',*,*,#3747,.T.);
#4910=ORIENTED_EDGE('',*,*,#3748,.F.);
#4911=ORIENTED_EDGE('',*,*,#3744,.F.);
#4912=ORIENTED_EDGE('',*,*,#3742,.F.);
#4913=ORIENTED_EDGE('',*,*,#3746,.T.);
#4914=ORIENTED_EDGE('',*,*,#3749,.F.);
#4915=ORIENTED_EDGE('',*,*,#3750,.F.);
#4916=ORIENTED_EDGE('',*,*,#3743,.F.);
#4917=ORIENTED_EDGE('',*,*,#3750,.T.);
#4918=ORIENTED_EDGE('',*,*,#3751,.F.);
#4919=ORIENTED_EDGE('',*,*,#3747,.F.);
#4920=ORIENTED_EDGE('',*,*,#3751,.T.);
#4921=ORIENTED_EDGE('',*,*,#3749,.T.);
#4922=ORIENTED_EDGE('',*,*,#3745,.T.);
#4923=ORIENTED_EDGE('',*,*,#3748,.T.);
#4924=ORIENTED_EDGE('',*,*,#3752,.T.);
#4925=ORIENTED_EDGE('',*,*,#3753,.T.);
#4926=ORIENTED_EDGE('',*,*,#3754,.T.);
#4927=ORIENTED_EDGE('',*,*,#3755,.T.);
#4928=ORIENTED_EDGE('',*,*,#3756,.T.);
#4929=ORIENTED_EDGE('',*,*,#3757,.T.);
#4930=ORIENTED_EDGE('',*,*,#3758,.F.);
#4931=ORIENTED_EDGE('',*,*,#3759,.T.);
#4932=ORIENTED_EDGE('',*,*,#3752,.F.);
#4933=ORIENTED_EDGE('',*,*,#3760,.F.);
#4934=ORIENTED_EDGE('',*,*,#3761,.F.);
#4935=ORIENTED_EDGE('',*,*,#3762,.T.);
#4936=ORIENTED_EDGE('',*,*,#3753,.F.);
#4937=ORIENTED_EDGE('',*,*,#3759,.F.);
#4938=ORIENTED_EDGE('',*,*,#3763,.F.);
#4939=ORIENTED_EDGE('',*,*,#3764,.T.);
#4940=ORIENTED_EDGE('',*,*,#3754,.F.);
#4941=ORIENTED_EDGE('',*,*,#3762,.F.);
#4942=ORIENTED_EDGE('',*,*,#3765,.F.);
#4943=ORIENTED_EDGE('',*,*,#3760,.T.);
#4944=ORIENTED_EDGE('',*,*,#3757,.F.);
#4945=ORIENTED_EDGE('',*,*,#3766,.F.);
#4946=ORIENTED_EDGE('',*,*,#3767,.F.);
#4947=ORIENTED_EDGE('',*,*,#3766,.T.);
#4948=ORIENTED_EDGE('',*,*,#3756,.F.);
#4949=ORIENTED_EDGE('',*,*,#3768,.F.);
#4950=ORIENTED_EDGE('',*,*,#3769,.F.);
#4951=ORIENTED_EDGE('',*,*,#3768,.T.);
#4952=ORIENTED_EDGE('',*,*,#3755,.F.);
#4953=ORIENTED_EDGE('',*,*,#3764,.F.);
#4954=ORIENTED_EDGE('',*,*,#3765,.T.);
#4955=ORIENTED_EDGE('',*,*,#3767,.T.);
#4956=ORIENTED_EDGE('',*,*,#3769,.T.);
#4957=ORIENTED_EDGE('',*,*,#3763,.T.);
#4958=ORIENTED_EDGE('',*,*,#3761,.T.);
#4959=ORIENTED_EDGE('',*,*,#3758,.T.);
#4960=ORIENTED_EDGE('',*,*,#3770,.T.);
#4961=ORIENTED_EDGE('',*,*,#3771,.T.);
#4962=ORIENTED_EDGE('',*,*,#3772,.T.);
#4963=ORIENTED_EDGE('',*,*,#3773,.T.);
#4964=ORIENTED_EDGE('',*,*,#3774,.F.);
#4965=ORIENTED_EDGE('',*,*,#3775,.T.);
#4966=ORIENTED_EDGE('',*,*,#3770,.F.);
#4967=ORIENTED_EDGE('',*,*,#3776,.F.);
#4968=ORIENTED_EDGE('',*,*,#3777,.F.);
#4969=ORIENTED_EDGE('',*,*,#3778,.T.);
#4970=ORIENTED_EDGE('',*,*,#3771,.F.);
#4971=ORIENTED_EDGE('',*,*,#3775,.F.);
#4972=ORIENTED_EDGE('',*,*,#3779,.F.);
#4973=ORIENTED_EDGE('',*,*,#3776,.T.);
#4974=ORIENTED_EDGE('',*,*,#3773,.F.);
#4975=ORIENTED_EDGE('',*,*,#3780,.F.);
#4976=ORIENTED_EDGE('',*,*,#3781,.F.);
#4977=ORIENTED_EDGE('',*,*,#3780,.T.);
#4978=ORIENTED_EDGE('',*,*,#3772,.F.);
#4979=ORIENTED_EDGE('',*,*,#3778,.F.);
#4980=ORIENTED_EDGE('',*,*,#3779,.T.);
#4981=ORIENTED_EDGE('',*,*,#3781,.T.);
#4982=ORIENTED_EDGE('',*,*,#3777,.T.);
#4983=ORIENTED_EDGE('',*,*,#3774,.T.);
#4984=ORIENTED_EDGE('',*,*,#3782,.T.);
#4985=ORIENTED_EDGE('',*,*,#3783,.T.);
#4986=ORIENTED_EDGE('',*,*,#3784,.T.);
#4987=ORIENTED_EDGE('',*,*,#3785,.T.);
#4988=ORIENTED_EDGE('',*,*,#3786,.T.);
#4989=ORIENTED_EDGE('',*,*,#3787,.T.);
#4990=ORIENTED_EDGE('',*,*,#3788,.T.);
#4991=ORIENTED_EDGE('',*,*,#3789,.T.);
#4992=ORIENTED_EDGE('',*,*,#3790,.T.);
#4993=ORIENTED_EDGE('',*,*,#3788,.F.);
#4994=ORIENTED_EDGE('',*,*,#3791,.T.);
#4995=ORIENTED_EDGE('',*,*,#3792,.F.);
#4996=ORIENTED_EDGE('',*,*,#3793,.F.);
#4997=ORIENTED_EDGE('',*,*,#3787,.F.);
#4998=ORIENTED_EDGE('',*,*,#3794,.T.);
#4999=ORIENTED_EDGE('',*,*,#3795,.F.);
#5000=ORIENTED_EDGE('',*,*,#3791,.F.);
#5001=ORIENTED_EDGE('',*,*,#3784,.F.);
#5002=ORIENTED_EDGE('',*,*,#3796,.T.);
#5003=ORIENTED_EDGE('',*,*,#3797,.F.);
#5004=ORIENTED_EDGE('',*,*,#3798,.F.);
#5005=ORIENTED_EDGE('',*,*,#3783,.F.);
#5006=ORIENTED_EDGE('',*,*,#3799,.T.);
#5007=ORIENTED_EDGE('',*,*,#3800,.F.);
#5008=ORIENTED_EDGE('',*,*,#3796,.F.);
#5009=ORIENTED_EDGE('',*,*,#3782,.F.);
#5010=ORIENTED_EDGE('',*,*,#3801,.T.);
#5011=ORIENTED_EDGE('',*,*,#3802,.F.);
#5012=ORIENTED_EDGE('',*,*,#3799,.F.);
#5013=ORIENTED_EDGE('',*,*,#3789,.F.);
#5014=ORIENTED_EDGE('',*,*,#3793,.T.);
#5015=ORIENTED_EDGE('',*,*,#3803,.F.);
#5016=ORIENTED_EDGE('',*,*,#3804,.F.);
#5017=ORIENTED_EDGE('',*,*,#3790,.F.);
#5018=ORIENTED_EDGE('',*,*,#3804,.T.);
#5019=ORIENTED_EDGE('',*,*,#3805,.F.);
#5020=ORIENTED_EDGE('',*,*,#3794,.F.);
#5021=ORIENTED_EDGE('',*,*,#3785,.F.);
#5022=ORIENTED_EDGE('',*,*,#3798,.T.);
#5023=ORIENTED_EDGE('',*,*,#3806,.F.);
#5024=ORIENTED_EDGE('',*,*,#3807,.F.);
#5025=ORIENTED_EDGE('',*,*,#3786,.F.);
#5026=ORIENTED_EDGE('',*,*,#3807,.T.);
#5027=ORIENTED_EDGE('',*,*,#3808,.F.);
#5028=ORIENTED_EDGE('',*,*,#3801,.F.);
#5029=ORIENTED_EDGE('',*,*,#3808,.T.);
#5030=ORIENTED_EDGE('',*,*,#3806,.T.);
#5031=ORIENTED_EDGE('',*,*,#3797,.T.);
#5032=ORIENTED_EDGE('',*,*,#3800,.T.);
#5033=ORIENTED_EDGE('',*,*,#3802,.T.);
#5034=ORIENTED_EDGE('',*,*,#3805,.T.);
#5035=ORIENTED_EDGE('',*,*,#3803,.T.);
#5036=ORIENTED_EDGE('',*,*,#3792,.T.);
#5037=ORIENTED_EDGE('',*,*,#3795,.T.);
#5038=ORIENTED_EDGE('',*,*,#3809,.T.);
#5039=ORIENTED_EDGE('',*,*,#3810,.T.);
#5040=ORIENTED_EDGE('',*,*,#3811,.T.);
#5041=ORIENTED_EDGE('',*,*,#3812,.T.);
#5042=ORIENTED_EDGE('',*,*,#3813,.T.);
#5043=ORIENTED_EDGE('',*,*,#3814,.T.);
#5044=ORIENTED_EDGE('',*,*,#3815,.T.);
#5045=ORIENTED_EDGE('',*,*,#3816,.T.);
#5046=ORIENTED_EDGE('',*,*,#3817,.T.);
#5047=ORIENTED_EDGE('',*,*,#3818,.T.);
#5048=ORIENTED_EDGE('',*,*,#3819,.T.);
#5049=ORIENTED_EDGE('',*,*,#3820,.F.);
#5050=ORIENTED_EDGE('',*,*,#3821,.T.);
#5051=ORIENTED_EDGE('',*,*,#3809,.F.);
#5052=ORIENTED_EDGE('',*,*,#3822,.F.);
#5053=ORIENTED_EDGE('',*,*,#3823,.F.);
#5054=ORIENTED_EDGE('',*,*,#3824,.T.);
#5055=ORIENTED_EDGE('',*,*,#3810,.F.);
#5056=ORIENTED_EDGE('',*,*,#3821,.F.);
#5057=ORIENTED_EDGE('',*,*,#3825,.F.);
#5058=ORIENTED_EDGE('',*,*,#3826,.T.);
#5059=ORIENTED_EDGE('',*,*,#3811,.F.);
#5060=ORIENTED_EDGE('',*,*,#3824,.F.);
#5061=ORIENTED_EDGE('',*,*,#3827,.F.);
#5062=ORIENTED_EDGE('',*,*,#3828,.T.);
#5063=ORIENTED_EDGE('',*,*,#3816,.F.);
#5064=ORIENTED_EDGE('',*,*,#3829,.F.);
#5065=ORIENTED_EDGE('',*,*,#3830,.F.);
#5066=ORIENTED_EDGE('',*,*,#3831,.T.);
#5067=ORIENTED_EDGE('',*,*,#3817,.F.);
#5068=ORIENTED_EDGE('',*,*,#3828,.F.);
#5069=ORIENTED_EDGE('',*,*,#3832,.F.);
#5070=ORIENTED_EDGE('',*,*,#3822,.T.);
#5071=ORIENTED_EDGE('',*,*,#3815,.F.);
#5072=ORIENTED_EDGE('',*,*,#3833,.F.);
#5073=ORIENTED_EDGE('',*,*,#3834,.F.);
#5074=ORIENTED_EDGE('',*,*,#3833,.T.);
#5075=ORIENTED_EDGE('',*,*,#3814,.F.);
#5076=ORIENTED_EDGE('',*,*,#3835,.F.);
#5077=ORIENTED_EDGE('',*,*,#3836,.F.);
#5078=ORIENTED_EDGE('',*,*,#3835,.T.);
#5079=ORIENTED_EDGE('',*,*,#3813,.F.);
#5080=ORIENTED_EDGE('',*,*,#3837,.F.);
#5081=ORIENTED_EDGE('',*,*,#3838,.F.);
#5082=ORIENTED_EDGE('',*,*,#3837,.T.);
#5083=ORIENTED_EDGE('',*,*,#3812,.F.);
#5084=ORIENTED_EDGE('',*,*,#3826,.F.);
#5085=ORIENTED_EDGE('',*,*,#3839,.F.);
#5086=ORIENTED_EDGE('',*,*,#3829,.T.);
#5087=ORIENTED_EDGE('',*,*,#3819,.F.);
#5088=ORIENTED_EDGE('',*,*,#3840,.F.);
#5089=ORIENTED_EDGE('',*,*,#3841,.F.);
#5090=ORIENTED_EDGE('',*,*,#3840,.T.);
#5091=ORIENTED_EDGE('',*,*,#3818,.F.);
#5092=ORIENTED_EDGE('',*,*,#3831,.F.);
#5093=ORIENTED_EDGE('',*,*,#3832,.T.);
#5094=ORIENTED_EDGE('',*,*,#3834,.T.);
#5095=ORIENTED_EDGE('',*,*,#3836,.T.);
#5096=ORIENTED_EDGE('',*,*,#3838,.T.);
#5097=ORIENTED_EDGE('',*,*,#3825,.T.);
#5098=ORIENTED_EDGE('',*,*,#3823,.T.);
#5099=ORIENTED_EDGE('',*,*,#3820,.T.);
#5100=ORIENTED_EDGE('',*,*,#3839,.T.);
#5101=ORIENTED_EDGE('',*,*,#3841,.T.);
#5102=ORIENTED_EDGE('',*,*,#3830,.T.);
#5103=ORIENTED_EDGE('',*,*,#3827,.T.);
#5104=ORIENTED_EDGE('',*,*,#3842,.F.);
#5105=ORIENTED_EDGE('',*,*,#3843,.F.);
#5106=ORIENTED_EDGE('',*,*,#3844,.F.);
#5107=ORIENTED_EDGE('',*,*,#3845,.F.);
#5108=ORIENTED_EDGE('',*,*,#3846,.F.);
#5109=ORIENTED_EDGE('',*,*,#3847,.F.);
#5110=ORIENTED_EDGE('',*,*,#3848,.F.);
#5111=ORIENTED_EDGE('',*,*,#3849,.F.);
#5112=ORIENTED_EDGE('',*,*,#3850,.F.);
#5113=ORIENTED_EDGE('',*,*,#3851,.F.);
#5114=ORIENTED_EDGE('',*,*,#3852,.F.);
#5115=ORIENTED_EDGE('',*,*,#3853,.F.);
#5116=ORIENTED_EDGE('',*,*,#3854,.T.);
#5117=ORIENTED_EDGE('',*,*,#3842,.T.);
#5118=ORIENTED_EDGE('',*,*,#3855,.F.);
#5119=ORIENTED_EDGE('',*,*,#3856,.F.);
#5120=ORIENTED_EDGE('',*,*,#3855,.T.);
#5121=ORIENTED_EDGE('',*,*,#3848,.T.);
#5122=ORIENTED_EDGE('',*,*,#3857,.F.);
#5123=ORIENTED_EDGE('',*,*,#3858,.F.);
#5124=ORIENTED_EDGE('',*,*,#3857,.T.);
#5125=ORIENTED_EDGE('',*,*,#3847,.T.);
#5126=ORIENTED_EDGE('',*,*,#3859,.F.);
#5127=ORIENTED_EDGE('',*,*,#3860,.F.);
#5128=ORIENTED_EDGE('',*,*,#3861,.T.);
#5129=ORIENTED_EDGE('',*,*,#3849,.T.);
#5130=ORIENTED_EDGE('',*,*,#3862,.F.);
#5131=ORIENTED_EDGE('',*,*,#3863,.F.);
#5132=ORIENTED_EDGE('',*,*,#3862,.T.);
#5133=ORIENTED_EDGE('',*,*,#3852,.T.);
#5134=ORIENTED_EDGE('',*,*,#3864,.F.);
#5135=ORIENTED_EDGE('',*,*,#3865,.F.);
#5136=ORIENTED_EDGE('',*,*,#3866,.T.);
#5137=ORIENTED_EDGE('',*,*,#3843,.T.);
#5138=ORIENTED_EDGE('',*,*,#3854,.F.);
#5139=ORIENTED_EDGE('',*,*,#3867,.F.);
#5140=ORIENTED_EDGE('',*,*,#3868,.T.);
#5141=ORIENTED_EDGE('',*,*,#3844,.T.);
#5142=ORIENTED_EDGE('',*,*,#3866,.F.);
#5143=ORIENTED_EDGE('',*,*,#3869,.F.);
#5144=ORIENTED_EDGE('',*,*,#3870,.T.);
#5145=ORIENTED_EDGE('',*,*,#3845,.T.);
#5146=ORIENTED_EDGE('',*,*,#3868,.F.);
#5147=ORIENTED_EDGE('',*,*,#3871,.F.);
#5148=ORIENTED_EDGE('',*,*,#3859,.T.);
#5149=ORIENTED_EDGE('',*,*,#3846,.T.);
#5150=ORIENTED_EDGE('',*,*,#3870,.F.);
#5151=ORIENTED_EDGE('',*,*,#3872,.F.);
#5152=ORIENTED_EDGE('',*,*,#3873,.T.);
#5153=ORIENTED_EDGE('',*,*,#3850,.T.);
#5154=ORIENTED_EDGE('',*,*,#3861,.F.);
#5155=ORIENTED_EDGE('',*,*,#3874,.F.);
#5156=ORIENTED_EDGE('',*,*,#3864,.T.);
#5157=ORIENTED_EDGE('',*,*,#3851,.T.);
#5158=ORIENTED_EDGE('',*,*,#3873,.F.);
#5159=ORIENTED_EDGE('',*,*,#3860,.T.);
#5160=ORIENTED_EDGE('',*,*,#3863,.T.);
#5161=ORIENTED_EDGE('',*,*,#3874,.T.);
#5162=ORIENTED_EDGE('',*,*,#3872,.T.);
#5163=ORIENTED_EDGE('',*,*,#3875,.F.);
#5164=ORIENTED_EDGE('',*,*,#3876,.T.);
#5165=ORIENTED_EDGE('',*,*,#3877,.T.);
#5166=ORIENTED_EDGE('',*,*,#3878,.F.);
#5167=ORIENTED_EDGE('',*,*,#3879,.F.);
#5168=ORIENTED_EDGE('',*,*,#3878,.T.);
#5169=ORIENTED_EDGE('',*,*,#3880,.T.);
#5170=ORIENTED_EDGE('',*,*,#3881,.F.);
#5171=ORIENTED_EDGE('',*,*,#3882,.F.);
#5172=ORIENTED_EDGE('',*,*,#3883,.T.);
#5173=ORIENTED_EDGE('',*,*,#3884,.T.);
#5174=ORIENTED_EDGE('',*,*,#3885,.F.);
#5175=ORIENTED_EDGE('',*,*,#3886,.F.);
#5176=ORIENTED_EDGE('',*,*,#3885,.T.);
#5177=ORIENTED_EDGE('',*,*,#3887,.T.);
#5178=ORIENTED_EDGE('',*,*,#3888,.F.);
#5179=ORIENTED_EDGE('',*,*,#3889,.F.);
#5180=ORIENTED_EDGE('',*,*,#3888,.T.);
#5181=ORIENTED_EDGE('',*,*,#3890,.T.);
#5182=ORIENTED_EDGE('',*,*,#3891,.F.);
#5183=ORIENTED_EDGE('',*,*,#3892,.F.);
#5184=ORIENTED_EDGE('',*,*,#3893,.T.);
#5185=ORIENTED_EDGE('',*,*,#3894,.T.);
#5186=ORIENTED_EDGE('',*,*,#3876,.F.);
#5187=ORIENTED_EDGE('',*,*,#3895,.F.);
#5188=ORIENTED_EDGE('',*,*,#3881,.T.);
#5189=ORIENTED_EDGE('',*,*,#3896,.T.);
#5190=ORIENTED_EDGE('',*,*,#3893,.F.);
#5191=ORIENTED_EDGE('',*,*,#3897,.F.);
#5192=ORIENTED_EDGE('',*,*,#3898,.T.);
#5193=ORIENTED_EDGE('',*,*,#3899,.T.);
#5194=ORIENTED_EDGE('',*,*,#3883,.F.);
#5195=ORIENTED_EDGE('',*,*,#3900,.F.);
#5196=ORIENTED_EDGE('',*,*,#3891,.T.);
#5197=ORIENTED_EDGE('',*,*,#3901,.T.);
#5198=ORIENTED_EDGE('',*,*,#3898,.F.);
#5199=ORIENTED_EDGE('',*,*,#3901,.F.);
#5200=ORIENTED_EDGE('',*,*,#3890,.F.);
#5201=ORIENTED_EDGE('',*,*,#3887,.F.);
#5202=ORIENTED_EDGE('',*,*,#3884,.F.);
#5203=ORIENTED_EDGE('',*,*,#3899,.F.);
#5204=ORIENTED_EDGE('',*,*,#3896,.F.);
#5205=ORIENTED_EDGE('',*,*,#3880,.F.);
#5206=ORIENTED_EDGE('',*,*,#3877,.F.);
#5207=ORIENTED_EDGE('',*,*,#3894,.F.);
#5208=ORIENTED_EDGE('',*,*,#3875,.T.);
#5209=ORIENTED_EDGE('',*,*,#3879,.T.);
#5210=ORIENTED_EDGE('',*,*,#3895,.T.);
#5211=ORIENTED_EDGE('',*,*,#3892,.T.);
#5212=ORIENTED_EDGE('',*,*,#3902,.F.);
#5213=ORIENTED_EDGE('',*,*,#3903,.F.);
#5214=ORIENTED_EDGE('',*,*,#3904,.F.);
#5215=ORIENTED_EDGE('',*,*,#3905,.F.);
#5216=ORIENTED_EDGE('',*,*,#3906,.F.);
#5217=ORIENTED_EDGE('',*,*,#3907,.T.);
#5218=ORIENTED_EDGE('',*,*,#3902,.T.);
#5219=ORIENTED_EDGE('',*,*,#3908,.F.);
#5220=ORIENTED_EDGE('',*,*,#3909,.F.);
#5221=ORIENTED_EDGE('',*,*,#3908,.T.);
#5222=ORIENTED_EDGE('',*,*,#3905,.T.);
#5223=ORIENTED_EDGE('',*,*,#3910,.F.);
#5224=ORIENTED_EDGE('',*,*,#3911,.F.);
#5225=ORIENTED_EDGE('',*,*,#3912,.T.);
#5226=ORIENTED_EDGE('',*,*,#3903,.T.);
#5227=ORIENTED_EDGE('',*,*,#3907,.F.);
#5228=ORIENTED_EDGE('',*,*,#3913,.F.);
#5229=ORIENTED_EDGE('',*,*,#3910,.T.);
#5230=ORIENTED_EDGE('',*,*,#3904,.T.);
#5231=ORIENTED_EDGE('',*,*,#3912,.F.);
#5232=ORIENTED_EDGE('',*,*,#3914,.F.);
#5233=ORIENTED_EDGE('',*,*,#3915,.F.);
#5234=ORIENTED_EDGE('',*,*,#3916,.F.);
#5235=ORIENTED_EDGE('',*,*,#3917,.F.);
#5236=ORIENTED_EDGE('',*,*,#3918,.F.);
#5237=ORIENTED_EDGE('',*,*,#3919,.F.);
#5238=ORIENTED_EDGE('',*,*,#3920,.F.);
#5239=ORIENTED_EDGE('',*,*,#3921,.T.);
#5240=ORIENTED_EDGE('',*,*,#3914,.T.);
#5241=ORIENTED_EDGE('',*,*,#3922,.F.);
#5242=ORIENTED_EDGE('',*,*,#3923,.F.);
#5243=ORIENTED_EDGE('',*,*,#3922,.T.);
#5244=ORIENTED_EDGE('',*,*,#3919,.T.);
#5245=ORIENTED_EDGE('',*,*,#3924,.F.);
#5246=ORIENTED_EDGE('',*,*,#3925,.F.);
#5247=ORIENTED_EDGE('',*,*,#3924,.T.);
#5248=ORIENTED_EDGE('',*,*,#3918,.T.);
#5249=ORIENTED_EDGE('',*,*,#3926,.F.);
#5250=ORIENTED_EDGE('',*,*,#3927,.F.);
#5251=ORIENTED_EDGE('',*,*,#3928,.T.);
#5252=ORIENTED_EDGE('',*,*,#3915,.T.);
#5253=ORIENTED_EDGE('',*,*,#3921,.F.);
#5254=ORIENTED_EDGE('',*,*,#3929,.F.);
#5255=ORIENTED_EDGE('',*,*,#3930,.T.);
#5256=ORIENTED_EDGE('',*,*,#3916,.T.);
#5257=ORIENTED_EDGE('',*,*,#3928,.F.);
#5258=ORIENTED_EDGE('',*,*,#3931,.F.);
#5259=ORIENTED_EDGE('',*,*,#3926,.T.);
#5260=ORIENTED_EDGE('',*,*,#3917,.T.);
#5261=ORIENTED_EDGE('',*,*,#3930,.F.);
#5262=ORIENTED_EDGE('',*,*,#3932,.F.);
#5263=ORIENTED_EDGE('',*,*,#3933,.T.);
#5264=ORIENTED_EDGE('',*,*,#3934,.T.);
#5265=ORIENTED_EDGE('',*,*,#3935,.F.);
#5266=ORIENTED_EDGE('',*,*,#3936,.F.);
#5267=ORIENTED_EDGE('',*,*,#3935,.T.);
#5268=ORIENTED_EDGE('',*,*,#3937,.T.);
#5269=ORIENTED_EDGE('',*,*,#3938,.F.);
#5270=ORIENTED_EDGE('',*,*,#3939,.F.);
#5271=ORIENTED_EDGE('',*,*,#3940,.T.);
#5272=ORIENTED_EDGE('',*,*,#3941,.T.);
#5273=ORIENTED_EDGE('',*,*,#3933,.F.);
#5274=ORIENTED_EDGE('',*,*,#3942,.F.);
#5275=ORIENTED_EDGE('',*,*,#3938,.T.);
#5276=ORIENTED_EDGE('',*,*,#3943,.T.);
#5277=ORIENTED_EDGE('',*,*,#3940,.F.);
#5278=ORIENTED_EDGE('',*,*,#3943,.F.);
#5279=ORIENTED_EDGE('',*,*,#3937,.F.);
#5280=ORIENTED_EDGE('',*,*,#3934,.F.);
#5281=ORIENTED_EDGE('',*,*,#3941,.F.);
#5282=ORIENTED_EDGE('',*,*,#3944,.F.);
#5283=ORIENTED_EDGE('',*,*,#3945,.F.);
#5284=ORIENTED_EDGE('',*,*,#3946,.F.);
#5285=ORIENTED_EDGE('',*,*,#3947,.F.);
#5286=ORIENTED_EDGE('',*,*,#3948,.F.);
#5287=ORIENTED_EDGE('',*,*,#3949,.F.);
#5288=ORIENTED_EDGE('',*,*,#3950,.F.);
#5289=ORIENTED_EDGE('',*,*,#3951,.T.);
#5290=ORIENTED_EDGE('',*,*,#3944,.T.);
#5291=ORIENTED_EDGE('',*,*,#3952,.F.);
#5292=ORIENTED_EDGE('',*,*,#3953,.F.);
#5293=ORIENTED_EDGE('',*,*,#3952,.T.);
#5294=ORIENTED_EDGE('',*,*,#3949,.T.);
#5295=ORIENTED_EDGE('',*,*,#3954,.F.);
#5296=ORIENTED_EDGE('',*,*,#3955,.F.);
#5297=ORIENTED_EDGE('',*,*,#3954,.T.);
#5298=ORIENTED_EDGE('',*,*,#3948,.T.);
#5299=ORIENTED_EDGE('',*,*,#3956,.F.);
#5300=ORIENTED_EDGE('',*,*,#3957,.F.);
#5301=ORIENTED_EDGE('',*,*,#3958,.T.);
#5302=ORIENTED_EDGE('',*,*,#3945,.T.);
#5303=ORIENTED_EDGE('',*,*,#3951,.F.);
#5304=ORIENTED_EDGE('',*,*,#3959,.F.);
#5305=ORIENTED_EDGE('',*,*,#3960,.T.);
#5306=ORIENTED_EDGE('',*,*,#3946,.T.);
#5307=ORIENTED_EDGE('',*,*,#3958,.F.);
#5308=ORIENTED_EDGE('',*,*,#3961,.F.);
#5309=ORIENTED_EDGE('',*,*,#3956,.T.);
#5310=ORIENTED_EDGE('',*,*,#3947,.T.);
#5311=ORIENTED_EDGE('',*,*,#3960,.F.);
#5312=ORIENTED_EDGE('',*,*,#3962,.F.);
#5313=ORIENTED_EDGE('',*,*,#3963,.T.);
#5314=ORIENTED_EDGE('',*,*,#3964,.T.);
#5315=ORIENTED_EDGE('',*,*,#3965,.F.);
#5316=ORIENTED_EDGE('',*,*,#3966,.F.);
#5317=ORIENTED_EDGE('',*,*,#3965,.T.);
#5318=ORIENTED_EDGE('',*,*,#3967,.T.);
#5319=ORIENTED_EDGE('',*,*,#3968,.F.);
#5320=ORIENTED_EDGE('',*,*,#3969,.F.);
#5321=ORIENTED_EDGE('',*,*,#3968,.T.);
#5322=ORIENTED_EDGE('',*,*,#3970,.T.);
#5323=ORIENTED_EDGE('',*,*,#3963,.F.);
#5324=ORIENTED_EDGE('',*,*,#3970,.F.);
#5325=ORIENTED_EDGE('',*,*,#3967,.F.);
#5326=ORIENTED_EDGE('',*,*,#3964,.F.);
#5327=ORIENTED_EDGE('',*,*,#3971,.F.);
#5328=ORIENTED_EDGE('',*,*,#3972,.F.);
#5329=ORIENTED_EDGE('',*,*,#3973,.F.);
#5330=ORIENTED_EDGE('',*,*,#3974,.F.);
#5331=ORIENTED_EDGE('',*,*,#3975,.T.);
#5332=ORIENTED_EDGE('',*,*,#3971,.T.);
#5333=ORIENTED_EDGE('',*,*,#3976,.F.);
#5334=ORIENTED_EDGE('',*,*,#3977,.F.);
#5335=ORIENTED_EDGE('',*,*,#3978,.T.);
#5336=ORIENTED_EDGE('',*,*,#3972,.T.);
#5337=ORIENTED_EDGE('',*,*,#3975,.F.);
#5338=ORIENTED_EDGE('',*,*,#3979,.F.);
#5339=ORIENTED_EDGE('',*,*,#3976,.T.);
#5340=ORIENTED_EDGE('',*,*,#3973,.T.);
#5341=ORIENTED_EDGE('',*,*,#3978,.F.);
#5342=ORIENTED_EDGE('',*,*,#3980,.F.);
#5343=ORIENTED_EDGE('',*,*,#3981,.T.);
#5344=ORIENTED_EDGE('',*,*,#3982,.T.);
#5345=ORIENTED_EDGE('',*,*,#3983,.F.);
#5346=ORIENTED_EDGE('',*,*,#3984,.F.);
#5347=ORIENTED_EDGE('',*,*,#3983,.T.);
#5348=ORIENTED_EDGE('',*,*,#3985,.T.);
#5349=ORIENTED_EDGE('',*,*,#3986,.F.);
#5350=ORIENTED_EDGE('',*,*,#3987,.F.);
#5351=ORIENTED_EDGE('',*,*,#3986,.T.);
#5352=ORIENTED_EDGE('',*,*,#3988,.T.);
#5353=ORIENTED_EDGE('',*,*,#3989,.F.);
#5354=ORIENTED_EDGE('',*,*,#3990,.F.);
#5355=ORIENTED_EDGE('',*,*,#3991,.T.);
#5356=ORIENTED_EDGE('',*,*,#3992,.T.);
#5357=ORIENTED_EDGE('',*,*,#3981,.F.);
#5358=ORIENTED_EDGE('',*,*,#3993,.F.);
#5359=ORIENTED_EDGE('',*,*,#3994,.T.);
#5360=ORIENTED_EDGE('',*,*,#3995,.T.);
#5361=ORIENTED_EDGE('',*,*,#3991,.F.);
#5362=ORIENTED_EDGE('',*,*,#3996,.F.);
#5363=ORIENTED_EDGE('',*,*,#3989,.T.);
#5364=ORIENTED_EDGE('',*,*,#3997,.T.);
#5365=ORIENTED_EDGE('',*,*,#3994,.F.);
#5366=ORIENTED_EDGE('',*,*,#3997,.F.);
#5367=ORIENTED_EDGE('',*,*,#3988,.F.);
#5368=ORIENTED_EDGE('',*,*,#3985,.F.);
#5369=ORIENTED_EDGE('',*,*,#3982,.F.);
#5370=ORIENTED_EDGE('',*,*,#3992,.F.);
#5371=ORIENTED_EDGE('',*,*,#3995,.F.);
#5372=ORIENTED_EDGE('',*,*,#3998,.T.);
#5373=ORIENTED_EDGE('',*,*,#3999,.T.);
#5374=ORIENTED_EDGE('',*,*,#4000,.T.);
#5375=ORIENTED_EDGE('',*,*,#4001,.T.);
#5376=ORIENTED_EDGE('',*,*,#3999,.F.);
#5377=ORIENTED_EDGE('',*,*,#4002,.T.);
#5378=ORIENTED_EDGE('',*,*,#4003,.F.);
#5379=ORIENTED_EDGE('',*,*,#4004,.F.);
#5380=ORIENTED_EDGE('',*,*,#4005,.T.);
#5381=ORIENTED_EDGE('',*,*,#4006,.T.);
#5382=ORIENTED_EDGE('',*,*,#4007,.T.);
#5383=ORIENTED_EDGE('',*,*,#4008,.T.);
#5384=ORIENTED_EDGE('',*,*,#4006,.F.);
#5385=ORIENTED_EDGE('',*,*,#4009,.F.);
#5386=ORIENTED_EDGE('',*,*,#4010,.T.);
#5387=ORIENTED_EDGE('',*,*,#4011,.T.);
#5388=ORIENTED_EDGE('',*,*,#4012,.T.);
#5389=ORIENTED_EDGE('',*,*,#4013,.T.);
#5390=ORIENTED_EDGE('',*,*,#4014,.T.);
#5391=ORIENTED_EDGE('',*,*,#4015,.T.);
#5392=ORIENTED_EDGE('',*,*,#4012,.F.);
#5393=ORIENTED_EDGE('',*,*,#4016,.F.);
#5394=ORIENTED_EDGE('',*,*,#4017,.T.);
#5395=ORIENTED_EDGE('',*,*,#4018,.T.);
#5396=ORIENTED_EDGE('',*,*,#4000,.F.);
#5397=ORIENTED_EDGE('',*,*,#4004,.T.);
#5398=ORIENTED_EDGE('',*,*,#4019,.F.);
#5399=ORIENTED_EDGE('',*,*,#4020,.F.);
#5400=ORIENTED_EDGE('',*,*,#4021,.T.);
#5401=ORIENTED_EDGE('',*,*,#4015,.F.);
#5402=ORIENTED_EDGE('',*,*,#4022,.F.);
#5403=ORIENTED_EDGE('',*,*,#4023,.T.);
#5404=ORIENTED_EDGE('',*,*,#4016,.T.);
#5405=ORIENTED_EDGE('',*,*,#4024,.T.);
#5406=ORIENTED_EDGE('',*,*,#4025,.T.);
#5407=ORIENTED_EDGE('',*,*,#4026,.T.);
#5408=ORIENTED_EDGE('',*,*,#4027,.T.);
#5409=ORIENTED_EDGE('',*,*,#4024,.F.);
#5410=ORIENTED_EDGE('',*,*,#4028,.F.);
#5411=ORIENTED_EDGE('',*,*,#4029,.T.);
#5412=ORIENTED_EDGE('',*,*,#4009,.T.);
#5413=ORIENTED_EDGE('',*,*,#4005,.F.);
#5414=ORIENTED_EDGE('',*,*,#4030,.T.);
#5415=ORIENTED_EDGE('',*,*,#4031,.F.);
#5416=ORIENTED_EDGE('',*,*,#4032,.F.);
#5417=ORIENTED_EDGE('',*,*,#4033,.T.);
#5418=ORIENTED_EDGE('',*,*,#4027,.F.);
#5419=ORIENTED_EDGE('',*,*,#4034,.F.);
#5420=ORIENTED_EDGE('',*,*,#4035,.F.);
#5421=ORIENTED_EDGE('',*,*,#4028,.T.);
#5422=ORIENTED_EDGE('',*,*,#4036,.T.);
#5423=ORIENTED_EDGE('',*,*,#4037,.T.);
#5424=ORIENTED_EDGE('',*,*,#4032,.T.);
#5425=ORIENTED_EDGE('',*,*,#4038,.T.);
#5426=ORIENTED_EDGE('',*,*,#4025,.F.);
#5427=ORIENTED_EDGE('',*,*,#4033,.F.);
#5428=ORIENTED_EDGE('',*,*,#4037,.F.);
#5429=ORIENTED_EDGE('',*,*,#4039,.F.);
#5430=ORIENTED_EDGE('',*,*,#4040,.T.);
#5431=ORIENTED_EDGE('',*,*,#4041,.T.);
#5432=ORIENTED_EDGE('',*,*,#4020,.T.);
#5433=ORIENTED_EDGE('',*,*,#4042,.T.);
#5434=ORIENTED_EDGE('',*,*,#4013,.F.);
#5435=ORIENTED_EDGE('',*,*,#4021,.F.);
#5436=ORIENTED_EDGE('',*,*,#4041,.F.);
#5437=ORIENTED_EDGE('',*,*,#4043,.F.);
#5438=ORIENTED_EDGE('',*,*,#4008,.F.);
#5439=ORIENTED_EDGE('',*,*,#4044,.T.);
#5440=ORIENTED_EDGE('',*,*,#4045,.F.);
#5441=ORIENTED_EDGE('',*,*,#4030,.F.);
#5442=ORIENTED_EDGE('',*,*,#4001,.F.);
#5443=ORIENTED_EDGE('',*,*,#4018,.F.);
#5444=ORIENTED_EDGE('',*,*,#4046,.F.);
#5445=ORIENTED_EDGE('',*,*,#4047,.T.);
#5446=ORIENTED_EDGE('',*,*,#4048,.F.);
#5447=ORIENTED_EDGE('',*,*,#4046,.T.);
#5448=ORIENTED_EDGE('',*,*,#4017,.F.);
#5449=ORIENTED_EDGE('',*,*,#4023,.F.);
#5450=ORIENTED_EDGE('',*,*,#4014,.F.);
#5451=ORIENTED_EDGE('',*,*,#4043,.T.);
#5452=ORIENTED_EDGE('',*,*,#4040,.F.);
#5453=ORIENTED_EDGE('',*,*,#4049,.F.);
#5454=ORIENTED_EDGE('',*,*,#4002,.F.);
#5455=ORIENTED_EDGE('',*,*,#3998,.F.);
#5456=ORIENTED_EDGE('',*,*,#4047,.F.);
#5457=ORIENTED_EDGE('',*,*,#4048,.T.);
#5458=ORIENTED_EDGE('',*,*,#4022,.T.);
#5459=ORIENTED_EDGE('',*,*,#4050,.F.);
#5460=ORIENTED_EDGE('',*,*,#4051,.F.);
#5461=ORIENTED_EDGE('',*,*,#4052,.F.);
#5462=ORIENTED_EDGE('',*,*,#4053,.F.);
#5463=ORIENTED_EDGE('',*,*,#4054,.F.);
#5464=ORIENTED_EDGE('',*,*,#4055,.F.);
#5465=ORIENTED_EDGE('',*,*,#4056,.F.);
#5466=ORIENTED_EDGE('',*,*,#4057,.F.);
#5467=ORIENTED_EDGE('',*,*,#4055,.T.);
#5468=ORIENTED_EDGE('',*,*,#4058,.F.);
#5469=ORIENTED_EDGE('',*,*,#4059,.F.);
#5470=ORIENTED_EDGE('',*,*,#4060,.F.);
#5471=ORIENTED_EDGE('',*,*,#4061,.T.);
#5472=ORIENTED_EDGE('',*,*,#4062,.F.);
#5473=ORIENTED_EDGE('',*,*,#4063,.F.);
#5474=ORIENTED_EDGE('',*,*,#4064,.T.);
#5475=ORIENTED_EDGE('',*,*,#4065,.F.);
#5476=ORIENTED_EDGE('',*,*,#4066,.F.);
#5477=ORIENTED_EDGE('',*,*,#4067,.F.);
#5478=ORIENTED_EDGE('',*,*,#4068,.F.);
#5479=ORIENTED_EDGE('',*,*,#4069,.T.);
#5480=ORIENTED_EDGE('',*,*,#4054,.T.);
#5481=ORIENTED_EDGE('',*,*,#4070,.F.);
#5482=ORIENTED_EDGE('',*,*,#4071,.F.);
#5483=ORIENTED_EDGE('',*,*,#4058,.T.);
#5484=ORIENTED_EDGE('',*,*,#4072,.F.);
#5485=ORIENTED_EDGE('',*,*,#4073,.F.);
#5486=ORIENTED_EDGE('',*,*,#4053,.T.);
#5487=ORIENTED_EDGE('',*,*,#4074,.F.);
#5488=ORIENTED_EDGE('',*,*,#4075,.F.);
#5489=ORIENTED_EDGE('',*,*,#4076,.F.);
#5490=ORIENTED_EDGE('',*,*,#4051,.T.);
#5491=ORIENTED_EDGE('',*,*,#4077,.F.);
#5492=ORIENTED_EDGE('',*,*,#4078,.F.);
#5493=ORIENTED_EDGE('',*,*,#4074,.T.);
#5494=ORIENTED_EDGE('',*,*,#4052,.T.);
#5495=ORIENTED_EDGE('',*,*,#4076,.T.);
#5496=ORIENTED_EDGE('',*,*,#4079,.F.);
#5497=ORIENTED_EDGE('',*,*,#4077,.T.);
#5498=ORIENTED_EDGE('',*,*,#4050,.T.);
#5499=ORIENTED_EDGE('',*,*,#4073,.T.);
#5500=ORIENTED_EDGE('',*,*,#4080,.T.);
#5501=ORIENTED_EDGE('',*,*,#4081,.T.);
#5502=ORIENTED_EDGE('',*,*,#4082,.T.);
#5503=ORIENTED_EDGE('',*,*,#4083,.T.);
#5504=ORIENTED_EDGE('',*,*,#4084,.T.);
#5505=ORIENTED_EDGE('',*,*,#4085,.T.);
#5506=ORIENTED_EDGE('',*,*,#4081,.F.);
#5507=ORIENTED_EDGE('',*,*,#4086,.T.);
#5508=ORIENTED_EDGE('',*,*,#4087,.T.);
#5509=ORIENTED_EDGE('',*,*,#4088,.T.);
#5510=ORIENTED_EDGE('',*,*,#4089,.T.);
#5511=ORIENTED_EDGE('',*,*,#4090,.T.);
#5512=ORIENTED_EDGE('',*,*,#4091,.T.);
#5513=ORIENTED_EDGE('',*,*,#4087,.F.);
#5514=ORIENTED_EDGE('',*,*,#4092,.T.);
#5515=ORIENTED_EDGE('',*,*,#4093,.T.);
#5516=ORIENTED_EDGE('',*,*,#4090,.F.);
#5517=ORIENTED_EDGE('',*,*,#4094,.T.);
#5518=ORIENTED_EDGE('',*,*,#4095,.T.);
#5519=ORIENTED_EDGE('',*,*,#4096,.T.);
#5520=ORIENTED_EDGE('',*,*,#4097,.T.);
#5521=ORIENTED_EDGE('',*,*,#4092,.F.);
#5522=ORIENTED_EDGE('',*,*,#4098,.T.);
#5523=ORIENTED_EDGE('',*,*,#4099,.T.);
#5524=ORIENTED_EDGE('',*,*,#4100,.T.);
#5525=ORIENTED_EDGE('',*,*,#4096,.F.);
#5526=ORIENTED_EDGE('',*,*,#4101,.T.);
#5527=ORIENTED_EDGE('',*,*,#4102,.T.);
#5528=ORIENTED_EDGE('',*,*,#4103,.T.);
#5529=ORIENTED_EDGE('',*,*,#4099,.F.);
#5530=ORIENTED_EDGE('',*,*,#4104,.T.);
#5531=ORIENTED_EDGE('',*,*,#4105,.T.);
#5532=ORIENTED_EDGE('',*,*,#4102,.F.);
#5533=ORIENTED_EDGE('',*,*,#4106,.T.);
#5534=ORIENTED_EDGE('',*,*,#4084,.F.);
#5535=ORIENTED_EDGE('',*,*,#4097,.F.);
#5536=ORIENTED_EDGE('',*,*,#4107,.T.);
#5537=ORIENTED_EDGE('',*,*,#4108,.T.);
#5538=ORIENTED_EDGE('',*,*,#4109,.T.);
#5539=ORIENTED_EDGE('',*,*,#4110,.T.);
#5540=ORIENTED_EDGE('',*,*,#4100,.F.);
#5541=ORIENTED_EDGE('',*,*,#4111,.T.);
#5542=ORIENTED_EDGE('',*,*,#4112,.T.);
#5543=ORIENTED_EDGE('',*,*,#4107,.F.);
#5544=ORIENTED_EDGE('',*,*,#4103,.F.);
#5545=ORIENTED_EDGE('',*,*,#4113,.F.);
#5546=ORIENTED_EDGE('',*,*,#4114,.F.);
#5547=ORIENTED_EDGE('',*,*,#4115,.T.);
#5548=ORIENTED_EDGE('',*,*,#4111,.F.);
#5549=ORIENTED_EDGE('',*,*,#4105,.F.);
#5550=ORIENTED_EDGE('',*,*,#4083,.F.);
#5551=ORIENTED_EDGE('',*,*,#4116,.F.);
#5552=ORIENTED_EDGE('',*,*,#4113,.T.);
#5553=ORIENTED_EDGE('',*,*,#4080,.F.);
#5554=ORIENTED_EDGE('',*,*,#4106,.F.);
#5555=ORIENTED_EDGE('',*,*,#4104,.F.);
#5556=ORIENTED_EDGE('',*,*,#4101,.F.);
#5557=ORIENTED_EDGE('',*,*,#4098,.F.);
#5558=ORIENTED_EDGE('',*,*,#4095,.F.);
#5559=ORIENTED_EDGE('',*,*,#4117,.T.);
#5560=ORIENTED_EDGE('',*,*,#4118,.T.);
#5561=ORIENTED_EDGE('',*,*,#4117,.F.);
#5562=ORIENTED_EDGE('',*,*,#4094,.F.);
#5563=ORIENTED_EDGE('',*,*,#4089,.F.);
#5564=ORIENTED_EDGE('',*,*,#4086,.F.);
#5565=ORIENTED_EDGE('',*,*,#4119,.T.);
#5566=ORIENTED_EDGE('',*,*,#4120,.T.);
#5567=ORIENTED_EDGE('',*,*,#4121,.T.);
#5568=ORIENTED_EDGE('',*,*,#4122,.F.);
#5569=ORIENTED_EDGE('',*,*,#4123,.T.);
#5570=ORIENTED_EDGE('',*,*,#4124,.T.);
#5571=ORIENTED_EDGE('',*,*,#4120,.F.);
#5572=ORIENTED_EDGE('',*,*,#4125,.T.);
#5573=ORIENTED_EDGE('',*,*,#4126,.T.);
#5574=ORIENTED_EDGE('',*,*,#4127,.T.);
#5575=ORIENTED_EDGE('',*,*,#4123,.F.);
#5576=ORIENTED_EDGE('',*,*,#4128,.T.);
#5577=ORIENTED_EDGE('',*,*,#4129,.T.);
#5578=ORIENTED_EDGE('',*,*,#4130,.T.);
#5579=ORIENTED_EDGE('',*,*,#4126,.F.);
#5580=ORIENTED_EDGE('',*,*,#4131,.T.);
#5581=ORIENTED_EDGE('',*,*,#4132,.T.);
#5582=ORIENTED_EDGE('',*,*,#4133,.T.);
#5583=ORIENTED_EDGE('',*,*,#4129,.F.);
#5584=ORIENTED_EDGE('',*,*,#4134,.T.);
#5585=ORIENTED_EDGE('',*,*,#4135,.T.);
#5586=ORIENTED_EDGE('',*,*,#4132,.F.);
#5587=ORIENTED_EDGE('',*,*,#4136,.T.);
#5588=ORIENTED_EDGE('',*,*,#4137,.T.);
#5589=ORIENTED_EDGE('',*,*,#4138,.T.);
#5590=ORIENTED_EDGE('',*,*,#4139,.T.);
#5591=ORIENTED_EDGE('',*,*,#4140,.T.);
#5592=ORIENTED_EDGE('',*,*,#4141,.T.);
#5593=ORIENTED_EDGE('',*,*,#4142,.T.);
#5594=ORIENTED_EDGE('',*,*,#4137,.F.);
#5595=ORIENTED_EDGE('',*,*,#4143,.T.);
#5596=ORIENTED_EDGE('',*,*,#4140,.F.);
#5597=ORIENTED_EDGE('',*,*,#4144,.T.);
#5598=ORIENTED_EDGE('',*,*,#4122,.T.);
#5599=ORIENTED_EDGE('',*,*,#4145,.T.);
#5600=ORIENTED_EDGE('',*,*,#4130,.F.);
#5601=ORIENTED_EDGE('',*,*,#4146,.T.);
#5602=ORIENTED_EDGE('',*,*,#4147,.T.);
#5603=ORIENTED_EDGE('',*,*,#4148,.T.);
#5604=ORIENTED_EDGE('',*,*,#4149,.T.);
#5605=ORIENTED_EDGE('',*,*,#4133,.F.);
#5606=ORIENTED_EDGE('',*,*,#4150,.T.);
#5607=ORIENTED_EDGE('',*,*,#4151,.F.);
#5608=ORIENTED_EDGE('',*,*,#4152,.F.);
#5609=ORIENTED_EDGE('',*,*,#4153,.F.);
#5610=ORIENTED_EDGE('',*,*,#4146,.F.);
#5611=ORIENTED_EDGE('',*,*,#4135,.F.);
#5612=ORIENTED_EDGE('',*,*,#4142,.F.);
#5613=ORIENTED_EDGE('',*,*,#4154,.T.);
#5614=ORIENTED_EDGE('',*,*,#4155,.F.);
#5615=ORIENTED_EDGE('',*,*,#4156,.F.);
#5616=ORIENTED_EDGE('',*,*,#4150,.F.);
#5617=ORIENTED_EDGE('',*,*,#4085,.F.);
#5618=ORIENTED_EDGE('',*,*,#4157,.T.);
#5619=ORIENTED_EDGE('',*,*,#4158,.F.);
#5620=ORIENTED_EDGE('',*,*,#4159,.F.);
#5621=ORIENTED_EDGE('',*,*,#4160,.F.);
#5622=ORIENTED_EDGE('',*,*,#4154,.F.);
#5623=ORIENTED_EDGE('',*,*,#4141,.F.);
#5624=ORIENTED_EDGE('',*,*,#4161,.F.);
#5625=ORIENTED_EDGE('',*,*,#3882,.T.);
#5626=ORIENTED_EDGE('',*,*,#3886,.T.);
#5627=ORIENTED_EDGE('',*,*,#3889,.T.);
#5628=ORIENTED_EDGE('',*,*,#3900,.T.);
#5629=ORIENTED_EDGE('',*,*,#3897,.T.);
#5630=ORIENTED_EDGE('',*,*,#3920,.T.);
#5631=ORIENTED_EDGE('',*,*,#3923,.T.);
#5632=ORIENTED_EDGE('',*,*,#3925,.T.);
#5633=ORIENTED_EDGE('',*,*,#3931,.T.);
#5634=ORIENTED_EDGE('',*,*,#3929,.T.);
#5635=ORIENTED_EDGE('',*,*,#3927,.T.);
#5636=ORIENTED_EDGE('',*,*,#3932,.T.);
#5637=ORIENTED_EDGE('',*,*,#3936,.T.);
#5638=ORIENTED_EDGE('',*,*,#3942,.T.);
#5639=ORIENTED_EDGE('',*,*,#3939,.T.);
#5640=ORIENTED_EDGE('',*,*,#3950,.T.);
#5641=ORIENTED_EDGE('',*,*,#3953,.T.);
#5642=ORIENTED_EDGE('',*,*,#3955,.T.);
#5643=ORIENTED_EDGE('',*,*,#3961,.T.);
#5644=ORIENTED_EDGE('',*,*,#3959,.T.);
#5645=ORIENTED_EDGE('',*,*,#3957,.T.);
#5646=ORIENTED_EDGE('',*,*,#3962,.T.);
#5647=ORIENTED_EDGE('',*,*,#3966,.T.);
#5648=ORIENTED_EDGE('',*,*,#3969,.T.);
#5649=ORIENTED_EDGE('',*,*,#3974,.T.);
#5650=ORIENTED_EDGE('',*,*,#3979,.T.);
#5651=ORIENTED_EDGE('',*,*,#3977,.T.);
#5652=ORIENTED_EDGE('',*,*,#3980,.T.);
#5653=ORIENTED_EDGE('',*,*,#3984,.T.);
#5654=ORIENTED_EDGE('',*,*,#3987,.T.);
#5655=ORIENTED_EDGE('',*,*,#3996,.T.);
#5656=ORIENTED_EDGE('',*,*,#3993,.T.);
#5657=ORIENTED_EDGE('',*,*,#3990,.T.);
#5658=ORIENTED_EDGE('',*,*,#4078,.T.);
#5659=ORIENTED_EDGE('',*,*,#4075,.T.);
#5660=ORIENTED_EDGE('',*,*,#4079,.T.);
#5661=ORIENTED_EDGE('',*,*,#4072,.T.);
#5662=ORIENTED_EDGE('',*,*,#4162,.T.);
#5663=ORIENTED_EDGE('',*,*,#4163,.T.);
#5664=ORIENTED_EDGE('',*,*,#4164,.T.);
#5665=ORIENTED_EDGE('',*,*,#4165,.T.);
#5666=ORIENTED_EDGE('',*,*,#3906,.T.);
#5667=ORIENTED_EDGE('',*,*,#3909,.T.);
#5668=ORIENTED_EDGE('',*,*,#3913,.T.);
#5669=ORIENTED_EDGE('',*,*,#3911,.T.);
#5670=ORIENTED_EDGE('',*,*,#3853,.T.);
#5671=ORIENTED_EDGE('',*,*,#3856,.T.);
#5672=ORIENTED_EDGE('',*,*,#3858,.T.);
#5673=ORIENTED_EDGE('',*,*,#3871,.T.);
#5674=ORIENTED_EDGE('',*,*,#3869,.T.);
#5675=ORIENTED_EDGE('',*,*,#3867,.T.);
#5676=ORIENTED_EDGE('',*,*,#3865,.T.);
#5677=ORIENTED_EDGE('',*,*,#4119,.F.);
#5678=ORIENTED_EDGE('',*,*,#4144,.F.);
#5679=ORIENTED_EDGE('',*,*,#4139,.F.);
#5680=ORIENTED_EDGE('',*,*,#4166,.T.);
#5681=ORIENTED_EDGE('',*,*,#4167,.T.);
#5682=ORIENTED_EDGE('',*,*,#4166,.F.);
#5683=ORIENTED_EDGE('',*,*,#4138,.F.);
#5684=ORIENTED_EDGE('',*,*,#4136,.F.);
#5685=ORIENTED_EDGE('',*,*,#4134,.F.);
#5686=ORIENTED_EDGE('',*,*,#4131,.F.);
#5687=ORIENTED_EDGE('',*,*,#4128,.F.);
#5688=ORIENTED_EDGE('',*,*,#4125,.F.);
#5689=ORIENTED_EDGE('',*,*,#4168,.T.);
#5690=ORIENTED_EDGE('',*,*,#4169,.T.);
#5691=ORIENTED_EDGE('',*,*,#4170,.T.);
#5692=ORIENTED_EDGE('',*,*,#4171,.T.);
#5693=ORIENTED_EDGE('',*,*,#4172,.T.);
#5694=ORIENTED_EDGE('',*,*,#4173,.T.);
#5695=ORIENTED_EDGE('',*,*,#4174,.T.);
#5696=ORIENTED_EDGE('',*,*,#4156,.T.);
#5697=ORIENTED_EDGE('',*,*,#4175,.F.);
#5698=ORIENTED_EDGE('',*,*,#4176,.T.);
#5699=ORIENTED_EDGE('',*,*,#4151,.T.);
#5700=ORIENTED_EDGE('',*,*,#4174,.F.);
#5701=ORIENTED_EDGE('',*,*,#4177,.T.);
#5702=ORIENTED_EDGE('',*,*,#4178,.T.);
#5703=ORIENTED_EDGE('',*,*,#4179,.T.);
#5704=ORIENTED_EDGE('',*,*,#4176,.F.);
#5705=ORIENTED_EDGE('',*,*,#4180,.T.);
#5706=ORIENTED_EDGE('',*,*,#4181,.T.);
#5707=ORIENTED_EDGE('',*,*,#4182,.T.);
#5708=ORIENTED_EDGE('',*,*,#4178,.F.);
#5709=ORIENTED_EDGE('',*,*,#4183,.T.);
#5710=ORIENTED_EDGE('',*,*,#4184,.T.);
#5711=ORIENTED_EDGE('',*,*,#4185,.T.);
#5712=ORIENTED_EDGE('',*,*,#4181,.F.);
#5713=ORIENTED_EDGE('',*,*,#4186,.T.);
#5714=ORIENTED_EDGE('',*,*,#4187,.T.);
#5715=ORIENTED_EDGE('',*,*,#4184,.F.);
#5716=ORIENTED_EDGE('',*,*,#4188,.T.);
#5717=ORIENTED_EDGE('',*,*,#4172,.F.);
#5718=ORIENTED_EDGE('',*,*,#4160,.T.);
#5719=ORIENTED_EDGE('',*,*,#4169,.F.);
#5720=ORIENTED_EDGE('',*,*,#4189,.T.);
#5721=ORIENTED_EDGE('',*,*,#4190,.T.);
#5722=ORIENTED_EDGE('',*,*,#4175,.T.);
#5723=ORIENTED_EDGE('',*,*,#4155,.T.);
#5724=ORIENTED_EDGE('',*,*,#4187,.F.);
#5725=ORIENTED_EDGE('',*,*,#4171,.F.);
#5726=ORIENTED_EDGE('',*,*,#4191,.F.);
#5727=ORIENTED_EDGE('',*,*,#4192,.T.);
#5728=ORIENTED_EDGE('',*,*,#4170,.F.);
#5729=ORIENTED_EDGE('',*,*,#4159,.T.);
#5730=ORIENTED_EDGE('',*,*,#4193,.F.);
#5731=ORIENTED_EDGE('',*,*,#4194,.T.);
#5732=ORIENTED_EDGE('',*,*,#4195,.T.);
#5733=ORIENTED_EDGE('',*,*,#4196,.T.);
#5734=ORIENTED_EDGE('',*,*,#4197,.T.);
#5735=ORIENTED_EDGE('',*,*,#4191,.T.);
#5736=ORIENTED_EDGE('',*,*,#4173,.F.);
#5737=ORIENTED_EDGE('',*,*,#4190,.F.);
#5738=ORIENTED_EDGE('',*,*,#4198,.T.);
#5739=ORIENTED_EDGE('',*,*,#4199,.T.);
#5740=ORIENTED_EDGE('',*,*,#4198,.F.);
#5741=ORIENTED_EDGE('',*,*,#4189,.F.);
#5742=ORIENTED_EDGE('',*,*,#4168,.F.);
#5743=ORIENTED_EDGE('',*,*,#4188,.F.);
#5744=ORIENTED_EDGE('',*,*,#4186,.F.);
#5745=ORIENTED_EDGE('',*,*,#4183,.F.);
#5746=ORIENTED_EDGE('',*,*,#4180,.F.);
#5747=ORIENTED_EDGE('',*,*,#4177,.F.);
#5748=ORIENTED_EDGE('',*,*,#4200,.T.);
#5749=ORIENTED_EDGE('',*,*,#4201,.T.);
#5750=ORIENTED_EDGE('',*,*,#4202,.T.);
#5751=ORIENTED_EDGE('',*,*,#4203,.F.);
#5752=ORIENTED_EDGE('',*,*,#4204,.T.);
#5753=ORIENTED_EDGE('',*,*,#4205,.T.);
#5754=ORIENTED_EDGE('',*,*,#4201,.F.);
#5755=ORIENTED_EDGE('',*,*,#4206,.T.);
#5756=ORIENTED_EDGE('',*,*,#4207,.T.);
#5757=ORIENTED_EDGE('',*,*,#4208,.T.);
#5758=ORIENTED_EDGE('',*,*,#4204,.F.);
#5759=ORIENTED_EDGE('',*,*,#4209,.T.);
#5760=ORIENTED_EDGE('',*,*,#4210,.T.);
#5761=ORIENTED_EDGE('',*,*,#4211,.T.);
#5762=ORIENTED_EDGE('',*,*,#4207,.F.);
#5763=ORIENTED_EDGE('',*,*,#4212,.T.);
#5764=ORIENTED_EDGE('',*,*,#4213,.T.);
#5765=ORIENTED_EDGE('',*,*,#4214,.T.);
#5766=ORIENTED_EDGE('',*,*,#4210,.F.);
#5767=ORIENTED_EDGE('',*,*,#4215,.T.);
#5768=ORIENTED_EDGE('',*,*,#4216,.T.);
#5769=ORIENTED_EDGE('',*,*,#4217,.T.);
#5770=ORIENTED_EDGE('',*,*,#4213,.F.);
#5771=ORIENTED_EDGE('',*,*,#4218,.T.);
#5772=ORIENTED_EDGE('',*,*,#4219,.T.);
#5773=ORIENTED_EDGE('',*,*,#4220,.T.);
#5774=ORIENTED_EDGE('',*,*,#4221,.T.);
#5775=ORIENTED_EDGE('',*,*,#4158,.T.);
#5776=ORIENTED_EDGE('',*,*,#4222,.T.);
#5777=ORIENTED_EDGE('',*,*,#4219,.F.);
#5778=ORIENTED_EDGE('',*,*,#4193,.T.);
#5779=ORIENTED_EDGE('',*,*,#4221,.F.);
#5780=ORIENTED_EDGE('',*,*,#4223,.T.);
#5781=ORIENTED_EDGE('',*,*,#4203,.T.);
#5782=ORIENTED_EDGE('',*,*,#4224,.T.);
#5783=ORIENTED_EDGE('',*,*,#4091,.F.);
#5784=ORIENTED_EDGE('',*,*,#4225,.T.);
#5785=ORIENTED_EDGE('',*,*,#4217,.F.);
#5786=ORIENTED_EDGE('',*,*,#4222,.F.);
#5787=ORIENTED_EDGE('',*,*,#4157,.F.);
#5788=ORIENTED_EDGE('',*,*,#4088,.F.);
#5789=ORIENTED_EDGE('',*,*,#4224,.F.);
#5790=ORIENTED_EDGE('',*,*,#4202,.F.);
#5791=ORIENTED_EDGE('',*,*,#4226,.T.);
#5792=ORIENTED_EDGE('',*,*,#4194,.F.);
#5793=ORIENTED_EDGE('',*,*,#4200,.F.);
#5794=ORIENTED_EDGE('',*,*,#4223,.F.);
#5795=ORIENTED_EDGE('',*,*,#4220,.F.);
#5796=ORIENTED_EDGE('',*,*,#4218,.F.);
#5797=ORIENTED_EDGE('',*,*,#4216,.F.);
#5798=ORIENTED_EDGE('',*,*,#4227,.T.);
#5799=ORIENTED_EDGE('',*,*,#4228,.T.);
#5800=ORIENTED_EDGE('',*,*,#4227,.F.);
#5801=ORIENTED_EDGE('',*,*,#4215,.F.);
#5802=ORIENTED_EDGE('',*,*,#4212,.F.);
#5803=ORIENTED_EDGE('',*,*,#4209,.F.);
#5804=ORIENTED_EDGE('',*,*,#4206,.F.);
#5805=ORIENTED_EDGE('',*,*,#4118,.F.);
#5806=ORIENTED_EDGE('',*,*,#4167,.F.);
#5807=ORIENTED_EDGE('',*,*,#4228,.F.);
#5808=ORIENTED_EDGE('',*,*,#4199,.F.);
#5809=ORIENTED_EDGE('',*,*,#4121,.F.);
#5810=ORIENTED_EDGE('',*,*,#4229,.T.);
#5811=ORIENTED_EDGE('',*,*,#4230,.F.);
#5812=ORIENTED_EDGE('',*,*,#4145,.F.);
#5813=ORIENTED_EDGE('',*,*,#4124,.F.);
#5814=ORIENTED_EDGE('',*,*,#4231,.F.);
#5815=ORIENTED_EDGE('',*,*,#4232,.T.);
#5816=ORIENTED_EDGE('',*,*,#4233,.F.);
#5817=ORIENTED_EDGE('',*,*,#4229,.F.);
#5818=ORIENTED_EDGE('',*,*,#4127,.F.);
#5819=ORIENTED_EDGE('',*,*,#4149,.F.);
#5820=ORIENTED_EDGE('',*,*,#4234,.T.);
#5821=ORIENTED_EDGE('',*,*,#4231,.T.);
#5822=ORIENTED_EDGE('',*,*,#4205,.F.);
#5823=ORIENTED_EDGE('',*,*,#4235,.F.);
#5824=ORIENTED_EDGE('',*,*,#4236,.T.);
#5825=ORIENTED_EDGE('',*,*,#4195,.F.);
#5826=ORIENTED_EDGE('',*,*,#4226,.F.);
#5827=ORIENTED_EDGE('',*,*,#4208,.F.);
#5828=ORIENTED_EDGE('',*,*,#4237,.F.);
#5829=ORIENTED_EDGE('',*,*,#4238,.T.);
#5830=ORIENTED_EDGE('',*,*,#4235,.T.);
#5831=ORIENTED_EDGE('',*,*,#4211,.F.);
#5832=ORIENTED_EDGE('',*,*,#4239,.T.);
#5833=ORIENTED_EDGE('',*,*,#4240,.T.);
#5834=ORIENTED_EDGE('',*,*,#4241,.T.);
#5835=ORIENTED_EDGE('',*,*,#4237,.T.);
#5836=ORIENTED_EDGE('',*,*,#4182,.F.);
#5837=ORIENTED_EDGE('',*,*,#4242,.F.);
#5838=ORIENTED_EDGE('',*,*,#4243,.T.);
#5839=ORIENTED_EDGE('',*,*,#4244,.F.);
#5840=ORIENTED_EDGE('',*,*,#4185,.F.);
#5841=ORIENTED_EDGE('',*,*,#4192,.F.);
#5842=ORIENTED_EDGE('',*,*,#4197,.F.);
#5843=ORIENTED_EDGE('',*,*,#4245,.T.);
#5844=ORIENTED_EDGE('',*,*,#4242,.T.);
#5845=ORIENTED_EDGE('',*,*,#4246,.F.);
#5846=ORIENTED_EDGE('',*,*,#4093,.F.);
#5847=ORIENTED_EDGE('',*,*,#4110,.F.);
#5848=ORIENTED_EDGE('',*,*,#4247,.T.);
#5849=ORIENTED_EDGE('',*,*,#4239,.F.);
#5850=ORIENTED_EDGE('',*,*,#4214,.F.);
#5851=ORIENTED_EDGE('',*,*,#4225,.F.);
#5852=ORIENTED_EDGE('',*,*,#4248,.F.);
#5853=ORIENTED_EDGE('',*,*,#4249,.F.);
#5854=ORIENTED_EDGE('',*,*,#4250,.F.);
#5855=ORIENTED_EDGE('',*,*,#4082,.F.);
#5856=ORIENTED_EDGE('',*,*,#4161,.T.);
#5857=ORIENTED_EDGE('',*,*,#4143,.F.);
#5858=ORIENTED_EDGE('',*,*,#4230,.T.);
#5859=ORIENTED_EDGE('',*,*,#4233,.T.);
#5860=ORIENTED_EDGE('',*,*,#4251,.T.);
#5861=ORIENTED_EDGE('',*,*,#4114,.T.);
#5862=ORIENTED_EDGE('',*,*,#4116,.T.);
#5863=ORIENTED_EDGE('',*,*,#4252,.T.);
#5864=ORIENTED_EDGE('',*,*,#4253,.T.);
#5865=ORIENTED_EDGE('',*,*,#4109,.F.);
#5866=ORIENTED_EDGE('',*,*,#4254,.T.);
#5867=ORIENTED_EDGE('',*,*,#4251,.F.);
#5868=ORIENTED_EDGE('',*,*,#4232,.F.);
#5869=ORIENTED_EDGE('',*,*,#4234,.F.);
#5870=ORIENTED_EDGE('',*,*,#4148,.F.);
#5871=ORIENTED_EDGE('',*,*,#4255,.F.);
#5872=ORIENTED_EDGE('',*,*,#4256,.T.);
#5873=ORIENTED_EDGE('',*,*,#4257,.T.);
#5874=ORIENTED_EDGE('',*,*,#4258,.T.);
#5875=ORIENTED_EDGE('',*,*,#4259,.T.);
#5876=ORIENTED_EDGE('',*,*,#4260,.T.);
#5877=ORIENTED_EDGE('',*,*,#4261,.T.);
#5878=ORIENTED_EDGE('',*,*,#4262,.T.);
#5879=ORIENTED_EDGE('',*,*,#4254,.F.);
#5880=ORIENTED_EDGE('',*,*,#4108,.F.);
#5881=ORIENTED_EDGE('',*,*,#4112,.F.);
#5882=ORIENTED_EDGE('',*,*,#4115,.F.);
#5883=ORIENTED_EDGE('',*,*,#4263,.T.);
#5884=ORIENTED_EDGE('',*,*,#4255,.T.);
#5885=ORIENTED_EDGE('',*,*,#4147,.F.);
#5886=ORIENTED_EDGE('',*,*,#4264,.T.);
#5887=ORIENTED_EDGE('',*,*,#4264,.F.);
#5888=ORIENTED_EDGE('',*,*,#4153,.T.);
#5889=ORIENTED_EDGE('',*,*,#4265,.F.);
#5890=ORIENTED_EDGE('',*,*,#4266,.F.);
#5891=ORIENTED_EDGE('',*,*,#4196,.F.);
#5892=ORIENTED_EDGE('',*,*,#4236,.F.);
#5893=ORIENTED_EDGE('',*,*,#4238,.F.);
#5894=ORIENTED_EDGE('',*,*,#4241,.F.);
#5895=ORIENTED_EDGE('',*,*,#4267,.F.);
#5896=ORIENTED_EDGE('',*,*,#4268,.T.);
#5897=ORIENTED_EDGE('',*,*,#4269,.T.);
#5898=ORIENTED_EDGE('',*,*,#4270,.T.);
#5899=ORIENTED_EDGE('',*,*,#4271,.T.);
#5900=ORIENTED_EDGE('',*,*,#4272,.T.);
#5901=ORIENTED_EDGE('',*,*,#4273,.T.);
#5902=ORIENTED_EDGE('',*,*,#4274,.T.);
#5903=ORIENTED_EDGE('',*,*,#4275,.F.);
#5904=ORIENTED_EDGE('',*,*,#4276,.F.);
#5905=ORIENTED_EDGE('',*,*,#4243,.F.);
#5906=ORIENTED_EDGE('',*,*,#4245,.F.);
#5907=ORIENTED_EDGE('',*,*,#4277,.T.);
#5908=ORIENTED_EDGE('',*,*,#4267,.T.);
#5909=ORIENTED_EDGE('',*,*,#4240,.F.);
#5910=ORIENTED_EDGE('',*,*,#4278,.T.);
#5911=ORIENTED_EDGE('',*,*,#4253,.F.);
#5912=ORIENTED_EDGE('',*,*,#4279,.T.);
#5913=ORIENTED_EDGE('',*,*,#4278,.F.);
#5914=ORIENTED_EDGE('',*,*,#4247,.F.);
#5915=ORIENTED_EDGE('',*,*,#4280,.T.);
#5916=ORIENTED_EDGE('',*,*,#4265,.T.);
#5917=ORIENTED_EDGE('',*,*,#4281,.T.);
#5918=ORIENTED_EDGE('',*,*,#4275,.T.);
#5919=ORIENTED_EDGE('',*,*,#4179,.F.);
#5920=ORIENTED_EDGE('',*,*,#4244,.T.);
#5921=ORIENTED_EDGE('',*,*,#4276,.T.);
#5922=ORIENTED_EDGE('',*,*,#4281,.F.);
#5923=ORIENTED_EDGE('',*,*,#4152,.T.);
#5924=ORIENTED_EDGE('',*,*,#4263,.F.);
#5925=ORIENTED_EDGE('',*,*,#4266,.T.);
#5926=ORIENTED_EDGE('',*,*,#4280,.F.);
#5927=ORIENTED_EDGE('',*,*,#4274,.F.);
#5928=ORIENTED_EDGE('',*,*,#4282,.F.);
#5929=ORIENTED_EDGE('',*,*,#4283,.T.);
#5930=ORIENTED_EDGE('',*,*,#4284,.T.);
#5931=ORIENTED_EDGE('',*,*,#4285,.T.);
#5932=ORIENTED_EDGE('',*,*,#4286,.T.);
#5933=ORIENTED_EDGE('',*,*,#4287,.T.);
#5934=ORIENTED_EDGE('',*,*,#4288,.T.);
#5935=ORIENTED_EDGE('',*,*,#4289,.T.);
#5936=ORIENTED_EDGE('',*,*,#4290,.T.);
#5937=ORIENTED_EDGE('',*,*,#4291,.T.);
#5938=ORIENTED_EDGE('',*,*,#4292,.F.);
#5939=ORIENTED_EDGE('',*,*,#4256,.F.);
#5940=ORIENTED_EDGE('',*,*,#4293,.T.);
#5941=ORIENTED_EDGE('',*,*,#4294,.T.);
#5942=ORIENTED_EDGE('',*,*,#4295,.F.);
#5943=ORIENTED_EDGE('',*,*,#4296,.T.);
#5944=ORIENTED_EDGE('',*,*,#4297,.F.);
#5945=ORIENTED_EDGE('',*,*,#4298,.F.);
#5946=ORIENTED_EDGE('',*,*,#4299,.T.);
#5947=ORIENTED_EDGE('',*,*,#4300,.T.);
#5948=ORIENTED_EDGE('',*,*,#4301,.F.);
#5949=ORIENTED_EDGE('',*,*,#4296,.F.);
#5950=ORIENTED_EDGE('',*,*,#4302,.T.);
#5951=ORIENTED_EDGE('',*,*,#4297,.T.);
#5952=ORIENTED_EDGE('',*,*,#4301,.T.);
#5953=ORIENTED_EDGE('',*,*,#4303,.T.);
#5954=ORIENTED_EDGE('',*,*,#4299,.F.);
#5955=ORIENTED_EDGE('',*,*,#4295,.T.);
#5956=ORIENTED_EDGE('',*,*,#4304,.F.);
#5957=ORIENTED_EDGE('',*,*,#4305,.F.);
#5958=ORIENTED_EDGE('',*,*,#4306,.F.);
#5959=ORIENTED_EDGE('',*,*,#4307,.F.);
#5960=ORIENTED_EDGE('',*,*,#4304,.T.);
#5961=ORIENTED_EDGE('',*,*,#4298,.T.);
#5962=ORIENTED_EDGE('',*,*,#4308,.F.);
#5963=ORIENTED_EDGE('',*,*,#4309,.T.);
#5964=ORIENTED_EDGE('',*,*,#4310,.T.);
#5965=ORIENTED_EDGE('',*,*,#4311,.T.);
#5966=ORIENTED_EDGE('',*,*,#4312,.T.);
#5967=ORIENTED_EDGE('',*,*,#4313,.F.);
#5968=ORIENTED_EDGE('',*,*,#4314,.T.);
#5969=ORIENTED_EDGE('',*,*,#4315,.T.);
#5970=ORIENTED_EDGE('',*,*,#4316,.T.);
#5971=ORIENTED_EDGE('',*,*,#4317,.T.);
#5972=ORIENTED_EDGE('',*,*,#4318,.T.);
#5973=ORIENTED_EDGE('',*,*,#4319,.T.);
#5974=ORIENTED_EDGE('',*,*,#4320,.T.);
#5975=ORIENTED_EDGE('',*,*,#4321,.T.);
#5976=ORIENTED_EDGE('',*,*,#4322,.T.);
#5977=ORIENTED_EDGE('',*,*,#4323,.T.);
#5978=ORIENTED_EDGE('',*,*,#4324,.T.);
#5979=ORIENTED_EDGE('',*,*,#4325,.T.);
#5980=ORIENTED_EDGE('',*,*,#4326,.T.);
#5981=ORIENTED_EDGE('',*,*,#4327,.T.);
#5982=ORIENTED_EDGE('',*,*,#4328,.T.);
#5983=ORIENTED_EDGE('',*,*,#4329,.T.);
#5984=ORIENTED_EDGE('',*,*,#4330,.T.);
#5985=ORIENTED_EDGE('',*,*,#4331,.T.);
#5986=ORIENTED_EDGE('',*,*,#4332,.T.);
#5987=ORIENTED_EDGE('',*,*,#4306,.T.);
#5988=ORIENTED_EDGE('',*,*,#4333,.F.);
#5989=ORIENTED_EDGE('',*,*,#4334,.T.);
#5990=ORIENTED_EDGE('',*,*,#4335,.T.);
#5991=ORIENTED_EDGE('',*,*,#4336,.T.);
#5992=ORIENTED_EDGE('',*,*,#4337,.F.);
#5993=ORIENTED_EDGE('',*,*,#4338,.T.);
#5994=ORIENTED_EDGE('',*,*,#4339,.F.);
#5995=ORIENTED_EDGE('',*,*,#4340,.T.);
#5996=ORIENTED_EDGE('',*,*,#4341,.F.);
#5997=ORIENTED_EDGE('',*,*,#4309,.F.);
#5998=ORIENTED_EDGE('',*,*,#4342,.T.);
#5999=ORIENTED_EDGE('',*,*,#4343,.T.);
#6000=ORIENTED_EDGE('',*,*,#4344,.F.);
#6001=ORIENTED_EDGE('',*,*,#4340,.F.);
#6002=ORIENTED_EDGE('',*,*,#4344,.T.);
#6003=ORIENTED_EDGE('',*,*,#4345,.T.);
#6004=ORIENTED_EDGE('',*,*,#4338,.F.);
#6005=ORIENTED_EDGE('',*,*,#4346,.F.);
#6006=ORIENTED_EDGE('',*,*,#4310,.F.);
#6007=ORIENTED_EDGE('',*,*,#4341,.T.);
#6008=ORIENTED_EDGE('',*,*,#4347,.T.);
#6009=ORIENTED_EDGE('',*,*,#4348,.F.);
#6010=ORIENTED_EDGE('',*,*,#4342,.F.);
#6011=ORIENTED_EDGE('',*,*,#4339,.T.);
#6012=ORIENTED_EDGE('',*,*,#4302,.F.);
#6013=ORIENTED_EDGE('',*,*,#4349,.T.);
#6014=ORIENTED_EDGE('',*,*,#4347,.F.);
#6015=ORIENTED_EDGE('',*,*,#4308,.T.);
#6016=ORIENTED_EDGE('',*,*,#4332,.F.);
#6017=ORIENTED_EDGE('',*,*,#4345,.F.);
#6018=ORIENTED_EDGE('',*,*,#4343,.F.);
#6019=ORIENTED_EDGE('',*,*,#4348,.T.);
#6020=ORIENTED_EDGE('',*,*,#4349,.F.);
#6021=ORIENTED_EDGE('',*,*,#4303,.F.);
#6022=ORIENTED_EDGE('',*,*,#4300,.F.);
#6023=ORIENTED_EDGE('',*,*,#4307,.T.);
#6024=ORIENTED_EDGE('',*,*,#4346,.T.);
#6025=ORIENTED_EDGE('',*,*,#4337,.T.);
#6026=ORIENTED_EDGE('',*,*,#4350,.T.);
#6027=ORIENTED_EDGE('',*,*,#4351,.T.);
#6028=ORIENTED_EDGE('',*,*,#4352,.T.);
#6029=ORIENTED_EDGE('',*,*,#4353,.T.);
#6030=ORIENTED_EDGE('',*,*,#4311,.F.);
#6031=ORIENTED_EDGE('',*,*,#4162,.F.);
#6032=ORIENTED_EDGE('',*,*,#4354,.T.);
#6033=ORIENTED_EDGE('',*,*,#4355,.T.);
#6034=ORIENTED_EDGE('',*,*,#4356,.F.);
#6035=ORIENTED_EDGE('',*,*,#4165,.F.);
#6036=ORIENTED_EDGE('',*,*,#4357,.T.);
#6037=ORIENTED_EDGE('',*,*,#4358,.T.);
#6038=ORIENTED_EDGE('',*,*,#4354,.F.);
#6039=ORIENTED_EDGE('',*,*,#4164,.F.);
#6040=ORIENTED_EDGE('',*,*,#4359,.T.);
#6041=ORIENTED_EDGE('',*,*,#4360,.T.);
#6042=ORIENTED_EDGE('',*,*,#4357,.F.);
#6043=ORIENTED_EDGE('',*,*,#4163,.F.);
#6044=ORIENTED_EDGE('',*,*,#4356,.T.);
#6045=ORIENTED_EDGE('',*,*,#4361,.T.);
#6046=ORIENTED_EDGE('',*,*,#4359,.F.);
#6047=ORIENTED_EDGE('',*,*,#4361,.F.);
#6048=ORIENTED_EDGE('',*,*,#4355,.F.);
#6049=ORIENTED_EDGE('',*,*,#4358,.F.);
#6050=ORIENTED_EDGE('',*,*,#4360,.F.);
#6051=ORIENTED_EDGE('',*,*,#4362,.F.);
#6052=ORIENTED_EDGE('',*,*,#4363,.F.);
#6053=ORIENTED_EDGE('',*,*,#4364,.F.);
#6054=ORIENTED_EDGE('',*,*,#4365,.F.);
#6055=ORIENTED_EDGE('',*,*,#4364,.T.);
#6056=ORIENTED_EDGE('',*,*,#4366,.T.);
#6057=ORIENTED_EDGE('',*,*,#4318,.F.);
#6058=ORIENTED_EDGE('',*,*,#4367,.F.);
#6059=ORIENTED_EDGE('',*,*,#4363,.T.);
#6060=ORIENTED_EDGE('',*,*,#4368,.T.);
#6061=ORIENTED_EDGE('',*,*,#4319,.F.);
#6062=ORIENTED_EDGE('',*,*,#4366,.F.);
#6063=ORIENTED_EDGE('',*,*,#4362,.T.);
#6064=ORIENTED_EDGE('',*,*,#4369,.T.);
#6065=ORIENTED_EDGE('',*,*,#4316,.F.);
#6066=ORIENTED_EDGE('',*,*,#4368,.F.);
#6067=ORIENTED_EDGE('',*,*,#4365,.T.);
#6068=ORIENTED_EDGE('',*,*,#4367,.T.);
#6069=ORIENTED_EDGE('',*,*,#4317,.F.);
#6070=ORIENTED_EDGE('',*,*,#4369,.F.);
#6071=ORIENTED_EDGE('',*,*,#4322,.F.);
#6072=ORIENTED_EDGE('',*,*,#4370,.T.);
#6073=ORIENTED_EDGE('',*,*,#4371,.F.);
#6074=ORIENTED_EDGE('',*,*,#4372,.T.);
#6075=ORIENTED_EDGE('',*,*,#4326,.F.);
#6076=ORIENTED_EDGE('',*,*,#4065,.T.);
#6077=ORIENTED_EDGE('',*,*,#4373,.F.);
#6078=ORIENTED_EDGE('',*,*,#4374,.F.);
#6079=ORIENTED_EDGE('',*,*,#4324,.F.);
#6080=ORIENTED_EDGE('',*,*,#4375,.T.);
#6081=ORIENTED_EDGE('',*,*,#4376,.T.);
#6082=ORIENTED_EDGE('',*,*,#4377,.T.);
#6083=ORIENTED_EDGE('',*,*,#4378,.T.);
#6084=ORIENTED_EDGE('',*,*,#4379,.F.);
#6085=ORIENTED_EDGE('',*,*,#4380,.F.);
#6086=ORIENTED_EDGE('',*,*,#4381,.T.);
#6087=ORIENTED_EDGE('',*,*,#4382,.T.);
#6088=ORIENTED_EDGE('',*,*,#4066,.T.);
#6089=ORIENTED_EDGE('',*,*,#4383,.F.);
#6090=ORIENTED_EDGE('',*,*,#4384,.T.);
#6091=ORIENTED_EDGE('',*,*,#4385,.T.);
#6092=ORIENTED_EDGE('',*,*,#4386,.T.);
#6093=ORIENTED_EDGE('',*,*,#4387,.T.);
#6094=ORIENTED_EDGE('',*,*,#4388,.T.);
#6095=ORIENTED_EDGE('',*,*,#4371,.T.);
#6096=ORIENTED_EDGE('',*,*,#4389,.T.);
#6097=ORIENTED_EDGE('',*,*,#4390,.F.);
#6098=ORIENTED_EDGE('',*,*,#4391,.T.);
#6099=ORIENTED_EDGE('',*,*,#4392,.F.);
#6100=ORIENTED_EDGE('',*,*,#4393,.F.);
#6101=ORIENTED_EDGE('',*,*,#4373,.T.);
#6102=ORIENTED_EDGE('',*,*,#4064,.F.);
#6103=ORIENTED_EDGE('',*,*,#4394,.T.);
#6104=ORIENTED_EDGE('',*,*,#4395,.T.);
#6105=ORIENTED_EDGE('',*,*,#4396,.T.);
#6106=ORIENTED_EDGE('',*,*,#4397,.T.);
#6107=ORIENTED_EDGE('',*,*,#4394,.F.);
#6108=ORIENTED_EDGE('',*,*,#4398,.T.);
#6109=ORIENTED_EDGE('',*,*,#4399,.T.);
#6110=ORIENTED_EDGE('',*,*,#4400,.T.);
#6111=ORIENTED_EDGE('',*,*,#4401,.F.);
#6112=ORIENTED_EDGE('',*,*,#4402,.F.);
#6113=ORIENTED_EDGE('',*,*,#4403,.T.);
#6114=ORIENTED_EDGE('',*,*,#4404,.T.);
#6115=ORIENTED_EDGE('',*,*,#4397,.F.);
#6116=ORIENTED_EDGE('',*,*,#4405,.T.);
#6117=ORIENTED_EDGE('',*,*,#4406,.T.);
#6118=ORIENTED_EDGE('',*,*,#4398,.F.);
#6119=ORIENTED_EDGE('',*,*,#4407,.T.);
#6120=ORIENTED_EDGE('',*,*,#4408,.T.);
#6121=ORIENTED_EDGE('',*,*,#4409,.T.);
#6122=ORIENTED_EDGE('',*,*,#4410,.T.);
#6123=ORIENTED_EDGE('',*,*,#4408,.F.);
#6124=ORIENTED_EDGE('',*,*,#4411,.F.);
#6125=ORIENTED_EDGE('',*,*,#4412,.F.);
#6126=ORIENTED_EDGE('',*,*,#4413,.T.);
#6127=ORIENTED_EDGE('',*,*,#4407,.F.);
#6128=ORIENTED_EDGE('',*,*,#4414,.T.);
#6129=ORIENTED_EDGE('',*,*,#4062,.T.);
#6130=ORIENTED_EDGE('',*,*,#4415,.F.);
#6131=ORIENTED_EDGE('',*,*,#4416,.F.);
#6132=ORIENTED_EDGE('',*,*,#4417,.T.);
#6133=ORIENTED_EDGE('',*,*,#4418,.T.);
#6134=ORIENTED_EDGE('',*,*,#4419,.T.);
#6135=ORIENTED_EDGE('',*,*,#4411,.T.);
#6136=ORIENTED_EDGE('',*,*,#4401,.T.);
#6137=ORIENTED_EDGE('',*,*,#4420,.T.);
#6138=ORIENTED_EDGE('',*,*,#4389,.F.);
#6139=ORIENTED_EDGE('',*,*,#4370,.F.);
#6140=ORIENTED_EDGE('',*,*,#4421,.F.);
#6141=ORIENTED_EDGE('',*,*,#4422,.F.);
#6142=ORIENTED_EDGE('',*,*,#4402,.T.);
#6143=ORIENTED_EDGE('',*,*,#4423,.F.);
#6144=ORIENTED_EDGE('',*,*,#4424,.T.);
#6145=ORIENTED_EDGE('',*,*,#4425,.F.);
#6146=ORIENTED_EDGE('',*,*,#4426,.F.);
#6147=ORIENTED_EDGE('',*,*,#4427,.T.);
#6148=ORIENTED_EDGE('',*,*,#4428,.F.);
#6149=ORIENTED_EDGE('',*,*,#4429,.T.);
#6150=ORIENTED_EDGE('',*,*,#4417,.F.);
#6151=ORIENTED_EDGE('',*,*,#4430,.F.);
#6152=ORIENTED_EDGE('',*,*,#4431,.F.);
#6153=ORIENTED_EDGE('',*,*,#4374,.T.);
#6154=ORIENTED_EDGE('',*,*,#4393,.T.);
#6155=ORIENTED_EDGE('',*,*,#4416,.T.);
#6156=ORIENTED_EDGE('',*,*,#4432,.T.);
#6157=ORIENTED_EDGE('',*,*,#4433,.F.);
#6158=ORIENTED_EDGE('',*,*,#4434,.F.);
#6159=ORIENTED_EDGE('',*,*,#4415,.T.);
#6160=ORIENTED_EDGE('',*,*,#4061,.F.);
#6161=ORIENTED_EDGE('',*,*,#4435,.F.);
#6162=ORIENTED_EDGE('',*,*,#4436,.F.);
#6163=ORIENTED_EDGE('',*,*,#4432,.F.);
#6164=ORIENTED_EDGE('',*,*,#4330,.F.);
#6165=ORIENTED_EDGE('',*,*,#4437,.F.);
#6166=ORIENTED_EDGE('',*,*,#4438,.F.);
#6167=ORIENTED_EDGE('',*,*,#4439,.F.);
#6168=ORIENTED_EDGE('',*,*,#4057,.T.);
#6169=ORIENTED_EDGE('',*,*,#4440,.F.);
#6170=ORIENTED_EDGE('',*,*,#4441,.F.);
#6171=ORIENTED_EDGE('',*,*,#4442,.F.);
#6172=ORIENTED_EDGE('',*,*,#4381,.F.);
#6173=ORIENTED_EDGE('',*,*,#4372,.F.);
#6174=ORIENTED_EDGE('',*,*,#4388,.F.);
#6175=ORIENTED_EDGE('',*,*,#4443,.T.);
#6176=ORIENTED_EDGE('',*,*,#4403,.F.);
#6177=ORIENTED_EDGE('',*,*,#4428,.T.);
#6178=ORIENTED_EDGE('',*,*,#4444,.F.);
#6179=ORIENTED_EDGE('',*,*,#4445,.F.);
#6180=ORIENTED_EDGE('',*,*,#4070,.T.);
#6181=ORIENTED_EDGE('',*,*,#4446,.F.);
#6182=ORIENTED_EDGE('',*,*,#4447,.F.);
#6183=ORIENTED_EDGE('',*,*,#4448,.F.);
#6184=ORIENTED_EDGE('',*,*,#4449,.F.);
#6185=ORIENTED_EDGE('',*,*,#4384,.F.);
#6186=ORIENTED_EDGE('',*,*,#4450,.F.);
#6187=ORIENTED_EDGE('',*,*,#4377,.F.);
#6188=ORIENTED_EDGE('',*,*,#4451,.F.);
#6189=ORIENTED_EDGE('',*,*,#4375,.F.);
#6190=ORIENTED_EDGE('',*,*,#4452,.F.);
#6191=ORIENTED_EDGE('',*,*,#4379,.T.);
#6192=ORIENTED_EDGE('',*,*,#4453,.F.);
#6193=ORIENTED_EDGE('',*,*,#4454,.F.);
#6194=ORIENTED_EDGE('',*,*,#4455,.F.);
#6195=ORIENTED_EDGE('',*,*,#4449,.T.);
#6196=ORIENTED_EDGE('',*,*,#4456,.F.);
#6197=ORIENTED_EDGE('',*,*,#4457,.F.);
#6198=ORIENTED_EDGE('',*,*,#4458,.T.);
#6199=ORIENTED_EDGE('',*,*,#4067,.T.);
#6200=ORIENTED_EDGE('',*,*,#4382,.F.);
#6201=ORIENTED_EDGE('',*,*,#4448,.T.);
#6202=ORIENTED_EDGE('',*,*,#4459,.T.);
#6203=ORIENTED_EDGE('',*,*,#4460,.T.);
#6204=ORIENTED_EDGE('',*,*,#4461,.F.);
#6205=ORIENTED_EDGE('',*,*,#4456,.T.);
#6206=ORIENTED_EDGE('',*,*,#4454,.T.);
#6207=ORIENTED_EDGE('',*,*,#4462,.T.);
#6208=ORIENTED_EDGE('',*,*,#4463,.F.);
#6209=ORIENTED_EDGE('',*,*,#4464,.T.);
#6210=ORIENTED_EDGE('',*,*,#4465,.T.);
#6211=ORIENTED_EDGE('',*,*,#4466,.F.);
#6212=ORIENTED_EDGE('',*,*,#4467,.F.);
#6213=ORIENTED_EDGE('',*,*,#4468,.T.);
#6214=ORIENTED_EDGE('',*,*,#4060,.T.);
#6215=ORIENTED_EDGE('',*,*,#4469,.T.);
#6216=ORIENTED_EDGE('',*,*,#4470,.F.);
#6217=ORIENTED_EDGE('',*,*,#4471,.T.);
#6218=ORIENTED_EDGE('',*,*,#4472,.T.);
#6219=ORIENTED_EDGE('',*,*,#4473,.T.);
#6220=ORIENTED_EDGE('',*,*,#4474,.F.);
#6221=ORIENTED_EDGE('',*,*,#4475,.F.);
#6222=ORIENTED_EDGE('',*,*,#4474,.T.);
#6223=ORIENTED_EDGE('',*,*,#4476,.F.);
#6224=ORIENTED_EDGE('',*,*,#4477,.F.);
#6225=ORIENTED_EDGE('',*,*,#4478,.F.);
#6226=ORIENTED_EDGE('',*,*,#4479,.F.);
#6227=ORIENTED_EDGE('',*,*,#4476,.T.);
#6228=ORIENTED_EDGE('',*,*,#4473,.F.);
#6229=ORIENTED_EDGE('',*,*,#4480,.F.);
#6230=ORIENTED_EDGE('',*,*,#4481,.T.);
#6231=ORIENTED_EDGE('',*,*,#4482,.F.);
#6232=ORIENTED_EDGE('',*,*,#4483,.F.);
#6233=ORIENTED_EDGE('',*,*,#4442,.T.);
#6234=ORIENTED_EDGE('',*,*,#4484,.T.);
#6235=ORIENTED_EDGE('',*,*,#4485,.F.);
#6236=ORIENTED_EDGE('',*,*,#4462,.F.);
#6237=ORIENTED_EDGE('',*,*,#4453,.T.);
#6238=ORIENTED_EDGE('',*,*,#4378,.F.);
#6239=ORIENTED_EDGE('',*,*,#4486,.F.);
#6240=ORIENTED_EDGE('',*,*,#4460,.F.);
#6241=ORIENTED_EDGE('',*,*,#4487,.T.);
#6242=ORIENTED_EDGE('',*,*,#4488,.T.);
#6243=ORIENTED_EDGE('',*,*,#4489,.F.);
#6244=ORIENTED_EDGE('',*,*,#4490,.T.);
#6245=ORIENTED_EDGE('',*,*,#4491,.F.);
#6246=ORIENTED_EDGE('',*,*,#4464,.F.);
#6247=ORIENTED_EDGE('',*,*,#4463,.T.);
#6248=ORIENTED_EDGE('',*,*,#4485,.T.);
#6249=ORIENTED_EDGE('',*,*,#4492,.T.);
#6250=ORIENTED_EDGE('',*,*,#4489,.T.);
#6251=ORIENTED_EDGE('',*,*,#4461,.T.);
#6252=ORIENTED_EDGE('',*,*,#4486,.T.);
#6253=ORIENTED_EDGE('',*,*,#4493,.T.);
#6254=ORIENTED_EDGE('',*,*,#4457,.T.);
#6255=ORIENTED_EDGE('',*,*,#4494,.F.);
#6256=ORIENTED_EDGE('',*,*,#4495,.T.);
#6257=ORIENTED_EDGE('',*,*,#4444,.T.);
#6258=ORIENTED_EDGE('',*,*,#4496,.T.);
#6259=ORIENTED_EDGE('',*,*,#4471,.F.);
#6260=ORIENTED_EDGE('',*,*,#4470,.T.);
#6261=ORIENTED_EDGE('',*,*,#4475,.T.);
#6262=ORIENTED_EDGE('',*,*,#4497,.T.);
#6263=ORIENTED_EDGE('',*,*,#4494,.T.);
#6264=ORIENTED_EDGE('',*,*,#4498,.F.);
#6265=ORIENTED_EDGE('',*,*,#4499,.F.);
#6266=ORIENTED_EDGE('',*,*,#4478,.T.);
#6267=ORIENTED_EDGE('',*,*,#4500,.T.);
#6268=ORIENTED_EDGE('',*,*,#4501,.F.);
#6269=ORIENTED_EDGE('',*,*,#4500,.F.);
#6270=ORIENTED_EDGE('',*,*,#4483,.T.);
#6271=ORIENTED_EDGE('',*,*,#4502,.T.);
#6272=ORIENTED_EDGE('',*,*,#4467,.T.);
#6273=ORIENTED_EDGE('',*,*,#4501,.T.);
#6274=ORIENTED_EDGE('',*,*,#4466,.T.);
#6275=ORIENTED_EDGE('',*,*,#4503,.T.);
#6276=ORIENTED_EDGE('',*,*,#4498,.T.);
#6277=ORIENTED_EDGE('',*,*,#4071,.T.);
#6278=ORIENTED_EDGE('',*,*,#4445,.T.);
#6279=ORIENTED_EDGE('',*,*,#4495,.F.);
#6280=ORIENTED_EDGE('',*,*,#4497,.F.);
#6281=ORIENTED_EDGE('',*,*,#4477,.T.);
#6282=ORIENTED_EDGE('',*,*,#4479,.T.);
#6283=ORIENTED_EDGE('',*,*,#4499,.T.);
#6284=ORIENTED_EDGE('',*,*,#4503,.F.);
#6285=ORIENTED_EDGE('',*,*,#4469,.F.);
#6286=ORIENTED_EDGE('',*,*,#4059,.T.);
#6287=ORIENTED_EDGE('',*,*,#4504,.T.);
#6288=ORIENTED_EDGE('',*,*,#4068,.T.);
#6289=ORIENTED_EDGE('',*,*,#4458,.F.);
#6290=ORIENTED_EDGE('',*,*,#4493,.F.);
#6291=ORIENTED_EDGE('',*,*,#4488,.F.);
#6292=ORIENTED_EDGE('',*,*,#4505,.F.);
#6293=ORIENTED_EDGE('',*,*,#4490,.F.);
#6294=ORIENTED_EDGE('',*,*,#4492,.F.);
#6295=ORIENTED_EDGE('',*,*,#4484,.F.);
#6296=ORIENTED_EDGE('',*,*,#4441,.T.);
#6297=ORIENTED_EDGE('',*,*,#4056,.T.);
#6298=ORIENTED_EDGE('',*,*,#4069,.F.);
#6299=ORIENTED_EDGE('',*,*,#4504,.F.);
#6300=ORIENTED_EDGE('',*,*,#4440,.T.);
#6301=ORIENTED_EDGE('',*,*,#4472,.F.);
#6302=ORIENTED_EDGE('',*,*,#4496,.F.);
#6303=ORIENTED_EDGE('',*,*,#4427,.F.);
#6304=ORIENTED_EDGE('',*,*,#4506,.F.);
#6305=ORIENTED_EDGE('',*,*,#4439,.T.);
#6306=ORIENTED_EDGE('',*,*,#4507,.T.);
#6307=ORIENTED_EDGE('',*,*,#4508,.T.);
#6308=ORIENTED_EDGE('',*,*,#4509,.F.);
#6309=ORIENTED_EDGE('',*,*,#4480,.T.);
#6310=ORIENTED_EDGE('',*,*,#4468,.F.);
#6311=ORIENTED_EDGE('',*,*,#4502,.F.);
#6312=ORIENTED_EDGE('',*,*,#4482,.T.);
#6313=ORIENTED_EDGE('',*,*,#4510,.T.);
#6314=ORIENTED_EDGE('',*,*,#4511,.T.);
#6315=ORIENTED_EDGE('',*,*,#4512,.T.);
#6316=ORIENTED_EDGE('',*,*,#4437,.T.);
#6317=ORIENTED_EDGE('',*,*,#4513,.F.);
#6318=ORIENTED_EDGE('',*,*,#4435,.T.);
#6319=ORIENTED_EDGE('',*,*,#4514,.F.);
#6320=ORIENTED_EDGE('',*,*,#4515,.F.);
#6321=ORIENTED_EDGE('',*,*,#4425,.T.);
#6322=ORIENTED_EDGE('',*,*,#4516,.T.);
#6323=ORIENTED_EDGE('',*,*,#4509,.T.);
#6324=ORIENTED_EDGE('',*,*,#4517,.T.);
#6325=ORIENTED_EDGE('',*,*,#4510,.F.);
#6326=ORIENTED_EDGE('',*,*,#4481,.F.);
#6327=ORIENTED_EDGE('',*,*,#4508,.F.);
#6328=ORIENTED_EDGE('',*,*,#4518,.T.);
#6329=ORIENTED_EDGE('',*,*,#4511,.F.);
#6330=ORIENTED_EDGE('',*,*,#4517,.F.);
#6331=ORIENTED_EDGE('',*,*,#4507,.F.);
#6332=ORIENTED_EDGE('',*,*,#4438,.T.);
#6333=ORIENTED_EDGE('',*,*,#4512,.F.);
#6334=ORIENTED_EDGE('',*,*,#4518,.F.);
#6335=ORIENTED_EDGE('',*,*,#4395,.F.);
#6336=ORIENTED_EDGE('',*,*,#4404,.F.);
#6337=ORIENTED_EDGE('',*,*,#4443,.F.);
#6338=ORIENTED_EDGE('',*,*,#4387,.F.);
#6339=ORIENTED_EDGE('',*,*,#4519,.T.);
#6340=ORIENTED_EDGE('',*,*,#4520,.T.);
#6341=ORIENTED_EDGE('',*,*,#4521,.T.);
#6342=ORIENTED_EDGE('',*,*,#4399,.F.);
#6343=ORIENTED_EDGE('',*,*,#4406,.F.);
#6344=ORIENTED_EDGE('',*,*,#4429,.F.);
#6345=ORIENTED_EDGE('',*,*,#4392,.T.);
#6346=ORIENTED_EDGE('',*,*,#4522,.T.);
#6347=ORIENTED_EDGE('',*,*,#4523,.T.);
#6348=ORIENTED_EDGE('',*,*,#4418,.F.);
#6349=ORIENTED_EDGE('',*,*,#4524,.F.);
#6350=ORIENTED_EDGE('',*,*,#4516,.F.);
#6351=ORIENTED_EDGE('',*,*,#4424,.F.);
#6352=ORIENTED_EDGE('',*,*,#4410,.F.);
#6353=ORIENTED_EDGE('',*,*,#4525,.T.);
#6354=ORIENTED_EDGE('',*,*,#4390,.T.);
#6355=ORIENTED_EDGE('',*,*,#4063,.T.);
#6356=ORIENTED_EDGE('',*,*,#4414,.F.);
#6357=ORIENTED_EDGE('',*,*,#4526,.T.);
#6358=ORIENTED_EDGE('',*,*,#4412,.T.);
#6359=ORIENTED_EDGE('',*,*,#4419,.F.);
#6360=ORIENTED_EDGE('',*,*,#4523,.F.);
#6361=ORIENTED_EDGE('',*,*,#4420,.F.);
#6362=ORIENTED_EDGE('',*,*,#4400,.F.);
#6363=ORIENTED_EDGE('',*,*,#4521,.F.);
#6364=ORIENTED_EDGE('',*,*,#4527,.T.);
#6365=ORIENTED_EDGE('',*,*,#4385,.F.);
#6366=ORIENTED_EDGE('',*,*,#4391,.F.);
#6367=ORIENTED_EDGE('',*,*,#4525,.F.);
#6368=ORIENTED_EDGE('',*,*,#4409,.F.);
#6369=ORIENTED_EDGE('',*,*,#4413,.F.);
#6370=ORIENTED_EDGE('',*,*,#4526,.F.);
#6371=ORIENTED_EDGE('',*,*,#4522,.F.);
#6372=ORIENTED_EDGE('',*,*,#4386,.F.);
#6373=ORIENTED_EDGE('',*,*,#4527,.F.);
#6374=ORIENTED_EDGE('',*,*,#4520,.F.);
#6375=ORIENTED_EDGE('',*,*,#4405,.F.);
#6376=ORIENTED_EDGE('',*,*,#4396,.F.);
#6377=ORIENTED_EDGE('',*,*,#4519,.F.);
#6378=ORIENTED_EDGE('',*,*,#4447,.T.);
#6379=ORIENTED_EDGE('',*,*,#4528,.F.);
#6380=ORIENTED_EDGE('',*,*,#4455,.T.);
#6381=ORIENTED_EDGE('',*,*,#4465,.F.);
#6382=ORIENTED_EDGE('',*,*,#4491,.T.);
#6383=ORIENTED_EDGE('',*,*,#4505,.T.);
#6384=ORIENTED_EDGE('',*,*,#4487,.F.);
#6385=ORIENTED_EDGE('',*,*,#4459,.F.);
#6386=ORIENTED_EDGE('',*,*,#4446,.T.);
#6387=ORIENTED_EDGE('',*,*,#4376,.F.);
#6388=ORIENTED_EDGE('',*,*,#4451,.T.);
#6389=ORIENTED_EDGE('',*,*,#4528,.T.);
#6390=ORIENTED_EDGE('',*,*,#4506,.T.);
#6391=ORIENTED_EDGE('',*,*,#4426,.T.);
#6392=ORIENTED_EDGE('',*,*,#4515,.T.);
#6393=ORIENTED_EDGE('',*,*,#4529,.T.);
#6394=ORIENTED_EDGE('',*,*,#4331,.F.);
#6395=ORIENTED_EDGE('',*,*,#4431,.T.);
#6396=ORIENTED_EDGE('',*,*,#4530,.T.);
#6397=ORIENTED_EDGE('',*,*,#4327,.F.);
#6398=ORIENTED_EDGE('',*,*,#4421,.T.);
#6399=ORIENTED_EDGE('',*,*,#4321,.F.);
#6400=ORIENTED_EDGE('',*,*,#4531,.F.);
#6401=ORIENTED_EDGE('',*,*,#4452,.T.);
#6402=ORIENTED_EDGE('',*,*,#4323,.F.);
#6403=ORIENTED_EDGE('',*,*,#4380,.T.);
#6404=ORIENTED_EDGE('',*,*,#4450,.T.);
#6405=ORIENTED_EDGE('',*,*,#4383,.T.);
#6406=ORIENTED_EDGE('',*,*,#4325,.F.);
#6407=ORIENTED_EDGE('',*,*,#4514,.T.);
#6408=ORIENTED_EDGE('',*,*,#4524,.T.);
#6409=ORIENTED_EDGE('',*,*,#4423,.T.);
#6410=ORIENTED_EDGE('',*,*,#4422,.T.);
#6411=ORIENTED_EDGE('',*,*,#4531,.T.);
#6412=ORIENTED_EDGE('',*,*,#4320,.F.);
#6413=ORIENTED_EDGE('',*,*,#4529,.F.);
#6414=ORIENTED_EDGE('',*,*,#4434,.T.);
#6415=ORIENTED_EDGE('',*,*,#4532,.T.);
#6416=ORIENTED_EDGE('',*,*,#4328,.F.);
#6417=ORIENTED_EDGE('',*,*,#4530,.F.);
#6418=ORIENTED_EDGE('',*,*,#4430,.T.);
#6419=ORIENTED_EDGE('',*,*,#4513,.T.);
#6420=ORIENTED_EDGE('',*,*,#4329,.F.);
#6421=ORIENTED_EDGE('',*,*,#4532,.F.);
#6422=ORIENTED_EDGE('',*,*,#4433,.T.);
#6423=ORIENTED_EDGE('',*,*,#4436,.T.);
#6424=ORIENTED_EDGE('',*,*,#4533,.F.);
#6425=ORIENTED_EDGE('',*,*,#4534,.F.);
#6426=ORIENTED_EDGE('',*,*,#4535,.T.);
#6427=ORIENTED_EDGE('',*,*,#4536,.F.);
#6428=ORIENTED_EDGE('',*,*,#4537,.T.);
#6429=ORIENTED_EDGE('',*,*,#4538,.F.);
#6430=ORIENTED_EDGE('',*,*,#4537,.F.);
#6431=ORIENTED_EDGE('',*,*,#4539,.F.);
#6432=ORIENTED_EDGE('',*,*,#4540,.F.);
#6433=ORIENTED_EDGE('',*,*,#4541,.F.);
#6434=ORIENTED_EDGE('',*,*,#4542,.F.);
#6435=ORIENTED_EDGE('',*,*,#4543,.F.);
#6436=ORIENTED_EDGE('',*,*,#4544,.F.);
#6437=ORIENTED_EDGE('',*,*,#4545,.F.);
#6438=ORIENTED_EDGE('',*,*,#4546,.F.);
#6439=ORIENTED_EDGE('',*,*,#4547,.T.);
#6440=ORIENTED_EDGE('',*,*,#4548,.T.);
#6441=ORIENTED_EDGE('',*,*,#4549,.F.);
#6442=ORIENTED_EDGE('',*,*,#4550,.F.);
#6443=ORIENTED_EDGE('',*,*,#4551,.F.);
#6444=ORIENTED_EDGE('',*,*,#4552,.F.);
#6445=ORIENTED_EDGE('',*,*,#4553,.F.);
#6446=ORIENTED_EDGE('',*,*,#4554,.F.);
#6447=ORIENTED_EDGE('',*,*,#4555,.F.);
#6448=ORIENTED_EDGE('',*,*,#4556,.F.);
#6449=ORIENTED_EDGE('',*,*,#4557,.T.);
#6450=ORIENTED_EDGE('',*,*,#4534,.T.);
#6451=ORIENTED_EDGE('',*,*,#4558,.F.);
#6452=ORIENTED_EDGE('',*,*,#4559,.F.);
#6453=ORIENTED_EDGE('',*,*,#4560,.F.);
#6454=ORIENTED_EDGE('',*,*,#4561,.F.);
#6455=ORIENTED_EDGE('',*,*,#4541,.T.);
#6456=ORIENTED_EDGE('',*,*,#4562,.T.);
#6457=ORIENTED_EDGE('',*,*,#4542,.T.);
#6458=ORIENTED_EDGE('',*,*,#4561,.T.);
#6459=ORIENTED_EDGE('',*,*,#4563,.F.);
#6460=ORIENTED_EDGE('',*,*,#4564,.T.);
#6461=ORIENTED_EDGE('',*,*,#4565,.F.);
#6462=ORIENTED_EDGE('',*,*,#4535,.F.);
#6463=ORIENTED_EDGE('',*,*,#4557,.F.);
#6464=ORIENTED_EDGE('',*,*,#4566,.T.);
#6465=ORIENTED_EDGE('',*,*,#4543,.T.);
#6466=ORIENTED_EDGE('',*,*,#4562,.F.);
#6467=ORIENTED_EDGE('',*,*,#4567,.F.);
#6468=ORIENTED_EDGE('',*,*,#4544,.T.);
#6469=ORIENTED_EDGE('',*,*,#4566,.F.);
#6470=ORIENTED_EDGE('',*,*,#4568,.F.);
#6471=ORIENTED_EDGE('',*,*,#4569,.F.);
#6472=ORIENTED_EDGE('',*,*,#4570,.F.);
#6473=ORIENTED_EDGE('',*,*,#4564,.F.);
#6474=ORIENTED_EDGE('',*,*,#4556,.T.);
#6475=ORIENTED_EDGE('',*,*,#4571,.F.);
#6476=ORIENTED_EDGE('',*,*,#4572,.F.);
#6477=ORIENTED_EDGE('',*,*,#4549,.T.);
#6478=ORIENTED_EDGE('',*,*,#4573,.F.);
#6479=ORIENTED_EDGE('',*,*,#4574,.F.);
#6480=ORIENTED_EDGE('',*,*,#4575,.F.);
#6481=ORIENTED_EDGE('',*,*,#4576,.F.);
#6482=ORIENTED_EDGE('',*,*,#4577,.F.);
#6483=ORIENTED_EDGE('',*,*,#4578,.F.);
#6484=ORIENTED_EDGE('',*,*,#4577,.T.);
#6485=ORIENTED_EDGE('',*,*,#4579,.F.);
#6486=ORIENTED_EDGE('',*,*,#4580,.T.);
#6487=ORIENTED_EDGE('',*,*,#4552,.T.);
#6488=ORIENTED_EDGE('',*,*,#4581,.T.);
#6489=ORIENTED_EDGE('',*,*,#4582,.F.);
#6490=ORIENTED_EDGE('',*,*,#4573,.T.);
#6491=ORIENTED_EDGE('',*,*,#4548,.F.);
#6492=ORIENTED_EDGE('',*,*,#4583,.T.);
#6493=ORIENTED_EDGE('',*,*,#4553,.T.);
#6494=ORIENTED_EDGE('',*,*,#4580,.F.);
#6495=ORIENTED_EDGE('',*,*,#4584,.F.);
#6496=ORIENTED_EDGE('',*,*,#4585,.T.);
#6497=ORIENTED_EDGE('',*,*,#4586,.F.);
#6498=ORIENTED_EDGE('',*,*,#4581,.F.);
#6499=ORIENTED_EDGE('',*,*,#4547,.F.);
#6500=ORIENTED_EDGE('',*,*,#4587,.F.);
#6501=ORIENTED_EDGE('',*,*,#4585,.F.);
#6502=ORIENTED_EDGE('',*,*,#4546,.T.);
#6503=ORIENTED_EDGE('',*,*,#4588,.F.);
#6504=ORIENTED_EDGE('',*,*,#4554,.T.);
#6505=ORIENTED_EDGE('',*,*,#4583,.F.);
#6506=ORIENTED_EDGE('',*,*,#4589,.F.);
#6507=ORIENTED_EDGE('',*,*,#4590,.F.);
#6508=ORIENTED_EDGE('',*,*,#4555,.T.);
#6509=ORIENTED_EDGE('',*,*,#4590,.T.);
#6510=ORIENTED_EDGE('',*,*,#4591,.F.);
#6511=ORIENTED_EDGE('',*,*,#4571,.T.);
#6512=ORIENTED_EDGE('',*,*,#4592,.F.);
#6513=ORIENTED_EDGE('',*,*,#4588,.T.);
#6514=ORIENTED_EDGE('',*,*,#4545,.T.);
#6515=ORIENTED_EDGE('',*,*,#4569,.T.);
#6516=ORIENTED_EDGE('',*,*,#4540,.T.);
#6517=ORIENTED_EDGE('',*,*,#4593,.F.);
#6518=ORIENTED_EDGE('',*,*,#4594,.F.);
#6519=ORIENTED_EDGE('',*,*,#4595,.T.);
#6520=ORIENTED_EDGE('',*,*,#4558,.T.);
#6521=ORIENTED_EDGE('',*,*,#4533,.T.);
#6522=ORIENTED_EDGE('',*,*,#4538,.T.);
#6523=ORIENTED_EDGE('',*,*,#4596,.F.);
#6524=ORIENTED_EDGE('',*,*,#4597,.F.);
#6525=ORIENTED_EDGE('',*,*,#4593,.T.);
#6526=ORIENTED_EDGE('',*,*,#4539,.T.);
#6527=ORIENTED_EDGE('',*,*,#4536,.T.);
#6528=ORIENTED_EDGE('',*,*,#4565,.T.);
#6529=ORIENTED_EDGE('',*,*,#4570,.T.);
#6530=ORIENTED_EDGE('',*,*,#4591,.T.);
#6531=ORIENTED_EDGE('',*,*,#4589,.T.);
#6532=ORIENTED_EDGE('',*,*,#4584,.T.);
#6533=ORIENTED_EDGE('',*,*,#4579,.T.);
#6534=ORIENTED_EDGE('',*,*,#4576,.T.);
#6535=ORIENTED_EDGE('',*,*,#4598,.T.);
#6536=ORIENTED_EDGE('',*,*,#4599,.F.);
#6537=ORIENTED_EDGE('',*,*,#4600,.T.);
#6538=ORIENTED_EDGE('',*,*,#4601,.F.);
#6539=ORIENTED_EDGE('',*,*,#4602,.F.);
#6540=ORIENTED_EDGE('',*,*,#4603,.T.);
#6541=ORIENTED_EDGE('',*,*,#4604,.T.);
#6542=ORIENTED_EDGE('',*,*,#4605,.F.);
#6543=ORIENTED_EDGE('',*,*,#4606,.F.);
#6544=ORIENTED_EDGE('',*,*,#4607,.F.);
#6545=ORIENTED_EDGE('',*,*,#4608,.T.);
#6546=ORIENTED_EDGE('',*,*,#4609,.F.);
#6547=ORIENTED_EDGE('',*,*,#4610,.F.);
#6548=ORIENTED_EDGE('',*,*,#4611,.T.);
#6549=ORIENTED_EDGE('',*,*,#4283,.F.);
#6550=ORIENTED_EDGE('',*,*,#4612,.F.);
#6551=ORIENTED_EDGE('',*,*,#4613,.F.);
#6552=ORIENTED_EDGE('',*,*,#4614,.F.);
#6553=ORIENTED_EDGE('',*,*,#4615,.F.);
#6554=ORIENTED_EDGE('',*,*,#4616,.F.);
#6555=ORIENTED_EDGE('',*,*,#4617,.F.);
#6556=ORIENTED_EDGE('',*,*,#4616,.T.);
#6557=ORIENTED_EDGE('',*,*,#4618,.F.);
#6558=ORIENTED_EDGE('',*,*,#4619,.F.);
#6559=ORIENTED_EDGE('',*,*,#4620,.F.);
#6560=ORIENTED_EDGE('',*,*,#4621,.T.);
#6561=ORIENTED_EDGE('',*,*,#4622,.F.);
#6562=ORIENTED_EDGE('',*,*,#4621,.F.);
#6563=ORIENTED_EDGE('',*,*,#4623,.F.);
#6564=ORIENTED_EDGE('',*,*,#4624,.F.);
#6565=ORIENTED_EDGE('',*,*,#4625,.T.);
#6566=ORIENTED_EDGE('',*,*,#4626,.F.);
#6567=ORIENTED_EDGE('',*,*,#4284,.F.);
#6568=ORIENTED_EDGE('',*,*,#4611,.F.);
#6569=ORIENTED_EDGE('',*,*,#4627,.F.);
#6570=ORIENTED_EDGE('',*,*,#4628,.F.);
#6571=ORIENTED_EDGE('',*,*,#4629,.T.);
#6572=ORIENTED_EDGE('',*,*,#4624,.T.);
#6573=ORIENTED_EDGE('',*,*,#4630,.F.);
#6574=ORIENTED_EDGE('',*,*,#4631,.F.);
#6575=ORIENTED_EDGE('',*,*,#4285,.F.);
#6576=ORIENTED_EDGE('',*,*,#4626,.T.);
#6577=ORIENTED_EDGE('',*,*,#4632,.F.);
#6578=ORIENTED_EDGE('',*,*,#4633,.F.);
#6579=ORIENTED_EDGE('',*,*,#4634,.T.);
#6580=ORIENTED_EDGE('',*,*,#4286,.F.);
#6581=ORIENTED_EDGE('',*,*,#4631,.T.);
#6582=ORIENTED_EDGE('',*,*,#4635,.F.);
#6583=ORIENTED_EDGE('',*,*,#4636,.T.);
#6584=ORIENTED_EDGE('',*,*,#4637,.F.);
#6585=ORIENTED_EDGE('',*,*,#4628,.T.);
#6586=ORIENTED_EDGE('',*,*,#4638,.F.);
#6587=ORIENTED_EDGE('',*,*,#4291,.F.);
#6588=ORIENTED_EDGE('',*,*,#4639,.T.);
#6589=ORIENTED_EDGE('',*,*,#4640,.F.);
#6590=ORIENTED_EDGE('',*,*,#4641,.F.);
#6591=ORIENTED_EDGE('',*,*,#4642,.T.);
#6592=ORIENTED_EDGE('',*,*,#4639,.F.);
#6593=ORIENTED_EDGE('',*,*,#4290,.F.);
#6594=ORIENTED_EDGE('',*,*,#4643,.F.);
#6595=ORIENTED_EDGE('',*,*,#4644,.F.);
#6596=ORIENTED_EDGE('',*,*,#4614,.T.);
#6597=ORIENTED_EDGE('',*,*,#4645,.F.);
#6598=ORIENTED_EDGE('',*,*,#4646,.F.);
#6599=ORIENTED_EDGE('',*,*,#4647,.T.);
#6600=ORIENTED_EDGE('',*,*,#4641,.T.);
#6601=ORIENTED_EDGE('',*,*,#4289,.F.);
#6602=ORIENTED_EDGE('',*,*,#4288,.F.);
#6603=ORIENTED_EDGE('',*,*,#4648,.T.);
#6604=ORIENTED_EDGE('',*,*,#4649,.F.);
#6605=ORIENTED_EDGE('',*,*,#4646,.T.);
#6606=ORIENTED_EDGE('',*,*,#4650,.F.);
#6607=ORIENTED_EDGE('',*,*,#4651,.T.);
#6608=ORIENTED_EDGE('',*,*,#4652,.F.);
#6609=ORIENTED_EDGE('',*,*,#4643,.T.);
#6610=ORIENTED_EDGE('',*,*,#4653,.F.);
#6611=ORIENTED_EDGE('',*,*,#4654,.F.);
#6612=ORIENTED_EDGE('',*,*,#4625,.F.);
#6613=ORIENTED_EDGE('',*,*,#4629,.F.);
#6614=ORIENTED_EDGE('',*,*,#4637,.T.);
#6615=ORIENTED_EDGE('',*,*,#4655,.T.);
#6616=ORIENTED_EDGE('',*,*,#4650,.T.);
#6617=ORIENTED_EDGE('',*,*,#4645,.T.);
#6618=ORIENTED_EDGE('',*,*,#4613,.T.);
#6619=ORIENTED_EDGE('',*,*,#4656,.F.);
#6620=ORIENTED_EDGE('',*,*,#4657,.F.);
#6621=ORIENTED_EDGE('',*,*,#4640,.T.);
#6622=ORIENTED_EDGE('',*,*,#4642,.F.);
#6623=ORIENTED_EDGE('',*,*,#4647,.F.);
#6624=ORIENTED_EDGE('',*,*,#4649,.T.);
#6625=ORIENTED_EDGE('',*,*,#4658,.T.);
#6626=ORIENTED_EDGE('',*,*,#4633,.T.);
#6627=ORIENTED_EDGE('',*,*,#4632,.T.);
#6628=ORIENTED_EDGE('',*,*,#4627,.T.);
#6629=ORIENTED_EDGE('',*,*,#4610,.T.);
#6630=ORIENTED_EDGE('',*,*,#4655,.F.);
#6631=ORIENTED_EDGE('',*,*,#4636,.F.);
#6632=ORIENTED_EDGE('',*,*,#4659,.F.);
#6633=ORIENTED_EDGE('',*,*,#4651,.F.);
#6634=ORIENTED_EDGE('',*,*,#4287,.F.);
#6635=ORIENTED_EDGE('',*,*,#4634,.F.);
#6636=ORIENTED_EDGE('',*,*,#4658,.F.);
#6637=ORIENTED_EDGE('',*,*,#4648,.F.);
#6638=ORIENTED_EDGE('',*,*,#4609,.T.);
#6639=ORIENTED_EDGE('',*,*,#4660,.F.);
#6640=ORIENTED_EDGE('',*,*,#4661,.F.);
#6641=ORIENTED_EDGE('',*,*,#4662,.T.);
#6642=ORIENTED_EDGE('',*,*,#4620,.T.);
#6643=ORIENTED_EDGE('',*,*,#4663,.F.);
#6644=ORIENTED_EDGE('',*,*,#4664,.F.);
#6645=ORIENTED_EDGE('',*,*,#4665,.T.);
#6646=ORIENTED_EDGE('',*,*,#4666,.F.);
#6647=ORIENTED_EDGE('',*,*,#4667,.F.);
#6648=ORIENTED_EDGE('',*,*,#4335,.F.);
#6649=ORIENTED_EDGE('',*,*,#4668,.T.);
#6650=ORIENTED_EDGE('',*,*,#4669,.F.);
#6651=ORIENTED_EDGE('',*,*,#4670,.F.);
#6652=ORIENTED_EDGE('',*,*,#4671,.F.);
#6653=ORIENTED_EDGE('',*,*,#4672,.F.);
#6654=ORIENTED_EDGE('',*,*,#4618,.T.);
#6655=ORIENTED_EDGE('',*,*,#4615,.T.);
#6656=ORIENTED_EDGE('',*,*,#4644,.T.);
#6657=ORIENTED_EDGE('',*,*,#4652,.T.);
#6658=ORIENTED_EDGE('',*,*,#4659,.T.);
#6659=ORIENTED_EDGE('',*,*,#4635,.T.);
#6660=ORIENTED_EDGE('',*,*,#4630,.T.);
#6661=ORIENTED_EDGE('',*,*,#4623,.T.);
#6662=ORIENTED_EDGE('',*,*,#4657,.T.);
#6663=ORIENTED_EDGE('',*,*,#4673,.T.);
#6664=ORIENTED_EDGE('',*,*,#4674,.T.);
#6665=ORIENTED_EDGE('',*,*,#4675,.F.);
#6666=ORIENTED_EDGE('',*,*,#4656,.T.);
#6667=ORIENTED_EDGE('',*,*,#4612,.T.);
#6668=ORIENTED_EDGE('',*,*,#4617,.T.);
#6669=ORIENTED_EDGE('',*,*,#4676,.F.);
#6670=ORIENTED_EDGE('',*,*,#4677,.T.);
#6671=ORIENTED_EDGE('',*,*,#4673,.F.);
#6672=ORIENTED_EDGE('',*,*,#4559,.T.);
#6673=ORIENTED_EDGE('',*,*,#4595,.F.);
#6674=ORIENTED_EDGE('',*,*,#4678,.F.);
#6675=ORIENTED_EDGE('',*,*,#4679,.F.);
#6676=ORIENTED_EDGE('',*,*,#4680,.F.);
#6677=ORIENTED_EDGE('',*,*,#4681,.F.);
#6678=ORIENTED_EDGE('',*,*,#4678,.T.);
#6679=ORIENTED_EDGE('',*,*,#4682,.F.);
#6680=ORIENTED_EDGE('',*,*,#4683,.F.);
#6681=ORIENTED_EDGE('',*,*,#4684,.T.);
#6682=ORIENTED_EDGE('',*,*,#4597,.T.);
#6683=ORIENTED_EDGE('',*,*,#4685,.F.);
#6684=ORIENTED_EDGE('',*,*,#4686,.F.);
#6685=ORIENTED_EDGE('',*,*,#4682,.T.);
#6686=ORIENTED_EDGE('',*,*,#4594,.T.);
#6687=ORIENTED_EDGE('',*,*,#4684,.F.);
#6688=ORIENTED_EDGE('',*,*,#4654,.T.);
#6689=ORIENTED_EDGE('',*,*,#4687,.F.);
#6690=ORIENTED_EDGE('',*,*,#4688,.F.);
#6691=ORIENTED_EDGE('',*,*,#4689,.F.);
#6692=ORIENTED_EDGE('',*,*,#4619,.T.);
#6693=ORIENTED_EDGE('',*,*,#4622,.T.);
#6694=ORIENTED_EDGE('',*,*,#4653,.T.);
#6695=ORIENTED_EDGE('',*,*,#4662,.F.);
#6696=ORIENTED_EDGE('',*,*,#4690,.F.);
#6697=ORIENTED_EDGE('',*,*,#4687,.T.);
#6698=ORIENTED_EDGE('',*,*,#4691,.F.);
#6699=ORIENTED_EDGE('',*,*,#4692,.F.);
#6700=ORIENTED_EDGE('',*,*,#4688,.T.);
#6701=ORIENTED_EDGE('',*,*,#4693,.F.);
#6702=ORIENTED_EDGE('',*,*,#4694,.F.);
#6703=ORIENTED_EDGE('',*,*,#4695,.T.);
#6704=ORIENTED_EDGE('',*,*,#4661,.T.);
#6705=ORIENTED_EDGE('',*,*,#4696,.F.);
#6706=ORIENTED_EDGE('',*,*,#4697,.F.);
#6707=ORIENTED_EDGE('',*,*,#4693,.T.);
#6708=ORIENTED_EDGE('',*,*,#4690,.T.);
#6709=ORIENTED_EDGE('',*,*,#4695,.F.);
#6710=ORIENTED_EDGE('',*,*,#4698,.T.);
#6711=ORIENTED_EDGE('',*,*,#4683,.T.);
#6712=ORIENTED_EDGE('',*,*,#4699,.F.);
#6713=ORIENTED_EDGE('',*,*,#4691,.T.);
#6714=ORIENTED_EDGE('',*,*,#4700,.F.);
#6715=ORIENTED_EDGE('',*,*,#4680,.T.);
#6716=ORIENTED_EDGE('',*,*,#4701,.T.);
#6717=ORIENTED_EDGE('',*,*,#4694,.T.);
#6718=ORIENTED_EDGE('',*,*,#4701,.F.);
#6719=ORIENTED_EDGE('',*,*,#4686,.T.);
#6720=ORIENTED_EDGE('',*,*,#4698,.F.);
#6721=ORIENTED_EDGE('',*,*,#4697,.T.);
#6722=ORIENTED_EDGE('',*,*,#4596,.T.);
#6723=ORIENTED_EDGE('',*,*,#4608,.F.);
#6724=ORIENTED_EDGE('',*,*,#4702,.F.);
#6725=ORIENTED_EDGE('',*,*,#4703,.T.);
#6726=ORIENTED_EDGE('',*,*,#4679,.T.);
#6727=ORIENTED_EDGE('',*,*,#4704,.T.);
#6728=ORIENTED_EDGE('',*,*,#4269,.F.);
#6729=ORIENTED_EDGE('',*,*,#4705,.F.);
#6730=ORIENTED_EDGE('',*,*,#4685,.T.);
#6731=ORIENTED_EDGE('',*,*,#4703,.F.);
#6732=ORIENTED_EDGE('',*,*,#4706,.F.);
#6733=ORIENTED_EDGE('',*,*,#4707,.T.);
#6734=ORIENTED_EDGE('',*,*,#4681,.T.);
#6735=ORIENTED_EDGE('',*,*,#4708,.T.);
#6736=ORIENTED_EDGE('',*,*,#4270,.F.);
#6737=ORIENTED_EDGE('',*,*,#4704,.F.);
#6738=ORIENTED_EDGE('',*,*,#4699,.T.);
#6739=ORIENTED_EDGE('',*,*,#4707,.F.);
#6740=ORIENTED_EDGE('',*,*,#4709,.F.);
#6741=ORIENTED_EDGE('',*,*,#4710,.T.);
#6742=ORIENTED_EDGE('',*,*,#4700,.T.);
#6743=ORIENTED_EDGE('',*,*,#4711,.T.);
#6744=ORIENTED_EDGE('',*,*,#4271,.F.);
#6745=ORIENTED_EDGE('',*,*,#4708,.F.);
#6746=ORIENTED_EDGE('',*,*,#4692,.T.);
#6747=ORIENTED_EDGE('',*,*,#4710,.F.);
#6748=ORIENTED_EDGE('',*,*,#4712,.F.);
#6749=ORIENTED_EDGE('',*,*,#4713,.T.);
#6750=ORIENTED_EDGE('',*,*,#4696,.T.);
#6751=ORIENTED_EDGE('',*,*,#4714,.T.);
#6752=ORIENTED_EDGE('',*,*,#4272,.F.);
#6753=ORIENTED_EDGE('',*,*,#4711,.F.);
#6754=ORIENTED_EDGE('',*,*,#4689,.T.);
#6755=ORIENTED_EDGE('',*,*,#4713,.F.);
#6756=ORIENTED_EDGE('',*,*,#4715,.F.);
#6757=ORIENTED_EDGE('',*,*,#4663,.T.);
#6758=ORIENTED_EDGE('',*,*,#4660,.T.);
#6759=ORIENTED_EDGE('',*,*,#4282,.T.);
#6760=ORIENTED_EDGE('',*,*,#4273,.F.);
#6761=ORIENTED_EDGE('',*,*,#4714,.F.);
#6762=ORIENTED_EDGE('',*,*,#4638,.T.);
#6763=ORIENTED_EDGE('',*,*,#4675,.T.);
#6764=ORIENTED_EDGE('',*,*,#4716,.T.);
#6765=ORIENTED_EDGE('',*,*,#4717,.F.);
#6766=ORIENTED_EDGE('',*,*,#4572,.T.);
#6767=ORIENTED_EDGE('',*,*,#4718,.F.);
#6768=ORIENTED_EDGE('',*,*,#4719,.F.);
#6769=ORIENTED_EDGE('',*,*,#4720,.T.);
#6770=ORIENTED_EDGE('',*,*,#4550,.T.);
#6771=ORIENTED_EDGE('',*,*,#4720,.F.);
#6772=ORIENTED_EDGE('',*,*,#4721,.F.);
#6773=ORIENTED_EDGE('',*,*,#4722,.T.);
#6774=ORIENTED_EDGE('',*,*,#4677,.F.);
#6775=ORIENTED_EDGE('',*,*,#4723,.F.);
#6776=ORIENTED_EDGE('',*,*,#4724,.T.);
#6777=ORIENTED_EDGE('',*,*,#4725,.F.);
#6778=ORIENTED_EDGE('',*,*,#4716,.F.);
#6779=ORIENTED_EDGE('',*,*,#4726,.T.);
#6780=ORIENTED_EDGE('',*,*,#4727,.T.);
#6781=ORIENTED_EDGE('',*,*,#4728,.F.);
#6782=ORIENTED_EDGE('',*,*,#4674,.F.);
#6783=ORIENTED_EDGE('',*,*,#4725,.T.);
#6784=ORIENTED_EDGE('',*,*,#4729,.T.);
#6785=ORIENTED_EDGE('',*,*,#4726,.F.);
#6786=ORIENTED_EDGE('',*,*,#4551,.T.);
#6787=ORIENTED_EDGE('',*,*,#4722,.F.);
#6788=ORIENTED_EDGE('',*,*,#4730,.F.);
#6789=ORIENTED_EDGE('',*,*,#4731,.F.);
#6790=ORIENTED_EDGE('',*,*,#4575,.T.);
#6791=ORIENTED_EDGE('',*,*,#4578,.T.);
#6792=ORIENTED_EDGE('',*,*,#4732,.F.);
#6793=ORIENTED_EDGE('',*,*,#4733,.F.);
#6794=ORIENTED_EDGE('',*,*,#4730,.T.);
#6795=ORIENTED_EDGE('',*,*,#4734,.F.);
#6796=ORIENTED_EDGE('',*,*,#4735,.F.);
#6797=ORIENTED_EDGE('',*,*,#4736,.T.);
#6798=ORIENTED_EDGE('',*,*,#4719,.T.);
#6799=ORIENTED_EDGE('',*,*,#4737,.F.);
#6800=ORIENTED_EDGE('',*,*,#4738,.F.);
#6801=ORIENTED_EDGE('',*,*,#4734,.T.);
#6802=ORIENTED_EDGE('',*,*,#4721,.T.);
#6803=ORIENTED_EDGE('',*,*,#4736,.F.);
#6804=ORIENTED_EDGE('',*,*,#4739,.F.);
#6805=ORIENTED_EDGE('',*,*,#4724,.F.);
#6806=ORIENTED_EDGE('',*,*,#4740,.F.);
#6807=ORIENTED_EDGE('',*,*,#4732,.T.);
#6808=ORIENTED_EDGE('',*,*,#4741,.F.);
#6809=ORIENTED_EDGE('',*,*,#4727,.F.);
#6810=ORIENTED_EDGE('',*,*,#4742,.T.);
#6811=ORIENTED_EDGE('',*,*,#4735,.T.);
#6812=ORIENTED_EDGE('',*,*,#4742,.F.);
#6813=ORIENTED_EDGE('',*,*,#4729,.F.);
#6814=ORIENTED_EDGE('',*,*,#4739,.T.);
#6815=ORIENTED_EDGE('',*,*,#4738,.T.);
#6816=ORIENTED_EDGE('',*,*,#4676,.T.);
#6817=ORIENTED_EDGE('',*,*,#4672,.T.);
#6818=ORIENTED_EDGE('',*,*,#4743,.F.);
#6819=ORIENTED_EDGE('',*,*,#4744,.F.);
#6820=ORIENTED_EDGE('',*,*,#4717,.T.);
#6821=ORIENTED_EDGE('',*,*,#4745,.F.);
#6822=ORIENTED_EDGE('',*,*,#4257,.F.);
#6823=ORIENTED_EDGE('',*,*,#4292,.T.);
#6824=ORIENTED_EDGE('',*,*,#4723,.T.);
#6825=ORIENTED_EDGE('',*,*,#4744,.T.);
#6826=ORIENTED_EDGE('',*,*,#4746,.F.);
#6827=ORIENTED_EDGE('',*,*,#4747,.F.);
#6828=ORIENTED_EDGE('',*,*,#4728,.T.);
#6829=ORIENTED_EDGE('',*,*,#4748,.F.);
#6830=ORIENTED_EDGE('',*,*,#4258,.F.);
#6831=ORIENTED_EDGE('',*,*,#4745,.T.);
#6832=ORIENTED_EDGE('',*,*,#4740,.T.);
#6833=ORIENTED_EDGE('',*,*,#4747,.T.);
#6834=ORIENTED_EDGE('',*,*,#4749,.F.);
#6835=ORIENTED_EDGE('',*,*,#4750,.F.);
#6836=ORIENTED_EDGE('',*,*,#4741,.T.);
#6837=ORIENTED_EDGE('',*,*,#4751,.F.);
#6838=ORIENTED_EDGE('',*,*,#4259,.F.);
#6839=ORIENTED_EDGE('',*,*,#4748,.T.);
#6840=ORIENTED_EDGE('',*,*,#4733,.T.);
#6841=ORIENTED_EDGE('',*,*,#4750,.T.);
#6842=ORIENTED_EDGE('',*,*,#4752,.F.);
#6843=ORIENTED_EDGE('',*,*,#4753,.F.);
#6844=ORIENTED_EDGE('',*,*,#4737,.T.);
#6845=ORIENTED_EDGE('',*,*,#4754,.F.);
#6846=ORIENTED_EDGE('',*,*,#4260,.F.);
#6847=ORIENTED_EDGE('',*,*,#4751,.T.);
#6848=ORIENTED_EDGE('',*,*,#4731,.T.);
#6849=ORIENTED_EDGE('',*,*,#4753,.T.);
#6850=ORIENTED_EDGE('',*,*,#4755,.F.);
#6851=ORIENTED_EDGE('',*,*,#4598,.F.);
#6852=ORIENTED_EDGE('',*,*,#4718,.T.);
#6853=ORIENTED_EDGE('',*,*,#4756,.F.);
#6854=ORIENTED_EDGE('',*,*,#4261,.F.);
#6855=ORIENTED_EDGE('',*,*,#4754,.T.);
#6856=ORIENTED_EDGE('',*,*,#4252,.F.);
#6857=ORIENTED_EDGE('',*,*,#4262,.F.);
#6858=ORIENTED_EDGE('',*,*,#4756,.T.);
#6859=ORIENTED_EDGE('',*,*,#4574,.T.);
#6860=ORIENTED_EDGE('',*,*,#4582,.T.);
#6861=ORIENTED_EDGE('',*,*,#4586,.T.);
#6862=ORIENTED_EDGE('',*,*,#4587,.T.);
#6863=ORIENTED_EDGE('',*,*,#4592,.T.);
#6864=ORIENTED_EDGE('',*,*,#4568,.T.);
#6865=ORIENTED_EDGE('',*,*,#4567,.T.);
#6866=ORIENTED_EDGE('',*,*,#4563,.T.);
#6867=ORIENTED_EDGE('',*,*,#4560,.T.);
#6868=ORIENTED_EDGE('',*,*,#4705,.T.);
#6869=ORIENTED_EDGE('',*,*,#4268,.F.);
#6870=ORIENTED_EDGE('',*,*,#4277,.F.);
#6871=ORIENTED_EDGE('',*,*,#4279,.F.);
#6872=ORIENTED_EDGE('',*,*,#4757,.T.);
#6873=ORIENTED_EDGE('',*,*,#4758,.T.);
#6874=ORIENTED_EDGE('',*,*,#4352,.F.);
#6875=ORIENTED_EDGE('',*,*,#4759,.F.);
#6876=ORIENTED_EDGE('',*,*,#4665,.F.);
#6877=ORIENTED_EDGE('',*,*,#4760,.F.);
#6878=ORIENTED_EDGE('',*,*,#4351,.F.);
#6879=ORIENTED_EDGE('',*,*,#4761,.F.);
#6880=ORIENTED_EDGE('',*,*,#4666,.T.);
#6881=ORIENTED_EDGE('',*,*,#4759,.T.);
#6882=ORIENTED_EDGE('',*,*,#4350,.F.);
#6883=ORIENTED_EDGE('',*,*,#4336,.F.);
#6884=ORIENTED_EDGE('',*,*,#4667,.T.);
#6885=ORIENTED_EDGE('',*,*,#4761,.T.);
#6886=ORIENTED_EDGE('',*,*,#4250,.T.);
#6887=ORIENTED_EDGE('',*,*,#4762,.T.);
#6888=ORIENTED_EDGE('',*,*,#4293,.F.);
#6889=ORIENTED_EDGE('',*,*,#4762,.F.);
#6890=ORIENTED_EDGE('',*,*,#4763,.F.);
#6891=ORIENTED_EDGE('',*,*,#4764,.F.);
#6892=ORIENTED_EDGE('',*,*,#4602,.T.);
#6893=ORIENTED_EDGE('',*,*,#4765,.T.);
#6894=ORIENTED_EDGE('',*,*,#4249,.T.);
#6895=ORIENTED_EDGE('',*,*,#4766,.T.);
#6896=ORIENTED_EDGE('',*,*,#4758,.F.);
#6897=ORIENTED_EDGE('',*,*,#4766,.F.);
#6898=ORIENTED_EDGE('',*,*,#4767,.F.);
#6899=ORIENTED_EDGE('',*,*,#4768,.F.);
#6900=ORIENTED_EDGE('',*,*,#4600,.F.);
#6901=ORIENTED_EDGE('',*,*,#4769,.F.);
#6902=ORIENTED_EDGE('',*,*,#4770,.F.);
#6903=ORIENTED_EDGE('',*,*,#4765,.F.);
#6904=ORIENTED_EDGE('',*,*,#4601,.T.);
#6905=ORIENTED_EDGE('',*,*,#4768,.T.);
#6906=ORIENTED_EDGE('',*,*,#4764,.T.);
#6907=ORIENTED_EDGE('',*,*,#4771,.T.);
#6908=ORIENTED_EDGE('',*,*,#4772,.T.);
#6909=ORIENTED_EDGE('',*,*,#4603,.F.);
#6910=ORIENTED_EDGE('',*,*,#4031,.T.);
#6911=ORIENTED_EDGE('',*,*,#4045,.T.);
#6912=ORIENTED_EDGE('',*,*,#4773,.T.);
#6913=ORIENTED_EDGE('',*,*,#4038,.F.);
#6914=ORIENTED_EDGE('',*,*,#4019,.T.);
#6915=ORIENTED_EDGE('',*,*,#4003,.T.);
#6916=ORIENTED_EDGE('',*,*,#4049,.T.);
#6917=ORIENTED_EDGE('',*,*,#4042,.F.);
#6918=ORIENTED_EDGE('',*,*,#4763,.T.);
#6919=ORIENTED_EDGE('',*,*,#4770,.T.);
#6920=ORIENTED_EDGE('',*,*,#4767,.T.);
#6921=ORIENTED_EDGE('',*,*,#4774,.T.);
#6922=ORIENTED_EDGE('',*,*,#4313,.T.);
#6923=ORIENTED_EDGE('',*,*,#4775,.T.);
#6924=ORIENTED_EDGE('',*,*,#4776,.T.);
#6925=ORIENTED_EDGE('',*,*,#4777,.T.);
#6926=ORIENTED_EDGE('',*,*,#4778,.T.);
#6927=ORIENTED_EDGE('',*,*,#4771,.F.);
#6928=ORIENTED_EDGE('',*,*,#4769,.T.);
#6929=ORIENTED_EDGE('',*,*,#4599,.T.);
#6930=ORIENTED_EDGE('',*,*,#4755,.T.);
#6931=ORIENTED_EDGE('',*,*,#4752,.T.);
#6932=ORIENTED_EDGE('',*,*,#4749,.T.);
#6933=ORIENTED_EDGE('',*,*,#4746,.T.);
#6934=ORIENTED_EDGE('',*,*,#4743,.T.);
#6935=ORIENTED_EDGE('',*,*,#4671,.T.);
#6936=ORIENTED_EDGE('',*,*,#4779,.T.);
#6937=ORIENTED_EDGE('',*,*,#4780,.F.);
#6938=ORIENTED_EDGE('',*,*,#4314,.F.);
#6939=ORIENTED_EDGE('',*,*,#4774,.F.);
#6940=ORIENTED_EDGE('',*,*,#4781,.F.);
#6941=ORIENTED_EDGE('',*,*,#4779,.F.);
#6942=ORIENTED_EDGE('',*,*,#4670,.T.);
#6943=ORIENTED_EDGE('',*,*,#4782,.T.);
#6944=ORIENTED_EDGE('',*,*,#4248,.T.);
#6945=ORIENTED_EDGE('',*,*,#4783,.T.);
#6946=ORIENTED_EDGE('',*,*,#4294,.F.);
#6947=ORIENTED_EDGE('',*,*,#4783,.F.);
#6948=ORIENTED_EDGE('',*,*,#4784,.F.);
#6949=ORIENTED_EDGE('',*,*,#4785,.F.);
#6950=ORIENTED_EDGE('',*,*,#4668,.F.);
#6951=ORIENTED_EDGE('',*,*,#4334,.F.);
#6952=ORIENTED_EDGE('',*,*,#4786,.F.);
#6953=ORIENTED_EDGE('',*,*,#4782,.F.);
#6954=ORIENTED_EDGE('',*,*,#4669,.T.);
#6955=ORIENTED_EDGE('',*,*,#4785,.T.);
#6956=ORIENTED_EDGE('',*,*,#4305,.T.);
#6957=ORIENTED_EDGE('',*,*,#4315,.F.);
#6958=ORIENTED_EDGE('',*,*,#4780,.T.);
#6959=ORIENTED_EDGE('',*,*,#4781,.T.);
#6960=ORIENTED_EDGE('',*,*,#4786,.T.);
#6961=ORIENTED_EDGE('',*,*,#4784,.T.);
#6962=ORIENTED_EDGE('',*,*,#4333,.T.);
#6963=ORIENTED_EDGE('',*,*,#4778,.F.);
#6964=ORIENTED_EDGE('',*,*,#4787,.F.);
#6965=ORIENTED_EDGE('',*,*,#4604,.F.);
#6966=ORIENTED_EDGE('',*,*,#4772,.F.);
#6967=ORIENTED_EDGE('',*,*,#4777,.F.);
#6968=ORIENTED_EDGE('',*,*,#4788,.F.);
#6969=ORIENTED_EDGE('',*,*,#4605,.T.);
#6970=ORIENTED_EDGE('',*,*,#4787,.T.);
#6971=ORIENTED_EDGE('',*,*,#4776,.F.);
#6972=ORIENTED_EDGE('',*,*,#4789,.F.);
#6973=ORIENTED_EDGE('',*,*,#4606,.T.);
#6974=ORIENTED_EDGE('',*,*,#4788,.T.);
#6975=ORIENTED_EDGE('',*,*,#4246,.T.);
#6976=ORIENTED_EDGE('',*,*,#4790,.T.);
#6977=ORIENTED_EDGE('',*,*,#4757,.F.);
#6978=ORIENTED_EDGE('',*,*,#4790,.F.);
#6979=ORIENTED_EDGE('',*,*,#4760,.T.);
#6980=ORIENTED_EDGE('',*,*,#4664,.T.);
#6981=ORIENTED_EDGE('',*,*,#4715,.T.);
#6982=ORIENTED_EDGE('',*,*,#4712,.T.);
#6983=ORIENTED_EDGE('',*,*,#4709,.T.);
#6984=ORIENTED_EDGE('',*,*,#4706,.T.);
#6985=ORIENTED_EDGE('',*,*,#4702,.T.);
#6986=ORIENTED_EDGE('',*,*,#4607,.T.);
#6987=ORIENTED_EDGE('',*,*,#4789,.T.);
#6988=ORIENTED_EDGE('',*,*,#4775,.F.);
#6989=ORIENTED_EDGE('',*,*,#4312,.F.);
#6990=ORIENTED_EDGE('',*,*,#4353,.F.);
#6991=ORIENTED_EDGE('',*,*,#4026,.F.);
#6992=ORIENTED_EDGE('',*,*,#4039,.T.);
#6993=ORIENTED_EDGE('',*,*,#4036,.F.);
#6994=ORIENTED_EDGE('',*,*,#4773,.F.);
#6995=ORIENTED_EDGE('',*,*,#4044,.F.);
#6996=ORIENTED_EDGE('',*,*,#4007,.F.);
#6997=ORIENTED_EDGE('',*,*,#4011,.F.);
#6998=ORIENTED_EDGE('',*,*,#4791,.T.);
#6999=ORIENTED_EDGE('',*,*,#4034,.T.);
#7000=ORIENTED_EDGE('',*,*,#4029,.F.);
#7001=ORIENTED_EDGE('',*,*,#4035,.T.);
#7002=ORIENTED_EDGE('',*,*,#4791,.F.);
#7003=ORIENTED_EDGE('',*,*,#4010,.F.);
#7004=PLANE('',#7736);
#7005=PLANE('',#7737);
#7006=PLANE('',#7738);
#7007=PLANE('',#7739);
#7008=PLANE('',#7740);
#7009=PLANE('',#7741);
#7010=PLANE('',#7742);
#7011=PLANE('',#7743);
#7012=PLANE('',#7744);
#7013=PLANE('',#7745);
#7014=PLANE('',#7746);
#7015=PLANE('',#7747);
#7016=PLANE('',#7748);
#7017=PLANE('',#7749);
#7018=PLANE('',#7750);
#7019=PLANE('',#7751);
#7020=PLANE('',#7752);
#7021=PLANE('',#7753);
#7022=PLANE('',#7754);
#7023=PLANE('',#7755);
#7024=PLANE('',#7756);
#7025=PLANE('',#7757);
#7026=PLANE('',#7758);
#7027=PLANE('',#7759);
#7028=PLANE('',#7760);
#7029=PLANE('',#7761);
#7030=PLANE('',#7762);
#7031=PLANE('',#7763);
#7032=PLANE('',#7765);
#7033=PLANE('',#7766);
#7034=PLANE('',#7767);
#7035=PLANE('',#7768);
#7036=PLANE('',#7769);
#7037=PLANE('',#7770);
#7038=PLANE('',#7771);
#7039=PLANE('',#7772);
#7040=PLANE('',#7773);
#7041=PLANE('',#7774);
#7042=PLANE('',#7775);
#7043=PLANE('',#7776);
#7044=PLANE('',#7777);
#7045=PLANE('',#7778);
#7046=PLANE('',#7779);
#7047=PLANE('',#7780);
#7048=PLANE('',#7781);
#7049=PLANE('',#7782);
#7050=PLANE('',#7783);
#7051=PLANE('',#7784);
#7052=PLANE('',#7785);
#7053=PLANE('',#7786);
#7054=PLANE('',#7787);
#7055=PLANE('',#7788);
#7056=PLANE('',#7789);
#7057=PLANE('',#7790);
#7058=PLANE('',#7791);
#7059=PLANE('',#7792);
#7060=PLANE('',#7793);
#7061=PLANE('',#7794);
#7062=PLANE('',#7795);
#7063=PLANE('',#7796);
#7064=PLANE('',#7797);
#7065=PLANE('',#7798);
#7066=PLANE('',#7799);
#7067=PLANE('',#7800);
#7068=PLANE('',#7801);
#7069=PLANE('',#7802);
#7070=PLANE('',#7803);
#7071=PLANE('',#7804);
#7072=PLANE('',#7805);
#7073=PLANE('',#7806);
#7074=PLANE('',#7807);
#7075=PLANE('',#7808);
#7076=PLANE('',#7809);
#7077=PLANE('',#7810);
#7078=PLANE('',#7811);
#7079=PLANE('',#7812);
#7080=PLANE('',#7813);
#7081=PLANE('',#7817);
#7082=PLANE('',#7821);
#7083=PLANE('',#7825);
#7084=PLANE('',#7827);
#7085=PLANE('',#7831);
#7086=PLANE('',#7833);
#7087=PLANE('',#7836);
#7088=PLANE('',#7839);
#7089=PLANE('',#7840);
#7090=PLANE('',#7841);
#7091=PLANE('',#7842);
#7092=PLANE('',#7843);
#7093=PLANE('',#7844);
#7094=PLANE('',#7845);
#7095=PLANE('',#7847);
#7096=PLANE('',#7848);
#7097=PLANE('',#7849);
#7098=PLANE('',#7850);
#7099=PLANE('',#7851);
#7100=PLANE('',#7893);
#7101=PLANE('',#7895);
#7102=PLANE('',#7927);
#7103=PLANE('',#7932);
#7104=PLANE('',#7933);
#7105=PLANE('',#7934);
#7106=PLANE('',#7935);
#7107=PLANE('',#7948);
#7108=PLANE('',#7951);
#7109=PLANE('',#7953);
#7110=PLANE('',#7955);
#7111=PLANE('',#7960);
#7112=PLANE('',#7965);
#7113=PLANE('',#7966);
#7114=PLANE('',#7972);
#7115=PLANE('',#7977);
#7116=PLANE('',#7982);
#7117=PLANE('',#7986);
#7118=PLANE('',#7988);
#7119=PLANE('',#7990);
#7120=PLANE('',#7991);
#7121=PLANE('',#7992);
#7122=PLANE('',#7996);
#7123=PLANE('',#7998);
#7124=PLANE('',#8001);
#7125=PLANE('',#8005);
#7126=PLANE('',#8006);
#7127=PLANE('',#8007);
#7128=PLANE('',#8008);
#7129=PLANE('',#8009);
#7130=PLANE('',#8010);
#7131=PLANE('',#8011);
#7132=PLANE('',#8012);
#7133=PLANE('',#8013);
#7134=PLANE('',#8014);
#7135=PLANE('',#8016);
#7136=PLANE('',#8018);
#7137=PLANE('',#8035);
#7138=PLANE('',#8037);
#7139=PLANE('',#8041);
#7140=PLANE('',#8042);
#7141=PLANE('',#8047);
#7142=PLANE('',#8052);
#7143=PLANE('',#8053);
#7144=PLANE('',#8054);
#7145=PLANE('',#8055);
#7146=PLANE('',#8056);
#7147=PLANE('',#8057);
#7148=PLANE('',#8058);
#7149=PLANE('',#8060);
#7150=PLANE('',#8062);
#7151=PLANE('',#8063);
#7152=PLANE('',#8065);
#7153=PLANE('',#8066);
#7154=PLANE('',#8067);
#7155=PLANE('',#8068);
#7156=PLANE('',#8069);
#7157=PLANE('',#8074);
#7158=PLANE('',#8077);
#7159=PLANE('',#8078);
#7160=PLANE('',#8082);
#7161=PLANE('',#8083);
#7162=PLANE('',#8084);
#7163=PLANE('',#8085);
#7164=PLANE('',#8086);
#7165=PLANE('',#8087);
#7166=PLANE('',#8088);
#7167=PLANE('',#8089);
#7168=PLANE('',#8090);
#7169=PLANE('',#8091);
#7170=PLANE('',#8092);
#7171=PLANE('',#8093);
#7172=PLANE('',#8094);
#7173=PLANE('',#8095);
#7174=PLANE('',#8096);
#7175=PLANE('',#8097);
#7176=PLANE('',#8098);
#7177=PLANE('',#8099);
#7178=PLANE('',#8100);
#7179=PLANE('',#8101);
#7180=PLANE('',#8102);
#7181=PLANE('',#8103);
#7182=PLANE('',#8104);
#7183=PLANE('',#8105);
#7184=PLANE('',#8106);
#7185=PLANE('',#8107);
#7186=PLANE('',#8108);
#7187=PLANE('',#8109);
#7188=PLANE('',#8110);
#7189=PLANE('',#8111);
#7190=PLANE('',#8112);
#7191=PLANE('',#8117);
#7192=PLANE('',#8118);
#7193=PLANE('',#8123);
#7194=PLANE('',#8124);
#7195=PLANE('',#8125);
#7196=PLANE('',#8126);
#7197=PLANE('',#8127);
#7198=PLANE('',#8128);
#7199=PLANE('',#8133);
#7200=PLANE('',#8134);
#7201=PLANE('',#8135);
#7202=PLANE('',#8136);
#7203=PLANE('',#8137);
#7204=PLANE('',#8138);
#7205=PLANE('',#8139);
#7206=PLANE('',#8142);
#7207=PLANE('',#8143);
#7208=PLANE('',#8144);
#7209=PLANE('',#8145);
#7210=PLANE('',#8146);
#7211=PLANE('',#8147);
#7212=PLANE('',#8153);
#7213=PLANE('',#8154);
#7214=PLANE('',#8155);
#7215=PLANE('',#8156);
#7216=PLANE('',#8162);
#7217=PLANE('',#8163);
#7218=PLANE('',#8164);
#7219=PLANE('',#8165);
#7220=PLANE('',#8166);
#7221=PLANE('',#8167);
#7222=PLANE('',#8168);
#7223=PLANE('',#8171);
#7224=PLANE('',#8172);
#7225=PLANE('',#8173);
#7226=PLANE('',#8181);
#7227=PLANE('',#8182);
#7228=PLANE('',#8190);
#7229=PLANE('',#8191);
#7230=PLANE('',#8192);
#7231=PLANE('',#8193);
#7232=PLANE('',#8194);
#7233=PLANE('',#8198);
#7234=PLANE('',#8199);
#7235=PLANE('',#8203);
#7236=PLANE('',#8204);
#7237=PLANE('',#8205);
#7238=PLANE('',#8206);
#7239=PLANE('',#8207);
#7240=PLANE('',#8215);
#7241=PLANE('',#8223);
#7242=PLANE('',#8224);
#7243=PLANE('',#8225);
#7244=PLANE('',#8226);
#7245=PLANE('',#8227);
#7246=PLANE('',#8231);
#7247=PLANE('',#8232);
#7248=PLANE('',#8236);
#7249=PLANE('',#8237);
#7250=PLANE('',#8238);
#7251=PLANE('',#8241);
#7252=PLANE('',#8243);
#7253=PLANE('',#8245);
#7254=PLANE('',#8248);
#7255=PLANE('',#8250);
#7256=PLANE('',#8255);
#7257=PLANE('',#8257);
#7258=PLANE('',#8259);
#7259=PLANE('',#8263);
#7260=PLANE('',#8265);
#7261=PLANE('',#8267);
#7262=PLANE('',#8268);
#7263=PLANE('',#8269);
#7264=ADVANCED_FACE('',(#521),#7004,.T.);
#7265=ADVANCED_FACE('',(#522),#465,.T.);
#7266=ADVANCED_FACE('',(#523),#7005,.T.);
#7267=ADVANCED_FACE('',(#524),#466,.T.);
#7268=ADVANCED_FACE('',(#525),#467,.T.);
#7269=ADVANCED_FACE('',(#526),#7006,.T.);
#7270=ADVANCED_FACE('',(#527),#468,.T.);
#7271=ADVANCED_FACE('',(#528),#7007,.F.);
#7272=ADVANCED_FACE('',(#529),#7008,.T.);
#7273=ADVANCED_FACE('',(#530),#7009,.T.);
#7274=ADVANCED_FACE('',(#531),#7010,.T.);
#7275=ADVANCED_FACE('',(#532),#7011,.T.);
#7276=ADVANCED_FACE('',(#533),#7012,.T.);
#7277=ADVANCED_FACE('',(#534),#7013,.T.);
#7278=ADVANCED_FACE('',(#535),#7014,.T.);
#7279=ADVANCED_FACE('',(#536),#7015,.T.);
#7280=ADVANCED_FACE('',(#537),#7016,.T.);
#7281=ADVANCED_FACE('',(#538),#7017,.T.);
#7282=ADVANCED_FACE('',(#539),#7018,.F.);
#7283=ADVANCED_FACE('',(#540),#469,.T.);
#7284=ADVANCED_FACE('',(#541),#7019,.T.);
#7285=ADVANCED_FACE('',(#542),#470,.T.);
#7286=ADVANCED_FACE('',(#543),#471,.T.);
#7287=ADVANCED_FACE('',(#544),#7020,.T.);
#7288=ADVANCED_FACE('',(#545),#472,.T.);
#7289=ADVANCED_FACE('',(#546),#7021,.T.);
#7290=ADVANCED_FACE('',(#547),#7022,.T.);
#7291=ADVANCED_FACE('',(#548),#7023,.T.);
#7292=ADVANCED_FACE('',(#549),#7024,.T.);
#7293=ADVANCED_FACE('',(#550),#473,.T.);
#7294=ADVANCED_FACE('',(#551),#7025,.T.);
#7295=ADVANCED_FACE('',(#552),#7026,.F.);
#7296=ADVANCED_FACE('',(#553),#7027,.F.);
#7297=ADVANCED_FACE('',(#554),#474,.T.);
#7298=ADVANCED_FACE('',(#555),#7028,.T.);
#7299=ADVANCED_FACE('',(#556),#7029,.T.);
#7300=ADVANCED_FACE('',(#557),#7030,.T.);
#7301=ADVANCED_FACE('',(#558),#475,.T.);
#7302=ADVANCED_FACE('',(#559),#476,.T.);
#7303=ADVANCED_FACE('',(#560),#7031,.T.);
#7304=ADVANCED_FACE('',(#561),#7032,.T.);
#7305=ADVANCED_FACE('',(#562),#7033,.T.);
#7306=ADVANCED_FACE('',(#563),#7034,.T.);
#7307=ADVANCED_FACE('',(#564),#7035,.T.);
#7308=ADVANCED_FACE('',(#565),#7036,.T.);
#7309=ADVANCED_FACE('',(#566),#7037,.T.);
#7310=ADVANCED_FACE('',(#567,#328),#7038,.T.);
#7311=ADVANCED_FACE('',(#568),#477,.T.);
#7312=ADVANCED_FACE('',(#569),#478,.T.);
#7313=ADVANCED_FACE('',(#570),#479,.T.);
#7314=ADVANCED_FACE('',(#571),#480,.T.);
#7315=ADVANCED_FACE('',(#572),#481,.T.);
#7316=ADVANCED_FACE('',(#573),#482,.T.);
#7317=ADVANCED_FACE('',(#574),#483,.T.);
#7318=ADVANCED_FACE('',(#575),#7039,.T.);
#7319=ADVANCED_FACE('',(#576),#484,.T.);
#7320=ADVANCED_FACE('',(#577,#329),#7040,.F.);
#7321=ADVANCED_FACE('',(#578,#330),#7041,.F.);
#7322=ADVANCED_FACE('',(#579),#7042,.T.);
#7323=ADVANCED_FACE('',(#580),#7043,.T.);
#7324=ADVANCED_FACE('',(#581),#7044,.T.);
#7325=ADVANCED_FACE('',(#582),#485,.T.);
#7326=ADVANCED_FACE('',(#583),#486,.T.);
#7327=ADVANCED_FACE('',(#584),#487,.T.);
#7328=ADVANCED_FACE('',(#585),#488,.T.);
#7329=ADVANCED_FACE('',(#586),#489,.T.);
#7330=ADVANCED_FACE('',(#587),#490,.T.);
#7331=ADVANCED_FACE('',(#588),#491,.T.);
#7332=ADVANCED_FACE('',(#589),#492,.T.);
#7333=ADVANCED_FACE('',(#590,#331),#7045,.T.);
#7334=ADVANCED_FACE('',(#591,#332),#7046,.T.);
#7335=ADVANCED_FACE('',(#592),#7047,.F.);
#7336=ADVANCED_FACE('',(#593),#7048,.F.);
#7337=ADVANCED_FACE('',(#594),#7049,.F.);
#7338=ADVANCED_FACE('',(#595),#493,.F.);
#7339=ADVANCED_FACE('',(#596),#494,.F.);
#7340=ADVANCED_FACE('',(#597),#495,.F.);
#7341=ADVANCED_FACE('',(#598),#496,.F.);
#7342=ADVANCED_FACE('',(#599),#497,.F.);
#7343=ADVANCED_FACE('',(#600),#498,.F.);
#7344=ADVANCED_FACE('',(#601),#499,.F.);
#7345=ADVANCED_FACE('',(#602),#500,.F.);
#7346=ADVANCED_FACE('',(#603),#7050,.T.);
#7347=ADVANCED_FACE('',(#604),#501,.F.);
#7348=ADVANCED_FACE('',(#605),#502,.F.);
#7349=ADVANCED_FACE('',(#606),#503,.F.);
#7350=ADVANCED_FACE('',(#607),#504,.F.);
#7351=ADVANCED_FACE('',(#608),#505,.F.);
#7352=ADVANCED_FACE('',(#609),#506,.F.);
#7353=ADVANCED_FACE('',(#610),#507,.F.);
#7354=ADVANCED_FACE('',(#611),#7051,.F.);
#7355=ADVANCED_FACE('',(#612),#508,.F.);
#7356=ADVANCED_FACE('',(#613,#333),#7052,.T.);
#7357=ADVANCED_FACE('',(#614),#7053,.T.);
#7358=ADVANCED_FACE('',(#615),#7054,.F.);
#7359=ADVANCED_FACE('',(#616),#7055,.F.);
#7360=ADVANCED_FACE('',(#617),#7056,.F.);
#7361=ADVANCED_FACE('',(#618),#7057,.F.);
#7362=ADVANCED_FACE('',(#619),#7058,.F.);
#7363=ADVANCED_FACE('',(#620),#7059,.T.);
#7364=ADVANCED_FACE('',(#621),#509,.F.);
#7365=ADVANCED_FACE('',(#622),#7060,.F.);
#7366=ADVANCED_FACE('',(#623),#7061,.F.);
#7367=ADVANCED_FACE('',(#624),#7062,.F.);
#7368=ADVANCED_FACE('',(#625),#510,.F.);
#7369=ADVANCED_FACE('',(#626),#511,.F.);
#7370=ADVANCED_FACE('',(#627),#7063,.F.);
#7371=ADVANCED_FACE('',(#628),#7064,.F.);
#7372=ADVANCED_FACE('',(#629),#512,.F.);
#7373=ADVANCED_FACE('',(#630),#7065,.F.);
#7374=ADVANCED_FACE('',(#631),#7066,.T.);
#7375=ADVANCED_FACE('',(#632),#7067,.T.);
#7376=ADVANCED_FACE('',(#633),#513,.F.);
#7377=ADVANCED_FACE('',(#634),#7068,.F.);
#7378=ADVANCED_FACE('',(#635),#514,.F.);
#7379=ADVANCED_FACE('',(#636),#515,.F.);
#7380=ADVANCED_FACE('',(#637),#7069,.F.);
#7381=ADVANCED_FACE('',(#638),#516,.F.);
#7382=ADVANCED_FACE('',(#639),#7070,.F.);
#7383=ADVANCED_FACE('',(#640),#7071,.F.);
#7384=ADVANCED_FACE('',(#641),#7072,.F.);
#7385=ADVANCED_FACE('',(#642),#7073,.F.);
#7386=ADVANCED_FACE('',(#643),#7074,.F.);
#7387=ADVANCED_FACE('',(#644),#7075,.F.);
#7388=ADVANCED_FACE('',(#645),#7076,.F.);
#7389=ADVANCED_FACE('',(#646),#7077,.F.);
#7390=ADVANCED_FACE('',(#647),#517,.F.);
#7391=ADVANCED_FACE('',(#648),#7078,.F.);
#7392=ADVANCED_FACE('',(#649),#518,.F.);
#7393=ADVANCED_FACE('',(#650),#519,.F.);
#7394=ADVANCED_FACE('',(#651),#7079,.F.);
#7395=ADVANCED_FACE('',(#652),#520,.F.);
#7396=ADVANCED_FACE('',(#653),#7080,.T.);
#7397=ADVANCED_FACE('',(#654),#267,.F.);
#7398=ADVANCED_FACE('',(#655),#7081,.T.);
#7399=ADVANCED_FACE('',(#656),#268,.F.);
#7400=ADVANCED_FACE('',(#657),#7082,.T.);
#7401=ADVANCED_FACE('',(#658),#269,.T.);
#7402=ADVANCED_FACE('',(#659),#7083,.T.);
#7403=ADVANCED_FACE('',(#660),#7084,.T.);
#7404=ADVANCED_FACE('',(#661),#270,.T.);
#7405=ADVANCED_FACE('',(#662),#7085,.T.);
#7406=ADVANCED_FACE('',(#663),#7086,.T.);
#7407=ADVANCED_FACE('',(#664),#271,.F.);
#7408=ADVANCED_FACE('',(#665),#7087,.T.);
#7409=ADVANCED_FACE('',(#666),#272,.F.);
#7410=ADVANCED_FACE('',(#667),#7088,.T.);
#7411=ADVANCED_FACE('',(#668),#7089,.T.);
#7412=ADVANCED_FACE('',(#669),#7090,.T.);
#7413=ADVANCED_FACE('',(#670),#7091,.F.);
#7414=ADVANCED_FACE('',(#671),#7092,.T.);
#7415=ADVANCED_FACE('',(#672,#334),#7093,.F.);
#7416=ADVANCED_FACE('',(#673),#7094,.F.);
#7417=ADVANCED_FACE('',(#674),#7095,.F.);
#7418=ADVANCED_FACE('',(#675),#7096,.F.);
#7419=ADVANCED_FACE('',(#676),#7097,.F.);
#7420=ADVANCED_FACE('',(#677),#7098,.F.);
#7421=ADVANCED_FACE('',(#678),#7099,.F.);
#7422=ADVANCED_FACE('',(#679),#62,.F.);
#7423=ADVANCED_FACE('',(#680),#54,.T.);
#7424=ADVANCED_FACE('',(#681),#63,.F.);
#7425=ADVANCED_FACE('',(#682),#64,.F.);
#7426=ADVANCED_FACE('',(#683),#65,.F.);
#7427=ADVANCED_FACE('',(#684),#66,.F.);
#7428=ADVANCED_FACE('',(#685),#67,.F.);
#7429=ADVANCED_FACE('',(#686),#68,.F.);
#7430=ADVANCED_FACE('',(#687),#55,.T.);
#7431=ADVANCED_FACE('',(#688),#69,.F.);
#7432=ADVANCED_FACE('',(#689),#70,.F.);
#7433=ADVANCED_FACE('',(#690),#273,.T.);
#7434=ADVANCED_FACE('',(#691),#274,.F.);
#7435=ADVANCED_FACE('',(#692),#71,.F.);
#7436=ADVANCED_FACE('',(#693),#72,.F.);
#7437=ADVANCED_FACE('',(#694),#73,.F.);
#7438=ADVANCED_FACE('',(#695),#74,.F.);
#7439=ADVANCED_FACE('',(#696),#75,.F.);
#7440=ADVANCED_FACE('',(#697),#76,.F.);
#7441=ADVANCED_FACE('',(#698),#56,.T.);
#7442=ADVANCED_FACE('',(#699),#77,.F.);
#7443=ADVANCED_FACE('',(#700),#57,.T.);
#7444=ADVANCED_FACE('',(#701),#275,.T.);
#7445=ADVANCED_FACE('',(#702),#7100,.T.);
#7446=ADVANCED_FACE('',(#703,#335,#336,#337,#338,#339,#340,#341,#342,#343,
#344,#345),#7101,.T.);
#7447=ADVANCED_FACE('',(#704),#276,.F.);
#7448=ADVANCED_FACE('',(#705),#78,.F.);
#7449=ADVANCED_FACE('',(#706),#79,.F.);
#7450=ADVANCED_FACE('',(#707),#80,.F.);
#7451=ADVANCED_FACE('',(#708),#81,.F.);
#7452=ADVANCED_FACE('',(#709),#82,.F.);
#7453=ADVANCED_FACE('',(#710),#83,.F.);
#7454=ADVANCED_FACE('',(#711),#84,.F.);
#7455=ADVANCED_FACE('',(#712),#58,.T.);
#7456=ADVANCED_FACE('',(#713),#277,.T.);
#7457=ADVANCED_FACE('',(#714),#278,.T.);
#7458=ADVANCED_FACE('',(#715),#279,.F.);
#7459=ADVANCED_FACE('',(#716),#85,.F.);
#7460=ADVANCED_FACE('',(#717),#86,.F.);
#7461=ADVANCED_FACE('',(#718),#87,.F.);
#7462=ADVANCED_FACE('',(#719),#88,.F.);
#7463=ADVANCED_FACE('',(#720),#89,.F.);
#7464=ADVANCED_FACE('',(#721),#90,.F.);
#7465=ADVANCED_FACE('',(#722),#59,.T.);
#7466=ADVANCED_FACE('',(#723),#91,.F.);
#7467=ADVANCED_FACE('',(#724),#7102,.T.);
#7468=ADVANCED_FACE('',(#725),#280,.T.);
#7469=ADVANCED_FACE('',(#726),#281,.F.);
#7470=ADVANCED_FACE('',(#727),#7103,.T.);
#7471=ADVANCED_FACE('',(#728),#7104,.T.);
#7472=ADVANCED_FACE('',(#729),#7105,.T.);
#7473=ADVANCED_FACE('',(#730),#7106,.T.);
#7474=ADVANCED_FACE('',(#731),#282,.T.);
#7475=ADVANCED_FACE('',(#732),#92,.F.);
#7476=ADVANCED_FACE('',(#733),#93,.F.);
#7477=ADVANCED_FACE('',(#734),#94,.F.);
#7478=ADVANCED_FACE('',(#735),#95,.F.);
#7479=ADVANCED_FACE('',(#736),#60,.T.);
#7480=ADVANCED_FACE('',(#737),#96,.F.);
#7481=ADVANCED_FACE('',(#738),#97,.F.);
#7482=ADVANCED_FACE('',(#739),#7107,.F.);
#7483=ADVANCED_FACE('',(#740),#283,.T.);
#7484=ADVANCED_FACE('',(#741),#7108,.F.);
#7485=ADVANCED_FACE('',(#742),#7109,.F.);
#7486=ADVANCED_FACE('',(#743),#7110,.F.);
#7487=ADVANCED_FACE('',(#744),#284,.T.);
#7488=ADVANCED_FACE('',(#745),#285,.T.);
#7489=ADVANCED_FACE('',(#746),#7111,.F.);
#7490=ADVANCED_FACE('',(#747),#286,.T.);
#7491=ADVANCED_FACE('',(#748),#7112,.T.);
#7492=ADVANCED_FACE('',(#749),#7113,.T.);
#7493=ADVANCED_FACE('',(#750),#287,.T.);
#7494=ADVANCED_FACE('',(#751),#7114,.T.);
#7495=ADVANCED_FACE('',(#752),#288,.T.);
#7496=ADVANCED_FACE('',(#753),#61,.T.);
#7497=ADVANCED_FACE('',(#754,#346,#347),#7115,.T.);
#7498=ADVANCED_FACE('',(#755),#7116,.T.);
#7499=ADVANCED_FACE('',(#756),#289,.T.);
#7500=ADVANCED_FACE('',(#757),#7117,.T.);
#7501=ADVANCED_FACE('',(#758),#7118,.F.);
#7502=ADVANCED_FACE('',(#759,#348,#349),#7119,.T.);
#7503=ADVANCED_FACE('',(#760),#7120,.T.);
#7504=ADVANCED_FACE('',(#761),#7121,.T.);
#7505=ADVANCED_FACE('',(#762),#290,.T.);
#7506=ADVANCED_FACE('',(#763),#7122,.T.);
#7507=ADVANCED_FACE('',(#764),#7123,.F.);
#7508=ADVANCED_FACE('',(#765),#291,.F.);
#7509=ADVANCED_FACE('',(#766),#7124,.T.);
#7510=ADVANCED_FACE('',(#767),#292,.F.);
#7511=ADVANCED_FACE('',(#768),#7125,.F.);
#7512=ADVANCED_FACE('',(#769),#7126,.F.);
#7513=ADVANCED_FACE('',(#770),#7127,.F.);
#7514=ADVANCED_FACE('',(#771),#7128,.F.);
#7515=ADVANCED_FACE('',(#772,#350),#7129,.F.);
#7516=ADVANCED_FACE('',(#773),#7130,.F.);
#7517=ADVANCED_FACE('',(#774),#7131,.F.);
#7518=ADVANCED_FACE('',(#775),#7132,.F.);
#7519=ADVANCED_FACE('',(#776),#7133,.F.);
#7520=ADVANCED_FACE('',(#777),#7134,.T.);
#7521=ADVANCED_FACE('',(#778),#7135,.T.);
#7522=ADVANCED_FACE('',(#779),#7136,.T.);
#7523=ADVANCED_FACE('',(#780),#293,.F.);
#7524=ADVANCED_FACE('',(#781),#294,.F.);
#7525=ADVANCED_FACE('',(#782),#295,.F.);
#7526=ADVANCED_FACE('',(#783),#296,.F.);
#7527=ADVANCED_FACE('',(#784),#297,.T.);
#7528=ADVANCED_FACE('',(#785),#7137,.T.);
#7529=ADVANCED_FACE('',(#786),#7138,.T.);
#7530=ADVANCED_FACE('',(#787),#298,.T.);
#7531=ADVANCED_FACE('',(#788),#7139,.T.);
#7532=ADVANCED_FACE('',(#789),#7140,.T.);
#7533=ADVANCED_FACE('',(#790),#299,.F.);
#7534=ADVANCED_FACE('',(#791),#7141,.F.);
#7535=ADVANCED_FACE('',(#792),#300,.F.);
#7536=ADVANCED_FACE('',(#793),#301,.F.);
#7537=ADVANCED_FACE('',(#794),#7142,.F.);
#7538=ADVANCED_FACE('',(#795),#7143,.T.);
#7539=ADVANCED_FACE('',(#796),#7144,.F.);
#7540=ADVANCED_FACE('',(#797),#7145,.F.);
#7541=ADVANCED_FACE('',(#798),#7146,.F.);
#7542=ADVANCED_FACE('',(#799),#7147,.T.);
#7543=ADVANCED_FACE('',(#800),#7148,.F.);
#7544=ADVANCED_FACE('',(#801),#7149,.F.);
#7545=ADVANCED_FACE('',(#802),#7150,.T.);
#7546=ADVANCED_FACE('',(#803),#7151,.F.);
#7547=ADVANCED_FACE('',(#804),#7152,.F.);
#7548=ADVANCED_FACE('',(#805),#7153,.F.);
#7549=ADVANCED_FACE('',(#806),#7154,.T.);
#7550=ADVANCED_FACE('',(#807),#7155,.F.);
#7551=ADVANCED_FACE('',(#808),#7156,.F.);
#7552=ADVANCED_FACE('',(#809),#302,.T.);
#7553=ADVANCED_FACE('',(#810),#303,.T.);
#7554=ADVANCED_FACE('',(#811),#7157,.T.);
#7555=ADVANCED_FACE('',(#812),#304,.T.);
#7556=ADVANCED_FACE('',(#813),#7158,.F.);
#7557=ADVANCED_FACE('',(#814),#7159,.F.);
#7558=ADVANCED_FACE('',(#815),#305,.T.);
#7559=ADVANCED_FACE('',(#816),#7160,.F.);
#7560=ADVANCED_FACE('',(#817),#7161,.F.);
#7561=ADVANCED_FACE('',(#818),#7162,.F.);
#7562=ADVANCED_FACE('',(#819),#7163,.F.);
#7563=ADVANCED_FACE('',(#820),#7164,.F.);
#7564=ADVANCED_FACE('',(#821),#7165,.T.);
#7565=ADVANCED_FACE('',(#822),#7166,.T.);
#7566=ADVANCED_FACE('',(#823),#7167,.T.);
#7567=ADVANCED_FACE('',(#824),#7168,.T.);
#7568=ADVANCED_FACE('',(#825),#7169,.T.);
#7569=ADVANCED_FACE('',(#826),#7170,.T.);
#7570=ADVANCED_FACE('',(#827),#7171,.T.);
#7571=ADVANCED_FACE('',(#828),#7172,.T.);
#7572=ADVANCED_FACE('',(#829),#7173,.T.);
#7573=ADVANCED_FACE('',(#830),#7174,.T.);
#7574=ADVANCED_FACE('',(#831),#7175,.T.);
#7575=ADVANCED_FACE('',(#832),#7176,.F.);
#7576=ADVANCED_FACE('',(#833),#7177,.F.);
#7577=ADVANCED_FACE('',(#834),#7178,.F.);
#7578=ADVANCED_FACE('',(#835),#7179,.T.);
#7579=ADVANCED_FACE('',(#836),#7180,.F.);
#7580=ADVANCED_FACE('',(#837),#7181,.F.);
#7581=ADVANCED_FACE('',(#838),#7182,.F.);
#7582=ADVANCED_FACE('',(#839),#7183,.F.);
#7583=ADVANCED_FACE('',(#840),#7184,.F.);
#7584=ADVANCED_FACE('',(#841),#7185,.F.);
#7585=ADVANCED_FACE('',(#842),#7186,.F.);
#7586=ADVANCED_FACE('',(#843),#7187,.F.);
#7587=ADVANCED_FACE('',(#844),#7188,.T.);
#7588=ADVANCED_FACE('',(#845),#7189,.T.);
#7589=ADVANCED_FACE('',(#846),#7190,.T.);
#7590=ADVANCED_FACE('',(#847),#7191,.T.);
#7591=ADVANCED_FACE('',(#848),#7192,.T.);
#7592=ADVANCED_FACE('',(#849),#19,.F.);
#7593=ADVANCED_FACE('',(#850),#20,.T.);
#7594=ADVANCED_FACE('',(#851),#7193,.T.);
#7595=ADVANCED_FACE('',(#852),#7194,.T.);
#7596=ADVANCED_FACE('',(#853),#7195,.T.);
#7597=ADVANCED_FACE('',(#854),#7196,.T.);
#7598=ADVANCED_FACE('',(#855),#7197,.T.);
#7599=ADVANCED_FACE('',(#856),#7198,.T.);
#7600=ADVANCED_FACE('',(#857),#21,.F.);
#7601=ADVANCED_FACE('',(#858),#22,.T.);
#7602=ADVANCED_FACE('',(#859),#7199,.T.);
#7603=ADVANCED_FACE('',(#860),#7200,.T.);
#7604=ADVANCED_FACE('',(#861),#7201,.T.);
#7605=ADVANCED_FACE('',(#862),#7202,.T.);
#7606=ADVANCED_FACE('',(#863),#7203,.F.);
#7607=ADVANCED_FACE('',(#864),#7204,.F.);
#7608=ADVANCED_FACE('',(#865),#7205,.T.);
#7609=ADVANCED_FACE('',(#866),#7206,.F.);
#7610=ADVANCED_FACE('',(#867),#7207,.F.);
#7611=ADVANCED_FACE('',(#868),#7208,.F.);
#7612=ADVANCED_FACE('',(#869),#7209,.F.);
#7613=ADVANCED_FACE('',(#870),#7210,.F.);
#7614=ADVANCED_FACE('',(#871),#7211,.F.);
#7615=ADVANCED_FACE('',(#872),#23,.F.);
#7616=ADVANCED_FACE('',(#873),#24,.T.);
#7617=ADVANCED_FACE('',(#874),#7212,.F.);
#7618=ADVANCED_FACE('',(#875),#7213,.F.);
#7619=ADVANCED_FACE('',(#876),#7214,.F.);
#7620=ADVANCED_FACE('',(#877),#7215,.F.);
#7621=ADVANCED_FACE('',(#878),#25,.F.);
#7622=ADVANCED_FACE('',(#879),#26,.T.);
#7623=ADVANCED_FACE('',(#880),#7216,.F.);
#7624=ADVANCED_FACE('',(#881),#7217,.F.);
#7625=ADVANCED_FACE('',(#882),#7218,.F.);
#7626=ADVANCED_FACE('',(#883),#7219,.F.);
#7627=ADVANCED_FACE('',(#884),#7220,.F.);
#7628=ADVANCED_FACE('',(#885),#7221,.F.);
#7629=ADVANCED_FACE('',(#886),#7222,.T.);
#7630=ADVANCED_FACE('',(#887),#7223,.F.);
#7631=ADVANCED_FACE('',(#888),#7224,.F.);
#7632=ADVANCED_FACE('',(#889),#7225,.F.);
#7633=ADVANCED_FACE('',(#890),#27,.F.);
#7634=ADVANCED_FACE('',(#891),#28,.F.);
#7635=ADVANCED_FACE('',(#892),#306,.F.);
#7636=ADVANCED_FACE('',(#893),#7226,.F.);
#7637=ADVANCED_FACE('',(#894),#7227,.F.);
#7638=ADVANCED_FACE('',(#895),#29,.F.);
#7639=ADVANCED_FACE('',(#896),#30,.F.);
#7640=ADVANCED_FACE('',(#897),#307,.F.);
#7641=ADVANCED_FACE('',(#898),#7228,.F.);
#7642=ADVANCED_FACE('',(#899),#7229,.F.);
#7643=ADVANCED_FACE('',(#900),#7230,.F.);
#7644=ADVANCED_FACE('',(#901),#7231,.T.);
#7645=ADVANCED_FACE('',(#902),#7232,.T.);
#7646=ADVANCED_FACE('',(#903),#308,.F.);
#7647=ADVANCED_FACE('',(#904),#309,.F.);
#7648=ADVANCED_FACE('',(#905),#7233,.T.);
#7649=ADVANCED_FACE('',(#906),#7234,.T.);
#7650=ADVANCED_FACE('',(#907),#310,.F.);
#7651=ADVANCED_FACE('',(#908),#311,.F.);
#7652=ADVANCED_FACE('',(#909),#7235,.T.);
#7653=ADVANCED_FACE('',(#910),#7236,.T.);
#7654=ADVANCED_FACE('',(#911),#7237,.F.);
#7655=ADVANCED_FACE('',(#912),#7238,.F.);
#7656=ADVANCED_FACE('',(#913),#7239,.F.);
#7657=ADVANCED_FACE('',(#914),#31,.F.);
#7658=ADVANCED_FACE('',(#915),#32,.F.);
#7659=ADVANCED_FACE('',(#916),#312,.F.);
#7660=ADVANCED_FACE('',(#917),#7240,.F.);
#7661=ADVANCED_FACE('',(#918),#33,.F.);
#7662=ADVANCED_FACE('',(#919),#34,.F.);
#7663=ADVANCED_FACE('',(#920),#313,.F.);
#7664=ADVANCED_FACE('',(#921),#7241,.F.);
#7665=ADVANCED_FACE('',(#922),#7242,.F.);
#7666=ADVANCED_FACE('',(#923),#7243,.F.);
#7667=ADVANCED_FACE('',(#924),#7244,.T.);
#7668=ADVANCED_FACE('',(#925),#7245,.T.);
#7669=ADVANCED_FACE('',(#926),#314,.F.);
#7670=ADVANCED_FACE('',(#927),#315,.F.);
#7671=ADVANCED_FACE('',(#928),#7246,.T.);
#7672=ADVANCED_FACE('',(#929),#7247,.T.);
#7673=ADVANCED_FACE('',(#930),#316,.F.);
#7674=ADVANCED_FACE('',(#931),#317,.F.);
#7675=ADVANCED_FACE('',(#932),#7248,.T.);
#7676=ADVANCED_FACE('',(#933),#7249,.T.);
#7677=ADVANCED_FACE('',(#934,#351,#352),#7250,.T.);
#7678=ADVANCED_FACE('',(#935),#7251,.T.);
#7679=ADVANCED_FACE('',(#936),#318,.T.);
#7680=ADVANCED_FACE('',(#937),#7252,.T.);
#7681=ADVANCED_FACE('',(#938),#319,.F.);
#7682=ADVANCED_FACE('',(#939),#7253,.T.);
#7683=ADVANCED_FACE('',(#940),#320,.F.);
#7684=ADVANCED_FACE('',(#941),#7254,.T.);
#7685=ADVANCED_FACE('',(#942),#321,.T.);
#7686=ADVANCED_FACE('',(#943,#353,#354),#7255,.T.);
#7687=ADVANCED_FACE('',(#944),#322,.F.);
#7688=ADVANCED_FACE('',(#945),#7256,.T.);
#7689=ADVANCED_FACE('',(#946),#7257,.T.);
#7690=ADVANCED_FACE('',(#947),#323,.F.);
#7691=ADVANCED_FACE('',(#948),#7258,.T.);
#7692=ADVANCED_FACE('',(#949),#324,.T.);
#7693=ADVANCED_FACE('',(#950),#325,.F.);
#7694=ADVANCED_FACE('',(#951),#7259,.T.);
#7695=ADVANCED_FACE('',(#952),#326,.T.);
#7696=ADVANCED_FACE('',(#953),#7260,.T.);
#7697=ADVANCED_FACE('',(#954),#327,.F.);
#7698=ADVANCED_FACE('',(#955),#7261,.F.);
#7699=ADVANCED_FACE('',(#956),#7262,.T.);
#7700=ADVANCED_FACE('',(#957),#7263,.F.);
#7701=CLOSED_SHELL('',(#7264,#7265,#7266,#7267,#7268,#7269,#7270,#7271));
#7702=CLOSED_SHELL('',(#7272,#7273,#7274,#7275,#7276));
#7703=CLOSED_SHELL('',(#7277,#7278,#7279,#7280,#7281));
#7704=CLOSED_SHELL('',(#7282,#7283,#7284,#7285,#7286,#7287,#7288,#7289));
#7705=CLOSED_SHELL('',(#7290,#7291,#7292,#7293,#7294,#7295));
#7706=CLOSED_SHELL('',(#7296,#7297,#7298,#7299,#7300,#7301,#7302,#7303));
#7707=CLOSED_SHELL('',(#7304,#7305,#7306,#7307,#7308,#7309));
#7708=CLOSED_SHELL('',(#7310,#7311,#7312,#7313,#7314,#7315,#7316,#7317,
#7318,#7319,#7320));
#7709=CLOSED_SHELL('',(#7321,#7322,#7323,#7324,#7325,#7326,#7327,#7328,
#7329,#7330,#7331,#7332,#7333));
#7710=CLOSED_SHELL('',(#7334,#7335,#7336,#7337,#7338,#7339,#7340,#7341,
#7342,#7343,#7344,#7345,#7346,#7347,#7348,#7349,#7350,#7351,#7352,#7353,
#7354,#7355,#7356,#7357,#7358,#7359,#7360,#7361,#7362,#7363,#7364,#7365,
#7366,#7367,#7368,#7369,#7370,#7371,#7372,#7373,#7374,#7375,#7376,#7377,
#7378,#7379,#7380,#7381,#7382,#7383,#7384,#7385,#7386,#7387,#7388,#7389,
#7390,#7391,#7392,#7393,#7394,#7395,#7396,#7397,#7398,#7399,#7400,#7401,
#7402,#7403,#7404,#7405,#7406,#7407,#7408,#7409,#7410,#7411,#7412,#7413,
#7414,#7415,#7416,#7417,#7418,#7419,#7420,#7421,#7422,#7423,#7424,#7425,
#7426,#7427,#7428,#7429,#7430,#7431,#7432,#7433,#7434,#7435,#7436,#7437,
#7438,#7439,#7440,#7441,#7442,#7443,#7444,#7445,#7446,#7447,#7448,#7449,
#7450,#7451,#7452,#7453,#7454,#7455,#7456,#7457,#7458,#7459,#7460,#7461,
#7462,#7463,#7464,#7465,#7466,#7467,#7468,#7469,#7470,#7471,#7472,#7473,
#7474,#7475,#7476,#7477,#7478,#7479,#7480,#7481,#7482,#7483,#7484,#7485,
#7486,#7487,#7488,#7489,#7490,#7491,#7492,#7493,#7494,#7495,#7496,#7497,
#7498,#7499,#7500,#7501,#7502,#7503,#7504,#7505,#7506,#7507,#7508,#7509,
#7510,#7511,#7512,#7513,#7514,#7515,#7516,#7517,#7518,#7519,#7520,#7521,
#7522,#7523,#7524,#7525,#7526,#7527,#7528,#7529,#7530,#7531,#7532,#7533,
#7534,#7535,#7536,#7537,#7538,#7539,#7540,#7541,#7542,#7543,#7544,#7545,
#7546,#7547,#7548,#7549,#7550,#7551,#7552,#7553,#7554,#7555,#7556,#7557,
#7558,#7559,#7560,#7561,#7562,#7563,#7564,#7565,#7566,#7567,#7568,#7569,
#7570,#7571,#7572,#7573,#7574,#7575,#7576,#7577,#7578,#7579,#7580,#7581,
#7582,#7583,#7584,#7585,#7586,#7587,#7588,#7589,#7590,#7591,#7592,#7593,
#7594,#7595,#7596,#7597,#7598,#7599,#7600,#7601,#7602,#7603,#7604,#7605,
#7606,#7607,#7608,#7609,#7610,#7611,#7612,#7613,#7614,#7615,#7616,#7617,
#7618,#7619,#7620,#7621,#7622,#7623,#7624,#7625,#7626,#7627,#7628,#7629,
#7630,#7631,#7632,#7633,#7634,#7635,#7636,#7637,#7638,#7639,#7640,#7641,
#7642,#7643,#7644,#7645,#7646,#7647,#7648,#7649,#7650,#7651,#7652,#7653,
#7654,#7655,#7656,#7657,#7658,#7659,#7660,#7661,#7662,#7663,#7664,#7665,
#7666,#7667,#7668,#7669,#7670,#7671,#7672,#7673,#7674,#7675,#7676,#7677,
#7678,#7679,#7680,#7681,#7682,#7683,#7684,#7685,#7686,#7687,#7688,#7689,
#7690,#7691,#7692,#7693,#7694,#7695,#7696,#7697,#7698,#7699,#7700));
#7711=DERIVED_UNIT_ELEMENT(#7715,1.);
#7712=DERIVED_UNIT_ELEMENT(#15080,-3.);
#7713=DERIVED_UNIT_ELEMENT(#7715,1.);
#7714=DERIVED_UNIT_ELEMENT(#15080,-3.);
#7715=(
MASS_UNIT()
NAMED_UNIT(*)
SI_UNIT(.KILO.,.GRAM.)
);
#7716=DERIVED_UNIT((#7711,#7712));
#7717=DERIVED_UNIT((#7713,#7714));
#7718=MEASURE_REPRESENTATION_ITEM('density measure',
POSITIVE_RATIO_MEASURE(7850.),#7716);
#7719=MEASURE_REPRESENTATION_ITEM('density measure',
POSITIVE_RATIO_MEASURE(7850.),#7717);
#7720=PROPERTY_DEFINITION_REPRESENTATION(#7730,#7724);
#7721=PROPERTY_DEFINITION_REPRESENTATION(#7731,#7725);
#7722=PROPERTY_DEFINITION_REPRESENTATION(#7732,#7726);
#7723=PROPERTY_DEFINITION_REPRESENTATION(#7733,#7727);
#7724=REPRESENTATION('material name',(#7728),#15076);
#7725=REPRESENTATION('density',(#7718),#15076);
#7726=REPRESENTATION('material name',(#7729),#15077);
#7727=REPRESENTATION('density',(#7719),#15077);
#7728=DESCRIPTIVE_REPRESENTATION_ITEM('Steel','Steel');
#7729=DESCRIPTIVE_REPRESENTATION_ITEM('Steel','Steel');
#7730=PROPERTY_DEFINITION('material property','material name',#15096);
#7731=PROPERTY_DEFINITION('material property','density of part',#15096);
#7732=PROPERTY_DEFINITION('material property','material name',#15097);
#7733=PROPERTY_DEFINITION('material property','density of part',#15097);
#7734=AXIS2_PLACEMENT_3D('',#10070,#8272,#8273);
#7735=AXIS2_PLACEMENT_3D('',#10071,#8274,#8275);
#7736=AXIS2_PLACEMENT_3D('',#10072,#8276,#8277);
#7737=AXIS2_PLACEMENT_3D('',#10113,#8282,#8283);
#7738=AXIS2_PLACEMENT_3D('',#10145,#8288,#8289);
#7739=AXIS2_PLACEMENT_3D('',#10161,#8292,#8293);
#7740=AXIS2_PLACEMENT_3D('',#10162,#8294,#8295);
#7741=AXIS2_PLACEMENT_3D('',#10169,#8299,#8300);
#7742=AXIS2_PLACEMENT_3D('',#10175,#8304,#8305);
#7743=AXIS2_PLACEMENT_3D('',#10179,#8308,#8309);
#7744=AXIS2_PLACEMENT_3D('',#10181,#8311,#8312);
#7745=AXIS2_PLACEMENT_3D('',#10182,#8313,#8314);
#7746=AXIS2_PLACEMENT_3D('',#10189,#8318,#8319);
#7747=AXIS2_PLACEMENT_3D('',#10195,#8323,#8324);
#7748=AXIS2_PLACEMENT_3D('',#10199,#8327,#8328);
#7749=AXIS2_PLACEMENT_3D('',#10201,#8330,#8331);
#7750=AXIS2_PLACEMENT_3D('',#10202,#8332,#8333);
#7751=AXIS2_PLACEMENT_3D('',#10243,#8338,#8339);
#7752=AXIS2_PLACEMENT_3D('',#10275,#8344,#8345);
#7753=AXIS2_PLACEMENT_3D('',#10291,#8348,#8349);
#7754=AXIS2_PLACEMENT_3D('',#10292,#8350,#8351);
#7755=AXIS2_PLACEMENT_3D('',#10304,#8355,#8356);
#7756=AXIS2_PLACEMENT_3D('',#10310,#8360,#8361);
#7757=AXIS2_PLACEMENT_3D('',#10328,#8365,#8366);
#7758=AXIS2_PLACEMENT_3D('',#10330,#8368,#8369);
#7759=AXIS2_PLACEMENT_3D('',#10331,#8370,#8371);
#7760=AXIS2_PLACEMENT_3D('',#10369,#8377,#8378);
#7761=AXIS2_PLACEMENT_3D('',#10373,#8381,#8382);
#7762=AXIS2_PLACEMENT_3D('',#10377,#8385,#8386);
#7763=AXIS2_PLACEMENT_3D('',#10407,#8390,#8391);
#7764=AXIS2_PLACEMENT_3D('',#10408,#8392,#8393);
#7765=AXIS2_PLACEMENT_3D('',#10409,#8394,#8395);
#7766=AXIS2_PLACEMENT_3D('',#10418,#8400,#8401);
#7767=AXIS2_PLACEMENT_3D('',#10424,#8405,#8406);
#7768=AXIS2_PLACEMENT_3D('',#10428,#8409,#8410);
#7769=AXIS2_PLACEMENT_3D('',#10432,#8413,#8414);
#7770=AXIS2_PLACEMENT_3D('',#10434,#8416,#8417);
#7771=AXIS2_PLACEMENT_3D('',#10435,#8418,#8419);
#7772=AXIS2_PLACEMENT_3D('',#10578,#8429,#8430);
#7773=AXIS2_PLACEMENT_3D('',#10594,#8433,#8434);
#7774=AXIS2_PLACEMENT_3D('',#10595,#8435,#8436);
#7775=AXIS2_PLACEMENT_3D('',#10642,#8440,#8441);
#7776=AXIS2_PLACEMENT_3D('',#10648,#8445,#8446);
#7777=AXIS2_PLACEMENT_3D('',#10652,#8449,#8450);
#7778=AXIS2_PLACEMENT_3D('',#10766,#8460,#8461);
#7779=AXIS2_PLACEMENT_3D('',#10767,#8462,#8463);
#7780=AXIS2_PLACEMENT_3D('',#10814,#8467,#8468);
#7781=AXIS2_PLACEMENT_3D('',#10820,#8472,#8473);
#7782=AXIS2_PLACEMENT_3D('',#10824,#8476,#8477);
#7783=AXIS2_PLACEMENT_3D('',#10938,#8487,#8488);
#7784=AXIS2_PLACEMENT_3D('',#11075,#8497,#8498);
#7785=AXIS2_PLACEMENT_3D('',#11097,#8502,#8503);
#7786=AXIS2_PLACEMENT_3D('',#11098,#8504,#8505);
#7787=AXIS2_PLACEMENT_3D('',#11099,#8506,#8507);
#7788=AXIS2_PLACEMENT_3D('',#11108,#8512,#8513);
#7789=AXIS2_PLACEMENT_3D('',#11114,#8517,#8518);
#7790=AXIS2_PLACEMENT_3D('',#11118,#8521,#8522);
#7791=AXIS2_PLACEMENT_3D('',#11122,#8525,#8526);
#7792=AXIS2_PLACEMENT_3D('',#11124,#8528,#8529);
#7793=AXIS2_PLACEMENT_3D('',#11162,#8535,#8536);
#7794=AXIS2_PLACEMENT_3D('',#11166,#8539,#8540);
#7795=AXIS2_PLACEMENT_3D('',#11170,#8543,#8544);
#7796=AXIS2_PLACEMENT_3D('',#11200,#8548,#8549);
#7797=AXIS2_PLACEMENT_3D('',#11209,#8554,#8555);
#7798=AXIS2_PLACEMENT_3D('',#11234,#8560,#8561);
#7799=AXIS2_PLACEMENT_3D('',#11237,#8564,#8565);
#7800=AXIS2_PLACEMENT_3D('',#11238,#8566,#8567);
#7801=AXIS2_PLACEMENT_3D('',#11279,#8572,#8573);
#7802=AXIS2_PLACEMENT_3D('',#11311,#8578,#8579);
#7803=AXIS2_PLACEMENT_3D('',#11327,#8582,#8583);
#7804=AXIS2_PLACEMENT_3D('',#11336,#8588,#8589);
#7805=AXIS2_PLACEMENT_3D('',#11342,#8593,#8594);
#7806=AXIS2_PLACEMENT_3D('',#11345,#8597,#8598);
#7807=AXIS2_PLACEMENT_3D('',#11346,#8599,#8600);
#7808=AXIS2_PLACEMENT_3D('',#11353,#8604,#8605);
#7809=AXIS2_PLACEMENT_3D('',#11359,#8609,#8610);
#7810=AXIS2_PLACEMENT_3D('',#11363,#8613,#8614);
#7811=AXIS2_PLACEMENT_3D('',#11387,#8618,#8619);
#7812=AXIS2_PLACEMENT_3D('',#11431,#8625,#8626);
#7813=AXIS2_PLACEMENT_3D('',#11453,#8630,#8631);
#7814=AXIS2_PLACEMENT_3D('',#11454,#8632,#8633);
#7815=AXIS2_PLACEMENT_3D('',#11457,#8634,#8635);
#7816=AXIS2_PLACEMENT_3D('',#11461,#8637,#8638);
#7817=AXIS2_PLACEMENT_3D('',#11463,#8640,#8641);
#7818=AXIS2_PLACEMENT_3D('',#11469,#8645,#8646);
#7819=AXIS2_PLACEMENT_3D('',#11472,#8647,#8648);
#7820=AXIS2_PLACEMENT_3D('',#11476,#8650,#8651);
#7821=AXIS2_PLACEMENT_3D('',#11478,#8653,#8654);
#7822=AXIS2_PLACEMENT_3D('',#11484,#8658,#8659);
#7823=AXIS2_PLACEMENT_3D('',#11487,#8660,#8661);
#7824=AXIS2_PLACEMENT_3D('',#11491,#8663,#8664);
#7825=AXIS2_PLACEMENT_3D('',#11493,#8666,#8667);
#7826=AXIS2_PLACEMENT_3D('',#11502,#8672,#8673);
#7827=AXIS2_PLACEMENT_3D('',#11504,#8675,#8676);
#7828=AXIS2_PLACEMENT_3D('',#11508,#8679,#8680);
#7829=AXIS2_PLACEMENT_3D('',#11511,#8681,#8682);
#7830=AXIS2_PLACEMENT_3D('',#11515,#8684,#8685);
#7831=AXIS2_PLACEMENT_3D('',#11517,#8687,#8688);
#7832=AXIS2_PLACEMENT_3D('',#11526,#8693,#8694);
#7833=AXIS2_PLACEMENT_3D('',#11528,#8696,#8697);
#7834=AXIS2_PLACEMENT_3D('',#11532,#8700,#8701);
#7835=AXIS2_PLACEMENT_3D('',#11535,#8702,#8703);
#7836=AXIS2_PLACEMENT_3D('',#11538,#8706,#8707);
#7837=AXIS2_PLACEMENT_3D('',#11540,#8709,#8710);
#7838=AXIS2_PLACEMENT_3D('',#11543,#8711,#8712);
#7839=AXIS2_PLACEMENT_3D('',#11546,#8715,#8716);
#7840=AXIS2_PLACEMENT_3D('',#11548,#8718,#8719);
#7841=AXIS2_PLACEMENT_3D('',#11552,#8722,#8723);
#7842=AXIS2_PLACEMENT_3D('',#11556,#8726,#8727);
#7843=AXIS2_PLACEMENT_3D('',#11558,#8729,#8730);
#7844=AXIS2_PLACEMENT_3D('',#11560,#8732,#8733);
#7845=AXIS2_PLACEMENT_3D('',#11577,#8742,#8743);
#7846=AXIS2_PLACEMENT_3D('',#11591,#8750,#8751);
#7847=AXIS2_PLACEMENT_3D('',#11601,#8757,#8758);
#7848=AXIS2_PLACEMENT_3D('',#11605,#8761,#8762);
#7849=AXIS2_PLACEMENT_3D('',#11611,#8766,#8767);
#7850=AXIS2_PLACEMENT_3D('',#11617,#8771,#8772);
#7851=AXIS2_PLACEMENT_3D('',#11619,#8774,#8775);
#7852=AXIS2_PLACEMENT_3D('',#11652,#8777,#8778);
#7853=AXIS2_PLACEMENT_3D('',#11698,#8779,#8780);
#7854=AXIS2_PLACEMENT_3D('',#11700,#8781,#8782);
#7855=AXIS2_PLACEMENT_3D('',#11702,#8783,#8784);
#7856=AXIS2_PLACEMENT_3D('',#11755,#8785,#8786);
#7857=AXIS2_PLACEMENT_3D('',#11757,#8787,#8788);
#7858=AXIS2_PLACEMENT_3D('',#11758,#8789,#8790);
#7859=AXIS2_PLACEMENT_3D('',#11852,#8791,#8792);
#7860=AXIS2_PLACEMENT_3D('',#11942,#8793,#8794);
#7861=AXIS2_PLACEMENT_3D('',#11996,#8795,#8796);
#7862=AXIS2_PLACEMENT_3D('',#12058,#8797,#8798);
#7863=AXIS2_PLACEMENT_3D('',#12101,#8799,#8800);
#7864=AXIS2_PLACEMENT_3D('',#12103,#8801,#8802);
#7865=AXIS2_PLACEMENT_3D('',#12105,#8803,#8804);
#7866=AXIS2_PLACEMENT_3D('',#12107,#8805,#8806);
#7867=AXIS2_PLACEMENT_3D('',#12108,#8807,#8808);
#7868=AXIS2_PLACEMENT_3D('',#12130,#8809,#8810);
#7869=AXIS2_PLACEMENT_3D('',#12169,#8811,#8812);
#7870=AXIS2_PLACEMENT_3D('',#12185,#8813,#8814);
#7871=AXIS2_PLACEMENT_3D('',#12186,#8815,#8816);
#7872=AXIS2_PLACEMENT_3D('',#12187,#8817,#8818);
#7873=AXIS2_PLACEMENT_3D('',#12190,#8820,#8821);
#7874=AXIS2_PLACEMENT_3D('',#12218,#8822,#8823);
#7875=AXIS2_PLACEMENT_3D('',#12299,#8824,#8825);
#7876=AXIS2_PLACEMENT_3D('',#12356,#8826,#8827);
#7877=AXIS2_PLACEMENT_3D('',#12420,#8828,#8829);
#7878=AXIS2_PLACEMENT_3D('',#12521,#8830,#8831);
#7879=AXIS2_PLACEMENT_3D('',#12567,#8832,#8833);
#7880=AXIS2_PLACEMENT_3D('',#12569,#8834,#8835);
#7881=AXIS2_PLACEMENT_3D('',#12592,#8836,#8837);
#7882=AXIS2_PLACEMENT_3D('',#12594,#8838,#8839);
#7883=AXIS2_PLACEMENT_3D('',#12596,#8840,#8841);
#7884=AXIS2_PLACEMENT_3D('',#12598,#8842,#8843);
#7885=AXIS2_PLACEMENT_3D('',#12600,#8844,#8845);
#7886=AXIS2_PLACEMENT_3D('',#12654,#8846,#8847);
#7887=AXIS2_PLACEMENT_3D('',#12656,#8848,#8849);
#7888=AXIS2_PLACEMENT_3D('',#12658,#8850,#8851);
#7889=AXIS2_PLACEMENT_3D('',#12660,#8852,#8853);
#7890=AXIS2_PLACEMENT_3D('',#12661,#8854,#8855);
#7891=AXIS2_PLACEMENT_3D('',#12662,#8856,#8857);
#7892=AXIS2_PLACEMENT_3D('',#12680,#8859,#8860);
#7893=AXIS2_PLACEMENT_3D('',#12682,#8862,#8863);
#7894=AXIS2_PLACEMENT_3D('',#12694,#8865,#8866);
#7895=AXIS2_PLACEMENT_3D('',#12695,#8867,#8868);
#7896=AXIS2_PLACEMENT_3D('',#12699,#8870,#8871);
#7897=AXIS2_PLACEMENT_3D('',#12702,#8873,#8874);
#7898=AXIS2_PLACEMENT_3D('',#12712,#8880,#8881);
#7899=AXIS2_PLACEMENT_3D('',#12715,#8883,#8884);
#7900=AXIS2_PLACEMENT_3D('',#12746,#8885,#8886);
#7901=AXIS2_PLACEMENT_3D('',#12814,#8887,#8888);
#7902=AXIS2_PLACEMENT_3D('',#12815,#8889,#8890);
#7903=AXIS2_PLACEMENT_3D('',#12930,#8891,#8892);
#7904=AXIS2_PLACEMENT_3D('',#12995,#8893,#8894);
#7905=AXIS2_PLACEMENT_3D('',#13054,#8895,#8896);
#7906=AXIS2_PLACEMENT_3D('',#13118,#8897,#8898);
#7907=AXIS2_PLACEMENT_3D('',#13161,#8899,#8900);
#7908=AXIS2_PLACEMENT_3D('',#13163,#8901,#8902);
#7909=AXIS2_PLACEMENT_3D('',#13164,#8903,#8904);
#7910=AXIS2_PLACEMENT_3D('',#13165,#8905,#8906);
#7911=AXIS2_PLACEMENT_3D('',#13167,#8907,#8908);
#7912=AXIS2_PLACEMENT_3D('',#13168,#8909,#8910);
#7913=AXIS2_PLACEMENT_3D('',#13169,#8911,#8912);
#7914=AXIS2_PLACEMENT_3D('',#13176,#8913,#8914);
#7915=AXIS2_PLACEMENT_3D('',#13196,#8916,#8917);
#7916=AXIS2_PLACEMENT_3D('',#13199,#8919,#8920);
#7917=AXIS2_PLACEMENT_3D('',#13227,#8921,#8922);
#7918=AXIS2_PLACEMENT_3D('',#13315,#8923,#8924);
#7919=AXIS2_PLACEMENT_3D('',#13374,#8925,#8926);
#7920=AXIS2_PLACEMENT_3D('',#13438,#8927,#8928);
#7921=AXIS2_PLACEMENT_3D('',#13539,#8929,#8930);
#7922=AXIS2_PLACEMENT_3D('',#13590,#8931,#8932);
#7923=AXIS2_PLACEMENT_3D('',#13592,#8933,#8934);
#7924=AXIS2_PLACEMENT_3D('',#13615,#8935,#8936);
#7925=AXIS2_PLACEMENT_3D('',#13617,#8937,#8938);
#7926=AXIS2_PLACEMENT_3D('',#13618,#8939,#8940);
#7927=AXIS2_PLACEMENT_3D('',#13671,#8941,#8942);
#7928=AXIS2_PLACEMENT_3D('',#13673,#8944,#8945);
#7929=AXIS2_PLACEMENT_3D('',#13674,#8946,#8947);
#7930=AXIS2_PLACEMENT_3D('',#13675,#8948,#8949);
#7931=AXIS2_PLACEMENT_3D('',#13678,#8951,#8952);
#7932=AXIS2_PLACEMENT_3D('',#13679,#8953,#8954);
#7933=AXIS2_PLACEMENT_3D('',#13680,#8955,#8956);
#7934=AXIS2_PLACEMENT_3D('',#13681,#8957,#8958);
#7935=AXIS2_PLACEMENT_3D('',#13682,#8959,#8960);
#7936=AXIS2_PLACEMENT_3D('',#13683,#8961,#8962);
#7937=AXIS2_PLACEMENT_3D('',#13685,#8963,#8964);
#7938=AXIS2_PLACEMENT_3D('',#13686,#8965,#8966);
#7939=AXIS2_PLACEMENT_3D('',#13724,#8967,#8968);
#7940=AXIS2_PLACEMENT_3D('',#13802,#8969,#8970);
#7941=AXIS2_PLACEMENT_3D('',#13830,#8971,#8972);
#7942=AXIS2_PLACEMENT_3D('',#13836,#8973,#8974);
#7943=AXIS2_PLACEMENT_3D('',#13838,#8975,#8976);
#7944=AXIS2_PLACEMENT_3D('',#13840,#8977,#8978);
#7945=AXIS2_PLACEMENT_3D('',#13841,#8979,#8980);
#7946=AXIS2_PLACEMENT_3D('',#13863,#8981,#8982);
#7947=AXIS2_PLACEMENT_3D('',#13870,#8983,#8984);
#7948=AXIS2_PLACEMENT_3D('',#13909,#8985,#8986);
#7949=AXIS2_PLACEMENT_3D('',#13911,#8987,#8988);
#7950=AXIS2_PLACEMENT_3D('',#13912,#8989,#8990);
#7951=AXIS2_PLACEMENT_3D('',#13914,#8992,#8993);
#7952=AXIS2_PLACEMENT_3D('',#13916,#8994,#8995);
#7953=AXIS2_PLACEMENT_3D('',#13917,#8996,#8997);
#7954=AXIS2_PLACEMENT_3D('',#13919,#8998,#8999);
#7955=AXIS2_PLACEMENT_3D('',#13920,#9000,#9001);
#7956=AXIS2_PLACEMENT_3D('',#13922,#9002,#9003);
#7957=AXIS2_PLACEMENT_3D('',#13923,#9004,#9005);
#7958=AXIS2_PLACEMENT_3D('',#13925,#9007,#9008);
#7959=AXIS2_PLACEMENT_3D('',#13928,#9009,#9010);
#7960=AXIS2_PLACEMENT_3D('',#13931,#9013,#9014);
#7961=AXIS2_PLACEMENT_3D('',#13939,#9018,#9019);
#7962=AXIS2_PLACEMENT_3D('',#13943,#9021,#9022);
#7963=AXIS2_PLACEMENT_3D('',#13947,#9025,#9026);
#7964=AXIS2_PLACEMENT_3D('',#13949,#9027,#9028);
#7965=AXIS2_PLACEMENT_3D('',#13951,#9030,#9031);
#7966=AXIS2_PLACEMENT_3D('',#13955,#9034,#9035);
#7967=AXIS2_PLACEMENT_3D('',#13963,#9039,#9040);
#7968=AXIS2_PLACEMENT_3D('',#13967,#9042,#9043);
#7969=AXIS2_PLACEMENT_3D('',#13974,#9047,#9048);
#7970=AXIS2_PLACEMENT_3D('',#13975,#9049,#9050);
#7971=AXIS2_PLACEMENT_3D('',#13977,#9051,#9052);
#7972=AXIS2_PLACEMENT_3D('',#13979,#9054,#9055);
#7973=AXIS2_PLACEMENT_3D('',#13981,#9057,#9058);
#7974=AXIS2_PLACEMENT_3D('',#13982,#9059,#9060);
#7975=AXIS2_PLACEMENT_3D('',#13983,#9061,#9062);
#7976=AXIS2_PLACEMENT_3D('',#13984,#9063,#9064);
#7977=AXIS2_PLACEMENT_3D('',#13985,#9065,#9066);
#7978=AXIS2_PLACEMENT_3D('',#13993,#9070,#9071);
#7979=AXIS2_PLACEMENT_3D('',#14001,#9075,#9076);
#7980=AXIS2_PLACEMENT_3D('',#14008,#9080,#9081);
#7981=AXIS2_PLACEMENT_3D('',#14010,#9082,#9083);
#7982=AXIS2_PLACEMENT_3D('',#14011,#9084,#9085);
#7983=AXIS2_PLACEMENT_3D('',#14020,#9090,#9091);
#7984=AXIS2_PLACEMENT_3D('',#14022,#9092,#9093);
#7985=AXIS2_PLACEMENT_3D('',#14025,#9095,#9096);
#7986=AXIS2_PLACEMENT_3D('',#14026,#9097,#9098);
#7987=AXIS2_PLACEMENT_3D('',#14028,#9099,#9100);
#7988=AXIS2_PLACEMENT_3D('',#14030,#9102,#9103);
#7989=AXIS2_PLACEMENT_3D('',#14034,#9105,#9106);
#7990=AXIS2_PLACEMENT_3D('',#14038,#9109,#9110);
#7991=AXIS2_PLACEMENT_3D('',#14085,#9135,#9136);
#7992=AXIS2_PLACEMENT_3D('',#14099,#9144,#9145);
#7993=AXIS2_PLACEMENT_3D('',#14105,#9149,#9150);
#7994=AXIS2_PLACEMENT_3D('',#14107,#9151,#9152);
#7995=AXIS2_PLACEMENT_3D('',#14110,#9154,#9155);
#7996=AXIS2_PLACEMENT_3D('',#14111,#9156,#9157);
#7997=AXIS2_PLACEMENT_3D('',#14113,#9159,#9160);
#7998=AXIS2_PLACEMENT_3D('',#14114,#9161,#9162);
#7999=AXIS2_PLACEMENT_3D('',#14116,#9163,#9164);
#8000=AXIS2_PLACEMENT_3D('',#14118,#9166,#9167);
#8001=AXIS2_PLACEMENT_3D('',#14120,#9169,#9170);
#8002=AXIS2_PLACEMENT_3D('',#14121,#9171,#9172);
#8003=AXIS2_PLACEMENT_3D('',#14123,#9173,#9174);
#8004=AXIS2_PLACEMENT_3D('',#14139,#9176,#9177);
#8005=AXIS2_PLACEMENT_3D('',#14140,#9178,#9179);
#8006=AXIS2_PLACEMENT_3D('',#14146,#9183,#9184);
#8007=AXIS2_PLACEMENT_3D('',#14150,#9187,#9188);
#8008=AXIS2_PLACEMENT_3D('',#14154,#9191,#9192);
#8009=AXIS2_PLACEMENT_3D('',#14156,#9194,#9195);
#8010=AXIS2_PLACEMENT_3D('',#14165,#9200,#9201);
#8011=AXIS2_PLACEMENT_3D('',#14168,#9204,#9205);
#8012=AXIS2_PLACEMENT_3D('',#14170,#9207,#9208);
#8013=AXIS2_PLACEMENT_3D('',#14172,#9210,#9211);
#8014=AXIS2_PLACEMENT_3D('',#14173,#9212,#9213);
#8015=AXIS2_PLACEMENT_3D('',#14175,#9214,#9215);
#8016=AXIS2_PLACEMENT_3D('',#14179,#9218,#9219);
#8017=AXIS2_PLACEMENT_3D('',#14182,#9221,#9222);
#8018=AXIS2_PLACEMENT_3D('',#14183,#9223,#9224);
#8019=AXIS2_PLACEMENT_3D('',#14189,#9228,#9229);
#8020=AXIS2_PLACEMENT_3D('',#14192,#9230,#9231);
#8021=AXIS2_PLACEMENT_3D('',#14195,#9233,#9234);
#8022=AXIS2_PLACEMENT_3D('',#14197,#9236,#9237);
#8023=AXIS2_PLACEMENT_3D('',#14199,#9238,#9239);
#8024=AXIS2_PLACEMENT_3D('',#14201,#9240,#9241);
#8025=AXIS2_PLACEMENT_3D('',#14203,#9243,#9244);
#8026=AXIS2_PLACEMENT_3D('',#14206,#9245,#9246);
#8027=AXIS2_PLACEMENT_3D('',#14210,#9248,#9249);
#8028=AXIS2_PLACEMENT_3D('',#14211,#9250,#9251);
#8029=AXIS2_PLACEMENT_3D('',#14222,#9252,#9253);
#8030=AXIS2_PLACEMENT_3D('',#14224,#9254,#9255);
#8031=AXIS2_PLACEMENT_3D('',#14228,#9257,#9258);
#8032=AXIS2_PLACEMENT_3D('',#14239,#9259,#9260);
#8033=AXIS2_PLACEMENT_3D('',#14242,#9261,#9262);
#8034=AXIS2_PLACEMENT_3D('',#14246,#9264,#9265);
#8035=AXIS2_PLACEMENT_3D('',#14248,#9267,#9268);
#8036=AXIS2_PLACEMENT_3D('',#14256,#9272,#9273);
#8037=AXIS2_PLACEMENT_3D('',#14262,#9277,#9278);
#8038=AXIS2_PLACEMENT_3D('',#14266,#9281,#9282);
#8039=AXIS2_PLACEMENT_3D('',#14269,#9283,#9284);
#8040=AXIS2_PLACEMENT_3D('',#14273,#9286,#9287);
#8041=AXIS2_PLACEMENT_3D('',#14275,#9289,#9290);
#8042=AXIS2_PLACEMENT_3D('',#14281,#9294,#9295);
#8043=AXIS2_PLACEMENT_3D('',#14286,#9298,#9299);
#8044=AXIS2_PLACEMENT_3D('',#14288,#9300,#9301);
#8045=AXIS2_PLACEMENT_3D('',#14292,#9304,#9305);
#8046=AXIS2_PLACEMENT_3D('',#14295,#9307,#9308);
#8047=AXIS2_PLACEMENT_3D('',#14297,#9310,#9311);
#8048=AXIS2_PLACEMENT_3D('',#14309,#9318,#9319);
#8049=AXIS2_PLACEMENT_3D('',#14313,#9322,#9323);
#8050=AXIS2_PLACEMENT_3D('',#14314,#9324,#9325);
#8051=AXIS2_PLACEMENT_3D('',#14318,#9327,#9328);
#8052=AXIS2_PLACEMENT_3D('',#14320,#9330,#9331);
#8053=AXIS2_PLACEMENT_3D('',#14324,#9334,#9335);
#8054=AXIS2_PLACEMENT_3D('',#14330,#9339,#9340);
#8055=AXIS2_PLACEMENT_3D('',#14340,#9347,#9348);
#8056=AXIS2_PLACEMENT_3D('',#14349,#9354,#9355);
#8057=AXIS2_PLACEMENT_3D('',#14358,#9361,#9362);
#8058=AXIS2_PLACEMENT_3D('',#14364,#9366,#9367);
#8059=AXIS2_PLACEMENT_3D('',#14369,#9370,#9371);
#8060=AXIS2_PLACEMENT_3D('',#14370,#9372,#9373);
#8061=AXIS2_PLACEMENT_3D('',#14374,#9375,#9376);
#8062=AXIS2_PLACEMENT_3D('',#14378,#9379,#9380);
#8063=AXIS2_PLACEMENT_3D('',#14386,#9385,#9386);
#8064=AXIS2_PLACEMENT_3D('',#14389,#9387,#9388);
#8065=AXIS2_PLACEMENT_3D('',#14397,#9393,#9394);
#8066=AXIS2_PLACEMENT_3D('',#14403,#9398,#9399);
#8067=AXIS2_PLACEMENT_3D('',#14415,#9406,#9407);
#8068=AXIS2_PLACEMENT_3D('',#14419,#9410,#9411);
#8069=AXIS2_PLACEMENT_3D('',#14425,#9415,#9416);
#8070=AXIS2_PLACEMENT_3D('',#14431,#9420,#9421);
#8071=AXIS2_PLACEMENT_3D('',#14432,#9422,#9423);
#8072=AXIS2_PLACEMENT_3D('',#14433,#9424,#9425);
#8073=AXIS2_PLACEMENT_3D('',#14434,#9426,#9427);
#8074=AXIS2_PLACEMENT_3D('',#14435,#9428,#9429);
#8075=AXIS2_PLACEMENT_3D('',#14440,#9433,#9434);
#8076=AXIS2_PLACEMENT_3D('',#14441,#9435,#9436);
#8077=AXIS2_PLACEMENT_3D('',#14442,#9437,#9438);
#8078=AXIS2_PLACEMENT_3D('',#14448,#9442,#9443);
#8079=AXIS2_PLACEMENT_3D('',#14449,#9444,#9445);
#8080=AXIS2_PLACEMENT_3D('',#14451,#9447,#9448);
#8081=AXIS2_PLACEMENT_3D('',#14452,#9449,#9450);
#8082=AXIS2_PLACEMENT_3D('',#14453,#9451,#9452);
#8083=AXIS2_PLACEMENT_3D('',#14454,#9453,#9454);
#8084=AXIS2_PLACEMENT_3D('',#14457,#9457,#9458);
#8085=AXIS2_PLACEMENT_3D('',#14458,#9459,#9460);
#8086=AXIS2_PLACEMENT_3D('',#14465,#9465,#9466);
#8087=AXIS2_PLACEMENT_3D('',#14472,#9471,#9472);
#8088=AXIS2_PLACEMENT_3D('',#14478,#9476,#9477);
#8089=AXIS2_PLACEMENT_3D('',#14480,#9479,#9480);
#8090=AXIS2_PLACEMENT_3D('',#14482,#9482,#9483);
#8091=AXIS2_PLACEMENT_3D('',#14483,#9484,#9485);
#8092=AXIS2_PLACEMENT_3D('',#14485,#9487,#9488);
#8093=AXIS2_PLACEMENT_3D('',#14489,#9491,#9492);
#8094=AXIS2_PLACEMENT_3D('',#14493,#9495,#9496);
#8095=AXIS2_PLACEMENT_3D('',#14495,#9498,#9499);
#8096=AXIS2_PLACEMENT_3D('',#14497,#9501,#9502);
#8097=AXIS2_PLACEMENT_3D('',#14499,#9504,#9505);
#8098=AXIS2_PLACEMENT_3D('',#14501,#9507,#9508);
#8099=AXIS2_PLACEMENT_3D('',#14502,#9509,#9510);
#8100=AXIS2_PLACEMENT_3D('',#14503,#9511,#9512);
#8101=AXIS2_PLACEMENT_3D('',#14505,#9514,#9515);
#8102=AXIS2_PLACEMENT_3D('',#14506,#9516,#9517);
#8103=AXIS2_PLACEMENT_3D('',#14508,#9519,#9520);
#8104=AXIS2_PLACEMENT_3D('',#14510,#9522,#9523);
#8105=AXIS2_PLACEMENT_3D('',#14512,#9525,#9526);
#8106=AXIS2_PLACEMENT_3D('',#14513,#9527,#9528);
#8107=AXIS2_PLACEMENT_3D('',#14514,#9529,#9530);
#8108=AXIS2_PLACEMENT_3D('',#14515,#9531,#9532);
#8109=AXIS2_PLACEMENT_3D('',#14517,#9534,#9535);
#8110=AXIS2_PLACEMENT_3D('',#14518,#9536,#9537);
#8111=AXIS2_PLACEMENT_3D('',#14529,#9543,#9544);
#8112=AXIS2_PLACEMENT_3D('',#14533,#9547,#9548);
#8113=AXIS2_PLACEMENT_3D('',#14542,#9552,#9553);
#8114=AXIS2_PLACEMENT_3D('',#14550,#9557,#9558);
#8115=AXIS2_PLACEMENT_3D('',#14562,#9564,#9565);
#8116=AXIS2_PLACEMENT_3D('',#14569,#9569,#9570);
#8117=AXIS2_PLACEMENT_3D('',#14571,#9572,#9573);
#8118=AXIS2_PLACEMENT_3D('',#14577,#9577,#9578);
#8119=AXIS2_PLACEMENT_3D('',#14581,#9581,#9582);
#8120=AXIS2_PLACEMENT_3D('',#14584,#9584,#9585);
#8121=AXIS2_PLACEMENT_3D('',#14585,#9586,#9587);
#8122=AXIS2_PLACEMENT_3D('',#14588,#9589,#9590);
#8123=AXIS2_PLACEMENT_3D('',#14589,#9591,#9592);
#8124=AXIS2_PLACEMENT_3D('',#14593,#9595,#9596);
#8125=AXIS2_PLACEMENT_3D('',#14597,#9599,#9600);
#8126=AXIS2_PLACEMENT_3D('',#14603,#9604,#9605);
#8127=AXIS2_PLACEMENT_3D('',#14610,#9609,#9610);
#8128=AXIS2_PLACEMENT_3D('',#14615,#9614,#9615);
#8129=AXIS2_PLACEMENT_3D('',#14619,#9618,#9619);
#8130=AXIS2_PLACEMENT_3D('',#14622,#9621,#9622);
#8131=AXIS2_PLACEMENT_3D('',#14623,#9623,#9624);
#8132=AXIS2_PLACEMENT_3D('',#14626,#9626,#9627);
#8133=AXIS2_PLACEMENT_3D('',#14627,#9628,#9629);
#8134=AXIS2_PLACEMENT_3D('',#14631,#9632,#9633);
#8135=AXIS2_PLACEMENT_3D('',#14635,#9636,#9637);
#8136=AXIS2_PLACEMENT_3D('',#14637,#9639,#9640);
#8137=AXIS2_PLACEMENT_3D('',#14639,#9642,#9643);
#8138=AXIS2_PLACEMENT_3D('',#14645,#9647,#9648);
#8139=AXIS2_PLACEMENT_3D('',#14649,#9651,#9652);
#8140=AXIS2_PLACEMENT_3D('',#14657,#9656,#9657);
#8141=AXIS2_PLACEMENT_3D('',#14665,#9661,#9662);
#8142=AXIS2_PLACEMENT_3D('',#14671,#9666,#9667);
#8143=AXIS2_PLACEMENT_3D('',#14677,#9671,#9672);
#8144=AXIS2_PLACEMENT_3D('',#14688,#9678,#9679);
#8145=AXIS2_PLACEMENT_3D('',#14692,#9682,#9683);
#8146=AXIS2_PLACEMENT_3D('',#14699,#9687,#9688);
#8147=AXIS2_PLACEMENT_3D('',#14707,#9693,#9694);
#8148=AXIS2_PLACEMENT_3D('',#14711,#9697,#9698);
#8149=AXIS2_PLACEMENT_3D('',#14715,#9700,#9701);
#8150=AXIS2_PLACEMENT_3D('',#14716,#9702,#9703);
#8151=AXIS2_PLACEMENT_3D('',#14717,#9704,#9705);
#8152=AXIS2_PLACEMENT_3D('',#14720,#9707,#9708);
#8153=AXIS2_PLACEMENT_3D('',#14721,#9709,#9710);
#8154=AXIS2_PLACEMENT_3D('',#14725,#9713,#9714);
#8155=AXIS2_PLACEMENT_3D('',#14731,#9718,#9719);
#8156=AXIS2_PLACEMENT_3D('',#14737,#9723,#9724);
#8157=AXIS2_PLACEMENT_3D('',#14741,#9727,#9728);
#8158=AXIS2_PLACEMENT_3D('',#14745,#9730,#9731);
#8159=AXIS2_PLACEMENT_3D('',#14746,#9732,#9733);
#8160=AXIS2_PLACEMENT_3D('',#14747,#9734,#9735);
#8161=AXIS2_PLACEMENT_3D('',#14750,#9737,#9738);
#8162=AXIS2_PLACEMENT_3D('',#14751,#9739,#9740);
#8163=AXIS2_PLACEMENT_3D('',#14755,#9743,#9744);
#8164=AXIS2_PLACEMENT_3D('',#14761,#9748,#9749);
#8165=AXIS2_PLACEMENT_3D('',#14770,#9756,#9757);
#8166=AXIS2_PLACEMENT_3D('',#14772,#9759,#9760);
#8167=AXIS2_PLACEMENT_3D('',#14773,#9761,#9762);
#8168=AXIS2_PLACEMENT_3D('',#14779,#9766,#9767);
#8169=AXIS2_PLACEMENT_3D('',#14787,#9771,#9772);
#8170=AXIS2_PLACEMENT_3D('',#14792,#9775,#9776);
#8171=AXIS2_PLACEMENT_3D('',#14798,#9780,#9781);
#8172=AXIS2_PLACEMENT_3D('',#14804,#9785,#9786);
#8173=AXIS2_PLACEMENT_3D('',#14808,#9789,#9790);
#8174=AXIS2_PLACEMENT_3D('',#14812,#9793,#9794);
#8175=AXIS2_PLACEMENT_3D('',#14816,#9796,#9797);
#8176=AXIS2_PLACEMENT_3D('',#14817,#9798,#9799);
#8177=AXIS2_PLACEMENT_3D('',#14818,#9800,#9801);
#8178=AXIS2_PLACEMENT_3D('',#14822,#9803,#9804);
#8179=AXIS2_PLACEMENT_3D('',#14823,#9805,#9806);
#8180=AXIS2_PLACEMENT_3D('',#14824,#9807,#9808);
#8181=AXIS2_PLACEMENT_3D('',#14826,#9810,#9811);
#8182=AXIS2_PLACEMENT_3D('',#14832,#9815,#9816);
#8183=AXIS2_PLACEMENT_3D('',#14834,#9818,#9819);
#8184=AXIS2_PLACEMENT_3D('',#14838,#9821,#9822);
#8185=AXIS2_PLACEMENT_3D('',#14839,#9823,#9824);
#8186=AXIS2_PLACEMENT_3D('',#14840,#9825,#9826);
#8187=AXIS2_PLACEMENT_3D('',#14844,#9828,#9829);
#8188=AXIS2_PLACEMENT_3D('',#14845,#9830,#9831);
#8189=AXIS2_PLACEMENT_3D('',#14846,#9832,#9833);
#8190=AXIS2_PLACEMENT_3D('',#14848,#9835,#9836);
#8191=AXIS2_PLACEMENT_3D('',#14851,#9839,#9840);
#8192=AXIS2_PLACEMENT_3D('',#14854,#9843,#9844);
#8193=AXIS2_PLACEMENT_3D('',#14855,#9845,#9846);
#8194=AXIS2_PLACEMENT_3D('',#14859,#9849,#9850);
#8195=AXIS2_PLACEMENT_3D('',#14862,#9853,#9854);
#8196=AXIS2_PLACEMENT_3D('',#14864,#9855,#9856);
#8197=AXIS2_PLACEMENT_3D('',#14866,#9858,#9859);
#8198=AXIS2_PLACEMENT_3D('',#14868,#9861,#9862);
#8199=AXIS2_PLACEMENT_3D('',#14872,#9865,#9866);
#8200=AXIS2_PLACEMENT_3D('',#14874,#9868,#9869);
#8201=AXIS2_PLACEMENT_3D('',#14876,#9870,#9871);
#8202=AXIS2_PLACEMENT_3D('',#14878,#9873,#9874);
#8203=AXIS2_PLACEMENT_3D('',#14880,#9876,#9877);
#8204=AXIS2_PLACEMENT_3D('',#14882,#9879,#9880);
#8205=AXIS2_PLACEMENT_3D('',#14883,#9881,#9882);
#8206=AXIS2_PLACEMENT_3D('',#14887,#9885,#9886);
#8207=AXIS2_PLACEMENT_3D('',#14893,#9890,#9891);
#8208=AXIS2_PLACEMENT_3D('',#14897,#9894,#9895);
#8209=AXIS2_PLACEMENT_3D('',#14899,#9896,#9897);
#8210=AXIS2_PLACEMENT_3D('',#14902,#9899,#9900);
#8211=AXIS2_PLACEMENT_3D('',#14903,#9901,#9902);
#8212=AXIS2_PLACEMENT_3D('',#14905,#9903,#9904);
#8213=AXIS2_PLACEMENT_3D('',#14908,#9906,#9907);
#8214=AXIS2_PLACEMENT_3D('',#14909,#9908,#9909);
#8215=AXIS2_PLACEMENT_3D('',#14911,#9911,#9912);
#8216=AXIS2_PLACEMENT_3D('',#14915,#9915,#9916);
#8217=AXIS2_PLACEMENT_3D('',#14919,#9918,#9919);
#8218=AXIS2_PLACEMENT_3D('',#14920,#9920,#9921);
#8219=AXIS2_PLACEMENT_3D('',#14921,#9922,#9923);
#8220=AXIS2_PLACEMENT_3D('',#14925,#9925,#9926);
#8221=AXIS2_PLACEMENT_3D('',#14926,#9927,#9928);
#8222=AXIS2_PLACEMENT_3D('',#14927,#9929,#9930);
#8223=AXIS2_PLACEMENT_3D('',#14929,#9932,#9933);
#8224=AXIS2_PLACEMENT_3D('',#14932,#9936,#9937);
#8225=AXIS2_PLACEMENT_3D('',#14935,#9940,#9941);
#8226=AXIS2_PLACEMENT_3D('',#14936,#9942,#9943);
#8227=AXIS2_PLACEMENT_3D('',#14940,#9946,#9947);
#8228=AXIS2_PLACEMENT_3D('',#14942,#9949,#9950);
#8229=AXIS2_PLACEMENT_3D('',#14944,#9951,#9952);
#8230=AXIS2_PLACEMENT_3D('',#14946,#9954,#9955);
#8231=AXIS2_PLACEMENT_3D('',#14948,#9957,#9958);
#8232=AXIS2_PLACEMENT_3D('',#14952,#9961,#9962);
#8233=AXIS2_PLACEMENT_3D('',#14954,#9964,#9965);
#8234=AXIS2_PLACEMENT_3D('',#14956,#9966,#9967);
#8235=AXIS2_PLACEMENT_3D('',#14958,#9969,#9970);
#8236=AXIS2_PLACEMENT_3D('',#14960,#9972,#9973);
#8237=AXIS2_PLACEMENT_3D('',#14962,#9975,#9976);
#8238=AXIS2_PLACEMENT_3D('',#14964,#9978,#9979);
#8239=AXIS2_PLACEMENT_3D('',#14966,#9980,#9981);
#8240=AXIS2_PLACEMENT_3D('',#14968,#9982,#9983);
#8241=AXIS2_PLACEMENT_3D('',#14969,#9984,#9985);
#8242=AXIS2_PLACEMENT_3D('',#14972,#9988,#9989);
#8243=AXIS2_PLACEMENT_3D('',#14974,#9991,#9992);
#8244=AXIS2_PLACEMENT_3D('',#14975,#9993,#9994);
#8245=AXIS2_PLACEMENT_3D('',#14977,#9996,#9997);
#8246=AXIS2_PLACEMENT_3D('',#14980,#9998,#9999);
#8247=AXIS2_PLACEMENT_3D('',#14983,#10002,#10003);
#8248=AXIS2_PLACEMENT_3D('',#14985,#10005,#10006);
#8249=AXIS2_PLACEMENT_3D('',#14991,#10010,#10011);
#8250=AXIS2_PLACEMENT_3D('',#15004,#10012,#10013);
#8251=AXIS2_PLACEMENT_3D('',#15009,#10017,#10018);
#8252=AXIS2_PLACEMENT_3D('',#15010,#10019,#10020);
#8253=AXIS2_PLACEMENT_3D('',#15012,#10021,#10022);
#8254=AXIS2_PLACEMENT_3D('',#15028,#10024,#10025);
#8255=AXIS2_PLACEMENT_3D('',#15029,#10026,#10027);
#8256=AXIS2_PLACEMENT_3D('',#15032,#10029,#10030);
#8257=AXIS2_PLACEMENT_3D('',#15033,#10031,#10032);
#8258=AXIS2_PLACEMENT_3D('',#15037,#10035,#10036);
#8259=AXIS2_PLACEMENT_3D('',#15039,#10038,#10039);
#8260=AXIS2_PLACEMENT_3D('',#15041,#10040,#10041);
#8261=AXIS2_PLACEMENT_3D('',#15043,#10043,#10044);
#8262=AXIS2_PLACEMENT_3D('',#15056,#10045,#10046);
#8263=AXIS2_PLACEMENT_3D('',#15057,#10047,#10048);
#8264=AXIS2_PLACEMENT_3D('',#15059,#10050,#10051);
#8265=AXIS2_PLACEMENT_3D('',#15061,#10053,#10054);
#8266=AXIS2_PLACEMENT_3D('',#15063,#10056,#10057);
#8267=AXIS2_PLACEMENT_3D('',#15065,#10059,#10060);
#8268=AXIS2_PLACEMENT_3D('',#15066,#10061,#10062);
#8269=AXIS2_PLACEMENT_3D('',#15068,#10064,#10065);
#8270=AXIS2_PLACEMENT_3D('',#15069,#10066,#10067);
#8271=AXIS2_PLACEMENT_3D('',#15070,#10068,#10069);
#8272=DIRECTION('axis',(0.,0.,1.));
#8273=DIRECTION('refdir',(1.,0.,0.));
#8274=DIRECTION('axis',(0.,0.,1.));
#8275=DIRECTION('refdir',(1.,0.,0.));
#8276=DIRECTION('center_axis',(-2.07917124175863E-15,7.24263663463752E-15,
-1.));
#8277=DIRECTION('ref_axis',(-1.,0.,2.07917124175863E-15));
#8278=DIRECTION('',(0.897545856869825,0.440921120854753,1.32727992912473E-15));
#8279=DIRECTION('',(-0.897545870606434,-0.440921092892297,-1.32727969804206E-15));
#8280=DIRECTION('',(0.,0.,1.));
#8281=DIRECTION('',(0.,0.,1.));
#8282=DIRECTION('center_axis',(-0.440921120854753,0.897545856869825,0.));
#8283=DIRECTION('ref_axis',(-0.897545856869825,-0.440921120854753,0.));
#8284=DIRECTION('',(0.,0.,1.));
#8285=DIRECTION('',(-0.897545856869825,-0.440921120854753,0.));
#8286=DIRECTION('',(0.,0.,1.));
#8287=DIRECTION('',(0.,0.,1.));
#8288=DIRECTION('center_axis',(0.440921092892297,-0.897545870606435,0.));
#8289=DIRECTION('ref_axis',(0.897545870606434,0.440921092892297,0.));
#8290=DIRECTION('',(0.897545870606434,0.440921092892297,0.));
#8291=DIRECTION('',(0.,0.,1.));
#8292=DIRECTION('center_axis',(0.,0.,-1.));
#8293=DIRECTION('ref_axis',(1.,0.,0.));
#8294=DIRECTION('center_axis',(0.,0.,1.));
#8295=DIRECTION('ref_axis',(1.,0.,0.));
#8296=DIRECTION('',(-0.897554768461574,-0.440902979817432,0.));
#8297=DIRECTION('',(0.693327610861062,-0.720622525333264,0.));
#8298=DIRECTION('',(0.468260805821371,0.883590299704292,0.));
#8299=DIRECTION('center_axis',(-0.440902979817432,0.897554768461574,0.));
#8300=DIRECTION('ref_axis',(-0.897554768461574,-0.440902979817432,0.));
#8301=DIRECTION('',(0.897554768461574,0.440902979817432,1.32713001145795E-15));
#8302=DIRECTION('',(0.,0.,1.));
#8303=DIRECTION('',(0.,0.,1.));
#8304=DIRECTION('center_axis',(0.883590299704292,-0.468260805821371,0.));
#8305=DIRECTION('ref_axis',(0.468260805821371,0.883590299704292,0.));
#8306=DIRECTION('',(-0.468260805821371,-0.883590299704292,-5.42592907354214E-15));
#8307=DIRECTION('',(0.,0.,1.));
#8308=DIRECTION('center_axis',(-0.720622525333264,-0.693327610861062,0.));
#8309=DIRECTION('ref_axis',(0.693327610861062,-0.720622525333264,0.));
#8310=DIRECTION('',(-0.693327610861062,0.720622525333264,6.66075393134324E-15));
#8311=DIRECTION('center_axis',(-2.07917124175863E-15,7.24263663463752E-15,
-1.));
#8312=DIRECTION('ref_axis',(-1.,0.,2.07917124175863E-15));
#8313=DIRECTION('center_axis',(-2.07917124175863E-15,7.24263663463752E-15,
-1.));
#8314=DIRECTION('ref_axis',(-1.,0.,2.07917124175863E-15));
#8315=DIRECTION('',(0.468319058274532,0.883559426216967,5.42558435126642E-15));
#8316=DIRECTION('',(0.693260518065691,-0.72068707085065,-6.6610819136614E-15));
#8317=DIRECTION('',(-0.897562157787123,-0.440887936905199,-1.32700569743754E-15));
#8318=DIRECTION('center_axis',(0.72068707085065,0.693260518065691,0.));
#8319=DIRECTION('ref_axis',(-0.693260518065691,0.72068707085065,0.));
#8320=DIRECTION('',(0.,0.,1.));
#8321=DIRECTION('',(-0.693260518065691,0.72068707085065,0.));
#8322=DIRECTION('',(0.,0.,1.));
#8323=DIRECTION('center_axis',(-0.883559426216967,0.468319058274532,0.));
#8324=DIRECTION('ref_axis',(-0.468319058274532,-0.883559426216967,0.));
#8325=DIRECTION('',(0.,0.,1.));
#8326=DIRECTION('',(-0.468319058274532,-0.883559426216967,0.));
#8327=DIRECTION('center_axis',(0.440887936905199,-0.897562157787124,0.));
#8328=DIRECTION('ref_axis',(0.897562157787123,0.440887936905199,0.));
#8329=DIRECTION('',(0.897562157787124,0.440887936905199,0.));
#8330=DIRECTION('center_axis',(0.,0.,1.));
#8331=DIRECTION('ref_axis',(1.,0.,0.));
#8332=DIRECTION('center_axis',(0.,0.,-1.));
#8333=DIRECTION('ref_axis',(1.,0.,0.));
#8334=DIRECTION('',(0.897545870606434,0.440921092892297,0.));
#8335=DIRECTION('',(-0.897545856869825,-0.440921120854753,0.));
#8336=DIRECTION('',(0.,0.,1.));
#8337=DIRECTION('',(0.,0.,1.));
#8338=DIRECTION('center_axis',(0.440921092892297,-0.897545870606435,0.));
#8339=DIRECTION('ref_axis',(0.897545870606434,0.440921092892297,0.));
#8340=DIRECTION('',(-0.897545870606434,-0.440921092892297,-1.32727969804205E-15));
#8341=DIRECTION('',(0.,0.,1.));
#8342=DIRECTION('',(0.,0.,1.));
#8343=DIRECTION('',(0.,0.,1.));
#8344=DIRECTION('center_axis',(-0.440921120854753,0.897545856869825,0.));
#8345=DIRECTION('ref_axis',(-0.897545856869825,-0.440921120854753,0.));
#8346=DIRECTION('',(0.897545856869825,0.440921120854753,1.32727992912473E-15));
#8347=DIRECTION('',(0.,0.,1.));
#8348=DIRECTION('center_axis',(-2.07917124175863E-15,7.24263663463752E-15,
-1.));
#8349=DIRECTION('ref_axis',(-1.,0.,2.07917124175863E-15));
#8350=DIRECTION('center_axis',(-2.07917124175863E-15,7.24263663463752E-15,
-1.));
#8351=DIRECTION('ref_axis',(-1.,0.,2.07917124175863E-15));
#8352=DIRECTION('',(0.897536901932767,0.440939349195477,1.32743056922065E-15));
#8353=DIRECTION('',(-0.468254147286751,-0.883593828378604,-5.42596847468168E-15));
#8354=DIRECTION('',(-0.693302918892442,0.720646281233186,6.66087464786324E-15));
#8355=DIRECTION('center_axis',(0.883593828378604,-0.468254147286751,0.));
#8356=DIRECTION('ref_axis',(0.468254147286751,0.883593828378604,0.));
#8357=DIRECTION('',(0.,0.,1.));
#8358=DIRECTION('',(0.468254147286751,0.883593828378604,0.));
#8359=DIRECTION('',(0.,0.,1.));
#8360=DIRECTION('center_axis',(-0.440939349195477,0.897536901932767,0.));
#8361=DIRECTION('ref_axis',(-0.897536901932767,-0.440939349195477,0.));
#8362=DIRECTION('',(0.,0.,1.));
#8363=DIRECTION('',(-0.897536901932767,-0.440939349195477,0.));
#8364=DIRECTION('',(0.,0.,1.));
#8365=DIRECTION('center_axis',(-0.720646281233186,-0.693302918892442,0.));
#8366=DIRECTION('ref_axis',(0.693302918892442,-0.720646281233186,0.));
#8367=DIRECTION('',(0.693302918892442,-0.720646281233186,0.));
#8368=DIRECTION('center_axis',(0.,0.,-1.));
#8369=DIRECTION('ref_axis',(1.,0.,0.));
#8370=DIRECTION('center_axis',(0.,0.,-1.));
#8371=DIRECTION('ref_axis',(1.,0.,0.));
#8372=DIRECTION('',(-0.693312095760954,0.720637452448562,0.));
#8373=DIRECTION('',(-0.468275783071642,-0.883582362311879,0.));
#8374=DIRECTION('',(0.46819387008966,0.883625769209152,0.));
#8375=DIRECTION('',(0.,0.,1.));
#8376=DIRECTION('',(0.,0.,1.));
#8377=DIRECTION('center_axis',(0.720637452448562,0.693312095760954,0.));
#8378=DIRECTION('ref_axis',(-0.693312095760954,0.720637452448562,0.));
#8379=DIRECTION('',(0.693312095760954,-0.720637452448562,-6.66082978446539E-15));
#8380=DIRECTION('',(0.,0.,1.));
#8381=DIRECTION('center_axis',(-0.883582362311879,0.468275783071642,0.));
#8382=DIRECTION('ref_axis',(-0.468275783071642,-0.883582362311879,0.));
#8383=DIRECTION('',(0.468275783071642,0.883582362311879,5.42584044562502E-15));
#8384=DIRECTION('',(0.,0.,1.));
#8385=DIRECTION('center_axis',(0.883625769209152,-0.46819387008966,0.));
#8386=DIRECTION('ref_axis',(0.46819387008966,0.883625769209152,0.));
#8387=DIRECTION('',(-0.46819387008966,-0.883625769209152,-5.42632513712587E-15));
#8388=DIRECTION('',(0.,0.,1.));
#8389=DIRECTION('',(0.,0.,1.));
#8390=DIRECTION('center_axis',(-2.07917124175863E-15,7.24263663463752E-15,
-1.));
#8391=DIRECTION('ref_axis',(-1.,0.,2.07917124175863E-15));
#8392=DIRECTION('axis',(0.,0.,1.));
#8393=DIRECTION('refdir',(1.,0.,0.));
#8394=DIRECTION('center_axis',(0.,0.,1.));
#8395=DIRECTION('ref_axis',(1.,0.,0.));
#8396=DIRECTION('',(0.693331624574867,-0.720618663624788,0.));
#8397=DIRECTION('',(0.89753972507636,0.440933602609114,0.));
#8398=DIRECTION('',(-0.693293808926694,0.720655045430139,0.));
#8399=DIRECTION('',(-0.897526386303145,-0.44096075323051,0.));
#8400=DIRECTION('center_axis',(-0.720618663624788,-0.693331624574867,0.));
#8401=DIRECTION('ref_axis',(0.693331624574867,-0.720618663624788,0.));
#8402=DIRECTION('',(-0.693331624574867,0.720618663624788,6.66073430759028E-15));
#8403=DIRECTION('',(0.,0.,1.));
#8404=DIRECTION('',(0.,0.,1.));
#8405=DIRECTION('center_axis',(0.440933602609114,-0.89753972507636,0.));
#8406=DIRECTION('ref_axis',(0.89753972507636,0.440933602609114,0.));
#8407=DIRECTION('',(-0.89753972507636,-0.440933602609114,-1.32738307898476E-15));
#8408=DIRECTION('',(0.,0.,1.));
#8409=DIRECTION('center_axis',(-0.44096075323051,0.897526386303145,0.));
#8410=DIRECTION('ref_axis',(-0.897526386303145,-0.44096075323051,0.));
#8411=DIRECTION('',(0.897526386303145,0.44096075323051,1.3276074546636E-15));
#8412=DIRECTION('',(0.,0.,1.));
#8413=DIRECTION('center_axis',(0.720655045430139,0.693293808926694,0.));
#8414=DIRECTION('ref_axis',(-0.693293808926694,0.720655045430139,0.));
#8415=DIRECTION('',(0.693293808926694,-0.720655045430139,-6.66091918257838E-15));
#8416=DIRECTION('center_axis',(-2.07917124175863E-15,7.24263663463752E-15,
-1.));
#8417=DIRECTION('ref_axis',(-1.,0.,2.07917124175863E-15));
#8418=DIRECTION('center_axis',(-2.07917124175863E-15,7.24263663463752E-15,
-1.));
#8419=DIRECTION('ref_axis',(-1.,0.,2.07917124175863E-15));
#8420=DIRECTION('',(-0.89755035226364,-0.440911969843659,-1.327204304983E-15));
#8421=DIRECTION('',(0.,0.,1.));
#8422=DIRECTION('',(0.,0.,1.));
#8423=DIRECTION('',(0.,0.,1.));
#8424=DIRECTION('',(0.,0.,1.));
#8425=DIRECTION('',(0.,0.,1.));
#8426=DIRECTION('',(0.,0.,1.));
#8427=DIRECTION('',(0.,0.,1.));
#8428=DIRECTION('',(0.,0.,1.));
#8429=DIRECTION('center_axis',(0.440911969843659,-0.89755035226364,0.));
#8430=DIRECTION('ref_axis',(0.89755035226364,0.440911969843659,0.));
#8431=DIRECTION('',(0.89755035226364,0.440911969843659,0.));
#8432=DIRECTION('',(0.,0.,1.));
#8433=DIRECTION('center_axis',(0.,0.,-1.));
#8434=DIRECTION('ref_axis',(1.,0.,0.));
#8435=DIRECTION('center_axis',(0.,0.,-1.));
#8436=DIRECTION('ref_axis',(1.,0.,0.));
#8437=DIRECTION('',(-0.69331115012181,0.72063836222947,0.));
#8438=DIRECTION('',(-0.897580878692961,-0.440849822734195,0.));
#8439=DIRECTION('',(0.693282909531675,-0.720665530847213,0.));
#8440=DIRECTION('center_axis',(0.72063836222947,0.69331115012181,0.));
#8441=DIRECTION('ref_axis',(-0.69331115012181,0.72063836222947,0.));
#8442=DIRECTION('',(0.69331115012181,-0.72063836222947,-6.66083440753221E-15));
#8443=DIRECTION('',(0.,0.,1.));
#8444=DIRECTION('',(0.,0.,1.));
#8445=DIRECTION('center_axis',(-0.440849822734195,0.897580878692961,0.));
#8446=DIRECTION('ref_axis',(-0.897580878692961,-0.440849822734195,0.));
#8447=DIRECTION('',(0.897580878692961,0.440849822734195,1.3266907263773E-15));
#8448=DIRECTION('',(0.,0.,1.));
#8449=DIRECTION('center_axis',(-0.720665530847213,-0.693282909531675,0.));
#8450=DIRECTION('ref_axis',(0.693282909531675,-0.720665530847213,0.));
#8451=DIRECTION('',(-0.693282909531675,0.720665530847213,6.66097246293553E-15));
#8452=DIRECTION('',(0.,0.,1.));
#8453=DIRECTION('',(0.,0.,1.));
#8454=DIRECTION('',(0.,0.,1.));
#8455=DIRECTION('',(0.,0.,1.));
#8456=DIRECTION('',(0.,0.,1.));
#8457=DIRECTION('',(0.,0.,1.));
#8458=DIRECTION('',(0.,0.,1.));
#8459=DIRECTION('',(0.,0.,1.));
#8460=DIRECTION('center_axis',(-2.07917124175863E-15,7.24263663463752E-15,
-1.));
#8461=DIRECTION('ref_axis',(-1.,0.,2.07917124175863E-15));
#8462=DIRECTION('center_axis',(3.81471150691056E-15,-6.5915135623179E-15,
1.));
#8463=DIRECTION('ref_axis',(-0.707106781186546,-0.707106781186549,-1.96349556339129E-15));
#8464=DIRECTION('',(-0.0193232569922512,0.999813288439002,6.66399550133067E-15));
#8465=DIRECTION('',(0.0193624372188815,-0.999812530440055,-6.6641399662317E-15));
#8466=DIRECTION('',(0.946413425127409,0.322957626846938,-1.48151460571257E-15));
#8467=DIRECTION('center_axis',(-0.999813288439002,-0.0193232569922511,3.68662974563777E-15));
#8468=DIRECTION('ref_axis',(-0.0193232569922512,0.999813288439002,6.66399550133067E-15));
#8469=DIRECTION('',(-0.0193232569922511,0.999813288439002,3.16109379844208E-18));
#8470=DIRECTION('',(-3.81471150691056E-15,6.5915135623179E-15,-1.));
#8471=DIRECTION('',(-3.81471150691056E-15,6.5915135623179E-15,-1.));
#8472=DIRECTION('center_axis',(-0.322957626846938,0.946413425127409,7.47028710266459E-15));
#8473=DIRECTION('ref_axis',(0.946413425127409,0.322957626846938,-1.48151460571257E-15));
#8474=DIRECTION('',(0.946413425127409,0.322957626846938,-1.54823879335264E-16));
#8475=DIRECTION('',(-3.81471150691056E-15,6.5915135623179E-15,-1.));
#8476=DIRECTION('center_axis',(0.999812530440054,0.0193624372188814,-3.68636859709525E-15));
#8477=DIRECTION('ref_axis',(0.0193624372188815,-0.999812530440055,-6.6641399662317E-15));
#8478=DIRECTION('',(0.0193624372188814,-0.999812530440055,-3.16750329615109E-18));
#8479=DIRECTION('',(-3.81471150691056E-15,6.5915135623179E-15,-1.));
#8480=DIRECTION('',(-3.81471150691056E-15,6.5915135623179E-15,-1.));
#8481=DIRECTION('',(-3.81471150691056E-15,6.5915135623179E-15,-1.));
#8482=DIRECTION('',(-3.81471150691056E-15,6.5915135623179E-15,-1.));
#8483=DIRECTION('',(-3.81471150691056E-15,6.5915135623179E-15,-1.));
#8484=DIRECTION('',(-3.81471150691056E-15,6.5915135623179E-15,-1.));
#8485=DIRECTION('',(-3.81471150691056E-15,6.5915135623179E-15,-1.));
#8486=DIRECTION('',(-3.81471150691056E-15,6.5915135623179E-15,-1.));
#8487=DIRECTION('center_axis',(1.63590113183803E-16,0.,1.));
#8488=DIRECTION('ref_axis',(1.,0.,-1.63590113183803E-16));
#8489=DIRECTION('',(-3.81471150691056E-15,6.5915135623179E-15,-1.));
#8490=DIRECTION('',(-3.81471150691056E-15,6.5915135623179E-15,-1.));
#8491=DIRECTION('',(-3.81471150691056E-15,6.5915135623179E-15,-1.));
#8492=DIRECTION('',(-3.81471150691056E-15,6.5915135623179E-15,-1.));
#8493=DIRECTION('',(-3.81471150691056E-15,6.5915135623179E-15,-1.));
#8494=DIRECTION('',(-3.81471150691056E-15,6.5915135623179E-15,-1.));
#8495=DIRECTION('',(-3.81471150691056E-15,6.5915135623179E-15,-1.));
#8496=DIRECTION('',(-3.81471150691056E-15,6.5915135623179E-15,-1.));
#8497=DIRECTION('center_axis',(0.322892096759226,-0.946435784324764,-7.47018450523756E-15));
#8498=DIRECTION('ref_axis',(-0.946435784324764,-0.322892096759226,1.48203184206189E-15));
#8499=DIRECTION('',(-0.946435784324764,-0.322892096759226,1.5482753707889E-16));
#8500=DIRECTION('',(-3.81471150691056E-15,6.5915135623179E-15,-1.));
#8501=DIRECTION('',(-0.946435784324764,-0.322892096759226,1.48203184206189E-15));
#8502=DIRECTION('center_axis',(3.81471150691056E-15,-6.5915135623179E-15,
1.));
#8503=DIRECTION('ref_axis',(-0.707106781186546,-0.707106781186549,-1.96349556339129E-15));
#8504=DIRECTION('center_axis',(1.63590113183803E-16,0.,1.));
#8505=DIRECTION('ref_axis',(1.,0.,-1.63590113183803E-16));
#8506=DIRECTION('center_axis',(-3.81471150691056E-15,6.5915135623179E-15,
-1.));
#8507=DIRECTION('ref_axis',(-0.707106781186546,-0.707106781186549,-1.96349556339129E-15));
#8508=DIRECTION('',(0.0192948503507033,-0.999813837046649,-6.66389075434304E-15));
#8509=DIRECTION('',(0.946453332895231,0.322840655202391,-1.48243786251513E-15));
#8510=DIRECTION('',(-0.0193473158732367,0.999812823166667,6.6640842121719E-15));
#8511=DIRECTION('',(-0.946443566443722,-0.322869285527886,1.48221188914138E-15));
#8512=DIRECTION('center_axis',(0.99981383704665,0.0192948503507031,-3.6868190811807E-15));
#8513=DIRECTION('ref_axis',(0.0192948503507032,-0.999813837046649,-6.66389075434303E-15));
#8514=DIRECTION('',(0.0192948503507031,-0.999813837046649,-3.15644675273607E-18));
#8515=DIRECTION('',(-3.81471150691056E-15,6.5915135623179E-15,-1.));
#8516=DIRECTION('',(-3.81471150691056E-15,6.5915135623179E-15,-1.));
#8517=DIRECTION('center_axis',(0.322869285527887,-0.946443566443722,-7.47014878291354E-15));
#8518=DIRECTION('ref_axis',(-0.946443566443722,-0.322869285527886,1.48221188914138E-15));
#8519=DIRECTION('',(-0.946443566443722,-0.322869285527887,1.54828810156611E-16));
#8520=DIRECTION('',(-3.81471150691056E-15,6.5915135623179E-15,-1.));
#8521=DIRECTION('center_axis',(-0.322840655202391,0.946453332895231,7.470103942179E-15));
#8522=DIRECTION('ref_axis',(0.946453332895231,0.322840655202391,-1.48243786251513E-15));
#8523=DIRECTION('',(0.946453332895231,0.322840655202391,-1.54830407851519E-16));
#8524=DIRECTION('',(-3.81471150691056E-15,6.5915135623179E-15,-1.));
#8525=DIRECTION('center_axis',(-0.999812823166667,-0.0193473158732366,3.68646938631773E-15));
#8526=DIRECTION('ref_axis',(-0.0193473158732367,0.999812823166667,6.6640842121719E-15));
#8527=DIRECTION('',(-0.0193473158732366,0.999812823166667,3.16502959350557E-18));
#8528=DIRECTION('center_axis',(3.81471150691056E-15,-6.5915135623179E-15,
1.));
#8529=DIRECTION('ref_axis',(-0.707106781186546,-0.707106781186549,-1.96349556339129E-15));
#8530=DIRECTION('',(-0.955880833889344,0.293754712988597,5.58269779093208E-15));
#8531=DIRECTION('',(0.955908061802958,-0.293666098452158,-5.58221755364869E-15));
#8532=DIRECTION('',(-0.0193219450121502,0.999813313794604,6.66399066363688E-15));
#8533=DIRECTION('',(-3.81471150691056E-15,6.5915135623179E-15,-1.));
#8534=DIRECTION('',(-3.81471150691056E-15,6.5915135623179E-15,-1.));
#8535=DIRECTION('center_axis',(-0.999813313794604,-0.0193219450121501,3.6866384902967E-15));
#8536=DIRECTION('ref_axis',(-0.0193219450121502,0.999813313794604,6.66399066363688E-15));
#8537=DIRECTION('',(-0.0193219450121501,0.999813313794604,3.16087917146886E-18));
#8538=DIRECTION('',(-3.81471150691056E-15,6.5915135623179E-15,-1.));
#8539=DIRECTION('center_axis',(0.293666098452158,0.955908061802958,5.18062950874824E-15));
#8540=DIRECTION('ref_axis',(0.955908061802958,-0.293666098452158,-5.58221755364869E-15));
#8541=DIRECTION('',(0.955908061802958,-0.293666098452158,-1.56377108023656E-16));
#8542=DIRECTION('',(-3.81471150691056E-15,6.5915135623179E-15,-1.));
#8543=DIRECTION('center_axis',(-0.293754712988597,-0.955880833889344,-5.18011199669455E-15));
#8544=DIRECTION('ref_axis',(-0.955880833889344,0.293754712988597,5.58269779093208E-15));
#8545=DIRECTION('',(-0.955880833889344,0.293754712988597,1.56372653806186E-16));
#8546=DIRECTION('',(-3.81471150691056E-15,6.5915135623179E-15,-1.));
#8547=DIRECTION('',(-3.81471150691056E-15,6.5915135623179E-15,-1.));
#8548=DIRECTION('center_axis',(-0.293689504995906,-0.95590087072628,-5.18049281945702E-15));
#8549=DIRECTION('ref_axis',(-0.95590087072628,0.293689504995906,5.58234440631631E-15));
#8550=DIRECTION('',(-0.95590087072628,0.293689504995906,1.56375931634608E-16));
#8551=DIRECTION('',(-3.81471150691056E-15,6.5915135623179E-15,-1.));
#8552=DIRECTION('',(-0.95590087072628,0.293689504995906,5.58234440631631E-15));
#8553=DIRECTION('',(-3.81471150691056E-15,6.5915135623179E-15,-1.));
#8554=DIRECTION('center_axis',(-0.322863225813722,0.946445633629929,7.4701392927381E-15));
#8555=DIRECTION('ref_axis',(0.946445633629929,0.322863225813722,-1.48225971754849E-15));
#8556=DIRECTION('',(0.946445633629929,0.322863225813722,-1.54829148327837E-16));
#8557=DIRECTION('',(0.946445633629929,0.322863225813722,-1.48225971754849E-15));
#8558=DIRECTION('',(-3.81471150691056E-15,6.5915135623179E-15,-1.));
#8559=DIRECTION('',(-3.81471150691056E-15,6.5915135623179E-15,-1.));
#8560=DIRECTION('center_axis',(0.999813067662126,0.0193346769315821,-3.6865536287527E-15));
#8561=DIRECTION('ref_axis',(0.0193346769315822,-0.999813067662126,-6.66403760985088E-15));
#8562=DIRECTION('',(0.0193346769315821,-0.999813067662126,-3.16296198760979E-18));
#8563=DIRECTION('',(0.0193346769315822,-0.999813067662126,-6.66403760985088E-15));
#8564=DIRECTION('center_axis',(3.81471150691056E-15,-6.5915135623179E-15,
1.));
#8565=DIRECTION('ref_axis',(-0.707106781186546,-0.707106781186549,-1.96349556339129E-15));
#8566=DIRECTION('center_axis',(3.81471150691056E-15,-6.5915135623179E-15,
1.));
#8567=DIRECTION('ref_axis',(-0.707106781186546,-0.707106781186549,-1.96349556339129E-15));
#8568=DIRECTION('',(0.946439076343312,0.322882447293776,-1.48210800474531E-15));
#8569=DIRECTION('',(-0.94643906628412,-0.322882476779468,1.48210777201705E-15));
#8570=DIRECTION('',(-3.81471150691056E-15,6.5915135623179E-15,-1.));
#8571=DIRECTION('',(-3.81471150691056E-15,6.5915135623179E-15,-1.));
#8572=DIRECTION('center_axis',(0.322882476779468,-0.94643906628412,-7.47016944086968E-15));
#8573=DIRECTION('ref_axis',(-0.94643906628412,-0.322882476779468,1.48210777201705E-15));
#8574=DIRECTION('',(-0.94643906628412,-0.322882476779468,1.54828073974992E-16));
#8575=DIRECTION('',(-3.81471150691056E-15,6.5915135623179E-15,-1.));
#8576=DIRECTION('',(-3.81471150691056E-15,6.5915135623179E-15,-1.));
#8577=DIRECTION('',(-3.81471150691056E-15,6.5915135623179E-15,-1.));
#8578=DIRECTION('center_axis',(-0.322882447293777,0.946439076343312,7.47016939469558E-15));
#8579=DIRECTION('ref_axis',(0.946439076343312,0.322882447293776,-1.48210800474531E-15));
#8580=DIRECTION('',(0.946439076343312,0.322882447293777,-1.54828075620577E-16));
#8581=DIRECTION('',(-3.81471150691056E-15,6.5915135623179E-15,-1.));
#8582=DIRECTION('center_axis',(-0.999811928365114,-0.0193935014588168,3.68616153999421E-15));
#8583=DIRECTION('ref_axis',(-0.0193935014588169,0.999811928365114,6.66425449876009E-15));
#8584=DIRECTION('',(-0.0193935014588168,0.999811928365114,3.17258509867809E-18));
#8585=DIRECTION('',(-3.81471150691056E-15,6.5915135623179E-15,-1.));
#8586=DIRECTION('',(-0.0193935014588169,0.999811928365114,6.6642544987601E-15));
#8587=DIRECTION('',(-3.81471150691056E-15,6.5915135623179E-15,-1.));
#8588=DIRECTION('center_axis',(0.293619279994491,0.955922443724132,5.18090290628591E-15));
#8589=DIRECTION('ref_axis',(0.955922443724132,-0.293619279994491,-5.58196381203021E-15));
#8590=DIRECTION('',(0.955922443724132,-0.293619279994491,-1.56379460763769E-16));
#8591=DIRECTION('',(0.955922443724132,-0.293619279994491,-5.58196381203021E-15));
#8592=DIRECTION('',(-3.81471150691056E-15,6.5915135623179E-15,-1.));
#8593=DIRECTION('center_axis',(0.322917438378694,-0.946427138236718,-7.47022418539833E-15));
#8594=DIRECTION('ref_axis',(-0.946427138236717,-0.322917438378694,1.48183182010192E-15));
#8595=DIRECTION('',(-0.946427138236717,-0.322917438378694,1.54826122664368E-16));
#8596=DIRECTION('',(-0.946427138236717,-0.322917438378694,1.48183182010192E-15));
#8597=DIRECTION('center_axis',(-3.81471150691056E-15,6.5915135623179E-15,
-1.));
#8598=DIRECTION('ref_axis',(-0.707106781186546,-0.707106781186549,-1.96349556339129E-15));
#8599=DIRECTION('center_axis',(-3.81471150691056E-15,6.5915135623179E-15,
-1.));
#8600=DIRECTION('ref_axis',(-0.707106781186546,-0.707106781186549,-1.96349556339129E-15));
#8601=DIRECTION('',(0.946432550139762,0.32290157639124,-1.48195701945616E-15));
#8602=DIRECTION('',(-0.955903083871728,0.293682301551388,5.58230536722548E-15));
#8603=DIRECTION('',(0.0193004191152026,-0.999813729562651,-6.66391128909082E-15));
#8604=DIRECTION('center_axis',(-0.32290157639124,0.946432550139762,7.47019934912458E-15));
#8605=DIRECTION('ref_axis',(0.946432550139761,0.32290157639124,-1.48195701945616E-15));
#8606=DIRECTION('',(0.946432550139761,0.32290157639124,-1.54827007998199E-16));
#8607=DIRECTION('',(-3.81471150691056E-15,6.5915135623179E-15,-1.));
#8608=DIRECTION('',(-3.81471150691056E-15,6.5915135623179E-15,-1.));
#8609=DIRECTION('center_axis',(-0.293682301551388,-0.955903083871728,-5.18053488649794E-15));
#8610=DIRECTION('ref_axis',(-0.955903083871728,0.293682301551389,5.58230536722548E-15));
#8611=DIRECTION('',(-0.955903083871728,0.293682301551388,1.56376293683323E-16));
#8612=DIRECTION('',(-3.81471150691056E-15,6.5915135623179E-15,-1.));
#8613=DIRECTION('center_axis',(0.999813729562651,0.0193004191152025,-3.68678196457353E-15));
#8614=DIRECTION('ref_axis',(0.0193004191152026,-0.999813729562651,-6.66391128909082E-15));
#8615=DIRECTION('',(0.0193004191152025,-0.999813729562651,-3.15735774755081E-18));
#8616=DIRECTION('',(-3.81471150691056E-15,6.5915135623179E-15,-1.));
#8617=DIRECTION('',(-3.81471150691056E-15,6.5915135623179E-15,-1.));
#8618=DIRECTION('center_axis',(-0.322882447293777,0.946439076343312,7.47016939469558E-15));
#8619=DIRECTION('ref_axis',(0.946439076343312,0.322882447293777,-1.48210800474531E-15));
#8620=DIRECTION('',(0.946439076343312,0.322882447293777,-1.54828075620577E-16));
#8621=DIRECTION('',(0.946439076343312,0.322882447293776,-1.48210800474531E-15));
#8622=DIRECTION('',(-3.81471150691056E-15,6.5915135623179E-15,-1.));
#8623=DIRECTION('',(-3.81471150691056E-15,6.5915135623179E-15,-1.));
#8624=DIRECTION('',(-3.81471150691056E-15,6.5915135623179E-15,-1.));
#8625=DIRECTION('center_axis',(0.322882476779468,-0.94643906628412,-7.47016944086968E-15));
#8626=DIRECTION('ref_axis',(-0.94643906628412,-0.322882476779468,1.48210777201705E-15));
#8627=DIRECTION('',(-0.94643906628412,-0.322882476779468,1.54828073974992E-16));
#8628=DIRECTION('',(-3.81471150691056E-15,6.5915135623179E-15,-1.));
#8629=DIRECTION('',(-0.94643906628412,-0.322882476779468,1.48210777201705E-15));
#8630=DIRECTION('center_axis',(3.81471150691056E-15,-6.5915135623179E-15,
1.));
#8631=DIRECTION('ref_axis',(-0.707106781186546,-0.707106781186549,-1.96349556339129E-15));
#8632=DIRECTION('center_axis',(-5.00124159041333E-33,-1.,-5.00124159041333E-33));
#8633=DIRECTION('ref_axis',(-0.923879532511286,0.,0.382683432365091));
#8634=DIRECTION('center_axis',(0.,1.,0.));
#8635=DIRECTION('ref_axis',(-0.923879532511286,0.,0.382683432365091));
#8636=DIRECTION('',(-5.00124159041333E-33,-1.,-5.00124159041333E-33));
#8637=DIRECTION('center_axis',(0.,-1.,0.));
#8638=DIRECTION('ref_axis',(-0.923879532511286,0.,0.382683432365091));
#8639=DIRECTION('',(5.00124159041333E-33,1.,5.00124159041333E-33));
#8640=DIRECTION('center_axis',(0.707106781186548,0.,-0.707106781186548));
#8641=DIRECTION('ref_axis',(0.707106781186548,4.41319264993872E-34,0.707106781186548));
#8642=DIRECTION('',(0.707106781186548,4.41319264993872E-34,0.707106781186548));
#8643=DIRECTION('',(0.,1.,0.));
#8644=DIRECTION('',(0.707106781186548,4.41319264993872E-34,0.707106781186548));
#8645=DIRECTION('center_axis',(5.00124159041333E-33,1.,5.00124159041333E-33));
#8646=DIRECTION('ref_axis',(-0.923879532511286,0.,0.382683432365091));
#8647=DIRECTION('center_axis',(1.64256906985928E-33,-1.,0.));
#8648=DIRECTION('ref_axis',(-0.923879532511286,0.,0.382683432365091));
#8649=DIRECTION('',(5.00124159041333E-33,1.,5.00124159041333E-33));
#8650=DIRECTION('center_axis',(-1.64256906985864E-33,1.,0.));
#8651=DIRECTION('ref_axis',(-0.923879532511286,0.,0.382683432365091));
#8652=DIRECTION('',(-5.00124159041333E-33,-1.,-5.00124159041333E-33));
#8653=DIRECTION('center_axis',(1.,-5.00124159041333E-33,0.));
#8654=DIRECTION('ref_axis',(5.00124159041333E-33,1.,9.00943590519012E-17));
#8655=DIRECTION('',(0.,0.,1.));
#8656=DIRECTION('',(5.00124159041333E-33,1.,9.00943590519012E-17));
#8657=DIRECTION('',(0.,0.,1.));
#8658=DIRECTION('center_axis',(-5.00124159041333E-33,-1.,-5.00124159041333E-33));
#8659=DIRECTION('ref_axis',(-0.923879532511287,0.,0.382683432365089));
#8660=DIRECTION('center_axis',(0.,1.,0.));
#8661=DIRECTION('ref_axis',(-0.923879532511287,0.,0.382683432365089));
#8662=DIRECTION('',(5.00124159041333E-33,1.,5.00124159041333E-33));
#8663=DIRECTION('center_axis',(0.,-1.,0.));
#8664=DIRECTION('ref_axis',(-0.923879532511287,0.,0.382683432365089));
#8665=DIRECTION('',(-5.00124159041333E-33,-1.,-5.00124159041333E-33));
#8666=DIRECTION('center_axis',(0.,-1.,0.));
#8667=DIRECTION('ref_axis',(0.,0.,-1.));
#8668=DIRECTION('',(0.,0.,1.));
#8669=DIRECTION('',(1.,1.64256906985864E-33,-7.37428039911426E-17));
#8670=DIRECTION('',(0.,0.,1.));
#8671=DIRECTION('',(0.,0.,-1.));
#8672=DIRECTION('center_axis',(0.,-1.,0.));
#8673=DIRECTION('ref_axis',(0.923879532511286,0.,-0.382683432365091));
#8674=DIRECTION('',(-0.707106781186547,-4.36711761151688E-34,-0.707106781186547));
#8675=DIRECTION('center_axis',(-1.,5.00124159041333E-33,0.));
#8676=DIRECTION('ref_axis',(-5.00124159041333E-33,-1.,-9.00943590519012E-17));
#8677=DIRECTION('',(0.,0.,1.));
#8678=DIRECTION('',(-5.00124159041333E-33,-1.,-9.00943590519012E-17));
#8679=DIRECTION('center_axis',(-5.00124159041333E-33,-1.,-5.00124159041333E-33));
#8680=DIRECTION('ref_axis',(-0.923879532511287,0.,0.38268343236509));
#8681=DIRECTION('center_axis',(-1.64256906985928E-33,1.,0.));
#8682=DIRECTION('ref_axis',(-0.923879532511287,0.,0.38268343236509));
#8683=DIRECTION('',(5.00124159041333E-33,1.,5.00124159041333E-33));
#8684=DIRECTION('center_axis',(1.64256906985864E-33,-1.,0.));
#8685=DIRECTION('ref_axis',(-0.923879532511287,0.,0.38268343236509));
#8686=DIRECTION('',(-5.00124159041333E-33,-1.,-5.00124159041333E-33));
#8687=DIRECTION('center_axis',(1.64256906985928E-33,-1.,0.));
#8688=DIRECTION('ref_axis',(1.,1.64256906985928E-33,-7.37428039911497E-17));
#8689=DIRECTION('',(0.,0.,1.));
#8690=DIRECTION('',(1.,1.64256906985928E-33,-7.37428039911497E-17));
#8691=DIRECTION('',(0.707106781186548,4.41319264993872E-34,0.707106781186548));
#8692=DIRECTION('',(0.,0.,-1.));
#8693=DIRECTION('center_axis',(1.64256906985928E-33,-1.,0.));
#8694=DIRECTION('ref_axis',(0.923879532511287,0.,-0.382683432365089));
#8695=DIRECTION('',(-0.707106781186547,-4.36711761151688E-34,-0.707106781186547));
#8696=DIRECTION('center_axis',(-1.,5.00124159041333E-33,0.));
#8697=DIRECTION('ref_axis',(-5.00124159041333E-33,-1.,-9.00943590519012E-17));
#8698=DIRECTION('',(0.,0.,1.));
#8699=DIRECTION('',(5.00124159041333E-33,1.,9.00943590519012E-17));
#8700=DIRECTION('center_axis',(0.,-1.,0.));
#8701=DIRECTION('ref_axis',(0.923879532511287,0.,-0.382683432365089));
#8702=DIRECTION('center_axis',(-1.64256906985864E-33,1.,0.));
#8703=DIRECTION('ref_axis',(0.923879532511287,0.,-0.382683432365089));
#8704=DIRECTION('',(0.,-1.,0.));
#8705=DIRECTION('',(0.,1.,0.));
#8706=DIRECTION('center_axis',(-0.707106781186548,0.,0.707106781186548));
#8707=DIRECTION('ref_axis',(-0.707106781186548,-4.36711761151688E-34,-0.707106781186548));
#8708=DIRECTION('',(0.707106781186547,4.36711761151688E-34,0.707106781186547));
#8709=DIRECTION('center_axis',(0.,-1.,0.));
#8710=DIRECTION('ref_axis',(0.923879532511286,0.,-0.382683432365091));
#8711=DIRECTION('center_axis',(0.,1.,0.));
#8712=DIRECTION('ref_axis',(0.923879532511286,0.,-0.382683432365091));
#8713=DIRECTION('',(0.,-1.,0.));
#8714=DIRECTION('',(0.,1.,0.));
#8715=DIRECTION('center_axis',(-0.707106781186548,0.,0.707106781186548));
#8716=DIRECTION('ref_axis',(-0.707106781186548,-4.36711761151688E-34,-0.707106781186548));
#8717=DIRECTION('',(0.707106781186547,4.36711761151688E-34,0.707106781186547));
#8718=DIRECTION('center_axis',(0.707106781186548,0.,-0.707106781186548));
#8719=DIRECTION('ref_axis',(0.707106781186548,4.41319264993872E-34,0.707106781186548));
#8720=DIRECTION('',(0.707106781186548,4.41319264993872E-34,0.707106781186548));
#8721=DIRECTION('',(0.,1.,0.));
#8722=DIRECTION('center_axis',(1.,-5.00124159041333E-33,0.));
#8723=DIRECTION('ref_axis',(5.00124159041333E-33,1.,9.00943590519012E-17));
#8724=DIRECTION('',(-5.00124159041333E-33,-1.,-9.00943590519012E-17));
#8725=DIRECTION('',(0.,0.,1.));
#8726=DIRECTION('center_axis',(7.37428039911426E-17,-9.00943590519012E-17,
1.));
#8727=DIRECTION('ref_axis',(-1.,-1.64256906985864E-33,7.37428039911426E-17));
#8728=DIRECTION('',(-1.,-1.64256906985864E-33,7.37428039911426E-17));
#8729=DIRECTION('center_axis',(0.,1.,0.));
#8730=DIRECTION('ref_axis',(-1.,0.,0.));
#8731=DIRECTION('',(0.,0.,1.));
#8732=DIRECTION('center_axis',(0.,0.,-1.));
#8733=DIRECTION('ref_axis',(-1.,0.,0.));
#8734=DIRECTION('',(-1.,-2.25745348340449E-14,-7.40148683083438E-16));
#8735=DIRECTION('',(2.26069163389298E-14,-1.,3.33066907387534E-16));
#8736=DIRECTION('',(1.,2.25745348340449E-14,7.40148683083438E-16));
#8737=DIRECTION('',(-2.26069163389298E-14,1.,-3.33066907387534E-16));
#8738=DIRECTION('',(-1.,-2.26069163389298E-14,0.));
#8739=DIRECTION('',(-2.26069163389298E-14,1.,0.));
#8740=DIRECTION('',(1.,2.26069163389298E-14,0.));
#8741=DIRECTION('',(2.26069163389298E-14,-1.,0.));
#8742=DIRECTION('center_axis',(1.,2.26069163389298E-14,6.66133814775234E-16));
#8743=DIRECTION('ref_axis',(2.26069163389298E-14,-1.,3.33066907387534E-16));
#8744=DIRECTION('',(-6.66133814775241E-16,3.33066907387519E-16,1.));
#8745=DIRECTION('',(2.26069163389298E-14,-1.,3.33066907387534E-16));
#8746=DIRECTION('',(-6.66133814775241E-16,3.33066907387519E-16,1.));
#8747=DIRECTION('',(2.26069163389298E-14,-1.,3.33066907387534E-16));
#8748=DIRECTION('',(-1.64565315825795E-14,0.707106781186548,0.707106781186547));
#8749=DIRECTION('',(-2.26069163389298E-14,1.,-3.33066907387534E-16));
#8750=DIRECTION('center_axis',(-1.,-2.26069163389298E-14,-6.66133814775234E-16));
#8751=DIRECTION('ref_axis',(-1.56987734794707E-15,0.0399999999999995,0.999199679743744));
#8752=DIRECTION('',(6.66133814775241E-16,-3.33066907387519E-16,-1.));
#8753=DIRECTION('',(2.26069163389298E-14,-1.,3.33066907387534E-16));
#8754=DIRECTION('',(6.66133814775241E-16,-3.33066907387519E-16,-1.));
#8755=DIRECTION('',(2.26069163389298E-14,-1.,3.33066907387534E-16));
#8756=DIRECTION('',(-6.66133814775241E-16,3.33066907387519E-16,1.));
#8757=DIRECTION('center_axis',(-2.26069163389298E-14,1.,-3.33066907387534E-16));
#8758=DIRECTION('ref_axis',(-1.,-2.26069163389298E-14,-6.66133814775234E-16));
#8759=DIRECTION('',(-6.66133814775241E-16,3.33066907387519E-16,1.));
#8760=DIRECTION('',(-1.,-2.26069163389298E-14,-6.66133814775234E-16));
#8761=DIRECTION('center_axis',(-1.,-2.22044604925031E-14,0.));
#8762=DIRECTION('ref_axis',(0.,0.,1.));
#8763=DIRECTION('',(-2.22044604925031E-14,1.,3.63243020515387E-30));
#8764=DIRECTION('',(-6.66133814775241E-16,3.33066907387519E-16,1.));
#8765=DIRECTION('',(0.,0.,-1.));
#8766=DIRECTION('center_axis',(1.,2.25745348340449E-14,7.40148683083438E-16));
#8767=DIRECTION('ref_axis',(7.40148683083438E-16,0.,-1.));
#8768=DIRECTION('',(2.25745348340449E-14,-1.,-3.69297070857311E-30));
#8769=DIRECTION('',(-6.66133814775241E-16,3.33066907387519E-16,1.));
#8770=DIRECTION('',(0.,0.,-1.));
#8771=DIRECTION('center_axis',(-2.22044604925031E-14,1.,0.));
#8772=DIRECTION('ref_axis',(0.,0.,1.));
#8773=DIRECTION('',(1.,2.22044604925031E-14,-1.63590113183803E-16));
#8774=DIRECTION('center_axis',(2.25684680415606E-14,-1.,2.42671699371619E-16));
#8775=DIRECTION('ref_axis',(0.,-2.42671699371619E-16,-1.));
#8776=DIRECTION('',(-1.,-2.25745348340449E-14,1.63590113183803E-16));
#8777=DIRECTION('center_axis',(0.187500000000018,-0.982264602843853,2.18106555670306E-14));
#8778=DIRECTION('ref_axis',(0.982264602843853,0.187500000000018,0.));
#8779=DIRECTION('center_axis',(-1.63590113183803E-16,0.,-1.));
#8780=DIRECTION('ref_axis',(-1.,0.,0.));
#8781=DIRECTION('center_axis',(1.63590113183803E-16,0.,1.));
#8782=DIRECTION('ref_axis',(-0.966722841991965,0.255826008785227,1.58146299138834E-16));
#8783=DIRECTION('center_axis',(-1.63590113183803E-16,0.,-1.));
#8784=DIRECTION('ref_axis',(-0.966722841991965,0.255826008785227,1.61907524424503E-16));
#8785=DIRECTION('center_axis',(-0.729537204140085,0.,-0.68394112888133));
#8786=DIRECTION('ref_axis',(-0.68394112888133,0.,0.729537204140085));
#8787=DIRECTION('center_axis',(-0.702179551236529,0.117846322176659,0.702179551236506));
#8788=DIRECTION('ref_axis',(-0.165514517383824,-0.986207353721924,0.));
#8789=DIRECTION('center_axis',(0.707106781186548,0.,0.707106781186548));
#8790=DIRECTION('ref_axis',(-0.707106781186548,0.,0.707106781186548));
#8791=DIRECTION('center_axis',(0.146204092260682,0.76592589129909,-0.62608457291641));
#8792=DIRECTION('ref_axis',(-0.982264602843855,0.187500000000008,0.));
#8793=DIRECTION('center_axis',(0.68019463842633,0.0660832793803406,-0.730046747847297));
#8794=DIRECTION('ref_axis',(-0.0966981990288223,0.995313748676558,0.));
#8795=DIRECTION('center_axis',(0.463556940385157,-0.0815477679274845,-0.882306593292149));
#8796=DIRECTION('ref_axis',(0.173257015725481,0.984876645322601,0.));
#8797=DIRECTION('center_axis',(0.396074520951156,-0.439385257085576,-0.806266438411742));
#8798=DIRECTION('ref_axis',(0.742766217904743,0.669550853587301,0.));
#8799=DIRECTION('center_axis',(0.,1.,0.));
#8800=DIRECTION('ref_axis',(0.,0.,1.));
#8801=DIRECTION('center_axis',(0.556589224147024,0.,-0.830787840283796));
#8802=DIRECTION('ref_axis',(0.830787840283796,2.15771844835899E-12,0.556589224147024));
#8803=DIRECTION('center_axis',(0.,1.,0.));
#8804=DIRECTION('ref_axis',(0.923879532511287,0.,0.38268343236509));
#8805=DIRECTION('center_axis',(0.,0.,1.));
#8806=DIRECTION('ref_axis',(0.,-1.,0.));
#8807=DIRECTION('center_axis',(0.,-1.,0.));
#8808=DIRECTION('ref_axis',(0.923879532511287,0.,0.38268343236509));
#8809=DIRECTION('center_axis',(0.617715923676187,0.,-0.786401320978592));
#8810=DIRECTION('ref_axis',(0.710725806053223,-0.428018753424705,0.558273029374299));
#8811=DIRECTION('center_axis',(-0.707106781186548,0.,0.707106781186547));
#8812=DIRECTION('ref_axis',(0.,-1.,0.));
#8813=DIRECTION('center_axis',(0.707106781186548,0.,-0.707106781186548));
#8814=DIRECTION('ref_axis',(0.499999999999999,-0.707106781186548,0.500000000000001));
#8815=DIRECTION('center_axis',(-0.923879532511288,0.,0.382683432365088));
#8816=DIRECTION('ref_axis',(0.382683432365088,8.54760274144964E-17,0.923879532511288));
#8817=DIRECTION('center_axis',(0.,0.,-1.));
#8818=DIRECTION('ref_axis',(-1.,0.,0.));
#8819=DIRECTION('',(0.,0.,-1.));
#8820=DIRECTION('center_axis',(0.,0.,-1.));
#8821=DIRECTION('ref_axis',(-1.,0.,0.));
#8822=DIRECTION('center_axis',(0.396074520951161,0.439385257085543,0.806266438411757));
#8823=DIRECTION('ref_axis',(-0.742766217904735,0.669550853587311,2.22044604925032E-14));
#8824=DIRECTION('center_axis',(0.463556940384164,0.0815477679273125,0.882306593292686));
#8825=DIRECTION('ref_axis',(-0.173257015725486,0.9848766453226,0.));
#8826=DIRECTION('center_axis',(0.680194638414546,-0.0660832793788961,0.730046747858407));
#8827=DIRECTION('ref_axis',(0.096698199028388,0.9953137486766,0.));
#8828=DIRECTION('center_axis',(0.146204092260683,-0.765925891299145,0.626084572916344));
#8829=DIRECTION('ref_axis',(0.982264602843858,0.187499999999996,0.));
#8830=DIRECTION('center_axis',(-0.702179551254168,-0.117846322181301,-0.702179551218089));
#8831=DIRECTION('ref_axis',(0.16551451738612,-0.986207353721538,0.));
#8832=DIRECTION('center_axis',(-0.707106781186549,0.,0.707106781186546));
#8833=DIRECTION('ref_axis',(0.707106781186546,0.,0.707106781186549));
#8834=DIRECTION('center_axis',(0.729537204140086,1.34991500226165E-16,-0.683941128881329));
#8835=DIRECTION('ref_axis',(0.683941128881328,0.,0.729537204140086));
#8836=DIRECTION('center_axis',(-1.63590113183803E-16,0.,-1.));
#8837=DIRECTION('ref_axis',(0.955493725020734,0.29501142595839,0.));
#8838=DIRECTION('center_axis',(-1.63590113183803E-16,0.,-1.));
#8839=DIRECTION('ref_axis',(0.966722841991963,0.255826008785233,-1.61907524424502E-16));
#8840=DIRECTION('center_axis',(-1.63590113183803E-16,0.,-1.));
#8841=DIRECTION('ref_axis',(0.966722841991963,0.255826008785233,-1.61907524424502E-16));
#8842=DIRECTION('center_axis',(0.187499999999995,0.982264602843858,1.04083408558606E-15));
#8843=DIRECTION('ref_axis',(-0.982264602843858,0.187499999999995,0.));
#8844=DIRECTION('center_axis',(1.63590113183803E-16,0.,1.));
#8845=DIRECTION('ref_axis',(0.966722841991963,0.255826008785233,-1.58146299138833E-16));
#8846=DIRECTION('center_axis',(0.,1.,0.));
#8847=DIRECTION('ref_axis',(0.,0.,1.));
#8848=DIRECTION('center_axis',(0.,-1.,0.));
#8849=DIRECTION('ref_axis',(-0.923879532511287,0.,0.38268343236509));
#8850=DIRECTION('center_axis',(0.,0.,1.));
#8851=DIRECTION('ref_axis',(-1.,0.,0.));
#8852=DIRECTION('center_axis',(0.,1.,0.));
#8853=DIRECTION('ref_axis',(-0.923879532511287,0.,0.38268343236509));
#8854=DIRECTION('center_axis',(-0.556589224147024,0.,-0.830787840283796));
#8855=DIRECTION('ref_axis',(0.,-1.,0.));
#8856=DIRECTION('center_axis',(0.,1.,0.));
#8857=DIRECTION('ref_axis',(-1.,0.,0.));
#8858=DIRECTION('',(0.,1.,0.));
#8859=DIRECTION('center_axis',(0.,1.,0.));
#8860=DIRECTION('ref_axis',(-0.923879532511287,0.,0.38268343236509));
#8861=DIRECTION('',(0.,1.,0.));
#8862=DIRECTION('center_axis',(-0.707106781186549,0.,0.707106781186546));
#8863=DIRECTION('ref_axis',(0.707106781186546,0.,0.707106781186549));
#8864=DIRECTION('',(0.,1.,0.));
#8865=DIRECTION('center_axis',(-0.707106781186549,0.,0.707106781186546));
#8866=DIRECTION('ref_axis',(0.707106781186546,0.,0.707106781186549));
#8867=DIRECTION('center_axis',(1.63590113183803E-16,0.,1.));
#8868=DIRECTION('ref_axis',(1.,0.,-1.63590113183803E-16));
#8869=DIRECTION('',(0.,1.,0.));
#8870=DIRECTION('center_axis',(1.63590113183803E-16,0.,1.));
#8871=DIRECTION('ref_axis',(-0.966722841991965,-0.255826008785227,1.58146299138833E-16));
#8872=DIRECTION('',(1.,0.,-1.63590113183803E-16));
#8873=DIRECTION('center_axis',(1.63590113183803E-16,0.,1.));
#8874=DIRECTION('ref_axis',(0.966722841991963,-0.255826008785233,-1.58146299138833E-16));
#8875=DIRECTION('',(-1.,0.,1.63590113183803E-16));
#8876=DIRECTION('',(0.,1.,0.));
#8877=DIRECTION('',(1.,0.,-1.63590113183803E-16));
#8878=DIRECTION('',(0.,-1.,0.));
#8879=DIRECTION('',(-1.,0.,1.63590113183803E-16));
#8880=DIRECTION('center_axis',(0.,0.,-1.));
#8881=DIRECTION('ref_axis',(-1.,0.,0.));
#8882=DIRECTION('',(0.,0.,-1.));
#8883=DIRECTION('center_axis',(0.,0.,-1.));
#8884=DIRECTION('ref_axis',(-1.,0.,0.));
#8885=DIRECTION('center_axis',(-0.187500000000005,0.982264602843856,0.));
#8886=DIRECTION('ref_axis',(-0.982264602843856,-0.187500000000005,0.));
#8887=DIRECTION('center_axis',(0.729537204140086,1.34991500226165E-16,-0.683941128881329));
#8888=DIRECTION('ref_axis',(0.683941128881328,0.,0.729537204140086));
#8889=DIRECTION('center_axis',(0.702179551236524,-0.117846322176645,0.702179551236514));
#8890=DIRECTION('ref_axis',(0.165514517383807,0.986207353721927,0.));
#8891=DIRECTION('center_axis',(-0.146204092260635,-0.765925891299212,-0.626084572916272));
#8892=DIRECTION('ref_axis',(0.982264602843872,-0.187499999999921,0.));
#8893=DIRECTION('center_axis',(-0.680194638426503,-0.0660832793803694,-0.730046747847133));
#8894=DIRECTION('ref_axis',(0.0966981990288397,-0.995313748676556,0.));
#8895=DIRECTION('center_axis',(-0.463556940385267,0.0815477679274955,-0.88230659329209));
#8896=DIRECTION('ref_axis',(-0.173257015725464,-0.984876645322604,0.));
#8897=DIRECTION('center_axis',(-0.396074520951106,0.439385257085539,-0.806266438411787));
#8898=DIRECTION('ref_axis',(-0.742766217904757,-0.669550853587286,0.));
#8899=DIRECTION('center_axis',(-1.63590113183803E-16,0.,-1.));
#8900=DIRECTION('ref_axis',(0.955493725020732,-0.295011425958394,0.));
#8901=DIRECTION('center_axis',(-1.63590113183803E-16,0.,-1.));
#8902=DIRECTION('ref_axis',(0.966722841991963,-0.255826008785233,-1.61907524424502E-16));
#8903=DIRECTION('center_axis',(-1.63590113183803E-16,0.,-1.));
#8904=DIRECTION('ref_axis',(0.966722841991963,-0.255826008785233,-1.61907524424502E-16));
#8905=DIRECTION('center_axis',(0.707106781186546,0.,0.707106781186549));
#8906=DIRECTION('ref_axis',(-0.500000000000001,0.707106781186548,0.499999999999998));
#8907=DIRECTION('center_axis',(0.923879532511285,0.,0.382683432365093));
#8908=DIRECTION('ref_axis',(-0.382683432365093,-2.56428082243489E-16,0.923879532511285));
#8909=DIRECTION('center_axis',(0.707106781186546,0.,0.707106781186549));
#8910=DIRECTION('ref_axis',(0.,1.,0.));
#8911=DIRECTION('center_axis',(1.,0.,-1.63590113183803E-16));
#8912=DIRECTION('ref_axis',(0.,0.707106781186549,0.707106781186546));
#8913=DIRECTION('center_axis',(-0.923879532511288,0.,0.382683432365088));
#8914=DIRECTION('ref_axis',(0.382683432365088,-2.56428082243489E-16,0.923879532511288));
#8915=DIRECTION('',(-1.,0.,1.63590113183803E-16));
#8916=DIRECTION('center_axis',(0.,0.,-1.));
#8917=DIRECTION('ref_axis',(-1.,0.,0.));
#8918=DIRECTION('',(0.,0.,-1.));
#8919=DIRECTION('center_axis',(0.,0.,-1.));
#8920=DIRECTION('ref_axis',(-1.,0.,0.));
#8921=DIRECTION('center_axis',(-0.396074520951112,-0.439385257085553,0.806266438411776));
#8922=DIRECTION('ref_axis',(0.742766217904762,-0.66955085358728,0.));
#8923=DIRECTION('center_axis',(-0.463556940384267,-0.0815477679273274,0.882306593292631));
#8924=DIRECTION('ref_axis',(0.17325701572548,-0.984876645322601,0.));
#8925=DIRECTION('center_axis',(-0.680194638414517,0.0660832793788843,0.730046747858435));
#8926=DIRECTION('ref_axis',(-0.096698199028375,-0.995313748676601,0.));
#8927=DIRECTION('center_axis',(-0.146204092260725,0.765925891299313,0.626084572916129));
#8928=DIRECTION('ref_axis',(-0.982264602843855,-0.187500000000008,0.));
#8929=DIRECTION('center_axis',(0.702179551254143,0.117846322181305,-0.702179551218113));
#8930=DIRECTION('ref_axis',(-0.165514517386132,0.986207353721537,0.));
#8931=DIRECTION('center_axis',(0.707106781186548,0.,0.707106781186548));
#8932=DIRECTION('ref_axis',(-0.707106781186548,0.,0.707106781186548));
#8933=DIRECTION('center_axis',(-0.729537204140085,0.,-0.68394112888133));
#8934=DIRECTION('ref_axis',(-0.68394112888133,0.,0.729537204140085));
#8935=DIRECTION('center_axis',(-1.63590113183803E-16,0.,-1.));
#8936=DIRECTION('ref_axis',(-1.,0.,0.));
#8937=DIRECTION('center_axis',(-1.63590113183803E-16,0.,-1.));
#8938=DIRECTION('ref_axis',(-0.966722841991965,-0.255826008785227,1.61907524424502E-16));
#8939=DIRECTION('center_axis',(-0.1875,-0.982264602843857,0.));
#8940=DIRECTION('ref_axis',(0.982264602843857,-0.1875,0.));
#8941=DIRECTION('center_axis',(0.707106781186548,0.,0.707106781186548));
#8942=DIRECTION('ref_axis',(0.707106781186548,0.,-0.707106781186548));
#8943=DIRECTION('',(0.,1.,0.));
#8944=DIRECTION('center_axis',(0.707106781186548,0.,-0.707106781186548));
#8945=DIRECTION('ref_axis',(0.499999999999998,0.707106781186548,0.5));
#8946=DIRECTION('center_axis',(-0.707106781186548,0.,0.707106781186548));
#8947=DIRECTION('ref_axis',(0.707106781186548,0.,0.707106781186548));
#8948=DIRECTION('center_axis',(0.,0.,-1.));
#8949=DIRECTION('ref_axis',(-1.,0.,0.));
#8950=DIRECTION('',(0.,0.,-1.));
#8951=DIRECTION('center_axis',(0.,0.,-1.));
#8952=DIRECTION('ref_axis',(-1.,0.,0.));
#8953=DIRECTION('center_axis',(0.,0.,1.));
#8954=DIRECTION('ref_axis',(-1.,0.,0.));
#8955=DIRECTION('center_axis',(0.,0.,1.));
#8956=DIRECTION('ref_axis',(-1.,0.,0.));
#8957=DIRECTION('center_axis',(0.,0.,1.));
#8958=DIRECTION('ref_axis',(-1.,0.,0.));
#8959=DIRECTION('center_axis',(0.,0.,1.));
#8960=DIRECTION('ref_axis',(-1.,0.,0.));
#8961=DIRECTION('center_axis',(-0.707106781186546,0.,-0.707106781186549));
#8962=DIRECTION('ref_axis',(-0.500000000000001,-0.707106781186548,0.499999999999999));
#8963=DIRECTION('center_axis',(0.707106781186546,0.,0.707106781186549));
#8964=DIRECTION('ref_axis',(-0.707106781186549,-1.85037170770859E-16,0.707106781186546));
#8965=DIRECTION('center_axis',(0.923879532511287,0.,0.382683432365089));
#8966=DIRECTION('ref_axis',(-0.382683432365089,8.54760274144964E-17,0.923879532511287));
#8967=DIRECTION('center_axis',(-0.617715923676184,-2.28600813714298E-16,
-0.786401320978595));
#8968=DIRECTION('ref_axis',(3.70074341541719E-16,-1.,0.));
#8969=DIRECTION('center_axis',(0.617715923676183,0.,-0.786401320978595));
#8970=DIRECTION('ref_axis',(0.,1.,0.));
#8971=DIRECTION('center_axis',(0.556589224147024,0.,-0.830787840283796));
#8972=DIRECTION('ref_axis',(0.,1.,0.));
#8973=DIRECTION('center_axis',(0.,1.,0.));
#8974=DIRECTION('ref_axis',(0.,0.,1.));
#8975=DIRECTION('center_axis',(0.,1.,0.));
#8976=DIRECTION('ref_axis',(0.923879532511287,0.,0.38268343236509));
#8977=DIRECTION('center_axis',(0.,0.,1.));
#8978=DIRECTION('ref_axis',(1.,0.,0.));
#8979=DIRECTION('center_axis',(0.,-1.,0.));
#8980=DIRECTION('ref_axis',(0.923879532511287,0.,0.38268343236509));
#8981=DIRECTION('center_axis',(0.617715923676184,9.14403254857192E-16,0.786401320978595));
#8982=DIRECTION('ref_axis',(-1.48029736616687E-15,1.,0.));
#8983=DIRECTION('center_axis',(-0.556589224147023,0.,-0.830787840283796));
#8984=DIRECTION('ref_axis',(-0.830787840283796,-2.16123415460364E-12,0.556589224147023));
#8985=DIRECTION('center_axis',(0.,0.,1.));
#8986=DIRECTION('ref_axis',(-1.,0.,0.));
#8987=DIRECTION('center_axis',(0.,0.,1.));
#8988=DIRECTION('ref_axis',(-1.,0.,0.));
#8989=DIRECTION('center_axis',(0.,1.,0.));
#8990=DIRECTION('ref_axis',(0.,0.,1.));
#8991=DIRECTION('',(0.,1.,0.));
#8992=DIRECTION('center_axis',(0.,0.,1.));
#8993=DIRECTION('ref_axis',(-1.,0.,0.));
#8994=DIRECTION('center_axis',(0.,0.,1.));
#8995=DIRECTION('ref_axis',(-1.,0.,0.));
#8996=DIRECTION('center_axis',(0.,0.,1.));
#8997=DIRECTION('ref_axis',(-1.,0.,0.));
#8998=DIRECTION('center_axis',(0.,0.,1.));
#8999=DIRECTION('ref_axis',(-1.,0.,0.));
#9000=DIRECTION('center_axis',(0.,0.,1.));
#9001=DIRECTION('ref_axis',(-1.,0.,0.));
#9002=DIRECTION('center_axis',(0.,0.,1.));
#9003=DIRECTION('ref_axis',(-1.,0.,0.));
#9004=DIRECTION('center_axis',(-1.,0.,1.63590113183803E-16));
#9005=DIRECTION('ref_axis',(0.,-0.707106781186548,0.707106781186547));
#9006=DIRECTION('',(1.,0.,-1.63590113183803E-16));
#9007=DIRECTION('center_axis',(0.,0.,1.));
#9008=DIRECTION('ref_axis',(0.707106781186548,-0.707106781186547,0.));
#9009=DIRECTION('center_axis',(-3.36431219583381E-17,0.,1.));
#9010=DIRECTION('ref_axis',(0.707106781186548,-0.707106781186547,0.));
#9011=DIRECTION('',(0.,0.,1.));
#9012=DIRECTION('',(0.,0.,-1.));
#9013=DIRECTION('center_axis',(0.,1.,0.));
#9014=DIRECTION('ref_axis',(1.,0.,0.));
#9015=DIRECTION('',(-2.60860673079219E-17,0.,1.));
#9016=DIRECTION('',(1.,0.,3.36431219583381E-17));
#9017=DIRECTION('',(0.,0.,1.));
#9018=DIRECTION('center_axis',(0.,1.,0.));
#9019=DIRECTION('ref_axis',(-1.,0.,0.));
#9020=DIRECTION('',(1.,0.,0.));
#9021=DIRECTION('center_axis',(0.,1.,0.));
#9022=DIRECTION('ref_axis',(0.,0.,1.));
#9023=DIRECTION('',(0.,0.,-1.));
#9024=DIRECTION('',(1.,0.,3.36431219583381E-17));
#9025=DIRECTION('center_axis',(2.60860673079219E-17,0.,-1.));
#9026=DIRECTION('ref_axis',(-0.707106781186548,-0.707106781186547,0.));
#9027=DIRECTION('center_axis',(-3.36431219583381E-17,0.,1.));
#9028=DIRECTION('ref_axis',(-0.707106781186548,-0.707106781186547,0.));
#9029=DIRECTION('',(2.60860673079219E-17,0.,-1.));
#9030=DIRECTION('center_axis',(-1.,0.,-2.60860673079219E-17));
#9031=DIRECTION('ref_axis',(-2.60860673079219E-17,0.,1.));
#9032=DIRECTION('',(-2.60860673079219E-17,0.,1.));
#9033=DIRECTION('',(0.,1.,0.));
#9034=DIRECTION('center_axis',(0.,1.,0.));
#9035=DIRECTION('ref_axis',(1.,0.,0.));
#9036=DIRECTION('',(0.,0.,1.));
#9037=DIRECTION('',(-1.,0.,-3.36431219583381E-17));
#9038=DIRECTION('',(0.,0.,1.));
#9039=DIRECTION('center_axis',(0.,-1.,0.));
#9040=DIRECTION('ref_axis',(0.,0.,1.));
#9041=DIRECTION('',(-1.,0.,0.));
#9042=DIRECTION('center_axis',(0.,-1.,0.));
#9043=DIRECTION('ref_axis',(-1.,0.,0.));
#9044=DIRECTION('',(0.,0.,-1.));
#9045=DIRECTION('',(-1.,0.,-3.36431219583381E-17));
#9046=DIRECTION('',(2.60860673079219E-17,0.,-1.));
#9047=DIRECTION('center_axis',(0.,-1.,0.));
#9048=DIRECTION('ref_axis',(-0.923879532511287,0.,0.38268343236509));
#9049=DIRECTION('center_axis',(0.,0.,-1.));
#9050=DIRECTION('ref_axis',(0.707106781186548,0.707106781186548,0.));
#9051=DIRECTION('center_axis',(-3.36431219583381E-17,0.,1.));
#9052=DIRECTION('ref_axis',(0.707106781186548,0.707106781186548,0.));
#9053=DIRECTION('',(0.,0.,-1.));
#9054=DIRECTION('center_axis',(1.,0.,0.));
#9055=DIRECTION('ref_axis',(0.,0.,-1.));
#9056=DIRECTION('',(0.,1.,0.));
#9057=DIRECTION('center_axis',(-2.60860673079219E-17,0.,1.));
#9058=DIRECTION('ref_axis',(-0.707106781186547,0.707106781186548,0.));
#9059=DIRECTION('center_axis',(-3.36431219583381E-17,0.,1.));
#9060=DIRECTION('ref_axis',(-0.707106781186547,0.707106781186548,0.));
#9061=DIRECTION('center_axis',(0.,0.,-1.));
#9062=DIRECTION('ref_axis',(-1.,0.,0.));
#9063=DIRECTION('center_axis',(0.,1.,0.));
#9064=DIRECTION('ref_axis',(0.,0.,1.));
#9065=DIRECTION('center_axis',(3.36431219583381E-17,0.,-1.));
#9066=DIRECTION('ref_axis',(-1.,0.,-3.36431219583381E-17));
#9067=DIRECTION('',(0.,1.,0.));
#9068=DIRECTION('',(-1.,1.12143739861127E-17,-3.36431219583381E-17));
#9069=DIRECTION('',(0.,-1.,0.));
#9070=DIRECTION('center_axis',(3.36431219583381E-17,0.,-1.));
#9071=DIRECTION('ref_axis',(-1.11022302462516E-16,-1.,0.));
#9072=DIRECTION('',(-1.,1.12143739861127E-17,-3.36431219583381E-17));
#9073=DIRECTION('',(0.,-1.,0.));
#9074=DIRECTION('',(1.,1.12143739861127E-17,3.36431219583381E-17));
#9075=DIRECTION('center_axis',(3.36431219583381E-17,0.,-1.));
#9076=DIRECTION('ref_axis',(0.,1.,0.));
#9077=DIRECTION('',(0.,-1.,0.));
#9078=DIRECTION('',(1.,1.12143739861127E-17,3.36431219583381E-17));
#9079=DIRECTION('',(0.,1.,0.));
#9080=DIRECTION('center_axis',(3.36431219583381E-17,0.,-1.));
#9081=DIRECTION('ref_axis',(-1.,0.,0.));
#9082=DIRECTION('center_axis',(3.36431219583381E-17,0.,-1.));
#9083=DIRECTION('ref_axis',(-1.,0.,0.));
#9084=DIRECTION('center_axis',(1.,0.,0.));
#9085=DIRECTION('ref_axis',(0.,0.,-1.));
#9086=DIRECTION('',(0.,0.,1.));
#9087=DIRECTION('',(0.,1.,0.));
#9088=DIRECTION('',(0.,0.,-1.));
#9089=DIRECTION('',(0.,1.,0.));
#9090=DIRECTION('center_axis',(0.,1.,0.));
#9091=DIRECTION('ref_axis',(1.,0.,0.));
#9092=DIRECTION('center_axis',(0.,1.,0.));
#9093=DIRECTION('ref_axis',(1.,0.,0.));
#9094=DIRECTION('',(0.,1.,0.));
#9095=DIRECTION('center_axis',(0.,1.,0.));
#9096=DIRECTION('ref_axis',(1.,0.,0.));
#9097=DIRECTION('center_axis',(0.,1.,0.));
#9098=DIRECTION('ref_axis',(1.,0.,0.));
#9099=DIRECTION('center_axis',(0.,1.,0.));
#9100=DIRECTION('ref_axis',(1.,0.,0.));
#9101=DIRECTION('',(-0.996194698091746,0.,0.0871557427476581));
#9102=DIRECTION('center_axis',(0.,1.,0.));
#9103=DIRECTION('ref_axis',(1.,0.,0.));
#9104=DIRECTION('',(1.,0.,-9.65411325761006E-17));
#9105=DIRECTION('center_axis',(0.,1.,0.));
#9106=DIRECTION('ref_axis',(-1.,0.,0.));
#9107=DIRECTION('',(-4.62592926927148E-17,0.,1.));
#9108=DIRECTION('',(-0.996194698091746,0.,0.0871557427476581));
#9109=DIRECTION('center_axis',(-9.65411325761006E-17,0.,-1.));
#9110=DIRECTION('ref_axis',(-1.,0.,9.65411325761006E-17));
#9111=DIRECTION('',(0.,-1.,0.));
#9112=DIRECTION('',(0.,1.,0.));
#9113=DIRECTION('',(-1.,0.,9.65411325761006E-17));
#9114=DIRECTION('',(0.,1.,0.));
#9115=DIRECTION('',(1.,0.,-9.65411325761006E-17));
#9116=DIRECTION('',(0.,1.,0.));
#9117=DIRECTION('',(-1.,0.,9.65411325761006E-17));
#9118=DIRECTION('',(0.,1.,0.));
#9119=DIRECTION('',(0.,-1.,0.));
#9120=DIRECTION('',(1.,0.,-9.65411325761006E-17));
#9121=DIRECTION('',(0.,1.,0.));
#9122=DIRECTION('',(-1.,0.,9.65411325761006E-17));
#9123=DIRECTION('',(2.26069163389298E-14,-1.,-2.18249730741344E-30));
#9124=DIRECTION('',(1.,2.26069163389298E-14,-9.65411325761006E-17));
#9125=DIRECTION('',(1.,2.26069163389298E-14,-9.65411325761006E-17));
#9126=DIRECTION('',(1.,2.26069163389298E-14,-9.65411325761006E-17));
#9127=DIRECTION('',(1.,2.26069163389298E-14,-9.65411325761006E-17));
#9128=DIRECTION('',(1.,2.26069163389298E-14,-9.65411325761006E-17));
#9129=DIRECTION('',(1.,2.26069163389298E-14,-9.65411325761006E-17));
#9130=DIRECTION('',(1.,2.26069163389298E-14,-9.65411325761006E-17));
#9131=DIRECTION('',(-2.26069163389298E-14,1.,2.18249730741344E-30));
#9132=DIRECTION('',(-1.,-1.83158112462905E-14,9.65411325761006E-17));
#9133=DIRECTION('',(-1.,-1.83158112462905E-14,9.65411325761006E-17));
#9134=DIRECTION('',(-1.,-1.83158112462905E-14,9.65411325761006E-17));
#9135=DIRECTION('center_axis',(1.,0.,4.62592926927148E-17));
#9136=DIRECTION('ref_axis',(4.62592926927148E-17,0.,-1.));
#9137=DIRECTION('',(0.,-1.,0.));
#9138=DIRECTION('',(0.,1.,0.));
#9139=DIRECTION('',(4.62592926927148E-17,0.,-1.));
#9140=DIRECTION('',(0.,1.,0.));
#9141=DIRECTION('',(-4.62592926927148E-17,0.,1.));
#9142=DIRECTION('',(0.,1.,0.));
#9143=DIRECTION('',(4.62592926927148E-17,0.,-1.));
#9144=DIRECTION('center_axis',(1.,0.,0.));
#9145=DIRECTION('ref_axis',(0.,0.,-1.));
#9146=DIRECTION('',(0.,0.,1.));
#9147=DIRECTION('',(0.,1.,0.));
#9148=DIRECTION('',(0.,0.,-1.));
#9149=DIRECTION('center_axis',(0.,1.,0.));
#9150=DIRECTION('ref_axis',(1.,0.,0.));
#9151=DIRECTION('center_axis',(0.,1.,0.));
#9152=DIRECTION('ref_axis',(1.,0.,0.));
#9153=DIRECTION('',(0.,1.,0.));
#9154=DIRECTION('center_axis',(0.,1.,0.));
#9155=DIRECTION('ref_axis',(1.,0.,0.));
#9156=DIRECTION('center_axis',(0.,1.,0.));
#9157=DIRECTION('ref_axis',(1.,0.,0.));
#9158=DIRECTION('',(-0.996194698091746,0.,0.0871557427476581));
#9159=DIRECTION('center_axis',(0.,-1.,0.));
#9160=DIRECTION('ref_axis',(-1.,0.,0.));
#9161=DIRECTION('center_axis',(0.,1.,0.));
#9162=DIRECTION('ref_axis',(1.,0.,0.));
#9163=DIRECTION('center_axis',(0.,-1.,0.));
#9164=DIRECTION('ref_axis',(1.,0.,0.));
#9165=DIRECTION('',(-0.996194698091746,0.,0.0871557427476581));
#9166=DIRECTION('center_axis',(0.,1.,0.));
#9167=DIRECTION('ref_axis',(1.,0.,0.));
#9168=DIRECTION('',(0.,1.,0.));
#9169=DIRECTION('center_axis',(-0.0871557427476581,0.,-0.996194698091746));
#9170=DIRECTION('ref_axis',(-0.996194698091746,0.,0.0871557427476581));
#9171=DIRECTION('center_axis',(0.,1.,0.));
#9172=DIRECTION('ref_axis',(-1.,0.,0.));
#9173=DIRECTION('center_axis',(0.,1.,0.));
#9174=DIRECTION('ref_axis',(-1.,0.,0.));
#9175=DIRECTION('',(0.,1.,0.));
#9176=DIRECTION('center_axis',(0.,1.,0.));
#9177=DIRECTION('ref_axis',(-1.,0.,0.));
#9178=DIRECTION('center_axis',(-1.,0.,0.));
#9179=DIRECTION('ref_axis',(0.,1.,0.));
#9180=DIRECTION('',(0.,0.,-1.));
#9181=DIRECTION('',(0.,1.,0.));
#9182=DIRECTION('',(0.,0.,-1.));
#9183=DIRECTION('center_axis',(0.,-1.,0.));
#9184=DIRECTION('ref_axis',(-1.,0.,0.));
#9185=DIRECTION('',(0.,0.,-1.));
#9186=DIRECTION('',(-1.,0.,0.));
#9187=DIRECTION('center_axis',(1.,0.,0.));
#9188=DIRECTION('ref_axis',(0.,-1.,0.));
#9189=DIRECTION('',(0.,0.,-1.));
#9190=DIRECTION('',(0.,-1.,0.));
#9191=DIRECTION('center_axis',(0.,1.,0.));
#9192=DIRECTION('ref_axis',(1.,0.,0.));
#9193=DIRECTION('',(1.,0.,0.));
#9194=DIRECTION('center_axis',(0.,0.,-1.));
#9195=DIRECTION('ref_axis',(-1.,0.,0.));
#9196=DIRECTION('',(0.,-1.,0.));
#9197=DIRECTION('',(-1.,0.,0.));
#9198=DIRECTION('',(0.,1.,0.));
#9199=DIRECTION('',(1.,0.,0.));
#9200=DIRECTION('center_axis',(1.,0.,0.));
#9201=DIRECTION('ref_axis',(0.,-1.,0.));
#9202=DIRECTION('',(0.,0.,-1.));
#9203=DIRECTION('',(0.,0.,-1.));
#9204=DIRECTION('center_axis',(0.,1.,0.));
#9205=DIRECTION('ref_axis',(1.,0.,0.));
#9206=DIRECTION('',(0.,0.,-1.));
#9207=DIRECTION('center_axis',(-1.,0.,0.));
#9208=DIRECTION('ref_axis',(0.,1.,0.));
#9209=DIRECTION('',(0.,0.,-1.));
#9210=DIRECTION('center_axis',(0.,-1.,0.));
#9211=DIRECTION('ref_axis',(-1.,0.,0.));
#9212=DIRECTION('center_axis',(2.26069163389298E-14,-1.,3.33066907387534E-16));
#9213=DIRECTION('ref_axis',(-1.,-2.26069163389298E-14,-6.66133814775234E-16));
#9214=DIRECTION('center_axis',(2.26069163389298E-14,-1.,3.33066907387534E-16));
#9215=DIRECTION('ref_axis',(0.200000000000001,4.84772085710849E-15,0.979795897113271));
#9216=DIRECTION('',(-1.,-2.26069163389298E-14,-6.66133814775234E-16));
#9217=DIRECTION('',(-6.66133814775241E-16,3.33066907387519E-16,1.));
#9218=DIRECTION('center_axis',(2.26069163389298E-14,-1.,3.33066907387534E-16));
#9219=DIRECTION('ref_axis',(-1.,-2.26069163389298E-14,-6.66133814775234E-16));
#9220=DIRECTION('',(-1.,-2.26069163389298E-14,-6.66133814775234E-16));
#9221=DIRECTION('center_axis',(2.26069163389298E-14,-1.,3.33066907387534E-16));
#9222=DIRECTION('ref_axis',(-0.200000000000002,-4.19504567846349E-15,0.979795897113271));
#9223=DIRECTION('center_axis',(2.26069163389298E-14,-1.,3.33066907387534E-16));
#9224=DIRECTION('ref_axis',(-1.,-2.26069163389298E-14,-6.66133814775234E-16));
#9225=DIRECTION('',(6.66133814775241E-16,-3.33066907387519E-16,-1.));
#9226=DIRECTION('',(1.,2.26069163389298E-14,6.66133814775234E-16));
#9227=DIRECTION('',(-6.66133814775241E-16,3.33066907387519E-16,1.));
#9228=DIRECTION('center_axis',(-2.26069163389298E-14,1.,-3.33066907387534E-16));
#9229=DIRECTION('ref_axis',(-0.707106781186548,-1.57499899761717E-14,0.707106781186547));
#9230=DIRECTION('center_axis',(-2.26069163389298E-14,1.,-3.33066907387534E-16));
#9231=DIRECTION('ref_axis',(-0.707106781186548,-1.57499899761717E-14,0.707106781186547));
#9232=DIRECTION('',(-2.26069163389298E-14,1.,-3.33066907387534E-16));
#9233=DIRECTION('center_axis',(-2.26069163389298E-14,1.,-3.33066907387534E-16));
#9234=DIRECTION('ref_axis',(-0.707106781186548,-1.57499899761717E-14,0.707106781186547));
#9235=DIRECTION('',(-2.26069163389298E-14,1.,-3.33066907387534E-16));
#9236=DIRECTION('center_axis',(-2.26069163389298E-14,1.,-3.33066907387534E-16));
#9237=DIRECTION('ref_axis',(0.707106781186547,1.62210177137768E-14,0.707106781186548));
#9238=DIRECTION('center_axis',(-2.26069163389298E-14,1.,-3.33066907387534E-16));
#9239=DIRECTION('ref_axis',(0.707106781186547,1.62210177137768E-14,0.707106781186548));
#9240=DIRECTION('center_axis',(-2.26069163389298E-14,1.,-3.33066907387534E-16));
#9241=DIRECTION('ref_axis',(0.707106781186547,1.62210177137768E-14,0.707106781186548));
#9242=DIRECTION('',(-2.26069163389298E-14,1.,-3.33066907387534E-16));
#9243=DIRECTION('center_axis',(-1.,-2.26069163389298E-14,-6.66133814775234E-16));
#9244=DIRECTION('ref_axis',(-1.56987734794707E-15,0.0399999999999995,0.999199679743744));
#9245=DIRECTION('center_axis',(-1.,-2.26069163389298E-14,-6.66133814775234E-16));
#9246=DIRECTION('ref_axis',(-1.56987734794707E-15,0.0399999999999995,0.999199679743744));
#9247=DIRECTION('',(1.,2.26069163389298E-14,6.66133814775234E-16));
#9248=DIRECTION('center_axis',(0.707106781186547,1.62210177137768E-14,0.707106781186548));
#9249=DIRECTION('ref_axis',(-0.707106781186548,-1.57499899761717E-14,0.707106781186547));
#9250=DIRECTION('center_axis',(1.,2.26069163389298E-14,6.66133814775234E-16));
#9251=DIRECTION('ref_axis',(-1.56987734794707E-15,0.0399999999999995,0.999199679743744));
#9252=DIRECTION('center_axis',(-1.,-2.26069163389298E-14,-6.66133814775234E-16));
#9253=DIRECTION('ref_axis',(-1.56987734794707E-15,0.0399999999999995,0.999199679743744));
#9254=DIRECTION('center_axis',(-0.707106781186548,-1.57499899761717E-14,
0.707106781186547));
#9255=DIRECTION('ref_axis',(0.707106781186547,1.62210177137768E-14,0.707106781186548));
#9256=DIRECTION('',(1.,2.26069163389298E-14,6.66133814775234E-16));
#9257=DIRECTION('center_axis',(1.,2.26069163389298E-14,6.66133814775234E-16));
#9258=DIRECTION('ref_axis',(-1.56987734794707E-15,0.0399999999999995,0.999199679743744));
#9259=DIRECTION('center_axis',(-2.26069163389298E-14,1.,-3.33066907387534E-16));
#9260=DIRECTION('ref_axis',(0.945981856306569,2.14937194921187E-14,0.324219566866002));
#9261=DIRECTION('center_axis',(1.5514476107369E-14,-0.707106781186547,0.707106781186548));
#9262=DIRECTION('ref_axis',(-1.64156437581346E-14,0.707106781186548,0.707106781186547));
#9263=DIRECTION('',(2.26069163389298E-14,-1.,3.33066907387534E-16));
#9264=DIRECTION('center_axis',(-2.26069163389298E-14,1.,-3.33066907387534E-16));
#9265=DIRECTION('ref_axis',(0.945981856306569,2.14937194921187E-14,0.324219566866002));
#9266=DIRECTION('',(-2.26069163389298E-14,1.,-3.33066907387534E-16));
#9267=DIRECTION('center_axis',(-1.5514476107369E-14,0.707106781186547,-0.707106781186548));
#9268=DIRECTION('ref_axis',(1.,2.26069163389298E-14,6.66133814775234E-16));
#9269=DIRECTION('',(-0.0885206393292101,-0.704330922369859,-0.704330922369856));
#9270=DIRECTION('',(1.,2.26069163389298E-14,6.66133814775234E-16));
#9271=DIRECTION('',(-1.64565315825795E-14,0.707106781186548,0.707106781186547));
#9272=DIRECTION('center_axis',(-1.5514476107369E-14,0.707106781186547,-0.707106781186548));
#9273=DIRECTION('ref_axis',(-1.64401764528015E-14,0.707106781186548,0.707106781186547));
#9274=DIRECTION('',(-1.,-2.26069163389298E-14,-6.66133814775234E-16));
#9275=DIRECTION('',(1.64565315825795E-14,-0.707106781186548,-0.707106781186547));
#9276=DIRECTION('',(0.577350269189639,-0.577350269189613,-0.577350269189625));
#9277=DIRECTION('center_axis',(0.992194557940385,2.23889260946374E-14,-0.124699475514069));
#9278=DIRECTION('ref_axis',(-0.124699475514069,-3.14953778339493E-15,-0.992194557940385));
#9279=DIRECTION('',(-0.124699475514069,-3.14953778339493E-15,-0.992194557940385));
#9280=DIRECTION('',(2.26069163389298E-14,-1.,3.33066907387534E-16));
#9281=DIRECTION('center_axis',(-2.26069163389298E-14,1.,-3.33066907387534E-16));
#9282=DIRECTION('ref_axis',(-0.945981856306564,-2.12777458752174E-14,0.324219566866016));
#9283=DIRECTION('center_axis',(1.5514476107369E-14,-0.707106781186547,0.707106781186548));
#9284=DIRECTION('ref_axis',(-1.64156437581346E-14,0.707106781186548,0.707106781186547));
#9285=DIRECTION('',(2.26069163389298E-14,-1.,3.33066907387534E-16));
#9286=DIRECTION('center_axis',(-2.26069163389298E-14,1.,-3.33066907387534E-16));
#9287=DIRECTION('ref_axis',(-0.945981856306564,-2.12777458752174E-14,0.324219566866016));
#9288=DIRECTION('',(-2.26069163389298E-14,1.,-3.33066907387534E-16));
#9289=DIRECTION('center_axis',(-0.992194557940385,-2.2471992631962E-14,
-0.124699475514071));
#9290=DIRECTION('ref_axis',(-0.12469947551407,-2.48860343751507E-15,0.992194557940385));
#9291=DIRECTION('',(-0.0885206393292429,0.704330922369855,0.704330922369856));
#9292=DIRECTION('',(-2.26069163389298E-14,1.,-3.33066907387534E-16));
#9293=DIRECTION('',(-0.12469947551407,-2.48860343751507E-15,0.992194557940385));
#9294=DIRECTION('center_axis',(-1.5514476107369E-14,0.707106781186547,-0.707106781186548));
#9295=DIRECTION('ref_axis',(1.,2.26069163389298E-14,6.66133814775234E-16));
#9296=DIRECTION('',(0.577350269189612,0.577350269189639,0.577350269189626));
#9297=DIRECTION('',(-1.,-2.26069163389298E-14,-6.66133814775234E-16));
#9298=DIRECTION('center_axis',(1.5514476107369E-14,-0.707106781186547,0.707106781186548));
#9299=DIRECTION('ref_axis',(-1.65001452619873E-14,0.707106781186548,0.707106781186547));
#9300=DIRECTION('center_axis',(-1.5514476107369E-14,0.707106781186547,-0.707106781186548));
#9301=DIRECTION('ref_axis',(-1.64401764528015E-14,0.707106781186548,0.707106781186547));
#9302=DIRECTION('',(1.64565315825795E-14,-0.707106781186548,-0.707106781186547));
#9303=DIRECTION('',(1.,2.26069163389298E-14,6.66133814775234E-16));
#9304=DIRECTION('center_axis',(-2.26069163389298E-14,1.,-3.33066907387534E-16));
#9305=DIRECTION('ref_axis',(0.200000000000001,4.84772085710849E-15,0.979795897113271));
#9306=DIRECTION('',(2.26069163389298E-14,-1.,3.33066907387534E-16));
#9307=DIRECTION('center_axis',(-2.26069163389298E-14,1.,-3.33066907387534E-16));
#9308=DIRECTION('ref_axis',(0.200000000000001,4.84772085710849E-15,0.979795897113271));
#9309=DIRECTION('',(2.26069163389298E-14,-1.,3.33066907387534E-16));
#9310=DIRECTION('center_axis',(-6.66133814775241E-16,3.33066907387519E-16,
1.));
#9311=DIRECTION('ref_axis',(-1.,-2.26069163389298E-14,-6.66133814775234E-16));
#9312=DIRECTION('',(2.26069163389298E-14,-1.,3.33066907387534E-16));
#9313=DIRECTION('',(1.,2.26069163389298E-14,6.66133814775234E-16));
#9314=DIRECTION('',(2.26069163389298E-14,-1.,3.33066907387534E-16));
#9315=DIRECTION('',(-1.,-1.83158112462905E-14,-6.66133814775235E-16));
#9316=DIRECTION('',(2.26069163389298E-14,-1.,3.33066907387534E-16));
#9317=DIRECTION('',(2.26069163389298E-14,-1.,3.33066907387534E-16));
#9318=DIRECTION('center_axis',(2.26069163389298E-14,-1.,3.33066907387534E-16));
#9319=DIRECTION('ref_axis',(-0.200000000000002,-4.19504567846349E-15,0.979795897113271));
#9320=DIRECTION('',(-2.26069163389298E-14,1.,-3.33066907387534E-16));
#9321=DIRECTION('',(-2.26069163389298E-14,1.,-3.33066907387534E-16));
#9322=DIRECTION('center_axis',(-2.26069163389298E-14,1.,-3.33066907387534E-16));
#9323=DIRECTION('ref_axis',(-0.200000000000002,-4.19504567846349E-15,0.979795897113271));
#9324=DIRECTION('center_axis',(-2.26069163389298E-14,1.,-3.33066907387534E-16));
#9325=DIRECTION('ref_axis',(0.707106781186547,1.62210177137768E-14,0.707106781186548));
#9326=DIRECTION('',(-2.26069163389298E-14,1.,-3.33066907387534E-16));
#9327=DIRECTION('center_axis',(1.83158112462905E-14,-1.,3.33066907387531E-16));
#9328=DIRECTION('ref_axis',(0.707106781186547,1.62210177137768E-14,0.707106781186548));
#9329=DIRECTION('',(-2.26069163389298E-14,1.,-3.33066907387534E-16));
#9330=DIRECTION('center_axis',(-6.66133814775241E-16,3.33066907387519E-16,
1.));
#9331=DIRECTION('ref_axis',(-1.,-2.26069163389298E-14,-6.66133814775234E-16));
#9332=DIRECTION('',(2.26069163389298E-14,-1.,3.33066907387534E-16));
#9333=DIRECTION('',(-1.,-1.83158112462905E-14,-6.66133814775235E-16));
#9334=DIRECTION('center_axis',(-2.26069163389298E-14,1.,-3.33066907387534E-16));
#9335=DIRECTION('ref_axis',(-6.66133814775241E-16,3.33066907387519E-16,
1.));
#9336=DIRECTION('',(-6.66133814775241E-16,3.33066907387519E-16,1.));
#9337=DIRECTION('',(1.,2.26069163389298E-14,6.66133814775234E-16));
#9338=DIRECTION('',(6.66133814775241E-16,-3.33066907387519E-16,-1.));
#9339=DIRECTION('center_axis',(-1.,-2.26069163389298E-14,-6.66133814775234E-16));
#9340=DIRECTION('ref_axis',(-2.26069163389298E-14,1.,-3.33066907387534E-16));
#9341=DIRECTION('',(-6.66133814775241E-16,3.33066907387519E-16,1.));
#9342=DIRECTION('',(-2.26069163389298E-14,1.,-3.33066907387534E-16));
#9343=DIRECTION('',(-6.66133814775241E-16,3.33066907387519E-16,1.));
#9344=DIRECTION('',(-2.26069163389298E-14,1.,-3.33066907387534E-16));
#9345=DIRECTION('',(6.66133814775241E-16,-3.33066907387519E-16,-1.));
#9346=DIRECTION('',(-2.26069163389298E-14,1.,-3.33066907387534E-16));
#9347=DIRECTION('center_axis',(-1.,-2.26069163389298E-14,-6.66133814775234E-16));
#9348=DIRECTION('ref_axis',(-6.66133814775241E-16,3.33066907387519E-16,
1.));
#9349=DIRECTION('',(1.64565315825794E-14,-0.707106781186546,-0.707106781186549));
#9350=DIRECTION('',(6.66133814775241E-16,-3.33066907387519E-16,-1.));
#9351=DIRECTION('',(2.26069163389298E-14,-1.,3.33066907387534E-16));
#9352=DIRECTION('',(6.66133814775241E-16,-3.33066907387519E-16,-1.));
#9353=DIRECTION('',(-6.66133814775241E-16,3.33066907387519E-16,1.));
#9354=DIRECTION('center_axis',(1.,2.26069163389298E-14,6.66133814775234E-16));
#9355=DIRECTION('ref_axis',(6.66133814775241E-16,-3.33066907387519E-16,
-1.));
#9356=DIRECTION('',(-1.64565315825794E-14,0.707106781186546,0.707106781186549));
#9357=DIRECTION('',(6.66133814775241E-16,-3.33066907387519E-16,-1.));
#9358=DIRECTION('',(-6.66133814775241E-16,3.33066907387519E-16,1.));
#9359=DIRECTION('',(-2.26069163389298E-14,1.,-3.33066907387534E-16));
#9360=DIRECTION('',(-6.66133814775241E-16,3.33066907387519E-16,1.));
#9361=DIRECTION('center_axis',(-2.26069163389298E-14,1.,-3.33066907387534E-16));
#9362=DIRECTION('ref_axis',(1.,2.26069163389298E-14,6.66133814775234E-16));
#9363=DIRECTION('',(1.,2.26069163389298E-14,6.66133814775234E-16));
#9364=DIRECTION('',(6.66133814775241E-16,-3.33066907387519E-16,-1.));
#9365=DIRECTION('',(1.,2.26069163389298E-14,6.66133814775234E-16));
#9366=DIRECTION('center_axis',(-6.66133814775241E-16,3.33066907387519E-16,
1.));
#9367=DIRECTION('ref_axis',(1.,2.26069163389298E-14,6.66133814775234E-16));
#9368=DIRECTION('',(-1.,-2.26069163389298E-14,-6.66133814775234E-16));
#9369=DIRECTION('',(2.26069163389298E-14,-1.,3.33066907387534E-16));
#9370=DIRECTION('center_axis',(-6.66133814775241E-16,3.33066907387519E-16,
1.));
#9371=DIRECTION('ref_axis',(-0.707106781186565,0.70710678118653,-7.06541606407789E-16));
#9372=DIRECTION('center_axis',(-6.66133814775241E-16,3.33066907387519E-16,
1.));
#9373=DIRECTION('ref_axis',(1.,2.26069163389298E-14,6.66133814775234E-16));
#9374=DIRECTION('',(1.,2.26069163389298E-14,6.66133814775234E-16));
#9375=DIRECTION('center_axis',(-6.66133814775241E-16,3.33066907387519E-16,
1.));
#9376=DIRECTION('ref_axis',(0.707106781186533,0.707106781186562,2.35513868802676E-16));
#9377=DIRECTION('',(-2.26069163389298E-14,1.,-3.33066907387534E-16));
#9378=DIRECTION('',(-1.,-2.26069163389298E-14,-6.66133814775234E-16));
#9379=DIRECTION('center_axis',(2.26069163389298E-14,-1.,3.33066907387534E-16));
#9380=DIRECTION('ref_axis',(-1.,-2.26069163389298E-14,-6.66133814775234E-16));
#9381=DIRECTION('',(-6.66133814775241E-16,3.33066907387519E-16,1.));
#9382=DIRECTION('',(-1.,-2.26069163389298E-14,-6.66133814775234E-16));
#9383=DIRECTION('',(-6.66133814775241E-16,3.33066907387519E-16,1.));
#9384=DIRECTION('',(-1.,-2.26069163389298E-14,-6.66133814775234E-16));
#9385=DIRECTION('center_axis',(-6.66133814775241E-16,3.33066907387519E-16,
1.));
#9386=DIRECTION('ref_axis',(1.,2.26069163389298E-14,6.66133814775234E-16));
#9387=DIRECTION('center_axis',(-6.66133814775241E-16,3.33066907387519E-16,
1.));
#9388=DIRECTION('ref_axis',(0.707106781186562,-0.707106781186533,7.06541606407788E-16));
#9389=DIRECTION('',(-1.,-2.26069163389298E-14,-6.66133814775234E-16));
#9390=DIRECTION('',(-2.26069163389298E-14,1.,-3.33066907387534E-16));
#9391=DIRECTION('',(1.,2.26069163389298E-14,6.66133814775234E-16));
#9392=DIRECTION('',(-2.26069163389298E-14,1.,-3.33066907387534E-16));
#9393=DIRECTION('center_axis',(-1.,-2.26069163389298E-14,-6.66133814775234E-16));
#9394=DIRECTION('ref_axis',(-2.26069163389298E-14,1.,-3.33066907387534E-16));
#9395=DIRECTION('',(-6.66133814775241E-16,3.33066907387519E-16,1.));
#9396=DIRECTION('',(6.66133814775241E-16,-3.33066907387519E-16,-1.));
#9397=DIRECTION('',(-2.26069163389298E-14,1.,-3.33066907387534E-16));
#9398=DIRECTION('center_axis',(-2.26069163389298E-14,1.,-3.33066907387534E-16));
#9399=DIRECTION('ref_axis',(1.,2.26069163389298E-14,6.66133814775234E-16));
#9400=DIRECTION('',(-6.66133814775241E-16,3.33066907387519E-16,1.));
#9401=DIRECTION('',(1.,2.26069163389298E-14,6.66133814775234E-16));
#9402=DIRECTION('',(-6.66133814775241E-16,3.33066907387519E-16,1.));
#9403=DIRECTION('',(1.,2.26069163389298E-14,6.66133814775234E-16));
#9404=DIRECTION('',(6.66133814775241E-16,-3.33066907387519E-16,-1.));
#9405=DIRECTION('',(1.,2.26069163389298E-14,6.66133814775234E-16));
#9406=DIRECTION('center_axis',(-2.26069163389298E-14,1.,-3.33066907387534E-16));
#9407=DIRECTION('ref_axis',(1.,2.26069163389298E-14,6.66133814775234E-16));
#9408=DIRECTION('',(1.,2.26069163389298E-14,6.66133814775234E-16));
#9409=DIRECTION('',(-6.66133814775241E-16,3.33066907387519E-16,1.));
#9410=DIRECTION('center_axis',(1.,2.26069163389298E-14,6.66133814775234E-16));
#9411=DIRECTION('ref_axis',(-2.26069163389298E-14,1.,-3.33066907387534E-16));
#9412=DIRECTION('',(-6.66133814775241E-16,3.33066907387519E-16,1.));
#9413=DIRECTION('',(6.66133814775241E-16,-3.33066907387519E-16,-1.));
#9414=DIRECTION('',(2.26069163389298E-14,-1.,3.33066907387534E-16));
#9415=DIRECTION('center_axis',(-1.,-2.26069163389298E-14,-6.66133814775234E-16));
#9416=DIRECTION('ref_axis',(2.26069163389298E-14,-1.,3.33066907387534E-16));
#9417=DIRECTION('',(6.66133814775241E-16,-3.33066907387519E-16,-1.));
#9418=DIRECTION('',(-2.26069163389298E-14,1.,-3.33066907387534E-16));
#9419=DIRECTION('',(-6.66133814775241E-16,3.33066907387519E-16,1.));
#9420=DIRECTION('center_axis',(6.66133814775241E-16,-3.33066907387519E-16,
-1.));
#9421=DIRECTION('ref_axis',(0.707106781186533,0.707106781186562,2.35513868802676E-16));
#9422=DIRECTION('center_axis',(-6.66133814775241E-16,3.33066907387519E-16,
1.));
#9423=DIRECTION('ref_axis',(0.707106781186533,0.707106781186562,2.35513868802676E-16));
#9424=DIRECTION('center_axis',(-6.66133814775241E-16,3.33066907387519E-16,
1.));
#9425=DIRECTION('ref_axis',(-0.707106781186565,0.70710678118653,-7.06541606407789E-16));
#9426=DIRECTION('center_axis',(-6.66133814775241E-16,3.33066907387519E-16,
1.));
#9427=DIRECTION('ref_axis',(-0.707106781186565,0.70710678118653,-7.06541606407789E-16));
#9428=DIRECTION('center_axis',(2.26069163389298E-14,-1.,3.33066907387534E-16));
#9429=DIRECTION('ref_axis',(-1.,-2.26069163389298E-14,-6.66133814775234E-16));
#9430=DIRECTION('',(6.66133814775241E-16,-3.33066907387519E-16,-1.));
#9431=DIRECTION('',(-1.,-2.26069163389298E-14,-6.66133814775234E-16));
#9432=DIRECTION('',(6.66133814775241E-16,-3.33066907387519E-16,-1.));
#9433=DIRECTION('center_axis',(6.66133814775241E-16,-3.33066907387519E-16,
-1.));
#9434=DIRECTION('ref_axis',(0.707106781186562,-0.707106781186533,7.06541606407788E-16));
#9435=DIRECTION('center_axis',(-6.66133814775241E-16,3.33066907387519E-16,
1.));
#9436=DIRECTION('ref_axis',(0.707106781186562,-0.707106781186533,7.06541606407788E-16));
#9437=DIRECTION('center_axis',(1.,2.26069163389298E-14,6.66133814775234E-16));
#9438=DIRECTION('ref_axis',(2.26069163389298E-14,-1.,3.33066907387534E-16));
#9439=DIRECTION('',(6.66133814775241E-16,-3.33066907387519E-16,-1.));
#9440=DIRECTION('',(2.26069163389298E-14,-1.,3.33066907387534E-16));
#9441=DIRECTION('',(2.26069163389298E-14,-1.,3.33066907387534E-16));
#9442=DIRECTION('center_axis',(-6.66133814775241E-16,3.33066907387519E-16,
1.));
#9443=DIRECTION('ref_axis',(1.,2.26069163389298E-14,6.66133814775234E-16));
#9444=DIRECTION('center_axis',(-6.66133814775241E-16,3.33066907387519E-16,
1.));
#9445=DIRECTION('ref_axis',(-0.70710678118653,-0.707106781186565,-2.35513868802673E-16));
#9446=DIRECTION('',(2.26069163389298E-14,-1.,3.33066907387534E-16));
#9447=DIRECTION('center_axis',(-6.66133814775241E-16,3.33066907387519E-16,
1.));
#9448=DIRECTION('ref_axis',(-0.70710678118653,-0.707106781186565,-2.35513868802673E-16));
#9449=DIRECTION('center_axis',(-6.66133814775241E-16,3.33066907387519E-16,
1.));
#9450=DIRECTION('ref_axis',(-0.70710678118653,-0.707106781186565,-2.35513868802673E-16));
#9451=DIRECTION('center_axis',(-6.66133814775241E-16,3.33066907387519E-16,
1.));
#9452=DIRECTION('ref_axis',(1.,2.26069163389298E-14,6.66133814775234E-16));
#9453=DIRECTION('center_axis',(-6.66133814775241E-16,3.33066907387519E-16,
1.));
#9454=DIRECTION('ref_axis',(1.,2.26069163389298E-14,6.66133814775234E-16));
#9455=DIRECTION('',(1.,2.26069163389298E-14,6.66133814775234E-16));
#9456=DIRECTION('',(1.,2.26069163389298E-14,6.66133814775234E-16));
#9457=DIRECTION('center_axis',(2.26069163389298E-14,-1.,3.33066907387534E-16));
#9458=DIRECTION('ref_axis',(1.,2.26069163389298E-14,6.66133814775234E-16));
#9459=DIRECTION('center_axis',(1.,2.26069163389298E-14,6.66133814775234E-16));
#9460=DIRECTION('ref_axis',(-2.26069163389298E-14,1.,-3.33066907387534E-16));
#9461=DIRECTION('',(-6.66133814775241E-16,3.33066907387519E-16,1.));
#9462=DIRECTION('',(2.26069163389298E-14,-1.,3.33066907387534E-16));
#9463=DIRECTION('',(-6.66133814775241E-16,3.33066907387519E-16,1.));
#9464=DIRECTION('',(1.64565315825795E-14,-0.707106781186549,-0.707106781186546));
#9465=DIRECTION('center_axis',(-1.,-2.26069163389298E-14,-6.66133814775234E-16));
#9466=DIRECTION('ref_axis',(2.26069163389298E-14,-1.,3.33066907387534E-16));
#9467=DIRECTION('',(1.64565315825795E-14,-0.707106781186549,-0.707106781186546));
#9468=DIRECTION('',(6.66133814775241E-16,-3.33066907387519E-16,-1.));
#9469=DIRECTION('',(-2.26069163389298E-14,1.,-3.33066907387534E-16));
#9470=DIRECTION('',(6.66133814775241E-16,-3.33066907387519E-16,-1.));
#9471=DIRECTION('center_axis',(-0.124034734589207,-3.13453779164566E-15,
-0.992277876713668));
#9472=DIRECTION('ref_axis',(0.992277876713668,2.23910310783785E-14,-0.124034734589207));
#9473=DIRECTION('',(2.26069163389298E-14,-1.,3.33066907387534E-16));
#9474=DIRECTION('',(-0.992277876713668,-1.81330624282992E-14,0.124034734589207));
#9475=DIRECTION('',(-0.984731927834665,0.12309149097931,0.123091490979332));
#9476=DIRECTION('center_axis',(1.5514476107369E-14,-0.707106781186546,0.707106781186549));
#9477=DIRECTION('ref_axis',(1.64565315825795E-14,-0.707106781186549,-0.707106781186546));
#9478=DIRECTION('',(1.,2.26069163389298E-14,6.66133814775234E-16));
#9479=DIRECTION('center_axis',(2.26069163389298E-14,-1.,3.33066907387534E-16));
#9480=DIRECTION('ref_axis',(6.66133814775241E-16,-3.33066907387519E-16,
-1.));
#9481=DIRECTION('',(1.,2.26069163389298E-14,6.66133814775234E-16));
#9482=DIRECTION('center_axis',(6.66133814775241E-16,-3.33066907387519E-16,
-1.));
#9483=DIRECTION('ref_axis',(-2.26069163389298E-14,1.,-3.33066907387534E-16));
#9484=DIRECTION('center_axis',(0.707106781186547,1.62210177137768E-14,0.707106781186548));
#9485=DIRECTION('ref_axis',(0.707106781186548,1.57499899761717E-14,-0.707106781186547));
#9486=DIRECTION('',(0.707106781186548,1.57499899761717E-14,-0.707106781186547));
#9487=DIRECTION('center_axis',(6.66133814775241E-16,-3.33066907387519E-16,
-1.));
#9488=DIRECTION('ref_axis',(-1.,-2.26069163389298E-14,-6.66133814775234E-16));
#9489=DIRECTION('',(1.,2.26069163389298E-14,6.66133814775234E-16));
#9490=DIRECTION('',(-2.26069163389298E-14,1.,-3.33066907387534E-16));
#9491=DIRECTION('center_axis',(1.,2.26069163389298E-14,6.66133814775234E-16));
#9492=DIRECTION('ref_axis',(6.66133814775241E-16,-3.33066907387519E-16,
-1.));
#9493=DIRECTION('',(6.66133814775241E-16,-3.33066907387519E-16,-1.));
#9494=DIRECTION('',(2.26069163389298E-14,-1.,3.33066907387534E-16));
#9495=DIRECTION('center_axis',(-1.5514476107369E-14,0.707106781186547,-0.707106781186548));
#9496=DIRECTION('ref_axis',(1.,2.26069163389298E-14,6.66133814775234E-16));
#9497=DIRECTION('',(1.64565315825795E-14,-0.707106781186548,-0.707106781186547));
#9498=DIRECTION('center_axis',(-0.707106781186548,-1.57499899761717E-14,
0.707106781186547));
#9499=DIRECTION('ref_axis',(0.707106781186547,1.62210177137768E-14,0.707106781186548));
#9500=DIRECTION('',(0.707106781186547,1.62210177137768E-14,0.707106781186548));
#9501=DIRECTION('center_axis',(6.66133814775241E-16,-3.33066907387519E-16,
-1.));
#9502=DIRECTION('ref_axis',(-1.,-2.26069163389298E-14,-6.66133814775234E-16));
#9503=DIRECTION('',(1.,2.26069163389298E-14,6.66133814775234E-16));
#9504=DIRECTION('center_axis',(-1.,-2.26069163389298E-14,-6.66133814775234E-16));
#9505=DIRECTION('ref_axis',(-6.66133814775241E-16,3.33066907387519E-16,
1.));
#9506=DIRECTION('',(-6.66133814775241E-16,3.33066907387519E-16,1.));
#9507=DIRECTION('center_axis',(-2.26069163389298E-14,1.,-3.33066907387534E-16));
#9508=DIRECTION('ref_axis',(6.66133814775241E-16,-3.33066907387519E-16,
-1.));
#9509=DIRECTION('center_axis',(-2.26069163389298E-14,1.,-3.33066907387534E-16));
#9510=DIRECTION('ref_axis',(6.66133814775241E-16,-3.33066907387519E-16,
-1.));
#9511=DIRECTION('center_axis',(2.26069163389298E-14,-1.,3.33066907387534E-16));
#9512=DIRECTION('ref_axis',(-1.,-2.26069163389298E-14,-6.66133814775234E-16));
#9513=DIRECTION('',(1.,2.26069163389298E-14,6.66133814775234E-16));
#9514=DIRECTION('center_axis',(-1.5514476107369E-14,0.707106781186549,-0.707106781186546));
#9515=DIRECTION('ref_axis',(1.,2.26069163389298E-14,6.66133814775234E-16));
#9516=DIRECTION('center_axis',(-1.83158112462905E-14,1.,-3.33066907387531E-16));
#9517=DIRECTION('ref_axis',(1.,1.83158112462905E-14,6.66133814775235E-16));
#9518=DIRECTION('',(6.66133814775241E-16,-3.33066907387519E-16,-1.));
#9519=DIRECTION('center_axis',(2.26069163389298E-14,-1.,3.33066907387534E-16));
#9520=DIRECTION('ref_axis',(-1.,-2.26069163389298E-14,-6.66133814775234E-16));
#9521=DIRECTION('',(6.66133814775241E-16,-3.33066907387519E-16,-1.));
#9522=DIRECTION('center_axis',(2.26069163389298E-14,-1.,3.33066907387534E-16));
#9523=DIRECTION('ref_axis',(-1.,-2.26069163389298E-14,-6.66133814775234E-16));
#9524=DIRECTION('',(6.66133814775241E-16,-3.33066907387519E-16,-1.));
#9525=DIRECTION('center_axis',(2.26069163389298E-14,-1.,3.33066907387534E-16));
#9526=DIRECTION('ref_axis',(-1.,-2.26069163389298E-14,-6.66133814775234E-16));
#9527=DIRECTION('center_axis',(2.26069163389298E-14,-1.,3.33066907387534E-16));
#9528=DIRECTION('ref_axis',(-1.,-2.26069163389298E-14,-6.66133814775234E-16));
#9529=DIRECTION('center_axis',(-1.,-2.26069163389298E-14,-6.66133814775234E-16));
#9530=DIRECTION('ref_axis',(-2.26069163389298E-14,1.,-3.33066907387534E-16));
#9531=DIRECTION('center_axis',(1.,2.26069163389298E-14,6.66133814775234E-16));
#9532=DIRECTION('ref_axis',(2.26069163389298E-14,-1.,3.33066907387534E-16));
#9533=DIRECTION('',(6.66133814775241E-16,-3.33066907387519E-16,-1.));
#9534=DIRECTION('center_axis',(-1.83158112462905E-14,1.,-3.33066907387531E-16));
#9535=DIRECTION('ref_axis',(1.,1.83158112462905E-14,6.66133814775235E-16));
#9536=DIRECTION('center_axis',(0.948683298050513,9.15869600498269E-17,-0.31622776601684));
#9537=DIRECTION('ref_axis',(-0.31622776601684,-3.32959135813378E-9,-0.948683298050513));
#9538=DIRECTION('',(-0.314485451016577,-0.10482848367219,-0.943456353049726));
#9539=DIRECTION('',(-9.65411325761006E-17,1.,5.91143944976909E-33));
#9540=DIRECTION('',(-0.31622776601684,-3.32959135813378E-9,-0.948683298050513));
#9541=DIRECTION('',(9.65411325761006E-17,-1.,3.24794509725384E-33));
#9542=DIRECTION('',(0.301511344577765,0.301511344577765,0.90453403373329));
#9543=DIRECTION('center_axis',(-1.30313692195231E-16,0.948683298050513,
-0.316227766016839));
#9544=DIRECTION('ref_axis',(3.32959124195358E-9,-0.316227766016839,-0.948683298050513));
#9545=DIRECTION('',(-0.688247201611696,-0.22941573387056,-0.688247201611676));
#9546=DIRECTION('',(1.,1.48577066533792E-16,3.36431219583381E-17));
#9547=DIRECTION('center_axis',(-1.22464679914735E-16,-5.91143944976909E-33,
-1.));
#9548=DIRECTION('ref_axis',(1.,9.65411325761006E-17,-1.22464679914735E-16));
#9549=DIRECTION('',(2.95571972488455E-33,-1.,5.91143944976909E-33));
#9550=DIRECTION('',(-1.,-6.98042440763729E-16,1.22464679914735E-16));
#9551=DIRECTION('',(-9.65411325761006E-17,1.,5.91143944976909E-33));
#9552=DIRECTION('center_axis',(-1.22464679914735E-16,-5.91143944976909E-33,
-1.));
#9553=DIRECTION('ref_axis',(4.16735888953502E-15,-1.,-5.04442833046964E-31));
#9554=DIRECTION('',(-1.,-8.16985787709514E-17,1.22464679914735E-16));
#9555=DIRECTION('',(-1.1138368638125E-16,1.,7.72912805063392E-33));
#9556=DIRECTION('',(1.,9.65411325761006E-17,-1.22464679914735E-16));
#9557=DIRECTION('center_axis',(1.22464679914735E-16,5.91143944976909E-33,
1.));
#9558=DIRECTION('ref_axis',(2.12390491667421E-15,1.,-2.66014775239609E-31));
#9559=DIRECTION('',(9.65411325761006E-17,-1.,-5.91143944976909E-33));
#9560=DIRECTION('',(1.,9.65411325761006E-17,-1.22464679914735E-16));
#9561=DIRECTION('',(2.95571972488455E-33,-1.,5.91143944976909E-33));
#9562=DIRECTION('',(0.948683298050513,-0.316227766016841,-1.16180196436211E-16));
#9563=DIRECTION('',(9.65411325761006E-17,-1.,-5.91143944976909E-33));
#9564=DIRECTION('center_axis',(1.22464679914735E-16,5.91143944976909E-33,
1.));
#9565=DIRECTION('ref_axis',(1.43001552628349E-15,1.,-1.81037833149178E-31));
#9566=DIRECTION('',(-1.,-9.65411325761006E-17,1.22464679914735E-16));
#9567=DIRECTION('',(9.65411325761006E-17,-1.,-5.91143944976909E-33));
#9568=DIRECTION('',(1.,9.65411325761006E-17,-1.22464679914735E-16));
#9569=DIRECTION('center_axis',(-1.22464679914735E-16,-5.91143944976909E-33,
-1.));
#9570=DIRECTION('ref_axis',(-4.5857037973648E-16,-1.,6.20701142225757E-32));
#9571=DIRECTION('',(-0.948683298050516,-0.316227766016831,1.16180196436212E-16));
#9572=DIRECTION('center_axis',(5.28602279044231E-17,-0.948683298050514,
-0.316227766016838));
#9573=DIRECTION('ref_axis',(3.32959135813376E-9,-0.316227766016838,0.948683298050514));
#9574=DIRECTION('',(0.688247201611681,-0.229415733870563,0.688247201611689));
#9575=DIRECTION('',(-1.,-4.45051986184094E-17,-3.36431219583381E-17));
#9576=DIRECTION('',(0.301511344577763,0.301511344577764,-0.904534033733291));
#9577=DIRECTION('center_axis',(-0.948683298050514,-9.1586960049827E-17,
-0.316227766016838));
#9578=DIRECTION('ref_axis',(-0.316227766016838,-3.32959124195356E-9,0.948683298050514));
#9579=DIRECTION('',(-0.316227766016838,-3.32959124195356E-9,0.948683298050514));
#9580=DIRECTION('',(-9.65411325761006E-17,1.,-3.24794509725384E-33));
#9581=DIRECTION('center_axis',(-1.22464679914735E-16,-5.91143944976909E-33,
-1.));
#9582=DIRECTION('ref_axis',(2.07563435038616E-16,-1.,-1.9507750184238E-32));
#9583=DIRECTION('',(-3.2254739166617E-17,-0.316227766016839,-0.948683298050513));
#9584=DIRECTION('center_axis',(-3.36431219583381E-17,0.,1.));
#9585=DIRECTION('ref_axis',(2.07563435038616E-16,-1.,-1.9507750184238E-32));
#9586=DIRECTION('center_axis',(1.22464679914735E-16,5.91143944976909E-33,
1.));
#9587=DIRECTION('ref_axis',(2.07563435038616E-16,-1.,-1.9507750184238E-32));
#9588=DIRECTION('',(8.39254572695945E-17,-0.316227766016838,0.948683298050514));
#9589=DIRECTION('center_axis',(3.36431219583381E-17,0.,-1.));
#9590=DIRECTION('ref_axis',(2.07563435038616E-16,-1.,-1.9507750184238E-32));
#9591=DIRECTION('center_axis',(5.28602279044231E-17,-0.948683298050514,
-0.316227766016838));
#9592=DIRECTION('ref_axis',(8.39254572695945E-17,-0.316227766016838,0.948683298050514));
#9593=DIRECTION('',(-1.,-4.45051986184094E-17,-3.36431219583381E-17));
#9594=DIRECTION('',(0.301511344577763,0.301511344577764,-0.904534033733291));
#9595=DIRECTION('center_axis',(-1.30313692195231E-16,0.948683298050513,
-0.316227766016839));
#9596=DIRECTION('ref_axis',(-3.2254739166617E-17,-0.316227766016839,-0.948683298050513));
#9597=DIRECTION('',(1.,1.48577066533792E-16,3.36431219583381E-17));
#9598=DIRECTION('',(0.301511344577765,0.301511344577765,0.90453403373329));
#9599=DIRECTION('center_axis',(-1.30313692195231E-16,0.948683298050514,
-0.316227766016838));
#9600=DIRECTION('ref_axis',(3.32959074065692E-9,-0.316227766016838,-0.948683298050514));
#9601=DIRECTION('',(-0.688247201611694,-0.229415733870559,-0.688247201611678));
#9602=DIRECTION('',(-0.301511344577764,0.301511344577764,0.904534033733291));
#9603=DIRECTION('',(1.,1.48577066533792E-16,3.36431219583381E-17));
#9604=DIRECTION('center_axis',(5.28602279044229E-17,-0.948683298050513,
-0.316227766016839));
#9605=DIRECTION('ref_axis',(3.32959108919752E-9,-0.316227766016839,0.948683298050513));
#9606=DIRECTION('',(0.688247201611683,-0.229415733870564,0.688247201611687));
#9607=DIRECTION('',(-1.,-4.45051986184091E-17,-3.36431219583381E-17));
#9608=DIRECTION('',(-0.301511344577765,0.301511344577765,-0.90453403373329));
#9609=DIRECTION('center_axis',(0.948683298050513,9.15869600498269E-17,-0.31622776601684));
#9610=DIRECTION('ref_axis',(0.31622776601684,3.32959097301733E-9,0.948683298050513));
#9611=DIRECTION('',(0.314485451016577,-0.104828483672194,0.943456353049726));
#9612=DIRECTION('',(9.65411325761006E-17,-1.,3.24794509725384E-33));
#9613=DIRECTION('',(0.31622776601684,3.32959097301733E-9,0.948683298050513));
#9614=DIRECTION('center_axis',(-0.948683298050514,-9.1586960049827E-17,
-0.316227766016838));
#9615=DIRECTION('ref_axis',(0.316227766016838,3.32959085683711E-9,-0.948683298050514));
#9616=DIRECTION('',(0.316227766016838,3.32959085683711E-9,-0.948683298050514));
#9617=DIRECTION('',(-9.65411325761006E-17,1.,-3.24794509725384E-33));
#9618=DIRECTION('center_axis',(-1.22464679914735E-16,-5.91143944976909E-33,
-1.));
#9619=DIRECTION('ref_axis',(-9.65411325761006E-17,1.,5.91143944976909E-33));
#9620=DIRECTION('',(2.04799281337593E-16,-0.316227766016839,0.948683298050513));
#9621=DIRECTION('center_axis',(-3.36431219583381E-17,0.,1.));
#9622=DIRECTION('ref_axis',(-9.65411325761005E-17,1.,5.91143944976909E-33));
#9623=DIRECTION('center_axis',(1.22464679914735E-16,5.91143944976909E-33,
1.));
#9624=DIRECTION('ref_axis',(-9.65411325761006E-17,1.,5.91143944976909E-33));
#9625=DIRECTION('',(-1.43741307971042E-16,-0.316227766016838,-0.948683298050514));
#9626=DIRECTION('center_axis',(3.36431219583381E-17,0.,-1.));
#9627=DIRECTION('ref_axis',(-9.65411325761006E-17,1.,5.91143944976909E-33));
#9628=DIRECTION('center_axis',(-1.30313692195231E-16,0.948683298050514,
-0.316227766016838));
#9629=DIRECTION('ref_axis',(-1.43741307971042E-16,-0.316227766016838,-0.948683298050514));
#9630=DIRECTION('',(1.,1.48577066533792E-16,3.36431219583381E-17));
#9631=DIRECTION('',(-0.301511344577764,0.301511344577764,0.904534033733291));
#9632=DIRECTION('center_axis',(5.28602279044229E-17,-0.948683298050513,
-0.316227766016839));
#9633=DIRECTION('ref_axis',(2.04799281337593E-16,-0.316227766016839,0.948683298050513));
#9634=DIRECTION('',(-1.,-4.45051986184091E-17,-3.36431219583381E-17));
#9635=DIRECTION('',(-0.301511344577765,0.301511344577765,-0.90453403373329));
#9636=DIRECTION('center_axis',(0.948683298050513,9.15869600498269E-17,-0.31622776601684));
#9637=DIRECTION('ref_axis',(0.31622776601684,8.86190849013816E-17,0.948683298050513));
#9638=DIRECTION('',(9.65411325761006E-17,-1.,3.24794509725384E-33));
#9639=DIRECTION('center_axis',(-0.948683298050514,-9.1586960049827E-17,
-0.316227766016838));
#9640=DIRECTION('ref_axis',(0.316227766016838,-2.75611115348302E-17,-0.948683298050514));
#9641=DIRECTION('',(-9.65411325761006E-17,1.,-3.24794509725384E-33));
#9642=DIRECTION('center_axis',(1.,2.95571972488455E-33,0.));
#9643=DIRECTION('ref_axis',(2.95571972488455E-33,-1.,-4.82705662880503E-17));
#9644=DIRECTION('',(0.,0.,-1.));
#9645=DIRECTION('',(2.95571972488455E-33,-1.,-4.82705662880503E-17));
#9646=DIRECTION('',(0.,0.,-1.));
#9647=DIRECTION('center_axis',(0.316227766016831,-0.948683298050516,0.));
#9648=DIRECTION('ref_axis',(-0.948683298050516,-0.316227766016831,-1.52644933416375E-17));
#9649=DIRECTION('',(0.,0.,-1.));
#9650=DIRECTION('',(-0.948683298050516,-0.316227766016831,-1.52644933416375E-17));
#9651=DIRECTION('center_axis',(3.36431219583381E-17,0.,-1.));
#9652=DIRECTION('ref_axis',(-1.,0.,-3.36431219583381E-17));
#9653=DIRECTION('',(0.,1.,0.));
#9654=DIRECTION('',(-1.,0.,-3.36431219583381E-17));
#9655=DIRECTION('',(0.,1.,0.));
#9656=DIRECTION('center_axis',(0.,0.,1.));
#9657=DIRECTION('ref_axis',(-1.,0.,0.));
#9658=DIRECTION('',(-1.,0.,0.));
#9659=DIRECTION('',(0.,1.,0.));
#9660=DIRECTION('',(-1.,0.,0.));
#9661=DIRECTION('center_axis',(0.,0.,1.));
#9662=DIRECTION('ref_axis',(-1.,0.,0.));
#9663=DIRECTION('',(0.,-1.,0.));
#9664=DIRECTION('',(1.,0.,3.36431219583381E-17));
#9665=DIRECTION('',(0.,1.,0.));
#9666=DIRECTION('center_axis',(0.,0.948683298050514,0.316227766016838));
#9667=DIRECTION('ref_axis',(-3.32959121142458E-9,-0.316227766016838,0.948683298050514));
#9668=DIRECTION('',(0.688247201611681,0.229415733870563,-0.688247201611689));
#9669=DIRECTION('',(1.,-6.01501308187628E-16,0.));
#9670=DIRECTION('',(-0.301511344577764,0.301511344577764,-0.904534033733291));
#9671=DIRECTION('center_axis',(0.948683298050513,0.,0.316227766016839));
#9672=DIRECTION('ref_axis',(-0.316227766016839,3.32959094248834E-9,0.948683298050513));
#9673=DIRECTION('',(0.314485451016577,0.104828483672194,-0.943456353049726));
#9674=DIRECTION('',(0.,-1.,0.));
#9675=DIRECTION('',(-0.316227766016839,3.32959094248834E-9,0.948683298050513));
#9676=DIRECTION('',(0.,1.,0.));
#9677=DIRECTION('',(0.301511344577765,0.301511344577765,-0.90453403373329));
#9678=DIRECTION('center_axis',(0.,0.948683298050513,0.316227766016839));
#9679=DIRECTION('ref_axis',(-3.32959094248834E-9,-0.316227766016839,0.948683298050513));
#9680=DIRECTION('',(0.688247201611683,0.229415733870564,-0.688247201611687));
#9681=DIRECTION('',(-1.,1.12143739861127E-17,-3.36431219583381E-17));
#9682=DIRECTION('center_axis',(0.,-0.948683298050513,0.316227766016839));
#9683=DIRECTION('ref_axis',(-3.32959132760479E-9,-0.316227766016839,-0.948683298050513));
#9684=DIRECTION('',(-0.688247201611696,0.22941573387056,0.688247201611676));
#9685=DIRECTION('',(1.,1.12143739861127E-17,3.36431219583381E-17));
#9686=DIRECTION('',(-0.301511344577765,0.301511344577765,0.90453403373329));
#9687=DIRECTION('center_axis',(0.948683298050513,0.,0.316227766016839));
#9688=DIRECTION('ref_axis',(0.316227766016839,-3.32959132760479E-9,-0.948683298050513));
#9689=DIRECTION('',(-0.314485451016577,0.10482848367219,0.943456353049726));
#9690=DIRECTION('',(0.,1.,0.));
#9691=DIRECTION('',(0.316227766016839,-3.32959132760479E-9,-0.948683298050513));
#9692=DIRECTION('',(0.,1.,0.));
#9693=DIRECTION('center_axis',(-0.948683298050514,0.,0.316227766016838));
#9694=DIRECTION('ref_axis',(0.316227766016838,-3.32959121142458E-9,0.948683298050514));
#9695=DIRECTION('',(0.316227766016838,-3.32959121142458E-9,0.948683298050514));
#9696=DIRECTION('',(0.,1.,0.));
#9697=DIRECTION('center_axis',(0.,0.,-1.));
#9698=DIRECTION('ref_axis',(-1.11022302462516E-16,-1.,0.));
#9699=DIRECTION('',(-5.33964705863187E-17,-0.316227766016839,-0.948683298050513));
#9700=DIRECTION('center_axis',(0.,0.,1.));
#9701=DIRECTION('ref_axis',(5.5511151231258E-16,-1.,0.));
#9702=DIRECTION('center_axis',(-3.36431219583381E-17,0.,1.));
#9703=DIRECTION('ref_axis',(-1.11022302462516E-16,-1.,0.));
#9704=DIRECTION('center_axis',(0.,0.,1.));
#9705=DIRECTION('ref_axis',(-1.11022302462516E-16,-1.,0.));
#9706=DIRECTION('',(6.27837258498928E-17,-0.316227766016838,0.948683298050514));
#9707=DIRECTION('center_axis',(0.,0.,1.));
#9708=DIRECTION('ref_axis',(-4.07081775695892E-15,-1.,0.));
#9709=DIRECTION('center_axis',(0.,0.948683298050514,0.316227766016838));
#9710=DIRECTION('ref_axis',(6.27837258498928E-17,-0.316227766016838,0.948683298050514));
#9711=DIRECTION('',(1.,1.48425538051491E-17,0.));
#9712=DIRECTION('',(-0.301511344577764,0.301511344577764,-0.904534033733291));
#9713=DIRECTION('center_axis',(0.,-0.948683298050513,0.316227766016839));
#9714=DIRECTION('ref_axis',(-5.33964705863187E-17,-0.316227766016839,-0.948683298050513));
#9715=DIRECTION('',(1.,1.12143739861127E-17,3.36431219583381E-17));
#9716=DIRECTION('',(-0.301511344577765,0.301511344577765,0.90453403373329));
#9717=DIRECTION('',(-1.,0.,0.));
#9718=DIRECTION('center_axis',(0.,-0.948683298050514,0.316227766016838));
#9719=DIRECTION('ref_axis',(-3.32959082630813E-9,-0.316227766016838,-0.948683298050514));
#9720=DIRECTION('',(-0.688247201611694,0.229415733870559,0.688247201611678));
#9721=DIRECTION('',(0.301511344577764,0.301511344577764,0.904534033733291));
#9722=DIRECTION('',(-1.,0.,0.));
#9723=DIRECTION('center_axis',(-0.948683298050514,0.,0.316227766016838));
#9724=DIRECTION('ref_axis',(-0.316227766016838,3.32959082630813E-9,-0.948683298050514));
#9725=DIRECTION('',(-0.316227766016838,3.32959082630813E-9,-0.948683298050514));
#9726=DIRECTION('',(0.,-1.,0.));
#9727=DIRECTION('center_axis',(0.,0.,-1.));
#9728=DIRECTION('ref_axis',(0.,1.,0.));
#9729=DIRECTION('',(-5.80900982181058E-17,-0.316227766016839,0.948683298050513));
#9730=DIRECTION('center_axis',(-3.36431219583381E-17,0.,1.));
#9731=DIRECTION('ref_axis',(0.,1.,0.));
#9732=DIRECTION('center_axis',(0.,0.,-1.));
#9733=DIRECTION('ref_axis',(-1.52655665885959E-15,1.,0.));
#9734=DIRECTION('center_axis',(0.,0.,1.));
#9735=DIRECTION('ref_axis',(0.,1.,0.));
#9736=DIRECTION('',(5.80900982181058E-17,-0.316227766016838,-0.948683298050514));
#9737=DIRECTION('center_axis',(0.,0.,-1.));
#9738=DIRECTION('ref_axis',(-2.22044604925031E-15,1.,0.));
#9739=DIRECTION('center_axis',(0.,-0.948683298050514,0.316227766016838));
#9740=DIRECTION('ref_axis',(5.80900982181058E-17,-0.316227766016838,-0.948683298050514));
#9741=DIRECTION('',(0.301511344577764,0.301511344577764,0.904534033733291));
#9742=DIRECTION('',(-1.,0.,0.));
#9743=DIRECTION('center_axis',(0.,0.948683298050513,0.316227766016839));
#9744=DIRECTION('ref_axis',(-5.80900982181058E-17,-0.316227766016839,0.948683298050513));
#9745=DIRECTION('',(1.,0.,0.));
#9746=DIRECTION('',(0.301511344577765,0.301511344577765,-0.90453403373329));
#9747=DIRECTION('',(-1.,1.12143739861127E-17,-3.36431219583381E-17));
#9748=DIRECTION('center_axis',(0.,0.,1.));
#9749=DIRECTION('ref_axis',(-1.,0.,0.));
#9750=DIRECTION('',(-1.36739385458222E-32,1.,0.));
#9751=DIRECTION('',(-0.948683298050516,0.316227766016831,0.));
#9752=DIRECTION('',(0.,-1.,0.));
#9753=DIRECTION('',(0.948683298050513,0.316227766016841,0.));
#9754=DIRECTION('',(1.21128858826959E-33,1.,0.));
#9755=DIRECTION('',(1.48425538051491E-17,1.,0.));
#9756=DIRECTION('center_axis',(0.948683298050513,0.,0.316227766016839));
#9757=DIRECTION('ref_axis',(-0.316227766016839,5.80900982181058E-17,0.948683298050513));
#9758=DIRECTION('',(0.,1.,0.));
#9759=DIRECTION('center_axis',(-0.948683298050514,0.,0.316227766016838));
#9760=DIRECTION('ref_axis',(-0.316227766016838,-5.80900982181058E-17,-0.948683298050514));
#9761=DIRECTION('center_axis',(-0.316227766016841,0.948683298050513,0.));
#9762=DIRECTION('ref_axis',(0.948683298050513,0.316227766016841,-3.42094697892451E-16));
#9763=DIRECTION('',(0.,0.,-1.));
#9764=DIRECTION('',(0.948683298050513,0.316227766016841,-3.42094697892451E-16));
#9765=DIRECTION('',(0.,0.,-1.));
#9766=DIRECTION('center_axis',(3.36431219583381E-17,0.,-1.));
#9767=DIRECTION('ref_axis',(-1.,0.,-3.36431219583381E-17));
#9768=DIRECTION('',(0.,1.,0.));
#9769=DIRECTION('',(1.,0.,3.36431219583381E-17));
#9770=DIRECTION('',(0.,-1.,0.));
#9771=DIRECTION('center_axis',(0.,0.,1.));
#9772=DIRECTION('ref_axis',(-1.,0.,0.));
#9773=DIRECTION('',(1.,0.,0.));
#9774=DIRECTION('',(1.,0.,0.));
#9775=DIRECTION('center_axis',(0.,0.,1.));
#9776=DIRECTION('ref_axis',(-1.,0.,0.));
#9777=DIRECTION('',(0.,1.,0.));
#9778=DIRECTION('',(-1.,0.,-3.36431219583381E-17));
#9779=DIRECTION('',(0.,1.,0.));
#9780=DIRECTION('center_axis',(-1.,1.21128858826959E-33,-1.58603289232165E-16));
#9781=DIRECTION('ref_axis',(-8.86715917465364E-33,-1.,4.82705662880503E-17));
#9782=DIRECTION('',(-1.58603289232165E-16,0.,1.));
#9783=DIRECTION('',(-8.86715917465364E-33,-1.,4.82705662880503E-17));
#9784=DIRECTION('',(-1.58603289232165E-16,0.,1.));
#9785=DIRECTION('center_axis',(-0.316227766016841,0.948683298050513,-5.01547638368106E-17));
#9786=DIRECTION('ref_axis',(-0.948683298050513,-0.316227766016841,-1.00915703094574E-16));
#9787=DIRECTION('',(0.,-5.2867763077389E-17,-1.));
#9788=DIRECTION('',(-0.948683298050513,-0.316227766016841,-1.00915703094574E-16));
#9789=DIRECTION('center_axis',(0.316227766016841,0.948683298050513,0.));
#9790=DIRECTION('ref_axis',(0.948683298050513,-0.316227766016841,-1.5264493341638E-17));
#9791=DIRECTION('',(0.948683298050513,-0.316227766016841,-1.5264493341638E-17));
#9792=DIRECTION('',(0.,0.,1.));
#9793=DIRECTION('center_axis',(0.,-1.,0.));
#9794=DIRECTION('ref_axis',(0.,0.,1.));
#9795=DIRECTION('',(7.33545915597437E-17,-0.316227766016841,0.948683298050513));
#9796=DIRECTION('center_axis',(0.,-1.,0.));
#9797=DIRECTION('ref_axis',(0.,0.,1.));
#9798=DIRECTION('center_axis',(0.,1.,0.));
#9799=DIRECTION('ref_axis',(-1.54465812121761E-15,0.,1.));
#9800=DIRECTION('center_axis',(0.,1.,0.));
#9801=DIRECTION('ref_axis',(0.,0.,1.));
#9802=DIRECTION('',(-4.28256048764684E-17,-0.316227766016831,-0.948683298050516));
#9803=DIRECTION('center_axis',(0.,1.,0.));
#9804=DIRECTION('ref_axis',(-1.54465812121761E-15,0.,1.));
#9805=DIRECTION('center_axis',(0.,1.,0.));
#9806=DIRECTION('ref_axis',(0.,0.,1.));
#9807=DIRECTION('center_axis',(0.,1.,0.));
#9808=DIRECTION('ref_axis',(0.,0.,1.));
#9809=DIRECTION('',(4.82705662880503E-17,-1.,-1.21603664681615E-65));
#9810=DIRECTION('center_axis',(-0.316227766016831,-0.948683298050516,0.));
#9811=DIRECTION('ref_axis',(-0.948683298050516,0.316227766016831,3.11565711209177E-16));
#9812=DIRECTION('',(0.,0.,-1.));
#9813=DIRECTION('',(-0.948683298050516,0.316227766016831,3.11565711209177E-16));
#9814=DIRECTION('',(0.,0.,1.));
#9815=DIRECTION('center_axis',(-1.,-1.36739385458222E-32,0.));
#9816=DIRECTION('ref_axis',(-1.36739385458222E-32,1.,-4.82705662880503E-17));
#9817=DIRECTION('',(-1.36739385458222E-32,1.,-4.82705662880503E-17));
#9818=DIRECTION('center_axis',(0.,1.,0.));
#9819=DIRECTION('ref_axis',(0.,0.,1.));
#9820=DIRECTION('',(4.28256048764684E-17,0.316227766016831,0.948683298050516));
#9821=DIRECTION('center_axis',(0.,1.,0.));
#9822=DIRECTION('ref_axis',(-1.,0.,0.));
#9823=DIRECTION('center_axis',(0.,-1.,0.));
#9824=DIRECTION('ref_axis',(0.,0.,1.));
#9825=DIRECTION('center_axis',(0.,-1.,0.));
#9826=DIRECTION('ref_axis',(0.,0.,1.));
#9827=DIRECTION('',(-7.33545915597437E-17,0.316227766016841,-0.948683298050513));
#9828=DIRECTION('center_axis',(0.,-1.,0.));
#9829=DIRECTION('ref_axis',(0.,0.,1.));
#9830=DIRECTION('center_axis',(0.,-1.,0.));
#9831=DIRECTION('ref_axis',(-1.,0.,0.));
#9832=DIRECTION('center_axis',(0.,-1.,0.));
#9833=DIRECTION('ref_axis',(0.,0.,1.));
#9834=DIRECTION('',(-4.82705662880503E-17,1.,1.21603664681615E-65));
#9835=DIRECTION('center_axis',(0.,-0.948683298050516,0.316227766016831));
#9836=DIRECTION('ref_axis',(4.28256048764684E-17,0.316227766016831,0.948683298050516));
#9837=DIRECTION('',(1.,0.,0.));
#9838=DIRECTION('',(1.,0.,0.));
#9839=DIRECTION('center_axis',(0.,0.948683298050513,0.316227766016841));
#9840=DIRECTION('ref_axis',(-7.33545915597437E-17,0.316227766016841,-0.948683298050513));
#9841=DIRECTION('',(-1.,0.,0.));
#9842=DIRECTION('',(-1.,0.,0.));
#9843=DIRECTION('center_axis',(0.,-1.21603664681615E-65,1.));
#9844=DIRECTION('ref_axis',(-4.82705662880503E-17,1.,1.21603664681615E-65));
#9845=DIRECTION('center_axis',(-1.,0.,0.));
#9846=DIRECTION('ref_axis',(0.,0.,1.));
#9847=DIRECTION('',(0.,0.,-1.));
#9848=DIRECTION('',(0.,1.,0.));
#9849=DIRECTION('center_axis',(-1.,0.,0.));
#9850=DIRECTION('ref_axis',(0.,0.,1.));
#9851=DIRECTION('',(0.,1.,0.));
#9852=DIRECTION('',(0.,1.,0.));
#9853=DIRECTION('center_axis',(0.,1.,0.));
#9854=DIRECTION('ref_axis',(0.,0.,1.));
#9855=DIRECTION('center_axis',(0.,1.,0.));
#9856=DIRECTION('ref_axis',(0.,0.,1.));
#9857=DIRECTION('',(0.,1.,0.));
#9858=DIRECTION('center_axis',(0.,1.,0.));
#9859=DIRECTION('ref_axis',(0.,0.,1.));
#9860=DIRECTION('',(0.,1.,0.));
#9861=DIRECTION('center_axis',(0.,0.,-1.));
#9862=DIRECTION('ref_axis',(-1.,0.,0.));
#9863=DIRECTION('',(1.,0.,0.));
#9864=DIRECTION('',(0.,1.,0.));
#9865=DIRECTION('center_axis',(0.,0.,-1.));
#9866=DIRECTION('ref_axis',(-1.,0.,0.));
#9867=DIRECTION('',(0.,1.,0.));
#9868=DIRECTION('center_axis',(0.,1.,0.));
#9869=DIRECTION('ref_axis',(-1.,0.,0.));
#9870=DIRECTION('center_axis',(0.,1.,0.));
#9871=DIRECTION('ref_axis',(-1.,0.,0.));
#9872=DIRECTION('',(0.,1.,0.));
#9873=DIRECTION('center_axis',(0.,1.,0.));
#9874=DIRECTION('ref_axis',(-1.,0.,0.));
#9875=DIRECTION('',(0.,1.,0.));
#9876=DIRECTION('center_axis',(1.,0.,0.));
#9877=DIRECTION('ref_axis',(0.,0.,-1.));
#9878=DIRECTION('',(0.,0.,1.));
#9879=DIRECTION('center_axis',(1.,0.,0.));
#9880=DIRECTION('ref_axis',(0.,0.,-1.));
#9881=DIRECTION('center_axis',(-0.316227766016831,-0.948683298050516,-5.0154763836809E-17));
#9882=DIRECTION('ref_axis',(0.948683298050516,-0.316227766016831,1.31444689777849E-16));
#9883=DIRECTION('',(0.948683298050516,-0.316227766016831,1.31444689777849E-16));
#9884=DIRECTION('',(0.,-5.28677630773872E-17,1.));
#9885=DIRECTION('center_axis',(0.316227766016831,-0.948683298050516,0.));
#9886=DIRECTION('ref_axis',(-0.948683298050516,-0.316227766016831,-1.52644933416375E-17));
#9887=DIRECTION('',(0.,0.,-1.));
#9888=DIRECTION('',(-0.948683298050516,-0.316227766016831,-1.52644933416375E-17));
#9889=DIRECTION('',(0.,0.,-1.));
#9890=DIRECTION('center_axis',(1.,2.95571972488455E-33,0.));
#9891=DIRECTION('ref_axis',(2.95571972488455E-33,-1.,-4.82705662880503E-17));
#9892=DIRECTION('',(2.95571972488455E-33,-1.,-4.82705662880503E-17));
#9893=DIRECTION('',(0.,0.,-1.));
#9894=DIRECTION('center_axis',(0.,-1.,0.));
#9895=DIRECTION('ref_axis',(-1.,0.,0.));
#9896=DIRECTION('center_axis',(0.,-1.,0.));
#9897=DIRECTION('ref_axis',(-1.,0.,0.));
#9898=DIRECTION('',(-1.59005801312679E-16,-0.316227766016841,0.948683298050513));
#9899=DIRECTION('center_axis',(1.1653545579604E-16,1.,-1.1653545579604E-16));
#9900=DIRECTION('ref_axis',(-1.,1.20676415720125E-16,-2.1239049166742E-15));
#9901=DIRECTION('center_axis',(0.,1.,0.));
#9902=DIRECTION('ref_axis',(-1.,0.,0.));
#9903=DIRECTION('center_axis',(5.826772789802E-17,1.,-5.82677278980198E-17));
#9904=DIRECTION('ref_axis',(-1.,6.03382078600626E-17,-2.1239049166742E-15));
#9905=DIRECTION('',(1.89534787995955E-16,-0.316227766016831,-0.948683298050516));
#9906=DIRECTION('center_axis',(0.,1.,0.));
#9907=DIRECTION('ref_axis',(-1.,0.,0.));
#9908=DIRECTION('center_axis',(0.,1.,0.));
#9909=DIRECTION('ref_axis',(-1.,0.,0.));
#9910=DIRECTION('',(4.82705662880503E-17,-1.,1.18228788995382E-32));
#9911=DIRECTION('center_axis',(0.316227766016841,0.948683298050513,0.));
#9912=DIRECTION('ref_axis',(0.948683298050513,-0.316227766016841,-1.5264493341638E-17));
#9913=DIRECTION('',(0.948683298050513,-0.316227766016841,-1.5264493341638E-17));
#9914=DIRECTION('',(0.,0.,1.));
#9915=DIRECTION('center_axis',(0.,-1.,0.));
#9916=DIRECTION('ref_axis',(0.,0.,1.));
#9917=DIRECTION('',(7.33545915597437E-17,-0.316227766016841,0.948683298050513));
#9918=DIRECTION('center_axis',(0.,-1.,0.));
#9919=DIRECTION('ref_axis',(0.,0.,1.));
#9920=DIRECTION('center_axis',(-1.1653545579604E-16,1.,-1.1653545579604E-16));
#9921=DIRECTION('ref_axis',(-1.5446581212176E-15,1.20676415720125E-16,1.));
#9922=DIRECTION('center_axis',(0.,1.,0.));
#9923=DIRECTION('ref_axis',(0.,0.,1.));
#9924=DIRECTION('',(-4.28256048764684E-17,-0.316227766016831,-0.948683298050516));
#9925=DIRECTION('center_axis',(-5.82677278980198E-17,1.,-5.82677278980199E-17));
#9926=DIRECTION('ref_axis',(-1.5446581212176E-15,6.03382078600625E-17,1.));
#9927=DIRECTION('center_axis',(0.,1.,0.));
#9928=DIRECTION('ref_axis',(0.,0.,1.));
#9929=DIRECTION('center_axis',(0.,1.,0.));
#9930=DIRECTION('ref_axis',(0.,0.,1.));
#9931=DIRECTION('',(4.82705662880503E-17,-1.,-1.21603664681615E-65));
#9932=DIRECTION('center_axis',(0.,0.948683298050513,0.316227766016841));
#9933=DIRECTION('ref_axis',(7.33545915597437E-17,-0.316227766016841,0.948683298050513));
#9934=DIRECTION('',(1.,0.,-7.22772186348595E-17));
#9935=DIRECTION('',(-1.,0.,0.));
#9936=DIRECTION('center_axis',(0.,-0.948683298050516,0.316227766016831));
#9937=DIRECTION('ref_axis',(-4.28256048764684E-17,-0.316227766016831,-0.948683298050516));
#9938=DIRECTION('',(1.,0.,0.));
#9939=DIRECTION('',(1.,0.,0.));
#9940=DIRECTION('center_axis',(0.,-1.21603664681615E-65,1.));
#9941=DIRECTION('ref_axis',(4.82705662880503E-17,-1.,-1.21603664681615E-65));
#9942=DIRECTION('center_axis',(1.,0.,0.));
#9943=DIRECTION('ref_axis',(0.,0.,-1.));
#9944=DIRECTION('',(0.,0.,-1.));
#9945=DIRECTION('',(0.,1.,0.));
#9946=DIRECTION('center_axis',(1.,0.,0.));
#9947=DIRECTION('ref_axis',(0.,0.,-1.));
#9948=DIRECTION('',(0.,1.,0.));
#9949=DIRECTION('center_axis',(0.,1.,0.));
#9950=DIRECTION('ref_axis',(-1.,0.,0.));
#9951=DIRECTION('center_axis',(0.,-1.,0.));
#9952=DIRECTION('ref_axis',(-1.,0.,0.));
#9953=DIRECTION('',(0.,1.,0.));
#9954=DIRECTION('center_axis',(0.,1.,0.));
#9955=DIRECTION('ref_axis',(-1.,0.,0.));
#9956=DIRECTION('',(0.,1.,0.));
#9957=DIRECTION('center_axis',(0.,0.,-1.));
#9958=DIRECTION('ref_axis',(-1.,0.,0.));
#9959=DIRECTION('',(-1.,0.,0.));
#9960=DIRECTION('',(0.,1.,0.));
#9961=DIRECTION('center_axis',(0.,0.,-1.));
#9962=DIRECTION('ref_axis',(-1.,0.,0.));
#9963=DIRECTION('',(0.,1.,0.));
#9964=DIRECTION('center_axis',(0.,1.,0.));
#9965=DIRECTION('ref_axis',(0.,0.,1.));
#9966=DIRECTION('center_axis',(0.,-1.,0.));
#9967=DIRECTION('ref_axis',(0.,0.,1.));
#9968=DIRECTION('',(0.,1.,0.));
#9969=DIRECTION('center_axis',(0.,1.,0.));
#9970=DIRECTION('ref_axis',(0.,0.,1.));
#9971=DIRECTION('',(0.,1.,0.));
#9972=DIRECTION('center_axis',(-1.,0.,0.));
#9973=DIRECTION('ref_axis',(0.,0.,1.));
#9974=DIRECTION('',(0.,0.,1.));
#9975=DIRECTION('center_axis',(-1.,0.,0.));
#9976=DIRECTION('ref_axis',(0.,0.,1.));
#9977=DIRECTION('',(0.,1.,0.));
#9978=DIRECTION('center_axis',(3.36431219583381E-17,0.,-1.));
#9979=DIRECTION('ref_axis',(-1.,0.,-3.36431219583381E-17));
#9980=DIRECTION('center_axis',(3.36431219583381E-17,0.,-1.));
#9981=DIRECTION('ref_axis',(-1.,0.,0.));
#9982=DIRECTION('center_axis',(3.36431219583381E-17,0.,-1.));
#9983=DIRECTION('ref_axis',(-1.,0.,0.));
#9984=DIRECTION('center_axis',(1.,0.,0.));
#9985=DIRECTION('ref_axis',(0.,1.,0.));
#9986=DIRECTION('',(0.,0.,1.));
#9987=DIRECTION('',(0.,0.,-1.));
#9988=DIRECTION('center_axis',(0.,0.,1.));
#9989=DIRECTION('ref_axis',(-1.,0.,0.));
#9990=DIRECTION('',(0.,0.,1.));
#9991=DIRECTION('center_axis',(0.,-1.,0.));
#9992=DIRECTION('ref_axis',(1.,0.,0.));
#9993=DIRECTION('center_axis',(0.,0.,1.));
#9994=DIRECTION('ref_axis',(-1.,0.,0.));
#9995=DIRECTION('',(0.,0.,-1.));
#9996=DIRECTION('center_axis',(0.,1.,0.));
#9997=DIRECTION('ref_axis',(-1.,0.,0.));
#9998=DIRECTION('center_axis',(0.,-1.,0.));
#9999=DIRECTION('ref_axis',(0.,0.,1.));
#10000=DIRECTION('',(0.,0.,1.));
#10001=DIRECTION('',(0.,0.,1.));
#10002=DIRECTION('center_axis',(0.,0.,1.));
#10003=DIRECTION('ref_axis',(-1.,0.,0.));
#10004=DIRECTION('',(0.,0.,-1.));
#10005=DIRECTION('center_axis',(-1.,0.,0.));
#10006=DIRECTION('ref_axis',(0.,-1.,0.));
#10007=DIRECTION('',(0.,-1.,0.));
#10008=DIRECTION('',(0.,0.,1.));
#10009=DIRECTION('',(0.,0.,-1.));
#10010=DIRECTION('center_axis',(0.,0.,1.));
#10011=DIRECTION('ref_axis',(-1.,0.,0.));
#10012=DIRECTION('center_axis',(-1.,0.,0.));
#10013=DIRECTION('ref_axis',(0.,0.,1.));
#10014=DIRECTION('',(0.,1.,0.));
#10015=DIRECTION('',(0.,0.,-1.));
#10016=DIRECTION('',(0.,0.,1.));
#10017=DIRECTION('center_axis',(0.,1.,0.));
#10018=DIRECTION('ref_axis',(0.,0.,1.));
#10019=DIRECTION('center_axis',(0.,-1.,0.));
#10020=DIRECTION('ref_axis',(0.,0.,1.));
#10021=DIRECTION('center_axis',(0.,1.,0.));
#10022=DIRECTION('ref_axis',(0.,0.,1.));
#10023=DIRECTION('',(0.,-1.,0.));
#10024=DIRECTION('center_axis',(0.,1.,0.));
#10025=DIRECTION('ref_axis',(0.,0.,1.));
#10026=DIRECTION('center_axis',(0.,1.,0.));
#10027=DIRECTION('ref_axis',(1.,0.,0.));
#10028=DIRECTION('',(0.,0.,1.));
#10029=DIRECTION('center_axis',(0.,-1.,0.));
#10030=DIRECTION('ref_axis',(-1.,0.,0.));
#10031=DIRECTION('center_axis',(1.,0.,0.));
#10032=DIRECTION('ref_axis',(0.,1.,0.));
#10033=DIRECTION('',(0.,1.,0.));
#10034=DIRECTION('',(0.,0.,1.));
#10035=DIRECTION('center_axis',(0.,0.,1.));
#10036=DIRECTION('ref_axis',(-1.,0.,0.));
#10037=DIRECTION('',(0.,0.,-1.));
#10038=DIRECTION('center_axis',(0.,1.,0.));
#10039=DIRECTION('ref_axis',(-1.,0.,0.));
#10040=DIRECTION('center_axis',(0.,-1.,0.));
#10041=DIRECTION('ref_axis',(-1.,0.,0.));
#10042=DIRECTION('',(0.,0.,1.));
#10043=DIRECTION('center_axis',(0.,0.,1.));
#10044=DIRECTION('ref_axis',(0.707106784909143,0.707106777463952,0.));
#10045=DIRECTION('center_axis',(0.,1.,0.));
#10046=DIRECTION('ref_axis',(-1.,0.,0.));
#10047=DIRECTION('center_axis',(0.,-1.,0.));
#10048=DIRECTION('ref_axis',(1.,0.,0.));
#10049=DIRECTION('',(0.,0.,1.));
#10050=DIRECTION('center_axis',(0.,0.,1.));
#10051=DIRECTION('ref_axis',(-1.,0.,0.));
#10052=DIRECTION('',(0.,0.,1.));
#10053=DIRECTION('center_axis',(-1.,0.,0.));
#10054=DIRECTION('ref_axis',(0.,-1.,0.));
#10055=DIRECTION('',(0.,0.,1.));
#10056=DIRECTION('center_axis',(0.,0.,1.));
#10057=DIRECTION('ref_axis',(-1.,0.,0.));
#10058=DIRECTION('',(0.,0.,-1.));
#10059=DIRECTION('center_axis',(0.,1.,0.));
#10060=DIRECTION('ref_axis',(1.,0.,0.));
#10061=DIRECTION('center_axis',(-1.64256906985864E-33,1.,0.));
#10062=DIRECTION('ref_axis',(-1.,-1.64256906985864E-33,7.37428039911426E-17));
#10063=DIRECTION('',(-1.,-1.64256906985864E-33,7.37428039911426E-17));
#10064=DIRECTION('center_axis',(7.37428039911399E-17,-9.00943590519012E-17,
1.));
#10065=DIRECTION('ref_axis',(-1.,-1.6425690698584E-33,7.37428039911399E-17));
#10066=DIRECTION('',(-3.67327816328824E-15,6.96783815631685E-15,-0.999999999999996));
#10067=DIRECTION('',(-0.707106781186546,-0.707106781186548,-1.96349556339129E-15));
#10068=DIRECTION('',(-3.67327816328824E-15,6.96783815631685E-15,-0.999999999999996));
#10069=DIRECTION('',(-0.707106781186546,-0.707106781186548,-1.96349556339129E-15));
#10070=CARTESIAN_POINT('',(0.,0.,0.));
#10071=CARTESIAN_POINT('',(0.,0.,0.));
#10072=CARTESIAN_POINT('Origin',(-3.51295648384948,3.4788491908443,0.000453564778180229));
#10073=CARTESIAN_POINT('',(-8.54454258532072,1.34812350483984,0.000453564778175259));
#10074=CARTESIAN_POINT('',(-7.97277901975251,3.02415002480666,0.000453564778186209));
#10075=CARTESIAN_POINT('Ctrl Pts',(-8.54454258532072,1.34812350483984,0.000453564778175259));
#10076=CARTESIAN_POINT('Ctrl Pts',(-8.84945943174847,1.9689470264029,0.000453564778175259));
#10077=CARTESIAN_POINT('Ctrl Pts',(-8.59340808408131,2.7190339968789,0.000453564778175259));
#10078=CARTESIAN_POINT('Ctrl Pts',(-7.97277901975251,3.02415002480666,0.000453564778175259));
#10079=CARTESIAN_POINT('',(1.43773925354363,7.64708514631282,0.000453564778200125));
#10080=CARTESIAN_POINT('',(-1.3811559658354,6.26229747202582,0.000453564778195956));
#10081=CARTESIAN_POINT('',(3.11395974198322,7.07512336872366,0.000453564778192497));
#10082=CARTESIAN_POINT('Ctrl Pts',(1.43773925354363,7.64708514631282,0.000453564778200125));
#10083=CARTESIAN_POINT('Ctrl Pts',(2.0587548248994,7.95180413142926,0.000453564778200125));
#10084=CARTESIAN_POINT('Ctrl Pts',(2.80904138591097,7.69594616422694,0.000453564778200125));
#10085=CARTESIAN_POINT('Ctrl Pts',(3.11395974198322,7.07512336872366,0.000453564778200125));
#10086=CARTESIAN_POINT('',(2.54180365233224,5.39910212823167,0.000453564778181548));
#10087=CARTESIAN_POINT('Ctrl Pts',(3.11395974198322,7.07512336872366,0.000453564778192497));
#10088=CARTESIAN_POINT('Ctrl Pts',(3.41887771776812,6.45430020443806,0.000453564778192497));
#10089=CARTESIAN_POINT('Ctrl Pts',(3.16262673074923,5.70402037231839,0.000453564778192497));
#10090=CARTESIAN_POINT('Ctrl Pts',(2.54180365233224,5.39910212823167,0.000453564778192497));
#10091=CARTESIAN_POINT('',(-6.8687138603892,0.776167744290128,0.000453564778167632));
#10092=CARTESIAN_POINT('',(-4.98224502353504,1.70289909974831,0.000453564778170421));
#10093=CARTESIAN_POINT('Ctrl Pts',(-6.8687138603892,0.776167744290128,0.000453564778167632));
#10094=CARTESIAN_POINT('Ctrl Pts',(-7.48933689615732,0.471444228768337,
0.000453564778167632));
#10095=CARTESIAN_POINT('Ctrl Pts',(-8.24001673032147,0.727307486950331,
0.000453564778167632));
#10096=CARTESIAN_POINT('Ctrl Pts',(-8.54454258532072,1.34812350483984,0.000453564778167632));
#10097=CARTESIAN_POINT('Ctrl Pts',(3.11395974198322,7.07512336872366,0.));
#10098=CARTESIAN_POINT('Ctrl Pts',(3.11395974198322,7.07512336872366,0.5));
#10099=CARTESIAN_POINT('Ctrl Pts',(2.80904138591097,7.69594616422694,0.));
#10100=CARTESIAN_POINT('Ctrl Pts',(2.80904138591097,7.69594616422694,0.5));
#10101=CARTESIAN_POINT('Ctrl Pts',(2.0587548248994,7.95180413142926,0.));
#10102=CARTESIAN_POINT('Ctrl Pts',(2.0587548248994,7.95180413142926,0.5));
#10103=CARTESIAN_POINT('Ctrl Pts',(1.43773925354363,7.64708514631282,0.));
#10104=CARTESIAN_POINT('Ctrl Pts',(1.43773925354363,7.64708514631282,0.5));
#10105=CARTESIAN_POINT('',(1.43773925354363,7.64708514631282,0.5));
#10106=CARTESIAN_POINT('',(1.43773925354363,7.64708514631282,0.));
#10107=CARTESIAN_POINT('',(3.11395974198322,7.07512336872366,0.5));
#10108=CARTESIAN_POINT('Ctrl Pts',(3.11395974198322,7.07512336872366,0.5));
#10109=CARTESIAN_POINT('Ctrl Pts',(2.80904138591097,7.69594616422694,0.5));
#10110=CARTESIAN_POINT('Ctrl Pts',(2.0587548248994,7.95180413142926,0.5));
#10111=CARTESIAN_POINT('Ctrl Pts',(1.43773925354363,7.64708514631282,0.5));
#10112=CARTESIAN_POINT('',(3.11395974198322,7.07512336872366,0.));
#10113=CARTESIAN_POINT('Origin',(1.43773925354362,7.64708514631282,0.));
#10114=CARTESIAN_POINT('',(-7.97277901975251,3.02415002480666,0.5));
#10115=CARTESIAN_POINT('',(-7.97277901975251,3.02415002480666,0.));
#10116=CARTESIAN_POINT('',(-7.97277901975251,3.02415002480666,0.5));
#10117=CARTESIAN_POINT('Ctrl Pts',(-7.97277901975251,3.02415002480666,0.));
#10118=CARTESIAN_POINT('Ctrl Pts',(-7.97277901975251,3.02415002480666,0.5));
#10119=CARTESIAN_POINT('Ctrl Pts',(-8.59340808408131,2.7190339968789,0.));
#10120=CARTESIAN_POINT('Ctrl Pts',(-8.59340808408131,2.7190339968789,0.5));
#10121=CARTESIAN_POINT('Ctrl Pts',(-8.84945943174847,1.9689470264029,0.));
#10122=CARTESIAN_POINT('Ctrl Pts',(-8.84945943174847,1.9689470264029,0.5));
#10123=CARTESIAN_POINT('Ctrl Pts',(-8.54454258532072,1.34812350483984,0.));
#10124=CARTESIAN_POINT('Ctrl Pts',(-8.54454258532072,1.34812350483984,0.5));
#10125=CARTESIAN_POINT('',(-8.54454258532072,1.34812350483984,0.5));
#10126=CARTESIAN_POINT('',(-8.54454258532072,1.34812350483984,0.));
#10127=CARTESIAN_POINT('Ctrl Pts',(-7.97277901975251,3.02415002480666,0.5));
#10128=CARTESIAN_POINT('Ctrl Pts',(-8.59340808408131,2.7190339968789,0.5));
#10129=CARTESIAN_POINT('Ctrl Pts',(-8.84945943174847,1.9689470264029,0.5));
#10130=CARTESIAN_POINT('Ctrl Pts',(-8.54454258532072,1.34812350483984,0.5));
#10131=CARTESIAN_POINT('Ctrl Pts',(2.54180365233224,5.39910212823167,0.));
#10132=CARTESIAN_POINT('Ctrl Pts',(2.54180365233224,5.39910212823167,0.5));
#10133=CARTESIAN_POINT('Ctrl Pts',(3.16262673074923,5.70402037231839,0.));
#10134=CARTESIAN_POINT('Ctrl Pts',(3.16262673074923,5.70402037231839,0.5));
#10135=CARTESIAN_POINT('Ctrl Pts',(3.41887771776812,6.45430020443806,0.));
#10136=CARTESIAN_POINT('Ctrl Pts',(3.41887771776812,6.45430020443806,0.5));
#10137=CARTESIAN_POINT('Ctrl Pts',(3.11395974198322,7.07512336872366,0.));
#10138=CARTESIAN_POINT('Ctrl Pts',(3.11395974198322,7.07512336872366,0.5));
#10139=CARTESIAN_POINT('',(2.54180365233224,5.39910212823167,0.5));
#10140=CARTESIAN_POINT('Ctrl Pts',(2.54180365233224,5.39910212823167,0.5));
#10141=CARTESIAN_POINT('Ctrl Pts',(3.16262673074923,5.70402037231839,0.5));
#10142=CARTESIAN_POINT('Ctrl Pts',(3.41887771776812,6.45430020443806,0.5));
#10143=CARTESIAN_POINT('Ctrl Pts',(3.11395974198322,7.07512336872366,0.5));
#10144=CARTESIAN_POINT('',(2.54180365233224,5.39910212823167,0.));
#10145=CARTESIAN_POINT('Origin',(-6.8687138603892,0.776167744290124,0.));
#10146=CARTESIAN_POINT('',(-6.8687138603892,0.776167744290128,0.5));
#10147=CARTESIAN_POINT('',(2.54180365233224,5.39910212823167,0.5));
#10148=CARTESIAN_POINT('',(-6.8687138603892,0.776167744290128,0.));
#10149=CARTESIAN_POINT('Ctrl Pts',(-8.54454258532072,1.34812350483984,0.));
#10150=CARTESIAN_POINT('Ctrl Pts',(-8.54454258532072,1.34812350483984,0.5));
#10151=CARTESIAN_POINT('Ctrl Pts',(-8.24001673032147,0.727307486950331,
0.));
#10152=CARTESIAN_POINT('Ctrl Pts',(-8.24001673032147,0.727307486950331,
0.5));
#10153=CARTESIAN_POINT('Ctrl Pts',(-7.48933689615732,0.471444228768337,
0.));
#10154=CARTESIAN_POINT('Ctrl Pts',(-7.48933689615732,0.471444228768337,
0.5));
#10155=CARTESIAN_POINT('Ctrl Pts',(-6.8687138603892,0.776167744290128,0.));
#10156=CARTESIAN_POINT('Ctrl Pts',(-6.8687138603892,0.776167744290128,0.5));
#10157=CARTESIAN_POINT('Ctrl Pts',(-8.54454258532072,1.34812350483984,0.5));
#10158=CARTESIAN_POINT('Ctrl Pts',(-8.24001673032147,0.727307486950331,
0.5));
#10159=CARTESIAN_POINT('Ctrl Pts',(-7.48933689615732,0.471444228768337,
0.5));
#10160=CARTESIAN_POINT('Ctrl Pts',(-6.8687138603892,0.776167744290128,0.5));
#10161=CARTESIAN_POINT('Origin',(-2.71529085699017,4.2116241800988,0.5));
#10162=CARTESIAN_POINT('Origin',(0.905068338099396,3.35925393239104,0.5));
#10163=CARTESIAN_POINT('',(2.64351153672448,5.07502994256496,0.5));
#10164=CARTESIAN_POINT('',(-0.833374860525684,3.36709007426942,0.5));
#10165=CARTESIAN_POINT('',(2.64351153672448,5.07502994256496,0.5));
#10166=CARTESIAN_POINT('',(0.82495228499458,1.64347792221712,0.5));
#10167=CARTESIAN_POINT('',(-0.833374860525684,3.36709007426942,0.5));
#10168=CARTESIAN_POINT('',(0.82495228499458,1.64347792221712,0.5));
#10169=CARTESIAN_POINT('Origin',(2.64351153672448,5.07502994256496,0.));
#10170=CARTESIAN_POINT('',(-0.833374860525684,3.36709007426942,0.000453564778173848));
#10171=CARTESIAN_POINT('',(2.64351153672448,5.07502994256496,0.000453564778178989));
#10172=CARTESIAN_POINT('',(-0.152159779340674,3.70172119622964,0.000453564778174856));
#10173=CARTESIAN_POINT('',(-0.833374860525684,3.36709007426942,0.));
#10174=CARTESIAN_POINT('',(2.64351153672448,5.07502994256496,0.));
#10175=CARTESIAN_POINT('Origin',(0.82495228499458,1.64347792221712,0.));
#10176=CARTESIAN_POINT('',(0.82495228499458,1.64347792221712,0.000453564778157917));
#10177=CARTESIAN_POINT('',(0.729062678558025,1.46253788829482,0.000453564778156806));
#10178=CARTESIAN_POINT('',(0.82495228499458,1.64347792221712,0.));
#10179=CARTESIAN_POINT('Origin',(-0.833374860525684,3.36709007426942,0.));
#10180=CARTESIAN_POINT('',(-1.50533552250651,4.06550447689195,0.000453564778180304));
#10181=CARTESIAN_POINT('Origin',(-3.51295648384948,3.4788491908443,0.000453564778180229));
#10182=CARTESIAN_POINT('Origin',(-3.51295648384948,3.4788491908443,0.000453564778180229));
#10183=CARTESIAN_POINT('',(-3.56346663540796,-1.28838373112781,0.000453564778145807));
#10184=CARTESIAN_POINT('',(-2.15497977955607,1.36895385999177,0.000453564778162124));
#10185=CARTESIAN_POINT('',(-1.86737297808545,1.91157047145265,0.000453564778165456));
#10186=CARTESIAN_POINT('',(-0.870996351058597,0.034173886243232,0.000453564778149787));
#10187=CARTESIAN_POINT('',(-2.36639381486619,1.58873179032809,0.000453564778164156));
#10188=CARTESIAN_POINT('',(-2.5998656739238,-0.815057136169713,0.000453564778147231));
#10189=CARTESIAN_POINT('Origin',(-0.870996351058597,0.034173886243232,0.));
#10190=CARTESIAN_POINT('',(-2.15497977955607,1.36895385999177,0.5));
#10191=CARTESIAN_POINT('',(-2.15497977955607,1.36895385999177,0.));
#10192=CARTESIAN_POINT('',(-0.870996351058597,0.034173886243232,0.5));
#10193=CARTESIAN_POINT('',(-0.870996351058597,0.034173886243232,0.5));
#10194=CARTESIAN_POINT('',(-0.870996351058597,0.034173886243232,0.));
#10195=CARTESIAN_POINT('Origin',(-2.15497977955607,1.36895385999177,0.));
#10196=CARTESIAN_POINT('',(-3.56346663540796,-1.28838373112781,0.5));
#10197=CARTESIAN_POINT('',(-3.56346663540796,-1.28838373112781,0.));
#10198=CARTESIAN_POINT('',(-2.15497977955607,1.36895385999177,0.5));
#10199=CARTESIAN_POINT('Origin',(-3.56346663540796,-1.28838373112781,0.));
#10200=CARTESIAN_POINT('',(-3.56346663540796,-1.28838373112781,0.5));
#10201=CARTESIAN_POINT('Origin',(-2.21723149323328,0.0402850644319813,0.5));
#10202=CARTESIAN_POINT('Origin',(1.78968944396633,-0.428069650893779,0.5));
#10203=CARTESIAN_POINT('',(-4.03956228436421,-3.29157032615274,0.5));
#10204=CARTESIAN_POINT('',(-2.3637335594327,-3.86352608670245,0.5));
#10205=CARTESIAN_POINT('Ctrl Pts',(-4.03956228436421,-3.29157032615274,
0.5));
#10206=CARTESIAN_POINT('Ctrl Pts',(-3.73503642936496,-3.91238634404224,
0.5));
#10207=CARTESIAN_POINT('Ctrl Pts',(-2.98435659520082,-4.16824960222424,
0.5));
#10208=CARTESIAN_POINT('Ctrl Pts',(-2.3637335594327,-3.86352608670245,0.5));
#10209=CARTESIAN_POINT('',(7.04678395328874,0.759408297239093,0.5));
#10210=CARTESIAN_POINT('',(7.04678395328874,0.759408297239093,0.5));
#10211=CARTESIAN_POINT('',(7.61894004293972,2.43542953773108,0.5));
#10212=CARTESIAN_POINT('Ctrl Pts',(7.04678395328874,0.759408297239093,0.5));
#10213=CARTESIAN_POINT('Ctrl Pts',(7.66760703170573,1.06432654132581,0.5));
#10214=CARTESIAN_POINT('Ctrl Pts',(7.92385801872462,1.81460637344548,0.5));
#10215=CARTESIAN_POINT('Ctrl Pts',(7.61894004293972,2.43542953773108,0.5));
#10216=CARTESIAN_POINT('',(5.94271955450013,3.00739131532025,0.5));
#10217=CARTESIAN_POINT('Ctrl Pts',(7.61894004293972,2.43542953773108,0.5));
#10218=CARTESIAN_POINT('Ctrl Pts',(7.31402168686747,3.05625233323437,0.5));
#10219=CARTESIAN_POINT('Ctrl Pts',(6.5637351258559,3.31211030043668,0.5));
#10220=CARTESIAN_POINT('Ctrl Pts',(5.94271955450013,3.00739131532025,0.5));
#10221=CARTESIAN_POINT('',(-3.467798718796,-1.61554380618592,0.5));
#10222=CARTESIAN_POINT('',(-3.467798718796,-1.61554380618592,0.5));
#10223=CARTESIAN_POINT('Ctrl Pts',(-3.467798718796,-1.61554380618592,0.5));
#10224=CARTESIAN_POINT('Ctrl Pts',(-4.08842778312481,-1.92065983411368,
0.5));
#10225=CARTESIAN_POINT('Ctrl Pts',(-4.34447913079196,-2.67074680458968,
0.5));
#10226=CARTESIAN_POINT('Ctrl Pts',(-4.03956228436421,-3.29157032615274,
0.5));
#10227=CARTESIAN_POINT('Ctrl Pts',(-4.03956228436421,-3.29157032615274,
0.));
#10228=CARTESIAN_POINT('Ctrl Pts',(-4.03956228436421,-3.29157032615274,
0.5));
#10229=CARTESIAN_POINT('Ctrl Pts',(-3.73503642936496,-3.91238634404224,
0.));
#10230=CARTESIAN_POINT('Ctrl Pts',(-3.73503642936496,-3.91238634404224,
0.5));
#10231=CARTESIAN_POINT('Ctrl Pts',(-2.98435659520082,-4.16824960222424,
0.));
#10232=CARTESIAN_POINT('Ctrl Pts',(-2.98435659520082,-4.16824960222424,
0.5));
#10233=CARTESIAN_POINT('Ctrl Pts',(-2.3637335594327,-3.86352608670245,0.));
#10234=CARTESIAN_POINT('Ctrl Pts',(-2.3637335594327,-3.86352608670245,0.5));
#10235=CARTESIAN_POINT('',(-2.3637335594327,-3.86352608670245,0.000453564778124662));
#10236=CARTESIAN_POINT('',(-4.03956228436421,-3.29157032615274,0.000453564778132288));
#10237=CARTESIAN_POINT('Ctrl Pts',(-2.3637335594327,-3.86352608670245,0.000453564778124662));
#10238=CARTESIAN_POINT('Ctrl Pts',(-2.98435659520082,-4.16824960222424,
0.000453564778124662));
#10239=CARTESIAN_POINT('Ctrl Pts',(-3.73503642936496,-3.91238634404224,
0.000453564778124662));
#10240=CARTESIAN_POINT('Ctrl Pts',(-4.03956228436421,-3.29157032615274,
0.000453564778124662));
#10241=CARTESIAN_POINT('',(-2.3637335594327,-3.86352608670245,0.));
#10242=CARTESIAN_POINT('',(-4.03956228436421,-3.29157032615274,0.));
#10243=CARTESIAN_POINT('Origin',(-2.3637335594327,-3.86352608670245,0.));
#10244=CARTESIAN_POINT('',(7.04678395328874,0.759408297239093,0.000453564778138578));
#10245=CARTESIAN_POINT('',(-1.37377284689761,-3.3772060293259,0.000453564778126125));
#10246=CARTESIAN_POINT('',(7.04678395328874,0.759408297239093,0.));
#10247=CARTESIAN_POINT('Ctrl Pts',(7.04678395328874,0.759408297239093,0.));
#10248=CARTESIAN_POINT('Ctrl Pts',(7.04678395328874,0.759408297239093,0.5));
#10249=CARTESIAN_POINT('Ctrl Pts',(7.66760703170573,1.06432654132581,0.));
#10250=CARTESIAN_POINT('Ctrl Pts',(7.66760703170573,1.06432654132581,0.5));
#10251=CARTESIAN_POINT('Ctrl Pts',(7.92385801872462,1.81460637344548,0.));
#10252=CARTESIAN_POINT('Ctrl Pts',(7.92385801872462,1.81460637344548,0.5));
#10253=CARTESIAN_POINT('Ctrl Pts',(7.61894004293972,2.43542953773108,0.));
#10254=CARTESIAN_POINT('Ctrl Pts',(7.61894004293972,2.43542953773108,0.5));
#10255=CARTESIAN_POINT('',(7.61894004293972,2.43542953773108,0.000453564778149527));
#10256=CARTESIAN_POINT('Ctrl Pts',(7.61894004293972,2.43542953773108,0.000453564778149527));
#10257=CARTESIAN_POINT('Ctrl Pts',(7.92385801872462,1.81460637344548,0.000453564778149527));
#10258=CARTESIAN_POINT('Ctrl Pts',(7.66760703170573,1.06432654132581,0.000453564778149527));
#10259=CARTESIAN_POINT('Ctrl Pts',(7.04678395328874,0.759408297239093,0.000453564778149527));
#10260=CARTESIAN_POINT('',(7.61894004293972,2.43542953773108,0.));
#10261=CARTESIAN_POINT('Ctrl Pts',(-3.467798718796,-1.61554380618592,0.));
#10262=CARTESIAN_POINT('Ctrl Pts',(-3.467798718796,-1.61554380618592,0.5));
#10263=CARTESIAN_POINT('Ctrl Pts',(-4.08842778312481,-1.92065983411368,
0.));
#10264=CARTESIAN_POINT('Ctrl Pts',(-4.08842778312481,-1.92065983411368,
0.5));
#10265=CARTESIAN_POINT('Ctrl Pts',(-4.34447913079196,-2.67074680458968,
0.));
#10266=CARTESIAN_POINT('Ctrl Pts',(-4.34447913079196,-2.67074680458968,
0.5));
#10267=CARTESIAN_POINT('Ctrl Pts',(-4.03956228436421,-3.29157032615274,
0.));
#10268=CARTESIAN_POINT('Ctrl Pts',(-4.03956228436421,-3.29157032615274,
0.5));
#10269=CARTESIAN_POINT('',(-3.467798718796,-1.61554380618592,0.000453564778143238));
#10270=CARTESIAN_POINT('Ctrl Pts',(-4.03956228436421,-3.29157032615274,
0.000453564778132288));
#10271=CARTESIAN_POINT('Ctrl Pts',(-4.34447913079196,-2.67074680458968,
0.000453564778132288));
#10272=CARTESIAN_POINT('Ctrl Pts',(-4.08842778312481,-1.92065983411368,
0.000453564778132288));
#10273=CARTESIAN_POINT('Ctrl Pts',(-3.467798718796,-1.61554380618592,0.000453564778132288));
#10274=CARTESIAN_POINT('',(-3.467798718796,-1.61554380618592,0.));
#10275=CARTESIAN_POINT('Origin',(5.94271955450013,3.00739131532024,0.));
#10276=CARTESIAN_POINT('',(5.94271955450013,3.00739131532025,0.000453564778157155));
#10277=CARTESIAN_POINT('',(2.2273163105168,1.18219235726622,0.00045356477815166));
#10278=CARTESIAN_POINT('',(5.94271955450013,3.00739131532025,0.));
#10279=CARTESIAN_POINT('Ctrl Pts',(7.61894004293972,2.43542953773108,0.));
#10280=CARTESIAN_POINT('Ctrl Pts',(7.61894004293972,2.43542953773108,0.5));
#10281=CARTESIAN_POINT('Ctrl Pts',(7.31402168686747,3.05625233323437,0.));
#10282=CARTESIAN_POINT('Ctrl Pts',(7.31402168686747,3.05625233323437,0.5));
#10283=CARTESIAN_POINT('Ctrl Pts',(6.5637351258559,3.31211030043668,0.));
#10284=CARTESIAN_POINT('Ctrl Pts',(6.5637351258559,3.31211030043668,0.5));
#10285=CARTESIAN_POINT('Ctrl Pts',(5.94271955450013,3.00739131532025,0.));
#10286=CARTESIAN_POINT('Ctrl Pts',(5.94271955450013,3.00739131532025,0.5));
#10287=CARTESIAN_POINT('Ctrl Pts',(5.94271955450013,3.00739131532025,0.000453564778157155));
#10288=CARTESIAN_POINT('Ctrl Pts',(6.5637351258559,3.31211030043668,0.000453564778157155));
#10289=CARTESIAN_POINT('Ctrl Pts',(7.31402168686747,3.05625233323437,0.000453564778157155));
#10290=CARTESIAN_POINT('Ctrl Pts',(7.61894004293972,2.43542953773108,0.000453564778157155));
#10291=CARTESIAN_POINT('Origin',(-3.51295648384948,3.4788491908443,0.000453564778180229));
#10292=CARTESIAN_POINT('Origin',(-3.51295648384948,3.4788491908443,0.000453564778180229));
#10293=CARTESIAN_POINT('',(3.64358938333564,-1.28648851260689,0.000453564778130836));
#10294=CARTESIAN_POINT('',(7.14042095741729,0.431424851402358,0.000453564778136008));
#10295=CARTESIAN_POINT('',(3.45241037822147,-1.38041038469187,0.000453564778130553));
#10296=CARTESIAN_POINT('',(5.55021617894404,-2.56928563084068,0.000453564778117581));
#10297=CARTESIAN_POINT('',(5.80780896976608,-2.08320899591065,0.000453564778120566));
#10298=CARTESIAN_POINT('',(5.02192889318344,-2.71918872918089,0.000453564778117593));
#10299=CARTESIAN_POINT('Ctrl Pts',(5.55021617894404,-2.56928563084068,0.000453564778117581));
#10300=CARTESIAN_POINT('Ctrl Pts',(5.37087983350486,-2.6028717123866,0.000453564778117581));
#10301=CARTESIAN_POINT('Ctrl Pts',(5.19403006801513,-2.65272290056016,0.000453564778117581));
#10302=CARTESIAN_POINT('Ctrl Pts',(5.02192889318344,-2.71918872918089,0.000453564778117581));
#10303=CARTESIAN_POINT('',(0.733181021411719,1.73870423609958,0.000453564778158797));
#10304=CARTESIAN_POINT('Origin',(5.55021617894404,-2.56928563084068,0.));
#10305=CARTESIAN_POINT('',(7.14042095741729,0.431424851402358,0.5));
#10306=CARTESIAN_POINT('',(7.14042095741729,0.431424851402358,0.));
#10307=CARTESIAN_POINT('',(5.55021617894404,-2.56928563084068,0.5));
#10308=CARTESIAN_POINT('',(5.55021617894404,-2.56928563084068,0.5));
#10309=CARTESIAN_POINT('',(5.55021617894404,-2.56928563084068,0.));
#10310=CARTESIAN_POINT('Origin',(7.14042095741729,0.431424851402358,0.));
#10311=CARTESIAN_POINT('',(3.64358938333564,-1.28648851260689,0.5));
#10312=CARTESIAN_POINT('',(3.64358938333564,-1.28648851260689,0.));
#10313=CARTESIAN_POINT('',(7.14042095741729,0.431424851402358,0.5));
#10314=CARTESIAN_POINT('Ctrl Pts',(5.02192889318344,-2.71918872918089,0.));
#10315=CARTESIAN_POINT('Ctrl Pts',(5.02192889318344,-2.71918872918089,0.5));
#10316=CARTESIAN_POINT('Ctrl Pts',(5.19403006801513,-2.65272290056016,0.));
#10317=CARTESIAN_POINT('Ctrl Pts',(5.19403006801513,-2.65272290056016,0.5));
#10318=CARTESIAN_POINT('Ctrl Pts',(5.37087983350486,-2.6028717123866,0.));
#10319=CARTESIAN_POINT('Ctrl Pts',(5.37087983350486,-2.6028717123866,0.5));
#10320=CARTESIAN_POINT('Ctrl Pts',(5.55021617894404,-2.56928563084068,0.));
#10321=CARTESIAN_POINT('Ctrl Pts',(5.55021617894404,-2.56928563084068,0.5));
#10322=CARTESIAN_POINT('',(5.02192889318344,-2.71918872918089,0.5));
#10323=CARTESIAN_POINT('Ctrl Pts',(5.02192889318344,-2.71918872918089,0.5));
#10324=CARTESIAN_POINT('Ctrl Pts',(5.19403006801513,-2.65272290056016,0.5));
#10325=CARTESIAN_POINT('Ctrl Pts',(5.37087983350486,-2.6028717123866,0.5));
#10326=CARTESIAN_POINT('Ctrl Pts',(5.55021617894404,-2.56928563084068,0.5));
#10327=CARTESIAN_POINT('',(5.02192889318344,-2.71918872918089,0.));
#10328=CARTESIAN_POINT('Origin',(3.64358938333564,-1.28648851260689,0.));
#10329=CARTESIAN_POINT('',(3.64358938333564,-1.28648851260689,0.5));
#10330=CARTESIAN_POINT('Origin',(5.39200517037646,-1.14388193888926,0.5));
#10331=CARTESIAN_POINT('Origin',(1.74687276362667,-6.05210527372347,0.5));
#10332=CARTESIAN_POINT('',(3.34022031670918,-6.73908085522184,0.5));
#10333=CARTESIAN_POINT('',(3.33713455859121,-4.3398933704575,0.5));
#10334=CARTESIAN_POINT('Ctrl Pts',(3.34022031670918,-6.73908085522184,0.5));
#10335=CARTESIAN_POINT('Ctrl Pts',(3.00860130030946,-5.97472047728218,0.5));
#10336=CARTESIAN_POINT('Ctrl Pts',(3.00895999285157,-5.1024681237942,0.5));
#10337=CARTESIAN_POINT('Ctrl Pts',(3.33713455859121,-4.3398933704575,0.5));
#10338=CARTESIAN_POINT('',(2.33135849648002,-3.29447687828157,0.5));
#10339=CARTESIAN_POINT('',(3.33713455859121,-4.3398933704575,0.5));
#10340=CARTESIAN_POINT('',(0.477313377251929,-6.79284605623612,0.5));
#10341=CARTESIAN_POINT('',(2.33135849648002,-3.29447687828157,0.5));
#10342=CARTESIAN_POINT('',(0.997530373047581,-8.48594745810992,0.5));
#10343=CARTESIAN_POINT('Ctrl Pts',(0.477313377251929,-6.79284605623612,
0.5));
#10344=CARTESIAN_POINT('Ctrl Pts',(0.153525210544163,-7.40409971521815,
0.5));
#10345=CARTESIAN_POINT('Ctrl Pts',(0.386159071966599,-8.16180990192412,
0.5));
#10346=CARTESIAN_POINT('Ctrl Pts',(0.997530373047581,-8.48594745810992,
0.5));
#10347=CARTESIAN_POINT('',(2.69039646054081,-7.96549824647745,0.5));
#10348=CARTESIAN_POINT('Ctrl Pts',(0.997530373047581,-8.48594745810992,
0.5));
#10349=CARTESIAN_POINT('Ctrl Pts',(1.60878214437869,-8.80973366916537,0.5));
#10350=CARTESIAN_POINT('Ctrl Pts',(2.36648876405576,-8.57663237568219,0.5));
#10351=CARTESIAN_POINT('Ctrl Pts',(2.69039646054081,-7.96549824647745,0.5));
#10352=CARTESIAN_POINT('',(2.69039646054081,-7.96549824647745,0.5));
#10353=CARTESIAN_POINT('Ctrl Pts',(3.34022031670918,-6.73908085522184,0.));
#10354=CARTESIAN_POINT('Ctrl Pts',(3.34022031670918,-6.73908085522184,0.5));
#10355=CARTESIAN_POINT('Ctrl Pts',(3.00860130030946,-5.97472047728218,0.));
#10356=CARTESIAN_POINT('Ctrl Pts',(3.00860130030946,-5.97472047728218,0.5));
#10357=CARTESIAN_POINT('Ctrl Pts',(3.00895999285157,-5.1024681237942,0.));
#10358=CARTESIAN_POINT('Ctrl Pts',(3.00895999285157,-5.1024681237942,0.5));
#10359=CARTESIAN_POINT('Ctrl Pts',(3.33713455859121,-4.3398933704575,0.));
#10360=CARTESIAN_POINT('Ctrl Pts',(3.33713455859121,-4.3398933704575,0.5));
#10361=CARTESIAN_POINT('',(3.33713455859121,-4.3398933704575,0.000453564778109358));
#10362=CARTESIAN_POINT('',(3.34022031670918,-6.73908085522184,0.000453564778091975));
#10363=CARTESIAN_POINT('Ctrl Pts',(3.33713455859121,-4.3398933704575,0.000453564778109358));
#10364=CARTESIAN_POINT('Ctrl Pts',(3.00895999285157,-5.1024681237942,0.000453564778109358));
#10365=CARTESIAN_POINT('Ctrl Pts',(3.00860130030946,-5.97472047728218,0.000453564778109358));
#10366=CARTESIAN_POINT('Ctrl Pts',(3.34022031670918,-6.73908085522184,0.000453564778109358));
#10367=CARTESIAN_POINT('',(3.33713455859121,-4.3398933704575,0.));
#10368=CARTESIAN_POINT('',(3.34022031670918,-6.73908085522184,0.));
#10369=CARTESIAN_POINT('Origin',(3.33713455859121,-4.3398933704575,0.));
#10370=CARTESIAN_POINT('',(2.33135849648002,-3.29447687828157,0.000453564778119021));
#10371=CARTESIAN_POINT('',(-0.262448140608681,-0.59844111239145,0.00045356477814394));
#10372=CARTESIAN_POINT('',(2.33135849648002,-3.29447687828157,0.));
#10373=CARTESIAN_POINT('Origin',(2.33135849648002,-3.29447687828157,0.));
#10374=CARTESIAN_POINT('',(0.477313377251929,-6.79284605623612,0.000453564778097538));
#10375=CARTESIAN_POINT('',(3.0918477980769,-1.85952132877564,0.000453564778127833));
#10376=CARTESIAN_POINT('',(0.477313377251929,-6.79284605623612,0.));
#10377=CARTESIAN_POINT('Origin',(2.69039646054081,-7.96549824647745,0.));
#10378=CARTESIAN_POINT('',(2.69039646054081,-7.96549824647745,0.000453564778084444));
#10379=CARTESIAN_POINT('',(4.37780192818849,-4.78084537173482,0.000453564778104001));
#10380=CARTESIAN_POINT('',(2.69039646054081,-7.96549824647745,0.));
#10381=CARTESIAN_POINT('Ctrl Pts',(0.997530373047581,-8.48594745810992,
0.));
#10382=CARTESIAN_POINT('Ctrl Pts',(0.997530373047581,-8.48594745810992,
0.5));
#10383=CARTESIAN_POINT('Ctrl Pts',(1.60878214437869,-8.80973366916537,0.));
#10384=CARTESIAN_POINT('Ctrl Pts',(1.60878214437869,-8.80973366916537,0.5));
#10385=CARTESIAN_POINT('Ctrl Pts',(2.36648876405576,-8.57663237568219,0.));
#10386=CARTESIAN_POINT('Ctrl Pts',(2.36648876405576,-8.57663237568219,0.5));
#10387=CARTESIAN_POINT('Ctrl Pts',(2.69039646054081,-7.96549824647745,0.));
#10388=CARTESIAN_POINT('Ctrl Pts',(2.69039646054081,-7.96549824647745,0.5));
#10389=CARTESIAN_POINT('',(0.997530373047581,-8.48594745810992,0.000453564778084194));
#10390=CARTESIAN_POINT('Ctrl Pts',(2.69039646054081,-7.96549824647745,0.000453564778084444));
#10391=CARTESIAN_POINT('Ctrl Pts',(2.36648876405576,-8.57663237568219,0.000453564778084444));
#10392=CARTESIAN_POINT('Ctrl Pts',(1.60878214437869,-8.80973366916537,0.000453564778084444));
#10393=CARTESIAN_POINT('Ctrl Pts',(0.997530373047581,-8.48594745810992,
0.000453564778084444));
#10394=CARTESIAN_POINT('',(0.997530373047581,-8.48594745810992,0.));
#10395=CARTESIAN_POINT('Ctrl Pts',(0.477313377251929,-6.79284605623612,
0.));
#10396=CARTESIAN_POINT('Ctrl Pts',(0.477313377251929,-6.79284605623612,
0.5));
#10397=CARTESIAN_POINT('Ctrl Pts',(0.153525210544163,-7.40409971521815,
0.));
#10398=CARTESIAN_POINT('Ctrl Pts',(0.153525210544163,-7.40409971521815,
0.5));
#10399=CARTESIAN_POINT('Ctrl Pts',(0.386159071966599,-8.16180990192412,
0.));
#10400=CARTESIAN_POINT('Ctrl Pts',(0.386159071966599,-8.16180990192412,
0.5));
#10401=CARTESIAN_POINT('Ctrl Pts',(0.997530373047581,-8.48594745810992,
0.));
#10402=CARTESIAN_POINT('Ctrl Pts',(0.997530373047581,-8.48594745810992,
0.5));
#10403=CARTESIAN_POINT('Ctrl Pts',(0.997530373047581,-8.48594745810992,
0.000453564778084194));
#10404=CARTESIAN_POINT('Ctrl Pts',(0.3861590719666,-8.16180990192412,0.000453564778084194));
#10405=CARTESIAN_POINT('Ctrl Pts',(0.153525210544163,-7.40409971521815,
0.000453564778084194));
#10406=CARTESIAN_POINT('Ctrl Pts',(0.477313377251929,-6.79284605623612,
0.000453564778084194));
#10407=CARTESIAN_POINT('Origin',(-3.51295648384948,3.4788491908443,0.000453564778180229));
#10408=CARTESIAN_POINT('',(0.,0.,0.));
#10409=CARTESIAN_POINT('Origin',(-0.852185605792143,1.70068993410145,0.5));
#10410=CARTESIAN_POINT('',(-2.71994264521408,2.44024498203574,0.5));
#10411=CARTESIAN_POINT('',(-0.554573808891005,0.189655016458015,0.5));
#10412=CARTESIAN_POINT('',(-2.71994264521408,2.44024498203574,0.5));
#10413=CARTESIAN_POINT('',(1.01557143362979,0.961018978476916,0.5));
#10414=CARTESIAN_POINT('',(-0.554573808891005,0.189655016458015,0.5));
#10415=CARTESIAN_POINT('',(-1.14968149500303,3.21172485174488,0.5));
#10416=CARTESIAN_POINT('',(1.01557143362979,0.961018978476916,0.5));
#10417=CARTESIAN_POINT('',(-1.14968149500303,3.21172485174488,0.5));
#10418=CARTESIAN_POINT('Origin',(-2.71994264521408,2.44024498203574,0.));
#10419=CARTESIAN_POINT('',(-0.554573808891005,0.189655016458015,0.000453564778150256));
#10420=CARTESIAN_POINT('',(-2.71994264521408,2.44024498203574,0.000453564778171058));
#10421=CARTESIAN_POINT('',(-1.65548173644698,1.33389072042691,0.000453564778160832));
#10422=CARTESIAN_POINT('',(-0.554573808891005,0.189655016458015,0.));
#10423=CARTESIAN_POINT('',(-2.71994264521408,2.44024498203574,0.));
#10424=CARTESIAN_POINT('Origin',(-0.554573808891005,0.189655016458015,0.));
#10425=CARTESIAN_POINT('',(1.01557143362979,0.961018978476916,0.000453564778152578));
#10426=CARTESIAN_POINT('',(-0.16572339562619,0.380685239195299,0.000453564778150831));
#10427=CARTESIAN_POINT('',(1.01557143362979,0.961018978476916,0.));
#10428=CARTESIAN_POINT('Origin',(-1.14968149500303,3.21172485174488,0.));
#10429=CARTESIAN_POINT('',(-1.14968149500303,3.21172485174488,0.000453564778173381));
#10430=CARTESIAN_POINT('',(-1.11916497652794,3.22671782262363,0.000453564778173426));
#10431=CARTESIAN_POINT('',(-1.14968149500303,3.21172485174488,0.));
#10432=CARTESIAN_POINT('Origin',(1.01557143362979,0.961018978476916,0.));
#10433=CARTESIAN_POINT('',(0.812678581636512,1.17191911286154,0.000453564778154527));
#10434=CARTESIAN_POINT('Origin',(0.0766335510331451,0.869909350909387,0.00045356477815387));
#10435=CARTESIAN_POINT('Origin',(0.0766335510331451,0.869909350909387,0.00045356477815387));
#10436=CARTESIAN_POINT('',(-7.50030030284596,4.74044580663027,0.000453564778197657));
#10437=CARTESIAN_POINT('',(-7.42693974421917,8.53450975897841,0.000453564778224983));
#10438=CARTESIAN_POINT('Ctrl Pts',(-7.50030030284596,4.74044580663027,0.000453564778197657));
#10439=CARTESIAN_POINT('Ctrl Pts',(-8.52702705205357,5.80765856458688,0.000453564778197657));
#10440=CARTESIAN_POINT('Ctrl Pts',(-8.49415435971043,7.50778211978437,0.000453564778197657));
#10441=CARTESIAN_POINT('Ctrl Pts',(-7.42693974421917,8.53450975897841,0.000453564778197657));
#10442=CARTESIAN_POINT('',(-3.63274529507066,8.46127717920134,0.000453564778216564));
#10443=CARTESIAN_POINT('Ctrl Pts',(-7.42693974421917,8.53450975897841,0.000453564778224983));
#10444=CARTESIAN_POINT('Ctrl Pts',(-6.35959661432585,9.56136103711697,0.000453564778224983));
#10445=CARTESIAN_POINT('Ctrl Pts',(-4.65947204427827,9.52848993715794,0.000453564778224983));
#10446=CARTESIAN_POINT('Ctrl Pts',(-3.63274529507066,8.46127717920134,0.000453564778224983));
#10447=CARTESIAN_POINT('',(-2.99167511967239,5.84517281778611,0.000453564778196284));
#10448=CARTESIAN_POINT('Ctrl Pts',(-3.63274529507066,8.46127717920134,0.000453564778216564));
#10449=CARTESIAN_POINT('Ctrl Pts',(-2.94180323079782,7.74308980698186,0.000453564778216564));
#10450=CARTESIAN_POINT('Ctrl Pts',(-2.73080517551658,6.73839234826372,0.000453564778216564));
#10451=CARTESIAN_POINT('Ctrl Pts',(-2.99167511967239,5.84517281778611,0.000453564778216564));
#10452=CARTESIAN_POINT('',(-6.54232261842033,4.10095537199587,0.000453564778191033));
#10453=CARTESIAN_POINT('',(-4.51554640738305,5.09658741579927,0.00045356477819403));
#10454=CARTESIAN_POINT('Ctrl Pts',(-6.54232261842033,4.10095537199587,0.000453564778191033));
#10455=CARTESIAN_POINT('Ctrl Pts',(-6.89374170631872,4.23759328524435,0.000453564778191033));
#10456=CARTESIAN_POINT('Ctrl Pts',(-7.22176278137049,4.45092496116905,0.000453564778191033));
#10457=CARTESIAN_POINT('Ctrl Pts',(-7.50030030284596,4.74044580663027,0.000453564778191033));
#10458=CARTESIAN_POINT('',(-4.8336843160334,7.3058982442516,0.000453564778210693));
#10459=CARTESIAN_POINT('',(-6.27156154423852,7.33357255125891,0.000453564778213883));
#10460=CARTESIAN_POINT('Ctrl Pts',(-4.8336843160334,7.3058982442516,0.000453564778210693));
#10461=CARTESIAN_POINT('Ctrl Pts',(-5.2227426670829,7.71029798951004,0.000453564778210693));
#10462=CARTESIAN_POINT('Ctrl Pts',(-5.86703218159995,7.72275526245649,0.000453564778210693));
#10463=CARTESIAN_POINT('Ctrl Pts',(-6.27156154423852,7.33357255125891,0.000453564778210693));
#10464=CARTESIAN_POINT('',(-6.29936152807939,5.89582450472379,0.000453564778203528));
#10465=CARTESIAN_POINT('Ctrl Pts',(-6.27156154423852,7.33357255125891,0.000453564778213883));
#10466=CARTESIAN_POINT('Ctrl Pts',(-6.67596190008268,6.94451395271828,0.000453564778213883));
#10467=CARTESIAN_POINT('Ctrl Pts',(-6.68841987912889,6.30022424998224,0.000453564778213883));
#10468=CARTESIAN_POINT('Ctrl Pts',(-6.29936152807939,5.89582450472379,0.000453564778213883));
#10469=CARTESIAN_POINT('',(-4.86148846484227,5.86789730597653,0.000453564778200336));
#10470=CARTESIAN_POINT('Ctrl Pts',(-6.29936152807939,5.89582450472379,0.000453564778203528));
#10471=CARTESIAN_POINT('Ctrl Pts',(-5.91017882759583,5.49129550666991,0.000453564778203528));
#10472=CARTESIAN_POINT('Ctrl Pts',(-5.26588882068643,5.47883870743589,0.000453564778203528));
#10473=CARTESIAN_POINT('Ctrl Pts',(-4.86148846484227,5.86789730597653,0.000453564778203528));
#10474=CARTESIAN_POINT('Ctrl Pts',(-4.86148846484227,5.86789730597653,0.000453564778200336));
#10475=CARTESIAN_POINT('Ctrl Pts',(-4.4569591022037,6.25708001717411,0.000453564778200336));
#10476=CARTESIAN_POINT('Ctrl Pts',(-4.44450161554984,6.90136924619773,0.000453564778200336));
#10477=CARTESIAN_POINT('Ctrl Pts',(-4.8336843160334,7.3058982442516,0.000453564778200336));
#10478=CARTESIAN_POINT('Ctrl Pts',(-6.29936152807939,5.89582450472379,0.));
#10479=CARTESIAN_POINT('Ctrl Pts',(-6.29936152807939,5.89582450472379,0.5));
#10480=CARTESIAN_POINT('Ctrl Pts',(-6.68841987912889,6.30022424998224,0.));
#10481=CARTESIAN_POINT('Ctrl Pts',(-6.68841987912889,6.30022424998224,0.5));
#10482=CARTESIAN_POINT('Ctrl Pts',(-6.67596190008268,6.94451395271828,0.));
#10483=CARTESIAN_POINT('Ctrl Pts',(-6.67596190008268,6.94451395271828,0.5));
#10484=CARTESIAN_POINT('Ctrl Pts',(-6.27156154423852,7.33357255125891,0.));
#10485=CARTESIAN_POINT('Ctrl Pts',(-6.27156154423852,7.33357255125891,0.5));
#10486=CARTESIAN_POINT('',(-6.27156154423852,7.33357255125891,0.5));
#10487=CARTESIAN_POINT('',(-6.27156154423852,7.33357255125891,0.));
#10488=CARTESIAN_POINT('',(-6.29936152807939,5.89582450472379,0.5));
#10489=CARTESIAN_POINT('Ctrl Pts',(-6.29936152807939,5.89582450472379,0.5));
#10490=CARTESIAN_POINT('Ctrl Pts',(-6.68841987912889,6.30022424998224,0.5));
#10491=CARTESIAN_POINT('Ctrl Pts',(-6.67596190008268,6.94451395271828,0.5));
#10492=CARTESIAN_POINT('Ctrl Pts',(-6.27156154423852,7.33357255125891,0.5));
#10493=CARTESIAN_POINT('',(-6.29936152807939,5.89582450472379,0.));
#10494=CARTESIAN_POINT('Ctrl Pts',(-6.27156154423852,7.33357255125891,0.));
#10495=CARTESIAN_POINT('Ctrl Pts',(-6.27156154423852,7.33357255125891,0.5));
#10496=CARTESIAN_POINT('Ctrl Pts',(-5.86703218159995,7.72275526245649,0.));
#10497=CARTESIAN_POINT('Ctrl Pts',(-5.86703218159995,7.72275526245649,0.5));
#10498=CARTESIAN_POINT('Ctrl Pts',(-5.2227426670829,7.71029798951004,0.));
#10499=CARTESIAN_POINT('Ctrl Pts',(-5.2227426670829,7.71029798951004,0.5));
#10500=CARTESIAN_POINT('Ctrl Pts',(-4.8336843160334,7.3058982442516,0.));
#10501=CARTESIAN_POINT('Ctrl Pts',(-4.8336843160334,7.3058982442516,0.5));
#10502=CARTESIAN_POINT('',(-4.8336843160334,7.3058982442516,0.5));
#10503=CARTESIAN_POINT('',(-4.8336843160334,7.3058982442516,0.));
#10504=CARTESIAN_POINT('Ctrl Pts',(-6.27156154423852,7.33357255125891,0.5));
#10505=CARTESIAN_POINT('Ctrl Pts',(-5.86703218159995,7.72275526245649,0.5));
#10506=CARTESIAN_POINT('Ctrl Pts',(-5.2227426670829,7.71029798951004,0.5));
#10507=CARTESIAN_POINT('Ctrl Pts',(-4.8336843160334,7.3058982442516,0.5));
#10508=CARTESIAN_POINT('Ctrl Pts',(-2.99167511967239,5.84517281778611,0.));
#10509=CARTESIAN_POINT('Ctrl Pts',(-2.99167511967239,5.84517281778611,0.5));
#10510=CARTESIAN_POINT('Ctrl Pts',(-2.73080517551658,6.73839234826372,0.));
#10511=CARTESIAN_POINT('Ctrl Pts',(-2.73080517551658,6.73839234826372,0.5));
#10512=CARTESIAN_POINT('Ctrl Pts',(-2.94180323079782,7.74308980698186,0.));
#10513=CARTESIAN_POINT('Ctrl Pts',(-2.94180323079782,7.74308980698186,0.5));
#10514=CARTESIAN_POINT('Ctrl Pts',(-3.63274529507066,8.46127717920134,0.));
#10515=CARTESIAN_POINT('Ctrl Pts',(-3.63274529507066,8.46127717920134,0.5));
#10516=CARTESIAN_POINT('',(-3.63274529507066,8.46127717920134,0.5));
#10517=CARTESIAN_POINT('',(-3.63274529507066,8.46127717920134,0.));
#10518=CARTESIAN_POINT('',(-2.99167511967239,5.84517281778611,0.5));
#10519=CARTESIAN_POINT('Ctrl Pts',(-2.99167511967239,5.84517281778611,0.5));
#10520=CARTESIAN_POINT('Ctrl Pts',(-2.73080517551658,6.73839234826372,0.5));
#10521=CARTESIAN_POINT('Ctrl Pts',(-2.94180323079782,7.74308980698186,0.5));
#10522=CARTESIAN_POINT('Ctrl Pts',(-3.63274529507066,8.46127717920134,0.5));
#10523=CARTESIAN_POINT('',(-2.99167511967239,5.84517281778611,0.));
#10524=CARTESIAN_POINT('Ctrl Pts',(-3.63274529507066,8.46127717920134,0.));
#10525=CARTESIAN_POINT('Ctrl Pts',(-3.63274529507066,8.46127717920134,0.5));
#10526=CARTESIAN_POINT('Ctrl Pts',(-4.65947204427827,9.52848993715794,0.));
#10527=CARTESIAN_POINT('Ctrl Pts',(-4.65947204427827,9.52848993715794,0.5));
#10528=CARTESIAN_POINT('Ctrl Pts',(-6.35959661432585,9.56136103711697,0.));
#10529=CARTESIAN_POINT('Ctrl Pts',(-6.35959661432585,9.56136103711697,0.5));
#10530=CARTESIAN_POINT('Ctrl Pts',(-7.42693974421917,8.53450975897841,0.));
#10531=CARTESIAN_POINT('Ctrl Pts',(-7.42693974421917,8.53450975897841,0.5));
#10532=CARTESIAN_POINT('',(-7.42693974421917,8.53450975897841,0.5));
#10533=CARTESIAN_POINT('',(-7.42693974421917,8.53450975897841,0.));
#10534=CARTESIAN_POINT('Ctrl Pts',(-3.63274529507066,8.46127717920134,0.5));
#10535=CARTESIAN_POINT('Ctrl Pts',(-4.65947204427827,9.52848993715794,0.5));
#10536=CARTESIAN_POINT('Ctrl Pts',(-6.35959661432585,9.56136103711697,0.5));
#10537=CARTESIAN_POINT('Ctrl Pts',(-7.42693974421917,8.53450975897841,0.5));
#10538=CARTESIAN_POINT('Ctrl Pts',(-7.42693974421917,8.53450975897841,0.));
#10539=CARTESIAN_POINT('Ctrl Pts',(-7.42693974421917,8.53450975897841,0.5));
#10540=CARTESIAN_POINT('Ctrl Pts',(-8.49415435971043,7.50778211978437,0.));
#10541=CARTESIAN_POINT('Ctrl Pts',(-8.49415435971043,7.50778211978437,0.5));
#10542=CARTESIAN_POINT('Ctrl Pts',(-8.52702705205357,5.80765856458688,0.));
#10543=CARTESIAN_POINT('Ctrl Pts',(-8.52702705205357,5.80765856458688,0.5));
#10544=CARTESIAN_POINT('Ctrl Pts',(-7.50030030284596,4.74044580663027,0.));
#10545=CARTESIAN_POINT('Ctrl Pts',(-7.50030030284596,4.74044580663027,0.5));
#10546=CARTESIAN_POINT('',(-7.50030030284596,4.74044580663027,0.5));
#10547=CARTESIAN_POINT('',(-7.50030030284596,4.74044580663027,0.));
#10548=CARTESIAN_POINT('Ctrl Pts',(-7.42693974421917,8.53450975897841,0.5));
#10549=CARTESIAN_POINT('Ctrl Pts',(-8.49415435971043,7.50778211978437,0.5));
#10550=CARTESIAN_POINT('Ctrl Pts',(-8.52702705205357,5.80765856458688,0.5));
#10551=CARTESIAN_POINT('Ctrl Pts',(-7.50030030284596,4.74044580663027,0.5));
#10552=CARTESIAN_POINT('Ctrl Pts',(-4.86148846484227,5.86789730597653,0.));
#10553=CARTESIAN_POINT('Ctrl Pts',(-4.86148846484227,5.86789730597653,0.5));
#10554=CARTESIAN_POINT('Ctrl Pts',(-5.26588882068643,5.47883870743589,0.));
#10555=CARTESIAN_POINT('Ctrl Pts',(-5.26588882068643,5.47883870743589,0.5));
#10556=CARTESIAN_POINT('Ctrl Pts',(-5.91017882759583,5.49129550666991,0.));
#10557=CARTESIAN_POINT('Ctrl Pts',(-5.91017882759583,5.49129550666991,0.5));
#10558=CARTESIAN_POINT('Ctrl Pts',(-6.29936152807939,5.89582450472379,0.));
#10559=CARTESIAN_POINT('Ctrl Pts',(-6.29936152807939,5.89582450472379,0.5));
#10560=CARTESIAN_POINT('',(-4.86148846484227,5.86789730597653,0.5));
#10561=CARTESIAN_POINT('Ctrl Pts',(-4.86148846484227,5.86789730597653,0.5));
#10562=CARTESIAN_POINT('Ctrl Pts',(-5.26588882068643,5.47883870743589,0.5));
#10563=CARTESIAN_POINT('Ctrl Pts',(-5.91017882759583,5.49129550666991,0.5));
#10564=CARTESIAN_POINT('Ctrl Pts',(-6.29936152807939,5.89582450472379,0.5));
#10565=CARTESIAN_POINT('',(-4.86148846484227,5.86789730597653,0.));
#10566=CARTESIAN_POINT('Ctrl Pts',(-4.8336843160334,7.3058982442516,0.));
#10567=CARTESIAN_POINT('Ctrl Pts',(-4.8336843160334,7.3058982442516,0.5));
#10568=CARTESIAN_POINT('Ctrl Pts',(-4.44450161554984,6.90136924619773,0.));
#10569=CARTESIAN_POINT('Ctrl Pts',(-4.44450161554984,6.90136924619773,0.5));
#10570=CARTESIAN_POINT('Ctrl Pts',(-4.4569591022037,6.25708001717411,0.));
#10571=CARTESIAN_POINT('Ctrl Pts',(-4.4569591022037,6.25708001717411,0.5));
#10572=CARTESIAN_POINT('Ctrl Pts',(-4.86148846484227,5.86789730597653,0.));
#10573=CARTESIAN_POINT('Ctrl Pts',(-4.86148846484227,5.86789730597653,0.5));
#10574=CARTESIAN_POINT('Ctrl Pts',(-4.8336843160334,7.3058982442516,0.5));
#10575=CARTESIAN_POINT('Ctrl Pts',(-4.44450161554984,6.90136924619773,0.5));
#10576=CARTESIAN_POINT('Ctrl Pts',(-4.4569591022037,6.25708001717411,0.5));
#10577=CARTESIAN_POINT('Ctrl Pts',(-4.86148846484227,5.86789730597653,0.5));
#10578=CARTESIAN_POINT('Origin',(-6.54232261842033,4.10095537199587,0.));
#10579=CARTESIAN_POINT('',(-6.54232261842033,4.10095537199587,0.5));
#10580=CARTESIAN_POINT('',(-6.54232261842033,4.10095537199587,0.5));
#10581=CARTESIAN_POINT('',(-6.54232261842033,4.10095537199587,0.));
#10582=CARTESIAN_POINT('Ctrl Pts',(-7.50030030284596,4.74044580663027,0.));
#10583=CARTESIAN_POINT('Ctrl Pts',(-7.50030030284596,4.74044580663027,0.5));
#10584=CARTESIAN_POINT('Ctrl Pts',(-7.22176278137049,4.45092496116905,0.));
#10585=CARTESIAN_POINT('Ctrl Pts',(-7.22176278137049,4.45092496116905,0.5));
#10586=CARTESIAN_POINT('Ctrl Pts',(-6.89374170631872,4.23759328524435,0.));
#10587=CARTESIAN_POINT('Ctrl Pts',(-6.89374170631872,4.23759328524435,0.5));
#10588=CARTESIAN_POINT('Ctrl Pts',(-6.54232261842033,4.10095537199587,0.));
#10589=CARTESIAN_POINT('Ctrl Pts',(-6.54232261842033,4.10095537199587,0.5));
#10590=CARTESIAN_POINT('Ctrl Pts',(-7.50030030284596,4.74044580663027,0.5));
#10591=CARTESIAN_POINT('Ctrl Pts',(-7.22176278137049,4.45092496116905,0.5));
#10592=CARTESIAN_POINT('Ctrl Pts',(-6.89374170631872,4.23759328524435,0.5));
#10593=CARTESIAN_POINT('Ctrl Pts',(-6.54232261842033,4.10095537199587,0.5));
#10594=CARTESIAN_POINT('Origin',(-5.62891611378507,6.83115820455642,0.5));
#10595=CARTESIAN_POINT('Origin',(5.41360891386515,-4.96906447769018,0.5));
#10596=CARTESIAN_POINT('',(4.94133860054657,-3.11952842030443,0.5));
#10597=CARTESIAN_POINT('',(3.32728274885828,-1.44185373513143,0.5));
#10598=CARTESIAN_POINT('',(4.94133860054657,-3.11952842030443,0.5));
#10599=CARTESIAN_POINT('',(1.75702522079084,-2.21309092314239,0.5));
#10600=CARTESIAN_POINT('',(3.32728274885828,-1.44185373513143,0.5));
#10601=CARTESIAN_POINT('',(3.74044257103007,-4.27484738352781,0.5));
#10602=CARTESIAN_POINT('',(1.75702522079084,-2.21309092314239,0.5));
#10603=CARTESIAN_POINT('',(4.17603049451195,-7.39614688620132,0.5));
#10604=CARTESIAN_POINT('Ctrl Pts',(3.74044257103007,-4.27484738352781,0.5));
#10605=CARTESIAN_POINT('Ctrl Pts',(3.21013947811248,-5.2720772519239,0.5));
#10606=CARTESIAN_POINT('Ctrl Pts',(3.35090376830758,-6.53849356442118,0.5));
#10607=CARTESIAN_POINT('Ctrl Pts',(4.17603049451195,-7.39614688620132,0.5));
#10608=CARTESIAN_POINT('',(7.97005819465964,-7.46949426401274,0.5));
#10609=CARTESIAN_POINT('Ctrl Pts',(4.17603049451195,-7.39614688620132,0.5));
#10610=CARTESIAN_POINT('Ctrl Pts',(5.20269891273672,-8.46339748447409,0.5));
#10611=CARTESIAN_POINT('Ctrl Pts',(6.90292326118658,-8.49627522024892,0.5));
#10612=CARTESIAN_POINT('Ctrl Pts',(7.97005819465964,-7.46949426401274,0.5));
#10613=CARTESIAN_POINT('',(8.04340828102443,-3.67546835757151,0.5));
#10614=CARTESIAN_POINT('Ctrl Pts',(7.97005819465964,-7.46949426401274,0.5));
#10615=CARTESIAN_POINT('Ctrl Pts',(9.03743580983086,-6.44270968563298,0.5));
#10616=CARTESIAN_POINT('Ctrl Pts',(9.07019260693946,-4.74260304815401,0.5));
#10617=CARTESIAN_POINT('Ctrl Pts',(8.04340828102443,-3.67546835757151,0.5));
#10618=CARTESIAN_POINT('Ctrl Pts',(8.04340828102443,-3.67546835757151,0.5));
#10619=CARTESIAN_POINT('Ctrl Pts',(7.21839746251031,-2.81769912810112,0.5));
#10620=CARTESIAN_POINT('Ctrl Pts',(5.95827095829235,-2.6281540048564,0.5));
#10621=CARTESIAN_POINT('Ctrl Pts',(4.94133860054657,-3.11952842030443,0.5));
#10622=CARTESIAN_POINT('',(5.37693376825909,-6.2408206787473,0.5));
#10623=CARTESIAN_POINT('',(5.40458878553237,-4.80289539514434,0.5));
#10624=CARTESIAN_POINT('Ctrl Pts',(5.37693376825909,-6.2408206787473,0.5));
#10625=CARTESIAN_POINT('Ctrl Pts',(4.98774662624749,-5.83644962931324,0.5));
#10626=CARTESIAN_POINT('Ctrl Pts',(5.00021221086203,-5.19208082175513,0.5));
#10627=CARTESIAN_POINT('Ctrl Pts',(5.40458878553237,-4.80289539514434,0.5));
#10628=CARTESIAN_POINT('',(6.84262815919818,-4.83067141310464,0.5));
#10629=CARTESIAN_POINT('Ctrl Pts',(5.40458878553237,-4.80289539514434,0.5));
#10630=CARTESIAN_POINT('Ctrl Pts',(5.80907764574938,-4.41383674254148,0.5));
#10631=CARTESIAN_POINT('Ctrl Pts',(6.45344826141722,-4.42629311943994,0.5));
#10632=CARTESIAN_POINT('Ctrl Pts',(6.84262815919818,-4.83067141310464,0.5));
#10633=CARTESIAN_POINT('',(6.81473770445735,-6.26859307462054,0.5));
#10634=CARTESIAN_POINT('Ctrl Pts',(6.84262815919818,-4.83067141310464,0.5));
#10635=CARTESIAN_POINT('Ctrl Pts',(7.2316921492889,-5.23516561445958,0.5));
#10636=CARTESIAN_POINT('Ctrl Pts',(7.21923380890499,-5.87952717778704,0.5));
#10637=CARTESIAN_POINT('Ctrl Pts',(6.81473770445735,-6.26859307462054,0.5));
#10638=CARTESIAN_POINT('Ctrl Pts',(6.81473770445735,-6.26859307462054,0.5));
#10639=CARTESIAN_POINT('Ctrl Pts',(6.41036112978701,-6.65777850123133,0.5));
#10640=CARTESIAN_POINT('Ctrl Pts',(5.7659977583498,-6.64531488010225,0.5));
#10641=CARTESIAN_POINT('Ctrl Pts',(5.37693376825909,-6.2408206787473,0.5));
#10642=CARTESIAN_POINT('Origin',(4.94133860054657,-3.11952842030443,0.));
#10643=CARTESIAN_POINT('',(3.32728274885828,-1.44185373513143,0.000453564778130368));
#10644=CARTESIAN_POINT('',(4.94133860054657,-3.11952842030443,0.000453564778114862));
#10645=CARTESIAN_POINT('',(2.77553989728681,-0.868363658044938,0.000453564778135669));
#10646=CARTESIAN_POINT('',(3.32728274885828,-1.44185373513143,0.));
#10647=CARTESIAN_POINT('',(4.94133860054657,-3.11952842030443,0.));
#10648=CARTESIAN_POINT('Origin',(3.32728274885828,-1.44185373513143,0.));
#10649=CARTESIAN_POINT('',(1.75702522079084,-2.21309092314239,0.000453564778128047));
#10650=CARTESIAN_POINT('',(2.475218099306,-1.86034811110364,0.000453564778129109));
#10651=CARTESIAN_POINT('',(1.75702522079084,-2.21309092314239,0.));
#10652=CARTESIAN_POINT('Origin',(1.75702522079084,-2.21309092314239,0.));
#10653=CARTESIAN_POINT('',(3.74044257103007,-4.27484738352781,0.000453564778108991));
#10654=CARTESIAN_POINT('',(0.583020338672168,-0.992716325763668,0.000453564778139327));
#10655=CARTESIAN_POINT('',(3.74044257103007,-4.27484738352781,0.));
#10656=CARTESIAN_POINT('Ctrl Pts',(5.37693376825909,-6.2408206787473,0.));
#10657=CARTESIAN_POINT('Ctrl Pts',(5.37693376825909,-6.2408206787473,0.5));
#10658=CARTESIAN_POINT('Ctrl Pts',(4.98774662624749,-5.83644962931324,0.));
#10659=CARTESIAN_POINT('Ctrl Pts',(4.98774662624749,-5.83644962931324,0.5));
#10660=CARTESIAN_POINT('Ctrl Pts',(5.00021221086203,-5.19208082175513,0.));
#10661=CARTESIAN_POINT('Ctrl Pts',(5.00021221086203,-5.19208082175513,0.5));
#10662=CARTESIAN_POINT('Ctrl Pts',(5.40458878553237,-4.80289539514434,0.));
#10663=CARTESIAN_POINT('Ctrl Pts',(5.40458878553237,-4.80289539514434,0.5));
#10664=CARTESIAN_POINT('',(5.40458878553237,-4.80289539514434,0.000453564778101706));
#10665=CARTESIAN_POINT('',(5.37693376825909,-6.2408206787473,0.000453564778091349));
#10666=CARTESIAN_POINT('Ctrl Pts',(5.40458878553237,-4.80289539514434,0.000453564778101706));
#10667=CARTESIAN_POINT('Ctrl Pts',(5.00021221086203,-5.19208082175513,0.000453564778101706));
#10668=CARTESIAN_POINT('Ctrl Pts',(4.98774662624749,-5.83644962931324,0.000453564778101706));
#10669=CARTESIAN_POINT('Ctrl Pts',(5.37693376825909,-6.2408206787473,0.000453564778101706));
#10670=CARTESIAN_POINT('',(5.40458878553237,-4.80289539514434,0.));
#10671=CARTESIAN_POINT('',(5.37693376825909,-6.2408206787473,0.));
#10672=CARTESIAN_POINT('Ctrl Pts',(5.40458878553237,-4.80289539514434,0.));
#10673=CARTESIAN_POINT('Ctrl Pts',(5.40458878553237,-4.80289539514434,0.5));
#10674=CARTESIAN_POINT('Ctrl Pts',(5.80907764574938,-4.41383674254148,0.));
#10675=CARTESIAN_POINT('Ctrl Pts',(5.80907764574938,-4.41383674254148,0.5));
#10676=CARTESIAN_POINT('Ctrl Pts',(6.45344826141722,-4.42629311943994,0.));
#10677=CARTESIAN_POINT('Ctrl Pts',(6.45344826141722,-4.42629311943994,0.5));
#10678=CARTESIAN_POINT('Ctrl Pts',(6.84262815919818,-4.83067141310464,0.));
#10679=CARTESIAN_POINT('Ctrl Pts',(6.84262815919818,-4.83067141310464,0.5));
#10680=CARTESIAN_POINT('',(6.84262815919818,-4.83067141310464,0.000453564778098515));
#10681=CARTESIAN_POINT('Ctrl Pts',(6.84262815919818,-4.83067141310464,0.000453564778098515));
#10682=CARTESIAN_POINT('Ctrl Pts',(6.45344826141722,-4.42629311943994,0.000453564778098515));
#10683=CARTESIAN_POINT('Ctrl Pts',(5.80907764574938,-4.41383674254148,0.000453564778098515));
#10684=CARTESIAN_POINT('Ctrl Pts',(5.40458878553237,-4.80289539514434,0.000453564778098515));
#10685=CARTESIAN_POINT('',(6.84262815919818,-4.83067141310464,0.));
#10686=CARTESIAN_POINT('Ctrl Pts',(8.04340828102443,-3.67546835757151,0.));
#10687=CARTESIAN_POINT('Ctrl Pts',(8.04340828102443,-3.67546835757151,0.5));
#10688=CARTESIAN_POINT('Ctrl Pts',(7.21839746251031,-2.81769912810112,0.));
#10689=CARTESIAN_POINT('Ctrl Pts',(7.21839746251031,-2.81769912810112,0.5));
#10690=CARTESIAN_POINT('Ctrl Pts',(5.95827095829235,-2.6281540048564,0.));
#10691=CARTESIAN_POINT('Ctrl Pts',(5.95827095829235,-2.6281540048564,0.5));
#10692=CARTESIAN_POINT('Ctrl Pts',(4.94133860054657,-3.11952842030443,0.));
#10693=CARTESIAN_POINT('Ctrl Pts',(4.94133860054657,-3.11952842030443,0.5));
#10694=CARTESIAN_POINT('',(8.04340828102443,-3.67546835757151,0.000453564778104385));
#10695=CARTESIAN_POINT('Ctrl Pts',(4.94133860054657,-3.11952842030443,0.000453564778114862));
#10696=CARTESIAN_POINT('Ctrl Pts',(5.95827095829235,-2.6281540048564,0.000453564778114862));
#10697=CARTESIAN_POINT('Ctrl Pts',(7.21839746251031,-2.81769912810112,0.000453564778114862));
#10698=CARTESIAN_POINT('Ctrl Pts',(8.04340828102443,-3.67546835757151,0.000453564778114862));
#10699=CARTESIAN_POINT('',(8.04340828102443,-3.67546835757151,0.));
#10700=CARTESIAN_POINT('Ctrl Pts',(7.97005819465964,-7.46949426401274,0.));
#10701=CARTESIAN_POINT('Ctrl Pts',(7.97005819465964,-7.46949426401274,0.5));
#10702=CARTESIAN_POINT('Ctrl Pts',(9.03743580983086,-6.44270968563298,0.));
#10703=CARTESIAN_POINT('Ctrl Pts',(9.03743580983086,-6.44270968563298,0.5));
#10704=CARTESIAN_POINT('Ctrl Pts',(9.07019260693946,-4.74260304815401,0.));
#10705=CARTESIAN_POINT('Ctrl Pts',(9.07019260693946,-4.74260304815401,0.5));
#10706=CARTESIAN_POINT('Ctrl Pts',(8.04340828102443,-3.67546835757151,0.));
#10707=CARTESIAN_POINT('Ctrl Pts',(8.04340828102443,-3.67546835757151,0.5));
#10708=CARTESIAN_POINT('',(7.97005819465964,-7.46949426401274,0.000453564778077059));
#10709=CARTESIAN_POINT('Ctrl Pts',(8.04340828102443,-3.67546835757151,0.000453564778104385));
#10710=CARTESIAN_POINT('Ctrl Pts',(9.07019260693946,-4.74260304815401,0.000453564778104385));
#10711=CARTESIAN_POINT('Ctrl Pts',(9.03743580983086,-6.44270968563298,0.000453564778104385));
#10712=CARTESIAN_POINT('Ctrl Pts',(7.97005819465964,-7.46949426401274,0.000453564778104385));
#10713=CARTESIAN_POINT('',(7.97005819465964,-7.46949426401274,0.));
#10714=CARTESIAN_POINT('Ctrl Pts',(4.17603049451195,-7.39614688620132,0.));
#10715=CARTESIAN_POINT('Ctrl Pts',(4.17603049451195,-7.39614688620132,0.5));
#10716=CARTESIAN_POINT('Ctrl Pts',(5.20269891273672,-8.46339748447409,0.));
#10717=CARTESIAN_POINT('Ctrl Pts',(5.20269891273672,-8.46339748447409,0.5));
#10718=CARTESIAN_POINT('Ctrl Pts',(6.90292326118658,-8.49627522024892,0.));
#10719=CARTESIAN_POINT('Ctrl Pts',(6.90292326118658,-8.49627522024892,0.5));
#10720=CARTESIAN_POINT('Ctrl Pts',(7.97005819465964,-7.46949426401274,0.));
#10721=CARTESIAN_POINT('Ctrl Pts',(7.97005819465964,-7.46949426401274,0.5));
#10722=CARTESIAN_POINT('',(4.17603049451195,-7.39614688620132,0.000453564778085479));
#10723=CARTESIAN_POINT('Ctrl Pts',(7.97005819465964,-7.46949426401274,0.000453564778077059));
#10724=CARTESIAN_POINT('Ctrl Pts',(6.90292326118658,-8.49627522024892,0.000453564778077059));
#10725=CARTESIAN_POINT('Ctrl Pts',(5.20269891273672,-8.46339748447409,0.000453564778077059));
#10726=CARTESIAN_POINT('Ctrl Pts',(4.17603049451195,-7.39614688620132,0.000453564778077059));
#10727=CARTESIAN_POINT('',(4.17603049451195,-7.39614688620132,0.));
#10728=CARTESIAN_POINT('Ctrl Pts',(3.74044257103007,-4.27484738352781,0.));
#10729=CARTESIAN_POINT('Ctrl Pts',(3.74044257103007,-4.27484738352781,0.5));
#10730=CARTESIAN_POINT('Ctrl Pts',(3.21013947811248,-5.2720772519239,0.));
#10731=CARTESIAN_POINT('Ctrl Pts',(3.21013947811248,-5.2720772519239,0.5));
#10732=CARTESIAN_POINT('Ctrl Pts',(3.35090376830758,-6.53849356442118,0.));
#10733=CARTESIAN_POINT('Ctrl Pts',(3.35090376830758,-6.53849356442118,0.5));
#10734=CARTESIAN_POINT('Ctrl Pts',(4.17603049451195,-7.39614688620132,0.));
#10735=CARTESIAN_POINT('Ctrl Pts',(4.17603049451195,-7.39614688620132,0.5));
#10736=CARTESIAN_POINT('Ctrl Pts',(4.17603049451195,-7.39614688620132,0.000453564778085479));
#10737=CARTESIAN_POINT('Ctrl Pts',(3.35090376830758,-6.53849356442118,0.000453564778085479));
#10738=CARTESIAN_POINT('Ctrl Pts',(3.21013947811248,-5.2720772519239,0.000453564778085479));
#10739=CARTESIAN_POINT('Ctrl Pts',(3.74044257103007,-4.27484738352781,0.000453564778085479));
#10740=CARTESIAN_POINT('Ctrl Pts',(6.81473770445735,-6.26859307462054,0.));
#10741=CARTESIAN_POINT('Ctrl Pts',(6.81473770445735,-6.26859307462054,0.5));
#10742=CARTESIAN_POINT('Ctrl Pts',(6.41036112978701,-6.65777850123133,0.));
#10743=CARTESIAN_POINT('Ctrl Pts',(6.41036112978701,-6.65777850123133,0.5));
#10744=CARTESIAN_POINT('Ctrl Pts',(5.7659977583498,-6.64531488010225,0.));
#10745=CARTESIAN_POINT('Ctrl Pts',(5.7659977583498,-6.64531488010225,0.5));
#10746=CARTESIAN_POINT('Ctrl Pts',(5.37693376825909,-6.2408206787473,0.));
#10747=CARTESIAN_POINT('Ctrl Pts',(5.37693376825909,-6.2408206787473,0.5));
#10748=CARTESIAN_POINT('',(6.81473770445735,-6.26859307462054,0.000453564778088159));
#10749=CARTESIAN_POINT('Ctrl Pts',(5.37693376825909,-6.2408206787473,0.00045356477809135));
#10750=CARTESIAN_POINT('Ctrl Pts',(5.7659977583498,-6.64531488010225,0.00045356477809135));
#10751=CARTESIAN_POINT('Ctrl Pts',(6.41036112978701,-6.65777850123133,0.00045356477809135));
#10752=CARTESIAN_POINT('Ctrl Pts',(6.81473770445735,-6.26859307462054,0.00045356477809135));
#10753=CARTESIAN_POINT('',(6.81473770445735,-6.26859307462054,0.));
#10754=CARTESIAN_POINT('Ctrl Pts',(6.84262815919818,-4.83067141310464,0.));
#10755=CARTESIAN_POINT('Ctrl Pts',(6.84262815919818,-4.83067141310464,0.5));
#10756=CARTESIAN_POINT('Ctrl Pts',(7.2316921492889,-5.23516561445958,0.));
#10757=CARTESIAN_POINT('Ctrl Pts',(7.2316921492889,-5.23516561445958,0.5));
#10758=CARTESIAN_POINT('Ctrl Pts',(7.21923380890499,-5.87952717778704,0.));
#10759=CARTESIAN_POINT('Ctrl Pts',(7.21923380890499,-5.87952717778704,0.5));
#10760=CARTESIAN_POINT('Ctrl Pts',(6.81473770445735,-6.26859307462054,0.));
#10761=CARTESIAN_POINT('Ctrl Pts',(6.81473770445735,-6.26859307462054,0.5));
#10762=CARTESIAN_POINT('Ctrl Pts',(6.81473770445735,-6.26859307462054,0.000453564778088159));
#10763=CARTESIAN_POINT('Ctrl Pts',(7.21923380890499,-5.87952717778704,0.000453564778088159));
#10764=CARTESIAN_POINT('Ctrl Pts',(7.2316921492889,-5.23516561445958,0.000453564778088159));
#10765=CARTESIAN_POINT('Ctrl Pts',(6.84262815919818,-4.83067141310464,0.000453564778088159));
#10766=CARTESIAN_POINT('Origin',(0.0766335510331451,0.869909350909387,0.00045356477815387));
#10767=CARTESIAN_POINT('Origin',(15.3136376322309,16.9525889351472,29.500453564778));
#10768=CARTESIAN_POINT('',(14.339763685105,18.5943539644743,29.500453564778));
#10769=CARTESIAN_POINT('',(14.2947783765368,20.9219589489278,29.500453564778));
#10770=CARTESIAN_POINT('',(14.339763685105,18.5943539644743,29.500453564778));
#10771=CARTESIAN_POINT('',(12.5393780778999,16.0077505581213,29.500453564778));
#10772=CARTESIAN_POINT('Ctrl Pts',(12.5393780778999,16.0077505581213,29.500453564778));
#10773=CARTESIAN_POINT('Ctrl Pts',(12.5162143833719,17.1976557412965,29.500453564778));
#10774=CARTESIAN_POINT('Ctrl Pts',(13.2732297376701,18.2227283795691,29.500453564778));
#10775=CARTESIAN_POINT('Ctrl Pts',(14.339763685105,18.5943539644743,29.500453564778));
#10776=CARTESIAN_POINT('',(15.2740258678111,13.3768354551484,29.500453564778));
#10777=CARTESIAN_POINT('Ctrl Pts',(15.2740258678111,13.3768354551484,29.500453564778));
#10778=CARTESIAN_POINT('Ctrl Pts',(13.7932295798467,13.3481318435642,29.500453564778));
#10779=CARTESIAN_POINT('Ctrl Pts',(12.5679100943797,14.5271262223004,29.500453564778));
#10780=CARTESIAN_POINT('Ctrl Pts',(12.5393780778999,16.0077505581213,29.500453564778));
#10781=CARTESIAN_POINT('',(17.9049441543624,16.1114825981652,29.500453564778));
#10782=CARTESIAN_POINT('Ctrl Pts',(17.9049441543624,16.1114825981652,29.500453564778));
#10783=CARTESIAN_POINT('Ctrl Pts',(17.9336400890697,14.6308582623443,29.500453564778));
#10784=CARTESIAN_POINT('Ctrl Pts',(16.7546479926588,13.4053700261005,29.500453564778));
#10785=CARTESIAN_POINT('Ctrl Pts',(15.2740258678111,13.3768354551484,29.500453564778));
#10786=CARTESIAN_POINT('',(16.0058592844048,18.6265818171168,29.500453564778));
#10787=CARTESIAN_POINT('Ctrl Pts',(16.0058592844048,18.6265818171168,29.500453564778));
#10788=CARTESIAN_POINT('Ctrl Pts',(17.0859881998357,18.2964147278584,29.500453564778));
#10789=CARTESIAN_POINT('Ctrl Pts',(17.8819443780619,17.3013877813404,29.500453564778));
#10790=CARTESIAN_POINT('Ctrl Pts',(17.9049441543624,16.1114825981652,29.500453564778));
#10791=CARTESIAN_POINT('',(15.9504651683883,21.4869516496877,29.500453564778));
#10792=CARTESIAN_POINT('',(15.9504651683883,21.4869516496877,29.500453564778));
#10793=CARTESIAN_POINT('',(14.2947783765368,20.9219589489278,29.500453564778));
#10794=CARTESIAN_POINT('',(16.2388383101734,16.0792547455227,29.500453564778));
#10795=CARTESIAN_POINT('',(15.2025165410504,17.0764664141502,29.500453564778));
#10796=CARTESIAN_POINT('Ctrl Pts',(16.2388383101734,16.0792547455227,29.500453564778));
#10797=CARTESIAN_POINT('Ctrl Pts',(16.2281016662701,16.6403851239601,29.500453564778));
#10798=CARTESIAN_POINT('Ctrl Pts',(15.7636496134483,17.0872081779571,29.500453564778));
#10799=CARTESIAN_POINT('Ctrl Pts',(15.2025165410504,17.0764664141502,29.500453564778));
#10800=CARTESIAN_POINT('',(15.2417954463227,15.0429357827684,29.500453564778));
#10801=CARTESIAN_POINT('Ctrl Pts',(15.2417954463227,15.0429357827684,29.500453564778));
#10802=CARTESIAN_POINT('Ctrl Pts',(15.8029285187206,15.0536775465753,29.500453564778));
#10803=CARTESIAN_POINT('Ctrl Pts',(16.2497491171935,15.5181243670853,29.500453564778));
#10804=CARTESIAN_POINT('Ctrl Pts',(16.2388383101734,16.0792547455227,29.500453564778));
#10805=CARTESIAN_POINT('',(14.2053097589722,16.0399784107637,29.500453564778));
#10806=CARTESIAN_POINT('Ctrl Pts',(14.2053097589722,16.0399784107637,29.500453564778));
#10807=CARTESIAN_POINT('Ctrl Pts',(14.2162205659922,15.4788480323264,29.500453564778));
#10808=CARTESIAN_POINT('Ctrl Pts',(14.6806623739249,15.0320249783294,29.500453564778));
#10809=CARTESIAN_POINT('Ctrl Pts',(15.2417954463227,15.0429357827684,29.500453564778));
#10810=CARTESIAN_POINT('Ctrl Pts',(15.2025165410504,17.0764664141502,29.500453564778));
#10811=CARTESIAN_POINT('Ctrl Pts',(14.6413937135418,17.0655556097111,29.500453564778));
#10812=CARTESIAN_POINT('Ctrl Pts',(14.1945628701796,16.6011087892011,29.500453564778));
#10813=CARTESIAN_POINT('Ctrl Pts',(14.2053097589722,16.0399784107637,29.500453564778));
#10814=CARTESIAN_POINT('Origin',(14.339763685105,18.5943539644743,30.000453564778));
#10815=CARTESIAN_POINT('',(14.339763685105,18.5943539644743,29.9999999999999));
#10816=CARTESIAN_POINT('',(14.2947783765368,20.9219589489278,29.9999999999999));
#10817=CARTESIAN_POINT('',(14.5177983613628,9.38258209822607,30.));
#10818=CARTESIAN_POINT('',(14.339763685105,18.5943539644743,30.000453564778));
#10819=CARTESIAN_POINT('',(14.2947783765368,20.9219589489278,30.000453564778));
#10820=CARTESIAN_POINT('Origin',(14.2947783765368,20.9219589489278,30.000453564778));
#10821=CARTESIAN_POINT('',(15.9504651683883,21.4869516496877,29.9999999999999));
#10822=CARTESIAN_POINT('',(7.3188999370083,18.5414843210456,30.));
#10823=CARTESIAN_POINT('',(15.9504651683883,21.4869516496877,30.000453564778));
#10824=CARTESIAN_POINT('Origin',(15.9504651683883,21.4869516496877,30.000453564778));
#10825=CARTESIAN_POINT('',(16.0058592844048,18.6265818171168,29.9999999999999));
#10826=CARTESIAN_POINT('',(16.156554169087,10.8451939538406,30.));
#10827=CARTESIAN_POINT('',(16.0058592844048,18.6265818171168,30.000453564778));
#10828=CARTESIAN_POINT('Ctrl Pts',(16.2388383101734,16.0792547455227,30.000453564778));
#10829=CARTESIAN_POINT('Ctrl Pts',(16.2388383101734,16.0792547455227,29.500453564778));
#10830=CARTESIAN_POINT('Ctrl Pts',(16.2281016662701,16.6403851239601,30.000453564778));
#10831=CARTESIAN_POINT('Ctrl Pts',(16.2281016662701,16.6403851239601,29.500453564778));
#10832=CARTESIAN_POINT('Ctrl Pts',(15.7636496134483,17.0872081779571,30.000453564778));
#10833=CARTESIAN_POINT('Ctrl Pts',(15.7636496134483,17.0872081779571,29.500453564778));
#10834=CARTESIAN_POINT('Ctrl Pts',(15.2025165410504,17.0764664141502,30.000453564778));
#10835=CARTESIAN_POINT('Ctrl Pts',(15.2025165410504,17.0764664141502,29.500453564778));
#10836=CARTESIAN_POINT('',(16.2388383101734,16.0792547455227,29.9999999999999));
#10837=CARTESIAN_POINT('',(15.2025165410504,17.0764664141502,29.9999999999999));
#10838=CARTESIAN_POINT('Ctrl Pts',(16.2388383101734,16.0792547455227,29.9999999999999));
#10839=CARTESIAN_POINT('Ctrl Pts',(16.2281016662701,16.6403851239601,29.9999999999999));
#10840=CARTESIAN_POINT('Ctrl Pts',(15.7636496134483,17.0872081779571,29.9999999999999));
#10841=CARTESIAN_POINT('Ctrl Pts',(15.2025165410504,17.0764664141502,29.9999999999999));
#10842=CARTESIAN_POINT('',(16.2388383101734,16.0792547455227,30.000453564778));
#10843=CARTESIAN_POINT('',(15.2025165410504,17.0764664141502,30.000453564778));
#10844=CARTESIAN_POINT('Ctrl Pts',(15.2025165410504,17.0764664141502,30.000453564778));
#10845=CARTESIAN_POINT('Ctrl Pts',(15.2025165410504,17.0764664141502,29.500453564778));
#10846=CARTESIAN_POINT('Ctrl Pts',(14.6413937135418,17.0655556097111,30.000453564778));
#10847=CARTESIAN_POINT('Ctrl Pts',(14.6413937135418,17.0655556097111,29.500453564778));
#10848=CARTESIAN_POINT('Ctrl Pts',(14.1945628701796,16.6011087892011,30.000453564778));
#10849=CARTESIAN_POINT('Ctrl Pts',(14.1945628701796,16.6011087892011,29.500453564778));
#10850=CARTESIAN_POINT('Ctrl Pts',(14.2053097589722,16.0399784107637,30.000453564778));
#10851=CARTESIAN_POINT('Ctrl Pts',(14.2053097589722,16.0399784107637,29.500453564778));
#10852=CARTESIAN_POINT('',(14.2053097589722,16.0399784107637,29.9999999999999));
#10853=CARTESIAN_POINT('Ctrl Pts',(15.2025165410504,17.0764664141502,29.9999999999999));
#10854=CARTESIAN_POINT('Ctrl Pts',(14.6413937135418,17.0655556097111,29.9999999999999));
#10855=CARTESIAN_POINT('Ctrl Pts',(14.1945628701796,16.6011087892011,29.9999999999999));
#10856=CARTESIAN_POINT('Ctrl Pts',(14.2053097589722,16.0399784107637,29.9999999999999));
#10857=CARTESIAN_POINT('',(14.2053097589722,16.0399784107637,30.000453564778));
#10858=CARTESIAN_POINT('Ctrl Pts',(12.5393780778999,16.0077505581213,30.000453564778));
#10859=CARTESIAN_POINT('Ctrl Pts',(12.5393780778999,16.0077505581213,29.500453564778));
#10860=CARTESIAN_POINT('Ctrl Pts',(12.5162143833719,17.1976557412965,30.000453564778));
#10861=CARTESIAN_POINT('Ctrl Pts',(12.5162143833719,17.1976557412965,29.500453564778));
#10862=CARTESIAN_POINT('Ctrl Pts',(13.2732297376701,18.2227283795691,30.000453564778));
#10863=CARTESIAN_POINT('Ctrl Pts',(13.2732297376701,18.2227283795691,29.500453564778));
#10864=CARTESIAN_POINT('Ctrl Pts',(14.339763685105,18.5943539644743,30.000453564778));
#10865=CARTESIAN_POINT('Ctrl Pts',(14.339763685105,18.5943539644743,29.500453564778));
#10866=CARTESIAN_POINT('',(12.5393780778999,16.0077505581213,29.9999999999999));
#10867=CARTESIAN_POINT('Ctrl Pts',(12.5393780778999,16.0077505581213,29.9999999999999));
#10868=CARTESIAN_POINT('Ctrl Pts',(12.5162143833719,17.1976557412965,29.9999999999999));
#10869=CARTESIAN_POINT('Ctrl Pts',(13.2732297376701,18.2227283795691,29.9999999999999));
#10870=CARTESIAN_POINT('Ctrl Pts',(14.339763685105,18.5943539644743,29.9999999999999));
#10871=CARTESIAN_POINT('',(12.5393780778999,16.0077505581213,30.000453564778));
#10872=CARTESIAN_POINT('Ctrl Pts',(15.2740258678111,13.3768354551484,30.000453564778));
#10873=CARTESIAN_POINT('Ctrl Pts',(15.2740258678111,13.3768354551484,29.500453564778));
#10874=CARTESIAN_POINT('Ctrl Pts',(13.7932295798467,13.3481318435642,30.000453564778));
#10875=CARTESIAN_POINT('Ctrl Pts',(13.7932295798467,13.3481318435642,29.500453564778));
#10876=CARTESIAN_POINT('Ctrl Pts',(12.5679100943797,14.5271262223004,30.000453564778));
#10877=CARTESIAN_POINT('Ctrl Pts',(12.5679100943797,14.5271262223004,29.500453564778));
#10878=CARTESIAN_POINT('Ctrl Pts',(12.5393780778999,16.0077505581213,30.000453564778));
#10879=CARTESIAN_POINT('Ctrl Pts',(12.5393780778999,16.0077505581213,29.500453564778));
#10880=CARTESIAN_POINT('',(15.2740258678111,13.3768354551484,29.9999999999999));
#10881=CARTESIAN_POINT('Ctrl Pts',(15.2740258678111,13.3768354551484,29.9999999999999));
#10882=CARTESIAN_POINT('Ctrl Pts',(13.7932295798467,13.3481318435642,29.9999999999999));
#10883=CARTESIAN_POINT('Ctrl Pts',(12.5679100943797,14.5271262223004,29.9999999999999));
#10884=CARTESIAN_POINT('Ctrl Pts',(12.5393780778999,16.0077505581213,29.9999999999999));
#10885=CARTESIAN_POINT('',(15.2740258678111,13.3768354551484,30.000453564778));
#10886=CARTESIAN_POINT('Ctrl Pts',(17.9049441543624,16.1114825981652,30.000453564778));
#10887=CARTESIAN_POINT('Ctrl Pts',(17.9049441543624,16.1114825981652,29.500453564778));
#10888=CARTESIAN_POINT('Ctrl Pts',(17.9336400890697,14.6308582623443,30.000453564778));
#10889=CARTESIAN_POINT('Ctrl Pts',(17.9336400890697,14.6308582623443,29.500453564778));
#10890=CARTESIAN_POINT('Ctrl Pts',(16.7546479926588,13.4053700261005,30.000453564778));
#10891=CARTESIAN_POINT('Ctrl Pts',(16.7546479926588,13.4053700261005,29.500453564778));
#10892=CARTESIAN_POINT('Ctrl Pts',(15.2740258678111,13.3768354551484,30.000453564778));
#10893=CARTESIAN_POINT('Ctrl Pts',(15.2740258678111,13.3768354551484,29.500453564778));
#10894=CARTESIAN_POINT('',(17.9049441543624,16.1114825981652,29.9999999999999));
#10895=CARTESIAN_POINT('Ctrl Pts',(17.9049441543624,16.1114825981652,29.9999999999999));
#10896=CARTESIAN_POINT('Ctrl Pts',(17.9336400890697,14.6308582623443,29.9999999999999));
#10897=CARTESIAN_POINT('Ctrl Pts',(16.7546479926588,13.4053700261005,29.9999999999999));
#10898=CARTESIAN_POINT('Ctrl Pts',(15.2740258678111,13.3768354551484,29.9999999999999));
#10899=CARTESIAN_POINT('',(17.9049441543624,16.1114825981652,30.000453564778));
#10900=CARTESIAN_POINT('Ctrl Pts',(16.0058592844048,18.6265818171168,30.000453564778));
#10901=CARTESIAN_POINT('Ctrl Pts',(16.0058592844048,18.6265818171168,29.500453564778));
#10902=CARTESIAN_POINT('Ctrl Pts',(17.0859881998357,18.2964147278584,30.000453564778));
#10903=CARTESIAN_POINT('Ctrl Pts',(17.0859881998357,18.2964147278584,29.500453564778));
#10904=CARTESIAN_POINT('Ctrl Pts',(17.8819443780619,17.3013877813404,30.000453564778));
#10905=CARTESIAN_POINT('Ctrl Pts',(17.8819443780619,17.3013877813404,29.500453564778));
#10906=CARTESIAN_POINT('Ctrl Pts',(17.9049441543624,16.1114825981652,30.000453564778));
#10907=CARTESIAN_POINT('Ctrl Pts',(17.9049441543624,16.1114825981652,29.500453564778));
#10908=CARTESIAN_POINT('Ctrl Pts',(16.0058592844048,18.6265818171168,29.9999999999999));
#10909=CARTESIAN_POINT('Ctrl Pts',(17.0859881998357,18.2964147278584,29.9999999999999));
#10910=CARTESIAN_POINT('Ctrl Pts',(17.8819443780619,17.3013877813404,29.9999999999999));
#10911=CARTESIAN_POINT('Ctrl Pts',(17.9049441543624,16.1114825981652,29.9999999999999));
#10912=CARTESIAN_POINT('Ctrl Pts',(15.2417954463227,15.0429357827684,30.000453564778));
#10913=CARTESIAN_POINT('Ctrl Pts',(15.2417954463227,15.0429357827684,29.500453564778));
#10914=CARTESIAN_POINT('Ctrl Pts',(15.8029285187206,15.0536775465753,30.000453564778));
#10915=CARTESIAN_POINT('Ctrl Pts',(15.8029285187206,15.0536775465753,29.500453564778));
#10916=CARTESIAN_POINT('Ctrl Pts',(16.2497491171935,15.5181243670853,30.000453564778));
#10917=CARTESIAN_POINT('Ctrl Pts',(16.2497491171935,15.5181243670853,29.500453564778));
#10918=CARTESIAN_POINT('Ctrl Pts',(16.2388383101734,16.0792547455227,30.000453564778));
#10919=CARTESIAN_POINT('Ctrl Pts',(16.2388383101734,16.0792547455227,29.500453564778));
#10920=CARTESIAN_POINT('',(15.2417954463227,15.0429357827684,29.9999999999999));
#10921=CARTESIAN_POINT('Ctrl Pts',(15.2417954463227,15.0429357827684,29.9999999999999));
#10922=CARTESIAN_POINT('Ctrl Pts',(15.8029285187206,15.0536775465753,29.9999999999999));
#10923=CARTESIAN_POINT('Ctrl Pts',(16.2497491171935,15.5181243670853,29.9999999999999));
#10924=CARTESIAN_POINT('Ctrl Pts',(16.2388383101734,16.0792547455227,29.9999999999999));
#10925=CARTESIAN_POINT('',(15.2417954463227,15.0429357827684,30.000453564778));
#10926=CARTESIAN_POINT('Ctrl Pts',(14.2053097589722,16.0399784107637,30.000453564778));
#10927=CARTESIAN_POINT('Ctrl Pts',(14.2053097589722,16.0399784107637,29.500453564778));
#10928=CARTESIAN_POINT('Ctrl Pts',(14.2162205659922,15.4788480323264,30.000453564778));
#10929=CARTESIAN_POINT('Ctrl Pts',(14.2162205659922,15.4788480323264,29.500453564778));
#10930=CARTESIAN_POINT('Ctrl Pts',(14.6806623739249,15.0320249783293,30.000453564778));
#10931=CARTESIAN_POINT('Ctrl Pts',(14.6806623739249,15.0320249783293,29.500453564778));
#10932=CARTESIAN_POINT('Ctrl Pts',(15.2417954463227,15.0429357827684,30.000453564778));
#10933=CARTESIAN_POINT('Ctrl Pts',(15.2417954463227,15.0429357827684,29.500453564778));
#10934=CARTESIAN_POINT('Ctrl Pts',(14.2053097589722,16.0399784107637,29.9999999999999));
#10935=CARTESIAN_POINT('Ctrl Pts',(14.2162205659922,15.4788480323264,29.9999999999999));
#10936=CARTESIAN_POINT('Ctrl Pts',(14.6806623739249,15.0320249783293,29.9999999999999));
#10937=CARTESIAN_POINT('Ctrl Pts',(15.2417954463227,15.0429357827684,29.9999999999999));
#10938=CARTESIAN_POINT('Origin',(5.85786437626904,0.,30.));
#10939=CARTESIAN_POINT('Ctrl Pts',(15.9133217832635,32.9175464387877,30.0004535647781));
#10940=CARTESIAN_POINT('Ctrl Pts',(15.9133217832635,32.9175464387877,29.5004535647781));
#10941=CARTESIAN_POINT('Ctrl Pts',(15.9024737793855,33.4786060392744,30.0004535647781));
#10942=CARTESIAN_POINT('Ctrl Pts',(15.9024737793855,33.4786060392744,29.5004535647781));
#10943=CARTESIAN_POINT('Ctrl Pts',(15.4380830400687,33.9253785356643,30.0004535647781));
#10944=CARTESIAN_POINT('Ctrl Pts',(15.4380830400687,33.9253785356643,29.5004535647781));
#10945=CARTESIAN_POINT('Ctrl Pts',(14.87702283283,33.9145302750396,30.0004535647781));
#10946=CARTESIAN_POINT('Ctrl Pts',(14.87702283283,33.9145302750396,29.5004535647781));
#10947=CARTESIAN_POINT('',(15.9133217832635,32.9175464387877,29.9999999999999));
#10948=CARTESIAN_POINT('',(14.87702283283,33.9145302750396,29.9999999999999));
#10949=CARTESIAN_POINT('Ctrl Pts',(15.9133217832635,32.9175464387877,29.9999999999999));
#10950=CARTESIAN_POINT('Ctrl Pts',(15.9024737793855,33.4786060392744,29.9999999999999));
#10951=CARTESIAN_POINT('Ctrl Pts',(15.4380830400687,33.9253785356643,29.9999999999999));
#10952=CARTESIAN_POINT('Ctrl Pts',(14.87702283283,33.9145302750396,29.9999999999999));
#10953=CARTESIAN_POINT('',(15.9133217832635,32.9175464387877,29.5004535647781));
#10954=CARTESIAN_POINT('',(15.9133217832635,32.9175464387877,30.0004535647781));
#10955=CARTESIAN_POINT('',(14.87702283283,33.9145302750396,29.5004535647781));
#10956=CARTESIAN_POINT('Ctrl Pts',(15.9133217832635,32.9175464387877,29.5004535647781));
#10957=CARTESIAN_POINT('Ctrl Pts',(15.9024737793855,33.4786060392744,29.5004535647781));
#10958=CARTESIAN_POINT('Ctrl Pts',(15.4380830400687,33.9253785356643,29.5004535647781));
#10959=CARTESIAN_POINT('Ctrl Pts',(14.87702283283,33.9145302750396,29.5004535647781));
#10960=CARTESIAN_POINT('',(14.87702283283,33.9145302750396,30.0004535647781));
#10961=CARTESIAN_POINT('Ctrl Pts',(14.87702283283,33.9145302750396,30.0004535647781));
#10962=CARTESIAN_POINT('Ctrl Pts',(14.87702283283,33.9145302750396,29.5004535647781));
#10963=CARTESIAN_POINT('Ctrl Pts',(14.3157836431109,33.9036785537372,30.0004535647781));
#10964=CARTESIAN_POINT('Ctrl Pts',(14.3157836431109,33.9036785537372,29.5004535647781));
#10965=CARTESIAN_POINT('Ctrl Pts',(13.869010780524,33.4392884467993,30.0004535647781));
#10966=CARTESIAN_POINT('Ctrl Pts',(13.869010780524,33.4392884467993,29.5004535647781));
#10967=CARTESIAN_POINT('Ctrl Pts',(13.879858784402,32.8782288463125,30.0004535647781));
#10968=CARTESIAN_POINT('Ctrl Pts',(13.879858784402,32.8782288463126,29.5004535647781));
#10969=CARTESIAN_POINT('',(13.879858784402,32.8782288463125,29.9999999999999));
#10970=CARTESIAN_POINT('Ctrl Pts',(14.87702283283,33.9145302750396,29.9999999999999));
#10971=CARTESIAN_POINT('Ctrl Pts',(14.3157836431109,33.9036785537372,29.9999999999999));
#10972=CARTESIAN_POINT('Ctrl Pts',(13.869010780524,33.4392884467993,29.9999999999999));
#10973=CARTESIAN_POINT('Ctrl Pts',(13.879858784402,32.8782288463125,29.9999999999999));
#10974=CARTESIAN_POINT('',(13.879858784402,32.8782288463126,29.5004535647781));
#10975=CARTESIAN_POINT('Ctrl Pts',(14.87702283283,33.9145302750396,29.5004535647781));
#10976=CARTESIAN_POINT('Ctrl Pts',(14.3157836431109,33.9036785537372,29.5004535647781));
#10977=CARTESIAN_POINT('Ctrl Pts',(13.869010780524,33.4392884467993,29.5004535647781));
#10978=CARTESIAN_POINT('Ctrl Pts',(13.879858784402,32.8782288463126,29.5004535647781));
#10979=CARTESIAN_POINT('',(13.879858784402,32.8782288463125,30.0004535647781));
#10980=CARTESIAN_POINT('Ctrl Pts',(13.6102504451525,30.5428427980523,30.0004535647781));
#10981=CARTESIAN_POINT('Ctrl Pts',(13.6102504451525,30.5428427980523,29.5004535647781));
#10982=CARTESIAN_POINT('Ctrl Pts',(12.7941859515432,30.989981478621,30.0004535647781));
#10983=CARTESIAN_POINT('Ctrl Pts',(12.7941859515432,30.989981478621,29.5004535647781));
#10984=CARTESIAN_POINT('Ctrl Pts',(12.2329557211492,31.849608020428,30.0004535647781));
#10985=CARTESIAN_POINT('Ctrl Pts',(12.2329557211492,31.849608020428,29.5004535647781));
#10986=CARTESIAN_POINT('Ctrl Pts',(12.2136903791446,32.8460130005413,30.0004535647781));
#10987=CARTESIAN_POINT('Ctrl Pts',(12.2136903791446,32.8460130005413,29.5004535647781));
#10988=CARTESIAN_POINT('',(13.6102504451525,30.5428427980523,29.9999999999999));
#10989=CARTESIAN_POINT('',(12.2136903791446,32.8460130005413,29.9999999999999));
#10990=CARTESIAN_POINT('Ctrl Pts',(13.6102504451525,30.5428427980523,29.9999999999999));
#10991=CARTESIAN_POINT('Ctrl Pts',(12.7941859515432,30.989981478621,29.9999999999999));
#10992=CARTESIAN_POINT('Ctrl Pts',(12.2329557211492,31.849608020428,29.9999999999999));
#10993=CARTESIAN_POINT('Ctrl Pts',(12.2136903791446,32.8460130005413,29.9999999999999));
#10994=CARTESIAN_POINT('',(13.6102504451525,30.5428427980523,29.5004535647781));
#10995=CARTESIAN_POINT('',(13.6102504451525,30.5428427980523,30.0004535647781));
#10996=CARTESIAN_POINT('',(12.2136903791446,32.8460130005413,29.5004535647781));
#10997=CARTESIAN_POINT('Ctrl Pts',(13.6102504451525,30.5428427980523,29.5004535647781));
#10998=CARTESIAN_POINT('Ctrl Pts',(12.7941859515432,30.989981478621,29.5004535647781));
#10999=CARTESIAN_POINT('Ctrl Pts',(12.2329557211492,31.849608020428,29.5004535647781));
#11000=CARTESIAN_POINT('Ctrl Pts',(12.2136903791446,32.8460130005413,29.5004535647781));
#11001=CARTESIAN_POINT('',(12.2136903791446,32.8460130005413,30.0004535647781));
#11002=CARTESIAN_POINT('Ctrl Pts',(12.2136903791446,32.8460130005413,30.0004535647781));
#11003=CARTESIAN_POINT('Ctrl Pts',(12.2136903791446,32.8460130005413,29.5004535647781));
#11004=CARTESIAN_POINT('Ctrl Pts',(12.185062447815,34.3266518254515,30.0004535647781));
#11005=CARTESIAN_POINT('Ctrl Pts',(12.185062447815,34.3266518254515,29.5004535647781));
#11006=CARTESIAN_POINT('Ctrl Pts',(13.3639886824715,35.5520648154801,30.0004535647781));
#11007=CARTESIAN_POINT('Ctrl Pts',(13.3639886824715,35.5520648154802,29.5004535647781));
#11008=CARTESIAN_POINT('Ctrl Pts',(14.8448077495138,35.5806968784387,30.0004535647781));
#11009=CARTESIAN_POINT('Ctrl Pts',(14.8448077495138,35.5806968784387,29.5004535647781));
#11010=CARTESIAN_POINT('',(14.8448077495138,35.5806968784387,29.9999999999999));
#11011=CARTESIAN_POINT('Ctrl Pts',(12.2136903791446,32.8460130005413,29.9999999999999));
#11012=CARTESIAN_POINT('Ctrl Pts',(12.185062447815,34.3266518254515,29.9999999999999));
#11013=CARTESIAN_POINT('Ctrl Pts',(13.3639886824715,35.5520648154801,29.9999999999999));
#11014=CARTESIAN_POINT('Ctrl Pts',(14.8448077495138,35.5806968784387,29.9999999999999));
#11015=CARTESIAN_POINT('',(14.8448077495138,35.5806968784387,29.5004535647781));
#11016=CARTESIAN_POINT('Ctrl Pts',(12.2136903791446,32.8460130005413,29.5004535647781));
#11017=CARTESIAN_POINT('Ctrl Pts',(12.185062447815,34.3266518254515,29.5004535647781));
#11018=CARTESIAN_POINT('Ctrl Pts',(13.3639886824715,35.5520648154802,29.5004535647781));
#11019=CARTESIAN_POINT('Ctrl Pts',(14.8448077495138,35.5806968784387,29.5004535647781));
#11020=CARTESIAN_POINT('',(14.8448077495138,35.5806968784387,30.0004535647781));
#11021=CARTESIAN_POINT('Ctrl Pts',(14.8448077495138,35.5806968784387,30.0004535647781));
#11022=CARTESIAN_POINT('Ctrl Pts',(14.8448077495138,35.5806968784387,29.5004535647781));
#11023=CARTESIAN_POINT('Ctrl Pts',(16.3254485172148,35.6093254939282,30.0004535647781));
#11024=CARTESIAN_POINT('Ctrl Pts',(16.3254485172148,35.6093254939282,29.5004535647781));
#11025=CARTESIAN_POINT('Ctrl Pts',(17.5508619156216,34.4304011028648,30.0004535647781));
#11026=CARTESIAN_POINT('Ctrl Pts',(17.5508619156216,34.4304011028648,29.5004535647781));
#11027=CARTESIAN_POINT('Ctrl Pts',(17.5794898469512,32.9497622779546,30.0004535647781));
#11028=CARTESIAN_POINT('Ctrl Pts',(17.5794898469512,32.9497622779546,29.5004535647781));
#11029=CARTESIAN_POINT('',(17.5794898469512,32.9497622779546,29.9999999999999));
#11030=CARTESIAN_POINT('Ctrl Pts',(14.8448077495138,35.5806968784387,29.9999999999999));
#11031=CARTESIAN_POINT('Ctrl Pts',(16.3254485172148,35.6093254939282,29.9999999999999));
#11032=CARTESIAN_POINT('Ctrl Pts',(17.5508619156216,34.4304011028648,29.9999999999999));
#11033=CARTESIAN_POINT('Ctrl Pts',(17.5794898469512,32.9497622779546,29.9999999999999));
#11034=CARTESIAN_POINT('',(17.5794898469512,32.9497622779546,29.5004535647781));
#11035=CARTESIAN_POINT('Ctrl Pts',(14.8448077495138,35.5806968784387,29.5004535647781));
#11036=CARTESIAN_POINT('Ctrl Pts',(16.3254485172148,35.6093254939282,29.5004535647781));
#11037=CARTESIAN_POINT('Ctrl Pts',(17.5508619156216,34.4304011028648,29.5004535647781));
#11038=CARTESIAN_POINT('Ctrl Pts',(17.5794898469512,32.9497622779546,29.5004535647781));
#11039=CARTESIAN_POINT('',(17.5794898469512,32.9497622779546,30.0004535647781));
#11040=CARTESIAN_POINT('Ctrl Pts',(14.9163395013768,31.8810691336735,30.0004535647781));
#11041=CARTESIAN_POINT('Ctrl Pts',(14.9163395013768,31.8810691336735,29.5004535647781));
#11042=CARTESIAN_POINT('Ctrl Pts',(15.4773997086155,31.8919173942981,30.0004535647781));
#11043=CARTESIAN_POINT('Ctrl Pts',(15.4773997086155,31.8919173942981,29.5004535647781));
#11044=CARTESIAN_POINT('Ctrl Pts',(15.9241732543416,32.3563075144448,30.0004535647781));
#11045=CARTESIAN_POINT('Ctrl Pts',(15.9241732543416,32.3563075144448,29.5004535647781));
#11046=CARTESIAN_POINT('Ctrl Pts',(15.9133217832635,32.9175464387877,30.0004535647781));
#11047=CARTESIAN_POINT('Ctrl Pts',(15.9133217832635,32.9175464387877,29.5004535647781));
#11048=CARTESIAN_POINT('',(14.9163395013768,31.8810691336735,29.9999999999999));
#11049=CARTESIAN_POINT('Ctrl Pts',(14.9163395013768,31.8810691336735,29.9999999999999));
#11050=CARTESIAN_POINT('Ctrl Pts',(15.4773997086155,31.8919173942981,29.9999999999999));
#11051=CARTESIAN_POINT('Ctrl Pts',(15.9241732543416,32.3563075144448,29.9999999999999));
#11052=CARTESIAN_POINT('Ctrl Pts',(15.9133217832635,32.9175464387877,29.9999999999999));
#11053=CARTESIAN_POINT('',(14.9163395013768,31.8810691336735,29.5004535647781));
#11054=CARTESIAN_POINT('',(14.9163395013768,31.8810691336735,30.0004535647781));
#11055=CARTESIAN_POINT('Ctrl Pts',(14.9163395013768,31.8810691336735,29.5004535647781));
#11056=CARTESIAN_POINT('Ctrl Pts',(15.4773997086155,31.8919173942981,29.5004535647781));
#11057=CARTESIAN_POINT('Ctrl Pts',(15.9241732543416,32.3563075144448,29.5004535647781));
#11058=CARTESIAN_POINT('Ctrl Pts',(15.9133217832635,32.9175464387877,29.5004535647781));
#11059=CARTESIAN_POINT('Ctrl Pts',(13.879858784402,32.8782288463125,30.0004535647781));
#11060=CARTESIAN_POINT('Ctrl Pts',(13.879858784402,32.8782288463126,29.5004535647781));
#11061=CARTESIAN_POINT('Ctrl Pts',(13.8907102554801,32.3169899219696,30.0004535647781));
#11062=CARTESIAN_POINT('Ctrl Pts',(13.8907102554801,32.3169899219696,29.5004535647781));
#11063=CARTESIAN_POINT('Ctrl Pts',(14.3551003116576,31.8702174123711,30.0004535647781));
#11064=CARTESIAN_POINT('Ctrl Pts',(14.3551003116576,31.8702174123711,29.5004535647781));
#11065=CARTESIAN_POINT('Ctrl Pts',(14.9163395013768,31.8810691336735,30.0004535647781));
#11066=CARTESIAN_POINT('Ctrl Pts',(14.9163395013768,31.8810691336735,29.5004535647781));
#11067=CARTESIAN_POINT('Ctrl Pts',(13.879858784402,32.8782288463125,29.9999999999999));
#11068=CARTESIAN_POINT('Ctrl Pts',(13.8907102554801,32.3169899219696,29.9999999999999));
#11069=CARTESIAN_POINT('Ctrl Pts',(14.3551003116576,31.8702174123711,29.9999999999999));
#11070=CARTESIAN_POINT('Ctrl Pts',(14.9163395013768,31.8810691336735,29.9999999999999));
#11071=CARTESIAN_POINT('Ctrl Pts',(13.879858784402,32.8782288463126,29.5004535647781));
#11072=CARTESIAN_POINT('Ctrl Pts',(13.8907102554801,32.3169899219696,29.5004535647781));
#11073=CARTESIAN_POINT('Ctrl Pts',(14.3551003116576,31.8702174123711,29.5004535647781));
#11074=CARTESIAN_POINT('Ctrl Pts',(14.9163395013768,31.8810691336735,29.5004535647781));
#11075=CARTESIAN_POINT('Origin',(17.3542853529024,31.8201817382379,30.0004535647781));
#11076=CARTESIAN_POINT('',(17.3542853529024,31.8201817382379,29.9999999999999));
#11077=CARTESIAN_POINT('',(7.34330907196132,28.4047729218161,30.));
#11078=CARTESIAN_POINT('',(17.3542853529024,31.8201817382379,29.5004535647781));
#11079=CARTESIAN_POINT('',(17.3542853529024,31.8201817382379,30.0004535647781));
#11080=CARTESIAN_POINT('',(17.3542853529024,31.8201817382379,29.5004535647781));
#11081=CARTESIAN_POINT('Ctrl Pts',(17.5794898469512,32.9497622779546,30.0004535647781));
#11082=CARTESIAN_POINT('Ctrl Pts',(17.5794898469512,32.9497622779546,29.5004535647781));
#11083=CARTESIAN_POINT('Ctrl Pts',(17.5872562298215,32.5480843545839,30.0004535647781));
#11084=CARTESIAN_POINT('Ctrl Pts',(17.5872562298215,32.5480843545839,29.5004535647781));
#11085=CARTESIAN_POINT('Ctrl Pts',(17.5061585779685,32.1652901533544,30.0004535647781));
#11086=CARTESIAN_POINT('Ctrl Pts',(17.5061585779685,32.1652901533544,29.5004535647781));
#11087=CARTESIAN_POINT('Ctrl Pts',(17.3542853529024,31.8201817382379,30.0004535647781));
#11088=CARTESIAN_POINT('Ctrl Pts',(17.3542853529024,31.8201817382379,29.5004535647781));
#11089=CARTESIAN_POINT('Ctrl Pts',(17.5794898469512,32.9497622779546,29.9999999999999));
#11090=CARTESIAN_POINT('Ctrl Pts',(17.5872562298215,32.5480843545839,29.9999999999999));
#11091=CARTESIAN_POINT('Ctrl Pts',(17.5061585779685,32.1652901533544,29.9999999999999));
#11092=CARTESIAN_POINT('Ctrl Pts',(17.3542853529024,31.8201817382379,29.9999999999999));
#11093=CARTESIAN_POINT('Ctrl Pts',(17.5794898469512,32.9497622779546,29.5004535647781));
#11094=CARTESIAN_POINT('Ctrl Pts',(17.5872562298215,32.5480843545839,29.5004535647781));
#11095=CARTESIAN_POINT('Ctrl Pts',(17.5061585779685,32.1652901533544,29.5004535647781));
#11096=CARTESIAN_POINT('Ctrl Pts',(17.3542853529024,31.8201817382379,29.5004535647781));
#11097=CARTESIAN_POINT('Origin',(14.7778644825766,33.1048507417487,29.5004535647781));
#11098=CARTESIAN_POINT('Origin',(5.85786437626904,0.,30.));
#11099=CARTESIAN_POINT('Origin',(15.0279948531753,26.0994033029451,29.5004535647781));
#11100=CARTESIAN_POINT('',(15.8257541319044,27.9430513605843,29.5004535647781));
#11101=CARTESIAN_POINT('',(15.8860145703007,24.8204969463199,29.500453564778));
#11102=CARTESIAN_POINT('',(15.8257541319044,27.9430513605843,29.5004535647781));
#11103=CARTESIAN_POINT('',(14.1698931769361,27.3782277004566,29.5004535647781));
#11104=CARTESIAN_POINT('',(14.1698931769361,27.3782277004566,29.5004535647781));
#11105=CARTESIAN_POINT('',(14.23031753356,24.2556732861921,29.500453564778));
#11106=CARTESIAN_POINT('',(14.23031753356,24.2556732861921,29.500453564778));
#11107=CARTESIAN_POINT('',(15.8860145703007,24.8204969463199,29.500453564778));
#11108=CARTESIAN_POINT('Origin',(15.8257541319044,27.9430513605843,30.0004535647781));
#11109=CARTESIAN_POINT('',(15.8257541319044,27.9430513605843,29.9999999999999));
#11110=CARTESIAN_POINT('',(15.8860145703007,24.8204969463199,29.9999999999999));
#11111=CARTESIAN_POINT('',(16.0934269644786,14.0728737253647,30.));
#11112=CARTESIAN_POINT('',(15.8257541319044,27.9430513605843,30.0004535647781));
#11113=CARTESIAN_POINT('',(15.8860145703007,24.8204969463199,30.000453564778));
#11114=CARTESIAN_POINT('Origin',(15.8860145703007,24.8204969463199,30.000453564778));
#11115=CARTESIAN_POINT('',(14.23031753356,24.2556732861921,29.9999999999999));
#11116=CARTESIAN_POINT('',(7.60233617976515,21.9946070376963,30.));
#11117=CARTESIAN_POINT('',(14.23031753356,24.2556732861921,30.000453564778));
#11118=CARTESIAN_POINT('Origin',(14.1698931769361,27.3782277004566,30.0004535647781));
#11119=CARTESIAN_POINT('',(14.1698931769361,27.3782277004566,29.9999999999999));
#11120=CARTESIAN_POINT('',(6.26428569102292,24.6815796864254,30.));
#11121=CARTESIAN_POINT('',(14.1698931769361,27.3782277004566,30.0004535647781));
#11122=CARTESIAN_POINT('Origin',(14.23031753356,24.2556732861921,30.000453564778));
#11123=CARTESIAN_POINT('',(14.4633477179734,12.2133534063728,30.));
#11124=CARTESIAN_POINT('Origin',(18.6722371200632,18.7795374406259,29.500453564778));
#11125=CARTESIAN_POINT('',(18.0313353526786,17.1671054888672,29.500453564778));
#11126=CARTESIAN_POINT('',(16.3370355733542,18.8657691891722,29.500453564778));
#11127=CARTESIAN_POINT('Ctrl Pts',(18.0313353526786,17.1671054888672,29.500453564778));
#11128=CARTESIAN_POINT('Ctrl Pts',(17.7253410014338,17.9420799506452,29.500453564778));
#11129=CARTESIAN_POINT('Ctrl Pts',(17.1083118134476,18.5586018707736,29.500453564778));
#11130=CARTESIAN_POINT('Ctrl Pts',(16.3370355733542,18.8657691891722,29.500453564778));
#11131=CARTESIAN_POINT('',(19.358038261874,16.7593922902186,29.500453564778));
#11132=CARTESIAN_POINT('',(19.358038261874,16.7593922902186,29.500453564778));
#11133=CARTESIAN_POINT('',(20.9230885187897,17.5884162135173,29.500453564778));
#11134=CARTESIAN_POINT('Ctrl Pts',(20.9230885187897,17.5884162135173,29.500453564778));
#11135=CARTESIAN_POINT('Ctrl Pts',(20.7198196717612,16.9272445155048,29.500453564778));
#11136=CARTESIAN_POINT('Ctrl Pts',(20.0192126775123,16.5562925319065,29.500453564778));
#11137=CARTESIAN_POINT('Ctrl Pts',(19.358038261874,16.7593922902186,29.500453564778));
#11138=CARTESIAN_POINT('',(20.0937340017039,19.1534686614343,29.500453564778));
#11139=CARTESIAN_POINT('Ctrl Pts',(20.0937340017039,19.1534686614343,29.500453564778));
#11140=CARTESIAN_POINT('Ctrl Pts',(20.7549084173422,18.9501998624901,29.500453564778));
#11141=CARTESIAN_POINT('Ctrl Pts',(21.1261934475907,18.2499208703507,29.500453564778));
#11142=CARTESIAN_POINT('Ctrl Pts',(20.9230885187897,17.5884162135173,29.500453564778));
#11143=CARTESIAN_POINT('',(16.3090055564462,20.316181353828,29.500453564778));
#11144=CARTESIAN_POINT('',(16.3090055564462,20.316181353828,29.500453564778));
#11145=CARTESIAN_POINT('',(16.3370355733542,18.8657691891722,29.500453564778));
#11146=CARTESIAN_POINT('Ctrl Pts',(18.0313353526786,17.1671054888671,30.000453564778));
#11147=CARTESIAN_POINT('Ctrl Pts',(18.0313353526786,17.1671054888672,29.500453564778));
#11148=CARTESIAN_POINT('Ctrl Pts',(17.7253410014338,17.9420799506452,30.000453564778));
#11149=CARTESIAN_POINT('Ctrl Pts',(17.7253410014338,17.9420799506452,29.500453564778));
#11150=CARTESIAN_POINT('Ctrl Pts',(17.1083118134476,18.5586018707736,30.000453564778));
#11151=CARTESIAN_POINT('Ctrl Pts',(17.1083118134476,18.5586018707736,29.500453564778));
#11152=CARTESIAN_POINT('Ctrl Pts',(16.3370355733542,18.8657691891722,30.000453564778));
#11153=CARTESIAN_POINT('Ctrl Pts',(16.3370355733542,18.8657691891722,29.500453564778));
#11154=CARTESIAN_POINT('',(18.0313353526786,17.1671054888671,29.9999999999999));
#11155=CARTESIAN_POINT('',(16.3370355733542,18.8657691891722,29.9999999999999));
#11156=CARTESIAN_POINT('Ctrl Pts',(18.0313353526786,17.1671054888671,29.9999999999999));
#11157=CARTESIAN_POINT('Ctrl Pts',(17.7253410014338,17.9420799506452,29.9999999999999));
#11158=CARTESIAN_POINT('Ctrl Pts',(17.1083118134476,18.5586018707736,29.9999999999999));
#11159=CARTESIAN_POINT('Ctrl Pts',(16.3370355733542,18.8657691891722,29.9999999999999));
#11160=CARTESIAN_POINT('',(18.0313353526786,17.1671054888671,30.000453564778));
#11161=CARTESIAN_POINT('',(16.3370355733542,18.8657691891722,30.000453564778));
#11162=CARTESIAN_POINT('Origin',(16.3370355733542,18.8657691891722,30.000453564778));
#11163=CARTESIAN_POINT('',(16.3090055564462,20.316181353828,29.9999999999999));
#11164=CARTESIAN_POINT('',(16.5173070909579,9.53762632959506,30.));
#11165=CARTESIAN_POINT('',(16.3090055564462,20.316181353828,30.000453564778));
#11166=CARTESIAN_POINT('Origin',(16.3090055564462,20.316181353828,30.000453564778));
#11167=CARTESIAN_POINT('',(20.0937340017039,19.1534686614343,29.9999999999999));
#11168=CARTESIAN_POINT('',(14.3856437862165,20.9070605079488,30.));
#11169=CARTESIAN_POINT('',(20.0937340017039,19.1534686614343,30.000453564778));
#11170=CARTESIAN_POINT('Origin',(19.358038261874,16.7593922902186,30.000453564778));
#11171=CARTESIAN_POINT('',(19.358038261874,16.7593922902186,29.9999999999999));
#11172=CARTESIAN_POINT('',(15.5434012728011,17.9316802513878,30.));
#11173=CARTESIAN_POINT('',(19.358038261874,16.7593922902186,30.000453564778));
#11174=CARTESIAN_POINT('Ctrl Pts',(20.9230885187897,17.5884162135173,30.000453564778));
#11175=CARTESIAN_POINT('Ctrl Pts',(20.9230885187897,17.5884162135173,29.500453564778));
#11176=CARTESIAN_POINT('Ctrl Pts',(20.7198196717612,16.9272445155048,30.000453564778));
#11177=CARTESIAN_POINT('Ctrl Pts',(20.7198196717612,16.9272445155048,29.500453564778));
#11178=CARTESIAN_POINT('Ctrl Pts',(20.0192126775123,16.5562925319065,30.000453564778));
#11179=CARTESIAN_POINT('Ctrl Pts',(20.0192126775123,16.5562925319065,29.500453564778));
#11180=CARTESIAN_POINT('Ctrl Pts',(19.358038261874,16.7593922902186,30.000453564778));
#11181=CARTESIAN_POINT('Ctrl Pts',(19.358038261874,16.7593922902186,29.500453564778));
#11182=CARTESIAN_POINT('',(20.9230885187897,17.5884162135173,29.9999999999999));
#11183=CARTESIAN_POINT('Ctrl Pts',(20.9230885187897,17.5884162135173,29.9999999999999));
#11184=CARTESIAN_POINT('Ctrl Pts',(20.7198196717612,16.9272445155048,29.9999999999999));
#11185=CARTESIAN_POINT('Ctrl Pts',(20.0192126775123,16.5562925319065,29.9999999999999));
#11186=CARTESIAN_POINT('Ctrl Pts',(19.358038261874,16.7593922902186,29.9999999999999));
#11187=CARTESIAN_POINT('',(20.9230885187897,17.5884162135173,30.000453564778));
#11188=CARTESIAN_POINT('Ctrl Pts',(20.0937340017039,19.1534686614343,30.000453564778));
#11189=CARTESIAN_POINT('Ctrl Pts',(20.0937340017039,19.1534686614343,29.500453564778));
#11190=CARTESIAN_POINT('Ctrl Pts',(20.7549084173422,18.9501998624901,30.000453564778));
#11191=CARTESIAN_POINT('Ctrl Pts',(20.7549084173422,18.9501998624901,29.500453564778));
#11192=CARTESIAN_POINT('Ctrl Pts',(21.1261934475907,18.2499208703507,30.000453564778));
#11193=CARTESIAN_POINT('Ctrl Pts',(21.1261934475907,18.2499208703507,29.500453564778));
#11194=CARTESIAN_POINT('Ctrl Pts',(20.9230885187897,17.5884162135173,30.000453564778));
#11195=CARTESIAN_POINT('Ctrl Pts',(20.9230885187897,17.5884162135173,29.500453564778));
#11196=CARTESIAN_POINT('Ctrl Pts',(20.0937340017039,19.1534686614343,29.9999999999999));
#11197=CARTESIAN_POINT('Ctrl Pts',(20.7549084173422,18.9501998624901,29.9999999999999));
#11198=CARTESIAN_POINT('Ctrl Pts',(21.1261934475907,18.2499208703507,29.9999999999999));
#11199=CARTESIAN_POINT('Ctrl Pts',(20.9230885187897,17.5884162135173,29.9999999999999));
#11200=CARTESIAN_POINT('Origin',(13.5201418127789,18.5528929076059,30.000453564778));
#11201=CARTESIAN_POINT('',(13.5201418127789,18.5528929076059,29.9999999999999));
#11202=CARTESIAN_POINT('',(10.2738745000736,19.5502710556438,29.9999999999999));
#11203=CARTESIAN_POINT('',(12.6237038363481,18.8283131249318,30.));
#11204=CARTESIAN_POINT('',(13.5201418127789,18.5528929076059,29.500453564778));
#11205=CARTESIAN_POINT('',(13.5201418127789,18.5528929076059,30.000453564778));
#11206=CARTESIAN_POINT('',(10.2738745000736,19.5502710556438,29.500453564778));
#11207=CARTESIAN_POINT('',(13.5201418127789,18.5528929076059,29.500453564778));
#11208=CARTESIAN_POINT('',(10.2738745000736,19.5502710556438,30.000453564778));
#11209=CARTESIAN_POINT('Origin',(10.2738745000736,19.5502710556438,30.000453564778));
#11210=CARTESIAN_POINT('',(13.9612560079559,20.8081561851622,29.9999999999999));
#11211=CARTESIAN_POINT('',(5.30902084225004,17.8565988459574,30.));
#11212=CARTESIAN_POINT('',(13.9612560079559,20.8081561851622,29.500453564778));
#11213=CARTESIAN_POINT('',(10.2738745000736,19.5502710556438,29.500453564778));
#11214=CARTESIAN_POINT('',(13.9612560079559,20.8081561851622,30.000453564778));
#11215=CARTESIAN_POINT('Ctrl Pts',(13.9996948323121,18.8204509324246,30.000453564778));
#11216=CARTESIAN_POINT('Ctrl Pts',(13.9996948323121,18.8204509324246,29.500453564778));
#11217=CARTESIAN_POINT('Ctrl Pts',(13.8310024864035,18.7457554627858,30.000453564778));
#11218=CARTESIAN_POINT('Ctrl Pts',(13.8310024864035,18.7457554627858,29.500453564778));
#11219=CARTESIAN_POINT('Ctrl Pts',(13.6707007047668,18.6559539075645,30.000453564778));
#11220=CARTESIAN_POINT('Ctrl Pts',(13.6707007047668,18.6559539075645,29.500453564778));
#11221=CARTESIAN_POINT('Ctrl Pts',(13.5201418127789,18.5528929076059,30.000453564778));
#11222=CARTESIAN_POINT('Ctrl Pts',(13.5201418127789,18.5528929076059,29.500453564778));
#11223=CARTESIAN_POINT('',(13.9996948323121,18.8204509324246,29.9999999999999));
#11224=CARTESIAN_POINT('Ctrl Pts',(13.9996948323121,18.8204509324246,29.9999999999999));
#11225=CARTESIAN_POINT('Ctrl Pts',(13.8310024864035,18.7457554627858,29.9999999999999));
#11226=CARTESIAN_POINT('Ctrl Pts',(13.6707007047668,18.6559539075645,29.9999999999999));
#11227=CARTESIAN_POINT('Ctrl Pts',(13.5201418127789,18.5528929076059,29.9999999999999));
#11228=CARTESIAN_POINT('',(13.9996948323121,18.8204509324246,29.500453564778));
#11229=CARTESIAN_POINT('',(13.9996948323121,18.8204509324246,30.000453564778));
#11230=CARTESIAN_POINT('Ctrl Pts',(13.9996948323121,18.8204509324246,29.500453564778));
#11231=CARTESIAN_POINT('Ctrl Pts',(13.8310024864035,18.7457554627858,29.500453564778));
#11232=CARTESIAN_POINT('Ctrl Pts',(13.6707007047668,18.6559539075645,29.500453564778));
#11233=CARTESIAN_POINT('Ctrl Pts',(13.5201418127789,18.5528929076059,29.500453564778));
#11234=CARTESIAN_POINT('Origin',(13.9612560079559,20.8081561851622,30.000453564778));
#11235=CARTESIAN_POINT('',(14.1608632490722,10.4862910319826,30.));
#11236=CARTESIAN_POINT('',(13.9612560079559,20.8081561851622,29.500453564778));
#11237=CARTESIAN_POINT('Origin',(12.6241012732882,19.6726776011295,29.500453564778));
#11238=CARTESIAN_POINT('Origin',(14.6651674285095,22.7260552021474,29.500453564778));
#11239=CARTESIAN_POINT('',(20.8118716002633,24.8231578830854,29.500453564778));
#11240=CARTESIAN_POINT('',(20.0313155415804,23.2337342307557,29.500453564778));
#11241=CARTESIAN_POINT('Ctrl Pts',(20.8118716002633,24.8231578830854,29.500453564778));
#11242=CARTESIAN_POINT('Ctrl Pts',(21.0355225192656,24.1688423698499,29.500453564778));
#11243=CARTESIAN_POINT('Ctrl Pts',(20.6856343629451,23.4571089236955,29.500453564778));
#11244=CARTESIAN_POINT('Ctrl Pts',(20.0313155415804,23.2337342307557,29.500453564778));
#11245=CARTESIAN_POINT('',(19.2224439880976,25.6039897063538,29.500453564778));
#11246=CARTESIAN_POINT('Ctrl Pts',(19.2224439880976,25.6039897063538,29.500453564778));
#11247=CARTESIAN_POINT('Ctrl Pts',(19.8770446204824,25.8270911139457,29.500453564778));
#11248=CARTESIAN_POINT('Ctrl Pts',(20.588491848053,25.4777551749099,29.500453564778));
#11249=CARTESIAN_POINT('Ctrl Pts',(20.8118716002633,24.8231578830854,29.500453564778));
#11250=CARTESIAN_POINT('',(9.29929392916751,22.2186571942286,29.500453564778));
#11251=CARTESIAN_POINT('',(19.2224439880976,25.6039897063538,29.500453564778));
#11252=CARTESIAN_POINT('',(8.51846510654086,20.6289522685763,29.500453564778));
#11253=CARTESIAN_POINT('Ctrl Pts',(8.51846510654086,20.6289522685763,29.500453564778));
#11254=CARTESIAN_POINT('Ctrl Pts',(8.29508693521223,21.2835501144788,29.500453564778));
#11255=CARTESIAN_POINT('Ctrl Pts',(8.64470074670729,21.9950017332326,29.500453564778));
#11256=CARTESIAN_POINT('Ctrl Pts',(9.29929392916751,22.2186571942286,29.500453564778));
#11257=CARTESIAN_POINT('',(10.1081665419948,19.8484017349011,29.500453564778));
#11258=CARTESIAN_POINT('Ctrl Pts',(10.1081665419948,19.8484017349011,29.500453564778));
#11259=CARTESIAN_POINT('Ctrl Pts',(9.45356857522785,19.6250232843366,29.500453564778));
#11260=CARTESIAN_POINT('Ctrl Pts',(8.74184380754172,19.9743544308091,29.500453564778));
#11261=CARTESIAN_POINT('Ctrl Pts',(8.51846510654086,20.6289522685763,29.500453564778));
#11262=CARTESIAN_POINT('',(10.1081665419948,19.8484017349011,29.500453564778));
#11263=CARTESIAN_POINT('Ctrl Pts',(20.8118716002633,24.8231578830854,30.000453564778));
#11264=CARTESIAN_POINT('Ctrl Pts',(20.8118716002633,24.8231578830854,29.500453564778));
#11265=CARTESIAN_POINT('Ctrl Pts',(21.0355225192656,24.1688423698499,30.000453564778));
#11266=CARTESIAN_POINT('Ctrl Pts',(21.0355225192656,24.1688423698499,29.500453564778));
#11267=CARTESIAN_POINT('Ctrl Pts',(20.6856343629451,23.4571089236955,30.000453564778));
#11268=CARTESIAN_POINT('Ctrl Pts',(20.6856343629451,23.4571089236955,29.500453564778));
#11269=CARTESIAN_POINT('Ctrl Pts',(20.0313155415804,23.2337342307557,30.000453564778));
#11270=CARTESIAN_POINT('Ctrl Pts',(20.0313155415804,23.2337342307557,29.500453564778));
#11271=CARTESIAN_POINT('',(20.8118716002633,24.8231578830854,29.9999999999999));
#11272=CARTESIAN_POINT('',(20.0313155415804,23.2337342307557,29.9999999999999));
#11273=CARTESIAN_POINT('Ctrl Pts',(20.8118716002633,24.8231578830854,29.9999999999999));
#11274=CARTESIAN_POINT('Ctrl Pts',(21.0355225192656,24.1688423698499,29.9999999999999));
#11275=CARTESIAN_POINT('Ctrl Pts',(20.6856343629451,23.4571089236955,29.9999999999999));
#11276=CARTESIAN_POINT('Ctrl Pts',(20.0313155415804,23.2337342307557,29.9999999999999));
#11277=CARTESIAN_POINT('',(20.8118716002633,24.8231578830854,30.000453564778));
#11278=CARTESIAN_POINT('',(20.0313155415804,23.2337342307557,30.000453564778));
#11279=CARTESIAN_POINT('Origin',(20.0313155415804,23.2337342307557,30.000453564778));
#11280=CARTESIAN_POINT('',(10.1081665419948,19.8484017349011,29.9999999999999));
#11281=CARTESIAN_POINT('',(10.1334209857299,19.8570174161778,30.));
#11282=CARTESIAN_POINT('',(10.1081665419948,19.8484017349011,30.000453564778));
#11283=CARTESIAN_POINT('Ctrl Pts',(10.1081665419948,19.8484017349011,30.000453564778));
#11284=CARTESIAN_POINT('Ctrl Pts',(10.1081665419948,19.8484017349011,29.500453564778));
#11285=CARTESIAN_POINT('Ctrl Pts',(9.45356857522785,19.6250232843366,30.000453564778));
#11286=CARTESIAN_POINT('Ctrl Pts',(9.45356857522785,19.6250232843366,29.500453564778));
#11287=CARTESIAN_POINT('Ctrl Pts',(8.74184380754172,19.9743544308091,30.000453564778));
#11288=CARTESIAN_POINT('Ctrl Pts',(8.74184380754172,19.9743544308091,29.500453564778));
#11289=CARTESIAN_POINT('Ctrl Pts',(8.51846510654086,20.6289522685763,30.000453564778));
#11290=CARTESIAN_POINT('Ctrl Pts',(8.51846510654086,20.6289522685763,29.500453564778));
#11291=CARTESIAN_POINT('',(8.51846510654086,20.6289522685763,29.9999999999999));
#11292=CARTESIAN_POINT('Ctrl Pts',(10.1081665419948,19.8484017349011,29.9999999999999));
#11293=CARTESIAN_POINT('Ctrl Pts',(9.45356857522785,19.6250232843366,29.9999999999999));
#11294=CARTESIAN_POINT('Ctrl Pts',(8.74184380754172,19.9743544308091,29.9999999999999));
#11295=CARTESIAN_POINT('Ctrl Pts',(8.51846510654086,20.6289522685763,29.9999999999999));
#11296=CARTESIAN_POINT('',(8.51846510654086,20.6289522685763,30.000453564778));
#11297=CARTESIAN_POINT('Ctrl Pts',(19.2224439880976,25.6039897063538,30.000453564778));
#11298=CARTESIAN_POINT('Ctrl Pts',(19.2224439880976,25.6039897063538,29.500453564778));
#11299=CARTESIAN_POINT('Ctrl Pts',(19.8770446204824,25.8270911139457,30.000453564778));
#11300=CARTESIAN_POINT('Ctrl Pts',(19.8770446204824,25.8270911139457,29.500453564778));
#11301=CARTESIAN_POINT('Ctrl Pts',(20.588491848053,25.4777551749099,30.000453564778));
#11302=CARTESIAN_POINT('Ctrl Pts',(20.588491848053,25.4777551749099,29.500453564778));
#11303=CARTESIAN_POINT('Ctrl Pts',(20.8118716002633,24.8231578830854,30.000453564778));
#11304=CARTESIAN_POINT('Ctrl Pts',(20.8118716002633,24.8231578830854,29.500453564778));
#11305=CARTESIAN_POINT('',(19.2224439880976,25.6039897063538,29.9999999999999));
#11306=CARTESIAN_POINT('Ctrl Pts',(19.2224439880976,25.6039897063538,29.9999999999999));
#11307=CARTESIAN_POINT('Ctrl Pts',(19.8770446204824,25.8270911139457,29.9999999999999));
#11308=CARTESIAN_POINT('Ctrl Pts',(20.588491848053,25.4777551749099,29.9999999999999));
#11309=CARTESIAN_POINT('Ctrl Pts',(20.8118716002633,24.8231578830854,29.9999999999999));
#11310=CARTESIAN_POINT('',(19.2224439880976,25.6039897063538,30.000453564778));
#11311=CARTESIAN_POINT('Origin',(9.29929392916751,22.2186571942286,30.000453564778));
#11312=CARTESIAN_POINT('',(9.29929392916751,22.2186571942286,29.9999999999999));
#11313=CARTESIAN_POINT('',(4.36308517281415,20.5346447697181,30.));
#11314=CARTESIAN_POINT('',(9.29929392916751,22.2186571942286,30.000453564778));
#11315=CARTESIAN_POINT('Ctrl Pts',(8.51846510654086,20.6289522685763,30.000453564778));
#11316=CARTESIAN_POINT('Ctrl Pts',(8.51846510654086,20.6289522685763,29.500453564778));
#11317=CARTESIAN_POINT('Ctrl Pts',(8.29508693521224,21.2835501144788,30.000453564778));
#11318=CARTESIAN_POINT('Ctrl Pts',(8.29508693521223,21.2835501144788,29.500453564778));
#11319=CARTESIAN_POINT('Ctrl Pts',(8.64470074670729,21.9950017332326,30.0004535647781));
#11320=CARTESIAN_POINT('Ctrl Pts',(8.64470074670729,21.9950017332326,29.5004535647781));
#11321=CARTESIAN_POINT('Ctrl Pts',(9.29929392916751,22.2186571942286,30.000453564778));
#11322=CARTESIAN_POINT('Ctrl Pts',(9.29929392916751,22.2186571942286,29.500453564778));
#11323=CARTESIAN_POINT('Ctrl Pts',(8.51846510654086,20.6289522685763,29.9999999999999));
#11324=CARTESIAN_POINT('Ctrl Pts',(8.29508693521224,21.2835501144788,29.9999999999999));
#11325=CARTESIAN_POINT('Ctrl Pts',(8.64470074670729,21.9950017332326,29.9999999999999));
#11326=CARTESIAN_POINT('Ctrl Pts',(9.29929392916751,22.2186571942286,29.9999999999999));
#11327=CARTESIAN_POINT('Origin',(16.2197008571091,24.9342997100854,30.000453564778));
#11328=CARTESIAN_POINT('',(16.2197008571091,24.9342997100854,29.9999999999999));
#11329=CARTESIAN_POINT('',(16.1837822755012,26.7860450701367,29.9999999999999));
#11330=CARTESIAN_POINT('',(16.4594884894592,12.5722960973198,30.));
#11331=CARTESIAN_POINT('',(16.2197008571091,24.9342997100854,29.500453564778));
#11332=CARTESIAN_POINT('',(16.2197008571091,24.9342997100854,30.000453564778));
#11333=CARTESIAN_POINT('',(16.1837822755012,26.7860450701368,29.5004535647781));
#11334=CARTESIAN_POINT('',(16.2197008571091,24.9342997100854,29.500453564778));
#11335=CARTESIAN_POINT('',(16.1837822755012,26.7860450701367,30.0004535647781));
#11336=CARTESIAN_POINT('Origin',(16.1837822755012,26.7860450701367,30.0004535647781));
#11337=CARTESIAN_POINT('',(19.0587543130688,25.9029742465392,29.9999999999999));
#11338=CARTESIAN_POINT('',(15.225050660324,27.0805272097752,30.));
#11339=CARTESIAN_POINT('',(19.0587543130688,25.9029742465392,29.500453564778));
#11340=CARTESIAN_POINT('',(16.1837822755012,26.7860450701368,29.5004535647781));
#11341=CARTESIAN_POINT('',(19.0587543130688,25.9029742465392,30.000453564778));
#11342=CARTESIAN_POINT('Origin',(19.0587543130688,25.9029742465392,30.000453564778));
#11343=CARTESIAN_POINT('',(9.1883698270907,22.5352355741643,30.));
#11344=CARTESIAN_POINT('',(19.0587543130688,25.9029742465392,29.500453564778));
#11345=CARTESIAN_POINT('Origin',(17.1673115996742,25.8905529637271,29.500453564778));
#11346=CARTESIAN_POINT('Origin',(12.6126468229603,26.029618973175,29.5004535647781));
#11347=CARTESIAN_POINT('',(10.1701449967137,26.0135908505108,29.5004535647781));
#11348=CARTESIAN_POINT('',(13.8363708083552,27.264424936691,29.5004535647781));
#11349=CARTESIAN_POINT('',(10.1701449967137,26.0135908505108,29.5004535647781));
#11350=CARTESIAN_POINT('',(13.8825342791838,24.8730327258162,29.500453564778));
#11351=CARTESIAN_POINT('',(13.8825342791838,24.8730327258162,29.500453564778));
#11352=CARTESIAN_POINT('',(13.8363708083552,27.264424936691,29.5004535647781));
#11353=CARTESIAN_POINT('Origin',(10.1701449967137,26.0135908505108,30.0004535647781));
#11354=CARTESIAN_POINT('',(10.1701449967137,26.0135908505108,29.9999999999999));
#11355=CARTESIAN_POINT('',(13.8363708083552,27.264424936691,29.9999999999999));
#11356=CARTESIAN_POINT('',(4.26387955483542,23.9985054421677,30.));
#11357=CARTESIAN_POINT('',(10.1701449967137,26.0135908505108,30.0004535647781));
#11358=CARTESIAN_POINT('',(13.8363708083552,27.264424936691,30.0004535647781));
#11359=CARTESIAN_POINT('Origin',(13.8825342791838,24.8730327258162,30.000453564778));
#11360=CARTESIAN_POINT('',(13.8825342791838,24.8730327258162,29.9999999999999));
#11361=CARTESIAN_POINT('',(13.7075862303692,24.9267820509253,30.));
#11362=CARTESIAN_POINT('',(13.8825342791838,24.8730327258162,30.000453564778));
#11363=CARTESIAN_POINT('Origin',(13.8363708083552,27.264424936691,30.0004535647781));
#11364=CARTESIAN_POINT('',(14.09794319186,13.7142704689821,30.));
#11365=CARTESIAN_POINT('Ctrl Pts',(8.42320825593476,27.0952133590187,30.0004535647781));
#11366=CARTESIAN_POINT('Ctrl Pts',(8.42320825593476,27.0952133590187,29.5004535647781));
#11367=CARTESIAN_POINT('Ctrl Pts',(8.19983008460614,27.7498112049212,30.0004535647781));
#11368=CARTESIAN_POINT('Ctrl Pts',(8.19983008460614,27.7498112049212,29.5004535647781));
#11369=CARTESIAN_POINT('Ctrl Pts',(8.54944389610119,28.461262823675,30.0004535647781));
#11370=CARTESIAN_POINT('Ctrl Pts',(8.54944389610119,28.461262823675,29.5004535647781));
#11371=CARTESIAN_POINT('Ctrl Pts',(9.20403707856141,28.684918284671,30.0004535647781));
#11372=CARTESIAN_POINT('Ctrl Pts',(9.20403707856141,28.684918284671,29.5004535647781));
#11373=CARTESIAN_POINT('',(8.42320825593476,27.0952133590187,29.9999999999999));
#11374=CARTESIAN_POINT('',(9.20403707856141,28.684918284671,29.9999999999999));
#11375=CARTESIAN_POINT('Ctrl Pts',(8.42320825593476,27.0952133590187,29.9999999999999));
#11376=CARTESIAN_POINT('Ctrl Pts',(8.19983008460614,27.7498112049212,29.9999999999999));
#11377=CARTESIAN_POINT('Ctrl Pts',(8.54944389610119,28.461262823675,29.9999999999999));
#11378=CARTESIAN_POINT('Ctrl Pts',(9.20403707856141,28.684918284671,29.9999999999999));
#11379=CARTESIAN_POINT('',(8.42320825593476,27.0952133590187,29.5004535647781));
#11380=CARTESIAN_POINT('',(8.42320825593476,27.0952133590187,30.0004535647781));
#11381=CARTESIAN_POINT('',(9.20403707856141,28.684918284671,29.5004535647781));
#11382=CARTESIAN_POINT('Ctrl Pts',(8.42320825593476,27.0952133590187,29.5004535647781));
#11383=CARTESIAN_POINT('Ctrl Pts',(8.19983008460614,27.7498112049212,29.5004535647781));
#11384=CARTESIAN_POINT('Ctrl Pts',(8.54944389610119,28.461262823675,29.5004535647781));
#11385=CARTESIAN_POINT('Ctrl Pts',(9.20403707856141,28.684918284671,29.5004535647781));
#11386=CARTESIAN_POINT('',(9.20403707856141,28.684918284671,30.0004535647781));
#11387=CARTESIAN_POINT('Origin',(9.20403707856142,28.684918284671,30.0004535647781));
#11388=CARTESIAN_POINT('',(19.1271871374915,32.0702507967962,29.9999999999999));
#11389=CARTESIAN_POINT('',(3.32248361335946,26.6783967618374,30.));
#11390=CARTESIAN_POINT('',(19.1271871374915,32.0702507967962,29.5004535647781));
#11391=CARTESIAN_POINT('',(19.1271871374915,32.0702507967962,29.5004535647781));
#11392=CARTESIAN_POINT('',(19.1271871374915,32.0702507967962,30.0004535647781));
#11393=CARTESIAN_POINT('Ctrl Pts',(19.1271871374915,32.0702507967962,30.0004535647781));
#11394=CARTESIAN_POINT('Ctrl Pts',(19.1271871374915,32.0702507967962,29.5004535647781));
#11395=CARTESIAN_POINT('Ctrl Pts',(19.7817877698763,32.2933522043881,30.0004535647781));
#11396=CARTESIAN_POINT('Ctrl Pts',(19.7817877698763,32.2933522043881,29.5004535647781));
#11397=CARTESIAN_POINT('Ctrl Pts',(20.4932349974469,31.9440162653523,30.0004535647781));
#11398=CARTESIAN_POINT('Ctrl Pts',(20.4932349974469,31.9440162653523,29.5004535647781));
#11399=CARTESIAN_POINT('Ctrl Pts',(20.7166147496572,31.2894189735278,30.0004535647781));
#11400=CARTESIAN_POINT('Ctrl Pts',(20.7166147496572,31.2894189735278,29.5004535647781));
#11401=CARTESIAN_POINT('',(20.7166147496572,31.2894189735278,29.9999999999999));
#11402=CARTESIAN_POINT('Ctrl Pts',(19.1271871374915,32.0702507967962,29.9999999999999));
#11403=CARTESIAN_POINT('Ctrl Pts',(19.7817877698763,32.2933522043881,29.9999999999999));
#11404=CARTESIAN_POINT('Ctrl Pts',(20.4932349974469,31.9440162653523,29.9999999999999));
#11405=CARTESIAN_POINT('Ctrl Pts',(20.7166147496572,31.2894189735278,29.9999999999999));
#11406=CARTESIAN_POINT('',(20.7166147496572,31.2894189735278,29.5004535647781));
#11407=CARTESIAN_POINT('Ctrl Pts',(19.1271871374915,32.0702507967962,29.5004535647781));
#11408=CARTESIAN_POINT('Ctrl Pts',(19.7817877698763,32.2933522043881,29.5004535647781));
#11409=CARTESIAN_POINT('Ctrl Pts',(20.4932349974469,31.9440162653523,29.5004535647781));
#11410=CARTESIAN_POINT('Ctrl Pts',(20.7166147496572,31.2894189735278,29.5004535647781));
#11411=CARTESIAN_POINT('',(20.7166147496572,31.2894189735278,30.0004535647781));
#11412=CARTESIAN_POINT('Ctrl Pts',(10.0129096913887,26.3146628253435,30.0004535647781));
#11413=CARTESIAN_POINT('Ctrl Pts',(10.0129096913887,26.3146628253435,29.5004535647781));
#11414=CARTESIAN_POINT('Ctrl Pts',(9.35831172462175,26.091284374779,30.0004535647781));
#11415=CARTESIAN_POINT('Ctrl Pts',(9.35831172462175,26.091284374779,29.5004535647781));
#11416=CARTESIAN_POINT('Ctrl Pts',(8.64658695693562,26.4406155212515,30.0004535647781));
#11417=CARTESIAN_POINT('Ctrl Pts',(8.64658695693562,26.4406155212515,29.5004535647781));
#11418=CARTESIAN_POINT('Ctrl Pts',(8.42320825593476,27.0952133590187,30.0004535647781));
#11419=CARTESIAN_POINT('Ctrl Pts',(8.42320825593476,27.0952133590187,29.5004535647781));
#11420=CARTESIAN_POINT('',(10.0129096913887,26.3146628253435,29.9999999999999));
#11421=CARTESIAN_POINT('Ctrl Pts',(10.0129096913887,26.3146628253435,29.9999999999999));
#11422=CARTESIAN_POINT('Ctrl Pts',(9.35831172462175,26.091284374779,29.9999999999999));
#11423=CARTESIAN_POINT('Ctrl Pts',(8.64658695693562,26.4406155212515,29.9999999999999));
#11424=CARTESIAN_POINT('Ctrl Pts',(8.42320825593476,27.0952133590187,29.9999999999999));
#11425=CARTESIAN_POINT('',(10.0129096913887,26.3146628253435,29.5004535647781));
#11426=CARTESIAN_POINT('',(10.0129096913887,26.3146628253435,30.0004535647781));
#11427=CARTESIAN_POINT('Ctrl Pts',(10.0129096913887,26.3146628253435,29.5004535647781));
#11428=CARTESIAN_POINT('Ctrl Pts',(9.35831172462175,26.091284374779,29.5004535647781));
#11429=CARTESIAN_POINT('Ctrl Pts',(8.64658695693562,26.4406155212515,29.5004535647781));
#11430=CARTESIAN_POINT('Ctrl Pts',(8.42320825593476,27.0952133590187,29.5004535647781));
#11431=CARTESIAN_POINT('Origin',(19.9360586909743,29.6999953211981,30.0004535647781));
#11432=CARTESIAN_POINT('',(19.9360586909743,29.6999953211981,29.9999999999999));
#11433=CARTESIAN_POINT('',(9.0928193456443,26.0007693479101,30.));
#11434=CARTESIAN_POINT('',(19.9360586909743,29.6999953211981,29.5004535647781));
#11435=CARTESIAN_POINT('',(19.9360586909743,29.6999953211981,30.0004535647781));
#11436=CARTESIAN_POINT('',(10.0129096913887,26.3146628253435,29.5004535647781));
#11437=CARTESIAN_POINT('Ctrl Pts',(20.7166147496572,31.2894189735278,30.0004535647781));
#11438=CARTESIAN_POINT('Ctrl Pts',(20.7166147496572,31.2894189735278,29.5004535647781));
#11439=CARTESIAN_POINT('Ctrl Pts',(20.9402656686595,30.6351034602923,30.0004535647781));
#11440=CARTESIAN_POINT('Ctrl Pts',(20.9402656686595,30.6351034602923,29.5004535647781));
#11441=CARTESIAN_POINT('Ctrl Pts',(20.590377512339,29.9233700141379,30.0004535647781));
#11442=CARTESIAN_POINT('Ctrl Pts',(20.590377512339,29.9233700141379,29.5004535647781));
#11443=CARTESIAN_POINT('Ctrl Pts',(19.9360586909743,29.6999953211981,30.0004535647781));
#11444=CARTESIAN_POINT('Ctrl Pts',(19.9360586909743,29.6999953211981,29.5004535647781));
#11445=CARTESIAN_POINT('Ctrl Pts',(20.7166147496572,31.2894189735278,29.9999999999999));
#11446=CARTESIAN_POINT('Ctrl Pts',(20.9402656686595,30.6351034602923,29.9999999999999));
#11447=CARTESIAN_POINT('Ctrl Pts',(20.590377512339,29.9233700141379,29.9999999999999));
#11448=CARTESIAN_POINT('Ctrl Pts',(19.9360586909743,29.6999953211981,29.9999999999999));
#11449=CARTESIAN_POINT('Ctrl Pts',(20.7166147496572,31.2894189735278,29.5004535647781));
#11450=CARTESIAN_POINT('Ctrl Pts',(20.9402656686595,30.6351034602923,29.5004535647781));
#11451=CARTESIAN_POINT('Ctrl Pts',(20.590377512339,29.9233700141379,29.5004535647781));
#11452=CARTESIAN_POINT('Ctrl Pts',(19.9360586909743,29.6999953211981,29.5004535647781));
#11453=CARTESIAN_POINT('Origin',(14.5699105779034,29.1923162925898,29.5004535647781));
#11454=CARTESIAN_POINT('Origin',(64.2447994126792,73.4839157375855,11.1815728752538));
#11455=CARTESIAN_POINT('',(62.2447994126792,75.9839157375855,11.1815728752538));
#11456=CARTESIAN_POINT('',(62.8305858503062,75.9839157375855,12.5957864376269));
#11457=CARTESIAN_POINT('Origin',(64.2447994126792,75.9839157375855,11.1815728752538));
#11458=CARTESIAN_POINT('',(62.8305858503062,70.9839157375855,12.5957864376269));
#11459=CARTESIAN_POINT('',(62.8305858503062,73.4839157375855,12.5957864376269));
#11460=CARTESIAN_POINT('',(62.2447994126792,70.9839157375855,11.1815728752538));
#11461=CARTESIAN_POINT('Origin',(64.2447994126792,70.9839157375855,11.1815728752538));
#11462=CARTESIAN_POINT('',(62.2447994126792,73.4839157375855,11.1815728752538));
#11463=CARTESIAN_POINT('Origin',(62.2447994126792,75.9839157375855,12.01));
#11464=CARTESIAN_POINT('',(63.,75.9839157375855,12.7652005873208));
#11465=CARTESIAN_POINT('',(62.2447994126792,75.9839157375855,12.01));
#11466=CARTESIAN_POINT('',(63.,70.9839157375855,12.7652005873208));
#11467=CARTESIAN_POINT('',(63.,37.9919578687927,12.7652005873208));
#11468=CARTESIAN_POINT('',(62.2447994126792,70.9839157375855,12.01));
#11469=CARTESIAN_POINT('Origin',(64.2447994126793,21.9612477375853,11.1815728752538));
#11470=CARTESIAN_POINT('',(62.8305858503062,19.4612477375853,12.5957864376269));
#11471=CARTESIAN_POINT('',(62.2447994126793,19.4612477375853,11.1815728752538));
#11472=CARTESIAN_POINT('Origin',(64.2447994126793,19.4612477375853,11.1815728752538));
#11473=CARTESIAN_POINT('',(62.2447994126793,24.4612477375853,11.1815728752538));
#11474=CARTESIAN_POINT('',(62.2447994126793,21.9612477375853,11.1815728752538));
#11475=CARTESIAN_POINT('',(62.8305858503062,24.4612477375853,12.5957864376269));
#11476=CARTESIAN_POINT('Origin',(64.2447994126793,24.4612477375853,11.1815728752538));
#11477=CARTESIAN_POINT('',(62.8305858503062,21.9612477375853,12.5957864376269));
#11478=CARTESIAN_POINT('Origin',(62.2447994126793,19.4612477375853,6.50999999999999));
#11479=CARTESIAN_POINT('',(62.2447994126793,19.4612477375853,6.50999999999999));
#11480=CARTESIAN_POINT('',(62.2447994126793,19.4612477375853,6.50999999999999));
#11481=CARTESIAN_POINT('',(62.2447994126793,24.4612477375853,6.50999999999999));
#11482=CARTESIAN_POINT('',(62.2447994126793,19.4612477375853,6.50999999999999));
#11483=CARTESIAN_POINT('',(62.2447994126793,24.4612477375853,6.50999999999999));
#11484=CARTESIAN_POINT('Origin',(61.2447994126792,75.9839157375855,11.1815728752538));
#11485=CARTESIAN_POINT('',(59.2447994126792,70.9839157375855,11.1815728752538));
#11486=CARTESIAN_POINT('',(59.8305858503062,70.9839157375855,12.5957864376269));
#11487=CARTESIAN_POINT('Origin',(61.2447994126792,70.9839157375855,11.1815728752538));
#11488=CARTESIAN_POINT('',(59.8305858503062,75.9839157375855,12.5957864376269));
#11489=CARTESIAN_POINT('',(59.8305858503062,75.9839157375855,12.5957864376269));
#11490=CARTESIAN_POINT('',(59.2447994126792,75.9839157375855,11.1815728752538));
#11491=CARTESIAN_POINT('Origin',(61.2447994126792,75.9839157375855,11.1815728752538));
#11492=CARTESIAN_POINT('',(59.2447994126792,75.9839157375855,11.1815728752538));
#11493=CARTESIAN_POINT('Origin',(61.1223997063396,70.9839157375855,13.8876002936604));
#11494=CARTESIAN_POINT('',(59.2447994126792,70.9839157375855,6.51));
#11495=CARTESIAN_POINT('',(59.2447994126792,70.9839157375855,6.51));
#11496=CARTESIAN_POINT('',(62.2447994126792,70.9839157375855,6.51));
#11497=CARTESIAN_POINT('',(59.2447994126792,70.9839157375855,6.51));
#11498=CARTESIAN_POINT('',(62.2447994126792,70.9839157375855,6.51));
#11499=CARTESIAN_POINT('',(63.,70.9839157375855,16.593627712067));
#11500=CARTESIAN_POINT('',(63.,70.9839157375855,12.9438001468302));
#11501=CARTESIAN_POINT('',(62.4142135623731,70.9839157375855,15.1794141496939));
#11502=CARTESIAN_POINT('Origin',(61.,70.9839157375855,16.593627712067));
#11503=CARTESIAN_POINT('',(59.2447994126792,70.9839157375855,12.01));
#11504=CARTESIAN_POINT('Origin',(59.2447994126792,75.9839157375855,6.51));
#11505=CARTESIAN_POINT('',(59.2447994126792,75.9839157375855,6.51));
#11506=CARTESIAN_POINT('',(59.2447994126792,75.9839157375855,6.51));
#11507=CARTESIAN_POINT('',(59.2447994126792,75.9839157375855,6.51));
#11508=CARTESIAN_POINT('Origin',(61.2447994126793,24.4612477375853,11.1815728752538));
#11509=CARTESIAN_POINT('',(59.2447994126793,19.4612477375853,11.1815728752538));
#11510=CARTESIAN_POINT('',(59.8305858503062,19.4612477375853,12.5957864376269));
#11511=CARTESIAN_POINT('Origin',(61.2447994126793,19.4612477375853,11.1815728752538));
#11512=CARTESIAN_POINT('',(59.8305858503062,24.4612477375853,12.5957864376269));
#11513=CARTESIAN_POINT('',(59.8305858503062,24.4612477375853,12.5957864376269));
#11514=CARTESIAN_POINT('',(59.2447994126793,24.4612477375853,11.1815728752538));
#11515=CARTESIAN_POINT('Origin',(61.2447994126793,24.4612477375853,11.1815728752538));
#11516=CARTESIAN_POINT('',(59.2447994126793,24.4612477375853,11.1815728752538));
#11517=CARTESIAN_POINT('Origin',(59.2447994126793,19.4612477375853,6.50999999999999));
#11518=CARTESIAN_POINT('',(59.2447994126793,19.4612477375853,6.50999999999999));
#11519=CARTESIAN_POINT('',(59.2447994126793,19.4612477375853,6.50999999999999));
#11520=CARTESIAN_POINT('',(60.7447994126793,19.4612477375853,6.50999999999999));
#11521=CARTESIAN_POINT('',(63.,19.4612477375853,12.7652005873208));
#11522=CARTESIAN_POINT('',(62.2447994126793,19.4612477375853,12.01));
#11523=CARTESIAN_POINT('',(63.,19.4612477375853,16.5936277120669));
#11524=CARTESIAN_POINT('',(63.,19.4612477375853,12.9438001468302));
#11525=CARTESIAN_POINT('',(62.4142135623731,19.4612477375853,15.1794141496938));
#11526=CARTESIAN_POINT('Origin',(61.,19.4612477375853,16.5936277120669));
#11527=CARTESIAN_POINT('',(59.2447994126793,19.4612477375853,12.01));
#11528=CARTESIAN_POINT('Origin',(59.2447994126793,24.4612477375853,6.50999999999999));
#11529=CARTESIAN_POINT('',(59.2447994126793,24.4612477375853,6.50999999999999));
#11530=CARTESIAN_POINT('',(59.2447994126793,24.4612477375853,6.50999999999999));
#11531=CARTESIAN_POINT('',(59.2447994126793,19.4612477375853,6.50999999999999));
#11532=CARTESIAN_POINT('Origin',(61.,12.2306238687927,16.5936277120669));
#11533=CARTESIAN_POINT('',(63.,24.4612477375853,16.5936277120669));
#11534=CARTESIAN_POINT('',(62.4142135623731,24.4612477375853,15.1794141496938));
#11535=CARTESIAN_POINT('Origin',(61.,24.4612477375853,16.5936277120669));
#11536=CARTESIAN_POINT('',(62.4142135623731,12.2306238687927,15.1794141496938));
#11537=CARTESIAN_POINT('',(63.,12.2306238687927,16.5936277120669));
#11538=CARTESIAN_POINT('Origin',(63.,24.4612477375853,15.7652005873208));
#11539=CARTESIAN_POINT('',(59.2447994126793,24.4612477375853,12.01));
#11540=CARTESIAN_POINT('Origin',(61.,37.9919578687927,16.593627712067));
#11541=CARTESIAN_POINT('',(63.,75.9839157375855,16.593627712067));
#11542=CARTESIAN_POINT('',(62.4142135623731,75.9839157375855,15.1794141496939));
#11543=CARTESIAN_POINT('Origin',(61.,75.9839157375855,16.593627712067));
#11544=CARTESIAN_POINT('',(62.4142135623731,37.9919578687927,15.1794141496939));
#11545=CARTESIAN_POINT('',(63.,37.9919578687927,16.593627712067));
#11546=CARTESIAN_POINT('Origin',(63.,75.9839157375855,15.7652005873208));
#11547=CARTESIAN_POINT('',(59.2447994126792,75.9839157375855,12.01));
#11548=CARTESIAN_POINT('Origin',(62.2447994126793,24.4612477375853,12.01));
#11549=CARTESIAN_POINT('',(63.,24.4612477375853,12.7652005873208));
#11550=CARTESIAN_POINT('',(62.2447994126793,24.4612477375853,12.01));
#11551=CARTESIAN_POINT('',(63.,12.2306238687927,12.7652005873207));
#11552=CARTESIAN_POINT('Origin',(62.2447994126792,70.9839157375855,6.51));
#11553=CARTESIAN_POINT('',(62.2447994126792,75.9839157375855,6.51));
#11554=CARTESIAN_POINT('',(62.2447994126792,75.9839157375855,6.51));
#11555=CARTESIAN_POINT('',(62.2447994126792,75.9839157375855,6.51));
#11556=CARTESIAN_POINT('Origin',(60.7447994126792,73.4839157375855,6.51));
#11557=CARTESIAN_POINT('',(60.7447994126792,75.9839157375855,6.51));
#11558=CARTESIAN_POINT('Origin',(61.1223997063396,75.9839157375855,13.8876002936604));
#11559=CARTESIAN_POINT('',(63.,75.9839157375855,12.9438001468302));
#11560=CARTESIAN_POINT('Origin',(40.4322510119005,25.2059936394812,29.));
#11561=CARTESIAN_POINT('',(55.9322510119007,15.5559936394815,29.));
#11562=CARTESIAN_POINT('',(24.9322510119007,15.5559936394808,29.));
#11563=CARTESIAN_POINT('',(25.9322510119007,15.5559936394808,29.));
#11564=CARTESIAN_POINT('',(55.9322510119003,34.8559936394815,29.));
#11565=CARTESIAN_POINT('',(55.9322510119006,18.7309936394815,29.));
#11566=CARTESIAN_POINT('',(24.9322510119003,34.8559936394808,29.));
#11567=CARTESIAN_POINT('',(25.9322510119003,34.8559936394808,29.));
#11568=CARTESIAN_POINT('',(24.9322510119006,18.7309936394808,29.));
#11569=CARTESIAN_POINT('',(52.9322510119003,31.8559936394814,29.));
#11570=CARTESIAN_POINT('',(27.9322510119003,31.8559936394809,29.));
#11571=CARTESIAN_POINT('',(46.6822510119003,31.8559936394813,29.));
#11572=CARTESIAN_POINT('',(52.9322510119006,18.5559936394814,29.));
#11573=CARTESIAN_POINT('',(52.9322510119003,32.7309936394814,29.));
#11574=CARTESIAN_POINT('',(27.9322510119006,18.5559936394809,29.));
#11575=CARTESIAN_POINT('',(34.1822510119006,18.555993639481,29.));
#11576=CARTESIAN_POINT('',(27.9322510119006,19.2309936394809,29.));
#11577=CARTESIAN_POINT('Origin',(52.9322510119001,40.2559936394814,28.));
#11578=CARTESIAN_POINT('',(52.9322510119003,31.8559936394814,28.));
#11579=CARTESIAN_POINT('',(52.9322510119003,31.8559936394814,28.));
#11580=CARTESIAN_POINT('',(52.9322510119003,35.6559936394814,28.));
#11581=CARTESIAN_POINT('',(52.9322510119001,40.2559936394814,28.));
#11582=CARTESIAN_POINT('',(52.9322510119003,35.6559936394814,27.5));
#11583=CARTESIAN_POINT('',(52.9322510119003,35.6559936394814,28.));
#11584=CARTESIAN_POINT('',(52.9322510119006,21.3559936394814,27.5));
#11585=CARTESIAN_POINT('',(52.9322510119004,28.0809936394814,27.5));
#11586=CARTESIAN_POINT('',(52.9322510119006,19.0559936394814,25.2));
#11587=CARTESIAN_POINT('',(52.9322510119005,24.4059936394814,30.55));
#11588=CARTESIAN_POINT('',(52.9322510119008,13.455032885955,25.2));
#11589=CARTESIAN_POINT('',(52.9322510119008,12.2559936394814,25.2));
#11590=CARTESIAN_POINT('',(52.9322510119008,12.2559936394814,26.4));
#11591=CARTESIAN_POINT('Origin',(52.9322510119008,12.2059936394814,25.1510004003204));
#11592=CARTESIAN_POINT('',(52.9322510119008,12.2559936394814,27.));
#11593=CARTESIAN_POINT('',(52.9322510119008,12.2559936394814,27.5));
#11594=CARTESIAN_POINT('',(52.9322510119007,18.0559936394814,27.));
#11595=CARTESIAN_POINT('',(52.9322510119001,43.9969823775373,27.));
#11596=CARTESIAN_POINT('',(52.9322510119006,18.0559936394814,28.));
#11597=CARTESIAN_POINT('',(52.9322510119006,18.0559936394815,28.));
#11598=CARTESIAN_POINT('',(52.9322510119006,18.5559936394814,28.));
#11599=CARTESIAN_POINT('',(52.9322510119001,40.2559936394814,28.));
#11600=CARTESIAN_POINT('',(52.9322510119006,18.5559936394814,28.));
#11601=CARTESIAN_POINT('Origin',(52.9322510119003,31.8559936394814,28.));
#11602=CARTESIAN_POINT('',(27.9322510119003,31.8559936394809,28.));
#11603=CARTESIAN_POINT('',(27.9322510119003,31.8559936394809,28.));
#11604=CARTESIAN_POINT('',(46.6822510119003,31.8559936394813,28.));
#11605=CARTESIAN_POINT('Origin',(24.9322510119008,12.2559936394808,30.));
#11606=CARTESIAN_POINT('',(24.9322510119007,15.5559936394808,30.));
#11607=CARTESIAN_POINT('',(24.9322510119003,34.8559936394808,30.));
#11608=CARTESIAN_POINT('',(24.9322510119009,6.12799681974062,30.));
#11609=CARTESIAN_POINT('',(24.9322510119007,15.5559936394808,30.));
#11610=CARTESIAN_POINT('',(24.9322510119003,34.8559936394808,29.4));
#11611=CARTESIAN_POINT('Origin',(55.9322510119008,12.2559936394815,30.));
#11612=CARTESIAN_POINT('',(55.9322510119003,34.8559936394815,30.));
#11613=CARTESIAN_POINT('',(55.9322510119007,15.5559936394815,30.));
#11614=CARTESIAN_POINT('',(55.9322510119009,6.12799681974132,30.));
#11615=CARTESIAN_POINT('',(55.9322510119003,34.8559936394815,30.));
#11616=CARTESIAN_POINT('',(55.9322510119007,15.5559936394815,29.4));
#11617=CARTESIAN_POINT('Origin',(25.9322510119003,34.8559936394808,30.));
#11618=CARTESIAN_POINT('',(15.8950576940843,34.8559936394806,30.));
#11619=CARTESIAN_POINT('Origin',(25.9322510119007,15.5559936394808,30.));
#11620=CARTESIAN_POINT('',(15.8950576940847,15.5559936394806,30.));
#11621=CARTESIAN_POINT('Ctrl Pts',(60.110380746673,1.66153574322499,29.3845064014768));
#11622=CARTESIAN_POINT('Ctrl Pts',(59.7978086775781,2.03073059680592,29.6269003344872));
#11623=CARTESIAN_POINT('Ctrl Pts',(59.5534089550807,2.51256331838131,29.8));
#11624=CARTESIAN_POINT('Ctrl Pts',(59.4532061914684,3.0375,29.8));
#11625=CARTESIAN_POINT('Ctrl Pts',(60.1279302395227,1.64080713986062,29.4423224799018));
#11626=CARTESIAN_POINT('Ctrl Pts',(59.8069226497462,2.01268643601703,29.6820281782883));
#11627=CARTESIAN_POINT('Ctrl Pts',(59.5553672481872,2.50251158110166,29.8536282049379));
#11628=CARTESIAN_POINT('Ctrl Pts',(59.4532061914684,3.0375,29.8523598775598));
#11629=CARTESIAN_POINT('Ctrl Pts',(60.1155778399826,1.57522321133823,29.5318835061328));
#11630=CARTESIAN_POINT('Ctrl Pts',(59.7841305169037,1.96427867500937,29.768279440664));
#11631=CARTESIAN_POINT('Ctrl Pts',(59.524377359304,2.47402329999127,29.9372521166101));
#11632=CARTESIAN_POINT('Ctrl Pts',(59.4197781216739,3.03111906856022,29.934106864594));
#11633=CARTESIAN_POINT('Ctrl Pts',(60.0314378261112,1.47967016826761,29.5713910890924));
#11634=CARTESIAN_POINT('Ctrl Pts',(59.6973797420466,1.89254511382135,29.8178577097605));
#11635=CARTESIAN_POINT('Ctrl Pts',(59.4361930749181,2.42925246652923,29.9934514607387));
#11636=CARTESIAN_POINT('Ctrl Pts',(59.3300585331252,3.01399290642002,29.9910738460994));
#11637=CARTESIAN_POINT('Ctrl Pts',(59.9799456197013,1.44110422326751,29.5632206884152));
#11638=CARTESIAN_POINT('Ctrl Pts',(59.6463113294744,1.86118783857415,29.8187087741271));
#11639=CARTESIAN_POINT('Ctrl Pts',(59.3854580239536,2.40831658480859,30.0008412203614));
#11640=CARTESIAN_POINT('Ctrl Pts',(59.2787952370438,3.00420749016106,30.));
#11641=CARTESIAN_POINT('Ctrl Pts',(59.9577394631179,1.42746942082856,29.5548282872966));
#11642=CARTESIAN_POINT('Ctrl Pts',(59.6243292560833,1.84940639634963,29.8145360726648));
#11643=CARTESIAN_POINT('Ctrl Pts',(59.3636362187528,2.40007236386439,30.));
#11644=CARTESIAN_POINT('Ctrl Pts',(59.2567532708997,3.,30.));
#11645=CARTESIAN_POINT('',(60.0595423441719,1.72333256638245,29.4237747761255));
#11646=CARTESIAN_POINT('',(59.4532061914684,3.0375,29.8));
#11647=CARTESIAN_POINT('Ctrl Pts',(60.0595423441719,1.72333256638245,29.4237747761255));
#11648=CARTESIAN_POINT('Ctrl Pts',(59.7714150363791,2.08375174620529,29.6453802236861));
#11649=CARTESIAN_POINT('Ctrl Pts',(59.5479092718937,2.54137475369582,29.8));
#11650=CARTESIAN_POINT('Ctrl Pts',(59.4532061914684,3.0375,29.8));
#11651=CARTESIAN_POINT('',(59.2567532708997,3.,30.));
#11652=CARTESIAN_POINT('Origin',(59.2567532708997,3.,29.8));
#11653=CARTESIAN_POINT('',(59.9577394629958,1.42746942072014,29.5548282873159));
#11654=CARTESIAN_POINT('Ctrl Pts',(59.2567532708997,3.,30.));
#11655=CARTESIAN_POINT('Ctrl Pts',(59.3636362187528,2.40007236386439,30.));
#11656=CARTESIAN_POINT('Ctrl Pts',(59.6243292560833,1.84940639634963,29.8145360726648));
#11657=CARTESIAN_POINT('Ctrl Pts',(59.9577394631179,1.42746942082856,29.5548282872966));
#11658=CARTESIAN_POINT('',(60.0083985965315,1.5225189368428,29.5835344798496));
#11659=CARTESIAN_POINT('Ctrl Pts',(59.9577394628355,1.42746942118597,29.5548282875166));
#11660=CARTESIAN_POINT('Ctrl Pts',(59.9628275087306,1.44742614845284,29.5671119169227));
#11661=CARTESIAN_POINT('Ctrl Pts',(59.9700459686459,1.46617827227685,29.5757540654636));
#11662=CARTESIAN_POINT('Ctrl Pts',(59.9858695638383,1.49504507853003,29.5838586312136));
#11663=CARTESIAN_POINT('Ctrl Pts',(59.9938169882605,1.50666500586905,29.5853778074065));
#11664=CARTESIAN_POINT('Ctrl Pts',(60.0049594594137,1.5189835096475,29.5841410660087));
#11665=CARTESIAN_POINT('Ctrl Pts',(60.0066649100784,1.52077988431588,29.5838764478342));
#11666=CARTESIAN_POINT('Ctrl Pts',(60.0083985965315,1.5225189368428,29.5835344798496));
#11667=CARTESIAN_POINT('Ctrl Pts',(60.0082446470558,1.5224621419802,29.5834724754497));
#11668=CARTESIAN_POINT('Ctrl Pts',(60.0175949298503,1.53184596558509,29.5816205822997));
#11669=CARTESIAN_POINT('Ctrl Pts',(60.0262054797889,1.54168620366657,29.578723352674));
#11670=CARTESIAN_POINT('Ctrl Pts',(60.0339488250061,1.55180887014856,29.5748520813615));
#11671=CARTESIAN_POINT('Ctrl Pts',(60.0409597430627,1.56097405434596,29.5713469856714));
#11672=CARTESIAN_POINT('Ctrl Pts',(60.0472604101787,1.57037179794579,29.5670424651639));
#11673=CARTESIAN_POINT('Ctrl Pts',(60.0527394381454,1.57987868409004,29.5619591570457));
#11674=CARTESIAN_POINT('Ctrl Pts',(60.0549837550813,1.58377289045496,29.5598769346936));
#11675=CARTESIAN_POINT('Ctrl Pts',(60.0570811051296,1.58767014887944,29.5576718907971));
#11676=CARTESIAN_POINT('Ctrl Pts',(60.0590260771252,1.5915615885193,29.5553471108893));
#11677=CARTESIAN_POINT('Ctrl Pts',(60.0642315076471,1.60197645244581,29.5491251805397));
#11678=CARTESIAN_POINT('Ctrl Pts',(60.0683482473513,1.61234977026514,29.5420487049573));
#11679=CARTESIAN_POINT('Ctrl Pts',(60.0714055876661,1.62256315827299,29.5342789499349));
#11680=CARTESIAN_POINT('Ctrl Pts',(60.0731887104611,1.62851987983333,29.5297474206104));
#11681=CARTESIAN_POINT('Ctrl Pts',(60.0746108060062,1.63442223434986,29.5249792139412));
#11682=CARTESIAN_POINT('Ctrl Pts',(60.0756717150423,1.64024571351944,29.5200009964743));
#11683=CARTESIAN_POINT('Ctrl Pts',(60.0775375224997,1.65048739352409,29.511245867658));
#11684=CARTESIAN_POINT('Ctrl Pts',(60.0782726594911,1.66039777685176,29.5019179471701));
#11685=CARTESIAN_POINT('Ctrl Pts',(60.0779021362894,1.669845021558,29.4921694610152));
#11686=CARTESIAN_POINT('Ctrl Pts',(60.0776891045648,1.67527669985426,29.4865645844278));
#11687=CARTESIAN_POINT('Ctrl Pts',(60.0771098181704,1.6805551807444,29.4808200100477));
#11688=CARTESIAN_POINT('Ctrl Pts',(60.0761625026233,1.68565326705367,29.4749610574963));
#11689=CARTESIAN_POINT('Ctrl Pts',(60.0745127347018,1.69453168067146,29.464757580944));
#11690=CARTESIAN_POINT('Ctrl Pts',(60.071759973534,1.70280603966849,29.4542745842129));
#11691=CARTESIAN_POINT('Ctrl Pts',(60.0679063448443,1.71033453277757,29.4436460585747));
#11692=CARTESIAN_POINT('Ctrl Pts',(60.0656948669,1.71465490139759,29.4375466774663));
#11693=CARTESIAN_POINT('Ctrl Pts',(60.0631200494387,1.71872933241068,29.4313990147581));
#11694=CARTESIAN_POINT('Ctrl Pts',(60.0601755129236,1.72252724703887,29.4252272717096));
#11695=CARTESIAN_POINT('Ctrl Pts',(60.059950467918,1.7228175140178,29.4247555777973));
#11696=CARTESIAN_POINT('Ctrl Pts',(60.0597232923061,1.72310612347237,29.4242838072424));
#11697=CARTESIAN_POINT('Ctrl Pts',(60.0594939839299,1.72339306200371,29.4238119709558));
#11698=CARTESIAN_POINT('Origin',(62.4,3.59999999999999,29.8));
#11699=CARTESIAN_POINT('',(60.142135623731,5.86760853287667,30.));
#11700=CARTESIAN_POINT('Origin',(62.4,3.59999999999999,30.));
#11701=CARTESIAN_POINT('',(60.2055965753529,5.64559720480398,29.7999898975466));
#11702=CARTESIAN_POINT('Origin',(62.4,3.59999999999999,29.8));
#11703=CARTESIAN_POINT('',(60.1708821432354,5.74954503084262,29.9712534804956));
#11704=CARTESIAN_POINT('Ctrl Pts',(60.2055965753529,5.64559720480398,29.7999898975466));
#11705=CARTESIAN_POINT('Ctrl Pts',(60.2056637247959,5.6456693153055,29.8003111175369));
#11706=CARTESIAN_POINT('Ctrl Pts',(60.205730294931,5.6457419594426,29.8006323358333));
#11707=CARTESIAN_POINT('Ctrl Pts',(60.205796285925,5.64581513599021,29.8009535497114));
#11708=CARTESIAN_POINT('Ctrl Pts',(60.2085386177883,5.64885607182254,29.814301962882));
#11709=CARTESIAN_POINT('Ctrl Pts',(60.2102771986077,5.6528058363962,29.8276083892796));
#11710=CARTESIAN_POINT('Ctrl Pts',(60.211019043382,5.65758064866006,29.8406786514105));
#11711=CARTESIAN_POINT('Ctrl Pts',(60.2114693837843,5.66047922117892,29.8486130162679));
#11712=CARTESIAN_POINT('Ctrl Pts',(60.2115517180574,5.66368261990476,29.856460363948));
#11713=CARTESIAN_POINT('Ctrl Pts',(60.2112604977437,5.66717769604611,29.8641747901466));
#11714=CARTESIAN_POINT('Ctrl Pts',(60.2108089809002,5.67259656853918,29.87613547147));
#11715=CARTESIAN_POINT('Ctrl Pts',(60.2094637499025,5.67868607313806,29.8877121538271));
#11716=CARTESIAN_POINT('Ctrl Pts',(60.207204072046,5.68539050855494,29.8987339160272));
#11717=CARTESIAN_POINT('Ctrl Pts',(60.2056627225804,5.6899636727861,29.9062519731825));
#11718=CARTESIAN_POINT('Ctrl Pts',(60.2036951064721,5.69482351719827,29.9135115318111));
#11719=CARTESIAN_POINT('Ctrl Pts',(60.2013144145936,5.69994255155328,29.9204654022078));
#11720=CARTESIAN_POINT('Ctrl Pts',(60.1977733960238,5.70755655480731,29.9308085232257));
#11721=CARTESIAN_POINT('Ctrl Pts',(60.1933492333355,5.71568171512095,29.9403925007978));
#11722=CARTESIAN_POINT('Ctrl Pts',(60.1880970157183,5.72420967501392,29.9490757895338));
#11723=CARTESIAN_POINT('Ctrl Pts',(60.1831017765873,5.73232038216096,29.957334225654));
#11724=CARTESIAN_POINT('Ctrl Pts',(60.1773570669078,5.74079650129001,29.9647785568232));
#11725=CARTESIAN_POINT('Ctrl Pts',(60.1708821432354,5.74954503084262,29.9712534804956));
#11726=CARTESIAN_POINT('Ctrl Pts',(60.1708821432354,5.74954503084262,29.9712534804956));
#11727=CARTESIAN_POINT('Ctrl Pts',(60.1659767058654,5.75617296438619,29.9761589178656));
#11728=CARTESIAN_POINT('Ctrl Pts',(60.1614074603312,5.76453985529009,29.9807281633998));
#11729=CARTESIAN_POINT('Ctrl Pts',(60.1532104054545,5.78377679517111,29.9889252182765));
#11730=CARTESIAN_POINT('Ctrl Pts',(60.1490899146205,5.79872417019151,29.9930457091105));
#11731=CARTESIAN_POINT('Ctrl Pts',(60.1436371295796,5.8288064674865,29.9984984941514));
#11732=CARTESIAN_POINT('Ctrl Pts',(60.1421356237309,5.84992282225867,30.));
#11733=CARTESIAN_POINT('Ctrl Pts',(60.1421356237309,5.86760853287666,30.));
#11734=CARTESIAN_POINT('Ctrl Pts',(60.1776194878107,5.61519846641496,29.8298321242582));
#11735=CARTESIAN_POINT('Ctrl Pts',(60.849708711996,6.35638501412951,29.112936951794));
#11736=CARTESIAN_POINT('Ctrl Pts',(61.9098129452729,6.72422439577518,27.9821591029653));
#11737=CARTESIAN_POINT('Ctrl Pts',(62.8965435521514,6.55862206116577,26.9296464556282));
#11738=CARTESIAN_POINT('Ctrl Pts',(60.1903480002974,5.62923559405817,29.8580409179387));
#11739=CARTESIAN_POINT('Ctrl Pts',(60.8726948420427,6.37224503710633,29.1430715409377));
#11740=CARTESIAN_POINT('Ctrl Pts',(61.9468386499523,6.73172551108021,28.015488618801));
#11741=CARTESIAN_POINT('Ctrl Pts',(62.9355102625393,6.55208230434936,26.9697107290075));
#11742=CARTESIAN_POINT('Ctrl Pts',(60.2026415965761,5.66920024802631,29.9144079241745));
#11743=CARTESIAN_POINT('Ctrl Pts',(60.9044415227304,6.42482370876683,29.2032258404892));
#11744=CARTESIAN_POINT('Ctrl Pts',(62.0094105928513,6.78356686232907,28.0822562136555));
#11745=CARTESIAN_POINT('Ctrl Pts',(63.0212633570385,6.58903459446998,27.0492621454898));
#11746=CARTESIAN_POINT('Ctrl Pts',(60.1856584766492,5.72274741965825,29.9564771470818));
#11747=CARTESIAN_POINT('Ctrl Pts',(60.8991301987646,6.50165836372438,29.2430804993036));
#11748=CARTESIAN_POINT('Ctrl Pts',(62.0237679415018,6.88288639772567,28.1179169383592));
#11749=CARTESIAN_POINT('Ctrl Pts',(63.0663788320331,6.69998557672794,27.0757567916979));
#11750=CARTESIAN_POINT('Ctrl Pts',(60.1708821432354,5.74954503084262,29.9712534804956));
#11751=CARTESIAN_POINT('Ctrl Pts',(60.8877773156997,6.54014401507148,29.2543583080313));
#11752=CARTESIAN_POINT('Ctrl Pts',(62.0185551645284,6.9325060221602,28.1235804592026));
#11753=CARTESIAN_POINT('Ctrl Pts',(63.0710678118655,6.75586353191015,27.0710678118655));
#11754=CARTESIAN_POINT('',(62.8965435521514,6.55862206116577,26.9296464556282));
#11755=CARTESIAN_POINT('Origin',(62.4,3.59999999999999,27.4592929112563));
#11756=CARTESIAN_POINT('',(63.0710678118655,6.75586353191015,27.0710678118655));
#11757=CARTESIAN_POINT('Origin',(62.9296464556282,6.75586353191015,26.9296464556282));
#11758=CARTESIAN_POINT('Origin',(62.5414213562373,3.59999999999999,27.6007142674936));
#11759=CARTESIAN_POINT('Ctrl Pts',(62.8965435521514,6.55862206116577,26.9296464556282));
#11760=CARTESIAN_POINT('Ctrl Pts',(63.2469831887335,6.49980801247496,26.5558441766073));
#11761=CARTESIAN_POINT('Ctrl Pts',(63.8790103839971,6.26707276608427,25.7596370400939));
#11762=CARTESIAN_POINT('Ctrl Pts',(64.5224239036282,5.76330131622161,24.6316771005893));
#11763=CARTESIAN_POINT('Ctrl Pts',(64.9474119571795,5.22065919887349,23.6331748859816));
#11764=CARTESIAN_POINT('Ctrl Pts',(65.1768566475464,4.76958298759563,22.9212285518024));
#11765=CARTESIAN_POINT('Ctrl Pts',(65.3120171324705,4.34836470046478,22.3925390840878));
#11766=CARTESIAN_POINT('Ctrl Pts',(65.3743715364841,4.03469821658889,22.102195794945));
#11767=CARTESIAN_POINT('Ctrl Pts',(65.4009212342669,3.72371045832867,21.9649689397091));
#11768=CARTESIAN_POINT('Ctrl Pts',(65.4005507229337,3.46811411507574,21.9670388513807));
#11769=CARTESIAN_POINT('Ctrl Pts',(65.3804205913465,3.23568832094823,22.0704487447316));
#11770=CARTESIAN_POINT('Ctrl Pts',(65.3589549214711,3.10120896411585,22.1730026106442));
#11771=CARTESIAN_POINT('Ctrl Pts',(65.3467938085316,3.0375,22.2285515178061));
#11772=CARTESIAN_POINT('Ctrl Pts',(62.9188102438016,6.55488505727068,26.9525403261306));
#11773=CARTESIAN_POINT('Ctrl Pts',(63.2709736279282,6.49306212143283,26.5789572124512));
#11774=CARTESIAN_POINT('Ctrl Pts',(63.9052608173864,6.25331572696523,25.7833803324321));
#11775=CARTESIAN_POINT('Ctrl Pts',(64.5474622746857,5.73921330183858,24.6569320846145));
#11776=CARTESIAN_POINT('Ctrl Pts',(64.9681873988143,5.1885345206946,23.6609002625707));
#11777=CARTESIAN_POINT('Ctrl Pts',(65.1924006830208,4.7326195074093,22.9522017801923));
#11778=CARTESIAN_POINT('Ctrl Pts',(65.3214767811656,4.31153899425619,22.4295871643099));
#11779=CARTESIAN_POINT('Ctrl Pts',(65.3785839196217,4.00255104698046,22.1473854674333));
#11780=CARTESIAN_POINT('Ctrl Pts',(65.4007618469647,3.71134437012638,22.0209779364612));
#11781=CARTESIAN_POINT('Ctrl Pts',(65.4004427003421,3.48129301051642,22.0229961169491));
#11782=CARTESIAN_POINT('Ctrl Pts',(65.3836024913814,3.26364104733657,22.1182886681049));
#11783=CARTESIAN_POINT('Ctrl Pts',(65.3642904127413,3.13312381663932,22.2169683045459));
#11784=CARTESIAN_POINT('Ctrl Pts',(65.3531567459978,3.07083380396385,22.2708165921307));
#11785=CARTESIAN_POINT('Ctrl Pts',(62.9659467021044,6.56302322953907,26.9983109604509));
#11786=CARTESIAN_POINT('Ctrl Pts',(63.3237072844349,6.49658240492602,26.6251670387288));
#11787=CARTESIAN_POINT('Ctrl Pts',(63.9674601901087,6.24532417335061,25.8307625268615));
#11788=CARTESIAN_POINT('Ctrl Pts',(64.6166476440783,5.71179127206535,24.7072858743282));
#11789=CARTESIAN_POINT('Ctrl Pts',(65.0386315752197,5.14349927787951,23.7161561141196));
#11790=CARTESIAN_POINT('Ctrl Pts',(65.2602785659127,4.67474374341407,23.0139294839311));
#11791=CARTESIAN_POINT('Ctrl Pts',(65.3838595317295,4.24933755041227,22.5034497726245));
#11792=CARTESIAN_POINT('Ctrl Pts',(65.4348411655647,3.94537068150751,22.2375523169949));
#11793=CARTESIAN_POINT('Ctrl Pts',(65.450778248997,3.68866394662581,22.1327976162027));
#11794=CARTESIAN_POINT('Ctrl Pts',(65.4505101387977,3.50532941739787,22.1347081857686));
#11795=CARTESIAN_POINT('Ctrl Pts',(65.4383186256315,3.31345026714507,22.213735555032));
#11796=CARTESIAN_POINT('Ctrl Pts',(65.4216717851502,3.18888089616424,22.3046519707419));
#11797=CARTESIAN_POINT('Ctrl Pts',(65.4117539170391,3.12853829305234,22.3550935584076));
#11798=CARTESIAN_POINT('Ctrl Pts',(63.0283824319915,6.6191909163441,27.0513201052096));
#11799=CARTESIAN_POINT('Ctrl Pts',(63.3973237503638,6.55122585039439,26.6770560224608));
#11800=CARTESIAN_POINT('Ctrl Pts',(64.0627102681322,6.2943037027618,25.8803130188836));
#11801=CARTESIAN_POINT('Ctrl Pts',(64.7381338961963,5.74763173725934,24.7535599432988));
#11802=CARTESIAN_POINT('Ctrl Pts',(65.181183212767,5.16434147882265,23.7598938799624));
#11803=CARTESIAN_POINT('Ctrl Pts',(65.4169489842895,4.68231615960454,23.0566285308305));
#11804=CARTESIAN_POINT('Ctrl Pts',(65.5507477451337,4.24596523101325,22.5479125247941));
#11805=CARTESIAN_POINT('Ctrl Pts',(65.60723536988,3.93609457247001,22.2865176040425));
#11806=CARTESIAN_POINT('Ctrl Pts',(65.6253978470271,3.68372364950735,22.1890884862696));
#11807=CARTESIAN_POINT('Ctrl Pts',(65.6250862942719,3.51053556575985,22.1909710267075));
#11808=CARTESIAN_POINT('Ctrl Pts',(65.6112405030437,3.32190262019676,22.2645007817687));
#11809=CARTESIAN_POINT('Ctrl Pts',(65.5926933645897,3.19609450146934,22.3530812710128));
#11810=CARTESIAN_POINT('Ctrl Pts',(65.5817354172589,3.13488566809129,22.4025529770073));
#11811=CARTESIAN_POINT('Ctrl Pts',(63.0616181597119,6.69199396751426,27.0723373457802));
#11812=CARTESIAN_POINT('Ctrl Pts',(63.4388548808177,6.62646543159871,26.6948211972105));
#11813=CARTESIAN_POINT('Ctrl Pts',(64.119894407114,6.37327098049259,25.8908463865625));
#11814=CARTESIAN_POINT('Ctrl Pts',(64.8146390375056,5.82981970491766,24.7524206296421));
#11815=CARTESIAN_POINT('Ctrl Pts',(65.2741716512151,5.24707386232666,23.7461404337226));
#11816=CARTESIAN_POINT('Ctrl Pts',(65.522257706818,4.76393415685574,23.0311044724161));
#11817=CARTESIAN_POINT('Ctrl Pts',(65.6672369972163,4.31992349875167,22.5072020680077));
#11818=CARTESIAN_POINT('Ctrl Pts',(65.7323263582041,3.99723124540083,22.2291165762734));
#11819=CARTESIAN_POINT('Ctrl Pts',(65.7574383618208,3.70665799984057,22.1117465378226));
#11820=CARTESIAN_POINT('Ctrl Pts',(65.7570509278599,3.48620815398778,22.1137390257482));
#11821=CARTESIAN_POINT('Ctrl Pts',(65.7379752821714,3.26903176002907,22.2022425176563));
#11822=CARTESIAN_POINT('Ctrl Pts',(65.7159444384498,3.13445019335853,22.2984477924751));
#11823=CARTESIAN_POINT('Ctrl Pts',(65.7032926120627,3.06983559724519,22.351359615033));
#11824=CARTESIAN_POINT('Ctrl Pts',(63.0697281033419,6.73989840185809,27.072407520389));
#11825=CARTESIAN_POINT('Ctrl Pts',(63.4502678569665,6.67646587748897,26.6920041765592));
#11826=CARTESIAN_POINT('Ctrl Pts',(64.1369156442283,6.42698628208816,25.8817822754221));
#11827=CARTESIAN_POINT('Ctrl Pts',(64.8364883236181,5.88812060233701,24.733976915327));
#11828=CARTESIAN_POINT('Ctrl Pts',(65.2989282588536,5.30834026828446,23.7181839914897));
#11829=CARTESIAN_POINT('Ctrl Pts',(65.5487320584297,4.82672028944039,22.9944604142512));
#11830=CARTESIAN_POINT('Ctrl Pts',(65.6957159348865,4.37876499680455,22.4587553265938));
#11831=CARTESIAN_POINT('Ctrl Pts',(65.7631363745463,4.04716534989332,22.1669371224015));
#11832=CARTESIAN_POINT('Ctrl Pts',(65.7912455754525,3.72569442742499,22.0325078029462));
#11833=CARTESIAN_POINT('Ctrl Pts',(65.7908476372246,3.46604077818134,22.0345917836408));
#11834=CARTESIAN_POINT('Ctrl Pts',(65.7695425568485,3.2257769585127,22.1359125484278));
#11835=CARTESIAN_POINT('Ctrl Pts',(65.7464235380713,3.08454577707048,22.2384874457879));
#11836=CARTESIAN_POINT('Ctrl Pts',(65.733286488861,3.01742433895982,22.2942460656301));
#11837=CARTESIAN_POINT('Ctrl Pts',(63.0710678118655,6.75586353191015,27.0710678118655));
#11838=CARTESIAN_POINT('Ctrl Pts',(63.4524987088256,6.69312854663995,26.6896369149054));
#11839=CARTESIAN_POINT('Ctrl Pts',(64.1404194655751,6.44487761715656,25.877180653157));
#11840=CARTESIAN_POINT('Ctrl Pts',(64.8407335005477,5.90752140396972,24.7262011230503));
#11841=CARTESIAN_POINT('Ctrl Pts',(65.303305531624,5.32870314546506,23.7073213122262));
#11842=CARTESIAN_POINT('Ctrl Pts',(65.5530412490301,4.84755518676868,22.9808454610228));
#11843=CARTESIAN_POINT('Ctrl Pts',(65.7001547020087,4.39825568049577,22.4413664123344));
#11844=CARTESIAN_POINT('Ctrl Pts',(65.7680234410711,4.06367809769482,22.1450977499438));
#11845=CARTESIAN_POINT('Ctrl Pts',(65.7969210713109,3.73195782221725,22.0050703466419));
#11846=CARTESIAN_POINT('Ctrl Pts',(65.7965177936694,3.45932172274746,22.0071825014089));
#11847=CARTESIAN_POINT('Ctrl Pts',(65.7746074463635,3.21140087567811,22.1127028007465));
#11848=CARTESIAN_POINT('Ctrl Pts',(65.7512434519414,3.06795622839023,22.2173496026981));
#11849=CARTESIAN_POINT('Ctrl Pts',(65.7380068664289,3.,22.2740321610266));
#11850=CARTESIAN_POINT('',(65.3467938085316,3.0375,22.2285515178061));
#11851=CARTESIAN_POINT('',(65.7380068664289,3.,22.2740321610266));
#11852=CARTESIAN_POINT('Origin',(65.5432467291003,3.,22.2285515178061));
#11853=CARTESIAN_POINT('Ctrl Pts',(65.7380068664289,3.,22.2740321610266));
#11854=CARTESIAN_POINT('Ctrl Pts',(65.7512434519414,3.06795622839023,22.2173496026981));
#11855=CARTESIAN_POINT('Ctrl Pts',(65.7746074463635,3.21140087567811,22.1127028007465));
#11856=CARTESIAN_POINT('Ctrl Pts',(65.7965177936694,3.45932172274746,22.0071825014089));
#11857=CARTESIAN_POINT('Ctrl Pts',(65.7969210713109,3.73195782221725,22.0050703466419));
#11858=CARTESIAN_POINT('Ctrl Pts',(65.7680234410711,4.06367809769482,22.1450977499438));
#11859=CARTESIAN_POINT('Ctrl Pts',(65.7001547020087,4.39825568049577,22.4413664123344));
#11860=CARTESIAN_POINT('Ctrl Pts',(65.5530412490301,4.84755518676868,22.9808454610228));
#11861=CARTESIAN_POINT('Ctrl Pts',(65.303305531624,5.32870314546506,23.7073213122262));
#11862=CARTESIAN_POINT('Ctrl Pts',(64.8407335005477,5.90752140396972,24.7262011230503));
#11863=CARTESIAN_POINT('Ctrl Pts',(64.1404194655751,6.44487761715656,25.877180653157));
#11864=CARTESIAN_POINT('Ctrl Pts',(63.4524987088256,6.69312854663995,26.6896369149054));
#11865=CARTESIAN_POINT('Ctrl Pts',(63.0710678118655,6.75586353191015,27.0710678118655));
#11866=CARTESIAN_POINT('',(65.3999325301416,3.59992550321087,21.9701361143101));
#11867=CARTESIAN_POINT('Ctrl Pts',(62.8965435521514,6.55862206116577,26.9296464556282));
#11868=CARTESIAN_POINT('Ctrl Pts',(63.2469831887335,6.49980801247496,26.5558441766073));
#11869=CARTESIAN_POINT('Ctrl Pts',(63.8790103839971,6.26707276608427,25.7596370400939));
#11870=CARTESIAN_POINT('Ctrl Pts',(64.5224239036282,5.76330131622161,24.6316771005893));
#11871=CARTESIAN_POINT('Ctrl Pts',(64.9474119571795,5.22065919887349,23.6331748859816));
#11872=CARTESIAN_POINT('Ctrl Pts',(65.1768566475464,4.76958298759563,22.9212285518024));
#11873=CARTESIAN_POINT('Ctrl Pts',(65.3120171324705,4.34836470046478,22.3925390840878));
#11874=CARTESIAN_POINT('Ctrl Pts',(65.3743715364841,4.03469821658889,22.102195794945));
#11875=CARTESIAN_POINT('Ctrl Pts',(65.3974972178895,3.76381739989041,21.9826665799456));
#11876=CARTESIAN_POINT('Ctrl Pts',(65.3999020506249,3.64022354036273,21.9702936221031));
#11877=CARTESIAN_POINT('Ctrl Pts',(65.3999040824915,3.59989409276123,21.9702898229954));
#11878=CARTESIAN_POINT('Ctrl Pts',(65.3999040824915,3.59989409276123,21.9702898229954));
#11879=CARTESIAN_POINT('Ctrl Pts',(65.3999062475276,3.55692143378213,21.9702857748925));
#11880=CARTESIAN_POINT('Ctrl Pts',(65.3973021572796,3.43060564432084,21.9837269602676));
#11881=CARTESIAN_POINT('Ctrl Pts',(65.3804205913465,3.23568832094823,22.0704487447316));
#11882=CARTESIAN_POINT('Ctrl Pts',(65.3589549214711,3.10120896411585,22.1730026106442));
#11883=CARTESIAN_POINT('Ctrl Pts',(65.3467938085316,3.0375,22.2285515178061));
#11884=CARTESIAN_POINT('Ctrl Pts',(65.3467938085316,3.03749999999999,22.2285515178061));
#11885=CARTESIAN_POINT('Ctrl Pts',(65.2850516805806,2.71404876378394,22.5105740391473));
#11886=CARTESIAN_POINT('Ctrl Pts',(65.0321147277806,2.00617666373202,22.9606072555893));
#11887=CARTESIAN_POINT('Ctrl Pts',(64.3526857230339,1.26232603922124,23.3584188729993));
#11888=CARTESIAN_POINT('Ctrl Pts',(63.6756343581124,0.864192101995706,23.7002413688727));
#11889=CARTESIAN_POINT('Ctrl Pts',(63.149471585395,0.6791768468529,24.030418825144));
#11890=CARTESIAN_POINT('Ctrl Pts',(62.8337180201657,0.628012270003429,24.3305826047662));
#11891=CARTESIAN_POINT('Ctrl Pts',(62.6900945970866,0.614058753970342,24.4950089725696));
#11892=CARTESIAN_POINT('Ctrl Pts',(65.3531567459978,3.07083380396384,22.2708165921307));
#11893=CARTESIAN_POINT('Ctrl Pts',(65.2941991875776,2.7421124045917,22.5563183829981));
#11894=CARTESIAN_POINT('Ctrl Pts',(65.0444615509608,2.02462336337575,23.0097706638691));
#11895=CARTESIAN_POINT('Ctrl Pts',(64.3667969211514,1.27447240261968,23.409161223733));
#11896=CARTESIAN_POINT('Ctrl Pts',(63.6960177639572,0.874258053018075,23.7500355763113));
#11897=CARTESIAN_POINT('Ctrl Pts',(63.1798663402664,0.687654113157449,24.0757679416887));
#11898=CARTESIAN_POINT('Ctrl Pts',(62.8707602726135,0.633518344706334,24.369940463103));
#11899=CARTESIAN_POINT('Ctrl Pts',(62.7291699907048,0.617855064625401,24.5317596956847));
#11900=CARTESIAN_POINT('Ctrl Pts',(65.4117565391001,3.12845649334912,22.3549941003516));
#11901=CARTESIAN_POINT('Ctrl Pts',(65.356951074302,2.78411399407917,22.6474582823431));
#11902=CARTESIAN_POINT('Ctrl Pts',(65.1093860915025,2.03724218873283,23.1077747992258));
#11903=CARTESIAN_POINT('Ctrl Pts',(64.4253755327732,1.26251257302592,23.5103353351542));
#11904=CARTESIAN_POINT('Ctrl Pts',(63.7569499828956,0.850926722946729,23.8493284344854));
#11905=CARTESIAN_POINT('Ctrl Pts',(63.2523368866212,0.657878838689864,24.1661689621528));
#11906=CARTESIAN_POINT('Ctrl Pts',(62.9513058325059,0.59811520831476,24.4483640612039));
#11907=CARTESIAN_POINT('Ctrl Pts',(62.8114507630291,0.579651747156945,24.6049636923282));
#11908=CARTESIAN_POINT('Ctrl Pts',(65.5817424314065,3.13494155044114,22.4026229791086));
#11909=CARTESIAN_POINT('Ctrl Pts',(65.5256227327167,2.76748812401343,22.6996363339122));
#11910=CARTESIAN_POINT('Ctrl Pts',(65.2668219139139,1.97225344681,23.1650158687216));
#11911=CARTESIAN_POINT('Ctrl Pts',(64.549234721276,1.14799487729183,23.5680599836254));
#11912=CARTESIAN_POINT('Ctrl Pts',(63.8510339417715,0.709064307636561,23.9040646892403));
#11913=CARTESIAN_POINT('Ctrl Pts',(63.3275110454585,0.503068666221438,24.2156427974156));
#11914=CARTESIAN_POINT('Ctrl Pts',(63.0168417756545,0.440050443436101,24.492743167312));
#11915=CARTESIAN_POINT('Ctrl Pts',(62.8723926612331,0.421149702885914,24.6473966154681));
#11916=CARTESIAN_POINT('Ctrl Pts',(65.7032941668957,3.06983735001275,22.3513621223828));
#11917=CARTESIAN_POINT('Ctrl Pts',(65.6411532824687,2.69533621241471,22.6450884490459));
#11918=CARTESIAN_POINT('Ctrl Pts',(65.3677392035416,1.88107498492338,23.1081321227372));
#11919=CARTESIAN_POINT('Ctrl Pts',(64.6180607684126,1.03088141163298,23.5073579684931));
#11920=CARTESIAN_POINT('Ctrl Pts',(63.8816716762539,0.57633447373331,23.8417334801026));
#11921=CARTESIAN_POINT('Ctrl Pts',(63.3219173792337,0.364085770250111,24.1583213762352));
#11922=CARTESIAN_POINT('Ctrl Pts',(62.9907769757433,0.303030207894068,24.4450524771093));
#11923=CARTESIAN_POINT('Ctrl Pts',(62.839293801716,0.28588942277855,24.6043142926529));
#11924=CARTESIAN_POINT('Ctrl Pts',(65.733286488861,3.01742433895982,22.2942460656301));
#11925=CARTESIAN_POINT('Ctrl Pts',(65.6672897154388,2.64610098599621,22.5836075833348));
#11926=CARTESIAN_POINT('Ctrl Pts',(65.3870183702436,1.83466191828829,23.0427211416753));
#11927=CARTESIAN_POINT('Ctrl Pts',(64.6247350183004,0.98341344159646,23.4390173268703));
#11928=CARTESIAN_POINT('Ctrl Pts',(63.8699376711409,0.527844639576843,23.7736022960357));
#11929=CARTESIAN_POINT('Ctrl Pts',(63.2896510959131,0.315901532267904,24.0960896604543));
#11930=CARTESIAN_POINT('Ctrl Pts',(62.9463509472286,0.256742817511078,24.3918489384861));
#11931=CARTESIAN_POINT('Ctrl Pts',(62.7910280056568,0.240531612832468,24.555238629168));
#11932=CARTESIAN_POINT('Ctrl Pts',(65.7380068664289,3.,22.2740321610266));
#11933=CARTESIAN_POINT('Ctrl Pts',(65.6708045502918,2.63034144432448,22.5618102440278));
#11934=CARTESIAN_POINT('Ctrl Pts',(65.3887038551108,1.8213447585509,23.0194537704025));
#11935=CARTESIAN_POINT('Ctrl Pts',(64.6232126329417,0.971229759109996,23.4148282130537));
#11936=CARTESIAN_POINT('Ctrl Pts',(63.8632429879975,0.516219545137956,23.7496480877491));
#11937=CARTESIAN_POINT('Ctrl Pts',(63.2768019315923,0.30477353926046,24.0742290459726));
#11938=CARTESIAN_POINT('Ctrl Pts',(62.929781076517,0.246299737146776,24.3730274536076));
#11939=CARTESIAN_POINT('Ctrl Pts',(62.7732856193856,0.230352861680392,24.5377864299654));
#11940=CARTESIAN_POINT('',(62.6900945970866,0.614058753970342,24.4950089725696));
#11941=CARTESIAN_POINT('',(62.7732856193856,0.230352861680392,24.5377864299654));
#11942=CARTESIAN_POINT('Origin',(62.7094342368923,0.414996004235031,24.4950089725696));
#11943=CARTESIAN_POINT('Ctrl Pts',(62.7732856193856,0.230352861680392,24.5377864299654));
#11944=CARTESIAN_POINT('Ctrl Pts',(62.929781076517,0.246299737146776,24.3730274536076));
#11945=CARTESIAN_POINT('Ctrl Pts',(63.2768019315923,0.30477353926046,24.0742290459726));
#11946=CARTESIAN_POINT('Ctrl Pts',(63.8632429879975,0.516219545137956,23.7496480877491));
#11947=CARTESIAN_POINT('Ctrl Pts',(64.6232126329417,0.971229759109996,23.4148282130537));
#11948=CARTESIAN_POINT('Ctrl Pts',(65.3887038551108,1.8213447585509,23.0194537704025));
#11949=CARTESIAN_POINT('Ctrl Pts',(65.6708045502918,2.63034144432448,22.5618102440278));
#11950=CARTESIAN_POINT('Ctrl Pts',(65.7380068664289,3.,22.2740321610266));
#11951=CARTESIAN_POINT('Ctrl Pts',(65.3467938085316,3.03749999999999,22.2285515178061));
#11952=CARTESIAN_POINT('Ctrl Pts',(65.2850516805806,2.71404876378394,22.5105740391473));
#11953=CARTESIAN_POINT('Ctrl Pts',(65.0321147277806,2.00617666373202,22.9606072555893));
#11954=CARTESIAN_POINT('Ctrl Pts',(64.3526857230339,1.26232603922124,23.3584188729993));
#11955=CARTESIAN_POINT('Ctrl Pts',(63.6756343581124,0.864192101995706,23.7002413688727));
#11956=CARTESIAN_POINT('Ctrl Pts',(63.149471585395,0.6791768468529,24.030418825144));
#11957=CARTESIAN_POINT('Ctrl Pts',(62.8337180201657,0.628012270003429,24.3305826047662));
#11958=CARTESIAN_POINT('Ctrl Pts',(62.6900945970866,0.614058753970342,24.4950089725696));
#11959=CARTESIAN_POINT('Ctrl Pts',(62.6900945970852,0.614058753970209,24.4950089725712));
#11960=CARTESIAN_POINT('Ctrl Pts',(62.5226871116583,0.597794533400381,24.68666437377));
#11961=CARTESIAN_POINT('Ctrl Pts',(62.2607666378676,0.596891387545412,25.2391114384355));
#11962=CARTESIAN_POINT('Ctrl Pts',(62.0323479637822,0.61860967124701,25.7996122944322));
#11963=CARTESIAN_POINT('Ctrl Pts',(61.8802289528237,0.645370064032183,26.1084488168718));
#11964=CARTESIAN_POINT('Ctrl Pts',(62.7291699907034,0.617855064625244,24.5317596956863));
#11965=CARTESIAN_POINT('Ctrl Pts',(62.5694784437354,0.6001222752434,24.7148537114591));
#11966=CARTESIAN_POINT('Ctrl Pts',(62.3086997223393,0.594543296430253,25.2585308473168));
#11967=CARTESIAN_POINT('Ctrl Pts',(62.077358570515,0.612973235195941,25.8211530569956));
#11968=CARTESIAN_POINT('Ctrl Pts',(61.9227778459167,0.637884970061552,26.1314954851839));
#11969=CARTESIAN_POINT('Ctrl Pts',(62.8114505707356,0.579652872950957,24.604963615075));
#11970=CARTESIAN_POINT('Ctrl Pts',(62.6645092323397,0.559422698550375,24.7709216942752));
#11971=CARTESIAN_POINT('Ctrl Pts',(62.4020757342387,0.54730503912207,25.2971142345691));
#11972=CARTESIAN_POINT('Ctrl Pts',(62.16221360138,0.562295265585035,25.8641054604193));
#11973=CARTESIAN_POINT('Ctrl Pts',(62.0010957594585,0.585784132767066,26.1774585547971));
#11974=CARTESIAN_POINT('Ctrl Pts',(62.8723924978007,0.421150204808061,24.647396508633));
#11975=CARTESIAN_POINT('Ctrl Pts',(62.7259488670635,0.400241822167186,24.8043672269684));
#11976=CARTESIAN_POINT('Ctrl Pts',(62.4558015289985,0.390323439666815,25.3222084974808));
#11977=CARTESIAN_POINT('Ctrl Pts',(62.2065792265489,0.409785069524314,25.89383401074));
#11978=CARTESIAN_POINT('Ctrl Pts',(62.0387448872081,0.436915214830401,26.2109984179973));
#11979=CARTESIAN_POINT('Ctrl Pts',(62.8392936642097,0.285889845142474,24.6043142027719));
#11980=CARTESIAN_POINT('Ctrl Pts',(62.6778422985007,0.266294724858389,24.7725977158339));
#11981=CARTESIAN_POINT('Ctrl Pts',(62.4024825097958,0.262706366491833,25.3033739075316));
#11982=CARTESIAN_POINT('Ctrl Pts',(62.1541760467335,0.287241499020011,25.8760027707301));
#11983=CARTESIAN_POINT('Ctrl Pts',(61.9869056045076,0.317818878999774,26.19477002411));
#11984=CARTESIAN_POINT('Ctrl Pts',(62.7910280056552,0.240531612832313,24.5552386291698));
#11985=CARTESIAN_POINT('Ctrl Pts',(62.6176579176114,0.221713779579273,24.7355369089268));
#11986=CARTESIAN_POINT('Ctrl Pts',(62.3403087830364,0.220254604836507,25.2791840101486));
#11987=CARTESIAN_POINT('Ctrl Pts',(62.0953385088959,0.245276923015845,25.8505337270936));
#11988=CARTESIAN_POINT('Ctrl Pts',(61.9305335817183,0.276018740635291,26.1690160122985));
#11989=CARTESIAN_POINT('Ctrl Pts',(62.773285619384,0.23035286168024,24.5377864299671));
#11990=CARTESIAN_POINT('Ctrl Pts',(62.5959527090323,0.211765181029009,24.7222495607752));
#11991=CARTESIAN_POINT('Ctrl Pts',(62.3179915340631,0.210733014337619,25.2703165581011));
#11992=CARTESIAN_POINT('Ctrl Pts',(62.0742442518594,0.235553909996583,25.8410872518942));
#11993=CARTESIAN_POINT('Ctrl Pts',(61.9103409179624,0.266137216036786,26.1593202520953));
#11994=CARTESIAN_POINT('',(61.8802289528237,0.645370064032183,26.1084488168718));
#11995=CARTESIAN_POINT('',(61.9103409179626,0.266137216036781,26.159320252095));
#11996=CARTESIAN_POINT('Origin',(61.8455775496786,0.448394734967663,26.1084488168718));
#11997=CARTESIAN_POINT('Ctrl Pts',(61.9103409179624,0.266137216036786,26.1593202520953));
#11998=CARTESIAN_POINT('Ctrl Pts',(62.0742442518594,0.235553909996583,25.8410872518942));
#11999=CARTESIAN_POINT('Ctrl Pts',(62.3179915340631,0.210733014337619,25.2703165581011));
#12000=CARTESIAN_POINT('Ctrl Pts',(62.5959527090323,0.211765181029009,24.7222495607752));
#12001=CARTESIAN_POINT('Ctrl Pts',(62.773285619384,0.23035286168024,24.5377864299671));
#12002=CARTESIAN_POINT('Ctrl Pts',(62.6900945970852,0.614058753970209,24.4950089725712));
#12003=CARTESIAN_POINT('Ctrl Pts',(62.5226871116583,0.597794533400381,24.68666437377));
#12004=CARTESIAN_POINT('Ctrl Pts',(62.2607666378676,0.596891387545412,25.2391114384355));
#12005=CARTESIAN_POINT('Ctrl Pts',(62.0323479637822,0.61860967124701,25.7996122944322));
#12006=CARTESIAN_POINT('Ctrl Pts',(61.8802289528237,0.645370064032183,26.1084488168718));
#12007=CARTESIAN_POINT('Ctrl Pts',(61.8802289528238,0.645370064032167,26.1084488168716));
#12008=CARTESIAN_POINT('Ctrl Pts',(61.6478221825546,0.686254476960882,26.580287926718));
#12009=CARTESIAN_POINT('Ctrl Pts',(61.2460134901135,0.80108088298544,27.3560328414068));
#12010=CARTESIAN_POINT('Ctrl Pts',(60.7258121855941,1.09478776630834,28.2190053859334));
#12011=CARTESIAN_POINT('Ctrl Pts',(60.3919443954564,1.36329363501365,28.7668672214793));
#12012=CARTESIAN_POINT('Ctrl Pts',(60.2378927114883,1.51791805037839,29.0373157235573));
#12013=CARTESIAN_POINT('Ctrl Pts',(60.1717013462858,1.59134743923804,29.1810405321036));
#12014=CARTESIAN_POINT('Ctrl Pts',(61.9227778459168,0.63788497006154,26.1314954851837));
#12015=CARTESIAN_POINT('Ctrl Pts',(61.6878996128426,0.675715185343,26.6029091290773));
#12016=CARTESIAN_POINT('Ctrl Pts',(61.2797608087545,0.786504684931187,27.3797088883409));
#12017=CARTESIAN_POINT('Ctrl Pts',(60.7505738427494,1.07792165792969,28.2424365587809));
#12018=CARTESIAN_POINT('Ctrl Pts',(60.4108236762836,1.34620092202658,28.7887827950361));
#12019=CARTESIAN_POINT('Ctrl Pts',(60.2542533202056,1.50091380700945,29.056986425736));
#12020=CARTESIAN_POINT('Ctrl Pts',(60.1871384258273,1.57422231554489,29.1979564796255));
#12021=CARTESIAN_POINT('Ctrl Pts',(62.001095697854,0.585783425387215,26.1774585878104));
#12022=CARTESIAN_POINT('Ctrl Pts',(61.7588471758501,0.621192589160221,26.6480168843797));
#12023=CARTESIAN_POINT('Ctrl Pts',(61.3352957466352,0.730564157337852,27.4270007943185));
#12024=CARTESIAN_POINT('Ctrl Pts',(60.7874469625214,1.02604798021873,28.2892507436432));
#12025=CARTESIAN_POINT('Ctrl Pts',(60.4369146915124,1.29933634331411,28.8325870078203));
#12026=CARTESIAN_POINT('Ctrl Pts',(60.2766071312002,1.45702558744273,29.0963160078464));
#12027=CARTESIAN_POINT('Ctrl Pts',(60.2087375716021,1.53163350803337,29.2317762743658));
#12028=CARTESIAN_POINT('Ctrl Pts',(62.038744918337,0.436914893493389,26.2109984640516));
#12029=CARTESIAN_POINT('Ctrl Pts',(61.7885473800929,0.478111394344071,26.6835949087485));
#12030=CARTESIAN_POINT('Ctrl Pts',(61.3511683683493,0.600486422291453,27.4691923620358));
#12031=CARTESIAN_POINT('Ctrl Pts',(60.7886033702331,0.917872336911529,28.33775571745));
#12032=CARTESIAN_POINT('Ctrl Pts',(60.4319278467328,1.20820272314206,28.8822358500377));
#12033=CARTESIAN_POINT('Ctrl Pts',(60.2723057828894,1.37519085379058,29.1433402589464));
#12034=CARTESIAN_POINT('Ctrl Pts',(60.2075636258953,1.45431467502865,29.2733354708516));
#12035=CARTESIAN_POINT('Ctrl Pts',(61.9869056296468,0.317818608437155,26.1947700623247));
#12036=CARTESIAN_POINT('Ctrl Pts',(61.7372413399182,0.364555584442973,26.6720205681824));
#12037=CARTESIAN_POINT('Ctrl Pts',(61.3031316329318,0.496717626186144,27.4657174363488));
#12038=CARTESIAN_POINT('Ctrl Pts',(60.7440300670107,0.830263473108538,28.3473227597605));
#12039=CARTESIAN_POINT('Ctrl Pts',(60.391892578299,1.13346533179325,28.8999708920689));
#12040=CARTESIAN_POINT('Ctrl Pts',(60.2377764783036,1.30765584376425,29.1645228899539));
#12041=CARTESIAN_POINT('Ctrl Pts',(60.1787060352985,1.39036026505671,29.294012095478));
#12042=CARTESIAN_POINT('Ctrl Pts',(61.9305335817184,0.276018740635266,26.1690160122983));
#12043=CARTESIAN_POINT('Ctrl Pts',(61.683436606879,0.323005272781418,26.6490472904856));
#12044=CARTESIAN_POINT('Ctrl Pts',(61.2555334325516,0.455068194320751,27.4466806993765));
#12045=CARTESIAN_POINT('Ctrl Pts',(60.7031243027826,0.790912904297768,28.3377879161213));
#12046=CARTESIAN_POINT('Ctrl Pts',(60.3561924918076,1.0973355860088,28.898002717083));
#12047=CARTESIAN_POINT('Ctrl Pts',(60.2063155068944,1.27366380724867,29.1671879911429));
#12048=CARTESIAN_POINT('Ctrl Pts',(60.1512311273824,1.35739902407091,29.298477830602));
#12049=CARTESIAN_POINT('Ctrl Pts',(61.9103409179625,0.266137216036763,26.1593202520951));
#12050=CARTESIAN_POINT('Ctrl Pts',(61.6641406401688,0.312862259383865,26.6401549214385));
#12051=CARTESIAN_POINT('Ctrl Pts',(61.2384774920952,0.444092437697653,27.4388696466483));
#12052=CARTESIAN_POINT('Ctrl Pts',(60.6884881547938,0.779757447209535,28.3330943728819));
#12053=CARTESIAN_POINT('Ctrl Pts',(60.3433888259503,1.08662129715847,28.8960029593404));
#12054=CARTESIAN_POINT('Ctrl Pts',(60.1949314564947,1.26333491471817,29.1669631364025));
#12055=CARTESIAN_POINT('Ctrl Pts',(60.1411728776405,1.34725421627205,29.2990653070392));
#12056=CARTESIAN_POINT('',(60.1717013462858,1.59134743923804,29.1810405321036));
#12057=CARTESIAN_POINT('',(60.1411728776405,1.34725421627205,29.2990653070392));
#12058=CARTESIAN_POINT('Origin',(60.0231481027049,1.45743726852058,29.1810405321036));
#12059=CARTESIAN_POINT('Ctrl Pts',(60.1411728776405,1.34725421627205,29.2990653070392));
#12060=CARTESIAN_POINT('Ctrl Pts',(60.1949314564947,1.26333491471817,29.1669631364025));
#12061=CARTESIAN_POINT('Ctrl Pts',(60.3433888259503,1.08662129715847,28.8960029593404));
#12062=CARTESIAN_POINT('Ctrl Pts',(60.6884881547938,0.779757447209535,28.3330943728819));
#12063=CARTESIAN_POINT('Ctrl Pts',(61.2384774920952,0.444092437697653,27.4388696466483));
#12064=CARTESIAN_POINT('Ctrl Pts',(61.6641406401688,0.312862259383865,26.6401549214385));
#12065=CARTESIAN_POINT('Ctrl Pts',(61.9103409179625,0.266137216036763,26.1593202520951));
#12066=CARTESIAN_POINT('Ctrl Pts',(61.8802289528238,0.645370064032167,26.1084488168716));
#12067=CARTESIAN_POINT('Ctrl Pts',(61.6478221825546,0.686254476960882,26.580287926718));
#12068=CARTESIAN_POINT('Ctrl Pts',(61.2460134901135,0.80108088298544,27.3560328414068));
#12069=CARTESIAN_POINT('Ctrl Pts',(60.7258121855941,1.09478776630834,28.2190053859334));
#12070=CARTESIAN_POINT('Ctrl Pts',(60.3919443954564,1.36329363501365,28.7668672214793));
#12071=CARTESIAN_POINT('Ctrl Pts',(60.2378927114883,1.51791805037839,29.0373157235573));
#12072=CARTESIAN_POINT('Ctrl Pts',(60.1717013462858,1.59134743923804,29.1810405321036));
#12073=CARTESIAN_POINT('Ctrl Pts',(60.1717013462858,1.59134743923805,29.1810405321036));
#12074=CARTESIAN_POINT('Ctrl Pts',(60.1281227986545,1.63969129965208,29.2756649350885));
#12075=CARTESIAN_POINT('Ctrl Pts',(60.085021406585,1.69065326672448,29.368941885993));
#12076=CARTESIAN_POINT('Ctrl Pts',(60.0424849923805,1.74470406973745,29.4604532085239));
#12077=CARTESIAN_POINT('Ctrl Pts',(60.2025755053688,1.55709719185174,29.2148724271473));
#12078=CARTESIAN_POINT('Ctrl Pts',(60.1571775914591,1.60588487173071,29.3092453946237));
#12079=CARTESIAN_POINT('Ctrl Pts',(60.1123894330404,1.65748096081623,29.4023153708057));
#12080=CARTESIAN_POINT('Ctrl Pts',(60.0680495138238,1.71221936366866,29.4935944338129));
#12081=CARTESIAN_POINT('Ctrl Pts',(60.2221963891142,1.46713750614224,29.2735357789992));
#12082=CARTESIAN_POINT('Ctrl Pts',(60.1748982132291,1.51902184352302,29.3675633653543));
#12083=CARTESIAN_POINT('Ctrl Pts',(60.1280909227788,1.57370233557993,29.4602516978605));
#12084=CARTESIAN_POINT('Ctrl Pts',(60.0819399589328,1.63171702089641,29.5511997324649));
#12085=CARTESIAN_POINT('Ctrl Pts',(60.1713476268661,1.37768863966862,29.2973028777276));
#12086=CARTESIAN_POINT('Ctrl Pts',(60.1256098008567,1.43240567725409,29.3927346390722));
#12087=CARTESIAN_POINT('Ctrl Pts',(60.0803642721485,1.48999166230611,29.4868161366549));
#12088=CARTESIAN_POINT('Ctrl Pts',(60.0356880620758,1.55105836279461,29.5790843739918));
#12089=CARTESIAN_POINT('Ctrl Pts',(60.1411728776405,1.34725421627206,29.2990653070392));
#12090=CARTESIAN_POINT('Ctrl Pts',(60.0964084013162,1.40250434245952,29.39540901784));
#12091=CARTESIAN_POINT('Ctrl Pts',(60.0521229449908,1.46074659054226,29.4903753306266));
#12092=CARTESIAN_POINT('Ctrl Pts',(60.0083985965315,1.5225189368428,29.5835344798496));
#12093=CARTESIAN_POINT('Ctrl Pts',(60.0083985965315,1.5225189368428,29.5835344798496));
#12094=CARTESIAN_POINT('Ctrl Pts',(60.0521229449908,1.46074659054226,29.4903753306266));
#12095=CARTESIAN_POINT('Ctrl Pts',(60.0964084013162,1.40250434245952,29.39540901784));
#12096=CARTESIAN_POINT('Ctrl Pts',(60.1411728776405,1.34725421627206,29.2990653070392));
#12097=CARTESIAN_POINT('Ctrl Pts',(60.1717013462858,1.59134743923805,29.1810405321036));
#12098=CARTESIAN_POINT('Ctrl Pts',(60.1339244157892,1.63325527587022,29.2630675772702));
#12099=CARTESIAN_POINT('Ctrl Pts',(60.0965060502307,1.67713052381893,29.3440820615225));
#12100=CARTESIAN_POINT('Ctrl Pts',(60.0595034589016,1.72327982601688,29.4238115760479));
#12101=CARTESIAN_POINT('Origin',(56.,3.,20.));
#12102=CARTESIAN_POINT('',(61.8155148819866,0.,23.8961245690292));
#12103=CARTESIAN_POINT('Origin',(61.8155148819866,3.,23.8961245690292));
#12104=CARTESIAN_POINT('',(63.,0.,20.));
#12105=CARTESIAN_POINT('Origin',(56.,0.,20.));
#12106=CARTESIAN_POINT('',(66.,3.,20.));
#12107=CARTESIAN_POINT('Origin',(63.,3.,20.));
#12108=CARTESIAN_POINT('Origin',(56.,3.,20.));
#12109=CARTESIAN_POINT('Ctrl Pts',(63.2036853292706,0.508401145455473,24.826134223452));
#12110=CARTESIAN_POINT('Ctrl Pts',(63.0926528370413,0.48439011869015,24.9275376628331));
#12111=CARTESIAN_POINT('Ctrl Pts',(62.7648269213984,0.396992024992204,25.2385384122399));
#12112=CARTESIAN_POINT('Ctrl Pts',(62.2848659685654,0.29817793262427,25.797312728761));
#12113=CARTESIAN_POINT('Ctrl Pts',(61.910340917963,0.266137216036833,26.1593202520947));
#12114=CARTESIAN_POINT('Ctrl Pts',(62.7960819040882,0.179381194015321,24.5530588807683));
#12115=CARTESIAN_POINT('Ctrl Pts',(62.6743141097483,0.170520140103457,24.6833557430016));
#12116=CARTESIAN_POINT('Ctrl Pts',(62.3518098202643,0.138178493198607,25.048252340805));
#12117=CARTESIAN_POINT('Ctrl Pts',(61.92993628053,0.102645298200645,25.5921828123488));
#12118=CARTESIAN_POINT('Ctrl Pts',(61.6062026915637,0.0913834618643531,
25.9204205701718));
#12119=CARTESIAN_POINT('Ctrl Pts',(62.3062882154696,-3.27263565176318E-15,
24.2249198831532));
#12120=CARTESIAN_POINT('Ctrl Pts',(62.1762810394337,0.000100291302200093,
24.3930979599527));
#12121=CARTESIAN_POINT('Ctrl Pts',(61.8780185188125,0.000176302173617135,
24.8303499543748));
#12122=CARTESIAN_POINT('Ctrl Pts',(61.5367658446696,-6.89409627409421E-5,
25.3641611774445));
#12123=CARTESIAN_POINT('Ctrl Pts',(61.272635995186,-5.55111512312578E-15,
25.658404911673));
#12124=CARTESIAN_POINT('Ctrl Pts',(61.8155148819866,-3.33066907387547E-15,
23.8961245690292));
#12125=CARTESIAN_POINT('Ctrl Pts',(61.6773579699566,-3.46471676439157E-15,
24.1023432264979));
#12126=CARTESIAN_POINT('Ctrl Pts',(61.4037386740068,-2.37970458552153E-15,
24.6122511051177));
#12127=CARTESIAN_POINT('Ctrl Pts',(61.1433301512484,-6.97494629605328E-15,
25.1359807118136));
#12128=CARTESIAN_POINT('Ctrl Pts',(60.9388903937058,-5.55111512312578E-15,
25.3962487237426));
#12129=CARTESIAN_POINT('',(60.9388903937058,0.,25.3962487237426));
#12130=CARTESIAN_POINT('Origin',(60.9388903937058,3.,25.3962487237426));
#12131=CARTESIAN_POINT('Ctrl Pts',(60.9388903937058,-5.55111512312578E-15,
25.3962487237426));
#12132=CARTESIAN_POINT('Ctrl Pts',(61.1433301512484,-6.97494629605328E-15,
25.1359807118136));
#12133=CARTESIAN_POINT('Ctrl Pts',(61.4037386740068,-2.37970458552153E-15,
24.6122511051177));
#12134=CARTESIAN_POINT('Ctrl Pts',(61.6773579699566,-3.46471676439157E-15,
24.1023432264979));
#12135=CARTESIAN_POINT('Ctrl Pts',(61.8155148819866,-3.33066907387547E-15,
23.8961245690292));
#12136=CARTESIAN_POINT('Ctrl Pts',(62.4760864740534,0.72424489035487,26.6037117217214));
#12137=CARTESIAN_POINT('Ctrl Pts',(62.0113751945422,0.644410051827853,27.0448580065715));
#12138=CARTESIAN_POINT('Ctrl Pts',(61.1917033153832,0.657314656044479,27.8563762918465));
#12139=CARTESIAN_POINT('Ctrl Pts',(60.497861579597,0.971832196584411,28.6720071580132));
#12140=CARTESIAN_POINT('Ctrl Pts',(60.2957486043821,1.15384489510734,28.9917544986945));
#12141=CARTESIAN_POINT('Ctrl Pts',(60.1993287652871,1.25807198604335,29.1621223537068));
#12142=CARTESIAN_POINT('Ctrl Pts',(60.1614552723393,1.31722507788853,29.2507776968118));
#12143=CARTESIAN_POINT('Ctrl Pts',(60.141713415488,1.34841281495651,29.2996058448868));
#12144=CARTESIAN_POINT('Ctrl Pts',(62.0527386341193,0.261850431110944,26.2711732391362));
#12145=CARTESIAN_POINT('Ctrl Pts',(61.6237497521591,0.23107088728436,26.6860057244598));
#12146=CARTESIAN_POINT('Ctrl Pts',(60.8728112899509,0.237844995211826,27.4197425801882));
#12147=CARTESIAN_POINT('Ctrl Pts',(60.1944373465998,0.362142270215154,28.1933893045623));
#12148=CARTESIAN_POINT('Ctrl Pts',(59.9693375395915,0.439037996019423,28.5364061222985));
#12149=CARTESIAN_POINT('Ctrl Pts',(59.8510287049765,0.4832740844182,28.7315172750455));
#12150=CARTESIAN_POINT('Ctrl Pts',(59.7912846105512,0.510086624401705,28.8466549248174));
#12151=CARTESIAN_POINT('Ctrl Pts',(59.7571804270255,0.523782844368554,28.9150728564243));
#12152=CARTESIAN_POINT('Ctrl Pts',(61.4969660471096,-6.72402579885942E-15,
25.8346155073774));
#12153=CARTESIAN_POINT('Ctrl Pts',(61.1342401456262,0.000488412633756643,
26.2299689071205));
#12154=CARTESIAN_POINT('Ctrl Pts',(60.4663175272049,0.00360471020702832,
26.8738956223169));
#12155=CARTESIAN_POINT('Ctrl Pts',(59.7553052828381,0.00215553705610222,
27.4959542747921));
#12156=CARTESIAN_POINT('Ctrl Pts',(59.4474066974881,0.00115618965848791,
27.8054023998424));
#12157=CARTESIAN_POINT('Ctrl Pts',(59.2613649111302,-8.27226951490985E-6,
27.9995272067586));
#12158=CARTESIAN_POINT('Ctrl Pts',(59.1422535333356,0.000371928640283415,
28.1362896046705));
#12159=CARTESIAN_POINT('Ctrl Pts',(59.0692802535856,3.28148662485238E-15,
28.2271726829843));
#12160=CARTESIAN_POINT('Ctrl Pts',(60.9388903937058,-7.21644966006352E-15,
25.3962487237426));
#12161=CARTESIAN_POINT('Ctrl Pts',(60.643343188406,-6.76253877936194E-15,
25.772503736364));
#12162=CARTESIAN_POINT('Ctrl Pts',(60.0592667895327,-5.78330832095488E-15,
26.3273931454218));
#12163=CARTESIAN_POINT('Ctrl Pts',(59.313755033317,-8.21744343940651E-15,
26.7939032667872));
#12164=CARTESIAN_POINT('Ctrl Pts',(58.9202686238495,-4.86490176790522E-15,
27.0665476174985));
#12165=CARTESIAN_POINT('Ctrl Pts',(58.664160434334,-7.89850115710273E-15,
27.2577905842747));
#12166=CARTESIAN_POINT('Ctrl Pts',(58.4839368258167,3.31761175624525E-15,
27.415558110795));
#12167=CARTESIAN_POINT('Ctrl Pts',(58.3708012536065,3.33066907387547E-15,
27.5286936830052));
#12168=CARTESIAN_POINT('',(59.6471807134586,0.603813248318208,28.8050731428573));
#12169=CARTESIAN_POINT('Origin',(58.3708012536065,3.,27.5286936830052));
#12170=CARTESIAN_POINT('',(59.0175883869098,0.,27.0000000000005));
#12171=CARTESIAN_POINT('Ctrl Pts',(59.0175883869111,-2.77555756156289E-15,
27.));
#12172=CARTESIAN_POINT('Ctrl Pts',(59.0187880113598,-2.74416835607381E-15,
27.0038265633482));
#12173=CARTESIAN_POINT('Ctrl Pts',(59.0199880383491,7.32129361210865E-6,
27.0076529972635));
#12174=CARTESIAN_POINT('Ctrl Pts',(59.0918685975183,0.000884017535387591,
27.2367674816631));
#12175=CARTESIAN_POINT('Ctrl Pts',(59.1637261030277,0.0271187629691584,
27.4609096407797));
#12176=CARTESIAN_POINT('Ctrl Pts',(59.3722392526137,0.172937532339533,28.0877729187836));
#12177=CARTESIAN_POINT('Ctrl Pts',(59.5088298369396,0.352201021034653,28.4710645803989));
#12178=CARTESIAN_POINT('Ctrl Pts',(59.6471807134586,0.603813248318229,28.8050731428573));
#12179=CARTESIAN_POINT('Ctrl Pts',(59.0174679519724,-5.75871279889253E-15,
26.999532258092));
#12180=CARTESIAN_POINT('Ctrl Pts',(59.0506534525571,-5.93692610588844E-15,
26.9764261692614));
#12181=CARTESIAN_POINT('Ctrl Pts',(59.3471851485619,-8.10829235378893E-15,
26.7729840968477));
#12182=CARTESIAN_POINT('Ctrl Pts',(60.0592667895327,-5.78330832095488E-15,
26.3273931454218));
#12183=CARTESIAN_POINT('Ctrl Pts',(60.643343188406,-6.76253877936194E-15,
25.772503736364));
#12184=CARTESIAN_POINT('Ctrl Pts',(60.9388903937058,-7.21644966006352E-15,
25.3962487237426));
#12185=CARTESIAN_POINT('Origin',(53.4852813742386,3.,32.4142135623731));
#12186=CARTESIAN_POINT('Origin',(58.8994949366116,3.,27.));
#12187=CARTESIAN_POINT('Origin',(62.4,3.59999999999999,30.));
#12188=CARTESIAN_POINT('',(65.4,3.59999999999999,20.));
#12189=CARTESIAN_POINT('',(65.4,3.59999999999999,30.));
#12190=CARTESIAN_POINT('Origin',(62.4,3.59999999999999,20.));
#12191=CARTESIAN_POINT('Ctrl Pts',(5.95751500761949,1.74470406973742,29.4604532085239));
#12192=CARTESIAN_POINT('Ctrl Pts',(5.91497859341501,1.69065326672446,29.368941885993));
#12193=CARTESIAN_POINT('Ctrl Pts',(5.87187720134554,1.63969129965208,29.2756649350885));
#12194=CARTESIAN_POINT('Ctrl Pts',(5.8282986537142,1.59134743923806,29.1810405321036));
#12195=CARTESIAN_POINT('Ctrl Pts',(5.93195048617619,1.71221936366864,29.4935944338129));
#12196=CARTESIAN_POINT('Ctrl Pts',(5.88761056695959,1.65748096081621,29.4023153708057));
#12197=CARTESIAN_POINT('Ctrl Pts',(5.84282240854091,1.60588487173071,29.3092453946238));
#12198=CARTESIAN_POINT('Ctrl Pts',(5.79742449463118,1.55709719185174,29.2148724271474));
#12199=CARTESIAN_POINT('Ctrl Pts',(5.91803974516722,1.63171731845427,29.551209607895));
#12200=CARTESIAN_POINT('Ctrl Pts',(5.87188878132125,1.5737026331378,29.4602615732906));
#12201=CARTESIAN_POINT('Ctrl Pts',(5.82507461331003,1.51902196001783,29.3675766507013));
#12202=CARTESIAN_POINT('Ctrl Pts',(5.77777643742493,1.46713762263706,29.2735490643462));
#12203=CARTESIAN_POINT('Ctrl Pts',(5.96431193792423,1.55105836279458,29.5790843739918));
#12204=CARTESIAN_POINT('Ctrl Pts',(5.91963572785151,1.48999166230609,29.4868161366549));
#12205=CARTESIAN_POINT('Ctrl Pts',(5.87439019914327,1.4324056772541,29.3927346390722));
#12206=CARTESIAN_POINT('Ctrl Pts',(5.8286523731339,1.37768863966864,29.2973028777277));
#12207=CARTESIAN_POINT('Ctrl Pts',(5.99160140346847,1.52251893684277,29.5835344798495));
#12208=CARTESIAN_POINT('Ctrl Pts',(5.94787705500915,1.46074659054224,29.4903753306266));
#12209=CARTESIAN_POINT('Ctrl Pts',(5.90359159868375,1.40250434245952,29.39540901784));
#12210=CARTESIAN_POINT('Ctrl Pts',(5.85882712235954,1.34725421627207,29.2990653070392));
#12211=CARTESIAN_POINT('',(5.94045765682317,1.72333256755282,29.4237747768984));
#12212=CARTESIAN_POINT('',(5.8282986537142,1.59134743923806,29.1810405321036));
#12213=CARTESIAN_POINT('Ctrl Pts',(5.94049654109837,1.72327982601686,29.4238115760478));
#12214=CARTESIAN_POINT('Ctrl Pts',(5.90349394976932,1.67713052381892,29.3440820615225));
#12215=CARTESIAN_POINT('Ctrl Pts',(5.86607558421086,1.63325527587022,29.2630675772702));
#12216=CARTESIAN_POINT('Ctrl Pts',(5.8282986537142,1.59134743923806,29.1810405321036));
#12217=CARTESIAN_POINT('',(5.85882712235954,1.34725421627207,29.2990653070392));
#12218=CARTESIAN_POINT('Origin',(5.97685189729514,1.4574372685206,29.1810405321036));
#12219=CARTESIAN_POINT('',(5.99160140346847,1.52251893684277,29.5835344798495));
#12220=CARTESIAN_POINT('Ctrl Pts',(5.85882712235954,1.34725421627207,29.2990653070392));
#12221=CARTESIAN_POINT('Ctrl Pts',(5.90359159868375,1.40250434245952,29.39540901784));
#12222=CARTESIAN_POINT('Ctrl Pts',(5.94787705500915,1.46074659054224,29.4903753306266));
#12223=CARTESIAN_POINT('Ctrl Pts',(5.99160140346847,1.52251893684277,29.5835344798495));
#12224=CARTESIAN_POINT('Ctrl Pts',(5.94049670387199,1.72328002902669,29.4238119267763));
#12225=CARTESIAN_POINT('Ctrl Pts',(5.94026701753071,1.72299377100276,29.4242839865548));
#12226=CARTESIAN_POINT('Ctrl Pts',(5.94003943231188,1.7227058706124,29.4247560159257));
#12227=CARTESIAN_POINT('Ctrl Pts',(5.93981394692244,1.72241634013558,29.4252280026383));
#12228=CARTESIAN_POINT('Ctrl Pts',(5.93463997797546,1.71577279795312,29.4360581703974));
#12229=CARTESIAN_POINT('Ctrl Pts',(5.93058389936779,1.70829416666906,29.4468320260604));
#12230=CARTESIAN_POINT('Ctrl Pts',(5.92763260792148,1.70012732441965,29.4574030485045));
#12231=CARTESIAN_POINT('Ctrl Pts',(5.92596849154483,1.69552236547878,29.4633636294526));
#12232=CARTESIAN_POINT('Ctrl Pts',(5.92465637691198,1.69069793413147,29.4692596962834));
#12233=CARTESIAN_POINT('Ctrl Pts',(5.92370009927737,1.68567682085286,29.4750635841541));
#12234=CARTESIAN_POINT('Ctrl Pts',(5.92202069546602,1.67685879931583,29.4852563054497));
#12235=CARTESIAN_POINT('Ctrl Pts',(5.92144710038846,1.66749248421003,29.4950992656111));
#12236=CARTESIAN_POINT('Ctrl Pts',(5.92199346191661,1.65771101528683,29.5044469646933));
#12237=CARTESIAN_POINT('Ctrl Pts',(5.92230943547064,1.65205416475838,29.5098529560539));
#12238=CARTESIAN_POINT('Ctrl Pts',(5.9230008069314,1.64625807949688,29.5150930690558));
#12239=CARTESIAN_POINT('Ctrl Pts',(5.92407753026694,1.64034722931355,29.520135848908));
#12240=CARTESIAN_POINT('Ctrl Pts',(5.92563218714697,1.6318126841792,29.5274170065953));
#12241=CARTESIAN_POINT('Ctrl Pts',(5.92797810136614,1.62309987154498,29.5342352427056));
#12242=CARTESIAN_POINT('Ctrl Pts',(5.93113222214868,1.61428956585418,29.5405062818311));
#12243=CARTESIAN_POINT('Ctrl Pts',(5.93484983119575,1.60390528623976,29.5478976512157));
#12244=CARTESIAN_POINT('Ctrl Pts',(5.93968966097181,1.59338430539919,29.5545299293694));
#12245=CARTESIAN_POINT('Ctrl Pts',(5.94555886983918,1.58287707064279,29.5603115806139));
#12246=CARTESIAN_POINT('Ctrl Pts',(5.94611147223679,1.5818877851616,29.5608559392169));
#12247=CARTESIAN_POINT('Ctrl Pts',(5.94667322774107,1.58089863408875,29.5613927342408));
#12248=CARTESIAN_POINT('Ctrl Pts',(5.94724407558735,1.5799097522083,29.5619218744611));
#12249=CARTESIAN_POINT('Ctrl Pts',(5.95327156210528,1.56946831454476,29.5675089771622));
#12250=CARTESIAN_POINT('Ctrl Pts',(5.960245945576,1.55916593461167,29.5721863068345));
#12251=CARTESIAN_POINT('Ctrl Pts',(5.96805784785798,1.54915963140506,29.5758878604904));
#12252=CARTESIAN_POINT('Ctrl Pts',(5.97522013791054,1.53998541962763,29.5792816050575));
#12253=CARTESIAN_POINT('Ctrl Pts',(5.98308745241481,1.53105924011823,29.5818551111967));
#12254=CARTESIAN_POINT('Ctrl Pts',(5.99160140346847,1.52251893684277,29.5835344798495));
#12255=CARTESIAN_POINT('Ctrl Pts',(5.82829865371419,1.59134743923806,29.1810405321036));
#12256=CARTESIAN_POINT('Ctrl Pts',(5.7621088921257,1.51791982934749,29.0373192055691));
#12257=CARTESIAN_POINT('Ctrl Pts',(5.53136844162591,1.28465791115994,28.6327507149583));
#12258=CARTESIAN_POINT('Ctrl Pts',(4.92395703508988,0.856441366239496,27.6626777853101));
#12259=CARTESIAN_POINT('Ctrl Pts',(4.42963923353018,0.699881293931786,26.7375523883795));
#12260=CARTESIAN_POINT('Ctrl Pts',(4.11977104717646,0.645370064032198,26.108448816872));
#12261=CARTESIAN_POINT('Ctrl Pts',(5.81286157417268,1.5742223155449,29.1979564796255));
#12262=CARTESIAN_POINT('Ctrl Pts',(5.74574830578263,1.50091558304999,29.0569898410085));
#12263=CARTESIAN_POINT('Ctrl Pts',(5.51115682941628,1.26744926421596,28.6555146528954));
#12264=CARTESIAN_POINT('Ctrl Pts',(4.89308285394356,0.840360985689299,27.6867552358299));
#12265=CARTESIAN_POINT('Ctrl Pts',(4.39038554434258,0.688324035089949,26.7600317824982));
#12266=CARTESIAN_POINT('Ctrl Pts',(4.07722215408344,0.637884970061567,26.1314954851841));
#12267=CARTESIAN_POINT('Ctrl Pts',(5.7912598256396,1.53163609630917,29.2317761424442));
#12268=CARTESIAN_POINT('Ctrl Pts',(5.72339191031295,1.45702998323982,29.096319157712));
#12269=CARTESIAN_POINT('Ctrl Pts',(5.48300010065047,1.21903434509153,28.701002934261));
#12270=CARTESIAN_POINT('Ctrl Pts',(4.84415470701288,0.784345613801144,27.7348714890707));
#12271=CARTESIAN_POINT('Ctrl Pts',(4.32189116664308,0.63302964971705,26.8048529555088));
#12272=CARTESIAN_POINT('Ctrl Pts',(3.99890096255706,0.585818575160392,26.1774570936638));
#12273=CARTESIAN_POINT('Ctrl Pts',(5.7924356076139,1.45431579564906,29.2733352366901));
#12274=CARTESIAN_POINT('Ctrl Pts',(5.72769501912381,1.37519389133871,29.1433431741705));
#12275=CARTESIAN_POINT('Ctrl Pts',(5.4879355346963,1.12322531010572,28.7514598642174));
#12276=CARTESIAN_POINT('Ctrl Pts',(4.83393629445577,0.66011996261005,27.7799609751326));
#12277=CARTESIAN_POINT('Ctrl Pts',(4.29484550012501,0.491857466920785,26.8411094459794));
#12278=CARTESIAN_POINT('Ctrl Pts',(3.96125686449254,0.436930129873152,26.2109961191352));
#12279=CARTESIAN_POINT('Ctrl Pts',(5.82129327886115,1.39036121773964,29.294011913217));
#12280=CARTESIAN_POINT('Ctrl Pts',(5.7622242669519,1.30765880012189,29.1645258448196));
#12281=CARTESIAN_POINT('Ctrl Pts',(5.53038241449497,1.04489901540684,28.7674719692993));
#12282=CARTESIAN_POINT('Ctrl Pts',(4.88058580611194,0.56050237914246,27.7803603021398));
#12283=CARTESIAN_POINT('Ctrl Pts',(4.34597344057868,0.380145989161665,26.8310867157134));
#12284=CARTESIAN_POINT('Ctrl Pts',(4.01309578574151,0.31783153087883,26.1947681243262));
#12285=CARTESIAN_POINT('Ctrl Pts',(5.84876887261766,1.35739902407092,29.298477830602));
#12286=CARTESIAN_POINT('Ctrl Pts',(5.79368582763129,1.2736658358964,29.1671911718934));
#12287=CARTESIAN_POINT('Ctrl Pts',(5.5680000203151,1.0076674315592,28.7633782724761));
#12288=CARTESIAN_POINT('Ctrl Pts',(4.92556721653654,0.518720957744082,27.7634466040803));
#12289=CARTESIAN_POINT('Ctrl Pts',(4.39892106953104,0.338665932377274,26.8090422102992));
#12290=CARTESIAN_POINT('Ctrl Pts',(4.06946641828181,0.276018740635302,26.1690160122987));
#12291=CARTESIAN_POINT('Ctrl Pts',(5.85882712235954,1.34725421627207,29.2990653070392));
#12292=CARTESIAN_POINT('Ctrl Pts',(5.80506984591093,1.26333694782571,29.1669663368333));
#12293=CARTESIAN_POINT('Ctrl Pts',(5.58145157255929,0.996751898468505,28.760568066354));
#12294=CARTESIAN_POINT('Ctrl Pts',(4.94167437927006,0.507361561416568,27.7562522464243));
#12295=CARTESIAN_POINT('Ctrl Pts',(4.41791816619155,0.328435764493468,26.8004176123526));
#12296=CARTESIAN_POINT('Ctrl Pts',(4.08965908203776,0.266137216036798,26.1593202520955));
#12297=CARTESIAN_POINT('',(4.11977104717646,0.645370064032198,26.108448816872));
#12298=CARTESIAN_POINT('',(4.08965908203742,0.266137216036798,26.1593202520951));
#12299=CARTESIAN_POINT('Origin',(4.15442245032156,0.448394734967678,26.108448816872));
#12300=CARTESIAN_POINT('Ctrl Pts',(4.08965908203776,0.266137216036798,26.1593202520955));
#12301=CARTESIAN_POINT('Ctrl Pts',(4.41791816619155,0.328435764493468,26.8004176123526));
#12302=CARTESIAN_POINT('Ctrl Pts',(4.94167437927006,0.507361561416568,27.7562522464243));
#12303=CARTESIAN_POINT('Ctrl Pts',(5.58145157255929,0.996751898468505,28.760568066354));
#12304=CARTESIAN_POINT('Ctrl Pts',(5.80506984591093,1.26333694782571,29.1669663368333));
#12305=CARTESIAN_POINT('Ctrl Pts',(5.85882712235954,1.34725421627207,29.2990653070392));
#12306=CARTESIAN_POINT('Ctrl Pts',(5.82829865371419,1.59134743923806,29.1810405321036));
#12307=CARTESIAN_POINT('Ctrl Pts',(5.7621088921257,1.51791982934749,29.0373192055691));
#12308=CARTESIAN_POINT('Ctrl Pts',(5.53136844162591,1.28465791115994,28.6327507149583));
#12309=CARTESIAN_POINT('Ctrl Pts',(4.92395703508988,0.856441366239496,27.6626777853101));
#12310=CARTESIAN_POINT('Ctrl Pts',(4.42963923353018,0.699881293931786,26.7375523883795));
#12311=CARTESIAN_POINT('Ctrl Pts',(4.11977104717646,0.645370064032198,26.108448816872));
#12312=CARTESIAN_POINT('Ctrl Pts',(4.11977104717624,0.64537006403216,26.1084488168716));
#12313=CARTESIAN_POINT('Ctrl Pts',(4.00565579355805,0.625295196398194,25.8767686484121));
#12314=CARTESIAN_POINT('Ctrl Pts',(3.83351264278297,0.605414461130695,25.4786677940479));
#12315=CARTESIAN_POINT('Ctrl Pts',(3.59337931473983,0.597162450291041,24.9230251569329));
#12316=CARTESIAN_POINT('Ctrl Pts',(3.42153582255481,0.603213469706495,24.6228083526737));
#12317=CARTESIAN_POINT('Ctrl Pts',(3.30990540291483,0.614058753970198,24.4950089725712));
#12318=CARTESIAN_POINT('Ctrl Pts',(4.07722215408322,0.637884970061532,26.1314954851837));
#12319=CARTESIAN_POINT('Ctrl Pts',(3.96126019455646,0.619196911781735,25.8986856300706));
#12320=CARTESIAN_POINT('Ctrl Pts',(3.78679246414844,0.601749972306011,25.4995979367724));
#12321=CARTESIAN_POINT('Ctrl Pts',(3.5460135684833,0.597326481938361,24.9464907700182));
#12322=CARTESIAN_POINT('Ctrl Pts',(3.37731529790564,0.606030511409862,24.6538501850223));
#12323=CARTESIAN_POINT('Ctrl Pts',(3.27083000929664,0.617855064625234,24.5317596956863));
#12324=CARTESIAN_POINT('Ctrl Pts',(3.99890003410395,0.585827305708152,26.1774567745386));
#12325=CARTESIAN_POINT('Ctrl Pts',(3.87803411946626,0.568206641342857,25.9423884052949));
#12326=CARTESIAN_POINT('Ctrl Pts',(3.69705487565775,0.553298762755543,25.5411860890535));
#12327=CARTESIAN_POINT('Ctrl Pts',(3.45155355038742,0.553576603201818,24.9931684099343));
#12328=CARTESIAN_POINT('Ctrl Pts',(3.28654311287925,0.566227558338891,24.7156236301509));
#12329=CARTESIAN_POINT('Ctrl Pts',(3.18855990008707,0.579717414255235,24.6049597014949));
#12330=CARTESIAN_POINT('Ctrl Pts',(3.96125739183123,0.436933652975705,26.2109955164499));
#12331=CARTESIAN_POINT('Ctrl Pts',(3.83535295635647,0.416581407764578,25.9730680112369));
#12332=CARTESIAN_POINT('Ctrl Pts',(3.64723683083943,0.398097942410541,25.5688062681512));
#12333=CARTESIAN_POINT('Ctrl Pts',(3.39344757672512,0.395305767937067,25.0220368234792));
#12334=CARTESIAN_POINT('Ctrl Pts',(3.22526822472175,0.407235056717083,24.7520611884534));
#12335=CARTESIAN_POINT('Ctrl Pts',(3.12761689263759,0.421177154480761,24.647390198896));
#12336=CARTESIAN_POINT('Ctrl Pts',(4.01309619502655,0.317834557687421,26.1947676295357));
#12337=CARTESIAN_POINT('Ctrl Pts',(3.8876147787515,0.294896297378054,25.9556377158226));
#12338=CARTESIAN_POINT('Ctrl Pts',(3.70019821958736,0.272465737693393,25.5494410458759));
#12339=CARTESIAN_POINT('Ctrl Pts',(3.44388509184647,0.264304740675458,24.9971263546715));
#12340=CARTESIAN_POINT('Ctrl Pts',(3.26837301033666,0.272846363441094,24.7165234813041));
#12341=CARTESIAN_POINT('Ctrl Pts',(3.16071424191546,0.285912753481118,24.6043089101713));
#12342=CARTESIAN_POINT('Ctrl Pts',(4.06946641828159,0.276018740635258,26.1690160122983));
#12343=CARTESIAN_POINT('Ctrl Pts',(3.94583455962109,0.252957123995616,25.9300998734143));
#12344=CARTESIAN_POINT('Ctrl Pts',(3.76093477618841,0.230078874719446,25.5238356611951));
#12345=CARTESIAN_POINT('Ctrl Pts',(3.50502391441029,0.220778099047701,24.9669270338229));
#12346=CARTESIAN_POINT('Ctrl Pts',(3.32457838812104,0.227983532216936,24.6754648698203));
#12347=CARTESIAN_POINT('Ctrl Pts',(3.20897199434481,0.240531612832295,24.5552386291697));
#12348=CARTESIAN_POINT('Ctrl Pts',(4.08965908203753,0.266137216036754,26.1593202520951));
#12349=CARTESIAN_POINT('Ctrl Pts',(3.96670357240947,0.243194510169361,25.9205911195639));
#12350=CARTESIAN_POINT('Ctrl Pts',(3.78274832550668,0.220473669863648,25.5144038227651));
#12351=CARTESIAN_POINT('Ctrl Pts',(3.52702017122384,0.211042800332615,24.9560089655366));
#12352=CARTESIAN_POINT('Ctrl Pts',(3.34496325788731,0.217958251093134,24.6607898706298));
#12353=CARTESIAN_POINT('Ctrl Pts',(3.22671438061599,0.230352861680223,24.537786429967));
#12354=CARTESIAN_POINT('',(3.30990540291483,0.614058753970198,24.4950089725712));
#12355=CARTESIAN_POINT('',(3.22671438061535,0.230352861680225,24.5377864299661));
#12356=CARTESIAN_POINT('Origin',(3.29056576310915,0.414996004234876,24.4950089725712));
#12357=CARTESIAN_POINT('Ctrl Pts',(3.22671438061599,0.230352861680223,24.537786429967));
#12358=CARTESIAN_POINT('Ctrl Pts',(3.34496325788731,0.217958251093134,24.6607898706298));
#12359=CARTESIAN_POINT('Ctrl Pts',(3.52702017122384,0.211042800332615,24.9560089655366));
#12360=CARTESIAN_POINT('Ctrl Pts',(3.78274832550668,0.220473669863648,25.5144038227651));
#12361=CARTESIAN_POINT('Ctrl Pts',(3.96670357240947,0.243194510169361,25.9205911195639));
#12362=CARTESIAN_POINT('Ctrl Pts',(4.08965908203753,0.266137216036754,26.1593202520951));
#12363=CARTESIAN_POINT('Ctrl Pts',(4.11977104717624,0.64537006403216,26.1084488168716));
#12364=CARTESIAN_POINT('Ctrl Pts',(4.00565579355805,0.625295196398194,25.8767686484121));
#12365=CARTESIAN_POINT('Ctrl Pts',(3.83351264278297,0.605414461130695,25.4786677940479));
#12366=CARTESIAN_POINT('Ctrl Pts',(3.59337931473983,0.597162450291041,24.9230251569329));
#12367=CARTESIAN_POINT('Ctrl Pts',(3.42153582255481,0.603213469706495,24.6228083526737));
#12368=CARTESIAN_POINT('Ctrl Pts',(3.30990540291483,0.614058753970198,24.4950089725712));
#12369=CARTESIAN_POINT('Ctrl Pts',(3.30990540291419,0.61405875397026,24.4950089725705));
#12370=CARTESIAN_POINT('Ctrl Pts',(3.16628152955327,0.628012313749757,24.3305820892647));
#12371=CARTESIAN_POINT('Ctrl Pts',(2.85113263675223,0.679423340220107,24.0291494418043));
#12372=CARTESIAN_POINT('Ctrl Pts',(2.14844962855945,0.925996713570967,23.5925447359004));
#12373=CARTESIAN_POINT('Ctrl Pts',(1.15948149562089,1.63948309057951,23.1382899391904));
#12374=CARTESIAN_POINT('Ctrl Pts',(0.74581967375173,2.55232162457071,22.6515866260948));
#12375=CARTESIAN_POINT('Ctrl Pts',(0.653206191468431,3.0375,22.2285515178061));
#12376=CARTESIAN_POINT('Ctrl Pts',(3.27083000929593,0.617855064625312,24.5317596956855));
#12377=CARTESIAN_POINT('Ctrl Pts',(3.12923928347969,0.633518393813034,24.3699399557752));
#12378=CARTESIAN_POINT('Ctrl Pts',(2.82075914278918,0.687951101823742,24.0745924801564));
#12379=CARTESIAN_POINT('Ctrl Pts',(2.13131502610935,0.936508404172616,23.6436417500417));
#12380=CARTESIAN_POINT('Ctrl Pts',(1.1468979302916,1.65377539677523,23.1882766023522));
#12381=CARTESIAN_POINT('Ctrl Pts',(0.735279868894217,2.57775015901624,22.6990706210709));
#12382=CARTESIAN_POINT('Ctrl Pts',(0.646843254002165,3.07083380396385,22.2708165921306));
#12383=CARTESIAN_POINT('Ctrl Pts',(3.18856091718058,0.579724119816664,24.6049593608355));
#12384=CARTESIAN_POINT('Ctrl Pts',(3.04870540923632,0.598187638860275,24.4483592387467));
#12385=CARTESIAN_POINT('Ctrl Pts',(2.74837097610868,0.658333623401687,24.1651637284891));
#12386=CARTESIAN_POINT('Ctrl Pts',(2.07413444349068,0.915195056252954,23.7455128187233));
#12387=CARTESIAN_POINT('Ctrl Pts',(1.0844833995047,1.65273058330194,23.2878908717152));
#12388=CARTESIAN_POINT('Ctrl Pts',(0.67052710924908,2.61195130155821,22.7936866389201));
#12389=CARTESIAN_POINT('Ctrl Pts',(0.588318654316356,3.1284666698144,22.3549889905515));
#12390=CARTESIAN_POINT('Ctrl Pts',(3.12761787101711,0.421179719161462,24.6473895194773));
#12391=CARTESIAN_POINT('Ctrl Pts',(2.98316830372513,0.440080518968383,24.4927355864583));
#12392=CARTESIAN_POINT('Ctrl Pts',(2.67326596688731,0.503457187966666,24.2146903797756));
#12393=CARTESIAN_POINT('Ctrl Pts',(1.97360414282828,0.7777279630702,23.8019094520789));
#12394=CARTESIAN_POINT('Ctrl Pts',(0.936903157726642,1.56352730582231,23.3464136086962));
#12395=CARTESIAN_POINT('Ctrl Pts',(0.502470159682357,2.58375909916135,22.8481360395063));
#12396=CARTESIAN_POINT('Ctrl Pts',(0.418290347731587,3.13494096683873,22.4026146105262));
#12397=CARTESIAN_POINT('Ctrl Pts',(3.16071506587053,0.285914969099393,24.6043083430353));
#12398=CARTESIAN_POINT('Ctrl Pts',(3.00923141691979,0.303055807953906,24.4450460281809));
#12399=CARTESIAN_POINT('Ctrl Pts',(2.67886417548158,0.364412060851058,24.1571805221132));
#12400=CARTESIAN_POINT('Ctrl Pts',(1.9309589602973,0.647204947581503,23.7382686268216));
#12401=CARTESIAN_POINT('Ctrl Pts',(0.844432038554501,1.4610704791865,23.2890272359708));
#12402=CARTESIAN_POINT('Ctrl Pts',(0.389945322301949,2.50808345840455,22.7919459666364));
#12403=CARTESIAN_POINT('Ctrl Pts',(0.296733703429343,3.06983692598091,22.3513550953249));
#12404=CARTESIAN_POINT('Ctrl Pts',(3.208971994344,0.240531612832373,24.5552386291689));
#12405=CARTESIAN_POINT('Ctrl Pts',(3.05364856581058,0.256742868335596,24.3918484262347));
#12406=CARTESIAN_POINT('Ctrl Pts',(2.71109130828536,0.316179985955628,24.0948109950665));
#12407=CARTESIAN_POINT('Ctrl Pts',(1.93591512729569,0.598662558853035,23.6684842827051));
#12408=CARTESIAN_POINT('Ctrl Pts',(0.828012311933918,1.41483368596571,23.2227086421586));
#12409=CARTESIAN_POINT('Ctrl Pts',(0.365708981637559,2.46043756327939,22.7282897029773));
#12410=CARTESIAN_POINT('Ctrl Pts',(0.266713511138978,3.01742433895983,22.2942460656301));
#12411=CARTESIAN_POINT('Ctrl Pts',(3.22671438061522,0.230352861680299,24.5377864299662));
#12412=CARTESIAN_POINT('Ctrl Pts',(3.07021843284621,0.246299787142581,24.3730269370632));
#12413=CARTESIAN_POINT('Ctrl Pts',(2.72392926328333,0.305055245965838,24.0728993850202));
#12414=CARTESIAN_POINT('Ctrl Pts',(1.94060919794193,0.586853386938251,23.6439225748392));
#12415=CARTESIAN_POINT('Ctrl Pts',(0.82700908679736,1.40226638923373,23.1990778645401));
#12416=CARTESIAN_POINT('Ctrl Pts',(0.362796923811406,2.44551042808082,22.7057006388722));
#12417=CARTESIAN_POINT('Ctrl Pts',(0.261993133571083,3.,22.2740321610266));
#12418=CARTESIAN_POINT('',(0.653206191468431,3.0375,22.2285515178061));
#12419=CARTESIAN_POINT('',(0.261993133571082,3.,22.2740321610266));
#12420=CARTESIAN_POINT('Origin',(0.45675327089966,3.,22.2285515178061));
#12421=CARTESIAN_POINT('Ctrl Pts',(0.261993133571083,3.,22.2740321610266));
#12422=CARTESIAN_POINT('Ctrl Pts',(0.362796923811406,2.44551042808082,22.7057006388722));
#12423=CARTESIAN_POINT('Ctrl Pts',(0.82700908679736,1.40226638923373,23.1990778645401));
#12424=CARTESIAN_POINT('Ctrl Pts',(1.94060919794193,0.586853386938251,23.6439225748392));
#12425=CARTESIAN_POINT('Ctrl Pts',(2.72392926328333,0.305055245965838,24.0728993850202));
#12426=CARTESIAN_POINT('Ctrl Pts',(3.07021843284621,0.246299787142581,24.3730269370632));
#12427=CARTESIAN_POINT('Ctrl Pts',(3.22671438061522,0.230352861680299,24.5377864299662));
#12428=CARTESIAN_POINT('Ctrl Pts',(3.30990540291419,0.61405875397026,24.4950089725705));
#12429=CARTESIAN_POINT('Ctrl Pts',(3.16628152955327,0.628012313749757,24.3305820892647));
#12430=CARTESIAN_POINT('Ctrl Pts',(2.85113263675223,0.679423340220107,24.0291494418043));
#12431=CARTESIAN_POINT('Ctrl Pts',(2.14844962855945,0.925996713570967,23.5925447359004));
#12432=CARTESIAN_POINT('Ctrl Pts',(1.15948149562089,1.63948309057951,23.1382899391904));
#12433=CARTESIAN_POINT('Ctrl Pts',(0.74581967375173,2.55232162457071,22.6515866260948));
#12434=CARTESIAN_POINT('Ctrl Pts',(0.653206191468431,3.0375,22.2285515178061));
#12435=CARTESIAN_POINT('Ctrl Pts',(0.653206191468432,3.0375,22.2285515178061));
#12436=CARTESIAN_POINT('Ctrl Pts',(0.641045231885218,3.10120816072109,22.1730033111374));
#12437=CARTESIAN_POINT('Ctrl Pts',(0.619571877736186,3.23567138401941,22.0704239916975));
#12438=CARTESIAN_POINT('Ctrl Pts',(0.599425269219633,3.46817360183828,21.9669320864913));
#12439=CARTESIAN_POINT('Ctrl Pts',(0.599057659542495,3.72364404858975,21.9649092550302));
#12440=CARTESIAN_POINT('Ctrl Pts',(0.625499761975618,4.03514525982069,22.1014317702295));
#12441=CARTESIAN_POINT('Ctrl Pts',(0.687937256124116,4.34822421054306,22.3924323828315));
#12442=CARTESIAN_POINT('Ctrl Pts',(0.823180220715408,4.77025269743144,22.9214605163847));
#12443=CARTESIAN_POINT('Ctrl Pts',(1.14412501665509,5.39864146291211,23.9176476888852));
#12444=CARTESIAN_POINT('Ctrl Pts',(1.82542587007563,6.1203720092482,25.3473725224811));
#12445=CARTESIAN_POINT('Ctrl Pts',(2.63620949130582,6.48020431846646,26.4312497019815));
#12446=CARTESIAN_POINT('Ctrl Pts',(3.10345644784164,6.55862206116461,26.9296464556208));
#12447=CARTESIAN_POINT('Ctrl Pts',(0.646843254002166,3.07083380396385,22.2708165921306));
#12448=CARTESIAN_POINT('Ctrl Pts',(0.635709727658523,3.1331230311381,22.2169689835936));
#12449=CARTESIAN_POINT('Ctrl Pts',(0.616388737874993,3.26363066051771,22.1182668295519));
#12450=CARTESIAN_POINT('Ctrl Pts',(0.599530947233905,3.48134475580196,22.0228963351572));
#12451=CARTESIAN_POINT('Ctrl Pts',(0.599213928813092,3.7113151719967,22.0209346022836));
#12452=CARTESIAN_POINT('Ctrl Pts',(0.62127765586394,4.00269807924856,22.1465938394437));
#12453=CARTESIAN_POINT('Ctrl Pts',(0.678467797648837,4.311447288163,22.4294843915708));
#12454=CARTESIAN_POINT('Ctrl Pts',(0.807610426200704,4.73319080075024,22.952429567559));
#12455=CARTESIAN_POINT('Ctrl Pts',(1.12126018621361,5.36856733093571,23.9441798497619));
#12456=CARTESIAN_POINT('Ctrl Pts',(1.79855085141201,6.10265750820338,25.3715324952935));
#12457=CARTESIAN_POINT('Ctrl Pts',(2.61164449857912,6.4724555156329,26.4544357892542));
#12458=CARTESIAN_POINT('Ctrl Pts',(3.08118975619137,6.55488505726946,26.9525403261232));
#12459=CARTESIAN_POINT('Ctrl Pts',(0.588305615841097,3.12854106313238,22.3550830450121));
#12460=CARTESIAN_POINT('Ctrl Pts',(0.578387872798182,3.18888290530066,22.3046420934344));
#12461=CARTESIAN_POINT('Ctrl Pts',(0.5617338673708,3.31345625007164,22.2137065229629));
#12462=CARTESIAN_POINT('Ctrl Pts',(0.549528890431921,3.50537178499077,22.134606095111));
#12463=CARTESIAN_POINT('Ctrl Pts',(0.549264625826067,3.68871488090617,22.1327690761972));
#12464=CARTESIAN_POINT('Ctrl Pts',(0.565092012505401,3.94493569584187,22.2366780114766));
#12465=CARTESIAN_POINT('Ctrl Pts',(0.616141223395688,4.24934996993477,22.5033390560441));
#12466=CARTESIAN_POINT('Ctrl Pts',(0.739794197720343,4.67513156997158,23.0141251299742));
#12467=CARTESIAN_POINT('Ctrl Pts',(1.04990750941829,5.32887722912012,23.9970262729403));
#12468=CARTESIAN_POINT('Ctrl Pts',(1.73215994160519,6.08789125569986,25.4197483160215));
#12469=CARTESIAN_POINT('Ctrl Pts',(2.55704705768001,6.47443110289282,26.5007910705397));
#12470=CARTESIAN_POINT('Ctrl Pts',(3.03405515212036,6.56301775191851,26.9983100255168));
#12471=CARTESIAN_POINT('Ctrl Pts',(0.418298088166854,3.1348890330833,22.4025492693678));
#12472=CARTESIAN_POINT('Ctrl Pts',(0.407340279020042,3.19609709459422,22.3530781872307));
#12473=CARTESIAN_POINT('Ctrl Pts',(0.388784941040889,3.3219139600401,22.264480094569));
#12474=CARTESIAN_POINT('Ctrl Pts',(0.374922522689779,3.51057599217182,22.1908791601172));
#12475=CARTESIAN_POINT('Ctrl Pts',(0.374617154876689,3.68380265706769,22.1890770435091));
#12476=CARTESIAN_POINT('Ctrl Pts',(0.392640035799679,3.93545861150591,22.2856216664437));
#12477=CARTESIAN_POINT('Ctrl Pts',(0.449226614025133,4.24601626137342,22.5478092742985));
#12478=CARTESIAN_POINT('Ctrl Pts',(0.5830932433477,4.68265622681246,23.0568252733505));
#12479=CARTESIAN_POINT('Ctrl Pts',(0.912958790755296,5.35504352893079,24.0412597287341));
#12480=CARTESIAN_POINT('Ctrl Pts',(1.62632624497066,6.13319996782212,25.4681471922532));
#12481=CARTESIAN_POINT('Ctrl Pts',(2.47970293690351,6.52856872070794,26.5523072431382));
#12482=CARTESIAN_POINT('Ctrl Pts',(2.97161849140838,6.6191876658875,27.0513197273167));
#12483=CARTESIAN_POINT('Ctrl Pts',(0.296730254488682,3.0698363278473,22.3513551689942));
#12484=CARTESIAN_POINT('Ctrl Pts',(0.284078587646053,3.13445010914551,22.2984440136748));
#12485=CARTESIAN_POINT('Ctrl Pts',(0.262040695699964,3.26902808317377,22.2022170095892));
#12486=CARTESIAN_POINT('Ctrl Pts',(0.242949040421032,3.4862580369498,22.1136360532801));
#12487=CARTESIAN_POINT('Ctrl Pts',(0.242568109867253,3.7066653637539,22.1117090408775));
#12488=CARTESIAN_POINT('Ctrl Pts',(0.267549571506491,3.99711208258494,22.2282683303489));
#12489=CARTESIAN_POINT('Ctrl Pts',(0.332737613914162,4.31987830584786,22.5070929500946));
#12490=CARTESIAN_POINT('Ctrl Pts',(0.477806241270864,4.76444715658933,23.0313152913009));
#12491=CARTESIAN_POINT('Ctrl Pts',(0.824866869308709,5.43797767426159,24.0320410144833));
#12492=CARTESIAN_POINT('Ctrl Pts',(1.56141286713135,6.21407197573609,25.4747387559605));
#12493=CARTESIAN_POINT('Ctrl Pts',(2.43540659000935,6.60462156691482,26.5689884827722));
#12494=CARTESIAN_POINT('Ctrl Pts',(2.93838254201466,6.69199184634962,27.0723370000321));
#12495=CARTESIAN_POINT('Ctrl Pts',(0.266713511138976,3.01742433895982,22.2942460656301));
#12496=CARTESIAN_POINT('Ctrl Pts',(0.253576627591946,3.08454493064311,22.2384881489257));
#12497=CARTESIAN_POINT('Ctrl Pts',(0.230448356468206,3.22576167978658,22.1358888916432));
#12498=CARTESIAN_POINT('Ctrl Pts',(0.209123674864316,3.46609938672825,22.0344867945972));
#12499=CARTESIAN_POINT('Ctrl Pts',(0.208729144898722,3.72564029544907,22.0324555863397));
#12500=CARTESIAN_POINT('Ctrl Pts',(0.236709431161513,4.04749331354175,22.1661456884295));
#12501=CARTESIAN_POINT('Ctrl Pts',(0.304230552180876,4.37863680163905,22.4586492810057));
#12502=CARTESIAN_POINT('Ctrl Pts',(0.451294983509739,4.82738021321321,22.9946966330395));
#12503=CARTESIAN_POINT('Ctrl Pts',(0.800722082072477,5.4984404231063,24.0074188075493));
#12504=CARTESIAN_POINT('Ctrl Pts',(1.54193007381488,6.26982583434776,25.4622865280187));
#12505=CARTESIAN_POINT('Ctrl Pts',(2.42289195682369,6.65532276924191,26.5652094579862));
#12506=CARTESIAN_POINT('Ctrl Pts',(2.93027189665052,6.73989840185684,27.0724075203815));
#12507=CARTESIAN_POINT('Ctrl Pts',(0.261993133571081,3.,22.2740321610266));
#12508=CARTESIAN_POINT('Ctrl Pts',(0.248756714977107,3.06795537143584,22.2173503174871));
#12509=CARTESIAN_POINT('Ctrl Pts',(0.225384356719658,3.21138280962069,22.1126775425485));
#12510=CARTESIAN_POINT('Ctrl Pts',(0.203456075341096,3.45938517529417,22.0070735576442));
#12511=CARTESIAN_POINT('Ctrl Pts',(0.20305595596462,3.7318869851624,22.0050094439084));
#12512=CARTESIAN_POINT('Ctrl Pts',(0.231836475619719,4.06415494380873,22.1443181328873));
#12513=CARTESIAN_POINT('Ctrl Pts',(0.299795652924207,4.39810582457926,22.4412575335015));
#12514=CARTESIAN_POINT('Ctrl Pts',(0.446998879690239,4.84826954392687,22.9810821595762));
#12515=CARTESIAN_POINT('Ctrl Pts',(0.79632654874024,5.51855089377292,23.9975996825359));
#12516=CARTESIAN_POINT('Ctrl Pts',(1.5378784980415,6.28839680986475,25.4565025739603));
#12517=CARTESIAN_POINT('Ctrl Pts',(2.42036407216962,6.67221793969756,26.5624996958995));
#12518=CARTESIAN_POINT('Ctrl Pts',(2.92893218812695,6.75586353190891,27.0710678118579));
#12519=CARTESIAN_POINT('',(3.10345644784164,6.55862206116461,26.9296464556208));
#12520=CARTESIAN_POINT('',(2.92893218813074,6.75586353190891,27.0710678118617));
#12521=CARTESIAN_POINT('Origin',(3.07035354436441,6.75586353190891,26.9296464556208));
#12522=CARTESIAN_POINT('Ctrl Pts',(2.92893218812695,6.75586353190891,27.0710678118579));
#12523=CARTESIAN_POINT('Ctrl Pts',(2.42036407216962,6.67221793969756,26.5624996958995));
#12524=CARTESIAN_POINT('Ctrl Pts',(1.5378784980415,6.28839680986475,25.4565025739603));
#12525=CARTESIAN_POINT('Ctrl Pts',(0.79632654874024,5.51855089377292,23.9975996825359));
#12526=CARTESIAN_POINT('Ctrl Pts',(0.446998879690239,4.84826954392687,22.9810821595762));
#12527=CARTESIAN_POINT('Ctrl Pts',(0.299795652924207,4.39810582457926,22.4412575335015));
#12528=CARTESIAN_POINT('Ctrl Pts',(0.231836475619719,4.06415494380873,22.1443181328873));
#12529=CARTESIAN_POINT('Ctrl Pts',(0.20305595596462,3.7318869851624,22.0050094439084));
#12530=CARTESIAN_POINT('Ctrl Pts',(0.203456075341096,3.45938517529417,22.0070735576442));
#12531=CARTESIAN_POINT('Ctrl Pts',(0.225384356719658,3.21138280962069,22.1126775425485));
#12532=CARTESIAN_POINT('Ctrl Pts',(0.248756714977107,3.06795537143584,22.2173503174871));
#12533=CARTESIAN_POINT('Ctrl Pts',(0.261993133571081,3.,22.2740321610266));
#12534=CARTESIAN_POINT('Ctrl Pts',(0.653206191468432,3.0375,22.2285515178061));
#12535=CARTESIAN_POINT('Ctrl Pts',(0.641045231885218,3.10120816072109,22.1730033111374));
#12536=CARTESIAN_POINT('Ctrl Pts',(0.619571877736186,3.23567138401941,22.0704239916975));
#12537=CARTESIAN_POINT('Ctrl Pts',(0.599425269219633,3.46817360183828,21.9669320864913));
#12538=CARTESIAN_POINT('Ctrl Pts',(0.599057659542495,3.72364404858975,21.9649092550302));
#12539=CARTESIAN_POINT('Ctrl Pts',(0.625499761975618,4.03514525982069,22.1014317702295));
#12540=CARTESIAN_POINT('Ctrl Pts',(0.687937256124116,4.34822421054306,22.3924323828315));
#12541=CARTESIAN_POINT('Ctrl Pts',(0.823180220715408,4.77025269743144,22.9214605163847));
#12542=CARTESIAN_POINT('Ctrl Pts',(1.14412501665509,5.39864146291211,23.9176476888852));
#12543=CARTESIAN_POINT('Ctrl Pts',(1.82542587007563,6.1203720092482,25.3473725224811));
#12544=CARTESIAN_POINT('Ctrl Pts',(2.63620949130582,6.48020431846646,26.4312497019815));
#12545=CARTESIAN_POINT('Ctrl Pts',(3.10345644784164,6.55862206116461,26.9296464556208));
#12546=CARTESIAN_POINT('Ctrl Pts',(3.10345644784332,6.55862206116489,26.9296464556225));
#12547=CARTESIAN_POINT('Ctrl Pts',(4.09018705472332,6.72422439577636,27.9821591029612));
#12548=CARTESIAN_POINT('Ctrl Pts',(5.1502912880028,6.35638501413085,29.1129369517927));
#12549=CARTESIAN_POINT('Ctrl Pts',(5.82238051218928,5.61519846641497,29.8298321242582));
#12550=CARTESIAN_POINT('Ctrl Pts',(3.0644897374554,6.55208230434841,26.9697107290019));
#12551=CARTESIAN_POINT('Ctrl Pts',(4.0531613500438,6.73172551108134,28.0154886187969));
#12552=CARTESIAN_POINT('Ctrl Pts',(5.12730515795606,6.37224503710767,29.1430715409364));
#12553=CARTESIAN_POINT('Ctrl Pts',(5.80965199970264,5.62923559405819,29.8580409179387));
#12554=CARTESIAN_POINT('Ctrl Pts',(2.9787016166866,6.58897081371189,27.0493078760354));
#12555=CARTESIAN_POINT('Ctrl Pts',(3.99055438087519,6.78350308157313,28.0823019442026));
#12556=CARTESIAN_POINT('Ctrl Pts',(5.09554832517587,6.42481899884874,29.2032307984353));
#12557=CARTESIAN_POINT('Ctrl Pts',(5.7973482513314,5.66919553810688,29.9144128821219));
#12558=CARTESIAN_POINT('Ctrl Pts',(2.93362116796137,6.69998557672697,27.0757567916923));
#12559=CARTESIAN_POINT('Ctrl Pts',(3.97623205849411,6.88288639772688,28.1179169383551));
#12560=CARTESIAN_POINT('Ctrl Pts',(5.10086980123413,6.50165836372578,29.2430804993023));
#12561=CARTESIAN_POINT('Ctrl Pts',(5.81434152335081,5.72274741965826,29.9564771470818));
#12562=CARTESIAN_POINT('Ctrl Pts',(2.9289321881289,6.75586353190922,27.0710678118599));
#12563=CARTESIAN_POINT('Ctrl Pts',(3.98144483546757,6.93250602216145,28.1235804591985));
#12564=CARTESIAN_POINT('Ctrl Pts',(5.11222268429902,6.5401440150729,29.25435830803));
#12565=CARTESIAN_POINT('Ctrl Pts',(5.82911785676459,5.74954503084264,29.9712534804956));
#12566=CARTESIAN_POINT('',(5.82911785676458,5.74954503084265,29.9712534804955));
#12567=CARTESIAN_POINT('Origin',(3.45857864376269,3.59999999999999,27.6007142674936));
#12568=CARTESIAN_POINT('',(5.79440342464713,5.645597204804,29.7999898975466));
#12569=CARTESIAN_POINT('Origin',(3.6,3.59999999999999,27.4592929112563));
#12570=CARTESIAN_POINT('Ctrl Pts',(5.79440342464713,5.645597204804,29.7999898975466));
#12571=CARTESIAN_POINT('Ctrl Pts',(5.79433627726711,5.64566931309013,29.8003111076683));
#12572=CARTESIAN_POINT('Ctrl Pts',(5.79426970872066,5.64574195477544,29.8006323163076));
#12573=CARTESIAN_POINT('Ctrl Pts',(5.79420371885089,5.64581512863695,29.8009535207429));
#12574=CARTESIAN_POINT('Ctrl Pts',(5.79146151640252,5.6488558611447,29.8143011389787));
#12575=CARTESIAN_POINT('Ctrl Pts',(5.78972220178922,5.65280496665376,29.8276071386503));
#12576=CARTESIAN_POINT('Ctrl Pts',(5.78897933828763,5.65757894893806,29.8406770941929));
#12577=CARTESIAN_POINT('Ctrl Pts',(5.78852830716766,5.66047748221066,29.8486125448829));
#12578=CARTESIAN_POINT('Ctrl Pts',(5.78844529438199,5.66368087587251,29.8564609951308));
#12579=CARTESIAN_POINT('Ctrl Pts',(5.78873598232982,5.66717603858514,29.86417646232));
#12580=CARTESIAN_POINT('Ctrl Pts',(5.78918662958791,5.67259451398055,29.8761375847529));
#12581=CARTESIAN_POINT('Ctrl Pts',(5.79053116950708,5.67868370563064,29.8877146207774));
#12582=CARTESIAN_POINT('Ctrl Pts',(5.79279085072145,5.68538815079026,29.898736396936));
#12583=CARTESIAN_POINT('Ctrl Pts',(5.7943322227257,5.68996138174309,29.9062545623746));
#12584=CARTESIAN_POINT('Ctrl Pts',(5.79630019782234,5.69482145151645,29.9135140634197));
#12585=CARTESIAN_POINT('Ctrl Pts',(5.79868142670125,5.69994079526146,29.9204677855009));
#12586=CARTESIAN_POINT('Ctrl Pts',(5.80222396358947,5.70755680572599,29.9308127872776));
#12587=CARTESIAN_POINT('Ctrl Pts',(5.80665038919426,5.71568436199478,29.9403981381109));
#12588=CARTESIAN_POINT('Ctrl Pts',(5.8119050283251,5.72421477973869,29.9490824667283));
#12589=CARTESIAN_POINT('Ctrl Pts',(5.81690028782862,5.73232411878997,29.9573381193008));
#12590=CARTESIAN_POINT('Ctrl Pts',(5.82264448175367,5.74079859374875,29.9647801054846));
#12591=CARTESIAN_POINT('Ctrl Pts',(5.82911785676458,5.74954503084265,29.9712534804955));
#12592=CARTESIAN_POINT('Origin',(3.6,3.59999999999999,29.8));
#12593=CARTESIAN_POINT('',(6.59999999999999,3.59999999999999,29.8));
#12594=CARTESIAN_POINT('Origin',(3.6,3.59999999999999,29.8));
#12595=CARTESIAN_POINT('',(6.54679380853157,3.0375,29.8));
#12596=CARTESIAN_POINT('Origin',(3.6,3.59999999999999,29.8));
#12597=CARTESIAN_POINT('',(6.74324672910034,3.,30.));
#12598=CARTESIAN_POINT('Origin',(6.74324672910034,3.,29.8));
#12599=CARTESIAN_POINT('',(5.85786437626904,5.86760853287669,30.));
#12600=CARTESIAN_POINT('Origin',(3.6,3.59999999999999,30.));
#12601=CARTESIAN_POINT('Ctrl Pts',(5.85786437626904,5.86760853287669,30.));
#12602=CARTESIAN_POINT('Ctrl Pts',(5.85786437626904,5.8499228222587,30.));
#12603=CARTESIAN_POINT('Ctrl Pts',(5.85636287042042,5.82880646748653,29.9984984941514));
#12604=CARTESIAN_POINT('Ctrl Pts',(5.85091008537949,5.79872417019154,29.9930457091105));
#12605=CARTESIAN_POINT('Ctrl Pts',(5.84678959454551,5.78377679517114,29.9889252182765));
#12606=CARTESIAN_POINT('Ctrl Pts',(5.8385925396688,5.76453985529012,29.9807281633998));
#12607=CARTESIAN_POINT('Ctrl Pts',(5.8340232941346,5.75617296438621,29.9761589178656));
#12608=CARTESIAN_POINT('Ctrl Pts',(5.82911785676458,5.74954503084264,29.9712534804955));
#12609=CARTESIAN_POINT('Ctrl Pts',(6.54679380853157,3.0375,29.8));
#12610=CARTESIAN_POINT('Ctrl Pts',(6.44659104470422,2.51256331725478,29.8));
#12611=CARTESIAN_POINT('Ctrl Pts',(6.20219132890313,2.03073060456344,29.6269003395044));
#12612=CARTESIAN_POINT('Ctrl Pts',(5.88961925359162,1.66153574353755,29.384506401682));
#12613=CARTESIAN_POINT('Ctrl Pts',(6.54679380853157,3.0375,29.8523598775598));
#12614=CARTESIAN_POINT('Ctrl Pts',(6.44463307489057,2.50252333920548,29.8536220001152));
#12615=CARTESIAN_POINT('Ctrl Pts',(6.19307114482458,2.01264199824643,29.6820661948959));
#12616=CARTESIAN_POINT('Ctrl Pts',(5.87206976074892,1.64080714017565,29.4423224801048));
#12617=CARTESIAN_POINT('Ctrl Pts',(6.58938069780815,3.02937078337524,29.9566441780013));
#12618=CARTESIAN_POINT('Ctrl Pts',(6.48411561459894,2.46621621505397,29.9603170039924));
#12619=CARTESIAN_POINT('Ctrl Pts',(6.22215450990691,1.95083548011306,29.7922065265184));
#12620=CARTESIAN_POINT('Ctrl Pts',(5.88784377234755,1.55698413424666,29.5568094246419));
#12621=CARTESIAN_POINT('Ctrl Pts',(6.69181547476408,3.00981747704247,30.));
#12622=CARTESIAN_POINT('Ctrl Pts',(6.58544488127608,2.41922112738194,30.0020076272332));
#12623=CARTESIAN_POINT('Ctrl Pts',(6.32441713573053,1.87722977516905,29.8239989852007));
#12624=CARTESIAN_POINT('Ctrl Pts',(5.99044617180337,1.45928396020642,29.5744105567849));
#12625=CARTESIAN_POINT('Ctrl Pts',(6.74324672910034,3.,30.));
#12626=CARTESIAN_POINT('Ctrl Pts',(6.63636378101784,2.40007236257692,30.));
#12627=CARTESIAN_POINT('Ctrl Pts',(6.37567075083,1.84940640521535,29.8145360780405));
#12628=CARTESIAN_POINT('Ctrl Pts',(6.0422605371644,1.42746942118577,29.5548282875165));
#12629=CARTESIAN_POINT('',(6.04226053716447,1.42746942118571,29.5548282875165));
#12630=CARTESIAN_POINT('Ctrl Pts',(6.0422605371644,1.42746942118577,29.5548282875165));
#12631=CARTESIAN_POINT('Ctrl Pts',(6.37567075083,1.84940640521535,29.8145360780405));
#12632=CARTESIAN_POINT('Ctrl Pts',(6.63636378101784,2.40007236257692,30.));
#12633=CARTESIAN_POINT('Ctrl Pts',(6.74324672910034,3.,30.));
#12634=CARTESIAN_POINT('Ctrl Pts',(6.54679380853157,3.0375,29.8));
#12635=CARTESIAN_POINT('Ctrl Pts',(6.45209072788335,2.54137475252795,29.8));
#12636=CARTESIAN_POINT('Ctrl Pts',(6.22858496929498,2.08375175282743,29.6453802281034));
#12637=CARTESIAN_POINT('Ctrl Pts',(5.94045765682317,1.72333256755282,29.4237747768984));
#12638=CARTESIAN_POINT('Ctrl Pts',(5.99169588625813,1.52276905645614,29.5830536040677));
#12639=CARTESIAN_POINT('Ctrl Pts',(5.99371346666965,1.52074548482234,29.5834513188525));
#12640=CARTESIAN_POINT('Ctrl Pts',(5.995691313167,1.51864427331619,29.5837466305311));
#12641=CARTESIAN_POINT('Ctrl Pts',(5.99762795802625,1.51646653021885,29.5839379040428));
#12642=CARTESIAN_POINT('Ctrl Pts',(6.00506631998601,1.50810214614711,29.5846725568664));
#12643=CARTESIAN_POINT('Ctrl Pts',(6.01154435277007,1.4990089325797,29.583839374245));
#12644=CARTESIAN_POINT('Ctrl Pts',(6.01715426584672,1.4895546420149,29.5817659214623));
#12645=CARTESIAN_POINT('Ctrl Pts',(6.01799381278736,1.48813976791416,29.5814556205866));
#12646=CARTESIAN_POINT('Ctrl Pts',(6.01881400965335,1.48671679525897,29.5811175596587));
#12647=CARTESIAN_POINT('Ctrl Pts',(6.01961526160815,1.4852869408669,29.5807528577173));
#12648=CARTESIAN_POINT('Ctrl Pts',(6.0261585795978,1.47361022431078,29.577774567606));
#12649=CARTESIAN_POINT('Ctrl Pts',(6.0317214361306,1.46096313432355,29.572891929287));
#12650=CARTESIAN_POINT('Ctrl Pts',(6.0362731410784,1.44762926625516,29.5661468158984));
#12651=CARTESIAN_POINT('Ctrl Pts',(6.03851479191351,1.44106252328006,29.5628249421755));
#12652=CARTESIAN_POINT('Ctrl Pts',(6.04051143289975,1.43432989325904,29.5590509987542));
#12653=CARTESIAN_POINT('Ctrl Pts',(6.04226053716441,1.42746942118577,29.5548282875165));
#12654=CARTESIAN_POINT('Origin',(10.,3.,20.));
#12655=CARTESIAN_POINT('',(1.11022302462516E-15,3.,20.));
#12656=CARTESIAN_POINT('Origin',(10.,3.,20.));
#12657=CARTESIAN_POINT('',(3.,0.,20.));
#12658=CARTESIAN_POINT('Origin',(3.,3.,20.));
#12659=CARTESIAN_POINT('',(4.18448511801343,0.,23.8961245690292));
#12660=CARTESIAN_POINT('Origin',(10.,0.,20.));
#12661=CARTESIAN_POINT('Origin',(4.18448511801343,3.,23.8961245690292));
#12662=CARTESIAN_POINT('Origin',(10.,0.,20.));
#12663=CARTESIAN_POINT('',(2.92893218813452,85.2441364680898,27.0710678118655));
#12664=CARTESIAN_POINT('',(2.92893218813452,0.,27.0710678118655));
#12665=CARTESIAN_POINT('',(0.261993133571081,89.,22.2740321610266));
#12666=CARTESIAN_POINT('Ctrl Pts',(0.261993133571083,89.,22.2740321610266));
#12667=CARTESIAN_POINT('Ctrl Pts',(0.248756542889337,88.9320437450708,22.2173495805618));
#12668=CARTESIAN_POINT('Ctrl Pts',(0.22539323666433,88.7885999903263,22.1127043550078));
#12669=CARTESIAN_POINT('Ctrl Pts',(0.203483792518193,88.5406784546741,22.0071854735184));
#12670=CARTESIAN_POINT('Ctrl Pts',(0.203081267133034,88.2680426982728,22.0050748913198));
#12671=CARTESIAN_POINT('Ctrl Pts',(0.231980987425138,87.9363208874831,22.1451055001767));
#12672=CARTESIAN_POINT('Ctrl Pts',(0.299850052389288,87.6017451145226,22.4413734601288));
#12673=CARTESIAN_POINT('Ctrl Pts',(0.446966509938449,87.152441192922,22.9808546004602));
#12674=CARTESIAN_POINT('Ctrl Pts',(0.696709387348974,86.6712858290018,23.7073377700739));
#12675=CARTESIAN_POINT('Ctrl Pts',(1.15927680375745,86.0924747080347,24.7262050093037));
#12676=CARTESIAN_POINT('Ctrl Pts',(1.85960034952995,85.5551106184177,25.8771977057369));
#12677=CARTESIAN_POINT('Ctrl Pts',(2.54750114221365,85.30687147786,26.6896367659446));
#12678=CARTESIAN_POINT('Ctrl Pts',(2.92893218813451,85.2441364680898,27.0710678118655));
#12679=CARTESIAN_POINT('',(1.11022302462516E-15,89.,20.));
#12680=CARTESIAN_POINT('Origin',(10.,89.,20.));
#12681=CARTESIAN_POINT('',(1.11022302462516E-15,0.,20.));
#12682=CARTESIAN_POINT('Origin',(2.92893218813452,0.,27.0710678118655));
#12683=CARTESIAN_POINT('',(5.85786437626904,86.1323914671233,30.));
#12684=CARTESIAN_POINT('',(5.85786437626904,0.,30.));
#12685=CARTESIAN_POINT('',(5.82911785676459,86.2504549691574,29.9712534804956));
#12686=CARTESIAN_POINT('Ctrl Pts',(5.82911785676459,86.2504549691574,29.9712534804956));
#12687=CARTESIAN_POINT('Ctrl Pts',(5.83402329413461,86.2438270356138,29.9761589178656));
#12688=CARTESIAN_POINT('Ctrl Pts',(5.8385925396688,86.2354601447099,29.9807281633998));
#12689=CARTESIAN_POINT('Ctrl Pts',(5.84678959454552,86.2162232048289,29.9889252182765));
#12690=CARTESIAN_POINT('Ctrl Pts',(5.8509100853795,86.2012758298085,29.9930457091105));
#12691=CARTESIAN_POINT('Ctrl Pts',(5.85636287042043,86.1711935325135,29.9984984941514));
#12692=CARTESIAN_POINT('Ctrl Pts',(5.85786437626904,86.1500771777413,30.));
#12693=CARTESIAN_POINT('Ctrl Pts',(5.85786437626904,86.1323914671233,30.));
#12694=CARTESIAN_POINT('Origin',(3.45857864376269,88.4,27.6007142674936));
#12695=CARTESIAN_POINT('Origin',(5.85786437626904,0.,30.));
#12696=CARTESIAN_POINT('',(60.142135623731,86.1323914671233,30.));
#12697=CARTESIAN_POINT('',(60.142135623731,0.,30.));
#12698=CARTESIAN_POINT('',(59.2567532708997,89.,30.));
#12699=CARTESIAN_POINT('Origin',(62.4,88.4,30.));
#12700=CARTESIAN_POINT('',(6.74324672910034,89.,30.));
#12701=CARTESIAN_POINT('',(19.4289321881345,89.,30.));
#12702=CARTESIAN_POINT('Origin',(3.6,88.4,30.));
#12703=CARTESIAN_POINT('',(19.4289321881345,3.,30.));
#12704=CARTESIAN_POINT('',(12.5,40.,30.));
#12705=CARTESIAN_POINT('',(12.5,81.,30.));
#12706=CARTESIAN_POINT('',(12.5,20.,30.));
#12707=CARTESIAN_POINT('',(53.5,81.,30.));
#12708=CARTESIAN_POINT('',(9.17893218813452,81.,30.));
#12709=CARTESIAN_POINT('',(53.5,40.,30.));
#12710=CARTESIAN_POINT('',(53.5,40.5,30.));
#12711=CARTESIAN_POINT('',(29.6789321881345,40.,30.));
#12712=CARTESIAN_POINT('Origin',(3.6,3.59999999999999,30.));
#12713=CARTESIAN_POINT('',(6.59999999999999,3.59999999999999,20.));
#12714=CARTESIAN_POINT('',(6.59999999999999,3.59999999999999,30.));
#12715=CARTESIAN_POINT('Origin',(3.6,3.59999999999999,20.));
#12716=CARTESIAN_POINT('Ctrl Pts',(5.88961925332696,90.3384642567751,29.3845064014768));
#12717=CARTESIAN_POINT('Ctrl Pts',(6.20219132242189,89.9692694031941,29.6269003344872));
#12718=CARTESIAN_POINT('Ctrl Pts',(6.44659104491931,89.4874366816184,29.8));
#12719=CARTESIAN_POINT('Ctrl Pts',(6.54679380853157,88.9625,29.8));
#12720=CARTESIAN_POINT('Ctrl Pts',(5.8720697604773,90.3591928601394,29.4423224799018));
#12721=CARTESIAN_POINT('Ctrl Pts',(6.19307735025381,89.987313563983,29.6820281782883));
#12722=CARTESIAN_POINT('Ctrl Pts',(6.44463275181283,89.4974884188981,29.8536282049379));
#12723=CARTESIAN_POINT('Ctrl Pts',(6.54679380853157,88.9625,29.8523598775598));
#12724=CARTESIAN_POINT('Ctrl Pts',(5.88443313429272,90.4247831969356,29.5318788224061));
#12725=CARTESIAN_POINT('Ctrl Pts',(6.21588045737162,90.0357277332644,29.7682747569374));
#12726=CARTESIAN_POINT('Ctrl Pts',(6.47562833979889,89.5259777878842,29.9372501702493));
#12727=CARTESIAN_POINT('Ctrl Pts',(6.58022757742898,88.9688820193154,29.9341049182332));
#12728=CARTESIAN_POINT('Ctrl Pts',(5.96856641747064,90.5203323728929,29.5713893806148));
#12729=CARTESIAN_POINT('Ctrl Pts',(6.30262450153535,90.1074574273391,29.8178560012829));
#12730=CARTESIAN_POINT('Ctrl Pts',(6.56380914148112,89.570747956549,29.9934507395384));
#12731=CARTESIAN_POINT('Ctrl Pts',(6.66994368327397,88.9860075166583,29.9910731248991));
#12732=CARTESIAN_POINT('Ctrl Pts',(6.02005438029862,90.5588957767326,29.5632206884152));
#12733=CARTESIAN_POINT('Ctrl Pts',(6.3536886705256,90.1388121614259,29.8187087741271));
#12734=CARTESIAN_POINT('Ctrl Pts',(6.61454197604643,89.5916834151913,30.0008412203614));
#12735=CARTESIAN_POINT('Ctrl Pts',(6.72120476295623,88.9957925098389,30.));
#12736=CARTESIAN_POINT('Ctrl Pts',(6.04226053688209,90.5725305791715,29.5548282872965));
#12737=CARTESIAN_POINT('Ctrl Pts',(6.37567074391668,90.1505936036504,29.8145360726648));
#12738=CARTESIAN_POINT('Ctrl Pts',(6.63636378124723,89.5999276361355,30.));
#12739=CARTESIAN_POINT('Ctrl Pts',(6.74324672910034,89.,30.));
#12740=CARTESIAN_POINT('',(5.94045765582804,90.2766674336177,29.4237747761254));
#12741=CARTESIAN_POINT('',(6.54679380853157,88.9625,29.8));
#12742=CARTESIAN_POINT('Ctrl Pts',(5.94045765582804,90.2766674336177,29.4237747761254));
#12743=CARTESIAN_POINT('Ctrl Pts',(6.22858496362093,89.9162482537947,29.6453802236861));
#12744=CARTESIAN_POINT('Ctrl Pts',(6.45209072810633,89.4586252463039,29.8));
#12745=CARTESIAN_POINT('Ctrl Pts',(6.54679380853157,88.9625,29.8));
#12746=CARTESIAN_POINT('Origin',(6.74324672910034,89.,29.8));
#12747=CARTESIAN_POINT('',(6.04226053700422,90.5725305792799,29.5548282873159));
#12748=CARTESIAN_POINT('Ctrl Pts',(6.74324672910034,89.,30.));
#12749=CARTESIAN_POINT('Ctrl Pts',(6.63636378124723,89.5999276361355,30.));
#12750=CARTESIAN_POINT('Ctrl Pts',(6.37567074391668,90.1505936036504,29.8145360726648));
#12751=CARTESIAN_POINT('Ctrl Pts',(6.04226053688209,90.5725305791715,29.5548282872965));
#12752=CARTESIAN_POINT('',(5.99160140346846,90.4774810631572,29.5835344798495));
#12753=CARTESIAN_POINT('Ctrl Pts',(6.04226053716455,90.5725305788141,29.5548282875166));
#12754=CARTESIAN_POINT('Ctrl Pts',(6.03717249126824,90.5525738515428,29.5671119169254));
#12755=CARTESIAN_POINT('Ctrl Pts',(6.02995403135222,90.5338217277198,29.5757540654646));
#12756=CARTESIAN_POINT('Ctrl Pts',(6.01413043616166,90.5049549214701,29.5838586312136));
#12757=CARTESIAN_POINT('Ctrl Pts',(6.00618301173951,90.493334994131,29.5853778074065));
#12758=CARTESIAN_POINT('Ctrl Pts',(5.99504054058629,90.4810164903525,29.5841410660086));
#12759=CARTESIAN_POINT('Ctrl Pts',(5.99333508992156,90.4792201156842,29.5838764478342));
#12760=CARTESIAN_POINT('Ctrl Pts',(5.99160140346846,90.4774810631572,29.5835344798495));
#12761=CARTESIAN_POINT('Ctrl Pts',(5.99175989844043,90.4775405509149,29.5834706021014));
#12762=CARTESIAN_POINT('Ctrl Pts',(5.98241019962557,90.4681569960312,29.5816183529158));
#12763=CARTESIAN_POINT('Ctrl Pts',(5.97380017517203,90.4583169560939,29.5787207597006));
#12764=CARTESIAN_POINT('Ctrl Pts',(5.9660572188541,90.4481943788302,29.5748491602963));
#12765=CARTESIAN_POINT('Ctrl Pts',(5.95904692823702,90.4390296353526,29.571343905215));
#12766=CARTESIAN_POINT('Ctrl Pts',(5.95274672129634,90.4296322615912,29.5670393167657));
#12767=CARTESIAN_POINT('Ctrl Pts',(5.94726791214377,90.4201256287862,29.5619560615257));
#12768=CARTESIAN_POINT('Ctrl Pts',(5.94502363858023,90.4162314459284,29.559873817915));
#12769=CARTESIAN_POINT('Ctrl Pts',(5.94292629680704,90.4123341905594,29.5576687677886));
#12770=CARTESIAN_POINT('Ctrl Pts',(5.94098129385368,90.4084427312056,29.5553439985912));
#12771=CARTESIAN_POINT('Ctrl Pts',(5.93577554294174,90.3980273392677,29.5491218129907));
#12772=CARTESIAN_POINT('Ctrl Pts',(5.93165830196129,90.3876533347264,29.5420451253498));
#12773=CARTESIAN_POINT('Ctrl Pts',(5.92860039676412,90.3774391877088,29.5342751708986));
#12774=CARTESIAN_POINT('Ctrl Pts',(5.92681716542378,90.3714827613639,29.5297440865788));
#12775=CARTESIAN_POINT('Ctrl Pts',(5.92539485020394,90.3655806638758,29.5249763877506));
#12776=CARTESIAN_POINT('Ctrl Pts',(5.92433363316818,90.3597574110494,29.519998724849));
#12777=CARTESIAN_POINT('Ctrl Pts',(5.92246712083689,90.3495152335848,29.5112438058514));
#12778=CARTESIAN_POINT('Ctrl Pts',(5.92173120748223,90.3396043058113,29.5019161250108));
#12779=CARTESIAN_POINT('Ctrl Pts',(5.92210100641144,90.330156545568,29.4921678591169));
#12780=CARTESIAN_POINT('Ctrl Pts',(5.92231361636094,90.3247247076973,29.4865632503533));
#12781=CARTESIAN_POINT('Ctrl Pts',(5.92289247964719,90.3194460689971,29.4808189444613));
#12782=CARTESIAN_POINT('Ctrl Pts',(5.92383939421909,90.3143478390222,29.4749602497458));
#12783=CARTESIAN_POINT('Ctrl Pts',(5.92548841190558,90.3054694547964,29.464757543512));
#12784=CARTESIAN_POINT('Ctrl Pts',(5.92824042546217,90.2971951308703,29.4542752983397));
#12785=CARTESIAN_POINT('Ctrl Pts',(5.93209343169164,90.289666729285,29.4436474338823));
#12786=CARTESIAN_POINT('Ctrl Pts',(5.93430484038709,90.2853458505381,29.4375476379111));
#12787=CARTESIAN_POINT('Ctrl Pts',(5.93687972424464,90.2812709919379,29.4313995180343));
#12788=CARTESIAN_POINT('Ctrl Pts',(5.93982448886533,90.2774727539994,29.4252272709489));
#12789=CARTESIAN_POINT('Ctrl Pts',(5.94004953268378,90.2771824863281,29.4247555775433));
#12790=CARTESIAN_POINT('Ctrl Pts',(5.94027670769366,90.2768938765279,29.4242838072428));
#12791=CARTESIAN_POINT('Ctrl Pts',(5.94050601607011,90.2766069379963,29.4238119709558));
#12792=CARTESIAN_POINT('Ctrl Pts',(5.82238051218928,86.384801533585,29.8298321242582));
#12793=CARTESIAN_POINT('Ctrl Pts',(5.15029128800401,85.6436149858705,29.112936951794));
#12794=CARTESIAN_POINT('Ctrl Pts',(4.09018705472714,85.2757756042248,27.9821591029653));
#12795=CARTESIAN_POINT('Ctrl Pts',(3.10345644784859,85.4413779388342,26.9296464556282));
#12796=CARTESIAN_POINT('Ctrl Pts',(5.80965199970264,86.3707644059418,29.8580409179387));
#12797=CARTESIAN_POINT('Ctrl Pts',(5.12730515795729,85.6277549628937,29.1430715409377));
#12798=CARTESIAN_POINT('Ctrl Pts',(4.05316135004767,85.2682744889198,28.015488618801));
#12799=CARTESIAN_POINT('Ctrl Pts',(3.06448973746069,85.4479176956506,26.9697107290075));
#12800=CARTESIAN_POINT('Ctrl Pts',(5.79736037791868,86.3307988359348,29.9144069598963));
#12801=CARTESIAN_POINT('Ctrl Pts',(5.0955604517644,85.5751753751942,29.203224876211));
#12802=CARTESIAN_POINT('Ctrl Pts',(3.99059621945745,85.2164207328612,28.0822473194559));
#12803=CARTESIAN_POINT('Ctrl Pts',(2.97874345527029,85.4109530007203,27.0492532512902));
#12804=CARTESIAN_POINT('Ctrl Pts',(5.8143415233508,86.2772525803418,29.9564771470818));
#12805=CARTESIAN_POINT('Ctrl Pts',(5.1008698012354,85.4983416362756,29.2430804993036));
#12806=CARTESIAN_POINT('Ctrl Pts',(3.97623205849817,85.1171136022744,28.1179169383591));
#12807=CARTESIAN_POINT('Ctrl Pts',(2.93362116796696,85.3000144232721,27.0757567916979));
#12808=CARTESIAN_POINT('Ctrl Pts',(5.82911785676458,86.2504549691574,29.9712534804956));
#12809=CARTESIAN_POINT('Ctrl Pts',(5.11222268430029,85.4598559849285,29.2543583080313));
#12810=CARTESIAN_POINT('Ctrl Pts',(3.98144483547164,85.0674939778398,28.1235804592026));
#12811=CARTESIAN_POINT('Ctrl Pts',(2.92893218813453,85.2441364680899,27.0710678118655));
#12812=CARTESIAN_POINT('',(5.79440342464714,86.354402795196,29.7999898975466));
#12813=CARTESIAN_POINT('',(3.1034564478486,85.4413779388342,26.9296464556282));
#12814=CARTESIAN_POINT('Origin',(3.6,88.4,27.4592929112563));
#12815=CARTESIAN_POINT('Origin',(3.07035354437183,85.2441364680899,26.9296464556282));
#12816=CARTESIAN_POINT('Ctrl Pts',(5.79440342464714,86.354402795196,29.7999898975466));
#12817=CARTESIAN_POINT('Ctrl Pts',(5.79433627520364,86.3543306846939,29.8003111175393));
#12818=CARTESIAN_POINT('Ctrl Pts',(5.79426970515231,86.3542580405157,29.800632335787));
#12819=CARTESIAN_POINT('Ctrl Pts',(5.7942037143273,86.3541848638895,29.8009535495851));
#12820=CARTESIAN_POINT('Ctrl Pts',(5.79146135731417,86.351143889116,29.8143021160237));
#12821=CARTESIAN_POINT('Ctrl Pts',(5.78972291902341,86.3471939970997,29.827608624042));
#12822=CARTESIAN_POINT('Ctrl Pts',(5.78898127197586,86.3424190243075,29.8406789445264));
#12823=CARTESIAN_POINT('Ctrl Pts',(5.78853106559147,86.3395204443921,29.8486130983097));
#12824=CARTESIAN_POINT('Ctrl Pts',(5.78844886295881,86.3363170449096,29.8564602316805));
#12825=CARTESIAN_POINT('Ctrl Pts',(5.78874018649952,86.3328219858272,29.8641744555742));
#12826=CARTESIAN_POINT('Ctrl Pts',(5.78919187212157,86.3274030350212,29.8761350544653));
#12827=CARTESIAN_POINT('Ctrl Pts',(5.79053723764716,86.3213134681247,29.8877116711925));
#12828=CARTESIAN_POINT('Ctrl Pts',(5.79279691543142,86.3146090328793,29.8987334335111));
#12829=CARTESIAN_POINT('Ctrl Pts',(5.79433826484779,86.3100358687651,29.9062514907471));
#12830=CARTESIAN_POINT('Ctrl Pts',(5.79630581786287,86.3051760537223,29.9135110802474));
#12831=CARTESIAN_POINT('Ctrl Pts',(5.79868641431056,86.3000570637114,29.9204649972917));
#12832=CARTESIAN_POINT('Ctrl Pts',(5.8022271410119,86.2924434487985,29.9308077497484));
#12833=CARTESIAN_POINT('Ctrl Pts',(5.80665086692556,86.2843187526445,29.9403914571345));
#12834=CARTESIAN_POINT('Ctrl Pts',(5.81190261679308,86.2757912692025,29.9490745401896));
#12835=CARTESIAN_POINT('Ctrl Pts',(5.81689784493103,86.2676803107011,29.9573334980408));
#12836=CARTESIAN_POINT('Ctrl Pts',(5.82264264483142,86.2592038881908,29.9647782685624));
#12837=CARTESIAN_POINT('Ctrl Pts',(5.82911785676458,86.2504549691574,29.9712534804956));
#12838=CARTESIAN_POINT('Ctrl Pts',(3.10345644784859,85.4413779388342,26.9296464556282));
#12839=CARTESIAN_POINT('Ctrl Pts',(2.7530166744088,85.5001920104938,26.5558440306257));
#12840=CARTESIAN_POINT('Ctrl Pts',(2.12100782113064,85.7329162047666,25.7596537516221));
#12841=CARTESIAN_POINT('Ctrl Pts',(1.47758556345215,86.2366950387825,24.6316809091176));
#12842=CARTESIAN_POINT('Ctrl Pts',(1.05260174962686,86.7793304646892,23.6331910146724));
#12843=CARTESIAN_POINT('Ctrl Pts',(0.823150481005943,87.2304136183644,22.9212375084509));
#12844=CARTESIAN_POINT('Ctrl Pts',(0.687987235632648,87.651636044865,22.3925459909262));
#12845=CARTESIAN_POINT('Ctrl Pts',(0.625632532196836,87.9653008320154,22.1022033901732));
#12846=CARTESIAN_POINT('Ctrl Pts',(0.599080914178467,88.2762900296308,21.9649733934934));
#12847=CARTESIAN_POINT('Ctrl Pts',(0.59945073437608,88.531886051257,21.967041764048));
#12848=CARTESIAN_POINT('Ctrl Pts',(0.619580036185346,88.7643124909309,22.0704502679076));
#12849=CARTESIAN_POINT('Ctrl Pts',(0.641045073779568,88.8987910110038,22.1730025889505));
#12850=CARTESIAN_POINT('Ctrl Pts',(0.653206191468432,88.9625,22.2285515178061));
#12851=CARTESIAN_POINT('Ctrl Pts',(3.08118975619836,85.4451149427293,26.9525403261306));
#12852=CARTESIAN_POINT('Ctrl Pts',(2.72902623454092,85.506937902711,26.5789570665552));
#12853=CARTESIAN_POINT('Ctrl Pts',(2.09475262891614,85.7466759226831,25.7833927597589));
#12854=CARTESIAN_POINT('Ctrl Pts',(1.45254266341066,86.2607857476683,24.6569305211756));
#12855=CARTESIAN_POINT('Ctrl Pts',(1.0318214729086,86.8114578604903,23.6609095978404));
#12856=CARTESIAN_POINT('Ctrl Pts',(0.807603435819706,87.2673783887957,22.9522049923488));
#12857=CARTESIAN_POINT('Ctrl Pts',(0.678525885644296,87.68846190673,22.429589259924));
#12858=CARTESIAN_POINT('Ctrl Pts',(0.621418723758441,87.997448080213,22.1473888670282));
#12859=CARTESIAN_POINT('Ctrl Pts',(0.599239637789131,88.2886559548159,22.0209797162205));
#12860=CARTESIAN_POINT('Ctrl Pts',(0.599558319302353,88.5187070848557,22.0229972903647));
#12861=CARTESIAN_POINT('Ctrl Pts',(0.616397999857254,88.7363596723666,22.1182894573547));
#12862=CARTESIAN_POINT('Ctrl Pts',(0.635709582910631,88.8668761590345,22.2169682835164));
#12863=CARTESIAN_POINT('Ctrl Pts',(0.646843254002168,88.9291661960362,22.2708165921306));
#12864=CARTESIAN_POINT('Ctrl Pts',(3.03405306894378,85.4369760875039,26.9983110747825));
#12865=CARTESIAN_POINT('Ctrl Pts',(2.67629234689653,85.5034169380642,26.6251670073359));
#12866=CARTESIAN_POINT('Ctrl Pts',(2.03255152317743,85.754669478809,25.8307629167331));
#12867=CARTESIAN_POINT('Ctrl Pts',(1.38335326502166,86.288210545258,24.7072704775351));
#12868=CARTESIAN_POINT('Ctrl Pts',(0.961371325537703,86.8564962923119,23.7161487271437));
#12869=CARTESIAN_POINT('Ctrl Pts',(0.739718247989998,87.3252563428757,23.0139200118233));
#12870=CARTESIAN_POINT('Ctrl Pts',(0.616134830763894,87.7506645295173,22.5034425793588));
#12871=CARTESIAN_POINT('Ctrl Pts',(0.565153246786162,88.0546294148591,22.2375479619187));
#12872=CARTESIAN_POINT('Ctrl Pts',(0.549215090595081,88.3113368511617,22.1327954020049));
#12873=CARTESIAN_POINT('Ctrl Pts',(0.549483019268258,88.4946711416379,22.1347072051174));
#12874=CARTESIAN_POINT('Ctrl Pts',(0.561674229159164,88.6865507269663,22.213736277149));
#12875=CARTESIAN_POINT('Ctrl Pts',(0.578320811432628,88.8111194456818,22.3046532319648));
#12876=CARTESIAN_POINT('Ctrl Pts',(0.588238683416915,88.8714620723592,22.3550948393294));
#12877=CARTESIAN_POINT('Ctrl Pts',(2.97161744565564,85.3808086637049,27.0513201570824));
#12878=CARTESIAN_POINT('Ctrl Pts',(2.60267598320015,85.4487737561971,26.6770559281717));
#12879=CARTESIAN_POINT('Ctrl Pts',(1.93730047245818,85.7056924213651,25.8803091560967));
#12880=CARTESIAN_POINT('Ctrl Pts',(1.26186642707573,86.2523729255079,24.7535393214134));
#12881=CARTESIAN_POINT('Ctrl Pts',(0.818819754634871,86.8356570963615,23.7598800898874));
#12882=CARTESIAN_POINT('Ctrl Pts',(0.583049009723455,87.3176859747093,23.0566137199114));
#12883=CARTESIAN_POINT('Ctrl Pts',(0.449248753798658,87.7540380643141,22.5479009045402));
#12884=CARTESIAN_POINT('Ctrl Pts',(0.392761377695902,88.063906473989,22.2865093374153));
#12885=CARTESIAN_POINT('Ctrl Pts',(0.374598264722127,88.3162776081564,22.1890835882931));
#12886=CARTESIAN_POINT('Ctrl Pts',(0.374909719027844,88.4894653264087,22.190968037024));
#12887=CARTESIAN_POINT('Ctrl Pts',(0.388755357292246,88.6780984996997,22.2645002395775));
#12888=CARTESIAN_POINT('Ctrl Pts',(0.407302270988993,88.8039058771617,22.3530817774344));
#12889=CARTESIAN_POINT('Ctrl Pts',(0.418260222599152,88.8651147344435,22.402553502749));
#12890=CARTESIAN_POINT('Ctrl Pts',(2.93838174891782,85.3080057533491,27.0723373903032));
#12891=CARTESIAN_POINT('Ctrl Pts',(2.56114488048913,85.3735343148556,26.6948210943015));
#12892=CARTESIAN_POINT('Ctrl Pts',(1.88012358795614,85.6267201866418,25.8908520468753));
#12893=CARTESIAN_POINT('Ctrl Pts',(1.18536845156505,86.1701795395749,24.7524112687382));
#12894=CARTESIAN_POINT('Ctrl Pts',(0.725839402955528,86.7529185204121,23.7461406264211));
#12895=CARTESIAN_POINT('Ctrl Pts',(0.477745937627712,87.2360640225847,23.0311008605718));
#12896=CARTESIAN_POINT('Ctrl Pts',(0.332763452234014,87.6800777127042,22.5071993066597));
#12897=CARTESIAN_POINT('Ctrl Pts',(0.267673924157971,88.002768052122,22.2291159603182));
#12898=CARTESIAN_POINT('Ctrl Pts',(0.242560167074757,88.2933424363898,22.1117462892835));
#12899=CARTESIAN_POINT('Ctrl Pts',(0.242947139349474,88.5137920522704,22.1137390720006));
#12900=CARTESIAN_POINT('Ctrl Pts',(0.262022167321402,88.7309690465638,22.2022432271789));
#12901=CARTESIAN_POINT('Ctrl Pts',(0.284052557018312,88.8655498997114,22.2984483275519));
#12902=CARTESIAN_POINT('Ctrl Pts',(0.296704388346285,88.9301645210586,22.3513601707734));
#12903=CARTESIAN_POINT('Ctrl Pts',(2.93027189665806,85.2601015981419,27.072407520389));
#12904=CARTESIAN_POINT('Ctrl Pts',(2.54973199442077,85.3235341472834,26.6920040279997));
#12905=CARTESIAN_POINT('Ctrl Pts',(1.86310143384877,85.5730017520534,25.8817971284275));
#12906=CARTESIAN_POINT('Ctrl Pts',(1.16351941844768,86.1118750159736,24.733978045498));
#12907=CARTESIAN_POINT('Ctrl Pts',(0.701084003466203,86.6916478771327,23.7181969257532));
#12908=CARTESIAN_POINT('Ctrl Pts',(0.451274124538658,87.1732750621219,22.9944665864353));
#12909=CARTESIAN_POINT('Ctrl Pts',(0.304288014720389,87.6212346404341,22.4587598945031));
#12910=CARTESIAN_POINT('Ctrl Pts',(0.236867405566131,87.9528326452733,22.1669427097045));
#12911=CARTESIAN_POINT('Ctrl Pts',(0.208756506369231,88.2743054297705,22.0325109719074));
#12912=CARTESIAN_POINT('Ctrl Pts',(0.209153776720919,88.533958976571,22.034593860445));
#12913=CARTESIAN_POINT('Ctrl Pts',(0.23045808680622,88.7742237089948,22.1359137247642));
#12914=CARTESIAN_POINT('Ctrl Pts',(0.253576456798246,88.9154541967166,22.2384874240124));
#12915=CARTESIAN_POINT('Ctrl Pts',(0.266713511138978,88.9825756610402,22.2942460656301));
#12916=CARTESIAN_POINT('Ctrl Pts',(2.92893218813451,85.2441364680898,27.0710678118655));
#12917=CARTESIAN_POINT('Ctrl Pts',(2.54750114221365,85.30687147786,26.6896367659446));
#12918=CARTESIAN_POINT('Ctrl Pts',(1.85960034952995,85.5551106184177,25.8771977057369));
#12919=CARTESIAN_POINT('Ctrl Pts',(1.15927680375745,86.0924747080347,24.7262050093037));
#12920=CARTESIAN_POINT('Ctrl Pts',(0.696709387348974,86.6712858290018,23.7073377700739));
#12921=CARTESIAN_POINT('Ctrl Pts',(0.446966509938449,87.152441192922,22.9808546004602));
#12922=CARTESIAN_POINT('Ctrl Pts',(0.299850052389288,87.6017451145226,22.4413734601288));
#12923=CARTESIAN_POINT('Ctrl Pts',(0.231980987425138,87.9363208874831,22.1451055001767));
#12924=CARTESIAN_POINT('Ctrl Pts',(0.203081267133034,88.2680426982728,22.0050748913198));
#12925=CARTESIAN_POINT('Ctrl Pts',(0.203483792518193,88.5406784546741,22.0071854735184));
#12926=CARTESIAN_POINT('Ctrl Pts',(0.22539323666433,88.7885999903263,22.1127043550078));
#12927=CARTESIAN_POINT('Ctrl Pts',(0.248756542889337,88.9320437450708,22.2173495805618));
#12928=CARTESIAN_POINT('Ctrl Pts',(0.261993133571083,89.,22.2740321610266));
#12929=CARTESIAN_POINT('',(0.653206191468432,88.9625,22.2285515178061));
#12930=CARTESIAN_POINT('Origin',(0.45675327089966,89.,22.2285515178061));
#12931=CARTESIAN_POINT('Ctrl Pts',(3.10345644784859,85.4413779388342,26.9296464556282));
#12932=CARTESIAN_POINT('Ctrl Pts',(2.7530166744088,85.5001920104938,26.5558440306257));
#12933=CARTESIAN_POINT('Ctrl Pts',(2.12100782113064,85.7329162047666,25.7596537516221));
#12934=CARTESIAN_POINT('Ctrl Pts',(1.47758556345215,86.2366950387825,24.6316809091176));
#12935=CARTESIAN_POINT('Ctrl Pts',(1.05260174962686,86.7793304646892,23.6331910146724));
#12936=CARTESIAN_POINT('Ctrl Pts',(0.823150481005943,87.2304136183644,22.9212375084509));
#12937=CARTESIAN_POINT('Ctrl Pts',(0.687987235632648,87.651636044865,22.3925459909262));
#12938=CARTESIAN_POINT('Ctrl Pts',(0.625632532196836,87.9653008320154,22.1022033901732));
#12939=CARTESIAN_POINT('Ctrl Pts',(0.599080914178467,88.2762900296308,21.9649733934934));
#12940=CARTESIAN_POINT('Ctrl Pts',(0.59945073437608,88.531886051257,21.967041764048));
#12941=CARTESIAN_POINT('Ctrl Pts',(0.619580036185346,88.7643124909309,22.0704502679076));
#12942=CARTESIAN_POINT('Ctrl Pts',(0.641045073779568,88.8987910110038,22.1730025889505));
#12943=CARTESIAN_POINT('Ctrl Pts',(0.653206191468432,88.9625,22.2285515178061));
#12944=CARTESIAN_POINT('Ctrl Pts',(0.653206191468429,88.9625,22.2285515178061));
#12945=CARTESIAN_POINT('Ctrl Pts',(0.714948319419418,89.285951236216,22.5105740391472));
#12946=CARTESIAN_POINT('Ctrl Pts',(0.969799984425605,89.9923495834713,22.9609698744697));
#12947=CARTESIAN_POINT('Ctrl Pts',(1.78095128659581,90.8885348175264,23.4368067368076));
#12948=CARTESIAN_POINT('Ctrl Pts',(2.69005602465835,91.2978155784779,23.8780721290948));
#12949=CARTESIAN_POINT('Ctrl Pts',(3.16628197983434,91.3719877299966,24.3305826047662));
#12950=CARTESIAN_POINT('Ctrl Pts',(3.30990540291345,91.3859412460297,24.4950089725696));
#12951=CARTESIAN_POINT('Ctrl Pts',(0.64684325400216,88.9291661960361,22.2708165921306));
#12952=CARTESIAN_POINT('Ctrl Pts',(0.705800812422378,89.2578875954082,22.5563183829981));
#12953=CARTESIAN_POINT('Ctrl Pts',(0.956963791613628,89.9737448850823,23.0100493614006));
#12954=CARTESIAN_POINT('Ctrl Pts',(1.76720243561886,90.8777062146183,23.4880233145492));
#12955=CARTESIAN_POINT('Ctrl Pts',(2.66402228698753,91.2880069195283,23.9266420659644));
#12956=CARTESIAN_POINT('Ctrl Pts',(3.12923972738653,91.3664816552937,24.3699404631029));
#12957=CARTESIAN_POINT('Ctrl Pts',(3.2708300092952,91.3821449353746,24.5317596956846));
#12958=CARTESIAN_POINT('Ctrl Pts',(0.588232687048228,88.8715448668714,22.3549949522381));
#12959=CARTESIAN_POINT('Ctrl Pts',(0.643038151846353,89.2158873661413,22.6474591342296));
#12960=CARTESIAN_POINT('Ctrl Pts',(0.891230394948259,89.9610636807316,23.1078802525543));
#12961=CARTESIAN_POINT('Ctrl Pts',(1.71131066390101,90.8948357142491,23.5901480432681));
#12962=CARTESIAN_POINT('Ctrl Pts',(2.59752601571928,91.3152521738805,24.0234920416587));
#12963=CARTESIAN_POINT('Ctrl Pts',(3.0486923878872,91.4018951314907,24.4483647833366));
#12964=CARTESIAN_POINT('Ctrl Pts',(3.1885474573641,91.4203585926485,24.6049644144611));
#12965=CARTESIAN_POINT('Ctrl Pts',(0.418252523173147,88.8650584709578,22.4026241311432));
#12966=CARTESIAN_POINT('Ctrl Pts',(0.474372221862968,89.2325118973855,22.6996374859467));
#12967=CARTESIAN_POINT('Ctrl Pts',(0.733632230078546,90.0259407702551,23.1650187480042));
#12968=CARTESIAN_POINT('Ctrl Pts',(1.59451633540885,91.0192787421154,23.6481508791261));
#12969=CARTESIAN_POINT('Ctrl Pts',(2.51803448891505,91.4685434885777,24.0757566288014));
#12970=CARTESIAN_POINT('Ctrl Pts',(2.98315672382609,91.5599542107167,24.492744144076));
#12971=CARTESIAN_POINT('Ctrl Pts',(3.12760583824769,91.5788549512669,24.6473975922323));
#12972=CARTESIAN_POINT('Ctrl Pts',(0.296701592460962,88.9301626660063,22.3513630930664));
#12973=CARTESIAN_POINT('Ctrl Pts',(0.358842476887983,89.3046638036043,22.6450894197295));
#12974=CARTESIAN_POINT('Ctrl Pts',(0.633576183080665,90.1172449857846,23.1082219413686));
#12975=CARTESIAN_POINT('Ctrl Pts',(1.53079541477344,91.1415896567421,23.5864960483645));
#12976=CARTESIAN_POINT('Ctrl Pts',(2.51158471127032,91.6084128956598,24.0133328466407));
#12977=CARTESIAN_POINT('Ctrl Pts',(3.00922176198696,91.6969737036369,24.4450532991144));
#12978=CARTESIAN_POINT('Ctrl Pts',(3.16070493601443,91.7141144887525,24.6043151146581));
#12979=CARTESIAN_POINT('Ctrl Pts',(0.266713511138974,88.9825756610402,22.2942460656301));
#12980=CARTESIAN_POINT('Ctrl Pts',(0.332710284561168,89.3538990140038,22.5836075833347));
#12981=CARTESIAN_POINT('Ctrl Pts',(0.614920699212113,90.1635992180249,23.0429226073143));
#12982=CARTESIAN_POINT('Ctrl Pts',(1.52554297450697,91.1891920157453,23.5173537406424));
#12983=CARTESIAN_POINT('Ctrl Pts',(2.53630950528369,91.6574802479354,23.9462642829647));
#12984=CARTESIAN_POINT('Ctrl Pts',(3.05364905277136,91.743257182489,24.391848938486));
#12985=CARTESIAN_POINT('Ctrl Pts',(3.2089719943432,91.7594683871676,24.555238629168));
#12986=CARTESIAN_POINT('Ctrl Pts',(0.261993133571079,89.,22.2740321610266));
#12987=CARTESIAN_POINT('Ctrl Pts',(0.329195449708205,89.3696585556756,22.5618102440278));
#12988=CARTESIAN_POINT('Ctrl Pts',(0.613466316093229,90.1769709525388,23.0196937369418));
#12989=CARTESIAN_POINT('Ctrl Pts',(1.52737127841219,91.2011826486017,23.4929043515362));
#12990=CARTESIAN_POINT('Ctrl Pts',(2.54681971281568,91.6689320896891,23.9227748025855));
#12991=CARTESIAN_POINT('Ctrl Pts',(3.07021892348301,91.7537002628533,24.3730274536075));
#12992=CARTESIAN_POINT('Ctrl Pts',(3.22671438061441,91.7696471383197,24.5377864299654));
#12993=CARTESIAN_POINT('',(3.30990540291345,91.3859412460297,24.4950089725696));
#12994=CARTESIAN_POINT('',(3.22671438061442,91.7696471383196,24.5377864299653));
#12995=CARTESIAN_POINT('Origin',(3.29056576310768,91.585003995765,24.4950089725696));
#12996=CARTESIAN_POINT('Ctrl Pts',(3.22671438061441,91.7696471383197,24.5377864299654));
#12997=CARTESIAN_POINT('Ctrl Pts',(3.07021892348301,91.7537002628533,24.3730274536075));
#12998=CARTESIAN_POINT('Ctrl Pts',(2.54681971281568,91.6689320896891,23.9227748025855));
#12999=CARTESIAN_POINT('Ctrl Pts',(1.52737127841219,91.2011826486017,23.4929043515362));
#13000=CARTESIAN_POINT('Ctrl Pts',(0.613466316093229,90.1769709525388,23.0196937369418));
#13001=CARTESIAN_POINT('Ctrl Pts',(0.329195449708205,89.3696585556756,22.5618102440278));
#13002=CARTESIAN_POINT('Ctrl Pts',(0.261993133571079,89.,22.2740321610266));
#13003=CARTESIAN_POINT('Ctrl Pts',(0.653206191468429,88.9625,22.2285515178061));
#13004=CARTESIAN_POINT('Ctrl Pts',(0.714948319419418,89.285951236216,22.5105740391472));
#13005=CARTESIAN_POINT('Ctrl Pts',(0.969799984425605,89.9923495834713,22.9609698744697));
#13006=CARTESIAN_POINT('Ctrl Pts',(1.78095128659581,90.8885348175264,23.4368067368076));
#13007=CARTESIAN_POINT('Ctrl Pts',(2.69005602465835,91.2978155784779,23.8780721290948));
#13008=CARTESIAN_POINT('Ctrl Pts',(3.16628197983434,91.3719877299966,24.3305826047662));
#13009=CARTESIAN_POINT('Ctrl Pts',(3.30990540291345,91.3859412460297,24.4950089725696));
#13010=CARTESIAN_POINT('Ctrl Pts',(3.30990540291339,91.3859412460297,24.4950089725695));
#13011=CARTESIAN_POINT('Ctrl Pts',(3.42151039324107,91.3967840597471,24.6227792400842));
#13012=CARTESIAN_POINT('Ctrl Pts',(3.59357501264985,91.4028479640497,24.9233977549892));
#13013=CARTESIAN_POINT('Ctrl Pts',(3.83383141285488,91.3945695664811,25.4794144207437));
#13014=CARTESIAN_POINT('Ctrl Pts',(4.00568178891367,91.3747002305644,25.8768214249531));
#13015=CARTESIAN_POINT('Ctrl Pts',(4.11977104717635,91.3546299359678,26.1084488168718));
#13016=CARTESIAN_POINT('Ctrl Pts',(3.27083000929526,91.3821449353746,24.5317596956847));
#13017=CARTESIAN_POINT('Ctrl Pts',(3.37729104064831,91.3939667949671,24.6538223729132));
#13018=CARTESIAN_POINT('Ctrl Pts',(3.54620596978624,91.4026861100071,24.94686064488));
#13019=CARTESIAN_POINT('Ctrl Pts',(3.7871129979832,91.3982383712865,25.5003472313316));
#13020=CARTESIAN_POINT('Ctrl Pts',(3.96128661059009,91.3807988310949,25.8987386639533));
#13021=CARTESIAN_POINT('Ctrl Pts',(4.07722215408333,91.3621150299385,26.1314954851839));
#13022=CARTESIAN_POINT('Ctrl Pts',(3.18854733804678,91.420359280982,24.6049644633238));
#13023=CARTESIAN_POINT('Ctrl Pts',(3.28650823034844,91.433846063921,24.7156031828329));
#13024=CARTESIAN_POINT('Ctrl Pts',(3.45173565599888,91.4465072596132,24.9935346297642));
#13025=CARTESIAN_POINT('Ctrl Pts',(3.69737580605386,91.446763893984,25.5419425688946));
#13026=CARTESIAN_POINT('Ctrl Pts',(3.87806655554076,91.4318406574725,25.9424441203256));
#13027=CARTESIAN_POINT('Ctrl Pts',(3.9989049370282,91.4142240070792,26.1774589411992));
#13028=CARTESIAN_POINT('Ctrl Pts',(3.12760573838812,91.5788552638726,24.6473976569769));
#13029=CARTESIAN_POINT('Ctrl Pts',(3.22523482558387,91.5927941856386,24.7520448025737));
#13030=CARTESIAN_POINT('Ctrl Pts',(3.39363262375185,91.6047380759845,25.0224027713498));
#13031=CARTESIAN_POINT('Ctrl Pts',(3.64756888310338,91.6019197385817,25.5695704440435));
#13032=CARTESIAN_POINT('Ctrl Pts',(3.83537901048173,91.5834361241705,25.9731256399205));
#13033=CARTESIAN_POINT('Ctrl Pts',(3.96125476503556,91.5630885151832,26.2109989454546));
#13034=CARTESIAN_POINT('Ctrl Pts',(3.16070485202429,91.7141147511797,24.6043151691588));
#13035=CARTESIAN_POINT('Ctrl Pts',(3.26833909587185,91.7271781647075,24.7165041779096));
#13036=CARTESIAN_POINT('Ctrl Pts',(3.44407944400385,91.7357323825318,24.9974944483234));
#13037=CARTESIAN_POINT('Ctrl Pts',(3.70053370883353,91.7275414326284,25.5502036303891));
#13038=CARTESIAN_POINT('Ctrl Pts',(3.88764128204754,91.7051172928883,25.9556950219303));
#13039=CARTESIAN_POINT('Ctrl Pts',(4.01309411376507,91.6821842578946,26.1947704620569));
#13040=CARTESIAN_POINT('Ctrl Pts',(3.20897199434331,91.7594683871676,24.5552386291682));
#13041=CARTESIAN_POINT('Ctrl Pts',(3.32455205308381,91.7720136093412,24.6754374823855));
#13042=CARTESIAN_POINT('Ctrl Pts',(3.50523067079083,91.7792339062805,24.96729538135));
#13043=CARTESIAN_POINT('Ctrl Pts',(3.7612760128855,91.769902783716,25.524592423353));
#13044=CARTESIAN_POINT('Ctrl Pts',(3.9458627228511,91.7470376225882,25.9301542983032));
#13045=CARTESIAN_POINT('Ctrl Pts',(4.0694664182817,91.7239812593647,26.1690160122985));
#13046=CARTESIAN_POINT('Ctrl Pts',(3.22671438061446,91.7696471383197,24.5377864299654));
#13047=CARTESIAN_POINT('Ctrl Pts',(3.34493632089462,91.7820389254253,24.6607618505512));
#13048=CARTESIAN_POINT('Ctrl Pts',(3.52722847896174,91.7889691017711,24.9563783509353));
#13049=CARTESIAN_POINT('Ctrl Pts',(3.78308876759228,91.7795080759784,25.5151593964424));
#13050=CARTESIAN_POINT('Ctrl Pts',(3.96673158156776,91.7568002635022,25.9206455018529));
#13051=CARTESIAN_POINT('Ctrl Pts',(4.08965908203765,91.7338627839632,26.1593202520953));
#13052=CARTESIAN_POINT('',(4.11977104717635,91.3546299359678,26.1084488168718));
#13053=CARTESIAN_POINT('',(4.08965908203739,91.7338627839632,26.1593202520949));
#13054=CARTESIAN_POINT('Origin',(4.15442245032144,91.5516052650324,26.1084488168718));
#13055=CARTESIAN_POINT('Ctrl Pts',(4.08965908203765,91.7338627839632,26.1593202520953));
#13056=CARTESIAN_POINT('Ctrl Pts',(3.96673158156776,91.7568002635022,25.9206455018529));
#13057=CARTESIAN_POINT('Ctrl Pts',(3.78308876759228,91.7795080759784,25.5151593964424));
#13058=CARTESIAN_POINT('Ctrl Pts',(3.52722847896174,91.7889691017711,24.9563783509353));
#13059=CARTESIAN_POINT('Ctrl Pts',(3.34493632089462,91.7820389254253,24.6607618505512));
#13060=CARTESIAN_POINT('Ctrl Pts',(3.22671438061446,91.7696471383197,24.5377864299654));
#13061=CARTESIAN_POINT('Ctrl Pts',(3.30990540291339,91.3859412460297,24.4950089725695));
#13062=CARTESIAN_POINT('Ctrl Pts',(3.42151039324107,91.3967840597471,24.6227792400842));
#13063=CARTESIAN_POINT('Ctrl Pts',(3.59357501264985,91.4028479640497,24.9233977549892));
#13064=CARTESIAN_POINT('Ctrl Pts',(3.83383141285488,91.3945695664811,25.4794144207437));
#13065=CARTESIAN_POINT('Ctrl Pts',(4.00568178891367,91.3747002305644,25.8768214249531));
#13066=CARTESIAN_POINT('Ctrl Pts',(4.11977104717635,91.3546299359678,26.1084488168718));
#13067=CARTESIAN_POINT('Ctrl Pts',(4.11977104717626,91.3546299359678,26.1084488168716));
#13068=CARTESIAN_POINT('Ctrl Pts',(4.35217781783087,91.3137455229713,26.5802879275006));
#13069=CARTESIAN_POINT('Ctrl Pts',(4.75400990029563,91.1989113797351,27.3560219680986));
#13070=CARTESIAN_POINT('Ctrl Pts',(5.27419694164809,90.9052070724562,28.2189999794714));
#13071=CARTESIAN_POINT('Ctrl Pts',(5.60806373997363,90.636701569484,28.7668620965683));
#13072=CARTESIAN_POINT('Ctrl Pts',(5.76210728840198,90.4820819497434,29.037315723319));
#13073=CARTESIAN_POINT('Ctrl Pts',(5.8282986537142,90.408652560762,29.1810405321036));
#13074=CARTESIAN_POINT('Ctrl Pts',(4.07722215408323,91.3621150299385,26.1314954851837));
#13075=CARTESIAN_POINT('Ctrl Pts',(4.31210038754698,91.3242848145943,26.6029091298591));
#13076=CARTESIAN_POINT('Ctrl Pts',(4.72026141989781,91.2134879573319,27.3796974893171));
#13077=CARTESIAN_POINT('Ctrl Pts',(5.24943482547839,90.9220733341044,28.2424311741365));
#13078=CARTESIAN_POINT('Ctrl Pts',(5.58918407875642,90.6537944247252,28.7887777087848));
#13079=CARTESIAN_POINT('Ctrl Pts',(5.74574667968309,90.4990861931121,29.0569864255023));
#13080=CARTESIAN_POINT('Ctrl Pts',(5.81286157417269,90.4257776844551,29.1979564796255));
#13081=CARTESIAN_POINT('Ctrl Pts',(3.99890499470903,91.4142246954455,26.1774589745166));
#13082=CARTESIAN_POINT('Ctrl Pts',(4.24115351711468,91.3788155316137,26.6480172718664));
#13083=CARTESIAN_POINT('Ctrl Pts',(4.66472708186498,91.2694322353482,27.4269886343409));
#13084=CARTESIAN_POINT('Ctrl Pts',(5.21256238457113,90.9739497113539,28.2892455945062));
#13085=CARTESIAN_POINT('Ctrl Pts',(5.56309368799079,90.7006604120514,28.8325821120878));
#13086=CARTESIAN_POINT('Ctrl Pts',(5.72339346130523,90.5429750106434,29.0963160423683));
#13087=CARTESIAN_POINT('Ctrl Pts',(5.79126302101591,90.468367089929,29.2317763091124));
#13088=CARTESIAN_POINT('Ctrl Pts',(3.96125473665224,91.5630888338016,26.2109989898153));
#13089=CARTESIAN_POINT('Ctrl Pts',(4.21145227531122,91.5218923328825,26.683595435296));
#13090=CARTESIAN_POINT('Ctrl Pts',(4.64885328353139,91.3995074585131,27.469181441965));
#13091=CARTESIAN_POINT('Ctrl Pts',(5.21140508373159,91.0821235569422,28.3377516596195));
#13092=CARTESIAN_POINT('Ctrl Pts',(5.56807977246666,90.7917929549224,28.8822319851279));
#13093=CARTESIAN_POINT('Ctrl Pts',(5.72769441496583,90.624809420539,29.1433403109105));
#13094=CARTESIAN_POINT('Ctrl Pts',(5.79243657206739,90.5456855991697,29.2733355230314));
#13095=CARTESIAN_POINT('Ctrl Pts',(4.0130940906846,91.6821845254909,26.1947704989157));
#13096=CARTESIAN_POINT('Ctrl Pts',(4.26275838082722,91.6354475494076,26.672021005565));
#13097=CARTESIAN_POINT('Ctrl Pts',(4.69689148783906,91.5032751016819,27.465711295027));
#13098=CARTESIAN_POINT('Ctrl Pts',(5.25597885272912,91.1697317687841,28.3473209826189));
#13099=CARTESIAN_POINT('Ctrl Pts',(5.6081154116115,90.8665298261693,28.8999691183709));
#13100=CARTESIAN_POINT('Ctrl Pts',(5.76222369402397,90.6923443873511,29.1645229309104));
#13101=CARTESIAN_POINT('Ctrl Pts',(5.82129413712706,90.6096399659215,29.2940121366493));
#13102=CARTESIAN_POINT('Ctrl Pts',(4.06946641828159,91.7239812593647,26.1690160122983));
#13103=CARTESIAN_POINT('Ctrl Pts',(4.31656339353083,91.6769947271407,26.6490472912817));
#13104=CARTESIAN_POINT('Ctrl Pts',(4.74449049071331,91.5449231597866,27.4466776720781));
#13105=CARTESIAN_POINT('Ctrl Pts',(5.29688485420837,91.2090812927733,28.3377874738594));
#13106=CARTESIAN_POINT('Ctrl Pts',(5.64381563099748,90.9026590182958,28.8980022475987));
#13107=CARTESIAN_POINT('Ctrl Pts',(5.79368449301418,90.7263361928902,29.1671879909251));
#13108=CARTESIAN_POINT('Ctrl Pts',(5.84876887261768,90.6426009759291,29.298477830602));
#13109=CARTESIAN_POINT('Ctrl Pts',(4.08965908203754,91.7338627839632,26.1593202520951));
#13110=CARTESIAN_POINT('Ctrl Pts',(4.33585936023949,91.6871377405386,26.640154922236));
#13111=CARTESIAN_POINT('Ctrl Pts',(4.7615469292146,91.5558987196972,27.4388681433571));
#13112=CARTESIAN_POINT('Ctrl Pts',(5.31152120971438,91.2202366542357,28.3330946210707));
#13113=CARTESIAN_POINT('Ctrl Pts',(5.65661948016461,90.9133732222674,28.8960031070401));
#13114=CARTESIAN_POINT('Ctrl Pts',(5.80506854341611,90.736665085421,29.1669631361833));
#13115=CARTESIAN_POINT('Ctrl Pts',(5.85882712235956,90.6527457837279,29.2990653070392));
#13116=CARTESIAN_POINT('',(5.8282986537142,90.408652560762,29.1810405321036));
#13117=CARTESIAN_POINT('',(5.85882712235954,90.652745783728,29.2990653070392));
#13118=CARTESIAN_POINT('Origin',(5.97685189729514,90.5425627314794,29.1810405321036));
#13119=CARTESIAN_POINT('Ctrl Pts',(5.85882712235956,90.6527457837279,29.2990653070392));
#13120=CARTESIAN_POINT('Ctrl Pts',(5.80506854341611,90.736665085421,29.1669631361833));
#13121=CARTESIAN_POINT('Ctrl Pts',(5.65661948016461,90.9133732222674,28.8960031070401));
#13122=CARTESIAN_POINT('Ctrl Pts',(5.31152120971438,91.2202366542357,28.3330946210707));
#13123=CARTESIAN_POINT('Ctrl Pts',(4.7615469292146,91.5558987196972,27.4388681433571));
#13124=CARTESIAN_POINT('Ctrl Pts',(4.33585936023949,91.6871377405386,26.640154922236));
#13125=CARTESIAN_POINT('Ctrl Pts',(4.08965908203754,91.7338627839632,26.1593202520951));
#13126=CARTESIAN_POINT('Ctrl Pts',(4.11977104717626,91.3546299359678,26.1084488168716));
#13127=CARTESIAN_POINT('Ctrl Pts',(4.35217781783087,91.3137455229713,26.5802879275006));
#13128=CARTESIAN_POINT('Ctrl Pts',(4.75400990029563,91.1989113797351,27.3560219680986));
#13129=CARTESIAN_POINT('Ctrl Pts',(5.27419694164809,90.9052070724562,28.2189999794714));
#13130=CARTESIAN_POINT('Ctrl Pts',(5.60806373997363,90.636701569484,28.7668620965683));
#13131=CARTESIAN_POINT('Ctrl Pts',(5.76210728840198,90.4820819497434,29.037315723319));
#13132=CARTESIAN_POINT('Ctrl Pts',(5.8282986537142,90.408652560762,29.1810405321036));
#13133=CARTESIAN_POINT('Ctrl Pts',(5.82829865371419,90.408652560762,29.1810405321036));
#13134=CARTESIAN_POINT('Ctrl Pts',(5.87187720134553,90.3603087003479,29.2756649350885));
#13135=CARTESIAN_POINT('Ctrl Pts',(5.914978593415,90.3093467332756,29.368941885993));
#13136=CARTESIAN_POINT('Ctrl Pts',(5.95751500761948,90.2552959302626,29.4604532085239));
#13137=CARTESIAN_POINT('Ctrl Pts',(5.79742449463117,90.4429028081483,29.2148724271474));
#13138=CARTESIAN_POINT('Ctrl Pts',(5.8428224085409,90.3941151282693,29.3092453946237));
#13139=CARTESIAN_POINT('Ctrl Pts',(5.88761056695958,90.3425190391838,29.4023153708057));
#13140=CARTESIAN_POINT('Ctrl Pts',(5.93195048617618,90.2877806363314,29.4935944338129));
#13141=CARTESIAN_POINT('Ctrl Pts',(5.77780975859423,90.5328625202135,29.2735327733298));
#13142=CARTESIAN_POINT('Ctrl Pts',(5.82510793447933,90.4809781828327,29.3675603596849));
#13143=CARTESIAN_POINT('Ctrl Pts',(5.87191366895419,90.4262977317394,29.4602494636488));
#13144=CARTESIAN_POINT('Ctrl Pts',(5.91806463280017,90.368283046423,29.5511974982532));
#13145=CARTESIAN_POINT('Ctrl Pts',(5.82865237313389,90.6223113603314,29.2973028777276));
#13146=CARTESIAN_POINT('Ctrl Pts',(5.87439019914326,90.5675943227459,29.3927346390722));
#13147=CARTESIAN_POINT('Ctrl Pts',(5.9196357278515,90.5100083376939,29.4868161366549));
#13148=CARTESIAN_POINT('Ctrl Pts',(5.96431193792423,90.4489416372054,29.5790843739918));
#13149=CARTESIAN_POINT('Ctrl Pts',(5.85882712235954,90.652745783728,29.2990653070392));
#13150=CARTESIAN_POINT('Ctrl Pts',(5.90359159868375,90.5974956575405,29.39540901784));
#13151=CARTESIAN_POINT('Ctrl Pts',(5.94787705500915,90.5392534094578,29.4903753306265));
#13152=CARTESIAN_POINT('Ctrl Pts',(5.99160140346847,90.4774810631572,29.5835344798495));
#13153=CARTESIAN_POINT('Ctrl Pts',(5.99160140346847,90.4774810631572,29.5835344798495));
#13154=CARTESIAN_POINT('Ctrl Pts',(5.94787705500915,90.5392534094578,29.4903753306265));
#13155=CARTESIAN_POINT('Ctrl Pts',(5.90359159868375,90.5974956575405,29.39540901784));
#13156=CARTESIAN_POINT('Ctrl Pts',(5.85882712235954,90.652745783728,29.2990653070392));
#13157=CARTESIAN_POINT('Ctrl Pts',(5.82829865371419,90.408652560762,29.1810405321036));
#13158=CARTESIAN_POINT('Ctrl Pts',(5.86607558421086,90.3667447241298,29.2630675772702));
#13159=CARTESIAN_POINT('Ctrl Pts',(5.90349394976932,90.3228694761811,29.3440820615225));
#13160=CARTESIAN_POINT('Ctrl Pts',(5.94049654109837,90.2767201739832,29.4238115760478));
#13161=CARTESIAN_POINT('Origin',(3.6,88.4,29.8));
#13162=CARTESIAN_POINT('',(6.59999999999999,88.4,29.8));
#13163=CARTESIAN_POINT('Origin',(3.6,88.4,29.8));
#13164=CARTESIAN_POINT('Origin',(3.6,88.4,29.8));
#13165=CARTESIAN_POINT('Origin',(11.0502525316941,89.,30.9497474683058));
#13166=CARTESIAN_POINT('',(6.35281928654136,91.3961867516817,28.8050731428574));
#13167=CARTESIAN_POINT('Origin',(7.10050506338834,89.,27.));
#13168=CARTESIAN_POINT('Origin',(7.62919874639354,89.,27.5286936830052));
#13169=CARTESIAN_POINT('Origin',(19.4289321881345,89.,27.));
#13170=CARTESIAN_POINT('',(59.9577394628355,90.5725305788143,29.5548282875165));
#13171=CARTESIAN_POINT('Ctrl Pts',(59.9577394628356,90.5725305788142,29.5548282875164));
#13172=CARTESIAN_POINT('Ctrl Pts',(59.62432924917,90.1505935947846,29.8145360780405));
#13173=CARTESIAN_POINT('Ctrl Pts',(59.3636362189821,89.5999276374229,30.));
#13174=CARTESIAN_POINT('Ctrl Pts',(59.2567532708997,89.,30.));
#13175=CARTESIAN_POINT('',(59.6471807134586,91.3961867516818,28.8050731428573));
#13176=CARTESIAN_POINT('Origin',(58.8994949366116,89.,27.));
#13177=CARTESIAN_POINT('',(59.0175883869096,92.,27.0000000000005));
#13178=CARTESIAN_POINT('Ctrl Pts',(59.6471807134586,91.3961867516818,28.8050731428573));
#13179=CARTESIAN_POINT('Ctrl Pts',(59.5088422138502,91.6477764696606,28.4710944609044));
#13180=CARTESIAN_POINT('Ctrl Pts',(59.3722636363478,91.8270306239242,28.0878411919352));
#13181=CARTESIAN_POINT('Ctrl Pts',(59.1637509603596,91.9728717832199,27.4609870686519));
#13182=CARTESIAN_POINT('Ctrl Pts',(59.0918824573595,91.9991150546062,27.2368115111456));
#13183=CARTESIAN_POINT('Ctrl Pts',(59.019990152262,91.9999926658038,27.0076597377125));
#13184=CARTESIAN_POINT('Ctrl Pts',(59.0187890679246,92.,27.0038299335795));
#13185=CARTESIAN_POINT('Ctrl Pts',(59.0175883869111,92.,27.));
#13186=CARTESIAN_POINT('',(6.9824116130921,92.,27.0000000000011));
#13187=CARTESIAN_POINT('',(19.4289321881345,92.,27.));
#13188=CARTESIAN_POINT('Ctrl Pts',(6.98241161308886,92.,27.));
#13189=CARTESIAN_POINT('Ctrl Pts',(6.98121105964409,92.,27.0038295266609));
#13190=CARTESIAN_POINT('Ctrl Pts',(6.98001010300596,91.9999926673625,27.0076589237718));
#13191=CARTESIAN_POINT('Ctrl Pts',(6.90811366945614,91.9991150989554,27.2368238743696));
#13192=CARTESIAN_POINT('Ctrl Pts',(6.8362407810522,91.9728688068818,27.4610128493055));
#13193=CARTESIAN_POINT('Ctrl Pts',(6.62772775534945,91.8270193817001,28.0878652945298));
#13194=CARTESIAN_POINT('Ctrl Pts',(6.4911534166771,91.6477685231062,28.4711050097446));
#13195=CARTESIAN_POINT('Ctrl Pts',(6.35281928654139,91.3961867516818,28.8050731428573));
#13196=CARTESIAN_POINT('Origin',(3.6,88.4,30.));
#13197=CARTESIAN_POINT('',(6.59999999999999,88.4,20.));
#13198=CARTESIAN_POINT('',(6.59999999999999,88.4,30.));
#13199=CARTESIAN_POINT('Origin',(3.6,88.4,20.));
#13200=CARTESIAN_POINT('Ctrl Pts',(60.0424849923805,90.2552959302626,29.4604532085239));
#13201=CARTESIAN_POINT('Ctrl Pts',(60.085021406585,90.3093467332755,29.368941885993));
#13202=CARTESIAN_POINT('Ctrl Pts',(60.1281227986544,90.3603087003479,29.2756649350885));
#13203=CARTESIAN_POINT('Ctrl Pts',(60.1717013462858,90.408652560762,29.1810405321036));
#13204=CARTESIAN_POINT('Ctrl Pts',(60.0680495138238,90.2877806363314,29.4935944338129));
#13205=CARTESIAN_POINT('Ctrl Pts',(60.1123894330404,90.3425190391838,29.4023153708057));
#13206=CARTESIAN_POINT('Ctrl Pts',(60.1571775914591,90.3941151282693,29.3092453946237));
#13207=CARTESIAN_POINT('Ctrl Pts',(60.2025755053688,90.4429028081483,29.2148724271474));
#13208=CARTESIAN_POINT('Ctrl Pts',(60.0819315485354,90.3682831024083,29.5511956401955));
#13209=CARTESIAN_POINT('Ctrl Pts',(60.1280825123813,90.4262977877248,29.4602476055911));
#13210=CARTESIAN_POINT('Ctrl Pts',(60.1748869528462,90.4809782047512,29.3675578600529));
#13211=CARTESIAN_POINT('Ctrl Pts',(60.2221851287313,90.5328625421319,29.2735302736978));
#13212=CARTESIAN_POINT('Ctrl Pts',(60.0356880620757,90.4489416372054,29.5790843739918));
#13213=CARTESIAN_POINT('Ctrl Pts',(60.0803642721485,90.5100083376939,29.4868161366549));
#13214=CARTESIAN_POINT('Ctrl Pts',(60.1256098008567,90.5675943227459,29.3927346390722));
#13215=CARTESIAN_POINT('Ctrl Pts',(60.1713476268661,90.6223113603314,29.2973028777276));
#13216=CARTESIAN_POINT('Ctrl Pts',(60.0083985965315,90.4774810631572,29.5835344798495));
#13217=CARTESIAN_POINT('Ctrl Pts',(60.0521229449908,90.5392534094578,29.4903753306266));
#13218=CARTESIAN_POINT('Ctrl Pts',(60.0964084013162,90.5974956575405,29.39540901784));
#13219=CARTESIAN_POINT('Ctrl Pts',(60.1411728776405,90.6527457837279,29.2990653070392));
#13220=CARTESIAN_POINT('',(60.0595423441439,90.2766674336569,29.4237747761546));
#13221=CARTESIAN_POINT('',(60.1717013462858,90.408652560762,29.1810405321036));
#13222=CARTESIAN_POINT('Ctrl Pts',(60.0595034589016,90.2767201739832,29.4238115760478));
#13223=CARTESIAN_POINT('Ctrl Pts',(60.0965060502307,90.3228694761811,29.3440820615225));
#13224=CARTESIAN_POINT('Ctrl Pts',(60.1339244157891,90.3667447241298,29.2630675772702));
#13225=CARTESIAN_POINT('Ctrl Pts',(60.1717013462858,90.408652560762,29.1810405321036));
#13226=CARTESIAN_POINT('',(60.1411728776405,90.6527457837279,29.2990653070392));
#13227=CARTESIAN_POINT('Origin',(60.0231481027048,90.5425627314794,29.1810405321036));
#13228=CARTESIAN_POINT('',(60.0083985965315,90.4774810631572,29.5835344798495));
#13229=CARTESIAN_POINT('Ctrl Pts',(60.1411728776405,90.6527457837279,29.2990653070392));
#13230=CARTESIAN_POINT('Ctrl Pts',(60.0964084013162,90.5974956575405,29.39540901784));
#13231=CARTESIAN_POINT('Ctrl Pts',(60.0521229449908,90.5392534094578,29.4903753306266));
#13232=CARTESIAN_POINT('Ctrl Pts',(60.0083985965315,90.4774810631572,29.5835344798495));
#13233=CARTESIAN_POINT('Ctrl Pts',(60.059503296128,90.2767199709733,29.4238119267763));
#13234=CARTESIAN_POINT('Ctrl Pts',(60.0597329824692,90.2770062289971,29.4242839865546));
#13235=CARTESIAN_POINT('Ctrl Pts',(60.0599605657548,90.2772941294115,29.4247560149884));
#13236=CARTESIAN_POINT('Ctrl Pts',(60.0601860473281,90.2775836599424,29.4252279998425));
#13237=CARTESIAN_POINT('Ctrl Pts',(60.0653595428797,90.2842267079397,29.4360573173245));
#13238=CARTESIAN_POINT('Ctrl Pts',(60.0694143251085,90.2917047347996,29.4468298496312));
#13239=CARTESIAN_POINT('Ctrl Pts',(60.0723640321133,90.2998708869764,29.4573993697011));
#13240=CARTESIAN_POINT('Ctrl Pts',(60.0740275991134,90.3044764092392,29.4633603362537));
#13241=CARTESIAN_POINT('Ctrl Pts',(60.0753389266593,90.3093014672215,29.469256704719));
#13242=CARTESIAN_POINT('Ctrl Pts',(60.0762942728236,90.314323259941,29.4750608453858));
#13243=CARTESIAN_POINT('Ctrl Pts',(60.0779721350914,90.3231429703609,29.4852545835144));
#13244=CARTESIAN_POINT('Ctrl Pts',(60.0785436293154,90.3325111829496,29.4950983592488));
#13245=CARTESIAN_POINT('Ctrl Pts',(60.0779951224405,90.3422946761834,29.5044468451871));
#13246=CARTESIAN_POINT('Ctrl Pts',(60.0776780713095,90.3479497877919,29.5098505113509));
#13247=CARTESIAN_POINT('Ctrl Pts',(60.0769859924169,90.353744033591,29.5150884597084));
#13248=CARTESIAN_POINT('Ctrl Pts',(60.0759090486703,90.3596529660839,29.5201293182777));
#13249=CARTESIAN_POINT('Ctrl Pts',(60.0743535666424,90.368187523554,29.5274100745242));
#13250=CARTESIAN_POINT('Ctrl Pts',(60.0720073254686,90.376900341248,29.5342281516073));
#13251=CARTESIAN_POINT('Ctrl Pts',(60.0688537018494,90.3857106398673,29.5404994326878));
#13252=CARTESIAN_POINT('Ctrl Pts',(60.0651372001674,90.3960934545563,29.5478900504336));
#13253=CARTESIAN_POINT('Ctrl Pts',(60.0602999405474,90.4066129147977,29.5545223481475));
#13254=CARTESIAN_POINT('Ctrl Pts',(60.0544339272458,90.4171186495277,29.5603044411272));
#13255=CARTESIAN_POINT('Ctrl Pts',(60.0538807253032,90.4181094063778,29.5608497288558));
#13256=CARTESIAN_POINT('Ctrl Pts',(60.0533183459389,90.4191000285734,29.5613874320805));
#13257=CARTESIAN_POINT('Ctrl Pts',(60.0527468494998,90.420090380739,29.5619174588341));
#13258=CARTESIAN_POINT('Ctrl Pts',(60.0467225485816,90.4305299549033,29.5675046164088));
#13259=CARTESIAN_POINT('Ctrl Pts',(60.0397519234854,90.440830516112,29.5721824369583));
#13260=CARTESIAN_POINT('Ctrl Pts',(60.0319434740436,90.4508351414254,29.5758845537114));
#13261=CARTESIAN_POINT('Ctrl Pts',(60.0247817225659,90.4600111808754,29.5792800601208));
#13262=CARTESIAN_POINT('Ctrl Pts',(60.016914177224,90.4689391251989,29.581854789752));
#13263=CARTESIAN_POINT('Ctrl Pts',(60.0083985965315,90.4774810631572,29.5835344798495));
#13264=CARTESIAN_POINT('Ctrl Pts',(60.1717013462858,90.408652560762,29.1810405321036));
#13265=CARTESIAN_POINT('Ctrl Pts',(60.2378911078743,90.4820801706525,29.037319205569));
#13266=CARTESIAN_POINT('Ctrl Pts',(60.3919535558025,90.6367133744322,28.7668163565343));
#13267=CARTESIAN_POINT('Ctrl Pts',(60.7257703502366,90.9051853246627,28.2190398191861));
#13268=CARTESIAN_POINT('Ctrl Pts',(61.2460985860772,91.1989698528006,27.3557912939528));
#13269=CARTESIAN_POINT('Ctrl Pts',(61.6478278130582,91.3137465135431,26.5802764955027));
#13270=CARTESIAN_POINT('Ctrl Pts',(61.8802289528236,91.3546299359678,26.108448816872));
#13271=CARTESIAN_POINT('Ctrl Pts',(60.1871384258273,90.4257776844551,29.1979564796255));
#13272=CARTESIAN_POINT('Ctrl Pts',(60.2542516942174,90.49908441695,29.0569898410085));
#13273=CARTESIAN_POINT('Ctrl Pts',(60.4108339247641,90.6538062513855,28.7887321029433));
#13274=CARTESIAN_POINT('Ctrl Pts',(60.7505324168687,90.9220517971271,28.2424708854689));
#13275=CARTESIAN_POINT('Ctrl Pts',(61.2798501466912,91.2135459914101,27.379466433782));
#13276=CARTESIAN_POINT('Ctrl Pts',(61.6879053032222,91.3242857311671,26.6028977081697));
#13277=CARTESIAN_POINT('Ctrl Pts',(61.9227778459166,91.3621150299384,26.1314954851841));
#13278=CARTESIAN_POINT('Ctrl Pts',(60.208736481161,90.4683675944738,29.2317763395174));
#13279=CARTESIAN_POINT('Ctrl Pts',(60.2766043964877,90.5429737075432,29.0963193547851));
#13280=CARTESIAN_POINT('Ctrl Pts',(60.4369245868881,90.7006736626881,28.8325368711885));
#13281=CARTESIAN_POINT('Ctrl Pts',(60.7874034988433,90.9739301870475,28.2892852123274));
#13282=CARTESIAN_POINT('Ctrl Pts',(61.3353886146242,91.2694941185909,27.4267570636098));
#13283=CARTESIAN_POINT('Ctrl Pts',(61.7588517879993,91.3788232417374,26.6480062077803));
#13284=CARTESIAN_POINT('Ctrl Pts',(62.0010944410638,91.4142315476549,26.1774593113966));
#13285=CARTESIAN_POINT('Ctrl Pts',(60.2075632556134,90.5456858344097,29.2733355665774));
#13286=CARTESIAN_POINT('Ctrl Pts',(60.2723038441035,90.62480773872,29.1433435040578));
#13287=CARTESIAN_POINT('Ctrl Pts',(60.4319395750359,90.7918064154177,28.8821874888169));
#13288=CARTESIAN_POINT('Ctrl Pts',(60.7885610988469,91.0821013361542,28.337792165818));
#13289=CARTESIAN_POINT('Ctrl Pts',(61.3512669789145,91.3995723797095,27.4689493740912));
#13290=CARTESIAN_POINT('Ctrl Pts',(61.7885540608072,91.5218965285486,26.683584424537));
#13291=CARTESIAN_POINT('Ctrl Pts',(62.0387455375315,91.5630920313343,26.2109994294039));
#13292=CARTESIAN_POINT('Ctrl Pts',(60.1787057137509,90.6096401636286,29.2940121711368));
#13293=CARTESIAN_POINT('Ctrl Pts',(60.2377747256602,90.6923425812464,29.1645261027394));
#13294=CARTESIAN_POINT('Ctrl Pts',(60.3919032580753,90.8665436963859,28.8999257662507));
#13295=CARTESIAN_POINT('Ctrl Pts',(60.7439874113664,91.1697080892289,28.3473638917596));
#13296=CARTESIAN_POINT('Ctrl Pts',(61.3032265267113,91.5033429041108,27.4654801300112));
#13297=CARTESIAN_POINT('Ctrl Pts',(61.7372478918258,91.6354513644866,26.6720098079054));
#13298=CARTESIAN_POINT('Ctrl Pts',(61.9869061329536,91.6821872081988,26.194770864365));
#13299=CARTESIAN_POINT('Ctrl Pts',(60.1512311273823,90.6426009759291,29.298477830602));
#13300=CARTESIAN_POINT('Ctrl Pts',(60.2063141723687,90.7263341641036,29.1671911718933));
#13301=CARTESIAN_POINT('Ctrl Pts',(60.356202507037,90.9026725697292,28.8979594650237));
#13302=CARTESIAN_POINT('Ctrl Pts',(60.7030817057763,91.2090565311933,28.3378319856454));
#13303=CARTESIAN_POINT('Ctrl Pts',(61.2556250427124,91.5449902237877,27.4464469405252));
#13304=CARTESIAN_POINT('Ctrl Pts',(61.6834425932813,91.6769958655582,26.6490356607991));
#13305=CARTESIAN_POINT('Ctrl Pts',(61.9305335817182,91.7239812593647,26.1690160122987));
#13306=CARTESIAN_POINT('Ctrl Pts',(60.1411728776405,90.652745783728,29.2990653070392));
#13307=CARTESIAN_POINT('Ctrl Pts',(60.1949301540891,90.7366630521743,29.1669663368333));
#13308=CARTESIAN_POINT('Ctrl Pts',(60.3433983614631,90.9133867136369,28.8959606565465));
#13309=CARTESIAN_POINT('Ctrl Pts',(60.6884453490187,91.2202117996146,28.3331398778802));
#13310=CARTESIAN_POINT('Ctrl Pts',(61.2385675526701,91.5559655460578,27.4386379781667));
#13311=CARTESIAN_POINT('Ctrl Pts',(61.6641466048469,91.6871388726207,26.6401432722883));
#13312=CARTESIAN_POINT('Ctrl Pts',(61.9103409179623,91.7338627839632,26.1593202520955));
#13313=CARTESIAN_POINT('',(61.8802289528236,91.3546299359678,26.108448816872));
#13314=CARTESIAN_POINT('',(61.9103409179626,91.7338627839632,26.1593202520951));
#13315=CARTESIAN_POINT('Origin',(61.8455775496785,91.5516052650323,26.108448816872));
#13316=CARTESIAN_POINT('Ctrl Pts',(61.9103409179623,91.7338627839632,26.1593202520955));
#13317=CARTESIAN_POINT('Ctrl Pts',(61.6641466048469,91.6871388726207,26.6401432722883));
#13318=CARTESIAN_POINT('Ctrl Pts',(61.2385675526701,91.5559655460578,27.4386379781667));
#13319=CARTESIAN_POINT('Ctrl Pts',(60.6884453490187,91.2202117996146,28.3331398778802));
#13320=CARTESIAN_POINT('Ctrl Pts',(60.3433983614631,90.9133867136369,28.8959606565465));
#13321=CARTESIAN_POINT('Ctrl Pts',(60.1949301540891,90.7366630521743,29.1669663368333));
#13322=CARTESIAN_POINT('Ctrl Pts',(60.1411728776405,90.652745783728,29.2990653070392));
#13323=CARTESIAN_POINT('Ctrl Pts',(60.1717013462858,90.408652560762,29.1810405321036));
#13324=CARTESIAN_POINT('Ctrl Pts',(60.2378911078743,90.4820801706525,29.037319205569));
#13325=CARTESIAN_POINT('Ctrl Pts',(60.3919535558025,90.6367133744322,28.7668163565343));
#13326=CARTESIAN_POINT('Ctrl Pts',(60.7257703502366,90.9051853246627,28.2190398191861));
#13327=CARTESIAN_POINT('Ctrl Pts',(61.2460985860772,91.1989698528006,27.3557912939528));
#13328=CARTESIAN_POINT('Ctrl Pts',(61.6478278130582,91.3137465135431,26.5802764955027));
#13329=CARTESIAN_POINT('Ctrl Pts',(61.8802289528236,91.3546299359678,26.108448816872));
#13330=CARTESIAN_POINT('Ctrl Pts',(61.8802289528238,91.3546299359678,26.1084488168716));
#13331=CARTESIAN_POINT('Ctrl Pts',(61.9943442061934,91.3747048035581,25.8767686489166));
#13332=CARTESIAN_POINT('Ctrl Pts',(62.1664907644858,91.3945905852816,25.4786521169004));
#13333=CARTESIAN_POINT('Ctrl Pts',(62.406625038261,91.4028427815672,24.9230078316976));
#13334=CARTESIAN_POINT('Ctrl Pts',(62.5784641776883,91.3967865302699,24.6228083523954));
#13335=CARTESIAN_POINT('Ctrl Pts',(62.6900945970852,91.3859412460298,24.4950089725712));
#13336=CARTESIAN_POINT('Ctrl Pts',(61.9227778459168,91.3621150299385,26.1314954851837));
#13337=CARTESIAN_POINT('Ctrl Pts',(62.038739805191,91.3808030881776,25.8986856305777));
#13338=CARTESIAN_POINT('Ctrl Pts',(62.2132117377194,91.3982541966419,25.4995867258527));
#13339=CARTESIAN_POINT('Ctrl Pts',(62.4539915174309,91.4026776274531,24.9464783001412));
#13340=CARTESIAN_POINT('Ctrl Pts',(62.6226847023263,91.3939694885644,24.6538501847564));
#13341=CARTESIAN_POINT('Ctrl Pts',(62.7291699907034,91.3821449353748,24.5317596956863));
#13342=CARTESIAN_POINT('Ctrl Pts',(62.0010944440206,91.4142315111801,26.1774593095783));
#13343=CARTESIAN_POINT('Ctrl Pts',(62.121960358395,91.431852175507,25.9423909408466));
#13344=CARTESIAN_POINT('Ctrl Pts',(62.3029596351384,91.4467838783875,25.5411861139468));
#13345=CARTESIAN_POINT('Ctrl Pts',(62.548460943657,91.4465040467091,24.9931678859287));
#13346=CARTESIAN_POINT('Ctrl Pts',(62.7134714053107,91.4338603380154,24.7156292001949));
#13347=CARTESIAN_POINT('Ctrl Pts',(62.8114546178894,91.4203704821285,24.60496527178));
#13348=CARTESIAN_POINT('Ctrl Pts',(62.0387455361116,91.5630920141915,26.2109994270729));
#13349=CARTESIAN_POINT('Ctrl Pts',(62.1646499713121,91.5834442593583,25.9730719223782));
#13350=CARTESIAN_POINT('Ctrl Pts',(62.3527787705205,91.6019393318302,25.5688135292543));
#13351=CARTESIAN_POINT('Ctrl Pts',(62.6065685843777,91.6047306016944,25.0220437364099));
#13352=CARTESIAN_POINT('Ctrl Pts',(62.774744554219,91.5928024953293,24.7520696951571));
#13353=CARTESIAN_POINT('Ctrl Pts',(62.8723958860904,91.578860397596,24.6473987058277));
#13354=CARTESIAN_POINT('Ctrl Pts',(61.9869061317923,91.6821871938289,26.1947708624262));
#13355=CARTESIAN_POINT('Ctrl Pts',(62.112387547794,91.7051254540883,25.955640949234));
#13356=CARTESIAN_POINT('Ctrl Pts',(62.2998146214092,91.7275679291784,25.5494400847435));
#13357=CARTESIAN_POINT('Ctrl Pts',(62.55612834258,91.7357284435693,24.9971244658565));
#13358=CARTESIAN_POINT('Ctrl Pts',(62.7316377458516,91.7271854460438,24.7165306231572));
#13359=CARTESIAN_POINT('Ctrl Pts',(62.8392965140382,91.7141190560322,24.6043160522689));
#13360=CARTESIAN_POINT('Ctrl Pts',(61.9305335817184,91.7239812593647,26.1690160122983));
#13361=CARTESIAN_POINT('Ctrl Pts',(62.0541654401096,91.7470428759542,25.9300998739346));
#13362=CARTESIAN_POINT('Ctrl Pts',(62.2390684001846,91.7699267415962,25.5238238621379));
#13363=CARTESIAN_POINT('Ctrl Pts',(62.4949801180683,91.7792276395661,24.9669138785632));
#13364=CARTESIAN_POINT('Ctrl Pts',(62.6754216121308,91.7720164677557,24.6754648695584));
#13365=CARTESIAN_POINT('Ctrl Pts',(62.7910280056552,91.7594683871677,24.5552386291698));
#13366=CARTESIAN_POINT('Ctrl Pts',(61.9103409179625,91.7338627839632,26.159320252095));
#13367=CARTESIAN_POINT('Ctrl Pts',(62.0332964273227,91.7568054897807,25.9205911200839));
#13368=CARTESIAN_POINT('Ctrl Pts',(62.2172546291707,91.7795320974647,25.5143894504084));
#13369=CARTESIAN_POINT('Ctrl Pts',(62.4729836490674,91.788963178934,24.9559930516583));
#13370=CARTESIAN_POINT('Ctrl Pts',(62.6550367423703,91.7820417488799,24.6607898703619));
#13371=CARTESIAN_POINT('Ctrl Pts',(62.773285619384,91.7696471383198,24.5377864299671));
#13372=CARTESIAN_POINT('',(62.6900945970852,91.3859412460298,24.4950089725712));
#13373=CARTESIAN_POINT('',(62.7732856193847,91.7696471383198,24.5377864299661));
#13374=CARTESIAN_POINT('Origin',(62.7094342368909,91.5850039957651,24.4950089725712));
#13375=CARTESIAN_POINT('Ctrl Pts',(62.773285619384,91.7696471383198,24.5377864299671));
#13376=CARTESIAN_POINT('Ctrl Pts',(62.6550367423703,91.7820417488799,24.6607898703619));
#13377=CARTESIAN_POINT('Ctrl Pts',(62.4729836490674,91.788963178934,24.9559930516583));
#13378=CARTESIAN_POINT('Ctrl Pts',(62.2172546291707,91.7795320974647,25.5143894504084));
#13379=CARTESIAN_POINT('Ctrl Pts',(62.0332964273227,91.7568054897807,25.9205911200839));
#13380=CARTESIAN_POINT('Ctrl Pts',(61.9103409179625,91.7338627839632,26.159320252095));
#13381=CARTESIAN_POINT('Ctrl Pts',(61.8802289528238,91.3546299359678,26.1084488168716));
#13382=CARTESIAN_POINT('Ctrl Pts',(61.9943442061934,91.3747048035581,25.8767686489166));
#13383=CARTESIAN_POINT('Ctrl Pts',(62.1664907644858,91.3945905852816,25.4786521169004));
#13384=CARTESIAN_POINT('Ctrl Pts',(62.406625038261,91.4028427815672,24.9230078316976));
#13385=CARTESIAN_POINT('Ctrl Pts',(62.5784641776883,91.3967865302699,24.6228083523954));
#13386=CARTESIAN_POINT('Ctrl Pts',(62.6900945970852,91.3859412460298,24.4950089725712));
#13387=CARTESIAN_POINT('Ctrl Pts',(62.6900945970858,91.3859412460297,24.4950089725705));
#13388=CARTESIAN_POINT('Ctrl Pts',(62.869624438787,91.3684992963054,24.2894753684382));
#13389=CARTESIAN_POINT('Ctrl Pts',(63.1933088143889,91.3098914046526,23.9982820575698));
#13390=CARTESIAN_POINT('Ctrl Pts',(63.8932656903539,91.0437099220343,23.5748496516063));
#13391=CARTESIAN_POINT('Ctrl Pts',(64.8399927403696,90.3601954010863,23.1378889776055));
#13392=CARTESIAN_POINT('Ctrl Pts',(65.2541803262482,89.4476783754293,22.6515866260948));
#13393=CARTESIAN_POINT('Ctrl Pts',(65.3467938085315,88.9625,22.2285515178061));
#13394=CARTESIAN_POINT('Ctrl Pts',(62.7291699907041,91.3821449353747,24.5317596956855));
#13395=CARTESIAN_POINT('Ctrl Pts',(62.9061590289885,91.3625663775444,24.329484202112));
#13396=CARTESIAN_POINT('Ctrl Pts',(63.22257045584,91.3011928787962,24.0442903160473));
#13397=CARTESIAN_POINT('Ctrl Pts',(63.910225091109,91.0330980283493,23.6257822448136));
#13398=CARTESIAN_POINT('Ctrl Pts',(64.8524922632648,90.3458617065546,23.1879207801329));
#13399=CARTESIAN_POINT('Ctrl Pts',(65.2647190250415,89.4222496226996,22.6990699315328));
#13400=CARTESIAN_POINT('Ctrl Pts',(65.3531567459978,88.9291661960362,22.2708165921307));
#13401=CARTESIAN_POINT('Ctrl Pts',(62.8115441264121,91.4203416009574,24.6050512824069));
#13402=CARTESIAN_POINT('Ctrl Pts',(62.986363520685,91.3972622110904,24.4093011176748));
#13403=CARTESIAN_POINT('Ctrl Pts',(63.2935587688589,91.3304064799202,24.1361072847095));
#13404=CARTESIAN_POINT('Ctrl Pts',(63.9677699503458,91.0536922909173,23.7274502473598));
#13405=CARTESIAN_POINT('Ctrl Pts',(64.9148537808444,90.3468963176452,23.2877655889286));
#13406=CARTESIAN_POINT('Ctrl Pts',(65.3295675485187,89.387978174706,22.7937950090006));
#13407=CARTESIAN_POINT('Ctrl Pts',(65.4117760198275,88.8714628096815,22.355097370841));
#13408=CARTESIAN_POINT('Ctrl Pts',(62.872332616722,91.5788733410416,24.6473385852505));
#13409=CARTESIAN_POINT('Ctrl Pts',(63.0528918876753,91.5552447696757,24.4540246566314));
#13410=CARTESIAN_POINT('Ctrl Pts',(63.3699109518729,91.4844916248251,24.1860838646075));
#13411=CARTESIAN_POINT('Ctrl Pts',(64.0701736657239,91.18913392172,23.7837065117436));
#13412=CARTESIAN_POINT('Ctrl Pts',(65.0622371892305,90.4361063866924,23.3461542911195));
#13413=CARTESIAN_POINT('Ctrl Pts',(65.4975734478738,89.4162983238106,22.8480789486737));
#13414=CARTESIAN_POINT('Ctrl Pts',(65.581748547918,88.865115526228,22.4025545822155));
#13415=CARTESIAN_POINT('Ctrl Pts',(62.8392937599783,91.7141181284968,24.6043135702312));
#13416=CARTESIAN_POINT('Ctrl Pts',(63.0286503986326,91.6926940673189,24.4052329813332));
#13417=CARTESIAN_POINT('Ctrl Pts',(63.3677849097965,91.6232780994787,24.1278704603924));
#13418=CARTESIAN_POINT('Ctrl Pts',(64.1149791642355,91.3183487285585,23.720577001138));
#13419=CARTESIAN_POINT('Ctrl Pts',(65.154865684118,90.5385628327289,23.2887331386716));
#13420=CARTESIAN_POINT('Ctrl Pts',(65.6100863991965,89.4919175196251,22.7919498788511));
#13421=CARTESIAN_POINT('Ctrl Pts',(65.7033016595261,88.9301647706981,22.351361277682));
#13422=CARTESIAN_POINT('Ctrl Pts',(62.791028005656,91.7594683871677,24.5552386291689));
#13423=CARTESIAN_POINT('Ctrl Pts',(62.9851812190412,91.7392032919995,24.3510022666926));
#13424=CARTESIAN_POINT('Ctrl Pts',(63.337624548278,91.6715371109767,24.0647009967917));
#13425=CARTESIAN_POINT('Ctrl Pts',(64.1108673858334,91.3666975814873,23.6511060506405));
#13426=CARTESIAN_POINT('Ctrl Pts',(65.1713274542881,90.5847792030137,23.2223123554281));
#13427=CARTESIAN_POINT('Ctrl Pts',(65.6342928978962,89.5395628076508,22.7282908747089));
#13428=CARTESIAN_POINT('Ctrl Pts',(65.733286488861,88.9825756610402,22.2942460656302));
#13429=CARTESIAN_POINT('Ctrl Pts',(62.7732856193848,91.7696471383197,24.5377864299662));
#13430=CARTESIAN_POINT('Ctrl Pts',(62.968905554096,91.7497134814919,24.3318370638375));
#13431=CARTESIAN_POINT('Ctrl Pts',(63.3254182765648,91.6827330338887,24.0425122722508));
#13432=CARTESIAN_POINT('Ctrl Pts',(64.1064141793092,91.3785256251821,23.6266403560372));
#13433=CARTESIAN_POINT('Ctrl Pts',(65.1723705715252,90.59736617267,23.1986595254836));
#13434=CARTESIAN_POINT('Ctrl Pts',(65.6372030761886,89.5544895719192,22.7057006388723));
#13435=CARTESIAN_POINT('Ctrl Pts',(65.7380068664289,89.,22.2740321610267));
#13436=CARTESIAN_POINT('',(65.3467938085315,88.9625,22.2285515178061));
#13437=CARTESIAN_POINT('',(65.7380068664289,89.,22.2740321610267));
#13438=CARTESIAN_POINT('Origin',(65.5432467291003,89.,22.2285515178061));
#13439=CARTESIAN_POINT('Ctrl Pts',(65.7380068664289,89.,22.2740321610267));
#13440=CARTESIAN_POINT('Ctrl Pts',(65.6372030761886,89.5544895719192,22.7057006388723));
#13441=CARTESIAN_POINT('Ctrl Pts',(65.1723705715252,90.59736617267,23.1986595254836));
#13442=CARTESIAN_POINT('Ctrl Pts',(64.1064141793092,91.3785256251821,23.6266403560372));
#13443=CARTESIAN_POINT('Ctrl Pts',(63.3254182765648,91.6827330338887,24.0425122722508));
#13444=CARTESIAN_POINT('Ctrl Pts',(62.968905554096,91.7497134814919,24.3318370638375));
#13445=CARTESIAN_POINT('Ctrl Pts',(62.7732856193848,91.7696471383197,24.5377864299662));
#13446=CARTESIAN_POINT('Ctrl Pts',(62.6900945970858,91.3859412460297,24.4950089725705));
#13447=CARTESIAN_POINT('Ctrl Pts',(62.869624438787,91.3684992963054,24.2894753684382));
#13448=CARTESIAN_POINT('Ctrl Pts',(63.1933088143889,91.3098914046526,23.9982820575698));
#13449=CARTESIAN_POINT('Ctrl Pts',(63.8932656903539,91.0437099220343,23.5748496516063));
#13450=CARTESIAN_POINT('Ctrl Pts',(64.8399927403696,90.3601954010863,23.1378889776055));
#13451=CARTESIAN_POINT('Ctrl Pts',(65.2541803262482,89.4476783754293,22.6515866260948));
#13452=CARTESIAN_POINT('Ctrl Pts',(65.3467938085315,88.9625,22.2285515178061));
#13453=CARTESIAN_POINT('Ctrl Pts',(65.3467938085315,88.9625,22.2285515178061));
#13454=CARTESIAN_POINT('Ctrl Pts',(65.3589547678435,88.8987918407001,22.1730033123766));
#13455=CARTESIAN_POINT('Ctrl Pts',(65.3804262600562,88.7643279447304,22.0704288902248));
#13456=CARTESIAN_POINT('Ctrl Pts',(65.4005698228635,88.5318242175488,21.9669447410758));
#13457=CARTESIAN_POINT('Ctrl Pts',(65.4009343820132,88.2763525926302,21.9649315246391));
#13458=CARTESIAN_POINT('Ctrl Pts',(65.3744893775945,87.9648473112159,22.1014566158963));
#13459=CARTESIAN_POINT('Ctrl Pts',(65.3120468428735,87.6517626248416,22.3924716884783));
#13460=CARTESIAN_POINT('Ctrl Pts',(65.1767932699261,87.2297286218921,22.9215003282229));
#13461=CARTESIAN_POINT('Ctrl Pts',(64.8558469813868,86.6013214203046,23.9177217977129));
#13462=CARTESIAN_POINT('Ctrl Pts',(64.1744622287773,85.8795038238213,25.3474317426589));
#13463=CARTESIAN_POINT('Ctrl Pts',(63.3637904982711,85.5197956797843,26.4312497130995));
#13464=CARTESIAN_POINT('Ctrl Pts',(62.8965435521583,85.4413779388354,26.9296464556208));
#13465=CARTESIAN_POINT('Ctrl Pts',(65.3531567459978,88.9291661960362,22.2708165921307));
#13466=CARTESIAN_POINT('Ctrl Pts',(65.3642902720931,88.8668769702515,22.2169689847949));
#13467=CARTESIAN_POINT('Ctrl Pts',(65.3836105585519,88.7363688845224,22.1182650060976));
#13468=CARTESIAN_POINT('Ctrl Pts',(65.4004679071705,88.5186545937538,22.0228932431814));
#13469=CARTESIAN_POINT('Ctrl Pts',(65.4007842625965,88.2886834662573,22.0209316758546));
#13470=CARTESIAN_POINT('Ctrl Pts',(65.3787213281984,87.9973004001602,22.1465870360557));
#13471=CARTESIAN_POINT('Ctrl Pts',(65.3215330506448,87.6885490923132,22.4294806870969));
#13472=CARTESIAN_POINT('Ctrl Pts',(65.1923916150581,87.2668123380222,22.9524175112325));
#13473=CARTESIAN_POINT('Ctrl Pts',(64.8787503149875,86.6314171292423,23.9442011722829));
#13474=CARTESIAN_POINT('Ctrl Pts',(64.2013873943768,85.8972537337672,25.3715521270265));
#13475=CARTESIAN_POINT('Ctrl Pts',(63.3883554909465,85.5275444825283,26.4544358003657));
#13476=CARTESIAN_POINT('Ctrl Pts',(62.9188102438086,85.4451149427306,26.9525403261232));
#13477=CARTESIAN_POINT('Ctrl Pts',(65.4117756853173,88.8714627927493,22.3550973134399));
#13478=CARTESIAN_POINT('Ctrl Pts',(65.421693428139,88.8111209519271,22.3046563629874));
#13479=CARTESIAN_POINT('Ctrl Pts',(65.4383490091487,88.686548499766,22.2137070281282));
#13480=CARTESIAN_POINT('Ctrl Pts',(65.4505559167883,88.4946371378523,22.1345872372612));
#13481=CARTESIAN_POINT('Ctrl Pts',(65.4508223337947,88.3112963895986,22.132732076935));
#13482=CARTESIAN_POINT('Ctrl Pts',(65.4349958388018,88.0550833424424,22.236620338143));
#13483=CARTESIAN_POINT('Ctrl Pts',(65.3839482158434,87.7506734299404,22.5032550402051));
#13484=CARTESIAN_POINT('Ctrl Pts',(65.2602891935694,87.3249143390139,23.0140007217946));
#13485=CARTESIAN_POINT('Ctrl Pts',(64.9501703416523,86.6711389354443,23.9969227335078));
#13486=CARTESIAN_POINT('Ctrl Pts',(64.2677959030981,85.9120523191278,25.4196511171843));
#13487=CARTESIAN_POINT('Ctrl Pts',(63.4429554586658,85.5255614072614,26.5007923519406));
#13488=CARTESIAN_POINT('Ctrl Pts',(62.9659473748663,85.4369747602118,26.9983112958194));
#13489=CARTESIAN_POINT('Ctrl Pts',(65.5817483468765,88.8651155083267,22.4025545571678));
#13490=CARTESIAN_POINT('Ctrl Pts',(65.5927061557788,88.8039074481811,22.3530834761343));
#13491=CARTESIAN_POINT('Ctrl Pts',(65.6112635111315,88.678092798006,22.2644669543919));
#13492=CARTESIAN_POINT('Ctrl Pts',(65.6251291675129,88.4894376338028,22.1908400493087));
#13493=CARTESIAN_POINT('Ctrl Pts',(65.6254377434165,88.316215477526,22.1890129899651));
#13494=CARTESIAN_POINT('Ctrl Pts',(65.6074182401367,88.0645715316464,22.2855315600685));
#13495=CARTESIAN_POINT('Ctrl Pts',(65.5508376859093,87.7540232738294,22.5476835130954));
#13496=CARTESIAN_POINT('Ctrl Pts',(65.4169739554127,87.3174166291823,23.0566503603553));
#13497=CARTESIAN_POINT('Ctrl Pts',(65.0871114955683,86.6449987926804,24.0411044589311));
#13498=CARTESIAN_POINT('Ctrl Pts',(64.3736428244942,85.8667751443871,25.4680082345157));
#13499=CARTESIAN_POINT('Ctrl Pts',(63.5202983394302,85.4714267829785,26.552307787303));
#13500=CARTESIAN_POINT('Ctrl Pts',(63.0283827958987,85.3808078398204,27.0513202603498));
#13501=CARTESIAN_POINT('Ctrl Pts',(65.7033015206919,88.9301647648145,22.3513612524591));
#13502=CARTESIAN_POINT('Ctrl Pts',(65.7159531872523,88.8655509849577,22.2984500983201));
#13503=CARTESIAN_POINT('Ctrl Pts',(65.7379912374971,88.73097302396,22.2022155784907));
#13504=CARTESIAN_POINT('Ctrl Pts',(65.7570822362574,88.5137448246602,22.1136242992289));
#13505=CARTESIAN_POINT('Ctrl Pts',(65.7574627400214,88.2933381591583,22.1116884363887));
#13506=CARTESIAN_POINT('Ctrl Pts',(65.7324794506263,88.0028945989325,22.2282346682797));
#13507=CARTESIAN_POINT('Ctrl Pts',(65.6672879368769,87.680128255217,22.5070464860478));
#13508=CARTESIAN_POINT('Ctrl Pts',(65.5222068266568,87.2355712505805,23.0312416581454));
#13509=CARTESIAN_POINT('Ctrl Pts',(65.175138768083,86.5620136829401,24.0319932163974));
#13510=CARTESIAN_POINT('Ctrl Pts',(64.4384817727874,85.7858396624218,25.4746904595593));
#13511=CARTESIAN_POINT('Ctrl Pts',(63.5645943715598,85.3953754805515,26.5689889715952));
#13512=CARTESIAN_POINT('Ctrl Pts',(63.0616184307746,85.3080052030657,27.0723374776267));
#13513=CARTESIAN_POINT('Ctrl Pts',(65.733286488861,88.9825756610402,22.2942460656302));
#13514=CARTESIAN_POINT('Ctrl Pts',(65.746423372115,88.9154550708542,22.2384881501696));
#13515=CARTESIAN_POINT('Ctrl Pts',(65.7695499633238,88.7742363821346,22.1358904764797));
#13516=CARTESIAN_POINT('Ctrl Pts',(65.7908724440844,88.5338958087702,22.0344917157882));
#13517=CARTESIAN_POINT('Ctrl Pts',(65.7912645786718,88.2743519541845,22.03246552277));
#13518=CARTESIAN_POINT('Ctrl Pts',(65.7632831500229,87.9524946139902,22.1661549874263));
#13519=CARTESIAN_POINT('Ctrl Pts',(65.6957601557841,87.6213433711487,22.4586675760881));
#13520=CARTESIAN_POINT('Ctrl Pts',(65.5486913142362,87.1725957462121,22.9947109806773));
#13521=CARTESIAN_POINT('Ctrl Pts',(65.1992679913981,86.5015140583253,24.0074677693562));
#13522=CARTESIAN_POINT('Ctrl Pts',(64.4579778270362,85.7300434980589,25.4623270010389));
#13523=CARTESIAN_POINT('Ctrl Pts',(63.577108031858,85.3446772288714,26.5652094693005));
#13524=CARTESIAN_POINT('Ctrl Pts',(63.0697281033495,85.2601015981432,27.0724075203815));
#13525=CARTESIAN_POINT('Ctrl Pts',(65.7380068664289,89.,22.2740321610267));
#13526=CARTESIAN_POINT('Ctrl Pts',(65.7512432847276,88.9320446300801,22.2173503187516));
#13527=CARTESIAN_POINT('Ctrl Pts',(65.7746136163877,88.7886164743791,22.1126825410457));
#13528=CARTESIAN_POINT('Ctrl Pts',(65.7965385827086,88.5406124987186,22.0070864704855));
#13529=CARTESIAN_POINT('Ctrl Pts',(65.796935381783,88.2681094321388,22.0050321679991));
#13530=CARTESIAN_POINT('Ctrl Pts',(65.7681517035043,87.9358371319636,22.1443434856084));
#13531=CARTESIAN_POINT('Ctrl Pts',(65.7001870398623,87.6018801331644,22.4412976413043));
#13532=CARTESIAN_POINT('Ctrl Pts',(65.5529722665862,87.1517105300182,22.9811227839009));
#13533=CARTESIAN_POINT('Ctrl Pts',(65.203642972938,86.4814095149915,23.9976753037887));
#13534=CARTESIAN_POINT('Ctrl Pts',(64.4619997047917,85.7114707454094,25.4565630027131));
#13535=CARTESIAN_POINT('Ctrl Pts',(63.5796359164855,85.3277820584365,26.5624997072444));
#13536=CARTESIAN_POINT('Ctrl Pts',(63.071067811873,85.2441364680911,27.0710678118579));
#13537=CARTESIAN_POINT('',(62.8965435521583,85.4413779388354,26.9296464556208));
#13538=CARTESIAN_POINT('',(63.0710678118693,85.2441364680911,27.0710678118617));
#13539=CARTESIAN_POINT('Origin',(62.9296464556356,85.2441364680911,26.9296464556208));
#13540=CARTESIAN_POINT('Ctrl Pts',(63.071067811873,85.2441364680911,27.0710678118579));
#13541=CARTESIAN_POINT('Ctrl Pts',(63.5796359164855,85.3277820584365,26.5624997072444));
#13542=CARTESIAN_POINT('Ctrl Pts',(64.4619997047917,85.7114707454094,25.4565630027131));
#13543=CARTESIAN_POINT('Ctrl Pts',(65.203642972938,86.4814095149915,23.9976753037887));
#13544=CARTESIAN_POINT('Ctrl Pts',(65.5529722665862,87.1517105300182,22.9811227839009));
#13545=CARTESIAN_POINT('Ctrl Pts',(65.7001870398623,87.6018801331644,22.4412976413043));
#13546=CARTESIAN_POINT('Ctrl Pts',(65.7681517035043,87.9358371319636,22.1443434856084));
#13547=CARTESIAN_POINT('Ctrl Pts',(65.796935381783,88.2681094321388,22.0050321679991));
#13548=CARTESIAN_POINT('Ctrl Pts',(65.7965385827086,88.5406124987186,22.0070864704855));
#13549=CARTESIAN_POINT('Ctrl Pts',(65.7746136163877,88.7886164743791,22.1126825410457));
#13550=CARTESIAN_POINT('Ctrl Pts',(65.7512432847276,88.9320446300801,22.2173503187516));
#13551=CARTESIAN_POINT('Ctrl Pts',(65.7380068664289,89.,22.2740321610267));
#13552=CARTESIAN_POINT('',(65.3999216773815,88.4000737456328,21.9702140961232));
#13553=CARTESIAN_POINT('Ctrl Pts',(65.3467938085315,88.9625,22.2285515178061));
#13554=CARTESIAN_POINT('Ctrl Pts',(65.3589547678435,88.8987918407001,22.1730033123766));
#13555=CARTESIAN_POINT('Ctrl Pts',(65.3804262600562,88.7643279447304,22.0704288902248));
#13556=CARTESIAN_POINT('Ctrl Pts',(65.3973198133679,88.5693369122164,21.9836411155255));
#13557=CARTESIAN_POINT('Ctrl Pts',(65.3999229134062,88.4430497507928,21.9702143688678));
#13558=CARTESIAN_POINT('Ctrl Pts',(65.3999216773815,88.4000737456328,21.9702140961232));
#13559=CARTESIAN_POINT('Ctrl Pts',(65.3999216773815,88.4000737456328,21.9702140961232));
#13560=CARTESIAN_POINT('Ctrl Pts',(65.3999205178841,88.359758559129,21.9702138402653));
#13561=CARTESIAN_POINT('Ctrl Pts',(65.3975231550165,88.2361705148078,21.9825423395078));
#13562=CARTESIAN_POINT('Ctrl Pts',(65.3744893775945,87.9648473112159,22.1014566158963));
#13563=CARTESIAN_POINT('Ctrl Pts',(65.3120468428735,87.6517626248416,22.3924716884783));
#13564=CARTESIAN_POINT('Ctrl Pts',(65.1767932699261,87.2297286218921,22.9215003282229));
#13565=CARTESIAN_POINT('Ctrl Pts',(64.8558469813868,86.6013214203046,23.9177217977129));
#13566=CARTESIAN_POINT('Ctrl Pts',(64.1744622287773,85.8795038238213,25.3474317426589));
#13567=CARTESIAN_POINT('Ctrl Pts',(63.3637904982711,85.5197956797843,26.4312497130995));
#13568=CARTESIAN_POINT('Ctrl Pts',(62.8965435521583,85.4413779388354,26.9296464556208));
#13569=CARTESIAN_POINT('Ctrl Pts',(62.8965435521567,85.4413779388351,26.9296464556225));
#13570=CARTESIAN_POINT('Ctrl Pts',(61.9098129452767,85.2757756042237,27.9821591029612));
#13571=CARTESIAN_POINT('Ctrl Pts',(60.8497087119972,85.6436149858692,29.1129369517927));
#13572=CARTESIAN_POINT('Ctrl Pts',(60.1776194878107,86.3848015335851,29.8298321242583));
#13573=CARTESIAN_POINT('Ctrl Pts',(62.9355102625446,85.4479176956516,26.9697107290019));
#13574=CARTESIAN_POINT('Ctrl Pts',(61.9468386499562,85.2682744889187,28.0154886187969));
#13575=CARTESIAN_POINT('Ctrl Pts',(60.8726948420439,85.6277549628924,29.1430715409364));
#13576=CARTESIAN_POINT('Ctrl Pts',(60.1903480002974,86.3707644059418,29.8580409179387));
#13577=CARTESIAN_POINT('Ctrl Pts',(63.0212477935285,85.4109370652938,27.049241825646));
#13578=CARTESIAN_POINT('Ctrl Pts',(62.0093950293399,85.2164047974325,28.0822358938131));
#13579=CARTESIAN_POINT('Ctrl Pts',(60.9044370117675,85.5751741984339,29.2032236374817));
#13580=CARTESIAN_POINT('Ctrl Pts',(60.202637085612,86.3307976591758,29.9144057211683));
#13581=CARTESIAN_POINT('Ctrl Pts',(63.0663788320386,85.3000144232731,27.0757567916923));
#13582=CARTESIAN_POINT('Ctrl Pts',(62.0237679415059,85.1171136022732,28.1179169383551));
#13583=CARTESIAN_POINT('Ctrl Pts',(60.8991301987659,85.4983416362743,29.2430804993023));
#13584=CARTESIAN_POINT('Ctrl Pts',(60.1856584766492,86.2772525803418,29.9564771470818));
#13585=CARTESIAN_POINT('Ctrl Pts',(63.0710678118711,85.2441364680908,27.0710678118599));
#13586=CARTESIAN_POINT('Ctrl Pts',(62.0185551645324,85.0674939778386,28.1235804591985));
#13587=CARTESIAN_POINT('Ctrl Pts',(60.887777315701,85.4598559849271,29.25435830803));
#13588=CARTESIAN_POINT('Ctrl Pts',(60.1708821432354,86.2504549691574,29.9712534804956));
#13589=CARTESIAN_POINT('',(60.1708821432354,86.2504549691574,29.9712534804956));
#13590=CARTESIAN_POINT('Origin',(62.5414213562373,88.4,27.6007142674937));
#13591=CARTESIAN_POINT('',(60.2055965753529,86.354402795196,29.7999898975466));
#13592=CARTESIAN_POINT('Origin',(62.4,88.4,27.4592929112563));
#13593=CARTESIAN_POINT('Ctrl Pts',(60.2055965753529,86.354402795196,29.7999898975466));
#13594=CARTESIAN_POINT('Ctrl Pts',(60.2056637227331,86.3543306869097,29.8003111076692));
#13595=CARTESIAN_POINT('Ctrl Pts',(60.205730290647,86.3542580449292,29.8006323159965));
#13596=CARTESIAN_POINT('Ctrl Pts',(60.2057962792632,86.3541848704828,29.8009535198186));
#13597=CARTESIAN_POINT('Ctrl Pts',(60.2085386705486,86.351143846508,29.8143022852917));
#13598=CARTESIAN_POINT('Ctrl Pts',(60.2102769273311,86.3471937912582,29.8276089005775));
#13599=CARTESIAN_POINT('Ctrl Pts',(60.2110183216287,86.3424186123941,29.840679298531));
#13600=CARTESIAN_POINT('Ctrl Pts',(60.2114683560368,86.33952002685,29.8486131723484));
#13601=CARTESIAN_POINT('Ctrl Pts',(60.2115503905848,86.3363166309396,29.8564600218582));
#13602=CARTESIAN_POINT('Ctrl Pts',(60.2112589363262,86.3328215989343,29.8641739777099));
#13603=CARTESIAN_POINT('Ctrl Pts',(60.2108070356774,86.3274025419679,29.876134487981));
#13604=CARTESIAN_POINT('Ctrl Pts',(60.20946149672,86.3213128876803,29.8877110366213));
#13605=CARTESIAN_POINT('Ctrl Pts',(60.2072018160419,86.3146084437943,29.8987328136591));
#13606=CARTESIAN_POINT('Ctrl Pts',(60.2056604444035,86.3100352137102,29.9062509796973));
#13607=CARTESIAN_POINT('Ctrl Pts',(60.2036929378651,86.3051753620467,29.9135107100097));
#13608=CARTESIAN_POINT('Ctrl Pts',(60.2013124176951,86.3000563476189,29.9204647785152));
#13609=CARTESIAN_POINT('Ctrl Pts',(60.1977720487901,86.2924432218272,29.9308070424499));
#13610=CARTESIAN_POINT('Ctrl Pts',(60.1933488676397,86.2843191134681,29.9403903862516));
#13611=CARTESIAN_POINT('Ctrl Pts',(60.1880977029412,86.2757922348762,29.9490731869903));
#13612=CARTESIAN_POINT('Ctrl Pts',(60.1831025243359,86.2676810283234,29.9573327147284));
#13613=CARTESIAN_POINT('Ctrl Pts',(60.1773576595397,86.2592042994388,29.9647779641913));
#13614=CARTESIAN_POINT('Ctrl Pts',(60.1708821432354,86.2504549691574,29.9712534804956));
#13615=CARTESIAN_POINT('Origin',(62.4,88.4,29.8));
#13616=CARTESIAN_POINT('',(59.4532061914684,88.9625,29.8));
#13617=CARTESIAN_POINT('Origin',(62.4,88.4,29.8));
#13618=CARTESIAN_POINT('Origin',(59.2567532708997,89.,29.8));
#13619=CARTESIAN_POINT('Ctrl Pts',(60.1421356237309,86.1323914671233,30.));
#13620=CARTESIAN_POINT('Ctrl Pts',(60.1421356237309,86.1500771777413,30.));
#13621=CARTESIAN_POINT('Ctrl Pts',(60.1436371295796,86.1711935325135,29.9984984941514));
#13622=CARTESIAN_POINT('Ctrl Pts',(60.1490899146205,86.2012758298085,29.9930457091105));
#13623=CARTESIAN_POINT('Ctrl Pts',(60.1532104054545,86.2162232048289,29.9889252182765));
#13624=CARTESIAN_POINT('Ctrl Pts',(60.1614074603312,86.2354601447099,29.9807281633998));
#13625=CARTESIAN_POINT('Ctrl Pts',(60.1659767058654,86.2438270356138,29.9761589178656));
#13626=CARTESIAN_POINT('Ctrl Pts',(60.1708821432354,86.2504549691574,29.9712534804956));
#13627=CARTESIAN_POINT('Ctrl Pts',(59.4532061914684,88.9625,29.8));
#13628=CARTESIAN_POINT('Ctrl Pts',(59.5534089552958,89.4874366827452,29.8));
#13629=CARTESIAN_POINT('Ctrl Pts',(59.7978086710969,89.9692693954366,29.6269003395045));
#13630=CARTESIAN_POINT('Ctrl Pts',(60.1103807464084,90.3384642564625,29.384506401682));
#13631=CARTESIAN_POINT('Ctrl Pts',(59.4532061914684,88.9625,29.8523598775598));
#13632=CARTESIAN_POINT('Ctrl Pts',(59.5553672484064,89.4974884200464,29.8536282049406));
#13633=CARTESIAN_POINT('Ctrl Pts',(59.8069226430896,89.9873135561667,29.6820281832502));
#13634=CARTESIAN_POINT('Ctrl Pts',(60.1279302392511,90.3591928598244,29.4423224801048));
#13635=CARTESIAN_POINT('Ctrl Pts',(59.4197674283513,88.9688829726393,29.9341032137135));
#13636=CARTESIAN_POINT('Ctrl Pts',(59.5243666662059,89.5259787424036,29.9372484657363));
#13637=CARTESIAN_POINT('Ctrl Pts',(59.7841099195687,90.0357333422856,29.7682706609091));
#13638=CARTESIAN_POINT('Ctrl Pts',(60.1155572492399,90.4247888138033,29.5318747216848));
#13639=CARTESIAN_POINT('Ctrl Pts',(59.3300543502401,88.9860078920318,29.991072483588));
#13640=CARTESIAN_POINT('Ctrl Pts',(59.4361888922607,89.5707483331773,29.9934500982325));
#13641=CARTESIAN_POINT('Ctrl Pts',(59.6973717254724,90.1074596713333,29.8178544860241));
#13642=CARTESIAN_POINT('Ctrl Pts',(60.0314298161812,90.5203346252118,29.5713878604634));
#13643=CARTESIAN_POINT('Ctrl Pts',(59.2787952370438,88.9957925098389,30.));
#13644=CARTESIAN_POINT('Ctrl Pts',(59.3854580241824,89.59168341647,30.0008412203632));
#13645=CARTESIAN_POINT('Ctrl Pts',(59.6463113225564,90.1388121525996,29.8187087794152));
#13646=CARTESIAN_POINT('Ctrl Pts',(59.9799456194189,90.5588957763768,29.5632206886315));
#13647=CARTESIAN_POINT('Ctrl Pts',(59.2567532708997,89.,30.));
#13648=CARTESIAN_POINT('Ctrl Pts',(59.3636362189821,89.5999276374229,30.));
#13649=CARTESIAN_POINT('Ctrl Pts',(59.62432924917,90.1505935947846,29.8145360780405));
#13650=CARTESIAN_POINT('Ctrl Pts',(59.9577394628356,90.5725305788142,29.5548282875164));
#13651=CARTESIAN_POINT('Ctrl Pts',(59.4532061914684,88.9625,29.8));
#13652=CARTESIAN_POINT('Ctrl Pts',(59.5479092722226,89.4586252480271,29.8));
#13653=CARTESIAN_POINT('Ctrl Pts',(59.7714150312051,89.9162482481966,29.6453802277575));
#13654=CARTESIAN_POINT('Ctrl Pts',(60.0595423441439,90.2766674336569,29.4237747761546));
#13655=CARTESIAN_POINT('Ctrl Pts',(60.0082360878198,90.4775429276034,29.5834689461061));
#13656=CARTESIAN_POINT('Ctrl Pts',(60.0062187485588,90.4795676335777,29.5838686858527));
#13657=CARTESIAN_POINT('Ctrl Pts',(60.0042414340539,90.4816685032069,29.5841639769468));
#13658=CARTESIAN_POINT('Ctrl Pts',(60.0023056534568,90.4838441876423,29.5843528500969));
#13659=CARTESIAN_POINT('Ctrl Pts',(60.0001628625092,90.4862525374936,29.5845619211439));
#13660=CARTESIAN_POINT('Ctrl Pts',(59.99809990278,90.4887193769599,29.5846379327877));
#13661=CARTESIAN_POINT('Ctrl Pts',(59.9961150299833,90.4912357203789,29.5845884615669));
#13662=CARTESIAN_POINT('Ctrl Pts',(59.9901821205602,90.4987572288645,29.5844405889815));
#13663=CARTESIAN_POINT('Ctrl Pts',(59.9849488001523,90.506721231286,29.5831718956286));
#13664=CARTESIAN_POINT('Ctrl Pts',(59.9803454970246,90.5149102410111,29.5810165085879));
#13665=CARTESIAN_POINT('Ctrl Pts',(59.9736680192088,90.5267890874078,29.5778899386556));
#13666=CARTESIAN_POINT('Ctrl Pts',(59.9680164777873,90.539673261959,29.5727603165234));
#13667=CARTESIAN_POINT('Ctrl Pts',(59.9634160997721,90.553299785465,29.5657268871235));
#13668=CARTESIAN_POINT('Ctrl Pts',(59.9613014581884,90.5595634475279,29.5624938523084));
#13669=CARTESIAN_POINT('Ctrl Pts',(59.9594087135691,90.5659833144388,29.5588582152765));
#13670=CARTESIAN_POINT('Ctrl Pts',(59.9577394628356,90.5725305788142,29.5548282875164));
#13671=CARTESIAN_POINT('Origin',(60.142135623731,0.,30.));
#13672=CARTESIAN_POINT('',(63.0710678118655,0.,27.0710678118655));
#13673=CARTESIAN_POINT('Origin',(53.4852813742386,89.,32.4142135623731));
#13674=CARTESIAN_POINT('Origin',(58.3708012536065,89.,27.5286936830052));
#13675=CARTESIAN_POINT('Origin',(62.4,88.4,30.));
#13676=CARTESIAN_POINT('',(65.4,88.4,20.));
#13677=CARTESIAN_POINT('',(65.4,88.4,30.));
#13678=CARTESIAN_POINT('Origin',(62.4,88.4,20.));
#13679=CARTESIAN_POINT('Origin',(62.4,3.59999999999999,20.));
#13680=CARTESIAN_POINT('Origin',(3.6,3.59999999999999,20.));
#13681=CARTESIAN_POINT('Origin',(62.4,88.4,20.));
#13682=CARTESIAN_POINT('Origin',(3.6,88.4,20.));
#13683=CARTESIAN_POINT('Origin',(11.0502525316941,3.,30.9497474683058));
#13684=CARTESIAN_POINT('',(6.35281928654138,0.603813248318264,28.8050731428574));
#13685=CARTESIAN_POINT('Origin',(7.62919874639354,3.,27.5286936830052));
#13686=CARTESIAN_POINT('Origin',(7.10050506338834,3.,27.));
#13687=CARTESIAN_POINT('Ctrl Pts',(5.85851212823287,1.34792923864214,29.2993803011659));
#13688=CARTESIAN_POINT('Ctrl Pts',(5.84867464974401,1.33240001745946,29.2750538826244));
#13689=CARTESIAN_POINT('Ctrl Pts',(5.82616774007142,1.29768770749048,29.2216720014531));
#13690=CARTESIAN_POINT('Ctrl Pts',(5.77556885222734,1.23248245950935,29.1196814722838));
#13691=CARTESIAN_POINT('Ctrl Pts',(5.66001920783679,1.10130771697028,28.9089646098874));
#13692=CARTESIAN_POINT('Ctrl Pts',(5.28798795839739,0.838510581826623,28.3942355630826));
#13693=CARTESIAN_POINT('Ctrl Pts',(4.47043267825973,0.643726296505256,27.5296017064113));
#13694=CARTESIAN_POINT('Ctrl Pts',(3.83367839746385,0.670817063080296,26.8973411340076));
#13695=CARTESIAN_POINT('Ctrl Pts',(3.52416181454802,0.723973739418564,26.6035166917556));
#13696=CARTESIAN_POINT('Ctrl Pts',(6.24308251375075,0.523565474928176,28.914809915648));
#13697=CARTESIAN_POINT('Ctrl Pts',(6.22608823257023,0.51674645908826,28.8807273665766));
#13698=CARTESIAN_POINT('Ctrl Pts',(6.18914589256426,0.501360718740139,28.8087324653179));
#13699=CARTESIAN_POINT('Ctrl Pts',(6.11872970924052,0.472892457042143,28.6831337838997));
#13700=CARTESIAN_POINT('Ctrl Pts',(5.97487751264788,0.416566160347258,28.4404111243705));
#13701=CARTESIAN_POINT('Ctrl Pts',(5.58953177964452,0.307898190961283,27.9213324798806));
#13702=CARTESIAN_POINT('Ctrl Pts',(4.81749238965763,0.233347230853551,27.1291809169421));
#13703=CARTESIAN_POINT('Ctrl Pts',(4.23319722466477,0.241251439944844,26.5473062866944));
#13704=CARTESIAN_POINT('Ctrl Pts',(3.94747732759688,0.261744342680709,26.2710036018436));
#13705=CARTESIAN_POINT('Ctrl Pts',(6.93085628822585,-1.64140988974499E-15,
28.2270361411729));
#13706=CARTESIAN_POINT('Ctrl Pts',(6.89450516929458,0.000185120096907764,
28.1817662240354));
#13707=CARTESIAN_POINT('Ctrl Pts',(6.81839992754699,0.000382222244230443,
28.0910880311037));
#13708=CARTESIAN_POINT('Ctrl Pts',(6.69185277112668,0.000703348417616382,
27.9514318547671));
#13709=CARTESIAN_POINT('Ctrl Pts',(6.46171044576699,0.00171488325390548,
27.7094973996537));
#13710=CARTESIAN_POINT('Ctrl Pts',(6.00202326628281,0.00235642760892218,
27.2766760665866));
#13711=CARTESIAN_POINT('Ctrl Pts',(5.2581756851725,0.00285419073253736,
26.6243872882044));
#13712=CARTESIAN_POINT('Ctrl Pts',(4.74473535644092,0.000325073302108999,
26.0978607398226));
#13713=CARTESIAN_POINT('Ctrl Pts',(4.50314304802516,0.,25.83452981347));
#13714=CARTESIAN_POINT('Ctrl Pts',(7.62919874639354,-1.66533453693773E-15,
27.5286936830052));
#13715=CARTESIAN_POINT('Ctrl Pts',(7.57284728144895,-1.61563310651649E-15,
27.4723422180606));
#13716=CARTESIAN_POINT('Ctrl Pts',(7.45632695256664,-1.42414308988531E-15,
27.3633088634382));
#13717=CARTESIAN_POINT('Ctrl Pts',(7.27185569000629,-1.29453377584062E-15,
27.2105164266379));
#13718=CARTESIAN_POINT('Ctrl Pts',(6.9525682844222,-1.31847728641537E-15,
26.9717428401614));
#13719=CARTESIAN_POINT('Ctrl Pts',(6.41601984526456,-7.82800662205145E-16,
26.629280027796));
#13720=CARTESIAN_POINT('Ctrl Pts',(5.69975477293717,-5.19707241610204E-16,
26.1185371303771));
#13721=CARTESIAN_POINT('Ctrl Pts',(5.25796498407971,7.07617740006099E-17,
25.6468612192259));
#13722=CARTESIAN_POINT('Ctrl Pts',(5.0611096062942,0.,25.3962487237426));
#13723=CARTESIAN_POINT('',(5.0611096062942,0.,25.3962487237426));
#13724=CARTESIAN_POINT('Origin',(5.0611096062942,3.,25.3962487237426));
#13725=CARTESIAN_POINT('',(6.98241161309042,0.,27.0000000000006));
#13726=CARTESIAN_POINT('Ctrl Pts',(5.0611096062942,0.,25.3962487237426));
#13727=CARTESIAN_POINT('Ctrl Pts',(5.25796498407971,7.07617740006099E-17,
25.6468612192259));
#13728=CARTESIAN_POINT('Ctrl Pts',(5.69975477293717,-5.19707241610204E-16,
26.1185371303771));
#13729=CARTESIAN_POINT('Ctrl Pts',(6.38365824797249,-7.70913829164662E-16,
26.6062041350789));
#13730=CARTESIAN_POINT('Ctrl Pts',(6.81890367404373,-1.18647981176422E-15,
26.8862568700781));
#13731=CARTESIAN_POINT('Ctrl Pts',(6.98252313294102,-1.25905311575187E-15,
26.9999764770561));
#13732=CARTESIAN_POINT('Ctrl Pts',(6.35281928654138,0.603813248318269,28.8050731428574));
#13733=CARTESIAN_POINT('Ctrl Pts',(6.49115778614528,0.35222353034765,28.4710944609153));
#13734=CARTESIAN_POINT('Ctrl Pts',(6.6277363636434,0.172969376087345,28.0878411919599));
#13735=CARTESIAN_POINT('Ctrl Pts',(6.83624903929285,0.0271282170203342,
27.4609870696975));
#13736=CARTESIAN_POINT('Ctrl Pts',(6.9081175422017,0.000884945398081017,
27.236811512228));
#13737=CARTESIAN_POINT('Ctrl Pts',(6.98000984776871,7.3341959586998E-6,
27.0076597376373));
#13738=CARTESIAN_POINT('Ctrl Pts',(6.98121093205106,2.22036060974734E-15,
27.0038299336572));
#13739=CARTESIAN_POINT('Ctrl Pts',(6.98241161308886,2.22044604925031E-15,
27.));
#13740=CARTESIAN_POINT('Ctrl Pts',(4.08965908203708,0.266137216036795,26.1593202520946));
#13741=CARTESIAN_POINT('Ctrl Pts',(3.80876104911534,0.290168116635672,25.8878105065015));
#13742=CARTESIAN_POINT('Ctrl Pts',(3.29099466129084,0.37806992436107,25.3063575242527));
#13743=CARTESIAN_POINT('Ctrl Pts',(2.94436023098681,0.476385959283765,24.9613408525547));
#13744=CARTESIAN_POINT('Ctrl Pts',(2.79631467072947,0.508401145455397,24.8261342234519));
#13745=CARTESIAN_POINT('Ctrl Pts',(4.39379730843639,0.0913834618643424,
25.9204205701718));
#13746=CARTESIAN_POINT('Ctrl Pts',(4.15099344742612,0.0998299667613146,
25.6742385314675));
#13747=CARTESIAN_POINT('Ctrl Pts',(3.69777873470243,0.131144671317381,25.1191878783452));
#13748=CARTESIAN_POINT('Ctrl Pts',(3.36627760863112,0.167566276917501,24.7267906558713));
#13749=CARTESIAN_POINT('Ctrl Pts',(3.20391809591185,0.179381194015295,24.5530588807682));
#13750=CARTESIAN_POINT('Ctrl Pts',(4.72736400481407,-1.58680549558484E-15,
25.658404911673));
#13751=CARTESIAN_POINT('Ctrl Pts',(4.52926362398099,-5.17065034475108E-5,
25.4377187759622));
#13752=CARTESIAN_POINT('Ctrl Pts',(4.16072931117808,6.68215184580944E-6,
24.9058527399506));
#13753=CARTESIAN_POINT('Ctrl Pts',(3.8670573055331,0.00013372375712373,
24.4491607076442));
#13754=CARTESIAN_POINT('Ctrl Pts',(3.69371178453049,7.44313887143614E-16,
24.2249198831532));
#13755=CARTESIAN_POINT('Ctrl Pts',(5.0611096062942,-1.66533453693773E-15,
25.3962487237426));
#13756=CARTESIAN_POINT('Ctrl Pts',(4.90777747096084,-1.36334787412819E-15,
25.2010447648467));
#13757=CARTESIAN_POINT('Ctrl Pts',(4.62412223479452,-3.57184463375052E-15,
24.6923227392494));
#13758=CARTESIAN_POINT('Ctrl Pts',(4.36869711789057,5.78473777677876E-16,
24.1710869342567));
#13759=CARTESIAN_POINT('Ctrl Pts',(4.18448511801343,5.55111512312578E-16,
23.8961245690292));
#13760=CARTESIAN_POINT('Ctrl Pts',(4.18448511801343,5.55111512312578E-16,
23.8961245690292));
#13761=CARTESIAN_POINT('Ctrl Pts',(4.36869711789057,5.78473777677876E-16,
24.1710869342567));
#13762=CARTESIAN_POINT('Ctrl Pts',(4.62412223479452,-3.57184463375052E-15,
24.6923227392494));
#13763=CARTESIAN_POINT('Ctrl Pts',(4.90777747096084,-1.36334787412819E-15,
25.2010447648467));
#13764=CARTESIAN_POINT('Ctrl Pts',(5.0611096062942,-1.66533453693773E-15,
25.3962487237426));
#13765=CARTESIAN_POINT('Ctrl Pts',(60.1414878717671,90.6520707613579,29.2993803011659));
#13766=CARTESIAN_POINT('Ctrl Pts',(60.151325350256,90.6675999825405,29.2750538826244));
#13767=CARTESIAN_POINT('Ctrl Pts',(60.1738334506256,90.7023154475753,29.2216658204856));
#13768=CARTESIAN_POINT('Ctrl Pts',(60.2244308742209,90.767524964172,29.1196684603462));
#13769=CARTESIAN_POINT('Ctrl Pts',(60.3399921459965,90.8987079765855,28.908930767766));
#13770=CARTESIAN_POINT('Ctrl Pts',(60.7120235785403,91.1615107476123,28.3941886773877));
#13771=CARTESIAN_POINT('Ctrl Pts',(61.5296201325751,91.356318240496,27.5294871053892));
#13772=CARTESIAN_POINT('Ctrl Pts',(62.166321602536,91.3291829369198,26.8973411340077));
#13773=CARTESIAN_POINT('Ctrl Pts',(62.475838185452,91.2760262605815,26.6035166917556));
#13774=CARTESIAN_POINT('Ctrl Pts',(59.7569174862492,91.4764345250718,28.914809915648));
#13775=CARTESIAN_POINT('Ctrl Pts',(59.7739117674298,91.4832535409117,28.8807273665767));
#13776=CARTESIAN_POINT('Ctrl Pts',(59.8108234277464,91.4986017629464,28.8087111053162));
#13777=CARTESIAN_POINT('Ctrl Pts',(59.8811967403423,91.5270170159025,28.6830812941043));
#13778=CARTESIAN_POINT('Ctrl Pts',(60.0249934592172,91.5832605042121,28.4403037054531));
#13779=CARTESIAN_POINT('Ctrl Pts',(60.410286366203,91.6918401258293,27.9211657892704));
#13780=CARTESIAN_POINT('Ctrl Pts',(61.1822840514633,91.7662716895387,27.1288977366029));
#13781=CARTESIAN_POINT('Ctrl Pts',(61.7668027753351,91.7587485600552,26.5473062866944));
#13782=CARTESIAN_POINT('Ctrl Pts',(62.0525226724031,91.7382556573193,26.2710036018436));
#13783=CARTESIAN_POINT('Ctrl Pts',(59.0691437117741,92.,28.2270361411729));
#13784=CARTESIAN_POINT('Ctrl Pts',(59.1054948307054,91.9998148799031,28.1817662240354));
#13785=CARTESIAN_POINT('Ctrl Pts',(59.1815743670055,91.9995736607985,28.0910743005099));
#13786=CARTESIAN_POINT('Ctrl Pts',(59.3080861582609,91.9991903194569,27.9513975133709));
#13787=CARTESIAN_POINT('Ctrl Pts',(59.5381782081645,91.9980816919178,27.7094290778406));
#13788=CARTESIAN_POINT('Ctrl Pts',(59.9978198209948,91.9973387080364,27.2765675002655));
#13789=CARTESIAN_POINT('Ctrl Pts',(60.7416082369277,91.9966995925181,26.6242121292707));
#13790=CARTESIAN_POINT('Ctrl Pts',(61.255264643559,91.9996749266979,26.0978607398226));
#13791=CARTESIAN_POINT('Ctrl Pts',(61.4968569519748,92.,25.83452981347));
#13792=CARTESIAN_POINT('Ctrl Pts',(58.3708012536065,92.,27.5286936830052));
#13793=CARTESIAN_POINT('Ctrl Pts',(58.4271527185511,92.,27.4723422180606));
#13794=CARTESIAN_POINT('Ctrl Pts',(58.5436667761089,92.,27.3633105954796));
#13795=CARTESIAN_POINT('Ctrl Pts',(58.7281291190808,92.,27.2105200854327));
#13796=CARTESIAN_POINT('Ctrl Pts',(59.0474006455835,92.,26.9717520431876));
#13797=CARTESIAN_POINT('Ctrl Pts',(59.5839341241619,92.,26.6292906546418));
#13798=CARTESIAN_POINT('Ctrl Pts',(60.3001520541831,92.,26.1185601522966));
#13799=CARTESIAN_POINT('Ctrl Pts',(60.7420350159203,92.,25.6468612192259));
#13800=CARTESIAN_POINT('Ctrl Pts',(60.9388903937058,92.,25.3962487237426));
#13801=CARTESIAN_POINT('',(60.9388903937058,92.,25.3962487237426));
#13802=CARTESIAN_POINT('Origin',(60.9388903937058,89.,25.3962487237426));
#13803=CARTESIAN_POINT('Ctrl Pts',(60.9388903937058,92.,25.3962487237426));
#13804=CARTESIAN_POINT('Ctrl Pts',(60.7420350159203,92.,25.6468612192259));
#13805=CARTESIAN_POINT('Ctrl Pts',(60.3001520541831,92.,26.1185601522966));
#13806=CARTESIAN_POINT('Ctrl Pts',(59.6162935915157,92.,26.606215321947));
#13807=CARTESIAN_POINT('Ctrl Pts',(59.1810614418338,92.,26.8862664614691));
#13808=CARTESIAN_POINT('Ctrl Pts',(59.0174484411923,92.,26.9999843785838));
#13809=CARTESIAN_POINT('Ctrl Pts',(61.9103409179629,91.7338627839632,26.1593202520946));
#13810=CARTESIAN_POINT('Ctrl Pts',(62.2848717860548,91.701821569688,25.7973071057059));
#13811=CARTESIAN_POINT('Ctrl Pts',(62.764792320104,91.6030193307922,25.2385773449722));
#13812=CARTESIAN_POINT('Ctrl Pts',(63.0926511123754,91.5156102542729,24.9275392379305));
#13813=CARTESIAN_POINT('Ctrl Pts',(63.2036853292706,91.4915988545446,24.8261342234519));
#13814=CARTESIAN_POINT('Ctrl Pts',(61.6062026915636,91.9086165381357,25.9204205701718));
#13815=CARTESIAN_POINT('Ctrl Pts',(61.9299413090767,91.8973545268695,25.5921777138389));
#13816=CARTESIAN_POINT('Ctrl Pts',(62.3517778170131,91.8618247182775,25.0482921167026));
#13817=CARTESIAN_POINT('Ctrl Pts',(62.6743122183313,91.8294799975352,24.6833577668999));
#13818=CARTESIAN_POINT('Ctrl Pts',(62.7960819040882,91.8206188059847,24.5530588807683));
#13819=CARTESIAN_POINT('Ctrl Pts',(61.2726359951859,92.,25.658404911673));
#13820=CARTESIAN_POINT('Ctrl Pts',(61.5367699473927,92.0000689420336,25.3641566069631));
#13821=CARTESIAN_POINT('Ctrl Pts',(61.877991904154,91.999822752726,24.8303920374278));
#13822=CARTESIAN_POINT('Ctrl Pts',(62.1762790200349,91.99989970714,24.393100572259));
#13823=CARTESIAN_POINT('Ctrl Pts',(62.3062882154695,92.,24.2249198831532));
#13824=CARTESIAN_POINT('Ctrl Pts',(60.9388903937058,92.,25.3962487237426));
#13825=CARTESIAN_POINT('Ctrl Pts',(61.1433333268065,92.,25.1359766690765));
#13826=CARTESIAN_POINT('Ctrl Pts',(61.4037176148902,92.,24.6122957241347));
#13827=CARTESIAN_POINT('Ctrl Pts',(61.6773558239684,92.,24.1023464296876));
#13828=CARTESIAN_POINT('Ctrl Pts',(61.8155148819866,92.,23.8961245690292));
#13829=CARTESIAN_POINT('',(61.8155148819866,92.,23.8961245690292));
#13830=CARTESIAN_POINT('Origin',(61.8155148819866,89.,23.8961245690292));
#13831=CARTESIAN_POINT('Ctrl Pts',(61.8155148819866,92.,23.8961245690292));
#13832=CARTESIAN_POINT('Ctrl Pts',(61.6773558239684,92.,24.1023464296876));
#13833=CARTESIAN_POINT('Ctrl Pts',(61.4037176148902,92.,24.6122957241347));
#13834=CARTESIAN_POINT('Ctrl Pts',(61.1433333268065,92.,25.1359766690765));
#13835=CARTESIAN_POINT('Ctrl Pts',(60.9388903937058,92.,25.3962487237426));
#13836=CARTESIAN_POINT('Origin',(56.,89.,20.));
#13837=CARTESIAN_POINT('',(66.,89.,20.));
#13838=CARTESIAN_POINT('Origin',(56.,89.,20.));
#13839=CARTESIAN_POINT('',(63.,92.,20.));
#13840=CARTESIAN_POINT('Origin',(63.,89.,20.));
#13841=CARTESIAN_POINT('Origin',(56.,92.,20.));
#13842=CARTESIAN_POINT('Ctrl Pts',(2.79631467071915,91.4915988545423,24.8261342234426));
#13843=CARTESIAN_POINT('Ctrl Pts',(2.94440264581301,91.5236232130176,24.9613795890462));
#13844=CARTESIAN_POINT('Ctrl Pts',(3.2920469148417,91.6221963790896,25.3075383351488));
#13845=CARTESIAN_POINT('Ctrl Pts',(3.80884537041033,91.7098390970733,25.8878920095763));
#13846=CARTESIAN_POINT('Ctrl Pts',(4.08965908203704,91.7338627839632,26.1593202520947));
#13847=CARTESIAN_POINT('Ctrl Pts',(3.20391809590055,91.8206188059839,24.5530588807562));
#13848=CARTESIAN_POINT('Ctrl Pts',(3.36632412438374,91.832437108038,24.7268404297588));
#13849=CARTESIAN_POINT('Ctrl Pts',(3.69873127691479,91.868950085231,25.1203959564204));
#13850=CARTESIAN_POINT('Ctrl Pts',(4.1510663334331,91.9001725687503,25.6743124315519));
#13851=CARTESIAN_POINT('Ctrl Pts',(4.39379730843636,91.9086165381356,25.9204205701718));
#13852=CARTESIAN_POINT('Ctrl Pts',(3.69371178451846,92.,24.2249198831376));
#13853=CARTESIAN_POINT('Ctrl Pts',(3.86710696876153,91.9998662379312,24.4492249522979));
#13854=CARTESIAN_POINT('Ctrl Pts',(4.16152064201465,91.9999915548841,24.9071142229681));
#13855=CARTESIAN_POINT('Ctrl Pts',(4.52932309068666,92.000051690982,25.4377850225663));
#13856=CARTESIAN_POINT('Ctrl Pts',(4.72736400481406,92.,25.658404911673));
#13857=CARTESIAN_POINT('Ctrl Pts',(4.18448511800067,92.,23.8961245690101));
#13858=CARTESIAN_POINT('Ctrl Pts',(4.36874989434983,92.,24.171165710555));
#13859=CARTESIAN_POINT('Ctrl Pts',(4.62475123050855,92.,24.6936386298749));
#13860=CARTESIAN_POINT('Ctrl Pts',(4.90782349892364,92.,25.2011033620908));
#13861=CARTESIAN_POINT('Ctrl Pts',(5.06110960629421,92.,25.3962487237426));
#13862=CARTESIAN_POINT('',(5.0611096062942,92.,25.3962487237426));
#13863=CARTESIAN_POINT('Origin',(5.0611096062942,89.,25.3962487237426));
#13864=CARTESIAN_POINT('',(4.18448511801343,92.,23.8961245690292));
#13865=CARTESIAN_POINT('Ctrl Pts',(5.06110960629421,92.,25.3962487237426));
#13866=CARTESIAN_POINT('Ctrl Pts',(4.90782349892364,92.,25.2011033620908));
#13867=CARTESIAN_POINT('Ctrl Pts',(4.62475123050855,92.,24.6936386298749));
#13868=CARTESIAN_POINT('Ctrl Pts',(4.36874989434983,92.,24.171165710555));
#13869=CARTESIAN_POINT('Ctrl Pts',(4.18448511800067,92.,23.8961245690101));
#13870=CARTESIAN_POINT('Origin',(4.18448511801343,89.,23.8961245690292));
#13871=CARTESIAN_POINT('Ctrl Pts',(3.52391330679276,91.2757548702781,26.6037118938661));
#13872=CARTESIAN_POINT('Ctrl Pts',(3.98902976370706,91.3556593380295,27.0452428059097));
#13873=CARTESIAN_POINT('Ctrl Pts',(4.81261864937601,91.3418855332319,27.8608127901152));
#13874=CARTESIAN_POINT('Ctrl Pts',(5.50277599314811,91.0275370802052,28.6729596627598));
#13875=CARTESIAN_POINT('Ctrl Pts',(5.70453048991759,90.8459081843612,28.9921804813098));
#13876=CARTESIAN_POINT('Ctrl Pts',(5.80066765181352,90.7418932608485,29.1621190329843));
#13877=CARTESIAN_POINT('Ctrl Pts',(5.83862525244436,90.6826469903601,29.2509775439826));
#13878=CARTESIAN_POINT('Ctrl Pts',(5.85828638545138,90.6515867581585,29.2996060439474));
#13879=CARTESIAN_POINT('Ctrl Pts',(3.94726117524981,91.7381494752333,26.2711733888762));
#13880=CARTESIAN_POINT('Ctrl Pts',(4.37662409405531,91.7689558654358,26.686367552932));
#13881=CARTESIAN_POINT('Ctrl Pts',(5.13129447389941,91.7617905506399,27.423752281575));
#13882=CARTESIAN_POINT('Ctrl Pts',(5.80628374728136,91.6375680741451,28.1943578322244));
#13883=CARTESIAN_POINT('Ctrl Pts',(6.03101029673475,91.5608347134577,28.5368693533478));
#13884=CARTESIAN_POINT('Ctrl Pts',(6.14900563529933,91.5166880742687,28.7315148563372));
#13885=CARTESIAN_POINT('Ctrl Pts',(6.20885460826542,91.4898571906704,28.8469348972195));
#13886=CARTESIAN_POINT('Ctrl Pts',(6.24281934087735,91.4762169637346,28.9150730885214));
#13887=CARTESIAN_POINT('Ctrl Pts',(4.50303385659098,92.,25.8346155830203));
#13888=CARTESIAN_POINT('Ctrl Pts',(4.86607601256261,91.9995111612196,26.2303136750735));
#13889=CARTESIAN_POINT('Ctrl Pts',(5.53756202019486,91.9963236603744,26.8772457164401));
#13890=CARTESIAN_POINT('Ctrl Pts',(6.24561706297843,91.9978101300352,27.4967541041019));
#13891=CARTESIAN_POINT('Ctrl Pts',(6.55308597902068,91.9988176744666,27.8058637748253));
#13892=CARTESIAN_POINT('Ctrl Pts',(6.73869893851633,91.9999795088244,27.9995450565061));
#13893=CARTESIAN_POINT('Ctrl Pts',(6.85804471067473,91.9996295917867,28.1366613121934));
#13894=CARTESIAN_POINT('Ctrl Pts',(6.93071962588754,92.,28.2271728035112));
#13895=CARTESIAN_POINT('Ctrl Pts',(5.0611096062942,92.,25.3962487237426));
#13896=CARTESIAN_POINT('Ctrl Pts',(5.35691448457548,92.,25.7728317744885));
#13897=CARTESIAN_POINT('Ctrl Pts',(5.94436761864441,92.0000000000001,26.3300930036053));
#13898=CARTESIAN_POINT('Ctrl Pts',(6.68736256441314,92.,26.7945319597262));
#13899=CARTESIAN_POINT('Ctrl Pts',(7.08036439011529,92.,27.0670087041822));
#13900=CARTESIAN_POINT('Ctrl Pts',(7.33592381261398,92.,27.2578341750214));
#13901=CARTESIAN_POINT('Ctrl Pts',(7.516525738597,92.,27.4160206752087));
#13902=CARTESIAN_POINT('Ctrl Pts',(7.62919874639354,92.,27.5286936830052));
#13903=CARTESIAN_POINT('Ctrl Pts',(6.98254664913825,92.,26.9995196652256));
#13904=CARTESIAN_POINT('Ctrl Pts',(6.94965301986408,92.,26.9766113550126));
#13905=CARTESIAN_POINT('Ctrl Pts',(6.65379128724528,92.,26.7735468789901));
#13906=CARTESIAN_POINT('Ctrl Pts',(5.94436761864441,92.0000000000001,26.3300930036053));
#13907=CARTESIAN_POINT('Ctrl Pts',(5.35691448457548,92.,25.7728317744885));
#13908=CARTESIAN_POINT('Ctrl Pts',(5.0611096062942,92.,25.3962487237426));
#13909=CARTESIAN_POINT('Origin',(62.4,88.4,19.68));
#13910=CARTESIAN_POINT('',(64.15,88.4,19.68));
#13911=CARTESIAN_POINT('Origin',(62.4,88.4,19.68));
#13912=CARTESIAN_POINT('Origin',(56.,0.,20.));
#13913=CARTESIAN_POINT('',(66.,0.,20.));
#13914=CARTESIAN_POINT('Origin',(3.6,3.59999999999999,19.68));
#13915=CARTESIAN_POINT('',(5.35,3.59999999999999,19.68));
#13916=CARTESIAN_POINT('Origin',(3.6,3.59999999999999,19.68));
#13917=CARTESIAN_POINT('Origin',(62.4,3.59999999999999,19.68));
#13918=CARTESIAN_POINT('',(64.15,3.59999999999999,19.68));
#13919=CARTESIAN_POINT('Origin',(62.4,3.59999999999999,19.68));
#13920=CARTESIAN_POINT('Origin',(3.6,88.4,19.68));
#13921=CARTESIAN_POINT('',(5.35,88.4,19.68));
#13922=CARTESIAN_POINT('Origin',(3.6,88.4,19.68));
#13923=CARTESIAN_POINT('Origin',(19.4289321881345,3.,27.));
#13924=CARTESIAN_POINT('',(19.4289321881345,0.,27.));
#13925=CARTESIAN_POINT('Origin',(63.,3.,20.5));
#13926=CARTESIAN_POINT('',(63.,0.,12.));
#13927=CARTESIAN_POINT('',(66.,3.,12.));
#13928=CARTESIAN_POINT('Origin',(63.,3.,12.));
#13929=CARTESIAN_POINT('',(66.,3.,20.5));
#13930=CARTESIAN_POINT('',(63.,0.,20.5));
#13931=CARTESIAN_POINT('Origin',(33.,0.,21.));
#13932=CARTESIAN_POINT('',(3.,0.,12.));
#13933=CARTESIAN_POINT('',(3.,0.,16.5));
#13934=CARTESIAN_POINT('',(9.,0.,12.));
#13935=CARTESIAN_POINT('',(1.23259516440783E-32,0.,12.));
#13936=CARTESIAN_POINT('',(9.,0.,15.5));
#13937=CARTESIAN_POINT('',(9.,0.,8.5));
#13938=CARTESIAN_POINT('',(19.,0.,25.5));
#13939=CARTESIAN_POINT('Origin',(19.,0.,15.5));
#13940=CARTESIAN_POINT('',(47.,0.,25.5));
#13941=CARTESIAN_POINT('',(19.,0.,25.5));
#13942=CARTESIAN_POINT('',(57.,0.,15.5));
#13943=CARTESIAN_POINT('Origin',(47.,0.,15.5));
#13944=CARTESIAN_POINT('',(57.,0.,12.));
#13945=CARTESIAN_POINT('',(57.,0.,15.5));
#13946=CARTESIAN_POINT('',(1.23259516440783E-32,0.,12.));
#13947=CARTESIAN_POINT('Origin',(3.,3.,16.5));
#13948=CARTESIAN_POINT('',(1.23259516440783E-32,3.,12.));
#13949=CARTESIAN_POINT('Origin',(3.,3.,12.));
#13950=CARTESIAN_POINT('',(1.11022302462516E-15,3.,16.5));
#13951=CARTESIAN_POINT('Origin',(9.39098423085189E-16,0.,12.));
#13952=CARTESIAN_POINT('',(1.23259516440783E-32,89.,12.));
#13953=CARTESIAN_POINT('',(1.11022302462516E-15,89.,16.5));
#13954=CARTESIAN_POINT('',(1.23259516440783E-32,0.,12.));
#13955=CARTESIAN_POINT('Origin',(33.,92.,21.));
#13956=CARTESIAN_POINT('',(63.,92.,12.));
#13957=CARTESIAN_POINT('',(63.,92.,20.5));
#13958=CARTESIAN_POINT('',(57.,92.,12.));
#13959=CARTESIAN_POINT('',(1.23259516440783E-32,92.,12.));
#13960=CARTESIAN_POINT('',(57.,92.,15.5));
#13961=CARTESIAN_POINT('',(57.,92.,15.5));
#13962=CARTESIAN_POINT('',(47.,92.,25.5));
#13963=CARTESIAN_POINT('Origin',(47.,92.,15.5));
#13964=CARTESIAN_POINT('',(19.,92.,25.5));
#13965=CARTESIAN_POINT('',(19.,92.,25.5));
#13966=CARTESIAN_POINT('',(9.,92.,15.5));
#13967=CARTESIAN_POINT('Origin',(19.,92.,15.5));
#13968=CARTESIAN_POINT('',(9.,92.,12.));
#13969=CARTESIAN_POINT('',(9.,92.,8.5));
#13970=CARTESIAN_POINT('',(3.,92.,12.));
#13971=CARTESIAN_POINT('',(1.23259516440783E-32,92.,12.));
#13972=CARTESIAN_POINT('',(3.,92.,20.));
#13973=CARTESIAN_POINT('',(3.,92.,16.5));
#13974=CARTESIAN_POINT('Origin',(10.,92.,20.));
#13975=CARTESIAN_POINT('Origin',(63.,89.,20.5));
#13976=CARTESIAN_POINT('',(66.,89.,12.));
#13977=CARTESIAN_POINT('Origin',(63.,89.,12.));
#13978=CARTESIAN_POINT('',(66.,89.,20.5));
#13979=CARTESIAN_POINT('Origin',(66.,0.,20.));
#13980=CARTESIAN_POINT('',(66.,0.,12.));
#13981=CARTESIAN_POINT('Origin',(3.,89.,16.5));
#13982=CARTESIAN_POINT('Origin',(3.,89.,12.));
#13983=CARTESIAN_POINT('Origin',(3.,89.,20.));
#13984=CARTESIAN_POINT('Origin',(10.,89.,20.));
#13985=CARTESIAN_POINT('Origin',(3.,0.,12.));
#13986=CARTESIAN_POINT('',(9.,91.5,12.));
#13987=CARTESIAN_POINT('',(9.,89.,12.));
#13988=CARTESIAN_POINT('',(6.1,91.5,12.));
#13989=CARTESIAN_POINT('',(5.80000001316136,91.5,12.));
#13990=CARTESIAN_POINT('',(6.1,88.3999999736773,12.));
#13991=CARTESIAN_POINT('',(6.09999999999998,44.1999999868386,12.));
#13992=CARTESIAN_POINT('',(3.59999999999999,85.9,12.));
#13993=CARTESIAN_POINT('Origin',(3.6,88.4,12.));
#13994=CARTESIAN_POINT('',(0.500000000000005,85.9,12.));
#13995=CARTESIAN_POINT('',(3.,85.9,12.));
#13996=CARTESIAN_POINT('',(0.499999999999999,6.09999999999999,12.));
#13997=CARTESIAN_POINT('',(0.499999999999999,23.,12.));
#13998=CARTESIAN_POINT('',(3.59999999999999,6.09999999999999,12.));
#13999=CARTESIAN_POINT('',(3.,6.09999999999999,12.));
#14000=CARTESIAN_POINT('',(6.1,3.59999997367728,12.));
#14001=CARTESIAN_POINT('Origin',(3.6,3.59999999999999,12.));
#14002=CARTESIAN_POINT('',(6.1,0.500000000000005,12.));
#14003=CARTESIAN_POINT('',(6.1,1.79999998420637,12.));
#14004=CARTESIAN_POINT('',(8.99999999999994,0.500000000000009,12.));
#14005=CARTESIAN_POINT('',(5.7999999894709,0.500000000000004,12.));
#14006=CARTESIAN_POINT('',(9.,0.,12.));
#14007=CARTESIAN_POINT('',(5.35,88.4,12.));
#14008=CARTESIAN_POINT('Origin',(3.6,88.4,12.));
#14009=CARTESIAN_POINT('',(5.35,3.59999999999999,12.));
#14010=CARTESIAN_POINT('Origin',(3.6,3.59999999999999,12.));
#14011=CARTESIAN_POINT('Origin',(13.5,9.5,27.));
#14012=CARTESIAN_POINT('',(13.5,9.5,22.5));
#14013=CARTESIAN_POINT('',(13.5,9.5,27.));
#14014=CARTESIAN_POINT('',(13.5,9.5,22.5));
#14015=CARTESIAN_POINT('',(13.5,12.5,22.5));
#14016=CARTESIAN_POINT('',(13.5,9.5,22.5));
#14017=CARTESIAN_POINT('',(13.5000001027077,12.5,27.));
#14018=CARTESIAN_POINT('',(13.5,12.5,22.5));
#14019=CARTESIAN_POINT('',(13.5,4.75,27.));
#14020=CARTESIAN_POINT('Origin',(8.5,9.5,22.5));
#14021=CARTESIAN_POINT('',(10.1794873355406,9.5,17.7905072152345));
#14022=CARTESIAN_POINT('Origin',(8.5,9.5,22.5));
#14023=CARTESIAN_POINT('',(10.1794873355406,12.5,17.7905072152345));
#14024=CARTESIAN_POINT('',(10.1794873355406,9.5,17.7905072152345));
#14025=CARTESIAN_POINT('Origin',(8.5,12.5,22.5));
#14026=CARTESIAN_POINT('Origin',(13.5,12.5,17.5));
#14027=CARTESIAN_POINT('',(4.03615036812842,12.5,18.3279795561028));
#14028=CARTESIAN_POINT('Origin',(13.5,12.5,17.5));
#14029=CARTESIAN_POINT('',(13.5,12.5,17.5));
#14030=CARTESIAN_POINT('Origin',(13.5,9.5,17.5));
#14031=CARTESIAN_POINT('',(10.,9.5,27.));
#14032=CARTESIAN_POINT('',(34.75,9.5,27.));
#14033=CARTESIAN_POINT('',(3.,9.5,20.));
#14034=CARTESIAN_POINT('Origin',(10.,9.5,20.));
#14035=CARTESIAN_POINT('',(3.,9.5,18.4186309670222));
#14036=CARTESIAN_POINT('',(3.,9.5,18.75));
#14037=CARTESIAN_POINT('',(13.5,9.5,17.5));
#14038=CARTESIAN_POINT('Origin',(56.,0.,27.));
#14039=CARTESIAN_POINT('',(13.5000001027077,79.5,27.));
#14040=CARTESIAN_POINT('',(13.5,12.5,27.));
#14041=CARTESIAN_POINT('',(13.5,82.5,27.));
#14042=CARTESIAN_POINT('',(13.5,39.75,27.));
#14043=CARTESIAN_POINT('',(10.,82.5,27.));
#14044=CARTESIAN_POINT('',(34.75,82.5,27.));
#14045=CARTESIAN_POINT('',(10.,89.,27.));
#14046=CARTESIAN_POINT('',(10.,0.,27.));
#14047=CARTESIAN_POINT('',(56.,89.,27.));
#14048=CARTESIAN_POINT('',(44.5,89.,27.));
#14049=CARTESIAN_POINT('',(56.,3.,27.));
#14050=CARTESIAN_POINT('',(56.,0.,27.));
#14051=CARTESIAN_POINT('',(10.,3.,27.));
#14052=CARTESIAN_POINT('',(44.5,3.,27.));
#14053=CARTESIAN_POINT('',(10.,0.,27.));
#14054=CARTESIAN_POINT('',(51.,78.,27.));
#14055=CARTESIAN_POINT('',(51.,62.,27.));
#14056=CARTESIAN_POINT('',(51.,31.,27.));
#14057=CARTESIAN_POINT('',(53.,62.,27.));
#14058=CARTESIAN_POINT('',(54.5,62.,27.));
#14059=CARTESIAN_POINT('',(53.,78.,27.));
#14060=CARTESIAN_POINT('',(53.,39.,27.));
#14061=CARTESIAN_POINT('',(53.5,78.,27.));
#14062=CARTESIAN_POINT('',(25.9322510119001,41.7559936394808,27.));
#14063=CARTESIAN_POINT('',(25.9322510119008,12.2559936394808,27.));
#14064=CARTESIAN_POINT('',(25.9322510119009,6.12799681974008,27.));
#14065=CARTESIAN_POINT('',(26.7766695741716,12.2559936394808,27.));
#14066=CARTESIAN_POINT('',(55.4661255059503,12.2559936394815,27.));
#14067=CARTESIAN_POINT('',(27.9322510119008,12.2559936394809,27.));
#14068=CARTESIAN_POINT('',(55.4661255059503,12.2559936394815,27.));
#14069=CARTESIAN_POINT('',(28.4322510119008,12.2559936394809,27.));
#14070=CARTESIAN_POINT('',(55.4661255059503,12.2559936394815,27.));
#14071=CARTESIAN_POINT('',(52.4322510119008,12.2559936394814,27.));
#14072=CARTESIAN_POINT('',(55.4661255059503,12.2559936394815,27.));
#14073=CARTESIAN_POINT('',(55.4661255059503,12.2559936394815,27.));
#14074=CARTESIAN_POINT('',(54.1412199180908,12.2559936394815,27.));
#14075=CARTESIAN_POINT('',(55.4661255059503,12.2559936394815,27.));
#14076=CARTESIAN_POINT('',(54.9322510119008,12.2559936394815,27.));
#14077=CARTESIAN_POINT('',(55.4661255059503,12.2559936394815,27.));
#14078=CARTESIAN_POINT('',(54.9322510119001,41.7559936394815,27.));
#14079=CARTESIAN_POINT('',(54.9322510119006,20.8779968197407,27.));
#14080=CARTESIAN_POINT('',(52.9322510119001,41.7559936394814,27.));
#14081=CARTESIAN_POINT('',(40.9661255059497,41.7559936394812,27.));
#14082=CARTESIAN_POINT('',(27.9322510119001,41.7559936394809,27.));
#14083=CARTESIAN_POINT('',(40.9661255059497,41.7559936394812,27.));
#14084=CARTESIAN_POINT('',(40.9661255059497,41.7559936394812,27.));
#14085=CARTESIAN_POINT('Origin',(3.,0.,20.));
#14086=CARTESIAN_POINT('',(3.,82.5,18.4186309670222));
#14087=CARTESIAN_POINT('',(3.,6.25,18.4186309670222));
#14088=CARTESIAN_POINT('',(3.,8.59999999999999,20.));
#14089=CARTESIAN_POINT('',(3.,0.,20.));
#14090=CARTESIAN_POINT('',(3.,8.59999999999999,12.));
#14091=CARTESIAN_POINT('',(3.,8.59999999999999,16.));
#14092=CARTESIAN_POINT('',(3.,83.4,12.));
#14093=CARTESIAN_POINT('',(3.,0.,12.));
#14094=CARTESIAN_POINT('',(3.,83.4,20.));
#14095=CARTESIAN_POINT('',(3.,83.4,16.));
#14096=CARTESIAN_POINT('',(3.,82.5,20.));
#14097=CARTESIAN_POINT('',(3.,0.,20.));
#14098=CARTESIAN_POINT('',(3.,82.5,18.75));
#14099=CARTESIAN_POINT('Origin',(13.5,79.5,27.));
#14100=CARTESIAN_POINT('',(13.5,79.5,22.5));
#14101=CARTESIAN_POINT('',(13.5,79.5,22.5));
#14102=CARTESIAN_POINT('',(13.5,82.5,22.5));
#14103=CARTESIAN_POINT('',(13.5,79.5,22.5));
#14104=CARTESIAN_POINT('',(13.5,82.5,22.5));
#14105=CARTESIAN_POINT('Origin',(8.5,79.5,22.5));
#14106=CARTESIAN_POINT('',(10.1794873355406,79.5,17.7905072152345));
#14107=CARTESIAN_POINT('Origin',(8.5,79.5,22.5));
#14108=CARTESIAN_POINT('',(10.1794873355406,82.5,17.7905072152345));
#14109=CARTESIAN_POINT('',(10.1794873355406,79.5,17.7905072152345));
#14110=CARTESIAN_POINT('Origin',(8.5,82.5,22.5));
#14111=CARTESIAN_POINT('Origin',(13.5,82.5,17.5));
#14112=CARTESIAN_POINT('',(13.5,82.5,17.5));
#14113=CARTESIAN_POINT('Origin',(10.,82.5,20.));
#14114=CARTESIAN_POINT('Origin',(13.5,79.5,17.5));
#14115=CARTESIAN_POINT('',(4.03615036812842,79.5,18.3279795561028));
#14116=CARTESIAN_POINT('Origin',(13.5,79.5,17.5));
#14117=CARTESIAN_POINT('',(13.5,79.5,17.5));
#14118=CARTESIAN_POINT('Origin',(13.5,12.5,17.5));
#14119=CARTESIAN_POINT('',(4.03615036812842,12.5,18.3279795561028));
#14120=CARTESIAN_POINT('Origin',(4.03615036812842,12.5,18.3279795561028));
#14121=CARTESIAN_POINT('Origin',(10.,0.,20.));
#14122=CARTESIAN_POINT('',(3.6,83.4,22.8354893757516));
#14123=CARTESIAN_POINT('Origin',(10.,83.4,20.));
#14124=CARTESIAN_POINT('',(8.6,88.3999999473546,26.8585712797929));
#14125=CARTESIAN_POINT('Ctrl Pts',(3.6,83.4,22.8354893757516));
#14126=CARTESIAN_POINT('Ctrl Pts',(3.98435196992597,83.4,23.7030125019401));
#14127=CARTESIAN_POINT('Ctrl Pts',(4.55219352497224,83.445572869428,24.4824941347773));
#14128=CARTESIAN_POINT('Ctrl Pts',(5.45230629974898,83.7475458619593,25.3337146966717));
#14129=CARTESIAN_POINT('Ctrl Pts',(5.75300545089385,83.8740699940198,25.5763759124346));
#14130=CARTESIAN_POINT('Ctrl Pts',(6.35530758612681,84.2133837001857,25.9874157182696));
#14131=CARTESIAN_POINT('Ctrl Pts',(6.65589669702624,84.4272318597578,26.1564045538446));
#14132=CARTESIAN_POINT('Ctrl Pts',(7.4025459046644,85.0890656451026,26.5227442971087));
#14133=CARTESIAN_POINT('Ctrl Pts',(7.84840928392097,85.6669248731581,26.6683581341388));
#14134=CARTESIAN_POINT('Ctrl Pts',(8.44704677003844,86.9770338408839,26.8326179102885));
#14135=CARTESIAN_POINT('Ctrl Pts',(8.59999999271676,87.7082750937975,26.8585712783062));
#14136=CARTESIAN_POINT('Ctrl Pts',(8.6,88.3999999473546,26.8585712797929));
#14137=CARTESIAN_POINT('',(8.6,89.,26.8585712797929));
#14138=CARTESIAN_POINT('',(8.6,0.,26.8585712797929));
#14139=CARTESIAN_POINT('Origin',(10.,89.,20.));
#14140=CARTESIAN_POINT('Origin',(12.5,40.,30.));
#14141=CARTESIAN_POINT('',(12.5,40.,29.));
#14142=CARTESIAN_POINT('',(12.5,40.,30.));
#14143=CARTESIAN_POINT('',(12.5,81.,29.));
#14144=CARTESIAN_POINT('',(12.5,40.,29.));
#14145=CARTESIAN_POINT('',(12.5,81.,30.));
#14146=CARTESIAN_POINT('Origin',(53.5,40.,30.));
#14147=CARTESIAN_POINT('',(53.5,40.,29.));
#14148=CARTESIAN_POINT('',(53.5,40.,30.));
#14149=CARTESIAN_POINT('',(53.5,40.,29.));
#14150=CARTESIAN_POINT('Origin',(53.5,81.,30.));
#14151=CARTESIAN_POINT('',(53.5,81.,29.));
#14152=CARTESIAN_POINT('',(53.5,81.,30.));
#14153=CARTESIAN_POINT('',(53.5,81.,29.));
#14154=CARTESIAN_POINT('Origin',(12.5,81.,30.));
#14155=CARTESIAN_POINT('',(12.5,81.,29.));
#14156=CARTESIAN_POINT('Origin',(33.,60.5,29.));
#14157=CARTESIAN_POINT('',(51.,78.,29.));
#14158=CARTESIAN_POINT('',(51.,62.,29.));
#14159=CARTESIAN_POINT('',(51.,61.25,29.));
#14160=CARTESIAN_POINT('',(53.,78.,29.));
#14161=CARTESIAN_POINT('',(42.,78.,29.));
#14162=CARTESIAN_POINT('',(53.,62.,29.));
#14163=CARTESIAN_POINT('',(53.,69.25,29.));
#14164=CARTESIAN_POINT('',(43.,62.,29.));
#14165=CARTESIAN_POINT('Origin',(53.,78.,30.));
#14166=CARTESIAN_POINT('',(53.,78.,30.));
#14167=CARTESIAN_POINT('',(53.,62.,30.));
#14168=CARTESIAN_POINT('Origin',(51.,78.,30.));
#14169=CARTESIAN_POINT('',(51.,78.,30.));
#14170=CARTESIAN_POINT('Origin',(51.,62.,30.));
#14171=CARTESIAN_POINT('',(51.,62.,30.));
#14172=CARTESIAN_POINT('Origin',(53.,62.,30.));
#14173=CARTESIAN_POINT('Origin',(53.8973446177138,12.2559936394815,27.5));
#14174=CARTESIAN_POINT('',(27.0859794805199,12.2559936394809,26.4));
#14175=CARTESIAN_POINT('Origin',(25.6322510119008,12.2559936394808,26.0303061543301));
#14176=CARTESIAN_POINT('',(27.9322510119008,12.2559936394809,26.4));
#14177=CARTESIAN_POINT('',(26.9322510119008,12.2559936394808,26.4));
#14178=CARTESIAN_POINT('',(27.9322510119008,12.2559936394809,26.35));
#14179=CARTESIAN_POINT('Origin',(53.8973446177138,12.2559936394815,27.5));
#14180=CARTESIAN_POINT('',(53.7950241163241,12.2559936394815,26.4));
#14181=CARTESIAN_POINT('',(26.9322510119008,12.2559936394808,26.4));
#14182=CARTESIAN_POINT('Origin',(55.2322510119008,12.2559936394815,25.9706064152426));
#14183=CARTESIAN_POINT('Origin',(53.8973446177138,12.2559936394815,27.5));
#14184=CARTESIAN_POINT('',(28.4322510119008,12.2559936394809,25.2));
#14185=CARTESIAN_POINT('',(28.4322510119008,12.2559936394809,27.5));
#14186=CARTESIAN_POINT('',(52.4322510119008,12.2559936394814,25.2));
#14187=CARTESIAN_POINT('',(27.9322510119008,12.2559936394809,25.2));
#14188=CARTESIAN_POINT('',(52.4322510119008,12.2559936394814,26.35));
#14189=CARTESIAN_POINT('Origin',(28.4322510119004,30.4969823775367,27.));
#14190=CARTESIAN_POINT('',(27.9322510119007,18.0559936394809,27.));
#14191=CARTESIAN_POINT('',(28.4322510119007,18.0559936394809,27.5));
#14192=CARTESIAN_POINT('Origin',(28.4322510119007,18.0559936394809,27.));
#14193=CARTESIAN_POINT('',(28.4322510119008,12.2559936394809,27.5));
#14194=CARTESIAN_POINT('',(28.4322510119008,12.2559936394809,27.5));
#14195=CARTESIAN_POINT('Origin',(28.4322510119008,12.2559936394809,27.));
#14196=CARTESIAN_POINT('',(27.9322510119004,30.4969823775367,27.));
#14197=CARTESIAN_POINT('Origin',(52.4322510119001,43.9969823775373,27.));
#14198=CARTESIAN_POINT('',(52.4322510119006,18.0559936394814,27.5));
#14199=CARTESIAN_POINT('Origin',(52.4322510119006,18.0559936394814,27.));
#14200=CARTESIAN_POINT('',(52.4322510119008,12.2559936394814,27.5));
#14201=CARTESIAN_POINT('Origin',(52.4322510119008,12.2559936394814,27.));
#14202=CARTESIAN_POINT('',(52.4322510119008,12.2559936394814,27.5));
#14203=CARTESIAN_POINT('Origin',(26.9322510119008,12.2059936394808,25.1510004003203));
#14204=CARTESIAN_POINT('',(27.1322510119008,13.0944312517899,26.0303061543301));
#14205=CARTESIAN_POINT('',(27.1322510119008,13.4559936394809,25.1510004003203));
#14206=CARTESIAN_POINT('Origin',(27.1322510119008,12.2059936394809,25.1510004003203));
#14207=CARTESIAN_POINT('',(27.9812506115804,13.4559936394809,25.1510004003203));
#14208=CARTESIAN_POINT('',(26.9322510119008,13.4559936394808,25.1510004003203));
#14209=CARTESIAN_POINT('',(27.9322510119008,13.4550328859544,25.2));
#14210=CARTESIAN_POINT('Origin',(27.9812506115805,12.2059936394809,25.1510004003203));
#14211=CARTESIAN_POINT('Origin',(27.9322510119008,12.2059936394809,25.1510004003203));
#14212=CARTESIAN_POINT('Ctrl Pts',(27.0859794805199,12.2559936394809,26.4));
#14213=CARTESIAN_POINT('Ctrl Pts',(27.0868956609288,12.3459878082897,26.3963973499739));
#14214=CARTESIAN_POINT('Ctrl Pts',(27.0905566279106,12.4407392770739,26.3824296050827));
#14215=CARTESIAN_POINT('Ctrl Pts',(27.1026890719358,12.6412998813129,26.3281697253224));
#14216=CARTESIAN_POINT('Ctrl Pts',(27.1117264351896,12.7458694859007,26.2832024284442));
#14217=CARTESIAN_POINT('Ctrl Pts',(27.1257441418589,12.9241087979487,26.1792294509114));
#14218=CARTESIAN_POINT('Ctrl Pts',(27.1320894435188,13.0133355719356,26.1116956713675));
#14219=CARTESIAN_POINT('Ctrl Pts',(27.132249985521,13.0924241110497,26.032330673865));
#14220=CARTESIAN_POINT('Ctrl Pts',(27.1322510119008,13.0934285657294,26.0313192535909));
#14221=CARTESIAN_POINT('Ctrl Pts',(27.1322510119008,13.0944312517899,26.0303061543301));
#14222=CARTESIAN_POINT('Origin',(26.9322510119008,12.2059936394808,25.1510004003203));
#14223=CARTESIAN_POINT('',(52.8832514122211,13.4559936394814,25.1510004003204));
#14224=CARTESIAN_POINT('Origin',(52.8832514122211,12.2059936394814,25.1510004003204));
#14225=CARTESIAN_POINT('',(53.7322510119008,13.4559936394815,25.1510004003204));
#14226=CARTESIAN_POINT('',(26.9322510119008,13.4559936394808,25.1510004003203));
#14227=CARTESIAN_POINT('',(53.7322510119008,13.1497870386443,25.9706064152426));
#14228=CARTESIAN_POINT('Origin',(53.7322510119008,12.2059936394815,25.1510004003204));
#14229=CARTESIAN_POINT('Ctrl Pts',(53.7322510119008,13.1497870386443,25.9706064152426));
#14230=CARTESIAN_POINT('Ctrl Pts',(53.7322510119008,13.1367233002859,25.9856495820893));
#14231=CARTESIAN_POINT('Ctrl Pts',(53.7324777130528,13.1232673036553,26.0004166608959));
#14232=CARTESIAN_POINT('Ctrl Pts',(53.7353265333015,13.0309654457232,26.0969515642273));
#14233=CARTESIAN_POINT('Ctrl Pts',(53.7442584696223,12.9405671815424,26.1678132572876));
#14234=CARTESIAN_POINT('Ctrl Pts',(53.7628212079652,12.7591255487111,26.2770404312657));
#14235=CARTESIAN_POINT('Ctrl Pts',(53.774195880446,12.6523528232799,26.3243061301411));
#14236=CARTESIAN_POINT('Ctrl Pts',(53.7893810462602,12.4465572215809,26.3815359008239));
#14237=CARTESIAN_POINT('Ctrl Pts',(53.7939135801531,12.3488463930476,26.396282914999));
#14238=CARTESIAN_POINT('Ctrl Pts',(53.7950241163241,12.2559936394815,26.4));
#14239=CARTESIAN_POINT('Origin',(28.040544633751,12.2559936394809,24.6674423094379));
#14240=CARTESIAN_POINT('',(28.3382030011329,18.4860261062646,24.6300324667837));
#14241=CARTESIAN_POINT('',(28.2526766681068,18.7355679832747,24.8795743437939));
#14242=CARTESIAN_POINT('Origin',(28.0405446337508,18.5234359489188,24.6674423094379));
#14243=CARTESIAN_POINT('',(28.2526766681069,13.4559936394809,24.8795743437939));
#14244=CARTESIAN_POINT('',(28.2526766681069,12.2559936394809,24.8795743437939));
#14245=CARTESIAN_POINT('',(28.338203001133,13.4559936394809,24.6300324667837));
#14246=CARTESIAN_POINT('Origin',(28.0405446337509,13.4559936394809,24.6674423094379));
#14247=CARTESIAN_POINT('',(28.3382030011331,12.2559936394809,24.6300324667837));
#14248=CARTESIAN_POINT('Origin',(27.8383170290786,17.7559936394809,23.9));
#14249=CARTESIAN_POINT('',(28.0579314790189,16.2559936394809,22.4));
#14250=CARTESIAN_POINT('',(28.1011279468942,16.5996943661396,22.7437007266588));
#14251=CARTESIAN_POINT('',(27.1322510119007,16.2559936394809,22.4));
#14252=CARTESIAN_POINT('',(27.8852840204897,16.2559936394809,22.4));
#14253=CARTESIAN_POINT('',(27.1322510119006,19.8862997938109,26.0303061543301));
#14254=CARTESIAN_POINT('',(27.1322510119007,15.7559936394809,21.9));
#14255=CARTESIAN_POINT('',(25.9322510119006,21.3559936394808,27.5));
#14256=CARTESIAN_POINT('Origin',(25.6322510119006,19.8862997938109,26.0303061543301));
#14257=CARTESIAN_POINT('',(27.9322510119006,21.3559936394809,27.5));
#14258=CARTESIAN_POINT('',(23.3678308233961,21.3559936394808,27.5));
#14259=CARTESIAN_POINT('',(27.9322510119006,19.0559936394809,25.2));
#14260=CARTESIAN_POINT('',(27.9322510119006,19.1809936394809,25.325));
#14261=CARTESIAN_POINT('',(29.4832620147637,17.5049826366179,23.648988997137));
#14262=CARTESIAN_POINT('Origin',(28.3565150806127,12.2559936394809,24.7757359312881));
#14263=CARTESIAN_POINT('',(28.0579314790189,13.4559936394809,22.4));
#14264=CARTESIAN_POINT('',(28.2975800528858,13.4559936394809,24.3068084274505));
#14265=CARTESIAN_POINT('',(28.057931479019,12.2559936394809,22.4));
#14266=CARTESIAN_POINT('Origin',(52.8239573900506,12.2559936394814,24.6674423094379));
#14267=CARTESIAN_POINT('',(52.6118253556945,18.7355679832753,24.8795743437939));
#14268=CARTESIAN_POINT('',(52.5262990226684,18.4860261062651,24.6300324667837));
#14269=CARTESIAN_POINT('Origin',(52.8239573900505,18.5234359489193,24.6674423094379));
#14270=CARTESIAN_POINT('',(52.5262990226685,13.4559936394814,24.6300324667837));
#14271=CARTESIAN_POINT('',(52.5262990226685,12.2559936394814,24.6300324667837));
#14272=CARTESIAN_POINT('',(52.6118253556946,13.4559936394814,24.8795743437939));
#14273=CARTESIAN_POINT('Origin',(52.8239573900506,13.4559936394814,24.6674423094379));
#14274=CARTESIAN_POINT('',(52.6118253556947,12.2559936394814,24.8795743437939));
#14275=CARTESIAN_POINT('Origin',(52.9322510119008,12.2559936394814,21.4));
#14276=CARTESIAN_POINT('',(52.8065705447825,16.2559936394814,22.4));
#14277=CARTESIAN_POINT('',(52.8718383978871,15.7366778332853,21.8806841938039));
#14278=CARTESIAN_POINT('',(52.8065705447826,13.4559936394814,22.4));
#14279=CARTESIAN_POINT('',(52.8065705447826,12.2559936394814,22.4));
#14280=CARTESIAN_POINT('',(52.7790540052717,13.4559936394814,22.6189404618064));
#14281=CARTESIAN_POINT('Origin',(53.4261849947227,17.7559936394815,23.9));
#14282=CARTESIAN_POINT('',(51.306485319467,17.4302279470478,23.5742343075664));
#14283=CARTESIAN_POINT('',(53.8973446177136,21.3559936394815,27.5));
#14284=CARTESIAN_POINT('',(36.1617648062181,21.3559936394811,27.5));
#14285=CARTESIAN_POINT('',(54.9322510119006,21.2962939003939,27.4403002609125));
#14286=CARTESIAN_POINT('Origin',(53.8973446177138,12.3559936394815,18.5));
#14287=CARTESIAN_POINT('',(53.7322510119006,19.826600054724,25.9706064152426));
#14288=CARTESIAN_POINT('Origin',(55.2322510119006,19.826600054724,25.9706064152426));
#14289=CARTESIAN_POINT('',(53.7322510119007,16.2559936394815,22.4));
#14290=CARTESIAN_POINT('',(53.7322510119006,18.5309936394815,24.675));
#14291=CARTESIAN_POINT('',(53.5792180033117,16.2559936394814,22.4));
#14292=CARTESIAN_POINT('Origin',(25.6322510119002,37.3719823775366,26.0303061543301));
#14293=CARTESIAN_POINT('',(27.1322510119002,37.3719823775367,26.0303061543301));
#14294=CARTESIAN_POINT('',(25.9322510119008,12.2559936394808,27.5));
#14295=CARTESIAN_POINT('Origin',(25.6322510119008,12.2559936394808,26.0303061543301));
#14296=CARTESIAN_POINT('',(25.9322510119002,37.3719823775367,27.5));
#14297=CARTESIAN_POINT('Origin',(18.897344617713,47.7379711155923,27.5));
#14298=CARTESIAN_POINT('',(25.9322510119002,39.7379711155925,27.5));
#14299=CARTESIAN_POINT('',(25.9322510119004,29.9969823775367,27.5));
#14300=CARTESIAN_POINT('',(27.3973446177132,39.7379711155925,27.5));
#14301=CARTESIAN_POINT('',(18.1473446177132,39.7379711155923,27.5));
#14302=CARTESIAN_POINT('',(27.3973446177132,41.7559936394809,27.5));
#14303=CARTESIAN_POINT('',(27.3973446177131,43.7379711155925,27.5));
#14304=CARTESIAN_POINT('',(27.9322510119001,41.7559936394809,27.5));
#14305=CARTESIAN_POINT('',(22.4147978148066,41.7559936394809,27.5));
#14306=CARTESIAN_POINT('',(27.9322510119003,35.6559936394809,27.5));
#14307=CARTESIAN_POINT('',(27.9322510119001,44.1219823775367,27.5));
#14308=CARTESIAN_POINT('',(27.9322510119004,28.1974369502443,27.5));
#14309=CARTESIAN_POINT('Origin',(55.2322510118997,61.8888802610084,25.9706064152426));
#14310=CARTESIAN_POINT('',(53.7322510118997,61.8888802610084,25.9706064152426));
#14311=CARTESIAN_POINT('',(54.9322510119008,12.2559936394815,27.4403002609125));
#14312=CARTESIAN_POINT('',(54.9322510118997,61.8888802610084,27.4403002609125));
#14313=CARTESIAN_POINT('Origin',(55.2322510119008,12.2559936394815,25.9706064152426));
#14314=CARTESIAN_POINT('Origin',(53.8973446177127,61.8888802610084,18.5));
#14315=CARTESIAN_POINT('',(53.8973446177132,41.7559936394815,27.5));
#14316=CARTESIAN_POINT('',(53.8973446177127,61.8888802610084,27.5));
#14317=CARTESIAN_POINT('',(54.9322510119001,41.7559936394815,27.4403002609125));
#14318=CARTESIAN_POINT('Origin',(53.8973446177132,41.7559936394816,18.5));
#14319=CARTESIAN_POINT('',(54.9322510118997,61.8888802610084,27.4403002609125));
#14320=CARTESIAN_POINT('Origin',(18.897344617713,47.7379711155923,27.5));
#14321=CARTESIAN_POINT('',(52.9322510119001,41.7559936394814,27.5));
#14322=CARTESIAN_POINT('',(52.9322510119001,41.6974369502449,27.5));
#14323=CARTESIAN_POINT('',(22.4147978148066,41.7559936394809,27.5));
#14324=CARTESIAN_POINT('Origin',(27.9322510119001,41.7559936394809,23.9));
#14325=CARTESIAN_POINT('',(52.9322510119001,41.7559936394814,23.9));
#14326=CARTESIAN_POINT('',(52.9322510119001,41.7559936394814,27.5));
#14327=CARTESIAN_POINT('',(27.9322510119001,41.7559936394809,23.9));
#14328=CARTESIAN_POINT('',(27.9322510119001,41.7559936394809,23.9));
#14329=CARTESIAN_POINT('',(27.9322510119001,41.7559936394809,27.5));
#14330=CARTESIAN_POINT('Origin',(27.9322510119008,13.2559936394809,28.));
#14331=CARTESIAN_POINT('',(27.9322510119006,18.5559936394809,28.));
#14332=CARTESIAN_POINT('',(27.9322510119006,18.5559936394809,28.));
#14333=CARTESIAN_POINT('',(27.9322510119007,18.0559936394809,28.));
#14334=CARTESIAN_POINT('',(27.9322510119008,13.2559936394809,28.));
#14335=CARTESIAN_POINT('',(27.9322510119007,18.0559936394809,28.));
#14336=CARTESIAN_POINT('',(27.9322510119008,12.2559936394809,25.2));
#14337=CARTESIAN_POINT('',(27.9322510119003,35.6559936394809,28.));
#14338=CARTESIAN_POINT('',(27.9322510119003,35.6559936394809,28.));
#14339=CARTESIAN_POINT('',(27.9322510119008,13.2559936394809,28.));
#14340=CARTESIAN_POINT('Origin',(52.4322510119008,12.2559936394814,25.2));
#14341=CARTESIAN_POINT('',(52.4322510119008,13.2559936394814,26.2));
#14342=CARTESIAN_POINT('',(52.4322510119008,12.5059936394814,25.45));
#14343=CARTESIAN_POINT('',(52.4322510119008,13.2559936394814,26.4));
#14344=CARTESIAN_POINT('',(52.4322510119008,13.2559936394814,26.6));
#14345=CARTESIAN_POINT('',(52.4322510119006,18.0559936394814,26.4));
#14346=CARTESIAN_POINT('',(52.4322510119007,14.0809936394814,26.4));
#14347=CARTESIAN_POINT('',(52.4322510119006,18.0559936394814,26.6));
#14348=CARTESIAN_POINT('',(52.4322510119008,12.2559936394814,27.6));
#14349=CARTESIAN_POINT('Origin',(28.4322510119008,12.2559936394809,27.5));
#14350=CARTESIAN_POINT('',(28.4322510119008,13.2559936394809,26.2));
#14351=CARTESIAN_POINT('',(28.4322510119008,13.0809936394809,26.025));
#14352=CARTESIAN_POINT('',(28.4322510119008,12.2559936394809,28.75));
#14353=CARTESIAN_POINT('',(28.4322510119007,18.0559936394809,26.4));
#14354=CARTESIAN_POINT('',(28.4322510119007,18.0559936394809,27.75));
#14355=CARTESIAN_POINT('',(28.4322510119008,13.2559936394809,26.4));
#14356=CARTESIAN_POINT('',(28.4322510119007,14.0809936394809,26.4));
#14357=CARTESIAN_POINT('',(28.4322510119008,13.2559936394809,27.75));
#14358=CARTESIAN_POINT('Origin',(27.9322510119007,18.0559936394809,28.));
#14359=CARTESIAN_POINT('',(48.4322510119006,18.0559936394813,26.4));
#14360=CARTESIAN_POINT('',(34.1822510119007,18.055993639481,26.4));
#14361=CARTESIAN_POINT('',(48.4322510119006,18.0559936394813,28.));
#14362=CARTESIAN_POINT('',(48.4322510119006,18.0559936394813,27.2));
#14363=CARTESIAN_POINT('',(34.1822510119007,18.055993639481,28.));
#14364=CARTESIAN_POINT('Origin',(40.4322510119007,15.9059936394812,26.4));
#14365=CARTESIAN_POINT('',(46.4322510119008,13.2559936394813,26.4));
#14366=CARTESIAN_POINT('',(40.4322510119008,13.2559936394812,26.4));
#14367=CARTESIAN_POINT('',(46.4322510119007,16.0559936394813,26.4));
#14368=CARTESIAN_POINT('',(46.4322510119007,14.5809936394813,26.4));
#14369=CARTESIAN_POINT('Origin',(48.4322510119007,16.0559936394813,26.4));
#14370=CARTESIAN_POINT('Origin',(40.4322510119007,15.9059936394812,26.4));
#14371=CARTESIAN_POINT('',(32.4322510119006,18.055993639481,26.4));
#14372=CARTESIAN_POINT('',(34.1822510119007,18.055993639481,26.4));
#14373=CARTESIAN_POINT('',(34.4322510119007,16.055993639481,26.4));
#14374=CARTESIAN_POINT('Origin',(32.4322510119007,16.055993639481,26.4));
#14375=CARTESIAN_POINT('',(34.4322510119008,13.255993639481,26.4));
#14376=CARTESIAN_POINT('',(34.4322510119007,17.230993639481,26.4));
#14377=CARTESIAN_POINT('',(40.4322510119008,13.2559936394812,26.4));
#14378=CARTESIAN_POINT('Origin',(52.9322510119003,35.6559936394814,28.));
#14379=CARTESIAN_POINT('',(47.4322510119003,35.6559936394813,26.4));
#14380=CARTESIAN_POINT('',(47.4322510119003,35.6559936394813,28.));
#14381=CARTESIAN_POINT('',(47.4322510119003,35.6559936394813,28.));
#14382=CARTESIAN_POINT('',(52.9322510119003,35.6559936394814,26.4));
#14383=CARTESIAN_POINT('',(46.6822510119003,35.6559936394813,26.4));
#14384=CARTESIAN_POINT('',(52.9322510119003,35.6559936394814,28.));
#14385=CARTESIAN_POINT('',(46.6822510119002,35.6559936394813,28.));
#14386=CARTESIAN_POINT('Origin',(40.4322510119002,37.7059936394812,26.4));
#14387=CARTESIAN_POINT('',(33.4322510119003,35.655993639481,26.4));
#14388=CARTESIAN_POINT('',(35.4322510119002,37.655993639481,26.4));
#14389=CARTESIAN_POINT('Origin',(33.4322510119002,37.655993639481,26.4));
#14390=CARTESIAN_POINT('',(27.9322510119003,35.6559936394809,26.4));
#14391=CARTESIAN_POINT('',(46.6822510119003,35.6559936394813,26.4));
#14392=CARTESIAN_POINT('',(27.9322510119001,40.2559936394809,26.4));
#14393=CARTESIAN_POINT('',(27.9322510119005,25.4809936394809,26.4));
#14394=CARTESIAN_POINT('',(35.4322510119002,40.255993639481,26.4));
#14395=CARTESIAN_POINT('',(34.1822510119001,40.255993639481,26.4));
#14396=CARTESIAN_POINT('',(35.4322510119002,36.430993639481,26.4));
#14397=CARTESIAN_POINT('Origin',(35.4322510119003,35.155993639481,28.));
#14398=CARTESIAN_POINT('',(35.4322510119002,37.655993639481,28.));
#14399=CARTESIAN_POINT('',(35.4322510119002,37.655993639481,28.));
#14400=CARTESIAN_POINT('',(35.4322510119002,40.255993639481,28.));
#14401=CARTESIAN_POINT('',(35.4322510119002,40.255993639481,28.));
#14402=CARTESIAN_POINT('',(35.4322510119004,30.955993639481,28.));
#14403=CARTESIAN_POINT('Origin',(27.9322510119001,40.2559936394809,28.));
#14404=CARTESIAN_POINT('',(45.4322510119001,40.2559936394813,28.));
#14405=CARTESIAN_POINT('',(45.4322510119001,40.2559936394813,26.4));
#14406=CARTESIAN_POINT('',(45.4322510119001,40.2559936394813,28.));
#14407=CARTESIAN_POINT('',(35.9322510119002,40.255993639481,28.));
#14408=CARTESIAN_POINT('',(27.9322510119002,40.2559936394809,25.2));
#14409=CARTESIAN_POINT('',(27.9322510119002,40.2559936394809,23.9));
#14410=CARTESIAN_POINT('',(52.9322510119001,40.2559936394814,25.2));
#14411=CARTESIAN_POINT('',(27.9322510119002,40.2559936394809,25.2));
#14412=CARTESIAN_POINT('',(52.9322510119001,40.2559936394814,26.4));
#14413=CARTESIAN_POINT('',(52.9322510119001,40.2559936394814,23.9));
#14414=CARTESIAN_POINT('',(34.1822510119001,40.255993639481,26.4));
#14415=CARTESIAN_POINT('Origin',(27.9322510119007,18.0559936394809,28.));
#14416=CARTESIAN_POINT('',(32.4322510119006,18.055993639481,28.));
#14417=CARTESIAN_POINT('',(34.1822510119007,18.055993639481,28.));
#14418=CARTESIAN_POINT('',(32.4322510119006,18.055993639481,27.2));
#14419=CARTESIAN_POINT('Origin',(46.4322510119008,13.2559936394813,26.4));
#14420=CARTESIAN_POINT('',(46.4322510119007,16.0559936394813,28.));
#14421=CARTESIAN_POINT('',(46.4322510119007,16.0559936394813,27.2));
#14422=CARTESIAN_POINT('',(46.4322510119008,13.2559936394813,28.));
#14423=CARTESIAN_POINT('',(46.4322510119008,13.2559936394813,27.2));
#14424=CARTESIAN_POINT('',(46.4322510119006,20.0059936394813,28.));
#14425=CARTESIAN_POINT('Origin',(34.4322510119006,18.555993639481,26.4));
#14426=CARTESIAN_POINT('',(34.4322510119007,16.055993639481,28.));
#14427=CARTESIAN_POINT('',(34.4322510119007,16.055993639481,27.2));
#14428=CARTESIAN_POINT('',(34.4322510119008,13.255993639481,28.));
#14429=CARTESIAN_POINT('',(34.4322510119005,22.655993639481,28.));
#14430=CARTESIAN_POINT('',(34.4322510119008,13.255993639481,27.2));
#14431=CARTESIAN_POINT('Origin',(32.4322510119007,16.055993639481,27.2));
#14432=CARTESIAN_POINT('Origin',(32.4322510119007,16.055993639481,28.));
#14433=CARTESIAN_POINT('Origin',(48.4322510119007,16.0559936394813,27.2));
#14434=CARTESIAN_POINT('Origin',(48.4322510119007,16.0559936394813,28.));
#14435=CARTESIAN_POINT('Origin',(52.9322510119003,35.6559936394814,28.));
#14436=CARTESIAN_POINT('',(33.4322510119003,35.655993639481,28.));
#14437=CARTESIAN_POINT('',(33.4322510119003,35.655993639481,28.));
#14438=CARTESIAN_POINT('',(46.6822510119002,35.6559936394813,28.));
#14439=CARTESIAN_POINT('',(27.9322510119003,35.6559936394809,28.));
#14440=CARTESIAN_POINT('Origin',(33.4322510119002,37.655993639481,28.));
#14441=CARTESIAN_POINT('Origin',(33.4322510119002,37.655993639481,28.));
#14442=CARTESIAN_POINT('Origin',(45.4322510119001,40.2559936394813,28.));
#14443=CARTESIAN_POINT('',(45.4322510119002,37.6559936394813,28.));
#14444=CARTESIAN_POINT('',(45.4322510119002,37.6559936394813,26.4));
#14445=CARTESIAN_POINT('',(45.4322510119002,37.6559936394813,28.));
#14446=CARTESIAN_POINT('',(45.4322510119003,33.5059936394813,28.));
#14447=CARTESIAN_POINT('',(45.4322510119002,38.9809936394813,26.4));
#14448=CARTESIAN_POINT('Origin',(40.4322510119002,37.7059936394812,26.4));
#14449=CARTESIAN_POINT('Origin',(47.4322510119002,37.6559936394813,26.4));
#14450=CARTESIAN_POINT('',(52.9322510119002,38.9809936394814,26.4));
#14451=CARTESIAN_POINT('Origin',(47.4322510119002,37.6559936394813,28.));
#14452=CARTESIAN_POINT('Origin',(47.4322510119002,37.6559936394813,28.));
#14453=CARTESIAN_POINT('Origin',(40.4322510119005,26.7559936394812,28.));
#14454=CARTESIAN_POINT('Origin',(40.4322510119005,26.7559936394812,28.));
#14455=CARTESIAN_POINT('',(34.1822510119006,18.555993639481,28.));
#14456=CARTESIAN_POINT('',(34.9322510119008,13.255993639481,28.));
#14457=CARTESIAN_POINT('Origin',(27.9322510119006,18.5559936394809,28.));
#14458=CARTESIAN_POINT('Origin',(27.9322510119008,13.2559936394809,26.));
#14459=CARTESIAN_POINT('',(27.9322510119001,41.755993639481,28.));
#14460=CARTESIAN_POINT('',(27.9322510119002,39.2559936394809,23.9));
#14461=CARTESIAN_POINT('',(27.9322510119001,41.7559936394809,23.9));
#14462=CARTESIAN_POINT('',(27.9322510119002,39.2559936394809,24.2));
#14463=CARTESIAN_POINT('',(27.9322510119002,39.2559936394809,23.9));
#14464=CARTESIAN_POINT('',(27.9322510119002,40.2559936394809,25.2));
#14465=CARTESIAN_POINT('Origin',(52.9322510119001,40.2559936394814,26.));
#14466=CARTESIAN_POINT('',(52.9322510119002,39.2559936394814,24.2));
#14467=CARTESIAN_POINT('',(52.9322510119001,40.2559936394814,25.2));
#14468=CARTESIAN_POINT('',(52.9322510119002,39.2559936394814,23.9));
#14469=CARTESIAN_POINT('',(52.9322510119002,39.2559936394814,23.9));
#14470=CARTESIAN_POINT('',(52.9322510119001,41.7559936394814,23.9));
#14471=CARTESIAN_POINT('',(52.9322510119001,41.7559936394814,28.));
#14472=CARTESIAN_POINT('Origin',(25.3973446177131,43.7379711155925,27.75));
#14473=CARTESIAN_POINT('',(25.9322510119001,41.7559936394808,27.6831367007266));
#14474=CARTESIAN_POINT('',(25.9322510119002,39.9211078163191,27.6831367007266));
#14475=CARTESIAN_POINT('',(25.9322510119004,27.9969823775366,27.6831367007266));
#14476=CARTESIAN_POINT('',(25.5222216117744,41.7559936394809,27.7343903757424));
#14477=CARTESIAN_POINT('',(22.0185567389253,40.4103196004409,28.1723484848485));
#14478=CARTESIAN_POINT('Origin',(27.9322510119002,40.2559936394809,25.2));
#14479=CARTESIAN_POINT('',(27.9322510119002,39.2559936394809,24.2));
#14480=CARTESIAN_POINT('Origin',(27.9322510119002,39.2559936394809,24.2));
#14481=CARTESIAN_POINT('',(27.9322510119002,39.2559936394809,23.9));
#14482=CARTESIAN_POINT('Origin',(27.9322510119002,39.2559936394809,23.9));
#14483=CARTESIAN_POINT('Origin',(27.9322510119008,12.2559936394809,25.2));
#14484=CARTESIAN_POINT('',(28.2102840204898,13.4559936394809,24.921966991411));
#14485=CARTESIAN_POINT('Origin',(27.9322510119008,12.2559936394809,22.4));
#14486=CARTESIAN_POINT('',(27.1322510119008,13.4559936394809,22.4));
#14487=CARTESIAN_POINT('',(27.8383170290787,13.4559936394809,22.4));
#14488=CARTESIAN_POINT('',(27.1322510119008,12.2559936394809,22.4));
#14489=CARTESIAN_POINT('Origin',(53.7322510119008,12.2559936394815,26.4));
#14490=CARTESIAN_POINT('',(53.7322510119008,13.4559936394815,22.4));
#14491=CARTESIAN_POINT('',(53.7322510119008,13.4559936394815,25.15));
#14492=CARTESIAN_POINT('',(53.7322510119008,12.2559936394815,22.4));
#14493=CARTESIAN_POINT('Origin',(18.8973446177132,39.9879711155923,27.75));
#14494=CARTESIAN_POINT('',(25.9322510119003,33.6174767465646,21.3795056309721));
#14495=CARTESIAN_POINT('Origin',(52.5079869431889,12.2559936394814,24.7757359312881));
#14496=CARTESIAN_POINT('',(52.4420859689558,13.4559936394814,24.7098349570551));
#14497=CARTESIAN_POINT('Origin',(53.7322510119008,12.2559936394815,22.4));
#14498=CARTESIAN_POINT('',(53.4261849947228,13.4559936394815,22.4));
#14499=CARTESIAN_POINT('Origin',(27.1322510119008,12.2559936394809,21.4));
#14500=CARTESIAN_POINT('',(27.1322510119008,13.4559936394809,22.65));
#14501=CARTESIAN_POINT('Origin',(53.1201189775448,13.4559936394814,23.9));
#14502=CARTESIAN_POINT('Origin',(27.7443830462567,13.4559936394809,23.9));
#14503=CARTESIAN_POINT('Origin',(52.9322510119008,13.2559936394814,28.));
#14504=CARTESIAN_POINT('',(52.9322510119008,13.2559936394814,26.2));
#14505=CARTESIAN_POINT('Origin',(52.9322510119008,12.7559936394814,25.7));
#14506=CARTESIAN_POINT('Origin',(25.9322510119001,41.7559936394809,30.));
#14507=CARTESIAN_POINT('',(25.9322510119001,41.7559936394808,30.));
#14508=CARTESIAN_POINT('Origin',(54.9322510119008,12.2559936394815,30.));
#14509=CARTESIAN_POINT('',(54.9322510119008,12.2559936394815,30.));
#14510=CARTESIAN_POINT('Origin',(54.9322510119008,12.2559936394815,30.));
#14511=CARTESIAN_POINT('',(25.9322510119008,12.2559936394808,30.));
#14512=CARTESIAN_POINT('Origin',(54.9322510119008,12.2559936394815,30.));
#14513=CARTESIAN_POINT('Origin',(54.9322510119008,12.2559936394815,30.));
#14514=CARTESIAN_POINT('Origin',(25.9322510119008,12.2559936394808,30.));
#14515=CARTESIAN_POINT('Origin',(54.9322510119001,41.7559936394815,30.));
#14516=CARTESIAN_POINT('',(54.9322510119001,41.7559936394815,30.));
#14517=CARTESIAN_POINT('Origin',(25.9322510119001,41.7559936394809,30.));
#14518=CARTESIAN_POINT('Origin',(58.4,88.3999999578836,13.5));
#14519=CARTESIAN_POINT('',(58.4,89.9666666666667,13.5));
#14520=CARTESIAN_POINT('',(58.35,89.95,13.35));
#14521=CARTESIAN_POINT('',(58.6763736256794,90.0587912085598,14.3291208770382));
#14522=CARTESIAN_POINT('',(58.4,88.3999999578836,13.5));
#14523=CARTESIAN_POINT('',(58.4,88.3999999578836,13.5));
#14524=CARTESIAN_POINT('',(57.9,88.3999999526191,12.));
#14525=CARTESIAN_POINT('',(58.4,88.3999999578836,13.5));
#14526=CARTESIAN_POINT('',(57.9,89.5,12.));
#14527=CARTESIAN_POINT('',(57.9,44.1999999789418,12.));
#14528=CARTESIAN_POINT('',(57.8318181815789,89.4318181815789,11.7954545447366));
#14529=CARTESIAN_POINT('Origin',(57.3999999894709,90.,13.5));
#14530=CARTESIAN_POINT('',(57.,89.5,12.));
#14531=CARTESIAN_POINT('',(58.7131578922431,90.0710526307477,13.7131578922431));
#14532=CARTESIAN_POINT('',(61.6999999947355,89.5,12.));
#14533=CARTESIAN_POINT('Origin',(64.,46.,13.5));
#14534=CARTESIAN_POINT('',(58.5,91.,13.5));
#14535=CARTESIAN_POINT('',(58.5,90.,13.5));
#14536=CARTESIAN_POINT('',(58.5,68.5,13.5));
#14537=CARTESIAN_POINT('',(59.4,91.,13.5));
#14538=CARTESIAN_POINT('',(57.3999999789418,91.,13.5));
#14539=CARTESIAN_POINT('',(59.4,88.3999999684127,13.5));
#14540=CARTESIAN_POINT('',(59.4,88.3999999684127,13.5));
#14541=CARTESIAN_POINT('',(62.4,85.4,13.5));
#14542=CARTESIAN_POINT('Origin',(62.4,88.4,13.5));
#14543=CARTESIAN_POINT('',(65.,85.4,13.5));
#14544=CARTESIAN_POINT('',(63.,85.4,13.5));
#14545=CARTESIAN_POINT('',(65.,6.59999999999999,13.5));
#14546=CARTESIAN_POINT('',(65.,46.,13.5));
#14547=CARTESIAN_POINT('',(62.4,6.59999999999999,13.5));
#14548=CARTESIAN_POINT('',(63.,6.59999999999999,13.5));
#14549=CARTESIAN_POINT('',(59.4,3.59999996841273,13.5));
#14550=CARTESIAN_POINT('Origin',(62.4,3.59999999999999,13.5));
#14551=CARTESIAN_POINT('',(59.4,1.,13.5));
#14552=CARTESIAN_POINT('',(59.4,3.59999996841273,13.5));
#14553=CARTESIAN_POINT('',(58.5000000000001,1.,13.5));
#14554=CARTESIAN_POINT('',(57.4000000210582,1.,13.5));
#14555=CARTESIAN_POINT('',(58.5000000000001,1.99999999999999,13.5));
#14556=CARTESIAN_POINT('',(58.5000000000001,24.,13.5));
#14557=CARTESIAN_POINT('',(58.4,2.03333333333335,13.5));
#14558=CARTESIAN_POINT('',(53.625,3.62500000000005,13.5));
#14559=CARTESIAN_POINT('',(58.4,3.59999995788364,13.5));
#14560=CARTESIAN_POINT('',(58.4,3.59999995788364,13.5));
#14561=CARTESIAN_POINT('',(62.4,7.59999999999999,13.5));
#14562=CARTESIAN_POINT('Origin',(62.4,3.59999999999999,13.5));
#14563=CARTESIAN_POINT('',(64.,7.59999999999999,13.5));
#14564=CARTESIAN_POINT('',(63.,7.59999999999999,13.5));
#14565=CARTESIAN_POINT('',(64.,84.4,13.5));
#14566=CARTESIAN_POINT('',(64.,46.,13.5));
#14567=CARTESIAN_POINT('',(62.4,84.4,13.5));
#14568=CARTESIAN_POINT('',(63.,84.4,13.5));
#14569=CARTESIAN_POINT('Origin',(62.4,88.4,13.5));
#14570=CARTESIAN_POINT('',(54.3750000000001,88.6250000000001,13.5));
#14571=CARTESIAN_POINT('Origin',(57.3999999736773,91.5,12.));
#14572=CARTESIAN_POINT('',(57.,91.5,12.));
#14573=CARTESIAN_POINT('',(57.9236842042919,91.192105265236,12.923684204292));
#14574=CARTESIAN_POINT('',(59.9,91.5,12.));
#14575=CARTESIAN_POINT('',(61.6999999868386,91.5,12.));
#14576=CARTESIAN_POINT('',(59.331818180861,90.931818180861,13.704545457417));
#14577=CARTESIAN_POINT('Origin',(59.9,88.3999999736773,12.));
#14578=CARTESIAN_POINT('',(59.9,88.3999999736773,12.));
#14579=CARTESIAN_POINT('',(59.4,88.3999999684127,13.5));
#14580=CARTESIAN_POINT('',(59.9,44.1999999868386,12.));
#14581=CARTESIAN_POINT('Origin',(62.4,88.4,12.75));
#14582=CARTESIAN_POINT('',(62.4,83.9,12.));
#14583=CARTESIAN_POINT('',(62.4,84.4,13.5));
#14584=CARTESIAN_POINT('Origin',(62.4,88.4,12.));
#14585=CARTESIAN_POINT('Origin',(62.4,88.4,12.75));
#14586=CARTESIAN_POINT('',(62.4,85.9,12.));
#14587=CARTESIAN_POINT('',(62.4,85.4,13.5));
#14588=CARTESIAN_POINT('Origin',(62.4,88.4,12.));
#14589=CARTESIAN_POINT('Origin',(63.,85.9,12.));
#14590=CARTESIAN_POINT('',(65.5,85.9,12.));
#14591=CARTESIAN_POINT('',(64.5,85.9,12.));
#14592=CARTESIAN_POINT('',(64.9318181818182,85.3318181818182,13.7045454545455));
#14593=CARTESIAN_POINT('Origin',(63.,84.4,13.5));
#14594=CARTESIAN_POINT('',(63.5,83.9,12.));
#14595=CARTESIAN_POINT('',(64.5,83.9,12.));
#14596=CARTESIAN_POINT('',(63.4318181818182,83.8318181818182,11.7954545454545));
#14597=CARTESIAN_POINT('Origin',(57.4000000210582,1.,13.5));
#14598=CARTESIAN_POINT('',(57.0000000000001,0.500000000000009,12.));
#14599=CARTESIAN_POINT('',(58.7131578997244,1.07105263324143,13.7131578997243));
#14600=CARTESIAN_POINT('',(59.9,0.500000000000005,12.));
#14601=CARTESIAN_POINT('',(59.5590909102874,0.840909089712606,13.0227272691378));
#14602=CARTESIAN_POINT('',(61.7000000105291,0.500000000000006,12.));
#14603=CARTESIAN_POINT('Origin',(57.4000000052646,2.50000000000001,12.));
#14604=CARTESIAN_POINT('',(57.0000000000001,2.5,12.));
#14605=CARTESIAN_POINT('',(58.35,2.05000000000002,13.35));
#14606=CARTESIAN_POINT('',(57.9236842117732,2.19210526274228,12.9236842117732));
#14607=CARTESIAN_POINT('',(57.9,2.50000000000001,12.));
#14608=CARTESIAN_POINT('',(61.7000000026323,2.50000000000001,12.));
#14609=CARTESIAN_POINT('',(58.0590909095695,2.3409090904305,12.4772727287085));
#14610=CARTESIAN_POINT('Origin',(57.9,3.59999995261909,12.));
#14611=CARTESIAN_POINT('',(58.3467032974843,2.05109890083858,13.3401098924529));
#14612=CARTESIAN_POINT('',(57.9,3.59999995261909,12.));
#14613=CARTESIAN_POINT('',(57.9,1.79999997630955,12.));
#14614=CARTESIAN_POINT('',(58.4,3.59999995788364,13.5));
#14615=CARTESIAN_POINT('Origin',(59.4,3.59999996841273,13.5));
#14616=CARTESIAN_POINT('',(59.9,3.59999997367728,12.));
#14617=CARTESIAN_POINT('',(59.4,3.59999996841273,13.5));
#14618=CARTESIAN_POINT('',(59.9,1.79999998420636,12.));
#14619=CARTESIAN_POINT('Origin',(62.4,3.59999999999999,12.75));
#14620=CARTESIAN_POINT('',(62.4,8.09999999999999,12.));
#14621=CARTESIAN_POINT('',(62.4,7.59999999999999,13.5));
#14622=CARTESIAN_POINT('Origin',(62.4,3.59999999999999,12.));
#14623=CARTESIAN_POINT('Origin',(62.4,3.59999999999999,12.75));
#14624=CARTESIAN_POINT('',(62.4,6.09999999999999,12.));
#14625=CARTESIAN_POINT('',(62.4,6.59999999999999,13.5));
#14626=CARTESIAN_POINT('Origin',(62.4,3.59999999999999,12.));
#14627=CARTESIAN_POINT('Origin',(63.,6.59999999999999,13.5));
#14628=CARTESIAN_POINT('',(65.5,6.09999999999999,12.));
#14629=CARTESIAN_POINT('',(64.5,6.09999999999999,12.));
#14630=CARTESIAN_POINT('',(65.1590909090909,6.44090909090908,13.0227272727273));
#14631=CARTESIAN_POINT('Origin',(63.,8.09999999999999,12.));
#14632=CARTESIAN_POINT('',(63.5,8.09999999999999,12.));
#14633=CARTESIAN_POINT('',(64.5,8.09999999999999,12.));
#14634=CARTESIAN_POINT('',(63.6590909090909,7.94090909090909,12.4772727272727));
#14635=CARTESIAN_POINT('Origin',(63.5,46.,12.));
#14636=CARTESIAN_POINT('',(63.5,23.,12.));
#14637=CARTESIAN_POINT('Origin',(65.,46.,13.5));
#14638=CARTESIAN_POINT('',(65.5,23.,12.));
#14639=CARTESIAN_POINT('Origin',(58.5,91.,15.5));
#14640=CARTESIAN_POINT('',(58.5,90.,15.5));
#14641=CARTESIAN_POINT('',(58.5,90.,15.5));
#14642=CARTESIAN_POINT('',(58.5,91.,15.5));
#14643=CARTESIAN_POINT('',(58.5,91.,15.5));
#14644=CARTESIAN_POINT('',(58.5,91.,15.5));
#14645=CARTESIAN_POINT('Origin',(58.5,90.,15.5));
#14646=CARTESIAN_POINT('',(57.,89.5,15.5));
#14647=CARTESIAN_POINT('',(57.,89.5,13.75));
#14648=CARTESIAN_POINT('',(58.5,90.,15.5));
#14649=CARTESIAN_POINT('Origin',(66.,0.,12.));
#14650=CARTESIAN_POINT('',(57.,3.,12.));
#14651=CARTESIAN_POINT('',(57.,0.,12.));
#14652=CARTESIAN_POINT('',(57.4,3.,12.));
#14653=CARTESIAN_POINT('',(1.23259516440783E-32,3.,12.));
#14654=CARTESIAN_POINT('',(57.4,3.60000019533862,12.));
#14655=CARTESIAN_POINT('',(57.4,-1.30917313593793,12.));
#14656=CARTESIAN_POINT('',(62.4,8.59999999999999,12.));
#14657=CARTESIAN_POINT('Origin',(62.4,3.59999999999999,12.));
#14658=CARTESIAN_POINT('',(63.,8.59999999999999,12.));
#14659=CARTESIAN_POINT('',(67.3163175710654,8.59999999999999,12.));
#14660=CARTESIAN_POINT('',(63.,83.4,12.));
#14661=CARTESIAN_POINT('',(63.,0.,12.));
#14662=CARTESIAN_POINT('',(62.4,83.4,12.));
#14663=CARTESIAN_POINT('',(67.3163175710654,83.4,12.));
#14664=CARTESIAN_POINT('',(57.4,88.4,12.));
#14665=CARTESIAN_POINT('Origin',(62.4,88.4,12.));
#14666=CARTESIAN_POINT('',(57.4,89.,12.));
#14667=CARTESIAN_POINT('',(57.4,93.3091731359379,12.));
#14668=CARTESIAN_POINT('',(57.,89.,12.));
#14669=CARTESIAN_POINT('',(1.23259516440783E-32,89.,12.));
#14670=CARTESIAN_POINT('',(57.,89.,12.));
#14671=CARTESIAN_POINT('Origin',(8.60000002632272,91.5,12.));
#14672=CARTESIAN_POINT('',(7.50000000000005,91.,13.5));
#14673=CARTESIAN_POINT('',(7.68157895360276,91.0605263178676,13.3184210463973));
#14674=CARTESIAN_POINT('',(6.60000000000001,91.,13.5));
#14675=CARTESIAN_POINT('',(8.60000002105818,91.,13.5));
#14676=CARTESIAN_POINT('',(6.66818181913902,90.931818180861,13.704545457417));
#14677=CARTESIAN_POINT('Origin',(8.1,3.59999995261909,12.));
#14678=CARTESIAN_POINT('',(7.6,2.03333333333335,13.5));
#14679=CARTESIAN_POINT('',(7.65000000000001,2.05000000000002,13.35));
#14680=CARTESIAN_POINT('',(8.69175824097724,2.39725274699243,10.2247252770683));
#14681=CARTESIAN_POINT('',(7.6,3.59999995788364,13.5));
#14682=CARTESIAN_POINT('',(7.6,3.59999995788364,13.5));
#14683=CARTESIAN_POINT('',(8.1,3.59999995261909,12.));
#14684=CARTESIAN_POINT('',(7.6,3.59999995788364,13.5));
#14685=CARTESIAN_POINT('',(8.1,2.50000000000001,12.));
#14686=CARTESIAN_POINT('',(8.1,1.79999997630955,12.));
#14687=CARTESIAN_POINT('',(7.94090909043049,2.3409090904305,12.4772727287085));
#14688=CARTESIAN_POINT('Origin',(8.59999999473544,2.50000000000001,12.));
#14689=CARTESIAN_POINT('',(8.99999999999994,2.5,12.));
#14690=CARTESIAN_POINT('',(9.73421052506889,2.74473684168965,11.2657894749311));
#14691=CARTESIAN_POINT('',(5.79999999736772,2.50000000000001,12.));
#14692=CARTESIAN_POINT('Origin',(8.60000001052908,90.,13.5));
#14693=CARTESIAN_POINT('',(9.,89.5,12.));
#14694=CARTESIAN_POINT('',(7.65000000000002,89.95,13.35));
#14695=CARTESIAN_POINT('',(7.68157894986214,89.9394736833793,13.3184210501378));
#14696=CARTESIAN_POINT('',(8.10000000000001,89.5,12.));
#14697=CARTESIAN_POINT('',(5.80000000526454,89.5,12.));
#14698=CARTESIAN_POINT('',(8.16818181842112,89.4318181815789,11.7954545447367));
#14699=CARTESIAN_POINT('Origin',(7.59999999999998,88.3999999578836,13.5));
#14700=CARTESIAN_POINT('',(7.59999999999998,89.9666666666667,13.5));
#14701=CARTESIAN_POINT('',(7.40604395673816,90.0313186810873,14.0818681297855));
#14702=CARTESIAN_POINT('',(8.09999999999999,88.3999999526191,12.));
#14703=CARTESIAN_POINT('',(8.09999999999998,44.1999999789418,12.));
#14704=CARTESIAN_POINT('',(7.59999999999998,88.3999999578836,13.5));
#14705=CARTESIAN_POINT('',(7.59999999999998,88.3999999578836,13.5));
#14706=CARTESIAN_POINT('',(7.59999999999998,88.3999999578836,13.5));
#14707=CARTESIAN_POINT('Origin',(6.09999999999998,88.3999999736773,12.));
#14708=CARTESIAN_POINT('',(6.59999999999999,88.3999999684127,13.5));
#14709=CARTESIAN_POINT('',(6.59999999999998,88.3999999684127,13.5));
#14710=CARTESIAN_POINT('',(6.59999999999999,88.3999999684127,13.5));
#14711=CARTESIAN_POINT('Origin',(3.6,88.4,12.75));
#14712=CARTESIAN_POINT('',(3.59999999999999,84.4,13.5));
#14713=CARTESIAN_POINT('',(3.59999999999999,83.9,12.));
#14714=CARTESIAN_POINT('',(3.59999999999999,84.4,13.5));
#14715=CARTESIAN_POINT('Origin',(3.59999999999999,88.4,13.5));
#14716=CARTESIAN_POINT('Origin',(3.6,88.4,12.));
#14717=CARTESIAN_POINT('Origin',(3.6,88.4,12.75));
#14718=CARTESIAN_POINT('',(3.59999999999999,85.4,13.5));
#14719=CARTESIAN_POINT('',(3.59999999999999,85.4,13.5));
#14720=CARTESIAN_POINT('Origin',(3.60000000000001,88.4,13.5));
#14721=CARTESIAN_POINT('Origin',(3.,85.9,12.));
#14722=CARTESIAN_POINT('',(0.999999999999994,85.4,13.5));
#14723=CARTESIAN_POINT('',(3.,85.4,13.5));
#14724=CARTESIAN_POINT('',(1.0681818181818,85.3318181818182,13.7045454545455));
#14725=CARTESIAN_POINT('Origin',(3.,84.4,13.5));
#14726=CARTESIAN_POINT('',(2.5,83.9,12.));
#14727=CARTESIAN_POINT('',(3.,83.9,12.));
#14728=CARTESIAN_POINT('',(1.99999999999999,84.4,13.5));
#14729=CARTESIAN_POINT('',(2.56818181818182,83.8318181818182,11.7954545454545));
#14730=CARTESIAN_POINT('',(3.,84.4,13.5));
#14731=CARTESIAN_POINT('Origin',(8.5999999789418,1.,13.5));
#14732=CARTESIAN_POINT('',(7.49999999999992,1.,13.5));
#14733=CARTESIAN_POINT('',(8.94473683711775,0.518421054294073,12.0552631628822));
#14734=CARTESIAN_POINT('',(6.59999999999999,1.,13.5));
#14735=CARTESIAN_POINT('',(6.4409090897126,0.840909089712607,13.0227272691378));
#14736=CARTESIAN_POINT('',(8.5999999789418,1.,13.5));
#14737=CARTESIAN_POINT('Origin',(6.6,3.59999996841273,13.5));
#14738=CARTESIAN_POINT('',(6.6,3.59999996841273,13.5));
#14739=CARTESIAN_POINT('',(6.6,3.59999996841273,13.5));
#14740=CARTESIAN_POINT('',(6.6,3.59999996841273,13.5));
#14741=CARTESIAN_POINT('Origin',(3.6,3.59999999999999,12.75));
#14742=CARTESIAN_POINT('',(3.59999999999999,8.09999999999999,12.));
#14743=CARTESIAN_POINT('',(3.59999999999999,7.59999999999999,13.5));
#14744=CARTESIAN_POINT('',(3.59999999999999,7.59999999999999,13.5));
#14745=CARTESIAN_POINT('Origin',(3.6,3.59999999999999,12.));
#14746=CARTESIAN_POINT('Origin',(3.6,3.59999999999999,13.5));
#14747=CARTESIAN_POINT('Origin',(3.6,3.59999999999999,12.75));
#14748=CARTESIAN_POINT('',(3.59999999999999,6.59999999999999,13.5));
#14749=CARTESIAN_POINT('',(3.59999999999999,6.59999999999999,13.5));
#14750=CARTESIAN_POINT('Origin',(3.6,3.59999999999999,13.5));
#14751=CARTESIAN_POINT('Origin',(3.,6.59999999999999,13.5));
#14752=CARTESIAN_POINT('',(0.999999999999999,6.59999999999999,13.5));
#14753=CARTESIAN_POINT('',(0.840909090909089,6.44090909090908,13.0227272727273));
#14754=CARTESIAN_POINT('',(3.,6.59999999999999,13.5));
#14755=CARTESIAN_POINT('Origin',(3.,8.09999999999999,12.));
#14756=CARTESIAN_POINT('',(2.,7.59999999999999,13.5));
#14757=CARTESIAN_POINT('',(3.,7.59999999999999,13.5));
#14758=CARTESIAN_POINT('',(2.5,8.09999999999999,12.));
#14759=CARTESIAN_POINT('',(2.34090909090909,7.94090909090909,12.4772727272727));
#14760=CARTESIAN_POINT('',(3.,8.09999999999999,12.));
#14761=CARTESIAN_POINT('Origin',(2.,46.,13.5));
#14762=CARTESIAN_POINT('',(7.5,90.,13.5));
#14763=CARTESIAN_POINT('',(7.5,68.,13.5));
#14764=CARTESIAN_POINT('',(12.3749999999999,88.3750000000001,13.5));
#14765=CARTESIAN_POINT('',(2.,46.,13.5));
#14766=CARTESIAN_POINT('',(7.49999999999994,1.99999999999999,13.5));
#14767=CARTESIAN_POINT('',(12.375,3.62500000000005,13.5));
#14768=CARTESIAN_POINT('',(7.49999999999994,24.,13.5));
#14769=CARTESIAN_POINT('',(1.,46.,13.5));
#14770=CARTESIAN_POINT('Origin',(2.5,46.,12.));
#14771=CARTESIAN_POINT('',(2.5,23.,12.));
#14772=CARTESIAN_POINT('Origin',(1.,46.,13.5));
#14773=CARTESIAN_POINT('Origin',(7.5,91.,15.5));
#14774=CARTESIAN_POINT('',(9.,91.5,15.5));
#14775=CARTESIAN_POINT('',(9.,91.5,15.5));
#14776=CARTESIAN_POINT('',(7.5,91.,15.5));
#14777=CARTESIAN_POINT('',(9.,91.5,15.5));
#14778=CARTESIAN_POINT('',(7.5,91.,15.5));
#14779=CARTESIAN_POINT('Origin',(3.,0.,12.));
#14780=CARTESIAN_POINT('',(9.,89.,12.));
#14781=CARTESIAN_POINT('',(9.,89.,12.));
#14782=CARTESIAN_POINT('',(8.6,89.,12.));
#14783=CARTESIAN_POINT('',(1.23259516440783E-32,89.,12.));
#14784=CARTESIAN_POINT('',(8.6,88.3999999473546,12.));
#14785=CARTESIAN_POINT('',(8.6,93.3091731359379,12.));
#14786=CARTESIAN_POINT('',(3.6,83.4,12.));
#14787=CARTESIAN_POINT('Origin',(3.6,88.4,12.));
#14788=CARTESIAN_POINT('',(-1.31631757106539,83.4,12.));
#14789=CARTESIAN_POINT('',(3.6,8.59999999999999,12.));
#14790=CARTESIAN_POINT('',(-1.31631757106539,8.59999999999999,12.));
#14791=CARTESIAN_POINT('',(8.6,3.59999994735454,12.));
#14792=CARTESIAN_POINT('Origin',(3.6,3.59999999999999,12.));
#14793=CARTESIAN_POINT('',(8.6,3.,12.));
#14794=CARTESIAN_POINT('',(8.6,-1.30917313593793,12.));
#14795=CARTESIAN_POINT('',(9.,3.,12.));
#14796=CARTESIAN_POINT('',(1.23259516440783E-32,3.,12.));
#14797=CARTESIAN_POINT('',(9.,0.,12.));
#14798=CARTESIAN_POINT('Origin',(7.49999999999994,1.99999999999999,8.49999999999999));
#14799=CARTESIAN_POINT('',(7.49999999999994,1.99999999999999,15.5));
#14800=CARTESIAN_POINT('',(7.49999999999994,1.99999999999999,8.49999999999998));
#14801=CARTESIAN_POINT('',(7.49999999999994,0.999999999999998,15.5));
#14802=CARTESIAN_POINT('',(7.49999999999994,1.99999999999999,15.5));
#14803=CARTESIAN_POINT('',(7.49999999999994,0.999999999999998,8.49999999999998));
#14804=CARTESIAN_POINT('Origin',(8.99999999999995,2.5,8.49999999999999));
#14805=CARTESIAN_POINT('',(8.99999999999994,2.5,15.5));
#14806=CARTESIAN_POINT('',(9.,2.50000000000002,12.));
#14807=CARTESIAN_POINT('',(8.99999999999994,2.5,15.5));
#14808=CARTESIAN_POINT('Origin',(57.,91.5,15.5));
#14809=CARTESIAN_POINT('',(57.,91.5,15.5));
#14810=CARTESIAN_POINT('',(57.,91.5,15.5));
#14811=CARTESIAN_POINT('',(57.,91.5,13.75));
#14812=CARTESIAN_POINT('Origin',(47.,91.25,15.5));
#14813=CARTESIAN_POINT('',(47.,91.5,25.5));
#14814=CARTESIAN_POINT('',(47.,91.,27.));
#14815=CARTESIAN_POINT('',(47.,91.5,25.5));
#14816=CARTESIAN_POINT('Origin',(47.,91.5,15.5));
#14817=CARTESIAN_POINT('Origin',(47.,91.,15.5));
#14818=CARTESIAN_POINT('Origin',(47.,89.75,15.5));
#14819=CARTESIAN_POINT('',(47.,90.,27.));
#14820=CARTESIAN_POINT('',(47.,89.5,25.5));
#14821=CARTESIAN_POINT('',(47.,90.,27.));
#14822=CARTESIAN_POINT('Origin',(47.,90.,15.5));
#14823=CARTESIAN_POINT('Origin',(47.,89.5,15.5));
#14824=CARTESIAN_POINT('Origin',(47.,90.5,15.5));
#14825=CARTESIAN_POINT('',(47.,91.,27.));
#14826=CARTESIAN_POINT('Origin',(9.,89.5,15.5));
#14827=CARTESIAN_POINT('',(7.5,90.,15.5));
#14828=CARTESIAN_POINT('',(7.5,90.,15.5));
#14829=CARTESIAN_POINT('',(9.,89.5,15.5));
#14830=CARTESIAN_POINT('',(7.5,90.,15.5));
#14831=CARTESIAN_POINT('',(9.,89.5,15.5));
#14832=CARTESIAN_POINT('Origin',(7.5,90.,15.5));
#14833=CARTESIAN_POINT('',(7.5,91.,15.5));
#14834=CARTESIAN_POINT('Origin',(19.,89.75,15.5));
#14835=CARTESIAN_POINT('',(19.,89.5,25.5));
#14836=CARTESIAN_POINT('',(19.,90.,27.));
#14837=CARTESIAN_POINT('',(19.,90.,27.));
#14838=CARTESIAN_POINT('Origin',(19.,89.5,15.5));
#14839=CARTESIAN_POINT('Origin',(19.,90.,15.5));
#14840=CARTESIAN_POINT('Origin',(19.,91.25,15.5));
#14841=CARTESIAN_POINT('',(19.,91.,27.));
#14842=CARTESIAN_POINT('',(19.,91.5,25.5));
#14843=CARTESIAN_POINT('',(19.,91.5,25.5));
#14844=CARTESIAN_POINT('Origin',(19.,91.,15.5));
#14845=CARTESIAN_POINT('Origin',(19.,91.5,15.5));
#14846=CARTESIAN_POINT('Origin',(19.,90.5,15.5));
#14847=CARTESIAN_POINT('',(19.,91.,27.));
#14848=CARTESIAN_POINT('Origin',(33.,89.5,25.5));
#14849=CARTESIAN_POINT('',(33.,90.,27.));
#14850=CARTESIAN_POINT('',(40.,89.5,25.5));
#14851=CARTESIAN_POINT('Origin',(33.,91.,27.));
#14852=CARTESIAN_POINT('',(40.,91.5,25.5));
#14853=CARTESIAN_POINT('',(33.,91.,27.));
#14854=CARTESIAN_POINT('Origin',(33.,90.,27.));
#14855=CARTESIAN_POINT('Origin',(57.,89.,12.));
#14856=CARTESIAN_POINT('',(57.,89.,15.5));
#14857=CARTESIAN_POINT('',(57.,89.,15.5));
#14858=CARTESIAN_POINT('',(57.,89.,15.5));
#14859=CARTESIAN_POINT('Origin',(57.,89.,12.));
#14860=CARTESIAN_POINT('',(57.,89.,15.5));
#14861=CARTESIAN_POINT('',(57.,89.,12.));
#14862=CARTESIAN_POINT('Origin',(47.,89.,15.5));
#14863=CARTESIAN_POINT('',(47.,89.,25.5));
#14864=CARTESIAN_POINT('Origin',(47.,89.,15.5));
#14865=CARTESIAN_POINT('',(47.,89.,25.5));
#14866=CARTESIAN_POINT('Origin',(47.,89.,15.5));
#14867=CARTESIAN_POINT('',(47.,89.,25.5));
#14868=CARTESIAN_POINT('Origin',(47.,89.,25.5));
#14869=CARTESIAN_POINT('',(19.,89.,25.5));
#14870=CARTESIAN_POINT('',(19.,89.,25.5));
#14871=CARTESIAN_POINT('',(19.,89.,25.5));
#14872=CARTESIAN_POINT('Origin',(47.,89.,25.5));
#14873=CARTESIAN_POINT('',(19.,89.,25.5));
#14874=CARTESIAN_POINT('Origin',(19.,89.,15.5));
#14875=CARTESIAN_POINT('',(9.,89.,15.5));
#14876=CARTESIAN_POINT('Origin',(19.,89.,15.5));
#14877=CARTESIAN_POINT('',(9.,89.,15.5));
#14878=CARTESIAN_POINT('Origin',(19.,89.,15.5));
#14879=CARTESIAN_POINT('',(9.,89.,15.5));
#14880=CARTESIAN_POINT('Origin',(9.,89.,15.5));
#14881=CARTESIAN_POINT('',(9.,89.,8.5));
#14882=CARTESIAN_POINT('Origin',(9.,89.,15.5));
#14883=CARTESIAN_POINT('Origin',(7.49999999999994,0.999999999999998,8.49999999999999));
#14884=CARTESIAN_POINT('',(8.99999999999994,0.500000000000009,15.5));
#14885=CARTESIAN_POINT('',(7.49999999999994,0.999999999999998,15.5));
#14886=CARTESIAN_POINT('',(9.,0.49999999999999,12.));
#14887=CARTESIAN_POINT('Origin',(58.5000000000001,0.999999999999998,15.5));
#14888=CARTESIAN_POINT('',(57.0000000000001,0.500000000000009,15.5));
#14889=CARTESIAN_POINT('',(57.,0.499999999999985,13.75));
#14890=CARTESIAN_POINT('',(58.5000000000001,0.999999999999998,15.5));
#14891=CARTESIAN_POINT('',(58.5000000000001,0.999999999999998,15.5));
#14892=CARTESIAN_POINT('',(58.5000000000001,0.999999999999998,15.5));
#14893=CARTESIAN_POINT('Origin',(58.5000000000001,1.99999999999999,15.5));
#14894=CARTESIAN_POINT('',(58.5000000000001,1.99999999999999,15.5));
#14895=CARTESIAN_POINT('',(58.5000000000001,1.99999999999999,15.5));
#14896=CARTESIAN_POINT('',(58.5000000000001,1.99999999999999,15.5));
#14897=CARTESIAN_POINT('Origin',(19.,2.25,15.5));
#14898=CARTESIAN_POINT('',(19.,2.5,25.5000000000001));
#14899=CARTESIAN_POINT('Origin',(19.,2.50000000000002,15.5));
#14900=CARTESIAN_POINT('',(19.,1.99999999999999,27.0000000000001));
#14901=CARTESIAN_POINT('',(19.,2.5,25.5));
#14902=CARTESIAN_POINT('Origin',(19.,1.99999999999999,15.5));
#14903=CARTESIAN_POINT('Origin',(19.,0.750000000000003,15.5));
#14904=CARTESIAN_POINT('',(19.,0.999999999999998,27.0000000000001));
#14905=CARTESIAN_POINT('Origin',(19.,0.999999999999997,15.5));
#14906=CARTESIAN_POINT('',(19.,0.500000000000009,25.5000000000001));
#14907=CARTESIAN_POINT('',(19.,0.999999999999998,27.0000000000001));
#14908=CARTESIAN_POINT('Origin',(19.,0.499999999999991,15.5));
#14909=CARTESIAN_POINT('Origin',(19.,1.5,15.5));
#14910=CARTESIAN_POINT('',(19.,1.99999999999999,27.0000000000001));
#14911=CARTESIAN_POINT('Origin',(57.0000000000001,2.5,15.5));
#14912=CARTESIAN_POINT('',(57.0000000000001,2.5,15.5));
#14913=CARTESIAN_POINT('',(57.0000000000001,2.5,15.5));
#14914=CARTESIAN_POINT('',(57.,2.50000000000002,13.75));
#14915=CARTESIAN_POINT('Origin',(47.,2.25,15.5));
#14916=CARTESIAN_POINT('',(47.,2.5,25.5000000000001));
#14917=CARTESIAN_POINT('',(47.,1.99999999999999,27.0000000000001));
#14918=CARTESIAN_POINT('',(47.,2.5,25.5000000000001));
#14919=CARTESIAN_POINT('Origin',(47.,2.50000000000002,15.5));
#14920=CARTESIAN_POINT('Origin',(47.,1.99999999999999,15.5));
#14921=CARTESIAN_POINT('Origin',(47.,0.750000000000003,15.5));
#14922=CARTESIAN_POINT('',(47.,0.999999999999998,27.0000000000001));
#14923=CARTESIAN_POINT('',(47.,0.500000000000009,25.5000000000001));
#14924=CARTESIAN_POINT('',(47.,0.999999999999998,27.0000000000001));
#14925=CARTESIAN_POINT('Origin',(47.,0.999999999999997,15.5));
#14926=CARTESIAN_POINT('Origin',(47.,0.499999999999987,15.5));
#14927=CARTESIAN_POINT('Origin',(47.,1.5,15.5));
#14928=CARTESIAN_POINT('',(47.,1.99999999999999,27.0000000000001));
#14929=CARTESIAN_POINT('Origin',(33.,2.5,25.5000000000001));
#14930=CARTESIAN_POINT('',(19.,1.99999999999999,27.0000000000001));
#14931=CARTESIAN_POINT('',(40.,2.50000000000002,25.5));
#14932=CARTESIAN_POINT('Origin',(33.,0.999999999999998,27.0000000000001));
#14933=CARTESIAN_POINT('',(40.,0.499999999999988,25.5));
#14934=CARTESIAN_POINT('',(33.,0.999999999999998,27.0000000000001));
#14935=CARTESIAN_POINT('Origin',(33.,1.99999999999999,27.0000000000001));
#14936=CARTESIAN_POINT('Origin',(9.,0.,15.5));
#14937=CARTESIAN_POINT('',(9.,3.,15.5));
#14938=CARTESIAN_POINT('',(9.,3.,8.5));
#14939=CARTESIAN_POINT('',(9.,0.,15.5));
#14940=CARTESIAN_POINT('Origin',(9.,0.,15.5));
#14941=CARTESIAN_POINT('',(9.,0.,15.5));
#14942=CARTESIAN_POINT('Origin',(19.,0.,15.5));
#14943=CARTESIAN_POINT('',(19.,3.,25.5));
#14944=CARTESIAN_POINT('Origin',(19.,3.,15.5));
#14945=CARTESIAN_POINT('',(19.,0.,25.5));
#14946=CARTESIAN_POINT('Origin',(19.,0.,15.5));
#14947=CARTESIAN_POINT('',(19.,0.,25.5));
#14948=CARTESIAN_POINT('Origin',(47.,0.,25.5));
#14949=CARTESIAN_POINT('',(47.,3.,25.5));
#14950=CARTESIAN_POINT('',(19.,3.,25.5));
#14951=CARTESIAN_POINT('',(47.,0.,25.5));
#14952=CARTESIAN_POINT('Origin',(47.,0.,25.5));
#14953=CARTESIAN_POINT('',(47.,0.,25.5));
#14954=CARTESIAN_POINT('Origin',(47.,0.,15.5));
#14955=CARTESIAN_POINT('',(57.,3.,15.5));
#14956=CARTESIAN_POINT('Origin',(47.,3.,15.5));
#14957=CARTESIAN_POINT('',(57.,0.,15.5));
#14958=CARTESIAN_POINT('Origin',(47.,0.,15.5));
#14959=CARTESIAN_POINT('',(57.,0.,15.5));
#14960=CARTESIAN_POINT('Origin',(57.,0.,12.));
#14961=CARTESIAN_POINT('',(57.,3.,15.5));
#14962=CARTESIAN_POINT('Origin',(57.,0.,12.));
#14963=CARTESIAN_POINT('',(57.,0.,12.));
#14964=CARTESIAN_POINT('Origin',(66.,0.,12.));
#14965=CARTESIAN_POINT('',(64.15,88.4,12.));
#14966=CARTESIAN_POINT('Origin',(62.4,88.4,12.));
#14967=CARTESIAN_POINT('',(64.15,3.59999999999999,12.));
#14968=CARTESIAN_POINT('Origin',(62.4,3.59999999999999,12.));
#14969=CARTESIAN_POINT('Origin',(8.6,88.3999999473546,12.));
#14970=CARTESIAN_POINT('',(8.6,88.3999999473546,12.));
#14971=CARTESIAN_POINT('',(8.6,89.,15.75));
#14972=CARTESIAN_POINT('Origin',(3.6,88.4,12.));
#14973=CARTESIAN_POINT('',(3.6,83.4,12.));
#14974=CARTESIAN_POINT('Origin',(3.,83.4,12.));
#14975=CARTESIAN_POINT('Origin',(3.6,88.4,12.));
#14976=CARTESIAN_POINT('',(5.35,88.4,12.));
#14977=CARTESIAN_POINT('Origin',(63.,8.59999999999999,12.));
#14978=CARTESIAN_POINT('',(63.,8.6,20.));
#14979=CARTESIAN_POINT('',(62.4,8.6,22.8354893757516));
#14980=CARTESIAN_POINT('Origin',(56.,8.59999999999999,20.));
#14981=CARTESIAN_POINT('',(63.,8.59999999999999,12.));
#14982=CARTESIAN_POINT('',(62.4,8.59999999999999,12.));
#14983=CARTESIAN_POINT('Origin',(62.4,3.59999999999999,12.));
#14984=CARTESIAN_POINT('',(64.15,3.59999999999999,12.));
#14985=CARTESIAN_POINT('Origin',(57.4,3.60000019533862,12.));
#14986=CARTESIAN_POINT('',(57.4,3.60000019533862,26.8585712797929));
#14987=CARTESIAN_POINT('',(57.4,3.,26.8585712797929));
#14988=CARTESIAN_POINT('',(57.4,0.,26.8585712797929));
#14989=CARTESIAN_POINT('',(57.4,3.60000019533862,12.));
#14990=CARTESIAN_POINT('',(57.4,3.,15.75));
#14991=CARTESIAN_POINT('Origin',(62.4,3.59999999999999,12.));
#14992=CARTESIAN_POINT('Ctrl Pts',(62.4,8.59999999999999,22.8354893757516));
#14993=CARTESIAN_POINT('Ctrl Pts',(62.015648030074,8.59999999999999,23.70301250194));
#14994=CARTESIAN_POINT('Ctrl Pts',(61.4478064750278,8.55442713057198,24.4824941347773));
#14995=CARTESIAN_POINT('Ctrl Pts',(60.547693700251,8.25245413804072,25.3337146966717));
#14996=CARTESIAN_POINT('Ctrl Pts',(60.2469945491062,8.12593000598024,25.5763759124346));
#14997=CARTESIAN_POINT('Ctrl Pts',(59.6446924138732,7.78661629981437,25.9874157182696));
#14998=CARTESIAN_POINT('Ctrl Pts',(59.3441033029738,7.57276814024224,26.1564045538446));
#14999=CARTESIAN_POINT('Ctrl Pts',(58.5974540953356,6.91093435489744,26.5227442971087));
#15000=CARTESIAN_POINT('Ctrl Pts',(58.151590716079,6.33307512684193,26.6683581341388));
#15001=CARTESIAN_POINT('Ctrl Pts',(57.5529532299616,5.02296615911605,26.8326179102885));
#15002=CARTESIAN_POINT('Ctrl Pts',(57.4000000270241,4.29172504889572,26.8585712742766));
#15003=CARTESIAN_POINT('Ctrl Pts',(57.4,3.60000019533862,26.8585712797929));
#15004=CARTESIAN_POINT('Origin',(63.,0.,12.));
#15005=CARTESIAN_POINT('',(63.,83.4,20.));
#15006=CARTESIAN_POINT('',(63.,0.,20.));
#15007=CARTESIAN_POINT('',(63.,83.4,12.));
#15008=CARTESIAN_POINT('',(63.,24.4612477375853,12.9438001468302));
#15009=CARTESIAN_POINT('Origin',(56.,0.,20.));
#15010=CARTESIAN_POINT('Origin',(56.,3.,20.));
#15011=CARTESIAN_POINT('',(57.4,89.,26.8585712797929));
#15012=CARTESIAN_POINT('Origin',(56.,89.,20.));
#15013=CARTESIAN_POINT('',(57.4,88.4,26.8585712797929));
#15014=CARTESIAN_POINT('',(57.4,0.,26.8585712797929));
#15015=CARTESIAN_POINT('',(62.4,83.4,22.8354893757516));
#15016=CARTESIAN_POINT('Ctrl Pts',(57.4,88.4,26.8585712797929));
#15017=CARTESIAN_POINT('Ctrl Pts',(57.4,87.7082751464429,26.8585712797929));
#15018=CARTESIAN_POINT('Ctrl Pts',(57.5529532299616,86.9770338408839,26.8326179102885));
#15019=CARTESIAN_POINT('Ctrl Pts',(58.151590716079,85.6669248731581,26.6683581341388));
#15020=CARTESIAN_POINT('Ctrl Pts',(58.5974540953356,85.0890656451026,26.5227442971087));
#15021=CARTESIAN_POINT('Ctrl Pts',(59.3441033029738,84.4272318597578,26.1564045538446));
#15022=CARTESIAN_POINT('Ctrl Pts',(59.6446924138732,84.2133837001857,25.9874157182696));
#15023=CARTESIAN_POINT('Ctrl Pts',(60.2469945491062,83.8740699940198,25.5763759124346));
#15024=CARTESIAN_POINT('Ctrl Pts',(60.547693700251,83.7475458619593,25.3337146966717));
#15025=CARTESIAN_POINT('Ctrl Pts',(61.4478064750278,83.445572869428,24.4824941347773));
#15026=CARTESIAN_POINT('Ctrl Pts',(62.015648030074,83.4,23.70301250194));
#15027=CARTESIAN_POINT('Ctrl Pts',(62.4,83.4,22.8354893757516));
#15028=CARTESIAN_POINT('Origin',(56.,83.4,20.));
#15029=CARTESIAN_POINT('Origin',(33.,3.,19.5));
#15030=CARTESIAN_POINT('',(8.6,3.,26.8585712797929));
#15031=CARTESIAN_POINT('',(8.6,3.,15.75));
#15032=CARTESIAN_POINT('Origin',(10.,3.,20.));
#15033=CARTESIAN_POINT('Origin',(8.6,3.,12.));
#15034=CARTESIAN_POINT('',(8.6,3.59999994735454,26.8585712797929));
#15035=CARTESIAN_POINT('',(8.6,0.,26.8585712797929));
#15036=CARTESIAN_POINT('',(8.6,3.59999994735454,12.));
#15037=CARTESIAN_POINT('Origin',(3.6,3.59999999999999,12.));
#15038=CARTESIAN_POINT('',(5.35,3.59999999999999,12.));
#15039=CARTESIAN_POINT('Origin',(3.6,8.59999999999999,12.));
#15040=CARTESIAN_POINT('',(3.6,8.59999999999999,22.8354893757516));
#15041=CARTESIAN_POINT('Origin',(10.,8.59999999999999,20.));
#15042=CARTESIAN_POINT('',(3.6,8.59999999999999,12.));
#15043=CARTESIAN_POINT('Origin',(3.6,3.59999999999999,12.));
#15044=CARTESIAN_POINT('Ctrl Pts',(8.6,3.59999999999999,26.8585712797929));
#15045=CARTESIAN_POINT('Ctrl Pts',(8.6,4.29172485355709,26.8585712797929));
#15046=CARTESIAN_POINT('Ctrl Pts',(8.44704677003844,5.02296615911605,26.8326179102885));
#15047=CARTESIAN_POINT('Ctrl Pts',(7.84840928392097,6.33307512684193,26.6683581341388));
#15048=CARTESIAN_POINT('Ctrl Pts',(7.4025459046644,6.91093435489744,26.5227442971087));
#15049=CARTESIAN_POINT('Ctrl Pts',(6.65589669702624,7.57276814024224,26.1564045538446));
#15050=CARTESIAN_POINT('Ctrl Pts',(6.3553075861268,7.78661629981436,25.9874157182696));
#15051=CARTESIAN_POINT('Ctrl Pts',(5.75300545089384,8.12593000598024,25.5763759124346));
#15052=CARTESIAN_POINT('Ctrl Pts',(5.45230629974898,8.25245413804072,25.3337146966717));
#15053=CARTESIAN_POINT('Ctrl Pts',(4.55219352497224,8.55442713057197,24.4824941347773));
#15054=CARTESIAN_POINT('Ctrl Pts',(3.98435196992597,8.59999999999999,23.7030125019401));
#15055=CARTESIAN_POINT('Ctrl Pts',(3.6,8.59999999999999,22.8354893757516));
#15056=CARTESIAN_POINT('Origin',(10.,0.,20.));
#15057=CARTESIAN_POINT('Origin',(62.4,83.4,12.));
#15058=CARTESIAN_POINT('',(62.4,83.4,12.));
#15059=CARTESIAN_POINT('Origin',(62.4,88.4,12.));
#15060=CARTESIAN_POINT('',(57.4,88.4,12.));
#15061=CARTESIAN_POINT('Origin',(57.4,89.,12.));
#15062=CARTESIAN_POINT('',(57.4,89.,15.75));
#15063=CARTESIAN_POINT('Origin',(62.4,88.4,12.));
#15064=CARTESIAN_POINT('',(64.15,88.4,12.));
#15065=CARTESIAN_POINT('Origin',(33.,89.,19.5));
#15066=CARTESIAN_POINT('Origin',(62.2447994126793,24.4612477375853,6.50999999999999));
#15067=CARTESIAN_POINT('',(62.2447994126793,24.4612477375853,6.50999999999999));
#15068=CARTESIAN_POINT('Origin',(60.7447994126793,21.9612477375853,6.50999999999999));
#15069=CARTESIAN_POINT('',(15.6279780175889,24.2942476971611,30.000453564778));
#15070=CARTESIAN_POINT('',(15.6279780175889,24.2942476971611,30.000453564778));
#15071=UNCERTAINTY_MEASURE_WITH_UNIT(LENGTH_MEASURE(0.01),#15079,
'DISTANCE_ACCURACY_VALUE',
'Maximum model space distance between geometric entities at asserted c
onnectivities');
#15072=UNCERTAINTY_MEASURE_WITH_UNIT(LENGTH_MEASURE(0.01),#15079,
'DISTANCE_ACCURACY_VALUE',
'Maximum model space distance between geometric entities at asserted c
onnectivities');
#15073=UNCERTAINTY_MEASURE_WITH_UNIT(LENGTH_MEASURE(0.01),#15079,
'DISTANCE_ACCURACY_VALUE',
'Maximum model space distance between geometric entities at asserted c
onnectivities');
#15074=UNCERTAINTY_MEASURE_WITH_UNIT(LENGTH_MEASURE(0.01),#15079,
'DISTANCE_ACCURACY_VALUE',
'Maximum model space distance between geometric entities at asserted c
onnectivities');
#15075=(
GEOMETRIC_REPRESENTATION_CONTEXT(3)
GLOBAL_UNCERTAINTY_ASSIGNED_CONTEXT((#15071))
GLOBAL_UNIT_ASSIGNED_CONTEXT((#15079,#15081,#15082))
REPRESENTATION_CONTEXT('','3D')
);
#15076=(
GEOMETRIC_REPRESENTATION_CONTEXT(3)
GLOBAL_UNCERTAINTY_ASSIGNED_CONTEXT((#15072))
GLOBAL_UNIT_ASSIGNED_CONTEXT((#15079,#15081,#15082))
REPRESENTATION_CONTEXT('','3D')
);
#15077=(
GEOMETRIC_REPRESENTATION_CONTEXT(3)
GLOBAL_UNCERTAINTY_ASSIGNED_CONTEXT((#15073))
GLOBAL_UNIT_ASSIGNED_CONTEXT((#15079,#15081,#15082))
REPRESENTATION_CONTEXT('','3D')
);
#15078=(
GEOMETRIC_REPRESENTATION_CONTEXT(3)
GLOBAL_UNCERTAINTY_ASSIGNED_CONTEXT((#15074))
GLOBAL_UNIT_ASSIGNED_CONTEXT((#15079,#15081,#15082))
REPRESENTATION_CONTEXT('','3D')
);
#15079=(
LENGTH_UNIT()
NAMED_UNIT(*)
SI_UNIT(.MILLI.,.METRE.)
);
#15080=(
LENGTH_UNIT()
NAMED_UNIT(*)
SI_UNIT($,.METRE.)
);
#15081=(
NAMED_UNIT(*)
PLANE_ANGLE_UNIT()
SI_UNIT($,.RADIAN.)
);
#15082=(
NAMED_UNIT(*)
SI_UNIT($,.STERADIAN.)
SOLID_ANGLE_UNIT()
);
#15083=SHAPE_DEFINITION_REPRESENTATION(#15086,#15091);
#15084=SHAPE_DEFINITION_REPRESENTATION(#15087,#15092);
#15085=SHAPE_DEFINITION_REPRESENTATION(#15088,#15093);
#15086=PRODUCT_DEFINITION_SHAPE('',$,#15095);
#15087=PRODUCT_DEFINITION_SHAPE('',$,#15096);
#15088=PRODUCT_DEFINITION_SHAPE('',$,#15097);
#15089=PRODUCT_DEFINITION_SHAPE($,$,#17);
#15090=PRODUCT_DEFINITION_SHAPE($,$,#18);
#15091=SHAPE_REPRESENTATION('',(#7734,#8270,#8271),#15075);
#15092=SHAPE_REPRESENTATION('',(#7735),#15076);
#15093=SHAPE_REPRESENTATION('',(#7764),#15077);
#15094=PRODUCT_DEFINITION_CONTEXT('part definition',#15105,'design');
#15095=PRODUCT_DEFINITION('2026-05-04-11-28-55-642','Lid',#15098,#15094);
#15096=PRODUCT_DEFINITION('2026-05-04-11-28-55-652','Teal inlay',#15099,
#15094);
#15097=PRODUCT_DEFINITION('2026-05-04-11-28-55-653','White inlay',#15100,
#15094);
#15098=PRODUCT_DEFINITION_FORMATION('',$,#15107);
#15099=PRODUCT_DEFINITION_FORMATION('',$,#15108);
#15100=PRODUCT_DEFINITION_FORMATION('',$,#15109);
#15101=PRODUCT_RELATED_PRODUCT_CATEGORY('Lid','Lid',(#15107));
#15102=PRODUCT_RELATED_PRODUCT_CATEGORY('Teal inlay','Teal inlay',(#15108));
#15103=PRODUCT_RELATED_PRODUCT_CATEGORY('White inlay','White inlay',(#15109));
#15104=APPLICATION_PROTOCOL_DEFINITION('international standard',
'automotive_design',2009,#15105);
#15105=APPLICATION_CONTEXT(
'Core Data for Automotive Mechanical Design Process');
#15106=PRODUCT_CONTEXT('part definition',#15105,'mechanical');
#15107=PRODUCT('2026-05-04-11-28-55-642','Lid',$,(#15106));
#15108=PRODUCT('2026-05-04-11-28-55-652','Teal inlay',$,(#15106));
#15109=PRODUCT('2026-05-04-11-28-55-653','White inlay',$,(#15106));
#15110=PRESENTATION_STYLE_ASSIGNMENT((#15111));
#15111=SURFACE_STYLE_USAGE(.BOTH.,#15112);
#15112=SURFACE_SIDE_STYLE('',(#15113));
#15113=SURFACE_STYLE_FILL_AREA(#15114);
#15114=FILL_AREA_STYLE('Steel - Satin',(#15115));
#15115=FILL_AREA_STYLE_COLOUR('Steel - Satin',#15116);
#15116=COLOUR_RGB('Steel - Satin',0.627450980392157,0.627450980392157,0.627450980392157);
ENDSEC;
END-ISO-10303-21;
