ISO-10303-21;
HEADER;
/* Generated by software containing ST-Developer
 * from STEP Tools, Inc. (www.steptools.com) 
 */

FILE_DESCRIPTION(
/* description */ (''),
/* implementation_level */ '2;1');

FILE_NAME(
/* name */ 'Lid bt2_5.step',
/* time_stamp */ '2026-07-28T12:03:19+08:00',
/* author */ (''),
/* organization */ (''),
/* preprocessor_version */ 'ST-DEVELOPER v20.1',
/* originating_system */ 'Autodesk Translation Framework v15.8.0.0',
/* authorisation */ '');

FILE_SCHEMA (('AUTOMOTIVE_DESIGN { 1 0 10303 214 3 1 1 }'));
ENDSEC;

DATA;
#10=MECHANICAL_DESIGN_GEOMETRIC_PRESENTATION_REPRESENTATION('',(#502,#503,
#504,#505,#506,#507,#508,#509,#510,#511,#512),#15174);
#11=ITEM_DEFINED_TRANSFORMATION($,$,#7748,#8393);
#12=ITEM_DEFINED_TRANSFORMATION($,$,#7777,#8394);
#13=ITEM_DEFINED_TRANSFORMATION($,$,#7792,#8395);
#14=(
REPRESENTATION_RELATIONSHIP($,$,#15191,#15190)
REPRESENTATION_RELATIONSHIP_WITH_TRANSFORMATION(#11)
SHAPE_REPRESENTATION_RELATIONSHIP()
);
#15=(
REPRESENTATION_RELATIONSHIP($,$,#15192,#15190)
REPRESENTATION_RELATIONSHIP_WITH_TRANSFORMATION(#12)
SHAPE_REPRESENTATION_RELATIONSHIP()
);
#16=(
REPRESENTATION_RELATIONSHIP($,$,#15193,#15190)
REPRESENTATION_RELATIONSHIP_WITH_TRANSFORMATION(#13)
SHAPE_REPRESENTATION_RELATIONSHIP()
);
#17=CONTEXT_DEPENDENT_SHAPE_REPRESENTATION(#14,#15187);
#18=CONTEXT_DEPENDENT_SHAPE_REPRESENTATION(#15,#15188);
#19=CONTEXT_DEPENDENT_SHAPE_REPRESENTATION(#16,#15189);
#20=NEXT_ASSEMBLY_USAGE_OCCURRENCE('Teal inlay:1','Teal inlay:1',
'Teal inlay:1',#15195,#15196,'Teal inlay:1');
#21=NEXT_ASSEMBLY_USAGE_OCCURRENCE('White inlay:1','White inlay:1',
'White inlay:1',#15195,#15197,'White inlay:1');
#22=NEXT_ASSEMBLY_USAGE_OCCURRENCE('Inlay backer:1','Inlay backer:1',
'Inlay backer:1',#15195,#15198,'Inlay backer:1');
#23=CONICAL_SURFACE('',#8025,3.15,0.785398163397455);
#24=CONICAL_SURFACE('',#8027,5.24999999999998,0.785398163397452);
#25=CONICAL_SURFACE('',#8030,5.25,0.785398163397452);
#26=CONICAL_SURFACE('',#8033,5.25,0.785398163397452);
#27=CONICAL_SURFACE('',#8036,1.25,0.785398163397453);
#28=CONICAL_SURFACE('',#8039,5.25,0.785398163397454);
#29=CONICAL_SURFACE('',#8042,5.25,0.785398163397453);
#30=CONICAL_SURFACE('',#8045,1.25,0.785398163397453);
#31=CONICAL_SURFACE('',#8048,5.25,0.785398163397452);
#32=CONICAL_SURFACE('',#8051,1.25,0.785398163397453);
#33=CONICAL_SURFACE('',#8054,5.25000000000438,0.785398163397453);
#34=CONICAL_SURFACE('',#8058,1.25,0.785398163397453);
#35=CONICAL_SURFACE('',#8061,5.25000000007431,0.785398163397454);
#36=CONICAL_SURFACE('',#8246,4.24999999999999,0.321750554396647);
#37=CONICAL_SURFACE('',#8248,2.74999999999999,0.321750554396647);
#38=CONICAL_SURFACE('',#8256,4.25,0.321750554396644);
#39=CONICAL_SURFACE('',#8258,2.75,0.321750554396642);
#40=CONICAL_SURFACE('',#8275,4.24999999999999,0.321750554396647);
#41=CONICAL_SURFACE('',#8278,2.74999999999999,0.321750554396647);
#42=CONICAL_SURFACE('',#8284,4.25,0.321750554396644);
#43=CONICAL_SURFACE('',#8287,2.75,0.321750554396642);
#44=CONICAL_SURFACE('',#8301,10.75,1.24904577239825);
#45=CONICAL_SURFACE('',#8304,10.75,1.24904577239826);
#46=CONICAL_SURFACE('',#8310,10.75,1.24904577239826);
#47=CONICAL_SURFACE('',#8313,10.75,1.24904577239825);
#48=CONICAL_SURFACE('',#8335,10.7500000000001,1.24904577239825);
#49=CONICAL_SURFACE('',#8338,10.7500000000001,1.24904577239826);
#50=CONICAL_SURFACE('',#8343,10.7500000000001,1.24904577239825);
#51=CONICAL_SURFACE('',#8346,10.7500000000001,1.24904577239826);
#52=ELLIPSE('',#7821,4.38634243989225,2.99999999999999);
#53=ELLIPSE('',#7823,4.52548339959389,3.19999999999999);
#54=ELLIPSE('',#7836,3.24717660087718,3.);
#55=ELLIPSE('',#7843,4.52548339959391,3.2);
#56=ELLIPSE('',#7844,4.38634243989226,3.);
#57=ELLIPSE('',#7858,4.52548339959391,3.2);
#58=ELLIPSE('',#7877,4.38634243989226,2.99999999999999);
#59=ELLIPSE('',#7887,3.24717660087719,3.);
#60=ELLIPSE('',#7890,3.24717660087718,3.);
#61=ELLIPSE('',#7897,4.52548339959389,3.19999999999999);
#62=ELLIPSE('',#7898,4.38634243989225,2.99999999999999);
#63=ELLIPSE('',#7908,3.24717660087718,3.);
#64=TOROIDAL_SURFACE('',#7818,3.19999999999999,0.2);
#65=TOROIDAL_SURFACE('',#7828,7.,3.);
#66=TOROIDAL_SURFACE('',#7845,3.2,0.2);
#67=TOROIDAL_SURFACE('',#7850,7.,3.);
#68=TOROIDAL_SURFACE('',#7883,3.2,0.2);
#69=TOROIDAL_SURFACE('',#7899,3.19999999999999,0.2);
#70=TOROIDAL_SURFACE('',#7912,7.,3.);
#71=TOROIDAL_SURFACE('',#7938,7.,3.);
#72=B_SPLINE_SURFACE_WITH_KNOTS('',3,3,((#11135,#11136,#11137,#11138),(#11139,
#11140,#11141,#11142),(#11143,#11144,#11145,#11146),(#11147,#11148,#11149,
#11150),(#11151,#11152,#11153,#11154),(#11155,#11156,#11157,#11158)),
 .UNSPECIFIED.,.F.,.F.,.F.,(4,1,1,4),(4,4),(0.,0.5,0.785714285714286,1.),
(3.56803645576191,3.73904917232693),.UNSPECIFIED.);
#73=B_SPLINE_SURFACE_WITH_KNOTS('',3,3,((#11248,#11249,#11250,#11251),(#11252,
#11253,#11254,#11255),(#11256,#11257,#11258,#11259),(#11260,#11261,#11262,
#11263),(#11264,#11265,#11266,#11267)),.UNSPECIFIED.,.F.,.F.,.F.,(4,1,4),
(4,4),(0.,0.5,1.),(0.73654545734244,1.73707602847907),.UNSPECIFIED.);
#74=B_SPLINE_SURFACE_WITH_KNOTS('',3,3,((#11273,#11274,#11275,#11276,#11277,
#11278,#11279,#11280,#11281,#11282,#11283,#11284,#11285),(#11286,#11287,
#11288,#11289,#11290,#11291,#11292,#11293,#11294,#11295,#11296,#11297,#11298),
(#11299,#11300,#11301,#11302,#11303,#11304,#11305,#11306,#11307,#11308,
#11309,#11310,#11311),(#11312,#11313,#11314,#11315,#11316,#11317,#11318,
#11319,#11320,#11321,#11322,#11323,#11324),(#11325,#11326,#11327,#11328,
#11329,#11330,#11331,#11332,#11333,#11334,#11335,#11336,#11337),(#11338,
#11339,#11340,#11341,#11342,#11343,#11344,#11345,#11346,#11347,#11348,#11349,
#11350),(#11351,#11352,#11353,#11354,#11355,#11356,#11357,#11358,#11359,
#11360,#11361,#11362,#11363)),.UNSPECIFIED.,.F.,.F.,.F.,(4,1,1,1,4),(4,
1,1,1,1,1,1,1,1,1,4),(0.,0.285714285714286,0.571428571428571,0.857142857142857,
1.),(0.,0.15970371610621,0.31940743221242,0.425876576283226,0.532345720354033,
0.585580292389436,0.638814864424839,0.665432150442541,0.692049436460243,
0.718666722477944,0.745284008495646),.UNSPECIFIED.);
#75=B_SPLINE_SURFACE_WITH_KNOTS('',3,3,((#11398,#11399,#11400,#11401,#11402,
#11403,#11404),(#11405,#11406,#11407,#11408,#11409,#11410,#11411),(#11412,
#11413,#11414,#11415,#11416,#11417,#11418),(#11419,#11420,#11421,#11422,
#11423,#11424,#11425),(#11426,#11427,#11428,#11429,#11430,#11431,#11432),
(#11433,#11434,#11435,#11436,#11437,#11438,#11439),(#11440,#11441,#11442,
#11443,#11444,#11445,#11446)),.UNSPECIFIED.,.F.,.F.,.F.,(4,1,1,1,4),(4,
1,1,1,4),(0.,0.285714285714286,0.571428571428571,0.857142857142857,1.),
(0.,0.135136305959818,0.270272611919636,0.405408917879454,0.472977070859363),
 .UNSPECIFIED.);
#76=B_SPLINE_SURFACE_WITH_KNOTS('',3,3,((#11464,#11465,#11466,#11467,#11468),
(#11469,#11470,#11471,#11472,#11473),(#11474,#11475,#11476,#11477,#11478),
(#11479,#11480,#11481,#11482,#11483),(#11484,#11485,#11486,#11487,#11488),
(#11489,#11490,#11491,#11492,#11493),(#11494,#11495,#11496,#11497,#11498)),
 .UNSPECIFIED.,.F.,.F.,.F.,(4,1,1,1,4),(4,1,4),(0.,0.285714285714286,0.571428571428571,
0.857142857142857,1.),(0.,0.07875745016229,0.18376738371201),
 .UNSPECIFIED.);
#77=B_SPLINE_SURFACE_WITH_KNOTS('',3,3,((#11512,#11513,#11514,#11515,#11516,
#11517,#11518),(#11519,#11520,#11521,#11522,#11523,#11524,#11525),(#11526,
#11527,#11528,#11529,#11530,#11531,#11532),(#11533,#11534,#11535,#11536,
#11537,#11538,#11539),(#11540,#11541,#11542,#11543,#11544,#11545,#11546),
(#11547,#11548,#11549,#11550,#11551,#11552,#11553),(#11554,#11555,#11556,
#11557,#11558,#11559,#11560)),.UNSPECIFIED.,.F.,.F.,.F.,(4,1,1,1,4),(4,
1,1,1,4),(0.,0.285714285714286,0.571428571428571,0.857142857142857,1.),
(1.4913092771676E-14,0.213911632729311,0.267389540911635,0.320867449093959,
0.374345357276283),.UNSPECIFIED.);
#78=B_SPLINE_SURFACE_WITH_KNOTS('',3,3,((#11578,#11579,#11580,#11581),(#11582,
#11583,#11584,#11585),(#11586,#11587,#11588,#11589),(#11590,#11591,#11592,
#11593),(#11594,#11595,#11596,#11597)),.UNSPECIFIED.,.F.,.F.,.F.,(4,1,4),
(4,4),(0.,0.571428571428571,1.),(0.,0.0352083623267247),.UNSPECIFIED.);
#79=B_SPLINE_SURFACE_WITH_KNOTS('',3,3,((#11614,#11615,#11616,#11617,#11618),
(#11619,#11620,#11621,#11622,#11623),(#11624,#11625,#11626,#11627,#11628),
(#11629,#11630,#11631,#11632,#11633)),.UNSPECIFIED.,.F.,.F.,.F.,(4,4),(4,
1,4),(0.623928044325318,1.),(-0.173754421079393,-0.099288240616796,2.37495475283058E-16),
 .UNSPECIFIED.);
#80=B_SPLINE_SURFACE_WITH_KNOTS('',3,3,((#11641,#11642,#11643,#11644,#11645,
#11646,#11647,#11648),(#11649,#11650,#11651,#11652,#11653,#11654,#11655,
#11656),(#11657,#11658,#11659,#11660,#11661,#11662,#11663,#11664),(#11665,
#11666,#11667,#11668,#11669,#11670,#11671,#11672)),.UNSPECIFIED.,.F.,.F.,
 .F.,(4,4),(4,1,1,1,1,4),(0.371147959825682,1.),(-2.99454191213217,-2.85100641597358,
-2.75531608520118,-2.73139350250808,-2.70747091981498,-2.65962575442878),
 .UNSPECIFIED.);
#81=B_SPLINE_SURFACE_WITH_KNOTS('',3,3,((#11694,#11695,#11696,#11697),(#11698,
#11699,#11700,#11701),(#11702,#11703,#11704,#11705),(#11706,#11707,#11708,
#11709),(#11710,#11711,#11712,#11713)),.UNSPECIFIED.,.F.,.F.,.F.,(4,1,4),
(4,4),(0.,0.571428571428571,1.),(0.103750064799942,0.138958427126659),
 .UNSPECIFIED.);
#82=B_SPLINE_SURFACE_WITH_KNOTS('',3,3,((#11758,#11759,#11760,#11761,#11762,
#11763,#11764),(#11765,#11766,#11767,#11768,#11769,#11770,#11771),(#11772,
#11773,#11774,#11775,#11776,#11777,#11778),(#11779,#11780,#11781,#11782,
#11783,#11784,#11785),(#11786,#11787,#11788,#11789,#11790,#11791,#11792),
(#11793,#11794,#11795,#11796,#11797,#11798,#11799),(#11800,#11801,#11802,
#11803,#11804,#11805,#11806)),.UNSPECIFIED.,.F.,.F.,.F.,(4,1,1,1,4),(4,
1,1,1,4),(0.,0.285714285714286,0.571428571428571,0.857142857142857,1.),
(0.,0.053476612576484,0.106953225152968,0.160429837729452,0.374336288035388),
 .UNSPECIFIED.);
#83=B_SPLINE_SURFACE_WITH_KNOTS('',3,3,((#11824,#11825,#11826,#11827,#11828,
#11829),(#11830,#11831,#11832,#11833,#11834,#11835),(#11836,#11837,#11838,
#11839,#11840,#11841),(#11842,#11843,#11844,#11845,#11846,#11847),(#11848,
#11849,#11850,#11851,#11852,#11853),(#11854,#11855,#11856,#11857,#11858,
#11859),(#11860,#11861,#11862,#11863,#11864,#11865)),.UNSPECIFIED.,.F.,
 .F.,.F.,(4,1,1,1,4),(4,1,1,4),(0.,0.285714285714286,0.571428571428571,
0.857142857142857,1.),(0.,0.0787753951590261,0.131292325265044,0.183809255371061),
 .UNSPECIFIED.);
#84=B_SPLINE_SURFACE_WITH_KNOTS('',3,3,((#11881,#11882,#11883,#11884,#11885,
#11886,#11887),(#11888,#11889,#11890,#11891,#11892,#11893,#11894),(#11895,
#11896,#11897,#11898,#11899,#11900,#11901),(#11902,#11903,#11904,#11905,
#11906,#11907,#11908),(#11909,#11910,#11911,#11912,#11913,#11914,#11915),
(#11916,#11917,#11918,#11919,#11920,#11921,#11922),(#11923,#11924,#11925,
#11926,#11927,#11928,#11929)),.UNSPECIFIED.,.F.,.F.,.F.,(4,1,1,1,4),(4,
1,1,1,4),(0.,0.285714285714286,0.571428571428571,0.857142857142857,1.),
(0.,0.0675683648166186,0.135136729633237,0.270273459266474,0.47297855371633),
 .UNSPECIFIED.);
#85=B_SPLINE_SURFACE_WITH_KNOTS('',3,3,((#11947,#11948,#11949,#11950,#11951,
#11952,#11953,#11954,#11955,#11956,#11957,#11958),(#11959,#11960,#11961,
#11962,#11963,#11964,#11965,#11966,#11967,#11968,#11969,#11970),(#11971,
#11972,#11973,#11974,#11975,#11976,#11977,#11978,#11979,#11980,#11981,#11982),
(#11983,#11984,#11985,#11986,#11987,#11988,#11989,#11990,#11991,#11992,
#11993,#11994),(#11995,#11996,#11997,#11998,#11999,#12000,#12001,#12002,
#12003,#12004,#12005,#12006),(#12007,#12008,#12009,#12010,#12011,#12012,
#12013,#12014,#12015,#12016,#12017,#12018),(#12019,#12020,#12021,#12022,
#12023,#12024,#12025,#12026,#12027,#12028,#12029,#12030)),.UNSPECIFIED.,
 .F.,.F.,.F.,(4,1,1,1,4),(4,1,1,1,1,1,1,1,1,4),(0.,0.285714285714286,0.571428571428571,
0.857142857142857,1.),(0.,0.0266169503633989,0.0532339007267977,0.0798508510901966,
0.106467801453595,0.159701702180393,0.212935602907191,0.319403404360786,
0.532339007267977,0.745274610175168),.UNSPECIFIED.);
#86=B_SPLINE_SURFACE_WITH_KNOTS('',3,3,((#12058,#12059,#12060,#12061),(#12062,
#12063,#12064,#12065),(#12066,#12067,#12068,#12069),(#12070,#12071,#12072,
#12073),(#12074,#12075,#12076,#12077)),.UNSPECIFIED.,.F.,.F.,.F.,(4,1,4),
(4,4),(0.,0.5,1.),(4.54610927869873,5.54663984983714),.UNSPECIFIED.);
#87=B_SPLINE_SURFACE_WITH_KNOTS('',3,3,((#12121,#12122,#12123,#12124),(#12125,
#12126,#12127,#12128),(#12129,#12130,#12131,#12132),(#12133,#12134,#12135,
#12136),(#12137,#12138,#12139,#12140)),.UNSPECIFIED.,.F.,.F.,.F.,(4,1,4),
(4,4),(0.,0.5,1.),(3.73904909735036,3.91006181428237),.UNSPECIFIED.);
#88=B_SPLINE_SURFACE_WITH_KNOTS('',3,3,((#12284,#12285,#12286,#12287),(#12288,
#12289,#12290,#12291),(#12292,#12293,#12294,#12295),(#12296,#12297,#12298,
#12299),(#12300,#12301,#12302,#12303),(#12304,#12305,#12306,#12307)),
 .UNSPECIFIED.,.F.,.F.,.F.,(4,1,1,4),(4,4),(0.,0.5,0.785714285714286,1.),
(3.56803645576191,3.73904917232694),.UNSPECIFIED.);
#89=B_SPLINE_SURFACE_WITH_KNOTS('',3,3,((#12360,#12361,#12362,#12363),(#12364,
#12365,#12366,#12367),(#12368,#12369,#12370,#12371),(#12372,#12373,#12374,
#12375),(#12376,#12377,#12378,#12379)),.UNSPECIFIED.,.F.,.F.,.F.,(4,1,4),
(4,4),(0.,0.5,1.),(0.736545457342444,1.73707602847907),.UNSPECIFIED.);
#90=B_SPLINE_SURFACE_WITH_KNOTS('',3,3,((#12406,#12407,#12408,#12409,#12410,
#12411,#12412,#12413,#12414,#12415,#12416,#12417,#12418),(#12419,#12420,
#12421,#12422,#12423,#12424,#12425,#12426,#12427,#12428,#12429,#12430,#12431),
(#12432,#12433,#12434,#12435,#12436,#12437,#12438,#12439,#12440,#12441,
#12442,#12443,#12444),(#12445,#12446,#12447,#12448,#12449,#12450,#12451,
#12452,#12453,#12454,#12455,#12456,#12457),(#12458,#12459,#12460,#12461,
#12462,#12463,#12464,#12465,#12466,#12467,#12468,#12469,#12470),(#12471,
#12472,#12473,#12474,#12475,#12476,#12477,#12478,#12479,#12480,#12481,#12482,
#12483),(#12484,#12485,#12486,#12487,#12488,#12489,#12490,#12491,#12492,
#12493,#12494,#12495,#12496)),.UNSPECIFIED.,.F.,.F.,.F.,(4,1,1,1,4),(4,
1,1,1,1,1,1,1,1,1,4),(0.,0.285714285714286,0.571428571428571,0.857142857142857,
1.),(3.43501268538038E-16,0.159703778475545,0.319407556951089,0.425876742601452,
0.532345928251815,0.585580521076997,0.638815113902178,0.665432410314769,
0.69204970672736,0.71866700313995,0.745284299552541),.UNSPECIFIED.);
#91=B_SPLINE_SURFACE_WITH_KNOTS('',3,3,((#12512,#12513,#12514,#12515,#12516,
#12517,#12518),(#12519,#12520,#12521,#12522,#12523,#12524,#12525),(#12526,
#12527,#12528,#12529,#12530,#12531,#12532),(#12533,#12534,#12535,#12536,
#12537,#12538,#12539),(#12540,#12541,#12542,#12543,#12544,#12545,#12546),
(#12547,#12548,#12549,#12550,#12551,#12552,#12553),(#12554,#12555,#12556,
#12557,#12558,#12559,#12560)),.UNSPECIFIED.,.F.,.F.,.F.,(4,1,1,1,4),(4,
1,1,1,4),(0.,0.285714285714286,0.571428571428571,0.857142857142857,1.),
(8.51356963063543E-16,0.135136305959821,0.27027261191964,0.40540891787946,
0.47297707085937),.UNSPECIFIED.);
#92=B_SPLINE_SURFACE_WITH_KNOTS('',3,3,((#12578,#12579,#12580,#12581,#12582,
#12583),(#12584,#12585,#12586,#12587,#12588,#12589),(#12590,#12591,#12592,
#12593,#12594,#12595),(#12596,#12597,#12598,#12599,#12600,#12601),(#12602,
#12603,#12604,#12605,#12606,#12607),(#12608,#12609,#12610,#12611,#12612,
#12613),(#12614,#12615,#12616,#12617,#12618,#12619)),.UNSPECIFIED.,.F.,
 .F.,.F.,(4,1,1,1,4),(4,1,1,4),(0.,0.285714285714286,0.571428571428571,
0.857142857142857,1.),(1.11362257754344E-14,0.0525049667950305,0.10500993359005,
0.183767383782579),.UNSPECIFIED.);
#93=B_SPLINE_SURFACE_WITH_KNOTS('',3,3,((#12635,#12636,#12637,#12638,#12639,
#12640,#12641),(#12642,#12643,#12644,#12645,#12646,#12647,#12648),(#12649,
#12650,#12651,#12652,#12653,#12654,#12655),(#12656,#12657,#12658,#12659,
#12660,#12661,#12662),(#12663,#12664,#12665,#12666,#12667,#12668,#12669),
(#12670,#12671,#12672,#12673,#12674,#12675,#12676),(#12677,#12678,#12679,
#12680,#12681,#12682,#12683)),.UNSPECIFIED.,.F.,.F.,.F.,(4,1,1,1,4),(4,
1,1,1,4),(0.,0.285714285714286,0.571428571428571,0.857142857142857,1.),
(1.46803775029692E-14,0.160433724813064,0.267389541355096,0.320867449626113,
0.374345357897129),.UNSPECIFIED.);
#94=B_SPLINE_SURFACE_WITH_KNOTS('',3,3,((#12701,#12702,#12703,#12704),(#12705,
#12706,#12707,#12708),(#12709,#12710,#12711,#12712),(#12713,#12714,#12715,
#12716),(#12717,#12718,#12719,#12720)),.UNSPECIFIED.,.F.,.F.,.F.,(4,1,4),
(4,4),(0.,0.571428571428571,1.),(8.48819456893476E-16,0.0352083623267203),
 .UNSPECIFIED.);
#95=B_SPLINE_SURFACE_WITH_KNOTS('',3,3,((#12766,#12767,#12768,#12769),(#12770,
#12771,#12772,#12773),(#12774,#12775,#12776,#12777),(#12778,#12779,#12780,
#12781),(#12782,#12783,#12784,#12785)),.UNSPECIFIED.,.F.,.F.,.F.,(4,1,4),
(4,4),(0.,0.571428571428571,1.),(0.103750064799938,0.138958427126661),
 .UNSPECIFIED.);
#96=B_SPLINE_SURFACE_WITH_KNOTS('',3,3,((#12830,#12831,#12832,#12833,#12834,
#12835),(#12836,#12837,#12838,#12839,#12840,#12841),(#12842,#12843,#12844,
#12845,#12846,#12847),(#12848,#12849,#12850,#12851,#12852,#12853),(#12854,
#12855,#12856,#12857,#12858,#12859),(#12860,#12861,#12862,#12863,#12864,
#12865),(#12866,#12867,#12868,#12869,#12870,#12871)),.UNSPECIFIED.,.F.,
 .F.,.F.,(4,1,1,1,4),(4,1,1,4),(0.,0.285714285714286,0.571428571428571,
0.857142857142857,1.),(0.,0.0534766125764839,0.160429837729452,0.374336288035387),
 .UNSPECIFIED.);
#97=B_SPLINE_SURFACE_WITH_KNOTS('',3,3,((#12887,#12888,#12889,#12890,#12891,
#12892),(#12893,#12894,#12895,#12896,#12897,#12898),(#12899,#12900,#12901,
#12902,#12903,#12904),(#12905,#12906,#12907,#12908,#12909,#12910),(#12911,
#12912,#12913,#12914,#12915,#12916),(#12917,#12918,#12919,#12920,#12921,
#12922),(#12923,#12924,#12925,#12926,#12927,#12928)),.UNSPECIFIED.,.F.,
 .F.,.F.,(4,1,1,1,4),(4,1,1,4),(0.,0.285714285714286,0.571428571428571,
0.857142857142857,1.),(0.,0.0787753949874638,0.131292324979106,0.183809254970749),
 .UNSPECIFIED.);
#98=B_SPLINE_SURFACE_WITH_KNOTS('',3,3,((#12944,#12945,#12946,#12947,#12948,
#12949,#12950),(#12951,#12952,#12953,#12954,#12955,#12956,#12957),(#12958,
#12959,#12960,#12961,#12962,#12963,#12964),(#12965,#12966,#12967,#12968,
#12969,#12970,#12971),(#12972,#12973,#12974,#12975,#12976,#12977,#12978),
(#12979,#12980,#12981,#12982,#12983,#12984,#12985),(#12986,#12987,#12988,
#12989,#12990,#12991,#12992)),.UNSPECIFIED.,.F.,.F.,.F.,(4,1,1,1,4),(4,
1,1,1,4),(0.,0.285714285714286,0.571428571428571,0.857142857142857,1.),
(0.,0.0675683648166174,0.202705094449852,0.337841824083087,0.472978553716322),
 .UNSPECIFIED.);
#99=B_SPLINE_SURFACE_WITH_KNOTS('',3,3,((#13010,#13011,#13012,#13013,#13014,
#13015,#13016,#13017,#13018,#13019,#13020,#13021,#13022),(#13023,#13024,
#13025,#13026,#13027,#13028,#13029,#13030,#13031,#13032,#13033,#13034,#13035),
(#13036,#13037,#13038,#13039,#13040,#13041,#13042,#13043,#13044,#13045,
#13046,#13047,#13048),(#13049,#13050,#13051,#13052,#13053,#13054,#13055,
#13056,#13057,#13058,#13059,#13060,#13061),(#13062,#13063,#13064,#13065,
#13066,#13067,#13068,#13069,#13070,#13071,#13072,#13073,#13074),(#13075,
#13076,#13077,#13078,#13079,#13080,#13081,#13082,#13083,#13084,#13085,#13086,
#13087),(#13088,#13089,#13090,#13091,#13092,#13093,#13094,#13095,#13096,
#13097,#13098,#13099,#13100)),.UNSPECIFIED.,.F.,.F.,.F.,(4,1,1,1,4),(4,
1,1,1,1,1,1,1,1,1,4),(0.,0.285714285714286,0.571428571428571,0.857142857142857,
1.),(1.22441902941041E-15,0.0266169497696429,0.0532338995392846,0.0798508493089262,
0.106467799078568,0.159701698617851,0.212935598157135,0.266169497696418,
0.319403397235701,0.532338995392835,0.745274593549968),.UNSPECIFIED.);
#100=B_SPLINE_SURFACE_WITH_KNOTS('',3,3,((#13135,#13136,#13137,#13138),
(#13139,#13140,#13141,#13142),(#13143,#13144,#13145,#13146),(#13147,#13148,
#13149,#13150),(#13151,#13152,#13153,#13154)),.UNSPECIFIED.,.F.,.F.,.F.,
(4,1,4),(4,4),(0.,0.5,1.),(4.54610927869873,5.54663984983715),
 .UNSPECIFIED.);
#101=B_SPLINE_SURFACE_WITH_KNOTS('',3,3,((#13193,#13194,#13195,#13196),
(#13197,#13198,#13199,#13200),(#13201,#13202,#13203,#13204),(#13205,#13206,
#13207,#13208),(#13209,#13210,#13211,#13212),(#13213,#13214,#13215,#13216)),
 .UNSPECIFIED.,.F.,.F.,.F.,(4,1,1,4),(4,4),(0.,0.5,0.785714285714286,1.),
(3.73904909735035,3.91006181428237),.UNSPECIFIED.);
#102=B_SPLINE_SURFACE_WITH_KNOTS('',3,3,((#13247,#13248,#13249,#13250,#13251,
#13252,#13253,#13254,#13255),(#13256,#13257,#13258,#13259,#13260,#13261,
#13262,#13263,#13264),(#13265,#13266,#13267,#13268,#13269,#13270,#13271,
#13272,#13273),(#13274,#13275,#13276,#13277,#13278,#13279,#13280,#13281,
#13282)),.UNSPECIFIED.,.F.,.F.,.F.,(4,4),(4,1,1,1,1,1,4),(0.371270890646369,
1.),(-3.32869358359719,-3.3047923811706,-3.280891178744,-3.25698997631741,
-3.18528636903764,-3.08968155933127,-2.9940767496249),.UNSPECIFIED.);
#103=B_SPLINE_SURFACE_WITH_KNOTS('',3,3,((#13300,#13301,#13302,#13303,#13304),
(#13305,#13306,#13307,#13308,#13309),(#13310,#13311,#13312,#13313,#13314),
(#13315,#13316,#13317,#13318,#13319)),.UNSPECIFIED.,.F.,.F.,.F.,(4,4),(4,
1,4),(0.623928044325321,1.),(-1.41878124807103,-1.34431394224823,-1.24502420115116),
 .UNSPECIFIED.);
#104=B_SPLINE_SURFACE_WITH_KNOTS('',3,3,((#13325,#13326,#13327,#13328,#13329,
#13330,#13331,#13332,#13333),(#13334,#13335,#13336,#13337,#13338,#13339,
#13340,#13341,#13342),(#13343,#13344,#13345,#13346,#13347,#13348,#13349,
#13350,#13351),(#13352,#13353,#13354,#13355,#13356,#13357,#13358,#13359,
#13360)),.UNSPECIFIED.,.F.,.F.,.F.,(4,4),(4,1,1,1,1,1,4),(0.371270890646381,
1.),(-3.32869358359718,-3.30479238117059,-3.280891178744,-3.25698997631741,
-3.18528636903763,-3.08968155933127,-2.9940767496249),.UNSPECIFIED.);
#105=B_SPLINE_SURFACE_WITH_KNOTS('',3,3,((#13369,#13370,#13371,#13372,#13373),
(#13374,#13375,#13376,#13377,#13378),(#13379,#13380,#13381,#13382,#13383),
(#13384,#13385,#13386,#13387,#13388)),.UNSPECIFIED.,.F.,.F.,.F.,(4,4),(4,
1,4),(0.623928044325319,1.),(-1.41877902922576,-1.31948924636698,-1.2450219092229),
 .UNSPECIFIED.);
#106=B_SPLINE_SURFACE_WITH_KNOTS('',3,3,((#13402,#13403,#13404,#13405,#13406),
(#13407,#13408,#13409,#13410,#13411),(#13412,#13413,#13414,#13415,#13416),
(#13417,#13418,#13419,#13420,#13421)),.UNSPECIFIED.,.F.,.F.,.F.,(4,4),(4,
1,4),(0.623928044325326,1.),(-0.173704887710872,-0.0744449518760876,1.13214020160848E-15),
 .UNSPECIFIED.);
#107=B_SPLINE_SURFACE_WITH_KNOTS('',3,3,((#13431,#13432,#13433,#13434,#13435,
#13436,#13437,#13438),(#13439,#13440,#13441,#13442,#13443,#13444,#13445,
#13446),(#13447,#13448,#13449,#13450,#13451,#13452,#13453,#13454),(#13455,
#13456,#13457,#13458,#13459,#13460,#13461,#13462)),.UNSPECIFIED.,.F.,.F.,
 .F.,(4,4),(4,1,1,1,1,4),(0.371147851313386,1.),(-3.3288193400655,-3.18541001390018,
-3.08980379645664,-3.06590224209575,-3.04200068773487,-2.9941975790131),
 .UNSPECIFIED.);
#108=B_SPLINE_SURFACE_WITH_KNOTS('',3,3,((#13926,#13927,#13928,#13929,#13930,
#13931,#13932),(#13933,#13934,#13935,#13936,#13937,#13938,#13939),(#13940,
#13941,#13942,#13943,#13944,#13945,#13946),(#13947,#13948,#13949,#13950,
#13951,#13952,#13953)),.UNSPECIFIED.,.F.,.F.,.F.,(4,4),(4,1,1,1,4),(0.,
1.),(-3.58743381600256E-16,0.174088690318023,0.261133035477035,0.435221725795059,
0.609310416113083),.UNSPECIFIED.);
#109=B_SPLINE_SURFACE_WITH_KNOTS('',3,1,((#13967,#13968),(#13969,#13970),
(#13971,#13972),(#13973,#13974),(#13975,#13976),(#13977,#13978),(#13979,
#13980),(#13981,#13982),(#13983,#13984),(#13985,#13986),(#13987,#13988),
(#13989,#13990),(#13991,#13992),(#13993,#13994),(#13995,#13996)),
 .UNSPECIFIED.,.F.,.F.,.F.,(4,2,2,3,2,2,4),(2,2),(-0.292339695538776,-0.201139117502664,
-0.100569558751332,0.,0.100569558751331,0.201139117502663,0.292339695537365),
(-0.800358105012691,0.8),.UNSPECIFIED.);
#110=CYLINDRICAL_SURFACE('',#7811,1.);
#111=CYLINDRICAL_SURFACE('',#7814,1.);
#112=CYLINDRICAL_SURFACE('',#7835,3.);
#113=CYLINDRICAL_SURFACE('',#7837,2.99999999999999);
#114=CYLINDRICAL_SURFACE('',#7855,10.);
#115=CYLINDRICAL_SURFACE('',#7875,3.);
#116=CYLINDRICAL_SURFACE('',#7886,3.);
#117=CYLINDRICAL_SURFACE('',#7889,3.);
#118=CYLINDRICAL_SURFACE('',#7891,3.);
#119=CYLINDRICAL_SURFACE('',#7903,3.);
#120=CYLINDRICAL_SURFACE('',#7905,2.99999999999999);
#121=CYLINDRICAL_SURFACE('',#7906,3.);
#122=CYLINDRICAL_SURFACE('',#7918,10.);
#123=CYLINDRICAL_SURFACE('',#7919,3.);
#124=CYLINDRICAL_SURFACE('',#7920,3.);
#125=CYLINDRICAL_SURFACE('',#7925,3.);
#126=CYLINDRICAL_SURFACE('',#7932,3.);
#127=CYLINDRICAL_SURFACE('',#7935,3.);
#128=CYLINDRICAL_SURFACE('',#7983,3.75);
#129=CYLINDRICAL_SURFACE('',#7986,7.);
#130=CYLINDRICAL_SURFACE('',#7993,1.);
#131=CYLINDRICAL_SURFACE('',#7996,3.75);
#132=CYLINDRICAL_SURFACE('',#8000,1.);
#133=CYLINDRICAL_SURFACE('',#8003,3.75);
#134=CYLINDRICAL_SURFACE('',#8007,3.75);
#135=CYLINDRICAL_SURFACE('',#8011,1.);
#136=CYLINDRICAL_SURFACE('',#8014,3.75);
#137=CYLINDRICAL_SURFACE('',#8018,1.);
#138=CYLINDRICAL_SURFACE('',#8021,3.75);
#139=CYLINDRICAL_SURFACE('',#8064,4.75);
#140=CYLINDRICAL_SURFACE('',#8067,1.75);
#141=CYLINDRICAL_SURFACE('',#8070,4.75);
#142=CYLINDRICAL_SURFACE('',#8073,4.75);
#143=CYLINDRICAL_SURFACE('',#8076,1.75);
#144=CYLINDRICAL_SURFACE('',#8079,4.75);
#145=CYLINDRICAL_SURFACE('',#8082,4.7500000000743);
#146=CYLINDRICAL_SURFACE('',#8085,1.75);
#147=CYLINDRICAL_SURFACE('',#8088,4.74999999999998);
#148=CYLINDRICAL_SURFACE('',#8091,4.75000000000438);
#149=CYLINDRICAL_SURFACE('',#8094,1.75);
#150=CYLINDRICAL_SURFACE('',#8097,4.75);
#151=CYLINDRICAL_SURFACE('',#8099,2.65);
#152=CYLINDRICAL_SURFACE('',#8110,4.05);
#153=CYLINDRICAL_SURFACE('',#8112,4.65);
#154=CYLINDRICAL_SURFACE('',#8114,5.75);
#155=CYLINDRICAL_SURFACE('',#8118,0.75);
#156=CYLINDRICAL_SURFACE('',#8122,5.75);
#157=CYLINDRICAL_SURFACE('',#8126,5.75);
#158=CYLINDRICAL_SURFACE('',#8130,0.750000000000001);
#159=CYLINDRICAL_SURFACE('',#8134,5.75);
#160=CYLINDRICAL_SURFACE('',#8139,5.75);
#161=CYLINDRICAL_SURFACE('',#8143,0.75);
#162=CYLINDRICAL_SURFACE('',#8147,5.75);
#163=CYLINDRICAL_SURFACE('',#8151,5.75);
#164=CYLINDRICAL_SURFACE('',#8155,0.75);
#165=CYLINDRICAL_SURFACE('',#8159,5.75);
#166=CYLINDRICAL_SURFACE('',#8176,6.5);
#167=CYLINDRICAL_SURFACE('',#8178,1.17536644076359);
#168=CYLINDRICAL_SURFACE('',#8180,6.50000000000001);
#169=CYLINDRICAL_SURFACE('',#8183,6.50000000000001);
#170=CYLINDRICAL_SURFACE('',#8185,1.17536644076358);
#171=CYLINDRICAL_SURFACE('',#8187,6.5);
#172=CYLINDRICAL_SURFACE('',#8190,6.5);
#173=CYLINDRICAL_SURFACE('',#8192,1.17536644076359);
#174=CYLINDRICAL_SURFACE('',#8194,6.5);
#175=CYLINDRICAL_SURFACE('',#8197,6.50000000000001);
#176=CYLINDRICAL_SURFACE('',#8199,1.17536644076359);
#177=CYLINDRICAL_SURFACE('',#8201,6.5);
#178=CYLINDRICAL_SURFACE('',#8207,3.95);
#179=CYLINDRICAL_SURFACE('',#8209,3.95);
#180=CYLINDRICAL_SURFACE('',#8219,3.95);
#181=CYLINDRICAL_SURFACE('',#8224,3.95);
#182=CYLINDRICAL_SURFACE('',#8227,3.95);
#183=CYLINDRICAL_SURFACE('',#8236,3.95);
#184=CYLINDRICAL_SURFACE('',#8307,11.5);
#185=CYLINDRICAL_SURFACE('',#8316,11.5);
#186=CYLINDRICAL_SURFACE('',#8322,10.);
#187=CYLINDRICAL_SURFACE('',#8324,10.);
#188=CYLINDRICAL_SURFACE('',#8327,10.);
#189=CYLINDRICAL_SURFACE('',#8329,10.);
#190=CYLINDRICAL_SURFACE('',#8341,11.5000000000001);
#191=CYLINDRICAL_SURFACE('',#8349,11.5000000000001);
#192=CYLINDRICAL_SURFACE('',#8355,10.);
#193=CYLINDRICAL_SURFACE('',#8357,10.);
#194=CYLINDRICAL_SURFACE('',#8360,10.);
#195=CYLINDRICAL_SURFACE('',#8362,10.);
#196=CYLINDRICAL_SURFACE('',#8369,5.);
#197=CYLINDRICAL_SURFACE('',#8372,1.45);
#198=CYLINDRICAL_SURFACE('',#8375,1.44999999999999);
#199=CYLINDRICAL_SURFACE('',#8377,5.);
#200=CYLINDRICAL_SURFACE('',#8382,1.45);
#201=CYLINDRICAL_SURFACE('',#8385,5.);
#202=CYLINDRICAL_SURFACE('',#8386,7.);
#203=CYLINDRICAL_SURFACE('',#8389,5.);
#204=CYLINDRICAL_SURFACE('',#8391,1.44999999999999);
#205=CIRCLE('',#7800,2.99999999999999);
#206=CIRCLE('',#7801,1.44999999999999);
#207=CIRCLE('',#7803,2.99999999999999);
#208=CIRCLE('',#7804,1.44999999999999);
#209=CIRCLE('',#7806,3.);
#210=CIRCLE('',#7807,1.45);
#211=CIRCLE('',#7809,3.);
#212=CIRCLE('',#7810,1.45);
#213=CIRCLE('',#7812,1.);
#214=CIRCLE('',#7813,1.);
#215=CIRCLE('',#7815,1.);
#216=CIRCLE('',#7816,1.);
#217=CIRCLE('',#7817,0.2);
#218=CIRCLE('',#7819,3.19999999999999);
#219=CIRCLE('',#7820,2.99999999999999);
#220=CIRCLE('',#7822,0.200000000000001);
#221=CIRCLE('',#7824,0.19999999999999);
#222=CIRCLE('',#7825,0.2);
#223=CIRCLE('',#7826,0.199999999999999);
#224=CIRCLE('',#7827,0.2);
#225=CIRCLE('',#7829,3.);
#226=CIRCLE('',#7830,7.);
#227=CIRCLE('',#7831,3.);
#228=CIRCLE('',#7832,10.);
#229=CIRCLE('',#7833,3.);
#230=CIRCLE('',#7834,3.);
#231=CIRCLE('',#7838,0.2);
#232=CIRCLE('',#7839,0.2);
#233=CIRCLE('',#7840,0.200000000000002);
#234=CIRCLE('',#7841,0.2);
#235=CIRCLE('',#7842,0.199999999999999);
#236=CIRCLE('',#7846,3.);
#237=CIRCLE('',#7847,3.);
#238=CIRCLE('',#7848,0.200000000000001);
#239=CIRCLE('',#7849,3.2);
#240=CIRCLE('',#7851,10.);
#241=CIRCLE('',#7852,3.);
#242=CIRCLE('',#7853,7.);
#243=CIRCLE('',#7854,3.);
#244=CIRCLE('',#7856,10.);
#245=CIRCLE('',#7860,3.19999999999999);
#246=CIRCLE('',#7861,3.2);
#247=CIRCLE('',#7862,5.75);
#248=CIRCLE('',#7863,0.750000000000001);
#249=CIRCLE('',#7864,5.75);
#250=CIRCLE('',#7865,5.74999999999999);
#251=CIRCLE('',#7866,0.750000000000001);
#252=CIRCLE('',#7867,5.75);
#253=CIRCLE('',#7868,5.75);
#254=CIRCLE('',#7869,0.750000000000001);
#255=CIRCLE('',#7870,5.75000000000438);
#256=CIRCLE('',#7871,5.74999999999998);
#257=CIRCLE('',#7872,0.749999999999997);
#258=CIRCLE('',#7873,5.75000000007431);
#259=CIRCLE('',#7874,3.65);
#260=CIRCLE('',#7876,0.200000000000003);
#261=CIRCLE('',#7878,0.199999999999995);
#262=CIRCLE('',#7879,0.199999999999997);
#263=CIRCLE('',#7880,0.200000000000015);
#264=CIRCLE('',#7881,0.200000000000001);
#265=CIRCLE('',#7882,0.199999999999994);
#266=CIRCLE('',#7884,3.);
#267=CIRCLE('',#7885,3.);
#268=CIRCLE('',#7888,3.00000000000001);
#269=CIRCLE('',#7892,0.199999999999989);
#270=CIRCLE('',#7893,0.200000000000001);
#271=CIRCLE('',#7894,0.200000000000006);
#272=CIRCLE('',#7895,0.199999999999996);
#273=CIRCLE('',#7896,0.200000000000002);
#274=CIRCLE('',#7900,2.99999999999999);
#275=CIRCLE('',#7901,0.200000000000008);
#276=CIRCLE('',#7904,3.00000000000001);
#277=CIRCLE('',#7907,3.);
#278=CIRCLE('',#7909,3.);
#279=CIRCLE('',#7910,3.00000000000001);
#280=CIRCLE('',#7911,3.00000000000001);
#281=CIRCLE('',#7913,10.);
#282=CIRCLE('',#7914,3.);
#283=CIRCLE('',#7915,7.);
#284=CIRCLE('',#7916,3.00000000000001);
#285=CIRCLE('',#7917,3.);
#286=CIRCLE('',#7921,3.);
#287=CIRCLE('',#7923,10.);
#288=CIRCLE('',#7924,10.);
#289=CIRCLE('',#7926,3.);
#290=CIRCLE('',#7929,10.);
#291=CIRCLE('',#7930,10.);
#292=CIRCLE('',#7931,7.);
#293=CIRCLE('',#7933,3.);
#294=CIRCLE('',#7936,3.);
#295=CIRCLE('',#7937,3.);
#296=CIRCLE('',#7940,2.49999999999998);
#297=CIRCLE('',#7941,2.5);
#298=CIRCLE('',#7942,1.45);
#299=CIRCLE('',#7943,1.45);
#300=CIRCLE('',#7957,3.75);
#301=CIRCLE('',#7958,3.95);
#302=CIRCLE('',#7959,3.95);
#303=CIRCLE('',#7960,3.75);
#304=CIRCLE('',#7961,3.75);
#305=CIRCLE('',#7962,3.75);
#306=CIRCLE('',#7963,3.95);
#307=CIRCLE('',#7964,3.95);
#308=CIRCLE('',#7965,3.95);
#309=CIRCLE('',#7966,3.95);
#310=CIRCLE('',#7967,3.75);
#311=CIRCLE('',#7968,3.75);
#312=CIRCLE('',#7984,3.75);
#313=CIRCLE('',#7987,7.);
#314=CIRCLE('',#7988,7.);
#315=CIRCLE('',#7989,7.);
#316=CIRCLE('',#7990,7.);
#317=CIRCLE('',#7991,7.);
#318=CIRCLE('',#7992,7.);
#319=CIRCLE('',#7994,1.);
#320=CIRCLE('',#7995,1.);
#321=CIRCLE('',#7997,3.75);
#322=CIRCLE('',#8001,1.);
#323=CIRCLE('',#8002,1.);
#324=CIRCLE('',#8004,3.75);
#325=CIRCLE('',#8008,3.75);
#326=CIRCLE('',#8012,1.);
#327=CIRCLE('',#8013,1.);
#328=CIRCLE('',#8015,3.75);
#329=CIRCLE('',#8019,1.);
#330=CIRCLE('',#8020,1.);
#331=CIRCLE('',#8022,3.75);
#332=CIRCLE('',#8026,2.65);
#333=CIRCLE('',#8028,4.74999999999998);
#334=CIRCLE('',#8031,4.75);
#335=CIRCLE('',#8034,4.75);
#336=CIRCLE('',#8037,1.75);
#337=CIRCLE('',#8040,4.75);
#338=CIRCLE('',#8043,4.75);
#339=CIRCLE('',#8046,1.75);
#340=CIRCLE('',#8049,4.75);
#341=CIRCLE('',#8052,1.75);
#342=CIRCLE('',#8055,4.75000000000438);
#343=CIRCLE('',#8059,1.75);
#344=CIRCLE('',#8062,4.7500000000743);
#345=CIRCLE('',#8065,4.75);
#346=CIRCLE('',#8068,1.75);
#347=CIRCLE('',#8071,4.75);
#348=CIRCLE('',#8074,4.75);
#349=CIRCLE('',#8077,1.75);
#350=CIRCLE('',#8080,4.75);
#351=CIRCLE('',#8083,4.7500000000743);
#352=CIRCLE('',#8086,1.75);
#353=CIRCLE('',#8089,4.74999999999998);
#354=CIRCLE('',#8092,4.75000000000438);
#355=CIRCLE('',#8095,1.75);
#356=CIRCLE('',#8098,4.75);
#357=CIRCLE('',#8100,2.65);
#358=CIRCLE('',#8105,4.05);
#359=CIRCLE('',#8106,4.65);
#360=CIRCLE('',#8108,4.05);
#361=CIRCLE('',#8113,4.65);
#362=CIRCLE('',#8115,5.75);
#363=CIRCLE('',#8116,5.75);
#364=CIRCLE('',#8119,0.75);
#365=CIRCLE('',#8120,0.75);
#366=CIRCLE('',#8123,5.75);
#367=CIRCLE('',#8124,5.75);
#368=CIRCLE('',#8127,5.75);
#369=CIRCLE('',#8128,5.75);
#370=CIRCLE('',#8131,0.750000000000001);
#371=CIRCLE('',#8132,0.750000000000001);
#372=CIRCLE('',#8135,5.75);
#373=CIRCLE('',#8136,5.75);
#374=CIRCLE('',#8140,5.75);
#375=CIRCLE('',#8141,5.75);
#376=CIRCLE('',#8144,0.75);
#377=CIRCLE('',#8145,0.75);
#378=CIRCLE('',#8148,5.75);
#379=CIRCLE('',#8149,5.75);
#380=CIRCLE('',#8152,5.75);
#381=CIRCLE('',#8153,5.75);
#382=CIRCLE('',#8156,0.75);
#383=CIRCLE('',#8157,0.75);
#384=CIRCLE('',#8160,5.75);
#385=CIRCLE('',#8161,5.75);
#386=CIRCLE('',#8163,6.5);
#387=CIRCLE('',#8164,6.5);
#388=CIRCLE('',#8165,1.17536644076359);
#389=CIRCLE('',#8166,6.50000000000001);
#390=CIRCLE('',#8167,6.50000000000001);
#391=CIRCLE('',#8168,1.17536644076358);
#392=CIRCLE('',#8169,6.5);
#393=CIRCLE('',#8170,6.5);
#394=CIRCLE('',#8171,1.17536644076359);
#395=CIRCLE('',#8172,6.5);
#396=CIRCLE('',#8173,6.50000000000001);
#397=CIRCLE('',#8174,1.17536644076359);
#398=CIRCLE('',#8177,6.5);
#399=CIRCLE('',#8179,1.17536644076359);
#400=CIRCLE('',#8181,6.49999999999999);
#401=CIRCLE('',#8184,6.50000000000001);
#402=CIRCLE('',#8186,1.17536644076358);
#403=CIRCLE('',#8188,6.5);
#404=CIRCLE('',#8191,6.5);
#405=CIRCLE('',#8193,1.17536644076359);
#406=CIRCLE('',#8195,6.49999999999999);
#407=CIRCLE('',#8198,6.5);
#408=CIRCLE('',#8200,1.17536644076358);
#409=CIRCLE('',#8202,6.5);
#410=CIRCLE('',#8208,3.95);
#411=CIRCLE('',#8210,3.95);
#412=CIRCLE('',#8220,3.95);
#413=CIRCLE('',#8225,3.95);
#414=CIRCLE('',#8228,3.95);
#415=CIRCLE('',#8231,3.95);
#416=CIRCLE('',#8240,2.99999999999999);
#417=CIRCLE('',#8241,3.);
#418=CIRCLE('',#8242,4.);
#419=CIRCLE('',#8243,3.99999999999999);
#420=CIRCLE('',#8247,4.49999999999999);
#421=CIRCLE('',#8249,2.49999999999998);
#422=CIRCLE('',#8257,4.5);
#423=CIRCLE('',#8259,2.5);
#424=CIRCLE('',#8267,5.);
#425=CIRCLE('',#8268,5.);
#426=CIRCLE('',#8276,3.99999999999999);
#427=CIRCLE('',#8277,4.49999999999999);
#428=CIRCLE('',#8279,2.99999999999999);
#429=CIRCLE('',#8285,4.5);
#430=CIRCLE('',#8286,4.);
#431=CIRCLE('',#8288,3.);
#432=CIRCLE('',#8296,5.);
#433=CIRCLE('',#8297,5.);
#434=CIRCLE('',#8302,10.);
#435=CIRCLE('',#8303,11.5);
#436=CIRCLE('',#8305,11.5);
#437=CIRCLE('',#8306,10.);
#438=CIRCLE('',#8311,10.);
#439=CIRCLE('',#8312,11.5);
#440=CIRCLE('',#8314,11.5);
#441=CIRCLE('',#8315,10.);
#442=CIRCLE('',#8323,10.);
#443=CIRCLE('',#8328,10.);
#444=CIRCLE('',#8336,10.);
#445=CIRCLE('',#8337,11.5000000000001);
#446=CIRCLE('',#8339,11.5000000000001);
#447=CIRCLE('',#8340,10.);
#448=CIRCLE('',#8344,10.);
#449=CIRCLE('',#8345,11.5000000000001);
#450=CIRCLE('',#8347,11.5000000000001);
#451=CIRCLE('',#8348,10.);
#452=CIRCLE('',#8356,10.);
#453=CIRCLE('',#8361,10.);
#454=CIRCLE('',#8366,1.44999999999999);
#455=CIRCLE('',#8367,1.44999999999999);
#456=CIRCLE('',#8371,7.);
#457=CIRCLE('',#8380,7.);
#458=CIRCLE('',#8384,7.);
#459=CIRCLE('',#8387,7.);
#460=FACE_BOUND('',#1161,.T.);
#461=FACE_BOUND('',#1174,.T.);
#462=FACE_BOUND('',#1176,.T.);
#463=FACE_BOUND('',#1187,.T.);
#464=FACE_BOUND('',#1201,.T.);
#465=FACE_BOUND('',#1203,.T.);
#466=FACE_BOUND('',#1205,.T.);
#467=FACE_BOUND('',#1207,.T.);
#468=FACE_BOUND('',#1235,.T.);
#469=FACE_BOUND('',#1236,.T.);
#470=FACE_BOUND('',#1237,.T.);
#471=FACE_BOUND('',#1281,.T.);
#472=FACE_BOUND('',#1282,.T.);
#473=FACE_BOUND('',#1288,.T.);
#474=FACE_BOUND('',#1297,.T.);
#475=FACE_BOUND('',#1298,.T.);
#476=FACE_BOUND('',#1299,.T.);
#477=FACE_BOUND('',#1300,.T.);
#478=FACE_BOUND('',#1301,.T.);
#479=FACE_BOUND('',#1302,.T.);
#480=FACE_BOUND('',#1306,.T.);
#481=FACE_BOUND('',#1320,.T.);
#482=FACE_BOUND('',#1325,.T.);
#483=FACE_BOUND('',#1330,.T.);
#484=FACE_BOUND('',#1334,.T.);
#485=FACE_BOUND('',#1339,.T.);
#486=FACE_BOUND('',#1344,.T.);
#487=FACE_BOUND('',#1403,.T.);
#488=FACE_BOUND('',#1433,.T.);
#489=FACE_BOUND('',#1451,.T.);
#490=FACE_BOUND('',#1460,.T.);
#491=FACE_BOUND('',#1475,.T.);
#492=FACE_BOUND('',#1572,.T.);
#493=FACE_BOUND('',#1573,.T.);
#494=SHAPE_REPRESENTATION_RELATIONSHIP('SRR','None',#15191,#498);
#495=SHAPE_REPRESENTATION_RELATIONSHIP('SRR','None',#15192,#499);
#496=SHAPE_REPRESENTATION_RELATIONSHIP('SRR','None',#15193,#500);
#497=SHAPE_REPRESENTATION_RELATIONSHIP('SRR','None',#15190,#501);
#498=ADVANCED_BREP_SHAPE_REPRESENTATION('',(#513,#514,#515,#516,#517,#518),
#15171);
#499=ADVANCED_BREP_SHAPE_REPRESENTATION('',(#519,#520,#521),#15172);
#500=ADVANCED_BREP_SHAPE_REPRESENTATION('',(#522),#15173);
#501=ADVANCED_BREP_SHAPE_REPRESENTATION('',(#523),#15170);
#502=STYLED_ITEM('',(#15214),#513);
#503=STYLED_ITEM('',(#15214),#514);
#504=STYLED_ITEM('',(#15214),#515);
#505=STYLED_ITEM('',(#15214),#516);
#506=STYLED_ITEM('',(#15214),#517);
#507=STYLED_ITEM('',(#15214),#518);
#508=STYLED_ITEM('',(#15214),#519);
#509=STYLED_ITEM('',(#15214),#520);
#510=STYLED_ITEM('',(#15214),#521);
#511=STYLED_ITEM('',(#15214),#522);
#512=STYLED_ITEM('',(#15214),#523);
#513=MANIFOLD_SOLID_BREP('Body1',#7702);
#514=MANIFOLD_SOLID_BREP('Body4',#7703);
#515=MANIFOLD_SOLID_BREP('Body2',#7704);
#516=MANIFOLD_SOLID_BREP('Body6',#7705);
#517=MANIFOLD_SOLID_BREP('Body5',#7706);
#518=MANIFOLD_SOLID_BREP('Body3',#7707);
#519=MANIFOLD_SOLID_BREP('Body1',#7708);
#520=MANIFOLD_SOLID_BREP('Body2',#7709);
#521=MANIFOLD_SOLID_BREP('Body3',#7710);
#522=MANIFOLD_SOLID_BREP('Body1',#7711);
#523=MANIFOLD_SOLID_BREP('Body1',#7712);
#524=B_SPLINE_CURVE_WITH_KNOTS('',3,(#10413,#10414,#10415,#10416),
 .UNSPECIFIED.,.F.,.F.,(4,4),(-0.247235946579924,0.),.UNSPECIFIED.);
#525=B_SPLINE_CURVE_WITH_KNOTS('',3,(#10440,#10441,#10442,#10443),
 .UNSPECIFIED.,.F.,.F.,(4,4),(-0.197692550744873,0.),.UNSPECIFIED.);
#526=B_SPLINE_CURVE_WITH_KNOTS('',3,(#10453,#10454,#10455,#10456),
 .UNSPECIFIED.,.F.,.F.,(4,4),(-0.197712636146235,0.),.UNSPECIFIED.);
#527=B_SPLINE_CURVE_WITH_KNOTS('',3,(#10533,#10534,#10535,#10536),
 .UNSPECIFIED.,.F.,.F.,(4,4),(-0.197658533978268,0.),.UNSPECIFIED.);
#528=B_SPLINE_CURVE_WITH_KNOTS('',3,(#10552,#10553,#10554,#10555),
 .UNSPECIFIED.,.F.,.F.,(4,4),(-0.19768948654944,0.),.UNSPECIFIED.);
#529=B_SPLINE_CURVE_WITH_KNOTS('',3,(#10566,#10567,#10568,#10569),
 .UNSPECIFIED.,.F.,.F.,(4,4),(-0.197668528693403,0.),.UNSPECIFIED.);
#530=B_SPLINE_CURVE_WITH_KNOTS('',3,(#10583,#10584,#10585,#10586),
 .UNSPECIFIED.,.F.,.F.,(4,4),(-0.197694641396215,0.),.UNSPECIFIED.);
#531=B_SPLINE_CURVE_WITH_KNOTS('',3,(#10595,#10596,#10597,#10598),
 .UNSPECIFIED.,.F.,.F.,(4,4),(-0.0550051110560415,0.),.UNSPECIFIED.);
#532=B_SPLINE_CURVE_WITH_KNOTS('',3,(#10630,#10631,#10632,#10633),
 .UNSPECIFIED.,.F.,.F.,(4,4),(-0.197668528693402,0.),.UNSPECIFIED.);
#533=B_SPLINE_CURVE_WITH_KNOTS('',3,(#10637,#10638,#10639,#10640),
 .UNSPECIFIED.,.F.,.F.,(4,4),(-0.19769464139621,0.),.UNSPECIFIED.);
#534=B_SPLINE_CURVE_WITH_KNOTS('',3,(#10642,#10643,#10644,#10645),
 .UNSPECIFIED.,.F.,.F.,(4,4),(-0.197689486549441,0.),.UNSPECIFIED.);
#535=B_SPLINE_CURVE_WITH_KNOTS('',3,(#10648,#10649,#10650,#10651),
 .UNSPECIFIED.,.F.,.F.,(4,4),(-0.197658533978276,0.),.UNSPECIFIED.);
#536=B_SPLINE_CURVE_WITH_KNOTS('',3,(#10789,#10790,#10791,#10792),
 .UNSPECIFIED.,.F.,.F.,(4,4),(-0.160509914166444,0.),.UNSPECIFIED.);
#537=B_SPLINE_CURVE_WITH_KNOTS('',3,(#10804,#10805,#10806,#10807),
 .UNSPECIFIED.,.F.,.F.,(4,4),(-0.16051542517756,0.),.UNSPECIFIED.);
#538=B_SPLINE_CURVE_WITH_KNOTS('',3,(#10818,#10819,#10820,#10821),
 .UNSPECIFIED.,.F.,.F.,(4,4),(-0.338419530206983,0.),.UNSPECIFIED.);
#539=B_SPLINE_CURVE_WITH_KNOTS('',3,(#10832,#10833,#10834,#10835),
 .UNSPECIFIED.,.F.,.F.,(4,4),(-0.423527551485746,0.),.UNSPECIFIED.);
#540=B_SPLINE_CURVE_WITH_KNOTS('',3,(#10846,#10847,#10848,#10849),
 .UNSPECIFIED.,.F.,.F.,(4,4),(-0.423521282229325,0.),.UNSPECIFIED.);
#541=B_SPLINE_CURVE_WITH_KNOTS('',3,(#10859,#10860,#10861,#10862),
 .UNSPECIFIED.,.F.,.F.,(4,4),(-0.33774176912751,0.),.UNSPECIFIED.);
#542=B_SPLINE_CURVE_WITH_KNOTS('',3,(#10872,#10873,#10874,#10875),
 .UNSPECIFIED.,.F.,.F.,(4,4),(-0.160504269000702,0.),.UNSPECIFIED.);
#543=B_SPLINE_CURVE_WITH_KNOTS('',3,(#10885,#10886,#10887,#10888),
 .UNSPECIFIED.,.F.,.F.,(4,4),(-0.160510387737849,0.),.UNSPECIFIED.);
#544=B_SPLINE_CURVE_WITH_KNOTS('',3,(#10893,#10894,#10895,#10896),
 .UNSPECIFIED.,.F.,.F.,(4,4),(-0.423521114290141,0.),.UNSPECIFIED.);
#545=B_SPLINE_CURVE_WITH_KNOTS('',3,(#10898,#10899,#10900,#10901),
 .UNSPECIFIED.,.F.,.F.,(4,4),(-0.423536800151498,0.),.UNSPECIFIED.);
#546=B_SPLINE_CURVE_WITH_KNOTS('',3,(#10903,#10904,#10905,#10906),
 .UNSPECIFIED.,.F.,.F.,(4,4),(-0.282908085655129,0.),.UNSPECIFIED.);
#547=B_SPLINE_CURVE_WITH_KNOTS('',3,(#10909,#10910,#10911,#10912),
 .UNSPECIFIED.,.F.,.F.,(4,4),(-0.116318277494407,0.),.UNSPECIFIED.);
#548=B_SPLINE_CURVE_WITH_KNOTS('',3,(#10915,#10916,#10917,#10918),
 .UNSPECIFIED.,.F.,.F.,(4,4),(-0.160508095239668,0.),.UNSPECIFIED.);
#549=B_SPLINE_CURVE_WITH_KNOTS('',3,(#10920,#10921,#10922,#10923),
 .UNSPECIFIED.,.F.,.F.,(4,4),(-0.160490437367422,0.),.UNSPECIFIED.);
#550=B_SPLINE_CURVE_WITH_KNOTS('',3,(#10925,#10926,#10927,#10928),
 .UNSPECIFIED.,.F.,.F.,(4,4),(-0.160506157203202,0.),.UNSPECIFIED.);
#551=B_SPLINE_CURVE_WITH_KNOTS('',3,(#10929,#10930,#10931,#10932),
 .UNSPECIFIED.,.F.,.F.,(4,4),(-0.160523719911253,0.),.UNSPECIFIED.);
#552=B_SPLINE_CURVE_WITH_KNOTS('',3,(#11161,#11162,#11163,#11164),
 .UNSPECIFIED.,.F.,.F.,(4,4),(3.57742258173443,3.73904917232693),
 .UNSPECIFIED.);
#553=B_SPLINE_CURVE_WITH_KNOTS('',3,(#11168,#11169,#11170,#11171),
 .UNSPECIFIED.,.F.,.F.,(4,4),(-3.73904917232693,-3.56803645576191),
 .UNSPECIFIED.);
#554=B_SPLINE_CURVE_WITH_KNOTS('',3,(#11173,#11174,#11175,#11176,#11177,
#11178,#11179,#11180),.UNSPECIFIED.,.F.,.F.,(4,2,2,4),(0.,0.00719403956800929,
0.0123560241757335,0.0132701525665711),.UNSPECIFIED.);
#555=B_SPLINE_CURVE_WITH_KNOTS('',3,(#11181,#11182,#11183,#11184,#11185,
#11186,#11187,#11188,#11189,#11190,#11191,#11192,#11193,#11194,#11195,#11196,
#11197,#11198,#11199,#11200,#11201,#11202,#11203,#11204,#11205,#11206,#11207,
#11208,#11209,#11210,#11211),.UNSPECIFIED.,.F.,.F.,(4,3,3,3,3,3,3,3,3,3,
4),(0.,0.00400786449790777,0.0076366333036026,0.00912304792620509,0.013101217309678,
0.0154213922916081,0.0195018550231053,0.0218479105714864,0.0259336106760239,
0.0282782671310442,0.0284574645132959),.UNSPECIFIED.);
#556=B_SPLINE_CURVE_WITH_KNOTS('',3,(#11218,#11219,#11220,#11221,#11222,
#11223,#11224,#11225,#11226,#11227,#11228,#11229,#11230,#11231,#11232,#11233,
#11234,#11235,#11236,#11237,#11238,#11239),.UNSPECIFIED.,.F.,.F.,(4,3,3,
3,3,3,3,4),(-0.0212408898043462,-0.0211402207779896,-0.0169568032833963,
-0.0144172397750013,-0.0104798231684793,-0.00779407087638356,-0.00379930833459104,
0.),.UNSPECIFIED.);
#557=B_SPLINE_CURVE_WITH_KNOTS('',3,(#11240,#11241,#11242,#11243,#11244,
#11245,#11246,#11247),.UNSPECIFIED.,.F.,.F.,(4,2,2,4),(0.109657967139601,
0.112385137683682,0.116395911529106,0.121701624714503),.UNSPECIFIED.);
#558=B_SPLINE_CURVE_WITH_KNOTS('',3,(#11367,#11368,#11369,#11370,#11371,
#11372,#11373,#11374,#11375,#11376,#11377,#11378,#11379),.UNSPECIFIED.,
 .F.,.F.,(4,1,1,1,1,1,1,1,1,1,4),(-0.745284008495646,-0.718666722477944,
-0.692049436460243,-0.665432150442541,-0.638814864424839,-0.585580292389436,
-0.532345720354033,-0.425876576283226,-0.31940743221242,-0.15970371610621,
0.),.UNSPECIFIED.);
#559=B_SPLINE_CURVE_WITH_KNOTS('',3,(#11381,#11382,#11383,#11384,#11385,
#11386,#11387,#11388,#11389,#11390,#11391),.UNSPECIFIED.,.F.,.F.,(4,1,1,
1,1,1,1,1,4),(0.,0.15970371610621,0.31940743221242,0.425876576283226,0.532345720354033,
0.585580292389436,0.638814864424839,0.665432150442541,0.678318504531395),
 .UNSPECIFIED.);
#560=B_SPLINE_CURVE_WITH_KNOTS('',3,(#11392,#11393,#11394,#11395,#11396,
#11397),.UNSPECIFIED.,.F.,.F.,(4,1,1,4),(0.678318504531395,0.692049436460243,
0.718666722477944,0.745284008495646),.UNSPECIFIED.);
#561=B_SPLINE_CURVE_WITH_KNOTS('',3,(#11450,#11451,#11452,#11453,#11454,
#11455,#11456),.UNSPECIFIED.,.F.,.F.,(4,1,1,1,4),(-0.472977070859363,-0.405408917879454,
-0.270272611919636,-0.135136305959818,0.),.UNSPECIFIED.);
#562=B_SPLINE_CURVE_WITH_KNOTS('',3,(#11457,#11458,#11459,#11460,#11461,
#11462,#11463),.UNSPECIFIED.,.F.,.F.,(4,1,1,1,4),(0.,0.135136305959818,
0.270272611919636,0.405408917879454,0.472977070859363),.UNSPECIFIED.);
#563=B_SPLINE_CURVE_WITH_KNOTS('',3,(#11502,#11503,#11504,#11505,#11506),
 .UNSPECIFIED.,.F.,.F.,(4,1,4),(-0.18376738371201,-0.07875745016229,0.),
 .UNSPECIFIED.);
#564=B_SPLINE_CURVE_WITH_KNOTS('',3,(#11507,#11508,#11509,#11510,#11511),
 .UNSPECIFIED.,.F.,.F.,(4,1,4),(0.,0.07875745016229,0.18376738371201),
 .UNSPECIFIED.);
#565=B_SPLINE_CURVE_WITH_KNOTS('',3,(#11564,#11565,#11566,#11567,#11568,
#11569,#11570),.UNSPECIFIED.,.F.,.F.,(4,1,1,1,4),(-0.374345357276283,-0.320867449093959,
-0.267389540911635,-0.213911632729311,-1.4913092771676E-14),
 .UNSPECIFIED.);
#566=B_SPLINE_CURVE_WITH_KNOTS('',3,(#11571,#11572,#11573,#11574,#11575,
#11576,#11577),.UNSPECIFIED.,.F.,.F.,(4,1,1,1,4),(1.4913092771676E-14,0.213911632729311,
0.267389540911635,0.320867449093959,0.374345357276283),.UNSPECIFIED.);
#567=B_SPLINE_CURVE_WITH_KNOTS('',3,(#11598,#11599,#11600,#11601),
 .UNSPECIFIED.,.F.,.F.,(4,4),(-0.0352083623267247,0.),.UNSPECIFIED.);
#568=B_SPLINE_CURVE_WITH_KNOTS('',3,(#11602,#11603,#11604,#11605),
 .UNSPECIFIED.,.F.,.F.,(4,4),(0.,0.0305210689390114),.UNSPECIFIED.);
#569=B_SPLINE_CURVE_WITH_KNOTS('',3,(#11636,#11637,#11638,#11639,#11640),
 .UNSPECIFIED.,.F.,.F.,(4,1,4),(-2.37495475283058E-16,0.099288240616796,
0.173754421079393),.UNSPECIFIED.);
#570=B_SPLINE_CURVE_WITH_KNOTS('',3,(#11676,#11677,#11678,#11679,#11680,
#11681,#11682,#11683),.UNSPECIFIED.,.F.,.F.,(4,2,2,4),(-0.20419227639282,
-0.202988983806935,-0.132140174804237,0.),.UNSPECIFIED.);
#571=B_SPLINE_CURVE_WITH_KNOTS('',3,(#11684,#11685,#11686,#11687,#11688,
#11689),.UNSPECIFIED.,.F.,.F.,(4,1,1,4),(2.74319356010196,2.75531608520118,
2.85100641597358,2.99454191213217),.UNSPECIFIED.);
#572=B_SPLINE_CURVE_WITH_KNOTS('',3,(#11716,#11717,#11718,#11719),
 .UNSPECIFIED.,.F.,.F.,(4,4),(0.108437358187655,0.138958427126659),
 .UNSPECIFIED.);
#573=B_SPLINE_CURVE_WITH_KNOTS('',3,(#11723,#11724,#11725,#11726),
 .UNSPECIFIED.,.F.,.F.,(4,4),(-0.138958427126659,-0.103750064799942),
 .UNSPECIFIED.);
#574=B_SPLINE_CURVE_WITH_KNOTS('',3,(#11727,#11728,#11729,#11730,#11731,
#11732,#11733,#11734,#11735,#11736,#11737,#11738,#11739,#11740,#11741,#11742,
#11743,#11744,#11745,#11746,#11747,#11748,#11749,#11750,#11751,#11752,#11753,
#11754,#11755,#11756,#11757),.UNSPECIFIED.,.F.,.F.,(4,3,3,3,3,3,3,3,3,3,
4),(-0.000179374886691943,0.,0.00411592119343103,0.00643672616829606,0.0105124972376357,
0.0128696102548839,0.0162729933231291,0.0202843957257464,0.0206620804589641,
0.0246499901138861,0.0283062782523096),.UNSPECIFIED.);
#575=B_SPLINE_CURVE_WITH_KNOTS('',3,(#11810,#11811,#11812,#11813,#11814,
#11815,#11816),.UNSPECIFIED.,.F.,.F.,(4,1,1,1,4),(-0.374336288035388,-0.160429837729452,
-0.106953225152968,-0.053476612576484,0.),.UNSPECIFIED.);
#576=B_SPLINE_CURVE_WITH_KNOTS('',3,(#11817,#11818,#11819,#11820,#11821,
#11822,#11823),.UNSPECIFIED.,.F.,.F.,(4,1,1,1,4),(0.,0.053476612576484,
0.106953225152968,0.160429837729452,0.374336288035388),.UNSPECIFIED.);
#577=B_SPLINE_CURVE_WITH_KNOTS('',3,(#11869,#11870,#11871,#11872,#11873,
#11874),.UNSPECIFIED.,.F.,.F.,(4,1,1,4),(-0.183809255371061,-0.131292325265044,
-0.0787753951590261,0.),.UNSPECIFIED.);
#578=B_SPLINE_CURVE_WITH_KNOTS('',3,(#11875,#11876,#11877,#11878,#11879,
#11880),.UNSPECIFIED.,.F.,.F.,(4,1,1,4),(0.,0.0787753951590261,0.131292325265044,
0.183809255371061),.UNSPECIFIED.);
#579=B_SPLINE_CURVE_WITH_KNOTS('',3,(#11933,#11934,#11935,#11936,#11937,
#11938,#11939),.UNSPECIFIED.,.F.,.F.,(4,1,1,1,4),(-0.47297855371633,-0.270273459266474,
-0.135136729633237,-0.0675683648166186,0.),.UNSPECIFIED.);
#580=B_SPLINE_CURVE_WITH_KNOTS('',3,(#11940,#11941,#11942,#11943,#11944,
#11945,#11946),.UNSPECIFIED.,.F.,.F.,(4,1,1,1,4),(0.,0.0675683648166186,
0.135136729633237,0.270273459266474,0.47297855371633),.UNSPECIFIED.);
#581=B_SPLINE_CURVE_WITH_KNOTS('',3,(#12034,#12035,#12036,#12037,#12038,
#12039,#12040,#12041,#12042,#12043,#12044,#12045),.UNSPECIFIED.,.F.,.F.,
(4,1,1,1,1,1,1,1,1,4),(-0.745274610175168,-0.532339007267977,-0.319403404360786,
-0.212935602907191,-0.159701702180393,-0.106467801453595,-0.0798508510901966,
-0.0532339007267977,-0.0266169503633989,0.),.UNSPECIFIED.);
#582=B_SPLINE_CURVE_WITH_KNOTS('',3,(#12046,#12047,#12048,#12049,#12050,
#12051,#12052,#12053,#12054,#12055,#12056,#12057),.UNSPECIFIED.,.F.,.F.,
(4,1,1,1,1,1,1,1,1,4),(0.,0.0266169503633989,0.0532339007267977,0.0798508510901966,
0.106467801453595,0.159701702180393,0.212935602907191,0.319403404360786,
0.532339007267977,0.745274610175168),.UNSPECIFIED.);
#583=B_SPLINE_CURVE_WITH_KNOTS('',3,(#12082,#12083,#12084,#12085,#12086,
#12087,#12088,#12089,#12090,#12091,#12092,#12093,#12094,#12095,#12096,#12097,
#12098,#12099,#12100,#12101,#12102,#12103),.UNSPECIFIED.,.F.,.F.,(4,3,3,
3,3,3,3,4),(-0.000100781597483348,0.,0.00418796921941943,0.00673070344091917,
0.0106726494815201,0.0133615266694324,0.017361749709919,0.0211645136412889),
 .UNSPECIFIED.);
#584=B_SPLINE_CURVE_WITH_KNOTS('',3,(#12113,#12114,#12115,#12116,#12117,
#12118,#12119,#12120),.UNSPECIFIED.,.F.,.F.,(4,2,2,4),(0.0513733935814649,
0.0566791067668615,0.0606898806122857,0.0634170511563674),.UNSPECIFIED.);
#585=B_SPLINE_CURVE_WITH_KNOTS('',3,(#12142,#12143,#12144,#12145),
 .UNSPECIFIED.,.F.,.F.,(4,4),(-3.91006181428237,-3.73904909735036),
 .UNSPECIFIED.);
#586=B_SPLINE_CURVE_WITH_KNOTS('',3,(#12146,#12147,#12148,#12149),
 .UNSPECIFIED.,.F.,.F.,(4,4),(3.73904909735036,3.90067568832331),
 .UNSPECIFIED.);
#587=B_SPLINE_CURVE_WITH_KNOTS('',3,(#12150,#12151,#12152,#12153,#12154,
#12155,#12156,#12157,#12158,#12159,#12160,#12161,#12162,#12163,#12164,#12165),
 .UNSPECIFIED.,.F.,.F.,(4,3,3,3,3,4),(0.0527284916671844,0.0537345334515607,
0.0575984100236778,0.0581766553032032,0.062898818809081,0.0652244180928332),
 .UNSPECIFIED.);
#588=B_SPLINE_CURVE_WITH_KNOTS('',3,(#12178,#12179,#12180,#12181,#12182,
#12183,#12184,#12185,#12186,#12187,#12188,#12189,#12190),.UNSPECIFIED.,
 .F.,.F.,(4,1,1,1,1,1,1,1,1,1,4),(-0.745284299552541,-0.71866700313995,
-0.69204970672736,-0.665432410314769,-0.638815113902178,-0.585580521076997,
-0.532345928251815,-0.425876742601452,-0.319407556951089,-0.159703778475545,
-3.43501268538038E-16),.UNSPECIFIED.);
#589=B_SPLINE_CURVE_WITH_KNOTS('',3,(#12198,#12199,#12200,#12201,#12202,
#12203,#12204,#12205),.UNSPECIFIED.,.F.,.F.,(4,2,2,4),(0.109657967139599,
0.11238513768368,0.116395911529105,0.121701624714502),.UNSPECIFIED.);
#590=B_SPLINE_CURVE_WITH_KNOTS('',3,(#12266,#12267,#12268,#12269,#12270,
#12271,#12272),.UNSPECIFIED.,.F.,.F.,(4,1,1,1,4),(-0.609310416113083,-0.435221725795059,
-0.261133035477035,-0.174088690318023,3.58743381600256E-16),
 .UNSPECIFIED.);
#591=B_SPLINE_CURVE_WITH_KNOTS('',3,(#12310,#12311,#12312,#12313),
 .UNSPECIFIED.,.F.,.F.,(4,4),(3.57742258173443,3.73904917232694),
 .UNSPECIFIED.);
#592=B_SPLINE_CURVE_WITH_KNOTS('',3,(#12316,#12317,#12318,#12319),
 .UNSPECIFIED.,.F.,.F.,(4,4),(-3.73904917232694,-3.56803645576191),
 .UNSPECIFIED.);
#593=B_SPLINE_CURVE_WITH_KNOTS('',3,(#12321,#12322,#12323,#12324,#12325,
#12326,#12327,#12328),.UNSPECIFIED.,.F.,.F.,(4,2,2,4),(0.,0.00719403956958755,
0.0123560241794951,0.0132701525707189),.UNSPECIFIED.);
#594=B_SPLINE_CURVE_WITH_KNOTS('',3,(#12329,#12330,#12331,#12332,#12333,
#12334,#12335,#12336,#12337,#12338,#12339,#12340,#12341,#12342,#12343,#12344,
#12345,#12346,#12347,#12348,#12349,#12350,#12351,#12352,#12353,#12354,#12355,
#12356,#12357,#12358,#12359),.UNSPECIFIED.,.F.,.F.,(4,3,3,3,3,3,3,3,3,3,
4),(0.,0.00400793929248645,0.00763663330360197,0.00912304792620184,0.0131013988402679,
0.0154213922915987,0.0195018925464561,0.0218479105714553,0.025933416578441,
0.0282782671311229,0.0284574645135565),.UNSPECIFIED.);
#595=B_SPLINE_CURVE_WITH_KNOTS('',3,(#12384,#12385,#12386,#12387,#12388,
#12389,#12390,#12391,#12392,#12393,#12394,#12395,#12396,#12397,#12398,#12399,
#12400,#12401,#12402,#12403,#12404,#12405),.UNSPECIFIED.,.F.,.F.,(4,3,3,
3,3,3,3,4),(-0.0212408898007172,-0.0211402207739973,-0.016956754187441,
-0.0144172397750161,-0.0104798231684854,-0.00779407087638913,-0.00379947747815372,
0.),.UNSPECIFIED.);
#596=B_SPLINE_CURVE_WITH_KNOTS('',3,(#12499,#12500,#12501,#12502,#12503,
#12504,#12505,#12506,#12507,#12508,#12509,#12510,#12511),.UNSPECIFIED.,
 .F.,.F.,(4,1,1,1,1,1,1,1,1,1,4),(3.43501268538038E-16,0.159703778475545,
0.319407556951089,0.425876742601452,0.532345928251815,0.585580521076997,
0.638815113902178,0.665432410314769,0.69204970672736,0.71866700313995,0.745284299552541),
 .UNSPECIFIED.);
#597=B_SPLINE_CURVE_WITH_KNOTS('',3,(#12564,#12565,#12566,#12567,#12568,
#12569,#12570),.UNSPECIFIED.,.F.,.F.,(4,1,1,1,4),(-0.47297707085937,-0.40540891787946,
-0.27027261191964,-0.135136305959821,-8.51356963063543E-16),
 .UNSPECIFIED.);
#598=B_SPLINE_CURVE_WITH_KNOTS('',3,(#12571,#12572,#12573,#12574,#12575,
#12576,#12577),.UNSPECIFIED.,.F.,.F.,(4,1,1,1,4),(8.51356963063543E-16,
0.135136305959821,0.27027261191964,0.40540891787946,0.47297707085937),
 .UNSPECIFIED.);
#599=B_SPLINE_CURVE_WITH_KNOTS('',3,(#12623,#12624,#12625,#12626,#12627,
#12628),.UNSPECIFIED.,.F.,.F.,(4,1,1,4),(-0.183767383782579,-0.10500993359005,
-0.0525049667950305,-1.11362257754344E-14),.UNSPECIFIED.);
#600=B_SPLINE_CURVE_WITH_KNOTS('',3,(#12629,#12630,#12631,#12632,#12633,
#12634),.UNSPECIFIED.,.F.,.F.,(4,1,1,4),(1.11362257754344E-14,0.0525049667950305,
0.10500993359005,0.183767383782579),.UNSPECIFIED.);
#601=B_SPLINE_CURVE_WITH_KNOTS('',3,(#12687,#12688,#12689,#12690,#12691,
#12692,#12693),.UNSPECIFIED.,.F.,.F.,(4,1,1,1,4),(-0.374345357897129,-0.320867449626113,
-0.267389541355096,-0.160433724813064,-1.46803775029692E-14),
 .UNSPECIFIED.);
#602=B_SPLINE_CURVE_WITH_KNOTS('',3,(#12694,#12695,#12696,#12697,#12698,
#12699,#12700),.UNSPECIFIED.,.F.,.F.,(4,1,1,1,4),(1.46803775029692E-14,
0.160433724813064,0.267389541355096,0.320867449626113,0.374345357897129),
 .UNSPECIFIED.);
#603=B_SPLINE_CURVE_WITH_KNOTS('',3,(#12721,#12722,#12723,#12724),
 .UNSPECIFIED.,.F.,.F.,(4,4),(-0.0352083623267203,-8.48819456893476E-16),
 .UNSPECIFIED.);
#604=B_SPLINE_CURVE_WITH_KNOTS('',3,(#12725,#12726,#12727,#12728),
 .UNSPECIFIED.,.F.,.F.,(4,4),(8.48819456893476E-16,0.030521068939004),
 .UNSPECIFIED.);
#605=B_SPLINE_CURVE_WITH_KNOTS('',3,(#12739,#12740,#12741,#12742),
 .UNSPECIFIED.,.F.,.F.,(4,4),(-3.91006181428237,-3.73904909735035),
 .UNSPECIFIED.);
#606=B_SPLINE_CURVE_WITH_KNOTS('',3,(#12746,#12747,#12748,#12749,#12750,
#12751,#12752,#12753),.UNSPECIFIED.,.F.,.F.,(4,2,2,4),(-0.202948486456722,
-0.0708457444488368,0.,0.00120411891055097),.UNSPECIFIED.);
#607=B_SPLINE_CURVE_WITH_KNOTS('',3,(#12756,#12757,#12758,#12759,#12760,
#12761,#12762,#12763),.UNSPECIFIED.,.F.,.F.,(4,2,2,4),(-0.204192154636849,
-0.202987930251971,-0.132124180181914,0.),.UNSPECIFIED.);
#608=B_SPLINE_CURVE_WITH_KNOTS('',3,(#12788,#12789,#12790,#12791),
 .UNSPECIFIED.,.F.,.F.,(4,4),(0.108437358187657,0.138958427126661),
 .UNSPECIFIED.);
#609=B_SPLINE_CURVE_WITH_KNOTS('',3,(#12795,#12796,#12797,#12798),
 .UNSPECIFIED.,.F.,.F.,(4,4),(-0.138958427126661,-0.103750064799938),
 .UNSPECIFIED.);
#610=B_SPLINE_CURVE_WITH_KNOTS('',3,(#12799,#12800,#12801,#12802,#12803,
#12804,#12805,#12806,#12807,#12808,#12809,#12810,#12811,#12812,#12813,#12814,
#12815,#12816,#12817,#12818,#12819,#12820,#12821,#12822,#12823,#12824,#12825,
#12826,#12827,#12828,#12829),.UNSPECIFIED.,.F.,.F.,(4,3,3,3,3,3,3,3,3,3,
4),(-0.000179374886555222,0.,0.0041156142599063,0.00643672617012322,0.0105132653768741,
0.0128696102587348,0.0162729933280483,0.020283833056938,0.02066208046526,
0.0246492902782526,0.0283062782609943),.UNSPECIFIED.);
#611=B_SPLINE_CURVE_WITH_KNOTS('',3,(#12875,#12876,#12877,#12878,#12879,
#12880),.UNSPECIFIED.,.F.,.F.,(4,1,1,4),(-0.374336288035387,-0.160429837729452,
-0.0534766125764839,0.),.UNSPECIFIED.);
#612=B_SPLINE_CURVE_WITH_KNOTS('',3,(#12881,#12882,#12883,#12884,#12885,
#12886),.UNSPECIFIED.,.F.,.F.,(4,1,1,4),(0.,0.0534766125764839,0.160429837729452,
0.374336288035387),.UNSPECIFIED.);
#613=B_SPLINE_CURVE_WITH_KNOTS('',3,(#12932,#12933,#12934,#12935,#12936,
#12937),.UNSPECIFIED.,.F.,.F.,(4,1,1,4),(-0.183809254970749,-0.131292324979106,
-0.0787753949874638,0.),.UNSPECIFIED.);
#614=B_SPLINE_CURVE_WITH_KNOTS('',3,(#12938,#12939,#12940,#12941,#12942,
#12943),.UNSPECIFIED.,.F.,.F.,(4,1,1,4),(0.,0.0787753949874638,0.131292324979106,
0.183809254970749),.UNSPECIFIED.);
#615=B_SPLINE_CURVE_WITH_KNOTS('',3,(#12996,#12997,#12998,#12999,#13000,
#13001,#13002),.UNSPECIFIED.,.F.,.F.,(4,1,1,1,4),(-0.472978553716322,-0.337841824083087,
-0.202705094449852,-0.0675683648166174,0.),.UNSPECIFIED.);
#616=B_SPLINE_CURVE_WITH_KNOTS('',3,(#13003,#13004,#13005,#13006,#13007,
#13008,#13009),.UNSPECIFIED.,.F.,.F.,(4,1,1,1,4),(0.,0.0675683648166174,
0.202705094449852,0.337841824083087,0.472978553716322),.UNSPECIFIED.);
#617=B_SPLINE_CURVE_WITH_KNOTS('',3,(#13104,#13105,#13106,#13107,#13108,
#13109,#13110,#13111,#13112,#13113,#13114,#13115,#13116),.UNSPECIFIED.,
 .F.,.F.,(4,1,1,1,1,1,1,1,1,1,4),(-0.745274593549968,-0.532338995392835,
-0.319403397235701,-0.266169497696418,-0.212935598157135,-0.159701698617851,
-0.106467799078568,-0.0798508493089262,-0.0532338995392846,-0.0266169497696429,
-1.22441902941041E-15),.UNSPECIFIED.);
#618=B_SPLINE_CURVE_WITH_KNOTS('',3,(#13118,#13119,#13120,#13121,#13122,
#13123),.UNSPECIFIED.,.F.,.F.,(4,1,1,4),(1.22441902941041E-15,0.0266169497696429,
0.0532338995392846,0.0669675266827147),.UNSPECIFIED.);
#619=B_SPLINE_CURVE_WITH_KNOTS('',3,(#13124,#13125,#13126,#13127,#13128,
#13129,#13130,#13131,#13132,#13133,#13134),.UNSPECIFIED.,.F.,.F.,(4,1,1,
1,1,1,1,1,4),(0.0669675266827147,0.0798508493089262,0.106467799078568,0.159701698617851,
0.212935598157135,0.266169497696418,0.319403397235701,0.532338995392835,
0.745274593549968),.UNSPECIFIED.);
#620=B_SPLINE_CURVE_WITH_KNOTS('',3,(#13159,#13160,#13161,#13162,#13163,
#13164,#13165,#13166,#13167,#13168,#13169,#13170,#13171,#13172,#13173,#13174,
#13175,#13176,#13177,#13178,#13179,#13180),.UNSPECIFIED.,.F.,.F.,(4,3,3,
3,3,3,3,4),(-0.000100781597563107,0.,0.00418833718199121,0.0067307034445832,
0.0106726494877227,0.0133615266773595,0.0173604918243074,0.0211645136542155),
 .UNSPECIFIED.);
#621=B_SPLINE_CURVE_WITH_KNOTS('',3,(#13185,#13186,#13187,#13188,#13189,
#13190,#13191,#13192),.UNSPECIFIED.,.F.,.F.,(4,2,2,4),(0.051373393581464,
0.0566791067668624,0.0606898806122868,0.0634170511563673),.UNSPECIFIED.);
#622=B_SPLINE_CURVE_WITH_KNOTS('',3,(#13217,#13218,#13219,#13220),
 .UNSPECIFIED.,.F.,.F.,(4,4),(3.73904909735035,3.90067568850414),
 .UNSPECIFIED.);
#623=B_SPLINE_CURVE_WITH_KNOTS('',3,(#13221,#13222,#13223,#13224,#13225,
#13226,#13227,#13228,#13229,#13230,#13231,#13232,#13233,#13234,#13235,#13236),
 .UNSPECIFIED.,.F.,.F.,(4,3,3,3,3,4),(0.0527284916668384,0.0537345334512148,
0.0548481087653584,0.0581766553028507,0.0630049916183189,0.0652244180914313),
 .UNSPECIFIED.);
#624=B_SPLINE_CURVE_WITH_KNOTS('',3,(#13286,#13287,#13288,#13289,#13290,
#13291),.UNSPECIFIED.,.F.,.F.,(4,1,1,4),(2.9940767496249,3.08968155933127,
3.18528636903764,3.24511128462394),.UNSPECIFIED.);
#625=B_SPLINE_CURVE_WITH_KNOTS('',3,(#13292,#13293,#13294,#13295,#13296,
#13297,#13298,#13299),.UNSPECIFIED.,.F.,.F.,(4,2,2,4),(-0.202948488059684,
-0.0708457447979166,0.,0.00120411893498424),.UNSPECIFIED.);
#626=B_SPLINE_CURVE_WITH_KNOTS('',3,(#13320,#13321,#13322,#13323,#13324),
 .UNSPECIFIED.,.F.,.F.,(4,1,4),(1.24502420115116,1.34431394224823,1.41878124807103),
 .UNSPECIFIED.);
#627=B_SPLINE_CURVE_WITH_KNOTS('',3,(#13363,#13364,#13365,#13366,#13367,
#13368),.UNSPECIFIED.,.F.,.F.,(4,1,1,4),(2.9940767496249,3.08968155933127,
3.18528636903763,3.24511128462394),.UNSPECIFIED.);
#628=B_SPLINE_CURVE_WITH_KNOTS('',3,(#13391,#13392,#13393,#13394,#13395),
 .UNSPECIFIED.,.F.,.F.,(4,1,4),(1.2450219092229,1.31948924636698,1.41877902922576),
 .UNSPECIFIED.);
#629=B_SPLINE_CURVE_WITH_KNOTS('',3,(#13425,#13426,#13427,#13428,#13429),
 .UNSPECIFIED.,.F.,.F.,(4,1,4),(-1.13214020160848E-15,0.0744449518760876,
0.173704887710872),.UNSPECIFIED.);
#630=B_SPLINE_CURVE_WITH_KNOTS('',3,(#13463,#13464,#13465,#13466,#13467,
#13468),.UNSPECIFIED.,.F.,.F.,(4,1,1,4),(3.07778181519161,3.08980379645664,
3.18541001390018,3.3288193400655),.UNSPECIFIED.);
#631=B_SPLINE_CURVE_WITH_KNOTS('',3,(#13763,#13764,#13765,#13766,#13767,
#13768,#13769,#13770,#13771,#13772),.UNSPECIFIED.,.F.,.F.,(4,2,2,2,4),(0.706546393676086,
0.740140344563766,0.881498192067245,1.02529298063332,1.1690877691994),
 .UNSPECIFIED.);
#632=B_SPLINE_CURVE_WITH_KNOTS('',3,(#13773,#13774,#13775,#13776,#13777,
#13778,#13779,#13780,#13781,#13782),.UNSPECIFIED.,.F.,.F.,(4,2,2,2,4),(1.1690877691994,
1.31288255776548,1.45667734633156,1.59803519383504,1.63162914472272),
 .UNSPECIFIED.);
#633=B_SPLINE_CURVE_WITH_KNOTS('',3,(#13790,#13791,#13792,#13793,#13794,
#13795,#13796,#13797,#13798,#13799),.UNSPECIFIED.,.F.,.F.,(4,2,2,2,4),(1.23621773220893,
1.38805871936484,1.53989970652075,1.6888696934888,1.73006741654448),
 .UNSPECIFIED.);
#634=B_SPLINE_CURVE_WITH_KNOTS('',3,(#13805,#13806,#13807,#13808,#13809,
#13810,#13811,#13812,#13813,#13814,#13815,#13816),.UNSPECIFIED.,.F.,.F.,
(4,2,2,2,2,4),(3.57160003003364,3.77911748610077,3.9866349421679,4.09798147365139,
4.20932800513488,4.48052172336033),.UNSPECIFIED.);
#635=B_SPLINE_CURVE_WITH_KNOTS('',3,(#13824,#13825,#13826,#13827,#13828,
#13829,#13830,#13831,#13832,#13833,#13834,#13835),.UNSPECIFIED.,.F.,.F.,
(4,2,2,2,2,4),(2.66267833670694,2.93387205493239,3.04521858641588,3.15656511789937,
3.3640825739665,3.57160001049977),.UNSPECIFIED.);
#636=B_SPLINE_CURVE_WITH_KNOTS('',3,(#13840,#13841,#13842,#13843,#13844,
#13845,#13846,#13847,#13848,#13849),.UNSPECIFIED.,.F.,.F.,(4,2,2,2,4),(0.706546393676083,
0.740140344563766,0.881498192067244,1.02529298063332,1.1690877691994),
 .UNSPECIFIED.);
#637=B_SPLINE_CURVE_WITH_KNOTS('',3,(#13850,#13851,#13852,#13853,#13854,
#13855,#13856,#13857,#13858,#13859),.UNSPECIFIED.,.F.,.F.,(4,2,2,2,4),(1.1690877691994,
1.31288255776548,1.45667734633156,1.59803519383504,1.63162914472272),
 .UNSPECIFIED.);
#638=B_SPLINE_CURVE_WITH_KNOTS('',3,(#13861,#13862,#13863,#13864,#13865,
#13866,#13867,#13868,#13869,#13870),.UNSPECIFIED.,.F.,.F.,(4,2,2,2,4),(0.742368047873393,
0.783565770929072,0.932535757897116,1.08437674505303,1.23621773220893),
 .UNSPECIFIED.);
#639=B_SPLINE_CURVE_WITH_KNOTS('',3,(#13958,#13959,#13960,#13961,#13962,
#13963,#13964),.UNSPECIFIED.,.F.,.F.,(4,1,1,1,4),(-3.58743381600256E-16,
0.174088690318023,0.261133035477035,0.435221725795059,0.609310416113083),
 .UNSPECIFIED.);
#640=B_SPLINE_CURVE_WITH_KNOTS('',3,(#14000,#14001,#14002,#14003,#14004,
#14005,#14006,#14007,#14008,#14009,#14010,#14011,#14012,#14013,#14014,#14015,
#14016,#14017,#14018),.UNSPECIFIED.,.F.,.F.,(4,3,3,3,3,3,4),(0.,0.095042621649113,
0.199848914852474,0.304655208055835,0.409461501259197,0.514267794462558,
0.609310416113141),.UNSPECIFIED.);
#641=B_SPLINE_CURVE_WITH_KNOTS('',3,(#14025,#14026,#14027,#14028),
 .UNSPECIFIED.,.F.,.F.,(4,4),(-0.145647838642237,0.),.UNSPECIFIED.);
#642=B_SPLINE_CURVE_WITH_KNOTS('',3,(#14031,#14032,#14033,#14034),
 .UNSPECIFIED.,.F.,.F.,(4,4),(-0.14564783863192,0.),.UNSPECIFIED.);
#643=B_SPLINE_CURVE_WITH_KNOTS('',3,(#14041,#14042,#14043,#14044),
 .UNSPECIFIED.,.F.,.F.,(4,4),(-0.145647838642369,0.),.UNSPECIFIED.);
#644=B_SPLINE_CURVE_WITH_KNOTS('',3,(#14047,#14048,#14049,#14050),
 .UNSPECIFIED.,.F.,.F.,(4,4),(-0.145647838642405,0.),.UNSPECIFIED.);
#645=B_SPLINE_CURVE_WITH_KNOTS('',3,(#14057,#14058,#14059,#14060),
 .UNSPECIFIED.,.F.,.F.,(4,4),(-0.145647838642453,0.),.UNSPECIFIED.);
#646=B_SPLINE_CURVE_WITH_KNOTS('',3,(#14078,#14079,#14080,#14081),
 .UNSPECIFIED.,.F.,.F.,(4,4),(-0.145647838642331,0.),.UNSPECIFIED.);
#647=B_SPLINE_CURVE_WITH_KNOTS('',3,(#14087,#14088,#14089,#14090),
 .UNSPECIFIED.,.F.,.F.,(4,4),(-0.145647838642324,0.),.UNSPECIFIED.);
#648=B_SPLINE_CURVE_WITH_KNOTS('',3,(#14122,#14123,#14124,#14125),
 .UNSPECIFIED.,.F.,.F.,(4,4),(-0.145647838466379,0.),.UNSPECIFIED.);
#649=B_SPLINE_CURVE_WITH_KNOTS('',3,(#15090,#15091,#15092,#15093,#15094,
#15095,#15096,#15097,#15098,#15099,#15100,#15101),.UNSPECIFIED.,.F.,.F.,
(4,2,2,2,2,4),(2.66267833670695,2.93387205336162,3.04521858420018,3.15656511503874,
3.36408256990391,3.57160002476909),.UNSPECIFIED.);
#650=B_SPLINE_CURVE_WITH_KNOTS('',3,(#15139,#15140,#15141,#15142,#15143,
#15144,#15145,#15146,#15147,#15148,#15149,#15150),.UNSPECIFIED.,.F.,.F.,
(4,2,2,2,2,4),(3.57160003003363,3.77911748610076,3.98663494216789,4.09798147365138,
4.20932800513487,4.48052172336032),.UNSPECIFIED.);
#651=(
BOUNDED_SURFACE()
B_SPLINE_SURFACE(3,1,((#10403,#10404),(#10405,#10406),(#10407,#10408),(#10409,
#10410)),.UNSPECIFIED.,.F.,.F.,.F.)
B_SPLINE_SURFACE_WITH_KNOTS((4,4),(2,2),(0.,1.),(0.,0.05),.UNSPECIFIED.)
GEOMETRIC_REPRESENTATION_ITEM()
RATIONAL_B_SPLINE_SURFACE(((1.,1.),(1.,1.),(1.,1.),(1.,1.)))
REPRESENTATION_ITEM('')
SURFACE()
);
#652=(
BOUNDED_SURFACE()
B_SPLINE_SURFACE(3,1,((#10431,#10432),(#10433,#10434),(#10435,#10436),(#10437,
#10438)),.UNSPECIFIED.,.F.,.F.,.F.)
B_SPLINE_SURFACE_WITH_KNOTS((4,4),(2,2),(0.,1.),(0.,0.05),.UNSPECIFIED.)
GEOMETRIC_REPRESENTATION_ITEM()
RATIONAL_B_SPLINE_SURFACE(((1.,1.),(1.,1.),(1.,1.),(1.,1.)))
REPRESENTATION_ITEM('')
SURFACE()
);
#653=(
BOUNDED_SURFACE()
B_SPLINE_SURFACE(3,1,((#10445,#10446),(#10447,#10448),(#10449,#10450),(#10451,
#10452)),.UNSPECIFIED.,.F.,.F.,.F.)
B_SPLINE_SURFACE_WITH_KNOTS((4,4),(2,2),(0.,1.),(0.,0.05),.UNSPECIFIED.)
GEOMETRIC_REPRESENTATION_ITEM()
RATIONAL_B_SPLINE_SURFACE(((1.,1.),(1.,1.),(1.,1.),(1.,1.)))
REPRESENTATION_ITEM('')
SURFACE()
);
#654=(
BOUNDED_SURFACE()
B_SPLINE_SURFACE(3,1,((#10523,#10524),(#10525,#10526),(#10527,#10528),(#10529,
#10530)),.UNSPECIFIED.,.F.,.F.,.F.)
B_SPLINE_SURFACE_WITH_KNOTS((4,4),(2,2),(-1.,0.),(0.,0.05),
 .UNSPECIFIED.)
GEOMETRIC_REPRESENTATION_ITEM()
RATIONAL_B_SPLINE_SURFACE(((1.,1.),(1.,1.),(1.,1.),(1.,1.)))
REPRESENTATION_ITEM('')
SURFACE()
);
#655=(
BOUNDED_SURFACE()
B_SPLINE_SURFACE(3,1,((#10543,#10544),(#10545,#10546),(#10547,#10548),(#10549,
#10550)),.UNSPECIFIED.,.F.,.F.,.F.)
B_SPLINE_SURFACE_WITH_KNOTS((4,4),(2,2),(-1.,0.),(0.,0.05),
 .UNSPECIFIED.)
GEOMETRIC_REPRESENTATION_ITEM()
RATIONAL_B_SPLINE_SURFACE(((1.,1.),(1.,1.),(1.,1.),(1.,1.)))
REPRESENTATION_ITEM('')
SURFACE()
);
#656=(
BOUNDED_SURFACE()
B_SPLINE_SURFACE(3,1,((#10557,#10558),(#10559,#10560),(#10561,#10562),(#10563,
#10564)),.UNSPECIFIED.,.F.,.F.,.F.)
B_SPLINE_SURFACE_WITH_KNOTS((4,4),(2,2),(-1.,0.),(0.,0.05),
 .UNSPECIFIED.)
GEOMETRIC_REPRESENTATION_ITEM()
RATIONAL_B_SPLINE_SURFACE(((1.,1.),(1.,1.),(1.,1.),(1.,1.)))
REPRESENTATION_ITEM('')
SURFACE()
);
#657=(
BOUNDED_SURFACE()
B_SPLINE_SURFACE(3,1,((#10575,#10576),(#10577,#10578),(#10579,#10580),(#10581,
#10582)),.UNSPECIFIED.,.F.,.F.,.F.)
B_SPLINE_SURFACE_WITH_KNOTS((4,4),(2,2),(-1.,0.),(0.,0.05),
 .UNSPECIFIED.)
GEOMETRIC_REPRESENTATION_ITEM()
RATIONAL_B_SPLINE_SURFACE(((1.,1.),(1.,1.),(1.,1.),(1.,1.)))
REPRESENTATION_ITEM('')
SURFACE()
);
#658=(
BOUNDED_SURFACE()
B_SPLINE_SURFACE(3,1,((#10610,#10611),(#10612,#10613),(#10614,#10615),(#10616,
#10617)),.UNSPECIFIED.,.F.,.F.,.F.)
B_SPLINE_SURFACE_WITH_KNOTS((4,4),(2,2),(0.,1.),(0.,0.05),.UNSPECIFIED.)
GEOMETRIC_REPRESENTATION_ITEM()
RATIONAL_B_SPLINE_SURFACE(((1.,1.),(1.,1.),(1.,1.),(1.,1.)))
REPRESENTATION_ITEM('')
SURFACE()
);
#659=(
BOUNDED_SURFACE()
B_SPLINE_SURFACE(3,1,((#10652,#10653),(#10654,#10655),(#10656,#10657),(#10658,
#10659)),.UNSPECIFIED.,.F.,.F.,.F.)
B_SPLINE_SURFACE_WITH_KNOTS((4,4),(2,2),(-1.,0.),(0.,0.05),
 .UNSPECIFIED.)
GEOMETRIC_REPRESENTATION_ITEM()
RATIONAL_B_SPLINE_SURFACE(((1.,1.),(1.,1.),(1.,1.),(1.,1.)))
REPRESENTATION_ITEM('')
SURFACE()
);
#660=(
BOUNDED_SURFACE()
B_SPLINE_SURFACE(3,1,((#10672,#10673),(#10674,#10675),(#10676,#10677),(#10678,
#10679)),.UNSPECIFIED.,.F.,.F.,.F.)
B_SPLINE_SURFACE_WITH_KNOTS((4,4),(2,2),(-1.,0.),(0.,0.05),
 .UNSPECIFIED.)
GEOMETRIC_REPRESENTATION_ITEM()
RATIONAL_B_SPLINE_SURFACE(((1.,1.),(1.,1.),(1.,1.),(1.,1.)))
REPRESENTATION_ITEM('')
SURFACE()
);
#661=(
BOUNDED_SURFACE()
B_SPLINE_SURFACE(3,1,((#10686,#10687),(#10688,#10689),(#10690,#10691),(#10692,
#10693)),.UNSPECIFIED.,.F.,.F.,.F.)
B_SPLINE_SURFACE_WITH_KNOTS((4,4),(2,2),(-1.,0.),(0.,0.05),
 .UNSPECIFIED.)
GEOMETRIC_REPRESENTATION_ITEM()
RATIONAL_B_SPLINE_SURFACE(((1.,1.),(1.,1.),(1.,1.),(1.,1.)))
REPRESENTATION_ITEM('')
SURFACE()
);
#662=(
BOUNDED_SURFACE()
B_SPLINE_SURFACE(3,1,((#10704,#10705),(#10706,#10707),(#10708,#10709),(#10710,
#10711)),.UNSPECIFIED.,.F.,.F.,.F.)
B_SPLINE_SURFACE_WITH_KNOTS((4,4),(2,2),(-1.,0.),(0.,0.05),
 .UNSPECIFIED.)
GEOMETRIC_REPRESENTATION_ITEM()
RATIONAL_B_SPLINE_SURFACE(((1.,1.),(1.,1.),(1.,1.),(1.,1.)))
REPRESENTATION_ITEM('')
SURFACE()
);
#663=(
BOUNDED_SURFACE()
B_SPLINE_SURFACE(3,1,((#10779,#10780),(#10781,#10782),(#10783,#10784),(#10785,
#10786)),.UNSPECIFIED.,.F.,.F.,.F.)
B_SPLINE_SURFACE_WITH_KNOTS((4,4),(2,2),(0.,1.),(0.,0.05),.UNSPECIFIED.)
GEOMETRIC_REPRESENTATION_ITEM()
RATIONAL_B_SPLINE_SURFACE(((1.,1.),(1.,1.),(1.,1.),(1.,1.)))
REPRESENTATION_ITEM('')
SURFACE()
);
#664=(
BOUNDED_SURFACE()
B_SPLINE_SURFACE(3,1,((#10795,#10796),(#10797,#10798),(#10799,#10800),(#10801,
#10802)),.UNSPECIFIED.,.F.,.F.,.F.)
B_SPLINE_SURFACE_WITH_KNOTS((4,4),(2,2),(0.,1.),(0.,0.05),.UNSPECIFIED.)
GEOMETRIC_REPRESENTATION_ITEM()
RATIONAL_B_SPLINE_SURFACE(((1.,1.),(1.,1.),(1.,1.),(1.,1.)))
REPRESENTATION_ITEM('')
SURFACE()
);
#665=(
BOUNDED_SURFACE()
B_SPLINE_SURFACE(3,1,((#10809,#10810),(#10811,#10812),(#10813,#10814),(#10815,
#10816)),.UNSPECIFIED.,.F.,.F.,.F.)
B_SPLINE_SURFACE_WITH_KNOTS((4,4),(2,2),(0.,1.),(0.,0.05),.UNSPECIFIED.)
GEOMETRIC_REPRESENTATION_ITEM()
RATIONAL_B_SPLINE_SURFACE(((1.,1.),(1.,1.),(1.,1.),(1.,1.)))
REPRESENTATION_ITEM('')
SURFACE()
);
#666=(
BOUNDED_SURFACE()
B_SPLINE_SURFACE(3,1,((#10823,#10824),(#10825,#10826),(#10827,#10828),(#10829,
#10830)),.UNSPECIFIED.,.F.,.F.,.F.)
B_SPLINE_SURFACE_WITH_KNOTS((4,4),(2,2),(0.,1.),(0.,0.05),.UNSPECIFIED.)
GEOMETRIC_REPRESENTATION_ITEM()
RATIONAL_B_SPLINE_SURFACE(((1.,1.),(1.,1.),(1.,1.),(1.,1.)))
REPRESENTATION_ITEM('')
SURFACE()
);
#667=(
BOUNDED_SURFACE()
B_SPLINE_SURFACE(3,1,((#10837,#10838),(#10839,#10840),(#10841,#10842),(#10843,
#10844)),.UNSPECIFIED.,.F.,.F.,.F.)
B_SPLINE_SURFACE_WITH_KNOTS((4,4),(2,2),(0.,1.),(0.,0.05),.UNSPECIFIED.)
GEOMETRIC_REPRESENTATION_ITEM()
RATIONAL_B_SPLINE_SURFACE(((1.,1.),(1.,1.),(1.,1.),(1.,1.)))
REPRESENTATION_ITEM('')
SURFACE()
);
#668=(
BOUNDED_SURFACE()
B_SPLINE_SURFACE(3,1,((#10851,#10852),(#10853,#10854),(#10855,#10856),(#10857,
#10858)),.UNSPECIFIED.,.F.,.F.,.F.)
B_SPLINE_SURFACE_WITH_KNOTS((4,4),(2,2),(0.,1.),(0.,0.05),.UNSPECIFIED.)
GEOMETRIC_REPRESENTATION_ITEM()
RATIONAL_B_SPLINE_SURFACE(((1.,1.),(1.,1.),(1.,1.),(1.,1.)))
REPRESENTATION_ITEM('')
SURFACE()
);
#669=(
BOUNDED_SURFACE()
B_SPLINE_SURFACE(3,1,((#10863,#10864),(#10865,#10866),(#10867,#10868),(#10869,
#10870)),.UNSPECIFIED.,.F.,.F.,.F.)
B_SPLINE_SURFACE_WITH_KNOTS((4,4),(2,2),(0.,1.),(0.,0.05),.UNSPECIFIED.)
GEOMETRIC_REPRESENTATION_ITEM()
RATIONAL_B_SPLINE_SURFACE(((1.,1.),(1.,1.),(1.,1.),(1.,1.)))
REPRESENTATION_ITEM('')
SURFACE()
);
#670=(
BOUNDED_SURFACE()
B_SPLINE_SURFACE(3,1,((#10877,#10878),(#10879,#10880),(#10881,#10882),(#10883,
#10884)),.UNSPECIFIED.,.F.,.F.,.F.)
B_SPLINE_SURFACE_WITH_KNOTS((4,4),(2,2),(0.,1.),(0.,0.05),.UNSPECIFIED.)
GEOMETRIC_REPRESENTATION_ITEM()
RATIONAL_B_SPLINE_SURFACE(((1.,1.),(1.,1.),(1.,1.),(1.,1.)))
REPRESENTATION_ITEM('')
SURFACE()
);
#671=(
BOUNDED_SURFACE()
B_SPLINE_SURFACE(3,1,((#10933,#10934),(#10935,#10936),(#10937,#10938),(#10939,
#10940)),.UNSPECIFIED.,.F.,.F.,.F.)
B_SPLINE_SURFACE_WITH_KNOTS((4,4),(2,2),(0.,1.),(0.,0.05),.UNSPECIFIED.)
GEOMETRIC_REPRESENTATION_ITEM()
RATIONAL_B_SPLINE_SURFACE(((1.,1.),(1.,1.),(1.,1.),(1.,1.)))
REPRESENTATION_ITEM('')
SURFACE()
);
#672=(
BOUNDED_SURFACE()
B_SPLINE_SURFACE(3,1,((#10949,#10950),(#10951,#10952),(#10953,#10954),(#10955,
#10956)),.UNSPECIFIED.,.F.,.F.,.F.)
B_SPLINE_SURFACE_WITH_KNOTS((4,4),(2,2),(0.,1.),(0.,0.05),.UNSPECIFIED.)
GEOMETRIC_REPRESENTATION_ITEM()
RATIONAL_B_SPLINE_SURFACE(((1.,1.),(1.,1.),(1.,1.),(1.,1.)))
REPRESENTATION_ITEM('')
SURFACE()
);
#673=(
BOUNDED_SURFACE()
B_SPLINE_SURFACE(3,1,((#10963,#10964),(#10965,#10966),(#10967,#10968),(#10969,
#10970)),.UNSPECIFIED.,.F.,.F.,.F.)
B_SPLINE_SURFACE_WITH_KNOTS((4,4),(2,2),(0.,1.),(0.,0.05),.UNSPECIFIED.)
GEOMETRIC_REPRESENTATION_ITEM()
RATIONAL_B_SPLINE_SURFACE(((1.,1.),(1.,1.),(1.,1.),(1.,1.)))
REPRESENTATION_ITEM('')
SURFACE()
);
#674=(
BOUNDED_SURFACE()
B_SPLINE_SURFACE(3,1,((#10979,#10980),(#10981,#10982),(#10983,#10984),(#10985,
#10986)),.UNSPECIFIED.,.F.,.F.,.F.)
B_SPLINE_SURFACE_WITH_KNOTS((4,4),(2,2),(0.,1.),(0.,0.05),.UNSPECIFIED.)
GEOMETRIC_REPRESENTATION_ITEM()
RATIONAL_B_SPLINE_SURFACE(((1.,1.),(1.,1.),(1.,1.),(1.,1.)))
REPRESENTATION_ITEM('')
SURFACE()
);
#675=(
BOUNDED_SURFACE()
B_SPLINE_SURFACE(3,1,((#10993,#10994),(#10995,#10996),(#10997,#10998),(#10999,
#11000)),.UNSPECIFIED.,.F.,.F.,.F.)
B_SPLINE_SURFACE_WITH_KNOTS((4,4),(2,2),(0.,1.),(0.,0.05),.UNSPECIFIED.)
GEOMETRIC_REPRESENTATION_ITEM()
RATIONAL_B_SPLINE_SURFACE(((1.,1.),(1.,1.),(1.,1.),(1.,1.)))
REPRESENTATION_ITEM('')
SURFACE()
);
#676=(
BOUNDED_SURFACE()
B_SPLINE_SURFACE(3,1,((#11007,#11008),(#11009,#11010),(#11011,#11012),(#11013,
#11014)),.UNSPECIFIED.,.F.,.F.,.F.)
B_SPLINE_SURFACE_WITH_KNOTS((4,4),(2,2),(0.,1.),(0.,0.05),.UNSPECIFIED.)
GEOMETRIC_REPRESENTATION_ITEM()
RATIONAL_B_SPLINE_SURFACE(((1.,1.),(1.,1.),(1.,1.),(1.,1.)))
REPRESENTATION_ITEM('')
SURFACE()
);
#677=(
BOUNDED_SURFACE()
B_SPLINE_SURFACE(3,1,((#11021,#11022),(#11023,#11024),(#11025,#11026),(#11027,
#11028)),.UNSPECIFIED.,.F.,.F.,.F.)
B_SPLINE_SURFACE_WITH_KNOTS((4,4),(2,2),(0.,1.),(0.,0.05),.UNSPECIFIED.)
GEOMETRIC_REPRESENTATION_ITEM()
RATIONAL_B_SPLINE_SURFACE(((1.,1.),(1.,1.),(1.,1.),(1.,1.)))
REPRESENTATION_ITEM('')
SURFACE()
);
#678=(
BOUNDED_SURFACE()
B_SPLINE_SURFACE(3,1,((#11037,#11038),(#11039,#11040),(#11041,#11042),(#11043,
#11044)),.UNSPECIFIED.,.F.,.F.,.F.)
B_SPLINE_SURFACE_WITH_KNOTS((4,4),(2,2),(0.,1.),(0.,0.05),.UNSPECIFIED.)
GEOMETRIC_REPRESENTATION_ITEM()
RATIONAL_B_SPLINE_SURFACE(((1.,1.),(1.,1.),(1.,1.),(1.,1.)))
REPRESENTATION_ITEM('')
SURFACE()
);
#679=FACE_OUTER_BOUND('',#1120,.T.);
#680=FACE_OUTER_BOUND('',#1121,.T.);
#681=FACE_OUTER_BOUND('',#1122,.T.);
#682=FACE_OUTER_BOUND('',#1123,.T.);
#683=FACE_OUTER_BOUND('',#1124,.T.);
#684=FACE_OUTER_BOUND('',#1125,.T.);
#685=FACE_OUTER_BOUND('',#1126,.T.);
#686=FACE_OUTER_BOUND('',#1127,.T.);
#687=FACE_OUTER_BOUND('',#1128,.T.);
#688=FACE_OUTER_BOUND('',#1129,.T.);
#689=FACE_OUTER_BOUND('',#1130,.T.);
#690=FACE_OUTER_BOUND('',#1131,.T.);
#691=FACE_OUTER_BOUND('',#1132,.T.);
#692=FACE_OUTER_BOUND('',#1133,.T.);
#693=FACE_OUTER_BOUND('',#1134,.T.);
#694=FACE_OUTER_BOUND('',#1135,.T.);
#695=FACE_OUTER_BOUND('',#1136,.T.);
#696=FACE_OUTER_BOUND('',#1137,.T.);
#697=FACE_OUTER_BOUND('',#1138,.T.);
#698=FACE_OUTER_BOUND('',#1139,.T.);
#699=FACE_OUTER_BOUND('',#1140,.T.);
#700=FACE_OUTER_BOUND('',#1141,.T.);
#701=FACE_OUTER_BOUND('',#1142,.T.);
#702=FACE_OUTER_BOUND('',#1143,.T.);
#703=FACE_OUTER_BOUND('',#1144,.T.);
#704=FACE_OUTER_BOUND('',#1145,.T.);
#705=FACE_OUTER_BOUND('',#1146,.T.);
#706=FACE_OUTER_BOUND('',#1147,.T.);
#707=FACE_OUTER_BOUND('',#1148,.T.);
#708=FACE_OUTER_BOUND('',#1149,.T.);
#709=FACE_OUTER_BOUND('',#1150,.T.);
#710=FACE_OUTER_BOUND('',#1151,.T.);
#711=FACE_OUTER_BOUND('',#1152,.T.);
#712=FACE_OUTER_BOUND('',#1153,.T.);
#713=FACE_OUTER_BOUND('',#1154,.T.);
#714=FACE_OUTER_BOUND('',#1155,.T.);
#715=FACE_OUTER_BOUND('',#1156,.T.);
#716=FACE_OUTER_BOUND('',#1157,.T.);
#717=FACE_OUTER_BOUND('',#1158,.T.);
#718=FACE_OUTER_BOUND('',#1159,.T.);
#719=FACE_OUTER_BOUND('',#1160,.T.);
#720=FACE_OUTER_BOUND('',#1162,.T.);
#721=FACE_OUTER_BOUND('',#1163,.T.);
#722=FACE_OUTER_BOUND('',#1164,.T.);
#723=FACE_OUTER_BOUND('',#1165,.T.);
#724=FACE_OUTER_BOUND('',#1166,.T.);
#725=FACE_OUTER_BOUND('',#1167,.T.);
#726=FACE_OUTER_BOUND('',#1168,.T.);
#727=FACE_OUTER_BOUND('',#1169,.T.);
#728=FACE_OUTER_BOUND('',#1170,.T.);
#729=FACE_OUTER_BOUND('',#1171,.T.);
#730=FACE_OUTER_BOUND('',#1172,.T.);
#731=FACE_OUTER_BOUND('',#1173,.T.);
#732=FACE_OUTER_BOUND('',#1175,.T.);
#733=FACE_OUTER_BOUND('',#1177,.T.);
#734=FACE_OUTER_BOUND('',#1178,.T.);
#735=FACE_OUTER_BOUND('',#1179,.T.);
#736=FACE_OUTER_BOUND('',#1180,.T.);
#737=FACE_OUTER_BOUND('',#1181,.T.);
#738=FACE_OUTER_BOUND('',#1182,.T.);
#739=FACE_OUTER_BOUND('',#1183,.T.);
#740=FACE_OUTER_BOUND('',#1184,.T.);
#741=FACE_OUTER_BOUND('',#1185,.T.);
#742=FACE_OUTER_BOUND('',#1186,.T.);
#743=FACE_OUTER_BOUND('',#1188,.T.);
#744=FACE_OUTER_BOUND('',#1189,.T.);
#745=FACE_OUTER_BOUND('',#1190,.T.);
#746=FACE_OUTER_BOUND('',#1191,.T.);
#747=FACE_OUTER_BOUND('',#1192,.T.);
#748=FACE_OUTER_BOUND('',#1193,.T.);
#749=FACE_OUTER_BOUND('',#1194,.T.);
#750=FACE_OUTER_BOUND('',#1195,.T.);
#751=FACE_OUTER_BOUND('',#1196,.T.);
#752=FACE_OUTER_BOUND('',#1197,.T.);
#753=FACE_OUTER_BOUND('',#1198,.T.);
#754=FACE_OUTER_BOUND('',#1199,.T.);
#755=FACE_OUTER_BOUND('',#1200,.T.);
#756=FACE_OUTER_BOUND('',#1202,.T.);
#757=FACE_OUTER_BOUND('',#1204,.T.);
#758=FACE_OUTER_BOUND('',#1206,.T.);
#759=FACE_OUTER_BOUND('',#1208,.T.);
#760=FACE_OUTER_BOUND('',#1209,.T.);
#761=FACE_OUTER_BOUND('',#1210,.T.);
#762=FACE_OUTER_BOUND('',#1211,.T.);
#763=FACE_OUTER_BOUND('',#1212,.T.);
#764=FACE_OUTER_BOUND('',#1213,.T.);
#765=FACE_OUTER_BOUND('',#1214,.T.);
#766=FACE_OUTER_BOUND('',#1215,.T.);
#767=FACE_OUTER_BOUND('',#1216,.T.);
#768=FACE_OUTER_BOUND('',#1217,.T.);
#769=FACE_OUTER_BOUND('',#1218,.T.);
#770=FACE_OUTER_BOUND('',#1219,.T.);
#771=FACE_OUTER_BOUND('',#1220,.T.);
#772=FACE_OUTER_BOUND('',#1221,.T.);
#773=FACE_OUTER_BOUND('',#1222,.T.);
#774=FACE_OUTER_BOUND('',#1223,.T.);
#775=FACE_OUTER_BOUND('',#1224,.T.);
#776=FACE_OUTER_BOUND('',#1225,.T.);
#777=FACE_OUTER_BOUND('',#1226,.T.);
#778=FACE_OUTER_BOUND('',#1227,.T.);
#779=FACE_OUTER_BOUND('',#1228,.T.);
#780=FACE_OUTER_BOUND('',#1229,.T.);
#781=FACE_OUTER_BOUND('',#1230,.T.);
#782=FACE_OUTER_BOUND('',#1231,.T.);
#783=FACE_OUTER_BOUND('',#1232,.T.);
#784=FACE_OUTER_BOUND('',#1233,.T.);
#785=FACE_OUTER_BOUND('',#1234,.T.);
#786=FACE_OUTER_BOUND('',#1238,.T.);
#787=FACE_OUTER_BOUND('',#1239,.T.);
#788=FACE_OUTER_BOUND('',#1240,.T.);
#789=FACE_OUTER_BOUND('',#1241,.T.);
#790=FACE_OUTER_BOUND('',#1242,.T.);
#791=FACE_OUTER_BOUND('',#1243,.T.);
#792=FACE_OUTER_BOUND('',#1244,.T.);
#793=FACE_OUTER_BOUND('',#1245,.T.);
#794=FACE_OUTER_BOUND('',#1246,.T.);
#795=FACE_OUTER_BOUND('',#1247,.T.);
#796=FACE_OUTER_BOUND('',#1248,.T.);
#797=FACE_OUTER_BOUND('',#1249,.T.);
#798=FACE_OUTER_BOUND('',#1250,.T.);
#799=FACE_OUTER_BOUND('',#1251,.T.);
#800=FACE_OUTER_BOUND('',#1252,.T.);
#801=FACE_OUTER_BOUND('',#1253,.T.);
#802=FACE_OUTER_BOUND('',#1254,.T.);
#803=FACE_OUTER_BOUND('',#1255,.T.);
#804=FACE_OUTER_BOUND('',#1256,.T.);
#805=FACE_OUTER_BOUND('',#1257,.T.);
#806=FACE_OUTER_BOUND('',#1258,.T.);
#807=FACE_OUTER_BOUND('',#1259,.T.);
#808=FACE_OUTER_BOUND('',#1260,.T.);
#809=FACE_OUTER_BOUND('',#1261,.T.);
#810=FACE_OUTER_BOUND('',#1262,.T.);
#811=FACE_OUTER_BOUND('',#1263,.T.);
#812=FACE_OUTER_BOUND('',#1264,.T.);
#813=FACE_OUTER_BOUND('',#1265,.T.);
#814=FACE_OUTER_BOUND('',#1266,.T.);
#815=FACE_OUTER_BOUND('',#1267,.T.);
#816=FACE_OUTER_BOUND('',#1268,.T.);
#817=FACE_OUTER_BOUND('',#1269,.T.);
#818=FACE_OUTER_BOUND('',#1270,.T.);
#819=FACE_OUTER_BOUND('',#1271,.T.);
#820=FACE_OUTER_BOUND('',#1272,.T.);
#821=FACE_OUTER_BOUND('',#1273,.T.);
#822=FACE_OUTER_BOUND('',#1274,.T.);
#823=FACE_OUTER_BOUND('',#1275,.T.);
#824=FACE_OUTER_BOUND('',#1276,.T.);
#825=FACE_OUTER_BOUND('',#1277,.T.);
#826=FACE_OUTER_BOUND('',#1278,.T.);
#827=FACE_OUTER_BOUND('',#1279,.T.);
#828=FACE_OUTER_BOUND('',#1280,.T.);
#829=FACE_OUTER_BOUND('',#1283,.T.);
#830=FACE_OUTER_BOUND('',#1284,.T.);
#831=FACE_OUTER_BOUND('',#1285,.T.);
#832=FACE_OUTER_BOUND('',#1286,.T.);
#833=FACE_OUTER_BOUND('',#1287,.T.);
#834=FACE_OUTER_BOUND('',#1289,.T.);
#835=FACE_OUTER_BOUND('',#1290,.T.);
#836=FACE_OUTER_BOUND('',#1291,.T.);
#837=FACE_OUTER_BOUND('',#1292,.T.);
#838=FACE_OUTER_BOUND('',#1293,.T.);
#839=FACE_OUTER_BOUND('',#1294,.T.);
#840=FACE_OUTER_BOUND('',#1295,.T.);
#841=FACE_OUTER_BOUND('',#1296,.T.);
#842=FACE_OUTER_BOUND('',#1303,.T.);
#843=FACE_OUTER_BOUND('',#1304,.T.);
#844=FACE_OUTER_BOUND('',#1305,.T.);
#845=FACE_OUTER_BOUND('',#1307,.T.);
#846=FACE_OUTER_BOUND('',#1308,.T.);
#847=FACE_OUTER_BOUND('',#1309,.T.);
#848=FACE_OUTER_BOUND('',#1310,.T.);
#849=FACE_OUTER_BOUND('',#1311,.T.);
#850=FACE_OUTER_BOUND('',#1312,.T.);
#851=FACE_OUTER_BOUND('',#1313,.T.);
#852=FACE_OUTER_BOUND('',#1314,.T.);
#853=FACE_OUTER_BOUND('',#1315,.T.);
#854=FACE_OUTER_BOUND('',#1316,.T.);
#855=FACE_OUTER_BOUND('',#1317,.T.);
#856=FACE_OUTER_BOUND('',#1318,.T.);
#857=FACE_OUTER_BOUND('',#1319,.T.);
#858=FACE_OUTER_BOUND('',#1321,.T.);
#859=FACE_OUTER_BOUND('',#1322,.T.);
#860=FACE_OUTER_BOUND('',#1323,.T.);
#861=FACE_OUTER_BOUND('',#1324,.T.);
#862=FACE_OUTER_BOUND('',#1326,.T.);
#863=FACE_OUTER_BOUND('',#1327,.T.);
#864=FACE_OUTER_BOUND('',#1328,.T.);
#865=FACE_OUTER_BOUND('',#1329,.T.);
#866=FACE_OUTER_BOUND('',#1331,.T.);
#867=FACE_OUTER_BOUND('',#1332,.T.);
#868=FACE_OUTER_BOUND('',#1333,.T.);
#869=FACE_OUTER_BOUND('',#1335,.T.);
#870=FACE_OUTER_BOUND('',#1336,.T.);
#871=FACE_OUTER_BOUND('',#1337,.T.);
#872=FACE_OUTER_BOUND('',#1338,.T.);
#873=FACE_OUTER_BOUND('',#1340,.T.);
#874=FACE_OUTER_BOUND('',#1341,.T.);
#875=FACE_OUTER_BOUND('',#1342,.T.);
#876=FACE_OUTER_BOUND('',#1343,.T.);
#877=FACE_OUTER_BOUND('',#1345,.T.);
#878=FACE_OUTER_BOUND('',#1346,.T.);
#879=FACE_OUTER_BOUND('',#1347,.T.);
#880=FACE_OUTER_BOUND('',#1348,.T.);
#881=FACE_OUTER_BOUND('',#1349,.T.);
#882=FACE_OUTER_BOUND('',#1350,.T.);
#883=FACE_OUTER_BOUND('',#1351,.T.);
#884=FACE_OUTER_BOUND('',#1352,.T.);
#885=FACE_OUTER_BOUND('',#1353,.T.);
#886=FACE_OUTER_BOUND('',#1354,.T.);
#887=FACE_OUTER_BOUND('',#1355,.T.);
#888=FACE_OUTER_BOUND('',#1356,.T.);
#889=FACE_OUTER_BOUND('',#1357,.T.);
#890=FACE_OUTER_BOUND('',#1358,.T.);
#891=FACE_OUTER_BOUND('',#1359,.T.);
#892=FACE_OUTER_BOUND('',#1360,.T.);
#893=FACE_OUTER_BOUND('',#1361,.T.);
#894=FACE_OUTER_BOUND('',#1362,.T.);
#895=FACE_OUTER_BOUND('',#1363,.T.);
#896=FACE_OUTER_BOUND('',#1364,.T.);
#897=FACE_OUTER_BOUND('',#1365,.T.);
#898=FACE_OUTER_BOUND('',#1366,.T.);
#899=FACE_OUTER_BOUND('',#1367,.T.);
#900=FACE_OUTER_BOUND('',#1368,.T.);
#901=FACE_OUTER_BOUND('',#1369,.T.);
#902=FACE_OUTER_BOUND('',#1370,.T.);
#903=FACE_OUTER_BOUND('',#1371,.T.);
#904=FACE_OUTER_BOUND('',#1372,.T.);
#905=FACE_OUTER_BOUND('',#1373,.T.);
#906=FACE_OUTER_BOUND('',#1374,.T.);
#907=FACE_OUTER_BOUND('',#1375,.T.);
#908=FACE_OUTER_BOUND('',#1376,.T.);
#909=FACE_OUTER_BOUND('',#1377,.T.);
#910=FACE_OUTER_BOUND('',#1378,.T.);
#911=FACE_OUTER_BOUND('',#1379,.T.);
#912=FACE_OUTER_BOUND('',#1380,.T.);
#913=FACE_OUTER_BOUND('',#1381,.T.);
#914=FACE_OUTER_BOUND('',#1382,.T.);
#915=FACE_OUTER_BOUND('',#1383,.T.);
#916=FACE_OUTER_BOUND('',#1384,.T.);
#917=FACE_OUTER_BOUND('',#1385,.T.);
#918=FACE_OUTER_BOUND('',#1386,.T.);
#919=FACE_OUTER_BOUND('',#1387,.T.);
#920=FACE_OUTER_BOUND('',#1388,.T.);
#921=FACE_OUTER_BOUND('',#1389,.T.);
#922=FACE_OUTER_BOUND('',#1390,.T.);
#923=FACE_OUTER_BOUND('',#1391,.T.);
#924=FACE_OUTER_BOUND('',#1392,.T.);
#925=FACE_OUTER_BOUND('',#1393,.T.);
#926=FACE_OUTER_BOUND('',#1394,.T.);
#927=FACE_OUTER_BOUND('',#1395,.T.);
#928=FACE_OUTER_BOUND('',#1396,.T.);
#929=FACE_OUTER_BOUND('',#1397,.T.);
#930=FACE_OUTER_BOUND('',#1398,.T.);
#931=FACE_OUTER_BOUND('',#1399,.T.);
#932=FACE_OUTER_BOUND('',#1400,.T.);
#933=FACE_OUTER_BOUND('',#1401,.T.);
#934=FACE_OUTER_BOUND('',#1402,.T.);
#935=FACE_OUTER_BOUND('',#1404,.T.);
#936=FACE_OUTER_BOUND('',#1405,.T.);
#937=FACE_OUTER_BOUND('',#1406,.T.);
#938=FACE_OUTER_BOUND('',#1407,.T.);
#939=FACE_OUTER_BOUND('',#1408,.T.);
#940=FACE_OUTER_BOUND('',#1409,.T.);
#941=FACE_OUTER_BOUND('',#1410,.T.);
#942=FACE_OUTER_BOUND('',#1411,.T.);
#943=FACE_OUTER_BOUND('',#1412,.T.);
#944=FACE_OUTER_BOUND('',#1413,.T.);
#945=FACE_OUTER_BOUND('',#1414,.T.);
#946=FACE_OUTER_BOUND('',#1415,.T.);
#947=FACE_OUTER_BOUND('',#1416,.T.);
#948=FACE_OUTER_BOUND('',#1417,.T.);
#949=FACE_OUTER_BOUND('',#1418,.T.);
#950=FACE_OUTER_BOUND('',#1419,.T.);
#951=FACE_OUTER_BOUND('',#1420,.T.);
#952=FACE_OUTER_BOUND('',#1421,.T.);
#953=FACE_OUTER_BOUND('',#1422,.T.);
#954=FACE_OUTER_BOUND('',#1423,.T.);
#955=FACE_OUTER_BOUND('',#1424,.T.);
#956=FACE_OUTER_BOUND('',#1425,.T.);
#957=FACE_OUTER_BOUND('',#1426,.T.);
#958=FACE_OUTER_BOUND('',#1427,.T.);
#959=FACE_OUTER_BOUND('',#1428,.T.);
#960=FACE_OUTER_BOUND('',#1429,.T.);
#961=FACE_OUTER_BOUND('',#1430,.T.);
#962=FACE_OUTER_BOUND('',#1431,.T.);
#963=FACE_OUTER_BOUND('',#1432,.T.);
#964=FACE_OUTER_BOUND('',#1434,.T.);
#965=FACE_OUTER_BOUND('',#1435,.T.);
#966=FACE_OUTER_BOUND('',#1436,.T.);
#967=FACE_OUTER_BOUND('',#1437,.T.);
#968=FACE_OUTER_BOUND('',#1438,.T.);
#969=FACE_OUTER_BOUND('',#1439,.T.);
#970=FACE_OUTER_BOUND('',#1440,.T.);
#971=FACE_OUTER_BOUND('',#1441,.T.);
#972=FACE_OUTER_BOUND('',#1442,.T.);
#973=FACE_OUTER_BOUND('',#1443,.T.);
#974=FACE_OUTER_BOUND('',#1444,.T.);
#975=FACE_OUTER_BOUND('',#1445,.T.);
#976=FACE_OUTER_BOUND('',#1446,.T.);
#977=FACE_OUTER_BOUND('',#1447,.T.);
#978=FACE_OUTER_BOUND('',#1448,.T.);
#979=FACE_OUTER_BOUND('',#1449,.T.);
#980=FACE_OUTER_BOUND('',#1450,.T.);
#981=FACE_OUTER_BOUND('',#1452,.T.);
#982=FACE_OUTER_BOUND('',#1453,.T.);
#983=FACE_OUTER_BOUND('',#1454,.T.);
#984=FACE_OUTER_BOUND('',#1455,.T.);
#985=FACE_OUTER_BOUND('',#1456,.T.);
#986=FACE_OUTER_BOUND('',#1457,.T.);
#987=FACE_OUTER_BOUND('',#1458,.T.);
#988=FACE_OUTER_BOUND('',#1459,.T.);
#989=FACE_OUTER_BOUND('',#1461,.T.);
#990=FACE_OUTER_BOUND('',#1462,.T.);
#991=FACE_OUTER_BOUND('',#1463,.T.);
#992=FACE_OUTER_BOUND('',#1464,.T.);
#993=FACE_OUTER_BOUND('',#1465,.T.);
#994=FACE_OUTER_BOUND('',#1466,.T.);
#995=FACE_OUTER_BOUND('',#1467,.T.);
#996=FACE_OUTER_BOUND('',#1468,.T.);
#997=FACE_OUTER_BOUND('',#1469,.T.);
#998=FACE_OUTER_BOUND('',#1470,.T.);
#999=FACE_OUTER_BOUND('',#1471,.T.);
#1000=FACE_OUTER_BOUND('',#1472,.T.);
#1001=FACE_OUTER_BOUND('',#1473,.T.);
#1002=FACE_OUTER_BOUND('',#1474,.T.);
#1003=FACE_OUTER_BOUND('',#1476,.T.);
#1004=FACE_OUTER_BOUND('',#1477,.T.);
#1005=FACE_OUTER_BOUND('',#1478,.T.);
#1006=FACE_OUTER_BOUND('',#1479,.T.);
#1007=FACE_OUTER_BOUND('',#1480,.T.);
#1008=FACE_OUTER_BOUND('',#1481,.T.);
#1009=FACE_OUTER_BOUND('',#1482,.T.);
#1010=FACE_OUTER_BOUND('',#1483,.T.);
#1011=FACE_OUTER_BOUND('',#1484,.T.);
#1012=FACE_OUTER_BOUND('',#1485,.T.);
#1013=FACE_OUTER_BOUND('',#1486,.T.);
#1014=FACE_OUTER_BOUND('',#1487,.T.);
#1015=FACE_OUTER_BOUND('',#1488,.T.);
#1016=FACE_OUTER_BOUND('',#1489,.T.);
#1017=FACE_OUTER_BOUND('',#1490,.T.);
#1018=FACE_OUTER_BOUND('',#1491,.T.);
#1019=FACE_OUTER_BOUND('',#1492,.T.);
#1020=FACE_OUTER_BOUND('',#1493,.T.);
#1021=FACE_OUTER_BOUND('',#1494,.T.);
#1022=FACE_OUTER_BOUND('',#1495,.T.);
#1023=FACE_OUTER_BOUND('',#1496,.T.);
#1024=FACE_OUTER_BOUND('',#1497,.T.);
#1025=FACE_OUTER_BOUND('',#1498,.T.);
#1026=FACE_OUTER_BOUND('',#1499,.T.);
#1027=FACE_OUTER_BOUND('',#1500,.T.);
#1028=FACE_OUTER_BOUND('',#1501,.T.);
#1029=FACE_OUTER_BOUND('',#1502,.T.);
#1030=FACE_OUTER_BOUND('',#1503,.T.);
#1031=FACE_OUTER_BOUND('',#1504,.T.);
#1032=FACE_OUTER_BOUND('',#1505,.T.);
#1033=FACE_OUTER_BOUND('',#1506,.T.);
#1034=FACE_OUTER_BOUND('',#1507,.T.);
#1035=FACE_OUTER_BOUND('',#1508,.T.);
#1036=FACE_OUTER_BOUND('',#1509,.T.);
#1037=FACE_OUTER_BOUND('',#1510,.T.);
#1038=FACE_OUTER_BOUND('',#1511,.T.);
#1039=FACE_OUTER_BOUND('',#1512,.T.);
#1040=FACE_OUTER_BOUND('',#1513,.T.);
#1041=FACE_OUTER_BOUND('',#1514,.T.);
#1042=FACE_OUTER_BOUND('',#1515,.T.);
#1043=FACE_OUTER_BOUND('',#1516,.T.);
#1044=FACE_OUTER_BOUND('',#1517,.T.);
#1045=FACE_OUTER_BOUND('',#1518,.T.);
#1046=FACE_OUTER_BOUND('',#1519,.T.);
#1047=FACE_OUTER_BOUND('',#1520,.T.);
#1048=FACE_OUTER_BOUND('',#1521,.T.);
#1049=FACE_OUTER_BOUND('',#1522,.T.);
#1050=FACE_OUTER_BOUND('',#1523,.T.);
#1051=FACE_OUTER_BOUND('',#1524,.T.);
#1052=FACE_OUTER_BOUND('',#1525,.T.);
#1053=FACE_OUTER_BOUND('',#1526,.T.);
#1054=FACE_OUTER_BOUND('',#1527,.T.);
#1055=FACE_OUTER_BOUND('',#1528,.T.);
#1056=FACE_OUTER_BOUND('',#1529,.T.);
#1057=FACE_OUTER_BOUND('',#1530,.T.);
#1058=FACE_OUTER_BOUND('',#1531,.T.);
#1059=FACE_OUTER_BOUND('',#1532,.T.);
#1060=FACE_OUTER_BOUND('',#1533,.T.);
#1061=FACE_OUTER_BOUND('',#1534,.T.);
#1062=FACE_OUTER_BOUND('',#1535,.T.);
#1063=FACE_OUTER_BOUND('',#1536,.T.);
#1064=FACE_OUTER_BOUND('',#1537,.T.);
#1065=FACE_OUTER_BOUND('',#1538,.T.);
#1066=FACE_OUTER_BOUND('',#1539,.T.);
#1067=FACE_OUTER_BOUND('',#1540,.T.);
#1068=FACE_OUTER_BOUND('',#1541,.T.);
#1069=FACE_OUTER_BOUND('',#1542,.T.);
#1070=FACE_OUTER_BOUND('',#1543,.T.);
#1071=FACE_OUTER_BOUND('',#1544,.T.);
#1072=FACE_OUTER_BOUND('',#1545,.T.);
#1073=FACE_OUTER_BOUND('',#1546,.T.);
#1074=FACE_OUTER_BOUND('',#1547,.T.);
#1075=FACE_OUTER_BOUND('',#1548,.T.);
#1076=FACE_OUTER_BOUND('',#1549,.T.);
#1077=FACE_OUTER_BOUND('',#1550,.T.);
#1078=FACE_OUTER_BOUND('',#1551,.T.);
#1079=FACE_OUTER_BOUND('',#1552,.T.);
#1080=FACE_OUTER_BOUND('',#1553,.T.);
#1081=FACE_OUTER_BOUND('',#1554,.T.);
#1082=FACE_OUTER_BOUND('',#1555,.T.);
#1083=FACE_OUTER_BOUND('',#1556,.T.);
#1084=FACE_OUTER_BOUND('',#1557,.T.);
#1085=FACE_OUTER_BOUND('',#1558,.T.);
#1086=FACE_OUTER_BOUND('',#1559,.T.);
#1087=FACE_OUTER_BOUND('',#1560,.T.);
#1088=FACE_OUTER_BOUND('',#1561,.T.);
#1089=FACE_OUTER_BOUND('',#1562,.T.);
#1090=FACE_OUTER_BOUND('',#1563,.T.);
#1091=FACE_OUTER_BOUND('',#1564,.T.);
#1092=FACE_OUTER_BOUND('',#1565,.T.);
#1093=FACE_OUTER_BOUND('',#1566,.T.);
#1094=FACE_OUTER_BOUND('',#1567,.T.);
#1095=FACE_OUTER_BOUND('',#1568,.T.);
#1096=FACE_OUTER_BOUND('',#1569,.T.);
#1097=FACE_OUTER_BOUND('',#1570,.T.);
#1098=FACE_OUTER_BOUND('',#1571,.T.);
#1099=FACE_OUTER_BOUND('',#1574,.T.);
#1100=FACE_OUTER_BOUND('',#1575,.T.);
#1101=FACE_OUTER_BOUND('',#1576,.T.);
#1102=FACE_OUTER_BOUND('',#1577,.T.);
#1103=FACE_OUTER_BOUND('',#1578,.T.);
#1104=FACE_OUTER_BOUND('',#1579,.T.);
#1105=FACE_OUTER_BOUND('',#1580,.T.);
#1106=FACE_OUTER_BOUND('',#1581,.T.);
#1107=FACE_OUTER_BOUND('',#1582,.T.);
#1108=FACE_OUTER_BOUND('',#1583,.T.);
#1109=FACE_OUTER_BOUND('',#1584,.T.);
#1110=FACE_OUTER_BOUND('',#1585,.T.);
#1111=FACE_OUTER_BOUND('',#1586,.T.);
#1112=FACE_OUTER_BOUND('',#1587,.T.);
#1113=FACE_OUTER_BOUND('',#1588,.T.);
#1114=FACE_OUTER_BOUND('',#1589,.T.);
#1115=FACE_OUTER_BOUND('',#1590,.T.);
#1116=FACE_OUTER_BOUND('',#1591,.T.);
#1117=FACE_OUTER_BOUND('',#1592,.T.);
#1118=FACE_OUTER_BOUND('',#1593,.T.);
#1119=FACE_OUTER_BOUND('',#1594,.T.);
#1120=EDGE_LOOP('',(#4804,#4805,#4806,#4807,#4808,#4809));
#1121=EDGE_LOOP('',(#4810,#4811,#4812,#4813));
#1122=EDGE_LOOP('',(#4814,#4815,#4816,#4817));
#1123=EDGE_LOOP('',(#4818,#4819,#4820,#4821));
#1124=EDGE_LOOP('',(#4822,#4823,#4824,#4825));
#1125=EDGE_LOOP('',(#4826,#4827,#4828,#4829));
#1126=EDGE_LOOP('',(#4830,#4831,#4832,#4833));
#1127=EDGE_LOOP('',(#4834,#4835,#4836,#4837,#4838,#4839));
#1128=EDGE_LOOP('',(#4840,#4841,#4842));
#1129=EDGE_LOOP('',(#4843,#4844,#4845,#4846));
#1130=EDGE_LOOP('',(#4847,#4848,#4849,#4850));
#1131=EDGE_LOOP('',(#4851,#4852,#4853,#4854));
#1132=EDGE_LOOP('',(#4855,#4856,#4857));
#1133=EDGE_LOOP('',(#4858,#4859,#4860));
#1134=EDGE_LOOP('',(#4861,#4862,#4863,#4864));
#1135=EDGE_LOOP('',(#4865,#4866,#4867,#4868));
#1136=EDGE_LOOP('',(#4869,#4870,#4871,#4872));
#1137=EDGE_LOOP('',(#4873,#4874,#4875));
#1138=EDGE_LOOP('',(#4876,#4877,#4878,#4879,#4880,#4881));
#1139=EDGE_LOOP('',(#4882,#4883,#4884,#4885));
#1140=EDGE_LOOP('',(#4886,#4887,#4888,#4889));
#1141=EDGE_LOOP('',(#4890,#4891,#4892,#4893));
#1142=EDGE_LOOP('',(#4894,#4895,#4896,#4897));
#1143=EDGE_LOOP('',(#4898,#4899,#4900,#4901));
#1144=EDGE_LOOP('',(#4902,#4903,#4904,#4905));
#1145=EDGE_LOOP('',(#4906,#4907,#4908,#4909,#4910,#4911));
#1146=EDGE_LOOP('',(#4912,#4913,#4914,#4915));
#1147=EDGE_LOOP('',(#4916,#4917,#4918,#4919));
#1148=EDGE_LOOP('',(#4920,#4921,#4922,#4923));
#1149=EDGE_LOOP('',(#4924,#4925,#4926,#4927));
#1150=EDGE_LOOP('',(#4928,#4929,#4930,#4931));
#1151=EDGE_LOOP('',(#4932,#4933,#4934,#4935));
#1152=EDGE_LOOP('',(#4936,#4937,#4938,#4939,#4940,#4941));
#1153=EDGE_LOOP('',(#4942,#4943,#4944,#4945));
#1154=EDGE_LOOP('',(#4946,#4947,#4948,#4949));
#1155=EDGE_LOOP('',(#4950,#4951,#4952,#4953));
#1156=EDGE_LOOP('',(#4954,#4955,#4956,#4957));
#1157=EDGE_LOOP('',(#4958,#4959,#4960,#4961));
#1158=EDGE_LOOP('',(#4962,#4963,#4964,#4965));
#1159=EDGE_LOOP('',(#4966,#4967,#4968,#4969,#4970,#4971));
#1160=EDGE_LOOP('',(#4972,#4973,#4974,#4975,#4976,#4977,#4978));
#1161=EDGE_LOOP('',(#4979,#4980,#4981,#4982));
#1162=EDGE_LOOP('',(#4983,#4984,#4985,#4986));
#1163=EDGE_LOOP('',(#4987,#4988,#4989,#4990));
#1164=EDGE_LOOP('',(#4991,#4992,#4993,#4994));
#1165=EDGE_LOOP('',(#4995,#4996,#4997,#4998));
#1166=EDGE_LOOP('',(#4999,#5000,#5001,#5002));
#1167=EDGE_LOOP('',(#5003,#5004,#5005,#5006));
#1168=EDGE_LOOP('',(#5007,#5008,#5009,#5010));
#1169=EDGE_LOOP('',(#5011,#5012,#5013,#5014));
#1170=EDGE_LOOP('',(#5015,#5016,#5017,#5018));
#1171=EDGE_LOOP('',(#5019,#5020,#5021,#5022));
#1172=EDGE_LOOP('',(#5023,#5024,#5025,#5026));
#1173=EDGE_LOOP('',(#5027,#5028,#5029,#5030,#5031,#5032,#5033));
#1174=EDGE_LOOP('',(#5034,#5035,#5036,#5037));
#1175=EDGE_LOOP('',(#5038,#5039,#5040,#5041,#5042));
#1176=EDGE_LOOP('',(#5043,#5044,#5045,#5046));
#1177=EDGE_LOOP('',(#5047,#5048,#5049,#5050));
#1178=EDGE_LOOP('',(#5051,#5052,#5053,#5054));
#1179=EDGE_LOOP('',(#5055,#5056,#5057,#5058));
#1180=EDGE_LOOP('',(#5059,#5060,#5061,#5062));
#1181=EDGE_LOOP('',(#5063,#5064,#5065,#5066));
#1182=EDGE_LOOP('',(#5067,#5068,#5069,#5070));
#1183=EDGE_LOOP('',(#5071,#5072,#5073,#5074));
#1184=EDGE_LOOP('',(#5075,#5076,#5077,#5078));
#1185=EDGE_LOOP('',(#5079,#5080,#5081,#5082));
#1186=EDGE_LOOP('',(#5083,#5084,#5085,#5086,#5087));
#1187=EDGE_LOOP('',(#5088,#5089,#5090,#5091));
#1188=EDGE_LOOP('',(#5092,#5093,#5094,#5095));
#1189=EDGE_LOOP('',(#5096,#5097,#5098,#5099));
#1190=EDGE_LOOP('',(#5100,#5101,#5102,#5103));
#1191=EDGE_LOOP('',(#5104,#5105,#5106,#5107));
#1192=EDGE_LOOP('',(#5108,#5109,#5110,#5111));
#1193=EDGE_LOOP('',(#5112,#5113,#5114,#5115));
#1194=EDGE_LOOP('',(#5116,#5117,#5118,#5119));
#1195=EDGE_LOOP('',(#5120,#5121,#5122,#5123));
#1196=EDGE_LOOP('',(#5124,#5125,#5126,#5127));
#1197=EDGE_LOOP('',(#5128,#5129,#5130,#5131));
#1198=EDGE_LOOP('',(#5132,#5133,#5134,#5135));
#1199=EDGE_LOOP('',(#5136,#5137,#5138,#5139));
#1200=EDGE_LOOP('',(#5140));
#1201=EDGE_LOOP('',(#5141));
#1202=EDGE_LOOP('',(#5142));
#1203=EDGE_LOOP('',(#5143));
#1204=EDGE_LOOP('',(#5144));
#1205=EDGE_LOOP('',(#5145));
#1206=EDGE_LOOP('',(#5146));
#1207=EDGE_LOOP('',(#5147));
#1208=EDGE_LOOP('',(#5148,#5149,#5150,#5151));
#1209=EDGE_LOOP('',(#5152,#5153,#5154,#5155));
#1210=EDGE_LOOP('',(#5156,#5157,#5158,#5159,#5160));
#1211=EDGE_LOOP('',(#5161,#5162,#5163,#5164,#5165));
#1212=EDGE_LOOP('',(#5166,#5167,#5168,#5169));
#1213=EDGE_LOOP('',(#5170,#5171,#5172,#5173,#5174));
#1214=EDGE_LOOP('',(#5175,#5176,#5177,#5178));
#1215=EDGE_LOOP('',(#5179,#5180,#5181,#5182));
#1216=EDGE_LOOP('',(#5183,#5184,#5185,#5186));
#1217=EDGE_LOOP('',(#5187,#5188,#5189,#5190));
#1218=EDGE_LOOP('',(#5191,#5192,#5193,#5194,#5195));
#1219=EDGE_LOOP('',(#5196,#5197,#5198,#5199));
#1220=EDGE_LOOP('',(#5200,#5201,#5202,#5203,#5204));
#1221=EDGE_LOOP('',(#5205,#5206,#5207,#5208));
#1222=EDGE_LOOP('',(#5209,#5210,#5211,#5212,#5213,#5214,#5215,#5216,#5217,
#5218,#5219,#5220));
#1223=EDGE_LOOP('',(#5221,#5222,#5223,#5224));
#1224=EDGE_LOOP('',(#5225,#5226,#5227,#5228));
#1225=EDGE_LOOP('',(#5229,#5230,#5231,#5232));
#1226=EDGE_LOOP('',(#5233,#5234,#5235,#5236));
#1227=EDGE_LOOP('',(#5237,#5238,#5239,#5240));
#1228=EDGE_LOOP('',(#5241,#5242,#5243,#5244));
#1229=EDGE_LOOP('',(#5245,#5246,#5247,#5248,#5249,#5250));
#1230=EDGE_LOOP('',(#5251,#5252,#5253,#5254,#5255));
#1231=EDGE_LOOP('',(#5256,#5257,#5258,#5259,#5260));
#1232=EDGE_LOOP('',(#5261,#5262,#5263,#5264,#5265,#5266));
#1233=EDGE_LOOP('',(#5267,#5268,#5269,#5270,#5271,#5272));
#1234=EDGE_LOOP('',(#5273,#5274,#5275,#5276,#5277,#5278,#5279,#5280));
#1235=EDGE_LOOP('',(#5281,#5282,#5283,#5284,#5285,#5286,#5287,#5288,#5289,
#5290,#5291,#5292,#5293,#5294,#5295,#5296,#5297,#5298,#5299,#5300,#5301,
#5302,#5303,#5304));
#1236=EDGE_LOOP('',(#5305,#5306));
#1237=EDGE_LOOP('',(#5307,#5308,#5309,#5310));
#1238=EDGE_LOOP('',(#5311,#5312,#5313,#5314,#5315,#5316,#5317,#5318,#5319,
#5320,#5321,#5322));
#1239=EDGE_LOOP('',(#5323,#5324,#5325,#5326,#5327));
#1240=EDGE_LOOP('',(#5328,#5329,#5330,#5331));
#1241=EDGE_LOOP('',(#5332,#5333,#5334,#5335));
#1242=EDGE_LOOP('',(#5336,#5337,#5338,#5339));
#1243=EDGE_LOOP('',(#5340,#5341,#5342,#5343));
#1244=EDGE_LOOP('',(#5344,#5345,#5346,#5347));
#1245=EDGE_LOOP('',(#5348,#5349,#5350,#5351));
#1246=EDGE_LOOP('',(#5352,#5353,#5354,#5355,#5356,#5357));
#1247=EDGE_LOOP('',(#5358,#5359,#5360,#5361));
#1248=EDGE_LOOP('',(#5362,#5363,#5364,#5365,#5366,#5367,#5368,#5369));
#1249=EDGE_LOOP('',(#5370,#5371,#5372,#5373,#5374,#5375,#5376,#5377,#5378,
#5379,#5380,#5381));
#1250=EDGE_LOOP('',(#5382,#5383,#5384,#5385));
#1251=EDGE_LOOP('',(#5386,#5387,#5388,#5389));
#1252=EDGE_LOOP('',(#5390,#5391,#5392,#5393));
#1253=EDGE_LOOP('',(#5394,#5395,#5396,#5397));
#1254=EDGE_LOOP('',(#5398,#5399,#5400,#5401,#5402));
#1255=EDGE_LOOP('',(#5403,#5404,#5405,#5406));
#1256=EDGE_LOOP('',(#5407,#5408,#5409,#5410,#5411));
#1257=EDGE_LOOP('',(#5412,#5413,#5414,#5415,#5416));
#1258=EDGE_LOOP('',(#5417,#5418,#5419,#5420,#5421,#5422));
#1259=EDGE_LOOP('',(#5423,#5424,#5425,#5426));
#1260=EDGE_LOOP('',(#5427,#5428,#5429,#5430,#5431,#5432,#5433,#5434,#5435,
#5436,#5437,#5438));
#1261=EDGE_LOOP('',(#5439,#5440,#5441,#5442));
#1262=EDGE_LOOP('',(#5443,#5444,#5445,#5446,#5447));
#1263=EDGE_LOOP('',(#5448,#5449,#5450,#5451));
#1264=EDGE_LOOP('',(#5452,#5453,#5454,#5455,#5456));
#1265=EDGE_LOOP('',(#5457,#5458,#5459,#5460));
#1266=EDGE_LOOP('',(#5461,#5462,#5463,#5464,#5465));
#1267=EDGE_LOOP('',(#5466,#5467,#5468,#5469));
#1268=EDGE_LOOP('',(#5470,#5471,#5472,#5473,#5474));
#1269=EDGE_LOOP('',(#5475,#5476,#5477,#5478,#5479,#5480));
#1270=EDGE_LOOP('',(#5481,#5482,#5483,#5484,#5485,#5486,#5487,#5488));
#1271=EDGE_LOOP('',(#5489,#5490,#5491,#5492));
#1272=EDGE_LOOP('',(#5493,#5494,#5495,#5496,#5497,#5498,#5499,#5500,#5501,
#5502,#5503,#5504,#5505,#5506,#5507,#5508));
#1273=EDGE_LOOP('',(#5509,#5510,#5511,#5512));
#1274=EDGE_LOOP('',(#5513,#5514,#5515,#5516));
#1275=EDGE_LOOP('',(#5517,#5518,#5519,#5520,#5521,#5522,#5523,#5524,#5525,
#5526,#5527,#5528,#5529,#5530,#5531,#5532));
#1276=EDGE_LOOP('',(#5533,#5534,#5535,#5536));
#1277=EDGE_LOOP('',(#5537,#5538,#5539,#5540));
#1278=EDGE_LOOP('',(#5541,#5542,#5543,#5544));
#1279=EDGE_LOOP('',(#5545,#5546,#5547,#5548,#5549));
#1280=EDGE_LOOP('',(#5550,#5551,#5552,#5553,#5554,#5555,#5556,#5557,#5558,
#5559,#5560,#5561,#5562,#5563,#5564,#5565));
#1281=EDGE_LOOP('',(#5566));
#1282=EDGE_LOOP('',(#5567));
#1283=EDGE_LOOP('',(#5568,#5569,#5570,#5571));
#1284=EDGE_LOOP('',(#5572,#5573,#5574,#5575));
#1285=EDGE_LOOP('',(#5576,#5577,#5578,#5579));
#1286=EDGE_LOOP('',(#5580,#5581,#5582,#5583));
#1287=EDGE_LOOP('',(#5584,#5585,#5586,#5587));
#1288=EDGE_LOOP('',(#5588,#5589,#5590,#5591));
#1289=EDGE_LOOP('',(#5592,#5593,#5594,#5595));
#1290=EDGE_LOOP('',(#5596,#5597,#5598,#5599));
#1291=EDGE_LOOP('',(#5600,#5601,#5602,#5603));
#1292=EDGE_LOOP('',(#5604,#5605,#5606,#5607));
#1293=EDGE_LOOP('',(#5608,#5609,#5610,#5611));
#1294=EDGE_LOOP('',(#5612,#5613,#5614,#5615));
#1295=EDGE_LOOP('',(#5616,#5617,#5618,#5619));
#1296=EDGE_LOOP('',(#5620,#5621,#5622,#5623,#5624,#5625,#5626,#5627,#5628,
#5629,#5630,#5631,#5632,#5633));
#1297=EDGE_LOOP('',(#5634,#5635,#5636,#5637));
#1298=EDGE_LOOP('',(#5638));
#1299=EDGE_LOOP('',(#5639));
#1300=EDGE_LOOP('',(#5640,#5641,#5642,#5643,#5644,#5645,#5646,#5647,#5648,
#5649,#5650,#5651,#5652,#5653,#5654,#5655));
#1301=EDGE_LOOP('',(#5656));
#1302=EDGE_LOOP('',(#5657));
#1303=EDGE_LOOP('',(#5658,#5659,#5660,#5661));
#1304=EDGE_LOOP('',(#5662,#5663,#5664,#5665));
#1305=EDGE_LOOP('',(#5666,#5667,#5668,#5669,#5670,#5671,#5672,#5673));
#1306=EDGE_LOOP('',(#5674,#5675,#5676,#5677));
#1307=EDGE_LOOP('',(#5678,#5679,#5680,#5681));
#1308=EDGE_LOOP('',(#5682,#5683,#5684,#5685));
#1309=EDGE_LOOP('',(#5686,#5687,#5688,#5689));
#1310=EDGE_LOOP('',(#5690,#5691,#5692,#5693));
#1311=EDGE_LOOP('',(#5694,#5695,#5696,#5697));
#1312=EDGE_LOOP('',(#5698,#5699,#5700,#5701));
#1313=EDGE_LOOP('',(#5702,#5703,#5704,#5705,#5706,#5707,#5708,#5709));
#1314=EDGE_LOOP('',(#5710,#5711,#5712,#5713,#5714,#5715,#5716,#5717,#5718,
#5719,#5720,#5721));
#1315=EDGE_LOOP('',(#5722,#5723,#5724,#5725));
#1316=EDGE_LOOP('',(#5726,#5727,#5728,#5729));
#1317=EDGE_LOOP('',(#5730,#5731,#5732,#5733));
#1318=EDGE_LOOP('',(#5734,#5735,#5736,#5737,#5738,#5739));
#1319=EDGE_LOOP('',(#5740));
#1320=EDGE_LOOP('',(#5741));
#1321=EDGE_LOOP('',(#5742,#5743,#5744,#5745,#5746,#5747,#5748,#5749,#5750,
#5751,#5752,#5753,#5754,#5755,#5756,#5757,#5758,#5759,#5760,#5761,#5762,
#5763));
#1322=EDGE_LOOP('',(#5764,#5765,#5766,#5767));
#1323=EDGE_LOOP('',(#5768,#5769,#5770,#5771));
#1324=EDGE_LOOP('',(#5772));
#1325=EDGE_LOOP('',(#5773));
#1326=EDGE_LOOP('',(#5774));
#1327=EDGE_LOOP('',(#5775,#5776,#5777,#5778));
#1328=EDGE_LOOP('',(#5779,#5780,#5781,#5782));
#1329=EDGE_LOOP('',(#5783));
#1330=EDGE_LOOP('',(#5784));
#1331=EDGE_LOOP('',(#5785));
#1332=EDGE_LOOP('',(#5786,#5787,#5788,#5789,#5790,#5791));
#1333=EDGE_LOOP('',(#5792));
#1334=EDGE_LOOP('',(#5793));
#1335=EDGE_LOOP('',(#5794));
#1336=EDGE_LOOP('',(#5795,#5796,#5797,#5798));
#1337=EDGE_LOOP('',(#5799,#5800,#5801,#5802));
#1338=EDGE_LOOP('',(#5803));
#1339=EDGE_LOOP('',(#5804));
#1340=EDGE_LOOP('',(#5805));
#1341=EDGE_LOOP('',(#5806,#5807,#5808,#5809));
#1342=EDGE_LOOP('',(#5810,#5811,#5812,#5813));
#1343=EDGE_LOOP('',(#5814));
#1344=EDGE_LOOP('',(#5815));
#1345=EDGE_LOOP('',(#5816));
#1346=EDGE_LOOP('',(#5817,#5818,#5819,#5820));
#1347=EDGE_LOOP('',(#5821,#5822,#5823,#5824));
#1348=EDGE_LOOP('',(#5825,#5826,#5827,#5828));
#1349=EDGE_LOOP('',(#5829,#5830,#5831,#5832));
#1350=EDGE_LOOP('',(#5833,#5834,#5835,#5836));
#1351=EDGE_LOOP('',(#5837,#5838,#5839,#5840));
#1352=EDGE_LOOP('',(#5841,#5842,#5843,#5844));
#1353=EDGE_LOOP('',(#5845,#5846,#5847,#5848));
#1354=EDGE_LOOP('',(#5849,#5850,#5851,#5852));
#1355=EDGE_LOOP('',(#5853,#5854,#5855,#5856));
#1356=EDGE_LOOP('',(#5857,#5858,#5859,#5860));
#1357=EDGE_LOOP('',(#5861,#5862,#5863,#5864));
#1358=EDGE_LOOP('',(#5865,#5866,#5867,#5868));
#1359=EDGE_LOOP('',(#5869,#5870,#5871,#5872));
#1360=EDGE_LOOP('',(#5873,#5874,#5875,#5876));
#1361=EDGE_LOOP('',(#5877,#5878,#5879,#5880));
#1362=EDGE_LOOP('',(#5881,#5882,#5883,#5884));
#1363=EDGE_LOOP('',(#5885,#5886,#5887,#5888));
#1364=EDGE_LOOP('',(#5889,#5890,#5891,#5892));
#1365=EDGE_LOOP('',(#5893,#5894,#5895,#5896));
#1366=EDGE_LOOP('',(#5897,#5898,#5899,#5900));
#1367=EDGE_LOOP('',(#5901,#5902,#5903,#5904));
#1368=EDGE_LOOP('',(#5905,#5906,#5907,#5908));
#1369=EDGE_LOOP('',(#5909,#5910,#5911,#5912));
#1370=EDGE_LOOP('',(#5913,#5914,#5915,#5916));
#1371=EDGE_LOOP('',(#5917,#5918,#5919,#5920));
#1372=EDGE_LOOP('',(#5921,#5922,#5923,#5924));
#1373=EDGE_LOOP('',(#5925,#5926,#5927,#5928));
#1374=EDGE_LOOP('',(#5929,#5930,#5931,#5932));
#1375=EDGE_LOOP('',(#5933,#5934,#5935,#5936));
#1376=EDGE_LOOP('',(#5937,#5938,#5939,#5940));
#1377=EDGE_LOOP('',(#5941,#5942,#5943,#5944));
#1378=EDGE_LOOP('',(#5945,#5946,#5947,#5948));
#1379=EDGE_LOOP('',(#5949,#5950,#5951,#5952));
#1380=EDGE_LOOP('',(#5953,#5954,#5955,#5956));
#1381=EDGE_LOOP('',(#5957,#5958,#5959,#5960));
#1382=EDGE_LOOP('',(#5961,#5962,#5963,#5964));
#1383=EDGE_LOOP('',(#5965,#5966,#5967,#5968));
#1384=EDGE_LOOP('',(#5969,#5970,#5971,#5972));
#1385=EDGE_LOOP('',(#5973,#5974,#5975,#5976));
#1386=EDGE_LOOP('',(#5977,#5978,#5979,#5980));
#1387=EDGE_LOOP('',(#5981,#5982,#5983,#5984));
#1388=EDGE_LOOP('',(#5985,#5986,#5987,#5988));
#1389=EDGE_LOOP('',(#5989,#5990,#5991,#5992));
#1390=EDGE_LOOP('',(#5993,#5994,#5995,#5996));
#1391=EDGE_LOOP('',(#5997,#5998,#5999,#6000));
#1392=EDGE_LOOP('',(#6001,#6002,#6003,#6004));
#1393=EDGE_LOOP('',(#6005,#6006,#6007,#6008));
#1394=EDGE_LOOP('',(#6009,#6010,#6011,#6012));
#1395=EDGE_LOOP('',(#6013,#6014,#6015,#6016));
#1396=EDGE_LOOP('',(#6017,#6018,#6019,#6020));
#1397=EDGE_LOOP('',(#6021,#6022,#6023,#6024));
#1398=EDGE_LOOP('',(#6025,#6026,#6027,#6028,#6029,#6030,#6031,#6032));
#1399=EDGE_LOOP('',(#6033,#6034,#6035,#6036));
#1400=EDGE_LOOP('',(#6037,#6038,#6039,#6040));
#1401=EDGE_LOOP('',(#6041,#6042,#6043,#6044,#6045,#6046,#6047,#6048));
#1402=EDGE_LOOP('',(#6049,#6050,#6051,#6052));
#1403=EDGE_LOOP('',(#6053,#6054));
#1404=EDGE_LOOP('',(#6055,#6056,#6057,#6058));
#1405=EDGE_LOOP('',(#6059,#6060,#6061,#6062));
#1406=EDGE_LOOP('',(#6063,#6064,#6065,#6066));
#1407=EDGE_LOOP('',(#6067,#6068,#6069,#6070));
#1408=EDGE_LOOP('',(#6071,#6072,#6073,#6074));
#1409=EDGE_LOOP('',(#6075,#6076,#6077,#6078));
#1410=EDGE_LOOP('',(#6079,#6080,#6081,#6082));
#1411=EDGE_LOOP('',(#6083,#6084,#6085,#6086));
#1412=EDGE_LOOP('',(#6087,#6088,#6089,#6090));
#1413=EDGE_LOOP('',(#6091,#6092,#6093,#6094));
#1414=EDGE_LOOP('',(#6095,#6096,#6097,#6098));
#1415=EDGE_LOOP('',(#6099,#6100,#6101,#6102));
#1416=EDGE_LOOP('',(#6103,#6104,#6105,#6106));
#1417=EDGE_LOOP('',(#6107,#6108,#6109,#6110));
#1418=EDGE_LOOP('',(#6111,#6112,#6113,#6114));
#1419=EDGE_LOOP('',(#6115,#6116,#6117,#6118));
#1420=EDGE_LOOP('',(#6119,#6120,#6121,#6122));
#1421=EDGE_LOOP('',(#6123,#6124,#6125,#6126));
#1422=EDGE_LOOP('',(#6127,#6128,#6129,#6130));
#1423=EDGE_LOOP('',(#6131,#6132,#6133,#6134));
#1424=EDGE_LOOP('',(#6135,#6136,#6137,#6138));
#1425=EDGE_LOOP('',(#6139,#6140,#6141,#6142));
#1426=EDGE_LOOP('',(#6143,#6144,#6145,#6146));
#1427=EDGE_LOOP('',(#6147,#6148,#6149,#6150));
#1428=EDGE_LOOP('',(#6151,#6152,#6153,#6154));
#1429=EDGE_LOOP('',(#6155,#6156,#6157,#6158));
#1430=EDGE_LOOP('',(#6159,#6160,#6161,#6162));
#1431=EDGE_LOOP('',(#6163,#6164,#6165,#6166));
#1432=EDGE_LOOP('',(#6167,#6168,#6169,#6170,#6171,#6172,#6173,#6174,#6175,
#6176,#6177,#6178,#6179,#6180,#6181,#6182));
#1433=EDGE_LOOP('',(#6183,#6184,#6185,#6186,#6187,#6188,#6189,#6190,#6191,
#6192,#6193,#6194,#6195,#6196,#6197,#6198,#6199,#6200,#6201,#6202,#6203,
#6204,#6205,#6206));
#1434=EDGE_LOOP('',(#6207,#6208,#6209,#6210));
#1435=EDGE_LOOP('',(#6211,#6212,#6213,#6214));
#1436=EDGE_LOOP('',(#6215,#6216,#6217,#6218));
#1437=EDGE_LOOP('',(#6219,#6220,#6221,#6222));
#1438=EDGE_LOOP('',(#6223,#6224,#6225,#6226));
#1439=EDGE_LOOP('',(#6227,#6228,#6229,#6230));
#1440=EDGE_LOOP('',(#6231,#6232,#6233,#6234));
#1441=EDGE_LOOP('',(#6235,#6236,#6237,#6238));
#1442=EDGE_LOOP('',(#6239,#6240,#6241,#6242));
#1443=EDGE_LOOP('',(#6243,#6244,#6245,#6246));
#1444=EDGE_LOOP('',(#6247,#6248,#6249,#6250));
#1445=EDGE_LOOP('',(#6251,#6252,#6253,#6254));
#1446=EDGE_LOOP('',(#6255,#6256,#6257,#6258));
#1447=EDGE_LOOP('',(#6259,#6260,#6261,#6262));
#1448=EDGE_LOOP('',(#6263,#6264,#6265,#6266));
#1449=EDGE_LOOP('',(#6267,#6268,#6269,#6270));
#1450=EDGE_LOOP('',(#6271,#6272,#6273,#6274,#6275,#6276,#6277,#6278,#6279,
#6280,#6281,#6282,#6283,#6284,#6285,#6286,#6287,#6288,#6289,#6290,#6291,
#6292,#6293,#6294));
#1451=EDGE_LOOP('',(#6295,#6296,#6297,#6298,#6299,#6300,#6301,#6302,#6303,
#6304,#6305,#6306,#6307,#6308,#6309,#6310,#6311,#6312,#6313,#6314,#6315,
#6316,#6317,#6318));
#1452=EDGE_LOOP('',(#6319,#6320,#6321,#6322));
#1453=EDGE_LOOP('',(#6323,#6324,#6325,#6326));
#1454=EDGE_LOOP('',(#6327,#6328,#6329,#6330));
#1455=EDGE_LOOP('',(#6331,#6332,#6333,#6334,#6335));
#1456=EDGE_LOOP('',(#6336,#6337,#6338,#6339,#6340));
#1457=EDGE_LOOP('',(#6341,#6342,#6343,#6344));
#1458=EDGE_LOOP('',(#6345,#6346,#6347,#6348));
#1459=EDGE_LOOP('',(#6349,#6350,#6351,#6352,#6353,#6354,#6355,#6356));
#1460=EDGE_LOOP('',(#6357,#6358,#6359,#6360));
#1461=EDGE_LOOP('',(#6361,#6362,#6363,#6364));
#1462=EDGE_LOOP('',(#6365));
#1463=EDGE_LOOP('',(#6366,#6367,#6368,#6369));
#1464=EDGE_LOOP('',(#6370,#6371,#6372,#6373));
#1465=EDGE_LOOP('',(#6374,#6375,#6376,#6377));
#1466=EDGE_LOOP('',(#6378,#6379,#6380,#6381));
#1467=EDGE_LOOP('',(#6382,#6383,#6384,#6385));
#1468=EDGE_LOOP('',(#6386,#6387,#6388,#6389));
#1469=EDGE_LOOP('',(#6390,#6391,#6392,#6393));
#1470=EDGE_LOOP('',(#6394,#6395,#6396,#6397));
#1471=EDGE_LOOP('',(#6398,#6399,#6400,#6401));
#1472=EDGE_LOOP('',(#6402,#6403,#6404,#6405));
#1473=EDGE_LOOP('',(#6406,#6407,#6408,#6409));
#1474=EDGE_LOOP('',(#6410,#6411,#6412,#6413,#6414,#6415,#6416,#6417,#6418,
#6419,#6420,#6421,#6422,#6423,#6424,#6425));
#1475=EDGE_LOOP('',(#6426,#6427,#6428,#6429,#6430,#6431,#6432,#6433,#6434,
#6435,#6436,#6437,#6438,#6439,#6440,#6441));
#1476=EDGE_LOOP('',(#6442,#6443,#6444,#6445));
#1477=EDGE_LOOP('',(#6446,#6447,#6448,#6449));
#1478=EDGE_LOOP('',(#6450,#6451,#6452,#6453));
#1479=EDGE_LOOP('',(#6454,#6455,#6456,#6457));
#1480=EDGE_LOOP('',(#6458,#6459,#6460,#6461));
#1481=EDGE_LOOP('',(#6462,#6463,#6464,#6465,#6466));
#1482=EDGE_LOOP('',(#6467,#6468,#6469));
#1483=EDGE_LOOP('',(#6470,#6471,#6472,#6473,#6474,#6475,#6476,#6477,#6478,
#6479,#6480,#6481,#6482,#6483,#6484,#6485,#6486,#6487,#6488,#6489));
#1484=EDGE_LOOP('',(#6490,#6491,#6492,#6493));
#1485=EDGE_LOOP('',(#6494,#6495,#6496,#6497));
#1486=EDGE_LOOP('',(#6498,#6499,#6500,#6501));
#1487=EDGE_LOOP('',(#6502,#6503,#6504,#6505));
#1488=EDGE_LOOP('',(#6506,#6507,#6508,#6509));
#1489=EDGE_LOOP('',(#6510,#6511,#6512,#6513));
#1490=EDGE_LOOP('',(#6514,#6515,#6516,#6517));
#1491=EDGE_LOOP('',(#6518,#6519,#6520));
#1492=EDGE_LOOP('',(#6521,#6522,#6523,#6524,#6525));
#1493=EDGE_LOOP('',(#6526,#6527,#6528,#6529));
#1494=EDGE_LOOP('',(#6530,#6531,#6532,#6533));
#1495=EDGE_LOOP('',(#6534,#6535,#6536,#6537));
#1496=EDGE_LOOP('',(#6538,#6539,#6540,#6541));
#1497=EDGE_LOOP('',(#6542,#6543,#6544,#6545));
#1498=EDGE_LOOP('',(#6546,#6547,#6548,#6549));
#1499=EDGE_LOOP('',(#6550,#6551,#6552,#6553));
#1500=EDGE_LOOP('',(#6554,#6555,#6556,#6557));
#1501=EDGE_LOOP('',(#6558,#6559,#6560,#6561,#6562,#6563));
#1502=EDGE_LOOP('',(#6564,#6565,#6566,#6567,#6568,#6569,#6570,#6571,#6572,
#6573,#6574,#6575,#6576,#6577,#6578,#6579,#6580,#6581,#6582,#6583));
#1503=EDGE_LOOP('',(#6584,#6585,#6586,#6587));
#1504=EDGE_LOOP('',(#6588,#6589,#6590,#6591,#6592));
#1505=EDGE_LOOP('',(#6593,#6594,#6595));
#1506=EDGE_LOOP('',(#6596,#6597,#6598));
#1507=EDGE_LOOP('',(#6599,#6600,#6601,#6602,#6603));
#1508=EDGE_LOOP('',(#6604,#6605,#6606,#6607));
#1509=EDGE_LOOP('',(#6608,#6609,#6610,#6611));
#1510=EDGE_LOOP('',(#6612,#6613,#6614,#6615));
#1511=EDGE_LOOP('',(#6616,#6617,#6618,#6619));
#1512=EDGE_LOOP('',(#6620,#6621,#6622,#6623));
#1513=EDGE_LOOP('',(#6624,#6625,#6626,#6627));
#1514=EDGE_LOOP('',(#6628,#6629,#6630,#6631));
#1515=EDGE_LOOP('',(#6632,#6633,#6634,#6635));
#1516=EDGE_LOOP('',(#6636,#6637,#6638,#6639));
#1517=EDGE_LOOP('',(#6640,#6641,#6642,#6643));
#1518=EDGE_LOOP('',(#6644,#6645,#6646,#6647));
#1519=EDGE_LOOP('',(#6648,#6649,#6650,#6651,#6652,#6653,#6654,#6655,#6656,
#6657,#6658,#6659,#6660,#6661,#6662,#6663,#6664,#6665,#6666,#6667));
#1520=EDGE_LOOP('',(#6668,#6669,#6670,#6671));
#1521=EDGE_LOOP('',(#6672,#6673,#6674,#6675));
#1522=EDGE_LOOP('',(#6676,#6677,#6678,#6679));
#1523=EDGE_LOOP('',(#6680,#6681,#6682,#6683,#6684,#6685,#6686,#6687,#6688,
#6689,#6690,#6691,#6692,#6693,#6694,#6695,#6696,#6697,#6698,#6699));
#1524=EDGE_LOOP('',(#6700,#6701,#6702,#6703));
#1525=EDGE_LOOP('',(#6704,#6705,#6706,#6707,#6708,#6709));
#1526=EDGE_LOOP('',(#6710,#6711,#6712,#6713));
#1527=EDGE_LOOP('',(#6714,#6715,#6716,#6717));
#1528=EDGE_LOOP('',(#6718,#6719,#6720,#6721));
#1529=EDGE_LOOP('',(#6722,#6723,#6724,#6725));
#1530=EDGE_LOOP('',(#6726,#6727,#6728,#6729,#6730,#6731));
#1531=EDGE_LOOP('',(#6732,#6733,#6734,#6735));
#1532=EDGE_LOOP('',(#6736,#6737,#6738,#6739));
#1533=EDGE_LOOP('',(#6740,#6741,#6742,#6743));
#1534=EDGE_LOOP('',(#6744,#6745,#6746,#6747));
#1535=EDGE_LOOP('',(#6748,#6749,#6750,#6751));
#1536=EDGE_LOOP('',(#6752,#6753,#6754,#6755));
#1537=EDGE_LOOP('',(#6756,#6757,#6758,#6759));
#1538=EDGE_LOOP('',(#6760,#6761,#6762,#6763));
#1539=EDGE_LOOP('',(#6764,#6765,#6766,#6767));
#1540=EDGE_LOOP('',(#6768,#6769,#6770,#6771));
#1541=EDGE_LOOP('',(#6772,#6773,#6774,#6775));
#1542=EDGE_LOOP('',(#6776,#6777,#6778,#6779));
#1543=EDGE_LOOP('',(#6780,#6781,#6782,#6783));
#1544=EDGE_LOOP('',(#6784,#6785,#6786,#6787));
#1545=EDGE_LOOP('',(#6788,#6789,#6790,#6791));
#1546=EDGE_LOOP('',(#6792,#6793,#6794,#6795));
#1547=EDGE_LOOP('',(#6796,#6797,#6798,#6799));
#1548=EDGE_LOOP('',(#6800,#6801,#6802,#6803));
#1549=EDGE_LOOP('',(#6804,#6805,#6806,#6807));
#1550=EDGE_LOOP('',(#6808,#6809,#6810,#6811));
#1551=EDGE_LOOP('',(#6812,#6813,#6814,#6815));
#1552=EDGE_LOOP('',(#6816,#6817,#6818,#6819));
#1553=EDGE_LOOP('',(#6820,#6821,#6822,#6823));
#1554=EDGE_LOOP('',(#6824,#6825,#6826,#6827,#6828,#6829));
#1555=EDGE_LOOP('',(#6830,#6831,#6832,#6833));
#1556=EDGE_LOOP('',(#6834,#6835,#6836,#6837));
#1557=EDGE_LOOP('',(#6838,#6839,#6840,#6841));
#1558=EDGE_LOOP('',(#6842,#6843,#6844,#6845));
#1559=EDGE_LOOP('',(#6846,#6847,#6848,#6849));
#1560=EDGE_LOOP('',(#6850,#6851,#6852,#6853));
#1561=EDGE_LOOP('',(#6854,#6855,#6856,#6857));
#1562=EDGE_LOOP('',(#6858,#6859,#6860,#6861));
#1563=EDGE_LOOP('',(#6862,#6863,#6864,#6865));
#1564=EDGE_LOOP('',(#6866,#6867,#6868,#6869));
#1565=EDGE_LOOP('',(#6870,#6871,#6872,#6873));
#1566=EDGE_LOOP('',(#6874,#6875,#6876,#6877));
#1567=EDGE_LOOP('',(#6878,#6879,#6880,#6881));
#1568=EDGE_LOOP('',(#6882,#6883,#6884,#6885));
#1569=EDGE_LOOP('',(#6886,#6887,#6888,#6889));
#1570=EDGE_LOOP('',(#6890,#6891,#6892,#6893));
#1571=EDGE_LOOP('',(#6894,#6895,#6896,#6897,#6898,#6899,#6900,#6901,#6902,
#6903,#6904,#6905,#6906,#6907,#6908,#6909));
#1572=EDGE_LOOP('',(#6910));
#1573=EDGE_LOOP('',(#6911));
#1574=EDGE_LOOP('',(#6912,#6913,#6914,#6915));
#1575=EDGE_LOOP('',(#6916,#6917,#6918,#6919));
#1576=EDGE_LOOP('',(#6920,#6921,#6922,#6923));
#1577=EDGE_LOOP('',(#6924,#6925,#6926,#6927));
#1578=EDGE_LOOP('',(#6928,#6929,#6930,#6931));
#1579=EDGE_LOOP('',(#6932,#6933,#6934,#6935));
#1580=EDGE_LOOP('',(#6936,#6937,#6938,#6939));
#1581=EDGE_LOOP('',(#6940,#6941,#6942,#6943));
#1582=EDGE_LOOP('',(#6944,#6945,#6946,#6947));
#1583=EDGE_LOOP('',(#6948,#6949,#6950,#6951));
#1584=EDGE_LOOP('',(#6952,#6953,#6954,#6955,#6956,#6957,#6958,#6959,#6960,
#6961,#6962,#6963));
#1585=EDGE_LOOP('',(#6964,#6965,#6966,#6967));
#1586=EDGE_LOOP('',(#6968,#6969,#6970,#6971));
#1587=EDGE_LOOP('',(#6972,#6973,#6974,#6975));
#1588=EDGE_LOOP('',(#6976,#6977,#6978,#6979));
#1589=EDGE_LOOP('',(#6980,#6981,#6982,#6983,#6984,#6985,#6986,#6987,#6988,
#6989));
#1590=EDGE_LOOP('',(#6990,#6991,#6992,#6993));
#1591=EDGE_LOOP('',(#6994,#6995,#6996,#6997));
#1592=EDGE_LOOP('',(#6998,#6999,#7000,#7001));
#1593=EDGE_LOOP('',(#7002,#7003,#7004,#7005));
#1594=EDGE_LOOP('',(#7006,#7007,#7008,#7009,#7010,#7011,#7012,#7013,#7014,
#7015,#7016,#7017));
#1595=LINE('',#10389,#2280);
#1596=LINE('',#10391,#2281);
#1597=LINE('',#10402,#2282);
#1598=LINE('',#10417,#2283);
#1599=LINE('',#10418,#2284);
#1600=LINE('',#10421,#2285);
#1601=LINE('',#10422,#2286);
#1602=LINE('',#10425,#2287);
#1603=LINE('',#10426,#2288);
#1604=LINE('',#10429,#2289);
#1605=LINE('',#10430,#2290);
#1606=LINE('',#10444,#2291);
#1607=LINE('',#10461,#2292);
#1608=LINE('',#10463,#2293);
#1609=LINE('',#10464,#2294);
#1610=LINE('',#10468,#2295);
#1611=LINE('',#10469,#2296);
#1612=LINE('',#10470,#2297);
#1613=LINE('',#10473,#2298);
#1614=LINE('',#10474,#2299);
#1615=LINE('',#10476,#2300);
#1616=LINE('',#10481,#2301);
#1617=LINE('',#10483,#2302);
#1618=LINE('',#10484,#2303);
#1619=LINE('',#10487,#2304);
#1620=LINE('',#10489,#2305);
#1621=LINE('',#10490,#2306);
#1622=LINE('',#10493,#2307);
#1623=LINE('',#10494,#2308);
#1624=LINE('',#10496,#2309);
#1625=LINE('',#10506,#2310);
#1626=LINE('',#10518,#2311);
#1627=LINE('',#10537,#2312);
#1628=LINE('',#10538,#2313);
#1629=LINE('',#10541,#2314);
#1630=LINE('',#10542,#2315);
#1631=LINE('',#10556,#2316);
#1632=LINE('',#10570,#2317);
#1633=LINE('',#10573,#2318);
#1634=LINE('',#10574,#2319);
#1635=LINE('',#10591,#2320);
#1636=LINE('',#10593,#2321);
#1637=LINE('',#10599,#2322);
#1638=LINE('',#10602,#2323);
#1639=LINE('',#10604,#2324);
#1640=LINE('',#10605,#2325);
#1641=LINE('',#10608,#2326);
#1642=LINE('',#10609,#2327);
#1643=LINE('',#10623,#2328);
#1644=LINE('',#10625,#2329);
#1645=LINE('',#10635,#2330);
#1646=LINE('',#10647,#2331);
#1647=LINE('',#10661,#2332);
#1648=LINE('',#10667,#2333);
#1649=LINE('',#10670,#2334);
#1650=LINE('',#10671,#2335);
#1651=LINE('',#10681,#2336);
#1652=LINE('',#10699,#2337);
#1653=LINE('',#10702,#2338);
#1654=LINE('',#10703,#2339);
#1655=LINE('',#10721,#2340);
#1656=LINE('',#10723,#2341);
#1657=LINE('',#10725,#2342);
#1658=LINE('',#10768,#2343);
#1659=LINE('',#10769,#2344);
#1660=LINE('',#10770,#2345);
#1661=LINE('',#10773,#2346);
#1662=LINE('',#10774,#2347);
#1663=LINE('',#10777,#2348);
#1664=LINE('',#10778,#2349);
#1665=LINE('',#10793,#2350);
#1666=LINE('',#10794,#2351);
#1667=LINE('',#10808,#2352);
#1668=LINE('',#10822,#2353);
#1669=LINE('',#10836,#2354);
#1670=LINE('',#10850,#2355);
#1671=LINE('',#10876,#2356);
#1672=LINE('',#10908,#2357);
#1673=LINE('',#10942,#2358);
#1674=LINE('',#10948,#2359);
#1675=LINE('',#10958,#2360);
#1676=LINE('',#10972,#2361);
#1677=LINE('',#10978,#2362);
#1678=LINE('',#10988,#2363);
#1679=LINE('',#11002,#2364);
#1680=LINE('',#11020,#2365);
#1681=LINE('',#11035,#2366);
#1682=LINE('',#11036,#2367);
#1683=LINE('',#11053,#2368);
#1684=LINE('',#11055,#2369);
#1685=LINE('',#11057,#2370);
#1686=LINE('',#11058,#2371);
#1687=LINE('',#11062,#2372);
#1688=LINE('',#11063,#2373);
#1689=LINE('',#11064,#2374);
#1690=LINE('',#11067,#2375);
#1691=LINE('',#11068,#2376);
#1692=LINE('',#11071,#2377);
#1693=LINE('',#11072,#2378);
#1694=LINE('',#11074,#2379);
#1695=LINE('',#11080,#2380);
#1696=LINE('',#11082,#2381);
#1697=LINE('',#11084,#2382);
#1698=LINE('',#11085,#2383);
#1699=LINE('',#11088,#2384);
#1700=LINE('',#11090,#2385);
#1701=LINE('',#11091,#2386);
#1702=LINE('',#11094,#2387);
#1703=LINE('',#11096,#2388);
#1704=LINE('',#11097,#2389);
#1705=LINE('',#11099,#2390);
#1706=LINE('',#11100,#2391);
#1707=LINE('',#11127,#2392);
#1708=LINE('',#11133,#2393);
#1709=LINE('',#11693,#2394);
#1710=LINE('',#12176,#2395);
#1711=LINE('',#12193,#2396);
#1712=LINE('',#12196,#2397);
#1713=LINE('',#12209,#2398);
#1714=LINE('',#12213,#2399);
#1715=LINE('',#12215,#2400);
#1716=LINE('',#12220,#2401);
#1717=LINE('',#12224,#2402);
#1718=LINE('',#12228,#2403);
#1719=LINE('',#12232,#2404);
#1720=LINE('',#12236,#2405);
#1721=LINE('',#12240,#2406);
#1722=LINE('',#12244,#2407);
#1723=LINE('',#12248,#2408);
#1724=LINE('',#12252,#2409);
#1725=LINE('',#12256,#2410);
#1726=LINE('',#12260,#2411);
#1727=LINE('',#12263,#2412);
#1728=LINE('',#12276,#2413);
#1729=LINE('',#12278,#2414);
#1730=LINE('',#12280,#2415);
#1731=LINE('',#12281,#2416);
#1732=LINE('',#12283,#2417);
#1733=LINE('',#12755,#2418);
#1734=LINE('',#12765,#2419);
#1735=LINE('',#13238,#2420);
#1736=LINE('',#13242,#2421);
#1737=LINE('',#13470,#2422);
#1738=LINE('',#13472,#2423);
#1739=LINE('',#13477,#2424);
#1740=LINE('',#13478,#2425);
#1741=LINE('',#13481,#2426);
#1742=LINE('',#13483,#2427);
#1743=LINE('',#13485,#2428);
#1744=LINE('',#13489,#2429);
#1745=LINE('',#13493,#2430);
#1746=LINE('',#13494,#2431);
#1747=LINE('',#13498,#2432);
#1748=LINE('',#13501,#2433);
#1749=LINE('',#13502,#2434);
#1750=LINE('',#13505,#2435);
#1751=LINE('',#13507,#2436);
#1752=LINE('',#13509,#2437);
#1753=LINE('',#13513,#2438);
#1754=LINE('',#13517,#2439);
#1755=LINE('',#13519,#2440);
#1756=LINE('',#13521,#2441);
#1757=LINE('',#13526,#2442);
#1758=LINE('',#13528,#2443);
#1759=LINE('',#13535,#2444);
#1760=LINE('',#13537,#2445);
#1761=LINE('',#13539,#2446);
#1762=LINE('',#13543,#2447);
#1763=LINE('',#13545,#2448);
#1764=LINE('',#13547,#2449);
#1765=LINE('',#13551,#2450);
#1766=LINE('',#13553,#2451);
#1767=LINE('',#13554,#2452);
#1768=LINE('',#13561,#2453);
#1769=LINE('',#13563,#2454);
#1770=LINE('',#13564,#2455);
#1771=LINE('',#13567,#2456);
#1772=LINE('',#13568,#2457);
#1773=LINE('',#13571,#2458);
#1774=LINE('',#13572,#2459);
#1775=LINE('',#13574,#2460);
#1776=LINE('',#13578,#2461);
#1777=LINE('',#13580,#2462);
#1778=LINE('',#13582,#2463);
#1779=LINE('',#13583,#2464);
#1780=LINE('',#13586,#2465);
#1781=LINE('',#13588,#2466);
#1782=LINE('',#13589,#2467);
#1783=LINE('',#13592,#2468);
#1784=LINE('',#13593,#2469);
#1785=LINE('',#13596,#2470);
#1786=LINE('',#13597,#2471);
#1787=LINE('',#13599,#2472);
#1788=LINE('',#13602,#2473);
#1789=LINE('',#13604,#2474);
#1790=LINE('',#13605,#2475);
#1791=LINE('',#13608,#2476);
#1792=LINE('',#13609,#2477);
#1793=LINE('',#13613,#2478);
#1794=LINE('',#13615,#2479);
#1795=LINE('',#13617,#2480);
#1796=LINE('',#13618,#2481);
#1797=LINE('',#13624,#2482);
#1798=LINE('',#13628,#2483);
#1799=LINE('',#13630,#2484);
#1800=LINE('',#13632,#2485);
#1801=LINE('',#13636,#2486);
#1802=LINE('',#13640,#2487);
#1803=LINE('',#13642,#2488);
#1804=LINE('',#13644,#2489);
#1805=LINE('',#13646,#2490);
#1806=LINE('',#13647,#2491);
#1807=LINE('',#13650,#2492);
#1808=LINE('',#13652,#2493);
#1809=LINE('',#13654,#2494);
#1810=LINE('',#13655,#2495);
#1811=LINE('',#13662,#2496);
#1812=LINE('',#13664,#2497);
#1813=LINE('',#13666,#2498);
#1814=LINE('',#13670,#2499);
#1815=LINE('',#13672,#2500);
#1816=LINE('',#13674,#2501);
#1817=LINE('',#13678,#2502);
#1818=LINE('',#13680,#2503);
#1819=LINE('',#13682,#2504);
#1820=LINE('',#13686,#2505);
#1821=LINE('',#13688,#2506);
#1822=LINE('',#13690,#2507);
#1823=LINE('',#13698,#2508);
#1824=LINE('',#13699,#2509);
#1825=LINE('',#13701,#2510);
#1826=LINE('',#13705,#2511);
#1827=LINE('',#13707,#2512);
#1828=LINE('',#13709,#2513);
#1829=LINE('',#13711,#2514);
#1830=LINE('',#13712,#2515);
#1831=LINE('',#13714,#2516);
#1832=LINE('',#13715,#2517);
#1833=LINE('',#13718,#2518);
#1834=LINE('',#13720,#2519);
#1835=LINE('',#13721,#2520);
#1836=LINE('',#13724,#2521);
#1837=LINE('',#13725,#2522);
#1838=LINE('',#13728,#2523);
#1839=LINE('',#13729,#2524);
#1840=LINE('',#13732,#2525);
#1841=LINE('',#13734,#2526);
#1842=LINE('',#13735,#2527);
#1843=LINE('',#13738,#2528);
#1844=LINE('',#13739,#2529);
#1845=LINE('',#13742,#2530);
#1846=LINE('',#13743,#2531);
#1847=LINE('',#13745,#2532);
#1848=LINE('',#13746,#2533);
#1849=LINE('',#13749,#2534);
#1850=LINE('',#13751,#2535);
#1851=LINE('',#13752,#2536);
#1852=LINE('',#13754,#2537);
#1853=LINE('',#13756,#2538);
#1854=LINE('',#13762,#2539);
#1855=LINE('',#13787,#2540);
#1856=LINE('',#13803,#2541);
#1857=LINE('',#13820,#2542);
#1858=LINE('',#13837,#2543);
#1859=LINE('',#13876,#2544);
#1860=LINE('',#13881,#2545);
#1861=LINE('',#13888,#2546);
#1862=LINE('',#13893,#2547);
#1863=LINE('',#13899,#2548);
#1864=LINE('',#13906,#2549);
#1865=LINE('',#13911,#2550);
#1866=LINE('',#13918,#2551);
#1867=LINE('',#13923,#2552);
#1868=LINE('',#13955,#2553);
#1869=LINE('',#13957,#2554);
#1870=LINE('',#13998,#2555);
#1871=LINE('',#14019,#2556);
#1872=LINE('',#14024,#2557);
#1873=LINE('',#14035,#2558);
#1874=LINE('',#14040,#2559);
#1875=LINE('',#14051,#2560);
#1876=LINE('',#14056,#2561);
#1877=LINE('',#14063,#2562);
#1878=LINE('',#14064,#2563);
#1879=LINE('',#14067,#2564);
#1880=LINE('',#14071,#2565);
#1881=LINE('',#14072,#2566);
#1882=LINE('',#14077,#2567);
#1883=LINE('',#14086,#2568);
#1884=LINE('',#14093,#2569);
#1885=LINE('',#14094,#2570);
#1886=LINE('',#14097,#2571);
#1887=LINE('',#14101,#2572);
#1888=LINE('',#14102,#2573);
#1889=LINE('',#14107,#2574);
#1890=LINE('',#14108,#2575);
#1891=LINE('',#14111,#2576);
#1892=LINE('',#14115,#2577);
#1893=LINE('',#14116,#2578);
#1894=LINE('',#14121,#2579);
#1895=LINE('',#14128,#2580);
#1896=LINE('',#14129,#2581);
#1897=LINE('',#14132,#2582);
#1898=LINE('',#14136,#2583);
#1899=LINE('',#14137,#2584);
#1900=LINE('',#14142,#2585);
#1901=LINE('',#14144,#2586);
#1902=LINE('',#14145,#2587);
#1903=LINE('',#14148,#2588);
#1904=LINE('',#14152,#2589);
#1905=LINE('',#14153,#2590);
#1906=LINE('',#14156,#2591);
#1907=LINE('',#14160,#2592);
#1908=LINE('',#14161,#2593);
#1909=LINE('',#14164,#2594);
#1910=LINE('',#14168,#2595);
#1911=LINE('',#14169,#2596);
#1912=LINE('',#14172,#2597);
#1913=LINE('',#14176,#2598);
#1914=LINE('',#14177,#2599);
#1915=LINE('',#14180,#2600);
#1916=LINE('',#14184,#2601);
#1917=LINE('',#14185,#2602);
#1918=LINE('',#14188,#2603);
#1919=LINE('',#14192,#2604);
#1920=LINE('',#14193,#2605);
#1921=LINE('',#14196,#2606);
#1922=LINE('',#14200,#2607);
#1923=LINE('',#14201,#2608);
#1924=LINE('',#14204,#2609);
#1925=LINE('',#14208,#2610);
#1926=LINE('',#14209,#2611);
#1927=LINE('',#14212,#2612);
#1928=LINE('',#14216,#2613);
#1929=LINE('',#14217,#2614);
#1930=LINE('',#14220,#2615);
#1931=LINE('',#14224,#2616);
#1932=LINE('',#14225,#2617);
#1933=LINE('',#14228,#2618);
#1934=LINE('',#14232,#2619);
#1935=LINE('',#14233,#2620);
#1936=LINE('',#14241,#2621);
#1937=LINE('',#14243,#2622);
#1938=LINE('',#14245,#2623);
#1939=LINE('',#14247,#2624);
#1940=LINE('',#14249,#2625);
#1941=LINE('',#14251,#2626);
#1942=LINE('',#14253,#2627);
#1943=LINE('',#14254,#2628);
#1944=LINE('',#14257,#2629);
#1945=LINE('',#14259,#2630);
#1946=LINE('',#14260,#2631);
#1947=LINE('',#14263,#2632);
#1948=LINE('',#14265,#2633);
#1949=LINE('',#14266,#2634);
#1950=LINE('',#14270,#2635);
#1951=LINE('',#14272,#2636);
#1952=LINE('',#14276,#2637);
#1953=LINE('',#14279,#2638);
#1954=LINE('',#14283,#2639);
#1955=LINE('',#14284,#2640);
#1956=LINE('',#14292,#2641);
#1957=LINE('',#14295,#2642);
#1958=LINE('',#14298,#2643);
#1959=LINE('',#14300,#2644);
#1960=LINE('',#14301,#2645);
#1961=LINE('',#14307,#2646);
#1962=LINE('',#14310,#2647);
#1963=LINE('',#14312,#2648);
#1964=LINE('',#14313,#2649);
#1965=LINE('',#14319,#2650);
#1966=LINE('',#14322,#2651);
#1967=LINE('',#14324,#2652);
#1968=LINE('',#14325,#2653);
#1969=LINE('',#14331,#2654);
#1970=LINE('',#14334,#2655);
#1971=LINE('',#14336,#2656);
#1972=LINE('',#14337,#2657);
#1973=LINE('',#14343,#2658);
#1974=LINE('',#14346,#2659);
#1975=LINE('',#14348,#2660);
#1976=LINE('',#14349,#2661);
#1977=LINE('',#14355,#2662);
#1978=LINE('',#14358,#2663);
#1979=LINE('',#14360,#2664);
#1980=LINE('',#14361,#2665);
#1981=LINE('',#14364,#2666);
#1982=LINE('',#14366,#2667);
#1983=LINE('',#14367,#2668);
#1984=LINE('',#14372,#2669);
#1985=LINE('',#14376,#2670);
#1986=LINE('',#14378,#2671);
#1987=LINE('',#14379,#2672);
#1988=LINE('',#14384,#2673);
#1989=LINE('',#14388,#2674);
#1990=LINE('',#14390,#2675);
#1991=LINE('',#14391,#2676);
#1992=LINE('',#14396,#2677);
#1993=LINE('',#14400,#2678);
#1994=LINE('',#14402,#2679);
#1995=LINE('',#14403,#2680);
#1996=LINE('',#14408,#2681);
#1997=LINE('',#14412,#2682);
#1998=LINE('',#14414,#2683);
#1999=LINE('',#14415,#2684);
#2000=LINE('',#14420,#2685);
#2001=LINE('',#14424,#2686);
#2002=LINE('',#14426,#2687);
#2003=LINE('',#14427,#2688);
#2004=LINE('',#14436,#2689);
#2005=LINE('',#14444,#2690);
#2006=LINE('',#14452,#2691);
#2007=LINE('',#14460,#2692);
#2008=LINE('',#14467,#2693);
#2009=LINE('',#14468,#2694);
#2010=LINE('',#14469,#2695);
#2011=LINE('',#14473,#2696);
#2012=LINE('',#14477,#2697);
#2013=LINE('',#14481,#2698);
#2014=LINE('',#14484,#2699);
#2015=LINE('',#14485,#2700);
#2016=LINE('',#14489,#2701);
#2017=LINE('',#14493,#2702);
#2018=LINE('',#14497,#2703);
#2019=LINE('',#14500,#2704);
#2020=LINE('',#14501,#2705);
#2021=LINE('',#14505,#2706);
#2022=LINE('',#14509,#2707);
#2023=LINE('',#14513,#2708);
#2024=LINE('',#14516,#2709);
#2025=LINE('',#14517,#2710);
#2026=LINE('',#14521,#2711);
#2027=LINE('',#14525,#2712);
#2028=LINE('',#14531,#2713);
#2029=LINE('',#14533,#2714);
#2030=LINE('',#14534,#2715);
#2031=LINE('',#14537,#2716);
#2032=LINE('',#14538,#2717);
#2033=LINE('',#14541,#2718);
#2034=LINE('',#14542,#2719);
#2035=LINE('',#14546,#2720);
#2036=LINE('',#14549,#2721);
#2037=LINE('',#14553,#2722);
#2038=LINE('',#14554,#2723);
#2039=LINE('',#14557,#2724);
#2040=LINE('',#14558,#2725);
#2041=LINE('',#14560,#2726);
#2042=LINE('',#14565,#2727);
#2043=LINE('',#14567,#2728);
#2044=LINE('',#14568,#2729);
#2045=LINE('',#14571,#2730);
#2046=LINE('',#14572,#2731);
#2047=LINE('',#14575,#2732);
#2048=LINE('',#14576,#2733);
#2049=LINE('',#14580,#2734);
#2050=LINE('',#14583,#2735);
#2051=LINE('',#14584,#2736);
#2052=LINE('',#14587,#2737);
#2053=LINE('',#14588,#2738);
#2054=LINE('',#14591,#2739);
#2055=LINE('',#14592,#2740);
#2056=LINE('',#14596,#2741);
#2057=LINE('',#14599,#2742);
#2058=LINE('',#14601,#2743);
#2059=LINE('',#14602,#2744);
#2060=LINE('',#14607,#2745);
#2061=LINE('',#14608,#2746);
#2062=LINE('',#14611,#2747);
#2063=LINE('',#14613,#2748);
#2064=LINE('',#14617,#2749);
#2065=LINE('',#14618,#2750);
#2066=LINE('',#14620,#2751);
#2067=LINE('',#14622,#2752);
#2068=LINE('',#14624,#2753);
#2069=LINE('',#14626,#2754);
#2070=LINE('',#14631,#2755);
#2071=LINE('',#14633,#2756);
#2072=LINE('',#14635,#2757);
#2073=LINE('',#14637,#2758);
#2074=LINE('',#14638,#2759);
#2075=LINE('',#14641,#2760);
#2076=LINE('',#14642,#2761);
#2077=LINE('',#14646,#2762);
#2078=LINE('',#14648,#2763);
#2079=LINE('',#14650,#2764);
#2080=LINE('',#14654,#2765);
#2081=LINE('',#14656,#2766);
#2082=LINE('',#14658,#2767);
#2083=LINE('',#14662,#2768);
#2084=LINE('',#14664,#2769);
#2085=LINE('',#14666,#2770);
#2086=LINE('',#14668,#2771);
#2087=LINE('',#14670,#2772);
#2088=LINE('',#14674,#2773);
#2089=LINE('',#14676,#2774);
#2090=LINE('',#14678,#2775);
#2091=LINE('',#14680,#2776);
#2092=LINE('',#14683,#2777);
#2093=LINE('',#14685,#2778);
#2094=LINE('',#14686,#2779);
#2095=LINE('',#14689,#2780);
#2096=LINE('',#14690,#2781);
#2097=LINE('',#14693,#2782);
#2098=LINE('',#14697,#2783);
#2099=LINE('',#14701,#2784);
#2100=LINE('',#14702,#2785);
#2101=LINE('',#14705,#2786);
#2102=LINE('',#14706,#2787);
#2103=LINE('',#14709,#2788);
#2104=LINE('',#14711,#2789);
#2105=LINE('',#14712,#2790);
#2106=LINE('',#14716,#2791);
#2107=LINE('',#14718,#2792);
#2108=LINE('',#14719,#2793);
#2109=LINE('',#14721,#2794);
#2110=LINE('',#14723,#2795);
#2111=LINE('',#14724,#2796);
#2112=LINE('',#14727,#2797);
#2113=LINE('',#14728,#2798);
#2114=LINE('',#14731,#2799);
#2115=LINE('',#14735,#2800);
#2116=LINE('',#14739,#2801);
#2117=LINE('',#14740,#2802);
#2118=LINE('',#14743,#2803);
#2119=LINE('',#14744,#2804);
#2120=LINE('',#14746,#2805);
#2121=LINE('',#14748,#2806);
#2122=LINE('',#14751,#2807);
#2123=LINE('',#14753,#2808);
#2124=LINE('',#14754,#2809);
#2125=LINE('',#14757,#2810);
#2126=LINE('',#14758,#2811);
#2127=LINE('',#14761,#2812);
#2128=LINE('',#14763,#2813);
#2129=LINE('',#14765,#2814);
#2130=LINE('',#14769,#2815);
#2131=LINE('',#14771,#2816);
#2132=LINE('',#14773,#2817);
#2133=LINE('',#14777,#2818);
#2134=LINE('',#14779,#2819);
#2135=LINE('',#14780,#2820);
#2136=LINE('',#14783,#2821);
#2137=LINE('',#14785,#2822);
#2138=LINE('',#14786,#2823);
#2139=LINE('',#14790,#2824);
#2140=LINE('',#14792,#2825);
#2141=LINE('',#14794,#2826);
#2142=LINE('',#14796,#2827);
#2143=LINE('',#14797,#2828);
#2144=LINE('',#14800,#2829);
#2145=LINE('',#14801,#2830);
#2146=LINE('',#14805,#2831);
#2147=LINE('',#14807,#2832);
#2148=LINE('',#14808,#2833);
#2149=LINE('',#14811,#2834);
#2150=LINE('',#14813,#2835);
#2151=LINE('',#14815,#2836);
#2152=LINE('',#14816,#2837);
#2153=LINE('',#14819,#2838);
#2154=LINE('',#14820,#2839);
#2155=LINE('',#14824,#2840);
#2156=LINE('',#14829,#2841);
#2157=LINE('',#14833,#2842);
#2158=LINE('',#14834,#2843);
#2159=LINE('',#14837,#2844);
#2160=LINE('',#14839,#2845);
#2161=LINE('',#14840,#2846);
#2162=LINE('',#14843,#2847);
#2163=LINE('',#14845,#2848);
#2164=LINE('',#14846,#2849);
#2165=LINE('',#14849,#2850);
#2166=LINE('',#14850,#2851);
#2167=LINE('',#14854,#2852);
#2168=LINE('',#14859,#2853);
#2169=LINE('',#14863,#2854);
#2170=LINE('',#14864,#2855);
#2171=LINE('',#14867,#2856);
#2172=LINE('',#14869,#2857);
#2173=LINE('',#14870,#2858);
#2174=LINE('',#14873,#2859);
#2175=LINE('',#14874,#2860);
#2176=LINE('',#14875,#2861);
#2177=LINE('',#14877,#2862);
#2178=LINE('',#14878,#2863);
#2179=LINE('',#14879,#2864);
#2180=LINE('',#14881,#2865);
#2181=LINE('',#14885,#2866);
#2182=LINE('',#14887,#2867);
#2183=LINE('',#14888,#2868);
#2184=LINE('',#14891,#2869);
#2185=LINE('',#14893,#2870);
#2186=LINE('',#14895,#2871);
#2187=LINE('',#14899,#2872);
#2188=LINE('',#14901,#2873);
#2189=LINE('',#14903,#2874);
#2190=LINE('',#14907,#2875);
#2191=LINE('',#14909,#2876);
#2192=LINE('',#14910,#2877);
#2193=LINE('',#14913,#2878);
#2194=LINE('',#14915,#2879);
#2195=LINE('',#14916,#2880);
#2196=LINE('',#14919,#2881);
#2197=LINE('',#14920,#2882);
#2198=LINE('',#14923,#2883);
#2199=LINE('',#14924,#2884);
#2200=LINE('',#14928,#2885);
#2201=LINE('',#14934,#2886);
#2202=LINE('',#14938,#2887);
#2203=LINE('',#14941,#2888);
#2204=LINE('',#14943,#2889);
#2205=LINE('',#14944,#2890);
#2206=LINE('',#14946,#2891);
#2207=LINE('',#14950,#2892);
#2208=LINE('',#14956,#2893);
#2209=LINE('',#14960,#2894);
#2210=LINE('',#14962,#2895);
#2211=LINE('',#14963,#2896);
#2212=LINE('',#14965,#2897);
#2213=LINE('',#14966,#2898);
#2214=LINE('',#14970,#2899);
#2215=LINE('',#14971,#2900);
#2216=LINE('',#14973,#2901);
#2217=LINE('',#14974,#2902);
#2218=LINE('',#14978,#2903);
#2219=LINE('',#14980,#2904);
#2220=LINE('',#14983,#2905);
#2221=LINE('',#14984,#2906);
#2222=LINE('',#14986,#2907);
#2223=LINE('',#14990,#2908);
#2224=LINE('',#14992,#2909);
#2225=LINE('',#14994,#2910);
#2226=LINE('',#14998,#2911);
#2227=LINE('',#14999,#2912);
#2228=LINE('',#15002,#2913);
#2229=LINE('',#15004,#2914);
#2230=LINE('',#15005,#2915);
#2231=LINE('',#15008,#2916);
#2232=LINE('',#15009,#2917);
#2233=LINE('',#15014,#2918);
#2234=LINE('',#15020,#2919);
#2235=LINE('',#15023,#2920);
#2236=LINE('',#15026,#2921);
#2237=LINE('',#15027,#2922);
#2238=LINE('',#15031,#2923);
#2239=LINE('',#15037,#2924);
#2240=LINE('',#15041,#2925);
#2241=LINE('',#15043,#2926);
#2242=LINE('',#15044,#2927);
#2243=LINE('',#15046,#2928);
#2244=LINE('',#15047,#2929);
#2245=LINE('',#15051,#2930);
#2246=LINE('',#15052,#2931);
#2247=LINE('',#15054,#2932);
#2248=LINE('',#15058,#2933);
#2249=LINE('',#15060,#2934);
#2250=LINE('',#15063,#2935);
#2251=LINE('',#15064,#2936);
#2252=LINE('',#15066,#2937);
#2253=LINE('',#15070,#2938);
#2254=LINE('',#15072,#2939);
#2255=LINE('',#15074,#2940);
#2256=LINE('',#15076,#2941);
#2257=LINE('',#15085,#2942);
#2258=LINE('',#15086,#2943);
#2259=LINE('',#15087,#2944);
#2260=LINE('',#15102,#2945);
#2261=LINE('',#15106,#2946);
#2262=LINE('',#15108,#2947);
#2263=LINE('',#15111,#2948);
#2264=LINE('',#15112,#2949);
#2265=LINE('',#15114,#2950);
#2266=LINE('',#15115,#2951);
#2267=LINE('',#15117,#2952);
#2268=LINE('',#15119,#2953);
#2269=LINE('',#15120,#2954);
#2270=LINE('',#15123,#2955);
#2271=LINE('',#15126,#2956);
#2272=LINE('',#15130,#2957);
#2273=LINE('',#15131,#2958);
#2274=LINE('',#15133,#2959);
#2275=LINE('',#15137,#2960);
#2276=LINE('',#15154,#2961);
#2277=LINE('',#15156,#2962);
#2278=LINE('',#15158,#2963);
#2279=LINE('',#15160,#2964);
#2280=VECTOR('',#8402,10.);
#2281=VECTOR('',#8403,10.);
#2282=VECTOR('',#8404,10.);
#2283=VECTOR('',#8405,10.);
#2284=VECTOR('',#8406,10.);
#2285=VECTOR('',#8409,10.);
#2286=VECTOR('',#8410,10.);
#2287=VECTOR('',#8413,10.);
#2288=VECTOR('',#8414,10.);
#2289=VECTOR('',#8417,10.);
#2290=VECTOR('',#8418,10.);
#2291=VECTOR('',#8419,10.);
#2292=VECTOR('',#8424,10.);
#2293=VECTOR('',#8425,10.);
#2294=VECTOR('',#8426,10.);
#2295=VECTOR('',#8429,10.);
#2296=VECTOR('',#8430,10.);
#2297=VECTOR('',#8431,10.);
#2298=VECTOR('',#8434,10.);
#2299=VECTOR('',#8435,10.);
#2300=VECTOR('',#8438,10.);
#2301=VECTOR('',#8443,10.);
#2302=VECTOR('',#8444,10.);
#2303=VECTOR('',#8445,10.);
#2304=VECTOR('',#8448,10.);
#2305=VECTOR('',#8449,10.);
#2306=VECTOR('',#8450,10.);
#2307=VECTOR('',#8453,10.);
#2308=VECTOR('',#8454,10.);
#2309=VECTOR('',#8457,10.);
#2310=VECTOR('',#8462,10.);
#2311=VECTOR('',#8463,10.);
#2312=VECTOR('',#8464,10.);
#2313=VECTOR('',#8465,10.);
#2314=VECTOR('',#8468,10.);
#2315=VECTOR('',#8469,10.);
#2316=VECTOR('',#8470,10.);
#2317=VECTOR('',#8471,10.);
#2318=VECTOR('',#8474,10.);
#2319=VECTOR('',#8475,10.);
#2320=VECTOR('',#8480,10.);
#2321=VECTOR('',#8481,10.);
#2322=VECTOR('',#8482,10.);
#2323=VECTOR('',#8485,10.);
#2324=VECTOR('',#8486,10.);
#2325=VECTOR('',#8487,10.);
#2326=VECTOR('',#8490,10.);
#2327=VECTOR('',#8491,10.);
#2328=VECTOR('',#8492,10.);
#2329=VECTOR('',#8495,10.);
#2330=VECTOR('',#8500,10.);
#2331=VECTOR('',#8501,10.);
#2332=VECTOR('',#8502,10.);
#2333=VECTOR('',#8503,10.);
#2334=VECTOR('',#8506,10.);
#2335=VECTOR('',#8507,10.);
#2336=VECTOR('',#8508,10.);
#2337=VECTOR('',#8509,10.);
#2338=VECTOR('',#8512,10.);
#2339=VECTOR('',#8513,10.);
#2340=VECTOR('',#8520,10.);
#2341=VECTOR('',#8521,10.);
#2342=VECTOR('',#8522,10.);
#2343=VECTOR('',#8525,10.);
#2344=VECTOR('',#8526,10.);
#2345=VECTOR('',#8527,10.);
#2346=VECTOR('',#8530,10.);
#2347=VECTOR('',#8531,10.);
#2348=VECTOR('',#8534,10.);
#2349=VECTOR('',#8535,10.);
#2350=VECTOR('',#8536,10.);
#2351=VECTOR('',#8537,10.);
#2352=VECTOR('',#8538,10.);
#2353=VECTOR('',#8539,10.);
#2354=VECTOR('',#8540,10.);
#2355=VECTOR('',#8541,10.);
#2356=VECTOR('',#8542,10.);
#2357=VECTOR('',#8547,10.);
#2358=VECTOR('',#8548,10.);
#2359=VECTOR('',#8549,10.);
#2360=VECTOR('',#8550,10.);
#2361=VECTOR('',#8551,10.);
#2362=VECTOR('',#8552,10.);
#2363=VECTOR('',#8553,10.);
#2364=VECTOR('',#8554,10.);
#2365=VECTOR('',#8555,10.);
#2366=VECTOR('',#8558,10.);
#2367=VECTOR('',#8559,10.);
#2368=VECTOR('',#8564,10.);
#2369=VECTOR('',#8565,10.);
#2370=VECTOR('',#8566,10.);
#2371=VECTOR('',#8567,10.);
#2372=VECTOR('',#8570,10.);
#2373=VECTOR('',#8571,10.);
#2374=VECTOR('',#8572,10.);
#2375=VECTOR('',#8575,10.);
#2376=VECTOR('',#8576,10.);
#2377=VECTOR('',#8579,10.);
#2378=VECTOR('',#8580,10.);
#2379=VECTOR('',#8583,10.);
#2380=VECTOR('',#8590,10.);
#2381=VECTOR('',#8591,10.);
#2382=VECTOR('',#8592,10.);
#2383=VECTOR('',#8593,10.);
#2384=VECTOR('',#8596,10.);
#2385=VECTOR('',#8597,10.);
#2386=VECTOR('',#8598,10.);
#2387=VECTOR('',#8601,10.);
#2388=VECTOR('',#8602,10.);
#2389=VECTOR('',#8603,10.);
#2390=VECTOR('',#8606,10.);
#2391=VECTOR('',#8607,10.);
#2392=VECTOR('',#8640,2.1);
#2393=VECTOR('',#8647,2.1);
#2394=VECTOR('',#8692,2.99999999999999);
#2395=VECTOR('',#8729,10.);
#2396=VECTOR('',#8732,10.);
#2397=VECTOR('',#8735,10.);
#2398=VECTOR('',#8740,10.);
#2399=VECTOR('',#8743,10.);
#2400=VECTOR('',#8746,10.);
#2401=VECTOR('',#8749,10.);
#2402=VECTOR('',#8752,10.);
#2403=VECTOR('',#8755,10.);
#2404=VECTOR('',#8758,10.);
#2405=VECTOR('',#8761,10.);
#2406=VECTOR('',#8764,10.);
#2407=VECTOR('',#8767,10.);
#2408=VECTOR('',#8770,10.);
#2409=VECTOR('',#8773,10.);
#2410=VECTOR('',#8776,10.);
#2411=VECTOR('',#8779,10.);
#2412=VECTOR('',#8782,10.);
#2413=VECTOR('',#8785,10.);
#2414=VECTOR('',#8786,10.);
#2415=VECTOR('',#8787,10.);
#2416=VECTOR('',#8788,10.);
#2417=VECTOR('',#8791,3.);
#2418=VECTOR('',#8822,10.);
#2419=VECTOR('',#8825,3.);
#2420=VECTOR('',#8848,10.);
#2421=VECTOR('',#8855,2.99999999999999);
#2422=VECTOR('',#8882,10.);
#2423=VECTOR('',#8885,10.);
#2424=VECTOR('',#8890,10.);
#2425=VECTOR('',#8891,10.);
#2426=VECTOR('',#8894,10.);
#2427=VECTOR('',#8895,10.);
#2428=VECTOR('',#8896,10.);
#2429=VECTOR('',#8899,10.);
#2430=VECTOR('',#8902,10.);
#2431=VECTOR('',#8903,10.);
#2432=VECTOR('',#8908,10.);
#2433=VECTOR('',#8911,10.);
#2434=VECTOR('',#8912,10.);
#2435=VECTOR('',#8915,10.);
#2436=VECTOR('',#8916,10.);
#2437=VECTOR('',#8917,10.);
#2438=VECTOR('',#8920,10.);
#2439=VECTOR('',#8923,10.);
#2440=VECTOR('',#8924,10.);
#2441=VECTOR('',#8925,10.);
#2442=VECTOR('',#8932,10.);
#2443=VECTOR('',#8935,10.);
#2444=VECTOR('',#8946,10.);
#2445=VECTOR('',#8947,10.);
#2446=VECTOR('',#8948,10.);
#2447=VECTOR('',#8951,10.);
#2448=VECTOR('',#8952,10.);
#2449=VECTOR('',#8953,10.);
#2450=VECTOR('',#8956,10.);
#2451=VECTOR('',#8957,10.);
#2452=VECTOR('',#8958,10.);
#2453=VECTOR('',#8965,10.);
#2454=VECTOR('',#8966,10.);
#2455=VECTOR('',#8967,10.);
#2456=VECTOR('',#8970,10.);
#2457=VECTOR('',#8971,10.);
#2458=VECTOR('',#8974,10.);
#2459=VECTOR('',#8975,10.);
#2460=VECTOR('',#8978,10.);
#2461=VECTOR('',#8981,10.);
#2462=VECTOR('',#8982,10.);
#2463=VECTOR('',#8983,10.);
#2464=VECTOR('',#8984,10.);
#2465=VECTOR('',#8987,10.);
#2466=VECTOR('',#8988,10.);
#2467=VECTOR('',#8989,10.);
#2468=VECTOR('',#8992,10.);
#2469=VECTOR('',#8993,10.);
#2470=VECTOR('',#8996,10.);
#2471=VECTOR('',#8997,10.);
#2472=VECTOR('',#9000,10.);
#2473=VECTOR('',#9003,10.);
#2474=VECTOR('',#9004,10.);
#2475=VECTOR('',#9005,10.);
#2476=VECTOR('',#9008,10.);
#2477=VECTOR('',#9009,10.);
#2478=VECTOR('',#9012,10.);
#2479=VECTOR('',#9013,10.);
#2480=VECTOR('',#9014,10.);
#2481=VECTOR('',#9015,10.);
#2482=VECTOR('',#9020,10.);
#2483=VECTOR('',#9023,10.);
#2484=VECTOR('',#9024,10.);
#2485=VECTOR('',#9025,10.);
#2486=VECTOR('',#9028,10.);
#2487=VECTOR('',#9031,10.);
#2488=VECTOR('',#9032,10.);
#2489=VECTOR('',#9033,10.);
#2490=VECTOR('',#9034,10.);
#2491=VECTOR('',#9035,10.);
#2492=VECTOR('',#9036,10.);
#2493=VECTOR('',#9037,10.);
#2494=VECTOR('',#9038,10.);
#2495=VECTOR('',#9039,10.);
#2496=VECTOR('',#9044,10.);
#2497=VECTOR('',#9045,10.);
#2498=VECTOR('',#9046,10.);
#2499=VECTOR('',#9049,10.);
#2500=VECTOR('',#9050,10.);
#2501=VECTOR('',#9051,10.);
#2502=VECTOR('',#9054,10.);
#2503=VECTOR('',#9055,10.);
#2504=VECTOR('',#9056,10.);
#2505=VECTOR('',#9059,10.);
#2506=VECTOR('',#9060,10.);
#2507=VECTOR('',#9061,10.);
#2508=VECTOR('',#9070,10.);
#2509=VECTOR('',#9071,10.);
#2510=VECTOR('',#9074,10.);
#2511=VECTOR('',#9077,10.);
#2512=VECTOR('',#9078,10.);
#2513=VECTOR('',#9079,10.);
#2514=VECTOR('',#9080,10.);
#2515=VECTOR('',#9081,10.);
#2516=VECTOR('',#9082,10.);
#2517=VECTOR('',#9083,10.);
#2518=VECTOR('',#9086,10.);
#2519=VECTOR('',#9087,10.);
#2520=VECTOR('',#9088,10.);
#2521=VECTOR('',#9091,10.);
#2522=VECTOR('',#9092,10.);
#2523=VECTOR('',#9095,10.);
#2524=VECTOR('',#9096,10.);
#2525=VECTOR('',#9099,10.);
#2526=VECTOR('',#9100,10.);
#2527=VECTOR('',#9101,10.);
#2528=VECTOR('',#9104,10.);
#2529=VECTOR('',#9105,10.);
#2530=VECTOR('',#9108,10.);
#2531=VECTOR('',#9109,10.);
#2532=VECTOR('',#9112,10.);
#2533=VECTOR('',#9113,10.);
#2534=VECTOR('',#9116,10.);
#2535=VECTOR('',#9117,10.);
#2536=VECTOR('',#9118,10.);
#2537=VECTOR('',#9121,10.);
#2538=VECTOR('',#9124,10.);
#2539=VECTOR('',#9131,3.75);
#2540=VECTOR('',#9136,10.);
#2541=VECTOR('',#9141,10.);
#2542=VECTOR('',#9144,10.);
#2543=VECTOR('',#9147,10.);
#2544=VECTOR('',#9156,2.1);
#2545=VECTOR('',#9163,3.75);
#2546=VECTOR('',#9172,2.1);
#2547=VECTOR('',#9179,3.75);
#2548=VECTOR('',#9188,3.75);
#2549=VECTOR('',#9197,2.1);
#2550=VECTOR('',#9204,3.75);
#2551=VECTOR('',#9213,2.1);
#2552=VECTOR('',#9220,3.75);
#2553=VECTOR('',#9225,10.);
#2554=VECTOR('',#9226,10.);
#2555=VECTOR('',#9231,10.);
#2556=VECTOR('',#9232,10.);
#2557=VECTOR('',#9237,10.);
#2558=VECTOR('',#9240,10.);
#2559=VECTOR('',#9245,10.);
#2560=VECTOR('',#9248,10.);
#2561=VECTOR('',#9253,10.);
#2562=VECTOR('',#9256,10.);
#2563=VECTOR('',#9257,10.);
#2564=VECTOR('',#9260,10.);
#2565=VECTOR('',#9265,10.);
#2566=VECTOR('',#9266,10.);
#2567=VECTOR('',#9273,10.);
#2568=VECTOR('',#9278,10.);
#2569=VECTOR('',#9281,10.);
#2570=VECTOR('',#9282,10.);
#2571=VECTOR('',#9285,10.);
#2572=VECTOR('',#9290,10.);
#2573=VECTOR('',#9291,10.);
#2574=VECTOR('',#9298,10.);
#2575=VECTOR('',#9299,10.);
#2576=VECTOR('',#9302,10.);
#2577=VECTOR('',#9307,10.);
#2578=VECTOR('',#9308,10.);
#2579=VECTOR('',#9315,10.);
#2580=VECTOR('',#9318,10.);
#2581=VECTOR('',#9319,10.);
#2582=VECTOR('',#9322,10.);
#2583=VECTOR('',#9327,10.);
#2584=VECTOR('',#9328,10.);
#2585=VECTOR('',#9335,10.);
#2586=VECTOR('',#9336,10.);
#2587=VECTOR('',#9337,10.);
#2588=VECTOR('',#9340,10.);
#2589=VECTOR('',#9345,10.);
#2590=VECTOR('',#9346,10.);
#2591=VECTOR('',#9349,10.);
#2592=VECTOR('',#9354,10.);
#2593=VECTOR('',#9355,10.);
#2594=VECTOR('',#9358,10.);
#2595=VECTOR('',#9363,10.);
#2596=VECTOR('',#9364,10.);
#2597=VECTOR('',#9367,10.);
#2598=VECTOR('',#9372,10.);
#2599=VECTOR('',#9373,10.);
#2600=VECTOR('',#9376,10.);
#2601=VECTOR('',#9381,10.);
#2602=VECTOR('',#9382,10.);
#2603=VECTOR('',#9385,10.);
#2604=VECTOR('',#9390,10.);
#2605=VECTOR('',#9391,10.);
#2606=VECTOR('',#9394,10.);
#2607=VECTOR('',#9399,10.);
#2608=VECTOR('',#9400,10.);
#2609=VECTOR('',#9403,10.);
#2610=VECTOR('',#9408,10.);
#2611=VECTOR('',#9409,10.);
#2612=VECTOR('',#9412,10.);
#2613=VECTOR('',#9417,10.);
#2614=VECTOR('',#9418,10.);
#2615=VECTOR('',#9421,10.);
#2616=VECTOR('',#9426,10.);
#2617=VECTOR('',#9427,10.);
#2618=VECTOR('',#9430,10.);
#2619=VECTOR('',#9435,10.);
#2620=VECTOR('',#9436,10.);
#2621=VECTOR('',#9447,10.);
#2622=VECTOR('',#9448,10.);
#2623=VECTOR('',#9449,10.);
#2624=VECTOR('',#9450,10.);
#2625=VECTOR('',#9451,10.);
#2626=VECTOR('',#9452,10.);
#2627=VECTOR('',#9453,10.);
#2628=VECTOR('',#9454,10.);
#2629=VECTOR('',#9457,10.);
#2630=VECTOR('',#9458,10.);
#2631=VECTOR('',#9459,10.);
#2632=VECTOR('',#9462,10.);
#2633=VECTOR('',#9463,10.);
#2634=VECTOR('',#9464,10.);
#2635=VECTOR('',#9469,10.);
#2636=VECTOR('',#9470,10.);
#2637=VECTOR('',#9475,10.);
#2638=VECTOR('',#9480,10.);
#2639=VECTOR('',#9485,10.);
#2640=VECTOR('',#9486,10.);
#2641=VECTOR('',#9495,10.);
#2642=VECTOR('',#9498,10.);
#2643=VECTOR('',#9501,10.);
#2644=VECTOR('',#9502,10.);
#2645=VECTOR('',#9503,10.);
#2646=VECTOR('',#9510,10.);
#2647=VECTOR('',#9513,10.);
#2648=VECTOR('',#9514,10.);
#2649=VECTOR('',#9515,10.);
#2650=VECTOR('',#9522,10.);
#2651=VECTOR('',#9525,10.);
#2652=VECTOR('',#9526,10.);
#2653=VECTOR('',#9527,10.);
#2654=VECTOR('',#9534,10.);
#2655=VECTOR('',#9537,10.);
#2656=VECTOR('',#9538,10.);
#2657=VECTOR('',#9539,10.);
#2658=VECTOR('',#9546,10.);
#2659=VECTOR('',#9549,10.);
#2660=VECTOR('',#9550,10.);
#2661=VECTOR('',#9551,10.);
#2662=VECTOR('',#9558,10.);
#2663=VECTOR('',#9561,10.);
#2664=VECTOR('',#9562,10.);
#2665=VECTOR('',#9563,10.);
#2666=VECTOR('',#9566,10.);
#2667=VECTOR('',#9567,10.);
#2668=VECTOR('',#9568,10.);
#2669=VECTOR('',#9573,10.);
#2670=VECTOR('',#9578,10.);
#2671=VECTOR('',#9579,10.);
#2672=VECTOR('',#9580,10.);
#2673=VECTOR('',#9585,10.);
#2674=VECTOR('',#9590,10.);
#2675=VECTOR('',#9591,10.);
#2676=VECTOR('',#9592,10.);
#2677=VECTOR('',#9597,10.);
#2678=VECTOR('',#9602,10.);
#2679=VECTOR('',#9603,10.);
#2680=VECTOR('',#9604,10.);
#2681=VECTOR('',#9609,10.);
#2682=VECTOR('',#9614,10.);
#2683=VECTOR('',#9615,10.);
#2684=VECTOR('',#9616,10.);
#2685=VECTOR('',#9621,10.);
#2686=VECTOR('',#9626,10.);
#2687=VECTOR('',#9627,10.);
#2688=VECTOR('',#9628,10.);
#2689=VECTOR('',#9639,10.);
#2690=VECTOR('',#9646,10.);
#2691=VECTOR('',#9653,10.);
#2692=VECTOR('',#9660,10.);
#2693=VECTOR('',#9667,10.);
#2694=VECTOR('',#9668,10.);
#2695=VECTOR('',#9669,10.);
#2696=VECTOR('',#9674,10.);
#2697=VECTOR('',#9679,10.);
#2698=VECTOR('',#9684,10.);
#2699=VECTOR('',#9687,10.);
#2700=VECTOR('',#9688,10.);
#2701=VECTOR('',#9693,10.);
#2702=VECTOR('',#9698,10.);
#2703=VECTOR('',#9703,10.);
#2704=VECTOR('',#9706,10.);
#2705=VECTOR('',#9707,10.);
#2706=VECTOR('',#9712,10.);
#2707=VECTOR('',#9717,10.);
#2708=VECTOR('',#9722,10.);
#2709=VECTOR('',#9725,10.);
#2710=VECTOR('',#9726,10.);
#2711=VECTOR('',#9731,10.);
#2712=VECTOR('',#9736,10.);
#2713=VECTOR('',#9745,10.);
#2714=VECTOR('',#9746,10.);
#2715=VECTOR('',#9747,10.);
#2716=VECTOR('',#9750,10.);
#2717=VECTOR('',#9751,10.);
#2718=VECTOR('',#9754,10.);
#2719=VECTOR('',#9755,10.);
#2720=VECTOR('',#9760,10.);
#2721=VECTOR('',#9763,10.);
#2722=VECTOR('',#9768,10.);
#2723=VECTOR('',#9769,10.);
#2724=VECTOR('',#9772,10.);
#2725=VECTOR('',#9773,10.);
#2726=VECTOR('',#9776,10.);
#2727=VECTOR('',#9783,10.);
#2728=VECTOR('',#9784,10.);
#2729=VECTOR('',#9785,10.);
#2730=VECTOR('',#9788,10.);
#2731=VECTOR('',#9789,10.);
#2732=VECTOR('',#9792,10.);
#2733=VECTOR('',#9793,10.);
#2734=VECTOR('',#9798,10.);
#2735=VECTOR('',#9801,10.);
#2736=VECTOR('',#9802,10.);
#2737=VECTOR('',#9805,10.);
#2738=VECTOR('',#9806,10.);
#2739=VECTOR('',#9809,10.);
#2740=VECTOR('',#9810,10.);
#2741=VECTOR('',#9815,10.);
#2742=VECTOR('',#9818,10.);
#2743=VECTOR('',#9819,10.);
#2744=VECTOR('',#9820,10.);
#2745=VECTOR('',#9827,10.);
#2746=VECTOR('',#9828,10.);
#2747=VECTOR('',#9831,10.);
#2748=VECTOR('',#9832,10.);
#2749=VECTOR('',#9835,10.);
#2750=VECTOR('',#9836,10.);
#2751=VECTOR('',#9839,10.);
#2752=VECTOR('',#9842,10.);
#2753=VECTOR('',#9845,10.);
#2754=VECTOR('',#9848,10.);
#2755=VECTOR('',#9853,10.);
#2756=VECTOR('',#9854,10.);
#2757=VECTOR('',#9855,10.);
#2758=VECTOR('',#9856,10.);
#2759=VECTOR('',#9857,10.);
#2760=VECTOR('',#9860,10.);
#2761=VECTOR('',#9861,10.);
#2762=VECTOR('',#9864,10.);
#2763=VECTOR('',#9865,10.);
#2764=VECTOR('',#9866,10.);
#2765=VECTOR('',#9869,10.);
#2766=VECTOR('',#9870,10.);
#2767=VECTOR('',#9871,10.);
#2768=VECTOR('',#9874,10.);
#2769=VECTOR('',#9875,10.);
#2770=VECTOR('',#9876,10.);
#2771=VECTOR('',#9877,10.);
#2772=VECTOR('',#9878,10.);
#2773=VECTOR('',#9881,10.);
#2774=VECTOR('',#9882,10.);
#2775=VECTOR('',#9883,10.);
#2776=VECTOR('',#9886,10.);
#2777=VECTOR('',#9889,10.);
#2778=VECTOR('',#9890,10.);
#2779=VECTOR('',#9891,10.);
#2780=VECTOR('',#9894,10.);
#2781=VECTOR('',#9895,10.);
#2782=VECTOR('',#9898,10.);
#2783=VECTOR('',#9903,10.);
#2784=VECTOR('',#9908,10.);
#2785=VECTOR('',#9909,10.);
#2786=VECTOR('',#9912,10.);
#2787=VECTOR('',#9913,10.);
#2788=VECTOR('',#9916,10.);
#2789=VECTOR('',#9917,10.);
#2790=VECTOR('',#9918,10.);
#2791=VECTOR('',#9921,10.);
#2792=VECTOR('',#9922,10.);
#2793=VECTOR('',#9923,10.);
#2794=VECTOR('',#9926,10.);
#2795=VECTOR('',#9927,10.);
#2796=VECTOR('',#9928,10.);
#2797=VECTOR('',#9931,10.);
#2798=VECTOR('',#9932,10.);
#2799=VECTOR('',#9935,10.);
#2800=VECTOR('',#9940,10.);
#2801=VECTOR('',#9945,10.);
#2802=VECTOR('',#9946,10.);
#2803=VECTOR('',#9949,10.);
#2804=VECTOR('',#9950,10.);
#2805=VECTOR('',#9953,10.);
#2806=VECTOR('',#9956,10.);
#2807=VECTOR('',#9959,10.);
#2808=VECTOR('',#9960,10.);
#2809=VECTOR('',#9961,10.);
#2810=VECTOR('',#9964,10.);
#2811=VECTOR('',#9965,10.);
#2812=VECTOR('',#9968,10.);
#2813=VECTOR('',#9969,10.);
#2814=VECTOR('',#9970,10.);
#2815=VECTOR('',#9973,10.);
#2816=VECTOR('',#9974,10.);
#2817=VECTOR('',#9975,10.);
#2818=VECTOR('',#9978,10.);
#2819=VECTOR('',#9979,10.);
#2820=VECTOR('',#9980,10.);
#2821=VECTOR('',#9983,10.);
#2822=VECTOR('',#9984,10.);
#2823=VECTOR('',#9985,10.);
#2824=VECTOR('',#9988,10.);
#2825=VECTOR('',#9989,10.);
#2826=VECTOR('',#9990,10.);
#2827=VECTOR('',#9991,10.);
#2828=VECTOR('',#9992,10.);
#2829=VECTOR('',#9995,10.);
#2830=VECTOR('',#9996,10.);
#2831=VECTOR('',#9999,10.);
#2832=VECTOR('',#10000,10.);
#2833=VECTOR('',#10001,10.);
#2834=VECTOR('',#10004,10.);
#2835=VECTOR('',#10005,10.);
#2836=VECTOR('',#10006,10.);
#2837=VECTOR('',#10007,10.);
#2838=VECTOR('',#10010,10.);
#2839=VECTOR('',#10011,10.);
#2840=VECTOR('',#10014,10.);
#2841=VECTOR('',#10021,10.);
#2842=VECTOR('',#10026,10.);
#2843=VECTOR('',#10027,10.);
#2844=VECTOR('',#10030,10.);
#2845=VECTOR('',#10031,10.);
#2846=VECTOR('',#10032,10.);
#2847=VECTOR('',#10035,10.);
#2848=VECTOR('',#10036,10.);
#2849=VECTOR('',#10037,10.);
#2850=VECTOR('',#10040,10.);
#2851=VECTOR('',#10041,10.);
#2852=VECTOR('',#10044,10.);
#2853=VECTOR('',#10051,10.);
#2854=VECTOR('',#10056,10.);
#2855=VECTOR('',#10057,10.);
#2856=VECTOR('',#10060,10.);
#2857=VECTOR('',#10061,10.);
#2858=VECTOR('',#10062,10.);
#2859=VECTOR('',#10065,10.);
#2860=VECTOR('',#10066,10.);
#2861=VECTOR('',#10067,10.);
#2862=VECTOR('',#10068,10.);
#2863=VECTOR('',#10069,10.);
#2864=VECTOR('',#10070,10.);
#2865=VECTOR('',#10073,10.);
#2866=VECTOR('',#10078,10.);
#2867=VECTOR('',#10079,10.);
#2868=VECTOR('',#10080,10.);
#2869=VECTOR('',#10083,10.);
#2870=VECTOR('',#10084,10.);
#2871=VECTOR('',#10085,10.);
#2872=VECTOR('',#10088,10.);
#2873=VECTOR('',#10089,10.);
#2874=VECTOR('',#10090,10.);
#2875=VECTOR('',#10093,10.);
#2876=VECTOR('',#10094,10.);
#2877=VECTOR('',#10095,10.);
#2878=VECTOR('',#10098,10.);
#2879=VECTOR('',#10099,10.);
#2880=VECTOR('',#10100,10.);
#2881=VECTOR('',#10103,10.);
#2882=VECTOR('',#10104,10.);
#2883=VECTOR('',#10107,10.);
#2884=VECTOR('',#10108,10.);
#2885=VECTOR('',#10111,10.);
#2886=VECTOR('',#10118,10.);
#2887=VECTOR('',#10125,10.);
#2888=VECTOR('',#10128,10.);
#2889=VECTOR('',#10129,10.);
#2890=VECTOR('',#10130,10.);
#2891=VECTOR('',#10133,10.);
#2892=VECTOR('',#10136,10.);
#2893=VECTOR('',#10143,10.);
#2894=VECTOR('',#10150,10.);
#2895=VECTOR('',#10153,10.);
#2896=VECTOR('',#10154,10.);
#2897=VECTOR('',#10157,10.);
#2898=VECTOR('',#10158,10.);
#2899=VECTOR('',#10163,10.);
#2900=VECTOR('',#10164,10.);
#2901=VECTOR('',#10167,10.);
#2902=VECTOR('',#10168,10.);
#2903=VECTOR('',#10173,10.);
#2904=VECTOR('',#10176,10.);
#2905=VECTOR('',#10179,10.);
#2906=VECTOR('',#10180,10.);
#2907=VECTOR('',#10183,10.);
#2908=VECTOR('',#10188,10.);
#2909=VECTOR('',#10191,10.);
#2910=VECTOR('',#10194,10.);
#2911=VECTOR('',#10199,10.);
#2912=VECTOR('',#10200,10.);
#2913=VECTOR('',#10203,10.);
#2914=VECTOR('',#10204,10.);
#2915=VECTOR('',#10205,10.);
#2916=VECTOR('',#10208,10.);
#2917=VECTOR('',#10209,10.);
#2918=VECTOR('',#10214,10.);
#2919=VECTOR('',#10221,10.);
#2920=VECTOR('',#10226,10.);
#2921=VECTOR('',#10229,10.);
#2922=VECTOR('',#10230,10.);
#2923=VECTOR('',#10233,10.);
#2924=VECTOR('',#10240,10.);
#2925=VECTOR('',#10247,10.);
#2926=VECTOR('',#10250,10.);
#2927=VECTOR('',#10251,10.);
#2928=VECTOR('',#10254,10.);
#2929=VECTOR('',#10255,10.);
#2930=VECTOR('',#10260,10.);
#2931=VECTOR('',#10261,10.);
#2932=VECTOR('',#10264,10.);
#2933=VECTOR('',#10269,10.);
#2934=VECTOR('',#10272,10.);
#2935=VECTOR('',#10275,10.);
#2936=VECTOR('',#10276,10.);
#2937=VECTOR('',#10279,10.);
#2938=VECTOR('',#10284,10.);
#2939=VECTOR('',#10287,10.);
#2940=VECTOR('',#10290,10.);
#2941=VECTOR('',#10293,10.);
#2942=VECTOR('',#10302,10.);
#2943=VECTOR('',#10303,10.);
#2944=VECTOR('',#10304,10.);
#2945=VECTOR('',#10307,10.);
#2946=VECTOR('',#10312,10.);
#2947=VECTOR('',#10315,2.);
#2948=VECTOR('',#10318,10.);
#2949=VECTOR('',#10319,10.);
#2950=VECTOR('',#10322,10.);
#2951=VECTOR('',#10323,10.);
#2952=VECTOR('',#10326,1.99999999999999);
#2953=VECTOR('',#10329,10.);
#2954=VECTOR('',#10330,10.);
#2955=VECTOR('',#10335,10.);
#2956=VECTOR('',#10338,10.);
#2957=VECTOR('',#10343,10.);
#2958=VECTOR('',#10344,10.);
#2959=VECTOR('',#10347,2.);
#2960=VECTOR('',#10352,10.);
#2961=VECTOR('',#10361,10.);
#2962=VECTOR('',#10364,10.);
#2963=VECTOR('',#10367,10.);
#2964=VECTOR('',#10370,1.99999999999999);
#2965=(
BOUNDED_CURVE()
B_SPLINE_CURVE(3,(#10384,#10385,#10386,#10387),.UNSPECIFIED.,.F.,.F.)
B_SPLINE_CURVE_WITH_KNOTS((4,4),(0.,1.),.UNSPECIFIED.)
CURVE()
GEOMETRIC_REPRESENTATION_ITEM()
RATIONAL_B_SPLINE_CURVE((1.,1.,1.,1.))
REPRESENTATION_ITEM('')
);
#2966=(
BOUNDED_CURVE()
B_SPLINE_CURVE(3,(#10393,#10394,#10395,#10396),.UNSPECIFIED.,.F.,.F.)
B_SPLINE_CURVE_WITH_KNOTS((4,4),(0.,1.),.UNSPECIFIED.)
CURVE()
GEOMETRIC_REPRESENTATION_ITEM()
RATIONAL_B_SPLINE_CURVE((1.,1.,1.,1.))
REPRESENTATION_ITEM('')
);
#2967=(
BOUNDED_CURVE()
B_SPLINE_CURVE(3,(#10398,#10399,#10400,#10401),.UNSPECIFIED.,.F.,.F.)
B_SPLINE_CURVE_WITH_KNOTS((4,4),(0.,1.),.UNSPECIFIED.)
CURVE()
GEOMETRIC_REPRESENTATION_ITEM()
RATIONAL_B_SPLINE_CURVE((1.,1.,1.,1.))
REPRESENTATION_ITEM('')
);
#2968=(
BOUNDED_CURVE()
B_SPLINE_CURVE(3,(#10501,#10502,#10503,#10504),.UNSPECIFIED.,.F.,.F.)
B_SPLINE_CURVE_WITH_KNOTS((4,4),(-1.,0.),.UNSPECIFIED.)
CURVE()
GEOMETRIC_REPRESENTATION_ITEM()
RATIONAL_B_SPLINE_CURVE((1.,1.,1.,1.))
REPRESENTATION_ITEM('')
);
#2969=(
BOUNDED_CURVE()
B_SPLINE_CURVE(3,(#10508,#10509,#10510,#10511),.UNSPECIFIED.,.F.,.F.)
B_SPLINE_CURVE_WITH_KNOTS((4,4),(-1.,0.),.UNSPECIFIED.)
CURVE()
GEOMETRIC_REPRESENTATION_ITEM()
RATIONAL_B_SPLINE_CURVE((1.,1.,1.,1.))
REPRESENTATION_ITEM('')
);
#2970=(
BOUNDED_CURVE()
B_SPLINE_CURVE(3,(#10513,#10514,#10515,#10516),.UNSPECIFIED.,.F.,.F.)
B_SPLINE_CURVE_WITH_KNOTS((4,4),(-1.,0.),.UNSPECIFIED.)
CURVE()
GEOMETRIC_REPRESENTATION_ITEM()
RATIONAL_B_SPLINE_CURVE((1.,1.,1.,1.))
REPRESENTATION_ITEM('')
);
#2971=(
BOUNDED_CURVE()
B_SPLINE_CURVE(3,(#10519,#10520,#10521,#10522),.UNSPECIFIED.,.F.,.F.)
B_SPLINE_CURVE_WITH_KNOTS((4,4),(-1.,0.),.UNSPECIFIED.)
CURVE()
GEOMETRIC_REPRESENTATION_ITEM()
RATIONAL_B_SPLINE_CURVE((1.,1.,1.,1.))
REPRESENTATION_ITEM('')
);
#2972=(
BOUNDED_CURVE()
B_SPLINE_CURVE(3,(#10619,#10620,#10621,#10622),.UNSPECIFIED.,.F.,.F.)
B_SPLINE_CURVE_WITH_KNOTS((4,4),(0.,1.),.UNSPECIFIED.)
CURVE()
GEOMETRIC_REPRESENTATION_ITEM()
RATIONAL_B_SPLINE_CURVE((1.,1.,1.,1.))
REPRESENTATION_ITEM('')
);
#2973=(
BOUNDED_CURVE()
B_SPLINE_CURVE(3,(#10663,#10664,#10665,#10666),.UNSPECIFIED.,.F.,.F.)
B_SPLINE_CURVE_WITH_KNOTS((4,4),(-1.,0.),.UNSPECIFIED.)
CURVE()
GEOMETRIC_REPRESENTATION_ITEM()
RATIONAL_B_SPLINE_CURVE((1.,1.,1.,1.))
REPRESENTATION_ITEM('')
);
#2974=(
BOUNDED_CURVE()
B_SPLINE_CURVE(3,(#10682,#10683,#10684,#10685),.UNSPECIFIED.,.F.,.F.)
B_SPLINE_CURVE_WITH_KNOTS((4,4),(-1.,0.),.UNSPECIFIED.)
CURVE()
GEOMETRIC_REPRESENTATION_ITEM()
RATIONAL_B_SPLINE_CURVE((1.,1.,1.,1.))
REPRESENTATION_ITEM('')
);
#2975=(
BOUNDED_CURVE()
B_SPLINE_CURVE(3,(#10695,#10696,#10697,#10698),.UNSPECIFIED.,.F.,.F.)
B_SPLINE_CURVE_WITH_KNOTS((4,4),(-1.,0.),.UNSPECIFIED.)
CURVE()
GEOMETRIC_REPRESENTATION_ITEM()
RATIONAL_B_SPLINE_CURVE((1.,1.,1.,1.))
REPRESENTATION_ITEM('')
);
#2976=(
BOUNDED_CURVE()
B_SPLINE_CURVE(3,(#10712,#10713,#10714,#10715),.UNSPECIFIED.,.F.,.F.)
B_SPLINE_CURVE_WITH_KNOTS((4,4),(-1.,0.),.UNSPECIFIED.)
CURVE()
GEOMETRIC_REPRESENTATION_ITEM()
RATIONAL_B_SPLINE_CURVE((1.,1.,1.,1.))
REPRESENTATION_ITEM('')
);
#2977=(
BOUNDED_CURVE()
B_SPLINE_CURVE(3,(#10727,#10728,#10729,#10730),.UNSPECIFIED.,.F.,.F.)
B_SPLINE_CURVE_WITH_KNOTS((4,4),(0.,1.),.UNSPECIFIED.)
CURVE()
GEOMETRIC_REPRESENTATION_ITEM()
RATIONAL_B_SPLINE_CURVE((1.,1.,1.,1.))
REPRESENTATION_ITEM('')
);
#2978=(
BOUNDED_CURVE()
B_SPLINE_CURVE(3,(#10732,#10733,#10734,#10735),.UNSPECIFIED.,.F.,.F.)
B_SPLINE_CURVE_WITH_KNOTS((4,4),(0.,1.),.UNSPECIFIED.)
CURVE()
GEOMETRIC_REPRESENTATION_ITEM()
RATIONAL_B_SPLINE_CURVE((1.,1.,1.,1.))
REPRESENTATION_ITEM('')
);
#2979=(
BOUNDED_CURVE()
B_SPLINE_CURVE(3,(#10737,#10738,#10739,#10740),.UNSPECIFIED.,.F.,.F.)
B_SPLINE_CURVE_WITH_KNOTS((4,4),(0.,1.),.UNSPECIFIED.)
CURVE()
GEOMETRIC_REPRESENTATION_ITEM()
RATIONAL_B_SPLINE_CURVE((1.,1.,1.,1.))
REPRESENTATION_ITEM('')
);
#2980=(
BOUNDED_CURVE()
B_SPLINE_CURVE(3,(#10741,#10742,#10743,#10744),.UNSPECIFIED.,.F.,.F.)
B_SPLINE_CURVE_WITH_KNOTS((4,4),(0.,1.),.UNSPECIFIED.)
CURVE()
GEOMETRIC_REPRESENTATION_ITEM()
RATIONAL_B_SPLINE_CURVE((1.,1.,1.,1.))
REPRESENTATION_ITEM('')
);
#2981=(
BOUNDED_CURVE()
B_SPLINE_CURVE(3,(#10747,#10748,#10749,#10750),.UNSPECIFIED.,.F.,.F.)
B_SPLINE_CURVE_WITH_KNOTS((4,4),(0.,1.),.UNSPECIFIED.)
CURVE()
GEOMETRIC_REPRESENTATION_ITEM()
RATIONAL_B_SPLINE_CURVE((1.,1.,1.,1.))
REPRESENTATION_ITEM('')
);
#2982=(
BOUNDED_CURVE()
B_SPLINE_CURVE(3,(#10752,#10753,#10754,#10755),.UNSPECIFIED.,.F.,.F.)
B_SPLINE_CURVE_WITH_KNOTS((4,4),(0.,1.),.UNSPECIFIED.)
CURVE()
GEOMETRIC_REPRESENTATION_ITEM()
RATIONAL_B_SPLINE_CURVE((1.,1.,1.,1.))
REPRESENTATION_ITEM('')
);
#2983=(
BOUNDED_CURVE()
B_SPLINE_CURVE(3,(#10757,#10758,#10759,#10760),.UNSPECIFIED.,.F.,.F.)
B_SPLINE_CURVE_WITH_KNOTS((4,4),(0.,1.),.UNSPECIFIED.)
CURVE()
GEOMETRIC_REPRESENTATION_ITEM()
RATIONAL_B_SPLINE_CURVE((1.,1.,1.,1.))
REPRESENTATION_ITEM('')
);
#2984=(
BOUNDED_CURVE()
B_SPLINE_CURVE(3,(#10761,#10762,#10763,#10764),.UNSPECIFIED.,.F.,.F.)
B_SPLINE_CURVE_WITH_KNOTS((4,4),(0.,1.),.UNSPECIFIED.)
CURVE()
GEOMETRIC_REPRESENTATION_ITEM()
RATIONAL_B_SPLINE_CURVE((1.,1.,1.,1.))
REPRESENTATION_ITEM('')
);
#2985=(
BOUNDED_CURVE()
B_SPLINE_CURVE(3,(#10944,#10945,#10946,#10947),.UNSPECIFIED.,.F.,.F.)
B_SPLINE_CURVE_WITH_KNOTS((4,4),(0.,1.),.UNSPECIFIED.)
CURVE()
GEOMETRIC_REPRESENTATION_ITEM()
RATIONAL_B_SPLINE_CURVE((1.,1.,1.,1.))
REPRESENTATION_ITEM('')
);
#2986=(
BOUNDED_CURVE()
B_SPLINE_CURVE(3,(#10959,#10960,#10961,#10962),.UNSPECIFIED.,.F.,.F.)
B_SPLINE_CURVE_WITH_KNOTS((4,4),(0.,1.),.UNSPECIFIED.)
CURVE()
GEOMETRIC_REPRESENTATION_ITEM()
RATIONAL_B_SPLINE_CURVE((1.,1.,1.,1.))
REPRESENTATION_ITEM('')
);
#2987=(
BOUNDED_CURVE()
B_SPLINE_CURVE(3,(#10974,#10975,#10976,#10977),.UNSPECIFIED.,.F.,.F.)
B_SPLINE_CURVE_WITH_KNOTS((4,4),(0.,1.),.UNSPECIFIED.)
CURVE()
GEOMETRIC_REPRESENTATION_ITEM()
RATIONAL_B_SPLINE_CURVE((1.,1.,1.,1.))
REPRESENTATION_ITEM('')
);
#2988=(
BOUNDED_CURVE()
B_SPLINE_CURVE(3,(#10989,#10990,#10991,#10992),.UNSPECIFIED.,.F.,.F.)
B_SPLINE_CURVE_WITH_KNOTS((4,4),(0.,1.),.UNSPECIFIED.)
CURVE()
GEOMETRIC_REPRESENTATION_ITEM()
RATIONAL_B_SPLINE_CURVE((1.,1.,1.,1.))
REPRESENTATION_ITEM('')
);
#2989=(
BOUNDED_CURVE()
B_SPLINE_CURVE(3,(#11003,#11004,#11005,#11006),.UNSPECIFIED.,.F.,.F.)
B_SPLINE_CURVE_WITH_KNOTS((4,4),(0.,1.),.UNSPECIFIED.)
CURVE()
GEOMETRIC_REPRESENTATION_ITEM()
RATIONAL_B_SPLINE_CURVE((1.,1.,1.,1.))
REPRESENTATION_ITEM('')
);
#2990=(
BOUNDED_CURVE()
B_SPLINE_CURVE(3,(#11016,#11017,#11018,#11019),.UNSPECIFIED.,.F.,.F.)
B_SPLINE_CURVE_WITH_KNOTS((4,4),(0.,1.),.UNSPECIFIED.)
CURVE()
GEOMETRIC_REPRESENTATION_ITEM()
RATIONAL_B_SPLINE_CURVE((1.,1.,1.,1.))
REPRESENTATION_ITEM('')
);
#2991=(
BOUNDED_CURVE()
B_SPLINE_CURVE(3,(#11029,#11030,#11031,#11032),.UNSPECIFIED.,.F.,.F.)
B_SPLINE_CURVE_WITH_KNOTS((4,4),(0.,1.),.UNSPECIFIED.)
CURVE()
GEOMETRIC_REPRESENTATION_ITEM()
RATIONAL_B_SPLINE_CURVE((1.,1.,1.,1.))
REPRESENTATION_ITEM('')
);
#2992=(
BOUNDED_CURVE()
B_SPLINE_CURVE(3,(#11045,#11046,#11047,#11048),.UNSPECIFIED.,.F.,.F.)
B_SPLINE_CURVE_WITH_KNOTS((4,4),(0.,1.),.UNSPECIFIED.)
CURVE()
GEOMETRIC_REPRESENTATION_ITEM()
RATIONAL_B_SPLINE_CURVE((1.,1.,1.,1.))
REPRESENTATION_ITEM('')
);
#2993=VERTEX_POINT('',#10382);
#2994=VERTEX_POINT('',#10383);
#2995=VERTEX_POINT('',#10388);
#2996=VERTEX_POINT('',#10390);
#2997=VERTEX_POINT('',#10392);
#2998=VERTEX_POINT('',#10397);
#2999=VERTEX_POINT('',#10411);
#3000=VERTEX_POINT('',#10412);
#3001=VERTEX_POINT('',#10420);
#3002=VERTEX_POINT('',#10424);
#3003=VERTEX_POINT('',#10428);
#3004=VERTEX_POINT('',#10439);
#3005=VERTEX_POINT('',#10459);
#3006=VERTEX_POINT('',#10460);
#3007=VERTEX_POINT('',#10462);
#3008=VERTEX_POINT('',#10466);
#3009=VERTEX_POINT('',#10467);
#3010=VERTEX_POINT('',#10472);
#3011=VERTEX_POINT('',#10479);
#3012=VERTEX_POINT('',#10480);
#3013=VERTEX_POINT('',#10482);
#3014=VERTEX_POINT('',#10486);
#3015=VERTEX_POINT('',#10488);
#3016=VERTEX_POINT('',#10492);
#3017=VERTEX_POINT('',#10499);
#3018=VERTEX_POINT('',#10500);
#3019=VERTEX_POINT('',#10505);
#3020=VERTEX_POINT('',#10507);
#3021=VERTEX_POINT('',#10512);
#3022=VERTEX_POINT('',#10517);
#3023=VERTEX_POINT('',#10531);
#3024=VERTEX_POINT('',#10532);
#3025=VERTEX_POINT('',#10540);
#3026=VERTEX_POINT('',#10551);
#3027=VERTEX_POINT('',#10565);
#3028=VERTEX_POINT('',#10572);
#3029=VERTEX_POINT('',#10589);
#3030=VERTEX_POINT('',#10590);
#3031=VERTEX_POINT('',#10592);
#3032=VERTEX_POINT('',#10594);
#3033=VERTEX_POINT('',#10601);
#3034=VERTEX_POINT('',#10603);
#3035=VERTEX_POINT('',#10607);
#3036=VERTEX_POINT('',#10618);
#3037=VERTEX_POINT('',#10628);
#3038=VERTEX_POINT('',#10629);
#3039=VERTEX_POINT('',#10634);
#3040=VERTEX_POINT('',#10636);
#3041=VERTEX_POINT('',#10641);
#3042=VERTEX_POINT('',#10646);
#3043=VERTEX_POINT('',#10660);
#3044=VERTEX_POINT('',#10662);
#3045=VERTEX_POINT('',#10669);
#3046=VERTEX_POINT('',#10680);
#3047=VERTEX_POINT('',#10694);
#3048=VERTEX_POINT('',#10701);
#3049=VERTEX_POINT('',#10719);
#3050=VERTEX_POINT('',#10720);
#3051=VERTEX_POINT('',#10722);
#3052=VERTEX_POINT('',#10724);
#3053=VERTEX_POINT('',#10726);
#3054=VERTEX_POINT('',#10731);
#3055=VERTEX_POINT('',#10736);
#3056=VERTEX_POINT('',#10745);
#3057=VERTEX_POINT('',#10746);
#3058=VERTEX_POINT('',#10751);
#3059=VERTEX_POINT('',#10756);
#3060=VERTEX_POINT('',#10766);
#3061=VERTEX_POINT('',#10767);
#3062=VERTEX_POINT('',#10772);
#3063=VERTEX_POINT('',#10776);
#3064=VERTEX_POINT('',#10787);
#3065=VERTEX_POINT('',#10788);
#3066=VERTEX_POINT('',#10803);
#3067=VERTEX_POINT('',#10817);
#3068=VERTEX_POINT('',#10831);
#3069=VERTEX_POINT('',#10845);
#3070=VERTEX_POINT('',#10871);
#3071=VERTEX_POINT('',#10891);
#3072=VERTEX_POINT('',#10892);
#3073=VERTEX_POINT('',#10897);
#3074=VERTEX_POINT('',#10902);
#3075=VERTEX_POINT('',#10907);
#3076=VERTEX_POINT('',#10913);
#3077=VERTEX_POINT('',#10914);
#3078=VERTEX_POINT('',#10919);
#3079=VERTEX_POINT('',#10924);
#3080=VERTEX_POINT('',#10941);
#3081=VERTEX_POINT('',#10943);
#3082=VERTEX_POINT('',#10957);
#3083=VERTEX_POINT('',#10971);
#3084=VERTEX_POINT('',#10973);
#3085=VERTEX_POINT('',#10987);
#3086=VERTEX_POINT('',#11001);
#3087=VERTEX_POINT('',#11015);
#3088=VERTEX_POINT('',#11034);
#3089=VERTEX_POINT('',#11051);
#3090=VERTEX_POINT('',#11052);
#3091=VERTEX_POINT('',#11054);
#3092=VERTEX_POINT('',#11056);
#3093=VERTEX_POINT('',#11060);
#3094=VERTEX_POINT('',#11061);
#3095=VERTEX_POINT('',#11066);
#3096=VERTEX_POINT('',#11070);
#3097=VERTEX_POINT('',#11078);
#3098=VERTEX_POINT('',#11079);
#3099=VERTEX_POINT('',#11081);
#3100=VERTEX_POINT('',#11083);
#3101=VERTEX_POINT('',#11087);
#3102=VERTEX_POINT('',#11089);
#3103=VERTEX_POINT('',#11093);
#3104=VERTEX_POINT('',#11095);
#3105=VERTEX_POINT('',#11104);
#3106=VERTEX_POINT('',#11106);
#3107=VERTEX_POINT('',#11109);
#3108=VERTEX_POINT('',#11111);
#3109=VERTEX_POINT('',#11114);
#3110=VERTEX_POINT('',#11116);
#3111=VERTEX_POINT('',#11119);
#3112=VERTEX_POINT('',#11121);
#3113=VERTEX_POINT('',#11124);
#3114=VERTEX_POINT('',#11126);
#3115=VERTEX_POINT('',#11130);
#3116=VERTEX_POINT('',#11132);
#3117=VERTEX_POINT('',#11159);
#3118=VERTEX_POINT('',#11160);
#3119=VERTEX_POINT('',#11165);
#3120=VERTEX_POINT('',#11167);
#3121=VERTEX_POINT('',#11172);
#3122=VERTEX_POINT('',#11213);
#3123=VERTEX_POINT('',#11215);
#3124=VERTEX_POINT('',#11217);
#3125=VERTEX_POINT('',#11268);
#3126=VERTEX_POINT('',#11270);
#3127=VERTEX_POINT('',#11364);
#3128=VERTEX_POINT('',#11365);
#3129=VERTEX_POINT('',#11380);
#3130=VERTEX_POINT('',#11447);
#3131=VERTEX_POINT('',#11448);
#3132=VERTEX_POINT('',#11499);
#3133=VERTEX_POINT('',#11500);
#3134=VERTEX_POINT('',#11561);
#3135=VERTEX_POINT('',#11562);
#3136=VERTEX_POINT('',#11607);
#3137=VERTEX_POINT('',#11609);
#3138=VERTEX_POINT('',#11611);
#3139=VERTEX_POINT('',#11634);
#3140=VERTEX_POINT('',#11673);
#3141=VERTEX_POINT('',#11675);
#3142=VERTEX_POINT('',#11714);
#3143=VERTEX_POINT('',#11715);
#3144=VERTEX_POINT('',#11720);
#3145=VERTEX_POINT('',#11722);
#3146=VERTEX_POINT('',#11807);
#3147=VERTEX_POINT('',#11808);
#3148=VERTEX_POINT('',#11866);
#3149=VERTEX_POINT('',#11867);
#3150=VERTEX_POINT('',#11930);
#3151=VERTEX_POINT('',#11931);
#3152=VERTEX_POINT('',#12031);
#3153=VERTEX_POINT('',#12032);
#3154=VERTEX_POINT('',#12078);
#3155=VERTEX_POINT('',#12080);
#3156=VERTEX_POINT('',#12105);
#3157=VERTEX_POINT('',#12107);
#3158=VERTEX_POINT('',#12109);
#3159=VERTEX_POINT('',#12111);
#3160=VERTEX_POINT('',#12141);
#3161=VERTEX_POINT('',#12167);
#3162=VERTEX_POINT('',#12169);
#3163=VERTEX_POINT('',#12171);
#3164=VERTEX_POINT('',#12175);
#3165=VERTEX_POINT('',#12177);
#3166=VERTEX_POINT('',#12191);
#3167=VERTEX_POINT('',#12195);
#3168=VERTEX_POINT('',#12197);
#3169=VERTEX_POINT('',#12208);
#3170=VERTEX_POINT('',#12210);
#3171=VERTEX_POINT('',#12212);
#3172=VERTEX_POINT('',#12216);
#3173=VERTEX_POINT('',#12217);
#3174=VERTEX_POINT('',#12219);
#3175=VERTEX_POINT('',#12221);
#3176=VERTEX_POINT('',#12223);
#3177=VERTEX_POINT('',#12225);
#3178=VERTEX_POINT('',#12227);
#3179=VERTEX_POINT('',#12229);
#3180=VERTEX_POINT('',#12231);
#3181=VERTEX_POINT('',#12233);
#3182=VERTEX_POINT('',#12235);
#3183=VERTEX_POINT('',#12237);
#3184=VERTEX_POINT('',#12239);
#3185=VERTEX_POINT('',#12241);
#3186=VERTEX_POINT('',#12243);
#3187=VERTEX_POINT('',#12245);
#3188=VERTEX_POINT('',#12247);
#3189=VERTEX_POINT('',#12249);
#3190=VERTEX_POINT('',#12251);
#3191=VERTEX_POINT('',#12253);
#3192=VERTEX_POINT('',#12255);
#3193=VERTEX_POINT('',#12257);
#3194=VERTEX_POINT('',#12259);
#3195=VERTEX_POINT('',#12261);
#3196=VERTEX_POINT('',#12264);
#3197=VERTEX_POINT('',#12265);
#3198=VERTEX_POINT('',#12274);
#3199=VERTEX_POINT('',#12275);
#3200=VERTEX_POINT('',#12277);
#3201=VERTEX_POINT('',#12279);
#3202=VERTEX_POINT('',#12308);
#3203=VERTEX_POINT('',#12309);
#3204=VERTEX_POINT('',#12315);
#3205=VERTEX_POINT('',#12320);
#3206=VERTEX_POINT('',#12380);
#3207=VERTEX_POINT('',#12381);
#3208=VERTEX_POINT('',#12497);
#3209=VERTEX_POINT('',#12561);
#3210=VERTEX_POINT('',#12562);
#3211=VERTEX_POINT('',#12620);
#3212=VERTEX_POINT('',#12621);
#3213=VERTEX_POINT('',#12684);
#3214=VERTEX_POINT('',#12685);
#3215=VERTEX_POINT('',#12730);
#3216=VERTEX_POINT('',#12734);
#3217=VERTEX_POINT('',#12738);
#3218=VERTEX_POINT('',#12743);
#3219=VERTEX_POINT('',#12745);
#3220=VERTEX_POINT('',#12754);
#3221=VERTEX_POINT('',#12786);
#3222=VERTEX_POINT('',#12787);
#3223=VERTEX_POINT('',#12792);
#3224=VERTEX_POINT('',#12794);
#3225=VERTEX_POINT('',#12872);
#3226=VERTEX_POINT('',#12873);
#3227=VERTEX_POINT('',#12929);
#3228=VERTEX_POINT('',#12930);
#3229=VERTEX_POINT('',#12993);
#3230=VERTEX_POINT('',#12994);
#3231=VERTEX_POINT('',#13101);
#3232=VERTEX_POINT('',#13102);
#3233=VERTEX_POINT('',#13117);
#3234=VERTEX_POINT('',#13155);
#3235=VERTEX_POINT('',#13157);
#3236=VERTEX_POINT('',#13182);
#3237=VERTEX_POINT('',#13244);
#3238=VERTEX_POINT('',#13283);
#3239=VERTEX_POINT('',#13285);
#3240=VERTEX_POINT('',#13361);
#3241=VERTEX_POINT('',#13389);
#3242=VERTEX_POINT('',#13397);
#3243=VERTEX_POINT('',#13399);
#3244=VERTEX_POINT('',#13422);
#3245=VERTEX_POINT('',#13424);
#3246=VERTEX_POINT('',#13474);
#3247=VERTEX_POINT('',#13475);
#3248=VERTEX_POINT('',#13480);
#3249=VERTEX_POINT('',#13482);
#3250=VERTEX_POINT('',#13484);
#3251=VERTEX_POINT('',#13486);
#3252=VERTEX_POINT('',#13488);
#3253=VERTEX_POINT('',#13490);
#3254=VERTEX_POINT('',#13492);
#3255=VERTEX_POINT('',#13496);
#3256=VERTEX_POINT('',#13500);
#3257=VERTEX_POINT('',#13504);
#3258=VERTEX_POINT('',#13506);
#3259=VERTEX_POINT('',#13508);
#3260=VERTEX_POINT('',#13510);
#3261=VERTEX_POINT('',#13512);
#3262=VERTEX_POINT('',#13514);
#3263=VERTEX_POINT('',#13516);
#3264=VERTEX_POINT('',#13518);
#3265=VERTEX_POINT('',#13520);
#3266=VERTEX_POINT('',#13524);
#3267=VERTEX_POINT('',#13534);
#3268=VERTEX_POINT('',#13536);
#3269=VERTEX_POINT('',#13538);
#3270=VERTEX_POINT('',#13540);
#3271=VERTEX_POINT('',#13542);
#3272=VERTEX_POINT('',#13544);
#3273=VERTEX_POINT('',#13546);
#3274=VERTEX_POINT('',#13548);
#3275=VERTEX_POINT('',#13550);
#3276=VERTEX_POINT('',#13552);
#3277=VERTEX_POINT('',#13555);
#3278=VERTEX_POINT('',#13557);
#3279=VERTEX_POINT('',#13560);
#3280=VERTEX_POINT('',#13562);
#3281=VERTEX_POINT('',#13566);
#3282=VERTEX_POINT('',#13570);
#3283=VERTEX_POINT('',#13576);
#3284=VERTEX_POINT('',#13577);
#3285=VERTEX_POINT('',#13579);
#3286=VERTEX_POINT('',#13581);
#3287=VERTEX_POINT('',#13585);
#3288=VERTEX_POINT('',#13587);
#3289=VERTEX_POINT('',#13591);
#3290=VERTEX_POINT('',#13595);
#3291=VERTEX_POINT('',#13601);
#3292=VERTEX_POINT('',#13603);
#3293=VERTEX_POINT('',#13607);
#3294=VERTEX_POINT('',#13611);
#3295=VERTEX_POINT('',#13612);
#3296=VERTEX_POINT('',#13614);
#3297=VERTEX_POINT('',#13616);
#3298=VERTEX_POINT('',#13620);
#3299=VERTEX_POINT('',#13621);
#3300=VERTEX_POINT('',#13623);
#3301=VERTEX_POINT('',#13625);
#3302=VERTEX_POINT('',#13627);
#3303=VERTEX_POINT('',#13629);
#3304=VERTEX_POINT('',#13631);
#3305=VERTEX_POINT('',#13633);
#3306=VERTEX_POINT('',#13635);
#3307=VERTEX_POINT('',#13637);
#3308=VERTEX_POINT('',#13639);
#3309=VERTEX_POINT('',#13641);
#3310=VERTEX_POINT('',#13643);
#3311=VERTEX_POINT('',#13645);
#3312=VERTEX_POINT('',#13648);
#3313=VERTEX_POINT('',#13649);
#3314=VERTEX_POINT('',#13651);
#3315=VERTEX_POINT('',#13653);
#3316=VERTEX_POINT('',#13656);
#3317=VERTEX_POINT('',#13658);
#3318=VERTEX_POINT('',#13660);
#3319=VERTEX_POINT('',#13661);
#3320=VERTEX_POINT('',#13663);
#3321=VERTEX_POINT('',#13665);
#3322=VERTEX_POINT('',#13667);
#3323=VERTEX_POINT('',#13669);
#3324=VERTEX_POINT('',#13671);
#3325=VERTEX_POINT('',#13673);
#3326=VERTEX_POINT('',#13675);
#3327=VERTEX_POINT('',#13677);
#3328=VERTEX_POINT('',#13679);
#3329=VERTEX_POINT('',#13681);
#3330=VERTEX_POINT('',#13683);
#3331=VERTEX_POINT('',#13685);
#3332=VERTEX_POINT('',#13687);
#3333=VERTEX_POINT('',#13689);
#3334=VERTEX_POINT('',#13692);
#3335=VERTEX_POINT('',#13694);
#3336=VERTEX_POINT('',#13697);
#3337=VERTEX_POINT('',#13703);
#3338=VERTEX_POINT('',#13704);
#3339=VERTEX_POINT('',#13706);
#3340=VERTEX_POINT('',#13708);
#3341=VERTEX_POINT('',#13710);
#3342=VERTEX_POINT('',#13713);
#3343=VERTEX_POINT('',#13717);
#3344=VERTEX_POINT('',#13719);
#3345=VERTEX_POINT('',#13723);
#3346=VERTEX_POINT('',#13727);
#3347=VERTEX_POINT('',#13731);
#3348=VERTEX_POINT('',#13733);
#3349=VERTEX_POINT('',#13737);
#3350=VERTEX_POINT('',#13741);
#3351=VERTEX_POINT('',#13748);
#3352=VERTEX_POINT('',#13750);
#3353=VERTEX_POINT('',#13759);
#3354=VERTEX_POINT('',#13761);
#3355=VERTEX_POINT('',#13785);
#3356=VERTEX_POINT('',#13786);
#3357=VERTEX_POINT('',#13788);
#3358=VERTEX_POINT('',#13800);
#3359=VERTEX_POINT('',#13802);
#3360=VERTEX_POINT('',#13804);
#3361=VERTEX_POINT('',#13817);
#3362=VERTEX_POINT('',#13819);
#3363=VERTEX_POINT('',#13821);
#3364=VERTEX_POINT('',#13823);
#3365=VERTEX_POINT('',#13836);
#3366=VERTEX_POINT('',#13839);
#3367=VERTEX_POINT('',#13860);
#3368=VERTEX_POINT('',#13873);
#3369=VERTEX_POINT('',#13875);
#3370=VERTEX_POINT('',#13879);
#3371=VERTEX_POINT('',#13885);
#3372=VERTEX_POINT('',#13887);
#3373=VERTEX_POINT('',#13891);
#3374=VERTEX_POINT('',#13897);
#3375=VERTEX_POINT('',#13903);
#3376=VERTEX_POINT('',#13905);
#3377=VERTEX_POINT('',#13909);
#3378=VERTEX_POINT('',#13915);
#3379=VERTEX_POINT('',#13917);
#3380=VERTEX_POINT('',#13921);
#3381=VERTEX_POINT('',#13954);
#3382=VERTEX_POINT('',#13956);
#3383=VERTEX_POINT('',#13997);
#3384=VERTEX_POINT('',#13999);
#3385=VERTEX_POINT('',#14021);
#3386=VERTEX_POINT('',#14022);
#3387=VERTEX_POINT('',#14030);
#3388=VERTEX_POINT('',#14037);
#3389=VERTEX_POINT('',#14038);
#3390=VERTEX_POINT('',#14046);
#3391=VERTEX_POINT('',#14053);
#3392=VERTEX_POINT('',#14054);
#3393=VERTEX_POINT('',#14062);
#3394=VERTEX_POINT('',#14066);
#3395=VERTEX_POINT('',#14070);
#3396=VERTEX_POINT('',#14076);
#3397=VERTEX_POINT('',#14083);
#3398=VERTEX_POINT('',#14084);
#3399=VERTEX_POINT('',#14092);
#3400=VERTEX_POINT('',#14096);
#3401=VERTEX_POINT('',#14100);
#3402=VERTEX_POINT('',#14106);
#3403=VERTEX_POINT('',#14110);
#3404=VERTEX_POINT('',#14114);
#3405=VERTEX_POINT('',#14120);
#3406=VERTEX_POINT('',#14127);
#3407=VERTEX_POINT('',#14131);
#3408=VERTEX_POINT('',#14135);
#3409=VERTEX_POINT('',#14141);
#3410=VERTEX_POINT('',#14143);
#3411=VERTEX_POINT('',#14147);
#3412=VERTEX_POINT('',#14151);
#3413=VERTEX_POINT('',#14155);
#3414=VERTEX_POINT('',#14159);
#3415=VERTEX_POINT('',#14163);
#3416=VERTEX_POINT('',#14167);
#3417=VERTEX_POINT('',#14171);
#3418=VERTEX_POINT('',#14175);
#3419=VERTEX_POINT('',#14179);
#3420=VERTEX_POINT('',#14183);
#3421=VERTEX_POINT('',#14187);
#3422=VERTEX_POINT('',#14191);
#3423=VERTEX_POINT('',#14195);
#3424=VERTEX_POINT('',#14199);
#3425=VERTEX_POINT('',#14203);
#3426=VERTEX_POINT('',#14207);
#3427=VERTEX_POINT('',#14211);
#3428=VERTEX_POINT('',#14215);
#3429=VERTEX_POINT('',#14219);
#3430=VERTEX_POINT('',#14223);
#3431=VERTEX_POINT('',#14227);
#3432=VERTEX_POINT('',#14231);
#3433=VERTEX_POINT('',#14239);
#3434=VERTEX_POINT('',#14240);
#3435=VERTEX_POINT('',#14242);
#3436=VERTEX_POINT('',#14244);
#3437=VERTEX_POINT('',#14246);
#3438=VERTEX_POINT('',#14248);
#3439=VERTEX_POINT('',#14250);
#3440=VERTEX_POINT('',#14252);
#3441=VERTEX_POINT('',#14256);
#3442=VERTEX_POINT('',#14258);
#3443=VERTEX_POINT('',#14262);
#3444=VERTEX_POINT('',#14264);
#3445=VERTEX_POINT('',#14268);
#3446=VERTEX_POINT('',#14271);
#3447=VERTEX_POINT('',#14275);
#3448=VERTEX_POINT('',#14282);
#3449=VERTEX_POINT('',#14288);
#3450=VERTEX_POINT('',#14289);
#3451=VERTEX_POINT('',#14291);
#3452=VERTEX_POINT('',#14293);
#3453=VERTEX_POINT('',#14297);
#3454=VERTEX_POINT('',#14299);
#3455=VERTEX_POINT('',#14303);
#3456=VERTEX_POINT('',#14305);
#3457=VERTEX_POINT('',#14309);
#3458=VERTEX_POINT('',#14311);
#3459=VERTEX_POINT('',#14315);
#3460=VERTEX_POINT('',#14317);
#3461=VERTEX_POINT('',#14321);
#3462=VERTEX_POINT('',#14323);
#3463=VERTEX_POINT('',#14327);
#3464=VERTEX_POINT('',#14329);
#3465=VERTEX_POINT('',#14333);
#3466=VERTEX_POINT('',#14335);
#3467=VERTEX_POINT('',#14339);
#3468=VERTEX_POINT('',#14341);
#3469=VERTEX_POINT('',#14345);
#3470=VERTEX_POINT('',#14347);
#3471=VERTEX_POINT('',#14351);
#3472=VERTEX_POINT('',#14353);
#3473=VERTEX_POINT('',#14357);
#3474=VERTEX_POINT('',#14359);
#3475=VERTEX_POINT('',#14363);
#3476=VERTEX_POINT('',#14365);
#3477=VERTEX_POINT('',#14369);
#3478=VERTEX_POINT('',#14371);
#3479=VERTEX_POINT('',#14375);
#3480=VERTEX_POINT('',#14377);
#3481=VERTEX_POINT('',#14381);
#3482=VERTEX_POINT('',#14383);
#3483=VERTEX_POINT('',#14387);
#3484=VERTEX_POINT('',#14389);
#3485=VERTEX_POINT('',#14393);
#3486=VERTEX_POINT('',#14395);
#3487=VERTEX_POINT('',#14399);
#3488=VERTEX_POINT('',#14401);
#3489=VERTEX_POINT('',#14405);
#3490=VERTEX_POINT('',#14407);
#3491=VERTEX_POINT('',#14411);
#3492=VERTEX_POINT('',#14413);
#3493=VERTEX_POINT('',#14417);
#3494=VERTEX_POINT('',#14419);
#3495=VERTEX_POINT('',#14423);
#3496=VERTEX_POINT('',#14425);
#3497=VERTEX_POINT('',#14432);
#3498=VERTEX_POINT('',#14433);
#3499=VERTEX_POINT('',#14435);
#3500=VERTEX_POINT('',#14437);
#3501=VERTEX_POINT('',#14439);
#3502=VERTEX_POINT('',#14441);
#3503=VERTEX_POINT('',#14443);
#3504=VERTEX_POINT('',#14445);
#3505=VERTEX_POINT('',#14447);
#3506=VERTEX_POINT('',#14449);
#3507=VERTEX_POINT('',#14451);
#3508=VERTEX_POINT('',#14453);
#3509=VERTEX_POINT('',#14455);
#3510=VERTEX_POINT('',#14457);
#3511=VERTEX_POINT('',#14459);
#3512=VERTEX_POINT('',#14461);
#3513=VERTEX_POINT('',#14465);
#3514=VERTEX_POINT('',#14466);
#3515=VERTEX_POINT('',#14471);
#3516=VERTEX_POINT('',#14475);
#3517=VERTEX_POINT('',#14479);
#3518=VERTEX_POINT('',#14483);
#3519=VERTEX_POINT('',#14487);
#3520=VERTEX_POINT('',#14491);
#3521=VERTEX_POINT('',#14495);
#3522=VERTEX_POINT('',#14499);
#3523=VERTEX_POINT('',#14503);
#3524=VERTEX_POINT('',#14507);
#3525=VERTEX_POINT('',#14511);
#3526=VERTEX_POINT('',#14515);
#3527=VERTEX_POINT('',#14519);
#3528=VERTEX_POINT('',#14523);
#3529=VERTEX_POINT('',#14530);
#3530=VERTEX_POINT('',#14532);
#3531=VERTEX_POINT('',#14536);
#3532=VERTEX_POINT('',#14540);
#3533=VERTEX_POINT('',#14544);
#3534=VERTEX_POINT('',#14548);
#3535=VERTEX_POINT('',#14552);
#3536=VERTEX_POINT('',#14556);
#3537=VERTEX_POINT('',#14564);
#3538=VERTEX_POINT('',#14566);
#3539=VERTEX_POINT('',#14570);
#3540=VERTEX_POINT('',#14574);
#3541=VERTEX_POINT('',#14578);
#3542=VERTEX_POINT('',#14582);
#3543=VERTEX_POINT('',#14586);
#3544=VERTEX_POINT('',#14590);
#3545=VERTEX_POINT('',#14594);
#3546=VERTEX_POINT('',#14598);
#3547=VERTEX_POINT('',#14600);
#3548=VERTEX_POINT('',#14606);
#3549=VERTEX_POINT('',#14610);
#3550=VERTEX_POINT('',#14612);
#3551=VERTEX_POINT('',#14614);
#3552=VERTEX_POINT('',#14616);
#3553=VERTEX_POINT('',#14629);
#3554=VERTEX_POINT('',#14630);
#3555=VERTEX_POINT('',#14632);
#3556=VERTEX_POINT('',#14634);
#3557=VERTEX_POINT('',#14636);
#3558=VERTEX_POINT('',#14640);
#3559=VERTEX_POINT('',#14644);
#3560=VERTEX_POINT('',#14645);
#3561=VERTEX_POINT('',#14647);
#3562=VERTEX_POINT('',#14649);
#3563=VERTEX_POINT('',#14651);
#3564=VERTEX_POINT('',#14653);
#3565=VERTEX_POINT('',#14655);
#3566=VERTEX_POINT('',#14657);
#3567=VERTEX_POINT('',#14659);
#3568=VERTEX_POINT('',#14661);
#3569=VERTEX_POINT('',#14663);
#3570=VERTEX_POINT('',#14665);
#3571=VERTEX_POINT('',#14667);
#3572=VERTEX_POINT('',#14669);
#3573=VERTEX_POINT('',#14671);
#3574=VERTEX_POINT('',#14673);
#3575=VERTEX_POINT('',#14675);
#3576=VERTEX_POINT('',#14677);
#3577=VERTEX_POINT('',#14682);
#3578=VERTEX_POINT('',#14684);
#3579=VERTEX_POINT('',#14688);
#3580=VERTEX_POINT('',#14692);
#3581=VERTEX_POINT('',#14696);
#3582=VERTEX_POINT('',#14700);
#3583=VERTEX_POINT('',#14704);
#3584=VERTEX_POINT('',#14708);
#3585=VERTEX_POINT('',#14710);
#3586=VERTEX_POINT('',#14714);
#3587=VERTEX_POINT('',#14715);
#3588=VERTEX_POINT('',#14717);
#3589=VERTEX_POINT('',#14722);
#3590=VERTEX_POINT('',#14726);
#3591=VERTEX_POINT('',#14730);
#3592=VERTEX_POINT('',#14734);
#3593=VERTEX_POINT('',#14738);
#3594=VERTEX_POINT('',#14742);
#3595=VERTEX_POINT('',#14750);
#3596=VERTEX_POINT('',#14752);
#3597=VERTEX_POINT('',#14756);
#3598=VERTEX_POINT('',#14760);
#3599=VERTEX_POINT('',#14762);
#3600=VERTEX_POINT('',#14764);
#3601=VERTEX_POINT('',#14766);
#3602=VERTEX_POINT('',#14768);
#3603=VERTEX_POINT('',#14770);
#3604=VERTEX_POINT('',#14772);
#3605=VERTEX_POINT('',#14774);
#3606=VERTEX_POINT('',#14776);
#3607=VERTEX_POINT('',#14778);
#3608=VERTEX_POINT('',#14782);
#3609=VERTEX_POINT('',#14784);
#3610=VERTEX_POINT('',#14788);
#3611=VERTEX_POINT('',#14789);
#3612=VERTEX_POINT('',#14791);
#3613=VERTEX_POINT('',#14793);
#3614=VERTEX_POINT('',#14795);
#3615=VERTEX_POINT('',#14799);
#3616=VERTEX_POINT('',#14803);
#3617=VERTEX_POINT('',#14804);
#3618=VERTEX_POINT('',#14806);
#3619=VERTEX_POINT('',#14810);
#3620=VERTEX_POINT('',#14812);
#3621=VERTEX_POINT('',#14814);
#3622=VERTEX_POINT('',#14818);
#3623=VERTEX_POINT('',#14822);
#3624=VERTEX_POINT('',#14823);
#3625=VERTEX_POINT('',#14828);
#3626=VERTEX_POINT('',#14832);
#3627=VERTEX_POINT('',#14836);
#3628=VERTEX_POINT('',#14838);
#3629=VERTEX_POINT('',#14842);
#3630=VERTEX_POINT('',#14844);
#3631=VERTEX_POINT('',#14848);
#3632=VERTEX_POINT('',#14852);
#3633=VERTEX_POINT('',#14853);
#3634=VERTEX_POINT('',#14858);
#3635=VERTEX_POINT('',#14862);
#3636=VERTEX_POINT('',#14866);
#3637=VERTEX_POINT('',#14868);
#3638=VERTEX_POINT('',#14872);
#3639=VERTEX_POINT('',#14876);
#3640=VERTEX_POINT('',#14884);
#3641=VERTEX_POINT('',#14886);
#3642=VERTEX_POINT('',#14890);
#3643=VERTEX_POINT('',#14892);
#3644=VERTEX_POINT('',#14894);
#3645=VERTEX_POINT('',#14896);
#3646=VERTEX_POINT('',#14898);
#3647=VERTEX_POINT('',#14900);
#3648=VERTEX_POINT('',#14902);
#3649=VERTEX_POINT('',#14904);
#3650=VERTEX_POINT('',#14906);
#3651=VERTEX_POINT('',#14908);
#3652=VERTEX_POINT('',#14912);
#3653=VERTEX_POINT('',#14914);
#3654=VERTEX_POINT('',#14918);
#3655=VERTEX_POINT('',#14922);
#3656=VERTEX_POINT('',#14926);
#3657=VERTEX_POINT('',#14927);
#3658=VERTEX_POINT('',#14932);
#3659=VERTEX_POINT('',#14933);
#3660=VERTEX_POINT('',#14940);
#3661=VERTEX_POINT('',#14942);
#3662=VERTEX_POINT('',#14948);
#3663=VERTEX_POINT('',#14949);
#3664=VERTEX_POINT('',#14954);
#3665=VERTEX_POINT('',#14955);
#3666=VERTEX_POINT('',#14969);
#3667=VERTEX_POINT('',#14976);
#3668=VERTEX_POINT('',#14982);
#3669=VERTEX_POINT('',#14988);
#3670=VERTEX_POINT('',#14997);
#3671=VERTEX_POINT('',#15001);
#3672=VERTEX_POINT('',#15003);
#3673=VERTEX_POINT('',#15007);
#3674=VERTEX_POINT('',#15011);
#3675=VERTEX_POINT('',#15013);
#3676=VERTEX_POINT('',#15017);
#3677=VERTEX_POINT('',#15019);
#3678=VERTEX_POINT('',#15025);
#3679=VERTEX_POINT('',#15029);
#3680=VERTEX_POINT('',#15030);
#3681=VERTEX_POINT('',#15035);
#3682=VERTEX_POINT('',#15036);
#3683=VERTEX_POINT('',#15050);
#3684=VERTEX_POINT('',#15056);
#3685=VERTEX_POINT('',#15062);
#3686=VERTEX_POINT('',#15068);
#3687=VERTEX_POINT('',#15078);
#3688=VERTEX_POINT('',#15080);
#3689=VERTEX_POINT('',#15083);
#3690=VERTEX_POINT('',#15084);
#3691=VERTEX_POINT('',#15089);
#3692=VERTEX_POINT('',#15104);
#3693=VERTEX_POINT('',#15110);
#3694=VERTEX_POINT('',#15125);
#3695=VERTEX_POINT('',#15129);
#3696=VERTEX_POINT('',#15135);
#3697=EDGE_CURVE('',#2993,#2994,#2965,.T.);
#3698=EDGE_CURVE('',#2994,#2995,#1595,.T.);
#3699=EDGE_CURVE('',#2995,#2996,#1596,.T.);
#3700=EDGE_CURVE('',#2996,#2997,#2966,.T.);
#3701=EDGE_CURVE('',#2997,#2998,#2967,.T.);
#3702=EDGE_CURVE('',#2998,#2993,#1597,.T.);
#3703=EDGE_CURVE('',#2999,#3000,#524,.T.);
#3704=EDGE_CURVE('',#2999,#2994,#1598,.T.);
#3705=EDGE_CURVE('',#3000,#2993,#1599,.T.);
#3706=EDGE_CURVE('',#3001,#2999,#1600,.T.);
#3707=EDGE_CURVE('',#3001,#2995,#1601,.T.);
#3708=EDGE_CURVE('',#3002,#3001,#1602,.T.);
#3709=EDGE_CURVE('',#3002,#2996,#1603,.T.);
#3710=EDGE_CURVE('',#3000,#3003,#1604,.T.);
#3711=EDGE_CURVE('',#3003,#2998,#1605,.T.);
#3712=EDGE_CURVE('',#3003,#3004,#525,.T.);
#3713=EDGE_CURVE('',#3004,#2997,#1606,.T.);
#3714=EDGE_CURVE('',#3004,#3002,#526,.T.);
#3715=EDGE_CURVE('',#3005,#3006,#1607,.T.);
#3716=EDGE_CURVE('',#3006,#3007,#1608,.T.);
#3717=EDGE_CURVE('',#3007,#3005,#1609,.T.);
#3718=EDGE_CURVE('',#3008,#3009,#1610,.T.);
#3719=EDGE_CURVE('',#3008,#3006,#1611,.T.);
#3720=EDGE_CURVE('',#3009,#3005,#1612,.T.);
#3721=EDGE_CURVE('',#3009,#3010,#1613,.T.);
#3722=EDGE_CURVE('',#3010,#3007,#1614,.T.);
#3723=EDGE_CURVE('',#3010,#3008,#1615,.T.);
#3724=EDGE_CURVE('',#3011,#3012,#1616,.T.);
#3725=EDGE_CURVE('',#3012,#3013,#1617,.T.);
#3726=EDGE_CURVE('',#3013,#3011,#1618,.T.);
#3727=EDGE_CURVE('',#3012,#3014,#1619,.T.);
#3728=EDGE_CURVE('',#3015,#3014,#1620,.T.);
#3729=EDGE_CURVE('',#3013,#3015,#1621,.T.);
#3730=EDGE_CURVE('',#3011,#3016,#1622,.T.);
#3731=EDGE_CURVE('',#3014,#3016,#1623,.T.);
#3732=EDGE_CURVE('',#3016,#3015,#1624,.T.);
#3733=EDGE_CURVE('',#3017,#3018,#2968,.T.);
#3734=EDGE_CURVE('',#3018,#3019,#1625,.T.);
#3735=EDGE_CURVE('',#3019,#3020,#2969,.T.);
#3736=EDGE_CURVE('',#3020,#3021,#2970,.T.);
#3737=EDGE_CURVE('',#3021,#3022,#1626,.T.);
#3738=EDGE_CURVE('',#3022,#3017,#2971,.T.);
#3739=EDGE_CURVE('',#3023,#3024,#527,.T.);
#3740=EDGE_CURVE('',#3023,#3018,#1627,.T.);
#3741=EDGE_CURVE('',#3024,#3017,#1628,.T.);
#3742=EDGE_CURVE('',#3025,#3023,#1629,.T.);
#3743=EDGE_CURVE('',#3025,#3019,#1630,.T.);
#3744=EDGE_CURVE('',#3026,#3025,#528,.T.);
#3745=EDGE_CURVE('',#3026,#3020,#1631,.T.);
#3746=EDGE_CURVE('',#3024,#3027,#529,.T.);
#3747=EDGE_CURVE('',#3027,#3022,#1632,.T.);
#3748=EDGE_CURVE('',#3027,#3028,#1633,.T.);
#3749=EDGE_CURVE('',#3028,#3021,#1634,.T.);
#3750=EDGE_CURVE('',#3028,#3026,#530,.T.);
#3751=EDGE_CURVE('',#3029,#3030,#1635,.T.);
#3752=EDGE_CURVE('',#3030,#3031,#1636,.T.);
#3753=EDGE_CURVE('',#3031,#3032,#531,.T.);
#3754=EDGE_CURVE('',#3032,#3029,#1637,.T.);
#3755=EDGE_CURVE('',#3030,#3033,#1638,.T.);
#3756=EDGE_CURVE('',#3034,#3033,#1639,.T.);
#3757=EDGE_CURVE('',#3031,#3034,#1640,.T.);
#3758=EDGE_CURVE('',#3029,#3035,#1641,.T.);
#3759=EDGE_CURVE('',#3033,#3035,#1642,.T.);
#3760=EDGE_CURVE('',#3036,#3034,#2972,.T.);
#3761=EDGE_CURVE('',#3032,#3036,#1643,.T.);
#3762=EDGE_CURVE('',#3035,#3036,#1644,.T.);
#3763=EDGE_CURVE('',#3037,#3038,#532,.T.);
#3764=EDGE_CURVE('',#3038,#3039,#1645,.T.);
#3765=EDGE_CURVE('',#3039,#3040,#533,.T.);
#3766=EDGE_CURVE('',#3040,#3041,#534,.T.);
#3767=EDGE_CURVE('',#3041,#3042,#1646,.T.);
#3768=EDGE_CURVE('',#3042,#3037,#535,.T.);
#3769=EDGE_CURVE('',#3039,#3043,#1647,.T.);
#3770=EDGE_CURVE('',#3044,#3043,#2973,.T.);
#3771=EDGE_CURVE('',#3040,#3044,#1648,.T.);
#3772=EDGE_CURVE('',#3038,#3045,#1649,.T.);
#3773=EDGE_CURVE('',#3043,#3045,#1650,.T.);
#3774=EDGE_CURVE('',#3037,#3046,#1651,.T.);
#3775=EDGE_CURVE('',#3045,#3046,#2974,.T.);
#3776=EDGE_CURVE('',#3047,#3044,#2975,.T.);
#3777=EDGE_CURVE('',#3041,#3047,#1652,.T.);
#3778=EDGE_CURVE('',#3048,#3047,#1653,.T.);
#3779=EDGE_CURVE('',#3042,#3048,#1654,.T.);
#3780=EDGE_CURVE('',#3046,#3048,#2976,.T.);
#3781=EDGE_CURVE('',#3049,#3050,#1655,.T.);
#3782=EDGE_CURVE('',#3050,#3051,#1656,.T.);
#3783=EDGE_CURVE('',#3051,#3052,#1657,.T.);
#3784=EDGE_CURVE('',#3052,#3053,#2977,.T.);
#3785=EDGE_CURVE('',#3053,#3054,#2978,.T.);
#3786=EDGE_CURVE('',#3054,#3055,#2979,.T.);
#3787=EDGE_CURVE('',#3055,#3049,#2980,.T.);
#3788=EDGE_CURVE('',#3056,#3057,#2981,.T.);
#3789=EDGE_CURVE('',#3057,#3058,#2982,.T.);
#3790=EDGE_CURVE('',#3058,#3059,#2983,.T.);
#3791=EDGE_CURVE('',#3059,#3056,#2984,.T.);
#3792=EDGE_CURVE('',#3060,#3061,#1658,.T.);
#3793=EDGE_CURVE('',#3060,#3050,#1659,.T.);
#3794=EDGE_CURVE('',#3061,#3049,#1660,.T.);
#3795=EDGE_CURVE('',#3062,#3060,#1661,.T.);
#3796=EDGE_CURVE('',#3062,#3051,#1662,.T.);
#3797=EDGE_CURVE('',#3063,#3062,#1663,.T.);
#3798=EDGE_CURVE('',#3063,#3052,#1664,.T.);
#3799=EDGE_CURVE('',#3064,#3065,#536,.T.);
#3800=EDGE_CURVE('',#3064,#3057,#1665,.T.);
#3801=EDGE_CURVE('',#3065,#3056,#1666,.T.);
#3802=EDGE_CURVE('',#3066,#3064,#537,.T.);
#3803=EDGE_CURVE('',#3066,#3058,#1667,.T.);
#3804=EDGE_CURVE('',#3061,#3067,#538,.T.);
#3805=EDGE_CURVE('',#3067,#3055,#1668,.T.);
#3806=EDGE_CURVE('',#3067,#3068,#539,.T.);
#3807=EDGE_CURVE('',#3068,#3054,#1669,.T.);
#3808=EDGE_CURVE('',#3068,#3069,#540,.T.);
#3809=EDGE_CURVE('',#3069,#3053,#1670,.T.);
#3810=EDGE_CURVE('',#3069,#3063,#541,.T.);
#3811=EDGE_CURVE('',#3065,#3070,#542,.T.);
#3812=EDGE_CURVE('',#3070,#3059,#1671,.T.);
#3813=EDGE_CURVE('',#3070,#3066,#543,.T.);
#3814=EDGE_CURVE('',#3071,#3072,#544,.T.);
#3815=EDGE_CURVE('',#3072,#3073,#545,.T.);
#3816=EDGE_CURVE('',#3073,#3074,#546,.T.);
#3817=EDGE_CURVE('',#3074,#3075,#1672,.T.);
#3818=EDGE_CURVE('',#3075,#3071,#547,.T.);
#3819=EDGE_CURVE('',#3076,#3077,#548,.T.);
#3820=EDGE_CURVE('',#3077,#3078,#549,.T.);
#3821=EDGE_CURVE('',#3078,#3079,#550,.T.);
#3822=EDGE_CURVE('',#3079,#3076,#551,.T.);
#3823=EDGE_CURVE('',#3077,#3080,#1673,.T.);
#3824=EDGE_CURVE('',#3081,#3080,#2985,.T.);
#3825=EDGE_CURVE('',#3078,#3081,#1674,.T.);
#3826=EDGE_CURVE('',#3076,#3082,#1675,.T.);
#3827=EDGE_CURVE('',#3080,#3082,#2986,.T.);
#3828=EDGE_CURVE('',#3073,#3083,#1676,.T.);
#3829=EDGE_CURVE('',#3084,#3083,#2987,.T.);
#3830=EDGE_CURVE('',#3074,#3084,#1677,.T.);
#3831=EDGE_CURVE('',#3072,#3085,#1678,.T.);
#3832=EDGE_CURVE('',#3083,#3085,#2988,.T.);
#3833=EDGE_CURVE('',#3071,#3086,#1679,.T.);
#3834=EDGE_CURVE('',#3085,#3086,#2989,.T.);
#3835=EDGE_CURVE('',#3087,#3081,#2990,.T.);
#3836=EDGE_CURVE('',#3079,#3087,#1680,.T.);
#3837=EDGE_CURVE('',#3082,#3087,#2991,.T.);
#3838=EDGE_CURVE('',#3088,#3084,#1681,.T.);
#3839=EDGE_CURVE('',#3075,#3088,#1682,.T.);
#3840=EDGE_CURVE('',#3086,#3088,#2992,.T.);
#3841=EDGE_CURVE('',#3089,#3090,#1683,.T.);
#3842=EDGE_CURVE('',#3090,#3091,#1684,.T.);
#3843=EDGE_CURVE('',#3091,#3092,#1685,.T.);
#3844=EDGE_CURVE('',#3092,#3089,#1686,.T.);
#3845=EDGE_CURVE('',#3093,#3094,#1687,.T.);
#3846=EDGE_CURVE('',#3093,#3090,#1688,.T.);
#3847=EDGE_CURVE('',#3094,#3089,#1689,.T.);
#3848=EDGE_CURVE('',#3095,#3093,#1690,.T.);
#3849=EDGE_CURVE('',#3095,#3091,#1691,.T.);
#3850=EDGE_CURVE('',#3094,#3096,#1692,.T.);
#3851=EDGE_CURVE('',#3096,#3092,#1693,.T.);
#3852=EDGE_CURVE('',#3096,#3095,#1694,.T.);
#3853=EDGE_CURVE('',#3097,#3098,#1695,.T.);
#3854=EDGE_CURVE('',#3098,#3099,#1696,.T.);
#3855=EDGE_CURVE('',#3100,#3099,#1697,.T.);
#3856=EDGE_CURVE('',#3097,#3100,#1698,.T.);
#3857=EDGE_CURVE('',#3101,#3097,#1699,.T.);
#3858=EDGE_CURVE('',#3102,#3100,#1700,.T.);
#3859=EDGE_CURVE('',#3101,#3102,#1701,.T.);
#3860=EDGE_CURVE('',#3103,#3101,#1702,.T.);
#3861=EDGE_CURVE('',#3104,#3102,#1703,.T.);
#3862=EDGE_CURVE('',#3103,#3104,#1704,.T.);
#3863=EDGE_CURVE('',#3098,#3103,#1705,.T.);
#3864=EDGE_CURVE('',#3099,#3104,#1706,.T.);
#3865=EDGE_CURVE('',#3105,#3105,#205,.T.);
#3866=EDGE_CURVE('',#3106,#3106,#206,.T.);
#3867=EDGE_CURVE('',#3107,#3107,#207,.T.);
#3868=EDGE_CURVE('',#3108,#3108,#208,.T.);
#3869=EDGE_CURVE('',#3109,#3109,#209,.T.);
#3870=EDGE_CURVE('',#3110,#3110,#210,.T.);
#3871=EDGE_CURVE('',#3111,#3111,#211,.T.);
#3872=EDGE_CURVE('',#3112,#3112,#212,.T.);
#3873=EDGE_CURVE('',#3113,#3113,#213,.F.);
#3874=EDGE_CURVE('',#3113,#3114,#1707,.T.);
#3875=EDGE_CURVE('',#3114,#3114,#214,.T.);
#3876=EDGE_CURVE('',#3115,#3115,#215,.F.);
#3877=EDGE_CURVE('',#3115,#3116,#1708,.T.);
#3878=EDGE_CURVE('',#3116,#3116,#216,.T.);
#3879=EDGE_CURVE('',#3117,#3118,#552,.T.);
#3880=EDGE_CURVE('',#3118,#3119,#217,.T.);
#3881=EDGE_CURVE('',#3119,#3120,#553,.T.);
#3882=EDGE_CURVE('',#3120,#3121,#554,.T.);
#3883=EDGE_CURVE('',#3121,#3117,#555,.T.);
#3884=EDGE_CURVE('',#3122,#3119,#218,.T.);
#3885=EDGE_CURVE('',#3118,#3123,#219,.T.);
#3886=EDGE_CURVE('',#3123,#3124,#556,.T.);
#3887=EDGE_CURVE('',#3124,#3122,#557,.T.);
#3888=EDGE_CURVE('',#3123,#3125,#52,.T.);
#3889=EDGE_CURVE('',#3125,#3126,#220,.T.);
#3890=EDGE_CURVE('',#3126,#3124,#53,.T.);
#3891=EDGE_CURVE('',#3127,#3128,#221,.T.);
#3892=EDGE_CURVE('',#3128,#3126,#558,.T.);
#3893=EDGE_CURVE('',#3125,#3129,#559,.T.);
#3894=EDGE_CURVE('',#3129,#3127,#560,.T.);
#3895=EDGE_CURVE('',#3130,#3131,#222,.T.);
#3896=EDGE_CURVE('',#3131,#3128,#561,.T.);
#3897=EDGE_CURVE('',#3127,#3130,#562,.T.);
#3898=EDGE_CURVE('',#3132,#3133,#223,.T.);
#3899=EDGE_CURVE('',#3133,#3131,#563,.T.);
#3900=EDGE_CURVE('',#3130,#3132,#564,.T.);
#3901=EDGE_CURVE('',#3134,#3135,#224,.T.);
#3902=EDGE_CURVE('',#3135,#3133,#565,.T.);
#3903=EDGE_CURVE('',#3132,#3134,#566,.T.);
#3904=EDGE_CURVE('',#3121,#3135,#567,.T.);
#3905=EDGE_CURVE('',#3134,#3117,#568,.T.);
#3906=EDGE_CURVE('',#3131,#3136,#225,.T.);
#3907=EDGE_CURVE('',#3136,#3137,#226,.T.);
#3908=EDGE_CURVE('',#3137,#3138,#227,.T.);
#3909=EDGE_CURVE('',#3138,#3128,#228,.T.);
#3910=EDGE_CURVE('',#3133,#3139,#229,.T.);
#3911=EDGE_CURVE('',#3139,#3136,#569,.T.);
#3912=EDGE_CURVE('',#3140,#3135,#230,.T.);
#3913=EDGE_CURVE('',#3141,#3140,#570,.T.);
#3914=EDGE_CURVE('',#3141,#3139,#571,.T.);
#3915=EDGE_CURVE('',#3140,#3120,#54,.T.);
#3916=EDGE_CURVE('',#3129,#3107,#1709,.T.);
#3917=EDGE_CURVE('',#3142,#3143,#572,.T.);
#3918=EDGE_CURVE('',#3143,#3144,#231,.T.);
#3919=EDGE_CURVE('',#3144,#3145,#573,.T.);
#3920=EDGE_CURVE('',#3142,#3145,#574,.T.);
#3921=EDGE_CURVE('',#3146,#3147,#232,.T.);
#3922=EDGE_CURVE('',#3147,#3144,#575,.T.);
#3923=EDGE_CURVE('',#3143,#3146,#576,.T.);
#3924=EDGE_CURVE('',#3148,#3149,#233,.T.);
#3925=EDGE_CURVE('',#3149,#3147,#577,.T.);
#3926=EDGE_CURVE('',#3146,#3148,#578,.T.);
#3927=EDGE_CURVE('',#3150,#3151,#234,.T.);
#3928=EDGE_CURVE('',#3151,#3149,#579,.T.);
#3929=EDGE_CURVE('',#3148,#3150,#580,.T.);
#3930=EDGE_CURVE('',#3152,#3153,#235,.T.);
#3931=EDGE_CURVE('',#3153,#3151,#581,.T.);
#3932=EDGE_CURVE('',#3150,#3152,#582,.T.);
#3933=EDGE_CURVE('',#3154,#3153,#55,.T.);
#3934=EDGE_CURVE('',#3152,#3155,#56,.T.);
#3935=EDGE_CURVE('',#3155,#3154,#583,.T.);
#3936=EDGE_CURVE('',#3155,#3156,#236,.T.);
#3937=EDGE_CURVE('',#3156,#3157,#237,.T.);
#3938=EDGE_CURVE('',#3157,#3158,#238,.T.);
#3939=EDGE_CURVE('',#3158,#3159,#239,.T.);
#3940=EDGE_CURVE('',#3159,#3154,#584,.T.);
#3941=EDGE_CURVE('',#3160,#3158,#585,.T.);
#3942=EDGE_CURVE('',#3157,#3142,#586,.T.);
#3943=EDGE_CURVE('',#3145,#3160,#587,.T.);
#3944=EDGE_CURVE('',#3151,#3161,#240,.T.);
#3945=EDGE_CURVE('',#3161,#3162,#241,.T.);
#3946=EDGE_CURVE('',#3162,#3163,#242,.T.);
#3947=EDGE_CURVE('',#3163,#3149,#243,.T.);
#3948=EDGE_CURVE('',#3153,#3164,#1710,.T.);
#3949=EDGE_CURVE('',#3165,#3164,#588,.T.);
#3950=EDGE_CURVE('',#3166,#3165,#244,.T.);
#3951=EDGE_CURVE('',#3161,#3166,#1711,.T.);
#3952=EDGE_CURVE('',#3159,#3167,#1712,.T.);
#3953=EDGE_CURVE('',#3168,#3167,#589,.T.);
#3954=EDGE_CURVE('',#3164,#3168,#57,.T.);
#3955=EDGE_CURVE('',#3122,#3169,#1713,.T.);
#3956=EDGE_CURVE('',#3170,#3169,#245,.T.);
#3957=EDGE_CURVE('',#3171,#3170,#1714,.T.);
#3958=EDGE_CURVE('',#3167,#3171,#246,.T.);
#3959=EDGE_CURVE('',#3119,#3158,#1715,.T.);
#3960=EDGE_CURVE('',#3172,#3173,#247,.T.);
#3961=EDGE_CURVE('',#3174,#3172,#1716,.T.);
#3962=EDGE_CURVE('',#3175,#3174,#248,.T.);
#3963=EDGE_CURVE('',#3176,#3175,#1717,.T.);
#3964=EDGE_CURVE('',#3177,#3176,#249,.T.);
#3965=EDGE_CURVE('',#3178,#3177,#1718,.T.);
#3966=EDGE_CURVE('',#3179,#3178,#250,.T.);
#3967=EDGE_CURVE('',#3180,#3179,#1719,.T.);
#3968=EDGE_CURVE('',#3181,#3180,#251,.T.);
#3969=EDGE_CURVE('',#3182,#3181,#1720,.T.);
#3970=EDGE_CURVE('',#3183,#3182,#252,.T.);
#3971=EDGE_CURVE('',#3184,#3183,#1721,.T.);
#3972=EDGE_CURVE('',#3185,#3184,#253,.T.);
#3973=EDGE_CURVE('',#3186,#3185,#1722,.T.);
#3974=EDGE_CURVE('',#3187,#3186,#254,.T.);
#3975=EDGE_CURVE('',#3188,#3187,#1723,.T.);
#3976=EDGE_CURVE('',#3189,#3188,#255,.T.);
#3977=EDGE_CURVE('',#3190,#3189,#1724,.T.);
#3978=EDGE_CURVE('',#3191,#3190,#256,.T.);
#3979=EDGE_CURVE('',#3192,#3191,#1725,.T.);
#3980=EDGE_CURVE('',#3193,#3192,#257,.T.);
#3981=EDGE_CURVE('',#3194,#3193,#1726,.T.);
#3982=EDGE_CURVE('',#3195,#3194,#258,.T.);
#3983=EDGE_CURVE('',#3173,#3195,#1727,.T.);
#3984=EDGE_CURVE('',#3196,#3197,#590,.T.);
#3985=EDGE_CURVE('',#3197,#3196,#259,.T.);
#3986=EDGE_CURVE('',#3198,#3199,#1728,.T.);
#3987=EDGE_CURVE('',#3199,#3200,#1729,.T.);
#3988=EDGE_CURVE('',#3200,#3201,#1730,.T.);
#3989=EDGE_CURVE('',#3201,#3198,#1731,.T.);
#3990=EDGE_CURVE('',#3156,#3109,#1732,.T.);
#3991=EDGE_CURVE('',#3202,#3203,#591,.T.);
#3992=EDGE_CURVE('',#3203,#3171,#260,.T.);
#3993=EDGE_CURVE('',#3171,#3204,#592,.T.);
#3994=EDGE_CURVE('',#3204,#3205,#593,.T.);
#3995=EDGE_CURVE('',#3205,#3202,#594,.T.);
#3996=EDGE_CURVE('',#3206,#3207,#58,.T.);
#3997=EDGE_CURVE('',#3207,#3164,#261,.T.);
#3998=EDGE_CURVE('',#3206,#3168,#595,.T.);
#3999=EDGE_CURVE('',#3208,#3165,#262,.T.);
#4000=EDGE_CURVE('',#3207,#3208,#596,.T.);
#4001=EDGE_CURVE('',#3209,#3210,#263,.T.);
#4002=EDGE_CURVE('',#3210,#3165,#597,.T.);
#4003=EDGE_CURVE('',#3208,#3209,#598,.T.);
#4004=EDGE_CURVE('',#3211,#3212,#264,.T.);
#4005=EDGE_CURVE('',#3212,#3210,#599,.T.);
#4006=EDGE_CURVE('',#3209,#3211,#600,.T.);
#4007=EDGE_CURVE('',#3213,#3214,#265,.T.);
#4008=EDGE_CURVE('',#3214,#3212,#601,.T.);
#4009=EDGE_CURVE('',#3211,#3213,#602,.T.);
#4010=EDGE_CURVE('',#3205,#3214,#603,.T.);
#4011=EDGE_CURVE('',#3213,#3202,#604,.T.);
#4012=EDGE_CURVE('',#3203,#3215,#266,.T.);
#4013=EDGE_CURVE('',#3215,#3206,#267,.T.);
#4014=EDGE_CURVE('',#3216,#3204,#59,.T.);
#4015=EDGE_CURVE('',#3216,#3214,#268,.T.);
#4016=EDGE_CURVE('',#3217,#3170,#605,.T.);
#4017=EDGE_CURVE('',#3217,#3218,#60,.T.);
#4018=EDGE_CURVE('',#3218,#3219,#606,.T.);
#4019=EDGE_CURVE('',#3219,#3220,#1733,.T.);
#4020=EDGE_CURVE('',#3220,#3216,#607,.T.);
#4021=EDGE_CURVE('',#3215,#3111,#1734,.T.);
#4022=EDGE_CURVE('',#3221,#3222,#608,.T.);
#4023=EDGE_CURVE('',#3222,#3223,#269,.T.);
#4024=EDGE_CURVE('',#3223,#3224,#609,.T.);
#4025=EDGE_CURVE('',#3221,#3224,#610,.T.);
#4026=EDGE_CURVE('',#3225,#3226,#270,.T.);
#4027=EDGE_CURVE('',#3226,#3223,#611,.T.);
#4028=EDGE_CURVE('',#3222,#3225,#612,.T.);
#4029=EDGE_CURVE('',#3227,#3228,#271,.T.);
#4030=EDGE_CURVE('',#3228,#3226,#613,.T.);
#4031=EDGE_CURVE('',#3225,#3227,#614,.T.);
#4032=EDGE_CURVE('',#3229,#3230,#272,.T.);
#4033=EDGE_CURVE('',#3230,#3228,#615,.T.);
#4034=EDGE_CURVE('',#3227,#3229,#616,.T.);
#4035=EDGE_CURVE('',#3231,#3232,#273,.T.);
#4036=EDGE_CURVE('',#3232,#3230,#617,.T.);
#4037=EDGE_CURVE('',#3229,#3233,#618,.T.);
#4038=EDGE_CURVE('',#3233,#3231,#619,.T.);
#4039=EDGE_CURVE('',#3234,#3232,#61,.T.);
#4040=EDGE_CURVE('',#3231,#3235,#62,.T.);
#4041=EDGE_CURVE('',#3235,#3234,#620,.T.);
#4042=EDGE_CURVE('',#3235,#3236,#274,.T.);
#4043=EDGE_CURVE('',#3236,#3170,#275,.T.);
#4044=EDGE_CURVE('',#3169,#3234,#621,.T.);
#4045=EDGE_CURVE('',#3236,#3221,#622,.T.);
#4046=EDGE_CURVE('',#3224,#3217,#623,.T.);
#4047=EDGE_CURVE('',#3126,#3232,#1735,.T.);
#4048=EDGE_CURVE('',#3223,#3218,#276,.T.);
#4049=EDGE_CURVE('',#3233,#3105,#1736,.T.);
#4050=EDGE_CURVE('',#3144,#3237,#277,.T.);
#4051=EDGE_CURVE('',#3160,#3237,#63,.T.);
#4052=EDGE_CURVE('',#3238,#3147,#278,.T.);
#4053=EDGE_CURVE('',#3238,#3239,#624,.T.);
#4054=EDGE_CURVE('',#3237,#3239,#625,.T.);
#4055=EDGE_CURVE('',#3163,#3238,#626,.T.);
#4056=EDGE_CURVE('',#3240,#3226,#279,.T.);
#4057=EDGE_CURVE('',#3240,#3219,#627,.T.);
#4058=EDGE_CURVE('',#3241,#3228,#280,.T.);
#4059=EDGE_CURVE('',#3241,#3240,#628,.T.);
#4060=EDGE_CURVE('',#3230,#3242,#281,.T.);
#4061=EDGE_CURVE('',#3242,#3243,#282,.T.);
#4062=EDGE_CURVE('',#3243,#3241,#283,.T.);
#4063=EDGE_CURVE('',#3244,#3212,#284,.T.);
#4064=EDGE_CURVE('',#3244,#3245,#629,.T.);
#4065=EDGE_CURVE('',#3210,#3245,#285,.T.);
#4066=EDGE_CURVE('',#3220,#3244,#630,.T.);
#4067=EDGE_CURVE('',#3138,#3242,#1737,.T.);
#4068=EDGE_CURVE('',#3239,#3141,#1738,.T.);
#4069=EDGE_CURVE('',#3246,#3247,#286,.T.);
#4070=EDGE_CURVE('',#3247,#3138,#1739,.T.);
#4071=EDGE_CURVE('',#3137,#3246,#1740,.T.);
#4072=EDGE_CURVE('',#3248,#3162,#1741,.T.);
#4073=EDGE_CURVE('',#3248,#3249,#1742,.T.);
#4074=EDGE_CURVE('',#3249,#3250,#1743,.T.);
#4075=EDGE_CURVE('',#3250,#3251,#287,.T.);
#4076=EDGE_CURVE('',#3251,#3252,#1744,.T.);
#4077=EDGE_CURVE('',#3252,#3253,#288,.T.);
#4078=EDGE_CURVE('',#3253,#3254,#1745,.T.);
#4079=EDGE_CURVE('',#3254,#3246,#1746,.T.);
#4080=EDGE_CURVE('',#3255,#3248,#289,.T.);
#4081=EDGE_CURVE('',#3161,#3255,#1747,.T.);
#4082=EDGE_CURVE('',#3256,#3166,#1748,.T.);
#4083=EDGE_CURVE('',#3255,#3256,#1749,.T.);
#4084=EDGE_CURVE('',#3257,#3243,#1750,.T.);
#4085=EDGE_CURVE('',#3257,#3258,#1751,.T.);
#4086=EDGE_CURVE('',#3258,#3259,#1752,.T.);
#4087=EDGE_CURVE('',#3259,#3260,#290,.T.);
#4088=EDGE_CURVE('',#3260,#3261,#1753,.T.);
#4089=EDGE_CURVE('',#3261,#3262,#291,.T.);
#4090=EDGE_CURVE('',#3262,#3263,#1754,.T.);
#4091=EDGE_CURVE('',#3263,#3264,#1755,.T.);
#4092=EDGE_CURVE('',#3265,#3264,#1756,.T.);
#4093=EDGE_CURVE('',#3245,#3265,#292,.T.);
#4094=EDGE_CURVE('',#3266,#3257,#293,.T.);
#4095=EDGE_CURVE('',#3242,#3266,#1757,.T.);
#4096=EDGE_CURVE('',#3247,#3266,#1758,.T.);
#4097=EDGE_CURVE('',#3264,#3256,#294,.T.);
#4098=EDGE_CURVE('',#3166,#3265,#295,.T.);
#4099=EDGE_CURVE('',#3267,#3263,#1759,.T.);
#4100=EDGE_CURVE('',#3267,#3268,#1760,.T.);
#4101=EDGE_CURVE('',#3268,#3269,#1761,.T.);
#4102=EDGE_CURVE('',#3269,#3270,#296,.T.);
#4103=EDGE_CURVE('',#3270,#3271,#1762,.T.);
#4104=EDGE_CURVE('',#3271,#3272,#1763,.T.);
#4105=EDGE_CURVE('',#3272,#3273,#1764,.T.);
#4106=EDGE_CURVE('',#3273,#3274,#297,.T.);
#4107=EDGE_CURVE('',#3274,#3275,#1765,.T.);
#4108=EDGE_CURVE('',#3275,#3276,#1766,.T.);
#4109=EDGE_CURVE('',#3249,#3276,#1767,.T.);
#4110=EDGE_CURVE('',#3277,#3277,#298,.F.);
#4111=EDGE_CURVE('',#3278,#3278,#299,.F.);
#4112=EDGE_CURVE('',#3198,#3279,#1768,.T.);
#4113=EDGE_CURVE('',#3279,#3280,#1769,.T.);
#4114=EDGE_CURVE('',#3199,#3280,#1770,.T.);
#4115=EDGE_CURVE('',#3201,#3281,#1771,.T.);
#4116=EDGE_CURVE('',#3281,#3279,#1772,.T.);
#4117=EDGE_CURVE('',#3200,#3282,#1773,.T.);
#4118=EDGE_CURVE('',#3282,#3281,#1774,.T.);
#4119=EDGE_CURVE('',#3280,#3282,#1775,.T.);
#4120=EDGE_CURVE('',#3283,#3284,#1776,.T.);
#4121=EDGE_CURVE('',#3285,#3283,#1777,.T.);
#4122=EDGE_CURVE('',#3286,#3285,#1778,.T.);
#4123=EDGE_CURVE('',#3284,#3286,#1779,.T.);
#4124=EDGE_CURVE('',#3287,#3285,#1780,.T.);
#4125=EDGE_CURVE('',#3287,#3288,#1781,.T.);
#4126=EDGE_CURVE('',#3288,#3286,#1782,.T.);
#4127=EDGE_CURVE('',#3289,#3283,#1783,.T.);
#4128=EDGE_CURVE('',#3289,#3287,#1784,.T.);
#4129=EDGE_CURVE('',#3284,#3290,#1785,.T.);
#4130=EDGE_CURVE('',#3290,#3289,#1786,.T.);
#4131=EDGE_CURVE('',#3288,#3290,#1787,.T.);
#4132=EDGE_CURVE('',#3291,#3289,#1788,.T.);
#4133=EDGE_CURVE('',#3292,#3291,#1789,.T.);
#4134=EDGE_CURVE('',#3292,#3287,#1790,.T.);
#4135=EDGE_CURVE('',#3290,#3293,#1791,.T.);
#4136=EDGE_CURVE('',#3291,#3293,#1792,.T.);
#4137=EDGE_CURVE('',#3294,#3295,#1793,.T.);
#4138=EDGE_CURVE('',#3295,#3296,#1794,.T.);
#4139=EDGE_CURVE('',#3297,#3296,#1795,.T.);
#4140=EDGE_CURVE('',#3294,#3297,#1796,.T.);
#4141=EDGE_CURVE('',#3298,#3299,#300,.T.);
#4142=EDGE_CURVE('',#3300,#3299,#1797,.T.);
#4143=EDGE_CURVE('',#3300,#3301,#301,.T.);
#4144=EDGE_CURVE('',#3301,#3302,#1798,.T.);
#4145=EDGE_CURVE('',#3302,#3303,#1799,.T.);
#4146=EDGE_CURVE('',#3303,#3304,#1800,.T.);
#4147=EDGE_CURVE('',#3304,#3305,#302,.T.);
#4148=EDGE_CURVE('',#3306,#3305,#1801,.T.);
#4149=EDGE_CURVE('',#3306,#3307,#303,.T.);
#4150=EDGE_CURVE('',#3308,#3307,#1802,.T.);
#4151=EDGE_CURVE('',#3308,#3309,#1803,.T.);
#4152=EDGE_CURVE('',#3309,#3310,#1804,.T.);
#4153=EDGE_CURVE('',#3310,#3311,#1805,.T.);
#4154=EDGE_CURVE('',#3298,#3311,#1806,.T.);
#4155=EDGE_CURVE('',#3312,#3313,#1807,.T.);
#4156=EDGE_CURVE('',#3313,#3314,#1808,.T.);
#4157=EDGE_CURVE('',#3314,#3315,#1809,.T.);
#4158=EDGE_CURVE('',#3315,#3312,#1810,.T.);
#4159=EDGE_CURVE('',#3316,#3316,#304,.T.);
#4160=EDGE_CURVE('',#3317,#3317,#305,.T.);
#4161=EDGE_CURVE('',#3318,#3319,#1811,.T.);
#4162=EDGE_CURVE('',#3319,#3320,#1812,.T.);
#4163=EDGE_CURVE('',#3320,#3321,#1813,.T.);
#4164=EDGE_CURVE('',#3321,#3322,#306,.T.);
#4165=EDGE_CURVE('',#3322,#3323,#1814,.T.);
#4166=EDGE_CURVE('',#3323,#3324,#1815,.T.);
#4167=EDGE_CURVE('',#3324,#3325,#1816,.T.);
#4168=EDGE_CURVE('',#3325,#3326,#307,.T.);
#4169=EDGE_CURVE('',#3326,#3327,#1817,.T.);
#4170=EDGE_CURVE('',#3327,#3328,#1818,.T.);
#4171=EDGE_CURVE('',#3328,#3329,#1819,.T.);
#4172=EDGE_CURVE('',#3329,#3330,#308,.T.);
#4173=EDGE_CURVE('',#3330,#3331,#1820,.T.);
#4174=EDGE_CURVE('',#3331,#3332,#1821,.T.);
#4175=EDGE_CURVE('',#3332,#3333,#1822,.T.);
#4176=EDGE_CURVE('',#3333,#3318,#309,.T.);
#4177=EDGE_CURVE('',#3334,#3334,#310,.T.);
#4178=EDGE_CURVE('',#3335,#3335,#311,.T.);
#4179=EDGE_CURVE('',#3336,#3292,#1823,.T.);
#4180=EDGE_CURVE('',#3336,#3288,#1824,.T.);
#4181=EDGE_CURVE('',#3293,#3336,#1825,.T.);
#4182=EDGE_CURVE('',#3337,#3338,#1826,.T.);
#4183=EDGE_CURVE('',#3339,#3337,#1827,.T.);
#4184=EDGE_CURVE('',#3340,#3339,#1828,.T.);
#4185=EDGE_CURVE('',#3341,#3340,#1829,.T.);
#4186=EDGE_CURVE('',#3341,#3295,#1830,.T.);
#4187=EDGE_CURVE('',#3342,#3294,#1831,.T.);
#4188=EDGE_CURVE('',#3338,#3342,#1832,.T.);
#4189=EDGE_CURVE('',#3343,#3339,#1833,.T.);
#4190=EDGE_CURVE('',#3344,#3343,#1834,.T.);
#4191=EDGE_CURVE('',#3340,#3344,#1835,.T.);
#4192=EDGE_CURVE('',#3337,#3345,#1836,.T.);
#4193=EDGE_CURVE('',#3343,#3345,#1837,.T.);
#4194=EDGE_CURVE('',#3346,#3344,#1838,.T.);
#4195=EDGE_CURVE('',#3341,#3346,#1839,.T.);
#4196=EDGE_CURVE('',#3313,#3347,#1840,.T.);
#4197=EDGE_CURVE('',#3348,#3347,#1841,.T.);
#4198=EDGE_CURVE('',#3314,#3348,#1842,.T.);
#4199=EDGE_CURVE('',#3349,#3348,#1843,.T.);
#4200=EDGE_CURVE('',#3315,#3349,#1844,.T.);
#4201=EDGE_CURVE('',#3350,#3349,#1845,.T.);
#4202=EDGE_CURVE('',#3312,#3350,#1846,.T.);
#4203=EDGE_CURVE('',#3296,#3350,#1847,.T.);
#4204=EDGE_CURVE('',#3347,#3346,#1848,.T.);
#4205=EDGE_CURVE('',#3351,#3297,#1849,.T.);
#4206=EDGE_CURVE('',#3345,#3352,#1850,.T.);
#4207=EDGE_CURVE('',#3352,#3351,#1851,.T.);
#4208=EDGE_CURVE('',#3351,#3342,#1852,.T.);
#4209=EDGE_CURVE('',#3352,#3338,#1853,.T.);
#4210=EDGE_CURVE('',#3353,#3353,#312,.T.);
#4211=EDGE_CURVE('',#3353,#3354,#1854,.T.);
#4212=EDGE_CURVE('',#3299,#3354,#631,.T.);
#4213=EDGE_CURVE('',#3354,#3298,#632,.T.);
#4214=EDGE_CURVE('',#3355,#3356,#1855,.F.);
#4215=EDGE_CURVE('',#3356,#3357,#313,.T.);
#4216=EDGE_CURVE('',#3357,#3300,#633,.T.);
#4217=EDGE_CURVE('',#3311,#3358,#314,.T.);
#4218=EDGE_CURVE('',#3358,#3359,#1856,.T.);
#4219=EDGE_CURVE('',#3359,#3360,#634,.T.);
#4220=EDGE_CURVE('',#3360,#3361,#315,.T.);
#4221=EDGE_CURVE('',#3362,#3361,#1857,.T.);
#4222=EDGE_CURVE('',#3362,#3363,#316,.T.);
#4223=EDGE_CURVE('',#3363,#3364,#635,.T.);
#4224=EDGE_CURVE('',#3364,#3365,#1858,.T.);
#4225=EDGE_CURVE('',#3365,#3308,#317,.T.);
#4226=EDGE_CURVE('',#3307,#3366,#636,.T.);
#4227=EDGE_CURVE('',#3366,#3306,#637,.T.);
#4228=EDGE_CURVE('',#3305,#3367,#638,.T.);
#4229=EDGE_CURVE('',#3367,#3355,#318,.T.);
#4230=EDGE_CURVE('',#3368,#3368,#319,.F.);
#4231=EDGE_CURVE('',#3368,#3369,#1859,.T.);
#4232=EDGE_CURVE('',#3369,#3369,#320,.T.);
#4233=EDGE_CURVE('',#3370,#3370,#321,.T.);
#4234=EDGE_CURVE('',#3370,#3335,#1860,.T.);
#4235=EDGE_CURVE('',#3371,#3371,#322,.F.);
#4236=EDGE_CURVE('',#3371,#3372,#1861,.T.);
#4237=EDGE_CURVE('',#3372,#3372,#323,.T.);
#4238=EDGE_CURVE('',#3373,#3373,#324,.T.);
#4239=EDGE_CURVE('',#3373,#3316,#1862,.T.);
#4240=EDGE_CURVE('',#3374,#3374,#325,.T.);
#4241=EDGE_CURVE('',#3374,#3366,#1863,.T.);
#4242=EDGE_CURVE('',#3375,#3375,#326,.F.);
#4243=EDGE_CURVE('',#3375,#3376,#1864,.T.);
#4244=EDGE_CURVE('',#3376,#3376,#327,.T.);
#4245=EDGE_CURVE('',#3377,#3377,#328,.T.);
#4246=EDGE_CURVE('',#3377,#3334,#1865,.T.);
#4247=EDGE_CURVE('',#3378,#3378,#329,.F.);
#4248=EDGE_CURVE('',#3378,#3379,#1866,.T.);
#4249=EDGE_CURVE('',#3379,#3379,#330,.T.);
#4250=EDGE_CURVE('',#3380,#3380,#331,.T.);
#4251=EDGE_CURVE('',#3380,#3317,#1867,.T.);
#4252=EDGE_CURVE('',#3381,#3196,#1868,.T.);
#4253=EDGE_CURVE('',#3197,#3382,#1869,.T.);
#4254=EDGE_CURVE('',#3382,#3381,#639,.T.);
#4255=EDGE_CURVE('',#3381,#3382,#332,.T.);
#4256=EDGE_CURVE('',#3382,#3383,#1870,.T.);
#4257=EDGE_CURVE('',#3384,#3383,#640,.T.);
#4258=EDGE_CURVE('',#3384,#3381,#1871,.T.);
#4259=EDGE_CURVE('',#3385,#3386,#333,.T.);
#4260=EDGE_CURVE('',#3386,#3191,#1872,.T.);
#4261=EDGE_CURVE('',#3190,#3385,#641,.T.);
#4262=EDGE_CURVE('',#3189,#3387,#642,.T.);
#4263=EDGE_CURVE('',#3387,#3385,#1873,.T.);
#4264=EDGE_CURVE('',#3388,#3389,#334,.T.);
#4265=EDGE_CURVE('',#3389,#3185,#1874,.T.);
#4266=EDGE_CURVE('',#3184,#3388,#643,.T.);
#4267=EDGE_CURVE('',#3183,#3390,#644,.T.);
#4268=EDGE_CURVE('',#3390,#3388,#1875,.T.);
#4269=EDGE_CURVE('',#3391,#3392,#335,.T.);
#4270=EDGE_CURVE('',#3392,#3179,#1876,.T.);
#4271=EDGE_CURVE('',#3178,#3391,#645,.T.);
#4272=EDGE_CURVE('',#3393,#3180,#1877,.T.);
#4273=EDGE_CURVE('',#3392,#3393,#1878,.T.);
#4274=EDGE_CURVE('',#3394,#3181,#1879,.T.);
#4275=EDGE_CURVE('',#3393,#3394,#336,.T.);
#4276=EDGE_CURVE('',#3395,#3182,#1880,.T.);
#4277=EDGE_CURVE('',#3394,#3395,#1881,.T.);
#4278=EDGE_CURVE('',#3395,#3390,#337,.T.);
#4279=EDGE_CURVE('',#3396,#3391,#1882,.T.);
#4280=EDGE_CURVE('',#3177,#3396,#646,.T.);
#4281=EDGE_CURVE('',#3397,#3398,#338,.T.);
#4282=EDGE_CURVE('',#3398,#3172,#1883,.T.);
#4283=EDGE_CURVE('',#3173,#3397,#647,.T.);
#4284=EDGE_CURVE('',#3399,#3174,#1884,.T.);
#4285=EDGE_CURVE('',#3398,#3399,#1885,.T.);
#4286=EDGE_CURVE('',#3400,#3175,#1886,.T.);
#4287=EDGE_CURVE('',#3399,#3400,#339,.T.);
#4288=EDGE_CURVE('',#3401,#3176,#1887,.T.);
#4289=EDGE_CURVE('',#3400,#3401,#1888,.T.);
#4290=EDGE_CURVE('',#3401,#3396,#340,.T.);
#4291=EDGE_CURVE('',#3402,#3186,#1889,.T.);
#4292=EDGE_CURVE('',#3389,#3402,#1890,.T.);
#4293=EDGE_CURVE('',#3403,#3187,#1891,.T.);
#4294=EDGE_CURVE('',#3402,#3403,#341,.T.);
#4295=EDGE_CURVE('',#3404,#3188,#1892,.T.);
#4296=EDGE_CURVE('',#3403,#3404,#1893,.T.);
#4297=EDGE_CURVE('',#3404,#3387,#342,.T.);
#4298=EDGE_CURVE('',#3405,#3397,#1894,.T.);
#4299=EDGE_CURVE('',#3195,#3405,#648,.T.);
#4300=EDGE_CURVE('',#3406,#3192,#1895,.T.);
#4301=EDGE_CURVE('',#3386,#3406,#1896,.T.);
#4302=EDGE_CURVE('',#3407,#3193,#1897,.T.);
#4303=EDGE_CURVE('',#3406,#3407,#343,.T.);
#4304=EDGE_CURVE('',#3408,#3194,#1898,.T.);
#4305=EDGE_CURVE('',#3407,#3408,#1899,.T.);
#4306=EDGE_CURVE('',#3408,#3405,#344,.T.);
#4307=EDGE_CURVE('',#3390,#3409,#1900,.T.);
#4308=EDGE_CURVE('',#3410,#3409,#1901,.T.);
#4309=EDGE_CURVE('',#3388,#3410,#1902,.T.);
#4310=EDGE_CURVE('',#3395,#3411,#1903,.T.);
#4311=EDGE_CURVE('',#3409,#3411,#345,.T.);
#4312=EDGE_CURVE('',#3394,#3412,#1904,.T.);
#4313=EDGE_CURVE('',#3411,#3412,#1905,.T.);
#4314=EDGE_CURVE('',#3393,#3413,#1906,.T.);
#4315=EDGE_CURVE('',#3412,#3413,#346,.T.);
#4316=EDGE_CURVE('',#3392,#3414,#1907,.T.);
#4317=EDGE_CURVE('',#3413,#3414,#1908,.T.);
#4318=EDGE_CURVE('',#3391,#3415,#1909,.T.);
#4319=EDGE_CURVE('',#3414,#3415,#347,.T.);
#4320=EDGE_CURVE('',#3396,#3416,#1910,.T.);
#4321=EDGE_CURVE('',#3415,#3416,#1911,.T.);
#4322=EDGE_CURVE('',#3401,#3417,#1912,.T.);
#4323=EDGE_CURVE('',#3416,#3417,#348,.T.);
#4324=EDGE_CURVE('',#3400,#3418,#1913,.T.);
#4325=EDGE_CURVE('',#3417,#3418,#1914,.T.);
#4326=EDGE_CURVE('',#3399,#3419,#1915,.T.);
#4327=EDGE_CURVE('',#3418,#3419,#349,.T.);
#4328=EDGE_CURVE('',#3398,#3420,#1916,.T.);
#4329=EDGE_CURVE('',#3419,#3420,#1917,.T.);
#4330=EDGE_CURVE('',#3397,#3421,#1918,.T.);
#4331=EDGE_CURVE('',#3420,#3421,#350,.T.);
#4332=EDGE_CURVE('',#3405,#3422,#1919,.T.);
#4333=EDGE_CURVE('',#3421,#3422,#1920,.T.);
#4334=EDGE_CURVE('',#3408,#3423,#1921,.T.);
#4335=EDGE_CURVE('',#3422,#3423,#351,.T.);
#4336=EDGE_CURVE('',#3407,#3424,#1922,.T.);
#4337=EDGE_CURVE('',#3423,#3424,#1923,.T.);
#4338=EDGE_CURVE('',#3406,#3425,#1924,.T.);
#4339=EDGE_CURVE('',#3424,#3425,#352,.T.);
#4340=EDGE_CURVE('',#3386,#3426,#1925,.T.);
#4341=EDGE_CURVE('',#3425,#3426,#1926,.T.);
#4342=EDGE_CURVE('',#3385,#3427,#1927,.T.);
#4343=EDGE_CURVE('',#3426,#3427,#353,.T.);
#4344=EDGE_CURVE('',#3387,#3428,#1928,.T.);
#4345=EDGE_CURVE('',#3427,#3428,#1929,.T.);
#4346=EDGE_CURVE('',#3404,#3429,#1930,.T.);
#4347=EDGE_CURVE('',#3428,#3429,#354,.T.);
#4348=EDGE_CURVE('',#3430,#3403,#1931,.T.);
#4349=EDGE_CURVE('',#3429,#3430,#1932,.T.);
#4350=EDGE_CURVE('',#3402,#3431,#1933,.T.);
#4351=EDGE_CURVE('',#3430,#3431,#355,.T.);
#4352=EDGE_CURVE('',#3389,#3432,#1934,.T.);
#4353=EDGE_CURVE('',#3431,#3432,#1935,.T.);
#4354=EDGE_CURVE('',#3432,#3410,#356,.T.);
#4355=EDGE_CURVE('',#3383,#3384,#357,.T.);
#4356=EDGE_CURVE('',#3433,#3434,#1936,.T.);
#4357=EDGE_CURVE('',#3434,#3435,#1937,.T.);
#4358=EDGE_CURVE('',#3435,#3436,#1938,.T.);
#4359=EDGE_CURVE('',#3436,#3437,#1939,.T.);
#4360=EDGE_CURVE('',#3437,#3438,#1940,.T.);
#4361=EDGE_CURVE('',#3438,#3439,#1941,.T.);
#4362=EDGE_CURVE('',#3439,#3440,#1942,.T.);
#4363=EDGE_CURVE('',#3433,#3440,#1943,.T.);
#4364=EDGE_CURVE('',#3441,#3437,#1944,.T.);
#4365=EDGE_CURVE('',#3441,#3442,#1945,.T.);
#4366=EDGE_CURVE('',#3442,#3438,#1946,.T.);
#4367=EDGE_CURVE('',#3439,#3443,#1947,.T.);
#4368=EDGE_CURVE('',#3444,#3443,#1948,.T.);
#4369=EDGE_CURVE('',#3440,#3444,#1949,.T.);
#4370=EDGE_CURVE('',#3445,#3442,#358,.T.);
#4371=EDGE_CURVE('',#3435,#3445,#1950,.T.);
#4372=EDGE_CURVE('',#3446,#3434,#1951,.T.);
#4373=EDGE_CURVE('',#3443,#3446,#359,.T.);
#4374=EDGE_CURVE('',#3436,#3447,#1952,.T.);
#4375=EDGE_CURVE('',#3447,#3441,#360,.T.);
#4376=EDGE_CURVE('',#3447,#3445,#1953,.T.);
#4377=EDGE_CURVE('',#3448,#3433,#1954,.T.);
#4378=EDGE_CURVE('',#3448,#3446,#1955,.T.);
#4379=EDGE_CURVE('',#3444,#3448,#361,.T.);
#4380=EDGE_CURVE('',#3449,#3450,#362,.T.);
#4381=EDGE_CURVE('',#3450,#3451,#1956,.T.);
#4382=EDGE_CURVE('',#3451,#3452,#363,.T.);
#4383=EDGE_CURVE('',#3449,#3452,#1957,.T.);
#4384=EDGE_CURVE('',#3453,#3449,#1958,.T.);
#4385=EDGE_CURVE('',#3452,#3454,#1959,.T.);
#4386=EDGE_CURVE('',#3453,#3454,#1960,.T.);
#4387=EDGE_CURVE('',#3455,#3453,#364,.T.);
#4388=EDGE_CURVE('',#3454,#3456,#365,.T.);
#4389=EDGE_CURVE('',#3455,#3456,#1961,.T.);
#4390=EDGE_CURVE('',#3457,#3455,#1962,.T.);
#4391=EDGE_CURVE('',#3456,#3458,#1963,.T.);
#4392=EDGE_CURVE('',#3457,#3458,#1964,.T.);
#4393=EDGE_CURVE('',#3459,#3457,#366,.T.);
#4394=EDGE_CURVE('',#3458,#3460,#367,.T.);
#4395=EDGE_CURVE('',#3459,#3460,#1965,.T.);
#4396=EDGE_CURVE('',#3461,#3459,#1966,.T.);
#4397=EDGE_CURVE('',#3460,#3462,#1967,.T.);
#4398=EDGE_CURVE('',#3461,#3462,#1968,.T.);
#4399=EDGE_CURVE('',#3463,#3461,#368,.T.);
#4400=EDGE_CURVE('',#3462,#3464,#369,.T.);
#4401=EDGE_CURVE('',#3463,#3464,#1969,.T.);
#4402=EDGE_CURVE('',#3465,#3463,#1970,.T.);
#4403=EDGE_CURVE('',#3464,#3466,#1971,.T.);
#4404=EDGE_CURVE('',#3465,#3466,#1972,.T.);
#4405=EDGE_CURVE('',#3467,#3465,#370,.T.);
#4406=EDGE_CURVE('',#3466,#3468,#371,.T.);
#4407=EDGE_CURVE('',#3467,#3468,#1973,.T.);
#4408=EDGE_CURVE('',#3469,#3467,#1974,.T.);
#4409=EDGE_CURVE('',#3468,#3470,#1975,.T.);
#4410=EDGE_CURVE('',#3469,#3470,#1976,.T.);
#4411=EDGE_CURVE('',#3471,#3469,#372,.T.);
#4412=EDGE_CURVE('',#3470,#3472,#373,.T.);
#4413=EDGE_CURVE('',#3471,#3472,#1977,.T.);
#4414=EDGE_CURVE('',#3473,#3471,#1978,.T.);
#4415=EDGE_CURVE('',#3472,#3474,#1979,.T.);
#4416=EDGE_CURVE('',#3473,#3474,#1980,.T.);
#4417=EDGE_CURVE('',#3450,#3475,#1981,.T.);
#4418=EDGE_CURVE('',#3475,#3476,#1982,.T.);
#4419=EDGE_CURVE('',#3476,#3451,#1983,.T.);
#4420=EDGE_CURVE('',#3475,#3477,#374,.T.);
#4421=EDGE_CURVE('',#3477,#3478,#1984,.T.);
#4422=EDGE_CURVE('',#3478,#3476,#375,.T.);
#4423=EDGE_CURVE('',#3477,#3479,#1985,.T.);
#4424=EDGE_CURVE('',#3479,#3480,#1986,.T.);
#4425=EDGE_CURVE('',#3480,#3478,#1987,.T.);
#4426=EDGE_CURVE('',#3479,#3481,#376,.T.);
#4427=EDGE_CURVE('',#3481,#3482,#1988,.T.);
#4428=EDGE_CURVE('',#3482,#3480,#377,.T.);
#4429=EDGE_CURVE('',#3481,#3483,#1989,.T.);
#4430=EDGE_CURVE('',#3483,#3484,#1990,.T.);
#4431=EDGE_CURVE('',#3484,#3482,#1991,.T.);
#4432=EDGE_CURVE('',#3483,#3485,#378,.T.);
#4433=EDGE_CURVE('',#3485,#3486,#1992,.T.);
#4434=EDGE_CURVE('',#3486,#3484,#379,.T.);
#4435=EDGE_CURVE('',#3485,#3487,#1993,.T.);
#4436=EDGE_CURVE('',#3487,#3488,#1994,.T.);
#4437=EDGE_CURVE('',#3488,#3486,#1995,.T.);
#4438=EDGE_CURVE('',#3487,#3489,#380,.T.);
#4439=EDGE_CURVE('',#3489,#3490,#1996,.T.);
#4440=EDGE_CURVE('',#3490,#3488,#381,.T.);
#4441=EDGE_CURVE('',#3489,#3491,#1997,.T.);
#4442=EDGE_CURVE('',#3491,#3492,#1998,.T.);
#4443=EDGE_CURVE('',#3492,#3490,#1999,.T.);
#4444=EDGE_CURVE('',#3491,#3493,#382,.T.);
#4445=EDGE_CURVE('',#3493,#3494,#2000,.T.);
#4446=EDGE_CURVE('',#3494,#3492,#383,.T.);
#4447=EDGE_CURVE('',#3493,#3495,#2001,.T.);
#4448=EDGE_CURVE('',#3495,#3496,#2002,.T.);
#4449=EDGE_CURVE('',#3496,#3494,#2003,.T.);
#4450=EDGE_CURVE('',#3495,#3473,#384,.T.);
#4451=EDGE_CURVE('',#3474,#3496,#385,.T.);
#4452=EDGE_CURVE('',#3497,#3498,#386,.T.);
#4453=EDGE_CURVE('',#3499,#3497,#2004,.T.);
#4454=EDGE_CURVE('',#3500,#3499,#387,.T.);
#4455=EDGE_CURVE('',#3501,#3500,#388,.T.);
#4456=EDGE_CURVE('',#3502,#3501,#389,.T.);
#4457=EDGE_CURVE('',#3503,#3502,#2005,.T.);
#4458=EDGE_CURVE('',#3504,#3503,#390,.T.);
#4459=EDGE_CURVE('',#3505,#3504,#391,.T.);
#4460=EDGE_CURVE('',#3506,#3505,#392,.T.);
#4461=EDGE_CURVE('',#3507,#3506,#2006,.T.);
#4462=EDGE_CURVE('',#3508,#3507,#393,.T.);
#4463=EDGE_CURVE('',#3509,#3508,#394,.T.);
#4464=EDGE_CURVE('',#3510,#3509,#395,.T.);
#4465=EDGE_CURVE('',#3511,#3510,#2007,.T.);
#4466=EDGE_CURVE('',#3512,#3511,#396,.T.);
#4467=EDGE_CURVE('',#3498,#3512,#397,.T.);
#4468=EDGE_CURVE('',#3513,#3514,#2008,.T.);
#4469=EDGE_CURVE('',#3514,#3499,#2009,.T.);
#4470=EDGE_CURVE('',#3513,#3497,#2010,.T.);
#4471=EDGE_CURVE('',#3514,#3515,#398,.T.);
#4472=EDGE_CURVE('',#3515,#3500,#2011,.T.);
#4473=EDGE_CURVE('',#3515,#3516,#399,.T.);
#4474=EDGE_CURVE('',#3516,#3501,#2012,.T.);
#4475=EDGE_CURVE('',#3516,#3517,#400,.T.);
#4476=EDGE_CURVE('',#3517,#3502,#2013,.T.);
#4477=EDGE_CURVE('',#3517,#3518,#2014,.T.);
#4478=EDGE_CURVE('',#3518,#3503,#2015,.T.);
#4479=EDGE_CURVE('',#3518,#3519,#401,.T.);
#4480=EDGE_CURVE('',#3519,#3504,#2016,.T.);
#4481=EDGE_CURVE('',#3519,#3520,#402,.T.);
#4482=EDGE_CURVE('',#3520,#3505,#2017,.T.);
#4483=EDGE_CURVE('',#3520,#3521,#403,.T.);
#4484=EDGE_CURVE('',#3521,#3506,#2018,.T.);
#4485=EDGE_CURVE('',#3521,#3522,#2019,.T.);
#4486=EDGE_CURVE('',#3522,#3507,#2020,.T.);
#4487=EDGE_CURVE('',#3522,#3523,#404,.T.);
#4488=EDGE_CURVE('',#3523,#3508,#2021,.T.);
#4489=EDGE_CURVE('',#3523,#3524,#405,.T.);
#4490=EDGE_CURVE('',#3524,#3509,#2022,.T.);
#4491=EDGE_CURVE('',#3524,#3525,#406,.T.);
#4492=EDGE_CURVE('',#3525,#3510,#2023,.T.);
#4493=EDGE_CURVE('',#3525,#3526,#2024,.T.);
#4494=EDGE_CURVE('',#3526,#3511,#2025,.T.);
#4495=EDGE_CURVE('',#3526,#3527,#407,.T.);
#4496=EDGE_CURVE('',#3527,#3512,#2026,.T.);
#4497=EDGE_CURVE('',#3527,#3528,#408,.T.);
#4498=EDGE_CURVE('',#3528,#3498,#2027,.T.);
#4499=EDGE_CURVE('',#3528,#3513,#409,.T.);
#4500=EDGE_CURVE('',#3529,#3301,#2028,.T.);
#4501=EDGE_CURVE('',#3529,#3530,#2029,.T.);
#4502=EDGE_CURVE('',#3530,#3302,#2030,.T.);
#4503=EDGE_CURVE('',#3531,#3530,#2031,.T.);
#4504=EDGE_CURVE('',#3531,#3303,#2032,.T.);
#4505=EDGE_CURVE('',#3531,#3532,#2033,.T.);
#4506=EDGE_CURVE('',#3532,#3304,#2034,.T.);
#4507=EDGE_CURVE('',#3532,#3533,#410,.T.);
#4508=EDGE_CURVE('',#3533,#3367,#2035,.T.);
#4509=EDGE_CURVE('',#3534,#3357,#2036,.T.);
#4510=EDGE_CURVE('',#3534,#3529,#411,.T.);
#4511=EDGE_CURVE('',#3535,#3356,#2037,.F.);
#4512=EDGE_CURVE('',#3535,#3534,#2038,.T.);
#4513=EDGE_CURVE('',#3533,#3536,#2039,.T.);
#4514=EDGE_CURVE('',#3536,#3355,#2040,.T.);
#4515=EDGE_CURVE('',#3536,#3535,#2041,.T.);
#4516=EDGE_CURVE('',#3537,#3326,#2042,.T.);
#4517=EDGE_CURVE('',#3537,#3538,#2043,.T.);
#4518=EDGE_CURVE('',#3538,#3327,#2044,.T.);
#4519=EDGE_CURVE('',#3538,#3539,#2045,.T.);
#4520=EDGE_CURVE('',#3328,#3539,#2046,.T.);
#4521=EDGE_CURVE('',#3539,#3540,#2047,.T.);
#4522=EDGE_CURVE('',#3540,#3329,#2048,.T.);
#4523=EDGE_CURVE('',#3540,#3541,#412,.T.);
#4524=EDGE_CURVE('',#3541,#3330,#2049,.T.);
#4525=EDGE_CURVE('',#3541,#3542,#2050,.T.);
#4526=EDGE_CURVE('',#3542,#3331,#2051,.T.);
#4527=EDGE_CURVE('',#3542,#3543,#2052,.T.);
#4528=EDGE_CURVE('',#3332,#3543,#2053,.T.);
#4529=EDGE_CURVE('',#3543,#3544,#2054,.T.);
#4530=EDGE_CURVE('',#3544,#3333,#2055,.T.);
#4531=EDGE_CURVE('',#3544,#3545,#413,.T.);
#4532=EDGE_CURVE('',#3545,#3318,#2056,.T.);
#4533=EDGE_CURVE('',#3324,#3546,#2057,.T.);
#4534=EDGE_CURVE('',#3546,#3547,#2058,.T.);
#4535=EDGE_CURVE('',#3547,#3325,#2059,.T.);
#4536=EDGE_CURVE('',#3547,#3537,#414,.T.);
#4537=EDGE_CURVE('',#3545,#3548,#2060,.T.);
#4538=EDGE_CURVE('',#3548,#3319,#2061,.T.);
#4539=EDGE_CURVE('',#3549,#3546,#2062,.T.);
#4540=EDGE_CURVE('',#3550,#3549,#2063,.T.);
#4541=EDGE_CURVE('',#3551,#3550,#415,.T.);
#4542=EDGE_CURVE('',#3552,#3551,#2064,.T.);
#4543=EDGE_CURVE('',#3548,#3552,#2065,.T.);
#4544=EDGE_CURVE('',#3320,#3552,#2066,.T.);
#4545=EDGE_CURVE('',#3549,#3323,#2067,.T.);
#4546=EDGE_CURVE('',#3551,#3321,#2068,.T.);
#4547=EDGE_CURVE('',#3550,#3322,#2069,.T.);
#4548=EDGE_CURVE('',#3553,#3554,#2070,.T.);
#4549=EDGE_CURVE('',#3555,#3553,#2071,.T.);
#4550=EDGE_CURVE('',#3555,#3556,#2072,.T.);
#4551=EDGE_CURVE('',#3557,#3556,#2073,.T.);
#4552=EDGE_CURVE('',#3557,#3554,#2074,.T.);
#4553=EDGE_CURVE('',#3554,#3558,#2075,.T.);
#4554=EDGE_CURVE('',#3558,#3557,#2076,.T.);
#4555=EDGE_CURVE('',#3559,#3560,#2077,.T.);
#4556=EDGE_CURVE('',#3561,#3559,#2078,.T.);
#4557=EDGE_CURVE('',#3562,#3561,#2079,.T.);
#4558=EDGE_CURVE('',#3563,#3562,#416,.T.);
#4559=EDGE_CURVE('',#3564,#3563,#2080,.T.);
#4560=EDGE_CURVE('',#3565,#3564,#2081,.T.);
#4561=EDGE_CURVE('',#3566,#3565,#2082,.T.);
#4562=EDGE_CURVE('',#3566,#3567,#417,.T.);
#4563=EDGE_CURVE('',#3567,#3568,#2083,.T.);
#4564=EDGE_CURVE('',#3569,#3568,#2084,.T.);
#4565=EDGE_CURVE('',#3570,#3569,#2085,.T.);
#4566=EDGE_CURVE('',#3571,#3570,#2086,.T.);
#4567=EDGE_CURVE('',#3572,#3571,#2087,.T.);
#4568=EDGE_CURVE('',#3573,#3572,#418,.T.);
#4569=EDGE_CURVE('',#3574,#3573,#2088,.T.);
#4570=EDGE_CURVE('',#3575,#3574,#2089,.T.);
#4571=EDGE_CURVE('',#3576,#3575,#2090,.T.);
#4572=EDGE_CURVE('',#3576,#3555,#419,.T.);
#4573=EDGE_CURVE('',#3560,#3553,#2091,.T.);
#4574=EDGE_CURVE('',#3577,#3559,#2092,.T.);
#4575=EDGE_CURVE('',#3578,#3577,#2093,.T.);
#4576=EDGE_CURVE('',#3561,#3578,#2094,.T.);
#4577=EDGE_CURVE('',#3579,#3562,#2095,.T.);
#4578=EDGE_CURVE('',#3579,#3578,#2096,.T.);
#4579=EDGE_CURVE('',#3576,#3580,#2097,.T.);
#4580=EDGE_CURVE('',#3556,#3580,#420,.T.);
#4581=EDGE_CURVE('',#3581,#3563,#2098,.T.);
#4582=EDGE_CURVE('',#3581,#3579,#421,.T.);
#4583=EDGE_CURVE('',#3582,#3581,#2099,.T.);
#4584=EDGE_CURVE('',#3564,#3582,#2100,.T.);
#4585=EDGE_CURVE('',#3580,#3583,#2101,.T.);
#4586=EDGE_CURVE('',#3583,#3575,#2102,.T.);
#4587=EDGE_CURVE('',#3569,#3584,#2103,.T.);
#4588=EDGE_CURVE('',#3585,#3568,#2104,.T.);
#4589=EDGE_CURVE('',#3584,#3585,#2105,.T.);
#4590=EDGE_CURVE('',#3586,#3587,#2106,.T.);
#4591=EDGE_CURVE('',#3588,#3586,#2107,.T.);
#4592=EDGE_CURVE('',#3587,#3588,#2108,.T.);
#4593=EDGE_CURVE('',#3587,#3571,#2109,.T.);
#4594=EDGE_CURVE('',#3589,#3588,#2110,.T.);
#4595=EDGE_CURVE('',#3589,#3572,#2111,.T.);
#4596=EDGE_CURVE('',#3567,#3590,#2112,.T.);
#4597=EDGE_CURVE('',#3585,#3590,#2113,.T.);
#4598=EDGE_CURVE('',#3591,#3573,#2114,.T.);
#4599=EDGE_CURVE('',#3591,#3589,#422,.T.);
#4600=EDGE_CURVE('',#3566,#3592,#2115,.T.);
#4601=EDGE_CURVE('',#3590,#3592,#423,.T.);
#4602=EDGE_CURVE('',#3592,#3593,#2116,.T.);
#4603=EDGE_CURVE('',#3593,#3565,#2117,.T.);
#4604=EDGE_CURVE('',#3594,#3591,#2118,.T.);
#4605=EDGE_CURVE('',#3574,#3594,#2119,.T.);
#4606=EDGE_CURVE('',#3583,#3594,#2120,.T.);
#4607=EDGE_CURVE('',#3593,#3582,#2121,.T.);
#4608=EDGE_CURVE('',#3595,#3560,#2122,.T.);
#4609=EDGE_CURVE('',#3596,#3595,#2123,.T.);
#4610=EDGE_CURVE('',#3596,#3559,#2124,.T.);
#4611=EDGE_CURVE('',#3597,#3558,#2125,.T.);
#4612=EDGE_CURVE('',#3595,#3597,#2126,.T.);
#4613=EDGE_CURVE('',#3586,#3598,#2127,.T.);
#4614=EDGE_CURVE('',#3599,#3598,#2128,.T.);
#4615=EDGE_CURVE('',#3599,#3600,#2129,.T.);
#4616=EDGE_CURVE('',#3601,#3600,#424,.T.);
#4617=EDGE_CURVE('',#3602,#3601,#2130,.T.);
#4618=EDGE_CURVE('',#3602,#3603,#2131,.T.);
#4619=EDGE_CURVE('',#3603,#3604,#2132,.T.);
#4620=EDGE_CURVE('',#3605,#3604,#425,.T.);
#4621=EDGE_CURVE('',#3606,#3605,#2133,.T.);
#4622=EDGE_CURVE('',#3607,#3606,#2134,.T.);
#4623=EDGE_CURVE('',#3607,#3558,#2135,.T.);
#4624=EDGE_CURVE('',#3608,#3267,#2136,.T.);
#4625=EDGE_CURVE('',#3609,#3608,#2137,.T.);
#4626=EDGE_CURVE('',#3609,#3268,#2138,.T.);
#4627=EDGE_CURVE('',#3610,#3611,#2139,.T.);
#4628=EDGE_CURVE('',#3612,#3610,#2140,.T.);
#4629=EDGE_CURVE('',#3613,#3612,#2141,.T.);
#4630=EDGE_CURVE('',#3614,#3613,#2142,.T.);
#4631=EDGE_CURVE('',#3611,#3614,#2143,.T.);
#4632=EDGE_CURVE('',#3611,#3615,#2144,.T.);
#4633=EDGE_CURVE('',#3615,#3614,#2145,.T.);
#4634=EDGE_CURVE('',#3616,#3617,#2146,.T.);
#4635=EDGE_CURVE('',#3618,#3616,#2147,.T.);
#4636=EDGE_CURVE('',#3618,#3617,#2148,.T.);
#4637=EDGE_CURVE('',#3617,#3619,#2149,.T.);
#4638=EDGE_CURVE('',#3620,#3618,#2150,.T.);
#4639=EDGE_CURVE('',#3621,#3620,#2151,.T.);
#4640=EDGE_CURVE('',#3621,#3619,#2152,.T.);
#4641=EDGE_CURVE('',#3269,#3622,#2153,.T.);
#4642=EDGE_CURVE('',#3622,#3609,#2154,.T.);
#4643=EDGE_CURVE('',#3623,#3624,#2155,.T.);
#4644=EDGE_CURVE('',#3623,#3621,#426,.T.);
#4645=EDGE_CURVE('',#3624,#3620,#427,.T.);
#4646=EDGE_CURVE('',#3270,#3625,#2156,.T.);
#4647=EDGE_CURVE('',#3625,#3622,#428,.T.);
#4648=EDGE_CURVE('',#3626,#3625,#2157,.T.);
#4649=EDGE_CURVE('',#3626,#3271,#2158,.T.);
#4650=EDGE_CURVE('',#3627,#3624,#2159,.T.);
#4651=EDGE_CURVE('',#3627,#3628,#2160,.T.);
#4652=EDGE_CURVE('',#3623,#3628,#2161,.T.);
#4653=EDGE_CURVE('',#3276,#3629,#2162,.T.);
#4654=EDGE_CURVE('',#3275,#3630,#2163,.T.);
#4655=EDGE_CURVE('',#3629,#3630,#2164,.T.);
#4656=EDGE_CURVE('',#3631,#3274,#2165,.T.);
#4657=EDGE_CURVE('',#3631,#3630,#2166,.T.);
#4658=EDGE_CURVE('',#3632,#3633,#2167,.T.);
#4659=EDGE_CURVE('',#3613,#3632,#429,.T.);
#4660=EDGE_CURVE('',#3633,#3612,#430,.T.);
#4661=EDGE_CURVE('',#3634,#3273,#2168,.T.);
#4662=EDGE_CURVE('',#3634,#3631,#431,.T.);
#4663=EDGE_CURVE('',#3272,#3635,#2169,.T.);
#4664=EDGE_CURVE('',#3634,#3635,#2170,.T.);
#4665=EDGE_CURVE('',#3636,#3633,#2171,.T.);
#4666=EDGE_CURVE('',#3636,#3637,#2172,.T.);
#4667=EDGE_CURVE('',#3632,#3637,#2173,.T.);
#4668=EDGE_CURVE('',#3638,#3608,#2174,.T.);
#4669=EDGE_CURVE('',#3619,#3638,#2175,.T.);
#4670=EDGE_CURVE('',#3628,#3636,#2176,.T.);
#4671=EDGE_CURVE('',#3639,#3610,#2177,.T.);
#4672=EDGE_CURVE('',#3629,#3639,#2178,.T.);
#4673=EDGE_CURVE('',#3635,#3626,#2179,.T.);
#4674=EDGE_CURVE('',#3637,#3627,#2180,.T.);
#4675=EDGE_CURVE('',#3640,#3267,#2181,.T.);
#4676=EDGE_CURVE('',#3641,#3640,#2182,.T.);
#4677=EDGE_CURVE('',#3641,#3608,#2183,.T.);
#4678=EDGE_CURVE('',#3642,#3616,#2184,.T.);
#4679=EDGE_CURVE('',#3643,#3642,#2185,.T.);
#4680=EDGE_CURVE('',#3643,#3644,#2186,.T.);
#4681=EDGE_CURVE('',#3645,#3644,#432,.T.);
#4682=EDGE_CURVE('',#3646,#3645,#2187,.T.);
#4683=EDGE_CURVE('',#3647,#3646,#2188,.T.);
#4684=EDGE_CURVE('',#3647,#3648,#2189,.T.);
#4685=EDGE_CURVE('',#3649,#3648,#433,.T.);
#4686=EDGE_CURVE('',#3650,#3649,#2190,.T.);
#4687=EDGE_CURVE('',#3651,#3650,#2191,.T.);
#4688=EDGE_CURVE('',#3615,#3651,#2192,.T.);
#4689=EDGE_CURVE('',#3639,#3652,#2193,.T.);
#4690=EDGE_CURVE('',#3652,#3653,#2194,.T.);
#4691=EDGE_CURVE('',#3629,#3653,#2195,.T.);
#4692=EDGE_CURVE('',#3654,#3615,#2196,.T.);
#4693=EDGE_CURVE('',#3654,#3652,#2197,.T.);
#4694=EDGE_CURVE('',#3655,#3596,#2198,.T.);
#4695=EDGE_CURVE('',#3577,#3655,#2199,.T.);
#4696=EDGE_CURVE('',#3656,#3657,#2200,.T.);
#4697=EDGE_CURVE('',#3655,#3656,#434,.T.);
#4698=EDGE_CURVE('',#3657,#3596,#435,.T.);
#4699=EDGE_CURVE('',#3658,#3659,#2201,.T.);
#4700=EDGE_CURVE('',#3658,#3595,#436,.T.);
#4701=EDGE_CURVE('',#3659,#3597,#437,.T.);
#4702=EDGE_CURVE('',#3657,#3658,#2202,.T.);
#4703=EDGE_CURVE('',#3660,#3638,#2203,.T.);
#4704=EDGE_CURVE('',#3661,#3660,#2204,.T.);
#4705=EDGE_CURVE('',#3616,#3661,#2205,.T.);
#4706=EDGE_CURVE('',#3660,#3641,#2206,.T.);
#4707=EDGE_CURVE('',#3662,#3663,#2207,.T.);
#4708=EDGE_CURVE('',#3661,#3662,#438,.T.);
#4709=EDGE_CURVE('',#3663,#3660,#439,.T.);
#4710=EDGE_CURVE('',#3664,#3665,#2208,.T.);
#4711=EDGE_CURVE('',#3664,#3641,#440,.T.);
#4712=EDGE_CURVE('',#3665,#3640,#441,.T.);
#4713=EDGE_CURVE('',#3663,#3664,#2209,.T.);
#4714=EDGE_CURVE('',#3663,#3658,#2210,.T.);
#4715=EDGE_CURVE('',#3662,#3659,#2211,.T.);
#4716=EDGE_CURVE('',#3656,#3665,#2212,.T.);
#4717=EDGE_CURVE('',#3657,#3664,#2213,.T.);
#4718=EDGE_CURVE('',#3666,#3607,#2214,.T.);
#4719=EDGE_CURVE('',#3666,#3597,#2215,.T.);
#4720=EDGE_CURVE('',#3655,#3259,#2216,.T.);
#4721=EDGE_CURVE('',#3577,#3258,#2217,.T.);
#4722=EDGE_CURVE('',#3667,#3666,#442,.T.);
#4723=EDGE_CURVE('',#3667,#3659,#2218,.T.);
#4724=EDGE_CURVE('',#3656,#3260,#2219,.T.);
#4725=EDGE_CURVE('',#3668,#3667,#2220,.T.);
#4726=EDGE_CURVE('',#3668,#3662,#2221,.T.);
#4727=EDGE_CURVE('',#3665,#3261,#2222,.T.);
#4728=EDGE_CURVE('',#3669,#3668,#443,.T.);
#4729=EDGE_CURVE('',#3669,#3661,#2223,.T.);
#4730=EDGE_CURVE('',#3640,#3262,#2224,.T.);
#4731=EDGE_CURVE('',#3642,#3669,#2225,.T.);
#4732=EDGE_CURVE('',#3653,#3670,#2226,.T.);
#4733=EDGE_CURVE('',#3276,#3670,#2227,.T.);
#4734=EDGE_CURVE('',#3671,#3584,#2228,.T.);
#4735=EDGE_CURVE('',#3672,#3671,#2229,.T.);
#4736=EDGE_CURVE('',#3672,#3569,#2230,.T.);
#4737=EDGE_CURVE('',#3673,#3672,#2231,.T.);
#4738=EDGE_CURVE('',#3673,#3570,#2232,.T.);
#4739=EDGE_CURVE('',#3674,#3654,#444,.T.);
#4740=EDGE_CURVE('',#3674,#3675,#2233,.T.);
#4741=EDGE_CURVE('',#3652,#3675,#445,.T.);
#4742=EDGE_CURVE('',#3653,#3676,#446,.T.);
#4743=EDGE_CURVE('',#3676,#3677,#2234,.T.);
#4744=EDGE_CURVE('',#3670,#3677,#447,.T.);
#4745=EDGE_CURVE('',#3675,#3676,#2235,.T.);
#4746=EDGE_CURVE('',#3678,#3673,#2236,.T.);
#4747=EDGE_CURVE('',#3586,#3678,#2237,.T.);
#4748=EDGE_CURVE('',#3679,#3680,#2238,.T.);
#4749=EDGE_CURVE('',#3678,#3679,#448,.T.);
#4750=EDGE_CURVE('',#3680,#3673,#449,.T.);
#4751=EDGE_CURVE('',#3681,#3682,#2239,.T.);
#4752=EDGE_CURVE('',#3681,#3672,#450,.T.);
#4753=EDGE_CURVE('',#3682,#3671,#451,.T.);
#4754=EDGE_CURVE('',#3680,#3681,#2240,.T.);
#4755=EDGE_CURVE('',#3675,#3680,#2241,.T.);
#4756=EDGE_CURVE('',#3679,#3674,#2242,.T.);
#4757=EDGE_CURVE('',#3677,#3682,#2243,.T.);
#4758=EDGE_CURVE('',#3676,#3681,#2244,.T.);
#4759=EDGE_CURVE('',#3683,#3651,#2245,.T.);
#4760=EDGE_CURVE('',#3654,#3683,#2246,.T.);
#4761=EDGE_CURVE('',#3250,#3670,#2247,.T.);
#4762=EDGE_CURVE('',#3684,#3683,#452,.T.);
#4763=EDGE_CURVE('',#3674,#3684,#2248,.T.);
#4764=EDGE_CURVE('',#3251,#3677,#2249,.T.);
#4765=EDGE_CURVE('',#3685,#3684,#2250,.T.);
#4766=EDGE_CURVE('',#3679,#3685,#2251,.T.);
#4767=EDGE_CURVE('',#3252,#3682,#2252,.T.);
#4768=EDGE_CURVE('',#3686,#3685,#453,.T.);
#4769=EDGE_CURVE('',#3678,#3686,#2253,.T.);
#4770=EDGE_CURVE('',#3253,#3671,#2254,.T.);
#4771=EDGE_CURVE('',#3598,#3686,#2255,.T.);
#4772=EDGE_CURVE('',#3254,#3584,#2256,.T.);
#4773=EDGE_CURVE('',#3687,#3687,#454,.F.);
#4774=EDGE_CURVE('',#3688,#3688,#455,.F.);
#4775=EDGE_CURVE('',#3689,#3690,#2257,.T.);
#4776=EDGE_CURVE('',#3644,#3689,#2258,.T.);
#4777=EDGE_CURVE('',#3690,#3643,#2259,.T.);
#4778=EDGE_CURVE('',#3691,#3689,#649,.T.);
#4779=EDGE_CURVE('',#3645,#3691,#2260,.T.);
#4780=EDGE_CURVE('',#3692,#3691,#456,.T.);
#4781=EDGE_CURVE('',#3646,#3692,#2261,.T.);
#4782=EDGE_CURVE('',#3112,#3277,#2262,.T.);
#4783=EDGE_CURVE('',#3693,#3692,#2263,.T.);
#4784=EDGE_CURVE('',#3693,#3647,#2264,.T.);
#4785=EDGE_CURVE('',#3602,#3362,#2265,.T.);
#4786=EDGE_CURVE('',#3601,#3363,#2266,.T.);
#4787=EDGE_CURVE('',#3108,#3688,#2267,.T.);
#4788=EDGE_CURVE('',#3600,#3364,#2268,.T.);
#4789=EDGE_CURVE('',#3365,#3599,#2269,.T.);
#4790=EDGE_CURVE('',#3361,#3603,#2270,.T.);
#4791=EDGE_CURVE('',#3650,#3694,#2271,.T.);
#4792=EDGE_CURVE('',#3309,#3694,#457,.T.);
#4793=EDGE_CURVE('',#3694,#3695,#2272,.T.);
#4794=EDGE_CURVE('',#3649,#3695,#2273,.T.);
#4795=EDGE_CURVE('',#3110,#3278,#2274,.T.);
#4796=EDGE_CURVE('',#3696,#3693,#458,.T.);
#4797=EDGE_CURVE('',#3648,#3696,#2275,.T.);
#4798=EDGE_CURVE('',#3695,#3696,#650,.T.);
#4799=EDGE_CURVE('',#3690,#3310,#459,.T.);
#4800=EDGE_CURVE('',#3604,#3360,#2276,.T.);
#4801=EDGE_CURVE('',#3605,#3359,#2277,.T.);
#4802=EDGE_CURVE('',#3606,#3358,#2278,.T.);
#4803=EDGE_CURVE('',#3106,#3687,#2279,.T.);
#4804=ORIENTED_EDGE('',*,*,#3697,.T.);
#4805=ORIENTED_EDGE('',*,*,#3698,.T.);
#4806=ORIENTED_EDGE('',*,*,#3699,.T.);
#4807=ORIENTED_EDGE('',*,*,#3700,.T.);
#4808=ORIENTED_EDGE('',*,*,#3701,.T.);
#4809=ORIENTED_EDGE('',*,*,#3702,.T.);
#4810=ORIENTED_EDGE('',*,*,#3703,.F.);
#4811=ORIENTED_EDGE('',*,*,#3704,.T.);
#4812=ORIENTED_EDGE('',*,*,#3697,.F.);
#4813=ORIENTED_EDGE('',*,*,#3705,.F.);
#4814=ORIENTED_EDGE('',*,*,#3706,.F.);
#4815=ORIENTED_EDGE('',*,*,#3707,.T.);
#4816=ORIENTED_EDGE('',*,*,#3698,.F.);
#4817=ORIENTED_EDGE('',*,*,#3704,.F.);
#4818=ORIENTED_EDGE('',*,*,#3708,.F.);
#4819=ORIENTED_EDGE('',*,*,#3709,.T.);
#4820=ORIENTED_EDGE('',*,*,#3699,.F.);
#4821=ORIENTED_EDGE('',*,*,#3707,.F.);
#4822=ORIENTED_EDGE('',*,*,#3710,.F.);
#4823=ORIENTED_EDGE('',*,*,#3705,.T.);
#4824=ORIENTED_EDGE('',*,*,#3702,.F.);
#4825=ORIENTED_EDGE('',*,*,#3711,.F.);
#4826=ORIENTED_EDGE('',*,*,#3712,.F.);
#4827=ORIENTED_EDGE('',*,*,#3711,.T.);
#4828=ORIENTED_EDGE('',*,*,#3701,.F.);
#4829=ORIENTED_EDGE('',*,*,#3713,.F.);
#4830=ORIENTED_EDGE('',*,*,#3714,.F.);
#4831=ORIENTED_EDGE('',*,*,#3713,.T.);
#4832=ORIENTED_EDGE('',*,*,#3700,.F.);
#4833=ORIENTED_EDGE('',*,*,#3709,.F.);
#4834=ORIENTED_EDGE('',*,*,#3710,.T.);
#4835=ORIENTED_EDGE('',*,*,#3712,.T.);
#4836=ORIENTED_EDGE('',*,*,#3714,.T.);
#4837=ORIENTED_EDGE('',*,*,#3708,.T.);
#4838=ORIENTED_EDGE('',*,*,#3706,.T.);
#4839=ORIENTED_EDGE('',*,*,#3703,.T.);
#4840=ORIENTED_EDGE('',*,*,#3715,.T.);
#4841=ORIENTED_EDGE('',*,*,#3716,.T.);
#4842=ORIENTED_EDGE('',*,*,#3717,.T.);
#4843=ORIENTED_EDGE('',*,*,#3718,.F.);
#4844=ORIENTED_EDGE('',*,*,#3719,.T.);
#4845=ORIENTED_EDGE('',*,*,#3715,.F.);
#4846=ORIENTED_EDGE('',*,*,#3720,.F.);
#4847=ORIENTED_EDGE('',*,*,#3721,.F.);
#4848=ORIENTED_EDGE('',*,*,#3720,.T.);
#4849=ORIENTED_EDGE('',*,*,#3717,.F.);
#4850=ORIENTED_EDGE('',*,*,#3722,.F.);
#4851=ORIENTED_EDGE('',*,*,#3723,.F.);
#4852=ORIENTED_EDGE('',*,*,#3722,.T.);
#4853=ORIENTED_EDGE('',*,*,#3716,.F.);
#4854=ORIENTED_EDGE('',*,*,#3719,.F.);
#4855=ORIENTED_EDGE('',*,*,#3721,.T.);
#4856=ORIENTED_EDGE('',*,*,#3723,.T.);
#4857=ORIENTED_EDGE('',*,*,#3718,.T.);
#4858=ORIENTED_EDGE('',*,*,#3724,.T.);
#4859=ORIENTED_EDGE('',*,*,#3725,.T.);
#4860=ORIENTED_EDGE('',*,*,#3726,.T.);
#4861=ORIENTED_EDGE('',*,*,#3725,.F.);
#4862=ORIENTED_EDGE('',*,*,#3727,.T.);
#4863=ORIENTED_EDGE('',*,*,#3728,.F.);
#4864=ORIENTED_EDGE('',*,*,#3729,.F.);
#4865=ORIENTED_EDGE('',*,*,#3724,.F.);
#4866=ORIENTED_EDGE('',*,*,#3730,.T.);
#4867=ORIENTED_EDGE('',*,*,#3731,.F.);
#4868=ORIENTED_EDGE('',*,*,#3727,.F.);
#4869=ORIENTED_EDGE('',*,*,#3726,.F.);
#4870=ORIENTED_EDGE('',*,*,#3729,.T.);
#4871=ORIENTED_EDGE('',*,*,#3732,.F.);
#4872=ORIENTED_EDGE('',*,*,#3730,.F.);
#4873=ORIENTED_EDGE('',*,*,#3732,.T.);
#4874=ORIENTED_EDGE('',*,*,#3728,.T.);
#4875=ORIENTED_EDGE('',*,*,#3731,.T.);
#4876=ORIENTED_EDGE('',*,*,#3733,.T.);
#4877=ORIENTED_EDGE('',*,*,#3734,.T.);
#4878=ORIENTED_EDGE('',*,*,#3735,.T.);
#4879=ORIENTED_EDGE('',*,*,#3736,.T.);
#4880=ORIENTED_EDGE('',*,*,#3737,.T.);
#4881=ORIENTED_EDGE('',*,*,#3738,.T.);
#4882=ORIENTED_EDGE('',*,*,#3739,.F.);
#4883=ORIENTED_EDGE('',*,*,#3740,.T.);
#4884=ORIENTED_EDGE('',*,*,#3733,.F.);
#4885=ORIENTED_EDGE('',*,*,#3741,.F.);
#4886=ORIENTED_EDGE('',*,*,#3742,.F.);
#4887=ORIENTED_EDGE('',*,*,#3743,.T.);
#4888=ORIENTED_EDGE('',*,*,#3734,.F.);
#4889=ORIENTED_EDGE('',*,*,#3740,.F.);
#4890=ORIENTED_EDGE('',*,*,#3744,.F.);
#4891=ORIENTED_EDGE('',*,*,#3745,.T.);
#4892=ORIENTED_EDGE('',*,*,#3735,.F.);
#4893=ORIENTED_EDGE('',*,*,#3743,.F.);
#4894=ORIENTED_EDGE('',*,*,#3746,.F.);
#4895=ORIENTED_EDGE('',*,*,#3741,.T.);
#4896=ORIENTED_EDGE('',*,*,#3738,.F.);
#4897=ORIENTED_EDGE('',*,*,#3747,.F.);
#4898=ORIENTED_EDGE('',*,*,#3748,.F.);
#4899=ORIENTED_EDGE('',*,*,#3747,.T.);
#4900=ORIENTED_EDGE('',*,*,#3737,.F.);
#4901=ORIENTED_EDGE('',*,*,#3749,.F.);
#4902=ORIENTED_EDGE('',*,*,#3750,.F.);
#4903=ORIENTED_EDGE('',*,*,#3749,.T.);
#4904=ORIENTED_EDGE('',*,*,#3736,.F.);
#4905=ORIENTED_EDGE('',*,*,#3745,.F.);
#4906=ORIENTED_EDGE('',*,*,#3746,.T.);
#4907=ORIENTED_EDGE('',*,*,#3748,.T.);
#4908=ORIENTED_EDGE('',*,*,#3750,.T.);
#4909=ORIENTED_EDGE('',*,*,#3744,.T.);
#4910=ORIENTED_EDGE('',*,*,#3742,.T.);
#4911=ORIENTED_EDGE('',*,*,#3739,.T.);
#4912=ORIENTED_EDGE('',*,*,#3751,.T.);
#4913=ORIENTED_EDGE('',*,*,#3752,.T.);
#4914=ORIENTED_EDGE('',*,*,#3753,.T.);
#4915=ORIENTED_EDGE('',*,*,#3754,.T.);
#4916=ORIENTED_EDGE('',*,*,#3752,.F.);
#4917=ORIENTED_EDGE('',*,*,#3755,.T.);
#4918=ORIENTED_EDGE('',*,*,#3756,.F.);
#4919=ORIENTED_EDGE('',*,*,#3757,.F.);
#4920=ORIENTED_EDGE('',*,*,#3751,.F.);
#4921=ORIENTED_EDGE('',*,*,#3758,.T.);
#4922=ORIENTED_EDGE('',*,*,#3759,.F.);
#4923=ORIENTED_EDGE('',*,*,#3755,.F.);
#4924=ORIENTED_EDGE('',*,*,#3753,.F.);
#4925=ORIENTED_EDGE('',*,*,#3757,.T.);
#4926=ORIENTED_EDGE('',*,*,#3760,.F.);
#4927=ORIENTED_EDGE('',*,*,#3761,.F.);
#4928=ORIENTED_EDGE('',*,*,#3754,.F.);
#4929=ORIENTED_EDGE('',*,*,#3761,.T.);
#4930=ORIENTED_EDGE('',*,*,#3762,.F.);
#4931=ORIENTED_EDGE('',*,*,#3758,.F.);
#4932=ORIENTED_EDGE('',*,*,#3762,.T.);
#4933=ORIENTED_EDGE('',*,*,#3760,.T.);
#4934=ORIENTED_EDGE('',*,*,#3756,.T.);
#4935=ORIENTED_EDGE('',*,*,#3759,.T.);
#4936=ORIENTED_EDGE('',*,*,#3763,.T.);
#4937=ORIENTED_EDGE('',*,*,#3764,.T.);
#4938=ORIENTED_EDGE('',*,*,#3765,.T.);
#4939=ORIENTED_EDGE('',*,*,#3766,.T.);
#4940=ORIENTED_EDGE('',*,*,#3767,.T.);
#4941=ORIENTED_EDGE('',*,*,#3768,.T.);
#4942=ORIENTED_EDGE('',*,*,#3765,.F.);
#4943=ORIENTED_EDGE('',*,*,#3769,.T.);
#4944=ORIENTED_EDGE('',*,*,#3770,.F.);
#4945=ORIENTED_EDGE('',*,*,#3771,.F.);
#4946=ORIENTED_EDGE('',*,*,#3764,.F.);
#4947=ORIENTED_EDGE('',*,*,#3772,.T.);
#4948=ORIENTED_EDGE('',*,*,#3773,.F.);
#4949=ORIENTED_EDGE('',*,*,#3769,.F.);
#4950=ORIENTED_EDGE('',*,*,#3763,.F.);
#4951=ORIENTED_EDGE('',*,*,#3774,.T.);
#4952=ORIENTED_EDGE('',*,*,#3775,.F.);
#4953=ORIENTED_EDGE('',*,*,#3772,.F.);
#4954=ORIENTED_EDGE('',*,*,#3766,.F.);
#4955=ORIENTED_EDGE('',*,*,#3771,.T.);
#4956=ORIENTED_EDGE('',*,*,#3776,.F.);
#4957=ORIENTED_EDGE('',*,*,#3777,.F.);
#4958=ORIENTED_EDGE('',*,*,#3767,.F.);
#4959=ORIENTED_EDGE('',*,*,#3777,.T.);
#4960=ORIENTED_EDGE('',*,*,#3778,.F.);
#4961=ORIENTED_EDGE('',*,*,#3779,.F.);
#4962=ORIENTED_EDGE('',*,*,#3768,.F.);
#4963=ORIENTED_EDGE('',*,*,#3779,.T.);
#4964=ORIENTED_EDGE('',*,*,#3780,.F.);
#4965=ORIENTED_EDGE('',*,*,#3774,.F.);
#4966=ORIENTED_EDGE('',*,*,#3780,.T.);
#4967=ORIENTED_EDGE('',*,*,#3778,.T.);
#4968=ORIENTED_EDGE('',*,*,#3776,.T.);
#4969=ORIENTED_EDGE('',*,*,#3770,.T.);
#4970=ORIENTED_EDGE('',*,*,#3773,.T.);
#4971=ORIENTED_EDGE('',*,*,#3775,.T.);
#4972=ORIENTED_EDGE('',*,*,#3781,.T.);
#4973=ORIENTED_EDGE('',*,*,#3782,.T.);
#4974=ORIENTED_EDGE('',*,*,#3783,.T.);
#4975=ORIENTED_EDGE('',*,*,#3784,.T.);
#4976=ORIENTED_EDGE('',*,*,#3785,.T.);
#4977=ORIENTED_EDGE('',*,*,#3786,.T.);
#4978=ORIENTED_EDGE('',*,*,#3787,.T.);
#4979=ORIENTED_EDGE('',*,*,#3788,.T.);
#4980=ORIENTED_EDGE('',*,*,#3789,.T.);
#4981=ORIENTED_EDGE('',*,*,#3790,.T.);
#4982=ORIENTED_EDGE('',*,*,#3791,.T.);
#4983=ORIENTED_EDGE('',*,*,#3792,.F.);
#4984=ORIENTED_EDGE('',*,*,#3793,.T.);
#4985=ORIENTED_EDGE('',*,*,#3781,.F.);
#4986=ORIENTED_EDGE('',*,*,#3794,.F.);
#4987=ORIENTED_EDGE('',*,*,#3795,.F.);
#4988=ORIENTED_EDGE('',*,*,#3796,.T.);
#4989=ORIENTED_EDGE('',*,*,#3782,.F.);
#4990=ORIENTED_EDGE('',*,*,#3793,.F.);
#4991=ORIENTED_EDGE('',*,*,#3797,.F.);
#4992=ORIENTED_EDGE('',*,*,#3798,.T.);
#4993=ORIENTED_EDGE('',*,*,#3783,.F.);
#4994=ORIENTED_EDGE('',*,*,#3796,.F.);
#4995=ORIENTED_EDGE('',*,*,#3799,.F.);
#4996=ORIENTED_EDGE('',*,*,#3800,.T.);
#4997=ORIENTED_EDGE('',*,*,#3788,.F.);
#4998=ORIENTED_EDGE('',*,*,#3801,.F.);
#4999=ORIENTED_EDGE('',*,*,#3802,.F.);
#5000=ORIENTED_EDGE('',*,*,#3803,.T.);
#5001=ORIENTED_EDGE('',*,*,#3789,.F.);
#5002=ORIENTED_EDGE('',*,*,#3800,.F.);
#5003=ORIENTED_EDGE('',*,*,#3804,.F.);
#5004=ORIENTED_EDGE('',*,*,#3794,.T.);
#5005=ORIENTED_EDGE('',*,*,#3787,.F.);
#5006=ORIENTED_EDGE('',*,*,#3805,.F.);
#5007=ORIENTED_EDGE('',*,*,#3806,.F.);
#5008=ORIENTED_EDGE('',*,*,#3805,.T.);
#5009=ORIENTED_EDGE('',*,*,#3786,.F.);
#5010=ORIENTED_EDGE('',*,*,#3807,.F.);
#5011=ORIENTED_EDGE('',*,*,#3808,.F.);
#5012=ORIENTED_EDGE('',*,*,#3807,.T.);
#5013=ORIENTED_EDGE('',*,*,#3785,.F.);
#5014=ORIENTED_EDGE('',*,*,#3809,.F.);
#5015=ORIENTED_EDGE('',*,*,#3810,.F.);
#5016=ORIENTED_EDGE('',*,*,#3809,.T.);
#5017=ORIENTED_EDGE('',*,*,#3784,.F.);
#5018=ORIENTED_EDGE('',*,*,#3798,.F.);
#5019=ORIENTED_EDGE('',*,*,#3811,.F.);
#5020=ORIENTED_EDGE('',*,*,#3801,.T.);
#5021=ORIENTED_EDGE('',*,*,#3791,.F.);
#5022=ORIENTED_EDGE('',*,*,#3812,.F.);
#5023=ORIENTED_EDGE('',*,*,#3813,.F.);
#5024=ORIENTED_EDGE('',*,*,#3812,.T.);
#5025=ORIENTED_EDGE('',*,*,#3790,.F.);
#5026=ORIENTED_EDGE('',*,*,#3803,.F.);
#5027=ORIENTED_EDGE('',*,*,#3804,.T.);
#5028=ORIENTED_EDGE('',*,*,#3806,.T.);
#5029=ORIENTED_EDGE('',*,*,#3808,.T.);
#5030=ORIENTED_EDGE('',*,*,#3810,.T.);
#5031=ORIENTED_EDGE('',*,*,#3797,.T.);
#5032=ORIENTED_EDGE('',*,*,#3795,.T.);
#5033=ORIENTED_EDGE('',*,*,#3792,.T.);
#5034=ORIENTED_EDGE('',*,*,#3811,.T.);
#5035=ORIENTED_EDGE('',*,*,#3813,.T.);
#5036=ORIENTED_EDGE('',*,*,#3802,.T.);
#5037=ORIENTED_EDGE('',*,*,#3799,.T.);
#5038=ORIENTED_EDGE('',*,*,#3814,.T.);
#5039=ORIENTED_EDGE('',*,*,#3815,.T.);
#5040=ORIENTED_EDGE('',*,*,#3816,.T.);
#5041=ORIENTED_EDGE('',*,*,#3817,.T.);
#5042=ORIENTED_EDGE('',*,*,#3818,.T.);
#5043=ORIENTED_EDGE('',*,*,#3819,.T.);
#5044=ORIENTED_EDGE('',*,*,#3820,.T.);
#5045=ORIENTED_EDGE('',*,*,#3821,.T.);
#5046=ORIENTED_EDGE('',*,*,#3822,.T.);
#5047=ORIENTED_EDGE('',*,*,#3820,.F.);
#5048=ORIENTED_EDGE('',*,*,#3823,.T.);
#5049=ORIENTED_EDGE('',*,*,#3824,.F.);
#5050=ORIENTED_EDGE('',*,*,#3825,.F.);
#5051=ORIENTED_EDGE('',*,*,#3819,.F.);
#5052=ORIENTED_EDGE('',*,*,#3826,.T.);
#5053=ORIENTED_EDGE('',*,*,#3827,.F.);
#5054=ORIENTED_EDGE('',*,*,#3823,.F.);
#5055=ORIENTED_EDGE('',*,*,#3816,.F.);
#5056=ORIENTED_EDGE('',*,*,#3828,.T.);
#5057=ORIENTED_EDGE('',*,*,#3829,.F.);
#5058=ORIENTED_EDGE('',*,*,#3830,.F.);
#5059=ORIENTED_EDGE('',*,*,#3815,.F.);
#5060=ORIENTED_EDGE('',*,*,#3831,.T.);
#5061=ORIENTED_EDGE('',*,*,#3832,.F.);
#5062=ORIENTED_EDGE('',*,*,#3828,.F.);
#5063=ORIENTED_EDGE('',*,*,#3814,.F.);
#5064=ORIENTED_EDGE('',*,*,#3833,.T.);
#5065=ORIENTED_EDGE('',*,*,#3834,.F.);
#5066=ORIENTED_EDGE('',*,*,#3831,.F.);
#5067=ORIENTED_EDGE('',*,*,#3821,.F.);
#5068=ORIENTED_EDGE('',*,*,#3825,.T.);
#5069=ORIENTED_EDGE('',*,*,#3835,.F.);
#5070=ORIENTED_EDGE('',*,*,#3836,.F.);
#5071=ORIENTED_EDGE('',*,*,#3822,.F.);
#5072=ORIENTED_EDGE('',*,*,#3836,.T.);
#5073=ORIENTED_EDGE('',*,*,#3837,.F.);
#5074=ORIENTED_EDGE('',*,*,#3826,.F.);
#5075=ORIENTED_EDGE('',*,*,#3817,.F.);
#5076=ORIENTED_EDGE('',*,*,#3830,.T.);
#5077=ORIENTED_EDGE('',*,*,#3838,.F.);
#5078=ORIENTED_EDGE('',*,*,#3839,.F.);
#5079=ORIENTED_EDGE('',*,*,#3818,.F.);
#5080=ORIENTED_EDGE('',*,*,#3839,.T.);
#5081=ORIENTED_EDGE('',*,*,#3840,.F.);
#5082=ORIENTED_EDGE('',*,*,#3833,.F.);
#5083=ORIENTED_EDGE('',*,*,#3840,.T.);
#5084=ORIENTED_EDGE('',*,*,#3838,.T.);
#5085=ORIENTED_EDGE('',*,*,#3829,.T.);
#5086=ORIENTED_EDGE('',*,*,#3832,.T.);
#5087=ORIENTED_EDGE('',*,*,#3834,.T.);
#5088=ORIENTED_EDGE('',*,*,#3837,.T.);
#5089=ORIENTED_EDGE('',*,*,#3835,.T.);
#5090=ORIENTED_EDGE('',*,*,#3824,.T.);
#5091=ORIENTED_EDGE('',*,*,#3827,.T.);
#5092=ORIENTED_EDGE('',*,*,#3841,.T.);
#5093=ORIENTED_EDGE('',*,*,#3842,.T.);
#5094=ORIENTED_EDGE('',*,*,#3843,.T.);
#5095=ORIENTED_EDGE('',*,*,#3844,.T.);
#5096=ORIENTED_EDGE('',*,*,#3845,.F.);
#5097=ORIENTED_EDGE('',*,*,#3846,.T.);
#5098=ORIENTED_EDGE('',*,*,#3841,.F.);
#5099=ORIENTED_EDGE('',*,*,#3847,.F.);
#5100=ORIENTED_EDGE('',*,*,#3848,.F.);
#5101=ORIENTED_EDGE('',*,*,#3849,.T.);
#5102=ORIENTED_EDGE('',*,*,#3842,.F.);
#5103=ORIENTED_EDGE('',*,*,#3846,.F.);
#5104=ORIENTED_EDGE('',*,*,#3850,.F.);
#5105=ORIENTED_EDGE('',*,*,#3847,.T.);
#5106=ORIENTED_EDGE('',*,*,#3844,.F.);
#5107=ORIENTED_EDGE('',*,*,#3851,.F.);
#5108=ORIENTED_EDGE('',*,*,#3852,.F.);
#5109=ORIENTED_EDGE('',*,*,#3851,.T.);
#5110=ORIENTED_EDGE('',*,*,#3843,.F.);
#5111=ORIENTED_EDGE('',*,*,#3849,.F.);
#5112=ORIENTED_EDGE('',*,*,#3850,.T.);
#5113=ORIENTED_EDGE('',*,*,#3852,.T.);
#5114=ORIENTED_EDGE('',*,*,#3848,.T.);
#5115=ORIENTED_EDGE('',*,*,#3845,.T.);
#5116=ORIENTED_EDGE('',*,*,#3853,.T.);
#5117=ORIENTED_EDGE('',*,*,#3854,.T.);
#5118=ORIENTED_EDGE('',*,*,#3855,.F.);
#5119=ORIENTED_EDGE('',*,*,#3856,.F.);
#5120=ORIENTED_EDGE('',*,*,#3857,.T.);
#5121=ORIENTED_EDGE('',*,*,#3856,.T.);
#5122=ORIENTED_EDGE('',*,*,#3858,.F.);
#5123=ORIENTED_EDGE('',*,*,#3859,.F.);
#5124=ORIENTED_EDGE('',*,*,#3860,.T.);
#5125=ORIENTED_EDGE('',*,*,#3859,.T.);
#5126=ORIENTED_EDGE('',*,*,#3861,.F.);
#5127=ORIENTED_EDGE('',*,*,#3862,.F.);
#5128=ORIENTED_EDGE('',*,*,#3863,.T.);
#5129=ORIENTED_EDGE('',*,*,#3862,.T.);
#5130=ORIENTED_EDGE('',*,*,#3864,.F.);
#5131=ORIENTED_EDGE('',*,*,#3854,.F.);
#5132=ORIENTED_EDGE('',*,*,#3864,.T.);
#5133=ORIENTED_EDGE('',*,*,#3861,.T.);
#5134=ORIENTED_EDGE('',*,*,#3858,.T.);
#5135=ORIENTED_EDGE('',*,*,#3855,.T.);
#5136=ORIENTED_EDGE('',*,*,#3863,.F.);
#5137=ORIENTED_EDGE('',*,*,#3853,.F.);
#5138=ORIENTED_EDGE('',*,*,#3857,.F.);
#5139=ORIENTED_EDGE('',*,*,#3860,.F.);
#5140=ORIENTED_EDGE('',*,*,#3865,.F.);
#5141=ORIENTED_EDGE('',*,*,#3866,.F.);
#5142=ORIENTED_EDGE('',*,*,#3867,.F.);
#5143=ORIENTED_EDGE('',*,*,#3868,.F.);
#5144=ORIENTED_EDGE('',*,*,#3869,.F.);
#5145=ORIENTED_EDGE('',*,*,#3870,.F.);
#5146=ORIENTED_EDGE('',*,*,#3871,.F.);
#5147=ORIENTED_EDGE('',*,*,#3872,.F.);
#5148=ORIENTED_EDGE('',*,*,#3873,.F.);
#5149=ORIENTED_EDGE('',*,*,#3874,.T.);
#5150=ORIENTED_EDGE('',*,*,#3875,.F.);
#5151=ORIENTED_EDGE('',*,*,#3874,.F.);
#5152=ORIENTED_EDGE('',*,*,#3876,.F.);
#5153=ORIENTED_EDGE('',*,*,#3877,.T.);
#5154=ORIENTED_EDGE('',*,*,#3878,.F.);
#5155=ORIENTED_EDGE('',*,*,#3877,.F.);
#5156=ORIENTED_EDGE('',*,*,#3879,.T.);
#5157=ORIENTED_EDGE('',*,*,#3880,.T.);
#5158=ORIENTED_EDGE('',*,*,#3881,.T.);
#5159=ORIENTED_EDGE('',*,*,#3882,.T.);
#5160=ORIENTED_EDGE('',*,*,#3883,.T.);
#5161=ORIENTED_EDGE('',*,*,#3884,.T.);
#5162=ORIENTED_EDGE('',*,*,#3880,.F.);
#5163=ORIENTED_EDGE('',*,*,#3885,.T.);
#5164=ORIENTED_EDGE('',*,*,#3886,.T.);
#5165=ORIENTED_EDGE('',*,*,#3887,.T.);
#5166=ORIENTED_EDGE('',*,*,#3888,.T.);
#5167=ORIENTED_EDGE('',*,*,#3889,.T.);
#5168=ORIENTED_EDGE('',*,*,#3890,.T.);
#5169=ORIENTED_EDGE('',*,*,#3886,.F.);
#5170=ORIENTED_EDGE('',*,*,#3891,.T.);
#5171=ORIENTED_EDGE('',*,*,#3892,.T.);
#5172=ORIENTED_EDGE('',*,*,#3889,.F.);
#5173=ORIENTED_EDGE('',*,*,#3893,.T.);
#5174=ORIENTED_EDGE('',*,*,#3894,.T.);
#5175=ORIENTED_EDGE('',*,*,#3895,.T.);
#5176=ORIENTED_EDGE('',*,*,#3896,.T.);
#5177=ORIENTED_EDGE('',*,*,#3891,.F.);
#5178=ORIENTED_EDGE('',*,*,#3897,.T.);
#5179=ORIENTED_EDGE('',*,*,#3898,.T.);
#5180=ORIENTED_EDGE('',*,*,#3899,.T.);
#5181=ORIENTED_EDGE('',*,*,#3895,.F.);
#5182=ORIENTED_EDGE('',*,*,#3900,.T.);
#5183=ORIENTED_EDGE('',*,*,#3901,.T.);
#5184=ORIENTED_EDGE('',*,*,#3902,.T.);
#5185=ORIENTED_EDGE('',*,*,#3898,.F.);
#5186=ORIENTED_EDGE('',*,*,#3903,.T.);
#5187=ORIENTED_EDGE('',*,*,#3904,.T.);
#5188=ORIENTED_EDGE('',*,*,#3901,.F.);
#5189=ORIENTED_EDGE('',*,*,#3905,.T.);
#5190=ORIENTED_EDGE('',*,*,#3883,.F.);
#5191=ORIENTED_EDGE('',*,*,#3896,.F.);
#5192=ORIENTED_EDGE('',*,*,#3906,.T.);
#5193=ORIENTED_EDGE('',*,*,#3907,.T.);
#5194=ORIENTED_EDGE('',*,*,#3908,.T.);
#5195=ORIENTED_EDGE('',*,*,#3909,.T.);
#5196=ORIENTED_EDGE('',*,*,#3899,.F.);
#5197=ORIENTED_EDGE('',*,*,#3910,.T.);
#5198=ORIENTED_EDGE('',*,*,#3911,.T.);
#5199=ORIENTED_EDGE('',*,*,#3906,.F.);
#5200=ORIENTED_EDGE('',*,*,#3902,.F.);
#5201=ORIENTED_EDGE('',*,*,#3912,.F.);
#5202=ORIENTED_EDGE('',*,*,#3913,.F.);
#5203=ORIENTED_EDGE('',*,*,#3914,.T.);
#5204=ORIENTED_EDGE('',*,*,#3910,.F.);
#5205=ORIENTED_EDGE('',*,*,#3904,.F.);
#5206=ORIENTED_EDGE('',*,*,#3882,.F.);
#5207=ORIENTED_EDGE('',*,*,#3915,.F.);
#5208=ORIENTED_EDGE('',*,*,#3912,.T.);
#5209=ORIENTED_EDGE('',*,*,#3879,.F.);
#5210=ORIENTED_EDGE('',*,*,#3905,.F.);
#5211=ORIENTED_EDGE('',*,*,#3903,.F.);
#5212=ORIENTED_EDGE('',*,*,#3900,.F.);
#5213=ORIENTED_EDGE('',*,*,#3897,.F.);
#5214=ORIENTED_EDGE('',*,*,#3894,.F.);
#5215=ORIENTED_EDGE('',*,*,#3916,.T.);
#5216=ORIENTED_EDGE('',*,*,#3867,.T.);
#5217=ORIENTED_EDGE('',*,*,#3916,.F.);
#5218=ORIENTED_EDGE('',*,*,#3893,.F.);
#5219=ORIENTED_EDGE('',*,*,#3888,.F.);
#5220=ORIENTED_EDGE('',*,*,#3885,.F.);
#5221=ORIENTED_EDGE('',*,*,#3917,.T.);
#5222=ORIENTED_EDGE('',*,*,#3918,.T.);
#5223=ORIENTED_EDGE('',*,*,#3919,.T.);
#5224=ORIENTED_EDGE('',*,*,#3920,.F.);
#5225=ORIENTED_EDGE('',*,*,#3921,.T.);
#5226=ORIENTED_EDGE('',*,*,#3922,.T.);
#5227=ORIENTED_EDGE('',*,*,#3918,.F.);
#5228=ORIENTED_EDGE('',*,*,#3923,.T.);
#5229=ORIENTED_EDGE('',*,*,#3924,.T.);
#5230=ORIENTED_EDGE('',*,*,#3925,.T.);
#5231=ORIENTED_EDGE('',*,*,#3921,.F.);
#5232=ORIENTED_EDGE('',*,*,#3926,.T.);
#5233=ORIENTED_EDGE('',*,*,#3927,.T.);
#5234=ORIENTED_EDGE('',*,*,#3928,.T.);
#5235=ORIENTED_EDGE('',*,*,#3924,.F.);
#5236=ORIENTED_EDGE('',*,*,#3929,.T.);
#5237=ORIENTED_EDGE('',*,*,#3930,.T.);
#5238=ORIENTED_EDGE('',*,*,#3931,.T.);
#5239=ORIENTED_EDGE('',*,*,#3927,.F.);
#5240=ORIENTED_EDGE('',*,*,#3932,.T.);
#5241=ORIENTED_EDGE('',*,*,#3933,.T.);
#5242=ORIENTED_EDGE('',*,*,#3930,.F.);
#5243=ORIENTED_EDGE('',*,*,#3934,.T.);
#5244=ORIENTED_EDGE('',*,*,#3935,.T.);
#5245=ORIENTED_EDGE('',*,*,#3936,.T.);
#5246=ORIENTED_EDGE('',*,*,#3937,.T.);
#5247=ORIENTED_EDGE('',*,*,#3938,.T.);
#5248=ORIENTED_EDGE('',*,*,#3939,.T.);
#5249=ORIENTED_EDGE('',*,*,#3940,.T.);
#5250=ORIENTED_EDGE('',*,*,#3935,.F.);
#5251=ORIENTED_EDGE('',*,*,#3941,.T.);
#5252=ORIENTED_EDGE('',*,*,#3938,.F.);
#5253=ORIENTED_EDGE('',*,*,#3942,.T.);
#5254=ORIENTED_EDGE('',*,*,#3920,.T.);
#5255=ORIENTED_EDGE('',*,*,#3943,.T.);
#5256=ORIENTED_EDGE('',*,*,#3928,.F.);
#5257=ORIENTED_EDGE('',*,*,#3944,.T.);
#5258=ORIENTED_EDGE('',*,*,#3945,.T.);
#5259=ORIENTED_EDGE('',*,*,#3946,.T.);
#5260=ORIENTED_EDGE('',*,*,#3947,.T.);
#5261=ORIENTED_EDGE('',*,*,#3931,.F.);
#5262=ORIENTED_EDGE('',*,*,#3948,.T.);
#5263=ORIENTED_EDGE('',*,*,#3949,.F.);
#5264=ORIENTED_EDGE('',*,*,#3950,.F.);
#5265=ORIENTED_EDGE('',*,*,#3951,.F.);
#5266=ORIENTED_EDGE('',*,*,#3944,.F.);
#5267=ORIENTED_EDGE('',*,*,#3933,.F.);
#5268=ORIENTED_EDGE('',*,*,#3940,.F.);
#5269=ORIENTED_EDGE('',*,*,#3952,.T.);
#5270=ORIENTED_EDGE('',*,*,#3953,.F.);
#5271=ORIENTED_EDGE('',*,*,#3954,.F.);
#5272=ORIENTED_EDGE('',*,*,#3948,.F.);
#5273=ORIENTED_EDGE('',*,*,#3884,.F.);
#5274=ORIENTED_EDGE('',*,*,#3955,.T.);
#5275=ORIENTED_EDGE('',*,*,#3956,.F.);
#5276=ORIENTED_EDGE('',*,*,#3957,.F.);
#5277=ORIENTED_EDGE('',*,*,#3958,.F.);
#5278=ORIENTED_EDGE('',*,*,#3952,.F.);
#5279=ORIENTED_EDGE('',*,*,#3939,.F.);
#5280=ORIENTED_EDGE('',*,*,#3959,.F.);
#5281=ORIENTED_EDGE('',*,*,#3960,.F.);
#5282=ORIENTED_EDGE('',*,*,#3961,.F.);
#5283=ORIENTED_EDGE('',*,*,#3962,.F.);
#5284=ORIENTED_EDGE('',*,*,#3963,.F.);
#5285=ORIENTED_EDGE('',*,*,#3964,.F.);
#5286=ORIENTED_EDGE('',*,*,#3965,.F.);
#5287=ORIENTED_EDGE('',*,*,#3966,.F.);
#5288=ORIENTED_EDGE('',*,*,#3967,.F.);
#5289=ORIENTED_EDGE('',*,*,#3968,.F.);
#5290=ORIENTED_EDGE('',*,*,#3969,.F.);
#5291=ORIENTED_EDGE('',*,*,#3970,.F.);
#5292=ORIENTED_EDGE('',*,*,#3971,.F.);
#5293=ORIENTED_EDGE('',*,*,#3972,.F.);
#5294=ORIENTED_EDGE('',*,*,#3973,.F.);
#5295=ORIENTED_EDGE('',*,*,#3974,.F.);
#5296=ORIENTED_EDGE('',*,*,#3975,.F.);
#5297=ORIENTED_EDGE('',*,*,#3976,.F.);
#5298=ORIENTED_EDGE('',*,*,#3977,.F.);
#5299=ORIENTED_EDGE('',*,*,#3978,.F.);
#5300=ORIENTED_EDGE('',*,*,#3979,.F.);
#5301=ORIENTED_EDGE('',*,*,#3980,.F.);
#5302=ORIENTED_EDGE('',*,*,#3981,.F.);
#5303=ORIENTED_EDGE('',*,*,#3982,.F.);
#5304=ORIENTED_EDGE('',*,*,#3983,.F.);
#5305=ORIENTED_EDGE('',*,*,#3984,.F.);
#5306=ORIENTED_EDGE('',*,*,#3985,.F.);
#5307=ORIENTED_EDGE('',*,*,#3986,.T.);
#5308=ORIENTED_EDGE('',*,*,#3987,.T.);
#5309=ORIENTED_EDGE('',*,*,#3988,.T.);
#5310=ORIENTED_EDGE('',*,*,#3989,.T.);
#5311=ORIENTED_EDGE('',*,*,#3917,.F.);
#5312=ORIENTED_EDGE('',*,*,#3942,.F.);
#5313=ORIENTED_EDGE('',*,*,#3937,.F.);
#5314=ORIENTED_EDGE('',*,*,#3990,.T.);
#5315=ORIENTED_EDGE('',*,*,#3869,.T.);
#5316=ORIENTED_EDGE('',*,*,#3990,.F.);
#5317=ORIENTED_EDGE('',*,*,#3936,.F.);
#5318=ORIENTED_EDGE('',*,*,#3934,.F.);
#5319=ORIENTED_EDGE('',*,*,#3932,.F.);
#5320=ORIENTED_EDGE('',*,*,#3929,.F.);
#5321=ORIENTED_EDGE('',*,*,#3926,.F.);
#5322=ORIENTED_EDGE('',*,*,#3923,.F.);
#5323=ORIENTED_EDGE('',*,*,#3991,.T.);
#5324=ORIENTED_EDGE('',*,*,#3992,.T.);
#5325=ORIENTED_EDGE('',*,*,#3993,.T.);
#5326=ORIENTED_EDGE('',*,*,#3994,.T.);
#5327=ORIENTED_EDGE('',*,*,#3995,.T.);
#5328=ORIENTED_EDGE('',*,*,#3996,.T.);
#5329=ORIENTED_EDGE('',*,*,#3997,.T.);
#5330=ORIENTED_EDGE('',*,*,#3954,.T.);
#5331=ORIENTED_EDGE('',*,*,#3998,.F.);
#5332=ORIENTED_EDGE('',*,*,#3999,.T.);
#5333=ORIENTED_EDGE('',*,*,#3949,.T.);
#5334=ORIENTED_EDGE('',*,*,#3997,.F.);
#5335=ORIENTED_EDGE('',*,*,#4000,.T.);
#5336=ORIENTED_EDGE('',*,*,#4001,.T.);
#5337=ORIENTED_EDGE('',*,*,#4002,.T.);
#5338=ORIENTED_EDGE('',*,*,#3999,.F.);
#5339=ORIENTED_EDGE('',*,*,#4003,.T.);
#5340=ORIENTED_EDGE('',*,*,#4004,.T.);
#5341=ORIENTED_EDGE('',*,*,#4005,.T.);
#5342=ORIENTED_EDGE('',*,*,#4001,.F.);
#5343=ORIENTED_EDGE('',*,*,#4006,.T.);
#5344=ORIENTED_EDGE('',*,*,#4007,.T.);
#5345=ORIENTED_EDGE('',*,*,#4008,.T.);
#5346=ORIENTED_EDGE('',*,*,#4004,.F.);
#5347=ORIENTED_EDGE('',*,*,#4009,.T.);
#5348=ORIENTED_EDGE('',*,*,#4010,.T.);
#5349=ORIENTED_EDGE('',*,*,#4007,.F.);
#5350=ORIENTED_EDGE('',*,*,#4011,.T.);
#5351=ORIENTED_EDGE('',*,*,#3995,.F.);
#5352=ORIENTED_EDGE('',*,*,#3958,.T.);
#5353=ORIENTED_EDGE('',*,*,#3992,.F.);
#5354=ORIENTED_EDGE('',*,*,#4012,.T.);
#5355=ORIENTED_EDGE('',*,*,#4013,.T.);
#5356=ORIENTED_EDGE('',*,*,#3998,.T.);
#5357=ORIENTED_EDGE('',*,*,#3953,.T.);
#5358=ORIENTED_EDGE('',*,*,#4010,.F.);
#5359=ORIENTED_EDGE('',*,*,#3994,.F.);
#5360=ORIENTED_EDGE('',*,*,#4014,.F.);
#5361=ORIENTED_EDGE('',*,*,#4015,.T.);
#5362=ORIENTED_EDGE('',*,*,#3993,.F.);
#5363=ORIENTED_EDGE('',*,*,#3957,.T.);
#5364=ORIENTED_EDGE('',*,*,#4016,.F.);
#5365=ORIENTED_EDGE('',*,*,#4017,.T.);
#5366=ORIENTED_EDGE('',*,*,#4018,.T.);
#5367=ORIENTED_EDGE('',*,*,#4019,.T.);
#5368=ORIENTED_EDGE('',*,*,#4020,.T.);
#5369=ORIENTED_EDGE('',*,*,#4014,.T.);
#5370=ORIENTED_EDGE('',*,*,#3996,.F.);
#5371=ORIENTED_EDGE('',*,*,#4013,.F.);
#5372=ORIENTED_EDGE('',*,*,#4021,.T.);
#5373=ORIENTED_EDGE('',*,*,#3871,.T.);
#5374=ORIENTED_EDGE('',*,*,#4021,.F.);
#5375=ORIENTED_EDGE('',*,*,#4012,.F.);
#5376=ORIENTED_EDGE('',*,*,#3991,.F.);
#5377=ORIENTED_EDGE('',*,*,#4011,.F.);
#5378=ORIENTED_EDGE('',*,*,#4009,.F.);
#5379=ORIENTED_EDGE('',*,*,#4006,.F.);
#5380=ORIENTED_EDGE('',*,*,#4003,.F.);
#5381=ORIENTED_EDGE('',*,*,#4000,.F.);
#5382=ORIENTED_EDGE('',*,*,#4022,.T.);
#5383=ORIENTED_EDGE('',*,*,#4023,.T.);
#5384=ORIENTED_EDGE('',*,*,#4024,.T.);
#5385=ORIENTED_EDGE('',*,*,#4025,.F.);
#5386=ORIENTED_EDGE('',*,*,#4026,.T.);
#5387=ORIENTED_EDGE('',*,*,#4027,.T.);
#5388=ORIENTED_EDGE('',*,*,#4023,.F.);
#5389=ORIENTED_EDGE('',*,*,#4028,.T.);
#5390=ORIENTED_EDGE('',*,*,#4029,.T.);
#5391=ORIENTED_EDGE('',*,*,#4030,.T.);
#5392=ORIENTED_EDGE('',*,*,#4026,.F.);
#5393=ORIENTED_EDGE('',*,*,#4031,.T.);
#5394=ORIENTED_EDGE('',*,*,#4032,.T.);
#5395=ORIENTED_EDGE('',*,*,#4033,.T.);
#5396=ORIENTED_EDGE('',*,*,#4029,.F.);
#5397=ORIENTED_EDGE('',*,*,#4034,.T.);
#5398=ORIENTED_EDGE('',*,*,#4035,.T.);
#5399=ORIENTED_EDGE('',*,*,#4036,.T.);
#5400=ORIENTED_EDGE('',*,*,#4032,.F.);
#5401=ORIENTED_EDGE('',*,*,#4037,.T.);
#5402=ORIENTED_EDGE('',*,*,#4038,.T.);
#5403=ORIENTED_EDGE('',*,*,#4039,.T.);
#5404=ORIENTED_EDGE('',*,*,#4035,.F.);
#5405=ORIENTED_EDGE('',*,*,#4040,.T.);
#5406=ORIENTED_EDGE('',*,*,#4041,.T.);
#5407=ORIENTED_EDGE('',*,*,#4042,.T.);
#5408=ORIENTED_EDGE('',*,*,#4043,.T.);
#5409=ORIENTED_EDGE('',*,*,#3956,.T.);
#5410=ORIENTED_EDGE('',*,*,#4044,.T.);
#5411=ORIENTED_EDGE('',*,*,#4041,.F.);
#5412=ORIENTED_EDGE('',*,*,#4016,.T.);
#5413=ORIENTED_EDGE('',*,*,#4043,.F.);
#5414=ORIENTED_EDGE('',*,*,#4045,.T.);
#5415=ORIENTED_EDGE('',*,*,#4025,.T.);
#5416=ORIENTED_EDGE('',*,*,#4046,.T.);
#5417=ORIENTED_EDGE('',*,*,#3890,.F.);
#5418=ORIENTED_EDGE('',*,*,#4047,.T.);
#5419=ORIENTED_EDGE('',*,*,#4039,.F.);
#5420=ORIENTED_EDGE('',*,*,#4044,.F.);
#5421=ORIENTED_EDGE('',*,*,#3955,.F.);
#5422=ORIENTED_EDGE('',*,*,#3887,.F.);
#5423=ORIENTED_EDGE('',*,*,#4046,.F.);
#5424=ORIENTED_EDGE('',*,*,#4024,.F.);
#5425=ORIENTED_EDGE('',*,*,#4048,.T.);
#5426=ORIENTED_EDGE('',*,*,#4017,.F.);
#5427=ORIENTED_EDGE('',*,*,#4022,.F.);
#5428=ORIENTED_EDGE('',*,*,#4045,.F.);
#5429=ORIENTED_EDGE('',*,*,#4042,.F.);
#5430=ORIENTED_EDGE('',*,*,#4040,.F.);
#5431=ORIENTED_EDGE('',*,*,#4038,.F.);
#5432=ORIENTED_EDGE('',*,*,#4049,.T.);
#5433=ORIENTED_EDGE('',*,*,#3865,.T.);
#5434=ORIENTED_EDGE('',*,*,#4049,.F.);
#5435=ORIENTED_EDGE('',*,*,#4037,.F.);
#5436=ORIENTED_EDGE('',*,*,#4034,.F.);
#5437=ORIENTED_EDGE('',*,*,#4031,.F.);
#5438=ORIENTED_EDGE('',*,*,#4028,.F.);
#5439=ORIENTED_EDGE('',*,*,#3919,.F.);
#5440=ORIENTED_EDGE('',*,*,#4050,.T.);
#5441=ORIENTED_EDGE('',*,*,#4051,.F.);
#5442=ORIENTED_EDGE('',*,*,#3943,.F.);
#5443=ORIENTED_EDGE('',*,*,#3922,.F.);
#5444=ORIENTED_EDGE('',*,*,#4052,.F.);
#5445=ORIENTED_EDGE('',*,*,#4053,.T.);
#5446=ORIENTED_EDGE('',*,*,#4054,.F.);
#5447=ORIENTED_EDGE('',*,*,#4050,.F.);
#5448=ORIENTED_EDGE('',*,*,#3925,.F.);
#5449=ORIENTED_EDGE('',*,*,#3947,.F.);
#5450=ORIENTED_EDGE('',*,*,#4055,.T.);
#5451=ORIENTED_EDGE('',*,*,#4052,.T.);
#5452=ORIENTED_EDGE('',*,*,#4027,.F.);
#5453=ORIENTED_EDGE('',*,*,#4056,.F.);
#5454=ORIENTED_EDGE('',*,*,#4057,.T.);
#5455=ORIENTED_EDGE('',*,*,#4018,.F.);
#5456=ORIENTED_EDGE('',*,*,#4048,.F.);
#5457=ORIENTED_EDGE('',*,*,#4030,.F.);
#5458=ORIENTED_EDGE('',*,*,#4058,.F.);
#5459=ORIENTED_EDGE('',*,*,#4059,.T.);
#5460=ORIENTED_EDGE('',*,*,#4056,.T.);
#5461=ORIENTED_EDGE('',*,*,#4033,.F.);
#5462=ORIENTED_EDGE('',*,*,#4060,.T.);
#5463=ORIENTED_EDGE('',*,*,#4061,.T.);
#5464=ORIENTED_EDGE('',*,*,#4062,.T.);
#5465=ORIENTED_EDGE('',*,*,#4058,.T.);
#5466=ORIENTED_EDGE('',*,*,#4005,.F.);
#5467=ORIENTED_EDGE('',*,*,#4063,.F.);
#5468=ORIENTED_EDGE('',*,*,#4064,.T.);
#5469=ORIENTED_EDGE('',*,*,#4065,.F.);
#5470=ORIENTED_EDGE('',*,*,#4008,.F.);
#5471=ORIENTED_EDGE('',*,*,#4015,.F.);
#5472=ORIENTED_EDGE('',*,*,#4020,.F.);
#5473=ORIENTED_EDGE('',*,*,#4066,.T.);
#5474=ORIENTED_EDGE('',*,*,#4063,.T.);
#5475=ORIENTED_EDGE('',*,*,#3892,.F.);
#5476=ORIENTED_EDGE('',*,*,#3909,.F.);
#5477=ORIENTED_EDGE('',*,*,#4067,.T.);
#5478=ORIENTED_EDGE('',*,*,#4060,.F.);
#5479=ORIENTED_EDGE('',*,*,#4036,.F.);
#5480=ORIENTED_EDGE('',*,*,#4047,.F.);
#5481=ORIENTED_EDGE('',*,*,#3881,.F.);
#5482=ORIENTED_EDGE('',*,*,#3959,.T.);
#5483=ORIENTED_EDGE('',*,*,#3941,.F.);
#5484=ORIENTED_EDGE('',*,*,#4051,.T.);
#5485=ORIENTED_EDGE('',*,*,#4054,.T.);
#5486=ORIENTED_EDGE('',*,*,#4068,.T.);
#5487=ORIENTED_EDGE('',*,*,#3913,.T.);
#5488=ORIENTED_EDGE('',*,*,#3915,.T.);
#5489=ORIENTED_EDGE('',*,*,#4069,.T.);
#5490=ORIENTED_EDGE('',*,*,#4070,.T.);
#5491=ORIENTED_EDGE('',*,*,#3908,.F.);
#5492=ORIENTED_EDGE('',*,*,#4071,.T.);
#5493=ORIENTED_EDGE('',*,*,#4068,.F.);
#5494=ORIENTED_EDGE('',*,*,#4053,.F.);
#5495=ORIENTED_EDGE('',*,*,#4055,.F.);
#5496=ORIENTED_EDGE('',*,*,#3946,.F.);
#5497=ORIENTED_EDGE('',*,*,#4072,.F.);
#5498=ORIENTED_EDGE('',*,*,#4073,.T.);
#5499=ORIENTED_EDGE('',*,*,#4074,.T.);
#5500=ORIENTED_EDGE('',*,*,#4075,.T.);
#5501=ORIENTED_EDGE('',*,*,#4076,.T.);
#5502=ORIENTED_EDGE('',*,*,#4077,.T.);
#5503=ORIENTED_EDGE('',*,*,#4078,.T.);
#5504=ORIENTED_EDGE('',*,*,#4079,.T.);
#5505=ORIENTED_EDGE('',*,*,#4071,.F.);
#5506=ORIENTED_EDGE('',*,*,#3907,.F.);
#5507=ORIENTED_EDGE('',*,*,#3911,.F.);
#5508=ORIENTED_EDGE('',*,*,#3914,.F.);
#5509=ORIENTED_EDGE('',*,*,#4080,.T.);
#5510=ORIENTED_EDGE('',*,*,#4072,.T.);
#5511=ORIENTED_EDGE('',*,*,#3945,.F.);
#5512=ORIENTED_EDGE('',*,*,#4081,.T.);
#5513=ORIENTED_EDGE('',*,*,#4081,.F.);
#5514=ORIENTED_EDGE('',*,*,#3951,.T.);
#5515=ORIENTED_EDGE('',*,*,#4082,.F.);
#5516=ORIENTED_EDGE('',*,*,#4083,.F.);
#5517=ORIENTED_EDGE('',*,*,#4019,.F.);
#5518=ORIENTED_EDGE('',*,*,#4057,.F.);
#5519=ORIENTED_EDGE('',*,*,#4059,.F.);
#5520=ORIENTED_EDGE('',*,*,#4062,.F.);
#5521=ORIENTED_EDGE('',*,*,#4084,.F.);
#5522=ORIENTED_EDGE('',*,*,#4085,.T.);
#5523=ORIENTED_EDGE('',*,*,#4086,.T.);
#5524=ORIENTED_EDGE('',*,*,#4087,.T.);
#5525=ORIENTED_EDGE('',*,*,#4088,.T.);
#5526=ORIENTED_EDGE('',*,*,#4089,.T.);
#5527=ORIENTED_EDGE('',*,*,#4090,.T.);
#5528=ORIENTED_EDGE('',*,*,#4091,.T.);
#5529=ORIENTED_EDGE('',*,*,#4092,.F.);
#5530=ORIENTED_EDGE('',*,*,#4093,.F.);
#5531=ORIENTED_EDGE('',*,*,#4064,.F.);
#5532=ORIENTED_EDGE('',*,*,#4066,.F.);
#5533=ORIENTED_EDGE('',*,*,#4094,.T.);
#5534=ORIENTED_EDGE('',*,*,#4084,.T.);
#5535=ORIENTED_EDGE('',*,*,#4061,.F.);
#5536=ORIENTED_EDGE('',*,*,#4095,.T.);
#5537=ORIENTED_EDGE('',*,*,#4070,.F.);
#5538=ORIENTED_EDGE('',*,*,#4096,.T.);
#5539=ORIENTED_EDGE('',*,*,#4095,.F.);
#5540=ORIENTED_EDGE('',*,*,#4067,.F.);
#5541=ORIENTED_EDGE('',*,*,#4097,.T.);
#5542=ORIENTED_EDGE('',*,*,#4082,.T.);
#5543=ORIENTED_EDGE('',*,*,#4098,.T.);
#5544=ORIENTED_EDGE('',*,*,#4092,.T.);
#5545=ORIENTED_EDGE('',*,*,#4002,.F.);
#5546=ORIENTED_EDGE('',*,*,#4065,.T.);
#5547=ORIENTED_EDGE('',*,*,#4093,.T.);
#5548=ORIENTED_EDGE('',*,*,#4098,.F.);
#5549=ORIENTED_EDGE('',*,*,#3950,.T.);
#5550=ORIENTED_EDGE('',*,*,#4080,.F.);
#5551=ORIENTED_EDGE('',*,*,#4083,.T.);
#5552=ORIENTED_EDGE('',*,*,#4097,.F.);
#5553=ORIENTED_EDGE('',*,*,#4091,.F.);
#5554=ORIENTED_EDGE('',*,*,#4099,.F.);
#5555=ORIENTED_EDGE('',*,*,#4100,.T.);
#5556=ORIENTED_EDGE('',*,*,#4101,.T.);
#5557=ORIENTED_EDGE('',*,*,#4102,.T.);
#5558=ORIENTED_EDGE('',*,*,#4103,.T.);
#5559=ORIENTED_EDGE('',*,*,#4104,.T.);
#5560=ORIENTED_EDGE('',*,*,#4105,.T.);
#5561=ORIENTED_EDGE('',*,*,#4106,.T.);
#5562=ORIENTED_EDGE('',*,*,#4107,.T.);
#5563=ORIENTED_EDGE('',*,*,#4108,.T.);
#5564=ORIENTED_EDGE('',*,*,#4109,.F.);
#5565=ORIENTED_EDGE('',*,*,#4073,.F.);
#5566=ORIENTED_EDGE('',*,*,#4110,.T.);
#5567=ORIENTED_EDGE('',*,*,#4111,.T.);
#5568=ORIENTED_EDGE('',*,*,#3986,.F.);
#5569=ORIENTED_EDGE('',*,*,#4112,.T.);
#5570=ORIENTED_EDGE('',*,*,#4113,.T.);
#5571=ORIENTED_EDGE('',*,*,#4114,.F.);
#5572=ORIENTED_EDGE('',*,*,#3989,.F.);
#5573=ORIENTED_EDGE('',*,*,#4115,.T.);
#5574=ORIENTED_EDGE('',*,*,#4116,.T.);
#5575=ORIENTED_EDGE('',*,*,#4112,.F.);
#5576=ORIENTED_EDGE('',*,*,#3988,.F.);
#5577=ORIENTED_EDGE('',*,*,#4117,.T.);
#5578=ORIENTED_EDGE('',*,*,#4118,.T.);
#5579=ORIENTED_EDGE('',*,*,#4115,.F.);
#5580=ORIENTED_EDGE('',*,*,#3987,.F.);
#5581=ORIENTED_EDGE('',*,*,#4114,.T.);
#5582=ORIENTED_EDGE('',*,*,#4119,.T.);
#5583=ORIENTED_EDGE('',*,*,#4117,.F.);
#5584=ORIENTED_EDGE('',*,*,#4119,.F.);
#5585=ORIENTED_EDGE('',*,*,#4113,.F.);
#5586=ORIENTED_EDGE('',*,*,#4116,.F.);
#5587=ORIENTED_EDGE('',*,*,#4118,.F.);
#5588=ORIENTED_EDGE('',*,*,#4120,.F.);
#5589=ORIENTED_EDGE('',*,*,#4121,.F.);
#5590=ORIENTED_EDGE('',*,*,#4122,.F.);
#5591=ORIENTED_EDGE('',*,*,#4123,.F.);
#5592=ORIENTED_EDGE('',*,*,#4122,.T.);
#5593=ORIENTED_EDGE('',*,*,#4124,.F.);
#5594=ORIENTED_EDGE('',*,*,#4125,.T.);
#5595=ORIENTED_EDGE('',*,*,#4126,.T.);
#5596=ORIENTED_EDGE('',*,*,#4121,.T.);
#5597=ORIENTED_EDGE('',*,*,#4127,.F.);
#5598=ORIENTED_EDGE('',*,*,#4128,.T.);
#5599=ORIENTED_EDGE('',*,*,#4124,.T.);
#5600=ORIENTED_EDGE('',*,*,#4120,.T.);
#5601=ORIENTED_EDGE('',*,*,#4129,.T.);
#5602=ORIENTED_EDGE('',*,*,#4130,.T.);
#5603=ORIENTED_EDGE('',*,*,#4127,.T.);
#5604=ORIENTED_EDGE('',*,*,#4123,.T.);
#5605=ORIENTED_EDGE('',*,*,#4126,.F.);
#5606=ORIENTED_EDGE('',*,*,#4131,.T.);
#5607=ORIENTED_EDGE('',*,*,#4129,.F.);
#5608=ORIENTED_EDGE('',*,*,#4128,.F.);
#5609=ORIENTED_EDGE('',*,*,#4132,.F.);
#5610=ORIENTED_EDGE('',*,*,#4133,.F.);
#5611=ORIENTED_EDGE('',*,*,#4134,.T.);
#5612=ORIENTED_EDGE('',*,*,#4130,.F.);
#5613=ORIENTED_EDGE('',*,*,#4135,.T.);
#5614=ORIENTED_EDGE('',*,*,#4136,.F.);
#5615=ORIENTED_EDGE('',*,*,#4132,.T.);
#5616=ORIENTED_EDGE('',*,*,#4137,.T.);
#5617=ORIENTED_EDGE('',*,*,#4138,.T.);
#5618=ORIENTED_EDGE('',*,*,#4139,.F.);
#5619=ORIENTED_EDGE('',*,*,#4140,.F.);
#5620=ORIENTED_EDGE('',*,*,#4141,.T.);
#5621=ORIENTED_EDGE('',*,*,#4142,.F.);
#5622=ORIENTED_EDGE('',*,*,#4143,.T.);
#5623=ORIENTED_EDGE('',*,*,#4144,.T.);
#5624=ORIENTED_EDGE('',*,*,#4145,.T.);
#5625=ORIENTED_EDGE('',*,*,#4146,.T.);
#5626=ORIENTED_EDGE('',*,*,#4147,.T.);
#5627=ORIENTED_EDGE('',*,*,#4148,.F.);
#5628=ORIENTED_EDGE('',*,*,#4149,.T.);
#5629=ORIENTED_EDGE('',*,*,#4150,.F.);
#5630=ORIENTED_EDGE('',*,*,#4151,.T.);
#5631=ORIENTED_EDGE('',*,*,#4152,.T.);
#5632=ORIENTED_EDGE('',*,*,#4153,.T.);
#5633=ORIENTED_EDGE('',*,*,#4154,.F.);
#5634=ORIENTED_EDGE('',*,*,#4155,.T.);
#5635=ORIENTED_EDGE('',*,*,#4156,.T.);
#5636=ORIENTED_EDGE('',*,*,#4157,.T.);
#5637=ORIENTED_EDGE('',*,*,#4158,.T.);
#5638=ORIENTED_EDGE('',*,*,#4159,.T.);
#5639=ORIENTED_EDGE('',*,*,#4160,.T.);
#5640=ORIENTED_EDGE('',*,*,#4161,.T.);
#5641=ORIENTED_EDGE('',*,*,#4162,.T.);
#5642=ORIENTED_EDGE('',*,*,#4163,.T.);
#5643=ORIENTED_EDGE('',*,*,#4164,.T.);
#5644=ORIENTED_EDGE('',*,*,#4165,.T.);
#5645=ORIENTED_EDGE('',*,*,#4166,.T.);
#5646=ORIENTED_EDGE('',*,*,#4167,.T.);
#5647=ORIENTED_EDGE('',*,*,#4168,.T.);
#5648=ORIENTED_EDGE('',*,*,#4169,.T.);
#5649=ORIENTED_EDGE('',*,*,#4170,.T.);
#5650=ORIENTED_EDGE('',*,*,#4171,.T.);
#5651=ORIENTED_EDGE('',*,*,#4172,.T.);
#5652=ORIENTED_EDGE('',*,*,#4173,.T.);
#5653=ORIENTED_EDGE('',*,*,#4174,.T.);
#5654=ORIENTED_EDGE('',*,*,#4175,.T.);
#5655=ORIENTED_EDGE('',*,*,#4176,.T.);
#5656=ORIENTED_EDGE('',*,*,#4177,.T.);
#5657=ORIENTED_EDGE('',*,*,#4178,.T.);
#5658=ORIENTED_EDGE('',*,*,#4125,.F.);
#5659=ORIENTED_EDGE('',*,*,#4134,.F.);
#5660=ORIENTED_EDGE('',*,*,#4179,.F.);
#5661=ORIENTED_EDGE('',*,*,#4180,.T.);
#5662=ORIENTED_EDGE('',*,*,#4131,.F.);
#5663=ORIENTED_EDGE('',*,*,#4180,.F.);
#5664=ORIENTED_EDGE('',*,*,#4181,.F.);
#5665=ORIENTED_EDGE('',*,*,#4135,.F.);
#5666=ORIENTED_EDGE('',*,*,#4182,.F.);
#5667=ORIENTED_EDGE('',*,*,#4183,.F.);
#5668=ORIENTED_EDGE('',*,*,#4184,.F.);
#5669=ORIENTED_EDGE('',*,*,#4185,.F.);
#5670=ORIENTED_EDGE('',*,*,#4186,.T.);
#5671=ORIENTED_EDGE('',*,*,#4137,.F.);
#5672=ORIENTED_EDGE('',*,*,#4187,.F.);
#5673=ORIENTED_EDGE('',*,*,#4188,.F.);
#5674=ORIENTED_EDGE('',*,*,#4136,.T.);
#5675=ORIENTED_EDGE('',*,*,#4181,.T.);
#5676=ORIENTED_EDGE('',*,*,#4179,.T.);
#5677=ORIENTED_EDGE('',*,*,#4133,.T.);
#5678=ORIENTED_EDGE('',*,*,#4184,.T.);
#5679=ORIENTED_EDGE('',*,*,#4189,.F.);
#5680=ORIENTED_EDGE('',*,*,#4190,.F.);
#5681=ORIENTED_EDGE('',*,*,#4191,.F.);
#5682=ORIENTED_EDGE('',*,*,#4183,.T.);
#5683=ORIENTED_EDGE('',*,*,#4192,.T.);
#5684=ORIENTED_EDGE('',*,*,#4193,.F.);
#5685=ORIENTED_EDGE('',*,*,#4189,.T.);
#5686=ORIENTED_EDGE('',*,*,#4185,.T.);
#5687=ORIENTED_EDGE('',*,*,#4191,.T.);
#5688=ORIENTED_EDGE('',*,*,#4194,.F.);
#5689=ORIENTED_EDGE('',*,*,#4195,.F.);
#5690=ORIENTED_EDGE('',*,*,#4156,.F.);
#5691=ORIENTED_EDGE('',*,*,#4196,.T.);
#5692=ORIENTED_EDGE('',*,*,#4197,.F.);
#5693=ORIENTED_EDGE('',*,*,#4198,.F.);
#5694=ORIENTED_EDGE('',*,*,#4157,.F.);
#5695=ORIENTED_EDGE('',*,*,#4198,.T.);
#5696=ORIENTED_EDGE('',*,*,#4199,.F.);
#5697=ORIENTED_EDGE('',*,*,#4200,.F.);
#5698=ORIENTED_EDGE('',*,*,#4158,.F.);
#5699=ORIENTED_EDGE('',*,*,#4200,.T.);
#5700=ORIENTED_EDGE('',*,*,#4201,.F.);
#5701=ORIENTED_EDGE('',*,*,#4202,.F.);
#5702=ORIENTED_EDGE('',*,*,#4155,.F.);
#5703=ORIENTED_EDGE('',*,*,#4202,.T.);
#5704=ORIENTED_EDGE('',*,*,#4203,.F.);
#5705=ORIENTED_EDGE('',*,*,#4138,.F.);
#5706=ORIENTED_EDGE('',*,*,#4186,.F.);
#5707=ORIENTED_EDGE('',*,*,#4195,.T.);
#5708=ORIENTED_EDGE('',*,*,#4204,.F.);
#5709=ORIENTED_EDGE('',*,*,#4196,.F.);
#5710=ORIENTED_EDGE('',*,*,#4205,.T.);
#5711=ORIENTED_EDGE('',*,*,#4139,.T.);
#5712=ORIENTED_EDGE('',*,*,#4203,.T.);
#5713=ORIENTED_EDGE('',*,*,#4201,.T.);
#5714=ORIENTED_EDGE('',*,*,#4199,.T.);
#5715=ORIENTED_EDGE('',*,*,#4197,.T.);
#5716=ORIENTED_EDGE('',*,*,#4204,.T.);
#5717=ORIENTED_EDGE('',*,*,#4194,.T.);
#5718=ORIENTED_EDGE('',*,*,#4190,.T.);
#5719=ORIENTED_EDGE('',*,*,#4193,.T.);
#5720=ORIENTED_EDGE('',*,*,#4206,.T.);
#5721=ORIENTED_EDGE('',*,*,#4207,.T.);
#5722=ORIENTED_EDGE('',*,*,#4187,.T.);
#5723=ORIENTED_EDGE('',*,*,#4140,.T.);
#5724=ORIENTED_EDGE('',*,*,#4205,.F.);
#5725=ORIENTED_EDGE('',*,*,#4208,.T.);
#5726=ORIENTED_EDGE('',*,*,#4188,.T.);
#5727=ORIENTED_EDGE('',*,*,#4208,.F.);
#5728=ORIENTED_EDGE('',*,*,#4207,.F.);
#5729=ORIENTED_EDGE('',*,*,#4209,.T.);
#5730=ORIENTED_EDGE('',*,*,#4182,.T.);
#5731=ORIENTED_EDGE('',*,*,#4209,.F.);
#5732=ORIENTED_EDGE('',*,*,#4206,.F.);
#5733=ORIENTED_EDGE('',*,*,#4192,.F.);
#5734=ORIENTED_EDGE('',*,*,#4210,.F.);
#5735=ORIENTED_EDGE('',*,*,#4211,.T.);
#5736=ORIENTED_EDGE('',*,*,#4212,.F.);
#5737=ORIENTED_EDGE('',*,*,#4141,.F.);
#5738=ORIENTED_EDGE('',*,*,#4213,.F.);
#5739=ORIENTED_EDGE('',*,*,#4211,.F.);
#5740=ORIENTED_EDGE('',*,*,#4210,.T.);
#5741=ORIENTED_EDGE('',*,*,#3873,.T.);
#5742=ORIENTED_EDGE('',*,*,#4214,.T.);
#5743=ORIENTED_EDGE('',*,*,#4215,.T.);
#5744=ORIENTED_EDGE('',*,*,#4216,.T.);
#5745=ORIENTED_EDGE('',*,*,#4142,.T.);
#5746=ORIENTED_EDGE('',*,*,#4212,.T.);
#5747=ORIENTED_EDGE('',*,*,#4213,.T.);
#5748=ORIENTED_EDGE('',*,*,#4154,.T.);
#5749=ORIENTED_EDGE('',*,*,#4217,.T.);
#5750=ORIENTED_EDGE('',*,*,#4218,.T.);
#5751=ORIENTED_EDGE('',*,*,#4219,.T.);
#5752=ORIENTED_EDGE('',*,*,#4220,.T.);
#5753=ORIENTED_EDGE('',*,*,#4221,.F.);
#5754=ORIENTED_EDGE('',*,*,#4222,.T.);
#5755=ORIENTED_EDGE('',*,*,#4223,.T.);
#5756=ORIENTED_EDGE('',*,*,#4224,.T.);
#5757=ORIENTED_EDGE('',*,*,#4225,.T.);
#5758=ORIENTED_EDGE('',*,*,#4150,.T.);
#5759=ORIENTED_EDGE('',*,*,#4226,.T.);
#5760=ORIENTED_EDGE('',*,*,#4227,.T.);
#5761=ORIENTED_EDGE('',*,*,#4148,.T.);
#5762=ORIENTED_EDGE('',*,*,#4228,.T.);
#5763=ORIENTED_EDGE('',*,*,#4229,.T.);
#5764=ORIENTED_EDGE('',*,*,#4230,.F.);
#5765=ORIENTED_EDGE('',*,*,#4231,.T.);
#5766=ORIENTED_EDGE('',*,*,#4232,.F.);
#5767=ORIENTED_EDGE('',*,*,#4231,.F.);
#5768=ORIENTED_EDGE('',*,*,#4233,.F.);
#5769=ORIENTED_EDGE('',*,*,#4234,.T.);
#5770=ORIENTED_EDGE('',*,*,#4178,.F.);
#5771=ORIENTED_EDGE('',*,*,#4234,.F.);
#5772=ORIENTED_EDGE('',*,*,#4233,.T.);
#5773=ORIENTED_EDGE('',*,*,#4230,.T.);
#5774=ORIENTED_EDGE('',*,*,#3875,.T.);
#5775=ORIENTED_EDGE('',*,*,#4235,.F.);
#5776=ORIENTED_EDGE('',*,*,#4236,.T.);
#5777=ORIENTED_EDGE('',*,*,#4237,.F.);
#5778=ORIENTED_EDGE('',*,*,#4236,.F.);
#5779=ORIENTED_EDGE('',*,*,#4238,.F.);
#5780=ORIENTED_EDGE('',*,*,#4239,.T.);
#5781=ORIENTED_EDGE('',*,*,#4159,.F.);
#5782=ORIENTED_EDGE('',*,*,#4239,.F.);
#5783=ORIENTED_EDGE('',*,*,#4238,.T.);
#5784=ORIENTED_EDGE('',*,*,#4235,.T.);
#5785=ORIENTED_EDGE('',*,*,#4232,.T.);
#5786=ORIENTED_EDGE('',*,*,#4240,.F.);
#5787=ORIENTED_EDGE('',*,*,#4241,.T.);
#5788=ORIENTED_EDGE('',*,*,#4226,.F.);
#5789=ORIENTED_EDGE('',*,*,#4149,.F.);
#5790=ORIENTED_EDGE('',*,*,#4227,.F.);
#5791=ORIENTED_EDGE('',*,*,#4241,.F.);
#5792=ORIENTED_EDGE('',*,*,#4240,.T.);
#5793=ORIENTED_EDGE('',*,*,#3876,.T.);
#5794=ORIENTED_EDGE('',*,*,#4237,.T.);
#5795=ORIENTED_EDGE('',*,*,#4242,.F.);
#5796=ORIENTED_EDGE('',*,*,#4243,.T.);
#5797=ORIENTED_EDGE('',*,*,#4244,.F.);
#5798=ORIENTED_EDGE('',*,*,#4243,.F.);
#5799=ORIENTED_EDGE('',*,*,#4245,.F.);
#5800=ORIENTED_EDGE('',*,*,#4246,.T.);
#5801=ORIENTED_EDGE('',*,*,#4177,.F.);
#5802=ORIENTED_EDGE('',*,*,#4246,.F.);
#5803=ORIENTED_EDGE('',*,*,#4245,.T.);
#5804=ORIENTED_EDGE('',*,*,#4242,.T.);
#5805=ORIENTED_EDGE('',*,*,#3878,.T.);
#5806=ORIENTED_EDGE('',*,*,#4247,.F.);
#5807=ORIENTED_EDGE('',*,*,#4248,.T.);
#5808=ORIENTED_EDGE('',*,*,#4249,.F.);
#5809=ORIENTED_EDGE('',*,*,#4248,.F.);
#5810=ORIENTED_EDGE('',*,*,#4250,.F.);
#5811=ORIENTED_EDGE('',*,*,#4251,.T.);
#5812=ORIENTED_EDGE('',*,*,#4160,.F.);
#5813=ORIENTED_EDGE('',*,*,#4251,.F.);
#5814=ORIENTED_EDGE('',*,*,#4250,.T.);
#5815=ORIENTED_EDGE('',*,*,#4247,.T.);
#5816=ORIENTED_EDGE('',*,*,#4244,.T.);
#5817=ORIENTED_EDGE('',*,*,#4252,.T.);
#5818=ORIENTED_EDGE('',*,*,#3984,.T.);
#5819=ORIENTED_EDGE('',*,*,#4253,.T.);
#5820=ORIENTED_EDGE('',*,*,#4254,.T.);
#5821=ORIENTED_EDGE('',*,*,#4253,.F.);
#5822=ORIENTED_EDGE('',*,*,#3985,.T.);
#5823=ORIENTED_EDGE('',*,*,#4252,.F.);
#5824=ORIENTED_EDGE('',*,*,#4255,.T.);
#5825=ORIENTED_EDGE('',*,*,#4254,.F.);
#5826=ORIENTED_EDGE('',*,*,#4256,.T.);
#5827=ORIENTED_EDGE('',*,*,#4257,.F.);
#5828=ORIENTED_EDGE('',*,*,#4258,.T.);
#5829=ORIENTED_EDGE('',*,*,#4259,.T.);
#5830=ORIENTED_EDGE('',*,*,#4260,.T.);
#5831=ORIENTED_EDGE('',*,*,#3978,.T.);
#5832=ORIENTED_EDGE('',*,*,#4261,.T.);
#5833=ORIENTED_EDGE('',*,*,#3977,.T.);
#5834=ORIENTED_EDGE('',*,*,#4262,.T.);
#5835=ORIENTED_EDGE('',*,*,#4263,.T.);
#5836=ORIENTED_EDGE('',*,*,#4261,.F.);
#5837=ORIENTED_EDGE('',*,*,#4264,.T.);
#5838=ORIENTED_EDGE('',*,*,#4265,.T.);
#5839=ORIENTED_EDGE('',*,*,#3972,.T.);
#5840=ORIENTED_EDGE('',*,*,#4266,.T.);
#5841=ORIENTED_EDGE('',*,*,#3971,.T.);
#5842=ORIENTED_EDGE('',*,*,#4267,.T.);
#5843=ORIENTED_EDGE('',*,*,#4268,.T.);
#5844=ORIENTED_EDGE('',*,*,#4266,.F.);
#5845=ORIENTED_EDGE('',*,*,#4269,.T.);
#5846=ORIENTED_EDGE('',*,*,#4270,.T.);
#5847=ORIENTED_EDGE('',*,*,#3966,.T.);
#5848=ORIENTED_EDGE('',*,*,#4271,.T.);
#5849=ORIENTED_EDGE('',*,*,#4272,.T.);
#5850=ORIENTED_EDGE('',*,*,#3967,.T.);
#5851=ORIENTED_EDGE('',*,*,#4270,.F.);
#5852=ORIENTED_EDGE('',*,*,#4273,.T.);
#5853=ORIENTED_EDGE('',*,*,#4274,.T.);
#5854=ORIENTED_EDGE('',*,*,#3968,.T.);
#5855=ORIENTED_EDGE('',*,*,#4272,.F.);
#5856=ORIENTED_EDGE('',*,*,#4275,.T.);
#5857=ORIENTED_EDGE('',*,*,#4276,.T.);
#5858=ORIENTED_EDGE('',*,*,#3969,.T.);
#5859=ORIENTED_EDGE('',*,*,#4274,.F.);
#5860=ORIENTED_EDGE('',*,*,#4277,.T.);
#5861=ORIENTED_EDGE('',*,*,#3970,.T.);
#5862=ORIENTED_EDGE('',*,*,#4276,.F.);
#5863=ORIENTED_EDGE('',*,*,#4278,.T.);
#5864=ORIENTED_EDGE('',*,*,#4267,.F.);
#5865=ORIENTED_EDGE('',*,*,#4279,.T.);
#5866=ORIENTED_EDGE('',*,*,#4271,.F.);
#5867=ORIENTED_EDGE('',*,*,#3965,.T.);
#5868=ORIENTED_EDGE('',*,*,#4280,.T.);
#5869=ORIENTED_EDGE('',*,*,#4281,.T.);
#5870=ORIENTED_EDGE('',*,*,#4282,.T.);
#5871=ORIENTED_EDGE('',*,*,#3960,.T.);
#5872=ORIENTED_EDGE('',*,*,#4283,.T.);
#5873=ORIENTED_EDGE('',*,*,#4284,.T.);
#5874=ORIENTED_EDGE('',*,*,#3961,.T.);
#5875=ORIENTED_EDGE('',*,*,#4282,.F.);
#5876=ORIENTED_EDGE('',*,*,#4285,.T.);
#5877=ORIENTED_EDGE('',*,*,#4286,.T.);
#5878=ORIENTED_EDGE('',*,*,#3962,.T.);
#5879=ORIENTED_EDGE('',*,*,#4284,.F.);
#5880=ORIENTED_EDGE('',*,*,#4287,.T.);
#5881=ORIENTED_EDGE('',*,*,#4288,.T.);
#5882=ORIENTED_EDGE('',*,*,#3963,.T.);
#5883=ORIENTED_EDGE('',*,*,#4286,.F.);
#5884=ORIENTED_EDGE('',*,*,#4289,.T.);
#5885=ORIENTED_EDGE('',*,*,#3964,.T.);
#5886=ORIENTED_EDGE('',*,*,#4288,.F.);
#5887=ORIENTED_EDGE('',*,*,#4290,.T.);
#5888=ORIENTED_EDGE('',*,*,#4280,.F.);
#5889=ORIENTED_EDGE('',*,*,#4291,.T.);
#5890=ORIENTED_EDGE('',*,*,#3973,.T.);
#5891=ORIENTED_EDGE('',*,*,#4265,.F.);
#5892=ORIENTED_EDGE('',*,*,#4292,.T.);
#5893=ORIENTED_EDGE('',*,*,#4293,.T.);
#5894=ORIENTED_EDGE('',*,*,#3974,.T.);
#5895=ORIENTED_EDGE('',*,*,#4291,.F.);
#5896=ORIENTED_EDGE('',*,*,#4294,.T.);
#5897=ORIENTED_EDGE('',*,*,#4295,.T.);
#5898=ORIENTED_EDGE('',*,*,#3975,.T.);
#5899=ORIENTED_EDGE('',*,*,#4293,.F.);
#5900=ORIENTED_EDGE('',*,*,#4296,.T.);
#5901=ORIENTED_EDGE('',*,*,#3976,.T.);
#5902=ORIENTED_EDGE('',*,*,#4295,.F.);
#5903=ORIENTED_EDGE('',*,*,#4297,.T.);
#5904=ORIENTED_EDGE('',*,*,#4262,.F.);
#5905=ORIENTED_EDGE('',*,*,#4298,.T.);
#5906=ORIENTED_EDGE('',*,*,#4283,.F.);
#5907=ORIENTED_EDGE('',*,*,#3983,.T.);
#5908=ORIENTED_EDGE('',*,*,#4299,.T.);
#5909=ORIENTED_EDGE('',*,*,#4300,.T.);
#5910=ORIENTED_EDGE('',*,*,#3979,.T.);
#5911=ORIENTED_EDGE('',*,*,#4260,.F.);
#5912=ORIENTED_EDGE('',*,*,#4301,.T.);
#5913=ORIENTED_EDGE('',*,*,#4302,.T.);
#5914=ORIENTED_EDGE('',*,*,#3980,.T.);
#5915=ORIENTED_EDGE('',*,*,#4300,.F.);
#5916=ORIENTED_EDGE('',*,*,#4303,.T.);
#5917=ORIENTED_EDGE('',*,*,#4304,.T.);
#5918=ORIENTED_EDGE('',*,*,#3981,.T.);
#5919=ORIENTED_EDGE('',*,*,#4302,.F.);
#5920=ORIENTED_EDGE('',*,*,#4305,.T.);
#5921=ORIENTED_EDGE('',*,*,#3982,.T.);
#5922=ORIENTED_EDGE('',*,*,#4304,.F.);
#5923=ORIENTED_EDGE('',*,*,#4306,.T.);
#5924=ORIENTED_EDGE('',*,*,#4299,.F.);
#5925=ORIENTED_EDGE('',*,*,#4268,.F.);
#5926=ORIENTED_EDGE('',*,*,#4307,.T.);
#5927=ORIENTED_EDGE('',*,*,#4308,.F.);
#5928=ORIENTED_EDGE('',*,*,#4309,.F.);
#5929=ORIENTED_EDGE('',*,*,#4278,.F.);
#5930=ORIENTED_EDGE('',*,*,#4310,.T.);
#5931=ORIENTED_EDGE('',*,*,#4311,.F.);
#5932=ORIENTED_EDGE('',*,*,#4307,.F.);
#5933=ORIENTED_EDGE('',*,*,#4277,.F.);
#5934=ORIENTED_EDGE('',*,*,#4312,.T.);
#5935=ORIENTED_EDGE('',*,*,#4313,.F.);
#5936=ORIENTED_EDGE('',*,*,#4310,.F.);
#5937=ORIENTED_EDGE('',*,*,#4275,.F.);
#5938=ORIENTED_EDGE('',*,*,#4314,.T.);
#5939=ORIENTED_EDGE('',*,*,#4315,.F.);
#5940=ORIENTED_EDGE('',*,*,#4312,.F.);
#5941=ORIENTED_EDGE('',*,*,#4273,.F.);
#5942=ORIENTED_EDGE('',*,*,#4316,.T.);
#5943=ORIENTED_EDGE('',*,*,#4317,.F.);
#5944=ORIENTED_EDGE('',*,*,#4314,.F.);
#5945=ORIENTED_EDGE('',*,*,#4269,.F.);
#5946=ORIENTED_EDGE('',*,*,#4318,.T.);
#5947=ORIENTED_EDGE('',*,*,#4319,.F.);
#5948=ORIENTED_EDGE('',*,*,#4316,.F.);
#5949=ORIENTED_EDGE('',*,*,#4279,.F.);
#5950=ORIENTED_EDGE('',*,*,#4320,.T.);
#5951=ORIENTED_EDGE('',*,*,#4321,.F.);
#5952=ORIENTED_EDGE('',*,*,#4318,.F.);
#5953=ORIENTED_EDGE('',*,*,#4290,.F.);
#5954=ORIENTED_EDGE('',*,*,#4322,.T.);
#5955=ORIENTED_EDGE('',*,*,#4323,.F.);
#5956=ORIENTED_EDGE('',*,*,#4320,.F.);
#5957=ORIENTED_EDGE('',*,*,#4289,.F.);
#5958=ORIENTED_EDGE('',*,*,#4324,.T.);
#5959=ORIENTED_EDGE('',*,*,#4325,.F.);
#5960=ORIENTED_EDGE('',*,*,#4322,.F.);
#5961=ORIENTED_EDGE('',*,*,#4287,.F.);
#5962=ORIENTED_EDGE('',*,*,#4326,.T.);
#5963=ORIENTED_EDGE('',*,*,#4327,.F.);
#5964=ORIENTED_EDGE('',*,*,#4324,.F.);
#5965=ORIENTED_EDGE('',*,*,#4285,.F.);
#5966=ORIENTED_EDGE('',*,*,#4328,.T.);
#5967=ORIENTED_EDGE('',*,*,#4329,.F.);
#5968=ORIENTED_EDGE('',*,*,#4326,.F.);
#5969=ORIENTED_EDGE('',*,*,#4281,.F.);
#5970=ORIENTED_EDGE('',*,*,#4330,.T.);
#5971=ORIENTED_EDGE('',*,*,#4331,.F.);
#5972=ORIENTED_EDGE('',*,*,#4328,.F.);
#5973=ORIENTED_EDGE('',*,*,#4298,.F.);
#5974=ORIENTED_EDGE('',*,*,#4332,.T.);
#5975=ORIENTED_EDGE('',*,*,#4333,.F.);
#5976=ORIENTED_EDGE('',*,*,#4330,.F.);
#5977=ORIENTED_EDGE('',*,*,#4306,.F.);
#5978=ORIENTED_EDGE('',*,*,#4334,.T.);
#5979=ORIENTED_EDGE('',*,*,#4335,.F.);
#5980=ORIENTED_EDGE('',*,*,#4332,.F.);
#5981=ORIENTED_EDGE('',*,*,#4305,.F.);
#5982=ORIENTED_EDGE('',*,*,#4336,.T.);
#5983=ORIENTED_EDGE('',*,*,#4337,.F.);
#5984=ORIENTED_EDGE('',*,*,#4334,.F.);
#5985=ORIENTED_EDGE('',*,*,#4303,.F.);
#5986=ORIENTED_EDGE('',*,*,#4338,.T.);
#5987=ORIENTED_EDGE('',*,*,#4339,.F.);
#5988=ORIENTED_EDGE('',*,*,#4336,.F.);
#5989=ORIENTED_EDGE('',*,*,#4301,.F.);
#5990=ORIENTED_EDGE('',*,*,#4340,.T.);
#5991=ORIENTED_EDGE('',*,*,#4341,.F.);
#5992=ORIENTED_EDGE('',*,*,#4338,.F.);
#5993=ORIENTED_EDGE('',*,*,#4259,.F.);
#5994=ORIENTED_EDGE('',*,*,#4342,.T.);
#5995=ORIENTED_EDGE('',*,*,#4343,.F.);
#5996=ORIENTED_EDGE('',*,*,#4340,.F.);
#5997=ORIENTED_EDGE('',*,*,#4263,.F.);
#5998=ORIENTED_EDGE('',*,*,#4344,.T.);
#5999=ORIENTED_EDGE('',*,*,#4345,.F.);
#6000=ORIENTED_EDGE('',*,*,#4342,.F.);
#6001=ORIENTED_EDGE('',*,*,#4297,.F.);
#6002=ORIENTED_EDGE('',*,*,#4346,.T.);
#6003=ORIENTED_EDGE('',*,*,#4347,.F.);
#6004=ORIENTED_EDGE('',*,*,#4344,.F.);
#6005=ORIENTED_EDGE('',*,*,#4296,.F.);
#6006=ORIENTED_EDGE('',*,*,#4348,.F.);
#6007=ORIENTED_EDGE('',*,*,#4349,.F.);
#6008=ORIENTED_EDGE('',*,*,#4346,.F.);
#6009=ORIENTED_EDGE('',*,*,#4294,.F.);
#6010=ORIENTED_EDGE('',*,*,#4350,.T.);
#6011=ORIENTED_EDGE('',*,*,#4351,.F.);
#6012=ORIENTED_EDGE('',*,*,#4348,.T.);
#6013=ORIENTED_EDGE('',*,*,#4292,.F.);
#6014=ORIENTED_EDGE('',*,*,#4352,.T.);
#6015=ORIENTED_EDGE('',*,*,#4353,.F.);
#6016=ORIENTED_EDGE('',*,*,#4350,.F.);
#6017=ORIENTED_EDGE('',*,*,#4264,.F.);
#6018=ORIENTED_EDGE('',*,*,#4309,.T.);
#6019=ORIENTED_EDGE('',*,*,#4354,.F.);
#6020=ORIENTED_EDGE('',*,*,#4352,.F.);
#6021=ORIENTED_EDGE('',*,*,#4255,.F.);
#6022=ORIENTED_EDGE('',*,*,#4258,.F.);
#6023=ORIENTED_EDGE('',*,*,#4355,.F.);
#6024=ORIENTED_EDGE('',*,*,#4256,.F.);
#6025=ORIENTED_EDGE('',*,*,#4356,.T.);
#6026=ORIENTED_EDGE('',*,*,#4357,.T.);
#6027=ORIENTED_EDGE('',*,*,#4358,.T.);
#6028=ORIENTED_EDGE('',*,*,#4359,.T.);
#6029=ORIENTED_EDGE('',*,*,#4360,.T.);
#6030=ORIENTED_EDGE('',*,*,#4361,.T.);
#6031=ORIENTED_EDGE('',*,*,#4362,.T.);
#6032=ORIENTED_EDGE('',*,*,#4363,.F.);
#6033=ORIENTED_EDGE('',*,*,#4360,.F.);
#6034=ORIENTED_EDGE('',*,*,#4364,.F.);
#6035=ORIENTED_EDGE('',*,*,#4365,.T.);
#6036=ORIENTED_EDGE('',*,*,#4366,.T.);
#6037=ORIENTED_EDGE('',*,*,#4362,.F.);
#6038=ORIENTED_EDGE('',*,*,#4367,.T.);
#6039=ORIENTED_EDGE('',*,*,#4368,.F.);
#6040=ORIENTED_EDGE('',*,*,#4369,.F.);
#6041=ORIENTED_EDGE('',*,*,#4361,.F.);
#6042=ORIENTED_EDGE('',*,*,#4366,.F.);
#6043=ORIENTED_EDGE('',*,*,#4370,.F.);
#6044=ORIENTED_EDGE('',*,*,#4371,.F.);
#6045=ORIENTED_EDGE('',*,*,#4357,.F.);
#6046=ORIENTED_EDGE('',*,*,#4372,.F.);
#6047=ORIENTED_EDGE('',*,*,#4373,.F.);
#6048=ORIENTED_EDGE('',*,*,#4367,.F.);
#6049=ORIENTED_EDGE('',*,*,#4359,.F.);
#6050=ORIENTED_EDGE('',*,*,#4374,.T.);
#6051=ORIENTED_EDGE('',*,*,#4375,.T.);
#6052=ORIENTED_EDGE('',*,*,#4364,.T.);
#6053=ORIENTED_EDGE('',*,*,#4257,.T.);
#6054=ORIENTED_EDGE('',*,*,#4355,.T.);
#6055=ORIENTED_EDGE('',*,*,#4358,.F.);
#6056=ORIENTED_EDGE('',*,*,#4371,.T.);
#6057=ORIENTED_EDGE('',*,*,#4376,.F.);
#6058=ORIENTED_EDGE('',*,*,#4374,.F.);
#6059=ORIENTED_EDGE('',*,*,#4375,.F.);
#6060=ORIENTED_EDGE('',*,*,#4376,.T.);
#6061=ORIENTED_EDGE('',*,*,#4370,.T.);
#6062=ORIENTED_EDGE('',*,*,#4365,.F.);
#6063=ORIENTED_EDGE('',*,*,#4356,.F.);
#6064=ORIENTED_EDGE('',*,*,#4377,.F.);
#6065=ORIENTED_EDGE('',*,*,#4378,.T.);
#6066=ORIENTED_EDGE('',*,*,#4372,.T.);
#6067=ORIENTED_EDGE('',*,*,#4379,.F.);
#6068=ORIENTED_EDGE('',*,*,#4368,.T.);
#6069=ORIENTED_EDGE('',*,*,#4373,.T.);
#6070=ORIENTED_EDGE('',*,*,#4378,.F.);
#6071=ORIENTED_EDGE('',*,*,#4380,.T.);
#6072=ORIENTED_EDGE('',*,*,#4381,.T.);
#6073=ORIENTED_EDGE('',*,*,#4382,.T.);
#6074=ORIENTED_EDGE('',*,*,#4383,.F.);
#6075=ORIENTED_EDGE('',*,*,#4384,.T.);
#6076=ORIENTED_EDGE('',*,*,#4383,.T.);
#6077=ORIENTED_EDGE('',*,*,#4385,.T.);
#6078=ORIENTED_EDGE('',*,*,#4386,.F.);
#6079=ORIENTED_EDGE('',*,*,#4387,.T.);
#6080=ORIENTED_EDGE('',*,*,#4386,.T.);
#6081=ORIENTED_EDGE('',*,*,#4388,.T.);
#6082=ORIENTED_EDGE('',*,*,#4389,.F.);
#6083=ORIENTED_EDGE('',*,*,#4390,.T.);
#6084=ORIENTED_EDGE('',*,*,#4389,.T.);
#6085=ORIENTED_EDGE('',*,*,#4391,.T.);
#6086=ORIENTED_EDGE('',*,*,#4392,.F.);
#6087=ORIENTED_EDGE('',*,*,#4393,.T.);
#6088=ORIENTED_EDGE('',*,*,#4392,.T.);
#6089=ORIENTED_EDGE('',*,*,#4394,.T.);
#6090=ORIENTED_EDGE('',*,*,#4395,.F.);
#6091=ORIENTED_EDGE('',*,*,#4396,.T.);
#6092=ORIENTED_EDGE('',*,*,#4395,.T.);
#6093=ORIENTED_EDGE('',*,*,#4397,.T.);
#6094=ORIENTED_EDGE('',*,*,#4398,.F.);
#6095=ORIENTED_EDGE('',*,*,#4399,.T.);
#6096=ORIENTED_EDGE('',*,*,#4398,.T.);
#6097=ORIENTED_EDGE('',*,*,#4400,.T.);
#6098=ORIENTED_EDGE('',*,*,#4401,.F.);
#6099=ORIENTED_EDGE('',*,*,#4402,.T.);
#6100=ORIENTED_EDGE('',*,*,#4401,.T.);
#6101=ORIENTED_EDGE('',*,*,#4403,.T.);
#6102=ORIENTED_EDGE('',*,*,#4404,.F.);
#6103=ORIENTED_EDGE('',*,*,#4405,.T.);
#6104=ORIENTED_EDGE('',*,*,#4404,.T.);
#6105=ORIENTED_EDGE('',*,*,#4406,.T.);
#6106=ORIENTED_EDGE('',*,*,#4407,.F.);
#6107=ORIENTED_EDGE('',*,*,#4408,.T.);
#6108=ORIENTED_EDGE('',*,*,#4407,.T.);
#6109=ORIENTED_EDGE('',*,*,#4409,.T.);
#6110=ORIENTED_EDGE('',*,*,#4410,.F.);
#6111=ORIENTED_EDGE('',*,*,#4411,.T.);
#6112=ORIENTED_EDGE('',*,*,#4410,.T.);
#6113=ORIENTED_EDGE('',*,*,#4412,.T.);
#6114=ORIENTED_EDGE('',*,*,#4413,.F.);
#6115=ORIENTED_EDGE('',*,*,#4414,.T.);
#6116=ORIENTED_EDGE('',*,*,#4413,.T.);
#6117=ORIENTED_EDGE('',*,*,#4415,.T.);
#6118=ORIENTED_EDGE('',*,*,#4416,.F.);
#6119=ORIENTED_EDGE('',*,*,#4417,.T.);
#6120=ORIENTED_EDGE('',*,*,#4418,.T.);
#6121=ORIENTED_EDGE('',*,*,#4419,.T.);
#6122=ORIENTED_EDGE('',*,*,#4381,.F.);
#6123=ORIENTED_EDGE('',*,*,#4420,.T.);
#6124=ORIENTED_EDGE('',*,*,#4421,.T.);
#6125=ORIENTED_EDGE('',*,*,#4422,.T.);
#6126=ORIENTED_EDGE('',*,*,#4418,.F.);
#6127=ORIENTED_EDGE('',*,*,#4423,.T.);
#6128=ORIENTED_EDGE('',*,*,#4424,.T.);
#6129=ORIENTED_EDGE('',*,*,#4425,.T.);
#6130=ORIENTED_EDGE('',*,*,#4421,.F.);
#6131=ORIENTED_EDGE('',*,*,#4426,.T.);
#6132=ORIENTED_EDGE('',*,*,#4427,.T.);
#6133=ORIENTED_EDGE('',*,*,#4428,.T.);
#6134=ORIENTED_EDGE('',*,*,#4424,.F.);
#6135=ORIENTED_EDGE('',*,*,#4429,.T.);
#6136=ORIENTED_EDGE('',*,*,#4430,.T.);
#6137=ORIENTED_EDGE('',*,*,#4431,.T.);
#6138=ORIENTED_EDGE('',*,*,#4427,.F.);
#6139=ORIENTED_EDGE('',*,*,#4432,.T.);
#6140=ORIENTED_EDGE('',*,*,#4433,.T.);
#6141=ORIENTED_EDGE('',*,*,#4434,.T.);
#6142=ORIENTED_EDGE('',*,*,#4430,.F.);
#6143=ORIENTED_EDGE('',*,*,#4435,.T.);
#6144=ORIENTED_EDGE('',*,*,#4436,.T.);
#6145=ORIENTED_EDGE('',*,*,#4437,.T.);
#6146=ORIENTED_EDGE('',*,*,#4433,.F.);
#6147=ORIENTED_EDGE('',*,*,#4438,.T.);
#6148=ORIENTED_EDGE('',*,*,#4439,.T.);
#6149=ORIENTED_EDGE('',*,*,#4440,.T.);
#6150=ORIENTED_EDGE('',*,*,#4436,.F.);
#6151=ORIENTED_EDGE('',*,*,#4441,.T.);
#6152=ORIENTED_EDGE('',*,*,#4442,.T.);
#6153=ORIENTED_EDGE('',*,*,#4443,.T.);
#6154=ORIENTED_EDGE('',*,*,#4439,.F.);
#6155=ORIENTED_EDGE('',*,*,#4444,.T.);
#6156=ORIENTED_EDGE('',*,*,#4445,.T.);
#6157=ORIENTED_EDGE('',*,*,#4446,.T.);
#6158=ORIENTED_EDGE('',*,*,#4442,.F.);
#6159=ORIENTED_EDGE('',*,*,#4447,.T.);
#6160=ORIENTED_EDGE('',*,*,#4448,.T.);
#6161=ORIENTED_EDGE('',*,*,#4449,.T.);
#6162=ORIENTED_EDGE('',*,*,#4445,.F.);
#6163=ORIENTED_EDGE('',*,*,#4450,.T.);
#6164=ORIENTED_EDGE('',*,*,#4416,.T.);
#6165=ORIENTED_EDGE('',*,*,#4451,.T.);
#6166=ORIENTED_EDGE('',*,*,#4448,.F.);
#6167=ORIENTED_EDGE('',*,*,#4452,.F.);
#6168=ORIENTED_EDGE('',*,*,#4453,.F.);
#6169=ORIENTED_EDGE('',*,*,#4454,.F.);
#6170=ORIENTED_EDGE('',*,*,#4455,.F.);
#6171=ORIENTED_EDGE('',*,*,#4456,.F.);
#6172=ORIENTED_EDGE('',*,*,#4457,.F.);
#6173=ORIENTED_EDGE('',*,*,#4458,.F.);
#6174=ORIENTED_EDGE('',*,*,#4459,.F.);
#6175=ORIENTED_EDGE('',*,*,#4460,.F.);
#6176=ORIENTED_EDGE('',*,*,#4461,.F.);
#6177=ORIENTED_EDGE('',*,*,#4462,.F.);
#6178=ORIENTED_EDGE('',*,*,#4463,.F.);
#6179=ORIENTED_EDGE('',*,*,#4464,.F.);
#6180=ORIENTED_EDGE('',*,*,#4465,.F.);
#6181=ORIENTED_EDGE('',*,*,#4466,.F.);
#6182=ORIENTED_EDGE('',*,*,#4467,.F.);
#6183=ORIENTED_EDGE('',*,*,#4451,.F.);
#6184=ORIENTED_EDGE('',*,*,#4415,.F.);
#6185=ORIENTED_EDGE('',*,*,#4412,.F.);
#6186=ORIENTED_EDGE('',*,*,#4409,.F.);
#6187=ORIENTED_EDGE('',*,*,#4406,.F.);
#6188=ORIENTED_EDGE('',*,*,#4403,.F.);
#6189=ORIENTED_EDGE('',*,*,#4400,.F.);
#6190=ORIENTED_EDGE('',*,*,#4397,.F.);
#6191=ORIENTED_EDGE('',*,*,#4394,.F.);
#6192=ORIENTED_EDGE('',*,*,#4391,.F.);
#6193=ORIENTED_EDGE('',*,*,#4388,.F.);
#6194=ORIENTED_EDGE('',*,*,#4385,.F.);
#6195=ORIENTED_EDGE('',*,*,#4382,.F.);
#6196=ORIENTED_EDGE('',*,*,#4419,.F.);
#6197=ORIENTED_EDGE('',*,*,#4422,.F.);
#6198=ORIENTED_EDGE('',*,*,#4425,.F.);
#6199=ORIENTED_EDGE('',*,*,#4428,.F.);
#6200=ORIENTED_EDGE('',*,*,#4431,.F.);
#6201=ORIENTED_EDGE('',*,*,#4434,.F.);
#6202=ORIENTED_EDGE('',*,*,#4437,.F.);
#6203=ORIENTED_EDGE('',*,*,#4440,.F.);
#6204=ORIENTED_EDGE('',*,*,#4443,.F.);
#6205=ORIENTED_EDGE('',*,*,#4446,.F.);
#6206=ORIENTED_EDGE('',*,*,#4449,.F.);
#6207=ORIENTED_EDGE('',*,*,#4468,.T.);
#6208=ORIENTED_EDGE('',*,*,#4469,.T.);
#6209=ORIENTED_EDGE('',*,*,#4453,.T.);
#6210=ORIENTED_EDGE('',*,*,#4470,.F.);
#6211=ORIENTED_EDGE('',*,*,#4471,.T.);
#6212=ORIENTED_EDGE('',*,*,#4472,.T.);
#6213=ORIENTED_EDGE('',*,*,#4454,.T.);
#6214=ORIENTED_EDGE('',*,*,#4469,.F.);
#6215=ORIENTED_EDGE('',*,*,#4473,.T.);
#6216=ORIENTED_EDGE('',*,*,#4474,.T.);
#6217=ORIENTED_EDGE('',*,*,#4455,.T.);
#6218=ORIENTED_EDGE('',*,*,#4472,.F.);
#6219=ORIENTED_EDGE('',*,*,#4475,.T.);
#6220=ORIENTED_EDGE('',*,*,#4476,.T.);
#6221=ORIENTED_EDGE('',*,*,#4456,.T.);
#6222=ORIENTED_EDGE('',*,*,#4474,.F.);
#6223=ORIENTED_EDGE('',*,*,#4477,.T.);
#6224=ORIENTED_EDGE('',*,*,#4478,.T.);
#6225=ORIENTED_EDGE('',*,*,#4457,.T.);
#6226=ORIENTED_EDGE('',*,*,#4476,.F.);
#6227=ORIENTED_EDGE('',*,*,#4479,.T.);
#6228=ORIENTED_EDGE('',*,*,#4480,.T.);
#6229=ORIENTED_EDGE('',*,*,#4458,.T.);
#6230=ORIENTED_EDGE('',*,*,#4478,.F.);
#6231=ORIENTED_EDGE('',*,*,#4481,.T.);
#6232=ORIENTED_EDGE('',*,*,#4482,.T.);
#6233=ORIENTED_EDGE('',*,*,#4459,.T.);
#6234=ORIENTED_EDGE('',*,*,#4480,.F.);
#6235=ORIENTED_EDGE('',*,*,#4483,.T.);
#6236=ORIENTED_EDGE('',*,*,#4484,.T.);
#6237=ORIENTED_EDGE('',*,*,#4460,.T.);
#6238=ORIENTED_EDGE('',*,*,#4482,.F.);
#6239=ORIENTED_EDGE('',*,*,#4485,.T.);
#6240=ORIENTED_EDGE('',*,*,#4486,.T.);
#6241=ORIENTED_EDGE('',*,*,#4461,.T.);
#6242=ORIENTED_EDGE('',*,*,#4484,.F.);
#6243=ORIENTED_EDGE('',*,*,#4487,.T.);
#6244=ORIENTED_EDGE('',*,*,#4488,.T.);
#6245=ORIENTED_EDGE('',*,*,#4462,.T.);
#6246=ORIENTED_EDGE('',*,*,#4486,.F.);
#6247=ORIENTED_EDGE('',*,*,#4489,.T.);
#6248=ORIENTED_EDGE('',*,*,#4490,.T.);
#6249=ORIENTED_EDGE('',*,*,#4463,.T.);
#6250=ORIENTED_EDGE('',*,*,#4488,.F.);
#6251=ORIENTED_EDGE('',*,*,#4491,.T.);
#6252=ORIENTED_EDGE('',*,*,#4492,.T.);
#6253=ORIENTED_EDGE('',*,*,#4464,.T.);
#6254=ORIENTED_EDGE('',*,*,#4490,.F.);
#6255=ORIENTED_EDGE('',*,*,#4493,.T.);
#6256=ORIENTED_EDGE('',*,*,#4494,.T.);
#6257=ORIENTED_EDGE('',*,*,#4465,.T.);
#6258=ORIENTED_EDGE('',*,*,#4492,.F.);
#6259=ORIENTED_EDGE('',*,*,#4495,.T.);
#6260=ORIENTED_EDGE('',*,*,#4496,.T.);
#6261=ORIENTED_EDGE('',*,*,#4466,.T.);
#6262=ORIENTED_EDGE('',*,*,#4494,.F.);
#6263=ORIENTED_EDGE('',*,*,#4497,.T.);
#6264=ORIENTED_EDGE('',*,*,#4498,.T.);
#6265=ORIENTED_EDGE('',*,*,#4467,.T.);
#6266=ORIENTED_EDGE('',*,*,#4496,.F.);
#6267=ORIENTED_EDGE('',*,*,#4499,.T.);
#6268=ORIENTED_EDGE('',*,*,#4470,.T.);
#6269=ORIENTED_EDGE('',*,*,#4452,.T.);
#6270=ORIENTED_EDGE('',*,*,#4498,.F.);
#6271=ORIENTED_EDGE('',*,*,#4414,.F.);
#6272=ORIENTED_EDGE('',*,*,#4450,.F.);
#6273=ORIENTED_EDGE('',*,*,#4447,.F.);
#6274=ORIENTED_EDGE('',*,*,#4444,.F.);
#6275=ORIENTED_EDGE('',*,*,#4441,.F.);
#6276=ORIENTED_EDGE('',*,*,#4438,.F.);
#6277=ORIENTED_EDGE('',*,*,#4435,.F.);
#6278=ORIENTED_EDGE('',*,*,#4432,.F.);
#6279=ORIENTED_EDGE('',*,*,#4429,.F.);
#6280=ORIENTED_EDGE('',*,*,#4426,.F.);
#6281=ORIENTED_EDGE('',*,*,#4423,.F.);
#6282=ORIENTED_EDGE('',*,*,#4420,.F.);
#6283=ORIENTED_EDGE('',*,*,#4417,.F.);
#6284=ORIENTED_EDGE('',*,*,#4380,.F.);
#6285=ORIENTED_EDGE('',*,*,#4384,.F.);
#6286=ORIENTED_EDGE('',*,*,#4387,.F.);
#6287=ORIENTED_EDGE('',*,*,#4390,.F.);
#6288=ORIENTED_EDGE('',*,*,#4393,.F.);
#6289=ORIENTED_EDGE('',*,*,#4396,.F.);
#6290=ORIENTED_EDGE('',*,*,#4399,.F.);
#6291=ORIENTED_EDGE('',*,*,#4402,.F.);
#6292=ORIENTED_EDGE('',*,*,#4405,.F.);
#6293=ORIENTED_EDGE('',*,*,#4408,.F.);
#6294=ORIENTED_EDGE('',*,*,#4411,.F.);
#6295=ORIENTED_EDGE('',*,*,#4351,.T.);
#6296=ORIENTED_EDGE('',*,*,#4353,.T.);
#6297=ORIENTED_EDGE('',*,*,#4354,.T.);
#6298=ORIENTED_EDGE('',*,*,#4308,.T.);
#6299=ORIENTED_EDGE('',*,*,#4311,.T.);
#6300=ORIENTED_EDGE('',*,*,#4313,.T.);
#6301=ORIENTED_EDGE('',*,*,#4315,.T.);
#6302=ORIENTED_EDGE('',*,*,#4317,.T.);
#6303=ORIENTED_EDGE('',*,*,#4319,.T.);
#6304=ORIENTED_EDGE('',*,*,#4321,.T.);
#6305=ORIENTED_EDGE('',*,*,#4323,.T.);
#6306=ORIENTED_EDGE('',*,*,#4325,.T.);
#6307=ORIENTED_EDGE('',*,*,#4327,.T.);
#6308=ORIENTED_EDGE('',*,*,#4329,.T.);
#6309=ORIENTED_EDGE('',*,*,#4331,.T.);
#6310=ORIENTED_EDGE('',*,*,#4333,.T.);
#6311=ORIENTED_EDGE('',*,*,#4335,.T.);
#6312=ORIENTED_EDGE('',*,*,#4337,.T.);
#6313=ORIENTED_EDGE('',*,*,#4339,.T.);
#6314=ORIENTED_EDGE('',*,*,#4341,.T.);
#6315=ORIENTED_EDGE('',*,*,#4343,.T.);
#6316=ORIENTED_EDGE('',*,*,#4345,.T.);
#6317=ORIENTED_EDGE('',*,*,#4347,.T.);
#6318=ORIENTED_EDGE('',*,*,#4349,.T.);
#6319=ORIENTED_EDGE('',*,*,#4144,.F.);
#6320=ORIENTED_EDGE('',*,*,#4500,.F.);
#6321=ORIENTED_EDGE('',*,*,#4501,.T.);
#6322=ORIENTED_EDGE('',*,*,#4502,.T.);
#6323=ORIENTED_EDGE('',*,*,#4145,.F.);
#6324=ORIENTED_EDGE('',*,*,#4502,.F.);
#6325=ORIENTED_EDGE('',*,*,#4503,.F.);
#6326=ORIENTED_EDGE('',*,*,#4504,.T.);
#6327=ORIENTED_EDGE('',*,*,#4146,.F.);
#6328=ORIENTED_EDGE('',*,*,#4504,.F.);
#6329=ORIENTED_EDGE('',*,*,#4505,.T.);
#6330=ORIENTED_EDGE('',*,*,#4506,.T.);
#6331=ORIENTED_EDGE('',*,*,#4147,.F.);
#6332=ORIENTED_EDGE('',*,*,#4506,.F.);
#6333=ORIENTED_EDGE('',*,*,#4507,.T.);
#6334=ORIENTED_EDGE('',*,*,#4508,.T.);
#6335=ORIENTED_EDGE('',*,*,#4228,.F.);
#6336=ORIENTED_EDGE('',*,*,#4143,.F.);
#6337=ORIENTED_EDGE('',*,*,#4216,.F.);
#6338=ORIENTED_EDGE('',*,*,#4509,.F.);
#6339=ORIENTED_EDGE('',*,*,#4510,.T.);
#6340=ORIENTED_EDGE('',*,*,#4500,.T.);
#6341=ORIENTED_EDGE('',*,*,#4215,.F.);
#6342=ORIENTED_EDGE('',*,*,#4511,.F.);
#6343=ORIENTED_EDGE('',*,*,#4512,.T.);
#6344=ORIENTED_EDGE('',*,*,#4509,.T.);
#6345=ORIENTED_EDGE('',*,*,#4229,.F.);
#6346=ORIENTED_EDGE('',*,*,#4508,.F.);
#6347=ORIENTED_EDGE('',*,*,#4513,.T.);
#6348=ORIENTED_EDGE('',*,*,#4514,.T.);
#6349=ORIENTED_EDGE('',*,*,#4512,.F.);
#6350=ORIENTED_EDGE('',*,*,#4515,.F.);
#6351=ORIENTED_EDGE('',*,*,#4513,.F.);
#6352=ORIENTED_EDGE('',*,*,#4507,.F.);
#6353=ORIENTED_EDGE('',*,*,#4505,.F.);
#6354=ORIENTED_EDGE('',*,*,#4503,.T.);
#6355=ORIENTED_EDGE('',*,*,#4501,.F.);
#6356=ORIENTED_EDGE('',*,*,#4510,.F.);
#6357=ORIENTED_EDGE('',*,*,#4363,.T.);
#6358=ORIENTED_EDGE('',*,*,#4369,.T.);
#6359=ORIENTED_EDGE('',*,*,#4379,.T.);
#6360=ORIENTED_EDGE('',*,*,#4377,.T.);
#6361=ORIENTED_EDGE('',*,*,#4515,.T.);
#6362=ORIENTED_EDGE('',*,*,#4511,.T.);
#6363=ORIENTED_EDGE('',*,*,#4214,.F.);
#6364=ORIENTED_EDGE('',*,*,#4514,.F.);
#6365=ORIENTED_EDGE('',*,*,#4249,.T.);
#6366=ORIENTED_EDGE('',*,*,#4169,.F.);
#6367=ORIENTED_EDGE('',*,*,#4516,.F.);
#6368=ORIENTED_EDGE('',*,*,#4517,.T.);
#6369=ORIENTED_EDGE('',*,*,#4518,.T.);
#6370=ORIENTED_EDGE('',*,*,#4170,.F.);
#6371=ORIENTED_EDGE('',*,*,#4518,.F.);
#6372=ORIENTED_EDGE('',*,*,#4519,.T.);
#6373=ORIENTED_EDGE('',*,*,#4520,.F.);
#6374=ORIENTED_EDGE('',*,*,#4171,.F.);
#6375=ORIENTED_EDGE('',*,*,#4520,.T.);
#6376=ORIENTED_EDGE('',*,*,#4521,.T.);
#6377=ORIENTED_EDGE('',*,*,#4522,.T.);
#6378=ORIENTED_EDGE('',*,*,#4172,.F.);
#6379=ORIENTED_EDGE('',*,*,#4522,.F.);
#6380=ORIENTED_EDGE('',*,*,#4523,.T.);
#6381=ORIENTED_EDGE('',*,*,#4524,.T.);
#6382=ORIENTED_EDGE('',*,*,#4173,.F.);
#6383=ORIENTED_EDGE('',*,*,#4524,.F.);
#6384=ORIENTED_EDGE('',*,*,#4525,.T.);
#6385=ORIENTED_EDGE('',*,*,#4526,.T.);
#6386=ORIENTED_EDGE('',*,*,#4174,.F.);
#6387=ORIENTED_EDGE('',*,*,#4526,.F.);
#6388=ORIENTED_EDGE('',*,*,#4527,.T.);
#6389=ORIENTED_EDGE('',*,*,#4528,.F.);
#6390=ORIENTED_EDGE('',*,*,#4175,.F.);
#6391=ORIENTED_EDGE('',*,*,#4528,.T.);
#6392=ORIENTED_EDGE('',*,*,#4529,.T.);
#6393=ORIENTED_EDGE('',*,*,#4530,.T.);
#6394=ORIENTED_EDGE('',*,*,#4176,.F.);
#6395=ORIENTED_EDGE('',*,*,#4530,.F.);
#6396=ORIENTED_EDGE('',*,*,#4531,.T.);
#6397=ORIENTED_EDGE('',*,*,#4532,.T.);
#6398=ORIENTED_EDGE('',*,*,#4167,.F.);
#6399=ORIENTED_EDGE('',*,*,#4533,.T.);
#6400=ORIENTED_EDGE('',*,*,#4534,.T.);
#6401=ORIENTED_EDGE('',*,*,#4535,.T.);
#6402=ORIENTED_EDGE('',*,*,#4168,.F.);
#6403=ORIENTED_EDGE('',*,*,#4535,.F.);
#6404=ORIENTED_EDGE('',*,*,#4536,.T.);
#6405=ORIENTED_EDGE('',*,*,#4516,.T.);
#6406=ORIENTED_EDGE('',*,*,#4161,.F.);
#6407=ORIENTED_EDGE('',*,*,#4532,.F.);
#6408=ORIENTED_EDGE('',*,*,#4537,.T.);
#6409=ORIENTED_EDGE('',*,*,#4538,.T.);
#6410=ORIENTED_EDGE('',*,*,#4534,.F.);
#6411=ORIENTED_EDGE('',*,*,#4539,.F.);
#6412=ORIENTED_EDGE('',*,*,#4540,.F.);
#6413=ORIENTED_EDGE('',*,*,#4541,.F.);
#6414=ORIENTED_EDGE('',*,*,#4542,.F.);
#6415=ORIENTED_EDGE('',*,*,#4543,.F.);
#6416=ORIENTED_EDGE('',*,*,#4537,.F.);
#6417=ORIENTED_EDGE('',*,*,#4531,.F.);
#6418=ORIENTED_EDGE('',*,*,#4529,.F.);
#6419=ORIENTED_EDGE('',*,*,#4527,.F.);
#6420=ORIENTED_EDGE('',*,*,#4525,.F.);
#6421=ORIENTED_EDGE('',*,*,#4523,.F.);
#6422=ORIENTED_EDGE('',*,*,#4521,.F.);
#6423=ORIENTED_EDGE('',*,*,#4519,.F.);
#6424=ORIENTED_EDGE('',*,*,#4517,.F.);
#6425=ORIENTED_EDGE('',*,*,#4536,.F.);
#6426=ORIENTED_EDGE('',*,*,#4499,.F.);
#6427=ORIENTED_EDGE('',*,*,#4497,.F.);
#6428=ORIENTED_EDGE('',*,*,#4495,.F.);
#6429=ORIENTED_EDGE('',*,*,#4493,.F.);
#6430=ORIENTED_EDGE('',*,*,#4491,.F.);
#6431=ORIENTED_EDGE('',*,*,#4489,.F.);
#6432=ORIENTED_EDGE('',*,*,#4487,.F.);
#6433=ORIENTED_EDGE('',*,*,#4485,.F.);
#6434=ORIENTED_EDGE('',*,*,#4483,.F.);
#6435=ORIENTED_EDGE('',*,*,#4481,.F.);
#6436=ORIENTED_EDGE('',*,*,#4479,.F.);
#6437=ORIENTED_EDGE('',*,*,#4477,.F.);
#6438=ORIENTED_EDGE('',*,*,#4475,.F.);
#6439=ORIENTED_EDGE('',*,*,#4473,.F.);
#6440=ORIENTED_EDGE('',*,*,#4471,.F.);
#6441=ORIENTED_EDGE('',*,*,#4468,.F.);
#6442=ORIENTED_EDGE('',*,*,#4162,.F.);
#6443=ORIENTED_EDGE('',*,*,#4538,.F.);
#6444=ORIENTED_EDGE('',*,*,#4543,.T.);
#6445=ORIENTED_EDGE('',*,*,#4544,.F.);
#6446=ORIENTED_EDGE('',*,*,#4166,.F.);
#6447=ORIENTED_EDGE('',*,*,#4545,.F.);
#6448=ORIENTED_EDGE('',*,*,#4539,.T.);
#6449=ORIENTED_EDGE('',*,*,#4533,.F.);
#6450=ORIENTED_EDGE('',*,*,#4163,.F.);
#6451=ORIENTED_EDGE('',*,*,#4544,.T.);
#6452=ORIENTED_EDGE('',*,*,#4542,.T.);
#6453=ORIENTED_EDGE('',*,*,#4546,.T.);
#6454=ORIENTED_EDGE('',*,*,#4165,.F.);
#6455=ORIENTED_EDGE('',*,*,#4547,.F.);
#6456=ORIENTED_EDGE('',*,*,#4540,.T.);
#6457=ORIENTED_EDGE('',*,*,#4545,.T.);
#6458=ORIENTED_EDGE('',*,*,#4164,.F.);
#6459=ORIENTED_EDGE('',*,*,#4546,.F.);
#6460=ORIENTED_EDGE('',*,*,#4541,.T.);
#6461=ORIENTED_EDGE('',*,*,#4547,.T.);
#6462=ORIENTED_EDGE('',*,*,#4548,.F.);
#6463=ORIENTED_EDGE('',*,*,#4549,.F.);
#6464=ORIENTED_EDGE('',*,*,#4550,.T.);
#6465=ORIENTED_EDGE('',*,*,#4551,.F.);
#6466=ORIENTED_EDGE('',*,*,#4552,.T.);
#6467=ORIENTED_EDGE('',*,*,#4553,.F.);
#6468=ORIENTED_EDGE('',*,*,#4552,.F.);
#6469=ORIENTED_EDGE('',*,*,#4554,.F.);
#6470=ORIENTED_EDGE('',*,*,#4555,.F.);
#6471=ORIENTED_EDGE('',*,*,#4556,.F.);
#6472=ORIENTED_EDGE('',*,*,#4557,.F.);
#6473=ORIENTED_EDGE('',*,*,#4558,.F.);
#6474=ORIENTED_EDGE('',*,*,#4559,.F.);
#6475=ORIENTED_EDGE('',*,*,#4560,.F.);
#6476=ORIENTED_EDGE('',*,*,#4561,.F.);
#6477=ORIENTED_EDGE('',*,*,#4562,.T.);
#6478=ORIENTED_EDGE('',*,*,#4563,.T.);
#6479=ORIENTED_EDGE('',*,*,#4564,.F.);
#6480=ORIENTED_EDGE('',*,*,#4565,.F.);
#6481=ORIENTED_EDGE('',*,*,#4566,.F.);
#6482=ORIENTED_EDGE('',*,*,#4567,.F.);
#6483=ORIENTED_EDGE('',*,*,#4568,.F.);
#6484=ORIENTED_EDGE('',*,*,#4569,.F.);
#6485=ORIENTED_EDGE('',*,*,#4570,.F.);
#6486=ORIENTED_EDGE('',*,*,#4571,.F.);
#6487=ORIENTED_EDGE('',*,*,#4572,.T.);
#6488=ORIENTED_EDGE('',*,*,#4549,.T.);
#6489=ORIENTED_EDGE('',*,*,#4573,.F.);
#6490=ORIENTED_EDGE('',*,*,#4574,.F.);
#6491=ORIENTED_EDGE('',*,*,#4575,.F.);
#6492=ORIENTED_EDGE('',*,*,#4576,.F.);
#6493=ORIENTED_EDGE('',*,*,#4556,.T.);
#6494=ORIENTED_EDGE('',*,*,#4577,.T.);
#6495=ORIENTED_EDGE('',*,*,#4557,.T.);
#6496=ORIENTED_EDGE('',*,*,#4576,.T.);
#6497=ORIENTED_EDGE('',*,*,#4578,.F.);
#6498=ORIENTED_EDGE('',*,*,#4579,.T.);
#6499=ORIENTED_EDGE('',*,*,#4580,.F.);
#6500=ORIENTED_EDGE('',*,*,#4550,.F.);
#6501=ORIENTED_EDGE('',*,*,#4572,.F.);
#6502=ORIENTED_EDGE('',*,*,#4581,.T.);
#6503=ORIENTED_EDGE('',*,*,#4558,.T.);
#6504=ORIENTED_EDGE('',*,*,#4577,.F.);
#6505=ORIENTED_EDGE('',*,*,#4582,.F.);
#6506=ORIENTED_EDGE('',*,*,#4559,.T.);
#6507=ORIENTED_EDGE('',*,*,#4581,.F.);
#6508=ORIENTED_EDGE('',*,*,#4583,.F.);
#6509=ORIENTED_EDGE('',*,*,#4584,.F.);
#6510=ORIENTED_EDGE('',*,*,#4585,.F.);
#6511=ORIENTED_EDGE('',*,*,#4579,.F.);
#6512=ORIENTED_EDGE('',*,*,#4571,.T.);
#6513=ORIENTED_EDGE('',*,*,#4586,.F.);
#6514=ORIENTED_EDGE('',*,*,#4587,.F.);
#6515=ORIENTED_EDGE('',*,*,#4564,.T.);
#6516=ORIENTED_EDGE('',*,*,#4588,.F.);
#6517=ORIENTED_EDGE('',*,*,#4589,.F.);
#6518=ORIENTED_EDGE('',*,*,#4590,.F.);
#6519=ORIENTED_EDGE('',*,*,#4591,.F.);
#6520=ORIENTED_EDGE('',*,*,#4592,.F.);
#6521=ORIENTED_EDGE('',*,*,#4593,.F.);
#6522=ORIENTED_EDGE('',*,*,#4592,.T.);
#6523=ORIENTED_EDGE('',*,*,#4594,.F.);
#6524=ORIENTED_EDGE('',*,*,#4595,.T.);
#6525=ORIENTED_EDGE('',*,*,#4567,.T.);
#6526=ORIENTED_EDGE('',*,*,#4596,.T.);
#6527=ORIENTED_EDGE('',*,*,#4597,.F.);
#6528=ORIENTED_EDGE('',*,*,#4588,.T.);
#6529=ORIENTED_EDGE('',*,*,#4563,.F.);
#6530=ORIENTED_EDGE('',*,*,#4598,.T.);
#6531=ORIENTED_EDGE('',*,*,#4568,.T.);
#6532=ORIENTED_EDGE('',*,*,#4595,.F.);
#6533=ORIENTED_EDGE('',*,*,#4599,.F.);
#6534=ORIENTED_EDGE('',*,*,#4600,.T.);
#6535=ORIENTED_EDGE('',*,*,#4601,.F.);
#6536=ORIENTED_EDGE('',*,*,#4596,.F.);
#6537=ORIENTED_EDGE('',*,*,#4562,.F.);
#6538=ORIENTED_EDGE('',*,*,#4602,.F.);
#6539=ORIENTED_EDGE('',*,*,#4600,.F.);
#6540=ORIENTED_EDGE('',*,*,#4561,.T.);
#6541=ORIENTED_EDGE('',*,*,#4603,.F.);
#6542=ORIENTED_EDGE('',*,*,#4569,.T.);
#6543=ORIENTED_EDGE('',*,*,#4598,.F.);
#6544=ORIENTED_EDGE('',*,*,#4604,.F.);
#6545=ORIENTED_EDGE('',*,*,#4605,.F.);
#6546=ORIENTED_EDGE('',*,*,#4570,.T.);
#6547=ORIENTED_EDGE('',*,*,#4605,.T.);
#6548=ORIENTED_EDGE('',*,*,#4606,.F.);
#6549=ORIENTED_EDGE('',*,*,#4586,.T.);
#6550=ORIENTED_EDGE('',*,*,#4607,.F.);
#6551=ORIENTED_EDGE('',*,*,#4603,.T.);
#6552=ORIENTED_EDGE('',*,*,#4560,.T.);
#6553=ORIENTED_EDGE('',*,*,#4584,.T.);
#6554=ORIENTED_EDGE('',*,*,#4555,.T.);
#6555=ORIENTED_EDGE('',*,*,#4608,.F.);
#6556=ORIENTED_EDGE('',*,*,#4609,.F.);
#6557=ORIENTED_EDGE('',*,*,#4610,.T.);
#6558=ORIENTED_EDGE('',*,*,#4573,.T.);
#6559=ORIENTED_EDGE('',*,*,#4548,.T.);
#6560=ORIENTED_EDGE('',*,*,#4553,.T.);
#6561=ORIENTED_EDGE('',*,*,#4611,.F.);
#6562=ORIENTED_EDGE('',*,*,#4612,.F.);
#6563=ORIENTED_EDGE('',*,*,#4608,.T.);
#6564=ORIENTED_EDGE('',*,*,#4554,.T.);
#6565=ORIENTED_EDGE('',*,*,#4551,.T.);
#6566=ORIENTED_EDGE('',*,*,#4580,.T.);
#6567=ORIENTED_EDGE('',*,*,#4585,.T.);
#6568=ORIENTED_EDGE('',*,*,#4606,.T.);
#6569=ORIENTED_EDGE('',*,*,#4604,.T.);
#6570=ORIENTED_EDGE('',*,*,#4599,.T.);
#6571=ORIENTED_EDGE('',*,*,#4594,.T.);
#6572=ORIENTED_EDGE('',*,*,#4591,.T.);
#6573=ORIENTED_EDGE('',*,*,#4613,.T.);
#6574=ORIENTED_EDGE('',*,*,#4614,.F.);
#6575=ORIENTED_EDGE('',*,*,#4615,.T.);
#6576=ORIENTED_EDGE('',*,*,#4616,.F.);
#6577=ORIENTED_EDGE('',*,*,#4617,.F.);
#6578=ORIENTED_EDGE('',*,*,#4618,.T.);
#6579=ORIENTED_EDGE('',*,*,#4619,.T.);
#6580=ORIENTED_EDGE('',*,*,#4620,.F.);
#6581=ORIENTED_EDGE('',*,*,#4621,.F.);
#6582=ORIENTED_EDGE('',*,*,#4622,.F.);
#6583=ORIENTED_EDGE('',*,*,#4623,.T.);
#6584=ORIENTED_EDGE('',*,*,#4624,.F.);
#6585=ORIENTED_EDGE('',*,*,#4625,.F.);
#6586=ORIENTED_EDGE('',*,*,#4626,.T.);
#6587=ORIENTED_EDGE('',*,*,#4100,.F.);
#6588=ORIENTED_EDGE('',*,*,#4627,.F.);
#6589=ORIENTED_EDGE('',*,*,#4628,.F.);
#6590=ORIENTED_EDGE('',*,*,#4629,.F.);
#6591=ORIENTED_EDGE('',*,*,#4630,.F.);
#6592=ORIENTED_EDGE('',*,*,#4631,.F.);
#6593=ORIENTED_EDGE('',*,*,#4632,.F.);
#6594=ORIENTED_EDGE('',*,*,#4631,.T.);
#6595=ORIENTED_EDGE('',*,*,#4633,.F.);
#6596=ORIENTED_EDGE('',*,*,#4634,.F.);
#6597=ORIENTED_EDGE('',*,*,#4635,.F.);
#6598=ORIENTED_EDGE('',*,*,#4636,.T.);
#6599=ORIENTED_EDGE('',*,*,#4637,.F.);
#6600=ORIENTED_EDGE('',*,*,#4636,.F.);
#6601=ORIENTED_EDGE('',*,*,#4638,.F.);
#6602=ORIENTED_EDGE('',*,*,#4639,.F.);
#6603=ORIENTED_EDGE('',*,*,#4640,.T.);
#6604=ORIENTED_EDGE('',*,*,#4641,.F.);
#6605=ORIENTED_EDGE('',*,*,#4101,.F.);
#6606=ORIENTED_EDGE('',*,*,#4626,.F.);
#6607=ORIENTED_EDGE('',*,*,#4642,.F.);
#6608=ORIENTED_EDGE('',*,*,#4643,.F.);
#6609=ORIENTED_EDGE('',*,*,#4644,.T.);
#6610=ORIENTED_EDGE('',*,*,#4639,.T.);
#6611=ORIENTED_EDGE('',*,*,#4645,.F.);
#6612=ORIENTED_EDGE('',*,*,#4646,.F.);
#6613=ORIENTED_EDGE('',*,*,#4102,.F.);
#6614=ORIENTED_EDGE('',*,*,#4641,.T.);
#6615=ORIENTED_EDGE('',*,*,#4647,.F.);
#6616=ORIENTED_EDGE('',*,*,#4648,.F.);
#6617=ORIENTED_EDGE('',*,*,#4649,.T.);
#6618=ORIENTED_EDGE('',*,*,#4103,.F.);
#6619=ORIENTED_EDGE('',*,*,#4646,.T.);
#6620=ORIENTED_EDGE('',*,*,#4650,.F.);
#6621=ORIENTED_EDGE('',*,*,#4651,.T.);
#6622=ORIENTED_EDGE('',*,*,#4652,.F.);
#6623=ORIENTED_EDGE('',*,*,#4643,.T.);
#6624=ORIENTED_EDGE('',*,*,#4653,.F.);
#6625=ORIENTED_EDGE('',*,*,#4108,.F.);
#6626=ORIENTED_EDGE('',*,*,#4654,.T.);
#6627=ORIENTED_EDGE('',*,*,#4655,.F.);
#6628=ORIENTED_EDGE('',*,*,#4656,.F.);
#6629=ORIENTED_EDGE('',*,*,#4657,.T.);
#6630=ORIENTED_EDGE('',*,*,#4654,.F.);
#6631=ORIENTED_EDGE('',*,*,#4107,.F.);
#6632=ORIENTED_EDGE('',*,*,#4658,.F.);
#6633=ORIENTED_EDGE('',*,*,#4659,.F.);
#6634=ORIENTED_EDGE('',*,*,#4629,.T.);
#6635=ORIENTED_EDGE('',*,*,#4660,.F.);
#6636=ORIENTED_EDGE('',*,*,#4661,.F.);
#6637=ORIENTED_EDGE('',*,*,#4662,.T.);
#6638=ORIENTED_EDGE('',*,*,#4656,.T.);
#6639=ORIENTED_EDGE('',*,*,#4106,.F.);
#6640=ORIENTED_EDGE('',*,*,#4105,.F.);
#6641=ORIENTED_EDGE('',*,*,#4663,.T.);
#6642=ORIENTED_EDGE('',*,*,#4664,.F.);
#6643=ORIENTED_EDGE('',*,*,#4661,.T.);
#6644=ORIENTED_EDGE('',*,*,#4665,.F.);
#6645=ORIENTED_EDGE('',*,*,#4666,.T.);
#6646=ORIENTED_EDGE('',*,*,#4667,.F.);
#6647=ORIENTED_EDGE('',*,*,#4658,.T.);
#6648=ORIENTED_EDGE('',*,*,#4668,.F.);
#6649=ORIENTED_EDGE('',*,*,#4669,.F.);
#6650=ORIENTED_EDGE('',*,*,#4640,.F.);
#6651=ORIENTED_EDGE('',*,*,#4644,.F.);
#6652=ORIENTED_EDGE('',*,*,#4652,.T.);
#6653=ORIENTED_EDGE('',*,*,#4670,.T.);
#6654=ORIENTED_EDGE('',*,*,#4665,.T.);
#6655=ORIENTED_EDGE('',*,*,#4660,.T.);
#6656=ORIENTED_EDGE('',*,*,#4628,.T.);
#6657=ORIENTED_EDGE('',*,*,#4671,.F.);
#6658=ORIENTED_EDGE('',*,*,#4672,.F.);
#6659=ORIENTED_EDGE('',*,*,#4655,.T.);
#6660=ORIENTED_EDGE('',*,*,#4657,.F.);
#6661=ORIENTED_EDGE('',*,*,#4662,.F.);
#6662=ORIENTED_EDGE('',*,*,#4664,.T.);
#6663=ORIENTED_EDGE('',*,*,#4673,.T.);
#6664=ORIENTED_EDGE('',*,*,#4648,.T.);
#6665=ORIENTED_EDGE('',*,*,#4647,.T.);
#6666=ORIENTED_EDGE('',*,*,#4642,.T.);
#6667=ORIENTED_EDGE('',*,*,#4625,.T.);
#6668=ORIENTED_EDGE('',*,*,#4670,.F.);
#6669=ORIENTED_EDGE('',*,*,#4651,.F.);
#6670=ORIENTED_EDGE('',*,*,#4674,.F.);
#6671=ORIENTED_EDGE('',*,*,#4666,.F.);
#6672=ORIENTED_EDGE('',*,*,#4104,.F.);
#6673=ORIENTED_EDGE('',*,*,#4649,.F.);
#6674=ORIENTED_EDGE('',*,*,#4673,.F.);
#6675=ORIENTED_EDGE('',*,*,#4663,.F.);
#6676=ORIENTED_EDGE('',*,*,#4624,.T.);
#6677=ORIENTED_EDGE('',*,*,#4675,.F.);
#6678=ORIENTED_EDGE('',*,*,#4676,.F.);
#6679=ORIENTED_EDGE('',*,*,#4677,.T.);
#6680=ORIENTED_EDGE('',*,*,#4635,.T.);
#6681=ORIENTED_EDGE('',*,*,#4678,.F.);
#6682=ORIENTED_EDGE('',*,*,#4679,.F.);
#6683=ORIENTED_EDGE('',*,*,#4680,.T.);
#6684=ORIENTED_EDGE('',*,*,#4681,.F.);
#6685=ORIENTED_EDGE('',*,*,#4682,.F.);
#6686=ORIENTED_EDGE('',*,*,#4683,.F.);
#6687=ORIENTED_EDGE('',*,*,#4684,.T.);
#6688=ORIENTED_EDGE('',*,*,#4685,.F.);
#6689=ORIENTED_EDGE('',*,*,#4686,.F.);
#6690=ORIENTED_EDGE('',*,*,#4687,.F.);
#6691=ORIENTED_EDGE('',*,*,#4688,.F.);
#6692=ORIENTED_EDGE('',*,*,#4633,.T.);
#6693=ORIENTED_EDGE('',*,*,#4630,.T.);
#6694=ORIENTED_EDGE('',*,*,#4659,.T.);
#6695=ORIENTED_EDGE('',*,*,#4667,.T.);
#6696=ORIENTED_EDGE('',*,*,#4674,.T.);
#6697=ORIENTED_EDGE('',*,*,#4650,.T.);
#6698=ORIENTED_EDGE('',*,*,#4645,.T.);
#6699=ORIENTED_EDGE('',*,*,#4638,.T.);
#6700=ORIENTED_EDGE('',*,*,#4672,.T.);
#6701=ORIENTED_EDGE('',*,*,#4689,.T.);
#6702=ORIENTED_EDGE('',*,*,#4690,.T.);
#6703=ORIENTED_EDGE('',*,*,#4691,.F.);
#6704=ORIENTED_EDGE('',*,*,#4671,.T.);
#6705=ORIENTED_EDGE('',*,*,#4627,.T.);
#6706=ORIENTED_EDGE('',*,*,#4632,.T.);
#6707=ORIENTED_EDGE('',*,*,#4692,.F.);
#6708=ORIENTED_EDGE('',*,*,#4693,.T.);
#6709=ORIENTED_EDGE('',*,*,#4689,.F.);
#6710=ORIENTED_EDGE('',*,*,#4574,.T.);
#6711=ORIENTED_EDGE('',*,*,#4610,.F.);
#6712=ORIENTED_EDGE('',*,*,#4694,.F.);
#6713=ORIENTED_EDGE('',*,*,#4695,.F.);
#6714=ORIENTED_EDGE('',*,*,#4696,.F.);
#6715=ORIENTED_EDGE('',*,*,#4697,.F.);
#6716=ORIENTED_EDGE('',*,*,#4694,.T.);
#6717=ORIENTED_EDGE('',*,*,#4698,.F.);
#6718=ORIENTED_EDGE('',*,*,#4699,.F.);
#6719=ORIENTED_EDGE('',*,*,#4700,.T.);
#6720=ORIENTED_EDGE('',*,*,#4612,.T.);
#6721=ORIENTED_EDGE('',*,*,#4701,.F.);
#6722=ORIENTED_EDGE('',*,*,#4702,.F.);
#6723=ORIENTED_EDGE('',*,*,#4698,.T.);
#6724=ORIENTED_EDGE('',*,*,#4609,.T.);
#6725=ORIENTED_EDGE('',*,*,#4700,.F.);
#6726=ORIENTED_EDGE('',*,*,#4669,.T.);
#6727=ORIENTED_EDGE('',*,*,#4703,.F.);
#6728=ORIENTED_EDGE('',*,*,#4704,.F.);
#6729=ORIENTED_EDGE('',*,*,#4705,.F.);
#6730=ORIENTED_EDGE('',*,*,#4634,.T.);
#6731=ORIENTED_EDGE('',*,*,#4637,.T.);
#6732=ORIENTED_EDGE('',*,*,#4668,.T.);
#6733=ORIENTED_EDGE('',*,*,#4677,.F.);
#6734=ORIENTED_EDGE('',*,*,#4706,.F.);
#6735=ORIENTED_EDGE('',*,*,#4703,.T.);
#6736=ORIENTED_EDGE('',*,*,#4707,.F.);
#6737=ORIENTED_EDGE('',*,*,#4708,.F.);
#6738=ORIENTED_EDGE('',*,*,#4704,.T.);
#6739=ORIENTED_EDGE('',*,*,#4709,.F.);
#6740=ORIENTED_EDGE('',*,*,#4710,.F.);
#6741=ORIENTED_EDGE('',*,*,#4711,.T.);
#6742=ORIENTED_EDGE('',*,*,#4676,.T.);
#6743=ORIENTED_EDGE('',*,*,#4712,.F.);
#6744=ORIENTED_EDGE('',*,*,#4713,.F.);
#6745=ORIENTED_EDGE('',*,*,#4709,.T.);
#6746=ORIENTED_EDGE('',*,*,#4706,.T.);
#6747=ORIENTED_EDGE('',*,*,#4711,.F.);
#6748=ORIENTED_EDGE('',*,*,#4714,.T.);
#6749=ORIENTED_EDGE('',*,*,#4699,.T.);
#6750=ORIENTED_EDGE('',*,*,#4715,.F.);
#6751=ORIENTED_EDGE('',*,*,#4707,.T.);
#6752=ORIENTED_EDGE('',*,*,#4716,.F.);
#6753=ORIENTED_EDGE('',*,*,#4696,.T.);
#6754=ORIENTED_EDGE('',*,*,#4717,.T.);
#6755=ORIENTED_EDGE('',*,*,#4710,.T.);
#6756=ORIENTED_EDGE('',*,*,#4717,.F.);
#6757=ORIENTED_EDGE('',*,*,#4702,.T.);
#6758=ORIENTED_EDGE('',*,*,#4714,.F.);
#6759=ORIENTED_EDGE('',*,*,#4713,.T.);
#6760=ORIENTED_EDGE('',*,*,#4611,.T.);
#6761=ORIENTED_EDGE('',*,*,#4623,.F.);
#6762=ORIENTED_EDGE('',*,*,#4718,.F.);
#6763=ORIENTED_EDGE('',*,*,#4719,.T.);
#6764=ORIENTED_EDGE('',*,*,#4695,.T.);
#6765=ORIENTED_EDGE('',*,*,#4720,.T.);
#6766=ORIENTED_EDGE('',*,*,#4086,.F.);
#6767=ORIENTED_EDGE('',*,*,#4721,.F.);
#6768=ORIENTED_EDGE('',*,*,#4701,.T.);
#6769=ORIENTED_EDGE('',*,*,#4719,.F.);
#6770=ORIENTED_EDGE('',*,*,#4722,.F.);
#6771=ORIENTED_EDGE('',*,*,#4723,.T.);
#6772=ORIENTED_EDGE('',*,*,#4697,.T.);
#6773=ORIENTED_EDGE('',*,*,#4724,.T.);
#6774=ORIENTED_EDGE('',*,*,#4087,.F.);
#6775=ORIENTED_EDGE('',*,*,#4720,.F.);
#6776=ORIENTED_EDGE('',*,*,#4715,.T.);
#6777=ORIENTED_EDGE('',*,*,#4723,.F.);
#6778=ORIENTED_EDGE('',*,*,#4725,.F.);
#6779=ORIENTED_EDGE('',*,*,#4726,.T.);
#6780=ORIENTED_EDGE('',*,*,#4716,.T.);
#6781=ORIENTED_EDGE('',*,*,#4727,.T.);
#6782=ORIENTED_EDGE('',*,*,#4088,.F.);
#6783=ORIENTED_EDGE('',*,*,#4724,.F.);
#6784=ORIENTED_EDGE('',*,*,#4708,.T.);
#6785=ORIENTED_EDGE('',*,*,#4726,.F.);
#6786=ORIENTED_EDGE('',*,*,#4728,.F.);
#6787=ORIENTED_EDGE('',*,*,#4729,.T.);
#6788=ORIENTED_EDGE('',*,*,#4712,.T.);
#6789=ORIENTED_EDGE('',*,*,#4730,.T.);
#6790=ORIENTED_EDGE('',*,*,#4089,.F.);
#6791=ORIENTED_EDGE('',*,*,#4727,.F.);
#6792=ORIENTED_EDGE('',*,*,#4705,.T.);
#6793=ORIENTED_EDGE('',*,*,#4729,.F.);
#6794=ORIENTED_EDGE('',*,*,#4731,.F.);
#6795=ORIENTED_EDGE('',*,*,#4678,.T.);
#6796=ORIENTED_EDGE('',*,*,#4675,.T.);
#6797=ORIENTED_EDGE('',*,*,#4099,.T.);
#6798=ORIENTED_EDGE('',*,*,#4090,.F.);
#6799=ORIENTED_EDGE('',*,*,#4730,.F.);
#6800=ORIENTED_EDGE('',*,*,#4653,.T.);
#6801=ORIENTED_EDGE('',*,*,#4691,.T.);
#6802=ORIENTED_EDGE('',*,*,#4732,.T.);
#6803=ORIENTED_EDGE('',*,*,#4733,.F.);
#6804=ORIENTED_EDGE('',*,*,#4587,.T.);
#6805=ORIENTED_EDGE('',*,*,#4734,.F.);
#6806=ORIENTED_EDGE('',*,*,#4735,.F.);
#6807=ORIENTED_EDGE('',*,*,#4736,.T.);
#6808=ORIENTED_EDGE('',*,*,#4565,.T.);
#6809=ORIENTED_EDGE('',*,*,#4736,.F.);
#6810=ORIENTED_EDGE('',*,*,#4737,.F.);
#6811=ORIENTED_EDGE('',*,*,#4738,.T.);
#6812=ORIENTED_EDGE('',*,*,#4693,.F.);
#6813=ORIENTED_EDGE('',*,*,#4739,.F.);
#6814=ORIENTED_EDGE('',*,*,#4740,.T.);
#6815=ORIENTED_EDGE('',*,*,#4741,.F.);
#6816=ORIENTED_EDGE('',*,*,#4732,.F.);
#6817=ORIENTED_EDGE('',*,*,#4742,.T.);
#6818=ORIENTED_EDGE('',*,*,#4743,.T.);
#6819=ORIENTED_EDGE('',*,*,#4744,.F.);
#6820=ORIENTED_EDGE('',*,*,#4690,.F.);
#6821=ORIENTED_EDGE('',*,*,#4741,.T.);
#6822=ORIENTED_EDGE('',*,*,#4745,.T.);
#6823=ORIENTED_EDGE('',*,*,#4742,.F.);
#6824=ORIENTED_EDGE('',*,*,#4566,.T.);
#6825=ORIENTED_EDGE('',*,*,#4738,.F.);
#6826=ORIENTED_EDGE('',*,*,#4746,.F.);
#6827=ORIENTED_EDGE('',*,*,#4747,.F.);
#6828=ORIENTED_EDGE('',*,*,#4590,.T.);
#6829=ORIENTED_EDGE('',*,*,#4593,.T.);
#6830=ORIENTED_EDGE('',*,*,#4748,.F.);
#6831=ORIENTED_EDGE('',*,*,#4749,.F.);
#6832=ORIENTED_EDGE('',*,*,#4746,.T.);
#6833=ORIENTED_EDGE('',*,*,#4750,.F.);
#6834=ORIENTED_EDGE('',*,*,#4751,.F.);
#6835=ORIENTED_EDGE('',*,*,#4752,.T.);
#6836=ORIENTED_EDGE('',*,*,#4735,.T.);
#6837=ORIENTED_EDGE('',*,*,#4753,.F.);
#6838=ORIENTED_EDGE('',*,*,#4754,.F.);
#6839=ORIENTED_EDGE('',*,*,#4750,.T.);
#6840=ORIENTED_EDGE('',*,*,#4737,.T.);
#6841=ORIENTED_EDGE('',*,*,#4752,.F.);
#6842=ORIENTED_EDGE('',*,*,#4755,.F.);
#6843=ORIENTED_EDGE('',*,*,#4740,.F.);
#6844=ORIENTED_EDGE('',*,*,#4756,.F.);
#6845=ORIENTED_EDGE('',*,*,#4748,.T.);
#6846=ORIENTED_EDGE('',*,*,#4757,.F.);
#6847=ORIENTED_EDGE('',*,*,#4743,.F.);
#6848=ORIENTED_EDGE('',*,*,#4758,.T.);
#6849=ORIENTED_EDGE('',*,*,#4751,.T.);
#6850=ORIENTED_EDGE('',*,*,#4758,.F.);
#6851=ORIENTED_EDGE('',*,*,#4745,.F.);
#6852=ORIENTED_EDGE('',*,*,#4755,.T.);
#6853=ORIENTED_EDGE('',*,*,#4754,.T.);
#6854=ORIENTED_EDGE('',*,*,#4692,.T.);
#6855=ORIENTED_EDGE('',*,*,#4688,.T.);
#6856=ORIENTED_EDGE('',*,*,#4759,.F.);
#6857=ORIENTED_EDGE('',*,*,#4760,.F.);
#6858=ORIENTED_EDGE('',*,*,#4733,.T.);
#6859=ORIENTED_EDGE('',*,*,#4761,.F.);
#6860=ORIENTED_EDGE('',*,*,#4074,.F.);
#6861=ORIENTED_EDGE('',*,*,#4109,.T.);
#6862=ORIENTED_EDGE('',*,*,#4739,.T.);
#6863=ORIENTED_EDGE('',*,*,#4760,.T.);
#6864=ORIENTED_EDGE('',*,*,#4762,.F.);
#6865=ORIENTED_EDGE('',*,*,#4763,.F.);
#6866=ORIENTED_EDGE('',*,*,#4744,.T.);
#6867=ORIENTED_EDGE('',*,*,#4764,.F.);
#6868=ORIENTED_EDGE('',*,*,#4075,.F.);
#6869=ORIENTED_EDGE('',*,*,#4761,.T.);
#6870=ORIENTED_EDGE('',*,*,#4756,.T.);
#6871=ORIENTED_EDGE('',*,*,#4763,.T.);
#6872=ORIENTED_EDGE('',*,*,#4765,.F.);
#6873=ORIENTED_EDGE('',*,*,#4766,.F.);
#6874=ORIENTED_EDGE('',*,*,#4757,.T.);
#6875=ORIENTED_EDGE('',*,*,#4767,.F.);
#6876=ORIENTED_EDGE('',*,*,#4076,.F.);
#6877=ORIENTED_EDGE('',*,*,#4764,.T.);
#6878=ORIENTED_EDGE('',*,*,#4749,.T.);
#6879=ORIENTED_EDGE('',*,*,#4766,.T.);
#6880=ORIENTED_EDGE('',*,*,#4768,.F.);
#6881=ORIENTED_EDGE('',*,*,#4769,.F.);
#6882=ORIENTED_EDGE('',*,*,#4753,.T.);
#6883=ORIENTED_EDGE('',*,*,#4770,.F.);
#6884=ORIENTED_EDGE('',*,*,#4077,.F.);
#6885=ORIENTED_EDGE('',*,*,#4767,.T.);
#6886=ORIENTED_EDGE('',*,*,#4747,.T.);
#6887=ORIENTED_EDGE('',*,*,#4769,.T.);
#6888=ORIENTED_EDGE('',*,*,#4771,.F.);
#6889=ORIENTED_EDGE('',*,*,#4613,.F.);
#6890=ORIENTED_EDGE('',*,*,#4734,.T.);
#6891=ORIENTED_EDGE('',*,*,#4772,.F.);
#6892=ORIENTED_EDGE('',*,*,#4078,.F.);
#6893=ORIENTED_EDGE('',*,*,#4770,.T.);
#6894=ORIENTED_EDGE('',*,*,#4069,.F.);
#6895=ORIENTED_EDGE('',*,*,#4079,.F.);
#6896=ORIENTED_EDGE('',*,*,#4772,.T.);
#6897=ORIENTED_EDGE('',*,*,#4589,.T.);
#6898=ORIENTED_EDGE('',*,*,#4597,.T.);
#6899=ORIENTED_EDGE('',*,*,#4601,.T.);
#6900=ORIENTED_EDGE('',*,*,#4602,.T.);
#6901=ORIENTED_EDGE('',*,*,#4607,.T.);
#6902=ORIENTED_EDGE('',*,*,#4583,.T.);
#6903=ORIENTED_EDGE('',*,*,#4582,.T.);
#6904=ORIENTED_EDGE('',*,*,#4578,.T.);
#6905=ORIENTED_EDGE('',*,*,#4575,.T.);
#6906=ORIENTED_EDGE('',*,*,#4721,.T.);
#6907=ORIENTED_EDGE('',*,*,#4085,.F.);
#6908=ORIENTED_EDGE('',*,*,#4094,.F.);
#6909=ORIENTED_EDGE('',*,*,#4096,.F.);
#6910=ORIENTED_EDGE('',*,*,#4773,.T.);
#6911=ORIENTED_EDGE('',*,*,#4774,.T.);
#6912=ORIENTED_EDGE('',*,*,#4775,.F.);
#6913=ORIENTED_EDGE('',*,*,#4776,.F.);
#6914=ORIENTED_EDGE('',*,*,#4680,.F.);
#6915=ORIENTED_EDGE('',*,*,#4777,.F.);
#6916=ORIENTED_EDGE('',*,*,#4778,.F.);
#6917=ORIENTED_EDGE('',*,*,#4779,.F.);
#6918=ORIENTED_EDGE('',*,*,#4681,.T.);
#6919=ORIENTED_EDGE('',*,*,#4776,.T.);
#6920=ORIENTED_EDGE('',*,*,#4780,.F.);
#6921=ORIENTED_EDGE('',*,*,#4781,.F.);
#6922=ORIENTED_EDGE('',*,*,#4682,.T.);
#6923=ORIENTED_EDGE('',*,*,#4779,.T.);
#6924=ORIENTED_EDGE('',*,*,#3872,.T.);
#6925=ORIENTED_EDGE('',*,*,#4782,.T.);
#6926=ORIENTED_EDGE('',*,*,#4110,.F.);
#6927=ORIENTED_EDGE('',*,*,#4782,.F.);
#6928=ORIENTED_EDGE('',*,*,#4781,.T.);
#6929=ORIENTED_EDGE('',*,*,#4783,.F.);
#6930=ORIENTED_EDGE('',*,*,#4784,.T.);
#6931=ORIENTED_EDGE('',*,*,#4683,.T.);
#6932=ORIENTED_EDGE('',*,*,#4222,.F.);
#6933=ORIENTED_EDGE('',*,*,#4785,.F.);
#6934=ORIENTED_EDGE('',*,*,#4617,.T.);
#6935=ORIENTED_EDGE('',*,*,#4786,.T.);
#6936=ORIENTED_EDGE('',*,*,#3868,.T.);
#6937=ORIENTED_EDGE('',*,*,#4787,.T.);
#6938=ORIENTED_EDGE('',*,*,#4774,.F.);
#6939=ORIENTED_EDGE('',*,*,#4787,.F.);
#6940=ORIENTED_EDGE('',*,*,#4224,.F.);
#6941=ORIENTED_EDGE('',*,*,#4788,.F.);
#6942=ORIENTED_EDGE('',*,*,#4615,.F.);
#6943=ORIENTED_EDGE('',*,*,#4789,.F.);
#6944=ORIENTED_EDGE('',*,*,#4223,.F.);
#6945=ORIENTED_EDGE('',*,*,#4786,.F.);
#6946=ORIENTED_EDGE('',*,*,#4616,.T.);
#6947=ORIENTED_EDGE('',*,*,#4788,.T.);
#6948=ORIENTED_EDGE('',*,*,#4785,.T.);
#6949=ORIENTED_EDGE('',*,*,#4221,.T.);
#6950=ORIENTED_EDGE('',*,*,#4790,.T.);
#6951=ORIENTED_EDGE('',*,*,#4618,.F.);
#6952=ORIENTED_EDGE('',*,*,#4789,.T.);
#6953=ORIENTED_EDGE('',*,*,#4614,.T.);
#6954=ORIENTED_EDGE('',*,*,#4771,.T.);
#6955=ORIENTED_EDGE('',*,*,#4768,.T.);
#6956=ORIENTED_EDGE('',*,*,#4765,.T.);
#6957=ORIENTED_EDGE('',*,*,#4762,.T.);
#6958=ORIENTED_EDGE('',*,*,#4759,.T.);
#6959=ORIENTED_EDGE('',*,*,#4687,.T.);
#6960=ORIENTED_EDGE('',*,*,#4791,.T.);
#6961=ORIENTED_EDGE('',*,*,#4792,.F.);
#6962=ORIENTED_EDGE('',*,*,#4151,.F.);
#6963=ORIENTED_EDGE('',*,*,#4225,.F.);
#6964=ORIENTED_EDGE('',*,*,#4793,.F.);
#6965=ORIENTED_EDGE('',*,*,#4791,.F.);
#6966=ORIENTED_EDGE('',*,*,#4686,.T.);
#6967=ORIENTED_EDGE('',*,*,#4794,.T.);
#6968=ORIENTED_EDGE('',*,*,#3870,.T.);
#6969=ORIENTED_EDGE('',*,*,#4795,.T.);
#6970=ORIENTED_EDGE('',*,*,#4111,.F.);
#6971=ORIENTED_EDGE('',*,*,#4795,.F.);
#6972=ORIENTED_EDGE('',*,*,#4796,.F.);
#6973=ORIENTED_EDGE('',*,*,#4797,.F.);
#6974=ORIENTED_EDGE('',*,*,#4684,.F.);
#6975=ORIENTED_EDGE('',*,*,#4784,.F.);
#6976=ORIENTED_EDGE('',*,*,#4798,.F.);
#6977=ORIENTED_EDGE('',*,*,#4794,.F.);
#6978=ORIENTED_EDGE('',*,*,#4685,.T.);
#6979=ORIENTED_EDGE('',*,*,#4797,.T.);
#6980=ORIENTED_EDGE('',*,*,#4775,.T.);
#6981=ORIENTED_EDGE('',*,*,#4799,.T.);
#6982=ORIENTED_EDGE('',*,*,#4152,.F.);
#6983=ORIENTED_EDGE('',*,*,#4792,.T.);
#6984=ORIENTED_EDGE('',*,*,#4793,.T.);
#6985=ORIENTED_EDGE('',*,*,#4798,.T.);
#6986=ORIENTED_EDGE('',*,*,#4796,.T.);
#6987=ORIENTED_EDGE('',*,*,#4783,.T.);
#6988=ORIENTED_EDGE('',*,*,#4780,.T.);
#6989=ORIENTED_EDGE('',*,*,#4778,.T.);
#6990=ORIENTED_EDGE('',*,*,#4220,.F.);
#6991=ORIENTED_EDGE('',*,*,#4800,.F.);
#6992=ORIENTED_EDGE('',*,*,#4619,.F.);
#6993=ORIENTED_EDGE('',*,*,#4790,.F.);
#6994=ORIENTED_EDGE('',*,*,#4219,.F.);
#6995=ORIENTED_EDGE('',*,*,#4801,.F.);
#6996=ORIENTED_EDGE('',*,*,#4620,.T.);
#6997=ORIENTED_EDGE('',*,*,#4800,.T.);
#6998=ORIENTED_EDGE('',*,*,#4218,.F.);
#6999=ORIENTED_EDGE('',*,*,#4802,.F.);
#7000=ORIENTED_EDGE('',*,*,#4621,.T.);
#7001=ORIENTED_EDGE('',*,*,#4801,.T.);
#7002=ORIENTED_EDGE('',*,*,#3866,.T.);
#7003=ORIENTED_EDGE('',*,*,#4803,.T.);
#7004=ORIENTED_EDGE('',*,*,#4773,.F.);
#7005=ORIENTED_EDGE('',*,*,#4803,.F.);
#7006=ORIENTED_EDGE('',*,*,#4777,.T.);
#7007=ORIENTED_EDGE('',*,*,#4679,.T.);
#7008=ORIENTED_EDGE('',*,*,#4731,.T.);
#7009=ORIENTED_EDGE('',*,*,#4728,.T.);
#7010=ORIENTED_EDGE('',*,*,#4725,.T.);
#7011=ORIENTED_EDGE('',*,*,#4722,.T.);
#7012=ORIENTED_EDGE('',*,*,#4718,.T.);
#7013=ORIENTED_EDGE('',*,*,#4622,.T.);
#7014=ORIENTED_EDGE('',*,*,#4802,.T.);
#7015=ORIENTED_EDGE('',*,*,#4217,.F.);
#7016=ORIENTED_EDGE('',*,*,#4153,.F.);
#7017=ORIENTED_EDGE('',*,*,#4799,.F.);
#7018=PLANE('',#7749);
#7019=PLANE('',#7750);
#7020=PLANE('',#7751);
#7021=PLANE('',#7752);
#7022=PLANE('',#7753);
#7023=PLANE('',#7754);
#7024=PLANE('',#7755);
#7025=PLANE('',#7756);
#7026=PLANE('',#7757);
#7027=PLANE('',#7758);
#7028=PLANE('',#7759);
#7029=PLANE('',#7760);
#7030=PLANE('',#7761);
#7031=PLANE('',#7762);
#7032=PLANE('',#7763);
#7033=PLANE('',#7764);
#7034=PLANE('',#7765);
#7035=PLANE('',#7766);
#7036=PLANE('',#7767);
#7037=PLANE('',#7768);
#7038=PLANE('',#7769);
#7039=PLANE('',#7770);
#7040=PLANE('',#7771);
#7041=PLANE('',#7772);
#7042=PLANE('',#7773);
#7043=PLANE('',#7774);
#7044=PLANE('',#7775);
#7045=PLANE('',#7776);
#7046=PLANE('',#7778);
#7047=PLANE('',#7779);
#7048=PLANE('',#7780);
#7049=PLANE('',#7781);
#7050=PLANE('',#7782);
#7051=PLANE('',#7783);
#7052=PLANE('',#7784);
#7053=PLANE('',#7785);
#7054=PLANE('',#7786);
#7055=PLANE('',#7787);
#7056=PLANE('',#7788);
#7057=PLANE('',#7789);
#7058=PLANE('',#7790);
#7059=PLANE('',#7791);
#7060=PLANE('',#7793);
#7061=PLANE('',#7794);
#7062=PLANE('',#7795);
#7063=PLANE('',#7796);
#7064=PLANE('',#7797);
#7065=PLANE('',#7798);
#7066=PLANE('',#7799);
#7067=PLANE('',#7802);
#7068=PLANE('',#7805);
#7069=PLANE('',#7808);
#7070=PLANE('',#7857);
#7071=PLANE('',#7859);
#7072=PLANE('',#7902);
#7073=PLANE('',#7922);
#7074=PLANE('',#7927);
#7075=PLANE('',#7928);
#7076=PLANE('',#7934);
#7077=PLANE('',#7939);
#7078=PLANE('',#7944);
#7079=PLANE('',#7945);
#7080=PLANE('',#7946);
#7081=PLANE('',#7947);
#7082=PLANE('',#7948);
#7083=PLANE('',#7949);
#7084=PLANE('',#7950);
#7085=PLANE('',#7951);
#7086=PLANE('',#7952);
#7087=PLANE('',#7953);
#7088=PLANE('',#7954);
#7089=PLANE('',#7955);
#7090=PLANE('',#7956);
#7091=PLANE('',#7969);
#7092=PLANE('',#7970);
#7093=PLANE('',#7971);
#7094=PLANE('',#7972);
#7095=PLANE('',#7973);
#7096=PLANE('',#7974);
#7097=PLANE('',#7975);
#7098=PLANE('',#7976);
#7099=PLANE('',#7977);
#7100=PLANE('',#7978);
#7101=PLANE('',#7979);
#7102=PLANE('',#7980);
#7103=PLANE('',#7981);
#7104=PLANE('',#7982);
#7105=PLANE('',#7985);
#7106=PLANE('',#7998);
#7107=PLANE('',#7999);
#7108=PLANE('',#8005);
#7109=PLANE('',#8006);
#7110=PLANE('',#8009);
#7111=PLANE('',#8010);
#7112=PLANE('',#8016);
#7113=PLANE('',#8017);
#7114=PLANE('',#8023);
#7115=PLANE('',#8024);
#7116=PLANE('',#8029);
#7117=PLANE('',#8032);
#7118=PLANE('',#8035);
#7119=PLANE('',#8038);
#7120=PLANE('',#8041);
#7121=PLANE('',#8044);
#7122=PLANE('',#8047);
#7123=PLANE('',#8050);
#7124=PLANE('',#8053);
#7125=PLANE('',#8056);
#7126=PLANE('',#8057);
#7127=PLANE('',#8060);
#7128=PLANE('',#8063);
#7129=PLANE('',#8066);
#7130=PLANE('',#8069);
#7131=PLANE('',#8072);
#7132=PLANE('',#8075);
#7133=PLANE('',#8078);
#7134=PLANE('',#8081);
#7135=PLANE('',#8084);
#7136=PLANE('',#8087);
#7137=PLANE('',#8090);
#7138=PLANE('',#8093);
#7139=PLANE('',#8096);
#7140=PLANE('',#8101);
#7141=PLANE('',#8102);
#7142=PLANE('',#8103);
#7143=PLANE('',#8104);
#7144=PLANE('',#8107);
#7145=PLANE('',#8109);
#7146=PLANE('',#8111);
#7147=PLANE('',#8117);
#7148=PLANE('',#8121);
#7149=PLANE('',#8125);
#7150=PLANE('',#8129);
#7151=PLANE('',#8133);
#7152=PLANE('',#8137);
#7153=PLANE('',#8138);
#7154=PLANE('',#8142);
#7155=PLANE('',#8146);
#7156=PLANE('',#8150);
#7157=PLANE('',#8154);
#7158=PLANE('',#8158);
#7159=PLANE('',#8162);
#7160=PLANE('',#8175);
#7161=PLANE('',#8182);
#7162=PLANE('',#8189);
#7163=PLANE('',#8196);
#7164=PLANE('',#8203);
#7165=PLANE('',#8204);
#7166=PLANE('',#8205);
#7167=PLANE('',#8206);
#7168=PLANE('',#8211);
#7169=PLANE('',#8212);
#7170=PLANE('',#8213);
#7171=PLANE('',#8214);
#7172=PLANE('',#8215);
#7173=PLANE('',#8216);
#7174=PLANE('',#8217);
#7175=PLANE('',#8218);
#7176=PLANE('',#8221);
#7177=PLANE('',#8222);
#7178=PLANE('',#8223);
#7179=PLANE('',#8226);
#7180=PLANE('',#8229);
#7181=PLANE('',#8230);
#7182=PLANE('',#8232);
#7183=PLANE('',#8233);
#7184=PLANE('',#8234);
#7185=PLANE('',#8235);
#7186=PLANE('',#8237);
#7187=PLANE('',#8238);
#7188=PLANE('',#8239);
#7189=PLANE('',#8244);
#7190=PLANE('',#8245);
#7191=PLANE('',#8250);
#7192=PLANE('',#8251);
#7193=PLANE('',#8252);
#7194=PLANE('',#8253);
#7195=PLANE('',#8254);
#7196=PLANE('',#8255);
#7197=PLANE('',#8260);
#7198=PLANE('',#8261);
#7199=PLANE('',#8262);
#7200=PLANE('',#8263);
#7201=PLANE('',#8264);
#7202=PLANE('',#8265);
#7203=PLANE('',#8266);
#7204=PLANE('',#8269);
#7205=PLANE('',#8270);
#7206=PLANE('',#8271);
#7207=PLANE('',#8272);
#7208=PLANE('',#8273);
#7209=PLANE('',#8274);
#7210=PLANE('',#8280);
#7211=PLANE('',#8281);
#7212=PLANE('',#8282);
#7213=PLANE('',#8283);
#7214=PLANE('',#8289);
#7215=PLANE('',#8290);
#7216=PLANE('',#8291);
#7217=PLANE('',#8292);
#7218=PLANE('',#8293);
#7219=PLANE('',#8294);
#7220=PLANE('',#8295);
#7221=PLANE('',#8298);
#7222=PLANE('',#8299);
#7223=PLANE('',#8300);
#7224=PLANE('',#8308);
#7225=PLANE('',#8309);
#7226=PLANE('',#8317);
#7227=PLANE('',#8318);
#7228=PLANE('',#8319);
#7229=PLANE('',#8320);
#7230=PLANE('',#8321);
#7231=PLANE('',#8325);
#7232=PLANE('',#8326);
#7233=PLANE('',#8330);
#7234=PLANE('',#8331);
#7235=PLANE('',#8332);
#7236=PLANE('',#8333);
#7237=PLANE('',#8334);
#7238=PLANE('',#8342);
#7239=PLANE('',#8350);
#7240=PLANE('',#8351);
#7241=PLANE('',#8352);
#7242=PLANE('',#8353);
#7243=PLANE('',#8354);
#7244=PLANE('',#8358);
#7245=PLANE('',#8359);
#7246=PLANE('',#8363);
#7247=PLANE('',#8364);
#7248=PLANE('',#8365);
#7249=PLANE('',#8368);
#7250=PLANE('',#8370);
#7251=PLANE('',#8373);
#7252=PLANE('',#8374);
#7253=PLANE('',#8376);
#7254=PLANE('',#8378);
#7255=PLANE('',#8379);
#7256=PLANE('',#8381);
#7257=PLANE('',#8383);
#7258=PLANE('',#8388);
#7259=PLANE('',#8390);
#7260=PLANE('',#8392);
#7261=ADVANCED_FACE('',(#679),#7018,.F.);
#7262=ADVANCED_FACE('',(#680),#651,.T.);
#7263=ADVANCED_FACE('',(#681),#7019,.T.);
#7264=ADVANCED_FACE('',(#682),#7020,.T.);
#7265=ADVANCED_FACE('',(#683),#7021,.T.);
#7266=ADVANCED_FACE('',(#684),#652,.T.);
#7267=ADVANCED_FACE('',(#685),#653,.T.);
#7268=ADVANCED_FACE('',(#686),#7022,.T.);
#7269=ADVANCED_FACE('',(#687),#7023,.T.);
#7270=ADVANCED_FACE('',(#688),#7024,.T.);
#7271=ADVANCED_FACE('',(#689),#7025,.T.);
#7272=ADVANCED_FACE('',(#690),#7026,.T.);
#7273=ADVANCED_FACE('',(#691),#7027,.T.);
#7274=ADVANCED_FACE('',(#692),#7028,.T.);
#7275=ADVANCED_FACE('',(#693),#7029,.T.);
#7276=ADVANCED_FACE('',(#694),#7030,.T.);
#7277=ADVANCED_FACE('',(#695),#7031,.T.);
#7278=ADVANCED_FACE('',(#696),#7032,.T.);
#7279=ADVANCED_FACE('',(#697),#7033,.F.);
#7280=ADVANCED_FACE('',(#698),#654,.T.);
#7281=ADVANCED_FACE('',(#699),#7034,.T.);
#7282=ADVANCED_FACE('',(#700),#655,.T.);
#7283=ADVANCED_FACE('',(#701),#656,.T.);
#7284=ADVANCED_FACE('',(#702),#7035,.T.);
#7285=ADVANCED_FACE('',(#703),#657,.T.);
#7286=ADVANCED_FACE('',(#704),#7036,.T.);
#7287=ADVANCED_FACE('',(#705),#7037,.T.);
#7288=ADVANCED_FACE('',(#706),#7038,.T.);
#7289=ADVANCED_FACE('',(#707),#7039,.T.);
#7290=ADVANCED_FACE('',(#708),#658,.T.);
#7291=ADVANCED_FACE('',(#709),#7040,.T.);
#7292=ADVANCED_FACE('',(#710),#7041,.F.);
#7293=ADVANCED_FACE('',(#711),#7042,.T.);
#7294=ADVANCED_FACE('',(#712),#659,.T.);
#7295=ADVANCED_FACE('',(#713),#7043,.T.);
#7296=ADVANCED_FACE('',(#714),#660,.T.);
#7297=ADVANCED_FACE('',(#715),#661,.T.);
#7298=ADVANCED_FACE('',(#716),#7044,.T.);
#7299=ADVANCED_FACE('',(#717),#662,.T.);
#7300=ADVANCED_FACE('',(#718),#7045,.F.);
#7301=ADVANCED_FACE('',(#719,#460),#7046,.F.);
#7302=ADVANCED_FACE('',(#720),#7047,.T.);
#7303=ADVANCED_FACE('',(#721),#7048,.T.);
#7304=ADVANCED_FACE('',(#722),#7049,.T.);
#7305=ADVANCED_FACE('',(#723),#663,.T.);
#7306=ADVANCED_FACE('',(#724),#664,.T.);
#7307=ADVANCED_FACE('',(#725),#665,.T.);
#7308=ADVANCED_FACE('',(#726),#666,.T.);
#7309=ADVANCED_FACE('',(#727),#667,.T.);
#7310=ADVANCED_FACE('',(#728),#668,.T.);
#7311=ADVANCED_FACE('',(#729),#669,.T.);
#7312=ADVANCED_FACE('',(#730),#670,.T.);
#7313=ADVANCED_FACE('',(#731,#461),#7050,.T.);
#7314=ADVANCED_FACE('',(#732,#462),#7051,.T.);
#7315=ADVANCED_FACE('',(#733),#671,.T.);
#7316=ADVANCED_FACE('',(#734),#672,.T.);
#7317=ADVANCED_FACE('',(#735),#673,.T.);
#7318=ADVANCED_FACE('',(#736),#674,.T.);
#7319=ADVANCED_FACE('',(#737),#675,.T.);
#7320=ADVANCED_FACE('',(#738),#676,.T.);
#7321=ADVANCED_FACE('',(#739),#677,.T.);
#7322=ADVANCED_FACE('',(#740),#7052,.T.);
#7323=ADVANCED_FACE('',(#741),#678,.T.);
#7324=ADVANCED_FACE('',(#742,#463),#7053,.F.);
#7325=ADVANCED_FACE('',(#743),#7054,.T.);
#7326=ADVANCED_FACE('',(#744),#7055,.T.);
#7327=ADVANCED_FACE('',(#745),#7056,.T.);
#7328=ADVANCED_FACE('',(#746),#7057,.T.);
#7329=ADVANCED_FACE('',(#747),#7058,.T.);
#7330=ADVANCED_FACE('',(#748),#7059,.T.);
#7331=ADVANCED_FACE('',(#749),#7060,.T.);
#7332=ADVANCED_FACE('',(#750),#7061,.T.);
#7333=ADVANCED_FACE('',(#751),#7062,.T.);
#7334=ADVANCED_FACE('',(#752),#7063,.T.);
#7335=ADVANCED_FACE('',(#753),#7064,.T.);
#7336=ADVANCED_FACE('',(#754),#7065,.F.);
#7337=ADVANCED_FACE('',(#755,#464),#7066,.T.);
#7338=ADVANCED_FACE('',(#756,#465),#7067,.T.);
#7339=ADVANCED_FACE('',(#757,#466),#7068,.T.);
#7340=ADVANCED_FACE('',(#758,#467),#7069,.T.);
#7341=ADVANCED_FACE('',(#759),#110,.F.);
#7342=ADVANCED_FACE('',(#760),#111,.F.);
#7343=ADVANCED_FACE('',(#761),#72,.F.);
#7344=ADVANCED_FACE('',(#762),#64,.T.);
#7345=ADVANCED_FACE('',(#763),#73,.F.);
#7346=ADVANCED_FACE('',(#764),#74,.F.);
#7347=ADVANCED_FACE('',(#765),#75,.F.);
#7348=ADVANCED_FACE('',(#766),#76,.F.);
#7349=ADVANCED_FACE('',(#767),#77,.F.);
#7350=ADVANCED_FACE('',(#768),#78,.F.);
#7351=ADVANCED_FACE('',(#769),#65,.T.);
#7352=ADVANCED_FACE('',(#770),#79,.F.);
#7353=ADVANCED_FACE('',(#771),#80,.F.);
#7354=ADVANCED_FACE('',(#772),#112,.T.);
#7355=ADVANCED_FACE('',(#773),#113,.F.);
#7356=ADVANCED_FACE('',(#774),#81,.F.);
#7357=ADVANCED_FACE('',(#775),#82,.F.);
#7358=ADVANCED_FACE('',(#776),#83,.F.);
#7359=ADVANCED_FACE('',(#777),#84,.F.);
#7360=ADVANCED_FACE('',(#778),#85,.F.);
#7361=ADVANCED_FACE('',(#779),#86,.F.);
#7362=ADVANCED_FACE('',(#780),#66,.T.);
#7363=ADVANCED_FACE('',(#781),#87,.F.);
#7364=ADVANCED_FACE('',(#782),#67,.T.);
#7365=ADVANCED_FACE('',(#783),#114,.T.);
#7366=ADVANCED_FACE('',(#784),#7070,.T.);
#7367=ADVANCED_FACE('',(#785,#468,#469,#470),#7071,.T.);
#7368=ADVANCED_FACE('',(#786),#115,.F.);
#7369=ADVANCED_FACE('',(#787),#88,.F.);
#7370=ADVANCED_FACE('',(#788),#89,.F.);
#7371=ADVANCED_FACE('',(#789),#90,.F.);
#7372=ADVANCED_FACE('',(#790),#91,.F.);
#7373=ADVANCED_FACE('',(#791),#92,.F.);
#7374=ADVANCED_FACE('',(#792),#93,.F.);
#7375=ADVANCED_FACE('',(#793),#94,.F.);
#7376=ADVANCED_FACE('',(#794),#68,.T.);
#7377=ADVANCED_FACE('',(#795),#116,.T.);
#7378=ADVANCED_FACE('',(#796),#117,.T.);
#7379=ADVANCED_FACE('',(#797),#118,.F.);
#7380=ADVANCED_FACE('',(#798),#95,.F.);
#7381=ADVANCED_FACE('',(#799),#96,.F.);
#7382=ADVANCED_FACE('',(#800),#97,.F.);
#7383=ADVANCED_FACE('',(#801),#98,.F.);
#7384=ADVANCED_FACE('',(#802),#99,.F.);
#7385=ADVANCED_FACE('',(#803),#100,.F.);
#7386=ADVANCED_FACE('',(#804),#69,.T.);
#7387=ADVANCED_FACE('',(#805),#101,.F.);
#7388=ADVANCED_FACE('',(#806),#7072,.T.);
#7389=ADVANCED_FACE('',(#807),#119,.T.);
#7390=ADVANCED_FACE('',(#808),#120,.F.);
#7391=ADVANCED_FACE('',(#809),#121,.T.);
#7392=ADVANCED_FACE('',(#810),#102,.F.);
#7393=ADVANCED_FACE('',(#811),#103,.F.);
#7394=ADVANCED_FACE('',(#812),#104,.F.);
#7395=ADVANCED_FACE('',(#813),#105,.F.);
#7396=ADVANCED_FACE('',(#814),#70,.T.);
#7397=ADVANCED_FACE('',(#815),#106,.F.);
#7398=ADVANCED_FACE('',(#816),#107,.F.);
#7399=ADVANCED_FACE('',(#817),#122,.T.);
#7400=ADVANCED_FACE('',(#818),#123,.T.);
#7401=ADVANCED_FACE('',(#819),#124,.T.);
#7402=ADVANCED_FACE('',(#820),#7073,.F.);
#7403=ADVANCED_FACE('',(#821),#125,.T.);
#7404=ADVANCED_FACE('',(#822),#7074,.T.);
#7405=ADVANCED_FACE('',(#823),#7075,.T.);
#7406=ADVANCED_FACE('',(#824),#126,.T.);
#7407=ADVANCED_FACE('',(#825),#7076,.T.);
#7408=ADVANCED_FACE('',(#826),#127,.T.);
#7409=ADVANCED_FACE('',(#827),#71,.T.);
#7410=ADVANCED_FACE('',(#828,#471,#472),#7077,.T.);
#7411=ADVANCED_FACE('',(#829),#7078,.F.);
#7412=ADVANCED_FACE('',(#830),#7079,.F.);
#7413=ADVANCED_FACE('',(#831),#7080,.F.);
#7414=ADVANCED_FACE('',(#832),#7081,.F.);
#7415=ADVANCED_FACE('',(#833,#473),#7082,.F.);
#7416=ADVANCED_FACE('',(#834),#7083,.T.);
#7417=ADVANCED_FACE('',(#835),#7084,.T.);
#7418=ADVANCED_FACE('',(#836),#7085,.T.);
#7419=ADVANCED_FACE('',(#837),#7086,.T.);
#7420=ADVANCED_FACE('',(#838),#7087,.F.);
#7421=ADVANCED_FACE('',(#839),#7088,.F.);
#7422=ADVANCED_FACE('',(#840),#7089,.T.);
#7423=ADVANCED_FACE('',(#841,#474,#475,#476,#477,#478,#479),#7090,.T.);
#7424=ADVANCED_FACE('',(#842),#7091,.F.);
#7425=ADVANCED_FACE('',(#843),#7092,.F.);
#7426=ADVANCED_FACE('',(#844,#480),#7093,.T.);
#7427=ADVANCED_FACE('',(#845),#7094,.F.);
#7428=ADVANCED_FACE('',(#846),#7095,.F.);
#7429=ADVANCED_FACE('',(#847),#7096,.T.);
#7430=ADVANCED_FACE('',(#848),#7097,.T.);
#7431=ADVANCED_FACE('',(#849),#7098,.T.);
#7432=ADVANCED_FACE('',(#850),#7099,.T.);
#7433=ADVANCED_FACE('',(#851),#7100,.T.);
#7434=ADVANCED_FACE('',(#852),#7101,.T.);
#7435=ADVANCED_FACE('',(#853),#7102,.F.);
#7436=ADVANCED_FACE('',(#854),#7103,.F.);
#7437=ADVANCED_FACE('',(#855),#7104,.F.);
#7438=ADVANCED_FACE('',(#856),#128,.T.);
#7439=ADVANCED_FACE('',(#857,#481),#7105,.T.);
#7440=ADVANCED_FACE('',(#858),#129,.F.);
#7441=ADVANCED_FACE('',(#859),#130,.F.);
#7442=ADVANCED_FACE('',(#860),#131,.T.);
#7443=ADVANCED_FACE('',(#861,#482),#7106,.T.);
#7444=ADVANCED_FACE('',(#862),#7107,.T.);
#7445=ADVANCED_FACE('',(#863),#132,.F.);
#7446=ADVANCED_FACE('',(#864),#133,.T.);
#7447=ADVANCED_FACE('',(#865,#483),#7108,.T.);
#7448=ADVANCED_FACE('',(#866),#7109,.T.);
#7449=ADVANCED_FACE('',(#867),#134,.T.);
#7450=ADVANCED_FACE('',(#868,#484),#7110,.T.);
#7451=ADVANCED_FACE('',(#869),#7111,.T.);
#7452=ADVANCED_FACE('',(#870),#135,.F.);
#7453=ADVANCED_FACE('',(#871),#136,.T.);
#7454=ADVANCED_FACE('',(#872,#485),#7112,.T.);
#7455=ADVANCED_FACE('',(#873),#7113,.T.);
#7456=ADVANCED_FACE('',(#874),#137,.F.);
#7457=ADVANCED_FACE('',(#875),#138,.T.);
#7458=ADVANCED_FACE('',(#876,#486),#7114,.T.);
#7459=ADVANCED_FACE('',(#877),#7115,.T.);
#7460=ADVANCED_FACE('',(#878),#108,.T.);
#7461=ADVANCED_FACE('',(#879),#23,.F.);
#7462=ADVANCED_FACE('',(#880),#109,.F.);
#7463=ADVANCED_FACE('',(#881),#24,.F.);
#7464=ADVANCED_FACE('',(#882),#7116,.T.);
#7465=ADVANCED_FACE('',(#883),#25,.F.);
#7466=ADVANCED_FACE('',(#884),#7117,.T.);
#7467=ADVANCED_FACE('',(#885),#26,.F.);
#7468=ADVANCED_FACE('',(#886),#7118,.T.);
#7469=ADVANCED_FACE('',(#887),#27,.T.);
#7470=ADVANCED_FACE('',(#888),#7119,.T.);
#7471=ADVANCED_FACE('',(#889),#28,.F.);
#7472=ADVANCED_FACE('',(#890),#7120,.T.);
#7473=ADVANCED_FACE('',(#891),#29,.F.);
#7474=ADVANCED_FACE('',(#892),#7121,.T.);
#7475=ADVANCED_FACE('',(#893),#30,.T.);
#7476=ADVANCED_FACE('',(#894),#7122,.T.);
#7477=ADVANCED_FACE('',(#895),#31,.F.);
#7478=ADVANCED_FACE('',(#896),#7123,.T.);
#7479=ADVANCED_FACE('',(#897),#32,.T.);
#7480=ADVANCED_FACE('',(#898),#7124,.T.);
#7481=ADVANCED_FACE('',(#899),#33,.F.);
#7482=ADVANCED_FACE('',(#900),#7125,.T.);
#7483=ADVANCED_FACE('',(#901),#7126,.T.);
#7484=ADVANCED_FACE('',(#902),#34,.T.);
#7485=ADVANCED_FACE('',(#903),#7127,.T.);
#7486=ADVANCED_FACE('',(#904),#35,.F.);
#7487=ADVANCED_FACE('',(#905),#7128,.F.);
#7488=ADVANCED_FACE('',(#906),#139,.F.);
#7489=ADVANCED_FACE('',(#907),#7129,.F.);
#7490=ADVANCED_FACE('',(#908),#140,.T.);
#7491=ADVANCED_FACE('',(#909),#7130,.F.);
#7492=ADVANCED_FACE('',(#910),#141,.F.);
#7493=ADVANCED_FACE('',(#911),#7131,.F.);
#7494=ADVANCED_FACE('',(#912),#142,.F.);
#7495=ADVANCED_FACE('',(#913),#7132,.F.);
#7496=ADVANCED_FACE('',(#914),#143,.T.);
#7497=ADVANCED_FACE('',(#915),#7133,.F.);
#7498=ADVANCED_FACE('',(#916),#144,.F.);
#7499=ADVANCED_FACE('',(#917),#7134,.F.);
#7500=ADVANCED_FACE('',(#918),#145,.F.);
#7501=ADVANCED_FACE('',(#919),#7135,.F.);
#7502=ADVANCED_FACE('',(#920),#146,.T.);
#7503=ADVANCED_FACE('',(#921),#7136,.F.);
#7504=ADVANCED_FACE('',(#922),#147,.F.);
#7505=ADVANCED_FACE('',(#923),#7137,.F.);
#7506=ADVANCED_FACE('',(#924),#148,.F.);
#7507=ADVANCED_FACE('',(#925),#7138,.F.);
#7508=ADVANCED_FACE('',(#926),#149,.T.);
#7509=ADVANCED_FACE('',(#927),#7139,.F.);
#7510=ADVANCED_FACE('',(#928),#150,.F.);
#7511=ADVANCED_FACE('',(#929),#151,.F.);
#7512=ADVANCED_FACE('',(#930),#7140,.T.);
#7513=ADVANCED_FACE('',(#931),#7141,.F.);
#7514=ADVANCED_FACE('',(#932),#7142,.F.);
#7515=ADVANCED_FACE('',(#933),#7143,.T.);
#7516=ADVANCED_FACE('',(#934,#487),#7144,.T.);
#7517=ADVANCED_FACE('',(#935),#7145,.F.);
#7518=ADVANCED_FACE('',(#936),#152,.T.);
#7519=ADVANCED_FACE('',(#937),#7146,.F.);
#7520=ADVANCED_FACE('',(#938),#153,.F.);
#7521=ADVANCED_FACE('',(#939),#154,.T.);
#7522=ADVANCED_FACE('',(#940),#7147,.F.);
#7523=ADVANCED_FACE('',(#941),#155,.F.);
#7524=ADVANCED_FACE('',(#942),#7148,.F.);
#7525=ADVANCED_FACE('',(#943),#156,.T.);
#7526=ADVANCED_FACE('',(#944),#7149,.F.);
#7527=ADVANCED_FACE('',(#945),#157,.T.);
#7528=ADVANCED_FACE('',(#946),#7150,.F.);
#7529=ADVANCED_FACE('',(#947),#158,.F.);
#7530=ADVANCED_FACE('',(#948),#7151,.F.);
#7531=ADVANCED_FACE('',(#949),#159,.T.);
#7532=ADVANCED_FACE('',(#950),#7152,.F.);
#7533=ADVANCED_FACE('',(#951),#7153,.F.);
#7534=ADVANCED_FACE('',(#952),#160,.T.);
#7535=ADVANCED_FACE('',(#953),#7154,.F.);
#7536=ADVANCED_FACE('',(#954),#161,.F.);
#7537=ADVANCED_FACE('',(#955),#7155,.F.);
#7538=ADVANCED_FACE('',(#956),#162,.T.);
#7539=ADVANCED_FACE('',(#957),#7156,.F.);
#7540=ADVANCED_FACE('',(#958),#163,.T.);
#7541=ADVANCED_FACE('',(#959),#7157,.F.);
#7542=ADVANCED_FACE('',(#960),#164,.F.);
#7543=ADVANCED_FACE('',(#961),#7158,.F.);
#7544=ADVANCED_FACE('',(#962),#165,.T.);
#7545=ADVANCED_FACE('',(#963,#488),#7159,.F.);
#7546=ADVANCED_FACE('',(#964),#7160,.F.);
#7547=ADVANCED_FACE('',(#965),#166,.F.);
#7548=ADVANCED_FACE('',(#966),#167,.T.);
#7549=ADVANCED_FACE('',(#967),#168,.F.);
#7550=ADVANCED_FACE('',(#968),#7161,.F.);
#7551=ADVANCED_FACE('',(#969),#169,.F.);
#7552=ADVANCED_FACE('',(#970),#170,.T.);
#7553=ADVANCED_FACE('',(#971),#171,.F.);
#7554=ADVANCED_FACE('',(#972),#7162,.F.);
#7555=ADVANCED_FACE('',(#973),#172,.F.);
#7556=ADVANCED_FACE('',(#974),#173,.T.);
#7557=ADVANCED_FACE('',(#975),#174,.F.);
#7558=ADVANCED_FACE('',(#976),#7163,.F.);
#7559=ADVANCED_FACE('',(#977),#175,.F.);
#7560=ADVANCED_FACE('',(#978),#176,.T.);
#7561=ADVANCED_FACE('',(#979),#177,.F.);
#7562=ADVANCED_FACE('',(#980,#489),#7164,.F.);
#7563=ADVANCED_FACE('',(#981),#7165,.T.);
#7564=ADVANCED_FACE('',(#982),#7166,.T.);
#7565=ADVANCED_FACE('',(#983),#7167,.T.);
#7566=ADVANCED_FACE('',(#984),#178,.T.);
#7567=ADVANCED_FACE('',(#985),#179,.T.);
#7568=ADVANCED_FACE('',(#986),#7168,.T.);
#7569=ADVANCED_FACE('',(#987),#7169,.T.);
#7570=ADVANCED_FACE('',(#988,#490),#7170,.F.);
#7571=ADVANCED_FACE('',(#989),#7171,.T.);
#7572=ADVANCED_FACE('',(#990),#7172,.T.);
#7573=ADVANCED_FACE('',(#991),#7173,.T.);
#7574=ADVANCED_FACE('',(#992),#7174,.F.);
#7575=ADVANCED_FACE('',(#993),#7175,.T.);
#7576=ADVANCED_FACE('',(#994),#180,.T.);
#7577=ADVANCED_FACE('',(#995),#7176,.T.);
#7578=ADVANCED_FACE('',(#996),#7177,.F.);
#7579=ADVANCED_FACE('',(#997),#7178,.T.);
#7580=ADVANCED_FACE('',(#998),#181,.T.);
#7581=ADVANCED_FACE('',(#999),#7179,.T.);
#7582=ADVANCED_FACE('',(#1000),#182,.T.);
#7583=ADVANCED_FACE('',(#1001),#7180,.T.);
#7584=ADVANCED_FACE('',(#1002,#491),#7181,.F.);
#7585=ADVANCED_FACE('',(#1003),#7182,.F.);
#7586=ADVANCED_FACE('',(#1004),#7183,.F.);
#7587=ADVANCED_FACE('',(#1005),#7184,.T.);
#7588=ADVANCED_FACE('',(#1006),#7185,.T.);
#7589=ADVANCED_FACE('',(#1007),#183,.T.);
#7590=ADVANCED_FACE('',(#1008),#7186,.T.);
#7591=ADVANCED_FACE('',(#1009),#7187,.T.);
#7592=ADVANCED_FACE('',(#1010),#7188,.T.);
#7593=ADVANCED_FACE('',(#1011),#7189,.T.);
#7594=ADVANCED_FACE('',(#1012),#7190,.T.);
#7595=ADVANCED_FACE('',(#1013),#36,.F.);
#7596=ADVANCED_FACE('',(#1014),#37,.T.);
#7597=ADVANCED_FACE('',(#1015),#7191,.T.);
#7598=ADVANCED_FACE('',(#1016),#7192,.T.);
#7599=ADVANCED_FACE('',(#1017),#7193,.T.);
#7600=ADVANCED_FACE('',(#1018),#7194,.T.);
#7601=ADVANCED_FACE('',(#1019),#7195,.T.);
#7602=ADVANCED_FACE('',(#1020),#7196,.T.);
#7603=ADVANCED_FACE('',(#1021),#38,.F.);
#7604=ADVANCED_FACE('',(#1022),#39,.T.);
#7605=ADVANCED_FACE('',(#1023),#7197,.T.);
#7606=ADVANCED_FACE('',(#1024),#7198,.T.);
#7607=ADVANCED_FACE('',(#1025),#7199,.T.);
#7608=ADVANCED_FACE('',(#1026),#7200,.T.);
#7609=ADVANCED_FACE('',(#1027),#7201,.F.);
#7610=ADVANCED_FACE('',(#1028),#7202,.F.);
#7611=ADVANCED_FACE('',(#1029),#7203,.T.);
#7612=ADVANCED_FACE('',(#1030),#7204,.F.);
#7613=ADVANCED_FACE('',(#1031),#7205,.F.);
#7614=ADVANCED_FACE('',(#1032),#7206,.F.);
#7615=ADVANCED_FACE('',(#1033),#7207,.F.);
#7616=ADVANCED_FACE('',(#1034),#7208,.F.);
#7617=ADVANCED_FACE('',(#1035),#7209,.F.);
#7618=ADVANCED_FACE('',(#1036),#40,.F.);
#7619=ADVANCED_FACE('',(#1037),#41,.T.);
#7620=ADVANCED_FACE('',(#1038),#7210,.F.);
#7621=ADVANCED_FACE('',(#1039),#7211,.F.);
#7622=ADVANCED_FACE('',(#1040),#7212,.F.);
#7623=ADVANCED_FACE('',(#1041),#7213,.F.);
#7624=ADVANCED_FACE('',(#1042),#42,.F.);
#7625=ADVANCED_FACE('',(#1043),#43,.T.);
#7626=ADVANCED_FACE('',(#1044),#7214,.F.);
#7627=ADVANCED_FACE('',(#1045),#7215,.F.);
#7628=ADVANCED_FACE('',(#1046),#7216,.F.);
#7629=ADVANCED_FACE('',(#1047),#7217,.F.);
#7630=ADVANCED_FACE('',(#1048),#7218,.F.);
#7631=ADVANCED_FACE('',(#1049),#7219,.F.);
#7632=ADVANCED_FACE('',(#1050),#7220,.T.);
#7633=ADVANCED_FACE('',(#1051),#7221,.F.);
#7634=ADVANCED_FACE('',(#1052),#7222,.F.);
#7635=ADVANCED_FACE('',(#1053),#7223,.F.);
#7636=ADVANCED_FACE('',(#1054),#44,.F.);
#7637=ADVANCED_FACE('',(#1055),#45,.F.);
#7638=ADVANCED_FACE('',(#1056),#184,.F.);
#7639=ADVANCED_FACE('',(#1057),#7224,.F.);
#7640=ADVANCED_FACE('',(#1058),#7225,.F.);
#7641=ADVANCED_FACE('',(#1059),#46,.F.);
#7642=ADVANCED_FACE('',(#1060),#47,.F.);
#7643=ADVANCED_FACE('',(#1061),#185,.F.);
#7644=ADVANCED_FACE('',(#1062),#7226,.F.);
#7645=ADVANCED_FACE('',(#1063),#7227,.F.);
#7646=ADVANCED_FACE('',(#1064),#7228,.F.);
#7647=ADVANCED_FACE('',(#1065),#7229,.T.);
#7648=ADVANCED_FACE('',(#1066),#7230,.T.);
#7649=ADVANCED_FACE('',(#1067),#186,.F.);
#7650=ADVANCED_FACE('',(#1068),#187,.F.);
#7651=ADVANCED_FACE('',(#1069),#7231,.T.);
#7652=ADVANCED_FACE('',(#1070),#7232,.T.);
#7653=ADVANCED_FACE('',(#1071),#188,.F.);
#7654=ADVANCED_FACE('',(#1072),#189,.F.);
#7655=ADVANCED_FACE('',(#1073),#7233,.T.);
#7656=ADVANCED_FACE('',(#1074),#7234,.T.);
#7657=ADVANCED_FACE('',(#1075),#7235,.F.);
#7658=ADVANCED_FACE('',(#1076),#7236,.F.);
#7659=ADVANCED_FACE('',(#1077),#7237,.F.);
#7660=ADVANCED_FACE('',(#1078),#48,.F.);
#7661=ADVANCED_FACE('',(#1079),#49,.F.);
#7662=ADVANCED_FACE('',(#1080),#190,.F.);
#7663=ADVANCED_FACE('',(#1081),#7238,.F.);
#7664=ADVANCED_FACE('',(#1082),#50,.F.);
#7665=ADVANCED_FACE('',(#1083),#51,.F.);
#7666=ADVANCED_FACE('',(#1084),#191,.F.);
#7667=ADVANCED_FACE('',(#1085),#7239,.F.);
#7668=ADVANCED_FACE('',(#1086),#7240,.F.);
#7669=ADVANCED_FACE('',(#1087),#7241,.F.);
#7670=ADVANCED_FACE('',(#1088),#7242,.T.);
#7671=ADVANCED_FACE('',(#1089),#7243,.T.);
#7672=ADVANCED_FACE('',(#1090),#192,.F.);
#7673=ADVANCED_FACE('',(#1091),#193,.F.);
#7674=ADVANCED_FACE('',(#1092),#7244,.T.);
#7675=ADVANCED_FACE('',(#1093),#7245,.T.);
#7676=ADVANCED_FACE('',(#1094),#194,.F.);
#7677=ADVANCED_FACE('',(#1095),#195,.F.);
#7678=ADVANCED_FACE('',(#1096),#7246,.T.);
#7679=ADVANCED_FACE('',(#1097),#7247,.T.);
#7680=ADVANCED_FACE('',(#1098,#492,#493),#7248,.T.);
#7681=ADVANCED_FACE('',(#1099),#7249,.T.);
#7682=ADVANCED_FACE('',(#1100),#196,.T.);
#7683=ADVANCED_FACE('',(#1101),#7250,.T.);
#7684=ADVANCED_FACE('',(#1102),#197,.F.);
#7685=ADVANCED_FACE('',(#1103),#7251,.T.);
#7686=ADVANCED_FACE('',(#1104),#7252,.T.);
#7687=ADVANCED_FACE('',(#1105),#198,.F.);
#7688=ADVANCED_FACE('',(#1106),#7253,.T.);
#7689=ADVANCED_FACE('',(#1107),#199,.T.);
#7690=ADVANCED_FACE('',(#1108),#7254,.T.);
#7691=ADVANCED_FACE('',(#1109),#7255,.T.);
#7692=ADVANCED_FACE('',(#1110),#7256,.T.);
#7693=ADVANCED_FACE('',(#1111),#200,.F.);
#7694=ADVANCED_FACE('',(#1112),#7257,.T.);
#7695=ADVANCED_FACE('',(#1113),#201,.T.);
#7696=ADVANCED_FACE('',(#1114),#202,.F.);
#7697=ADVANCED_FACE('',(#1115),#7258,.T.);
#7698=ADVANCED_FACE('',(#1116),#203,.T.);
#7699=ADVANCED_FACE('',(#1117),#7259,.T.);
#7700=ADVANCED_FACE('',(#1118),#204,.F.);
#7701=ADVANCED_FACE('',(#1119),#7260,.F.);
#7702=CLOSED_SHELL('',(#7261,#7262,#7263,#7264,#7265,#7266,#7267,#7268));
#7703=CLOSED_SHELL('',(#7269,#7270,#7271,#7272,#7273));
#7704=CLOSED_SHELL('',(#7274,#7275,#7276,#7277,#7278));
#7705=CLOSED_SHELL('',(#7279,#7280,#7281,#7282,#7283,#7284,#7285,#7286));
#7706=CLOSED_SHELL('',(#7287,#7288,#7289,#7290,#7291,#7292));
#7707=CLOSED_SHELL('',(#7293,#7294,#7295,#7296,#7297,#7298,#7299,#7300));
#7708=CLOSED_SHELL('',(#7301,#7302,#7303,#7304,#7305,#7306,#7307,#7308,
#7309,#7310,#7311,#7312,#7313));
#7709=CLOSED_SHELL('',(#7314,#7315,#7316,#7317,#7318,#7319,#7320,#7321,
#7322,#7323,#7324));
#7710=CLOSED_SHELL('',(#7325,#7326,#7327,#7328,#7329,#7330));
#7711=CLOSED_SHELL('',(#7331,#7332,#7333,#7334,#7335,#7336));
#7712=CLOSED_SHELL('',(#7337,#7338,#7339,#7340,#7341,#7342,#7343,#7344,
#7345,#7346,#7347,#7348,#7349,#7350,#7351,#7352,#7353,#7354,#7355,#7356,
#7357,#7358,#7359,#7360,#7361,#7362,#7363,#7364,#7365,#7366,#7367,#7368,
#7369,#7370,#7371,#7372,#7373,#7374,#7375,#7376,#7377,#7378,#7379,#7380,
#7381,#7382,#7383,#7384,#7385,#7386,#7387,#7388,#7389,#7390,#7391,#7392,
#7393,#7394,#7395,#7396,#7397,#7398,#7399,#7400,#7401,#7402,#7403,#7404,
#7405,#7406,#7407,#7408,#7409,#7410,#7411,#7412,#7413,#7414,#7415,#7416,
#7417,#7418,#7419,#7420,#7421,#7422,#7423,#7424,#7425,#7426,#7427,#7428,
#7429,#7430,#7431,#7432,#7433,#7434,#7435,#7436,#7437,#7438,#7439,#7440,
#7441,#7442,#7443,#7444,#7445,#7446,#7447,#7448,#7449,#7450,#7451,#7452,
#7453,#7454,#7455,#7456,#7457,#7458,#7459,#7460,#7461,#7462,#7463,#7464,
#7465,#7466,#7467,#7468,#7469,#7470,#7471,#7472,#7473,#7474,#7475,#7476,
#7477,#7478,#7479,#7480,#7481,#7482,#7483,#7484,#7485,#7486,#7487,#7488,
#7489,#7490,#7491,#7492,#7493,#7494,#7495,#7496,#7497,#7498,#7499,#7500,
#7501,#7502,#7503,#7504,#7505,#7506,#7507,#7508,#7509,#7510,#7511,#7512,
#7513,#7514,#7515,#7516,#7517,#7518,#7519,#7520,#7521,#7522,#7523,#7524,
#7525,#7526,#7527,#7528,#7529,#7530,#7531,#7532,#7533,#7534,#7535,#7536,
#7537,#7538,#7539,#7540,#7541,#7542,#7543,#7544,#7545,#7546,#7547,#7548,
#7549,#7550,#7551,#7552,#7553,#7554,#7555,#7556,#7557,#7558,#7559,#7560,
#7561,#7562,#7563,#7564,#7565,#7566,#7567,#7568,#7569,#7570,#7571,#7572,
#7573,#7574,#7575,#7576,#7577,#7578,#7579,#7580,#7581,#7582,#7583,#7584,
#7585,#7586,#7587,#7588,#7589,#7590,#7591,#7592,#7593,#7594,#7595,#7596,
#7597,#7598,#7599,#7600,#7601,#7602,#7603,#7604,#7605,#7606,#7607,#7608,
#7609,#7610,#7611,#7612,#7613,#7614,#7615,#7616,#7617,#7618,#7619,#7620,
#7621,#7622,#7623,#7624,#7625,#7626,#7627,#7628,#7629,#7630,#7631,#7632,
#7633,#7634,#7635,#7636,#7637,#7638,#7639,#7640,#7641,#7642,#7643,#7644,
#7645,#7646,#7647,#7648,#7649,#7650,#7651,#7652,#7653,#7654,#7655,#7656,
#7657,#7658,#7659,#7660,#7661,#7662,#7663,#7664,#7665,#7666,#7667,#7668,
#7669,#7670,#7671,#7672,#7673,#7674,#7675,#7676,#7677,#7678,#7679,#7680,
#7681,#7682,#7683,#7684,#7685,#7686,#7687,#7688,#7689,#7690,#7691,#7692,
#7693,#7694,#7695,#7696,#7697,#7698,#7699,#7700,#7701));
#7713=DERIVED_UNIT_ELEMENT(#7719,1.);
#7714=DERIVED_UNIT_ELEMENT(#15176,-3.);
#7715=DERIVED_UNIT_ELEMENT(#7719,1.);
#7716=DERIVED_UNIT_ELEMENT(#15176,-3.);
#7717=DERIVED_UNIT_ELEMENT(#7719,1.);
#7718=DERIVED_UNIT_ELEMENT(#15176,-3.);
#7719=(
MASS_UNIT()
NAMED_UNIT(*)
SI_UNIT(.KILO.,.GRAM.)
);
#7720=DERIVED_UNIT((#7713,#7714));
#7721=DERIVED_UNIT((#7715,#7716));
#7722=DERIVED_UNIT((#7717,#7718));
#7723=MEASURE_REPRESENTATION_ITEM('density measure',
POSITIVE_RATIO_MEASURE(7850.),#7720);
#7724=MEASURE_REPRESENTATION_ITEM('density measure',
POSITIVE_RATIO_MEASURE(7850.),#7721);
#7725=MEASURE_REPRESENTATION_ITEM('density measure',
POSITIVE_RATIO_MEASURE(7850.),#7722);
#7726=PROPERTY_DEFINITION_REPRESENTATION(#7741,#7732);
#7727=PROPERTY_DEFINITION_REPRESENTATION(#7742,#7733);
#7728=PROPERTY_DEFINITION_REPRESENTATION(#7743,#7734);
#7729=PROPERTY_DEFINITION_REPRESENTATION(#7744,#7735);
#7730=PROPERTY_DEFINITION_REPRESENTATION(#7745,#7736);
#7731=PROPERTY_DEFINITION_REPRESENTATION(#7746,#7737);
#7732=REPRESENTATION('material name',(#7738),#15171);
#7733=REPRESENTATION('density',(#7723),#15171);
#7734=REPRESENTATION('material name',(#7739),#15172);
#7735=REPRESENTATION('density',(#7724),#15172);
#7736=REPRESENTATION('material name',(#7740),#15173);
#7737=REPRESENTATION('density',(#7725),#15173);
#7738=DESCRIPTIVE_REPRESENTATION_ITEM('Steel','Steel');
#7739=DESCRIPTIVE_REPRESENTATION_ITEM('Steel','Steel');
#7740=DESCRIPTIVE_REPRESENTATION_ITEM('Steel','Steel');
#7741=PROPERTY_DEFINITION('material property','material name',#15196);
#7742=PROPERTY_DEFINITION('material property','density of part',#15196);
#7743=PROPERTY_DEFINITION('material property','material name',#15197);
#7744=PROPERTY_DEFINITION('material property','density of part',#15197);
#7745=PROPERTY_DEFINITION('material property','material name',#15198);
#7746=PROPERTY_DEFINITION('material property','density of part',#15198);
#7747=AXIS2_PLACEMENT_3D('',#10379,#8396,#8397);
#7748=AXIS2_PLACEMENT_3D('',#10380,#8398,#8399);
#7749=AXIS2_PLACEMENT_3D('',#10381,#8400,#8401);
#7750=AXIS2_PLACEMENT_3D('',#10419,#8407,#8408);
#7751=AXIS2_PLACEMENT_3D('',#10423,#8411,#8412);
#7752=AXIS2_PLACEMENT_3D('',#10427,#8415,#8416);
#7753=AXIS2_PLACEMENT_3D('',#10457,#8420,#8421);
#7754=AXIS2_PLACEMENT_3D('',#10458,#8422,#8423);
#7755=AXIS2_PLACEMENT_3D('',#10465,#8427,#8428);
#7756=AXIS2_PLACEMENT_3D('',#10471,#8432,#8433);
#7757=AXIS2_PLACEMENT_3D('',#10475,#8436,#8437);
#7758=AXIS2_PLACEMENT_3D('',#10477,#8439,#8440);
#7759=AXIS2_PLACEMENT_3D('',#10478,#8441,#8442);
#7760=AXIS2_PLACEMENT_3D('',#10485,#8446,#8447);
#7761=AXIS2_PLACEMENT_3D('',#10491,#8451,#8452);
#7762=AXIS2_PLACEMENT_3D('',#10495,#8455,#8456);
#7763=AXIS2_PLACEMENT_3D('',#10497,#8458,#8459);
#7764=AXIS2_PLACEMENT_3D('',#10498,#8460,#8461);
#7765=AXIS2_PLACEMENT_3D('',#10539,#8466,#8467);
#7766=AXIS2_PLACEMENT_3D('',#10571,#8472,#8473);
#7767=AXIS2_PLACEMENT_3D('',#10587,#8476,#8477);
#7768=AXIS2_PLACEMENT_3D('',#10588,#8478,#8479);
#7769=AXIS2_PLACEMENT_3D('',#10600,#8483,#8484);
#7770=AXIS2_PLACEMENT_3D('',#10606,#8488,#8489);
#7771=AXIS2_PLACEMENT_3D('',#10624,#8493,#8494);
#7772=AXIS2_PLACEMENT_3D('',#10626,#8496,#8497);
#7773=AXIS2_PLACEMENT_3D('',#10627,#8498,#8499);
#7774=AXIS2_PLACEMENT_3D('',#10668,#8504,#8505);
#7775=AXIS2_PLACEMENT_3D('',#10700,#8510,#8511);
#7776=AXIS2_PLACEMENT_3D('',#10716,#8514,#8515);
#7777=AXIS2_PLACEMENT_3D('',#10717,#8516,#8517);
#7778=AXIS2_PLACEMENT_3D('',#10718,#8518,#8519);
#7779=AXIS2_PLACEMENT_3D('',#10765,#8523,#8524);
#7780=AXIS2_PLACEMENT_3D('',#10771,#8528,#8529);
#7781=AXIS2_PLACEMENT_3D('',#10775,#8532,#8533);
#7782=AXIS2_PLACEMENT_3D('',#10889,#8543,#8544);
#7783=AXIS2_PLACEMENT_3D('',#10890,#8545,#8546);
#7784=AXIS2_PLACEMENT_3D('',#11033,#8556,#8557);
#7785=AXIS2_PLACEMENT_3D('',#11049,#8560,#8561);
#7786=AXIS2_PLACEMENT_3D('',#11050,#8562,#8563);
#7787=AXIS2_PLACEMENT_3D('',#11059,#8568,#8569);
#7788=AXIS2_PLACEMENT_3D('',#11065,#8573,#8574);
#7789=AXIS2_PLACEMENT_3D('',#11069,#8577,#8578);
#7790=AXIS2_PLACEMENT_3D('',#11073,#8581,#8582);
#7791=AXIS2_PLACEMENT_3D('',#11075,#8584,#8585);
#7792=AXIS2_PLACEMENT_3D('',#11076,#8586,#8587);
#7793=AXIS2_PLACEMENT_3D('',#11077,#8588,#8589);
#7794=AXIS2_PLACEMENT_3D('',#11086,#8594,#8595);
#7795=AXIS2_PLACEMENT_3D('',#11092,#8599,#8600);
#7796=AXIS2_PLACEMENT_3D('',#11098,#8604,#8605);
#7797=AXIS2_PLACEMENT_3D('',#11101,#8608,#8609);
#7798=AXIS2_PLACEMENT_3D('',#11102,#8610,#8611);
#7799=AXIS2_PLACEMENT_3D('',#11103,#8612,#8613);
#7800=AXIS2_PLACEMENT_3D('',#11105,#8614,#8615);
#7801=AXIS2_PLACEMENT_3D('',#11107,#8616,#8617);
#7802=AXIS2_PLACEMENT_3D('',#11108,#8618,#8619);
#7803=AXIS2_PLACEMENT_3D('',#11110,#8620,#8621);
#7804=AXIS2_PLACEMENT_3D('',#11112,#8622,#8623);
#7805=AXIS2_PLACEMENT_3D('',#11113,#8624,#8625);
#7806=AXIS2_PLACEMENT_3D('',#11115,#8626,#8627);
#7807=AXIS2_PLACEMENT_3D('',#11117,#8628,#8629);
#7808=AXIS2_PLACEMENT_3D('',#11118,#8630,#8631);
#7809=AXIS2_PLACEMENT_3D('',#11120,#8632,#8633);
#7810=AXIS2_PLACEMENT_3D('',#11122,#8634,#8635);
#7811=AXIS2_PLACEMENT_3D('',#11123,#8636,#8637);
#7812=AXIS2_PLACEMENT_3D('',#11125,#8638,#8639);
#7813=AXIS2_PLACEMENT_3D('',#11128,#8641,#8642);
#7814=AXIS2_PLACEMENT_3D('',#11129,#8643,#8644);
#7815=AXIS2_PLACEMENT_3D('',#11131,#8645,#8646);
#7816=AXIS2_PLACEMENT_3D('',#11134,#8648,#8649);
#7817=AXIS2_PLACEMENT_3D('',#11166,#8650,#8651);
#7818=AXIS2_PLACEMENT_3D('',#11212,#8652,#8653);
#7819=AXIS2_PLACEMENT_3D('',#11214,#8654,#8655);
#7820=AXIS2_PLACEMENT_3D('',#11216,#8656,#8657);
#7821=AXIS2_PLACEMENT_3D('',#11269,#8658,#8659);
#7822=AXIS2_PLACEMENT_3D('',#11271,#8660,#8661);
#7823=AXIS2_PLACEMENT_3D('',#11272,#8662,#8663);
#7824=AXIS2_PLACEMENT_3D('',#11366,#8664,#8665);
#7825=AXIS2_PLACEMENT_3D('',#11449,#8666,#8667);
#7826=AXIS2_PLACEMENT_3D('',#11501,#8668,#8669);
#7827=AXIS2_PLACEMENT_3D('',#11563,#8670,#8671);
#7828=AXIS2_PLACEMENT_3D('',#11606,#8672,#8673);
#7829=AXIS2_PLACEMENT_3D('',#11608,#8674,#8675);
#7830=AXIS2_PLACEMENT_3D('',#11610,#8676,#8677);
#7831=AXIS2_PLACEMENT_3D('',#11612,#8678,#8679);
#7832=AXIS2_PLACEMENT_3D('',#11613,#8680,#8681);
#7833=AXIS2_PLACEMENT_3D('',#11635,#8682,#8683);
#7834=AXIS2_PLACEMENT_3D('',#11674,#8684,#8685);
#7835=AXIS2_PLACEMENT_3D('',#11690,#8686,#8687);
#7836=AXIS2_PLACEMENT_3D('',#11691,#8688,#8689);
#7837=AXIS2_PLACEMENT_3D('',#11692,#8690,#8691);
#7838=AXIS2_PLACEMENT_3D('',#11721,#8693,#8694);
#7839=AXIS2_PLACEMENT_3D('',#11809,#8695,#8696);
#7840=AXIS2_PLACEMENT_3D('',#11868,#8697,#8698);
#7841=AXIS2_PLACEMENT_3D('',#11932,#8699,#8700);
#7842=AXIS2_PLACEMENT_3D('',#12033,#8701,#8702);
#7843=AXIS2_PLACEMENT_3D('',#12079,#8703,#8704);
#7844=AXIS2_PLACEMENT_3D('',#12081,#8705,#8706);
#7845=AXIS2_PLACEMENT_3D('',#12104,#8707,#8708);
#7846=AXIS2_PLACEMENT_3D('',#12106,#8709,#8710);
#7847=AXIS2_PLACEMENT_3D('',#12108,#8711,#8712);
#7848=AXIS2_PLACEMENT_3D('',#12110,#8713,#8714);
#7849=AXIS2_PLACEMENT_3D('',#12112,#8715,#8716);
#7850=AXIS2_PLACEMENT_3D('',#12166,#8717,#8718);
#7851=AXIS2_PLACEMENT_3D('',#12168,#8719,#8720);
#7852=AXIS2_PLACEMENT_3D('',#12170,#8721,#8722);
#7853=AXIS2_PLACEMENT_3D('',#12172,#8723,#8724);
#7854=AXIS2_PLACEMENT_3D('',#12173,#8725,#8726);
#7855=AXIS2_PLACEMENT_3D('',#12174,#8727,#8728);
#7856=AXIS2_PLACEMENT_3D('',#12192,#8730,#8731);
#7857=AXIS2_PLACEMENT_3D('',#12194,#8733,#8734);
#7858=AXIS2_PLACEMENT_3D('',#12206,#8736,#8737);
#7859=AXIS2_PLACEMENT_3D('',#12207,#8738,#8739);
#7860=AXIS2_PLACEMENT_3D('',#12211,#8741,#8742);
#7861=AXIS2_PLACEMENT_3D('',#12214,#8744,#8745);
#7862=AXIS2_PLACEMENT_3D('',#12218,#8747,#8748);
#7863=AXIS2_PLACEMENT_3D('',#12222,#8750,#8751);
#7864=AXIS2_PLACEMENT_3D('',#12226,#8753,#8754);
#7865=AXIS2_PLACEMENT_3D('',#12230,#8756,#8757);
#7866=AXIS2_PLACEMENT_3D('',#12234,#8759,#8760);
#7867=AXIS2_PLACEMENT_3D('',#12238,#8762,#8763);
#7868=AXIS2_PLACEMENT_3D('',#12242,#8765,#8766);
#7869=AXIS2_PLACEMENT_3D('',#12246,#8768,#8769);
#7870=AXIS2_PLACEMENT_3D('',#12250,#8771,#8772);
#7871=AXIS2_PLACEMENT_3D('',#12254,#8774,#8775);
#7872=AXIS2_PLACEMENT_3D('',#12258,#8777,#8778);
#7873=AXIS2_PLACEMENT_3D('',#12262,#8780,#8781);
#7874=AXIS2_PLACEMENT_3D('',#12273,#8783,#8784);
#7875=AXIS2_PLACEMENT_3D('',#12282,#8789,#8790);
#7876=AXIS2_PLACEMENT_3D('',#12314,#8792,#8793);
#7877=AXIS2_PLACEMENT_3D('',#12382,#8794,#8795);
#7878=AXIS2_PLACEMENT_3D('',#12383,#8796,#8797);
#7879=AXIS2_PLACEMENT_3D('',#12498,#8798,#8799);
#7880=AXIS2_PLACEMENT_3D('',#12563,#8800,#8801);
#7881=AXIS2_PLACEMENT_3D('',#12622,#8802,#8803);
#7882=AXIS2_PLACEMENT_3D('',#12686,#8804,#8805);
#7883=AXIS2_PLACEMENT_3D('',#12729,#8806,#8807);
#7884=AXIS2_PLACEMENT_3D('',#12731,#8808,#8809);
#7885=AXIS2_PLACEMENT_3D('',#12732,#8810,#8811);
#7886=AXIS2_PLACEMENT_3D('',#12733,#8812,#8813);
#7887=AXIS2_PLACEMENT_3D('',#12735,#8814,#8815);
#7888=AXIS2_PLACEMENT_3D('',#12736,#8816,#8817);
#7889=AXIS2_PLACEMENT_3D('',#12737,#8818,#8819);
#7890=AXIS2_PLACEMENT_3D('',#12744,#8820,#8821);
#7891=AXIS2_PLACEMENT_3D('',#12764,#8823,#8824);
#7892=AXIS2_PLACEMENT_3D('',#12793,#8826,#8827);
#7893=AXIS2_PLACEMENT_3D('',#12874,#8828,#8829);
#7894=AXIS2_PLACEMENT_3D('',#12931,#8830,#8831);
#7895=AXIS2_PLACEMENT_3D('',#12995,#8832,#8833);
#7896=AXIS2_PLACEMENT_3D('',#13103,#8834,#8835);
#7897=AXIS2_PLACEMENT_3D('',#13156,#8836,#8837);
#7898=AXIS2_PLACEMENT_3D('',#13158,#8838,#8839);
#7899=AXIS2_PLACEMENT_3D('',#13181,#8840,#8841);
#7900=AXIS2_PLACEMENT_3D('',#13183,#8842,#8843);
#7901=AXIS2_PLACEMENT_3D('',#13184,#8844,#8845);
#7902=AXIS2_PLACEMENT_3D('',#13237,#8846,#8847);
#7903=AXIS2_PLACEMENT_3D('',#13239,#8849,#8850);
#7904=AXIS2_PLACEMENT_3D('',#13240,#8851,#8852);
#7905=AXIS2_PLACEMENT_3D('',#13241,#8853,#8854);
#7906=AXIS2_PLACEMENT_3D('',#13243,#8856,#8857);
#7907=AXIS2_PLACEMENT_3D('',#13245,#8858,#8859);
#7908=AXIS2_PLACEMENT_3D('',#13246,#8860,#8861);
#7909=AXIS2_PLACEMENT_3D('',#13284,#8862,#8863);
#7910=AXIS2_PLACEMENT_3D('',#13362,#8864,#8865);
#7911=AXIS2_PLACEMENT_3D('',#13390,#8866,#8867);
#7912=AXIS2_PLACEMENT_3D('',#13396,#8868,#8869);
#7913=AXIS2_PLACEMENT_3D('',#13398,#8870,#8871);
#7914=AXIS2_PLACEMENT_3D('',#13400,#8872,#8873);
#7915=AXIS2_PLACEMENT_3D('',#13401,#8874,#8875);
#7916=AXIS2_PLACEMENT_3D('',#13423,#8876,#8877);
#7917=AXIS2_PLACEMENT_3D('',#13430,#8878,#8879);
#7918=AXIS2_PLACEMENT_3D('',#13469,#8880,#8881);
#7919=AXIS2_PLACEMENT_3D('',#13471,#8883,#8884);
#7920=AXIS2_PLACEMENT_3D('',#13473,#8886,#8887);
#7921=AXIS2_PLACEMENT_3D('',#13476,#8888,#8889);
#7922=AXIS2_PLACEMENT_3D('',#13479,#8892,#8893);
#7923=AXIS2_PLACEMENT_3D('',#13487,#8897,#8898);
#7924=AXIS2_PLACEMENT_3D('',#13491,#8900,#8901);
#7925=AXIS2_PLACEMENT_3D('',#13495,#8904,#8905);
#7926=AXIS2_PLACEMENT_3D('',#13497,#8906,#8907);
#7927=AXIS2_PLACEMENT_3D('',#13499,#8909,#8910);
#7928=AXIS2_PLACEMENT_3D('',#13503,#8913,#8914);
#7929=AXIS2_PLACEMENT_3D('',#13511,#8918,#8919);
#7930=AXIS2_PLACEMENT_3D('',#13515,#8921,#8922);
#7931=AXIS2_PLACEMENT_3D('',#13522,#8926,#8927);
#7932=AXIS2_PLACEMENT_3D('',#13523,#8928,#8929);
#7933=AXIS2_PLACEMENT_3D('',#13525,#8930,#8931);
#7934=AXIS2_PLACEMENT_3D('',#13527,#8933,#8934);
#7935=AXIS2_PLACEMENT_3D('',#13529,#8936,#8937);
#7936=AXIS2_PLACEMENT_3D('',#13530,#8938,#8939);
#7937=AXIS2_PLACEMENT_3D('',#13531,#8940,#8941);
#7938=AXIS2_PLACEMENT_3D('',#13532,#8942,#8943);
#7939=AXIS2_PLACEMENT_3D('',#13533,#8944,#8945);
#7940=AXIS2_PLACEMENT_3D('',#13541,#8949,#8950);
#7941=AXIS2_PLACEMENT_3D('',#13549,#8954,#8955);
#7942=AXIS2_PLACEMENT_3D('',#13556,#8959,#8960);
#7943=AXIS2_PLACEMENT_3D('',#13558,#8961,#8962);
#7944=AXIS2_PLACEMENT_3D('',#13559,#8963,#8964);
#7945=AXIS2_PLACEMENT_3D('',#13565,#8968,#8969);
#7946=AXIS2_PLACEMENT_3D('',#13569,#8972,#8973);
#7947=AXIS2_PLACEMENT_3D('',#13573,#8976,#8977);
#7948=AXIS2_PLACEMENT_3D('',#13575,#8979,#8980);
#7949=AXIS2_PLACEMENT_3D('',#13584,#8985,#8986);
#7950=AXIS2_PLACEMENT_3D('',#13590,#8990,#8991);
#7951=AXIS2_PLACEMENT_3D('',#13594,#8994,#8995);
#7952=AXIS2_PLACEMENT_3D('',#13598,#8998,#8999);
#7953=AXIS2_PLACEMENT_3D('',#13600,#9001,#9002);
#7954=AXIS2_PLACEMENT_3D('',#13606,#9006,#9007);
#7955=AXIS2_PLACEMENT_3D('',#13610,#9010,#9011);
#7956=AXIS2_PLACEMENT_3D('',#13619,#9016,#9017);
#7957=AXIS2_PLACEMENT_3D('',#13622,#9018,#9019);
#7958=AXIS2_PLACEMENT_3D('',#13626,#9021,#9022);
#7959=AXIS2_PLACEMENT_3D('',#13634,#9026,#9027);
#7960=AXIS2_PLACEMENT_3D('',#13638,#9029,#9030);
#7961=AXIS2_PLACEMENT_3D('',#13657,#9040,#9041);
#7962=AXIS2_PLACEMENT_3D('',#13659,#9042,#9043);
#7963=AXIS2_PLACEMENT_3D('',#13668,#9047,#9048);
#7964=AXIS2_PLACEMENT_3D('',#13676,#9052,#9053);
#7965=AXIS2_PLACEMENT_3D('',#13684,#9057,#9058);
#7966=AXIS2_PLACEMENT_3D('',#13691,#9062,#9063);
#7967=AXIS2_PLACEMENT_3D('',#13693,#9064,#9065);
#7968=AXIS2_PLACEMENT_3D('',#13695,#9066,#9067);
#7969=AXIS2_PLACEMENT_3D('',#13696,#9068,#9069);
#7970=AXIS2_PLACEMENT_3D('',#13700,#9072,#9073);
#7971=AXIS2_PLACEMENT_3D('',#13702,#9075,#9076);
#7972=AXIS2_PLACEMENT_3D('',#13716,#9084,#9085);
#7973=AXIS2_PLACEMENT_3D('',#13722,#9089,#9090);
#7974=AXIS2_PLACEMENT_3D('',#13726,#9093,#9094);
#7975=AXIS2_PLACEMENT_3D('',#13730,#9097,#9098);
#7976=AXIS2_PLACEMENT_3D('',#13736,#9102,#9103);
#7977=AXIS2_PLACEMENT_3D('',#13740,#9106,#9107);
#7978=AXIS2_PLACEMENT_3D('',#13744,#9110,#9111);
#7979=AXIS2_PLACEMENT_3D('',#13747,#9114,#9115);
#7980=AXIS2_PLACEMENT_3D('',#13753,#9119,#9120);
#7981=AXIS2_PLACEMENT_3D('',#13755,#9122,#9123);
#7982=AXIS2_PLACEMENT_3D('',#13757,#9125,#9126);
#7983=AXIS2_PLACEMENT_3D('',#13758,#9127,#9128);
#7984=AXIS2_PLACEMENT_3D('',#13760,#9129,#9130);
#7985=AXIS2_PLACEMENT_3D('',#13783,#9132,#9133);
#7986=AXIS2_PLACEMENT_3D('',#13784,#9134,#9135);
#7987=AXIS2_PLACEMENT_3D('',#13789,#9137,#9138);
#7988=AXIS2_PLACEMENT_3D('',#13801,#9139,#9140);
#7989=AXIS2_PLACEMENT_3D('',#13818,#9142,#9143);
#7990=AXIS2_PLACEMENT_3D('',#13822,#9145,#9146);
#7991=AXIS2_PLACEMENT_3D('',#13838,#9148,#9149);
#7992=AXIS2_PLACEMENT_3D('',#13871,#9150,#9151);
#7993=AXIS2_PLACEMENT_3D('',#13872,#9152,#9153);
#7994=AXIS2_PLACEMENT_3D('',#13874,#9154,#9155);
#7995=AXIS2_PLACEMENT_3D('',#13877,#9157,#9158);
#7996=AXIS2_PLACEMENT_3D('',#13878,#9159,#9160);
#7997=AXIS2_PLACEMENT_3D('',#13880,#9161,#9162);
#7998=AXIS2_PLACEMENT_3D('',#13882,#9164,#9165);
#7999=AXIS2_PLACEMENT_3D('',#13883,#9166,#9167);
#8000=AXIS2_PLACEMENT_3D('',#13884,#9168,#9169);
#8001=AXIS2_PLACEMENT_3D('',#13886,#9170,#9171);
#8002=AXIS2_PLACEMENT_3D('',#13889,#9173,#9174);
#8003=AXIS2_PLACEMENT_3D('',#13890,#9175,#9176);
#8004=AXIS2_PLACEMENT_3D('',#13892,#9177,#9178);
#8005=AXIS2_PLACEMENT_3D('',#13894,#9180,#9181);
#8006=AXIS2_PLACEMENT_3D('',#13895,#9182,#9183);
#8007=AXIS2_PLACEMENT_3D('',#13896,#9184,#9185);
#8008=AXIS2_PLACEMENT_3D('',#13898,#9186,#9187);
#8009=AXIS2_PLACEMENT_3D('',#13900,#9189,#9190);
#8010=AXIS2_PLACEMENT_3D('',#13901,#9191,#9192);
#8011=AXIS2_PLACEMENT_3D('',#13902,#9193,#9194);
#8012=AXIS2_PLACEMENT_3D('',#13904,#9195,#9196);
#8013=AXIS2_PLACEMENT_3D('',#13907,#9198,#9199);
#8014=AXIS2_PLACEMENT_3D('',#13908,#9200,#9201);
#8015=AXIS2_PLACEMENT_3D('',#13910,#9202,#9203);
#8016=AXIS2_PLACEMENT_3D('',#13912,#9205,#9206);
#8017=AXIS2_PLACEMENT_3D('',#13913,#9207,#9208);
#8018=AXIS2_PLACEMENT_3D('',#13914,#9209,#9210);
#8019=AXIS2_PLACEMENT_3D('',#13916,#9211,#9212);
#8020=AXIS2_PLACEMENT_3D('',#13919,#9214,#9215);
#8021=AXIS2_PLACEMENT_3D('',#13920,#9216,#9217);
#8022=AXIS2_PLACEMENT_3D('',#13922,#9218,#9219);
#8023=AXIS2_PLACEMENT_3D('',#13924,#9221,#9222);
#8024=AXIS2_PLACEMENT_3D('',#13925,#9223,#9224);
#8025=AXIS2_PLACEMENT_3D('',#13965,#9227,#9228);
#8026=AXIS2_PLACEMENT_3D('',#13966,#9229,#9230);
#8027=AXIS2_PLACEMENT_3D('',#14020,#9233,#9234);
#8028=AXIS2_PLACEMENT_3D('',#14023,#9235,#9236);
#8029=AXIS2_PLACEMENT_3D('',#14029,#9238,#9239);
#8030=AXIS2_PLACEMENT_3D('',#14036,#9241,#9242);
#8031=AXIS2_PLACEMENT_3D('',#14039,#9243,#9244);
#8032=AXIS2_PLACEMENT_3D('',#14045,#9246,#9247);
#8033=AXIS2_PLACEMENT_3D('',#14052,#9249,#9250);
#8034=AXIS2_PLACEMENT_3D('',#14055,#9251,#9252);
#8035=AXIS2_PLACEMENT_3D('',#14061,#9254,#9255);
#8036=AXIS2_PLACEMENT_3D('',#14065,#9258,#9259);
#8037=AXIS2_PLACEMENT_3D('',#14068,#9261,#9262);
#8038=AXIS2_PLACEMENT_3D('',#14069,#9263,#9264);
#8039=AXIS2_PLACEMENT_3D('',#14073,#9267,#9268);
#8040=AXIS2_PLACEMENT_3D('',#14074,#9269,#9270);
#8041=AXIS2_PLACEMENT_3D('',#14075,#9271,#9272);
#8042=AXIS2_PLACEMENT_3D('',#14082,#9274,#9275);
#8043=AXIS2_PLACEMENT_3D('',#14085,#9276,#9277);
#8044=AXIS2_PLACEMENT_3D('',#14091,#9279,#9280);
#8045=AXIS2_PLACEMENT_3D('',#14095,#9283,#9284);
#8046=AXIS2_PLACEMENT_3D('',#14098,#9286,#9287);
#8047=AXIS2_PLACEMENT_3D('',#14099,#9288,#9289);
#8048=AXIS2_PLACEMENT_3D('',#14103,#9292,#9293);
#8049=AXIS2_PLACEMENT_3D('',#14104,#9294,#9295);
#8050=AXIS2_PLACEMENT_3D('',#14105,#9296,#9297);
#8051=AXIS2_PLACEMENT_3D('',#14109,#9300,#9301);
#8052=AXIS2_PLACEMENT_3D('',#14112,#9303,#9304);
#8053=AXIS2_PLACEMENT_3D('',#14113,#9305,#9306);
#8054=AXIS2_PLACEMENT_3D('',#14117,#9309,#9310);
#8055=AXIS2_PLACEMENT_3D('',#14118,#9311,#9312);
#8056=AXIS2_PLACEMENT_3D('',#14119,#9313,#9314);
#8057=AXIS2_PLACEMENT_3D('',#14126,#9316,#9317);
#8058=AXIS2_PLACEMENT_3D('',#14130,#9320,#9321);
#8059=AXIS2_PLACEMENT_3D('',#14133,#9323,#9324);
#8060=AXIS2_PLACEMENT_3D('',#14134,#9325,#9326);
#8061=AXIS2_PLACEMENT_3D('',#14138,#9329,#9330);
#8062=AXIS2_PLACEMENT_3D('',#14139,#9331,#9332);
#8063=AXIS2_PLACEMENT_3D('',#14140,#9333,#9334);
#8064=AXIS2_PLACEMENT_3D('',#14146,#9338,#9339);
#8065=AXIS2_PLACEMENT_3D('',#14149,#9341,#9342);
#8066=AXIS2_PLACEMENT_3D('',#14150,#9343,#9344);
#8067=AXIS2_PLACEMENT_3D('',#14154,#9347,#9348);
#8068=AXIS2_PLACEMENT_3D('',#14157,#9350,#9351);
#8069=AXIS2_PLACEMENT_3D('',#14158,#9352,#9353);
#8070=AXIS2_PLACEMENT_3D('',#14162,#9356,#9357);
#8071=AXIS2_PLACEMENT_3D('',#14165,#9359,#9360);
#8072=AXIS2_PLACEMENT_3D('',#14166,#9361,#9362);
#8073=AXIS2_PLACEMENT_3D('',#14170,#9365,#9366);
#8074=AXIS2_PLACEMENT_3D('',#14173,#9368,#9369);
#8075=AXIS2_PLACEMENT_3D('',#14174,#9370,#9371);
#8076=AXIS2_PLACEMENT_3D('',#14178,#9374,#9375);
#8077=AXIS2_PLACEMENT_3D('',#14181,#9377,#9378);
#8078=AXIS2_PLACEMENT_3D('',#14182,#9379,#9380);
#8079=AXIS2_PLACEMENT_3D('',#14186,#9383,#9384);
#8080=AXIS2_PLACEMENT_3D('',#14189,#9386,#9387);
#8081=AXIS2_PLACEMENT_3D('',#14190,#9388,#9389);
#8082=AXIS2_PLACEMENT_3D('',#14194,#9392,#9393);
#8083=AXIS2_PLACEMENT_3D('',#14197,#9395,#9396);
#8084=AXIS2_PLACEMENT_3D('',#14198,#9397,#9398);
#8085=AXIS2_PLACEMENT_3D('',#14202,#9401,#9402);
#8086=AXIS2_PLACEMENT_3D('',#14205,#9404,#9405);
#8087=AXIS2_PLACEMENT_3D('',#14206,#9406,#9407);
#8088=AXIS2_PLACEMENT_3D('',#14210,#9410,#9411);
#8089=AXIS2_PLACEMENT_3D('',#14213,#9413,#9414);
#8090=AXIS2_PLACEMENT_3D('',#14214,#9415,#9416);
#8091=AXIS2_PLACEMENT_3D('',#14218,#9419,#9420);
#8092=AXIS2_PLACEMENT_3D('',#14221,#9422,#9423);
#8093=AXIS2_PLACEMENT_3D('',#14222,#9424,#9425);
#8094=AXIS2_PLACEMENT_3D('',#14226,#9428,#9429);
#8095=AXIS2_PLACEMENT_3D('',#14229,#9431,#9432);
#8096=AXIS2_PLACEMENT_3D('',#14230,#9433,#9434);
#8097=AXIS2_PLACEMENT_3D('',#14234,#9437,#9438);
#8098=AXIS2_PLACEMENT_3D('',#14235,#9439,#9440);
#8099=AXIS2_PLACEMENT_3D('',#14236,#9441,#9442);
#8100=AXIS2_PLACEMENT_3D('',#14237,#9443,#9444);
#8101=AXIS2_PLACEMENT_3D('',#14238,#9445,#9446);
#8102=AXIS2_PLACEMENT_3D('',#14255,#9455,#9456);
#8103=AXIS2_PLACEMENT_3D('',#14261,#9460,#9461);
#8104=AXIS2_PLACEMENT_3D('',#14267,#9465,#9466);
#8105=AXIS2_PLACEMENT_3D('',#14269,#9467,#9468);
#8106=AXIS2_PLACEMENT_3D('',#14273,#9471,#9472);
#8107=AXIS2_PLACEMENT_3D('',#14274,#9473,#9474);
#8108=AXIS2_PLACEMENT_3D('',#14277,#9476,#9477);
#8109=AXIS2_PLACEMENT_3D('',#14278,#9478,#9479);
#8110=AXIS2_PLACEMENT_3D('',#14280,#9481,#9482);
#8111=AXIS2_PLACEMENT_3D('',#14281,#9483,#9484);
#8112=AXIS2_PLACEMENT_3D('',#14285,#9487,#9488);
#8113=AXIS2_PLACEMENT_3D('',#14286,#9489,#9490);
#8114=AXIS2_PLACEMENT_3D('',#14287,#9491,#9492);
#8115=AXIS2_PLACEMENT_3D('',#14290,#9493,#9494);
#8116=AXIS2_PLACEMENT_3D('',#14294,#9496,#9497);
#8117=AXIS2_PLACEMENT_3D('',#14296,#9499,#9500);
#8118=AXIS2_PLACEMENT_3D('',#14302,#9504,#9505);
#8119=AXIS2_PLACEMENT_3D('',#14304,#9506,#9507);
#8120=AXIS2_PLACEMENT_3D('',#14306,#9508,#9509);
#8121=AXIS2_PLACEMENT_3D('',#14308,#9511,#9512);
#8122=AXIS2_PLACEMENT_3D('',#14314,#9516,#9517);
#8123=AXIS2_PLACEMENT_3D('',#14316,#9518,#9519);
#8124=AXIS2_PLACEMENT_3D('',#14318,#9520,#9521);
#8125=AXIS2_PLACEMENT_3D('',#14320,#9523,#9524);
#8126=AXIS2_PLACEMENT_3D('',#14326,#9528,#9529);
#8127=AXIS2_PLACEMENT_3D('',#14328,#9530,#9531);
#8128=AXIS2_PLACEMENT_3D('',#14330,#9532,#9533);
#8129=AXIS2_PLACEMENT_3D('',#14332,#9535,#9536);
#8130=AXIS2_PLACEMENT_3D('',#14338,#9540,#9541);
#8131=AXIS2_PLACEMENT_3D('',#14340,#9542,#9543);
#8132=AXIS2_PLACEMENT_3D('',#14342,#9544,#9545);
#8133=AXIS2_PLACEMENT_3D('',#14344,#9547,#9548);
#8134=AXIS2_PLACEMENT_3D('',#14350,#9552,#9553);
#8135=AXIS2_PLACEMENT_3D('',#14352,#9554,#9555);
#8136=AXIS2_PLACEMENT_3D('',#14354,#9556,#9557);
#8137=AXIS2_PLACEMENT_3D('',#14356,#9559,#9560);
#8138=AXIS2_PLACEMENT_3D('',#14362,#9564,#9565);
#8139=AXIS2_PLACEMENT_3D('',#14368,#9569,#9570);
#8140=AXIS2_PLACEMENT_3D('',#14370,#9571,#9572);
#8141=AXIS2_PLACEMENT_3D('',#14373,#9574,#9575);
#8142=AXIS2_PLACEMENT_3D('',#14374,#9576,#9577);
#8143=AXIS2_PLACEMENT_3D('',#14380,#9581,#9582);
#8144=AXIS2_PLACEMENT_3D('',#14382,#9583,#9584);
#8145=AXIS2_PLACEMENT_3D('',#14385,#9586,#9587);
#8146=AXIS2_PLACEMENT_3D('',#14386,#9588,#9589);
#8147=AXIS2_PLACEMENT_3D('',#14392,#9593,#9594);
#8148=AXIS2_PLACEMENT_3D('',#14394,#9595,#9596);
#8149=AXIS2_PLACEMENT_3D('',#14397,#9598,#9599);
#8150=AXIS2_PLACEMENT_3D('',#14398,#9600,#9601);
#8151=AXIS2_PLACEMENT_3D('',#14404,#9605,#9606);
#8152=AXIS2_PLACEMENT_3D('',#14406,#9607,#9608);
#8153=AXIS2_PLACEMENT_3D('',#14409,#9610,#9611);
#8154=AXIS2_PLACEMENT_3D('',#14410,#9612,#9613);
#8155=AXIS2_PLACEMENT_3D('',#14416,#9617,#9618);
#8156=AXIS2_PLACEMENT_3D('',#14418,#9619,#9620);
#8157=AXIS2_PLACEMENT_3D('',#14421,#9622,#9623);
#8158=AXIS2_PLACEMENT_3D('',#14422,#9624,#9625);
#8159=AXIS2_PLACEMENT_3D('',#14428,#9629,#9630);
#8160=AXIS2_PLACEMENT_3D('',#14429,#9631,#9632);
#8161=AXIS2_PLACEMENT_3D('',#14430,#9633,#9634);
#8162=AXIS2_PLACEMENT_3D('',#14431,#9635,#9636);
#8163=AXIS2_PLACEMENT_3D('',#14434,#9637,#9638);
#8164=AXIS2_PLACEMENT_3D('',#14438,#9640,#9641);
#8165=AXIS2_PLACEMENT_3D('',#14440,#9642,#9643);
#8166=AXIS2_PLACEMENT_3D('',#14442,#9644,#9645);
#8167=AXIS2_PLACEMENT_3D('',#14446,#9647,#9648);
#8168=AXIS2_PLACEMENT_3D('',#14448,#9649,#9650);
#8169=AXIS2_PLACEMENT_3D('',#14450,#9651,#9652);
#8170=AXIS2_PLACEMENT_3D('',#14454,#9654,#9655);
#8171=AXIS2_PLACEMENT_3D('',#14456,#9656,#9657);
#8172=AXIS2_PLACEMENT_3D('',#14458,#9658,#9659);
#8173=AXIS2_PLACEMENT_3D('',#14462,#9661,#9662);
#8174=AXIS2_PLACEMENT_3D('',#14463,#9663,#9664);
#8175=AXIS2_PLACEMENT_3D('',#14464,#9665,#9666);
#8176=AXIS2_PLACEMENT_3D('',#14470,#9670,#9671);
#8177=AXIS2_PLACEMENT_3D('',#14472,#9672,#9673);
#8178=AXIS2_PLACEMENT_3D('',#14474,#9675,#9676);
#8179=AXIS2_PLACEMENT_3D('',#14476,#9677,#9678);
#8180=AXIS2_PLACEMENT_3D('',#14478,#9680,#9681);
#8181=AXIS2_PLACEMENT_3D('',#14480,#9682,#9683);
#8182=AXIS2_PLACEMENT_3D('',#14482,#9685,#9686);
#8183=AXIS2_PLACEMENT_3D('',#14486,#9689,#9690);
#8184=AXIS2_PLACEMENT_3D('',#14488,#9691,#9692);
#8185=AXIS2_PLACEMENT_3D('',#14490,#9694,#9695);
#8186=AXIS2_PLACEMENT_3D('',#14492,#9696,#9697);
#8187=AXIS2_PLACEMENT_3D('',#14494,#9699,#9700);
#8188=AXIS2_PLACEMENT_3D('',#14496,#9701,#9702);
#8189=AXIS2_PLACEMENT_3D('',#14498,#9704,#9705);
#8190=AXIS2_PLACEMENT_3D('',#14502,#9708,#9709);
#8191=AXIS2_PLACEMENT_3D('',#14504,#9710,#9711);
#8192=AXIS2_PLACEMENT_3D('',#14506,#9713,#9714);
#8193=AXIS2_PLACEMENT_3D('',#14508,#9715,#9716);
#8194=AXIS2_PLACEMENT_3D('',#14510,#9718,#9719);
#8195=AXIS2_PLACEMENT_3D('',#14512,#9720,#9721);
#8196=AXIS2_PLACEMENT_3D('',#14514,#9723,#9724);
#8197=AXIS2_PLACEMENT_3D('',#14518,#9727,#9728);
#8198=AXIS2_PLACEMENT_3D('',#14520,#9729,#9730);
#8199=AXIS2_PLACEMENT_3D('',#14522,#9732,#9733);
#8200=AXIS2_PLACEMENT_3D('',#14524,#9734,#9735);
#8201=AXIS2_PLACEMENT_3D('',#14526,#9737,#9738);
#8202=AXIS2_PLACEMENT_3D('',#14527,#9739,#9740);
#8203=AXIS2_PLACEMENT_3D('',#14528,#9741,#9742);
#8204=AXIS2_PLACEMENT_3D('',#14529,#9743,#9744);
#8205=AXIS2_PLACEMENT_3D('',#14535,#9748,#9749);
#8206=AXIS2_PLACEMENT_3D('',#14539,#9752,#9753);
#8207=AXIS2_PLACEMENT_3D('',#14543,#9756,#9757);
#8208=AXIS2_PLACEMENT_3D('',#14545,#9758,#9759);
#8209=AXIS2_PLACEMENT_3D('',#14547,#9761,#9762);
#8210=AXIS2_PLACEMENT_3D('',#14550,#9764,#9765);
#8211=AXIS2_PLACEMENT_3D('',#14551,#9766,#9767);
#8212=AXIS2_PLACEMENT_3D('',#14555,#9770,#9771);
#8213=AXIS2_PLACEMENT_3D('',#14559,#9774,#9775);
#8214=AXIS2_PLACEMENT_3D('',#14561,#9777,#9778);
#8215=AXIS2_PLACEMENT_3D('',#14562,#9779,#9780);
#8216=AXIS2_PLACEMENT_3D('',#14563,#9781,#9782);
#8217=AXIS2_PLACEMENT_3D('',#14569,#9786,#9787);
#8218=AXIS2_PLACEMENT_3D('',#14573,#9790,#9791);
#8219=AXIS2_PLACEMENT_3D('',#14577,#9794,#9795);
#8220=AXIS2_PLACEMENT_3D('',#14579,#9796,#9797);
#8221=AXIS2_PLACEMENT_3D('',#14581,#9799,#9800);
#8222=AXIS2_PLACEMENT_3D('',#14585,#9803,#9804);
#8223=AXIS2_PLACEMENT_3D('',#14589,#9807,#9808);
#8224=AXIS2_PLACEMENT_3D('',#14593,#9811,#9812);
#8225=AXIS2_PLACEMENT_3D('',#14595,#9813,#9814);
#8226=AXIS2_PLACEMENT_3D('',#14597,#9816,#9817);
#8227=AXIS2_PLACEMENT_3D('',#14603,#9821,#9822);
#8228=AXIS2_PLACEMENT_3D('',#14604,#9823,#9824);
#8229=AXIS2_PLACEMENT_3D('',#14605,#9825,#9826);
#8230=AXIS2_PLACEMENT_3D('',#14609,#9829,#9830);
#8231=AXIS2_PLACEMENT_3D('',#14615,#9833,#9834);
#8232=AXIS2_PLACEMENT_3D('',#14619,#9837,#9838);
#8233=AXIS2_PLACEMENT_3D('',#14621,#9840,#9841);
#8234=AXIS2_PLACEMENT_3D('',#14623,#9843,#9844);
#8235=AXIS2_PLACEMENT_3D('',#14625,#9846,#9847);
#8236=AXIS2_PLACEMENT_3D('',#14627,#9849,#9850);
#8237=AXIS2_PLACEMENT_3D('',#14628,#9851,#9852);
#8238=AXIS2_PLACEMENT_3D('',#14639,#9858,#9859);
#8239=AXIS2_PLACEMENT_3D('',#14643,#9862,#9863);
#8240=AXIS2_PLACEMENT_3D('',#14652,#9867,#9868);
#8241=AXIS2_PLACEMENT_3D('',#14660,#9872,#9873);
#8242=AXIS2_PLACEMENT_3D('',#14672,#9879,#9880);
#8243=AXIS2_PLACEMENT_3D('',#14679,#9884,#9885);
#8244=AXIS2_PLACEMENT_3D('',#14681,#9887,#9888);
#8245=AXIS2_PLACEMENT_3D('',#14687,#9892,#9893);
#8246=AXIS2_PLACEMENT_3D('',#14691,#9896,#9897);
#8247=AXIS2_PLACEMENT_3D('',#14694,#9899,#9900);
#8248=AXIS2_PLACEMENT_3D('',#14695,#9901,#9902);
#8249=AXIS2_PLACEMENT_3D('',#14698,#9904,#9905);
#8250=AXIS2_PLACEMENT_3D('',#14699,#9906,#9907);
#8251=AXIS2_PLACEMENT_3D('',#14703,#9910,#9911);
#8252=AXIS2_PLACEMENT_3D('',#14707,#9914,#9915);
#8253=AXIS2_PLACEMENT_3D('',#14713,#9919,#9920);
#8254=AXIS2_PLACEMENT_3D('',#14720,#9924,#9925);
#8255=AXIS2_PLACEMENT_3D('',#14725,#9929,#9930);
#8256=AXIS2_PLACEMENT_3D('',#14729,#9933,#9934);
#8257=AXIS2_PLACEMENT_3D('',#14732,#9936,#9937);
#8258=AXIS2_PLACEMENT_3D('',#14733,#9938,#9939);
#8259=AXIS2_PLACEMENT_3D('',#14736,#9941,#9942);
#8260=AXIS2_PLACEMENT_3D('',#14737,#9943,#9944);
#8261=AXIS2_PLACEMENT_3D('',#14741,#9947,#9948);
#8262=AXIS2_PLACEMENT_3D('',#14745,#9951,#9952);
#8263=AXIS2_PLACEMENT_3D('',#14747,#9954,#9955);
#8264=AXIS2_PLACEMENT_3D('',#14749,#9957,#9958);
#8265=AXIS2_PLACEMENT_3D('',#14755,#9962,#9963);
#8266=AXIS2_PLACEMENT_3D('',#14759,#9966,#9967);
#8267=AXIS2_PLACEMENT_3D('',#14767,#9971,#9972);
#8268=AXIS2_PLACEMENT_3D('',#14775,#9976,#9977);
#8269=AXIS2_PLACEMENT_3D('',#14781,#9981,#9982);
#8270=AXIS2_PLACEMENT_3D('',#14787,#9986,#9987);
#8271=AXIS2_PLACEMENT_3D('',#14798,#9993,#9994);
#8272=AXIS2_PLACEMENT_3D('',#14802,#9997,#9998);
#8273=AXIS2_PLACEMENT_3D('',#14809,#10002,#10003);
#8274=AXIS2_PLACEMENT_3D('',#14817,#10008,#10009);
#8275=AXIS2_PLACEMENT_3D('',#14821,#10012,#10013);
#8276=AXIS2_PLACEMENT_3D('',#14825,#10015,#10016);
#8277=AXIS2_PLACEMENT_3D('',#14826,#10017,#10018);
#8278=AXIS2_PLACEMENT_3D('',#14827,#10019,#10020);
#8279=AXIS2_PLACEMENT_3D('',#14830,#10022,#10023);
#8280=AXIS2_PLACEMENT_3D('',#14831,#10024,#10025);
#8281=AXIS2_PLACEMENT_3D('',#14835,#10028,#10029);
#8282=AXIS2_PLACEMENT_3D('',#14841,#10033,#10034);
#8283=AXIS2_PLACEMENT_3D('',#14847,#10038,#10039);
#8284=AXIS2_PLACEMENT_3D('',#14851,#10042,#10043);
#8285=AXIS2_PLACEMENT_3D('',#14855,#10045,#10046);
#8286=AXIS2_PLACEMENT_3D('',#14856,#10047,#10048);
#8287=AXIS2_PLACEMENT_3D('',#14857,#10049,#10050);
#8288=AXIS2_PLACEMENT_3D('',#14860,#10052,#10053);
#8289=AXIS2_PLACEMENT_3D('',#14861,#10054,#10055);
#8290=AXIS2_PLACEMENT_3D('',#14865,#10058,#10059);
#8291=AXIS2_PLACEMENT_3D('',#14871,#10063,#10064);
#8292=AXIS2_PLACEMENT_3D('',#14880,#10071,#10072);
#8293=AXIS2_PLACEMENT_3D('',#14882,#10074,#10075);
#8294=AXIS2_PLACEMENT_3D('',#14883,#10076,#10077);
#8295=AXIS2_PLACEMENT_3D('',#14889,#10081,#10082);
#8296=AXIS2_PLACEMENT_3D('',#14897,#10086,#10087);
#8297=AXIS2_PLACEMENT_3D('',#14905,#10091,#10092);
#8298=AXIS2_PLACEMENT_3D('',#14911,#10096,#10097);
#8299=AXIS2_PLACEMENT_3D('',#14917,#10101,#10102);
#8300=AXIS2_PLACEMENT_3D('',#14921,#10105,#10106);
#8301=AXIS2_PLACEMENT_3D('',#14925,#10109,#10110);
#8302=AXIS2_PLACEMENT_3D('',#14929,#10112,#10113);
#8303=AXIS2_PLACEMENT_3D('',#14930,#10114,#10115);
#8304=AXIS2_PLACEMENT_3D('',#14931,#10116,#10117);
#8305=AXIS2_PLACEMENT_3D('',#14935,#10119,#10120);
#8306=AXIS2_PLACEMENT_3D('',#14936,#10121,#10122);
#8307=AXIS2_PLACEMENT_3D('',#14937,#10123,#10124);
#8308=AXIS2_PLACEMENT_3D('',#14939,#10126,#10127);
#8309=AXIS2_PLACEMENT_3D('',#14945,#10131,#10132);
#8310=AXIS2_PLACEMENT_3D('',#14947,#10134,#10135);
#8311=AXIS2_PLACEMENT_3D('',#14951,#10137,#10138);
#8312=AXIS2_PLACEMENT_3D('',#14952,#10139,#10140);
#8313=AXIS2_PLACEMENT_3D('',#14953,#10141,#10142);
#8314=AXIS2_PLACEMENT_3D('',#14957,#10144,#10145);
#8315=AXIS2_PLACEMENT_3D('',#14958,#10146,#10147);
#8316=AXIS2_PLACEMENT_3D('',#14959,#10148,#10149);
#8317=AXIS2_PLACEMENT_3D('',#14961,#10151,#10152);
#8318=AXIS2_PLACEMENT_3D('',#14964,#10155,#10156);
#8319=AXIS2_PLACEMENT_3D('',#14967,#10159,#10160);
#8320=AXIS2_PLACEMENT_3D('',#14968,#10161,#10162);
#8321=AXIS2_PLACEMENT_3D('',#14972,#10165,#10166);
#8322=AXIS2_PLACEMENT_3D('',#14975,#10169,#10170);
#8323=AXIS2_PLACEMENT_3D('',#14977,#10171,#10172);
#8324=AXIS2_PLACEMENT_3D('',#14979,#10174,#10175);
#8325=AXIS2_PLACEMENT_3D('',#14981,#10177,#10178);
#8326=AXIS2_PLACEMENT_3D('',#14985,#10181,#10182);
#8327=AXIS2_PLACEMENT_3D('',#14987,#10184,#10185);
#8328=AXIS2_PLACEMENT_3D('',#14989,#10186,#10187);
#8329=AXIS2_PLACEMENT_3D('',#14991,#10189,#10190);
#8330=AXIS2_PLACEMENT_3D('',#14993,#10192,#10193);
#8331=AXIS2_PLACEMENT_3D('',#14995,#10195,#10196);
#8332=AXIS2_PLACEMENT_3D('',#14996,#10197,#10198);
#8333=AXIS2_PLACEMENT_3D('',#15000,#10201,#10202);
#8334=AXIS2_PLACEMENT_3D('',#15006,#10206,#10207);
#8335=AXIS2_PLACEMENT_3D('',#15010,#10210,#10211);
#8336=AXIS2_PLACEMENT_3D('',#15012,#10212,#10213);
#8337=AXIS2_PLACEMENT_3D('',#15015,#10215,#10216);
#8338=AXIS2_PLACEMENT_3D('',#15016,#10217,#10218);
#8339=AXIS2_PLACEMENT_3D('',#15018,#10219,#10220);
#8340=AXIS2_PLACEMENT_3D('',#15021,#10222,#10223);
#8341=AXIS2_PLACEMENT_3D('',#15022,#10224,#10225);
#8342=AXIS2_PLACEMENT_3D('',#15024,#10227,#10228);
#8343=AXIS2_PLACEMENT_3D('',#15028,#10231,#10232);
#8344=AXIS2_PLACEMENT_3D('',#15032,#10234,#10235);
#8345=AXIS2_PLACEMENT_3D('',#15033,#10236,#10237);
#8346=AXIS2_PLACEMENT_3D('',#15034,#10238,#10239);
#8347=AXIS2_PLACEMENT_3D('',#15038,#10241,#10242);
#8348=AXIS2_PLACEMENT_3D('',#15039,#10243,#10244);
#8349=AXIS2_PLACEMENT_3D('',#15040,#10245,#10246);
#8350=AXIS2_PLACEMENT_3D('',#15042,#10248,#10249);
#8351=AXIS2_PLACEMENT_3D('',#15045,#10252,#10253);
#8352=AXIS2_PLACEMENT_3D('',#15048,#10256,#10257);
#8353=AXIS2_PLACEMENT_3D('',#15049,#10258,#10259);
#8354=AXIS2_PLACEMENT_3D('',#15053,#10262,#10263);
#8355=AXIS2_PLACEMENT_3D('',#15055,#10265,#10266);
#8356=AXIS2_PLACEMENT_3D('',#15057,#10267,#10268);
#8357=AXIS2_PLACEMENT_3D('',#15059,#10270,#10271);
#8358=AXIS2_PLACEMENT_3D('',#15061,#10273,#10274);
#8359=AXIS2_PLACEMENT_3D('',#15065,#10277,#10278);
#8360=AXIS2_PLACEMENT_3D('',#15067,#10280,#10281);
#8361=AXIS2_PLACEMENT_3D('',#15069,#10282,#10283);
#8362=AXIS2_PLACEMENT_3D('',#15071,#10285,#10286);
#8363=AXIS2_PLACEMENT_3D('',#15073,#10288,#10289);
#8364=AXIS2_PLACEMENT_3D('',#15075,#10291,#10292);
#8365=AXIS2_PLACEMENT_3D('',#15077,#10294,#10295);
#8366=AXIS2_PLACEMENT_3D('',#15079,#10296,#10297);
#8367=AXIS2_PLACEMENT_3D('',#15081,#10298,#10299);
#8368=AXIS2_PLACEMENT_3D('',#15082,#10300,#10301);
#8369=AXIS2_PLACEMENT_3D('',#15088,#10305,#10306);
#8370=AXIS2_PLACEMENT_3D('',#15103,#10308,#10309);
#8371=AXIS2_PLACEMENT_3D('',#15105,#10310,#10311);
#8372=AXIS2_PLACEMENT_3D('',#15107,#10313,#10314);
#8373=AXIS2_PLACEMENT_3D('',#15109,#10316,#10317);
#8374=AXIS2_PLACEMENT_3D('',#15113,#10320,#10321);
#8375=AXIS2_PLACEMENT_3D('',#15116,#10324,#10325);
#8376=AXIS2_PLACEMENT_3D('',#15118,#10327,#10328);
#8377=AXIS2_PLACEMENT_3D('',#15121,#10331,#10332);
#8378=AXIS2_PLACEMENT_3D('',#15122,#10333,#10334);
#8379=AXIS2_PLACEMENT_3D('',#15124,#10336,#10337);
#8380=AXIS2_PLACEMENT_3D('',#15127,#10339,#10340);
#8381=AXIS2_PLACEMENT_3D('',#15128,#10341,#10342);
#8382=AXIS2_PLACEMENT_3D('',#15132,#10345,#10346);
#8383=AXIS2_PLACEMENT_3D('',#15134,#10348,#10349);
#8384=AXIS2_PLACEMENT_3D('',#15136,#10350,#10351);
#8385=AXIS2_PLACEMENT_3D('',#15138,#10353,#10354);
#8386=AXIS2_PLACEMENT_3D('',#15151,#10355,#10356);
#8387=AXIS2_PLACEMENT_3D('',#15152,#10357,#10358);
#8388=AXIS2_PLACEMENT_3D('',#15153,#10359,#10360);
#8389=AXIS2_PLACEMENT_3D('',#15155,#10362,#10363);
#8390=AXIS2_PLACEMENT_3D('',#15157,#10365,#10366);
#8391=AXIS2_PLACEMENT_3D('',#15159,#10368,#10369);
#8392=AXIS2_PLACEMENT_3D('',#15161,#10371,#10372);
#8393=AXIS2_PLACEMENT_3D('',#15162,#10373,#10374);
#8394=AXIS2_PLACEMENT_3D('',#15163,#10375,#10376);
#8395=AXIS2_PLACEMENT_3D('',#15164,#10377,#10378);
#8396=DIRECTION('axis',(0.,0.,1.));
#8397=DIRECTION('refdir',(1.,0.,0.));
#8398=DIRECTION('axis',(0.,0.,1.));
#8399=DIRECTION('refdir',(1.,0.,0.));
#8400=DIRECTION('center_axis',(0.,0.,-1.));
#8401=DIRECTION('ref_axis',(1.,0.,0.));
#8402=DIRECTION('',(-0.693312095760954,0.720637452448562,0.));
#8403=DIRECTION('',(-0.468275783071642,-0.883582362311879,0.));
#8404=DIRECTION('',(0.46819387008966,0.883625769209152,0.));
#8405=DIRECTION('',(0.,0.,1.));
#8406=DIRECTION('',(0.,0.,1.));
#8407=DIRECTION('center_axis',(0.720637452448562,0.693312095760954,0.));
#8408=DIRECTION('ref_axis',(-0.693312095760954,0.720637452448562,0.));
#8409=DIRECTION('',(0.693312095760954,-0.720637452448562,-6.66082978446539E-15));
#8410=DIRECTION('',(0.,0.,1.));
#8411=DIRECTION('center_axis',(-0.883582362311879,0.468275783071642,0.));
#8412=DIRECTION('ref_axis',(-0.468275783071642,-0.883582362311879,0.));
#8413=DIRECTION('',(0.468275783071642,0.883582362311879,5.42584044562502E-15));
#8414=DIRECTION('',(0.,0.,1.));
#8415=DIRECTION('center_axis',(0.883625769209152,-0.46819387008966,0.));
#8416=DIRECTION('ref_axis',(0.46819387008966,0.883625769209152,0.));
#8417=DIRECTION('',(-0.46819387008966,-0.883625769209152,-5.42632513712587E-15));
#8418=DIRECTION('',(0.,0.,1.));
#8419=DIRECTION('',(0.,0.,1.));
#8420=DIRECTION('center_axis',(-2.07917124175863E-15,7.24263663463752E-15,
-1.));
#8421=DIRECTION('ref_axis',(-1.,0.,2.07917124175863E-15));
#8422=DIRECTION('center_axis',(0.,0.,1.));
#8423=DIRECTION('ref_axis',(1.,0.,0.));
#8424=DIRECTION('',(-0.897554768461574,-0.440902979817432,0.));
#8425=DIRECTION('',(0.693327610861062,-0.720622525333264,0.));
#8426=DIRECTION('',(0.468260805821371,0.883590299704292,0.));
#8427=DIRECTION('center_axis',(-0.440902979817432,0.897554768461574,0.));
#8428=DIRECTION('ref_axis',(-0.897554768461574,-0.440902979817432,0.));
#8429=DIRECTION('',(0.897554768461574,0.440902979817432,1.32713001145795E-15));
#8430=DIRECTION('',(0.,0.,1.));
#8431=DIRECTION('',(0.,0.,1.));
#8432=DIRECTION('center_axis',(0.883590299704292,-0.468260805821371,0.));
#8433=DIRECTION('ref_axis',(0.468260805821371,0.883590299704292,0.));
#8434=DIRECTION('',(-0.468260805821371,-0.883590299704292,-5.42592907354214E-15));
#8435=DIRECTION('',(0.,0.,1.));
#8436=DIRECTION('center_axis',(-0.720622525333264,-0.693327610861062,0.));
#8437=DIRECTION('ref_axis',(0.693327610861062,-0.720622525333264,0.));
#8438=DIRECTION('',(-0.693327610861062,0.720622525333264,6.66075393134324E-15));
#8439=DIRECTION('center_axis',(-2.07917124175863E-15,7.24263663463752E-15,
-1.));
#8440=DIRECTION('ref_axis',(-1.,0.,2.07917124175863E-15));
#8441=DIRECTION('center_axis',(-2.07917124175863E-15,7.24263663463752E-15,
-1.));
#8442=DIRECTION('ref_axis',(-1.,0.,2.07917124175863E-15));
#8443=DIRECTION('',(0.468319058274532,0.883559426216967,5.42558435126642E-15));
#8444=DIRECTION('',(0.693260518065691,-0.72068707085065,-6.6610819136614E-15));
#8445=DIRECTION('',(-0.897562157787123,-0.440887936905199,-1.32700569743754E-15));
#8446=DIRECTION('center_axis',(0.72068707085065,0.693260518065691,0.));
#8447=DIRECTION('ref_axis',(-0.693260518065691,0.72068707085065,0.));
#8448=DIRECTION('',(0.,0.,1.));
#8449=DIRECTION('',(-0.693260518065691,0.72068707085065,0.));
#8450=DIRECTION('',(0.,0.,1.));
#8451=DIRECTION('center_axis',(-0.883559426216967,0.468319058274532,0.));
#8452=DIRECTION('ref_axis',(-0.468319058274532,-0.883559426216967,0.));
#8453=DIRECTION('',(0.,0.,1.));
#8454=DIRECTION('',(-0.468319058274532,-0.883559426216967,0.));
#8455=DIRECTION('center_axis',(0.440887936905199,-0.897562157787124,0.));
#8456=DIRECTION('ref_axis',(0.897562157787123,0.440887936905199,0.));
#8457=DIRECTION('',(0.897562157787124,0.440887936905199,0.));
#8458=DIRECTION('center_axis',(0.,0.,1.));
#8459=DIRECTION('ref_axis',(1.,0.,0.));
#8460=DIRECTION('center_axis',(0.,0.,-1.));
#8461=DIRECTION('ref_axis',(1.,0.,0.));
#8462=DIRECTION('',(0.897545870606434,0.440921092892297,0.));
#8463=DIRECTION('',(-0.897545856869825,-0.440921120854753,0.));
#8464=DIRECTION('',(0.,0.,1.));
#8465=DIRECTION('',(0.,0.,1.));
#8466=DIRECTION('center_axis',(0.440921092892297,-0.897545870606435,0.));
#8467=DIRECTION('ref_axis',(0.897545870606434,0.440921092892297,0.));
#8468=DIRECTION('',(-0.897545870606434,-0.440921092892297,-1.32727969804205E-15));
#8469=DIRECTION('',(0.,0.,1.));
#8470=DIRECTION('',(0.,0.,1.));
#8471=DIRECTION('',(0.,0.,1.));
#8472=DIRECTION('center_axis',(-0.440921120854753,0.897545856869825,0.));
#8473=DIRECTION('ref_axis',(-0.897545856869825,-0.440921120854753,0.));
#8474=DIRECTION('',(0.897545856869825,0.440921120854753,1.32727992912473E-15));
#8475=DIRECTION('',(0.,0.,1.));
#8476=DIRECTION('center_axis',(-2.07917124175863E-15,7.24263663463752E-15,
-1.));
#8477=DIRECTION('ref_axis',(-1.,0.,2.07917124175863E-15));
#8478=DIRECTION('center_axis',(-2.07917124175863E-15,7.24263663463752E-15,
-1.));
#8479=DIRECTION('ref_axis',(-1.,0.,2.07917124175863E-15));
#8480=DIRECTION('',(0.897536901932767,0.440939349195477,1.32743056922065E-15));
#8481=DIRECTION('',(-0.468254147286751,-0.883593828378604,-5.42596847468168E-15));
#8482=DIRECTION('',(-0.693302918892442,0.720646281233186,6.66087464786324E-15));
#8483=DIRECTION('center_axis',(0.883593828378604,-0.468254147286751,0.));
#8484=DIRECTION('ref_axis',(0.468254147286751,0.883593828378604,0.));
#8485=DIRECTION('',(0.,0.,1.));
#8486=DIRECTION('',(0.468254147286751,0.883593828378604,0.));
#8487=DIRECTION('',(0.,0.,1.));
#8488=DIRECTION('center_axis',(-0.440939349195477,0.897536901932767,0.));
#8489=DIRECTION('ref_axis',(-0.897536901932767,-0.440939349195477,0.));
#8490=DIRECTION('',(0.,0.,1.));
#8491=DIRECTION('',(-0.897536901932767,-0.440939349195477,0.));
#8492=DIRECTION('',(0.,0.,1.));
#8493=DIRECTION('center_axis',(-0.720646281233186,-0.693302918892442,0.));
#8494=DIRECTION('ref_axis',(0.693302918892442,-0.720646281233186,0.));
#8495=DIRECTION('',(0.693302918892442,-0.720646281233186,0.));
#8496=DIRECTION('center_axis',(0.,0.,-1.));
#8497=DIRECTION('ref_axis',(1.,0.,0.));
#8498=DIRECTION('center_axis',(-2.07917124175863E-15,7.24263663463752E-15,
-1.));
#8499=DIRECTION('ref_axis',(-1.,0.,2.07917124175863E-15));
#8500=DIRECTION('',(0.897545856869825,0.440921120854753,1.32727992912473E-15));
#8501=DIRECTION('',(-0.897545870606434,-0.440921092892297,-1.32727969804206E-15));
#8502=DIRECTION('',(0.,0.,1.));
#8503=DIRECTION('',(0.,0.,1.));
#8504=DIRECTION('center_axis',(-0.440921120854753,0.897545856869825,0.));
#8505=DIRECTION('ref_axis',(-0.897545856869825,-0.440921120854753,0.));
#8506=DIRECTION('',(0.,0.,1.));
#8507=DIRECTION('',(-0.897545856869825,-0.440921120854753,0.));
#8508=DIRECTION('',(0.,0.,1.));
#8509=DIRECTION('',(0.,0.,1.));
#8510=DIRECTION('center_axis',(0.440921092892297,-0.897545870606435,0.));
#8511=DIRECTION('ref_axis',(0.897545870606434,0.440921092892297,0.));
#8512=DIRECTION('',(0.897545870606434,0.440921092892297,0.));
#8513=DIRECTION('',(0.,0.,1.));
#8514=DIRECTION('center_axis',(0.,0.,-1.));
#8515=DIRECTION('ref_axis',(1.,0.,0.));
#8516=DIRECTION('axis',(0.,0.,1.));
#8517=DIRECTION('refdir',(1.,0.,0.));
#8518=DIRECTION('center_axis',(0.,0.,-1.));
#8519=DIRECTION('ref_axis',(1.,0.,0.));
#8520=DIRECTION('',(-0.69331115012181,0.72063836222947,0.));
#8521=DIRECTION('',(-0.897580878692961,-0.440849822734195,0.));
#8522=DIRECTION('',(0.693282909531675,-0.720665530847213,0.));
#8523=DIRECTION('center_axis',(0.72063836222947,0.69331115012181,0.));
#8524=DIRECTION('ref_axis',(-0.69331115012181,0.72063836222947,0.));
#8525=DIRECTION('',(0.69331115012181,-0.72063836222947,-6.66083440753221E-15));
#8526=DIRECTION('',(0.,0.,1.));
#8527=DIRECTION('',(0.,0.,1.));
#8528=DIRECTION('center_axis',(-0.440849822734195,0.897580878692961,0.));
#8529=DIRECTION('ref_axis',(-0.897580878692961,-0.440849822734195,0.));
#8530=DIRECTION('',(0.897580878692961,0.440849822734195,1.3266907263773E-15));
#8531=DIRECTION('',(0.,0.,1.));
#8532=DIRECTION('center_axis',(-0.720665530847213,-0.693282909531675,0.));
#8533=DIRECTION('ref_axis',(0.693282909531675,-0.720665530847213,0.));
#8534=DIRECTION('',(-0.693282909531675,0.720665530847213,6.66097246293553E-15));
#8535=DIRECTION('',(0.,0.,1.));
#8536=DIRECTION('',(0.,0.,1.));
#8537=DIRECTION('',(0.,0.,1.));
#8538=DIRECTION('',(0.,0.,1.));
#8539=DIRECTION('',(0.,0.,1.));
#8540=DIRECTION('',(0.,0.,1.));
#8541=DIRECTION('',(0.,0.,1.));
#8542=DIRECTION('',(0.,0.,1.));
#8543=DIRECTION('center_axis',(-2.07917124175863E-15,7.24263663463752E-15,
-1.));
#8544=DIRECTION('ref_axis',(-1.,0.,2.07917124175863E-15));
#8545=DIRECTION('center_axis',(-2.07917124175863E-15,7.24263663463752E-15,
-1.));
#8546=DIRECTION('ref_axis',(-1.,0.,2.07917124175863E-15));
#8547=DIRECTION('',(-0.89755035226364,-0.440911969843659,-1.327204304983E-15));
#8548=DIRECTION('',(0.,0.,1.));
#8549=DIRECTION('',(0.,0.,1.));
#8550=DIRECTION('',(0.,0.,1.));
#8551=DIRECTION('',(0.,0.,1.));
#8552=DIRECTION('',(0.,0.,1.));
#8553=DIRECTION('',(0.,0.,1.));
#8554=DIRECTION('',(0.,0.,1.));
#8555=DIRECTION('',(0.,0.,1.));
#8556=DIRECTION('center_axis',(0.440911969843659,-0.89755035226364,0.));
#8557=DIRECTION('ref_axis',(0.89755035226364,0.440911969843659,0.));
#8558=DIRECTION('',(0.89755035226364,0.440911969843659,0.));
#8559=DIRECTION('',(0.,0.,1.));
#8560=DIRECTION('center_axis',(0.,0.,-1.));
#8561=DIRECTION('ref_axis',(1.,0.,0.));
#8562=DIRECTION('center_axis',(0.,0.,1.));
#8563=DIRECTION('ref_axis',(1.,0.,0.));
#8564=DIRECTION('',(0.693331624574867,-0.720618663624788,0.));
#8565=DIRECTION('',(0.89753972507636,0.440933602609114,0.));
#8566=DIRECTION('',(-0.693293808926694,0.720655045430139,0.));
#8567=DIRECTION('',(-0.897526386303145,-0.44096075323051,0.));
#8568=DIRECTION('center_axis',(-0.720618663624788,-0.693331624574867,0.));
#8569=DIRECTION('ref_axis',(0.693331624574867,-0.720618663624788,0.));
#8570=DIRECTION('',(-0.693331624574867,0.720618663624788,6.66073430759028E-15));
#8571=DIRECTION('',(0.,0.,1.));
#8572=DIRECTION('',(0.,0.,1.));
#8573=DIRECTION('center_axis',(0.440933602609114,-0.89753972507636,0.));
#8574=DIRECTION('ref_axis',(0.89753972507636,0.440933602609114,0.));
#8575=DIRECTION('',(-0.89753972507636,-0.440933602609114,-1.32738307898476E-15));
#8576=DIRECTION('',(0.,0.,1.));
#8577=DIRECTION('center_axis',(-0.44096075323051,0.897526386303145,0.));
#8578=DIRECTION('ref_axis',(-0.897526386303145,-0.44096075323051,0.));
#8579=DIRECTION('',(0.897526386303145,0.44096075323051,1.3276074546636E-15));
#8580=DIRECTION('',(0.,0.,1.));
#8581=DIRECTION('center_axis',(0.720655045430139,0.693293808926694,0.));
#8582=DIRECTION('ref_axis',(-0.693293808926694,0.720655045430139,0.));
#8583=DIRECTION('',(0.693293808926694,-0.720655045430139,-6.66091918257838E-15));
#8584=DIRECTION('center_axis',(-2.07917124175863E-15,7.24263663463752E-15,
-1.));
#8585=DIRECTION('ref_axis',(-1.,0.,2.07917124175863E-15));
#8586=DIRECTION('axis',(0.,0.,1.));
#8587=DIRECTION('refdir',(1.,0.,0.));
#8588=DIRECTION('center_axis',(-2.29339359113617E-29,-1.,-8.32667268468867E-15));
#8589=DIRECTION('ref_axis',(-1.,-1.87433427293451E-29,5.0052740414961E-15));
#8590=DIRECTION('',(-1.,-1.87433427293451E-29,5.0052740414961E-15));
#8591=DIRECTION('',(-5.55111512312578E-15,8.32667268468867E-15,-1.));
#8592=DIRECTION('',(-1.,-1.87433427293451E-29,5.0052740414961E-15));
#8593=DIRECTION('',(-5.55111512312578E-15,8.32667268468867E-15,-1.));
#8594=DIRECTION('center_axis',(1.,2.25400485218314E-29,-5.55111512312578E-15));
#8595=DIRECTION('ref_axis',(-1.60718325769761E-29,-1.,-6.95569813314654E-15));
#8596=DIRECTION('',(-1.60718325769761E-29,-1.,-6.95569813314654E-15));
#8597=DIRECTION('',(-1.60718325769761E-29,-1.,-6.95569813314654E-15));
#8598=DIRECTION('',(-5.55111512312578E-15,8.32667268468867E-15,-1.));
#8599=DIRECTION('center_axis',(2.29339359113617E-29,1.,8.32667268468867E-15));
#8600=DIRECTION('ref_axis',(1.,1.87433427293451E-29,-5.0052740414961E-15));
#8601=DIRECTION('',(1.,1.87433427293451E-29,-5.0052740414961E-15));
#8602=DIRECTION('',(1.,1.87433427293451E-29,-5.0052740414961E-15));
#8603=DIRECTION('',(-5.55111512312578E-15,8.32667268468867E-15,-1.));
#8604=DIRECTION('center_axis',(-1.,-2.25400485218314E-29,5.55111512312578E-15));
#8605=DIRECTION('ref_axis',(1.60718325769761E-29,1.,6.95569813314654E-15));
#8606=DIRECTION('',(1.60718325769761E-29,1.,6.95569813314654E-15));
#8607=DIRECTION('',(1.60718325769761E-29,1.,6.95569813314654E-15));
#8608=DIRECTION('center_axis',(-5.55111512312578E-15,8.32667268468867E-15,
-1.));
#8609=DIRECTION('ref_axis',(-1.,0.,5.55111512312578E-15));
#8610=DIRECTION('center_axis',(-5.0052740414961E-15,6.95569813314654E-15,
-1.));
#8611=DIRECTION('ref_axis',(1.,1.87433427293451E-29,-5.0052740414961E-15));
#8612=DIRECTION('center_axis',(0.,0.,1.));
#8613=DIRECTION('ref_axis',(-1.,0.,0.));
#8614=DIRECTION('center_axis',(0.,0.,-1.));
#8615=DIRECTION('ref_axis',(-1.,0.,0.));
#8616=DIRECTION('center_axis',(0.,0.,1.));
#8617=DIRECTION('ref_axis',(-1.,0.,0.));
#8618=DIRECTION('center_axis',(0.,0.,1.));
#8619=DIRECTION('ref_axis',(-1.,0.,0.));
#8620=DIRECTION('center_axis',(0.,0.,-1.));
#8621=DIRECTION('ref_axis',(-1.,0.,0.));
#8622=DIRECTION('center_axis',(0.,0.,1.));
#8623=DIRECTION('ref_axis',(-1.,0.,0.));
#8624=DIRECTION('center_axis',(0.,0.,1.));
#8625=DIRECTION('ref_axis',(-1.,0.,0.));
#8626=DIRECTION('center_axis',(0.,0.,-1.));
#8627=DIRECTION('ref_axis',(-1.,0.,0.));
#8628=DIRECTION('center_axis',(0.,0.,1.));
#8629=DIRECTION('ref_axis',(-1.,0.,0.));
#8630=DIRECTION('center_axis',(0.,0.,1.));
#8631=DIRECTION('ref_axis',(-1.,0.,0.));
#8632=DIRECTION('center_axis',(0.,0.,-1.));
#8633=DIRECTION('ref_axis',(-1.,0.,0.));
#8634=DIRECTION('center_axis',(0.,0.,1.));
#8635=DIRECTION('ref_axis',(-1.,0.,0.));
#8636=DIRECTION('center_axis',(0.,0.,-1.));
#8637=DIRECTION('ref_axis',(-1.,0.,0.));
#8638=DIRECTION('center_axis',(-9.65411325761006E-17,0.,-1.));
#8639=DIRECTION('ref_axis',(-1.,0.,0.));
#8640=DIRECTION('',(0.,0.,1.));
#8641=DIRECTION('center_axis',(-9.65411325761006E-17,0.,-1.));
#8642=DIRECTION('ref_axis',(-1.,0.,0.));
#8643=DIRECTION('center_axis',(0.,0.,-1.));
#8644=DIRECTION('ref_axis',(-1.,0.,0.));
#8645=DIRECTION('center_axis',(-9.65411325761006E-17,0.,-1.));
#8646=DIRECTION('ref_axis',(-1.,0.,0.));
#8647=DIRECTION('',(0.,0.,1.));
#8648=DIRECTION('center_axis',(-9.65411325761006E-17,0.,-1.));
#8649=DIRECTION('ref_axis',(-1.,0.,0.));
#8650=DIRECTION('center_axis',(0.187500000000018,-0.982264602843853,2.18106555670306E-14));
#8651=DIRECTION('ref_axis',(0.982264602843853,0.187500000000018,0.));
#8652=DIRECTION('center_axis',(-1.63590113183803E-16,0.,-1.));
#8653=DIRECTION('ref_axis',(-1.,0.,0.));
#8654=DIRECTION('center_axis',(1.63590113183803E-16,0.,1.));
#8655=DIRECTION('ref_axis',(-0.966722841991965,0.255826008785227,1.58146299138834E-16));
#8656=DIRECTION('center_axis',(-1.63590113183803E-16,0.,-1.));
#8657=DIRECTION('ref_axis',(-0.966722841991965,0.255826008785227,1.61907524424503E-16));
#8658=DIRECTION('center_axis',(-0.729537204140085,0.,-0.68394112888133));
#8659=DIRECTION('ref_axis',(-0.68394112888133,0.,0.729537204140085));
#8660=DIRECTION('center_axis',(-0.702179551236529,0.117846322176659,0.702179551236506));
#8661=DIRECTION('ref_axis',(-0.165514517383824,-0.986207353721924,0.));
#8662=DIRECTION('center_axis',(0.707106781186548,0.,0.707106781186548));
#8663=DIRECTION('ref_axis',(-0.707106781186548,0.,0.707106781186548));
#8664=DIRECTION('center_axis',(0.146204092260679,0.765925891299063,-0.626084572916445));
#8665=DIRECTION('ref_axis',(-0.982264602843855,0.187500000000011,0.));
#8666=DIRECTION('center_axis',(0.680194638426534,0.0660832793803907,-0.730046747847102));
#8667=DIRECTION('ref_axis',(-0.0966981990288662,0.995313748676554,0.));
#8668=DIRECTION('center_axis',(0.463556940385253,-0.0815477679274803,-0.882306593292098));
#8669=DIRECTION('ref_axis',(0.173257015725437,0.984876645322609,0.));
#8670=DIRECTION('center_axis',(0.396074520951156,-0.439385257085576,-0.806266438411742));
#8671=DIRECTION('ref_axis',(0.742766217904743,0.669550853587301,0.));
#8672=DIRECTION('center_axis',(0.,1.,0.));
#8673=DIRECTION('ref_axis',(0.,0.,1.));
#8674=DIRECTION('center_axis',(0.556589224147024,0.,-0.830787840283796));
#8675=DIRECTION('ref_axis',(0.830787840283796,2.15771844835899E-12,0.556589224147024));
#8676=DIRECTION('center_axis',(0.,1.,0.));
#8677=DIRECTION('ref_axis',(0.923879532511287,0.,0.38268343236509));
#8678=DIRECTION('center_axis',(0.,0.,1.));
#8679=DIRECTION('ref_axis',(0.,-1.,0.));
#8680=DIRECTION('center_axis',(0.,-1.,0.));
#8681=DIRECTION('ref_axis',(0.923879532511287,0.,0.38268343236509));
#8682=DIRECTION('center_axis',(0.617715923676187,0.,-0.786401320978592));
#8683=DIRECTION('ref_axis',(0.710725806053223,-0.428018753424705,0.558273029374299));
#8684=DIRECTION('center_axis',(-0.707106781186548,0.,0.707106781186547));
#8685=DIRECTION('ref_axis',(0.,-1.,0.));
#8686=DIRECTION('center_axis',(0.707106781186548,0.,-0.707106781186548));
#8687=DIRECTION('ref_axis',(0.499999999999999,-0.707106781186548,0.500000000000001));
#8688=DIRECTION('center_axis',(-0.923879532511288,0.,0.382683432365088));
#8689=DIRECTION('ref_axis',(0.382683432365088,8.54760274144964E-17,0.923879532511288));
#8690=DIRECTION('center_axis',(0.,0.,-1.));
#8691=DIRECTION('ref_axis',(-1.,0.,0.));
#8692=DIRECTION('',(0.,0.,-1.));
#8693=DIRECTION('center_axis',(0.396074520951133,0.439385257085539,0.806266438411773));
#8694=DIRECTION('ref_axis',(-0.742766217904735,0.66955085358731,0.));
#8695=DIRECTION('center_axis',(0.463556940384133,0.081547767927307,0.882306593292703));
#8696=DIRECTION('ref_axis',(-0.173257015725486,0.9848766453226,0.));
#8697=DIRECTION('center_axis',(0.680194638414546,-0.0660832793788961,0.730046747858407));
#8698=DIRECTION('ref_axis',(0.096698199028388,0.9953137486766,0.));
#8699=DIRECTION('center_axis',(0.146204092260683,-0.765925891299145,0.626084572916344));
#8700=DIRECTION('ref_axis',(0.982264602843858,0.187499999999996,0.));
#8701=DIRECTION('center_axis',(-0.702179551254168,-0.117846322181301,-0.702179551218089));
#8702=DIRECTION('ref_axis',(0.16551451738612,-0.986207353721538,0.));
#8703=DIRECTION('center_axis',(-0.707106781186549,0.,0.707106781186546));
#8704=DIRECTION('ref_axis',(0.707106781186546,0.,0.707106781186549));
#8705=DIRECTION('center_axis',(0.729537204140086,1.34991500226165E-16,-0.683941128881329));
#8706=DIRECTION('ref_axis',(0.683941128881328,0.,0.729537204140086));
#8707=DIRECTION('center_axis',(-1.63590113183803E-16,0.,-1.));
#8708=DIRECTION('ref_axis',(0.955493725020734,0.29501142595839,0.));
#8709=DIRECTION('center_axis',(-1.63590113183803E-16,0.,-1.));
#8710=DIRECTION('ref_axis',(0.966722841991963,0.255826008785233,-1.61907524424502E-16));
#8711=DIRECTION('center_axis',(-1.63590113183803E-16,0.,-1.));
#8712=DIRECTION('ref_axis',(0.966722841991963,0.255826008785233,-1.61907524424502E-16));
#8713=DIRECTION('center_axis',(0.187499999999995,0.982264602843858,1.04083408558606E-15));
#8714=DIRECTION('ref_axis',(-0.982264602843858,0.187499999999995,0.));
#8715=DIRECTION('center_axis',(1.63590113183803E-16,0.,1.));
#8716=DIRECTION('ref_axis',(0.966722841991963,0.255826008785233,-1.58146299138833E-16));
#8717=DIRECTION('center_axis',(0.,1.,0.));
#8718=DIRECTION('ref_axis',(0.,0.,1.));
#8719=DIRECTION('center_axis',(0.,-1.,0.));
#8720=DIRECTION('ref_axis',(-0.923879532511287,0.,0.38268343236509));
#8721=DIRECTION('center_axis',(0.,0.,1.));
#8722=DIRECTION('ref_axis',(-1.,0.,0.));
#8723=DIRECTION('center_axis',(0.,1.,0.));
#8724=DIRECTION('ref_axis',(-0.923879532511287,0.,0.38268343236509));
#8725=DIRECTION('center_axis',(-0.556589224147024,0.,-0.830787840283796));
#8726=DIRECTION('ref_axis',(0.,-1.,0.));
#8727=DIRECTION('center_axis',(0.,1.,0.));
#8728=DIRECTION('ref_axis',(-1.,0.,0.));
#8729=DIRECTION('',(0.,1.,0.));
#8730=DIRECTION('center_axis',(0.,1.,0.));
#8731=DIRECTION('ref_axis',(-0.923879532511287,0.,0.38268343236509));
#8732=DIRECTION('',(0.,1.,0.));
#8733=DIRECTION('center_axis',(-0.707106781186549,0.,0.707106781186546));
#8734=DIRECTION('ref_axis',(0.707106781186546,0.,0.707106781186549));
#8735=DIRECTION('',(0.,1.,0.));
#8736=DIRECTION('center_axis',(-0.707106781186549,0.,0.707106781186546));
#8737=DIRECTION('ref_axis',(0.707106781186546,0.,0.707106781186549));
#8738=DIRECTION('center_axis',(1.63590113183803E-16,0.,1.));
#8739=DIRECTION('ref_axis',(1.,0.,-1.63590113183803E-16));
#8740=DIRECTION('',(0.,1.,0.));
#8741=DIRECTION('center_axis',(1.63590113183803E-16,0.,1.));
#8742=DIRECTION('ref_axis',(-0.966722841991965,-0.255826008785227,1.58146299138833E-16));
#8743=DIRECTION('',(1.,0.,-1.63590113183803E-16));
#8744=DIRECTION('center_axis',(1.63590113183803E-16,0.,1.));
#8745=DIRECTION('ref_axis',(0.966722841991963,-0.255826008785233,-1.58146299138833E-16));
#8746=DIRECTION('',(-1.,0.,1.63590113183803E-16));
#8747=DIRECTION('center_axis',(1.63590113183803E-16,0.,1.));
#8748=DIRECTION('ref_axis',(-0.67423870756856,-0.738513483435664,1.10298786484042E-16));
#8749=DIRECTION('',(0.0879736552594605,-0.996122801656648,-1.4391620221088E-17));
#8750=DIRECTION('center_axis',(-1.63590113183803E-16,0.,-1.));
#8751=DIRECTION('ref_axis',(0.0879736552594678,0.996122801656647,-1.43916202210892E-17));
#8752=DIRECTION('',(0.996122801656649,-0.0879736552594499,-1.62955841867978E-16));
#8753=DIRECTION('center_axis',(1.63590113183803E-16,0.,1.));
#8754=DIRECTION('ref_axis',(-0.0879736551408735,-0.996122801667121,1.43916202016884E-17));
#8755=DIRECTION('',(2.7732749301429E-15,-1.,-4.5368035971188E-31));
#8756=DIRECTION('center_axis',(1.63590113183803E-16,0.,1.));
#8757=DIRECTION('ref_axis',(-0.738513483435663,0.67423870756856,1.20813504343005E-16));
#8758=DIRECTION('',(-0.996122801656648,-0.0879736552594607,1.62955841867978E-16));
#8759=DIRECTION('center_axis',(-1.63590113183803E-16,0.,-1.));
#8760=DIRECTION('ref_axis',(0.996122801656647,-0.0879736552594677,-1.62955841867978E-16));
#8761=DIRECTION('',(-0.0879736552594552,-0.996122801656649,1.43916202210872E-17));
#8762=DIRECTION('center_axis',(1.63590113183803E-16,0.,1.));
#8763=DIRECTION('ref_axis',(-0.996122798887956,0.0879736866092641,1.62955841415048E-16));
#8764=DIRECTION('',(-1.,-1.38663746507145E-15,1.63590113183803E-16));
#8765=DIRECTION('center_axis',(1.63590113183803E-16,0.,1.));
#8766=DIRECTION('ref_axis',(0.67423870756856,0.738513483435664,-1.10298786484042E-16));
#8767=DIRECTION('',(-0.0879736552596228,0.996122801656634,1.43916202211146E-17));
#8768=DIRECTION('center_axis',(-1.63590113183803E-16,0.,-1.));
#8769=DIRECTION('ref_axis',(-0.0879736552594677,-0.996122801656647,1.43916202210892E-17));
#8770=DIRECTION('',(-0.996122801656649,0.0879736552594529,1.62955841867978E-16));
#8771=DIRECTION('center_axis',(1.63590113183803E-16,0.,1.));
#8772=DIRECTION('ref_axis',(0.087975009421912,0.996122682061409,-1.43918417486767E-17));
#8773=DIRECTION('',(8.43723665043981E-49,1.,-1.38024849860398E-64));
#8774=DIRECTION('center_axis',(1.63590113183803E-16,0.,1.));
#8775=DIRECTION('ref_axis',(0.738513483435662,-0.674238707568561,-1.20813504343005E-16));
#8776=DIRECTION('',(0.996122801656647,0.0879736552594689,-1.62955841867978E-16));
#8777=DIRECTION('center_axis',(-1.63590113183803E-16,0.,-1.));
#8778=DIRECTION('ref_axis',(-0.996122801656647,0.087973655259468,1.62955841867978E-16));
#8779=DIRECTION('',(0.0879736552594566,0.996122801656648,-1.43916202210874E-17));
#8780=DIRECTION('center_axis',(1.63590113183803E-16,0.,1.));
#8781=DIRECTION('ref_axis',(0.996122309570071,-0.0879792269617534,-1.62955761367479E-16));
#8782=DIRECTION('',(1.,2.07995619757761E-15,-1.63590113183803E-16));
#8783=DIRECTION('center_axis',(1.63590113183803E-16,0.,1.));
#8784=DIRECTION('ref_axis',(-0.41199344181831,0.911186810647906,6.7398053778042E-17));
#8785=DIRECTION('',(0.,1.,0.));
#8786=DIRECTION('',(1.,0.,-1.63590113183803E-16));
#8787=DIRECTION('',(0.,-1.,0.));
#8788=DIRECTION('',(-1.,0.,1.63590113183803E-16));
#8789=DIRECTION('center_axis',(0.,0.,-1.));
#8790=DIRECTION('ref_axis',(-1.,0.,0.));
#8791=DIRECTION('',(0.,0.,-1.));
#8792=DIRECTION('center_axis',(-0.187500000000005,0.982264602843856,0.));
#8793=DIRECTION('ref_axis',(-0.982264602843856,-0.187500000000005,0.));
#8794=DIRECTION('center_axis',(0.729537204140086,1.34991500226165E-16,-0.683941128881329));
#8795=DIRECTION('ref_axis',(0.683941128881328,0.,0.729537204140086));
#8796=DIRECTION('center_axis',(0.702179551236524,-0.117846322176645,0.702179551236514));
#8797=DIRECTION('ref_axis',(0.165514517383807,0.986207353721927,0.));
#8798=DIRECTION('center_axis',(-0.146204092260635,-0.765925891299212,-0.626084572916272));
#8799=DIRECTION('ref_axis',(0.982264602843872,-0.187499999999921,0.));
#8800=DIRECTION('center_axis',(-0.680194638426503,-0.0660832793803694,-0.730046747847133));
#8801=DIRECTION('ref_axis',(0.0966981990288397,-0.995313748676556,0.));
#8802=DIRECTION('center_axis',(-0.463556940385267,0.0815477679274955,-0.88230659329209));
#8803=DIRECTION('ref_axis',(-0.173257015725464,-0.984876645322604,0.));
#8804=DIRECTION('center_axis',(-0.396074520951106,0.439385257085539,-0.806266438411787));
#8805=DIRECTION('ref_axis',(-0.742766217904757,-0.669550853587286,0.));
#8806=DIRECTION('center_axis',(-1.63590113183803E-16,0.,-1.));
#8807=DIRECTION('ref_axis',(0.955493725020732,-0.295011425958394,0.));
#8808=DIRECTION('center_axis',(-1.63590113183803E-16,0.,-1.));
#8809=DIRECTION('ref_axis',(0.966722841991963,-0.255826008785233,-1.61907524424502E-16));
#8810=DIRECTION('center_axis',(-1.63590113183803E-16,0.,-1.));
#8811=DIRECTION('ref_axis',(0.966722841991963,-0.255826008785233,-1.61907524424502E-16));
#8812=DIRECTION('center_axis',(0.707106781186546,0.,0.707106781186549));
#8813=DIRECTION('ref_axis',(-0.500000000000001,0.707106781186548,0.499999999999998));
#8814=DIRECTION('center_axis',(0.923879532511285,0.,0.382683432365093));
#8815=DIRECTION('ref_axis',(-0.382683432365093,-2.56428082243489E-16,0.923879532511285));
#8816=DIRECTION('center_axis',(0.707106781186546,0.,0.707106781186549));
#8817=DIRECTION('ref_axis',(0.,1.,0.));
#8818=DIRECTION('center_axis',(1.,0.,-1.63590113183803E-16));
#8819=DIRECTION('ref_axis',(0.,0.707106781186549,0.707106781186546));
#8820=DIRECTION('center_axis',(-0.923879532511288,0.,0.382683432365088));
#8821=DIRECTION('ref_axis',(0.382683432365088,-2.56428082243489E-16,0.923879532511288));
#8822=DIRECTION('',(-1.,0.,1.63590113183803E-16));
#8823=DIRECTION('center_axis',(0.,0.,-1.));
#8824=DIRECTION('ref_axis',(-1.,0.,0.));
#8825=DIRECTION('',(0.,0.,-1.));
#8826=DIRECTION('center_axis',(-0.396074520951133,-0.439385257085549,0.806266438411768));
#8827=DIRECTION('ref_axis',(0.742766217904742,-0.669550853587302,0.));
#8828=DIRECTION('center_axis',(-0.463556940384225,-0.0815477679273201,0.882306593292653));
#8829=DIRECTION('ref_axis',(0.17325701572548,-0.984876645322601,0.));
#8830=DIRECTION('center_axis',(-0.680194638414517,0.0660832793788843,0.730046747858435));
#8831=DIRECTION('ref_axis',(-0.096698199028375,-0.995313748676601,0.));
#8832=DIRECTION('center_axis',(-0.146204092260667,0.765925891299375,0.626084572916066));
#8833=DIRECTION('ref_axis',(-0.982264602843872,-0.187499999999922,0.));
#8834=DIRECTION('center_axis',(0.702179551254132,0.117846322181303,-0.702179551218125));
#8835=DIRECTION('ref_axis',(-0.165514517386132,0.986207353721537,0.));
#8836=DIRECTION('center_axis',(0.707106781186548,0.,0.707106781186548));
#8837=DIRECTION('ref_axis',(-0.707106781186548,0.,0.707106781186548));
#8838=DIRECTION('center_axis',(-0.729537204140085,0.,-0.68394112888133));
#8839=DIRECTION('ref_axis',(-0.68394112888133,0.,0.729537204140085));
#8840=DIRECTION('center_axis',(-1.63590113183803E-16,0.,-1.));
#8841=DIRECTION('ref_axis',(-1.,0.,0.));
#8842=DIRECTION('center_axis',(-1.63590113183803E-16,0.,-1.));
#8843=DIRECTION('ref_axis',(-0.966722841991965,-0.255826008785227,1.61907524424502E-16));
#8844=DIRECTION('center_axis',(-0.1875,-0.982264602843857,0.));
#8845=DIRECTION('ref_axis',(0.982264602843857,-0.1875,0.));
#8846=DIRECTION('center_axis',(0.707106781186548,0.,0.707106781186548));
#8847=DIRECTION('ref_axis',(0.707106781186548,0.,-0.707106781186548));
#8848=DIRECTION('',(0.,1.,0.));
#8849=DIRECTION('center_axis',(0.707106781186548,0.,-0.707106781186548));
#8850=DIRECTION('ref_axis',(0.499999999999998,0.707106781186548,0.5));
#8851=DIRECTION('center_axis',(-0.707106781186548,0.,0.707106781186548));
#8852=DIRECTION('ref_axis',(0.707106781186548,0.,0.707106781186548));
#8853=DIRECTION('center_axis',(0.,0.,-1.));
#8854=DIRECTION('ref_axis',(-1.,0.,0.));
#8855=DIRECTION('',(0.,0.,-1.));
#8856=DIRECTION('center_axis',(-0.707106781186546,0.,-0.707106781186549));
#8857=DIRECTION('ref_axis',(-0.500000000000001,-0.707106781186548,0.499999999999999));
#8858=DIRECTION('center_axis',(0.707106781186546,0.,0.707106781186549));
#8859=DIRECTION('ref_axis',(-0.707106781186549,-1.85037170770859E-16,0.707106781186546));
#8860=DIRECTION('center_axis',(0.923879532511287,0.,0.382683432365089));
#8861=DIRECTION('ref_axis',(-0.382683432365089,8.54760274144964E-17,0.923879532511287));
#8862=DIRECTION('center_axis',(-0.617715923676184,-2.28600813714298E-16,
-0.786401320978595));
#8863=DIRECTION('ref_axis',(3.70074341541719E-16,-1.,0.));
#8864=DIRECTION('center_axis',(0.617715923676183,0.,-0.786401320978595));
#8865=DIRECTION('ref_axis',(0.,1.,0.));
#8866=DIRECTION('center_axis',(0.556589224147024,0.,-0.830787840283796));
#8867=DIRECTION('ref_axis',(0.,1.,0.));
#8868=DIRECTION('center_axis',(0.,1.,0.));
#8869=DIRECTION('ref_axis',(0.,0.,1.));
#8870=DIRECTION('center_axis',(0.,1.,0.));
#8871=DIRECTION('ref_axis',(0.923879532511287,0.,0.38268343236509));
#8872=DIRECTION('center_axis',(0.,0.,1.));
#8873=DIRECTION('ref_axis',(1.,0.,0.));
#8874=DIRECTION('center_axis',(0.,-1.,0.));
#8875=DIRECTION('ref_axis',(0.923879532511287,0.,0.38268343236509));
#8876=DIRECTION('center_axis',(0.617715923676184,9.14403254857192E-16,0.786401320978595));
#8877=DIRECTION('ref_axis',(-1.48029736616687E-15,1.,0.));
#8878=DIRECTION('center_axis',(-0.556589224147023,0.,-0.830787840283796));
#8879=DIRECTION('ref_axis',(-0.830787840283796,-2.16123415460364E-12,0.556589224147023));
#8880=DIRECTION('center_axis',(0.,1.,0.));
#8881=DIRECTION('ref_axis',(0.,0.,1.));
#8882=DIRECTION('',(0.,1.,0.));
#8883=DIRECTION('center_axis',(-1.,0.,1.63590113183803E-16));
#8884=DIRECTION('ref_axis',(0.,-0.707106781186548,0.707106781186547));
#8885=DIRECTION('',(1.,0.,-1.63590113183803E-16));
#8886=DIRECTION('center_axis',(0.,0.,1.));
#8887=DIRECTION('ref_axis',(0.707106781186548,-0.707106781186547,0.));
#8888=DIRECTION('center_axis',(-3.36431219583381E-17,0.,1.));
#8889=DIRECTION('ref_axis',(0.707106781186548,-0.707106781186547,0.));
#8890=DIRECTION('',(0.,0.,1.));
#8891=DIRECTION('',(0.,0.,-1.));
#8892=DIRECTION('center_axis',(0.,1.,0.));
#8893=DIRECTION('ref_axis',(1.,0.,0.));
#8894=DIRECTION('',(-2.60860673079219E-17,0.,1.));
#8895=DIRECTION('',(1.,0.,3.36431219583381E-17));
#8896=DIRECTION('',(0.,0.,1.));
#8897=DIRECTION('center_axis',(0.,1.,0.));
#8898=DIRECTION('ref_axis',(-1.,0.,0.));
#8899=DIRECTION('',(1.,0.,0.));
#8900=DIRECTION('center_axis',(0.,1.,0.));
#8901=DIRECTION('ref_axis',(0.,0.,1.));
#8902=DIRECTION('',(0.,0.,-1.));
#8903=DIRECTION('',(1.,0.,3.36431219583381E-17));
#8904=DIRECTION('center_axis',(2.60860673079219E-17,0.,-1.));
#8905=DIRECTION('ref_axis',(-0.707106781186548,-0.707106781186547,0.));
#8906=DIRECTION('center_axis',(-3.36431219583381E-17,0.,1.));
#8907=DIRECTION('ref_axis',(-0.707106781186548,-0.707106781186547,0.));
#8908=DIRECTION('',(2.60860673079219E-17,0.,-1.));
#8909=DIRECTION('center_axis',(-1.,0.,-2.60860673079219E-17));
#8910=DIRECTION('ref_axis',(-2.60860673079219E-17,0.,1.));
#8911=DIRECTION('',(-2.60860673079219E-17,0.,1.));
#8912=DIRECTION('',(0.,1.,0.));
#8913=DIRECTION('center_axis',(0.,1.,0.));
#8914=DIRECTION('ref_axis',(1.,0.,0.));
#8915=DIRECTION('',(0.,0.,1.));
#8916=DIRECTION('',(-1.,0.,-3.36431219583381E-17));
#8917=DIRECTION('',(0.,0.,1.));
#8918=DIRECTION('center_axis',(0.,-1.,0.));
#8919=DIRECTION('ref_axis',(0.,0.,1.));
#8920=DIRECTION('',(-1.,0.,0.));
#8921=DIRECTION('center_axis',(0.,-1.,0.));
#8922=DIRECTION('ref_axis',(-1.,0.,0.));
#8923=DIRECTION('',(0.,0.,-1.));
#8924=DIRECTION('',(-1.,0.,-3.36431219583381E-17));
#8925=DIRECTION('',(2.60860673079219E-17,0.,-1.));
#8926=DIRECTION('center_axis',(0.,-1.,0.));
#8927=DIRECTION('ref_axis',(-0.923879532511287,0.,0.38268343236509));
#8928=DIRECTION('center_axis',(0.,0.,-1.));
#8929=DIRECTION('ref_axis',(0.707106781186548,0.707106781186548,0.));
#8930=DIRECTION('center_axis',(-3.36431219583381E-17,0.,1.));
#8931=DIRECTION('ref_axis',(0.707106781186548,0.707106781186548,0.));
#8932=DIRECTION('',(0.,0.,-1.));
#8933=DIRECTION('center_axis',(1.,0.,0.));
#8934=DIRECTION('ref_axis',(0.,0.,-1.));
#8935=DIRECTION('',(0.,1.,0.));
#8936=DIRECTION('center_axis',(-2.60860673079219E-17,0.,1.));
#8937=DIRECTION('ref_axis',(-0.707106781186547,0.707106781186548,0.));
#8938=DIRECTION('center_axis',(-3.36431219583381E-17,0.,1.));
#8939=DIRECTION('ref_axis',(-0.707106781186547,0.707106781186548,0.));
#8940=DIRECTION('center_axis',(0.,0.,-1.));
#8941=DIRECTION('ref_axis',(-1.,0.,0.));
#8942=DIRECTION('center_axis',(0.,1.,0.));
#8943=DIRECTION('ref_axis',(0.,0.,1.));
#8944=DIRECTION('center_axis',(3.36431219583381E-17,0.,-1.));
#8945=DIRECTION('ref_axis',(-1.,0.,-3.36431219583381E-17));
#8946=DIRECTION('',(0.,1.,0.));
#8947=DIRECTION('',(-1.,1.12143739861127E-17,-3.36431219583381E-17));
#8948=DIRECTION('',(0.,-1.,0.));
#8949=DIRECTION('center_axis',(3.36431219583381E-17,0.,-1.));
#8950=DIRECTION('ref_axis',(-1.11022302462516E-16,-1.,0.));
#8951=DIRECTION('',(-1.,1.12143739861127E-17,-3.36431219583381E-17));
#8952=DIRECTION('',(0.,-1.,0.));
#8953=DIRECTION('',(1.,1.12143739861127E-17,3.36431219583381E-17));
#8954=DIRECTION('center_axis',(3.36431219583381E-17,0.,-1.));
#8955=DIRECTION('ref_axis',(0.,1.,0.));
#8956=DIRECTION('',(0.,-1.,0.));
#8957=DIRECTION('',(1.,1.12143739861127E-17,3.36431219583381E-17));
#8958=DIRECTION('',(0.,1.,0.));
#8959=DIRECTION('center_axis',(3.36431219583381E-17,0.,-1.));
#8960=DIRECTION('ref_axis',(-1.,0.,0.));
#8961=DIRECTION('center_axis',(3.36431219583381E-17,0.,-1.));
#8962=DIRECTION('ref_axis',(-1.,0.,0.));
#8963=DIRECTION('center_axis',(-1.,0.,0.));
#8964=DIRECTION('ref_axis',(0.,1.,0.));
#8965=DIRECTION('',(0.,0.,-1.));
#8966=DIRECTION('',(0.,1.,0.));
#8967=DIRECTION('',(0.,0.,-1.));
#8968=DIRECTION('center_axis',(0.,-1.,0.));
#8969=DIRECTION('ref_axis',(-1.,0.,0.));
#8970=DIRECTION('',(0.,0.,-1.));
#8971=DIRECTION('',(-1.,0.,0.));
#8972=DIRECTION('center_axis',(1.,0.,0.));
#8973=DIRECTION('ref_axis',(0.,-1.,0.));
#8974=DIRECTION('',(0.,0.,-1.));
#8975=DIRECTION('',(0.,-1.,0.));
#8976=DIRECTION('center_axis',(0.,1.,0.));
#8977=DIRECTION('ref_axis',(1.,0.,0.));
#8978=DIRECTION('',(1.,0.,0.));
#8979=DIRECTION('center_axis',(0.,0.,-1.));
#8980=DIRECTION('ref_axis',(-1.,0.,0.));
#8981=DIRECTION('',(-1.,-1.63590113183803E-16,0.));
#8982=DIRECTION('',(-1.45815148064472E-63,1.,0.));
#8983=DIRECTION('',(1.,-1.63590113183803E-16,0.));
#8984=DIRECTION('',(1.45815148064472E-63,-1.,0.));
#8985=DIRECTION('center_axis',(1.15675678367342E-16,0.707106781186549,0.707106781186546));
#8986=DIRECTION('ref_axis',(1.,0.,-1.63590113183803E-16));
#8987=DIRECTION('',(0.577350269189624,-0.577350269189626,0.577350269189627));
#8988=DIRECTION('',(-1.,0.,1.63590113183803E-16));
#8989=DIRECTION('',(-0.577350269189626,-0.577350269189625,0.577350269189627));
#8990=DIRECTION('center_axis',(-0.707106781186548,-1.03106879996109E-63,
0.707106781186548));
#8991=DIRECTION('ref_axis',(0.707106781186548,0.,0.707106781186548));
#8992=DIRECTION('',(0.577350269189626,0.577350269189626,0.577350269189626));
#8993=DIRECTION('',(1.45815148064472E-63,-1.,-2.385391657578E-79));
#8994=DIRECTION('center_axis',(1.15675678367342E-16,-0.707106781186548,
0.707106781186547));
#8995=DIRECTION('ref_axis',(1.,0.,-1.63590113183803E-16));
#8996=DIRECTION('',(0.577350269189626,-0.577350269189625,-0.577350269189627));
#8997=DIRECTION('',(1.,0.,-1.63590113183803E-16));
#8998=DIRECTION('center_axis',(0.707106781186548,1.03106879996109E-63,0.707106781186547));
#8999=DIRECTION('ref_axis',(0.707106781186547,0.,-0.707106781186548));
#9000=DIRECTION('',(-1.45815148064472E-63,1.,2.385391657578E-79));
#9001=DIRECTION('center_axis',(1.,1.45815148064472E-63,0.));
#9002=DIRECTION('ref_axis',(-1.45815148064472E-63,1.,-8.91344502590081E-48));
#9003=DIRECTION('',(0.,0.,1.));
#9004=DIRECTION('',(-1.45815148064472E-63,1.,0.));
#9005=DIRECTION('',(0.,0.,1.));
#9006=DIRECTION('center_axis',(0.,1.,0.));
#9007=DIRECTION('ref_axis',(-1.,0.,1.63590113183803E-16));
#9008=DIRECTION('',(0.,0.,-1.));
#9009=DIRECTION('',(-1.,0.,0.));
#9010=DIRECTION('center_axis',(-1.,0.,0.));
#9011=DIRECTION('ref_axis',(0.,1.,0.));
#9012=DIRECTION('',(0.,1.,0.));
#9013=DIRECTION('',(0.,0.,-1.));
#9014=DIRECTION('',(0.,1.,0.));
#9015=DIRECTION('',(0.,0.,-1.));
#9016=DIRECTION('center_axis',(-9.65411325761006E-17,0.,-1.));
#9017=DIRECTION('ref_axis',(-1.,0.,9.65411325761006E-17));
#9018=DIRECTION('center_axis',(9.65411325761006E-17,0.,1.));
#9019=DIRECTION('ref_axis',(-1.,0.,0.));
#9020=DIRECTION('',(0.,1.,0.));
#9021=DIRECTION('center_axis',(-9.65411325761006E-17,0.,-1.));
#9022=DIRECTION('ref_axis',(-1.,-3.63327796320243E-32,2.22044604925031E-16));
#9023=DIRECTION('',(-1.,-3.98162007488291E-32,9.65411325761006E-17));
#9024=DIRECTION('',(0.,-1.,0.));
#9025=DIRECTION('',(1.,3.98162007488291E-32,-9.65411325761006E-17));
#9026=DIRECTION('center_axis',(-9.65411325761006E-17,0.,-1.));
#9027=DIRECTION('ref_axis',(-1.,-4.24957554540635E-32,1.23259516440783E-32));
#9028=DIRECTION('',(0.,1.,0.));
#9029=DIRECTION('center_axis',(9.65411325761006E-17,0.,1.));
#9030=DIRECTION('ref_axis',(-1.,0.,0.));
#9031=DIRECTION('',(0.,1.,0.));
#9032=DIRECTION('',(-1.,0.,9.65411325761006E-17));
#9033=DIRECTION('',(0.,1.,0.));
#9034=DIRECTION('',(1.,0.,-9.65411325761006E-17));
#9035=DIRECTION('',(0.,1.,0.));
#9036=DIRECTION('',(-1.,0.,9.65411325761006E-17));
#9037=DIRECTION('',(0.,-1.,0.));
#9038=DIRECTION('',(1.,0.,-9.65411325761006E-17));
#9039=DIRECTION('',(0.,1.,0.));
#9040=DIRECTION('center_axis',(9.65411325761006E-17,0.,1.));
#9041=DIRECTION('ref_axis',(-1.,0.,0.));
#9042=DIRECTION('center_axis',(9.65411325761006E-17,0.,1.));
#9043=DIRECTION('ref_axis',(-1.,0.,0.));
#9044=DIRECTION('',(-1.,-6.12323399573677E-17,9.65411325761006E-17));
#9045=DIRECTION('',(0.,-1.,0.));
#9046=DIRECTION('',(1.,4.24957554540635E-32,-9.65411325761006E-17));
#9047=DIRECTION('center_axis',(-9.65411325761006E-17,0.,-1.));
#9048=DIRECTION('ref_axis',(-1.,-4.24957554540635E-32,0.));
#9049=DIRECTION('',(1.39526004018199E-32,-1.,-1.34699984517344E-48));
#9050=DIRECTION('',(1.,0.,-9.65411325761006E-17));
#9051=DIRECTION('',(-1.83697019872103E-16,1.,1.77343183493073E-32));
#9052=DIRECTION('center_axis',(-9.65411325761006E-17,0.,-1.));
#9053=DIRECTION('ref_axis',(1.83697019872103E-16,-1.,0.));
#9054=DIRECTION('',(1.,1.83697019872103E-16,-9.65411325761006E-17));
#9055=DIRECTION('',(0.,1.,0.));
#9056=DIRECTION('',(-1.,-1.22464679914735E-16,9.65411325761006E-17));
#9057=DIRECTION('center_axis',(-9.65411325761006E-17,0.,-1.));
#9058=DIRECTION('ref_axis',(1.,1.22464679914735E-16,0.));
#9059=DIRECTION('',(-1.22464679914735E-16,1.,1.18228788995382E-32));
#9060=DIRECTION('',(-1.,0.,9.65411325761006E-17));
#9061=DIRECTION('',(6.12323399573677E-17,-1.,-5.91143944976909E-33));
#9062=DIRECTION('center_axis',(-9.65411325761006E-17,0.,-1.));
#9063=DIRECTION('ref_axis',(-6.12323399573677E-17,1.,0.));
#9064=DIRECTION('center_axis',(9.65411325761006E-17,0.,1.));
#9065=DIRECTION('ref_axis',(-1.,0.,0.));
#9066=DIRECTION('center_axis',(9.65411325761006E-17,0.,1.));
#9067=DIRECTION('ref_axis',(-1.,0.,0.));
#9068=DIRECTION('center_axis',(0.,-1.,0.));
#9069=DIRECTION('ref_axis',(1.,0.,-1.63590113183803E-16));
#9070=DIRECTION('',(1.,0.,0.));
#9071=DIRECTION('',(0.,0.,1.));
#9072=DIRECTION('center_axis',(-1.,-1.45815148064472E-63,0.));
#9073=DIRECTION('ref_axis',(1.45815148064472E-63,-1.,8.91344502590081E-48));
#9074=DIRECTION('',(1.45815148064472E-63,-1.,0.));
#9075=DIRECTION('center_axis',(0.,0.,-1.));
#9076=DIRECTION('ref_axis',(-1.,0.,0.));
#9077=DIRECTION('',(1.,0.,0.));
#9078=DIRECTION('',(4.69935671799008E-16,-1.,0.));
#9079=DIRECTION('',(-1.,0.,0.));
#9080=DIRECTION('',(0.,-1.,0.));
#9081=DIRECTION('',(1.,0.,1.23110556733078E-80));
#9082=DIRECTION('',(-1.,0.,0.));
#9083=DIRECTION('',(-4.69935671799008E-16,1.,0.));
#9084=DIRECTION('center_axis',(0.,1.,0.));
#9085=DIRECTION('ref_axis',(-1.,0.,1.16090013183073E-49));
#9086=DIRECTION('',(0.,0.,1.));
#9087=DIRECTION('',(-1.,0.,1.16090013183073E-49));
#9088=DIRECTION('',(0.,0.,-1.));
#9089=DIRECTION('center_axis',(-1.,-4.69935671799008E-16,0.));
#9090=DIRECTION('ref_axis',(4.69935671799008E-16,-1.,0.));
#9091=DIRECTION('',(0.,0.,-1.));
#9092=DIRECTION('',(4.69935671799008E-16,-1.,0.));
#9093=DIRECTION('center_axis',(1.,0.,0.));
#9094=DIRECTION('ref_axis',(0.,-1.,0.));
#9095=DIRECTION('',(0.,-1.,0.));
#9096=DIRECTION('',(0.,0.,-1.));
#9097=DIRECTION('center_axis',(-1.,0.,0.));
#9098=DIRECTION('ref_axis',(0.,1.,0.));
#9099=DIRECTION('',(0.,0.,-1.));
#9100=DIRECTION('',(0.,1.,0.));
#9101=DIRECTION('',(0.,0.,-1.));
#9102=DIRECTION('center_axis',(0.,-1.,0.));
#9103=DIRECTION('ref_axis',(-1.,0.,0.));
#9104=DIRECTION('',(-1.,0.,0.));
#9105=DIRECTION('',(0.,0.,-1.));
#9106=DIRECTION('center_axis',(1.,0.,0.));
#9107=DIRECTION('ref_axis',(0.,-1.,-1.7675532698613E-80));
#9108=DIRECTION('',(0.,-1.,-1.7675532698613E-80));
#9109=DIRECTION('',(0.,0.,-1.));
#9110=DIRECTION('center_axis',(0.,1.,0.));
#9111=DIRECTION('ref_axis',(1.,0.,1.23110556733078E-80));
#9112=DIRECTION('',(1.,0.,1.23110556733078E-80));
#9113=DIRECTION('',(1.,0.,1.23110556733078E-80));
#9114=DIRECTION('center_axis',(0.,0.,-1.));
#9115=DIRECTION('ref_axis',(-1.,0.,0.));
#9116=DIRECTION('',(-1.,0.,1.16090013183073E-49));
#9117=DIRECTION('',(1.,0.,2.04122280819386E-48));
#9118=DIRECTION('',(-4.69935671799008E-16,1.,-3.05219813987404E-48));
#9119=DIRECTION('center_axis',(0.,1.,0.));
#9120=DIRECTION('ref_axis',(-1.,0.,1.16090013183073E-49));
#9121=DIRECTION('',(0.,0.,1.));
#9122=DIRECTION('center_axis',(1.,4.69935671799008E-16,0.));
#9123=DIRECTION('ref_axis',(-4.69935671799008E-16,1.,-3.05219813987404E-48));
#9124=DIRECTION('',(0.,0.,1.));
#9125=DIRECTION('center_axis',(0.,-1.,0.));
#9126=DIRECTION('ref_axis',(1.,0.,2.04122280819386E-48));
#9127=DIRECTION('center_axis',(0.,0.,-1.));
#9128=DIRECTION('ref_axis',(-1.,0.,0.));
#9129=DIRECTION('center_axis',(-9.65411325761006E-17,0.,-1.));
#9130=DIRECTION('ref_axis',(-1.,0.,9.65411325761006E-17));
#9131=DIRECTION('',(0.,0.,1.));
#9132=DIRECTION('center_axis',(-9.65411325761006E-17,0.,-1.));
#9133=DIRECTION('ref_axis',(-1.,0.,9.65411325761006E-17));
#9134=DIRECTION('center_axis',(0.,1.,0.));
#9135=DIRECTION('ref_axis',(0.,0.,1.));
#9136=DIRECTION('',(0.,-1.,0.));
#9137=DIRECTION('center_axis',(4.24957554540635E-32,-1.,2.77555756156289E-17));
#9138=DIRECTION('ref_axis',(0.,0.,1.));
#9139=DIRECTION('center_axis',(0.,1.,0.));
#9140=DIRECTION('ref_axis',(0.,0.,1.));
#9141=DIRECTION('',(0.,-1.,0.));
#9142=DIRECTION('center_axis',(0.,1.,0.));
#9143=DIRECTION('ref_axis',(0.,0.,1.));
#9144=DIRECTION('',(0.,1.,0.));
#9145=DIRECTION('center_axis',(0.,-1.,0.));
#9146=DIRECTION('ref_axis',(0.,0.,1.));
#9147=DIRECTION('',(0.,-1.,0.));
#9148=DIRECTION('center_axis',(0.,-1.,0.));
#9149=DIRECTION('ref_axis',(0.,0.,1.));
#9150=DIRECTION('center_axis',(-4.24957554540635E-32,1.,-2.77555756156289E-17));
#9151=DIRECTION('ref_axis',(0.,0.,1.));
#9152=DIRECTION('center_axis',(0.,0.,-1.));
#9153=DIRECTION('ref_axis',(-1.,0.,0.));
#9154=DIRECTION('center_axis',(-9.65411325761006E-17,0.,-1.));
#9155=DIRECTION('ref_axis',(-1.,0.,0.));
#9156=DIRECTION('',(0.,0.,1.));
#9157=DIRECTION('center_axis',(-9.65411325761006E-17,0.,-1.));
#9158=DIRECTION('ref_axis',(-1.,0.,0.));
#9159=DIRECTION('center_axis',(0.,0.,-1.));
#9160=DIRECTION('ref_axis',(-1.,0.,0.));
#9161=DIRECTION('center_axis',(-9.65411325761006E-17,0.,-1.));
#9162=DIRECTION('ref_axis',(-1.,0.,9.65411325761006E-17));
#9163=DIRECTION('',(0.,0.,1.));
#9164=DIRECTION('center_axis',(-9.65411325761006E-17,0.,-1.));
#9165=DIRECTION('ref_axis',(-1.,0.,9.65411325761006E-17));
#9166=DIRECTION('center_axis',(-9.65411325761006E-17,0.,-1.));
#9167=DIRECTION('ref_axis',(-1.,0.,9.65411325761006E-17));
#9168=DIRECTION('center_axis',(0.,0.,-1.));
#9169=DIRECTION('ref_axis',(-1.,0.,0.));
#9170=DIRECTION('center_axis',(-9.65411325761006E-17,0.,-1.));
#9171=DIRECTION('ref_axis',(-1.,0.,0.));
#9172=DIRECTION('',(0.,0.,1.));
#9173=DIRECTION('center_axis',(-9.65411325761006E-17,0.,-1.));
#9174=DIRECTION('ref_axis',(-1.,0.,0.));
#9175=DIRECTION('center_axis',(0.,0.,-1.));
#9176=DIRECTION('ref_axis',(-1.,0.,0.));
#9177=DIRECTION('center_axis',(-9.65411325761006E-17,0.,-1.));
#9178=DIRECTION('ref_axis',(-1.,0.,9.65411325761006E-17));
#9179=DIRECTION('',(0.,0.,1.));
#9180=DIRECTION('center_axis',(-9.65411325761006E-17,0.,-1.));
#9181=DIRECTION('ref_axis',(-1.,0.,9.65411325761006E-17));
#9182=DIRECTION('center_axis',(-9.65411325761006E-17,0.,-1.));
#9183=DIRECTION('ref_axis',(-1.,0.,9.65411325761006E-17));
#9184=DIRECTION('center_axis',(0.,0.,-1.));
#9185=DIRECTION('ref_axis',(-1.,0.,0.));
#9186=DIRECTION('center_axis',(-9.65411325761006E-17,0.,-1.));
#9187=DIRECTION('ref_axis',(-1.,0.,9.65411325761006E-17));
#9188=DIRECTION('',(0.,0.,1.));
#9189=DIRECTION('center_axis',(-9.65411325761006E-17,0.,-1.));
#9190=DIRECTION('ref_axis',(-1.,0.,9.65411325761006E-17));
#9191=DIRECTION('center_axis',(-9.65411325761006E-17,0.,-1.));
#9192=DIRECTION('ref_axis',(-1.,0.,9.65411325761006E-17));
#9193=DIRECTION('center_axis',(0.,0.,-1.));
#9194=DIRECTION('ref_axis',(-1.,0.,0.));
#9195=DIRECTION('center_axis',(-9.65411325761006E-17,0.,-1.));
#9196=DIRECTION('ref_axis',(-1.,0.,0.));
#9197=DIRECTION('',(0.,0.,1.));
#9198=DIRECTION('center_axis',(-9.65411325761006E-17,0.,-1.));
#9199=DIRECTION('ref_axis',(-1.,0.,0.));
#9200=DIRECTION('center_axis',(0.,0.,-1.));
#9201=DIRECTION('ref_axis',(-1.,0.,0.));
#9202=DIRECTION('center_axis',(-9.65411325761006E-17,0.,-1.));
#9203=DIRECTION('ref_axis',(-1.,0.,9.65411325761006E-17));
#9204=DIRECTION('',(0.,0.,1.));
#9205=DIRECTION('center_axis',(-9.65411325761006E-17,0.,-1.));
#9206=DIRECTION('ref_axis',(-1.,0.,9.65411325761006E-17));
#9207=DIRECTION('center_axis',(-9.65411325761006E-17,0.,-1.));
#9208=DIRECTION('ref_axis',(-1.,0.,9.65411325761006E-17));
#9209=DIRECTION('center_axis',(0.,0.,-1.));
#9210=DIRECTION('ref_axis',(-1.,0.,0.));
#9211=DIRECTION('center_axis',(-9.65411325761006E-17,0.,-1.));
#9212=DIRECTION('ref_axis',(-1.,0.,0.));
#9213=DIRECTION('',(0.,0.,1.));
#9214=DIRECTION('center_axis',(-9.65411325761006E-17,0.,-1.));
#9215=DIRECTION('ref_axis',(-1.,0.,0.));
#9216=DIRECTION('center_axis',(0.,0.,-1.));
#9217=DIRECTION('ref_axis',(-1.,0.,0.));
#9218=DIRECTION('center_axis',(-9.65411325761006E-17,0.,-1.));
#9219=DIRECTION('ref_axis',(-1.,0.,9.65411325761006E-17));
#9220=DIRECTION('',(0.,0.,1.));
#9221=DIRECTION('center_axis',(-9.65411325761006E-17,0.,-1.));
#9222=DIRECTION('ref_axis',(-1.,0.,9.65411325761006E-17));
#9223=DIRECTION('center_axis',(-9.65411325761006E-17,0.,-1.));
#9224=DIRECTION('ref_axis',(-1.,0.,9.65411325761006E-17));
#9225=DIRECTION('',(0.291323356514114,-0.644306372736875,0.707106781186549));
#9226=DIRECTION('',(-0.291323356514113,-0.644306372736878,-0.707106781186546));
#9227=DIRECTION('center_axis',(0.,0.,1.));
#9228=DIRECTION('ref_axis',(-0.41199344181831,0.911186810647906,3.90480787761672E-17));
#9229=DIRECTION('center_axis',(-1.63590113183803E-16,0.,-1.));
#9230=DIRECTION('ref_axis',(-0.41199344181831,0.911186810647906,0.));
#9231=DIRECTION('',(0.,0.,-1.));
#9232=DIRECTION('',(0.,0.,1.));
#9233=DIRECTION('center_axis',(0.,0.,1.));
#9234=DIRECTION('ref_axis',(0.738513483435663,-0.674238707568561,-6.6159776187836E-17));
#9235=DIRECTION('center_axis',(-1.63590113183803E-16,0.,-1.));
#9236=DIRECTION('ref_axis',(0.738513483435663,-0.674238707568561,0.));
#9237=DIRECTION('',(0.0622067752979497,-0.704365187319074,0.707106781186545));
#9238=DIRECTION('center_axis',(-0.707106781186548,5.96602725000166E-49,
0.707106781186548));
#9239=DIRECTION('ref_axis',(0.707106781186548,0.,0.707106781186548));
#9240=DIRECTION('',(-8.43723665043981E-49,-1.,1.38024849860398E-64));
#9241=DIRECTION('center_axis',(0.,0.,1.));
#9242=DIRECTION('ref_axis',(0.67423870756856,0.738513483435664,-6.04017164079277E-17));
#9243=DIRECTION('center_axis',(-1.63590113183803E-16,0.,-1.));
#9244=DIRECTION('ref_axis',(0.67423870756856,0.738513483435664,0.));
#9245=DIRECTION('',(0.704365208554878,0.0622065348451794,0.707106781186547));
#9246=DIRECTION('center_axis',(1.09617643296669E-15,-0.707106781186548,
0.707106781186548));
#9247=DIRECTION('ref_axis',(1.,0.,-1.55022757825526E-15));
#9248=DIRECTION('',(1.,1.38663746507145E-15,-1.63590113183803E-16));
#9249=DIRECTION('center_axis',(0.,0.,1.));
#9250=DIRECTION('ref_axis',(-0.738513483435663,0.67423870756856,6.61597761878361E-17));
#9251=DIRECTION('center_axis',(-1.63590113183803E-16,0.,-1.));
#9252=DIRECTION('ref_axis',(-0.738513483435663,0.67423870756856,0.));
#9253=DIRECTION('',(-0.0622067506875513,0.704365189492567,0.707106781186546));
#9254=DIRECTION('center_axis',(0.0622067681997324,-0.704365187945958,0.707106781186548));
#9255=DIRECTION('ref_axis',(0.996152635756877,0.,-0.0876351885638788));
#9256=DIRECTION('',(-0.0622067681997314,0.70436518794596,0.707106781186546));
#9257=DIRECTION('',(0.996122801656648,0.0879736552594607,-1.62955841867978E-16));
#9258=DIRECTION('center_axis',(0.,0.,-1.));
#9259=DIRECTION('ref_axis',(0.996122801656647,-0.0879736552594678,-4.88867525603935E-17));
#9260=DIRECTION('',(-0.704365187945961,0.0622067681997375,0.707106781186544));
#9261=DIRECTION('center_axis',(1.63590113183803E-16,0.,1.));
#9262=DIRECTION('ref_axis',(0.996122801656647,-0.0879736552594678,0.));
#9263=DIRECTION('center_axis',(0.704365187945958,-0.0622067681997283,0.707106781186548));
#9264=DIRECTION('ref_axis',(0.708478903927327,0.,-0.705731990694721));
#9265=DIRECTION('',(-0.704365187945958,0.0622067681997247,0.707106781186548));
#9266=DIRECTION('',(0.0879736552594552,0.996122801656649,-1.43916202210872E-17));
#9267=DIRECTION('center_axis',(0.,0.,1.));
#9268=DIRECTION('ref_axis',(-0.996122798887956,0.0879736866092641,8.9237722679669E-17));
#9269=DIRECTION('center_axis',(-1.63590113183803E-16,0.,-1.));
#9270=DIRECTION('ref_axis',(-0.996122798887956,0.0879736866092641,0.));
#9271=DIRECTION('center_axis',(0.707106781186548,1.96100150919869E-15,0.707106781186548));
#9272=DIRECTION('ref_axis',(0.707106781186548,0.,-0.707106781186548));
#9273=DIRECTION('',(-2.7732749301429E-15,1.,4.5368035971188E-31));
#9274=DIRECTION('center_axis',(0.,0.,1.));
#9275=DIRECTION('ref_axis',(-0.67423870756856,-0.738513483435664,6.04017164079277E-17));
#9276=DIRECTION('center_axis',(-1.63590113183803E-16,0.,-1.));
#9277=DIRECTION('ref_axis',(-0.67423870756856,-0.738513483435664,0.));
#9278=DIRECTION('',(-0.704365188535697,-0.0622067615221688,0.707106781186544));
#9279=DIRECTION('center_axis',(0.704365187945959,0.0622067681997322,0.707106781186546));
#9280=DIRECTION('ref_axis',(0.708478903927326,0.,-0.705731990694722));
#9281=DIRECTION('',(-0.704365187945958,-0.062206768199731,0.707106781186547));
#9282=DIRECTION('',(-0.0879736552594605,0.996122801656648,1.4391620221088E-17));
#9283=DIRECTION('center_axis',(0.,0.,-1.));
#9284=DIRECTION('ref_axis',(0.0879736552594678,0.996122801656647,-4.31748606632677E-18));
#9285=DIRECTION('',(-0.0622067681997375,-0.704365187945961,0.707106781186544));
#9286=DIRECTION('center_axis',(1.63590113183803E-16,0.,1.));
#9287=DIRECTION('ref_axis',(0.0879736552594678,0.996122801656647,0.));
#9288=DIRECTION('center_axis',(0.0622067681997246,0.704365187945957,0.707106781186549));
#9289=DIRECTION('ref_axis',(0.996152635756878,0.,-0.0876351885638678));
#9290=DIRECTION('',(-0.0622067681997249,-0.70436518794596,0.707106781186546));
#9291=DIRECTION('',(-0.996122801656649,0.0879736552594499,1.62955841867978E-16));
#9292=DIRECTION('center_axis',(0.,0.,1.));
#9293=DIRECTION('ref_axis',(-0.0879736551408735,-0.996122801667121,7.88112534854364E-18));
#9294=DIRECTION('center_axis',(-1.63590113183803E-16,0.,-1.));
#9295=DIRECTION('ref_axis',(-0.0879736551408735,-0.996122801667121,0.));
#9296=DIRECTION('center_axis',(-0.704365187945946,-0.0622067681998467,0.70710678118655));
#9297=DIRECTION('ref_axis',(0.708478903927335,0.,0.705731990694713));
#9298=DIRECTION('',(0.704365187945953,0.0622067681998496,0.707106781186542));
#9299=DIRECTION('',(0.0879736552596228,-0.996122801656634,-1.43916202211146E-17));
#9300=DIRECTION('center_axis',(0.,0.,-1.));
#9301=DIRECTION('ref_axis',(-0.0879736552594678,-0.996122801656647,4.31748606632677E-18));
#9302=DIRECTION('',(0.0622067681997375,0.704365187945961,0.707106781186544));
#9303=DIRECTION('center_axis',(1.63590113183803E-16,0.,1.));
#9304=DIRECTION('ref_axis',(-0.0879736552594678,-0.996122801656647,0.));
#9305=DIRECTION('center_axis',(-0.0622067681997264,-0.704365187945955,0.707106781186551));
#9306=DIRECTION('ref_axis',(0.996152635756878,0.,0.0876351885638701));
#9307=DIRECTION('',(0.0622067681997304,0.704365187945961,0.707106781186544));
#9308=DIRECTION('',(0.996122801656649,-0.0879736552594529,-1.62955841867978E-16));
#9309=DIRECTION('center_axis',(0.,0.,1.));
#9310=DIRECTION('ref_axis',(0.087975009421912,0.996122682061409,-7.88124667189383E-18));
#9311=DIRECTION('center_axis',(-1.63590113183803E-16,0.,-1.));
#9312=DIRECTION('ref_axis',(0.0879750094219119,0.996122682061409,0.));
#9313=DIRECTION('center_axis',(-1.35507545351077E-15,0.707106781186548,
0.707106781186548));
#9314=DIRECTION('ref_axis',(1.,0.,1.91636608439381E-15));
#9315=DIRECTION('',(-1.,-2.07995619757761E-15,1.63590113183803E-16));
#9316=DIRECTION('center_axis',(-0.0622067681997383,0.704365187945962,0.707106781186543));
#9317=DIRECTION('ref_axis',(0.996152635756876,0.,0.0876351885638877));
#9318=DIRECTION('',(0.0622067681997375,-0.704365187945952,0.707106781186553));
#9319=DIRECTION('',(-0.996122801656647,-0.0879736552594689,1.62955841867978E-16));
#9320=DIRECTION('center_axis',(0.,0.,-1.));
#9321=DIRECTION('ref_axis',(-0.996122801656647,0.087973655259468,4.88867525603934E-17));
#9322=DIRECTION('',(0.704365187945959,-0.0622067681997376,0.707106781186546));
#9323=DIRECTION('center_axis',(1.63590113183803E-16,0.,1.));
#9324=DIRECTION('ref_axis',(-0.996122801656647,0.087973655259468,0.));
#9325=DIRECTION('center_axis',(-0.704365187945961,0.0622067681997296,0.707106781186544));
#9326=DIRECTION('ref_axis',(0.708478903927324,0.,0.705731990694724));
#9327=DIRECTION('',(0.704365187945955,-0.0622067681997278,0.707106781186551));
#9328=DIRECTION('',(-0.0879736552594566,-0.996122801656648,1.43916202210874E-17));
#9329=DIRECTION('center_axis',(0.,0.,1.));
#9330=DIRECTION('ref_axis',(0.996122309570071,-0.0879792269617534,-8.92376788439861E-17));
#9331=DIRECTION('center_axis',(-1.63590113183803E-16,0.,-1.));
#9332=DIRECTION('ref_axis',(0.996122309570071,-0.0879792269617534,0.));
#9333=DIRECTION('center_axis',(-1.38663746507145E-15,1.,0.));
#9334=DIRECTION('ref_axis',(1.,1.38663746507145E-15,-9.65411325761006E-17));
#9335=DIRECTION('',(0.,0.,-1.));
#9336=DIRECTION('',(-1.,-1.38663746507145E-15,-6.93889390390738E-18));
#9337=DIRECTION('',(0.,0.,-1.));
#9338=DIRECTION('center_axis',(0.,0.,-1.));
#9339=DIRECTION('ref_axis',(-0.996122798887956,0.0879736866092641,0.));
#9340=DIRECTION('',(0.,0.,-1.));
#9341=DIRECTION('center_axis',(-6.93889390390738E-18,4.58612068007205E-32,
1.));
#9342=DIRECTION('ref_axis',(-0.996122798887956,0.0879736866092641,0.));
#9343=DIRECTION('center_axis',(-0.996122801656648,0.0879736552594552,0.));
#9344=DIRECTION('ref_axis',(0.0879736552594552,0.996122801656649,-8.49307631560722E-18));
#9345=DIRECTION('',(0.,0.,-1.));
#9346=DIRECTION('',(-0.0879736552594552,-0.996122801656649,-6.10439860184238E-19));
#9347=DIRECTION('center_axis',(0.,0.,-1.));
#9348=DIRECTION('ref_axis',(0.996122801656647,-0.0879736552594678,0.));
#9349=DIRECTION('',(0.,0.,-1.));
#9350=DIRECTION('center_axis',(6.93889390390738E-18,-4.58612068007205E-32,
-1.));
#9351=DIRECTION('ref_axis',(0.996122801656647,-0.0879736552594678,0.));
#9352=DIRECTION('center_axis',(-0.0879736552594607,0.996122801656648,0.));
#9353=DIRECTION('ref_axis',(0.996122801656648,0.0879736552594607,1.44614834788243E-15));
#9354=DIRECTION('',(0.,0.,-1.));
#9355=DIRECTION('',(-0.996122801656648,-0.0879736552594607,-6.91199043595846E-18));
#9356=DIRECTION('center_axis',(0.,0.,-1.));
#9357=DIRECTION('ref_axis',(-0.738513483435663,0.67423870756856,0.));
#9358=DIRECTION('',(0.,0.,-1.));
#9359=DIRECTION('center_axis',(-6.93889390390738E-18,4.58612068007205E-32,
1.));
#9360=DIRECTION('ref_axis',(-0.738513483435663,0.67423870756856,0.));
#9361=DIRECTION('center_axis',(-1.,-2.7732749301429E-15,0.));
#9362=DIRECTION('ref_axis',(-2.7732749301429E-15,1.,-6.57693976869143E-16));
#9363=DIRECTION('',(0.,0.,-1.));
#9364=DIRECTION('',(2.7732749301429E-15,-1.,6.51046673073482E-32));
#9365=DIRECTION('center_axis',(0.,0.,-1.));
#9366=DIRECTION('ref_axis',(-0.0879736551408735,-0.996122801667121,0.));
#9367=DIRECTION('',(0.,0.,-1.));
#9368=DIRECTION('center_axis',(-6.93889390390738E-18,4.58612068007205E-32,
1.));
#9369=DIRECTION('ref_axis',(-0.0879736551408735,-0.996122801667121,0.));
#9370=DIRECTION('center_axis',(-0.0879736552594499,-0.996122801656649,0.));
#9371=DIRECTION('ref_axis',(-0.996122801656649,0.0879736552594499,9.61668234568113E-17));
#9372=DIRECTION('',(0.,0.,-1.));
#9373=DIRECTION('',(0.996122801656649,-0.0879736552594499,6.91199043595847E-18));
#9374=DIRECTION('center_axis',(0.,0.,-1.));
#9375=DIRECTION('ref_axis',(0.0879736552594678,0.996122801656647,0.));
#9376=DIRECTION('',(0.,0.,-1.));
#9377=DIRECTION('center_axis',(6.93889390390738E-18,-4.58612068007205E-32,
-1.));
#9378=DIRECTION('ref_axis',(0.0879736552594678,0.996122801656647,0.));
#9379=DIRECTION('center_axis',(-0.996122801656648,-0.0879736552594605,0.));
#9380=DIRECTION('ref_axis',(-0.0879736552594605,0.996122801656648,8.49307631560773E-18));
#9381=DIRECTION('',(0.,0.,-1.));
#9382=DIRECTION('',(0.0879736552594605,-0.996122801656648,6.10439860184366E-19));
#9383=DIRECTION('center_axis',(0.,0.,-1.));
#9384=DIRECTION('ref_axis',(-0.67423870756856,-0.738513483435664,0.));
#9385=DIRECTION('',(0.,0.,-1.));
#9386=DIRECTION('center_axis',(-6.93889390390738E-18,4.58612068007205E-32,
1.));
#9387=DIRECTION('ref_axis',(-0.67423870756856,-0.738513483435664,0.));
#9388=DIRECTION('center_axis',(2.07995619757761E-15,-1.,0.));
#9389=DIRECTION('ref_axis',(-1.,-2.07995619757761E-15,9.65411325761006E-17));
#9390=DIRECTION('',(0.,0.,-1.));
#9391=DIRECTION('',(1.,2.07995619757761E-15,6.93889390390738E-18));
#9392=DIRECTION('center_axis',(0.,0.,-1.));
#9393=DIRECTION('ref_axis',(0.996122309570071,-0.0879792269617534,0.));
#9394=DIRECTION('',(0.,0.,-1.));
#9395=DIRECTION('center_axis',(-6.93889390390738E-18,4.58612068007205E-32,
1.));
#9396=DIRECTION('ref_axis',(0.996122309570071,-0.0879792269617534,0.));
#9397=DIRECTION('center_axis',(0.996122801656648,-0.0879736552594566,0.));
#9398=DIRECTION('ref_axis',(-0.0879736552594566,-0.996122801656648,8.49307631560738E-18));
#9399=DIRECTION('',(0.,0.,-1.));
#9400=DIRECTION('',(0.0879736552594566,0.996122801656648,6.10439860184248E-19));
#9401=DIRECTION('center_axis',(0.,0.,-1.));
#9402=DIRECTION('ref_axis',(-0.996122801656647,0.087973655259468,0.));
#9403=DIRECTION('',(0.,0.,-1.));
#9404=DIRECTION('center_axis',(6.93889390390738E-18,-4.58612068007205E-32,
-1.));
#9405=DIRECTION('ref_axis',(-0.996122801656647,0.087973655259468,0.));
#9406=DIRECTION('center_axis',(0.0879736552594689,-0.996122801656647,0.));
#9407=DIRECTION('ref_axis',(-0.996122801656647,-0.0879736552594689,9.61668234568111E-17));
#9408=DIRECTION('',(0.,0.,-1.));
#9409=DIRECTION('',(0.996122801656647,0.0879736552594689,6.91199043595845E-18));
#9410=DIRECTION('center_axis',(0.,0.,-1.));
#9411=DIRECTION('ref_axis',(0.738513483435663,-0.674238707568561,0.));
#9412=DIRECTION('',(0.,0.,-1.));
#9413=DIRECTION('center_axis',(-6.93889390390738E-18,4.58612068007205E-32,
1.));
#9414=DIRECTION('ref_axis',(0.738513483435663,-0.674238707568561,0.));
#9415=DIRECTION('center_axis',(1.,-8.43723665043981E-49,0.));
#9416=DIRECTION('ref_axis',(-8.43723665043981E-49,-1.,-8.73952524204021E-33));
#9417=DIRECTION('',(0.,0.,-1.));
#9418=DIRECTION('',(8.43723665043981E-49,1.,-4.58612068007205E-32));
#9419=DIRECTION('center_axis',(0.,0.,-1.));
#9420=DIRECTION('ref_axis',(0.0879750094219119,0.996122682061409,0.));
#9421=DIRECTION('',(0.,0.,-1.));
#9422=DIRECTION('center_axis',(-6.93889390390738E-18,4.58612068007205E-32,
1.));
#9423=DIRECTION('ref_axis',(0.0879750094219119,0.996122682061409,0.));
#9424=DIRECTION('center_axis',(0.087973655259453,0.996122801656649,0.));
#9425=DIRECTION('ref_axis',(0.996122801656649,-0.0879736552594529,-9.61668234568112E-17));
#9426=DIRECTION('',(0.,0.,1.));
#9427=DIRECTION('',(-0.996122801656649,0.0879736552594529,-6.91199043595847E-18));
#9428=DIRECTION('center_axis',(0.,0.,-1.));
#9429=DIRECTION('ref_axis',(-0.0879736552594678,-0.996122801656647,0.));
#9430=DIRECTION('',(0.,0.,-1.));
#9431=DIRECTION('center_axis',(6.93889390390738E-18,-4.58612068007205E-32,
-1.));
#9432=DIRECTION('ref_axis',(-0.0879736552594678,-0.996122801656647,0.));
#9433=DIRECTION('center_axis',(0.996122801656634,0.0879736552596228,0.));
#9434=DIRECTION('ref_axis',(0.0879736552596228,-0.996122801656634,-8.49307631562341E-18));
#9435=DIRECTION('',(0.,0.,-1.));
#9436=DIRECTION('',(-0.0879736552596228,0.996122801656634,-6.10439860185492E-19));
#9437=DIRECTION('center_axis',(0.,0.,-1.));
#9438=DIRECTION('ref_axis',(0.67423870756856,0.738513483435664,0.));
#9439=DIRECTION('center_axis',(-6.93889390390738E-18,4.58612068007205E-32,
1.));
#9440=DIRECTION('ref_axis',(0.67423870756856,0.738513483435664,0.));
#9441=DIRECTION('center_axis',(0.,0.,-1.));
#9442=DIRECTION('ref_axis',(-1.,-1.04738021191052E-16,0.));
#9443=DIRECTION('center_axis',(2.73392419813945E-15,2.31111593326468E-33,
1.));
#9444=DIRECTION('ref_axis',(0.41199344181831,-0.911186810647906,0.));
#9445=DIRECTION('center_axis',(-5.55111512312575E-17,1.,1.43289187862409E-31));
#9446=DIRECTION('ref_axis',(-2.73392419813945E-15,-8.47409175530382E-33,
-1.));
#9447=DIRECTION('',(2.73392419813945E-15,8.47409175530384E-33,1.));
#9448=DIRECTION('',(1.,5.55111512312575E-17,-2.73392419813945E-15));
#9449=DIRECTION('',(-2.73392419813945E-15,-8.47409175530384E-33,-1.));
#9450=DIRECTION('',(1.,5.55111512312575E-17,-2.73392419813945E-15));
#9451=DIRECTION('',(2.73392419813945E-15,8.47409175530384E-33,1.));
#9452=DIRECTION('',(1.,5.55111512312575E-17,-2.73392419813945E-15));
#9453=DIRECTION('',(-2.73392419813945E-15,-8.47409175530384E-33,-1.));
#9454=DIRECTION('',(1.,5.55111512312575E-17,-1.38666955995881E-32));
#9455=DIRECTION('center_axis',(-1.,-9.26045463268356E-17,2.73392419813945E-15));
#9456=DIRECTION('ref_axis',(9.26045463268356E-17,-1.,-2.50862694127397E-31));
#9457=DIRECTION('',(9.26045463268356E-17,-1.,-2.50862694127397E-31));
#9458=DIRECTION('',(2.73392419813945E-15,2.31111593326468E-33,1.));
#9459=DIRECTION('',(9.26045463268356E-17,-1.,-2.50862694127397E-31));
#9460=DIRECTION('center_axis',(1.,9.16965297554585E-17,-2.73392419813945E-15));
#9461=DIRECTION('ref_axis',(-9.16965297554585E-17,1.,2.48380245650598E-31));
#9462=DIRECTION('',(-9.16965297554585E-17,1.,2.48380245650598E-31));
#9463=DIRECTION('',(2.73392419813945E-15,2.31111593326468E-33,1.));
#9464=DIRECTION('',(-9.16965297554586E-17,1.,-2.77555756156289E-17));
#9465=DIRECTION('center_axis',(-2.73392419813945E-15,-2.31111593326468E-33,
-1.));
#9466=DIRECTION('ref_axis',(-1.,-5.55111512312574E-17,2.73392419813945E-15));
#9467=DIRECTION('center_axis',(-2.73392419813945E-15,-2.31111593326468E-33,
-1.));
#9468=DIRECTION('ref_axis',(-0.808641975308643,0.588301075784276,2.21076586392758E-15));
#9469=DIRECTION('',(-5.55111512312574E-17,1.,1.49452163684449E-31));
#9470=DIRECTION('',(5.55111512312574E-17,-1.,-1.49452163684449E-31));
#9471=DIRECTION('center_axis',(2.73392419813945E-15,2.31111593326468E-33,
1.));
#9472=DIRECTION('ref_axis',(-0.833333333333334,0.552770798392566,2.27827016511621E-15));
#9473=DIRECTION('center_axis',(-2.73392419813945E-15,-2.31111593326468E-33,
-1.));
#9474=DIRECTION('ref_axis',(-1.,-5.55111512312574E-17,2.73392419813945E-15));
#9475=DIRECTION('',(-5.55111512312574E-17,1.,1.49452163684449E-31));
#9476=DIRECTION('center_axis',(-2.73392419813945E-15,-2.31111593326468E-33,
-1.));
#9477=DIRECTION('ref_axis',(-0.808641975308643,0.588301075784276,2.21076586392758E-15));
#9478=DIRECTION('center_axis',(1.,5.55111512312574E-17,-2.73392419813945E-15));
#9479=DIRECTION('ref_axis',(-5.55111512312574E-17,1.,1.49452163684449E-31));
#9480=DIRECTION('',(2.73392419813945E-15,2.31111593326468E-33,1.));
#9481=DIRECTION('center_axis',(2.73392419813945E-15,2.31111593326468E-33,
1.));
#9482=DIRECTION('ref_axis',(-0.808641975308643,0.588301075784276,2.21076586392758E-15));
#9483=DIRECTION('center_axis',(-1.,-5.55111512312574E-17,2.73392419813945E-15));
#9484=DIRECTION('ref_axis',(5.55111512312574E-17,-1.,-1.49452163684449E-31));
#9485=DIRECTION('',(5.55111512312575E-17,-1.,2.77555756156289E-17));
#9486=DIRECTION('',(2.73392419813945E-15,2.31111593326468E-33,1.));
#9487=DIRECTION('center_axis',(2.73392419813945E-15,2.31111593326468E-33,
1.));
#9488=DIRECTION('ref_axis',(-0.833333333333334,0.552770798392566,2.27827016511621E-15));
#9489=DIRECTION('center_axis',(1.23259516440783E-32,2.77555756156289E-17,
1.));
#9490=DIRECTION('ref_axis',(-0.833333333333334,0.552770798392566,2.27827016511621E-15));
#9491=DIRECTION('center_axis',(-6.93889390390738E-18,4.58612068007205E-32,
1.));
#9492=DIRECTION('ref_axis',(-0.783989399359894,-0.620774211522445,-5.44001926394635E-18));
#9493=DIRECTION('center_axis',(-6.93889390390738E-18,4.58612068007205E-32,
1.));
#9494=DIRECTION('ref_axis',(-0.783989399359894,-0.620774211522445,-5.44001926394635E-18));
#9495=DIRECTION('',(-6.93889390390738E-18,4.58612068007205E-32,1.));
#9496=DIRECTION('center_axis',(6.93889390390738E-18,-4.58612068007205E-32,
-1.));
#9497=DIRECTION('ref_axis',(-0.783989399359894,-0.620774211522445,-5.44001926394635E-18));
#9498=DIRECTION('',(-6.93889390390738E-18,4.58612068007205E-32,1.));
#9499=DIRECTION('center_axis',(0.0879736552594615,-0.996122801656648,6.10439860184373E-19));
#9500=DIRECTION('ref_axis',(0.996122801656648,0.0879736552594615,6.91199043595845E-18));
#9501=DIRECTION('',(-0.996122801656648,-0.0879736552594615,-6.91199043595845E-18));
#9502=DIRECTION('',(0.996122801656648,0.0879736552594615,6.91199043595845E-18));
#9503=DIRECTION('',(-6.93889390390738E-18,4.58612068007205E-32,1.));
#9504=DIRECTION('center_axis',(-6.93889390390738E-18,4.58612068007205E-32,
1.));
#9505=DIRECTION('ref_axis',(1.,1.98105420956552E-15,6.93889390390738E-18));
#9506=DIRECTION('center_axis',(6.93889390390738E-18,-4.58612068007205E-32,
-1.));
#9507=DIRECTION('ref_axis',(1.,1.98105420956552E-15,6.93889390390738E-18));
#9508=DIRECTION('center_axis',(-6.93889390390738E-18,4.58612068007205E-32,
1.));
#9509=DIRECTION('ref_axis',(1.,1.98105420956552E-15,6.93889390390738E-18));
#9510=DIRECTION('',(-6.93889390390738E-18,4.58612068007205E-32,1.));
#9511=DIRECTION('center_axis',(0.996122801656648,-0.0879736552594562,6.91199043595847E-18));
#9512=DIRECTION('ref_axis',(0.0879736552594562,0.996122801656648,6.10439860184244E-19));
#9513=DIRECTION('',(-0.0879736552594562,-0.996122801656648,-6.10439860184244E-19));
#9514=DIRECTION('',(0.0879736552594562,0.996122801656648,6.10439860184244E-19));
#9515=DIRECTION('',(-6.93889390390738E-18,4.58612068007205E-32,1.));
#9516=DIRECTION('center_axis',(-6.93889390390738E-18,4.58612068007205E-32,
1.));
#9517=DIRECTION('ref_axis',(-0.620774211522445,0.783989399359894,-4.30748639203604E-18));
#9518=DIRECTION('center_axis',(-6.93889390390738E-18,4.58612068007205E-32,
1.));
#9519=DIRECTION('ref_axis',(-0.620774211522445,0.783989399359894,-4.30748639203604E-18));
#9520=DIRECTION('center_axis',(6.93889390390738E-18,-4.58612068007205E-32,
-1.));
#9521=DIRECTION('ref_axis',(-0.620774211522445,0.783989399359894,-4.30748639203604E-18));
#9522=DIRECTION('',(-6.93889390390738E-18,4.58612068007205E-32,1.));
#9523=DIRECTION('center_axis',(1.98105420956552E-15,-1.,5.96075317787847E-32));
#9524=DIRECTION('ref_axis',(1.,1.98105420956552E-15,6.93889390390738E-18));
#9525=DIRECTION('',(-1.,-1.98105420956552E-15,-6.93889390390738E-18));
#9526=DIRECTION('',(1.,1.98105420956552E-15,6.93889390390738E-18));
#9527=DIRECTION('',(-6.93889390390738E-18,4.58612068007205E-32,1.));
#9528=DIRECTION('center_axis',(-6.93889390390738E-18,4.58612068007205E-32,
1.));
#9529=DIRECTION('ref_axis',(-0.620774211522445,0.783989399359894,-4.30748639203604E-18));
#9530=DIRECTION('center_axis',(-6.93889390390738E-18,4.58612068007205E-32,
1.));
#9531=DIRECTION('ref_axis',(-0.620774211522445,0.783989399359894,-4.30748639203604E-18));
#9532=DIRECTION('center_axis',(6.93889390390738E-18,-4.58612068007205E-32,
-1.));
#9533=DIRECTION('ref_axis',(-0.620774211522445,0.783989399359894,-4.30748639203604E-18));
#9534=DIRECTION('',(-6.93889390390738E-18,4.58612068007205E-32,1.));
#9535=DIRECTION('center_axis',(-0.996122801656648,-0.0879736552594608,-6.91199043595846E-18));
#9536=DIRECTION('ref_axis',(0.0879736552594608,-0.996122801656648,6.10439860184368E-19));
#9537=DIRECTION('',(-0.0879736552594608,0.996122801656648,-6.10439860184368E-19));
#9538=DIRECTION('',(0.0879736552594608,-0.996122801656648,6.10439860184368E-19));
#9539=DIRECTION('',(-6.93889390390738E-18,4.58612068007205E-32,1.));
#9540=DIRECTION('center_axis',(-6.93889390390738E-18,4.58612068007205E-32,
1.));
#9541=DIRECTION('ref_axis',(1.,1.98105420956552E-15,6.93889390390738E-18));
#9542=DIRECTION('center_axis',(6.93889390390738E-18,-4.58612068007205E-32,
-1.));
#9543=DIRECTION('ref_axis',(1.,1.98105420956552E-15,6.93889390390738E-18));
#9544=DIRECTION('center_axis',(-6.93889390390738E-18,4.58612068007205E-32,
1.));
#9545=DIRECTION('ref_axis',(1.,1.98105420956552E-15,6.93889390390738E-18));
#9546=DIRECTION('',(-6.93889390390738E-18,4.58612068007205E-32,1.));
#9547=DIRECTION('center_axis',(-0.0879736552594574,-0.996122801656648,-6.10439860184253E-19));
#9548=DIRECTION('ref_axis',(0.996122801656648,-0.0879736552594574,6.91199043595846E-18));
#9549=DIRECTION('',(-0.996122801656648,0.0879736552594574,-6.91199043595846E-18));
#9550=DIRECTION('',(0.996122801656648,-0.0879736552594574,6.91199043595846E-18));
#9551=DIRECTION('',(-6.93889390390738E-18,4.58612068007205E-32,1.));
#9552=DIRECTION('center_axis',(-6.93889390390738E-18,4.58612068007205E-32,
1.));
#9553=DIRECTION('ref_axis',(0.783989399359894,0.620774211522445,5.44001926394635E-18));
#9554=DIRECTION('center_axis',(-6.93889390390738E-18,4.58612068007205E-32,
1.));
#9555=DIRECTION('ref_axis',(0.783989399359894,0.620774211522445,5.44001926394635E-18));
#9556=DIRECTION('center_axis',(6.93889390390738E-18,-4.58612068007205E-32,
-1.));
#9557=DIRECTION('ref_axis',(0.783989399359894,0.620774211522445,5.44001926394635E-18));
#9558=DIRECTION('',(-6.93889390390738E-18,4.58612068007205E-32,1.));
#9559=DIRECTION('center_axis',(-1.,-1.75665211102447E-15,-6.93889390390738E-18));
#9560=DIRECTION('ref_axis',(1.75665211102447E-15,-1.,5.80504294251942E-32));
#9561=DIRECTION('',(-1.75665211102447E-15,1.,-5.80504294251942E-32));
#9562=DIRECTION('',(1.75665211102447E-15,-1.,5.80504294251942E-32));
#9563=DIRECTION('',(-6.93889390390738E-18,4.58612068007205E-32,1.));
#9564=DIRECTION('center_axis',(1.,1.98105420956552E-15,6.93889390390738E-18));
#9565=DIRECTION('ref_axis',(-1.98105420956552E-15,1.,-5.96075317787847E-32));
#9566=DIRECTION('',(1.98105420956552E-15,-1.,5.96075317787847E-32));
#9567=DIRECTION('',(-6.93889390390738E-18,4.58612068007205E-32,1.));
#9568=DIRECTION('',(-1.98105420956552E-15,1.,-5.96075317787847E-32));
#9569=DIRECTION('center_axis',(-6.93889390390738E-18,4.58612068007205E-32,
1.));
#9570=DIRECTION('ref_axis',(-0.783989399359894,-0.620774211522445,-5.44001926394635E-18));
#9571=DIRECTION('center_axis',(-6.93889390390738E-18,4.58612068007205E-32,
1.));
#9572=DIRECTION('ref_axis',(-0.783989399359894,-0.620774211522445,-5.44001926394635E-18));
#9573=DIRECTION('',(-6.93889390390738E-18,4.58612068007205E-32,1.));
#9574=DIRECTION('center_axis',(6.93889390390738E-18,-4.58612068007205E-32,
-1.));
#9575=DIRECTION('ref_axis',(-0.783989399359894,-0.620774211522445,-5.44001926394635E-18));
#9576=DIRECTION('center_axis',(0.087973655259455,0.996122801656649,6.10439860184236E-19));
#9577=DIRECTION('ref_axis',(-0.996122801656649,0.087973655259455,-6.91199043595847E-18));
#9578=DIRECTION('',(0.996122801656649,-0.087973655259455,6.91199043595847E-18));
#9579=DIRECTION('',(-6.93889390390738E-18,4.58612068007205E-32,1.));
#9580=DIRECTION('',(-0.996122801656649,0.087973655259455,-6.91199043595847E-18));
#9581=DIRECTION('center_axis',(-6.93889390390738E-18,4.58612068007205E-32,
1.));
#9582=DIRECTION('ref_axis',(1.,1.98105420956552E-15,6.93889390390738E-18));
#9583=DIRECTION('center_axis',(6.93889390390738E-18,-4.58612068007205E-32,
-1.));
#9584=DIRECTION('ref_axis',(1.,1.98105420956552E-15,6.93889390390738E-18));
#9585=DIRECTION('',(-6.93889390390738E-18,4.58612068007205E-32,1.));
#9586=DIRECTION('center_axis',(-6.93889390390738E-18,4.58612068007205E-32,
1.));
#9587=DIRECTION('ref_axis',(1.,1.98105420956552E-15,6.93889390390738E-18));
#9588=DIRECTION('center_axis',(0.996122801656648,0.0879736552594602,6.91199043595846E-18));
#9589=DIRECTION('ref_axis',(-0.0879736552594602,0.996122801656648,-6.10439860184364E-19));
#9590=DIRECTION('',(0.0879736552594602,-0.996122801656648,6.10439860184364E-19));
#9591=DIRECTION('',(-6.93889390390738E-18,4.58612068007205E-32,1.));
#9592=DIRECTION('',(-0.0879736552594602,0.996122801656648,-6.10439860184364E-19));
#9593=DIRECTION('center_axis',(-6.93889390390738E-18,4.58612068007205E-32,
1.));
#9594=DIRECTION('ref_axis',(0.620774211522445,-0.783989399359894,4.30748639203604E-18));
#9595=DIRECTION('center_axis',(-6.93889390390738E-18,4.58612068007205E-32,
1.));
#9596=DIRECTION('ref_axis',(0.620774211522445,-0.783989399359894,4.30748639203604E-18));
#9597=DIRECTION('',(-6.93889390390738E-18,4.58612068007205E-32,1.));
#9598=DIRECTION('center_axis',(6.93889390390738E-18,-4.58612068007205E-32,
-1.));
#9599=DIRECTION('ref_axis',(0.620774211522445,-0.783989399359894,4.30748639203604E-18));
#9600=DIRECTION('center_axis',(-1.98105420956552E-15,1.,-5.96075317787847E-32));
#9601=DIRECTION('ref_axis',(-1.,-1.98105420956552E-15,-6.93889390390738E-18));
#9602=DIRECTION('',(1.,1.98105420956552E-15,6.93889390390738E-18));
#9603=DIRECTION('',(-6.93889390390738E-18,4.58612068007205E-32,1.));
#9604=DIRECTION('',(-1.,-1.98105420956552E-15,-6.93889390390738E-18));
#9605=DIRECTION('center_axis',(-6.93889390390738E-18,4.58612068007205E-32,
1.));
#9606=DIRECTION('ref_axis',(0.620774211522445,-0.783989399359894,4.30748639203604E-18));
#9607=DIRECTION('center_axis',(-6.93889390390738E-18,4.58612068007205E-32,
1.));
#9608=DIRECTION('ref_axis',(0.620774211522445,-0.783989399359894,4.30748639203604E-18));
#9609=DIRECTION('',(-6.93889390390738E-18,4.58612068007205E-32,1.));
#9610=DIRECTION('center_axis',(6.93889390390738E-18,-4.58612068007205E-32,
-1.));
#9611=DIRECTION('ref_axis',(0.620774211522445,-0.783989399359894,4.30748639203604E-18));
#9612=DIRECTION('center_axis',(-0.996122801656648,0.0879736552594561,-6.91199043595847E-18));
#9613=DIRECTION('ref_axis',(-0.0879736552594561,-0.996122801656648,-6.10439860184244E-19));
#9614=DIRECTION('',(0.0879736552594561,0.996122801656648,6.10439860184244E-19));
#9615=DIRECTION('',(-6.93889390390738E-18,4.58612068007205E-32,1.));
#9616=DIRECTION('',(-0.0879736552594561,-0.996122801656648,-6.10439860184244E-19));
#9617=DIRECTION('center_axis',(-6.93889390390738E-18,4.58612068007205E-32,
1.));
#9618=DIRECTION('ref_axis',(1.,1.98105420956552E-15,6.93889390390738E-18));
#9619=DIRECTION('center_axis',(6.93889390390738E-18,-4.58612068007205E-32,
-1.));
#9620=DIRECTION('ref_axis',(1.,1.98105420956552E-15,6.93889390390738E-18));
#9621=DIRECTION('',(-6.93889390390738E-18,4.58612068007205E-32,1.));
#9622=DIRECTION('center_axis',(-6.93889390390738E-18,4.58612068007205E-32,
1.));
#9623=DIRECTION('ref_axis',(1.,1.98105420956552E-15,6.93889390390738E-18));
#9624=DIRECTION('center_axis',(-0.0879736552594601,0.996122801656648,-6.10439860184363E-19));
#9625=DIRECTION('ref_axis',(-0.996122801656648,-0.0879736552594601,-6.91199043595846E-18));
#9626=DIRECTION('',(0.996122801656648,0.0879736552594601,6.91199043595846E-18));
#9627=DIRECTION('',(-6.93889390390738E-18,4.58612068007205E-32,1.));
#9628=DIRECTION('',(-0.996122801656648,-0.0879736552594601,-6.91199043595845E-18));
#9629=DIRECTION('center_axis',(-6.93889390390738E-18,4.58612068007205E-32,
1.));
#9630=DIRECTION('ref_axis',(0.783989399359894,0.620774211522445,5.44001926394635E-18));
#9631=DIRECTION('center_axis',(-6.93889390390738E-18,4.58612068007205E-32,
1.));
#9632=DIRECTION('ref_axis',(0.783989399359894,0.620774211522445,5.44001926394635E-18));
#9633=DIRECTION('center_axis',(6.93889390390738E-18,-4.58612068007205E-32,
-1.));
#9634=DIRECTION('ref_axis',(0.783989399359894,0.620774211522445,5.44001926394635E-18));
#9635=DIRECTION('center_axis',(-6.93889390390738E-18,4.58612068007205E-32,
1.));
#9636=DIRECTION('ref_axis',(1.,1.98105420956552E-15,6.93889390390738E-18));
#9637=DIRECTION('center_axis',(-6.93889390390738E-18,4.58612068007205E-32,
1.));
#9638=DIRECTION('ref_axis',(0.618433958418445,-0.785836776356829,4.2912476240391E-18));
#9639=DIRECTION('',(1.,1.98105420956552E-15,6.93889390390738E-18));
#9640=DIRECTION('center_axis',(-6.93889390390738E-18,4.58612068007205E-32,
1.));
#9641=DIRECTION('ref_axis',(-1.,-2.66426837856561E-15,-6.93889390390738E-18));
#9642=DIRECTION('center_axis',(6.93889390390738E-18,-4.58612068007205E-32,
-1.));
#9643=DIRECTION('ref_axis',(1.,1.98105420956551E-15,6.93889390390738E-18));
#9644=DIRECTION('center_axis',(-6.93889390390738E-18,4.58612068007205E-32,
1.));
#9645=DIRECTION('ref_axis',(-0.785836776356829,-0.618433958418445,-5.4528380169286E-18));
#9646=DIRECTION('',(1.98105420956552E-15,-1.,5.96075317787847E-32));
#9647=DIRECTION('center_axis',(-6.93889390390738E-18,4.58612068007205E-32,
1.));
#9648=DIRECTION('ref_axis',(-3.34748254756571E-15,1.,-6.90890330434605E-32));
#9649=DIRECTION('center_axis',(6.93889390390738E-18,-4.58612068007205E-32,
-1.));
#9650=DIRECTION('ref_axis',(1.98105420956552E-15,-1.,5.96075317787847E-32));
#9651=DIRECTION('center_axis',(-6.93889390390738E-18,4.58612068007205E-32,
1.));
#9652=DIRECTION('ref_axis',(-0.618433958418445,0.785836776356829,-4.2912476240391E-18));
#9653=DIRECTION('',(-1.,-1.98105420956552E-15,-6.93889390390738E-18));
#9654=DIRECTION('center_axis',(-6.93889390390738E-18,4.58612068007205E-32,
1.));
#9655=DIRECTION('ref_axis',(1.,2.49346483631559E-15,6.93889390390738E-18));
#9656=DIRECTION('center_axis',(6.93889390390738E-18,-4.58612068007205E-32,
-1.));
#9657=DIRECTION('ref_axis',(-1.,-2.92563028909343E-15,-6.93889390390738E-18));
#9658=DIRECTION('center_axis',(-6.93889390390738E-18,4.58612068007205E-32,
1.));
#9659=DIRECTION('ref_axis',(0.785836776356829,0.618433958418445,5.45283801692861E-18));
#9660=DIRECTION('',(-1.75665211102447E-15,1.,-5.80504294251942E-32));
#9661=DIRECTION('center_axis',(-6.93889390390738E-18,4.58612068007205E-32,
1.));
#9662=DIRECTION('ref_axis',(2.32266129406556E-15,-1.,6.19779070949537E-32));
#9663=DIRECTION('center_axis',(6.93889390390738E-18,-4.58612068007205E-32,
-1.));
#9664=DIRECTION('ref_axis',(-1.98105420956552E-15,1.,-5.96075317787847E-32));
#9665=DIRECTION('center_axis',(1.98105420956552E-15,-1.,5.96075317787847E-32));
#9666=DIRECTION('ref_axis',(1.,1.98105420956552E-15,6.93889390390738E-18));
#9667=DIRECTION('',(-1.,-5.52374396408728E-16,0.));
#9668=DIRECTION('',(-6.93889390390738E-18,4.58612068007205E-32,1.));
#9669=DIRECTION('',(-6.93889390390738E-18,4.58612068007205E-32,1.));
#9670=DIRECTION('center_axis',(-6.93889390390738E-18,4.58612068007205E-32,
1.));
#9671=DIRECTION('ref_axis',(-1.,-2.66426837856561E-15,-6.93889390390738E-18));
#9672=DIRECTION('center_axis',(0.,0.,-1.));
#9673=DIRECTION('ref_axis',(-0.618433958418443,-0.785836776356831,0.));
#9674=DIRECTION('',(-6.93889390390738E-18,4.58612068007205E-32,1.));
#9675=DIRECTION('center_axis',(-6.93889390390738E-18,4.58612068007205E-32,
1.));
#9676=DIRECTION('ref_axis',(1.,1.98105420956551E-15,6.93889390390738E-18));
#9677=DIRECTION('center_axis',(0.,0.,1.));
#9678=DIRECTION('ref_axis',(0.,1.,0.));
#9679=DIRECTION('',(-6.93889390390738E-18,4.58612068007205E-32,1.));
#9680=DIRECTION('center_axis',(-6.93889390390738E-18,4.58612068007205E-32,
1.));
#9681=DIRECTION('ref_axis',(-0.785836776356829,-0.618433958418445,-5.4528380169286E-18));
#9682=DIRECTION('center_axis',(0.,0.,-1.));
#9683=DIRECTION('ref_axis',(-1.3664283380002E-15,-1.,0.));
#9684=DIRECTION('',(-6.93889390390738E-18,4.58612068007205E-32,1.));
#9685=DIRECTION('center_axis',(-1.,-1.98105420956552E-15,-6.93889390390738E-18));
#9686=DIRECTION('ref_axis',(1.98105420956552E-15,-1.,5.96075317787847E-32));
#9687=DIRECTION('',(-5.52374396408727E-16,1.,0.));
#9688=DIRECTION('',(-6.93889390390738E-18,4.58612068007205E-32,1.));
#9689=DIRECTION('center_axis',(-6.93889390390738E-18,4.58612068007205E-32,
1.));
#9690=DIRECTION('ref_axis',(-3.34748254756571E-15,1.,-6.90890330434605E-32));
#9691=DIRECTION('center_axis',(0.,0.,-1.));
#9692=DIRECTION('ref_axis',(-0.785836776356831,0.618433958418443,0.));
#9693=DIRECTION('',(-6.93889390390738E-18,4.58612068007205E-32,1.));
#9694=DIRECTION('center_axis',(-6.93889390390738E-18,4.58612068007205E-32,
1.));
#9695=DIRECTION('ref_axis',(1.98105420956552E-15,-1.,5.96075317787847E-32));
#9696=DIRECTION('center_axis',(0.,0.,1.));
#9697=DIRECTION('ref_axis',(1.,9.44576079527928E-16,0.));
#9698=DIRECTION('',(-6.93889390390738E-18,4.58612068007205E-32,1.));
#9699=DIRECTION('center_axis',(-6.93889390390738E-18,4.58612068007205E-32,
1.));
#9700=DIRECTION('ref_axis',(-0.618433958418445,0.785836776356829,-4.2912476240391E-18));
#9701=DIRECTION('center_axis',(0.,0.,-1.));
#9702=DIRECTION('ref_axis',(-1.,6.83214169000096E-16,0.));
#9703=DIRECTION('',(-6.93889390390738E-18,4.58612068007205E-32,1.));
#9704=DIRECTION('center_axis',(-1.98105420956552E-15,1.,-5.96075317787847E-32));
#9705=DIRECTION('ref_axis',(-1.,-1.98105420956552E-15,-6.93889390390738E-18));
#9706=DIRECTION('',(1.,-2.76187198204364E-16,0.));
#9707=DIRECTION('',(-6.93889390390738E-18,4.58612068007205E-32,1.));
#9708=DIRECTION('center_axis',(-6.93889390390738E-18,4.58612068007205E-32,
1.));
#9709=DIRECTION('ref_axis',(1.,2.49346483631559E-15,6.93889390390738E-18));
#9710=DIRECTION('center_axis',(0.,0.,-1.));
#9711=DIRECTION('ref_axis',(0.618433958418444,0.78583677635683,0.));
#9712=DIRECTION('',(-6.93889390390738E-18,4.58612068007205E-32,1.));
#9713=DIRECTION('center_axis',(-6.93889390390738E-18,4.58612068007205E-32,
1.));
#9714=DIRECTION('ref_axis',(-1.,-2.92563028909343E-15,-6.93889390390738E-18));
#9715=DIRECTION('center_axis',(0.,0.,1.));
#9716=DIRECTION('ref_axis',(1.88915215905584E-15,-1.,0.));
#9717=DIRECTION('',(-6.93889390390738E-18,4.58612068007205E-32,1.));
#9718=DIRECTION('center_axis',(-6.93889390390738E-18,4.58612068007205E-32,
1.));
#9719=DIRECTION('ref_axis',(0.785836776356829,0.618433958418445,5.45283801692861E-18));
#9720=DIRECTION('center_axis',(0.,0.,-1.));
#9721=DIRECTION('ref_axis',(8.54017711250122E-16,1.,0.));
#9722=DIRECTION('',(-6.93889390390738E-18,4.58612068007205E-32,1.));
#9723=DIRECTION('center_axis',(1.,1.75665211102447E-15,6.93889390390738E-18));
#9724=DIRECTION('ref_axis',(-1.75665211102447E-15,1.,-5.80504294251942E-32));
#9725=DIRECTION('',(1.38093599102182E-16,-1.,0.));
#9726=DIRECTION('',(-6.93889390390738E-18,4.58612068007205E-32,1.));
#9727=DIRECTION('center_axis',(-6.93889390390738E-18,4.58612068007205E-32,
1.));
#9728=DIRECTION('ref_axis',(2.32266129406556E-15,-1.,6.19779070949537E-32));
#9729=DIRECTION('center_axis',(0.,0.,-1.));
#9730=DIRECTION('ref_axis',(0.78583677635683,-0.618433958418444,0.));
#9731=DIRECTION('',(-6.93889390390738E-18,4.58612068007205E-32,1.));
#9732=DIRECTION('center_axis',(-6.93889390390738E-18,4.58612068007205E-32,
1.));
#9733=DIRECTION('ref_axis',(-1.98105420956552E-15,1.,-5.96075317787847E-32));
#9734=DIRECTION('center_axis',(0.,0.,1.));
#9735=DIRECTION('ref_axis',(-1.,-3.77830431811171E-15,0.));
#9736=DIRECTION('',(-6.93889390390738E-18,4.58612068007205E-32,1.));
#9737=DIRECTION('center_axis',(-6.93889390390738E-18,4.58612068007205E-32,
1.));
#9738=DIRECTION('ref_axis',(0.618433958418445,-0.785836776356829,4.2912476240391E-18));
#9739=DIRECTION('center_axis',(0.,0.,-1.));
#9740=DIRECTION('ref_axis',(1.,-2.04964250700029E-15,0.));
#9741=DIRECTION('center_axis',(-6.93889390390738E-18,4.58612068007205E-32,
1.));
#9742=DIRECTION('ref_axis',(1.,1.98105420956552E-15,6.93889390390738E-18));
#9743=DIRECTION('center_axis',(4.24957554540635E-32,-1.,2.77555756156289E-17));
#9744=DIRECTION('ref_axis',(-1.,-3.84490581150887E-32,1.45797637023103E-16));
#9745=DIRECTION('',(-2.22044604925031E-16,-2.77555756156289E-17,-1.));
#9746=DIRECTION('',(-1.,-4.24957554540635E-32,1.23259516440783E-32));
#9747=DIRECTION('',(-1.85037170770859E-16,-2.77555756156289E-17,-1.));
#9748=DIRECTION('center_axis',(1.,0.,-1.23259516440783E-32));
#9749=DIRECTION('ref_axis',(-1.23259516440783E-32,-2.77555756156289E-17,
-1.));
#9750=DIRECTION('',(6.66133814775106E-15,1.,1.68016836304329E-16));
#9751=DIRECTION('',(-1.85037170770859E-16,-2.77555756156289E-17,-1.));
#9752=DIRECTION('center_axis',(-4.24957554540635E-32,1.,-2.77555756156289E-17));
#9753=DIRECTION('ref_axis',(1.,3.84490581150887E-32,-1.45797637023103E-16));
#9754=DIRECTION('',(1.,4.24957554540635E-32,-1.23259516440783E-32));
#9755=DIRECTION('',(-1.23259516440783E-32,-2.77555756156289E-17,-1.));
#9756=DIRECTION('center_axis',(-1.23259516440783E-32,-2.77555756156289E-17,
-1.));
#9757=DIRECTION('ref_axis',(-1.,-4.24957554540635E-32,1.23259516440783E-32));
#9758=DIRECTION('center_axis',(-1.23259516440783E-32,-2.77555756156289E-17,
-1.));
#9759=DIRECTION('ref_axis',(-1.,-4.24957554540635E-32,1.23259516440783E-32));
#9760=DIRECTION('',(-1.23259516440783E-32,-2.77555756156289E-17,-1.));
#9761=DIRECTION('center_axis',(-2.22044604925031E-16,-2.77555756156289E-17,
-1.));
#9762=DIRECTION('ref_axis',(-1.,-3.63327796320243E-32,2.22044604925031E-16));
#9763=DIRECTION('',(-2.22044604925031E-16,-2.77555756156289E-17,-1.));
#9764=DIRECTION('center_axis',(-1.23259516440783E-32,-2.77555756156289E-17,
-1.));
#9765=DIRECTION('ref_axis',(-1.,-3.63327796320243E-32,2.22044604925031E-16));
#9766=DIRECTION('center_axis',(4.24957554540635E-32,-1.,2.77555756156289E-17));
#9767=DIRECTION('ref_axis',(-1.,-3.84490581150887E-32,1.45797637023103E-16));
#9768=DIRECTION('',(1.23259516440783E-32,2.77555756156289E-17,1.));
#9769=DIRECTION('',(-1.,-4.24957554540635E-32,1.23259516440783E-32));
#9770=DIRECTION('center_axis',(-4.24957554540635E-32,1.,-2.77555756156289E-17));
#9771=DIRECTION('ref_axis',(1.,3.84490581150887E-32,-1.45797637023103E-16));
#9772=DIRECTION('',(1.,4.24957554540635E-32,-1.23259516440783E-32));
#9773=DIRECTION('',(-1.23259516440783E-32,-2.77555756156289E-17,-1.));
#9774=DIRECTION('center_axis',(1.23259516440783E-32,2.77555756156289E-17,
1.));
#9775=DIRECTION('ref_axis',(1.,0.,-1.23259516440783E-32));
#9776=DIRECTION('',(-3.42113882891801E-49,1.,-2.77555756156289E-17));
#9777=DIRECTION('center_axis',(-1.,0.,1.23259516440783E-32));
#9778=DIRECTION('ref_axis',(1.23259516440783E-32,2.77555756156289E-17,1.));
#9779=DIRECTION('center_axis',(-9.65411325761006E-17,0.,-1.));
#9780=DIRECTION('ref_axis',(-1.,0.,9.65411325761006E-17));
#9781=DIRECTION('center_axis',(-1.83697019872103E-16,1.,0.));
#9782=DIRECTION('ref_axis',(1.,1.83697019872103E-16,-1.95772411919959E-16));
#9783=DIRECTION('',(0.,0.,-1.));
#9784=DIRECTION('',(1.,1.83697019872103E-16,0.));
#9785=DIRECTION('',(0.,0.,-1.));
#9786=DIRECTION('center_axis',(1.,0.,0.));
#9787=DIRECTION('ref_axis',(0.,-1.,0.));
#9788=DIRECTION('',(0.,1.,0.));
#9789=DIRECTION('',(0.,0.,1.));
#9790=DIRECTION('center_axis',(1.22464679914735E-16,-1.,0.));
#9791=DIRECTION('ref_axis',(-1.,-1.22464679914735E-16,-1.45797637023103E-16));
#9792=DIRECTION('',(-1.,-1.22464679914735E-16,0.));
#9793=DIRECTION('',(0.,0.,-1.));
#9794=DIRECTION('center_axis',(0.,0.,-1.));
#9795=DIRECTION('ref_axis',(1.,1.22464679914735E-16,0.));
#9796=DIRECTION('center_axis',(0.,0.,-1.));
#9797=DIRECTION('ref_axis',(1.,1.22464679914735E-16,0.));
#9798=DIRECTION('',(0.,0.,-1.));
#9799=DIRECTION('center_axis',(-1.,-1.22464679914735E-16,0.));
#9800=DIRECTION('ref_axis',(-1.22464679914735E-16,1.,-1.95772411919959E-16));
#9801=DIRECTION('',(-1.22464679914735E-16,1.,0.));
#9802=DIRECTION('',(0.,0.,-1.));
#9803=DIRECTION('center_axis',(0.,1.,0.));
#9804=DIRECTION('ref_axis',(1.,0.,0.));
#9805=DIRECTION('',(-1.,0.,0.));
#9806=DIRECTION('',(0.,0.,1.));
#9807=DIRECTION('center_axis',(1.,6.12323399573677E-17,0.));
#9808=DIRECTION('ref_axis',(6.12323399573677E-17,-1.,-1.45797637023103E-16));
#9809=DIRECTION('',(6.12323399573677E-17,-1.,0.));
#9810=DIRECTION('',(0.,0.,-1.));
#9811=DIRECTION('center_axis',(0.,0.,-1.));
#9812=DIRECTION('ref_axis',(-6.12323399573677E-17,1.,0.));
#9813=DIRECTION('center_axis',(0.,0.,-1.));
#9814=DIRECTION('ref_axis',(-6.12323399573677E-17,1.,0.));
#9815=DIRECTION('',(0.,0.,-1.));
#9816=DIRECTION('center_axis',(-1.,-1.83697019872103E-16,0.));
#9817=DIRECTION('ref_axis',(-1.83697019872103E-16,1.,-1.45797637023103E-16));
#9818=DIRECTION('',(0.,0.,1.));
#9819=DIRECTION('',(-1.83697019872103E-16,1.,0.));
#9820=DIRECTION('',(0.,0.,-1.));
#9821=DIRECTION('center_axis',(0.,0.,-1.));
#9822=DIRECTION('ref_axis',(1.83697019872103E-16,-1.,0.));
#9823=DIRECTION('center_axis',(0.,0.,-1.));
#9824=DIRECTION('ref_axis',(1.83697019872103E-16,-1.,0.));
#9825=DIRECTION('center_axis',(6.12323399573677E-17,-1.,0.));
#9826=DIRECTION('ref_axis',(-1.,-6.12323399573677E-17,-1.95772411919959E-16));
#9827=DIRECTION('',(-1.,-6.12323399573677E-17,0.));
#9828=DIRECTION('',(0.,0.,-1.));
#9829=DIRECTION('center_axis',(0.,0.,1.));
#9830=DIRECTION('ref_axis',(1.,0.,0.));
#9831=DIRECTION('',(1.,0.,0.));
#9832=DIRECTION('',(1.39526004018199E-32,-1.,0.));
#9833=DIRECTION('center_axis',(0.,0.,-1.));
#9834=DIRECTION('ref_axis',(-1.,-4.24957554540635E-32,0.));
#9835=DIRECTION('',(1.,4.24957554540635E-32,0.));
#9836=DIRECTION('',(0.,-1.,0.));
#9837=DIRECTION('center_axis',(-1.,0.,0.));
#9838=DIRECTION('ref_axis',(0.,1.,0.));
#9839=DIRECTION('',(0.,0.,1.));
#9840=DIRECTION('center_axis',(0.,-1.,0.));
#9841=DIRECTION('ref_axis',(-1.,0.,0.));
#9842=DIRECTION('',(0.,0.,-1.));
#9843=DIRECTION('center_axis',(-4.24957554540635E-32,1.,0.));
#9844=DIRECTION('ref_axis',(1.,4.24957554540635E-32,-1.45797637023103E-16));
#9845=DIRECTION('',(0.,0.,-1.));
#9846=DIRECTION('center_axis',(1.,1.39526004018199E-32,0.));
#9847=DIRECTION('ref_axis',(1.39526004018199E-32,-1.,-1.95772411919959E-16));
#9848=DIRECTION('',(0.,0.,-1.));
#9849=DIRECTION('center_axis',(0.,0.,-1.));
#9850=DIRECTION('ref_axis',(-1.,-4.24957554540635E-32,0.));
#9851=DIRECTION('center_axis',(0.948683298050513,9.15869600498269E-17,-0.31622776601684));
#9852=DIRECTION('ref_axis',(-0.31622776601684,-3.32959135813378E-9,-0.948683298050513));
#9853=DIRECTION('',(-0.314485451016577,-0.10482848367219,-0.943456353049726));
#9854=DIRECTION('',(-9.65411325761006E-17,1.,5.91143944976909E-33));
#9855=DIRECTION('',(-0.31622776601684,-3.32959135813378E-9,-0.948683298050513));
#9856=DIRECTION('',(9.65411325761006E-17,-1.,3.24794509725384E-33));
#9857=DIRECTION('',(0.301511344577765,0.301511344577765,0.90453403373329));
#9858=DIRECTION('center_axis',(-1.30313692195231E-16,0.948683298050513,
-0.316227766016839));
#9859=DIRECTION('ref_axis',(3.32959124195358E-9,-0.316227766016839,-0.948683298050513));
#9860=DIRECTION('',(-0.688247201611696,-0.22941573387056,-0.688247201611676));
#9861=DIRECTION('',(1.,1.48577066533792E-16,3.36431219583381E-17));
#9862=DIRECTION('center_axis',(-1.22464679914735E-16,-5.91143944976909E-33,
-1.));
#9863=DIRECTION('ref_axis',(1.,9.65411325761006E-17,-1.22464679914735E-16));
#9864=DIRECTION('',(2.95571972488455E-33,-1.,5.91143944976909E-33));
#9865=DIRECTION('',(-1.,-6.98042440763729E-16,1.22464679914735E-16));
#9866=DIRECTION('',(-9.65411325761006E-17,1.,5.91143944976909E-33));
#9867=DIRECTION('center_axis',(-1.22464679914735E-16,-5.91143944976909E-33,
-1.));
#9868=DIRECTION('ref_axis',(4.16735888953502E-15,-1.,-5.04442833046964E-31));
#9869=DIRECTION('',(-1.,-8.16985787709514E-17,1.22464679914735E-16));
#9870=DIRECTION('',(-1.1138368638125E-16,1.,7.72912805063392E-33));
#9871=DIRECTION('',(1.,9.65411325761006E-17,-1.22464679914735E-16));
#9872=DIRECTION('center_axis',(1.22464679914735E-16,5.91143944976909E-33,
1.));
#9873=DIRECTION('ref_axis',(2.12390491667421E-15,1.,-2.66014775239609E-31));
#9874=DIRECTION('',(9.65411325761006E-17,-1.,-5.91143944976909E-33));
#9875=DIRECTION('',(1.,9.65411325761006E-17,-1.22464679914735E-16));
#9876=DIRECTION('',(2.95571972488455E-33,-1.,5.91143944976909E-33));
#9877=DIRECTION('',(0.948683298050513,-0.316227766016841,-1.16180196436211E-16));
#9878=DIRECTION('',(9.65411325761006E-17,-1.,-5.91143944976909E-33));
#9879=DIRECTION('center_axis',(1.22464679914735E-16,5.91143944976909E-33,
1.));
#9880=DIRECTION('ref_axis',(1.43001552628349E-15,1.,-1.81037833149178E-31));
#9881=DIRECTION('',(-1.,-9.65411325761006E-17,1.22464679914735E-16));
#9882=DIRECTION('',(9.65411325761006E-17,-1.,-5.91143944976909E-33));
#9883=DIRECTION('',(1.,9.65411325761006E-17,-1.22464679914735E-16));
#9884=DIRECTION('center_axis',(-1.22464679914735E-16,-5.91143944976909E-33,
-1.));
#9885=DIRECTION('ref_axis',(-4.5857037973648E-16,-1.,6.20701142225757E-32));
#9886=DIRECTION('',(-0.948683298050516,-0.316227766016831,1.16180196436212E-16));
#9887=DIRECTION('center_axis',(5.28602279044231E-17,-0.948683298050514,
-0.316227766016838));
#9888=DIRECTION('ref_axis',(3.32959135813376E-9,-0.316227766016838,0.948683298050514));
#9889=DIRECTION('',(0.688247201611681,-0.229415733870563,0.688247201611689));
#9890=DIRECTION('',(-1.,-4.45051986184094E-17,-3.36431219583381E-17));
#9891=DIRECTION('',(0.301511344577763,0.301511344577764,-0.904534033733291));
#9892=DIRECTION('center_axis',(-0.948683298050514,-9.1586960049827E-17,
-0.316227766016838));
#9893=DIRECTION('ref_axis',(-0.316227766016838,-3.32959124195356E-9,0.948683298050514));
#9894=DIRECTION('',(-0.316227766016838,-3.32959124195356E-9,0.948683298050514));
#9895=DIRECTION('',(-9.65411325761006E-17,1.,-3.24794509725384E-33));
#9896=DIRECTION('center_axis',(-1.22464679914735E-16,-5.91143944976909E-33,
-1.));
#9897=DIRECTION('ref_axis',(2.07563435038616E-16,-1.,-1.9507750184238E-32));
#9898=DIRECTION('',(-3.2254739166617E-17,-0.316227766016839,-0.948683298050513));
#9899=DIRECTION('center_axis',(-3.36431219583381E-17,0.,1.));
#9900=DIRECTION('ref_axis',(2.07563435038616E-16,-1.,-1.9507750184238E-32));
#9901=DIRECTION('center_axis',(1.22464679914735E-16,5.91143944976909E-33,
1.));
#9902=DIRECTION('ref_axis',(2.07563435038616E-16,-1.,-1.9507750184238E-32));
#9903=DIRECTION('',(8.39254572695945E-17,-0.316227766016838,0.948683298050514));
#9904=DIRECTION('center_axis',(3.36431219583381E-17,0.,-1.));
#9905=DIRECTION('ref_axis',(2.07563435038616E-16,-1.,-1.9507750184238E-32));
#9906=DIRECTION('center_axis',(5.28602279044231E-17,-0.948683298050514,
-0.316227766016838));
#9907=DIRECTION('ref_axis',(8.39254572695945E-17,-0.316227766016838,0.948683298050514));
#9908=DIRECTION('',(-1.,-4.45051986184094E-17,-3.36431219583381E-17));
#9909=DIRECTION('',(0.301511344577763,0.301511344577764,-0.904534033733291));
#9910=DIRECTION('center_axis',(-1.30313692195231E-16,0.948683298050513,
-0.316227766016839));
#9911=DIRECTION('ref_axis',(-3.2254739166617E-17,-0.316227766016839,-0.948683298050513));
#9912=DIRECTION('',(1.,1.48577066533792E-16,3.36431219583381E-17));
#9913=DIRECTION('',(0.301511344577765,0.301511344577765,0.90453403373329));
#9914=DIRECTION('center_axis',(-1.30313692195231E-16,0.948683298050514,
-0.316227766016838));
#9915=DIRECTION('ref_axis',(3.32959074065692E-9,-0.316227766016838,-0.948683298050514));
#9916=DIRECTION('',(-0.688247201611694,-0.229415733870559,-0.688247201611678));
#9917=DIRECTION('',(-0.301511344577764,0.301511344577764,0.904534033733291));
#9918=DIRECTION('',(1.,1.48577066533792E-16,3.36431219583381E-17));
#9919=DIRECTION('center_axis',(5.28602279044229E-17,-0.948683298050513,
-0.316227766016839));
#9920=DIRECTION('ref_axis',(3.32959108919752E-9,-0.316227766016839,0.948683298050513));
#9921=DIRECTION('',(0.688247201611683,-0.229415733870564,0.688247201611687));
#9922=DIRECTION('',(-1.,-4.45051986184091E-17,-3.36431219583381E-17));
#9923=DIRECTION('',(-0.301511344577765,0.301511344577765,-0.90453403373329));
#9924=DIRECTION('center_axis',(0.948683298050513,9.15869600498269E-17,-0.31622776601684));
#9925=DIRECTION('ref_axis',(0.31622776601684,3.32959097301733E-9,0.948683298050513));
#9926=DIRECTION('',(0.314485451016577,-0.104828483672194,0.943456353049726));
#9927=DIRECTION('',(9.65411325761006E-17,-1.,3.24794509725384E-33));
#9928=DIRECTION('',(0.31622776601684,3.32959097301733E-9,0.948683298050513));
#9929=DIRECTION('center_axis',(-0.948683298050514,-9.1586960049827E-17,
-0.316227766016838));
#9930=DIRECTION('ref_axis',(0.316227766016838,3.32959085683711E-9,-0.948683298050514));
#9931=DIRECTION('',(0.316227766016838,3.32959085683711E-9,-0.948683298050514));
#9932=DIRECTION('',(-9.65411325761006E-17,1.,-3.24794509725384E-33));
#9933=DIRECTION('center_axis',(-1.22464679914735E-16,-5.91143944976909E-33,
-1.));
#9934=DIRECTION('ref_axis',(-9.65411325761006E-17,1.,5.91143944976909E-33));
#9935=DIRECTION('',(2.04799281337593E-16,-0.316227766016839,0.948683298050513));
#9936=DIRECTION('center_axis',(-3.36431219583381E-17,0.,1.));
#9937=DIRECTION('ref_axis',(-9.65411325761005E-17,1.,5.91143944976909E-33));
#9938=DIRECTION('center_axis',(1.22464679914735E-16,5.91143944976909E-33,
1.));
#9939=DIRECTION('ref_axis',(-9.65411325761006E-17,1.,5.91143944976909E-33));
#9940=DIRECTION('',(-1.43741307971042E-16,-0.316227766016838,-0.948683298050514));
#9941=DIRECTION('center_axis',(3.36431219583381E-17,0.,-1.));
#9942=DIRECTION('ref_axis',(-9.65411325761006E-17,1.,5.91143944976909E-33));
#9943=DIRECTION('center_axis',(-1.30313692195231E-16,0.948683298050514,
-0.316227766016838));
#9944=DIRECTION('ref_axis',(-1.43741307971042E-16,-0.316227766016838,-0.948683298050514));
#9945=DIRECTION('',(1.,1.48577066533792E-16,3.36431219583381E-17));
#9946=DIRECTION('',(-0.301511344577764,0.301511344577764,0.904534033733291));
#9947=DIRECTION('center_axis',(5.28602279044229E-17,-0.948683298050513,
-0.316227766016839));
#9948=DIRECTION('ref_axis',(2.04799281337593E-16,-0.316227766016839,0.948683298050513));
#9949=DIRECTION('',(-1.,-4.45051986184091E-17,-3.36431219583381E-17));
#9950=DIRECTION('',(-0.301511344577765,0.301511344577765,-0.90453403373329));
#9951=DIRECTION('center_axis',(0.948683298050513,9.15869600498269E-17,-0.31622776601684));
#9952=DIRECTION('ref_axis',(0.31622776601684,8.86190849013816E-17,0.948683298050513));
#9953=DIRECTION('',(9.65411325761006E-17,-1.,3.24794509725384E-33));
#9954=DIRECTION('center_axis',(-0.948683298050514,-9.1586960049827E-17,
-0.316227766016838));
#9955=DIRECTION('ref_axis',(0.316227766016838,-2.75611115348302E-17,-0.948683298050514));
#9956=DIRECTION('',(-9.65411325761006E-17,1.,-3.24794509725384E-33));
#9957=DIRECTION('center_axis',(1.,2.95571972488455E-33,0.));
#9958=DIRECTION('ref_axis',(2.95571972488455E-33,-1.,-4.82705662880503E-17));
#9959=DIRECTION('',(0.,0.,-1.));
#9960=DIRECTION('',(2.95571972488455E-33,-1.,-4.82705662880503E-17));
#9961=DIRECTION('',(0.,0.,-1.));
#9962=DIRECTION('center_axis',(0.316227766016831,-0.948683298050516,0.));
#9963=DIRECTION('ref_axis',(-0.948683298050516,-0.316227766016831,-1.52644933416375E-17));
#9964=DIRECTION('',(0.,0.,-1.));
#9965=DIRECTION('',(-0.948683298050516,-0.316227766016831,-1.52644933416375E-17));
#9966=DIRECTION('center_axis',(3.36431219583381E-17,0.,-1.));
#9967=DIRECTION('ref_axis',(-1.,0.,-3.36431219583381E-17));
#9968=DIRECTION('',(0.,1.,0.));
#9969=DIRECTION('',(-1.,0.,-3.36431219583381E-17));
#9970=DIRECTION('',(0.,1.,0.));
#9971=DIRECTION('center_axis',(0.,0.,1.));
#9972=DIRECTION('ref_axis',(-1.,0.,0.));
#9973=DIRECTION('',(-1.,0.,0.));
#9974=DIRECTION('',(0.,1.,0.));
#9975=DIRECTION('',(-1.,0.,0.));
#9976=DIRECTION('center_axis',(0.,0.,1.));
#9977=DIRECTION('ref_axis',(-1.,0.,0.));
#9978=DIRECTION('',(0.,-1.,0.));
#9979=DIRECTION('',(1.,0.,3.36431219583381E-17));
#9980=DIRECTION('',(0.,1.,0.));
#9981=DIRECTION('center_axis',(0.,0.948683298050514,0.316227766016838));
#9982=DIRECTION('ref_axis',(-3.32959121142458E-9,-0.316227766016838,0.948683298050514));
#9983=DIRECTION('',(0.688247201611681,0.229415733870563,-0.688247201611689));
#9984=DIRECTION('',(1.,-6.01501308187628E-16,0.));
#9985=DIRECTION('',(-0.301511344577764,0.301511344577764,-0.904534033733291));
#9986=DIRECTION('center_axis',(0.948683298050513,0.,0.316227766016839));
#9987=DIRECTION('ref_axis',(-0.316227766016839,3.32959094248834E-9,0.948683298050513));
#9988=DIRECTION('',(0.314485451016577,0.104828483672194,-0.943456353049726));
#9989=DIRECTION('',(0.,-1.,0.));
#9990=DIRECTION('',(-0.316227766016839,3.32959094248834E-9,0.948683298050513));
#9991=DIRECTION('',(0.,1.,0.));
#9992=DIRECTION('',(0.301511344577765,0.301511344577765,-0.90453403373329));
#9993=DIRECTION('center_axis',(0.,0.948683298050513,0.316227766016839));
#9994=DIRECTION('ref_axis',(-3.32959094248834E-9,-0.316227766016839,0.948683298050513));
#9995=DIRECTION('',(0.688247201611683,0.229415733870564,-0.688247201611687));
#9996=DIRECTION('',(-1.,1.12143739861127E-17,-3.36431219583381E-17));
#9997=DIRECTION('center_axis',(0.,-0.948683298050513,0.316227766016839));
#9998=DIRECTION('ref_axis',(-3.32959132760479E-9,-0.316227766016839,-0.948683298050513));
#9999=DIRECTION('',(-0.688247201611696,0.22941573387056,0.688247201611676));
#10000=DIRECTION('',(1.,1.12143739861127E-17,3.36431219583381E-17));
#10001=DIRECTION('',(-0.301511344577765,0.301511344577765,0.90453403373329));
#10002=DIRECTION('center_axis',(0.948683298050513,0.,0.316227766016839));
#10003=DIRECTION('ref_axis',(0.316227766016839,-3.32959132760479E-9,-0.948683298050513));
#10004=DIRECTION('',(-0.314485451016577,0.10482848367219,0.943456353049726));
#10005=DIRECTION('',(0.,1.,0.));
#10006=DIRECTION('',(0.316227766016839,-3.32959132760479E-9,-0.948683298050513));
#10007=DIRECTION('',(0.,1.,0.));
#10008=DIRECTION('center_axis',(-0.948683298050514,0.,0.316227766016838));
#10009=DIRECTION('ref_axis',(0.316227766016838,-3.32959121142458E-9,0.948683298050514));
#10010=DIRECTION('',(0.316227766016838,-3.32959121142458E-9,0.948683298050514));
#10011=DIRECTION('',(0.,1.,0.));
#10012=DIRECTION('center_axis',(0.,0.,-1.));
#10013=DIRECTION('ref_axis',(-1.11022302462516E-16,-1.,0.));
#10014=DIRECTION('',(-5.33964705863187E-17,-0.316227766016839,-0.948683298050513));
#10015=DIRECTION('center_axis',(0.,0.,1.));
#10016=DIRECTION('ref_axis',(5.5511151231258E-16,-1.,0.));
#10017=DIRECTION('center_axis',(-3.36431219583381E-17,0.,1.));
#10018=DIRECTION('ref_axis',(-1.11022302462516E-16,-1.,0.));
#10019=DIRECTION('center_axis',(0.,0.,1.));
#10020=DIRECTION('ref_axis',(-1.11022302462516E-16,-1.,0.));
#10021=DIRECTION('',(6.27837258498928E-17,-0.316227766016838,0.948683298050514));
#10022=DIRECTION('center_axis',(0.,0.,1.));
#10023=DIRECTION('ref_axis',(-4.07081775695892E-15,-1.,0.));
#10024=DIRECTION('center_axis',(0.,0.948683298050514,0.316227766016838));
#10025=DIRECTION('ref_axis',(6.27837258498928E-17,-0.316227766016838,0.948683298050514));
#10026=DIRECTION('',(1.,1.48425538051491E-17,0.));
#10027=DIRECTION('',(-0.301511344577764,0.301511344577764,-0.904534033733291));
#10028=DIRECTION('center_axis',(0.,-0.948683298050513,0.316227766016839));
#10029=DIRECTION('ref_axis',(-5.33964705863187E-17,-0.316227766016839,-0.948683298050513));
#10030=DIRECTION('',(1.,1.12143739861127E-17,3.36431219583381E-17));
#10031=DIRECTION('',(-0.301511344577765,0.301511344577765,0.90453403373329));
#10032=DIRECTION('',(-1.,0.,0.));
#10033=DIRECTION('center_axis',(0.,-0.948683298050514,0.316227766016838));
#10034=DIRECTION('ref_axis',(-3.32959082630813E-9,-0.316227766016838,-0.948683298050514));
#10035=DIRECTION('',(-0.688247201611694,0.229415733870559,0.688247201611678));
#10036=DIRECTION('',(0.301511344577764,0.301511344577764,0.904534033733291));
#10037=DIRECTION('',(-1.,0.,0.));
#10038=DIRECTION('center_axis',(-0.948683298050514,0.,0.316227766016838));
#10039=DIRECTION('ref_axis',(-0.316227766016838,3.32959082630813E-9,-0.948683298050514));
#10040=DIRECTION('',(-0.316227766016838,3.32959082630813E-9,-0.948683298050514));
#10041=DIRECTION('',(0.,-1.,0.));
#10042=DIRECTION('center_axis',(0.,0.,-1.));
#10043=DIRECTION('ref_axis',(0.,1.,0.));
#10044=DIRECTION('',(-5.80900982181058E-17,-0.316227766016839,0.948683298050513));
#10045=DIRECTION('center_axis',(-3.36431219583381E-17,0.,1.));
#10046=DIRECTION('ref_axis',(0.,1.,0.));
#10047=DIRECTION('center_axis',(0.,0.,-1.));
#10048=DIRECTION('ref_axis',(-1.52655665885959E-15,1.,0.));
#10049=DIRECTION('center_axis',(0.,0.,1.));
#10050=DIRECTION('ref_axis',(0.,1.,0.));
#10051=DIRECTION('',(5.80900982181058E-17,-0.316227766016838,-0.948683298050514));
#10052=DIRECTION('center_axis',(0.,0.,-1.));
#10053=DIRECTION('ref_axis',(-2.22044604925031E-15,1.,0.));
#10054=DIRECTION('center_axis',(0.,-0.948683298050514,0.316227766016838));
#10055=DIRECTION('ref_axis',(5.80900982181058E-17,-0.316227766016838,-0.948683298050514));
#10056=DIRECTION('',(0.301511344577764,0.301511344577764,0.904534033733291));
#10057=DIRECTION('',(-1.,0.,0.));
#10058=DIRECTION('center_axis',(0.,0.948683298050513,0.316227766016839));
#10059=DIRECTION('ref_axis',(-5.80900982181058E-17,-0.316227766016839,0.948683298050513));
#10060=DIRECTION('',(1.,0.,0.));
#10061=DIRECTION('',(0.301511344577765,0.301511344577765,-0.90453403373329));
#10062=DIRECTION('',(-1.,1.12143739861127E-17,-3.36431219583381E-17));
#10063=DIRECTION('center_axis',(0.,0.,1.));
#10064=DIRECTION('ref_axis',(-1.,0.,0.));
#10065=DIRECTION('',(-1.36739385458222E-32,1.,0.));
#10066=DIRECTION('',(-0.948683298050516,0.316227766016831,0.));
#10067=DIRECTION('',(0.,-1.,0.));
#10068=DIRECTION('',(0.948683298050513,0.316227766016841,0.));
#10069=DIRECTION('',(1.21128858826959E-33,1.,0.));
#10070=DIRECTION('',(1.48425538051491E-17,1.,0.));
#10071=DIRECTION('center_axis',(0.948683298050513,0.,0.316227766016839));
#10072=DIRECTION('ref_axis',(-0.316227766016839,5.80900982181058E-17,0.948683298050513));
#10073=DIRECTION('',(0.,1.,0.));
#10074=DIRECTION('center_axis',(-0.948683298050514,0.,0.316227766016838));
#10075=DIRECTION('ref_axis',(-0.316227766016838,-5.80900982181058E-17,-0.948683298050514));
#10076=DIRECTION('center_axis',(-0.316227766016841,0.948683298050513,0.));
#10077=DIRECTION('ref_axis',(0.948683298050513,0.316227766016841,-3.42094697892451E-16));
#10078=DIRECTION('',(0.,0.,-1.));
#10079=DIRECTION('',(0.948683298050513,0.316227766016841,-3.42094697892451E-16));
#10080=DIRECTION('',(0.,0.,-1.));
#10081=DIRECTION('center_axis',(3.36431219583381E-17,0.,-1.));
#10082=DIRECTION('ref_axis',(-1.,0.,-3.36431219583381E-17));
#10083=DIRECTION('',(0.,1.,0.));
#10084=DIRECTION('',(1.,0.,3.36431219583381E-17));
#10085=DIRECTION('',(0.,-1.,0.));
#10086=DIRECTION('center_axis',(0.,0.,1.));
#10087=DIRECTION('ref_axis',(-1.,0.,0.));
#10088=DIRECTION('',(1.,0.,0.));
#10089=DIRECTION('',(0.,1.,0.));
#10090=DIRECTION('',(1.,0.,0.));
#10091=DIRECTION('center_axis',(0.,0.,1.));
#10092=DIRECTION('ref_axis',(-1.,0.,0.));
#10093=DIRECTION('',(0.,1.,0.));
#10094=DIRECTION('',(-1.,0.,-3.36431219583381E-17));
#10095=DIRECTION('',(0.,1.,0.));
#10096=DIRECTION('center_axis',(-1.,1.21128858826959E-33,-1.58603289232165E-16));
#10097=DIRECTION('ref_axis',(-8.86715917465364E-33,-1.,4.82705662880503E-17));
#10098=DIRECTION('',(-1.58603289232165E-16,0.,1.));
#10099=DIRECTION('',(-8.86715917465364E-33,-1.,4.82705662880503E-17));
#10100=DIRECTION('',(-1.58603289232165E-16,0.,1.));
#10101=DIRECTION('center_axis',(-0.316227766016841,0.948683298050513,-5.01547638368106E-17));
#10102=DIRECTION('ref_axis',(-0.948683298050513,-0.316227766016841,-1.00915703094574E-16));
#10103=DIRECTION('',(0.,-5.2867763077389E-17,-1.));
#10104=DIRECTION('',(-0.948683298050513,-0.316227766016841,-1.00915703094574E-16));
#10105=DIRECTION('center_axis',(0.316227766016841,0.948683298050513,0.));
#10106=DIRECTION('ref_axis',(0.948683298050513,-0.316227766016841,-1.5264493341638E-17));
#10107=DIRECTION('',(0.948683298050513,-0.316227766016841,-1.5264493341638E-17));
#10108=DIRECTION('',(0.,0.,1.));
#10109=DIRECTION('center_axis',(0.,-1.,0.));
#10110=DIRECTION('ref_axis',(0.,0.,1.));
#10111=DIRECTION('',(7.33545915597437E-17,-0.316227766016841,0.948683298050513));
#10112=DIRECTION('center_axis',(0.,-1.,0.));
#10113=DIRECTION('ref_axis',(0.,0.,1.));
#10114=DIRECTION('center_axis',(0.,1.,0.));
#10115=DIRECTION('ref_axis',(-1.54465812121761E-15,0.,1.));
#10116=DIRECTION('center_axis',(0.,1.,0.));
#10117=DIRECTION('ref_axis',(0.,0.,1.));
#10118=DIRECTION('',(-4.28256048764684E-17,-0.316227766016831,-0.948683298050516));
#10119=DIRECTION('center_axis',(0.,1.,0.));
#10120=DIRECTION('ref_axis',(-1.54465812121761E-15,0.,1.));
#10121=DIRECTION('center_axis',(0.,1.,0.));
#10122=DIRECTION('ref_axis',(0.,0.,1.));
#10123=DIRECTION('center_axis',(0.,1.,0.));
#10124=DIRECTION('ref_axis',(0.,0.,1.));
#10125=DIRECTION('',(4.82705662880503E-17,-1.,-1.21603664681615E-65));
#10126=DIRECTION('center_axis',(-0.316227766016831,-0.948683298050516,0.));
#10127=DIRECTION('ref_axis',(-0.948683298050516,0.316227766016831,3.11565711209177E-16));
#10128=DIRECTION('',(0.,0.,-1.));
#10129=DIRECTION('',(-0.948683298050516,0.316227766016831,3.11565711209177E-16));
#10130=DIRECTION('',(0.,0.,1.));
#10131=DIRECTION('center_axis',(-1.,-1.36739385458222E-32,0.));
#10132=DIRECTION('ref_axis',(-1.36739385458222E-32,1.,-4.82705662880503E-17));
#10133=DIRECTION('',(-1.36739385458222E-32,1.,-4.82705662880503E-17));
#10134=DIRECTION('center_axis',(0.,1.,0.));
#10135=DIRECTION('ref_axis',(0.,0.,1.));
#10136=DIRECTION('',(4.28256048764684E-17,0.316227766016831,0.948683298050516));
#10137=DIRECTION('center_axis',(0.,1.,0.));
#10138=DIRECTION('ref_axis',(-1.,0.,0.));
#10139=DIRECTION('center_axis',(0.,-1.,0.));
#10140=DIRECTION('ref_axis',(0.,0.,1.));
#10141=DIRECTION('center_axis',(0.,-1.,0.));
#10142=DIRECTION('ref_axis',(0.,0.,1.));
#10143=DIRECTION('',(-7.33545915597437E-17,0.316227766016841,-0.948683298050513));
#10144=DIRECTION('center_axis',(0.,-1.,0.));
#10145=DIRECTION('ref_axis',(0.,0.,1.));
#10146=DIRECTION('center_axis',(0.,-1.,0.));
#10147=DIRECTION('ref_axis',(-1.,0.,0.));
#10148=DIRECTION('center_axis',(0.,-1.,0.));
#10149=DIRECTION('ref_axis',(0.,0.,1.));
#10150=DIRECTION('',(-4.82705662880503E-17,1.,1.21603664681615E-65));
#10151=DIRECTION('center_axis',(0.,-0.948683298050516,0.316227766016831));
#10152=DIRECTION('ref_axis',(4.28256048764684E-17,0.316227766016831,0.948683298050516));
#10153=DIRECTION('',(1.,0.,0.));
#10154=DIRECTION('',(1.,0.,0.));
#10155=DIRECTION('center_axis',(0.,0.948683298050513,0.316227766016841));
#10156=DIRECTION('ref_axis',(-7.33545915597437E-17,0.316227766016841,-0.948683298050513));
#10157=DIRECTION('',(-1.,0.,0.));
#10158=DIRECTION('',(-1.,0.,0.));
#10159=DIRECTION('center_axis',(0.,-1.21603664681615E-65,1.));
#10160=DIRECTION('ref_axis',(-4.82705662880503E-17,1.,1.21603664681615E-65));
#10161=DIRECTION('center_axis',(-1.,0.,0.));
#10162=DIRECTION('ref_axis',(0.,0.,1.));
#10163=DIRECTION('',(0.,0.,-1.));
#10164=DIRECTION('',(0.,1.,0.));
#10165=DIRECTION('center_axis',(-1.,0.,0.));
#10166=DIRECTION('ref_axis',(0.,0.,1.));
#10167=DIRECTION('',(0.,1.,0.));
#10168=DIRECTION('',(0.,1.,0.));
#10169=DIRECTION('center_axis',(0.,1.,0.));
#10170=DIRECTION('ref_axis',(0.,0.,1.));
#10171=DIRECTION('center_axis',(0.,1.,0.));
#10172=DIRECTION('ref_axis',(0.,0.,1.));
#10173=DIRECTION('',(0.,1.,0.));
#10174=DIRECTION('center_axis',(0.,1.,0.));
#10175=DIRECTION('ref_axis',(0.,0.,1.));
#10176=DIRECTION('',(0.,1.,0.));
#10177=DIRECTION('center_axis',(0.,0.,-1.));
#10178=DIRECTION('ref_axis',(-1.,0.,0.));
#10179=DIRECTION('',(1.,0.,0.));
#10180=DIRECTION('',(0.,1.,0.));
#10181=DIRECTION('center_axis',(0.,0.,-1.));
#10182=DIRECTION('ref_axis',(-1.,0.,0.));
#10183=DIRECTION('',(0.,1.,0.));
#10184=DIRECTION('center_axis',(0.,1.,0.));
#10185=DIRECTION('ref_axis',(-1.,0.,0.));
#10186=DIRECTION('center_axis',(0.,1.,0.));
#10187=DIRECTION('ref_axis',(-1.,0.,0.));
#10188=DIRECTION('',(0.,1.,0.));
#10189=DIRECTION('center_axis',(0.,1.,0.));
#10190=DIRECTION('ref_axis',(-1.,0.,0.));
#10191=DIRECTION('',(0.,1.,0.));
#10192=DIRECTION('center_axis',(1.,0.,0.));
#10193=DIRECTION('ref_axis',(0.,0.,-1.));
#10194=DIRECTION('',(0.,0.,1.));
#10195=DIRECTION('center_axis',(1.,0.,0.));
#10196=DIRECTION('ref_axis',(0.,0.,-1.));
#10197=DIRECTION('center_axis',(-0.316227766016831,-0.948683298050516,-5.0154763836809E-17));
#10198=DIRECTION('ref_axis',(0.948683298050516,-0.316227766016831,1.31444689777849E-16));
#10199=DIRECTION('',(0.948683298050516,-0.316227766016831,1.31444689777849E-16));
#10200=DIRECTION('',(0.,-5.28677630773872E-17,1.));
#10201=DIRECTION('center_axis',(0.316227766016831,-0.948683298050516,0.));
#10202=DIRECTION('ref_axis',(-0.948683298050516,-0.316227766016831,-1.52644933416375E-17));
#10203=DIRECTION('',(0.,0.,-1.));
#10204=DIRECTION('',(-0.948683298050516,-0.316227766016831,-1.52644933416375E-17));
#10205=DIRECTION('',(0.,0.,-1.));
#10206=DIRECTION('center_axis',(1.,2.95571972488455E-33,0.));
#10207=DIRECTION('ref_axis',(2.95571972488455E-33,-1.,-4.82705662880503E-17));
#10208=DIRECTION('',(2.95571972488455E-33,-1.,-4.82705662880503E-17));
#10209=DIRECTION('',(0.,0.,-1.));
#10210=DIRECTION('center_axis',(0.,-1.,0.));
#10211=DIRECTION('ref_axis',(-1.,0.,0.));
#10212=DIRECTION('center_axis',(0.,-1.,0.));
#10213=DIRECTION('ref_axis',(-1.,0.,0.));
#10214=DIRECTION('',(-1.59005801312679E-16,-0.316227766016841,0.948683298050513));
#10215=DIRECTION('center_axis',(1.1653545579604E-16,1.,-1.1653545579604E-16));
#10216=DIRECTION('ref_axis',(-1.,1.20676415720125E-16,-2.1239049166742E-15));
#10217=DIRECTION('center_axis',(0.,1.,0.));
#10218=DIRECTION('ref_axis',(-1.,0.,0.));
#10219=DIRECTION('center_axis',(5.826772789802E-17,1.,-5.82677278980198E-17));
#10220=DIRECTION('ref_axis',(-1.,6.03382078600626E-17,-2.1239049166742E-15));
#10221=DIRECTION('',(1.89534787995955E-16,-0.316227766016831,-0.948683298050516));
#10222=DIRECTION('center_axis',(0.,1.,0.));
#10223=DIRECTION('ref_axis',(-1.,0.,0.));
#10224=DIRECTION('center_axis',(0.,1.,0.));
#10225=DIRECTION('ref_axis',(-1.,0.,0.));
#10226=DIRECTION('',(4.82705662880503E-17,-1.,1.18228788995382E-32));
#10227=DIRECTION('center_axis',(0.316227766016841,0.948683298050513,0.));
#10228=DIRECTION('ref_axis',(0.948683298050513,-0.316227766016841,-1.5264493341638E-17));
#10229=DIRECTION('',(0.948683298050513,-0.316227766016841,-1.5264493341638E-17));
#10230=DIRECTION('',(0.,0.,1.));
#10231=DIRECTION('center_axis',(0.,-1.,0.));
#10232=DIRECTION('ref_axis',(0.,0.,1.));
#10233=DIRECTION('',(7.33545915597437E-17,-0.316227766016841,0.948683298050513));
#10234=DIRECTION('center_axis',(0.,-1.,0.));
#10235=DIRECTION('ref_axis',(0.,0.,1.));
#10236=DIRECTION('center_axis',(-1.1653545579604E-16,1.,-1.1653545579604E-16));
#10237=DIRECTION('ref_axis',(-1.5446581212176E-15,1.20676415720125E-16,
1.));
#10238=DIRECTION('center_axis',(0.,1.,0.));
#10239=DIRECTION('ref_axis',(0.,0.,1.));
#10240=DIRECTION('',(-4.28256048764684E-17,-0.316227766016831,-0.948683298050516));
#10241=DIRECTION('center_axis',(-5.82677278980198E-17,1.,-5.82677278980199E-17));
#10242=DIRECTION('ref_axis',(-1.5446581212176E-15,6.03382078600625E-17,
1.));
#10243=DIRECTION('center_axis',(0.,1.,0.));
#10244=DIRECTION('ref_axis',(0.,0.,1.));
#10245=DIRECTION('center_axis',(0.,1.,0.));
#10246=DIRECTION('ref_axis',(0.,0.,1.));
#10247=DIRECTION('',(4.82705662880503E-17,-1.,-1.21603664681615E-65));
#10248=DIRECTION('center_axis',(0.,0.948683298050513,0.316227766016841));
#10249=DIRECTION('ref_axis',(7.33545915597437E-17,-0.316227766016841,0.948683298050513));
#10250=DIRECTION('',(1.,0.,-7.22772186348595E-17));
#10251=DIRECTION('',(-1.,0.,0.));
#10252=DIRECTION('center_axis',(0.,-0.948683298050516,0.316227766016831));
#10253=DIRECTION('ref_axis',(-4.28256048764684E-17,-0.316227766016831,-0.948683298050516));
#10254=DIRECTION('',(1.,0.,0.));
#10255=DIRECTION('',(1.,0.,0.));
#10256=DIRECTION('center_axis',(0.,-1.21603664681615E-65,1.));
#10257=DIRECTION('ref_axis',(4.82705662880503E-17,-1.,-1.21603664681615E-65));
#10258=DIRECTION('center_axis',(1.,0.,0.));
#10259=DIRECTION('ref_axis',(0.,0.,-1.));
#10260=DIRECTION('',(0.,0.,-1.));
#10261=DIRECTION('',(0.,1.,0.));
#10262=DIRECTION('center_axis',(1.,0.,0.));
#10263=DIRECTION('ref_axis',(0.,0.,-1.));
#10264=DIRECTION('',(0.,1.,0.));
#10265=DIRECTION('center_axis',(0.,1.,0.));
#10266=DIRECTION('ref_axis',(-1.,0.,0.));
#10267=DIRECTION('center_axis',(0.,-1.,0.));
#10268=DIRECTION('ref_axis',(-1.,0.,0.));
#10269=DIRECTION('',(0.,1.,0.));
#10270=DIRECTION('center_axis',(0.,1.,0.));
#10271=DIRECTION('ref_axis',(-1.,0.,0.));
#10272=DIRECTION('',(0.,1.,0.));
#10273=DIRECTION('center_axis',(0.,0.,-1.));
#10274=DIRECTION('ref_axis',(-1.,0.,0.));
#10275=DIRECTION('',(-1.,0.,0.));
#10276=DIRECTION('',(0.,1.,0.));
#10277=DIRECTION('center_axis',(0.,0.,-1.));
#10278=DIRECTION('ref_axis',(-1.,0.,0.));
#10279=DIRECTION('',(0.,1.,0.));
#10280=DIRECTION('center_axis',(0.,1.,0.));
#10281=DIRECTION('ref_axis',(0.,0.,1.));
#10282=DIRECTION('center_axis',(0.,-1.,0.));
#10283=DIRECTION('ref_axis',(0.,0.,1.));
#10284=DIRECTION('',(0.,1.,0.));
#10285=DIRECTION('center_axis',(0.,1.,0.));
#10286=DIRECTION('ref_axis',(0.,0.,1.));
#10287=DIRECTION('',(0.,1.,0.));
#10288=DIRECTION('center_axis',(-1.,0.,0.));
#10289=DIRECTION('ref_axis',(0.,0.,1.));
#10290=DIRECTION('',(0.,0.,1.));
#10291=DIRECTION('center_axis',(-1.,0.,0.));
#10292=DIRECTION('ref_axis',(0.,0.,1.));
#10293=DIRECTION('',(0.,1.,0.));
#10294=DIRECTION('center_axis',(3.36431219583381E-17,0.,-1.));
#10295=DIRECTION('ref_axis',(-1.,0.,-3.36431219583381E-17));
#10296=DIRECTION('center_axis',(3.36431219583381E-17,0.,-1.));
#10297=DIRECTION('ref_axis',(-1.,0.,0.));
#10298=DIRECTION('center_axis',(3.36431219583381E-17,0.,-1.));
#10299=DIRECTION('ref_axis',(-1.,0.,0.));
#10300=DIRECTION('center_axis',(1.,0.,0.));
#10301=DIRECTION('ref_axis',(0.,1.,0.));
#10302=DIRECTION('',(0.,1.,0.));
#10303=DIRECTION('',(0.,0.,1.));
#10304=DIRECTION('',(0.,0.,-1.));
#10305=DIRECTION('center_axis',(0.,0.,1.));
#10306=DIRECTION('ref_axis',(-1.,0.,0.));
#10307=DIRECTION('',(0.,0.,1.));
#10308=DIRECTION('center_axis',(0.,-1.,0.));
#10309=DIRECTION('ref_axis',(1.,0.,0.));
#10310=DIRECTION('center_axis',(0.,1.,0.));
#10311=DIRECTION('ref_axis',(-1.,0.,0.));
#10312=DIRECTION('',(-4.62592926927148E-17,0.,1.));
#10313=DIRECTION('center_axis',(0.,0.,1.));
#10314=DIRECTION('ref_axis',(-1.,0.,0.));
#10315=DIRECTION('',(0.,0.,-1.));
#10316=DIRECTION('center_axis',(1.,0.,4.62592926927148E-17));
#10317=DIRECTION('ref_axis',(4.62592926927148E-17,0.,-1.));
#10318=DIRECTION('',(0.,1.,0.));
#10319=DIRECTION('',(4.62592926927148E-17,0.,-1.));
#10320=DIRECTION('center_axis',(0.,1.,0.));
#10321=DIRECTION('ref_axis',(-1.,0.,0.));
#10322=DIRECTION('',(0.,0.,1.));
#10323=DIRECTION('',(0.,0.,1.));
#10324=DIRECTION('center_axis',(0.,0.,1.));
#10325=DIRECTION('ref_axis',(-1.,0.,0.));
#10326=DIRECTION('',(0.,0.,-1.));
#10327=DIRECTION('center_axis',(-1.,0.,0.));
#10328=DIRECTION('ref_axis',(0.,-1.,0.));
#10329=DIRECTION('',(0.,0.,1.));
#10330=DIRECTION('',(0.,0.,-1.));
#10331=DIRECTION('center_axis',(0.,0.,1.));
#10332=DIRECTION('ref_axis',(-1.,0.,0.));
#10333=DIRECTION('center_axis',(-1.,0.,0.));
#10334=DIRECTION('ref_axis',(0.,0.,1.));
#10335=DIRECTION('',(0.,0.,-1.));
#10336=DIRECTION('center_axis',(0.,1.,0.));
#10337=DIRECTION('ref_axis',(1.,0.,0.));
#10338=DIRECTION('',(0.,0.,1.));
#10339=DIRECTION('center_axis',(0.,-1.,0.));
#10340=DIRECTION('ref_axis',(-1.,0.,0.));
#10341=DIRECTION('center_axis',(1.,0.,0.));
#10342=DIRECTION('ref_axis',(0.,1.,0.));
#10343=DIRECTION('',(0.,1.,0.));
#10344=DIRECTION('',(0.,0.,1.));
#10345=DIRECTION('center_axis',(0.,0.,1.));
#10346=DIRECTION('ref_axis',(-1.,0.,0.));
#10347=DIRECTION('',(0.,0.,-1.));
#10348=DIRECTION('center_axis',(0.,1.,0.));
#10349=DIRECTION('ref_axis',(-1.,0.,0.));
#10350=DIRECTION('center_axis',(0.,-1.,0.));
#10351=DIRECTION('ref_axis',(-1.,0.,0.));
#10352=DIRECTION('',(0.,0.,1.));
#10353=DIRECTION('center_axis',(0.,0.,1.));
#10354=DIRECTION('ref_axis',(0.707106784909143,0.707106777463952,0.));
#10355=DIRECTION('center_axis',(0.,1.,0.));
#10356=DIRECTION('ref_axis',(-1.,0.,0.));
#10357=DIRECTION('center_axis',(0.,1.,0.));
#10358=DIRECTION('ref_axis',(-1.,0.,0.));
#10359=DIRECTION('center_axis',(0.,-1.,0.));
#10360=DIRECTION('ref_axis',(1.,0.,0.));
#10361=DIRECTION('',(0.,0.,1.));
#10362=DIRECTION('center_axis',(0.,0.,1.));
#10363=DIRECTION('ref_axis',(-1.,0.,0.));
#10364=DIRECTION('',(0.,0.,1.));
#10365=DIRECTION('center_axis',(-1.,0.,0.));
#10366=DIRECTION('ref_axis',(0.,-1.,0.));
#10367=DIRECTION('',(0.,0.,1.));
#10368=DIRECTION('center_axis',(0.,0.,1.));
#10369=DIRECTION('ref_axis',(-1.,0.,0.));
#10370=DIRECTION('',(0.,0.,-1.));
#10371=DIRECTION('center_axis',(0.,1.,0.));
#10372=DIRECTION('ref_axis',(1.,0.,0.));
#10373=DIRECTION('',(-5.00527404149609E-15,6.95569813314653E-15,-0.999999999999998));
#10374=DIRECTION('',(0.707106781186546,0.707106781186544,3.56539988674442E-15));
#10375=DIRECTION('',(-5.00527404149609E-15,6.95569813314653E-15,-0.999999999999998));
#10376=DIRECTION('',(0.707106781186546,0.707106781186544,3.56539988674442E-15));
#10377=DIRECTION('',(0.,0.,1.));
#10378=DIRECTION('',(1.,0.,0.));
#10379=CARTESIAN_POINT('',(0.,0.,0.));
#10380=CARTESIAN_POINT('',(0.,0.,0.));
#10381=CARTESIAN_POINT('Origin',(1.74687276362667,-6.05210527372347,0.5));
#10382=CARTESIAN_POINT('',(3.34022031670918,-6.73908085522184,0.5));
#10383=CARTESIAN_POINT('',(3.33713455859121,-4.3398933704575,0.5));
#10384=CARTESIAN_POINT('Ctrl Pts',(3.34022031670918,-6.73908085522184,0.5));
#10385=CARTESIAN_POINT('Ctrl Pts',(3.00860130030946,-5.97472047728218,0.5));
#10386=CARTESIAN_POINT('Ctrl Pts',(3.00895999285157,-5.1024681237942,0.5));
#10387=CARTESIAN_POINT('Ctrl Pts',(3.33713455859121,-4.3398933704575,0.5));
#10388=CARTESIAN_POINT('',(2.33135849648002,-3.29447687828157,0.5));
#10389=CARTESIAN_POINT('',(3.33713455859121,-4.3398933704575,0.5));
#10390=CARTESIAN_POINT('',(0.477313377251929,-6.79284605623612,0.5));
#10391=CARTESIAN_POINT('',(2.33135849648002,-3.29447687828157,0.5));
#10392=CARTESIAN_POINT('',(0.997530373047581,-8.48594745810992,0.5));
#10393=CARTESIAN_POINT('Ctrl Pts',(0.477313377251929,-6.79284605623612,
0.5));
#10394=CARTESIAN_POINT('Ctrl Pts',(0.153525210544163,-7.40409971521815,
0.5));
#10395=CARTESIAN_POINT('Ctrl Pts',(0.386159071966599,-8.16180990192412,
0.5));
#10396=CARTESIAN_POINT('Ctrl Pts',(0.997530373047581,-8.48594745810992,
0.5));
#10397=CARTESIAN_POINT('',(2.69039646054081,-7.96549824647745,0.5));
#10398=CARTESIAN_POINT('Ctrl Pts',(0.997530373047581,-8.48594745810992,
0.5));
#10399=CARTESIAN_POINT('Ctrl Pts',(1.60878214437869,-8.80973366916537,0.5));
#10400=CARTESIAN_POINT('Ctrl Pts',(2.36648876405576,-8.57663237568219,0.5));
#10401=CARTESIAN_POINT('Ctrl Pts',(2.69039646054081,-7.96549824647745,0.5));
#10402=CARTESIAN_POINT('',(2.69039646054081,-7.96549824647745,0.5));
#10403=CARTESIAN_POINT('Ctrl Pts',(3.34022031670918,-6.73908085522184,0.));
#10404=CARTESIAN_POINT('Ctrl Pts',(3.34022031670918,-6.73908085522184,0.5));
#10405=CARTESIAN_POINT('Ctrl Pts',(3.00860130030946,-5.97472047728218,0.));
#10406=CARTESIAN_POINT('Ctrl Pts',(3.00860130030946,-5.97472047728218,0.5));
#10407=CARTESIAN_POINT('Ctrl Pts',(3.00895999285157,-5.1024681237942,0.));
#10408=CARTESIAN_POINT('Ctrl Pts',(3.00895999285157,-5.1024681237942,0.5));
#10409=CARTESIAN_POINT('Ctrl Pts',(3.33713455859121,-4.3398933704575,0.));
#10410=CARTESIAN_POINT('Ctrl Pts',(3.33713455859121,-4.3398933704575,0.5));
#10411=CARTESIAN_POINT('',(3.33713455859121,-4.3398933704575,0.000453564778106259));
#10412=CARTESIAN_POINT('',(3.34022031670918,-6.73908085522184,0.000453564778088876));
#10413=CARTESIAN_POINT('Ctrl Pts',(3.33713455859121,-4.3398933704575,0.000453564778106259));
#10414=CARTESIAN_POINT('Ctrl Pts',(3.00895999285157,-5.1024681237942,0.000453564778106259));
#10415=CARTESIAN_POINT('Ctrl Pts',(3.00860130030946,-5.97472047728218,0.000453564778106259));
#10416=CARTESIAN_POINT('Ctrl Pts',(3.34022031670918,-6.73908085522184,0.000453564778106259));
#10417=CARTESIAN_POINT('',(3.33713455859121,-4.3398933704575,0.));
#10418=CARTESIAN_POINT('',(3.34022031670918,-6.73908085522184,0.));
#10419=CARTESIAN_POINT('Origin',(3.33713455859121,-4.3398933704575,0.));
#10420=CARTESIAN_POINT('',(2.33135849648002,-3.29447687828157,0.000453564778115922));
#10421=CARTESIAN_POINT('',(-0.262448140608681,-0.59844111239145,0.000453564778140841));
#10422=CARTESIAN_POINT('',(2.33135849648002,-3.29447687828157,0.));
#10423=CARTESIAN_POINT('Origin',(2.33135849648002,-3.29447687828157,0.));
#10424=CARTESIAN_POINT('',(0.477313377251929,-6.79284605623612,0.000453564778094439));
#10425=CARTESIAN_POINT('',(3.0918477980769,-1.85952132877564,0.000453564778124733));
#10426=CARTESIAN_POINT('',(0.477313377251929,-6.79284605623612,0.));
#10427=CARTESIAN_POINT('Origin',(2.69039646054081,-7.96549824647745,0.));
#10428=CARTESIAN_POINT('',(2.69039646054081,-7.96549824647745,0.000453564778081345));
#10429=CARTESIAN_POINT('',(4.37780192818849,-4.78084537173482,0.000453564778100902));
#10430=CARTESIAN_POINT('',(2.69039646054081,-7.96549824647745,0.));
#10431=CARTESIAN_POINT('Ctrl Pts',(0.997530373047581,-8.48594745810992,
0.));
#10432=CARTESIAN_POINT('Ctrl Pts',(0.997530373047581,-8.48594745810992,
0.5));
#10433=CARTESIAN_POINT('Ctrl Pts',(1.60878214437869,-8.80973366916537,0.));
#10434=CARTESIAN_POINT('Ctrl Pts',(1.60878214437869,-8.80973366916537,0.5));
#10435=CARTESIAN_POINT('Ctrl Pts',(2.36648876405576,-8.57663237568219,0.));
#10436=CARTESIAN_POINT('Ctrl Pts',(2.36648876405576,-8.57663237568219,0.5));
#10437=CARTESIAN_POINT('Ctrl Pts',(2.69039646054081,-7.96549824647745,0.));
#10438=CARTESIAN_POINT('Ctrl Pts',(2.69039646054081,-7.96549824647745,0.5));
#10439=CARTESIAN_POINT('',(0.997530373047581,-8.48594745810992,0.000453564778081095));
#10440=CARTESIAN_POINT('Ctrl Pts',(2.69039646054081,-7.96549824647745,0.000453564778081345));
#10441=CARTESIAN_POINT('Ctrl Pts',(2.36648876405576,-8.57663237568219,0.000453564778081345));
#10442=CARTESIAN_POINT('Ctrl Pts',(1.60878214437869,-8.80973366916537,0.000453564778081345));
#10443=CARTESIAN_POINT('Ctrl Pts',(0.997530373047581,-8.48594745810992,
0.000453564778081345));
#10444=CARTESIAN_POINT('',(0.997530373047581,-8.48594745810992,0.));
#10445=CARTESIAN_POINT('Ctrl Pts',(0.477313377251929,-6.79284605623612,
0.));
#10446=CARTESIAN_POINT('Ctrl Pts',(0.477313377251929,-6.79284605623612,
0.5));
#10447=CARTESIAN_POINT('Ctrl Pts',(0.153525210544163,-7.40409971521815,
0.));
#10448=CARTESIAN_POINT('Ctrl Pts',(0.153525210544163,-7.40409971521815,
0.5));
#10449=CARTESIAN_POINT('Ctrl Pts',(0.386159071966599,-8.16180990192412,
0.));
#10450=CARTESIAN_POINT('Ctrl Pts',(0.386159071966599,-8.16180990192412,
0.5));
#10451=CARTESIAN_POINT('Ctrl Pts',(0.997530373047581,-8.48594745810992,
0.));
#10452=CARTESIAN_POINT('Ctrl Pts',(0.997530373047581,-8.48594745810992,
0.5));
#10453=CARTESIAN_POINT('Ctrl Pts',(0.997530373047581,-8.48594745810992,
0.000453564778081095));
#10454=CARTESIAN_POINT('Ctrl Pts',(0.3861590719666,-8.16180990192412,0.000453564778081095));
#10455=CARTESIAN_POINT('Ctrl Pts',(0.153525210544163,-7.40409971521815,
0.000453564778081095));
#10456=CARTESIAN_POINT('Ctrl Pts',(0.477313377251929,-6.79284605623612,
0.000453564778081095));
#10457=CARTESIAN_POINT('Origin',(-3.51295648384948,3.4788491908443,0.00045356477817713));
#10458=CARTESIAN_POINT('Origin',(0.905068338099396,3.35925393239104,0.5));
#10459=CARTESIAN_POINT('',(2.64351153672448,5.07502994256496,0.5));
#10460=CARTESIAN_POINT('',(-0.833374860525684,3.36709007426942,0.5));
#10461=CARTESIAN_POINT('',(2.64351153672448,5.07502994256496,0.5));
#10462=CARTESIAN_POINT('',(0.82495228499458,1.64347792221712,0.5));
#10463=CARTESIAN_POINT('',(-0.833374860525684,3.36709007426942,0.5));
#10464=CARTESIAN_POINT('',(0.82495228499458,1.64347792221712,0.5));
#10465=CARTESIAN_POINT('Origin',(2.64351153672448,5.07502994256496,0.));
#10466=CARTESIAN_POINT('',(-0.833374860525684,3.36709007426942,0.000453564778170749));
#10467=CARTESIAN_POINT('',(2.64351153672448,5.07502994256496,0.00045356477817589));
#10468=CARTESIAN_POINT('',(-0.152159779340674,3.70172119622964,0.000453564778171756));
#10469=CARTESIAN_POINT('',(-0.833374860525684,3.36709007426942,0.));
#10470=CARTESIAN_POINT('',(2.64351153672448,5.07502994256496,0.));
#10471=CARTESIAN_POINT('Origin',(0.82495228499458,1.64347792221712,0.));
#10472=CARTESIAN_POINT('',(0.82495228499458,1.64347792221712,0.000453564778154818));
#10473=CARTESIAN_POINT('',(0.729062678558025,1.46253788829482,0.000453564778153706));
#10474=CARTESIAN_POINT('',(0.82495228499458,1.64347792221712,0.));
#10475=CARTESIAN_POINT('Origin',(-0.833374860525684,3.36709007426942,0.));
#10476=CARTESIAN_POINT('',(-1.50533552250651,4.06550447689195,0.000453564778177205));
#10477=CARTESIAN_POINT('Origin',(-3.51295648384948,3.4788491908443,0.00045356477817713));
#10478=CARTESIAN_POINT('Origin',(-3.51295648384948,3.4788491908443,0.00045356477817713));
#10479=CARTESIAN_POINT('',(-3.56346663540796,-1.28838373112781,0.000453564778142707));
#10480=CARTESIAN_POINT('',(-2.15497977955607,1.36895385999177,0.000453564778159025));
#10481=CARTESIAN_POINT('',(-1.86737297808545,1.91157047145265,0.000453564778162357));
#10482=CARTESIAN_POINT('',(-0.870996351058597,0.034173886243232,0.000453564778146688));
#10483=CARTESIAN_POINT('',(-2.36639381486619,1.58873179032809,0.000453564778161056));
#10484=CARTESIAN_POINT('',(-2.5998656739238,-0.815057136169713,0.000453564778144132));
#10485=CARTESIAN_POINT('Origin',(-0.870996351058597,0.034173886243232,0.));
#10486=CARTESIAN_POINT('',(-2.15497977955607,1.36895385999177,0.5));
#10487=CARTESIAN_POINT('',(-2.15497977955607,1.36895385999177,0.));
#10488=CARTESIAN_POINT('',(-0.870996351058597,0.034173886243232,0.5));
#10489=CARTESIAN_POINT('',(-0.870996351058597,0.034173886243232,0.5));
#10490=CARTESIAN_POINT('',(-0.870996351058597,0.034173886243232,0.));
#10491=CARTESIAN_POINT('Origin',(-2.15497977955607,1.36895385999177,0.));
#10492=CARTESIAN_POINT('',(-3.56346663540796,-1.28838373112781,0.5));
#10493=CARTESIAN_POINT('',(-3.56346663540796,-1.28838373112781,0.));
#10494=CARTESIAN_POINT('',(-2.15497977955607,1.36895385999177,0.5));
#10495=CARTESIAN_POINT('Origin',(-3.56346663540796,-1.28838373112781,0.));
#10496=CARTESIAN_POINT('',(-3.56346663540796,-1.28838373112781,0.5));
#10497=CARTESIAN_POINT('Origin',(-2.21723149323328,0.0402850644319813,0.5));
#10498=CARTESIAN_POINT('Origin',(1.78968944396633,-0.428069650893779,0.5));
#10499=CARTESIAN_POINT('',(-4.03956228436421,-3.29157032615274,0.5));
#10500=CARTESIAN_POINT('',(-2.3637335594327,-3.86352608670245,0.5));
#10501=CARTESIAN_POINT('Ctrl Pts',(-4.03956228436421,-3.29157032615274,
0.5));
#10502=CARTESIAN_POINT('Ctrl Pts',(-3.73503642936496,-3.91238634404224,
0.5));
#10503=CARTESIAN_POINT('Ctrl Pts',(-2.98435659520082,-4.16824960222424,
0.5));
#10504=CARTESIAN_POINT('Ctrl Pts',(-2.3637335594327,-3.86352608670245,0.5));
#10505=CARTESIAN_POINT('',(7.04678395328874,0.759408297239093,0.5));
#10506=CARTESIAN_POINT('',(7.04678395328874,0.759408297239093,0.5));
#10507=CARTESIAN_POINT('',(7.61894004293972,2.43542953773108,0.5));
#10508=CARTESIAN_POINT('Ctrl Pts',(7.04678395328874,0.759408297239093,0.5));
#10509=CARTESIAN_POINT('Ctrl Pts',(7.66760703170573,1.06432654132581,0.5));
#10510=CARTESIAN_POINT('Ctrl Pts',(7.92385801872462,1.81460637344548,0.5));
#10511=CARTESIAN_POINT('Ctrl Pts',(7.61894004293972,2.43542953773108,0.5));
#10512=CARTESIAN_POINT('',(5.94271955450013,3.00739131532025,0.5));
#10513=CARTESIAN_POINT('Ctrl Pts',(7.61894004293972,2.43542953773108,0.5));
#10514=CARTESIAN_POINT('Ctrl Pts',(7.31402168686747,3.05625233323437,0.5));
#10515=CARTESIAN_POINT('Ctrl Pts',(6.5637351258559,3.31211030043668,0.5));
#10516=CARTESIAN_POINT('Ctrl Pts',(5.94271955450013,3.00739131532025,0.5));
#10517=CARTESIAN_POINT('',(-3.467798718796,-1.61554380618592,0.5));
#10518=CARTESIAN_POINT('',(-3.467798718796,-1.61554380618592,0.5));
#10519=CARTESIAN_POINT('Ctrl Pts',(-3.467798718796,-1.61554380618592,0.5));
#10520=CARTESIAN_POINT('Ctrl Pts',(-4.08842778312481,-1.92065983411368,
0.5));
#10521=CARTESIAN_POINT('Ctrl Pts',(-4.34447913079196,-2.67074680458968,
0.5));
#10522=CARTESIAN_POINT('Ctrl Pts',(-4.03956228436421,-3.29157032615274,
0.5));
#10523=CARTESIAN_POINT('Ctrl Pts',(-4.03956228436421,-3.29157032615274,
0.));
#10524=CARTESIAN_POINT('Ctrl Pts',(-4.03956228436421,-3.29157032615274,
0.5));
#10525=CARTESIAN_POINT('Ctrl Pts',(-3.73503642936496,-3.91238634404224,
0.));
#10526=CARTESIAN_POINT('Ctrl Pts',(-3.73503642936496,-3.91238634404224,
0.5));
#10527=CARTESIAN_POINT('Ctrl Pts',(-2.98435659520082,-4.16824960222424,
0.));
#10528=CARTESIAN_POINT('Ctrl Pts',(-2.98435659520082,-4.16824960222424,
0.5));
#10529=CARTESIAN_POINT('Ctrl Pts',(-2.3637335594327,-3.86352608670245,0.));
#10530=CARTESIAN_POINT('Ctrl Pts',(-2.3637335594327,-3.86352608670245,0.5));
#10531=CARTESIAN_POINT('',(-2.3637335594327,-3.86352608670245,0.000453564778121562));
#10532=CARTESIAN_POINT('',(-4.03956228436421,-3.29157032615274,0.000453564778129189));
#10533=CARTESIAN_POINT('Ctrl Pts',(-2.3637335594327,-3.86352608670245,0.000453564778121562));
#10534=CARTESIAN_POINT('Ctrl Pts',(-2.98435659520082,-4.16824960222424,
0.000453564778121562));
#10535=CARTESIAN_POINT('Ctrl Pts',(-3.73503642936496,-3.91238634404224,
0.000453564778121562));
#10536=CARTESIAN_POINT('Ctrl Pts',(-4.03956228436421,-3.29157032615274,
0.000453564778121562));
#10537=CARTESIAN_POINT('',(-2.3637335594327,-3.86352608670245,0.));
#10538=CARTESIAN_POINT('',(-4.03956228436421,-3.29157032615274,0.));
#10539=CARTESIAN_POINT('Origin',(-2.3637335594327,-3.86352608670245,0.));
#10540=CARTESIAN_POINT('',(7.04678395328874,0.759408297239093,0.000453564778135478));
#10541=CARTESIAN_POINT('',(-1.37377284689761,-3.3772060293259,0.000453564778123026));
#10542=CARTESIAN_POINT('',(7.04678395328874,0.759408297239093,0.));
#10543=CARTESIAN_POINT('Ctrl Pts',(7.04678395328874,0.759408297239093,0.));
#10544=CARTESIAN_POINT('Ctrl Pts',(7.04678395328874,0.759408297239093,0.5));
#10545=CARTESIAN_POINT('Ctrl Pts',(7.66760703170573,1.06432654132581,0.));
#10546=CARTESIAN_POINT('Ctrl Pts',(7.66760703170573,1.06432654132581,0.5));
#10547=CARTESIAN_POINT('Ctrl Pts',(7.92385801872462,1.81460637344548,0.));
#10548=CARTESIAN_POINT('Ctrl Pts',(7.92385801872462,1.81460637344548,0.5));
#10549=CARTESIAN_POINT('Ctrl Pts',(7.61894004293972,2.43542953773108,0.));
#10550=CARTESIAN_POINT('Ctrl Pts',(7.61894004293972,2.43542953773108,0.5));
#10551=CARTESIAN_POINT('',(7.61894004293972,2.43542953773108,0.000453564778146428));
#10552=CARTESIAN_POINT('Ctrl Pts',(7.61894004293972,2.43542953773108,0.000453564778146428));
#10553=CARTESIAN_POINT('Ctrl Pts',(7.92385801872462,1.81460637344548,0.000453564778146428));
#10554=CARTESIAN_POINT('Ctrl Pts',(7.66760703170573,1.06432654132581,0.000453564778146428));
#10555=CARTESIAN_POINT('Ctrl Pts',(7.04678395328874,0.759408297239093,0.000453564778146428));
#10556=CARTESIAN_POINT('',(7.61894004293972,2.43542953773108,0.));
#10557=CARTESIAN_POINT('Ctrl Pts',(-3.467798718796,-1.61554380618592,0.));
#10558=CARTESIAN_POINT('Ctrl Pts',(-3.467798718796,-1.61554380618592,0.5));
#10559=CARTESIAN_POINT('Ctrl Pts',(-4.08842778312481,-1.92065983411368,
0.));
#10560=CARTESIAN_POINT('Ctrl Pts',(-4.08842778312481,-1.92065983411368,
0.5));
#10561=CARTESIAN_POINT('Ctrl Pts',(-4.34447913079196,-2.67074680458968,
0.));
#10562=CARTESIAN_POINT('Ctrl Pts',(-4.34447913079196,-2.67074680458968,
0.5));
#10563=CARTESIAN_POINT('Ctrl Pts',(-4.03956228436421,-3.29157032615274,
0.));
#10564=CARTESIAN_POINT('Ctrl Pts',(-4.03956228436421,-3.29157032615274,
0.5));
#10565=CARTESIAN_POINT('',(-3.467798718796,-1.61554380618592,0.000453564778140139));
#10566=CARTESIAN_POINT('Ctrl Pts',(-4.03956228436421,-3.29157032615274,
0.000453564778129189));
#10567=CARTESIAN_POINT('Ctrl Pts',(-4.34447913079196,-2.67074680458968,
0.000453564778129189));
#10568=CARTESIAN_POINT('Ctrl Pts',(-4.08842778312481,-1.92065983411368,
0.000453564778129189));
#10569=CARTESIAN_POINT('Ctrl Pts',(-3.467798718796,-1.61554380618592,0.000453564778129189));
#10570=CARTESIAN_POINT('',(-3.467798718796,-1.61554380618592,0.));
#10571=CARTESIAN_POINT('Origin',(5.94271955450013,3.00739131532024,0.));
#10572=CARTESIAN_POINT('',(5.94271955450013,3.00739131532025,0.000453564778154055));
#10573=CARTESIAN_POINT('',(2.2273163105168,1.18219235726622,0.000453564778148561));
#10574=CARTESIAN_POINT('',(5.94271955450013,3.00739131532025,0.));
#10575=CARTESIAN_POINT('Ctrl Pts',(7.61894004293972,2.43542953773108,0.));
#10576=CARTESIAN_POINT('Ctrl Pts',(7.61894004293972,2.43542953773108,0.5));
#10577=CARTESIAN_POINT('Ctrl Pts',(7.31402168686747,3.05625233323437,0.));
#10578=CARTESIAN_POINT('Ctrl Pts',(7.31402168686747,3.05625233323437,0.5));
#10579=CARTESIAN_POINT('Ctrl Pts',(6.5637351258559,3.31211030043668,0.));
#10580=CARTESIAN_POINT('Ctrl Pts',(6.5637351258559,3.31211030043668,0.5));
#10581=CARTESIAN_POINT('Ctrl Pts',(5.94271955450013,3.00739131532025,0.));
#10582=CARTESIAN_POINT('Ctrl Pts',(5.94271955450013,3.00739131532025,0.5));
#10583=CARTESIAN_POINT('Ctrl Pts',(5.94271955450013,3.00739131532025,0.000453564778154055));
#10584=CARTESIAN_POINT('Ctrl Pts',(6.5637351258559,3.31211030043668,0.000453564778154055));
#10585=CARTESIAN_POINT('Ctrl Pts',(7.31402168686747,3.05625233323437,0.000453564778154055));
#10586=CARTESIAN_POINT('Ctrl Pts',(7.61894004293972,2.43542953773108,0.000453564778154055));
#10587=CARTESIAN_POINT('Origin',(-3.51295648384948,3.4788491908443,0.00045356477817713));
#10588=CARTESIAN_POINT('Origin',(-3.51295648384948,3.4788491908443,0.00045356477817713));
#10589=CARTESIAN_POINT('',(3.64358938333564,-1.28648851260689,0.000453564778127737));
#10590=CARTESIAN_POINT('',(7.14042095741729,0.431424851402358,0.000453564778132908));
#10591=CARTESIAN_POINT('',(3.45241037822147,-1.38041038469187,0.000453564778127454));
#10592=CARTESIAN_POINT('',(5.55021617894404,-2.56928563084068,0.000453564778114481));
#10593=CARTESIAN_POINT('',(5.80780896976608,-2.08320899591065,0.000453564778117466));
#10594=CARTESIAN_POINT('',(5.02192889318344,-2.71918872918089,0.000453564778114494));
#10595=CARTESIAN_POINT('Ctrl Pts',(5.55021617894404,-2.56928563084068,0.000453564778114482));
#10596=CARTESIAN_POINT('Ctrl Pts',(5.37087983350486,-2.6028717123866,0.000453564778114482));
#10597=CARTESIAN_POINT('Ctrl Pts',(5.19403006801513,-2.65272290056016,0.000453564778114482));
#10598=CARTESIAN_POINT('Ctrl Pts',(5.02192889318344,-2.71918872918089,0.000453564778114482));
#10599=CARTESIAN_POINT('',(0.733181021411719,1.73870423609958,0.000453564778155698));
#10600=CARTESIAN_POINT('Origin',(5.55021617894404,-2.56928563084068,0.));
#10601=CARTESIAN_POINT('',(7.14042095741729,0.431424851402358,0.5));
#10602=CARTESIAN_POINT('',(7.14042095741729,0.431424851402358,0.));
#10603=CARTESIAN_POINT('',(5.55021617894404,-2.56928563084068,0.5));
#10604=CARTESIAN_POINT('',(5.55021617894404,-2.56928563084068,0.5));
#10605=CARTESIAN_POINT('',(5.55021617894404,-2.56928563084068,0.));
#10606=CARTESIAN_POINT('Origin',(7.14042095741729,0.431424851402358,0.));
#10607=CARTESIAN_POINT('',(3.64358938333564,-1.28648851260689,0.5));
#10608=CARTESIAN_POINT('',(3.64358938333564,-1.28648851260689,0.));
#10609=CARTESIAN_POINT('',(7.14042095741729,0.431424851402358,0.5));
#10610=CARTESIAN_POINT('Ctrl Pts',(5.02192889318344,-2.71918872918089,0.));
#10611=CARTESIAN_POINT('Ctrl Pts',(5.02192889318344,-2.71918872918089,0.5));
#10612=CARTESIAN_POINT('Ctrl Pts',(5.19403006801513,-2.65272290056016,0.));
#10613=CARTESIAN_POINT('Ctrl Pts',(5.19403006801513,-2.65272290056016,0.5));
#10614=CARTESIAN_POINT('Ctrl Pts',(5.37087983350486,-2.6028717123866,0.));
#10615=CARTESIAN_POINT('Ctrl Pts',(5.37087983350486,-2.6028717123866,0.5));
#10616=CARTESIAN_POINT('Ctrl Pts',(5.55021617894404,-2.56928563084068,0.));
#10617=CARTESIAN_POINT('Ctrl Pts',(5.55021617894404,-2.56928563084068,0.5));
#10618=CARTESIAN_POINT('',(5.02192889318344,-2.71918872918089,0.5));
#10619=CARTESIAN_POINT('Ctrl Pts',(5.02192889318344,-2.71918872918089,0.5));
#10620=CARTESIAN_POINT('Ctrl Pts',(5.19403006801513,-2.65272290056016,0.5));
#10621=CARTESIAN_POINT('Ctrl Pts',(5.37087983350486,-2.6028717123866,0.5));
#10622=CARTESIAN_POINT('Ctrl Pts',(5.55021617894404,-2.56928563084068,0.5));
#10623=CARTESIAN_POINT('',(5.02192889318344,-2.71918872918089,0.));
#10624=CARTESIAN_POINT('Origin',(3.64358938333564,-1.28648851260689,0.));
#10625=CARTESIAN_POINT('',(3.64358938333564,-1.28648851260689,0.5));
#10626=CARTESIAN_POINT('Origin',(5.39200517037646,-1.14388193888926,0.5));
#10627=CARTESIAN_POINT('Origin',(-3.51295648384948,3.4788491908443,0.00045356477817713));
#10628=CARTESIAN_POINT('',(-8.54454258532072,1.34812350483984,0.000453564778172159));
#10629=CARTESIAN_POINT('',(-7.97277901975251,3.02415002480666,0.000453564778183109));
#10630=CARTESIAN_POINT('Ctrl Pts',(-8.54454258532072,1.34812350483984,0.000453564778172159));
#10631=CARTESIAN_POINT('Ctrl Pts',(-8.84945943174847,1.9689470264029,0.000453564778172159));
#10632=CARTESIAN_POINT('Ctrl Pts',(-8.59340808408131,2.7190339968789,0.000453564778172159));
#10633=CARTESIAN_POINT('Ctrl Pts',(-7.97277901975251,3.02415002480666,0.000453564778172159));
#10634=CARTESIAN_POINT('',(1.43773925354363,7.64708514631282,0.000453564778197025));
#10635=CARTESIAN_POINT('',(-1.3811559658354,6.26229747202582,0.000453564778192857));
#10636=CARTESIAN_POINT('',(3.11395974198322,7.07512336872366,0.000453564778189398));
#10637=CARTESIAN_POINT('Ctrl Pts',(1.43773925354363,7.64708514631282,0.000453564778197025));
#10638=CARTESIAN_POINT('Ctrl Pts',(2.0587548248994,7.95180413142926,0.000453564778197025));
#10639=CARTESIAN_POINT('Ctrl Pts',(2.80904138591097,7.69594616422694,0.000453564778197025));
#10640=CARTESIAN_POINT('Ctrl Pts',(3.11395974198322,7.07512336872366,0.000453564778197025));
#10641=CARTESIAN_POINT('',(2.54180365233224,5.39910212823167,0.000453564778178449));
#10642=CARTESIAN_POINT('Ctrl Pts',(3.11395974198322,7.07512336872366,0.000453564778189398));
#10643=CARTESIAN_POINT('Ctrl Pts',(3.41887771776812,6.45430020443806,0.000453564778189398));
#10644=CARTESIAN_POINT('Ctrl Pts',(3.16262673074923,5.70402037231839,0.000453564778189398));
#10645=CARTESIAN_POINT('Ctrl Pts',(2.54180365233224,5.39910212823167,0.000453564778189398));
#10646=CARTESIAN_POINT('',(-6.8687138603892,0.776167744290128,0.000453564778164532));
#10647=CARTESIAN_POINT('',(-4.98224502353504,1.70289909974831,0.000453564778167322));
#10648=CARTESIAN_POINT('Ctrl Pts',(-6.8687138603892,0.776167744290128,0.000453564778164532));
#10649=CARTESIAN_POINT('Ctrl Pts',(-7.48933689615732,0.471444228768337,
0.000453564778164532));
#10650=CARTESIAN_POINT('Ctrl Pts',(-8.24001673032147,0.727307486950331,
0.000453564778164532));
#10651=CARTESIAN_POINT('Ctrl Pts',(-8.54454258532072,1.34812350483984,0.000453564778164532));
#10652=CARTESIAN_POINT('Ctrl Pts',(3.11395974198322,7.07512336872366,0.));
#10653=CARTESIAN_POINT('Ctrl Pts',(3.11395974198322,7.07512336872366,0.5));
#10654=CARTESIAN_POINT('Ctrl Pts',(2.80904138591097,7.69594616422694,0.));
#10655=CARTESIAN_POINT('Ctrl Pts',(2.80904138591097,7.69594616422694,0.5));
#10656=CARTESIAN_POINT('Ctrl Pts',(2.0587548248994,7.95180413142926,0.));
#10657=CARTESIAN_POINT('Ctrl Pts',(2.0587548248994,7.95180413142926,0.5));
#10658=CARTESIAN_POINT('Ctrl Pts',(1.43773925354363,7.64708514631282,0.));
#10659=CARTESIAN_POINT('Ctrl Pts',(1.43773925354363,7.64708514631282,0.5));
#10660=CARTESIAN_POINT('',(1.43773925354363,7.64708514631282,0.5));
#10661=CARTESIAN_POINT('',(1.43773925354363,7.64708514631282,0.));
#10662=CARTESIAN_POINT('',(3.11395974198322,7.07512336872366,0.5));
#10663=CARTESIAN_POINT('Ctrl Pts',(3.11395974198322,7.07512336872366,0.5));
#10664=CARTESIAN_POINT('Ctrl Pts',(2.80904138591097,7.69594616422694,0.5));
#10665=CARTESIAN_POINT('Ctrl Pts',(2.0587548248994,7.95180413142926,0.5));
#10666=CARTESIAN_POINT('Ctrl Pts',(1.43773925354363,7.64708514631282,0.5));
#10667=CARTESIAN_POINT('',(3.11395974198322,7.07512336872366,0.));
#10668=CARTESIAN_POINT('Origin',(1.43773925354362,7.64708514631282,0.));
#10669=CARTESIAN_POINT('',(-7.97277901975251,3.02415002480666,0.5));
#10670=CARTESIAN_POINT('',(-7.97277901975251,3.02415002480666,0.));
#10671=CARTESIAN_POINT('',(-7.97277901975251,3.02415002480666,0.5));
#10672=CARTESIAN_POINT('Ctrl Pts',(-7.97277901975251,3.02415002480666,0.));
#10673=CARTESIAN_POINT('Ctrl Pts',(-7.97277901975251,3.02415002480666,0.5));
#10674=CARTESIAN_POINT('Ctrl Pts',(-8.59340808408131,2.7190339968789,0.));
#10675=CARTESIAN_POINT('Ctrl Pts',(-8.59340808408131,2.7190339968789,0.5));
#10676=CARTESIAN_POINT('Ctrl Pts',(-8.84945943174847,1.9689470264029,0.));
#10677=CARTESIAN_POINT('Ctrl Pts',(-8.84945943174847,1.9689470264029,0.5));
#10678=CARTESIAN_POINT('Ctrl Pts',(-8.54454258532072,1.34812350483984,0.));
#10679=CARTESIAN_POINT('Ctrl Pts',(-8.54454258532072,1.34812350483984,0.5));
#10680=CARTESIAN_POINT('',(-8.54454258532072,1.34812350483984,0.5));
#10681=CARTESIAN_POINT('',(-8.54454258532072,1.34812350483984,0.));
#10682=CARTESIAN_POINT('Ctrl Pts',(-7.97277901975251,3.02415002480666,0.5));
#10683=CARTESIAN_POINT('Ctrl Pts',(-8.59340808408131,2.7190339968789,0.5));
#10684=CARTESIAN_POINT('Ctrl Pts',(-8.84945943174847,1.9689470264029,0.5));
#10685=CARTESIAN_POINT('Ctrl Pts',(-8.54454258532072,1.34812350483984,0.5));
#10686=CARTESIAN_POINT('Ctrl Pts',(2.54180365233224,5.39910212823167,0.));
#10687=CARTESIAN_POINT('Ctrl Pts',(2.54180365233224,5.39910212823167,0.5));
#10688=CARTESIAN_POINT('Ctrl Pts',(3.16262673074923,5.70402037231839,0.));
#10689=CARTESIAN_POINT('Ctrl Pts',(3.16262673074923,5.70402037231839,0.5));
#10690=CARTESIAN_POINT('Ctrl Pts',(3.41887771776812,6.45430020443806,0.));
#10691=CARTESIAN_POINT('Ctrl Pts',(3.41887771776812,6.45430020443806,0.5));
#10692=CARTESIAN_POINT('Ctrl Pts',(3.11395974198322,7.07512336872366,0.));
#10693=CARTESIAN_POINT('Ctrl Pts',(3.11395974198322,7.07512336872366,0.5));
#10694=CARTESIAN_POINT('',(2.54180365233224,5.39910212823167,0.5));
#10695=CARTESIAN_POINT('Ctrl Pts',(2.54180365233224,5.39910212823167,0.5));
#10696=CARTESIAN_POINT('Ctrl Pts',(3.16262673074923,5.70402037231839,0.5));
#10697=CARTESIAN_POINT('Ctrl Pts',(3.41887771776812,6.45430020443806,0.5));
#10698=CARTESIAN_POINT('Ctrl Pts',(3.11395974198322,7.07512336872366,0.5));
#10699=CARTESIAN_POINT('',(2.54180365233224,5.39910212823167,0.));
#10700=CARTESIAN_POINT('Origin',(-6.8687138603892,0.776167744290124,0.));
#10701=CARTESIAN_POINT('',(-6.8687138603892,0.776167744290128,0.5));
#10702=CARTESIAN_POINT('',(2.54180365233224,5.39910212823167,0.5));
#10703=CARTESIAN_POINT('',(-6.8687138603892,0.776167744290128,0.));
#10704=CARTESIAN_POINT('Ctrl Pts',(-8.54454258532072,1.34812350483984,0.));
#10705=CARTESIAN_POINT('Ctrl Pts',(-8.54454258532072,1.34812350483984,0.5));
#10706=CARTESIAN_POINT('Ctrl Pts',(-8.24001673032147,0.727307486950331,
0.));
#10707=CARTESIAN_POINT('Ctrl Pts',(-8.24001673032147,0.727307486950331,
0.5));
#10708=CARTESIAN_POINT('Ctrl Pts',(-7.48933689615732,0.471444228768337,
0.));
#10709=CARTESIAN_POINT('Ctrl Pts',(-7.48933689615732,0.471444228768337,
0.5));
#10710=CARTESIAN_POINT('Ctrl Pts',(-6.8687138603892,0.776167744290128,0.));
#10711=CARTESIAN_POINT('Ctrl Pts',(-6.8687138603892,0.776167744290128,0.5));
#10712=CARTESIAN_POINT('Ctrl Pts',(-8.54454258532072,1.34812350483984,0.5));
#10713=CARTESIAN_POINT('Ctrl Pts',(-8.24001673032147,0.727307486950331,
0.5));
#10714=CARTESIAN_POINT('Ctrl Pts',(-7.48933689615732,0.471444228768337,
0.5));
#10715=CARTESIAN_POINT('Ctrl Pts',(-6.8687138603892,0.776167744290128,0.5));
#10716=CARTESIAN_POINT('Origin',(-2.71529085699017,4.2116241800988,0.5));
#10717=CARTESIAN_POINT('',(0.,0.,0.));
#10718=CARTESIAN_POINT('Origin',(5.41360891386515,-4.96906447769018,0.5));
#10719=CARTESIAN_POINT('',(4.94133860054657,-3.11952842030443,0.5));
#10720=CARTESIAN_POINT('',(3.32728274885828,-1.44185373513143,0.5));
#10721=CARTESIAN_POINT('',(4.94133860054657,-3.11952842030443,0.5));
#10722=CARTESIAN_POINT('',(1.75702522079084,-2.21309092314239,0.5));
#10723=CARTESIAN_POINT('',(3.32728274885828,-1.44185373513143,0.5));
#10724=CARTESIAN_POINT('',(3.74044257103007,-4.27484738352781,0.5));
#10725=CARTESIAN_POINT('',(1.75702522079084,-2.21309092314239,0.5));
#10726=CARTESIAN_POINT('',(4.17603049451195,-7.39614688620132,0.5));
#10727=CARTESIAN_POINT('Ctrl Pts',(3.74044257103007,-4.27484738352781,0.5));
#10728=CARTESIAN_POINT('Ctrl Pts',(3.21013947811248,-5.2720772519239,0.5));
#10729=CARTESIAN_POINT('Ctrl Pts',(3.35090376830758,-6.53849356442118,0.5));
#10730=CARTESIAN_POINT('Ctrl Pts',(4.17603049451195,-7.39614688620132,0.5));
#10731=CARTESIAN_POINT('',(7.97005819465964,-7.46949426401274,0.5));
#10732=CARTESIAN_POINT('Ctrl Pts',(4.17603049451195,-7.39614688620132,0.5));
#10733=CARTESIAN_POINT('Ctrl Pts',(5.20269891273672,-8.46339748447409,0.5));
#10734=CARTESIAN_POINT('Ctrl Pts',(6.90292326118658,-8.49627522024892,0.5));
#10735=CARTESIAN_POINT('Ctrl Pts',(7.97005819465964,-7.46949426401274,0.5));
#10736=CARTESIAN_POINT('',(8.04340828102443,-3.67546835757151,0.5));
#10737=CARTESIAN_POINT('Ctrl Pts',(7.97005819465964,-7.46949426401274,0.5));
#10738=CARTESIAN_POINT('Ctrl Pts',(9.03743580983086,-6.44270968563298,0.5));
#10739=CARTESIAN_POINT('Ctrl Pts',(9.07019260693946,-4.74260304815401,0.5));
#10740=CARTESIAN_POINT('Ctrl Pts',(8.04340828102443,-3.67546835757151,0.5));
#10741=CARTESIAN_POINT('Ctrl Pts',(8.04340828102443,-3.67546835757151,0.5));
#10742=CARTESIAN_POINT('Ctrl Pts',(7.21839746251031,-2.81769912810112,0.5));
#10743=CARTESIAN_POINT('Ctrl Pts',(5.95827095829235,-2.6281540048564,0.5));
#10744=CARTESIAN_POINT('Ctrl Pts',(4.94133860054657,-3.11952842030443,0.5));
#10745=CARTESIAN_POINT('',(5.37693376825909,-6.2408206787473,0.5));
#10746=CARTESIAN_POINT('',(5.40458878553237,-4.80289539514434,0.5));
#10747=CARTESIAN_POINT('Ctrl Pts',(5.37693376825909,-6.2408206787473,0.5));
#10748=CARTESIAN_POINT('Ctrl Pts',(4.98774662624749,-5.83644962931324,0.5));
#10749=CARTESIAN_POINT('Ctrl Pts',(5.00021221086203,-5.19208082175513,0.5));
#10750=CARTESIAN_POINT('Ctrl Pts',(5.40458878553237,-4.80289539514434,0.5));
#10751=CARTESIAN_POINT('',(6.84262815919818,-4.83067141310464,0.5));
#10752=CARTESIAN_POINT('Ctrl Pts',(5.40458878553237,-4.80289539514434,0.5));
#10753=CARTESIAN_POINT('Ctrl Pts',(5.80907764574938,-4.41383674254148,0.5));
#10754=CARTESIAN_POINT('Ctrl Pts',(6.45344826141722,-4.42629311943994,0.5));
#10755=CARTESIAN_POINT('Ctrl Pts',(6.84262815919818,-4.83067141310464,0.5));
#10756=CARTESIAN_POINT('',(6.81473770445735,-6.26859307462054,0.5));
#10757=CARTESIAN_POINT('Ctrl Pts',(6.84262815919818,-4.83067141310464,0.5));
#10758=CARTESIAN_POINT('Ctrl Pts',(7.2316921492889,-5.23516561445958,0.5));
#10759=CARTESIAN_POINT('Ctrl Pts',(7.21923380890499,-5.87952717778704,0.5));
#10760=CARTESIAN_POINT('Ctrl Pts',(6.81473770445735,-6.26859307462054,0.5));
#10761=CARTESIAN_POINT('Ctrl Pts',(6.81473770445735,-6.26859307462054,0.5));
#10762=CARTESIAN_POINT('Ctrl Pts',(6.41036112978701,-6.65777850123133,0.5));
#10763=CARTESIAN_POINT('Ctrl Pts',(5.7659977583498,-6.64531488010225,0.5));
#10764=CARTESIAN_POINT('Ctrl Pts',(5.37693376825909,-6.2408206787473,0.5));
#10765=CARTESIAN_POINT('Origin',(4.94133860054657,-3.11952842030443,0.));
#10766=CARTESIAN_POINT('',(3.32728274885828,-1.44185373513143,0.000453564778127269));
#10767=CARTESIAN_POINT('',(4.94133860054657,-3.11952842030443,0.000453564778111762));
#10768=CARTESIAN_POINT('',(2.77553989728681,-0.868363658044938,0.00045356477813257));
#10769=CARTESIAN_POINT('',(3.32728274885828,-1.44185373513143,0.));
#10770=CARTESIAN_POINT('',(4.94133860054657,-3.11952842030443,0.));
#10771=CARTESIAN_POINT('Origin',(3.32728274885828,-1.44185373513143,0.));
#10772=CARTESIAN_POINT('',(1.75702522079084,-2.21309092314239,0.000453564778124948));
#10773=CARTESIAN_POINT('',(2.475218099306,-1.86034811110364,0.00045356477812601));
#10774=CARTESIAN_POINT('',(1.75702522079084,-2.21309092314239,0.));
#10775=CARTESIAN_POINT('Origin',(1.75702522079084,-2.21309092314239,0.));
#10776=CARTESIAN_POINT('',(3.74044257103007,-4.27484738352781,0.000453564778105892));
#10777=CARTESIAN_POINT('',(0.583020338672168,-0.992716325763668,0.000453564778136228));
#10778=CARTESIAN_POINT('',(3.74044257103007,-4.27484738352781,0.));
#10779=CARTESIAN_POINT('Ctrl Pts',(5.37693376825909,-6.2408206787473,0.));
#10780=CARTESIAN_POINT('Ctrl Pts',(5.37693376825909,-6.2408206787473,0.5));
#10781=CARTESIAN_POINT('Ctrl Pts',(4.98774662624749,-5.83644962931324,0.));
#10782=CARTESIAN_POINT('Ctrl Pts',(4.98774662624749,-5.83644962931324,0.5));
#10783=CARTESIAN_POINT('Ctrl Pts',(5.00021221086203,-5.19208082175513,0.));
#10784=CARTESIAN_POINT('Ctrl Pts',(5.00021221086203,-5.19208082175513,0.5));
#10785=CARTESIAN_POINT('Ctrl Pts',(5.40458878553237,-4.80289539514434,0.));
#10786=CARTESIAN_POINT('Ctrl Pts',(5.40458878553237,-4.80289539514434,0.5));
#10787=CARTESIAN_POINT('',(5.40458878553237,-4.80289539514434,0.000453564778098607));
#10788=CARTESIAN_POINT('',(5.37693376825909,-6.2408206787473,0.00045356477808825));
#10789=CARTESIAN_POINT('Ctrl Pts',(5.40458878553237,-4.80289539514434,0.000453564778098607));
#10790=CARTESIAN_POINT('Ctrl Pts',(5.00021221086203,-5.19208082175513,0.000453564778098607));
#10791=CARTESIAN_POINT('Ctrl Pts',(4.98774662624749,-5.83644962931324,0.000453564778098607));
#10792=CARTESIAN_POINT('Ctrl Pts',(5.37693376825909,-6.2408206787473,0.000453564778098607));
#10793=CARTESIAN_POINT('',(5.40458878553237,-4.80289539514434,0.));
#10794=CARTESIAN_POINT('',(5.37693376825909,-6.2408206787473,0.));
#10795=CARTESIAN_POINT('Ctrl Pts',(5.40458878553237,-4.80289539514434,0.));
#10796=CARTESIAN_POINT('Ctrl Pts',(5.40458878553237,-4.80289539514434,0.5));
#10797=CARTESIAN_POINT('Ctrl Pts',(5.80907764574938,-4.41383674254148,0.));
#10798=CARTESIAN_POINT('Ctrl Pts',(5.80907764574938,-4.41383674254148,0.5));
#10799=CARTESIAN_POINT('Ctrl Pts',(6.45344826141722,-4.42629311943994,0.));
#10800=CARTESIAN_POINT('Ctrl Pts',(6.45344826141722,-4.42629311943994,0.5));
#10801=CARTESIAN_POINT('Ctrl Pts',(6.84262815919818,-4.83067141310464,0.));
#10802=CARTESIAN_POINT('Ctrl Pts',(6.84262815919818,-4.83067141310464,0.5));
#10803=CARTESIAN_POINT('',(6.84262815919818,-4.83067141310464,0.000453564778095416));
#10804=CARTESIAN_POINT('Ctrl Pts',(6.84262815919818,-4.83067141310464,0.000453564778095416));
#10805=CARTESIAN_POINT('Ctrl Pts',(6.45344826141722,-4.42629311943994,0.000453564778095416));
#10806=CARTESIAN_POINT('Ctrl Pts',(5.80907764574938,-4.41383674254148,0.000453564778095416));
#10807=CARTESIAN_POINT('Ctrl Pts',(5.40458878553237,-4.80289539514434,0.000453564778095416));
#10808=CARTESIAN_POINT('',(6.84262815919818,-4.83067141310464,0.));
#10809=CARTESIAN_POINT('Ctrl Pts',(8.04340828102443,-3.67546835757151,0.));
#10810=CARTESIAN_POINT('Ctrl Pts',(8.04340828102443,-3.67546835757151,0.5));
#10811=CARTESIAN_POINT('Ctrl Pts',(7.21839746251031,-2.81769912810112,0.));
#10812=CARTESIAN_POINT('Ctrl Pts',(7.21839746251031,-2.81769912810112,0.5));
#10813=CARTESIAN_POINT('Ctrl Pts',(5.95827095829235,-2.6281540048564,0.));
#10814=CARTESIAN_POINT('Ctrl Pts',(5.95827095829235,-2.6281540048564,0.5));
#10815=CARTESIAN_POINT('Ctrl Pts',(4.94133860054657,-3.11952842030443,0.));
#10816=CARTESIAN_POINT('Ctrl Pts',(4.94133860054657,-3.11952842030443,0.5));
#10817=CARTESIAN_POINT('',(8.04340828102443,-3.67546835757151,0.000453564778101286));
#10818=CARTESIAN_POINT('Ctrl Pts',(4.94133860054657,-3.11952842030443,0.000453564778111762));
#10819=CARTESIAN_POINT('Ctrl Pts',(5.95827095829235,-2.6281540048564,0.000453564778111762));
#10820=CARTESIAN_POINT('Ctrl Pts',(7.21839746251031,-2.81769912810112,0.000453564778111762));
#10821=CARTESIAN_POINT('Ctrl Pts',(8.04340828102443,-3.67546835757151,0.000453564778111762));
#10822=CARTESIAN_POINT('',(8.04340828102443,-3.67546835757151,0.));
#10823=CARTESIAN_POINT('Ctrl Pts',(7.97005819465964,-7.46949426401274,0.));
#10824=CARTESIAN_POINT('Ctrl Pts',(7.97005819465964,-7.46949426401274,0.5));
#10825=CARTESIAN_POINT('Ctrl Pts',(9.03743580983086,-6.44270968563298,0.));
#10826=CARTESIAN_POINT('Ctrl Pts',(9.03743580983086,-6.44270968563298,0.5));
#10827=CARTESIAN_POINT('Ctrl Pts',(9.07019260693946,-4.74260304815401,0.));
#10828=CARTESIAN_POINT('Ctrl Pts',(9.07019260693946,-4.74260304815401,0.5));
#10829=CARTESIAN_POINT('Ctrl Pts',(8.04340828102443,-3.67546835757151,0.));
#10830=CARTESIAN_POINT('Ctrl Pts',(8.04340828102443,-3.67546835757151,0.5));
#10831=CARTESIAN_POINT('',(7.97005819465964,-7.46949426401274,0.00045356477807396));
#10832=CARTESIAN_POINT('Ctrl Pts',(8.04340828102443,-3.67546835757151,0.000453564778101286));
#10833=CARTESIAN_POINT('Ctrl Pts',(9.07019260693946,-4.74260304815401,0.000453564778101286));
#10834=CARTESIAN_POINT('Ctrl Pts',(9.03743580983086,-6.44270968563298,0.000453564778101286));
#10835=CARTESIAN_POINT('Ctrl Pts',(7.97005819465964,-7.46949426401274,0.000453564778101286));
#10836=CARTESIAN_POINT('',(7.97005819465964,-7.46949426401274,0.));
#10837=CARTESIAN_POINT('Ctrl Pts',(4.17603049451195,-7.39614688620132,0.));
#10838=CARTESIAN_POINT('Ctrl Pts',(4.17603049451195,-7.39614688620132,0.5));
#10839=CARTESIAN_POINT('Ctrl Pts',(5.20269891273672,-8.46339748447409,0.));
#10840=CARTESIAN_POINT('Ctrl Pts',(5.20269891273672,-8.46339748447409,0.5));
#10841=CARTESIAN_POINT('Ctrl Pts',(6.90292326118658,-8.49627522024892,0.));
#10842=CARTESIAN_POINT('Ctrl Pts',(6.90292326118658,-8.49627522024892,0.5));
#10843=CARTESIAN_POINT('Ctrl Pts',(7.97005819465964,-7.46949426401274,0.));
#10844=CARTESIAN_POINT('Ctrl Pts',(7.97005819465964,-7.46949426401274,0.5));
#10845=CARTESIAN_POINT('',(4.17603049451195,-7.39614688620132,0.000453564778082379));
#10846=CARTESIAN_POINT('Ctrl Pts',(7.97005819465964,-7.46949426401274,0.00045356477807396));
#10847=CARTESIAN_POINT('Ctrl Pts',(6.90292326118658,-8.49627522024892,0.00045356477807396));
#10848=CARTESIAN_POINT('Ctrl Pts',(5.20269891273672,-8.46339748447409,0.00045356477807396));
#10849=CARTESIAN_POINT('Ctrl Pts',(4.17603049451195,-7.39614688620132,0.00045356477807396));
#10850=CARTESIAN_POINT('',(4.17603049451195,-7.39614688620132,0.));
#10851=CARTESIAN_POINT('Ctrl Pts',(3.74044257103007,-4.27484738352781,0.));
#10852=CARTESIAN_POINT('Ctrl Pts',(3.74044257103007,-4.27484738352781,0.5));
#10853=CARTESIAN_POINT('Ctrl Pts',(3.21013947811248,-5.2720772519239,0.));
#10854=CARTESIAN_POINT('Ctrl Pts',(3.21013947811248,-5.2720772519239,0.5));
#10855=CARTESIAN_POINT('Ctrl Pts',(3.35090376830758,-6.53849356442118,0.));
#10856=CARTESIAN_POINT('Ctrl Pts',(3.35090376830758,-6.53849356442118,0.5));
#10857=CARTESIAN_POINT('Ctrl Pts',(4.17603049451195,-7.39614688620132,0.));
#10858=CARTESIAN_POINT('Ctrl Pts',(4.17603049451195,-7.39614688620132,0.5));
#10859=CARTESIAN_POINT('Ctrl Pts',(4.17603049451195,-7.39614688620132,0.000453564778082379));
#10860=CARTESIAN_POINT('Ctrl Pts',(3.35090376830758,-6.53849356442118,0.000453564778082379));
#10861=CARTESIAN_POINT('Ctrl Pts',(3.21013947811248,-5.2720772519239,0.000453564778082379));
#10862=CARTESIAN_POINT('Ctrl Pts',(3.74044257103007,-4.27484738352781,0.000453564778082379));
#10863=CARTESIAN_POINT('Ctrl Pts',(6.81473770445735,-6.26859307462054,0.));
#10864=CARTESIAN_POINT('Ctrl Pts',(6.81473770445735,-6.26859307462054,0.5));
#10865=CARTESIAN_POINT('Ctrl Pts',(6.41036112978701,-6.65777850123133,0.));
#10866=CARTESIAN_POINT('Ctrl Pts',(6.41036112978701,-6.65777850123133,0.5));
#10867=CARTESIAN_POINT('Ctrl Pts',(5.7659977583498,-6.64531488010225,0.));
#10868=CARTESIAN_POINT('Ctrl Pts',(5.7659977583498,-6.64531488010225,0.5));
#10869=CARTESIAN_POINT('Ctrl Pts',(5.37693376825909,-6.2408206787473,0.));
#10870=CARTESIAN_POINT('Ctrl Pts',(5.37693376825909,-6.2408206787473,0.5));
#10871=CARTESIAN_POINT('',(6.81473770445735,-6.26859307462054,0.00045356477808506));
#10872=CARTESIAN_POINT('Ctrl Pts',(5.37693376825909,-6.2408206787473,0.00045356477808825));
#10873=CARTESIAN_POINT('Ctrl Pts',(5.7659977583498,-6.64531488010225,0.00045356477808825));
#10874=CARTESIAN_POINT('Ctrl Pts',(6.41036112978701,-6.65777850123133,0.00045356477808825));
#10875=CARTESIAN_POINT('Ctrl Pts',(6.81473770445735,-6.26859307462054,0.00045356477808825));
#10876=CARTESIAN_POINT('',(6.81473770445735,-6.26859307462054,0.));
#10877=CARTESIAN_POINT('Ctrl Pts',(6.84262815919818,-4.83067141310464,0.));
#10878=CARTESIAN_POINT('Ctrl Pts',(6.84262815919818,-4.83067141310464,0.5));
#10879=CARTESIAN_POINT('Ctrl Pts',(7.2316921492889,-5.23516561445958,0.));
#10880=CARTESIAN_POINT('Ctrl Pts',(7.2316921492889,-5.23516561445958,0.5));
#10881=CARTESIAN_POINT('Ctrl Pts',(7.21923380890499,-5.87952717778704,0.));
#10882=CARTESIAN_POINT('Ctrl Pts',(7.21923380890499,-5.87952717778704,0.5));
#10883=CARTESIAN_POINT('Ctrl Pts',(6.81473770445735,-6.26859307462054,0.));
#10884=CARTESIAN_POINT('Ctrl Pts',(6.81473770445735,-6.26859307462054,0.5));
#10885=CARTESIAN_POINT('Ctrl Pts',(6.81473770445735,-6.26859307462054,0.00045356477808506));
#10886=CARTESIAN_POINT('Ctrl Pts',(7.21923380890499,-5.87952717778704,0.00045356477808506));
#10887=CARTESIAN_POINT('Ctrl Pts',(7.2316921492889,-5.23516561445958,0.00045356477808506));
#10888=CARTESIAN_POINT('Ctrl Pts',(6.84262815919818,-4.83067141310464,0.00045356477808506));
#10889=CARTESIAN_POINT('Origin',(0.0766335510331451,0.869909350909387,0.000453564778150771));
#10890=CARTESIAN_POINT('Origin',(0.0766335510331451,0.869909350909387,0.000453564778150771));
#10891=CARTESIAN_POINT('',(-7.50030030284596,4.74044580663027,0.000453564778194557));
#10892=CARTESIAN_POINT('',(-7.42693974421917,8.53450975897841,0.000453564778221884));
#10893=CARTESIAN_POINT('Ctrl Pts',(-7.50030030284596,4.74044580663027,0.000453564778194557));
#10894=CARTESIAN_POINT('Ctrl Pts',(-8.52702705205357,5.80765856458688,0.000453564778194557));
#10895=CARTESIAN_POINT('Ctrl Pts',(-8.49415435971043,7.50778211978437,0.000453564778194557));
#10896=CARTESIAN_POINT('Ctrl Pts',(-7.42693974421917,8.53450975897841,0.000453564778194557));
#10897=CARTESIAN_POINT('',(-3.63274529507066,8.46127717920134,0.000453564778213465));
#10898=CARTESIAN_POINT('Ctrl Pts',(-7.42693974421917,8.53450975897841,0.000453564778221884));
#10899=CARTESIAN_POINT('Ctrl Pts',(-6.35959661432585,9.56136103711697,0.000453564778221884));
#10900=CARTESIAN_POINT('Ctrl Pts',(-4.65947204427827,9.52848993715794,0.000453564778221884));
#10901=CARTESIAN_POINT('Ctrl Pts',(-3.63274529507066,8.46127717920134,0.000453564778221884));
#10902=CARTESIAN_POINT('',(-2.99167511967239,5.84517281778611,0.000453564778193184));
#10903=CARTESIAN_POINT('Ctrl Pts',(-3.63274529507066,8.46127717920134,0.000453564778213465));
#10904=CARTESIAN_POINT('Ctrl Pts',(-2.94180323079782,7.74308980698186,0.000453564778213465));
#10905=CARTESIAN_POINT('Ctrl Pts',(-2.73080517551658,6.73839234826372,0.000453564778213465));
#10906=CARTESIAN_POINT('Ctrl Pts',(-2.99167511967239,5.84517281778611,0.000453564778213465));
#10907=CARTESIAN_POINT('',(-6.54232261842033,4.10095537199587,0.000453564778187934));
#10908=CARTESIAN_POINT('',(-4.51554640738305,5.09658741579927,0.000453564778190931));
#10909=CARTESIAN_POINT('Ctrl Pts',(-6.54232261842033,4.10095537199587,0.000453564778187934));
#10910=CARTESIAN_POINT('Ctrl Pts',(-6.89374170631872,4.23759328524435,0.000453564778187934));
#10911=CARTESIAN_POINT('Ctrl Pts',(-7.22176278137049,4.45092496116905,0.000453564778187934));
#10912=CARTESIAN_POINT('Ctrl Pts',(-7.50030030284596,4.74044580663027,0.000453564778187934));
#10913=CARTESIAN_POINT('',(-4.8336843160334,7.3058982442516,0.000453564778207594));
#10914=CARTESIAN_POINT('',(-6.27156154423852,7.33357255125891,0.000453564778210784));
#10915=CARTESIAN_POINT('Ctrl Pts',(-4.8336843160334,7.3058982442516,0.000453564778207594));
#10916=CARTESIAN_POINT('Ctrl Pts',(-5.2227426670829,7.71029798951004,0.000453564778207594));
#10917=CARTESIAN_POINT('Ctrl Pts',(-5.86703218159995,7.72275526245649,0.000453564778207594));
#10918=CARTESIAN_POINT('Ctrl Pts',(-6.27156154423852,7.33357255125891,0.000453564778207594));
#10919=CARTESIAN_POINT('',(-6.29936152807939,5.89582450472379,0.000453564778200428));
#10920=CARTESIAN_POINT('Ctrl Pts',(-6.27156154423852,7.33357255125891,0.000453564778210784));
#10921=CARTESIAN_POINT('Ctrl Pts',(-6.67596190008268,6.94451395271828,0.000453564778210784));
#10922=CARTESIAN_POINT('Ctrl Pts',(-6.68841987912889,6.30022424998224,0.000453564778210784));
#10923=CARTESIAN_POINT('Ctrl Pts',(-6.29936152807939,5.89582450472379,0.000453564778210784));
#10924=CARTESIAN_POINT('',(-4.86148846484227,5.86789730597653,0.000453564778197237));
#10925=CARTESIAN_POINT('Ctrl Pts',(-6.29936152807939,5.89582450472379,0.000453564778200428));
#10926=CARTESIAN_POINT('Ctrl Pts',(-5.91017882759583,5.49129550666991,0.000453564778200428));
#10927=CARTESIAN_POINT('Ctrl Pts',(-5.26588882068643,5.47883870743589,0.000453564778200428));
#10928=CARTESIAN_POINT('Ctrl Pts',(-4.86148846484227,5.86789730597653,0.000453564778200428));
#10929=CARTESIAN_POINT('Ctrl Pts',(-4.86148846484227,5.86789730597653,0.000453564778197237));
#10930=CARTESIAN_POINT('Ctrl Pts',(-4.4569591022037,6.25708001717411,0.000453564778197237));
#10931=CARTESIAN_POINT('Ctrl Pts',(-4.44450161554984,6.90136924619773,0.000453564778197237));
#10932=CARTESIAN_POINT('Ctrl Pts',(-4.8336843160334,7.3058982442516,0.000453564778197237));
#10933=CARTESIAN_POINT('Ctrl Pts',(-6.29936152807939,5.89582450472379,0.));
#10934=CARTESIAN_POINT('Ctrl Pts',(-6.29936152807939,5.89582450472379,0.5));
#10935=CARTESIAN_POINT('Ctrl Pts',(-6.68841987912889,6.30022424998224,0.));
#10936=CARTESIAN_POINT('Ctrl Pts',(-6.68841987912889,6.30022424998224,0.5));
#10937=CARTESIAN_POINT('Ctrl Pts',(-6.67596190008268,6.94451395271828,0.));
#10938=CARTESIAN_POINT('Ctrl Pts',(-6.67596190008268,6.94451395271828,0.5));
#10939=CARTESIAN_POINT('Ctrl Pts',(-6.27156154423852,7.33357255125891,0.));
#10940=CARTESIAN_POINT('Ctrl Pts',(-6.27156154423852,7.33357255125891,0.5));
#10941=CARTESIAN_POINT('',(-6.27156154423852,7.33357255125891,0.5));
#10942=CARTESIAN_POINT('',(-6.27156154423852,7.33357255125891,0.));
#10943=CARTESIAN_POINT('',(-6.29936152807939,5.89582450472379,0.5));
#10944=CARTESIAN_POINT('Ctrl Pts',(-6.29936152807939,5.89582450472379,0.5));
#10945=CARTESIAN_POINT('Ctrl Pts',(-6.68841987912889,6.30022424998224,0.5));
#10946=CARTESIAN_POINT('Ctrl Pts',(-6.67596190008268,6.94451395271828,0.5));
#10947=CARTESIAN_POINT('Ctrl Pts',(-6.27156154423852,7.33357255125891,0.5));
#10948=CARTESIAN_POINT('',(-6.29936152807939,5.89582450472379,0.));
#10949=CARTESIAN_POINT('Ctrl Pts',(-6.27156154423852,7.33357255125891,0.));
#10950=CARTESIAN_POINT('Ctrl Pts',(-6.27156154423852,7.33357255125891,0.5));
#10951=CARTESIAN_POINT('Ctrl Pts',(-5.86703218159995,7.72275526245649,0.));
#10952=CARTESIAN_POINT('Ctrl Pts',(-5.86703218159995,7.72275526245649,0.5));
#10953=CARTESIAN_POINT('Ctrl Pts',(-5.2227426670829,7.71029798951004,0.));
#10954=CARTESIAN_POINT('Ctrl Pts',(-5.2227426670829,7.71029798951004,0.5));
#10955=CARTESIAN_POINT('Ctrl Pts',(-4.8336843160334,7.3058982442516,0.));
#10956=CARTESIAN_POINT('Ctrl Pts',(-4.8336843160334,7.3058982442516,0.5));
#10957=CARTESIAN_POINT('',(-4.8336843160334,7.3058982442516,0.5));
#10958=CARTESIAN_POINT('',(-4.8336843160334,7.3058982442516,0.));
#10959=CARTESIAN_POINT('Ctrl Pts',(-6.27156154423852,7.33357255125891,0.5));
#10960=CARTESIAN_POINT('Ctrl Pts',(-5.86703218159995,7.72275526245649,0.5));
#10961=CARTESIAN_POINT('Ctrl Pts',(-5.2227426670829,7.71029798951004,0.5));
#10962=CARTESIAN_POINT('Ctrl Pts',(-4.8336843160334,7.3058982442516,0.5));
#10963=CARTESIAN_POINT('Ctrl Pts',(-2.99167511967239,5.84517281778611,0.));
#10964=CARTESIAN_POINT('Ctrl Pts',(-2.99167511967239,5.84517281778611,0.5));
#10965=CARTESIAN_POINT('Ctrl Pts',(-2.73080517551658,6.73839234826372,0.));
#10966=CARTESIAN_POINT('Ctrl Pts',(-2.73080517551658,6.73839234826372,0.5));
#10967=CARTESIAN_POINT('Ctrl Pts',(-2.94180323079782,7.74308980698186,0.));
#10968=CARTESIAN_POINT('Ctrl Pts',(-2.94180323079782,7.74308980698186,0.5));
#10969=CARTESIAN_POINT('Ctrl Pts',(-3.63274529507066,8.46127717920134,0.));
#10970=CARTESIAN_POINT('Ctrl Pts',(-3.63274529507066,8.46127717920134,0.5));
#10971=CARTESIAN_POINT('',(-3.63274529507066,8.46127717920134,0.5));
#10972=CARTESIAN_POINT('',(-3.63274529507066,8.46127717920134,0.));
#10973=CARTESIAN_POINT('',(-2.99167511967239,5.84517281778611,0.5));
#10974=CARTESIAN_POINT('Ctrl Pts',(-2.99167511967239,5.84517281778611,0.5));
#10975=CARTESIAN_POINT('Ctrl Pts',(-2.73080517551658,6.73839234826372,0.5));
#10976=CARTESIAN_POINT('Ctrl Pts',(-2.94180323079782,7.74308980698186,0.5));
#10977=CARTESIAN_POINT('Ctrl Pts',(-3.63274529507066,8.46127717920134,0.5));
#10978=CARTESIAN_POINT('',(-2.99167511967239,5.84517281778611,0.));
#10979=CARTESIAN_POINT('Ctrl Pts',(-3.63274529507066,8.46127717920134,0.));
#10980=CARTESIAN_POINT('Ctrl Pts',(-3.63274529507066,8.46127717920134,0.5));
#10981=CARTESIAN_POINT('Ctrl Pts',(-4.65947204427827,9.52848993715794,0.));
#10982=CARTESIAN_POINT('Ctrl Pts',(-4.65947204427827,9.52848993715794,0.5));
#10983=CARTESIAN_POINT('Ctrl Pts',(-6.35959661432585,9.56136103711697,0.));
#10984=CARTESIAN_POINT('Ctrl Pts',(-6.35959661432585,9.56136103711697,0.5));
#10985=CARTESIAN_POINT('Ctrl Pts',(-7.42693974421917,8.53450975897841,0.));
#10986=CARTESIAN_POINT('Ctrl Pts',(-7.42693974421917,8.53450975897841,0.5));
#10987=CARTESIAN_POINT('',(-7.42693974421917,8.53450975897841,0.5));
#10988=CARTESIAN_POINT('',(-7.42693974421917,8.53450975897841,0.));
#10989=CARTESIAN_POINT('Ctrl Pts',(-3.63274529507066,8.46127717920134,0.5));
#10990=CARTESIAN_POINT('Ctrl Pts',(-4.65947204427827,9.52848993715794,0.5));
#10991=CARTESIAN_POINT('Ctrl Pts',(-6.35959661432585,9.56136103711697,0.5));
#10992=CARTESIAN_POINT('Ctrl Pts',(-7.42693974421917,8.53450975897841,0.5));
#10993=CARTESIAN_POINT('Ctrl Pts',(-7.42693974421917,8.53450975897841,0.));
#10994=CARTESIAN_POINT('Ctrl Pts',(-7.42693974421917,8.53450975897841,0.5));
#10995=CARTESIAN_POINT('Ctrl Pts',(-8.49415435971043,7.50778211978437,0.));
#10996=CARTESIAN_POINT('Ctrl Pts',(-8.49415435971043,7.50778211978437,0.5));
#10997=CARTESIAN_POINT('Ctrl Pts',(-8.52702705205357,5.80765856458688,0.));
#10998=CARTESIAN_POINT('Ctrl Pts',(-8.52702705205357,5.80765856458688,0.5));
#10999=CARTESIAN_POINT('Ctrl Pts',(-7.50030030284596,4.74044580663027,0.));
#11000=CARTESIAN_POINT('Ctrl Pts',(-7.50030030284596,4.74044580663027,0.5));
#11001=CARTESIAN_POINT('',(-7.50030030284596,4.74044580663027,0.5));
#11002=CARTESIAN_POINT('',(-7.50030030284596,4.74044580663027,0.));
#11003=CARTESIAN_POINT('Ctrl Pts',(-7.42693974421917,8.53450975897841,0.5));
#11004=CARTESIAN_POINT('Ctrl Pts',(-8.49415435971043,7.50778211978437,0.5));
#11005=CARTESIAN_POINT('Ctrl Pts',(-8.52702705205357,5.80765856458688,0.5));
#11006=CARTESIAN_POINT('Ctrl Pts',(-7.50030030284596,4.74044580663027,0.5));
#11007=CARTESIAN_POINT('Ctrl Pts',(-4.86148846484227,5.86789730597653,0.));
#11008=CARTESIAN_POINT('Ctrl Pts',(-4.86148846484227,5.86789730597653,0.5));
#11009=CARTESIAN_POINT('Ctrl Pts',(-5.26588882068643,5.47883870743589,0.));
#11010=CARTESIAN_POINT('Ctrl Pts',(-5.26588882068643,5.47883870743589,0.5));
#11011=CARTESIAN_POINT('Ctrl Pts',(-5.91017882759583,5.49129550666991,0.));
#11012=CARTESIAN_POINT('Ctrl Pts',(-5.91017882759583,5.49129550666991,0.5));
#11013=CARTESIAN_POINT('Ctrl Pts',(-6.29936152807939,5.89582450472379,0.));
#11014=CARTESIAN_POINT('Ctrl Pts',(-6.29936152807939,5.89582450472379,0.5));
#11015=CARTESIAN_POINT('',(-4.86148846484227,5.86789730597653,0.5));
#11016=CARTESIAN_POINT('Ctrl Pts',(-4.86148846484227,5.86789730597653,0.5));
#11017=CARTESIAN_POINT('Ctrl Pts',(-5.26588882068643,5.47883870743589,0.5));
#11018=CARTESIAN_POINT('Ctrl Pts',(-5.91017882759583,5.49129550666991,0.5));
#11019=CARTESIAN_POINT('Ctrl Pts',(-6.29936152807939,5.89582450472379,0.5));
#11020=CARTESIAN_POINT('',(-4.86148846484227,5.86789730597653,0.));
#11021=CARTESIAN_POINT('Ctrl Pts',(-4.8336843160334,7.3058982442516,0.));
#11022=CARTESIAN_POINT('Ctrl Pts',(-4.8336843160334,7.3058982442516,0.5));
#11023=CARTESIAN_POINT('Ctrl Pts',(-4.44450161554984,6.90136924619773,0.));
#11024=CARTESIAN_POINT('Ctrl Pts',(-4.44450161554984,6.90136924619773,0.5));
#11025=CARTESIAN_POINT('Ctrl Pts',(-4.4569591022037,6.25708001717411,0.));
#11026=CARTESIAN_POINT('Ctrl Pts',(-4.4569591022037,6.25708001717411,0.5));
#11027=CARTESIAN_POINT('Ctrl Pts',(-4.86148846484227,5.86789730597653,0.));
#11028=CARTESIAN_POINT('Ctrl Pts',(-4.86148846484227,5.86789730597653,0.5));
#11029=CARTESIAN_POINT('Ctrl Pts',(-4.8336843160334,7.3058982442516,0.5));
#11030=CARTESIAN_POINT('Ctrl Pts',(-4.44450161554984,6.90136924619773,0.5));
#11031=CARTESIAN_POINT('Ctrl Pts',(-4.4569591022037,6.25708001717411,0.5));
#11032=CARTESIAN_POINT('Ctrl Pts',(-4.86148846484227,5.86789730597653,0.5));
#11033=CARTESIAN_POINT('Origin',(-6.54232261842033,4.10095537199587,0.));
#11034=CARTESIAN_POINT('',(-6.54232261842033,4.10095537199587,0.5));
#11035=CARTESIAN_POINT('',(-6.54232261842033,4.10095537199587,0.5));
#11036=CARTESIAN_POINT('',(-6.54232261842033,4.10095537199587,0.));
#11037=CARTESIAN_POINT('Ctrl Pts',(-7.50030030284596,4.74044580663027,0.));
#11038=CARTESIAN_POINT('Ctrl Pts',(-7.50030030284596,4.74044580663027,0.5));
#11039=CARTESIAN_POINT('Ctrl Pts',(-7.22176278137049,4.45092496116905,0.));
#11040=CARTESIAN_POINT('Ctrl Pts',(-7.22176278137049,4.45092496116905,0.5));
#11041=CARTESIAN_POINT('Ctrl Pts',(-6.89374170631872,4.23759328524435,0.));
#11042=CARTESIAN_POINT('Ctrl Pts',(-6.89374170631872,4.23759328524435,0.5));
#11043=CARTESIAN_POINT('Ctrl Pts',(-6.54232261842033,4.10095537199587,0.));
#11044=CARTESIAN_POINT('Ctrl Pts',(-6.54232261842033,4.10095537199587,0.5));
#11045=CARTESIAN_POINT('Ctrl Pts',(-7.50030030284596,4.74044580663027,0.5));
#11046=CARTESIAN_POINT('Ctrl Pts',(-7.22176278137049,4.45092496116905,0.5));
#11047=CARTESIAN_POINT('Ctrl Pts',(-6.89374170631872,4.23759328524435,0.5));
#11048=CARTESIAN_POINT('Ctrl Pts',(-6.54232261842033,4.10095537199587,0.5));
#11049=CARTESIAN_POINT('Origin',(-5.62891611378507,6.83115820455642,0.5));
#11050=CARTESIAN_POINT('Origin',(-0.852185605792143,1.70068993410145,0.5));
#11051=CARTESIAN_POINT('',(-2.71994264521408,2.44024498203574,0.5));
#11052=CARTESIAN_POINT('',(-0.554573808891005,0.189655016458015,0.5));
#11053=CARTESIAN_POINT('',(-2.71994264521408,2.44024498203574,0.5));
#11054=CARTESIAN_POINT('',(1.01557143362979,0.961018978476916,0.5));
#11055=CARTESIAN_POINT('',(-0.554573808891005,0.189655016458015,0.5));
#11056=CARTESIAN_POINT('',(-1.14968149500303,3.21172485174488,0.5));
#11057=CARTESIAN_POINT('',(1.01557143362979,0.961018978476916,0.5));
#11058=CARTESIAN_POINT('',(-1.14968149500303,3.21172485174488,0.5));
#11059=CARTESIAN_POINT('Origin',(-2.71994264521408,2.44024498203574,0.));
#11060=CARTESIAN_POINT('',(-0.554573808891005,0.189655016458015,0.000453564778147156));
#11061=CARTESIAN_POINT('',(-2.71994264521408,2.44024498203574,0.000453564778167959));
#11062=CARTESIAN_POINT('',(-1.65548173644698,1.33389072042691,0.000453564778157733));
#11063=CARTESIAN_POINT('',(-0.554573808891005,0.189655016458015,0.));
#11064=CARTESIAN_POINT('',(-2.71994264521408,2.44024498203574,0.));
#11065=CARTESIAN_POINT('Origin',(-0.554573808891005,0.189655016458015,0.));
#11066=CARTESIAN_POINT('',(1.01557143362979,0.961018978476916,0.000453564778149478));
#11067=CARTESIAN_POINT('',(-0.16572339562619,0.380685239195299,0.000453564778147731));
#11068=CARTESIAN_POINT('',(1.01557143362979,0.961018978476916,0.));
#11069=CARTESIAN_POINT('Origin',(-1.14968149500303,3.21172485174488,0.));
#11070=CARTESIAN_POINT('',(-1.14968149500303,3.21172485174488,0.000453564778170281));
#11071=CARTESIAN_POINT('',(-1.11916497652794,3.22671782262363,0.000453564778170327));
#11072=CARTESIAN_POINT('',(-1.14968149500303,3.21172485174488,0.));
#11073=CARTESIAN_POINT('Origin',(1.01557143362979,0.961018978476916,0.));
#11074=CARTESIAN_POINT('',(0.812678581636512,1.17191911286154,0.000453564778151428));
#11075=CARTESIAN_POINT('Origin',(0.0766335510331451,0.869909350909387,0.000453564778150771));
#11076=CARTESIAN_POINT('',(0.,0.,0.));
#11077=CARTESIAN_POINT('Origin',(21.9222874927066,5.08859091351404,29.5004535647778));
#11078=CARTESIAN_POINT('',(21.9222874927066,5.08859091351404,29.5004535647778));
#11079=CARTESIAN_POINT('',(8.92228749270661,5.08859091351404,29.5004535647779));
#11080=CARTESIAN_POINT('',(21.9222874927066,5.08859091351404,29.5004535647778));
#11081=CARTESIAN_POINT('',(8.92228749270661,5.08859091351405,29.1004535647779));
#11082=CARTESIAN_POINT('',(8.92228749270661,5.08859091351404,29.5004535647779));
#11083=CARTESIAN_POINT('',(21.9222874927066,5.08859091351405,29.1004535647778));
#11084=CARTESIAN_POINT('',(21.9222874927066,5.08859091351405,29.1004535647778));
#11085=CARTESIAN_POINT('',(21.9222874927066,5.08859091351404,29.5004535647778));
#11086=CARTESIAN_POINT('Origin',(21.9222874927066,28.088590913514,29.5004535647779));
#11087=CARTESIAN_POINT('',(21.9222874927066,28.088590913514,29.5004535647779));
#11088=CARTESIAN_POINT('',(21.9222874927066,28.088590913514,29.5004535647779));
#11089=CARTESIAN_POINT('',(21.9222874927066,28.0885909135141,29.1004535647779));
#11090=CARTESIAN_POINT('',(21.9222874927066,28.0885909135141,29.1004535647779));
#11091=CARTESIAN_POINT('',(21.9222874927066,28.088590913514,29.5004535647779));
#11092=CARTESIAN_POINT('Origin',(8.92228749270661,28.088590913514,29.500453564778));
#11093=CARTESIAN_POINT('',(8.92228749270661,28.088590913514,29.500453564778));
#11094=CARTESIAN_POINT('',(8.92228749270661,28.088590913514,29.500453564778));
#11095=CARTESIAN_POINT('',(8.92228749270661,28.0885909135141,29.100453564778));
#11096=CARTESIAN_POINT('',(8.92228749270661,28.0885909135141,29.100453564778));
#11097=CARTESIAN_POINT('',(8.92228749270661,28.088590913514,29.500453564778));
#11098=CARTESIAN_POINT('Origin',(8.92228749270661,5.08859091351404,29.5004535647779));
#11099=CARTESIAN_POINT('',(8.92228749270661,5.08859091351404,29.5004535647779));
#11100=CARTESIAN_POINT('',(8.92228749270661,5.08859091351405,29.1004535647779));
#11101=CARTESIAN_POINT('Origin',(15.4222874927066,16.588590913514,29.1004535647779));
#11102=CARTESIAN_POINT('Origin',(15.4222874927066,16.588590913514,29.5004535647779));
#11103=CARTESIAN_POINT('Origin',(62.4,88.4,15.));
#11104=CARTESIAN_POINT('',(65.4,88.4,15.));
#11105=CARTESIAN_POINT('Origin',(62.4,88.4,15.));
#11106=CARTESIAN_POINT('',(63.85,88.4,15.));
#11107=CARTESIAN_POINT('Origin',(62.4,88.4,15.));
#11108=CARTESIAN_POINT('Origin',(62.4,3.59999999999999,15.));
#11109=CARTESIAN_POINT('',(65.4,3.59999999999999,15.));
#11110=CARTESIAN_POINT('Origin',(62.4,3.59999999999999,15.));
#11111=CARTESIAN_POINT('',(63.85,3.59999999999999,15.));
#11112=CARTESIAN_POINT('Origin',(62.4,3.59999999999999,15.));
#11113=CARTESIAN_POINT('Origin',(3.6,3.59999999999999,15.));
#11114=CARTESIAN_POINT('',(6.59999999999999,3.59999999999999,15.));
#11115=CARTESIAN_POINT('Origin',(3.6,3.59999999999999,15.));
#11116=CARTESIAN_POINT('',(5.05,3.59999999999999,15.));
#11117=CARTESIAN_POINT('Origin',(3.6,3.59999999999999,15.));
#11118=CARTESIAN_POINT('Origin',(3.6,88.4,15.));
#11119=CARTESIAN_POINT('',(6.59999999999999,88.4,15.));
#11120=CARTESIAN_POINT('Origin',(3.6,88.4,15.));
#11121=CARTESIAN_POINT('',(5.05,88.4,15.));
#11122=CARTESIAN_POINT('Origin',(3.6,88.4,15.));
#11123=CARTESIAN_POINT('Origin',(54.9082173791815,66.4033340551935,27.5));
#11124=CARTESIAN_POINT('',(55.9082173791815,66.4033340551935,22.5));
#11125=CARTESIAN_POINT('Origin',(54.9082173791815,66.4033340551935,22.5));
#11126=CARTESIAN_POINT('',(55.9082173791815,66.4033340551935,27.));
#11127=CARTESIAN_POINT('',(55.9082173791815,66.4033340551935,27.5));
#11128=CARTESIAN_POINT('Origin',(54.9082173791815,66.4033340551935,27.));
#11129=CARTESIAN_POINT('Origin',(54.9082173791815,47.4033340551935,27.5));
#11130=CARTESIAN_POINT('',(55.9082173791815,47.4033340551935,22.5));
#11131=CARTESIAN_POINT('Origin',(54.9082173791815,47.4033340551935,22.5));
#11132=CARTESIAN_POINT('',(55.9082173791815,47.4033340551935,27.));
#11133=CARTESIAN_POINT('',(55.9082173791815,47.4033340551935,27.5));
#11134=CARTESIAN_POINT('Origin',(54.9082173791815,47.4033340551935,27.));
#11135=CARTESIAN_POINT('Ctrl Pts',(60.110380746673,1.66153574322499,29.3845064014768));
#11136=CARTESIAN_POINT('Ctrl Pts',(59.7978086775781,2.03073059680592,29.6269003344872));
#11137=CARTESIAN_POINT('Ctrl Pts',(59.5534089550807,2.51256331838131,29.8));
#11138=CARTESIAN_POINT('Ctrl Pts',(59.4532061914684,3.0375,29.8));
#11139=CARTESIAN_POINT('Ctrl Pts',(60.1279302395227,1.64080713986062,29.4423224799018));
#11140=CARTESIAN_POINT('Ctrl Pts',(59.8069226497462,2.01268643601703,29.6820281782883));
#11141=CARTESIAN_POINT('Ctrl Pts',(59.5553672481872,2.50251158110166,29.8536282049379));
#11142=CARTESIAN_POINT('Ctrl Pts',(59.4532061914684,3.0375,29.8523598775598));
#11143=CARTESIAN_POINT('Ctrl Pts',(60.1155778399826,1.57522321133823,29.5318835061328));
#11144=CARTESIAN_POINT('Ctrl Pts',(59.7841305169037,1.96427867500937,29.768279440664));
#11145=CARTESIAN_POINT('Ctrl Pts',(59.524377359304,2.47402329999127,29.9372521166101));
#11146=CARTESIAN_POINT('Ctrl Pts',(59.4197781216739,3.03111906856022,29.934106864594));
#11147=CARTESIAN_POINT('Ctrl Pts',(60.0314378261112,1.47967016826761,29.5713910890924));
#11148=CARTESIAN_POINT('Ctrl Pts',(59.6973797420466,1.89254511382135,29.8178577097605));
#11149=CARTESIAN_POINT('Ctrl Pts',(59.4361930749181,2.42925246652923,29.9934514607387));
#11150=CARTESIAN_POINT('Ctrl Pts',(59.3300585331252,3.01399290642002,29.9910738460994));
#11151=CARTESIAN_POINT('Ctrl Pts',(59.9799456197013,1.44110422326751,29.5632206884152));
#11152=CARTESIAN_POINT('Ctrl Pts',(59.6463113294744,1.86118783857415,29.8187087741271));
#11153=CARTESIAN_POINT('Ctrl Pts',(59.3854580239536,2.40831658480859,30.0008412203614));
#11154=CARTESIAN_POINT('Ctrl Pts',(59.2787952370438,3.00420749016106,30.));
#11155=CARTESIAN_POINT('Ctrl Pts',(59.9577394631179,1.42746942082856,29.5548282872966));
#11156=CARTESIAN_POINT('Ctrl Pts',(59.6243292560833,1.84940639634963,29.8145360726648));
#11157=CARTESIAN_POINT('Ctrl Pts',(59.3636362187528,2.40007236386439,30.));
#11158=CARTESIAN_POINT('Ctrl Pts',(59.2567532708997,3.,30.));
#11159=CARTESIAN_POINT('',(60.0595423441719,1.72333256638245,29.4237747761255));
#11160=CARTESIAN_POINT('',(59.4532061914684,3.0375,29.8));
#11161=CARTESIAN_POINT('Ctrl Pts',(60.0595423441719,1.72333256638245,29.4237747761255));
#11162=CARTESIAN_POINT('Ctrl Pts',(59.7714150363791,2.0837517462053,29.6453802236861));
#11163=CARTESIAN_POINT('Ctrl Pts',(59.5479092718937,2.54137475369582,29.8));
#11164=CARTESIAN_POINT('Ctrl Pts',(59.4532061914684,3.0375,29.8));
#11165=CARTESIAN_POINT('',(59.2567532708997,3.,30.));
#11166=CARTESIAN_POINT('Origin',(59.2567532708997,3.,29.8));
#11167=CARTESIAN_POINT('',(59.9577394629958,1.42746942072014,29.5548282873159));
#11168=CARTESIAN_POINT('Ctrl Pts',(59.2567532708997,3.,30.));
#11169=CARTESIAN_POINT('Ctrl Pts',(59.3636362187528,2.40007236386439,30.));
#11170=CARTESIAN_POINT('Ctrl Pts',(59.6243292560833,1.84940639634963,29.8145360726648));
#11171=CARTESIAN_POINT('Ctrl Pts',(59.9577394631179,1.42746942082856,29.5548282872966));
#11172=CARTESIAN_POINT('',(60.0083985965315,1.52251893684279,29.5835344798495));
#11173=CARTESIAN_POINT('Ctrl Pts',(59.9577394628355,1.42746942118597,29.5548282875166));
#11174=CARTESIAN_POINT('Ctrl Pts',(59.9628275087306,1.44742614845284,29.5671119169227));
#11175=CARTESIAN_POINT('Ctrl Pts',(59.9700459686459,1.46617827227685,29.5757540654636));
#11176=CARTESIAN_POINT('Ctrl Pts',(59.9858695638383,1.49504507853003,29.5838586312136));
#11177=CARTESIAN_POINT('Ctrl Pts',(59.9938169882605,1.50666500586905,29.5853778074065));
#11178=CARTESIAN_POINT('Ctrl Pts',(60.0049594594137,1.5189835096475,29.5841410660087));
#11179=CARTESIAN_POINT('Ctrl Pts',(60.0066649100784,1.52077988431587,29.5838764478342));
#11180=CARTESIAN_POINT('Ctrl Pts',(60.0083985965315,1.52251893684279,29.5835344798495));
#11181=CARTESIAN_POINT('Ctrl Pts',(60.0082446470558,1.52246214198019,29.5834724754497));
#11182=CARTESIAN_POINT('Ctrl Pts',(60.0175949298504,1.53184596558524,29.5816205822996));
#11183=CARTESIAN_POINT('Ctrl Pts',(60.0262054797892,1.5416862036669,29.5787233526739));
#11184=CARTESIAN_POINT('Ctrl Pts',(60.0339488250065,1.55180887014907,29.5748520813613));
#11185=CARTESIAN_POINT('Ctrl Pts',(60.0409597430629,1.56097405434633,29.5713469856713));
#11186=CARTESIAN_POINT('Ctrl Pts',(60.0472604101788,1.57037179794597,29.5670424651638));
#11187=CARTESIAN_POINT('Ctrl Pts',(60.0527394381454,1.57987868409004,29.5619591570457));
#11188=CARTESIAN_POINT('Ctrl Pts',(60.0549837550813,1.58377289045496,29.5598769346936));
#11189=CARTESIAN_POINT('Ctrl Pts',(60.0570811051295,1.58767014887946,29.5576718907971));
#11190=CARTESIAN_POINT('Ctrl Pts',(60.0590260771252,1.59156158851932,29.5553471108893));
#11191=CARTESIAN_POINT('Ctrl Pts',(60.0642315076471,1.60197645244593,29.5491251805396));
#11192=CARTESIAN_POINT('Ctrl Pts',(60.0683482473514,1.61234977026534,29.5420487049572));
#11193=CARTESIAN_POINT('Ctrl Pts',(60.0714055876662,1.6225631582733,29.5342789499347));
#11194=CARTESIAN_POINT('Ctrl Pts',(60.0731887104611,1.62851987983353,29.5297474206102));
#11195=CARTESIAN_POINT('Ctrl Pts',(60.0746108060062,1.63442223434997,29.5249792139411));
#11196=CARTESIAN_POINT('Ctrl Pts',(60.0756717150423,1.64024571351944,29.5200009964743));
#11197=CARTESIAN_POINT('Ctrl Pts',(60.0775375224996,1.65048739352365,29.5112458676584));
#11198=CARTESIAN_POINT('Ctrl Pts',(60.078272659491,1.66039777685089,29.5019179471709));
#11199=CARTESIAN_POINT('Ctrl Pts',(60.0779021362895,1.66984502155677,29.4921694610165));
#11200=CARTESIAN_POINT('Ctrl Pts',(60.0776891045649,1.67527669985347,29.4865645844287));
#11201=CARTESIAN_POINT('Ctrl Pts',(60.0771098181705,1.68055518074402,29.4808200100481));
#11202=CARTESIAN_POINT('Ctrl Pts',(60.0761625026233,1.68565326705368,29.4749610574963));
#11203=CARTESIAN_POINT('Ctrl Pts',(60.0745127346828,1.69453168077355,29.4647575808267));
#11204=CARTESIAN_POINT('Ctrl Pts',(60.0717599734771,1.70280603985152,29.4542745839659));
#11205=CARTESIAN_POINT('Ctrl Pts',(60.0679063447176,1.71033453302988,29.4436460582016));
#11206=CARTESIAN_POINT('Ctrl Pts',(60.0656948668032,1.71465490155316,29.4375466772135));
#11207=CARTESIAN_POINT('Ctrl Pts',(60.0631200493842,1.7187293324812,29.4313990146298));
#11208=CARTESIAN_POINT('Ctrl Pts',(60.0601755129222,1.72252724704068,29.4252272717107));
#11209=CARTESIAN_POINT('Ctrl Pts',(60.0599504679162,1.72281751402014,29.4247555777989));
#11210=CARTESIAN_POINT('Ctrl Pts',(60.0597232923061,1.72310612347236,29.4242838072424));
#11211=CARTESIAN_POINT('Ctrl Pts',(60.0594939839299,1.72339306200371,29.4238119709558));
#11212=CARTESIAN_POINT('Origin',(62.4,3.59999999999999,29.8));
#11213=CARTESIAN_POINT('',(60.142135623731,5.86760853287667,30.));
#11214=CARTESIAN_POINT('Origin',(62.4,3.59999999999999,30.));
#11215=CARTESIAN_POINT('',(60.2055965753529,5.64559720480398,29.7999898975466));
#11216=CARTESIAN_POINT('Origin',(62.4,3.59999999999999,29.8));
#11217=CARTESIAN_POINT('',(60.1708821432354,5.74954503084262,29.9712534804956));
#11218=CARTESIAN_POINT('Ctrl Pts',(60.2055965753529,5.64559720480398,29.7999898975466));
#11219=CARTESIAN_POINT('Ctrl Pts',(60.2056637247959,5.6456693153055,29.8003111175369));
#11220=CARTESIAN_POINT('Ctrl Pts',(60.205730294931,5.6457419594426,29.8006323358333));
#11221=CARTESIAN_POINT('Ctrl Pts',(60.205796285925,5.64581513599021,29.8009535497114));
#11222=CARTESIAN_POINT('Ctrl Pts',(60.2085386177883,5.64885607182254,29.814301962882));
#11223=CARTESIAN_POINT('Ctrl Pts',(60.2102771986077,5.6528058363962,29.8276083892796));
#11224=CARTESIAN_POINT('Ctrl Pts',(60.211019043382,5.65758064866006,29.8406786514105));
#11225=CARTESIAN_POINT('Ctrl Pts',(60.2114693837843,5.66047922117892,29.8486130162679));
#11226=CARTESIAN_POINT('Ctrl Pts',(60.2115517180574,5.66368261990476,29.856460363948));
#11227=CARTESIAN_POINT('Ctrl Pts',(60.2112604977437,5.66717769604611,29.8641747901466));
#11228=CARTESIAN_POINT('Ctrl Pts',(60.2108089809002,5.67259656853918,29.87613547147));
#11229=CARTESIAN_POINT('Ctrl Pts',(60.2094637499025,5.67868607313806,29.8877121538271));
#11230=CARTESIAN_POINT('Ctrl Pts',(60.207204072046,5.68539050855494,29.8987339160272));
#11231=CARTESIAN_POINT('Ctrl Pts',(60.2056627225804,5.6899636727861,29.9062519731825));
#11232=CARTESIAN_POINT('Ctrl Pts',(60.2036951064721,5.69482351719827,29.9135115318111));
#11233=CARTESIAN_POINT('Ctrl Pts',(60.2013144145936,5.69994255155328,29.9204654022078));
#11234=CARTESIAN_POINT('Ctrl Pts',(60.1977733960238,5.70755655480731,29.9308085232257));
#11235=CARTESIAN_POINT('Ctrl Pts',(60.1933492333355,5.71568171512095,29.9403925007978));
#11236=CARTESIAN_POINT('Ctrl Pts',(60.1880970157183,5.72420967501392,29.9490757895338));
#11237=CARTESIAN_POINT('Ctrl Pts',(60.1831017765873,5.73232038216096,29.957334225654));
#11238=CARTESIAN_POINT('Ctrl Pts',(60.1773570669078,5.74079650129001,29.9647785568232));
#11239=CARTESIAN_POINT('Ctrl Pts',(60.1708821432354,5.74954503084262,29.9712534804956));
#11240=CARTESIAN_POINT('Ctrl Pts',(60.1708821432354,5.74954503084262,29.9712534804956));
#11241=CARTESIAN_POINT('Ctrl Pts',(60.1659767058654,5.75617296438619,29.9761589178656));
#11242=CARTESIAN_POINT('Ctrl Pts',(60.1614074603312,5.76453985529009,29.9807281633998));
#11243=CARTESIAN_POINT('Ctrl Pts',(60.1532104054545,5.78377679517111,29.9889252182765));
#11244=CARTESIAN_POINT('Ctrl Pts',(60.1490899146205,5.79872417019151,29.9930457091105));
#11245=CARTESIAN_POINT('Ctrl Pts',(60.1436371295796,5.8288064674865,29.9984984941514));
#11246=CARTESIAN_POINT('Ctrl Pts',(60.1421356237309,5.84992282225867,30.));
#11247=CARTESIAN_POINT('Ctrl Pts',(60.1421356237309,5.86760853287666,30.));
#11248=CARTESIAN_POINT('Ctrl Pts',(60.1776194878107,5.61519846641496,29.8298321242582));
#11249=CARTESIAN_POINT('Ctrl Pts',(60.849708711996,6.35638501412951,29.112936951794));
#11250=CARTESIAN_POINT('Ctrl Pts',(61.9098129452729,6.72422439577518,27.9821591029653));
#11251=CARTESIAN_POINT('Ctrl Pts',(62.8965435521514,6.55862206116577,26.9296464556282));
#11252=CARTESIAN_POINT('Ctrl Pts',(60.1903480002974,5.62923559405817,29.8580409179387));
#11253=CARTESIAN_POINT('Ctrl Pts',(60.8726948420427,6.37224503710633,29.1430715409377));
#11254=CARTESIAN_POINT('Ctrl Pts',(61.9468386499523,6.73172551108021,28.015488618801));
#11255=CARTESIAN_POINT('Ctrl Pts',(62.9355102625393,6.55208230434936,26.9697107290075));
#11256=CARTESIAN_POINT('Ctrl Pts',(60.2026415965761,5.66920024802631,29.9144079241745));
#11257=CARTESIAN_POINT('Ctrl Pts',(60.9044415227304,6.42482370876683,29.2032258404892));
#11258=CARTESIAN_POINT('Ctrl Pts',(62.0094105928513,6.78356686232907,28.0822562136555));
#11259=CARTESIAN_POINT('Ctrl Pts',(63.0212633570385,6.58903459446998,27.0492621454898));
#11260=CARTESIAN_POINT('Ctrl Pts',(60.1856584766492,5.72274741965825,29.9564771470818));
#11261=CARTESIAN_POINT('Ctrl Pts',(60.8991301987646,6.50165836372438,29.2430804993036));
#11262=CARTESIAN_POINT('Ctrl Pts',(62.0237679415018,6.88288639772567,28.1179169383592));
#11263=CARTESIAN_POINT('Ctrl Pts',(63.0663788320331,6.69998557672794,27.0757567916979));
#11264=CARTESIAN_POINT('Ctrl Pts',(60.1708821432354,5.74954503084262,29.9712534804956));
#11265=CARTESIAN_POINT('Ctrl Pts',(60.8877773156997,6.54014401507148,29.2543583080313));
#11266=CARTESIAN_POINT('Ctrl Pts',(62.0185551645284,6.9325060221602,28.1235804592026));
#11267=CARTESIAN_POINT('Ctrl Pts',(63.0710678118655,6.75586353191015,27.0710678118655));
#11268=CARTESIAN_POINT('',(62.8965435521514,6.55862206116577,26.9296464556282));
#11269=CARTESIAN_POINT('Origin',(62.4,3.59999999999999,27.4592929112563));
#11270=CARTESIAN_POINT('',(63.0710678118655,6.75586353191015,27.0710678118655));
#11271=CARTESIAN_POINT('Origin',(62.9296464556282,6.75586353191015,26.9296464556282));
#11272=CARTESIAN_POINT('Origin',(62.5414213562373,3.59999999999999,27.6007142674936));
#11273=CARTESIAN_POINT('Ctrl Pts',(62.8965435521514,6.55862206116576,26.9296464556282));
#11274=CARTESIAN_POINT('Ctrl Pts',(63.2469831887335,6.49980801247495,26.5558441766073));
#11275=CARTESIAN_POINT('Ctrl Pts',(63.8790103839971,6.26707276608427,25.7596370400939));
#11276=CARTESIAN_POINT('Ctrl Pts',(64.5224239036282,5.76330131622161,24.6316771005893));
#11277=CARTESIAN_POINT('Ctrl Pts',(64.9474119571795,5.22065919887351,23.6331748859816));
#11278=CARTESIAN_POINT('Ctrl Pts',(65.1768566475464,4.76958298759563,22.9212285518024));
#11279=CARTESIAN_POINT('Ctrl Pts',(65.3120171324704,4.3483647004648,22.3925390840878));
#11280=CARTESIAN_POINT('Ctrl Pts',(65.374371536484,4.03469821658889,22.102195794945));
#11281=CARTESIAN_POINT('Ctrl Pts',(65.4009212342669,3.72371045832869,21.9649689397091));
#11282=CARTESIAN_POINT('Ctrl Pts',(65.4005507229337,3.46811411507575,21.9670388513807));
#11283=CARTESIAN_POINT('Ctrl Pts',(65.3804205913465,3.23568832094823,22.0704487447315));
#11284=CARTESIAN_POINT('Ctrl Pts',(65.3589549214711,3.10120896411584,22.1730026106441));
#11285=CARTESIAN_POINT('Ctrl Pts',(65.3467938085316,3.0375,22.2285515178061));
#11286=CARTESIAN_POINT('Ctrl Pts',(62.9188102438016,6.55488505727068,26.9525403261306));
#11287=CARTESIAN_POINT('Ctrl Pts',(63.2709736279282,6.49306212143283,26.5789572124512));
#11288=CARTESIAN_POINT('Ctrl Pts',(63.9052608173864,6.25331572696523,25.7833803324321));
#11289=CARTESIAN_POINT('Ctrl Pts',(64.5474622746857,5.73921330183858,24.6569320846145));
#11290=CARTESIAN_POINT('Ctrl Pts',(64.9681873988143,5.18853452069461,23.6609002625707));
#11291=CARTESIAN_POINT('Ctrl Pts',(65.1924006830208,4.73261950740929,22.9522017801923));
#11292=CARTESIAN_POINT('Ctrl Pts',(65.3214767811656,4.31153899425621,22.4295871643099));
#11293=CARTESIAN_POINT('Ctrl Pts',(65.3785839196217,4.00255104698045,22.1473854674333));
#11294=CARTESIAN_POINT('Ctrl Pts',(65.4007618469647,3.71134437012638,22.0209779364612));
#11295=CARTESIAN_POINT('Ctrl Pts',(65.4004427003421,3.48129301051641,22.0229961169491));
#11296=CARTESIAN_POINT('Ctrl Pts',(65.3836024913814,3.26364104733655,22.1182886681049));
#11297=CARTESIAN_POINT('Ctrl Pts',(65.3642904127413,3.1331238166393,22.2169683045459));
#11298=CARTESIAN_POINT('Ctrl Pts',(65.3531567459978,3.07083380396385,22.2708165921307));
#11299=CARTESIAN_POINT('Ctrl Pts',(62.9659467021044,6.56302322953907,26.9983109604509));
#11300=CARTESIAN_POINT('Ctrl Pts',(63.3237072844349,6.49658240492602,26.6251670387288));
#11301=CARTESIAN_POINT('Ctrl Pts',(63.9674601901087,6.24532417335061,25.8307625268615));
#11302=CARTESIAN_POINT('Ctrl Pts',(64.6166476440783,5.71179127206533,24.7072858743282));
#11303=CARTESIAN_POINT('Ctrl Pts',(65.0386315752197,5.1434992778795,23.7161561141196));
#11304=CARTESIAN_POINT('Ctrl Pts',(65.2602785659127,4.67474374341403,23.0139294839311));
#11305=CARTESIAN_POINT('Ctrl Pts',(65.3838595317295,4.24933755041227,22.5034497726245));
#11306=CARTESIAN_POINT('Ctrl Pts',(65.4348411655647,3.94537068150749,22.2375523169949));
#11307=CARTESIAN_POINT('Ctrl Pts',(65.450778248997,3.68866394662578,22.1327976162027));
#11308=CARTESIAN_POINT('Ctrl Pts',(65.4505101387977,3.50532941739784,22.1347081857686));
#11309=CARTESIAN_POINT('Ctrl Pts',(65.4383186256315,3.31345026714501,22.2137355550321));
#11310=CARTESIAN_POINT('Ctrl Pts',(65.4216717851502,3.18888089616421,22.3046519707419));
#11311=CARTESIAN_POINT('Ctrl Pts',(65.4117539170391,3.12853829305233,22.3550935584076));
#11312=CARTESIAN_POINT('Ctrl Pts',(63.0283824319915,6.6191909163441,27.0513201052096));
#11313=CARTESIAN_POINT('Ctrl Pts',(63.3973237503638,6.55122585039439,26.6770560224608));
#11314=CARTESIAN_POINT('Ctrl Pts',(64.0627102681322,6.29430370276179,25.8803130188837));
#11315=CARTESIAN_POINT('Ctrl Pts',(64.7381338961963,5.74763173725931,24.7535599432988));
#11316=CARTESIAN_POINT('Ctrl Pts',(65.1811832127669,5.16434147882263,23.7598938799624));
#11317=CARTESIAN_POINT('Ctrl Pts',(65.4169489842895,4.68231615960448,23.0566285308305));
#11318=CARTESIAN_POINT('Ctrl Pts',(65.5507477451337,4.24596523101323,22.5479125247941));
#11319=CARTESIAN_POINT('Ctrl Pts',(65.6072353698799,3.93609457246997,22.2865176040426));
#11320=CARTESIAN_POINT('Ctrl Pts',(65.6253978470271,3.6837236495073,22.1890884862697));
#11321=CARTESIAN_POINT('Ctrl Pts',(65.6250862942719,3.51053556575981,22.1909710267075));
#11322=CARTESIAN_POINT('Ctrl Pts',(65.6112405030437,3.32190262019668,22.2645007817687));
#11323=CARTESIAN_POINT('Ctrl Pts',(65.5926933645897,3.19609450146929,22.3530812710128));
#11324=CARTESIAN_POINT('Ctrl Pts',(65.5817354172589,3.13488566809128,22.4025529770073));
#11325=CARTESIAN_POINT('Ctrl Pts',(63.0616181597119,6.69199396751426,27.0723373457802));
#11326=CARTESIAN_POINT('Ctrl Pts',(63.4388548808178,6.62646543159871,26.6948211972105));
#11327=CARTESIAN_POINT('Ctrl Pts',(64.119894407114,6.37327098049259,25.8908463865625));
#11328=CARTESIAN_POINT('Ctrl Pts',(64.8146390375056,5.82981970491764,24.7524206296421));
#11329=CARTESIAN_POINT('Ctrl Pts',(65.274171651215,5.24707386232665,23.7461404337226));
#11330=CARTESIAN_POINT('Ctrl Pts',(65.522257706818,4.7639341568557,23.0311044724161));
#11331=CARTESIAN_POINT('Ctrl Pts',(65.6672369972163,4.31992349875167,22.5072020680077));
#11332=CARTESIAN_POINT('Ctrl Pts',(65.7323263582041,3.99723124540081,22.2291165762734));
#11333=CARTESIAN_POINT('Ctrl Pts',(65.7574383618208,3.70665799984054,22.1117465378226));
#11334=CARTESIAN_POINT('Ctrl Pts',(65.7570509278599,3.48620815398775,22.1137390257482));
#11335=CARTESIAN_POINT('Ctrl Pts',(65.7379752821714,3.26903176002901,22.2022425176563));
#11336=CARTESIAN_POINT('Ctrl Pts',(65.7159444384497,3.13445019335849,22.2984477924751));
#11337=CARTESIAN_POINT('Ctrl Pts',(65.7032926120627,3.06983559724519,22.351359615033));
#11338=CARTESIAN_POINT('Ctrl Pts',(63.0697281033419,6.73989840185809,27.072407520389));
#11339=CARTESIAN_POINT('Ctrl Pts',(63.4502678569665,6.67646587748897,26.6920041765592));
#11340=CARTESIAN_POINT('Ctrl Pts',(64.1369156442284,6.42698628208815,25.8817822754221));
#11341=CARTESIAN_POINT('Ctrl Pts',(64.8364883236181,5.888120602337,24.733976915327));
#11342=CARTESIAN_POINT('Ctrl Pts',(65.2989282588536,5.30834026828446,23.7181839914897));
#11343=CARTESIAN_POINT('Ctrl Pts',(65.5487320584297,4.82672028944037,22.9944604142511));
#11344=CARTESIAN_POINT('Ctrl Pts',(65.6957159348864,4.37876499680457,22.4587553265938));
#11345=CARTESIAN_POINT('Ctrl Pts',(65.7631363745463,4.04716534989331,22.1669371224015));
#11346=CARTESIAN_POINT('Ctrl Pts',(65.7912455754525,3.72569442742499,22.0325078029462));
#11347=CARTESIAN_POINT('Ctrl Pts',(65.7908476372246,3.46604077818133,22.0345917836408));
#11348=CARTESIAN_POINT('Ctrl Pts',(65.7695425568485,3.22577695851268,22.1359125484278));
#11349=CARTESIAN_POINT('Ctrl Pts',(65.7464235380713,3.08454577707046,22.2384874457879));
#11350=CARTESIAN_POINT('Ctrl Pts',(65.733286488861,3.01742433895982,22.2942460656301));
#11351=CARTESIAN_POINT('Ctrl Pts',(63.0710678118655,6.75586353191015,27.0710678118655));
#11352=CARTESIAN_POINT('Ctrl Pts',(63.4524987088256,6.69312854663995,26.6896369149054));
#11353=CARTESIAN_POINT('Ctrl Pts',(64.1404194655751,6.44487761715656,25.877180653157));
#11354=CARTESIAN_POINT('Ctrl Pts',(64.8407335005477,5.90752140396971,24.7262011230503));
#11355=CARTESIAN_POINT('Ctrl Pts',(65.303305531624,5.32870314546507,23.7073213122262));
#11356=CARTESIAN_POINT('Ctrl Pts',(65.55304124903,4.84755518676867,22.9808454610228));
#11357=CARTESIAN_POINT('Ctrl Pts',(65.7001547020086,4.39825568049578,22.4413664123345));
#11358=CARTESIAN_POINT('Ctrl Pts',(65.7680234410711,4.06367809769481,22.1450977499438));
#11359=CARTESIAN_POINT('Ctrl Pts',(65.7969210713109,3.73195782221725,22.0050703466419));
#11360=CARTESIAN_POINT('Ctrl Pts',(65.7965177936694,3.45932172274745,22.0071825014089));
#11361=CARTESIAN_POINT('Ctrl Pts',(65.7746074463635,3.2114008756781,22.1127028007465));
#11362=CARTESIAN_POINT('Ctrl Pts',(65.7512434519413,3.06795622839022,22.2173496026981));
#11363=CARTESIAN_POINT('Ctrl Pts',(65.7380068664289,2.99999999999999,22.2740321610266));
#11364=CARTESIAN_POINT('',(65.3467938085316,3.0375,22.2285515178061));
#11365=CARTESIAN_POINT('',(65.7380068664289,3.,22.2740321610266));
#11366=CARTESIAN_POINT('Origin',(65.5432467291003,3.,22.2285515178061));
#11367=CARTESIAN_POINT('Ctrl Pts',(65.7380068664289,2.99999999999999,22.2740321610266));
#11368=CARTESIAN_POINT('Ctrl Pts',(65.7512434519413,3.06795622839022,22.2173496026981));
#11369=CARTESIAN_POINT('Ctrl Pts',(65.7746074463635,3.2114008756781,22.1127028007465));
#11370=CARTESIAN_POINT('Ctrl Pts',(65.7965177936694,3.45932172274745,22.0071825014089));
#11371=CARTESIAN_POINT('Ctrl Pts',(65.7969210713109,3.73195782221725,22.0050703466419));
#11372=CARTESIAN_POINT('Ctrl Pts',(65.7680234410711,4.06367809769481,22.1450977499438));
#11373=CARTESIAN_POINT('Ctrl Pts',(65.7001547020086,4.39825568049578,22.4413664123345));
#11374=CARTESIAN_POINT('Ctrl Pts',(65.55304124903,4.84755518676867,22.9808454610228));
#11375=CARTESIAN_POINT('Ctrl Pts',(65.303305531624,5.32870314546507,23.7073213122262));
#11376=CARTESIAN_POINT('Ctrl Pts',(64.8407335005477,5.90752140396971,24.7262011230503));
#11377=CARTESIAN_POINT('Ctrl Pts',(64.1404194655751,6.44487761715656,25.877180653157));
#11378=CARTESIAN_POINT('Ctrl Pts',(63.4524987088256,6.69312854663995,26.6896369149054));
#11379=CARTESIAN_POINT('Ctrl Pts',(63.0710678118655,6.75586353191015,27.0710678118655));
#11380=CARTESIAN_POINT('',(65.3999325301416,3.59992550321088,21.9701361143101));
#11381=CARTESIAN_POINT('Ctrl Pts',(62.8965435521514,6.55862206116576,26.9296464556282));
#11382=CARTESIAN_POINT('Ctrl Pts',(63.2469831887335,6.49980801247495,26.5558441766073));
#11383=CARTESIAN_POINT('Ctrl Pts',(63.8790103839971,6.26707276608427,25.7596370400939));
#11384=CARTESIAN_POINT('Ctrl Pts',(64.5224239036282,5.76330131622161,24.6316771005893));
#11385=CARTESIAN_POINT('Ctrl Pts',(64.9474119571795,5.22065919887351,23.6331748859816));
#11386=CARTESIAN_POINT('Ctrl Pts',(65.1768566475464,4.76958298759563,22.9212285518024));
#11387=CARTESIAN_POINT('Ctrl Pts',(65.3120171324704,4.3483647004648,22.3925390840878));
#11388=CARTESIAN_POINT('Ctrl Pts',(65.374371536484,4.03469821658889,22.102195794945));
#11389=CARTESIAN_POINT('Ctrl Pts',(65.3974972178895,3.76381739989042,21.9826665799456));
#11390=CARTESIAN_POINT('Ctrl Pts',(65.3999020506249,3.64022354036274,21.9702936221031));
#11391=CARTESIAN_POINT('Ctrl Pts',(65.3999040824915,3.59989409276123,21.9702898229954));
#11392=CARTESIAN_POINT('Ctrl Pts',(65.3999040824915,3.59989409276123,21.9702898229954));
#11393=CARTESIAN_POINT('Ctrl Pts',(65.3999062475276,3.55692143378213,21.9702857748925));
#11394=CARTESIAN_POINT('Ctrl Pts',(65.3973021572796,3.43060564432084,21.9837269602676));
#11395=CARTESIAN_POINT('Ctrl Pts',(65.3804205913465,3.23568832094823,22.0704487447315));
#11396=CARTESIAN_POINT('Ctrl Pts',(65.3589549214711,3.10120896411584,22.1730026106441));
#11397=CARTESIAN_POINT('Ctrl Pts',(65.3467938085316,3.0375,22.2285515178061));
#11398=CARTESIAN_POINT('Ctrl Pts',(65.3467938085316,3.0375,22.2285515178061));
#11399=CARTESIAN_POINT('Ctrl Pts',(65.2850516805806,2.71404876378393,22.5105740391473));
#11400=CARTESIAN_POINT('Ctrl Pts',(65.0302058417955,2.00764672260229,22.9609686824623));
#11401=CARTESIAN_POINT('Ctrl Pts',(64.2190503282347,1.11146391768046,23.4368064269535));
#11402=CARTESIAN_POINT('Ctrl Pts',(63.3099446524274,0.702183585611782,23.8780715100381));
#11403=CARTESIAN_POINT('Ctrl Pts',(62.8337180201657,0.628012270003429,24.3305826047662));
#11404=CARTESIAN_POINT('Ctrl Pts',(62.6900945970866,0.614058753970342,24.4950089725696));
#11405=CARTESIAN_POINT('Ctrl Pts',(65.3531567459978,3.07083380396385,22.2708165921307));
#11406=CARTESIAN_POINT('Ctrl Pts',(65.2941991875776,2.74211240459171,22.5563183829981));
#11407=CARTESIAN_POINT('Ctrl Pts',(65.0430429560275,2.02625018554364,23.0100483182734));
#11408=CARTESIAN_POINT('Ctrl Pts',(64.2328003509505,1.12229148606038,23.4880231371144));
#11409=CARTESIAN_POINT('Ctrl Pts',(63.3359792245539,0.711991464508311,23.9266415679527));
#11410=CARTESIAN_POINT('Ctrl Pts',(62.8707602726135,0.633518344706337,24.369940463103));
#11411=CARTESIAN_POINT('Ctrl Pts',(62.7291699907048,0.617855064625402,24.5317596956847));
#11412=CARTESIAN_POINT('Ctrl Pts',(65.4117565391001,3.12845649334913,22.3549941003516));
#11413=CARTESIAN_POINT('Ctrl Pts',(65.356951074302,2.78411399407922,22.6474582823431));
#11414=CARTESIAN_POINT('Ctrl Pts',(65.1087694303122,2.03893622040441,23.1078772413093));
#11415=CARTESIAN_POINT('Ctrl Pts',(64.2886878921149,1.10516909573253,23.5901458520925));
#11416=CARTESIAN_POINT('Ctrl Pts',(63.402473142466,0.684755442160242,24.0234898485823));
#11417=CARTESIAN_POINT('Ctrl Pts',(62.9513058325059,0.598115208314768,24.4483640612038));
#11418=CARTESIAN_POINT('Ctrl Pts',(62.8114507630291,0.579651747156948,24.6049636923282));
#11419=CARTESIAN_POINT('Ctrl Pts',(65.5817424314065,3.13494155044115,22.4026229791086));
#11420=CARTESIAN_POINT('Ctrl Pts',(65.5256227327167,2.7674881240135,22.6996363339121));
#11421=CARTESIAN_POINT('Ctrl Pts',(65.2663717359811,1.97405474939865,23.165016091891));
#11422=CARTESIAN_POINT('Ctrl Pts',(64.4054851277782,0.98072116200938,23.6481489932454));
#11423=CARTESIAN_POINT('Ctrl Pts',(63.4819661072735,0.53145842872716,24.0757546332471));
#11424=CARTESIAN_POINT('Ctrl Pts',(63.0168417756546,0.440050443436107,24.492743167312));
#11425=CARTESIAN_POINT('Ctrl Pts',(62.8723926612331,0.421149702885913,24.6473966154682));
#11426=CARTESIAN_POINT('Ctrl Pts',(65.7032941668957,3.06983735001275,22.3513621223828));
#11427=CARTESIAN_POINT('Ctrl Pts',(65.6411532824687,2.69533621241477,22.6450884490459));
#11428=CARTESIAN_POINT('Ctrl Pts',(65.3664277539392,1.88275170644938,23.1082191756901));
#11429=CARTESIAN_POINT('Ctrl Pts',(64.4692051989545,0.858411019249031,23.5864940495267));
#11430=CARTESIAN_POINT('Ctrl Pts',(63.4884152346393,0.391589302999156,24.0133307792739));
#11431=CARTESIAN_POINT('Ctrl Pts',(62.9907769757434,0.303030207894069,24.4450524771093));
#11432=CARTESIAN_POINT('Ctrl Pts',(62.839293801716,0.285889422778546,24.6043142926529));
#11433=CARTESIAN_POINT('Ctrl Pts',(65.733286488861,3.01742433895982,22.2942460656301));
#11434=CARTESIAN_POINT('Ctrl Pts',(65.6672897154388,2.64610098599625,22.5836075833347));
#11435=CARTESIAN_POINT('Ctrl Pts',(65.3850862584509,1.8363956727028,23.0429217269006));
#11436=CARTESIAN_POINT('Ctrl Pts',(64.4744593098228,0.810805777353547,23.517353588918));
#11437=CARTESIAN_POINT('Ctrl Pts',(63.4636915682469,0.342518223700047,23.9462637727512));
#11438=CARTESIAN_POINT('Ctrl Pts',(62.9463509472286,0.256742817511078,24.391848938486));
#11439=CARTESIAN_POINT('Ctrl Pts',(62.7910280056568,0.240531612832465,24.555238629168));
#11440=CARTESIAN_POINT('Ctrl Pts',(65.7380068664289,3.,22.2740321610266));
#11441=CARTESIAN_POINT('Ctrl Pts',(65.6708045502918,2.63034144432451,22.5618102440278));
#11442=CARTESIAN_POINT('Ctrl Pts',(65.3865403931571,1.82302482583119,23.0196925652056));
#11443=CARTESIAN_POINT('Ctrl Pts',(64.4726306201401,0.798815905920527,23.4929039383546));
#11444=CARTESIAN_POINT('Ctrl Pts',(63.4531810837226,0.331066954984896,23.922774094151));
#11445=CARTESIAN_POINT('Ctrl Pts',(62.929781076517,0.246299737146775,24.3730274536075));
#11446=CARTESIAN_POINT('Ctrl Pts',(62.7732856193856,0.230352861680389,24.5377864299654));
#11447=CARTESIAN_POINT('',(62.6900945970866,0.614058753970342,24.4950089725696));
#11448=CARTESIAN_POINT('',(62.7732856193856,0.230352861680391,24.5377864299654));
#11449=CARTESIAN_POINT('Origin',(62.7094342368924,0.414996004235031,24.4950089725696));
#11450=CARTESIAN_POINT('Ctrl Pts',(62.7732856193856,0.230352861680389,24.5377864299654));
#11451=CARTESIAN_POINT('Ctrl Pts',(62.929781076517,0.246299737146775,24.3730274536075));
#11452=CARTESIAN_POINT('Ctrl Pts',(63.4531810837226,0.331066954984896,23.922774094151));
#11453=CARTESIAN_POINT('Ctrl Pts',(64.4726306201401,0.798815905920527,23.4929039383546));
#11454=CARTESIAN_POINT('Ctrl Pts',(65.3865403931571,1.82302482583119,23.0196925652056));
#11455=CARTESIAN_POINT('Ctrl Pts',(65.6708045502918,2.63034144432451,22.5618102440278));
#11456=CARTESIAN_POINT('Ctrl Pts',(65.7380068664289,3.,22.2740321610266));
#11457=CARTESIAN_POINT('Ctrl Pts',(65.3467938085316,3.0375,22.2285515178061));
#11458=CARTESIAN_POINT('Ctrl Pts',(65.2850516805806,2.71404876378393,22.5105740391473));
#11459=CARTESIAN_POINT('Ctrl Pts',(65.0302058417955,2.00764672260229,22.9609686824623));
#11460=CARTESIAN_POINT('Ctrl Pts',(64.2190503282347,1.11146391768046,23.4368064269535));
#11461=CARTESIAN_POINT('Ctrl Pts',(63.3099446524274,0.702183585611782,23.8780715100381));
#11462=CARTESIAN_POINT('Ctrl Pts',(62.8337180201657,0.628012270003429,24.3305826047662));
#11463=CARTESIAN_POINT('Ctrl Pts',(62.6900945970866,0.614058753970342,24.4950089725696));
#11464=CARTESIAN_POINT('Ctrl Pts',(62.6900945970852,0.614058753970208,24.4950089725712));
#11465=CARTESIAN_POINT('Ctrl Pts',(62.5226871116583,0.59779453340038,24.68666437377));
#11466=CARTESIAN_POINT('Ctrl Pts',(62.2607666378676,0.596891387545414,25.2391114384355));
#11467=CARTESIAN_POINT('Ctrl Pts',(62.0323479637822,0.61860967124701,25.7996122944322));
#11468=CARTESIAN_POINT('Ctrl Pts',(61.8802289528237,0.645370064032183,26.1084488168718));
#11469=CARTESIAN_POINT('Ctrl Pts',(62.7291699907034,0.617855064625245,24.5317596956863));
#11470=CARTESIAN_POINT('Ctrl Pts',(62.5694784437354,0.600122275243401,24.7148537114591));
#11471=CARTESIAN_POINT('Ctrl Pts',(62.3086997223392,0.594543296430256,25.2585308473168));
#11472=CARTESIAN_POINT('Ctrl Pts',(62.077358570515,0.612973235195941,25.8211530569956));
#11473=CARTESIAN_POINT('Ctrl Pts',(61.9227778459167,0.637884970061554,26.1314954851839));
#11474=CARTESIAN_POINT('Ctrl Pts',(62.8114505707356,0.579652872950961,24.604963615075));
#11475=CARTESIAN_POINT('Ctrl Pts',(62.6645092323397,0.559422698550379,24.7709216942752));
#11476=CARTESIAN_POINT('Ctrl Pts',(62.4020757342386,0.547305039122073,25.2971142345692));
#11477=CARTESIAN_POINT('Ctrl Pts',(62.16221360138,0.562295265585037,25.8641054604192));
#11478=CARTESIAN_POINT('Ctrl Pts',(62.0010957594585,0.585784132767069,26.1774585547971));
#11479=CARTESIAN_POINT('Ctrl Pts',(62.8723924978007,0.421150204808063,24.647396508633));
#11480=CARTESIAN_POINT('Ctrl Pts',(62.7259488670635,0.400241822167188,24.8043672269684));
#11481=CARTESIAN_POINT('Ctrl Pts',(62.4558015289984,0.390323439666815,25.322208497481));
#11482=CARTESIAN_POINT('Ctrl Pts',(62.2065792265489,0.40978506952431,25.8938340107399));
#11483=CARTESIAN_POINT('Ctrl Pts',(62.0387448872081,0.4369152148304,26.2109984179973));
#11484=CARTESIAN_POINT('Ctrl Pts',(62.8392936642097,0.285889845142472,24.6043142027719));
#11485=CARTESIAN_POINT('Ctrl Pts',(62.6778422985007,0.266294724858387,24.7725977158339));
#11486=CARTESIAN_POINT('Ctrl Pts',(62.4024825097957,0.262706366491831,25.3033739075317));
#11487=CARTESIAN_POINT('Ctrl Pts',(62.1541760467335,0.287241499020004,25.8760027707301));
#11488=CARTESIAN_POINT('Ctrl Pts',(61.9869056045076,0.317818878999769,26.19477002411));
#11489=CARTESIAN_POINT('Ctrl Pts',(62.7910280056552,0.24053161283231,24.5552386291698));
#11490=CARTESIAN_POINT('Ctrl Pts',(62.6176579176114,0.22171377957927,24.7355369089268));
#11491=CARTESIAN_POINT('Ctrl Pts',(62.3403087830363,0.220254604836506,25.2791840101487));
#11492=CARTESIAN_POINT('Ctrl Pts',(62.0953385088959,0.24527692301584,25.8505337270935));
#11493=CARTESIAN_POINT('Ctrl Pts',(61.9305335817183,0.276018740635287,26.1690160122985));
#11494=CARTESIAN_POINT('Ctrl Pts',(62.773285619384,0.230352861680237,24.5377864299671));
#11495=CARTESIAN_POINT('Ctrl Pts',(62.5959527090323,0.211765181029006,24.7222495607752));
#11496=CARTESIAN_POINT('Ctrl Pts',(62.3179915340631,0.210733014337618,25.2703165581012));
#11497=CARTESIAN_POINT('Ctrl Pts',(62.0742442518594,0.235553909996579,25.8410872518942));
#11498=CARTESIAN_POINT('Ctrl Pts',(61.9103409179624,0.266137216036783,26.1593202520953));
#11499=CARTESIAN_POINT('',(61.8802289528237,0.645370064032183,26.1084488168718));
#11500=CARTESIAN_POINT('',(61.9103409179626,0.266137216036781,26.159320252095));
#11501=CARTESIAN_POINT('Origin',(61.8455775496786,0.448394734967662,26.1084488168718));
#11502=CARTESIAN_POINT('Ctrl Pts',(61.9103409179624,0.266137216036783,26.1593202520953));
#11503=CARTESIAN_POINT('Ctrl Pts',(62.0742442518594,0.235553909996579,25.8410872518942));
#11504=CARTESIAN_POINT('Ctrl Pts',(62.3179915340631,0.210733014337618,25.2703165581012));
#11505=CARTESIAN_POINT('Ctrl Pts',(62.5959527090323,0.211765181029006,24.7222495607752));
#11506=CARTESIAN_POINT('Ctrl Pts',(62.773285619384,0.230352861680237,24.5377864299671));
#11507=CARTESIAN_POINT('Ctrl Pts',(62.6900945970852,0.614058753970208,24.4950089725712));
#11508=CARTESIAN_POINT('Ctrl Pts',(62.5226871116583,0.59779453340038,24.68666437377));
#11509=CARTESIAN_POINT('Ctrl Pts',(62.2607666378676,0.596891387545414,25.2391114384355));
#11510=CARTESIAN_POINT('Ctrl Pts',(62.0323479637822,0.61860967124701,25.7996122944322));
#11511=CARTESIAN_POINT('Ctrl Pts',(61.8802289528237,0.645370064032183,26.1084488168718));
#11512=CARTESIAN_POINT('Ctrl Pts',(61.8802289528238,0.645370064032167,26.1084488168716));
#11513=CARTESIAN_POINT('Ctrl Pts',(61.5703532591315,0.699882614603787,26.7375676300001));
#11514=CARTESIAN_POINT('Ctrl Pts',(61.1585590379952,0.831124606865436,27.507788996764));
#11515=CARTESIAN_POINT('Ctrl Pts',(60.6417839499361,1.16217644323067,28.3556846957907));
#11516=CARTESIAN_POINT('Ctrl Pts',(60.3922702495766,1.36314457017725,28.7670298040853));
#11517=CARTESIAN_POINT('Ctrl Pts',(60.2378927114883,1.51791805037839,29.0373157235573));
#11518=CARTESIAN_POINT('Ctrl Pts',(60.1717013462858,1.59134743923804,29.1810405321036));
#11519=CARTESIAN_POINT('Ctrl Pts',(61.9227778459168,0.637884970061539,26.1314954851837));
#11520=CARTESIAN_POINT('Ctrl Pts',(61.6096068684845,0.688325257103486,26.7600470103751));
#11521=CARTESIAN_POINT('Ctrl Pts',(61.190775211476,0.815870091174575,27.5317771020299));
#11522=CARTESIAN_POINT('Ctrl Pts',(60.6650694300716,1.14526571496252,28.3787440028548));
#11523=CARTESIAN_POINT('Ctrl Pts',(60.4111512192228,1.3460503245647,28.7889410199981));
#11524=CARTESIAN_POINT('Ctrl Pts',(60.2542533202056,1.50091380700945,29.056986425736));
#11525=CARTESIAN_POINT('Ctrl Pts',(60.1871384258273,1.57422231554489,29.1979564796255));
#11526=CARTESIAN_POINT('Ctrl Pts',(62.001095697854,0.585783425387214,26.1774585878104));
#11527=CARTESIAN_POINT('Ctrl Pts',(61.6780976685155,0.632995643751223,26.8048696499028));
#11528=CARTESIAN_POINT('Ctrl Pts',(61.242821199783,0.759996714370587,27.5797130459357));
#11529=CARTESIAN_POINT('Ctrl Pts',(60.6992394503264,1.09464465942041,28.4248244111589));
#11530=CARTESIAN_POINT('Ctrl Pts',(60.4372486340834,1.29918205202929,28.8327368188843));
#11531=CARTESIAN_POINT('Ctrl Pts',(60.2766071312002,1.45702558744273,29.0963160078464));
#11532=CARTESIAN_POINT('Ctrl Pts',(60.2087375716021,1.53163350803337,29.2317762743658));
#11533=CARTESIAN_POINT('Ctrl Pts',(62.038744918337,0.436914893493388,26.2109984640516));
#11534=CARTESIAN_POINT('Ctrl Pts',(61.7051482006783,0.491843561294296,26.8411270569807));
#11535=CARTESIAN_POINT('Ctrl Pts',(61.2555054252852,0.632963038666535,27.6236371995754));
#11536=CARTESIAN_POINT('Ctrl Pts',(60.6988011738132,0.990737983417532,28.4736535918072));
#11537=CARTESIAN_POINT('Ctrl Pts',(60.4322916808244,1.20804537240915,28.8823619156573));
#11538=CARTESIAN_POINT('Ctrl Pts',(60.2723057828894,1.37519085379058,29.1433402589464));
#11539=CARTESIAN_POINT('Ctrl Pts',(60.2075636258953,1.45431467502865,29.2733354708516));
#11540=CARTESIAN_POINT('Ctrl Pts',(61.9869056296468,0.317818608437153,26.1947700623247));
#11541=CARTESIAN_POINT('Ctrl Pts',(61.6540199100087,0.380134576444911,26.8311040701349));
#11542=CARTESIAN_POINT('Ctrl Pts',(61.2078234629294,0.531294172434468,27.6222605608188));
#11543=CARTESIAN_POINT('Ctrl Pts',(60.6552883459991,0.906349440744625,28.4853189592237));
#11544=CARTESIAN_POINT('Ctrl Pts',(60.3923008397978,1.13330152549595,28.9000647057124));
#11545=CARTESIAN_POINT('Ctrl Pts',(60.2377764783036,1.30765584376425,29.1645228899539));
#11546=CARTESIAN_POINT('Ctrl Pts',(60.1787060352985,1.39036026505671,29.294012095478));
#11547=CARTESIAN_POINT('Ctrl Pts',(61.9305335817184,0.276018740635266,26.1690160122983));
#11548=CARTESIAN_POINT('Ctrl Pts',(61.6010709485992,0.338667450163467,26.809057716548));
#11549=CARTESIAN_POINT('Ctrl Pts',(61.1613406633202,0.489602556101399,27.6043146798641));
#11550=CARTESIAN_POINT('Ctrl Pts',(60.6156294528311,0.867819556544624,28.4777112245408));
#11551=CARTESIAN_POINT('Ctrl Pts',(60.3566292724313,1.09716714989848,28.8980737829575));
#11552=CARTESIAN_POINT('Ctrl Pts',(60.2063155068944,1.27366380724867,29.1671879911429));
#11553=CARTESIAN_POINT('Ctrl Pts',(60.1512311273824,1.35739902407091,29.298477830602));
#11554=CARTESIAN_POINT('Ctrl Pts',(61.9103409179625,0.266137216036762,26.1593202520951));
#11555=CARTESIAN_POINT('Ctrl Pts',(61.5820738809043,0.328437273832898,26.800433144553));
#11556=CARTESIAN_POINT('Ctrl Pts',(61.1447083218561,0.478428122131932,27.5968181559609));
#11557=CARTESIAN_POINT('Ctrl Pts',(60.601437616073,0.856773077977912,28.4737051202413));
#11558=CARTESIAN_POINT('Ctrl Pts',(60.3438350608332,1.08645093734544,28.896066609101));
#11559=CARTESIAN_POINT('Ctrl Pts',(60.1949314564947,1.26333491471817,29.1669631364025));
#11560=CARTESIAN_POINT('Ctrl Pts',(60.1411728776405,1.34725421627205,29.2990653070392));
#11561=CARTESIAN_POINT('',(60.1717013462858,1.59134743923804,29.1810405321036));
#11562=CARTESIAN_POINT('',(60.1411728776405,1.34725421627205,29.2990653070392));
#11563=CARTESIAN_POINT('Origin',(60.0231481027049,1.45743726852058,29.1810405321036));
#11564=CARTESIAN_POINT('Ctrl Pts',(60.1411728776405,1.34725421627205,29.2990653070392));
#11565=CARTESIAN_POINT('Ctrl Pts',(60.1949314564947,1.26333491471817,29.1669631364025));
#11566=CARTESIAN_POINT('Ctrl Pts',(60.3438350608332,1.08645093734544,28.896066609101));
#11567=CARTESIAN_POINT('Ctrl Pts',(60.601437616073,0.856773077977912,28.4737051202413));
#11568=CARTESIAN_POINT('Ctrl Pts',(61.1447083218561,0.478428122131932,27.5968181559609));
#11569=CARTESIAN_POINT('Ctrl Pts',(61.5820738809043,0.328437273832898,26.800433144553));
#11570=CARTESIAN_POINT('Ctrl Pts',(61.9103409179625,0.266137216036762,26.1593202520951));
#11571=CARTESIAN_POINT('Ctrl Pts',(61.8802289528238,0.645370064032167,26.1084488168716));
#11572=CARTESIAN_POINT('Ctrl Pts',(61.5703532591315,0.699882614603787,26.7375676300001));
#11573=CARTESIAN_POINT('Ctrl Pts',(61.1585590379952,0.831124606865436,27.507788996764));
#11574=CARTESIAN_POINT('Ctrl Pts',(60.6417839499361,1.16217644323067,28.3556846957907));
#11575=CARTESIAN_POINT('Ctrl Pts',(60.3922702495766,1.36314457017725,28.7670298040853));
#11576=CARTESIAN_POINT('Ctrl Pts',(60.2378927114883,1.51791805037839,29.0373157235573));
#11577=CARTESIAN_POINT('Ctrl Pts',(60.1717013462858,1.59134743923804,29.1810405321036));
#11578=CARTESIAN_POINT('Ctrl Pts',(60.1717013462858,1.59134743923805,29.1810405321036));
#11579=CARTESIAN_POINT('Ctrl Pts',(60.1281227986545,1.63969129965208,29.2756649350885));
#11580=CARTESIAN_POINT('Ctrl Pts',(60.085021406585,1.69065326672447,29.368941885993));
#11581=CARTESIAN_POINT('Ctrl Pts',(60.0424849923805,1.74470406973744,29.4604532085239));
#11582=CARTESIAN_POINT('Ctrl Pts',(60.2025755053688,1.55709719185174,29.2148724271473));
#11583=CARTESIAN_POINT('Ctrl Pts',(60.1571775914591,1.60588487173071,29.3092453946237));
#11584=CARTESIAN_POINT('Ctrl Pts',(60.1123894330404,1.65748096081622,29.4023153708057));
#11585=CARTESIAN_POINT('Ctrl Pts',(60.0680495138238,1.71221936366866,29.4935944338129));
#11586=CARTESIAN_POINT('Ctrl Pts',(60.2221963891142,1.46713750614224,29.2735357789992));
#11587=CARTESIAN_POINT('Ctrl Pts',(60.1748982132291,1.51902184352301,29.3675633653543));
#11588=CARTESIAN_POINT('Ctrl Pts',(60.1280909227788,1.57370233557992,29.4602516978605));
#11589=CARTESIAN_POINT('Ctrl Pts',(60.0819399589328,1.6317170208964,29.5511997324649));
#11590=CARTESIAN_POINT('Ctrl Pts',(60.1713476268661,1.37768863966862,29.2973028777276));
#11591=CARTESIAN_POINT('Ctrl Pts',(60.1256098008567,1.43240567725409,29.3927346390722));
#11592=CARTESIAN_POINT('Ctrl Pts',(60.0803642721485,1.4899916623061,29.4868161366549));
#11593=CARTESIAN_POINT('Ctrl Pts',(60.0356880620758,1.5510583627946,29.5790843739918));
#11594=CARTESIAN_POINT('Ctrl Pts',(60.1411728776405,1.34725421627206,29.2990653070392));
#11595=CARTESIAN_POINT('Ctrl Pts',(60.0964084013162,1.40250434245952,29.39540901784));
#11596=CARTESIAN_POINT('Ctrl Pts',(60.0521229449908,1.46074659054225,29.4903753306265));
#11597=CARTESIAN_POINT('Ctrl Pts',(60.0083985965315,1.52251893684279,29.5835344798495));
#11598=CARTESIAN_POINT('Ctrl Pts',(60.0083985965315,1.52251893684279,29.5835344798495));
#11599=CARTESIAN_POINT('Ctrl Pts',(60.0521229449908,1.46074659054225,29.4903753306265));
#11600=CARTESIAN_POINT('Ctrl Pts',(60.0964084013162,1.40250434245952,29.39540901784));
#11601=CARTESIAN_POINT('Ctrl Pts',(60.1411728776405,1.34725421627206,29.2990653070392));
#11602=CARTESIAN_POINT('Ctrl Pts',(60.1717013462858,1.59134743923805,29.1810405321036));
#11603=CARTESIAN_POINT('Ctrl Pts',(60.1339244157891,1.63325527587022,29.2630675772702));
#11604=CARTESIAN_POINT('Ctrl Pts',(60.0965060502307,1.67713052381893,29.3440820615225));
#11605=CARTESIAN_POINT('Ctrl Pts',(60.0595034589016,1.72327982601688,29.4238115760478));
#11606=CARTESIAN_POINT('Origin',(56.,3.,20.));
#11607=CARTESIAN_POINT('',(61.8155148819866,0.,23.8961245690292));
#11608=CARTESIAN_POINT('Origin',(61.8155148819866,3.,23.8961245690292));
#11609=CARTESIAN_POINT('',(63.,0.,20.));
#11610=CARTESIAN_POINT('Origin',(56.,0.,20.));
#11611=CARTESIAN_POINT('',(66.,3.,20.));
#11612=CARTESIAN_POINT('Origin',(63.,3.,20.));
#11613=CARTESIAN_POINT('Origin',(56.,3.,20.));
#11614=CARTESIAN_POINT('Ctrl Pts',(63.2036853292706,0.508401145455469,24.826134223452));
#11615=CARTESIAN_POINT('Ctrl Pts',(63.0926528370413,0.484390118690146,24.9275376628331));
#11616=CARTESIAN_POINT('Ctrl Pts',(62.7648269213984,0.396992024992201,25.2385384122399));
#11617=CARTESIAN_POINT('Ctrl Pts',(62.2848659685654,0.298177932624267,25.797312728761));
#11618=CARTESIAN_POINT('Ctrl Pts',(61.910340917963,0.266137216036831,26.1593202520947));
#11619=CARTESIAN_POINT('Ctrl Pts',(62.7960819040882,0.179381194015319,24.5530588807683));
#11620=CARTESIAN_POINT('Ctrl Pts',(62.6743141097483,0.170520140103455,24.6833557430016));
#11621=CARTESIAN_POINT('Ctrl Pts',(62.3518098202643,0.138178493198606,25.048252340805));
#11622=CARTESIAN_POINT('Ctrl Pts',(61.92993628053,0.102645298200644,25.5921828123488));
#11623=CARTESIAN_POINT('Ctrl Pts',(61.6062026915637,0.0913834618643522,
25.9204205701718));
#11624=CARTESIAN_POINT('Ctrl Pts',(62.3062882154696,-3.27263565176318E-15,
24.2249198831532));
#11625=CARTESIAN_POINT('Ctrl Pts',(62.1762810394337,0.0001002913022001,
24.3930979599527));
#11626=CARTESIAN_POINT('Ctrl Pts',(61.8780185188125,0.000176302173617152,
24.8303499543748));
#11627=CARTESIAN_POINT('Ctrl Pts',(61.5367658446696,-6.89409627408672E-5,
25.3641611774445));
#11628=CARTESIAN_POINT('Ctrl Pts',(61.272635995186,-5.55111512312578E-15,
25.658404911673));
#11629=CARTESIAN_POINT('Ctrl Pts',(61.8155148819866,-3.33066907387547E-15,
23.8961245690292));
#11630=CARTESIAN_POINT('Ctrl Pts',(61.6773579699566,-3.46471676439157E-15,
24.1023432264979));
#11631=CARTESIAN_POINT('Ctrl Pts',(61.4037386740068,-2.37970458552153E-15,
24.6122511051177));
#11632=CARTESIAN_POINT('Ctrl Pts',(61.1433301512484,-6.97494629605328E-15,
25.1359807118136));
#11633=CARTESIAN_POINT('Ctrl Pts',(60.9388903937058,-5.55111512312578E-15,
25.3962487237426));
#11634=CARTESIAN_POINT('',(60.9388903937058,0.,25.3962487237426));
#11635=CARTESIAN_POINT('Origin',(60.9388903937058,3.,25.3962487237426));
#11636=CARTESIAN_POINT('Ctrl Pts',(60.9388903937058,-5.55111512312578E-15,
25.3962487237426));
#11637=CARTESIAN_POINT('Ctrl Pts',(61.1433301512484,-6.97494629605328E-15,
25.1359807118136));
#11638=CARTESIAN_POINT('Ctrl Pts',(61.4037386740068,-2.37970458552153E-15,
24.6122511051177));
#11639=CARTESIAN_POINT('Ctrl Pts',(61.6773579699566,-3.46471676439157E-15,
24.1023432264979));
#11640=CARTESIAN_POINT('Ctrl Pts',(61.8155148819866,-3.33066907387547E-15,
23.8961245690292));
#11641=CARTESIAN_POINT('Ctrl Pts',(62.4760864740534,0.72424489035487,26.6037117217214));
#11642=CARTESIAN_POINT('Ctrl Pts',(62.0113751945422,0.644410051827853,27.0448580065715));
#11643=CARTESIAN_POINT('Ctrl Pts',(61.1917033153832,0.657314656044479,27.8563762918465));
#11644=CARTESIAN_POINT('Ctrl Pts',(60.497861579597,0.971832196584411,28.6720071580132));
#11645=CARTESIAN_POINT('Ctrl Pts',(60.2957486043821,1.15384489510734,28.9917544986945));
#11646=CARTESIAN_POINT('Ctrl Pts',(60.1993287652871,1.25807198604335,29.1621223537068));
#11647=CARTESIAN_POINT('Ctrl Pts',(60.1614552723393,1.31722507788853,29.2507776968118));
#11648=CARTESIAN_POINT('Ctrl Pts',(60.141713415488,1.34841281495651,29.2996058448868));
#11649=CARTESIAN_POINT('Ctrl Pts',(62.0527386341193,0.261850431110944,26.2711732391362));
#11650=CARTESIAN_POINT('Ctrl Pts',(61.6237497521591,0.23107088728436,26.6860057244598));
#11651=CARTESIAN_POINT('Ctrl Pts',(60.8728112899509,0.237844995211826,27.4197425801882));
#11652=CARTESIAN_POINT('Ctrl Pts',(60.1944373465998,0.362142270215154,28.1933893045623));
#11653=CARTESIAN_POINT('Ctrl Pts',(59.9693375395915,0.439037996019423,28.5364061222985));
#11654=CARTESIAN_POINT('Ctrl Pts',(59.8510287049765,0.4832740844182,28.7315172750455));
#11655=CARTESIAN_POINT('Ctrl Pts',(59.7912846105512,0.510086624401705,28.8466549248174));
#11656=CARTESIAN_POINT('Ctrl Pts',(59.7571804270255,0.523782844368554,28.9150728564243));
#11657=CARTESIAN_POINT('Ctrl Pts',(61.4969660471096,-6.72402579885942E-15,
25.8346155073774));
#11658=CARTESIAN_POINT('Ctrl Pts',(61.1342401456262,0.000488412633756643,
26.2299689071205));
#11659=CARTESIAN_POINT('Ctrl Pts',(60.4663175272049,0.00360471020702832,
26.8738956223169));
#11660=CARTESIAN_POINT('Ctrl Pts',(59.7553052828381,0.00215553705610222,
27.4959542747921));
#11661=CARTESIAN_POINT('Ctrl Pts',(59.4474066974881,0.00115618965848791,
27.8054023998424));
#11662=CARTESIAN_POINT('Ctrl Pts',(59.2613649111302,-8.27226951490985E-6,
27.9995272067586));
#11663=CARTESIAN_POINT('Ctrl Pts',(59.1422535333356,0.000371928640283415,
28.1362896046705));
#11664=CARTESIAN_POINT('Ctrl Pts',(59.0692802535856,3.28148662485238E-15,
28.2271726829843));
#11665=CARTESIAN_POINT('Ctrl Pts',(60.9388903937058,-7.21644966006352E-15,
25.3962487237426));
#11666=CARTESIAN_POINT('Ctrl Pts',(60.643343188406,-6.76253877936194E-15,
25.772503736364));
#11667=CARTESIAN_POINT('Ctrl Pts',(60.0592667895327,-5.78330832095488E-15,
26.3273931454218));
#11668=CARTESIAN_POINT('Ctrl Pts',(59.313755033317,-8.21744343940651E-15,
26.7939032667872));
#11669=CARTESIAN_POINT('Ctrl Pts',(58.9202686238495,-4.86490176790522E-15,
27.0665476174985));
#11670=CARTESIAN_POINT('Ctrl Pts',(58.664160434334,-7.89850115710273E-15,
27.2577905842747));
#11671=CARTESIAN_POINT('Ctrl Pts',(58.4839368258167,3.31761175624525E-15,
27.415558110795));
#11672=CARTESIAN_POINT('Ctrl Pts',(58.3708012536065,3.33066907387547E-15,
27.5286936830052));
#11673=CARTESIAN_POINT('',(59.6471807134586,0.603813248318208,28.8050731428573));
#11674=CARTESIAN_POINT('Origin',(58.3708012536065,3.,27.5286936830052));
#11675=CARTESIAN_POINT('',(59.0175883869098,0.,27.0000000000005));
#11676=CARTESIAN_POINT('Ctrl Pts',(59.0175883869111,-2.77555756156289E-15,
27.));
#11677=CARTESIAN_POINT('Ctrl Pts',(59.0187880113598,-2.74416835607381E-15,
27.0038265633482));
#11678=CARTESIAN_POINT('Ctrl Pts',(59.0199880383491,7.32129361210865E-6,
27.0076529972635));
#11679=CARTESIAN_POINT('Ctrl Pts',(59.0918685975183,0.000884017535387591,
27.2367674816631));
#11680=CARTESIAN_POINT('Ctrl Pts',(59.1637261030277,0.0271187629691584,
27.4609096407797));
#11681=CARTESIAN_POINT('Ctrl Pts',(59.3722392526137,0.172937532339533,28.0877729187836));
#11682=CARTESIAN_POINT('Ctrl Pts',(59.5088298369396,0.352201021034653,28.4710645803989));
#11683=CARTESIAN_POINT('Ctrl Pts',(59.6471807134586,0.603813248318229,28.8050731428573));
#11684=CARTESIAN_POINT('Ctrl Pts',(59.0174679519724,-5.75871279889253E-15,
26.999532258092));
#11685=CARTESIAN_POINT('Ctrl Pts',(59.0506534525571,-5.93692610588844E-15,
26.9764261692614));
#11686=CARTESIAN_POINT('Ctrl Pts',(59.3471851485619,-8.10829235378893E-15,
26.7729840968477));
#11687=CARTESIAN_POINT('Ctrl Pts',(60.0592667895327,-5.78330832095488E-15,
26.3273931454218));
#11688=CARTESIAN_POINT('Ctrl Pts',(60.643343188406,-6.76253877936194E-15,
25.772503736364));
#11689=CARTESIAN_POINT('Ctrl Pts',(60.9388903937058,-7.21644966006352E-15,
25.3962487237426));
#11690=CARTESIAN_POINT('Origin',(53.4852813742386,3.,32.4142135623731));
#11691=CARTESIAN_POINT('Origin',(58.8994949366116,3.,27.));
#11692=CARTESIAN_POINT('Origin',(62.4,3.59999999999999,30.));
#11693=CARTESIAN_POINT('',(65.4,3.59999999999999,30.));
#11694=CARTESIAN_POINT('Ctrl Pts',(5.95751500761948,1.74470406973742,29.4604532085239));
#11695=CARTESIAN_POINT('Ctrl Pts',(5.91497859341501,1.69065326672446,29.368941885993));
#11696=CARTESIAN_POINT('Ctrl Pts',(5.87187720134554,1.63969129965208,29.2756649350885));
#11697=CARTESIAN_POINT('Ctrl Pts',(5.8282986537142,1.59134743923806,29.1810405321036));
#11698=CARTESIAN_POINT('Ctrl Pts',(5.93195048617618,1.71221936366864,29.4935944338129));
#11699=CARTESIAN_POINT('Ctrl Pts',(5.88761056695959,1.65748096081621,29.4023153708057));
#11700=CARTESIAN_POINT('Ctrl Pts',(5.84282240854091,1.60588487173071,29.3092453946238));
#11701=CARTESIAN_POINT('Ctrl Pts',(5.79742449463118,1.55709719185175,29.2148724271474));
#11702=CARTESIAN_POINT('Ctrl Pts',(5.91803974516722,1.63171731845426,29.551209607895));
#11703=CARTESIAN_POINT('Ctrl Pts',(5.87188878132124,1.5737026331378,29.4602615732906));
#11704=CARTESIAN_POINT('Ctrl Pts',(5.82507461331003,1.51902196001783,29.3675766507013));
#11705=CARTESIAN_POINT('Ctrl Pts',(5.77777643742493,1.46713762263706,29.2735490643462));
#11706=CARTESIAN_POINT('Ctrl Pts',(5.96431193792423,1.55105836279458,29.5790843739918));
#11707=CARTESIAN_POINT('Ctrl Pts',(5.9196357278515,1.48999166230609,29.4868161366549));
#11708=CARTESIAN_POINT('Ctrl Pts',(5.87439019914327,1.4324056772541,29.3927346390722));
#11709=CARTESIAN_POINT('Ctrl Pts',(5.8286523731339,1.37768863966864,29.2973028777277));
#11710=CARTESIAN_POINT('Ctrl Pts',(5.99160140346847,1.52251893684276,29.5835344798495));
#11711=CARTESIAN_POINT('Ctrl Pts',(5.94787705500915,1.46074659054224,29.4903753306265));
#11712=CARTESIAN_POINT('Ctrl Pts',(5.90359159868375,1.40250434245952,29.39540901784));
#11713=CARTESIAN_POINT('Ctrl Pts',(5.85882712235954,1.34725421627207,29.2990653070392));
#11714=CARTESIAN_POINT('',(5.94045765682318,1.72333256755282,29.4237747768984));
#11715=CARTESIAN_POINT('',(5.8282986537142,1.59134743923806,29.1810405321036));
#11716=CARTESIAN_POINT('Ctrl Pts',(5.94049654109837,1.72327982601686,29.4238115760478));
#11717=CARTESIAN_POINT('Ctrl Pts',(5.90349394976932,1.67713052381892,29.3440820615225));
#11718=CARTESIAN_POINT('Ctrl Pts',(5.86607558421086,1.63325527587022,29.2630675772702));
#11719=CARTESIAN_POINT('Ctrl Pts',(5.8282986537142,1.59134743923806,29.1810405321036));
#11720=CARTESIAN_POINT('',(5.85882712235954,1.34725421627207,29.2990653070392));
#11721=CARTESIAN_POINT('Origin',(5.97685189729514,1.4574372685206,29.1810405321036));
#11722=CARTESIAN_POINT('',(5.99160140346847,1.52251893684277,29.5835344798495));
#11723=CARTESIAN_POINT('Ctrl Pts',(5.85882712235954,1.34725421627207,29.2990653070392));
#11724=CARTESIAN_POINT('Ctrl Pts',(5.90359159868375,1.40250434245952,29.39540901784));
#11725=CARTESIAN_POINT('Ctrl Pts',(5.94787705500915,1.46074659054224,29.4903753306265));
#11726=CARTESIAN_POINT('Ctrl Pts',(5.99160140346847,1.52251893684276,29.5835344798495));
#11727=CARTESIAN_POINT('Ctrl Pts',(5.94049670387199,1.72328002902669,29.4238119267763));
#11728=CARTESIAN_POINT('Ctrl Pts',(5.9402670175307,1.72299377100275,29.4242839865548));
#11729=CARTESIAN_POINT('Ctrl Pts',(5.9400394323119,1.72270587061242,29.4247560159256));
#11730=CARTESIAN_POINT('Ctrl Pts',(5.93981394692245,1.72241634013559,29.4252280026384));
#11731=CARTESIAN_POINT('Ctrl Pts',(5.93463997797753,1.71577279795578,29.436058170393));
#11732=CARTESIAN_POINT('Ctrl Pts',(5.9305838993711,1.70829416667517,29.4468320260515));
#11733=CARTESIAN_POINT('Ctrl Pts',(5.92763260792512,1.70012732442975,29.4574030484914));
#11734=CARTESIAN_POINT('Ctrl Pts',(5.92596849154674,1.69552236548584,29.4633636294439));
#11735=CARTESIAN_POINT('Ctrl Pts',(5.92465637691268,1.69069793413516,29.4692596962792));
#11736=CARTESIAN_POINT('Ctrl Pts',(5.92370009927737,1.68567682085287,29.4750635841541));
#11737=CARTESIAN_POINT('Ctrl Pts',(5.922020695466,1.67685879931573,29.4852563054498));
#11738=CARTESIAN_POINT('Ctrl Pts',(5.92144710038845,1.6674924842098,29.4950992656114));
#11739=CARTESIAN_POINT('Ctrl Pts',(5.92199346191663,1.65771101528647,29.5044469646936));
#11740=CARTESIAN_POINT('Ctrl Pts',(5.92230943547067,1.65205416475814,29.5098529560541));
#11741=CARTESIAN_POINT('Ctrl Pts',(5.92300080693142,1.64625807949676,29.515093069056));
#11742=CARTESIAN_POINT('Ctrl Pts',(5.92407753026694,1.64034722931355,29.520135848908));
#11743=CARTESIAN_POINT('Ctrl Pts',(5.92563218714697,1.63181268417921,29.5274170065953));
#11744=CARTESIAN_POINT('Ctrl Pts',(5.92797810136614,1.62309987154498,29.5342352427056));
#11745=CARTESIAN_POINT('Ctrl Pts',(5.93113222214868,1.61428956585417,29.5405062818311));
#11746=CARTESIAN_POINT('Ctrl Pts',(5.93484983119576,1.60390528623967,29.5478976512157));
#11747=CARTESIAN_POINT('Ctrl Pts',(5.93968966097187,1.59338430539903,29.5545299293695));
#11748=CARTESIAN_POINT('Ctrl Pts',(5.94555886983929,1.58287707064256,29.560311580614));
#11749=CARTESIAN_POINT('Ctrl Pts',(5.94611147223685,1.58188778516143,29.560855939217));
#11750=CARTESIAN_POINT('Ctrl Pts',(5.9466732277411,1.58089863408866,29.5613927342408));
#11751=CARTESIAN_POINT('Ctrl Pts',(5.94724407558734,1.57990975220828,29.561921874461));
#11752=CARTESIAN_POINT('Ctrl Pts',(5.95327156210525,1.56946831454477,29.5675089771622));
#11753=CARTESIAN_POINT('Ctrl Pts',(5.96024594557595,1.55916593461171,29.5721863068344));
#11754=CARTESIAN_POINT('Ctrl Pts',(5.9680578478579,1.54915963140514,29.5758878604903));
#11755=CARTESIAN_POINT('Ctrl Pts',(5.97522013791049,1.53998541962768,29.5792816050575));
#11756=CARTESIAN_POINT('Ctrl Pts',(5.98308745241478,1.53105924011826,29.5818551111967));
#11757=CARTESIAN_POINT('Ctrl Pts',(5.99160140346847,1.52251893684276,29.5835344798495));
#11758=CARTESIAN_POINT('Ctrl Pts',(5.82829865371419,1.59134743923806,29.1810405321036));
#11759=CARTESIAN_POINT('Ctrl Pts',(5.76210889212569,1.51791982934749,29.0373192055691));
#11760=CARTESIAN_POINT('Ctrl Pts',(5.60764618868078,1.36309356972441,28.7670161441175));
#11761=CARTESIAN_POINT('Ctrl Pts',(5.35819247165256,1.16216617278774,28.3557719584649));
#11762=CARTESIAN_POINT('Ctrl Pts',(4.84120634380383,0.831016854495416,27.5077004549));
#11763=CARTESIAN_POINT('Ctrl Pts',(4.42963923353018,0.699881293931786,26.7375523883795));
#11764=CARTESIAN_POINT('Ctrl Pts',(4.11977104717646,0.645370064032198,26.108448816872));
#11765=CARTESIAN_POINT('Ctrl Pts',(5.81286157417268,1.5742223155449,29.1979564796255));
#11766=CARTESIAN_POINT('Ctrl Pts',(5.74574830578262,1.50091558304998,29.0569898410085));
#11767=CARTESIAN_POINT('Ctrl Pts',(5.58876672137158,1.34599961212835,28.7889273806637));
#11768=CARTESIAN_POINT('Ctrl Pts',(5.33490966139942,1.14525541672883,28.3788309689055));
#11769=CARTESIAN_POINT('Ctrl Pts',(4.80899327292978,0.815763016441294,27.5316909480228));
#11770=CARTESIAN_POINT('Ctrl Pts',(4.39038554434258,0.688324035089949,26.7600317824982));
#11771=CARTESIAN_POINT('Ctrl Pts',(4.07722215408344,0.637884970061567,26.1314954851841));
#11772=CARTESIAN_POINT('Ctrl Pts',(5.7912598256396,1.53163609630917,29.2317761424442));
#11773=CARTESIAN_POINT('Ctrl Pts',(5.72339191031294,1.45702998323982,29.096319157712));
#11774=CARTESIAN_POINT('Ctrl Pts',(5.56266558965823,1.29913726729935,28.8327223928983));
#11775=CARTESIAN_POINT('Ctrl Pts',(5.3007377007181,1.09464423919289,28.4249096713506));
#11776=CARTESIAN_POINT('Ctrl Pts',(4.75694126831279,0.759900685169503,27.5796299014423));
#11777=CARTESIAN_POINT('Ctrl Pts',(4.32189116664308,0.63302964971705,26.8048529555088));
#11778=CARTESIAN_POINT('Ctrl Pts',(3.99890096255706,0.585818575160392,26.1774570936638));
#11779=CARTESIAN_POINT('Ctrl Pts',(5.79243560761389,1.45431579564905,29.2733352366901));
#11780=CARTESIAN_POINT('Ctrl Pts',(5.72769501912381,1.3751938913387,29.1433431741705));
#11781=CARTESIAN_POINT('Ctrl Pts',(5.56762491761011,1.20799380912397,28.8823413737416));
#11782=CARTESIAN_POINT('Ctrl Pts',(5.30117997379399,0.990731680487845,28.4737327511521));
#11783=CARTESIAN_POINT('Ctrl Pts',(4.7442564476888,0.63285347825365,27.6235454344195));
#11784=CARTESIAN_POINT('Ctrl Pts',(4.29484550012502,0.491857466920785,26.8411094459794));
#11785=CARTESIAN_POINT('Ctrl Pts',(3.96125686449254,0.436930129873151,26.2109961191352));
#11786=CARTESIAN_POINT('Ctrl Pts',(5.82129327886115,1.39036121773964,29.294011913217));
#11787=CARTESIAN_POINT('Ctrl Pts',(5.76222426695189,1.30765880012188,29.1645258448196));
#11788=CARTESIAN_POINT('Ctrl Pts',(5.60761311476922,1.13324654330214,28.9000306059895));
#11789=CARTESIAN_POINT('Ctrl Pts',(5.34468943237824,0.906341725877221,28.4853856636976));
#11790=CARTESIAN_POINT('Ctrl Pts',(4.79192906214352,0.531177320967815,27.6221403666402));
#11791=CARTESIAN_POINT('Ctrl Pts',(4.34597344057868,0.380145989161665,26.8310867157134));
#11792=CARTESIAN_POINT('Ctrl Pts',(4.01309578574151,0.317831530878829,26.1947681243262));
#11793=CARTESIAN_POINT('Ctrl Pts',(5.84876887261766,1.35739902407092,29.298477830602));
#11794=CARTESIAN_POINT('Ctrl Pts',(5.79368582763129,1.27366583589639,29.1671911718934));
#11795=CARTESIAN_POINT('Ctrl Pts',(5.64328318900388,1.09710912107754,28.8980310137325));
#11796=CARTESIAN_POINT('Ctrl Pts',(5.38434568758738,0.86780797970552,28.4777707323777));
#11797=CARTESIAN_POINT('Ctrl Pts',(4.83840633708744,0.489479787111777,27.6041755850948));
#11798=CARTESIAN_POINT('Ctrl Pts',(4.39892106953105,0.338665932377274,26.8090422102993));
#11799=CARTESIAN_POINT('Ctrl Pts',(4.06946641828181,0.276018740635301,26.1690160122987));
#11800=CARTESIAN_POINT('Ctrl Pts',(5.85882712235954,1.34725421627206,29.2990653070392));
#11801=CARTESIAN_POINT('Ctrl Pts',(5.80506984591093,1.2633369478257,29.1669663368333));
#11802=CARTESIAN_POINT('Ctrl Pts',(5.65607644975921,1.08639265111362,28.8960197812344));
#11803=CARTESIAN_POINT('Ctrl Pts',(5.39853626921391,0.856761340328845,28.4737608577868));
#11804=CARTESIAN_POINT('Ctrl Pts',(4.85503635920225,0.478304976566188,27.5966702718543));
#11805=CARTESIAN_POINT('Ctrl Pts',(4.41791816619155,0.328435764493468,26.8004176123526));
#11806=CARTESIAN_POINT('Ctrl Pts',(4.08965908203776,0.266137216036797,26.1593202520955));
#11807=CARTESIAN_POINT('',(4.11977104717646,0.645370064032198,26.108448816872));
#11808=CARTESIAN_POINT('',(4.08965908203742,0.266137216036798,26.1593202520951));
#11809=CARTESIAN_POINT('Origin',(4.15442245032156,0.448394734967678,26.108448816872));
#11810=CARTESIAN_POINT('Ctrl Pts',(4.08965908203776,0.266137216036797,26.1593202520955));
#11811=CARTESIAN_POINT('Ctrl Pts',(4.41791816619155,0.328435764493468,26.8004176123526));
#11812=CARTESIAN_POINT('Ctrl Pts',(4.85503635920225,0.478304976566188,27.5966702718543));
#11813=CARTESIAN_POINT('Ctrl Pts',(5.39853626921391,0.856761340328845,28.4737608577868));
#11814=CARTESIAN_POINT('Ctrl Pts',(5.65607644975921,1.08639265111362,28.8960197812344));
#11815=CARTESIAN_POINT('Ctrl Pts',(5.80506984591093,1.2633369478257,29.1669663368333));
#11816=CARTESIAN_POINT('Ctrl Pts',(5.85882712235954,1.34725421627206,29.2990653070392));
#11817=CARTESIAN_POINT('Ctrl Pts',(5.82829865371419,1.59134743923806,29.1810405321036));
#11818=CARTESIAN_POINT('Ctrl Pts',(5.76210889212569,1.51791982934749,29.0373192055691));
#11819=CARTESIAN_POINT('Ctrl Pts',(5.60764618868078,1.36309356972441,28.7670161441175));
#11820=CARTESIAN_POINT('Ctrl Pts',(5.35819247165256,1.16216617278774,28.3557719584649));
#11821=CARTESIAN_POINT('Ctrl Pts',(4.84120634380383,0.831016854495416,27.5077004549));
#11822=CARTESIAN_POINT('Ctrl Pts',(4.42963923353018,0.699881293931786,26.7375523883795));
#11823=CARTESIAN_POINT('Ctrl Pts',(4.11977104717646,0.645370064032198,26.108448816872));
#11824=CARTESIAN_POINT('Ctrl Pts',(4.11977104717624,0.64537006403216,26.1084488168716));
#11825=CARTESIAN_POINT('Ctrl Pts',(4.00565579355805,0.625295196398194,25.8767686484121));
#11826=CARTESIAN_POINT('Ctrl Pts',(3.83351264278297,0.605414461130695,25.4786677940479));
#11827=CARTESIAN_POINT('Ctrl Pts',(3.59337931473983,0.597162450291041,24.9230251569329));
#11828=CARTESIAN_POINT('Ctrl Pts',(3.42153582255481,0.603213469706495,24.6228083526737));
#11829=CARTESIAN_POINT('Ctrl Pts',(3.30990540291483,0.614058753970198,24.4950089725712));
#11830=CARTESIAN_POINT('Ctrl Pts',(4.07722215408322,0.637884970061532,26.1314954851837));
#11831=CARTESIAN_POINT('Ctrl Pts',(3.96126019455646,0.619196911781735,25.8986856300706));
#11832=CARTESIAN_POINT('Ctrl Pts',(3.78679246414844,0.601749972306011,25.4995979367724));
#11833=CARTESIAN_POINT('Ctrl Pts',(3.5460135684833,0.597326481938361,24.9464907700182));
#11834=CARTESIAN_POINT('Ctrl Pts',(3.37731529790564,0.606030511409862,24.6538501850223));
#11835=CARTESIAN_POINT('Ctrl Pts',(3.27083000929664,0.617855064625234,24.5317596956863));
#11836=CARTESIAN_POINT('Ctrl Pts',(3.99890003410395,0.585827305708152,26.1774567745386));
#11837=CARTESIAN_POINT('Ctrl Pts',(3.87803411946626,0.568206641342857,25.9423884052949));
#11838=CARTESIAN_POINT('Ctrl Pts',(3.69705487565775,0.553298762755543,25.5411860890535));
#11839=CARTESIAN_POINT('Ctrl Pts',(3.45155355038742,0.553576603201818,24.9931684099343));
#11840=CARTESIAN_POINT('Ctrl Pts',(3.28654311287925,0.566227558338891,24.7156236301509));
#11841=CARTESIAN_POINT('Ctrl Pts',(3.18855990008707,0.579717414255235,24.6049597014949));
#11842=CARTESIAN_POINT('Ctrl Pts',(3.96125739183123,0.436933652975705,26.2109955164499));
#11843=CARTESIAN_POINT('Ctrl Pts',(3.83535295635647,0.416581407764578,25.9730680112369));
#11844=CARTESIAN_POINT('Ctrl Pts',(3.64723683083943,0.398097942410541,25.5688062681512));
#11845=CARTESIAN_POINT('Ctrl Pts',(3.39344757672512,0.395305767937067,25.0220368234792));
#11846=CARTESIAN_POINT('Ctrl Pts',(3.22526822472175,0.407235056717083,24.7520611884534));
#11847=CARTESIAN_POINT('Ctrl Pts',(3.12761689263759,0.421177154480761,24.647390198896));
#11848=CARTESIAN_POINT('Ctrl Pts',(4.01309619502655,0.317834557687421,26.1947676295357));
#11849=CARTESIAN_POINT('Ctrl Pts',(3.8876147787515,0.294896297378054,25.9556377158226));
#11850=CARTESIAN_POINT('Ctrl Pts',(3.70019821958736,0.272465737693393,25.5494410458759));
#11851=CARTESIAN_POINT('Ctrl Pts',(3.44388509184647,0.264304740675458,24.9971263546715));
#11852=CARTESIAN_POINT('Ctrl Pts',(3.26837301033666,0.272846363441094,24.7165234813041));
#11853=CARTESIAN_POINT('Ctrl Pts',(3.16071424191546,0.285912753481118,24.6043089101713));
#11854=CARTESIAN_POINT('Ctrl Pts',(4.06946641828159,0.276018740635258,26.1690160122983));
#11855=CARTESIAN_POINT('Ctrl Pts',(3.94583455962109,0.252957123995616,25.9300998734143));
#11856=CARTESIAN_POINT('Ctrl Pts',(3.76093477618841,0.230078874719446,25.5238356611951));
#11857=CARTESIAN_POINT('Ctrl Pts',(3.50502391441029,0.220778099047701,24.9669270338229));
#11858=CARTESIAN_POINT('Ctrl Pts',(3.32457838812104,0.227983532216936,24.6754648698203));
#11859=CARTESIAN_POINT('Ctrl Pts',(3.20897199434481,0.240531612832295,24.5552386291697));
#11860=CARTESIAN_POINT('Ctrl Pts',(4.08965908203753,0.266137216036754,26.1593202520951));
#11861=CARTESIAN_POINT('Ctrl Pts',(3.96670357240947,0.243194510169361,25.9205911195639));
#11862=CARTESIAN_POINT('Ctrl Pts',(3.78274832550668,0.220473669863648,25.5144038227651));
#11863=CARTESIAN_POINT('Ctrl Pts',(3.52702017122384,0.211042800332615,24.9560089655366));
#11864=CARTESIAN_POINT('Ctrl Pts',(3.34496325788731,0.217958251093134,24.6607898706298));
#11865=CARTESIAN_POINT('Ctrl Pts',(3.22671438061599,0.230352861680223,24.537786429967));
#11866=CARTESIAN_POINT('',(3.30990540291483,0.614058753970198,24.4950089725712));
#11867=CARTESIAN_POINT('',(3.22671438061535,0.230352861680225,24.5377864299661));
#11868=CARTESIAN_POINT('Origin',(3.29056576310915,0.414996004234876,24.4950089725712));
#11869=CARTESIAN_POINT('Ctrl Pts',(3.22671438061599,0.230352861680223,24.537786429967));
#11870=CARTESIAN_POINT('Ctrl Pts',(3.34496325788731,0.217958251093134,24.6607898706298));
#11871=CARTESIAN_POINT('Ctrl Pts',(3.52702017122384,0.211042800332615,24.9560089655366));
#11872=CARTESIAN_POINT('Ctrl Pts',(3.78274832550668,0.220473669863648,25.5144038227651));
#11873=CARTESIAN_POINT('Ctrl Pts',(3.96670357240947,0.243194510169361,25.9205911195639));
#11874=CARTESIAN_POINT('Ctrl Pts',(4.08965908203753,0.266137216036754,26.1593202520951));
#11875=CARTESIAN_POINT('Ctrl Pts',(4.11977104717624,0.64537006403216,26.1084488168716));
#11876=CARTESIAN_POINT('Ctrl Pts',(4.00565579355805,0.625295196398194,25.8767686484121));
#11877=CARTESIAN_POINT('Ctrl Pts',(3.83351264278297,0.605414461130695,25.4786677940479));
#11878=CARTESIAN_POINT('Ctrl Pts',(3.59337931473983,0.597162450291041,24.9230251569329));
#11879=CARTESIAN_POINT('Ctrl Pts',(3.42153582255481,0.603213469706495,24.6228083526737));
#11880=CARTESIAN_POINT('Ctrl Pts',(3.30990540291483,0.614058753970198,24.4950089725712));
#11881=CARTESIAN_POINT('Ctrl Pts',(3.30990540291419,0.61405875397026,24.4950089725705));
#11882=CARTESIAN_POINT('Ctrl Pts',(3.16628152955327,0.628012313749757,24.3305820892647));
#11883=CARTESIAN_POINT('Ctrl Pts',(2.85113263675223,0.679423340220107,24.0291494418043));
#11884=CARTESIAN_POINT('Ctrl Pts',(2.14844962855945,0.925996713570967,23.5925447359004));
#11885=CARTESIAN_POINT('Ctrl Pts',(1.15948149562089,1.63948309057951,23.1382899391904));
#11886=CARTESIAN_POINT('Ctrl Pts',(0.74581967375173,2.55232162457071,22.6515866260948));
#11887=CARTESIAN_POINT('Ctrl Pts',(0.653206191468431,3.0375,22.2285515178061));
#11888=CARTESIAN_POINT('Ctrl Pts',(3.27083000929593,0.617855064625312,24.5317596956855));
#11889=CARTESIAN_POINT('Ctrl Pts',(3.12923928347969,0.633518393813034,24.3699399557752));
#11890=CARTESIAN_POINT('Ctrl Pts',(2.82075914278918,0.687951101823742,24.0745924801564));
#11891=CARTESIAN_POINT('Ctrl Pts',(2.13131502610935,0.936508404172616,23.6436417500417));
#11892=CARTESIAN_POINT('Ctrl Pts',(1.1468979302916,1.65377539677523,23.1882766023522));
#11893=CARTESIAN_POINT('Ctrl Pts',(0.735279868894217,2.57775015901624,22.6990706210709));
#11894=CARTESIAN_POINT('Ctrl Pts',(0.646843254002165,3.07083380396385,22.2708165921306));
#11895=CARTESIAN_POINT('Ctrl Pts',(3.18856091718058,0.579724119816664,24.6049593608355));
#11896=CARTESIAN_POINT('Ctrl Pts',(3.04870540923632,0.598187638860275,24.4483592387467));
#11897=CARTESIAN_POINT('Ctrl Pts',(2.74837097610868,0.658333623401687,24.1651637284891));
#11898=CARTESIAN_POINT('Ctrl Pts',(2.07413444349068,0.915195056252954,23.7455128187233));
#11899=CARTESIAN_POINT('Ctrl Pts',(1.0844833995047,1.65273058330194,23.2878908717152));
#11900=CARTESIAN_POINT('Ctrl Pts',(0.67052710924908,2.61195130155821,22.7936866389201));
#11901=CARTESIAN_POINT('Ctrl Pts',(0.588318654316356,3.1284666698144,22.3549889905515));
#11902=CARTESIAN_POINT('Ctrl Pts',(3.12761787101711,0.421179719161462,24.6473895194773));
#11903=CARTESIAN_POINT('Ctrl Pts',(2.98316830372513,0.440080518968383,24.4927355864583));
#11904=CARTESIAN_POINT('Ctrl Pts',(2.67326596688731,0.503457187966666,24.2146903797756));
#11905=CARTESIAN_POINT('Ctrl Pts',(1.97360414282828,0.7777279630702,23.8019094520789));
#11906=CARTESIAN_POINT('Ctrl Pts',(0.936903157726642,1.56352730582231,23.3464136086962));
#11907=CARTESIAN_POINT('Ctrl Pts',(0.502470159682357,2.58375909916135,22.8481360395063));
#11908=CARTESIAN_POINT('Ctrl Pts',(0.418290347731587,3.13494096683873,22.4026146105262));
#11909=CARTESIAN_POINT('Ctrl Pts',(3.16071506587053,0.285914969099393,24.6043083430353));
#11910=CARTESIAN_POINT('Ctrl Pts',(3.00923141691979,0.303055807953906,24.4450460281809));
#11911=CARTESIAN_POINT('Ctrl Pts',(2.67886417548158,0.364412060851058,24.1571805221132));
#11912=CARTESIAN_POINT('Ctrl Pts',(1.9309589602973,0.647204947581503,23.7382686268216));
#11913=CARTESIAN_POINT('Ctrl Pts',(0.844432038554501,1.4610704791865,23.2890272359708));
#11914=CARTESIAN_POINT('Ctrl Pts',(0.389945322301949,2.50808345840455,22.7919459666364));
#11915=CARTESIAN_POINT('Ctrl Pts',(0.296733703429343,3.06983692598091,22.3513550953249));
#11916=CARTESIAN_POINT('Ctrl Pts',(3.208971994344,0.240531612832373,24.5552386291689));
#11917=CARTESIAN_POINT('Ctrl Pts',(3.05364856581058,0.256742868335596,24.3918484262347));
#11918=CARTESIAN_POINT('Ctrl Pts',(2.71109130828536,0.316179985955628,24.0948109950665));
#11919=CARTESIAN_POINT('Ctrl Pts',(1.93591512729569,0.598662558853035,23.6684842827051));
#11920=CARTESIAN_POINT('Ctrl Pts',(0.828012311933918,1.41483368596571,23.2227086421586));
#11921=CARTESIAN_POINT('Ctrl Pts',(0.365708981637559,2.46043756327939,22.7282897029773));
#11922=CARTESIAN_POINT('Ctrl Pts',(0.266713511138978,3.01742433895983,22.2942460656301));
#11923=CARTESIAN_POINT('Ctrl Pts',(3.22671438061522,0.230352861680299,24.5377864299662));
#11924=CARTESIAN_POINT('Ctrl Pts',(3.07021843284621,0.246299787142581,24.3730269370632));
#11925=CARTESIAN_POINT('Ctrl Pts',(2.72392926328333,0.305055245965838,24.0728993850202));
#11926=CARTESIAN_POINT('Ctrl Pts',(1.94060919794193,0.586853386938251,23.6439225748392));
#11927=CARTESIAN_POINT('Ctrl Pts',(0.82700908679736,1.40226638923373,23.1990778645401));
#11928=CARTESIAN_POINT('Ctrl Pts',(0.362796923811406,2.44551042808082,22.7057006388722));
#11929=CARTESIAN_POINT('Ctrl Pts',(0.261993133571083,3.,22.2740321610266));
#11930=CARTESIAN_POINT('',(0.653206191468431,3.0375,22.2285515178061));
#11931=CARTESIAN_POINT('',(0.261993133571082,3.,22.2740321610266));
#11932=CARTESIAN_POINT('Origin',(0.45675327089966,3.,22.2285515178061));
#11933=CARTESIAN_POINT('Ctrl Pts',(0.261993133571083,3.,22.2740321610266));
#11934=CARTESIAN_POINT('Ctrl Pts',(0.362796923811406,2.44551042808082,22.7057006388722));
#11935=CARTESIAN_POINT('Ctrl Pts',(0.82700908679736,1.40226638923373,23.1990778645401));
#11936=CARTESIAN_POINT('Ctrl Pts',(1.94060919794193,0.586853386938251,23.6439225748392));
#11937=CARTESIAN_POINT('Ctrl Pts',(2.72392926328333,0.305055245965838,24.0728993850202));
#11938=CARTESIAN_POINT('Ctrl Pts',(3.07021843284621,0.246299787142581,24.3730269370632));
#11939=CARTESIAN_POINT('Ctrl Pts',(3.22671438061522,0.230352861680299,24.5377864299662));
#11940=CARTESIAN_POINT('Ctrl Pts',(3.30990540291419,0.61405875397026,24.4950089725705));
#11941=CARTESIAN_POINT('Ctrl Pts',(3.16628152955327,0.628012313749757,24.3305820892647));
#11942=CARTESIAN_POINT('Ctrl Pts',(2.85113263675223,0.679423340220107,24.0291494418043));
#11943=CARTESIAN_POINT('Ctrl Pts',(2.14844962855945,0.925996713570967,23.5925447359004));
#11944=CARTESIAN_POINT('Ctrl Pts',(1.15948149562089,1.63948309057951,23.1382899391904));
#11945=CARTESIAN_POINT('Ctrl Pts',(0.74581967375173,2.55232162457071,22.6515866260948));
#11946=CARTESIAN_POINT('Ctrl Pts',(0.653206191468431,3.0375,22.2285515178061));
#11947=CARTESIAN_POINT('Ctrl Pts',(0.653206191468432,3.0375,22.2285515178061));
#11948=CARTESIAN_POINT('Ctrl Pts',(0.641045231885218,3.10120816072109,22.1730033111374));
#11949=CARTESIAN_POINT('Ctrl Pts',(0.619571877736186,3.23567138401941,22.0704239916975));
#11950=CARTESIAN_POINT('Ctrl Pts',(0.599425269219633,3.46817360183828,21.9669320864913));
#11951=CARTESIAN_POINT('Ctrl Pts',(0.599057659542495,3.72364404858975,21.9649092550302));
#11952=CARTESIAN_POINT('Ctrl Pts',(0.625499761975618,4.03514525982069,22.1014317702295));
#11953=CARTESIAN_POINT('Ctrl Pts',(0.687937256124116,4.34822421054306,22.3924323828315));
#11954=CARTESIAN_POINT('Ctrl Pts',(0.823180220715408,4.77025269743144,22.9214605163847));
#11955=CARTESIAN_POINT('Ctrl Pts',(1.14412501665509,5.39864146291211,23.9176476888852));
#11956=CARTESIAN_POINT('Ctrl Pts',(1.82542587007563,6.1203720092482,25.3473725224811));
#11957=CARTESIAN_POINT('Ctrl Pts',(2.63620949130582,6.48020431846646,26.4312497019815));
#11958=CARTESIAN_POINT('Ctrl Pts',(3.10345644784164,6.55862206116461,26.9296464556208));
#11959=CARTESIAN_POINT('Ctrl Pts',(0.646843254002166,3.07083380396385,22.2708165921306));
#11960=CARTESIAN_POINT('Ctrl Pts',(0.635709727658523,3.1331230311381,22.2169689835936));
#11961=CARTESIAN_POINT('Ctrl Pts',(0.616388737874993,3.26363066051771,22.1182668295519));
#11962=CARTESIAN_POINT('Ctrl Pts',(0.599530947233905,3.48134475580196,22.0228963351572));
#11963=CARTESIAN_POINT('Ctrl Pts',(0.599213928813092,3.7113151719967,22.0209346022836));
#11964=CARTESIAN_POINT('Ctrl Pts',(0.62127765586394,4.00269807924856,22.1465938394437));
#11965=CARTESIAN_POINT('Ctrl Pts',(0.678467797648837,4.311447288163,22.4294843915708));
#11966=CARTESIAN_POINT('Ctrl Pts',(0.807610426200704,4.73319080075024,22.952429567559));
#11967=CARTESIAN_POINT('Ctrl Pts',(1.12126018621361,5.36856733093571,23.9441798497619));
#11968=CARTESIAN_POINT('Ctrl Pts',(1.79855085141201,6.10265750820338,25.3715324952935));
#11969=CARTESIAN_POINT('Ctrl Pts',(2.61164449857912,6.4724555156329,26.4544357892542));
#11970=CARTESIAN_POINT('Ctrl Pts',(3.08118975619137,6.55488505726946,26.9525403261232));
#11971=CARTESIAN_POINT('Ctrl Pts',(0.588305615841097,3.12854106313238,22.3550830450121));
#11972=CARTESIAN_POINT('Ctrl Pts',(0.578387872798182,3.18888290530066,22.3046420934344));
#11973=CARTESIAN_POINT('Ctrl Pts',(0.5617338673708,3.31345625007164,22.2137065229629));
#11974=CARTESIAN_POINT('Ctrl Pts',(0.549528890431921,3.50537178499077,22.134606095111));
#11975=CARTESIAN_POINT('Ctrl Pts',(0.549264625826067,3.68871488090617,22.1327690761972));
#11976=CARTESIAN_POINT('Ctrl Pts',(0.565092012505401,3.94493569584187,22.2366780114766));
#11977=CARTESIAN_POINT('Ctrl Pts',(0.616141223395688,4.24934996993477,22.5033390560441));
#11978=CARTESIAN_POINT('Ctrl Pts',(0.739794197720343,4.67513156997158,23.0141251299742));
#11979=CARTESIAN_POINT('Ctrl Pts',(1.04990750941829,5.32887722912012,23.9970262729403));
#11980=CARTESIAN_POINT('Ctrl Pts',(1.73215994160519,6.08789125569986,25.4197483160215));
#11981=CARTESIAN_POINT('Ctrl Pts',(2.55704705768001,6.47443110289282,26.5007910705397));
#11982=CARTESIAN_POINT('Ctrl Pts',(3.03405515212036,6.56301775191851,26.9983100255168));
#11983=CARTESIAN_POINT('Ctrl Pts',(0.418298088166854,3.1348890330833,22.4025492693678));
#11984=CARTESIAN_POINT('Ctrl Pts',(0.407340279020042,3.19609709459422,22.3530781872307));
#11985=CARTESIAN_POINT('Ctrl Pts',(0.388784941040889,3.3219139600401,22.264480094569));
#11986=CARTESIAN_POINT('Ctrl Pts',(0.374922522689779,3.51057599217182,22.1908791601172));
#11987=CARTESIAN_POINT('Ctrl Pts',(0.374617154876689,3.68380265706769,22.1890770435091));
#11988=CARTESIAN_POINT('Ctrl Pts',(0.392640035799679,3.93545861150591,22.2856216664437));
#11989=CARTESIAN_POINT('Ctrl Pts',(0.449226614025133,4.24601626137342,22.5478092742985));
#11990=CARTESIAN_POINT('Ctrl Pts',(0.5830932433477,4.68265622681246,23.0568252733505));
#11991=CARTESIAN_POINT('Ctrl Pts',(0.912958790755296,5.35504352893079,24.0412597287341));
#11992=CARTESIAN_POINT('Ctrl Pts',(1.62632624497066,6.13319996782212,25.4681471922532));
#11993=CARTESIAN_POINT('Ctrl Pts',(2.47970293690351,6.52856872070794,26.5523072431382));
#11994=CARTESIAN_POINT('Ctrl Pts',(2.97161849140838,6.6191876658875,27.0513197273167));
#11995=CARTESIAN_POINT('Ctrl Pts',(0.296730254488682,3.0698363278473,22.3513551689942));
#11996=CARTESIAN_POINT('Ctrl Pts',(0.284078587646053,3.13445010914551,22.2984440136748));
#11997=CARTESIAN_POINT('Ctrl Pts',(0.262040695699964,3.26902808317377,22.2022170095892));
#11998=CARTESIAN_POINT('Ctrl Pts',(0.242949040421032,3.4862580369498,22.1136360532801));
#11999=CARTESIAN_POINT('Ctrl Pts',(0.242568109867253,3.7066653637539,22.1117090408775));
#12000=CARTESIAN_POINT('Ctrl Pts',(0.267549571506491,3.99711208258494,22.2282683303489));
#12001=CARTESIAN_POINT('Ctrl Pts',(0.332737613914162,4.31987830584786,22.5070929500946));
#12002=CARTESIAN_POINT('Ctrl Pts',(0.477806241270864,4.76444715658933,23.0313152913009));
#12003=CARTESIAN_POINT('Ctrl Pts',(0.824866869308709,5.43797767426159,24.0320410144833));
#12004=CARTESIAN_POINT('Ctrl Pts',(1.56141286713135,6.21407197573609,25.4747387559605));
#12005=CARTESIAN_POINT('Ctrl Pts',(2.43540659000935,6.60462156691482,26.5689884827722));
#12006=CARTESIAN_POINT('Ctrl Pts',(2.93838254201466,6.69199184634962,27.0723370000321));
#12007=CARTESIAN_POINT('Ctrl Pts',(0.266713511138976,3.01742433895982,22.2942460656301));
#12008=CARTESIAN_POINT('Ctrl Pts',(0.253576627591946,3.08454493064311,22.2384881489257));
#12009=CARTESIAN_POINT('Ctrl Pts',(0.230448356468206,3.22576167978658,22.1358888916432));
#12010=CARTESIAN_POINT('Ctrl Pts',(0.209123674864316,3.46609938672825,22.0344867945972));
#12011=CARTESIAN_POINT('Ctrl Pts',(0.208729144898722,3.72564029544907,22.0324555863397));
#12012=CARTESIAN_POINT('Ctrl Pts',(0.236709431161513,4.04749331354175,22.1661456884295));
#12013=CARTESIAN_POINT('Ctrl Pts',(0.304230552180876,4.37863680163905,22.4586492810057));
#12014=CARTESIAN_POINT('Ctrl Pts',(0.451294983509739,4.82738021321321,22.9946966330395));
#12015=CARTESIAN_POINT('Ctrl Pts',(0.800722082072477,5.4984404231063,24.0074188075493));
#12016=CARTESIAN_POINT('Ctrl Pts',(1.54193007381488,6.26982583434776,25.4622865280187));
#12017=CARTESIAN_POINT('Ctrl Pts',(2.42289195682369,6.65532276924191,26.5652094579862));
#12018=CARTESIAN_POINT('Ctrl Pts',(2.93027189665052,6.73989840185684,27.0724075203815));
#12019=CARTESIAN_POINT('Ctrl Pts',(0.261993133571081,3.,22.2740321610266));
#12020=CARTESIAN_POINT('Ctrl Pts',(0.248756714977107,3.06795537143584,22.2173503174871));
#12021=CARTESIAN_POINT('Ctrl Pts',(0.225384356719658,3.21138280962069,22.1126775425485));
#12022=CARTESIAN_POINT('Ctrl Pts',(0.203456075341096,3.45938517529417,22.0070735576442));
#12023=CARTESIAN_POINT('Ctrl Pts',(0.20305595596462,3.7318869851624,22.0050094439084));
#12024=CARTESIAN_POINT('Ctrl Pts',(0.231836475619719,4.06415494380873,22.1443181328873));
#12025=CARTESIAN_POINT('Ctrl Pts',(0.299795652924207,4.39810582457926,22.4412575335015));
#12026=CARTESIAN_POINT('Ctrl Pts',(0.446998879690239,4.84826954392687,22.9810821595762));
#12027=CARTESIAN_POINT('Ctrl Pts',(0.79632654874024,5.51855089377292,23.9975996825359));
#12028=CARTESIAN_POINT('Ctrl Pts',(1.5378784980415,6.28839680986475,25.4565025739603));
#12029=CARTESIAN_POINT('Ctrl Pts',(2.42036407216962,6.67221793969756,26.5624996958995));
#12030=CARTESIAN_POINT('Ctrl Pts',(2.92893218812695,6.75586353190891,27.0710678118579));
#12031=CARTESIAN_POINT('',(3.10345644784164,6.55862206116461,26.9296464556208));
#12032=CARTESIAN_POINT('',(2.92893218813074,6.75586353190891,27.0710678118617));
#12033=CARTESIAN_POINT('Origin',(3.07035354436441,6.75586353190891,26.9296464556208));
#12034=CARTESIAN_POINT('Ctrl Pts',(2.92893218812695,6.75586353190891,27.0710678118579));
#12035=CARTESIAN_POINT('Ctrl Pts',(2.42036407216962,6.67221793969756,26.5624996958995));
#12036=CARTESIAN_POINT('Ctrl Pts',(1.5378784980415,6.28839680986475,25.4565025739603));
#12037=CARTESIAN_POINT('Ctrl Pts',(0.79632654874024,5.51855089377292,23.9975996825359));
#12038=CARTESIAN_POINT('Ctrl Pts',(0.446998879690239,4.84826954392687,22.9810821595762));
#12039=CARTESIAN_POINT('Ctrl Pts',(0.299795652924207,4.39810582457926,22.4412575335015));
#12040=CARTESIAN_POINT('Ctrl Pts',(0.231836475619719,4.06415494380873,22.1443181328873));
#12041=CARTESIAN_POINT('Ctrl Pts',(0.20305595596462,3.7318869851624,22.0050094439084));
#12042=CARTESIAN_POINT('Ctrl Pts',(0.203456075341096,3.45938517529417,22.0070735576442));
#12043=CARTESIAN_POINT('Ctrl Pts',(0.225384356719658,3.21138280962069,22.1126775425485));
#12044=CARTESIAN_POINT('Ctrl Pts',(0.248756714977107,3.06795537143584,22.2173503174871));
#12045=CARTESIAN_POINT('Ctrl Pts',(0.261993133571081,3.,22.2740321610266));
#12046=CARTESIAN_POINT('Ctrl Pts',(0.653206191468432,3.0375,22.2285515178061));
#12047=CARTESIAN_POINT('Ctrl Pts',(0.641045231885218,3.10120816072109,22.1730033111374));
#12048=CARTESIAN_POINT('Ctrl Pts',(0.619571877736186,3.23567138401941,22.0704239916975));
#12049=CARTESIAN_POINT('Ctrl Pts',(0.599425269219633,3.46817360183828,21.9669320864913));
#12050=CARTESIAN_POINT('Ctrl Pts',(0.599057659542495,3.72364404858975,21.9649092550302));
#12051=CARTESIAN_POINT('Ctrl Pts',(0.625499761975618,4.03514525982069,22.1014317702295));
#12052=CARTESIAN_POINT('Ctrl Pts',(0.687937256124116,4.34822421054306,22.3924323828315));
#12053=CARTESIAN_POINT('Ctrl Pts',(0.823180220715408,4.77025269743144,22.9214605163847));
#12054=CARTESIAN_POINT('Ctrl Pts',(1.14412501665509,5.39864146291211,23.9176476888852));
#12055=CARTESIAN_POINT('Ctrl Pts',(1.82542587007563,6.1203720092482,25.3473725224811));
#12056=CARTESIAN_POINT('Ctrl Pts',(2.63620949130582,6.48020431846646,26.4312497019815));
#12057=CARTESIAN_POINT('Ctrl Pts',(3.10345644784164,6.55862206116461,26.9296464556208));
#12058=CARTESIAN_POINT('Ctrl Pts',(3.10345644784332,6.55862206116489,26.9296464556225));
#12059=CARTESIAN_POINT('Ctrl Pts',(4.09018705472332,6.72422439577636,27.9821591029612));
#12060=CARTESIAN_POINT('Ctrl Pts',(5.1502912880028,6.35638501413085,29.1129369517927));
#12061=CARTESIAN_POINT('Ctrl Pts',(5.82238051218928,5.61519846641497,29.8298321242582));
#12062=CARTESIAN_POINT('Ctrl Pts',(3.0644897374554,6.55208230434841,26.9697107290019));
#12063=CARTESIAN_POINT('Ctrl Pts',(4.0531613500438,6.73172551108134,28.0154886187969));
#12064=CARTESIAN_POINT('Ctrl Pts',(5.12730515795606,6.37224503710767,29.1430715409364));
#12065=CARTESIAN_POINT('Ctrl Pts',(5.80965199970264,5.62923559405819,29.8580409179387));
#12066=CARTESIAN_POINT('Ctrl Pts',(2.9787016166866,6.58897081371189,27.0493078760354));
#12067=CARTESIAN_POINT('Ctrl Pts',(3.99055438087519,6.78350308157313,28.0823019442026));
#12068=CARTESIAN_POINT('Ctrl Pts',(5.09554832517587,6.42481899884874,29.2032307984353));
#12069=CARTESIAN_POINT('Ctrl Pts',(5.7973482513314,5.66919553810688,29.9144128821219));
#12070=CARTESIAN_POINT('Ctrl Pts',(2.93362116796137,6.69998557672697,27.0757567916923));
#12071=CARTESIAN_POINT('Ctrl Pts',(3.97623205849411,6.88288639772688,28.1179169383551));
#12072=CARTESIAN_POINT('Ctrl Pts',(5.10086980123413,6.50165836372578,29.2430804993023));
#12073=CARTESIAN_POINT('Ctrl Pts',(5.81434152335081,5.72274741965826,29.9564771470818));
#12074=CARTESIAN_POINT('Ctrl Pts',(2.9289321881289,6.75586353190922,27.0710678118599));
#12075=CARTESIAN_POINT('Ctrl Pts',(3.98144483546757,6.93250602216145,28.1235804591985));
#12076=CARTESIAN_POINT('Ctrl Pts',(5.11222268429902,6.5401440150729,29.25435830803));
#12077=CARTESIAN_POINT('Ctrl Pts',(5.82911785676459,5.74954503084264,29.9712534804956));
#12078=CARTESIAN_POINT('',(5.82911785676458,5.74954503084265,29.9712534804955));
#12079=CARTESIAN_POINT('Origin',(3.45857864376269,3.59999999999999,27.6007142674936));
#12080=CARTESIAN_POINT('',(5.79440342464713,5.645597204804,29.7999898975466));
#12081=CARTESIAN_POINT('Origin',(3.6,3.59999999999999,27.4592929112563));
#12082=CARTESIAN_POINT('Ctrl Pts',(5.79440342464713,5.645597204804,29.7999898975466));
#12083=CARTESIAN_POINT('Ctrl Pts',(5.79433627726711,5.64566931309013,29.8003111076683));
#12084=CARTESIAN_POINT('Ctrl Pts',(5.79426970872066,5.64574195477544,29.8006323163076));
#12085=CARTESIAN_POINT('Ctrl Pts',(5.79420371885089,5.64581512863695,29.8009535207429));
#12086=CARTESIAN_POINT('Ctrl Pts',(5.79146151640252,5.6488558611447,29.8143011389787));
#12087=CARTESIAN_POINT('Ctrl Pts',(5.78972220178922,5.65280496665376,29.8276071386503));
#12088=CARTESIAN_POINT('Ctrl Pts',(5.78897933828763,5.65757894893806,29.8406770941929));
#12089=CARTESIAN_POINT('Ctrl Pts',(5.78852830716766,5.66047748221066,29.8486125448829));
#12090=CARTESIAN_POINT('Ctrl Pts',(5.78844529438199,5.66368087587251,29.8564609951308));
#12091=CARTESIAN_POINT('Ctrl Pts',(5.78873598232982,5.66717603858514,29.86417646232));
#12092=CARTESIAN_POINT('Ctrl Pts',(5.78918662958791,5.67259451398055,29.8761375847529));
#12093=CARTESIAN_POINT('Ctrl Pts',(5.79053116950708,5.67868370563064,29.8877146207774));
#12094=CARTESIAN_POINT('Ctrl Pts',(5.79279085072145,5.68538815079026,29.898736396936));
#12095=CARTESIAN_POINT('Ctrl Pts',(5.7943322227257,5.68996138174309,29.9062545623746));
#12096=CARTESIAN_POINT('Ctrl Pts',(5.79630019782234,5.69482145151645,29.9135140634197));
#12097=CARTESIAN_POINT('Ctrl Pts',(5.79868142670125,5.69994079526146,29.9204677855009));
#12098=CARTESIAN_POINT('Ctrl Pts',(5.80222396358947,5.70755680572599,29.9308127872776));
#12099=CARTESIAN_POINT('Ctrl Pts',(5.80665038919426,5.71568436199478,29.9403981381109));
#12100=CARTESIAN_POINT('Ctrl Pts',(5.8119050283251,5.72421477973869,29.9490824667283));
#12101=CARTESIAN_POINT('Ctrl Pts',(5.81690028782862,5.73232411878997,29.9573381193008));
#12102=CARTESIAN_POINT('Ctrl Pts',(5.82264448175367,5.74079859374875,29.9647801054846));
#12103=CARTESIAN_POINT('Ctrl Pts',(5.82911785676458,5.74954503084265,29.9712534804955));
#12104=CARTESIAN_POINT('Origin',(3.6,3.59999999999999,29.8));
#12105=CARTESIAN_POINT('',(6.59999999999999,3.59999999999999,29.8));
#12106=CARTESIAN_POINT('Origin',(3.6,3.59999999999999,29.8));
#12107=CARTESIAN_POINT('',(6.54679380853157,3.0375,29.8));
#12108=CARTESIAN_POINT('Origin',(3.6,3.59999999999999,29.8));
#12109=CARTESIAN_POINT('',(6.74324672910034,3.,30.));
#12110=CARTESIAN_POINT('Origin',(6.74324672910034,3.,29.8));
#12111=CARTESIAN_POINT('',(5.85786437626904,5.86760853287669,30.));
#12112=CARTESIAN_POINT('Origin',(3.6,3.59999999999999,30.));
#12113=CARTESIAN_POINT('Ctrl Pts',(5.85786437626904,5.86760853287669,30.));
#12114=CARTESIAN_POINT('Ctrl Pts',(5.85786437626904,5.8499228222587,30.));
#12115=CARTESIAN_POINT('Ctrl Pts',(5.85636287042042,5.82880646748653,29.9984984941514));
#12116=CARTESIAN_POINT('Ctrl Pts',(5.85091008537949,5.79872417019154,29.9930457091105));
#12117=CARTESIAN_POINT('Ctrl Pts',(5.84678959454551,5.78377679517114,29.9889252182765));
#12118=CARTESIAN_POINT('Ctrl Pts',(5.8385925396688,5.76453985529012,29.9807281633998));
#12119=CARTESIAN_POINT('Ctrl Pts',(5.8340232941346,5.75617296438621,29.9761589178656));
#12120=CARTESIAN_POINT('Ctrl Pts',(5.82911785676458,5.74954503084264,29.9712534804955));
#12121=CARTESIAN_POINT('Ctrl Pts',(6.54679380853157,3.0375,29.8));
#12122=CARTESIAN_POINT('Ctrl Pts',(6.44659104470422,2.51256331725478,29.8));
#12123=CARTESIAN_POINT('Ctrl Pts',(6.20219132890313,2.03073060456344,29.6269003395044));
#12124=CARTESIAN_POINT('Ctrl Pts',(5.88961925359162,1.66153574353755,29.384506401682));
#12125=CARTESIAN_POINT('Ctrl Pts',(6.54679380853157,3.0375,29.8523598775598));
#12126=CARTESIAN_POINT('Ctrl Pts',(6.44463307489057,2.50252333920548,29.8536220001152));
#12127=CARTESIAN_POINT('Ctrl Pts',(6.19307114482458,2.01264199824643,29.6820661948959));
#12128=CARTESIAN_POINT('Ctrl Pts',(5.87206976074892,1.64080714017565,29.4423224801048));
#12129=CARTESIAN_POINT('Ctrl Pts',(6.58938069780815,3.02937078337524,29.9566441780013));
#12130=CARTESIAN_POINT('Ctrl Pts',(6.48411561459894,2.46621621505397,29.9603170039924));
#12131=CARTESIAN_POINT('Ctrl Pts',(6.22215450990691,1.95083548011306,29.7922065265184));
#12132=CARTESIAN_POINT('Ctrl Pts',(5.88784377234755,1.55698413424666,29.5568094246419));
#12133=CARTESIAN_POINT('Ctrl Pts',(6.69181547476408,3.00981747704247,30.));
#12134=CARTESIAN_POINT('Ctrl Pts',(6.58544488127608,2.41922112738194,30.0020076272332));
#12135=CARTESIAN_POINT('Ctrl Pts',(6.32441713573053,1.87722977516905,29.8239989852007));
#12136=CARTESIAN_POINT('Ctrl Pts',(5.99044617180337,1.45928396020642,29.5744105567849));
#12137=CARTESIAN_POINT('Ctrl Pts',(6.74324672910034,3.,30.));
#12138=CARTESIAN_POINT('Ctrl Pts',(6.63636378101784,2.40007236257692,30.));
#12139=CARTESIAN_POINT('Ctrl Pts',(6.37567075083,1.84940640521535,29.8145360780405));
#12140=CARTESIAN_POINT('Ctrl Pts',(6.0422605371644,1.42746942118577,29.5548282875165));
#12141=CARTESIAN_POINT('',(6.04226053716447,1.42746942118571,29.5548282875165));
#12142=CARTESIAN_POINT('Ctrl Pts',(6.0422605371644,1.42746942118577,29.5548282875165));
#12143=CARTESIAN_POINT('Ctrl Pts',(6.37567075083,1.84940640521535,29.8145360780405));
#12144=CARTESIAN_POINT('Ctrl Pts',(6.63636378101784,2.40007236257692,30.));
#12145=CARTESIAN_POINT('Ctrl Pts',(6.74324672910034,3.,30.));
#12146=CARTESIAN_POINT('Ctrl Pts',(6.54679380853157,3.0375,29.8));
#12147=CARTESIAN_POINT('Ctrl Pts',(6.45209072788335,2.54137475252796,29.8));
#12148=CARTESIAN_POINT('Ctrl Pts',(6.22858496929498,2.08375175282744,29.6453802281034));
#12149=CARTESIAN_POINT('Ctrl Pts',(5.94045765682318,1.72333256755282,29.4237747768984));
#12150=CARTESIAN_POINT('Ctrl Pts',(5.99169588625812,1.52276905645614,29.5830536040677));
#12151=CARTESIAN_POINT('Ctrl Pts',(5.99371346666965,1.52074548482234,29.5834513188525));
#12152=CARTESIAN_POINT('Ctrl Pts',(5.995691313167,1.51864427331619,29.5837466305311));
#12153=CARTESIAN_POINT('Ctrl Pts',(5.99762795802625,1.51646653021885,29.5839379040428));
#12154=CARTESIAN_POINT('Ctrl Pts',(6.00506631998601,1.50810214614711,29.5846725568664));
#12155=CARTESIAN_POINT('Ctrl Pts',(6.01154435277007,1.4990089325797,29.583839374245));
#12156=CARTESIAN_POINT('Ctrl Pts',(6.01715426584672,1.4895546420149,29.5817659214623));
#12157=CARTESIAN_POINT('Ctrl Pts',(6.01799381278736,1.48813976791416,29.5814556205866));
#12158=CARTESIAN_POINT('Ctrl Pts',(6.01881400965335,1.48671679525897,29.5811175596587));
#12159=CARTESIAN_POINT('Ctrl Pts',(6.01961526160815,1.4852869408669,29.5807528577173));
#12160=CARTESIAN_POINT('Ctrl Pts',(6.0261585795978,1.47361022431078,29.577774567606));
#12161=CARTESIAN_POINT('Ctrl Pts',(6.0317214361306,1.46096313432355,29.572891929287));
#12162=CARTESIAN_POINT('Ctrl Pts',(6.0362731410784,1.44762926625516,29.5661468158984));
#12163=CARTESIAN_POINT('Ctrl Pts',(6.03851479191351,1.44106252328006,29.5628249421755));
#12164=CARTESIAN_POINT('Ctrl Pts',(6.04051143289975,1.43432989325904,29.5590509987542));
#12165=CARTESIAN_POINT('Ctrl Pts',(6.04226053716441,1.42746942118577,29.5548282875165));
#12166=CARTESIAN_POINT('Origin',(10.,3.,20.));
#12167=CARTESIAN_POINT('',(1.11022302462516E-15,3.,20.));
#12168=CARTESIAN_POINT('Origin',(10.,3.,20.));
#12169=CARTESIAN_POINT('',(3.,0.,20.));
#12170=CARTESIAN_POINT('Origin',(3.,3.,20.));
#12171=CARTESIAN_POINT('',(4.18448511801343,0.,23.8961245690292));
#12172=CARTESIAN_POINT('Origin',(10.,0.,20.));
#12173=CARTESIAN_POINT('Origin',(4.18448511801343,3.,23.8961245690292));
#12174=CARTESIAN_POINT('Origin',(10.,0.,20.));
#12175=CARTESIAN_POINT('',(2.92893218813452,85.2441364680898,27.0710678118655));
#12176=CARTESIAN_POINT('',(2.92893218813452,0.,27.0710678118655));
#12177=CARTESIAN_POINT('',(0.261993133571081,89.,22.2740321610266));
#12178=CARTESIAN_POINT('Ctrl Pts',(0.261993133571083,89.,22.2740321610266));
#12179=CARTESIAN_POINT('Ctrl Pts',(0.248756542889337,88.9320437450708,22.2173495805618));
#12180=CARTESIAN_POINT('Ctrl Pts',(0.22539323666433,88.7885999903263,22.1127043550078));
#12181=CARTESIAN_POINT('Ctrl Pts',(0.203483792518193,88.5406784546741,22.0071854735184));
#12182=CARTESIAN_POINT('Ctrl Pts',(0.203081267133034,88.2680426982728,22.0050748913198));
#12183=CARTESIAN_POINT('Ctrl Pts',(0.231980987425138,87.9363208874831,22.1451055001767));
#12184=CARTESIAN_POINT('Ctrl Pts',(0.299850052389288,87.6017451145226,22.4413734601288));
#12185=CARTESIAN_POINT('Ctrl Pts',(0.446966509938449,87.152441192922,22.9808546004602));
#12186=CARTESIAN_POINT('Ctrl Pts',(0.696709387348974,86.6712858290018,23.7073377700739));
#12187=CARTESIAN_POINT('Ctrl Pts',(1.15927680375745,86.0924747080347,24.7262050093037));
#12188=CARTESIAN_POINT('Ctrl Pts',(1.85960034952995,85.5551106184177,25.8771977057369));
#12189=CARTESIAN_POINT('Ctrl Pts',(2.54750114221365,85.30687147786,26.6896367659446));
#12190=CARTESIAN_POINT('Ctrl Pts',(2.92893218813451,85.2441364680898,27.0710678118655));
#12191=CARTESIAN_POINT('',(1.11022302462516E-15,89.,20.));
#12192=CARTESIAN_POINT('Origin',(10.,89.,20.));
#12193=CARTESIAN_POINT('',(1.11022302462516E-15,0.,20.));
#12194=CARTESIAN_POINT('Origin',(2.92893218813452,0.,27.0710678118655));
#12195=CARTESIAN_POINT('',(5.85786437626904,86.1323914671233,30.));
#12196=CARTESIAN_POINT('',(5.85786437626904,0.,30.));
#12197=CARTESIAN_POINT('',(5.82911785676459,86.2504549691574,29.9712534804956));
#12198=CARTESIAN_POINT('Ctrl Pts',(5.82911785676459,86.2504549691574,29.9712534804956));
#12199=CARTESIAN_POINT('Ctrl Pts',(5.83402329413461,86.2438270356138,29.9761589178656));
#12200=CARTESIAN_POINT('Ctrl Pts',(5.8385925396688,86.2354601447099,29.9807281633998));
#12201=CARTESIAN_POINT('Ctrl Pts',(5.84678959454552,86.2162232048289,29.9889252182765));
#12202=CARTESIAN_POINT('Ctrl Pts',(5.8509100853795,86.2012758298085,29.9930457091105));
#12203=CARTESIAN_POINT('Ctrl Pts',(5.85636287042043,86.1711935325135,29.9984984941514));
#12204=CARTESIAN_POINT('Ctrl Pts',(5.85786437626904,86.1500771777413,30.));
#12205=CARTESIAN_POINT('Ctrl Pts',(5.85786437626904,86.1323914671233,30.));
#12206=CARTESIAN_POINT('Origin',(3.45857864376269,88.4,27.6007142674936));
#12207=CARTESIAN_POINT('Origin',(5.85786437626904,0.,30.));
#12208=CARTESIAN_POINT('',(60.142135623731,86.1323914671233,30.));
#12209=CARTESIAN_POINT('',(60.142135623731,0.,30.));
#12210=CARTESIAN_POINT('',(59.2567532708997,89.,30.));
#12211=CARTESIAN_POINT('Origin',(62.4,88.4,30.));
#12212=CARTESIAN_POINT('',(6.74324672910034,89.,30.));
#12213=CARTESIAN_POINT('',(19.4289321881345,89.,30.));
#12214=CARTESIAN_POINT('Origin',(3.6,88.4,30.));
#12215=CARTESIAN_POINT('',(19.4289321881345,3.,30.));
#12216=CARTESIAN_POINT('',(29.1805112648602,24.7217527102245,30.));
#12217=CARTESIAN_POINT('',(31.3387656629274,20.7196621273469,30.));
#12218=CARTESIAN_POINT('Origin',(34.9082173791815,25.2276011736663,30.));
#12219=CARTESIAN_POINT('',(29.0366825164904,26.3503208919409,30.));
#12220=CARTESIAN_POINT('',(30.1734753258456,13.4784533445679,30.));
#12221=CARTESIAN_POINT('',(28.3555706566925,27.0314327517388,30.));
#12222=CARTESIAN_POINT('Origin',(28.2895904152479,26.2843406504963,30.));
#12223=CARTESIAN_POINT('',(26.7270024212393,27.1752615048544,30.));
#12224=CARTESIAN_POINT('',(18.3781933653623,27.9125955448816,30.));
#12225=CARTESIAN_POINT('',(22.7249118920985,29.3335158981758,30.));
#12226=CARTESIAN_POINT('Origin',(27.2328509384179,32.9029676144299,30.));
#12227=CARTESIAN_POINT('',(22.7249118920985,36.4724193306839,30.));
#12228=CARTESIAN_POINT('',(22.7249118920985,14.8501668767396,30.));
#12229=CARTESIAN_POINT('',(26.7270025630803,38.6306737365322,30.));
#12230=CARTESIAN_POINT('Origin',(27.2328509384179,32.9029676144299,30.));
#12231=CARTESIAN_POINT('',(28.3555706566925,38.7745024771209,30.));
#12232=CARTESIAN_POINT('',(14.680537892589,37.5667772688933,30.));
#12233=CARTESIAN_POINT('',(29.0366825164904,39.4556143369188,30.));
#12234=CARTESIAN_POINT('Origin',(28.2895904152479,39.5215945783634,30.));
#12235=CARTESIAN_POINT('',(29.180511282807,41.0841827218469,30.));
#12236=CARTESIAN_POINT('',(27.2181895376594,18.8648782179789,30.));
#12237=CARTESIAN_POINT('',(31.3387656629274,45.0862731015129,30.));
#12238=CARTESIAN_POINT('Origin',(34.9082173791814,40.5783340551935,30.));
#12239=CARTESIAN_POINT('',(38.4776690954355,45.0862731015129,30.));
#12240=CARTESIAN_POINT('',(18.7817239472499,45.0862731015129,30.));
#12241=CARTESIAN_POINT('',(40.6359236562933,41.0841806753596,30.));
#12242=CARTESIAN_POINT('Origin',(34.9082173791814,40.5783340551935,30.));
#12243=CARTESIAN_POINT('',(40.7797522418725,39.4556143369188,30.));
#12244=CARTESIAN_POINT('',(42.3014996565533,22.2249184694789,30.));
#12245=CARTESIAN_POINT('',(41.4608641016704,38.7745024771209,30.));
#12246=CARTESIAN_POINT('Origin',(41.526844343115,39.5215945783634,30.));
#12247=CARTESIAN_POINT('',(43.089438769959,38.6306731558826,30.));
#12248=CARTESIAN_POINT('',(25.4960910604629,40.1844485575508,30.));
#12249=CARTESIAN_POINT('',(47.0915228662644,36.472419330691,30.));
#12250=CARTESIAN_POINT('Origin',(42.583583819945,32.9029676144299,30.));
#12251=CARTESIAN_POINT('',(47.0915228662644,29.3335158981759,30.));
#12252=CARTESIAN_POINT('',(47.0915228662644,18.052800737693,30.));
#12253=CARTESIAN_POINT('',(43.0894323954077,27.1752615100019,30.));
#12254=CARTESIAN_POINT('Origin',(42.583583819945,32.9029676144299,30.));
#12255=CARTESIAN_POINT('',(41.4608641016704,27.0314327517389,30.));
#12256=CARTESIAN_POINT('',(23.4270037887281,25.4387530063001,30.));
#12257=CARTESIAN_POINT('',(40.7797522418725,26.350320891941,30.));
#12258=CARTESIAN_POINT('Origin',(41.526844343115,26.2843406504964,30.));
#12259=CARTESIAN_POINT('',(40.63592115137,24.721726190332,30.));
#12260=CARTESIAN_POINT('',(39.4900425503286,11.7469805228783,30.));
#12261=CARTESIAN_POINT('',(38.4776690955552,20.7196621273469,30.));
#12262=CARTESIAN_POINT('Origin',(34.9082173791815,25.2276011736663,30.));
#12263=CARTESIAN_POINT('',(21.9843578082461,20.7196621273469,30.));
#12264=CARTESIAN_POINT('',(56.4119934418183,53.5775021963286,30.));
#12265=CARTESIAN_POINT('',(56.4119934418183,60.2291659140583,30.));
#12266=CARTESIAN_POINT('Ctrl Pts',(56.4119934418183,53.5775021963286,30.));
#12267=CARTESIAN_POINT('Ctrl Pts',(57.1402823883939,53.906798303594,30.));
#12268=CARTESIAN_POINT('Ctrl Pts',(58.3672030698822,55.0566949540195,30.));
#12269=CARTESIAN_POINT('Ctrl Pts',(58.7067019891652,57.1255211417503,30.));
#12270=CARTESIAN_POINT('Ctrl Pts',(58.0539548568773,59.0396698182777,30.));
#12271=CARTESIAN_POINT('Ctrl Pts',(57.1402823883935,59.8998698067931,30.));
#12272=CARTESIAN_POINT('Ctrl Pts',(56.4119934418183,60.2291659140583,30.));
#12273=CARTESIAN_POINT('Origin',(54.9082173791815,56.9033340551935,30.));
#12274=CARTESIAN_POINT('',(15.8332173791815,53.7783340551935,30.));
#12275=CARTESIAN_POINT('',(15.8332173791815,77.7783340551935,30.));
#12276=CARTESIAN_POINT('',(15.8332173791815,26.8891670275967,30.));
#12277=CARTESIAN_POINT('',(49.3332173791815,77.7783340551935,30.));
#12278=CARTESIAN_POINT('',(10.8455408777253,77.7783340551935,30.));
#12279=CARTESIAN_POINT('',(49.3332173791815,53.7783340551935,30.));
#12280=CARTESIAN_POINT('',(49.3332173791815,38.8891670275967,30.));
#12281=CARTESIAN_POINT('',(27.5955408777253,53.7783340551935,30.));
#12282=CARTESIAN_POINT('Origin',(3.6,3.59999999999999,30.));
#12283=CARTESIAN_POINT('',(6.59999999999999,3.59999999999999,30.));
#12284=CARTESIAN_POINT('Ctrl Pts',(5.88961925332696,90.3384642567751,29.3845064014768));
#12285=CARTESIAN_POINT('Ctrl Pts',(6.20219132242189,89.9692694031941,29.6269003344872));
#12286=CARTESIAN_POINT('Ctrl Pts',(6.44659104491931,89.4874366816184,29.8));
#12287=CARTESIAN_POINT('Ctrl Pts',(6.54679380853157,88.9625,29.8));
#12288=CARTESIAN_POINT('Ctrl Pts',(5.8720697604773,90.3591928601394,29.4423224799018));
#12289=CARTESIAN_POINT('Ctrl Pts',(6.19307735025381,89.987313563983,29.6820281782883));
#12290=CARTESIAN_POINT('Ctrl Pts',(6.44463275181283,89.4974884188981,29.8536282049379));
#12291=CARTESIAN_POINT('Ctrl Pts',(6.54679380853157,88.9625,29.8523598775598));
#12292=CARTESIAN_POINT('Ctrl Pts',(5.88443313429272,90.4247831969356,29.5318788224061));
#12293=CARTESIAN_POINT('Ctrl Pts',(6.21588045737162,90.0357277332644,29.7682747569374));
#12294=CARTESIAN_POINT('Ctrl Pts',(6.47562833979889,89.5259777878842,29.9372501702493));
#12295=CARTESIAN_POINT('Ctrl Pts',(6.58022757742898,88.9688820193154,29.9341049182332));
#12296=CARTESIAN_POINT('Ctrl Pts',(5.96856641747064,90.5203323728929,29.5713893806148));
#12297=CARTESIAN_POINT('Ctrl Pts',(6.30262450153535,90.1074574273391,29.8178560012829));
#12298=CARTESIAN_POINT('Ctrl Pts',(6.56380914148112,89.570747956549,29.9934507395384));
#12299=CARTESIAN_POINT('Ctrl Pts',(6.66994368327397,88.9860075166583,29.9910731248991));
#12300=CARTESIAN_POINT('Ctrl Pts',(6.02005438029862,90.5588957767326,29.5632206884152));
#12301=CARTESIAN_POINT('Ctrl Pts',(6.3536886705256,90.1388121614259,29.8187087741271));
#12302=CARTESIAN_POINT('Ctrl Pts',(6.61454197604643,89.5916834151913,30.0008412203614));
#12303=CARTESIAN_POINT('Ctrl Pts',(6.72120476295623,88.9957925098389,30.));
#12304=CARTESIAN_POINT('Ctrl Pts',(6.04226053688209,90.5725305791715,29.5548282872965));
#12305=CARTESIAN_POINT('Ctrl Pts',(6.37567074391668,90.1505936036504,29.8145360726648));
#12306=CARTESIAN_POINT('Ctrl Pts',(6.63636378124723,89.5999276361355,30.));
#12307=CARTESIAN_POINT('Ctrl Pts',(6.74324672910034,89.,30.));
#12308=CARTESIAN_POINT('',(5.94045765582802,90.2766674336176,29.4237747761254));
#12309=CARTESIAN_POINT('',(6.54679380853157,88.9625,29.8));
#12310=CARTESIAN_POINT('Ctrl Pts',(5.94045765582802,90.2766674336177,29.4237747761254));
#12311=CARTESIAN_POINT('Ctrl Pts',(6.22858496362092,89.9162482537947,29.6453802236861));
#12312=CARTESIAN_POINT('Ctrl Pts',(6.45209072810633,89.458625246304,29.8));
#12313=CARTESIAN_POINT('Ctrl Pts',(6.54679380853157,88.9625,29.8));
#12314=CARTESIAN_POINT('Origin',(6.74324672910034,89.,29.8));
#12315=CARTESIAN_POINT('',(6.04226053700422,90.5725305792799,29.5548282873159));
#12316=CARTESIAN_POINT('Ctrl Pts',(6.74324672910034,89.,30.));
#12317=CARTESIAN_POINT('Ctrl Pts',(6.63636378124723,89.5999276361355,30.));
#12318=CARTESIAN_POINT('Ctrl Pts',(6.37567074391668,90.1505936036504,29.8145360726648));
#12319=CARTESIAN_POINT('Ctrl Pts',(6.04226053688209,90.5725305791715,29.5548282872965));
#12320=CARTESIAN_POINT('',(5.99160140346848,90.4774810631572,29.5835344798495));
#12321=CARTESIAN_POINT('Ctrl Pts',(6.04226053716455,90.5725305788141,29.5548282875166));
#12322=CARTESIAN_POINT('Ctrl Pts',(6.03717249126824,90.5525738515428,29.5671119169254));
#12323=CARTESIAN_POINT('Ctrl Pts',(6.02995403135222,90.5338217277198,29.5757540654646));
#12324=CARTESIAN_POINT('Ctrl Pts',(6.01413043616166,90.5049549214701,29.5838586312136));
#12325=CARTESIAN_POINT('Ctrl Pts',(6.00618301173951,90.493334994131,29.5853778074065));
#12326=CARTESIAN_POINT('Ctrl Pts',(5.99504054058629,90.4810164903525,29.5841410660086));
#12327=CARTESIAN_POINT('Ctrl Pts',(5.99333508992157,90.4792201156842,29.5838764478342));
#12328=CARTESIAN_POINT('Ctrl Pts',(5.99160140346847,90.4774810631572,29.5835344798495));
#12329=CARTESIAN_POINT('Ctrl Pts',(5.99175989844045,90.4775405509149,29.5834706021014));
#12330=CARTESIAN_POINT('Ctrl Pts',(5.98241019962611,90.4681569960317,29.5816183529159));
#12331=CARTESIAN_POINT('Ctrl Pts',(5.973800175173,90.458316956095,29.5787207597009));
#12332=CARTESIAN_POINT('Ctrl Pts',(5.9660572188554,90.4481943788319,29.5748491602969));
#12333=CARTESIAN_POINT('Ctrl Pts',(5.9590469282378,90.4390296353537,29.5713439052156));
#12334=CARTESIAN_POINT('Ctrl Pts',(5.95274672129668,90.4296322615918,29.567039316766));
#12335=CARTESIAN_POINT('Ctrl Pts',(5.94726791214378,90.4201256287861,29.5619560615257));
#12336=CARTESIAN_POINT('Ctrl Pts',(5.94502363858024,90.4162314459284,29.559873817915));
#12337=CARTESIAN_POINT('Ctrl Pts',(5.94292629680705,90.4123341905593,29.5576687677886));
#12338=CARTESIAN_POINT('Ctrl Pts',(5.94098129385369,90.4084427312056,29.5553439985912));
#12339=CARTESIAN_POINT('Ctrl Pts',(5.93577554294157,90.3980273392673,29.5491218129905));
#12340=CARTESIAN_POINT('Ctrl Pts',(5.93165830196102,90.3876533347257,29.5420451253493));
#12341=CARTESIAN_POINT('Ctrl Pts',(5.92860039676382,90.3774391877078,29.5342751708978));
#12342=CARTESIAN_POINT('Ctrl Pts',(5.92681716542362,90.3714827613632,29.5297440865782));
#12343=CARTESIAN_POINT('Ctrl Pts',(5.92539485020387,90.3655806638754,29.5249763877503));
#12344=CARTESIAN_POINT('Ctrl Pts',(5.92433363316817,90.3597574110493,29.5199987248489));
#12345=CARTESIAN_POINT('Ctrl Pts',(5.92246712083723,90.3495152335866,29.511243805853));
#12346=CARTESIAN_POINT('Ctrl Pts',(5.9217312074825,90.3396043058149,29.5019161250142));
#12347=CARTESIAN_POINT('Ctrl Pts',(5.92210100641124,90.3301565455732,29.4921678591222));
#12348=CARTESIAN_POINT('Ctrl Pts',(5.92231361636058,90.3247247077007,29.486563250357));
#12349=CARTESIAN_POINT('Ctrl Pts',(5.92289247964689,90.3194460689987,29.4808189444632));
#12350=CARTESIAN_POINT('Ctrl Pts',(5.92383939421909,90.3143478390222,29.4749602497458));
#12351=CARTESIAN_POINT('Ctrl Pts',(5.92548841188717,90.3054694548955,29.4647575436259));
#12352=CARTESIAN_POINT('Ctrl Pts',(5.92824042540731,90.2971951310476,29.45427529858));
#12353=CARTESIAN_POINT('Ctrl Pts',(5.93209343156898,90.2896667295297,29.4436474342452));
#12354=CARTESIAN_POINT('Ctrl Pts',(5.93430484029344,90.2853458506887,29.4375476381571));
#12355=CARTESIAN_POINT('Ctrl Pts',(5.93687972419199,90.281270992006,29.4313995181593));
#12356=CARTESIAN_POINT('Ctrl Pts',(5.93982448886382,90.2774727540013,29.4252272709477));
#12357=CARTESIAN_POINT('Ctrl Pts',(5.94004953268184,90.2771824863305,29.4247555775416));
#12358=CARTESIAN_POINT('Ctrl Pts',(5.94027670769365,90.2768938765279,29.4242838072428));
#12359=CARTESIAN_POINT('Ctrl Pts',(5.9405060160701,90.2766069379963,29.4238119709557));
#12360=CARTESIAN_POINT('Ctrl Pts',(5.82238051218928,86.384801533585,29.8298321242582));
#12361=CARTESIAN_POINT('Ctrl Pts',(5.15029128800401,85.6436149858705,29.112936951794));
#12362=CARTESIAN_POINT('Ctrl Pts',(4.09018705472714,85.2757756042248,27.9821591029653));
#12363=CARTESIAN_POINT('Ctrl Pts',(3.10345644784859,85.4413779388342,26.9296464556282));
#12364=CARTESIAN_POINT('Ctrl Pts',(5.80965199970264,86.3707644059418,29.8580409179387));
#12365=CARTESIAN_POINT('Ctrl Pts',(5.12730515795729,85.6277549628937,29.1430715409377));
#12366=CARTESIAN_POINT('Ctrl Pts',(4.05316135004767,85.2682744889198,28.015488618801));
#12367=CARTESIAN_POINT('Ctrl Pts',(3.06448973746069,85.4479176956506,26.9697107290075));
#12368=CARTESIAN_POINT('Ctrl Pts',(5.79736037791868,86.3307988359348,29.9144069598963));
#12369=CARTESIAN_POINT('Ctrl Pts',(5.0955604517644,85.5751753751942,29.203224876211));
#12370=CARTESIAN_POINT('Ctrl Pts',(3.99059621945745,85.2164207328612,28.0822473194559));
#12371=CARTESIAN_POINT('Ctrl Pts',(2.97874345527029,85.4109530007203,27.0492532512902));
#12372=CARTESIAN_POINT('Ctrl Pts',(5.8143415233508,86.2772525803418,29.9564771470818));
#12373=CARTESIAN_POINT('Ctrl Pts',(5.1008698012354,85.4983416362756,29.2430804993036));
#12374=CARTESIAN_POINT('Ctrl Pts',(3.97623205849817,85.1171136022744,28.1179169383591));
#12375=CARTESIAN_POINT('Ctrl Pts',(2.93362116796696,85.3000144232721,27.0757567916979));
#12376=CARTESIAN_POINT('Ctrl Pts',(5.82911785676458,86.2504549691574,29.9712534804956));
#12377=CARTESIAN_POINT('Ctrl Pts',(5.11222268430029,85.4598559849285,29.2543583080313));
#12378=CARTESIAN_POINT('Ctrl Pts',(3.98144483547164,85.0674939778398,28.1235804592026));
#12379=CARTESIAN_POINT('Ctrl Pts',(2.92893218813453,85.2441364680899,27.0710678118655));
#12380=CARTESIAN_POINT('',(5.79440342464714,86.354402795196,29.7999898975466));
#12381=CARTESIAN_POINT('',(3.1034564478486,85.4413779388342,26.9296464556282));
#12382=CARTESIAN_POINT('Origin',(3.6,88.4,27.4592929112563));
#12383=CARTESIAN_POINT('Origin',(3.07035354437183,85.2441364680899,26.9296464556282));
#12384=CARTESIAN_POINT('Ctrl Pts',(5.79440342464714,86.354402795196,29.7999898975466));
#12385=CARTESIAN_POINT('Ctrl Pts',(5.79433627520364,86.3543306846939,29.8003111175393));
#12386=CARTESIAN_POINT('Ctrl Pts',(5.79426970515231,86.3542580405157,29.800632335787));
#12387=CARTESIAN_POINT('Ctrl Pts',(5.7942037143273,86.3541848638895,29.8009535495851));
#12388=CARTESIAN_POINT('Ctrl Pts',(5.79146135731417,86.351143889116,29.8143021160237));
#12389=CARTESIAN_POINT('Ctrl Pts',(5.78972291902341,86.3471939970997,29.827608624042));
#12390=CARTESIAN_POINT('Ctrl Pts',(5.78898127197586,86.3424190243075,29.8406789445264));
#12391=CARTESIAN_POINT('Ctrl Pts',(5.78853106559147,86.3395204443921,29.8486130983097));
#12392=CARTESIAN_POINT('Ctrl Pts',(5.78844886295881,86.3363170449096,29.8564602316805));
#12393=CARTESIAN_POINT('Ctrl Pts',(5.78874018649952,86.3328219858272,29.8641744555742));
#12394=CARTESIAN_POINT('Ctrl Pts',(5.78919187212157,86.3274030350212,29.8761350544653));
#12395=CARTESIAN_POINT('Ctrl Pts',(5.79053723764716,86.3213134681247,29.8877116711925));
#12396=CARTESIAN_POINT('Ctrl Pts',(5.79279691543142,86.3146090328793,29.8987334335111));
#12397=CARTESIAN_POINT('Ctrl Pts',(5.79433826484779,86.3100358687651,29.9062514907471));
#12398=CARTESIAN_POINT('Ctrl Pts',(5.79630581786287,86.3051760537223,29.9135110802474));
#12399=CARTESIAN_POINT('Ctrl Pts',(5.79868641431056,86.3000570637114,29.9204649972917));
#12400=CARTESIAN_POINT('Ctrl Pts',(5.8022271410119,86.2924434487985,29.9308077497484));
#12401=CARTESIAN_POINT('Ctrl Pts',(5.80665086692556,86.2843187526445,29.9403914571345));
#12402=CARTESIAN_POINT('Ctrl Pts',(5.81190261679308,86.2757912692025,29.9490745401896));
#12403=CARTESIAN_POINT('Ctrl Pts',(5.81689784493103,86.2676803107011,29.9573334980408));
#12404=CARTESIAN_POINT('Ctrl Pts',(5.82264264483142,86.2592038881908,29.9647782685624));
#12405=CARTESIAN_POINT('Ctrl Pts',(5.82911785676458,86.2504549691574,29.9712534804956));
#12406=CARTESIAN_POINT('Ctrl Pts',(3.10345644784859,85.4413779388342,26.9296464556282));
#12407=CARTESIAN_POINT('Ctrl Pts',(2.7530166744088,85.5001920104938,26.5558440306257));
#12408=CARTESIAN_POINT('Ctrl Pts',(2.12100782113064,85.7329162047666,25.7596537516221));
#12409=CARTESIAN_POINT('Ctrl Pts',(1.47758556345215,86.2366950387825,24.6316809091176));
#12410=CARTESIAN_POINT('Ctrl Pts',(1.05260174962686,86.7793304646892,23.6331910146724));
#12411=CARTESIAN_POINT('Ctrl Pts',(0.823150481005943,87.2304136183644,22.9212375084509));
#12412=CARTESIAN_POINT('Ctrl Pts',(0.687987235632648,87.651636044865,22.3925459909262));
#12413=CARTESIAN_POINT('Ctrl Pts',(0.625632532196836,87.9653008320154,22.1022033901732));
#12414=CARTESIAN_POINT('Ctrl Pts',(0.599080914178467,88.2762900296308,21.9649733934934));
#12415=CARTESIAN_POINT('Ctrl Pts',(0.59945073437608,88.531886051257,21.967041764048));
#12416=CARTESIAN_POINT('Ctrl Pts',(0.619580036185346,88.7643124909309,22.0704502679076));
#12417=CARTESIAN_POINT('Ctrl Pts',(0.641045073779568,88.8987910110038,22.1730025889505));
#12418=CARTESIAN_POINT('Ctrl Pts',(0.653206191468432,88.9625,22.2285515178061));
#12419=CARTESIAN_POINT('Ctrl Pts',(3.08118975619836,85.4451149427293,26.9525403261306));
#12420=CARTESIAN_POINT('Ctrl Pts',(2.72902623454092,85.506937902711,26.5789570665552));
#12421=CARTESIAN_POINT('Ctrl Pts',(2.09475262891614,85.7466759226831,25.7833927597589));
#12422=CARTESIAN_POINT('Ctrl Pts',(1.45254266341066,86.2607857476683,24.6569305211756));
#12423=CARTESIAN_POINT('Ctrl Pts',(1.0318214729086,86.8114578604903,23.6609095978404));
#12424=CARTESIAN_POINT('Ctrl Pts',(0.807603435819706,87.2673783887957,22.9522049923488));
#12425=CARTESIAN_POINT('Ctrl Pts',(0.678525885644296,87.68846190673,22.429589259924));
#12426=CARTESIAN_POINT('Ctrl Pts',(0.621418723758441,87.997448080213,22.1473888670282));
#12427=CARTESIAN_POINT('Ctrl Pts',(0.599239637789131,88.2886559548159,22.0209797162205));
#12428=CARTESIAN_POINT('Ctrl Pts',(0.599558319302353,88.5187070848557,22.0229972903647));
#12429=CARTESIAN_POINT('Ctrl Pts',(0.616397999857254,88.7363596723666,22.1182894573547));
#12430=CARTESIAN_POINT('Ctrl Pts',(0.635709582910631,88.8668761590345,22.2169682835164));
#12431=CARTESIAN_POINT('Ctrl Pts',(0.646843254002168,88.9291661960362,22.2708165921306));
#12432=CARTESIAN_POINT('Ctrl Pts',(3.03405306894378,85.4369760875039,26.9983110747825));
#12433=CARTESIAN_POINT('Ctrl Pts',(2.67629234689653,85.5034169380642,26.6251670073359));
#12434=CARTESIAN_POINT('Ctrl Pts',(2.03255152317743,85.754669478809,25.8307629167331));
#12435=CARTESIAN_POINT('Ctrl Pts',(1.38335326502166,86.288210545258,24.7072704775351));
#12436=CARTESIAN_POINT('Ctrl Pts',(0.961371325537703,86.8564962923119,23.7161487271437));
#12437=CARTESIAN_POINT('Ctrl Pts',(0.739718247989998,87.3252563428757,23.0139200118233));
#12438=CARTESIAN_POINT('Ctrl Pts',(0.616134830763894,87.7506645295173,22.5034425793588));
#12439=CARTESIAN_POINT('Ctrl Pts',(0.565153246786162,88.0546294148591,22.2375479619187));
#12440=CARTESIAN_POINT('Ctrl Pts',(0.549215090595081,88.3113368511617,22.1327954020049));
#12441=CARTESIAN_POINT('Ctrl Pts',(0.549483019268258,88.4946711416379,22.1347072051174));
#12442=CARTESIAN_POINT('Ctrl Pts',(0.561674229159164,88.6865507269663,22.213736277149));
#12443=CARTESIAN_POINT('Ctrl Pts',(0.578320811432628,88.8111194456818,22.3046532319648));
#12444=CARTESIAN_POINT('Ctrl Pts',(0.588238683416915,88.8714620723592,22.3550948393294));
#12445=CARTESIAN_POINT('Ctrl Pts',(2.97161744565564,85.3808086637049,27.0513201570824));
#12446=CARTESIAN_POINT('Ctrl Pts',(2.60267598320015,85.4487737561971,26.6770559281717));
#12447=CARTESIAN_POINT('Ctrl Pts',(1.93730047245818,85.7056924213651,25.8803091560967));
#12448=CARTESIAN_POINT('Ctrl Pts',(1.26186642707573,86.2523729255079,24.7535393214134));
#12449=CARTESIAN_POINT('Ctrl Pts',(0.818819754634871,86.8356570963615,23.7598800898874));
#12450=CARTESIAN_POINT('Ctrl Pts',(0.583049009723455,87.3176859747093,23.0566137199114));
#12451=CARTESIAN_POINT('Ctrl Pts',(0.449248753798658,87.7540380643141,22.5479009045402));
#12452=CARTESIAN_POINT('Ctrl Pts',(0.392761377695902,88.063906473989,22.2865093374153));
#12453=CARTESIAN_POINT('Ctrl Pts',(0.374598264722127,88.3162776081564,22.1890835882931));
#12454=CARTESIAN_POINT('Ctrl Pts',(0.374909719027844,88.4894653264087,22.190968037024));
#12455=CARTESIAN_POINT('Ctrl Pts',(0.388755357292246,88.6780984996997,22.2645002395775));
#12456=CARTESIAN_POINT('Ctrl Pts',(0.407302270988993,88.8039058771617,22.3530817774344));
#12457=CARTESIAN_POINT('Ctrl Pts',(0.418260222599152,88.8651147344435,22.402553502749));
#12458=CARTESIAN_POINT('Ctrl Pts',(2.93838174891782,85.3080057533491,27.0723373903032));
#12459=CARTESIAN_POINT('Ctrl Pts',(2.56114488048913,85.3735343148556,26.6948210943015));
#12460=CARTESIAN_POINT('Ctrl Pts',(1.88012358795614,85.6267201866418,25.8908520468753));
#12461=CARTESIAN_POINT('Ctrl Pts',(1.18536845156505,86.1701795395749,24.7524112687382));
#12462=CARTESIAN_POINT('Ctrl Pts',(0.725839402955528,86.7529185204121,23.7461406264211));
#12463=CARTESIAN_POINT('Ctrl Pts',(0.477745937627712,87.2360640225847,23.0311008605718));
#12464=CARTESIAN_POINT('Ctrl Pts',(0.332763452234014,87.6800777127042,22.5071993066597));
#12465=CARTESIAN_POINT('Ctrl Pts',(0.267673924157971,88.002768052122,22.2291159603182));
#12466=CARTESIAN_POINT('Ctrl Pts',(0.242560167074757,88.2933424363898,22.1117462892835));
#12467=CARTESIAN_POINT('Ctrl Pts',(0.242947139349474,88.5137920522704,22.1137390720006));
#12468=CARTESIAN_POINT('Ctrl Pts',(0.262022167321402,88.7309690465638,22.2022432271789));
#12469=CARTESIAN_POINT('Ctrl Pts',(0.284052557018312,88.8655498997114,22.2984483275519));
#12470=CARTESIAN_POINT('Ctrl Pts',(0.296704388346285,88.9301645210586,22.3513601707734));
#12471=CARTESIAN_POINT('Ctrl Pts',(2.93027189665806,85.2601015981419,27.072407520389));
#12472=CARTESIAN_POINT('Ctrl Pts',(2.54973199442077,85.3235341472834,26.6920040279997));
#12473=CARTESIAN_POINT('Ctrl Pts',(1.86310143384877,85.5730017520534,25.8817971284275));
#12474=CARTESIAN_POINT('Ctrl Pts',(1.16351941844768,86.1118750159736,24.733978045498));
#12475=CARTESIAN_POINT('Ctrl Pts',(0.701084003466203,86.6916478771327,23.7181969257532));
#12476=CARTESIAN_POINT('Ctrl Pts',(0.451274124538658,87.1732750621219,22.9944665864353));
#12477=CARTESIAN_POINT('Ctrl Pts',(0.304288014720389,87.6212346404341,22.4587598945031));
#12478=CARTESIAN_POINT('Ctrl Pts',(0.236867405566131,87.9528326452733,22.1669427097045));
#12479=CARTESIAN_POINT('Ctrl Pts',(0.208756506369231,88.2743054297705,22.0325109719074));
#12480=CARTESIAN_POINT('Ctrl Pts',(0.209153776720919,88.533958976571,22.034593860445));
#12481=CARTESIAN_POINT('Ctrl Pts',(0.23045808680622,88.7742237089948,22.1359137247642));
#12482=CARTESIAN_POINT('Ctrl Pts',(0.253576456798246,88.9154541967166,22.2384874240124));
#12483=CARTESIAN_POINT('Ctrl Pts',(0.266713511138978,88.9825756610402,22.2942460656301));
#12484=CARTESIAN_POINT('Ctrl Pts',(2.92893218813451,85.2441364680898,27.0710678118655));
#12485=CARTESIAN_POINT('Ctrl Pts',(2.54750114221365,85.30687147786,26.6896367659446));
#12486=CARTESIAN_POINT('Ctrl Pts',(1.85960034952995,85.5551106184177,25.8771977057369));
#12487=CARTESIAN_POINT('Ctrl Pts',(1.15927680375745,86.0924747080347,24.7262050093037));
#12488=CARTESIAN_POINT('Ctrl Pts',(0.696709387348974,86.6712858290018,23.7073377700739));
#12489=CARTESIAN_POINT('Ctrl Pts',(0.446966509938449,87.152441192922,22.9808546004602));
#12490=CARTESIAN_POINT('Ctrl Pts',(0.299850052389288,87.6017451145226,22.4413734601288));
#12491=CARTESIAN_POINT('Ctrl Pts',(0.231980987425138,87.9363208874831,22.1451055001767));
#12492=CARTESIAN_POINT('Ctrl Pts',(0.203081267133034,88.2680426982728,22.0050748913198));
#12493=CARTESIAN_POINT('Ctrl Pts',(0.203483792518193,88.5406784546741,22.0071854735184));
#12494=CARTESIAN_POINT('Ctrl Pts',(0.22539323666433,88.7885999903263,22.1127043550078));
#12495=CARTESIAN_POINT('Ctrl Pts',(0.248756542889337,88.9320437450708,22.2173495805618));
#12496=CARTESIAN_POINT('Ctrl Pts',(0.261993133571083,89.,22.2740321610266));
#12497=CARTESIAN_POINT('',(0.653206191468432,88.9625,22.2285515178061));
#12498=CARTESIAN_POINT('Origin',(0.45675327089966,89.,22.2285515178061));
#12499=CARTESIAN_POINT('Ctrl Pts',(3.10345644784859,85.4413779388342,26.9296464556282));
#12500=CARTESIAN_POINT('Ctrl Pts',(2.7530166744088,85.5001920104938,26.5558440306257));
#12501=CARTESIAN_POINT('Ctrl Pts',(2.12100782113064,85.7329162047666,25.7596537516221));
#12502=CARTESIAN_POINT('Ctrl Pts',(1.47758556345215,86.2366950387825,24.6316809091176));
#12503=CARTESIAN_POINT('Ctrl Pts',(1.05260174962686,86.7793304646892,23.6331910146724));
#12504=CARTESIAN_POINT('Ctrl Pts',(0.823150481005943,87.2304136183644,22.9212375084509));
#12505=CARTESIAN_POINT('Ctrl Pts',(0.687987235632648,87.651636044865,22.3925459909262));
#12506=CARTESIAN_POINT('Ctrl Pts',(0.625632532196836,87.9653008320154,22.1022033901732));
#12507=CARTESIAN_POINT('Ctrl Pts',(0.599080914178467,88.2762900296308,21.9649733934934));
#12508=CARTESIAN_POINT('Ctrl Pts',(0.59945073437608,88.531886051257,21.967041764048));
#12509=CARTESIAN_POINT('Ctrl Pts',(0.619580036185346,88.7643124909309,22.0704502679076));
#12510=CARTESIAN_POINT('Ctrl Pts',(0.641045073779568,88.8987910110038,22.1730025889505));
#12511=CARTESIAN_POINT('Ctrl Pts',(0.653206191468432,88.9625,22.2285515178061));
#12512=CARTESIAN_POINT('Ctrl Pts',(0.653206191468429,88.9625,22.2285515178061));
#12513=CARTESIAN_POINT('Ctrl Pts',(0.714948319419418,89.285951236216,22.5105740391472));
#12514=CARTESIAN_POINT('Ctrl Pts',(0.969799984425605,89.9923495834713,22.9609698744697));
#12515=CARTESIAN_POINT('Ctrl Pts',(1.78095128659581,90.8885348175264,23.4368067368076));
#12516=CARTESIAN_POINT('Ctrl Pts',(2.69005602465835,91.2978155784779,23.8780721290948));
#12517=CARTESIAN_POINT('Ctrl Pts',(3.16628197983434,91.3719877299966,24.3305826047662));
#12518=CARTESIAN_POINT('Ctrl Pts',(3.30990540291345,91.3859412460297,24.4950089725696));
#12519=CARTESIAN_POINT('Ctrl Pts',(0.64684325400216,88.9291661960361,22.2708165921306));
#12520=CARTESIAN_POINT('Ctrl Pts',(0.705800812422378,89.2578875954082,22.5563183829981));
#12521=CARTESIAN_POINT('Ctrl Pts',(0.956963791613628,89.9737448850823,23.0100493614006));
#12522=CARTESIAN_POINT('Ctrl Pts',(1.76720243561886,90.8777062146183,23.4880233145492));
#12523=CARTESIAN_POINT('Ctrl Pts',(2.66402228698753,91.2880069195283,23.9266420659644));
#12524=CARTESIAN_POINT('Ctrl Pts',(3.12923972738653,91.3664816552937,24.3699404631029));
#12525=CARTESIAN_POINT('Ctrl Pts',(3.2708300092952,91.3821449353746,24.5317596956846));
#12526=CARTESIAN_POINT('Ctrl Pts',(0.588232687048228,88.8715448668714,22.3549949522381));
#12527=CARTESIAN_POINT('Ctrl Pts',(0.643038151846353,89.2158873661413,22.6474591342296));
#12528=CARTESIAN_POINT('Ctrl Pts',(0.891230394948259,89.9610636807316,23.1078802525543));
#12529=CARTESIAN_POINT('Ctrl Pts',(1.71131066390101,90.8948357142491,23.5901480432681));
#12530=CARTESIAN_POINT('Ctrl Pts',(2.59752601571928,91.3152521738805,24.0234920416587));
#12531=CARTESIAN_POINT('Ctrl Pts',(3.0486923878872,91.4018951314907,24.4483647833366));
#12532=CARTESIAN_POINT('Ctrl Pts',(3.1885474573641,91.4203585926485,24.6049644144611));
#12533=CARTESIAN_POINT('Ctrl Pts',(0.418252523173147,88.8650584709578,22.4026241311432));
#12534=CARTESIAN_POINT('Ctrl Pts',(0.474372221862968,89.2325118973855,22.6996374859467));
#12535=CARTESIAN_POINT('Ctrl Pts',(0.733632230078546,90.0259407702551,23.1650187480042));
#12536=CARTESIAN_POINT('Ctrl Pts',(1.59451633540885,91.0192787421154,23.6481508791261));
#12537=CARTESIAN_POINT('Ctrl Pts',(2.51803448891505,91.4685434885777,24.0757566288014));
#12538=CARTESIAN_POINT('Ctrl Pts',(2.98315672382609,91.5599542107167,24.492744144076));
#12539=CARTESIAN_POINT('Ctrl Pts',(3.12760583824769,91.5788549512669,24.6473975922323));
#12540=CARTESIAN_POINT('Ctrl Pts',(0.296701592460962,88.9301626660063,22.3513630930664));
#12541=CARTESIAN_POINT('Ctrl Pts',(0.358842476887983,89.3046638036043,22.6450894197295));
#12542=CARTESIAN_POINT('Ctrl Pts',(0.633576183080665,90.1172449857846,23.1082219413686));
#12543=CARTESIAN_POINT('Ctrl Pts',(1.53079541477344,91.1415896567421,23.5864960483645));
#12544=CARTESIAN_POINT('Ctrl Pts',(2.51158471127032,91.6084128956598,24.0133328466407));
#12545=CARTESIAN_POINT('Ctrl Pts',(3.00922176198696,91.6969737036369,24.4450532991144));
#12546=CARTESIAN_POINT('Ctrl Pts',(3.16070493601443,91.7141144887525,24.6043151146581));
#12547=CARTESIAN_POINT('Ctrl Pts',(0.266713511138974,88.9825756610402,22.2942460656301));
#12548=CARTESIAN_POINT('Ctrl Pts',(0.332710284561168,89.3538990140038,22.5836075833347));
#12549=CARTESIAN_POINT('Ctrl Pts',(0.614920699212113,90.1635992180249,23.0429226073143));
#12550=CARTESIAN_POINT('Ctrl Pts',(1.52554297450697,91.1891920157453,23.5173537406424));
#12551=CARTESIAN_POINT('Ctrl Pts',(2.53630950528369,91.6574802479354,23.9462642829647));
#12552=CARTESIAN_POINT('Ctrl Pts',(3.05364905277136,91.743257182489,24.391848938486));
#12553=CARTESIAN_POINT('Ctrl Pts',(3.2089719943432,91.7594683871676,24.555238629168));
#12554=CARTESIAN_POINT('Ctrl Pts',(0.261993133571079,89.,22.2740321610266));
#12555=CARTESIAN_POINT('Ctrl Pts',(0.329195449708205,89.3696585556756,22.5618102440278));
#12556=CARTESIAN_POINT('Ctrl Pts',(0.613466316093229,90.1769709525388,23.0196937369418));
#12557=CARTESIAN_POINT('Ctrl Pts',(1.52737127841219,91.2011826486017,23.4929043515362));
#12558=CARTESIAN_POINT('Ctrl Pts',(2.54681971281568,91.6689320896891,23.9227748025855));
#12559=CARTESIAN_POINT('Ctrl Pts',(3.07021892348301,91.7537002628533,24.3730274536075));
#12560=CARTESIAN_POINT('Ctrl Pts',(3.22671438061441,91.7696471383197,24.5377864299654));
#12561=CARTESIAN_POINT('',(3.30990540291345,91.3859412460297,24.4950089725696));
#12562=CARTESIAN_POINT('',(3.22671438061442,91.7696471383196,24.5377864299653));
#12563=CARTESIAN_POINT('Origin',(3.29056576310768,91.585003995765,24.4950089725696));
#12564=CARTESIAN_POINT('Ctrl Pts',(3.22671438061441,91.7696471383197,24.5377864299654));
#12565=CARTESIAN_POINT('Ctrl Pts',(3.07021892348301,91.7537002628533,24.3730274536075));
#12566=CARTESIAN_POINT('Ctrl Pts',(2.54681971281568,91.6689320896891,23.9227748025855));
#12567=CARTESIAN_POINT('Ctrl Pts',(1.52737127841219,91.2011826486017,23.4929043515362));
#12568=CARTESIAN_POINT('Ctrl Pts',(0.613466316093229,90.1769709525388,23.0196937369418));
#12569=CARTESIAN_POINT('Ctrl Pts',(0.329195449708205,89.3696585556756,22.5618102440278));
#12570=CARTESIAN_POINT('Ctrl Pts',(0.261993133571079,89.,22.2740321610266));
#12571=CARTESIAN_POINT('Ctrl Pts',(0.653206191468429,88.9625,22.2285515178061));
#12572=CARTESIAN_POINT('Ctrl Pts',(0.714948319419418,89.285951236216,22.5105740391472));
#12573=CARTESIAN_POINT('Ctrl Pts',(0.969799984425605,89.9923495834713,22.9609698744697));
#12574=CARTESIAN_POINT('Ctrl Pts',(1.78095128659581,90.8885348175264,23.4368067368076));
#12575=CARTESIAN_POINT('Ctrl Pts',(2.69005602465835,91.2978155784779,23.8780721290948));
#12576=CARTESIAN_POINT('Ctrl Pts',(3.16628197983434,91.3719877299966,24.3305826047662));
#12577=CARTESIAN_POINT('Ctrl Pts',(3.30990540291345,91.3859412460297,24.4950089725696));
#12578=CARTESIAN_POINT('Ctrl Pts',(3.30990540291339,91.3859412460297,24.4950089725695));
#12579=CARTESIAN_POINT('Ctrl Pts',(3.42151039324107,91.3967840597471,24.6227792400842));
#12580=CARTESIAN_POINT('Ctrl Pts',(3.59357501264985,91.4028479640497,24.9233977549892));
#12581=CARTESIAN_POINT('Ctrl Pts',(3.83383141285488,91.3945695664811,25.4794144207437));
#12582=CARTESIAN_POINT('Ctrl Pts',(4.00568178891367,91.3747002305644,25.8768214249531));
#12583=CARTESIAN_POINT('Ctrl Pts',(4.11977104717635,91.3546299359678,26.1084488168718));
#12584=CARTESIAN_POINT('Ctrl Pts',(3.27083000929526,91.3821449353746,24.5317596956847));
#12585=CARTESIAN_POINT('Ctrl Pts',(3.37729104064831,91.3939667949671,24.6538223729132));
#12586=CARTESIAN_POINT('Ctrl Pts',(3.54620596978624,91.4026861100071,24.94686064488));
#12587=CARTESIAN_POINT('Ctrl Pts',(3.7871129979832,91.3982383712865,25.5003472313316));
#12588=CARTESIAN_POINT('Ctrl Pts',(3.96128661059009,91.3807988310949,25.8987386639533));
#12589=CARTESIAN_POINT('Ctrl Pts',(4.07722215408333,91.3621150299385,26.1314954851839));
#12590=CARTESIAN_POINT('Ctrl Pts',(3.18854733804678,91.420359280982,24.6049644633238));
#12591=CARTESIAN_POINT('Ctrl Pts',(3.28650823034844,91.433846063921,24.7156031828329));
#12592=CARTESIAN_POINT('Ctrl Pts',(3.45173565599888,91.4465072596132,24.9935346297642));
#12593=CARTESIAN_POINT('Ctrl Pts',(3.69737580605386,91.446763893984,25.5419425688946));
#12594=CARTESIAN_POINT('Ctrl Pts',(3.87806655554076,91.4318406574725,25.9424441203256));
#12595=CARTESIAN_POINT('Ctrl Pts',(3.9989049370282,91.4142240070792,26.1774589411992));
#12596=CARTESIAN_POINT('Ctrl Pts',(3.12760573838812,91.5788552638726,24.6473976569769));
#12597=CARTESIAN_POINT('Ctrl Pts',(3.22523482558387,91.5927941856386,24.7520448025737));
#12598=CARTESIAN_POINT('Ctrl Pts',(3.39363262375185,91.6047380759845,25.0224027713498));
#12599=CARTESIAN_POINT('Ctrl Pts',(3.64756888310338,91.6019197385817,25.5695704440435));
#12600=CARTESIAN_POINT('Ctrl Pts',(3.83537901048173,91.5834361241705,25.9731256399205));
#12601=CARTESIAN_POINT('Ctrl Pts',(3.96125476503556,91.5630885151832,26.2109989454546));
#12602=CARTESIAN_POINT('Ctrl Pts',(3.16070485202429,91.7141147511797,24.6043151691588));
#12603=CARTESIAN_POINT('Ctrl Pts',(3.26833909587185,91.7271781647075,24.7165041779096));
#12604=CARTESIAN_POINT('Ctrl Pts',(3.44407944400385,91.7357323825318,24.9974944483234));
#12605=CARTESIAN_POINT('Ctrl Pts',(3.70053370883353,91.7275414326284,25.5502036303891));
#12606=CARTESIAN_POINT('Ctrl Pts',(3.88764128204754,91.7051172928883,25.9556950219303));
#12607=CARTESIAN_POINT('Ctrl Pts',(4.01309411376507,91.6821842578946,26.1947704620569));
#12608=CARTESIAN_POINT('Ctrl Pts',(3.20897199434331,91.7594683871676,24.5552386291682));
#12609=CARTESIAN_POINT('Ctrl Pts',(3.32455205308381,91.7720136093412,24.6754374823855));
#12610=CARTESIAN_POINT('Ctrl Pts',(3.50523067079083,91.7792339062805,24.96729538135));
#12611=CARTESIAN_POINT('Ctrl Pts',(3.7612760128855,91.769902783716,25.524592423353));
#12612=CARTESIAN_POINT('Ctrl Pts',(3.9458627228511,91.7470376225882,25.9301542983032));
#12613=CARTESIAN_POINT('Ctrl Pts',(4.0694664182817,91.7239812593647,26.1690160122985));
#12614=CARTESIAN_POINT('Ctrl Pts',(3.22671438061446,91.7696471383197,24.5377864299654));
#12615=CARTESIAN_POINT('Ctrl Pts',(3.34493632089462,91.7820389254253,24.6607618505512));
#12616=CARTESIAN_POINT('Ctrl Pts',(3.52722847896174,91.7889691017711,24.9563783509353));
#12617=CARTESIAN_POINT('Ctrl Pts',(3.78308876759228,91.7795080759784,25.5151593964424));
#12618=CARTESIAN_POINT('Ctrl Pts',(3.96673158156776,91.7568002635022,25.9206455018529));
#12619=CARTESIAN_POINT('Ctrl Pts',(4.08965908203765,91.7338627839632,26.1593202520953));
#12620=CARTESIAN_POINT('',(4.11977104717635,91.3546299359678,26.1084488168718));
#12621=CARTESIAN_POINT('',(4.08965908203739,91.7338627839632,26.1593202520949));
#12622=CARTESIAN_POINT('Origin',(4.15442245032144,91.5516052650324,26.1084488168718));
#12623=CARTESIAN_POINT('Ctrl Pts',(4.08965908203765,91.7338627839632,26.1593202520953));
#12624=CARTESIAN_POINT('Ctrl Pts',(3.96673158156776,91.7568002635022,25.9206455018529));
#12625=CARTESIAN_POINT('Ctrl Pts',(3.78308876759228,91.7795080759784,25.5151593964424));
#12626=CARTESIAN_POINT('Ctrl Pts',(3.52722847896174,91.7889691017711,24.9563783509353));
#12627=CARTESIAN_POINT('Ctrl Pts',(3.34493632089462,91.7820389254253,24.6607618505512));
#12628=CARTESIAN_POINT('Ctrl Pts',(3.22671438061446,91.7696471383197,24.5377864299654));
#12629=CARTESIAN_POINT('Ctrl Pts',(3.30990540291339,91.3859412460297,24.4950089725695));
#12630=CARTESIAN_POINT('Ctrl Pts',(3.42151039324107,91.3967840597471,24.6227792400842));
#12631=CARTESIAN_POINT('Ctrl Pts',(3.59357501264985,91.4028479640497,24.9233977549892));
#12632=CARTESIAN_POINT('Ctrl Pts',(3.83383141285488,91.3945695664811,25.4794144207437));
#12633=CARTESIAN_POINT('Ctrl Pts',(4.00568178891367,91.3747002305644,25.8768214249531));
#12634=CARTESIAN_POINT('Ctrl Pts',(4.11977104717635,91.3546299359678,26.1084488168718));
#12635=CARTESIAN_POINT('Ctrl Pts',(4.11977104717626,91.3546299359678,26.1084488168716));
#12636=CARTESIAN_POINT('Ctrl Pts',(4.35217781783087,91.3137455229713,26.5802879275006));
#12637=CARTESIAN_POINT('Ctrl Pts',(4.75400990029563,91.1989113797351,27.3560219680986));
#12638=CARTESIAN_POINT('Ctrl Pts',(5.27419694164809,90.9052070724562,28.2189999794714));
#12639=CARTESIAN_POINT('Ctrl Pts',(5.60806373997363,90.636701569484,28.7668620965683));
#12640=CARTESIAN_POINT('Ctrl Pts',(5.76210728840198,90.4820819497434,29.037315723319));
#12641=CARTESIAN_POINT('Ctrl Pts',(5.8282986537142,90.408652560762,29.1810405321036));
#12642=CARTESIAN_POINT('Ctrl Pts',(4.07722215408323,91.3621150299385,26.1314954851837));
#12643=CARTESIAN_POINT('Ctrl Pts',(4.31210038754698,91.3242848145943,26.6029091298591));
#12644=CARTESIAN_POINT('Ctrl Pts',(4.72026141989781,91.2134879573319,27.3796974893171));
#12645=CARTESIAN_POINT('Ctrl Pts',(5.24943482547839,90.9220733341044,28.2424311741365));
#12646=CARTESIAN_POINT('Ctrl Pts',(5.58918407875642,90.6537944247252,28.7887777087848));
#12647=CARTESIAN_POINT('Ctrl Pts',(5.74574667968309,90.4990861931121,29.0569864255023));
#12648=CARTESIAN_POINT('Ctrl Pts',(5.81286157417269,90.4257776844551,29.1979564796255));
#12649=CARTESIAN_POINT('Ctrl Pts',(3.99890499470903,91.4142246954455,26.1774589745166));
#12650=CARTESIAN_POINT('Ctrl Pts',(4.24115351711468,91.3788155316137,26.6480172718664));
#12651=CARTESIAN_POINT('Ctrl Pts',(4.66472708186498,91.2694322353482,27.4269886343409));
#12652=CARTESIAN_POINT('Ctrl Pts',(5.21256238457113,90.9739497113539,28.2892455945062));
#12653=CARTESIAN_POINT('Ctrl Pts',(5.56309368799079,90.7006604120514,28.8325821120878));
#12654=CARTESIAN_POINT('Ctrl Pts',(5.72339346130523,90.5429750106434,29.0963160423683));
#12655=CARTESIAN_POINT('Ctrl Pts',(5.79126302101591,90.468367089929,29.2317763091124));
#12656=CARTESIAN_POINT('Ctrl Pts',(3.96125473665224,91.5630888338016,26.2109989898153));
#12657=CARTESIAN_POINT('Ctrl Pts',(4.21145227531122,91.5218923328825,26.683595435296));
#12658=CARTESIAN_POINT('Ctrl Pts',(4.64885328353139,91.3995074585131,27.469181441965));
#12659=CARTESIAN_POINT('Ctrl Pts',(5.21140508373159,91.0821235569422,28.3377516596195));
#12660=CARTESIAN_POINT('Ctrl Pts',(5.56807977246666,90.7917929549224,28.8822319851279));
#12661=CARTESIAN_POINT('Ctrl Pts',(5.72769441496583,90.624809420539,29.1433403109105));
#12662=CARTESIAN_POINT('Ctrl Pts',(5.79243657206739,90.5456855991697,29.2733355230314));
#12663=CARTESIAN_POINT('Ctrl Pts',(4.0130940906846,91.6821845254909,26.1947704989157));
#12664=CARTESIAN_POINT('Ctrl Pts',(4.26275838082722,91.6354475494076,26.672021005565));
#12665=CARTESIAN_POINT('Ctrl Pts',(4.69689148783906,91.5032751016819,27.465711295027));
#12666=CARTESIAN_POINT('Ctrl Pts',(5.25597885272912,91.1697317687841,28.3473209826189));
#12667=CARTESIAN_POINT('Ctrl Pts',(5.6081154116115,90.8665298261693,28.8999691183709));
#12668=CARTESIAN_POINT('Ctrl Pts',(5.76222369402397,90.6923443873511,29.1645229309104));
#12669=CARTESIAN_POINT('Ctrl Pts',(5.82129413712706,90.6096399659215,29.2940121366493));
#12670=CARTESIAN_POINT('Ctrl Pts',(4.06946641828159,91.7239812593647,26.1690160122983));
#12671=CARTESIAN_POINT('Ctrl Pts',(4.31656339353083,91.6769947271407,26.6490472912817));
#12672=CARTESIAN_POINT('Ctrl Pts',(4.74449049071331,91.5449231597866,27.4466776720781));
#12673=CARTESIAN_POINT('Ctrl Pts',(5.29688485420837,91.2090812927733,28.3377874738594));
#12674=CARTESIAN_POINT('Ctrl Pts',(5.64381563099748,90.9026590182958,28.8980022475987));
#12675=CARTESIAN_POINT('Ctrl Pts',(5.79368449301418,90.7263361928902,29.1671879909251));
#12676=CARTESIAN_POINT('Ctrl Pts',(5.84876887261768,90.6426009759291,29.298477830602));
#12677=CARTESIAN_POINT('Ctrl Pts',(4.08965908203754,91.7338627839632,26.1593202520951));
#12678=CARTESIAN_POINT('Ctrl Pts',(4.33585936023949,91.6871377405386,26.640154922236));
#12679=CARTESIAN_POINT('Ctrl Pts',(4.7615469292146,91.5558987196972,27.4388681433571));
#12680=CARTESIAN_POINT('Ctrl Pts',(5.31152120971438,91.2202366542357,28.3330946210707));
#12681=CARTESIAN_POINT('Ctrl Pts',(5.65661948016461,90.9133732222674,28.8960031070401));
#12682=CARTESIAN_POINT('Ctrl Pts',(5.80506854341611,90.736665085421,29.1669631361833));
#12683=CARTESIAN_POINT('Ctrl Pts',(5.85882712235956,90.6527457837279,29.2990653070392));
#12684=CARTESIAN_POINT('',(5.8282986537142,90.408652560762,29.1810405321036));
#12685=CARTESIAN_POINT('',(5.85882712235954,90.652745783728,29.2990653070392));
#12686=CARTESIAN_POINT('Origin',(5.97685189729514,90.5425627314794,29.1810405321036));
#12687=CARTESIAN_POINT('Ctrl Pts',(5.85882712235956,90.6527457837279,29.2990653070392));
#12688=CARTESIAN_POINT('Ctrl Pts',(5.80506854341611,90.736665085421,29.1669631361833));
#12689=CARTESIAN_POINT('Ctrl Pts',(5.65661948016461,90.9133732222674,28.8960031070401));
#12690=CARTESIAN_POINT('Ctrl Pts',(5.31152120971438,91.2202366542357,28.3330946210707));
#12691=CARTESIAN_POINT('Ctrl Pts',(4.7615469292146,91.5558987196972,27.4388681433571));
#12692=CARTESIAN_POINT('Ctrl Pts',(4.33585936023949,91.6871377405386,26.640154922236));
#12693=CARTESIAN_POINT('Ctrl Pts',(4.08965908203754,91.7338627839632,26.1593202520951));
#12694=CARTESIAN_POINT('Ctrl Pts',(4.11977104717626,91.3546299359678,26.1084488168716));
#12695=CARTESIAN_POINT('Ctrl Pts',(4.35217781783087,91.3137455229713,26.5802879275006));
#12696=CARTESIAN_POINT('Ctrl Pts',(4.75400990029563,91.1989113797351,27.3560219680986));
#12697=CARTESIAN_POINT('Ctrl Pts',(5.27419694164809,90.9052070724562,28.2189999794714));
#12698=CARTESIAN_POINT('Ctrl Pts',(5.60806373997363,90.636701569484,28.7668620965683));
#12699=CARTESIAN_POINT('Ctrl Pts',(5.76210728840198,90.4820819497434,29.037315723319));
#12700=CARTESIAN_POINT('Ctrl Pts',(5.8282986537142,90.408652560762,29.1810405321036));
#12701=CARTESIAN_POINT('Ctrl Pts',(5.8282986537142,90.408652560762,29.1810405321036));
#12702=CARTESIAN_POINT('Ctrl Pts',(5.87187720134554,90.3603087003479,29.2756649350885));
#12703=CARTESIAN_POINT('Ctrl Pts',(5.91497859341501,90.3093467332755,29.368941885993));
#12704=CARTESIAN_POINT('Ctrl Pts',(5.95751500761949,90.2552959302626,29.4604532085239));
#12705=CARTESIAN_POINT('Ctrl Pts',(5.79742449463117,90.4429028081483,29.2148724271474));
#12706=CARTESIAN_POINT('Ctrl Pts',(5.84282240854091,90.3941151282693,29.3092453946238));
#12707=CARTESIAN_POINT('Ctrl Pts',(5.88761056695958,90.3425190391838,29.4023153708057));
#12708=CARTESIAN_POINT('Ctrl Pts',(5.93195048617619,90.2877806363314,29.4935944338129));
#12709=CARTESIAN_POINT('Ctrl Pts',(5.77780975859423,90.5328625202135,29.2735327733298));
#12710=CARTESIAN_POINT('Ctrl Pts',(5.82510793447934,90.4809781828327,29.3675603596849));
#12711=CARTESIAN_POINT('Ctrl Pts',(5.87191366895418,90.4262977317394,29.4602494636488));
#12712=CARTESIAN_POINT('Ctrl Pts',(5.91806463280016,90.368283046423,29.5511974982532));
#12713=CARTESIAN_POINT('Ctrl Pts',(5.8286523731339,90.6223113603314,29.2973028777277));
#12714=CARTESIAN_POINT('Ctrl Pts',(5.87439019914327,90.5675943227459,29.3927346390722));
#12715=CARTESIAN_POINT('Ctrl Pts',(5.9196357278515,90.5100083376939,29.4868161366549));
#12716=CARTESIAN_POINT('Ctrl Pts',(5.96431193792423,90.4489416372054,29.5790843739918));
#12717=CARTESIAN_POINT('Ctrl Pts',(5.85882712235954,90.652745783728,29.2990653070392));
#12718=CARTESIAN_POINT('Ctrl Pts',(5.90359159868376,90.5974956575405,29.39540901784));
#12719=CARTESIAN_POINT('Ctrl Pts',(5.94787705500915,90.5392534094578,29.4903753306266));
#12720=CARTESIAN_POINT('Ctrl Pts',(5.99160140346847,90.4774810631572,29.5835344798495));
#12721=CARTESIAN_POINT('Ctrl Pts',(5.99160140346847,90.4774810631572,29.5835344798495));
#12722=CARTESIAN_POINT('Ctrl Pts',(5.94787705500915,90.5392534094578,29.4903753306266));
#12723=CARTESIAN_POINT('Ctrl Pts',(5.90359159868376,90.5974956575405,29.39540901784));
#12724=CARTESIAN_POINT('Ctrl Pts',(5.85882712235954,90.652745783728,29.2990653070392));
#12725=CARTESIAN_POINT('Ctrl Pts',(5.8282986537142,90.408652560762,29.1810405321036));
#12726=CARTESIAN_POINT('Ctrl Pts',(5.86607558421086,90.3667447241298,29.2630675772702));
#12727=CARTESIAN_POINT('Ctrl Pts',(5.90349394976932,90.3228694761811,29.3440820615225));
#12728=CARTESIAN_POINT('Ctrl Pts',(5.94049654109836,90.2767201739832,29.4238115760478));
#12729=CARTESIAN_POINT('Origin',(3.6,88.4,29.8));
#12730=CARTESIAN_POINT('',(6.59999999999999,88.4,29.8));
#12731=CARTESIAN_POINT('Origin',(3.6,88.4,29.8));
#12732=CARTESIAN_POINT('Origin',(3.6,88.4,29.8));
#12733=CARTESIAN_POINT('Origin',(11.0502525316941,89.,30.9497474683058));
#12734=CARTESIAN_POINT('',(6.35281928654136,91.3961867516817,28.8050731428574));
#12735=CARTESIAN_POINT('Origin',(7.10050506338834,89.,27.));
#12736=CARTESIAN_POINT('Origin',(7.62919874639354,89.,27.5286936830052));
#12737=CARTESIAN_POINT('Origin',(19.4289321881345,89.,27.));
#12738=CARTESIAN_POINT('',(59.9577394628355,90.5725305788143,29.5548282875165));
#12739=CARTESIAN_POINT('Ctrl Pts',(59.9577394628356,90.5725305788142,29.5548282875164));
#12740=CARTESIAN_POINT('Ctrl Pts',(59.62432924917,90.1505935947846,29.8145360780405));
#12741=CARTESIAN_POINT('Ctrl Pts',(59.3636362189821,89.5999276374229,30.));
#12742=CARTESIAN_POINT('Ctrl Pts',(59.2567532708997,89.,30.));
#12743=CARTESIAN_POINT('',(59.6471807134586,91.3961867516818,28.8050731428573));
#12744=CARTESIAN_POINT('Origin',(58.8994949366116,89.,27.));
#12745=CARTESIAN_POINT('',(59.0175883869096,92.,27.0000000000005));
#12746=CARTESIAN_POINT('Ctrl Pts',(59.6471807134586,91.3961867516818,28.8050731428573));
#12747=CARTESIAN_POINT('Ctrl Pts',(59.5088422138502,91.6477764696606,28.4710944609044));
#12748=CARTESIAN_POINT('Ctrl Pts',(59.3722636363478,91.8270306239242,28.0878411919352));
#12749=CARTESIAN_POINT('Ctrl Pts',(59.1637509603596,91.9728717832199,27.4609870686519));
#12750=CARTESIAN_POINT('Ctrl Pts',(59.0918824573595,91.9991150546062,27.2368115111456));
#12751=CARTESIAN_POINT('Ctrl Pts',(59.019990152262,91.9999926658038,27.0076597377125));
#12752=CARTESIAN_POINT('Ctrl Pts',(59.0187890679246,92.,27.0038299335795));
#12753=CARTESIAN_POINT('Ctrl Pts',(59.0175883869111,92.,27.));
#12754=CARTESIAN_POINT('',(6.9824116130921,92.,27.0000000000011));
#12755=CARTESIAN_POINT('',(19.4289321881345,92.,27.));
#12756=CARTESIAN_POINT('Ctrl Pts',(6.98241161308886,92.,27.));
#12757=CARTESIAN_POINT('Ctrl Pts',(6.98121105964409,92.,27.0038295266609));
#12758=CARTESIAN_POINT('Ctrl Pts',(6.98001010300596,91.9999926673625,27.0076589237718));
#12759=CARTESIAN_POINT('Ctrl Pts',(6.90811366945614,91.9991150989554,27.2368238743696));
#12760=CARTESIAN_POINT('Ctrl Pts',(6.8362407810522,91.9728688068818,27.4610128493055));
#12761=CARTESIAN_POINT('Ctrl Pts',(6.62772775534945,91.8270193817001,28.0878652945298));
#12762=CARTESIAN_POINT('Ctrl Pts',(6.4911534166771,91.6477685231062,28.4711050097446));
#12763=CARTESIAN_POINT('Ctrl Pts',(6.35281928654139,91.3961867516818,28.8050731428573));
#12764=CARTESIAN_POINT('Origin',(3.6,88.4,30.));
#12765=CARTESIAN_POINT('',(6.59999999999999,88.4,30.));
#12766=CARTESIAN_POINT('Ctrl Pts',(60.0424849923805,90.2552959302626,29.4604532085239));
#12767=CARTESIAN_POINT('Ctrl Pts',(60.085021406585,90.3093467332755,29.368941885993));
#12768=CARTESIAN_POINT('Ctrl Pts',(60.1281227986544,90.3603087003479,29.2756649350885));
#12769=CARTESIAN_POINT('Ctrl Pts',(60.1717013462858,90.408652560762,29.1810405321036));
#12770=CARTESIAN_POINT('Ctrl Pts',(60.0680495138238,90.2877806363313,29.4935944338129));
#12771=CARTESIAN_POINT('Ctrl Pts',(60.1123894330404,90.3425190391838,29.4023153708057));
#12772=CARTESIAN_POINT('Ctrl Pts',(60.1571775914591,90.3941151282693,29.3092453946237));
#12773=CARTESIAN_POINT('Ctrl Pts',(60.2025755053688,90.4429028081483,29.2148724271474));
#12774=CARTESIAN_POINT('Ctrl Pts',(60.0819315485354,90.3682831024083,29.5511956401955));
#12775=CARTESIAN_POINT('Ctrl Pts',(60.1280825123814,90.4262977877248,29.4602476055911));
#12776=CARTESIAN_POINT('Ctrl Pts',(60.1748869528463,90.4809782047512,29.3675578600529));
#12777=CARTESIAN_POINT('Ctrl Pts',(60.2221851287314,90.532862542132,29.2735302736978));
#12778=CARTESIAN_POINT('Ctrl Pts',(60.0356880620757,90.4489416372054,29.5790843739918));
#12779=CARTESIAN_POINT('Ctrl Pts',(60.0803642721485,90.5100083376939,29.4868161366549));
#12780=CARTESIAN_POINT('Ctrl Pts',(60.1256098008567,90.5675943227459,29.3927346390722));
#12781=CARTESIAN_POINT('Ctrl Pts',(60.1713476268661,90.6223113603314,29.2973028777276));
#12782=CARTESIAN_POINT('Ctrl Pts',(60.0083985965315,90.4774810631572,29.5835344798496));
#12783=CARTESIAN_POINT('Ctrl Pts',(60.0521229449908,90.5392534094577,29.4903753306266));
#12784=CARTESIAN_POINT('Ctrl Pts',(60.0964084013162,90.5974956575405,29.39540901784));
#12785=CARTESIAN_POINT('Ctrl Pts',(60.1411728776404,90.6527457837279,29.2990653070392));
#12786=CARTESIAN_POINT('',(60.0595423441439,90.2766674336569,29.4237747761546));
#12787=CARTESIAN_POINT('',(60.1717013462858,90.408652560762,29.1810405321036));
#12788=CARTESIAN_POINT('Ctrl Pts',(60.0595034589016,90.2767201739832,29.4238115760478));
#12789=CARTESIAN_POINT('Ctrl Pts',(60.0965060502307,90.3228694761811,29.3440820615225));
#12790=CARTESIAN_POINT('Ctrl Pts',(60.1339244157891,90.3667447241298,29.2630675772702));
#12791=CARTESIAN_POINT('Ctrl Pts',(60.1717013462858,90.408652560762,29.1810405321036));
#12792=CARTESIAN_POINT('',(60.1411728776405,90.6527457837279,29.2990653070392));
#12793=CARTESIAN_POINT('Origin',(60.0231481027049,90.5425627314794,29.1810405321036));
#12794=CARTESIAN_POINT('',(60.0083985965315,90.4774810631572,29.5835344798496));
#12795=CARTESIAN_POINT('Ctrl Pts',(60.1411728776404,90.6527457837279,29.2990653070392));
#12796=CARTESIAN_POINT('Ctrl Pts',(60.0964084013162,90.5974956575405,29.39540901784));
#12797=CARTESIAN_POINT('Ctrl Pts',(60.0521229449908,90.5392534094577,29.4903753306266));
#12798=CARTESIAN_POINT('Ctrl Pts',(60.0083985965315,90.4774810631572,29.5835344798496));
#12799=CARTESIAN_POINT('Ctrl Pts',(60.059503296128,90.2767199709733,29.4238119267763));
#12800=CARTESIAN_POINT('Ctrl Pts',(60.0597329824691,90.277006228997,29.4242839865545));
#12801=CARTESIAN_POINT('Ctrl Pts',(60.0599605657549,90.2772941294116,29.4247560149885));
#12802=CARTESIAN_POINT('Ctrl Pts',(60.0601860473281,90.2775836599424,29.4252279998425));
#12803=CARTESIAN_POINT('Ctrl Pts',(60.0653595428817,90.2842267079422,29.4360573173286));
#12804=CARTESIAN_POINT('Ctrl Pts',(60.0694143251117,90.2917047348054,29.4468298496395));
#12805=CARTESIAN_POINT('Ctrl Pts',(60.0723640321168,90.299870886986,29.4573993697135));
#12806=CARTESIAN_POINT('Ctrl Pts',(60.0740275991153,90.3044764092459,29.4633603362618));
#12807=CARTESIAN_POINT('Ctrl Pts',(60.0753389266599,90.309301467225,29.469256704723));
#12808=CARTESIAN_POINT('Ctrl Pts',(60.0762942728237,90.314323259941,29.4750608453857));
#12809=CARTESIAN_POINT('Ctrl Pts',(60.077972135091,90.3231429703585,29.4852545835115));
#12810=CARTESIAN_POINT('Ctrl Pts',(60.0785436293151,90.3325111829444,29.4950983592432));
#12811=CARTESIAN_POINT('Ctrl Pts',(60.077995122441,90.3422946761752,29.5044468451791));
#12812=CARTESIAN_POINT('Ctrl Pts',(60.0776780713102,90.3479497877862,29.5098505113458));
#12813=CARTESIAN_POINT('Ctrl Pts',(60.0769859924174,90.3537440335881,29.5150884597059));
#12814=CARTESIAN_POINT('Ctrl Pts',(60.0759090486704,90.3596529660838,29.5201293182776));
#12815=CARTESIAN_POINT('Ctrl Pts',(60.0743535666424,90.3681875235539,29.5274100745241));
#12816=CARTESIAN_POINT('Ctrl Pts',(60.0720073254686,90.376900341248,29.5342281516072));
#12817=CARTESIAN_POINT('Ctrl Pts',(60.0688537018494,90.3857106398673,29.5404994326877));
#12818=CARTESIAN_POINT('Ctrl Pts',(60.0651372001673,90.3960934545567,29.5478900504338));
#12819=CARTESIAN_POINT('Ctrl Pts',(60.0602999405471,90.4066129147985,29.5545223481479));
#12820=CARTESIAN_POINT('Ctrl Pts',(60.0544339272452,90.4171186495289,29.5603044411279));
#12821=CARTESIAN_POINT('Ctrl Pts',(60.0538807253028,90.4181094063786,29.5608497288562));
#12822=CARTESIAN_POINT('Ctrl Pts',(60.0533183459387,90.4191000285738,29.5613874320807));
#12823=CARTESIAN_POINT('Ctrl Pts',(60.0527468494999,90.420090380739,29.5619174588341));
#12824=CARTESIAN_POINT('Ctrl Pts',(60.046722548582,90.4305299549028,29.5675046164084));
#12825=CARTESIAN_POINT('Ctrl Pts',(60.0397519234861,90.440830516111,29.5721824369578));
#12826=CARTESIAN_POINT('Ctrl Pts',(60.0319434740447,90.450835141424,29.5758845537109));
#12827=CARTESIAN_POINT('Ctrl Pts',(60.0247817225667,90.4600111808745,29.5792800601205));
#12828=CARTESIAN_POINT('Ctrl Pts',(60.0169141772244,90.4689391251985,29.5818547897519));
#12829=CARTESIAN_POINT('Ctrl Pts',(60.0083985965315,90.4774810631572,29.5835344798495));
#12830=CARTESIAN_POINT('Ctrl Pts',(60.1717013462858,90.408652560762,29.1810405321036));
#12831=CARTESIAN_POINT('Ctrl Pts',(60.2378911078743,90.4820801706525,29.037319205569));
#12832=CARTESIAN_POINT('Ctrl Pts',(60.4686082873132,90.7153337326701,28.632741596482));
#12833=CARTESIAN_POINT('Ctrl Pts',(61.0759410818942,91.1435476234979,27.6626514287223));
#12834=CARTESIAN_POINT('Ctrl Pts',(61.5703607664698,91.3001187060682,26.7375523883796));
#12835=CARTESIAN_POINT('Ctrl Pts',(61.8802289528236,91.3546299359678,26.108448816872));
#12836=CARTESIAN_POINT('Ctrl Pts',(60.1871384258273,90.4257776844551,29.1979564796255));
#12837=CARTESIAN_POINT('Ctrl Pts',(60.2542516942174,90.49908441695,29.0569898410085));
#12838=CARTESIAN_POINT('Ctrl Pts',(60.4888211931446,90.7325428946271,28.6555046395968));
#12839=CARTESIAN_POINT('Ctrl Pts',(61.1068200724516,91.1596300088761,27.6867227630739));
#12840=CARTESIAN_POINT('Ctrl Pts',(61.6096144556574,91.3116759649101,26.7600317824982));
#12841=CARTESIAN_POINT('Ctrl Pts',(61.9227778459166,91.3621150299384,26.1314954851841));
#12842=CARTESIAN_POINT('Ctrl Pts',(60.208736481161,90.4683675944738,29.2317763395174));
#12843=CARTESIAN_POINT('Ctrl Pts',(60.2766043964877,90.5429737075432,29.0963193547851));
#12844=CARTESIAN_POINT('Ctrl Pts',(60.5169744557129,90.7809711659798,28.7009919336881));
#12845=CARTESIAN_POINT('Ctrl Pts',(61.1557467691502,91.2156611289699,27.734827925884));
#12846=CARTESIAN_POINT('Ctrl Pts',(61.6781042369778,91.3670204730982,26.8048551732416));
#12847=CARTESIAN_POINT('Ctrl Pts',(62.0010944410639,91.4142315476549,26.1774593113966));
#12848=CARTESIAN_POINT('Ctrl Pts',(60.2075632556134,90.5456858344097,29.2733355665774));
#12849=CARTESIAN_POINT('Ctrl Pts',(60.2723038441035,90.62480773872,29.1433435040578));
#12850=CARTESIAN_POINT('Ctrl Pts',(60.5120445509966,90.8767721554012,28.7514497517926));
#12851=CARTESIAN_POINT('Ctrl Pts',(61.1659745471329,91.3398773455476,27.7799137662107));
#12852=CARTESIAN_POINT('Ctrl Pts',(61.705156901899,91.5081646942867,26.8411127562482));
#12853=CARTESIAN_POINT('Ctrl Pts',(62.0387455375315,91.5630920313343,26.2109994294039));
#12854=CARTESIAN_POINT('Ctrl Pts',(60.1787057137509,90.6096401636286,29.2940121711368));
#12855=CARTESIAN_POINT('Ctrl Pts',(60.2377747256602,90.6923425812464,29.1645261027394));
#12856=CARTESIAN_POINT('Ctrl Pts',(60.4695977518135,90.955096489674,28.7674669989073));
#12857=CARTESIAN_POINT('Ctrl Pts',(61.1193225832023,91.4394908159122,27.7803295438721));
#12858=CARTESIAN_POINT('Ctrl Pts',(61.6540284781164,91.619872749916,26.8310894557523));
#12859=CARTESIAN_POINT('Ctrl Pts',(61.9869061329536,91.6821872081988,26.1947708643651));
#12860=CARTESIAN_POINT('Ctrl Pts',(60.1512311273823,90.6426009759291,29.298477830602));
#12861=CARTESIAN_POINT('Ctrl Pts',(60.2063141723687,90.7263341641036,29.1671911718933));
#12862=CARTESIAN_POINT('Ctrl Pts',(60.4319805740914,90.992323190561,28.7633765428017));
#12863=CARTESIAN_POINT('Ctrl Pts',(61.0743402232272,91.4812669875316,27.7634293761838));
#12864=CARTESIAN_POINT('Ctrl Pts',(61.6010789304689,91.6613340676227,26.8090422102993));
#12865=CARTESIAN_POINT('Ctrl Pts',(61.9305335817182,91.7239812593647,26.1690160122987));
#12866=CARTESIAN_POINT('Ctrl Pts',(60.1411728776405,90.652745783728,29.2990653070392));
#12867=CARTESIAN_POINT('Ctrl Pts',(60.1949301540891,90.7366630521743,29.1669663368333));
#12868=CARTESIAN_POINT('Ctrl Pts',(60.4185287745778,91.003238551623,28.7605682500692));
#12869=CARTESIAN_POINT('Ctrl Pts',(61.058231882487,91.4926258554262,27.7562415574849));
#12870=CARTESIAN_POINT('Ctrl Pts',(61.5820818338084,91.6715642355065,26.8004176123527));
#12871=CARTESIAN_POINT('Ctrl Pts',(61.9103409179623,91.7338627839632,26.1593202520955));
#12872=CARTESIAN_POINT('',(61.8802289528236,91.3546299359678,26.108448816872));
#12873=CARTESIAN_POINT('',(61.9103409179626,91.7338627839632,26.1593202520951));
#12874=CARTESIAN_POINT('Origin',(61.8455775496785,91.5516052650323,26.108448816872));
#12875=CARTESIAN_POINT('Ctrl Pts',(61.9103409179623,91.7338627839632,26.1593202520955));
#12876=CARTESIAN_POINT('Ctrl Pts',(61.5820818338084,91.6715642355065,26.8004176123527));
#12877=CARTESIAN_POINT('Ctrl Pts',(61.058231882487,91.4926258554262,27.7562415574849));
#12878=CARTESIAN_POINT('Ctrl Pts',(60.4185287745778,91.003238551623,28.7605682500692));
#12879=CARTESIAN_POINT('Ctrl Pts',(60.1949301540891,90.7366630521743,29.1669663368333));
#12880=CARTESIAN_POINT('Ctrl Pts',(60.1411728776405,90.652745783728,29.2990653070392));
#12881=CARTESIAN_POINT('Ctrl Pts',(60.1717013462858,90.408652560762,29.1810405321036));
#12882=CARTESIAN_POINT('Ctrl Pts',(60.2378911078743,90.4820801706525,29.037319205569));
#12883=CARTESIAN_POINT('Ctrl Pts',(60.4686082873132,90.7153337326701,28.632741596482));
#12884=CARTESIAN_POINT('Ctrl Pts',(61.0759410818942,91.1435476234979,27.6626514287223));
#12885=CARTESIAN_POINT('Ctrl Pts',(61.5703607664698,91.3001187060682,26.7375523883796));
#12886=CARTESIAN_POINT('Ctrl Pts',(61.8802289528236,91.3546299359678,26.108448816872));
#12887=CARTESIAN_POINT('Ctrl Pts',(61.8802289528238,91.3546299359679,26.1084488168716));
#12888=CARTESIAN_POINT('Ctrl Pts',(61.9943442061934,91.3747048035581,25.8767686489166));
#12889=CARTESIAN_POINT('Ctrl Pts',(62.1664907644858,91.3945905852816,25.4786521169004));
#12890=CARTESIAN_POINT('Ctrl Pts',(62.406625038261,91.4028427815672,24.9230078316976));
#12891=CARTESIAN_POINT('Ctrl Pts',(62.5784641776883,91.3967865302699,24.6228083523954));
#12892=CARTESIAN_POINT('Ctrl Pts',(62.6900945970852,91.3859412460298,24.4950089725712));
#12893=CARTESIAN_POINT('Ctrl Pts',(61.9227778459168,91.3621150299385,26.1314954851837));
#12894=CARTESIAN_POINT('Ctrl Pts',(62.038739805191,91.3808030881776,25.8986856305777));
#12895=CARTESIAN_POINT('Ctrl Pts',(62.2132117377194,91.3982541966419,25.4995867258528));
#12896=CARTESIAN_POINT('Ctrl Pts',(62.4539915174309,91.4026776274531,24.9464783001412));
#12897=CARTESIAN_POINT('Ctrl Pts',(62.6226847023263,91.3939694885644,24.6538501847564));
#12898=CARTESIAN_POINT('Ctrl Pts',(62.7291699907034,91.3821449353748,24.5317596956863));
#12899=CARTESIAN_POINT('Ctrl Pts',(62.0010944440206,91.4142315111801,26.1774593095782));
#12900=CARTESIAN_POINT('Ctrl Pts',(62.121960358395,91.431852175507,25.9423909408466));
#12901=CARTESIAN_POINT('Ctrl Pts',(62.3029596351384,91.4467838783875,25.5411861139467));
#12902=CARTESIAN_POINT('Ctrl Pts',(62.548460943657,91.4465040467091,24.9931678859288));
#12903=CARTESIAN_POINT('Ctrl Pts',(62.7134714053107,91.4338603380154,24.7156292001949));
#12904=CARTESIAN_POINT('Ctrl Pts',(62.8114546178894,91.4203704821284,24.60496527178));
#12905=CARTESIAN_POINT('Ctrl Pts',(62.0387455361116,91.5630920141915,26.2109994270729));
#12906=CARTESIAN_POINT('Ctrl Pts',(62.1646499713121,91.5834442593583,25.9730719223782));
#12907=CARTESIAN_POINT('Ctrl Pts',(62.3527787705205,91.6019393318302,25.5688135292543));
#12908=CARTESIAN_POINT('Ctrl Pts',(62.6065685843777,91.6047306016943,25.0220437364099));
#12909=CARTESIAN_POINT('Ctrl Pts',(62.774744554219,91.5928024953293,24.7520696951571));
#12910=CARTESIAN_POINT('Ctrl Pts',(62.8723958860904,91.578860397596,24.6473987058277));
#12911=CARTESIAN_POINT('Ctrl Pts',(61.9869061317923,91.6821871938289,26.1947708624262));
#12912=CARTESIAN_POINT('Ctrl Pts',(62.112387547794,91.7051254540883,25.9556409492341));
#12913=CARTESIAN_POINT('Ctrl Pts',(62.2998146214092,91.7275679291784,25.5494400847435));
#12914=CARTESIAN_POINT('Ctrl Pts',(62.55612834258,91.7357284435693,24.9971244658565));
#12915=CARTESIAN_POINT('Ctrl Pts',(62.7316377458516,91.7271854460438,24.7165306231572));
#12916=CARTESIAN_POINT('Ctrl Pts',(62.8392965140382,91.7141190560322,24.6043160522689));
#12917=CARTESIAN_POINT('Ctrl Pts',(61.9305335817184,91.7239812593647,26.1690160122983));
#12918=CARTESIAN_POINT('Ctrl Pts',(62.0541654401096,91.7470428759541,25.9300998739347));
#12919=CARTESIAN_POINT('Ctrl Pts',(62.2390684001846,91.7699267415962,25.5238238621379));
#12920=CARTESIAN_POINT('Ctrl Pts',(62.4949801180683,91.7792276395661,24.9669138785633));
#12921=CARTESIAN_POINT('Ctrl Pts',(62.6754216121308,91.7720164677557,24.6754648695584));
#12922=CARTESIAN_POINT('Ctrl Pts',(62.7910280056552,91.7594683871677,24.5552386291698));
#12923=CARTESIAN_POINT('Ctrl Pts',(61.9103409179625,91.7338627839632,26.159320252095));
#12924=CARTESIAN_POINT('Ctrl Pts',(62.0332964273227,91.7568054897806,25.9205911200839));
#12925=CARTESIAN_POINT('Ctrl Pts',(62.2172546291708,91.7795320974647,25.5143894504084));
#12926=CARTESIAN_POINT('Ctrl Pts',(62.4729836490674,91.7889631789339,24.9559930516583));
#12927=CARTESIAN_POINT('Ctrl Pts',(62.6550367423703,91.7820417488799,24.6607898703619));
#12928=CARTESIAN_POINT('Ctrl Pts',(62.773285619384,91.7696471383198,24.5377864299671));
#12929=CARTESIAN_POINT('',(62.6900945970852,91.3859412460298,24.4950089725712));
#12930=CARTESIAN_POINT('',(62.7732856193847,91.7696471383198,24.5377864299661));
#12931=CARTESIAN_POINT('Origin',(62.7094342368909,91.5850039957651,24.4950089725712));
#12932=CARTESIAN_POINT('Ctrl Pts',(62.773285619384,91.7696471383198,24.5377864299671));
#12933=CARTESIAN_POINT('Ctrl Pts',(62.6550367423703,91.7820417488799,24.6607898703619));
#12934=CARTESIAN_POINT('Ctrl Pts',(62.4729836490674,91.7889631789339,24.9559930516583));
#12935=CARTESIAN_POINT('Ctrl Pts',(62.2172546291708,91.7795320974647,25.5143894504084));
#12936=CARTESIAN_POINT('Ctrl Pts',(62.0332964273227,91.7568054897806,25.9205911200839));
#12937=CARTESIAN_POINT('Ctrl Pts',(61.9103409179625,91.7338627839632,26.159320252095));
#12938=CARTESIAN_POINT('Ctrl Pts',(61.8802289528238,91.3546299359679,26.1084488168716));
#12939=CARTESIAN_POINT('Ctrl Pts',(61.9943442061934,91.3747048035581,25.8767686489166));
#12940=CARTESIAN_POINT('Ctrl Pts',(62.1664907644858,91.3945905852816,25.4786521169004));
#12941=CARTESIAN_POINT('Ctrl Pts',(62.406625038261,91.4028427815672,24.9230078316976));
#12942=CARTESIAN_POINT('Ctrl Pts',(62.5784641776883,91.3967865302699,24.6228083523954));
#12943=CARTESIAN_POINT('Ctrl Pts',(62.6900945970852,91.3859412460298,24.4950089725712));
#12944=CARTESIAN_POINT('Ctrl Pts',(62.6900945970858,91.3859412460297,24.4950089725705));
#12945=CARTESIAN_POINT('Ctrl Pts',(62.8337184704467,91.3719876862503,24.3305820892647));
#12946=CARTESIAN_POINT('Ctrl Pts',(63.3100685943625,91.2977826133206,23.8779874895458));
#12947=CARTESIAN_POINT('Ctrl Pts',(64.2190912110391,90.8884919825838,23.4367965876655));
#12948=CARTESIAN_POINT('Ctrl Pts',(65.0301839947821,89.9923623514314,22.9609739930036));
#12949=CARTESIAN_POINT('Ctrl Pts',(65.2850514870094,89.2859522502862,22.510574923332));
#12950=CARTESIAN_POINT('Ctrl Pts',(65.3467938085315,88.9625,22.2285515178061));
#12951=CARTESIAN_POINT('Ctrl Pts',(62.7291699907041,91.3821449353747,24.5317596956855));
#12952=CARTESIAN_POINT('Ctrl Pts',(62.8707612213316,91.3664820891104,24.3699393008267));
#12953=CARTESIAN_POINT('Ctrl Pts',(63.3361001142811,91.2879743608818,23.9265561884171));
#12954=CARTESIAN_POINT('Ctrl Pts',(64.2328417141116,90.8776627473332,23.4880105891408));
#12955=CARTESIAN_POINT('Ctrl Pts',(65.0430211517866,89.9737558836766,23.0100525213114));
#12956=CARTESIAN_POINT('Ctrl Pts',(65.2941982653603,89.2578884804784,22.5563188183988));
#12957=CARTESIAN_POINT('Ctrl Pts',(65.3531567459978,88.9291661960362,22.2708165921307));
#12958=CARTESIAN_POINT('Ctrl Pts',(62.8115441264121,91.4203416009574,24.6050512824069));
#12959=CARTESIAN_POINT('Ctrl Pts',(62.9513996418304,91.4018780890638,24.4484511506212));
#12960=CARTESIAN_POINT('Ctrl Pts',(63.4026672159818,91.3151883968548,24.0235028369077));
#12961=CARTESIAN_POINT('Ctrl Pts',(64.2887845238982,90.8947462302878,23.590232454173));
#12962=CARTESIAN_POINT('Ctrl Pts',(65.1087876607185,89.9610165150989,23.1079843474895));
#12963=CARTESIAN_POINT('Ctrl Pts',(65.3569703722883,89.2158063863644,22.6475624629473));
#12964=CARTESIAN_POINT('Ctrl Pts',(65.4117760198275,88.8714628096815,22.355097370841));
#12965=CARTESIAN_POINT('Ctrl Pts',(62.8723326167221,91.5788733410416,24.6473385852505));
#12966=CARTESIAN_POINT('Ctrl Pts',(63.0167800334847,91.5599704839489,24.4926874423552));
#12967=CARTESIAN_POINT('Ctrl Pts',(63.4820315418023,91.4685231964236,24.075627505161));
#12968=CARTESIAN_POINT('Ctrl Pts',(64.4054806060225,91.019263225451,23.6480846043678));
#12969=CARTESIAN_POINT('Ctrl Pts',(65.2663194103056,90.0259980146049,23.1649627006239));
#12970=CARTESIAN_POINT('Ctrl Pts',(65.5256318145552,89.2325707246163,22.6995708265209));
#12971=CARTESIAN_POINT('Ctrl Pts',(65.581748547918,88.865115526228,22.4025545822155));
#12972=CARTESIAN_POINT('Ctrl Pts',(62.8392937599783,91.7141181284968,24.6043135702312));
#12973=CARTESIAN_POINT('Ctrl Pts',(62.9907790709017,91.6969788795545,24.4450490991128));
#12974=CARTESIAN_POINT('Ctrl Pts',(63.4885496802095,91.6083838017661,24.0132428675732));
#12975=CARTESIAN_POINT('Ctrl Pts',(64.4692606690008,91.1415456529777,23.5864779537582));
#12976=CARTESIAN_POINT('Ctrl Pts',(65.3664134879567,90.1172601557485,23.1082219666703));
#12977=CARTESIAN_POINT('Ctrl Pts',(65.6411581526397,89.304666603316,22.6450870117947));
#12978=CARTESIAN_POINT('Ctrl Pts',(65.7033016595261,88.9301647706981,22.351361277682));
#12979=CARTESIAN_POINT('Ctrl Pts',(62.791028005656,91.7594683871677,24.5552386291689));
#12980=CARTESIAN_POINT('Ctrl Pts',(62.9463505763641,91.7432563110331,24.3918495391879));
#12981=CARTESIAN_POINT('Ctrl Pts',(63.4638250181083,91.6574389025235,23.9461857582834));
#12982=CARTESIAN_POINT('Ctrl Pts',(64.4744999123877,91.1891412694568,23.5173472328693));
#12983=CARTESIAN_POINT('Ctrl Pts',(65.3850569553191,90.1636136321972,23.0429283901664));
#12984=CARTESIAN_POINT('Ctrl Pts',(65.6672907615511,89.3539004254472,22.5836092716826));
#12985=CARTESIAN_POINT('Ctrl Pts',(65.733286488861,88.9825756610402,22.2942460656302));
#12986=CARTESIAN_POINT('Ctrl Pts',(62.7732856193848,91.7696471383197,24.5377864299662));
#12987=CARTESIAN_POINT('Ctrl Pts',(62.9297815671538,91.7537002128575,24.3730269370632));
#12988=CARTESIAN_POINT('Ctrl Pts',(63.453318679465,91.6688944152236,23.9226915288098));
#12989=CARTESIAN_POINT('Ctrl Pts',(64.4726769675116,91.2011336943815,23.4928948483487));
#12990=CARTESIAN_POINT('Ctrl Pts',(65.3865152169192,90.176985544493,23.0196977741337));
#12991=CARTESIAN_POINT('Ctrl Pts',(65.670804339602,89.3696597146128,22.5618111462571));
#12992=CARTESIAN_POINT('Ctrl Pts',(65.7380068664289,89.,22.2740321610267));
#12993=CARTESIAN_POINT('',(65.3467938085315,88.9625,22.2285515178061));
#12994=CARTESIAN_POINT('',(65.7380068664289,89.,22.2740321610267));
#12995=CARTESIAN_POINT('Origin',(65.5432467291003,89.,22.2285515178061));
#12996=CARTESIAN_POINT('Ctrl Pts',(65.7380068664289,89.,22.2740321610267));
#12997=CARTESIAN_POINT('Ctrl Pts',(65.670804339602,89.3696597146128,22.5618111462571));
#12998=CARTESIAN_POINT('Ctrl Pts',(65.3865152169192,90.176985544493,23.0196977741337));
#12999=CARTESIAN_POINT('Ctrl Pts',(64.4726769675116,91.2011336943815,23.4928948483487));
#13000=CARTESIAN_POINT('Ctrl Pts',(63.453318679465,91.6688944152236,23.9226915288098));
#13001=CARTESIAN_POINT('Ctrl Pts',(62.9297815671538,91.7537002128575,24.3730269370632));
#13002=CARTESIAN_POINT('Ctrl Pts',(62.7732856193848,91.7696471383197,24.5377864299662));
#13003=CARTESIAN_POINT('Ctrl Pts',(62.6900945970858,91.3859412460297,24.4950089725705));
#13004=CARTESIAN_POINT('Ctrl Pts',(62.8337184704467,91.3719876862503,24.3305820892647));
#13005=CARTESIAN_POINT('Ctrl Pts',(63.3100685943625,91.2977826133206,23.8779874895458));
#13006=CARTESIAN_POINT('Ctrl Pts',(64.2190912110391,90.8884919825838,23.4367965876655));
#13007=CARTESIAN_POINT('Ctrl Pts',(65.0301839947821,89.9923623514314,22.9609739930036));
#13008=CARTESIAN_POINT('Ctrl Pts',(65.2850514870094,89.2859522502862,22.510574923332));
#13009=CARTESIAN_POINT('Ctrl Pts',(65.3467938085315,88.9625,22.2285515178061));
#13010=CARTESIAN_POINT('Ctrl Pts',(65.3467938085315,88.9625,22.2285515178061));
#13011=CARTESIAN_POINT('Ctrl Pts',(65.3589547678435,88.8987918407001,22.1730033123766));
#13012=CARTESIAN_POINT('Ctrl Pts',(65.3804267139882,88.7643332025444,22.0704320051162));
#13013=CARTESIAN_POINT('Ctrl Pts',(65.4005636747339,88.5318509165066,21.9669842651417));
#13014=CARTESIAN_POINT('Ctrl Pts',(65.4009376210473,88.2763719936618,21.9649384837454));
#13015=CARTESIAN_POINT('Ctrl Pts',(65.3744611536563,87.9649349337745,22.1016086986908));
#13016=CARTESIAN_POINT('Ctrl Pts',(65.3121094971027,87.6517026615802,22.3922641862063));
#13017=CARTESIAN_POINT('Ctrl Pts',(65.2106974631964,87.3351012996751,22.788356343815));
#13018=CARTESIAN_POINT('Ctrl Pts',(65.0851059777445,87.0501625868301,23.2065178960489));
#13019=CARTESIAN_POINT('Ctrl Pts',(64.7879237620452,86.5289170229169,24.058723829912));
#13020=CARTESIAN_POINT('Ctrl Pts',(64.1744698103165,85.8799320986546,25.3483211288017));
#13021=CARTESIAN_POINT('Ctrl Pts',(63.3637904982711,85.5197956797843,26.4312497130995));
#13022=CARTESIAN_POINT('Ctrl Pts',(62.8965435521583,85.4413779388354,26.9296464556208));
#13023=CARTESIAN_POINT('Ctrl Pts',(65.3531567459978,88.9291661960362,22.2708165921307));
#13024=CARTESIAN_POINT('Ctrl Pts',(65.3642902720931,88.8668769702514,22.2169689847949));
#13025=CARTESIAN_POINT('Ctrl Pts',(65.3836093192792,88.7363736045872,22.1182705769914));
#13026=CARTESIAN_POINT('Ctrl Pts',(65.4004575387097,88.5186654428156,22.0229384632104));
#13027=CARTESIAN_POINT('Ctrl Pts',(65.4007803437462,88.2887031961294,22.0209486265209));
#13028=CARTESIAN_POINT('Ctrl Pts',(65.3786834659593,87.9973235697875,22.1467511924207));
#13029=CARTESIAN_POINT('Ctrl Pts',(65.3215783532251,87.6886032650462,22.4292937549492));
#13030=CARTESIAN_POINT('Ctrl Pts',(65.2247379940229,87.3722834291366,22.8207867505281));
#13031=CARTESIAN_POINT('Ctrl Pts',(65.1027865189839,87.0851952146756,23.2361883926478));
#13032=CARTESIAN_POINT('Ctrl Pts',(64.8111906758401,86.5581627026062,24.0849346469333));
#13033=CARTESIAN_POINT('Ctrl Pts',(64.2014861677709,85.8975400246428,25.3724565318597));
#13034=CARTESIAN_POINT('Ctrl Pts',(63.3883554909465,85.5275444825283,26.4544358003657));
#13035=CARTESIAN_POINT('Ctrl Pts',(62.9188102438086,85.4451149427306,26.9525403261232));
#13036=CARTESIAN_POINT('Ctrl Pts',(65.4117756853173,88.8714627927493,22.3550973134399));
#13037=CARTESIAN_POINT('Ctrl Pts',(65.421693428139,88.811120951927,22.3046563629873));
#13038=CARTESIAN_POINT('Ctrl Pts',(65.4383472855843,88.6865522952202,22.2137184228961));
#13039=CARTESIAN_POINT('Ctrl Pts',(65.4505460318782,88.4946169187051,22.1346471137102));
#13040=CARTESIAN_POINT('Ctrl Pts',(65.4508162540789,88.3113172866461,22.1327730073722));
#13041=CARTESIAN_POINT('Ctrl Pts',(65.434962411339,88.0549797179385,22.2368180932944));
#13042=CARTESIAN_POINT('Ctrl Pts',(65.3839790604487,87.7509556487578,22.503114483858));
#13043=CARTESIAN_POINT('Ctrl Pts',(65.2912631494204,87.4317332704371,22.8854140073178));
#13044=CARTESIAN_POINT('Ctrl Pts',(65.1716899843812,87.1379404386685,23.2952891077182));
#13045=CARTESIAN_POINT('Ctrl Pts',(64.8820993549293,86.5961528746599,24.1371429593402));
#13046=CARTESIAN_POINT('Ctrl Pts',(64.2678551657055,85.9120612481897,25.4205263208708));
#13047=CARTESIAN_POINT('Ctrl Pts',(63.4429554586658,85.5255614072614,26.5007923519407));
#13048=CARTESIAN_POINT('Ctrl Pts',(62.9659473748663,85.4369747602118,26.9983112958194));
#13049=CARTESIAN_POINT('Ctrl Pts',(65.5817483468764,88.8651155083266,22.4025545571678));
#13050=CARTESIAN_POINT('Ctrl Pts',(65.5927061557788,88.803907448181,22.3530834761342));
#13051=CARTESIAN_POINT('Ctrl Pts',(65.6112610606066,88.6780961428528,22.2644803979444));
#13052=CARTESIAN_POINT('Ctrl Pts',(65.6251157662643,88.4894059031886,22.1909050683385));
#13053=CARTESIAN_POINT('Ctrl Pts',(65.625428881359,88.3162363478434,22.1890622926061));
#13054=CARTESIAN_POINT('Ctrl Pts',(65.6073734647647,88.0644214430172,22.2857410646808));
#13055=CARTESIAN_POINT('Ctrl Pts',(65.5508740896652,87.754386662446,22.5475586169087));
#13056=CARTESIAN_POINT('Ctrl Pts',(65.4505098315377,87.4270636095505,22.9284989731577));
#13057=CARTESIAN_POINT('Ctrl Pts',(65.3227233027761,87.1250756042872,23.3383964528233));
#13058=CARTESIAN_POINT('Ctrl Pts',(65.015967222238,86.5683631085819,24.1817089845298));
#13059=CARTESIAN_POINT('Ctrl Pts',(64.3737273649797,85.8666976158926,25.4688896108604));
#13060=CARTESIAN_POINT('Ctrl Pts',(63.5202983394302,85.4714267829785,26.5523077873031));
#13061=CARTESIAN_POINT('Ctrl Pts',(63.0283827958987,85.3808078398204,27.0513202603498));
#13062=CARTESIAN_POINT('Ctrl Pts',(65.7033015206919,88.9301647648145,22.3513612524591));
#13063=CARTESIAN_POINT('Ctrl Pts',(65.7159531872524,88.8655509849576,22.29845009832));
#13064=CARTESIAN_POINT('Ctrl Pts',(65.7379910813782,88.730977778596,22.202224390025));
#13065=CARTESIAN_POINT('Ctrl Pts',(65.7570743134503,88.5137420333608,22.1136783351627));
#13066=CARTESIAN_POINT('Ctrl Pts',(65.7574636148632,88.2933603899747,22.1117186939918));
#13067=CARTESIAN_POINT('Ctrl Pts',(65.7324467146531,88.0028600101725,22.2284203348111));
#13068=CARTESIAN_POINT('Ctrl Pts',(65.6673493891601,87.6802960027387,22.5068816566332));
#13069=CARTESIAN_POINT('Ctrl Pts',(65.5585843837468,87.3469123552296,22.899284540015));
#13070=CARTESIAN_POINT('Ctrl Pts',(65.4230494524886,87.0429998171544,23.3176073923903));
#13071=CARTESIAN_POINT('Ctrl Pts',(65.1017249450567,86.4849259743171,24.1742085858972));
#13072=CARTESIAN_POINT('Ctrl Pts',(64.4384632487693,85.7860091034737,25.4755783860774));
#13073=CARTESIAN_POINT('Ctrl Pts',(63.5645943715598,85.3953754805515,26.5689889715953));
#13074=CARTESIAN_POINT('Ctrl Pts',(63.0616184307746,85.3080052030657,27.0723374776267));
#13075=CARTESIAN_POINT('Ctrl Pts',(65.733286488861,88.9825756610402,22.2942460656302));
#13076=CARTESIAN_POINT('Ctrl Pts',(65.746423372115,88.9154550708542,22.2384881501696));
#13077=CARTESIAN_POINT('Ctrl Pts',(65.7695496009298,88.7742421930482,22.135894844091));
#13078=CARTESIAN_POINT('Ctrl Pts',(65.7908630111559,88.5339177177276,22.0345346982715));
#13079=CARTESIAN_POINT('Ctrl Pts',(65.7912645677811,88.274374699665,22.0324774735445));
#13080=CARTESIAN_POINT('Ctrl Pts',(65.7632449868736,87.9525592811088,22.1663155682643));
#13081=CARTESIAN_POINT('Ctrl Pts',(65.6958238818752,87.6213395988734,22.4584664693198));
#13082=CARTESIAN_POINT('Ctrl Pts',(65.5855490593618,87.2847279973905,22.8597904746748));
#13083=CARTESIAN_POINT('Ctrl Pts',(65.448862955925,86.9808131999517,23.2844712457623));
#13084=CARTESIAN_POINT('Ctrl Pts',(65.1253694872297,86.424323849074,24.1509297188969));
#13085=CARTESIAN_POINT('Ctrl Pts',(64.4580302873102,85.7304256354846,25.4632482808365));
#13086=CARTESIAN_POINT('Ctrl Pts',(63.5771080318579,85.3446772288714,26.5652094693006));
#13087=CARTESIAN_POINT('Ctrl Pts',(63.0697281033495,85.2601015981432,27.0724075203815));
#13088=CARTESIAN_POINT('Ctrl Pts',(65.7380068664289,89.,22.2740321610267));
#13089=CARTESIAN_POINT('Ctrl Pts',(65.7512432847276,88.9320446300801,22.2173503187516));
#13090=CARTESIAN_POINT('Ctrl Pts',(65.7746141104633,88.7886220827142,22.1126857195064));
#13091=CARTESIAN_POINT('Ctrl Pts',(65.7965318908669,88.540640977607,22.007126801165));
#13092=CARTESIAN_POINT('Ctrl Pts',(65.7969389072623,88.2681301265726,22.005039269128));
#13093=CARTESIAN_POINT('Ctrl Pts',(65.7681209835715,87.9359305960261,22.1444986721335));
#13094=CARTESIAN_POINT('Ctrl Pts',(65.7002552349417,87.6018161723522,22.4410859042921));
#13095=CARTESIAN_POINT('Ctrl Pts',(65.5898747898736,87.2641080529868,22.8452615753214));
#13096=CARTESIAN_POINT('Ctrl Pts',(65.4531765744158,86.9601734259521,23.2719570367846));
#13097=CARTESIAN_POINT('Ctrl Pts',(65.1297129382805,86.404178157778,24.1415549284816));
#13098=CARTESIAN_POINT('Ctrl Pts',(64.4620079568071,85.7119275718982,25.4574705395936));
#13099=CARTESIAN_POINT('Ctrl Pts',(63.5796359164855,85.3277820584365,26.5624997072444));
#13100=CARTESIAN_POINT('Ctrl Pts',(63.071067811873,85.2441364680911,27.0710678118579));
#13101=CARTESIAN_POINT('',(62.8965435521583,85.4413779388354,26.9296464556208));
#13102=CARTESIAN_POINT('',(63.0710678118693,85.2441364680911,27.0710678118617));
#13103=CARTESIAN_POINT('Origin',(62.9296464556356,85.2441364680911,26.9296464556208));
#13104=CARTESIAN_POINT('Ctrl Pts',(63.071067811873,85.2441364680911,27.0710678118579));
#13105=CARTESIAN_POINT('Ctrl Pts',(63.5796359164855,85.3277820584365,26.5624997072444));
#13106=CARTESIAN_POINT('Ctrl Pts',(64.4620079568071,85.7119275718982,25.4574705395936));
#13107=CARTESIAN_POINT('Ctrl Pts',(65.1297129382805,86.404178157778,24.1415549284816));
#13108=CARTESIAN_POINT('Ctrl Pts',(65.4531765744158,86.9601734259521,23.2719570367846));
#13109=CARTESIAN_POINT('Ctrl Pts',(65.5898747898736,87.2641080529868,22.8452615753214));
#13110=CARTESIAN_POINT('Ctrl Pts',(65.7002552349417,87.6018161723522,22.4410859042921));
#13111=CARTESIAN_POINT('Ctrl Pts',(65.7681209835715,87.9359305960261,22.1444986721335));
#13112=CARTESIAN_POINT('Ctrl Pts',(65.7969389072623,88.2681301265726,22.005039269128));
#13113=CARTESIAN_POINT('Ctrl Pts',(65.7965318908669,88.540640977607,22.007126801165));
#13114=CARTESIAN_POINT('Ctrl Pts',(65.7746141104633,88.7886220827142,22.1126857195064));
#13115=CARTESIAN_POINT('Ctrl Pts',(65.7512432847276,88.9320446300801,22.2173503187516));
#13116=CARTESIAN_POINT('Ctrl Pts',(65.7380068664289,89.,22.2740321610267));
#13117=CARTESIAN_POINT('',(65.3999199198097,88.4000974743957,21.9702387513991));
#13118=CARTESIAN_POINT('Ctrl Pts',(65.3467938085315,88.9625,22.2285515178061));
#13119=CARTESIAN_POINT('Ctrl Pts',(65.3589547678435,88.8987918407001,22.1730033123766));
#13120=CARTESIAN_POINT('Ctrl Pts',(65.3804267139882,88.7643332025444,22.0704320051162));
#13121=CARTESIAN_POINT('Ctrl Pts',(65.3973147304304,88.56936015181,21.9836747652501));
#13122=CARTESIAN_POINT('Ctrl Pts',(65.3999206186236,88.4430728172202,21.9702399979393));
#13123=CARTESIAN_POINT('Ctrl Pts',(65.3999199198097,88.4000974743958,21.9702387513991));
#13124=CARTESIAN_POINT('Ctrl Pts',(65.3999199198097,88.4000974743958,21.9702387513991));
#13125=CARTESIAN_POINT('Ctrl Pts',(65.3999192642622,88.3597829092196,21.9702375820373));
#13126=CARTESIAN_POINT('Ctrl Pts',(65.3975223355396,88.2361987159557,21.9825680185899));
#13127=CARTESIAN_POINT('Ctrl Pts',(65.3744611536563,87.9649349337745,22.1016086986908));
#13128=CARTESIAN_POINT('Ctrl Pts',(65.3121094971027,87.6517026615802,22.3922641862063));
#13129=CARTESIAN_POINT('Ctrl Pts',(65.2106974631964,87.3351012996751,22.788356343815));
#13130=CARTESIAN_POINT('Ctrl Pts',(65.0851059777445,87.0501625868301,23.2065178960489));
#13131=CARTESIAN_POINT('Ctrl Pts',(64.7879237620452,86.5289170229169,24.058723829912));
#13132=CARTESIAN_POINT('Ctrl Pts',(64.1744698103165,85.8799320986546,25.3483211288017));
#13133=CARTESIAN_POINT('Ctrl Pts',(63.3637904982711,85.5197956797843,26.4312497130995));
#13134=CARTESIAN_POINT('Ctrl Pts',(62.8965435521583,85.4413779388354,26.9296464556208));
#13135=CARTESIAN_POINT('Ctrl Pts',(62.8965435521567,85.4413779388351,26.9296464556226));
#13136=CARTESIAN_POINT('Ctrl Pts',(61.9098129452767,85.2757756042237,27.9821591029612));
#13137=CARTESIAN_POINT('Ctrl Pts',(60.8497087119972,85.6436149858692,29.1129369517927));
#13138=CARTESIAN_POINT('Ctrl Pts',(60.1776194878107,86.3848015335851,29.8298321242583));
#13139=CARTESIAN_POINT('Ctrl Pts',(62.9355102625446,85.4479176956516,26.9697107290019));
#13140=CARTESIAN_POINT('Ctrl Pts',(61.9468386499562,85.2682744889187,28.0154886187969));
#13141=CARTESIAN_POINT('Ctrl Pts',(60.8726948420439,85.6277549628924,29.1430715409364));
#13142=CARTESIAN_POINT('Ctrl Pts',(60.1903480002974,86.3707644059418,29.8580409179387));
#13143=CARTESIAN_POINT('Ctrl Pts',(63.0212477935285,85.4109370652938,27.049241825646));
#13144=CARTESIAN_POINT('Ctrl Pts',(62.0093950293399,85.2164047974325,28.0822358938131));
#13145=CARTESIAN_POINT('Ctrl Pts',(60.9044370117675,85.5751741984339,29.2032236374817));
#13146=CARTESIAN_POINT('Ctrl Pts',(60.202637085612,86.3307976591758,29.9144057211683));
#13147=CARTESIAN_POINT('Ctrl Pts',(63.0663788320386,85.3000144232731,27.0757567916923));
#13148=CARTESIAN_POINT('Ctrl Pts',(62.0237679415059,85.1171136022732,28.1179169383551));
#13149=CARTESIAN_POINT('Ctrl Pts',(60.8991301987659,85.4983416362743,29.2430804993023));
#13150=CARTESIAN_POINT('Ctrl Pts',(60.1856584766492,86.2772525803418,29.9564771470818));
#13151=CARTESIAN_POINT('Ctrl Pts',(63.0710678118711,85.2441364680908,27.0710678118599));
#13152=CARTESIAN_POINT('Ctrl Pts',(62.0185551645324,85.0674939778386,28.1235804591985));
#13153=CARTESIAN_POINT('Ctrl Pts',(60.887777315701,85.4598559849271,29.25435830803));
#13154=CARTESIAN_POINT('Ctrl Pts',(60.1708821432354,86.2504549691574,29.9712534804956));
#13155=CARTESIAN_POINT('',(60.1708821432354,86.2504549691574,29.9712534804956));
#13156=CARTESIAN_POINT('Origin',(62.5414213562373,88.4,27.6007142674937));
#13157=CARTESIAN_POINT('',(60.2055965753529,86.354402795196,29.7999898975466));
#13158=CARTESIAN_POINT('Origin',(62.4,88.4,27.4592929112563));
#13159=CARTESIAN_POINT('Ctrl Pts',(60.2055965753529,86.354402795196,29.7999898975466));
#13160=CARTESIAN_POINT('Ctrl Pts',(60.205663722733,86.3543306869098,29.8003111076686));
#13161=CARTESIAN_POINT('Ctrl Pts',(60.2057302906471,86.3542580449291,29.8006323159971));
#13162=CARTESIAN_POINT('Ctrl Pts',(60.2057962792632,86.3541848704828,29.8009535198186));
#13163=CARTESIAN_POINT('Ctrl Pts',(60.2085386705456,86.3511438465113,29.8143022852789));
#13164=CARTESIAN_POINT('Ctrl Pts',(60.2102769273273,86.3471937912663,29.8276089005512));
#13165=CARTESIAN_POINT('Ctrl Pts',(60.2110183216263,86.3424186124086,29.8406792984917));
#13166=CARTESIAN_POINT('Ctrl Pts',(60.2114683560364,86.3395200268607,29.8486131723224));
#13167=CARTESIAN_POINT('Ctrl Pts',(60.2115503905853,86.3363166309454,29.8564600218455));
#13168=CARTESIAN_POINT('Ctrl Pts',(60.2112589363262,86.3328215989343,29.8641739777099));
#13169=CARTESIAN_POINT('Ctrl Pts',(60.2108070356774,86.3274025419679,29.876134487981));
#13170=CARTESIAN_POINT('Ctrl Pts',(60.20946149672,86.3213128876803,29.8877110366213));
#13171=CARTESIAN_POINT('Ctrl Pts',(60.2072018160419,86.3146084437943,29.8987328136591));
#13172=CARTESIAN_POINT('Ctrl Pts',(60.2056604444035,86.3100352137102,29.9062509796973));
#13173=CARTESIAN_POINT('Ctrl Pts',(60.2036929378651,86.3051753620467,29.9135107100097));
#13174=CARTESIAN_POINT('Ctrl Pts',(60.2013124176951,86.3000563476189,29.9204647785152));
#13175=CARTESIAN_POINT('Ctrl Pts',(60.1977720487901,86.2924432218272,29.9308070424499));
#13176=CARTESIAN_POINT('Ctrl Pts',(60.1933488676397,86.2843191134681,29.9403903862516));
#13177=CARTESIAN_POINT('Ctrl Pts',(60.1880977029412,86.2757922348762,29.9490731869903));
#13178=CARTESIAN_POINT('Ctrl Pts',(60.1831025243359,86.2676810283234,29.9573327147284));
#13179=CARTESIAN_POINT('Ctrl Pts',(60.1773576595397,86.2592042994388,29.9647779641913));
#13180=CARTESIAN_POINT('Ctrl Pts',(60.1708821432354,86.2504549691574,29.9712534804956));
#13181=CARTESIAN_POINT('Origin',(62.4,88.4,29.8));
#13182=CARTESIAN_POINT('',(59.4532061914684,88.9625,29.8));
#13183=CARTESIAN_POINT('Origin',(62.4,88.4,29.8));
#13184=CARTESIAN_POINT('Origin',(59.2567532708997,89.,29.8));
#13185=CARTESIAN_POINT('Ctrl Pts',(60.1421356237309,86.1323914671233,30.));
#13186=CARTESIAN_POINT('Ctrl Pts',(60.1421356237309,86.1500771777413,30.));
#13187=CARTESIAN_POINT('Ctrl Pts',(60.1436371295796,86.1711935325135,29.9984984941514));
#13188=CARTESIAN_POINT('Ctrl Pts',(60.1490899146205,86.2012758298085,29.9930457091105));
#13189=CARTESIAN_POINT('Ctrl Pts',(60.1532104054545,86.2162232048289,29.9889252182765));
#13190=CARTESIAN_POINT('Ctrl Pts',(60.1614074603312,86.2354601447099,29.9807281633998));
#13191=CARTESIAN_POINT('Ctrl Pts',(60.1659767058654,86.2438270356138,29.9761589178656));
#13192=CARTESIAN_POINT('Ctrl Pts',(60.1708821432354,86.2504549691574,29.9712534804956));
#13193=CARTESIAN_POINT('Ctrl Pts',(59.4532061914684,88.9625,29.8));
#13194=CARTESIAN_POINT('Ctrl Pts',(59.5534089552958,89.4874366827452,29.8));
#13195=CARTESIAN_POINT('Ctrl Pts',(59.7978086710969,89.9692693954366,29.6269003395045));
#13196=CARTESIAN_POINT('Ctrl Pts',(60.1103807464084,90.3384642564625,29.384506401682));
#13197=CARTESIAN_POINT('Ctrl Pts',(59.4532061914684,88.9625,29.8523598775598));
#13198=CARTESIAN_POINT('Ctrl Pts',(59.5553672484064,89.4974884200464,29.8536282049406));
#13199=CARTESIAN_POINT('Ctrl Pts',(59.8069226430896,89.9873135561667,29.6820281832502));
#13200=CARTESIAN_POINT('Ctrl Pts',(60.1279302392511,90.3591928598244,29.4423224801048));
#13201=CARTESIAN_POINT('Ctrl Pts',(59.4197674283513,88.9688829726393,29.9341032137135));
#13202=CARTESIAN_POINT('Ctrl Pts',(59.5243666662059,89.5259787424036,29.9372484657363));
#13203=CARTESIAN_POINT('Ctrl Pts',(59.7841099195687,90.0357333422856,29.7682706609091));
#13204=CARTESIAN_POINT('Ctrl Pts',(60.1155572492399,90.4247888138033,29.5318747216848));
#13205=CARTESIAN_POINT('Ctrl Pts',(59.3300543502401,88.9860078920318,29.991072483588));
#13206=CARTESIAN_POINT('Ctrl Pts',(59.4361888922607,89.5707483331773,29.9934500982325));
#13207=CARTESIAN_POINT('Ctrl Pts',(59.6973717254724,90.1074596713333,29.8178544860241));
#13208=CARTESIAN_POINT('Ctrl Pts',(60.0314298161812,90.5203346252118,29.5713878604634));
#13209=CARTESIAN_POINT('Ctrl Pts',(59.2787952370438,88.9957925098389,30.));
#13210=CARTESIAN_POINT('Ctrl Pts',(59.3854580241824,89.59168341647,30.0008412203632));
#13211=CARTESIAN_POINT('Ctrl Pts',(59.6463113225564,90.1388121525996,29.8187087794152));
#13212=CARTESIAN_POINT('Ctrl Pts',(59.9799456194189,90.5588957763768,29.5632206886315));
#13213=CARTESIAN_POINT('Ctrl Pts',(59.2567532708997,89.,30.));
#13214=CARTESIAN_POINT('Ctrl Pts',(59.3636362189821,89.5999276374229,30.));
#13215=CARTESIAN_POINT('Ctrl Pts',(59.62432924917,90.1505935947846,29.8145360780405));
#13216=CARTESIAN_POINT('Ctrl Pts',(59.9577394628356,90.5725305788142,29.5548282875164));
#13217=CARTESIAN_POINT('Ctrl Pts',(59.4532061914684,88.9625,29.8));
#13218=CARTESIAN_POINT('Ctrl Pts',(59.5479092722226,89.4586252480271,29.8));
#13219=CARTESIAN_POINT('Ctrl Pts',(59.7714150312051,89.9162482481966,29.6453802277575));
#13220=CARTESIAN_POINT('Ctrl Pts',(60.0595423441439,90.2766674336569,29.4237747761546));
#13221=CARTESIAN_POINT('Ctrl Pts',(60.0082360878197,90.4775429276034,29.5834689461061));
#13222=CARTESIAN_POINT('Ctrl Pts',(60.0062187485588,90.4795676335777,29.5838686858527));
#13223=CARTESIAN_POINT('Ctrl Pts',(60.0042414340539,90.4816685032069,29.5841639769468));
#13224=CARTESIAN_POINT('Ctrl Pts',(60.0023056534568,90.4838441876423,29.5843528500969));
#13225=CARTESIAN_POINT('Ctrl Pts',(60.0001628625092,90.4862525374936,29.5845619211439));
#13226=CARTESIAN_POINT('Ctrl Pts',(59.99809990278,90.4887193769599,29.5846379327877));
#13227=CARTESIAN_POINT('Ctrl Pts',(59.9961150299833,90.4912357203789,29.5845884615669));
#13228=CARTESIAN_POINT('Ctrl Pts',(59.9901821205602,90.4987572288645,29.5844405889815));
#13229=CARTESIAN_POINT('Ctrl Pts',(59.9849488001523,90.506721231286,29.5831718956286));
#13230=CARTESIAN_POINT('Ctrl Pts',(59.9803454970246,90.5149102410111,29.5810165085879));
#13231=CARTESIAN_POINT('Ctrl Pts',(59.9736680192088,90.5267890874078,29.5778899386556));
#13232=CARTESIAN_POINT('Ctrl Pts',(59.9680164777873,90.539673261959,29.5727603165234));
#13233=CARTESIAN_POINT('Ctrl Pts',(59.9634160997721,90.553299785465,29.5657268871235));
#13234=CARTESIAN_POINT('Ctrl Pts',(59.9613014581884,90.5595634475279,29.5624938523084));
#13235=CARTESIAN_POINT('Ctrl Pts',(59.9594087135691,90.5659833144388,29.5588582152765));
#13236=CARTESIAN_POINT('Ctrl Pts',(59.9577394628356,90.5725305788142,29.5548282875164));
#13237=CARTESIAN_POINT('Origin',(60.142135623731,0.,30.));
#13238=CARTESIAN_POINT('',(63.0710678118655,0.,27.0710678118655));
#13239=CARTESIAN_POINT('Origin',(53.4852813742386,89.,32.4142135623731));
#13240=CARTESIAN_POINT('Origin',(58.3708012536065,89.,27.5286936830052));
#13241=CARTESIAN_POINT('Origin',(62.4,88.4,30.));
#13242=CARTESIAN_POINT('',(65.4,88.4,30.));
#13243=CARTESIAN_POINT('Origin',(11.0502525316941,3.,30.9497474683058));
#13244=CARTESIAN_POINT('',(6.35281928654138,0.603813248318264,28.8050731428574));
#13245=CARTESIAN_POINT('Origin',(7.62919874639354,3.,27.5286936830052));
#13246=CARTESIAN_POINT('Origin',(7.10050506338834,3.,27.));
#13247=CARTESIAN_POINT('Ctrl Pts',(5.85851212823287,1.34792923864214,29.2993803011659));
#13248=CARTESIAN_POINT('Ctrl Pts',(5.84867464974401,1.33240001745946,29.2750538826244));
#13249=CARTESIAN_POINT('Ctrl Pts',(5.82616774007142,1.29768770749048,29.2216720014531));
#13250=CARTESIAN_POINT('Ctrl Pts',(5.77556885222734,1.23248245950935,29.1196814722838));
#13251=CARTESIAN_POINT('Ctrl Pts',(5.6600192078368,1.10130771697028,28.9089646098874));
#13252=CARTESIAN_POINT('Ctrl Pts',(5.28798795839739,0.838510581826623,28.3942355630826));
#13253=CARTESIAN_POINT('Ctrl Pts',(4.47043267825973,0.643726296505256,27.5296017064113));
#13254=CARTESIAN_POINT('Ctrl Pts',(3.83367839746385,0.670817063080296,26.8973411340076));
#13255=CARTESIAN_POINT('Ctrl Pts',(3.52416181454802,0.723973739418563,26.6035166917556));
#13256=CARTESIAN_POINT('Ctrl Pts',(6.24308251375075,0.523565474928176,28.914809915648));
#13257=CARTESIAN_POINT('Ctrl Pts',(6.22608823257023,0.516746459088259,28.8807273665766));
#13258=CARTESIAN_POINT('Ctrl Pts',(6.18914589256426,0.501360718740139,28.8087324653179));
#13259=CARTESIAN_POINT('Ctrl Pts',(6.11872970924053,0.472892457042143,28.6831337838997));
#13260=CARTESIAN_POINT('Ctrl Pts',(5.97487751264788,0.416566160347258,28.4404111243705));
#13261=CARTESIAN_POINT('Ctrl Pts',(5.58953177964452,0.307898190961283,27.9213324798806));
#13262=CARTESIAN_POINT('Ctrl Pts',(4.81749238965763,0.233347230853551,27.1291809169421));
#13263=CARTESIAN_POINT('Ctrl Pts',(4.23319722466477,0.241251439944844,26.5473062866944));
#13264=CARTESIAN_POINT('Ctrl Pts',(3.94747732759688,0.261744342680709,26.2710036018436));
#13265=CARTESIAN_POINT('Ctrl Pts',(6.93085628822585,-1.64140988974499E-15,
28.2270361411729));
#13266=CARTESIAN_POINT('Ctrl Pts',(6.89450516929458,0.000185120096907771,
28.1817662240354));
#13267=CARTESIAN_POINT('Ctrl Pts',(6.81839992754699,0.000382222244230446,
28.0910880311037));
#13268=CARTESIAN_POINT('Ctrl Pts',(6.69185277112667,0.000703348417616394,
27.9514318547671));
#13269=CARTESIAN_POINT('Ctrl Pts',(6.46171044576699,0.00171488325390549,
27.7094973996537));
#13270=CARTESIAN_POINT('Ctrl Pts',(6.0020232662828,0.00235642760892216,
27.2766760665866));
#13271=CARTESIAN_POINT('Ctrl Pts',(5.2581756851725,0.00285419073253735,
26.6243872882044));
#13272=CARTESIAN_POINT('Ctrl Pts',(4.74473535644092,0.00032507330210899,
26.0978607398226));
#13273=CARTESIAN_POINT('Ctrl Pts',(4.50314304802516,0.,25.83452981347));
#13274=CARTESIAN_POINT('Ctrl Pts',(7.62919874639354,-1.66533453693773E-15,
27.5286936830052));
#13275=CARTESIAN_POINT('Ctrl Pts',(7.57284728144895,-1.61563310651649E-15,
27.4723422180606));
#13276=CARTESIAN_POINT('Ctrl Pts',(7.45632695256664,-1.42414308988531E-15,
27.3633088634382));
#13277=CARTESIAN_POINT('Ctrl Pts',(7.27185569000629,-1.29453377584062E-15,
27.2105164266379));
#13278=CARTESIAN_POINT('Ctrl Pts',(6.9525682844222,-1.31847728641537E-15,
26.9717428401614));
#13279=CARTESIAN_POINT('Ctrl Pts',(6.41601984526456,-7.82800662205145E-16,
26.629280027796));
#13280=CARTESIAN_POINT('Ctrl Pts',(5.69975477293717,-5.19707241610204E-16,
26.1185371303771));
#13281=CARTESIAN_POINT('Ctrl Pts',(5.25796498407971,7.07617740006099E-17,
25.6468612192259));
#13282=CARTESIAN_POINT('Ctrl Pts',(5.0611096062942,0.,25.3962487237426));
#13283=CARTESIAN_POINT('',(5.0611096062942,0.,25.3962487237426));
#13284=CARTESIAN_POINT('Origin',(5.0611096062942,3.,25.3962487237426));
#13285=CARTESIAN_POINT('',(6.98241161309042,0.,27.0000000000006));
#13286=CARTESIAN_POINT('Ctrl Pts',(5.0611096062942,0.,25.3962487237426));
#13287=CARTESIAN_POINT('Ctrl Pts',(5.25796498407971,7.07617740006099E-17,
25.6468612192259));
#13288=CARTESIAN_POINT('Ctrl Pts',(5.69975477293717,-5.19707241610204E-16,
26.1185371303771));
#13289=CARTESIAN_POINT('Ctrl Pts',(6.38365824797249,-7.70913829164662E-16,
26.6062041350789));
#13290=CARTESIAN_POINT('Ctrl Pts',(6.81890367404373,-1.18647981176422E-15,
26.8862568700781));
#13291=CARTESIAN_POINT('Ctrl Pts',(6.98252313294102,-1.25905311575187E-15,
26.9999764770561));
#13292=CARTESIAN_POINT('Ctrl Pts',(6.35281928654138,0.603813248318269,28.8050731428574));
#13293=CARTESIAN_POINT('Ctrl Pts',(6.49115778614528,0.35222353034765,28.4710944609153));
#13294=CARTESIAN_POINT('Ctrl Pts',(6.6277363636434,0.172969376087345,28.0878411919599));
#13295=CARTESIAN_POINT('Ctrl Pts',(6.83624903929285,0.0271282170203342,
27.4609870696975));
#13296=CARTESIAN_POINT('Ctrl Pts',(6.9081175422017,0.000884945398081017,
27.236811512228));
#13297=CARTESIAN_POINT('Ctrl Pts',(6.98000984776871,7.3341959586998E-6,
27.0076597376373));
#13298=CARTESIAN_POINT('Ctrl Pts',(6.98121093205106,2.22036060974734E-15,
27.0038299336572));
#13299=CARTESIAN_POINT('Ctrl Pts',(6.98241161308886,2.22044604925031E-15,
27.));
#13300=CARTESIAN_POINT('Ctrl Pts',(4.08965908203702,0.26613721603683,26.1593202520947));
#13301=CARTESIAN_POINT('Ctrl Pts',(3.80876104911527,0.29016811663571,25.8878105065015));
#13302=CARTESIAN_POINT('Ctrl Pts',(3.29099466129076,0.378069924361119,25.3063575242527));
#13303=CARTESIAN_POINT('Ctrl Pts',(2.94436023098673,0.476385959283827,24.9613408525548));
#13304=CARTESIAN_POINT('Ctrl Pts',(2.79631467072939,0.508401145455464,24.826134223452));
#13305=CARTESIAN_POINT('Ctrl Pts',(4.39379730843635,0.0913834618643547,
25.9204205701718));
#13306=CARTESIAN_POINT('Ctrl Pts',(4.15099344742607,0.099829966761328,25.6742385314676));
#13307=CARTESIAN_POINT('Ctrl Pts',(3.69777873470237,0.131144671317399,25.1191878783452));
#13308=CARTESIAN_POINT('Ctrl Pts',(3.36627760863106,0.167566276917524,24.7267906558713));
#13309=CARTESIAN_POINT('Ctrl Pts',(3.20391809591178,0.17938119401532,24.5530588807683));
#13310=CARTESIAN_POINT('Ctrl Pts',(4.72736400481405,-1.58680549558483E-15,
25.658404911673));
#13311=CARTESIAN_POINT('Ctrl Pts',(4.52926362398096,-5.17065034474876E-5,
25.4377187759623));
#13312=CARTESIAN_POINT('Ctrl Pts',(4.16072931117805,6.68215184577682E-6,
24.9058527399506));
#13313=CARTESIAN_POINT('Ctrl Pts',(3.86705730553306,0.000133723757123783,
24.4491607076442));
#13314=CARTESIAN_POINT('Ctrl Pts',(3.69371178453046,7.44313887143627E-16,
24.2249198831532));
#13315=CARTESIAN_POINT('Ctrl Pts',(5.0611096062942,-1.66533453693773E-15,
25.3962487237426));
#13316=CARTESIAN_POINT('Ctrl Pts',(4.90777747096084,-1.36334787412819E-15,
25.2010447648467));
#13317=CARTESIAN_POINT('Ctrl Pts',(4.62412223479452,-3.57184463375052E-15,
24.6923227392494));
#13318=CARTESIAN_POINT('Ctrl Pts',(4.36869711789057,5.78473777677876E-16,
24.1710869342567));
#13319=CARTESIAN_POINT('Ctrl Pts',(4.18448511801343,5.55111512312578E-16,
23.8961245690292));
#13320=CARTESIAN_POINT('Ctrl Pts',(4.18448511801343,5.55111512312578E-16,
23.8961245690292));
#13321=CARTESIAN_POINT('Ctrl Pts',(4.36869711789057,5.78473777677876E-16,
24.1710869342567));
#13322=CARTESIAN_POINT('Ctrl Pts',(4.62412223479452,-3.57184463375052E-15,
24.6923227392494));
#13323=CARTESIAN_POINT('Ctrl Pts',(4.90777747096084,-1.36334787412819E-15,
25.2010447648467));
#13324=CARTESIAN_POINT('Ctrl Pts',(5.0611096062942,-1.66533453693773E-15,
25.3962487237426));
#13325=CARTESIAN_POINT('Ctrl Pts',(60.1414878717671,90.6520707613579,29.2993803011658));
#13326=CARTESIAN_POINT('Ctrl Pts',(60.151325350256,90.6675999825405,29.2750538826244));
#13327=CARTESIAN_POINT('Ctrl Pts',(60.1738334506256,90.7023154475754,29.2216658204856));
#13328=CARTESIAN_POINT('Ctrl Pts',(60.2244308742209,90.767524964172,29.1196684603462));
#13329=CARTESIAN_POINT('Ctrl Pts',(60.3399921459965,90.8987079765856,28.908930767766));
#13330=CARTESIAN_POINT('Ctrl Pts',(60.7120235785404,91.1615107476123,28.3941886773877));
#13331=CARTESIAN_POINT('Ctrl Pts',(61.529620132575,91.356318240496,27.5294871053892));
#13332=CARTESIAN_POINT('Ctrl Pts',(62.166321602536,91.3291829369198,26.8973411340077));
#13333=CARTESIAN_POINT('Ctrl Pts',(62.4758381854519,91.2760262605815,26.6035166917556));
#13334=CARTESIAN_POINT('Ctrl Pts',(59.7569174862492,91.4764345250718,28.914809915648));
#13335=CARTESIAN_POINT('Ctrl Pts',(59.7739117674298,91.4832535409117,28.8807273665766));
#13336=CARTESIAN_POINT('Ctrl Pts',(59.8108234277464,91.4986017629464,28.8087111053162));
#13337=CARTESIAN_POINT('Ctrl Pts',(59.8811967403423,91.5270170159025,28.6830812941043));
#13338=CARTESIAN_POINT('Ctrl Pts',(60.0249934592172,91.5832605042121,28.4403037054532));
#13339=CARTESIAN_POINT('Ctrl Pts',(60.410286366203,91.6918401258293,27.9211657892704));
#13340=CARTESIAN_POINT('Ctrl Pts',(61.1822840514633,91.7662716895387,27.1288977366029));
#13341=CARTESIAN_POINT('Ctrl Pts',(61.7668027753351,91.7587485600552,26.5473062866944));
#13342=CARTESIAN_POINT('Ctrl Pts',(62.0525226724031,91.7382556573193,26.2710036018436));
#13343=CARTESIAN_POINT('Ctrl Pts',(59.0691437117741,92.,28.2270361411729));
#13344=CARTESIAN_POINT('Ctrl Pts',(59.1054948307054,91.9998148799031,28.1817662240354));
#13345=CARTESIAN_POINT('Ctrl Pts',(59.1815743670055,91.9995736607985,28.0910743005099));
#13346=CARTESIAN_POINT('Ctrl Pts',(59.308086158261,91.9991903194569,27.9513975133709));
#13347=CARTESIAN_POINT('Ctrl Pts',(59.5381782081646,91.9980816919178,27.7094290778406));
#13348=CARTESIAN_POINT('Ctrl Pts',(59.9978198209949,91.9973387080365,27.2765675002655));
#13349=CARTESIAN_POINT('Ctrl Pts',(60.7416082369277,91.9966995925181,26.6242121292707));
#13350=CARTESIAN_POINT('Ctrl Pts',(61.255264643559,91.9996749266979,26.0978607398226));
#13351=CARTESIAN_POINT('Ctrl Pts',(61.4968569519748,92.,25.83452981347));
#13352=CARTESIAN_POINT('Ctrl Pts',(58.3708012536065,92.,27.5286936830052));
#13353=CARTESIAN_POINT('Ctrl Pts',(58.4271527185511,92.,27.4723422180606));
#13354=CARTESIAN_POINT('Ctrl Pts',(58.5436667761089,92.,27.3633105954796));
#13355=CARTESIAN_POINT('Ctrl Pts',(58.7281291190809,92.,27.2105200854327));
#13356=CARTESIAN_POINT('Ctrl Pts',(59.0474006455836,92.,26.9717520431876));
#13357=CARTESIAN_POINT('Ctrl Pts',(59.5839341241619,92.,26.6292906546418));
#13358=CARTESIAN_POINT('Ctrl Pts',(60.3001520541832,92.,26.1185601522966));
#13359=CARTESIAN_POINT('Ctrl Pts',(60.7420350159203,92.,25.6468612192259));
#13360=CARTESIAN_POINT('Ctrl Pts',(60.9388903937058,92.,25.3962487237426));
#13361=CARTESIAN_POINT('',(60.9388903937058,92.,25.3962487237426));
#13362=CARTESIAN_POINT('Origin',(60.9388903937058,89.,25.3962487237426));
#13363=CARTESIAN_POINT('Ctrl Pts',(60.9388903937058,92.,25.3962487237426));
#13364=CARTESIAN_POINT('Ctrl Pts',(60.7420350159203,92.,25.6468612192259));
#13365=CARTESIAN_POINT('Ctrl Pts',(60.3001520541832,92.,26.1185601522966));
#13366=CARTESIAN_POINT('Ctrl Pts',(59.6162935915158,92.,26.606215321947));
#13367=CARTESIAN_POINT('Ctrl Pts',(59.1810614418338,92.,26.8862664614691));
#13368=CARTESIAN_POINT('Ctrl Pts',(59.0174484411924,92.,26.9999843785838));
#13369=CARTESIAN_POINT('Ctrl Pts',(61.910340917963,91.7338627839632,26.1593202520947));
#13370=CARTESIAN_POINT('Ctrl Pts',(62.2848717860549,91.701821569688,25.797307105706));
#13371=CARTESIAN_POINT('Ctrl Pts',(62.7647923201041,91.6030193307922,25.2385773449722));
#13372=CARTESIAN_POINT('Ctrl Pts',(63.0926511123755,91.5156102542729,24.9275392379306));
#13373=CARTESIAN_POINT('Ctrl Pts',(63.2036853292706,91.4915988545445,24.826134223452));
#13374=CARTESIAN_POINT('Ctrl Pts',(61.6062026915637,91.9086165381356,25.9204205701718));
#13375=CARTESIAN_POINT('Ctrl Pts',(61.9299413090767,91.8973545268695,25.592177713839));
#13376=CARTESIAN_POINT('Ctrl Pts',(62.3517778170132,91.8618247182775,25.0482921167026));
#13377=CARTESIAN_POINT('Ctrl Pts',(62.6743122183314,91.8294799975352,24.6833577668999));
#13378=CARTESIAN_POINT('Ctrl Pts',(62.7960819040882,91.8206188059847,24.5530588807683));
#13379=CARTESIAN_POINT('Ctrl Pts',(61.272635995186,92.,25.658404911673));
#13380=CARTESIAN_POINT('Ctrl Pts',(61.5367699473927,92.0000689420336,25.3641566069632));
#13381=CARTESIAN_POINT('Ctrl Pts',(61.877991904154,91.999822752726,24.8303920374278));
#13382=CARTESIAN_POINT('Ctrl Pts',(62.1762790200349,91.99989970714,24.393100572259));
#13383=CARTESIAN_POINT('Ctrl Pts',(62.3062882154696,92.,24.2249198831532));
#13384=CARTESIAN_POINT('Ctrl Pts',(60.9388903937058,92.,25.3962487237426));
#13385=CARTESIAN_POINT('Ctrl Pts',(61.1433333268065,92.,25.1359766690765));
#13386=CARTESIAN_POINT('Ctrl Pts',(61.4037176148902,92.,24.6122957241347));
#13387=CARTESIAN_POINT('Ctrl Pts',(61.6773558239684,92.,24.1023464296876));
#13388=CARTESIAN_POINT('Ctrl Pts',(61.8155148819866,92.,23.8961245690292));
#13389=CARTESIAN_POINT('',(61.8155148819866,92.,23.8961245690292));
#13390=CARTESIAN_POINT('Origin',(61.8155148819866,89.,23.8961245690292));
#13391=CARTESIAN_POINT('Ctrl Pts',(61.8155148819866,92.,23.8961245690292));
#13392=CARTESIAN_POINT('Ctrl Pts',(61.6773558239684,92.,24.1023464296876));
#13393=CARTESIAN_POINT('Ctrl Pts',(61.4037176148902,92.,24.6122957241347));
#13394=CARTESIAN_POINT('Ctrl Pts',(61.1433333268065,92.,25.1359766690765));
#13395=CARTESIAN_POINT('Ctrl Pts',(60.9388903937058,92.,25.3962487237426));
#13396=CARTESIAN_POINT('Origin',(56.,89.,20.));
#13397=CARTESIAN_POINT('',(66.,89.,20.));
#13398=CARTESIAN_POINT('Origin',(56.,89.,20.));
#13399=CARTESIAN_POINT('',(63.,92.,20.));
#13400=CARTESIAN_POINT('Origin',(63.,89.,20.));
#13401=CARTESIAN_POINT('Origin',(56.,92.,20.));
#13402=CARTESIAN_POINT('Ctrl Pts',(2.79631467071915,91.4915988545423,24.8261342234426));
#13403=CARTESIAN_POINT('Ctrl Pts',(2.94440264581301,91.5236232130176,24.9613795890462));
#13404=CARTESIAN_POINT('Ctrl Pts',(3.2920469148417,91.6221963790896,25.3075383351488));
#13405=CARTESIAN_POINT('Ctrl Pts',(3.80884537041033,91.7098390970733,25.8878920095763));
#13406=CARTESIAN_POINT('Ctrl Pts',(4.08965908203704,91.7338627839632,26.1593202520947));
#13407=CARTESIAN_POINT('Ctrl Pts',(3.20391809590055,91.8206188059839,24.5530588807562));
#13408=CARTESIAN_POINT('Ctrl Pts',(3.36632412438374,91.832437108038,24.7268404297588));
#13409=CARTESIAN_POINT('Ctrl Pts',(3.69873127691479,91.868950085231,25.1203959564204));
#13410=CARTESIAN_POINT('Ctrl Pts',(4.1510663334331,91.9001725687503,25.6743124315519));
#13411=CARTESIAN_POINT('Ctrl Pts',(4.39379730843636,91.9086165381356,25.9204205701718));
#13412=CARTESIAN_POINT('Ctrl Pts',(3.69371178451846,92.,24.2249198831376));
#13413=CARTESIAN_POINT('Ctrl Pts',(3.86710696876153,91.9998662379312,24.4492249522979));
#13414=CARTESIAN_POINT('Ctrl Pts',(4.16152064201465,91.9999915548841,24.9071142229681));
#13415=CARTESIAN_POINT('Ctrl Pts',(4.52932309068666,92.000051690982,25.4377850225663));
#13416=CARTESIAN_POINT('Ctrl Pts',(4.72736400481406,92.,25.658404911673));
#13417=CARTESIAN_POINT('Ctrl Pts',(4.18448511800067,92.,23.8961245690101));
#13418=CARTESIAN_POINT('Ctrl Pts',(4.36874989434983,92.,24.171165710555));
#13419=CARTESIAN_POINT('Ctrl Pts',(4.62475123050855,92.,24.6936386298749));
#13420=CARTESIAN_POINT('Ctrl Pts',(4.90782349892364,92.,25.2011033620908));
#13421=CARTESIAN_POINT('Ctrl Pts',(5.06110960629421,92.,25.3962487237426));
#13422=CARTESIAN_POINT('',(5.0611096062942,92.,25.3962487237426));
#13423=CARTESIAN_POINT('Origin',(5.0611096062942,89.,25.3962487237426));
#13424=CARTESIAN_POINT('',(4.18448511801343,92.,23.8961245690292));
#13425=CARTESIAN_POINT('Ctrl Pts',(5.06110960629421,92.,25.3962487237426));
#13426=CARTESIAN_POINT('Ctrl Pts',(4.90782349892364,92.,25.2011033620908));
#13427=CARTESIAN_POINT('Ctrl Pts',(4.62475123050855,92.,24.6936386298749));
#13428=CARTESIAN_POINT('Ctrl Pts',(4.36874989434983,92.,24.171165710555));
#13429=CARTESIAN_POINT('Ctrl Pts',(4.18448511800067,92.,23.8961245690101));
#13430=CARTESIAN_POINT('Origin',(4.18448511801343,89.,23.8961245690292));
#13431=CARTESIAN_POINT('Ctrl Pts',(3.52391330679276,91.2757548702781,26.6037118938661));
#13432=CARTESIAN_POINT('Ctrl Pts',(3.98902976370706,91.3556593380295,27.0452428059097));
#13433=CARTESIAN_POINT('Ctrl Pts',(4.81261864937601,91.3418855332319,27.8608127901152));
#13434=CARTESIAN_POINT('Ctrl Pts',(5.50277599314811,91.0275370802052,28.6729596627598));
#13435=CARTESIAN_POINT('Ctrl Pts',(5.70453048991759,90.8459081843612,28.9921804813098));
#13436=CARTESIAN_POINT('Ctrl Pts',(5.80066765181352,90.7418932608485,29.1621190329843));
#13437=CARTESIAN_POINT('Ctrl Pts',(5.83862525244436,90.6826469903601,29.2509775439826));
#13438=CARTESIAN_POINT('Ctrl Pts',(5.85828638545138,90.6515867581585,29.2996060439474));
#13439=CARTESIAN_POINT('Ctrl Pts',(3.94726117524981,91.7381494752333,26.2711733888762));
#13440=CARTESIAN_POINT('Ctrl Pts',(4.37662409405531,91.7689558654358,26.686367552932));
#13441=CARTESIAN_POINT('Ctrl Pts',(5.13129447389941,91.7617905506399,27.423752281575));
#13442=CARTESIAN_POINT('Ctrl Pts',(5.80628374728136,91.6375680741451,28.1943578322244));
#13443=CARTESIAN_POINT('Ctrl Pts',(6.03101029673475,91.5608347134577,28.5368693533478));
#13444=CARTESIAN_POINT('Ctrl Pts',(6.14900563529933,91.5166880742687,28.7315148563372));
#13445=CARTESIAN_POINT('Ctrl Pts',(6.20885460826542,91.4898571906704,28.8469348972195));
#13446=CARTESIAN_POINT('Ctrl Pts',(6.24281934087735,91.4762169637346,28.9150730885214));
#13447=CARTESIAN_POINT('Ctrl Pts',(4.50303385659098,92.,25.8346155830203));
#13448=CARTESIAN_POINT('Ctrl Pts',(4.86607601256261,91.9995111612196,26.2303136750735));
#13449=CARTESIAN_POINT('Ctrl Pts',(5.53756202019486,91.9963236603744,26.8772457164401));
#13450=CARTESIAN_POINT('Ctrl Pts',(6.24561706297843,91.9978101300352,27.4967541041019));
#13451=CARTESIAN_POINT('Ctrl Pts',(6.55308597902068,91.9988176744666,27.8058637748253));
#13452=CARTESIAN_POINT('Ctrl Pts',(6.73869893851633,91.9999795088244,27.9995450565061));
#13453=CARTESIAN_POINT('Ctrl Pts',(6.85804471067473,91.9996295917867,28.1366613121934));
#13454=CARTESIAN_POINT('Ctrl Pts',(6.93071962588754,92.,28.2271728035112));
#13455=CARTESIAN_POINT('Ctrl Pts',(5.0611096062942,92.,25.3962487237426));
#13456=CARTESIAN_POINT('Ctrl Pts',(5.35691448457548,92.,25.7728317744885));
#13457=CARTESIAN_POINT('Ctrl Pts',(5.94436761864441,92.0000000000001,26.3300930036053));
#13458=CARTESIAN_POINT('Ctrl Pts',(6.68736256441314,92.,26.7945319597262));
#13459=CARTESIAN_POINT('Ctrl Pts',(7.08036439011529,92.,27.0670087041822));
#13460=CARTESIAN_POINT('Ctrl Pts',(7.33592381261398,92.,27.2578341750214));
#13461=CARTESIAN_POINT('Ctrl Pts',(7.516525738597,92.,27.4160206752087));
#13462=CARTESIAN_POINT('Ctrl Pts',(7.62919874639354,92.,27.5286936830052));
#13463=CARTESIAN_POINT('Ctrl Pts',(6.98254664913825,92.,26.9995196652256));
#13464=CARTESIAN_POINT('Ctrl Pts',(6.94965301986408,92.,26.9766113550126));
#13465=CARTESIAN_POINT('Ctrl Pts',(6.65379128724528,92.,26.7735468789901));
#13466=CARTESIAN_POINT('Ctrl Pts',(5.94436761864441,92.0000000000001,26.3300930036053));
#13467=CARTESIAN_POINT('Ctrl Pts',(5.35691448457548,92.,25.7728317744885));
#13468=CARTESIAN_POINT('Ctrl Pts',(5.0611096062942,92.,25.3962487237426));
#13469=CARTESIAN_POINT('Origin',(56.,0.,20.));
#13470=CARTESIAN_POINT('',(66.,0.,20.));
#13471=CARTESIAN_POINT('Origin',(19.4289321881345,3.,27.));
#13472=CARTESIAN_POINT('',(19.4289321881345,0.,27.));
#13473=CARTESIAN_POINT('Origin',(63.,3.,20.5));
#13474=CARTESIAN_POINT('',(63.,0.,12.));
#13475=CARTESIAN_POINT('',(66.,3.,12.));
#13476=CARTESIAN_POINT('Origin',(63.,3.,12.));
#13477=CARTESIAN_POINT('',(66.,3.,20.5));
#13478=CARTESIAN_POINT('',(63.,0.,20.5));
#13479=CARTESIAN_POINT('Origin',(33.,0.,21.));
#13480=CARTESIAN_POINT('',(3.,0.,12.));
#13481=CARTESIAN_POINT('',(3.,0.,16.5));
#13482=CARTESIAN_POINT('',(9.,0.,12.));
#13483=CARTESIAN_POINT('',(1.23259516440783E-32,0.,12.));
#13484=CARTESIAN_POINT('',(9.,0.,15.5));
#13485=CARTESIAN_POINT('',(9.,0.,8.5));
#13486=CARTESIAN_POINT('',(19.,0.,25.5));
#13487=CARTESIAN_POINT('Origin',(19.,0.,15.5));
#13488=CARTESIAN_POINT('',(47.,0.,25.5));
#13489=CARTESIAN_POINT('',(19.,0.,25.5));
#13490=CARTESIAN_POINT('',(57.,0.,15.5));
#13491=CARTESIAN_POINT('Origin',(47.,0.,15.5));
#13492=CARTESIAN_POINT('',(57.,0.,12.));
#13493=CARTESIAN_POINT('',(57.,0.,15.5));
#13494=CARTESIAN_POINT('',(1.23259516440783E-32,0.,12.));
#13495=CARTESIAN_POINT('Origin',(3.,3.,16.5));
#13496=CARTESIAN_POINT('',(1.23259516440783E-32,3.,12.));
#13497=CARTESIAN_POINT('Origin',(3.,3.,12.));
#13498=CARTESIAN_POINT('',(1.11022302462516E-15,3.,16.5));
#13499=CARTESIAN_POINT('Origin',(9.39098423085189E-16,0.,12.));
#13500=CARTESIAN_POINT('',(1.23259516440783E-32,89.,12.));
#13501=CARTESIAN_POINT('',(1.11022302462516E-15,89.,16.5));
#13502=CARTESIAN_POINT('',(1.23259516440783E-32,0.,12.));
#13503=CARTESIAN_POINT('Origin',(33.,92.,21.));
#13504=CARTESIAN_POINT('',(63.,92.,12.));
#13505=CARTESIAN_POINT('',(63.,92.,20.5));
#13506=CARTESIAN_POINT('',(57.,92.,12.));
#13507=CARTESIAN_POINT('',(1.23259516440783E-32,92.,12.));
#13508=CARTESIAN_POINT('',(57.,92.,15.5));
#13509=CARTESIAN_POINT('',(57.,92.,15.5));
#13510=CARTESIAN_POINT('',(47.,92.,25.5));
#13511=CARTESIAN_POINT('Origin',(47.,92.,15.5));
#13512=CARTESIAN_POINT('',(19.,92.,25.5));
#13513=CARTESIAN_POINT('',(19.,92.,25.5));
#13514=CARTESIAN_POINT('',(9.,92.,15.5));
#13515=CARTESIAN_POINT('Origin',(19.,92.,15.5));
#13516=CARTESIAN_POINT('',(9.,92.,12.));
#13517=CARTESIAN_POINT('',(9.,92.,8.5));
#13518=CARTESIAN_POINT('',(3.,92.,12.));
#13519=CARTESIAN_POINT('',(1.23259516440783E-32,92.,12.));
#13520=CARTESIAN_POINT('',(3.,92.,20.));
#13521=CARTESIAN_POINT('',(3.,92.,16.5));
#13522=CARTESIAN_POINT('Origin',(10.,92.,20.));
#13523=CARTESIAN_POINT('Origin',(63.,89.,20.5));
#13524=CARTESIAN_POINT('',(66.,89.,12.));
#13525=CARTESIAN_POINT('Origin',(63.,89.,12.));
#13526=CARTESIAN_POINT('',(66.,89.,20.5));
#13527=CARTESIAN_POINT('Origin',(66.,0.,20.));
#13528=CARTESIAN_POINT('',(66.,0.,12.));
#13529=CARTESIAN_POINT('Origin',(3.,89.,16.5));
#13530=CARTESIAN_POINT('Origin',(3.,89.,12.));
#13531=CARTESIAN_POINT('Origin',(3.,89.,20.));
#13532=CARTESIAN_POINT('Origin',(10.,89.,20.));
#13533=CARTESIAN_POINT('Origin',(3.,0.,12.));
#13534=CARTESIAN_POINT('',(9.,91.5,12.));
#13535=CARTESIAN_POINT('',(9.,89.,12.));
#13536=CARTESIAN_POINT('',(6.1,91.5,12.));
#13537=CARTESIAN_POINT('',(5.80000001316136,91.5,12.));
#13538=CARTESIAN_POINT('',(6.1,88.3999999736773,12.));
#13539=CARTESIAN_POINT('',(6.09999999999998,44.1999999868386,12.));
#13540=CARTESIAN_POINT('',(3.59999999999999,85.9,12.));
#13541=CARTESIAN_POINT('Origin',(3.6,88.4,12.));
#13542=CARTESIAN_POINT('',(0.500000000000005,85.9,12.));
#13543=CARTESIAN_POINT('',(3.,85.9,12.));
#13544=CARTESIAN_POINT('',(0.499999999999999,6.09999999999999,12.));
#13545=CARTESIAN_POINT('',(0.499999999999999,23.,12.));
#13546=CARTESIAN_POINT('',(3.59999999999999,6.09999999999999,12.));
#13547=CARTESIAN_POINT('',(3.,6.09999999999999,12.));
#13548=CARTESIAN_POINT('',(6.1,3.59999997367728,12.));
#13549=CARTESIAN_POINT('Origin',(3.6,3.59999999999999,12.));
#13550=CARTESIAN_POINT('',(6.1,0.500000000000005,12.));
#13551=CARTESIAN_POINT('',(6.1,1.79999998420637,12.));
#13552=CARTESIAN_POINT('',(8.99999999999994,0.500000000000009,12.));
#13553=CARTESIAN_POINT('',(5.7999999894709,0.500000000000004,12.));
#13554=CARTESIAN_POINT('',(9.,0.,12.));
#13555=CARTESIAN_POINT('',(5.05,88.4,12.));
#13556=CARTESIAN_POINT('Origin',(3.6,88.4,12.));
#13557=CARTESIAN_POINT('',(5.05,3.59999999999999,12.));
#13558=CARTESIAN_POINT('Origin',(3.6,3.59999999999999,12.));
#13559=CARTESIAN_POINT('Origin',(15.8332173791815,53.7783340551935,30.));
#13560=CARTESIAN_POINT('',(15.8332173791815,53.7783340551935,29.));
#13561=CARTESIAN_POINT('',(15.8332173791815,53.7783340551935,30.));
#13562=CARTESIAN_POINT('',(15.8332173791815,77.7783340551935,29.));
#13563=CARTESIAN_POINT('',(15.8332173791815,53.7783340551935,29.));
#13564=CARTESIAN_POINT('',(15.8332173791815,77.7783340551935,30.));
#13565=CARTESIAN_POINT('Origin',(49.3332173791815,53.7783340551935,30.));
#13566=CARTESIAN_POINT('',(49.3332173791815,53.7783340551935,29.));
#13567=CARTESIAN_POINT('',(49.3332173791815,53.7783340551935,30.));
#13568=CARTESIAN_POINT('',(49.3332173791815,53.7783340551935,29.));
#13569=CARTESIAN_POINT('Origin',(49.3332173791815,77.7783340551935,30.));
#13570=CARTESIAN_POINT('',(49.3332173791815,77.7783340551935,29.));
#13571=CARTESIAN_POINT('',(49.3332173791815,77.7783340551935,30.));
#13572=CARTESIAN_POINT('',(49.3332173791815,77.7783340551935,29.));
#13573=CARTESIAN_POINT('Origin',(15.8332173791815,77.7783340551935,30.));
#13574=CARTESIAN_POINT('',(15.8332173791815,77.7783340551935,29.));
#13575=CARTESIAN_POINT('Origin',(32.5832173791815,65.7783340551935,29.));
#13576=CARTESIAN_POINT('',(46.4532173791815,74.5283340551935,29.));
#13577=CARTESIAN_POINT('',(18.7132173791815,74.5283340551935,29.));
#13578=CARTESIAN_POINT('',(28.8693791284534,74.5283340551935,29.));
#13579=CARTESIAN_POINT('',(46.4532173791815,57.0283340551934,29.));
#13580=CARTESIAN_POINT('',(46.4532173791815,47.6462505413951,29.));
#13581=CARTESIAN_POINT('',(18.7132173791815,57.0283340551935,29.));
#13582=CARTESIAN_POINT('',(22.9343791284534,57.0283340551935,29.));
#13583=CARTESIAN_POINT('',(18.7132173791815,51.0212505413951,29.));
#13584=CARTESIAN_POINT('Origin',(13.2855408777253,57.5283340551935,28.5));
#13585=CARTESIAN_POINT('',(44.4532173791815,59.0283340551934,27.));
#13586=CARTESIAN_POINT('',(44.4532173791815,59.0283340551934,27.));
#13587=CARTESIAN_POINT('',(20.7132173791815,59.0283340551934,27.));
#13588=CARTESIAN_POINT('',(13.2855408777253,59.0283340551934,27.));
#13589=CARTESIAN_POINT('',(20.7132173791815,59.0283340551934,27.));
#13590=CARTESIAN_POINT('Origin',(45.9532173791815,29.5141670275967,28.5));
#13591=CARTESIAN_POINT('',(44.4532173791815,72.5283340551935,27.));
#13592=CARTESIAN_POINT('',(44.4532173791815,72.5283340551935,27.));
#13593=CARTESIAN_POINT('',(44.4532173791815,29.5141670275967,27.));
#13594=CARTESIAN_POINT('Origin',(25.1555408777253,74.0283340551935,28.5));
#13595=CARTESIAN_POINT('',(20.7132173791815,72.5283340551935,27.));
#13596=CARTESIAN_POINT('',(17.7132173791815,75.5283340551935,30.));
#13597=CARTESIAN_POINT('',(25.1555408777253,72.5283340551935,27.));
#13598=CARTESIAN_POINT('Origin',(19.2132173791815,36.2641670275967,28.5));
#13599=CARTESIAN_POINT('',(20.7132173791815,36.2641670275967,27.));
#13600=CARTESIAN_POINT('Origin',(44.4532173791815,59.0283340551934,27.));
#13601=CARTESIAN_POINT('',(44.4532173791815,72.5283340551935,25.5));
#13602=CARTESIAN_POINT('',(44.4532173791815,72.5283340551935,27.));
#13603=CARTESIAN_POINT('',(44.4532173791815,59.0283340551934,25.5));
#13604=CARTESIAN_POINT('',(44.4532173791815,61.8033340551935,25.5));
#13605=CARTESIAN_POINT('',(44.4532173791815,59.0283340551934,27.));
#13606=CARTESIAN_POINT('Origin',(44.4532173791815,72.5283340551935,27.));
#13607=CARTESIAN_POINT('',(20.7132173791815,72.5283340551935,25.5));
#13608=CARTESIAN_POINT('',(20.7132173791815,72.5283340551935,27.));
#13609=CARTESIAN_POINT('',(38.5182173791815,72.5283340551935,25.5));
#13610=CARTESIAN_POINT('Origin',(41.4532173791815,74.0283340551935,27.));
#13611=CARTESIAN_POINT('',(41.4532173791815,74.0283340551935,25.5));
#13612=CARTESIAN_POINT('',(41.4532173791815,77.5283340551935,25.5));
#13613=CARTESIAN_POINT('',(41.4532173791815,74.9033340551935,25.5));
#13614=CARTESIAN_POINT('',(41.4532173791815,77.5283340551935,24.));
#13615=CARTESIAN_POINT('',(41.4532173791815,77.5283340551935,27.));
#13616=CARTESIAN_POINT('',(41.4532173791815,74.0283340551935,24.));
#13617=CARTESIAN_POINT('',(41.4532173791815,74.0283340551935,24.));
#13618=CARTESIAN_POINT('',(41.4532173791815,74.0283340551935,27.));
#13619=CARTESIAN_POINT('Origin',(56.,0.,27.));
#13620=CARTESIAN_POINT('',(56.,69.9908834567877,27.));
#13621=CARTESIAN_POINT('',(56.,62.8157846535994,27.));
#13622=CARTESIAN_POINT('Origin',(54.9082173791815,66.4033340551935,27.));
#13623=CARTESIAN_POINT('',(56.,62.6072162081189,27.));
#13624=CARTESIAN_POINT('',(56.,0.,27.));
#13625=CARTESIAN_POINT('',(50.9582173791815,66.4033340551935,27.));
#13626=CARTESIAN_POINT('Origin',(54.9082173791815,66.4033340551935,27.));
#13627=CARTESIAN_POINT('',(49.9082173791815,66.4033340551935,27.));
#13628=CARTESIAN_POINT('',(53.4791086895907,66.4033340551935,27.));
#13629=CARTESIAN_POINT('',(49.9082173791815,47.4033340551935,27.));
#13630=CARTESIAN_POINT('',(49.9082173791815,24.9516670275967,27.));
#13631=CARTESIAN_POINT('',(50.9582173791815,47.4033340551935,27.));
#13632=CARTESIAN_POINT('',(52.9541086895907,47.4033340551935,27.));
#13633=CARTESIAN_POINT('',(56.,51.1994519022682,27.));
#13634=CARTESIAN_POINT('Origin',(54.9082173791815,47.4033340551935,27.));
#13635=CARTESIAN_POINT('',(56.,50.9908834567877,27.));
#13636=CARTESIAN_POINT('',(56.,0.,27.));
#13637=CARTESIAN_POINT('',(56.,43.8157846535994,27.));
#13638=CARTESIAN_POINT('Origin',(54.9082173791815,47.4033340551935,27.));
#13639=CARTESIAN_POINT('',(56.,3.,27.));
#13640=CARTESIAN_POINT('',(56.,0.,27.));
#13641=CARTESIAN_POINT('',(10.,3.,27.));
#13642=CARTESIAN_POINT('',(44.5,3.,27.));
#13643=CARTESIAN_POINT('',(10.,89.,27.));
#13644=CARTESIAN_POINT('',(10.,0.,27.));
#13645=CARTESIAN_POINT('',(56.,89.,27.));
#13646=CARTESIAN_POINT('',(44.5,89.,27.));
#13647=CARTESIAN_POINT('',(56.,0.,27.));
#13648=CARTESIAN_POINT('',(49.4532173791815,77.5283340551935,27.));
#13649=CARTESIAN_POINT('',(15.7132173791815,77.5283340551935,27.));
#13650=CARTESIAN_POINT('',(48.7266086895907,77.5283340551935,27.));
#13651=CARTESIAN_POINT('',(15.7132173791815,54.0283340551934,27.));
#13652=CARTESIAN_POINT('',(15.7132173791815,27.0141670275967,27.));
#13653=CARTESIAN_POINT('',(49.4532173791815,54.0283340551934,27.));
#13654=CARTESIAN_POINT('',(52.7266086895907,54.0283340551934,27.));
#13655=CARTESIAN_POINT('',(49.4532173791815,38.7641670275967,27.));
#13656=CARTESIAN_POINT('',(50.6582173791815,20.9029676144299,27.));
#13657=CARTESIAN_POINT('Origin',(46.9082173791815,20.9029676144299,27.));
#13658=CARTESIAN_POINT('',(26.6582173791815,20.9029676144299,27.));
#13659=CARTESIAN_POINT('Origin',(22.9082173791815,20.9029676144299,27.));
#13660=CARTESIAN_POINT('',(22.9082173791815,40.9529676144299,27.));
#13661=CARTESIAN_POINT('',(19.9082173791815,40.9529676144299,27.));
#13662=CARTESIAN_POINT('',(39.4541086895908,40.9529676144299,27.));
#13663=CARTESIAN_POINT('',(19.9082173791815,24.8529676144299,27.));
#13664=CARTESIAN_POINT('',(19.9082173791815,8.95148380721494,27.));
#13665=CARTESIAN_POINT('',(22.9082173791815,24.8529676144299,27.));
#13666=CARTESIAN_POINT('',(37.9541086895908,24.8529676144299,27.));
#13667=CARTESIAN_POINT('',(26.8582173791815,20.9029676144299,27.));
#13668=CARTESIAN_POINT('Origin',(22.9082173791815,20.9029676144299,27.));
#13669=CARTESIAN_POINT('',(26.8582173791815,17.9029676144299,27.));
#13670=CARTESIAN_POINT('',(26.8582173791815,10.4514838072149,27.));
#13671=CARTESIAN_POINT('',(42.9582173791815,17.9029676144299,27.));
#13672=CARTESIAN_POINT('',(52.9541086895908,17.9029676144299,27.));
#13673=CARTESIAN_POINT('',(42.9582173791815,20.9029676144299,27.));
#13674=CARTESIAN_POINT('',(42.9582173791815,8.95148380721495,27.));
#13675=CARTESIAN_POINT('',(46.9082173791815,24.8529676144299,27.));
#13676=CARTESIAN_POINT('Origin',(46.9082173791815,20.9029676144299,27.));
#13677=CARTESIAN_POINT('',(49.9082173791815,24.8529676144299,27.));
#13678=CARTESIAN_POINT('',(51.4541086895908,24.8529676144299,27.));
#13679=CARTESIAN_POINT('',(49.9082173791815,40.9529676144299,27.));
#13680=CARTESIAN_POINT('',(49.9082173791815,23.9514838072149,27.));
#13681=CARTESIAN_POINT('',(46.9082173791815,40.9529676144299,27.));
#13682=CARTESIAN_POINT('',(52.9541086895907,40.9529676144299,27.));
#13683=CARTESIAN_POINT('',(42.9582173791815,44.9029676144299,27.));
#13684=CARTESIAN_POINT('Origin',(46.9082173791815,44.9029676144299,27.));
#13685=CARTESIAN_POINT('',(42.9582173791815,47.9029676144299,27.));
#13686=CARTESIAN_POINT('',(42.9582173791815,22.4514838072149,27.));
#13687=CARTESIAN_POINT('',(26.8582173791815,47.9029676144299,27.));
#13688=CARTESIAN_POINT('',(37.9541086895908,47.9029676144299,27.));
#13689=CARTESIAN_POINT('',(26.8582173791815,44.9029676144299,27.));
#13690=CARTESIAN_POINT('',(26.8582173791815,23.9514838072149,27.));
#13691=CARTESIAN_POINT('Origin',(22.9082173791815,44.9029676144299,27.));
#13692=CARTESIAN_POINT('',(26.6582173791815,44.9029676144299,27.));
#13693=CARTESIAN_POINT('Origin',(22.9082173791815,44.9029676144299,27.));
#13694=CARTESIAN_POINT('',(50.6582173791815,44.9029676144299,27.));
#13695=CARTESIAN_POINT('Origin',(46.9082173791815,44.9029676144299,27.));
#13696=CARTESIAN_POINT('Origin',(20.7132173791815,59.0283340551934,27.));
#13697=CARTESIAN_POINT('',(20.7132173791815,59.0283340551934,25.5));
#13698=CARTESIAN_POINT('',(26.6482173791815,59.0283340551935,25.5));
#13699=CARTESIAN_POINT('',(20.7132173791815,59.0283340551934,27.));
#13700=CARTESIAN_POINT('Origin',(20.7132173791815,72.5283340551935,27.));
#13701=CARTESIAN_POINT('',(20.7132173791815,68.5533340551935,25.5));
#13702=CARTESIAN_POINT('Origin',(32.5832173791815,64.5783340551935,25.5));
#13703=CARTESIAN_POINT('',(19.2132173791815,55.1283340551934,25.5));
#13704=CARTESIAN_POINT('',(45.9532173791815,55.1283340551934,25.5));
#13705=CARTESIAN_POINT('',(25.8982173791815,55.1283340551934,25.5));
#13706=CARTESIAN_POINT('',(19.2132173791815,74.0283340551935,25.5));
#13707=CARTESIAN_POINT('',(19.2132173791815,69.3033340551935,25.5));
#13708=CARTESIAN_POINT('',(23.7132173791815,74.0283340551935,25.5));
#13709=CARTESIAN_POINT('',(39.2682173791815,74.0283340551935,25.5));
#13710=CARTESIAN_POINT('',(23.7132173791815,77.5283340551935,25.5));
#13711=CARTESIAN_POINT('',(23.7132173791815,76.6533340551935,25.5));
#13712=CARTESIAN_POINT('',(49.4532173791815,77.5283340551935,25.5));
#13713=CARTESIAN_POINT('',(45.9532173791815,74.0283340551935,25.5));
#13714=CARTESIAN_POINT('',(39.2682173791815,74.0283340551935,25.5));
#13715=CARTESIAN_POINT('',(45.9532173791815,59.8533340551935,25.5));
#13716=CARTESIAN_POINT('Origin',(45.9532173791815,74.0283340551935,27.));
#13717=CARTESIAN_POINT('',(19.2132173791815,74.0283340551935,24.));
#13718=CARTESIAN_POINT('',(19.2132173791815,74.0283340551935,27.));
#13719=CARTESIAN_POINT('',(23.7132173791815,74.0283340551935,24.));
#13720=CARTESIAN_POINT('',(19.2132173791815,74.0283340551935,24.));
#13721=CARTESIAN_POINT('',(23.7132173791815,74.0283340551935,27.));
#13722=CARTESIAN_POINT('Origin',(19.2132173791815,74.0283340551935,27.));
#13723=CARTESIAN_POINT('',(19.2132173791815,55.1283340551934,24.));
#13724=CARTESIAN_POINT('',(19.2132173791815,55.1283340551934,27.));
#13725=CARTESIAN_POINT('',(19.2132173791815,55.1283340551934,24.));
#13726=CARTESIAN_POINT('Origin',(23.7132173791815,77.5283340551935,27.));
#13727=CARTESIAN_POINT('',(23.7132173791815,77.5283340551935,24.));
#13728=CARTESIAN_POINT('',(23.7132173791815,74.0283340551935,24.));
#13729=CARTESIAN_POINT('',(23.7132173791815,77.5283340551935,27.));
#13730=CARTESIAN_POINT('Origin',(15.7132173791815,54.0283340551934,27.));
#13731=CARTESIAN_POINT('',(15.7132173791815,77.5283340551935,24.));
#13732=CARTESIAN_POINT('',(15.7132173791815,77.5283340551935,27.));
#13733=CARTESIAN_POINT('',(15.7132173791815,54.0283340551934,24.));
#13734=CARTESIAN_POINT('',(15.7132173791815,77.5283340551935,24.));
#13735=CARTESIAN_POINT('',(15.7132173791815,54.0283340551934,27.));
#13736=CARTESIAN_POINT('Origin',(49.4532173791815,54.0283340551934,27.));
#13737=CARTESIAN_POINT('',(49.4532173791815,54.0283340551934,24.));
#13738=CARTESIAN_POINT('',(15.7132173791815,54.0283340551934,24.));
#13739=CARTESIAN_POINT('',(49.4532173791815,54.0283340551934,27.));
#13740=CARTESIAN_POINT('Origin',(49.4532173791815,77.5283340551935,27.));
#13741=CARTESIAN_POINT('',(49.4532173791815,77.5283340551935,24.));
#13742=CARTESIAN_POINT('',(49.4532173791815,54.0283340551934,24.));
#13743=CARTESIAN_POINT('',(49.4532173791815,77.5283340551935,27.));
#13744=CARTESIAN_POINT('Origin',(41.4532173791815,77.5283340551935,27.));
#13745=CARTESIAN_POINT('',(49.4532173791815,77.5283340551935,24.));
#13746=CARTESIAN_POINT('',(49.4532173791815,77.5283340551935,24.));
#13747=CARTESIAN_POINT('Origin',(32.5832173791815,65.7783340551935,24.));
#13748=CARTESIAN_POINT('',(45.9532173791815,74.0283340551935,24.));
#13749=CARTESIAN_POINT('',(19.2132173791815,74.0283340551935,24.));
#13750=CARTESIAN_POINT('',(45.9532173791815,55.1283340551934,24.));
#13751=CARTESIAN_POINT('',(45.9532173791815,55.1283340551934,24.));
#13752=CARTESIAN_POINT('',(45.9532173791815,74.0283340551935,24.));
#13753=CARTESIAN_POINT('Origin',(45.9532173791815,74.0283340551935,27.));
#13754=CARTESIAN_POINT('',(45.9532173791815,74.0283340551935,27.));
#13755=CARTESIAN_POINT('Origin',(45.9532173791815,55.1283340551934,27.));
#13756=CARTESIAN_POINT('',(45.9532173791815,55.1283340551934,27.));
#13757=CARTESIAN_POINT('Origin',(19.2132173791815,55.1283340551934,27.));
#13758=CARTESIAN_POINT('Origin',(54.9082173791815,66.4033340551935,27.5));
#13759=CARTESIAN_POINT('',(58.6582173791815,66.4033340551935,22.5));
#13760=CARTESIAN_POINT('Origin',(54.9082173791815,66.4033340551935,22.5));
#13761=CARTESIAN_POINT('',(58.6582173791815,66.4033340551935,26.4756374485465));
#13762=CARTESIAN_POINT('',(58.6582173791815,66.4033340551935,27.5));
#13763=CARTESIAN_POINT('Ctrl Pts',(56.,62.8157846535994,27.));
#13764=CARTESIAN_POINT('Ctrl Pts',(56.1127372999066,62.8500934842182,27.));
#13765=CARTESIAN_POINT('Ctrl Pts',(56.224196979468,62.8898378951005,26.9972640530814));
#13766=CARTESIAN_POINT('Ctrl Pts',(56.7932911135679,63.1236804644352,26.9701221227095));
#13767=CARTESIAN_POINT('Ctrl Pts',(57.213092916155,63.4089273555344,26.9024276730354));
#13768=CARTESIAN_POINT('Ctrl Pts',(57.880620150822,64.0685383779043,26.7514719042906));
#13769=CARTESIAN_POINT('Ctrl Pts',(58.1720356901695,64.4894806212835,26.6576983956102));
#13770=CARTESIAN_POINT('Ctrl Pts',(58.5609307705984,65.4169135003837,26.5180000102172));
#13771=CARTESIAN_POINT('Ctrl Pts',(58.6582173791815,65.9240180933066,26.4756374485465));
#13772=CARTESIAN_POINT('Ctrl Pts',(58.6582173791815,66.4033340551935,26.4756374485465));
#13773=CARTESIAN_POINT('Ctrl Pts',(58.6582173791815,66.4033340551935,26.4756374485465));
#13774=CARTESIAN_POINT('Ctrl Pts',(58.6582173791815,66.8826500170805,26.4756374485465));
#13775=CARTESIAN_POINT('Ctrl Pts',(58.5609307705984,67.3897546100034,26.5180000102172));
#13776=CARTESIAN_POINT('Ctrl Pts',(58.1720356901695,68.3171874891036,26.6576983956102));
#13777=CARTESIAN_POINT('Ctrl Pts',(57.880620150822,68.7381297324827,26.7514719042906));
#13778=CARTESIAN_POINT('Ctrl Pts',(57.2130929161551,69.3977407548526,26.9024276730354));
#13779=CARTESIAN_POINT('Ctrl Pts',(56.7932911135679,69.6829876459518,26.9701221227095));
#13780=CARTESIAN_POINT('Ctrl Pts',(56.224196979468,69.9168302152865,26.9972640530814));
#13781=CARTESIAN_POINT('Ctrl Pts',(56.1127372999066,69.9565746261688,27.));
#13782=CARTESIAN_POINT('Ctrl Pts',(56.,69.9908834567877,27.));
#13783=CARTESIAN_POINT('Origin',(54.9082173791815,66.4033340551935,22.5));
#13784=CARTESIAN_POINT('Origin',(56.,0.,20.));
#13785=CARTESIAN_POINT('',(60.1082173791815,47.4033340551935,25.6676758874685));
#13786=CARTESIAN_POINT('',(60.1082173791815,66.4033340551935,25.6676758874685));
#13787=CARTESIAN_POINT('',(60.1082173791815,0.,25.6676758874685));
#13788=CARTESIAN_POINT('',(58.8582173791815,66.4033340551935,26.3898821126328));
#13789=CARTESIAN_POINT('Origin',(56.,66.4033340551935,20.));
#13790=CARTESIAN_POINT('Ctrl Pts',(58.8582173791815,66.4033340551935,26.3898821126328));
#13791=CARTESIAN_POINT('Ctrl Pts',(58.8582173791815,65.8971974313405,26.3898821126328));
#13792=CARTESIAN_POINT('Ctrl Pts',(58.7552804342252,65.36252198672,26.438706696137));
#13793=CARTESIAN_POINT('Ctrl Pts',(58.3450444870984,64.3855608144184,26.5991875240595));
#13794=CARTESIAN_POINT('Ctrl Pts',(58.0379633973923,63.9425126407601,26.7067319467098));
#13795=CARTESIAN_POINT('Ctrl Pts',(57.3352309076604,63.2487737226349,26.880821472696));
#13796=CARTESIAN_POINT('Ctrl Pts',(56.8936070986241,62.9486820783228,26.9596405867624));
#13797=CARTESIAN_POINT('Ctrl Pts',(56.2756644573338,62.6947580615518,26.9958553404435));
#13798=CARTESIAN_POINT('Ctrl Pts',(56.1386458064652,62.6470914406712,27.));
#13799=CARTESIAN_POINT('Ctrl Pts',(56.,62.6072162081189,27.));
#13800=CARTESIAN_POINT('',(57.4,89.,26.8585712797929));
#13801=CARTESIAN_POINT('Origin',(56.,89.,20.));
#13802=CARTESIAN_POINT('',(57.4,88.4,26.8585712797929));
#13803=CARTESIAN_POINT('',(57.4,0.,26.8585712797929));
#13804=CARTESIAN_POINT('',(62.4,83.4,22.8354893757516));
#13805=CARTESIAN_POINT('Ctrl Pts',(57.4,88.4,26.8585712797929));
#13806=CARTESIAN_POINT('Ctrl Pts',(57.4,87.7082751464429,26.8585712797929));
#13807=CARTESIAN_POINT('Ctrl Pts',(57.5529532299616,86.9770338408839,26.8326179102885));
#13808=CARTESIAN_POINT('Ctrl Pts',(58.151590716079,85.6669248731581,26.6683581341388));
#13809=CARTESIAN_POINT('Ctrl Pts',(58.5974540953356,85.0890656451026,26.5227442971087));
#13810=CARTESIAN_POINT('Ctrl Pts',(59.3441033029738,84.4272318597578,26.1564045538446));
#13811=CARTESIAN_POINT('Ctrl Pts',(59.6446924138732,84.2133837001857,25.9874157182696));
#13812=CARTESIAN_POINT('Ctrl Pts',(60.2469945491062,83.8740699940198,25.5763759124346));
#13813=CARTESIAN_POINT('Ctrl Pts',(60.547693700251,83.7475458619593,25.3337146966717));
#13814=CARTESIAN_POINT('Ctrl Pts',(61.4478064750278,83.445572869428,24.4824941347773));
#13815=CARTESIAN_POINT('Ctrl Pts',(62.015648030074,83.4,23.70301250194));
#13816=CARTESIAN_POINT('Ctrl Pts',(62.4,83.4,22.8354893757516));
#13817=CARTESIAN_POINT('',(63.,83.4,20.));
#13818=CARTESIAN_POINT('Origin',(56.,83.4,20.));
#13819=CARTESIAN_POINT('',(63.,8.6,20.));
#13820=CARTESIAN_POINT('',(63.,0.,20.));
#13821=CARTESIAN_POINT('',(62.4,8.6,22.8354893757516));
#13822=CARTESIAN_POINT('Origin',(56.,8.59999999999999,20.));
#13823=CARTESIAN_POINT('',(57.4,3.60000019533862,26.8585712797929));
#13824=CARTESIAN_POINT('Ctrl Pts',(62.4,8.59999999999999,22.8354893757516));
#13825=CARTESIAN_POINT('Ctrl Pts',(62.015648030074,8.59999999999999,23.70301250194));
#13826=CARTESIAN_POINT('Ctrl Pts',(61.4478064750278,8.55442713057198,24.4824941347773));
#13827=CARTESIAN_POINT('Ctrl Pts',(60.547693700251,8.25245413804072,25.3337146966717));
#13828=CARTESIAN_POINT('Ctrl Pts',(60.2469945491062,8.12593000598024,25.5763759124346));
#13829=CARTESIAN_POINT('Ctrl Pts',(59.6446924138732,7.78661629981437,25.9874157182696));
#13830=CARTESIAN_POINT('Ctrl Pts',(59.3441033029738,7.57276814024224,26.1564045538446));
#13831=CARTESIAN_POINT('Ctrl Pts',(58.5974540953356,6.91093435489744,26.5227442971087));
#13832=CARTESIAN_POINT('Ctrl Pts',(58.151590716079,6.33307512684193,26.6683581341388));
#13833=CARTESIAN_POINT('Ctrl Pts',(57.5529532581368,5.0229662207771,26.8326179025576));
#13834=CARTESIAN_POINT('Ctrl Pts',(57.4000000270241,4.29172499122231,26.8585712742766));
#13835=CARTESIAN_POINT('Ctrl Pts',(57.4,3.60000019533862,26.8585712797929));
#13836=CARTESIAN_POINT('',(57.4,3.,26.8585712797929));
#13837=CARTESIAN_POINT('',(57.4,0.,26.8585712797929));
#13838=CARTESIAN_POINT('Origin',(56.,3.,20.));
#13839=CARTESIAN_POINT('',(58.6582173791815,47.4033340551935,26.4756374485465));
#13840=CARTESIAN_POINT('Ctrl Pts',(56.,43.8157846535994,27.));
#13841=CARTESIAN_POINT('Ctrl Pts',(56.1127372999066,43.8500934842182,27.));
#13842=CARTESIAN_POINT('Ctrl Pts',(56.224196979468,43.8898378951005,26.9972640530814));
#13843=CARTESIAN_POINT('Ctrl Pts',(56.7932911135679,44.1236804644352,26.9701221227095));
#13844=CARTESIAN_POINT('Ctrl Pts',(57.213092916155,44.4089273555344,26.9024276730354));
#13845=CARTESIAN_POINT('Ctrl Pts',(57.880620150822,45.0685383779043,26.7514719042906));
#13846=CARTESIAN_POINT('Ctrl Pts',(58.1720356901695,45.4894806212835,26.6576983956102));
#13847=CARTESIAN_POINT('Ctrl Pts',(58.5609307705984,46.4169135003837,26.5180000102172));
#13848=CARTESIAN_POINT('Ctrl Pts',(58.6582173791815,46.9240180933066,26.4756374485465));
#13849=CARTESIAN_POINT('Ctrl Pts',(58.6582173791815,47.4033340551935,26.4756374485465));
#13850=CARTESIAN_POINT('Ctrl Pts',(58.6582173791815,47.4033340551935,26.4756374485465));
#13851=CARTESIAN_POINT('Ctrl Pts',(58.6582173791815,47.8826500170804,26.4756374485465));
#13852=CARTESIAN_POINT('Ctrl Pts',(58.5609307705984,48.3897546100034,26.5180000102172));
#13853=CARTESIAN_POINT('Ctrl Pts',(58.1720356901695,49.3171874891036,26.6576983956102));
#13854=CARTESIAN_POINT('Ctrl Pts',(57.880620150822,49.7381297324827,26.7514719042906));
#13855=CARTESIAN_POINT('Ctrl Pts',(57.213092916155,50.3977407548526,26.9024276730354));
#13856=CARTESIAN_POINT('Ctrl Pts',(56.7932911135679,50.6829876459518,26.9701221227095));
#13857=CARTESIAN_POINT('Ctrl Pts',(56.224196979468,50.9168302152865,26.9972640530814));
#13858=CARTESIAN_POINT('Ctrl Pts',(56.1127372999066,50.9565746261688,27.));
#13859=CARTESIAN_POINT('Ctrl Pts',(56.,50.9908834567877,27.));
#13860=CARTESIAN_POINT('',(58.8582173791815,47.4033340551935,26.3898821126328));
#13861=CARTESIAN_POINT('Ctrl Pts',(56.,51.1994519022682,27.));
#13862=CARTESIAN_POINT('Ctrl Pts',(56.1386458064652,51.1595766697158,27.));
#13863=CARTESIAN_POINT('Ctrl Pts',(56.2756644573338,51.1119100488353,26.9958553404435));
#13864=CARTESIAN_POINT('Ctrl Pts',(56.8936070986241,50.8579860320643,26.9596405867624));
#13865=CARTESIAN_POINT('Ctrl Pts',(57.3352309076604,50.5578943877522,26.880821472696));
#13866=CARTESIAN_POINT('Ctrl Pts',(58.0379633973923,49.8641554696269,26.7067319467098));
#13867=CARTESIAN_POINT('Ctrl Pts',(58.3450444870984,49.4211072959686,26.5991875240595));
#13868=CARTESIAN_POINT('Ctrl Pts',(58.7552804342252,48.4441461236671,26.438706696137));
#13869=CARTESIAN_POINT('Ctrl Pts',(58.8582173791815,47.9094706790465,26.3898821126328));
#13870=CARTESIAN_POINT('Ctrl Pts',(58.8582173791815,47.4033340551935,26.3898821126328));
#13871=CARTESIAN_POINT('Origin',(56.,47.4033340551935,20.));
#13872=CARTESIAN_POINT('Origin',(46.9082173791815,44.9029676144299,27.5));
#13873=CARTESIAN_POINT('',(47.9082173791815,44.9029676144299,22.5));
#13874=CARTESIAN_POINT('Origin',(46.9082173791815,44.9029676144299,22.5));
#13875=CARTESIAN_POINT('',(47.9082173791815,44.9029676144299,27.));
#13876=CARTESIAN_POINT('',(47.9082173791815,44.9029676144299,27.5));
#13877=CARTESIAN_POINT('Origin',(46.9082173791815,44.9029676144299,27.));
#13878=CARTESIAN_POINT('Origin',(46.9082173791815,44.9029676144299,27.5));
#13879=CARTESIAN_POINT('',(50.6582173791815,44.9029676144299,22.5));
#13880=CARTESIAN_POINT('Origin',(46.9082173791815,44.9029676144299,22.5));
#13881=CARTESIAN_POINT('',(50.6582173791815,44.9029676144299,27.5));
#13882=CARTESIAN_POINT('Origin',(46.9082173791815,44.9029676144299,22.5));
#13883=CARTESIAN_POINT('Origin',(56.,0.,27.));
#13884=CARTESIAN_POINT('Origin',(46.9082173791815,20.9029676144299,27.5));
#13885=CARTESIAN_POINT('',(47.9082173791815,20.9029676144299,22.5));
#13886=CARTESIAN_POINT('Origin',(46.9082173791815,20.9029676144299,22.5));
#13887=CARTESIAN_POINT('',(47.9082173791815,20.9029676144299,27.));
#13888=CARTESIAN_POINT('',(47.9082173791815,20.9029676144299,27.5));
#13889=CARTESIAN_POINT('Origin',(46.9082173791815,20.9029676144299,27.));
#13890=CARTESIAN_POINT('Origin',(46.9082173791815,20.9029676144299,27.5));
#13891=CARTESIAN_POINT('',(50.6582173791815,20.9029676144299,22.5));
#13892=CARTESIAN_POINT('Origin',(46.9082173791815,20.9029676144299,22.5));
#13893=CARTESIAN_POINT('',(50.6582173791815,20.9029676144299,27.5));
#13894=CARTESIAN_POINT('Origin',(46.9082173791815,20.9029676144299,22.5));
#13895=CARTESIAN_POINT('Origin',(56.,0.,27.));
#13896=CARTESIAN_POINT('Origin',(54.9082173791815,47.4033340551935,27.5));
#13897=CARTESIAN_POINT('',(58.6582173791815,47.4033340551935,22.5));
#13898=CARTESIAN_POINT('Origin',(54.9082173791815,47.4033340551935,22.5));
#13899=CARTESIAN_POINT('',(58.6582173791815,47.4033340551935,27.5));
#13900=CARTESIAN_POINT('Origin',(54.9082173791815,47.4033340551935,22.5));
#13901=CARTESIAN_POINT('Origin',(56.,0.,27.));
#13902=CARTESIAN_POINT('Origin',(22.9082173791815,44.9029676144299,27.5));
#13903=CARTESIAN_POINT('',(23.9082173791815,44.9029676144299,22.5));
#13904=CARTESIAN_POINT('Origin',(22.9082173791815,44.9029676144299,22.5));
#13905=CARTESIAN_POINT('',(23.9082173791815,44.9029676144299,27.));
#13906=CARTESIAN_POINT('',(23.9082173791815,44.9029676144299,27.5));
#13907=CARTESIAN_POINT('Origin',(22.9082173791815,44.9029676144299,27.));
#13908=CARTESIAN_POINT('Origin',(22.9082173791815,44.9029676144299,27.5));
#13909=CARTESIAN_POINT('',(26.6582173791815,44.9029676144299,22.5));
#13910=CARTESIAN_POINT('Origin',(22.9082173791815,44.9029676144299,22.5));
#13911=CARTESIAN_POINT('',(26.6582173791815,44.9029676144299,27.5));
#13912=CARTESIAN_POINT('Origin',(22.9082173791815,44.9029676144299,22.5));
#13913=CARTESIAN_POINT('Origin',(56.,0.,27.));
#13914=CARTESIAN_POINT('Origin',(22.9082173791815,20.9029676144299,27.5));
#13915=CARTESIAN_POINT('',(23.9082173791815,20.9029676144299,22.5));
#13916=CARTESIAN_POINT('Origin',(22.9082173791815,20.9029676144299,22.5));
#13917=CARTESIAN_POINT('',(23.9082173791815,20.9029676144299,27.));
#13918=CARTESIAN_POINT('',(23.9082173791815,20.9029676144299,27.5));
#13919=CARTESIAN_POINT('Origin',(22.9082173791815,20.9029676144299,27.));
#13920=CARTESIAN_POINT('Origin',(22.9082173791815,20.9029676144299,27.5));
#13921=CARTESIAN_POINT('',(26.6582173791815,20.9029676144299,22.5));
#13922=CARTESIAN_POINT('Origin',(22.9082173791815,20.9029676144299,22.5));
#13923=CARTESIAN_POINT('',(26.6582173791815,20.9029676144299,27.5));
#13924=CARTESIAN_POINT('Origin',(22.9082173791815,20.9029676144299,22.5));
#13925=CARTESIAN_POINT('Origin',(56.,0.,27.));
#13926=CARTESIAN_POINT('Ctrl Pts',(56.4119934418183,60.2291659140583,30.));
#13927=CARTESIAN_POINT('Ctrl Pts',(57.1402823883935,59.8998698067931,30.));
#13928=CARTESIAN_POINT('Ctrl Pts',(58.0539548568773,59.0396698182777,30.));
#13929=CARTESIAN_POINT('Ctrl Pts',(58.7067019891652,57.1255211417503,30.));
#13930=CARTESIAN_POINT('Ctrl Pts',(58.3672030698822,55.0566949540195,30.));
#13931=CARTESIAN_POINT('Ctrl Pts',(57.1402823883939,53.906798303594,30.));
#13932=CARTESIAN_POINT('Ctrl Pts',(56.4119934418183,53.5775021963286,30.));
#13933=CARTESIAN_POINT('Ctrl Pts',(56.2746622945455,59.9254369771757,29.6666666666667));
#13934=CARTESIAN_POINT('Ctrl Pts',(56.9364408350409,59.6262135737703,29.6666666666667));
#13935=CARTESIAN_POINT('Ctrl Pts',(57.766672895444,58.8445706618317,29.6666666666667));
#13936=CARTESIAN_POINT('Ctrl Pts',(58.3598084174773,57.1052300836173,29.6666666666667));
#13937=CARTESIAN_POINT('Ctrl Pts',(58.0513139657087,55.2253377943093,29.6666666666667));
#13938=CARTESIAN_POINT('Ctrl Pts',(56.9364408350412,54.1804545366168,29.6666666666667));
#13939=CARTESIAN_POINT('Ctrl Pts',(56.2746622945455,53.8812311332113,29.6666666666667));
#13940=CARTESIAN_POINT('Ctrl Pts',(56.1373311472728,59.6217080402931,29.3333333333333));
#13941=CARTESIAN_POINT('Ctrl Pts',(56.7325992816884,59.3525573407474,29.3333333333333));
#13942=CARTESIAN_POINT('Ctrl Pts',(57.4793909340106,58.6494715053857,29.3333333333333));
#13943=CARTESIAN_POINT('Ctrl Pts',(58.0129148457894,57.0849390254842,29.3333333333333));
#13944=CARTESIAN_POINT('Ctrl Pts',(57.7354248615352,55.3939806345991,29.3333333333333));
#13945=CARTESIAN_POINT('Ctrl Pts',(56.7325992816885,54.4541107696396,29.3333333333333));
#13946=CARTESIAN_POINT('Ctrl Pts',(56.1373311472728,54.1849600700939,29.3333333333333));
#13947=CARTESIAN_POINT('Ctrl Pts',(56.,59.3179791034104,29.));
#13948=CARTESIAN_POINT('Ctrl Pts',(56.5287577283358,59.0789011077245,29.));
#13949=CARTESIAN_POINT('Ctrl Pts',(57.1921089725772,58.4543723489396,29.));
#13950=CARTESIAN_POINT('Ctrl Pts',(57.6660212741014,57.0646479673511,29.));
#13951=CARTESIAN_POINT('Ctrl Pts',(57.4195357573616,55.5626234748889,29.));
#13952=CARTESIAN_POINT('Ctrl Pts',(56.5287577283358,54.7277670026624,29.));
#13953=CARTESIAN_POINT('Ctrl Pts',(56.,54.4886890069765,29.));
#13954=CARTESIAN_POINT('',(56.,54.4886890069765,29.));
#13955=CARTESIAN_POINT('',(56.,54.4886890069765,29.));
#13956=CARTESIAN_POINT('',(56.,59.3179791034104,29.));
#13957=CARTESIAN_POINT('',(56.4119934418183,60.2291659140583,30.));
#13958=CARTESIAN_POINT('Ctrl Pts',(56.,59.3179791034104,29.));
#13959=CARTESIAN_POINT('Ctrl Pts',(56.5287577283358,59.0789011077245,29.));
#13960=CARTESIAN_POINT('Ctrl Pts',(57.1921089725772,58.4543723489396,29.));
#13961=CARTESIAN_POINT('Ctrl Pts',(57.6660212741014,57.0646479673511,29.));
#13962=CARTESIAN_POINT('Ctrl Pts',(57.4195357573616,55.5626234748889,29.));
#13963=CARTESIAN_POINT('Ctrl Pts',(56.5287577283358,54.7277670026624,29.));
#13964=CARTESIAN_POINT('Ctrl Pts',(56.,54.4886890069765,29.));
#13965=CARTESIAN_POINT('Origin',(54.9082173791815,56.9033340551935,29.5));
#13966=CARTESIAN_POINT('Origin',(54.9082173791815,56.9033340551935,29.));
#13967=CARTESIAN_POINT('Ctrl Pts',(56.,59.3179791034104,35.5035810501269));
#13968=CARTESIAN_POINT('Ctrl Pts',(56.,59.3179791034104,19.5));
#13969=CARTESIAN_POINT('Ctrl Pts',(56.2932581483217,59.1853823269246,35.5035810501269));
#13970=CARTESIAN_POINT('Ctrl Pts',(56.2932581483217,59.1853823269246,19.5));
#13971=CARTESIAN_POINT('Ctrl Pts',(56.5605615210941,58.9971586248457,35.5035810501269));
#13972=CARTESIAN_POINT('Ctrl Pts',(56.5605615210941,58.9971586248457,19.5));
#13973=CARTESIAN_POINT('Ctrl Pts',(57.0127086450126,58.548113096948,35.5035810501269));
#13974=CARTESIAN_POINT('Ctrl Pts',(57.0127086450126,58.548113096948,19.5));
#13975=CARTESIAN_POINT('Ctrl Pts',(57.2179892411068,58.2498908761711,35.5035810501269));
#13976=CARTESIAN_POINT('Ctrl Pts',(57.2179892411068,58.2498908761711,19.5));
#13977=CARTESIAN_POINT('Ctrl Pts',(57.4907733213834,57.59519050364,35.5035810501269));
#13978=CARTESIAN_POINT('Ctrl Pts',(57.4907733213834,57.59519050364,19.5));
#13979=CARTESIAN_POINT('Ctrl Pts',(57.5582173791815,57.2385659176979,35.5035810501269));
#13980=CARTESIAN_POINT('Ctrl Pts',(57.5582173791815,57.2385659176979,19.5));
#13981=CARTESIAN_POINT('Ctrl Pts',(57.5582173791815,56.9033340551935,35.5035810501269));
#13982=CARTESIAN_POINT('Ctrl Pts',(57.5582173791815,56.9033340551935,19.5));
#13983=CARTESIAN_POINT('Ctrl Pts',(57.5582173791815,56.568102192689,35.5035810501269));
#13984=CARTESIAN_POINT('Ctrl Pts',(57.5582173791815,56.568102192689,19.5));
#13985=CARTESIAN_POINT('Ctrl Pts',(57.4907733213834,56.211477606747,35.5035810501269));
#13986=CARTESIAN_POINT('Ctrl Pts',(57.4907733213834,56.211477606747,19.5));
#13987=CARTESIAN_POINT('Ctrl Pts',(57.2179892411069,55.5567772342159,35.5035810501269));
#13988=CARTESIAN_POINT('Ctrl Pts',(57.2179892411069,55.5567772342159,19.5));
#13989=CARTESIAN_POINT('Ctrl Pts',(57.0127086450125,55.2585550134389,35.5035810501269));
#13990=CARTESIAN_POINT('Ctrl Pts',(57.0127086450125,55.2585550134389,19.5));
#13991=CARTESIAN_POINT('Ctrl Pts',(56.5605615210974,54.8095094855445,35.5035810501269));
#13992=CARTESIAN_POINT('Ctrl Pts',(56.5605615210974,54.8095094855445,19.5));
#13993=CARTESIAN_POINT('Ctrl Pts',(56.293258148279,54.621285783443,35.5035810501269));
#13994=CARTESIAN_POINT('Ctrl Pts',(56.293258148279,54.621285783443,19.5));
#13995=CARTESIAN_POINT('Ctrl Pts',(56.,54.4886890069765,35.5035810501269));
#13996=CARTESIAN_POINT('Ctrl Pts',(56.,54.4886890069765,19.5));
#13997=CARTESIAN_POINT('',(56.,59.3179791034104,27.9999999999999));
#13998=CARTESIAN_POINT('',(56.,59.3179791034104,27.5));
#13999=CARTESIAN_POINT('',(56.,54.4886890069765,27.9999999999999));
#14000=CARTESIAN_POINT('Ctrl Pts',(56.,54.4886890069765,27.9999999999999));
#14001=CARTESIAN_POINT('Ctrl Pts',(56.293258148279,54.621285783443,27.9999999999999));
#14002=CARTESIAN_POINT('Ctrl Pts',(56.5605615210974,54.8095094855445,27.9999999999999));
#14003=CARTESIAN_POINT('Ctrl Pts',(56.7755901994354,55.0230631305188,27.9999999999999));
#14004=CARTESIAN_POINT('Ctrl Pts',(57.0127086450125,55.2585550134389,27.9999999999999));
#14005=CARTESIAN_POINT('Ctrl Pts',(57.2179892411069,55.5567772342159,27.9999999999999));
#14006=CARTESIAN_POINT('Ctrl Pts',(57.3543812812451,55.8841274204814,27.9999999999999));
#14007=CARTESIAN_POINT('Ctrl Pts',(57.4907733213834,56.211477606747,27.9999999999999));
#14008=CARTESIAN_POINT('Ctrl Pts',(57.5582173791815,56.568102192689,27.9999999999999));
#14009=CARTESIAN_POINT('Ctrl Pts',(57.5582173791815,56.9033340551935,27.9999999999999));
#14010=CARTESIAN_POINT('Ctrl Pts',(57.5582173791815,57.2385659176979,27.9999999999999));
#14011=CARTESIAN_POINT('Ctrl Pts',(57.4907733213834,57.59519050364,27.9999999999999));
#14012=CARTESIAN_POINT('Ctrl Pts',(57.3543812812451,57.9225406899055,27.9999999999999));
#14013=CARTESIAN_POINT('Ctrl Pts',(57.2179892411068,58.2498908761711,27.9999999999999));
#14014=CARTESIAN_POINT('Ctrl Pts',(57.0127086450126,58.548113096948,27.9999999999999));
#14015=CARTESIAN_POINT('Ctrl Pts',(56.7755901994354,58.7836049798682,27.9999999999999));
#14016=CARTESIAN_POINT('Ctrl Pts',(56.5605615210941,58.9971586248457,27.9999999999999));
#14017=CARTESIAN_POINT('Ctrl Pts',(56.2932581483217,59.1853823269246,27.9999999999999));
#14018=CARTESIAN_POINT('Ctrl Pts',(56.,59.3179791034104,27.9999999999999));
#14019=CARTESIAN_POINT('',(56.,54.4886890069765,27.5));
#14020=CARTESIAN_POINT('Origin',(42.583583819945,32.9029676144299,29.5));
#14021=CARTESIAN_POINT('',(46.0915228662644,29.7003337534793,29.));
#14022=CARTESIAN_POINT('',(43.0014587301099,28.171384310772,29.));
#14023=CARTESIAN_POINT('Origin',(42.583583819945,32.9029676144299,29.));
#14024=CARTESIAN_POINT('',(43.0014587301099,28.171384310772,29.));
#14025=CARTESIAN_POINT('Ctrl Pts',(47.0915228662644,29.3335158981759,30.));
#14026=CARTESIAN_POINT('Ctrl Pts',(46.7582015904192,29.4495015942068,29.6666787241548));
#14027=CARTESIAN_POINT('Ctrl Pts',(46.422594784791,29.5719358407875,29.3310719185265));
#14028=CARTESIAN_POINT('Ctrl Pts',(46.0915228662644,29.7003337534793,29.));
#14029=CARTESIAN_POINT('Origin',(46.5915228662644,18.052800737693,29.5));
#14030=CARTESIAN_POINT('',(46.0915228662644,36.105601475386,29.));
#14031=CARTESIAN_POINT('Ctrl Pts',(47.0915228662644,36.472419330691,30.));
#14032=CARTESIAN_POINT('Ctrl Pts',(46.7582015903575,36.3564336346385,29.6666787240931));
#14033=CARTESIAN_POINT('Ctrl Pts',(46.4225947847673,36.2339993880698,29.3310719185029));
#14034=CARTESIAN_POINT('Ctrl Pts',(46.0915228662642,36.105601475387,28.9999999999998));
#14035=CARTESIAN_POINT('',(46.0915228662644,18.052800737693,29.));
#14036=CARTESIAN_POINT('Origin',(34.9082173791814,40.5783340551935,29.5));
#14037=CARTESIAN_POINT('',(38.1108512401321,44.0862731015129,29.));
#14038=CARTESIAN_POINT('',(39.6398008254912,40.9962073501134,29.));
#14039=CARTESIAN_POINT('Origin',(34.9082173791814,40.5783340551935,29.));
#14040=CARTESIAN_POINT('',(39.6398008254912,40.9962073501134,29.));
#14041=CARTESIAN_POINT('Ctrl Pts',(38.4776690954355,45.0862731015129,30.));
#14042=CARTESIAN_POINT('Ctrl Pts',(38.3616833994048,44.7529518256684,29.6666787241556));
#14043=CARTESIAN_POINT('Ctrl Pts',(38.2392491528239,44.4173450200397,29.3310719185268));
#14044=CARTESIAN_POINT('Ctrl Pts',(38.1108512401321,44.0862731015129,29.));
#14045=CARTESIAN_POINT('Origin',(18.7817239472499,44.5862731015129,29.5));
#14046=CARTESIAN_POINT('',(31.7055835182308,44.0862731015129,29.));
#14047=CARTESIAN_POINT('Ctrl Pts',(31.3387656629274,45.0862731015129,30.));
#14048=CARTESIAN_POINT('Ctrl Pts',(31.4547513589579,44.7529518256686,29.6666787241558));
#14049=CARTESIAN_POINT('Ctrl Pts',(31.5771856055389,44.4173450200398,29.3310719185269));
#14050=CARTESIAN_POINT('Ctrl Pts',(31.7055835182308,44.0862731015129,29.));
#14051=CARTESIAN_POINT('',(18.7817239472499,44.0862731015129,29.));
#14052=CARTESIAN_POINT('Origin',(27.2328509384179,32.9029676144299,29.5));
#14053=CARTESIAN_POINT('',(23.7249118920985,36.1056014753805,29.));
#14054=CARTESIAN_POINT('',(26.8149761935738,37.6345509326883,29.));
#14055=CARTESIAN_POINT('Origin',(27.2328509384179,32.9029676144299,29.));
#14056=CARTESIAN_POINT('',(26.8149761935738,37.6345509326883,29.));
#14057=CARTESIAN_POINT('Ctrl Pts',(22.7249118920985,36.4724193306839,30.));
#14058=CARTESIAN_POINT('Ctrl Pts',(23.0582331679424,36.3564336346535,29.666678724156));
#14059=CARTESIAN_POINT('Ctrl Pts',(23.3938399735714,36.2339993880724,29.331071918527));
#14060=CARTESIAN_POINT('Ctrl Pts',(23.7249118920984,36.1056014753805,29.));
#14061=CARTESIAN_POINT('Origin',(14.7245247202187,37.068715868065,29.5));
#14062=CARTESIAN_POINT('',(28.443544311952,37.7783796754643,29.));
#14063=CARTESIAN_POINT('',(28.443544311952,37.7783796754643,29.));
#14064=CARTESIAN_POINT('',(14.7685115478484,36.5706544672366,29.));
#14065=CARTESIAN_POINT('Origin',(28.2895904152479,39.5215945783634,29.5));
#14066=CARTESIAN_POINT('',(30.032805318147,39.3676406816593,29.));
#14067=CARTESIAN_POINT('',(30.032805318147,39.3676406816593,29.));
#14068=CARTESIAN_POINT('Origin',(28.2895904152479,39.5215945783634,29.));
#14069=CARTESIAN_POINT('Origin',(27.7162509384878,18.8208913903491,29.5));
#14070=CARTESIAN_POINT('',(30.1766340844636,40.9962090665875,29.));
#14071=CARTESIAN_POINT('',(30.1766340844636,40.9962090665875,29.));
#14072=CARTESIAN_POINT('',(28.2143123393161,18.7769045627194,29.));
#14073=CARTESIAN_POINT('Origin',(34.9082173791814,40.5783340551935,29.5));
#14074=CARTESIAN_POINT('Origin',(34.9082173791814,40.5783340551935,29.));
#14075=CARTESIAN_POINT('Origin',(23.2249118920985,14.8501668767396,29.5));
#14076=CARTESIAN_POINT('',(23.7249118920985,29.7003337534792,29.));
#14077=CARTESIAN_POINT('',(23.7249118920985,14.8501668767396,29.));
#14078=CARTESIAN_POINT('Ctrl Pts',(22.7249118920985,29.3335158981758,30.));
#14079=CARTESIAN_POINT('Ctrl Pts',(23.0582331679432,29.4495015942065,29.6666787241553));
#14080=CARTESIAN_POINT('Ctrl Pts',(23.3938399735717,29.5719358407874,29.3310719185268));
#14081=CARTESIAN_POINT('Ctrl Pts',(23.7249118920985,29.7003337534792,29.));
#14082=CARTESIAN_POINT('Origin',(34.9082173791815,25.2276011736663,29.5));
#14083=CARTESIAN_POINT('',(31.7055835182308,21.7196621273469,29.));
#14084=CARTESIAN_POINT('',(30.1766340673508,24.8097263560405,29.));
#14085=CARTESIAN_POINT('Origin',(34.9082173791815,25.2276011736663,29.));
#14086=CARTESIAN_POINT('',(30.1766340673508,24.8097263560405,29.));
#14087=CARTESIAN_POINT('Ctrl Pts',(31.3387656629274,20.7196621273469,30.));
#14088=CARTESIAN_POINT('Ctrl Pts',(31.4547513589582,21.0529834031916,29.6666787241553));
#14089=CARTESIAN_POINT('Ctrl Pts',(31.577185605539,21.3885902088202,29.3310719185267));
#14090=CARTESIAN_POINT('Ctrl Pts',(31.7055835182308,21.7196621273469,29.));
#14091=CARTESIAN_POINT('Origin',(30.6715367266739,13.5224401721976,29.5));
#14092=CARTESIAN_POINT('',(30.0328053181471,26.4382945472004,29.));
#14093=CARTESIAN_POINT('',(30.0328053181471,26.4382945472004,29.));
#14094=CARTESIAN_POINT('',(31.1695981275023,13.5664269998274,29.));
#14095=CARTESIAN_POINT('Origin',(28.2895904152479,26.2843406504963,29.5));
#14096=CARTESIAN_POINT('',(28.443544311952,28.0275555533955,29.));
#14097=CARTESIAN_POINT('',(28.443544311952,28.0275555533955,29.));
#14098=CARTESIAN_POINT('Origin',(28.2895904152479,26.2843406504963,29.));
#14099=CARTESIAN_POINT('Origin',(18.4221801929921,28.4106569457099,29.5));
#14100=CARTESIAN_POINT('',(26.8149760764987,28.171384306511,29.));
#14101=CARTESIAN_POINT('',(26.8149760764987,28.171384306511,29.));
#14102=CARTESIAN_POINT('',(18.4661670206218,28.9087183465382,29.));
#14103=CARTESIAN_POINT('Origin',(27.2328509384179,32.9029676144299,29.5));
#14104=CARTESIAN_POINT('Origin',(27.2328509384179,32.9029676144299,29.));
#14105=CARTESIAN_POINT('Origin',(41.803438255725,22.1809316418491,29.5));
#14106=CARTESIAN_POINT('',(39.7836294402158,39.3676406816592,29.));
#14107=CARTESIAN_POINT('',(39.7836294402158,39.3676406816592,29.));
#14108=CARTESIAN_POINT('',(41.3053768548966,22.1369448142193,29.));
#14109=CARTESIAN_POINT('Origin',(41.526844343115,39.5215945783634,29.5));
#14110=CARTESIAN_POINT('',(41.3728904464109,37.7783796754643,29.));
#14111=CARTESIAN_POINT('',(41.3728904464109,37.7783796754643,29.));
#14112=CARTESIAN_POINT('Origin',(41.526844343115,39.5215945783634,29.));
#14113=CARTESIAN_POINT('Origin',(25.4521042328331,39.6863871567225,29.5));
#14114=CARTESIAN_POINT('',(43.0014651146995,37.634550354226,29.));
#14115=CARTESIAN_POINT('',(43.0014651146995,37.634550354226,29.));
#14116=CARTESIAN_POINT('',(25.4081174052034,39.1883257558942,29.));
#14117=CARTESIAN_POINT('Origin',(42.583583819945,32.9029676144299,29.5));
#14118=CARTESIAN_POINT('Origin',(42.583583819945,32.9029676144299,29.));
#14119=CARTESIAN_POINT('Origin',(21.9843578082461,21.2196621273469,29.5));
#14120=CARTESIAN_POINT('',(38.1108512402232,21.7196621273469,29.));
#14121=CARTESIAN_POINT('',(21.9843578082461,21.7196621273469,29.));
#14122=CARTESIAN_POINT('Ctrl Pts',(38.4776690955552,20.7196621273469,30.));
#14123=CARTESIAN_POINT('Ctrl Pts',(38.3616833991553,21.0529834042438,29.6666787231031));
#14124=CARTESIAN_POINT('Ctrl Pts',(38.2392491527808,21.3885902092242,29.3310719181228));
#14125=CARTESIAN_POINT('Ctrl Pts',(38.110851240241,21.7196621273504,28.9999999999966));
#14126=CARTESIAN_POINT('Origin',(23.3830169610983,25.9368144071285,29.5));
#14127=CARTESIAN_POINT('',(41.3728904464109,28.0275555533955,29.));
#14128=CARTESIAN_POINT('',(41.3728904464109,28.0275555533955,29.));
#14129=CARTESIAN_POINT('',(23.3390301334686,26.4348758079568,29.));
#14130=CARTESIAN_POINT('Origin',(41.526844343115,26.2843406504964,29.5));
#14131=CARTESIAN_POINT('',(39.7836294402159,26.4382945472004,29.));
#14132=CARTESIAN_POINT('',(39.7836294402159,26.4382945472004,29.));
#14133=CARTESIAN_POINT('Origin',(41.526844343115,26.2843406504964,29.));
#14134=CARTESIAN_POINT('Origin',(38.9919811495003,11.7909673505081,29.5));
#14135=CARTESIAN_POINT('',(39.6397983497133,24.8096998455914,29.));
#14136=CARTESIAN_POINT('',(39.6397983497133,24.8096998455914,29.));
#14137=CARTESIAN_POINT('',(38.493919748672,11.8349541781378,29.));
#14138=CARTESIAN_POINT('Origin',(34.9082173791815,25.2276011736663,29.5));
#14139=CARTESIAN_POINT('Origin',(34.9082173791815,25.2276011736663,29.));
#14140=CARTESIAN_POINT('Origin',(31.7055835182308,44.0862731015129,27.5));
#14141=CARTESIAN_POINT('',(31.7055835182308,44.0862731015129,28.));
#14142=CARTESIAN_POINT('',(31.7055835182308,44.0862731015129,27.5));
#14143=CARTESIAN_POINT('',(38.1108512401321,44.0862731015129,28.));
#14144=CARTESIAN_POINT('',(33.3069004487061,44.0862731015129,28.));
#14145=CARTESIAN_POINT('',(38.1108512401321,44.0862731015129,27.5));
#14146=CARTESIAN_POINT('Origin',(34.9082173791814,40.5783340551935,27.5));
#14147=CARTESIAN_POINT('',(30.1766340844636,40.9962090665875,28.));
#14148=CARTESIAN_POINT('',(30.1766340844636,40.9962090665875,27.5));
#14149=CARTESIAN_POINT('Origin',(34.9082173791814,40.5783340551935,28.));
#14150=CARTESIAN_POINT('Origin',(30.032805318147,39.3676406816593,27.5));
#14151=CARTESIAN_POINT('',(30.032805318147,39.3676406816593,28.));
#14152=CARTESIAN_POINT('',(30.032805318147,39.3676406816593,27.5));
#14153=CARTESIAN_POINT('',(29.7684136745035,36.3739428067207,28.));
#14154=CARTESIAN_POINT('Origin',(28.2895904152479,39.5215945783634,27.5));
#14155=CARTESIAN_POINT('',(28.443544311952,37.7783796754643,28.));
#14156=CARTESIAN_POINT('',(28.443544311952,37.7783796754643,27.5));
#14157=CARTESIAN_POINT('Origin',(28.2895904152479,39.5215945783634,28.));
#14158=CARTESIAN_POINT('Origin',(26.8149761935738,37.6345509326883,27.5));
#14159=CARTESIAN_POINT('',(26.8149761935738,37.6345509326883,28.));
#14160=CARTESIAN_POINT('',(26.8149761935738,37.6345509326883,27.5));
#14161=CARTESIAN_POINT('',(30.6229581277015,37.9708569477199,28.));
#14162=CARTESIAN_POINT('Origin',(27.2328509384179,32.9029676144299,27.5));
#14163=CARTESIAN_POINT('',(23.7249118920985,36.1056014753805,28.));
#14164=CARTESIAN_POINT('',(23.7249118920985,36.1056014753805,27.5));
#14165=CARTESIAN_POINT('Origin',(27.2328509384179,32.9029676144299,28.));
#14166=CARTESIAN_POINT('Origin',(23.7249118920985,29.7003337534792,27.5));
#14167=CARTESIAN_POINT('',(23.7249118920985,29.7003337534792,28.));
#14168=CARTESIAN_POINT('',(23.7249118920985,29.7003337534792,27.5));
#14169=CARTESIAN_POINT('',(23.7249118920985,31.3016506839545,28.));
#14170=CARTESIAN_POINT('Origin',(27.2328509384179,32.9029676144299,27.5));
#14171=CARTESIAN_POINT('',(26.8149760764987,28.171384306511,28.));
#14172=CARTESIAN_POINT('',(26.8149760764987,28.171384306511,27.5));
#14173=CARTESIAN_POINT('Origin',(27.2328509384179,32.9029676144299,28.));
#14174=CARTESIAN_POINT('Origin',(28.443544311952,28.0275555533955,27.5));
#14175=CARTESIAN_POINT('',(28.443544311952,28.0275555533955,28.));
#14176=CARTESIAN_POINT('',(28.443544311952,28.0275555533955,27.5));
#14177=CARTESIAN_POINT('',(31.4372421868907,27.7631639097519,28.));
#14178=CARTESIAN_POINT('Origin',(28.2895904152479,26.2843406504963,27.5));
#14179=CARTESIAN_POINT('',(30.0328053181471,26.4382945472004,28.));
#14180=CARTESIAN_POINT('',(30.0328053181471,26.4382945472004,27.5));
#14181=CARTESIAN_POINT('Origin',(28.2895904152479,26.2843406504963,28.));
#14182=CARTESIAN_POINT('Origin',(30.1766340673508,24.8097263560405,27.5));
#14183=CARTESIAN_POINT('',(30.1766340673508,24.8097263560405,28.));
#14184=CARTESIAN_POINT('',(30.1766340673508,24.8097263560405,27.5));
#14185=CARTESIAN_POINT('',(29.8403280491054,28.6177083265591,28.));
#14186=CARTESIAN_POINT('Origin',(34.9082173791815,25.2276011736663,27.5));
#14187=CARTESIAN_POINT('',(31.7055835182308,21.7196621273469,28.));
#14188=CARTESIAN_POINT('',(31.7055835182308,21.7196621273469,27.5));
#14189=CARTESIAN_POINT('Origin',(34.9082173791815,25.2276011736663,28.));
#14190=CARTESIAN_POINT('Origin',(38.1108512402232,21.7196621273469,27.5));
#14191=CARTESIAN_POINT('',(38.1108512402232,21.7196621273469,28.));
#14192=CARTESIAN_POINT('',(38.1108512402232,21.7196621273469,27.5));
#14193=CARTESIAN_POINT('',(36.5095343097023,21.7196621273469,28.));
#14194=CARTESIAN_POINT('Origin',(34.9082173791815,25.2276011736663,27.5));
#14195=CARTESIAN_POINT('',(39.6397983497133,24.8096998455914,28.));
#14196=CARTESIAN_POINT('',(39.6397983497133,24.8096998455914,27.5));
#14197=CARTESIAN_POINT('Origin',(34.9082173791815,25.2276011736663,28.));
#14198=CARTESIAN_POINT('Origin',(39.7836294402159,26.4382945472004,27.5));
#14199=CARTESIAN_POINT('',(39.7836294402159,26.4382945472004,28.));
#14200=CARTESIAN_POINT('',(39.7836294402159,26.4382945472004,27.5));
#14201=CARTESIAN_POINT('',(40.0480210838594,29.4319924221391,28.));
#14202=CARTESIAN_POINT('Origin',(41.526844343115,26.2843406504964,27.5));
#14203=CARTESIAN_POINT('',(41.3728904464109,28.0275555533955,28.));
#14204=CARTESIAN_POINT('',(41.3728904464109,28.0275555533955,27.5));
#14205=CARTESIAN_POINT('Origin',(41.526844343115,26.2843406504964,28.));
#14206=CARTESIAN_POINT('Origin',(43.0014587301099,28.171384310772,27.5));
#14207=CARTESIAN_POINT('',(43.0014587301099,28.171384310772,28.));
#14208=CARTESIAN_POINT('',(43.0014587301099,28.171384310772,27.5));
#14209=CARTESIAN_POINT('',(39.1934767133218,27.8350782884402,28.));
#14210=CARTESIAN_POINT('Origin',(42.583583819945,32.9029676144299,27.5));
#14211=CARTESIAN_POINT('',(46.0915228662644,29.7003337534793,28.));
#14212=CARTESIAN_POINT('',(46.0915228662644,29.7003337534793,27.5));
#14213=CARTESIAN_POINT('Origin',(42.583583819945,32.9029676144299,28.));
#14214=CARTESIAN_POINT('Origin',(46.0915228662644,36.105601475386,27.5));
#14215=CARTESIAN_POINT('',(46.0915228662644,36.105601475386,28.));
#14216=CARTESIAN_POINT('',(46.0915228662644,36.105601475386,27.5));
#14217=CARTESIAN_POINT('',(46.0915228662644,34.5042845449079,28.));
#14218=CARTESIAN_POINT('Origin',(42.583583819945,32.9029676144299,27.5));
#14219=CARTESIAN_POINT('',(43.0014651146995,37.634550354226,28.));
#14220=CARTESIAN_POINT('',(43.0014651146995,37.634550354226,27.5));
#14221=CARTESIAN_POINT('Origin',(42.583583819945,32.9029676144299,28.));
#14222=CARTESIAN_POINT('Origin',(41.3728904464109,37.7783796754643,27.5));
#14223=CARTESIAN_POINT('',(41.3728904464109,37.7783796754643,28.));
#14224=CARTESIAN_POINT('',(41.3728904464109,37.7783796754643,27.5));
#14225=CARTESIAN_POINT('',(38.3791925714722,38.0427713191078,28.));
#14226=CARTESIAN_POINT('Origin',(41.526844343115,39.5215945783634,27.5));
#14227=CARTESIAN_POINT('',(39.7836294402158,39.3676406816592,28.));
#14228=CARTESIAN_POINT('',(39.7836294402158,39.3676406816592,27.5));
#14229=CARTESIAN_POINT('Origin',(41.526844343115,39.5215945783634,28.));
#14230=CARTESIAN_POINT('Origin',(39.6398008254912,40.9962073501134,27.5));
#14231=CARTESIAN_POINT('',(39.6398008254912,40.9962073501134,28.));
#14232=CARTESIAN_POINT('',(39.6398008254912,40.9962073501134,27.5));
#14233=CARTESIAN_POINT('',(39.9761067764975,37.1882261409482,28.));
#14234=CARTESIAN_POINT('Origin',(34.9082173791814,40.5783340551935,27.5));
#14235=CARTESIAN_POINT('Origin',(34.9082173791814,40.5783340551935,28.));
#14236=CARTESIAN_POINT('Origin',(54.9082173791815,56.9033340551935,27.5));
#14237=CARTESIAN_POINT('Origin',(54.9082173791815,56.9033340551935,27.9999999999999));
#14238=CARTESIAN_POINT('Origin',(54.9082173791815,51.9033340551935,29.2499999999999));
#14239=CARTESIAN_POINT('',(51.0332173791815,51.9033340551935,27.4999999999999));
#14240=CARTESIAN_POINT('',(51.0332173791815,51.9033340551935,29.4999999999999));
#14241=CARTESIAN_POINT('',(51.0332173791815,51.9033340551935,28.3749999999999));
#14242=CARTESIAN_POINT('',(51.6332173791815,51.9033340551935,29.4999999999999));
#14243=CARTESIAN_POINT('',(54.9082173791815,51.9033340551935,29.4999999999999));
#14244=CARTESIAN_POINT('',(51.6332173791815,51.9033340551935,27.9999999999999));
#14245=CARTESIAN_POINT('',(51.6332173791815,51.9033340551935,28.3749999999999));
#14246=CARTESIAN_POINT('',(58.1832173791815,51.9033340551935,27.9999999999998));
#14247=CARTESIAN_POINT('',(54.9082173791815,51.9033340551935,27.9999999999999));
#14248=CARTESIAN_POINT('',(58.1832173791815,51.9033340551935,29.4999999999998));
#14249=CARTESIAN_POINT('',(58.1832173791815,51.9033340551935,28.3749999999998));
#14250=CARTESIAN_POINT('',(58.7832173791815,51.9033340551935,29.4999999999998));
#14251=CARTESIAN_POINT('',(54.9082173791815,51.9033340551935,29.4999999999999));
#14252=CARTESIAN_POINT('',(58.7832173791815,51.9033340551935,27.4999999999998));
#14253=CARTESIAN_POINT('',(58.7832173791815,51.9033340551935,28.3749999999998));
#14254=CARTESIAN_POINT('',(54.9082173791815,51.9033340551935,27.5));
#14255=CARTESIAN_POINT('Origin',(58.1832173791815,59.3859534121198,27.4999999999998));
#14256=CARTESIAN_POINT('',(58.1832173791815,59.3859534121198,27.9999999999998));
#14257=CARTESIAN_POINT('',(58.1832173791815,55.6446437336567,27.9999999999998));
#14258=CARTESIAN_POINT('',(58.1832173791815,59.3859534121198,29.4999999999998));
#14259=CARTESIAN_POINT('',(58.1832173791815,59.3859534121198,27.4999999999998));
#14260=CARTESIAN_POINT('',(58.1832173791815,59.3859534121198,29.4999999999998));
#14261=CARTESIAN_POINT('Origin',(58.7832173791815,44.232949842668,27.4999999999998));
#14262=CARTESIAN_POINT('',(58.7832173791815,59.5737182677189,29.4999999999998));
#14263=CARTESIAN_POINT('',(58.7832173791815,59.5737182677189,29.4999999999998));
#14264=CARTESIAN_POINT('',(58.7832173791815,59.5737182677189,27.4999999999998));
#14265=CARTESIAN_POINT('',(58.7832173791815,59.5737182677189,27.4999999999998));
#14266=CARTESIAN_POINT('',(58.7832173791815,50.5681419489308,27.5));
#14267=CARTESIAN_POINT('Origin',(54.9082173791815,51.9033340551935,29.4999999999999));
#14268=CARTESIAN_POINT('',(51.6332173791815,59.3859534121198,29.4999999999999));
#14269=CARTESIAN_POINT('Origin',(54.9082173791815,57.0033340551935,29.4999999999999));
#14270=CARTESIAN_POINT('',(51.6332173791815,44.4207146982672,29.4999999999999));
#14271=CARTESIAN_POINT('',(51.0332173791815,59.5737182677189,29.4999999999999));
#14272=CARTESIAN_POINT('',(51.0332173791815,44.232949842668,29.4999999999999));
#14273=CARTESIAN_POINT('Origin',(54.9082173791815,57.0033340551935,29.4999999999999));
#14274=CARTESIAN_POINT('Origin',(54.9082173791815,51.9033340551935,27.9999999999999));
#14275=CARTESIAN_POINT('',(51.6332173791815,59.3859534121198,27.9999999999999));
#14276=CARTESIAN_POINT('',(51.6332173791815,48.1620243767303,27.9999999999999));
#14277=CARTESIAN_POINT('Origin',(54.9082173791815,57.0033340551935,27.9999999999999));
#14278=CARTESIAN_POINT('Origin',(51.6332173791815,44.4207146982672,27.4999999999999));
#14279=CARTESIAN_POINT('',(51.6332173791815,59.3859534121198,27.4999999999999));
#14280=CARTESIAN_POINT('Origin',(54.9082173791815,57.0033340551935,27.4999999999999));
#14281=CARTESIAN_POINT('Origin',(51.0332173791815,59.5737182677189,27.4999999999999));
#14282=CARTESIAN_POINT('',(51.0332173791815,59.5737182677189,27.4999999999999));
#14283=CARTESIAN_POINT('',(51.0332173791815,58.2385261614562,27.5));
#14284=CARTESIAN_POINT('',(51.0332173791815,59.5737182677189,27.4999999999999));
#14285=CARTESIAN_POINT('Origin',(54.9082173791815,57.0033340551935,27.4999999999999));
#14286=CARTESIAN_POINT('Origin',(54.9082173791815,57.0033340551935,27.5));
#14287=CARTESIAN_POINT('Origin',(27.2328509384179,32.9029676144299,27.5));
#14288=CARTESIAN_POINT('',(26.7270025630803,38.6306737365322,28.));
#14289=CARTESIAN_POINT('',(22.7249118920985,36.4724193306839,28.));
#14290=CARTESIAN_POINT('Origin',(27.2328509384179,32.9029676144299,28.));
#14291=CARTESIAN_POINT('',(22.7249118920985,36.4724193306839,29.5));
#14292=CARTESIAN_POINT('',(22.7249118920985,36.4724193306839,27.5));
#14293=CARTESIAN_POINT('',(26.7270025630803,38.6306737365322,29.5));
#14294=CARTESIAN_POINT('Origin',(27.2328509384179,32.9029676144299,29.5));
#14295=CARTESIAN_POINT('',(26.7270025630803,38.6306737365322,27.5));
#14296=CARTESIAN_POINT('Origin',(26.7270025630803,38.6306737365322,27.5));
#14297=CARTESIAN_POINT('',(28.3555706566925,38.7745024771209,28.));
#14298=CARTESIAN_POINT('',(30.534984484825,38.9669797504701,28.));
#14299=CARTESIAN_POINT('',(28.3555706566925,38.7745024771209,29.5));
#14300=CARTESIAN_POINT('',(26.6565664630034,38.6244530966917,29.5));
#14301=CARTESIAN_POINT('',(28.3555706566925,38.7745024771209,27.5));
#14302=CARTESIAN_POINT('Origin',(28.2895904152479,39.5215945783634,27.5));
#14303=CARTESIAN_POINT('',(29.0366825164904,39.4556143369188,28.));
#14304=CARTESIAN_POINT('Origin',(28.2895904152479,39.5215945783634,28.));
#14305=CARTESIAN_POINT('',(29.0366825164904,39.4556143369188,29.5));
#14306=CARTESIAN_POINT('Origin',(28.2895904152479,39.5215945783634,29.5));
#14307=CARTESIAN_POINT('',(29.0366825164904,39.4556143369188,27.5));
#14308=CARTESIAN_POINT('Origin',(29.0366825164904,39.4556143369188,27.5));
#14309=CARTESIAN_POINT('',(29.180511282807,41.0841827218469,28.));
#14310=CARTESIAN_POINT('',(28.7722908728468,36.4619164619802,28.));
#14311=CARTESIAN_POINT('',(29.180511282807,41.0841827218469,29.5));
#14312=CARTESIAN_POINT('',(29.1867318969196,41.1546185306079,29.5));
#14313=CARTESIAN_POINT('',(29.180511282807,41.0841827218469,27.5));
#14314=CARTESIAN_POINT('Origin',(34.9082173791814,40.5783340551935,27.5));
#14315=CARTESIAN_POINT('',(31.3387656629274,45.0862731015129,28.));
#14316=CARTESIAN_POINT('Origin',(34.9082173791814,40.5783340551935,28.));
#14317=CARTESIAN_POINT('',(31.3387656629274,45.0862731015129,29.5));
#14318=CARTESIAN_POINT('Origin',(34.9082173791814,40.5783340551935,29.5));
#14319=CARTESIAN_POINT('',(31.3387656629274,45.0862731015129,27.5));
#14320=CARTESIAN_POINT('Origin',(31.3387656629274,45.0862731015129,27.5));
#14321=CARTESIAN_POINT('',(38.4776690954355,45.0862731015129,28.));
#14322=CARTESIAN_POINT('',(33.1234915210544,45.0862731015129,28.));
#14323=CARTESIAN_POINT('',(38.4776690954355,45.0862731015129,29.5));
#14324=CARTESIAN_POINT('',(30.8883966494615,45.0862731015129,29.5));
#14325=CARTESIAN_POINT('',(38.4776690954355,45.0862731015129,27.5));
#14326=CARTESIAN_POINT('Origin',(34.9082173791814,40.5783340551935,27.5));
#14327=CARTESIAN_POINT('',(40.6359236562933,41.0841806753596,28.));
#14328=CARTESIAN_POINT('Origin',(34.9082173791814,40.5783340551935,28.));
#14329=CARTESIAN_POINT('',(40.6359236562933,41.0841806753596,29.5));
#14330=CARTESIAN_POINT('Origin',(34.9082173791814,40.5783340551935,29.5));
#14331=CARTESIAN_POINT('',(40.6359236562933,41.0841806753596,27.5));
#14332=CARTESIAN_POINT('Origin',(40.6359236562936,41.0841806753597,27.5));
#14333=CARTESIAN_POINT('',(40.7797522418725,39.4556143369188,28.));
#14334=CARTESIAN_POINT('',(40.9722295927266,37.2761996312006,28.));
#14335=CARTESIAN_POINT('',(40.7797522418725,39.4556143369188,29.5));
#14336=CARTESIAN_POINT('',(40.6297028614433,41.1546185306079,29.5));
#14337=CARTESIAN_POINT('',(40.7797522418725,39.4556143369188,27.5));
#14338=CARTESIAN_POINT('Origin',(41.526844343115,39.5215945783634,27.5));
#14339=CARTESIAN_POINT('',(41.4608641016704,38.774502477121,28.));
#14340=CARTESIAN_POINT('Origin',(41.526844343115,39.5215945783634,28.));
#14341=CARTESIAN_POINT('',(41.4608641016704,38.774502477121,29.5));
#14342=CARTESIAN_POINT('Origin',(41.526844343115,39.5215945783634,29.5));
#14343=CARTESIAN_POINT('',(41.4608641016704,38.774502477121,27.5));
#14344=CARTESIAN_POINT('Origin',(41.4608641016704,38.774502477121,27.5));
#14345=CARTESIAN_POINT('',(43.089438769959,38.6306731558826,28.));
#14346=CARTESIAN_POINT('',(38.4671662267317,39.0388941207645,28.));
#14347=CARTESIAN_POINT('',(43.089438769959,38.6306731558826,29.5));
#14348=CARTESIAN_POINT('',(43.1598682953594,38.6244530966918,29.5));
#14349=CARTESIAN_POINT('',(43.089438769959,38.6306731558826,27.5));
#14350=CARTESIAN_POINT('Origin',(42.583583819945,32.9029676144299,27.5));
#14351=CARTESIAN_POINT('',(47.0915228662644,36.472419330684,28.));
#14352=CARTESIAN_POINT('Origin',(42.583583819945,32.9029676144299,28.));
#14353=CARTESIAN_POINT('',(47.0915228662644,36.472419330684,29.5));
#14354=CARTESIAN_POINT('Origin',(42.583583819945,32.9029676144299,29.5));
#14355=CARTESIAN_POINT('',(47.0915228662644,36.472419330684,27.5));
#14356=CARTESIAN_POINT('Origin',(47.0915228662644,36.472419330684,27.5));
#14357=CARTESIAN_POINT('',(47.0915228662644,29.3335158981759,28.));
#14358=CARTESIAN_POINT('',(47.0915228662644,34.6876934725569,28.));
#14359=CARTESIAN_POINT('',(47.0915228662644,29.3335158981759,29.5));
#14360=CARTESIAN_POINT('',(47.0915228662644,36.9227883441498,29.5));
#14361=CARTESIAN_POINT('',(47.0915228662644,29.3335158981759,27.5));
#14362=CARTESIAN_POINT('Origin',(22.7249118920985,29.3335158981758,27.5));
#14363=CARTESIAN_POINT('',(22.7249118920985,29.3335158981758,28.));
#14364=CARTESIAN_POINT('',(22.7249118920985,31.1182417563028,28.));
#14365=CARTESIAN_POINT('',(22.7249118920985,29.3335158981758,29.5));
#14366=CARTESIAN_POINT('',(22.7249118920985,29.3335158981758,27.5));
#14367=CARTESIAN_POINT('',(22.7249118920985,28.88314688471,29.5));
#14368=CARTESIAN_POINT('Origin',(27.2328509384179,32.9029676144299,27.5));
#14369=CARTESIAN_POINT('',(26.7270024212393,27.1752615048544,28.));
#14370=CARTESIAN_POINT('Origin',(27.2328509384179,32.9029676144299,28.));
#14371=CARTESIAN_POINT('',(26.7270024212393,27.1752615048544,29.5));
#14372=CARTESIAN_POINT('',(26.7270024212393,27.1752615048544,27.5));
#14373=CARTESIAN_POINT('Origin',(27.2328509384179,32.9029676144299,29.5));
#14374=CARTESIAN_POINT('Origin',(28.3555706566925,27.0314327517388,27.5));
#14375=CARTESIAN_POINT('',(28.3555706566925,27.0314327517388,28.));
#14376=CARTESIAN_POINT('',(31.3492685316312,26.7670411080953,28.));
#14377=CARTESIAN_POINT('',(28.3555706566925,27.0314327517388,29.5));
#14378=CARTESIAN_POINT('',(28.3555706566925,27.0314327517388,27.5));
#14379=CARTESIAN_POINT('',(26.6565664630035,27.181482132168,29.5));
#14380=CARTESIAN_POINT('Origin',(28.2895904152479,26.2843406504963,27.5));
#14381=CARTESIAN_POINT('',(29.0366825164904,26.3503208919409,28.));
#14382=CARTESIAN_POINT('Origin',(28.2895904152479,26.2843406504963,28.));
#14383=CARTESIAN_POINT('',(29.0366825164904,26.3503208919409,29.5));
#14384=CARTESIAN_POINT('',(29.0366825164904,26.3503208919409,27.5));
#14385=CARTESIAN_POINT('Origin',(28.2895904152479,26.2843406504963,29.5));
#14386=CARTESIAN_POINT('Origin',(29.1805112648602,24.7217527102245,27.5));
#14387=CARTESIAN_POINT('',(29.1805112648602,24.7217527102245,28.));
#14388=CARTESIAN_POINT('',(28.8442052470317,28.5297346760214,28.));
#14389=CARTESIAN_POINT('',(29.1805112648602,24.7217527102245,29.5));
#14390=CARTESIAN_POINT('',(29.1805112648602,24.7217527102245,27.5));
#14391=CARTESIAN_POINT('',(29.1867318969196,24.6513166982519,29.5));
#14392=CARTESIAN_POINT('Origin',(34.9082173791815,25.2276011736663,27.5));
#14393=CARTESIAN_POINT('',(31.3387656629274,20.7196621273469,28.));
#14394=CARTESIAN_POINT('Origin',(34.9082173791815,25.2276011736663,28.));
#14395=CARTESIAN_POINT('',(31.3387656629274,20.7196621273469,29.5));
#14396=CARTESIAN_POINT('',(31.3387656629274,20.7196621273469,27.5));
#14397=CARTESIAN_POINT('Origin',(34.9082173791815,25.2276011736663,29.5));
#14398=CARTESIAN_POINT('Origin',(38.4776690954355,20.7196621273469,27.5));
#14399=CARTESIAN_POINT('',(38.4776690954355,20.7196621273469,28.));
#14400=CARTESIAN_POINT('',(36.6929432373085,20.7196621273469,28.));
#14401=CARTESIAN_POINT('',(38.4776690954355,20.7196621273469,29.5));
#14402=CARTESIAN_POINT('',(38.4776690954355,20.7196621273469,27.5));
#14403=CARTESIAN_POINT('',(38.4776690954355,20.7196621273469,29.5));
#14404=CARTESIAN_POINT('Origin',(34.9082173791815,25.2276011736663,27.5));
#14405=CARTESIAN_POINT('',(40.63592115137,24.721726190332,28.));
#14406=CARTESIAN_POINT('Origin',(34.9082173791815,25.2276011736663,28.));
#14407=CARTESIAN_POINT('',(40.63592115137,24.721726190332,29.5));
#14408=CARTESIAN_POINT('',(40.63592115137,24.721726190332,27.5));
#14409=CARTESIAN_POINT('Origin',(34.9082173791815,25.2276011736663,29.5));
#14410=CARTESIAN_POINT('Origin',(40.7797522418725,26.350320891941,27.5));
#14411=CARTESIAN_POINT('',(40.7797522418725,26.350320891941,28.));
#14412=CARTESIAN_POINT('',(41.0441438855161,29.3440187668796,28.));
#14413=CARTESIAN_POINT('',(40.7797522418725,26.350320891941,29.5));
#14414=CARTESIAN_POINT('',(40.7797522418725,26.350320891941,27.5));
#14415=CARTESIAN_POINT('',(40.6297028614433,24.6513166982519,29.5));
#14416=CARTESIAN_POINT('Origin',(41.526844343115,26.2843406504964,27.5));
#14417=CARTESIAN_POINT('',(41.4608641016704,27.0314327517389,28.));
#14418=CARTESIAN_POINT('Origin',(41.526844343115,26.2843406504964,28.));
#14419=CARTESIAN_POINT('',(41.4608641016704,27.0314327517389,29.5));
#14420=CARTESIAN_POINT('',(41.4608641016704,27.0314327517389,27.5));
#14421=CARTESIAN_POINT('Origin',(41.526844343115,26.2843406504964,29.5));
#14422=CARTESIAN_POINT('Origin',(43.0894323954077,27.1752615100019,27.5));
#14423=CARTESIAN_POINT('',(43.0894323954077,27.1752615100019,28.));
#14424=CARTESIAN_POINT('',(39.2814503736004,26.8389554872268,28.));
#14425=CARTESIAN_POINT('',(43.0894323954077,27.1752615100019,29.5));
#14426=CARTESIAN_POINT('',(43.0894323954077,27.1752615100019,27.5));
#14427=CARTESIAN_POINT('',(43.1598682953595,27.1814821321681,29.5));
#14428=CARTESIAN_POINT('Origin',(42.583583819945,32.9029676144299,27.5));
#14429=CARTESIAN_POINT('Origin',(42.583583819945,32.9029676144299,28.));
#14430=CARTESIAN_POINT('Origin',(42.583583819945,32.9029676144299,29.5));
#14431=CARTESIAN_POINT('Origin',(34.9082173791815,32.9029676144299,29.5));
#14432=CARTESIAN_POINT('',(38.9280381089014,20.1196621273469,29.5));
#14433=CARTESIAN_POINT('',(41.4082173791815,25.2276011736663,29.5));
#14434=CARTESIAN_POINT('Origin',(34.9082173791815,25.2276011736663,29.5));
#14435=CARTESIAN_POINT('',(30.8883966494616,20.1196621273469,29.5));
#14436=CARTESIAN_POINT('',(38.9280381089014,20.1196621273469,29.5));
#14437=CARTESIAN_POINT('',(28.4082173791815,25.2276011736663,29.5));
#14438=CARTESIAN_POINT('Origin',(34.9082173791815,25.2276011736663,29.5));
#14439=CARTESIAN_POINT('',(27.2328509384179,26.4029676144299,29.5));
#14440=CARTESIAN_POINT('Origin',(27.2328509384179,25.2276011736663,29.5));
#14441=CARTESIAN_POINT('',(22.1249118920985,28.88314688471,29.5));
#14442=CARTESIAN_POINT('Origin',(27.2328509384179,32.9029676144299,29.5));
#14443=CARTESIAN_POINT('',(22.1249118920985,36.9227883441498,29.5));
#14444=CARTESIAN_POINT('',(22.1249118920985,28.88314688471,29.5));
#14445=CARTESIAN_POINT('',(27.2328509384179,39.4029676144299,29.5));
#14446=CARTESIAN_POINT('Origin',(27.2328509384179,32.9029676144299,29.5));
#14447=CARTESIAN_POINT('',(28.4082173791814,40.5783340551935,29.5));
#14448=CARTESIAN_POINT('Origin',(27.2328509384178,40.5783340551935,29.5));
#14449=CARTESIAN_POINT('',(30.8883966494615,45.6862731015129,29.5));
#14450=CARTESIAN_POINT('Origin',(34.9082173791814,40.5783340551935,29.5));
#14451=CARTESIAN_POINT('',(38.9280381089013,45.6862731015129,29.5));
#14452=CARTESIAN_POINT('',(30.8883966494615,45.6862731015129,29.5));
#14453=CARTESIAN_POINT('',(41.4082173791814,40.5783340551935,29.5));
#14454=CARTESIAN_POINT('Origin',(34.9082173791814,40.5783340551935,29.5));
#14455=CARTESIAN_POINT('',(42.583583819945,39.4029676144299,29.5));
#14456=CARTESIAN_POINT('Origin',(42.583583819945,40.5783340551935,29.5));
#14457=CARTESIAN_POINT('',(47.6915228662644,36.9227883441498,29.5));
#14458=CARTESIAN_POINT('Origin',(42.583583819945,32.9029676144299,29.5));
#14459=CARTESIAN_POINT('',(47.6915228662644,28.88314688471,29.5));
#14460=CARTESIAN_POINT('',(47.6915228662644,36.9227883441498,29.5));
#14461=CARTESIAN_POINT('',(42.583583819945,26.4029676144299,29.5));
#14462=CARTESIAN_POINT('Origin',(42.583583819945,32.9029676144299,29.5));
#14463=CARTESIAN_POINT('Origin',(42.583583819945,25.2276011736663,29.5));
#14464=CARTESIAN_POINT('Origin',(30.8883966494616,20.1196621273469,27.5));
#14465=CARTESIAN_POINT('',(38.9280381089014,20.1196621273469,27.5));
#14466=CARTESIAN_POINT('',(30.8883966494616,20.1196621273469,27.5));
#14467=CARTESIAN_POINT('',(36.9181277440414,20.1196621273469,27.5));
#14468=CARTESIAN_POINT('',(30.8883966494616,20.1196621273469,27.5));
#14469=CARTESIAN_POINT('',(38.9280381089014,20.1196621273469,27.5));
#14470=CARTESIAN_POINT('Origin',(34.9082173791815,25.2276011736663,27.5));
#14471=CARTESIAN_POINT('',(28.4082173791815,25.2276011736663,27.5));
#14472=CARTESIAN_POINT('Origin',(34.9082173791815,25.2276011736663,27.5));
#14473=CARTESIAN_POINT('',(28.4082173791815,25.2276011736663,27.5));
#14474=CARTESIAN_POINT('Origin',(27.2328509384179,25.2276011736663,27.5));
#14475=CARTESIAN_POINT('',(27.2328509384179,26.4029676144299,27.5));
#14476=CARTESIAN_POINT('Origin',(27.2328509384179,25.2276011736663,27.5));
#14477=CARTESIAN_POINT('',(27.2328509384179,26.4029676144299,27.5));
#14478=CARTESIAN_POINT('Origin',(27.2328509384179,32.9029676144299,27.5));
#14479=CARTESIAN_POINT('',(22.1249118920985,28.88314688471,27.5));
#14480=CARTESIAN_POINT('Origin',(27.2328509384179,32.9029676144299,27.5));
#14481=CARTESIAN_POINT('',(22.1249118920985,28.88314688471,27.5));
#14482=CARTESIAN_POINT('Origin',(22.1249118920985,36.9227883441497,27.5));
#14483=CARTESIAN_POINT('',(22.1249118920985,36.9227883441498,27.5));
#14484=CARTESIAN_POINT('',(22.1249118920985,30.8930572495699,27.5));
#14485=CARTESIAN_POINT('',(22.1249118920985,36.9227883441498,27.5));
#14486=CARTESIAN_POINT('Origin',(27.2328509384179,32.9029676144299,27.5));
#14487=CARTESIAN_POINT('',(27.2328509384179,39.4029676144299,27.5));
#14488=CARTESIAN_POINT('Origin',(27.2328509384179,32.9029676144299,27.5));
#14489=CARTESIAN_POINT('',(27.2328509384179,39.4029676144299,27.5));
#14490=CARTESIAN_POINT('Origin',(27.2328509384178,40.5783340551935,27.5));
#14491=CARTESIAN_POINT('',(28.4082173791815,40.5783340551935,27.5));
#14492=CARTESIAN_POINT('Origin',(27.2328509384179,40.5783340551935,27.5));
#14493=CARTESIAN_POINT('',(28.4082173791814,40.5783340551935,27.5));
#14494=CARTESIAN_POINT('Origin',(34.9082173791814,40.5783340551935,27.5));
#14495=CARTESIAN_POINT('',(30.8883966494616,45.6862731015129,27.5));
#14496=CARTESIAN_POINT('Origin',(34.9082173791815,40.5783340551935,27.5));
#14497=CARTESIAN_POINT('',(30.8883966494615,45.6862731015129,27.5));
#14498=CARTESIAN_POINT('Origin',(38.9280381089013,45.6862731015129,27.5));
#14499=CARTESIAN_POINT('',(38.9280381089014,45.6862731015129,27.5));
#14500=CARTESIAN_POINT('',(32.8983070143216,45.6862731015129,27.5));
#14501=CARTESIAN_POINT('',(38.9280381089013,45.6862731015129,27.5));
#14502=CARTESIAN_POINT('Origin',(34.9082173791814,40.5783340551935,27.5));
#14503=CARTESIAN_POINT('',(41.4082173791815,40.5783340551935,27.5));
#14504=CARTESIAN_POINT('Origin',(34.9082173791815,40.5783340551935,27.5));
#14505=CARTESIAN_POINT('',(41.4082173791814,40.5783340551935,27.5));
#14506=CARTESIAN_POINT('Origin',(42.583583819945,40.5783340551935,27.5));
#14507=CARTESIAN_POINT('',(42.5835838199451,39.4029676144299,27.5));
#14508=CARTESIAN_POINT('Origin',(42.5835838199451,40.5783340551935,27.5));
#14509=CARTESIAN_POINT('',(42.583583819945,39.4029676144299,27.5));
#14510=CARTESIAN_POINT('Origin',(42.583583819945,32.9029676144299,27.5));
#14511=CARTESIAN_POINT('',(47.6915228662645,36.9227883441498,27.5));
#14512=CARTESIAN_POINT('Origin',(42.5835838199451,32.9029676144299,27.5));
#14513=CARTESIAN_POINT('',(47.6915228662644,36.9227883441498,27.5));
#14514=CARTESIAN_POINT('Origin',(47.6915228662644,28.88314688471,27.5));
#14515=CARTESIAN_POINT('',(47.6915228662645,28.88314688471,27.5));
#14516=CARTESIAN_POINT('',(47.6915228662645,34.9128779792898,27.5));
#14517=CARTESIAN_POINT('',(47.6915228662644,28.88314688471,27.5));
#14518=CARTESIAN_POINT('Origin',(42.583583819945,32.9029676144299,27.5));
#14519=CARTESIAN_POINT('',(42.5835838199451,26.4029676144299,27.5));
#14520=CARTESIAN_POINT('Origin',(42.5835838199451,32.9029676144299,27.5));
#14521=CARTESIAN_POINT('',(42.583583819945,26.4029676144299,27.5));
#14522=CARTESIAN_POINT('Origin',(42.583583819945,25.2276011736663,27.5));
#14523=CARTESIAN_POINT('',(41.4082173791815,25.2276011736663,27.5));
#14524=CARTESIAN_POINT('Origin',(42.5835838199451,25.2276011736663,27.5));
#14525=CARTESIAN_POINT('',(41.4082173791815,25.2276011736663,27.5));
#14526=CARTESIAN_POINT('Origin',(34.9082173791815,25.2276011736663,27.5));
#14527=CARTESIAN_POINT('Origin',(34.9082173791815,25.2276011736663,27.5));
#14528=CARTESIAN_POINT('Origin',(34.9082173791815,32.9029676144299,28.));
#14529=CARTESIAN_POINT('Origin',(50.9582173791815,66.4033340551935,27.5));
#14530=CARTESIAN_POINT('',(50.9582173791815,66.4033340551935,27.5));
#14531=CARTESIAN_POINT('',(50.9582173791815,66.4033340551935,27.5));
#14532=CARTESIAN_POINT('',(49.9082173791815,66.4033340551935,27.5));
#14533=CARTESIAN_POINT('',(52.9332173791815,66.4033340551935,27.5));
#14534=CARTESIAN_POINT('',(49.9082173791815,66.4033340551935,27.5));
#14535=CARTESIAN_POINT('Origin',(49.9082173791815,49.9033340551935,28.));
#14536=CARTESIAN_POINT('',(49.9082173791815,47.4033340551935,27.5));
#14537=CARTESIAN_POINT('',(49.9082173791815,47.4033340551935,27.5));
#14538=CARTESIAN_POINT('',(49.9082173791815,47.4033340551935,27.5));
#14539=CARTESIAN_POINT('Origin',(49.9082173791815,47.4033340551935,27.5));
#14540=CARTESIAN_POINT('',(50.9582173791815,47.4033340551935,27.5));
#14541=CARTESIAN_POINT('',(52.4082173791815,47.4033340551935,27.5));
#14542=CARTESIAN_POINT('',(50.9582173791815,47.4033340551935,27.5));
#14543=CARTESIAN_POINT('Origin',(54.9082173791815,47.4033340551935,27.5));
#14544=CARTESIAN_POINT('',(58.8582173791815,47.4033340551935,27.5));
#14545=CARTESIAN_POINT('Origin',(54.9082173791815,47.4033340551935,27.5));
#14546=CARTESIAN_POINT('',(58.8582173791815,47.4033340551935,27.5));
#14547=CARTESIAN_POINT('Origin',(54.9082173791815,66.4033340551935,27.5));
#14548=CARTESIAN_POINT('',(58.8582173791815,66.4033340551935,27.5));
#14549=CARTESIAN_POINT('',(58.8582173791815,66.4033340551935,27.5));
#14550=CARTESIAN_POINT('Origin',(54.9082173791815,66.4033340551935,27.5));
#14551=CARTESIAN_POINT('Origin',(59.9082173791815,66.4033340551935,27.5));
#14552=CARTESIAN_POINT('',(60.1082173791815,66.4033340551935,27.5));
#14553=CARTESIAN_POINT('',(60.1082173791815,66.4033340551935,27.75));
#14554=CARTESIAN_POINT('',(57.4082173791815,66.4033340551935,27.5));
#14555=CARTESIAN_POINT('Origin',(58.8582173791815,47.4033340551935,27.5));
#14556=CARTESIAN_POINT('',(60.1082173791815,47.4033340551935,27.5));
#14557=CARTESIAN_POINT('',(56.8832173791815,47.4033340551935,27.5));
#14558=CARTESIAN_POINT('',(60.1082173791815,47.4033340551935,27.75));
#14559=CARTESIAN_POINT('Origin',(54.9082173791815,56.9033340551935,27.5));
#14560=CARTESIAN_POINT('',(60.1082173791815,60.4033340551935,27.5));
#14561=CARTESIAN_POINT('Origin',(60.1082173791815,63.9033340551935,28.));
#14562=CARTESIAN_POINT('Origin',(56.,0.,27.));
#14563=CARTESIAN_POINT('Origin',(46.9082173791815,24.8529676144299,27.5));
#14564=CARTESIAN_POINT('',(46.9082173791815,24.8529676144299,27.5));
#14565=CARTESIAN_POINT('',(46.9082173791815,24.8529676144299,27.5));
#14566=CARTESIAN_POINT('',(49.9082173791815,24.8529676144299,27.5));
#14567=CARTESIAN_POINT('',(40.9082173791815,24.8529676144299,27.5));
#14568=CARTESIAN_POINT('',(49.9082173791815,24.8529676144299,27.75));
#14569=CARTESIAN_POINT('Origin',(49.9082173791815,47.9029676144299,28.));
#14570=CARTESIAN_POINT('',(49.9082173791815,40.9529676144299,27.5));
#14571=CARTESIAN_POINT('',(49.9082173791815,40.4029676144299,27.5));
#14572=CARTESIAN_POINT('',(49.9082173791815,40.9529676144299,27.75));
#14573=CARTESIAN_POINT('Origin',(49.9082173791815,40.9529676144299,27.5));
#14574=CARTESIAN_POINT('',(46.9082173791815,40.9529676144299,27.5));
#14575=CARTESIAN_POINT('',(42.4082173791815,40.9529676144299,27.5));
#14576=CARTESIAN_POINT('',(46.9082173791815,40.9529676144299,27.5));
#14577=CARTESIAN_POINT('Origin',(46.9082173791815,44.9029676144299,27.5));
#14578=CARTESIAN_POINT('',(42.9582173791815,44.9029676144299,27.5));
#14579=CARTESIAN_POINT('Origin',(46.9082173791815,44.9029676144299,27.5));
#14580=CARTESIAN_POINT('',(42.9582173791815,44.9029676144299,27.5));
#14581=CARTESIAN_POINT('Origin',(42.9582173791815,44.9029676144299,27.5));
#14582=CARTESIAN_POINT('',(42.9582173791815,47.9029676144299,27.5));
#14583=CARTESIAN_POINT('',(42.9582173791815,38.9029676144299,27.5));
#14584=CARTESIAN_POINT('',(42.9582173791815,47.9029676144299,27.75));
#14585=CARTESIAN_POINT('Origin',(19.9082173791815,47.9029676144299,28.));
#14586=CARTESIAN_POINT('',(26.8582173791815,47.9029676144299,27.5));
#14587=CARTESIAN_POINT('',(27.4082173791815,47.9029676144299,27.5));
#14588=CARTESIAN_POINT('',(26.8582173791815,47.9029676144299,27.75));
#14589=CARTESIAN_POINT('Origin',(26.8582173791815,47.9029676144299,27.5));
#14590=CARTESIAN_POINT('',(26.8582173791815,44.9029676144299,27.5));
#14591=CARTESIAN_POINT('',(26.8582173791815,40.4029676144299,27.5));
#14592=CARTESIAN_POINT('',(26.8582173791815,44.9029676144299,27.5));
#14593=CARTESIAN_POINT('Origin',(22.9082173791815,44.9029676144299,27.5));
#14594=CARTESIAN_POINT('',(22.9082173791815,40.9529676144299,27.5));
#14595=CARTESIAN_POINT('Origin',(22.9082173791815,44.9029676144299,27.5));
#14596=CARTESIAN_POINT('',(22.9082173791815,40.9529676144299,27.5));
#14597=CARTESIAN_POINT('Origin',(42.9582173791815,17.9029676144299,27.5));
#14598=CARTESIAN_POINT('',(42.9582173791815,17.9029676144299,27.5));
#14599=CARTESIAN_POINT('',(42.9582173791815,17.9029676144299,27.75));
#14600=CARTESIAN_POINT('',(42.9582173791815,20.9029676144299,27.5));
#14601=CARTESIAN_POINT('',(42.9582173791815,25.4029676144299,27.5));
#14602=CARTESIAN_POINT('',(42.9582173791815,20.9029676144299,27.5));
#14603=CARTESIAN_POINT('Origin',(46.9082173791815,20.9029676144299,27.5));
#14604=CARTESIAN_POINT('Origin',(46.9082173791815,20.9029676144299,27.5));
#14605=CARTESIAN_POINT('Origin',(22.9082173791815,40.9529676144299,27.5));
#14606=CARTESIAN_POINT('',(19.9082173791815,40.9529676144299,27.5));
#14607=CARTESIAN_POINT('',(28.9082173791815,40.9529676144299,27.5));
#14608=CARTESIAN_POINT('',(19.9082173791815,40.9529676144299,27.75));
#14609=CARTESIAN_POINT('Origin',(34.9082173791815,32.9029676144299,27.5));
#14610=CARTESIAN_POINT('',(26.8582173791815,17.9029676144299,27.5));
#14611=CARTESIAN_POINT('',(42.4082173791815,17.9029676144299,27.5));
#14612=CARTESIAN_POINT('',(26.8582173791815,20.9029676144299,27.5));
#14613=CARTESIAN_POINT('',(26.8582173791815,26.9029676144299,27.5));
#14614=CARTESIAN_POINT('',(22.9082173791815,24.8529676144299,27.5));
#14615=CARTESIAN_POINT('Origin',(22.9082173791815,20.9029676144299,27.5));
#14616=CARTESIAN_POINT('',(19.9082173791815,24.8529676144299,27.5));
#14617=CARTESIAN_POINT('',(27.4082173791815,24.8529676144299,27.5));
#14618=CARTESIAN_POINT('',(19.9082173791815,25.4029676144299,27.5));
#14619=CARTESIAN_POINT('Origin',(19.9082173791815,17.9029676144299,28.));
#14620=CARTESIAN_POINT('',(19.9082173791815,24.8529676144299,27.75));
#14621=CARTESIAN_POINT('Origin',(49.9082173791815,17.9029676144299,28.));
#14622=CARTESIAN_POINT('',(26.8582173791815,17.9029676144299,27.75));
#14623=CARTESIAN_POINT('Origin',(19.9082173791815,24.8529676144299,27.5));
#14624=CARTESIAN_POINT('',(22.9082173791815,24.8529676144299,27.5));
#14625=CARTESIAN_POINT('Origin',(26.8582173791815,20.9029676144299,27.5));
#14626=CARTESIAN_POINT('',(26.8582173791815,20.9029676144299,27.5));
#14627=CARTESIAN_POINT('Origin',(22.9082173791815,20.9029676144299,27.5));
#14628=CARTESIAN_POINT('Origin',(58.4,88.3999999578836,13.5));
#14629=CARTESIAN_POINT('',(58.4,89.9666666666667,13.5));
#14630=CARTESIAN_POINT('',(58.35,89.95,13.35));
#14631=CARTESIAN_POINT('',(58.6763736256794,90.0587912085598,14.3291208770382));
#14632=CARTESIAN_POINT('',(58.4,88.3999999578836,13.5));
#14633=CARTESIAN_POINT('',(58.4,88.3999999578836,13.5));
#14634=CARTESIAN_POINT('',(57.9,88.3999999526191,12.));
#14635=CARTESIAN_POINT('',(58.4,88.3999999578836,13.5));
#14636=CARTESIAN_POINT('',(57.9,89.5,12.));
#14637=CARTESIAN_POINT('',(57.9,44.1999999789418,12.));
#14638=CARTESIAN_POINT('',(57.8318181815789,89.4318181815789,11.7954545447366));
#14639=CARTESIAN_POINT('Origin',(57.3999999894709,90.,13.5));
#14640=CARTESIAN_POINT('',(57.,89.5,12.));
#14641=CARTESIAN_POINT('',(58.7131578922431,90.0710526307477,13.7131578922431));
#14642=CARTESIAN_POINT('',(61.6999999947355,89.5,12.));
#14643=CARTESIAN_POINT('Origin',(64.,46.,13.5));
#14644=CARTESIAN_POINT('',(58.5,91.,13.5));
#14645=CARTESIAN_POINT('',(58.5,90.,13.5));
#14646=CARTESIAN_POINT('',(58.5,68.5,13.5));
#14647=CARTESIAN_POINT('',(59.4,91.,13.5));
#14648=CARTESIAN_POINT('',(57.3999999789418,91.,13.5));
#14649=CARTESIAN_POINT('',(59.4,88.3999999684127,13.5));
#14650=CARTESIAN_POINT('',(59.4,88.3999999684127,13.5));
#14651=CARTESIAN_POINT('',(62.4,85.4,13.5));
#14652=CARTESIAN_POINT('Origin',(62.4,88.4,13.5));
#14653=CARTESIAN_POINT('',(65.,85.4,13.5));
#14654=CARTESIAN_POINT('',(63.,85.4,13.5));
#14655=CARTESIAN_POINT('',(65.,6.59999999999999,13.5));
#14656=CARTESIAN_POINT('',(65.,46.,13.5));
#14657=CARTESIAN_POINT('',(62.4,6.59999999999999,13.5));
#14658=CARTESIAN_POINT('',(63.,6.59999999999999,13.5));
#14659=CARTESIAN_POINT('',(59.4,3.59999996841273,13.5));
#14660=CARTESIAN_POINT('Origin',(62.4,3.59999999999999,13.5));
#14661=CARTESIAN_POINT('',(59.4,1.,13.5));
#14662=CARTESIAN_POINT('',(59.4,3.59999996841273,13.5));
#14663=CARTESIAN_POINT('',(58.5000000000001,1.,13.5));
#14664=CARTESIAN_POINT('',(57.4000000210582,1.,13.5));
#14665=CARTESIAN_POINT('',(58.5000000000001,1.99999999999999,13.5));
#14666=CARTESIAN_POINT('',(58.5000000000001,24.,13.5));
#14667=CARTESIAN_POINT('',(58.4,2.03333333333335,13.5));
#14668=CARTESIAN_POINT('',(53.625,3.62500000000005,13.5));
#14669=CARTESIAN_POINT('',(58.4,3.59999995788364,13.5));
#14670=CARTESIAN_POINT('',(58.4,3.59999995788364,13.5));
#14671=CARTESIAN_POINT('',(62.4,7.59999999999999,13.5));
#14672=CARTESIAN_POINT('Origin',(62.4,3.59999999999999,13.5));
#14673=CARTESIAN_POINT('',(64.,7.59999999999999,13.5));
#14674=CARTESIAN_POINT('',(63.,7.59999999999999,13.5));
#14675=CARTESIAN_POINT('',(64.,84.4,13.5));
#14676=CARTESIAN_POINT('',(64.,46.,13.5));
#14677=CARTESIAN_POINT('',(62.4,84.4,13.5));
#14678=CARTESIAN_POINT('',(63.,84.4,13.5));
#14679=CARTESIAN_POINT('Origin',(62.4,88.4,13.5));
#14680=CARTESIAN_POINT('',(54.3750000000001,88.6250000000001,13.5));
#14681=CARTESIAN_POINT('Origin',(57.3999999736773,91.5,12.));
#14682=CARTESIAN_POINT('',(57.,91.5,12.));
#14683=CARTESIAN_POINT('',(57.9236842042919,91.192105265236,12.923684204292));
#14684=CARTESIAN_POINT('',(59.9,91.5,12.));
#14685=CARTESIAN_POINT('',(61.6999999868386,91.5,12.));
#14686=CARTESIAN_POINT('',(59.331818180861,90.931818180861,13.704545457417));
#14687=CARTESIAN_POINT('Origin',(59.9,88.3999999736773,12.));
#14688=CARTESIAN_POINT('',(59.9,88.3999999736773,12.));
#14689=CARTESIAN_POINT('',(59.4,88.3999999684127,13.5));
#14690=CARTESIAN_POINT('',(59.9,44.1999999868386,12.));
#14691=CARTESIAN_POINT('Origin',(62.4,88.4,12.75));
#14692=CARTESIAN_POINT('',(62.4,83.9,12.));
#14693=CARTESIAN_POINT('',(62.4,84.4,13.5));
#14694=CARTESIAN_POINT('Origin',(62.4,88.4,12.));
#14695=CARTESIAN_POINT('Origin',(62.4,88.4,12.75));
#14696=CARTESIAN_POINT('',(62.4,85.9,12.));
#14697=CARTESIAN_POINT('',(62.4,85.4,13.5));
#14698=CARTESIAN_POINT('Origin',(62.4,88.4,12.));
#14699=CARTESIAN_POINT('Origin',(63.,85.9,12.));
#14700=CARTESIAN_POINT('',(65.5,85.9,12.));
#14701=CARTESIAN_POINT('',(64.5,85.9,12.));
#14702=CARTESIAN_POINT('',(64.9318181818182,85.3318181818182,13.7045454545455));
#14703=CARTESIAN_POINT('Origin',(63.,84.4,13.5));
#14704=CARTESIAN_POINT('',(63.5,83.9,12.));
#14705=CARTESIAN_POINT('',(64.5,83.9,12.));
#14706=CARTESIAN_POINT('',(63.4318181818182,83.8318181818182,11.7954545454545));
#14707=CARTESIAN_POINT('Origin',(57.4000000210582,1.,13.5));
#14708=CARTESIAN_POINT('',(57.0000000000001,0.500000000000009,12.));
#14709=CARTESIAN_POINT('',(58.7131578997244,1.07105263324143,13.7131578997243));
#14710=CARTESIAN_POINT('',(59.9,0.500000000000005,12.));
#14711=CARTESIAN_POINT('',(59.5590909102874,0.840909089712606,13.0227272691378));
#14712=CARTESIAN_POINT('',(61.7000000105291,0.500000000000006,12.));
#14713=CARTESIAN_POINT('Origin',(57.4000000052646,2.50000000000001,12.));
#14714=CARTESIAN_POINT('',(57.0000000000001,2.5,12.));
#14715=CARTESIAN_POINT('',(58.35,2.05000000000002,13.35));
#14716=CARTESIAN_POINT('',(57.9236842117732,2.19210526274228,12.9236842117732));
#14717=CARTESIAN_POINT('',(57.9,2.50000000000001,12.));
#14718=CARTESIAN_POINT('',(61.7000000026323,2.50000000000001,12.));
#14719=CARTESIAN_POINT('',(58.0590909095695,2.3409090904305,12.4772727287085));
#14720=CARTESIAN_POINT('Origin',(57.9,3.59999995261909,12.));
#14721=CARTESIAN_POINT('',(58.3467032974843,2.05109890083858,13.3401098924529));
#14722=CARTESIAN_POINT('',(57.9,3.59999995261909,12.));
#14723=CARTESIAN_POINT('',(57.9,1.79999997630955,12.));
#14724=CARTESIAN_POINT('',(58.4,3.59999995788364,13.5));
#14725=CARTESIAN_POINT('Origin',(59.4,3.59999996841273,13.5));
#14726=CARTESIAN_POINT('',(59.9,3.59999997367728,12.));
#14727=CARTESIAN_POINT('',(59.4,3.59999996841273,13.5));
#14728=CARTESIAN_POINT('',(59.9,1.79999998420636,12.));
#14729=CARTESIAN_POINT('Origin',(62.4,3.59999999999999,12.75));
#14730=CARTESIAN_POINT('',(62.4,8.09999999999999,12.));
#14731=CARTESIAN_POINT('',(62.4,7.59999999999999,13.5));
#14732=CARTESIAN_POINT('Origin',(62.4,3.59999999999999,12.));
#14733=CARTESIAN_POINT('Origin',(62.4,3.59999999999999,12.75));
#14734=CARTESIAN_POINT('',(62.4,6.09999999999999,12.));
#14735=CARTESIAN_POINT('',(62.4,6.59999999999999,13.5));
#14736=CARTESIAN_POINT('Origin',(62.4,3.59999999999999,12.));
#14737=CARTESIAN_POINT('Origin',(63.,6.59999999999999,13.5));
#14738=CARTESIAN_POINT('',(65.5,6.09999999999999,12.));
#14739=CARTESIAN_POINT('',(64.5,6.09999999999999,12.));
#14740=CARTESIAN_POINT('',(65.1590909090909,6.44090909090908,13.0227272727273));
#14741=CARTESIAN_POINT('Origin',(63.,8.09999999999999,12.));
#14742=CARTESIAN_POINT('',(63.5,8.09999999999999,12.));
#14743=CARTESIAN_POINT('',(64.5,8.09999999999999,12.));
#14744=CARTESIAN_POINT('',(63.6590909090909,7.94090909090909,12.4772727272727));
#14745=CARTESIAN_POINT('Origin',(63.5,46.,12.));
#14746=CARTESIAN_POINT('',(63.5,23.,12.));
#14747=CARTESIAN_POINT('Origin',(65.,46.,13.5));
#14748=CARTESIAN_POINT('',(65.5,23.,12.));
#14749=CARTESIAN_POINT('Origin',(58.5,91.,15.5));
#14750=CARTESIAN_POINT('',(58.5,90.,15.5));
#14751=CARTESIAN_POINT('',(58.5,90.,15.5));
#14752=CARTESIAN_POINT('',(58.5,91.,15.5));
#14753=CARTESIAN_POINT('',(58.5,91.,15.5));
#14754=CARTESIAN_POINT('',(58.5,91.,15.5));
#14755=CARTESIAN_POINT('Origin',(58.5,90.,15.5));
#14756=CARTESIAN_POINT('',(57.,89.5,15.5));
#14757=CARTESIAN_POINT('',(57.,89.5,13.75));
#14758=CARTESIAN_POINT('',(58.5,90.,15.5));
#14759=CARTESIAN_POINT('Origin',(66.,0.,12.));
#14760=CARTESIAN_POINT('',(57.,3.,12.));
#14761=CARTESIAN_POINT('',(57.,0.,12.));
#14762=CARTESIAN_POINT('',(57.4,3.,12.));
#14763=CARTESIAN_POINT('',(1.23259516440783E-32,3.,12.));
#14764=CARTESIAN_POINT('',(57.4,3.60000019533862,12.));
#14765=CARTESIAN_POINT('',(57.4,-1.30917313593793,12.));
#14766=CARTESIAN_POINT('',(62.4,8.59999999999999,12.));
#14767=CARTESIAN_POINT('Origin',(62.4,3.59999999999999,12.));
#14768=CARTESIAN_POINT('',(63.,8.59999999999999,12.));
#14769=CARTESIAN_POINT('',(67.3163175710654,8.59999999999999,12.));
#14770=CARTESIAN_POINT('',(63.,83.4,12.));
#14771=CARTESIAN_POINT('',(63.,0.,12.));
#14772=CARTESIAN_POINT('',(62.4,83.4,12.));
#14773=CARTESIAN_POINT('',(67.3163175710654,83.4,12.));
#14774=CARTESIAN_POINT('',(57.4,88.4,12.));
#14775=CARTESIAN_POINT('Origin',(62.4,88.4,12.));
#14776=CARTESIAN_POINT('',(57.4,89.,12.));
#14777=CARTESIAN_POINT('',(57.4,93.3091731359379,12.));
#14778=CARTESIAN_POINT('',(57.,89.,12.));
#14779=CARTESIAN_POINT('',(1.23259516440783E-32,89.,12.));
#14780=CARTESIAN_POINT('',(57.,89.,12.));
#14781=CARTESIAN_POINT('Origin',(8.60000002632272,91.5,12.));
#14782=CARTESIAN_POINT('',(7.50000000000005,91.,13.5));
#14783=CARTESIAN_POINT('',(7.68157895360276,91.0605263178676,13.3184210463973));
#14784=CARTESIAN_POINT('',(6.60000000000001,91.,13.5));
#14785=CARTESIAN_POINT('',(8.60000002105818,91.,13.5));
#14786=CARTESIAN_POINT('',(6.66818181913902,90.931818180861,13.704545457417));
#14787=CARTESIAN_POINT('Origin',(8.1,3.59999995261909,12.));
#14788=CARTESIAN_POINT('',(7.6,2.03333333333335,13.5));
#14789=CARTESIAN_POINT('',(7.65000000000001,2.05000000000002,13.35));
#14790=CARTESIAN_POINT('',(8.69175824097724,2.39725274699243,10.2247252770683));
#14791=CARTESIAN_POINT('',(7.6,3.59999995788364,13.5));
#14792=CARTESIAN_POINT('',(7.6,3.59999995788364,13.5));
#14793=CARTESIAN_POINT('',(8.1,3.59999995261909,12.));
#14794=CARTESIAN_POINT('',(7.6,3.59999995788364,13.5));
#14795=CARTESIAN_POINT('',(8.1,2.50000000000001,12.));
#14796=CARTESIAN_POINT('',(8.1,1.79999997630955,12.));
#14797=CARTESIAN_POINT('',(7.94090909043049,2.3409090904305,12.4772727287085));
#14798=CARTESIAN_POINT('Origin',(8.59999999473544,2.50000000000001,12.));
#14799=CARTESIAN_POINT('',(8.99999999999994,2.5,12.));
#14800=CARTESIAN_POINT('',(9.73421052506889,2.74473684168965,11.2657894749311));
#14801=CARTESIAN_POINT('',(5.79999999736772,2.50000000000001,12.));
#14802=CARTESIAN_POINT('Origin',(8.60000001052908,90.,13.5));
#14803=CARTESIAN_POINT('',(9.,89.5,12.));
#14804=CARTESIAN_POINT('',(7.65000000000002,89.95,13.35));
#14805=CARTESIAN_POINT('',(7.68157894986214,89.9394736833793,13.3184210501378));
#14806=CARTESIAN_POINT('',(8.10000000000001,89.5,12.));
#14807=CARTESIAN_POINT('',(5.80000000526454,89.5,12.));
#14808=CARTESIAN_POINT('',(8.16818181842112,89.4318181815789,11.7954545447367));
#14809=CARTESIAN_POINT('Origin',(7.59999999999998,88.3999999578836,13.5));
#14810=CARTESIAN_POINT('',(7.59999999999998,89.9666666666667,13.5));
#14811=CARTESIAN_POINT('',(7.40604395673816,90.0313186810873,14.0818681297855));
#14812=CARTESIAN_POINT('',(8.09999999999999,88.3999999526191,12.));
#14813=CARTESIAN_POINT('',(8.09999999999998,44.1999999789418,12.));
#14814=CARTESIAN_POINT('',(7.59999999999998,88.3999999578836,13.5));
#14815=CARTESIAN_POINT('',(7.59999999999998,88.3999999578836,13.5));
#14816=CARTESIAN_POINT('',(7.59999999999998,88.3999999578836,13.5));
#14817=CARTESIAN_POINT('Origin',(6.09999999999998,88.3999999736773,12.));
#14818=CARTESIAN_POINT('',(6.59999999999999,88.3999999684127,13.5));
#14819=CARTESIAN_POINT('',(6.59999999999998,88.3999999684127,13.5));
#14820=CARTESIAN_POINT('',(6.59999999999999,88.3999999684127,13.5));
#14821=CARTESIAN_POINT('Origin',(3.6,88.4,12.75));
#14822=CARTESIAN_POINT('',(3.59999999999999,84.4,13.5));
#14823=CARTESIAN_POINT('',(3.59999999999999,83.9,12.));
#14824=CARTESIAN_POINT('',(3.59999999999999,84.4,13.5));
#14825=CARTESIAN_POINT('Origin',(3.59999999999999,88.4,13.5));
#14826=CARTESIAN_POINT('Origin',(3.6,88.4,12.));
#14827=CARTESIAN_POINT('Origin',(3.6,88.4,12.75));
#14828=CARTESIAN_POINT('',(3.59999999999999,85.4,13.5));
#14829=CARTESIAN_POINT('',(3.59999999999999,85.4,13.5));
#14830=CARTESIAN_POINT('Origin',(3.60000000000001,88.4,13.5));
#14831=CARTESIAN_POINT('Origin',(3.,85.9,12.));
#14832=CARTESIAN_POINT('',(0.999999999999994,85.4,13.5));
#14833=CARTESIAN_POINT('',(3.,85.4,13.5));
#14834=CARTESIAN_POINT('',(1.0681818181818,85.3318181818182,13.7045454545455));
#14835=CARTESIAN_POINT('Origin',(3.,84.4,13.5));
#14836=CARTESIAN_POINT('',(2.5,83.9,12.));
#14837=CARTESIAN_POINT('',(3.,83.9,12.));
#14838=CARTESIAN_POINT('',(1.99999999999999,84.4,13.5));
#14839=CARTESIAN_POINT('',(2.56818181818182,83.8318181818182,11.7954545454545));
#14840=CARTESIAN_POINT('',(3.,84.4,13.5));
#14841=CARTESIAN_POINT('Origin',(8.5999999789418,1.,13.5));
#14842=CARTESIAN_POINT('',(7.49999999999992,1.,13.5));
#14843=CARTESIAN_POINT('',(8.94473683711775,0.518421054294073,12.0552631628822));
#14844=CARTESIAN_POINT('',(6.59999999999999,1.,13.5));
#14845=CARTESIAN_POINT('',(6.4409090897126,0.840909089712607,13.0227272691378));
#14846=CARTESIAN_POINT('',(8.5999999789418,1.,13.5));
#14847=CARTESIAN_POINT('Origin',(6.6,3.59999996841273,13.5));
#14848=CARTESIAN_POINT('',(6.6,3.59999996841273,13.5));
#14849=CARTESIAN_POINT('',(6.6,3.59999996841273,13.5));
#14850=CARTESIAN_POINT('',(6.6,3.59999996841273,13.5));
#14851=CARTESIAN_POINT('Origin',(3.6,3.59999999999999,12.75));
#14852=CARTESIAN_POINT('',(3.59999999999999,8.09999999999999,12.));
#14853=CARTESIAN_POINT('',(3.59999999999999,7.59999999999999,13.5));
#14854=CARTESIAN_POINT('',(3.59999999999999,7.59999999999999,13.5));
#14855=CARTESIAN_POINT('Origin',(3.6,3.59999999999999,12.));
#14856=CARTESIAN_POINT('Origin',(3.6,3.59999999999999,13.5));
#14857=CARTESIAN_POINT('Origin',(3.6,3.59999999999999,12.75));
#14858=CARTESIAN_POINT('',(3.59999999999999,6.59999999999999,13.5));
#14859=CARTESIAN_POINT('',(3.59999999999999,6.59999999999999,13.5));
#14860=CARTESIAN_POINT('Origin',(3.6,3.59999999999999,13.5));
#14861=CARTESIAN_POINT('Origin',(3.,6.59999999999999,13.5));
#14862=CARTESIAN_POINT('',(0.999999999999999,6.59999999999999,13.5));
#14863=CARTESIAN_POINT('',(0.840909090909089,6.44090909090908,13.0227272727273));
#14864=CARTESIAN_POINT('',(3.,6.59999999999999,13.5));
#14865=CARTESIAN_POINT('Origin',(3.,8.09999999999999,12.));
#14866=CARTESIAN_POINT('',(2.,7.59999999999999,13.5));
#14867=CARTESIAN_POINT('',(3.,7.59999999999999,13.5));
#14868=CARTESIAN_POINT('',(2.5,8.09999999999999,12.));
#14869=CARTESIAN_POINT('',(2.34090909090909,7.94090909090909,12.4772727272727));
#14870=CARTESIAN_POINT('',(3.,8.09999999999999,12.));
#14871=CARTESIAN_POINT('Origin',(2.,46.,13.5));
#14872=CARTESIAN_POINT('',(7.5,90.,13.5));
#14873=CARTESIAN_POINT('',(7.5,68.,13.5));
#14874=CARTESIAN_POINT('',(12.3749999999999,88.3750000000001,13.5));
#14875=CARTESIAN_POINT('',(2.,46.,13.5));
#14876=CARTESIAN_POINT('',(7.49999999999994,1.99999999999999,13.5));
#14877=CARTESIAN_POINT('',(12.375,3.62500000000005,13.5));
#14878=CARTESIAN_POINT('',(7.49999999999994,24.,13.5));
#14879=CARTESIAN_POINT('',(1.,46.,13.5));
#14880=CARTESIAN_POINT('Origin',(2.5,46.,12.));
#14881=CARTESIAN_POINT('',(2.5,23.,12.));
#14882=CARTESIAN_POINT('Origin',(1.,46.,13.5));
#14883=CARTESIAN_POINT('Origin',(7.5,91.,15.5));
#14884=CARTESIAN_POINT('',(9.,91.5,15.5));
#14885=CARTESIAN_POINT('',(9.,91.5,15.5));
#14886=CARTESIAN_POINT('',(7.5,91.,15.5));
#14887=CARTESIAN_POINT('',(9.,91.5,15.5));
#14888=CARTESIAN_POINT('',(7.5,91.,15.5));
#14889=CARTESIAN_POINT('Origin',(3.,0.,12.));
#14890=CARTESIAN_POINT('',(9.,89.,12.));
#14891=CARTESIAN_POINT('',(9.,89.,12.));
#14892=CARTESIAN_POINT('',(8.6,89.,12.));
#14893=CARTESIAN_POINT('',(1.23259516440783E-32,89.,12.));
#14894=CARTESIAN_POINT('',(8.6,88.3999999473546,12.));
#14895=CARTESIAN_POINT('',(8.6,93.3091731359379,12.));
#14896=CARTESIAN_POINT('',(3.6,83.4,12.));
#14897=CARTESIAN_POINT('Origin',(3.6,88.4,12.));
#14898=CARTESIAN_POINT('',(3.,83.4,12.));
#14899=CARTESIAN_POINT('',(-1.31631757106539,83.4,12.));
#14900=CARTESIAN_POINT('',(3.,8.59999999999999,12.));
#14901=CARTESIAN_POINT('',(3.,0.,12.));
#14902=CARTESIAN_POINT('',(3.6,8.59999999999999,12.));
#14903=CARTESIAN_POINT('',(-1.31631757106539,8.59999999999999,12.));
#14904=CARTESIAN_POINT('',(8.6,3.59999994735454,12.));
#14905=CARTESIAN_POINT('Origin',(3.6,3.59999999999999,12.));
#14906=CARTESIAN_POINT('',(8.6,3.,12.));
#14907=CARTESIAN_POINT('',(8.6,-1.30917313593793,12.));
#14908=CARTESIAN_POINT('',(9.,3.,12.));
#14909=CARTESIAN_POINT('',(1.23259516440783E-32,3.,12.));
#14910=CARTESIAN_POINT('',(9.,0.,12.));
#14911=CARTESIAN_POINT('Origin',(7.49999999999994,1.99999999999999,8.49999999999999));
#14912=CARTESIAN_POINT('',(7.49999999999994,1.99999999999999,15.5));
#14913=CARTESIAN_POINT('',(7.49999999999994,1.99999999999999,8.49999999999998));
#14914=CARTESIAN_POINT('',(7.49999999999994,0.999999999999998,15.5));
#14915=CARTESIAN_POINT('',(7.49999999999994,1.99999999999999,15.5));
#14916=CARTESIAN_POINT('',(7.49999999999994,0.999999999999998,8.49999999999998));
#14917=CARTESIAN_POINT('Origin',(8.99999999999995,2.5,8.49999999999999));
#14918=CARTESIAN_POINT('',(8.99999999999994,2.5,15.5));
#14919=CARTESIAN_POINT('',(9.,2.50000000000002,12.));
#14920=CARTESIAN_POINT('',(8.99999999999994,2.5,15.5));
#14921=CARTESIAN_POINT('Origin',(57.,91.5,15.5));
#14922=CARTESIAN_POINT('',(57.,91.5,15.5));
#14923=CARTESIAN_POINT('',(57.,91.5,15.5));
#14924=CARTESIAN_POINT('',(57.,91.5,13.75));
#14925=CARTESIAN_POINT('Origin',(47.,91.25,15.5));
#14926=CARTESIAN_POINT('',(47.,91.5,25.5));
#14927=CARTESIAN_POINT('',(47.,91.,27.));
#14928=CARTESIAN_POINT('',(47.,91.5,25.5));
#14929=CARTESIAN_POINT('Origin',(47.,91.5,15.5));
#14930=CARTESIAN_POINT('Origin',(47.,91.,15.5));
#14931=CARTESIAN_POINT('Origin',(47.,89.75,15.5));
#14932=CARTESIAN_POINT('',(47.,90.,27.));
#14933=CARTESIAN_POINT('',(47.,89.5,25.5));
#14934=CARTESIAN_POINT('',(47.,90.,27.));
#14935=CARTESIAN_POINT('Origin',(47.,90.,15.5));
#14936=CARTESIAN_POINT('Origin',(47.,89.5,15.5));
#14937=CARTESIAN_POINT('Origin',(47.,90.5,15.5));
#14938=CARTESIAN_POINT('',(47.,91.,27.));
#14939=CARTESIAN_POINT('Origin',(9.,89.5,15.5));
#14940=CARTESIAN_POINT('',(7.5,90.,15.5));
#14941=CARTESIAN_POINT('',(7.5,90.,15.5));
#14942=CARTESIAN_POINT('',(9.,89.5,15.5));
#14943=CARTESIAN_POINT('',(7.5,90.,15.5));
#14944=CARTESIAN_POINT('',(9.,89.5,15.5));
#14945=CARTESIAN_POINT('Origin',(7.5,90.,15.5));
#14946=CARTESIAN_POINT('',(7.5,91.,15.5));
#14947=CARTESIAN_POINT('Origin',(19.,89.75,15.5));
#14948=CARTESIAN_POINT('',(19.,89.5,25.5));
#14949=CARTESIAN_POINT('',(19.,90.,27.));
#14950=CARTESIAN_POINT('',(19.,90.,27.));
#14951=CARTESIAN_POINT('Origin',(19.,89.5,15.5));
#14952=CARTESIAN_POINT('Origin',(19.,90.,15.5));
#14953=CARTESIAN_POINT('Origin',(19.,91.25,15.5));
#14954=CARTESIAN_POINT('',(19.,91.,27.));
#14955=CARTESIAN_POINT('',(19.,91.5,25.5));
#14956=CARTESIAN_POINT('',(19.,91.5,25.5));
#14957=CARTESIAN_POINT('Origin',(19.,91.,15.5));
#14958=CARTESIAN_POINT('Origin',(19.,91.5,15.5));
#14959=CARTESIAN_POINT('Origin',(19.,90.5,15.5));
#14960=CARTESIAN_POINT('',(19.,91.,27.));
#14961=CARTESIAN_POINT('Origin',(33.,89.5,25.5));
#14962=CARTESIAN_POINT('',(33.,90.,27.));
#14963=CARTESIAN_POINT('',(40.,89.5,25.5));
#14964=CARTESIAN_POINT('Origin',(33.,91.,27.));
#14965=CARTESIAN_POINT('',(40.,91.5,25.5));
#14966=CARTESIAN_POINT('',(33.,91.,27.));
#14967=CARTESIAN_POINT('Origin',(33.,90.,27.));
#14968=CARTESIAN_POINT('Origin',(57.,89.,12.));
#14969=CARTESIAN_POINT('',(57.,89.,15.5));
#14970=CARTESIAN_POINT('',(57.,89.,15.5));
#14971=CARTESIAN_POINT('',(57.,89.,15.5));
#14972=CARTESIAN_POINT('Origin',(57.,89.,12.));
#14973=CARTESIAN_POINT('',(57.,89.,15.5));
#14974=CARTESIAN_POINT('',(57.,89.,12.));
#14975=CARTESIAN_POINT('Origin',(47.,89.,15.5));
#14976=CARTESIAN_POINT('',(47.,89.,25.5));
#14977=CARTESIAN_POINT('Origin',(47.,89.,15.5));
#14978=CARTESIAN_POINT('',(47.,89.,25.5));
#14979=CARTESIAN_POINT('Origin',(47.,89.,15.5));
#14980=CARTESIAN_POINT('',(47.,89.,25.5));
#14981=CARTESIAN_POINT('Origin',(47.,89.,25.5));
#14982=CARTESIAN_POINT('',(19.,89.,25.5));
#14983=CARTESIAN_POINT('',(19.,89.,25.5));
#14984=CARTESIAN_POINT('',(19.,89.,25.5));
#14985=CARTESIAN_POINT('Origin',(47.,89.,25.5));
#14986=CARTESIAN_POINT('',(19.,89.,25.5));
#14987=CARTESIAN_POINT('Origin',(19.,89.,15.5));
#14988=CARTESIAN_POINT('',(9.,89.,15.5));
#14989=CARTESIAN_POINT('Origin',(19.,89.,15.5));
#14990=CARTESIAN_POINT('',(9.,89.,15.5));
#14991=CARTESIAN_POINT('Origin',(19.,89.,15.5));
#14992=CARTESIAN_POINT('',(9.,89.,15.5));
#14993=CARTESIAN_POINT('Origin',(9.,89.,15.5));
#14994=CARTESIAN_POINT('',(9.,89.,8.5));
#14995=CARTESIAN_POINT('Origin',(9.,89.,15.5));
#14996=CARTESIAN_POINT('Origin',(7.49999999999994,0.999999999999998,8.49999999999999));
#14997=CARTESIAN_POINT('',(8.99999999999994,0.500000000000009,15.5));
#14998=CARTESIAN_POINT('',(7.49999999999994,0.999999999999998,15.5));
#14999=CARTESIAN_POINT('',(9.,0.49999999999999,12.));
#15000=CARTESIAN_POINT('Origin',(58.5000000000001,0.999999999999998,15.5));
#15001=CARTESIAN_POINT('',(57.0000000000001,0.500000000000009,15.5));
#15002=CARTESIAN_POINT('',(57.,0.499999999999985,13.75));
#15003=CARTESIAN_POINT('',(58.5000000000001,0.999999999999998,15.5));
#15004=CARTESIAN_POINT('',(58.5000000000001,0.999999999999998,15.5));
#15005=CARTESIAN_POINT('',(58.5000000000001,0.999999999999998,15.5));
#15006=CARTESIAN_POINT('Origin',(58.5000000000001,1.99999999999999,15.5));
#15007=CARTESIAN_POINT('',(58.5000000000001,1.99999999999999,15.5));
#15008=CARTESIAN_POINT('',(58.5000000000001,1.99999999999999,15.5));
#15009=CARTESIAN_POINT('',(58.5000000000001,1.99999999999999,15.5));
#15010=CARTESIAN_POINT('Origin',(19.,2.25,15.5));
#15011=CARTESIAN_POINT('',(19.,2.5,25.5000000000001));
#15012=CARTESIAN_POINT('Origin',(19.,2.50000000000002,15.5));
#15013=CARTESIAN_POINT('',(19.,1.99999999999999,27.0000000000001));
#15014=CARTESIAN_POINT('',(19.,2.5,25.5));
#15015=CARTESIAN_POINT('Origin',(19.,1.99999999999999,15.5));
#15016=CARTESIAN_POINT('Origin',(19.,0.750000000000003,15.5));
#15017=CARTESIAN_POINT('',(19.,0.999999999999998,27.0000000000001));
#15018=CARTESIAN_POINT('Origin',(19.,0.999999999999997,15.5));
#15019=CARTESIAN_POINT('',(19.,0.500000000000009,25.5000000000001));
#15020=CARTESIAN_POINT('',(19.,0.999999999999998,27.0000000000001));
#15021=CARTESIAN_POINT('Origin',(19.,0.499999999999991,15.5));
#15022=CARTESIAN_POINT('Origin',(19.,1.5,15.5));
#15023=CARTESIAN_POINT('',(19.,1.99999999999999,27.0000000000001));
#15024=CARTESIAN_POINT('Origin',(57.0000000000001,2.5,15.5));
#15025=CARTESIAN_POINT('',(57.0000000000001,2.5,15.5));
#15026=CARTESIAN_POINT('',(57.0000000000001,2.5,15.5));
#15027=CARTESIAN_POINT('',(57.,2.50000000000002,13.75));
#15028=CARTESIAN_POINT('Origin',(47.,2.25,15.5));
#15029=CARTESIAN_POINT('',(47.,2.5,25.5000000000001));
#15030=CARTESIAN_POINT('',(47.,1.99999999999999,27.0000000000001));
#15031=CARTESIAN_POINT('',(47.,2.5,25.5000000000001));
#15032=CARTESIAN_POINT('Origin',(47.,2.50000000000002,15.5));
#15033=CARTESIAN_POINT('Origin',(47.,1.99999999999999,15.5));
#15034=CARTESIAN_POINT('Origin',(47.,0.750000000000003,15.5));
#15035=CARTESIAN_POINT('',(47.,0.999999999999998,27.0000000000001));
#15036=CARTESIAN_POINT('',(47.,0.500000000000009,25.5000000000001));
#15037=CARTESIAN_POINT('',(47.,0.999999999999998,27.0000000000001));
#15038=CARTESIAN_POINT('Origin',(47.,0.999999999999997,15.5));
#15039=CARTESIAN_POINT('Origin',(47.,0.499999999999987,15.5));
#15040=CARTESIAN_POINT('Origin',(47.,1.5,15.5));
#15041=CARTESIAN_POINT('',(47.,1.99999999999999,27.0000000000001));
#15042=CARTESIAN_POINT('Origin',(33.,2.5,25.5000000000001));
#15043=CARTESIAN_POINT('',(19.,1.99999999999999,27.0000000000001));
#15044=CARTESIAN_POINT('',(40.,2.50000000000002,25.5));
#15045=CARTESIAN_POINT('Origin',(33.,0.999999999999998,27.0000000000001));
#15046=CARTESIAN_POINT('',(40.,0.499999999999988,25.5));
#15047=CARTESIAN_POINT('',(33.,0.999999999999998,27.0000000000001));
#15048=CARTESIAN_POINT('Origin',(33.,1.99999999999999,27.0000000000001));
#15049=CARTESIAN_POINT('Origin',(9.,0.,15.5));
#15050=CARTESIAN_POINT('',(9.,3.,15.5));
#15051=CARTESIAN_POINT('',(9.,3.,8.5));
#15052=CARTESIAN_POINT('',(9.,0.,15.5));
#15053=CARTESIAN_POINT('Origin',(9.,0.,15.5));
#15054=CARTESIAN_POINT('',(9.,0.,15.5));
#15055=CARTESIAN_POINT('Origin',(19.,0.,15.5));
#15056=CARTESIAN_POINT('',(19.,3.,25.5));
#15057=CARTESIAN_POINT('Origin',(19.,3.,15.5));
#15058=CARTESIAN_POINT('',(19.,0.,25.5));
#15059=CARTESIAN_POINT('Origin',(19.,0.,15.5));
#15060=CARTESIAN_POINT('',(19.,0.,25.5));
#15061=CARTESIAN_POINT('Origin',(47.,0.,25.5));
#15062=CARTESIAN_POINT('',(47.,3.,25.5));
#15063=CARTESIAN_POINT('',(19.,3.,25.5));
#15064=CARTESIAN_POINT('',(47.,0.,25.5));
#15065=CARTESIAN_POINT('Origin',(47.,0.,25.5));
#15066=CARTESIAN_POINT('',(47.,0.,25.5));
#15067=CARTESIAN_POINT('Origin',(47.,0.,15.5));
#15068=CARTESIAN_POINT('',(57.,3.,15.5));
#15069=CARTESIAN_POINT('Origin',(47.,3.,15.5));
#15070=CARTESIAN_POINT('',(57.,0.,15.5));
#15071=CARTESIAN_POINT('Origin',(47.,0.,15.5));
#15072=CARTESIAN_POINT('',(57.,0.,15.5));
#15073=CARTESIAN_POINT('Origin',(57.,0.,12.));
#15074=CARTESIAN_POINT('',(57.,3.,15.5));
#15075=CARTESIAN_POINT('Origin',(57.,0.,12.));
#15076=CARTESIAN_POINT('',(57.,0.,12.));
#15077=CARTESIAN_POINT('Origin',(66.,0.,12.));
#15078=CARTESIAN_POINT('',(63.85,88.4,12.));
#15079=CARTESIAN_POINT('Origin',(62.4,88.4,12.));
#15080=CARTESIAN_POINT('',(63.85,3.59999999999999,12.));
#15081=CARTESIAN_POINT('Origin',(62.4,3.59999999999999,12.));
#15082=CARTESIAN_POINT('Origin',(8.6,88.3999999473546,12.));
#15083=CARTESIAN_POINT('',(8.6,88.3999999473546,26.8585712797929));
#15084=CARTESIAN_POINT('',(8.6,89.,26.8585712797929));
#15085=CARTESIAN_POINT('',(8.6,0.,26.8585712797929));
#15086=CARTESIAN_POINT('',(8.6,88.3999999473546,12.));
#15087=CARTESIAN_POINT('',(8.6,89.,15.75));
#15088=CARTESIAN_POINT('Origin',(3.6,88.4,12.));
#15089=CARTESIAN_POINT('',(3.6,83.4,22.8354893757516));
#15090=CARTESIAN_POINT('Ctrl Pts',(3.6,83.4,22.8354893757516));
#15091=CARTESIAN_POINT('Ctrl Pts',(3.98435196992597,83.4,23.7030125019401));
#15092=CARTESIAN_POINT('Ctrl Pts',(4.55219352497224,83.445572869428,24.4824941347773));
#15093=CARTESIAN_POINT('Ctrl Pts',(5.45230629974898,83.7475458619593,25.3337146966717));
#15094=CARTESIAN_POINT('Ctrl Pts',(5.75300545089385,83.8740699940198,25.5763759124346));
#15095=CARTESIAN_POINT('Ctrl Pts',(6.35530758612681,84.2133837001857,25.9874157182696));
#15096=CARTESIAN_POINT('Ctrl Pts',(6.65589669702624,84.4272318597578,26.1564045538446));
#15097=CARTESIAN_POINT('Ctrl Pts',(7.4025459046644,85.0890656451026,26.5227442971087));
#15098=CARTESIAN_POINT('Ctrl Pts',(7.84840928392097,85.6669248731581,26.6683581341388));
#15099=CARTESIAN_POINT('Ctrl Pts',(8.44704677003844,86.9770338408839,26.8326179102885));
#15100=CARTESIAN_POINT('Ctrl Pts',(8.59999999271676,87.7082750937975,26.8585712783062));
#15101=CARTESIAN_POINT('Ctrl Pts',(8.6,88.3999999473546,26.8585712797929));
#15102=CARTESIAN_POINT('',(3.6,83.4,12.));
#15103=CARTESIAN_POINT('Origin',(3.,83.4,12.));
#15104=CARTESIAN_POINT('',(3.,83.4,20.));
#15105=CARTESIAN_POINT('Origin',(10.,83.4,20.));
#15106=CARTESIAN_POINT('',(3.,83.4,16.));
#15107=CARTESIAN_POINT('Origin',(3.6,88.4,12.));
#15108=CARTESIAN_POINT('',(5.05,88.4,12.));
#15109=CARTESIAN_POINT('Origin',(3.,0.,20.));
#15110=CARTESIAN_POINT('',(3.,8.59999999999999,20.));
#15111=CARTESIAN_POINT('',(3.,0.,20.));
#15112=CARTESIAN_POINT('',(3.,8.59999999999999,16.));
#15113=CARTESIAN_POINT('Origin',(63.,8.59999999999999,12.));
#15114=CARTESIAN_POINT('',(63.,8.59999999999999,12.));
#15115=CARTESIAN_POINT('',(62.4,8.59999999999999,12.));
#15116=CARTESIAN_POINT('Origin',(62.4,3.59999999999999,12.));
#15117=CARTESIAN_POINT('',(63.85,3.59999999999999,12.));
#15118=CARTESIAN_POINT('Origin',(57.4,3.60000019533862,12.));
#15119=CARTESIAN_POINT('',(57.4,3.60000019533862,12.));
#15120=CARTESIAN_POINT('',(57.4,3.,15.75));
#15121=CARTESIAN_POINT('Origin',(62.4,3.59999999999999,12.));
#15122=CARTESIAN_POINT('Origin',(63.,0.,12.));
#15123=CARTESIAN_POINT('',(63.,83.4,12.));
#15124=CARTESIAN_POINT('Origin',(33.,3.,19.5));
#15125=CARTESIAN_POINT('',(8.6,3.,26.8585712797929));
#15126=CARTESIAN_POINT('',(8.6,3.,15.75));
#15127=CARTESIAN_POINT('Origin',(10.,3.,20.));
#15128=CARTESIAN_POINT('Origin',(8.6,3.,12.));
#15129=CARTESIAN_POINT('',(8.6,3.59999994735454,26.8585712797929));
#15130=CARTESIAN_POINT('',(8.6,0.,26.8585712797929));
#15131=CARTESIAN_POINT('',(8.6,3.59999994735454,12.));
#15132=CARTESIAN_POINT('Origin',(3.6,3.59999999999999,12.));
#15133=CARTESIAN_POINT('',(5.05,3.59999999999999,12.));
#15134=CARTESIAN_POINT('Origin',(3.6,8.59999999999999,12.));
#15135=CARTESIAN_POINT('',(3.6,8.59999999999999,22.8354893757516));
#15136=CARTESIAN_POINT('Origin',(10.,8.59999999999999,20.));
#15137=CARTESIAN_POINT('',(3.6,8.59999999999999,12.));
#15138=CARTESIAN_POINT('Origin',(3.6,3.59999999999999,12.));
#15139=CARTESIAN_POINT('Ctrl Pts',(8.6,3.59999999999999,26.8585712797929));
#15140=CARTESIAN_POINT('Ctrl Pts',(8.6,4.29172485355709,26.8585712797929));
#15141=CARTESIAN_POINT('Ctrl Pts',(8.44704677003844,5.02296615911605,26.8326179102885));
#15142=CARTESIAN_POINT('Ctrl Pts',(7.84840928392097,6.33307512684193,26.6683581341388));
#15143=CARTESIAN_POINT('Ctrl Pts',(7.4025459046644,6.91093435489744,26.5227442971087));
#15144=CARTESIAN_POINT('Ctrl Pts',(6.65589669702624,7.57276814024224,26.1564045538446));
#15145=CARTESIAN_POINT('Ctrl Pts',(6.3553075861268,7.78661629981436,25.9874157182696));
#15146=CARTESIAN_POINT('Ctrl Pts',(5.75300545089384,8.12593000598024,25.5763759124346));
#15147=CARTESIAN_POINT('Ctrl Pts',(5.45230629974898,8.25245413804072,25.3337146966717));
#15148=CARTESIAN_POINT('Ctrl Pts',(4.55219352497224,8.55442713057197,24.4824941347773));
#15149=CARTESIAN_POINT('Ctrl Pts',(3.98435196992597,8.59999999999999,23.7030125019401));
#15150=CARTESIAN_POINT('Ctrl Pts',(3.6,8.59999999999999,22.8354893757516));
#15151=CARTESIAN_POINT('Origin',(10.,0.,20.));
#15152=CARTESIAN_POINT('Origin',(10.,89.,20.));
#15153=CARTESIAN_POINT('Origin',(62.4,83.4,12.));
#15154=CARTESIAN_POINT('',(62.4,83.4,12.));
#15155=CARTESIAN_POINT('Origin',(62.4,88.4,12.));
#15156=CARTESIAN_POINT('',(57.4,88.4,12.));
#15157=CARTESIAN_POINT('Origin',(57.4,89.,12.));
#15158=CARTESIAN_POINT('',(57.4,89.,15.75));
#15159=CARTESIAN_POINT('Origin',(62.4,88.4,12.));
#15160=CARTESIAN_POINT('',(63.85,88.4,12.));
#15161=CARTESIAN_POINT('Origin',(33.,89.,19.5));
#15162=CARTESIAN_POINT('',(14.478376353415,16.6053556519161,30.0004535647779));
#15163=CARTESIAN_POINT('',(14.478376353415,16.6053556519161,30.0004535647779));
#15164=CARTESIAN_POINT('',(0.,0.,0.));
#15165=UNCERTAINTY_MEASURE_WITH_UNIT(LENGTH_MEASURE(0.01),#15175,
'DISTANCE_ACCURACY_VALUE',
'Maximum model space distance between geometric entities at asserted c
onnectivities');
#15166=UNCERTAINTY_MEASURE_WITH_UNIT(LENGTH_MEASURE(0.01),#15175,
'DISTANCE_ACCURACY_VALUE',
'Maximum model space distance between geometric entities at asserted c
onnectivities');
#15167=UNCERTAINTY_MEASURE_WITH_UNIT(LENGTH_MEASURE(0.01),#15175,
'DISTANCE_ACCURACY_VALUE',
'Maximum model space distance between geometric entities at asserted c
onnectivities');
#15168=UNCERTAINTY_MEASURE_WITH_UNIT(LENGTH_MEASURE(0.01),#15175,
'DISTANCE_ACCURACY_VALUE',
'Maximum model space distance between geometric entities at asserted c
onnectivities');
#15169=UNCERTAINTY_MEASURE_WITH_UNIT(LENGTH_MEASURE(0.01),#15175,
'DISTANCE_ACCURACY_VALUE',
'Maximum model space distance between geometric entities at asserted c
onnectivities');
#15170=(
GEOMETRIC_REPRESENTATION_CONTEXT(3)
GLOBAL_UNCERTAINTY_ASSIGNED_CONTEXT((#15165))
GLOBAL_UNIT_ASSIGNED_CONTEXT((#15175,#15177,#15178))
REPRESENTATION_CONTEXT('','3D')
);
#15171=(
GEOMETRIC_REPRESENTATION_CONTEXT(3)
GLOBAL_UNCERTAINTY_ASSIGNED_CONTEXT((#15166))
GLOBAL_UNIT_ASSIGNED_CONTEXT((#15175,#15177,#15178))
REPRESENTATION_CONTEXT('','3D')
);
#15172=(
GEOMETRIC_REPRESENTATION_CONTEXT(3)
GLOBAL_UNCERTAINTY_ASSIGNED_CONTEXT((#15167))
GLOBAL_UNIT_ASSIGNED_CONTEXT((#15175,#15177,#15178))
REPRESENTATION_CONTEXT('','3D')
);
#15173=(
GEOMETRIC_REPRESENTATION_CONTEXT(3)
GLOBAL_UNCERTAINTY_ASSIGNED_CONTEXT((#15168))
GLOBAL_UNIT_ASSIGNED_CONTEXT((#15175,#15177,#15178))
REPRESENTATION_CONTEXT('','3D')
);
#15174=(
GEOMETRIC_REPRESENTATION_CONTEXT(3)
GLOBAL_UNCERTAINTY_ASSIGNED_CONTEXT((#15169))
GLOBAL_UNIT_ASSIGNED_CONTEXT((#15175,#15177,#15178))
REPRESENTATION_CONTEXT('','3D')
);
#15175=(
LENGTH_UNIT()
NAMED_UNIT(*)
SI_UNIT(.MILLI.,.METRE.)
);
#15176=(
LENGTH_UNIT()
NAMED_UNIT(*)
SI_UNIT($,.METRE.)
);
#15177=(
NAMED_UNIT(*)
PLANE_ANGLE_UNIT()
SI_UNIT($,.RADIAN.)
);
#15178=(
NAMED_UNIT(*)
SI_UNIT($,.STERADIAN.)
SOLID_ANGLE_UNIT()
);
#15179=SHAPE_DEFINITION_REPRESENTATION(#15183,#15190);
#15180=SHAPE_DEFINITION_REPRESENTATION(#15184,#15191);
#15181=SHAPE_DEFINITION_REPRESENTATION(#15185,#15192);
#15182=SHAPE_DEFINITION_REPRESENTATION(#15186,#15193);
#15183=PRODUCT_DEFINITION_SHAPE('',$,#15195);
#15184=PRODUCT_DEFINITION_SHAPE('',$,#15196);
#15185=PRODUCT_DEFINITION_SHAPE('',$,#15197);
#15186=PRODUCT_DEFINITION_SHAPE('',$,#15198);
#15187=PRODUCT_DEFINITION_SHAPE($,$,#20);
#15188=PRODUCT_DEFINITION_SHAPE($,$,#21);
#15189=PRODUCT_DEFINITION_SHAPE($,$,#22);
#15190=SHAPE_REPRESENTATION('',(#7747,#8393,#8394,#8395),#15170);
#15191=SHAPE_REPRESENTATION('',(#7748),#15171);
#15192=SHAPE_REPRESENTATION('',(#7777),#15172);
#15193=SHAPE_REPRESENTATION('',(#7792),#15173);
#15194=PRODUCT_DEFINITION_CONTEXT('part definition',#15208,'design');
#15195=PRODUCT_DEFINITION('2026-07-28-12-03-18-801','Lid',#15199,#15194);
#15196=PRODUCT_DEFINITION('2026-07-28-12-03-18-807','Teal inlay',#15200,
#15194);
#15197=PRODUCT_DEFINITION('2026-07-28-12-03-18-808','White inlay',#15201,
#15194);
#15198=PRODUCT_DEFINITION('2026-07-28-12-03-18-814','Inlay backer',#15202,
#15194);
#15199=PRODUCT_DEFINITION_FORMATION('',$,#15210);
#15200=PRODUCT_DEFINITION_FORMATION('',$,#15211);
#15201=PRODUCT_DEFINITION_FORMATION('',$,#15212);
#15202=PRODUCT_DEFINITION_FORMATION('',$,#15213);
#15203=PRODUCT_RELATED_PRODUCT_CATEGORY('Lid','Lid',(#15210));
#15204=PRODUCT_RELATED_PRODUCT_CATEGORY('Teal inlay','Teal inlay',(#15211));
#15205=PRODUCT_RELATED_PRODUCT_CATEGORY('White inlay','White inlay',(#15212));
#15206=PRODUCT_RELATED_PRODUCT_CATEGORY('Inlay backer','Inlay backer',(#15213));
#15207=APPLICATION_PROTOCOL_DEFINITION('international standard',
'automotive_design',2009,#15208);
#15208=APPLICATION_CONTEXT(
'Core Data for Automotive Mechanical Design Process');
#15209=PRODUCT_CONTEXT('part definition',#15208,'mechanical');
#15210=PRODUCT('2026-07-28-12-03-18-801','Lid',$,(#15209));
#15211=PRODUCT('2026-07-28-12-03-18-807','Teal inlay',$,(#15209));
#15212=PRODUCT('2026-07-28-12-03-18-808','White inlay',$,(#15209));
#15213=PRODUCT('2026-07-28-12-03-18-814','Inlay backer',$,(#15209));
#15214=PRESENTATION_STYLE_ASSIGNMENT((#15215));
#15215=SURFACE_STYLE_USAGE(.BOTH.,#15216);
#15216=SURFACE_SIDE_STYLE('',(#15217));
#15217=SURFACE_STYLE_FILL_AREA(#15218);
#15218=FILL_AREA_STYLE('Steel - Satin',(#15219));
#15219=FILL_AREA_STYLE_COLOUR('Steel - Satin',#15220);
#15220=COLOUR_RGB('Steel - Satin',0.627450980392157,0.627450980392157,0.627450980392157);
ENDSEC;
END-ISO-10303-21;
