ISO-10303-21;
HEADER;
/* Generated by software containing ST-Developer
 * from STEP Tools, Inc. (www.steptools.com) 
 */

FILE_DESCRIPTION(
/* description */ (''),
/* implementation_level */ '2;1');

FILE_NAME(
/* name */ 'Lid.step',
/* time_stamp */ '2026-07-28T11:24:26+08:00',
/* author */ (''),
/* organization */ (''),
/* preprocessor_version */ 'ST-DEVELOPER v20.1',
/* originating_system */ 'Autodesk Translation Framework v15.8.0.0',
/* authorisation */ '');

FILE_SCHEMA (('AUTOMOTIVE_DESIGN { 1 0 10303 214 3 1 1 }'));
ENDSEC;

DATA;
#10=MECHANICAL_DESIGN_GEOMETRIC_PRESENTATION_REPRESENTATION('',(#491,#492,
#493,#494,#495,#496,#497,#498,#499,#500,#501),#15126);
#11=ITEM_DEFINED_TRANSFORMATION($,$,#7726,#8366);
#12=ITEM_DEFINED_TRANSFORMATION($,$,#7755,#8367);
#13=ITEM_DEFINED_TRANSFORMATION($,$,#7770,#8368);
#14=(
REPRESENTATION_RELATIONSHIP($,$,#15143,#15142)
REPRESENTATION_RELATIONSHIP_WITH_TRANSFORMATION(#11)
SHAPE_REPRESENTATION_RELATIONSHIP()
);
#15=(
REPRESENTATION_RELATIONSHIP($,$,#15144,#15142)
REPRESENTATION_RELATIONSHIP_WITH_TRANSFORMATION(#12)
SHAPE_REPRESENTATION_RELATIONSHIP()
);
#16=(
REPRESENTATION_RELATIONSHIP($,$,#15145,#15142)
REPRESENTATION_RELATIONSHIP_WITH_TRANSFORMATION(#13)
SHAPE_REPRESENTATION_RELATIONSHIP()
);
#17=CONTEXT_DEPENDENT_SHAPE_REPRESENTATION(#14,#15139);
#18=CONTEXT_DEPENDENT_SHAPE_REPRESENTATION(#15,#15140);
#19=CONTEXT_DEPENDENT_SHAPE_REPRESENTATION(#16,#15141);
#20=NEXT_ASSEMBLY_USAGE_OCCURRENCE('Teal inlay:1','Teal inlay:1',
'Teal inlay:1',#15147,#15148,'Teal inlay:1');
#21=NEXT_ASSEMBLY_USAGE_OCCURRENCE('White inlay:1','White inlay:1',
'White inlay:1',#15147,#15149,'White inlay:1');
#22=NEXT_ASSEMBLY_USAGE_OCCURRENCE('Inlay backer:1','Inlay backer:1',
'Inlay backer:1',#15147,#15150,'Inlay backer:1');
#23=CONICAL_SURFACE('',#8001,3.15,0.785398163397455);
#24=CONICAL_SURFACE('',#8003,5.24999999999998,0.785398163397452);
#25=CONICAL_SURFACE('',#8006,5.25,0.785398163397452);
#26=CONICAL_SURFACE('',#8009,5.25,0.785398163397452);
#27=CONICAL_SURFACE('',#8012,1.25,0.785398163397453);
#28=CONICAL_SURFACE('',#8015,5.25,0.785398163397454);
#29=CONICAL_SURFACE('',#8018,5.25,0.785398163397453);
#30=CONICAL_SURFACE('',#8021,1.25,0.785398163397453);
#31=CONICAL_SURFACE('',#8024,5.25,0.785398163397452);
#32=CONICAL_SURFACE('',#8027,1.25,0.785398163397453);
#33=CONICAL_SURFACE('',#8030,5.25000000000438,0.785398163397453);
#34=CONICAL_SURFACE('',#8034,1.25,0.785398163397453);
#35=CONICAL_SURFACE('',#8037,5.25000000007431,0.785398163397454);
#36=CONICAL_SURFACE('',#8219,4.24999999999999,0.321750554396647);
#37=CONICAL_SURFACE('',#8221,2.74999999999999,0.321750554396647);
#38=CONICAL_SURFACE('',#8229,4.25,0.321750554396644);
#39=CONICAL_SURFACE('',#8231,2.75,0.321750554396642);
#40=CONICAL_SURFACE('',#8248,4.24999999999999,0.321750554396647);
#41=CONICAL_SURFACE('',#8251,2.74999999999999,0.321750554396647);
#42=CONICAL_SURFACE('',#8257,4.25,0.321750554396644);
#43=CONICAL_SURFACE('',#8260,2.75,0.321750554396642);
#44=CONICAL_SURFACE('',#8274,10.75,1.24904577239825);
#45=CONICAL_SURFACE('',#8277,10.75,1.24904577239826);
#46=CONICAL_SURFACE('',#8283,10.75,1.24904577239826);
#47=CONICAL_SURFACE('',#8286,10.75,1.24904577239825);
#48=CONICAL_SURFACE('',#8308,10.7500000000001,1.24904577239825);
#49=CONICAL_SURFACE('',#8311,10.7500000000001,1.24904577239826);
#50=CONICAL_SURFACE('',#8316,10.7500000000001,1.24904577239825);
#51=CONICAL_SURFACE('',#8319,10.7500000000001,1.24904577239826);
#52=CYLINDRICAL_SURFACE('',#7795,3.);
#53=CYLINDRICAL_SURFACE('',#7797,2.99999999999999);
#54=CYLINDRICAL_SURFACE('',#7816,10.);
#55=CYLINDRICAL_SURFACE('',#7836,3.);
#56=CYLINDRICAL_SURFACE('',#7848,3.);
#57=CYLINDRICAL_SURFACE('',#7851,3.);
#58=CYLINDRICAL_SURFACE('',#7853,3.);
#59=CYLINDRICAL_SURFACE('',#7866,3.);
#60=CYLINDRICAL_SURFACE('',#7868,2.99999999999999);
#61=CYLINDRICAL_SURFACE('',#7878,3.);
#62=CYLINDRICAL_SURFACE('',#7890,10.);
#63=CYLINDRICAL_SURFACE('',#7891,3.);
#64=CYLINDRICAL_SURFACE('',#7892,3.);
#65=CYLINDRICAL_SURFACE('',#7897,3.);
#66=CYLINDRICAL_SURFACE('',#7904,3.);
#67=CYLINDRICAL_SURFACE('',#7907,3.);
#68=CYLINDRICAL_SURFACE('',#7952,2.1);
#69=CYLINDRICAL_SURFACE('',#7955,3.75);
#70=CYLINDRICAL_SURFACE('',#7960,7.);
#71=CYLINDRICAL_SURFACE('',#7967,7.);
#72=CYLINDRICAL_SURFACE('',#7968,2.1);
#73=CYLINDRICAL_SURFACE('',#7974,2.1);
#74=CYLINDRICAL_SURFACE('',#7980,2.1);
#75=CYLINDRICAL_SURFACE('',#7985,7.);
#76=CYLINDRICAL_SURFACE('',#7987,2.1);
#77=CYLINDRICAL_SURFACE('',#7990,3.75);
#78=CYLINDRICAL_SURFACE('',#7995,2.1);
#79=CYLINDRICAL_SURFACE('',#8040,4.75);
#80=CYLINDRICAL_SURFACE('',#8043,1.75);
#81=CYLINDRICAL_SURFACE('',#8046,4.75);
#82=CYLINDRICAL_SURFACE('',#8049,4.75);
#83=CYLINDRICAL_SURFACE('',#8052,1.75);
#84=CYLINDRICAL_SURFACE('',#8055,4.75);
#85=CYLINDRICAL_SURFACE('',#8058,4.7500000000743);
#86=CYLINDRICAL_SURFACE('',#8061,1.75);
#87=CYLINDRICAL_SURFACE('',#8064,4.74999999999998);
#88=CYLINDRICAL_SURFACE('',#8067,4.75000000000438);
#89=CYLINDRICAL_SURFACE('',#8070,1.75);
#90=CYLINDRICAL_SURFACE('',#8073,4.75);
#91=CYLINDRICAL_SURFACE('',#8075,2.65);
#92=CYLINDRICAL_SURFACE('',#8086,4.05);
#93=CYLINDRICAL_SURFACE('',#8088,4.65);
#94=CYLINDRICAL_SURFACE('',#8090,5.75);
#95=CYLINDRICAL_SURFACE('',#8094,0.75);
#96=CYLINDRICAL_SURFACE('',#8098,5.75);
#97=CYLINDRICAL_SURFACE('',#8102,5.75);
#98=CYLINDRICAL_SURFACE('',#8106,0.750000000000001);
#99=CYLINDRICAL_SURFACE('',#8110,5.75);
#100=CYLINDRICAL_SURFACE('',#8115,5.75);
#101=CYLINDRICAL_SURFACE('',#8119,0.75);
#102=CYLINDRICAL_SURFACE('',#8123,5.75);
#103=CYLINDRICAL_SURFACE('',#8127,5.75);
#104=CYLINDRICAL_SURFACE('',#8131,0.75);
#105=CYLINDRICAL_SURFACE('',#8135,5.75);
#106=CYLINDRICAL_SURFACE('',#8152,6.5);
#107=CYLINDRICAL_SURFACE('',#8154,1.17536644076359);
#108=CYLINDRICAL_SURFACE('',#8156,6.50000000000001);
#109=CYLINDRICAL_SURFACE('',#8159,6.50000000000001);
#110=CYLINDRICAL_SURFACE('',#8161,1.17536644076358);
#111=CYLINDRICAL_SURFACE('',#8163,6.5);
#112=CYLINDRICAL_SURFACE('',#8166,6.5);
#113=CYLINDRICAL_SURFACE('',#8168,1.17536644076359);
#114=CYLINDRICAL_SURFACE('',#8170,6.5);
#115=CYLINDRICAL_SURFACE('',#8173,6.50000000000001);
#116=CYLINDRICAL_SURFACE('',#8175,1.17536644076359);
#117=CYLINDRICAL_SURFACE('',#8177,6.5);
#118=CYLINDRICAL_SURFACE('',#8183,3.75);
#119=CYLINDRICAL_SURFACE('',#8194,3.75);
#120=CYLINDRICAL_SURFACE('',#8200,3.75);
#121=CYLINDRICAL_SURFACE('',#8209,3.75);
#122=CYLINDRICAL_SURFACE('',#8280,11.5);
#123=CYLINDRICAL_SURFACE('',#8289,11.5);
#124=CYLINDRICAL_SURFACE('',#8295,10.);
#125=CYLINDRICAL_SURFACE('',#8297,10.);
#126=CYLINDRICAL_SURFACE('',#8300,10.);
#127=CYLINDRICAL_SURFACE('',#8302,10.);
#128=CYLINDRICAL_SURFACE('',#8314,11.5000000000001);
#129=CYLINDRICAL_SURFACE('',#8322,11.5000000000001);
#130=CYLINDRICAL_SURFACE('',#8328,10.);
#131=CYLINDRICAL_SURFACE('',#8330,10.);
#132=CYLINDRICAL_SURFACE('',#8333,10.);
#133=CYLINDRICAL_SURFACE('',#8335,10.);
#134=CYLINDRICAL_SURFACE('',#8342,5.);
#135=CYLINDRICAL_SURFACE('',#8345,1.75);
#136=CYLINDRICAL_SURFACE('',#8348,1.74999999999999);
#137=CYLINDRICAL_SURFACE('',#8350,5.);
#138=CYLINDRICAL_SURFACE('',#8355,1.75);
#139=CYLINDRICAL_SURFACE('',#8358,5.);
#140=CYLINDRICAL_SURFACE('',#8359,7.);
#141=CYLINDRICAL_SURFACE('',#8362,5.);
#142=CYLINDRICAL_SURFACE('',#8364,1.74999999999999);
#143=ELLIPSE('',#7781,4.38634243989225,2.99999999999999);
#144=ELLIPSE('',#7783,4.52548339959389,3.19999999999999);
#145=ELLIPSE('',#7796,3.24717660087718,3.);
#146=ELLIPSE('',#7804,4.52548339959391,3.2);
#147=ELLIPSE('',#7805,4.38634243989226,3.);
#148=ELLIPSE('',#7819,4.52548339959391,3.2);
#149=ELLIPSE('',#7839,4.38634243989226,2.99999999999999);
#150=ELLIPSE('',#7849,3.24717660087719,3.);
#151=ELLIPSE('',#7852,3.24717660087718,3.);
#152=ELLIPSE('',#7860,4.52548339959389,3.19999999999999);
#153=ELLIPSE('',#7861,4.38634243989225,2.99999999999999);
#154=ELLIPSE('',#7880,3.24717660087718,3.);
#155=TOROIDAL_SURFACE('',#7778,3.19999999999999,0.2);
#156=TOROIDAL_SURFACE('',#7788,7.,3.);
#157=TOROIDAL_SURFACE('',#7806,3.2,0.2);
#158=TOROIDAL_SURFACE('',#7811,7.,3.);
#159=TOROIDAL_SURFACE('',#7845,3.2,0.2);
#160=TOROIDAL_SURFACE('',#7862,3.19999999999999,0.2);
#161=TOROIDAL_SURFACE('',#7884,7.,3.);
#162=TOROIDAL_SURFACE('',#7910,7.,3.);
#163=CIRCLE('',#7777,0.2);
#164=CIRCLE('',#7779,3.19999999999999);
#165=CIRCLE('',#7780,2.99999999999999);
#166=CIRCLE('',#7782,0.200000000000001);
#167=CIRCLE('',#7784,0.19999999999999);
#168=CIRCLE('',#7785,0.2);
#169=CIRCLE('',#7786,0.199999999999999);
#170=CIRCLE('',#7787,0.2);
#171=CIRCLE('',#7789,3.);
#172=CIRCLE('',#7790,7.);
#173=CIRCLE('',#7791,3.);
#174=CIRCLE('',#7792,10.);
#175=CIRCLE('',#7793,3.);
#176=CIRCLE('',#7794,3.);
#177=CIRCLE('',#7798,2.99999999999999);
#178=CIRCLE('',#7799,0.2);
#179=CIRCLE('',#7800,0.2);
#180=CIRCLE('',#7801,0.200000000000002);
#181=CIRCLE('',#7802,0.2);
#182=CIRCLE('',#7803,0.199999999999999);
#183=CIRCLE('',#7807,3.);
#184=CIRCLE('',#7808,3.);
#185=CIRCLE('',#7809,0.200000000000001);
#186=CIRCLE('',#7810,3.2);
#187=CIRCLE('',#7812,10.);
#188=CIRCLE('',#7813,3.);
#189=CIRCLE('',#7814,7.);
#190=CIRCLE('',#7815,3.);
#191=CIRCLE('',#7817,10.);
#192=CIRCLE('',#7821,3.19999999999999);
#193=CIRCLE('',#7822,3.2);
#194=CIRCLE('',#7823,5.75);
#195=CIRCLE('',#7824,0.750000000000001);
#196=CIRCLE('',#7825,5.75);
#197=CIRCLE('',#7826,5.74999999999999);
#198=CIRCLE('',#7827,0.750000000000001);
#199=CIRCLE('',#7828,5.75);
#200=CIRCLE('',#7829,5.75);
#201=CIRCLE('',#7830,0.750000000000001);
#202=CIRCLE('',#7831,5.75000000000438);
#203=CIRCLE('',#7832,5.74999999999998);
#204=CIRCLE('',#7833,0.749999999999997);
#205=CIRCLE('',#7834,5.75000000007431);
#206=CIRCLE('',#7835,3.65);
#207=CIRCLE('',#7837,3.);
#208=CIRCLE('',#7838,0.200000000000003);
#209=CIRCLE('',#7840,0.199999999999995);
#210=CIRCLE('',#7841,0.199999999999997);
#211=CIRCLE('',#7842,0.200000000000015);
#212=CIRCLE('',#7843,0.200000000000001);
#213=CIRCLE('',#7844,0.199999999999994);
#214=CIRCLE('',#7846,3.);
#215=CIRCLE('',#7847,3.);
#216=CIRCLE('',#7850,3.00000000000001);
#217=CIRCLE('',#7854,3.);
#218=CIRCLE('',#7855,0.199999999999989);
#219=CIRCLE('',#7856,0.200000000000001);
#220=CIRCLE('',#7857,0.200000000000006);
#221=CIRCLE('',#7858,0.199999999999996);
#222=CIRCLE('',#7859,0.200000000000002);
#223=CIRCLE('',#7863,2.99999999999999);
#224=CIRCLE('',#7864,0.200000000000008);
#225=CIRCLE('',#7867,3.00000000000001);
#226=CIRCLE('',#7869,2.99999999999999);
#227=CIRCLE('',#7871,1.74999999999999);
#228=CIRCLE('',#7873,1.75);
#229=CIRCLE('',#7875,1.74999999999999);
#230=CIRCLE('',#7877,1.75);
#231=CIRCLE('',#7879,3.);
#232=CIRCLE('',#7881,3.);
#233=CIRCLE('',#7882,3.00000000000001);
#234=CIRCLE('',#7883,3.00000000000001);
#235=CIRCLE('',#7885,10.);
#236=CIRCLE('',#7886,3.);
#237=CIRCLE('',#7887,7.);
#238=CIRCLE('',#7888,3.00000000000001);
#239=CIRCLE('',#7889,3.);
#240=CIRCLE('',#7893,3.);
#241=CIRCLE('',#7895,10.);
#242=CIRCLE('',#7896,10.);
#243=CIRCLE('',#7898,3.);
#244=CIRCLE('',#7901,10.);
#245=CIRCLE('',#7902,10.);
#246=CIRCLE('',#7903,7.);
#247=CIRCLE('',#7905,3.);
#248=CIRCLE('',#7908,3.);
#249=CIRCLE('',#7909,3.);
#250=CIRCLE('',#7912,2.49999999999998);
#251=CIRCLE('',#7913,2.5);
#252=CIRCLE('',#7914,1.75);
#253=CIRCLE('',#7915,1.75);
#254=CIRCLE('',#7929,3.75);
#255=CIRCLE('',#7930,3.75);
#256=CIRCLE('',#7931,3.75);
#257=CIRCLE('',#7932,3.75);
#258=CIRCLE('',#7933,3.75);
#259=CIRCLE('',#7934,3.75);
#260=CIRCLE('',#7935,3.75);
#261=CIRCLE('',#7951,3.75);
#262=CIRCLE('',#7953,2.1);
#263=CIRCLE('',#7954,2.1);
#264=CIRCLE('',#7956,3.75);
#265=CIRCLE('',#7957,3.75);
#266=CIRCLE('',#7958,3.75);
#267=CIRCLE('',#7961,7.);
#268=CIRCLE('',#7962,7.);
#269=CIRCLE('',#7963,7.);
#270=CIRCLE('',#7964,7.);
#271=CIRCLE('',#7965,7.);
#272=CIRCLE('',#7966,7.);
#273=CIRCLE('',#7969,2.1);
#274=CIRCLE('',#7970,2.1);
#275=CIRCLE('',#7972,3.75);
#276=CIRCLE('',#7975,2.1);
#277=CIRCLE('',#7976,2.1);
#278=CIRCLE('',#7978,3.75);
#279=CIRCLE('',#7981,2.1);
#280=CIRCLE('',#7982,2.1);
#281=CIRCLE('',#7984,3.75);
#282=CIRCLE('',#7988,2.1);
#283=CIRCLE('',#7989,2.1);
#284=CIRCLE('',#7991,3.75);
#285=CIRCLE('',#7992,3.75);
#286=CIRCLE('',#7996,2.1);
#287=CIRCLE('',#7997,2.1);
#288=CIRCLE('',#7999,3.75);
#289=CIRCLE('',#8002,2.65);
#290=CIRCLE('',#8004,4.74999999999998);
#291=CIRCLE('',#8007,4.75);
#292=CIRCLE('',#8010,4.75);
#293=CIRCLE('',#8013,1.75);
#294=CIRCLE('',#8016,4.75);
#295=CIRCLE('',#8019,4.75);
#296=CIRCLE('',#8022,1.75);
#297=CIRCLE('',#8025,4.75);
#298=CIRCLE('',#8028,1.75);
#299=CIRCLE('',#8031,4.75000000000438);
#300=CIRCLE('',#8035,1.75);
#301=CIRCLE('',#8038,4.7500000000743);
#302=CIRCLE('',#8041,4.75);
#303=CIRCLE('',#8044,1.75);
#304=CIRCLE('',#8047,4.75);
#305=CIRCLE('',#8050,4.75);
#306=CIRCLE('',#8053,1.75);
#307=CIRCLE('',#8056,4.75);
#308=CIRCLE('',#8059,4.7500000000743);
#309=CIRCLE('',#8062,1.75);
#310=CIRCLE('',#8065,4.74999999999998);
#311=CIRCLE('',#8068,4.75000000000438);
#312=CIRCLE('',#8071,1.75);
#313=CIRCLE('',#8074,4.75);
#314=CIRCLE('',#8076,2.65);
#315=CIRCLE('',#8081,4.05);
#316=CIRCLE('',#8082,4.65);
#317=CIRCLE('',#8084,4.05);
#318=CIRCLE('',#8089,4.65);
#319=CIRCLE('',#8091,5.75);
#320=CIRCLE('',#8092,5.75);
#321=CIRCLE('',#8095,0.75);
#322=CIRCLE('',#8096,0.75);
#323=CIRCLE('',#8099,5.75);
#324=CIRCLE('',#8100,5.75);
#325=CIRCLE('',#8103,5.75);
#326=CIRCLE('',#8104,5.75);
#327=CIRCLE('',#8107,0.750000000000001);
#328=CIRCLE('',#8108,0.750000000000001);
#329=CIRCLE('',#8111,5.75);
#330=CIRCLE('',#8112,5.75);
#331=CIRCLE('',#8116,5.75);
#332=CIRCLE('',#8117,5.75);
#333=CIRCLE('',#8120,0.75);
#334=CIRCLE('',#8121,0.75);
#335=CIRCLE('',#8124,5.75);
#336=CIRCLE('',#8125,5.75);
#337=CIRCLE('',#8128,5.75);
#338=CIRCLE('',#8129,5.75);
#339=CIRCLE('',#8132,0.75);
#340=CIRCLE('',#8133,0.75);
#341=CIRCLE('',#8136,5.75);
#342=CIRCLE('',#8137,5.75);
#343=CIRCLE('',#8139,6.5);
#344=CIRCLE('',#8140,6.5);
#345=CIRCLE('',#8141,1.17536644076359);
#346=CIRCLE('',#8142,6.50000000000001);
#347=CIRCLE('',#8143,6.50000000000001);
#348=CIRCLE('',#8144,1.17536644076358);
#349=CIRCLE('',#8145,6.5);
#350=CIRCLE('',#8146,6.5);
#351=CIRCLE('',#8147,1.17536644076359);
#352=CIRCLE('',#8148,6.5);
#353=CIRCLE('',#8149,6.50000000000001);
#354=CIRCLE('',#8150,1.17536644076359);
#355=CIRCLE('',#8153,6.5);
#356=CIRCLE('',#8155,1.17536644076359);
#357=CIRCLE('',#8157,6.49999999999999);
#358=CIRCLE('',#8160,6.50000000000001);
#359=CIRCLE('',#8162,1.17536644076358);
#360=CIRCLE('',#8164,6.5);
#361=CIRCLE('',#8167,6.5);
#362=CIRCLE('',#8169,1.17536644076359);
#363=CIRCLE('',#8171,6.49999999999999);
#364=CIRCLE('',#8174,6.5);
#365=CIRCLE('',#8176,1.17536644076358);
#366=CIRCLE('',#8178,6.5);
#367=CIRCLE('',#8184,3.75);
#368=CIRCLE('',#8185,3.75);
#369=CIRCLE('',#8195,3.75);
#370=CIRCLE('',#8201,3.75);
#371=CIRCLE('',#8204,3.75);
#372=CIRCLE('',#8213,2.99999999999999);
#373=CIRCLE('',#8214,3.);
#374=CIRCLE('',#8215,4.);
#375=CIRCLE('',#8216,3.99999999999999);
#376=CIRCLE('',#8220,4.49999999999999);
#377=CIRCLE('',#8222,2.49999999999998);
#378=CIRCLE('',#8230,4.5);
#379=CIRCLE('',#8232,2.5);
#380=CIRCLE('',#8240,5.);
#381=CIRCLE('',#8241,5.);
#382=CIRCLE('',#8249,3.99999999999999);
#383=CIRCLE('',#8250,4.49999999999999);
#384=CIRCLE('',#8252,2.99999999999999);
#385=CIRCLE('',#8258,4.5);
#386=CIRCLE('',#8259,4.);
#387=CIRCLE('',#8261,3.);
#388=CIRCLE('',#8269,5.);
#389=CIRCLE('',#8270,5.);
#390=CIRCLE('',#8275,10.);
#391=CIRCLE('',#8276,11.5);
#392=CIRCLE('',#8278,11.5);
#393=CIRCLE('',#8279,10.);
#394=CIRCLE('',#8284,10.);
#395=CIRCLE('',#8285,11.5);
#396=CIRCLE('',#8287,11.5);
#397=CIRCLE('',#8288,10.);
#398=CIRCLE('',#8296,10.);
#399=CIRCLE('',#8301,10.);
#400=CIRCLE('',#8309,10.);
#401=CIRCLE('',#8310,11.5000000000001);
#402=CIRCLE('',#8312,11.5000000000001);
#403=CIRCLE('',#8313,10.);
#404=CIRCLE('',#8317,10.);
#405=CIRCLE('',#8318,11.5000000000001);
#406=CIRCLE('',#8320,11.5000000000001);
#407=CIRCLE('',#8321,10.);
#408=CIRCLE('',#8329,10.);
#409=CIRCLE('',#8334,10.);
#410=CIRCLE('',#8339,1.74999999999999);
#411=CIRCLE('',#8340,1.74999999999999);
#412=CIRCLE('',#8344,7.);
#413=CIRCLE('',#8353,7.);
#414=CIRCLE('',#8357,7.);
#415=CIRCLE('',#8360,7.);
#416=B_SPLINE_SURFACE_WITH_KNOTS('',3,3,((#11068,#11069,#11070,#11071),
(#11072,#11073,#11074,#11075),(#11076,#11077,#11078,#11079),(#11080,#11081,
#11082,#11083),(#11084,#11085,#11086,#11087),(#11088,#11089,#11090,#11091)),
 .UNSPECIFIED.,.F.,.F.,.F.,(4,1,1,4),(4,4),(0.,0.5,0.785714285714286,1.),
(3.56803645576191,3.73904917232693),.UNSPECIFIED.);
#417=B_SPLINE_SURFACE_WITH_KNOTS('',3,3,((#11181,#11182,#11183,#11184),
(#11185,#11186,#11187,#11188),(#11189,#11190,#11191,#11192),(#11193,#11194,
#11195,#11196),(#11197,#11198,#11199,#11200)),.UNSPECIFIED.,.F.,.F.,.F.,
(4,1,4),(4,4),(0.,0.5,1.),(0.73654545734244,1.73707602847907),
 .UNSPECIFIED.);
#418=B_SPLINE_SURFACE_WITH_KNOTS('',3,3,((#11206,#11207,#11208,#11209,#11210,
#11211,#11212,#11213,#11214,#11215,#11216,#11217,#11218),(#11219,#11220,
#11221,#11222,#11223,#11224,#11225,#11226,#11227,#11228,#11229,#11230,#11231),
(#11232,#11233,#11234,#11235,#11236,#11237,#11238,#11239,#11240,#11241,
#11242,#11243,#11244),(#11245,#11246,#11247,#11248,#11249,#11250,#11251,
#11252,#11253,#11254,#11255,#11256,#11257),(#11258,#11259,#11260,#11261,
#11262,#11263,#11264,#11265,#11266,#11267,#11268,#11269,#11270),(#11271,
#11272,#11273,#11274,#11275,#11276,#11277,#11278,#11279,#11280,#11281,#11282,
#11283),(#11284,#11285,#11286,#11287,#11288,#11289,#11290,#11291,#11292,
#11293,#11294,#11295,#11296)),.UNSPECIFIED.,.F.,.F.,.F.,(4,1,1,1,4),(4,
1,1,1,1,1,1,1,1,1,4),(0.,0.285714285714286,0.571428571428571,0.857142857142857,
1.),(0.,0.15970371610621,0.31940743221242,0.425876576283226,0.532345720354033,
0.585580292389436,0.638814864424839,0.665432150442541,0.692049436460243,
0.718666722477944,0.745284008495646),.UNSPECIFIED.);
#419=B_SPLINE_SURFACE_WITH_KNOTS('',3,3,((#11331,#11332,#11333,#11334,#11335,
#11336,#11337),(#11338,#11339,#11340,#11341,#11342,#11343,#11344),(#11345,
#11346,#11347,#11348,#11349,#11350,#11351),(#11352,#11353,#11354,#11355,
#11356,#11357,#11358),(#11359,#11360,#11361,#11362,#11363,#11364,#11365),
(#11366,#11367,#11368,#11369,#11370,#11371,#11372),(#11373,#11374,#11375,
#11376,#11377,#11378,#11379)),.UNSPECIFIED.,.F.,.F.,.F.,(4,1,1,1,4),(4,
1,1,1,4),(0.,0.285714285714286,0.571428571428571,0.857142857142857,1.),
(0.,0.135136305959818,0.270272611919636,0.405408917879454,0.472977070859363),
 .UNSPECIFIED.);
#420=B_SPLINE_SURFACE_WITH_KNOTS('',3,3,((#11397,#11398,#11399,#11400,#11401),
(#11402,#11403,#11404,#11405,#11406),(#11407,#11408,#11409,#11410,#11411),
(#11412,#11413,#11414,#11415,#11416),(#11417,#11418,#11419,#11420,#11421),
(#11422,#11423,#11424,#11425,#11426),(#11427,#11428,#11429,#11430,#11431)),
 .UNSPECIFIED.,.F.,.F.,.F.,(4,1,1,1,4),(4,1,4),(0.,0.285714285714286,0.571428571428571,
0.857142857142857,1.),(0.,0.07875745016229,0.18376738371201),
 .UNSPECIFIED.);
#421=B_SPLINE_SURFACE_WITH_KNOTS('',3,3,((#11445,#11446,#11447,#11448,#11449,
#11450,#11451),(#11452,#11453,#11454,#11455,#11456,#11457,#11458),(#11459,
#11460,#11461,#11462,#11463,#11464,#11465),(#11466,#11467,#11468,#11469,
#11470,#11471,#11472),(#11473,#11474,#11475,#11476,#11477,#11478,#11479),
(#11480,#11481,#11482,#11483,#11484,#11485,#11486),(#11487,#11488,#11489,
#11490,#11491,#11492,#11493)),.UNSPECIFIED.,.F.,.F.,.F.,(4,1,1,1,4),(4,
1,1,1,4),(0.,0.285714285714286,0.571428571428571,0.857142857142857,1.),
(1.4913092771676E-14,0.213911632729311,0.267389540911635,0.320867449093959,
0.374345357276283),.UNSPECIFIED.);
#422=B_SPLINE_SURFACE_WITH_KNOTS('',3,3,((#11511,#11512,#11513,#11514),
(#11515,#11516,#11517,#11518),(#11519,#11520,#11521,#11522),(#11523,#11524,
#11525,#11526),(#11527,#11528,#11529,#11530)),.UNSPECIFIED.,.F.,.F.,.F.,
(4,1,4),(4,4),(0.,0.571428571428571,1.),(0.,0.0352083623267247),
 .UNSPECIFIED.);
#423=B_SPLINE_SURFACE_WITH_KNOTS('',3,3,((#11547,#11548,#11549,#11550,#11551),
(#11552,#11553,#11554,#11555,#11556),(#11557,#11558,#11559,#11560,#11561),
(#11562,#11563,#11564,#11565,#11566)),.UNSPECIFIED.,.F.,.F.,.F.,(4,4),(4,
1,4),(0.623928044325318,1.),(-0.173754421079393,-0.099288240616796,2.37495475283058E-16),
 .UNSPECIFIED.);
#424=B_SPLINE_SURFACE_WITH_KNOTS('',3,3,((#11574,#11575,#11576,#11577,#11578,
#11579,#11580,#11581),(#11582,#11583,#11584,#11585,#11586,#11587,#11588,
#11589),(#11590,#11591,#11592,#11593,#11594,#11595,#11596,#11597),(#11598,
#11599,#11600,#11601,#11602,#11603,#11604,#11605)),.UNSPECIFIED.,.F.,.F.,
 .F.,(4,4),(4,1,1,1,1,4),(0.371147959825682,1.),(-2.99454191213217,-2.85100641597358,
-2.75531608520118,-2.73139350250808,-2.70747091981498,-2.65962575442878),
 .UNSPECIFIED.);
#425=B_SPLINE_SURFACE_WITH_KNOTS('',3,3,((#11629,#11630,#11631,#11632),
(#11633,#11634,#11635,#11636),(#11637,#11638,#11639,#11640),(#11641,#11642,
#11643,#11644),(#11645,#11646,#11647,#11648)),.UNSPECIFIED.,.F.,.F.,.F.,
(4,1,4),(4,4),(0.,0.571428571428571,1.),(0.103750064799942,0.138958427126659),
 .UNSPECIFIED.);
#426=B_SPLINE_SURFACE_WITH_KNOTS('',3,3,((#11693,#11694,#11695,#11696,#11697,
#11698,#11699),(#11700,#11701,#11702,#11703,#11704,#11705,#11706),(#11707,
#11708,#11709,#11710,#11711,#11712,#11713),(#11714,#11715,#11716,#11717,
#11718,#11719,#11720),(#11721,#11722,#11723,#11724,#11725,#11726,#11727),
(#11728,#11729,#11730,#11731,#11732,#11733,#11734),(#11735,#11736,#11737,
#11738,#11739,#11740,#11741)),.UNSPECIFIED.,.F.,.F.,.F.,(4,1,1,1,4),(4,
1,1,1,4),(0.,0.285714285714286,0.571428571428571,0.857142857142857,1.),
(0.,0.053476612576484,0.106953225152968,0.160429837729452,0.374336288035388),
 .UNSPECIFIED.);
#427=B_SPLINE_SURFACE_WITH_KNOTS('',3,3,((#11759,#11760,#11761,#11762,#11763,
#11764),(#11765,#11766,#11767,#11768,#11769,#11770),(#11771,#11772,#11773,
#11774,#11775,#11776),(#11777,#11778,#11779,#11780,#11781,#11782),(#11783,
#11784,#11785,#11786,#11787,#11788),(#11789,#11790,#11791,#11792,#11793,
#11794),(#11795,#11796,#11797,#11798,#11799,#11800)),.UNSPECIFIED.,.F.,
 .F.,.F.,(4,1,1,1,4),(4,1,1,4),(0.,0.285714285714286,0.571428571428571,
0.857142857142857,1.),(0.,0.0787753951590261,0.131292325265044,0.183809255371061),
 .UNSPECIFIED.);
#428=B_SPLINE_SURFACE_WITH_KNOTS('',3,3,((#11816,#11817,#11818,#11819,#11820,
#11821,#11822),(#11823,#11824,#11825,#11826,#11827,#11828,#11829),(#11830,
#11831,#11832,#11833,#11834,#11835,#11836),(#11837,#11838,#11839,#11840,
#11841,#11842,#11843),(#11844,#11845,#11846,#11847,#11848,#11849,#11850),
(#11851,#11852,#11853,#11854,#11855,#11856,#11857),(#11858,#11859,#11860,
#11861,#11862,#11863,#11864)),.UNSPECIFIED.,.F.,.F.,.F.,(4,1,1,1,4),(4,
1,1,1,4),(0.,0.285714285714286,0.571428571428571,0.857142857142857,1.),
(0.,0.0675683648166186,0.135136729633237,0.270273459266474,0.47297855371633),
 .UNSPECIFIED.);
#429=B_SPLINE_SURFACE_WITH_KNOTS('',3,3,((#11882,#11883,#11884,#11885,#11886,
#11887,#11888,#11889,#11890,#11891,#11892,#11893),(#11894,#11895,#11896,
#11897,#11898,#11899,#11900,#11901,#11902,#11903,#11904,#11905),(#11906,
#11907,#11908,#11909,#11910,#11911,#11912,#11913,#11914,#11915,#11916,#11917),
(#11918,#11919,#11920,#11921,#11922,#11923,#11924,#11925,#11926,#11927,
#11928,#11929),(#11930,#11931,#11932,#11933,#11934,#11935,#11936,#11937,
#11938,#11939,#11940,#11941),(#11942,#11943,#11944,#11945,#11946,#11947,
#11948,#11949,#11950,#11951,#11952,#11953),(#11954,#11955,#11956,#11957,
#11958,#11959,#11960,#11961,#11962,#11963,#11964,#11965)),.UNSPECIFIED.,
 .F.,.F.,.F.,(4,1,1,1,4),(4,1,1,1,1,1,1,1,1,4),(0.,0.285714285714286,0.571428571428571,
0.857142857142857,1.),(0.,0.0266169503633989,0.0532339007267977,0.0798508510901966,
0.106467801453595,0.159701702180393,0.212935602907191,0.319403404360786,
0.532339007267977,0.745274610175168),.UNSPECIFIED.);
#430=B_SPLINE_SURFACE_WITH_KNOTS('',3,3,((#11993,#11994,#11995,#11996),
(#11997,#11998,#11999,#12000),(#12001,#12002,#12003,#12004),(#12005,#12006,
#12007,#12008),(#12009,#12010,#12011,#12012)),.UNSPECIFIED.,.F.,.F.,.F.,
(4,1,4),(4,4),(0.,0.5,1.),(4.54610927869873,5.54663984983714),
 .UNSPECIFIED.);
#431=B_SPLINE_SURFACE_WITH_KNOTS('',3,3,((#12056,#12057,#12058,#12059),
(#12060,#12061,#12062,#12063),(#12064,#12065,#12066,#12067),(#12068,#12069,
#12070,#12071),(#12072,#12073,#12074,#12075)),.UNSPECIFIED.,.F.,.F.,.F.,
(4,1,4),(4,4),(0.,0.5,1.),(3.73904909735036,3.91006181428237),
 .UNSPECIFIED.);
#432=B_SPLINE_SURFACE_WITH_KNOTS('',3,3,((#12221,#12222,#12223,#12224),
(#12225,#12226,#12227,#12228),(#12229,#12230,#12231,#12232),(#12233,#12234,
#12235,#12236),(#12237,#12238,#12239,#12240),(#12241,#12242,#12243,#12244)),
 .UNSPECIFIED.,.F.,.F.,.F.,(4,1,1,4),(4,4),(0.,0.5,0.785714285714286,1.),
(3.56803645576191,3.73904917232694),.UNSPECIFIED.);
#433=B_SPLINE_SURFACE_WITH_KNOTS('',3,3,((#12297,#12298,#12299,#12300),
(#12301,#12302,#12303,#12304),(#12305,#12306,#12307,#12308),(#12309,#12310,
#12311,#12312),(#12313,#12314,#12315,#12316)),.UNSPECIFIED.,.F.,.F.,.F.,
(4,1,4),(4,4),(0.,0.5,1.),(0.736545457342444,1.73707602847907),
 .UNSPECIFIED.);
#434=B_SPLINE_SURFACE_WITH_KNOTS('',3,3,((#12343,#12344,#12345,#12346,#12347,
#12348,#12349,#12350,#12351,#12352,#12353,#12354,#12355),(#12356,#12357,
#12358,#12359,#12360,#12361,#12362,#12363,#12364,#12365,#12366,#12367,#12368),
(#12369,#12370,#12371,#12372,#12373,#12374,#12375,#12376,#12377,#12378,
#12379,#12380,#12381),(#12382,#12383,#12384,#12385,#12386,#12387,#12388,
#12389,#12390,#12391,#12392,#12393,#12394),(#12395,#12396,#12397,#12398,
#12399,#12400,#12401,#12402,#12403,#12404,#12405,#12406,#12407),(#12408,
#12409,#12410,#12411,#12412,#12413,#12414,#12415,#12416,#12417,#12418,#12419,
#12420),(#12421,#12422,#12423,#12424,#12425,#12426,#12427,#12428,#12429,
#12430,#12431,#12432,#12433)),.UNSPECIFIED.,.F.,.F.,.F.,(4,1,1,1,4),(4,
1,1,1,1,1,1,1,1,1,4),(0.,0.285714285714286,0.571428571428571,0.857142857142857,
1.),(3.43501268538038E-16,0.159703778475545,0.319407556951089,0.425876742601452,
0.532345928251815,0.585580521076997,0.638815113902178,0.665432410314769,
0.69204970672736,0.71866700313995,0.745284299552541),.UNSPECIFIED.);
#435=B_SPLINE_SURFACE_WITH_KNOTS('',3,3,((#12449,#12450,#12451,#12452,#12453,
#12454,#12455),(#12456,#12457,#12458,#12459,#12460,#12461,#12462),(#12463,
#12464,#12465,#12466,#12467,#12468,#12469),(#12470,#12471,#12472,#12473,
#12474,#12475,#12476),(#12477,#12478,#12479,#12480,#12481,#12482,#12483),
(#12484,#12485,#12486,#12487,#12488,#12489,#12490),(#12491,#12492,#12493,
#12494,#12495,#12496,#12497)),.UNSPECIFIED.,.F.,.F.,.F.,(4,1,1,1,4),(4,
1,1,1,4),(0.,0.285714285714286,0.571428571428571,0.857142857142857,1.),
(8.51356963063543E-16,0.135136305959821,0.27027261191964,0.40540891787946,
0.47297707085937),.UNSPECIFIED.);
#436=B_SPLINE_SURFACE_WITH_KNOTS('',3,3,((#12515,#12516,#12517,#12518,#12519,
#12520),(#12521,#12522,#12523,#12524,#12525,#12526),(#12527,#12528,#12529,
#12530,#12531,#12532),(#12533,#12534,#12535,#12536,#12537,#12538),(#12539,
#12540,#12541,#12542,#12543,#12544),(#12545,#12546,#12547,#12548,#12549,
#12550),(#12551,#12552,#12553,#12554,#12555,#12556)),.UNSPECIFIED.,.F.,
 .F.,.F.,(4,1,1,1,4),(4,1,1,4),(0.,0.285714285714286,0.571428571428571,
0.857142857142857,1.),(1.11362257754344E-14,0.0525049667950305,0.10500993359005,
0.183767383782579),.UNSPECIFIED.);
#437=B_SPLINE_SURFACE_WITH_KNOTS('',3,3,((#12572,#12573,#12574,#12575,#12576,
#12577,#12578),(#12579,#12580,#12581,#12582,#12583,#12584,#12585),(#12586,
#12587,#12588,#12589,#12590,#12591,#12592),(#12593,#12594,#12595,#12596,
#12597,#12598,#12599),(#12600,#12601,#12602,#12603,#12604,#12605,#12606),
(#12607,#12608,#12609,#12610,#12611,#12612,#12613),(#12614,#12615,#12616,
#12617,#12618,#12619,#12620)),.UNSPECIFIED.,.F.,.F.,.F.,(4,1,1,1,4),(4,
1,1,1,4),(0.,0.285714285714286,0.571428571428571,0.857142857142857,1.),
(1.46803775029692E-14,0.160433724813064,0.267389541355096,0.320867449626113,
0.374345357897129),.UNSPECIFIED.);
#438=B_SPLINE_SURFACE_WITH_KNOTS('',3,3,((#12638,#12639,#12640,#12641),
(#12642,#12643,#12644,#12645),(#12646,#12647,#12648,#12649),(#12650,#12651,
#12652,#12653),(#12654,#12655,#12656,#12657)),.UNSPECIFIED.,.F.,.F.,.F.,
(4,1,4),(4,4),(0.,0.571428571428571,1.),(8.48819456893476E-16,0.0352083623267203),
 .UNSPECIFIED.);
#439=B_SPLINE_SURFACE_WITH_KNOTS('',3,3,((#12705,#12706,#12707,#12708),
(#12709,#12710,#12711,#12712),(#12713,#12714,#12715,#12716),(#12717,#12718,
#12719,#12720),(#12721,#12722,#12723,#12724)),.UNSPECIFIED.,.F.,.F.,.F.,
(4,1,4),(4,4),(0.,0.571428571428571,1.),(0.103750064799938,0.138958427126661),
 .UNSPECIFIED.);
#440=B_SPLINE_SURFACE_WITH_KNOTS('',3,3,((#12769,#12770,#12771,#12772,#12773,
#12774),(#12775,#12776,#12777,#12778,#12779,#12780),(#12781,#12782,#12783,
#12784,#12785,#12786),(#12787,#12788,#12789,#12790,#12791,#12792),(#12793,
#12794,#12795,#12796,#12797,#12798),(#12799,#12800,#12801,#12802,#12803,
#12804),(#12805,#12806,#12807,#12808,#12809,#12810)),.UNSPECIFIED.,.F.,
 .F.,.F.,(4,1,1,1,4),(4,1,1,4),(0.,0.285714285714286,0.571428571428571,
0.857142857142857,1.),(0.,0.0534766125764839,0.160429837729452,0.374336288035387),
 .UNSPECIFIED.);
#441=B_SPLINE_SURFACE_WITH_KNOTS('',3,3,((#12826,#12827,#12828,#12829,#12830,
#12831),(#12832,#12833,#12834,#12835,#12836,#12837),(#12838,#12839,#12840,
#12841,#12842,#12843),(#12844,#12845,#12846,#12847,#12848,#12849),(#12850,
#12851,#12852,#12853,#12854,#12855),(#12856,#12857,#12858,#12859,#12860,
#12861),(#12862,#12863,#12864,#12865,#12866,#12867)),.UNSPECIFIED.,.F.,
 .F.,.F.,(4,1,1,1,4),(4,1,1,4),(0.,0.285714285714286,0.571428571428571,
0.857142857142857,1.),(0.,0.0787753949874638,0.131292324979106,0.183809254970749),
 .UNSPECIFIED.);
#442=B_SPLINE_SURFACE_WITH_KNOTS('',3,3,((#12883,#12884,#12885,#12886,#12887,
#12888,#12889),(#12890,#12891,#12892,#12893,#12894,#12895,#12896),(#12897,
#12898,#12899,#12900,#12901,#12902,#12903),(#12904,#12905,#12906,#12907,
#12908,#12909,#12910),(#12911,#12912,#12913,#12914,#12915,#12916,#12917),
(#12918,#12919,#12920,#12921,#12922,#12923,#12924),(#12925,#12926,#12927,
#12928,#12929,#12930,#12931)),.UNSPECIFIED.,.F.,.F.,.F.,(4,1,1,1,4),(4,
1,1,1,4),(0.,0.285714285714286,0.571428571428571,0.857142857142857,1.),
(0.,0.0675683648166174,0.202705094449852,0.337841824083087,0.472978553716322),
 .UNSPECIFIED.);
#443=B_SPLINE_SURFACE_WITH_KNOTS('',3,3,((#12949,#12950,#12951,#12952,#12953,
#12954,#12955,#12956,#12957,#12958,#12959,#12960,#12961),(#12962,#12963,
#12964,#12965,#12966,#12967,#12968,#12969,#12970,#12971,#12972,#12973,#12974),
(#12975,#12976,#12977,#12978,#12979,#12980,#12981,#12982,#12983,#12984,
#12985,#12986,#12987),(#12988,#12989,#12990,#12991,#12992,#12993,#12994,
#12995,#12996,#12997,#12998,#12999,#13000),(#13001,#13002,#13003,#13004,
#13005,#13006,#13007,#13008,#13009,#13010,#13011,#13012,#13013),(#13014,
#13015,#13016,#13017,#13018,#13019,#13020,#13021,#13022,#13023,#13024,#13025,
#13026),(#13027,#13028,#13029,#13030,#13031,#13032,#13033,#13034,#13035,
#13036,#13037,#13038,#13039)),.UNSPECIFIED.,.F.,.F.,.F.,(4,1,1,1,4),(4,
1,1,1,1,1,1,1,1,1,4),(0.,0.285714285714286,0.571428571428571,0.857142857142857,
1.),(1.22441902941041E-15,0.0266169497696429,0.0532338995392846,0.0798508493089262,
0.106467799078568,0.159701698617851,0.212935598157135,0.266169497696418,
0.319403397235701,0.532338995392835,0.745274593549968),.UNSPECIFIED.);
#444=B_SPLINE_SURFACE_WITH_KNOTS('',3,3,((#13074,#13075,#13076,#13077),
(#13078,#13079,#13080,#13081),(#13082,#13083,#13084,#13085),(#13086,#13087,
#13088,#13089),(#13090,#13091,#13092,#13093)),.UNSPECIFIED.,.F.,.F.,.F.,
(4,1,4),(4,4),(0.,0.5,1.),(4.54610927869873,5.54663984983715),
 .UNSPECIFIED.);
#445=B_SPLINE_SURFACE_WITH_KNOTS('',3,3,((#13132,#13133,#13134,#13135),
(#13136,#13137,#13138,#13139),(#13140,#13141,#13142,#13143),(#13144,#13145,
#13146,#13147),(#13148,#13149,#13150,#13151),(#13152,#13153,#13154,#13155)),
 .UNSPECIFIED.,.F.,.F.,.F.,(4,1,1,4),(4,4),(0.,0.5,0.785714285714286,1.),
(3.73904909735035,3.91006181428237),.UNSPECIFIED.);
#446=B_SPLINE_SURFACE_WITH_KNOTS('',3,3,((#13200,#13201,#13202,#13203,#13204,
#13205,#13206,#13207,#13208),(#13209,#13210,#13211,#13212,#13213,#13214,
#13215,#13216,#13217),(#13218,#13219,#13220,#13221,#13222,#13223,#13224,
#13225,#13226),(#13227,#13228,#13229,#13230,#13231,#13232,#13233,#13234,
#13235)),.UNSPECIFIED.,.F.,.F.,.F.,(4,4),(4,1,1,1,1,1,4),(0.371270890646369,
1.),(-3.32869358359719,-3.3047923811706,-3.280891178744,-3.25698997631741,
-3.18528636903764,-3.08968155933127,-2.9940767496249),.UNSPECIFIED.);
#447=B_SPLINE_SURFACE_WITH_KNOTS('',3,3,((#13253,#13254,#13255,#13256,#13257),
(#13258,#13259,#13260,#13261,#13262),(#13263,#13264,#13265,#13266,#13267),
(#13268,#13269,#13270,#13271,#13272)),.UNSPECIFIED.,.F.,.F.,.F.,(4,4),(4,
1,4),(0.623928044325347,1.),(-1.41878124807103,-1.34431394224823,-1.24502420115116),
 .UNSPECIFIED.);
#448=B_SPLINE_SURFACE_WITH_KNOTS('',3,3,((#13278,#13279,#13280,#13281,#13282,
#13283,#13284,#13285,#13286),(#13287,#13288,#13289,#13290,#13291,#13292,
#13293,#13294,#13295),(#13296,#13297,#13298,#13299,#13300,#13301,#13302,
#13303,#13304),(#13305,#13306,#13307,#13308,#13309,#13310,#13311,#13312,
#13313)),.UNSPECIFIED.,.F.,.F.,.F.,(4,4),(4,1,1,1,1,1,4),(0.371270890646381,
1.),(-3.32869358359718,-3.30479238117059,-3.280891178744,-3.25698997631741,
-3.18528636903763,-3.08968155933127,-2.9940767496249),.UNSPECIFIED.);
#449=B_SPLINE_SURFACE_WITH_KNOTS('',3,3,((#13322,#13323,#13324,#13325,#13326),
(#13327,#13328,#13329,#13330,#13331),(#13332,#13333,#13334,#13335,#13336),
(#13337,#13338,#13339,#13340,#13341)),.UNSPECIFIED.,.F.,.F.,.F.,(4,4),(4,
1,4),(0.623928044325345,1.),(-1.41877902922576,-1.31948924636698,-1.2450219092229),
 .UNSPECIFIED.);
#450=B_SPLINE_SURFACE_WITH_KNOTS('',3,3,((#13355,#13356,#13357,#13358,#13359),
(#13360,#13361,#13362,#13363,#13364),(#13365,#13366,#13367,#13368,#13369),
(#13370,#13371,#13372,#13373,#13374)),.UNSPECIFIED.,.F.,.F.,.F.,(4,4),(4,
1,4),(0.623928044325326,1.),(-0.173704887710872,-0.0744449518760876,1.13214020160848E-15),
 .UNSPECIFIED.);
#451=B_SPLINE_SURFACE_WITH_KNOTS('',3,3,((#13384,#13385,#13386,#13387,#13388,
#13389,#13390,#13391),(#13392,#13393,#13394,#13395,#13396,#13397,#13398,
#13399),(#13400,#13401,#13402,#13403,#13404,#13405,#13406,#13407),(#13408,
#13409,#13410,#13411,#13412,#13413,#13414,#13415)),.UNSPECIFIED.,.F.,.F.,
 .F.,(4,4),(4,1,1,1,1,4),(0.371147851313386,1.),(-3.3288193400655,-3.18541001390018,
-3.08980379645664,-3.06590224209575,-3.04200068773487,-2.9941975790131),
 .UNSPECIFIED.);
#452=B_SPLINE_SURFACE_WITH_KNOTS('',3,3,((#13884,#13885,#13886,#13887,#13888,
#13889,#13890),(#13891,#13892,#13893,#13894,#13895,#13896,#13897),(#13898,
#13899,#13900,#13901,#13902,#13903,#13904),(#13905,#13906,#13907,#13908,
#13909,#13910,#13911)),.UNSPECIFIED.,.F.,.F.,.F.,(4,4),(4,1,1,1,4),(0.,
1.),(-3.58743381600256E-16,0.174088690318023,0.261133035477035,0.435221725795059,
0.609310416113083),.UNSPECIFIED.);
#453=B_SPLINE_SURFACE_WITH_KNOTS('',3,1,((#13925,#13926),(#13927,#13928),
(#13929,#13930),(#13931,#13932),(#13933,#13934),(#13935,#13936),(#13937,
#13938),(#13939,#13940),(#13941,#13942),(#13943,#13944),(#13945,#13946),
(#13947,#13948),(#13949,#13950),(#13951,#13952),(#13953,#13954)),
 .UNSPECIFIED.,.F.,.F.,.F.,(4,2,2,3,2,2,4),(2,2),(-0.292339695538776,-0.201139117502664,
-0.100569558751332,0.,0.100569558751331,0.201139117502663,0.292339695537365),
(-0.800358105012691,0.8),.UNSPECIFIED.);
#454=FACE_BOUND('',#1147,.T.);
#455=FACE_BOUND('',#1160,.T.);
#456=FACE_BOUND('',#1162,.T.);
#457=FACE_BOUND('',#1173,.T.);
#458=FACE_BOUND('',#1211,.T.);
#459=FACE_BOUND('',#1212,.T.);
#460=FACE_BOUND('',#1213,.T.);
#461=FACE_BOUND('',#1238,.T.);
#462=FACE_BOUND('',#1240,.T.);
#463=FACE_BOUND('',#1242,.T.);
#464=FACE_BOUND('',#1244,.T.);
#465=FACE_BOUND('',#1265,.T.);
#466=FACE_BOUND('',#1266,.T.);
#467=FACE_BOUND('',#1272,.T.);
#468=FACE_BOUND('',#1281,.T.);
#469=FACE_BOUND('',#1285,.T.);
#470=FACE_BOUND('',#1301,.T.);
#471=FACE_BOUND('',#1306,.T.);
#472=FACE_BOUND('',#1310,.T.);
#473=FACE_BOUND('',#1314,.T.);
#474=FACE_BOUND('',#1320,.T.);
#475=FACE_BOUND('',#1324,.T.);
#476=FACE_BOUND('',#1383,.T.);
#477=FACE_BOUND('',#1413,.T.);
#478=FACE_BOUND('',#1431,.T.);
#479=FACE_BOUND('',#1439,.T.);
#480=FACE_BOUND('',#1453,.T.);
#481=FACE_BOUND('',#1550,.T.);
#482=FACE_BOUND('',#1551,.T.);
#483=SHAPE_REPRESENTATION_RELATIONSHIP('SRR','None',#15143,#487);
#484=SHAPE_REPRESENTATION_RELATIONSHIP('SRR','None',#15144,#488);
#485=SHAPE_REPRESENTATION_RELATIONSHIP('SRR','None',#15145,#489);
#486=SHAPE_REPRESENTATION_RELATIONSHIP('SRR','None',#15142,#490);
#487=ADVANCED_BREP_SHAPE_REPRESENTATION('',(#502,#503,#504,#505,#506,#507),
#15123);
#488=ADVANCED_BREP_SHAPE_REPRESENTATION('',(#508,#509,#510),#15124);
#489=ADVANCED_BREP_SHAPE_REPRESENTATION('',(#511),#15125);
#490=ADVANCED_BREP_SHAPE_REPRESENTATION('',(#512),#15122);
#491=STYLED_ITEM('',(#15166),#502);
#492=STYLED_ITEM('',(#15166),#503);
#493=STYLED_ITEM('',(#15166),#504);
#494=STYLED_ITEM('',(#15166),#505);
#495=STYLED_ITEM('',(#15166),#506);
#496=STYLED_ITEM('',(#15166),#507);
#497=STYLED_ITEM('',(#15166),#508);
#498=STYLED_ITEM('',(#15166),#509);
#499=STYLED_ITEM('',(#15166),#510);
#500=STYLED_ITEM('',(#15166),#511);
#501=STYLED_ITEM('',(#15166),#512);
#502=MANIFOLD_SOLID_BREP('Body1',#7680);
#503=MANIFOLD_SOLID_BREP('Body3',#7681);
#504=MANIFOLD_SOLID_BREP('Body2',#7682);
#505=MANIFOLD_SOLID_BREP('Body6',#7683);
#506=MANIFOLD_SOLID_BREP('Body5',#7684);
#507=MANIFOLD_SOLID_BREP('Body4',#7685);
#508=MANIFOLD_SOLID_BREP('Body1',#7686);
#509=MANIFOLD_SOLID_BREP('Body2',#7687);
#510=MANIFOLD_SOLID_BREP('Body3',#7688);
#511=MANIFOLD_SOLID_BREP('Body1',#7689);
#512=MANIFOLD_SOLID_BREP('Body1',#7690);
#513=B_SPLINE_CURVE_WITH_KNOTS('',3,(#10378,#10379,#10380,#10381),
 .UNSPECIFIED.,.F.,.F.,(4,4),(-0.247235946579924,0.),.UNSPECIFIED.);
#514=B_SPLINE_CURVE_WITH_KNOTS('',3,(#10405,#10406,#10407,#10408),
 .UNSPECIFIED.,.F.,.F.,(4,4),(-0.197692550744873,0.),.UNSPECIFIED.);
#515=B_SPLINE_CURVE_WITH_KNOTS('',3,(#10418,#10419,#10420,#10421),
 .UNSPECIFIED.,.F.,.F.,(4,4),(-0.197712636146235,0.),.UNSPECIFIED.);
#516=B_SPLINE_CURVE_WITH_KNOTS('',3,(#10498,#10499,#10500,#10501),
 .UNSPECIFIED.,.F.,.F.,(4,4),(-0.197658533978268,0.),.UNSPECIFIED.);
#517=B_SPLINE_CURVE_WITH_KNOTS('',3,(#10517,#10518,#10519,#10520),
 .UNSPECIFIED.,.F.,.F.,(4,4),(-0.19768948654944,0.),.UNSPECIFIED.);
#518=B_SPLINE_CURVE_WITH_KNOTS('',3,(#10531,#10532,#10533,#10534),
 .UNSPECIFIED.,.F.,.F.,(4,4),(-0.197668528693403,0.),.UNSPECIFIED.);
#519=B_SPLINE_CURVE_WITH_KNOTS('',3,(#10548,#10549,#10550,#10551),
 .UNSPECIFIED.,.F.,.F.,(4,4),(-0.197694641396215,0.),.UNSPECIFIED.);
#520=B_SPLINE_CURVE_WITH_KNOTS('',3,(#10560,#10561,#10562,#10563),
 .UNSPECIFIED.,.F.,.F.,(4,4),(-0.0550051110560415,0.),.UNSPECIFIED.);
#521=B_SPLINE_CURVE_WITH_KNOTS('',3,(#10595,#10596,#10597,#10598),
 .UNSPECIFIED.,.F.,.F.,(4,4),(-0.197668528693402,0.),.UNSPECIFIED.);
#522=B_SPLINE_CURVE_WITH_KNOTS('',3,(#10602,#10603,#10604,#10605),
 .UNSPECIFIED.,.F.,.F.,(4,4),(-0.19769464139621,0.),.UNSPECIFIED.);
#523=B_SPLINE_CURVE_WITH_KNOTS('',3,(#10607,#10608,#10609,#10610),
 .UNSPECIFIED.,.F.,.F.,(4,4),(-0.197689486549441,0.),.UNSPECIFIED.);
#524=B_SPLINE_CURVE_WITH_KNOTS('',3,(#10613,#10614,#10615,#10616),
 .UNSPECIFIED.,.F.,.F.,(4,4),(-0.197658533978276,0.),.UNSPECIFIED.);
#525=B_SPLINE_CURVE_WITH_KNOTS('',3,(#10754,#10755,#10756,#10757),
 .UNSPECIFIED.,.F.,.F.,(4,4),(-0.160509914166444,0.),.UNSPECIFIED.);
#526=B_SPLINE_CURVE_WITH_KNOTS('',3,(#10769,#10770,#10771,#10772),
 .UNSPECIFIED.,.F.,.F.,(4,4),(-0.16051542517756,0.),.UNSPECIFIED.);
#527=B_SPLINE_CURVE_WITH_KNOTS('',3,(#10783,#10784,#10785,#10786),
 .UNSPECIFIED.,.F.,.F.,(4,4),(-0.338419530206983,0.),.UNSPECIFIED.);
#528=B_SPLINE_CURVE_WITH_KNOTS('',3,(#10797,#10798,#10799,#10800),
 .UNSPECIFIED.,.F.,.F.,(4,4),(-0.423527551485746,0.),.UNSPECIFIED.);
#529=B_SPLINE_CURVE_WITH_KNOTS('',3,(#10811,#10812,#10813,#10814),
 .UNSPECIFIED.,.F.,.F.,(4,4),(-0.423521282229325,0.),.UNSPECIFIED.);
#530=B_SPLINE_CURVE_WITH_KNOTS('',3,(#10824,#10825,#10826,#10827),
 .UNSPECIFIED.,.F.,.F.,(4,4),(-0.33774176912751,0.),.UNSPECIFIED.);
#531=B_SPLINE_CURVE_WITH_KNOTS('',3,(#10837,#10838,#10839,#10840),
 .UNSPECIFIED.,.F.,.F.,(4,4),(-0.160504269000702,0.),.UNSPECIFIED.);
#532=B_SPLINE_CURVE_WITH_KNOTS('',3,(#10850,#10851,#10852,#10853),
 .UNSPECIFIED.,.F.,.F.,(4,4),(-0.160510387737849,0.),.UNSPECIFIED.);
#533=B_SPLINE_CURVE_WITH_KNOTS('',3,(#10858,#10859,#10860,#10861),
 .UNSPECIFIED.,.F.,.F.,(4,4),(-0.423521114290141,0.),.UNSPECIFIED.);
#534=B_SPLINE_CURVE_WITH_KNOTS('',3,(#10863,#10864,#10865,#10866),
 .UNSPECIFIED.,.F.,.F.,(4,4),(-0.423536800151498,0.),.UNSPECIFIED.);
#535=B_SPLINE_CURVE_WITH_KNOTS('',3,(#10868,#10869,#10870,#10871),
 .UNSPECIFIED.,.F.,.F.,(4,4),(-0.282908085655129,0.),.UNSPECIFIED.);
#536=B_SPLINE_CURVE_WITH_KNOTS('',3,(#10874,#10875,#10876,#10877),
 .UNSPECIFIED.,.F.,.F.,(4,4),(-0.116318277494407,0.),.UNSPECIFIED.);
#537=B_SPLINE_CURVE_WITH_KNOTS('',3,(#10880,#10881,#10882,#10883),
 .UNSPECIFIED.,.F.,.F.,(4,4),(-0.160508095239668,0.),.UNSPECIFIED.);
#538=B_SPLINE_CURVE_WITH_KNOTS('',3,(#10885,#10886,#10887,#10888),
 .UNSPECIFIED.,.F.,.F.,(4,4),(-0.160490437367422,0.),.UNSPECIFIED.);
#539=B_SPLINE_CURVE_WITH_KNOTS('',3,(#10890,#10891,#10892,#10893),
 .UNSPECIFIED.,.F.,.F.,(4,4),(-0.160506157203202,0.),.UNSPECIFIED.);
#540=B_SPLINE_CURVE_WITH_KNOTS('',3,(#10894,#10895,#10896,#10897),
 .UNSPECIFIED.,.F.,.F.,(4,4),(-0.160523719911253,0.),.UNSPECIFIED.);
#541=B_SPLINE_CURVE_WITH_KNOTS('',3,(#11094,#11095,#11096,#11097),
 .UNSPECIFIED.,.F.,.F.,(4,4),(3.57742258173443,3.73904917232693),
 .UNSPECIFIED.);
#542=B_SPLINE_CURVE_WITH_KNOTS('',3,(#11101,#11102,#11103,#11104),
 .UNSPECIFIED.,.F.,.F.,(4,4),(-3.73904917232693,-3.56803645576191),
 .UNSPECIFIED.);
#543=B_SPLINE_CURVE_WITH_KNOTS('',3,(#11106,#11107,#11108,#11109,#11110,
#11111,#11112,#11113),.UNSPECIFIED.,.F.,.F.,(4,2,2,4),(0.,0.00719403956800929,
0.0123560241757335,0.0132701525665711),.UNSPECIFIED.);
#544=B_SPLINE_CURVE_WITH_KNOTS('',3,(#11114,#11115,#11116,#11117,#11118,
#11119,#11120,#11121,#11122,#11123,#11124,#11125,#11126,#11127,#11128,#11129,
#11130,#11131,#11132,#11133,#11134,#11135,#11136,#11137,#11138,#11139,#11140,
#11141,#11142,#11143,#11144),.UNSPECIFIED.,.F.,.F.,(4,3,3,3,3,3,3,3,3,3,
4),(0.,0.00400786449790777,0.0076366333036026,0.00912304792620509,0.013101217309678,
0.0154213922916081,0.0195018550231053,0.0218479105714864,0.0259336106760239,
0.0282782671310442,0.0284574645132959),.UNSPECIFIED.);
#545=B_SPLINE_CURVE_WITH_KNOTS('',3,(#11151,#11152,#11153,#11154,#11155,
#11156,#11157,#11158,#11159,#11160,#11161,#11162,#11163,#11164,#11165,#11166,
#11167,#11168,#11169,#11170,#11171,#11172),.UNSPECIFIED.,.F.,.F.,(4,3,3,
3,3,3,3,4),(-0.0212408898043462,-0.0211402207779896,-0.0169568032833963,
-0.0144172397750013,-0.0104798231684793,-0.00779407087638356,-0.00379930833459104,
0.),.UNSPECIFIED.);
#546=B_SPLINE_CURVE_WITH_KNOTS('',3,(#11173,#11174,#11175,#11176,#11177,
#11178,#11179,#11180),.UNSPECIFIED.,.F.,.F.,(4,2,2,4),(0.109657967139601,
0.112385137683682,0.116395911529106,0.121701624714503),.UNSPECIFIED.);
#547=B_SPLINE_CURVE_WITH_KNOTS('',3,(#11300,#11301,#11302,#11303,#11304,
#11305,#11306,#11307,#11308,#11309,#11310,#11311,#11312),.UNSPECIFIED.,
 .F.,.F.,(4,1,1,1,1,1,1,1,1,1,4),(-0.745284008495646,-0.718666722477944,
-0.692049436460243,-0.665432150442541,-0.638814864424839,-0.585580292389436,
-0.532345720354033,-0.425876576283226,-0.31940743221242,-0.15970371610621,
0.),.UNSPECIFIED.);
#548=B_SPLINE_CURVE_WITH_KNOTS('',3,(#11314,#11315,#11316,#11317,#11318,
#11319,#11320,#11321,#11322,#11323,#11324),.UNSPECIFIED.,.F.,.F.,(4,1,1,
1,1,1,1,1,4),(0.,0.15970371610621,0.31940743221242,0.425876576283226,0.532345720354033,
0.585580292389436,0.638814864424839,0.665432150442541,0.678318504531395),
 .UNSPECIFIED.);
#549=B_SPLINE_CURVE_WITH_KNOTS('',3,(#11325,#11326,#11327,#11328,#11329,
#11330),.UNSPECIFIED.,.F.,.F.,(4,1,1,4),(0.678318504531395,0.692049436460243,
0.718666722477944,0.745284008495646),.UNSPECIFIED.);
#550=B_SPLINE_CURVE_WITH_KNOTS('',3,(#11383,#11384,#11385,#11386,#11387,
#11388,#11389),.UNSPECIFIED.,.F.,.F.,(4,1,1,1,4),(-0.472977070859363,-0.405408917879454,
-0.270272611919636,-0.135136305959818,0.),.UNSPECIFIED.);
#551=B_SPLINE_CURVE_WITH_KNOTS('',3,(#11390,#11391,#11392,#11393,#11394,
#11395,#11396),.UNSPECIFIED.,.F.,.F.,(4,1,1,1,4),(0.,0.135136305959818,
0.270272611919636,0.405408917879454,0.472977070859363),.UNSPECIFIED.);
#552=B_SPLINE_CURVE_WITH_KNOTS('',3,(#11435,#11436,#11437,#11438,#11439),
 .UNSPECIFIED.,.F.,.F.,(4,1,4),(-0.18376738371201,-0.07875745016229,0.),
 .UNSPECIFIED.);
#553=B_SPLINE_CURVE_WITH_KNOTS('',3,(#11440,#11441,#11442,#11443,#11444),
 .UNSPECIFIED.,.F.,.F.,(4,1,4),(0.,0.07875745016229,0.18376738371201),
 .UNSPECIFIED.);
#554=B_SPLINE_CURVE_WITH_KNOTS('',3,(#11497,#11498,#11499,#11500,#11501,
#11502,#11503),.UNSPECIFIED.,.F.,.F.,(4,1,1,1,4),(-0.374345357276283,-0.320867449093959,
-0.267389540911635,-0.213911632729311,-1.4913092771676E-14),
 .UNSPECIFIED.);
#555=B_SPLINE_CURVE_WITH_KNOTS('',3,(#11504,#11505,#11506,#11507,#11508,
#11509,#11510),.UNSPECIFIED.,.F.,.F.,(4,1,1,1,4),(1.4913092771676E-14,0.213911632729311,
0.267389540911635,0.320867449093959,0.374345357276283),.UNSPECIFIED.);
#556=B_SPLINE_CURVE_WITH_KNOTS('',3,(#11531,#11532,#11533,#11534),
 .UNSPECIFIED.,.F.,.F.,(4,4),(-0.0352083623267247,0.),.UNSPECIFIED.);
#557=B_SPLINE_CURVE_WITH_KNOTS('',3,(#11535,#11536,#11537,#11538),
 .UNSPECIFIED.,.F.,.F.,(4,4),(0.,0.0305210689390114),.UNSPECIFIED.);
#558=B_SPLINE_CURVE_WITH_KNOTS('',3,(#11569,#11570,#11571,#11572,#11573),
 .UNSPECIFIED.,.F.,.F.,(4,1,4),(-2.37495475283058E-16,0.099288240616796,
0.173754421079393),.UNSPECIFIED.);
#559=B_SPLINE_CURVE_WITH_KNOTS('',3,(#11609,#11610,#11611,#11612,#11613,
#11614,#11615,#11616),.UNSPECIFIED.,.F.,.F.,(4,2,2,4),(-0.20419227639282,
-0.202988983806935,-0.132140174804237,0.),.UNSPECIFIED.);
#560=B_SPLINE_CURVE_WITH_KNOTS('',3,(#11617,#11618,#11619,#11620,#11621,
#11622),.UNSPECIFIED.,.F.,.F.,(4,1,1,4),(2.74319356010196,2.75531608520118,
2.85100641597358,2.99454191213217),.UNSPECIFIED.);
#561=B_SPLINE_CURVE_WITH_KNOTS('',3,(#11651,#11652,#11653,#11654),
 .UNSPECIFIED.,.F.,.F.,(4,4),(0.108437358187655,0.138958427126659),
 .UNSPECIFIED.);
#562=B_SPLINE_CURVE_WITH_KNOTS('',3,(#11658,#11659,#11660,#11661),
 .UNSPECIFIED.,.F.,.F.,(4,4),(-0.138958427126659,-0.103750064799942),
 .UNSPECIFIED.);
#563=B_SPLINE_CURVE_WITH_KNOTS('',3,(#11662,#11663,#11664,#11665,#11666,
#11667,#11668,#11669,#11670,#11671,#11672,#11673,#11674,#11675,#11676,#11677,
#11678,#11679,#11680,#11681,#11682,#11683,#11684,#11685,#11686,#11687,#11688,
#11689,#11690,#11691,#11692),.UNSPECIFIED.,.F.,.F.,(4,3,3,3,3,3,3,3,3,3,
4),(-0.000179374886691943,0.,0.00411592119343103,0.00643672616829606,0.0105124972376357,
0.0128696102548839,0.0162729933231291,0.0202843957257464,0.0206620804589641,
0.0246499901138861,0.0283062782523096),.UNSPECIFIED.);
#564=B_SPLINE_CURVE_WITH_KNOTS('',3,(#11745,#11746,#11747,#11748,#11749,
#11750,#11751),.UNSPECIFIED.,.F.,.F.,(4,1,1,1,4),(-0.374336288035388,-0.160429837729452,
-0.106953225152968,-0.053476612576484,0.),.UNSPECIFIED.);
#565=B_SPLINE_CURVE_WITH_KNOTS('',3,(#11752,#11753,#11754,#11755,#11756,
#11757,#11758),.UNSPECIFIED.,.F.,.F.,(4,1,1,1,4),(0.,0.053476612576484,
0.106953225152968,0.160429837729452,0.374336288035388),.UNSPECIFIED.);
#566=B_SPLINE_CURVE_WITH_KNOTS('',3,(#11804,#11805,#11806,#11807,#11808,
#11809),.UNSPECIFIED.,.F.,.F.,(4,1,1,4),(-0.183809255371061,-0.131292325265044,
-0.0787753951590261,0.),.UNSPECIFIED.);
#567=B_SPLINE_CURVE_WITH_KNOTS('',3,(#11810,#11811,#11812,#11813,#11814,
#11815),.UNSPECIFIED.,.F.,.F.,(4,1,1,4),(0.,0.0787753951590261,0.131292325265044,
0.183809255371061),.UNSPECIFIED.);
#568=B_SPLINE_CURVE_WITH_KNOTS('',3,(#11868,#11869,#11870,#11871,#11872,
#11873,#11874),.UNSPECIFIED.,.F.,.F.,(4,1,1,1,4),(-0.47297855371633,-0.270273459266474,
-0.135136729633237,-0.0675683648166186,0.),.UNSPECIFIED.);
#569=B_SPLINE_CURVE_WITH_KNOTS('',3,(#11875,#11876,#11877,#11878,#11879,
#11880,#11881),.UNSPECIFIED.,.F.,.F.,(4,1,1,1,4),(0.,0.0675683648166186,
0.135136729633237,0.270273459266474,0.47297855371633),.UNSPECIFIED.);
#570=B_SPLINE_CURVE_WITH_KNOTS('',3,(#11969,#11970,#11971,#11972,#11973,
#11974,#11975,#11976,#11977,#11978,#11979,#11980),.UNSPECIFIED.,.F.,.F.,
(4,1,1,1,1,1,1,1,1,4),(-0.745274610175168,-0.532339007267977,-0.319403404360786,
-0.212935602907191,-0.159701702180393,-0.106467801453595,-0.0798508510901966,
-0.0532339007267977,-0.0266169503633989,0.),.UNSPECIFIED.);
#571=B_SPLINE_CURVE_WITH_KNOTS('',3,(#11981,#11982,#11983,#11984,#11985,
#11986,#11987,#11988,#11989,#11990,#11991,#11992),.UNSPECIFIED.,.F.,.F.,
(4,1,1,1,1,1,1,1,1,4),(0.,0.0266169503633989,0.0532339007267977,0.0798508510901966,
0.106467801453595,0.159701702180393,0.212935602907191,0.319403404360786,
0.532339007267977,0.745274610175168),.UNSPECIFIED.);
#572=B_SPLINE_CURVE_WITH_KNOTS('',3,(#12017,#12018,#12019,#12020,#12021,
#12022,#12023,#12024,#12025,#12026,#12027,#12028,#12029,#12030,#12031,#12032,
#12033,#12034,#12035,#12036,#12037,#12038),.UNSPECIFIED.,.F.,.F.,(4,3,3,
3,3,3,3,4),(-0.000100781597483348,0.,0.00418796921941943,0.00673070344091917,
0.0106726494815201,0.0133615266694324,0.017361749709919,0.0211645136412889),
 .UNSPECIFIED.);
#573=B_SPLINE_CURVE_WITH_KNOTS('',3,(#12048,#12049,#12050,#12051,#12052,
#12053,#12054,#12055),.UNSPECIFIED.,.F.,.F.,(4,2,2,4),(0.0513733935814649,
0.0566791067668615,0.0606898806122857,0.0634170511563674),.UNSPECIFIED.);
#574=B_SPLINE_CURVE_WITH_KNOTS('',3,(#12077,#12078,#12079,#12080),
 .UNSPECIFIED.,.F.,.F.,(4,4),(-3.91006181428237,-3.73904909735036),
 .UNSPECIFIED.);
#575=B_SPLINE_CURVE_WITH_KNOTS('',3,(#12081,#12082,#12083,#12084),
 .UNSPECIFIED.,.F.,.F.,(4,4),(3.73904909735036,3.90067568832331),
 .UNSPECIFIED.);
#576=B_SPLINE_CURVE_WITH_KNOTS('',3,(#12085,#12086,#12087,#12088,#12089,
#12090,#12091,#12092,#12093,#12094,#12095,#12096,#12097,#12098,#12099,#12100),
 .UNSPECIFIED.,.F.,.F.,(4,3,3,3,3,4),(0.0527284916671844,0.0537345334515607,
0.0575984100236778,0.0581766553032032,0.062898818809081,0.0652244180928332),
 .UNSPECIFIED.);
#577=B_SPLINE_CURVE_WITH_KNOTS('',3,(#12113,#12114,#12115,#12116,#12117,
#12118,#12119,#12120,#12121,#12122,#12123,#12124,#12125),.UNSPECIFIED.,
 .F.,.F.,(4,1,1,1,1,1,1,1,1,1,4),(-0.745284299552541,-0.71866700313995,
-0.69204970672736,-0.665432410314769,-0.638815113902178,-0.585580521076997,
-0.532345928251815,-0.425876742601452,-0.319407556951089,-0.159703778475545,
-3.43501268538038E-16),.UNSPECIFIED.);
#578=B_SPLINE_CURVE_WITH_KNOTS('',3,(#12133,#12134,#12135,#12136,#12137,
#12138,#12139,#12140),.UNSPECIFIED.,.F.,.F.,(4,2,2,4),(0.109657967139599,
0.11238513768368,0.116395911529105,0.121701624714502),.UNSPECIFIED.);
#579=B_SPLINE_CURVE_WITH_KNOTS('',3,(#12201,#12202,#12203,#12204,#12205,
#12206,#12207),.UNSPECIFIED.,.F.,.F.,(4,1,1,1,4),(-0.609310416113083,-0.435221725795059,
-0.261133035477035,-0.174088690318023,3.58743381600256E-16),
 .UNSPECIFIED.);
#580=B_SPLINE_CURVE_WITH_KNOTS('',3,(#12247,#12248,#12249,#12250),
 .UNSPECIFIED.,.F.,.F.,(4,4),(3.57742258173443,3.73904917232694),
 .UNSPECIFIED.);
#581=B_SPLINE_CURVE_WITH_KNOTS('',3,(#12253,#12254,#12255,#12256),
 .UNSPECIFIED.,.F.,.F.,(4,4),(-3.73904917232694,-3.56803645576191),
 .UNSPECIFIED.);
#582=B_SPLINE_CURVE_WITH_KNOTS('',3,(#12258,#12259,#12260,#12261,#12262,
#12263,#12264,#12265),.UNSPECIFIED.,.F.,.F.,(4,2,2,4),(0.,0.00719403956958755,
0.0123560241794951,0.0132701525707189),.UNSPECIFIED.);
#583=B_SPLINE_CURVE_WITH_KNOTS('',3,(#12266,#12267,#12268,#12269,#12270,
#12271,#12272,#12273,#12274,#12275,#12276,#12277,#12278,#12279,#12280,#12281,
#12282,#12283,#12284,#12285,#12286,#12287,#12288,#12289,#12290,#12291,#12292,
#12293,#12294,#12295,#12296),.UNSPECIFIED.,.F.,.F.,(4,3,3,3,3,3,3,3,3,3,
4),(0.,0.00400793929248645,0.00763663330360197,0.00912304792620184,0.0131013988402679,
0.0154213922915987,0.0195018925464561,0.0218479105714553,0.025933416578441,
0.0282782671311229,0.0284574645135565),.UNSPECIFIED.);
#584=B_SPLINE_CURVE_WITH_KNOTS('',3,(#12321,#12322,#12323,#12324,#12325,
#12326,#12327,#12328,#12329,#12330,#12331,#12332,#12333,#12334,#12335,#12336,
#12337,#12338,#12339,#12340,#12341,#12342),.UNSPECIFIED.,.F.,.F.,(4,3,3,
3,3,3,3,4),(-0.0212408898007172,-0.0211402207739973,-0.016956754187441,
-0.0144172397750161,-0.0104798231684854,-0.00779407087638913,-0.00379947747815372,
0.),.UNSPECIFIED.);
#585=B_SPLINE_CURVE_WITH_KNOTS('',3,(#12436,#12437,#12438,#12439,#12440,
#12441,#12442,#12443,#12444,#12445,#12446,#12447,#12448),.UNSPECIFIED.,
 .F.,.F.,(4,1,1,1,1,1,1,1,1,1,4),(3.43501268538038E-16,0.159703778475545,
0.319407556951089,0.425876742601452,0.532345928251815,0.585580521076997,
0.638815113902178,0.665432410314769,0.69204970672736,0.71866700313995,0.745284299552541),
 .UNSPECIFIED.);
#586=B_SPLINE_CURVE_WITH_KNOTS('',3,(#12501,#12502,#12503,#12504,#12505,
#12506,#12507),.UNSPECIFIED.,.F.,.F.,(4,1,1,1,4),(-0.47297707085937,-0.40540891787946,
-0.27027261191964,-0.135136305959821,-8.51356963063543E-16),
 .UNSPECIFIED.);
#587=B_SPLINE_CURVE_WITH_KNOTS('',3,(#12508,#12509,#12510,#12511,#12512,
#12513,#12514),.UNSPECIFIED.,.F.,.F.,(4,1,1,1,4),(8.51356963063543E-16,
0.135136305959821,0.27027261191964,0.40540891787946,0.47297707085937),
 .UNSPECIFIED.);
#588=B_SPLINE_CURVE_WITH_KNOTS('',3,(#12560,#12561,#12562,#12563,#12564,
#12565),.UNSPECIFIED.,.F.,.F.,(4,1,1,4),(-0.183767383782579,-0.10500993359005,
-0.0525049667950305,-1.11362257754344E-14),.UNSPECIFIED.);
#589=B_SPLINE_CURVE_WITH_KNOTS('',3,(#12566,#12567,#12568,#12569,#12570,
#12571),.UNSPECIFIED.,.F.,.F.,(4,1,1,4),(1.11362257754344E-14,0.0525049667950305,
0.10500993359005,0.183767383782579),.UNSPECIFIED.);
#590=B_SPLINE_CURVE_WITH_KNOTS('',3,(#12624,#12625,#12626,#12627,#12628,
#12629,#12630),.UNSPECIFIED.,.F.,.F.,(4,1,1,1,4),(-0.374345357897129,-0.320867449626113,
-0.267389541355096,-0.160433724813064,-1.46803775029692E-14),
 .UNSPECIFIED.);
#591=B_SPLINE_CURVE_WITH_KNOTS('',3,(#12631,#12632,#12633,#12634,#12635,
#12636,#12637),.UNSPECIFIED.,.F.,.F.,(4,1,1,1,4),(1.46803775029692E-14,
0.160433724813064,0.267389541355096,0.320867449626113,0.374345357897129),
 .UNSPECIFIED.);
#592=B_SPLINE_CURVE_WITH_KNOTS('',3,(#12658,#12659,#12660,#12661),
 .UNSPECIFIED.,.F.,.F.,(4,4),(-0.0352083623267203,-8.48819456893476E-16),
 .UNSPECIFIED.);
#593=B_SPLINE_CURVE_WITH_KNOTS('',3,(#12662,#12663,#12664,#12665),
 .UNSPECIFIED.,.F.,.F.,(4,4),(8.48819456893476E-16,0.030521068939004),
 .UNSPECIFIED.);
#594=B_SPLINE_CURVE_WITH_KNOTS('',3,(#12676,#12677,#12678,#12679),
 .UNSPECIFIED.,.F.,.F.,(4,4),(-3.91006181428237,-3.73904909735035),
 .UNSPECIFIED.);
#595=B_SPLINE_CURVE_WITH_KNOTS('',3,(#12683,#12684,#12685,#12686,#12687,
#12688,#12689,#12690),.UNSPECIFIED.,.F.,.F.,(4,2,2,4),(-0.202948486456722,
-0.0708457444488368,0.,0.00120411891055097),.UNSPECIFIED.);
#596=B_SPLINE_CURVE_WITH_KNOTS('',3,(#12693,#12694,#12695,#12696,#12697,
#12698,#12699,#12700),.UNSPECIFIED.,.F.,.F.,(4,2,2,4),(-0.204192154636849,
-0.202987930251971,-0.132124180181914,0.),.UNSPECIFIED.);
#597=B_SPLINE_CURVE_WITH_KNOTS('',3,(#12727,#12728,#12729,#12730),
 .UNSPECIFIED.,.F.,.F.,(4,4),(0.108437358187657,0.138958427126661),
 .UNSPECIFIED.);
#598=B_SPLINE_CURVE_WITH_KNOTS('',3,(#12734,#12735,#12736,#12737),
 .UNSPECIFIED.,.F.,.F.,(4,4),(-0.138958427126661,-0.103750064799938),
 .UNSPECIFIED.);
#599=B_SPLINE_CURVE_WITH_KNOTS('',3,(#12738,#12739,#12740,#12741,#12742,
#12743,#12744,#12745,#12746,#12747,#12748,#12749,#12750,#12751,#12752,#12753,
#12754,#12755,#12756,#12757,#12758,#12759,#12760,#12761,#12762,#12763,#12764,
#12765,#12766,#12767,#12768),.UNSPECIFIED.,.F.,.F.,(4,3,3,3,3,3,3,3,3,3,
4),(-0.000179374886555222,0.,0.0041156142599063,0.00643672617012322,0.0105132653768741,
0.0128696102587348,0.0162729933280483,0.020283833056938,0.02066208046526,
0.0246492902782526,0.0283062782609943),.UNSPECIFIED.);
#600=B_SPLINE_CURVE_WITH_KNOTS('',3,(#12814,#12815,#12816,#12817,#12818,
#12819),.UNSPECIFIED.,.F.,.F.,(4,1,1,4),(-0.374336288035387,-0.160429837729452,
-0.0534766125764839,0.),.UNSPECIFIED.);
#601=B_SPLINE_CURVE_WITH_KNOTS('',3,(#12820,#12821,#12822,#12823,#12824,
#12825),.UNSPECIFIED.,.F.,.F.,(4,1,1,4),(0.,0.0534766125764839,0.160429837729452,
0.374336288035387),.UNSPECIFIED.);
#602=B_SPLINE_CURVE_WITH_KNOTS('',3,(#12871,#12872,#12873,#12874,#12875,
#12876),.UNSPECIFIED.,.F.,.F.,(4,1,1,4),(-0.183809254970749,-0.131292324979106,
-0.0787753949874638,0.),.UNSPECIFIED.);
#603=B_SPLINE_CURVE_WITH_KNOTS('',3,(#12877,#12878,#12879,#12880,#12881,
#12882),.UNSPECIFIED.,.F.,.F.,(4,1,1,4),(0.,0.0787753949874638,0.131292324979106,
0.183809254970749),.UNSPECIFIED.);
#604=B_SPLINE_CURVE_WITH_KNOTS('',3,(#12935,#12936,#12937,#12938,#12939,
#12940,#12941),.UNSPECIFIED.,.F.,.F.,(4,1,1,1,4),(-0.472978553716322,-0.337841824083087,
-0.202705094449852,-0.0675683648166174,0.),.UNSPECIFIED.);
#605=B_SPLINE_CURVE_WITH_KNOTS('',3,(#12942,#12943,#12944,#12945,#12946,
#12947,#12948),.UNSPECIFIED.,.F.,.F.,(4,1,1,1,4),(0.,0.0675683648166174,
0.202705094449852,0.337841824083087,0.472978553716322),.UNSPECIFIED.);
#606=B_SPLINE_CURVE_WITH_KNOTS('',3,(#13043,#13044,#13045,#13046,#13047,
#13048,#13049,#13050,#13051,#13052,#13053,#13054,#13055),.UNSPECIFIED.,
 .F.,.F.,(4,1,1,1,1,1,1,1,1,1,4),(-0.745274593549968,-0.532338995392835,
-0.319403397235701,-0.266169497696418,-0.212935598157135,-0.159701698617851,
-0.106467799078568,-0.0798508493089262,-0.0532338995392846,-0.0266169497696429,
-1.22441902941041E-15),.UNSPECIFIED.);
#607=B_SPLINE_CURVE_WITH_KNOTS('',3,(#13057,#13058,#13059,#13060,#13061,
#13062),.UNSPECIFIED.,.F.,.F.,(4,1,1,4),(1.22441902941041E-15,0.0266169497696429,
0.0532338995392846,0.0669675266827147),.UNSPECIFIED.);
#608=B_SPLINE_CURVE_WITH_KNOTS('',3,(#13063,#13064,#13065,#13066,#13067,
#13068,#13069,#13070,#13071,#13072,#13073),.UNSPECIFIED.,.F.,.F.,(4,1,1,
1,1,1,1,1,4),(0.0669675266827147,0.0798508493089262,0.106467799078568,0.159701698617851,
0.212935598157135,0.266169497696418,0.319403397235701,0.532338995392835,
0.745274593549968),.UNSPECIFIED.);
#609=B_SPLINE_CURVE_WITH_KNOTS('',3,(#13098,#13099,#13100,#13101,#13102,
#13103,#13104,#13105,#13106,#13107,#13108,#13109,#13110,#13111,#13112,#13113,
#13114,#13115,#13116,#13117,#13118,#13119),.UNSPECIFIED.,.F.,.F.,(4,3,3,
3,3,3,3,4),(-0.000100781597563107,0.,0.00418833718199121,0.0067307034445832,
0.0106726494877227,0.0133615266773595,0.0173604918243074,0.0211645136542155),
 .UNSPECIFIED.);
#610=B_SPLINE_CURVE_WITH_KNOTS('',3,(#13124,#13125,#13126,#13127,#13128,
#13129,#13130,#13131),.UNSPECIFIED.,.F.,.F.,(4,2,2,4),(0.051373393581464,
0.0566791067668624,0.0606898806122868,0.0634170511563673),.UNSPECIFIED.);
#611=B_SPLINE_CURVE_WITH_KNOTS('',3,(#13156,#13157,#13158,#13159),
 .UNSPECIFIED.,.F.,.F.,(4,4),(3.73904909735035,3.90067568850414),
 .UNSPECIFIED.);
#612=B_SPLINE_CURVE_WITH_KNOTS('',3,(#13160,#13161,#13162,#13163,#13164,
#13165,#13166,#13167,#13168,#13169,#13170,#13171,#13172,#13173,#13174,#13175),
 .UNSPECIFIED.,.F.,.F.,(4,3,3,3,3,4),(0.0527284916668384,0.0537345334512148,
0.0548481087653584,0.0581766553028507,0.0630049916183189,0.0652244180914313),
 .UNSPECIFIED.);
#613=B_SPLINE_CURVE_WITH_KNOTS('',3,(#13239,#13240,#13241,#13242,#13243,
#13244),.UNSPECIFIED.,.F.,.F.,(4,1,1,4),(2.9940767496249,3.08968155933127,
3.18528636903764,3.24511128462394),.UNSPECIFIED.);
#614=B_SPLINE_CURVE_WITH_KNOTS('',3,(#13245,#13246,#13247,#13248,#13249,
#13250,#13251,#13252),.UNSPECIFIED.,.F.,.F.,(4,2,2,4),(-0.202948488059684,
-0.0708457447979166,0.,0.00120411893498424),.UNSPECIFIED.);
#615=B_SPLINE_CURVE_WITH_KNOTS('',3,(#13273,#13274,#13275,#13276,#13277),
 .UNSPECIFIED.,.F.,.F.,(4,1,4),(1.24502420115116,1.34431394224823,1.41878124807103),
 .UNSPECIFIED.);
#616=B_SPLINE_CURVE_WITH_KNOTS('',3,(#13316,#13317,#13318,#13319,#13320,
#13321),.UNSPECIFIED.,.F.,.F.,(4,1,1,4),(2.9940767496249,3.08968155933127,
3.18528636903763,3.24511128462394),.UNSPECIFIED.);
#617=B_SPLINE_CURVE_WITH_KNOTS('',3,(#13344,#13345,#13346,#13347,#13348),
 .UNSPECIFIED.,.F.,.F.,(4,1,4),(1.2450219092229,1.31948924636698,1.41877902922576),
 .UNSPECIFIED.);
#618=B_SPLINE_CURVE_WITH_KNOTS('',3,(#13378,#13379,#13380,#13381,#13382),
 .UNSPECIFIED.,.F.,.F.,(4,1,4),(-1.13214020160848E-15,0.0744449518760876,
0.173704887710872),.UNSPECIFIED.);
#619=B_SPLINE_CURVE_WITH_KNOTS('',3,(#13416,#13417,#13418,#13419,#13420,
#13421),.UNSPECIFIED.,.F.,.F.,(4,1,1,4),(3.07778181519161,3.08980379645664,
3.18541001390018,3.3288193400655),.UNSPECIFIED.);
#620=B_SPLINE_CURVE_WITH_KNOTS('',3,(#13708,#13709,#13710,#13711,#13712,
#13713,#13714,#13715),.UNSPECIFIED.,.F.,.F.,(4,2,2,4),(0.434590904922956,
0.482760990178642,0.562183712851583,0.641606435524524),.UNSPECIFIED.);
#621=B_SPLINE_CURVE_WITH_KNOTS('',3,(#13718,#13719,#13720,#13721,#13722,
#13723,#13724,#13725),.UNSPECIFIED.,.F.,.F.,(4,2,2,4),(0.641606435524524,
0.721029158197464,0.800451880870405,0.848621966126092),.UNSPECIFIED.);
#622=B_SPLINE_CURVE_WITH_KNOTS('',3,(#13735,#13736,#13737,#13738,#13739,
#13740,#13741,#13742,#13743,#13744),.UNSPECIFIED.,.F.,.F.,(4,2,2,2,4),(1.18894579686034,
1.31288255776548,1.45667734633156,1.59803519383504,1.63162914472272),
 .UNSPECIFIED.);
#623=B_SPLINE_CURVE_WITH_KNOTS('',3,(#13751,#13752,#13753,#13754,#13755,
#13756,#13757,#13758,#13759,#13760),.UNSPECIFIED.,.F.,.F.,(4,2,2,2,4),(0.706546393676083,
0.740140344563766,0.881498192067244,1.02529298063332,1.14922974153886),
 .UNSPECIFIED.);
#624=B_SPLINE_CURVE_WITH_KNOTS('',3,(#13771,#13772,#13773,#13774,#13775,
#13776,#13777,#13778,#13779,#13780,#13781,#13782),.UNSPECIFIED.,.F.,.F.,
(4,2,2,2,2,4),(3.57160003003364,3.77911748610077,3.9866349421679,4.09798147365139,
4.20932800513488,4.48052172336033),.UNSPECIFIED.);
#625=B_SPLINE_CURVE_WITH_KNOTS('',3,(#13790,#13791,#13792,#13793,#13794,
#13795,#13796,#13797,#13798,#13799,#13800,#13801),.UNSPECIFIED.,.F.,.F.,
(4,2,2,2,2,4),(2.66267833670694,2.93387205493239,3.04521858641588,3.15656511789937,
3.3640825739665,3.57160001049977),.UNSPECIFIED.);
#626=B_SPLINE_CURVE_WITH_KNOTS('',3,(#13833,#13834,#13835,#13836,#13837,
#13838,#13839,#13840),.UNSPECIFIED.,.F.,.F.,(4,2,2,4),(0.434590904922956,
0.482760990178643,0.562183712851584,0.641606435524524),.UNSPECIFIED.);
#627=B_SPLINE_CURVE_WITH_KNOTS('',3,(#13843,#13844,#13845,#13846,#13847,
#13848,#13849,#13850),.UNSPECIFIED.,.F.,.F.,(4,2,2,4),(0.641606435524524,
0.721029158197465,0.800451880870406,0.848621966126092),.UNSPECIFIED.);
#628=B_SPLINE_CURVE_WITH_KNOTS('',3,(#13916,#13917,#13918,#13919,#13920,
#13921,#13922),.UNSPECIFIED.,.F.,.F.,(4,1,1,1,4),(-3.58743381600256E-16,
0.174088690318023,0.261133035477035,0.435221725795059,0.609310416113083),
 .UNSPECIFIED.);
#629=B_SPLINE_CURVE_WITH_KNOTS('',3,(#13958,#13959,#13960,#13961,#13962,
#13963,#13964,#13965,#13966,#13967,#13968,#13969,#13970,#13971,#13972,#13973,
#13974,#13975,#13976),.UNSPECIFIED.,.F.,.F.,(4,3,3,3,3,3,4),(0.,0.095042621649113,
0.199848914852474,0.304655208055835,0.409461501259197,0.514267794462558,
0.609310416113141),.UNSPECIFIED.);
#630=B_SPLINE_CURVE_WITH_KNOTS('',3,(#13983,#13984,#13985,#13986),
 .UNSPECIFIED.,.F.,.F.,(4,4),(-0.145647838642237,0.),.UNSPECIFIED.);
#631=B_SPLINE_CURVE_WITH_KNOTS('',3,(#13989,#13990,#13991,#13992),
 .UNSPECIFIED.,.F.,.F.,(4,4),(-0.14564783863192,0.),.UNSPECIFIED.);
#632=B_SPLINE_CURVE_WITH_KNOTS('',3,(#13999,#14000,#14001,#14002),
 .UNSPECIFIED.,.F.,.F.,(4,4),(-0.145647838642369,0.),.UNSPECIFIED.);
#633=B_SPLINE_CURVE_WITH_KNOTS('',3,(#14005,#14006,#14007,#14008),
 .UNSPECIFIED.,.F.,.F.,(4,4),(-0.145647838642405,0.),.UNSPECIFIED.);
#634=B_SPLINE_CURVE_WITH_KNOTS('',3,(#14015,#14016,#14017,#14018),
 .UNSPECIFIED.,.F.,.F.,(4,4),(-0.145647838642453,0.),.UNSPECIFIED.);
#635=B_SPLINE_CURVE_WITH_KNOTS('',3,(#14036,#14037,#14038,#14039),
 .UNSPECIFIED.,.F.,.F.,(4,4),(-0.145647838642331,0.),.UNSPECIFIED.);
#636=B_SPLINE_CURVE_WITH_KNOTS('',3,(#14045,#14046,#14047,#14048),
 .UNSPECIFIED.,.F.,.F.,(4,4),(-0.145647838642324,0.),.UNSPECIFIED.);
#637=B_SPLINE_CURVE_WITH_KNOTS('',3,(#14080,#14081,#14082,#14083),
 .UNSPECIFIED.,.F.,.F.,(4,4),(-0.145647838466379,0.),.UNSPECIFIED.);
#638=B_SPLINE_CURVE_WITH_KNOTS('',3,(#15042,#15043,#15044,#15045,#15046,
#15047,#15048,#15049,#15050,#15051,#15052,#15053),.UNSPECIFIED.,.F.,.F.,
(4,2,2,2,2,4),(2.66267833670695,2.93387205336162,3.04521858420018,3.15656511503874,
3.36408256990391,3.57160002476909),.UNSPECIFIED.);
#639=B_SPLINE_CURVE_WITH_KNOTS('',3,(#15091,#15092,#15093,#15094,#15095,
#15096,#15097,#15098,#15099,#15100,#15101,#15102),.UNSPECIFIED.,.F.,.F.,
(4,2,2,2,2,4),(3.57160003003363,3.77911748610076,3.98663494216789,4.09798147365138,
4.20932800513487,4.48052172336032),.UNSPECIFIED.);
#640=(
BOUNDED_SURFACE()
B_SPLINE_SURFACE(3,1,((#10368,#10369),(#10370,#10371),(#10372,#10373),(#10374,
#10375)),.UNSPECIFIED.,.F.,.F.,.F.)
B_SPLINE_SURFACE_WITH_KNOTS((4,4),(2,2),(0.,1.),(0.,0.05),.UNSPECIFIED.)
GEOMETRIC_REPRESENTATION_ITEM()
RATIONAL_B_SPLINE_SURFACE(((1.,1.),(1.,1.),(1.,1.),(1.,1.)))
REPRESENTATION_ITEM('')
SURFACE()
);
#641=(
BOUNDED_SURFACE()
B_SPLINE_SURFACE(3,1,((#10396,#10397),(#10398,#10399),(#10400,#10401),(#10402,
#10403)),.UNSPECIFIED.,.F.,.F.,.F.)
B_SPLINE_SURFACE_WITH_KNOTS((4,4),(2,2),(0.,1.),(0.,0.05),.UNSPECIFIED.)
GEOMETRIC_REPRESENTATION_ITEM()
RATIONAL_B_SPLINE_SURFACE(((1.,1.),(1.,1.),(1.,1.),(1.,1.)))
REPRESENTATION_ITEM('')
SURFACE()
);
#642=(
BOUNDED_SURFACE()
B_SPLINE_SURFACE(3,1,((#10410,#10411),(#10412,#10413),(#10414,#10415),(#10416,
#10417)),.UNSPECIFIED.,.F.,.F.,.F.)
B_SPLINE_SURFACE_WITH_KNOTS((4,4),(2,2),(0.,1.),(0.,0.05),.UNSPECIFIED.)
GEOMETRIC_REPRESENTATION_ITEM()
RATIONAL_B_SPLINE_SURFACE(((1.,1.),(1.,1.),(1.,1.),(1.,1.)))
REPRESENTATION_ITEM('')
SURFACE()
);
#643=(
BOUNDED_SURFACE()
B_SPLINE_SURFACE(3,1,((#10488,#10489),(#10490,#10491),(#10492,#10493),(#10494,
#10495)),.UNSPECIFIED.,.F.,.F.,.F.)
B_SPLINE_SURFACE_WITH_KNOTS((4,4),(2,2),(-1.,0.),(0.,0.05),
 .UNSPECIFIED.)
GEOMETRIC_REPRESENTATION_ITEM()
RATIONAL_B_SPLINE_SURFACE(((1.,1.),(1.,1.),(1.,1.),(1.,1.)))
REPRESENTATION_ITEM('')
SURFACE()
);
#644=(
BOUNDED_SURFACE()
B_SPLINE_SURFACE(3,1,((#10508,#10509),(#10510,#10511),(#10512,#10513),(#10514,
#10515)),.UNSPECIFIED.,.F.,.F.,.F.)
B_SPLINE_SURFACE_WITH_KNOTS((4,4),(2,2),(-1.,0.),(0.,0.05),
 .UNSPECIFIED.)
GEOMETRIC_REPRESENTATION_ITEM()
RATIONAL_B_SPLINE_SURFACE(((1.,1.),(1.,1.),(1.,1.),(1.,1.)))
REPRESENTATION_ITEM('')
SURFACE()
);
#645=(
BOUNDED_SURFACE()
B_SPLINE_SURFACE(3,1,((#10522,#10523),(#10524,#10525),(#10526,#10527),(#10528,
#10529)),.UNSPECIFIED.,.F.,.F.,.F.)
B_SPLINE_SURFACE_WITH_KNOTS((4,4),(2,2),(-1.,0.),(0.,0.05),
 .UNSPECIFIED.)
GEOMETRIC_REPRESENTATION_ITEM()
RATIONAL_B_SPLINE_SURFACE(((1.,1.),(1.,1.),(1.,1.),(1.,1.)))
REPRESENTATION_ITEM('')
SURFACE()
);
#646=(
BOUNDED_SURFACE()
B_SPLINE_SURFACE(3,1,((#10540,#10541),(#10542,#10543),(#10544,#10545),(#10546,
#10547)),.UNSPECIFIED.,.F.,.F.,.F.)
B_SPLINE_SURFACE_WITH_KNOTS((4,4),(2,2),(-1.,0.),(0.,0.05),
 .UNSPECIFIED.)
GEOMETRIC_REPRESENTATION_ITEM()
RATIONAL_B_SPLINE_SURFACE(((1.,1.),(1.,1.),(1.,1.),(1.,1.)))
REPRESENTATION_ITEM('')
SURFACE()
);
#647=(
BOUNDED_SURFACE()
B_SPLINE_SURFACE(3,1,((#10575,#10576),(#10577,#10578),(#10579,#10580),(#10581,
#10582)),.UNSPECIFIED.,.F.,.F.,.F.)
B_SPLINE_SURFACE_WITH_KNOTS((4,4),(2,2),(0.,1.),(0.,0.05),.UNSPECIFIED.)
GEOMETRIC_REPRESENTATION_ITEM()
RATIONAL_B_SPLINE_SURFACE(((1.,1.),(1.,1.),(1.,1.),(1.,1.)))
REPRESENTATION_ITEM('')
SURFACE()
);
#648=(
BOUNDED_SURFACE()
B_SPLINE_SURFACE(3,1,((#10617,#10618),(#10619,#10620),(#10621,#10622),(#10623,
#10624)),.UNSPECIFIED.,.F.,.F.,.F.)
B_SPLINE_SURFACE_WITH_KNOTS((4,4),(2,2),(-1.,0.),(0.,0.05),
 .UNSPECIFIED.)
GEOMETRIC_REPRESENTATION_ITEM()
RATIONAL_B_SPLINE_SURFACE(((1.,1.),(1.,1.),(1.,1.),(1.,1.)))
REPRESENTATION_ITEM('')
SURFACE()
);
#649=(
BOUNDED_SURFACE()
B_SPLINE_SURFACE(3,1,((#10637,#10638),(#10639,#10640),(#10641,#10642),(#10643,
#10644)),.UNSPECIFIED.,.F.,.F.,.F.)
B_SPLINE_SURFACE_WITH_KNOTS((4,4),(2,2),(-1.,0.),(0.,0.05),
 .UNSPECIFIED.)
GEOMETRIC_REPRESENTATION_ITEM()
RATIONAL_B_SPLINE_SURFACE(((1.,1.),(1.,1.),(1.,1.),(1.,1.)))
REPRESENTATION_ITEM('')
SURFACE()
);
#650=(
BOUNDED_SURFACE()
B_SPLINE_SURFACE(3,1,((#10651,#10652),(#10653,#10654),(#10655,#10656),(#10657,
#10658)),.UNSPECIFIED.,.F.,.F.,.F.)
B_SPLINE_SURFACE_WITH_KNOTS((4,4),(2,2),(-1.,0.),(0.,0.05),
 .UNSPECIFIED.)
GEOMETRIC_REPRESENTATION_ITEM()
RATIONAL_B_SPLINE_SURFACE(((1.,1.),(1.,1.),(1.,1.),(1.,1.)))
REPRESENTATION_ITEM('')
SURFACE()
);
#651=(
BOUNDED_SURFACE()
B_SPLINE_SURFACE(3,1,((#10669,#10670),(#10671,#10672),(#10673,#10674),(#10675,
#10676)),.UNSPECIFIED.,.F.,.F.,.F.)
B_SPLINE_SURFACE_WITH_KNOTS((4,4),(2,2),(-1.,0.),(0.,0.05),
 .UNSPECIFIED.)
GEOMETRIC_REPRESENTATION_ITEM()
RATIONAL_B_SPLINE_SURFACE(((1.,1.),(1.,1.),(1.,1.),(1.,1.)))
REPRESENTATION_ITEM('')
SURFACE()
);
#652=(
BOUNDED_SURFACE()
B_SPLINE_SURFACE(3,1,((#10744,#10745),(#10746,#10747),(#10748,#10749),(#10750,
#10751)),.UNSPECIFIED.,.F.,.F.,.F.)
B_SPLINE_SURFACE_WITH_KNOTS((4,4),(2,2),(0.,1.),(0.,0.05),.UNSPECIFIED.)
GEOMETRIC_REPRESENTATION_ITEM()
RATIONAL_B_SPLINE_SURFACE(((1.,1.),(1.,1.),(1.,1.),(1.,1.)))
REPRESENTATION_ITEM('')
SURFACE()
);
#653=(
BOUNDED_SURFACE()
B_SPLINE_SURFACE(3,1,((#10760,#10761),(#10762,#10763),(#10764,#10765),(#10766,
#10767)),.UNSPECIFIED.,.F.,.F.,.F.)
B_SPLINE_SURFACE_WITH_KNOTS((4,4),(2,2),(0.,1.),(0.,0.05),.UNSPECIFIED.)
GEOMETRIC_REPRESENTATION_ITEM()
RATIONAL_B_SPLINE_SURFACE(((1.,1.),(1.,1.),(1.,1.),(1.,1.)))
REPRESENTATION_ITEM('')
SURFACE()
);
#654=(
BOUNDED_SURFACE()
B_SPLINE_SURFACE(3,1,((#10774,#10775),(#10776,#10777),(#10778,#10779),(#10780,
#10781)),.UNSPECIFIED.,.F.,.F.,.F.)
B_SPLINE_SURFACE_WITH_KNOTS((4,4),(2,2),(0.,1.),(0.,0.05),.UNSPECIFIED.)
GEOMETRIC_REPRESENTATION_ITEM()
RATIONAL_B_SPLINE_SURFACE(((1.,1.),(1.,1.),(1.,1.),(1.,1.)))
REPRESENTATION_ITEM('')
SURFACE()
);
#655=(
BOUNDED_SURFACE()
B_SPLINE_SURFACE(3,1,((#10788,#10789),(#10790,#10791),(#10792,#10793),(#10794,
#10795)),.UNSPECIFIED.,.F.,.F.,.F.)
B_SPLINE_SURFACE_WITH_KNOTS((4,4),(2,2),(0.,1.),(0.,0.05),.UNSPECIFIED.)
GEOMETRIC_REPRESENTATION_ITEM()
RATIONAL_B_SPLINE_SURFACE(((1.,1.),(1.,1.),(1.,1.),(1.,1.)))
REPRESENTATION_ITEM('')
SURFACE()
);
#656=(
BOUNDED_SURFACE()
B_SPLINE_SURFACE(3,1,((#10802,#10803),(#10804,#10805),(#10806,#10807),(#10808,
#10809)),.UNSPECIFIED.,.F.,.F.,.F.)
B_SPLINE_SURFACE_WITH_KNOTS((4,4),(2,2),(0.,1.),(0.,0.05),.UNSPECIFIED.)
GEOMETRIC_REPRESENTATION_ITEM()
RATIONAL_B_SPLINE_SURFACE(((1.,1.),(1.,1.),(1.,1.),(1.,1.)))
REPRESENTATION_ITEM('')
SURFACE()
);
#657=(
BOUNDED_SURFACE()
B_SPLINE_SURFACE(3,1,((#10816,#10817),(#10818,#10819),(#10820,#10821),(#10822,
#10823)),.UNSPECIFIED.,.F.,.F.,.F.)
B_SPLINE_SURFACE_WITH_KNOTS((4,4),(2,2),(0.,1.),(0.,0.05),.UNSPECIFIED.)
GEOMETRIC_REPRESENTATION_ITEM()
RATIONAL_B_SPLINE_SURFACE(((1.,1.),(1.,1.),(1.,1.),(1.,1.)))
REPRESENTATION_ITEM('')
SURFACE()
);
#658=(
BOUNDED_SURFACE()
B_SPLINE_SURFACE(3,1,((#10828,#10829),(#10830,#10831),(#10832,#10833),(#10834,
#10835)),.UNSPECIFIED.,.F.,.F.,.F.)
B_SPLINE_SURFACE_WITH_KNOTS((4,4),(2,2),(0.,1.),(0.,0.05),.UNSPECIFIED.)
GEOMETRIC_REPRESENTATION_ITEM()
RATIONAL_B_SPLINE_SURFACE(((1.,1.),(1.,1.),(1.,1.),(1.,1.)))
REPRESENTATION_ITEM('')
SURFACE()
);
#659=(
BOUNDED_SURFACE()
B_SPLINE_SURFACE(3,1,((#10842,#10843),(#10844,#10845),(#10846,#10847),(#10848,
#10849)),.UNSPECIFIED.,.F.,.F.,.F.)
B_SPLINE_SURFACE_WITH_KNOTS((4,4),(2,2),(0.,1.),(0.,0.05),.UNSPECIFIED.)
GEOMETRIC_REPRESENTATION_ITEM()
RATIONAL_B_SPLINE_SURFACE(((1.,1.),(1.,1.),(1.,1.),(1.,1.)))
REPRESENTATION_ITEM('')
SURFACE()
);
#660=(
BOUNDED_SURFACE()
B_SPLINE_SURFACE(3,1,((#10898,#10899),(#10900,#10901),(#10902,#10903),(#10904,
#10905)),.UNSPECIFIED.,.F.,.F.,.F.)
B_SPLINE_SURFACE_WITH_KNOTS((4,4),(2,2),(0.,1.),(0.,0.05),.UNSPECIFIED.)
GEOMETRIC_REPRESENTATION_ITEM()
RATIONAL_B_SPLINE_SURFACE(((1.,1.),(1.,1.),(1.,1.),(1.,1.)))
REPRESENTATION_ITEM('')
SURFACE()
);
#661=(
BOUNDED_SURFACE()
B_SPLINE_SURFACE(3,1,((#10914,#10915),(#10916,#10917),(#10918,#10919),(#10920,
#10921)),.UNSPECIFIED.,.F.,.F.,.F.)
B_SPLINE_SURFACE_WITH_KNOTS((4,4),(2,2),(0.,1.),(0.,0.05),.UNSPECIFIED.)
GEOMETRIC_REPRESENTATION_ITEM()
RATIONAL_B_SPLINE_SURFACE(((1.,1.),(1.,1.),(1.,1.),(1.,1.)))
REPRESENTATION_ITEM('')
SURFACE()
);
#662=(
BOUNDED_SURFACE()
B_SPLINE_SURFACE(3,1,((#10928,#10929),(#10930,#10931),(#10932,#10933),(#10934,
#10935)),.UNSPECIFIED.,.F.,.F.,.F.)
B_SPLINE_SURFACE_WITH_KNOTS((4,4),(2,2),(0.,1.),(0.,0.05),.UNSPECIFIED.)
GEOMETRIC_REPRESENTATION_ITEM()
RATIONAL_B_SPLINE_SURFACE(((1.,1.),(1.,1.),(1.,1.),(1.,1.)))
REPRESENTATION_ITEM('')
SURFACE()
);
#663=(
BOUNDED_SURFACE()
B_SPLINE_SURFACE(3,1,((#10944,#10945),(#10946,#10947),(#10948,#10949),(#10950,
#10951)),.UNSPECIFIED.,.F.,.F.,.F.)
B_SPLINE_SURFACE_WITH_KNOTS((4,4),(2,2),(0.,1.),(0.,0.05),.UNSPECIFIED.)
GEOMETRIC_REPRESENTATION_ITEM()
RATIONAL_B_SPLINE_SURFACE(((1.,1.),(1.,1.),(1.,1.),(1.,1.)))
REPRESENTATION_ITEM('')
SURFACE()
);
#664=(
BOUNDED_SURFACE()
B_SPLINE_SURFACE(3,1,((#10958,#10959),(#10960,#10961),(#10962,#10963),(#10964,
#10965)),.UNSPECIFIED.,.F.,.F.,.F.)
B_SPLINE_SURFACE_WITH_KNOTS((4,4),(2,2),(0.,1.),(0.,0.05),.UNSPECIFIED.)
GEOMETRIC_REPRESENTATION_ITEM()
RATIONAL_B_SPLINE_SURFACE(((1.,1.),(1.,1.),(1.,1.),(1.,1.)))
REPRESENTATION_ITEM('')
SURFACE()
);
#665=(
BOUNDED_SURFACE()
B_SPLINE_SURFACE(3,1,((#10972,#10973),(#10974,#10975),(#10976,#10977),(#10978,
#10979)),.UNSPECIFIED.,.F.,.F.,.F.)
B_SPLINE_SURFACE_WITH_KNOTS((4,4),(2,2),(0.,1.),(0.,0.05),.UNSPECIFIED.)
GEOMETRIC_REPRESENTATION_ITEM()
RATIONAL_B_SPLINE_SURFACE(((1.,1.),(1.,1.),(1.,1.),(1.,1.)))
REPRESENTATION_ITEM('')
SURFACE()
);
#666=(
BOUNDED_SURFACE()
B_SPLINE_SURFACE(3,1,((#10986,#10987),(#10988,#10989),(#10990,#10991),(#10992,
#10993)),.UNSPECIFIED.,.F.,.F.,.F.)
B_SPLINE_SURFACE_WITH_KNOTS((4,4),(2,2),(0.,1.),(0.,0.05),.UNSPECIFIED.)
GEOMETRIC_REPRESENTATION_ITEM()
RATIONAL_B_SPLINE_SURFACE(((1.,1.),(1.,1.),(1.,1.),(1.,1.)))
REPRESENTATION_ITEM('')
SURFACE()
);
#667=(
BOUNDED_SURFACE()
B_SPLINE_SURFACE(3,1,((#11002,#11003),(#11004,#11005),(#11006,#11007),(#11008,
#11009)),.UNSPECIFIED.,.F.,.F.,.F.)
B_SPLINE_SURFACE_WITH_KNOTS((4,4),(2,2),(0.,1.),(0.,0.05),.UNSPECIFIED.)
GEOMETRIC_REPRESENTATION_ITEM()
RATIONAL_B_SPLINE_SURFACE(((1.,1.),(1.,1.),(1.,1.),(1.,1.)))
REPRESENTATION_ITEM('')
SURFACE()
);
#668=FACE_OUTER_BOUND('',#1106,.T.);
#669=FACE_OUTER_BOUND('',#1107,.T.);
#670=FACE_OUTER_BOUND('',#1108,.T.);
#671=FACE_OUTER_BOUND('',#1109,.T.);
#672=FACE_OUTER_BOUND('',#1110,.T.);
#673=FACE_OUTER_BOUND('',#1111,.T.);
#674=FACE_OUTER_BOUND('',#1112,.T.);
#675=FACE_OUTER_BOUND('',#1113,.T.);
#676=FACE_OUTER_BOUND('',#1114,.T.);
#677=FACE_OUTER_BOUND('',#1115,.T.);
#678=FACE_OUTER_BOUND('',#1116,.T.);
#679=FACE_OUTER_BOUND('',#1117,.T.);
#680=FACE_OUTER_BOUND('',#1118,.T.);
#681=FACE_OUTER_BOUND('',#1119,.T.);
#682=FACE_OUTER_BOUND('',#1120,.T.);
#683=FACE_OUTER_BOUND('',#1121,.T.);
#684=FACE_OUTER_BOUND('',#1122,.T.);
#685=FACE_OUTER_BOUND('',#1123,.T.);
#686=FACE_OUTER_BOUND('',#1124,.T.);
#687=FACE_OUTER_BOUND('',#1125,.T.);
#688=FACE_OUTER_BOUND('',#1126,.T.);
#689=FACE_OUTER_BOUND('',#1127,.T.);
#690=FACE_OUTER_BOUND('',#1128,.T.);
#691=FACE_OUTER_BOUND('',#1129,.T.);
#692=FACE_OUTER_BOUND('',#1130,.T.);
#693=FACE_OUTER_BOUND('',#1131,.T.);
#694=FACE_OUTER_BOUND('',#1132,.T.);
#695=FACE_OUTER_BOUND('',#1133,.T.);
#696=FACE_OUTER_BOUND('',#1134,.T.);
#697=FACE_OUTER_BOUND('',#1135,.T.);
#698=FACE_OUTER_BOUND('',#1136,.T.);
#699=FACE_OUTER_BOUND('',#1137,.T.);
#700=FACE_OUTER_BOUND('',#1138,.T.);
#701=FACE_OUTER_BOUND('',#1139,.T.);
#702=FACE_OUTER_BOUND('',#1140,.T.);
#703=FACE_OUTER_BOUND('',#1141,.T.);
#704=FACE_OUTER_BOUND('',#1142,.T.);
#705=FACE_OUTER_BOUND('',#1143,.T.);
#706=FACE_OUTER_BOUND('',#1144,.T.);
#707=FACE_OUTER_BOUND('',#1145,.T.);
#708=FACE_OUTER_BOUND('',#1146,.T.);
#709=FACE_OUTER_BOUND('',#1148,.T.);
#710=FACE_OUTER_BOUND('',#1149,.T.);
#711=FACE_OUTER_BOUND('',#1150,.T.);
#712=FACE_OUTER_BOUND('',#1151,.T.);
#713=FACE_OUTER_BOUND('',#1152,.T.);
#714=FACE_OUTER_BOUND('',#1153,.T.);
#715=FACE_OUTER_BOUND('',#1154,.T.);
#716=FACE_OUTER_BOUND('',#1155,.T.);
#717=FACE_OUTER_BOUND('',#1156,.T.);
#718=FACE_OUTER_BOUND('',#1157,.T.);
#719=FACE_OUTER_BOUND('',#1158,.T.);
#720=FACE_OUTER_BOUND('',#1159,.T.);
#721=FACE_OUTER_BOUND('',#1161,.T.);
#722=FACE_OUTER_BOUND('',#1163,.T.);
#723=FACE_OUTER_BOUND('',#1164,.T.);
#724=FACE_OUTER_BOUND('',#1165,.T.);
#725=FACE_OUTER_BOUND('',#1166,.T.);
#726=FACE_OUTER_BOUND('',#1167,.T.);
#727=FACE_OUTER_BOUND('',#1168,.T.);
#728=FACE_OUTER_BOUND('',#1169,.T.);
#729=FACE_OUTER_BOUND('',#1170,.T.);
#730=FACE_OUTER_BOUND('',#1171,.T.);
#731=FACE_OUTER_BOUND('',#1172,.T.);
#732=FACE_OUTER_BOUND('',#1174,.T.);
#733=FACE_OUTER_BOUND('',#1175,.T.);
#734=FACE_OUTER_BOUND('',#1176,.T.);
#735=FACE_OUTER_BOUND('',#1177,.T.);
#736=FACE_OUTER_BOUND('',#1178,.T.);
#737=FACE_OUTER_BOUND('',#1179,.T.);
#738=FACE_OUTER_BOUND('',#1180,.T.);
#739=FACE_OUTER_BOUND('',#1181,.T.);
#740=FACE_OUTER_BOUND('',#1182,.T.);
#741=FACE_OUTER_BOUND('',#1183,.T.);
#742=FACE_OUTER_BOUND('',#1184,.T.);
#743=FACE_OUTER_BOUND('',#1185,.T.);
#744=FACE_OUTER_BOUND('',#1186,.T.);
#745=FACE_OUTER_BOUND('',#1187,.T.);
#746=FACE_OUTER_BOUND('',#1188,.T.);
#747=FACE_OUTER_BOUND('',#1189,.T.);
#748=FACE_OUTER_BOUND('',#1190,.T.);
#749=FACE_OUTER_BOUND('',#1191,.T.);
#750=FACE_OUTER_BOUND('',#1192,.T.);
#751=FACE_OUTER_BOUND('',#1193,.T.);
#752=FACE_OUTER_BOUND('',#1194,.T.);
#753=FACE_OUTER_BOUND('',#1195,.T.);
#754=FACE_OUTER_BOUND('',#1196,.T.);
#755=FACE_OUTER_BOUND('',#1197,.T.);
#756=FACE_OUTER_BOUND('',#1198,.T.);
#757=FACE_OUTER_BOUND('',#1199,.T.);
#758=FACE_OUTER_BOUND('',#1200,.T.);
#759=FACE_OUTER_BOUND('',#1201,.T.);
#760=FACE_OUTER_BOUND('',#1202,.T.);
#761=FACE_OUTER_BOUND('',#1203,.T.);
#762=FACE_OUTER_BOUND('',#1204,.T.);
#763=FACE_OUTER_BOUND('',#1205,.T.);
#764=FACE_OUTER_BOUND('',#1206,.T.);
#765=FACE_OUTER_BOUND('',#1207,.T.);
#766=FACE_OUTER_BOUND('',#1208,.T.);
#767=FACE_OUTER_BOUND('',#1209,.T.);
#768=FACE_OUTER_BOUND('',#1210,.T.);
#769=FACE_OUTER_BOUND('',#1214,.T.);
#770=FACE_OUTER_BOUND('',#1215,.T.);
#771=FACE_OUTER_BOUND('',#1216,.T.);
#772=FACE_OUTER_BOUND('',#1217,.T.);
#773=FACE_OUTER_BOUND('',#1218,.T.);
#774=FACE_OUTER_BOUND('',#1219,.T.);
#775=FACE_OUTER_BOUND('',#1220,.T.);
#776=FACE_OUTER_BOUND('',#1221,.T.);
#777=FACE_OUTER_BOUND('',#1222,.T.);
#778=FACE_OUTER_BOUND('',#1223,.T.);
#779=FACE_OUTER_BOUND('',#1224,.T.);
#780=FACE_OUTER_BOUND('',#1225,.T.);
#781=FACE_OUTER_BOUND('',#1226,.T.);
#782=FACE_OUTER_BOUND('',#1227,.T.);
#783=FACE_OUTER_BOUND('',#1228,.T.);
#784=FACE_OUTER_BOUND('',#1229,.T.);
#785=FACE_OUTER_BOUND('',#1230,.T.);
#786=FACE_OUTER_BOUND('',#1231,.T.);
#787=FACE_OUTER_BOUND('',#1232,.T.);
#788=FACE_OUTER_BOUND('',#1233,.T.);
#789=FACE_OUTER_BOUND('',#1234,.T.);
#790=FACE_OUTER_BOUND('',#1235,.T.);
#791=FACE_OUTER_BOUND('',#1236,.T.);
#792=FACE_OUTER_BOUND('',#1237,.T.);
#793=FACE_OUTER_BOUND('',#1239,.T.);
#794=FACE_OUTER_BOUND('',#1241,.T.);
#795=FACE_OUTER_BOUND('',#1243,.T.);
#796=FACE_OUTER_BOUND('',#1245,.T.);
#797=FACE_OUTER_BOUND('',#1246,.T.);
#798=FACE_OUTER_BOUND('',#1247,.T.);
#799=FACE_OUTER_BOUND('',#1248,.T.);
#800=FACE_OUTER_BOUND('',#1249,.T.);
#801=FACE_OUTER_BOUND('',#1250,.T.);
#802=FACE_OUTER_BOUND('',#1251,.T.);
#803=FACE_OUTER_BOUND('',#1252,.T.);
#804=FACE_OUTER_BOUND('',#1253,.T.);
#805=FACE_OUTER_BOUND('',#1254,.T.);
#806=FACE_OUTER_BOUND('',#1255,.T.);
#807=FACE_OUTER_BOUND('',#1256,.T.);
#808=FACE_OUTER_BOUND('',#1257,.T.);
#809=FACE_OUTER_BOUND('',#1258,.T.);
#810=FACE_OUTER_BOUND('',#1259,.T.);
#811=FACE_OUTER_BOUND('',#1260,.T.);
#812=FACE_OUTER_BOUND('',#1261,.T.);
#813=FACE_OUTER_BOUND('',#1262,.T.);
#814=FACE_OUTER_BOUND('',#1263,.T.);
#815=FACE_OUTER_BOUND('',#1264,.T.);
#816=FACE_OUTER_BOUND('',#1267,.T.);
#817=FACE_OUTER_BOUND('',#1268,.T.);
#818=FACE_OUTER_BOUND('',#1269,.T.);
#819=FACE_OUTER_BOUND('',#1270,.T.);
#820=FACE_OUTER_BOUND('',#1271,.T.);
#821=FACE_OUTER_BOUND('',#1273,.T.);
#822=FACE_OUTER_BOUND('',#1274,.T.);
#823=FACE_OUTER_BOUND('',#1275,.T.);
#824=FACE_OUTER_BOUND('',#1276,.T.);
#825=FACE_OUTER_BOUND('',#1277,.T.);
#826=FACE_OUTER_BOUND('',#1278,.T.);
#827=FACE_OUTER_BOUND('',#1279,.T.);
#828=FACE_OUTER_BOUND('',#1280,.T.);
#829=FACE_OUTER_BOUND('',#1282,.T.);
#830=FACE_OUTER_BOUND('',#1283,.T.);
#831=FACE_OUTER_BOUND('',#1284,.T.);
#832=FACE_OUTER_BOUND('',#1286,.T.);
#833=FACE_OUTER_BOUND('',#1287,.T.);
#834=FACE_OUTER_BOUND('',#1288,.T.);
#835=FACE_OUTER_BOUND('',#1289,.T.);
#836=FACE_OUTER_BOUND('',#1290,.T.);
#837=FACE_OUTER_BOUND('',#1291,.T.);
#838=FACE_OUTER_BOUND('',#1292,.T.);
#839=FACE_OUTER_BOUND('',#1293,.T.);
#840=FACE_OUTER_BOUND('',#1294,.T.);
#841=FACE_OUTER_BOUND('',#1295,.T.);
#842=FACE_OUTER_BOUND('',#1296,.T.);
#843=FACE_OUTER_BOUND('',#1297,.T.);
#844=FACE_OUTER_BOUND('',#1298,.T.);
#845=FACE_OUTER_BOUND('',#1299,.T.);
#846=FACE_OUTER_BOUND('',#1300,.T.);
#847=FACE_OUTER_BOUND('',#1302,.T.);
#848=FACE_OUTER_BOUND('',#1303,.T.);
#849=FACE_OUTER_BOUND('',#1304,.T.);
#850=FACE_OUTER_BOUND('',#1305,.T.);
#851=FACE_OUTER_BOUND('',#1307,.T.);
#852=FACE_OUTER_BOUND('',#1308,.T.);
#853=FACE_OUTER_BOUND('',#1309,.T.);
#854=FACE_OUTER_BOUND('',#1311,.T.);
#855=FACE_OUTER_BOUND('',#1312,.T.);
#856=FACE_OUTER_BOUND('',#1313,.T.);
#857=FACE_OUTER_BOUND('',#1315,.T.);
#858=FACE_OUTER_BOUND('',#1316,.T.);
#859=FACE_OUTER_BOUND('',#1317,.T.);
#860=FACE_OUTER_BOUND('',#1318,.T.);
#861=FACE_OUTER_BOUND('',#1319,.T.);
#862=FACE_OUTER_BOUND('',#1321,.T.);
#863=FACE_OUTER_BOUND('',#1322,.T.);
#864=FACE_OUTER_BOUND('',#1323,.T.);
#865=FACE_OUTER_BOUND('',#1325,.T.);
#866=FACE_OUTER_BOUND('',#1326,.T.);
#867=FACE_OUTER_BOUND('',#1327,.T.);
#868=FACE_OUTER_BOUND('',#1328,.T.);
#869=FACE_OUTER_BOUND('',#1329,.T.);
#870=FACE_OUTER_BOUND('',#1330,.T.);
#871=FACE_OUTER_BOUND('',#1331,.T.);
#872=FACE_OUTER_BOUND('',#1332,.T.);
#873=FACE_OUTER_BOUND('',#1333,.T.);
#874=FACE_OUTER_BOUND('',#1334,.T.);
#875=FACE_OUTER_BOUND('',#1335,.T.);
#876=FACE_OUTER_BOUND('',#1336,.T.);
#877=FACE_OUTER_BOUND('',#1337,.T.);
#878=FACE_OUTER_BOUND('',#1338,.T.);
#879=FACE_OUTER_BOUND('',#1339,.T.);
#880=FACE_OUTER_BOUND('',#1340,.T.);
#881=FACE_OUTER_BOUND('',#1341,.T.);
#882=FACE_OUTER_BOUND('',#1342,.T.);
#883=FACE_OUTER_BOUND('',#1343,.T.);
#884=FACE_OUTER_BOUND('',#1344,.T.);
#885=FACE_OUTER_BOUND('',#1345,.T.);
#886=FACE_OUTER_BOUND('',#1346,.T.);
#887=FACE_OUTER_BOUND('',#1347,.T.);
#888=FACE_OUTER_BOUND('',#1348,.T.);
#889=FACE_OUTER_BOUND('',#1349,.T.);
#890=FACE_OUTER_BOUND('',#1350,.T.);
#891=FACE_OUTER_BOUND('',#1351,.T.);
#892=FACE_OUTER_BOUND('',#1352,.T.);
#893=FACE_OUTER_BOUND('',#1353,.T.);
#894=FACE_OUTER_BOUND('',#1354,.T.);
#895=FACE_OUTER_BOUND('',#1355,.T.);
#896=FACE_OUTER_BOUND('',#1356,.T.);
#897=FACE_OUTER_BOUND('',#1357,.T.);
#898=FACE_OUTER_BOUND('',#1358,.T.);
#899=FACE_OUTER_BOUND('',#1359,.T.);
#900=FACE_OUTER_BOUND('',#1360,.T.);
#901=FACE_OUTER_BOUND('',#1361,.T.);
#902=FACE_OUTER_BOUND('',#1362,.T.);
#903=FACE_OUTER_BOUND('',#1363,.T.);
#904=FACE_OUTER_BOUND('',#1364,.T.);
#905=FACE_OUTER_BOUND('',#1365,.T.);
#906=FACE_OUTER_BOUND('',#1366,.T.);
#907=FACE_OUTER_BOUND('',#1367,.T.);
#908=FACE_OUTER_BOUND('',#1368,.T.);
#909=FACE_OUTER_BOUND('',#1369,.T.);
#910=FACE_OUTER_BOUND('',#1370,.T.);
#911=FACE_OUTER_BOUND('',#1371,.T.);
#912=FACE_OUTER_BOUND('',#1372,.T.);
#913=FACE_OUTER_BOUND('',#1373,.T.);
#914=FACE_OUTER_BOUND('',#1374,.T.);
#915=FACE_OUTER_BOUND('',#1375,.T.);
#916=FACE_OUTER_BOUND('',#1376,.T.);
#917=FACE_OUTER_BOUND('',#1377,.T.);
#918=FACE_OUTER_BOUND('',#1378,.T.);
#919=FACE_OUTER_BOUND('',#1379,.T.);
#920=FACE_OUTER_BOUND('',#1380,.T.);
#921=FACE_OUTER_BOUND('',#1381,.T.);
#922=FACE_OUTER_BOUND('',#1382,.T.);
#923=FACE_OUTER_BOUND('',#1384,.T.);
#924=FACE_OUTER_BOUND('',#1385,.T.);
#925=FACE_OUTER_BOUND('',#1386,.T.);
#926=FACE_OUTER_BOUND('',#1387,.T.);
#927=FACE_OUTER_BOUND('',#1388,.T.);
#928=FACE_OUTER_BOUND('',#1389,.T.);
#929=FACE_OUTER_BOUND('',#1390,.T.);
#930=FACE_OUTER_BOUND('',#1391,.T.);
#931=FACE_OUTER_BOUND('',#1392,.T.);
#932=FACE_OUTER_BOUND('',#1393,.T.);
#933=FACE_OUTER_BOUND('',#1394,.T.);
#934=FACE_OUTER_BOUND('',#1395,.T.);
#935=FACE_OUTER_BOUND('',#1396,.T.);
#936=FACE_OUTER_BOUND('',#1397,.T.);
#937=FACE_OUTER_BOUND('',#1398,.T.);
#938=FACE_OUTER_BOUND('',#1399,.T.);
#939=FACE_OUTER_BOUND('',#1400,.T.);
#940=FACE_OUTER_BOUND('',#1401,.T.);
#941=FACE_OUTER_BOUND('',#1402,.T.);
#942=FACE_OUTER_BOUND('',#1403,.T.);
#943=FACE_OUTER_BOUND('',#1404,.T.);
#944=FACE_OUTER_BOUND('',#1405,.T.);
#945=FACE_OUTER_BOUND('',#1406,.T.);
#946=FACE_OUTER_BOUND('',#1407,.T.);
#947=FACE_OUTER_BOUND('',#1408,.T.);
#948=FACE_OUTER_BOUND('',#1409,.T.);
#949=FACE_OUTER_BOUND('',#1410,.T.);
#950=FACE_OUTER_BOUND('',#1411,.T.);
#951=FACE_OUTER_BOUND('',#1412,.T.);
#952=FACE_OUTER_BOUND('',#1414,.T.);
#953=FACE_OUTER_BOUND('',#1415,.T.);
#954=FACE_OUTER_BOUND('',#1416,.T.);
#955=FACE_OUTER_BOUND('',#1417,.T.);
#956=FACE_OUTER_BOUND('',#1418,.T.);
#957=FACE_OUTER_BOUND('',#1419,.T.);
#958=FACE_OUTER_BOUND('',#1420,.T.);
#959=FACE_OUTER_BOUND('',#1421,.T.);
#960=FACE_OUTER_BOUND('',#1422,.T.);
#961=FACE_OUTER_BOUND('',#1423,.T.);
#962=FACE_OUTER_BOUND('',#1424,.T.);
#963=FACE_OUTER_BOUND('',#1425,.T.);
#964=FACE_OUTER_BOUND('',#1426,.T.);
#965=FACE_OUTER_BOUND('',#1427,.T.);
#966=FACE_OUTER_BOUND('',#1428,.T.);
#967=FACE_OUTER_BOUND('',#1429,.T.);
#968=FACE_OUTER_BOUND('',#1430,.T.);
#969=FACE_OUTER_BOUND('',#1432,.T.);
#970=FACE_OUTER_BOUND('',#1433,.T.);
#971=FACE_OUTER_BOUND('',#1434,.T.);
#972=FACE_OUTER_BOUND('',#1435,.T.);
#973=FACE_OUTER_BOUND('',#1436,.T.);
#974=FACE_OUTER_BOUND('',#1437,.T.);
#975=FACE_OUTER_BOUND('',#1438,.T.);
#976=FACE_OUTER_BOUND('',#1440,.T.);
#977=FACE_OUTER_BOUND('',#1441,.T.);
#978=FACE_OUTER_BOUND('',#1442,.T.);
#979=FACE_OUTER_BOUND('',#1443,.T.);
#980=FACE_OUTER_BOUND('',#1444,.T.);
#981=FACE_OUTER_BOUND('',#1445,.T.);
#982=FACE_OUTER_BOUND('',#1446,.T.);
#983=FACE_OUTER_BOUND('',#1447,.T.);
#984=FACE_OUTER_BOUND('',#1448,.T.);
#985=FACE_OUTER_BOUND('',#1449,.T.);
#986=FACE_OUTER_BOUND('',#1450,.T.);
#987=FACE_OUTER_BOUND('',#1451,.T.);
#988=FACE_OUTER_BOUND('',#1452,.T.);
#989=FACE_OUTER_BOUND('',#1454,.T.);
#990=FACE_OUTER_BOUND('',#1455,.T.);
#991=FACE_OUTER_BOUND('',#1456,.T.);
#992=FACE_OUTER_BOUND('',#1457,.T.);
#993=FACE_OUTER_BOUND('',#1458,.T.);
#994=FACE_OUTER_BOUND('',#1459,.T.);
#995=FACE_OUTER_BOUND('',#1460,.T.);
#996=FACE_OUTER_BOUND('',#1461,.T.);
#997=FACE_OUTER_BOUND('',#1462,.T.);
#998=FACE_OUTER_BOUND('',#1463,.T.);
#999=FACE_OUTER_BOUND('',#1464,.T.);
#1000=FACE_OUTER_BOUND('',#1465,.T.);
#1001=FACE_OUTER_BOUND('',#1466,.T.);
#1002=FACE_OUTER_BOUND('',#1467,.T.);
#1003=FACE_OUTER_BOUND('',#1468,.T.);
#1004=FACE_OUTER_BOUND('',#1469,.T.);
#1005=FACE_OUTER_BOUND('',#1470,.T.);
#1006=FACE_OUTER_BOUND('',#1471,.T.);
#1007=FACE_OUTER_BOUND('',#1472,.T.);
#1008=FACE_OUTER_BOUND('',#1473,.T.);
#1009=FACE_OUTER_BOUND('',#1474,.T.);
#1010=FACE_OUTER_BOUND('',#1475,.T.);
#1011=FACE_OUTER_BOUND('',#1476,.T.);
#1012=FACE_OUTER_BOUND('',#1477,.T.);
#1013=FACE_OUTER_BOUND('',#1478,.T.);
#1014=FACE_OUTER_BOUND('',#1479,.T.);
#1015=FACE_OUTER_BOUND('',#1480,.T.);
#1016=FACE_OUTER_BOUND('',#1481,.T.);
#1017=FACE_OUTER_BOUND('',#1482,.T.);
#1018=FACE_OUTER_BOUND('',#1483,.T.);
#1019=FACE_OUTER_BOUND('',#1484,.T.);
#1020=FACE_OUTER_BOUND('',#1485,.T.);
#1021=FACE_OUTER_BOUND('',#1486,.T.);
#1022=FACE_OUTER_BOUND('',#1487,.T.);
#1023=FACE_OUTER_BOUND('',#1488,.T.);
#1024=FACE_OUTER_BOUND('',#1489,.T.);
#1025=FACE_OUTER_BOUND('',#1490,.T.);
#1026=FACE_OUTER_BOUND('',#1491,.T.);
#1027=FACE_OUTER_BOUND('',#1492,.T.);
#1028=FACE_OUTER_BOUND('',#1493,.T.);
#1029=FACE_OUTER_BOUND('',#1494,.T.);
#1030=FACE_OUTER_BOUND('',#1495,.T.);
#1031=FACE_OUTER_BOUND('',#1496,.T.);
#1032=FACE_OUTER_BOUND('',#1497,.T.);
#1033=FACE_OUTER_BOUND('',#1498,.T.);
#1034=FACE_OUTER_BOUND('',#1499,.T.);
#1035=FACE_OUTER_BOUND('',#1500,.T.);
#1036=FACE_OUTER_BOUND('',#1501,.T.);
#1037=FACE_OUTER_BOUND('',#1502,.T.);
#1038=FACE_OUTER_BOUND('',#1503,.T.);
#1039=FACE_OUTER_BOUND('',#1504,.T.);
#1040=FACE_OUTER_BOUND('',#1505,.T.);
#1041=FACE_OUTER_BOUND('',#1506,.T.);
#1042=FACE_OUTER_BOUND('',#1507,.T.);
#1043=FACE_OUTER_BOUND('',#1508,.T.);
#1044=FACE_OUTER_BOUND('',#1509,.T.);
#1045=FACE_OUTER_BOUND('',#1510,.T.);
#1046=FACE_OUTER_BOUND('',#1511,.T.);
#1047=FACE_OUTER_BOUND('',#1512,.T.);
#1048=FACE_OUTER_BOUND('',#1513,.T.);
#1049=FACE_OUTER_BOUND('',#1514,.T.);
#1050=FACE_OUTER_BOUND('',#1515,.T.);
#1051=FACE_OUTER_BOUND('',#1516,.T.);
#1052=FACE_OUTER_BOUND('',#1517,.T.);
#1053=FACE_OUTER_BOUND('',#1518,.T.);
#1054=FACE_OUTER_BOUND('',#1519,.T.);
#1055=FACE_OUTER_BOUND('',#1520,.T.);
#1056=FACE_OUTER_BOUND('',#1521,.T.);
#1057=FACE_OUTER_BOUND('',#1522,.T.);
#1058=FACE_OUTER_BOUND('',#1523,.T.);
#1059=FACE_OUTER_BOUND('',#1524,.T.);
#1060=FACE_OUTER_BOUND('',#1525,.T.);
#1061=FACE_OUTER_BOUND('',#1526,.T.);
#1062=FACE_OUTER_BOUND('',#1527,.T.);
#1063=FACE_OUTER_BOUND('',#1528,.T.);
#1064=FACE_OUTER_BOUND('',#1529,.T.);
#1065=FACE_OUTER_BOUND('',#1530,.T.);
#1066=FACE_OUTER_BOUND('',#1531,.T.);
#1067=FACE_OUTER_BOUND('',#1532,.T.);
#1068=FACE_OUTER_BOUND('',#1533,.T.);
#1069=FACE_OUTER_BOUND('',#1534,.T.);
#1070=FACE_OUTER_BOUND('',#1535,.T.);
#1071=FACE_OUTER_BOUND('',#1536,.T.);
#1072=FACE_OUTER_BOUND('',#1537,.T.);
#1073=FACE_OUTER_BOUND('',#1538,.T.);
#1074=FACE_OUTER_BOUND('',#1539,.T.);
#1075=FACE_OUTER_BOUND('',#1540,.T.);
#1076=FACE_OUTER_BOUND('',#1541,.T.);
#1077=FACE_OUTER_BOUND('',#1542,.T.);
#1078=FACE_OUTER_BOUND('',#1543,.T.);
#1079=FACE_OUTER_BOUND('',#1544,.T.);
#1080=FACE_OUTER_BOUND('',#1545,.T.);
#1081=FACE_OUTER_BOUND('',#1546,.T.);
#1082=FACE_OUTER_BOUND('',#1547,.T.);
#1083=FACE_OUTER_BOUND('',#1548,.T.);
#1084=FACE_OUTER_BOUND('',#1549,.T.);
#1085=FACE_OUTER_BOUND('',#1552,.T.);
#1086=FACE_OUTER_BOUND('',#1553,.T.);
#1087=FACE_OUTER_BOUND('',#1554,.T.);
#1088=FACE_OUTER_BOUND('',#1555,.T.);
#1089=FACE_OUTER_BOUND('',#1556,.T.);
#1090=FACE_OUTER_BOUND('',#1557,.T.);
#1091=FACE_OUTER_BOUND('',#1558,.T.);
#1092=FACE_OUTER_BOUND('',#1559,.T.);
#1093=FACE_OUTER_BOUND('',#1560,.T.);
#1094=FACE_OUTER_BOUND('',#1561,.T.);
#1095=FACE_OUTER_BOUND('',#1562,.T.);
#1096=FACE_OUTER_BOUND('',#1563,.T.);
#1097=FACE_OUTER_BOUND('',#1564,.T.);
#1098=FACE_OUTER_BOUND('',#1565,.T.);
#1099=FACE_OUTER_BOUND('',#1566,.T.);
#1100=FACE_OUTER_BOUND('',#1567,.T.);
#1101=FACE_OUTER_BOUND('',#1568,.T.);
#1102=FACE_OUTER_BOUND('',#1569,.T.);
#1103=FACE_OUTER_BOUND('',#1570,.T.);
#1104=FACE_OUTER_BOUND('',#1571,.T.);
#1105=FACE_OUTER_BOUND('',#1572,.T.);
#1106=EDGE_LOOP('',(#4784,#4785,#4786,#4787,#4788,#4789));
#1107=EDGE_LOOP('',(#4790,#4791,#4792,#4793));
#1108=EDGE_LOOP('',(#4794,#4795,#4796,#4797));
#1109=EDGE_LOOP('',(#4798,#4799,#4800,#4801));
#1110=EDGE_LOOP('',(#4802,#4803,#4804,#4805));
#1111=EDGE_LOOP('',(#4806,#4807,#4808,#4809));
#1112=EDGE_LOOP('',(#4810,#4811,#4812,#4813));
#1113=EDGE_LOOP('',(#4814,#4815,#4816,#4817,#4818,#4819));
#1114=EDGE_LOOP('',(#4820,#4821,#4822));
#1115=EDGE_LOOP('',(#4823,#4824,#4825,#4826));
#1116=EDGE_LOOP('',(#4827,#4828,#4829,#4830));
#1117=EDGE_LOOP('',(#4831,#4832,#4833,#4834));
#1118=EDGE_LOOP('',(#4835,#4836,#4837));
#1119=EDGE_LOOP('',(#4838,#4839,#4840));
#1120=EDGE_LOOP('',(#4841,#4842,#4843,#4844));
#1121=EDGE_LOOP('',(#4845,#4846,#4847,#4848));
#1122=EDGE_LOOP('',(#4849,#4850,#4851,#4852));
#1123=EDGE_LOOP('',(#4853,#4854,#4855));
#1124=EDGE_LOOP('',(#4856,#4857,#4858,#4859,#4860,#4861));
#1125=EDGE_LOOP('',(#4862,#4863,#4864,#4865));
#1126=EDGE_LOOP('',(#4866,#4867,#4868,#4869));
#1127=EDGE_LOOP('',(#4870,#4871,#4872,#4873));
#1128=EDGE_LOOP('',(#4874,#4875,#4876,#4877));
#1129=EDGE_LOOP('',(#4878,#4879,#4880,#4881));
#1130=EDGE_LOOP('',(#4882,#4883,#4884,#4885));
#1131=EDGE_LOOP('',(#4886,#4887,#4888,#4889,#4890,#4891));
#1132=EDGE_LOOP('',(#4892,#4893,#4894,#4895));
#1133=EDGE_LOOP('',(#4896,#4897,#4898,#4899));
#1134=EDGE_LOOP('',(#4900,#4901,#4902,#4903));
#1135=EDGE_LOOP('',(#4904,#4905,#4906,#4907));
#1136=EDGE_LOOP('',(#4908,#4909,#4910,#4911));
#1137=EDGE_LOOP('',(#4912,#4913,#4914,#4915));
#1138=EDGE_LOOP('',(#4916,#4917,#4918,#4919,#4920,#4921));
#1139=EDGE_LOOP('',(#4922,#4923,#4924,#4925));
#1140=EDGE_LOOP('',(#4926,#4927,#4928,#4929));
#1141=EDGE_LOOP('',(#4930,#4931,#4932,#4933));
#1142=EDGE_LOOP('',(#4934,#4935,#4936,#4937));
#1143=EDGE_LOOP('',(#4938,#4939,#4940,#4941));
#1144=EDGE_LOOP('',(#4942,#4943,#4944,#4945));
#1145=EDGE_LOOP('',(#4946,#4947,#4948,#4949,#4950,#4951));
#1146=EDGE_LOOP('',(#4952,#4953,#4954,#4955,#4956,#4957,#4958));
#1147=EDGE_LOOP('',(#4959,#4960,#4961,#4962));
#1148=EDGE_LOOP('',(#4963,#4964,#4965,#4966));
#1149=EDGE_LOOP('',(#4967,#4968,#4969,#4970));
#1150=EDGE_LOOP('',(#4971,#4972,#4973,#4974));
#1151=EDGE_LOOP('',(#4975,#4976,#4977,#4978));
#1152=EDGE_LOOP('',(#4979,#4980,#4981,#4982));
#1153=EDGE_LOOP('',(#4983,#4984,#4985,#4986));
#1154=EDGE_LOOP('',(#4987,#4988,#4989,#4990));
#1155=EDGE_LOOP('',(#4991,#4992,#4993,#4994));
#1156=EDGE_LOOP('',(#4995,#4996,#4997,#4998));
#1157=EDGE_LOOP('',(#4999,#5000,#5001,#5002));
#1158=EDGE_LOOP('',(#5003,#5004,#5005,#5006));
#1159=EDGE_LOOP('',(#5007,#5008,#5009,#5010,#5011,#5012,#5013));
#1160=EDGE_LOOP('',(#5014,#5015,#5016,#5017));
#1161=EDGE_LOOP('',(#5018,#5019,#5020,#5021,#5022));
#1162=EDGE_LOOP('',(#5023,#5024,#5025,#5026));
#1163=EDGE_LOOP('',(#5027,#5028,#5029,#5030));
#1164=EDGE_LOOP('',(#5031,#5032,#5033,#5034));
#1165=EDGE_LOOP('',(#5035,#5036,#5037,#5038));
#1166=EDGE_LOOP('',(#5039,#5040,#5041,#5042));
#1167=EDGE_LOOP('',(#5043,#5044,#5045,#5046));
#1168=EDGE_LOOP('',(#5047,#5048,#5049,#5050));
#1169=EDGE_LOOP('',(#5051,#5052,#5053,#5054));
#1170=EDGE_LOOP('',(#5055,#5056,#5057,#5058));
#1171=EDGE_LOOP('',(#5059,#5060,#5061,#5062));
#1172=EDGE_LOOP('',(#5063,#5064,#5065,#5066,#5067));
#1173=EDGE_LOOP('',(#5068,#5069,#5070,#5071));
#1174=EDGE_LOOP('',(#5072,#5073,#5074,#5075));
#1175=EDGE_LOOP('',(#5076,#5077,#5078,#5079));
#1176=EDGE_LOOP('',(#5080,#5081,#5082,#5083));
#1177=EDGE_LOOP('',(#5084,#5085,#5086,#5087));
#1178=EDGE_LOOP('',(#5088,#5089,#5090,#5091));
#1179=EDGE_LOOP('',(#5092,#5093,#5094,#5095));
#1180=EDGE_LOOP('',(#5096,#5097,#5098,#5099));
#1181=EDGE_LOOP('',(#5100,#5101,#5102,#5103));
#1182=EDGE_LOOP('',(#5104,#5105,#5106,#5107));
#1183=EDGE_LOOP('',(#5108,#5109,#5110,#5111));
#1184=EDGE_LOOP('',(#5112,#5113,#5114,#5115));
#1185=EDGE_LOOP('',(#5116,#5117,#5118,#5119));
#1186=EDGE_LOOP('',(#5120,#5121,#5122,#5123,#5124));
#1187=EDGE_LOOP('',(#5125,#5126,#5127,#5128,#5129));
#1188=EDGE_LOOP('',(#5130,#5131,#5132,#5133));
#1189=EDGE_LOOP('',(#5134,#5135,#5136,#5137,#5138));
#1190=EDGE_LOOP('',(#5139,#5140,#5141,#5142));
#1191=EDGE_LOOP('',(#5143,#5144,#5145,#5146));
#1192=EDGE_LOOP('',(#5147,#5148,#5149,#5150));
#1193=EDGE_LOOP('',(#5151,#5152,#5153,#5154));
#1194=EDGE_LOOP('',(#5155,#5156,#5157,#5158,#5159));
#1195=EDGE_LOOP('',(#5160,#5161,#5162,#5163));
#1196=EDGE_LOOP('',(#5164,#5165,#5166,#5167,#5168));
#1197=EDGE_LOOP('',(#5169,#5170,#5171,#5172));
#1198=EDGE_LOOP('',(#5173,#5174,#5175,#5176,#5177,#5178,#5179,#5180,#5181,
#5182,#5183,#5184));
#1199=EDGE_LOOP('',(#5185,#5186,#5187,#5188));
#1200=EDGE_LOOP('',(#5189,#5190,#5191,#5192));
#1201=EDGE_LOOP('',(#5193,#5194,#5195,#5196));
#1202=EDGE_LOOP('',(#5197,#5198,#5199,#5200));
#1203=EDGE_LOOP('',(#5201,#5202,#5203,#5204));
#1204=EDGE_LOOP('',(#5205,#5206,#5207,#5208));
#1205=EDGE_LOOP('',(#5209,#5210,#5211,#5212,#5213,#5214));
#1206=EDGE_LOOP('',(#5215,#5216,#5217,#5218,#5219));
#1207=EDGE_LOOP('',(#5220,#5221,#5222,#5223,#5224));
#1208=EDGE_LOOP('',(#5225,#5226,#5227,#5228,#5229,#5230));
#1209=EDGE_LOOP('',(#5231,#5232,#5233,#5234,#5235,#5236));
#1210=EDGE_LOOP('',(#5237,#5238,#5239,#5240,#5241,#5242,#5243,#5244));
#1211=EDGE_LOOP('',(#5245,#5246,#5247,#5248,#5249,#5250,#5251,#5252,#5253,
#5254,#5255,#5256,#5257,#5258,#5259,#5260,#5261,#5262,#5263,#5264,#5265,
#5266,#5267,#5268));
#1212=EDGE_LOOP('',(#5269,#5270));
#1213=EDGE_LOOP('',(#5271,#5272,#5273,#5274));
#1214=EDGE_LOOP('',(#5275,#5276,#5277,#5278,#5279,#5280,#5281,#5282,#5283,
#5284,#5285,#5286));
#1215=EDGE_LOOP('',(#5287,#5288,#5289,#5290,#5291));
#1216=EDGE_LOOP('',(#5292,#5293,#5294,#5295));
#1217=EDGE_LOOP('',(#5296,#5297,#5298,#5299));
#1218=EDGE_LOOP('',(#5300,#5301,#5302,#5303));
#1219=EDGE_LOOP('',(#5304,#5305,#5306,#5307));
#1220=EDGE_LOOP('',(#5308,#5309,#5310,#5311));
#1221=EDGE_LOOP('',(#5312,#5313,#5314,#5315));
#1222=EDGE_LOOP('',(#5316,#5317,#5318,#5319,#5320,#5321));
#1223=EDGE_LOOP('',(#5322,#5323,#5324,#5325));
#1224=EDGE_LOOP('',(#5326,#5327,#5328,#5329,#5330,#5331,#5332,#5333));
#1225=EDGE_LOOP('',(#5334,#5335,#5336,#5337,#5338,#5339,#5340,#5341,#5342,
#5343,#5344,#5345));
#1226=EDGE_LOOP('',(#5346,#5347,#5348,#5349));
#1227=EDGE_LOOP('',(#5350,#5351,#5352,#5353));
#1228=EDGE_LOOP('',(#5354,#5355,#5356,#5357));
#1229=EDGE_LOOP('',(#5358,#5359,#5360,#5361));
#1230=EDGE_LOOP('',(#5362,#5363,#5364,#5365,#5366));
#1231=EDGE_LOOP('',(#5367,#5368,#5369,#5370));
#1232=EDGE_LOOP('',(#5371,#5372,#5373,#5374,#5375));
#1233=EDGE_LOOP('',(#5376,#5377,#5378,#5379,#5380));
#1234=EDGE_LOOP('',(#5381,#5382,#5383,#5384,#5385,#5386));
#1235=EDGE_LOOP('',(#5387,#5388,#5389,#5390));
#1236=EDGE_LOOP('',(#5391,#5392,#5393,#5394,#5395,#5396,#5397,#5398,#5399,
#5400,#5401,#5402));
#1237=EDGE_LOOP('',(#5403));
#1238=EDGE_LOOP('',(#5404));
#1239=EDGE_LOOP('',(#5405));
#1240=EDGE_LOOP('',(#5406));
#1241=EDGE_LOOP('',(#5407));
#1242=EDGE_LOOP('',(#5408));
#1243=EDGE_LOOP('',(#5409));
#1244=EDGE_LOOP('',(#5410));
#1245=EDGE_LOOP('',(#5411,#5412,#5413,#5414));
#1246=EDGE_LOOP('',(#5415,#5416,#5417,#5418,#5419));
#1247=EDGE_LOOP('',(#5420,#5421,#5422,#5423));
#1248=EDGE_LOOP('',(#5424,#5425,#5426,#5427,#5428));
#1249=EDGE_LOOP('',(#5429,#5430,#5431,#5432));
#1250=EDGE_LOOP('',(#5433,#5434,#5435,#5436,#5437));
#1251=EDGE_LOOP('',(#5438,#5439,#5440,#5441));
#1252=EDGE_LOOP('',(#5442,#5443,#5444,#5445,#5446));
#1253=EDGE_LOOP('',(#5447,#5448,#5449,#5450,#5451,#5452));
#1254=EDGE_LOOP('',(#5453,#5454,#5455,#5456,#5457,#5458,#5459,#5460));
#1255=EDGE_LOOP('',(#5461,#5462,#5463,#5464));
#1256=EDGE_LOOP('',(#5465,#5466,#5467,#5468,#5469,#5470,#5471,#5472,#5473,
#5474,#5475,#5476,#5477,#5478,#5479,#5480));
#1257=EDGE_LOOP('',(#5481,#5482,#5483,#5484));
#1258=EDGE_LOOP('',(#5485,#5486,#5487,#5488));
#1259=EDGE_LOOP('',(#5489,#5490,#5491,#5492,#5493,#5494,#5495,#5496,#5497,
#5498,#5499,#5500,#5501,#5502,#5503,#5504));
#1260=EDGE_LOOP('',(#5505,#5506,#5507,#5508));
#1261=EDGE_LOOP('',(#5509,#5510,#5511,#5512));
#1262=EDGE_LOOP('',(#5513,#5514,#5515,#5516));
#1263=EDGE_LOOP('',(#5517,#5518,#5519,#5520,#5521));
#1264=EDGE_LOOP('',(#5522,#5523,#5524,#5525,#5526,#5527,#5528,#5529,#5530,
#5531,#5532,#5533,#5534,#5535,#5536,#5537));
#1265=EDGE_LOOP('',(#5538));
#1266=EDGE_LOOP('',(#5539));
#1267=EDGE_LOOP('',(#5540,#5541,#5542,#5543));
#1268=EDGE_LOOP('',(#5544,#5545,#5546,#5547));
#1269=EDGE_LOOP('',(#5548,#5549,#5550,#5551));
#1270=EDGE_LOOP('',(#5552,#5553,#5554,#5555));
#1271=EDGE_LOOP('',(#5556,#5557,#5558,#5559));
#1272=EDGE_LOOP('',(#5560,#5561,#5562,#5563));
#1273=EDGE_LOOP('',(#5564,#5565,#5566,#5567));
#1274=EDGE_LOOP('',(#5568,#5569,#5570,#5571));
#1275=EDGE_LOOP('',(#5572,#5573,#5574,#5575));
#1276=EDGE_LOOP('',(#5576,#5577,#5578,#5579));
#1277=EDGE_LOOP('',(#5580,#5581,#5582,#5583));
#1278=EDGE_LOOP('',(#5584,#5585,#5586,#5587));
#1279=EDGE_LOOP('',(#5588,#5589,#5590,#5591));
#1280=EDGE_LOOP('',(#5592,#5593,#5594,#5595,#5596,#5597,#5598,#5599,#5600,
#5601,#5602,#5603,#5604,#5605,#5606,#5607,#5608,#5609,#5610,#5611,#5612,
#5613,#5614,#5615,#5616,#5617,#5618));
#1281=EDGE_LOOP('',(#5619,#5620,#5621,#5622));
#1282=EDGE_LOOP('',(#5623,#5624,#5625,#5626));
#1283=EDGE_LOOP('',(#5627,#5628,#5629,#5630));
#1284=EDGE_LOOP('',(#5631,#5632,#5633,#5634,#5635,#5636,#5637,#5638));
#1285=EDGE_LOOP('',(#5639,#5640,#5641,#5642));
#1286=EDGE_LOOP('',(#5643,#5644,#5645,#5646));
#1287=EDGE_LOOP('',(#5647,#5648,#5649,#5650));
#1288=EDGE_LOOP('',(#5651,#5652,#5653,#5654));
#1289=EDGE_LOOP('',(#5655,#5656,#5657,#5658));
#1290=EDGE_LOOP('',(#5659,#5660,#5661,#5662));
#1291=EDGE_LOOP('',(#5663,#5664,#5665,#5666));
#1292=EDGE_LOOP('',(#5667,#5668,#5669,#5670,#5671,#5672,#5673,#5674));
#1293=EDGE_LOOP('',(#5675,#5676,#5677,#5678,#5679,#5680,#5681,#5682,#5683,
#5684,#5685,#5686));
#1294=EDGE_LOOP('',(#5687,#5688,#5689,#5690));
#1295=EDGE_LOOP('',(#5691,#5692,#5693,#5694));
#1296=EDGE_LOOP('',(#5695,#5696,#5697,#5698));
#1297=EDGE_LOOP('',(#5699,#5700,#5701));
#1298=EDGE_LOOP('',(#5702,#5703,#5704,#5705,#5706,#5707));
#1299=EDGE_LOOP('',(#5708,#5709,#5710,#5711,#5712,#5713,#5714,#5715,#5716));
#1300=EDGE_LOOP('',(#5717));
#1301=EDGE_LOOP('',(#5718));
#1302=EDGE_LOOP('',(#5719,#5720,#5721,#5722,#5723,#5724,#5725,#5726,#5727,
#5728,#5729,#5730,#5731,#5732,#5733,#5734));
#1303=EDGE_LOOP('',(#5735,#5736,#5737));
#1304=EDGE_LOOP('',(#5738,#5739,#5740,#5741));
#1305=EDGE_LOOP('',(#5742));
#1306=EDGE_LOOP('',(#5743));
#1307=EDGE_LOOP('',(#5744,#5745));
#1308=EDGE_LOOP('',(#5746,#5747,#5748,#5749));
#1309=EDGE_LOOP('',(#5750));
#1310=EDGE_LOOP('',(#5751));
#1311=EDGE_LOOP('',(#5752));
#1312=EDGE_LOOP('',(#5753,#5754,#5755,#5756,#5757,#5758));
#1313=EDGE_LOOP('',(#5759));
#1314=EDGE_LOOP('',(#5760));
#1315=EDGE_LOOP('',(#5761,#5762,#5763));
#1316=EDGE_LOOP('',(#5764));
#1317=EDGE_LOOP('',(#5765,#5766,#5767,#5768));
#1318=EDGE_LOOP('',(#5769,#5770,#5771,#5772,#5773,#5774,#5775));
#1319=EDGE_LOOP('',(#5776));
#1320=EDGE_LOOP('',(#5777));
#1321=EDGE_LOOP('',(#5778,#5779));
#1322=EDGE_LOOP('',(#5780,#5781,#5782,#5783));
#1323=EDGE_LOOP('',(#5784));
#1324=EDGE_LOOP('',(#5785));
#1325=EDGE_LOOP('',(#5786));
#1326=EDGE_LOOP('',(#5787,#5788,#5789,#5790));
#1327=EDGE_LOOP('',(#5791,#5792,#5793,#5794));
#1328=EDGE_LOOP('',(#5795,#5796,#5797,#5798));
#1329=EDGE_LOOP('',(#5799,#5800,#5801,#5802));
#1330=EDGE_LOOP('',(#5803,#5804,#5805,#5806));
#1331=EDGE_LOOP('',(#5807,#5808,#5809,#5810));
#1332=EDGE_LOOP('',(#5811,#5812,#5813,#5814));
#1333=EDGE_LOOP('',(#5815,#5816,#5817,#5818));
#1334=EDGE_LOOP('',(#5819,#5820,#5821,#5822));
#1335=EDGE_LOOP('',(#5823,#5824,#5825,#5826));
#1336=EDGE_LOOP('',(#5827,#5828,#5829,#5830));
#1337=EDGE_LOOP('',(#5831,#5832,#5833,#5834));
#1338=EDGE_LOOP('',(#5835,#5836,#5837,#5838));
#1339=EDGE_LOOP('',(#5839,#5840,#5841,#5842));
#1340=EDGE_LOOP('',(#5843,#5844,#5845,#5846));
#1341=EDGE_LOOP('',(#5847,#5848,#5849,#5850));
#1342=EDGE_LOOP('',(#5851,#5852,#5853,#5854));
#1343=EDGE_LOOP('',(#5855,#5856,#5857,#5858));
#1344=EDGE_LOOP('',(#5859,#5860,#5861,#5862));
#1345=EDGE_LOOP('',(#5863,#5864,#5865,#5866));
#1346=EDGE_LOOP('',(#5867,#5868,#5869,#5870));
#1347=EDGE_LOOP('',(#5871,#5872,#5873,#5874));
#1348=EDGE_LOOP('',(#5875,#5876,#5877,#5878));
#1349=EDGE_LOOP('',(#5879,#5880,#5881,#5882));
#1350=EDGE_LOOP('',(#5883,#5884,#5885,#5886));
#1351=EDGE_LOOP('',(#5887,#5888,#5889,#5890));
#1352=EDGE_LOOP('',(#5891,#5892,#5893,#5894));
#1353=EDGE_LOOP('',(#5895,#5896,#5897,#5898));
#1354=EDGE_LOOP('',(#5899,#5900,#5901,#5902));
#1355=EDGE_LOOP('',(#5903,#5904,#5905,#5906));
#1356=EDGE_LOOP('',(#5907,#5908,#5909,#5910));
#1357=EDGE_LOOP('',(#5911,#5912,#5913,#5914));
#1358=EDGE_LOOP('',(#5915,#5916,#5917,#5918));
#1359=EDGE_LOOP('',(#5919,#5920,#5921,#5922));
#1360=EDGE_LOOP('',(#5923,#5924,#5925,#5926));
#1361=EDGE_LOOP('',(#5927,#5928,#5929,#5930));
#1362=EDGE_LOOP('',(#5931,#5932,#5933,#5934));
#1363=EDGE_LOOP('',(#5935,#5936,#5937,#5938));
#1364=EDGE_LOOP('',(#5939,#5940,#5941,#5942));
#1365=EDGE_LOOP('',(#5943,#5944,#5945,#5946));
#1366=EDGE_LOOP('',(#5947,#5948,#5949,#5950));
#1367=EDGE_LOOP('',(#5951,#5952,#5953,#5954));
#1368=EDGE_LOOP('',(#5955,#5956,#5957,#5958));
#1369=EDGE_LOOP('',(#5959,#5960,#5961,#5962));
#1370=EDGE_LOOP('',(#5963,#5964,#5965,#5966));
#1371=EDGE_LOOP('',(#5967,#5968,#5969,#5970));
#1372=EDGE_LOOP('',(#5971,#5972,#5973,#5974));
#1373=EDGE_LOOP('',(#5975,#5976,#5977,#5978));
#1374=EDGE_LOOP('',(#5979,#5980,#5981,#5982));
#1375=EDGE_LOOP('',(#5983,#5984,#5985,#5986));
#1376=EDGE_LOOP('',(#5987,#5988,#5989,#5990));
#1377=EDGE_LOOP('',(#5991,#5992,#5993,#5994));
#1378=EDGE_LOOP('',(#5995,#5996,#5997,#5998,#5999,#6000,#6001,#6002));
#1379=EDGE_LOOP('',(#6003,#6004,#6005,#6006));
#1380=EDGE_LOOP('',(#6007,#6008,#6009,#6010));
#1381=EDGE_LOOP('',(#6011,#6012,#6013,#6014,#6015,#6016,#6017,#6018));
#1382=EDGE_LOOP('',(#6019,#6020,#6021,#6022));
#1383=EDGE_LOOP('',(#6023,#6024));
#1384=EDGE_LOOP('',(#6025,#6026,#6027,#6028));
#1385=EDGE_LOOP('',(#6029,#6030,#6031,#6032));
#1386=EDGE_LOOP('',(#6033,#6034,#6035,#6036));
#1387=EDGE_LOOP('',(#6037,#6038,#6039,#6040));
#1388=EDGE_LOOP('',(#6041,#6042,#6043,#6044));
#1389=EDGE_LOOP('',(#6045,#6046,#6047,#6048));
#1390=EDGE_LOOP('',(#6049,#6050,#6051,#6052));
#1391=EDGE_LOOP('',(#6053,#6054,#6055,#6056));
#1392=EDGE_LOOP('',(#6057,#6058,#6059,#6060));
#1393=EDGE_LOOP('',(#6061,#6062,#6063,#6064));
#1394=EDGE_LOOP('',(#6065,#6066,#6067,#6068));
#1395=EDGE_LOOP('',(#6069,#6070,#6071,#6072));
#1396=EDGE_LOOP('',(#6073,#6074,#6075,#6076));
#1397=EDGE_LOOP('',(#6077,#6078,#6079,#6080));
#1398=EDGE_LOOP('',(#6081,#6082,#6083,#6084));
#1399=EDGE_LOOP('',(#6085,#6086,#6087,#6088));
#1400=EDGE_LOOP('',(#6089,#6090,#6091,#6092));
#1401=EDGE_LOOP('',(#6093,#6094,#6095,#6096));
#1402=EDGE_LOOP('',(#6097,#6098,#6099,#6100));
#1403=EDGE_LOOP('',(#6101,#6102,#6103,#6104));
#1404=EDGE_LOOP('',(#6105,#6106,#6107,#6108));
#1405=EDGE_LOOP('',(#6109,#6110,#6111,#6112));
#1406=EDGE_LOOP('',(#6113,#6114,#6115,#6116));
#1407=EDGE_LOOP('',(#6117,#6118,#6119,#6120));
#1408=EDGE_LOOP('',(#6121,#6122,#6123,#6124));
#1409=EDGE_LOOP('',(#6125,#6126,#6127,#6128));
#1410=EDGE_LOOP('',(#6129,#6130,#6131,#6132));
#1411=EDGE_LOOP('',(#6133,#6134,#6135,#6136));
#1412=EDGE_LOOP('',(#6137,#6138,#6139,#6140,#6141,#6142,#6143,#6144,#6145,
#6146,#6147,#6148,#6149,#6150,#6151,#6152));
#1413=EDGE_LOOP('',(#6153,#6154,#6155,#6156,#6157,#6158,#6159,#6160,#6161,
#6162,#6163,#6164,#6165,#6166,#6167,#6168,#6169,#6170,#6171,#6172,#6173,
#6174,#6175,#6176));
#1414=EDGE_LOOP('',(#6177,#6178,#6179,#6180));
#1415=EDGE_LOOP('',(#6181,#6182,#6183,#6184));
#1416=EDGE_LOOP('',(#6185,#6186,#6187,#6188));
#1417=EDGE_LOOP('',(#6189,#6190,#6191,#6192));
#1418=EDGE_LOOP('',(#6193,#6194,#6195,#6196));
#1419=EDGE_LOOP('',(#6197,#6198,#6199,#6200));
#1420=EDGE_LOOP('',(#6201,#6202,#6203,#6204));
#1421=EDGE_LOOP('',(#6205,#6206,#6207,#6208));
#1422=EDGE_LOOP('',(#6209,#6210,#6211,#6212));
#1423=EDGE_LOOP('',(#6213,#6214,#6215,#6216));
#1424=EDGE_LOOP('',(#6217,#6218,#6219,#6220));
#1425=EDGE_LOOP('',(#6221,#6222,#6223,#6224));
#1426=EDGE_LOOP('',(#6225,#6226,#6227,#6228));
#1427=EDGE_LOOP('',(#6229,#6230,#6231,#6232));
#1428=EDGE_LOOP('',(#6233,#6234,#6235,#6236));
#1429=EDGE_LOOP('',(#6237,#6238,#6239,#6240));
#1430=EDGE_LOOP('',(#6241,#6242,#6243,#6244,#6245,#6246,#6247,#6248,#6249,
#6250,#6251,#6252,#6253,#6254,#6255,#6256,#6257,#6258,#6259,#6260,#6261,
#6262,#6263,#6264));
#1431=EDGE_LOOP('',(#6265,#6266,#6267,#6268,#6269,#6270,#6271,#6272,#6273,
#6274,#6275,#6276,#6277,#6278,#6279,#6280,#6281,#6282,#6283,#6284,#6285,
#6286,#6287,#6288));
#1432=EDGE_LOOP('',(#6289,#6290,#6291,#6292));
#1433=EDGE_LOOP('',(#6293,#6294,#6295,#6296,#6297));
#1434=EDGE_LOOP('',(#6298,#6299,#6300,#6301,#6302));
#1435=EDGE_LOOP('',(#6303,#6304,#6305,#6306,#6307,#6308,#6309,#6310,#6311));
#1436=EDGE_LOOP('',(#6312,#6313,#6314,#6315));
#1437=EDGE_LOOP('',(#6316,#6317,#6318,#6319));
#1438=EDGE_LOOP('',(#6320,#6321,#6322,#6323,#6324,#6325,#6326,#6327,#6328,
#6329));
#1439=EDGE_LOOP('',(#6330,#6331,#6332,#6333));
#1440=EDGE_LOOP('',(#6334,#6335,#6336,#6337));
#1441=EDGE_LOOP('',(#6338));
#1442=EDGE_LOOP('',(#6339,#6340,#6341,#6342));
#1443=EDGE_LOOP('',(#6343,#6344,#6345,#6346));
#1444=EDGE_LOOP('',(#6347,#6348,#6349,#6350));
#1445=EDGE_LOOP('',(#6351,#6352,#6353,#6354,#6355,#6356,#6357,#6358,#6359));
#1446=EDGE_LOOP('',(#6360,#6361,#6362,#6363));
#1447=EDGE_LOOP('',(#6364,#6365,#6366,#6367));
#1448=EDGE_LOOP('',(#6368,#6369,#6370,#6371));
#1449=EDGE_LOOP('',(#6372,#6373,#6374,#6375));
#1450=EDGE_LOOP('',(#6376,#6377,#6378,#6379,#6380,#6381,#6382));
#1451=EDGE_LOOP('',(#6383,#6384,#6385,#6386));
#1452=EDGE_LOOP('',(#6387,#6388,#6389,#6390,#6391,#6392,#6393,#6394,#6395,
#6396,#6397,#6398,#6399,#6400,#6401,#6402));
#1453=EDGE_LOOP('',(#6403,#6404,#6405,#6406,#6407,#6408,#6409,#6410,#6411,
#6412,#6413,#6414,#6415,#6416,#6417,#6418));
#1454=EDGE_LOOP('',(#6419,#6420,#6421,#6422));
#1455=EDGE_LOOP('',(#6423,#6424,#6425,#6426));
#1456=EDGE_LOOP('',(#6427,#6428,#6429,#6430));
#1457=EDGE_LOOP('',(#6431,#6432,#6433,#6434));
#1458=EDGE_LOOP('',(#6435,#6436,#6437,#6438,#6439,#6440,#6441));
#1459=EDGE_LOOP('',(#6442,#6443,#6444,#6445,#6446));
#1460=EDGE_LOOP('',(#6447,#6448,#6449));
#1461=EDGE_LOOP('',(#6450,#6451,#6452,#6453,#6454,#6455,#6456,#6457,#6458,
#6459,#6460,#6461,#6462,#6463,#6464,#6465,#6466,#6467,#6468,#6469));
#1462=EDGE_LOOP('',(#6470,#6471,#6472,#6473));
#1463=EDGE_LOOP('',(#6474,#6475,#6476,#6477));
#1464=EDGE_LOOP('',(#6478,#6479,#6480,#6481));
#1465=EDGE_LOOP('',(#6482,#6483,#6484,#6485));
#1466=EDGE_LOOP('',(#6486,#6487,#6488,#6489));
#1467=EDGE_LOOP('',(#6490,#6491,#6492,#6493));
#1468=EDGE_LOOP('',(#6494,#6495,#6496,#6497));
#1469=EDGE_LOOP('',(#6498,#6499,#6500));
#1470=EDGE_LOOP('',(#6501,#6502,#6503,#6504,#6505));
#1471=EDGE_LOOP('',(#6506,#6507,#6508,#6509));
#1472=EDGE_LOOP('',(#6510,#6511,#6512,#6513));
#1473=EDGE_LOOP('',(#6514,#6515,#6516,#6517));
#1474=EDGE_LOOP('',(#6518,#6519,#6520,#6521));
#1475=EDGE_LOOP('',(#6522,#6523,#6524,#6525));
#1476=EDGE_LOOP('',(#6526,#6527,#6528,#6529));
#1477=EDGE_LOOP('',(#6530,#6531,#6532,#6533));
#1478=EDGE_LOOP('',(#6534,#6535,#6536,#6537));
#1479=EDGE_LOOP('',(#6538,#6539,#6540,#6541,#6542,#6543));
#1480=EDGE_LOOP('',(#6544,#6545,#6546,#6547,#6548,#6549,#6550,#6551,#6552,
#6553,#6554,#6555,#6556,#6557,#6558,#6559,#6560,#6561,#6562,#6563));
#1481=EDGE_LOOP('',(#6564,#6565,#6566,#6567));
#1482=EDGE_LOOP('',(#6568,#6569,#6570,#6571,#6572));
#1483=EDGE_LOOP('',(#6573,#6574,#6575));
#1484=EDGE_LOOP('',(#6576,#6577,#6578));
#1485=EDGE_LOOP('',(#6579,#6580,#6581,#6582,#6583));
#1486=EDGE_LOOP('',(#6584,#6585,#6586,#6587));
#1487=EDGE_LOOP('',(#6588,#6589,#6590,#6591));
#1488=EDGE_LOOP('',(#6592,#6593,#6594,#6595));
#1489=EDGE_LOOP('',(#6596,#6597,#6598,#6599));
#1490=EDGE_LOOP('',(#6600,#6601,#6602,#6603));
#1491=EDGE_LOOP('',(#6604,#6605,#6606,#6607));
#1492=EDGE_LOOP('',(#6608,#6609,#6610,#6611));
#1493=EDGE_LOOP('',(#6612,#6613,#6614,#6615));
#1494=EDGE_LOOP('',(#6616,#6617,#6618,#6619));
#1495=EDGE_LOOP('',(#6620,#6621,#6622,#6623));
#1496=EDGE_LOOP('',(#6624,#6625,#6626,#6627));
#1497=EDGE_LOOP('',(#6628,#6629,#6630,#6631,#6632,#6633,#6634,#6635,#6636,
#6637,#6638,#6639,#6640,#6641,#6642,#6643,#6644,#6645,#6646,#6647));
#1498=EDGE_LOOP('',(#6648,#6649,#6650,#6651));
#1499=EDGE_LOOP('',(#6652,#6653,#6654,#6655));
#1500=EDGE_LOOP('',(#6656,#6657,#6658,#6659));
#1501=EDGE_LOOP('',(#6660,#6661,#6662,#6663,#6664,#6665,#6666,#6667,#6668,
#6669,#6670,#6671,#6672,#6673,#6674,#6675,#6676,#6677,#6678,#6679));
#1502=EDGE_LOOP('',(#6680,#6681,#6682,#6683));
#1503=EDGE_LOOP('',(#6684,#6685,#6686,#6687,#6688,#6689));
#1504=EDGE_LOOP('',(#6690,#6691,#6692,#6693));
#1505=EDGE_LOOP('',(#6694,#6695,#6696,#6697));
#1506=EDGE_LOOP('',(#6698,#6699,#6700,#6701));
#1507=EDGE_LOOP('',(#6702,#6703,#6704,#6705));
#1508=EDGE_LOOP('',(#6706,#6707,#6708,#6709,#6710,#6711));
#1509=EDGE_LOOP('',(#6712,#6713,#6714,#6715));
#1510=EDGE_LOOP('',(#6716,#6717,#6718,#6719));
#1511=EDGE_LOOP('',(#6720,#6721,#6722,#6723));
#1512=EDGE_LOOP('',(#6724,#6725,#6726,#6727));
#1513=EDGE_LOOP('',(#6728,#6729,#6730,#6731));
#1514=EDGE_LOOP('',(#6732,#6733,#6734,#6735));
#1515=EDGE_LOOP('',(#6736,#6737,#6738,#6739));
#1516=EDGE_LOOP('',(#6740,#6741,#6742,#6743));
#1517=EDGE_LOOP('',(#6744,#6745,#6746,#6747));
#1518=EDGE_LOOP('',(#6748,#6749,#6750,#6751));
#1519=EDGE_LOOP('',(#6752,#6753,#6754,#6755));
#1520=EDGE_LOOP('',(#6756,#6757,#6758,#6759));
#1521=EDGE_LOOP('',(#6760,#6761,#6762,#6763));
#1522=EDGE_LOOP('',(#6764,#6765,#6766,#6767));
#1523=EDGE_LOOP('',(#6768,#6769,#6770,#6771));
#1524=EDGE_LOOP('',(#6772,#6773,#6774,#6775));
#1525=EDGE_LOOP('',(#6776,#6777,#6778,#6779));
#1526=EDGE_LOOP('',(#6780,#6781,#6782,#6783));
#1527=EDGE_LOOP('',(#6784,#6785,#6786,#6787));
#1528=EDGE_LOOP('',(#6788,#6789,#6790,#6791));
#1529=EDGE_LOOP('',(#6792,#6793,#6794,#6795));
#1530=EDGE_LOOP('',(#6796,#6797,#6798,#6799));
#1531=EDGE_LOOP('',(#6800,#6801,#6802,#6803));
#1532=EDGE_LOOP('',(#6804,#6805,#6806,#6807,#6808,#6809));
#1533=EDGE_LOOP('',(#6810,#6811,#6812,#6813));
#1534=EDGE_LOOP('',(#6814,#6815,#6816,#6817));
#1535=EDGE_LOOP('',(#6818,#6819,#6820,#6821));
#1536=EDGE_LOOP('',(#6822,#6823,#6824,#6825));
#1537=EDGE_LOOP('',(#6826,#6827,#6828,#6829));
#1538=EDGE_LOOP('',(#6830,#6831,#6832,#6833));
#1539=EDGE_LOOP('',(#6834,#6835,#6836,#6837));
#1540=EDGE_LOOP('',(#6838,#6839,#6840,#6841));
#1541=EDGE_LOOP('',(#6842,#6843,#6844,#6845));
#1542=EDGE_LOOP('',(#6846,#6847,#6848,#6849));
#1543=EDGE_LOOP('',(#6850,#6851,#6852,#6853));
#1544=EDGE_LOOP('',(#6854,#6855,#6856,#6857));
#1545=EDGE_LOOP('',(#6858,#6859,#6860,#6861));
#1546=EDGE_LOOP('',(#6862,#6863,#6864,#6865));
#1547=EDGE_LOOP('',(#6866,#6867,#6868,#6869));
#1548=EDGE_LOOP('',(#6870,#6871,#6872,#6873));
#1549=EDGE_LOOP('',(#6874,#6875,#6876,#6877,#6878,#6879,#6880,#6881,#6882,
#6883,#6884,#6885,#6886,#6887,#6888,#6889));
#1550=EDGE_LOOP('',(#6890));
#1551=EDGE_LOOP('',(#6891));
#1552=EDGE_LOOP('',(#6892,#6893,#6894,#6895));
#1553=EDGE_LOOP('',(#6896,#6897,#6898,#6899));
#1554=EDGE_LOOP('',(#6900,#6901,#6902,#6903));
#1555=EDGE_LOOP('',(#6904,#6905,#6906,#6907));
#1556=EDGE_LOOP('',(#6908,#6909,#6910,#6911));
#1557=EDGE_LOOP('',(#6912,#6913,#6914,#6915));
#1558=EDGE_LOOP('',(#6916,#6917,#6918,#6919));
#1559=EDGE_LOOP('',(#6920,#6921,#6922,#6923));
#1560=EDGE_LOOP('',(#6924,#6925,#6926,#6927));
#1561=EDGE_LOOP('',(#6928,#6929,#6930,#6931));
#1562=EDGE_LOOP('',(#6932,#6933,#6934,#6935,#6936,#6937,#6938,#6939,#6940,
#6941,#6942,#6943));
#1563=EDGE_LOOP('',(#6944,#6945,#6946,#6947));
#1564=EDGE_LOOP('',(#6948,#6949,#6950,#6951));
#1565=EDGE_LOOP('',(#6952,#6953,#6954,#6955));
#1566=EDGE_LOOP('',(#6956,#6957,#6958,#6959));
#1567=EDGE_LOOP('',(#6960,#6961,#6962,#6963,#6964,#6965,#6966,#6967,#6968,
#6969));
#1568=EDGE_LOOP('',(#6970,#6971,#6972,#6973));
#1569=EDGE_LOOP('',(#6974,#6975,#6976,#6977));
#1570=EDGE_LOOP('',(#6978,#6979,#6980,#6981));
#1571=EDGE_LOOP('',(#6982,#6983,#6984,#6985));
#1572=EDGE_LOOP('',(#6986,#6987,#6988,#6989,#6990,#6991,#6992,#6993,#6994,
#6995,#6996,#6997));
#1573=LINE('',#10354,#2260);
#1574=LINE('',#10356,#2261);
#1575=LINE('',#10367,#2262);
#1576=LINE('',#10382,#2263);
#1577=LINE('',#10383,#2264);
#1578=LINE('',#10386,#2265);
#1579=LINE('',#10387,#2266);
#1580=LINE('',#10390,#2267);
#1581=LINE('',#10391,#2268);
#1582=LINE('',#10394,#2269);
#1583=LINE('',#10395,#2270);
#1584=LINE('',#10409,#2271);
#1585=LINE('',#10426,#2272);
#1586=LINE('',#10428,#2273);
#1587=LINE('',#10429,#2274);
#1588=LINE('',#10433,#2275);
#1589=LINE('',#10434,#2276);
#1590=LINE('',#10435,#2277);
#1591=LINE('',#10438,#2278);
#1592=LINE('',#10439,#2279);
#1593=LINE('',#10441,#2280);
#1594=LINE('',#10446,#2281);
#1595=LINE('',#10448,#2282);
#1596=LINE('',#10449,#2283);
#1597=LINE('',#10452,#2284);
#1598=LINE('',#10454,#2285);
#1599=LINE('',#10455,#2286);
#1600=LINE('',#10458,#2287);
#1601=LINE('',#10459,#2288);
#1602=LINE('',#10461,#2289);
#1603=LINE('',#10471,#2290);
#1604=LINE('',#10483,#2291);
#1605=LINE('',#10502,#2292);
#1606=LINE('',#10503,#2293);
#1607=LINE('',#10506,#2294);
#1608=LINE('',#10507,#2295);
#1609=LINE('',#10521,#2296);
#1610=LINE('',#10535,#2297);
#1611=LINE('',#10538,#2298);
#1612=LINE('',#10539,#2299);
#1613=LINE('',#10556,#2300);
#1614=LINE('',#10558,#2301);
#1615=LINE('',#10564,#2302);
#1616=LINE('',#10567,#2303);
#1617=LINE('',#10569,#2304);
#1618=LINE('',#10570,#2305);
#1619=LINE('',#10573,#2306);
#1620=LINE('',#10574,#2307);
#1621=LINE('',#10588,#2308);
#1622=LINE('',#10590,#2309);
#1623=LINE('',#10600,#2310);
#1624=LINE('',#10612,#2311);
#1625=LINE('',#10626,#2312);
#1626=LINE('',#10632,#2313);
#1627=LINE('',#10635,#2314);
#1628=LINE('',#10636,#2315);
#1629=LINE('',#10646,#2316);
#1630=LINE('',#10664,#2317);
#1631=LINE('',#10667,#2318);
#1632=LINE('',#10668,#2319);
#1633=LINE('',#10686,#2320);
#1634=LINE('',#10688,#2321);
#1635=LINE('',#10690,#2322);
#1636=LINE('',#10733,#2323);
#1637=LINE('',#10734,#2324);
#1638=LINE('',#10735,#2325);
#1639=LINE('',#10738,#2326);
#1640=LINE('',#10739,#2327);
#1641=LINE('',#10742,#2328);
#1642=LINE('',#10743,#2329);
#1643=LINE('',#10758,#2330);
#1644=LINE('',#10759,#2331);
#1645=LINE('',#10773,#2332);
#1646=LINE('',#10787,#2333);
#1647=LINE('',#10801,#2334);
#1648=LINE('',#10815,#2335);
#1649=LINE('',#10841,#2336);
#1650=LINE('',#10873,#2337);
#1651=LINE('',#10907,#2338);
#1652=LINE('',#10913,#2339);
#1653=LINE('',#10923,#2340);
#1654=LINE('',#10937,#2341);
#1655=LINE('',#10943,#2342);
#1656=LINE('',#10953,#2343);
#1657=LINE('',#10967,#2344);
#1658=LINE('',#10985,#2345);
#1659=LINE('',#11000,#2346);
#1660=LINE('',#11001,#2347);
#1661=LINE('',#11018,#2348);
#1662=LINE('',#11020,#2349);
#1663=LINE('',#11022,#2350);
#1664=LINE('',#11023,#2351);
#1665=LINE('',#11027,#2352);
#1666=LINE('',#11028,#2353);
#1667=LINE('',#11029,#2354);
#1668=LINE('',#11032,#2355);
#1669=LINE('',#11033,#2356);
#1670=LINE('',#11036,#2357);
#1671=LINE('',#11037,#2358);
#1672=LINE('',#11039,#2359);
#1673=LINE('',#11045,#2360);
#1674=LINE('',#11047,#2361);
#1675=LINE('',#11049,#2362);
#1676=LINE('',#11050,#2363);
#1677=LINE('',#11053,#2364);
#1678=LINE('',#11055,#2365);
#1679=LINE('',#11056,#2366);
#1680=LINE('',#11059,#2367);
#1681=LINE('',#11061,#2368);
#1682=LINE('',#11062,#2369);
#1683=LINE('',#11064,#2370);
#1684=LINE('',#11065,#2371);
#1685=LINE('',#11627,#2372);
#1686=LINE('',#12111,#2373);
#1687=LINE('',#12128,#2374);
#1688=LINE('',#12131,#2375);
#1689=LINE('',#12144,#2376);
#1690=LINE('',#12148,#2377);
#1691=LINE('',#12150,#2378);
#1692=LINE('',#12155,#2379);
#1693=LINE('',#12159,#2380);
#1694=LINE('',#12163,#2381);
#1695=LINE('',#12167,#2382);
#1696=LINE('',#12171,#2383);
#1697=LINE('',#12175,#2384);
#1698=LINE('',#12179,#2385);
#1699=LINE('',#12183,#2386);
#1700=LINE('',#12187,#2387);
#1701=LINE('',#12191,#2388);
#1702=LINE('',#12195,#2389);
#1703=LINE('',#12198,#2390);
#1704=LINE('',#12211,#2391);
#1705=LINE('',#12213,#2392);
#1706=LINE('',#12215,#2393);
#1707=LINE('',#12216,#2394);
#1708=LINE('',#12219,#2395);
#1709=LINE('',#12692,#2396);
#1710=LINE('',#12703,#2397);
#1711=LINE('',#13177,#2398);
#1712=LINE('',#13182,#2399);
#1713=LINE('',#13423,#2400);
#1714=LINE('',#13425,#2401);
#1715=LINE('',#13430,#2402);
#1716=LINE('',#13431,#2403);
#1717=LINE('',#13434,#2404);
#1718=LINE('',#13436,#2405);
#1719=LINE('',#13438,#2406);
#1720=LINE('',#13442,#2407);
#1721=LINE('',#13446,#2408);
#1722=LINE('',#13447,#2409);
#1723=LINE('',#13451,#2410);
#1724=LINE('',#13454,#2411);
#1725=LINE('',#13455,#2412);
#1726=LINE('',#13458,#2413);
#1727=LINE('',#13460,#2414);
#1728=LINE('',#13462,#2415);
#1729=LINE('',#13466,#2416);
#1730=LINE('',#13470,#2417);
#1731=LINE('',#13472,#2418);
#1732=LINE('',#13474,#2419);
#1733=LINE('',#13479,#2420);
#1734=LINE('',#13481,#2421);
#1735=LINE('',#13488,#2422);
#1736=LINE('',#13490,#2423);
#1737=LINE('',#13492,#2424);
#1738=LINE('',#13496,#2425);
#1739=LINE('',#13498,#2426);
#1740=LINE('',#13500,#2427);
#1741=LINE('',#13504,#2428);
#1742=LINE('',#13506,#2429);
#1743=LINE('',#13507,#2430);
#1744=LINE('',#13514,#2431);
#1745=LINE('',#13516,#2432);
#1746=LINE('',#13517,#2433);
#1747=LINE('',#13520,#2434);
#1748=LINE('',#13521,#2435);
#1749=LINE('',#13524,#2436);
#1750=LINE('',#13525,#2437);
#1751=LINE('',#13527,#2438);
#1752=LINE('',#13531,#2439);
#1753=LINE('',#13533,#2440);
#1754=LINE('',#13535,#2441);
#1755=LINE('',#13536,#2442);
#1756=LINE('',#13539,#2443);
#1757=LINE('',#13541,#2444);
#1758=LINE('',#13542,#2445);
#1759=LINE('',#13545,#2446);
#1760=LINE('',#13546,#2447);
#1761=LINE('',#13549,#2448);
#1762=LINE('',#13550,#2449);
#1763=LINE('',#13552,#2450);
#1764=LINE('',#13555,#2451);
#1765=LINE('',#13557,#2452);
#1766=LINE('',#13558,#2453);
#1767=LINE('',#13561,#2454);
#1768=LINE('',#13562,#2455);
#1769=LINE('',#13566,#2456);
#1770=LINE('',#13568,#2457);
#1771=LINE('',#13570,#2458);
#1772=LINE('',#13571,#2459);
#1773=LINE('',#13575,#2460);
#1774=LINE('',#13579,#2461);
#1775=LINE('',#13581,#2462);
#1776=LINE('',#13583,#2463);
#1777=LINE('',#13587,#2464);
#1778=LINE('',#13589,#2465);
#1779=LINE('',#13591,#2466);
#1780=LINE('',#13595,#2467);
#1781=LINE('',#13597,#2468);
#1782=LINE('',#13599,#2469);
#1783=LINE('',#13603,#2470);
#1784=LINE('',#13605,#2471);
#1785=LINE('',#13607,#2472);
#1786=LINE('',#13611,#2473);
#1787=LINE('',#13615,#2474);
#1788=LINE('',#13617,#2475);
#1789=LINE('',#13619,#2476);
#1790=LINE('',#13621,#2477);
#1791=LINE('',#13623,#2478);
#1792=LINE('',#13626,#2479);
#1793=LINE('',#13629,#2480);
#1794=LINE('',#13631,#2481);
#1795=LINE('',#13633,#2482);
#1796=LINE('',#13634,#2483);
#1797=LINE('',#13637,#2484);
#1798=LINE('',#13638,#2485);
#1799=LINE('',#13640,#2486);
#1800=LINE('',#13644,#2487);
#1801=LINE('',#13646,#2488);
#1802=LINE('',#13648,#2489);
#1803=LINE('',#13650,#2490);
#1804=LINE('',#13651,#2491);
#1805=LINE('',#13653,#2492);
#1806=LINE('',#13654,#2493);
#1807=LINE('',#13657,#2494);
#1808=LINE('',#13659,#2495);
#1809=LINE('',#13660,#2496);
#1810=LINE('',#13663,#2497);
#1811=LINE('',#13664,#2498);
#1812=LINE('',#13667,#2499);
#1813=LINE('',#13668,#2500);
#1814=LINE('',#13671,#2501);
#1815=LINE('',#13673,#2502);
#1816=LINE('',#13674,#2503);
#1817=LINE('',#13677,#2504);
#1818=LINE('',#13678,#2505);
#1819=LINE('',#13681,#2506);
#1820=LINE('',#13682,#2507);
#1821=LINE('',#13684,#2508);
#1822=LINE('',#13685,#2509);
#1823=LINE('',#13688,#2510);
#1824=LINE('',#13690,#2511);
#1825=LINE('',#13691,#2512);
#1826=LINE('',#13693,#2513);
#1827=LINE('',#13695,#2514);
#1828=LINE('',#13700,#2515);
#1829=LINE('',#13701,#2516);
#1830=LINE('',#13706,#2517);
#1831=LINE('',#13730,#2518);
#1832=LINE('',#13733,#2519);
#1833=LINE('',#13746,#2520);
#1834=LINE('',#13764,#2521);
#1835=LINE('',#13769,#2522);
#1836=LINE('',#13786,#2523);
#1837=LINE('',#13803,#2524);
#1838=LINE('',#13806,#2525);
#1839=LINE('',#13811,#2526);
#1840=LINE('',#13821,#2527);
#1841=LINE('',#13831,#2528);
#1842=LINE('',#13855,#2529);
#1843=LINE('',#13861,#2530);
#1844=LINE('',#13866,#2531);
#1845=LINE('',#13868,#2532);
#1846=LINE('',#13871,#2533);
#1847=LINE('',#13878,#2534);
#1848=LINE('',#13913,#2535);
#1849=LINE('',#13915,#2536);
#1850=LINE('',#13956,#2537);
#1851=LINE('',#13977,#2538);
#1852=LINE('',#13982,#2539);
#1853=LINE('',#13993,#2540);
#1854=LINE('',#13998,#2541);
#1855=LINE('',#14009,#2542);
#1856=LINE('',#14014,#2543);
#1857=LINE('',#14021,#2544);
#1858=LINE('',#14022,#2545);
#1859=LINE('',#14025,#2546);
#1860=LINE('',#14029,#2547);
#1861=LINE('',#14030,#2548);
#1862=LINE('',#14035,#2549);
#1863=LINE('',#14044,#2550);
#1864=LINE('',#14051,#2551);
#1865=LINE('',#14052,#2552);
#1866=LINE('',#14055,#2553);
#1867=LINE('',#14059,#2554);
#1868=LINE('',#14060,#2555);
#1869=LINE('',#14065,#2556);
#1870=LINE('',#14066,#2557);
#1871=LINE('',#14069,#2558);
#1872=LINE('',#14073,#2559);
#1873=LINE('',#14074,#2560);
#1874=LINE('',#14079,#2561);
#1875=LINE('',#14086,#2562);
#1876=LINE('',#14087,#2563);
#1877=LINE('',#14090,#2564);
#1878=LINE('',#14094,#2565);
#1879=LINE('',#14095,#2566);
#1880=LINE('',#14100,#2567);
#1881=LINE('',#14102,#2568);
#1882=LINE('',#14103,#2569);
#1883=LINE('',#14106,#2570);
#1884=LINE('',#14110,#2571);
#1885=LINE('',#14111,#2572);
#1886=LINE('',#14114,#2573);
#1887=LINE('',#14118,#2574);
#1888=LINE('',#14119,#2575);
#1889=LINE('',#14122,#2576);
#1890=LINE('',#14126,#2577);
#1891=LINE('',#14127,#2578);
#1892=LINE('',#14130,#2579);
#1893=LINE('',#14134,#2580);
#1894=LINE('',#14135,#2581);
#1895=LINE('',#14138,#2582);
#1896=LINE('',#14142,#2583);
#1897=LINE('',#14143,#2584);
#1898=LINE('',#14146,#2585);
#1899=LINE('',#14150,#2586);
#1900=LINE('',#14151,#2587);
#1901=LINE('',#14154,#2588);
#1902=LINE('',#14158,#2589);
#1903=LINE('',#14159,#2590);
#1904=LINE('',#14162,#2591);
#1905=LINE('',#14166,#2592);
#1906=LINE('',#14167,#2593);
#1907=LINE('',#14170,#2594);
#1908=LINE('',#14174,#2595);
#1909=LINE('',#14175,#2596);
#1910=LINE('',#14178,#2597);
#1911=LINE('',#14182,#2598);
#1912=LINE('',#14183,#2599);
#1913=LINE('',#14186,#2600);
#1914=LINE('',#14190,#2601);
#1915=LINE('',#14191,#2602);
#1916=LINE('',#14199,#2603);
#1917=LINE('',#14201,#2604);
#1918=LINE('',#14203,#2605);
#1919=LINE('',#14205,#2606);
#1920=LINE('',#14207,#2607);
#1921=LINE('',#14209,#2608);
#1922=LINE('',#14211,#2609);
#1923=LINE('',#14212,#2610);
#1924=LINE('',#14215,#2611);
#1925=LINE('',#14217,#2612);
#1926=LINE('',#14218,#2613);
#1927=LINE('',#14221,#2614);
#1928=LINE('',#14223,#2615);
#1929=LINE('',#14224,#2616);
#1930=LINE('',#14228,#2617);
#1931=LINE('',#14230,#2618);
#1932=LINE('',#14234,#2619);
#1933=LINE('',#14237,#2620);
#1934=LINE('',#14241,#2621);
#1935=LINE('',#14242,#2622);
#1936=LINE('',#14250,#2623);
#1937=LINE('',#14253,#2624);
#1938=LINE('',#14256,#2625);
#1939=LINE('',#14258,#2626);
#1940=LINE('',#14259,#2627);
#1941=LINE('',#14265,#2628);
#1942=LINE('',#14268,#2629);
#1943=LINE('',#14270,#2630);
#1944=LINE('',#14271,#2631);
#1945=LINE('',#14277,#2632);
#1946=LINE('',#14280,#2633);
#1947=LINE('',#14282,#2634);
#1948=LINE('',#14283,#2635);
#1949=LINE('',#14289,#2636);
#1950=LINE('',#14292,#2637);
#1951=LINE('',#14294,#2638);
#1952=LINE('',#14295,#2639);
#1953=LINE('',#14301,#2640);
#1954=LINE('',#14304,#2641);
#1955=LINE('',#14306,#2642);
#1956=LINE('',#14307,#2643);
#1957=LINE('',#14313,#2644);
#1958=LINE('',#14316,#2645);
#1959=LINE('',#14318,#2646);
#1960=LINE('',#14319,#2647);
#1961=LINE('',#14322,#2648);
#1962=LINE('',#14324,#2649);
#1963=LINE('',#14325,#2650);
#1964=LINE('',#14330,#2651);
#1965=LINE('',#14334,#2652);
#1966=LINE('',#14336,#2653);
#1967=LINE('',#14337,#2654);
#1968=LINE('',#14342,#2655);
#1969=LINE('',#14346,#2656);
#1970=LINE('',#14348,#2657);
#1971=LINE('',#14349,#2658);
#1972=LINE('',#14354,#2659);
#1973=LINE('',#14358,#2660);
#1974=LINE('',#14360,#2661);
#1975=LINE('',#14361,#2662);
#1976=LINE('',#14366,#2663);
#1977=LINE('',#14370,#2664);
#1978=LINE('',#14372,#2665);
#1979=LINE('',#14373,#2666);
#1980=LINE('',#14378,#2667);
#1981=LINE('',#14382,#2668);
#1982=LINE('',#14384,#2669);
#1983=LINE('',#14385,#2670);
#1984=LINE('',#14394,#2671);
#1985=LINE('',#14402,#2672);
#1986=LINE('',#14410,#2673);
#1987=LINE('',#14418,#2674);
#1988=LINE('',#14425,#2675);
#1989=LINE('',#14426,#2676);
#1990=LINE('',#14427,#2677);
#1991=LINE('',#14431,#2678);
#1992=LINE('',#14435,#2679);
#1993=LINE('',#14439,#2680);
#1994=LINE('',#14442,#2681);
#1995=LINE('',#14443,#2682);
#1996=LINE('',#14447,#2683);
#1997=LINE('',#14451,#2684);
#1998=LINE('',#14455,#2685);
#1999=LINE('',#14458,#2686);
#2000=LINE('',#14459,#2687);
#2001=LINE('',#14463,#2688);
#2002=LINE('',#14467,#2689);
#2003=LINE('',#14471,#2690);
#2004=LINE('',#14474,#2691);
#2005=LINE('',#14475,#2692);
#2006=LINE('',#14479,#2693);
#2007=LINE('',#14483,#2694);
#2008=LINE('',#14489,#2695);
#2009=LINE('',#14490,#2696);
#2010=LINE('',#14493,#2697);
#2011=LINE('',#14494,#2698);
#2012=LINE('',#14497,#2699);
#2013=LINE('',#14498,#2700);
#2014=LINE('',#14501,#2701);
#2015=LINE('',#14504,#2702);
#2016=LINE('',#14508,#2703);
#2017=LINE('',#14509,#2704);
#2018=LINE('',#14512,#2705);
#2019=LINE('',#14513,#2706);
#2020=LINE('',#14515,#2707);
#2021=LINE('',#14520,#2708);
#2022=LINE('',#14522,#2709);
#2023=LINE('',#14523,#2710);
#2024=LINE('',#14526,#2711);
#2025=LINE('',#14527,#2712);
#2026=LINE('',#14530,#2713);
#2027=LINE('',#14531,#2714);
#2028=LINE('',#14533,#2715);
#2029=LINE('',#14536,#2716);
#2030=LINE('',#14539,#2717);
#2031=LINE('',#14540,#2718);
#2032=LINE('',#14543,#2719);
#2033=LINE('',#14544,#2720);
#2034=LINE('',#14546,#2721);
#2035=LINE('',#14549,#2722);
#2036=LINE('',#14551,#2723);
#2037=LINE('',#14552,#2724);
#2038=LINE('',#14554,#2725);
#2039=LINE('',#14558,#2726);
#2040=LINE('',#14559,#2727);
#2041=LINE('',#14562,#2728);
#2042=LINE('',#14564,#2729);
#2043=LINE('',#14568,#2730);
#2044=LINE('',#14569,#2731);
#2045=LINE('',#14571,#2732);
#2046=LINE('',#14573,#2733);
#2047=LINE('',#14575,#2734);
#2048=LINE('',#14577,#2735);
#2049=LINE('',#14579,#2736);
#2050=LINE('',#14583,#2737);
#2051=LINE('',#14585,#2738);
#2052=LINE('',#14587,#2739);
#2053=LINE('',#14589,#2740);
#2054=LINE('',#14590,#2741);
#2055=LINE('',#14593,#2742);
#2056=LINE('',#14594,#2743);
#2057=LINE('',#14598,#2744);
#2058=LINE('',#14600,#2745);
#2059=LINE('',#14602,#2746);
#2060=LINE('',#14606,#2747);
#2061=LINE('',#14608,#2748);
#2062=LINE('',#14610,#2749);
#2063=LINE('',#14614,#2750);
#2064=LINE('',#14616,#2751);
#2065=LINE('',#14618,#2752);
#2066=LINE('',#14620,#2753);
#2067=LINE('',#14622,#2754);
#2068=LINE('',#14626,#2755);
#2069=LINE('',#14628,#2756);
#2070=LINE('',#14630,#2757);
#2071=LINE('',#14632,#2758);
#2072=LINE('',#14635,#2759);
#2073=LINE('',#14637,#2760);
#2074=LINE('',#14638,#2761);
#2075=LINE('',#14641,#2762);
#2076=LINE('',#14642,#2763);
#2077=LINE('',#14645,#2764);
#2078=LINE('',#14649,#2765);
#2079=LINE('',#14653,#2766);
#2080=LINE('',#14654,#2767);
#2081=LINE('',#14657,#2768);
#2082=LINE('',#14658,#2769);
#2083=LINE('',#14661,#2770);
#2084=LINE('',#14663,#2771);
#2085=LINE('',#14664,#2772);
#2086=LINE('',#14668,#2773);
#2087=LINE('',#14670,#2774);
#2088=LINE('',#14671,#2775);
#2089=LINE('',#14673,#2776);
#2090=LINE('',#14675,#2777);
#2091=LINE('',#14676,#2778);
#2092=LINE('',#14679,#2779);
#2093=LINE('',#14680,#2780);
#2094=LINE('',#14683,#2781);
#2095=LINE('',#14687,#2782);
#2096=LINE('',#14691,#2783);
#2097=LINE('',#14692,#2784);
#2098=LINE('',#14695,#2785);
#2099=LINE('',#14696,#2786);
#2100=LINE('',#14698,#2787);
#2101=LINE('',#14700,#2788);
#2102=LINE('',#14703,#2789);
#2103=LINE('',#14705,#2790);
#2104=LINE('',#14706,#2791);
#2105=LINE('',#14709,#2792);
#2106=LINE('',#14710,#2793);
#2107=LINE('',#14713,#2794);
#2108=LINE('',#14715,#2795);
#2109=LINE('',#14717,#2796);
#2110=LINE('',#14721,#2797);
#2111=LINE('',#14723,#2798);
#2112=LINE('',#14725,#2799);
#2113=LINE('',#14729,#2800);
#2114=LINE('',#14731,#2801);
#2115=LINE('',#14732,#2802);
#2116=LINE('',#14735,#2803);
#2117=LINE('',#14737,#2804);
#2118=LINE('',#14738,#2805);
#2119=LINE('',#14742,#2806);
#2120=LINE('',#14744,#2807);
#2121=LINE('',#14746,#2808);
#2122=LINE('',#14748,#2809);
#2123=LINE('',#14749,#2810);
#2124=LINE('',#14752,#2811);
#2125=LINE('',#14753,#2812);
#2126=LINE('',#14757,#2813);
#2127=LINE('',#14759,#2814);
#2128=LINE('',#14760,#2815);
#2129=LINE('',#14763,#2816);
#2130=LINE('',#14765,#2817);
#2131=LINE('',#14767,#2818);
#2132=LINE('',#14768,#2819);
#2133=LINE('',#14771,#2820);
#2134=LINE('',#14772,#2821);
#2135=LINE('',#14776,#2822);
#2136=LINE('',#14781,#2823);
#2137=LINE('',#14785,#2824);
#2138=LINE('',#14786,#2825);
#2139=LINE('',#14789,#2826);
#2140=LINE('',#14791,#2827);
#2141=LINE('',#14792,#2828);
#2142=LINE('',#14795,#2829);
#2143=LINE('',#14797,#2830);
#2144=LINE('',#14798,#2831);
#2145=LINE('',#14801,#2832);
#2146=LINE('',#14802,#2833);
#2147=LINE('',#14806,#2834);
#2148=LINE('',#14811,#2835);
#2149=LINE('',#14815,#2836);
#2150=LINE('',#14816,#2837);
#2151=LINE('',#14819,#2838);
#2152=LINE('',#14821,#2839);
#2153=LINE('',#14822,#2840);
#2154=LINE('',#14825,#2841);
#2155=LINE('',#14826,#2842);
#2156=LINE('',#14827,#2843);
#2157=LINE('',#14829,#2844);
#2158=LINE('',#14830,#2845);
#2159=LINE('',#14831,#2846);
#2160=LINE('',#14833,#2847);
#2161=LINE('',#14837,#2848);
#2162=LINE('',#14839,#2849);
#2163=LINE('',#14840,#2850);
#2164=LINE('',#14843,#2851);
#2165=LINE('',#14845,#2852);
#2166=LINE('',#14847,#2853);
#2167=LINE('',#14851,#2854);
#2168=LINE('',#14853,#2855);
#2169=LINE('',#14855,#2856);
#2170=LINE('',#14859,#2857);
#2171=LINE('',#14861,#2858);
#2172=LINE('',#14862,#2859);
#2173=LINE('',#14865,#2860);
#2174=LINE('',#14867,#2861);
#2175=LINE('',#14868,#2862);
#2176=LINE('',#14871,#2863);
#2177=LINE('',#14872,#2864);
#2178=LINE('',#14875,#2865);
#2179=LINE('',#14876,#2866);
#2180=LINE('',#14880,#2867);
#2181=LINE('',#14886,#2868);
#2182=LINE('',#14890,#2869);
#2183=LINE('',#14893,#2870);
#2184=LINE('',#14895,#2871);
#2185=LINE('',#14896,#2872);
#2186=LINE('',#14898,#2873);
#2187=LINE('',#14902,#2874);
#2188=LINE('',#14908,#2875);
#2189=LINE('',#14912,#2876);
#2190=LINE('',#14914,#2877);
#2191=LINE('',#14915,#2878);
#2192=LINE('',#14917,#2879);
#2193=LINE('',#14918,#2880);
#2194=LINE('',#14922,#2881);
#2195=LINE('',#14923,#2882);
#2196=LINE('',#14925,#2883);
#2197=LINE('',#14926,#2884);
#2198=LINE('',#14930,#2885);
#2199=LINE('',#14932,#2886);
#2200=LINE('',#14935,#2887);
#2201=LINE('',#14936,#2888);
#2202=LINE('',#14938,#2889);
#2203=LINE('',#14942,#2890);
#2204=LINE('',#14944,#2891);
#2205=LINE('',#14946,#2892);
#2206=LINE('',#14950,#2893);
#2207=LINE('',#14951,#2894);
#2208=LINE('',#14954,#2895);
#2209=LINE('',#14956,#2896);
#2210=LINE('',#14957,#2897);
#2211=LINE('',#14960,#2898);
#2212=LINE('',#14961,#2899);
#2213=LINE('',#14966,#2900);
#2214=LINE('',#14972,#2901);
#2215=LINE('',#14975,#2902);
#2216=LINE('',#14978,#2903);
#2217=LINE('',#14979,#2904);
#2218=LINE('',#14983,#2905);
#2219=LINE('',#14989,#2906);
#2220=LINE('',#14993,#2907);
#2221=LINE('',#14995,#2908);
#2222=LINE('',#14996,#2909);
#2223=LINE('',#14998,#2910);
#2224=LINE('',#14999,#2911);
#2225=LINE('',#15003,#2912);
#2226=LINE('',#15004,#2913);
#2227=LINE('',#15006,#2914);
#2228=LINE('',#15010,#2915);
#2229=LINE('',#15012,#2916);
#2230=LINE('',#15015,#2917);
#2231=LINE('',#15016,#2918);
#2232=LINE('',#15018,#2919);
#2233=LINE('',#15022,#2920);
#2234=LINE('',#15024,#2921);
#2235=LINE('',#15026,#2922);
#2236=LINE('',#15028,#2923);
#2237=LINE('',#15037,#2924);
#2238=LINE('',#15038,#2925);
#2239=LINE('',#15039,#2926);
#2240=LINE('',#15054,#2927);
#2241=LINE('',#15058,#2928);
#2242=LINE('',#15060,#2929);
#2243=LINE('',#15063,#2930);
#2244=LINE('',#15064,#2931);
#2245=LINE('',#15066,#2932);
#2246=LINE('',#15067,#2933);
#2247=LINE('',#15069,#2934);
#2248=LINE('',#15071,#2935);
#2249=LINE('',#15072,#2936);
#2250=LINE('',#15075,#2937);
#2251=LINE('',#15078,#2938);
#2252=LINE('',#15082,#2939);
#2253=LINE('',#15083,#2940);
#2254=LINE('',#15085,#2941);
#2255=LINE('',#15089,#2942);
#2256=LINE('',#15106,#2943);
#2257=LINE('',#15108,#2944);
#2258=LINE('',#15110,#2945);
#2259=LINE('',#15112,#2946);
#2260=VECTOR('',#8375,10.);
#2261=VECTOR('',#8376,10.);
#2262=VECTOR('',#8377,10.);
#2263=VECTOR('',#8378,10.);
#2264=VECTOR('',#8379,10.);
#2265=VECTOR('',#8382,10.);
#2266=VECTOR('',#8383,10.);
#2267=VECTOR('',#8386,10.);
#2268=VECTOR('',#8387,10.);
#2269=VECTOR('',#8390,10.);
#2270=VECTOR('',#8391,10.);
#2271=VECTOR('',#8392,10.);
#2272=VECTOR('',#8397,10.);
#2273=VECTOR('',#8398,10.);
#2274=VECTOR('',#8399,10.);
#2275=VECTOR('',#8402,10.);
#2276=VECTOR('',#8403,10.);
#2277=VECTOR('',#8404,10.);
#2278=VECTOR('',#8407,10.);
#2279=VECTOR('',#8408,10.);
#2280=VECTOR('',#8411,10.);
#2281=VECTOR('',#8416,10.);
#2282=VECTOR('',#8417,10.);
#2283=VECTOR('',#8418,10.);
#2284=VECTOR('',#8421,10.);
#2285=VECTOR('',#8422,10.);
#2286=VECTOR('',#8423,10.);
#2287=VECTOR('',#8426,10.);
#2288=VECTOR('',#8427,10.);
#2289=VECTOR('',#8430,10.);
#2290=VECTOR('',#8435,10.);
#2291=VECTOR('',#8436,10.);
#2292=VECTOR('',#8437,10.);
#2293=VECTOR('',#8438,10.);
#2294=VECTOR('',#8441,10.);
#2295=VECTOR('',#8442,10.);
#2296=VECTOR('',#8443,10.);
#2297=VECTOR('',#8444,10.);
#2298=VECTOR('',#8447,10.);
#2299=VECTOR('',#8448,10.);
#2300=VECTOR('',#8453,10.);
#2301=VECTOR('',#8454,10.);
#2302=VECTOR('',#8455,10.);
#2303=VECTOR('',#8458,10.);
#2304=VECTOR('',#8459,10.);
#2305=VECTOR('',#8460,10.);
#2306=VECTOR('',#8463,10.);
#2307=VECTOR('',#8464,10.);
#2308=VECTOR('',#8465,10.);
#2309=VECTOR('',#8468,10.);
#2310=VECTOR('',#8473,10.);
#2311=VECTOR('',#8474,10.);
#2312=VECTOR('',#8475,10.);
#2313=VECTOR('',#8476,10.);
#2314=VECTOR('',#8479,10.);
#2315=VECTOR('',#8480,10.);
#2316=VECTOR('',#8481,10.);
#2317=VECTOR('',#8482,10.);
#2318=VECTOR('',#8485,10.);
#2319=VECTOR('',#8486,10.);
#2320=VECTOR('',#8493,10.);
#2321=VECTOR('',#8494,10.);
#2322=VECTOR('',#8495,10.);
#2323=VECTOR('',#8498,10.);
#2324=VECTOR('',#8499,10.);
#2325=VECTOR('',#8500,10.);
#2326=VECTOR('',#8503,10.);
#2327=VECTOR('',#8504,10.);
#2328=VECTOR('',#8507,10.);
#2329=VECTOR('',#8508,10.);
#2330=VECTOR('',#8509,10.);
#2331=VECTOR('',#8510,10.);
#2332=VECTOR('',#8511,10.);
#2333=VECTOR('',#8512,10.);
#2334=VECTOR('',#8513,10.);
#2335=VECTOR('',#8514,10.);
#2336=VECTOR('',#8515,10.);
#2337=VECTOR('',#8520,10.);
#2338=VECTOR('',#8521,10.);
#2339=VECTOR('',#8522,10.);
#2340=VECTOR('',#8523,10.);
#2341=VECTOR('',#8524,10.);
#2342=VECTOR('',#8525,10.);
#2343=VECTOR('',#8526,10.);
#2344=VECTOR('',#8527,10.);
#2345=VECTOR('',#8528,10.);
#2346=VECTOR('',#8531,10.);
#2347=VECTOR('',#8532,10.);
#2348=VECTOR('',#8537,10.);
#2349=VECTOR('',#8538,10.);
#2350=VECTOR('',#8539,10.);
#2351=VECTOR('',#8540,10.);
#2352=VECTOR('',#8543,10.);
#2353=VECTOR('',#8544,10.);
#2354=VECTOR('',#8545,10.);
#2355=VECTOR('',#8548,10.);
#2356=VECTOR('',#8549,10.);
#2357=VECTOR('',#8552,10.);
#2358=VECTOR('',#8553,10.);
#2359=VECTOR('',#8556,10.);
#2360=VECTOR('',#8563,10.);
#2361=VECTOR('',#8564,10.);
#2362=VECTOR('',#8565,10.);
#2363=VECTOR('',#8566,10.);
#2364=VECTOR('',#8569,10.);
#2365=VECTOR('',#8570,10.);
#2366=VECTOR('',#8571,10.);
#2367=VECTOR('',#8574,10.);
#2368=VECTOR('',#8575,10.);
#2369=VECTOR('',#8576,10.);
#2370=VECTOR('',#8579,10.);
#2371=VECTOR('',#8580,10.);
#2372=VECTOR('',#8627,2.99999999999999);
#2373=VECTOR('',#8666,10.);
#2374=VECTOR('',#8669,10.);
#2375=VECTOR('',#8672,10.);
#2376=VECTOR('',#8677,10.);
#2377=VECTOR('',#8680,10.);
#2378=VECTOR('',#8683,10.);
#2379=VECTOR('',#8686,10.);
#2380=VECTOR('',#8689,10.);
#2381=VECTOR('',#8692,10.);
#2382=VECTOR('',#8695,10.);
#2383=VECTOR('',#8698,10.);
#2384=VECTOR('',#8701,10.);
#2385=VECTOR('',#8704,10.);
#2386=VECTOR('',#8707,10.);
#2387=VECTOR('',#8710,10.);
#2388=VECTOR('',#8713,10.);
#2389=VECTOR('',#8716,10.);
#2390=VECTOR('',#8719,10.);
#2391=VECTOR('',#8722,10.);
#2392=VECTOR('',#8723,10.);
#2393=VECTOR('',#8724,10.);
#2394=VECTOR('',#8725,10.);
#2395=VECTOR('',#8728,3.);
#2396=VECTOR('',#8761,10.);
#2397=VECTOR('',#8764,3.);
#2398=VECTOR('',#8789,10.);
#2399=VECTOR('',#8796,2.99999999999999);
#2400=VECTOR('',#8841,10.);
#2401=VECTOR('',#8844,10.);
#2402=VECTOR('',#8849,10.);
#2403=VECTOR('',#8850,10.);
#2404=VECTOR('',#8853,10.);
#2405=VECTOR('',#8854,10.);
#2406=VECTOR('',#8855,10.);
#2407=VECTOR('',#8858,10.);
#2408=VECTOR('',#8861,10.);
#2409=VECTOR('',#8862,10.);
#2410=VECTOR('',#8867,10.);
#2411=VECTOR('',#8870,10.);
#2412=VECTOR('',#8871,10.);
#2413=VECTOR('',#8874,10.);
#2414=VECTOR('',#8875,10.);
#2415=VECTOR('',#8876,10.);
#2416=VECTOR('',#8879,10.);
#2417=VECTOR('',#8882,10.);
#2418=VECTOR('',#8883,10.);
#2419=VECTOR('',#8884,10.);
#2420=VECTOR('',#8891,10.);
#2421=VECTOR('',#8894,10.);
#2422=VECTOR('',#8905,10.);
#2423=VECTOR('',#8906,10.);
#2424=VECTOR('',#8907,10.);
#2425=VECTOR('',#8910,10.);
#2426=VECTOR('',#8911,10.);
#2427=VECTOR('',#8912,10.);
#2428=VECTOR('',#8915,10.);
#2429=VECTOR('',#8916,10.);
#2430=VECTOR('',#8917,10.);
#2431=VECTOR('',#8924,10.);
#2432=VECTOR('',#8925,10.);
#2433=VECTOR('',#8926,10.);
#2434=VECTOR('',#8929,10.);
#2435=VECTOR('',#8930,10.);
#2436=VECTOR('',#8933,10.);
#2437=VECTOR('',#8934,10.);
#2438=VECTOR('',#8937,10.);
#2439=VECTOR('',#8940,10.);
#2440=VECTOR('',#8941,10.);
#2441=VECTOR('',#8942,10.);
#2442=VECTOR('',#8943,10.);
#2443=VECTOR('',#8946,10.);
#2444=VECTOR('',#8947,10.);
#2445=VECTOR('',#8948,10.);
#2446=VECTOR('',#8951,10.);
#2447=VECTOR('',#8952,10.);
#2448=VECTOR('',#8955,10.);
#2449=VECTOR('',#8956,10.);
#2450=VECTOR('',#8959,10.);
#2451=VECTOR('',#8962,10.);
#2452=VECTOR('',#8963,10.);
#2453=VECTOR('',#8964,10.);
#2454=VECTOR('',#8967,10.);
#2455=VECTOR('',#8968,10.);
#2456=VECTOR('',#8971,10.);
#2457=VECTOR('',#8972,10.);
#2458=VECTOR('',#8973,10.);
#2459=VECTOR('',#8974,10.);
#2460=VECTOR('',#8977,10.);
#2461=VECTOR('',#8980,10.);
#2462=VECTOR('',#8981,10.);
#2463=VECTOR('',#8982,10.);
#2464=VECTOR('',#8985,10.);
#2465=VECTOR('',#8986,10.);
#2466=VECTOR('',#8987,10.);
#2467=VECTOR('',#8990,10.);
#2468=VECTOR('',#8991,10.);
#2469=VECTOR('',#8992,10.);
#2470=VECTOR('',#8995,10.);
#2471=VECTOR('',#8996,10.);
#2472=VECTOR('',#8997,10.);
#2473=VECTOR('',#9000,10.);
#2474=VECTOR('',#9003,10.);
#2475=VECTOR('',#9004,10.);
#2476=VECTOR('',#9005,10.);
#2477=VECTOR('',#9006,10.);
#2478=VECTOR('',#9007,10.);
#2479=VECTOR('',#9010,10.);
#2480=VECTOR('',#9011,10.);
#2481=VECTOR('',#9012,10.);
#2482=VECTOR('',#9013,10.);
#2483=VECTOR('',#9014,10.);
#2484=VECTOR('',#9017,10.);
#2485=VECTOR('',#9018,10.);
#2486=VECTOR('',#9021,10.);
#2487=VECTOR('',#9024,10.);
#2488=VECTOR('',#9025,10.);
#2489=VECTOR('',#9026,10.);
#2490=VECTOR('',#9027,10.);
#2491=VECTOR('',#9028,10.);
#2492=VECTOR('',#9029,10.);
#2493=VECTOR('',#9030,10.);
#2494=VECTOR('',#9033,10.);
#2495=VECTOR('',#9034,10.);
#2496=VECTOR('',#9035,10.);
#2497=VECTOR('',#9038,10.);
#2498=VECTOR('',#9039,10.);
#2499=VECTOR('',#9042,10.);
#2500=VECTOR('',#9043,10.);
#2501=VECTOR('',#9046,10.);
#2502=VECTOR('',#9047,10.);
#2503=VECTOR('',#9048,10.);
#2504=VECTOR('',#9051,10.);
#2505=VECTOR('',#9052,10.);
#2506=VECTOR('',#9055,10.);
#2507=VECTOR('',#9056,10.);
#2508=VECTOR('',#9059,10.);
#2509=VECTOR('',#9060,10.);
#2510=VECTOR('',#9063,10.);
#2511=VECTOR('',#9064,10.);
#2512=VECTOR('',#9065,10.);
#2513=VECTOR('',#9068,10.);
#2514=VECTOR('',#9071,10.);
#2515=VECTOR('',#9078,10.);
#2516=VECTOR('',#9079,10.);
#2517=VECTOR('',#9084,2.1);
#2518=VECTOR('',#9091,3.75);
#2519=VECTOR('',#9094,10.);
#2520=VECTOR('',#9095,10.);
#2521=VECTOR('',#9104,10.);
#2522=VECTOR('',#9109,10.);
#2523=VECTOR('',#9112,10.);
#2524=VECTOR('',#9115,10.);
#2525=VECTOR('',#9120,10.);
#2526=VECTOR('',#9125,2.1);
#2527=VECTOR('',#9138,2.1);
#2528=VECTOR('',#9151,2.1);
#2529=VECTOR('',#9160,10.);
#2530=VECTOR('',#9167,2.1);
#2531=VECTOR('',#9174,3.75);
#2532=VECTOR('',#9175,10.);
#2533=VECTOR('',#9178,10.);
#2534=VECTOR('',#9187,2.1);
#2535=VECTOR('',#9196,10.);
#2536=VECTOR('',#9197,10.);
#2537=VECTOR('',#9202,10.);
#2538=VECTOR('',#9203,10.);
#2539=VECTOR('',#9208,10.);
#2540=VECTOR('',#9211,10.);
#2541=VECTOR('',#9216,10.);
#2542=VECTOR('',#9219,10.);
#2543=VECTOR('',#9224,10.);
#2544=VECTOR('',#9227,10.);
#2545=VECTOR('',#9228,10.);
#2546=VECTOR('',#9231,10.);
#2547=VECTOR('',#9236,10.);
#2548=VECTOR('',#9237,10.);
#2549=VECTOR('',#9244,10.);
#2550=VECTOR('',#9249,10.);
#2551=VECTOR('',#9252,10.);
#2552=VECTOR('',#9253,10.);
#2553=VECTOR('',#9256,10.);
#2554=VECTOR('',#9261,10.);
#2555=VECTOR('',#9262,10.);
#2556=VECTOR('',#9269,10.);
#2557=VECTOR('',#9270,10.);
#2558=VECTOR('',#9273,10.);
#2559=VECTOR('',#9278,10.);
#2560=VECTOR('',#9279,10.);
#2561=VECTOR('',#9286,10.);
#2562=VECTOR('',#9289,10.);
#2563=VECTOR('',#9290,10.);
#2564=VECTOR('',#9293,10.);
#2565=VECTOR('',#9298,10.);
#2566=VECTOR('',#9299,10.);
#2567=VECTOR('',#9306,10.);
#2568=VECTOR('',#9307,10.);
#2569=VECTOR('',#9308,10.);
#2570=VECTOR('',#9311,10.);
#2571=VECTOR('',#9316,10.);
#2572=VECTOR('',#9317,10.);
#2573=VECTOR('',#9320,10.);
#2574=VECTOR('',#9325,10.);
#2575=VECTOR('',#9326,10.);
#2576=VECTOR('',#9329,10.);
#2577=VECTOR('',#9334,10.);
#2578=VECTOR('',#9335,10.);
#2579=VECTOR('',#9338,10.);
#2580=VECTOR('',#9343,10.);
#2581=VECTOR('',#9344,10.);
#2582=VECTOR('',#9347,10.);
#2583=VECTOR('',#9352,10.);
#2584=VECTOR('',#9353,10.);
#2585=VECTOR('',#9356,10.);
#2586=VECTOR('',#9361,10.);
#2587=VECTOR('',#9362,10.);
#2588=VECTOR('',#9365,10.);
#2589=VECTOR('',#9370,10.);
#2590=VECTOR('',#9371,10.);
#2591=VECTOR('',#9374,10.);
#2592=VECTOR('',#9379,10.);
#2593=VECTOR('',#9380,10.);
#2594=VECTOR('',#9383,10.);
#2595=VECTOR('',#9388,10.);
#2596=VECTOR('',#9389,10.);
#2597=VECTOR('',#9392,10.);
#2598=VECTOR('',#9397,10.);
#2599=VECTOR('',#9398,10.);
#2600=VECTOR('',#9401,10.);
#2601=VECTOR('',#9406,10.);
#2602=VECTOR('',#9407,10.);
#2603=VECTOR('',#9418,10.);
#2604=VECTOR('',#9419,10.);
#2605=VECTOR('',#9420,10.);
#2606=VECTOR('',#9421,10.);
#2607=VECTOR('',#9422,10.);
#2608=VECTOR('',#9423,10.);
#2609=VECTOR('',#9424,10.);
#2610=VECTOR('',#9425,10.);
#2611=VECTOR('',#9428,10.);
#2612=VECTOR('',#9429,10.);
#2613=VECTOR('',#9430,10.);
#2614=VECTOR('',#9433,10.);
#2615=VECTOR('',#9434,10.);
#2616=VECTOR('',#9435,10.);
#2617=VECTOR('',#9440,10.);
#2618=VECTOR('',#9441,10.);
#2619=VECTOR('',#9446,10.);
#2620=VECTOR('',#9451,10.);
#2621=VECTOR('',#9456,10.);
#2622=VECTOR('',#9457,10.);
#2623=VECTOR('',#9466,10.);
#2624=VECTOR('',#9469,10.);
#2625=VECTOR('',#9472,10.);
#2626=VECTOR('',#9473,10.);
#2627=VECTOR('',#9474,10.);
#2628=VECTOR('',#9481,10.);
#2629=VECTOR('',#9484,10.);
#2630=VECTOR('',#9485,10.);
#2631=VECTOR('',#9486,10.);
#2632=VECTOR('',#9493,10.);
#2633=VECTOR('',#9496,10.);
#2634=VECTOR('',#9497,10.);
#2635=VECTOR('',#9498,10.);
#2636=VECTOR('',#9505,10.);
#2637=VECTOR('',#9508,10.);
#2638=VECTOR('',#9509,10.);
#2639=VECTOR('',#9510,10.);
#2640=VECTOR('',#9517,10.);
#2641=VECTOR('',#9520,10.);
#2642=VECTOR('',#9521,10.);
#2643=VECTOR('',#9522,10.);
#2644=VECTOR('',#9529,10.);
#2645=VECTOR('',#9532,10.);
#2646=VECTOR('',#9533,10.);
#2647=VECTOR('',#9534,10.);
#2648=VECTOR('',#9537,10.);
#2649=VECTOR('',#9538,10.);
#2650=VECTOR('',#9539,10.);
#2651=VECTOR('',#9544,10.);
#2652=VECTOR('',#9549,10.);
#2653=VECTOR('',#9550,10.);
#2654=VECTOR('',#9551,10.);
#2655=VECTOR('',#9556,10.);
#2656=VECTOR('',#9561,10.);
#2657=VECTOR('',#9562,10.);
#2658=VECTOR('',#9563,10.);
#2659=VECTOR('',#9568,10.);
#2660=VECTOR('',#9573,10.);
#2661=VECTOR('',#9574,10.);
#2662=VECTOR('',#9575,10.);
#2663=VECTOR('',#9580,10.);
#2664=VECTOR('',#9585,10.);
#2665=VECTOR('',#9586,10.);
#2666=VECTOR('',#9587,10.);
#2667=VECTOR('',#9592,10.);
#2668=VECTOR('',#9597,10.);
#2669=VECTOR('',#9598,10.);
#2670=VECTOR('',#9599,10.);
#2671=VECTOR('',#9610,10.);
#2672=VECTOR('',#9617,10.);
#2673=VECTOR('',#9624,10.);
#2674=VECTOR('',#9631,10.);
#2675=VECTOR('',#9638,10.);
#2676=VECTOR('',#9639,10.);
#2677=VECTOR('',#9640,10.);
#2678=VECTOR('',#9645,10.);
#2679=VECTOR('',#9650,10.);
#2680=VECTOR('',#9655,10.);
#2681=VECTOR('',#9658,10.);
#2682=VECTOR('',#9659,10.);
#2683=VECTOR('',#9664,10.);
#2684=VECTOR('',#9669,10.);
#2685=VECTOR('',#9674,10.);
#2686=VECTOR('',#9677,10.);
#2687=VECTOR('',#9678,10.);
#2688=VECTOR('',#9683,10.);
#2689=VECTOR('',#9688,10.);
#2690=VECTOR('',#9693,10.);
#2691=VECTOR('',#9696,10.);
#2692=VECTOR('',#9697,10.);
#2693=VECTOR('',#9702,10.);
#2694=VECTOR('',#9707,10.);
#2695=VECTOR('',#9716,10.);
#2696=VECTOR('',#9717,10.);
#2697=VECTOR('',#9720,10.);
#2698=VECTOR('',#9721,10.);
#2699=VECTOR('',#9724,10.);
#2700=VECTOR('',#9725,10.);
#2701=VECTOR('',#9728,3.95);
#2702=VECTOR('',#9731,10.);
#2703=VECTOR('',#9736,10.);
#2704=VECTOR('',#9737,10.);
#2705=VECTOR('',#9740,10.);
#2706=VECTOR('',#9741,10.);
#2707=VECTOR('',#9744,10.);
#2708=VECTOR('',#9751,10.);
#2709=VECTOR('',#9752,10.);
#2710=VECTOR('',#9753,10.);
#2711=VECTOR('',#9756,10.);
#2712=VECTOR('',#9757,10.);
#2713=VECTOR('',#9760,10.);
#2714=VECTOR('',#9761,10.);
#2715=VECTOR('',#9764,3.95);
#2716=VECTOR('',#9767,10.);
#2717=VECTOR('',#9770,10.);
#2718=VECTOR('',#9771,10.);
#2719=VECTOR('',#9774,10.);
#2720=VECTOR('',#9775,10.);
#2721=VECTOR('',#9778,10.);
#2722=VECTOR('',#9781,10.);
#2723=VECTOR('',#9782,10.);
#2724=VECTOR('',#9783,10.);
#2725=VECTOR('',#9786,3.95);
#2726=VECTOR('',#9791,10.);
#2727=VECTOR('',#9792,10.);
#2728=VECTOR('',#9795,10.);
#2729=VECTOR('',#9796,10.);
#2730=VECTOR('',#9799,10.);
#2731=VECTOR('',#9800,10.);
#2732=VECTOR('',#9803,10.);
#2733=VECTOR('',#9806,10.);
#2734=VECTOR('',#9809,10.);
#2735=VECTOR('',#9812,10.);
#2736=VECTOR('',#9815,3.95);
#2737=VECTOR('',#9818,10.);
#2738=VECTOR('',#9819,10.);
#2739=VECTOR('',#9820,10.);
#2740=VECTOR('',#9821,10.);
#2741=VECTOR('',#9822,10.);
#2742=VECTOR('',#9825,10.);
#2743=VECTOR('',#9826,10.);
#2744=VECTOR('',#9829,10.);
#2745=VECTOR('',#9830,10.);
#2746=VECTOR('',#9831,10.);
#2747=VECTOR('',#9834,10.);
#2748=VECTOR('',#9835,10.);
#2749=VECTOR('',#9836,10.);
#2750=VECTOR('',#9839,10.);
#2751=VECTOR('',#9840,10.);
#2752=VECTOR('',#9841,10.);
#2753=VECTOR('',#9842,10.);
#2754=VECTOR('',#9843,10.);
#2755=VECTOR('',#9846,10.);
#2756=VECTOR('',#9847,10.);
#2757=VECTOR('',#9848,10.);
#2758=VECTOR('',#9851,10.);
#2759=VECTOR('',#9854,10.);
#2760=VECTOR('',#9855,10.);
#2761=VECTOR('',#9856,10.);
#2762=VECTOR('',#9859,10.);
#2763=VECTOR('',#9860,10.);
#2764=VECTOR('',#9863,10.);
#2765=VECTOR('',#9868,10.);
#2766=VECTOR('',#9873,10.);
#2767=VECTOR('',#9874,10.);
#2768=VECTOR('',#9877,10.);
#2769=VECTOR('',#9878,10.);
#2770=VECTOR('',#9881,10.);
#2771=VECTOR('',#9882,10.);
#2772=VECTOR('',#9883,10.);
#2773=VECTOR('',#9886,10.);
#2774=VECTOR('',#9887,10.);
#2775=VECTOR('',#9888,10.);
#2776=VECTOR('',#9891,10.);
#2777=VECTOR('',#9892,10.);
#2778=VECTOR('',#9893,10.);
#2779=VECTOR('',#9896,10.);
#2780=VECTOR('',#9897,10.);
#2781=VECTOR('',#9900,10.);
#2782=VECTOR('',#9905,10.);
#2783=VECTOR('',#9910,10.);
#2784=VECTOR('',#9911,10.);
#2785=VECTOR('',#9914,10.);
#2786=VECTOR('',#9915,10.);
#2787=VECTOR('',#9918,10.);
#2788=VECTOR('',#9921,10.);
#2789=VECTOR('',#9924,10.);
#2790=VECTOR('',#9925,10.);
#2791=VECTOR('',#9926,10.);
#2792=VECTOR('',#9929,10.);
#2793=VECTOR('',#9930,10.);
#2794=VECTOR('',#9933,10.);
#2795=VECTOR('',#9934,10.);
#2796=VECTOR('',#9935,10.);
#2797=VECTOR('',#9938,10.);
#2798=VECTOR('',#9939,10.);
#2799=VECTOR('',#9940,10.);
#2800=VECTOR('',#9943,10.);
#2801=VECTOR('',#9944,10.);
#2802=VECTOR('',#9945,10.);
#2803=VECTOR('',#9948,10.);
#2804=VECTOR('',#9949,10.);
#2805=VECTOR('',#9950,10.);
#2806=VECTOR('',#9953,10.);
#2807=VECTOR('',#9954,10.);
#2808=VECTOR('',#9955,10.);
#2809=VECTOR('',#9956,10.);
#2810=VECTOR('',#9957,10.);
#2811=VECTOR('',#9960,10.);
#2812=VECTOR('',#9961,10.);
#2813=VECTOR('',#9964,10.);
#2814=VECTOR('',#9965,10.);
#2815=VECTOR('',#9966,10.);
#2816=VECTOR('',#9969,10.);
#2817=VECTOR('',#9970,10.);
#2818=VECTOR('',#9971,10.);
#2819=VECTOR('',#9972,10.);
#2820=VECTOR('',#9975,10.);
#2821=VECTOR('',#9976,10.);
#2822=VECTOR('',#9979,10.);
#2823=VECTOR('',#9986,10.);
#2824=VECTOR('',#9991,10.);
#2825=VECTOR('',#9992,10.);
#2826=VECTOR('',#9995,10.);
#2827=VECTOR('',#9996,10.);
#2828=VECTOR('',#9997,10.);
#2829=VECTOR('',#10000,10.);
#2830=VECTOR('',#10001,10.);
#2831=VECTOR('',#10002,10.);
#2832=VECTOR('',#10005,10.);
#2833=VECTOR('',#10006,10.);
#2834=VECTOR('',#10009,10.);
#2835=VECTOR('',#10016,10.);
#2836=VECTOR('',#10021,10.);
#2837=VECTOR('',#10022,10.);
#2838=VECTOR('',#10025,10.);
#2839=VECTOR('',#10026,10.);
#2840=VECTOR('',#10027,10.);
#2841=VECTOR('',#10030,10.);
#2842=VECTOR('',#10031,10.);
#2843=VECTOR('',#10032,10.);
#2844=VECTOR('',#10033,10.);
#2845=VECTOR('',#10034,10.);
#2846=VECTOR('',#10035,10.);
#2847=VECTOR('',#10038,10.);
#2848=VECTOR('',#10043,10.);
#2849=VECTOR('',#10044,10.);
#2850=VECTOR('',#10045,10.);
#2851=VECTOR('',#10048,10.);
#2852=VECTOR('',#10049,10.);
#2853=VECTOR('',#10050,10.);
#2854=VECTOR('',#10053,10.);
#2855=VECTOR('',#10054,10.);
#2856=VECTOR('',#10055,10.);
#2857=VECTOR('',#10058,10.);
#2858=VECTOR('',#10059,10.);
#2859=VECTOR('',#10060,10.);
#2860=VECTOR('',#10063,10.);
#2861=VECTOR('',#10064,10.);
#2862=VECTOR('',#10065,10.);
#2863=VECTOR('',#10068,10.);
#2864=VECTOR('',#10069,10.);
#2865=VECTOR('',#10072,10.);
#2866=VECTOR('',#10073,10.);
#2867=VECTOR('',#10076,10.);
#2868=VECTOR('',#10083,10.);
#2869=VECTOR('',#10090,10.);
#2870=VECTOR('',#10093,10.);
#2871=VECTOR('',#10094,10.);
#2872=VECTOR('',#10095,10.);
#2873=VECTOR('',#10098,10.);
#2874=VECTOR('',#10101,10.);
#2875=VECTOR('',#10108,10.);
#2876=VECTOR('',#10115,10.);
#2877=VECTOR('',#10118,10.);
#2878=VECTOR('',#10119,10.);
#2879=VECTOR('',#10122,10.);
#2880=VECTOR('',#10123,10.);
#2881=VECTOR('',#10128,10.);
#2882=VECTOR('',#10129,10.);
#2883=VECTOR('',#10132,10.);
#2884=VECTOR('',#10133,10.);
#2885=VECTOR('',#10138,10.);
#2886=VECTOR('',#10141,10.);
#2887=VECTOR('',#10144,10.);
#2888=VECTOR('',#10145,10.);
#2889=VECTOR('',#10148,10.);
#2890=VECTOR('',#10153,10.);
#2891=VECTOR('',#10156,10.);
#2892=VECTOR('',#10159,10.);
#2893=VECTOR('',#10164,10.);
#2894=VECTOR('',#10165,10.);
#2895=VECTOR('',#10168,10.);
#2896=VECTOR('',#10169,10.);
#2897=VECTOR('',#10170,10.);
#2898=VECTOR('',#10173,10.);
#2899=VECTOR('',#10174,10.);
#2900=VECTOR('',#10179,10.);
#2901=VECTOR('',#10186,10.);
#2902=VECTOR('',#10191,10.);
#2903=VECTOR('',#10194,10.);
#2904=VECTOR('',#10195,10.);
#2905=VECTOR('',#10198,10.);
#2906=VECTOR('',#10205,10.);
#2907=VECTOR('',#10212,10.);
#2908=VECTOR('',#10215,10.);
#2909=VECTOR('',#10216,10.);
#2910=VECTOR('',#10219,10.);
#2911=VECTOR('',#10220,10.);
#2912=VECTOR('',#10225,10.);
#2913=VECTOR('',#10226,10.);
#2914=VECTOR('',#10229,10.);
#2915=VECTOR('',#10234,10.);
#2916=VECTOR('',#10237,10.);
#2917=VECTOR('',#10240,10.);
#2918=VECTOR('',#10241,10.);
#2919=VECTOR('',#10244,10.);
#2920=VECTOR('',#10249,10.);
#2921=VECTOR('',#10252,10.);
#2922=VECTOR('',#10255,10.);
#2923=VECTOR('',#10258,10.);
#2924=VECTOR('',#10267,10.);
#2925=VECTOR('',#10268,10.);
#2926=VECTOR('',#10269,10.);
#2927=VECTOR('',#10272,10.);
#2928=VECTOR('',#10277,10.);
#2929=VECTOR('',#10280,2.);
#2930=VECTOR('',#10283,10.);
#2931=VECTOR('',#10284,10.);
#2932=VECTOR('',#10287,10.);
#2933=VECTOR('',#10288,10.);
#2934=VECTOR('',#10291,1.99999999999999);
#2935=VECTOR('',#10294,10.);
#2936=VECTOR('',#10295,10.);
#2937=VECTOR('',#10300,10.);
#2938=VECTOR('',#10303,10.);
#2939=VECTOR('',#10308,10.);
#2940=VECTOR('',#10309,10.);
#2941=VECTOR('',#10312,2.);
#2942=VECTOR('',#10317,10.);
#2943=VECTOR('',#10326,10.);
#2944=VECTOR('',#10329,10.);
#2945=VECTOR('',#10332,10.);
#2946=VECTOR('',#10335,1.99999999999999);
#2947=(
BOUNDED_CURVE()
B_SPLINE_CURVE(3,(#10349,#10350,#10351,#10352),.UNSPECIFIED.,.F.,.F.)
B_SPLINE_CURVE_WITH_KNOTS((4,4),(0.,1.),.UNSPECIFIED.)
CURVE()
GEOMETRIC_REPRESENTATION_ITEM()
RATIONAL_B_SPLINE_CURVE((1.,1.,1.,1.))
REPRESENTATION_ITEM('')
);
#2948=(
BOUNDED_CURVE()
B_SPLINE_CURVE(3,(#10358,#10359,#10360,#10361),.UNSPECIFIED.,.F.,.F.)
B_SPLINE_CURVE_WITH_KNOTS((4,4),(0.,1.),.UNSPECIFIED.)
CURVE()
GEOMETRIC_REPRESENTATION_ITEM()
RATIONAL_B_SPLINE_CURVE((1.,1.,1.,1.))
REPRESENTATION_ITEM('')
);
#2949=(
BOUNDED_CURVE()
B_SPLINE_CURVE(3,(#10363,#10364,#10365,#10366),.UNSPECIFIED.,.F.,.F.)
B_SPLINE_CURVE_WITH_KNOTS((4,4),(0.,1.),.UNSPECIFIED.)
CURVE()
GEOMETRIC_REPRESENTATION_ITEM()
RATIONAL_B_SPLINE_CURVE((1.,1.,1.,1.))
REPRESENTATION_ITEM('')
);
#2950=(
BOUNDED_CURVE()
B_SPLINE_CURVE(3,(#10466,#10467,#10468,#10469),.UNSPECIFIED.,.F.,.F.)
B_SPLINE_CURVE_WITH_KNOTS((4,4),(-1.,0.),.UNSPECIFIED.)
CURVE()
GEOMETRIC_REPRESENTATION_ITEM()
RATIONAL_B_SPLINE_CURVE((1.,1.,1.,1.))
REPRESENTATION_ITEM('')
);
#2951=(
BOUNDED_CURVE()
B_SPLINE_CURVE(3,(#10473,#10474,#10475,#10476),.UNSPECIFIED.,.F.,.F.)
B_SPLINE_CURVE_WITH_KNOTS((4,4),(-1.,0.),.UNSPECIFIED.)
CURVE()
GEOMETRIC_REPRESENTATION_ITEM()
RATIONAL_B_SPLINE_CURVE((1.,1.,1.,1.))
REPRESENTATION_ITEM('')
);
#2952=(
BOUNDED_CURVE()
B_SPLINE_CURVE(3,(#10478,#10479,#10480,#10481),.UNSPECIFIED.,.F.,.F.)
B_SPLINE_CURVE_WITH_KNOTS((4,4),(-1.,0.),.UNSPECIFIED.)
CURVE()
GEOMETRIC_REPRESENTATION_ITEM()
RATIONAL_B_SPLINE_CURVE((1.,1.,1.,1.))
REPRESENTATION_ITEM('')
);
#2953=(
BOUNDED_CURVE()
B_SPLINE_CURVE(3,(#10484,#10485,#10486,#10487),.UNSPECIFIED.,.F.,.F.)
B_SPLINE_CURVE_WITH_KNOTS((4,4),(-1.,0.),.UNSPECIFIED.)
CURVE()
GEOMETRIC_REPRESENTATION_ITEM()
RATIONAL_B_SPLINE_CURVE((1.,1.,1.,1.))
REPRESENTATION_ITEM('')
);
#2954=(
BOUNDED_CURVE()
B_SPLINE_CURVE(3,(#10584,#10585,#10586,#10587),.UNSPECIFIED.,.F.,.F.)
B_SPLINE_CURVE_WITH_KNOTS((4,4),(0.,1.),.UNSPECIFIED.)
CURVE()
GEOMETRIC_REPRESENTATION_ITEM()
RATIONAL_B_SPLINE_CURVE((1.,1.,1.,1.))
REPRESENTATION_ITEM('')
);
#2955=(
BOUNDED_CURVE()
B_SPLINE_CURVE(3,(#10628,#10629,#10630,#10631),.UNSPECIFIED.,.F.,.F.)
B_SPLINE_CURVE_WITH_KNOTS((4,4),(-1.,0.),.UNSPECIFIED.)
CURVE()
GEOMETRIC_REPRESENTATION_ITEM()
RATIONAL_B_SPLINE_CURVE((1.,1.,1.,1.))
REPRESENTATION_ITEM('')
);
#2956=(
BOUNDED_CURVE()
B_SPLINE_CURVE(3,(#10647,#10648,#10649,#10650),.UNSPECIFIED.,.F.,.F.)
B_SPLINE_CURVE_WITH_KNOTS((4,4),(-1.,0.),.UNSPECIFIED.)
CURVE()
GEOMETRIC_REPRESENTATION_ITEM()
RATIONAL_B_SPLINE_CURVE((1.,1.,1.,1.))
REPRESENTATION_ITEM('')
);
#2957=(
BOUNDED_CURVE()
B_SPLINE_CURVE(3,(#10660,#10661,#10662,#10663),.UNSPECIFIED.,.F.,.F.)
B_SPLINE_CURVE_WITH_KNOTS((4,4),(-1.,0.),.UNSPECIFIED.)
CURVE()
GEOMETRIC_REPRESENTATION_ITEM()
RATIONAL_B_SPLINE_CURVE((1.,1.,1.,1.))
REPRESENTATION_ITEM('')
);
#2958=(
BOUNDED_CURVE()
B_SPLINE_CURVE(3,(#10677,#10678,#10679,#10680),.UNSPECIFIED.,.F.,.F.)
B_SPLINE_CURVE_WITH_KNOTS((4,4),(-1.,0.),.UNSPECIFIED.)
CURVE()
GEOMETRIC_REPRESENTATION_ITEM()
RATIONAL_B_SPLINE_CURVE((1.,1.,1.,1.))
REPRESENTATION_ITEM('')
);
#2959=(
BOUNDED_CURVE()
B_SPLINE_CURVE(3,(#10692,#10693,#10694,#10695),.UNSPECIFIED.,.F.,.F.)
B_SPLINE_CURVE_WITH_KNOTS((4,4),(0.,1.),.UNSPECIFIED.)
CURVE()
GEOMETRIC_REPRESENTATION_ITEM()
RATIONAL_B_SPLINE_CURVE((1.,1.,1.,1.))
REPRESENTATION_ITEM('')
);
#2960=(
BOUNDED_CURVE()
B_SPLINE_CURVE(3,(#10697,#10698,#10699,#10700),.UNSPECIFIED.,.F.,.F.)
B_SPLINE_CURVE_WITH_KNOTS((4,4),(0.,1.),.UNSPECIFIED.)
CURVE()
GEOMETRIC_REPRESENTATION_ITEM()
RATIONAL_B_SPLINE_CURVE((1.,1.,1.,1.))
REPRESENTATION_ITEM('')
);
#2961=(
BOUNDED_CURVE()
B_SPLINE_CURVE(3,(#10702,#10703,#10704,#10705),.UNSPECIFIED.,.F.,.F.)
B_SPLINE_CURVE_WITH_KNOTS((4,4),(0.,1.),.UNSPECIFIED.)
CURVE()
GEOMETRIC_REPRESENTATION_ITEM()
RATIONAL_B_SPLINE_CURVE((1.,1.,1.,1.))
REPRESENTATION_ITEM('')
);
#2962=(
BOUNDED_CURVE()
B_SPLINE_CURVE(3,(#10706,#10707,#10708,#10709),.UNSPECIFIED.,.F.,.F.)
B_SPLINE_CURVE_WITH_KNOTS((4,4),(0.,1.),.UNSPECIFIED.)
CURVE()
GEOMETRIC_REPRESENTATION_ITEM()
RATIONAL_B_SPLINE_CURVE((1.,1.,1.,1.))
REPRESENTATION_ITEM('')
);
#2963=(
BOUNDED_CURVE()
B_SPLINE_CURVE(3,(#10712,#10713,#10714,#10715),.UNSPECIFIED.,.F.,.F.)
B_SPLINE_CURVE_WITH_KNOTS((4,4),(0.,1.),.UNSPECIFIED.)
CURVE()
GEOMETRIC_REPRESENTATION_ITEM()
RATIONAL_B_SPLINE_CURVE((1.,1.,1.,1.))
REPRESENTATION_ITEM('')
);
#2964=(
BOUNDED_CURVE()
B_SPLINE_CURVE(3,(#10717,#10718,#10719,#10720),.UNSPECIFIED.,.F.,.F.)
B_SPLINE_CURVE_WITH_KNOTS((4,4),(0.,1.),.UNSPECIFIED.)
CURVE()
GEOMETRIC_REPRESENTATION_ITEM()
RATIONAL_B_SPLINE_CURVE((1.,1.,1.,1.))
REPRESENTATION_ITEM('')
);
#2965=(
BOUNDED_CURVE()
B_SPLINE_CURVE(3,(#10722,#10723,#10724,#10725),.UNSPECIFIED.,.F.,.F.)
B_SPLINE_CURVE_WITH_KNOTS((4,4),(0.,1.),.UNSPECIFIED.)
CURVE()
GEOMETRIC_REPRESENTATION_ITEM()
RATIONAL_B_SPLINE_CURVE((1.,1.,1.,1.))
REPRESENTATION_ITEM('')
);
#2966=(
BOUNDED_CURVE()
B_SPLINE_CURVE(3,(#10726,#10727,#10728,#10729),.UNSPECIFIED.,.F.,.F.)
B_SPLINE_CURVE_WITH_KNOTS((4,4),(0.,1.),.UNSPECIFIED.)
CURVE()
GEOMETRIC_REPRESENTATION_ITEM()
RATIONAL_B_SPLINE_CURVE((1.,1.,1.,1.))
REPRESENTATION_ITEM('')
);
#2967=(
BOUNDED_CURVE()
B_SPLINE_CURVE(3,(#10909,#10910,#10911,#10912),.UNSPECIFIED.,.F.,.F.)
B_SPLINE_CURVE_WITH_KNOTS((4,4),(0.,1.),.UNSPECIFIED.)
CURVE()
GEOMETRIC_REPRESENTATION_ITEM()
RATIONAL_B_SPLINE_CURVE((1.,1.,1.,1.))
REPRESENTATION_ITEM('')
);
#2968=(
BOUNDED_CURVE()
B_SPLINE_CURVE(3,(#10924,#10925,#10926,#10927),.UNSPECIFIED.,.F.,.F.)
B_SPLINE_CURVE_WITH_KNOTS((4,4),(0.,1.),.UNSPECIFIED.)
CURVE()
GEOMETRIC_REPRESENTATION_ITEM()
RATIONAL_B_SPLINE_CURVE((1.,1.,1.,1.))
REPRESENTATION_ITEM('')
);
#2969=(
BOUNDED_CURVE()
B_SPLINE_CURVE(3,(#10939,#10940,#10941,#10942),.UNSPECIFIED.,.F.,.F.)
B_SPLINE_CURVE_WITH_KNOTS((4,4),(0.,1.),.UNSPECIFIED.)
CURVE()
GEOMETRIC_REPRESENTATION_ITEM()
RATIONAL_B_SPLINE_CURVE((1.,1.,1.,1.))
REPRESENTATION_ITEM('')
);
#2970=(
BOUNDED_CURVE()
B_SPLINE_CURVE(3,(#10954,#10955,#10956,#10957),.UNSPECIFIED.,.F.,.F.)
B_SPLINE_CURVE_WITH_KNOTS((4,4),(0.,1.),.UNSPECIFIED.)
CURVE()
GEOMETRIC_REPRESENTATION_ITEM()
RATIONAL_B_SPLINE_CURVE((1.,1.,1.,1.))
REPRESENTATION_ITEM('')
);
#2971=(
BOUNDED_CURVE()
B_SPLINE_CURVE(3,(#10968,#10969,#10970,#10971),.UNSPECIFIED.,.F.,.F.)
B_SPLINE_CURVE_WITH_KNOTS((4,4),(0.,1.),.UNSPECIFIED.)
CURVE()
GEOMETRIC_REPRESENTATION_ITEM()
RATIONAL_B_SPLINE_CURVE((1.,1.,1.,1.))
REPRESENTATION_ITEM('')
);
#2972=(
BOUNDED_CURVE()
B_SPLINE_CURVE(3,(#10981,#10982,#10983,#10984),.UNSPECIFIED.,.F.,.F.)
B_SPLINE_CURVE_WITH_KNOTS((4,4),(0.,1.),.UNSPECIFIED.)
CURVE()
GEOMETRIC_REPRESENTATION_ITEM()
RATIONAL_B_SPLINE_CURVE((1.,1.,1.,1.))
REPRESENTATION_ITEM('')
);
#2973=(
BOUNDED_CURVE()
B_SPLINE_CURVE(3,(#10994,#10995,#10996,#10997),.UNSPECIFIED.,.F.,.F.)
B_SPLINE_CURVE_WITH_KNOTS((4,4),(0.,1.),.UNSPECIFIED.)
CURVE()
GEOMETRIC_REPRESENTATION_ITEM()
RATIONAL_B_SPLINE_CURVE((1.,1.,1.,1.))
REPRESENTATION_ITEM('')
);
#2974=(
BOUNDED_CURVE()
B_SPLINE_CURVE(3,(#11010,#11011,#11012,#11013),.UNSPECIFIED.,.F.,.F.)
B_SPLINE_CURVE_WITH_KNOTS((4,4),(0.,1.),.UNSPECIFIED.)
CURVE()
GEOMETRIC_REPRESENTATION_ITEM()
RATIONAL_B_SPLINE_CURVE((1.,1.,1.,1.))
REPRESENTATION_ITEM('')
);
#2975=VERTEX_POINT('',#10347);
#2976=VERTEX_POINT('',#10348);
#2977=VERTEX_POINT('',#10353);
#2978=VERTEX_POINT('',#10355);
#2979=VERTEX_POINT('',#10357);
#2980=VERTEX_POINT('',#10362);
#2981=VERTEX_POINT('',#10376);
#2982=VERTEX_POINT('',#10377);
#2983=VERTEX_POINT('',#10385);
#2984=VERTEX_POINT('',#10389);
#2985=VERTEX_POINT('',#10393);
#2986=VERTEX_POINT('',#10404);
#2987=VERTEX_POINT('',#10424);
#2988=VERTEX_POINT('',#10425);
#2989=VERTEX_POINT('',#10427);
#2990=VERTEX_POINT('',#10431);
#2991=VERTEX_POINT('',#10432);
#2992=VERTEX_POINT('',#10437);
#2993=VERTEX_POINT('',#10444);
#2994=VERTEX_POINT('',#10445);
#2995=VERTEX_POINT('',#10447);
#2996=VERTEX_POINT('',#10451);
#2997=VERTEX_POINT('',#10453);
#2998=VERTEX_POINT('',#10457);
#2999=VERTEX_POINT('',#10464);
#3000=VERTEX_POINT('',#10465);
#3001=VERTEX_POINT('',#10470);
#3002=VERTEX_POINT('',#10472);
#3003=VERTEX_POINT('',#10477);
#3004=VERTEX_POINT('',#10482);
#3005=VERTEX_POINT('',#10496);
#3006=VERTEX_POINT('',#10497);
#3007=VERTEX_POINT('',#10505);
#3008=VERTEX_POINT('',#10516);
#3009=VERTEX_POINT('',#10530);
#3010=VERTEX_POINT('',#10537);
#3011=VERTEX_POINT('',#10554);
#3012=VERTEX_POINT('',#10555);
#3013=VERTEX_POINT('',#10557);
#3014=VERTEX_POINT('',#10559);
#3015=VERTEX_POINT('',#10566);
#3016=VERTEX_POINT('',#10568);
#3017=VERTEX_POINT('',#10572);
#3018=VERTEX_POINT('',#10583);
#3019=VERTEX_POINT('',#10593);
#3020=VERTEX_POINT('',#10594);
#3021=VERTEX_POINT('',#10599);
#3022=VERTEX_POINT('',#10601);
#3023=VERTEX_POINT('',#10606);
#3024=VERTEX_POINT('',#10611);
#3025=VERTEX_POINT('',#10625);
#3026=VERTEX_POINT('',#10627);
#3027=VERTEX_POINT('',#10634);
#3028=VERTEX_POINT('',#10645);
#3029=VERTEX_POINT('',#10659);
#3030=VERTEX_POINT('',#10666);
#3031=VERTEX_POINT('',#10684);
#3032=VERTEX_POINT('',#10685);
#3033=VERTEX_POINT('',#10687);
#3034=VERTEX_POINT('',#10689);
#3035=VERTEX_POINT('',#10691);
#3036=VERTEX_POINT('',#10696);
#3037=VERTEX_POINT('',#10701);
#3038=VERTEX_POINT('',#10710);
#3039=VERTEX_POINT('',#10711);
#3040=VERTEX_POINT('',#10716);
#3041=VERTEX_POINT('',#10721);
#3042=VERTEX_POINT('',#10731);
#3043=VERTEX_POINT('',#10732);
#3044=VERTEX_POINT('',#10737);
#3045=VERTEX_POINT('',#10741);
#3046=VERTEX_POINT('',#10752);
#3047=VERTEX_POINT('',#10753);
#3048=VERTEX_POINT('',#10768);
#3049=VERTEX_POINT('',#10782);
#3050=VERTEX_POINT('',#10796);
#3051=VERTEX_POINT('',#10810);
#3052=VERTEX_POINT('',#10836);
#3053=VERTEX_POINT('',#10856);
#3054=VERTEX_POINT('',#10857);
#3055=VERTEX_POINT('',#10862);
#3056=VERTEX_POINT('',#10867);
#3057=VERTEX_POINT('',#10872);
#3058=VERTEX_POINT('',#10878);
#3059=VERTEX_POINT('',#10879);
#3060=VERTEX_POINT('',#10884);
#3061=VERTEX_POINT('',#10889);
#3062=VERTEX_POINT('',#10906);
#3063=VERTEX_POINT('',#10908);
#3064=VERTEX_POINT('',#10922);
#3065=VERTEX_POINT('',#10936);
#3066=VERTEX_POINT('',#10938);
#3067=VERTEX_POINT('',#10952);
#3068=VERTEX_POINT('',#10966);
#3069=VERTEX_POINT('',#10980);
#3070=VERTEX_POINT('',#10999);
#3071=VERTEX_POINT('',#11016);
#3072=VERTEX_POINT('',#11017);
#3073=VERTEX_POINT('',#11019);
#3074=VERTEX_POINT('',#11021);
#3075=VERTEX_POINT('',#11025);
#3076=VERTEX_POINT('',#11026);
#3077=VERTEX_POINT('',#11031);
#3078=VERTEX_POINT('',#11035);
#3079=VERTEX_POINT('',#11043);
#3080=VERTEX_POINT('',#11044);
#3081=VERTEX_POINT('',#11046);
#3082=VERTEX_POINT('',#11048);
#3083=VERTEX_POINT('',#11052);
#3084=VERTEX_POINT('',#11054);
#3085=VERTEX_POINT('',#11058);
#3086=VERTEX_POINT('',#11060);
#3087=VERTEX_POINT('',#11092);
#3088=VERTEX_POINT('',#11093);
#3089=VERTEX_POINT('',#11098);
#3090=VERTEX_POINT('',#11100);
#3091=VERTEX_POINT('',#11105);
#3092=VERTEX_POINT('',#11146);
#3093=VERTEX_POINT('',#11148);
#3094=VERTEX_POINT('',#11150);
#3095=VERTEX_POINT('',#11201);
#3096=VERTEX_POINT('',#11203);
#3097=VERTEX_POINT('',#11297);
#3098=VERTEX_POINT('',#11298);
#3099=VERTEX_POINT('',#11313);
#3100=VERTEX_POINT('',#11380);
#3101=VERTEX_POINT('',#11381);
#3102=VERTEX_POINT('',#11432);
#3103=VERTEX_POINT('',#11433);
#3104=VERTEX_POINT('',#11494);
#3105=VERTEX_POINT('',#11495);
#3106=VERTEX_POINT('',#11540);
#3107=VERTEX_POINT('',#11542);
#3108=VERTEX_POINT('',#11544);
#3109=VERTEX_POINT('',#11567);
#3110=VERTEX_POINT('',#11606);
#3111=VERTEX_POINT('',#11608);
#3112=VERTEX_POINT('',#11626);
#3113=VERTEX_POINT('',#11649);
#3114=VERTEX_POINT('',#11650);
#3115=VERTEX_POINT('',#11655);
#3116=VERTEX_POINT('',#11657);
#3117=VERTEX_POINT('',#11742);
#3118=VERTEX_POINT('',#11743);
#3119=VERTEX_POINT('',#11801);
#3120=VERTEX_POINT('',#11802);
#3121=VERTEX_POINT('',#11865);
#3122=VERTEX_POINT('',#11866);
#3123=VERTEX_POINT('',#11966);
#3124=VERTEX_POINT('',#11967);
#3125=VERTEX_POINT('',#12013);
#3126=VERTEX_POINT('',#12015);
#3127=VERTEX_POINT('',#12040);
#3128=VERTEX_POINT('',#12042);
#3129=VERTEX_POINT('',#12044);
#3130=VERTEX_POINT('',#12046);
#3131=VERTEX_POINT('',#12076);
#3132=VERTEX_POINT('',#12102);
#3133=VERTEX_POINT('',#12104);
#3134=VERTEX_POINT('',#12106);
#3135=VERTEX_POINT('',#12110);
#3136=VERTEX_POINT('',#12112);
#3137=VERTEX_POINT('',#12126);
#3138=VERTEX_POINT('',#12130);
#3139=VERTEX_POINT('',#12132);
#3140=VERTEX_POINT('',#12143);
#3141=VERTEX_POINT('',#12145);
#3142=VERTEX_POINT('',#12147);
#3143=VERTEX_POINT('',#12151);
#3144=VERTEX_POINT('',#12152);
#3145=VERTEX_POINT('',#12154);
#3146=VERTEX_POINT('',#12156);
#3147=VERTEX_POINT('',#12158);
#3148=VERTEX_POINT('',#12160);
#3149=VERTEX_POINT('',#12162);
#3150=VERTEX_POINT('',#12164);
#3151=VERTEX_POINT('',#12166);
#3152=VERTEX_POINT('',#12168);
#3153=VERTEX_POINT('',#12170);
#3154=VERTEX_POINT('',#12172);
#3155=VERTEX_POINT('',#12174);
#3156=VERTEX_POINT('',#12176);
#3157=VERTEX_POINT('',#12178);
#3158=VERTEX_POINT('',#12180);
#3159=VERTEX_POINT('',#12182);
#3160=VERTEX_POINT('',#12184);
#3161=VERTEX_POINT('',#12186);
#3162=VERTEX_POINT('',#12188);
#3163=VERTEX_POINT('',#12190);
#3164=VERTEX_POINT('',#12192);
#3165=VERTEX_POINT('',#12194);
#3166=VERTEX_POINT('',#12196);
#3167=VERTEX_POINT('',#12199);
#3168=VERTEX_POINT('',#12200);
#3169=VERTEX_POINT('',#12209);
#3170=VERTEX_POINT('',#12210);
#3171=VERTEX_POINT('',#12212);
#3172=VERTEX_POINT('',#12214);
#3173=VERTEX_POINT('',#12218);
#3174=VERTEX_POINT('',#12245);
#3175=VERTEX_POINT('',#12246);
#3176=VERTEX_POINT('',#12252);
#3177=VERTEX_POINT('',#12257);
#3178=VERTEX_POINT('',#12317);
#3179=VERTEX_POINT('',#12318);
#3180=VERTEX_POINT('',#12434);
#3181=VERTEX_POINT('',#12498);
#3182=VERTEX_POINT('',#12499);
#3183=VERTEX_POINT('',#12557);
#3184=VERTEX_POINT('',#12558);
#3185=VERTEX_POINT('',#12621);
#3186=VERTEX_POINT('',#12622);
#3187=VERTEX_POINT('',#12667);
#3188=VERTEX_POINT('',#12671);
#3189=VERTEX_POINT('',#12675);
#3190=VERTEX_POINT('',#12680);
#3191=VERTEX_POINT('',#12682);
#3192=VERTEX_POINT('',#12691);
#3193=VERTEX_POINT('',#12702);
#3194=VERTEX_POINT('',#12725);
#3195=VERTEX_POINT('',#12726);
#3196=VERTEX_POINT('',#12731);
#3197=VERTEX_POINT('',#12733);
#3198=VERTEX_POINT('',#12811);
#3199=VERTEX_POINT('',#12812);
#3200=VERTEX_POINT('',#12868);
#3201=VERTEX_POINT('',#12869);
#3202=VERTEX_POINT('',#12932);
#3203=VERTEX_POINT('',#12933);
#3204=VERTEX_POINT('',#13040);
#3205=VERTEX_POINT('',#13041);
#3206=VERTEX_POINT('',#13056);
#3207=VERTEX_POINT('',#13094);
#3208=VERTEX_POINT('',#13096);
#3209=VERTEX_POINT('',#13121);
#3210=VERTEX_POINT('',#13181);
#3211=VERTEX_POINT('',#13185);
#3212=VERTEX_POINT('',#13188);
#3213=VERTEX_POINT('',#13191);
#3214=VERTEX_POINT('',#13194);
#3215=VERTEX_POINT('',#13197);
#3216=VERTEX_POINT('',#13236);
#3217=VERTEX_POINT('',#13238);
#3218=VERTEX_POINT('',#13314);
#3219=VERTEX_POINT('',#13342);
#3220=VERTEX_POINT('',#13350);
#3221=VERTEX_POINT('',#13352);
#3222=VERTEX_POINT('',#13375);
#3223=VERTEX_POINT('',#13377);
#3224=VERTEX_POINT('',#13427);
#3225=VERTEX_POINT('',#13428);
#3226=VERTEX_POINT('',#13433);
#3227=VERTEX_POINT('',#13435);
#3228=VERTEX_POINT('',#13437);
#3229=VERTEX_POINT('',#13439);
#3230=VERTEX_POINT('',#13441);
#3231=VERTEX_POINT('',#13443);
#3232=VERTEX_POINT('',#13445);
#3233=VERTEX_POINT('',#13449);
#3234=VERTEX_POINT('',#13453);
#3235=VERTEX_POINT('',#13457);
#3236=VERTEX_POINT('',#13459);
#3237=VERTEX_POINT('',#13461);
#3238=VERTEX_POINT('',#13463);
#3239=VERTEX_POINT('',#13465);
#3240=VERTEX_POINT('',#13467);
#3241=VERTEX_POINT('',#13469);
#3242=VERTEX_POINT('',#13471);
#3243=VERTEX_POINT('',#13473);
#3244=VERTEX_POINT('',#13477);
#3245=VERTEX_POINT('',#13487);
#3246=VERTEX_POINT('',#13489);
#3247=VERTEX_POINT('',#13491);
#3248=VERTEX_POINT('',#13493);
#3249=VERTEX_POINT('',#13495);
#3250=VERTEX_POINT('',#13497);
#3251=VERTEX_POINT('',#13499);
#3252=VERTEX_POINT('',#13501);
#3253=VERTEX_POINT('',#13503);
#3254=VERTEX_POINT('',#13505);
#3255=VERTEX_POINT('',#13508);
#3256=VERTEX_POINT('',#13510);
#3257=VERTEX_POINT('',#13513);
#3258=VERTEX_POINT('',#13515);
#3259=VERTEX_POINT('',#13519);
#3260=VERTEX_POINT('',#13523);
#3261=VERTEX_POINT('',#13529);
#3262=VERTEX_POINT('',#13530);
#3263=VERTEX_POINT('',#13532);
#3264=VERTEX_POINT('',#13534);
#3265=VERTEX_POINT('',#13538);
#3266=VERTEX_POINT('',#13540);
#3267=VERTEX_POINT('',#13544);
#3268=VERTEX_POINT('',#13548);
#3269=VERTEX_POINT('',#13554);
#3270=VERTEX_POINT('',#13556);
#3271=VERTEX_POINT('',#13560);
#3272=VERTEX_POINT('',#13564);
#3273=VERTEX_POINT('',#13565);
#3274=VERTEX_POINT('',#13567);
#3275=VERTEX_POINT('',#13569);
#3276=VERTEX_POINT('',#13573);
#3277=VERTEX_POINT('',#13574);
#3278=VERTEX_POINT('',#13576);
#3279=VERTEX_POINT('',#13578);
#3280=VERTEX_POINT('',#13580);
#3281=VERTEX_POINT('',#13582);
#3282=VERTEX_POINT('',#13584);
#3283=VERTEX_POINT('',#13586);
#3284=VERTEX_POINT('',#13588);
#3285=VERTEX_POINT('',#13590);
#3286=VERTEX_POINT('',#13592);
#3287=VERTEX_POINT('',#13594);
#3288=VERTEX_POINT('',#13596);
#3289=VERTEX_POINT('',#13598);
#3290=VERTEX_POINT('',#13600);
#3291=VERTEX_POINT('',#13602);
#3292=VERTEX_POINT('',#13604);
#3293=VERTEX_POINT('',#13606);
#3294=VERTEX_POINT('',#13608);
#3295=VERTEX_POINT('',#13610);
#3296=VERTEX_POINT('',#13612);
#3297=VERTEX_POINT('',#13614);
#3298=VERTEX_POINT('',#13616);
#3299=VERTEX_POINT('',#13618);
#3300=VERTEX_POINT('',#13620);
#3301=VERTEX_POINT('',#13622);
#3302=VERTEX_POINT('',#13624);
#3303=VERTEX_POINT('',#13627);
#3304=VERTEX_POINT('',#13628);
#3305=VERTEX_POINT('',#13630);
#3306=VERTEX_POINT('',#13632);
#3307=VERTEX_POINT('',#13636);
#3308=VERTEX_POINT('',#13642);
#3309=VERTEX_POINT('',#13643);
#3310=VERTEX_POINT('',#13645);
#3311=VERTEX_POINT('',#13647);
#3312=VERTEX_POINT('',#13649);
#3313=VERTEX_POINT('',#13652);
#3314=VERTEX_POINT('',#13656);
#3315=VERTEX_POINT('',#13658);
#3316=VERTEX_POINT('',#13662);
#3317=VERTEX_POINT('',#13666);
#3318=VERTEX_POINT('',#13670);
#3319=VERTEX_POINT('',#13672);
#3320=VERTEX_POINT('',#13676);
#3321=VERTEX_POINT('',#13680);
#3322=VERTEX_POINT('',#13687);
#3323=VERTEX_POINT('',#13689);
#3324=VERTEX_POINT('',#13699);
#3325=VERTEX_POINT('',#13703);
#3326=VERTEX_POINT('',#13705);
#3327=VERTEX_POINT('',#13707);
#3328=VERTEX_POINT('',#13716);
#3329=VERTEX_POINT('',#13727);
#3330=VERTEX_POINT('',#13729);
#3331=VERTEX_POINT('',#13731);
#3332=VERTEX_POINT('',#13734);
#3333=VERTEX_POINT('',#13745);
#3334=VERTEX_POINT('',#13750);
#3335=VERTEX_POINT('',#13761);
#3336=VERTEX_POINT('',#13763);
#3337=VERTEX_POINT('',#13766);
#3338=VERTEX_POINT('',#13768);
#3339=VERTEX_POINT('',#13770);
#3340=VERTEX_POINT('',#13783);
#3341=VERTEX_POINT('',#13785);
#3342=VERTEX_POINT('',#13787);
#3343=VERTEX_POINT('',#13789);
#3344=VERTEX_POINT('',#13802);
#3345=VERTEX_POINT('',#13808);
#3346=VERTEX_POINT('',#13810);
#3347=VERTEX_POINT('',#13814);
#3348=VERTEX_POINT('',#13818);
#3349=VERTEX_POINT('',#13820);
#3350=VERTEX_POINT('',#13824);
#3351=VERTEX_POINT('',#13828);
#3352=VERTEX_POINT('',#13830);
#3353=VERTEX_POINT('',#13832);
#3354=VERTEX_POINT('',#13841);
#3355=VERTEX_POINT('',#13852);
#3356=VERTEX_POINT('',#13858);
#3357=VERTEX_POINT('',#13860);
#3358=VERTEX_POINT('',#13864);
#3359=VERTEX_POINT('',#13867);
#3360=VERTEX_POINT('',#13869);
#3361=VERTEX_POINT('',#13875);
#3362=VERTEX_POINT('',#13877);
#3363=VERTEX_POINT('',#13881);
#3364=VERTEX_POINT('',#13912);
#3365=VERTEX_POINT('',#13914);
#3366=VERTEX_POINT('',#13955);
#3367=VERTEX_POINT('',#13957);
#3368=VERTEX_POINT('',#13979);
#3369=VERTEX_POINT('',#13980);
#3370=VERTEX_POINT('',#13988);
#3371=VERTEX_POINT('',#13995);
#3372=VERTEX_POINT('',#13996);
#3373=VERTEX_POINT('',#14004);
#3374=VERTEX_POINT('',#14011);
#3375=VERTEX_POINT('',#14012);
#3376=VERTEX_POINT('',#14020);
#3377=VERTEX_POINT('',#14024);
#3378=VERTEX_POINT('',#14028);
#3379=VERTEX_POINT('',#14034);
#3380=VERTEX_POINT('',#14041);
#3381=VERTEX_POINT('',#14042);
#3382=VERTEX_POINT('',#14050);
#3383=VERTEX_POINT('',#14054);
#3384=VERTEX_POINT('',#14058);
#3385=VERTEX_POINT('',#14064);
#3386=VERTEX_POINT('',#14068);
#3387=VERTEX_POINT('',#14072);
#3388=VERTEX_POINT('',#14078);
#3389=VERTEX_POINT('',#14085);
#3390=VERTEX_POINT('',#14089);
#3391=VERTEX_POINT('',#14093);
#3392=VERTEX_POINT('',#14099);
#3393=VERTEX_POINT('',#14101);
#3394=VERTEX_POINT('',#14105);
#3395=VERTEX_POINT('',#14109);
#3396=VERTEX_POINT('',#14113);
#3397=VERTEX_POINT('',#14117);
#3398=VERTEX_POINT('',#14121);
#3399=VERTEX_POINT('',#14125);
#3400=VERTEX_POINT('',#14129);
#3401=VERTEX_POINT('',#14133);
#3402=VERTEX_POINT('',#14137);
#3403=VERTEX_POINT('',#14141);
#3404=VERTEX_POINT('',#14145);
#3405=VERTEX_POINT('',#14149);
#3406=VERTEX_POINT('',#14153);
#3407=VERTEX_POINT('',#14157);
#3408=VERTEX_POINT('',#14161);
#3409=VERTEX_POINT('',#14165);
#3410=VERTEX_POINT('',#14169);
#3411=VERTEX_POINT('',#14173);
#3412=VERTEX_POINT('',#14177);
#3413=VERTEX_POINT('',#14181);
#3414=VERTEX_POINT('',#14185);
#3415=VERTEX_POINT('',#14189);
#3416=VERTEX_POINT('',#14197);
#3417=VERTEX_POINT('',#14198);
#3418=VERTEX_POINT('',#14200);
#3419=VERTEX_POINT('',#14202);
#3420=VERTEX_POINT('',#14204);
#3421=VERTEX_POINT('',#14206);
#3422=VERTEX_POINT('',#14208);
#3423=VERTEX_POINT('',#14210);
#3424=VERTEX_POINT('',#14214);
#3425=VERTEX_POINT('',#14216);
#3426=VERTEX_POINT('',#14220);
#3427=VERTEX_POINT('',#14222);
#3428=VERTEX_POINT('',#14226);
#3429=VERTEX_POINT('',#14229);
#3430=VERTEX_POINT('',#14233);
#3431=VERTEX_POINT('',#14240);
#3432=VERTEX_POINT('',#14246);
#3433=VERTEX_POINT('',#14247);
#3434=VERTEX_POINT('',#14249);
#3435=VERTEX_POINT('',#14251);
#3436=VERTEX_POINT('',#14255);
#3437=VERTEX_POINT('',#14257);
#3438=VERTEX_POINT('',#14261);
#3439=VERTEX_POINT('',#14263);
#3440=VERTEX_POINT('',#14267);
#3441=VERTEX_POINT('',#14269);
#3442=VERTEX_POINT('',#14273);
#3443=VERTEX_POINT('',#14275);
#3444=VERTEX_POINT('',#14279);
#3445=VERTEX_POINT('',#14281);
#3446=VERTEX_POINT('',#14285);
#3447=VERTEX_POINT('',#14287);
#3448=VERTEX_POINT('',#14291);
#3449=VERTEX_POINT('',#14293);
#3450=VERTEX_POINT('',#14297);
#3451=VERTEX_POINT('',#14299);
#3452=VERTEX_POINT('',#14303);
#3453=VERTEX_POINT('',#14305);
#3454=VERTEX_POINT('',#14309);
#3455=VERTEX_POINT('',#14311);
#3456=VERTEX_POINT('',#14315);
#3457=VERTEX_POINT('',#14317);
#3458=VERTEX_POINT('',#14321);
#3459=VERTEX_POINT('',#14323);
#3460=VERTEX_POINT('',#14327);
#3461=VERTEX_POINT('',#14329);
#3462=VERTEX_POINT('',#14333);
#3463=VERTEX_POINT('',#14335);
#3464=VERTEX_POINT('',#14339);
#3465=VERTEX_POINT('',#14341);
#3466=VERTEX_POINT('',#14345);
#3467=VERTEX_POINT('',#14347);
#3468=VERTEX_POINT('',#14351);
#3469=VERTEX_POINT('',#14353);
#3470=VERTEX_POINT('',#14357);
#3471=VERTEX_POINT('',#14359);
#3472=VERTEX_POINT('',#14363);
#3473=VERTEX_POINT('',#14365);
#3474=VERTEX_POINT('',#14369);
#3475=VERTEX_POINT('',#14371);
#3476=VERTEX_POINT('',#14375);
#3477=VERTEX_POINT('',#14377);
#3478=VERTEX_POINT('',#14381);
#3479=VERTEX_POINT('',#14383);
#3480=VERTEX_POINT('',#14390);
#3481=VERTEX_POINT('',#14391);
#3482=VERTEX_POINT('',#14393);
#3483=VERTEX_POINT('',#14395);
#3484=VERTEX_POINT('',#14397);
#3485=VERTEX_POINT('',#14399);
#3486=VERTEX_POINT('',#14401);
#3487=VERTEX_POINT('',#14403);
#3488=VERTEX_POINT('',#14405);
#3489=VERTEX_POINT('',#14407);
#3490=VERTEX_POINT('',#14409);
#3491=VERTEX_POINT('',#14411);
#3492=VERTEX_POINT('',#14413);
#3493=VERTEX_POINT('',#14415);
#3494=VERTEX_POINT('',#14417);
#3495=VERTEX_POINT('',#14419);
#3496=VERTEX_POINT('',#14423);
#3497=VERTEX_POINT('',#14424);
#3498=VERTEX_POINT('',#14429);
#3499=VERTEX_POINT('',#14433);
#3500=VERTEX_POINT('',#14437);
#3501=VERTEX_POINT('',#14441);
#3502=VERTEX_POINT('',#14445);
#3503=VERTEX_POINT('',#14449);
#3504=VERTEX_POINT('',#14453);
#3505=VERTEX_POINT('',#14457);
#3506=VERTEX_POINT('',#14461);
#3507=VERTEX_POINT('',#14465);
#3508=VERTEX_POINT('',#14469);
#3509=VERTEX_POINT('',#14473);
#3510=VERTEX_POINT('',#14477);
#3511=VERTEX_POINT('',#14481);
#3512=VERTEX_POINT('',#14488);
#3513=VERTEX_POINT('',#14492);
#3514=VERTEX_POINT('',#14496);
#3515=VERTEX_POINT('',#14500);
#3516=VERTEX_POINT('',#14502);
#3517=VERTEX_POINT('',#14507);
#3518=VERTEX_POINT('',#14511);
#3519=VERTEX_POINT('',#14519);
#3520=VERTEX_POINT('',#14521);
#3521=VERTEX_POINT('',#14525);
#3522=VERTEX_POINT('',#14529);
#3523=VERTEX_POINT('',#14534);
#3524=VERTEX_POINT('',#14538);
#3525=VERTEX_POINT('',#14542);
#3526=VERTEX_POINT('',#14548);
#3527=VERTEX_POINT('',#14550);
#3528=VERTEX_POINT('',#14557);
#3529=VERTEX_POINT('',#14561);
#3530=VERTEX_POINT('',#14563);
#3531=VERTEX_POINT('',#14565);
#3532=VERTEX_POINT('',#14567);
#3533=VERTEX_POINT('',#14581);
#3534=VERTEX_POINT('',#14582);
#3535=VERTEX_POINT('',#14584);
#3536=VERTEX_POINT('',#14586);
#3537=VERTEX_POINT('',#14588);
#3538=VERTEX_POINT('',#14592);
#3539=VERTEX_POINT('',#14596);
#3540=VERTEX_POINT('',#14597);
#3541=VERTEX_POINT('',#14599);
#3542=VERTEX_POINT('',#14601);
#3543=VERTEX_POINT('',#14603);
#3544=VERTEX_POINT('',#14605);
#3545=VERTEX_POINT('',#14607);
#3546=VERTEX_POINT('',#14609);
#3547=VERTEX_POINT('',#14611);
#3548=VERTEX_POINT('',#14613);
#3549=VERTEX_POINT('',#14615);
#3550=VERTEX_POINT('',#14617);
#3551=VERTEX_POINT('',#14619);
#3552=VERTEX_POINT('',#14621);
#3553=VERTEX_POINT('',#14623);
#3554=VERTEX_POINT('',#14625);
#3555=VERTEX_POINT('',#14627);
#3556=VERTEX_POINT('',#14629);
#3557=VERTEX_POINT('',#14634);
#3558=VERTEX_POINT('',#14636);
#3559=VERTEX_POINT('',#14640);
#3560=VERTEX_POINT('',#14644);
#3561=VERTEX_POINT('',#14648);
#3562=VERTEX_POINT('',#14652);
#3563=VERTEX_POINT('',#14656);
#3564=VERTEX_POINT('',#14660);
#3565=VERTEX_POINT('',#14662);
#3566=VERTEX_POINT('',#14666);
#3567=VERTEX_POINT('',#14667);
#3568=VERTEX_POINT('',#14669);
#3569=VERTEX_POINT('',#14674);
#3570=VERTEX_POINT('',#14678);
#3571=VERTEX_POINT('',#14682);
#3572=VERTEX_POINT('',#14686);
#3573=VERTEX_POINT('',#14690);
#3574=VERTEX_POINT('',#14694);
#3575=VERTEX_POINT('',#14702);
#3576=VERTEX_POINT('',#14704);
#3577=VERTEX_POINT('',#14708);
#3578=VERTEX_POINT('',#14712);
#3579=VERTEX_POINT('',#14714);
#3580=VERTEX_POINT('',#14716);
#3581=VERTEX_POINT('',#14718);
#3582=VERTEX_POINT('',#14720);
#3583=VERTEX_POINT('',#14722);
#3584=VERTEX_POINT('',#14724);
#3585=VERTEX_POINT('',#14726);
#3586=VERTEX_POINT('',#14728);
#3587=VERTEX_POINT('',#14730);
#3588=VERTEX_POINT('',#14734);
#3589=VERTEX_POINT('',#14736);
#3590=VERTEX_POINT('',#14740);
#3591=VERTEX_POINT('',#14741);
#3592=VERTEX_POINT('',#14743);
#3593=VERTEX_POINT('',#14745);
#3594=VERTEX_POINT('',#14747);
#3595=VERTEX_POINT('',#14751);
#3596=VERTEX_POINT('',#14755);
#3597=VERTEX_POINT('',#14756);
#3598=VERTEX_POINT('',#14758);
#3599=VERTEX_POINT('',#14762);
#3600=VERTEX_POINT('',#14764);
#3601=VERTEX_POINT('',#14766);
#3602=VERTEX_POINT('',#14770);
#3603=VERTEX_POINT('',#14774);
#3604=VERTEX_POINT('',#14775);
#3605=VERTEX_POINT('',#14780);
#3606=VERTEX_POINT('',#14784);
#3607=VERTEX_POINT('',#14788);
#3608=VERTEX_POINT('',#14790);
#3609=VERTEX_POINT('',#14794);
#3610=VERTEX_POINT('',#14796);
#3611=VERTEX_POINT('',#14800);
#3612=VERTEX_POINT('',#14804);
#3613=VERTEX_POINT('',#14805);
#3614=VERTEX_POINT('',#14810);
#3615=VERTEX_POINT('',#14814);
#3616=VERTEX_POINT('',#14818);
#3617=VERTEX_POINT('',#14820);
#3618=VERTEX_POINT('',#14824);
#3619=VERTEX_POINT('',#14828);
#3620=VERTEX_POINT('',#14836);
#3621=VERTEX_POINT('',#14838);
#3622=VERTEX_POINT('',#14842);
#3623=VERTEX_POINT('',#14844);
#3624=VERTEX_POINT('',#14846);
#3625=VERTEX_POINT('',#14848);
#3626=VERTEX_POINT('',#14850);
#3627=VERTEX_POINT('',#14852);
#3628=VERTEX_POINT('',#14854);
#3629=VERTEX_POINT('',#14856);
#3630=VERTEX_POINT('',#14858);
#3631=VERTEX_POINT('',#14860);
#3632=VERTEX_POINT('',#14864);
#3633=VERTEX_POINT('',#14866);
#3634=VERTEX_POINT('',#14870);
#3635=VERTEX_POINT('',#14874);
#3636=VERTEX_POINT('',#14878);
#3637=VERTEX_POINT('',#14879);
#3638=VERTEX_POINT('',#14884);
#3639=VERTEX_POINT('',#14885);
#3640=VERTEX_POINT('',#14892);
#3641=VERTEX_POINT('',#14894);
#3642=VERTEX_POINT('',#14900);
#3643=VERTEX_POINT('',#14901);
#3644=VERTEX_POINT('',#14906);
#3645=VERTEX_POINT('',#14907);
#3646=VERTEX_POINT('',#14921);
#3647=VERTEX_POINT('',#14928);
#3648=VERTEX_POINT('',#14934);
#3649=VERTEX_POINT('',#14940);
#3650=VERTEX_POINT('',#14949);
#3651=VERTEX_POINT('',#14953);
#3652=VERTEX_POINT('',#14955);
#3653=VERTEX_POINT('',#14959);
#3654=VERTEX_POINT('',#14963);
#3655=VERTEX_POINT('',#14965);
#3656=VERTEX_POINT('',#14969);
#3657=VERTEX_POINT('',#14971);
#3658=VERTEX_POINT('',#14977);
#3659=VERTEX_POINT('',#14981);
#3660=VERTEX_POINT('',#14982);
#3661=VERTEX_POINT('',#14987);
#3662=VERTEX_POINT('',#14988);
#3663=VERTEX_POINT('',#15002);
#3664=VERTEX_POINT('',#15008);
#3665=VERTEX_POINT('',#15014);
#3666=VERTEX_POINT('',#15020);
#3667=VERTEX_POINT('',#15030);
#3668=VERTEX_POINT('',#15032);
#3669=VERTEX_POINT('',#15035);
#3670=VERTEX_POINT('',#15036);
#3671=VERTEX_POINT('',#15041);
#3672=VERTEX_POINT('',#15056);
#3673=VERTEX_POINT('',#15062);
#3674=VERTEX_POINT('',#15077);
#3675=VERTEX_POINT('',#15081);
#3676=VERTEX_POINT('',#15087);
#3677=EDGE_CURVE('',#2975,#2976,#2947,.T.);
#3678=EDGE_CURVE('',#2976,#2977,#1573,.T.);
#3679=EDGE_CURVE('',#2977,#2978,#1574,.T.);
#3680=EDGE_CURVE('',#2978,#2979,#2948,.T.);
#3681=EDGE_CURVE('',#2979,#2980,#2949,.T.);
#3682=EDGE_CURVE('',#2980,#2975,#1575,.T.);
#3683=EDGE_CURVE('',#2981,#2982,#513,.T.);
#3684=EDGE_CURVE('',#2981,#2976,#1576,.T.);
#3685=EDGE_CURVE('',#2982,#2975,#1577,.T.);
#3686=EDGE_CURVE('',#2983,#2981,#1578,.T.);
#3687=EDGE_CURVE('',#2983,#2977,#1579,.T.);
#3688=EDGE_CURVE('',#2984,#2983,#1580,.T.);
#3689=EDGE_CURVE('',#2984,#2978,#1581,.T.);
#3690=EDGE_CURVE('',#2982,#2985,#1582,.T.);
#3691=EDGE_CURVE('',#2985,#2980,#1583,.T.);
#3692=EDGE_CURVE('',#2985,#2986,#514,.T.);
#3693=EDGE_CURVE('',#2986,#2979,#1584,.T.);
#3694=EDGE_CURVE('',#2986,#2984,#515,.T.);
#3695=EDGE_CURVE('',#2987,#2988,#1585,.T.);
#3696=EDGE_CURVE('',#2988,#2989,#1586,.T.);
#3697=EDGE_CURVE('',#2989,#2987,#1587,.T.);
#3698=EDGE_CURVE('',#2990,#2991,#1588,.T.);
#3699=EDGE_CURVE('',#2990,#2988,#1589,.T.);
#3700=EDGE_CURVE('',#2991,#2987,#1590,.T.);
#3701=EDGE_CURVE('',#2991,#2992,#1591,.T.);
#3702=EDGE_CURVE('',#2992,#2989,#1592,.T.);
#3703=EDGE_CURVE('',#2992,#2990,#1593,.T.);
#3704=EDGE_CURVE('',#2993,#2994,#1594,.T.);
#3705=EDGE_CURVE('',#2994,#2995,#1595,.T.);
#3706=EDGE_CURVE('',#2995,#2993,#1596,.T.);
#3707=EDGE_CURVE('',#2994,#2996,#1597,.T.);
#3708=EDGE_CURVE('',#2997,#2996,#1598,.T.);
#3709=EDGE_CURVE('',#2995,#2997,#1599,.T.);
#3710=EDGE_CURVE('',#2993,#2998,#1600,.T.);
#3711=EDGE_CURVE('',#2996,#2998,#1601,.T.);
#3712=EDGE_CURVE('',#2998,#2997,#1602,.T.);
#3713=EDGE_CURVE('',#2999,#3000,#2950,.T.);
#3714=EDGE_CURVE('',#3000,#3001,#1603,.T.);
#3715=EDGE_CURVE('',#3001,#3002,#2951,.T.);
#3716=EDGE_CURVE('',#3002,#3003,#2952,.T.);
#3717=EDGE_CURVE('',#3003,#3004,#1604,.T.);
#3718=EDGE_CURVE('',#3004,#2999,#2953,.T.);
#3719=EDGE_CURVE('',#3005,#3006,#516,.T.);
#3720=EDGE_CURVE('',#3005,#3000,#1605,.T.);
#3721=EDGE_CURVE('',#3006,#2999,#1606,.T.);
#3722=EDGE_CURVE('',#3007,#3005,#1607,.T.);
#3723=EDGE_CURVE('',#3007,#3001,#1608,.T.);
#3724=EDGE_CURVE('',#3008,#3007,#517,.T.);
#3725=EDGE_CURVE('',#3008,#3002,#1609,.T.);
#3726=EDGE_CURVE('',#3006,#3009,#518,.T.);
#3727=EDGE_CURVE('',#3009,#3004,#1610,.T.);
#3728=EDGE_CURVE('',#3009,#3010,#1611,.T.);
#3729=EDGE_CURVE('',#3010,#3003,#1612,.T.);
#3730=EDGE_CURVE('',#3010,#3008,#519,.T.);
#3731=EDGE_CURVE('',#3011,#3012,#1613,.T.);
#3732=EDGE_CURVE('',#3012,#3013,#1614,.T.);
#3733=EDGE_CURVE('',#3013,#3014,#520,.T.);
#3734=EDGE_CURVE('',#3014,#3011,#1615,.T.);
#3735=EDGE_CURVE('',#3012,#3015,#1616,.T.);
#3736=EDGE_CURVE('',#3016,#3015,#1617,.T.);
#3737=EDGE_CURVE('',#3013,#3016,#1618,.T.);
#3738=EDGE_CURVE('',#3011,#3017,#1619,.T.);
#3739=EDGE_CURVE('',#3015,#3017,#1620,.T.);
#3740=EDGE_CURVE('',#3018,#3016,#2954,.T.);
#3741=EDGE_CURVE('',#3014,#3018,#1621,.T.);
#3742=EDGE_CURVE('',#3017,#3018,#1622,.T.);
#3743=EDGE_CURVE('',#3019,#3020,#521,.T.);
#3744=EDGE_CURVE('',#3020,#3021,#1623,.T.);
#3745=EDGE_CURVE('',#3021,#3022,#522,.T.);
#3746=EDGE_CURVE('',#3022,#3023,#523,.T.);
#3747=EDGE_CURVE('',#3023,#3024,#1624,.T.);
#3748=EDGE_CURVE('',#3024,#3019,#524,.T.);
#3749=EDGE_CURVE('',#3021,#3025,#1625,.T.);
#3750=EDGE_CURVE('',#3026,#3025,#2955,.T.);
#3751=EDGE_CURVE('',#3022,#3026,#1626,.T.);
#3752=EDGE_CURVE('',#3020,#3027,#1627,.T.);
#3753=EDGE_CURVE('',#3025,#3027,#1628,.T.);
#3754=EDGE_CURVE('',#3019,#3028,#1629,.T.);
#3755=EDGE_CURVE('',#3027,#3028,#2956,.T.);
#3756=EDGE_CURVE('',#3029,#3026,#2957,.T.);
#3757=EDGE_CURVE('',#3023,#3029,#1630,.T.);
#3758=EDGE_CURVE('',#3030,#3029,#1631,.T.);
#3759=EDGE_CURVE('',#3024,#3030,#1632,.T.);
#3760=EDGE_CURVE('',#3028,#3030,#2958,.T.);
#3761=EDGE_CURVE('',#3031,#3032,#1633,.T.);
#3762=EDGE_CURVE('',#3032,#3033,#1634,.T.);
#3763=EDGE_CURVE('',#3033,#3034,#1635,.T.);
#3764=EDGE_CURVE('',#3034,#3035,#2959,.T.);
#3765=EDGE_CURVE('',#3035,#3036,#2960,.T.);
#3766=EDGE_CURVE('',#3036,#3037,#2961,.T.);
#3767=EDGE_CURVE('',#3037,#3031,#2962,.T.);
#3768=EDGE_CURVE('',#3038,#3039,#2963,.T.);
#3769=EDGE_CURVE('',#3039,#3040,#2964,.T.);
#3770=EDGE_CURVE('',#3040,#3041,#2965,.T.);
#3771=EDGE_CURVE('',#3041,#3038,#2966,.T.);
#3772=EDGE_CURVE('',#3042,#3043,#1636,.T.);
#3773=EDGE_CURVE('',#3042,#3032,#1637,.T.);
#3774=EDGE_CURVE('',#3043,#3031,#1638,.T.);
#3775=EDGE_CURVE('',#3044,#3042,#1639,.T.);
#3776=EDGE_CURVE('',#3044,#3033,#1640,.T.);
#3777=EDGE_CURVE('',#3045,#3044,#1641,.T.);
#3778=EDGE_CURVE('',#3045,#3034,#1642,.T.);
#3779=EDGE_CURVE('',#3046,#3047,#525,.T.);
#3780=EDGE_CURVE('',#3046,#3039,#1643,.T.);
#3781=EDGE_CURVE('',#3047,#3038,#1644,.T.);
#3782=EDGE_CURVE('',#3048,#3046,#526,.T.);
#3783=EDGE_CURVE('',#3048,#3040,#1645,.T.);
#3784=EDGE_CURVE('',#3043,#3049,#527,.T.);
#3785=EDGE_CURVE('',#3049,#3037,#1646,.T.);
#3786=EDGE_CURVE('',#3049,#3050,#528,.T.);
#3787=EDGE_CURVE('',#3050,#3036,#1647,.T.);
#3788=EDGE_CURVE('',#3050,#3051,#529,.T.);
#3789=EDGE_CURVE('',#3051,#3035,#1648,.T.);
#3790=EDGE_CURVE('',#3051,#3045,#530,.T.);
#3791=EDGE_CURVE('',#3047,#3052,#531,.T.);
#3792=EDGE_CURVE('',#3052,#3041,#1649,.T.);
#3793=EDGE_CURVE('',#3052,#3048,#532,.T.);
#3794=EDGE_CURVE('',#3053,#3054,#533,.T.);
#3795=EDGE_CURVE('',#3054,#3055,#534,.T.);
#3796=EDGE_CURVE('',#3055,#3056,#535,.T.);
#3797=EDGE_CURVE('',#3056,#3057,#1650,.T.);
#3798=EDGE_CURVE('',#3057,#3053,#536,.T.);
#3799=EDGE_CURVE('',#3058,#3059,#537,.T.);
#3800=EDGE_CURVE('',#3059,#3060,#538,.T.);
#3801=EDGE_CURVE('',#3060,#3061,#539,.T.);
#3802=EDGE_CURVE('',#3061,#3058,#540,.T.);
#3803=EDGE_CURVE('',#3059,#3062,#1651,.T.);
#3804=EDGE_CURVE('',#3063,#3062,#2967,.T.);
#3805=EDGE_CURVE('',#3060,#3063,#1652,.T.);
#3806=EDGE_CURVE('',#3058,#3064,#1653,.T.);
#3807=EDGE_CURVE('',#3062,#3064,#2968,.T.);
#3808=EDGE_CURVE('',#3055,#3065,#1654,.T.);
#3809=EDGE_CURVE('',#3066,#3065,#2969,.T.);
#3810=EDGE_CURVE('',#3056,#3066,#1655,.T.);
#3811=EDGE_CURVE('',#3054,#3067,#1656,.T.);
#3812=EDGE_CURVE('',#3065,#3067,#2970,.T.);
#3813=EDGE_CURVE('',#3053,#3068,#1657,.T.);
#3814=EDGE_CURVE('',#3067,#3068,#2971,.T.);
#3815=EDGE_CURVE('',#3069,#3063,#2972,.T.);
#3816=EDGE_CURVE('',#3061,#3069,#1658,.T.);
#3817=EDGE_CURVE('',#3064,#3069,#2973,.T.);
#3818=EDGE_CURVE('',#3070,#3066,#1659,.T.);
#3819=EDGE_CURVE('',#3057,#3070,#1660,.T.);
#3820=EDGE_CURVE('',#3068,#3070,#2974,.T.);
#3821=EDGE_CURVE('',#3071,#3072,#1661,.T.);
#3822=EDGE_CURVE('',#3072,#3073,#1662,.T.);
#3823=EDGE_CURVE('',#3073,#3074,#1663,.T.);
#3824=EDGE_CURVE('',#3074,#3071,#1664,.T.);
#3825=EDGE_CURVE('',#3075,#3076,#1665,.T.);
#3826=EDGE_CURVE('',#3075,#3072,#1666,.T.);
#3827=EDGE_CURVE('',#3076,#3071,#1667,.T.);
#3828=EDGE_CURVE('',#3077,#3075,#1668,.T.);
#3829=EDGE_CURVE('',#3077,#3073,#1669,.T.);
#3830=EDGE_CURVE('',#3076,#3078,#1670,.T.);
#3831=EDGE_CURVE('',#3078,#3074,#1671,.T.);
#3832=EDGE_CURVE('',#3078,#3077,#1672,.T.);
#3833=EDGE_CURVE('',#3079,#3080,#1673,.T.);
#3834=EDGE_CURVE('',#3080,#3081,#1674,.T.);
#3835=EDGE_CURVE('',#3082,#3081,#1675,.T.);
#3836=EDGE_CURVE('',#3079,#3082,#1676,.T.);
#3837=EDGE_CURVE('',#3083,#3079,#1677,.T.);
#3838=EDGE_CURVE('',#3084,#3082,#1678,.T.);
#3839=EDGE_CURVE('',#3083,#3084,#1679,.T.);
#3840=EDGE_CURVE('',#3085,#3083,#1680,.T.);
#3841=EDGE_CURVE('',#3086,#3084,#1681,.T.);
#3842=EDGE_CURVE('',#3085,#3086,#1682,.T.);
#3843=EDGE_CURVE('',#3080,#3085,#1683,.T.);
#3844=EDGE_CURVE('',#3081,#3086,#1684,.T.);
#3845=EDGE_CURVE('',#3087,#3088,#541,.T.);
#3846=EDGE_CURVE('',#3088,#3089,#163,.T.);
#3847=EDGE_CURVE('',#3089,#3090,#542,.T.);
#3848=EDGE_CURVE('',#3090,#3091,#543,.T.);
#3849=EDGE_CURVE('',#3091,#3087,#544,.T.);
#3850=EDGE_CURVE('',#3092,#3089,#164,.T.);
#3851=EDGE_CURVE('',#3088,#3093,#165,.T.);
#3852=EDGE_CURVE('',#3093,#3094,#545,.T.);
#3853=EDGE_CURVE('',#3094,#3092,#546,.T.);
#3854=EDGE_CURVE('',#3093,#3095,#143,.T.);
#3855=EDGE_CURVE('',#3095,#3096,#166,.T.);
#3856=EDGE_CURVE('',#3096,#3094,#144,.T.);
#3857=EDGE_CURVE('',#3097,#3098,#167,.T.);
#3858=EDGE_CURVE('',#3098,#3096,#547,.T.);
#3859=EDGE_CURVE('',#3095,#3099,#548,.T.);
#3860=EDGE_CURVE('',#3099,#3097,#549,.T.);
#3861=EDGE_CURVE('',#3100,#3101,#168,.T.);
#3862=EDGE_CURVE('',#3101,#3098,#550,.T.);
#3863=EDGE_CURVE('',#3097,#3100,#551,.T.);
#3864=EDGE_CURVE('',#3102,#3103,#169,.T.);
#3865=EDGE_CURVE('',#3103,#3101,#552,.T.);
#3866=EDGE_CURVE('',#3100,#3102,#553,.T.);
#3867=EDGE_CURVE('',#3104,#3105,#170,.T.);
#3868=EDGE_CURVE('',#3105,#3103,#554,.T.);
#3869=EDGE_CURVE('',#3102,#3104,#555,.T.);
#3870=EDGE_CURVE('',#3091,#3105,#556,.T.);
#3871=EDGE_CURVE('',#3104,#3087,#557,.T.);
#3872=EDGE_CURVE('',#3101,#3106,#171,.T.);
#3873=EDGE_CURVE('',#3106,#3107,#172,.T.);
#3874=EDGE_CURVE('',#3107,#3108,#173,.T.);
#3875=EDGE_CURVE('',#3108,#3098,#174,.T.);
#3876=EDGE_CURVE('',#3103,#3109,#175,.T.);
#3877=EDGE_CURVE('',#3109,#3106,#558,.T.);
#3878=EDGE_CURVE('',#3110,#3105,#176,.T.);
#3879=EDGE_CURVE('',#3111,#3110,#559,.T.);
#3880=EDGE_CURVE('',#3111,#3109,#560,.T.);
#3881=EDGE_CURVE('',#3110,#3090,#145,.T.);
#3882=EDGE_CURVE('',#3099,#3112,#1685,.T.);
#3883=EDGE_CURVE('',#3112,#3112,#177,.T.);
#3884=EDGE_CURVE('',#3113,#3114,#561,.T.);
#3885=EDGE_CURVE('',#3114,#3115,#178,.T.);
#3886=EDGE_CURVE('',#3115,#3116,#562,.T.);
#3887=EDGE_CURVE('',#3113,#3116,#563,.T.);
#3888=EDGE_CURVE('',#3117,#3118,#179,.T.);
#3889=EDGE_CURVE('',#3118,#3115,#564,.T.);
#3890=EDGE_CURVE('',#3114,#3117,#565,.T.);
#3891=EDGE_CURVE('',#3119,#3120,#180,.T.);
#3892=EDGE_CURVE('',#3120,#3118,#566,.T.);
#3893=EDGE_CURVE('',#3117,#3119,#567,.T.);
#3894=EDGE_CURVE('',#3121,#3122,#181,.T.);
#3895=EDGE_CURVE('',#3122,#3120,#568,.T.);
#3896=EDGE_CURVE('',#3119,#3121,#569,.T.);
#3897=EDGE_CURVE('',#3123,#3124,#182,.T.);
#3898=EDGE_CURVE('',#3124,#3122,#570,.T.);
#3899=EDGE_CURVE('',#3121,#3123,#571,.T.);
#3900=EDGE_CURVE('',#3125,#3124,#146,.T.);
#3901=EDGE_CURVE('',#3123,#3126,#147,.T.);
#3902=EDGE_CURVE('',#3126,#3125,#572,.T.);
#3903=EDGE_CURVE('',#3126,#3127,#183,.T.);
#3904=EDGE_CURVE('',#3127,#3128,#184,.T.);
#3905=EDGE_CURVE('',#3128,#3129,#185,.T.);
#3906=EDGE_CURVE('',#3129,#3130,#186,.T.);
#3907=EDGE_CURVE('',#3130,#3125,#573,.T.);
#3908=EDGE_CURVE('',#3131,#3129,#574,.T.);
#3909=EDGE_CURVE('',#3128,#3113,#575,.T.);
#3910=EDGE_CURVE('',#3116,#3131,#576,.T.);
#3911=EDGE_CURVE('',#3122,#3132,#187,.T.);
#3912=EDGE_CURVE('',#3132,#3133,#188,.T.);
#3913=EDGE_CURVE('',#3133,#3134,#189,.T.);
#3914=EDGE_CURVE('',#3134,#3120,#190,.T.);
#3915=EDGE_CURVE('',#3124,#3135,#1686,.T.);
#3916=EDGE_CURVE('',#3136,#3135,#577,.T.);
#3917=EDGE_CURVE('',#3137,#3136,#191,.T.);
#3918=EDGE_CURVE('',#3132,#3137,#1687,.T.);
#3919=EDGE_CURVE('',#3130,#3138,#1688,.T.);
#3920=EDGE_CURVE('',#3139,#3138,#578,.T.);
#3921=EDGE_CURVE('',#3135,#3139,#148,.T.);
#3922=EDGE_CURVE('',#3092,#3140,#1689,.T.);
#3923=EDGE_CURVE('',#3141,#3140,#192,.T.);
#3924=EDGE_CURVE('',#3142,#3141,#1690,.T.);
#3925=EDGE_CURVE('',#3138,#3142,#193,.T.);
#3926=EDGE_CURVE('',#3089,#3129,#1691,.T.);
#3927=EDGE_CURVE('',#3143,#3144,#194,.T.);
#3928=EDGE_CURVE('',#3145,#3143,#1692,.T.);
#3929=EDGE_CURVE('',#3146,#3145,#195,.T.);
#3930=EDGE_CURVE('',#3147,#3146,#1693,.T.);
#3931=EDGE_CURVE('',#3148,#3147,#196,.T.);
#3932=EDGE_CURVE('',#3149,#3148,#1694,.T.);
#3933=EDGE_CURVE('',#3150,#3149,#197,.T.);
#3934=EDGE_CURVE('',#3151,#3150,#1695,.T.);
#3935=EDGE_CURVE('',#3152,#3151,#198,.T.);
#3936=EDGE_CURVE('',#3153,#3152,#1696,.T.);
#3937=EDGE_CURVE('',#3154,#3153,#199,.T.);
#3938=EDGE_CURVE('',#3155,#3154,#1697,.T.);
#3939=EDGE_CURVE('',#3156,#3155,#200,.T.);
#3940=EDGE_CURVE('',#3157,#3156,#1698,.T.);
#3941=EDGE_CURVE('',#3158,#3157,#201,.T.);
#3942=EDGE_CURVE('',#3159,#3158,#1699,.T.);
#3943=EDGE_CURVE('',#3160,#3159,#202,.T.);
#3944=EDGE_CURVE('',#3161,#3160,#1700,.T.);
#3945=EDGE_CURVE('',#3162,#3161,#203,.T.);
#3946=EDGE_CURVE('',#3163,#3162,#1701,.T.);
#3947=EDGE_CURVE('',#3164,#3163,#204,.T.);
#3948=EDGE_CURVE('',#3165,#3164,#1702,.T.);
#3949=EDGE_CURVE('',#3166,#3165,#205,.T.);
#3950=EDGE_CURVE('',#3144,#3166,#1703,.T.);
#3951=EDGE_CURVE('',#3167,#3168,#579,.T.);
#3952=EDGE_CURVE('',#3168,#3167,#206,.T.);
#3953=EDGE_CURVE('',#3169,#3170,#1704,.T.);
#3954=EDGE_CURVE('',#3170,#3171,#1705,.T.);
#3955=EDGE_CURVE('',#3171,#3172,#1706,.T.);
#3956=EDGE_CURVE('',#3172,#3169,#1707,.T.);
#3957=EDGE_CURVE('',#3127,#3173,#1708,.T.);
#3958=EDGE_CURVE('',#3173,#3173,#207,.T.);
#3959=EDGE_CURVE('',#3174,#3175,#580,.T.);
#3960=EDGE_CURVE('',#3175,#3142,#208,.T.);
#3961=EDGE_CURVE('',#3142,#3176,#581,.T.);
#3962=EDGE_CURVE('',#3176,#3177,#582,.T.);
#3963=EDGE_CURVE('',#3177,#3174,#583,.T.);
#3964=EDGE_CURVE('',#3178,#3179,#149,.T.);
#3965=EDGE_CURVE('',#3179,#3135,#209,.T.);
#3966=EDGE_CURVE('',#3178,#3139,#584,.T.);
#3967=EDGE_CURVE('',#3180,#3136,#210,.T.);
#3968=EDGE_CURVE('',#3179,#3180,#585,.T.);
#3969=EDGE_CURVE('',#3181,#3182,#211,.T.);
#3970=EDGE_CURVE('',#3182,#3136,#586,.T.);
#3971=EDGE_CURVE('',#3180,#3181,#587,.T.);
#3972=EDGE_CURVE('',#3183,#3184,#212,.T.);
#3973=EDGE_CURVE('',#3184,#3182,#588,.T.);
#3974=EDGE_CURVE('',#3181,#3183,#589,.T.);
#3975=EDGE_CURVE('',#3185,#3186,#213,.T.);
#3976=EDGE_CURVE('',#3186,#3184,#590,.T.);
#3977=EDGE_CURVE('',#3183,#3185,#591,.T.);
#3978=EDGE_CURVE('',#3177,#3186,#592,.T.);
#3979=EDGE_CURVE('',#3185,#3174,#593,.T.);
#3980=EDGE_CURVE('',#3175,#3187,#214,.T.);
#3981=EDGE_CURVE('',#3187,#3178,#215,.T.);
#3982=EDGE_CURVE('',#3188,#3176,#150,.T.);
#3983=EDGE_CURVE('',#3188,#3186,#216,.T.);
#3984=EDGE_CURVE('',#3189,#3141,#594,.T.);
#3985=EDGE_CURVE('',#3189,#3190,#151,.T.);
#3986=EDGE_CURVE('',#3190,#3191,#595,.T.);
#3987=EDGE_CURVE('',#3191,#3192,#1709,.T.);
#3988=EDGE_CURVE('',#3192,#3188,#596,.T.);
#3989=EDGE_CURVE('',#3187,#3193,#1710,.T.);
#3990=EDGE_CURVE('',#3193,#3193,#217,.T.);
#3991=EDGE_CURVE('',#3194,#3195,#597,.T.);
#3992=EDGE_CURVE('',#3195,#3196,#218,.T.);
#3993=EDGE_CURVE('',#3196,#3197,#598,.T.);
#3994=EDGE_CURVE('',#3194,#3197,#599,.T.);
#3995=EDGE_CURVE('',#3198,#3199,#219,.T.);
#3996=EDGE_CURVE('',#3199,#3196,#600,.T.);
#3997=EDGE_CURVE('',#3195,#3198,#601,.T.);
#3998=EDGE_CURVE('',#3200,#3201,#220,.T.);
#3999=EDGE_CURVE('',#3201,#3199,#602,.T.);
#4000=EDGE_CURVE('',#3198,#3200,#603,.T.);
#4001=EDGE_CURVE('',#3202,#3203,#221,.T.);
#4002=EDGE_CURVE('',#3203,#3201,#604,.T.);
#4003=EDGE_CURVE('',#3200,#3202,#605,.T.);
#4004=EDGE_CURVE('',#3204,#3205,#222,.T.);
#4005=EDGE_CURVE('',#3205,#3203,#606,.T.);
#4006=EDGE_CURVE('',#3202,#3206,#607,.T.);
#4007=EDGE_CURVE('',#3206,#3204,#608,.T.);
#4008=EDGE_CURVE('',#3207,#3205,#152,.T.);
#4009=EDGE_CURVE('',#3204,#3208,#153,.T.);
#4010=EDGE_CURVE('',#3208,#3207,#609,.T.);
#4011=EDGE_CURVE('',#3208,#3209,#223,.T.);
#4012=EDGE_CURVE('',#3209,#3141,#224,.T.);
#4013=EDGE_CURVE('',#3140,#3207,#610,.T.);
#4014=EDGE_CURVE('',#3209,#3194,#611,.T.);
#4015=EDGE_CURVE('',#3197,#3189,#612,.T.);
#4016=EDGE_CURVE('',#3096,#3205,#1711,.T.);
#4017=EDGE_CURVE('',#3196,#3190,#225,.T.);
#4018=EDGE_CURVE('',#3206,#3210,#1712,.T.);
#4019=EDGE_CURVE('',#3210,#3210,#226,.T.);
#4020=EDGE_CURVE('',#3211,#3211,#227,.T.);
#4021=EDGE_CURVE('',#3212,#3212,#228,.T.);
#4022=EDGE_CURVE('',#3213,#3213,#229,.T.);
#4023=EDGE_CURVE('',#3214,#3214,#230,.T.);
#4024=EDGE_CURVE('',#3115,#3215,#231,.T.);
#4025=EDGE_CURVE('',#3131,#3215,#154,.T.);
#4026=EDGE_CURVE('',#3216,#3118,#232,.T.);
#4027=EDGE_CURVE('',#3216,#3217,#613,.T.);
#4028=EDGE_CURVE('',#3215,#3217,#614,.T.);
#4029=EDGE_CURVE('',#3134,#3216,#615,.T.);
#4030=EDGE_CURVE('',#3218,#3199,#233,.T.);
#4031=EDGE_CURVE('',#3218,#3191,#616,.T.);
#4032=EDGE_CURVE('',#3219,#3201,#234,.T.);
#4033=EDGE_CURVE('',#3219,#3218,#617,.T.);
#4034=EDGE_CURVE('',#3203,#3220,#235,.T.);
#4035=EDGE_CURVE('',#3220,#3221,#236,.T.);
#4036=EDGE_CURVE('',#3221,#3219,#237,.T.);
#4037=EDGE_CURVE('',#3222,#3184,#238,.T.);
#4038=EDGE_CURVE('',#3222,#3223,#618,.T.);
#4039=EDGE_CURVE('',#3182,#3223,#239,.T.);
#4040=EDGE_CURVE('',#3192,#3222,#619,.T.);
#4041=EDGE_CURVE('',#3108,#3220,#1713,.T.);
#4042=EDGE_CURVE('',#3217,#3111,#1714,.T.);
#4043=EDGE_CURVE('',#3224,#3225,#240,.T.);
#4044=EDGE_CURVE('',#3225,#3108,#1715,.T.);
#4045=EDGE_CURVE('',#3107,#3224,#1716,.T.);
#4046=EDGE_CURVE('',#3226,#3133,#1717,.T.);
#4047=EDGE_CURVE('',#3226,#3227,#1718,.T.);
#4048=EDGE_CURVE('',#3227,#3228,#1719,.T.);
#4049=EDGE_CURVE('',#3228,#3229,#241,.T.);
#4050=EDGE_CURVE('',#3229,#3230,#1720,.T.);
#4051=EDGE_CURVE('',#3230,#3231,#242,.T.);
#4052=EDGE_CURVE('',#3231,#3232,#1721,.T.);
#4053=EDGE_CURVE('',#3232,#3224,#1722,.T.);
#4054=EDGE_CURVE('',#3233,#3226,#243,.T.);
#4055=EDGE_CURVE('',#3132,#3233,#1723,.T.);
#4056=EDGE_CURVE('',#3234,#3137,#1724,.T.);
#4057=EDGE_CURVE('',#3233,#3234,#1725,.T.);
#4058=EDGE_CURVE('',#3235,#3221,#1726,.T.);
#4059=EDGE_CURVE('',#3235,#3236,#1727,.T.);
#4060=EDGE_CURVE('',#3236,#3237,#1728,.T.);
#4061=EDGE_CURVE('',#3237,#3238,#244,.T.);
#4062=EDGE_CURVE('',#3238,#3239,#1729,.T.);
#4063=EDGE_CURVE('',#3239,#3240,#245,.T.);
#4064=EDGE_CURVE('',#3240,#3241,#1730,.T.);
#4065=EDGE_CURVE('',#3241,#3242,#1731,.T.);
#4066=EDGE_CURVE('',#3243,#3242,#1732,.T.);
#4067=EDGE_CURVE('',#3223,#3243,#246,.T.);
#4068=EDGE_CURVE('',#3244,#3235,#247,.T.);
#4069=EDGE_CURVE('',#3220,#3244,#1733,.T.);
#4070=EDGE_CURVE('',#3225,#3244,#1734,.T.);
#4071=EDGE_CURVE('',#3242,#3234,#248,.T.);
#4072=EDGE_CURVE('',#3137,#3243,#249,.T.);
#4073=EDGE_CURVE('',#3245,#3241,#1735,.T.);
#4074=EDGE_CURVE('',#3245,#3246,#1736,.T.);
#4075=EDGE_CURVE('',#3246,#3247,#1737,.T.);
#4076=EDGE_CURVE('',#3247,#3248,#250,.T.);
#4077=EDGE_CURVE('',#3248,#3249,#1738,.T.);
#4078=EDGE_CURVE('',#3249,#3250,#1739,.T.);
#4079=EDGE_CURVE('',#3250,#3251,#1740,.T.);
#4080=EDGE_CURVE('',#3251,#3252,#251,.T.);
#4081=EDGE_CURVE('',#3252,#3253,#1741,.T.);
#4082=EDGE_CURVE('',#3253,#3254,#1742,.T.);
#4083=EDGE_CURVE('',#3227,#3254,#1743,.T.);
#4084=EDGE_CURVE('',#3255,#3255,#252,.F.);
#4085=EDGE_CURVE('',#3256,#3256,#253,.F.);
#4086=EDGE_CURVE('',#3169,#3257,#1744,.T.);
#4087=EDGE_CURVE('',#3257,#3258,#1745,.T.);
#4088=EDGE_CURVE('',#3170,#3258,#1746,.T.);
#4089=EDGE_CURVE('',#3172,#3259,#1747,.T.);
#4090=EDGE_CURVE('',#3259,#3257,#1748,.T.);
#4091=EDGE_CURVE('',#3171,#3260,#1749,.T.);
#4092=EDGE_CURVE('',#3260,#3259,#1750,.T.);
#4093=EDGE_CURVE('',#3258,#3260,#1751,.T.);
#4094=EDGE_CURVE('',#3261,#3262,#1752,.T.);
#4095=EDGE_CURVE('',#3263,#3261,#1753,.T.);
#4096=EDGE_CURVE('',#3264,#3263,#1754,.T.);
#4097=EDGE_CURVE('',#3262,#3264,#1755,.T.);
#4098=EDGE_CURVE('',#3265,#3263,#1756,.T.);
#4099=EDGE_CURVE('',#3265,#3266,#1757,.T.);
#4100=EDGE_CURVE('',#3266,#3264,#1758,.T.);
#4101=EDGE_CURVE('',#3267,#3261,#1759,.T.);
#4102=EDGE_CURVE('',#3267,#3265,#1760,.T.);
#4103=EDGE_CURVE('',#3262,#3268,#1761,.T.);
#4104=EDGE_CURVE('',#3268,#3267,#1762,.T.);
#4105=EDGE_CURVE('',#3266,#3268,#1763,.T.);
#4106=EDGE_CURVE('',#3269,#3267,#1764,.T.);
#4107=EDGE_CURVE('',#3270,#3269,#1765,.T.);
#4108=EDGE_CURVE('',#3270,#3265,#1766,.T.);
#4109=EDGE_CURVE('',#3268,#3271,#1767,.T.);
#4110=EDGE_CURVE('',#3269,#3271,#1768,.T.);
#4111=EDGE_CURVE('',#3272,#3273,#1769,.T.);
#4112=EDGE_CURVE('',#3273,#3274,#1770,.T.);
#4113=EDGE_CURVE('',#3275,#3274,#1771,.T.);
#4114=EDGE_CURVE('',#3272,#3275,#1772,.T.);
#4115=EDGE_CURVE('',#3276,#3277,#1773,.F.);
#4116=EDGE_CURVE('',#3277,#3278,#254,.T.);
#4117=EDGE_CURVE('',#3278,#3279,#1774,.F.);
#4118=EDGE_CURVE('',#3279,#3280,#1775,.T.);
#4119=EDGE_CURVE('',#3280,#3281,#1776,.F.);
#4120=EDGE_CURVE('',#3281,#3282,#255,.T.);
#4121=EDGE_CURVE('',#3282,#3283,#1777,.F.);
#4122=EDGE_CURVE('',#3283,#3284,#1778,.T.);
#4123=EDGE_CURVE('',#3284,#3285,#1779,.F.);
#4124=EDGE_CURVE('',#3285,#3286,#256,.T.);
#4125=EDGE_CURVE('',#3286,#3287,#1780,.F.);
#4126=EDGE_CURVE('',#3287,#3288,#1781,.T.);
#4127=EDGE_CURVE('',#3288,#3289,#1782,.F.);
#4128=EDGE_CURVE('',#3289,#3290,#257,.T.);
#4129=EDGE_CURVE('',#3290,#3291,#1783,.F.);
#4130=EDGE_CURVE('',#3291,#3292,#1784,.T.);
#4131=EDGE_CURVE('',#3292,#3293,#1785,.F.);
#4132=EDGE_CURVE('',#3293,#3294,#258,.T.);
#4133=EDGE_CURVE('',#3294,#3295,#1786,.F.);
#4134=EDGE_CURVE('',#3295,#3296,#259,.T.);
#4135=EDGE_CURVE('',#3297,#3296,#1787,.T.);
#4136=EDGE_CURVE('',#3297,#3298,#1788,.T.);
#4137=EDGE_CURVE('',#3298,#3299,#1789,.T.);
#4138=EDGE_CURVE('',#3299,#3300,#1790,.T.);
#4139=EDGE_CURVE('',#3301,#3300,#1791,.T.);
#4140=EDGE_CURVE('',#3301,#3302,#260,.T.);
#4141=EDGE_CURVE('',#3302,#3276,#1792,.F.);
#4142=EDGE_CURVE('',#3303,#3304,#1793,.T.);
#4143=EDGE_CURVE('',#3304,#3305,#1794,.T.);
#4144=EDGE_CURVE('',#3305,#3306,#1795,.T.);
#4145=EDGE_CURVE('',#3306,#3303,#1796,.T.);
#4146=EDGE_CURVE('',#3307,#3270,#1797,.T.);
#4147=EDGE_CURVE('',#3307,#3266,#1798,.T.);
#4148=EDGE_CURVE('',#3271,#3307,#1799,.T.);
#4149=EDGE_CURVE('',#3308,#3309,#1800,.T.);
#4150=EDGE_CURVE('',#3310,#3308,#1801,.T.);
#4151=EDGE_CURVE('',#3311,#3310,#1802,.T.);
#4152=EDGE_CURVE('',#3312,#3311,#1803,.T.);
#4153=EDGE_CURVE('',#3312,#3273,#1804,.T.);
#4154=EDGE_CURVE('',#3313,#3272,#1805,.T.);
#4155=EDGE_CURVE('',#3309,#3313,#1806,.T.);
#4156=EDGE_CURVE('',#3314,#3310,#1807,.T.);
#4157=EDGE_CURVE('',#3315,#3314,#1808,.T.);
#4158=EDGE_CURVE('',#3311,#3315,#1809,.T.);
#4159=EDGE_CURVE('',#3308,#3316,#1810,.T.);
#4160=EDGE_CURVE('',#3314,#3316,#1811,.T.);
#4161=EDGE_CURVE('',#3317,#3315,#1812,.T.);
#4162=EDGE_CURVE('',#3312,#3317,#1813,.T.);
#4163=EDGE_CURVE('',#3304,#3318,#1814,.T.);
#4164=EDGE_CURVE('',#3319,#3318,#1815,.T.);
#4165=EDGE_CURVE('',#3305,#3319,#1816,.T.);
#4166=EDGE_CURVE('',#3320,#3319,#1817,.T.);
#4167=EDGE_CURVE('',#3306,#3320,#1818,.T.);
#4168=EDGE_CURVE('',#3321,#3320,#1819,.T.);
#4169=EDGE_CURVE('',#3303,#3321,#1820,.T.);
#4170=EDGE_CURVE('',#3274,#3321,#1821,.T.);
#4171=EDGE_CURVE('',#3318,#3317,#1822,.T.);
#4172=EDGE_CURVE('',#3322,#3275,#1823,.T.);
#4173=EDGE_CURVE('',#3316,#3323,#1824,.T.);
#4174=EDGE_CURVE('',#3323,#3322,#1825,.T.);
#4175=EDGE_CURVE('',#3322,#3313,#1826,.T.);
#4176=EDGE_CURVE('',#3323,#3309,#1827,.T.);
#4177=EDGE_CURVE('',#3294,#3277,#261,.T.);
#4178=EDGE_CURVE('',#3277,#3324,#1828,.F.);
#4179=EDGE_CURVE('',#3324,#3294,#1829,.F.);
#4180=EDGE_CURVE('',#3325,#3325,#262,.T.);
#4181=EDGE_CURVE('',#3325,#3326,#1830,.T.);
#4182=EDGE_CURVE('',#3327,#3326,#620,.T.);
#4183=EDGE_CURVE('',#3328,#3327,#263,.T.);
#4184=EDGE_CURVE('',#3326,#3328,#621,.T.);
#4185=EDGE_CURVE('',#3329,#3329,#264,.T.);
#4186=EDGE_CURVE('',#3329,#3330,#1831,.T.);
#4187=EDGE_CURVE('',#3330,#3331,#265,.T.);
#4188=EDGE_CURVE('',#3331,#3302,#1832,.F.);
#4189=EDGE_CURVE('',#3332,#3301,#622,.T.);
#4190=EDGE_CURVE('',#3333,#3332,#1833,.F.);
#4191=EDGE_CURVE('',#3333,#3330,#266,.T.);
#4192=EDGE_CURVE('',#3296,#3334,#623,.T.);
#4193=EDGE_CURVE('',#3334,#3335,#267,.F.);
#4194=EDGE_CURVE('',#3335,#3336,#1834,.F.);
#4195=EDGE_CURVE('',#3336,#3332,#268,.F.);
#4196=EDGE_CURVE('',#3300,#3337,#269,.T.);
#4197=EDGE_CURVE('',#3337,#3338,#1835,.T.);
#4198=EDGE_CURVE('',#3338,#3339,#624,.T.);
#4199=EDGE_CURVE('',#3339,#3340,#270,.T.);
#4200=EDGE_CURVE('',#3341,#3340,#1836,.T.);
#4201=EDGE_CURVE('',#3341,#3342,#271,.T.);
#4202=EDGE_CURVE('',#3342,#3343,#625,.T.);
#4203=EDGE_CURVE('',#3343,#3344,#1837,.T.);
#4204=EDGE_CURVE('',#3344,#3297,#272,.T.);
#4205=EDGE_CURVE('',#3328,#3327,#1838,.T.);
#4206=EDGE_CURVE('',#3345,#3345,#273,.T.);
#4207=EDGE_CURVE('',#3345,#3346,#1839,.T.);
#4208=EDGE_CURVE('',#3346,#3346,#274,.T.);
#4209=EDGE_CURVE('',#3347,#3347,#275,.T.);
#4210=EDGE_CURVE('',#3348,#3348,#276,.T.);
#4211=EDGE_CURVE('',#3348,#3349,#1840,.T.);
#4212=EDGE_CURVE('',#3349,#3349,#277,.T.);
#4213=EDGE_CURVE('',#3350,#3350,#278,.T.);
#4214=EDGE_CURVE('',#3351,#3351,#279,.T.);
#4215=EDGE_CURVE('',#3351,#3352,#1841,.T.);
#4216=EDGE_CURVE('',#3353,#3352,#626,.T.);
#4217=EDGE_CURVE('',#3354,#3353,#280,.T.);
#4218=EDGE_CURVE('',#3352,#3354,#627,.T.);
#4219=EDGE_CURVE('',#3355,#3355,#281,.T.);
#4220=EDGE_CURVE('',#3354,#3353,#1842,.T.);
#4221=EDGE_CURVE('',#3356,#3356,#282,.T.);
#4222=EDGE_CURVE('',#3356,#3357,#1843,.T.);
#4223=EDGE_CURVE('',#3357,#3357,#283,.T.);
#4224=EDGE_CURVE('',#3358,#3358,#284,.T.);
#4225=EDGE_CURVE('',#3358,#3281,#1844,.T.);
#4226=EDGE_CURVE('',#3359,#3281,#1845,.T.);
#4227=EDGE_CURVE('',#3359,#3360,#285,.T.);
#4228=EDGE_CURVE('',#3360,#3282,#1846,.T.);
#4229=EDGE_CURVE('',#3361,#3361,#286,.T.);
#4230=EDGE_CURVE('',#3361,#3362,#1847,.T.);
#4231=EDGE_CURVE('',#3362,#3362,#287,.T.);
#4232=EDGE_CURVE('',#3363,#3363,#288,.T.);
#4233=EDGE_CURVE('',#3364,#3167,#1848,.T.);
#4234=EDGE_CURVE('',#3168,#3365,#1849,.T.);
#4235=EDGE_CURVE('',#3365,#3364,#628,.T.);
#4236=EDGE_CURVE('',#3364,#3365,#289,.T.);
#4237=EDGE_CURVE('',#3365,#3366,#1850,.T.);
#4238=EDGE_CURVE('',#3367,#3366,#629,.T.);
#4239=EDGE_CURVE('',#3367,#3364,#1851,.T.);
#4240=EDGE_CURVE('',#3368,#3369,#290,.T.);
#4241=EDGE_CURVE('',#3369,#3162,#1852,.T.);
#4242=EDGE_CURVE('',#3161,#3368,#630,.T.);
#4243=EDGE_CURVE('',#3160,#3370,#631,.T.);
#4244=EDGE_CURVE('',#3370,#3368,#1853,.T.);
#4245=EDGE_CURVE('',#3371,#3372,#291,.T.);
#4246=EDGE_CURVE('',#3372,#3156,#1854,.T.);
#4247=EDGE_CURVE('',#3155,#3371,#632,.T.);
#4248=EDGE_CURVE('',#3154,#3373,#633,.T.);
#4249=EDGE_CURVE('',#3373,#3371,#1855,.T.);
#4250=EDGE_CURVE('',#3374,#3375,#292,.T.);
#4251=EDGE_CURVE('',#3375,#3150,#1856,.T.);
#4252=EDGE_CURVE('',#3149,#3374,#634,.T.);
#4253=EDGE_CURVE('',#3376,#3151,#1857,.T.);
#4254=EDGE_CURVE('',#3375,#3376,#1858,.T.);
#4255=EDGE_CURVE('',#3377,#3152,#1859,.T.);
#4256=EDGE_CURVE('',#3376,#3377,#293,.T.);
#4257=EDGE_CURVE('',#3378,#3153,#1860,.T.);
#4258=EDGE_CURVE('',#3377,#3378,#1861,.T.);
#4259=EDGE_CURVE('',#3378,#3373,#294,.T.);
#4260=EDGE_CURVE('',#3379,#3374,#1862,.T.);
#4261=EDGE_CURVE('',#3148,#3379,#635,.T.);
#4262=EDGE_CURVE('',#3380,#3381,#295,.T.);
#4263=EDGE_CURVE('',#3381,#3143,#1863,.T.);
#4264=EDGE_CURVE('',#3144,#3380,#636,.T.);
#4265=EDGE_CURVE('',#3382,#3145,#1864,.T.);
#4266=EDGE_CURVE('',#3381,#3382,#1865,.T.);
#4267=EDGE_CURVE('',#3383,#3146,#1866,.T.);
#4268=EDGE_CURVE('',#3382,#3383,#296,.T.);
#4269=EDGE_CURVE('',#3384,#3147,#1867,.T.);
#4270=EDGE_CURVE('',#3383,#3384,#1868,.T.);
#4271=EDGE_CURVE('',#3384,#3379,#297,.T.);
#4272=EDGE_CURVE('',#3385,#3157,#1869,.T.);
#4273=EDGE_CURVE('',#3372,#3385,#1870,.T.);
#4274=EDGE_CURVE('',#3386,#3158,#1871,.T.);
#4275=EDGE_CURVE('',#3385,#3386,#298,.T.);
#4276=EDGE_CURVE('',#3387,#3159,#1872,.T.);
#4277=EDGE_CURVE('',#3386,#3387,#1873,.T.);
#4278=EDGE_CURVE('',#3387,#3370,#299,.T.);
#4279=EDGE_CURVE('',#3388,#3380,#1874,.T.);
#4280=EDGE_CURVE('',#3166,#3388,#637,.T.);
#4281=EDGE_CURVE('',#3389,#3163,#1875,.T.);
#4282=EDGE_CURVE('',#3369,#3389,#1876,.T.);
#4283=EDGE_CURVE('',#3390,#3164,#1877,.T.);
#4284=EDGE_CURVE('',#3389,#3390,#300,.T.);
#4285=EDGE_CURVE('',#3391,#3165,#1878,.T.);
#4286=EDGE_CURVE('',#3390,#3391,#1879,.T.);
#4287=EDGE_CURVE('',#3391,#3388,#301,.T.);
#4288=EDGE_CURVE('',#3373,#3392,#1880,.T.);
#4289=EDGE_CURVE('',#3393,#3392,#1881,.T.);
#4290=EDGE_CURVE('',#3371,#3393,#1882,.T.);
#4291=EDGE_CURVE('',#3378,#3394,#1883,.T.);
#4292=EDGE_CURVE('',#3392,#3394,#302,.T.);
#4293=EDGE_CURVE('',#3377,#3395,#1884,.T.);
#4294=EDGE_CURVE('',#3394,#3395,#1885,.T.);
#4295=EDGE_CURVE('',#3376,#3396,#1886,.T.);
#4296=EDGE_CURVE('',#3395,#3396,#303,.T.);
#4297=EDGE_CURVE('',#3375,#3397,#1887,.T.);
#4298=EDGE_CURVE('',#3396,#3397,#1888,.T.);
#4299=EDGE_CURVE('',#3374,#3398,#1889,.T.);
#4300=EDGE_CURVE('',#3397,#3398,#304,.T.);
#4301=EDGE_CURVE('',#3379,#3399,#1890,.T.);
#4302=EDGE_CURVE('',#3398,#3399,#1891,.T.);
#4303=EDGE_CURVE('',#3384,#3400,#1892,.T.);
#4304=EDGE_CURVE('',#3399,#3400,#305,.T.);
#4305=EDGE_CURVE('',#3383,#3401,#1893,.T.);
#4306=EDGE_CURVE('',#3400,#3401,#1894,.T.);
#4307=EDGE_CURVE('',#3382,#3402,#1895,.T.);
#4308=EDGE_CURVE('',#3401,#3402,#306,.T.);
#4309=EDGE_CURVE('',#3381,#3403,#1896,.T.);
#4310=EDGE_CURVE('',#3402,#3403,#1897,.T.);
#4311=EDGE_CURVE('',#3380,#3404,#1898,.T.);
#4312=EDGE_CURVE('',#3403,#3404,#307,.T.);
#4313=EDGE_CURVE('',#3388,#3405,#1899,.T.);
#4314=EDGE_CURVE('',#3404,#3405,#1900,.T.);
#4315=EDGE_CURVE('',#3391,#3406,#1901,.T.);
#4316=EDGE_CURVE('',#3405,#3406,#308,.T.);
#4317=EDGE_CURVE('',#3390,#3407,#1902,.T.);
#4318=EDGE_CURVE('',#3406,#3407,#1903,.T.);
#4319=EDGE_CURVE('',#3389,#3408,#1904,.T.);
#4320=EDGE_CURVE('',#3407,#3408,#309,.T.);
#4321=EDGE_CURVE('',#3369,#3409,#1905,.T.);
#4322=EDGE_CURVE('',#3408,#3409,#1906,.T.);
#4323=EDGE_CURVE('',#3368,#3410,#1907,.T.);
#4324=EDGE_CURVE('',#3409,#3410,#310,.T.);
#4325=EDGE_CURVE('',#3370,#3411,#1908,.T.);
#4326=EDGE_CURVE('',#3410,#3411,#1909,.T.);
#4327=EDGE_CURVE('',#3387,#3412,#1910,.T.);
#4328=EDGE_CURVE('',#3411,#3412,#311,.T.);
#4329=EDGE_CURVE('',#3413,#3386,#1911,.T.);
#4330=EDGE_CURVE('',#3412,#3413,#1912,.T.);
#4331=EDGE_CURVE('',#3385,#3414,#1913,.T.);
#4332=EDGE_CURVE('',#3413,#3414,#312,.T.);
#4333=EDGE_CURVE('',#3372,#3415,#1914,.T.);
#4334=EDGE_CURVE('',#3414,#3415,#1915,.T.);
#4335=EDGE_CURVE('',#3415,#3393,#313,.T.);
#4336=EDGE_CURVE('',#3366,#3367,#314,.T.);
#4337=EDGE_CURVE('',#3416,#3417,#1916,.T.);
#4338=EDGE_CURVE('',#3417,#3418,#1917,.T.);
#4339=EDGE_CURVE('',#3418,#3419,#1918,.T.);
#4340=EDGE_CURVE('',#3419,#3420,#1919,.T.);
#4341=EDGE_CURVE('',#3420,#3421,#1920,.T.);
#4342=EDGE_CURVE('',#3421,#3422,#1921,.T.);
#4343=EDGE_CURVE('',#3422,#3423,#1922,.T.);
#4344=EDGE_CURVE('',#3416,#3423,#1923,.T.);
#4345=EDGE_CURVE('',#3424,#3420,#1924,.T.);
#4346=EDGE_CURVE('',#3424,#3425,#1925,.T.);
#4347=EDGE_CURVE('',#3425,#3421,#1926,.T.);
#4348=EDGE_CURVE('',#3422,#3426,#1927,.T.);
#4349=EDGE_CURVE('',#3427,#3426,#1928,.T.);
#4350=EDGE_CURVE('',#3423,#3427,#1929,.T.);
#4351=EDGE_CURVE('',#3428,#3425,#315,.T.);
#4352=EDGE_CURVE('',#3418,#3428,#1930,.T.);
#4353=EDGE_CURVE('',#3429,#3417,#1931,.T.);
#4354=EDGE_CURVE('',#3426,#3429,#316,.T.);
#4355=EDGE_CURVE('',#3419,#3430,#1932,.T.);
#4356=EDGE_CURVE('',#3430,#3424,#317,.T.);
#4357=EDGE_CURVE('',#3430,#3428,#1933,.T.);
#4358=EDGE_CURVE('',#3431,#3416,#1934,.T.);
#4359=EDGE_CURVE('',#3431,#3429,#1935,.T.);
#4360=EDGE_CURVE('',#3427,#3431,#318,.T.);
#4361=EDGE_CURVE('',#3432,#3433,#319,.T.);
#4362=EDGE_CURVE('',#3433,#3434,#1936,.T.);
#4363=EDGE_CURVE('',#3434,#3435,#320,.T.);
#4364=EDGE_CURVE('',#3432,#3435,#1937,.T.);
#4365=EDGE_CURVE('',#3436,#3432,#1938,.T.);
#4366=EDGE_CURVE('',#3435,#3437,#1939,.T.);
#4367=EDGE_CURVE('',#3436,#3437,#1940,.T.);
#4368=EDGE_CURVE('',#3438,#3436,#321,.T.);
#4369=EDGE_CURVE('',#3437,#3439,#322,.T.);
#4370=EDGE_CURVE('',#3438,#3439,#1941,.T.);
#4371=EDGE_CURVE('',#3440,#3438,#1942,.T.);
#4372=EDGE_CURVE('',#3439,#3441,#1943,.T.);
#4373=EDGE_CURVE('',#3440,#3441,#1944,.T.);
#4374=EDGE_CURVE('',#3442,#3440,#323,.T.);
#4375=EDGE_CURVE('',#3441,#3443,#324,.T.);
#4376=EDGE_CURVE('',#3442,#3443,#1945,.T.);
#4377=EDGE_CURVE('',#3444,#3442,#1946,.T.);
#4378=EDGE_CURVE('',#3443,#3445,#1947,.T.);
#4379=EDGE_CURVE('',#3444,#3445,#1948,.T.);
#4380=EDGE_CURVE('',#3446,#3444,#325,.T.);
#4381=EDGE_CURVE('',#3445,#3447,#326,.T.);
#4382=EDGE_CURVE('',#3446,#3447,#1949,.T.);
#4383=EDGE_CURVE('',#3448,#3446,#1950,.T.);
#4384=EDGE_CURVE('',#3447,#3449,#1951,.T.);
#4385=EDGE_CURVE('',#3448,#3449,#1952,.T.);
#4386=EDGE_CURVE('',#3450,#3448,#327,.T.);
#4387=EDGE_CURVE('',#3449,#3451,#328,.T.);
#4388=EDGE_CURVE('',#3450,#3451,#1953,.T.);
#4389=EDGE_CURVE('',#3452,#3450,#1954,.T.);
#4390=EDGE_CURVE('',#3451,#3453,#1955,.T.);
#4391=EDGE_CURVE('',#3452,#3453,#1956,.T.);
#4392=EDGE_CURVE('',#3454,#3452,#329,.T.);
#4393=EDGE_CURVE('',#3453,#3455,#330,.T.);
#4394=EDGE_CURVE('',#3454,#3455,#1957,.T.);
#4395=EDGE_CURVE('',#3456,#3454,#1958,.T.);
#4396=EDGE_CURVE('',#3455,#3457,#1959,.T.);
#4397=EDGE_CURVE('',#3456,#3457,#1960,.T.);
#4398=EDGE_CURVE('',#3433,#3458,#1961,.T.);
#4399=EDGE_CURVE('',#3458,#3459,#1962,.T.);
#4400=EDGE_CURVE('',#3459,#3434,#1963,.T.);
#4401=EDGE_CURVE('',#3458,#3460,#331,.T.);
#4402=EDGE_CURVE('',#3460,#3461,#1964,.T.);
#4403=EDGE_CURVE('',#3461,#3459,#332,.T.);
#4404=EDGE_CURVE('',#3460,#3462,#1965,.T.);
#4405=EDGE_CURVE('',#3462,#3463,#1966,.T.);
#4406=EDGE_CURVE('',#3463,#3461,#1967,.T.);
#4407=EDGE_CURVE('',#3462,#3464,#333,.T.);
#4408=EDGE_CURVE('',#3464,#3465,#1968,.T.);
#4409=EDGE_CURVE('',#3465,#3463,#334,.T.);
#4410=EDGE_CURVE('',#3464,#3466,#1969,.T.);
#4411=EDGE_CURVE('',#3466,#3467,#1970,.T.);
#4412=EDGE_CURVE('',#3467,#3465,#1971,.T.);
#4413=EDGE_CURVE('',#3466,#3468,#335,.T.);
#4414=EDGE_CURVE('',#3468,#3469,#1972,.T.);
#4415=EDGE_CURVE('',#3469,#3467,#336,.T.);
#4416=EDGE_CURVE('',#3468,#3470,#1973,.T.);
#4417=EDGE_CURVE('',#3470,#3471,#1974,.T.);
#4418=EDGE_CURVE('',#3471,#3469,#1975,.T.);
#4419=EDGE_CURVE('',#3470,#3472,#337,.T.);
#4420=EDGE_CURVE('',#3472,#3473,#1976,.T.);
#4421=EDGE_CURVE('',#3473,#3471,#338,.T.);
#4422=EDGE_CURVE('',#3472,#3474,#1977,.T.);
#4423=EDGE_CURVE('',#3474,#3475,#1978,.T.);
#4424=EDGE_CURVE('',#3475,#3473,#1979,.T.);
#4425=EDGE_CURVE('',#3474,#3476,#339,.T.);
#4426=EDGE_CURVE('',#3476,#3477,#1980,.T.);
#4427=EDGE_CURVE('',#3477,#3475,#340,.T.);
#4428=EDGE_CURVE('',#3476,#3478,#1981,.T.);
#4429=EDGE_CURVE('',#3478,#3479,#1982,.T.);
#4430=EDGE_CURVE('',#3479,#3477,#1983,.T.);
#4431=EDGE_CURVE('',#3478,#3456,#341,.T.);
#4432=EDGE_CURVE('',#3457,#3479,#342,.T.);
#4433=EDGE_CURVE('',#3480,#3481,#343,.T.);
#4434=EDGE_CURVE('',#3482,#3480,#1984,.T.);
#4435=EDGE_CURVE('',#3483,#3482,#344,.T.);
#4436=EDGE_CURVE('',#3484,#3483,#345,.T.);
#4437=EDGE_CURVE('',#3485,#3484,#346,.T.);
#4438=EDGE_CURVE('',#3486,#3485,#1985,.T.);
#4439=EDGE_CURVE('',#3487,#3486,#347,.T.);
#4440=EDGE_CURVE('',#3488,#3487,#348,.T.);
#4441=EDGE_CURVE('',#3489,#3488,#349,.T.);
#4442=EDGE_CURVE('',#3490,#3489,#1986,.T.);
#4443=EDGE_CURVE('',#3491,#3490,#350,.T.);
#4444=EDGE_CURVE('',#3492,#3491,#351,.T.);
#4445=EDGE_CURVE('',#3493,#3492,#352,.T.);
#4446=EDGE_CURVE('',#3494,#3493,#1987,.T.);
#4447=EDGE_CURVE('',#3495,#3494,#353,.T.);
#4448=EDGE_CURVE('',#3481,#3495,#354,.T.);
#4449=EDGE_CURVE('',#3496,#3497,#1988,.T.);
#4450=EDGE_CURVE('',#3497,#3482,#1989,.T.);
#4451=EDGE_CURVE('',#3496,#3480,#1990,.T.);
#4452=EDGE_CURVE('',#3497,#3498,#355,.T.);
#4453=EDGE_CURVE('',#3498,#3483,#1991,.T.);
#4454=EDGE_CURVE('',#3498,#3499,#356,.T.);
#4455=EDGE_CURVE('',#3499,#3484,#1992,.T.);
#4456=EDGE_CURVE('',#3499,#3500,#357,.T.);
#4457=EDGE_CURVE('',#3500,#3485,#1993,.T.);
#4458=EDGE_CURVE('',#3500,#3501,#1994,.T.);
#4459=EDGE_CURVE('',#3501,#3486,#1995,.T.);
#4460=EDGE_CURVE('',#3501,#3502,#358,.T.);
#4461=EDGE_CURVE('',#3502,#3487,#1996,.T.);
#4462=EDGE_CURVE('',#3502,#3503,#359,.T.);
#4463=EDGE_CURVE('',#3503,#3488,#1997,.T.);
#4464=EDGE_CURVE('',#3503,#3504,#360,.T.);
#4465=EDGE_CURVE('',#3504,#3489,#1998,.T.);
#4466=EDGE_CURVE('',#3504,#3505,#1999,.T.);
#4467=EDGE_CURVE('',#3505,#3490,#2000,.T.);
#4468=EDGE_CURVE('',#3505,#3506,#361,.T.);
#4469=EDGE_CURVE('',#3506,#3491,#2001,.T.);
#4470=EDGE_CURVE('',#3506,#3507,#362,.T.);
#4471=EDGE_CURVE('',#3507,#3492,#2002,.T.);
#4472=EDGE_CURVE('',#3507,#3508,#363,.T.);
#4473=EDGE_CURVE('',#3508,#3493,#2003,.T.);
#4474=EDGE_CURVE('',#3508,#3509,#2004,.T.);
#4475=EDGE_CURVE('',#3509,#3494,#2005,.T.);
#4476=EDGE_CURVE('',#3509,#3510,#364,.T.);
#4477=EDGE_CURVE('',#3510,#3495,#2006,.T.);
#4478=EDGE_CURVE('',#3510,#3511,#365,.T.);
#4479=EDGE_CURVE('',#3511,#3481,#2007,.T.);
#4480=EDGE_CURVE('',#3511,#3496,#366,.T.);
#4481=EDGE_CURVE('',#3331,#3512,#2008,.T.);
#4482=EDGE_CURVE('',#3512,#3276,#2009,.F.);
#4483=EDGE_CURVE('',#3513,#3512,#2010,.F.);
#4484=EDGE_CURVE('',#3513,#3324,#2011,.F.);
#4485=EDGE_CURVE('',#3513,#3514,#2012,.T.);
#4486=EDGE_CURVE('',#3514,#3295,#2013,.F.);
#4487=EDGE_CURVE('',#3355,#3515,#2014,.T.);
#4488=EDGE_CURVE('',#3515,#3516,#367,.T.);
#4489=EDGE_CURVE('',#3516,#3334,#2015,.F.);
#4490=EDGE_CURVE('',#3514,#3515,#368,.T.);
#4491=EDGE_CURVE('',#3517,#3336,#2016,.T.);
#4492=EDGE_CURVE('',#3517,#3333,#2017,.T.);
#4493=EDGE_CURVE('',#3516,#3518,#2018,.T.);
#4494=EDGE_CURVE('',#3518,#3335,#2019,.T.);
#4495=EDGE_CURVE('',#3518,#3517,#2020,.T.);
#4496=EDGE_CURVE('',#3519,#3290,#2021,.T.);
#4497=EDGE_CURVE('',#3519,#3520,#2022,.T.);
#4498=EDGE_CURVE('',#3520,#3291,#2023,.T.);
#4499=EDGE_CURVE('',#3520,#3521,#2024,.F.);
#4500=EDGE_CURVE('',#3292,#3521,#2025,.F.);
#4501=EDGE_CURVE('',#3521,#3522,#2026,.T.);
#4502=EDGE_CURVE('',#3522,#3293,#2027,.T.);
#4503=EDGE_CURVE('',#3347,#3278,#2028,.T.);
#4504=EDGE_CURVE('',#3522,#3523,#369,.T.);
#4505=EDGE_CURVE('',#3523,#3278,#2029,.T.);
#4506=EDGE_CURVE('',#3523,#3524,#2030,.T.);
#4507=EDGE_CURVE('',#3524,#3279,#2031,.T.);
#4508=EDGE_CURVE('',#3524,#3525,#2032,.F.);
#4509=EDGE_CURVE('',#3280,#3525,#2033,.F.);
#4510=EDGE_CURVE('',#3525,#3359,#2034,.T.);
#4511=EDGE_CURVE('',#3288,#3526,#2035,.F.);
#4512=EDGE_CURVE('',#3526,#3527,#2036,.T.);
#4513=EDGE_CURVE('',#3527,#3289,#2037,.T.);
#4514=EDGE_CURVE('',#3350,#3290,#2038,.T.);
#4515=EDGE_CURVE('',#3527,#3519,#370,.T.);
#4516=EDGE_CURVE('',#3360,#3528,#2039,.T.);
#4517=EDGE_CURVE('',#3528,#3283,#2040,.F.);
#4518=EDGE_CURVE('',#3529,#3526,#2041,.F.);
#4519=EDGE_CURVE('',#3530,#3529,#2042,.T.);
#4520=EDGE_CURVE('',#3531,#3530,#371,.T.);
#4521=EDGE_CURVE('',#3532,#3531,#2043,.T.);
#4522=EDGE_CURVE('',#3528,#3532,#2044,.F.);
#4523=EDGE_CURVE('',#3284,#3532,#2045,.T.);
#4524=EDGE_CURVE('',#3529,#3287,#2046,.F.);
#4525=EDGE_CURVE('',#3531,#3285,#2047,.T.);
#4526=EDGE_CURVE('',#3530,#3286,#2048,.T.);
#4527=EDGE_CURVE('',#3363,#3286,#2049,.T.);
#4528=EDGE_CURVE('',#3533,#3534,#2050,.T.);
#4529=EDGE_CURVE('',#3535,#3533,#2051,.T.);
#4530=EDGE_CURVE('',#3535,#3536,#2052,.T.);
#4531=EDGE_CURVE('',#3537,#3536,#2053,.T.);
#4532=EDGE_CURVE('',#3537,#3534,#2054,.T.);
#4533=EDGE_CURVE('',#3534,#3538,#2055,.T.);
#4534=EDGE_CURVE('',#3538,#3537,#2056,.T.);
#4535=EDGE_CURVE('',#3539,#3540,#2057,.T.);
#4536=EDGE_CURVE('',#3541,#3539,#2058,.T.);
#4537=EDGE_CURVE('',#3542,#3541,#2059,.T.);
#4538=EDGE_CURVE('',#3543,#3542,#372,.T.);
#4539=EDGE_CURVE('',#3544,#3543,#2060,.T.);
#4540=EDGE_CURVE('',#3545,#3544,#2061,.T.);
#4541=EDGE_CURVE('',#3546,#3545,#2062,.T.);
#4542=EDGE_CURVE('',#3546,#3547,#373,.T.);
#4543=EDGE_CURVE('',#3547,#3548,#2063,.T.);
#4544=EDGE_CURVE('',#3549,#3548,#2064,.T.);
#4545=EDGE_CURVE('',#3550,#3549,#2065,.T.);
#4546=EDGE_CURVE('',#3551,#3550,#2066,.T.);
#4547=EDGE_CURVE('',#3552,#3551,#2067,.T.);
#4548=EDGE_CURVE('',#3553,#3552,#374,.T.);
#4549=EDGE_CURVE('',#3554,#3553,#2068,.T.);
#4550=EDGE_CURVE('',#3555,#3554,#2069,.T.);
#4551=EDGE_CURVE('',#3556,#3555,#2070,.T.);
#4552=EDGE_CURVE('',#3556,#3535,#375,.T.);
#4553=EDGE_CURVE('',#3540,#3533,#2071,.T.);
#4554=EDGE_CURVE('',#3557,#3539,#2072,.T.);
#4555=EDGE_CURVE('',#3558,#3557,#2073,.T.);
#4556=EDGE_CURVE('',#3541,#3558,#2074,.T.);
#4557=EDGE_CURVE('',#3559,#3542,#2075,.T.);
#4558=EDGE_CURVE('',#3559,#3558,#2076,.T.);
#4559=EDGE_CURVE('',#3556,#3560,#2077,.T.);
#4560=EDGE_CURVE('',#3536,#3560,#376,.T.);
#4561=EDGE_CURVE('',#3561,#3543,#2078,.T.);
#4562=EDGE_CURVE('',#3561,#3559,#377,.T.);
#4563=EDGE_CURVE('',#3562,#3561,#2079,.T.);
#4564=EDGE_CURVE('',#3544,#3562,#2080,.T.);
#4565=EDGE_CURVE('',#3560,#3563,#2081,.T.);
#4566=EDGE_CURVE('',#3563,#3555,#2082,.T.);
#4567=EDGE_CURVE('',#3549,#3564,#2083,.T.);
#4568=EDGE_CURVE('',#3565,#3548,#2084,.T.);
#4569=EDGE_CURVE('',#3564,#3565,#2085,.T.);
#4570=EDGE_CURVE('',#3566,#3567,#2086,.T.);
#4571=EDGE_CURVE('',#3568,#3566,#2087,.T.);
#4572=EDGE_CURVE('',#3567,#3568,#2088,.T.);
#4573=EDGE_CURVE('',#3567,#3551,#2089,.T.);
#4574=EDGE_CURVE('',#3569,#3568,#2090,.T.);
#4575=EDGE_CURVE('',#3569,#3552,#2091,.T.);
#4576=EDGE_CURVE('',#3547,#3570,#2092,.T.);
#4577=EDGE_CURVE('',#3565,#3570,#2093,.T.);
#4578=EDGE_CURVE('',#3571,#3553,#2094,.T.);
#4579=EDGE_CURVE('',#3571,#3569,#378,.T.);
#4580=EDGE_CURVE('',#3546,#3572,#2095,.T.);
#4581=EDGE_CURVE('',#3570,#3572,#379,.T.);
#4582=EDGE_CURVE('',#3572,#3573,#2096,.T.);
#4583=EDGE_CURVE('',#3573,#3545,#2097,.T.);
#4584=EDGE_CURVE('',#3574,#3571,#2098,.T.);
#4585=EDGE_CURVE('',#3554,#3574,#2099,.T.);
#4586=EDGE_CURVE('',#3563,#3574,#2100,.T.);
#4587=EDGE_CURVE('',#3573,#3562,#2101,.T.);
#4588=EDGE_CURVE('',#3575,#3540,#2102,.T.);
#4589=EDGE_CURVE('',#3576,#3575,#2103,.T.);
#4590=EDGE_CURVE('',#3576,#3539,#2104,.T.);
#4591=EDGE_CURVE('',#3577,#3538,#2105,.T.);
#4592=EDGE_CURVE('',#3575,#3577,#2106,.T.);
#4593=EDGE_CURVE('',#3566,#3578,#2107,.T.);
#4594=EDGE_CURVE('',#3579,#3578,#2108,.T.);
#4595=EDGE_CURVE('',#3579,#3580,#2109,.T.);
#4596=EDGE_CURVE('',#3581,#3580,#380,.T.);
#4597=EDGE_CURVE('',#3582,#3581,#2110,.T.);
#4598=EDGE_CURVE('',#3582,#3583,#2111,.T.);
#4599=EDGE_CURVE('',#3583,#3584,#2112,.T.);
#4600=EDGE_CURVE('',#3585,#3584,#381,.T.);
#4601=EDGE_CURVE('',#3586,#3585,#2113,.T.);
#4602=EDGE_CURVE('',#3587,#3586,#2114,.T.);
#4603=EDGE_CURVE('',#3587,#3538,#2115,.T.);
#4604=EDGE_CURVE('',#3588,#3245,#2116,.T.);
#4605=EDGE_CURVE('',#3589,#3588,#2117,.T.);
#4606=EDGE_CURVE('',#3589,#3246,#2118,.T.);
#4607=EDGE_CURVE('',#3590,#3591,#2119,.T.);
#4608=EDGE_CURVE('',#3592,#3590,#2120,.T.);
#4609=EDGE_CURVE('',#3593,#3592,#2121,.T.);
#4610=EDGE_CURVE('',#3594,#3593,#2122,.T.);
#4611=EDGE_CURVE('',#3591,#3594,#2123,.T.);
#4612=EDGE_CURVE('',#3591,#3595,#2124,.T.);
#4613=EDGE_CURVE('',#3595,#3594,#2125,.T.);
#4614=EDGE_CURVE('',#3596,#3597,#2126,.T.);
#4615=EDGE_CURVE('',#3598,#3596,#2127,.T.);
#4616=EDGE_CURVE('',#3598,#3597,#2128,.T.);
#4617=EDGE_CURVE('',#3597,#3599,#2129,.T.);
#4618=EDGE_CURVE('',#3600,#3598,#2130,.T.);
#4619=EDGE_CURVE('',#3601,#3600,#2131,.T.);
#4620=EDGE_CURVE('',#3601,#3599,#2132,.T.);
#4621=EDGE_CURVE('',#3247,#3602,#2133,.T.);
#4622=EDGE_CURVE('',#3602,#3589,#2134,.T.);
#4623=EDGE_CURVE('',#3603,#3604,#2135,.T.);
#4624=EDGE_CURVE('',#3603,#3601,#382,.T.);
#4625=EDGE_CURVE('',#3604,#3600,#383,.T.);
#4626=EDGE_CURVE('',#3248,#3605,#2136,.T.);
#4627=EDGE_CURVE('',#3605,#3602,#384,.T.);
#4628=EDGE_CURVE('',#3606,#3605,#2137,.T.);
#4629=EDGE_CURVE('',#3606,#3249,#2138,.T.);
#4630=EDGE_CURVE('',#3607,#3604,#2139,.T.);
#4631=EDGE_CURVE('',#3607,#3608,#2140,.T.);
#4632=EDGE_CURVE('',#3603,#3608,#2141,.T.);
#4633=EDGE_CURVE('',#3254,#3609,#2142,.T.);
#4634=EDGE_CURVE('',#3253,#3610,#2143,.T.);
#4635=EDGE_CURVE('',#3609,#3610,#2144,.T.);
#4636=EDGE_CURVE('',#3611,#3252,#2145,.T.);
#4637=EDGE_CURVE('',#3611,#3610,#2146,.T.);
#4638=EDGE_CURVE('',#3612,#3613,#2147,.T.);
#4639=EDGE_CURVE('',#3593,#3612,#385,.T.);
#4640=EDGE_CURVE('',#3613,#3592,#386,.T.);
#4641=EDGE_CURVE('',#3614,#3251,#2148,.T.);
#4642=EDGE_CURVE('',#3614,#3611,#387,.T.);
#4643=EDGE_CURVE('',#3250,#3615,#2149,.T.);
#4644=EDGE_CURVE('',#3614,#3615,#2150,.T.);
#4645=EDGE_CURVE('',#3616,#3613,#2151,.T.);
#4646=EDGE_CURVE('',#3616,#3617,#2152,.T.);
#4647=EDGE_CURVE('',#3612,#3617,#2153,.T.);
#4648=EDGE_CURVE('',#3618,#3588,#2154,.T.);
#4649=EDGE_CURVE('',#3599,#3618,#2155,.T.);
#4650=EDGE_CURVE('',#3608,#3616,#2156,.T.);
#4651=EDGE_CURVE('',#3619,#3590,#2157,.T.);
#4652=EDGE_CURVE('',#3609,#3619,#2158,.T.);
#4653=EDGE_CURVE('',#3615,#3606,#2159,.T.);
#4654=EDGE_CURVE('',#3617,#3607,#2160,.T.);
#4655=EDGE_CURVE('',#3620,#3245,#2161,.T.);
#4656=EDGE_CURVE('',#3621,#3620,#2162,.T.);
#4657=EDGE_CURVE('',#3621,#3588,#2163,.T.);
#4658=EDGE_CURVE('',#3622,#3596,#2164,.T.);
#4659=EDGE_CURVE('',#3623,#3622,#2165,.T.);
#4660=EDGE_CURVE('',#3623,#3624,#2166,.T.);
#4661=EDGE_CURVE('',#3625,#3624,#388,.T.);
#4662=EDGE_CURVE('',#3626,#3625,#2167,.T.);
#4663=EDGE_CURVE('',#3627,#3626,#2168,.T.);
#4664=EDGE_CURVE('',#3627,#3628,#2169,.T.);
#4665=EDGE_CURVE('',#3629,#3628,#389,.T.);
#4666=EDGE_CURVE('',#3630,#3629,#2170,.T.);
#4667=EDGE_CURVE('',#3631,#3630,#2171,.T.);
#4668=EDGE_CURVE('',#3595,#3631,#2172,.T.);
#4669=EDGE_CURVE('',#3619,#3632,#2173,.T.);
#4670=EDGE_CURVE('',#3632,#3633,#2174,.T.);
#4671=EDGE_CURVE('',#3609,#3633,#2175,.T.);
#4672=EDGE_CURVE('',#3634,#3595,#2176,.T.);
#4673=EDGE_CURVE('',#3634,#3632,#2177,.T.);
#4674=EDGE_CURVE('',#3635,#3576,#2178,.T.);
#4675=EDGE_CURVE('',#3557,#3635,#2179,.T.);
#4676=EDGE_CURVE('',#3636,#3637,#2180,.T.);
#4677=EDGE_CURVE('',#3635,#3636,#390,.T.);
#4678=EDGE_CURVE('',#3637,#3576,#391,.T.);
#4679=EDGE_CURVE('',#3638,#3639,#2181,.T.);
#4680=EDGE_CURVE('',#3638,#3575,#392,.T.);
#4681=EDGE_CURVE('',#3639,#3577,#393,.T.);
#4682=EDGE_CURVE('',#3637,#3638,#2182,.T.);
#4683=EDGE_CURVE('',#3640,#3618,#2183,.T.);
#4684=EDGE_CURVE('',#3641,#3640,#2184,.T.);
#4685=EDGE_CURVE('',#3596,#3641,#2185,.T.);
#4686=EDGE_CURVE('',#3640,#3621,#2186,.T.);
#4687=EDGE_CURVE('',#3642,#3643,#2187,.T.);
#4688=EDGE_CURVE('',#3641,#3642,#394,.T.);
#4689=EDGE_CURVE('',#3643,#3640,#395,.T.);
#4690=EDGE_CURVE('',#3644,#3645,#2188,.T.);
#4691=EDGE_CURVE('',#3644,#3621,#396,.T.);
#4692=EDGE_CURVE('',#3645,#3620,#397,.T.);
#4693=EDGE_CURVE('',#3643,#3644,#2189,.T.);
#4694=EDGE_CURVE('',#3643,#3638,#2190,.T.);
#4695=EDGE_CURVE('',#3642,#3639,#2191,.T.);
#4696=EDGE_CURVE('',#3636,#3645,#2192,.T.);
#4697=EDGE_CURVE('',#3637,#3644,#2193,.T.);
#4698=EDGE_CURVE('',#3646,#3587,#2194,.T.);
#4699=EDGE_CURVE('',#3646,#3577,#2195,.T.);
#4700=EDGE_CURVE('',#3635,#3237,#2196,.T.);
#4701=EDGE_CURVE('',#3557,#3236,#2197,.T.);
#4702=EDGE_CURVE('',#3647,#3646,#398,.T.);
#4703=EDGE_CURVE('',#3647,#3639,#2198,.T.);
#4704=EDGE_CURVE('',#3636,#3238,#2199,.T.);
#4705=EDGE_CURVE('',#3648,#3647,#2200,.T.);
#4706=EDGE_CURVE('',#3648,#3642,#2201,.T.);
#4707=EDGE_CURVE('',#3645,#3239,#2202,.T.);
#4708=EDGE_CURVE('',#3649,#3648,#399,.T.);
#4709=EDGE_CURVE('',#3649,#3641,#2203,.T.);
#4710=EDGE_CURVE('',#3620,#3240,#2204,.T.);
#4711=EDGE_CURVE('',#3622,#3649,#2205,.T.);
#4712=EDGE_CURVE('',#3633,#3650,#2206,.T.);
#4713=EDGE_CURVE('',#3254,#3650,#2207,.T.);
#4714=EDGE_CURVE('',#3651,#3564,#2208,.T.);
#4715=EDGE_CURVE('',#3652,#3651,#2209,.T.);
#4716=EDGE_CURVE('',#3652,#3549,#2210,.T.);
#4717=EDGE_CURVE('',#3653,#3652,#2211,.T.);
#4718=EDGE_CURVE('',#3653,#3550,#2212,.T.);
#4719=EDGE_CURVE('',#3654,#3634,#400,.T.);
#4720=EDGE_CURVE('',#3654,#3655,#2213,.T.);
#4721=EDGE_CURVE('',#3632,#3655,#401,.T.);
#4722=EDGE_CURVE('',#3633,#3656,#402,.T.);
#4723=EDGE_CURVE('',#3656,#3657,#2214,.T.);
#4724=EDGE_CURVE('',#3650,#3657,#403,.T.);
#4725=EDGE_CURVE('',#3655,#3656,#2215,.T.);
#4726=EDGE_CURVE('',#3658,#3653,#2216,.T.);
#4727=EDGE_CURVE('',#3566,#3658,#2217,.T.);
#4728=EDGE_CURVE('',#3659,#3660,#2218,.T.);
#4729=EDGE_CURVE('',#3658,#3659,#404,.T.);
#4730=EDGE_CURVE('',#3660,#3653,#405,.T.);
#4731=EDGE_CURVE('',#3661,#3662,#2219,.T.);
#4732=EDGE_CURVE('',#3661,#3652,#406,.T.);
#4733=EDGE_CURVE('',#3662,#3651,#407,.T.);
#4734=EDGE_CURVE('',#3660,#3661,#2220,.T.);
#4735=EDGE_CURVE('',#3655,#3660,#2221,.T.);
#4736=EDGE_CURVE('',#3659,#3654,#2222,.T.);
#4737=EDGE_CURVE('',#3657,#3662,#2223,.T.);
#4738=EDGE_CURVE('',#3656,#3661,#2224,.T.);
#4739=EDGE_CURVE('',#3663,#3631,#2225,.T.);
#4740=EDGE_CURVE('',#3634,#3663,#2226,.T.);
#4741=EDGE_CURVE('',#3228,#3650,#2227,.T.);
#4742=EDGE_CURVE('',#3664,#3663,#408,.T.);
#4743=EDGE_CURVE('',#3654,#3664,#2228,.T.);
#4744=EDGE_CURVE('',#3229,#3657,#2229,.T.);
#4745=EDGE_CURVE('',#3665,#3664,#2230,.T.);
#4746=EDGE_CURVE('',#3659,#3665,#2231,.T.);
#4747=EDGE_CURVE('',#3230,#3662,#2232,.T.);
#4748=EDGE_CURVE('',#3666,#3665,#409,.T.);
#4749=EDGE_CURVE('',#3658,#3666,#2233,.T.);
#4750=EDGE_CURVE('',#3231,#3651,#2234,.T.);
#4751=EDGE_CURVE('',#3578,#3666,#2235,.T.);
#4752=EDGE_CURVE('',#3232,#3564,#2236,.T.);
#4753=EDGE_CURVE('',#3667,#3667,#410,.F.);
#4754=EDGE_CURVE('',#3668,#3668,#411,.F.);
#4755=EDGE_CURVE('',#3669,#3670,#2237,.T.);
#4756=EDGE_CURVE('',#3624,#3669,#2238,.T.);
#4757=EDGE_CURVE('',#3670,#3623,#2239,.T.);
#4758=EDGE_CURVE('',#3671,#3669,#638,.T.);
#4759=EDGE_CURVE('',#3625,#3671,#2240,.T.);
#4760=EDGE_CURVE('',#3672,#3671,#412,.T.);
#4761=EDGE_CURVE('',#3626,#3672,#2241,.T.);
#4762=EDGE_CURVE('',#3214,#3255,#2242,.T.);
#4763=EDGE_CURVE('',#3673,#3672,#2243,.T.);
#4764=EDGE_CURVE('',#3673,#3627,#2244,.T.);
#4765=EDGE_CURVE('',#3582,#3341,#2245,.T.);
#4766=EDGE_CURVE('',#3581,#3342,#2246,.T.);
#4767=EDGE_CURVE('',#3211,#3668,#2247,.T.);
#4768=EDGE_CURVE('',#3580,#3343,#2248,.T.);
#4769=EDGE_CURVE('',#3344,#3579,#2249,.T.);
#4770=EDGE_CURVE('',#3340,#3583,#2250,.T.);
#4771=EDGE_CURVE('',#3630,#3674,#2251,.T.);
#4772=EDGE_CURVE('',#3298,#3674,#413,.T.);
#4773=EDGE_CURVE('',#3674,#3675,#2252,.T.);
#4774=EDGE_CURVE('',#3629,#3675,#2253,.T.);
#4775=EDGE_CURVE('',#3212,#3256,#2254,.T.);
#4776=EDGE_CURVE('',#3676,#3673,#414,.T.);
#4777=EDGE_CURVE('',#3628,#3676,#2255,.T.);
#4778=EDGE_CURVE('',#3675,#3676,#639,.T.);
#4779=EDGE_CURVE('',#3670,#3299,#415,.T.);
#4780=EDGE_CURVE('',#3584,#3339,#2256,.T.);
#4781=EDGE_CURVE('',#3585,#3338,#2257,.T.);
#4782=EDGE_CURVE('',#3586,#3337,#2258,.T.);
#4783=EDGE_CURVE('',#3213,#3667,#2259,.T.);
#4784=ORIENTED_EDGE('',*,*,#3677,.T.);
#4785=ORIENTED_EDGE('',*,*,#3678,.T.);
#4786=ORIENTED_EDGE('',*,*,#3679,.T.);
#4787=ORIENTED_EDGE('',*,*,#3680,.T.);
#4788=ORIENTED_EDGE('',*,*,#3681,.T.);
#4789=ORIENTED_EDGE('',*,*,#3682,.T.);
#4790=ORIENTED_EDGE('',*,*,#3683,.F.);
#4791=ORIENTED_EDGE('',*,*,#3684,.T.);
#4792=ORIENTED_EDGE('',*,*,#3677,.F.);
#4793=ORIENTED_EDGE('',*,*,#3685,.F.);
#4794=ORIENTED_EDGE('',*,*,#3686,.F.);
#4795=ORIENTED_EDGE('',*,*,#3687,.T.);
#4796=ORIENTED_EDGE('',*,*,#3678,.F.);
#4797=ORIENTED_EDGE('',*,*,#3684,.F.);
#4798=ORIENTED_EDGE('',*,*,#3688,.F.);
#4799=ORIENTED_EDGE('',*,*,#3689,.T.);
#4800=ORIENTED_EDGE('',*,*,#3679,.F.);
#4801=ORIENTED_EDGE('',*,*,#3687,.F.);
#4802=ORIENTED_EDGE('',*,*,#3690,.F.);
#4803=ORIENTED_EDGE('',*,*,#3685,.T.);
#4804=ORIENTED_EDGE('',*,*,#3682,.F.);
#4805=ORIENTED_EDGE('',*,*,#3691,.F.);
#4806=ORIENTED_EDGE('',*,*,#3692,.F.);
#4807=ORIENTED_EDGE('',*,*,#3691,.T.);
#4808=ORIENTED_EDGE('',*,*,#3681,.F.);
#4809=ORIENTED_EDGE('',*,*,#3693,.F.);
#4810=ORIENTED_EDGE('',*,*,#3694,.F.);
#4811=ORIENTED_EDGE('',*,*,#3693,.T.);
#4812=ORIENTED_EDGE('',*,*,#3680,.F.);
#4813=ORIENTED_EDGE('',*,*,#3689,.F.);
#4814=ORIENTED_EDGE('',*,*,#3690,.T.);
#4815=ORIENTED_EDGE('',*,*,#3692,.T.);
#4816=ORIENTED_EDGE('',*,*,#3694,.T.);
#4817=ORIENTED_EDGE('',*,*,#3688,.T.);
#4818=ORIENTED_EDGE('',*,*,#3686,.T.);
#4819=ORIENTED_EDGE('',*,*,#3683,.T.);
#4820=ORIENTED_EDGE('',*,*,#3695,.T.);
#4821=ORIENTED_EDGE('',*,*,#3696,.T.);
#4822=ORIENTED_EDGE('',*,*,#3697,.T.);
#4823=ORIENTED_EDGE('',*,*,#3698,.F.);
#4824=ORIENTED_EDGE('',*,*,#3699,.T.);
#4825=ORIENTED_EDGE('',*,*,#3695,.F.);
#4826=ORIENTED_EDGE('',*,*,#3700,.F.);
#4827=ORIENTED_EDGE('',*,*,#3701,.F.);
#4828=ORIENTED_EDGE('',*,*,#3700,.T.);
#4829=ORIENTED_EDGE('',*,*,#3697,.F.);
#4830=ORIENTED_EDGE('',*,*,#3702,.F.);
#4831=ORIENTED_EDGE('',*,*,#3703,.F.);
#4832=ORIENTED_EDGE('',*,*,#3702,.T.);
#4833=ORIENTED_EDGE('',*,*,#3696,.F.);
#4834=ORIENTED_EDGE('',*,*,#3699,.F.);
#4835=ORIENTED_EDGE('',*,*,#3701,.T.);
#4836=ORIENTED_EDGE('',*,*,#3703,.T.);
#4837=ORIENTED_EDGE('',*,*,#3698,.T.);
#4838=ORIENTED_EDGE('',*,*,#3704,.T.);
#4839=ORIENTED_EDGE('',*,*,#3705,.T.);
#4840=ORIENTED_EDGE('',*,*,#3706,.T.);
#4841=ORIENTED_EDGE('',*,*,#3705,.F.);
#4842=ORIENTED_EDGE('',*,*,#3707,.T.);
#4843=ORIENTED_EDGE('',*,*,#3708,.F.);
#4844=ORIENTED_EDGE('',*,*,#3709,.F.);
#4845=ORIENTED_EDGE('',*,*,#3704,.F.);
#4846=ORIENTED_EDGE('',*,*,#3710,.T.);
#4847=ORIENTED_EDGE('',*,*,#3711,.F.);
#4848=ORIENTED_EDGE('',*,*,#3707,.F.);
#4849=ORIENTED_EDGE('',*,*,#3706,.F.);
#4850=ORIENTED_EDGE('',*,*,#3709,.T.);
#4851=ORIENTED_EDGE('',*,*,#3712,.F.);
#4852=ORIENTED_EDGE('',*,*,#3710,.F.);
#4853=ORIENTED_EDGE('',*,*,#3712,.T.);
#4854=ORIENTED_EDGE('',*,*,#3708,.T.);
#4855=ORIENTED_EDGE('',*,*,#3711,.T.);
#4856=ORIENTED_EDGE('',*,*,#3713,.T.);
#4857=ORIENTED_EDGE('',*,*,#3714,.T.);
#4858=ORIENTED_EDGE('',*,*,#3715,.T.);
#4859=ORIENTED_EDGE('',*,*,#3716,.T.);
#4860=ORIENTED_EDGE('',*,*,#3717,.T.);
#4861=ORIENTED_EDGE('',*,*,#3718,.T.);
#4862=ORIENTED_EDGE('',*,*,#3719,.F.);
#4863=ORIENTED_EDGE('',*,*,#3720,.T.);
#4864=ORIENTED_EDGE('',*,*,#3713,.F.);
#4865=ORIENTED_EDGE('',*,*,#3721,.F.);
#4866=ORIENTED_EDGE('',*,*,#3722,.F.);
#4867=ORIENTED_EDGE('',*,*,#3723,.T.);
#4868=ORIENTED_EDGE('',*,*,#3714,.F.);
#4869=ORIENTED_EDGE('',*,*,#3720,.F.);
#4870=ORIENTED_EDGE('',*,*,#3724,.F.);
#4871=ORIENTED_EDGE('',*,*,#3725,.T.);
#4872=ORIENTED_EDGE('',*,*,#3715,.F.);
#4873=ORIENTED_EDGE('',*,*,#3723,.F.);
#4874=ORIENTED_EDGE('',*,*,#3726,.F.);
#4875=ORIENTED_EDGE('',*,*,#3721,.T.);
#4876=ORIENTED_EDGE('',*,*,#3718,.F.);
#4877=ORIENTED_EDGE('',*,*,#3727,.F.);
#4878=ORIENTED_EDGE('',*,*,#3728,.F.);
#4879=ORIENTED_EDGE('',*,*,#3727,.T.);
#4880=ORIENTED_EDGE('',*,*,#3717,.F.);
#4881=ORIENTED_EDGE('',*,*,#3729,.F.);
#4882=ORIENTED_EDGE('',*,*,#3730,.F.);
#4883=ORIENTED_EDGE('',*,*,#3729,.T.);
#4884=ORIENTED_EDGE('',*,*,#3716,.F.);
#4885=ORIENTED_EDGE('',*,*,#3725,.F.);
#4886=ORIENTED_EDGE('',*,*,#3726,.T.);
#4887=ORIENTED_EDGE('',*,*,#3728,.T.);
#4888=ORIENTED_EDGE('',*,*,#3730,.T.);
#4889=ORIENTED_EDGE('',*,*,#3724,.T.);
#4890=ORIENTED_EDGE('',*,*,#3722,.T.);
#4891=ORIENTED_EDGE('',*,*,#3719,.T.);
#4892=ORIENTED_EDGE('',*,*,#3731,.T.);
#4893=ORIENTED_EDGE('',*,*,#3732,.T.);
#4894=ORIENTED_EDGE('',*,*,#3733,.T.);
#4895=ORIENTED_EDGE('',*,*,#3734,.T.);
#4896=ORIENTED_EDGE('',*,*,#3732,.F.);
#4897=ORIENTED_EDGE('',*,*,#3735,.T.);
#4898=ORIENTED_EDGE('',*,*,#3736,.F.);
#4899=ORIENTED_EDGE('',*,*,#3737,.F.);
#4900=ORIENTED_EDGE('',*,*,#3731,.F.);
#4901=ORIENTED_EDGE('',*,*,#3738,.T.);
#4902=ORIENTED_EDGE('',*,*,#3739,.F.);
#4903=ORIENTED_EDGE('',*,*,#3735,.F.);
#4904=ORIENTED_EDGE('',*,*,#3733,.F.);
#4905=ORIENTED_EDGE('',*,*,#3737,.T.);
#4906=ORIENTED_EDGE('',*,*,#3740,.F.);
#4907=ORIENTED_EDGE('',*,*,#3741,.F.);
#4908=ORIENTED_EDGE('',*,*,#3734,.F.);
#4909=ORIENTED_EDGE('',*,*,#3741,.T.);
#4910=ORIENTED_EDGE('',*,*,#3742,.F.);
#4911=ORIENTED_EDGE('',*,*,#3738,.F.);
#4912=ORIENTED_EDGE('',*,*,#3742,.T.);
#4913=ORIENTED_EDGE('',*,*,#3740,.T.);
#4914=ORIENTED_EDGE('',*,*,#3736,.T.);
#4915=ORIENTED_EDGE('',*,*,#3739,.T.);
#4916=ORIENTED_EDGE('',*,*,#3743,.T.);
#4917=ORIENTED_EDGE('',*,*,#3744,.T.);
#4918=ORIENTED_EDGE('',*,*,#3745,.T.);
#4919=ORIENTED_EDGE('',*,*,#3746,.T.);
#4920=ORIENTED_EDGE('',*,*,#3747,.T.);
#4921=ORIENTED_EDGE('',*,*,#3748,.T.);
#4922=ORIENTED_EDGE('',*,*,#3745,.F.);
#4923=ORIENTED_EDGE('',*,*,#3749,.T.);
#4924=ORIENTED_EDGE('',*,*,#3750,.F.);
#4925=ORIENTED_EDGE('',*,*,#3751,.F.);
#4926=ORIENTED_EDGE('',*,*,#3744,.F.);
#4927=ORIENTED_EDGE('',*,*,#3752,.T.);
#4928=ORIENTED_EDGE('',*,*,#3753,.F.);
#4929=ORIENTED_EDGE('',*,*,#3749,.F.);
#4930=ORIENTED_EDGE('',*,*,#3743,.F.);
#4931=ORIENTED_EDGE('',*,*,#3754,.T.);
#4932=ORIENTED_EDGE('',*,*,#3755,.F.);
#4933=ORIENTED_EDGE('',*,*,#3752,.F.);
#4934=ORIENTED_EDGE('',*,*,#3746,.F.);
#4935=ORIENTED_EDGE('',*,*,#3751,.T.);
#4936=ORIENTED_EDGE('',*,*,#3756,.F.);
#4937=ORIENTED_EDGE('',*,*,#3757,.F.);
#4938=ORIENTED_EDGE('',*,*,#3747,.F.);
#4939=ORIENTED_EDGE('',*,*,#3757,.T.);
#4940=ORIENTED_EDGE('',*,*,#3758,.F.);
#4941=ORIENTED_EDGE('',*,*,#3759,.F.);
#4942=ORIENTED_EDGE('',*,*,#3748,.F.);
#4943=ORIENTED_EDGE('',*,*,#3759,.T.);
#4944=ORIENTED_EDGE('',*,*,#3760,.F.);
#4945=ORIENTED_EDGE('',*,*,#3754,.F.);
#4946=ORIENTED_EDGE('',*,*,#3760,.T.);
#4947=ORIENTED_EDGE('',*,*,#3758,.T.);
#4948=ORIENTED_EDGE('',*,*,#3756,.T.);
#4949=ORIENTED_EDGE('',*,*,#3750,.T.);
#4950=ORIENTED_EDGE('',*,*,#3753,.T.);
#4951=ORIENTED_EDGE('',*,*,#3755,.T.);
#4952=ORIENTED_EDGE('',*,*,#3761,.T.);
#4953=ORIENTED_EDGE('',*,*,#3762,.T.);
#4954=ORIENTED_EDGE('',*,*,#3763,.T.);
#4955=ORIENTED_EDGE('',*,*,#3764,.T.);
#4956=ORIENTED_EDGE('',*,*,#3765,.T.);
#4957=ORIENTED_EDGE('',*,*,#3766,.T.);
#4958=ORIENTED_EDGE('',*,*,#3767,.T.);
#4959=ORIENTED_EDGE('',*,*,#3768,.T.);
#4960=ORIENTED_EDGE('',*,*,#3769,.T.);
#4961=ORIENTED_EDGE('',*,*,#3770,.T.);
#4962=ORIENTED_EDGE('',*,*,#3771,.T.);
#4963=ORIENTED_EDGE('',*,*,#3772,.F.);
#4964=ORIENTED_EDGE('',*,*,#3773,.T.);
#4965=ORIENTED_EDGE('',*,*,#3761,.F.);
#4966=ORIENTED_EDGE('',*,*,#3774,.F.);
#4967=ORIENTED_EDGE('',*,*,#3775,.F.);
#4968=ORIENTED_EDGE('',*,*,#3776,.T.);
#4969=ORIENTED_EDGE('',*,*,#3762,.F.);
#4970=ORIENTED_EDGE('',*,*,#3773,.F.);
#4971=ORIENTED_EDGE('',*,*,#3777,.F.);
#4972=ORIENTED_EDGE('',*,*,#3778,.T.);
#4973=ORIENTED_EDGE('',*,*,#3763,.F.);
#4974=ORIENTED_EDGE('',*,*,#3776,.F.);
#4975=ORIENTED_EDGE('',*,*,#3779,.F.);
#4976=ORIENTED_EDGE('',*,*,#3780,.T.);
#4977=ORIENTED_EDGE('',*,*,#3768,.F.);
#4978=ORIENTED_EDGE('',*,*,#3781,.F.);
#4979=ORIENTED_EDGE('',*,*,#3782,.F.);
#4980=ORIENTED_EDGE('',*,*,#3783,.T.);
#4981=ORIENTED_EDGE('',*,*,#3769,.F.);
#4982=ORIENTED_EDGE('',*,*,#3780,.F.);
#4983=ORIENTED_EDGE('',*,*,#3784,.F.);
#4984=ORIENTED_EDGE('',*,*,#3774,.T.);
#4985=ORIENTED_EDGE('',*,*,#3767,.F.);
#4986=ORIENTED_EDGE('',*,*,#3785,.F.);
#4987=ORIENTED_EDGE('',*,*,#3786,.F.);
#4988=ORIENTED_EDGE('',*,*,#3785,.T.);
#4989=ORIENTED_EDGE('',*,*,#3766,.F.);
#4990=ORIENTED_EDGE('',*,*,#3787,.F.);
#4991=ORIENTED_EDGE('',*,*,#3788,.F.);
#4992=ORIENTED_EDGE('',*,*,#3787,.T.);
#4993=ORIENTED_EDGE('',*,*,#3765,.F.);
#4994=ORIENTED_EDGE('',*,*,#3789,.F.);
#4995=ORIENTED_EDGE('',*,*,#3790,.F.);
#4996=ORIENTED_EDGE('',*,*,#3789,.T.);
#4997=ORIENTED_EDGE('',*,*,#3764,.F.);
#4998=ORIENTED_EDGE('',*,*,#3778,.F.);
#4999=ORIENTED_EDGE('',*,*,#3791,.F.);
#5000=ORIENTED_EDGE('',*,*,#3781,.T.);
#5001=ORIENTED_EDGE('',*,*,#3771,.F.);
#5002=ORIENTED_EDGE('',*,*,#3792,.F.);
#5003=ORIENTED_EDGE('',*,*,#3793,.F.);
#5004=ORIENTED_EDGE('',*,*,#3792,.T.);
#5005=ORIENTED_EDGE('',*,*,#3770,.F.);
#5006=ORIENTED_EDGE('',*,*,#3783,.F.);
#5007=ORIENTED_EDGE('',*,*,#3784,.T.);
#5008=ORIENTED_EDGE('',*,*,#3786,.T.);
#5009=ORIENTED_EDGE('',*,*,#3788,.T.);
#5010=ORIENTED_EDGE('',*,*,#3790,.T.);
#5011=ORIENTED_EDGE('',*,*,#3777,.T.);
#5012=ORIENTED_EDGE('',*,*,#3775,.T.);
#5013=ORIENTED_EDGE('',*,*,#3772,.T.);
#5014=ORIENTED_EDGE('',*,*,#3791,.T.);
#5015=ORIENTED_EDGE('',*,*,#3793,.T.);
#5016=ORIENTED_EDGE('',*,*,#3782,.T.);
#5017=ORIENTED_EDGE('',*,*,#3779,.T.);
#5018=ORIENTED_EDGE('',*,*,#3794,.T.);
#5019=ORIENTED_EDGE('',*,*,#3795,.T.);
#5020=ORIENTED_EDGE('',*,*,#3796,.T.);
#5021=ORIENTED_EDGE('',*,*,#3797,.T.);
#5022=ORIENTED_EDGE('',*,*,#3798,.T.);
#5023=ORIENTED_EDGE('',*,*,#3799,.T.);
#5024=ORIENTED_EDGE('',*,*,#3800,.T.);
#5025=ORIENTED_EDGE('',*,*,#3801,.T.);
#5026=ORIENTED_EDGE('',*,*,#3802,.T.);
#5027=ORIENTED_EDGE('',*,*,#3800,.F.);
#5028=ORIENTED_EDGE('',*,*,#3803,.T.);
#5029=ORIENTED_EDGE('',*,*,#3804,.F.);
#5030=ORIENTED_EDGE('',*,*,#3805,.F.);
#5031=ORIENTED_EDGE('',*,*,#3799,.F.);
#5032=ORIENTED_EDGE('',*,*,#3806,.T.);
#5033=ORIENTED_EDGE('',*,*,#3807,.F.);
#5034=ORIENTED_EDGE('',*,*,#3803,.F.);
#5035=ORIENTED_EDGE('',*,*,#3796,.F.);
#5036=ORIENTED_EDGE('',*,*,#3808,.T.);
#5037=ORIENTED_EDGE('',*,*,#3809,.F.);
#5038=ORIENTED_EDGE('',*,*,#3810,.F.);
#5039=ORIENTED_EDGE('',*,*,#3795,.F.);
#5040=ORIENTED_EDGE('',*,*,#3811,.T.);
#5041=ORIENTED_EDGE('',*,*,#3812,.F.);
#5042=ORIENTED_EDGE('',*,*,#3808,.F.);
#5043=ORIENTED_EDGE('',*,*,#3794,.F.);
#5044=ORIENTED_EDGE('',*,*,#3813,.T.);
#5045=ORIENTED_EDGE('',*,*,#3814,.F.);
#5046=ORIENTED_EDGE('',*,*,#3811,.F.);
#5047=ORIENTED_EDGE('',*,*,#3801,.F.);
#5048=ORIENTED_EDGE('',*,*,#3805,.T.);
#5049=ORIENTED_EDGE('',*,*,#3815,.F.);
#5050=ORIENTED_EDGE('',*,*,#3816,.F.);
#5051=ORIENTED_EDGE('',*,*,#3802,.F.);
#5052=ORIENTED_EDGE('',*,*,#3816,.T.);
#5053=ORIENTED_EDGE('',*,*,#3817,.F.);
#5054=ORIENTED_EDGE('',*,*,#3806,.F.);
#5055=ORIENTED_EDGE('',*,*,#3797,.F.);
#5056=ORIENTED_EDGE('',*,*,#3810,.T.);
#5057=ORIENTED_EDGE('',*,*,#3818,.F.);
#5058=ORIENTED_EDGE('',*,*,#3819,.F.);
#5059=ORIENTED_EDGE('',*,*,#3798,.F.);
#5060=ORIENTED_EDGE('',*,*,#3819,.T.);
#5061=ORIENTED_EDGE('',*,*,#3820,.F.);
#5062=ORIENTED_EDGE('',*,*,#3813,.F.);
#5063=ORIENTED_EDGE('',*,*,#3820,.T.);
#5064=ORIENTED_EDGE('',*,*,#3818,.T.);
#5065=ORIENTED_EDGE('',*,*,#3809,.T.);
#5066=ORIENTED_EDGE('',*,*,#3812,.T.);
#5067=ORIENTED_EDGE('',*,*,#3814,.T.);
#5068=ORIENTED_EDGE('',*,*,#3817,.T.);
#5069=ORIENTED_EDGE('',*,*,#3815,.T.);
#5070=ORIENTED_EDGE('',*,*,#3804,.T.);
#5071=ORIENTED_EDGE('',*,*,#3807,.T.);
#5072=ORIENTED_EDGE('',*,*,#3821,.T.);
#5073=ORIENTED_EDGE('',*,*,#3822,.T.);
#5074=ORIENTED_EDGE('',*,*,#3823,.T.);
#5075=ORIENTED_EDGE('',*,*,#3824,.T.);
#5076=ORIENTED_EDGE('',*,*,#3825,.F.);
#5077=ORIENTED_EDGE('',*,*,#3826,.T.);
#5078=ORIENTED_EDGE('',*,*,#3821,.F.);
#5079=ORIENTED_EDGE('',*,*,#3827,.F.);
#5080=ORIENTED_EDGE('',*,*,#3828,.F.);
#5081=ORIENTED_EDGE('',*,*,#3829,.T.);
#5082=ORIENTED_EDGE('',*,*,#3822,.F.);
#5083=ORIENTED_EDGE('',*,*,#3826,.F.);
#5084=ORIENTED_EDGE('',*,*,#3830,.F.);
#5085=ORIENTED_EDGE('',*,*,#3827,.T.);
#5086=ORIENTED_EDGE('',*,*,#3824,.F.);
#5087=ORIENTED_EDGE('',*,*,#3831,.F.);
#5088=ORIENTED_EDGE('',*,*,#3832,.F.);
#5089=ORIENTED_EDGE('',*,*,#3831,.T.);
#5090=ORIENTED_EDGE('',*,*,#3823,.F.);
#5091=ORIENTED_EDGE('',*,*,#3829,.F.);
#5092=ORIENTED_EDGE('',*,*,#3830,.T.);
#5093=ORIENTED_EDGE('',*,*,#3832,.T.);
#5094=ORIENTED_EDGE('',*,*,#3828,.T.);
#5095=ORIENTED_EDGE('',*,*,#3825,.T.);
#5096=ORIENTED_EDGE('',*,*,#3833,.T.);
#5097=ORIENTED_EDGE('',*,*,#3834,.T.);
#5098=ORIENTED_EDGE('',*,*,#3835,.F.);
#5099=ORIENTED_EDGE('',*,*,#3836,.F.);
#5100=ORIENTED_EDGE('',*,*,#3837,.T.);
#5101=ORIENTED_EDGE('',*,*,#3836,.T.);
#5102=ORIENTED_EDGE('',*,*,#3838,.F.);
#5103=ORIENTED_EDGE('',*,*,#3839,.F.);
#5104=ORIENTED_EDGE('',*,*,#3840,.T.);
#5105=ORIENTED_EDGE('',*,*,#3839,.T.);
#5106=ORIENTED_EDGE('',*,*,#3841,.F.);
#5107=ORIENTED_EDGE('',*,*,#3842,.F.);
#5108=ORIENTED_EDGE('',*,*,#3843,.T.);
#5109=ORIENTED_EDGE('',*,*,#3842,.T.);
#5110=ORIENTED_EDGE('',*,*,#3844,.F.);
#5111=ORIENTED_EDGE('',*,*,#3834,.F.);
#5112=ORIENTED_EDGE('',*,*,#3844,.T.);
#5113=ORIENTED_EDGE('',*,*,#3841,.T.);
#5114=ORIENTED_EDGE('',*,*,#3838,.T.);
#5115=ORIENTED_EDGE('',*,*,#3835,.T.);
#5116=ORIENTED_EDGE('',*,*,#3843,.F.);
#5117=ORIENTED_EDGE('',*,*,#3833,.F.);
#5118=ORIENTED_EDGE('',*,*,#3837,.F.);
#5119=ORIENTED_EDGE('',*,*,#3840,.F.);
#5120=ORIENTED_EDGE('',*,*,#3845,.T.);
#5121=ORIENTED_EDGE('',*,*,#3846,.T.);
#5122=ORIENTED_EDGE('',*,*,#3847,.T.);
#5123=ORIENTED_EDGE('',*,*,#3848,.T.);
#5124=ORIENTED_EDGE('',*,*,#3849,.T.);
#5125=ORIENTED_EDGE('',*,*,#3850,.T.);
#5126=ORIENTED_EDGE('',*,*,#3846,.F.);
#5127=ORIENTED_EDGE('',*,*,#3851,.T.);
#5128=ORIENTED_EDGE('',*,*,#3852,.T.);
#5129=ORIENTED_EDGE('',*,*,#3853,.T.);
#5130=ORIENTED_EDGE('',*,*,#3854,.T.);
#5131=ORIENTED_EDGE('',*,*,#3855,.T.);
#5132=ORIENTED_EDGE('',*,*,#3856,.T.);
#5133=ORIENTED_EDGE('',*,*,#3852,.F.);
#5134=ORIENTED_EDGE('',*,*,#3857,.T.);
#5135=ORIENTED_EDGE('',*,*,#3858,.T.);
#5136=ORIENTED_EDGE('',*,*,#3855,.F.);
#5137=ORIENTED_EDGE('',*,*,#3859,.T.);
#5138=ORIENTED_EDGE('',*,*,#3860,.T.);
#5139=ORIENTED_EDGE('',*,*,#3861,.T.);
#5140=ORIENTED_EDGE('',*,*,#3862,.T.);
#5141=ORIENTED_EDGE('',*,*,#3857,.F.);
#5142=ORIENTED_EDGE('',*,*,#3863,.T.);
#5143=ORIENTED_EDGE('',*,*,#3864,.T.);
#5144=ORIENTED_EDGE('',*,*,#3865,.T.);
#5145=ORIENTED_EDGE('',*,*,#3861,.F.);
#5146=ORIENTED_EDGE('',*,*,#3866,.T.);
#5147=ORIENTED_EDGE('',*,*,#3867,.T.);
#5148=ORIENTED_EDGE('',*,*,#3868,.T.);
#5149=ORIENTED_EDGE('',*,*,#3864,.F.);
#5150=ORIENTED_EDGE('',*,*,#3869,.T.);
#5151=ORIENTED_EDGE('',*,*,#3870,.T.);
#5152=ORIENTED_EDGE('',*,*,#3867,.F.);
#5153=ORIENTED_EDGE('',*,*,#3871,.T.);
#5154=ORIENTED_EDGE('',*,*,#3849,.F.);
#5155=ORIENTED_EDGE('',*,*,#3862,.F.);
#5156=ORIENTED_EDGE('',*,*,#3872,.T.);
#5157=ORIENTED_EDGE('',*,*,#3873,.T.);
#5158=ORIENTED_EDGE('',*,*,#3874,.T.);
#5159=ORIENTED_EDGE('',*,*,#3875,.T.);
#5160=ORIENTED_EDGE('',*,*,#3865,.F.);
#5161=ORIENTED_EDGE('',*,*,#3876,.T.);
#5162=ORIENTED_EDGE('',*,*,#3877,.T.);
#5163=ORIENTED_EDGE('',*,*,#3872,.F.);
#5164=ORIENTED_EDGE('',*,*,#3868,.F.);
#5165=ORIENTED_EDGE('',*,*,#3878,.F.);
#5166=ORIENTED_EDGE('',*,*,#3879,.F.);
#5167=ORIENTED_EDGE('',*,*,#3880,.T.);
#5168=ORIENTED_EDGE('',*,*,#3876,.F.);
#5169=ORIENTED_EDGE('',*,*,#3870,.F.);
#5170=ORIENTED_EDGE('',*,*,#3848,.F.);
#5171=ORIENTED_EDGE('',*,*,#3881,.F.);
#5172=ORIENTED_EDGE('',*,*,#3878,.T.);
#5173=ORIENTED_EDGE('',*,*,#3845,.F.);
#5174=ORIENTED_EDGE('',*,*,#3871,.F.);
#5175=ORIENTED_EDGE('',*,*,#3869,.F.);
#5176=ORIENTED_EDGE('',*,*,#3866,.F.);
#5177=ORIENTED_EDGE('',*,*,#3863,.F.);
#5178=ORIENTED_EDGE('',*,*,#3860,.F.);
#5179=ORIENTED_EDGE('',*,*,#3882,.T.);
#5180=ORIENTED_EDGE('',*,*,#3883,.T.);
#5181=ORIENTED_EDGE('',*,*,#3882,.F.);
#5182=ORIENTED_EDGE('',*,*,#3859,.F.);
#5183=ORIENTED_EDGE('',*,*,#3854,.F.);
#5184=ORIENTED_EDGE('',*,*,#3851,.F.);
#5185=ORIENTED_EDGE('',*,*,#3884,.T.);
#5186=ORIENTED_EDGE('',*,*,#3885,.T.);
#5187=ORIENTED_EDGE('',*,*,#3886,.T.);
#5188=ORIENTED_EDGE('',*,*,#3887,.F.);
#5189=ORIENTED_EDGE('',*,*,#3888,.T.);
#5190=ORIENTED_EDGE('',*,*,#3889,.T.);
#5191=ORIENTED_EDGE('',*,*,#3885,.F.);
#5192=ORIENTED_EDGE('',*,*,#3890,.T.);
#5193=ORIENTED_EDGE('',*,*,#3891,.T.);
#5194=ORIENTED_EDGE('',*,*,#3892,.T.);
#5195=ORIENTED_EDGE('',*,*,#3888,.F.);
#5196=ORIENTED_EDGE('',*,*,#3893,.T.);
#5197=ORIENTED_EDGE('',*,*,#3894,.T.);
#5198=ORIENTED_EDGE('',*,*,#3895,.T.);
#5199=ORIENTED_EDGE('',*,*,#3891,.F.);
#5200=ORIENTED_EDGE('',*,*,#3896,.T.);
#5201=ORIENTED_EDGE('',*,*,#3897,.T.);
#5202=ORIENTED_EDGE('',*,*,#3898,.T.);
#5203=ORIENTED_EDGE('',*,*,#3894,.F.);
#5204=ORIENTED_EDGE('',*,*,#3899,.T.);
#5205=ORIENTED_EDGE('',*,*,#3900,.T.);
#5206=ORIENTED_EDGE('',*,*,#3897,.F.);
#5207=ORIENTED_EDGE('',*,*,#3901,.T.);
#5208=ORIENTED_EDGE('',*,*,#3902,.T.);
#5209=ORIENTED_EDGE('',*,*,#3903,.T.);
#5210=ORIENTED_EDGE('',*,*,#3904,.T.);
#5211=ORIENTED_EDGE('',*,*,#3905,.T.);
#5212=ORIENTED_EDGE('',*,*,#3906,.T.);
#5213=ORIENTED_EDGE('',*,*,#3907,.T.);
#5214=ORIENTED_EDGE('',*,*,#3902,.F.);
#5215=ORIENTED_EDGE('',*,*,#3908,.T.);
#5216=ORIENTED_EDGE('',*,*,#3905,.F.);
#5217=ORIENTED_EDGE('',*,*,#3909,.T.);
#5218=ORIENTED_EDGE('',*,*,#3887,.T.);
#5219=ORIENTED_EDGE('',*,*,#3910,.T.);
#5220=ORIENTED_EDGE('',*,*,#3895,.F.);
#5221=ORIENTED_EDGE('',*,*,#3911,.T.);
#5222=ORIENTED_EDGE('',*,*,#3912,.T.);
#5223=ORIENTED_EDGE('',*,*,#3913,.T.);
#5224=ORIENTED_EDGE('',*,*,#3914,.T.);
#5225=ORIENTED_EDGE('',*,*,#3898,.F.);
#5226=ORIENTED_EDGE('',*,*,#3915,.T.);
#5227=ORIENTED_EDGE('',*,*,#3916,.F.);
#5228=ORIENTED_EDGE('',*,*,#3917,.F.);
#5229=ORIENTED_EDGE('',*,*,#3918,.F.);
#5230=ORIENTED_EDGE('',*,*,#3911,.F.);
#5231=ORIENTED_EDGE('',*,*,#3900,.F.);
#5232=ORIENTED_EDGE('',*,*,#3907,.F.);
#5233=ORIENTED_EDGE('',*,*,#3919,.T.);
#5234=ORIENTED_EDGE('',*,*,#3920,.F.);
#5235=ORIENTED_EDGE('',*,*,#3921,.F.);
#5236=ORIENTED_EDGE('',*,*,#3915,.F.);
#5237=ORIENTED_EDGE('',*,*,#3850,.F.);
#5238=ORIENTED_EDGE('',*,*,#3922,.T.);
#5239=ORIENTED_EDGE('',*,*,#3923,.F.);
#5240=ORIENTED_EDGE('',*,*,#3924,.F.);
#5241=ORIENTED_EDGE('',*,*,#3925,.F.);
#5242=ORIENTED_EDGE('',*,*,#3919,.F.);
#5243=ORIENTED_EDGE('',*,*,#3906,.F.);
#5244=ORIENTED_EDGE('',*,*,#3926,.F.);
#5245=ORIENTED_EDGE('',*,*,#3927,.F.);
#5246=ORIENTED_EDGE('',*,*,#3928,.F.);
#5247=ORIENTED_EDGE('',*,*,#3929,.F.);
#5248=ORIENTED_EDGE('',*,*,#3930,.F.);
#5249=ORIENTED_EDGE('',*,*,#3931,.F.);
#5250=ORIENTED_EDGE('',*,*,#3932,.F.);
#5251=ORIENTED_EDGE('',*,*,#3933,.F.);
#5252=ORIENTED_EDGE('',*,*,#3934,.F.);
#5253=ORIENTED_EDGE('',*,*,#3935,.F.);
#5254=ORIENTED_EDGE('',*,*,#3936,.F.);
#5255=ORIENTED_EDGE('',*,*,#3937,.F.);
#5256=ORIENTED_EDGE('',*,*,#3938,.F.);
#5257=ORIENTED_EDGE('',*,*,#3939,.F.);
#5258=ORIENTED_EDGE('',*,*,#3940,.F.);
#5259=ORIENTED_EDGE('',*,*,#3941,.F.);
#5260=ORIENTED_EDGE('',*,*,#3942,.F.);
#5261=ORIENTED_EDGE('',*,*,#3943,.F.);
#5262=ORIENTED_EDGE('',*,*,#3944,.F.);
#5263=ORIENTED_EDGE('',*,*,#3945,.F.);
#5264=ORIENTED_EDGE('',*,*,#3946,.F.);
#5265=ORIENTED_EDGE('',*,*,#3947,.F.);
#5266=ORIENTED_EDGE('',*,*,#3948,.F.);
#5267=ORIENTED_EDGE('',*,*,#3949,.F.);
#5268=ORIENTED_EDGE('',*,*,#3950,.F.);
#5269=ORIENTED_EDGE('',*,*,#3951,.F.);
#5270=ORIENTED_EDGE('',*,*,#3952,.F.);
#5271=ORIENTED_EDGE('',*,*,#3953,.T.);
#5272=ORIENTED_EDGE('',*,*,#3954,.T.);
#5273=ORIENTED_EDGE('',*,*,#3955,.T.);
#5274=ORIENTED_EDGE('',*,*,#3956,.T.);
#5275=ORIENTED_EDGE('',*,*,#3884,.F.);
#5276=ORIENTED_EDGE('',*,*,#3909,.F.);
#5277=ORIENTED_EDGE('',*,*,#3904,.F.);
#5278=ORIENTED_EDGE('',*,*,#3957,.T.);
#5279=ORIENTED_EDGE('',*,*,#3958,.T.);
#5280=ORIENTED_EDGE('',*,*,#3957,.F.);
#5281=ORIENTED_EDGE('',*,*,#3903,.F.);
#5282=ORIENTED_EDGE('',*,*,#3901,.F.);
#5283=ORIENTED_EDGE('',*,*,#3899,.F.);
#5284=ORIENTED_EDGE('',*,*,#3896,.F.);
#5285=ORIENTED_EDGE('',*,*,#3893,.F.);
#5286=ORIENTED_EDGE('',*,*,#3890,.F.);
#5287=ORIENTED_EDGE('',*,*,#3959,.T.);
#5288=ORIENTED_EDGE('',*,*,#3960,.T.);
#5289=ORIENTED_EDGE('',*,*,#3961,.T.);
#5290=ORIENTED_EDGE('',*,*,#3962,.T.);
#5291=ORIENTED_EDGE('',*,*,#3963,.T.);
#5292=ORIENTED_EDGE('',*,*,#3964,.T.);
#5293=ORIENTED_EDGE('',*,*,#3965,.T.);
#5294=ORIENTED_EDGE('',*,*,#3921,.T.);
#5295=ORIENTED_EDGE('',*,*,#3966,.F.);
#5296=ORIENTED_EDGE('',*,*,#3967,.T.);
#5297=ORIENTED_EDGE('',*,*,#3916,.T.);
#5298=ORIENTED_EDGE('',*,*,#3965,.F.);
#5299=ORIENTED_EDGE('',*,*,#3968,.T.);
#5300=ORIENTED_EDGE('',*,*,#3969,.T.);
#5301=ORIENTED_EDGE('',*,*,#3970,.T.);
#5302=ORIENTED_EDGE('',*,*,#3967,.F.);
#5303=ORIENTED_EDGE('',*,*,#3971,.T.);
#5304=ORIENTED_EDGE('',*,*,#3972,.T.);
#5305=ORIENTED_EDGE('',*,*,#3973,.T.);
#5306=ORIENTED_EDGE('',*,*,#3969,.F.);
#5307=ORIENTED_EDGE('',*,*,#3974,.T.);
#5308=ORIENTED_EDGE('',*,*,#3975,.T.);
#5309=ORIENTED_EDGE('',*,*,#3976,.T.);
#5310=ORIENTED_EDGE('',*,*,#3972,.F.);
#5311=ORIENTED_EDGE('',*,*,#3977,.T.);
#5312=ORIENTED_EDGE('',*,*,#3978,.T.);
#5313=ORIENTED_EDGE('',*,*,#3975,.F.);
#5314=ORIENTED_EDGE('',*,*,#3979,.T.);
#5315=ORIENTED_EDGE('',*,*,#3963,.F.);
#5316=ORIENTED_EDGE('',*,*,#3925,.T.);
#5317=ORIENTED_EDGE('',*,*,#3960,.F.);
#5318=ORIENTED_EDGE('',*,*,#3980,.T.);
#5319=ORIENTED_EDGE('',*,*,#3981,.T.);
#5320=ORIENTED_EDGE('',*,*,#3966,.T.);
#5321=ORIENTED_EDGE('',*,*,#3920,.T.);
#5322=ORIENTED_EDGE('',*,*,#3978,.F.);
#5323=ORIENTED_EDGE('',*,*,#3962,.F.);
#5324=ORIENTED_EDGE('',*,*,#3982,.F.);
#5325=ORIENTED_EDGE('',*,*,#3983,.T.);
#5326=ORIENTED_EDGE('',*,*,#3961,.F.);
#5327=ORIENTED_EDGE('',*,*,#3924,.T.);
#5328=ORIENTED_EDGE('',*,*,#3984,.F.);
#5329=ORIENTED_EDGE('',*,*,#3985,.T.);
#5330=ORIENTED_EDGE('',*,*,#3986,.T.);
#5331=ORIENTED_EDGE('',*,*,#3987,.T.);
#5332=ORIENTED_EDGE('',*,*,#3988,.T.);
#5333=ORIENTED_EDGE('',*,*,#3982,.T.);
#5334=ORIENTED_EDGE('',*,*,#3964,.F.);
#5335=ORIENTED_EDGE('',*,*,#3981,.F.);
#5336=ORIENTED_EDGE('',*,*,#3989,.T.);
#5337=ORIENTED_EDGE('',*,*,#3990,.T.);
#5338=ORIENTED_EDGE('',*,*,#3989,.F.);
#5339=ORIENTED_EDGE('',*,*,#3980,.F.);
#5340=ORIENTED_EDGE('',*,*,#3959,.F.);
#5341=ORIENTED_EDGE('',*,*,#3979,.F.);
#5342=ORIENTED_EDGE('',*,*,#3977,.F.);
#5343=ORIENTED_EDGE('',*,*,#3974,.F.);
#5344=ORIENTED_EDGE('',*,*,#3971,.F.);
#5345=ORIENTED_EDGE('',*,*,#3968,.F.);
#5346=ORIENTED_EDGE('',*,*,#3991,.T.);
#5347=ORIENTED_EDGE('',*,*,#3992,.T.);
#5348=ORIENTED_EDGE('',*,*,#3993,.T.);
#5349=ORIENTED_EDGE('',*,*,#3994,.F.);
#5350=ORIENTED_EDGE('',*,*,#3995,.T.);
#5351=ORIENTED_EDGE('',*,*,#3996,.T.);
#5352=ORIENTED_EDGE('',*,*,#3992,.F.);
#5353=ORIENTED_EDGE('',*,*,#3997,.T.);
#5354=ORIENTED_EDGE('',*,*,#3998,.T.);
#5355=ORIENTED_EDGE('',*,*,#3999,.T.);
#5356=ORIENTED_EDGE('',*,*,#3995,.F.);
#5357=ORIENTED_EDGE('',*,*,#4000,.T.);
#5358=ORIENTED_EDGE('',*,*,#4001,.T.);
#5359=ORIENTED_EDGE('',*,*,#4002,.T.);
#5360=ORIENTED_EDGE('',*,*,#3998,.F.);
#5361=ORIENTED_EDGE('',*,*,#4003,.T.);
#5362=ORIENTED_EDGE('',*,*,#4004,.T.);
#5363=ORIENTED_EDGE('',*,*,#4005,.T.);
#5364=ORIENTED_EDGE('',*,*,#4001,.F.);
#5365=ORIENTED_EDGE('',*,*,#4006,.T.);
#5366=ORIENTED_EDGE('',*,*,#4007,.T.);
#5367=ORIENTED_EDGE('',*,*,#4008,.T.);
#5368=ORIENTED_EDGE('',*,*,#4004,.F.);
#5369=ORIENTED_EDGE('',*,*,#4009,.T.);
#5370=ORIENTED_EDGE('',*,*,#4010,.T.);
#5371=ORIENTED_EDGE('',*,*,#4011,.T.);
#5372=ORIENTED_EDGE('',*,*,#4012,.T.);
#5373=ORIENTED_EDGE('',*,*,#3923,.T.);
#5374=ORIENTED_EDGE('',*,*,#4013,.T.);
#5375=ORIENTED_EDGE('',*,*,#4010,.F.);
#5376=ORIENTED_EDGE('',*,*,#3984,.T.);
#5377=ORIENTED_EDGE('',*,*,#4012,.F.);
#5378=ORIENTED_EDGE('',*,*,#4014,.T.);
#5379=ORIENTED_EDGE('',*,*,#3994,.T.);
#5380=ORIENTED_EDGE('',*,*,#4015,.T.);
#5381=ORIENTED_EDGE('',*,*,#3856,.F.);
#5382=ORIENTED_EDGE('',*,*,#4016,.T.);
#5383=ORIENTED_EDGE('',*,*,#4008,.F.);
#5384=ORIENTED_EDGE('',*,*,#4013,.F.);
#5385=ORIENTED_EDGE('',*,*,#3922,.F.);
#5386=ORIENTED_EDGE('',*,*,#3853,.F.);
#5387=ORIENTED_EDGE('',*,*,#4015,.F.);
#5388=ORIENTED_EDGE('',*,*,#3993,.F.);
#5389=ORIENTED_EDGE('',*,*,#4017,.T.);
#5390=ORIENTED_EDGE('',*,*,#3985,.F.);
#5391=ORIENTED_EDGE('',*,*,#3991,.F.);
#5392=ORIENTED_EDGE('',*,*,#4014,.F.);
#5393=ORIENTED_EDGE('',*,*,#4011,.F.);
#5394=ORIENTED_EDGE('',*,*,#4009,.F.);
#5395=ORIENTED_EDGE('',*,*,#4007,.F.);
#5396=ORIENTED_EDGE('',*,*,#4018,.T.);
#5397=ORIENTED_EDGE('',*,*,#4019,.T.);
#5398=ORIENTED_EDGE('',*,*,#4018,.F.);
#5399=ORIENTED_EDGE('',*,*,#4006,.F.);
#5400=ORIENTED_EDGE('',*,*,#4003,.F.);
#5401=ORIENTED_EDGE('',*,*,#4000,.F.);
#5402=ORIENTED_EDGE('',*,*,#3997,.F.);
#5403=ORIENTED_EDGE('',*,*,#3883,.F.);
#5404=ORIENTED_EDGE('',*,*,#4020,.F.);
#5405=ORIENTED_EDGE('',*,*,#3958,.F.);
#5406=ORIENTED_EDGE('',*,*,#4021,.F.);
#5407=ORIENTED_EDGE('',*,*,#4019,.F.);
#5408=ORIENTED_EDGE('',*,*,#4022,.F.);
#5409=ORIENTED_EDGE('',*,*,#3990,.F.);
#5410=ORIENTED_EDGE('',*,*,#4023,.F.);
#5411=ORIENTED_EDGE('',*,*,#3886,.F.);
#5412=ORIENTED_EDGE('',*,*,#4024,.T.);
#5413=ORIENTED_EDGE('',*,*,#4025,.F.);
#5414=ORIENTED_EDGE('',*,*,#3910,.F.);
#5415=ORIENTED_EDGE('',*,*,#3889,.F.);
#5416=ORIENTED_EDGE('',*,*,#4026,.F.);
#5417=ORIENTED_EDGE('',*,*,#4027,.T.);
#5418=ORIENTED_EDGE('',*,*,#4028,.F.);
#5419=ORIENTED_EDGE('',*,*,#4024,.F.);
#5420=ORIENTED_EDGE('',*,*,#3892,.F.);
#5421=ORIENTED_EDGE('',*,*,#3914,.F.);
#5422=ORIENTED_EDGE('',*,*,#4029,.T.);
#5423=ORIENTED_EDGE('',*,*,#4026,.T.);
#5424=ORIENTED_EDGE('',*,*,#3996,.F.);
#5425=ORIENTED_EDGE('',*,*,#4030,.F.);
#5426=ORIENTED_EDGE('',*,*,#4031,.T.);
#5427=ORIENTED_EDGE('',*,*,#3986,.F.);
#5428=ORIENTED_EDGE('',*,*,#4017,.F.);
#5429=ORIENTED_EDGE('',*,*,#3999,.F.);
#5430=ORIENTED_EDGE('',*,*,#4032,.F.);
#5431=ORIENTED_EDGE('',*,*,#4033,.T.);
#5432=ORIENTED_EDGE('',*,*,#4030,.T.);
#5433=ORIENTED_EDGE('',*,*,#4002,.F.);
#5434=ORIENTED_EDGE('',*,*,#4034,.T.);
#5435=ORIENTED_EDGE('',*,*,#4035,.T.);
#5436=ORIENTED_EDGE('',*,*,#4036,.T.);
#5437=ORIENTED_EDGE('',*,*,#4032,.T.);
#5438=ORIENTED_EDGE('',*,*,#3973,.F.);
#5439=ORIENTED_EDGE('',*,*,#4037,.F.);
#5440=ORIENTED_EDGE('',*,*,#4038,.T.);
#5441=ORIENTED_EDGE('',*,*,#4039,.F.);
#5442=ORIENTED_EDGE('',*,*,#3976,.F.);
#5443=ORIENTED_EDGE('',*,*,#3983,.F.);
#5444=ORIENTED_EDGE('',*,*,#3988,.F.);
#5445=ORIENTED_EDGE('',*,*,#4040,.T.);
#5446=ORIENTED_EDGE('',*,*,#4037,.T.);
#5447=ORIENTED_EDGE('',*,*,#3858,.F.);
#5448=ORIENTED_EDGE('',*,*,#3875,.F.);
#5449=ORIENTED_EDGE('',*,*,#4041,.T.);
#5450=ORIENTED_EDGE('',*,*,#4034,.F.);
#5451=ORIENTED_EDGE('',*,*,#4005,.F.);
#5452=ORIENTED_EDGE('',*,*,#4016,.F.);
#5453=ORIENTED_EDGE('',*,*,#3847,.F.);
#5454=ORIENTED_EDGE('',*,*,#3926,.T.);
#5455=ORIENTED_EDGE('',*,*,#3908,.F.);
#5456=ORIENTED_EDGE('',*,*,#4025,.T.);
#5457=ORIENTED_EDGE('',*,*,#4028,.T.);
#5458=ORIENTED_EDGE('',*,*,#4042,.T.);
#5459=ORIENTED_EDGE('',*,*,#3879,.T.);
#5460=ORIENTED_EDGE('',*,*,#3881,.T.);
#5461=ORIENTED_EDGE('',*,*,#4043,.T.);
#5462=ORIENTED_EDGE('',*,*,#4044,.T.);
#5463=ORIENTED_EDGE('',*,*,#3874,.F.);
#5464=ORIENTED_EDGE('',*,*,#4045,.T.);
#5465=ORIENTED_EDGE('',*,*,#4042,.F.);
#5466=ORIENTED_EDGE('',*,*,#4027,.F.);
#5467=ORIENTED_EDGE('',*,*,#4029,.F.);
#5468=ORIENTED_EDGE('',*,*,#3913,.F.);
#5469=ORIENTED_EDGE('',*,*,#4046,.F.);
#5470=ORIENTED_EDGE('',*,*,#4047,.T.);
#5471=ORIENTED_EDGE('',*,*,#4048,.T.);
#5472=ORIENTED_EDGE('',*,*,#4049,.T.);
#5473=ORIENTED_EDGE('',*,*,#4050,.T.);
#5474=ORIENTED_EDGE('',*,*,#4051,.T.);
#5475=ORIENTED_EDGE('',*,*,#4052,.T.);
#5476=ORIENTED_EDGE('',*,*,#4053,.T.);
#5477=ORIENTED_EDGE('',*,*,#4045,.F.);
#5478=ORIENTED_EDGE('',*,*,#3873,.F.);
#5479=ORIENTED_EDGE('',*,*,#3877,.F.);
#5480=ORIENTED_EDGE('',*,*,#3880,.F.);
#5481=ORIENTED_EDGE('',*,*,#4054,.T.);
#5482=ORIENTED_EDGE('',*,*,#4046,.T.);
#5483=ORIENTED_EDGE('',*,*,#3912,.F.);
#5484=ORIENTED_EDGE('',*,*,#4055,.T.);
#5485=ORIENTED_EDGE('',*,*,#4055,.F.);
#5486=ORIENTED_EDGE('',*,*,#3918,.T.);
#5487=ORIENTED_EDGE('',*,*,#4056,.F.);
#5488=ORIENTED_EDGE('',*,*,#4057,.F.);
#5489=ORIENTED_EDGE('',*,*,#3987,.F.);
#5490=ORIENTED_EDGE('',*,*,#4031,.F.);
#5491=ORIENTED_EDGE('',*,*,#4033,.F.);
#5492=ORIENTED_EDGE('',*,*,#4036,.F.);
#5493=ORIENTED_EDGE('',*,*,#4058,.F.);
#5494=ORIENTED_EDGE('',*,*,#4059,.T.);
#5495=ORIENTED_EDGE('',*,*,#4060,.T.);
#5496=ORIENTED_EDGE('',*,*,#4061,.T.);
#5497=ORIENTED_EDGE('',*,*,#4062,.T.);
#5498=ORIENTED_EDGE('',*,*,#4063,.T.);
#5499=ORIENTED_EDGE('',*,*,#4064,.T.);
#5500=ORIENTED_EDGE('',*,*,#4065,.T.);
#5501=ORIENTED_EDGE('',*,*,#4066,.F.);
#5502=ORIENTED_EDGE('',*,*,#4067,.F.);
#5503=ORIENTED_EDGE('',*,*,#4038,.F.);
#5504=ORIENTED_EDGE('',*,*,#4040,.F.);
#5505=ORIENTED_EDGE('',*,*,#4068,.T.);
#5506=ORIENTED_EDGE('',*,*,#4058,.T.);
#5507=ORIENTED_EDGE('',*,*,#4035,.F.);
#5508=ORIENTED_EDGE('',*,*,#4069,.T.);
#5509=ORIENTED_EDGE('',*,*,#4044,.F.);
#5510=ORIENTED_EDGE('',*,*,#4070,.T.);
#5511=ORIENTED_EDGE('',*,*,#4069,.F.);
#5512=ORIENTED_EDGE('',*,*,#4041,.F.);
#5513=ORIENTED_EDGE('',*,*,#4071,.T.);
#5514=ORIENTED_EDGE('',*,*,#4056,.T.);
#5515=ORIENTED_EDGE('',*,*,#4072,.T.);
#5516=ORIENTED_EDGE('',*,*,#4066,.T.);
#5517=ORIENTED_EDGE('',*,*,#3970,.F.);
#5518=ORIENTED_EDGE('',*,*,#4039,.T.);
#5519=ORIENTED_EDGE('',*,*,#4067,.T.);
#5520=ORIENTED_EDGE('',*,*,#4072,.F.);
#5521=ORIENTED_EDGE('',*,*,#3917,.T.);
#5522=ORIENTED_EDGE('',*,*,#4054,.F.);
#5523=ORIENTED_EDGE('',*,*,#4057,.T.);
#5524=ORIENTED_EDGE('',*,*,#4071,.F.);
#5525=ORIENTED_EDGE('',*,*,#4065,.F.);
#5526=ORIENTED_EDGE('',*,*,#4073,.F.);
#5527=ORIENTED_EDGE('',*,*,#4074,.T.);
#5528=ORIENTED_EDGE('',*,*,#4075,.T.);
#5529=ORIENTED_EDGE('',*,*,#4076,.T.);
#5530=ORIENTED_EDGE('',*,*,#4077,.T.);
#5531=ORIENTED_EDGE('',*,*,#4078,.T.);
#5532=ORIENTED_EDGE('',*,*,#4079,.T.);
#5533=ORIENTED_EDGE('',*,*,#4080,.T.);
#5534=ORIENTED_EDGE('',*,*,#4081,.T.);
#5535=ORIENTED_EDGE('',*,*,#4082,.T.);
#5536=ORIENTED_EDGE('',*,*,#4083,.F.);
#5537=ORIENTED_EDGE('',*,*,#4047,.F.);
#5538=ORIENTED_EDGE('',*,*,#4084,.T.);
#5539=ORIENTED_EDGE('',*,*,#4085,.T.);
#5540=ORIENTED_EDGE('',*,*,#3953,.F.);
#5541=ORIENTED_EDGE('',*,*,#4086,.T.);
#5542=ORIENTED_EDGE('',*,*,#4087,.T.);
#5543=ORIENTED_EDGE('',*,*,#4088,.F.);
#5544=ORIENTED_EDGE('',*,*,#3956,.F.);
#5545=ORIENTED_EDGE('',*,*,#4089,.T.);
#5546=ORIENTED_EDGE('',*,*,#4090,.T.);
#5547=ORIENTED_EDGE('',*,*,#4086,.F.);
#5548=ORIENTED_EDGE('',*,*,#3955,.F.);
#5549=ORIENTED_EDGE('',*,*,#4091,.T.);
#5550=ORIENTED_EDGE('',*,*,#4092,.T.);
#5551=ORIENTED_EDGE('',*,*,#4089,.F.);
#5552=ORIENTED_EDGE('',*,*,#3954,.F.);
#5553=ORIENTED_EDGE('',*,*,#4088,.T.);
#5554=ORIENTED_EDGE('',*,*,#4093,.T.);
#5555=ORIENTED_EDGE('',*,*,#4091,.F.);
#5556=ORIENTED_EDGE('',*,*,#4093,.F.);
#5557=ORIENTED_EDGE('',*,*,#4087,.F.);
#5558=ORIENTED_EDGE('',*,*,#4090,.F.);
#5559=ORIENTED_EDGE('',*,*,#4092,.F.);
#5560=ORIENTED_EDGE('',*,*,#4094,.F.);
#5561=ORIENTED_EDGE('',*,*,#4095,.F.);
#5562=ORIENTED_EDGE('',*,*,#4096,.F.);
#5563=ORIENTED_EDGE('',*,*,#4097,.F.);
#5564=ORIENTED_EDGE('',*,*,#4096,.T.);
#5565=ORIENTED_EDGE('',*,*,#4098,.F.);
#5566=ORIENTED_EDGE('',*,*,#4099,.T.);
#5567=ORIENTED_EDGE('',*,*,#4100,.T.);
#5568=ORIENTED_EDGE('',*,*,#4095,.T.);
#5569=ORIENTED_EDGE('',*,*,#4101,.F.);
#5570=ORIENTED_EDGE('',*,*,#4102,.T.);
#5571=ORIENTED_EDGE('',*,*,#4098,.T.);
#5572=ORIENTED_EDGE('',*,*,#4094,.T.);
#5573=ORIENTED_EDGE('',*,*,#4103,.T.);
#5574=ORIENTED_EDGE('',*,*,#4104,.T.);
#5575=ORIENTED_EDGE('',*,*,#4101,.T.);
#5576=ORIENTED_EDGE('',*,*,#4097,.T.);
#5577=ORIENTED_EDGE('',*,*,#4100,.F.);
#5578=ORIENTED_EDGE('',*,*,#4105,.T.);
#5579=ORIENTED_EDGE('',*,*,#4103,.F.);
#5580=ORIENTED_EDGE('',*,*,#4102,.F.);
#5581=ORIENTED_EDGE('',*,*,#4106,.F.);
#5582=ORIENTED_EDGE('',*,*,#4107,.F.);
#5583=ORIENTED_EDGE('',*,*,#4108,.T.);
#5584=ORIENTED_EDGE('',*,*,#4104,.F.);
#5585=ORIENTED_EDGE('',*,*,#4109,.T.);
#5586=ORIENTED_EDGE('',*,*,#4110,.F.);
#5587=ORIENTED_EDGE('',*,*,#4106,.T.);
#5588=ORIENTED_EDGE('',*,*,#4111,.T.);
#5589=ORIENTED_EDGE('',*,*,#4112,.T.);
#5590=ORIENTED_EDGE('',*,*,#4113,.F.);
#5591=ORIENTED_EDGE('',*,*,#4114,.F.);
#5592=ORIENTED_EDGE('',*,*,#4115,.T.);
#5593=ORIENTED_EDGE('',*,*,#4116,.T.);
#5594=ORIENTED_EDGE('',*,*,#4117,.T.);
#5595=ORIENTED_EDGE('',*,*,#4118,.T.);
#5596=ORIENTED_EDGE('',*,*,#4119,.T.);
#5597=ORIENTED_EDGE('',*,*,#4120,.T.);
#5598=ORIENTED_EDGE('',*,*,#4121,.T.);
#5599=ORIENTED_EDGE('',*,*,#4122,.T.);
#5600=ORIENTED_EDGE('',*,*,#4123,.T.);
#5601=ORIENTED_EDGE('',*,*,#4124,.T.);
#5602=ORIENTED_EDGE('',*,*,#4125,.T.);
#5603=ORIENTED_EDGE('',*,*,#4126,.T.);
#5604=ORIENTED_EDGE('',*,*,#4127,.T.);
#5605=ORIENTED_EDGE('',*,*,#4128,.T.);
#5606=ORIENTED_EDGE('',*,*,#4129,.T.);
#5607=ORIENTED_EDGE('',*,*,#4130,.T.);
#5608=ORIENTED_EDGE('',*,*,#4131,.T.);
#5609=ORIENTED_EDGE('',*,*,#4132,.T.);
#5610=ORIENTED_EDGE('',*,*,#4133,.T.);
#5611=ORIENTED_EDGE('',*,*,#4134,.T.);
#5612=ORIENTED_EDGE('',*,*,#4135,.F.);
#5613=ORIENTED_EDGE('',*,*,#4136,.T.);
#5614=ORIENTED_EDGE('',*,*,#4137,.T.);
#5615=ORIENTED_EDGE('',*,*,#4138,.T.);
#5616=ORIENTED_EDGE('',*,*,#4139,.F.);
#5617=ORIENTED_EDGE('',*,*,#4140,.T.);
#5618=ORIENTED_EDGE('',*,*,#4141,.T.);
#5619=ORIENTED_EDGE('',*,*,#4142,.T.);
#5620=ORIENTED_EDGE('',*,*,#4143,.T.);
#5621=ORIENTED_EDGE('',*,*,#4144,.T.);
#5622=ORIENTED_EDGE('',*,*,#4145,.T.);
#5623=ORIENTED_EDGE('',*,*,#4099,.F.);
#5624=ORIENTED_EDGE('',*,*,#4108,.F.);
#5625=ORIENTED_EDGE('',*,*,#4146,.F.);
#5626=ORIENTED_EDGE('',*,*,#4147,.T.);
#5627=ORIENTED_EDGE('',*,*,#4105,.F.);
#5628=ORIENTED_EDGE('',*,*,#4147,.F.);
#5629=ORIENTED_EDGE('',*,*,#4148,.F.);
#5630=ORIENTED_EDGE('',*,*,#4109,.F.);
#5631=ORIENTED_EDGE('',*,*,#4149,.F.);
#5632=ORIENTED_EDGE('',*,*,#4150,.F.);
#5633=ORIENTED_EDGE('',*,*,#4151,.F.);
#5634=ORIENTED_EDGE('',*,*,#4152,.F.);
#5635=ORIENTED_EDGE('',*,*,#4153,.T.);
#5636=ORIENTED_EDGE('',*,*,#4111,.F.);
#5637=ORIENTED_EDGE('',*,*,#4154,.F.);
#5638=ORIENTED_EDGE('',*,*,#4155,.F.);
#5639=ORIENTED_EDGE('',*,*,#4110,.T.);
#5640=ORIENTED_EDGE('',*,*,#4148,.T.);
#5641=ORIENTED_EDGE('',*,*,#4146,.T.);
#5642=ORIENTED_EDGE('',*,*,#4107,.T.);
#5643=ORIENTED_EDGE('',*,*,#4151,.T.);
#5644=ORIENTED_EDGE('',*,*,#4156,.F.);
#5645=ORIENTED_EDGE('',*,*,#4157,.F.);
#5646=ORIENTED_EDGE('',*,*,#4158,.F.);
#5647=ORIENTED_EDGE('',*,*,#4150,.T.);
#5648=ORIENTED_EDGE('',*,*,#4159,.T.);
#5649=ORIENTED_EDGE('',*,*,#4160,.F.);
#5650=ORIENTED_EDGE('',*,*,#4156,.T.);
#5651=ORIENTED_EDGE('',*,*,#4152,.T.);
#5652=ORIENTED_EDGE('',*,*,#4158,.T.);
#5653=ORIENTED_EDGE('',*,*,#4161,.F.);
#5654=ORIENTED_EDGE('',*,*,#4162,.F.);
#5655=ORIENTED_EDGE('',*,*,#4143,.F.);
#5656=ORIENTED_EDGE('',*,*,#4163,.T.);
#5657=ORIENTED_EDGE('',*,*,#4164,.F.);
#5658=ORIENTED_EDGE('',*,*,#4165,.F.);
#5659=ORIENTED_EDGE('',*,*,#4144,.F.);
#5660=ORIENTED_EDGE('',*,*,#4165,.T.);
#5661=ORIENTED_EDGE('',*,*,#4166,.F.);
#5662=ORIENTED_EDGE('',*,*,#4167,.F.);
#5663=ORIENTED_EDGE('',*,*,#4145,.F.);
#5664=ORIENTED_EDGE('',*,*,#4167,.T.);
#5665=ORIENTED_EDGE('',*,*,#4168,.F.);
#5666=ORIENTED_EDGE('',*,*,#4169,.F.);
#5667=ORIENTED_EDGE('',*,*,#4142,.F.);
#5668=ORIENTED_EDGE('',*,*,#4169,.T.);
#5669=ORIENTED_EDGE('',*,*,#4170,.F.);
#5670=ORIENTED_EDGE('',*,*,#4112,.F.);
#5671=ORIENTED_EDGE('',*,*,#4153,.F.);
#5672=ORIENTED_EDGE('',*,*,#4162,.T.);
#5673=ORIENTED_EDGE('',*,*,#4171,.F.);
#5674=ORIENTED_EDGE('',*,*,#4163,.F.);
#5675=ORIENTED_EDGE('',*,*,#4172,.T.);
#5676=ORIENTED_EDGE('',*,*,#4113,.T.);
#5677=ORIENTED_EDGE('',*,*,#4170,.T.);
#5678=ORIENTED_EDGE('',*,*,#4168,.T.);
#5679=ORIENTED_EDGE('',*,*,#4166,.T.);
#5680=ORIENTED_EDGE('',*,*,#4164,.T.);
#5681=ORIENTED_EDGE('',*,*,#4171,.T.);
#5682=ORIENTED_EDGE('',*,*,#4161,.T.);
#5683=ORIENTED_EDGE('',*,*,#4157,.T.);
#5684=ORIENTED_EDGE('',*,*,#4160,.T.);
#5685=ORIENTED_EDGE('',*,*,#4173,.T.);
#5686=ORIENTED_EDGE('',*,*,#4174,.T.);
#5687=ORIENTED_EDGE('',*,*,#4154,.T.);
#5688=ORIENTED_EDGE('',*,*,#4114,.T.);
#5689=ORIENTED_EDGE('',*,*,#4172,.F.);
#5690=ORIENTED_EDGE('',*,*,#4175,.T.);
#5691=ORIENTED_EDGE('',*,*,#4155,.T.);
#5692=ORIENTED_EDGE('',*,*,#4175,.F.);
#5693=ORIENTED_EDGE('',*,*,#4174,.F.);
#5694=ORIENTED_EDGE('',*,*,#4176,.T.);
#5695=ORIENTED_EDGE('',*,*,#4149,.T.);
#5696=ORIENTED_EDGE('',*,*,#4176,.F.);
#5697=ORIENTED_EDGE('',*,*,#4173,.F.);
#5698=ORIENTED_EDGE('',*,*,#4159,.F.);
#5699=ORIENTED_EDGE('',*,*,#4177,.T.);
#5700=ORIENTED_EDGE('',*,*,#4178,.T.);
#5701=ORIENTED_EDGE('',*,*,#4179,.T.);
#5702=ORIENTED_EDGE('',*,*,#4180,.F.);
#5703=ORIENTED_EDGE('',*,*,#4181,.T.);
#5704=ORIENTED_EDGE('',*,*,#4182,.F.);
#5705=ORIENTED_EDGE('',*,*,#4183,.F.);
#5706=ORIENTED_EDGE('',*,*,#4184,.F.);
#5707=ORIENTED_EDGE('',*,*,#4181,.F.);
#5708=ORIENTED_EDGE('',*,*,#4185,.F.);
#5709=ORIENTED_EDGE('',*,*,#4186,.T.);
#5710=ORIENTED_EDGE('',*,*,#4187,.T.);
#5711=ORIENTED_EDGE('',*,*,#4188,.T.);
#5712=ORIENTED_EDGE('',*,*,#4140,.F.);
#5713=ORIENTED_EDGE('',*,*,#4189,.F.);
#5714=ORIENTED_EDGE('',*,*,#4190,.F.);
#5715=ORIENTED_EDGE('',*,*,#4191,.T.);
#5716=ORIENTED_EDGE('',*,*,#4186,.F.);
#5717=ORIENTED_EDGE('',*,*,#4185,.T.);
#5718=ORIENTED_EDGE('',*,*,#4180,.T.);
#5719=ORIENTED_EDGE('',*,*,#4192,.T.);
#5720=ORIENTED_EDGE('',*,*,#4193,.T.);
#5721=ORIENTED_EDGE('',*,*,#4194,.T.);
#5722=ORIENTED_EDGE('',*,*,#4195,.T.);
#5723=ORIENTED_EDGE('',*,*,#4189,.T.);
#5724=ORIENTED_EDGE('',*,*,#4139,.T.);
#5725=ORIENTED_EDGE('',*,*,#4196,.T.);
#5726=ORIENTED_EDGE('',*,*,#4197,.T.);
#5727=ORIENTED_EDGE('',*,*,#4198,.T.);
#5728=ORIENTED_EDGE('',*,*,#4199,.T.);
#5729=ORIENTED_EDGE('',*,*,#4200,.F.);
#5730=ORIENTED_EDGE('',*,*,#4201,.T.);
#5731=ORIENTED_EDGE('',*,*,#4202,.T.);
#5732=ORIENTED_EDGE('',*,*,#4203,.T.);
#5733=ORIENTED_EDGE('',*,*,#4204,.T.);
#5734=ORIENTED_EDGE('',*,*,#4135,.T.);
#5735=ORIENTED_EDGE('',*,*,#4182,.T.);
#5736=ORIENTED_EDGE('',*,*,#4184,.T.);
#5737=ORIENTED_EDGE('',*,*,#4205,.T.);
#5738=ORIENTED_EDGE('',*,*,#4206,.F.);
#5739=ORIENTED_EDGE('',*,*,#4207,.T.);
#5740=ORIENTED_EDGE('',*,*,#4208,.F.);
#5741=ORIENTED_EDGE('',*,*,#4207,.F.);
#5742=ORIENTED_EDGE('',*,*,#4209,.T.);
#5743=ORIENTED_EDGE('',*,*,#4206,.T.);
#5744=ORIENTED_EDGE('',*,*,#4183,.T.);
#5745=ORIENTED_EDGE('',*,*,#4205,.F.);
#5746=ORIENTED_EDGE('',*,*,#4210,.F.);
#5747=ORIENTED_EDGE('',*,*,#4211,.T.);
#5748=ORIENTED_EDGE('',*,*,#4212,.F.);
#5749=ORIENTED_EDGE('',*,*,#4211,.F.);
#5750=ORIENTED_EDGE('',*,*,#4213,.T.);
#5751=ORIENTED_EDGE('',*,*,#4210,.T.);
#5752=ORIENTED_EDGE('',*,*,#4208,.T.);
#5753=ORIENTED_EDGE('',*,*,#4214,.F.);
#5754=ORIENTED_EDGE('',*,*,#4215,.T.);
#5755=ORIENTED_EDGE('',*,*,#4216,.F.);
#5756=ORIENTED_EDGE('',*,*,#4217,.F.);
#5757=ORIENTED_EDGE('',*,*,#4218,.F.);
#5758=ORIENTED_EDGE('',*,*,#4215,.F.);
#5759=ORIENTED_EDGE('',*,*,#4219,.T.);
#5760=ORIENTED_EDGE('',*,*,#4214,.T.);
#5761=ORIENTED_EDGE('',*,*,#4216,.T.);
#5762=ORIENTED_EDGE('',*,*,#4218,.T.);
#5763=ORIENTED_EDGE('',*,*,#4220,.T.);
#5764=ORIENTED_EDGE('',*,*,#4212,.T.);
#5765=ORIENTED_EDGE('',*,*,#4221,.F.);
#5766=ORIENTED_EDGE('',*,*,#4222,.T.);
#5767=ORIENTED_EDGE('',*,*,#4223,.F.);
#5768=ORIENTED_EDGE('',*,*,#4222,.F.);
#5769=ORIENTED_EDGE('',*,*,#4224,.F.);
#5770=ORIENTED_EDGE('',*,*,#4225,.T.);
#5771=ORIENTED_EDGE('',*,*,#4226,.F.);
#5772=ORIENTED_EDGE('',*,*,#4227,.T.);
#5773=ORIENTED_EDGE('',*,*,#4228,.T.);
#5774=ORIENTED_EDGE('',*,*,#4120,.F.);
#5775=ORIENTED_EDGE('',*,*,#4225,.F.);
#5776=ORIENTED_EDGE('',*,*,#4224,.T.);
#5777=ORIENTED_EDGE('',*,*,#4221,.T.);
#5778=ORIENTED_EDGE('',*,*,#4217,.T.);
#5779=ORIENTED_EDGE('',*,*,#4220,.F.);
#5780=ORIENTED_EDGE('',*,*,#4229,.F.);
#5781=ORIENTED_EDGE('',*,*,#4230,.T.);
#5782=ORIENTED_EDGE('',*,*,#4231,.F.);
#5783=ORIENTED_EDGE('',*,*,#4230,.F.);
#5784=ORIENTED_EDGE('',*,*,#4232,.T.);
#5785=ORIENTED_EDGE('',*,*,#4229,.T.);
#5786=ORIENTED_EDGE('',*,*,#4223,.T.);
#5787=ORIENTED_EDGE('',*,*,#4233,.T.);
#5788=ORIENTED_EDGE('',*,*,#3951,.T.);
#5789=ORIENTED_EDGE('',*,*,#4234,.T.);
#5790=ORIENTED_EDGE('',*,*,#4235,.T.);
#5791=ORIENTED_EDGE('',*,*,#4234,.F.);
#5792=ORIENTED_EDGE('',*,*,#3952,.T.);
#5793=ORIENTED_EDGE('',*,*,#4233,.F.);
#5794=ORIENTED_EDGE('',*,*,#4236,.T.);
#5795=ORIENTED_EDGE('',*,*,#4235,.F.);
#5796=ORIENTED_EDGE('',*,*,#4237,.T.);
#5797=ORIENTED_EDGE('',*,*,#4238,.F.);
#5798=ORIENTED_EDGE('',*,*,#4239,.T.);
#5799=ORIENTED_EDGE('',*,*,#4240,.T.);
#5800=ORIENTED_EDGE('',*,*,#4241,.T.);
#5801=ORIENTED_EDGE('',*,*,#3945,.T.);
#5802=ORIENTED_EDGE('',*,*,#4242,.T.);
#5803=ORIENTED_EDGE('',*,*,#3944,.T.);
#5804=ORIENTED_EDGE('',*,*,#4243,.T.);
#5805=ORIENTED_EDGE('',*,*,#4244,.T.);
#5806=ORIENTED_EDGE('',*,*,#4242,.F.);
#5807=ORIENTED_EDGE('',*,*,#4245,.T.);
#5808=ORIENTED_EDGE('',*,*,#4246,.T.);
#5809=ORIENTED_EDGE('',*,*,#3939,.T.);
#5810=ORIENTED_EDGE('',*,*,#4247,.T.);
#5811=ORIENTED_EDGE('',*,*,#3938,.T.);
#5812=ORIENTED_EDGE('',*,*,#4248,.T.);
#5813=ORIENTED_EDGE('',*,*,#4249,.T.);
#5814=ORIENTED_EDGE('',*,*,#4247,.F.);
#5815=ORIENTED_EDGE('',*,*,#4250,.T.);
#5816=ORIENTED_EDGE('',*,*,#4251,.T.);
#5817=ORIENTED_EDGE('',*,*,#3933,.T.);
#5818=ORIENTED_EDGE('',*,*,#4252,.T.);
#5819=ORIENTED_EDGE('',*,*,#4253,.T.);
#5820=ORIENTED_EDGE('',*,*,#3934,.T.);
#5821=ORIENTED_EDGE('',*,*,#4251,.F.);
#5822=ORIENTED_EDGE('',*,*,#4254,.T.);
#5823=ORIENTED_EDGE('',*,*,#4255,.T.);
#5824=ORIENTED_EDGE('',*,*,#3935,.T.);
#5825=ORIENTED_EDGE('',*,*,#4253,.F.);
#5826=ORIENTED_EDGE('',*,*,#4256,.T.);
#5827=ORIENTED_EDGE('',*,*,#4257,.T.);
#5828=ORIENTED_EDGE('',*,*,#3936,.T.);
#5829=ORIENTED_EDGE('',*,*,#4255,.F.);
#5830=ORIENTED_EDGE('',*,*,#4258,.T.);
#5831=ORIENTED_EDGE('',*,*,#3937,.T.);
#5832=ORIENTED_EDGE('',*,*,#4257,.F.);
#5833=ORIENTED_EDGE('',*,*,#4259,.T.);
#5834=ORIENTED_EDGE('',*,*,#4248,.F.);
#5835=ORIENTED_EDGE('',*,*,#4260,.T.);
#5836=ORIENTED_EDGE('',*,*,#4252,.F.);
#5837=ORIENTED_EDGE('',*,*,#3932,.T.);
#5838=ORIENTED_EDGE('',*,*,#4261,.T.);
#5839=ORIENTED_EDGE('',*,*,#4262,.T.);
#5840=ORIENTED_EDGE('',*,*,#4263,.T.);
#5841=ORIENTED_EDGE('',*,*,#3927,.T.);
#5842=ORIENTED_EDGE('',*,*,#4264,.T.);
#5843=ORIENTED_EDGE('',*,*,#4265,.T.);
#5844=ORIENTED_EDGE('',*,*,#3928,.T.);
#5845=ORIENTED_EDGE('',*,*,#4263,.F.);
#5846=ORIENTED_EDGE('',*,*,#4266,.T.);
#5847=ORIENTED_EDGE('',*,*,#4267,.T.);
#5848=ORIENTED_EDGE('',*,*,#3929,.T.);
#5849=ORIENTED_EDGE('',*,*,#4265,.F.);
#5850=ORIENTED_EDGE('',*,*,#4268,.T.);
#5851=ORIENTED_EDGE('',*,*,#4269,.T.);
#5852=ORIENTED_EDGE('',*,*,#3930,.T.);
#5853=ORIENTED_EDGE('',*,*,#4267,.F.);
#5854=ORIENTED_EDGE('',*,*,#4270,.T.);
#5855=ORIENTED_EDGE('',*,*,#3931,.T.);
#5856=ORIENTED_EDGE('',*,*,#4269,.F.);
#5857=ORIENTED_EDGE('',*,*,#4271,.T.);
#5858=ORIENTED_EDGE('',*,*,#4261,.F.);
#5859=ORIENTED_EDGE('',*,*,#4272,.T.);
#5860=ORIENTED_EDGE('',*,*,#3940,.T.);
#5861=ORIENTED_EDGE('',*,*,#4246,.F.);
#5862=ORIENTED_EDGE('',*,*,#4273,.T.);
#5863=ORIENTED_EDGE('',*,*,#4274,.T.);
#5864=ORIENTED_EDGE('',*,*,#3941,.T.);
#5865=ORIENTED_EDGE('',*,*,#4272,.F.);
#5866=ORIENTED_EDGE('',*,*,#4275,.T.);
#5867=ORIENTED_EDGE('',*,*,#4276,.T.);
#5868=ORIENTED_EDGE('',*,*,#3942,.T.);
#5869=ORIENTED_EDGE('',*,*,#4274,.F.);
#5870=ORIENTED_EDGE('',*,*,#4277,.T.);
#5871=ORIENTED_EDGE('',*,*,#3943,.T.);
#5872=ORIENTED_EDGE('',*,*,#4276,.F.);
#5873=ORIENTED_EDGE('',*,*,#4278,.T.);
#5874=ORIENTED_EDGE('',*,*,#4243,.F.);
#5875=ORIENTED_EDGE('',*,*,#4279,.T.);
#5876=ORIENTED_EDGE('',*,*,#4264,.F.);
#5877=ORIENTED_EDGE('',*,*,#3950,.T.);
#5878=ORIENTED_EDGE('',*,*,#4280,.T.);
#5879=ORIENTED_EDGE('',*,*,#4281,.T.);
#5880=ORIENTED_EDGE('',*,*,#3946,.T.);
#5881=ORIENTED_EDGE('',*,*,#4241,.F.);
#5882=ORIENTED_EDGE('',*,*,#4282,.T.);
#5883=ORIENTED_EDGE('',*,*,#4283,.T.);
#5884=ORIENTED_EDGE('',*,*,#3947,.T.);
#5885=ORIENTED_EDGE('',*,*,#4281,.F.);
#5886=ORIENTED_EDGE('',*,*,#4284,.T.);
#5887=ORIENTED_EDGE('',*,*,#4285,.T.);
#5888=ORIENTED_EDGE('',*,*,#3948,.T.);
#5889=ORIENTED_EDGE('',*,*,#4283,.F.);
#5890=ORIENTED_EDGE('',*,*,#4286,.T.);
#5891=ORIENTED_EDGE('',*,*,#3949,.T.);
#5892=ORIENTED_EDGE('',*,*,#4285,.F.);
#5893=ORIENTED_EDGE('',*,*,#4287,.T.);
#5894=ORIENTED_EDGE('',*,*,#4280,.F.);
#5895=ORIENTED_EDGE('',*,*,#4249,.F.);
#5896=ORIENTED_EDGE('',*,*,#4288,.T.);
#5897=ORIENTED_EDGE('',*,*,#4289,.F.);
#5898=ORIENTED_EDGE('',*,*,#4290,.F.);
#5899=ORIENTED_EDGE('',*,*,#4259,.F.);
#5900=ORIENTED_EDGE('',*,*,#4291,.T.);
#5901=ORIENTED_EDGE('',*,*,#4292,.F.);
#5902=ORIENTED_EDGE('',*,*,#4288,.F.);
#5903=ORIENTED_EDGE('',*,*,#4258,.F.);
#5904=ORIENTED_EDGE('',*,*,#4293,.T.);
#5905=ORIENTED_EDGE('',*,*,#4294,.F.);
#5906=ORIENTED_EDGE('',*,*,#4291,.F.);
#5907=ORIENTED_EDGE('',*,*,#4256,.F.);
#5908=ORIENTED_EDGE('',*,*,#4295,.T.);
#5909=ORIENTED_EDGE('',*,*,#4296,.F.);
#5910=ORIENTED_EDGE('',*,*,#4293,.F.);
#5911=ORIENTED_EDGE('',*,*,#4254,.F.);
#5912=ORIENTED_EDGE('',*,*,#4297,.T.);
#5913=ORIENTED_EDGE('',*,*,#4298,.F.);
#5914=ORIENTED_EDGE('',*,*,#4295,.F.);
#5915=ORIENTED_EDGE('',*,*,#4250,.F.);
#5916=ORIENTED_EDGE('',*,*,#4299,.T.);
#5917=ORIENTED_EDGE('',*,*,#4300,.F.);
#5918=ORIENTED_EDGE('',*,*,#4297,.F.);
#5919=ORIENTED_EDGE('',*,*,#4260,.F.);
#5920=ORIENTED_EDGE('',*,*,#4301,.T.);
#5921=ORIENTED_EDGE('',*,*,#4302,.F.);
#5922=ORIENTED_EDGE('',*,*,#4299,.F.);
#5923=ORIENTED_EDGE('',*,*,#4271,.F.);
#5924=ORIENTED_EDGE('',*,*,#4303,.T.);
#5925=ORIENTED_EDGE('',*,*,#4304,.F.);
#5926=ORIENTED_EDGE('',*,*,#4301,.F.);
#5927=ORIENTED_EDGE('',*,*,#4270,.F.);
#5928=ORIENTED_EDGE('',*,*,#4305,.T.);
#5929=ORIENTED_EDGE('',*,*,#4306,.F.);
#5930=ORIENTED_EDGE('',*,*,#4303,.F.);
#5931=ORIENTED_EDGE('',*,*,#4268,.F.);
#5932=ORIENTED_EDGE('',*,*,#4307,.T.);
#5933=ORIENTED_EDGE('',*,*,#4308,.F.);
#5934=ORIENTED_EDGE('',*,*,#4305,.F.);
#5935=ORIENTED_EDGE('',*,*,#4266,.F.);
#5936=ORIENTED_EDGE('',*,*,#4309,.T.);
#5937=ORIENTED_EDGE('',*,*,#4310,.F.);
#5938=ORIENTED_EDGE('',*,*,#4307,.F.);
#5939=ORIENTED_EDGE('',*,*,#4262,.F.);
#5940=ORIENTED_EDGE('',*,*,#4311,.T.);
#5941=ORIENTED_EDGE('',*,*,#4312,.F.);
#5942=ORIENTED_EDGE('',*,*,#4309,.F.);
#5943=ORIENTED_EDGE('',*,*,#4279,.F.);
#5944=ORIENTED_EDGE('',*,*,#4313,.T.);
#5945=ORIENTED_EDGE('',*,*,#4314,.F.);
#5946=ORIENTED_EDGE('',*,*,#4311,.F.);
#5947=ORIENTED_EDGE('',*,*,#4287,.F.);
#5948=ORIENTED_EDGE('',*,*,#4315,.T.);
#5949=ORIENTED_EDGE('',*,*,#4316,.F.);
#5950=ORIENTED_EDGE('',*,*,#4313,.F.);
#5951=ORIENTED_EDGE('',*,*,#4286,.F.);
#5952=ORIENTED_EDGE('',*,*,#4317,.T.);
#5953=ORIENTED_EDGE('',*,*,#4318,.F.);
#5954=ORIENTED_EDGE('',*,*,#4315,.F.);
#5955=ORIENTED_EDGE('',*,*,#4284,.F.);
#5956=ORIENTED_EDGE('',*,*,#4319,.T.);
#5957=ORIENTED_EDGE('',*,*,#4320,.F.);
#5958=ORIENTED_EDGE('',*,*,#4317,.F.);
#5959=ORIENTED_EDGE('',*,*,#4282,.F.);
#5960=ORIENTED_EDGE('',*,*,#4321,.T.);
#5961=ORIENTED_EDGE('',*,*,#4322,.F.);
#5962=ORIENTED_EDGE('',*,*,#4319,.F.);
#5963=ORIENTED_EDGE('',*,*,#4240,.F.);
#5964=ORIENTED_EDGE('',*,*,#4323,.T.);
#5965=ORIENTED_EDGE('',*,*,#4324,.F.);
#5966=ORIENTED_EDGE('',*,*,#4321,.F.);
#5967=ORIENTED_EDGE('',*,*,#4244,.F.);
#5968=ORIENTED_EDGE('',*,*,#4325,.T.);
#5969=ORIENTED_EDGE('',*,*,#4326,.F.);
#5970=ORIENTED_EDGE('',*,*,#4323,.F.);
#5971=ORIENTED_EDGE('',*,*,#4278,.F.);
#5972=ORIENTED_EDGE('',*,*,#4327,.T.);
#5973=ORIENTED_EDGE('',*,*,#4328,.F.);
#5974=ORIENTED_EDGE('',*,*,#4325,.F.);
#5975=ORIENTED_EDGE('',*,*,#4277,.F.);
#5976=ORIENTED_EDGE('',*,*,#4329,.F.);
#5977=ORIENTED_EDGE('',*,*,#4330,.F.);
#5978=ORIENTED_EDGE('',*,*,#4327,.F.);
#5979=ORIENTED_EDGE('',*,*,#4275,.F.);
#5980=ORIENTED_EDGE('',*,*,#4331,.T.);
#5981=ORIENTED_EDGE('',*,*,#4332,.F.);
#5982=ORIENTED_EDGE('',*,*,#4329,.T.);
#5983=ORIENTED_EDGE('',*,*,#4273,.F.);
#5984=ORIENTED_EDGE('',*,*,#4333,.T.);
#5985=ORIENTED_EDGE('',*,*,#4334,.F.);
#5986=ORIENTED_EDGE('',*,*,#4331,.F.);
#5987=ORIENTED_EDGE('',*,*,#4245,.F.);
#5988=ORIENTED_EDGE('',*,*,#4290,.T.);
#5989=ORIENTED_EDGE('',*,*,#4335,.F.);
#5990=ORIENTED_EDGE('',*,*,#4333,.F.);
#5991=ORIENTED_EDGE('',*,*,#4236,.F.);
#5992=ORIENTED_EDGE('',*,*,#4239,.F.);
#5993=ORIENTED_EDGE('',*,*,#4336,.F.);
#5994=ORIENTED_EDGE('',*,*,#4237,.F.);
#5995=ORIENTED_EDGE('',*,*,#4337,.T.);
#5996=ORIENTED_EDGE('',*,*,#4338,.T.);
#5997=ORIENTED_EDGE('',*,*,#4339,.T.);
#5998=ORIENTED_EDGE('',*,*,#4340,.T.);
#5999=ORIENTED_EDGE('',*,*,#4341,.T.);
#6000=ORIENTED_EDGE('',*,*,#4342,.T.);
#6001=ORIENTED_EDGE('',*,*,#4343,.T.);
#6002=ORIENTED_EDGE('',*,*,#4344,.F.);
#6003=ORIENTED_EDGE('',*,*,#4341,.F.);
#6004=ORIENTED_EDGE('',*,*,#4345,.F.);
#6005=ORIENTED_EDGE('',*,*,#4346,.T.);
#6006=ORIENTED_EDGE('',*,*,#4347,.T.);
#6007=ORIENTED_EDGE('',*,*,#4343,.F.);
#6008=ORIENTED_EDGE('',*,*,#4348,.T.);
#6009=ORIENTED_EDGE('',*,*,#4349,.F.);
#6010=ORIENTED_EDGE('',*,*,#4350,.F.);
#6011=ORIENTED_EDGE('',*,*,#4342,.F.);
#6012=ORIENTED_EDGE('',*,*,#4347,.F.);
#6013=ORIENTED_EDGE('',*,*,#4351,.F.);
#6014=ORIENTED_EDGE('',*,*,#4352,.F.);
#6015=ORIENTED_EDGE('',*,*,#4338,.F.);
#6016=ORIENTED_EDGE('',*,*,#4353,.F.);
#6017=ORIENTED_EDGE('',*,*,#4354,.F.);
#6018=ORIENTED_EDGE('',*,*,#4348,.F.);
#6019=ORIENTED_EDGE('',*,*,#4340,.F.);
#6020=ORIENTED_EDGE('',*,*,#4355,.T.);
#6021=ORIENTED_EDGE('',*,*,#4356,.T.);
#6022=ORIENTED_EDGE('',*,*,#4345,.T.);
#6023=ORIENTED_EDGE('',*,*,#4238,.T.);
#6024=ORIENTED_EDGE('',*,*,#4336,.T.);
#6025=ORIENTED_EDGE('',*,*,#4339,.F.);
#6026=ORIENTED_EDGE('',*,*,#4352,.T.);
#6027=ORIENTED_EDGE('',*,*,#4357,.F.);
#6028=ORIENTED_EDGE('',*,*,#4355,.F.);
#6029=ORIENTED_EDGE('',*,*,#4356,.F.);
#6030=ORIENTED_EDGE('',*,*,#4357,.T.);
#6031=ORIENTED_EDGE('',*,*,#4351,.T.);
#6032=ORIENTED_EDGE('',*,*,#4346,.F.);
#6033=ORIENTED_EDGE('',*,*,#4337,.F.);
#6034=ORIENTED_EDGE('',*,*,#4358,.F.);
#6035=ORIENTED_EDGE('',*,*,#4359,.T.);
#6036=ORIENTED_EDGE('',*,*,#4353,.T.);
#6037=ORIENTED_EDGE('',*,*,#4360,.F.);
#6038=ORIENTED_EDGE('',*,*,#4349,.T.);
#6039=ORIENTED_EDGE('',*,*,#4354,.T.);
#6040=ORIENTED_EDGE('',*,*,#4359,.F.);
#6041=ORIENTED_EDGE('',*,*,#4361,.T.);
#6042=ORIENTED_EDGE('',*,*,#4362,.T.);
#6043=ORIENTED_EDGE('',*,*,#4363,.T.);
#6044=ORIENTED_EDGE('',*,*,#4364,.F.);
#6045=ORIENTED_EDGE('',*,*,#4365,.T.);
#6046=ORIENTED_EDGE('',*,*,#4364,.T.);
#6047=ORIENTED_EDGE('',*,*,#4366,.T.);
#6048=ORIENTED_EDGE('',*,*,#4367,.F.);
#6049=ORIENTED_EDGE('',*,*,#4368,.T.);
#6050=ORIENTED_EDGE('',*,*,#4367,.T.);
#6051=ORIENTED_EDGE('',*,*,#4369,.T.);
#6052=ORIENTED_EDGE('',*,*,#4370,.F.);
#6053=ORIENTED_EDGE('',*,*,#4371,.T.);
#6054=ORIENTED_EDGE('',*,*,#4370,.T.);
#6055=ORIENTED_EDGE('',*,*,#4372,.T.);
#6056=ORIENTED_EDGE('',*,*,#4373,.F.);
#6057=ORIENTED_EDGE('',*,*,#4374,.T.);
#6058=ORIENTED_EDGE('',*,*,#4373,.T.);
#6059=ORIENTED_EDGE('',*,*,#4375,.T.);
#6060=ORIENTED_EDGE('',*,*,#4376,.F.);
#6061=ORIENTED_EDGE('',*,*,#4377,.T.);
#6062=ORIENTED_EDGE('',*,*,#4376,.T.);
#6063=ORIENTED_EDGE('',*,*,#4378,.T.);
#6064=ORIENTED_EDGE('',*,*,#4379,.F.);
#6065=ORIENTED_EDGE('',*,*,#4380,.T.);
#6066=ORIENTED_EDGE('',*,*,#4379,.T.);
#6067=ORIENTED_EDGE('',*,*,#4381,.T.);
#6068=ORIENTED_EDGE('',*,*,#4382,.F.);
#6069=ORIENTED_EDGE('',*,*,#4383,.T.);
#6070=ORIENTED_EDGE('',*,*,#4382,.T.);
#6071=ORIENTED_EDGE('',*,*,#4384,.T.);
#6072=ORIENTED_EDGE('',*,*,#4385,.F.);
#6073=ORIENTED_EDGE('',*,*,#4386,.T.);
#6074=ORIENTED_EDGE('',*,*,#4385,.T.);
#6075=ORIENTED_EDGE('',*,*,#4387,.T.);
#6076=ORIENTED_EDGE('',*,*,#4388,.F.);
#6077=ORIENTED_EDGE('',*,*,#4389,.T.);
#6078=ORIENTED_EDGE('',*,*,#4388,.T.);
#6079=ORIENTED_EDGE('',*,*,#4390,.T.);
#6080=ORIENTED_EDGE('',*,*,#4391,.F.);
#6081=ORIENTED_EDGE('',*,*,#4392,.T.);
#6082=ORIENTED_EDGE('',*,*,#4391,.T.);
#6083=ORIENTED_EDGE('',*,*,#4393,.T.);
#6084=ORIENTED_EDGE('',*,*,#4394,.F.);
#6085=ORIENTED_EDGE('',*,*,#4395,.T.);
#6086=ORIENTED_EDGE('',*,*,#4394,.T.);
#6087=ORIENTED_EDGE('',*,*,#4396,.T.);
#6088=ORIENTED_EDGE('',*,*,#4397,.F.);
#6089=ORIENTED_EDGE('',*,*,#4398,.T.);
#6090=ORIENTED_EDGE('',*,*,#4399,.T.);
#6091=ORIENTED_EDGE('',*,*,#4400,.T.);
#6092=ORIENTED_EDGE('',*,*,#4362,.F.);
#6093=ORIENTED_EDGE('',*,*,#4401,.T.);
#6094=ORIENTED_EDGE('',*,*,#4402,.T.);
#6095=ORIENTED_EDGE('',*,*,#4403,.T.);
#6096=ORIENTED_EDGE('',*,*,#4399,.F.);
#6097=ORIENTED_EDGE('',*,*,#4404,.T.);
#6098=ORIENTED_EDGE('',*,*,#4405,.T.);
#6099=ORIENTED_EDGE('',*,*,#4406,.T.);
#6100=ORIENTED_EDGE('',*,*,#4402,.F.);
#6101=ORIENTED_EDGE('',*,*,#4407,.T.);
#6102=ORIENTED_EDGE('',*,*,#4408,.T.);
#6103=ORIENTED_EDGE('',*,*,#4409,.T.);
#6104=ORIENTED_EDGE('',*,*,#4405,.F.);
#6105=ORIENTED_EDGE('',*,*,#4410,.T.);
#6106=ORIENTED_EDGE('',*,*,#4411,.T.);
#6107=ORIENTED_EDGE('',*,*,#4412,.T.);
#6108=ORIENTED_EDGE('',*,*,#4408,.F.);
#6109=ORIENTED_EDGE('',*,*,#4413,.T.);
#6110=ORIENTED_EDGE('',*,*,#4414,.T.);
#6111=ORIENTED_EDGE('',*,*,#4415,.T.);
#6112=ORIENTED_EDGE('',*,*,#4411,.F.);
#6113=ORIENTED_EDGE('',*,*,#4416,.T.);
#6114=ORIENTED_EDGE('',*,*,#4417,.T.);
#6115=ORIENTED_EDGE('',*,*,#4418,.T.);
#6116=ORIENTED_EDGE('',*,*,#4414,.F.);
#6117=ORIENTED_EDGE('',*,*,#4419,.T.);
#6118=ORIENTED_EDGE('',*,*,#4420,.T.);
#6119=ORIENTED_EDGE('',*,*,#4421,.T.);
#6120=ORIENTED_EDGE('',*,*,#4417,.F.);
#6121=ORIENTED_EDGE('',*,*,#4422,.T.);
#6122=ORIENTED_EDGE('',*,*,#4423,.T.);
#6123=ORIENTED_EDGE('',*,*,#4424,.T.);
#6124=ORIENTED_EDGE('',*,*,#4420,.F.);
#6125=ORIENTED_EDGE('',*,*,#4425,.T.);
#6126=ORIENTED_EDGE('',*,*,#4426,.T.);
#6127=ORIENTED_EDGE('',*,*,#4427,.T.);
#6128=ORIENTED_EDGE('',*,*,#4423,.F.);
#6129=ORIENTED_EDGE('',*,*,#4428,.T.);
#6130=ORIENTED_EDGE('',*,*,#4429,.T.);
#6131=ORIENTED_EDGE('',*,*,#4430,.T.);
#6132=ORIENTED_EDGE('',*,*,#4426,.F.);
#6133=ORIENTED_EDGE('',*,*,#4431,.T.);
#6134=ORIENTED_EDGE('',*,*,#4397,.T.);
#6135=ORIENTED_EDGE('',*,*,#4432,.T.);
#6136=ORIENTED_EDGE('',*,*,#4429,.F.);
#6137=ORIENTED_EDGE('',*,*,#4433,.F.);
#6138=ORIENTED_EDGE('',*,*,#4434,.F.);
#6139=ORIENTED_EDGE('',*,*,#4435,.F.);
#6140=ORIENTED_EDGE('',*,*,#4436,.F.);
#6141=ORIENTED_EDGE('',*,*,#4437,.F.);
#6142=ORIENTED_EDGE('',*,*,#4438,.F.);
#6143=ORIENTED_EDGE('',*,*,#4439,.F.);
#6144=ORIENTED_EDGE('',*,*,#4440,.F.);
#6145=ORIENTED_EDGE('',*,*,#4441,.F.);
#6146=ORIENTED_EDGE('',*,*,#4442,.F.);
#6147=ORIENTED_EDGE('',*,*,#4443,.F.);
#6148=ORIENTED_EDGE('',*,*,#4444,.F.);
#6149=ORIENTED_EDGE('',*,*,#4445,.F.);
#6150=ORIENTED_EDGE('',*,*,#4446,.F.);
#6151=ORIENTED_EDGE('',*,*,#4447,.F.);
#6152=ORIENTED_EDGE('',*,*,#4448,.F.);
#6153=ORIENTED_EDGE('',*,*,#4432,.F.);
#6154=ORIENTED_EDGE('',*,*,#4396,.F.);
#6155=ORIENTED_EDGE('',*,*,#4393,.F.);
#6156=ORIENTED_EDGE('',*,*,#4390,.F.);
#6157=ORIENTED_EDGE('',*,*,#4387,.F.);
#6158=ORIENTED_EDGE('',*,*,#4384,.F.);
#6159=ORIENTED_EDGE('',*,*,#4381,.F.);
#6160=ORIENTED_EDGE('',*,*,#4378,.F.);
#6161=ORIENTED_EDGE('',*,*,#4375,.F.);
#6162=ORIENTED_EDGE('',*,*,#4372,.F.);
#6163=ORIENTED_EDGE('',*,*,#4369,.F.);
#6164=ORIENTED_EDGE('',*,*,#4366,.F.);
#6165=ORIENTED_EDGE('',*,*,#4363,.F.);
#6166=ORIENTED_EDGE('',*,*,#4400,.F.);
#6167=ORIENTED_EDGE('',*,*,#4403,.F.);
#6168=ORIENTED_EDGE('',*,*,#4406,.F.);
#6169=ORIENTED_EDGE('',*,*,#4409,.F.);
#6170=ORIENTED_EDGE('',*,*,#4412,.F.);
#6171=ORIENTED_EDGE('',*,*,#4415,.F.);
#6172=ORIENTED_EDGE('',*,*,#4418,.F.);
#6173=ORIENTED_EDGE('',*,*,#4421,.F.);
#6174=ORIENTED_EDGE('',*,*,#4424,.F.);
#6175=ORIENTED_EDGE('',*,*,#4427,.F.);
#6176=ORIENTED_EDGE('',*,*,#4430,.F.);
#6177=ORIENTED_EDGE('',*,*,#4449,.T.);
#6178=ORIENTED_EDGE('',*,*,#4450,.T.);
#6179=ORIENTED_EDGE('',*,*,#4434,.T.);
#6180=ORIENTED_EDGE('',*,*,#4451,.F.);
#6181=ORIENTED_EDGE('',*,*,#4452,.T.);
#6182=ORIENTED_EDGE('',*,*,#4453,.T.);
#6183=ORIENTED_EDGE('',*,*,#4435,.T.);
#6184=ORIENTED_EDGE('',*,*,#4450,.F.);
#6185=ORIENTED_EDGE('',*,*,#4454,.T.);
#6186=ORIENTED_EDGE('',*,*,#4455,.T.);
#6187=ORIENTED_EDGE('',*,*,#4436,.T.);
#6188=ORIENTED_EDGE('',*,*,#4453,.F.);
#6189=ORIENTED_EDGE('',*,*,#4456,.T.);
#6190=ORIENTED_EDGE('',*,*,#4457,.T.);
#6191=ORIENTED_EDGE('',*,*,#4437,.T.);
#6192=ORIENTED_EDGE('',*,*,#4455,.F.);
#6193=ORIENTED_EDGE('',*,*,#4458,.T.);
#6194=ORIENTED_EDGE('',*,*,#4459,.T.);
#6195=ORIENTED_EDGE('',*,*,#4438,.T.);
#6196=ORIENTED_EDGE('',*,*,#4457,.F.);
#6197=ORIENTED_EDGE('',*,*,#4460,.T.);
#6198=ORIENTED_EDGE('',*,*,#4461,.T.);
#6199=ORIENTED_EDGE('',*,*,#4439,.T.);
#6200=ORIENTED_EDGE('',*,*,#4459,.F.);
#6201=ORIENTED_EDGE('',*,*,#4462,.T.);
#6202=ORIENTED_EDGE('',*,*,#4463,.T.);
#6203=ORIENTED_EDGE('',*,*,#4440,.T.);
#6204=ORIENTED_EDGE('',*,*,#4461,.F.);
#6205=ORIENTED_EDGE('',*,*,#4464,.T.);
#6206=ORIENTED_EDGE('',*,*,#4465,.T.);
#6207=ORIENTED_EDGE('',*,*,#4441,.T.);
#6208=ORIENTED_EDGE('',*,*,#4463,.F.);
#6209=ORIENTED_EDGE('',*,*,#4466,.T.);
#6210=ORIENTED_EDGE('',*,*,#4467,.T.);
#6211=ORIENTED_EDGE('',*,*,#4442,.T.);
#6212=ORIENTED_EDGE('',*,*,#4465,.F.);
#6213=ORIENTED_EDGE('',*,*,#4468,.T.);
#6214=ORIENTED_EDGE('',*,*,#4469,.T.);
#6215=ORIENTED_EDGE('',*,*,#4443,.T.);
#6216=ORIENTED_EDGE('',*,*,#4467,.F.);
#6217=ORIENTED_EDGE('',*,*,#4470,.T.);
#6218=ORIENTED_EDGE('',*,*,#4471,.T.);
#6219=ORIENTED_EDGE('',*,*,#4444,.T.);
#6220=ORIENTED_EDGE('',*,*,#4469,.F.);
#6221=ORIENTED_EDGE('',*,*,#4472,.T.);
#6222=ORIENTED_EDGE('',*,*,#4473,.T.);
#6223=ORIENTED_EDGE('',*,*,#4445,.T.);
#6224=ORIENTED_EDGE('',*,*,#4471,.F.);
#6225=ORIENTED_EDGE('',*,*,#4474,.T.);
#6226=ORIENTED_EDGE('',*,*,#4475,.T.);
#6227=ORIENTED_EDGE('',*,*,#4446,.T.);
#6228=ORIENTED_EDGE('',*,*,#4473,.F.);
#6229=ORIENTED_EDGE('',*,*,#4476,.T.);
#6230=ORIENTED_EDGE('',*,*,#4477,.T.);
#6231=ORIENTED_EDGE('',*,*,#4447,.T.);
#6232=ORIENTED_EDGE('',*,*,#4475,.F.);
#6233=ORIENTED_EDGE('',*,*,#4478,.T.);
#6234=ORIENTED_EDGE('',*,*,#4479,.T.);
#6235=ORIENTED_EDGE('',*,*,#4448,.T.);
#6236=ORIENTED_EDGE('',*,*,#4477,.F.);
#6237=ORIENTED_EDGE('',*,*,#4480,.T.);
#6238=ORIENTED_EDGE('',*,*,#4451,.T.);
#6239=ORIENTED_EDGE('',*,*,#4433,.T.);
#6240=ORIENTED_EDGE('',*,*,#4479,.F.);
#6241=ORIENTED_EDGE('',*,*,#4395,.F.);
#6242=ORIENTED_EDGE('',*,*,#4431,.F.);
#6243=ORIENTED_EDGE('',*,*,#4428,.F.);
#6244=ORIENTED_EDGE('',*,*,#4425,.F.);
#6245=ORIENTED_EDGE('',*,*,#4422,.F.);
#6246=ORIENTED_EDGE('',*,*,#4419,.F.);
#6247=ORIENTED_EDGE('',*,*,#4416,.F.);
#6248=ORIENTED_EDGE('',*,*,#4413,.F.);
#6249=ORIENTED_EDGE('',*,*,#4410,.F.);
#6250=ORIENTED_EDGE('',*,*,#4407,.F.);
#6251=ORIENTED_EDGE('',*,*,#4404,.F.);
#6252=ORIENTED_EDGE('',*,*,#4401,.F.);
#6253=ORIENTED_EDGE('',*,*,#4398,.F.);
#6254=ORIENTED_EDGE('',*,*,#4361,.F.);
#6255=ORIENTED_EDGE('',*,*,#4365,.F.);
#6256=ORIENTED_EDGE('',*,*,#4368,.F.);
#6257=ORIENTED_EDGE('',*,*,#4371,.F.);
#6258=ORIENTED_EDGE('',*,*,#4374,.F.);
#6259=ORIENTED_EDGE('',*,*,#4377,.F.);
#6260=ORIENTED_EDGE('',*,*,#4380,.F.);
#6261=ORIENTED_EDGE('',*,*,#4383,.F.);
#6262=ORIENTED_EDGE('',*,*,#4386,.F.);
#6263=ORIENTED_EDGE('',*,*,#4389,.F.);
#6264=ORIENTED_EDGE('',*,*,#4392,.F.);
#6265=ORIENTED_EDGE('',*,*,#4332,.T.);
#6266=ORIENTED_EDGE('',*,*,#4334,.T.);
#6267=ORIENTED_EDGE('',*,*,#4335,.T.);
#6268=ORIENTED_EDGE('',*,*,#4289,.T.);
#6269=ORIENTED_EDGE('',*,*,#4292,.T.);
#6270=ORIENTED_EDGE('',*,*,#4294,.T.);
#6271=ORIENTED_EDGE('',*,*,#4296,.T.);
#6272=ORIENTED_EDGE('',*,*,#4298,.T.);
#6273=ORIENTED_EDGE('',*,*,#4300,.T.);
#6274=ORIENTED_EDGE('',*,*,#4302,.T.);
#6275=ORIENTED_EDGE('',*,*,#4304,.T.);
#6276=ORIENTED_EDGE('',*,*,#4306,.T.);
#6277=ORIENTED_EDGE('',*,*,#4308,.T.);
#6278=ORIENTED_EDGE('',*,*,#4310,.T.);
#6279=ORIENTED_EDGE('',*,*,#4312,.T.);
#6280=ORIENTED_EDGE('',*,*,#4314,.T.);
#6281=ORIENTED_EDGE('',*,*,#4316,.T.);
#6282=ORIENTED_EDGE('',*,*,#4318,.T.);
#6283=ORIENTED_EDGE('',*,*,#4320,.T.);
#6284=ORIENTED_EDGE('',*,*,#4322,.T.);
#6285=ORIENTED_EDGE('',*,*,#4324,.T.);
#6286=ORIENTED_EDGE('',*,*,#4326,.T.);
#6287=ORIENTED_EDGE('',*,*,#4328,.T.);
#6288=ORIENTED_EDGE('',*,*,#4330,.T.);
#6289=ORIENTED_EDGE('',*,*,#4141,.F.);
#6290=ORIENTED_EDGE('',*,*,#4188,.F.);
#6291=ORIENTED_EDGE('',*,*,#4481,.T.);
#6292=ORIENTED_EDGE('',*,*,#4482,.T.);
#6293=ORIENTED_EDGE('',*,*,#4178,.F.);
#6294=ORIENTED_EDGE('',*,*,#4115,.F.);
#6295=ORIENTED_EDGE('',*,*,#4482,.F.);
#6296=ORIENTED_EDGE('',*,*,#4483,.F.);
#6297=ORIENTED_EDGE('',*,*,#4484,.T.);
#6298=ORIENTED_EDGE('',*,*,#4133,.F.);
#6299=ORIENTED_EDGE('',*,*,#4179,.F.);
#6300=ORIENTED_EDGE('',*,*,#4484,.F.);
#6301=ORIENTED_EDGE('',*,*,#4485,.T.);
#6302=ORIENTED_EDGE('',*,*,#4486,.T.);
#6303=ORIENTED_EDGE('',*,*,#4219,.F.);
#6304=ORIENTED_EDGE('',*,*,#4487,.T.);
#6305=ORIENTED_EDGE('',*,*,#4488,.T.);
#6306=ORIENTED_EDGE('',*,*,#4489,.T.);
#6307=ORIENTED_EDGE('',*,*,#4192,.F.);
#6308=ORIENTED_EDGE('',*,*,#4134,.F.);
#6309=ORIENTED_EDGE('',*,*,#4486,.F.);
#6310=ORIENTED_EDGE('',*,*,#4490,.T.);
#6311=ORIENTED_EDGE('',*,*,#4487,.F.);
#6312=ORIENTED_EDGE('',*,*,#4195,.F.);
#6313=ORIENTED_EDGE('',*,*,#4491,.F.);
#6314=ORIENTED_EDGE('',*,*,#4492,.T.);
#6315=ORIENTED_EDGE('',*,*,#4190,.T.);
#6316=ORIENTED_EDGE('',*,*,#4193,.F.);
#6317=ORIENTED_EDGE('',*,*,#4489,.F.);
#6318=ORIENTED_EDGE('',*,*,#4493,.T.);
#6319=ORIENTED_EDGE('',*,*,#4494,.T.);
#6320=ORIENTED_EDGE('',*,*,#4492,.F.);
#6321=ORIENTED_EDGE('',*,*,#4495,.F.);
#6322=ORIENTED_EDGE('',*,*,#4493,.F.);
#6323=ORIENTED_EDGE('',*,*,#4488,.F.);
#6324=ORIENTED_EDGE('',*,*,#4490,.F.);
#6325=ORIENTED_EDGE('',*,*,#4485,.F.);
#6326=ORIENTED_EDGE('',*,*,#4483,.T.);
#6327=ORIENTED_EDGE('',*,*,#4481,.F.);
#6328=ORIENTED_EDGE('',*,*,#4187,.F.);
#6329=ORIENTED_EDGE('',*,*,#4191,.F.);
#6330=ORIENTED_EDGE('',*,*,#4344,.T.);
#6331=ORIENTED_EDGE('',*,*,#4350,.T.);
#6332=ORIENTED_EDGE('',*,*,#4360,.T.);
#6333=ORIENTED_EDGE('',*,*,#4358,.T.);
#6334=ORIENTED_EDGE('',*,*,#4495,.T.);
#6335=ORIENTED_EDGE('',*,*,#4491,.T.);
#6336=ORIENTED_EDGE('',*,*,#4194,.F.);
#6337=ORIENTED_EDGE('',*,*,#4494,.F.);
#6338=ORIENTED_EDGE('',*,*,#4231,.T.);
#6339=ORIENTED_EDGE('',*,*,#4129,.F.);
#6340=ORIENTED_EDGE('',*,*,#4496,.F.);
#6341=ORIENTED_EDGE('',*,*,#4497,.T.);
#6342=ORIENTED_EDGE('',*,*,#4498,.T.);
#6343=ORIENTED_EDGE('',*,*,#4130,.F.);
#6344=ORIENTED_EDGE('',*,*,#4498,.F.);
#6345=ORIENTED_EDGE('',*,*,#4499,.T.);
#6346=ORIENTED_EDGE('',*,*,#4500,.F.);
#6347=ORIENTED_EDGE('',*,*,#4131,.F.);
#6348=ORIENTED_EDGE('',*,*,#4500,.T.);
#6349=ORIENTED_EDGE('',*,*,#4501,.T.);
#6350=ORIENTED_EDGE('',*,*,#4502,.T.);
#6351=ORIENTED_EDGE('',*,*,#4209,.F.);
#6352=ORIENTED_EDGE('',*,*,#4503,.T.);
#6353=ORIENTED_EDGE('',*,*,#4116,.F.);
#6354=ORIENTED_EDGE('',*,*,#4177,.F.);
#6355=ORIENTED_EDGE('',*,*,#4132,.F.);
#6356=ORIENTED_EDGE('',*,*,#4502,.F.);
#6357=ORIENTED_EDGE('',*,*,#4504,.T.);
#6358=ORIENTED_EDGE('',*,*,#4505,.T.);
#6359=ORIENTED_EDGE('',*,*,#4503,.F.);
#6360=ORIENTED_EDGE('',*,*,#4117,.F.);
#6361=ORIENTED_EDGE('',*,*,#4505,.F.);
#6362=ORIENTED_EDGE('',*,*,#4506,.T.);
#6363=ORIENTED_EDGE('',*,*,#4507,.T.);
#6364=ORIENTED_EDGE('',*,*,#4118,.F.);
#6365=ORIENTED_EDGE('',*,*,#4507,.F.);
#6366=ORIENTED_EDGE('',*,*,#4508,.T.);
#6367=ORIENTED_EDGE('',*,*,#4509,.F.);
#6368=ORIENTED_EDGE('',*,*,#4119,.F.);
#6369=ORIENTED_EDGE('',*,*,#4509,.T.);
#6370=ORIENTED_EDGE('',*,*,#4510,.T.);
#6371=ORIENTED_EDGE('',*,*,#4226,.T.);
#6372=ORIENTED_EDGE('',*,*,#4127,.F.);
#6373=ORIENTED_EDGE('',*,*,#4511,.T.);
#6374=ORIENTED_EDGE('',*,*,#4512,.T.);
#6375=ORIENTED_EDGE('',*,*,#4513,.T.);
#6376=ORIENTED_EDGE('',*,*,#4213,.F.);
#6377=ORIENTED_EDGE('',*,*,#4514,.T.);
#6378=ORIENTED_EDGE('',*,*,#4128,.F.);
#6379=ORIENTED_EDGE('',*,*,#4513,.F.);
#6380=ORIENTED_EDGE('',*,*,#4515,.T.);
#6381=ORIENTED_EDGE('',*,*,#4496,.T.);
#6382=ORIENTED_EDGE('',*,*,#4514,.F.);
#6383=ORIENTED_EDGE('',*,*,#4121,.F.);
#6384=ORIENTED_EDGE('',*,*,#4228,.F.);
#6385=ORIENTED_EDGE('',*,*,#4516,.T.);
#6386=ORIENTED_EDGE('',*,*,#4517,.T.);
#6387=ORIENTED_EDGE('',*,*,#4512,.F.);
#6388=ORIENTED_EDGE('',*,*,#4518,.F.);
#6389=ORIENTED_EDGE('',*,*,#4519,.F.);
#6390=ORIENTED_EDGE('',*,*,#4520,.F.);
#6391=ORIENTED_EDGE('',*,*,#4521,.F.);
#6392=ORIENTED_EDGE('',*,*,#4522,.F.);
#6393=ORIENTED_EDGE('',*,*,#4516,.F.);
#6394=ORIENTED_EDGE('',*,*,#4227,.F.);
#6395=ORIENTED_EDGE('',*,*,#4510,.F.);
#6396=ORIENTED_EDGE('',*,*,#4508,.F.);
#6397=ORIENTED_EDGE('',*,*,#4506,.F.);
#6398=ORIENTED_EDGE('',*,*,#4504,.F.);
#6399=ORIENTED_EDGE('',*,*,#4501,.F.);
#6400=ORIENTED_EDGE('',*,*,#4499,.F.);
#6401=ORIENTED_EDGE('',*,*,#4497,.F.);
#6402=ORIENTED_EDGE('',*,*,#4515,.F.);
#6403=ORIENTED_EDGE('',*,*,#4480,.F.);
#6404=ORIENTED_EDGE('',*,*,#4478,.F.);
#6405=ORIENTED_EDGE('',*,*,#4476,.F.);
#6406=ORIENTED_EDGE('',*,*,#4474,.F.);
#6407=ORIENTED_EDGE('',*,*,#4472,.F.);
#6408=ORIENTED_EDGE('',*,*,#4470,.F.);
#6409=ORIENTED_EDGE('',*,*,#4468,.F.);
#6410=ORIENTED_EDGE('',*,*,#4466,.F.);
#6411=ORIENTED_EDGE('',*,*,#4464,.F.);
#6412=ORIENTED_EDGE('',*,*,#4462,.F.);
#6413=ORIENTED_EDGE('',*,*,#4460,.F.);
#6414=ORIENTED_EDGE('',*,*,#4458,.F.);
#6415=ORIENTED_EDGE('',*,*,#4456,.F.);
#6416=ORIENTED_EDGE('',*,*,#4454,.F.);
#6417=ORIENTED_EDGE('',*,*,#4452,.F.);
#6418=ORIENTED_EDGE('',*,*,#4449,.F.);
#6419=ORIENTED_EDGE('',*,*,#4122,.F.);
#6420=ORIENTED_EDGE('',*,*,#4517,.F.);
#6421=ORIENTED_EDGE('',*,*,#4522,.T.);
#6422=ORIENTED_EDGE('',*,*,#4523,.F.);
#6423=ORIENTED_EDGE('',*,*,#4126,.F.);
#6424=ORIENTED_EDGE('',*,*,#4524,.F.);
#6425=ORIENTED_EDGE('',*,*,#4518,.T.);
#6426=ORIENTED_EDGE('',*,*,#4511,.F.);
#6427=ORIENTED_EDGE('',*,*,#4123,.F.);
#6428=ORIENTED_EDGE('',*,*,#4523,.T.);
#6429=ORIENTED_EDGE('',*,*,#4521,.T.);
#6430=ORIENTED_EDGE('',*,*,#4525,.T.);
#6431=ORIENTED_EDGE('',*,*,#4125,.F.);
#6432=ORIENTED_EDGE('',*,*,#4526,.F.);
#6433=ORIENTED_EDGE('',*,*,#4519,.T.);
#6434=ORIENTED_EDGE('',*,*,#4524,.T.);
#6435=ORIENTED_EDGE('',*,*,#4232,.F.);
#6436=ORIENTED_EDGE('',*,*,#4527,.T.);
#6437=ORIENTED_EDGE('',*,*,#4124,.F.);
#6438=ORIENTED_EDGE('',*,*,#4525,.F.);
#6439=ORIENTED_EDGE('',*,*,#4520,.T.);
#6440=ORIENTED_EDGE('',*,*,#4526,.T.);
#6441=ORIENTED_EDGE('',*,*,#4527,.F.);
#6442=ORIENTED_EDGE('',*,*,#4528,.F.);
#6443=ORIENTED_EDGE('',*,*,#4529,.F.);
#6444=ORIENTED_EDGE('',*,*,#4530,.T.);
#6445=ORIENTED_EDGE('',*,*,#4531,.F.);
#6446=ORIENTED_EDGE('',*,*,#4532,.T.);
#6447=ORIENTED_EDGE('',*,*,#4533,.F.);
#6448=ORIENTED_EDGE('',*,*,#4532,.F.);
#6449=ORIENTED_EDGE('',*,*,#4534,.F.);
#6450=ORIENTED_EDGE('',*,*,#4535,.F.);
#6451=ORIENTED_EDGE('',*,*,#4536,.F.);
#6452=ORIENTED_EDGE('',*,*,#4537,.F.);
#6453=ORIENTED_EDGE('',*,*,#4538,.F.);
#6454=ORIENTED_EDGE('',*,*,#4539,.F.);
#6455=ORIENTED_EDGE('',*,*,#4540,.F.);
#6456=ORIENTED_EDGE('',*,*,#4541,.F.);
#6457=ORIENTED_EDGE('',*,*,#4542,.T.);
#6458=ORIENTED_EDGE('',*,*,#4543,.T.);
#6459=ORIENTED_EDGE('',*,*,#4544,.F.);
#6460=ORIENTED_EDGE('',*,*,#4545,.F.);
#6461=ORIENTED_EDGE('',*,*,#4546,.F.);
#6462=ORIENTED_EDGE('',*,*,#4547,.F.);
#6463=ORIENTED_EDGE('',*,*,#4548,.F.);
#6464=ORIENTED_EDGE('',*,*,#4549,.F.);
#6465=ORIENTED_EDGE('',*,*,#4550,.F.);
#6466=ORIENTED_EDGE('',*,*,#4551,.F.);
#6467=ORIENTED_EDGE('',*,*,#4552,.T.);
#6468=ORIENTED_EDGE('',*,*,#4529,.T.);
#6469=ORIENTED_EDGE('',*,*,#4553,.F.);
#6470=ORIENTED_EDGE('',*,*,#4554,.F.);
#6471=ORIENTED_EDGE('',*,*,#4555,.F.);
#6472=ORIENTED_EDGE('',*,*,#4556,.F.);
#6473=ORIENTED_EDGE('',*,*,#4536,.T.);
#6474=ORIENTED_EDGE('',*,*,#4557,.T.);
#6475=ORIENTED_EDGE('',*,*,#4537,.T.);
#6476=ORIENTED_EDGE('',*,*,#4556,.T.);
#6477=ORIENTED_EDGE('',*,*,#4558,.F.);
#6478=ORIENTED_EDGE('',*,*,#4559,.T.);
#6479=ORIENTED_EDGE('',*,*,#4560,.F.);
#6480=ORIENTED_EDGE('',*,*,#4530,.F.);
#6481=ORIENTED_EDGE('',*,*,#4552,.F.);
#6482=ORIENTED_EDGE('',*,*,#4561,.T.);
#6483=ORIENTED_EDGE('',*,*,#4538,.T.);
#6484=ORIENTED_EDGE('',*,*,#4557,.F.);
#6485=ORIENTED_EDGE('',*,*,#4562,.F.);
#6486=ORIENTED_EDGE('',*,*,#4539,.T.);
#6487=ORIENTED_EDGE('',*,*,#4561,.F.);
#6488=ORIENTED_EDGE('',*,*,#4563,.F.);
#6489=ORIENTED_EDGE('',*,*,#4564,.F.);
#6490=ORIENTED_EDGE('',*,*,#4565,.F.);
#6491=ORIENTED_EDGE('',*,*,#4559,.F.);
#6492=ORIENTED_EDGE('',*,*,#4551,.T.);
#6493=ORIENTED_EDGE('',*,*,#4566,.F.);
#6494=ORIENTED_EDGE('',*,*,#4567,.F.);
#6495=ORIENTED_EDGE('',*,*,#4544,.T.);
#6496=ORIENTED_EDGE('',*,*,#4568,.F.);
#6497=ORIENTED_EDGE('',*,*,#4569,.F.);
#6498=ORIENTED_EDGE('',*,*,#4570,.F.);
#6499=ORIENTED_EDGE('',*,*,#4571,.F.);
#6500=ORIENTED_EDGE('',*,*,#4572,.F.);
#6501=ORIENTED_EDGE('',*,*,#4573,.F.);
#6502=ORIENTED_EDGE('',*,*,#4572,.T.);
#6503=ORIENTED_EDGE('',*,*,#4574,.F.);
#6504=ORIENTED_EDGE('',*,*,#4575,.T.);
#6505=ORIENTED_EDGE('',*,*,#4547,.T.);
#6506=ORIENTED_EDGE('',*,*,#4576,.T.);
#6507=ORIENTED_EDGE('',*,*,#4577,.F.);
#6508=ORIENTED_EDGE('',*,*,#4568,.T.);
#6509=ORIENTED_EDGE('',*,*,#4543,.F.);
#6510=ORIENTED_EDGE('',*,*,#4578,.T.);
#6511=ORIENTED_EDGE('',*,*,#4548,.T.);
#6512=ORIENTED_EDGE('',*,*,#4575,.F.);
#6513=ORIENTED_EDGE('',*,*,#4579,.F.);
#6514=ORIENTED_EDGE('',*,*,#4580,.T.);
#6515=ORIENTED_EDGE('',*,*,#4581,.F.);
#6516=ORIENTED_EDGE('',*,*,#4576,.F.);
#6517=ORIENTED_EDGE('',*,*,#4542,.F.);
#6518=ORIENTED_EDGE('',*,*,#4582,.F.);
#6519=ORIENTED_EDGE('',*,*,#4580,.F.);
#6520=ORIENTED_EDGE('',*,*,#4541,.T.);
#6521=ORIENTED_EDGE('',*,*,#4583,.F.);
#6522=ORIENTED_EDGE('',*,*,#4549,.T.);
#6523=ORIENTED_EDGE('',*,*,#4578,.F.);
#6524=ORIENTED_EDGE('',*,*,#4584,.F.);
#6525=ORIENTED_EDGE('',*,*,#4585,.F.);
#6526=ORIENTED_EDGE('',*,*,#4550,.T.);
#6527=ORIENTED_EDGE('',*,*,#4585,.T.);
#6528=ORIENTED_EDGE('',*,*,#4586,.F.);
#6529=ORIENTED_EDGE('',*,*,#4566,.T.);
#6530=ORIENTED_EDGE('',*,*,#4587,.F.);
#6531=ORIENTED_EDGE('',*,*,#4583,.T.);
#6532=ORIENTED_EDGE('',*,*,#4540,.T.);
#6533=ORIENTED_EDGE('',*,*,#4564,.T.);
#6534=ORIENTED_EDGE('',*,*,#4535,.T.);
#6535=ORIENTED_EDGE('',*,*,#4588,.F.);
#6536=ORIENTED_EDGE('',*,*,#4589,.F.);
#6537=ORIENTED_EDGE('',*,*,#4590,.T.);
#6538=ORIENTED_EDGE('',*,*,#4553,.T.);
#6539=ORIENTED_EDGE('',*,*,#4528,.T.);
#6540=ORIENTED_EDGE('',*,*,#4533,.T.);
#6541=ORIENTED_EDGE('',*,*,#4591,.F.);
#6542=ORIENTED_EDGE('',*,*,#4592,.F.);
#6543=ORIENTED_EDGE('',*,*,#4588,.T.);
#6544=ORIENTED_EDGE('',*,*,#4534,.T.);
#6545=ORIENTED_EDGE('',*,*,#4531,.T.);
#6546=ORIENTED_EDGE('',*,*,#4560,.T.);
#6547=ORIENTED_EDGE('',*,*,#4565,.T.);
#6548=ORIENTED_EDGE('',*,*,#4586,.T.);
#6549=ORIENTED_EDGE('',*,*,#4584,.T.);
#6550=ORIENTED_EDGE('',*,*,#4579,.T.);
#6551=ORIENTED_EDGE('',*,*,#4574,.T.);
#6552=ORIENTED_EDGE('',*,*,#4571,.T.);
#6553=ORIENTED_EDGE('',*,*,#4593,.T.);
#6554=ORIENTED_EDGE('',*,*,#4594,.F.);
#6555=ORIENTED_EDGE('',*,*,#4595,.T.);
#6556=ORIENTED_EDGE('',*,*,#4596,.F.);
#6557=ORIENTED_EDGE('',*,*,#4597,.F.);
#6558=ORIENTED_EDGE('',*,*,#4598,.T.);
#6559=ORIENTED_EDGE('',*,*,#4599,.T.);
#6560=ORIENTED_EDGE('',*,*,#4600,.F.);
#6561=ORIENTED_EDGE('',*,*,#4601,.F.);
#6562=ORIENTED_EDGE('',*,*,#4602,.F.);
#6563=ORIENTED_EDGE('',*,*,#4603,.T.);
#6564=ORIENTED_EDGE('',*,*,#4604,.F.);
#6565=ORIENTED_EDGE('',*,*,#4605,.F.);
#6566=ORIENTED_EDGE('',*,*,#4606,.T.);
#6567=ORIENTED_EDGE('',*,*,#4074,.F.);
#6568=ORIENTED_EDGE('',*,*,#4607,.F.);
#6569=ORIENTED_EDGE('',*,*,#4608,.F.);
#6570=ORIENTED_EDGE('',*,*,#4609,.F.);
#6571=ORIENTED_EDGE('',*,*,#4610,.F.);
#6572=ORIENTED_EDGE('',*,*,#4611,.F.);
#6573=ORIENTED_EDGE('',*,*,#4612,.F.);
#6574=ORIENTED_EDGE('',*,*,#4611,.T.);
#6575=ORIENTED_EDGE('',*,*,#4613,.F.);
#6576=ORIENTED_EDGE('',*,*,#4614,.F.);
#6577=ORIENTED_EDGE('',*,*,#4615,.F.);
#6578=ORIENTED_EDGE('',*,*,#4616,.T.);
#6579=ORIENTED_EDGE('',*,*,#4617,.F.);
#6580=ORIENTED_EDGE('',*,*,#4616,.F.);
#6581=ORIENTED_EDGE('',*,*,#4618,.F.);
#6582=ORIENTED_EDGE('',*,*,#4619,.F.);
#6583=ORIENTED_EDGE('',*,*,#4620,.T.);
#6584=ORIENTED_EDGE('',*,*,#4621,.F.);
#6585=ORIENTED_EDGE('',*,*,#4075,.F.);
#6586=ORIENTED_EDGE('',*,*,#4606,.F.);
#6587=ORIENTED_EDGE('',*,*,#4622,.F.);
#6588=ORIENTED_EDGE('',*,*,#4623,.F.);
#6589=ORIENTED_EDGE('',*,*,#4624,.T.);
#6590=ORIENTED_EDGE('',*,*,#4619,.T.);
#6591=ORIENTED_EDGE('',*,*,#4625,.F.);
#6592=ORIENTED_EDGE('',*,*,#4626,.F.);
#6593=ORIENTED_EDGE('',*,*,#4076,.F.);
#6594=ORIENTED_EDGE('',*,*,#4621,.T.);
#6595=ORIENTED_EDGE('',*,*,#4627,.F.);
#6596=ORIENTED_EDGE('',*,*,#4628,.F.);
#6597=ORIENTED_EDGE('',*,*,#4629,.T.);
#6598=ORIENTED_EDGE('',*,*,#4077,.F.);
#6599=ORIENTED_EDGE('',*,*,#4626,.T.);
#6600=ORIENTED_EDGE('',*,*,#4630,.F.);
#6601=ORIENTED_EDGE('',*,*,#4631,.T.);
#6602=ORIENTED_EDGE('',*,*,#4632,.F.);
#6603=ORIENTED_EDGE('',*,*,#4623,.T.);
#6604=ORIENTED_EDGE('',*,*,#4633,.F.);
#6605=ORIENTED_EDGE('',*,*,#4082,.F.);
#6606=ORIENTED_EDGE('',*,*,#4634,.T.);
#6607=ORIENTED_EDGE('',*,*,#4635,.F.);
#6608=ORIENTED_EDGE('',*,*,#4636,.F.);
#6609=ORIENTED_EDGE('',*,*,#4637,.T.);
#6610=ORIENTED_EDGE('',*,*,#4634,.F.);
#6611=ORIENTED_EDGE('',*,*,#4081,.F.);
#6612=ORIENTED_EDGE('',*,*,#4638,.F.);
#6613=ORIENTED_EDGE('',*,*,#4639,.F.);
#6614=ORIENTED_EDGE('',*,*,#4609,.T.);
#6615=ORIENTED_EDGE('',*,*,#4640,.F.);
#6616=ORIENTED_EDGE('',*,*,#4641,.F.);
#6617=ORIENTED_EDGE('',*,*,#4642,.T.);
#6618=ORIENTED_EDGE('',*,*,#4636,.T.);
#6619=ORIENTED_EDGE('',*,*,#4080,.F.);
#6620=ORIENTED_EDGE('',*,*,#4079,.F.);
#6621=ORIENTED_EDGE('',*,*,#4643,.T.);
#6622=ORIENTED_EDGE('',*,*,#4644,.F.);
#6623=ORIENTED_EDGE('',*,*,#4641,.T.);
#6624=ORIENTED_EDGE('',*,*,#4645,.F.);
#6625=ORIENTED_EDGE('',*,*,#4646,.T.);
#6626=ORIENTED_EDGE('',*,*,#4647,.F.);
#6627=ORIENTED_EDGE('',*,*,#4638,.T.);
#6628=ORIENTED_EDGE('',*,*,#4648,.F.);
#6629=ORIENTED_EDGE('',*,*,#4649,.F.);
#6630=ORIENTED_EDGE('',*,*,#4620,.F.);
#6631=ORIENTED_EDGE('',*,*,#4624,.F.);
#6632=ORIENTED_EDGE('',*,*,#4632,.T.);
#6633=ORIENTED_EDGE('',*,*,#4650,.T.);
#6634=ORIENTED_EDGE('',*,*,#4645,.T.);
#6635=ORIENTED_EDGE('',*,*,#4640,.T.);
#6636=ORIENTED_EDGE('',*,*,#4608,.T.);
#6637=ORIENTED_EDGE('',*,*,#4651,.F.);
#6638=ORIENTED_EDGE('',*,*,#4652,.F.);
#6639=ORIENTED_EDGE('',*,*,#4635,.T.);
#6640=ORIENTED_EDGE('',*,*,#4637,.F.);
#6641=ORIENTED_EDGE('',*,*,#4642,.F.);
#6642=ORIENTED_EDGE('',*,*,#4644,.T.);
#6643=ORIENTED_EDGE('',*,*,#4653,.T.);
#6644=ORIENTED_EDGE('',*,*,#4628,.T.);
#6645=ORIENTED_EDGE('',*,*,#4627,.T.);
#6646=ORIENTED_EDGE('',*,*,#4622,.T.);
#6647=ORIENTED_EDGE('',*,*,#4605,.T.);
#6648=ORIENTED_EDGE('',*,*,#4650,.F.);
#6649=ORIENTED_EDGE('',*,*,#4631,.F.);
#6650=ORIENTED_EDGE('',*,*,#4654,.F.);
#6651=ORIENTED_EDGE('',*,*,#4646,.F.);
#6652=ORIENTED_EDGE('',*,*,#4078,.F.);
#6653=ORIENTED_EDGE('',*,*,#4629,.F.);
#6654=ORIENTED_EDGE('',*,*,#4653,.F.);
#6655=ORIENTED_EDGE('',*,*,#4643,.F.);
#6656=ORIENTED_EDGE('',*,*,#4604,.T.);
#6657=ORIENTED_EDGE('',*,*,#4655,.F.);
#6658=ORIENTED_EDGE('',*,*,#4656,.F.);
#6659=ORIENTED_EDGE('',*,*,#4657,.T.);
#6660=ORIENTED_EDGE('',*,*,#4615,.T.);
#6661=ORIENTED_EDGE('',*,*,#4658,.F.);
#6662=ORIENTED_EDGE('',*,*,#4659,.F.);
#6663=ORIENTED_EDGE('',*,*,#4660,.T.);
#6664=ORIENTED_EDGE('',*,*,#4661,.F.);
#6665=ORIENTED_EDGE('',*,*,#4662,.F.);
#6666=ORIENTED_EDGE('',*,*,#4663,.F.);
#6667=ORIENTED_EDGE('',*,*,#4664,.T.);
#6668=ORIENTED_EDGE('',*,*,#4665,.F.);
#6669=ORIENTED_EDGE('',*,*,#4666,.F.);
#6670=ORIENTED_EDGE('',*,*,#4667,.F.);
#6671=ORIENTED_EDGE('',*,*,#4668,.F.);
#6672=ORIENTED_EDGE('',*,*,#4613,.T.);
#6673=ORIENTED_EDGE('',*,*,#4610,.T.);
#6674=ORIENTED_EDGE('',*,*,#4639,.T.);
#6675=ORIENTED_EDGE('',*,*,#4647,.T.);
#6676=ORIENTED_EDGE('',*,*,#4654,.T.);
#6677=ORIENTED_EDGE('',*,*,#4630,.T.);
#6678=ORIENTED_EDGE('',*,*,#4625,.T.);
#6679=ORIENTED_EDGE('',*,*,#4618,.T.);
#6680=ORIENTED_EDGE('',*,*,#4652,.T.);
#6681=ORIENTED_EDGE('',*,*,#4669,.T.);
#6682=ORIENTED_EDGE('',*,*,#4670,.T.);
#6683=ORIENTED_EDGE('',*,*,#4671,.F.);
#6684=ORIENTED_EDGE('',*,*,#4651,.T.);
#6685=ORIENTED_EDGE('',*,*,#4607,.T.);
#6686=ORIENTED_EDGE('',*,*,#4612,.T.);
#6687=ORIENTED_EDGE('',*,*,#4672,.F.);
#6688=ORIENTED_EDGE('',*,*,#4673,.T.);
#6689=ORIENTED_EDGE('',*,*,#4669,.F.);
#6690=ORIENTED_EDGE('',*,*,#4554,.T.);
#6691=ORIENTED_EDGE('',*,*,#4590,.F.);
#6692=ORIENTED_EDGE('',*,*,#4674,.F.);
#6693=ORIENTED_EDGE('',*,*,#4675,.F.);
#6694=ORIENTED_EDGE('',*,*,#4676,.F.);
#6695=ORIENTED_EDGE('',*,*,#4677,.F.);
#6696=ORIENTED_EDGE('',*,*,#4674,.T.);
#6697=ORIENTED_EDGE('',*,*,#4678,.F.);
#6698=ORIENTED_EDGE('',*,*,#4679,.F.);
#6699=ORIENTED_EDGE('',*,*,#4680,.T.);
#6700=ORIENTED_EDGE('',*,*,#4592,.T.);
#6701=ORIENTED_EDGE('',*,*,#4681,.F.);
#6702=ORIENTED_EDGE('',*,*,#4682,.F.);
#6703=ORIENTED_EDGE('',*,*,#4678,.T.);
#6704=ORIENTED_EDGE('',*,*,#4589,.T.);
#6705=ORIENTED_EDGE('',*,*,#4680,.F.);
#6706=ORIENTED_EDGE('',*,*,#4649,.T.);
#6707=ORIENTED_EDGE('',*,*,#4683,.F.);
#6708=ORIENTED_EDGE('',*,*,#4684,.F.);
#6709=ORIENTED_EDGE('',*,*,#4685,.F.);
#6710=ORIENTED_EDGE('',*,*,#4614,.T.);
#6711=ORIENTED_EDGE('',*,*,#4617,.T.);
#6712=ORIENTED_EDGE('',*,*,#4648,.T.);
#6713=ORIENTED_EDGE('',*,*,#4657,.F.);
#6714=ORIENTED_EDGE('',*,*,#4686,.F.);
#6715=ORIENTED_EDGE('',*,*,#4683,.T.);
#6716=ORIENTED_EDGE('',*,*,#4687,.F.);
#6717=ORIENTED_EDGE('',*,*,#4688,.F.);
#6718=ORIENTED_EDGE('',*,*,#4684,.T.);
#6719=ORIENTED_EDGE('',*,*,#4689,.F.);
#6720=ORIENTED_EDGE('',*,*,#4690,.F.);
#6721=ORIENTED_EDGE('',*,*,#4691,.T.);
#6722=ORIENTED_EDGE('',*,*,#4656,.T.);
#6723=ORIENTED_EDGE('',*,*,#4692,.F.);
#6724=ORIENTED_EDGE('',*,*,#4693,.F.);
#6725=ORIENTED_EDGE('',*,*,#4689,.T.);
#6726=ORIENTED_EDGE('',*,*,#4686,.T.);
#6727=ORIENTED_EDGE('',*,*,#4691,.F.);
#6728=ORIENTED_EDGE('',*,*,#4694,.T.);
#6729=ORIENTED_EDGE('',*,*,#4679,.T.);
#6730=ORIENTED_EDGE('',*,*,#4695,.F.);
#6731=ORIENTED_EDGE('',*,*,#4687,.T.);
#6732=ORIENTED_EDGE('',*,*,#4696,.F.);
#6733=ORIENTED_EDGE('',*,*,#4676,.T.);
#6734=ORIENTED_EDGE('',*,*,#4697,.T.);
#6735=ORIENTED_EDGE('',*,*,#4690,.T.);
#6736=ORIENTED_EDGE('',*,*,#4697,.F.);
#6737=ORIENTED_EDGE('',*,*,#4682,.T.);
#6738=ORIENTED_EDGE('',*,*,#4694,.F.);
#6739=ORIENTED_EDGE('',*,*,#4693,.T.);
#6740=ORIENTED_EDGE('',*,*,#4591,.T.);
#6741=ORIENTED_EDGE('',*,*,#4603,.F.);
#6742=ORIENTED_EDGE('',*,*,#4698,.F.);
#6743=ORIENTED_EDGE('',*,*,#4699,.T.);
#6744=ORIENTED_EDGE('',*,*,#4675,.T.);
#6745=ORIENTED_EDGE('',*,*,#4700,.T.);
#6746=ORIENTED_EDGE('',*,*,#4060,.F.);
#6747=ORIENTED_EDGE('',*,*,#4701,.F.);
#6748=ORIENTED_EDGE('',*,*,#4681,.T.);
#6749=ORIENTED_EDGE('',*,*,#4699,.F.);
#6750=ORIENTED_EDGE('',*,*,#4702,.F.);
#6751=ORIENTED_EDGE('',*,*,#4703,.T.);
#6752=ORIENTED_EDGE('',*,*,#4677,.T.);
#6753=ORIENTED_EDGE('',*,*,#4704,.T.);
#6754=ORIENTED_EDGE('',*,*,#4061,.F.);
#6755=ORIENTED_EDGE('',*,*,#4700,.F.);
#6756=ORIENTED_EDGE('',*,*,#4695,.T.);
#6757=ORIENTED_EDGE('',*,*,#4703,.F.);
#6758=ORIENTED_EDGE('',*,*,#4705,.F.);
#6759=ORIENTED_EDGE('',*,*,#4706,.T.);
#6760=ORIENTED_EDGE('',*,*,#4696,.T.);
#6761=ORIENTED_EDGE('',*,*,#4707,.T.);
#6762=ORIENTED_EDGE('',*,*,#4062,.F.);
#6763=ORIENTED_EDGE('',*,*,#4704,.F.);
#6764=ORIENTED_EDGE('',*,*,#4688,.T.);
#6765=ORIENTED_EDGE('',*,*,#4706,.F.);
#6766=ORIENTED_EDGE('',*,*,#4708,.F.);
#6767=ORIENTED_EDGE('',*,*,#4709,.T.);
#6768=ORIENTED_EDGE('',*,*,#4692,.T.);
#6769=ORIENTED_EDGE('',*,*,#4710,.T.);
#6770=ORIENTED_EDGE('',*,*,#4063,.F.);
#6771=ORIENTED_EDGE('',*,*,#4707,.F.);
#6772=ORIENTED_EDGE('',*,*,#4685,.T.);
#6773=ORIENTED_EDGE('',*,*,#4709,.F.);
#6774=ORIENTED_EDGE('',*,*,#4711,.F.);
#6775=ORIENTED_EDGE('',*,*,#4658,.T.);
#6776=ORIENTED_EDGE('',*,*,#4655,.T.);
#6777=ORIENTED_EDGE('',*,*,#4073,.T.);
#6778=ORIENTED_EDGE('',*,*,#4064,.F.);
#6779=ORIENTED_EDGE('',*,*,#4710,.F.);
#6780=ORIENTED_EDGE('',*,*,#4633,.T.);
#6781=ORIENTED_EDGE('',*,*,#4671,.T.);
#6782=ORIENTED_EDGE('',*,*,#4712,.T.);
#6783=ORIENTED_EDGE('',*,*,#4713,.F.);
#6784=ORIENTED_EDGE('',*,*,#4567,.T.);
#6785=ORIENTED_EDGE('',*,*,#4714,.F.);
#6786=ORIENTED_EDGE('',*,*,#4715,.F.);
#6787=ORIENTED_EDGE('',*,*,#4716,.T.);
#6788=ORIENTED_EDGE('',*,*,#4545,.T.);
#6789=ORIENTED_EDGE('',*,*,#4716,.F.);
#6790=ORIENTED_EDGE('',*,*,#4717,.F.);
#6791=ORIENTED_EDGE('',*,*,#4718,.T.);
#6792=ORIENTED_EDGE('',*,*,#4673,.F.);
#6793=ORIENTED_EDGE('',*,*,#4719,.F.);
#6794=ORIENTED_EDGE('',*,*,#4720,.T.);
#6795=ORIENTED_EDGE('',*,*,#4721,.F.);
#6796=ORIENTED_EDGE('',*,*,#4712,.F.);
#6797=ORIENTED_EDGE('',*,*,#4722,.T.);
#6798=ORIENTED_EDGE('',*,*,#4723,.T.);
#6799=ORIENTED_EDGE('',*,*,#4724,.F.);
#6800=ORIENTED_EDGE('',*,*,#4670,.F.);
#6801=ORIENTED_EDGE('',*,*,#4721,.T.);
#6802=ORIENTED_EDGE('',*,*,#4725,.T.);
#6803=ORIENTED_EDGE('',*,*,#4722,.F.);
#6804=ORIENTED_EDGE('',*,*,#4546,.T.);
#6805=ORIENTED_EDGE('',*,*,#4718,.F.);
#6806=ORIENTED_EDGE('',*,*,#4726,.F.);
#6807=ORIENTED_EDGE('',*,*,#4727,.F.);
#6808=ORIENTED_EDGE('',*,*,#4570,.T.);
#6809=ORIENTED_EDGE('',*,*,#4573,.T.);
#6810=ORIENTED_EDGE('',*,*,#4728,.F.);
#6811=ORIENTED_EDGE('',*,*,#4729,.F.);
#6812=ORIENTED_EDGE('',*,*,#4726,.T.);
#6813=ORIENTED_EDGE('',*,*,#4730,.F.);
#6814=ORIENTED_EDGE('',*,*,#4731,.F.);
#6815=ORIENTED_EDGE('',*,*,#4732,.T.);
#6816=ORIENTED_EDGE('',*,*,#4715,.T.);
#6817=ORIENTED_EDGE('',*,*,#4733,.F.);
#6818=ORIENTED_EDGE('',*,*,#4734,.F.);
#6819=ORIENTED_EDGE('',*,*,#4730,.T.);
#6820=ORIENTED_EDGE('',*,*,#4717,.T.);
#6821=ORIENTED_EDGE('',*,*,#4732,.F.);
#6822=ORIENTED_EDGE('',*,*,#4735,.F.);
#6823=ORIENTED_EDGE('',*,*,#4720,.F.);
#6824=ORIENTED_EDGE('',*,*,#4736,.F.);
#6825=ORIENTED_EDGE('',*,*,#4728,.T.);
#6826=ORIENTED_EDGE('',*,*,#4737,.F.);
#6827=ORIENTED_EDGE('',*,*,#4723,.F.);
#6828=ORIENTED_EDGE('',*,*,#4738,.T.);
#6829=ORIENTED_EDGE('',*,*,#4731,.T.);
#6830=ORIENTED_EDGE('',*,*,#4738,.F.);
#6831=ORIENTED_EDGE('',*,*,#4725,.F.);
#6832=ORIENTED_EDGE('',*,*,#4735,.T.);
#6833=ORIENTED_EDGE('',*,*,#4734,.T.);
#6834=ORIENTED_EDGE('',*,*,#4672,.T.);
#6835=ORIENTED_EDGE('',*,*,#4668,.T.);
#6836=ORIENTED_EDGE('',*,*,#4739,.F.);
#6837=ORIENTED_EDGE('',*,*,#4740,.F.);
#6838=ORIENTED_EDGE('',*,*,#4713,.T.);
#6839=ORIENTED_EDGE('',*,*,#4741,.F.);
#6840=ORIENTED_EDGE('',*,*,#4048,.F.);
#6841=ORIENTED_EDGE('',*,*,#4083,.T.);
#6842=ORIENTED_EDGE('',*,*,#4719,.T.);
#6843=ORIENTED_EDGE('',*,*,#4740,.T.);
#6844=ORIENTED_EDGE('',*,*,#4742,.F.);
#6845=ORIENTED_EDGE('',*,*,#4743,.F.);
#6846=ORIENTED_EDGE('',*,*,#4724,.T.);
#6847=ORIENTED_EDGE('',*,*,#4744,.F.);
#6848=ORIENTED_EDGE('',*,*,#4049,.F.);
#6849=ORIENTED_EDGE('',*,*,#4741,.T.);
#6850=ORIENTED_EDGE('',*,*,#4736,.T.);
#6851=ORIENTED_EDGE('',*,*,#4743,.T.);
#6852=ORIENTED_EDGE('',*,*,#4745,.F.);
#6853=ORIENTED_EDGE('',*,*,#4746,.F.);
#6854=ORIENTED_EDGE('',*,*,#4737,.T.);
#6855=ORIENTED_EDGE('',*,*,#4747,.F.);
#6856=ORIENTED_EDGE('',*,*,#4050,.F.);
#6857=ORIENTED_EDGE('',*,*,#4744,.T.);
#6858=ORIENTED_EDGE('',*,*,#4729,.T.);
#6859=ORIENTED_EDGE('',*,*,#4746,.T.);
#6860=ORIENTED_EDGE('',*,*,#4748,.F.);
#6861=ORIENTED_EDGE('',*,*,#4749,.F.);
#6862=ORIENTED_EDGE('',*,*,#4733,.T.);
#6863=ORIENTED_EDGE('',*,*,#4750,.F.);
#6864=ORIENTED_EDGE('',*,*,#4051,.F.);
#6865=ORIENTED_EDGE('',*,*,#4747,.T.);
#6866=ORIENTED_EDGE('',*,*,#4727,.T.);
#6867=ORIENTED_EDGE('',*,*,#4749,.T.);
#6868=ORIENTED_EDGE('',*,*,#4751,.F.);
#6869=ORIENTED_EDGE('',*,*,#4593,.F.);
#6870=ORIENTED_EDGE('',*,*,#4714,.T.);
#6871=ORIENTED_EDGE('',*,*,#4752,.F.);
#6872=ORIENTED_EDGE('',*,*,#4052,.F.);
#6873=ORIENTED_EDGE('',*,*,#4750,.T.);
#6874=ORIENTED_EDGE('',*,*,#4043,.F.);
#6875=ORIENTED_EDGE('',*,*,#4053,.F.);
#6876=ORIENTED_EDGE('',*,*,#4752,.T.);
#6877=ORIENTED_EDGE('',*,*,#4569,.T.);
#6878=ORIENTED_EDGE('',*,*,#4577,.T.);
#6879=ORIENTED_EDGE('',*,*,#4581,.T.);
#6880=ORIENTED_EDGE('',*,*,#4582,.T.);
#6881=ORIENTED_EDGE('',*,*,#4587,.T.);
#6882=ORIENTED_EDGE('',*,*,#4563,.T.);
#6883=ORIENTED_EDGE('',*,*,#4562,.T.);
#6884=ORIENTED_EDGE('',*,*,#4558,.T.);
#6885=ORIENTED_EDGE('',*,*,#4555,.T.);
#6886=ORIENTED_EDGE('',*,*,#4701,.T.);
#6887=ORIENTED_EDGE('',*,*,#4059,.F.);
#6888=ORIENTED_EDGE('',*,*,#4068,.F.);
#6889=ORIENTED_EDGE('',*,*,#4070,.F.);
#6890=ORIENTED_EDGE('',*,*,#4753,.T.);
#6891=ORIENTED_EDGE('',*,*,#4754,.T.);
#6892=ORIENTED_EDGE('',*,*,#4755,.F.);
#6893=ORIENTED_EDGE('',*,*,#4756,.F.);
#6894=ORIENTED_EDGE('',*,*,#4660,.F.);
#6895=ORIENTED_EDGE('',*,*,#4757,.F.);
#6896=ORIENTED_EDGE('',*,*,#4758,.F.);
#6897=ORIENTED_EDGE('',*,*,#4759,.F.);
#6898=ORIENTED_EDGE('',*,*,#4661,.T.);
#6899=ORIENTED_EDGE('',*,*,#4756,.T.);
#6900=ORIENTED_EDGE('',*,*,#4760,.F.);
#6901=ORIENTED_EDGE('',*,*,#4761,.F.);
#6902=ORIENTED_EDGE('',*,*,#4662,.T.);
#6903=ORIENTED_EDGE('',*,*,#4759,.T.);
#6904=ORIENTED_EDGE('',*,*,#4023,.T.);
#6905=ORIENTED_EDGE('',*,*,#4762,.T.);
#6906=ORIENTED_EDGE('',*,*,#4084,.F.);
#6907=ORIENTED_EDGE('',*,*,#4762,.F.);
#6908=ORIENTED_EDGE('',*,*,#4761,.T.);
#6909=ORIENTED_EDGE('',*,*,#4763,.F.);
#6910=ORIENTED_EDGE('',*,*,#4764,.T.);
#6911=ORIENTED_EDGE('',*,*,#4663,.T.);
#6912=ORIENTED_EDGE('',*,*,#4201,.F.);
#6913=ORIENTED_EDGE('',*,*,#4765,.F.);
#6914=ORIENTED_EDGE('',*,*,#4597,.T.);
#6915=ORIENTED_EDGE('',*,*,#4766,.T.);
#6916=ORIENTED_EDGE('',*,*,#4020,.T.);
#6917=ORIENTED_EDGE('',*,*,#4767,.T.);
#6918=ORIENTED_EDGE('',*,*,#4754,.F.);
#6919=ORIENTED_EDGE('',*,*,#4767,.F.);
#6920=ORIENTED_EDGE('',*,*,#4203,.F.);
#6921=ORIENTED_EDGE('',*,*,#4768,.F.);
#6922=ORIENTED_EDGE('',*,*,#4595,.F.);
#6923=ORIENTED_EDGE('',*,*,#4769,.F.);
#6924=ORIENTED_EDGE('',*,*,#4202,.F.);
#6925=ORIENTED_EDGE('',*,*,#4766,.F.);
#6926=ORIENTED_EDGE('',*,*,#4596,.T.);
#6927=ORIENTED_EDGE('',*,*,#4768,.T.);
#6928=ORIENTED_EDGE('',*,*,#4765,.T.);
#6929=ORIENTED_EDGE('',*,*,#4200,.T.);
#6930=ORIENTED_EDGE('',*,*,#4770,.T.);
#6931=ORIENTED_EDGE('',*,*,#4598,.F.);
#6932=ORIENTED_EDGE('',*,*,#4769,.T.);
#6933=ORIENTED_EDGE('',*,*,#4594,.T.);
#6934=ORIENTED_EDGE('',*,*,#4751,.T.);
#6935=ORIENTED_EDGE('',*,*,#4748,.T.);
#6936=ORIENTED_EDGE('',*,*,#4745,.T.);
#6937=ORIENTED_EDGE('',*,*,#4742,.T.);
#6938=ORIENTED_EDGE('',*,*,#4739,.T.);
#6939=ORIENTED_EDGE('',*,*,#4667,.T.);
#6940=ORIENTED_EDGE('',*,*,#4771,.T.);
#6941=ORIENTED_EDGE('',*,*,#4772,.F.);
#6942=ORIENTED_EDGE('',*,*,#4136,.F.);
#6943=ORIENTED_EDGE('',*,*,#4204,.F.);
#6944=ORIENTED_EDGE('',*,*,#4773,.F.);
#6945=ORIENTED_EDGE('',*,*,#4771,.F.);
#6946=ORIENTED_EDGE('',*,*,#4666,.T.);
#6947=ORIENTED_EDGE('',*,*,#4774,.T.);
#6948=ORIENTED_EDGE('',*,*,#4021,.T.);
#6949=ORIENTED_EDGE('',*,*,#4775,.T.);
#6950=ORIENTED_EDGE('',*,*,#4085,.F.);
#6951=ORIENTED_EDGE('',*,*,#4775,.F.);
#6952=ORIENTED_EDGE('',*,*,#4776,.F.);
#6953=ORIENTED_EDGE('',*,*,#4777,.F.);
#6954=ORIENTED_EDGE('',*,*,#4664,.F.);
#6955=ORIENTED_EDGE('',*,*,#4764,.F.);
#6956=ORIENTED_EDGE('',*,*,#4778,.F.);
#6957=ORIENTED_EDGE('',*,*,#4774,.F.);
#6958=ORIENTED_EDGE('',*,*,#4665,.T.);
#6959=ORIENTED_EDGE('',*,*,#4777,.T.);
#6960=ORIENTED_EDGE('',*,*,#4755,.T.);
#6961=ORIENTED_EDGE('',*,*,#4779,.T.);
#6962=ORIENTED_EDGE('',*,*,#4137,.F.);
#6963=ORIENTED_EDGE('',*,*,#4772,.T.);
#6964=ORIENTED_EDGE('',*,*,#4773,.T.);
#6965=ORIENTED_EDGE('',*,*,#4778,.T.);
#6966=ORIENTED_EDGE('',*,*,#4776,.T.);
#6967=ORIENTED_EDGE('',*,*,#4763,.T.);
#6968=ORIENTED_EDGE('',*,*,#4760,.T.);
#6969=ORIENTED_EDGE('',*,*,#4758,.T.);
#6970=ORIENTED_EDGE('',*,*,#4199,.F.);
#6971=ORIENTED_EDGE('',*,*,#4780,.F.);
#6972=ORIENTED_EDGE('',*,*,#4599,.F.);
#6973=ORIENTED_EDGE('',*,*,#4770,.F.);
#6974=ORIENTED_EDGE('',*,*,#4198,.F.);
#6975=ORIENTED_EDGE('',*,*,#4781,.F.);
#6976=ORIENTED_EDGE('',*,*,#4600,.T.);
#6977=ORIENTED_EDGE('',*,*,#4780,.T.);
#6978=ORIENTED_EDGE('',*,*,#4197,.F.);
#6979=ORIENTED_EDGE('',*,*,#4782,.F.);
#6980=ORIENTED_EDGE('',*,*,#4601,.T.);
#6981=ORIENTED_EDGE('',*,*,#4781,.T.);
#6982=ORIENTED_EDGE('',*,*,#4022,.T.);
#6983=ORIENTED_EDGE('',*,*,#4783,.T.);
#6984=ORIENTED_EDGE('',*,*,#4753,.F.);
#6985=ORIENTED_EDGE('',*,*,#4783,.F.);
#6986=ORIENTED_EDGE('',*,*,#4757,.T.);
#6987=ORIENTED_EDGE('',*,*,#4659,.T.);
#6988=ORIENTED_EDGE('',*,*,#4711,.T.);
#6989=ORIENTED_EDGE('',*,*,#4708,.T.);
#6990=ORIENTED_EDGE('',*,*,#4705,.T.);
#6991=ORIENTED_EDGE('',*,*,#4702,.T.);
#6992=ORIENTED_EDGE('',*,*,#4698,.T.);
#6993=ORIENTED_EDGE('',*,*,#4602,.T.);
#6994=ORIENTED_EDGE('',*,*,#4782,.T.);
#6995=ORIENTED_EDGE('',*,*,#4196,.F.);
#6996=ORIENTED_EDGE('',*,*,#4138,.F.);
#6997=ORIENTED_EDGE('',*,*,#4779,.F.);
#6998=PLANE('',#7727);
#6999=PLANE('',#7728);
#7000=PLANE('',#7729);
#7001=PLANE('',#7730);
#7002=PLANE('',#7731);
#7003=PLANE('',#7732);
#7004=PLANE('',#7733);
#7005=PLANE('',#7734);
#7006=PLANE('',#7735);
#7007=PLANE('',#7736);
#7008=PLANE('',#7737);
#7009=PLANE('',#7738);
#7010=PLANE('',#7739);
#7011=PLANE('',#7740);
#7012=PLANE('',#7741);
#7013=PLANE('',#7742);
#7014=PLANE('',#7743);
#7015=PLANE('',#7744);
#7016=PLANE('',#7745);
#7017=PLANE('',#7746);
#7018=PLANE('',#7747);
#7019=PLANE('',#7748);
#7020=PLANE('',#7749);
#7021=PLANE('',#7750);
#7022=PLANE('',#7751);
#7023=PLANE('',#7752);
#7024=PLANE('',#7753);
#7025=PLANE('',#7754);
#7026=PLANE('',#7756);
#7027=PLANE('',#7757);
#7028=PLANE('',#7758);
#7029=PLANE('',#7759);
#7030=PLANE('',#7760);
#7031=PLANE('',#7761);
#7032=PLANE('',#7762);
#7033=PLANE('',#7763);
#7034=PLANE('',#7764);
#7035=PLANE('',#7765);
#7036=PLANE('',#7766);
#7037=PLANE('',#7767);
#7038=PLANE('',#7768);
#7039=PLANE('',#7769);
#7040=PLANE('',#7771);
#7041=PLANE('',#7772);
#7042=PLANE('',#7773);
#7043=PLANE('',#7774);
#7044=PLANE('',#7775);
#7045=PLANE('',#7776);
#7046=PLANE('',#7818);
#7047=PLANE('',#7820);
#7048=PLANE('',#7865);
#7049=PLANE('',#7870);
#7050=PLANE('',#7872);
#7051=PLANE('',#7874);
#7052=PLANE('',#7876);
#7053=PLANE('',#7894);
#7054=PLANE('',#7899);
#7055=PLANE('',#7900);
#7056=PLANE('',#7906);
#7057=PLANE('',#7911);
#7058=PLANE('',#7916);
#7059=PLANE('',#7917);
#7060=PLANE('',#7918);
#7061=PLANE('',#7919);
#7062=PLANE('',#7920);
#7063=PLANE('',#7921);
#7064=PLANE('',#7922);
#7065=PLANE('',#7923);
#7066=PLANE('',#7924);
#7067=PLANE('',#7925);
#7068=PLANE('',#7926);
#7069=PLANE('',#7927);
#7070=PLANE('',#7928);
#7071=PLANE('',#7936);
#7072=PLANE('',#7937);
#7073=PLANE('',#7938);
#7074=PLANE('',#7939);
#7075=PLANE('',#7940);
#7076=PLANE('',#7941);
#7077=PLANE('',#7942);
#7078=PLANE('',#7943);
#7079=PLANE('',#7944);
#7080=PLANE('',#7945);
#7081=PLANE('',#7946);
#7082=PLANE('',#7947);
#7083=PLANE('',#7948);
#7084=PLANE('',#7949);
#7085=PLANE('',#7950);
#7086=PLANE('',#7959);
#7087=PLANE('',#7971);
#7088=PLANE('',#7973);
#7089=PLANE('',#7977);
#7090=PLANE('',#7979);
#7091=PLANE('',#7983);
#7092=PLANE('',#7986);
#7093=PLANE('',#7993);
#7094=PLANE('',#7994);
#7095=PLANE('',#7998);
#7096=PLANE('',#8000);
#7097=PLANE('',#8005);
#7098=PLANE('',#8008);
#7099=PLANE('',#8011);
#7100=PLANE('',#8014);
#7101=PLANE('',#8017);
#7102=PLANE('',#8020);
#7103=PLANE('',#8023);
#7104=PLANE('',#8026);
#7105=PLANE('',#8029);
#7106=PLANE('',#8032);
#7107=PLANE('',#8033);
#7108=PLANE('',#8036);
#7109=PLANE('',#8039);
#7110=PLANE('',#8042);
#7111=PLANE('',#8045);
#7112=PLANE('',#8048);
#7113=PLANE('',#8051);
#7114=PLANE('',#8054);
#7115=PLANE('',#8057);
#7116=PLANE('',#8060);
#7117=PLANE('',#8063);
#7118=PLANE('',#8066);
#7119=PLANE('',#8069);
#7120=PLANE('',#8072);
#7121=PLANE('',#8077);
#7122=PLANE('',#8078);
#7123=PLANE('',#8079);
#7124=PLANE('',#8080);
#7125=PLANE('',#8083);
#7126=PLANE('',#8085);
#7127=PLANE('',#8087);
#7128=PLANE('',#8093);
#7129=PLANE('',#8097);
#7130=PLANE('',#8101);
#7131=PLANE('',#8105);
#7132=PLANE('',#8109);
#7133=PLANE('',#8113);
#7134=PLANE('',#8114);
#7135=PLANE('',#8118);
#7136=PLANE('',#8122);
#7137=PLANE('',#8126);
#7138=PLANE('',#8130);
#7139=PLANE('',#8134);
#7140=PLANE('',#8138);
#7141=PLANE('',#8151);
#7142=PLANE('',#8158);
#7143=PLANE('',#8165);
#7144=PLANE('',#8172);
#7145=PLANE('',#8179);
#7146=PLANE('',#8180);
#7147=PLANE('',#8181);
#7148=PLANE('',#8182);
#7149=PLANE('',#8186);
#7150=PLANE('',#8187);
#7151=PLANE('',#8188);
#7152=PLANE('',#8189);
#7153=PLANE('',#8190);
#7154=PLANE('',#8191);
#7155=PLANE('',#8192);
#7156=PLANE('',#8193);
#7157=PLANE('',#8196);
#7158=PLANE('',#8197);
#7159=PLANE('',#8198);
#7160=PLANE('',#8199);
#7161=PLANE('',#8202);
#7162=PLANE('',#8203);
#7163=PLANE('',#8205);
#7164=PLANE('',#8206);
#7165=PLANE('',#8207);
#7166=PLANE('',#8208);
#7167=PLANE('',#8210);
#7168=PLANE('',#8211);
#7169=PLANE('',#8212);
#7170=PLANE('',#8217);
#7171=PLANE('',#8218);
#7172=PLANE('',#8223);
#7173=PLANE('',#8224);
#7174=PLANE('',#8225);
#7175=PLANE('',#8226);
#7176=PLANE('',#8227);
#7177=PLANE('',#8228);
#7178=PLANE('',#8233);
#7179=PLANE('',#8234);
#7180=PLANE('',#8235);
#7181=PLANE('',#8236);
#7182=PLANE('',#8237);
#7183=PLANE('',#8238);
#7184=PLANE('',#8239);
#7185=PLANE('',#8242);
#7186=PLANE('',#8243);
#7187=PLANE('',#8244);
#7188=PLANE('',#8245);
#7189=PLANE('',#8246);
#7190=PLANE('',#8247);
#7191=PLANE('',#8253);
#7192=PLANE('',#8254);
#7193=PLANE('',#8255);
#7194=PLANE('',#8256);
#7195=PLANE('',#8262);
#7196=PLANE('',#8263);
#7197=PLANE('',#8264);
#7198=PLANE('',#8265);
#7199=PLANE('',#8266);
#7200=PLANE('',#8267);
#7201=PLANE('',#8268);
#7202=PLANE('',#8271);
#7203=PLANE('',#8272);
#7204=PLANE('',#8273);
#7205=PLANE('',#8281);
#7206=PLANE('',#8282);
#7207=PLANE('',#8290);
#7208=PLANE('',#8291);
#7209=PLANE('',#8292);
#7210=PLANE('',#8293);
#7211=PLANE('',#8294);
#7212=PLANE('',#8298);
#7213=PLANE('',#8299);
#7214=PLANE('',#8303);
#7215=PLANE('',#8304);
#7216=PLANE('',#8305);
#7217=PLANE('',#8306);
#7218=PLANE('',#8307);
#7219=PLANE('',#8315);
#7220=PLANE('',#8323);
#7221=PLANE('',#8324);
#7222=PLANE('',#8325);
#7223=PLANE('',#8326);
#7224=PLANE('',#8327);
#7225=PLANE('',#8331);
#7226=PLANE('',#8332);
#7227=PLANE('',#8336);
#7228=PLANE('',#8337);
#7229=PLANE('',#8338);
#7230=PLANE('',#8341);
#7231=PLANE('',#8343);
#7232=PLANE('',#8346);
#7233=PLANE('',#8347);
#7234=PLANE('',#8349);
#7235=PLANE('',#8351);
#7236=PLANE('',#8352);
#7237=PLANE('',#8354);
#7238=PLANE('',#8356);
#7239=PLANE('',#8361);
#7240=PLANE('',#8363);
#7241=PLANE('',#8365);
#7242=ADVANCED_FACE('',(#668),#6998,.F.);
#7243=ADVANCED_FACE('',(#669),#640,.T.);
#7244=ADVANCED_FACE('',(#670),#6999,.T.);
#7245=ADVANCED_FACE('',(#671),#7000,.T.);
#7246=ADVANCED_FACE('',(#672),#7001,.T.);
#7247=ADVANCED_FACE('',(#673),#641,.T.);
#7248=ADVANCED_FACE('',(#674),#642,.T.);
#7249=ADVANCED_FACE('',(#675),#7002,.T.);
#7250=ADVANCED_FACE('',(#676),#7003,.T.);
#7251=ADVANCED_FACE('',(#677),#7004,.T.);
#7252=ADVANCED_FACE('',(#678),#7005,.T.);
#7253=ADVANCED_FACE('',(#679),#7006,.T.);
#7254=ADVANCED_FACE('',(#680),#7007,.T.);
#7255=ADVANCED_FACE('',(#681),#7008,.T.);
#7256=ADVANCED_FACE('',(#682),#7009,.T.);
#7257=ADVANCED_FACE('',(#683),#7010,.T.);
#7258=ADVANCED_FACE('',(#684),#7011,.T.);
#7259=ADVANCED_FACE('',(#685),#7012,.T.);
#7260=ADVANCED_FACE('',(#686),#7013,.F.);
#7261=ADVANCED_FACE('',(#687),#643,.T.);
#7262=ADVANCED_FACE('',(#688),#7014,.T.);
#7263=ADVANCED_FACE('',(#689),#644,.T.);
#7264=ADVANCED_FACE('',(#690),#645,.T.);
#7265=ADVANCED_FACE('',(#691),#7015,.T.);
#7266=ADVANCED_FACE('',(#692),#646,.T.);
#7267=ADVANCED_FACE('',(#693),#7016,.T.);
#7268=ADVANCED_FACE('',(#694),#7017,.T.);
#7269=ADVANCED_FACE('',(#695),#7018,.T.);
#7270=ADVANCED_FACE('',(#696),#7019,.T.);
#7271=ADVANCED_FACE('',(#697),#647,.T.);
#7272=ADVANCED_FACE('',(#698),#7020,.T.);
#7273=ADVANCED_FACE('',(#699),#7021,.F.);
#7274=ADVANCED_FACE('',(#700),#7022,.T.);
#7275=ADVANCED_FACE('',(#701),#648,.T.);
#7276=ADVANCED_FACE('',(#702),#7023,.T.);
#7277=ADVANCED_FACE('',(#703),#649,.T.);
#7278=ADVANCED_FACE('',(#704),#650,.T.);
#7279=ADVANCED_FACE('',(#705),#7024,.T.);
#7280=ADVANCED_FACE('',(#706),#651,.T.);
#7281=ADVANCED_FACE('',(#707),#7025,.F.);
#7282=ADVANCED_FACE('',(#708,#454),#7026,.F.);
#7283=ADVANCED_FACE('',(#709),#7027,.T.);
#7284=ADVANCED_FACE('',(#710),#7028,.T.);
#7285=ADVANCED_FACE('',(#711),#7029,.T.);
#7286=ADVANCED_FACE('',(#712),#652,.T.);
#7287=ADVANCED_FACE('',(#713),#653,.T.);
#7288=ADVANCED_FACE('',(#714),#654,.T.);
#7289=ADVANCED_FACE('',(#715),#655,.T.);
#7290=ADVANCED_FACE('',(#716),#656,.T.);
#7291=ADVANCED_FACE('',(#717),#657,.T.);
#7292=ADVANCED_FACE('',(#718),#658,.T.);
#7293=ADVANCED_FACE('',(#719),#659,.T.);
#7294=ADVANCED_FACE('',(#720,#455),#7030,.T.);
#7295=ADVANCED_FACE('',(#721,#456),#7031,.T.);
#7296=ADVANCED_FACE('',(#722),#660,.T.);
#7297=ADVANCED_FACE('',(#723),#661,.T.);
#7298=ADVANCED_FACE('',(#724),#662,.T.);
#7299=ADVANCED_FACE('',(#725),#663,.T.);
#7300=ADVANCED_FACE('',(#726),#664,.T.);
#7301=ADVANCED_FACE('',(#727),#665,.T.);
#7302=ADVANCED_FACE('',(#728),#666,.T.);
#7303=ADVANCED_FACE('',(#729),#7032,.T.);
#7304=ADVANCED_FACE('',(#730),#667,.T.);
#7305=ADVANCED_FACE('',(#731,#457),#7033,.F.);
#7306=ADVANCED_FACE('',(#732),#7034,.T.);
#7307=ADVANCED_FACE('',(#733),#7035,.T.);
#7308=ADVANCED_FACE('',(#734),#7036,.T.);
#7309=ADVANCED_FACE('',(#735),#7037,.T.);
#7310=ADVANCED_FACE('',(#736),#7038,.T.);
#7311=ADVANCED_FACE('',(#737),#7039,.T.);
#7312=ADVANCED_FACE('',(#738),#7040,.T.);
#7313=ADVANCED_FACE('',(#739),#7041,.T.);
#7314=ADVANCED_FACE('',(#740),#7042,.T.);
#7315=ADVANCED_FACE('',(#741),#7043,.T.);
#7316=ADVANCED_FACE('',(#742),#7044,.T.);
#7317=ADVANCED_FACE('',(#743),#7045,.F.);
#7318=ADVANCED_FACE('',(#744),#416,.F.);
#7319=ADVANCED_FACE('',(#745),#155,.T.);
#7320=ADVANCED_FACE('',(#746),#417,.F.);
#7321=ADVANCED_FACE('',(#747),#418,.F.);
#7322=ADVANCED_FACE('',(#748),#419,.F.);
#7323=ADVANCED_FACE('',(#749),#420,.F.);
#7324=ADVANCED_FACE('',(#750),#421,.F.);
#7325=ADVANCED_FACE('',(#751),#422,.F.);
#7326=ADVANCED_FACE('',(#752),#156,.T.);
#7327=ADVANCED_FACE('',(#753),#423,.F.);
#7328=ADVANCED_FACE('',(#754),#424,.F.);
#7329=ADVANCED_FACE('',(#755),#52,.T.);
#7330=ADVANCED_FACE('',(#756),#53,.F.);
#7331=ADVANCED_FACE('',(#757),#425,.F.);
#7332=ADVANCED_FACE('',(#758),#426,.F.);
#7333=ADVANCED_FACE('',(#759),#427,.F.);
#7334=ADVANCED_FACE('',(#760),#428,.F.);
#7335=ADVANCED_FACE('',(#761),#429,.F.);
#7336=ADVANCED_FACE('',(#762),#430,.F.);
#7337=ADVANCED_FACE('',(#763),#157,.T.);
#7338=ADVANCED_FACE('',(#764),#431,.F.);
#7339=ADVANCED_FACE('',(#765),#158,.T.);
#7340=ADVANCED_FACE('',(#766),#54,.T.);
#7341=ADVANCED_FACE('',(#767),#7046,.T.);
#7342=ADVANCED_FACE('',(#768,#458,#459,#460),#7047,.T.);
#7343=ADVANCED_FACE('',(#769),#55,.F.);
#7344=ADVANCED_FACE('',(#770),#432,.F.);
#7345=ADVANCED_FACE('',(#771),#433,.F.);
#7346=ADVANCED_FACE('',(#772),#434,.F.);
#7347=ADVANCED_FACE('',(#773),#435,.F.);
#7348=ADVANCED_FACE('',(#774),#436,.F.);
#7349=ADVANCED_FACE('',(#775),#437,.F.);
#7350=ADVANCED_FACE('',(#776),#438,.F.);
#7351=ADVANCED_FACE('',(#777),#159,.T.);
#7352=ADVANCED_FACE('',(#778),#56,.T.);
#7353=ADVANCED_FACE('',(#779),#57,.T.);
#7354=ADVANCED_FACE('',(#780),#58,.F.);
#7355=ADVANCED_FACE('',(#781),#439,.F.);
#7356=ADVANCED_FACE('',(#782),#440,.F.);
#7357=ADVANCED_FACE('',(#783),#441,.F.);
#7358=ADVANCED_FACE('',(#784),#442,.F.);
#7359=ADVANCED_FACE('',(#785),#443,.F.);
#7360=ADVANCED_FACE('',(#786),#444,.F.);
#7361=ADVANCED_FACE('',(#787),#160,.T.);
#7362=ADVANCED_FACE('',(#788),#445,.F.);
#7363=ADVANCED_FACE('',(#789),#7048,.T.);
#7364=ADVANCED_FACE('',(#790),#59,.T.);
#7365=ADVANCED_FACE('',(#791),#60,.F.);
#7366=ADVANCED_FACE('',(#792,#461),#7049,.T.);
#7367=ADVANCED_FACE('',(#793,#462),#7050,.T.);
#7368=ADVANCED_FACE('',(#794,#463),#7051,.T.);
#7369=ADVANCED_FACE('',(#795,#464),#7052,.T.);
#7370=ADVANCED_FACE('',(#796),#61,.T.);
#7371=ADVANCED_FACE('',(#797),#446,.F.);
#7372=ADVANCED_FACE('',(#798),#447,.F.);
#7373=ADVANCED_FACE('',(#799),#448,.F.);
#7374=ADVANCED_FACE('',(#800),#449,.F.);
#7375=ADVANCED_FACE('',(#801),#161,.T.);
#7376=ADVANCED_FACE('',(#802),#450,.F.);
#7377=ADVANCED_FACE('',(#803),#451,.F.);
#7378=ADVANCED_FACE('',(#804),#62,.T.);
#7379=ADVANCED_FACE('',(#805),#63,.T.);
#7380=ADVANCED_FACE('',(#806),#64,.T.);
#7381=ADVANCED_FACE('',(#807),#7053,.F.);
#7382=ADVANCED_FACE('',(#808),#65,.T.);
#7383=ADVANCED_FACE('',(#809),#7054,.T.);
#7384=ADVANCED_FACE('',(#810),#7055,.T.);
#7385=ADVANCED_FACE('',(#811),#66,.T.);
#7386=ADVANCED_FACE('',(#812),#7056,.T.);
#7387=ADVANCED_FACE('',(#813),#67,.T.);
#7388=ADVANCED_FACE('',(#814),#162,.T.);
#7389=ADVANCED_FACE('',(#815,#465,#466),#7057,.T.);
#7390=ADVANCED_FACE('',(#816),#7058,.F.);
#7391=ADVANCED_FACE('',(#817),#7059,.F.);
#7392=ADVANCED_FACE('',(#818),#7060,.F.);
#7393=ADVANCED_FACE('',(#819),#7061,.F.);
#7394=ADVANCED_FACE('',(#820,#467),#7062,.F.);
#7395=ADVANCED_FACE('',(#821),#7063,.T.);
#7396=ADVANCED_FACE('',(#822),#7064,.T.);
#7397=ADVANCED_FACE('',(#823),#7065,.T.);
#7398=ADVANCED_FACE('',(#824),#7066,.T.);
#7399=ADVANCED_FACE('',(#825),#7067,.F.);
#7400=ADVANCED_FACE('',(#826),#7068,.F.);
#7401=ADVANCED_FACE('',(#827),#7069,.T.);
#7402=ADVANCED_FACE('',(#828,#468),#7070,.T.);
#7403=ADVANCED_FACE('',(#829),#7071,.F.);
#7404=ADVANCED_FACE('',(#830),#7072,.F.);
#7405=ADVANCED_FACE('',(#831,#469),#7073,.T.);
#7406=ADVANCED_FACE('',(#832),#7074,.F.);
#7407=ADVANCED_FACE('',(#833),#7075,.F.);
#7408=ADVANCED_FACE('',(#834),#7076,.T.);
#7409=ADVANCED_FACE('',(#835),#7077,.T.);
#7410=ADVANCED_FACE('',(#836),#7078,.T.);
#7411=ADVANCED_FACE('',(#837),#7079,.T.);
#7412=ADVANCED_FACE('',(#838),#7080,.T.);
#7413=ADVANCED_FACE('',(#839),#7081,.T.);
#7414=ADVANCED_FACE('',(#840),#7082,.F.);
#7415=ADVANCED_FACE('',(#841),#7083,.F.);
#7416=ADVANCED_FACE('',(#842),#7084,.F.);
#7417=ADVANCED_FACE('',(#843),#7085,.F.);
#7418=ADVANCED_FACE('',(#844),#68,.F.);
#7419=ADVANCED_FACE('',(#845),#69,.T.);
#7420=ADVANCED_FACE('',(#846,#470),#7086,.T.);
#7421=ADVANCED_FACE('',(#847),#70,.F.);
#7422=ADVANCED_FACE('',(#848),#71,.F.);
#7423=ADVANCED_FACE('',(#849),#72,.F.);
#7424=ADVANCED_FACE('',(#850,#471),#7087,.T.);
#7425=ADVANCED_FACE('',(#851),#7088,.T.);
#7426=ADVANCED_FACE('',(#852),#73,.F.);
#7427=ADVANCED_FACE('',(#853,#472),#7089,.T.);
#7428=ADVANCED_FACE('',(#854),#7090,.T.);
#7429=ADVANCED_FACE('',(#855),#74,.F.);
#7430=ADVANCED_FACE('',(#856,#473),#7091,.T.);
#7431=ADVANCED_FACE('',(#857),#75,.F.);
#7432=ADVANCED_FACE('',(#858),#7092,.T.);
#7433=ADVANCED_FACE('',(#859),#76,.F.);
#7434=ADVANCED_FACE('',(#860),#77,.T.);
#7435=ADVANCED_FACE('',(#861,#474),#7093,.T.);
#7436=ADVANCED_FACE('',(#862),#7094,.T.);
#7437=ADVANCED_FACE('',(#863),#78,.F.);
#7438=ADVANCED_FACE('',(#864,#475),#7095,.T.);
#7439=ADVANCED_FACE('',(#865),#7096,.T.);
#7440=ADVANCED_FACE('',(#866),#452,.T.);
#7441=ADVANCED_FACE('',(#867),#23,.F.);
#7442=ADVANCED_FACE('',(#868),#453,.F.);
#7443=ADVANCED_FACE('',(#869),#24,.F.);
#7444=ADVANCED_FACE('',(#870),#7097,.T.);
#7445=ADVANCED_FACE('',(#871),#25,.F.);
#7446=ADVANCED_FACE('',(#872),#7098,.T.);
#7447=ADVANCED_FACE('',(#873),#26,.F.);
#7448=ADVANCED_FACE('',(#874),#7099,.T.);
#7449=ADVANCED_FACE('',(#875),#27,.T.);
#7450=ADVANCED_FACE('',(#876),#7100,.T.);
#7451=ADVANCED_FACE('',(#877),#28,.F.);
#7452=ADVANCED_FACE('',(#878),#7101,.T.);
#7453=ADVANCED_FACE('',(#879),#29,.F.);
#7454=ADVANCED_FACE('',(#880),#7102,.T.);
#7455=ADVANCED_FACE('',(#881),#30,.T.);
#7456=ADVANCED_FACE('',(#882),#7103,.T.);
#7457=ADVANCED_FACE('',(#883),#31,.F.);
#7458=ADVANCED_FACE('',(#884),#7104,.T.);
#7459=ADVANCED_FACE('',(#885),#32,.T.);
#7460=ADVANCED_FACE('',(#886),#7105,.T.);
#7461=ADVANCED_FACE('',(#887),#33,.F.);
#7462=ADVANCED_FACE('',(#888),#7106,.T.);
#7463=ADVANCED_FACE('',(#889),#7107,.T.);
#7464=ADVANCED_FACE('',(#890),#34,.T.);
#7465=ADVANCED_FACE('',(#891),#7108,.T.);
#7466=ADVANCED_FACE('',(#892),#35,.F.);
#7467=ADVANCED_FACE('',(#893),#7109,.F.);
#7468=ADVANCED_FACE('',(#894),#79,.F.);
#7469=ADVANCED_FACE('',(#895),#7110,.F.);
#7470=ADVANCED_FACE('',(#896),#80,.T.);
#7471=ADVANCED_FACE('',(#897),#7111,.F.);
#7472=ADVANCED_FACE('',(#898),#81,.F.);
#7473=ADVANCED_FACE('',(#899),#7112,.F.);
#7474=ADVANCED_FACE('',(#900),#82,.F.);
#7475=ADVANCED_FACE('',(#901),#7113,.F.);
#7476=ADVANCED_FACE('',(#902),#83,.T.);
#7477=ADVANCED_FACE('',(#903),#7114,.F.);
#7478=ADVANCED_FACE('',(#904),#84,.F.);
#7479=ADVANCED_FACE('',(#905),#7115,.F.);
#7480=ADVANCED_FACE('',(#906),#85,.F.);
#7481=ADVANCED_FACE('',(#907),#7116,.F.);
#7482=ADVANCED_FACE('',(#908),#86,.T.);
#7483=ADVANCED_FACE('',(#909),#7117,.F.);
#7484=ADVANCED_FACE('',(#910),#87,.F.);
#7485=ADVANCED_FACE('',(#911),#7118,.F.);
#7486=ADVANCED_FACE('',(#912),#88,.F.);
#7487=ADVANCED_FACE('',(#913),#7119,.F.);
#7488=ADVANCED_FACE('',(#914),#89,.T.);
#7489=ADVANCED_FACE('',(#915),#7120,.F.);
#7490=ADVANCED_FACE('',(#916),#90,.F.);
#7491=ADVANCED_FACE('',(#917),#91,.F.);
#7492=ADVANCED_FACE('',(#918),#7121,.T.);
#7493=ADVANCED_FACE('',(#919),#7122,.F.);
#7494=ADVANCED_FACE('',(#920),#7123,.F.);
#7495=ADVANCED_FACE('',(#921),#7124,.T.);
#7496=ADVANCED_FACE('',(#922,#476),#7125,.T.);
#7497=ADVANCED_FACE('',(#923),#7126,.F.);
#7498=ADVANCED_FACE('',(#924),#92,.T.);
#7499=ADVANCED_FACE('',(#925),#7127,.F.);
#7500=ADVANCED_FACE('',(#926),#93,.F.);
#7501=ADVANCED_FACE('',(#927),#94,.T.);
#7502=ADVANCED_FACE('',(#928),#7128,.F.);
#7503=ADVANCED_FACE('',(#929),#95,.F.);
#7504=ADVANCED_FACE('',(#930),#7129,.F.);
#7505=ADVANCED_FACE('',(#931),#96,.T.);
#7506=ADVANCED_FACE('',(#932),#7130,.F.);
#7507=ADVANCED_FACE('',(#933),#97,.T.);
#7508=ADVANCED_FACE('',(#934),#7131,.F.);
#7509=ADVANCED_FACE('',(#935),#98,.F.);
#7510=ADVANCED_FACE('',(#936),#7132,.F.);
#7511=ADVANCED_FACE('',(#937),#99,.T.);
#7512=ADVANCED_FACE('',(#938),#7133,.F.);
#7513=ADVANCED_FACE('',(#939),#7134,.F.);
#7514=ADVANCED_FACE('',(#940),#100,.T.);
#7515=ADVANCED_FACE('',(#941),#7135,.F.);
#7516=ADVANCED_FACE('',(#942),#101,.F.);
#7517=ADVANCED_FACE('',(#943),#7136,.F.);
#7518=ADVANCED_FACE('',(#944),#102,.T.);
#7519=ADVANCED_FACE('',(#945),#7137,.F.);
#7520=ADVANCED_FACE('',(#946),#103,.T.);
#7521=ADVANCED_FACE('',(#947),#7138,.F.);
#7522=ADVANCED_FACE('',(#948),#104,.F.);
#7523=ADVANCED_FACE('',(#949),#7139,.F.);
#7524=ADVANCED_FACE('',(#950),#105,.T.);
#7525=ADVANCED_FACE('',(#951,#477),#7140,.F.);
#7526=ADVANCED_FACE('',(#952),#7141,.F.);
#7527=ADVANCED_FACE('',(#953),#106,.F.);
#7528=ADVANCED_FACE('',(#954),#107,.T.);
#7529=ADVANCED_FACE('',(#955),#108,.F.);
#7530=ADVANCED_FACE('',(#956),#7142,.F.);
#7531=ADVANCED_FACE('',(#957),#109,.F.);
#7532=ADVANCED_FACE('',(#958),#110,.T.);
#7533=ADVANCED_FACE('',(#959),#111,.F.);
#7534=ADVANCED_FACE('',(#960),#7143,.F.);
#7535=ADVANCED_FACE('',(#961),#112,.F.);
#7536=ADVANCED_FACE('',(#962),#113,.T.);
#7537=ADVANCED_FACE('',(#963),#114,.F.);
#7538=ADVANCED_FACE('',(#964),#7144,.F.);
#7539=ADVANCED_FACE('',(#965),#115,.F.);
#7540=ADVANCED_FACE('',(#966),#116,.T.);
#7541=ADVANCED_FACE('',(#967),#117,.F.);
#7542=ADVANCED_FACE('',(#968,#478),#7145,.F.);
#7543=ADVANCED_FACE('',(#969),#7146,.T.);
#7544=ADVANCED_FACE('',(#970),#7147,.T.);
#7545=ADVANCED_FACE('',(#971),#7148,.T.);
#7546=ADVANCED_FACE('',(#972),#118,.T.);
#7547=ADVANCED_FACE('',(#973),#7149,.T.);
#7548=ADVANCED_FACE('',(#974),#7150,.T.);
#7549=ADVANCED_FACE('',(#975,#479),#7151,.F.);
#7550=ADVANCED_FACE('',(#976),#7152,.T.);
#7551=ADVANCED_FACE('',(#977),#7153,.T.);
#7552=ADVANCED_FACE('',(#978),#7154,.T.);
#7553=ADVANCED_FACE('',(#979),#7155,.F.);
#7554=ADVANCED_FACE('',(#980),#7156,.T.);
#7555=ADVANCED_FACE('',(#981),#119,.T.);
#7556=ADVANCED_FACE('',(#982),#7157,.T.);
#7557=ADVANCED_FACE('',(#983),#7158,.F.);
#7558=ADVANCED_FACE('',(#984),#7159,.T.);
#7559=ADVANCED_FACE('',(#985),#7160,.T.);
#7560=ADVANCED_FACE('',(#986),#120,.T.);
#7561=ADVANCED_FACE('',(#987),#7161,.T.);
#7562=ADVANCED_FACE('',(#988,#480),#7162,.F.);
#7563=ADVANCED_FACE('',(#989),#7163,.F.);
#7564=ADVANCED_FACE('',(#990),#7164,.F.);
#7565=ADVANCED_FACE('',(#991),#7165,.T.);
#7566=ADVANCED_FACE('',(#992),#7166,.T.);
#7567=ADVANCED_FACE('',(#993),#121,.T.);
#7568=ADVANCED_FACE('',(#994),#7167,.T.);
#7569=ADVANCED_FACE('',(#995),#7168,.T.);
#7570=ADVANCED_FACE('',(#996),#7169,.T.);
#7571=ADVANCED_FACE('',(#997),#7170,.T.);
#7572=ADVANCED_FACE('',(#998),#7171,.T.);
#7573=ADVANCED_FACE('',(#999),#36,.F.);
#7574=ADVANCED_FACE('',(#1000),#37,.T.);
#7575=ADVANCED_FACE('',(#1001),#7172,.T.);
#7576=ADVANCED_FACE('',(#1002),#7173,.T.);
#7577=ADVANCED_FACE('',(#1003),#7174,.T.);
#7578=ADVANCED_FACE('',(#1004),#7175,.T.);
#7579=ADVANCED_FACE('',(#1005),#7176,.T.);
#7580=ADVANCED_FACE('',(#1006),#7177,.T.);
#7581=ADVANCED_FACE('',(#1007),#38,.F.);
#7582=ADVANCED_FACE('',(#1008),#39,.T.);
#7583=ADVANCED_FACE('',(#1009),#7178,.T.);
#7584=ADVANCED_FACE('',(#1010),#7179,.T.);
#7585=ADVANCED_FACE('',(#1011),#7180,.T.);
#7586=ADVANCED_FACE('',(#1012),#7181,.T.);
#7587=ADVANCED_FACE('',(#1013),#7182,.F.);
#7588=ADVANCED_FACE('',(#1014),#7183,.F.);
#7589=ADVANCED_FACE('',(#1015),#7184,.T.);
#7590=ADVANCED_FACE('',(#1016),#7185,.F.);
#7591=ADVANCED_FACE('',(#1017),#7186,.F.);
#7592=ADVANCED_FACE('',(#1018),#7187,.F.);
#7593=ADVANCED_FACE('',(#1019),#7188,.F.);
#7594=ADVANCED_FACE('',(#1020),#7189,.F.);
#7595=ADVANCED_FACE('',(#1021),#7190,.F.);
#7596=ADVANCED_FACE('',(#1022),#40,.F.);
#7597=ADVANCED_FACE('',(#1023),#41,.T.);
#7598=ADVANCED_FACE('',(#1024),#7191,.F.);
#7599=ADVANCED_FACE('',(#1025),#7192,.F.);
#7600=ADVANCED_FACE('',(#1026),#7193,.F.);
#7601=ADVANCED_FACE('',(#1027),#7194,.F.);
#7602=ADVANCED_FACE('',(#1028),#42,.F.);
#7603=ADVANCED_FACE('',(#1029),#43,.T.);
#7604=ADVANCED_FACE('',(#1030),#7195,.F.);
#7605=ADVANCED_FACE('',(#1031),#7196,.F.);
#7606=ADVANCED_FACE('',(#1032),#7197,.F.);
#7607=ADVANCED_FACE('',(#1033),#7198,.F.);
#7608=ADVANCED_FACE('',(#1034),#7199,.F.);
#7609=ADVANCED_FACE('',(#1035),#7200,.F.);
#7610=ADVANCED_FACE('',(#1036),#7201,.T.);
#7611=ADVANCED_FACE('',(#1037),#7202,.F.);
#7612=ADVANCED_FACE('',(#1038),#7203,.F.);
#7613=ADVANCED_FACE('',(#1039),#7204,.F.);
#7614=ADVANCED_FACE('',(#1040),#44,.F.);
#7615=ADVANCED_FACE('',(#1041),#45,.F.);
#7616=ADVANCED_FACE('',(#1042),#122,.F.);
#7617=ADVANCED_FACE('',(#1043),#7205,.F.);
#7618=ADVANCED_FACE('',(#1044),#7206,.F.);
#7619=ADVANCED_FACE('',(#1045),#46,.F.);
#7620=ADVANCED_FACE('',(#1046),#47,.F.);
#7621=ADVANCED_FACE('',(#1047),#123,.F.);
#7622=ADVANCED_FACE('',(#1048),#7207,.F.);
#7623=ADVANCED_FACE('',(#1049),#7208,.F.);
#7624=ADVANCED_FACE('',(#1050),#7209,.F.);
#7625=ADVANCED_FACE('',(#1051),#7210,.T.);
#7626=ADVANCED_FACE('',(#1052),#7211,.T.);
#7627=ADVANCED_FACE('',(#1053),#124,.F.);
#7628=ADVANCED_FACE('',(#1054),#125,.F.);
#7629=ADVANCED_FACE('',(#1055),#7212,.T.);
#7630=ADVANCED_FACE('',(#1056),#7213,.T.);
#7631=ADVANCED_FACE('',(#1057),#126,.F.);
#7632=ADVANCED_FACE('',(#1058),#127,.F.);
#7633=ADVANCED_FACE('',(#1059),#7214,.T.);
#7634=ADVANCED_FACE('',(#1060),#7215,.T.);
#7635=ADVANCED_FACE('',(#1061),#7216,.F.);
#7636=ADVANCED_FACE('',(#1062),#7217,.F.);
#7637=ADVANCED_FACE('',(#1063),#7218,.F.);
#7638=ADVANCED_FACE('',(#1064),#48,.F.);
#7639=ADVANCED_FACE('',(#1065),#49,.F.);
#7640=ADVANCED_FACE('',(#1066),#128,.F.);
#7641=ADVANCED_FACE('',(#1067),#7219,.F.);
#7642=ADVANCED_FACE('',(#1068),#50,.F.);
#7643=ADVANCED_FACE('',(#1069),#51,.F.);
#7644=ADVANCED_FACE('',(#1070),#129,.F.);
#7645=ADVANCED_FACE('',(#1071),#7220,.F.);
#7646=ADVANCED_FACE('',(#1072),#7221,.F.);
#7647=ADVANCED_FACE('',(#1073),#7222,.F.);
#7648=ADVANCED_FACE('',(#1074),#7223,.T.);
#7649=ADVANCED_FACE('',(#1075),#7224,.T.);
#7650=ADVANCED_FACE('',(#1076),#130,.F.);
#7651=ADVANCED_FACE('',(#1077),#131,.F.);
#7652=ADVANCED_FACE('',(#1078),#7225,.T.);
#7653=ADVANCED_FACE('',(#1079),#7226,.T.);
#7654=ADVANCED_FACE('',(#1080),#132,.F.);
#7655=ADVANCED_FACE('',(#1081),#133,.F.);
#7656=ADVANCED_FACE('',(#1082),#7227,.T.);
#7657=ADVANCED_FACE('',(#1083),#7228,.T.);
#7658=ADVANCED_FACE('',(#1084,#481,#482),#7229,.T.);
#7659=ADVANCED_FACE('',(#1085),#7230,.T.);
#7660=ADVANCED_FACE('',(#1086),#134,.T.);
#7661=ADVANCED_FACE('',(#1087),#7231,.T.);
#7662=ADVANCED_FACE('',(#1088),#135,.F.);
#7663=ADVANCED_FACE('',(#1089),#7232,.T.);
#7664=ADVANCED_FACE('',(#1090),#7233,.T.);
#7665=ADVANCED_FACE('',(#1091),#136,.F.);
#7666=ADVANCED_FACE('',(#1092),#7234,.T.);
#7667=ADVANCED_FACE('',(#1093),#137,.T.);
#7668=ADVANCED_FACE('',(#1094),#7235,.T.);
#7669=ADVANCED_FACE('',(#1095),#7236,.T.);
#7670=ADVANCED_FACE('',(#1096),#7237,.T.);
#7671=ADVANCED_FACE('',(#1097),#138,.F.);
#7672=ADVANCED_FACE('',(#1098),#7238,.T.);
#7673=ADVANCED_FACE('',(#1099),#139,.T.);
#7674=ADVANCED_FACE('',(#1100),#140,.F.);
#7675=ADVANCED_FACE('',(#1101),#7239,.T.);
#7676=ADVANCED_FACE('',(#1102),#141,.T.);
#7677=ADVANCED_FACE('',(#1103),#7240,.T.);
#7678=ADVANCED_FACE('',(#1104),#142,.F.);
#7679=ADVANCED_FACE('',(#1105),#7241,.F.);
#7680=CLOSED_SHELL('',(#7242,#7243,#7244,#7245,#7246,#7247,#7248,#7249));
#7681=CLOSED_SHELL('',(#7250,#7251,#7252,#7253,#7254));
#7682=CLOSED_SHELL('',(#7255,#7256,#7257,#7258,#7259));
#7683=CLOSED_SHELL('',(#7260,#7261,#7262,#7263,#7264,#7265,#7266,#7267));
#7684=CLOSED_SHELL('',(#7268,#7269,#7270,#7271,#7272,#7273));
#7685=CLOSED_SHELL('',(#7274,#7275,#7276,#7277,#7278,#7279,#7280,#7281));
#7686=CLOSED_SHELL('',(#7282,#7283,#7284,#7285,#7286,#7287,#7288,#7289,
#7290,#7291,#7292,#7293,#7294));
#7687=CLOSED_SHELL('',(#7295,#7296,#7297,#7298,#7299,#7300,#7301,#7302,
#7303,#7304,#7305));
#7688=CLOSED_SHELL('',(#7306,#7307,#7308,#7309,#7310,#7311));
#7689=CLOSED_SHELL('',(#7312,#7313,#7314,#7315,#7316,#7317));
#7690=CLOSED_SHELL('',(#7318,#7319,#7320,#7321,#7322,#7323,#7324,#7325,
#7326,#7327,#7328,#7329,#7330,#7331,#7332,#7333,#7334,#7335,#7336,#7337,
#7338,#7339,#7340,#7341,#7342,#7343,#7344,#7345,#7346,#7347,#7348,#7349,
#7350,#7351,#7352,#7353,#7354,#7355,#7356,#7357,#7358,#7359,#7360,#7361,
#7362,#7363,#7364,#7365,#7366,#7367,#7368,#7369,#7370,#7371,#7372,#7373,
#7374,#7375,#7376,#7377,#7378,#7379,#7380,#7381,#7382,#7383,#7384,#7385,
#7386,#7387,#7388,#7389,#7390,#7391,#7392,#7393,#7394,#7395,#7396,#7397,
#7398,#7399,#7400,#7401,#7402,#7403,#7404,#7405,#7406,#7407,#7408,#7409,
#7410,#7411,#7412,#7413,#7414,#7415,#7416,#7417,#7418,#7419,#7420,#7421,
#7422,#7423,#7424,#7425,#7426,#7427,#7428,#7429,#7430,#7431,#7432,#7433,
#7434,#7435,#7436,#7437,#7438,#7439,#7440,#7441,#7442,#7443,#7444,#7445,
#7446,#7447,#7448,#7449,#7450,#7451,#7452,#7453,#7454,#7455,#7456,#7457,
#7458,#7459,#7460,#7461,#7462,#7463,#7464,#7465,#7466,#7467,#7468,#7469,
#7470,#7471,#7472,#7473,#7474,#7475,#7476,#7477,#7478,#7479,#7480,#7481,
#7482,#7483,#7484,#7485,#7486,#7487,#7488,#7489,#7490,#7491,#7492,#7493,
#7494,#7495,#7496,#7497,#7498,#7499,#7500,#7501,#7502,#7503,#7504,#7505,
#7506,#7507,#7508,#7509,#7510,#7511,#7512,#7513,#7514,#7515,#7516,#7517,
#7518,#7519,#7520,#7521,#7522,#7523,#7524,#7525,#7526,#7527,#7528,#7529,
#7530,#7531,#7532,#7533,#7534,#7535,#7536,#7537,#7538,#7539,#7540,#7541,
#7542,#7543,#7544,#7545,#7546,#7547,#7548,#7549,#7550,#7551,#7552,#7553,
#7554,#7555,#7556,#7557,#7558,#7559,#7560,#7561,#7562,#7563,#7564,#7565,
#7566,#7567,#7568,#7569,#7570,#7571,#7572,#7573,#7574,#7575,#7576,#7577,
#7578,#7579,#7580,#7581,#7582,#7583,#7584,#7585,#7586,#7587,#7588,#7589,
#7590,#7591,#7592,#7593,#7594,#7595,#7596,#7597,#7598,#7599,#7600,#7601,
#7602,#7603,#7604,#7605,#7606,#7607,#7608,#7609,#7610,#7611,#7612,#7613,
#7614,#7615,#7616,#7617,#7618,#7619,#7620,#7621,#7622,#7623,#7624,#7625,
#7626,#7627,#7628,#7629,#7630,#7631,#7632,#7633,#7634,#7635,#7636,#7637,
#7638,#7639,#7640,#7641,#7642,#7643,#7644,#7645,#7646,#7647,#7648,#7649,
#7650,#7651,#7652,#7653,#7654,#7655,#7656,#7657,#7658,#7659,#7660,#7661,
#7662,#7663,#7664,#7665,#7666,#7667,#7668,#7669,#7670,#7671,#7672,#7673,
#7674,#7675,#7676,#7677,#7678,#7679));
#7691=DERIVED_UNIT_ELEMENT(#7697,1.);
#7692=DERIVED_UNIT_ELEMENT(#15128,-3.);
#7693=DERIVED_UNIT_ELEMENT(#7697,1.);
#7694=DERIVED_UNIT_ELEMENT(#15128,-3.);
#7695=DERIVED_UNIT_ELEMENT(#7697,1.);
#7696=DERIVED_UNIT_ELEMENT(#15128,-3.);
#7697=(
MASS_UNIT()
NAMED_UNIT(*)
SI_UNIT(.KILO.,.GRAM.)
);
#7698=DERIVED_UNIT((#7691,#7692));
#7699=DERIVED_UNIT((#7693,#7694));
#7700=DERIVED_UNIT((#7695,#7696));
#7701=MEASURE_REPRESENTATION_ITEM('density measure',
POSITIVE_RATIO_MEASURE(7850.),#7698);
#7702=MEASURE_REPRESENTATION_ITEM('density measure',
POSITIVE_RATIO_MEASURE(7850.),#7699);
#7703=MEASURE_REPRESENTATION_ITEM('density measure',
POSITIVE_RATIO_MEASURE(7850.),#7700);
#7704=PROPERTY_DEFINITION_REPRESENTATION(#7719,#7710);
#7705=PROPERTY_DEFINITION_REPRESENTATION(#7720,#7711);
#7706=PROPERTY_DEFINITION_REPRESENTATION(#7721,#7712);
#7707=PROPERTY_DEFINITION_REPRESENTATION(#7722,#7713);
#7708=PROPERTY_DEFINITION_REPRESENTATION(#7723,#7714);
#7709=PROPERTY_DEFINITION_REPRESENTATION(#7724,#7715);
#7710=REPRESENTATION('material name',(#7716),#15123);
#7711=REPRESENTATION('density',(#7701),#15123);
#7712=REPRESENTATION('material name',(#7717),#15124);
#7713=REPRESENTATION('density',(#7702),#15124);
#7714=REPRESENTATION('material name',(#7718),#15125);
#7715=REPRESENTATION('density',(#7703),#15125);
#7716=DESCRIPTIVE_REPRESENTATION_ITEM('Steel','Steel');
#7717=DESCRIPTIVE_REPRESENTATION_ITEM('Steel','Steel');
#7718=DESCRIPTIVE_REPRESENTATION_ITEM('Steel','Steel');
#7719=PROPERTY_DEFINITION('material property','material name',#15148);
#7720=PROPERTY_DEFINITION('material property','density of part',#15148);
#7721=PROPERTY_DEFINITION('material property','material name',#15149);
#7722=PROPERTY_DEFINITION('material property','density of part',#15149);
#7723=PROPERTY_DEFINITION('material property','material name',#15150);
#7724=PROPERTY_DEFINITION('material property','density of part',#15150);
#7725=AXIS2_PLACEMENT_3D('',#10344,#8369,#8370);
#7726=AXIS2_PLACEMENT_3D('',#10345,#8371,#8372);
#7727=AXIS2_PLACEMENT_3D('',#10346,#8373,#8374);
#7728=AXIS2_PLACEMENT_3D('',#10384,#8380,#8381);
#7729=AXIS2_PLACEMENT_3D('',#10388,#8384,#8385);
#7730=AXIS2_PLACEMENT_3D('',#10392,#8388,#8389);
#7731=AXIS2_PLACEMENT_3D('',#10422,#8393,#8394);
#7732=AXIS2_PLACEMENT_3D('',#10423,#8395,#8396);
#7733=AXIS2_PLACEMENT_3D('',#10430,#8400,#8401);
#7734=AXIS2_PLACEMENT_3D('',#10436,#8405,#8406);
#7735=AXIS2_PLACEMENT_3D('',#10440,#8409,#8410);
#7736=AXIS2_PLACEMENT_3D('',#10442,#8412,#8413);
#7737=AXIS2_PLACEMENT_3D('',#10443,#8414,#8415);
#7738=AXIS2_PLACEMENT_3D('',#10450,#8419,#8420);
#7739=AXIS2_PLACEMENT_3D('',#10456,#8424,#8425);
#7740=AXIS2_PLACEMENT_3D('',#10460,#8428,#8429);
#7741=AXIS2_PLACEMENT_3D('',#10462,#8431,#8432);
#7742=AXIS2_PLACEMENT_3D('',#10463,#8433,#8434);
#7743=AXIS2_PLACEMENT_3D('',#10504,#8439,#8440);
#7744=AXIS2_PLACEMENT_3D('',#10536,#8445,#8446);
#7745=AXIS2_PLACEMENT_3D('',#10552,#8449,#8450);
#7746=AXIS2_PLACEMENT_3D('',#10553,#8451,#8452);
#7747=AXIS2_PLACEMENT_3D('',#10565,#8456,#8457);
#7748=AXIS2_PLACEMENT_3D('',#10571,#8461,#8462);
#7749=AXIS2_PLACEMENT_3D('',#10589,#8466,#8467);
#7750=AXIS2_PLACEMENT_3D('',#10591,#8469,#8470);
#7751=AXIS2_PLACEMENT_3D('',#10592,#8471,#8472);
#7752=AXIS2_PLACEMENT_3D('',#10633,#8477,#8478);
#7753=AXIS2_PLACEMENT_3D('',#10665,#8483,#8484);
#7754=AXIS2_PLACEMENT_3D('',#10681,#8487,#8488);
#7755=AXIS2_PLACEMENT_3D('',#10682,#8489,#8490);
#7756=AXIS2_PLACEMENT_3D('',#10683,#8491,#8492);
#7757=AXIS2_PLACEMENT_3D('',#10730,#8496,#8497);
#7758=AXIS2_PLACEMENT_3D('',#10736,#8501,#8502);
#7759=AXIS2_PLACEMENT_3D('',#10740,#8505,#8506);
#7760=AXIS2_PLACEMENT_3D('',#10854,#8516,#8517);
#7761=AXIS2_PLACEMENT_3D('',#10855,#8518,#8519);
#7762=AXIS2_PLACEMENT_3D('',#10998,#8529,#8530);
#7763=AXIS2_PLACEMENT_3D('',#11014,#8533,#8534);
#7764=AXIS2_PLACEMENT_3D('',#11015,#8535,#8536);
#7765=AXIS2_PLACEMENT_3D('',#11024,#8541,#8542);
#7766=AXIS2_PLACEMENT_3D('',#11030,#8546,#8547);
#7767=AXIS2_PLACEMENT_3D('',#11034,#8550,#8551);
#7768=AXIS2_PLACEMENT_3D('',#11038,#8554,#8555);
#7769=AXIS2_PLACEMENT_3D('',#11040,#8557,#8558);
#7770=AXIS2_PLACEMENT_3D('',#11041,#8559,#8560);
#7771=AXIS2_PLACEMENT_3D('',#11042,#8561,#8562);
#7772=AXIS2_PLACEMENT_3D('',#11051,#8567,#8568);
#7773=AXIS2_PLACEMENT_3D('',#11057,#8572,#8573);
#7774=AXIS2_PLACEMENT_3D('',#11063,#8577,#8578);
#7775=AXIS2_PLACEMENT_3D('',#11066,#8581,#8582);
#7776=AXIS2_PLACEMENT_3D('',#11067,#8583,#8584);
#7777=AXIS2_PLACEMENT_3D('',#11099,#8585,#8586);
#7778=AXIS2_PLACEMENT_3D('',#11145,#8587,#8588);
#7779=AXIS2_PLACEMENT_3D('',#11147,#8589,#8590);
#7780=AXIS2_PLACEMENT_3D('',#11149,#8591,#8592);
#7781=AXIS2_PLACEMENT_3D('',#11202,#8593,#8594);
#7782=AXIS2_PLACEMENT_3D('',#11204,#8595,#8596);
#7783=AXIS2_PLACEMENT_3D('',#11205,#8597,#8598);
#7784=AXIS2_PLACEMENT_3D('',#11299,#8599,#8600);
#7785=AXIS2_PLACEMENT_3D('',#11382,#8601,#8602);
#7786=AXIS2_PLACEMENT_3D('',#11434,#8603,#8604);
#7787=AXIS2_PLACEMENT_3D('',#11496,#8605,#8606);
#7788=AXIS2_PLACEMENT_3D('',#11539,#8607,#8608);
#7789=AXIS2_PLACEMENT_3D('',#11541,#8609,#8610);
#7790=AXIS2_PLACEMENT_3D('',#11543,#8611,#8612);
#7791=AXIS2_PLACEMENT_3D('',#11545,#8613,#8614);
#7792=AXIS2_PLACEMENT_3D('',#11546,#8615,#8616);
#7793=AXIS2_PLACEMENT_3D('',#11568,#8617,#8618);
#7794=AXIS2_PLACEMENT_3D('',#11607,#8619,#8620);
#7795=AXIS2_PLACEMENT_3D('',#11623,#8621,#8622);
#7796=AXIS2_PLACEMENT_3D('',#11624,#8623,#8624);
#7797=AXIS2_PLACEMENT_3D('',#11625,#8625,#8626);
#7798=AXIS2_PLACEMENT_3D('',#11628,#8628,#8629);
#7799=AXIS2_PLACEMENT_3D('',#11656,#8630,#8631);
#7800=AXIS2_PLACEMENT_3D('',#11744,#8632,#8633);
#7801=AXIS2_PLACEMENT_3D('',#11803,#8634,#8635);
#7802=AXIS2_PLACEMENT_3D('',#11867,#8636,#8637);
#7803=AXIS2_PLACEMENT_3D('',#11968,#8638,#8639);
#7804=AXIS2_PLACEMENT_3D('',#12014,#8640,#8641);
#7805=AXIS2_PLACEMENT_3D('',#12016,#8642,#8643);
#7806=AXIS2_PLACEMENT_3D('',#12039,#8644,#8645);
#7807=AXIS2_PLACEMENT_3D('',#12041,#8646,#8647);
#7808=AXIS2_PLACEMENT_3D('',#12043,#8648,#8649);
#7809=AXIS2_PLACEMENT_3D('',#12045,#8650,#8651);
#7810=AXIS2_PLACEMENT_3D('',#12047,#8652,#8653);
#7811=AXIS2_PLACEMENT_3D('',#12101,#8654,#8655);
#7812=AXIS2_PLACEMENT_3D('',#12103,#8656,#8657);
#7813=AXIS2_PLACEMENT_3D('',#12105,#8658,#8659);
#7814=AXIS2_PLACEMENT_3D('',#12107,#8660,#8661);
#7815=AXIS2_PLACEMENT_3D('',#12108,#8662,#8663);
#7816=AXIS2_PLACEMENT_3D('',#12109,#8664,#8665);
#7817=AXIS2_PLACEMENT_3D('',#12127,#8667,#8668);
#7818=AXIS2_PLACEMENT_3D('',#12129,#8670,#8671);
#7819=AXIS2_PLACEMENT_3D('',#12141,#8673,#8674);
#7820=AXIS2_PLACEMENT_3D('',#12142,#8675,#8676);
#7821=AXIS2_PLACEMENT_3D('',#12146,#8678,#8679);
#7822=AXIS2_PLACEMENT_3D('',#12149,#8681,#8682);
#7823=AXIS2_PLACEMENT_3D('',#12153,#8684,#8685);
#7824=AXIS2_PLACEMENT_3D('',#12157,#8687,#8688);
#7825=AXIS2_PLACEMENT_3D('',#12161,#8690,#8691);
#7826=AXIS2_PLACEMENT_3D('',#12165,#8693,#8694);
#7827=AXIS2_PLACEMENT_3D('',#12169,#8696,#8697);
#7828=AXIS2_PLACEMENT_3D('',#12173,#8699,#8700);
#7829=AXIS2_PLACEMENT_3D('',#12177,#8702,#8703);
#7830=AXIS2_PLACEMENT_3D('',#12181,#8705,#8706);
#7831=AXIS2_PLACEMENT_3D('',#12185,#8708,#8709);
#7832=AXIS2_PLACEMENT_3D('',#12189,#8711,#8712);
#7833=AXIS2_PLACEMENT_3D('',#12193,#8714,#8715);
#7834=AXIS2_PLACEMENT_3D('',#12197,#8717,#8718);
#7835=AXIS2_PLACEMENT_3D('',#12208,#8720,#8721);
#7836=AXIS2_PLACEMENT_3D('',#12217,#8726,#8727);
#7837=AXIS2_PLACEMENT_3D('',#12220,#8729,#8730);
#7838=AXIS2_PLACEMENT_3D('',#12251,#8731,#8732);
#7839=AXIS2_PLACEMENT_3D('',#12319,#8733,#8734);
#7840=AXIS2_PLACEMENT_3D('',#12320,#8735,#8736);
#7841=AXIS2_PLACEMENT_3D('',#12435,#8737,#8738);
#7842=AXIS2_PLACEMENT_3D('',#12500,#8739,#8740);
#7843=AXIS2_PLACEMENT_3D('',#12559,#8741,#8742);
#7844=AXIS2_PLACEMENT_3D('',#12623,#8743,#8744);
#7845=AXIS2_PLACEMENT_3D('',#12666,#8745,#8746);
#7846=AXIS2_PLACEMENT_3D('',#12668,#8747,#8748);
#7847=AXIS2_PLACEMENT_3D('',#12669,#8749,#8750);
#7848=AXIS2_PLACEMENT_3D('',#12670,#8751,#8752);
#7849=AXIS2_PLACEMENT_3D('',#12672,#8753,#8754);
#7850=AXIS2_PLACEMENT_3D('',#12673,#8755,#8756);
#7851=AXIS2_PLACEMENT_3D('',#12674,#8757,#8758);
#7852=AXIS2_PLACEMENT_3D('',#12681,#8759,#8760);
#7853=AXIS2_PLACEMENT_3D('',#12701,#8762,#8763);
#7854=AXIS2_PLACEMENT_3D('',#12704,#8765,#8766);
#7855=AXIS2_PLACEMENT_3D('',#12732,#8767,#8768);
#7856=AXIS2_PLACEMENT_3D('',#12813,#8769,#8770);
#7857=AXIS2_PLACEMENT_3D('',#12870,#8771,#8772);
#7858=AXIS2_PLACEMENT_3D('',#12934,#8773,#8774);
#7859=AXIS2_PLACEMENT_3D('',#13042,#8775,#8776);
#7860=AXIS2_PLACEMENT_3D('',#13095,#8777,#8778);
#7861=AXIS2_PLACEMENT_3D('',#13097,#8779,#8780);
#7862=AXIS2_PLACEMENT_3D('',#13120,#8781,#8782);
#7863=AXIS2_PLACEMENT_3D('',#13122,#8783,#8784);
#7864=AXIS2_PLACEMENT_3D('',#13123,#8785,#8786);
#7865=AXIS2_PLACEMENT_3D('',#13176,#8787,#8788);
#7866=AXIS2_PLACEMENT_3D('',#13178,#8790,#8791);
#7867=AXIS2_PLACEMENT_3D('',#13179,#8792,#8793);
#7868=AXIS2_PLACEMENT_3D('',#13180,#8794,#8795);
#7869=AXIS2_PLACEMENT_3D('',#13183,#8797,#8798);
#7870=AXIS2_PLACEMENT_3D('',#13184,#8799,#8800);
#7871=AXIS2_PLACEMENT_3D('',#13186,#8801,#8802);
#7872=AXIS2_PLACEMENT_3D('',#13187,#8803,#8804);
#7873=AXIS2_PLACEMENT_3D('',#13189,#8805,#8806);
#7874=AXIS2_PLACEMENT_3D('',#13190,#8807,#8808);
#7875=AXIS2_PLACEMENT_3D('',#13192,#8809,#8810);
#7876=AXIS2_PLACEMENT_3D('',#13193,#8811,#8812);
#7877=AXIS2_PLACEMENT_3D('',#13195,#8813,#8814);
#7878=AXIS2_PLACEMENT_3D('',#13196,#8815,#8816);
#7879=AXIS2_PLACEMENT_3D('',#13198,#8817,#8818);
#7880=AXIS2_PLACEMENT_3D('',#13199,#8819,#8820);
#7881=AXIS2_PLACEMENT_3D('',#13237,#8821,#8822);
#7882=AXIS2_PLACEMENT_3D('',#13315,#8823,#8824);
#7883=AXIS2_PLACEMENT_3D('',#13343,#8825,#8826);
#7884=AXIS2_PLACEMENT_3D('',#13349,#8827,#8828);
#7885=AXIS2_PLACEMENT_3D('',#13351,#8829,#8830);
#7886=AXIS2_PLACEMENT_3D('',#13353,#8831,#8832);
#7887=AXIS2_PLACEMENT_3D('',#13354,#8833,#8834);
#7888=AXIS2_PLACEMENT_3D('',#13376,#8835,#8836);
#7889=AXIS2_PLACEMENT_3D('',#13383,#8837,#8838);
#7890=AXIS2_PLACEMENT_3D('',#13422,#8839,#8840);
#7891=AXIS2_PLACEMENT_3D('',#13424,#8842,#8843);
#7892=AXIS2_PLACEMENT_3D('',#13426,#8845,#8846);
#7893=AXIS2_PLACEMENT_3D('',#13429,#8847,#8848);
#7894=AXIS2_PLACEMENT_3D('',#13432,#8851,#8852);
#7895=AXIS2_PLACEMENT_3D('',#13440,#8856,#8857);
#7896=AXIS2_PLACEMENT_3D('',#13444,#8859,#8860);
#7897=AXIS2_PLACEMENT_3D('',#13448,#8863,#8864);
#7898=AXIS2_PLACEMENT_3D('',#13450,#8865,#8866);
#7899=AXIS2_PLACEMENT_3D('',#13452,#8868,#8869);
#7900=AXIS2_PLACEMENT_3D('',#13456,#8872,#8873);
#7901=AXIS2_PLACEMENT_3D('',#13464,#8877,#8878);
#7902=AXIS2_PLACEMENT_3D('',#13468,#8880,#8881);
#7903=AXIS2_PLACEMENT_3D('',#13475,#8885,#8886);
#7904=AXIS2_PLACEMENT_3D('',#13476,#8887,#8888);
#7905=AXIS2_PLACEMENT_3D('',#13478,#8889,#8890);
#7906=AXIS2_PLACEMENT_3D('',#13480,#8892,#8893);
#7907=AXIS2_PLACEMENT_3D('',#13482,#8895,#8896);
#7908=AXIS2_PLACEMENT_3D('',#13483,#8897,#8898);
#7909=AXIS2_PLACEMENT_3D('',#13484,#8899,#8900);
#7910=AXIS2_PLACEMENT_3D('',#13485,#8901,#8902);
#7911=AXIS2_PLACEMENT_3D('',#13486,#8903,#8904);
#7912=AXIS2_PLACEMENT_3D('',#13494,#8908,#8909);
#7913=AXIS2_PLACEMENT_3D('',#13502,#8913,#8914);
#7914=AXIS2_PLACEMENT_3D('',#13509,#8918,#8919);
#7915=AXIS2_PLACEMENT_3D('',#13511,#8920,#8921);
#7916=AXIS2_PLACEMENT_3D('',#13512,#8922,#8923);
#7917=AXIS2_PLACEMENT_3D('',#13518,#8927,#8928);
#7918=AXIS2_PLACEMENT_3D('',#13522,#8931,#8932);
#7919=AXIS2_PLACEMENT_3D('',#13526,#8935,#8936);
#7920=AXIS2_PLACEMENT_3D('',#13528,#8938,#8939);
#7921=AXIS2_PLACEMENT_3D('',#13537,#8944,#8945);
#7922=AXIS2_PLACEMENT_3D('',#13543,#8949,#8950);
#7923=AXIS2_PLACEMENT_3D('',#13547,#8953,#8954);
#7924=AXIS2_PLACEMENT_3D('',#13551,#8957,#8958);
#7925=AXIS2_PLACEMENT_3D('',#13553,#8960,#8961);
#7926=AXIS2_PLACEMENT_3D('',#13559,#8965,#8966);
#7927=AXIS2_PLACEMENT_3D('',#13563,#8969,#8970);
#7928=AXIS2_PLACEMENT_3D('',#13572,#8975,#8976);
#7929=AXIS2_PLACEMENT_3D('',#13577,#8978,#8979);
#7930=AXIS2_PLACEMENT_3D('',#13585,#8983,#8984);
#7931=AXIS2_PLACEMENT_3D('',#13593,#8988,#8989);
#7932=AXIS2_PLACEMENT_3D('',#13601,#8993,#8994);
#7933=AXIS2_PLACEMENT_3D('',#13609,#8998,#8999);
#7934=AXIS2_PLACEMENT_3D('',#13613,#9001,#9002);
#7935=AXIS2_PLACEMENT_3D('',#13625,#9008,#9009);
#7936=AXIS2_PLACEMENT_3D('',#13635,#9015,#9016);
#7937=AXIS2_PLACEMENT_3D('',#13639,#9019,#9020);
#7938=AXIS2_PLACEMENT_3D('',#13641,#9022,#9023);
#7939=AXIS2_PLACEMENT_3D('',#13655,#9031,#9032);
#7940=AXIS2_PLACEMENT_3D('',#13661,#9036,#9037);
#7941=AXIS2_PLACEMENT_3D('',#13665,#9040,#9041);
#7942=AXIS2_PLACEMENT_3D('',#13669,#9044,#9045);
#7943=AXIS2_PLACEMENT_3D('',#13675,#9049,#9050);
#7944=AXIS2_PLACEMENT_3D('',#13679,#9053,#9054);
#7945=AXIS2_PLACEMENT_3D('',#13683,#9057,#9058);
#7946=AXIS2_PLACEMENT_3D('',#13686,#9061,#9062);
#7947=AXIS2_PLACEMENT_3D('',#13692,#9066,#9067);
#7948=AXIS2_PLACEMENT_3D('',#13694,#9069,#9070);
#7949=AXIS2_PLACEMENT_3D('',#13696,#9072,#9073);
#7950=AXIS2_PLACEMENT_3D('',#13697,#9074,#9075);
#7951=AXIS2_PLACEMENT_3D('',#13698,#9076,#9077);
#7952=AXIS2_PLACEMENT_3D('',#13702,#9080,#9081);
#7953=AXIS2_PLACEMENT_3D('',#13704,#9082,#9083);
#7954=AXIS2_PLACEMENT_3D('',#13717,#9085,#9086);
#7955=AXIS2_PLACEMENT_3D('',#13726,#9087,#9088);
#7956=AXIS2_PLACEMENT_3D('',#13728,#9089,#9090);
#7957=AXIS2_PLACEMENT_3D('',#13732,#9092,#9093);
#7958=AXIS2_PLACEMENT_3D('',#13747,#9096,#9097);
#7959=AXIS2_PLACEMENT_3D('',#13748,#9098,#9099);
#7960=AXIS2_PLACEMENT_3D('',#13749,#9100,#9101);
#7961=AXIS2_PLACEMENT_3D('',#13762,#9102,#9103);
#7962=AXIS2_PLACEMENT_3D('',#13765,#9105,#9106);
#7963=AXIS2_PLACEMENT_3D('',#13767,#9107,#9108);
#7964=AXIS2_PLACEMENT_3D('',#13784,#9110,#9111);
#7965=AXIS2_PLACEMENT_3D('',#13788,#9113,#9114);
#7966=AXIS2_PLACEMENT_3D('',#13804,#9116,#9117);
#7967=AXIS2_PLACEMENT_3D('',#13805,#9118,#9119);
#7968=AXIS2_PLACEMENT_3D('',#13807,#9121,#9122);
#7969=AXIS2_PLACEMENT_3D('',#13809,#9123,#9124);
#7970=AXIS2_PLACEMENT_3D('',#13812,#9126,#9127);
#7971=AXIS2_PLACEMENT_3D('',#13813,#9128,#9129);
#7972=AXIS2_PLACEMENT_3D('',#13815,#9130,#9131);
#7973=AXIS2_PLACEMENT_3D('',#13816,#9132,#9133);
#7974=AXIS2_PLACEMENT_3D('',#13817,#9134,#9135);
#7975=AXIS2_PLACEMENT_3D('',#13819,#9136,#9137);
#7976=AXIS2_PLACEMENT_3D('',#13822,#9139,#9140);
#7977=AXIS2_PLACEMENT_3D('',#13823,#9141,#9142);
#7978=AXIS2_PLACEMENT_3D('',#13825,#9143,#9144);
#7979=AXIS2_PLACEMENT_3D('',#13826,#9145,#9146);
#7980=AXIS2_PLACEMENT_3D('',#13827,#9147,#9148);
#7981=AXIS2_PLACEMENT_3D('',#13829,#9149,#9150);
#7982=AXIS2_PLACEMENT_3D('',#13842,#9152,#9153);
#7983=AXIS2_PLACEMENT_3D('',#13851,#9154,#9155);
#7984=AXIS2_PLACEMENT_3D('',#13853,#9156,#9157);
#7985=AXIS2_PLACEMENT_3D('',#13854,#9158,#9159);
#7986=AXIS2_PLACEMENT_3D('',#13856,#9161,#9162);
#7987=AXIS2_PLACEMENT_3D('',#13857,#9163,#9164);
#7988=AXIS2_PLACEMENT_3D('',#13859,#9165,#9166);
#7989=AXIS2_PLACEMENT_3D('',#13862,#9168,#9169);
#7990=AXIS2_PLACEMENT_3D('',#13863,#9170,#9171);
#7991=AXIS2_PLACEMENT_3D('',#13865,#9172,#9173);
#7992=AXIS2_PLACEMENT_3D('',#13870,#9176,#9177);
#7993=AXIS2_PLACEMENT_3D('',#13872,#9179,#9180);
#7994=AXIS2_PLACEMENT_3D('',#13873,#9181,#9182);
#7995=AXIS2_PLACEMENT_3D('',#13874,#9183,#9184);
#7996=AXIS2_PLACEMENT_3D('',#13876,#9185,#9186);
#7997=AXIS2_PLACEMENT_3D('',#13879,#9188,#9189);
#7998=AXIS2_PLACEMENT_3D('',#13880,#9190,#9191);
#7999=AXIS2_PLACEMENT_3D('',#13882,#9192,#9193);
#8000=AXIS2_PLACEMENT_3D('',#13883,#9194,#9195);
#8001=AXIS2_PLACEMENT_3D('',#13923,#9198,#9199);
#8002=AXIS2_PLACEMENT_3D('',#13924,#9200,#9201);
#8003=AXIS2_PLACEMENT_3D('',#13978,#9204,#9205);
#8004=AXIS2_PLACEMENT_3D('',#13981,#9206,#9207);
#8005=AXIS2_PLACEMENT_3D('',#13987,#9209,#9210);
#8006=AXIS2_PLACEMENT_3D('',#13994,#9212,#9213);
#8007=AXIS2_PLACEMENT_3D('',#13997,#9214,#9215);
#8008=AXIS2_PLACEMENT_3D('',#14003,#9217,#9218);
#8009=AXIS2_PLACEMENT_3D('',#14010,#9220,#9221);
#8010=AXIS2_PLACEMENT_3D('',#14013,#9222,#9223);
#8011=AXIS2_PLACEMENT_3D('',#14019,#9225,#9226);
#8012=AXIS2_PLACEMENT_3D('',#14023,#9229,#9230);
#8013=AXIS2_PLACEMENT_3D('',#14026,#9232,#9233);
#8014=AXIS2_PLACEMENT_3D('',#14027,#9234,#9235);
#8015=AXIS2_PLACEMENT_3D('',#14031,#9238,#9239);
#8016=AXIS2_PLACEMENT_3D('',#14032,#9240,#9241);
#8017=AXIS2_PLACEMENT_3D('',#14033,#9242,#9243);
#8018=AXIS2_PLACEMENT_3D('',#14040,#9245,#9246);
#8019=AXIS2_PLACEMENT_3D('',#14043,#9247,#9248);
#8020=AXIS2_PLACEMENT_3D('',#14049,#9250,#9251);
#8021=AXIS2_PLACEMENT_3D('',#14053,#9254,#9255);
#8022=AXIS2_PLACEMENT_3D('',#14056,#9257,#9258);
#8023=AXIS2_PLACEMENT_3D('',#14057,#9259,#9260);
#8024=AXIS2_PLACEMENT_3D('',#14061,#9263,#9264);
#8025=AXIS2_PLACEMENT_3D('',#14062,#9265,#9266);
#8026=AXIS2_PLACEMENT_3D('',#14063,#9267,#9268);
#8027=AXIS2_PLACEMENT_3D('',#14067,#9271,#9272);
#8028=AXIS2_PLACEMENT_3D('',#14070,#9274,#9275);
#8029=AXIS2_PLACEMENT_3D('',#14071,#9276,#9277);
#8030=AXIS2_PLACEMENT_3D('',#14075,#9280,#9281);
#8031=AXIS2_PLACEMENT_3D('',#14076,#9282,#9283);
#8032=AXIS2_PLACEMENT_3D('',#14077,#9284,#9285);
#8033=AXIS2_PLACEMENT_3D('',#14084,#9287,#9288);
#8034=AXIS2_PLACEMENT_3D('',#14088,#9291,#9292);
#8035=AXIS2_PLACEMENT_3D('',#14091,#9294,#9295);
#8036=AXIS2_PLACEMENT_3D('',#14092,#9296,#9297);
#8037=AXIS2_PLACEMENT_3D('',#14096,#9300,#9301);
#8038=AXIS2_PLACEMENT_3D('',#14097,#9302,#9303);
#8039=AXIS2_PLACEMENT_3D('',#14098,#9304,#9305);
#8040=AXIS2_PLACEMENT_3D('',#14104,#9309,#9310);
#8041=AXIS2_PLACEMENT_3D('',#14107,#9312,#9313);
#8042=AXIS2_PLACEMENT_3D('',#14108,#9314,#9315);
#8043=AXIS2_PLACEMENT_3D('',#14112,#9318,#9319);
#8044=AXIS2_PLACEMENT_3D('',#14115,#9321,#9322);
#8045=AXIS2_PLACEMENT_3D('',#14116,#9323,#9324);
#8046=AXIS2_PLACEMENT_3D('',#14120,#9327,#9328);
#8047=AXIS2_PLACEMENT_3D('',#14123,#9330,#9331);
#8048=AXIS2_PLACEMENT_3D('',#14124,#9332,#9333);
#8049=AXIS2_PLACEMENT_3D('',#14128,#9336,#9337);
#8050=AXIS2_PLACEMENT_3D('',#14131,#9339,#9340);
#8051=AXIS2_PLACEMENT_3D('',#14132,#9341,#9342);
#8052=AXIS2_PLACEMENT_3D('',#14136,#9345,#9346);
#8053=AXIS2_PLACEMENT_3D('',#14139,#9348,#9349);
#8054=AXIS2_PLACEMENT_3D('',#14140,#9350,#9351);
#8055=AXIS2_PLACEMENT_3D('',#14144,#9354,#9355);
#8056=AXIS2_PLACEMENT_3D('',#14147,#9357,#9358);
#8057=AXIS2_PLACEMENT_3D('',#14148,#9359,#9360);
#8058=AXIS2_PLACEMENT_3D('',#14152,#9363,#9364);
#8059=AXIS2_PLACEMENT_3D('',#14155,#9366,#9367);
#8060=AXIS2_PLACEMENT_3D('',#14156,#9368,#9369);
#8061=AXIS2_PLACEMENT_3D('',#14160,#9372,#9373);
#8062=AXIS2_PLACEMENT_3D('',#14163,#9375,#9376);
#8063=AXIS2_PLACEMENT_3D('',#14164,#9377,#9378);
#8064=AXIS2_PLACEMENT_3D('',#14168,#9381,#9382);
#8065=AXIS2_PLACEMENT_3D('',#14171,#9384,#9385);
#8066=AXIS2_PLACEMENT_3D('',#14172,#9386,#9387);
#8067=AXIS2_PLACEMENT_3D('',#14176,#9390,#9391);
#8068=AXIS2_PLACEMENT_3D('',#14179,#9393,#9394);
#8069=AXIS2_PLACEMENT_3D('',#14180,#9395,#9396);
#8070=AXIS2_PLACEMENT_3D('',#14184,#9399,#9400);
#8071=AXIS2_PLACEMENT_3D('',#14187,#9402,#9403);
#8072=AXIS2_PLACEMENT_3D('',#14188,#9404,#9405);
#8073=AXIS2_PLACEMENT_3D('',#14192,#9408,#9409);
#8074=AXIS2_PLACEMENT_3D('',#14193,#9410,#9411);
#8075=AXIS2_PLACEMENT_3D('',#14194,#9412,#9413);
#8076=AXIS2_PLACEMENT_3D('',#14195,#9414,#9415);
#8077=AXIS2_PLACEMENT_3D('',#14196,#9416,#9417);
#8078=AXIS2_PLACEMENT_3D('',#14213,#9426,#9427);
#8079=AXIS2_PLACEMENT_3D('',#14219,#9431,#9432);
#8080=AXIS2_PLACEMENT_3D('',#14225,#9436,#9437);
#8081=AXIS2_PLACEMENT_3D('',#14227,#9438,#9439);
#8082=AXIS2_PLACEMENT_3D('',#14231,#9442,#9443);
#8083=AXIS2_PLACEMENT_3D('',#14232,#9444,#9445);
#8084=AXIS2_PLACEMENT_3D('',#14235,#9447,#9448);
#8085=AXIS2_PLACEMENT_3D('',#14236,#9449,#9450);
#8086=AXIS2_PLACEMENT_3D('',#14238,#9452,#9453);
#8087=AXIS2_PLACEMENT_3D('',#14239,#9454,#9455);
#8088=AXIS2_PLACEMENT_3D('',#14243,#9458,#9459);
#8089=AXIS2_PLACEMENT_3D('',#14244,#9460,#9461);
#8090=AXIS2_PLACEMENT_3D('',#14245,#9462,#9463);
#8091=AXIS2_PLACEMENT_3D('',#14248,#9464,#9465);
#8092=AXIS2_PLACEMENT_3D('',#14252,#9467,#9468);
#8093=AXIS2_PLACEMENT_3D('',#14254,#9470,#9471);
#8094=AXIS2_PLACEMENT_3D('',#14260,#9475,#9476);
#8095=AXIS2_PLACEMENT_3D('',#14262,#9477,#9478);
#8096=AXIS2_PLACEMENT_3D('',#14264,#9479,#9480);
#8097=AXIS2_PLACEMENT_3D('',#14266,#9482,#9483);
#8098=AXIS2_PLACEMENT_3D('',#14272,#9487,#9488);
#8099=AXIS2_PLACEMENT_3D('',#14274,#9489,#9490);
#8100=AXIS2_PLACEMENT_3D('',#14276,#9491,#9492);
#8101=AXIS2_PLACEMENT_3D('',#14278,#9494,#9495);
#8102=AXIS2_PLACEMENT_3D('',#14284,#9499,#9500);
#8103=AXIS2_PLACEMENT_3D('',#14286,#9501,#9502);
#8104=AXIS2_PLACEMENT_3D('',#14288,#9503,#9504);
#8105=AXIS2_PLACEMENT_3D('',#14290,#9506,#9507);
#8106=AXIS2_PLACEMENT_3D('',#14296,#9511,#9512);
#8107=AXIS2_PLACEMENT_3D('',#14298,#9513,#9514);
#8108=AXIS2_PLACEMENT_3D('',#14300,#9515,#9516);
#8109=AXIS2_PLACEMENT_3D('',#14302,#9518,#9519);
#8110=AXIS2_PLACEMENT_3D('',#14308,#9523,#9524);
#8111=AXIS2_PLACEMENT_3D('',#14310,#9525,#9526);
#8112=AXIS2_PLACEMENT_3D('',#14312,#9527,#9528);
#8113=AXIS2_PLACEMENT_3D('',#14314,#9530,#9531);
#8114=AXIS2_PLACEMENT_3D('',#14320,#9535,#9536);
#8115=AXIS2_PLACEMENT_3D('',#14326,#9540,#9541);
#8116=AXIS2_PLACEMENT_3D('',#14328,#9542,#9543);
#8117=AXIS2_PLACEMENT_3D('',#14331,#9545,#9546);
#8118=AXIS2_PLACEMENT_3D('',#14332,#9547,#9548);
#8119=AXIS2_PLACEMENT_3D('',#14338,#9552,#9553);
#8120=AXIS2_PLACEMENT_3D('',#14340,#9554,#9555);
#8121=AXIS2_PLACEMENT_3D('',#14343,#9557,#9558);
#8122=AXIS2_PLACEMENT_3D('',#14344,#9559,#9560);
#8123=AXIS2_PLACEMENT_3D('',#14350,#9564,#9565);
#8124=AXIS2_PLACEMENT_3D('',#14352,#9566,#9567);
#8125=AXIS2_PLACEMENT_3D('',#14355,#9569,#9570);
#8126=AXIS2_PLACEMENT_3D('',#14356,#9571,#9572);
#8127=AXIS2_PLACEMENT_3D('',#14362,#9576,#9577);
#8128=AXIS2_PLACEMENT_3D('',#14364,#9578,#9579);
#8129=AXIS2_PLACEMENT_3D('',#14367,#9581,#9582);
#8130=AXIS2_PLACEMENT_3D('',#14368,#9583,#9584);
#8131=AXIS2_PLACEMENT_3D('',#14374,#9588,#9589);
#8132=AXIS2_PLACEMENT_3D('',#14376,#9590,#9591);
#8133=AXIS2_PLACEMENT_3D('',#14379,#9593,#9594);
#8134=AXIS2_PLACEMENT_3D('',#14380,#9595,#9596);
#8135=AXIS2_PLACEMENT_3D('',#14386,#9600,#9601);
#8136=AXIS2_PLACEMENT_3D('',#14387,#9602,#9603);
#8137=AXIS2_PLACEMENT_3D('',#14388,#9604,#9605);
#8138=AXIS2_PLACEMENT_3D('',#14389,#9606,#9607);
#8139=AXIS2_PLACEMENT_3D('',#14392,#9608,#9609);
#8140=AXIS2_PLACEMENT_3D('',#14396,#9611,#9612);
#8141=AXIS2_PLACEMENT_3D('',#14398,#9613,#9614);
#8142=AXIS2_PLACEMENT_3D('',#14400,#9615,#9616);
#8143=AXIS2_PLACEMENT_3D('',#14404,#9618,#9619);
#8144=AXIS2_PLACEMENT_3D('',#14406,#9620,#9621);
#8145=AXIS2_PLACEMENT_3D('',#14408,#9622,#9623);
#8146=AXIS2_PLACEMENT_3D('',#14412,#9625,#9626);
#8147=AXIS2_PLACEMENT_3D('',#14414,#9627,#9628);
#8148=AXIS2_PLACEMENT_3D('',#14416,#9629,#9630);
#8149=AXIS2_PLACEMENT_3D('',#14420,#9632,#9633);
#8150=AXIS2_PLACEMENT_3D('',#14421,#9634,#9635);
#8151=AXIS2_PLACEMENT_3D('',#14422,#9636,#9637);
#8152=AXIS2_PLACEMENT_3D('',#14428,#9641,#9642);
#8153=AXIS2_PLACEMENT_3D('',#14430,#9643,#9644);
#8154=AXIS2_PLACEMENT_3D('',#14432,#9646,#9647);
#8155=AXIS2_PLACEMENT_3D('',#14434,#9648,#9649);
#8156=AXIS2_PLACEMENT_3D('',#14436,#9651,#9652);
#8157=AXIS2_PLACEMENT_3D('',#14438,#9653,#9654);
#8158=AXIS2_PLACEMENT_3D('',#14440,#9656,#9657);
#8159=AXIS2_PLACEMENT_3D('',#14444,#9660,#9661);
#8160=AXIS2_PLACEMENT_3D('',#14446,#9662,#9663);
#8161=AXIS2_PLACEMENT_3D('',#14448,#9665,#9666);
#8162=AXIS2_PLACEMENT_3D('',#14450,#9667,#9668);
#8163=AXIS2_PLACEMENT_3D('',#14452,#9670,#9671);
#8164=AXIS2_PLACEMENT_3D('',#14454,#9672,#9673);
#8165=AXIS2_PLACEMENT_3D('',#14456,#9675,#9676);
#8166=AXIS2_PLACEMENT_3D('',#14460,#9679,#9680);
#8167=AXIS2_PLACEMENT_3D('',#14462,#9681,#9682);
#8168=AXIS2_PLACEMENT_3D('',#14464,#9684,#9685);
#8169=AXIS2_PLACEMENT_3D('',#14466,#9686,#9687);
#8170=AXIS2_PLACEMENT_3D('',#14468,#9689,#9690);
#8171=AXIS2_PLACEMENT_3D('',#14470,#9691,#9692);
#8172=AXIS2_PLACEMENT_3D('',#14472,#9694,#9695);
#8173=AXIS2_PLACEMENT_3D('',#14476,#9698,#9699);
#8174=AXIS2_PLACEMENT_3D('',#14478,#9700,#9701);
#8175=AXIS2_PLACEMENT_3D('',#14480,#9703,#9704);
#8176=AXIS2_PLACEMENT_3D('',#14482,#9705,#9706);
#8177=AXIS2_PLACEMENT_3D('',#14484,#9708,#9709);
#8178=AXIS2_PLACEMENT_3D('',#14485,#9710,#9711);
#8179=AXIS2_PLACEMENT_3D('',#14486,#9712,#9713);
#8180=AXIS2_PLACEMENT_3D('',#14487,#9714,#9715);
#8181=AXIS2_PLACEMENT_3D('',#14491,#9718,#9719);
#8182=AXIS2_PLACEMENT_3D('',#14495,#9722,#9723);
#8183=AXIS2_PLACEMENT_3D('',#14499,#9726,#9727);
#8184=AXIS2_PLACEMENT_3D('',#14503,#9729,#9730);
#8185=AXIS2_PLACEMENT_3D('',#14505,#9732,#9733);
#8186=AXIS2_PLACEMENT_3D('',#14506,#9734,#9735);
#8187=AXIS2_PLACEMENT_3D('',#14510,#9738,#9739);
#8188=AXIS2_PLACEMENT_3D('',#14514,#9742,#9743);
#8189=AXIS2_PLACEMENT_3D('',#14516,#9745,#9746);
#8190=AXIS2_PLACEMENT_3D('',#14517,#9747,#9748);
#8191=AXIS2_PLACEMENT_3D('',#14518,#9749,#9750);
#8192=AXIS2_PLACEMENT_3D('',#14524,#9754,#9755);
#8193=AXIS2_PLACEMENT_3D('',#14528,#9758,#9759);
#8194=AXIS2_PLACEMENT_3D('',#14532,#9762,#9763);
#8195=AXIS2_PLACEMENT_3D('',#14535,#9765,#9766);
#8196=AXIS2_PLACEMENT_3D('',#14537,#9768,#9769);
#8197=AXIS2_PLACEMENT_3D('',#14541,#9772,#9773);
#8198=AXIS2_PLACEMENT_3D('',#14545,#9776,#9777);
#8199=AXIS2_PLACEMENT_3D('',#14547,#9779,#9780);
#8200=AXIS2_PLACEMENT_3D('',#14553,#9784,#9785);
#8201=AXIS2_PLACEMENT_3D('',#14555,#9787,#9788);
#8202=AXIS2_PLACEMENT_3D('',#14556,#9789,#9790);
#8203=AXIS2_PLACEMENT_3D('',#14560,#9793,#9794);
#8204=AXIS2_PLACEMENT_3D('',#14566,#9797,#9798);
#8205=AXIS2_PLACEMENT_3D('',#14570,#9801,#9802);
#8206=AXIS2_PLACEMENT_3D('',#14572,#9804,#9805);
#8207=AXIS2_PLACEMENT_3D('',#14574,#9807,#9808);
#8208=AXIS2_PLACEMENT_3D('',#14576,#9810,#9811);
#8209=AXIS2_PLACEMENT_3D('',#14578,#9813,#9814);
#8210=AXIS2_PLACEMENT_3D('',#14580,#9816,#9817);
#8211=AXIS2_PLACEMENT_3D('',#14591,#9823,#9824);
#8212=AXIS2_PLACEMENT_3D('',#14595,#9827,#9828);
#8213=AXIS2_PLACEMENT_3D('',#14604,#9832,#9833);
#8214=AXIS2_PLACEMENT_3D('',#14612,#9837,#9838);
#8215=AXIS2_PLACEMENT_3D('',#14624,#9844,#9845);
#8216=AXIS2_PLACEMENT_3D('',#14631,#9849,#9850);
#8217=AXIS2_PLACEMENT_3D('',#14633,#9852,#9853);
#8218=AXIS2_PLACEMENT_3D('',#14639,#9857,#9858);
#8219=AXIS2_PLACEMENT_3D('',#14643,#9861,#9862);
#8220=AXIS2_PLACEMENT_3D('',#14646,#9864,#9865);
#8221=AXIS2_PLACEMENT_3D('',#14647,#9866,#9867);
#8222=AXIS2_PLACEMENT_3D('',#14650,#9869,#9870);
#8223=AXIS2_PLACEMENT_3D('',#14651,#9871,#9872);
#8224=AXIS2_PLACEMENT_3D('',#14655,#9875,#9876);
#8225=AXIS2_PLACEMENT_3D('',#14659,#9879,#9880);
#8226=AXIS2_PLACEMENT_3D('',#14665,#9884,#9885);
#8227=AXIS2_PLACEMENT_3D('',#14672,#9889,#9890);
#8228=AXIS2_PLACEMENT_3D('',#14677,#9894,#9895);
#8229=AXIS2_PLACEMENT_3D('',#14681,#9898,#9899);
#8230=AXIS2_PLACEMENT_3D('',#14684,#9901,#9902);
#8231=AXIS2_PLACEMENT_3D('',#14685,#9903,#9904);
#8232=AXIS2_PLACEMENT_3D('',#14688,#9906,#9907);
#8233=AXIS2_PLACEMENT_3D('',#14689,#9908,#9909);
#8234=AXIS2_PLACEMENT_3D('',#14693,#9912,#9913);
#8235=AXIS2_PLACEMENT_3D('',#14697,#9916,#9917);
#8236=AXIS2_PLACEMENT_3D('',#14699,#9919,#9920);
#8237=AXIS2_PLACEMENT_3D('',#14701,#9922,#9923);
#8238=AXIS2_PLACEMENT_3D('',#14707,#9927,#9928);
#8239=AXIS2_PLACEMENT_3D('',#14711,#9931,#9932);
#8240=AXIS2_PLACEMENT_3D('',#14719,#9936,#9937);
#8241=AXIS2_PLACEMENT_3D('',#14727,#9941,#9942);
#8242=AXIS2_PLACEMENT_3D('',#14733,#9946,#9947);
#8243=AXIS2_PLACEMENT_3D('',#14739,#9951,#9952);
#8244=AXIS2_PLACEMENT_3D('',#14750,#9958,#9959);
#8245=AXIS2_PLACEMENT_3D('',#14754,#9962,#9963);
#8246=AXIS2_PLACEMENT_3D('',#14761,#9967,#9968);
#8247=AXIS2_PLACEMENT_3D('',#14769,#9973,#9974);
#8248=AXIS2_PLACEMENT_3D('',#14773,#9977,#9978);
#8249=AXIS2_PLACEMENT_3D('',#14777,#9980,#9981);
#8250=AXIS2_PLACEMENT_3D('',#14778,#9982,#9983);
#8251=AXIS2_PLACEMENT_3D('',#14779,#9984,#9985);
#8252=AXIS2_PLACEMENT_3D('',#14782,#9987,#9988);
#8253=AXIS2_PLACEMENT_3D('',#14783,#9989,#9990);
#8254=AXIS2_PLACEMENT_3D('',#14787,#9993,#9994);
#8255=AXIS2_PLACEMENT_3D('',#14793,#9998,#9999);
#8256=AXIS2_PLACEMENT_3D('',#14799,#10003,#10004);
#8257=AXIS2_PLACEMENT_3D('',#14803,#10007,#10008);
#8258=AXIS2_PLACEMENT_3D('',#14807,#10010,#10011);
#8259=AXIS2_PLACEMENT_3D('',#14808,#10012,#10013);
#8260=AXIS2_PLACEMENT_3D('',#14809,#10014,#10015);
#8261=AXIS2_PLACEMENT_3D('',#14812,#10017,#10018);
#8262=AXIS2_PLACEMENT_3D('',#14813,#10019,#10020);
#8263=AXIS2_PLACEMENT_3D('',#14817,#10023,#10024);
#8264=AXIS2_PLACEMENT_3D('',#14823,#10028,#10029);
#8265=AXIS2_PLACEMENT_3D('',#14832,#10036,#10037);
#8266=AXIS2_PLACEMENT_3D('',#14834,#10039,#10040);
#8267=AXIS2_PLACEMENT_3D('',#14835,#10041,#10042);
#8268=AXIS2_PLACEMENT_3D('',#14841,#10046,#10047);
#8269=AXIS2_PLACEMENT_3D('',#14849,#10051,#10052);
#8270=AXIS2_PLACEMENT_3D('',#14857,#10056,#10057);
#8271=AXIS2_PLACEMENT_3D('',#14863,#10061,#10062);
#8272=AXIS2_PLACEMENT_3D('',#14869,#10066,#10067);
#8273=AXIS2_PLACEMENT_3D('',#14873,#10070,#10071);
#8274=AXIS2_PLACEMENT_3D('',#14877,#10074,#10075);
#8275=AXIS2_PLACEMENT_3D('',#14881,#10077,#10078);
#8276=AXIS2_PLACEMENT_3D('',#14882,#10079,#10080);
#8277=AXIS2_PLACEMENT_3D('',#14883,#10081,#10082);
#8278=AXIS2_PLACEMENT_3D('',#14887,#10084,#10085);
#8279=AXIS2_PLACEMENT_3D('',#14888,#10086,#10087);
#8280=AXIS2_PLACEMENT_3D('',#14889,#10088,#10089);
#8281=AXIS2_PLACEMENT_3D('',#14891,#10091,#10092);
#8282=AXIS2_PLACEMENT_3D('',#14897,#10096,#10097);
#8283=AXIS2_PLACEMENT_3D('',#14899,#10099,#10100);
#8284=AXIS2_PLACEMENT_3D('',#14903,#10102,#10103);
#8285=AXIS2_PLACEMENT_3D('',#14904,#10104,#10105);
#8286=AXIS2_PLACEMENT_3D('',#14905,#10106,#10107);
#8287=AXIS2_PLACEMENT_3D('',#14909,#10109,#10110);
#8288=AXIS2_PLACEMENT_3D('',#14910,#10111,#10112);
#8289=AXIS2_PLACEMENT_3D('',#14911,#10113,#10114);
#8290=AXIS2_PLACEMENT_3D('',#14913,#10116,#10117);
#8291=AXIS2_PLACEMENT_3D('',#14916,#10120,#10121);
#8292=AXIS2_PLACEMENT_3D('',#14919,#10124,#10125);
#8293=AXIS2_PLACEMENT_3D('',#14920,#10126,#10127);
#8294=AXIS2_PLACEMENT_3D('',#14924,#10130,#10131);
#8295=AXIS2_PLACEMENT_3D('',#14927,#10134,#10135);
#8296=AXIS2_PLACEMENT_3D('',#14929,#10136,#10137);
#8297=AXIS2_PLACEMENT_3D('',#14931,#10139,#10140);
#8298=AXIS2_PLACEMENT_3D('',#14933,#10142,#10143);
#8299=AXIS2_PLACEMENT_3D('',#14937,#10146,#10147);
#8300=AXIS2_PLACEMENT_3D('',#14939,#10149,#10150);
#8301=AXIS2_PLACEMENT_3D('',#14941,#10151,#10152);
#8302=AXIS2_PLACEMENT_3D('',#14943,#10154,#10155);
#8303=AXIS2_PLACEMENT_3D('',#14945,#10157,#10158);
#8304=AXIS2_PLACEMENT_3D('',#14947,#10160,#10161);
#8305=AXIS2_PLACEMENT_3D('',#14948,#10162,#10163);
#8306=AXIS2_PLACEMENT_3D('',#14952,#10166,#10167);
#8307=AXIS2_PLACEMENT_3D('',#14958,#10171,#10172);
#8308=AXIS2_PLACEMENT_3D('',#14962,#10175,#10176);
#8309=AXIS2_PLACEMENT_3D('',#14964,#10177,#10178);
#8310=AXIS2_PLACEMENT_3D('',#14967,#10180,#10181);
#8311=AXIS2_PLACEMENT_3D('',#14968,#10182,#10183);
#8312=AXIS2_PLACEMENT_3D('',#14970,#10184,#10185);
#8313=AXIS2_PLACEMENT_3D('',#14973,#10187,#10188);
#8314=AXIS2_PLACEMENT_3D('',#14974,#10189,#10190);
#8315=AXIS2_PLACEMENT_3D('',#14976,#10192,#10193);
#8316=AXIS2_PLACEMENT_3D('',#14980,#10196,#10197);
#8317=AXIS2_PLACEMENT_3D('',#14984,#10199,#10200);
#8318=AXIS2_PLACEMENT_3D('',#14985,#10201,#10202);
#8319=AXIS2_PLACEMENT_3D('',#14986,#10203,#10204);
#8320=AXIS2_PLACEMENT_3D('',#14990,#10206,#10207);
#8321=AXIS2_PLACEMENT_3D('',#14991,#10208,#10209);
#8322=AXIS2_PLACEMENT_3D('',#14992,#10210,#10211);
#8323=AXIS2_PLACEMENT_3D('',#14994,#10213,#10214);
#8324=AXIS2_PLACEMENT_3D('',#14997,#10217,#10218);
#8325=AXIS2_PLACEMENT_3D('',#15000,#10221,#10222);
#8326=AXIS2_PLACEMENT_3D('',#15001,#10223,#10224);
#8327=AXIS2_PLACEMENT_3D('',#15005,#10227,#10228);
#8328=AXIS2_PLACEMENT_3D('',#15007,#10230,#10231);
#8329=AXIS2_PLACEMENT_3D('',#15009,#10232,#10233);
#8330=AXIS2_PLACEMENT_3D('',#15011,#10235,#10236);
#8331=AXIS2_PLACEMENT_3D('',#15013,#10238,#10239);
#8332=AXIS2_PLACEMENT_3D('',#15017,#10242,#10243);
#8333=AXIS2_PLACEMENT_3D('',#15019,#10245,#10246);
#8334=AXIS2_PLACEMENT_3D('',#15021,#10247,#10248);
#8335=AXIS2_PLACEMENT_3D('',#15023,#10250,#10251);
#8336=AXIS2_PLACEMENT_3D('',#15025,#10253,#10254);
#8337=AXIS2_PLACEMENT_3D('',#15027,#10256,#10257);
#8338=AXIS2_PLACEMENT_3D('',#15029,#10259,#10260);
#8339=AXIS2_PLACEMENT_3D('',#15031,#10261,#10262);
#8340=AXIS2_PLACEMENT_3D('',#15033,#10263,#10264);
#8341=AXIS2_PLACEMENT_3D('',#15034,#10265,#10266);
#8342=AXIS2_PLACEMENT_3D('',#15040,#10270,#10271);
#8343=AXIS2_PLACEMENT_3D('',#15055,#10273,#10274);
#8344=AXIS2_PLACEMENT_3D('',#15057,#10275,#10276);
#8345=AXIS2_PLACEMENT_3D('',#15059,#10278,#10279);
#8346=AXIS2_PLACEMENT_3D('',#15061,#10281,#10282);
#8347=AXIS2_PLACEMENT_3D('',#15065,#10285,#10286);
#8348=AXIS2_PLACEMENT_3D('',#15068,#10289,#10290);
#8349=AXIS2_PLACEMENT_3D('',#15070,#10292,#10293);
#8350=AXIS2_PLACEMENT_3D('',#15073,#10296,#10297);
#8351=AXIS2_PLACEMENT_3D('',#15074,#10298,#10299);
#8352=AXIS2_PLACEMENT_3D('',#15076,#10301,#10302);
#8353=AXIS2_PLACEMENT_3D('',#15079,#10304,#10305);
#8354=AXIS2_PLACEMENT_3D('',#15080,#10306,#10307);
#8355=AXIS2_PLACEMENT_3D('',#15084,#10310,#10311);
#8356=AXIS2_PLACEMENT_3D('',#15086,#10313,#10314);
#8357=AXIS2_PLACEMENT_3D('',#15088,#10315,#10316);
#8358=AXIS2_PLACEMENT_3D('',#15090,#10318,#10319);
#8359=AXIS2_PLACEMENT_3D('',#15103,#10320,#10321);
#8360=AXIS2_PLACEMENT_3D('',#15104,#10322,#10323);
#8361=AXIS2_PLACEMENT_3D('',#15105,#10324,#10325);
#8362=AXIS2_PLACEMENT_3D('',#15107,#10327,#10328);
#8363=AXIS2_PLACEMENT_3D('',#15109,#10330,#10331);
#8364=AXIS2_PLACEMENT_3D('',#15111,#10333,#10334);
#8365=AXIS2_PLACEMENT_3D('',#15113,#10336,#10337);
#8366=AXIS2_PLACEMENT_3D('',#15114,#10338,#10339);
#8367=AXIS2_PLACEMENT_3D('',#15115,#10340,#10341);
#8368=AXIS2_PLACEMENT_3D('',#15116,#10342,#10343);
#8369=DIRECTION('axis',(0.,0.,1.));
#8370=DIRECTION('refdir',(1.,0.,0.));
#8371=DIRECTION('axis',(0.,0.,1.));
#8372=DIRECTION('refdir',(1.,0.,0.));
#8373=DIRECTION('center_axis',(0.,0.,-1.));
#8374=DIRECTION('ref_axis',(1.,0.,0.));
#8375=DIRECTION('',(-0.693312095760954,0.720637452448562,0.));
#8376=DIRECTION('',(-0.468275783071642,-0.883582362311879,0.));
#8377=DIRECTION('',(0.46819387008966,0.883625769209152,0.));
#8378=DIRECTION('',(0.,0.,1.));
#8379=DIRECTION('',(0.,0.,1.));
#8380=DIRECTION('center_axis',(0.720637452448562,0.693312095760954,0.));
#8381=DIRECTION('ref_axis',(-0.693312095760954,0.720637452448562,0.));
#8382=DIRECTION('',(0.693312095760954,-0.720637452448562,-6.66082978446539E-15));
#8383=DIRECTION('',(0.,0.,1.));
#8384=DIRECTION('center_axis',(-0.883582362311879,0.468275783071642,0.));
#8385=DIRECTION('ref_axis',(-0.468275783071642,-0.883582362311879,0.));
#8386=DIRECTION('',(0.468275783071642,0.883582362311879,5.42584044562502E-15));
#8387=DIRECTION('',(0.,0.,1.));
#8388=DIRECTION('center_axis',(0.883625769209152,-0.46819387008966,0.));
#8389=DIRECTION('ref_axis',(0.46819387008966,0.883625769209152,0.));
#8390=DIRECTION('',(-0.46819387008966,-0.883625769209152,-5.42632513712587E-15));
#8391=DIRECTION('',(0.,0.,1.));
#8392=DIRECTION('',(0.,0.,1.));
#8393=DIRECTION('center_axis',(-2.07917124175863E-15,7.24263663463752E-15,
-1.));
#8394=DIRECTION('ref_axis',(-1.,0.,2.07917124175863E-15));
#8395=DIRECTION('center_axis',(0.,0.,1.));
#8396=DIRECTION('ref_axis',(1.,0.,0.));
#8397=DIRECTION('',(-0.897554768461574,-0.440902979817432,0.));
#8398=DIRECTION('',(0.693327610861062,-0.720622525333264,0.));
#8399=DIRECTION('',(0.468260805821371,0.883590299704292,0.));
#8400=DIRECTION('center_axis',(-0.440902979817432,0.897554768461574,0.));
#8401=DIRECTION('ref_axis',(-0.897554768461574,-0.440902979817432,0.));
#8402=DIRECTION('',(0.897554768461574,0.440902979817432,1.32713001145795E-15));
#8403=DIRECTION('',(0.,0.,1.));
#8404=DIRECTION('',(0.,0.,1.));
#8405=DIRECTION('center_axis',(0.883590299704292,-0.468260805821371,0.));
#8406=DIRECTION('ref_axis',(0.468260805821371,0.883590299704292,0.));
#8407=DIRECTION('',(-0.468260805821371,-0.883590299704292,-5.42592907354214E-15));
#8408=DIRECTION('',(0.,0.,1.));
#8409=DIRECTION('center_axis',(-0.720622525333264,-0.693327610861062,0.));
#8410=DIRECTION('ref_axis',(0.693327610861062,-0.720622525333264,0.));
#8411=DIRECTION('',(-0.693327610861062,0.720622525333264,6.66075393134324E-15));
#8412=DIRECTION('center_axis',(-2.07917124175863E-15,7.24263663463752E-15,
-1.));
#8413=DIRECTION('ref_axis',(-1.,0.,2.07917124175863E-15));
#8414=DIRECTION('center_axis',(-2.07917124175863E-15,7.24263663463752E-15,
-1.));
#8415=DIRECTION('ref_axis',(-1.,0.,2.07917124175863E-15));
#8416=DIRECTION('',(0.468319058274532,0.883559426216967,5.42558435126642E-15));
#8417=DIRECTION('',(0.693260518065691,-0.72068707085065,-6.6610819136614E-15));
#8418=DIRECTION('',(-0.897562157787123,-0.440887936905199,-1.32700569743754E-15));
#8419=DIRECTION('center_axis',(0.72068707085065,0.693260518065691,0.));
#8420=DIRECTION('ref_axis',(-0.693260518065691,0.72068707085065,0.));
#8421=DIRECTION('',(0.,0.,1.));
#8422=DIRECTION('',(-0.693260518065691,0.72068707085065,0.));
#8423=DIRECTION('',(0.,0.,1.));
#8424=DIRECTION('center_axis',(-0.883559426216967,0.468319058274532,0.));
#8425=DIRECTION('ref_axis',(-0.468319058274532,-0.883559426216967,0.));
#8426=DIRECTION('',(0.,0.,1.));
#8427=DIRECTION('',(-0.468319058274532,-0.883559426216967,0.));
#8428=DIRECTION('center_axis',(0.440887936905199,-0.897562157787124,0.));
#8429=DIRECTION('ref_axis',(0.897562157787123,0.440887936905199,0.));
#8430=DIRECTION('',(0.897562157787124,0.440887936905199,0.));
#8431=DIRECTION('center_axis',(0.,0.,1.));
#8432=DIRECTION('ref_axis',(1.,0.,0.));
#8433=DIRECTION('center_axis',(0.,0.,-1.));
#8434=DIRECTION('ref_axis',(1.,0.,0.));
#8435=DIRECTION('',(0.897545870606434,0.440921092892297,0.));
#8436=DIRECTION('',(-0.897545856869825,-0.440921120854753,0.));
#8437=DIRECTION('',(0.,0.,1.));
#8438=DIRECTION('',(0.,0.,1.));
#8439=DIRECTION('center_axis',(0.440921092892297,-0.897545870606435,0.));
#8440=DIRECTION('ref_axis',(0.897545870606434,0.440921092892297,0.));
#8441=DIRECTION('',(-0.897545870606434,-0.440921092892297,-1.32727969804205E-15));
#8442=DIRECTION('',(0.,0.,1.));
#8443=DIRECTION('',(0.,0.,1.));
#8444=DIRECTION('',(0.,0.,1.));
#8445=DIRECTION('center_axis',(-0.440921120854753,0.897545856869825,0.));
#8446=DIRECTION('ref_axis',(-0.897545856869825,-0.440921120854753,0.));
#8447=DIRECTION('',(0.897545856869825,0.440921120854753,1.32727992912473E-15));
#8448=DIRECTION('',(0.,0.,1.));
#8449=DIRECTION('center_axis',(-2.07917124175863E-15,7.24263663463752E-15,
-1.));
#8450=DIRECTION('ref_axis',(-1.,0.,2.07917124175863E-15));
#8451=DIRECTION('center_axis',(-2.07917124175863E-15,7.24263663463752E-15,
-1.));
#8452=DIRECTION('ref_axis',(-1.,0.,2.07917124175863E-15));
#8453=DIRECTION('',(0.897536901932767,0.440939349195477,1.32743056922065E-15));
#8454=DIRECTION('',(-0.468254147286751,-0.883593828378604,-5.42596847468168E-15));
#8455=DIRECTION('',(-0.693302918892442,0.720646281233186,6.66087464786324E-15));
#8456=DIRECTION('center_axis',(0.883593828378604,-0.468254147286751,0.));
#8457=DIRECTION('ref_axis',(0.468254147286751,0.883593828378604,0.));
#8458=DIRECTION('',(0.,0.,1.));
#8459=DIRECTION('',(0.468254147286751,0.883593828378604,0.));
#8460=DIRECTION('',(0.,0.,1.));
#8461=DIRECTION('center_axis',(-0.440939349195477,0.897536901932767,0.));
#8462=DIRECTION('ref_axis',(-0.897536901932767,-0.440939349195477,0.));
#8463=DIRECTION('',(0.,0.,1.));
#8464=DIRECTION('',(-0.897536901932767,-0.440939349195477,0.));
#8465=DIRECTION('',(0.,0.,1.));
#8466=DIRECTION('center_axis',(-0.720646281233186,-0.693302918892442,0.));
#8467=DIRECTION('ref_axis',(0.693302918892442,-0.720646281233186,0.));
#8468=DIRECTION('',(0.693302918892442,-0.720646281233186,0.));
#8469=DIRECTION('center_axis',(0.,0.,-1.));
#8470=DIRECTION('ref_axis',(1.,0.,0.));
#8471=DIRECTION('center_axis',(-2.07917124175863E-15,7.24263663463752E-15,
-1.));
#8472=DIRECTION('ref_axis',(-1.,0.,2.07917124175863E-15));
#8473=DIRECTION('',(0.897545856869825,0.440921120854753,1.32727992912473E-15));
#8474=DIRECTION('',(-0.897545870606434,-0.440921092892297,-1.32727969804206E-15));
#8475=DIRECTION('',(0.,0.,1.));
#8476=DIRECTION('',(0.,0.,1.));
#8477=DIRECTION('center_axis',(-0.440921120854753,0.897545856869825,0.));
#8478=DIRECTION('ref_axis',(-0.897545856869825,-0.440921120854753,0.));
#8479=DIRECTION('',(0.,0.,1.));
#8480=DIRECTION('',(-0.897545856869825,-0.440921120854753,0.));
#8481=DIRECTION('',(0.,0.,1.));
#8482=DIRECTION('',(0.,0.,1.));
#8483=DIRECTION('center_axis',(0.440921092892297,-0.897545870606435,0.));
#8484=DIRECTION('ref_axis',(0.897545870606434,0.440921092892297,0.));
#8485=DIRECTION('',(0.897545870606434,0.440921092892297,0.));
#8486=DIRECTION('',(0.,0.,1.));
#8487=DIRECTION('center_axis',(0.,0.,-1.));
#8488=DIRECTION('ref_axis',(1.,0.,0.));
#8489=DIRECTION('axis',(0.,0.,1.));
#8490=DIRECTION('refdir',(1.,0.,0.));
#8491=DIRECTION('center_axis',(0.,0.,-1.));
#8492=DIRECTION('ref_axis',(1.,0.,0.));
#8493=DIRECTION('',(-0.69331115012181,0.72063836222947,0.));
#8494=DIRECTION('',(-0.897580878692961,-0.440849822734195,0.));
#8495=DIRECTION('',(0.693282909531675,-0.720665530847213,0.));
#8496=DIRECTION('center_axis',(0.72063836222947,0.69331115012181,0.));
#8497=DIRECTION('ref_axis',(-0.69331115012181,0.72063836222947,0.));
#8498=DIRECTION('',(0.69331115012181,-0.72063836222947,-6.66083440753221E-15));
#8499=DIRECTION('',(0.,0.,1.));
#8500=DIRECTION('',(0.,0.,1.));
#8501=DIRECTION('center_axis',(-0.440849822734195,0.897580878692961,0.));
#8502=DIRECTION('ref_axis',(-0.897580878692961,-0.440849822734195,0.));
#8503=DIRECTION('',(0.897580878692961,0.440849822734195,1.3266907263773E-15));
#8504=DIRECTION('',(0.,0.,1.));
#8505=DIRECTION('center_axis',(-0.720665530847213,-0.693282909531675,0.));
#8506=DIRECTION('ref_axis',(0.693282909531675,-0.720665530847213,0.));
#8507=DIRECTION('',(-0.693282909531675,0.720665530847213,6.66097246293553E-15));
#8508=DIRECTION('',(0.,0.,1.));
#8509=DIRECTION('',(0.,0.,1.));
#8510=DIRECTION('',(0.,0.,1.));
#8511=DIRECTION('',(0.,0.,1.));
#8512=DIRECTION('',(0.,0.,1.));
#8513=DIRECTION('',(0.,0.,1.));
#8514=DIRECTION('',(0.,0.,1.));
#8515=DIRECTION('',(0.,0.,1.));
#8516=DIRECTION('center_axis',(-2.07917124175863E-15,7.24263663463752E-15,
-1.));
#8517=DIRECTION('ref_axis',(-1.,0.,2.07917124175863E-15));
#8518=DIRECTION('center_axis',(-2.07917124175863E-15,7.24263663463752E-15,
-1.));
#8519=DIRECTION('ref_axis',(-1.,0.,2.07917124175863E-15));
#8520=DIRECTION('',(-0.89755035226364,-0.440911969843659,-1.327204304983E-15));
#8521=DIRECTION('',(0.,0.,1.));
#8522=DIRECTION('',(0.,0.,1.));
#8523=DIRECTION('',(0.,0.,1.));
#8524=DIRECTION('',(0.,0.,1.));
#8525=DIRECTION('',(0.,0.,1.));
#8526=DIRECTION('',(0.,0.,1.));
#8527=DIRECTION('',(0.,0.,1.));
#8528=DIRECTION('',(0.,0.,1.));
#8529=DIRECTION('center_axis',(0.440911969843659,-0.89755035226364,0.));
#8530=DIRECTION('ref_axis',(0.89755035226364,0.440911969843659,0.));
#8531=DIRECTION('',(0.89755035226364,0.440911969843659,0.));
#8532=DIRECTION('',(0.,0.,1.));
#8533=DIRECTION('center_axis',(0.,0.,-1.));
#8534=DIRECTION('ref_axis',(1.,0.,0.));
#8535=DIRECTION('center_axis',(0.,0.,1.));
#8536=DIRECTION('ref_axis',(1.,0.,0.));
#8537=DIRECTION('',(0.693331624574867,-0.720618663624788,0.));
#8538=DIRECTION('',(0.89753972507636,0.440933602609114,0.));
#8539=DIRECTION('',(-0.693293808926694,0.720655045430139,0.));
#8540=DIRECTION('',(-0.897526386303145,-0.44096075323051,0.));
#8541=DIRECTION('center_axis',(-0.720618663624788,-0.693331624574867,0.));
#8542=DIRECTION('ref_axis',(0.693331624574867,-0.720618663624788,0.));
#8543=DIRECTION('',(-0.693331624574867,0.720618663624788,6.66073430759028E-15));
#8544=DIRECTION('',(0.,0.,1.));
#8545=DIRECTION('',(0.,0.,1.));
#8546=DIRECTION('center_axis',(0.440933602609114,-0.89753972507636,0.));
#8547=DIRECTION('ref_axis',(0.89753972507636,0.440933602609114,0.));
#8548=DIRECTION('',(-0.89753972507636,-0.440933602609114,-1.32738307898476E-15));
#8549=DIRECTION('',(0.,0.,1.));
#8550=DIRECTION('center_axis',(-0.44096075323051,0.897526386303145,0.));
#8551=DIRECTION('ref_axis',(-0.897526386303145,-0.44096075323051,0.));
#8552=DIRECTION('',(0.897526386303145,0.44096075323051,1.3276074546636E-15));
#8553=DIRECTION('',(0.,0.,1.));
#8554=DIRECTION('center_axis',(0.720655045430139,0.693293808926694,0.));
#8555=DIRECTION('ref_axis',(-0.693293808926694,0.720655045430139,0.));
#8556=DIRECTION('',(0.693293808926694,-0.720655045430139,-6.66091918257838E-15));
#8557=DIRECTION('center_axis',(-2.07917124175863E-15,7.24263663463752E-15,
-1.));
#8558=DIRECTION('ref_axis',(-1.,0.,2.07917124175863E-15));
#8559=DIRECTION('axis',(0.,0.,1.));
#8560=DIRECTION('refdir',(1.,0.,0.));
#8561=DIRECTION('center_axis',(-2.29339359113617E-29,-1.,-8.32667268468867E-15));
#8562=DIRECTION('ref_axis',(-1.,-1.87433427293451E-29,5.0052740414961E-15));
#8563=DIRECTION('',(-1.,-1.87433427293451E-29,5.0052740414961E-15));
#8564=DIRECTION('',(-5.55111512312578E-15,8.32667268468867E-15,-1.));
#8565=DIRECTION('',(-1.,-1.87433427293451E-29,5.0052740414961E-15));
#8566=DIRECTION('',(-5.55111512312578E-15,8.32667268468867E-15,-1.));
#8567=DIRECTION('center_axis',(1.,2.25400485218314E-29,-5.55111512312578E-15));
#8568=DIRECTION('ref_axis',(-1.60718325769761E-29,-1.,-6.95569813314654E-15));
#8569=DIRECTION('',(-1.60718325769761E-29,-1.,-6.95569813314654E-15));
#8570=DIRECTION('',(-1.60718325769761E-29,-1.,-6.95569813314654E-15));
#8571=DIRECTION('',(-5.55111512312578E-15,8.32667268468867E-15,-1.));
#8572=DIRECTION('center_axis',(2.29339359113617E-29,1.,8.32667268468867E-15));
#8573=DIRECTION('ref_axis',(1.,1.87433427293451E-29,-5.0052740414961E-15));
#8574=DIRECTION('',(1.,1.87433427293451E-29,-5.0052740414961E-15));
#8575=DIRECTION('',(1.,1.87433427293451E-29,-5.0052740414961E-15));
#8576=DIRECTION('',(-5.55111512312578E-15,8.32667268468867E-15,-1.));
#8577=DIRECTION('center_axis',(-1.,-2.25400485218314E-29,5.55111512312578E-15));
#8578=DIRECTION('ref_axis',(1.60718325769761E-29,1.,6.95569813314654E-15));
#8579=DIRECTION('',(1.60718325769761E-29,1.,6.95569813314654E-15));
#8580=DIRECTION('',(1.60718325769761E-29,1.,6.95569813314654E-15));
#8581=DIRECTION('center_axis',(-5.55111512312578E-15,8.32667268468867E-15,
-1.));
#8582=DIRECTION('ref_axis',(-1.,0.,5.55111512312578E-15));
#8583=DIRECTION('center_axis',(-5.0052740414961E-15,6.95569813314654E-15,
-1.));
#8584=DIRECTION('ref_axis',(1.,1.87433427293451E-29,-5.0052740414961E-15));
#8585=DIRECTION('center_axis',(0.187500000000018,-0.982264602843853,2.18106555670306E-14));
#8586=DIRECTION('ref_axis',(0.982264602843853,0.187500000000018,0.));
#8587=DIRECTION('center_axis',(-1.63590113183803E-16,0.,-1.));
#8588=DIRECTION('ref_axis',(-1.,0.,0.));
#8589=DIRECTION('center_axis',(1.63590113183803E-16,0.,1.));
#8590=DIRECTION('ref_axis',(-0.966722841991965,0.255826008785227,1.58146299138834E-16));
#8591=DIRECTION('center_axis',(-1.63590113183803E-16,0.,-1.));
#8592=DIRECTION('ref_axis',(-0.966722841991965,0.255826008785227,1.61907524424503E-16));
#8593=DIRECTION('center_axis',(-0.729537204140085,0.,-0.68394112888133));
#8594=DIRECTION('ref_axis',(-0.68394112888133,0.,0.729537204140085));
#8595=DIRECTION('center_axis',(-0.702179551236529,0.117846322176659,0.702179551236506));
#8596=DIRECTION('ref_axis',(-0.165514517383824,-0.986207353721924,0.));
#8597=DIRECTION('center_axis',(0.707106781186548,0.,0.707106781186548));
#8598=DIRECTION('ref_axis',(-0.707106781186548,0.,0.707106781186548));
#8599=DIRECTION('center_axis',(0.146204092260679,0.765925891299063,-0.626084572916445));
#8600=DIRECTION('ref_axis',(-0.982264602843855,0.187500000000011,0.));
#8601=DIRECTION('center_axis',(0.680194638426534,0.0660832793803907,-0.730046747847102));
#8602=DIRECTION('ref_axis',(-0.0966981990288662,0.995313748676554,0.));
#8603=DIRECTION('center_axis',(0.463556940385253,-0.0815477679274803,-0.882306593292098));
#8604=DIRECTION('ref_axis',(0.173257015725437,0.984876645322609,0.));
#8605=DIRECTION('center_axis',(0.396074520951156,-0.439385257085576,-0.806266438411742));
#8606=DIRECTION('ref_axis',(0.742766217904743,0.669550853587301,0.));
#8607=DIRECTION('center_axis',(0.,1.,0.));
#8608=DIRECTION('ref_axis',(0.,0.,1.));
#8609=DIRECTION('center_axis',(0.556589224147024,0.,-0.830787840283796));
#8610=DIRECTION('ref_axis',(0.830787840283796,2.15771844835899E-12,0.556589224147024));
#8611=DIRECTION('center_axis',(0.,1.,0.));
#8612=DIRECTION('ref_axis',(0.923879532511287,0.,0.38268343236509));
#8613=DIRECTION('center_axis',(0.,0.,1.));
#8614=DIRECTION('ref_axis',(0.,-1.,0.));
#8615=DIRECTION('center_axis',(0.,-1.,0.));
#8616=DIRECTION('ref_axis',(0.923879532511287,0.,0.38268343236509));
#8617=DIRECTION('center_axis',(0.617715923676187,0.,-0.786401320978592));
#8618=DIRECTION('ref_axis',(0.710725806053223,-0.428018753424705,0.558273029374299));
#8619=DIRECTION('center_axis',(-0.707106781186548,0.,0.707106781186547));
#8620=DIRECTION('ref_axis',(0.,-1.,0.));
#8621=DIRECTION('center_axis',(0.707106781186548,0.,-0.707106781186548));
#8622=DIRECTION('ref_axis',(0.499999999999999,-0.707106781186548,0.500000000000001));
#8623=DIRECTION('center_axis',(-0.923879532511288,0.,0.382683432365088));
#8624=DIRECTION('ref_axis',(0.382683432365088,8.54760274144964E-17,0.923879532511288));
#8625=DIRECTION('center_axis',(0.,0.,-1.));
#8626=DIRECTION('ref_axis',(-1.,0.,0.));
#8627=DIRECTION('',(0.,0.,-1.));
#8628=DIRECTION('center_axis',(0.,0.,-1.));
#8629=DIRECTION('ref_axis',(-1.,0.,0.));
#8630=DIRECTION('center_axis',(0.396074520951133,0.439385257085539,0.806266438411773));
#8631=DIRECTION('ref_axis',(-0.742766217904735,0.66955085358731,0.));
#8632=DIRECTION('center_axis',(0.463556940384133,0.081547767927307,0.882306593292703));
#8633=DIRECTION('ref_axis',(-0.173257015725486,0.9848766453226,0.));
#8634=DIRECTION('center_axis',(0.680194638414546,-0.0660832793788961,0.730046747858407));
#8635=DIRECTION('ref_axis',(0.096698199028388,0.9953137486766,0.));
#8636=DIRECTION('center_axis',(0.146204092260683,-0.765925891299145,0.626084572916344));
#8637=DIRECTION('ref_axis',(0.982264602843858,0.187499999999996,0.));
#8638=DIRECTION('center_axis',(-0.702179551254168,-0.117846322181301,-0.702179551218089));
#8639=DIRECTION('ref_axis',(0.16551451738612,-0.986207353721538,0.));
#8640=DIRECTION('center_axis',(-0.707106781186549,0.,0.707106781186546));
#8641=DIRECTION('ref_axis',(0.707106781186546,0.,0.707106781186549));
#8642=DIRECTION('center_axis',(0.729537204140086,1.34991500226165E-16,-0.683941128881329));
#8643=DIRECTION('ref_axis',(0.683941128881328,0.,0.729537204140086));
#8644=DIRECTION('center_axis',(-1.63590113183803E-16,0.,-1.));
#8645=DIRECTION('ref_axis',(0.955493725020734,0.29501142595839,0.));
#8646=DIRECTION('center_axis',(-1.63590113183803E-16,0.,-1.));
#8647=DIRECTION('ref_axis',(0.966722841991963,0.255826008785233,-1.61907524424502E-16));
#8648=DIRECTION('center_axis',(-1.63590113183803E-16,0.,-1.));
#8649=DIRECTION('ref_axis',(0.966722841991963,0.255826008785233,-1.61907524424502E-16));
#8650=DIRECTION('center_axis',(0.187499999999995,0.982264602843858,1.04083408558606E-15));
#8651=DIRECTION('ref_axis',(-0.982264602843858,0.187499999999995,0.));
#8652=DIRECTION('center_axis',(1.63590113183803E-16,0.,1.));
#8653=DIRECTION('ref_axis',(0.966722841991963,0.255826008785233,-1.58146299138833E-16));
#8654=DIRECTION('center_axis',(0.,1.,0.));
#8655=DIRECTION('ref_axis',(0.,0.,1.));
#8656=DIRECTION('center_axis',(0.,-1.,0.));
#8657=DIRECTION('ref_axis',(-0.923879532511287,0.,0.38268343236509));
#8658=DIRECTION('center_axis',(0.,0.,1.));
#8659=DIRECTION('ref_axis',(-1.,0.,0.));
#8660=DIRECTION('center_axis',(0.,1.,0.));
#8661=DIRECTION('ref_axis',(-0.923879532511287,0.,0.38268343236509));
#8662=DIRECTION('center_axis',(-0.556589224147024,0.,-0.830787840283796));
#8663=DIRECTION('ref_axis',(0.,-1.,0.));
#8664=DIRECTION('center_axis',(0.,1.,0.));
#8665=DIRECTION('ref_axis',(-1.,0.,0.));
#8666=DIRECTION('',(0.,1.,0.));
#8667=DIRECTION('center_axis',(0.,1.,0.));
#8668=DIRECTION('ref_axis',(-0.923879532511287,0.,0.38268343236509));
#8669=DIRECTION('',(0.,1.,0.));
#8670=DIRECTION('center_axis',(-0.707106781186549,0.,0.707106781186546));
#8671=DIRECTION('ref_axis',(0.707106781186546,0.,0.707106781186549));
#8672=DIRECTION('',(0.,1.,0.));
#8673=DIRECTION('center_axis',(-0.707106781186549,0.,0.707106781186546));
#8674=DIRECTION('ref_axis',(0.707106781186546,0.,0.707106781186549));
#8675=DIRECTION('center_axis',(1.63590113183803E-16,0.,1.));
#8676=DIRECTION('ref_axis',(1.,0.,-1.63590113183803E-16));
#8677=DIRECTION('',(0.,1.,0.));
#8678=DIRECTION('center_axis',(1.63590113183803E-16,0.,1.));
#8679=DIRECTION('ref_axis',(-0.966722841991965,-0.255826008785227,1.58146299138833E-16));
#8680=DIRECTION('',(1.,0.,-1.63590113183803E-16));
#8681=DIRECTION('center_axis',(1.63590113183803E-16,0.,1.));
#8682=DIRECTION('ref_axis',(0.966722841991963,-0.255826008785233,-1.58146299138833E-16));
#8683=DIRECTION('',(-1.,0.,1.63590113183803E-16));
#8684=DIRECTION('center_axis',(1.63590113183803E-16,0.,1.));
#8685=DIRECTION('ref_axis',(-0.67423870756856,-0.738513483435664,1.10298786484042E-16));
#8686=DIRECTION('',(0.0879736552594605,-0.996122801656648,-1.4391620221088E-17));
#8687=DIRECTION('center_axis',(-1.63590113183803E-16,0.,-1.));
#8688=DIRECTION('ref_axis',(0.0879736552594678,0.996122801656647,-1.43916202210892E-17));
#8689=DIRECTION('',(0.996122801656649,-0.0879736552594499,-1.62955841867978E-16));
#8690=DIRECTION('center_axis',(1.63590113183803E-16,0.,1.));
#8691=DIRECTION('ref_axis',(-0.0879736551408735,-0.996122801667121,1.43916202016884E-17));
#8692=DIRECTION('',(2.7732749301429E-15,-1.,-4.5368035971188E-31));
#8693=DIRECTION('center_axis',(1.63590113183803E-16,0.,1.));
#8694=DIRECTION('ref_axis',(-0.738513483435663,0.67423870756856,1.20813504343005E-16));
#8695=DIRECTION('',(-0.996122801656648,-0.0879736552594607,1.62955841867978E-16));
#8696=DIRECTION('center_axis',(-1.63590113183803E-16,0.,-1.));
#8697=DIRECTION('ref_axis',(0.996122801656647,-0.0879736552594677,-1.62955841867978E-16));
#8698=DIRECTION('',(-0.0879736552594552,-0.996122801656649,1.43916202210872E-17));
#8699=DIRECTION('center_axis',(1.63590113183803E-16,0.,1.));
#8700=DIRECTION('ref_axis',(-0.996122798887956,0.0879736866092641,1.62955841415048E-16));
#8701=DIRECTION('',(-1.,-1.38663746507145E-15,1.63590113183803E-16));
#8702=DIRECTION('center_axis',(1.63590113183803E-16,0.,1.));
#8703=DIRECTION('ref_axis',(0.67423870756856,0.738513483435664,-1.10298786484042E-16));
#8704=DIRECTION('',(-0.0879736552596228,0.996122801656634,1.43916202211146E-17));
#8705=DIRECTION('center_axis',(-1.63590113183803E-16,0.,-1.));
#8706=DIRECTION('ref_axis',(-0.0879736552594677,-0.996122801656647,1.43916202210892E-17));
#8707=DIRECTION('',(-0.996122801656649,0.0879736552594529,1.62955841867978E-16));
#8708=DIRECTION('center_axis',(1.63590113183803E-16,0.,1.));
#8709=DIRECTION('ref_axis',(0.087975009421912,0.996122682061409,-1.43918417486767E-17));
#8710=DIRECTION('',(8.43723665043981E-49,1.,-1.38024849860398E-64));
#8711=DIRECTION('center_axis',(1.63590113183803E-16,0.,1.));
#8712=DIRECTION('ref_axis',(0.738513483435662,-0.674238707568561,-1.20813504343005E-16));
#8713=DIRECTION('',(0.996122801656647,0.0879736552594689,-1.62955841867978E-16));
#8714=DIRECTION('center_axis',(-1.63590113183803E-16,0.,-1.));
#8715=DIRECTION('ref_axis',(-0.996122801656647,0.087973655259468,1.62955841867978E-16));
#8716=DIRECTION('',(0.0879736552594566,0.996122801656648,-1.43916202210874E-17));
#8717=DIRECTION('center_axis',(1.63590113183803E-16,0.,1.));
#8718=DIRECTION('ref_axis',(0.996122309570071,-0.0879792269617534,-1.62955761367479E-16));
#8719=DIRECTION('',(1.,2.07995619757761E-15,-1.63590113183803E-16));
#8720=DIRECTION('center_axis',(1.63590113183803E-16,0.,1.));
#8721=DIRECTION('ref_axis',(-0.41199344181831,0.911186810647906,6.7398053778042E-17));
#8722=DIRECTION('',(0.,1.,0.));
#8723=DIRECTION('',(1.,0.,-1.63590113183803E-16));
#8724=DIRECTION('',(0.,-1.,0.));
#8725=DIRECTION('',(-1.,0.,1.63590113183803E-16));
#8726=DIRECTION('center_axis',(0.,0.,-1.));
#8727=DIRECTION('ref_axis',(-1.,0.,0.));
#8728=DIRECTION('',(0.,0.,-1.));
#8729=DIRECTION('center_axis',(0.,0.,-1.));
#8730=DIRECTION('ref_axis',(-1.,0.,0.));
#8731=DIRECTION('center_axis',(-0.187500000000005,0.982264602843856,0.));
#8732=DIRECTION('ref_axis',(-0.982264602843856,-0.187500000000005,0.));
#8733=DIRECTION('center_axis',(0.729537204140086,1.34991500226165E-16,-0.683941128881329));
#8734=DIRECTION('ref_axis',(0.683941128881328,0.,0.729537204140086));
#8735=DIRECTION('center_axis',(0.702179551236524,-0.117846322176645,0.702179551236514));
#8736=DIRECTION('ref_axis',(0.165514517383807,0.986207353721927,0.));
#8737=DIRECTION('center_axis',(-0.146204092260635,-0.765925891299212,-0.626084572916272));
#8738=DIRECTION('ref_axis',(0.982264602843872,-0.187499999999921,0.));
#8739=DIRECTION('center_axis',(-0.680194638426503,-0.0660832793803694,-0.730046747847133));
#8740=DIRECTION('ref_axis',(0.0966981990288397,-0.995313748676556,0.));
#8741=DIRECTION('center_axis',(-0.463556940385267,0.0815477679274955,-0.88230659329209));
#8742=DIRECTION('ref_axis',(-0.173257015725464,-0.984876645322604,0.));
#8743=DIRECTION('center_axis',(-0.396074520951106,0.439385257085539,-0.806266438411787));
#8744=DIRECTION('ref_axis',(-0.742766217904757,-0.669550853587286,0.));
#8745=DIRECTION('center_axis',(-1.63590113183803E-16,0.,-1.));
#8746=DIRECTION('ref_axis',(0.955493725020732,-0.295011425958394,0.));
#8747=DIRECTION('center_axis',(-1.63590113183803E-16,0.,-1.));
#8748=DIRECTION('ref_axis',(0.966722841991963,-0.255826008785233,-1.61907524424502E-16));
#8749=DIRECTION('center_axis',(-1.63590113183803E-16,0.,-1.));
#8750=DIRECTION('ref_axis',(0.966722841991963,-0.255826008785233,-1.61907524424502E-16));
#8751=DIRECTION('center_axis',(0.707106781186546,0.,0.707106781186549));
#8752=DIRECTION('ref_axis',(-0.500000000000001,0.707106781186548,0.499999999999998));
#8753=DIRECTION('center_axis',(0.923879532511285,0.,0.382683432365093));
#8754=DIRECTION('ref_axis',(-0.382683432365093,-2.56428082243489E-16,0.923879532511285));
#8755=DIRECTION('center_axis',(0.707106781186546,0.,0.707106781186549));
#8756=DIRECTION('ref_axis',(0.,1.,0.));
#8757=DIRECTION('center_axis',(1.,0.,-1.63590113183803E-16));
#8758=DIRECTION('ref_axis',(0.,0.707106781186549,0.707106781186546));
#8759=DIRECTION('center_axis',(-0.923879532511288,0.,0.382683432365088));
#8760=DIRECTION('ref_axis',(0.382683432365088,-2.56428082243489E-16,0.923879532511288));
#8761=DIRECTION('',(-1.,0.,1.63590113183803E-16));
#8762=DIRECTION('center_axis',(0.,0.,-1.));
#8763=DIRECTION('ref_axis',(-1.,0.,0.));
#8764=DIRECTION('',(0.,0.,-1.));
#8765=DIRECTION('center_axis',(0.,0.,-1.));
#8766=DIRECTION('ref_axis',(-1.,0.,0.));
#8767=DIRECTION('center_axis',(-0.396074520951133,-0.439385257085549,0.806266438411768));
#8768=DIRECTION('ref_axis',(0.742766217904742,-0.669550853587302,0.));
#8769=DIRECTION('center_axis',(-0.463556940384225,-0.0815477679273201,0.882306593292653));
#8770=DIRECTION('ref_axis',(0.17325701572548,-0.984876645322601,0.));
#8771=DIRECTION('center_axis',(-0.680194638414517,0.0660832793788843,0.730046747858435));
#8772=DIRECTION('ref_axis',(-0.096698199028375,-0.995313748676601,0.));
#8773=DIRECTION('center_axis',(-0.146204092260667,0.765925891299375,0.626084572916066));
#8774=DIRECTION('ref_axis',(-0.982264602843872,-0.187499999999922,0.));
#8775=DIRECTION('center_axis',(0.702179551254132,0.117846322181303,-0.702179551218125));
#8776=DIRECTION('ref_axis',(-0.165514517386132,0.986207353721537,0.));
#8777=DIRECTION('center_axis',(0.707106781186548,0.,0.707106781186548));
#8778=DIRECTION('ref_axis',(-0.707106781186548,0.,0.707106781186548));
#8779=DIRECTION('center_axis',(-0.729537204140085,0.,-0.68394112888133));
#8780=DIRECTION('ref_axis',(-0.68394112888133,0.,0.729537204140085));
#8781=DIRECTION('center_axis',(-1.63590113183803E-16,0.,-1.));
#8782=DIRECTION('ref_axis',(-1.,0.,0.));
#8783=DIRECTION('center_axis',(-1.63590113183803E-16,0.,-1.));
#8784=DIRECTION('ref_axis',(-0.966722841991965,-0.255826008785227,1.61907524424502E-16));
#8785=DIRECTION('center_axis',(-0.1875,-0.982264602843857,0.));
#8786=DIRECTION('ref_axis',(0.982264602843857,-0.1875,0.));
#8787=DIRECTION('center_axis',(0.707106781186548,0.,0.707106781186548));
#8788=DIRECTION('ref_axis',(0.707106781186548,0.,-0.707106781186548));
#8789=DIRECTION('',(0.,1.,0.));
#8790=DIRECTION('center_axis',(0.707106781186548,0.,-0.707106781186548));
#8791=DIRECTION('ref_axis',(0.499999999999998,0.707106781186548,0.5));
#8792=DIRECTION('center_axis',(-0.707106781186548,0.,0.707106781186548));
#8793=DIRECTION('ref_axis',(0.707106781186548,0.,0.707106781186548));
#8794=DIRECTION('center_axis',(0.,0.,-1.));
#8795=DIRECTION('ref_axis',(-1.,0.,0.));
#8796=DIRECTION('',(0.,0.,-1.));
#8797=DIRECTION('center_axis',(0.,0.,-1.));
#8798=DIRECTION('ref_axis',(-1.,0.,0.));
#8799=DIRECTION('center_axis',(0.,0.,1.));
#8800=DIRECTION('ref_axis',(-1.,0.,0.));
#8801=DIRECTION('center_axis',(0.,0.,1.));
#8802=DIRECTION('ref_axis',(-1.,0.,0.));
#8803=DIRECTION('center_axis',(0.,0.,1.));
#8804=DIRECTION('ref_axis',(-1.,0.,0.));
#8805=DIRECTION('center_axis',(0.,0.,1.));
#8806=DIRECTION('ref_axis',(-1.,0.,0.));
#8807=DIRECTION('center_axis',(0.,0.,1.));
#8808=DIRECTION('ref_axis',(-1.,0.,0.));
#8809=DIRECTION('center_axis',(0.,0.,1.));
#8810=DIRECTION('ref_axis',(-1.,0.,0.));
#8811=DIRECTION('center_axis',(0.,0.,1.));
#8812=DIRECTION('ref_axis',(-1.,0.,0.));
#8813=DIRECTION('center_axis',(0.,0.,1.));
#8814=DIRECTION('ref_axis',(-1.,0.,0.));
#8815=DIRECTION('center_axis',(-0.707106781186546,0.,-0.707106781186549));
#8816=DIRECTION('ref_axis',(-0.500000000000001,-0.707106781186548,0.499999999999999));
#8817=DIRECTION('center_axis',(0.707106781186546,0.,0.707106781186549));
#8818=DIRECTION('ref_axis',(-0.707106781186549,-1.85037170770859E-16,0.707106781186546));
#8819=DIRECTION('center_axis',(0.923879532511287,0.,0.382683432365089));
#8820=DIRECTION('ref_axis',(-0.382683432365089,8.54760274144964E-17,0.923879532511287));
#8821=DIRECTION('center_axis',(-0.617715923676184,-2.28600813714298E-16,
-0.786401320978595));
#8822=DIRECTION('ref_axis',(3.70074341541719E-16,-1.,0.));
#8823=DIRECTION('center_axis',(0.617715923676183,0.,-0.786401320978595));
#8824=DIRECTION('ref_axis',(0.,1.,0.));
#8825=DIRECTION('center_axis',(0.556589224147024,0.,-0.830787840283796));
#8826=DIRECTION('ref_axis',(0.,1.,0.));
#8827=DIRECTION('center_axis',(0.,1.,0.));
#8828=DIRECTION('ref_axis',(0.,0.,1.));
#8829=DIRECTION('center_axis',(0.,1.,0.));
#8830=DIRECTION('ref_axis',(0.923879532511287,0.,0.38268343236509));
#8831=DIRECTION('center_axis',(0.,0.,1.));
#8832=DIRECTION('ref_axis',(1.,0.,0.));
#8833=DIRECTION('center_axis',(0.,-1.,0.));
#8834=DIRECTION('ref_axis',(0.923879532511287,0.,0.38268343236509));
#8835=DIRECTION('center_axis',(0.617715923676184,9.14403254857192E-16,0.786401320978595));
#8836=DIRECTION('ref_axis',(-1.48029736616687E-15,1.,0.));
#8837=DIRECTION('center_axis',(-0.556589224147023,0.,-0.830787840283796));
#8838=DIRECTION('ref_axis',(-0.830787840283796,-2.16123415460364E-12,0.556589224147023));
#8839=DIRECTION('center_axis',(0.,1.,0.));
#8840=DIRECTION('ref_axis',(0.,0.,1.));
#8841=DIRECTION('',(0.,1.,0.));
#8842=DIRECTION('center_axis',(-1.,0.,1.63590113183803E-16));
#8843=DIRECTION('ref_axis',(0.,-0.707106781186548,0.707106781186547));
#8844=DIRECTION('',(1.,0.,-1.63590113183803E-16));
#8845=DIRECTION('center_axis',(0.,0.,1.));
#8846=DIRECTION('ref_axis',(0.707106781186548,-0.707106781186547,0.));
#8847=DIRECTION('center_axis',(-3.36431219583381E-17,0.,1.));
#8848=DIRECTION('ref_axis',(0.707106781186548,-0.707106781186547,0.));
#8849=DIRECTION('',(0.,0.,1.));
#8850=DIRECTION('',(0.,0.,-1.));
#8851=DIRECTION('center_axis',(0.,1.,0.));
#8852=DIRECTION('ref_axis',(1.,0.,0.));
#8853=DIRECTION('',(-2.60860673079219E-17,0.,1.));
#8854=DIRECTION('',(1.,0.,3.36431219583381E-17));
#8855=DIRECTION('',(0.,0.,1.));
#8856=DIRECTION('center_axis',(0.,1.,0.));
#8857=DIRECTION('ref_axis',(-1.,0.,0.));
#8858=DIRECTION('',(1.,0.,0.));
#8859=DIRECTION('center_axis',(0.,1.,0.));
#8860=DIRECTION('ref_axis',(0.,0.,1.));
#8861=DIRECTION('',(0.,0.,-1.));
#8862=DIRECTION('',(1.,0.,3.36431219583381E-17));
#8863=DIRECTION('center_axis',(2.60860673079219E-17,0.,-1.));
#8864=DIRECTION('ref_axis',(-0.707106781186548,-0.707106781186547,0.));
#8865=DIRECTION('center_axis',(-3.36431219583381E-17,0.,1.));
#8866=DIRECTION('ref_axis',(-0.707106781186548,-0.707106781186547,0.));
#8867=DIRECTION('',(2.60860673079219E-17,0.,-1.));
#8868=DIRECTION('center_axis',(-1.,0.,-2.60860673079219E-17));
#8869=DIRECTION('ref_axis',(-2.60860673079219E-17,0.,1.));
#8870=DIRECTION('',(-2.60860673079219E-17,0.,1.));
#8871=DIRECTION('',(0.,1.,0.));
#8872=DIRECTION('center_axis',(0.,1.,0.));
#8873=DIRECTION('ref_axis',(1.,0.,0.));
#8874=DIRECTION('',(0.,0.,1.));
#8875=DIRECTION('',(-1.,0.,-3.36431219583381E-17));
#8876=DIRECTION('',(0.,0.,1.));
#8877=DIRECTION('center_axis',(0.,-1.,0.));
#8878=DIRECTION('ref_axis',(0.,0.,1.));
#8879=DIRECTION('',(-1.,0.,0.));
#8880=DIRECTION('center_axis',(0.,-1.,0.));
#8881=DIRECTION('ref_axis',(-1.,0.,0.));
#8882=DIRECTION('',(0.,0.,-1.));
#8883=DIRECTION('',(-1.,0.,-3.36431219583381E-17));
#8884=DIRECTION('',(2.60860673079219E-17,0.,-1.));
#8885=DIRECTION('center_axis',(0.,-1.,0.));
#8886=DIRECTION('ref_axis',(-0.923879532511287,0.,0.38268343236509));
#8887=DIRECTION('center_axis',(0.,0.,-1.));
#8888=DIRECTION('ref_axis',(0.707106781186548,0.707106781186548,0.));
#8889=DIRECTION('center_axis',(-3.36431219583381E-17,0.,1.));
#8890=DIRECTION('ref_axis',(0.707106781186548,0.707106781186548,0.));
#8891=DIRECTION('',(0.,0.,-1.));
#8892=DIRECTION('center_axis',(1.,0.,0.));
#8893=DIRECTION('ref_axis',(0.,0.,-1.));
#8894=DIRECTION('',(0.,1.,0.));
#8895=DIRECTION('center_axis',(-2.60860673079219E-17,0.,1.));
#8896=DIRECTION('ref_axis',(-0.707106781186547,0.707106781186548,0.));
#8897=DIRECTION('center_axis',(-3.36431219583381E-17,0.,1.));
#8898=DIRECTION('ref_axis',(-0.707106781186547,0.707106781186548,0.));
#8899=DIRECTION('center_axis',(0.,0.,-1.));
#8900=DIRECTION('ref_axis',(-1.,0.,0.));
#8901=DIRECTION('center_axis',(0.,1.,0.));
#8902=DIRECTION('ref_axis',(0.,0.,1.));
#8903=DIRECTION('center_axis',(3.36431219583381E-17,0.,-1.));
#8904=DIRECTION('ref_axis',(-1.,0.,-3.36431219583381E-17));
#8905=DIRECTION('',(0.,1.,0.));
#8906=DIRECTION('',(-1.,1.12143739861127E-17,-3.36431219583381E-17));
#8907=DIRECTION('',(0.,-1.,0.));
#8908=DIRECTION('center_axis',(3.36431219583381E-17,0.,-1.));
#8909=DIRECTION('ref_axis',(-1.11022302462516E-16,-1.,0.));
#8910=DIRECTION('',(-1.,1.12143739861127E-17,-3.36431219583381E-17));
#8911=DIRECTION('',(0.,-1.,0.));
#8912=DIRECTION('',(1.,1.12143739861127E-17,3.36431219583381E-17));
#8913=DIRECTION('center_axis',(3.36431219583381E-17,0.,-1.));
#8914=DIRECTION('ref_axis',(0.,1.,0.));
#8915=DIRECTION('',(0.,-1.,0.));
#8916=DIRECTION('',(1.,1.12143739861127E-17,3.36431219583381E-17));
#8917=DIRECTION('',(0.,1.,0.));
#8918=DIRECTION('center_axis',(3.36431219583381E-17,0.,-1.));
#8919=DIRECTION('ref_axis',(-1.,0.,0.));
#8920=DIRECTION('center_axis',(3.36431219583381E-17,0.,-1.));
#8921=DIRECTION('ref_axis',(-1.,0.,0.));
#8922=DIRECTION('center_axis',(-1.,0.,0.));
#8923=DIRECTION('ref_axis',(0.,1.,0.));
#8924=DIRECTION('',(0.,0.,-1.));
#8925=DIRECTION('',(0.,1.,0.));
#8926=DIRECTION('',(0.,0.,-1.));
#8927=DIRECTION('center_axis',(0.,-1.,0.));
#8928=DIRECTION('ref_axis',(-1.,0.,0.));
#8929=DIRECTION('',(0.,0.,-1.));
#8930=DIRECTION('',(-1.,0.,0.));
#8931=DIRECTION('center_axis',(1.,0.,0.));
#8932=DIRECTION('ref_axis',(0.,-1.,0.));
#8933=DIRECTION('',(0.,0.,-1.));
#8934=DIRECTION('',(0.,-1.,0.));
#8935=DIRECTION('center_axis',(0.,1.,0.));
#8936=DIRECTION('ref_axis',(1.,0.,0.));
#8937=DIRECTION('',(1.,0.,0.));
#8938=DIRECTION('center_axis',(0.,0.,-1.));
#8939=DIRECTION('ref_axis',(-1.,0.,0.));
#8940=DIRECTION('',(-1.,-1.63590113183803E-16,0.));
#8941=DIRECTION('',(-1.45815148064472E-63,1.,0.));
#8942=DIRECTION('',(1.,-1.63590113183803E-16,0.));
#8943=DIRECTION('',(1.45815148064472E-63,-1.,0.));
#8944=DIRECTION('center_axis',(1.15675678367342E-16,0.707106781186549,0.707106781186546));
#8945=DIRECTION('ref_axis',(1.,0.,-1.63590113183803E-16));
#8946=DIRECTION('',(0.577350269189624,-0.577350269189626,0.577350269189627));
#8947=DIRECTION('',(-1.,0.,1.63590113183803E-16));
#8948=DIRECTION('',(-0.577350269189626,-0.577350269189625,0.577350269189627));
#8949=DIRECTION('center_axis',(-0.707106781186548,-1.03106879996109E-63,
0.707106781186548));
#8950=DIRECTION('ref_axis',(0.707106781186548,0.,0.707106781186548));
#8951=DIRECTION('',(0.577350269189626,0.577350269189626,0.577350269189626));
#8952=DIRECTION('',(1.45815148064472E-63,-1.,-2.385391657578E-79));
#8953=DIRECTION('center_axis',(1.15675678367342E-16,-0.707106781186548,
0.707106781186547));
#8954=DIRECTION('ref_axis',(1.,0.,-1.63590113183803E-16));
#8955=DIRECTION('',(0.577350269189626,-0.577350269189625,-0.577350269189627));
#8956=DIRECTION('',(1.,0.,-1.63590113183803E-16));
#8957=DIRECTION('center_axis',(0.707106781186548,1.03106879996109E-63,0.707106781186547));
#8958=DIRECTION('ref_axis',(0.707106781186547,0.,-0.707106781186548));
#8959=DIRECTION('',(-1.45815148064472E-63,1.,2.385391657578E-79));
#8960=DIRECTION('center_axis',(1.,1.45815148064472E-63,0.));
#8961=DIRECTION('ref_axis',(-1.45815148064472E-63,1.,-8.91344502590081E-48));
#8962=DIRECTION('',(0.,0.,1.));
#8963=DIRECTION('',(-1.45815148064472E-63,1.,0.));
#8964=DIRECTION('',(0.,0.,1.));
#8965=DIRECTION('center_axis',(0.,1.,0.));
#8966=DIRECTION('ref_axis',(-1.,0.,1.63590113183803E-16));
#8967=DIRECTION('',(0.,0.,-1.));
#8968=DIRECTION('',(-1.,0.,0.));
#8969=DIRECTION('center_axis',(-1.,0.,0.));
#8970=DIRECTION('ref_axis',(0.,1.,0.));
#8971=DIRECTION('',(0.,1.,0.));
#8972=DIRECTION('',(0.,0.,-1.));
#8973=DIRECTION('',(0.,1.,0.));
#8974=DIRECTION('',(0.,0.,-1.));
#8975=DIRECTION('center_axis',(-9.65411325761006E-17,0.,-1.));
#8976=DIRECTION('ref_axis',(-1.,0.,9.65411325761006E-17));
#8977=DIRECTION('',(0.,1.,0.));
#8978=DIRECTION('center_axis',(9.65411325761006E-17,0.,1.));
#8979=DIRECTION('ref_axis',(-1.,0.,0.));
#8980=DIRECTION('',(1.22464679914735E-16,-1.,-1.18228788995382E-32));
#8981=DIRECTION('',(-1.,0.,9.65411325761006E-17));
#8982=DIRECTION('',(-6.12323399573677E-17,1.,5.91143944976909E-33));
#8983=DIRECTION('center_axis',(9.65411325761006E-17,0.,1.));
#8984=DIRECTION('ref_axis',(-1.,0.,0.));
#8985=DIRECTION('',(1.,6.12323399573677E-17,-9.65411325761006E-17));
#8986=DIRECTION('',(0.,-1.,0.));
#8987=DIRECTION('',(-1.,-4.24957554540635E-32,9.65411325761006E-17));
#8988=DIRECTION('center_axis',(9.65411325761006E-17,0.,1.));
#8989=DIRECTION('ref_axis',(-1.,0.,0.));
#8990=DIRECTION('',(-1.39526004018199E-32,1.,1.34699984517344E-48));
#8991=DIRECTION('',(1.,0.,-9.65411325761006E-17));
#8992=DIRECTION('',(1.83697019872103E-16,-1.,-1.77343183493073E-32));
#8993=DIRECTION('center_axis',(9.65411325761006E-17,0.,1.));
#8994=DIRECTION('ref_axis',(-1.,0.,0.));
#8995=DIRECTION('',(-1.,-1.83697019872103E-16,9.65411325761006E-17));
#8996=DIRECTION('',(0.,1.,0.));
#8997=DIRECTION('',(1.,1.22464679914735E-16,-9.65411325761006E-17));
#8998=DIRECTION('center_axis',(9.65411325761006E-17,0.,1.));
#8999=DIRECTION('ref_axis',(-1.,0.,0.));
#9000=DIRECTION('',(-1.,-3.98162007488291E-32,9.65411325761006E-17));
#9001=DIRECTION('center_axis',(9.65411325761006E-17,0.,1.));
#9002=DIRECTION('ref_axis',(-1.,0.,0.));
#9003=DIRECTION('',(0.,1.,0.));
#9004=DIRECTION('',(-1.,0.,9.65411325761006E-17));
#9005=DIRECTION('',(0.,1.,0.));
#9006=DIRECTION('',(1.,0.,-9.65411325761006E-17));
#9007=DIRECTION('',(0.,1.,0.));
#9008=DIRECTION('center_axis',(9.65411325761006E-17,0.,1.));
#9009=DIRECTION('ref_axis',(-1.,0.,0.));
#9010=DIRECTION('',(1.,3.98162007488291E-32,-9.65411325761006E-17));
#9011=DIRECTION('',(-1.,0.,9.65411325761006E-17));
#9012=DIRECTION('',(0.,-1.,0.));
#9013=DIRECTION('',(1.,0.,-9.65411325761006E-17));
#9014=DIRECTION('',(0.,1.,0.));
#9015=DIRECTION('center_axis',(0.,-1.,0.));
#9016=DIRECTION('ref_axis',(1.,0.,-1.63590113183803E-16));
#9017=DIRECTION('',(1.,0.,0.));
#9018=DIRECTION('',(0.,0.,1.));
#9019=DIRECTION('center_axis',(-1.,-1.45815148064472E-63,0.));
#9020=DIRECTION('ref_axis',(1.45815148064472E-63,-1.,8.91344502590081E-48));
#9021=DIRECTION('',(1.45815148064472E-63,-1.,0.));
#9022=DIRECTION('center_axis',(0.,0.,-1.));
#9023=DIRECTION('ref_axis',(-1.,0.,0.));
#9024=DIRECTION('',(1.,0.,0.));
#9025=DIRECTION('',(4.69935671799008E-16,-1.,0.));
#9026=DIRECTION('',(-1.,0.,0.));
#9027=DIRECTION('',(0.,-1.,0.));
#9028=DIRECTION('',(1.,0.,1.23110556733078E-80));
#9029=DIRECTION('',(-1.,0.,0.));
#9030=DIRECTION('',(-4.69935671799008E-16,1.,0.));
#9031=DIRECTION('center_axis',(0.,1.,0.));
#9032=DIRECTION('ref_axis',(-1.,0.,1.16090013183073E-49));
#9033=DIRECTION('',(0.,0.,1.));
#9034=DIRECTION('',(-1.,0.,1.16090013183073E-49));
#9035=DIRECTION('',(0.,0.,-1.));
#9036=DIRECTION('center_axis',(-1.,-4.69935671799008E-16,0.));
#9037=DIRECTION('ref_axis',(4.69935671799008E-16,-1.,0.));
#9038=DIRECTION('',(0.,0.,-1.));
#9039=DIRECTION('',(4.69935671799008E-16,-1.,0.));
#9040=DIRECTION('center_axis',(1.,0.,0.));
#9041=DIRECTION('ref_axis',(0.,-1.,0.));
#9042=DIRECTION('',(0.,-1.,0.));
#9043=DIRECTION('',(0.,0.,-1.));
#9044=DIRECTION('center_axis',(-1.,0.,0.));
#9045=DIRECTION('ref_axis',(0.,1.,0.));
#9046=DIRECTION('',(0.,0.,-1.));
#9047=DIRECTION('',(0.,1.,0.));
#9048=DIRECTION('',(0.,0.,-1.));
#9049=DIRECTION('center_axis',(0.,-1.,0.));
#9050=DIRECTION('ref_axis',(-1.,0.,0.));
#9051=DIRECTION('',(-1.,0.,0.));
#9052=DIRECTION('',(0.,0.,-1.));
#9053=DIRECTION('center_axis',(1.,0.,0.));
#9054=DIRECTION('ref_axis',(0.,-1.,-1.7675532698613E-80));
#9055=DIRECTION('',(0.,-1.,-1.7675532698613E-80));
#9056=DIRECTION('',(0.,0.,-1.));
#9057=DIRECTION('center_axis',(0.,1.,0.));
#9058=DIRECTION('ref_axis',(1.,0.,1.23110556733078E-80));
#9059=DIRECTION('',(1.,0.,1.23110556733078E-80));
#9060=DIRECTION('',(1.,0.,1.23110556733078E-80));
#9061=DIRECTION('center_axis',(0.,0.,-1.));
#9062=DIRECTION('ref_axis',(-1.,0.,0.));
#9063=DIRECTION('',(-1.,0.,1.16090013183073E-49));
#9064=DIRECTION('',(1.,0.,2.04122280819386E-48));
#9065=DIRECTION('',(-4.69935671799008E-16,1.,-3.05219813987404E-48));
#9066=DIRECTION('center_axis',(0.,1.,0.));
#9067=DIRECTION('ref_axis',(-1.,0.,1.16090013183073E-49));
#9068=DIRECTION('',(0.,0.,1.));
#9069=DIRECTION('center_axis',(1.,4.69935671799008E-16,0.));
#9070=DIRECTION('ref_axis',(-4.69935671799008E-16,1.,-3.05219813987404E-48));
#9071=DIRECTION('',(0.,0.,1.));
#9072=DIRECTION('center_axis',(0.,-1.,0.));
#9073=DIRECTION('ref_axis',(1.,0.,2.04122280819386E-48));
#9074=DIRECTION('center_axis',(-9.65411325761006E-17,0.,-1.));
#9075=DIRECTION('ref_axis',(-1.,0.,9.65411325761006E-17));
#9076=DIRECTION('center_axis',(9.65411325761006E-17,0.,1.));
#9077=DIRECTION('ref_axis',(-1.,0.,0.));
#9078=DIRECTION('',(0.,1.,0.));
#9079=DIRECTION('',(-1.,-3.98162007488291E-32,9.65411325761006E-17));
#9080=DIRECTION('center_axis',(0.,0.,-1.));
#9081=DIRECTION('ref_axis',(-1.,0.,0.));
#9082=DIRECTION('center_axis',(9.65411325761006E-17,0.,1.));
#9083=DIRECTION('ref_axis',(-1.,0.,9.65411325761006E-17));
#9084=DIRECTION('',(0.,0.,1.));
#9085=DIRECTION('center_axis',(-9.65411325761006E-17,0.,-1.));
#9086=DIRECTION('ref_axis',(-1.,0.,0.));
#9087=DIRECTION('center_axis',(0.,0.,-1.));
#9088=DIRECTION('ref_axis',(-1.,0.,0.));
#9089=DIRECTION('center_axis',(-9.65411325761006E-17,0.,-1.));
#9090=DIRECTION('ref_axis',(-1.,0.,9.65411325761006E-17));
#9091=DIRECTION('',(0.,0.,1.));
#9092=DIRECTION('center_axis',(-1.23259516440783E-32,-2.77555756156289E-17,
-1.));
#9093=DIRECTION('ref_axis',(-1.,-3.63327796320243E-32,2.22044604925031E-16));
#9094=DIRECTION('',(2.22044604925031E-16,2.77555756156289E-17,1.));
#9095=DIRECTION('',(2.22044604925031E-16,2.77555756156289E-17,1.));
#9096=DIRECTION('center_axis',(-1.23259516440783E-32,-2.77555756156289E-17,
-1.));
#9097=DIRECTION('ref_axis',(-1.,-3.63327796320243E-32,2.22044604925031E-16));
#9098=DIRECTION('center_axis',(-9.65411325761006E-17,0.,-1.));
#9099=DIRECTION('ref_axis',(-1.,0.,9.65411325761006E-17));
#9100=DIRECTION('center_axis',(0.,1.,0.));
#9101=DIRECTION('ref_axis',(0.,0.,1.));
#9102=DIRECTION('center_axis',(4.24957554540635E-32,-1.,2.77555756156289E-17));
#9103=DIRECTION('ref_axis',(0.,0.,1.));
#9104=DIRECTION('',(0.,-1.,0.));
#9105=DIRECTION('center_axis',(-4.24957554540635E-32,1.,-2.77555756156289E-17));
#9106=DIRECTION('ref_axis',(0.,0.,1.));
#9107=DIRECTION('center_axis',(0.,1.,0.));
#9108=DIRECTION('ref_axis',(0.,0.,1.));
#9109=DIRECTION('',(0.,-1.,0.));
#9110=DIRECTION('center_axis',(0.,1.,0.));
#9111=DIRECTION('ref_axis',(0.,0.,1.));
#9112=DIRECTION('',(0.,1.,0.));
#9113=DIRECTION('center_axis',(0.,-1.,0.));
#9114=DIRECTION('ref_axis',(0.,0.,1.));
#9115=DIRECTION('',(0.,-1.,0.));
#9116=DIRECTION('center_axis',(0.,-1.,0.));
#9117=DIRECTION('ref_axis',(0.,0.,1.));
#9118=DIRECTION('center_axis',(0.,1.,0.));
#9119=DIRECTION('ref_axis',(0.,0.,1.));
#9120=DIRECTION('',(0.,1.,0.));
#9121=DIRECTION('center_axis',(0.,0.,-1.));
#9122=DIRECTION('ref_axis',(-1.,0.,0.));
#9123=DIRECTION('center_axis',(9.65411325761006E-17,0.,1.));
#9124=DIRECTION('ref_axis',(-1.,0.,9.65411325761006E-17));
#9125=DIRECTION('',(0.,0.,1.));
#9126=DIRECTION('center_axis',(-9.65411325761006E-17,0.,-1.));
#9127=DIRECTION('ref_axis',(-1.,0.,0.));
#9128=DIRECTION('center_axis',(-9.65411325761006E-17,0.,-1.));
#9129=DIRECTION('ref_axis',(-1.,0.,9.65411325761006E-17));
#9130=DIRECTION('center_axis',(-9.65411325761006E-17,0.,-1.));
#9131=DIRECTION('ref_axis',(-1.,0.,9.65411325761006E-17));
#9132=DIRECTION('center_axis',(-9.65411325761006E-17,0.,-1.));
#9133=DIRECTION('ref_axis',(-1.,0.,9.65411325761006E-17));
#9134=DIRECTION('center_axis',(0.,0.,-1.));
#9135=DIRECTION('ref_axis',(-1.,0.,0.));
#9136=DIRECTION('center_axis',(9.65411325761006E-17,0.,1.));
#9137=DIRECTION('ref_axis',(-1.,0.,9.65411325761006E-17));
#9138=DIRECTION('',(0.,0.,1.));
#9139=DIRECTION('center_axis',(-9.65411325761006E-17,0.,-1.));
#9140=DIRECTION('ref_axis',(-1.,0.,0.));
#9141=DIRECTION('center_axis',(-9.65411325761006E-17,0.,-1.));
#9142=DIRECTION('ref_axis',(-1.,0.,9.65411325761006E-17));
#9143=DIRECTION('center_axis',(-9.65411325761006E-17,0.,-1.));
#9144=DIRECTION('ref_axis',(-1.,0.,9.65411325761006E-17));
#9145=DIRECTION('center_axis',(-9.65411325761006E-17,0.,-1.));
#9146=DIRECTION('ref_axis',(-1.,0.,9.65411325761006E-17));
#9147=DIRECTION('center_axis',(0.,0.,-1.));
#9148=DIRECTION('ref_axis',(-1.,0.,0.));
#9149=DIRECTION('center_axis',(9.65411325761006E-17,0.,1.));
#9150=DIRECTION('ref_axis',(-1.,0.,9.65411325761006E-17));
#9151=DIRECTION('',(0.,0.,1.));
#9152=DIRECTION('center_axis',(-9.65411325761006E-17,0.,-1.));
#9153=DIRECTION('ref_axis',(-1.,0.,0.));
#9154=DIRECTION('center_axis',(-9.65411325761006E-17,0.,-1.));
#9155=DIRECTION('ref_axis',(-1.,0.,9.65411325761006E-17));
#9156=DIRECTION('center_axis',(-9.65411325761006E-17,0.,-1.));
#9157=DIRECTION('ref_axis',(-1.,0.,9.65411325761006E-17));
#9158=DIRECTION('center_axis',(0.,1.,0.));
#9159=DIRECTION('ref_axis',(0.,0.,1.));
#9160=DIRECTION('',(0.,1.,0.));
#9161=DIRECTION('center_axis',(-9.65411325761006E-17,0.,-1.));
#9162=DIRECTION('ref_axis',(-1.,0.,9.65411325761006E-17));
#9163=DIRECTION('center_axis',(0.,0.,-1.));
#9164=DIRECTION('ref_axis',(-1.,0.,0.));
#9165=DIRECTION('center_axis',(9.65411325761006E-17,0.,1.));
#9166=DIRECTION('ref_axis',(-1.,0.,9.65411325761006E-17));
#9167=DIRECTION('',(0.,0.,1.));
#9168=DIRECTION('center_axis',(-9.65411325761006E-17,0.,-1.));
#9169=DIRECTION('ref_axis',(-1.,0.,0.));
#9170=DIRECTION('center_axis',(0.,0.,-1.));
#9171=DIRECTION('ref_axis',(-1.,0.,0.));
#9172=DIRECTION('center_axis',(-9.65411325761006E-17,0.,-1.));
#9173=DIRECTION('ref_axis',(-1.,0.,9.65411325761006E-17));
#9174=DIRECTION('',(0.,0.,1.));
#9175=DIRECTION('',(0.,0.,-1.));
#9176=DIRECTION('center_axis',(0.,0.,-1.));
#9177=DIRECTION('ref_axis',(-6.12323399573677E-17,1.,0.));
#9178=DIRECTION('',(0.,0.,-1.));
#9179=DIRECTION('center_axis',(-9.65411325761006E-17,0.,-1.));
#9180=DIRECTION('ref_axis',(-1.,0.,9.65411325761006E-17));
#9181=DIRECTION('center_axis',(-9.65411325761006E-17,0.,-1.));
#9182=DIRECTION('ref_axis',(-1.,0.,9.65411325761006E-17));
#9183=DIRECTION('center_axis',(0.,0.,-1.));
#9184=DIRECTION('ref_axis',(-1.,0.,0.));
#9185=DIRECTION('center_axis',(9.65411325761006E-17,0.,1.));
#9186=DIRECTION('ref_axis',(-1.,0.,9.65411325761006E-17));
#9187=DIRECTION('',(0.,0.,1.));
#9188=DIRECTION('center_axis',(-9.65411325761006E-17,0.,-1.));
#9189=DIRECTION('ref_axis',(-1.,0.,0.));
#9190=DIRECTION('center_axis',(-9.65411325761006E-17,0.,-1.));
#9191=DIRECTION('ref_axis',(-1.,0.,9.65411325761006E-17));
#9192=DIRECTION('center_axis',(-9.65411325761006E-17,0.,-1.));
#9193=DIRECTION('ref_axis',(-1.,0.,9.65411325761006E-17));
#9194=DIRECTION('center_axis',(-9.65411325761006E-17,0.,-1.));
#9195=DIRECTION('ref_axis',(-1.,0.,9.65411325761006E-17));
#9196=DIRECTION('',(0.291323356514114,-0.644306372736875,0.707106781186549));
#9197=DIRECTION('',(-0.291323356514113,-0.644306372736878,-0.707106781186546));
#9198=DIRECTION('center_axis',(0.,0.,1.));
#9199=DIRECTION('ref_axis',(-0.41199344181831,0.911186810647906,3.90480787761672E-17));
#9200=DIRECTION('center_axis',(-1.63590113183803E-16,0.,-1.));
#9201=DIRECTION('ref_axis',(-0.41199344181831,0.911186810647906,0.));
#9202=DIRECTION('',(0.,0.,-1.));
#9203=DIRECTION('',(0.,0.,1.));
#9204=DIRECTION('center_axis',(0.,0.,1.));
#9205=DIRECTION('ref_axis',(0.738513483435663,-0.674238707568561,-6.6159776187836E-17));
#9206=DIRECTION('center_axis',(-1.63590113183803E-16,0.,-1.));
#9207=DIRECTION('ref_axis',(0.738513483435663,-0.674238707568561,0.));
#9208=DIRECTION('',(0.0622067752979497,-0.704365187319074,0.707106781186545));
#9209=DIRECTION('center_axis',(-0.707106781186548,5.96602725000166E-49,
0.707106781186548));
#9210=DIRECTION('ref_axis',(0.707106781186548,0.,0.707106781186548));
#9211=DIRECTION('',(-8.43723665043981E-49,-1.,1.38024849860398E-64));
#9212=DIRECTION('center_axis',(0.,0.,1.));
#9213=DIRECTION('ref_axis',(0.67423870756856,0.738513483435664,-6.04017164079277E-17));
#9214=DIRECTION('center_axis',(-1.63590113183803E-16,0.,-1.));
#9215=DIRECTION('ref_axis',(0.67423870756856,0.738513483435664,0.));
#9216=DIRECTION('',(0.704365208554878,0.0622065348451794,0.707106781186547));
#9217=DIRECTION('center_axis',(1.09617643296669E-15,-0.707106781186548,
0.707106781186548));
#9218=DIRECTION('ref_axis',(1.,0.,-1.55022757825526E-15));
#9219=DIRECTION('',(1.,1.38663746507145E-15,-1.63590113183803E-16));
#9220=DIRECTION('center_axis',(0.,0.,1.));
#9221=DIRECTION('ref_axis',(-0.738513483435663,0.67423870756856,6.61597761878361E-17));
#9222=DIRECTION('center_axis',(-1.63590113183803E-16,0.,-1.));
#9223=DIRECTION('ref_axis',(-0.738513483435663,0.67423870756856,0.));
#9224=DIRECTION('',(-0.0622067506875513,0.704365189492567,0.707106781186546));
#9225=DIRECTION('center_axis',(0.0622067681997324,-0.704365187945958,0.707106781186548));
#9226=DIRECTION('ref_axis',(0.996152635756877,0.,-0.0876351885638788));
#9227=DIRECTION('',(-0.0622067681997314,0.70436518794596,0.707106781186546));
#9228=DIRECTION('',(0.996122801656648,0.0879736552594607,-1.62955841867978E-16));
#9229=DIRECTION('center_axis',(0.,0.,-1.));
#9230=DIRECTION('ref_axis',(0.996122801656647,-0.0879736552594678,-4.88867525603935E-17));
#9231=DIRECTION('',(-0.704365187945961,0.0622067681997375,0.707106781186544));
#9232=DIRECTION('center_axis',(1.63590113183803E-16,0.,1.));
#9233=DIRECTION('ref_axis',(0.996122801656647,-0.0879736552594678,0.));
#9234=DIRECTION('center_axis',(0.704365187945958,-0.0622067681997283,0.707106781186548));
#9235=DIRECTION('ref_axis',(0.708478903927327,0.,-0.705731990694721));
#9236=DIRECTION('',(-0.704365187945958,0.0622067681997247,0.707106781186548));
#9237=DIRECTION('',(0.0879736552594552,0.996122801656649,-1.43916202210872E-17));
#9238=DIRECTION('center_axis',(0.,0.,1.));
#9239=DIRECTION('ref_axis',(-0.996122798887956,0.0879736866092641,8.9237722679669E-17));
#9240=DIRECTION('center_axis',(-1.63590113183803E-16,0.,-1.));
#9241=DIRECTION('ref_axis',(-0.996122798887956,0.0879736866092641,0.));
#9242=DIRECTION('center_axis',(0.707106781186548,1.96100150919869E-15,0.707106781186548));
#9243=DIRECTION('ref_axis',(0.707106781186548,0.,-0.707106781186548));
#9244=DIRECTION('',(-2.7732749301429E-15,1.,4.5368035971188E-31));
#9245=DIRECTION('center_axis',(0.,0.,1.));
#9246=DIRECTION('ref_axis',(-0.67423870756856,-0.738513483435664,6.04017164079277E-17));
#9247=DIRECTION('center_axis',(-1.63590113183803E-16,0.,-1.));
#9248=DIRECTION('ref_axis',(-0.67423870756856,-0.738513483435664,0.));
#9249=DIRECTION('',(-0.704365188535697,-0.0622067615221688,0.707106781186544));
#9250=DIRECTION('center_axis',(0.704365187945959,0.0622067681997322,0.707106781186546));
#9251=DIRECTION('ref_axis',(0.708478903927326,0.,-0.705731990694722));
#9252=DIRECTION('',(-0.704365187945958,-0.062206768199731,0.707106781186547));
#9253=DIRECTION('',(-0.0879736552594605,0.996122801656648,1.4391620221088E-17));
#9254=DIRECTION('center_axis',(0.,0.,-1.));
#9255=DIRECTION('ref_axis',(0.0879736552594678,0.996122801656647,-4.31748606632677E-18));
#9256=DIRECTION('',(-0.0622067681997375,-0.704365187945961,0.707106781186544));
#9257=DIRECTION('center_axis',(1.63590113183803E-16,0.,1.));
#9258=DIRECTION('ref_axis',(0.0879736552594678,0.996122801656647,0.));
#9259=DIRECTION('center_axis',(0.0622067681997246,0.704365187945957,0.707106781186549));
#9260=DIRECTION('ref_axis',(0.996152635756878,0.,-0.0876351885638678));
#9261=DIRECTION('',(-0.0622067681997249,-0.70436518794596,0.707106781186546));
#9262=DIRECTION('',(-0.996122801656649,0.0879736552594499,1.62955841867978E-16));
#9263=DIRECTION('center_axis',(0.,0.,1.));
#9264=DIRECTION('ref_axis',(-0.0879736551408735,-0.996122801667121,7.88112534854364E-18));
#9265=DIRECTION('center_axis',(-1.63590113183803E-16,0.,-1.));
#9266=DIRECTION('ref_axis',(-0.0879736551408735,-0.996122801667121,0.));
#9267=DIRECTION('center_axis',(-0.704365187945946,-0.0622067681998467,0.70710678118655));
#9268=DIRECTION('ref_axis',(0.708478903927335,0.,0.705731990694713));
#9269=DIRECTION('',(0.704365187945953,0.0622067681998496,0.707106781186542));
#9270=DIRECTION('',(0.0879736552596228,-0.996122801656634,-1.43916202211146E-17));
#9271=DIRECTION('center_axis',(0.,0.,-1.));
#9272=DIRECTION('ref_axis',(-0.0879736552594678,-0.996122801656647,4.31748606632677E-18));
#9273=DIRECTION('',(0.0622067681997375,0.704365187945961,0.707106781186544));
#9274=DIRECTION('center_axis',(1.63590113183803E-16,0.,1.));
#9275=DIRECTION('ref_axis',(-0.0879736552594678,-0.996122801656647,0.));
#9276=DIRECTION('center_axis',(-0.0622067681997264,-0.704365187945955,0.707106781186551));
#9277=DIRECTION('ref_axis',(0.996152635756878,0.,0.0876351885638701));
#9278=DIRECTION('',(0.0622067681997304,0.704365187945961,0.707106781186544));
#9279=DIRECTION('',(0.996122801656649,-0.0879736552594529,-1.62955841867978E-16));
#9280=DIRECTION('center_axis',(0.,0.,1.));
#9281=DIRECTION('ref_axis',(0.087975009421912,0.996122682061409,-7.88124667189383E-18));
#9282=DIRECTION('center_axis',(-1.63590113183803E-16,0.,-1.));
#9283=DIRECTION('ref_axis',(0.0879750094219119,0.996122682061409,0.));
#9284=DIRECTION('center_axis',(-1.35507545351077E-15,0.707106781186548,
0.707106781186548));
#9285=DIRECTION('ref_axis',(1.,0.,1.91636608439381E-15));
#9286=DIRECTION('',(-1.,-2.07995619757761E-15,1.63590113183803E-16));
#9287=DIRECTION('center_axis',(-0.0622067681997383,0.704365187945962,0.707106781186543));
#9288=DIRECTION('ref_axis',(0.996152635756876,0.,0.0876351885638877));
#9289=DIRECTION('',(0.0622067681997375,-0.704365187945952,0.707106781186553));
#9290=DIRECTION('',(-0.996122801656647,-0.0879736552594689,1.62955841867978E-16));
#9291=DIRECTION('center_axis',(0.,0.,-1.));
#9292=DIRECTION('ref_axis',(-0.996122801656647,0.087973655259468,4.88867525603934E-17));
#9293=DIRECTION('',(0.704365187945959,-0.0622067681997376,0.707106781186546));
#9294=DIRECTION('center_axis',(1.63590113183803E-16,0.,1.));
#9295=DIRECTION('ref_axis',(-0.996122801656647,0.087973655259468,0.));
#9296=DIRECTION('center_axis',(-0.704365187945961,0.0622067681997296,0.707106781186544));
#9297=DIRECTION('ref_axis',(0.708478903927324,0.,0.705731990694724));
#9298=DIRECTION('',(0.704365187945955,-0.0622067681997278,0.707106781186551));
#9299=DIRECTION('',(-0.0879736552594566,-0.996122801656648,1.43916202210874E-17));
#9300=DIRECTION('center_axis',(0.,0.,1.));
#9301=DIRECTION('ref_axis',(0.996122309570071,-0.0879792269617534,-8.92376788439861E-17));
#9302=DIRECTION('center_axis',(-1.63590113183803E-16,0.,-1.));
#9303=DIRECTION('ref_axis',(0.996122309570071,-0.0879792269617534,0.));
#9304=DIRECTION('center_axis',(-1.38663746507145E-15,1.,0.));
#9305=DIRECTION('ref_axis',(1.,1.38663746507145E-15,-9.65411325761006E-17));
#9306=DIRECTION('',(0.,0.,-1.));
#9307=DIRECTION('',(-1.,-1.38663746507145E-15,-6.93889390390738E-18));
#9308=DIRECTION('',(0.,0.,-1.));
#9309=DIRECTION('center_axis',(0.,0.,-1.));
#9310=DIRECTION('ref_axis',(-0.996122798887956,0.0879736866092641,0.));
#9311=DIRECTION('',(0.,0.,-1.));
#9312=DIRECTION('center_axis',(-6.93889390390738E-18,4.58612068007205E-32,
1.));
#9313=DIRECTION('ref_axis',(-0.996122798887956,0.0879736866092641,0.));
#9314=DIRECTION('center_axis',(-0.996122801656648,0.0879736552594552,0.));
#9315=DIRECTION('ref_axis',(0.0879736552594552,0.996122801656649,-8.49307631560722E-18));
#9316=DIRECTION('',(0.,0.,-1.));
#9317=DIRECTION('',(-0.0879736552594552,-0.996122801656649,-6.10439860184238E-19));
#9318=DIRECTION('center_axis',(0.,0.,-1.));
#9319=DIRECTION('ref_axis',(0.996122801656647,-0.0879736552594678,0.));
#9320=DIRECTION('',(0.,0.,-1.));
#9321=DIRECTION('center_axis',(6.93889390390738E-18,-4.58612068007205E-32,
-1.));
#9322=DIRECTION('ref_axis',(0.996122801656647,-0.0879736552594678,0.));
#9323=DIRECTION('center_axis',(-0.0879736552594607,0.996122801656648,0.));
#9324=DIRECTION('ref_axis',(0.996122801656648,0.0879736552594607,1.44614834788243E-15));
#9325=DIRECTION('',(0.,0.,-1.));
#9326=DIRECTION('',(-0.996122801656648,-0.0879736552594607,-6.91199043595846E-18));
#9327=DIRECTION('center_axis',(0.,0.,-1.));
#9328=DIRECTION('ref_axis',(-0.738513483435663,0.67423870756856,0.));
#9329=DIRECTION('',(0.,0.,-1.));
#9330=DIRECTION('center_axis',(-6.93889390390738E-18,4.58612068007205E-32,
1.));
#9331=DIRECTION('ref_axis',(-0.738513483435663,0.67423870756856,0.));
#9332=DIRECTION('center_axis',(-1.,-2.7732749301429E-15,0.));
#9333=DIRECTION('ref_axis',(-2.7732749301429E-15,1.,-6.57693976869143E-16));
#9334=DIRECTION('',(0.,0.,-1.));
#9335=DIRECTION('',(2.7732749301429E-15,-1.,6.51046673073482E-32));
#9336=DIRECTION('center_axis',(0.,0.,-1.));
#9337=DIRECTION('ref_axis',(-0.0879736551408735,-0.996122801667121,0.));
#9338=DIRECTION('',(0.,0.,-1.));
#9339=DIRECTION('center_axis',(-6.93889390390738E-18,4.58612068007205E-32,
1.));
#9340=DIRECTION('ref_axis',(-0.0879736551408735,-0.996122801667121,0.));
#9341=DIRECTION('center_axis',(-0.0879736552594499,-0.996122801656649,0.));
#9342=DIRECTION('ref_axis',(-0.996122801656649,0.0879736552594499,9.61668234568113E-17));
#9343=DIRECTION('',(0.,0.,-1.));
#9344=DIRECTION('',(0.996122801656649,-0.0879736552594499,6.91199043595847E-18));
#9345=DIRECTION('center_axis',(0.,0.,-1.));
#9346=DIRECTION('ref_axis',(0.0879736552594678,0.996122801656647,0.));
#9347=DIRECTION('',(0.,0.,-1.));
#9348=DIRECTION('center_axis',(6.93889390390738E-18,-4.58612068007205E-32,
-1.));
#9349=DIRECTION('ref_axis',(0.0879736552594678,0.996122801656647,0.));
#9350=DIRECTION('center_axis',(-0.996122801656648,-0.0879736552594605,0.));
#9351=DIRECTION('ref_axis',(-0.0879736552594605,0.996122801656648,8.49307631560773E-18));
#9352=DIRECTION('',(0.,0.,-1.));
#9353=DIRECTION('',(0.0879736552594605,-0.996122801656648,6.10439860184366E-19));
#9354=DIRECTION('center_axis',(0.,0.,-1.));
#9355=DIRECTION('ref_axis',(-0.67423870756856,-0.738513483435664,0.));
#9356=DIRECTION('',(0.,0.,-1.));
#9357=DIRECTION('center_axis',(-6.93889390390738E-18,4.58612068007205E-32,
1.));
#9358=DIRECTION('ref_axis',(-0.67423870756856,-0.738513483435664,0.));
#9359=DIRECTION('center_axis',(2.07995619757761E-15,-1.,0.));
#9360=DIRECTION('ref_axis',(-1.,-2.07995619757761E-15,9.65411325761006E-17));
#9361=DIRECTION('',(0.,0.,-1.));
#9362=DIRECTION('',(1.,2.07995619757761E-15,6.93889390390738E-18));
#9363=DIRECTION('center_axis',(0.,0.,-1.));
#9364=DIRECTION('ref_axis',(0.996122309570071,-0.0879792269617534,0.));
#9365=DIRECTION('',(0.,0.,-1.));
#9366=DIRECTION('center_axis',(-6.93889390390738E-18,4.58612068007205E-32,
1.));
#9367=DIRECTION('ref_axis',(0.996122309570071,-0.0879792269617534,0.));
#9368=DIRECTION('center_axis',(0.996122801656648,-0.0879736552594566,0.));
#9369=DIRECTION('ref_axis',(-0.0879736552594566,-0.996122801656648,8.49307631560738E-18));
#9370=DIRECTION('',(0.,0.,-1.));
#9371=DIRECTION('',(0.0879736552594566,0.996122801656648,6.10439860184248E-19));
#9372=DIRECTION('center_axis',(0.,0.,-1.));
#9373=DIRECTION('ref_axis',(-0.996122801656647,0.087973655259468,0.));
#9374=DIRECTION('',(0.,0.,-1.));
#9375=DIRECTION('center_axis',(6.93889390390738E-18,-4.58612068007205E-32,
-1.));
#9376=DIRECTION('ref_axis',(-0.996122801656647,0.087973655259468,0.));
#9377=DIRECTION('center_axis',(0.0879736552594689,-0.996122801656647,0.));
#9378=DIRECTION('ref_axis',(-0.996122801656647,-0.0879736552594689,9.61668234568111E-17));
#9379=DIRECTION('',(0.,0.,-1.));
#9380=DIRECTION('',(0.996122801656647,0.0879736552594689,6.91199043595845E-18));
#9381=DIRECTION('center_axis',(0.,0.,-1.));
#9382=DIRECTION('ref_axis',(0.738513483435663,-0.674238707568561,0.));
#9383=DIRECTION('',(0.,0.,-1.));
#9384=DIRECTION('center_axis',(-6.93889390390738E-18,4.58612068007205E-32,
1.));
#9385=DIRECTION('ref_axis',(0.738513483435663,-0.674238707568561,0.));
#9386=DIRECTION('center_axis',(1.,-8.43723665043981E-49,0.));
#9387=DIRECTION('ref_axis',(-8.43723665043981E-49,-1.,-8.73952524204021E-33));
#9388=DIRECTION('',(0.,0.,-1.));
#9389=DIRECTION('',(8.43723665043981E-49,1.,-4.58612068007205E-32));
#9390=DIRECTION('center_axis',(0.,0.,-1.));
#9391=DIRECTION('ref_axis',(0.0879750094219119,0.996122682061409,0.));
#9392=DIRECTION('',(0.,0.,-1.));
#9393=DIRECTION('center_axis',(-6.93889390390738E-18,4.58612068007205E-32,
1.));
#9394=DIRECTION('ref_axis',(0.0879750094219119,0.996122682061409,0.));
#9395=DIRECTION('center_axis',(0.087973655259453,0.996122801656649,0.));
#9396=DIRECTION('ref_axis',(0.996122801656649,-0.0879736552594529,-9.61668234568112E-17));
#9397=DIRECTION('',(0.,0.,1.));
#9398=DIRECTION('',(-0.996122801656649,0.0879736552594529,-6.91199043595847E-18));
#9399=DIRECTION('center_axis',(0.,0.,-1.));
#9400=DIRECTION('ref_axis',(-0.0879736552594678,-0.996122801656647,0.));
#9401=DIRECTION('',(0.,0.,-1.));
#9402=DIRECTION('center_axis',(6.93889390390738E-18,-4.58612068007205E-32,
-1.));
#9403=DIRECTION('ref_axis',(-0.0879736552594678,-0.996122801656647,0.));
#9404=DIRECTION('center_axis',(0.996122801656634,0.0879736552596228,0.));
#9405=DIRECTION('ref_axis',(0.0879736552596228,-0.996122801656634,-8.49307631562341E-18));
#9406=DIRECTION('',(0.,0.,-1.));
#9407=DIRECTION('',(-0.0879736552596228,0.996122801656634,-6.10439860185492E-19));
#9408=DIRECTION('center_axis',(0.,0.,-1.));
#9409=DIRECTION('ref_axis',(0.67423870756856,0.738513483435664,0.));
#9410=DIRECTION('center_axis',(-6.93889390390738E-18,4.58612068007205E-32,
1.));
#9411=DIRECTION('ref_axis',(0.67423870756856,0.738513483435664,0.));
#9412=DIRECTION('center_axis',(0.,0.,-1.));
#9413=DIRECTION('ref_axis',(-1.,-1.04738021191052E-16,0.));
#9414=DIRECTION('center_axis',(2.73392419813945E-15,2.31111593326468E-33,
1.));
#9415=DIRECTION('ref_axis',(0.41199344181831,-0.911186810647906,0.));
#9416=DIRECTION('center_axis',(-5.55111512312575E-17,1.,1.43289187862409E-31));
#9417=DIRECTION('ref_axis',(-2.73392419813945E-15,-8.47409175530382E-33,
-1.));
#9418=DIRECTION('',(2.73392419813945E-15,8.47409175530384E-33,1.));
#9419=DIRECTION('',(1.,5.55111512312575E-17,-2.73392419813945E-15));
#9420=DIRECTION('',(-2.73392419813945E-15,-8.47409175530384E-33,-1.));
#9421=DIRECTION('',(1.,5.55111512312575E-17,-2.73392419813945E-15));
#9422=DIRECTION('',(2.73392419813945E-15,8.47409175530384E-33,1.));
#9423=DIRECTION('',(1.,5.55111512312575E-17,-2.73392419813945E-15));
#9424=DIRECTION('',(-2.73392419813945E-15,-8.47409175530384E-33,-1.));
#9425=DIRECTION('',(1.,5.55111512312575E-17,-1.38666955995881E-32));
#9426=DIRECTION('center_axis',(-1.,-9.26045463268356E-17,2.73392419813945E-15));
#9427=DIRECTION('ref_axis',(9.26045463268356E-17,-1.,-2.50862694127397E-31));
#9428=DIRECTION('',(9.26045463268356E-17,-1.,-2.50862694127397E-31));
#9429=DIRECTION('',(2.73392419813945E-15,2.31111593326468E-33,1.));
#9430=DIRECTION('',(9.26045463268356E-17,-1.,-2.50862694127397E-31));
#9431=DIRECTION('center_axis',(1.,9.16965297554585E-17,-2.73392419813945E-15));
#9432=DIRECTION('ref_axis',(-9.16965297554585E-17,1.,2.48380245650598E-31));
#9433=DIRECTION('',(-9.16965297554585E-17,1.,2.48380245650598E-31));
#9434=DIRECTION('',(2.73392419813945E-15,2.31111593326468E-33,1.));
#9435=DIRECTION('',(-9.16965297554586E-17,1.,-2.77555756156289E-17));
#9436=DIRECTION('center_axis',(-2.73392419813945E-15,-2.31111593326468E-33,
-1.));
#9437=DIRECTION('ref_axis',(-1.,-5.55111512312574E-17,2.73392419813945E-15));
#9438=DIRECTION('center_axis',(-2.73392419813945E-15,-2.31111593326468E-33,
-1.));
#9439=DIRECTION('ref_axis',(-0.808641975308643,0.588301075784276,2.21076586392758E-15));
#9440=DIRECTION('',(-5.55111512312574E-17,1.,1.49452163684449E-31));
#9441=DIRECTION('',(5.55111512312574E-17,-1.,-1.49452163684449E-31));
#9442=DIRECTION('center_axis',(2.73392419813945E-15,2.31111593326468E-33,
1.));
#9443=DIRECTION('ref_axis',(-0.833333333333334,0.552770798392566,2.27827016511621E-15));
#9444=DIRECTION('center_axis',(-2.73392419813945E-15,-2.31111593326468E-33,
-1.));
#9445=DIRECTION('ref_axis',(-1.,-5.55111512312574E-17,2.73392419813945E-15));
#9446=DIRECTION('',(-5.55111512312574E-17,1.,1.49452163684449E-31));
#9447=DIRECTION('center_axis',(-2.73392419813945E-15,-2.31111593326468E-33,
-1.));
#9448=DIRECTION('ref_axis',(-0.808641975308643,0.588301075784276,2.21076586392758E-15));
#9449=DIRECTION('center_axis',(1.,5.55111512312574E-17,-2.73392419813945E-15));
#9450=DIRECTION('ref_axis',(-5.55111512312574E-17,1.,1.49452163684449E-31));
#9451=DIRECTION('',(2.73392419813945E-15,2.31111593326468E-33,1.));
#9452=DIRECTION('center_axis',(2.73392419813945E-15,2.31111593326468E-33,
1.));
#9453=DIRECTION('ref_axis',(-0.808641975308643,0.588301075784276,2.21076586392758E-15));
#9454=DIRECTION('center_axis',(-1.,-5.55111512312574E-17,2.73392419813945E-15));
#9455=DIRECTION('ref_axis',(5.55111512312574E-17,-1.,-1.49452163684449E-31));
#9456=DIRECTION('',(5.55111512312575E-17,-1.,2.77555756156289E-17));
#9457=DIRECTION('',(2.73392419813945E-15,2.31111593326468E-33,1.));
#9458=DIRECTION('center_axis',(2.73392419813945E-15,2.31111593326468E-33,
1.));
#9459=DIRECTION('ref_axis',(-0.833333333333334,0.552770798392566,2.27827016511621E-15));
#9460=DIRECTION('center_axis',(1.23259516440783E-32,2.77555756156289E-17,
1.));
#9461=DIRECTION('ref_axis',(-0.833333333333334,0.552770798392566,2.27827016511621E-15));
#9462=DIRECTION('center_axis',(-6.93889390390738E-18,4.58612068007205E-32,
1.));
#9463=DIRECTION('ref_axis',(-0.783989399359894,-0.620774211522445,-5.44001926394635E-18));
#9464=DIRECTION('center_axis',(-6.93889390390738E-18,4.58612068007205E-32,
1.));
#9465=DIRECTION('ref_axis',(-0.783989399359894,-0.620774211522445,-5.44001926394635E-18));
#9466=DIRECTION('',(-6.93889390390738E-18,4.58612068007205E-32,1.));
#9467=DIRECTION('center_axis',(6.93889390390738E-18,-4.58612068007205E-32,
-1.));
#9468=DIRECTION('ref_axis',(-0.783989399359894,-0.620774211522445,-5.44001926394635E-18));
#9469=DIRECTION('',(-6.93889390390738E-18,4.58612068007205E-32,1.));
#9470=DIRECTION('center_axis',(0.0879736552594615,-0.996122801656648,6.10439860184373E-19));
#9471=DIRECTION('ref_axis',(0.996122801656648,0.0879736552594615,6.91199043595845E-18));
#9472=DIRECTION('',(-0.996122801656648,-0.0879736552594615,-6.91199043595845E-18));
#9473=DIRECTION('',(0.996122801656648,0.0879736552594615,6.91199043595845E-18));
#9474=DIRECTION('',(-6.93889390390738E-18,4.58612068007205E-32,1.));
#9475=DIRECTION('center_axis',(-6.93889390390738E-18,4.58612068007205E-32,
1.));
#9476=DIRECTION('ref_axis',(1.,1.98105420956552E-15,6.93889390390738E-18));
#9477=DIRECTION('center_axis',(6.93889390390738E-18,-4.58612068007205E-32,
-1.));
#9478=DIRECTION('ref_axis',(1.,1.98105420956552E-15,6.93889390390738E-18));
#9479=DIRECTION('center_axis',(-6.93889390390738E-18,4.58612068007205E-32,
1.));
#9480=DIRECTION('ref_axis',(1.,1.98105420956552E-15,6.93889390390738E-18));
#9481=DIRECTION('',(-6.93889390390738E-18,4.58612068007205E-32,1.));
#9482=DIRECTION('center_axis',(0.996122801656648,-0.0879736552594562,6.91199043595847E-18));
#9483=DIRECTION('ref_axis',(0.0879736552594562,0.996122801656648,6.10439860184244E-19));
#9484=DIRECTION('',(-0.0879736552594562,-0.996122801656648,-6.10439860184244E-19));
#9485=DIRECTION('',(0.0879736552594562,0.996122801656648,6.10439860184244E-19));
#9486=DIRECTION('',(-6.93889390390738E-18,4.58612068007205E-32,1.));
#9487=DIRECTION('center_axis',(-6.93889390390738E-18,4.58612068007205E-32,
1.));
#9488=DIRECTION('ref_axis',(-0.620774211522445,0.783989399359894,-4.30748639203604E-18));
#9489=DIRECTION('center_axis',(-6.93889390390738E-18,4.58612068007205E-32,
1.));
#9490=DIRECTION('ref_axis',(-0.620774211522445,0.783989399359894,-4.30748639203604E-18));
#9491=DIRECTION('center_axis',(6.93889390390738E-18,-4.58612068007205E-32,
-1.));
#9492=DIRECTION('ref_axis',(-0.620774211522445,0.783989399359894,-4.30748639203604E-18));
#9493=DIRECTION('',(-6.93889390390738E-18,4.58612068007205E-32,1.));
#9494=DIRECTION('center_axis',(1.98105420956552E-15,-1.,5.96075317787847E-32));
#9495=DIRECTION('ref_axis',(1.,1.98105420956552E-15,6.93889390390738E-18));
#9496=DIRECTION('',(-1.,-1.98105420956552E-15,-6.93889390390738E-18));
#9497=DIRECTION('',(1.,1.98105420956552E-15,6.93889390390738E-18));
#9498=DIRECTION('',(-6.93889390390738E-18,4.58612068007205E-32,1.));
#9499=DIRECTION('center_axis',(-6.93889390390738E-18,4.58612068007205E-32,
1.));
#9500=DIRECTION('ref_axis',(-0.620774211522445,0.783989399359894,-4.30748639203604E-18));
#9501=DIRECTION('center_axis',(-6.93889390390738E-18,4.58612068007205E-32,
1.));
#9502=DIRECTION('ref_axis',(-0.620774211522445,0.783989399359894,-4.30748639203604E-18));
#9503=DIRECTION('center_axis',(6.93889390390738E-18,-4.58612068007205E-32,
-1.));
#9504=DIRECTION('ref_axis',(-0.620774211522445,0.783989399359894,-4.30748639203604E-18));
#9505=DIRECTION('',(-6.93889390390738E-18,4.58612068007205E-32,1.));
#9506=DIRECTION('center_axis',(-0.996122801656648,-0.0879736552594608,-6.91199043595846E-18));
#9507=DIRECTION('ref_axis',(0.0879736552594608,-0.996122801656648,6.10439860184368E-19));
#9508=DIRECTION('',(-0.0879736552594608,0.996122801656648,-6.10439860184368E-19));
#9509=DIRECTION('',(0.0879736552594608,-0.996122801656648,6.10439860184368E-19));
#9510=DIRECTION('',(-6.93889390390738E-18,4.58612068007205E-32,1.));
#9511=DIRECTION('center_axis',(-6.93889390390738E-18,4.58612068007205E-32,
1.));
#9512=DIRECTION('ref_axis',(1.,1.98105420956552E-15,6.93889390390738E-18));
#9513=DIRECTION('center_axis',(6.93889390390738E-18,-4.58612068007205E-32,
-1.));
#9514=DIRECTION('ref_axis',(1.,1.98105420956552E-15,6.93889390390738E-18));
#9515=DIRECTION('center_axis',(-6.93889390390738E-18,4.58612068007205E-32,
1.));
#9516=DIRECTION('ref_axis',(1.,1.98105420956552E-15,6.93889390390738E-18));
#9517=DIRECTION('',(-6.93889390390738E-18,4.58612068007205E-32,1.));
#9518=DIRECTION('center_axis',(-0.0879736552594574,-0.996122801656648,-6.10439860184253E-19));
#9519=DIRECTION('ref_axis',(0.996122801656648,-0.0879736552594574,6.91199043595846E-18));
#9520=DIRECTION('',(-0.996122801656648,0.0879736552594574,-6.91199043595846E-18));
#9521=DIRECTION('',(0.996122801656648,-0.0879736552594574,6.91199043595846E-18));
#9522=DIRECTION('',(-6.93889390390738E-18,4.58612068007205E-32,1.));
#9523=DIRECTION('center_axis',(-6.93889390390738E-18,4.58612068007205E-32,
1.));
#9524=DIRECTION('ref_axis',(0.783989399359894,0.620774211522445,5.44001926394635E-18));
#9525=DIRECTION('center_axis',(-6.93889390390738E-18,4.58612068007205E-32,
1.));
#9526=DIRECTION('ref_axis',(0.783989399359894,0.620774211522445,5.44001926394635E-18));
#9527=DIRECTION('center_axis',(6.93889390390738E-18,-4.58612068007205E-32,
-1.));
#9528=DIRECTION('ref_axis',(0.783989399359894,0.620774211522445,5.44001926394635E-18));
#9529=DIRECTION('',(-6.93889390390738E-18,4.58612068007205E-32,1.));
#9530=DIRECTION('center_axis',(-1.,-1.75665211102447E-15,-6.93889390390738E-18));
#9531=DIRECTION('ref_axis',(1.75665211102447E-15,-1.,5.80504294251942E-32));
#9532=DIRECTION('',(-1.75665211102447E-15,1.,-5.80504294251942E-32));
#9533=DIRECTION('',(1.75665211102447E-15,-1.,5.80504294251942E-32));
#9534=DIRECTION('',(-6.93889390390738E-18,4.58612068007205E-32,1.));
#9535=DIRECTION('center_axis',(1.,1.98105420956552E-15,6.93889390390738E-18));
#9536=DIRECTION('ref_axis',(-1.98105420956552E-15,1.,-5.96075317787847E-32));
#9537=DIRECTION('',(1.98105420956552E-15,-1.,5.96075317787847E-32));
#9538=DIRECTION('',(-6.93889390390738E-18,4.58612068007205E-32,1.));
#9539=DIRECTION('',(-1.98105420956552E-15,1.,-5.96075317787847E-32));
#9540=DIRECTION('center_axis',(-6.93889390390738E-18,4.58612068007205E-32,
1.));
#9541=DIRECTION('ref_axis',(-0.783989399359894,-0.620774211522445,-5.44001926394635E-18));
#9542=DIRECTION('center_axis',(-6.93889390390738E-18,4.58612068007205E-32,
1.));
#9543=DIRECTION('ref_axis',(-0.783989399359894,-0.620774211522445,-5.44001926394635E-18));
#9544=DIRECTION('',(-6.93889390390738E-18,4.58612068007205E-32,1.));
#9545=DIRECTION('center_axis',(6.93889390390738E-18,-4.58612068007205E-32,
-1.));
#9546=DIRECTION('ref_axis',(-0.783989399359894,-0.620774211522445,-5.44001926394635E-18));
#9547=DIRECTION('center_axis',(0.087973655259455,0.996122801656649,6.10439860184236E-19));
#9548=DIRECTION('ref_axis',(-0.996122801656649,0.087973655259455,-6.91199043595847E-18));
#9549=DIRECTION('',(0.996122801656649,-0.087973655259455,6.91199043595847E-18));
#9550=DIRECTION('',(-6.93889390390738E-18,4.58612068007205E-32,1.));
#9551=DIRECTION('',(-0.996122801656649,0.087973655259455,-6.91199043595847E-18));
#9552=DIRECTION('center_axis',(-6.93889390390738E-18,4.58612068007205E-32,
1.));
#9553=DIRECTION('ref_axis',(1.,1.98105420956552E-15,6.93889390390738E-18));
#9554=DIRECTION('center_axis',(6.93889390390738E-18,-4.58612068007205E-32,
-1.));
#9555=DIRECTION('ref_axis',(1.,1.98105420956552E-15,6.93889390390738E-18));
#9556=DIRECTION('',(-6.93889390390738E-18,4.58612068007205E-32,1.));
#9557=DIRECTION('center_axis',(-6.93889390390738E-18,4.58612068007205E-32,
1.));
#9558=DIRECTION('ref_axis',(1.,1.98105420956552E-15,6.93889390390738E-18));
#9559=DIRECTION('center_axis',(0.996122801656648,0.0879736552594602,6.91199043595846E-18));
#9560=DIRECTION('ref_axis',(-0.0879736552594602,0.996122801656648,-6.10439860184364E-19));
#9561=DIRECTION('',(0.0879736552594602,-0.996122801656648,6.10439860184364E-19));
#9562=DIRECTION('',(-6.93889390390738E-18,4.58612068007205E-32,1.));
#9563=DIRECTION('',(-0.0879736552594602,0.996122801656648,-6.10439860184364E-19));
#9564=DIRECTION('center_axis',(-6.93889390390738E-18,4.58612068007205E-32,
1.));
#9565=DIRECTION('ref_axis',(0.620774211522445,-0.783989399359894,4.30748639203604E-18));
#9566=DIRECTION('center_axis',(-6.93889390390738E-18,4.58612068007205E-32,
1.));
#9567=DIRECTION('ref_axis',(0.620774211522445,-0.783989399359894,4.30748639203604E-18));
#9568=DIRECTION('',(-6.93889390390738E-18,4.58612068007205E-32,1.));
#9569=DIRECTION('center_axis',(6.93889390390738E-18,-4.58612068007205E-32,
-1.));
#9570=DIRECTION('ref_axis',(0.620774211522445,-0.783989399359894,4.30748639203604E-18));
#9571=DIRECTION('center_axis',(-1.98105420956552E-15,1.,-5.96075317787847E-32));
#9572=DIRECTION('ref_axis',(-1.,-1.98105420956552E-15,-6.93889390390738E-18));
#9573=DIRECTION('',(1.,1.98105420956552E-15,6.93889390390738E-18));
#9574=DIRECTION('',(-6.93889390390738E-18,4.58612068007205E-32,1.));
#9575=DIRECTION('',(-1.,-1.98105420956552E-15,-6.93889390390738E-18));
#9576=DIRECTION('center_axis',(-6.93889390390738E-18,4.58612068007205E-32,
1.));
#9577=DIRECTION('ref_axis',(0.620774211522445,-0.783989399359894,4.30748639203604E-18));
#9578=DIRECTION('center_axis',(-6.93889390390738E-18,4.58612068007205E-32,
1.));
#9579=DIRECTION('ref_axis',(0.620774211522445,-0.783989399359894,4.30748639203604E-18));
#9580=DIRECTION('',(-6.93889390390738E-18,4.58612068007205E-32,1.));
#9581=DIRECTION('center_axis',(6.93889390390738E-18,-4.58612068007205E-32,
-1.));
#9582=DIRECTION('ref_axis',(0.620774211522445,-0.783989399359894,4.30748639203604E-18));
#9583=DIRECTION('center_axis',(-0.996122801656648,0.0879736552594561,-6.91199043595847E-18));
#9584=DIRECTION('ref_axis',(-0.0879736552594561,-0.996122801656648,-6.10439860184244E-19));
#9585=DIRECTION('',(0.0879736552594561,0.996122801656648,6.10439860184244E-19));
#9586=DIRECTION('',(-6.93889390390738E-18,4.58612068007205E-32,1.));
#9587=DIRECTION('',(-0.0879736552594561,-0.996122801656648,-6.10439860184244E-19));
#9588=DIRECTION('center_axis',(-6.93889390390738E-18,4.58612068007205E-32,
1.));
#9589=DIRECTION('ref_axis',(1.,1.98105420956552E-15,6.93889390390738E-18));
#9590=DIRECTION('center_axis',(6.93889390390738E-18,-4.58612068007205E-32,
-1.));
#9591=DIRECTION('ref_axis',(1.,1.98105420956552E-15,6.93889390390738E-18));
#9592=DIRECTION('',(-6.93889390390738E-18,4.58612068007205E-32,1.));
#9593=DIRECTION('center_axis',(-6.93889390390738E-18,4.58612068007205E-32,
1.));
#9594=DIRECTION('ref_axis',(1.,1.98105420956552E-15,6.93889390390738E-18));
#9595=DIRECTION('center_axis',(-0.0879736552594601,0.996122801656648,-6.10439860184363E-19));
#9596=DIRECTION('ref_axis',(-0.996122801656648,-0.0879736552594601,-6.91199043595846E-18));
#9597=DIRECTION('',(0.996122801656648,0.0879736552594601,6.91199043595846E-18));
#9598=DIRECTION('',(-6.93889390390738E-18,4.58612068007205E-32,1.));
#9599=DIRECTION('',(-0.996122801656648,-0.0879736552594601,-6.91199043595845E-18));
#9600=DIRECTION('center_axis',(-6.93889390390738E-18,4.58612068007205E-32,
1.));
#9601=DIRECTION('ref_axis',(0.783989399359894,0.620774211522445,5.44001926394635E-18));
#9602=DIRECTION('center_axis',(-6.93889390390738E-18,4.58612068007205E-32,
1.));
#9603=DIRECTION('ref_axis',(0.783989399359894,0.620774211522445,5.44001926394635E-18));
#9604=DIRECTION('center_axis',(6.93889390390738E-18,-4.58612068007205E-32,
-1.));
#9605=DIRECTION('ref_axis',(0.783989399359894,0.620774211522445,5.44001926394635E-18));
#9606=DIRECTION('center_axis',(-6.93889390390738E-18,4.58612068007205E-32,
1.));
#9607=DIRECTION('ref_axis',(1.,1.98105420956552E-15,6.93889390390738E-18));
#9608=DIRECTION('center_axis',(-6.93889390390738E-18,4.58612068007205E-32,
1.));
#9609=DIRECTION('ref_axis',(0.618433958418445,-0.785836776356829,4.2912476240391E-18));
#9610=DIRECTION('',(1.,1.98105420956552E-15,6.93889390390738E-18));
#9611=DIRECTION('center_axis',(-6.93889390390738E-18,4.58612068007205E-32,
1.));
#9612=DIRECTION('ref_axis',(-1.,-2.66426837856561E-15,-6.93889390390738E-18));
#9613=DIRECTION('center_axis',(6.93889390390738E-18,-4.58612068007205E-32,
-1.));
#9614=DIRECTION('ref_axis',(1.,1.98105420956551E-15,6.93889390390738E-18));
#9615=DIRECTION('center_axis',(-6.93889390390738E-18,4.58612068007205E-32,
1.));
#9616=DIRECTION('ref_axis',(-0.785836776356829,-0.618433958418445,-5.4528380169286E-18));
#9617=DIRECTION('',(1.98105420956552E-15,-1.,5.96075317787847E-32));
#9618=DIRECTION('center_axis',(-6.93889390390738E-18,4.58612068007205E-32,
1.));
#9619=DIRECTION('ref_axis',(-3.34748254756571E-15,1.,-6.90890330434605E-32));
#9620=DIRECTION('center_axis',(6.93889390390738E-18,-4.58612068007205E-32,
-1.));
#9621=DIRECTION('ref_axis',(1.98105420956552E-15,-1.,5.96075317787847E-32));
#9622=DIRECTION('center_axis',(-6.93889390390738E-18,4.58612068007205E-32,
1.));
#9623=DIRECTION('ref_axis',(-0.618433958418445,0.785836776356829,-4.2912476240391E-18));
#9624=DIRECTION('',(-1.,-1.98105420956552E-15,-6.93889390390738E-18));
#9625=DIRECTION('center_axis',(-6.93889390390738E-18,4.58612068007205E-32,
1.));
#9626=DIRECTION('ref_axis',(1.,2.49346483631559E-15,6.93889390390738E-18));
#9627=DIRECTION('center_axis',(6.93889390390738E-18,-4.58612068007205E-32,
-1.));
#9628=DIRECTION('ref_axis',(-1.,-2.92563028909343E-15,-6.93889390390738E-18));
#9629=DIRECTION('center_axis',(-6.93889390390738E-18,4.58612068007205E-32,
1.));
#9630=DIRECTION('ref_axis',(0.785836776356829,0.618433958418445,5.45283801692861E-18));
#9631=DIRECTION('',(-1.75665211102447E-15,1.,-5.80504294251942E-32));
#9632=DIRECTION('center_axis',(-6.93889390390738E-18,4.58612068007205E-32,
1.));
#9633=DIRECTION('ref_axis',(2.32266129406556E-15,-1.,6.19779070949537E-32));
#9634=DIRECTION('center_axis',(6.93889390390738E-18,-4.58612068007205E-32,
-1.));
#9635=DIRECTION('ref_axis',(-1.98105420956552E-15,1.,-5.96075317787847E-32));
#9636=DIRECTION('center_axis',(1.98105420956552E-15,-1.,5.96075317787847E-32));
#9637=DIRECTION('ref_axis',(1.,1.98105420956552E-15,6.93889390390738E-18));
#9638=DIRECTION('',(-1.,-5.52374396408728E-16,0.));
#9639=DIRECTION('',(-6.93889390390738E-18,4.58612068007205E-32,1.));
#9640=DIRECTION('',(-6.93889390390738E-18,4.58612068007205E-32,1.));
#9641=DIRECTION('center_axis',(-6.93889390390738E-18,4.58612068007205E-32,
1.));
#9642=DIRECTION('ref_axis',(-1.,-2.66426837856561E-15,-6.93889390390738E-18));
#9643=DIRECTION('center_axis',(0.,0.,-1.));
#9644=DIRECTION('ref_axis',(-0.618433958418443,-0.785836776356831,0.));
#9645=DIRECTION('',(-6.93889390390738E-18,4.58612068007205E-32,1.));
#9646=DIRECTION('center_axis',(-6.93889390390738E-18,4.58612068007205E-32,
1.));
#9647=DIRECTION('ref_axis',(1.,1.98105420956551E-15,6.93889390390738E-18));
#9648=DIRECTION('center_axis',(0.,0.,1.));
#9649=DIRECTION('ref_axis',(0.,1.,0.));
#9650=DIRECTION('',(-6.93889390390738E-18,4.58612068007205E-32,1.));
#9651=DIRECTION('center_axis',(-6.93889390390738E-18,4.58612068007205E-32,
1.));
#9652=DIRECTION('ref_axis',(-0.785836776356829,-0.618433958418445,-5.4528380169286E-18));
#9653=DIRECTION('center_axis',(0.,0.,-1.));
#9654=DIRECTION('ref_axis',(-1.3664283380002E-15,-1.,0.));
#9655=DIRECTION('',(-6.93889390390738E-18,4.58612068007205E-32,1.));
#9656=DIRECTION('center_axis',(-1.,-1.98105420956552E-15,-6.93889390390738E-18));
#9657=DIRECTION('ref_axis',(1.98105420956552E-15,-1.,5.96075317787847E-32));
#9658=DIRECTION('',(-5.52374396408727E-16,1.,0.));
#9659=DIRECTION('',(-6.93889390390738E-18,4.58612068007205E-32,1.));
#9660=DIRECTION('center_axis',(-6.93889390390738E-18,4.58612068007205E-32,
1.));
#9661=DIRECTION('ref_axis',(-3.34748254756571E-15,1.,-6.90890330434605E-32));
#9662=DIRECTION('center_axis',(0.,0.,-1.));
#9663=DIRECTION('ref_axis',(-0.785836776356831,0.618433958418443,0.));
#9664=DIRECTION('',(-6.93889390390738E-18,4.58612068007205E-32,1.));
#9665=DIRECTION('center_axis',(-6.93889390390738E-18,4.58612068007205E-32,
1.));
#9666=DIRECTION('ref_axis',(1.98105420956552E-15,-1.,5.96075317787847E-32));
#9667=DIRECTION('center_axis',(0.,0.,1.));
#9668=DIRECTION('ref_axis',(1.,9.44576079527928E-16,0.));
#9669=DIRECTION('',(-6.93889390390738E-18,4.58612068007205E-32,1.));
#9670=DIRECTION('center_axis',(-6.93889390390738E-18,4.58612068007205E-32,
1.));
#9671=DIRECTION('ref_axis',(-0.618433958418445,0.785836776356829,-4.2912476240391E-18));
#9672=DIRECTION('center_axis',(0.,0.,-1.));
#9673=DIRECTION('ref_axis',(-1.,6.83214169000096E-16,0.));
#9674=DIRECTION('',(-6.93889390390738E-18,4.58612068007205E-32,1.));
#9675=DIRECTION('center_axis',(-1.98105420956552E-15,1.,-5.96075317787847E-32));
#9676=DIRECTION('ref_axis',(-1.,-1.98105420956552E-15,-6.93889390390738E-18));
#9677=DIRECTION('',(1.,-2.76187198204364E-16,0.));
#9678=DIRECTION('',(-6.93889390390738E-18,4.58612068007205E-32,1.));
#9679=DIRECTION('center_axis',(-6.93889390390738E-18,4.58612068007205E-32,
1.));
#9680=DIRECTION('ref_axis',(1.,2.49346483631559E-15,6.93889390390738E-18));
#9681=DIRECTION('center_axis',(0.,0.,-1.));
#9682=DIRECTION('ref_axis',(0.618433958418444,0.78583677635683,0.));
#9683=DIRECTION('',(-6.93889390390738E-18,4.58612068007205E-32,1.));
#9684=DIRECTION('center_axis',(-6.93889390390738E-18,4.58612068007205E-32,
1.));
#9685=DIRECTION('ref_axis',(-1.,-2.92563028909343E-15,-6.93889390390738E-18));
#9686=DIRECTION('center_axis',(0.,0.,1.));
#9687=DIRECTION('ref_axis',(1.88915215905584E-15,-1.,0.));
#9688=DIRECTION('',(-6.93889390390738E-18,4.58612068007205E-32,1.));
#9689=DIRECTION('center_axis',(-6.93889390390738E-18,4.58612068007205E-32,
1.));
#9690=DIRECTION('ref_axis',(0.785836776356829,0.618433958418445,5.45283801692861E-18));
#9691=DIRECTION('center_axis',(0.,0.,-1.));
#9692=DIRECTION('ref_axis',(8.54017711250122E-16,1.,0.));
#9693=DIRECTION('',(-6.93889390390738E-18,4.58612068007205E-32,1.));
#9694=DIRECTION('center_axis',(1.,1.75665211102447E-15,6.93889390390738E-18));
#9695=DIRECTION('ref_axis',(-1.75665211102447E-15,1.,-5.80504294251942E-32));
#9696=DIRECTION('',(1.38093599102182E-16,-1.,0.));
#9697=DIRECTION('',(-6.93889390390738E-18,4.58612068007205E-32,1.));
#9698=DIRECTION('center_axis',(-6.93889390390738E-18,4.58612068007205E-32,
1.));
#9699=DIRECTION('ref_axis',(2.32266129406556E-15,-1.,6.19779070949537E-32));
#9700=DIRECTION('center_axis',(0.,0.,-1.));
#9701=DIRECTION('ref_axis',(0.78583677635683,-0.618433958418444,0.));
#9702=DIRECTION('',(-6.93889390390738E-18,4.58612068007205E-32,1.));
#9703=DIRECTION('center_axis',(-6.93889390390738E-18,4.58612068007205E-32,
1.));
#9704=DIRECTION('ref_axis',(-1.98105420956552E-15,1.,-5.96075317787847E-32));
#9705=DIRECTION('center_axis',(0.,0.,1.));
#9706=DIRECTION('ref_axis',(-1.,-3.77830431811171E-15,0.));
#9707=DIRECTION('',(-6.93889390390738E-18,4.58612068007205E-32,1.));
#9708=DIRECTION('center_axis',(-6.93889390390738E-18,4.58612068007205E-32,
1.));
#9709=DIRECTION('ref_axis',(0.618433958418445,-0.785836776356829,4.2912476240391E-18));
#9710=DIRECTION('center_axis',(0.,0.,-1.));
#9711=DIRECTION('ref_axis',(1.,-2.04964250700029E-15,0.));
#9712=DIRECTION('center_axis',(-6.93889390390738E-18,4.58612068007205E-32,
1.));
#9713=DIRECTION('ref_axis',(1.,1.98105420956552E-15,6.93889390390738E-18));
#9714=DIRECTION('center_axis',(4.24957554540635E-32,-1.,2.77555756156289E-17));
#9715=DIRECTION('ref_axis',(-1.,-3.84490581150887E-32,1.45797637023103E-16));
#9716=DIRECTION('',(-1.,-4.24957554540635E-32,1.23259516440783E-32));
#9717=DIRECTION('',(1.23259516440783E-32,2.77555756156289E-17,1.));
#9718=DIRECTION('center_axis',(1.,0.,-1.23259516440783E-32));
#9719=DIRECTION('ref_axis',(-1.23259516440783E-32,-2.77555756156289E-17,
-1.));
#9720=DIRECTION('',(3.42113882891801E-49,-1.,2.77555756156289E-17));
#9721=DIRECTION('',(1.23259516440783E-32,2.77555756156289E-17,1.));
#9722=DIRECTION('center_axis',(-4.24957554540635E-32,1.,-2.77555756156289E-17));
#9723=DIRECTION('ref_axis',(1.,3.84490581150887E-32,-1.45797637023103E-16));
#9724=DIRECTION('',(1.,4.24957554540635E-32,-1.23259516440783E-32));
#9725=DIRECTION('',(1.23259516440783E-32,2.77555756156289E-17,1.));
#9726=DIRECTION('center_axis',(-1.23259516440783E-32,-2.77555756156289E-17,
-1.));
#9727=DIRECTION('ref_axis',(-1.,-4.24957554540635E-32,1.23259516440783E-32));
#9728=DIRECTION('',(1.23259516440783E-32,2.77555756156289E-17,1.));
#9729=DIRECTION('center_axis',(-1.23259516440783E-32,-2.77555756156289E-17,
-1.));
#9730=DIRECTION('ref_axis',(-1.,-4.24957554540635E-32,1.23259516440783E-32));
#9731=DIRECTION('',(1.23259516440783E-32,2.77555756156289E-17,1.));
#9732=DIRECTION('center_axis',(-1.23259516440783E-32,-2.77555756156289E-17,
-1.));
#9733=DIRECTION('ref_axis',(-1.,-4.24957554540635E-32,1.23259516440783E-32));
#9734=DIRECTION('center_axis',(4.24957554540635E-32,-1.,2.77555756156289E-17));
#9735=DIRECTION('ref_axis',(-1.,-3.84490581150887E-32,1.45797637023103E-16));
#9736=DIRECTION('',(-1.23259516440783E-32,-2.77555756156289E-17,-1.));
#9737=DIRECTION('',(-1.,-4.24957554540635E-32,1.23259516440783E-32));
#9738=DIRECTION('center_axis',(-4.24957554540635E-32,1.,-2.77555756156289E-17));
#9739=DIRECTION('ref_axis',(1.,3.84490581150887E-32,-1.45797637023103E-16));
#9740=DIRECTION('',(1.,4.24957554540635E-32,-1.23259516440783E-32));
#9741=DIRECTION('',(-1.23259516440783E-32,-2.77555756156289E-17,-1.));
#9742=DIRECTION('center_axis',(1.23259516440783E-32,2.77555756156289E-17,
1.));
#9743=DIRECTION('ref_axis',(1.,0.,-1.23259516440783E-32));
#9744=DIRECTION('',(-3.42113882891801E-49,1.,-2.77555756156289E-17));
#9745=DIRECTION('center_axis',(-1.,0.,1.23259516440783E-32));
#9746=DIRECTION('ref_axis',(1.23259516440783E-32,2.77555756156289E-17,1.));
#9747=DIRECTION('center_axis',(-9.65411325761006E-17,0.,-1.));
#9748=DIRECTION('ref_axis',(-1.,0.,9.65411325761006E-17));
#9749=DIRECTION('center_axis',(-1.83697019872103E-16,1.,0.));
#9750=DIRECTION('ref_axis',(1.,1.83697019872103E-16,-1.95772411919959E-16));
#9751=DIRECTION('',(0.,0.,-1.));
#9752=DIRECTION('',(1.,1.83697019872103E-16,0.));
#9753=DIRECTION('',(0.,0.,-1.));
#9754=DIRECTION('center_axis',(1.,0.,0.));
#9755=DIRECTION('ref_axis',(0.,-1.,0.));
#9756=DIRECTION('',(0.,-1.,0.));
#9757=DIRECTION('',(0.,0.,-1.));
#9758=DIRECTION('center_axis',(1.22464679914735E-16,-1.,0.));
#9759=DIRECTION('ref_axis',(-1.,-1.22464679914735E-16,-1.45797637023103E-16));
#9760=DIRECTION('',(-1.,-1.22464679914735E-16,0.));
#9761=DIRECTION('',(0.,0.,-1.));
#9762=DIRECTION('center_axis',(0.,0.,-1.));
#9763=DIRECTION('ref_axis',(1.,1.22464679914735E-16,0.));
#9764=DIRECTION('',(0.,0.,1.));
#9765=DIRECTION('center_axis',(0.,0.,-1.));
#9766=DIRECTION('ref_axis',(1.,1.22464679914735E-16,0.));
#9767=DIRECTION('',(0.,0.,-1.));
#9768=DIRECTION('center_axis',(-1.,-1.22464679914735E-16,0.));
#9769=DIRECTION('ref_axis',(-1.22464679914735E-16,1.,-1.95772411919959E-16));
#9770=DIRECTION('',(-1.22464679914735E-16,1.,0.));
#9771=DIRECTION('',(0.,0.,-1.));
#9772=DIRECTION('center_axis',(0.,1.,0.));
#9773=DIRECTION('ref_axis',(1.,0.,0.));
#9774=DIRECTION('',(1.,0.,0.));
#9775=DIRECTION('',(0.,0.,-1.));
#9776=DIRECTION('center_axis',(1.,6.12323399573677E-17,0.));
#9777=DIRECTION('ref_axis',(6.12323399573677E-17,-1.,-1.45797637023103E-16));
#9778=DIRECTION('',(6.12323399573677E-17,-1.,0.));
#9779=DIRECTION('center_axis',(-1.,-1.83697019872103E-16,0.));
#9780=DIRECTION('ref_axis',(-1.83697019872103E-16,1.,-1.45797637023103E-16));
#9781=DIRECTION('',(0.,0.,-1.));
#9782=DIRECTION('',(-1.83697019872103E-16,1.,0.));
#9783=DIRECTION('',(0.,0.,-1.));
#9784=DIRECTION('center_axis',(0.,0.,-1.));
#9785=DIRECTION('ref_axis',(1.83697019872103E-16,-1.,0.));
#9786=DIRECTION('',(0.,0.,1.));
#9787=DIRECTION('center_axis',(0.,0.,-1.));
#9788=DIRECTION('ref_axis',(1.83697019872103E-16,-1.,0.));
#9789=DIRECTION('center_axis',(6.12323399573677E-17,-1.,0.));
#9790=DIRECTION('ref_axis',(-1.,-6.12323399573677E-17,-1.95772411919959E-16));
#9791=DIRECTION('',(-1.,-6.12323399573677E-17,0.));
#9792=DIRECTION('',(0.,0.,1.));
#9793=DIRECTION('center_axis',(0.,0.,1.));
#9794=DIRECTION('ref_axis',(1.,0.,0.));
#9795=DIRECTION('',(-1.,0.,0.));
#9796=DIRECTION('',(1.39526004018199E-32,-1.,0.));
#9797=DIRECTION('center_axis',(0.,0.,-1.));
#9798=DIRECTION('ref_axis',(-1.,-4.24957554540635E-32,0.));
#9799=DIRECTION('',(1.,4.24957554540635E-32,0.));
#9800=DIRECTION('',(0.,1.,0.));
#9801=DIRECTION('center_axis',(-1.,0.,0.));
#9802=DIRECTION('ref_axis',(0.,1.,0.));
#9803=DIRECTION('',(0.,0.,1.));
#9804=DIRECTION('center_axis',(0.,-1.,0.));
#9805=DIRECTION('ref_axis',(-1.,0.,0.));
#9806=DIRECTION('',(0.,0.,1.));
#9807=DIRECTION('center_axis',(-4.24957554540635E-32,1.,0.));
#9808=DIRECTION('ref_axis',(1.,4.24957554540635E-32,-1.45797637023103E-16));
#9809=DIRECTION('',(0.,0.,-1.));
#9810=DIRECTION('center_axis',(1.,1.39526004018199E-32,0.));
#9811=DIRECTION('ref_axis',(1.39526004018199E-32,-1.,-1.95772411919959E-16));
#9812=DIRECTION('',(0.,0.,-1.));
#9813=DIRECTION('center_axis',(0.,0.,-1.));
#9814=DIRECTION('ref_axis',(-1.,-4.24957554540635E-32,0.));
#9815=DIRECTION('',(0.,0.,1.));
#9816=DIRECTION('center_axis',(0.948683298050513,9.15869600498269E-17,-0.31622776601684));
#9817=DIRECTION('ref_axis',(-0.31622776601684,-3.32959135813378E-9,-0.948683298050513));
#9818=DIRECTION('',(-0.314485451016577,-0.10482848367219,-0.943456353049726));
#9819=DIRECTION('',(-9.65411325761006E-17,1.,5.91143944976909E-33));
#9820=DIRECTION('',(-0.31622776601684,-3.32959135813378E-9,-0.948683298050513));
#9821=DIRECTION('',(9.65411325761006E-17,-1.,3.24794509725384E-33));
#9822=DIRECTION('',(0.301511344577765,0.301511344577765,0.90453403373329));
#9823=DIRECTION('center_axis',(-1.30313692195231E-16,0.948683298050513,
-0.316227766016839));
#9824=DIRECTION('ref_axis',(3.32959124195358E-9,-0.316227766016839,-0.948683298050513));
#9825=DIRECTION('',(-0.688247201611696,-0.22941573387056,-0.688247201611676));
#9826=DIRECTION('',(1.,1.48577066533792E-16,3.36431219583381E-17));
#9827=DIRECTION('center_axis',(-1.22464679914735E-16,-5.91143944976909E-33,
-1.));
#9828=DIRECTION('ref_axis',(1.,9.65411325761006E-17,-1.22464679914735E-16));
#9829=DIRECTION('',(2.95571972488455E-33,-1.,5.91143944976909E-33));
#9830=DIRECTION('',(-1.,-6.98042440763729E-16,1.22464679914735E-16));
#9831=DIRECTION('',(-9.65411325761006E-17,1.,5.91143944976909E-33));
#9832=DIRECTION('center_axis',(-1.22464679914735E-16,-5.91143944976909E-33,
-1.));
#9833=DIRECTION('ref_axis',(4.16735888953502E-15,-1.,-5.04442833046964E-31));
#9834=DIRECTION('',(-1.,-8.16985787709514E-17,1.22464679914735E-16));
#9835=DIRECTION('',(-1.1138368638125E-16,1.,7.72912805063392E-33));
#9836=DIRECTION('',(1.,9.65411325761006E-17,-1.22464679914735E-16));
#9837=DIRECTION('center_axis',(1.22464679914735E-16,5.91143944976909E-33,
1.));
#9838=DIRECTION('ref_axis',(2.12390491667421E-15,1.,-2.66014775239609E-31));
#9839=DIRECTION('',(9.65411325761006E-17,-1.,-5.91143944976909E-33));
#9840=DIRECTION('',(1.,9.65411325761006E-17,-1.22464679914735E-16));
#9841=DIRECTION('',(2.95571972488455E-33,-1.,5.91143944976909E-33));
#9842=DIRECTION('',(0.948683298050513,-0.316227766016841,-1.16180196436211E-16));
#9843=DIRECTION('',(9.65411325761006E-17,-1.,-5.91143944976909E-33));
#9844=DIRECTION('center_axis',(1.22464679914735E-16,5.91143944976909E-33,
1.));
#9845=DIRECTION('ref_axis',(1.43001552628349E-15,1.,-1.81037833149178E-31));
#9846=DIRECTION('',(-1.,-9.65411325761006E-17,1.22464679914735E-16));
#9847=DIRECTION('',(9.65411325761006E-17,-1.,-5.91143944976909E-33));
#9848=DIRECTION('',(1.,9.65411325761006E-17,-1.22464679914735E-16));
#9849=DIRECTION('center_axis',(-1.22464679914735E-16,-5.91143944976909E-33,
-1.));
#9850=DIRECTION('ref_axis',(-4.5857037973648E-16,-1.,6.20701142225757E-32));
#9851=DIRECTION('',(-0.948683298050516,-0.316227766016831,1.16180196436212E-16));
#9852=DIRECTION('center_axis',(5.28602279044231E-17,-0.948683298050514,
-0.316227766016838));
#9853=DIRECTION('ref_axis',(3.32959135813376E-9,-0.316227766016838,0.948683298050514));
#9854=DIRECTION('',(0.688247201611681,-0.229415733870563,0.688247201611689));
#9855=DIRECTION('',(-1.,-4.45051986184094E-17,-3.36431219583381E-17));
#9856=DIRECTION('',(0.301511344577763,0.301511344577764,-0.904534033733291));
#9857=DIRECTION('center_axis',(-0.948683298050514,-9.1586960049827E-17,
-0.316227766016838));
#9858=DIRECTION('ref_axis',(-0.316227766016838,-3.32959124195356E-9,0.948683298050514));
#9859=DIRECTION('',(-0.316227766016838,-3.32959124195356E-9,0.948683298050514));
#9860=DIRECTION('',(-9.65411325761006E-17,1.,-3.24794509725384E-33));
#9861=DIRECTION('center_axis',(-1.22464679914735E-16,-5.91143944976909E-33,
-1.));
#9862=DIRECTION('ref_axis',(2.07563435038616E-16,-1.,-1.9507750184238E-32));
#9863=DIRECTION('',(-3.2254739166617E-17,-0.316227766016839,-0.948683298050513));
#9864=DIRECTION('center_axis',(-3.36431219583381E-17,0.,1.));
#9865=DIRECTION('ref_axis',(2.07563435038616E-16,-1.,-1.9507750184238E-32));
#9866=DIRECTION('center_axis',(1.22464679914735E-16,5.91143944976909E-33,
1.));
#9867=DIRECTION('ref_axis',(2.07563435038616E-16,-1.,-1.9507750184238E-32));
#9868=DIRECTION('',(8.39254572695945E-17,-0.316227766016838,0.948683298050514));
#9869=DIRECTION('center_axis',(3.36431219583381E-17,0.,-1.));
#9870=DIRECTION('ref_axis',(2.07563435038616E-16,-1.,-1.9507750184238E-32));
#9871=DIRECTION('center_axis',(5.28602279044231E-17,-0.948683298050514,
-0.316227766016838));
#9872=DIRECTION('ref_axis',(8.39254572695945E-17,-0.316227766016838,0.948683298050514));
#9873=DIRECTION('',(-1.,-4.45051986184094E-17,-3.36431219583381E-17));
#9874=DIRECTION('',(0.301511344577763,0.301511344577764,-0.904534033733291));
#9875=DIRECTION('center_axis',(-1.30313692195231E-16,0.948683298050513,
-0.316227766016839));
#9876=DIRECTION('ref_axis',(-3.2254739166617E-17,-0.316227766016839,-0.948683298050513));
#9877=DIRECTION('',(1.,1.48577066533792E-16,3.36431219583381E-17));
#9878=DIRECTION('',(0.301511344577765,0.301511344577765,0.90453403373329));
#9879=DIRECTION('center_axis',(-1.30313692195231E-16,0.948683298050514,
-0.316227766016838));
#9880=DIRECTION('ref_axis',(3.32959074065692E-9,-0.316227766016838,-0.948683298050514));
#9881=DIRECTION('',(-0.688247201611694,-0.229415733870559,-0.688247201611678));
#9882=DIRECTION('',(-0.301511344577764,0.301511344577764,0.904534033733291));
#9883=DIRECTION('',(1.,1.48577066533792E-16,3.36431219583381E-17));
#9884=DIRECTION('center_axis',(5.28602279044229E-17,-0.948683298050513,
-0.316227766016839));
#9885=DIRECTION('ref_axis',(3.32959108919752E-9,-0.316227766016839,0.948683298050513));
#9886=DIRECTION('',(0.688247201611683,-0.229415733870564,0.688247201611687));
#9887=DIRECTION('',(-1.,-4.45051986184091E-17,-3.36431219583381E-17));
#9888=DIRECTION('',(-0.301511344577765,0.301511344577765,-0.90453403373329));
#9889=DIRECTION('center_axis',(0.948683298050513,9.15869600498269E-17,-0.31622776601684));
#9890=DIRECTION('ref_axis',(0.31622776601684,3.32959097301733E-9,0.948683298050513));
#9891=DIRECTION('',(0.314485451016577,-0.104828483672194,0.943456353049726));
#9892=DIRECTION('',(9.65411325761006E-17,-1.,3.24794509725384E-33));
#9893=DIRECTION('',(0.31622776601684,3.32959097301733E-9,0.948683298050513));
#9894=DIRECTION('center_axis',(-0.948683298050514,-9.1586960049827E-17,
-0.316227766016838));
#9895=DIRECTION('ref_axis',(0.316227766016838,3.32959085683711E-9,-0.948683298050514));
#9896=DIRECTION('',(0.316227766016838,3.32959085683711E-9,-0.948683298050514));
#9897=DIRECTION('',(-9.65411325761006E-17,1.,-3.24794509725384E-33));
#9898=DIRECTION('center_axis',(-1.22464679914735E-16,-5.91143944976909E-33,
-1.));
#9899=DIRECTION('ref_axis',(-9.65411325761006E-17,1.,5.91143944976909E-33));
#9900=DIRECTION('',(2.04799281337593E-16,-0.316227766016839,0.948683298050513));
#9901=DIRECTION('center_axis',(-3.36431219583381E-17,0.,1.));
#9902=DIRECTION('ref_axis',(-9.65411325761005E-17,1.,5.91143944976909E-33));
#9903=DIRECTION('center_axis',(1.22464679914735E-16,5.91143944976909E-33,
1.));
#9904=DIRECTION('ref_axis',(-9.65411325761006E-17,1.,5.91143944976909E-33));
#9905=DIRECTION('',(-1.43741307971042E-16,-0.316227766016838,-0.948683298050514));
#9906=DIRECTION('center_axis',(3.36431219583381E-17,0.,-1.));
#9907=DIRECTION('ref_axis',(-9.65411325761006E-17,1.,5.91143944976909E-33));
#9908=DIRECTION('center_axis',(-1.30313692195231E-16,0.948683298050514,
-0.316227766016838));
#9909=DIRECTION('ref_axis',(-1.43741307971042E-16,-0.316227766016838,-0.948683298050514));
#9910=DIRECTION('',(1.,1.48577066533792E-16,3.36431219583381E-17));
#9911=DIRECTION('',(-0.301511344577764,0.301511344577764,0.904534033733291));
#9912=DIRECTION('center_axis',(5.28602279044229E-17,-0.948683298050513,
-0.316227766016839));
#9913=DIRECTION('ref_axis',(2.04799281337593E-16,-0.316227766016839,0.948683298050513));
#9914=DIRECTION('',(-1.,-4.45051986184091E-17,-3.36431219583381E-17));
#9915=DIRECTION('',(-0.301511344577765,0.301511344577765,-0.90453403373329));
#9916=DIRECTION('center_axis',(0.948683298050513,9.15869600498269E-17,-0.31622776601684));
#9917=DIRECTION('ref_axis',(0.31622776601684,8.86190849013816E-17,0.948683298050513));
#9918=DIRECTION('',(9.65411325761006E-17,-1.,3.24794509725384E-33));
#9919=DIRECTION('center_axis',(-0.948683298050514,-9.1586960049827E-17,
-0.316227766016838));
#9920=DIRECTION('ref_axis',(0.316227766016838,-2.75611115348302E-17,-0.948683298050514));
#9921=DIRECTION('',(-9.65411325761006E-17,1.,-3.24794509725384E-33));
#9922=DIRECTION('center_axis',(1.,2.95571972488455E-33,0.));
#9923=DIRECTION('ref_axis',(2.95571972488455E-33,-1.,-4.82705662880503E-17));
#9924=DIRECTION('',(0.,0.,-1.));
#9925=DIRECTION('',(2.95571972488455E-33,-1.,-4.82705662880503E-17));
#9926=DIRECTION('',(0.,0.,-1.));
#9927=DIRECTION('center_axis',(0.316227766016831,-0.948683298050516,0.));
#9928=DIRECTION('ref_axis',(-0.948683298050516,-0.316227766016831,-1.52644933416375E-17));
#9929=DIRECTION('',(0.,0.,-1.));
#9930=DIRECTION('',(-0.948683298050516,-0.316227766016831,-1.52644933416375E-17));
#9931=DIRECTION('center_axis',(3.36431219583381E-17,0.,-1.));
#9932=DIRECTION('ref_axis',(-1.,0.,-3.36431219583381E-17));
#9933=DIRECTION('',(0.,1.,0.));
#9934=DIRECTION('',(-1.,0.,-3.36431219583381E-17));
#9935=DIRECTION('',(0.,1.,0.));
#9936=DIRECTION('center_axis',(0.,0.,1.));
#9937=DIRECTION('ref_axis',(-1.,0.,0.));
#9938=DIRECTION('',(-1.,0.,0.));
#9939=DIRECTION('',(0.,1.,0.));
#9940=DIRECTION('',(-1.,0.,0.));
#9941=DIRECTION('center_axis',(0.,0.,1.));
#9942=DIRECTION('ref_axis',(-1.,0.,0.));
#9943=DIRECTION('',(0.,-1.,0.));
#9944=DIRECTION('',(1.,0.,3.36431219583381E-17));
#9945=DIRECTION('',(0.,1.,0.));
#9946=DIRECTION('center_axis',(0.,0.948683298050514,0.316227766016838));
#9947=DIRECTION('ref_axis',(-3.32959121142458E-9,-0.316227766016838,0.948683298050514));
#9948=DIRECTION('',(0.688247201611681,0.229415733870563,-0.688247201611689));
#9949=DIRECTION('',(1.,-6.01501308187628E-16,0.));
#9950=DIRECTION('',(-0.301511344577764,0.301511344577764,-0.904534033733291));
#9951=DIRECTION('center_axis',(0.948683298050513,0.,0.316227766016839));
#9952=DIRECTION('ref_axis',(-0.316227766016839,3.32959094248834E-9,0.948683298050513));
#9953=DIRECTION('',(0.314485451016577,0.104828483672194,-0.943456353049726));
#9954=DIRECTION('',(0.,-1.,0.));
#9955=DIRECTION('',(-0.316227766016839,3.32959094248834E-9,0.948683298050513));
#9956=DIRECTION('',(0.,1.,0.));
#9957=DIRECTION('',(0.301511344577765,0.301511344577765,-0.90453403373329));
#9958=DIRECTION('center_axis',(0.,0.948683298050513,0.316227766016839));
#9959=DIRECTION('ref_axis',(-3.32959094248834E-9,-0.316227766016839,0.948683298050513));
#9960=DIRECTION('',(0.688247201611683,0.229415733870564,-0.688247201611687));
#9961=DIRECTION('',(-1.,1.12143739861127E-17,-3.36431219583381E-17));
#9962=DIRECTION('center_axis',(0.,-0.948683298050513,0.316227766016839));
#9963=DIRECTION('ref_axis',(-3.32959132760479E-9,-0.316227766016839,-0.948683298050513));
#9964=DIRECTION('',(-0.688247201611696,0.22941573387056,0.688247201611676));
#9965=DIRECTION('',(1.,1.12143739861127E-17,3.36431219583381E-17));
#9966=DIRECTION('',(-0.301511344577765,0.301511344577765,0.90453403373329));
#9967=DIRECTION('center_axis',(0.948683298050513,0.,0.316227766016839));
#9968=DIRECTION('ref_axis',(0.316227766016839,-3.32959132760479E-9,-0.948683298050513));
#9969=DIRECTION('',(-0.314485451016577,0.10482848367219,0.943456353049726));
#9970=DIRECTION('',(0.,1.,0.));
#9971=DIRECTION('',(0.316227766016839,-3.32959132760479E-9,-0.948683298050513));
#9972=DIRECTION('',(0.,1.,0.));
#9973=DIRECTION('center_axis',(-0.948683298050514,0.,0.316227766016838));
#9974=DIRECTION('ref_axis',(0.316227766016838,-3.32959121142458E-9,0.948683298050514));
#9975=DIRECTION('',(0.316227766016838,-3.32959121142458E-9,0.948683298050514));
#9976=DIRECTION('',(0.,1.,0.));
#9977=DIRECTION('center_axis',(0.,0.,-1.));
#9978=DIRECTION('ref_axis',(-1.11022302462516E-16,-1.,0.));
#9979=DIRECTION('',(-5.33964705863187E-17,-0.316227766016839,-0.948683298050513));
#9980=DIRECTION('center_axis',(0.,0.,1.));
#9981=DIRECTION('ref_axis',(5.5511151231258E-16,-1.,0.));
#9982=DIRECTION('center_axis',(-3.36431219583381E-17,0.,1.));
#9983=DIRECTION('ref_axis',(-1.11022302462516E-16,-1.,0.));
#9984=DIRECTION('center_axis',(0.,0.,1.));
#9985=DIRECTION('ref_axis',(-1.11022302462516E-16,-1.,0.));
#9986=DIRECTION('',(6.27837258498928E-17,-0.316227766016838,0.948683298050514));
#9987=DIRECTION('center_axis',(0.,0.,1.));
#9988=DIRECTION('ref_axis',(-4.07081775695892E-15,-1.,0.));
#9989=DIRECTION('center_axis',(0.,0.948683298050514,0.316227766016838));
#9990=DIRECTION('ref_axis',(6.27837258498928E-17,-0.316227766016838,0.948683298050514));
#9991=DIRECTION('',(1.,1.48425538051491E-17,0.));
#9992=DIRECTION('',(-0.301511344577764,0.301511344577764,-0.904534033733291));
#9993=DIRECTION('center_axis',(0.,-0.948683298050513,0.316227766016839));
#9994=DIRECTION('ref_axis',(-5.33964705863187E-17,-0.316227766016839,-0.948683298050513));
#9995=DIRECTION('',(1.,1.12143739861127E-17,3.36431219583381E-17));
#9996=DIRECTION('',(-0.301511344577765,0.301511344577765,0.90453403373329));
#9997=DIRECTION('',(-1.,0.,0.));
#9998=DIRECTION('center_axis',(0.,-0.948683298050514,0.316227766016838));
#9999=DIRECTION('ref_axis',(-3.32959082630813E-9,-0.316227766016838,-0.948683298050514));
#10000=DIRECTION('',(-0.688247201611694,0.229415733870559,0.688247201611678));
#10001=DIRECTION('',(0.301511344577764,0.301511344577764,0.904534033733291));
#10002=DIRECTION('',(-1.,0.,0.));
#10003=DIRECTION('center_axis',(-0.948683298050514,0.,0.316227766016838));
#10004=DIRECTION('ref_axis',(-0.316227766016838,3.32959082630813E-9,-0.948683298050514));
#10005=DIRECTION('',(-0.316227766016838,3.32959082630813E-9,-0.948683298050514));
#10006=DIRECTION('',(0.,-1.,0.));
#10007=DIRECTION('center_axis',(0.,0.,-1.));
#10008=DIRECTION('ref_axis',(0.,1.,0.));
#10009=DIRECTION('',(-5.80900982181058E-17,-0.316227766016839,0.948683298050513));
#10010=DIRECTION('center_axis',(-3.36431219583381E-17,0.,1.));
#10011=DIRECTION('ref_axis',(0.,1.,0.));
#10012=DIRECTION('center_axis',(0.,0.,-1.));
#10013=DIRECTION('ref_axis',(-1.52655665885959E-15,1.,0.));
#10014=DIRECTION('center_axis',(0.,0.,1.));
#10015=DIRECTION('ref_axis',(0.,1.,0.));
#10016=DIRECTION('',(5.80900982181058E-17,-0.316227766016838,-0.948683298050514));
#10017=DIRECTION('center_axis',(0.,0.,-1.));
#10018=DIRECTION('ref_axis',(-2.22044604925031E-15,1.,0.));
#10019=DIRECTION('center_axis',(0.,-0.948683298050514,0.316227766016838));
#10020=DIRECTION('ref_axis',(5.80900982181058E-17,-0.316227766016838,-0.948683298050514));
#10021=DIRECTION('',(0.301511344577764,0.301511344577764,0.904534033733291));
#10022=DIRECTION('',(-1.,0.,0.));
#10023=DIRECTION('center_axis',(0.,0.948683298050513,0.316227766016839));
#10024=DIRECTION('ref_axis',(-5.80900982181058E-17,-0.316227766016839,0.948683298050513));
#10025=DIRECTION('',(1.,0.,0.));
#10026=DIRECTION('',(0.301511344577765,0.301511344577765,-0.90453403373329));
#10027=DIRECTION('',(-1.,1.12143739861127E-17,-3.36431219583381E-17));
#10028=DIRECTION('center_axis',(0.,0.,1.));
#10029=DIRECTION('ref_axis',(-1.,0.,0.));
#10030=DIRECTION('',(-1.36739385458222E-32,1.,0.));
#10031=DIRECTION('',(-0.948683298050516,0.316227766016831,0.));
#10032=DIRECTION('',(0.,-1.,0.));
#10033=DIRECTION('',(0.948683298050513,0.316227766016841,0.));
#10034=DIRECTION('',(1.21128858826959E-33,1.,0.));
#10035=DIRECTION('',(1.48425538051491E-17,1.,0.));
#10036=DIRECTION('center_axis',(0.948683298050513,0.,0.316227766016839));
#10037=DIRECTION('ref_axis',(-0.316227766016839,5.80900982181058E-17,0.948683298050513));
#10038=DIRECTION('',(0.,1.,0.));
#10039=DIRECTION('center_axis',(-0.948683298050514,0.,0.316227766016838));
#10040=DIRECTION('ref_axis',(-0.316227766016838,-5.80900982181058E-17,-0.948683298050514));
#10041=DIRECTION('center_axis',(-0.316227766016841,0.948683298050513,0.));
#10042=DIRECTION('ref_axis',(0.948683298050513,0.316227766016841,-3.42094697892451E-16));
#10043=DIRECTION('',(0.,0.,-1.));
#10044=DIRECTION('',(0.948683298050513,0.316227766016841,-3.42094697892451E-16));
#10045=DIRECTION('',(0.,0.,-1.));
#10046=DIRECTION('center_axis',(3.36431219583381E-17,0.,-1.));
#10047=DIRECTION('ref_axis',(-1.,0.,-3.36431219583381E-17));
#10048=DIRECTION('',(0.,1.,0.));
#10049=DIRECTION('',(1.,0.,3.36431219583381E-17));
#10050=DIRECTION('',(0.,-1.,0.));
#10051=DIRECTION('center_axis',(0.,0.,1.));
#10052=DIRECTION('ref_axis',(-1.,0.,0.));
#10053=DIRECTION('',(1.,0.,0.));
#10054=DIRECTION('',(0.,1.,0.));
#10055=DIRECTION('',(1.,0.,0.));
#10056=DIRECTION('center_axis',(0.,0.,1.));
#10057=DIRECTION('ref_axis',(-1.,0.,0.));
#10058=DIRECTION('',(0.,1.,0.));
#10059=DIRECTION('',(-1.,0.,-3.36431219583381E-17));
#10060=DIRECTION('',(0.,1.,0.));
#10061=DIRECTION('center_axis',(-1.,1.21128858826959E-33,-1.58603289232165E-16));
#10062=DIRECTION('ref_axis',(-8.86715917465364E-33,-1.,4.82705662880503E-17));
#10063=DIRECTION('',(-1.58603289232165E-16,0.,1.));
#10064=DIRECTION('',(-8.86715917465364E-33,-1.,4.82705662880503E-17));
#10065=DIRECTION('',(-1.58603289232165E-16,0.,1.));
#10066=DIRECTION('center_axis',(-0.316227766016841,0.948683298050513,-5.01547638368106E-17));
#10067=DIRECTION('ref_axis',(-0.948683298050513,-0.316227766016841,-1.00915703094574E-16));
#10068=DIRECTION('',(0.,-5.2867763077389E-17,-1.));
#10069=DIRECTION('',(-0.948683298050513,-0.316227766016841,-1.00915703094574E-16));
#10070=DIRECTION('center_axis',(0.316227766016841,0.948683298050513,0.));
#10071=DIRECTION('ref_axis',(0.948683298050513,-0.316227766016841,-1.5264493341638E-17));
#10072=DIRECTION('',(0.948683298050513,-0.316227766016841,-1.5264493341638E-17));
#10073=DIRECTION('',(0.,0.,1.));
#10074=DIRECTION('center_axis',(0.,-1.,0.));
#10075=DIRECTION('ref_axis',(0.,0.,1.));
#10076=DIRECTION('',(7.33545915597437E-17,-0.316227766016841,0.948683298050513));
#10077=DIRECTION('center_axis',(0.,-1.,0.));
#10078=DIRECTION('ref_axis',(0.,0.,1.));
#10079=DIRECTION('center_axis',(0.,1.,0.));
#10080=DIRECTION('ref_axis',(-1.54465812121761E-15,0.,1.));
#10081=DIRECTION('center_axis',(0.,1.,0.));
#10082=DIRECTION('ref_axis',(0.,0.,1.));
#10083=DIRECTION('',(-4.28256048764684E-17,-0.316227766016831,-0.948683298050516));
#10084=DIRECTION('center_axis',(0.,1.,0.));
#10085=DIRECTION('ref_axis',(-1.54465812121761E-15,0.,1.));
#10086=DIRECTION('center_axis',(0.,1.,0.));
#10087=DIRECTION('ref_axis',(0.,0.,1.));
#10088=DIRECTION('center_axis',(0.,1.,0.));
#10089=DIRECTION('ref_axis',(0.,0.,1.));
#10090=DIRECTION('',(4.82705662880503E-17,-1.,-1.21603664681615E-65));
#10091=DIRECTION('center_axis',(-0.316227766016831,-0.948683298050516,0.));
#10092=DIRECTION('ref_axis',(-0.948683298050516,0.316227766016831,3.11565711209177E-16));
#10093=DIRECTION('',(0.,0.,-1.));
#10094=DIRECTION('',(-0.948683298050516,0.316227766016831,3.11565711209177E-16));
#10095=DIRECTION('',(0.,0.,1.));
#10096=DIRECTION('center_axis',(-1.,-1.36739385458222E-32,0.));
#10097=DIRECTION('ref_axis',(-1.36739385458222E-32,1.,-4.82705662880503E-17));
#10098=DIRECTION('',(-1.36739385458222E-32,1.,-4.82705662880503E-17));
#10099=DIRECTION('center_axis',(0.,1.,0.));
#10100=DIRECTION('ref_axis',(0.,0.,1.));
#10101=DIRECTION('',(4.28256048764684E-17,0.316227766016831,0.948683298050516));
#10102=DIRECTION('center_axis',(0.,1.,0.));
#10103=DIRECTION('ref_axis',(-1.,0.,0.));
#10104=DIRECTION('center_axis',(0.,-1.,0.));
#10105=DIRECTION('ref_axis',(0.,0.,1.));
#10106=DIRECTION('center_axis',(0.,-1.,0.));
#10107=DIRECTION('ref_axis',(0.,0.,1.));
#10108=DIRECTION('',(-7.33545915597437E-17,0.316227766016841,-0.948683298050513));
#10109=DIRECTION('center_axis',(0.,-1.,0.));
#10110=DIRECTION('ref_axis',(0.,0.,1.));
#10111=DIRECTION('center_axis',(0.,-1.,0.));
#10112=DIRECTION('ref_axis',(-1.,0.,0.));
#10113=DIRECTION('center_axis',(0.,-1.,0.));
#10114=DIRECTION('ref_axis',(0.,0.,1.));
#10115=DIRECTION('',(-4.82705662880503E-17,1.,1.21603664681615E-65));
#10116=DIRECTION('center_axis',(0.,-0.948683298050516,0.316227766016831));
#10117=DIRECTION('ref_axis',(4.28256048764684E-17,0.316227766016831,0.948683298050516));
#10118=DIRECTION('',(1.,0.,0.));
#10119=DIRECTION('',(1.,0.,0.));
#10120=DIRECTION('center_axis',(0.,0.948683298050513,0.316227766016841));
#10121=DIRECTION('ref_axis',(-7.33545915597437E-17,0.316227766016841,-0.948683298050513));
#10122=DIRECTION('',(-1.,0.,0.));
#10123=DIRECTION('',(-1.,0.,0.));
#10124=DIRECTION('center_axis',(0.,-1.21603664681615E-65,1.));
#10125=DIRECTION('ref_axis',(-4.82705662880503E-17,1.,1.21603664681615E-65));
#10126=DIRECTION('center_axis',(-1.,0.,0.));
#10127=DIRECTION('ref_axis',(0.,0.,1.));
#10128=DIRECTION('',(0.,0.,-1.));
#10129=DIRECTION('',(0.,1.,0.));
#10130=DIRECTION('center_axis',(-1.,0.,0.));
#10131=DIRECTION('ref_axis',(0.,0.,1.));
#10132=DIRECTION('',(0.,1.,0.));
#10133=DIRECTION('',(0.,1.,0.));
#10134=DIRECTION('center_axis',(0.,1.,0.));
#10135=DIRECTION('ref_axis',(0.,0.,1.));
#10136=DIRECTION('center_axis',(0.,1.,0.));
#10137=DIRECTION('ref_axis',(0.,0.,1.));
#10138=DIRECTION('',(0.,1.,0.));
#10139=DIRECTION('center_axis',(0.,1.,0.));
#10140=DIRECTION('ref_axis',(0.,0.,1.));
#10141=DIRECTION('',(0.,1.,0.));
#10142=DIRECTION('center_axis',(0.,0.,-1.));
#10143=DIRECTION('ref_axis',(-1.,0.,0.));
#10144=DIRECTION('',(1.,0.,0.));
#10145=DIRECTION('',(0.,1.,0.));
#10146=DIRECTION('center_axis',(0.,0.,-1.));
#10147=DIRECTION('ref_axis',(-1.,0.,0.));
#10148=DIRECTION('',(0.,1.,0.));
#10149=DIRECTION('center_axis',(0.,1.,0.));
#10150=DIRECTION('ref_axis',(-1.,0.,0.));
#10151=DIRECTION('center_axis',(0.,1.,0.));
#10152=DIRECTION('ref_axis',(-1.,0.,0.));
#10153=DIRECTION('',(0.,1.,0.));
#10154=DIRECTION('center_axis',(0.,1.,0.));
#10155=DIRECTION('ref_axis',(-1.,0.,0.));
#10156=DIRECTION('',(0.,1.,0.));
#10157=DIRECTION('center_axis',(1.,0.,0.));
#10158=DIRECTION('ref_axis',(0.,0.,-1.));
#10159=DIRECTION('',(0.,0.,1.));
#10160=DIRECTION('center_axis',(1.,0.,0.));
#10161=DIRECTION('ref_axis',(0.,0.,-1.));
#10162=DIRECTION('center_axis',(-0.316227766016831,-0.948683298050516,-5.0154763836809E-17));
#10163=DIRECTION('ref_axis',(0.948683298050516,-0.316227766016831,1.31444689777849E-16));
#10164=DIRECTION('',(0.948683298050516,-0.316227766016831,1.31444689777849E-16));
#10165=DIRECTION('',(0.,-5.28677630773872E-17,1.));
#10166=DIRECTION('center_axis',(0.316227766016831,-0.948683298050516,0.));
#10167=DIRECTION('ref_axis',(-0.948683298050516,-0.316227766016831,-1.52644933416375E-17));
#10168=DIRECTION('',(0.,0.,-1.));
#10169=DIRECTION('',(-0.948683298050516,-0.316227766016831,-1.52644933416375E-17));
#10170=DIRECTION('',(0.,0.,-1.));
#10171=DIRECTION('center_axis',(1.,2.95571972488455E-33,0.));
#10172=DIRECTION('ref_axis',(2.95571972488455E-33,-1.,-4.82705662880503E-17));
#10173=DIRECTION('',(2.95571972488455E-33,-1.,-4.82705662880503E-17));
#10174=DIRECTION('',(0.,0.,-1.));
#10175=DIRECTION('center_axis',(0.,-1.,0.));
#10176=DIRECTION('ref_axis',(-1.,0.,0.));
#10177=DIRECTION('center_axis',(0.,-1.,0.));
#10178=DIRECTION('ref_axis',(-1.,0.,0.));
#10179=DIRECTION('',(-1.59005801312679E-16,-0.316227766016841,0.948683298050513));
#10180=DIRECTION('center_axis',(1.1653545579604E-16,1.,-1.1653545579604E-16));
#10181=DIRECTION('ref_axis',(-1.,1.20676415720125E-16,-2.1239049166742E-15));
#10182=DIRECTION('center_axis',(0.,1.,0.));
#10183=DIRECTION('ref_axis',(-1.,0.,0.));
#10184=DIRECTION('center_axis',(5.826772789802E-17,1.,-5.82677278980198E-17));
#10185=DIRECTION('ref_axis',(-1.,6.03382078600626E-17,-2.1239049166742E-15));
#10186=DIRECTION('',(1.89534787995955E-16,-0.316227766016831,-0.948683298050516));
#10187=DIRECTION('center_axis',(0.,1.,0.));
#10188=DIRECTION('ref_axis',(-1.,0.,0.));
#10189=DIRECTION('center_axis',(0.,1.,0.));
#10190=DIRECTION('ref_axis',(-1.,0.,0.));
#10191=DIRECTION('',(4.82705662880503E-17,-1.,1.18228788995382E-32));
#10192=DIRECTION('center_axis',(0.316227766016841,0.948683298050513,0.));
#10193=DIRECTION('ref_axis',(0.948683298050513,-0.316227766016841,-1.5264493341638E-17));
#10194=DIRECTION('',(0.948683298050513,-0.316227766016841,-1.5264493341638E-17));
#10195=DIRECTION('',(0.,0.,1.));
#10196=DIRECTION('center_axis',(0.,-1.,0.));
#10197=DIRECTION('ref_axis',(0.,0.,1.));
#10198=DIRECTION('',(7.33545915597437E-17,-0.316227766016841,0.948683298050513));
#10199=DIRECTION('center_axis',(0.,-1.,0.));
#10200=DIRECTION('ref_axis',(0.,0.,1.));
#10201=DIRECTION('center_axis',(-1.1653545579604E-16,1.,-1.1653545579604E-16));
#10202=DIRECTION('ref_axis',(-1.5446581212176E-15,1.20676415720125E-16,
1.));
#10203=DIRECTION('center_axis',(0.,1.,0.));
#10204=DIRECTION('ref_axis',(0.,0.,1.));
#10205=DIRECTION('',(-4.28256048764684E-17,-0.316227766016831,-0.948683298050516));
#10206=DIRECTION('center_axis',(-5.82677278980198E-17,1.,-5.82677278980199E-17));
#10207=DIRECTION('ref_axis',(-1.5446581212176E-15,6.03382078600625E-17,
1.));
#10208=DIRECTION('center_axis',(0.,1.,0.));
#10209=DIRECTION('ref_axis',(0.,0.,1.));
#10210=DIRECTION('center_axis',(0.,1.,0.));
#10211=DIRECTION('ref_axis',(0.,0.,1.));
#10212=DIRECTION('',(4.82705662880503E-17,-1.,-1.21603664681615E-65));
#10213=DIRECTION('center_axis',(0.,0.948683298050513,0.316227766016841));
#10214=DIRECTION('ref_axis',(7.33545915597437E-17,-0.316227766016841,0.948683298050513));
#10215=DIRECTION('',(1.,0.,-7.22772186348595E-17));
#10216=DIRECTION('',(-1.,0.,0.));
#10217=DIRECTION('center_axis',(0.,-0.948683298050516,0.316227766016831));
#10218=DIRECTION('ref_axis',(-4.28256048764684E-17,-0.316227766016831,-0.948683298050516));
#10219=DIRECTION('',(1.,0.,0.));
#10220=DIRECTION('',(1.,0.,0.));
#10221=DIRECTION('center_axis',(0.,-1.21603664681615E-65,1.));
#10222=DIRECTION('ref_axis',(4.82705662880503E-17,-1.,-1.21603664681615E-65));
#10223=DIRECTION('center_axis',(1.,0.,0.));
#10224=DIRECTION('ref_axis',(0.,0.,-1.));
#10225=DIRECTION('',(0.,0.,-1.));
#10226=DIRECTION('',(0.,1.,0.));
#10227=DIRECTION('center_axis',(1.,0.,0.));
#10228=DIRECTION('ref_axis',(0.,0.,-1.));
#10229=DIRECTION('',(0.,1.,0.));
#10230=DIRECTION('center_axis',(0.,1.,0.));
#10231=DIRECTION('ref_axis',(-1.,0.,0.));
#10232=DIRECTION('center_axis',(0.,-1.,0.));
#10233=DIRECTION('ref_axis',(-1.,0.,0.));
#10234=DIRECTION('',(0.,1.,0.));
#10235=DIRECTION('center_axis',(0.,1.,0.));
#10236=DIRECTION('ref_axis',(-1.,0.,0.));
#10237=DIRECTION('',(0.,1.,0.));
#10238=DIRECTION('center_axis',(0.,0.,-1.));
#10239=DIRECTION('ref_axis',(-1.,0.,0.));
#10240=DIRECTION('',(-1.,0.,0.));
#10241=DIRECTION('',(0.,1.,0.));
#10242=DIRECTION('center_axis',(0.,0.,-1.));
#10243=DIRECTION('ref_axis',(-1.,0.,0.));
#10244=DIRECTION('',(0.,1.,0.));
#10245=DIRECTION('center_axis',(0.,1.,0.));
#10246=DIRECTION('ref_axis',(0.,0.,1.));
#10247=DIRECTION('center_axis',(0.,-1.,0.));
#10248=DIRECTION('ref_axis',(0.,0.,1.));
#10249=DIRECTION('',(0.,1.,0.));
#10250=DIRECTION('center_axis',(0.,1.,0.));
#10251=DIRECTION('ref_axis',(0.,0.,1.));
#10252=DIRECTION('',(0.,1.,0.));
#10253=DIRECTION('center_axis',(-1.,0.,0.));
#10254=DIRECTION('ref_axis',(0.,0.,1.));
#10255=DIRECTION('',(0.,0.,1.));
#10256=DIRECTION('center_axis',(-1.,0.,0.));
#10257=DIRECTION('ref_axis',(0.,0.,1.));
#10258=DIRECTION('',(0.,1.,0.));
#10259=DIRECTION('center_axis',(3.36431219583381E-17,0.,-1.));
#10260=DIRECTION('ref_axis',(-1.,0.,-3.36431219583381E-17));
#10261=DIRECTION('center_axis',(3.36431219583381E-17,0.,-1.));
#10262=DIRECTION('ref_axis',(-1.,0.,0.));
#10263=DIRECTION('center_axis',(3.36431219583381E-17,0.,-1.));
#10264=DIRECTION('ref_axis',(-1.,0.,0.));
#10265=DIRECTION('center_axis',(1.,0.,0.));
#10266=DIRECTION('ref_axis',(0.,1.,0.));
#10267=DIRECTION('',(0.,1.,0.));
#10268=DIRECTION('',(0.,0.,1.));
#10269=DIRECTION('',(0.,0.,-1.));
#10270=DIRECTION('center_axis',(0.,0.,1.));
#10271=DIRECTION('ref_axis',(-1.,0.,0.));
#10272=DIRECTION('',(0.,0.,1.));
#10273=DIRECTION('center_axis',(0.,-1.,0.));
#10274=DIRECTION('ref_axis',(1.,0.,0.));
#10275=DIRECTION('center_axis',(0.,1.,0.));
#10276=DIRECTION('ref_axis',(-1.,0.,0.));
#10277=DIRECTION('',(-4.62592926927148E-17,0.,1.));
#10278=DIRECTION('center_axis',(0.,0.,1.));
#10279=DIRECTION('ref_axis',(-1.,0.,0.));
#10280=DIRECTION('',(0.,0.,-1.));
#10281=DIRECTION('center_axis',(1.,0.,4.62592926927148E-17));
#10282=DIRECTION('ref_axis',(4.62592926927148E-17,0.,-1.));
#10283=DIRECTION('',(0.,1.,0.));
#10284=DIRECTION('',(4.62592926927148E-17,0.,-1.));
#10285=DIRECTION('center_axis',(0.,1.,0.));
#10286=DIRECTION('ref_axis',(-1.,0.,0.));
#10287=DIRECTION('',(0.,0.,1.));
#10288=DIRECTION('',(0.,0.,1.));
#10289=DIRECTION('center_axis',(0.,0.,1.));
#10290=DIRECTION('ref_axis',(-1.,0.,0.));
#10291=DIRECTION('',(0.,0.,-1.));
#10292=DIRECTION('center_axis',(-1.,0.,0.));
#10293=DIRECTION('ref_axis',(0.,-1.,0.));
#10294=DIRECTION('',(0.,0.,1.));
#10295=DIRECTION('',(0.,0.,-1.));
#10296=DIRECTION('center_axis',(0.,0.,1.));
#10297=DIRECTION('ref_axis',(-1.,0.,0.));
#10298=DIRECTION('center_axis',(-1.,0.,0.));
#10299=DIRECTION('ref_axis',(0.,0.,1.));
#10300=DIRECTION('',(0.,0.,-1.));
#10301=DIRECTION('center_axis',(0.,1.,0.));
#10302=DIRECTION('ref_axis',(1.,0.,0.));
#10303=DIRECTION('',(0.,0.,1.));
#10304=DIRECTION('center_axis',(0.,-1.,0.));
#10305=DIRECTION('ref_axis',(-1.,0.,0.));
#10306=DIRECTION('center_axis',(1.,0.,0.));
#10307=DIRECTION('ref_axis',(0.,1.,0.));
#10308=DIRECTION('',(0.,1.,0.));
#10309=DIRECTION('',(0.,0.,1.));
#10310=DIRECTION('center_axis',(0.,0.,1.));
#10311=DIRECTION('ref_axis',(-1.,0.,0.));
#10312=DIRECTION('',(0.,0.,-1.));
#10313=DIRECTION('center_axis',(0.,1.,0.));
#10314=DIRECTION('ref_axis',(-1.,0.,0.));
#10315=DIRECTION('center_axis',(0.,-1.,0.));
#10316=DIRECTION('ref_axis',(-1.,0.,0.));
#10317=DIRECTION('',(0.,0.,1.));
#10318=DIRECTION('center_axis',(0.,0.,1.));
#10319=DIRECTION('ref_axis',(0.707106784909143,0.707106777463952,0.));
#10320=DIRECTION('center_axis',(0.,1.,0.));
#10321=DIRECTION('ref_axis',(-1.,0.,0.));
#10322=DIRECTION('center_axis',(0.,1.,0.));
#10323=DIRECTION('ref_axis',(-1.,0.,0.));
#10324=DIRECTION('center_axis',(0.,-1.,0.));
#10325=DIRECTION('ref_axis',(1.,0.,0.));
#10326=DIRECTION('',(0.,0.,1.));
#10327=DIRECTION('center_axis',(0.,0.,1.));
#10328=DIRECTION('ref_axis',(-1.,0.,0.));
#10329=DIRECTION('',(0.,0.,1.));
#10330=DIRECTION('center_axis',(-1.,0.,0.));
#10331=DIRECTION('ref_axis',(0.,-1.,0.));
#10332=DIRECTION('',(0.,0.,1.));
#10333=DIRECTION('center_axis',(0.,0.,1.));
#10334=DIRECTION('ref_axis',(-1.,0.,0.));
#10335=DIRECTION('',(0.,0.,-1.));
#10336=DIRECTION('center_axis',(0.,1.,0.));
#10337=DIRECTION('ref_axis',(1.,0.,0.));
#10338=DIRECTION('',(-5.00527404149609E-15,6.95569813314653E-15,-0.999999999999998));
#10339=DIRECTION('',(0.707106781186546,0.707106781186544,3.56539988674442E-15));
#10340=DIRECTION('',(-5.00527404149609E-15,6.95569813314653E-15,-0.999999999999998));
#10341=DIRECTION('',(0.707106781186546,0.707106781186544,3.56539988674442E-15));
#10342=DIRECTION('',(0.,0.,1.));
#10343=DIRECTION('',(1.,0.,0.));
#10344=CARTESIAN_POINT('',(0.,0.,0.));
#10345=CARTESIAN_POINT('',(0.,0.,0.));
#10346=CARTESIAN_POINT('Origin',(1.74687276362667,-6.05210527372347,0.5));
#10347=CARTESIAN_POINT('',(3.34022031670918,-6.73908085522184,0.5));
#10348=CARTESIAN_POINT('',(3.33713455859121,-4.3398933704575,0.5));
#10349=CARTESIAN_POINT('Ctrl Pts',(3.34022031670918,-6.73908085522184,0.5));
#10350=CARTESIAN_POINT('Ctrl Pts',(3.00860130030946,-5.97472047728218,0.5));
#10351=CARTESIAN_POINT('Ctrl Pts',(3.00895999285157,-5.1024681237942,0.5));
#10352=CARTESIAN_POINT('Ctrl Pts',(3.33713455859121,-4.3398933704575,0.5));
#10353=CARTESIAN_POINT('',(2.33135849648002,-3.29447687828157,0.5));
#10354=CARTESIAN_POINT('',(3.33713455859121,-4.3398933704575,0.5));
#10355=CARTESIAN_POINT('',(0.477313377251929,-6.79284605623612,0.5));
#10356=CARTESIAN_POINT('',(2.33135849648002,-3.29447687828157,0.5));
#10357=CARTESIAN_POINT('',(0.997530373047581,-8.48594745810992,0.5));
#10358=CARTESIAN_POINT('Ctrl Pts',(0.477313377251929,-6.79284605623612,
0.5));
#10359=CARTESIAN_POINT('Ctrl Pts',(0.153525210544163,-7.40409971521815,
0.5));
#10360=CARTESIAN_POINT('Ctrl Pts',(0.386159071966599,-8.16180990192412,
0.5));
#10361=CARTESIAN_POINT('Ctrl Pts',(0.997530373047581,-8.48594745810992,
0.5));
#10362=CARTESIAN_POINT('',(2.69039646054081,-7.96549824647745,0.5));
#10363=CARTESIAN_POINT('Ctrl Pts',(0.997530373047581,-8.48594745810992,
0.5));
#10364=CARTESIAN_POINT('Ctrl Pts',(1.60878214437869,-8.80973366916537,0.5));
#10365=CARTESIAN_POINT('Ctrl Pts',(2.36648876405576,-8.57663237568219,0.5));
#10366=CARTESIAN_POINT('Ctrl Pts',(2.69039646054081,-7.96549824647745,0.5));
#10367=CARTESIAN_POINT('',(2.69039646054081,-7.96549824647745,0.5));
#10368=CARTESIAN_POINT('Ctrl Pts',(3.34022031670918,-6.73908085522184,0.));
#10369=CARTESIAN_POINT('Ctrl Pts',(3.34022031670918,-6.73908085522184,0.5));
#10370=CARTESIAN_POINT('Ctrl Pts',(3.00860130030946,-5.97472047728218,0.));
#10371=CARTESIAN_POINT('Ctrl Pts',(3.00860130030946,-5.97472047728218,0.5));
#10372=CARTESIAN_POINT('Ctrl Pts',(3.00895999285157,-5.1024681237942,0.));
#10373=CARTESIAN_POINT('Ctrl Pts',(3.00895999285157,-5.1024681237942,0.5));
#10374=CARTESIAN_POINT('Ctrl Pts',(3.33713455859121,-4.3398933704575,0.));
#10375=CARTESIAN_POINT('Ctrl Pts',(3.33713455859121,-4.3398933704575,0.5));
#10376=CARTESIAN_POINT('',(3.33713455859121,-4.3398933704575,0.000453564778106259));
#10377=CARTESIAN_POINT('',(3.34022031670918,-6.73908085522184,0.000453564778088876));
#10378=CARTESIAN_POINT('Ctrl Pts',(3.33713455859121,-4.3398933704575,0.000453564778106259));
#10379=CARTESIAN_POINT('Ctrl Pts',(3.00895999285157,-5.1024681237942,0.000453564778106259));
#10380=CARTESIAN_POINT('Ctrl Pts',(3.00860130030946,-5.97472047728218,0.000453564778106259));
#10381=CARTESIAN_POINT('Ctrl Pts',(3.34022031670918,-6.73908085522184,0.000453564778106259));
#10382=CARTESIAN_POINT('',(3.33713455859121,-4.3398933704575,0.));
#10383=CARTESIAN_POINT('',(3.34022031670918,-6.73908085522184,0.));
#10384=CARTESIAN_POINT('Origin',(3.33713455859121,-4.3398933704575,0.));
#10385=CARTESIAN_POINT('',(2.33135849648002,-3.29447687828157,0.000453564778115922));
#10386=CARTESIAN_POINT('',(-0.262448140608681,-0.59844111239145,0.000453564778140841));
#10387=CARTESIAN_POINT('',(2.33135849648002,-3.29447687828157,0.));
#10388=CARTESIAN_POINT('Origin',(2.33135849648002,-3.29447687828157,0.));
#10389=CARTESIAN_POINT('',(0.477313377251929,-6.79284605623612,0.000453564778094439));
#10390=CARTESIAN_POINT('',(3.0918477980769,-1.85952132877564,0.000453564778124733));
#10391=CARTESIAN_POINT('',(0.477313377251929,-6.79284605623612,0.));
#10392=CARTESIAN_POINT('Origin',(2.69039646054081,-7.96549824647745,0.));
#10393=CARTESIAN_POINT('',(2.69039646054081,-7.96549824647745,0.000453564778081345));
#10394=CARTESIAN_POINT('',(4.37780192818849,-4.78084537173482,0.000453564778100902));
#10395=CARTESIAN_POINT('',(2.69039646054081,-7.96549824647745,0.));
#10396=CARTESIAN_POINT('Ctrl Pts',(0.997530373047581,-8.48594745810992,
0.));
#10397=CARTESIAN_POINT('Ctrl Pts',(0.997530373047581,-8.48594745810992,
0.5));
#10398=CARTESIAN_POINT('Ctrl Pts',(1.60878214437869,-8.80973366916537,0.));
#10399=CARTESIAN_POINT('Ctrl Pts',(1.60878214437869,-8.80973366916537,0.5));
#10400=CARTESIAN_POINT('Ctrl Pts',(2.36648876405576,-8.57663237568219,0.));
#10401=CARTESIAN_POINT('Ctrl Pts',(2.36648876405576,-8.57663237568219,0.5));
#10402=CARTESIAN_POINT('Ctrl Pts',(2.69039646054081,-7.96549824647745,0.));
#10403=CARTESIAN_POINT('Ctrl Pts',(2.69039646054081,-7.96549824647745,0.5));
#10404=CARTESIAN_POINT('',(0.997530373047581,-8.48594745810992,0.000453564778081095));
#10405=CARTESIAN_POINT('Ctrl Pts',(2.69039646054081,-7.96549824647745,0.000453564778081345));
#10406=CARTESIAN_POINT('Ctrl Pts',(2.36648876405576,-8.57663237568219,0.000453564778081345));
#10407=CARTESIAN_POINT('Ctrl Pts',(1.60878214437869,-8.80973366916537,0.000453564778081345));
#10408=CARTESIAN_POINT('Ctrl Pts',(0.997530373047581,-8.48594745810992,
0.000453564778081345));
#10409=CARTESIAN_POINT('',(0.997530373047581,-8.48594745810992,0.));
#10410=CARTESIAN_POINT('Ctrl Pts',(0.477313377251929,-6.79284605623612,
0.));
#10411=CARTESIAN_POINT('Ctrl Pts',(0.477313377251929,-6.79284605623612,
0.5));
#10412=CARTESIAN_POINT('Ctrl Pts',(0.153525210544163,-7.40409971521815,
0.));
#10413=CARTESIAN_POINT('Ctrl Pts',(0.153525210544163,-7.40409971521815,
0.5));
#10414=CARTESIAN_POINT('Ctrl Pts',(0.386159071966599,-8.16180990192412,
0.));
#10415=CARTESIAN_POINT('Ctrl Pts',(0.386159071966599,-8.16180990192412,
0.5));
#10416=CARTESIAN_POINT('Ctrl Pts',(0.997530373047581,-8.48594745810992,
0.));
#10417=CARTESIAN_POINT('Ctrl Pts',(0.997530373047581,-8.48594745810992,
0.5));
#10418=CARTESIAN_POINT('Ctrl Pts',(0.997530373047581,-8.48594745810992,
0.000453564778081095));
#10419=CARTESIAN_POINT('Ctrl Pts',(0.3861590719666,-8.16180990192412,0.000453564778081095));
#10420=CARTESIAN_POINT('Ctrl Pts',(0.153525210544163,-7.40409971521815,
0.000453564778081095));
#10421=CARTESIAN_POINT('Ctrl Pts',(0.477313377251929,-6.79284605623612,
0.000453564778081095));
#10422=CARTESIAN_POINT('Origin',(-3.51295648384948,3.4788491908443,0.00045356477817713));
#10423=CARTESIAN_POINT('Origin',(0.905068338099396,3.35925393239104,0.5));
#10424=CARTESIAN_POINT('',(2.64351153672448,5.07502994256496,0.5));
#10425=CARTESIAN_POINT('',(-0.833374860525684,3.36709007426942,0.5));
#10426=CARTESIAN_POINT('',(2.64351153672448,5.07502994256496,0.5));
#10427=CARTESIAN_POINT('',(0.82495228499458,1.64347792221712,0.5));
#10428=CARTESIAN_POINT('',(-0.833374860525684,3.36709007426942,0.5));
#10429=CARTESIAN_POINT('',(0.82495228499458,1.64347792221712,0.5));
#10430=CARTESIAN_POINT('Origin',(2.64351153672448,5.07502994256496,0.));
#10431=CARTESIAN_POINT('',(-0.833374860525684,3.36709007426942,0.000453564778170749));
#10432=CARTESIAN_POINT('',(2.64351153672448,5.07502994256496,0.00045356477817589));
#10433=CARTESIAN_POINT('',(-0.152159779340674,3.70172119622964,0.000453564778171756));
#10434=CARTESIAN_POINT('',(-0.833374860525684,3.36709007426942,0.));
#10435=CARTESIAN_POINT('',(2.64351153672448,5.07502994256496,0.));
#10436=CARTESIAN_POINT('Origin',(0.82495228499458,1.64347792221712,0.));
#10437=CARTESIAN_POINT('',(0.82495228499458,1.64347792221712,0.000453564778154818));
#10438=CARTESIAN_POINT('',(0.729062678558025,1.46253788829482,0.000453564778153706));
#10439=CARTESIAN_POINT('',(0.82495228499458,1.64347792221712,0.));
#10440=CARTESIAN_POINT('Origin',(-0.833374860525684,3.36709007426942,0.));
#10441=CARTESIAN_POINT('',(-1.50533552250651,4.06550447689195,0.000453564778177205));
#10442=CARTESIAN_POINT('Origin',(-3.51295648384948,3.4788491908443,0.00045356477817713));
#10443=CARTESIAN_POINT('Origin',(-3.51295648384948,3.4788491908443,0.00045356477817713));
#10444=CARTESIAN_POINT('',(-3.56346663540796,-1.28838373112781,0.000453564778142707));
#10445=CARTESIAN_POINT('',(-2.15497977955607,1.36895385999177,0.000453564778159025));
#10446=CARTESIAN_POINT('',(-1.86737297808545,1.91157047145265,0.000453564778162357));
#10447=CARTESIAN_POINT('',(-0.870996351058597,0.034173886243232,0.000453564778146688));
#10448=CARTESIAN_POINT('',(-2.36639381486619,1.58873179032809,0.000453564778161056));
#10449=CARTESIAN_POINT('',(-2.5998656739238,-0.815057136169713,0.000453564778144132));
#10450=CARTESIAN_POINT('Origin',(-0.870996351058597,0.034173886243232,0.));
#10451=CARTESIAN_POINT('',(-2.15497977955607,1.36895385999177,0.5));
#10452=CARTESIAN_POINT('',(-2.15497977955607,1.36895385999177,0.));
#10453=CARTESIAN_POINT('',(-0.870996351058597,0.034173886243232,0.5));
#10454=CARTESIAN_POINT('',(-0.870996351058597,0.034173886243232,0.5));
#10455=CARTESIAN_POINT('',(-0.870996351058597,0.034173886243232,0.));
#10456=CARTESIAN_POINT('Origin',(-2.15497977955607,1.36895385999177,0.));
#10457=CARTESIAN_POINT('',(-3.56346663540796,-1.28838373112781,0.5));
#10458=CARTESIAN_POINT('',(-3.56346663540796,-1.28838373112781,0.));
#10459=CARTESIAN_POINT('',(-2.15497977955607,1.36895385999177,0.5));
#10460=CARTESIAN_POINT('Origin',(-3.56346663540796,-1.28838373112781,0.));
#10461=CARTESIAN_POINT('',(-3.56346663540796,-1.28838373112781,0.5));
#10462=CARTESIAN_POINT('Origin',(-2.21723149323328,0.0402850644319813,0.5));
#10463=CARTESIAN_POINT('Origin',(1.78968944396633,-0.428069650893779,0.5));
#10464=CARTESIAN_POINT('',(-4.03956228436421,-3.29157032615274,0.5));
#10465=CARTESIAN_POINT('',(-2.3637335594327,-3.86352608670245,0.5));
#10466=CARTESIAN_POINT('Ctrl Pts',(-4.03956228436421,-3.29157032615274,
0.5));
#10467=CARTESIAN_POINT('Ctrl Pts',(-3.73503642936496,-3.91238634404224,
0.5));
#10468=CARTESIAN_POINT('Ctrl Pts',(-2.98435659520082,-4.16824960222424,
0.5));
#10469=CARTESIAN_POINT('Ctrl Pts',(-2.3637335594327,-3.86352608670245,0.5));
#10470=CARTESIAN_POINT('',(7.04678395328874,0.759408297239093,0.5));
#10471=CARTESIAN_POINT('',(7.04678395328874,0.759408297239093,0.5));
#10472=CARTESIAN_POINT('',(7.61894004293972,2.43542953773108,0.5));
#10473=CARTESIAN_POINT('Ctrl Pts',(7.04678395328874,0.759408297239093,0.5));
#10474=CARTESIAN_POINT('Ctrl Pts',(7.66760703170573,1.06432654132581,0.5));
#10475=CARTESIAN_POINT('Ctrl Pts',(7.92385801872462,1.81460637344548,0.5));
#10476=CARTESIAN_POINT('Ctrl Pts',(7.61894004293972,2.43542953773108,0.5));
#10477=CARTESIAN_POINT('',(5.94271955450013,3.00739131532025,0.5));
#10478=CARTESIAN_POINT('Ctrl Pts',(7.61894004293972,2.43542953773108,0.5));
#10479=CARTESIAN_POINT('Ctrl Pts',(7.31402168686747,3.05625233323437,0.5));
#10480=CARTESIAN_POINT('Ctrl Pts',(6.5637351258559,3.31211030043668,0.5));
#10481=CARTESIAN_POINT('Ctrl Pts',(5.94271955450013,3.00739131532025,0.5));
#10482=CARTESIAN_POINT('',(-3.467798718796,-1.61554380618592,0.5));
#10483=CARTESIAN_POINT('',(-3.467798718796,-1.61554380618592,0.5));
#10484=CARTESIAN_POINT('Ctrl Pts',(-3.467798718796,-1.61554380618592,0.5));
#10485=CARTESIAN_POINT('Ctrl Pts',(-4.08842778312481,-1.92065983411368,
0.5));
#10486=CARTESIAN_POINT('Ctrl Pts',(-4.34447913079196,-2.67074680458968,
0.5));
#10487=CARTESIAN_POINT('Ctrl Pts',(-4.03956228436421,-3.29157032615274,
0.5));
#10488=CARTESIAN_POINT('Ctrl Pts',(-4.03956228436421,-3.29157032615274,
0.));
#10489=CARTESIAN_POINT('Ctrl Pts',(-4.03956228436421,-3.29157032615274,
0.5));
#10490=CARTESIAN_POINT('Ctrl Pts',(-3.73503642936496,-3.91238634404224,
0.));
#10491=CARTESIAN_POINT('Ctrl Pts',(-3.73503642936496,-3.91238634404224,
0.5));
#10492=CARTESIAN_POINT('Ctrl Pts',(-2.98435659520082,-4.16824960222424,
0.));
#10493=CARTESIAN_POINT('Ctrl Pts',(-2.98435659520082,-4.16824960222424,
0.5));
#10494=CARTESIAN_POINT('Ctrl Pts',(-2.3637335594327,-3.86352608670245,0.));
#10495=CARTESIAN_POINT('Ctrl Pts',(-2.3637335594327,-3.86352608670245,0.5));
#10496=CARTESIAN_POINT('',(-2.3637335594327,-3.86352608670245,0.000453564778121562));
#10497=CARTESIAN_POINT('',(-4.03956228436421,-3.29157032615274,0.000453564778129189));
#10498=CARTESIAN_POINT('Ctrl Pts',(-2.3637335594327,-3.86352608670245,0.000453564778121562));
#10499=CARTESIAN_POINT('Ctrl Pts',(-2.98435659520082,-4.16824960222424,
0.000453564778121562));
#10500=CARTESIAN_POINT('Ctrl Pts',(-3.73503642936496,-3.91238634404224,
0.000453564778121562));
#10501=CARTESIAN_POINT('Ctrl Pts',(-4.03956228436421,-3.29157032615274,
0.000453564778121562));
#10502=CARTESIAN_POINT('',(-2.3637335594327,-3.86352608670245,0.));
#10503=CARTESIAN_POINT('',(-4.03956228436421,-3.29157032615274,0.));
#10504=CARTESIAN_POINT('Origin',(-2.3637335594327,-3.86352608670245,0.));
#10505=CARTESIAN_POINT('',(7.04678395328874,0.759408297239093,0.000453564778135478));
#10506=CARTESIAN_POINT('',(-1.37377284689761,-3.3772060293259,0.000453564778123026));
#10507=CARTESIAN_POINT('',(7.04678395328874,0.759408297239093,0.));
#10508=CARTESIAN_POINT('Ctrl Pts',(7.04678395328874,0.759408297239093,0.));
#10509=CARTESIAN_POINT('Ctrl Pts',(7.04678395328874,0.759408297239093,0.5));
#10510=CARTESIAN_POINT('Ctrl Pts',(7.66760703170573,1.06432654132581,0.));
#10511=CARTESIAN_POINT('Ctrl Pts',(7.66760703170573,1.06432654132581,0.5));
#10512=CARTESIAN_POINT('Ctrl Pts',(7.92385801872462,1.81460637344548,0.));
#10513=CARTESIAN_POINT('Ctrl Pts',(7.92385801872462,1.81460637344548,0.5));
#10514=CARTESIAN_POINT('Ctrl Pts',(7.61894004293972,2.43542953773108,0.));
#10515=CARTESIAN_POINT('Ctrl Pts',(7.61894004293972,2.43542953773108,0.5));
#10516=CARTESIAN_POINT('',(7.61894004293972,2.43542953773108,0.000453564778146428));
#10517=CARTESIAN_POINT('Ctrl Pts',(7.61894004293972,2.43542953773108,0.000453564778146428));
#10518=CARTESIAN_POINT('Ctrl Pts',(7.92385801872462,1.81460637344548,0.000453564778146428));
#10519=CARTESIAN_POINT('Ctrl Pts',(7.66760703170573,1.06432654132581,0.000453564778146428));
#10520=CARTESIAN_POINT('Ctrl Pts',(7.04678395328874,0.759408297239093,0.000453564778146428));
#10521=CARTESIAN_POINT('',(7.61894004293972,2.43542953773108,0.));
#10522=CARTESIAN_POINT('Ctrl Pts',(-3.467798718796,-1.61554380618592,0.));
#10523=CARTESIAN_POINT('Ctrl Pts',(-3.467798718796,-1.61554380618592,0.5));
#10524=CARTESIAN_POINT('Ctrl Pts',(-4.08842778312481,-1.92065983411368,
0.));
#10525=CARTESIAN_POINT('Ctrl Pts',(-4.08842778312481,-1.92065983411368,
0.5));
#10526=CARTESIAN_POINT('Ctrl Pts',(-4.34447913079196,-2.67074680458968,
0.));
#10527=CARTESIAN_POINT('Ctrl Pts',(-4.34447913079196,-2.67074680458968,
0.5));
#10528=CARTESIAN_POINT('Ctrl Pts',(-4.03956228436421,-3.29157032615274,
0.));
#10529=CARTESIAN_POINT('Ctrl Pts',(-4.03956228436421,-3.29157032615274,
0.5));
#10530=CARTESIAN_POINT('',(-3.467798718796,-1.61554380618592,0.000453564778140139));
#10531=CARTESIAN_POINT('Ctrl Pts',(-4.03956228436421,-3.29157032615274,
0.000453564778129189));
#10532=CARTESIAN_POINT('Ctrl Pts',(-4.34447913079196,-2.67074680458968,
0.000453564778129189));
#10533=CARTESIAN_POINT('Ctrl Pts',(-4.08842778312481,-1.92065983411368,
0.000453564778129189));
#10534=CARTESIAN_POINT('Ctrl Pts',(-3.467798718796,-1.61554380618592,0.000453564778129189));
#10535=CARTESIAN_POINT('',(-3.467798718796,-1.61554380618592,0.));
#10536=CARTESIAN_POINT('Origin',(5.94271955450013,3.00739131532024,0.));
#10537=CARTESIAN_POINT('',(5.94271955450013,3.00739131532025,0.000453564778154055));
#10538=CARTESIAN_POINT('',(2.2273163105168,1.18219235726622,0.000453564778148561));
#10539=CARTESIAN_POINT('',(5.94271955450013,3.00739131532025,0.));
#10540=CARTESIAN_POINT('Ctrl Pts',(7.61894004293972,2.43542953773108,0.));
#10541=CARTESIAN_POINT('Ctrl Pts',(7.61894004293972,2.43542953773108,0.5));
#10542=CARTESIAN_POINT('Ctrl Pts',(7.31402168686747,3.05625233323437,0.));
#10543=CARTESIAN_POINT('Ctrl Pts',(7.31402168686747,3.05625233323437,0.5));
#10544=CARTESIAN_POINT('Ctrl Pts',(6.5637351258559,3.31211030043668,0.));
#10545=CARTESIAN_POINT('Ctrl Pts',(6.5637351258559,3.31211030043668,0.5));
#10546=CARTESIAN_POINT('Ctrl Pts',(5.94271955450013,3.00739131532025,0.));
#10547=CARTESIAN_POINT('Ctrl Pts',(5.94271955450013,3.00739131532025,0.5));
#10548=CARTESIAN_POINT('Ctrl Pts',(5.94271955450013,3.00739131532025,0.000453564778154055));
#10549=CARTESIAN_POINT('Ctrl Pts',(6.5637351258559,3.31211030043668,0.000453564778154055));
#10550=CARTESIAN_POINT('Ctrl Pts',(7.31402168686747,3.05625233323437,0.000453564778154055));
#10551=CARTESIAN_POINT('Ctrl Pts',(7.61894004293972,2.43542953773108,0.000453564778154055));
#10552=CARTESIAN_POINT('Origin',(-3.51295648384948,3.4788491908443,0.00045356477817713));
#10553=CARTESIAN_POINT('Origin',(-3.51295648384948,3.4788491908443,0.00045356477817713));
#10554=CARTESIAN_POINT('',(3.64358938333564,-1.28648851260689,0.000453564778127737));
#10555=CARTESIAN_POINT('',(7.14042095741729,0.431424851402358,0.000453564778132908));
#10556=CARTESIAN_POINT('',(3.45241037822147,-1.38041038469187,0.000453564778127454));
#10557=CARTESIAN_POINT('',(5.55021617894404,-2.56928563084068,0.000453564778114481));
#10558=CARTESIAN_POINT('',(5.80780896976608,-2.08320899591065,0.000453564778117466));
#10559=CARTESIAN_POINT('',(5.02192889318344,-2.71918872918089,0.000453564778114494));
#10560=CARTESIAN_POINT('Ctrl Pts',(5.55021617894404,-2.56928563084068,0.000453564778114482));
#10561=CARTESIAN_POINT('Ctrl Pts',(5.37087983350486,-2.6028717123866,0.000453564778114482));
#10562=CARTESIAN_POINT('Ctrl Pts',(5.19403006801513,-2.65272290056016,0.000453564778114482));
#10563=CARTESIAN_POINT('Ctrl Pts',(5.02192889318344,-2.71918872918089,0.000453564778114482));
#10564=CARTESIAN_POINT('',(0.733181021411719,1.73870423609958,0.000453564778155698));
#10565=CARTESIAN_POINT('Origin',(5.55021617894404,-2.56928563084068,0.));
#10566=CARTESIAN_POINT('',(7.14042095741729,0.431424851402358,0.5));
#10567=CARTESIAN_POINT('',(7.14042095741729,0.431424851402358,0.));
#10568=CARTESIAN_POINT('',(5.55021617894404,-2.56928563084068,0.5));
#10569=CARTESIAN_POINT('',(5.55021617894404,-2.56928563084068,0.5));
#10570=CARTESIAN_POINT('',(5.55021617894404,-2.56928563084068,0.));
#10571=CARTESIAN_POINT('Origin',(7.14042095741729,0.431424851402358,0.));
#10572=CARTESIAN_POINT('',(3.64358938333564,-1.28648851260689,0.5));
#10573=CARTESIAN_POINT('',(3.64358938333564,-1.28648851260689,0.));
#10574=CARTESIAN_POINT('',(7.14042095741729,0.431424851402358,0.5));
#10575=CARTESIAN_POINT('Ctrl Pts',(5.02192889318344,-2.71918872918089,0.));
#10576=CARTESIAN_POINT('Ctrl Pts',(5.02192889318344,-2.71918872918089,0.5));
#10577=CARTESIAN_POINT('Ctrl Pts',(5.19403006801513,-2.65272290056016,0.));
#10578=CARTESIAN_POINT('Ctrl Pts',(5.19403006801513,-2.65272290056016,0.5));
#10579=CARTESIAN_POINT('Ctrl Pts',(5.37087983350486,-2.6028717123866,0.));
#10580=CARTESIAN_POINT('Ctrl Pts',(5.37087983350486,-2.6028717123866,0.5));
#10581=CARTESIAN_POINT('Ctrl Pts',(5.55021617894404,-2.56928563084068,0.));
#10582=CARTESIAN_POINT('Ctrl Pts',(5.55021617894404,-2.56928563084068,0.5));
#10583=CARTESIAN_POINT('',(5.02192889318344,-2.71918872918089,0.5));
#10584=CARTESIAN_POINT('Ctrl Pts',(5.02192889318344,-2.71918872918089,0.5));
#10585=CARTESIAN_POINT('Ctrl Pts',(5.19403006801513,-2.65272290056016,0.5));
#10586=CARTESIAN_POINT('Ctrl Pts',(5.37087983350486,-2.6028717123866,0.5));
#10587=CARTESIAN_POINT('Ctrl Pts',(5.55021617894404,-2.56928563084068,0.5));
#10588=CARTESIAN_POINT('',(5.02192889318344,-2.71918872918089,0.));
#10589=CARTESIAN_POINT('Origin',(3.64358938333564,-1.28648851260689,0.));
#10590=CARTESIAN_POINT('',(3.64358938333564,-1.28648851260689,0.5));
#10591=CARTESIAN_POINT('Origin',(5.39200517037646,-1.14388193888926,0.5));
#10592=CARTESIAN_POINT('Origin',(-3.51295648384948,3.4788491908443,0.00045356477817713));
#10593=CARTESIAN_POINT('',(-8.54454258532072,1.34812350483984,0.000453564778172159));
#10594=CARTESIAN_POINT('',(-7.97277901975251,3.02415002480666,0.000453564778183109));
#10595=CARTESIAN_POINT('Ctrl Pts',(-8.54454258532072,1.34812350483984,0.000453564778172159));
#10596=CARTESIAN_POINT('Ctrl Pts',(-8.84945943174847,1.9689470264029,0.000453564778172159));
#10597=CARTESIAN_POINT('Ctrl Pts',(-8.59340808408131,2.7190339968789,0.000453564778172159));
#10598=CARTESIAN_POINT('Ctrl Pts',(-7.97277901975251,3.02415002480666,0.000453564778172159));
#10599=CARTESIAN_POINT('',(1.43773925354363,7.64708514631282,0.000453564778197025));
#10600=CARTESIAN_POINT('',(-1.3811559658354,6.26229747202582,0.000453564778192857));
#10601=CARTESIAN_POINT('',(3.11395974198322,7.07512336872366,0.000453564778189398));
#10602=CARTESIAN_POINT('Ctrl Pts',(1.43773925354363,7.64708514631282,0.000453564778197025));
#10603=CARTESIAN_POINT('Ctrl Pts',(2.0587548248994,7.95180413142926,0.000453564778197025));
#10604=CARTESIAN_POINT('Ctrl Pts',(2.80904138591097,7.69594616422694,0.000453564778197025));
#10605=CARTESIAN_POINT('Ctrl Pts',(3.11395974198322,7.07512336872366,0.000453564778197025));
#10606=CARTESIAN_POINT('',(2.54180365233224,5.39910212823167,0.000453564778178449));
#10607=CARTESIAN_POINT('Ctrl Pts',(3.11395974198322,7.07512336872366,0.000453564778189398));
#10608=CARTESIAN_POINT('Ctrl Pts',(3.41887771776812,6.45430020443806,0.000453564778189398));
#10609=CARTESIAN_POINT('Ctrl Pts',(3.16262673074923,5.70402037231839,0.000453564778189398));
#10610=CARTESIAN_POINT('Ctrl Pts',(2.54180365233224,5.39910212823167,0.000453564778189398));
#10611=CARTESIAN_POINT('',(-6.8687138603892,0.776167744290128,0.000453564778164532));
#10612=CARTESIAN_POINT('',(-4.98224502353504,1.70289909974831,0.000453564778167322));
#10613=CARTESIAN_POINT('Ctrl Pts',(-6.8687138603892,0.776167744290128,0.000453564778164532));
#10614=CARTESIAN_POINT('Ctrl Pts',(-7.48933689615732,0.471444228768337,
0.000453564778164532));
#10615=CARTESIAN_POINT('Ctrl Pts',(-8.24001673032147,0.727307486950331,
0.000453564778164532));
#10616=CARTESIAN_POINT('Ctrl Pts',(-8.54454258532072,1.34812350483984,0.000453564778164532));
#10617=CARTESIAN_POINT('Ctrl Pts',(3.11395974198322,7.07512336872366,0.));
#10618=CARTESIAN_POINT('Ctrl Pts',(3.11395974198322,7.07512336872366,0.5));
#10619=CARTESIAN_POINT('Ctrl Pts',(2.80904138591097,7.69594616422694,0.));
#10620=CARTESIAN_POINT('Ctrl Pts',(2.80904138591097,7.69594616422694,0.5));
#10621=CARTESIAN_POINT('Ctrl Pts',(2.0587548248994,7.95180413142926,0.));
#10622=CARTESIAN_POINT('Ctrl Pts',(2.0587548248994,7.95180413142926,0.5));
#10623=CARTESIAN_POINT('Ctrl Pts',(1.43773925354363,7.64708514631282,0.));
#10624=CARTESIAN_POINT('Ctrl Pts',(1.43773925354363,7.64708514631282,0.5));
#10625=CARTESIAN_POINT('',(1.43773925354363,7.64708514631282,0.5));
#10626=CARTESIAN_POINT('',(1.43773925354363,7.64708514631282,0.));
#10627=CARTESIAN_POINT('',(3.11395974198322,7.07512336872366,0.5));
#10628=CARTESIAN_POINT('Ctrl Pts',(3.11395974198322,7.07512336872366,0.5));
#10629=CARTESIAN_POINT('Ctrl Pts',(2.80904138591097,7.69594616422694,0.5));
#10630=CARTESIAN_POINT('Ctrl Pts',(2.0587548248994,7.95180413142926,0.5));
#10631=CARTESIAN_POINT('Ctrl Pts',(1.43773925354363,7.64708514631282,0.5));
#10632=CARTESIAN_POINT('',(3.11395974198322,7.07512336872366,0.));
#10633=CARTESIAN_POINT('Origin',(1.43773925354362,7.64708514631282,0.));
#10634=CARTESIAN_POINT('',(-7.97277901975251,3.02415002480666,0.5));
#10635=CARTESIAN_POINT('',(-7.97277901975251,3.02415002480666,0.));
#10636=CARTESIAN_POINT('',(-7.97277901975251,3.02415002480666,0.5));
#10637=CARTESIAN_POINT('Ctrl Pts',(-7.97277901975251,3.02415002480666,0.));
#10638=CARTESIAN_POINT('Ctrl Pts',(-7.97277901975251,3.02415002480666,0.5));
#10639=CARTESIAN_POINT('Ctrl Pts',(-8.59340808408131,2.7190339968789,0.));
#10640=CARTESIAN_POINT('Ctrl Pts',(-8.59340808408131,2.7190339968789,0.5));
#10641=CARTESIAN_POINT('Ctrl Pts',(-8.84945943174847,1.9689470264029,0.));
#10642=CARTESIAN_POINT('Ctrl Pts',(-8.84945943174847,1.9689470264029,0.5));
#10643=CARTESIAN_POINT('Ctrl Pts',(-8.54454258532072,1.34812350483984,0.));
#10644=CARTESIAN_POINT('Ctrl Pts',(-8.54454258532072,1.34812350483984,0.5));
#10645=CARTESIAN_POINT('',(-8.54454258532072,1.34812350483984,0.5));
#10646=CARTESIAN_POINT('',(-8.54454258532072,1.34812350483984,0.));
#10647=CARTESIAN_POINT('Ctrl Pts',(-7.97277901975251,3.02415002480666,0.5));
#10648=CARTESIAN_POINT('Ctrl Pts',(-8.59340808408131,2.7190339968789,0.5));
#10649=CARTESIAN_POINT('Ctrl Pts',(-8.84945943174847,1.9689470264029,0.5));
#10650=CARTESIAN_POINT('Ctrl Pts',(-8.54454258532072,1.34812350483984,0.5));
#10651=CARTESIAN_POINT('Ctrl Pts',(2.54180365233224,5.39910212823167,0.));
#10652=CARTESIAN_POINT('Ctrl Pts',(2.54180365233224,5.39910212823167,0.5));
#10653=CARTESIAN_POINT('Ctrl Pts',(3.16262673074923,5.70402037231839,0.));
#10654=CARTESIAN_POINT('Ctrl Pts',(3.16262673074923,5.70402037231839,0.5));
#10655=CARTESIAN_POINT('Ctrl Pts',(3.41887771776812,6.45430020443806,0.));
#10656=CARTESIAN_POINT('Ctrl Pts',(3.41887771776812,6.45430020443806,0.5));
#10657=CARTESIAN_POINT('Ctrl Pts',(3.11395974198322,7.07512336872366,0.));
#10658=CARTESIAN_POINT('Ctrl Pts',(3.11395974198322,7.07512336872366,0.5));
#10659=CARTESIAN_POINT('',(2.54180365233224,5.39910212823167,0.5));
#10660=CARTESIAN_POINT('Ctrl Pts',(2.54180365233224,5.39910212823167,0.5));
#10661=CARTESIAN_POINT('Ctrl Pts',(3.16262673074923,5.70402037231839,0.5));
#10662=CARTESIAN_POINT('Ctrl Pts',(3.41887771776812,6.45430020443806,0.5));
#10663=CARTESIAN_POINT('Ctrl Pts',(3.11395974198322,7.07512336872366,0.5));
#10664=CARTESIAN_POINT('',(2.54180365233224,5.39910212823167,0.));
#10665=CARTESIAN_POINT('Origin',(-6.8687138603892,0.776167744290124,0.));
#10666=CARTESIAN_POINT('',(-6.8687138603892,0.776167744290128,0.5));
#10667=CARTESIAN_POINT('',(2.54180365233224,5.39910212823167,0.5));
#10668=CARTESIAN_POINT('',(-6.8687138603892,0.776167744290128,0.));
#10669=CARTESIAN_POINT('Ctrl Pts',(-8.54454258532072,1.34812350483984,0.));
#10670=CARTESIAN_POINT('Ctrl Pts',(-8.54454258532072,1.34812350483984,0.5));
#10671=CARTESIAN_POINT('Ctrl Pts',(-8.24001673032147,0.727307486950331,
0.));
#10672=CARTESIAN_POINT('Ctrl Pts',(-8.24001673032147,0.727307486950331,
0.5));
#10673=CARTESIAN_POINT('Ctrl Pts',(-7.48933689615732,0.471444228768337,
0.));
#10674=CARTESIAN_POINT('Ctrl Pts',(-7.48933689615732,0.471444228768337,
0.5));
#10675=CARTESIAN_POINT('Ctrl Pts',(-6.8687138603892,0.776167744290128,0.));
#10676=CARTESIAN_POINT('Ctrl Pts',(-6.8687138603892,0.776167744290128,0.5));
#10677=CARTESIAN_POINT('Ctrl Pts',(-8.54454258532072,1.34812350483984,0.5));
#10678=CARTESIAN_POINT('Ctrl Pts',(-8.24001673032147,0.727307486950331,
0.5));
#10679=CARTESIAN_POINT('Ctrl Pts',(-7.48933689615732,0.471444228768337,
0.5));
#10680=CARTESIAN_POINT('Ctrl Pts',(-6.8687138603892,0.776167744290128,0.5));
#10681=CARTESIAN_POINT('Origin',(-2.71529085699017,4.2116241800988,0.5));
#10682=CARTESIAN_POINT('',(0.,0.,0.));
#10683=CARTESIAN_POINT('Origin',(5.41360891386515,-4.96906447769018,0.5));
#10684=CARTESIAN_POINT('',(4.94133860054657,-3.11952842030443,0.5));
#10685=CARTESIAN_POINT('',(3.32728274885828,-1.44185373513143,0.5));
#10686=CARTESIAN_POINT('',(4.94133860054657,-3.11952842030443,0.5));
#10687=CARTESIAN_POINT('',(1.75702522079084,-2.21309092314239,0.5));
#10688=CARTESIAN_POINT('',(3.32728274885828,-1.44185373513143,0.5));
#10689=CARTESIAN_POINT('',(3.74044257103007,-4.27484738352781,0.5));
#10690=CARTESIAN_POINT('',(1.75702522079084,-2.21309092314239,0.5));
#10691=CARTESIAN_POINT('',(4.17603049451195,-7.39614688620132,0.5));
#10692=CARTESIAN_POINT('Ctrl Pts',(3.74044257103007,-4.27484738352781,0.5));
#10693=CARTESIAN_POINT('Ctrl Pts',(3.21013947811248,-5.2720772519239,0.5));
#10694=CARTESIAN_POINT('Ctrl Pts',(3.35090376830758,-6.53849356442118,0.5));
#10695=CARTESIAN_POINT('Ctrl Pts',(4.17603049451195,-7.39614688620132,0.5));
#10696=CARTESIAN_POINT('',(7.97005819465964,-7.46949426401274,0.5));
#10697=CARTESIAN_POINT('Ctrl Pts',(4.17603049451195,-7.39614688620132,0.5));
#10698=CARTESIAN_POINT('Ctrl Pts',(5.20269891273672,-8.46339748447409,0.5));
#10699=CARTESIAN_POINT('Ctrl Pts',(6.90292326118658,-8.49627522024892,0.5));
#10700=CARTESIAN_POINT('Ctrl Pts',(7.97005819465964,-7.46949426401274,0.5));
#10701=CARTESIAN_POINT('',(8.04340828102443,-3.67546835757151,0.5));
#10702=CARTESIAN_POINT('Ctrl Pts',(7.97005819465964,-7.46949426401274,0.5));
#10703=CARTESIAN_POINT('Ctrl Pts',(9.03743580983086,-6.44270968563298,0.5));
#10704=CARTESIAN_POINT('Ctrl Pts',(9.07019260693946,-4.74260304815401,0.5));
#10705=CARTESIAN_POINT('Ctrl Pts',(8.04340828102443,-3.67546835757151,0.5));
#10706=CARTESIAN_POINT('Ctrl Pts',(8.04340828102443,-3.67546835757151,0.5));
#10707=CARTESIAN_POINT('Ctrl Pts',(7.21839746251031,-2.81769912810112,0.5));
#10708=CARTESIAN_POINT('Ctrl Pts',(5.95827095829235,-2.6281540048564,0.5));
#10709=CARTESIAN_POINT('Ctrl Pts',(4.94133860054657,-3.11952842030443,0.5));
#10710=CARTESIAN_POINT('',(5.37693376825909,-6.2408206787473,0.5));
#10711=CARTESIAN_POINT('',(5.40458878553237,-4.80289539514434,0.5));
#10712=CARTESIAN_POINT('Ctrl Pts',(5.37693376825909,-6.2408206787473,0.5));
#10713=CARTESIAN_POINT('Ctrl Pts',(4.98774662624749,-5.83644962931324,0.5));
#10714=CARTESIAN_POINT('Ctrl Pts',(5.00021221086203,-5.19208082175513,0.5));
#10715=CARTESIAN_POINT('Ctrl Pts',(5.40458878553237,-4.80289539514434,0.5));
#10716=CARTESIAN_POINT('',(6.84262815919818,-4.83067141310464,0.5));
#10717=CARTESIAN_POINT('Ctrl Pts',(5.40458878553237,-4.80289539514434,0.5));
#10718=CARTESIAN_POINT('Ctrl Pts',(5.80907764574938,-4.41383674254148,0.5));
#10719=CARTESIAN_POINT('Ctrl Pts',(6.45344826141722,-4.42629311943994,0.5));
#10720=CARTESIAN_POINT('Ctrl Pts',(6.84262815919818,-4.83067141310464,0.5));
#10721=CARTESIAN_POINT('',(6.81473770445735,-6.26859307462054,0.5));
#10722=CARTESIAN_POINT('Ctrl Pts',(6.84262815919818,-4.83067141310464,0.5));
#10723=CARTESIAN_POINT('Ctrl Pts',(7.2316921492889,-5.23516561445958,0.5));
#10724=CARTESIAN_POINT('Ctrl Pts',(7.21923380890499,-5.87952717778704,0.5));
#10725=CARTESIAN_POINT('Ctrl Pts',(6.81473770445735,-6.26859307462054,0.5));
#10726=CARTESIAN_POINT('Ctrl Pts',(6.81473770445735,-6.26859307462054,0.5));
#10727=CARTESIAN_POINT('Ctrl Pts',(6.41036112978701,-6.65777850123133,0.5));
#10728=CARTESIAN_POINT('Ctrl Pts',(5.7659977583498,-6.64531488010225,0.5));
#10729=CARTESIAN_POINT('Ctrl Pts',(5.37693376825909,-6.2408206787473,0.5));
#10730=CARTESIAN_POINT('Origin',(4.94133860054657,-3.11952842030443,0.));
#10731=CARTESIAN_POINT('',(3.32728274885828,-1.44185373513143,0.000453564778127269));
#10732=CARTESIAN_POINT('',(4.94133860054657,-3.11952842030443,0.000453564778111762));
#10733=CARTESIAN_POINT('',(2.77553989728681,-0.868363658044938,0.00045356477813257));
#10734=CARTESIAN_POINT('',(3.32728274885828,-1.44185373513143,0.));
#10735=CARTESIAN_POINT('',(4.94133860054657,-3.11952842030443,0.));
#10736=CARTESIAN_POINT('Origin',(3.32728274885828,-1.44185373513143,0.));
#10737=CARTESIAN_POINT('',(1.75702522079084,-2.21309092314239,0.000453564778124948));
#10738=CARTESIAN_POINT('',(2.475218099306,-1.86034811110364,0.00045356477812601));
#10739=CARTESIAN_POINT('',(1.75702522079084,-2.21309092314239,0.));
#10740=CARTESIAN_POINT('Origin',(1.75702522079084,-2.21309092314239,0.));
#10741=CARTESIAN_POINT('',(3.74044257103007,-4.27484738352781,0.000453564778105892));
#10742=CARTESIAN_POINT('',(0.583020338672168,-0.992716325763668,0.000453564778136228));
#10743=CARTESIAN_POINT('',(3.74044257103007,-4.27484738352781,0.));
#10744=CARTESIAN_POINT('Ctrl Pts',(5.37693376825909,-6.2408206787473,0.));
#10745=CARTESIAN_POINT('Ctrl Pts',(5.37693376825909,-6.2408206787473,0.5));
#10746=CARTESIAN_POINT('Ctrl Pts',(4.98774662624749,-5.83644962931324,0.));
#10747=CARTESIAN_POINT('Ctrl Pts',(4.98774662624749,-5.83644962931324,0.5));
#10748=CARTESIAN_POINT('Ctrl Pts',(5.00021221086203,-5.19208082175513,0.));
#10749=CARTESIAN_POINT('Ctrl Pts',(5.00021221086203,-5.19208082175513,0.5));
#10750=CARTESIAN_POINT('Ctrl Pts',(5.40458878553237,-4.80289539514434,0.));
#10751=CARTESIAN_POINT('Ctrl Pts',(5.40458878553237,-4.80289539514434,0.5));
#10752=CARTESIAN_POINT('',(5.40458878553237,-4.80289539514434,0.000453564778098607));
#10753=CARTESIAN_POINT('',(5.37693376825909,-6.2408206787473,0.00045356477808825));
#10754=CARTESIAN_POINT('Ctrl Pts',(5.40458878553237,-4.80289539514434,0.000453564778098607));
#10755=CARTESIAN_POINT('Ctrl Pts',(5.00021221086203,-5.19208082175513,0.000453564778098607));
#10756=CARTESIAN_POINT('Ctrl Pts',(4.98774662624749,-5.83644962931324,0.000453564778098607));
#10757=CARTESIAN_POINT('Ctrl Pts',(5.37693376825909,-6.2408206787473,0.000453564778098607));
#10758=CARTESIAN_POINT('',(5.40458878553237,-4.80289539514434,0.));
#10759=CARTESIAN_POINT('',(5.37693376825909,-6.2408206787473,0.));
#10760=CARTESIAN_POINT('Ctrl Pts',(5.40458878553237,-4.80289539514434,0.));
#10761=CARTESIAN_POINT('Ctrl Pts',(5.40458878553237,-4.80289539514434,0.5));
#10762=CARTESIAN_POINT('Ctrl Pts',(5.80907764574938,-4.41383674254148,0.));
#10763=CARTESIAN_POINT('Ctrl Pts',(5.80907764574938,-4.41383674254148,0.5));
#10764=CARTESIAN_POINT('Ctrl Pts',(6.45344826141722,-4.42629311943994,0.));
#10765=CARTESIAN_POINT('Ctrl Pts',(6.45344826141722,-4.42629311943994,0.5));
#10766=CARTESIAN_POINT('Ctrl Pts',(6.84262815919818,-4.83067141310464,0.));
#10767=CARTESIAN_POINT('Ctrl Pts',(6.84262815919818,-4.83067141310464,0.5));
#10768=CARTESIAN_POINT('',(6.84262815919818,-4.83067141310464,0.000453564778095416));
#10769=CARTESIAN_POINT('Ctrl Pts',(6.84262815919818,-4.83067141310464,0.000453564778095416));
#10770=CARTESIAN_POINT('Ctrl Pts',(6.45344826141722,-4.42629311943994,0.000453564778095416));
#10771=CARTESIAN_POINT('Ctrl Pts',(5.80907764574938,-4.41383674254148,0.000453564778095416));
#10772=CARTESIAN_POINT('Ctrl Pts',(5.40458878553237,-4.80289539514434,0.000453564778095416));
#10773=CARTESIAN_POINT('',(6.84262815919818,-4.83067141310464,0.));
#10774=CARTESIAN_POINT('Ctrl Pts',(8.04340828102443,-3.67546835757151,0.));
#10775=CARTESIAN_POINT('Ctrl Pts',(8.04340828102443,-3.67546835757151,0.5));
#10776=CARTESIAN_POINT('Ctrl Pts',(7.21839746251031,-2.81769912810112,0.));
#10777=CARTESIAN_POINT('Ctrl Pts',(7.21839746251031,-2.81769912810112,0.5));
#10778=CARTESIAN_POINT('Ctrl Pts',(5.95827095829235,-2.6281540048564,0.));
#10779=CARTESIAN_POINT('Ctrl Pts',(5.95827095829235,-2.6281540048564,0.5));
#10780=CARTESIAN_POINT('Ctrl Pts',(4.94133860054657,-3.11952842030443,0.));
#10781=CARTESIAN_POINT('Ctrl Pts',(4.94133860054657,-3.11952842030443,0.5));
#10782=CARTESIAN_POINT('',(8.04340828102443,-3.67546835757151,0.000453564778101286));
#10783=CARTESIAN_POINT('Ctrl Pts',(4.94133860054657,-3.11952842030443,0.000453564778111762));
#10784=CARTESIAN_POINT('Ctrl Pts',(5.95827095829235,-2.6281540048564,0.000453564778111762));
#10785=CARTESIAN_POINT('Ctrl Pts',(7.21839746251031,-2.81769912810112,0.000453564778111762));
#10786=CARTESIAN_POINT('Ctrl Pts',(8.04340828102443,-3.67546835757151,0.000453564778111762));
#10787=CARTESIAN_POINT('',(8.04340828102443,-3.67546835757151,0.));
#10788=CARTESIAN_POINT('Ctrl Pts',(7.97005819465964,-7.46949426401274,0.));
#10789=CARTESIAN_POINT('Ctrl Pts',(7.97005819465964,-7.46949426401274,0.5));
#10790=CARTESIAN_POINT('Ctrl Pts',(9.03743580983086,-6.44270968563298,0.));
#10791=CARTESIAN_POINT('Ctrl Pts',(9.03743580983086,-6.44270968563298,0.5));
#10792=CARTESIAN_POINT('Ctrl Pts',(9.07019260693946,-4.74260304815401,0.));
#10793=CARTESIAN_POINT('Ctrl Pts',(9.07019260693946,-4.74260304815401,0.5));
#10794=CARTESIAN_POINT('Ctrl Pts',(8.04340828102443,-3.67546835757151,0.));
#10795=CARTESIAN_POINT('Ctrl Pts',(8.04340828102443,-3.67546835757151,0.5));
#10796=CARTESIAN_POINT('',(7.97005819465964,-7.46949426401274,0.00045356477807396));
#10797=CARTESIAN_POINT('Ctrl Pts',(8.04340828102443,-3.67546835757151,0.000453564778101286));
#10798=CARTESIAN_POINT('Ctrl Pts',(9.07019260693946,-4.74260304815401,0.000453564778101286));
#10799=CARTESIAN_POINT('Ctrl Pts',(9.03743580983086,-6.44270968563298,0.000453564778101286));
#10800=CARTESIAN_POINT('Ctrl Pts',(7.97005819465964,-7.46949426401274,0.000453564778101286));
#10801=CARTESIAN_POINT('',(7.97005819465964,-7.46949426401274,0.));
#10802=CARTESIAN_POINT('Ctrl Pts',(4.17603049451195,-7.39614688620132,0.));
#10803=CARTESIAN_POINT('Ctrl Pts',(4.17603049451195,-7.39614688620132,0.5));
#10804=CARTESIAN_POINT('Ctrl Pts',(5.20269891273672,-8.46339748447409,0.));
#10805=CARTESIAN_POINT('Ctrl Pts',(5.20269891273672,-8.46339748447409,0.5));
#10806=CARTESIAN_POINT('Ctrl Pts',(6.90292326118658,-8.49627522024892,0.));
#10807=CARTESIAN_POINT('Ctrl Pts',(6.90292326118658,-8.49627522024892,0.5));
#10808=CARTESIAN_POINT('Ctrl Pts',(7.97005819465964,-7.46949426401274,0.));
#10809=CARTESIAN_POINT('Ctrl Pts',(7.97005819465964,-7.46949426401274,0.5));
#10810=CARTESIAN_POINT('',(4.17603049451195,-7.39614688620132,0.000453564778082379));
#10811=CARTESIAN_POINT('Ctrl Pts',(7.97005819465964,-7.46949426401274,0.00045356477807396));
#10812=CARTESIAN_POINT('Ctrl Pts',(6.90292326118658,-8.49627522024892,0.00045356477807396));
#10813=CARTESIAN_POINT('Ctrl Pts',(5.20269891273672,-8.46339748447409,0.00045356477807396));
#10814=CARTESIAN_POINT('Ctrl Pts',(4.17603049451195,-7.39614688620132,0.00045356477807396));
#10815=CARTESIAN_POINT('',(4.17603049451195,-7.39614688620132,0.));
#10816=CARTESIAN_POINT('Ctrl Pts',(3.74044257103007,-4.27484738352781,0.));
#10817=CARTESIAN_POINT('Ctrl Pts',(3.74044257103007,-4.27484738352781,0.5));
#10818=CARTESIAN_POINT('Ctrl Pts',(3.21013947811248,-5.2720772519239,0.));
#10819=CARTESIAN_POINT('Ctrl Pts',(3.21013947811248,-5.2720772519239,0.5));
#10820=CARTESIAN_POINT('Ctrl Pts',(3.35090376830758,-6.53849356442118,0.));
#10821=CARTESIAN_POINT('Ctrl Pts',(3.35090376830758,-6.53849356442118,0.5));
#10822=CARTESIAN_POINT('Ctrl Pts',(4.17603049451195,-7.39614688620132,0.));
#10823=CARTESIAN_POINT('Ctrl Pts',(4.17603049451195,-7.39614688620132,0.5));
#10824=CARTESIAN_POINT('Ctrl Pts',(4.17603049451195,-7.39614688620132,0.000453564778082379));
#10825=CARTESIAN_POINT('Ctrl Pts',(3.35090376830758,-6.53849356442118,0.000453564778082379));
#10826=CARTESIAN_POINT('Ctrl Pts',(3.21013947811248,-5.2720772519239,0.000453564778082379));
#10827=CARTESIAN_POINT('Ctrl Pts',(3.74044257103007,-4.27484738352781,0.000453564778082379));
#10828=CARTESIAN_POINT('Ctrl Pts',(6.81473770445735,-6.26859307462054,0.));
#10829=CARTESIAN_POINT('Ctrl Pts',(6.81473770445735,-6.26859307462054,0.5));
#10830=CARTESIAN_POINT('Ctrl Pts',(6.41036112978701,-6.65777850123133,0.));
#10831=CARTESIAN_POINT('Ctrl Pts',(6.41036112978701,-6.65777850123133,0.5));
#10832=CARTESIAN_POINT('Ctrl Pts',(5.7659977583498,-6.64531488010225,0.));
#10833=CARTESIAN_POINT('Ctrl Pts',(5.7659977583498,-6.64531488010225,0.5));
#10834=CARTESIAN_POINT('Ctrl Pts',(5.37693376825909,-6.2408206787473,0.));
#10835=CARTESIAN_POINT('Ctrl Pts',(5.37693376825909,-6.2408206787473,0.5));
#10836=CARTESIAN_POINT('',(6.81473770445735,-6.26859307462054,0.00045356477808506));
#10837=CARTESIAN_POINT('Ctrl Pts',(5.37693376825909,-6.2408206787473,0.00045356477808825));
#10838=CARTESIAN_POINT('Ctrl Pts',(5.7659977583498,-6.64531488010225,0.00045356477808825));
#10839=CARTESIAN_POINT('Ctrl Pts',(6.41036112978701,-6.65777850123133,0.00045356477808825));
#10840=CARTESIAN_POINT('Ctrl Pts',(6.81473770445735,-6.26859307462054,0.00045356477808825));
#10841=CARTESIAN_POINT('',(6.81473770445735,-6.26859307462054,0.));
#10842=CARTESIAN_POINT('Ctrl Pts',(6.84262815919818,-4.83067141310464,0.));
#10843=CARTESIAN_POINT('Ctrl Pts',(6.84262815919818,-4.83067141310464,0.5));
#10844=CARTESIAN_POINT('Ctrl Pts',(7.2316921492889,-5.23516561445958,0.));
#10845=CARTESIAN_POINT('Ctrl Pts',(7.2316921492889,-5.23516561445958,0.5));
#10846=CARTESIAN_POINT('Ctrl Pts',(7.21923380890499,-5.87952717778704,0.));
#10847=CARTESIAN_POINT('Ctrl Pts',(7.21923380890499,-5.87952717778704,0.5));
#10848=CARTESIAN_POINT('Ctrl Pts',(6.81473770445735,-6.26859307462054,0.));
#10849=CARTESIAN_POINT('Ctrl Pts',(6.81473770445735,-6.26859307462054,0.5));
#10850=CARTESIAN_POINT('Ctrl Pts',(6.81473770445735,-6.26859307462054,0.00045356477808506));
#10851=CARTESIAN_POINT('Ctrl Pts',(7.21923380890499,-5.87952717778704,0.00045356477808506));
#10852=CARTESIAN_POINT('Ctrl Pts',(7.2316921492889,-5.23516561445958,0.00045356477808506));
#10853=CARTESIAN_POINT('Ctrl Pts',(6.84262815919818,-4.83067141310464,0.00045356477808506));
#10854=CARTESIAN_POINT('Origin',(0.0766335510331451,0.869909350909387,0.000453564778150771));
#10855=CARTESIAN_POINT('Origin',(0.0766335510331451,0.869909350909387,0.000453564778150771));
#10856=CARTESIAN_POINT('',(-7.50030030284596,4.74044580663027,0.000453564778194557));
#10857=CARTESIAN_POINT('',(-7.42693974421917,8.53450975897841,0.000453564778221884));
#10858=CARTESIAN_POINT('Ctrl Pts',(-7.50030030284596,4.74044580663027,0.000453564778194557));
#10859=CARTESIAN_POINT('Ctrl Pts',(-8.52702705205357,5.80765856458688,0.000453564778194557));
#10860=CARTESIAN_POINT('Ctrl Pts',(-8.49415435971043,7.50778211978437,0.000453564778194557));
#10861=CARTESIAN_POINT('Ctrl Pts',(-7.42693974421917,8.53450975897841,0.000453564778194557));
#10862=CARTESIAN_POINT('',(-3.63274529507066,8.46127717920134,0.000453564778213465));
#10863=CARTESIAN_POINT('Ctrl Pts',(-7.42693974421917,8.53450975897841,0.000453564778221884));
#10864=CARTESIAN_POINT('Ctrl Pts',(-6.35959661432585,9.56136103711697,0.000453564778221884));
#10865=CARTESIAN_POINT('Ctrl Pts',(-4.65947204427827,9.52848993715794,0.000453564778221884));
#10866=CARTESIAN_POINT('Ctrl Pts',(-3.63274529507066,8.46127717920134,0.000453564778221884));
#10867=CARTESIAN_POINT('',(-2.99167511967239,5.84517281778611,0.000453564778193184));
#10868=CARTESIAN_POINT('Ctrl Pts',(-3.63274529507066,8.46127717920134,0.000453564778213465));
#10869=CARTESIAN_POINT('Ctrl Pts',(-2.94180323079782,7.74308980698186,0.000453564778213465));
#10870=CARTESIAN_POINT('Ctrl Pts',(-2.73080517551658,6.73839234826372,0.000453564778213465));
#10871=CARTESIAN_POINT('Ctrl Pts',(-2.99167511967239,5.84517281778611,0.000453564778213465));
#10872=CARTESIAN_POINT('',(-6.54232261842033,4.10095537199587,0.000453564778187934));
#10873=CARTESIAN_POINT('',(-4.51554640738305,5.09658741579927,0.000453564778190931));
#10874=CARTESIAN_POINT('Ctrl Pts',(-6.54232261842033,4.10095537199587,0.000453564778187934));
#10875=CARTESIAN_POINT('Ctrl Pts',(-6.89374170631872,4.23759328524435,0.000453564778187934));
#10876=CARTESIAN_POINT('Ctrl Pts',(-7.22176278137049,4.45092496116905,0.000453564778187934));
#10877=CARTESIAN_POINT('Ctrl Pts',(-7.50030030284596,4.74044580663027,0.000453564778187934));
#10878=CARTESIAN_POINT('',(-4.8336843160334,7.3058982442516,0.000453564778207594));
#10879=CARTESIAN_POINT('',(-6.27156154423852,7.33357255125891,0.000453564778210784));
#10880=CARTESIAN_POINT('Ctrl Pts',(-4.8336843160334,7.3058982442516,0.000453564778207594));
#10881=CARTESIAN_POINT('Ctrl Pts',(-5.2227426670829,7.71029798951004,0.000453564778207594));
#10882=CARTESIAN_POINT('Ctrl Pts',(-5.86703218159995,7.72275526245649,0.000453564778207594));
#10883=CARTESIAN_POINT('Ctrl Pts',(-6.27156154423852,7.33357255125891,0.000453564778207594));
#10884=CARTESIAN_POINT('',(-6.29936152807939,5.89582450472379,0.000453564778200428));
#10885=CARTESIAN_POINT('Ctrl Pts',(-6.27156154423852,7.33357255125891,0.000453564778210784));
#10886=CARTESIAN_POINT('Ctrl Pts',(-6.67596190008268,6.94451395271828,0.000453564778210784));
#10887=CARTESIAN_POINT('Ctrl Pts',(-6.68841987912889,6.30022424998224,0.000453564778210784));
#10888=CARTESIAN_POINT('Ctrl Pts',(-6.29936152807939,5.89582450472379,0.000453564778210784));
#10889=CARTESIAN_POINT('',(-4.86148846484227,5.86789730597653,0.000453564778197237));
#10890=CARTESIAN_POINT('Ctrl Pts',(-6.29936152807939,5.89582450472379,0.000453564778200428));
#10891=CARTESIAN_POINT('Ctrl Pts',(-5.91017882759583,5.49129550666991,0.000453564778200428));
#10892=CARTESIAN_POINT('Ctrl Pts',(-5.26588882068643,5.47883870743589,0.000453564778200428));
#10893=CARTESIAN_POINT('Ctrl Pts',(-4.86148846484227,5.86789730597653,0.000453564778200428));
#10894=CARTESIAN_POINT('Ctrl Pts',(-4.86148846484227,5.86789730597653,0.000453564778197237));
#10895=CARTESIAN_POINT('Ctrl Pts',(-4.4569591022037,6.25708001717411,0.000453564778197237));
#10896=CARTESIAN_POINT('Ctrl Pts',(-4.44450161554984,6.90136924619773,0.000453564778197237));
#10897=CARTESIAN_POINT('Ctrl Pts',(-4.8336843160334,7.3058982442516,0.000453564778197237));
#10898=CARTESIAN_POINT('Ctrl Pts',(-6.29936152807939,5.89582450472379,0.));
#10899=CARTESIAN_POINT('Ctrl Pts',(-6.29936152807939,5.89582450472379,0.5));
#10900=CARTESIAN_POINT('Ctrl Pts',(-6.68841987912889,6.30022424998224,0.));
#10901=CARTESIAN_POINT('Ctrl Pts',(-6.68841987912889,6.30022424998224,0.5));
#10902=CARTESIAN_POINT('Ctrl Pts',(-6.67596190008268,6.94451395271828,0.));
#10903=CARTESIAN_POINT('Ctrl Pts',(-6.67596190008268,6.94451395271828,0.5));
#10904=CARTESIAN_POINT('Ctrl Pts',(-6.27156154423852,7.33357255125891,0.));
#10905=CARTESIAN_POINT('Ctrl Pts',(-6.27156154423852,7.33357255125891,0.5));
#10906=CARTESIAN_POINT('',(-6.27156154423852,7.33357255125891,0.5));
#10907=CARTESIAN_POINT('',(-6.27156154423852,7.33357255125891,0.));
#10908=CARTESIAN_POINT('',(-6.29936152807939,5.89582450472379,0.5));
#10909=CARTESIAN_POINT('Ctrl Pts',(-6.29936152807939,5.89582450472379,0.5));
#10910=CARTESIAN_POINT('Ctrl Pts',(-6.68841987912889,6.30022424998224,0.5));
#10911=CARTESIAN_POINT('Ctrl Pts',(-6.67596190008268,6.94451395271828,0.5));
#10912=CARTESIAN_POINT('Ctrl Pts',(-6.27156154423852,7.33357255125891,0.5));
#10913=CARTESIAN_POINT('',(-6.29936152807939,5.89582450472379,0.));
#10914=CARTESIAN_POINT('Ctrl Pts',(-6.27156154423852,7.33357255125891,0.));
#10915=CARTESIAN_POINT('Ctrl Pts',(-6.27156154423852,7.33357255125891,0.5));
#10916=CARTESIAN_POINT('Ctrl Pts',(-5.86703218159995,7.72275526245649,0.));
#10917=CARTESIAN_POINT('Ctrl Pts',(-5.86703218159995,7.72275526245649,0.5));
#10918=CARTESIAN_POINT('Ctrl Pts',(-5.2227426670829,7.71029798951004,0.));
#10919=CARTESIAN_POINT('Ctrl Pts',(-5.2227426670829,7.71029798951004,0.5));
#10920=CARTESIAN_POINT('Ctrl Pts',(-4.8336843160334,7.3058982442516,0.));
#10921=CARTESIAN_POINT('Ctrl Pts',(-4.8336843160334,7.3058982442516,0.5));
#10922=CARTESIAN_POINT('',(-4.8336843160334,7.3058982442516,0.5));
#10923=CARTESIAN_POINT('',(-4.8336843160334,7.3058982442516,0.));
#10924=CARTESIAN_POINT('Ctrl Pts',(-6.27156154423852,7.33357255125891,0.5));
#10925=CARTESIAN_POINT('Ctrl Pts',(-5.86703218159995,7.72275526245649,0.5));
#10926=CARTESIAN_POINT('Ctrl Pts',(-5.2227426670829,7.71029798951004,0.5));
#10927=CARTESIAN_POINT('Ctrl Pts',(-4.8336843160334,7.3058982442516,0.5));
#10928=CARTESIAN_POINT('Ctrl Pts',(-2.99167511967239,5.84517281778611,0.));
#10929=CARTESIAN_POINT('Ctrl Pts',(-2.99167511967239,5.84517281778611,0.5));
#10930=CARTESIAN_POINT('Ctrl Pts',(-2.73080517551658,6.73839234826372,0.));
#10931=CARTESIAN_POINT('Ctrl Pts',(-2.73080517551658,6.73839234826372,0.5));
#10932=CARTESIAN_POINT('Ctrl Pts',(-2.94180323079782,7.74308980698186,0.));
#10933=CARTESIAN_POINT('Ctrl Pts',(-2.94180323079782,7.74308980698186,0.5));
#10934=CARTESIAN_POINT('Ctrl Pts',(-3.63274529507066,8.46127717920134,0.));
#10935=CARTESIAN_POINT('Ctrl Pts',(-3.63274529507066,8.46127717920134,0.5));
#10936=CARTESIAN_POINT('',(-3.63274529507066,8.46127717920134,0.5));
#10937=CARTESIAN_POINT('',(-3.63274529507066,8.46127717920134,0.));
#10938=CARTESIAN_POINT('',(-2.99167511967239,5.84517281778611,0.5));
#10939=CARTESIAN_POINT('Ctrl Pts',(-2.99167511967239,5.84517281778611,0.5));
#10940=CARTESIAN_POINT('Ctrl Pts',(-2.73080517551658,6.73839234826372,0.5));
#10941=CARTESIAN_POINT('Ctrl Pts',(-2.94180323079782,7.74308980698186,0.5));
#10942=CARTESIAN_POINT('Ctrl Pts',(-3.63274529507066,8.46127717920134,0.5));
#10943=CARTESIAN_POINT('',(-2.99167511967239,5.84517281778611,0.));
#10944=CARTESIAN_POINT('Ctrl Pts',(-3.63274529507066,8.46127717920134,0.));
#10945=CARTESIAN_POINT('Ctrl Pts',(-3.63274529507066,8.46127717920134,0.5));
#10946=CARTESIAN_POINT('Ctrl Pts',(-4.65947204427827,9.52848993715794,0.));
#10947=CARTESIAN_POINT('Ctrl Pts',(-4.65947204427827,9.52848993715794,0.5));
#10948=CARTESIAN_POINT('Ctrl Pts',(-6.35959661432585,9.56136103711697,0.));
#10949=CARTESIAN_POINT('Ctrl Pts',(-6.35959661432585,9.56136103711697,0.5));
#10950=CARTESIAN_POINT('Ctrl Pts',(-7.42693974421917,8.53450975897841,0.));
#10951=CARTESIAN_POINT('Ctrl Pts',(-7.42693974421917,8.53450975897841,0.5));
#10952=CARTESIAN_POINT('',(-7.42693974421917,8.53450975897841,0.5));
#10953=CARTESIAN_POINT('',(-7.42693974421917,8.53450975897841,0.));
#10954=CARTESIAN_POINT('Ctrl Pts',(-3.63274529507066,8.46127717920134,0.5));
#10955=CARTESIAN_POINT('Ctrl Pts',(-4.65947204427827,9.52848993715794,0.5));
#10956=CARTESIAN_POINT('Ctrl Pts',(-6.35959661432585,9.56136103711697,0.5));
#10957=CARTESIAN_POINT('Ctrl Pts',(-7.42693974421917,8.53450975897841,0.5));
#10958=CARTESIAN_POINT('Ctrl Pts',(-7.42693974421917,8.53450975897841,0.));
#10959=CARTESIAN_POINT('Ctrl Pts',(-7.42693974421917,8.53450975897841,0.5));
#10960=CARTESIAN_POINT('Ctrl Pts',(-8.49415435971043,7.50778211978437,0.));
#10961=CARTESIAN_POINT('Ctrl Pts',(-8.49415435971043,7.50778211978437,0.5));
#10962=CARTESIAN_POINT('Ctrl Pts',(-8.52702705205357,5.80765856458688,0.));
#10963=CARTESIAN_POINT('Ctrl Pts',(-8.52702705205357,5.80765856458688,0.5));
#10964=CARTESIAN_POINT('Ctrl Pts',(-7.50030030284596,4.74044580663027,0.));
#10965=CARTESIAN_POINT('Ctrl Pts',(-7.50030030284596,4.74044580663027,0.5));
#10966=CARTESIAN_POINT('',(-7.50030030284596,4.74044580663027,0.5));
#10967=CARTESIAN_POINT('',(-7.50030030284596,4.74044580663027,0.));
#10968=CARTESIAN_POINT('Ctrl Pts',(-7.42693974421917,8.53450975897841,0.5));
#10969=CARTESIAN_POINT('Ctrl Pts',(-8.49415435971043,7.50778211978437,0.5));
#10970=CARTESIAN_POINT('Ctrl Pts',(-8.52702705205357,5.80765856458688,0.5));
#10971=CARTESIAN_POINT('Ctrl Pts',(-7.50030030284596,4.74044580663027,0.5));
#10972=CARTESIAN_POINT('Ctrl Pts',(-4.86148846484227,5.86789730597653,0.));
#10973=CARTESIAN_POINT('Ctrl Pts',(-4.86148846484227,5.86789730597653,0.5));
#10974=CARTESIAN_POINT('Ctrl Pts',(-5.26588882068643,5.47883870743589,0.));
#10975=CARTESIAN_POINT('Ctrl Pts',(-5.26588882068643,5.47883870743589,0.5));
#10976=CARTESIAN_POINT('Ctrl Pts',(-5.91017882759583,5.49129550666991,0.));
#10977=CARTESIAN_POINT('Ctrl Pts',(-5.91017882759583,5.49129550666991,0.5));
#10978=CARTESIAN_POINT('Ctrl Pts',(-6.29936152807939,5.89582450472379,0.));
#10979=CARTESIAN_POINT('Ctrl Pts',(-6.29936152807939,5.89582450472379,0.5));
#10980=CARTESIAN_POINT('',(-4.86148846484227,5.86789730597653,0.5));
#10981=CARTESIAN_POINT('Ctrl Pts',(-4.86148846484227,5.86789730597653,0.5));
#10982=CARTESIAN_POINT('Ctrl Pts',(-5.26588882068643,5.47883870743589,0.5));
#10983=CARTESIAN_POINT('Ctrl Pts',(-5.91017882759583,5.49129550666991,0.5));
#10984=CARTESIAN_POINT('Ctrl Pts',(-6.29936152807939,5.89582450472379,0.5));
#10985=CARTESIAN_POINT('',(-4.86148846484227,5.86789730597653,0.));
#10986=CARTESIAN_POINT('Ctrl Pts',(-4.8336843160334,7.3058982442516,0.));
#10987=CARTESIAN_POINT('Ctrl Pts',(-4.8336843160334,7.3058982442516,0.5));
#10988=CARTESIAN_POINT('Ctrl Pts',(-4.44450161554984,6.90136924619773,0.));
#10989=CARTESIAN_POINT('Ctrl Pts',(-4.44450161554984,6.90136924619773,0.5));
#10990=CARTESIAN_POINT('Ctrl Pts',(-4.4569591022037,6.25708001717411,0.));
#10991=CARTESIAN_POINT('Ctrl Pts',(-4.4569591022037,6.25708001717411,0.5));
#10992=CARTESIAN_POINT('Ctrl Pts',(-4.86148846484227,5.86789730597653,0.));
#10993=CARTESIAN_POINT('Ctrl Pts',(-4.86148846484227,5.86789730597653,0.5));
#10994=CARTESIAN_POINT('Ctrl Pts',(-4.8336843160334,7.3058982442516,0.5));
#10995=CARTESIAN_POINT('Ctrl Pts',(-4.44450161554984,6.90136924619773,0.5));
#10996=CARTESIAN_POINT('Ctrl Pts',(-4.4569591022037,6.25708001717411,0.5));
#10997=CARTESIAN_POINT('Ctrl Pts',(-4.86148846484227,5.86789730597653,0.5));
#10998=CARTESIAN_POINT('Origin',(-6.54232261842033,4.10095537199587,0.));
#10999=CARTESIAN_POINT('',(-6.54232261842033,4.10095537199587,0.5));
#11000=CARTESIAN_POINT('',(-6.54232261842033,4.10095537199587,0.5));
#11001=CARTESIAN_POINT('',(-6.54232261842033,4.10095537199587,0.));
#11002=CARTESIAN_POINT('Ctrl Pts',(-7.50030030284596,4.74044580663027,0.));
#11003=CARTESIAN_POINT('Ctrl Pts',(-7.50030030284596,4.74044580663027,0.5));
#11004=CARTESIAN_POINT('Ctrl Pts',(-7.22176278137049,4.45092496116905,0.));
#11005=CARTESIAN_POINT('Ctrl Pts',(-7.22176278137049,4.45092496116905,0.5));
#11006=CARTESIAN_POINT('Ctrl Pts',(-6.89374170631872,4.23759328524435,0.));
#11007=CARTESIAN_POINT('Ctrl Pts',(-6.89374170631872,4.23759328524435,0.5));
#11008=CARTESIAN_POINT('Ctrl Pts',(-6.54232261842033,4.10095537199587,0.));
#11009=CARTESIAN_POINT('Ctrl Pts',(-6.54232261842033,4.10095537199587,0.5));
#11010=CARTESIAN_POINT('Ctrl Pts',(-7.50030030284596,4.74044580663027,0.5));
#11011=CARTESIAN_POINT('Ctrl Pts',(-7.22176278137049,4.45092496116905,0.5));
#11012=CARTESIAN_POINT('Ctrl Pts',(-6.89374170631872,4.23759328524435,0.5));
#11013=CARTESIAN_POINT('Ctrl Pts',(-6.54232261842033,4.10095537199587,0.5));
#11014=CARTESIAN_POINT('Origin',(-5.62891611378507,6.83115820455642,0.5));
#11015=CARTESIAN_POINT('Origin',(-0.852185605792143,1.70068993410145,0.5));
#11016=CARTESIAN_POINT('',(-2.71994264521408,2.44024498203574,0.5));
#11017=CARTESIAN_POINT('',(-0.554573808891005,0.189655016458015,0.5));
#11018=CARTESIAN_POINT('',(-2.71994264521408,2.44024498203574,0.5));
#11019=CARTESIAN_POINT('',(1.01557143362979,0.961018978476916,0.5));
#11020=CARTESIAN_POINT('',(-0.554573808891005,0.189655016458015,0.5));
#11021=CARTESIAN_POINT('',(-1.14968149500303,3.21172485174488,0.5));
#11022=CARTESIAN_POINT('',(1.01557143362979,0.961018978476916,0.5));
#11023=CARTESIAN_POINT('',(-1.14968149500303,3.21172485174488,0.5));
#11024=CARTESIAN_POINT('Origin',(-2.71994264521408,2.44024498203574,0.));
#11025=CARTESIAN_POINT('',(-0.554573808891005,0.189655016458015,0.000453564778147156));
#11026=CARTESIAN_POINT('',(-2.71994264521408,2.44024498203574,0.000453564778167959));
#11027=CARTESIAN_POINT('',(-1.65548173644698,1.33389072042691,0.000453564778157733));
#11028=CARTESIAN_POINT('',(-0.554573808891005,0.189655016458015,0.));
#11029=CARTESIAN_POINT('',(-2.71994264521408,2.44024498203574,0.));
#11030=CARTESIAN_POINT('Origin',(-0.554573808891005,0.189655016458015,0.));
#11031=CARTESIAN_POINT('',(1.01557143362979,0.961018978476916,0.000453564778149478));
#11032=CARTESIAN_POINT('',(-0.16572339562619,0.380685239195299,0.000453564778147731));
#11033=CARTESIAN_POINT('',(1.01557143362979,0.961018978476916,0.));
#11034=CARTESIAN_POINT('Origin',(-1.14968149500303,3.21172485174488,0.));
#11035=CARTESIAN_POINT('',(-1.14968149500303,3.21172485174488,0.000453564778170281));
#11036=CARTESIAN_POINT('',(-1.11916497652794,3.22671782262363,0.000453564778170327));
#11037=CARTESIAN_POINT('',(-1.14968149500303,3.21172485174488,0.));
#11038=CARTESIAN_POINT('Origin',(1.01557143362979,0.961018978476916,0.));
#11039=CARTESIAN_POINT('',(0.812678581636512,1.17191911286154,0.000453564778151428));
#11040=CARTESIAN_POINT('Origin',(0.0766335510331451,0.869909350909387,0.000453564778150771));
#11041=CARTESIAN_POINT('',(0.,0.,0.));
#11042=CARTESIAN_POINT('Origin',(21.9222874927066,5.08859091351404,29.5004535647778));
#11043=CARTESIAN_POINT('',(21.9222874927066,5.08859091351404,29.5004535647778));
#11044=CARTESIAN_POINT('',(8.92228749270661,5.08859091351404,29.5004535647779));
#11045=CARTESIAN_POINT('',(21.9222874927066,5.08859091351404,29.5004535647778));
#11046=CARTESIAN_POINT('',(8.92228749270661,5.08859091351405,29.1004535647779));
#11047=CARTESIAN_POINT('',(8.92228749270661,5.08859091351404,29.5004535647779));
#11048=CARTESIAN_POINT('',(21.9222874927066,5.08859091351405,29.1004535647778));
#11049=CARTESIAN_POINT('',(21.9222874927066,5.08859091351405,29.1004535647778));
#11050=CARTESIAN_POINT('',(21.9222874927066,5.08859091351404,29.5004535647778));
#11051=CARTESIAN_POINT('Origin',(21.9222874927066,28.088590913514,29.5004535647779));
#11052=CARTESIAN_POINT('',(21.9222874927066,28.088590913514,29.5004535647779));
#11053=CARTESIAN_POINT('',(21.9222874927066,28.088590913514,29.5004535647779));
#11054=CARTESIAN_POINT('',(21.9222874927066,28.0885909135141,29.1004535647779));
#11055=CARTESIAN_POINT('',(21.9222874927066,28.0885909135141,29.1004535647779));
#11056=CARTESIAN_POINT('',(21.9222874927066,28.088590913514,29.5004535647779));
#11057=CARTESIAN_POINT('Origin',(8.92228749270661,28.088590913514,29.500453564778));
#11058=CARTESIAN_POINT('',(8.92228749270661,28.088590913514,29.500453564778));
#11059=CARTESIAN_POINT('',(8.92228749270661,28.088590913514,29.500453564778));
#11060=CARTESIAN_POINT('',(8.92228749270661,28.0885909135141,29.100453564778));
#11061=CARTESIAN_POINT('',(8.92228749270661,28.0885909135141,29.100453564778));
#11062=CARTESIAN_POINT('',(8.92228749270661,28.088590913514,29.500453564778));
#11063=CARTESIAN_POINT('Origin',(8.92228749270661,5.08859091351404,29.5004535647779));
#11064=CARTESIAN_POINT('',(8.92228749270661,5.08859091351404,29.5004535647779));
#11065=CARTESIAN_POINT('',(8.92228749270661,5.08859091351405,29.1004535647779));
#11066=CARTESIAN_POINT('Origin',(15.4222874927066,16.588590913514,29.1004535647779));
#11067=CARTESIAN_POINT('Origin',(15.4222874927066,16.588590913514,29.5004535647779));
#11068=CARTESIAN_POINT('Ctrl Pts',(60.110380746673,1.66153574322499,29.3845064014768));
#11069=CARTESIAN_POINT('Ctrl Pts',(59.7978086775781,2.03073059680592,29.6269003344872));
#11070=CARTESIAN_POINT('Ctrl Pts',(59.5534089550807,2.51256331838131,29.8));
#11071=CARTESIAN_POINT('Ctrl Pts',(59.4532061914684,3.0375,29.8));
#11072=CARTESIAN_POINT('Ctrl Pts',(60.1279302395227,1.64080713986062,29.4423224799018));
#11073=CARTESIAN_POINT('Ctrl Pts',(59.8069226497462,2.01268643601703,29.6820281782883));
#11074=CARTESIAN_POINT('Ctrl Pts',(59.5553672481872,2.50251158110166,29.8536282049379));
#11075=CARTESIAN_POINT('Ctrl Pts',(59.4532061914684,3.0375,29.8523598775598));
#11076=CARTESIAN_POINT('Ctrl Pts',(60.1155778399826,1.57522321133823,29.5318835061328));
#11077=CARTESIAN_POINT('Ctrl Pts',(59.7841305169037,1.96427867500937,29.768279440664));
#11078=CARTESIAN_POINT('Ctrl Pts',(59.524377359304,2.47402329999127,29.9372521166101));
#11079=CARTESIAN_POINT('Ctrl Pts',(59.4197781216739,3.03111906856022,29.934106864594));
#11080=CARTESIAN_POINT('Ctrl Pts',(60.0314378261112,1.47967016826761,29.5713910890924));
#11081=CARTESIAN_POINT('Ctrl Pts',(59.6973797420466,1.89254511382135,29.8178577097605));
#11082=CARTESIAN_POINT('Ctrl Pts',(59.4361930749181,2.42925246652923,29.9934514607387));
#11083=CARTESIAN_POINT('Ctrl Pts',(59.3300585331252,3.01399290642002,29.9910738460994));
#11084=CARTESIAN_POINT('Ctrl Pts',(59.9799456197013,1.44110422326751,29.5632206884152));
#11085=CARTESIAN_POINT('Ctrl Pts',(59.6463113294744,1.86118783857415,29.8187087741271));
#11086=CARTESIAN_POINT('Ctrl Pts',(59.3854580239536,2.40831658480859,30.0008412203614));
#11087=CARTESIAN_POINT('Ctrl Pts',(59.2787952370438,3.00420749016106,30.));
#11088=CARTESIAN_POINT('Ctrl Pts',(59.9577394631179,1.42746942082856,29.5548282872966));
#11089=CARTESIAN_POINT('Ctrl Pts',(59.6243292560833,1.84940639634963,29.8145360726648));
#11090=CARTESIAN_POINT('Ctrl Pts',(59.3636362187528,2.40007236386439,30.));
#11091=CARTESIAN_POINT('Ctrl Pts',(59.2567532708997,3.,30.));
#11092=CARTESIAN_POINT('',(60.0595423441719,1.72333256638245,29.4237747761255));
#11093=CARTESIAN_POINT('',(59.4532061914684,3.0375,29.8));
#11094=CARTESIAN_POINT('Ctrl Pts',(60.0595423441719,1.72333256638245,29.4237747761255));
#11095=CARTESIAN_POINT('Ctrl Pts',(59.7714150363791,2.0837517462053,29.6453802236861));
#11096=CARTESIAN_POINT('Ctrl Pts',(59.5479092718937,2.54137475369582,29.8));
#11097=CARTESIAN_POINT('Ctrl Pts',(59.4532061914684,3.0375,29.8));
#11098=CARTESIAN_POINT('',(59.2567532708997,3.,30.));
#11099=CARTESIAN_POINT('Origin',(59.2567532708997,3.,29.8));
#11100=CARTESIAN_POINT('',(59.9577394629958,1.42746942072014,29.5548282873159));
#11101=CARTESIAN_POINT('Ctrl Pts',(59.2567532708997,3.,30.));
#11102=CARTESIAN_POINT('Ctrl Pts',(59.3636362187528,2.40007236386439,30.));
#11103=CARTESIAN_POINT('Ctrl Pts',(59.6243292560833,1.84940639634963,29.8145360726648));
#11104=CARTESIAN_POINT('Ctrl Pts',(59.9577394631179,1.42746942082856,29.5548282872966));
#11105=CARTESIAN_POINT('',(60.0083985965315,1.52251893684279,29.5835344798495));
#11106=CARTESIAN_POINT('Ctrl Pts',(59.9577394628355,1.42746942118597,29.5548282875166));
#11107=CARTESIAN_POINT('Ctrl Pts',(59.9628275087306,1.44742614845284,29.5671119169227));
#11108=CARTESIAN_POINT('Ctrl Pts',(59.9700459686459,1.46617827227685,29.5757540654636));
#11109=CARTESIAN_POINT('Ctrl Pts',(59.9858695638383,1.49504507853003,29.5838586312136));
#11110=CARTESIAN_POINT('Ctrl Pts',(59.9938169882605,1.50666500586905,29.5853778074065));
#11111=CARTESIAN_POINT('Ctrl Pts',(60.0049594594137,1.5189835096475,29.5841410660087));
#11112=CARTESIAN_POINT('Ctrl Pts',(60.0066649100784,1.52077988431587,29.5838764478342));
#11113=CARTESIAN_POINT('Ctrl Pts',(60.0083985965315,1.52251893684279,29.5835344798495));
#11114=CARTESIAN_POINT('Ctrl Pts',(60.0082446470558,1.52246214198019,29.5834724754497));
#11115=CARTESIAN_POINT('Ctrl Pts',(60.0175949298504,1.53184596558524,29.5816205822996));
#11116=CARTESIAN_POINT('Ctrl Pts',(60.0262054797892,1.5416862036669,29.5787233526739));
#11117=CARTESIAN_POINT('Ctrl Pts',(60.0339488250065,1.55180887014907,29.5748520813613));
#11118=CARTESIAN_POINT('Ctrl Pts',(60.0409597430629,1.56097405434633,29.5713469856713));
#11119=CARTESIAN_POINT('Ctrl Pts',(60.0472604101788,1.57037179794597,29.5670424651638));
#11120=CARTESIAN_POINT('Ctrl Pts',(60.0527394381454,1.57987868409004,29.5619591570457));
#11121=CARTESIAN_POINT('Ctrl Pts',(60.0549837550813,1.58377289045496,29.5598769346936));
#11122=CARTESIAN_POINT('Ctrl Pts',(60.0570811051295,1.58767014887946,29.5576718907971));
#11123=CARTESIAN_POINT('Ctrl Pts',(60.0590260771252,1.59156158851932,29.5553471108893));
#11124=CARTESIAN_POINT('Ctrl Pts',(60.0642315076471,1.60197645244593,29.5491251805396));
#11125=CARTESIAN_POINT('Ctrl Pts',(60.0683482473514,1.61234977026534,29.5420487049572));
#11126=CARTESIAN_POINT('Ctrl Pts',(60.0714055876662,1.6225631582733,29.5342789499347));
#11127=CARTESIAN_POINT('Ctrl Pts',(60.0731887104611,1.62851987983353,29.5297474206102));
#11128=CARTESIAN_POINT('Ctrl Pts',(60.0746108060062,1.63442223434997,29.5249792139411));
#11129=CARTESIAN_POINT('Ctrl Pts',(60.0756717150423,1.64024571351944,29.5200009964743));
#11130=CARTESIAN_POINT('Ctrl Pts',(60.0775375224996,1.65048739352365,29.5112458676584));
#11131=CARTESIAN_POINT('Ctrl Pts',(60.078272659491,1.66039777685089,29.5019179471709));
#11132=CARTESIAN_POINT('Ctrl Pts',(60.0779021362895,1.66984502155677,29.4921694610165));
#11133=CARTESIAN_POINT('Ctrl Pts',(60.0776891045649,1.67527669985347,29.4865645844287));
#11134=CARTESIAN_POINT('Ctrl Pts',(60.0771098181705,1.68055518074402,29.4808200100481));
#11135=CARTESIAN_POINT('Ctrl Pts',(60.0761625026233,1.68565326705368,29.4749610574963));
#11136=CARTESIAN_POINT('Ctrl Pts',(60.0745127346828,1.69453168077355,29.4647575808267));
#11137=CARTESIAN_POINT('Ctrl Pts',(60.0717599734771,1.70280603985152,29.4542745839659));
#11138=CARTESIAN_POINT('Ctrl Pts',(60.0679063447176,1.71033453302988,29.4436460582016));
#11139=CARTESIAN_POINT('Ctrl Pts',(60.0656948668032,1.71465490155316,29.4375466772135));
#11140=CARTESIAN_POINT('Ctrl Pts',(60.0631200493842,1.7187293324812,29.4313990146298));
#11141=CARTESIAN_POINT('Ctrl Pts',(60.0601755129222,1.72252724704068,29.4252272717107));
#11142=CARTESIAN_POINT('Ctrl Pts',(60.0599504679162,1.72281751402014,29.4247555777989));
#11143=CARTESIAN_POINT('Ctrl Pts',(60.0597232923061,1.72310612347236,29.4242838072424));
#11144=CARTESIAN_POINT('Ctrl Pts',(60.0594939839299,1.72339306200371,29.4238119709558));
#11145=CARTESIAN_POINT('Origin',(62.4,3.59999999999999,29.8));
#11146=CARTESIAN_POINT('',(60.142135623731,5.86760853287667,30.));
#11147=CARTESIAN_POINT('Origin',(62.4,3.59999999999999,30.));
#11148=CARTESIAN_POINT('',(60.2055965753529,5.64559720480398,29.7999898975466));
#11149=CARTESIAN_POINT('Origin',(62.4,3.59999999999999,29.8));
#11150=CARTESIAN_POINT('',(60.1708821432354,5.74954503084262,29.9712534804956));
#11151=CARTESIAN_POINT('Ctrl Pts',(60.2055965753529,5.64559720480398,29.7999898975466));
#11152=CARTESIAN_POINT('Ctrl Pts',(60.2056637247959,5.6456693153055,29.8003111175369));
#11153=CARTESIAN_POINT('Ctrl Pts',(60.205730294931,5.6457419594426,29.8006323358333));
#11154=CARTESIAN_POINT('Ctrl Pts',(60.205796285925,5.64581513599021,29.8009535497114));
#11155=CARTESIAN_POINT('Ctrl Pts',(60.2085386177883,5.64885607182254,29.814301962882));
#11156=CARTESIAN_POINT('Ctrl Pts',(60.2102771986077,5.6528058363962,29.8276083892796));
#11157=CARTESIAN_POINT('Ctrl Pts',(60.211019043382,5.65758064866006,29.8406786514105));
#11158=CARTESIAN_POINT('Ctrl Pts',(60.2114693837843,5.66047922117892,29.8486130162679));
#11159=CARTESIAN_POINT('Ctrl Pts',(60.2115517180574,5.66368261990476,29.856460363948));
#11160=CARTESIAN_POINT('Ctrl Pts',(60.2112604977437,5.66717769604611,29.8641747901466));
#11161=CARTESIAN_POINT('Ctrl Pts',(60.2108089809002,5.67259656853918,29.87613547147));
#11162=CARTESIAN_POINT('Ctrl Pts',(60.2094637499025,5.67868607313806,29.8877121538271));
#11163=CARTESIAN_POINT('Ctrl Pts',(60.207204072046,5.68539050855494,29.8987339160272));
#11164=CARTESIAN_POINT('Ctrl Pts',(60.2056627225804,5.6899636727861,29.9062519731825));
#11165=CARTESIAN_POINT('Ctrl Pts',(60.2036951064721,5.69482351719827,29.9135115318111));
#11166=CARTESIAN_POINT('Ctrl Pts',(60.2013144145936,5.69994255155328,29.9204654022078));
#11167=CARTESIAN_POINT('Ctrl Pts',(60.1977733960238,5.70755655480731,29.9308085232257));
#11168=CARTESIAN_POINT('Ctrl Pts',(60.1933492333355,5.71568171512095,29.9403925007978));
#11169=CARTESIAN_POINT('Ctrl Pts',(60.1880970157183,5.72420967501392,29.9490757895338));
#11170=CARTESIAN_POINT('Ctrl Pts',(60.1831017765873,5.73232038216096,29.957334225654));
#11171=CARTESIAN_POINT('Ctrl Pts',(60.1773570669078,5.74079650129001,29.9647785568232));
#11172=CARTESIAN_POINT('Ctrl Pts',(60.1708821432354,5.74954503084262,29.9712534804956));
#11173=CARTESIAN_POINT('Ctrl Pts',(60.1708821432354,5.74954503084262,29.9712534804956));
#11174=CARTESIAN_POINT('Ctrl Pts',(60.1659767058654,5.75617296438619,29.9761589178656));
#11175=CARTESIAN_POINT('Ctrl Pts',(60.1614074603312,5.76453985529009,29.9807281633998));
#11176=CARTESIAN_POINT('Ctrl Pts',(60.1532104054545,5.78377679517111,29.9889252182765));
#11177=CARTESIAN_POINT('Ctrl Pts',(60.1490899146205,5.79872417019151,29.9930457091105));
#11178=CARTESIAN_POINT('Ctrl Pts',(60.1436371295796,5.8288064674865,29.9984984941514));
#11179=CARTESIAN_POINT('Ctrl Pts',(60.1421356237309,5.84992282225867,30.));
#11180=CARTESIAN_POINT('Ctrl Pts',(60.1421356237309,5.86760853287666,30.));
#11181=CARTESIAN_POINT('Ctrl Pts',(60.1776194878107,5.61519846641496,29.8298321242582));
#11182=CARTESIAN_POINT('Ctrl Pts',(60.849708711996,6.35638501412951,29.112936951794));
#11183=CARTESIAN_POINT('Ctrl Pts',(61.9098129452729,6.72422439577518,27.9821591029653));
#11184=CARTESIAN_POINT('Ctrl Pts',(62.8965435521514,6.55862206116577,26.9296464556282));
#11185=CARTESIAN_POINT('Ctrl Pts',(60.1903480002974,5.62923559405817,29.8580409179387));
#11186=CARTESIAN_POINT('Ctrl Pts',(60.8726948420427,6.37224503710633,29.1430715409377));
#11187=CARTESIAN_POINT('Ctrl Pts',(61.9468386499523,6.73172551108021,28.015488618801));
#11188=CARTESIAN_POINT('Ctrl Pts',(62.9355102625393,6.55208230434936,26.9697107290075));
#11189=CARTESIAN_POINT('Ctrl Pts',(60.2026415965761,5.66920024802631,29.9144079241745));
#11190=CARTESIAN_POINT('Ctrl Pts',(60.9044415227304,6.42482370876683,29.2032258404892));
#11191=CARTESIAN_POINT('Ctrl Pts',(62.0094105928513,6.78356686232907,28.0822562136555));
#11192=CARTESIAN_POINT('Ctrl Pts',(63.0212633570385,6.58903459446998,27.0492621454898));
#11193=CARTESIAN_POINT('Ctrl Pts',(60.1856584766492,5.72274741965825,29.9564771470818));
#11194=CARTESIAN_POINT('Ctrl Pts',(60.8991301987646,6.50165836372438,29.2430804993036));
#11195=CARTESIAN_POINT('Ctrl Pts',(62.0237679415018,6.88288639772567,28.1179169383592));
#11196=CARTESIAN_POINT('Ctrl Pts',(63.0663788320331,6.69998557672794,27.0757567916979));
#11197=CARTESIAN_POINT('Ctrl Pts',(60.1708821432354,5.74954503084262,29.9712534804956));
#11198=CARTESIAN_POINT('Ctrl Pts',(60.8877773156997,6.54014401507148,29.2543583080313));
#11199=CARTESIAN_POINT('Ctrl Pts',(62.0185551645284,6.9325060221602,28.1235804592026));
#11200=CARTESIAN_POINT('Ctrl Pts',(63.0710678118655,6.75586353191015,27.0710678118655));
#11201=CARTESIAN_POINT('',(62.8965435521514,6.55862206116577,26.9296464556282));
#11202=CARTESIAN_POINT('Origin',(62.4,3.59999999999999,27.4592929112563));
#11203=CARTESIAN_POINT('',(63.0710678118655,6.75586353191015,27.0710678118655));
#11204=CARTESIAN_POINT('Origin',(62.9296464556282,6.75586353191015,26.9296464556282));
#11205=CARTESIAN_POINT('Origin',(62.5414213562373,3.59999999999999,27.6007142674936));
#11206=CARTESIAN_POINT('Ctrl Pts',(62.8965435521514,6.55862206116576,26.9296464556282));
#11207=CARTESIAN_POINT('Ctrl Pts',(63.2469831887335,6.49980801247495,26.5558441766073));
#11208=CARTESIAN_POINT('Ctrl Pts',(63.8790103839971,6.26707276608427,25.7596370400939));
#11209=CARTESIAN_POINT('Ctrl Pts',(64.5224239036282,5.76330131622161,24.6316771005893));
#11210=CARTESIAN_POINT('Ctrl Pts',(64.9474119571795,5.22065919887351,23.6331748859816));
#11211=CARTESIAN_POINT('Ctrl Pts',(65.1768566475464,4.76958298759563,22.9212285518024));
#11212=CARTESIAN_POINT('Ctrl Pts',(65.3120171324704,4.3483647004648,22.3925390840878));
#11213=CARTESIAN_POINT('Ctrl Pts',(65.374371536484,4.03469821658889,22.102195794945));
#11214=CARTESIAN_POINT('Ctrl Pts',(65.4009212342669,3.72371045832869,21.9649689397091));
#11215=CARTESIAN_POINT('Ctrl Pts',(65.4005507229337,3.46811411507575,21.9670388513807));
#11216=CARTESIAN_POINT('Ctrl Pts',(65.3804205913465,3.23568832094823,22.0704487447315));
#11217=CARTESIAN_POINT('Ctrl Pts',(65.3589549214711,3.10120896411584,22.1730026106441));
#11218=CARTESIAN_POINT('Ctrl Pts',(65.3467938085316,3.0375,22.2285515178061));
#11219=CARTESIAN_POINT('Ctrl Pts',(62.9188102438016,6.55488505727068,26.9525403261306));
#11220=CARTESIAN_POINT('Ctrl Pts',(63.2709736279282,6.49306212143283,26.5789572124512));
#11221=CARTESIAN_POINT('Ctrl Pts',(63.9052608173864,6.25331572696523,25.7833803324321));
#11222=CARTESIAN_POINT('Ctrl Pts',(64.5474622746857,5.73921330183858,24.6569320846145));
#11223=CARTESIAN_POINT('Ctrl Pts',(64.9681873988143,5.18853452069461,23.6609002625707));
#11224=CARTESIAN_POINT('Ctrl Pts',(65.1924006830208,4.73261950740929,22.9522017801923));
#11225=CARTESIAN_POINT('Ctrl Pts',(65.3214767811656,4.31153899425621,22.4295871643099));
#11226=CARTESIAN_POINT('Ctrl Pts',(65.3785839196217,4.00255104698045,22.1473854674333));
#11227=CARTESIAN_POINT('Ctrl Pts',(65.4007618469647,3.71134437012638,22.0209779364612));
#11228=CARTESIAN_POINT('Ctrl Pts',(65.4004427003421,3.48129301051641,22.0229961169491));
#11229=CARTESIAN_POINT('Ctrl Pts',(65.3836024913814,3.26364104733655,22.1182886681049));
#11230=CARTESIAN_POINT('Ctrl Pts',(65.3642904127413,3.1331238166393,22.2169683045459));
#11231=CARTESIAN_POINT('Ctrl Pts',(65.3531567459978,3.07083380396385,22.2708165921307));
#11232=CARTESIAN_POINT('Ctrl Pts',(62.9659467021044,6.56302322953907,26.9983109604509));
#11233=CARTESIAN_POINT('Ctrl Pts',(63.3237072844349,6.49658240492602,26.6251670387288));
#11234=CARTESIAN_POINT('Ctrl Pts',(63.9674601901087,6.24532417335061,25.8307625268615));
#11235=CARTESIAN_POINT('Ctrl Pts',(64.6166476440783,5.71179127206533,24.7072858743282));
#11236=CARTESIAN_POINT('Ctrl Pts',(65.0386315752197,5.1434992778795,23.7161561141196));
#11237=CARTESIAN_POINT('Ctrl Pts',(65.2602785659127,4.67474374341403,23.0139294839311));
#11238=CARTESIAN_POINT('Ctrl Pts',(65.3838595317295,4.24933755041227,22.5034497726245));
#11239=CARTESIAN_POINT('Ctrl Pts',(65.4348411655647,3.94537068150749,22.2375523169949));
#11240=CARTESIAN_POINT('Ctrl Pts',(65.450778248997,3.68866394662578,22.1327976162027));
#11241=CARTESIAN_POINT('Ctrl Pts',(65.4505101387977,3.50532941739784,22.1347081857686));
#11242=CARTESIAN_POINT('Ctrl Pts',(65.4383186256315,3.31345026714501,22.2137355550321));
#11243=CARTESIAN_POINT('Ctrl Pts',(65.4216717851502,3.18888089616421,22.3046519707419));
#11244=CARTESIAN_POINT('Ctrl Pts',(65.4117539170391,3.12853829305233,22.3550935584076));
#11245=CARTESIAN_POINT('Ctrl Pts',(63.0283824319915,6.6191909163441,27.0513201052096));
#11246=CARTESIAN_POINT('Ctrl Pts',(63.3973237503638,6.55122585039439,26.6770560224608));
#11247=CARTESIAN_POINT('Ctrl Pts',(64.0627102681322,6.29430370276179,25.8803130188837));
#11248=CARTESIAN_POINT('Ctrl Pts',(64.7381338961963,5.74763173725931,24.7535599432988));
#11249=CARTESIAN_POINT('Ctrl Pts',(65.1811832127669,5.16434147882263,23.7598938799624));
#11250=CARTESIAN_POINT('Ctrl Pts',(65.4169489842895,4.68231615960448,23.0566285308305));
#11251=CARTESIAN_POINT('Ctrl Pts',(65.5507477451337,4.24596523101323,22.5479125247941));
#11252=CARTESIAN_POINT('Ctrl Pts',(65.6072353698799,3.93609457246997,22.2865176040426));
#11253=CARTESIAN_POINT('Ctrl Pts',(65.6253978470271,3.6837236495073,22.1890884862697));
#11254=CARTESIAN_POINT('Ctrl Pts',(65.6250862942719,3.51053556575981,22.1909710267075));
#11255=CARTESIAN_POINT('Ctrl Pts',(65.6112405030437,3.32190262019668,22.2645007817687));
#11256=CARTESIAN_POINT('Ctrl Pts',(65.5926933645897,3.19609450146929,22.3530812710128));
#11257=CARTESIAN_POINT('Ctrl Pts',(65.5817354172589,3.13488566809128,22.4025529770073));
#11258=CARTESIAN_POINT('Ctrl Pts',(63.0616181597119,6.69199396751426,27.0723373457802));
#11259=CARTESIAN_POINT('Ctrl Pts',(63.4388548808178,6.62646543159871,26.6948211972105));
#11260=CARTESIAN_POINT('Ctrl Pts',(64.119894407114,6.37327098049259,25.8908463865625));
#11261=CARTESIAN_POINT('Ctrl Pts',(64.8146390375056,5.82981970491764,24.7524206296421));
#11262=CARTESIAN_POINT('Ctrl Pts',(65.274171651215,5.24707386232665,23.7461404337226));
#11263=CARTESIAN_POINT('Ctrl Pts',(65.522257706818,4.7639341568557,23.0311044724161));
#11264=CARTESIAN_POINT('Ctrl Pts',(65.6672369972163,4.31992349875167,22.5072020680077));
#11265=CARTESIAN_POINT('Ctrl Pts',(65.7323263582041,3.99723124540081,22.2291165762734));
#11266=CARTESIAN_POINT('Ctrl Pts',(65.7574383618208,3.70665799984054,22.1117465378226));
#11267=CARTESIAN_POINT('Ctrl Pts',(65.7570509278599,3.48620815398775,22.1137390257482));
#11268=CARTESIAN_POINT('Ctrl Pts',(65.7379752821714,3.26903176002901,22.2022425176563));
#11269=CARTESIAN_POINT('Ctrl Pts',(65.7159444384497,3.13445019335849,22.2984477924751));
#11270=CARTESIAN_POINT('Ctrl Pts',(65.7032926120627,3.06983559724519,22.351359615033));
#11271=CARTESIAN_POINT('Ctrl Pts',(63.0697281033419,6.73989840185809,27.072407520389));
#11272=CARTESIAN_POINT('Ctrl Pts',(63.4502678569665,6.67646587748897,26.6920041765592));
#11273=CARTESIAN_POINT('Ctrl Pts',(64.1369156442284,6.42698628208815,25.8817822754221));
#11274=CARTESIAN_POINT('Ctrl Pts',(64.8364883236181,5.888120602337,24.733976915327));
#11275=CARTESIAN_POINT('Ctrl Pts',(65.2989282588536,5.30834026828446,23.7181839914897));
#11276=CARTESIAN_POINT('Ctrl Pts',(65.5487320584297,4.82672028944037,22.9944604142511));
#11277=CARTESIAN_POINT('Ctrl Pts',(65.6957159348864,4.37876499680457,22.4587553265938));
#11278=CARTESIAN_POINT('Ctrl Pts',(65.7631363745463,4.04716534989331,22.1669371224015));
#11279=CARTESIAN_POINT('Ctrl Pts',(65.7912455754525,3.72569442742499,22.0325078029462));
#11280=CARTESIAN_POINT('Ctrl Pts',(65.7908476372246,3.46604077818133,22.0345917836408));
#11281=CARTESIAN_POINT('Ctrl Pts',(65.7695425568485,3.22577695851268,22.1359125484278));
#11282=CARTESIAN_POINT('Ctrl Pts',(65.7464235380713,3.08454577707046,22.2384874457879));
#11283=CARTESIAN_POINT('Ctrl Pts',(65.733286488861,3.01742433895982,22.2942460656301));
#11284=CARTESIAN_POINT('Ctrl Pts',(63.0710678118655,6.75586353191015,27.0710678118655));
#11285=CARTESIAN_POINT('Ctrl Pts',(63.4524987088256,6.69312854663995,26.6896369149054));
#11286=CARTESIAN_POINT('Ctrl Pts',(64.1404194655751,6.44487761715656,25.877180653157));
#11287=CARTESIAN_POINT('Ctrl Pts',(64.8407335005477,5.90752140396971,24.7262011230503));
#11288=CARTESIAN_POINT('Ctrl Pts',(65.303305531624,5.32870314546507,23.7073213122262));
#11289=CARTESIAN_POINT('Ctrl Pts',(65.55304124903,4.84755518676867,22.9808454610228));
#11290=CARTESIAN_POINT('Ctrl Pts',(65.7001547020086,4.39825568049578,22.4413664123345));
#11291=CARTESIAN_POINT('Ctrl Pts',(65.7680234410711,4.06367809769481,22.1450977499438));
#11292=CARTESIAN_POINT('Ctrl Pts',(65.7969210713109,3.73195782221725,22.0050703466419));
#11293=CARTESIAN_POINT('Ctrl Pts',(65.7965177936694,3.45932172274745,22.0071825014089));
#11294=CARTESIAN_POINT('Ctrl Pts',(65.7746074463635,3.2114008756781,22.1127028007465));
#11295=CARTESIAN_POINT('Ctrl Pts',(65.7512434519413,3.06795622839022,22.2173496026981));
#11296=CARTESIAN_POINT('Ctrl Pts',(65.7380068664289,2.99999999999999,22.2740321610266));
#11297=CARTESIAN_POINT('',(65.3467938085316,3.0375,22.2285515178061));
#11298=CARTESIAN_POINT('',(65.7380068664289,3.,22.2740321610266));
#11299=CARTESIAN_POINT('Origin',(65.5432467291003,3.,22.2285515178061));
#11300=CARTESIAN_POINT('Ctrl Pts',(65.7380068664289,2.99999999999999,22.2740321610266));
#11301=CARTESIAN_POINT('Ctrl Pts',(65.7512434519413,3.06795622839022,22.2173496026981));
#11302=CARTESIAN_POINT('Ctrl Pts',(65.7746074463635,3.2114008756781,22.1127028007465));
#11303=CARTESIAN_POINT('Ctrl Pts',(65.7965177936694,3.45932172274745,22.0071825014089));
#11304=CARTESIAN_POINT('Ctrl Pts',(65.7969210713109,3.73195782221725,22.0050703466419));
#11305=CARTESIAN_POINT('Ctrl Pts',(65.7680234410711,4.06367809769481,22.1450977499438));
#11306=CARTESIAN_POINT('Ctrl Pts',(65.7001547020086,4.39825568049578,22.4413664123345));
#11307=CARTESIAN_POINT('Ctrl Pts',(65.55304124903,4.84755518676867,22.9808454610228));
#11308=CARTESIAN_POINT('Ctrl Pts',(65.303305531624,5.32870314546507,23.7073213122262));
#11309=CARTESIAN_POINT('Ctrl Pts',(64.8407335005477,5.90752140396971,24.7262011230503));
#11310=CARTESIAN_POINT('Ctrl Pts',(64.1404194655751,6.44487761715656,25.877180653157));
#11311=CARTESIAN_POINT('Ctrl Pts',(63.4524987088256,6.69312854663995,26.6896369149054));
#11312=CARTESIAN_POINT('Ctrl Pts',(63.0710678118655,6.75586353191015,27.0710678118655));
#11313=CARTESIAN_POINT('',(65.3999325301416,3.59992550321088,21.9701361143101));
#11314=CARTESIAN_POINT('Ctrl Pts',(62.8965435521514,6.55862206116576,26.9296464556282));
#11315=CARTESIAN_POINT('Ctrl Pts',(63.2469831887335,6.49980801247495,26.5558441766073));
#11316=CARTESIAN_POINT('Ctrl Pts',(63.8790103839971,6.26707276608427,25.7596370400939));
#11317=CARTESIAN_POINT('Ctrl Pts',(64.5224239036282,5.76330131622161,24.6316771005893));
#11318=CARTESIAN_POINT('Ctrl Pts',(64.9474119571795,5.22065919887351,23.6331748859816));
#11319=CARTESIAN_POINT('Ctrl Pts',(65.1768566475464,4.76958298759563,22.9212285518024));
#11320=CARTESIAN_POINT('Ctrl Pts',(65.3120171324704,4.3483647004648,22.3925390840878));
#11321=CARTESIAN_POINT('Ctrl Pts',(65.374371536484,4.03469821658889,22.102195794945));
#11322=CARTESIAN_POINT('Ctrl Pts',(65.3974972178895,3.76381739989042,21.9826665799456));
#11323=CARTESIAN_POINT('Ctrl Pts',(65.3999020506249,3.64022354036274,21.9702936221031));
#11324=CARTESIAN_POINT('Ctrl Pts',(65.3999040824915,3.59989409276123,21.9702898229954));
#11325=CARTESIAN_POINT('Ctrl Pts',(65.3999040824915,3.59989409276123,21.9702898229954));
#11326=CARTESIAN_POINT('Ctrl Pts',(65.3999062475276,3.55692143378213,21.9702857748925));
#11327=CARTESIAN_POINT('Ctrl Pts',(65.3973021572796,3.43060564432084,21.9837269602676));
#11328=CARTESIAN_POINT('Ctrl Pts',(65.3804205913465,3.23568832094823,22.0704487447315));
#11329=CARTESIAN_POINT('Ctrl Pts',(65.3589549214711,3.10120896411584,22.1730026106441));
#11330=CARTESIAN_POINT('Ctrl Pts',(65.3467938085316,3.0375,22.2285515178061));
#11331=CARTESIAN_POINT('Ctrl Pts',(65.3467938085316,3.0375,22.2285515178061));
#11332=CARTESIAN_POINT('Ctrl Pts',(65.2850516805806,2.71404876378393,22.5105740391473));
#11333=CARTESIAN_POINT('Ctrl Pts',(65.0302058417955,2.00764672260229,22.9609686824623));
#11334=CARTESIAN_POINT('Ctrl Pts',(64.2190503282347,1.11146391768046,23.4368064269535));
#11335=CARTESIAN_POINT('Ctrl Pts',(63.3099446524274,0.702183585611782,23.8780715100381));
#11336=CARTESIAN_POINT('Ctrl Pts',(62.8337180201657,0.628012270003429,24.3305826047662));
#11337=CARTESIAN_POINT('Ctrl Pts',(62.6900945970866,0.614058753970342,24.4950089725696));
#11338=CARTESIAN_POINT('Ctrl Pts',(65.3531567459978,3.07083380396385,22.2708165921307));
#11339=CARTESIAN_POINT('Ctrl Pts',(65.2941991875776,2.74211240459171,22.5563183829981));
#11340=CARTESIAN_POINT('Ctrl Pts',(65.0430429560275,2.02625018554364,23.0100483182734));
#11341=CARTESIAN_POINT('Ctrl Pts',(64.2328003509505,1.12229148606038,23.4880231371144));
#11342=CARTESIAN_POINT('Ctrl Pts',(63.3359792245539,0.711991464508311,23.9266415679527));
#11343=CARTESIAN_POINT('Ctrl Pts',(62.8707602726135,0.633518344706337,24.369940463103));
#11344=CARTESIAN_POINT('Ctrl Pts',(62.7291699907048,0.617855064625402,24.5317596956847));
#11345=CARTESIAN_POINT('Ctrl Pts',(65.4117565391001,3.12845649334913,22.3549941003516));
#11346=CARTESIAN_POINT('Ctrl Pts',(65.356951074302,2.78411399407922,22.6474582823431));
#11347=CARTESIAN_POINT('Ctrl Pts',(65.1087694303122,2.03893622040441,23.1078772413093));
#11348=CARTESIAN_POINT('Ctrl Pts',(64.2886878921149,1.10516909573253,23.5901458520925));
#11349=CARTESIAN_POINT('Ctrl Pts',(63.402473142466,0.684755442160242,24.0234898485823));
#11350=CARTESIAN_POINT('Ctrl Pts',(62.9513058325059,0.598115208314768,24.4483640612038));
#11351=CARTESIAN_POINT('Ctrl Pts',(62.8114507630291,0.579651747156948,24.6049636923282));
#11352=CARTESIAN_POINT('Ctrl Pts',(65.5817424314065,3.13494155044115,22.4026229791086));
#11353=CARTESIAN_POINT('Ctrl Pts',(65.5256227327167,2.7674881240135,22.6996363339121));
#11354=CARTESIAN_POINT('Ctrl Pts',(65.2663717359811,1.97405474939865,23.165016091891));
#11355=CARTESIAN_POINT('Ctrl Pts',(64.4054851277782,0.98072116200938,23.6481489932454));
#11356=CARTESIAN_POINT('Ctrl Pts',(63.4819661072735,0.53145842872716,24.0757546332471));
#11357=CARTESIAN_POINT('Ctrl Pts',(63.0168417756546,0.440050443436107,24.492743167312));
#11358=CARTESIAN_POINT('Ctrl Pts',(62.8723926612331,0.421149702885913,24.6473966154682));
#11359=CARTESIAN_POINT('Ctrl Pts',(65.7032941668957,3.06983735001275,22.3513621223828));
#11360=CARTESIAN_POINT('Ctrl Pts',(65.6411532824687,2.69533621241477,22.6450884490459));
#11361=CARTESIAN_POINT('Ctrl Pts',(65.3664277539392,1.88275170644938,23.1082191756901));
#11362=CARTESIAN_POINT('Ctrl Pts',(64.4692051989545,0.858411019249031,23.5864940495267));
#11363=CARTESIAN_POINT('Ctrl Pts',(63.4884152346393,0.391589302999156,24.0133307792739));
#11364=CARTESIAN_POINT('Ctrl Pts',(62.9907769757434,0.303030207894069,24.4450524771093));
#11365=CARTESIAN_POINT('Ctrl Pts',(62.839293801716,0.285889422778546,24.6043142926529));
#11366=CARTESIAN_POINT('Ctrl Pts',(65.733286488861,3.01742433895982,22.2942460656301));
#11367=CARTESIAN_POINT('Ctrl Pts',(65.6672897154388,2.64610098599625,22.5836075833347));
#11368=CARTESIAN_POINT('Ctrl Pts',(65.3850862584509,1.8363956727028,23.0429217269006));
#11369=CARTESIAN_POINT('Ctrl Pts',(64.4744593098228,0.810805777353547,23.517353588918));
#11370=CARTESIAN_POINT('Ctrl Pts',(63.4636915682469,0.342518223700047,23.9462637727512));
#11371=CARTESIAN_POINT('Ctrl Pts',(62.9463509472286,0.256742817511078,24.391848938486));
#11372=CARTESIAN_POINT('Ctrl Pts',(62.7910280056568,0.240531612832465,24.555238629168));
#11373=CARTESIAN_POINT('Ctrl Pts',(65.7380068664289,3.,22.2740321610266));
#11374=CARTESIAN_POINT('Ctrl Pts',(65.6708045502918,2.63034144432451,22.5618102440278));
#11375=CARTESIAN_POINT('Ctrl Pts',(65.3865403931571,1.82302482583119,23.0196925652056));
#11376=CARTESIAN_POINT('Ctrl Pts',(64.4726306201401,0.798815905920527,23.4929039383546));
#11377=CARTESIAN_POINT('Ctrl Pts',(63.4531810837226,0.331066954984896,23.922774094151));
#11378=CARTESIAN_POINT('Ctrl Pts',(62.929781076517,0.246299737146775,24.3730274536075));
#11379=CARTESIAN_POINT('Ctrl Pts',(62.7732856193856,0.230352861680389,24.5377864299654));
#11380=CARTESIAN_POINT('',(62.6900945970866,0.614058753970342,24.4950089725696));
#11381=CARTESIAN_POINT('',(62.7732856193856,0.230352861680391,24.5377864299654));
#11382=CARTESIAN_POINT('Origin',(62.7094342368924,0.414996004235031,24.4950089725696));
#11383=CARTESIAN_POINT('Ctrl Pts',(62.7732856193856,0.230352861680389,24.5377864299654));
#11384=CARTESIAN_POINT('Ctrl Pts',(62.929781076517,0.246299737146775,24.3730274536075));
#11385=CARTESIAN_POINT('Ctrl Pts',(63.4531810837226,0.331066954984896,23.922774094151));
#11386=CARTESIAN_POINT('Ctrl Pts',(64.4726306201401,0.798815905920527,23.4929039383546));
#11387=CARTESIAN_POINT('Ctrl Pts',(65.3865403931571,1.82302482583119,23.0196925652056));
#11388=CARTESIAN_POINT('Ctrl Pts',(65.6708045502918,2.63034144432451,22.5618102440278));
#11389=CARTESIAN_POINT('Ctrl Pts',(65.7380068664289,3.,22.2740321610266));
#11390=CARTESIAN_POINT('Ctrl Pts',(65.3467938085316,3.0375,22.2285515178061));
#11391=CARTESIAN_POINT('Ctrl Pts',(65.2850516805806,2.71404876378393,22.5105740391473));
#11392=CARTESIAN_POINT('Ctrl Pts',(65.0302058417955,2.00764672260229,22.9609686824623));
#11393=CARTESIAN_POINT('Ctrl Pts',(64.2190503282347,1.11146391768046,23.4368064269535));
#11394=CARTESIAN_POINT('Ctrl Pts',(63.3099446524274,0.702183585611782,23.8780715100381));
#11395=CARTESIAN_POINT('Ctrl Pts',(62.8337180201657,0.628012270003429,24.3305826047662));
#11396=CARTESIAN_POINT('Ctrl Pts',(62.6900945970866,0.614058753970342,24.4950089725696));
#11397=CARTESIAN_POINT('Ctrl Pts',(62.6900945970852,0.614058753970208,24.4950089725712));
#11398=CARTESIAN_POINT('Ctrl Pts',(62.5226871116583,0.59779453340038,24.68666437377));
#11399=CARTESIAN_POINT('Ctrl Pts',(62.2607666378676,0.596891387545414,25.2391114384355));
#11400=CARTESIAN_POINT('Ctrl Pts',(62.0323479637822,0.61860967124701,25.7996122944322));
#11401=CARTESIAN_POINT('Ctrl Pts',(61.8802289528237,0.645370064032183,26.1084488168718));
#11402=CARTESIAN_POINT('Ctrl Pts',(62.7291699907034,0.617855064625245,24.5317596956863));
#11403=CARTESIAN_POINT('Ctrl Pts',(62.5694784437354,0.600122275243401,24.7148537114591));
#11404=CARTESIAN_POINT('Ctrl Pts',(62.3086997223392,0.594543296430256,25.2585308473168));
#11405=CARTESIAN_POINT('Ctrl Pts',(62.077358570515,0.612973235195941,25.8211530569956));
#11406=CARTESIAN_POINT('Ctrl Pts',(61.9227778459167,0.637884970061554,26.1314954851839));
#11407=CARTESIAN_POINT('Ctrl Pts',(62.8114505707356,0.579652872950961,24.604963615075));
#11408=CARTESIAN_POINT('Ctrl Pts',(62.6645092323397,0.559422698550379,24.7709216942752));
#11409=CARTESIAN_POINT('Ctrl Pts',(62.4020757342386,0.547305039122073,25.2971142345692));
#11410=CARTESIAN_POINT('Ctrl Pts',(62.16221360138,0.562295265585037,25.8641054604192));
#11411=CARTESIAN_POINT('Ctrl Pts',(62.0010957594585,0.585784132767069,26.1774585547971));
#11412=CARTESIAN_POINT('Ctrl Pts',(62.8723924978007,0.421150204808063,24.647396508633));
#11413=CARTESIAN_POINT('Ctrl Pts',(62.7259488670635,0.400241822167188,24.8043672269684));
#11414=CARTESIAN_POINT('Ctrl Pts',(62.4558015289984,0.390323439666815,25.322208497481));
#11415=CARTESIAN_POINT('Ctrl Pts',(62.2065792265489,0.40978506952431,25.8938340107399));
#11416=CARTESIAN_POINT('Ctrl Pts',(62.0387448872081,0.4369152148304,26.2109984179973));
#11417=CARTESIAN_POINT('Ctrl Pts',(62.8392936642097,0.285889845142472,24.6043142027719));
#11418=CARTESIAN_POINT('Ctrl Pts',(62.6778422985007,0.266294724858387,24.7725977158339));
#11419=CARTESIAN_POINT('Ctrl Pts',(62.4024825097957,0.262706366491831,25.3033739075317));
#11420=CARTESIAN_POINT('Ctrl Pts',(62.1541760467335,0.287241499020004,25.8760027707301));
#11421=CARTESIAN_POINT('Ctrl Pts',(61.9869056045076,0.317818878999769,26.19477002411));
#11422=CARTESIAN_POINT('Ctrl Pts',(62.7910280056552,0.24053161283231,24.5552386291698));
#11423=CARTESIAN_POINT('Ctrl Pts',(62.6176579176114,0.22171377957927,24.7355369089268));
#11424=CARTESIAN_POINT('Ctrl Pts',(62.3403087830363,0.220254604836506,25.2791840101487));
#11425=CARTESIAN_POINT('Ctrl Pts',(62.0953385088959,0.24527692301584,25.8505337270935));
#11426=CARTESIAN_POINT('Ctrl Pts',(61.9305335817183,0.276018740635287,26.1690160122985));
#11427=CARTESIAN_POINT('Ctrl Pts',(62.773285619384,0.230352861680237,24.5377864299671));
#11428=CARTESIAN_POINT('Ctrl Pts',(62.5959527090323,0.211765181029006,24.7222495607752));
#11429=CARTESIAN_POINT('Ctrl Pts',(62.3179915340631,0.210733014337618,25.2703165581012));
#11430=CARTESIAN_POINT('Ctrl Pts',(62.0742442518594,0.235553909996579,25.8410872518942));
#11431=CARTESIAN_POINT('Ctrl Pts',(61.9103409179624,0.266137216036783,26.1593202520953));
#11432=CARTESIAN_POINT('',(61.8802289528237,0.645370064032183,26.1084488168718));
#11433=CARTESIAN_POINT('',(61.9103409179626,0.266137216036781,26.159320252095));
#11434=CARTESIAN_POINT('Origin',(61.8455775496786,0.448394734967662,26.1084488168718));
#11435=CARTESIAN_POINT('Ctrl Pts',(61.9103409179624,0.266137216036783,26.1593202520953));
#11436=CARTESIAN_POINT('Ctrl Pts',(62.0742442518594,0.235553909996579,25.8410872518942));
#11437=CARTESIAN_POINT('Ctrl Pts',(62.3179915340631,0.210733014337618,25.2703165581012));
#11438=CARTESIAN_POINT('Ctrl Pts',(62.5959527090323,0.211765181029006,24.7222495607752));
#11439=CARTESIAN_POINT('Ctrl Pts',(62.773285619384,0.230352861680237,24.5377864299671));
#11440=CARTESIAN_POINT('Ctrl Pts',(62.6900945970852,0.614058753970208,24.4950089725712));
#11441=CARTESIAN_POINT('Ctrl Pts',(62.5226871116583,0.59779453340038,24.68666437377));
#11442=CARTESIAN_POINT('Ctrl Pts',(62.2607666378676,0.596891387545414,25.2391114384355));
#11443=CARTESIAN_POINT('Ctrl Pts',(62.0323479637822,0.61860967124701,25.7996122944322));
#11444=CARTESIAN_POINT('Ctrl Pts',(61.8802289528237,0.645370064032183,26.1084488168718));
#11445=CARTESIAN_POINT('Ctrl Pts',(61.8802289528238,0.645370064032167,26.1084488168716));
#11446=CARTESIAN_POINT('Ctrl Pts',(61.5703532591315,0.699882614603787,26.7375676300001));
#11447=CARTESIAN_POINT('Ctrl Pts',(61.1585590379952,0.831124606865436,27.507788996764));
#11448=CARTESIAN_POINT('Ctrl Pts',(60.6417839499361,1.16217644323067,28.3556846957907));
#11449=CARTESIAN_POINT('Ctrl Pts',(60.3922702495766,1.36314457017725,28.7670298040853));
#11450=CARTESIAN_POINT('Ctrl Pts',(60.2378927114883,1.51791805037839,29.0373157235573));
#11451=CARTESIAN_POINT('Ctrl Pts',(60.1717013462858,1.59134743923804,29.1810405321036));
#11452=CARTESIAN_POINT('Ctrl Pts',(61.9227778459168,0.637884970061539,26.1314954851837));
#11453=CARTESIAN_POINT('Ctrl Pts',(61.6096068684845,0.688325257103486,26.7600470103751));
#11454=CARTESIAN_POINT('Ctrl Pts',(61.190775211476,0.815870091174575,27.5317771020299));
#11455=CARTESIAN_POINT('Ctrl Pts',(60.6650694300716,1.14526571496252,28.3787440028548));
#11456=CARTESIAN_POINT('Ctrl Pts',(60.4111512192228,1.3460503245647,28.7889410199981));
#11457=CARTESIAN_POINT('Ctrl Pts',(60.2542533202056,1.50091380700945,29.056986425736));
#11458=CARTESIAN_POINT('Ctrl Pts',(60.1871384258273,1.57422231554489,29.1979564796255));
#11459=CARTESIAN_POINT('Ctrl Pts',(62.001095697854,0.585783425387214,26.1774585878104));
#11460=CARTESIAN_POINT('Ctrl Pts',(61.6780976685155,0.632995643751223,26.8048696499028));
#11461=CARTESIAN_POINT('Ctrl Pts',(61.242821199783,0.759996714370587,27.5797130459357));
#11462=CARTESIAN_POINT('Ctrl Pts',(60.6992394503264,1.09464465942041,28.4248244111589));
#11463=CARTESIAN_POINT('Ctrl Pts',(60.4372486340834,1.29918205202929,28.8327368188843));
#11464=CARTESIAN_POINT('Ctrl Pts',(60.2766071312002,1.45702558744273,29.0963160078464));
#11465=CARTESIAN_POINT('Ctrl Pts',(60.2087375716021,1.53163350803337,29.2317762743658));
#11466=CARTESIAN_POINT('Ctrl Pts',(62.038744918337,0.436914893493388,26.2109984640516));
#11467=CARTESIAN_POINT('Ctrl Pts',(61.7051482006783,0.491843561294296,26.8411270569807));
#11468=CARTESIAN_POINT('Ctrl Pts',(61.2555054252852,0.632963038666535,27.6236371995754));
#11469=CARTESIAN_POINT('Ctrl Pts',(60.6988011738132,0.990737983417532,28.4736535918072));
#11470=CARTESIAN_POINT('Ctrl Pts',(60.4322916808244,1.20804537240915,28.8823619156573));
#11471=CARTESIAN_POINT('Ctrl Pts',(60.2723057828894,1.37519085379058,29.1433402589464));
#11472=CARTESIAN_POINT('Ctrl Pts',(60.2075636258953,1.45431467502865,29.2733354708516));
#11473=CARTESIAN_POINT('Ctrl Pts',(61.9869056296468,0.317818608437153,26.1947700623247));
#11474=CARTESIAN_POINT('Ctrl Pts',(61.6540199100087,0.380134576444911,26.8311040701349));
#11475=CARTESIAN_POINT('Ctrl Pts',(61.2078234629294,0.531294172434468,27.6222605608188));
#11476=CARTESIAN_POINT('Ctrl Pts',(60.6552883459991,0.906349440744625,28.4853189592237));
#11477=CARTESIAN_POINT('Ctrl Pts',(60.3923008397978,1.13330152549595,28.9000647057124));
#11478=CARTESIAN_POINT('Ctrl Pts',(60.2377764783036,1.30765584376425,29.1645228899539));
#11479=CARTESIAN_POINT('Ctrl Pts',(60.1787060352985,1.39036026505671,29.294012095478));
#11480=CARTESIAN_POINT('Ctrl Pts',(61.9305335817184,0.276018740635266,26.1690160122983));
#11481=CARTESIAN_POINT('Ctrl Pts',(61.6010709485992,0.338667450163467,26.809057716548));
#11482=CARTESIAN_POINT('Ctrl Pts',(61.1613406633202,0.489602556101399,27.6043146798641));
#11483=CARTESIAN_POINT('Ctrl Pts',(60.6156294528311,0.867819556544624,28.4777112245408));
#11484=CARTESIAN_POINT('Ctrl Pts',(60.3566292724313,1.09716714989848,28.8980737829575));
#11485=CARTESIAN_POINT('Ctrl Pts',(60.2063155068944,1.27366380724867,29.1671879911429));
#11486=CARTESIAN_POINT('Ctrl Pts',(60.1512311273824,1.35739902407091,29.298477830602));
#11487=CARTESIAN_POINT('Ctrl Pts',(61.9103409179625,0.266137216036762,26.1593202520951));
#11488=CARTESIAN_POINT('Ctrl Pts',(61.5820738809043,0.328437273832898,26.800433144553));
#11489=CARTESIAN_POINT('Ctrl Pts',(61.1447083218561,0.478428122131932,27.5968181559609));
#11490=CARTESIAN_POINT('Ctrl Pts',(60.601437616073,0.856773077977912,28.4737051202413));
#11491=CARTESIAN_POINT('Ctrl Pts',(60.3438350608332,1.08645093734544,28.896066609101));
#11492=CARTESIAN_POINT('Ctrl Pts',(60.1949314564947,1.26333491471817,29.1669631364025));
#11493=CARTESIAN_POINT('Ctrl Pts',(60.1411728776405,1.34725421627205,29.2990653070392));
#11494=CARTESIAN_POINT('',(60.1717013462858,1.59134743923804,29.1810405321036));
#11495=CARTESIAN_POINT('',(60.1411728776405,1.34725421627205,29.2990653070392));
#11496=CARTESIAN_POINT('Origin',(60.0231481027049,1.45743726852058,29.1810405321036));
#11497=CARTESIAN_POINT('Ctrl Pts',(60.1411728776405,1.34725421627205,29.2990653070392));
#11498=CARTESIAN_POINT('Ctrl Pts',(60.1949314564947,1.26333491471817,29.1669631364025));
#11499=CARTESIAN_POINT('Ctrl Pts',(60.3438350608332,1.08645093734544,28.896066609101));
#11500=CARTESIAN_POINT('Ctrl Pts',(60.601437616073,0.856773077977912,28.4737051202413));
#11501=CARTESIAN_POINT('Ctrl Pts',(61.1447083218561,0.478428122131932,27.5968181559609));
#11502=CARTESIAN_POINT('Ctrl Pts',(61.5820738809043,0.328437273832898,26.800433144553));
#11503=CARTESIAN_POINT('Ctrl Pts',(61.9103409179625,0.266137216036762,26.1593202520951));
#11504=CARTESIAN_POINT('Ctrl Pts',(61.8802289528238,0.645370064032167,26.1084488168716));
#11505=CARTESIAN_POINT('Ctrl Pts',(61.5703532591315,0.699882614603787,26.7375676300001));
#11506=CARTESIAN_POINT('Ctrl Pts',(61.1585590379952,0.831124606865436,27.507788996764));
#11507=CARTESIAN_POINT('Ctrl Pts',(60.6417839499361,1.16217644323067,28.3556846957907));
#11508=CARTESIAN_POINT('Ctrl Pts',(60.3922702495766,1.36314457017725,28.7670298040853));
#11509=CARTESIAN_POINT('Ctrl Pts',(60.2378927114883,1.51791805037839,29.0373157235573));
#11510=CARTESIAN_POINT('Ctrl Pts',(60.1717013462858,1.59134743923804,29.1810405321036));
#11511=CARTESIAN_POINT('Ctrl Pts',(60.1717013462858,1.59134743923805,29.1810405321036));
#11512=CARTESIAN_POINT('Ctrl Pts',(60.1281227986545,1.63969129965208,29.2756649350885));
#11513=CARTESIAN_POINT('Ctrl Pts',(60.085021406585,1.69065326672447,29.368941885993));
#11514=CARTESIAN_POINT('Ctrl Pts',(60.0424849923805,1.74470406973744,29.4604532085239));
#11515=CARTESIAN_POINT('Ctrl Pts',(60.2025755053688,1.55709719185174,29.2148724271473));
#11516=CARTESIAN_POINT('Ctrl Pts',(60.1571775914591,1.60588487173071,29.3092453946237));
#11517=CARTESIAN_POINT('Ctrl Pts',(60.1123894330404,1.65748096081622,29.4023153708057));
#11518=CARTESIAN_POINT('Ctrl Pts',(60.0680495138238,1.71221936366866,29.4935944338129));
#11519=CARTESIAN_POINT('Ctrl Pts',(60.2221963891142,1.46713750614224,29.2735357789992));
#11520=CARTESIAN_POINT('Ctrl Pts',(60.1748982132291,1.51902184352301,29.3675633653543));
#11521=CARTESIAN_POINT('Ctrl Pts',(60.1280909227788,1.57370233557992,29.4602516978605));
#11522=CARTESIAN_POINT('Ctrl Pts',(60.0819399589328,1.6317170208964,29.5511997324649));
#11523=CARTESIAN_POINT('Ctrl Pts',(60.1713476268661,1.37768863966862,29.2973028777276));
#11524=CARTESIAN_POINT('Ctrl Pts',(60.1256098008567,1.43240567725409,29.3927346390722));
#11525=CARTESIAN_POINT('Ctrl Pts',(60.0803642721485,1.4899916623061,29.4868161366549));
#11526=CARTESIAN_POINT('Ctrl Pts',(60.0356880620758,1.5510583627946,29.5790843739918));
#11527=CARTESIAN_POINT('Ctrl Pts',(60.1411728776405,1.34725421627206,29.2990653070392));
#11528=CARTESIAN_POINT('Ctrl Pts',(60.0964084013162,1.40250434245952,29.39540901784));
#11529=CARTESIAN_POINT('Ctrl Pts',(60.0521229449908,1.46074659054225,29.4903753306265));
#11530=CARTESIAN_POINT('Ctrl Pts',(60.0083985965315,1.52251893684279,29.5835344798495));
#11531=CARTESIAN_POINT('Ctrl Pts',(60.0083985965315,1.52251893684279,29.5835344798495));
#11532=CARTESIAN_POINT('Ctrl Pts',(60.0521229449908,1.46074659054225,29.4903753306265));
#11533=CARTESIAN_POINT('Ctrl Pts',(60.0964084013162,1.40250434245952,29.39540901784));
#11534=CARTESIAN_POINT('Ctrl Pts',(60.1411728776405,1.34725421627206,29.2990653070392));
#11535=CARTESIAN_POINT('Ctrl Pts',(60.1717013462858,1.59134743923805,29.1810405321036));
#11536=CARTESIAN_POINT('Ctrl Pts',(60.1339244157891,1.63325527587022,29.2630675772702));
#11537=CARTESIAN_POINT('Ctrl Pts',(60.0965060502307,1.67713052381893,29.3440820615225));
#11538=CARTESIAN_POINT('Ctrl Pts',(60.0595034589016,1.72327982601688,29.4238115760478));
#11539=CARTESIAN_POINT('Origin',(56.,3.,20.));
#11540=CARTESIAN_POINT('',(61.8155148819866,0.,23.8961245690292));
#11541=CARTESIAN_POINT('Origin',(61.8155148819866,3.,23.8961245690292));
#11542=CARTESIAN_POINT('',(63.,0.,20.));
#11543=CARTESIAN_POINT('Origin',(56.,0.,20.));
#11544=CARTESIAN_POINT('',(66.,3.,20.));
#11545=CARTESIAN_POINT('Origin',(63.,3.,20.));
#11546=CARTESIAN_POINT('Origin',(56.,3.,20.));
#11547=CARTESIAN_POINT('Ctrl Pts',(63.2036853292706,0.508401145455469,24.826134223452));
#11548=CARTESIAN_POINT('Ctrl Pts',(63.0926528370413,0.484390118690146,24.9275376628331));
#11549=CARTESIAN_POINT('Ctrl Pts',(62.7648269213984,0.396992024992201,25.2385384122399));
#11550=CARTESIAN_POINT('Ctrl Pts',(62.2848659685654,0.298177932624267,25.797312728761));
#11551=CARTESIAN_POINT('Ctrl Pts',(61.910340917963,0.266137216036831,26.1593202520947));
#11552=CARTESIAN_POINT('Ctrl Pts',(62.7960819040882,0.179381194015319,24.5530588807683));
#11553=CARTESIAN_POINT('Ctrl Pts',(62.6743141097483,0.170520140103455,24.6833557430016));
#11554=CARTESIAN_POINT('Ctrl Pts',(62.3518098202643,0.138178493198606,25.048252340805));
#11555=CARTESIAN_POINT('Ctrl Pts',(61.92993628053,0.102645298200644,25.5921828123488));
#11556=CARTESIAN_POINT('Ctrl Pts',(61.6062026915637,0.0913834618643522,
25.9204205701718));
#11557=CARTESIAN_POINT('Ctrl Pts',(62.3062882154696,-3.27263565176318E-15,
24.2249198831532));
#11558=CARTESIAN_POINT('Ctrl Pts',(62.1762810394337,0.0001002913022001,
24.3930979599527));
#11559=CARTESIAN_POINT('Ctrl Pts',(61.8780185188125,0.000176302173617152,
24.8303499543748));
#11560=CARTESIAN_POINT('Ctrl Pts',(61.5367658446696,-6.89409627408672E-5,
25.3641611774445));
#11561=CARTESIAN_POINT('Ctrl Pts',(61.272635995186,-5.55111512312578E-15,
25.658404911673));
#11562=CARTESIAN_POINT('Ctrl Pts',(61.8155148819866,-3.33066907387547E-15,
23.8961245690292));
#11563=CARTESIAN_POINT('Ctrl Pts',(61.6773579699566,-3.46471676439157E-15,
24.1023432264979));
#11564=CARTESIAN_POINT('Ctrl Pts',(61.4037386740068,-2.37970458552153E-15,
24.6122511051177));
#11565=CARTESIAN_POINT('Ctrl Pts',(61.1433301512484,-6.97494629605328E-15,
25.1359807118136));
#11566=CARTESIAN_POINT('Ctrl Pts',(60.9388903937058,-5.55111512312578E-15,
25.3962487237426));
#11567=CARTESIAN_POINT('',(60.9388903937058,0.,25.3962487237426));
#11568=CARTESIAN_POINT('Origin',(60.9388903937058,3.,25.3962487237426));
#11569=CARTESIAN_POINT('Ctrl Pts',(60.9388903937058,-5.55111512312578E-15,
25.3962487237426));
#11570=CARTESIAN_POINT('Ctrl Pts',(61.1433301512484,-6.97494629605328E-15,
25.1359807118136));
#11571=CARTESIAN_POINT('Ctrl Pts',(61.4037386740068,-2.37970458552153E-15,
24.6122511051177));
#11572=CARTESIAN_POINT('Ctrl Pts',(61.6773579699566,-3.46471676439157E-15,
24.1023432264979));
#11573=CARTESIAN_POINT('Ctrl Pts',(61.8155148819866,-3.33066907387547E-15,
23.8961245690292));
#11574=CARTESIAN_POINT('Ctrl Pts',(62.4760864740534,0.72424489035487,26.6037117217214));
#11575=CARTESIAN_POINT('Ctrl Pts',(62.0113751945422,0.644410051827853,27.0448580065715));
#11576=CARTESIAN_POINT('Ctrl Pts',(61.1917033153832,0.657314656044479,27.8563762918465));
#11577=CARTESIAN_POINT('Ctrl Pts',(60.497861579597,0.971832196584411,28.6720071580132));
#11578=CARTESIAN_POINT('Ctrl Pts',(60.2957486043821,1.15384489510734,28.9917544986945));
#11579=CARTESIAN_POINT('Ctrl Pts',(60.1993287652871,1.25807198604335,29.1621223537068));
#11580=CARTESIAN_POINT('Ctrl Pts',(60.1614552723393,1.31722507788853,29.2507776968118));
#11581=CARTESIAN_POINT('Ctrl Pts',(60.141713415488,1.34841281495651,29.2996058448868));
#11582=CARTESIAN_POINT('Ctrl Pts',(62.0527386341193,0.261850431110944,26.2711732391362));
#11583=CARTESIAN_POINT('Ctrl Pts',(61.6237497521591,0.23107088728436,26.6860057244598));
#11584=CARTESIAN_POINT('Ctrl Pts',(60.8728112899509,0.237844995211826,27.4197425801882));
#11585=CARTESIAN_POINT('Ctrl Pts',(60.1944373465998,0.362142270215154,28.1933893045623));
#11586=CARTESIAN_POINT('Ctrl Pts',(59.9693375395915,0.439037996019423,28.5364061222985));
#11587=CARTESIAN_POINT('Ctrl Pts',(59.8510287049765,0.4832740844182,28.7315172750455));
#11588=CARTESIAN_POINT('Ctrl Pts',(59.7912846105512,0.510086624401705,28.8466549248174));
#11589=CARTESIAN_POINT('Ctrl Pts',(59.7571804270255,0.523782844368554,28.9150728564243));
#11590=CARTESIAN_POINT('Ctrl Pts',(61.4969660471096,-6.72402579885942E-15,
25.8346155073774));
#11591=CARTESIAN_POINT('Ctrl Pts',(61.1342401456262,0.000488412633756643,
26.2299689071205));
#11592=CARTESIAN_POINT('Ctrl Pts',(60.4663175272049,0.00360471020702832,
26.8738956223169));
#11593=CARTESIAN_POINT('Ctrl Pts',(59.7553052828381,0.00215553705610222,
27.4959542747921));
#11594=CARTESIAN_POINT('Ctrl Pts',(59.4474066974881,0.00115618965848791,
27.8054023998424));
#11595=CARTESIAN_POINT('Ctrl Pts',(59.2613649111302,-8.27226951490985E-6,
27.9995272067586));
#11596=CARTESIAN_POINT('Ctrl Pts',(59.1422535333356,0.000371928640283415,
28.1362896046705));
#11597=CARTESIAN_POINT('Ctrl Pts',(59.0692802535856,3.28148662485238E-15,
28.2271726829843));
#11598=CARTESIAN_POINT('Ctrl Pts',(60.9388903937058,-7.21644966006352E-15,
25.3962487237426));
#11599=CARTESIAN_POINT('Ctrl Pts',(60.643343188406,-6.76253877936194E-15,
25.772503736364));
#11600=CARTESIAN_POINT('Ctrl Pts',(60.0592667895327,-5.78330832095488E-15,
26.3273931454218));
#11601=CARTESIAN_POINT('Ctrl Pts',(59.313755033317,-8.21744343940651E-15,
26.7939032667872));
#11602=CARTESIAN_POINT('Ctrl Pts',(58.9202686238495,-4.86490176790522E-15,
27.0665476174985));
#11603=CARTESIAN_POINT('Ctrl Pts',(58.664160434334,-7.89850115710273E-15,
27.2577905842747));
#11604=CARTESIAN_POINT('Ctrl Pts',(58.4839368258167,3.31761175624525E-15,
27.415558110795));
#11605=CARTESIAN_POINT('Ctrl Pts',(58.3708012536065,3.33066907387547E-15,
27.5286936830052));
#11606=CARTESIAN_POINT('',(59.6471807134586,0.603813248318208,28.8050731428573));
#11607=CARTESIAN_POINT('Origin',(58.3708012536065,3.,27.5286936830052));
#11608=CARTESIAN_POINT('',(59.0175883869098,0.,27.0000000000005));
#11609=CARTESIAN_POINT('Ctrl Pts',(59.0175883869111,-2.77555756156289E-15,
27.));
#11610=CARTESIAN_POINT('Ctrl Pts',(59.0187880113598,-2.74416835607381E-15,
27.0038265633482));
#11611=CARTESIAN_POINT('Ctrl Pts',(59.0199880383491,7.32129361210865E-6,
27.0076529972635));
#11612=CARTESIAN_POINT('Ctrl Pts',(59.0918685975183,0.000884017535387591,
27.2367674816631));
#11613=CARTESIAN_POINT('Ctrl Pts',(59.1637261030277,0.0271187629691584,
27.4609096407797));
#11614=CARTESIAN_POINT('Ctrl Pts',(59.3722392526137,0.172937532339533,28.0877729187836));
#11615=CARTESIAN_POINT('Ctrl Pts',(59.5088298369396,0.352201021034653,28.4710645803989));
#11616=CARTESIAN_POINT('Ctrl Pts',(59.6471807134586,0.603813248318229,28.8050731428573));
#11617=CARTESIAN_POINT('Ctrl Pts',(59.0174679519724,-5.75871279889253E-15,
26.999532258092));
#11618=CARTESIAN_POINT('Ctrl Pts',(59.0506534525571,-5.93692610588844E-15,
26.9764261692614));
#11619=CARTESIAN_POINT('Ctrl Pts',(59.3471851485619,-8.10829235378893E-15,
26.7729840968477));
#11620=CARTESIAN_POINT('Ctrl Pts',(60.0592667895327,-5.78330832095488E-15,
26.3273931454218));
#11621=CARTESIAN_POINT('Ctrl Pts',(60.643343188406,-6.76253877936194E-15,
25.772503736364));
#11622=CARTESIAN_POINT('Ctrl Pts',(60.9388903937058,-7.21644966006352E-15,
25.3962487237426));
#11623=CARTESIAN_POINT('Origin',(53.4852813742386,3.,32.4142135623731));
#11624=CARTESIAN_POINT('Origin',(58.8994949366116,3.,27.));
#11625=CARTESIAN_POINT('Origin',(62.4,3.59999999999999,30.));
#11626=CARTESIAN_POINT('',(65.4,3.59999999999999,19.5));
#11627=CARTESIAN_POINT('',(65.4,3.59999999999999,30.));
#11628=CARTESIAN_POINT('Origin',(62.4,3.59999999999999,19.5));
#11629=CARTESIAN_POINT('Ctrl Pts',(5.95751500761948,1.74470406973742,29.4604532085239));
#11630=CARTESIAN_POINT('Ctrl Pts',(5.91497859341501,1.69065326672446,29.368941885993));
#11631=CARTESIAN_POINT('Ctrl Pts',(5.87187720134554,1.63969129965208,29.2756649350885));
#11632=CARTESIAN_POINT('Ctrl Pts',(5.8282986537142,1.59134743923806,29.1810405321036));
#11633=CARTESIAN_POINT('Ctrl Pts',(5.93195048617618,1.71221936366864,29.4935944338129));
#11634=CARTESIAN_POINT('Ctrl Pts',(5.88761056695959,1.65748096081621,29.4023153708057));
#11635=CARTESIAN_POINT('Ctrl Pts',(5.84282240854091,1.60588487173071,29.3092453946238));
#11636=CARTESIAN_POINT('Ctrl Pts',(5.79742449463118,1.55709719185175,29.2148724271474));
#11637=CARTESIAN_POINT('Ctrl Pts',(5.91803974516722,1.63171731845426,29.551209607895));
#11638=CARTESIAN_POINT('Ctrl Pts',(5.87188878132124,1.5737026331378,29.4602615732906));
#11639=CARTESIAN_POINT('Ctrl Pts',(5.82507461331003,1.51902196001783,29.3675766507013));
#11640=CARTESIAN_POINT('Ctrl Pts',(5.77777643742493,1.46713762263706,29.2735490643462));
#11641=CARTESIAN_POINT('Ctrl Pts',(5.96431193792423,1.55105836279458,29.5790843739918));
#11642=CARTESIAN_POINT('Ctrl Pts',(5.9196357278515,1.48999166230609,29.4868161366549));
#11643=CARTESIAN_POINT('Ctrl Pts',(5.87439019914327,1.4324056772541,29.3927346390722));
#11644=CARTESIAN_POINT('Ctrl Pts',(5.8286523731339,1.37768863966864,29.2973028777277));
#11645=CARTESIAN_POINT('Ctrl Pts',(5.99160140346847,1.52251893684276,29.5835344798495));
#11646=CARTESIAN_POINT('Ctrl Pts',(5.94787705500915,1.46074659054224,29.4903753306265));
#11647=CARTESIAN_POINT('Ctrl Pts',(5.90359159868375,1.40250434245952,29.39540901784));
#11648=CARTESIAN_POINT('Ctrl Pts',(5.85882712235954,1.34725421627207,29.2990653070392));
#11649=CARTESIAN_POINT('',(5.94045765682318,1.72333256755282,29.4237747768984));
#11650=CARTESIAN_POINT('',(5.8282986537142,1.59134743923806,29.1810405321036));
#11651=CARTESIAN_POINT('Ctrl Pts',(5.94049654109837,1.72327982601686,29.4238115760478));
#11652=CARTESIAN_POINT('Ctrl Pts',(5.90349394976932,1.67713052381892,29.3440820615225));
#11653=CARTESIAN_POINT('Ctrl Pts',(5.86607558421086,1.63325527587022,29.2630675772702));
#11654=CARTESIAN_POINT('Ctrl Pts',(5.8282986537142,1.59134743923806,29.1810405321036));
#11655=CARTESIAN_POINT('',(5.85882712235954,1.34725421627207,29.2990653070392));
#11656=CARTESIAN_POINT('Origin',(5.97685189729514,1.4574372685206,29.1810405321036));
#11657=CARTESIAN_POINT('',(5.99160140346847,1.52251893684277,29.5835344798495));
#11658=CARTESIAN_POINT('Ctrl Pts',(5.85882712235954,1.34725421627207,29.2990653070392));
#11659=CARTESIAN_POINT('Ctrl Pts',(5.90359159868375,1.40250434245952,29.39540901784));
#11660=CARTESIAN_POINT('Ctrl Pts',(5.94787705500915,1.46074659054224,29.4903753306265));
#11661=CARTESIAN_POINT('Ctrl Pts',(5.99160140346847,1.52251893684276,29.5835344798495));
#11662=CARTESIAN_POINT('Ctrl Pts',(5.94049670387199,1.72328002902669,29.4238119267763));
#11663=CARTESIAN_POINT('Ctrl Pts',(5.9402670175307,1.72299377100275,29.4242839865548));
#11664=CARTESIAN_POINT('Ctrl Pts',(5.9400394323119,1.72270587061242,29.4247560159256));
#11665=CARTESIAN_POINT('Ctrl Pts',(5.93981394692245,1.72241634013559,29.4252280026384));
#11666=CARTESIAN_POINT('Ctrl Pts',(5.93463997797753,1.71577279795578,29.436058170393));
#11667=CARTESIAN_POINT('Ctrl Pts',(5.9305838993711,1.70829416667517,29.4468320260515));
#11668=CARTESIAN_POINT('Ctrl Pts',(5.92763260792512,1.70012732442975,29.4574030484914));
#11669=CARTESIAN_POINT('Ctrl Pts',(5.92596849154674,1.69552236548584,29.4633636294439));
#11670=CARTESIAN_POINT('Ctrl Pts',(5.92465637691268,1.69069793413516,29.4692596962792));
#11671=CARTESIAN_POINT('Ctrl Pts',(5.92370009927737,1.68567682085287,29.4750635841541));
#11672=CARTESIAN_POINT('Ctrl Pts',(5.922020695466,1.67685879931573,29.4852563054498));
#11673=CARTESIAN_POINT('Ctrl Pts',(5.92144710038845,1.6674924842098,29.4950992656114));
#11674=CARTESIAN_POINT('Ctrl Pts',(5.92199346191663,1.65771101528647,29.5044469646936));
#11675=CARTESIAN_POINT('Ctrl Pts',(5.92230943547067,1.65205416475814,29.5098529560541));
#11676=CARTESIAN_POINT('Ctrl Pts',(5.92300080693142,1.64625807949676,29.515093069056));
#11677=CARTESIAN_POINT('Ctrl Pts',(5.92407753026694,1.64034722931355,29.520135848908));
#11678=CARTESIAN_POINT('Ctrl Pts',(5.92563218714697,1.63181268417921,29.5274170065953));
#11679=CARTESIAN_POINT('Ctrl Pts',(5.92797810136614,1.62309987154498,29.5342352427056));
#11680=CARTESIAN_POINT('Ctrl Pts',(5.93113222214868,1.61428956585417,29.5405062818311));
#11681=CARTESIAN_POINT('Ctrl Pts',(5.93484983119576,1.60390528623967,29.5478976512157));
#11682=CARTESIAN_POINT('Ctrl Pts',(5.93968966097187,1.59338430539903,29.5545299293695));
#11683=CARTESIAN_POINT('Ctrl Pts',(5.94555886983929,1.58287707064256,29.560311580614));
#11684=CARTESIAN_POINT('Ctrl Pts',(5.94611147223685,1.58188778516143,29.560855939217));
#11685=CARTESIAN_POINT('Ctrl Pts',(5.9466732277411,1.58089863408866,29.5613927342408));
#11686=CARTESIAN_POINT('Ctrl Pts',(5.94724407558734,1.57990975220828,29.561921874461));
#11687=CARTESIAN_POINT('Ctrl Pts',(5.95327156210525,1.56946831454477,29.5675089771622));
#11688=CARTESIAN_POINT('Ctrl Pts',(5.96024594557595,1.55916593461171,29.5721863068344));
#11689=CARTESIAN_POINT('Ctrl Pts',(5.9680578478579,1.54915963140514,29.5758878604903));
#11690=CARTESIAN_POINT('Ctrl Pts',(5.97522013791049,1.53998541962768,29.5792816050575));
#11691=CARTESIAN_POINT('Ctrl Pts',(5.98308745241478,1.53105924011826,29.5818551111967));
#11692=CARTESIAN_POINT('Ctrl Pts',(5.99160140346847,1.52251893684276,29.5835344798495));
#11693=CARTESIAN_POINT('Ctrl Pts',(5.82829865371419,1.59134743923806,29.1810405321036));
#11694=CARTESIAN_POINT('Ctrl Pts',(5.76210889212569,1.51791982934749,29.0373192055691));
#11695=CARTESIAN_POINT('Ctrl Pts',(5.60764618868078,1.36309356972441,28.7670161441175));
#11696=CARTESIAN_POINT('Ctrl Pts',(5.35819247165256,1.16216617278774,28.3557719584649));
#11697=CARTESIAN_POINT('Ctrl Pts',(4.84120634380383,0.831016854495416,27.5077004549));
#11698=CARTESIAN_POINT('Ctrl Pts',(4.42963923353018,0.699881293931786,26.7375523883795));
#11699=CARTESIAN_POINT('Ctrl Pts',(4.11977104717646,0.645370064032198,26.108448816872));
#11700=CARTESIAN_POINT('Ctrl Pts',(5.81286157417268,1.5742223155449,29.1979564796255));
#11701=CARTESIAN_POINT('Ctrl Pts',(5.74574830578262,1.50091558304998,29.0569898410085));
#11702=CARTESIAN_POINT('Ctrl Pts',(5.58876672137158,1.34599961212835,28.7889273806637));
#11703=CARTESIAN_POINT('Ctrl Pts',(5.33490966139942,1.14525541672883,28.3788309689055));
#11704=CARTESIAN_POINT('Ctrl Pts',(4.80899327292978,0.815763016441294,27.5316909480228));
#11705=CARTESIAN_POINT('Ctrl Pts',(4.39038554434258,0.688324035089949,26.7600317824982));
#11706=CARTESIAN_POINT('Ctrl Pts',(4.07722215408344,0.637884970061567,26.1314954851841));
#11707=CARTESIAN_POINT('Ctrl Pts',(5.7912598256396,1.53163609630917,29.2317761424442));
#11708=CARTESIAN_POINT('Ctrl Pts',(5.72339191031294,1.45702998323982,29.096319157712));
#11709=CARTESIAN_POINT('Ctrl Pts',(5.56266558965823,1.29913726729935,28.8327223928983));
#11710=CARTESIAN_POINT('Ctrl Pts',(5.3007377007181,1.09464423919289,28.4249096713506));
#11711=CARTESIAN_POINT('Ctrl Pts',(4.75694126831279,0.759900685169503,27.5796299014423));
#11712=CARTESIAN_POINT('Ctrl Pts',(4.32189116664308,0.63302964971705,26.8048529555088));
#11713=CARTESIAN_POINT('Ctrl Pts',(3.99890096255706,0.585818575160392,26.1774570936638));
#11714=CARTESIAN_POINT('Ctrl Pts',(5.79243560761389,1.45431579564905,29.2733352366901));
#11715=CARTESIAN_POINT('Ctrl Pts',(5.72769501912381,1.3751938913387,29.1433431741705));
#11716=CARTESIAN_POINT('Ctrl Pts',(5.56762491761011,1.20799380912397,28.8823413737416));
#11717=CARTESIAN_POINT('Ctrl Pts',(5.30117997379399,0.990731680487845,28.4737327511521));
#11718=CARTESIAN_POINT('Ctrl Pts',(4.7442564476888,0.63285347825365,27.6235454344195));
#11719=CARTESIAN_POINT('Ctrl Pts',(4.29484550012502,0.491857466920785,26.8411094459794));
#11720=CARTESIAN_POINT('Ctrl Pts',(3.96125686449254,0.436930129873151,26.2109961191352));
#11721=CARTESIAN_POINT('Ctrl Pts',(5.82129327886115,1.39036121773964,29.294011913217));
#11722=CARTESIAN_POINT('Ctrl Pts',(5.76222426695189,1.30765880012188,29.1645258448196));
#11723=CARTESIAN_POINT('Ctrl Pts',(5.60761311476922,1.13324654330214,28.9000306059895));
#11724=CARTESIAN_POINT('Ctrl Pts',(5.34468943237824,0.906341725877221,28.4853856636976));
#11725=CARTESIAN_POINT('Ctrl Pts',(4.79192906214352,0.531177320967815,27.6221403666402));
#11726=CARTESIAN_POINT('Ctrl Pts',(4.34597344057868,0.380145989161665,26.8310867157134));
#11727=CARTESIAN_POINT('Ctrl Pts',(4.01309578574151,0.317831530878829,26.1947681243262));
#11728=CARTESIAN_POINT('Ctrl Pts',(5.84876887261766,1.35739902407092,29.298477830602));
#11729=CARTESIAN_POINT('Ctrl Pts',(5.79368582763129,1.27366583589639,29.1671911718934));
#11730=CARTESIAN_POINT('Ctrl Pts',(5.64328318900388,1.09710912107754,28.8980310137325));
#11731=CARTESIAN_POINT('Ctrl Pts',(5.38434568758738,0.86780797970552,28.4777707323777));
#11732=CARTESIAN_POINT('Ctrl Pts',(4.83840633708744,0.489479787111777,27.6041755850948));
#11733=CARTESIAN_POINT('Ctrl Pts',(4.39892106953105,0.338665932377274,26.8090422102993));
#11734=CARTESIAN_POINT('Ctrl Pts',(4.06946641828181,0.276018740635301,26.1690160122987));
#11735=CARTESIAN_POINT('Ctrl Pts',(5.85882712235954,1.34725421627206,29.2990653070392));
#11736=CARTESIAN_POINT('Ctrl Pts',(5.80506984591093,1.2633369478257,29.1669663368333));
#11737=CARTESIAN_POINT('Ctrl Pts',(5.65607644975921,1.08639265111362,28.8960197812344));
#11738=CARTESIAN_POINT('Ctrl Pts',(5.39853626921391,0.856761340328845,28.4737608577868));
#11739=CARTESIAN_POINT('Ctrl Pts',(4.85503635920225,0.478304976566188,27.5966702718543));
#11740=CARTESIAN_POINT('Ctrl Pts',(4.41791816619155,0.328435764493468,26.8004176123526));
#11741=CARTESIAN_POINT('Ctrl Pts',(4.08965908203776,0.266137216036797,26.1593202520955));
#11742=CARTESIAN_POINT('',(4.11977104717646,0.645370064032198,26.108448816872));
#11743=CARTESIAN_POINT('',(4.08965908203742,0.266137216036798,26.1593202520951));
#11744=CARTESIAN_POINT('Origin',(4.15442245032156,0.448394734967678,26.108448816872));
#11745=CARTESIAN_POINT('Ctrl Pts',(4.08965908203776,0.266137216036797,26.1593202520955));
#11746=CARTESIAN_POINT('Ctrl Pts',(4.41791816619155,0.328435764493468,26.8004176123526));
#11747=CARTESIAN_POINT('Ctrl Pts',(4.85503635920225,0.478304976566188,27.5966702718543));
#11748=CARTESIAN_POINT('Ctrl Pts',(5.39853626921391,0.856761340328845,28.4737608577868));
#11749=CARTESIAN_POINT('Ctrl Pts',(5.65607644975921,1.08639265111362,28.8960197812344));
#11750=CARTESIAN_POINT('Ctrl Pts',(5.80506984591093,1.2633369478257,29.1669663368333));
#11751=CARTESIAN_POINT('Ctrl Pts',(5.85882712235954,1.34725421627206,29.2990653070392));
#11752=CARTESIAN_POINT('Ctrl Pts',(5.82829865371419,1.59134743923806,29.1810405321036));
#11753=CARTESIAN_POINT('Ctrl Pts',(5.76210889212569,1.51791982934749,29.0373192055691));
#11754=CARTESIAN_POINT('Ctrl Pts',(5.60764618868078,1.36309356972441,28.7670161441175));
#11755=CARTESIAN_POINT('Ctrl Pts',(5.35819247165256,1.16216617278774,28.3557719584649));
#11756=CARTESIAN_POINT('Ctrl Pts',(4.84120634380383,0.831016854495416,27.5077004549));
#11757=CARTESIAN_POINT('Ctrl Pts',(4.42963923353018,0.699881293931786,26.7375523883795));
#11758=CARTESIAN_POINT('Ctrl Pts',(4.11977104717646,0.645370064032198,26.108448816872));
#11759=CARTESIAN_POINT('Ctrl Pts',(4.11977104717624,0.64537006403216,26.1084488168716));
#11760=CARTESIAN_POINT('Ctrl Pts',(4.00565579355805,0.625295196398194,25.8767686484121));
#11761=CARTESIAN_POINT('Ctrl Pts',(3.83351264278297,0.605414461130695,25.4786677940479));
#11762=CARTESIAN_POINT('Ctrl Pts',(3.59337931473983,0.597162450291041,24.9230251569329));
#11763=CARTESIAN_POINT('Ctrl Pts',(3.42153582255481,0.603213469706495,24.6228083526737));
#11764=CARTESIAN_POINT('Ctrl Pts',(3.30990540291483,0.614058753970198,24.4950089725712));
#11765=CARTESIAN_POINT('Ctrl Pts',(4.07722215408322,0.637884970061532,26.1314954851837));
#11766=CARTESIAN_POINT('Ctrl Pts',(3.96126019455646,0.619196911781735,25.8986856300706));
#11767=CARTESIAN_POINT('Ctrl Pts',(3.78679246414844,0.601749972306011,25.4995979367724));
#11768=CARTESIAN_POINT('Ctrl Pts',(3.5460135684833,0.597326481938361,24.9464907700182));
#11769=CARTESIAN_POINT('Ctrl Pts',(3.37731529790564,0.606030511409862,24.6538501850223));
#11770=CARTESIAN_POINT('Ctrl Pts',(3.27083000929664,0.617855064625234,24.5317596956863));
#11771=CARTESIAN_POINT('Ctrl Pts',(3.99890003410395,0.585827305708152,26.1774567745386));
#11772=CARTESIAN_POINT('Ctrl Pts',(3.87803411946626,0.568206641342857,25.9423884052949));
#11773=CARTESIAN_POINT('Ctrl Pts',(3.69705487565775,0.553298762755543,25.5411860890535));
#11774=CARTESIAN_POINT('Ctrl Pts',(3.45155355038742,0.553576603201818,24.9931684099343));
#11775=CARTESIAN_POINT('Ctrl Pts',(3.28654311287925,0.566227558338891,24.7156236301509));
#11776=CARTESIAN_POINT('Ctrl Pts',(3.18855990008707,0.579717414255235,24.6049597014949));
#11777=CARTESIAN_POINT('Ctrl Pts',(3.96125739183123,0.436933652975705,26.2109955164499));
#11778=CARTESIAN_POINT('Ctrl Pts',(3.83535295635647,0.416581407764578,25.9730680112369));
#11779=CARTESIAN_POINT('Ctrl Pts',(3.64723683083943,0.398097942410541,25.5688062681512));
#11780=CARTESIAN_POINT('Ctrl Pts',(3.39344757672512,0.395305767937067,25.0220368234792));
#11781=CARTESIAN_POINT('Ctrl Pts',(3.22526822472175,0.407235056717083,24.7520611884534));
#11782=CARTESIAN_POINT('Ctrl Pts',(3.12761689263759,0.421177154480761,24.647390198896));
#11783=CARTESIAN_POINT('Ctrl Pts',(4.01309619502655,0.317834557687421,26.1947676295357));
#11784=CARTESIAN_POINT('Ctrl Pts',(3.8876147787515,0.294896297378054,25.9556377158226));
#11785=CARTESIAN_POINT('Ctrl Pts',(3.70019821958736,0.272465737693393,25.5494410458759));
#11786=CARTESIAN_POINT('Ctrl Pts',(3.44388509184647,0.264304740675458,24.9971263546715));
#11787=CARTESIAN_POINT('Ctrl Pts',(3.26837301033666,0.272846363441094,24.7165234813041));
#11788=CARTESIAN_POINT('Ctrl Pts',(3.16071424191546,0.285912753481118,24.6043089101713));
#11789=CARTESIAN_POINT('Ctrl Pts',(4.06946641828159,0.276018740635258,26.1690160122983));
#11790=CARTESIAN_POINT('Ctrl Pts',(3.94583455962109,0.252957123995616,25.9300998734143));
#11791=CARTESIAN_POINT('Ctrl Pts',(3.76093477618841,0.230078874719446,25.5238356611951));
#11792=CARTESIAN_POINT('Ctrl Pts',(3.50502391441029,0.220778099047701,24.9669270338229));
#11793=CARTESIAN_POINT('Ctrl Pts',(3.32457838812104,0.227983532216936,24.6754648698203));
#11794=CARTESIAN_POINT('Ctrl Pts',(3.20897199434481,0.240531612832295,24.5552386291697));
#11795=CARTESIAN_POINT('Ctrl Pts',(4.08965908203753,0.266137216036754,26.1593202520951));
#11796=CARTESIAN_POINT('Ctrl Pts',(3.96670357240947,0.243194510169361,25.9205911195639));
#11797=CARTESIAN_POINT('Ctrl Pts',(3.78274832550668,0.220473669863648,25.5144038227651));
#11798=CARTESIAN_POINT('Ctrl Pts',(3.52702017122384,0.211042800332615,24.9560089655366));
#11799=CARTESIAN_POINT('Ctrl Pts',(3.34496325788731,0.217958251093134,24.6607898706298));
#11800=CARTESIAN_POINT('Ctrl Pts',(3.22671438061599,0.230352861680223,24.537786429967));
#11801=CARTESIAN_POINT('',(3.30990540291483,0.614058753970198,24.4950089725712));
#11802=CARTESIAN_POINT('',(3.22671438061535,0.230352861680225,24.5377864299661));
#11803=CARTESIAN_POINT('Origin',(3.29056576310915,0.414996004234876,24.4950089725712));
#11804=CARTESIAN_POINT('Ctrl Pts',(3.22671438061599,0.230352861680223,24.537786429967));
#11805=CARTESIAN_POINT('Ctrl Pts',(3.34496325788731,0.217958251093134,24.6607898706298));
#11806=CARTESIAN_POINT('Ctrl Pts',(3.52702017122384,0.211042800332615,24.9560089655366));
#11807=CARTESIAN_POINT('Ctrl Pts',(3.78274832550668,0.220473669863648,25.5144038227651));
#11808=CARTESIAN_POINT('Ctrl Pts',(3.96670357240947,0.243194510169361,25.9205911195639));
#11809=CARTESIAN_POINT('Ctrl Pts',(4.08965908203753,0.266137216036754,26.1593202520951));
#11810=CARTESIAN_POINT('Ctrl Pts',(4.11977104717624,0.64537006403216,26.1084488168716));
#11811=CARTESIAN_POINT('Ctrl Pts',(4.00565579355805,0.625295196398194,25.8767686484121));
#11812=CARTESIAN_POINT('Ctrl Pts',(3.83351264278297,0.605414461130695,25.4786677940479));
#11813=CARTESIAN_POINT('Ctrl Pts',(3.59337931473983,0.597162450291041,24.9230251569329));
#11814=CARTESIAN_POINT('Ctrl Pts',(3.42153582255481,0.603213469706495,24.6228083526737));
#11815=CARTESIAN_POINT('Ctrl Pts',(3.30990540291483,0.614058753970198,24.4950089725712));
#11816=CARTESIAN_POINT('Ctrl Pts',(3.30990540291419,0.61405875397026,24.4950089725705));
#11817=CARTESIAN_POINT('Ctrl Pts',(3.16628152955327,0.628012313749757,24.3305820892647));
#11818=CARTESIAN_POINT('Ctrl Pts',(2.85113263675223,0.679423340220107,24.0291494418043));
#11819=CARTESIAN_POINT('Ctrl Pts',(2.14844962855945,0.925996713570967,23.5925447359004));
#11820=CARTESIAN_POINT('Ctrl Pts',(1.15948149562089,1.63948309057951,23.1382899391904));
#11821=CARTESIAN_POINT('Ctrl Pts',(0.74581967375173,2.55232162457071,22.6515866260948));
#11822=CARTESIAN_POINT('Ctrl Pts',(0.653206191468431,3.0375,22.2285515178061));
#11823=CARTESIAN_POINT('Ctrl Pts',(3.27083000929593,0.617855064625312,24.5317596956855));
#11824=CARTESIAN_POINT('Ctrl Pts',(3.12923928347969,0.633518393813034,24.3699399557752));
#11825=CARTESIAN_POINT('Ctrl Pts',(2.82075914278918,0.687951101823742,24.0745924801564));
#11826=CARTESIAN_POINT('Ctrl Pts',(2.13131502610935,0.936508404172616,23.6436417500417));
#11827=CARTESIAN_POINT('Ctrl Pts',(1.1468979302916,1.65377539677523,23.1882766023522));
#11828=CARTESIAN_POINT('Ctrl Pts',(0.735279868894217,2.57775015901624,22.6990706210709));
#11829=CARTESIAN_POINT('Ctrl Pts',(0.646843254002165,3.07083380396385,22.2708165921306));
#11830=CARTESIAN_POINT('Ctrl Pts',(3.18856091718058,0.579724119816664,24.6049593608355));
#11831=CARTESIAN_POINT('Ctrl Pts',(3.04870540923632,0.598187638860275,24.4483592387467));
#11832=CARTESIAN_POINT('Ctrl Pts',(2.74837097610868,0.658333623401687,24.1651637284891));
#11833=CARTESIAN_POINT('Ctrl Pts',(2.07413444349068,0.915195056252954,23.7455128187233));
#11834=CARTESIAN_POINT('Ctrl Pts',(1.0844833995047,1.65273058330194,23.2878908717152));
#11835=CARTESIAN_POINT('Ctrl Pts',(0.67052710924908,2.61195130155821,22.7936866389201));
#11836=CARTESIAN_POINT('Ctrl Pts',(0.588318654316356,3.1284666698144,22.3549889905515));
#11837=CARTESIAN_POINT('Ctrl Pts',(3.12761787101711,0.421179719161462,24.6473895194773));
#11838=CARTESIAN_POINT('Ctrl Pts',(2.98316830372513,0.440080518968383,24.4927355864583));
#11839=CARTESIAN_POINT('Ctrl Pts',(2.67326596688731,0.503457187966666,24.2146903797756));
#11840=CARTESIAN_POINT('Ctrl Pts',(1.97360414282828,0.7777279630702,23.8019094520789));
#11841=CARTESIAN_POINT('Ctrl Pts',(0.936903157726642,1.56352730582231,23.3464136086962));
#11842=CARTESIAN_POINT('Ctrl Pts',(0.502470159682357,2.58375909916135,22.8481360395063));
#11843=CARTESIAN_POINT('Ctrl Pts',(0.418290347731587,3.13494096683873,22.4026146105262));
#11844=CARTESIAN_POINT('Ctrl Pts',(3.16071506587053,0.285914969099393,24.6043083430353));
#11845=CARTESIAN_POINT('Ctrl Pts',(3.00923141691979,0.303055807953906,24.4450460281809));
#11846=CARTESIAN_POINT('Ctrl Pts',(2.67886417548158,0.364412060851058,24.1571805221132));
#11847=CARTESIAN_POINT('Ctrl Pts',(1.9309589602973,0.647204947581503,23.7382686268216));
#11848=CARTESIAN_POINT('Ctrl Pts',(0.844432038554501,1.4610704791865,23.2890272359708));
#11849=CARTESIAN_POINT('Ctrl Pts',(0.389945322301949,2.50808345840455,22.7919459666364));
#11850=CARTESIAN_POINT('Ctrl Pts',(0.296733703429343,3.06983692598091,22.3513550953249));
#11851=CARTESIAN_POINT('Ctrl Pts',(3.208971994344,0.240531612832373,24.5552386291689));
#11852=CARTESIAN_POINT('Ctrl Pts',(3.05364856581058,0.256742868335596,24.3918484262347));
#11853=CARTESIAN_POINT('Ctrl Pts',(2.71109130828536,0.316179985955628,24.0948109950665));
#11854=CARTESIAN_POINT('Ctrl Pts',(1.93591512729569,0.598662558853035,23.6684842827051));
#11855=CARTESIAN_POINT('Ctrl Pts',(0.828012311933918,1.41483368596571,23.2227086421586));
#11856=CARTESIAN_POINT('Ctrl Pts',(0.365708981637559,2.46043756327939,22.7282897029773));
#11857=CARTESIAN_POINT('Ctrl Pts',(0.266713511138978,3.01742433895983,22.2942460656301));
#11858=CARTESIAN_POINT('Ctrl Pts',(3.22671438061522,0.230352861680299,24.5377864299662));
#11859=CARTESIAN_POINT('Ctrl Pts',(3.07021843284621,0.246299787142581,24.3730269370632));
#11860=CARTESIAN_POINT('Ctrl Pts',(2.72392926328333,0.305055245965838,24.0728993850202));
#11861=CARTESIAN_POINT('Ctrl Pts',(1.94060919794193,0.586853386938251,23.6439225748392));
#11862=CARTESIAN_POINT('Ctrl Pts',(0.82700908679736,1.40226638923373,23.1990778645401));
#11863=CARTESIAN_POINT('Ctrl Pts',(0.362796923811406,2.44551042808082,22.7057006388722));
#11864=CARTESIAN_POINT('Ctrl Pts',(0.261993133571083,3.,22.2740321610266));
#11865=CARTESIAN_POINT('',(0.653206191468431,3.0375,22.2285515178061));
#11866=CARTESIAN_POINT('',(0.261993133571082,3.,22.2740321610266));
#11867=CARTESIAN_POINT('Origin',(0.45675327089966,3.,22.2285515178061));
#11868=CARTESIAN_POINT('Ctrl Pts',(0.261993133571083,3.,22.2740321610266));
#11869=CARTESIAN_POINT('Ctrl Pts',(0.362796923811406,2.44551042808082,22.7057006388722));
#11870=CARTESIAN_POINT('Ctrl Pts',(0.82700908679736,1.40226638923373,23.1990778645401));
#11871=CARTESIAN_POINT('Ctrl Pts',(1.94060919794193,0.586853386938251,23.6439225748392));
#11872=CARTESIAN_POINT('Ctrl Pts',(2.72392926328333,0.305055245965838,24.0728993850202));
#11873=CARTESIAN_POINT('Ctrl Pts',(3.07021843284621,0.246299787142581,24.3730269370632));
#11874=CARTESIAN_POINT('Ctrl Pts',(3.22671438061522,0.230352861680299,24.5377864299662));
#11875=CARTESIAN_POINT('Ctrl Pts',(3.30990540291419,0.61405875397026,24.4950089725705));
#11876=CARTESIAN_POINT('Ctrl Pts',(3.16628152955327,0.628012313749757,24.3305820892647));
#11877=CARTESIAN_POINT('Ctrl Pts',(2.85113263675223,0.679423340220107,24.0291494418043));
#11878=CARTESIAN_POINT('Ctrl Pts',(2.14844962855945,0.925996713570967,23.5925447359004));
#11879=CARTESIAN_POINT('Ctrl Pts',(1.15948149562089,1.63948309057951,23.1382899391904));
#11880=CARTESIAN_POINT('Ctrl Pts',(0.74581967375173,2.55232162457071,22.6515866260948));
#11881=CARTESIAN_POINT('Ctrl Pts',(0.653206191468431,3.0375,22.2285515178061));
#11882=CARTESIAN_POINT('Ctrl Pts',(0.653206191468432,3.0375,22.2285515178061));
#11883=CARTESIAN_POINT('Ctrl Pts',(0.641045231885218,3.10120816072109,22.1730033111374));
#11884=CARTESIAN_POINT('Ctrl Pts',(0.619571877736186,3.23567138401941,22.0704239916975));
#11885=CARTESIAN_POINT('Ctrl Pts',(0.599425269219633,3.46817360183828,21.9669320864913));
#11886=CARTESIAN_POINT('Ctrl Pts',(0.599057659542495,3.72364404858975,21.9649092550302));
#11887=CARTESIAN_POINT('Ctrl Pts',(0.625499761975618,4.03514525982069,22.1014317702295));
#11888=CARTESIAN_POINT('Ctrl Pts',(0.687937256124116,4.34822421054306,22.3924323828315));
#11889=CARTESIAN_POINT('Ctrl Pts',(0.823180220715408,4.77025269743144,22.9214605163847));
#11890=CARTESIAN_POINT('Ctrl Pts',(1.14412501665509,5.39864146291211,23.9176476888852));
#11891=CARTESIAN_POINT('Ctrl Pts',(1.82542587007563,6.1203720092482,25.3473725224811));
#11892=CARTESIAN_POINT('Ctrl Pts',(2.63620949130582,6.48020431846646,26.4312497019815));
#11893=CARTESIAN_POINT('Ctrl Pts',(3.10345644784164,6.55862206116461,26.9296464556208));
#11894=CARTESIAN_POINT('Ctrl Pts',(0.646843254002166,3.07083380396385,22.2708165921306));
#11895=CARTESIAN_POINT('Ctrl Pts',(0.635709727658523,3.1331230311381,22.2169689835936));
#11896=CARTESIAN_POINT('Ctrl Pts',(0.616388737874993,3.26363066051771,22.1182668295519));
#11897=CARTESIAN_POINT('Ctrl Pts',(0.599530947233905,3.48134475580196,22.0228963351572));
#11898=CARTESIAN_POINT('Ctrl Pts',(0.599213928813092,3.7113151719967,22.0209346022836));
#11899=CARTESIAN_POINT('Ctrl Pts',(0.62127765586394,4.00269807924856,22.1465938394437));
#11900=CARTESIAN_POINT('Ctrl Pts',(0.678467797648837,4.311447288163,22.4294843915708));
#11901=CARTESIAN_POINT('Ctrl Pts',(0.807610426200704,4.73319080075024,22.952429567559));
#11902=CARTESIAN_POINT('Ctrl Pts',(1.12126018621361,5.36856733093571,23.9441798497619));
#11903=CARTESIAN_POINT('Ctrl Pts',(1.79855085141201,6.10265750820338,25.3715324952935));
#11904=CARTESIAN_POINT('Ctrl Pts',(2.61164449857912,6.4724555156329,26.4544357892542));
#11905=CARTESIAN_POINT('Ctrl Pts',(3.08118975619137,6.55488505726946,26.9525403261232));
#11906=CARTESIAN_POINT('Ctrl Pts',(0.588305615841097,3.12854106313238,22.3550830450121));
#11907=CARTESIAN_POINT('Ctrl Pts',(0.578387872798182,3.18888290530066,22.3046420934344));
#11908=CARTESIAN_POINT('Ctrl Pts',(0.5617338673708,3.31345625007164,22.2137065229629));
#11909=CARTESIAN_POINT('Ctrl Pts',(0.549528890431921,3.50537178499077,22.134606095111));
#11910=CARTESIAN_POINT('Ctrl Pts',(0.549264625826067,3.68871488090617,22.1327690761972));
#11911=CARTESIAN_POINT('Ctrl Pts',(0.565092012505401,3.94493569584187,22.2366780114766));
#11912=CARTESIAN_POINT('Ctrl Pts',(0.616141223395688,4.24934996993477,22.5033390560441));
#11913=CARTESIAN_POINT('Ctrl Pts',(0.739794197720343,4.67513156997158,23.0141251299742));
#11914=CARTESIAN_POINT('Ctrl Pts',(1.04990750941829,5.32887722912012,23.9970262729403));
#11915=CARTESIAN_POINT('Ctrl Pts',(1.73215994160519,6.08789125569986,25.4197483160215));
#11916=CARTESIAN_POINT('Ctrl Pts',(2.55704705768001,6.47443110289282,26.5007910705397));
#11917=CARTESIAN_POINT('Ctrl Pts',(3.03405515212036,6.56301775191851,26.9983100255168));
#11918=CARTESIAN_POINT('Ctrl Pts',(0.418298088166854,3.1348890330833,22.4025492693678));
#11919=CARTESIAN_POINT('Ctrl Pts',(0.407340279020042,3.19609709459422,22.3530781872307));
#11920=CARTESIAN_POINT('Ctrl Pts',(0.388784941040889,3.3219139600401,22.264480094569));
#11921=CARTESIAN_POINT('Ctrl Pts',(0.374922522689779,3.51057599217182,22.1908791601172));
#11922=CARTESIAN_POINT('Ctrl Pts',(0.374617154876689,3.68380265706769,22.1890770435091));
#11923=CARTESIAN_POINT('Ctrl Pts',(0.392640035799679,3.93545861150591,22.2856216664437));
#11924=CARTESIAN_POINT('Ctrl Pts',(0.449226614025133,4.24601626137342,22.5478092742985));
#11925=CARTESIAN_POINT('Ctrl Pts',(0.5830932433477,4.68265622681246,23.0568252733505));
#11926=CARTESIAN_POINT('Ctrl Pts',(0.912958790755296,5.35504352893079,24.0412597287341));
#11927=CARTESIAN_POINT('Ctrl Pts',(1.62632624497066,6.13319996782212,25.4681471922532));
#11928=CARTESIAN_POINT('Ctrl Pts',(2.47970293690351,6.52856872070794,26.5523072431382));
#11929=CARTESIAN_POINT('Ctrl Pts',(2.97161849140838,6.6191876658875,27.0513197273167));
#11930=CARTESIAN_POINT('Ctrl Pts',(0.296730254488682,3.0698363278473,22.3513551689942));
#11931=CARTESIAN_POINT('Ctrl Pts',(0.284078587646053,3.13445010914551,22.2984440136748));
#11932=CARTESIAN_POINT('Ctrl Pts',(0.262040695699964,3.26902808317377,22.2022170095892));
#11933=CARTESIAN_POINT('Ctrl Pts',(0.242949040421032,3.4862580369498,22.1136360532801));
#11934=CARTESIAN_POINT('Ctrl Pts',(0.242568109867253,3.7066653637539,22.1117090408775));
#11935=CARTESIAN_POINT('Ctrl Pts',(0.267549571506491,3.99711208258494,22.2282683303489));
#11936=CARTESIAN_POINT('Ctrl Pts',(0.332737613914162,4.31987830584786,22.5070929500946));
#11937=CARTESIAN_POINT('Ctrl Pts',(0.477806241270864,4.76444715658933,23.0313152913009));
#11938=CARTESIAN_POINT('Ctrl Pts',(0.824866869308709,5.43797767426159,24.0320410144833));
#11939=CARTESIAN_POINT('Ctrl Pts',(1.56141286713135,6.21407197573609,25.4747387559605));
#11940=CARTESIAN_POINT('Ctrl Pts',(2.43540659000935,6.60462156691482,26.5689884827722));
#11941=CARTESIAN_POINT('Ctrl Pts',(2.93838254201466,6.69199184634962,27.0723370000321));
#11942=CARTESIAN_POINT('Ctrl Pts',(0.266713511138976,3.01742433895982,22.2942460656301));
#11943=CARTESIAN_POINT('Ctrl Pts',(0.253576627591946,3.08454493064311,22.2384881489257));
#11944=CARTESIAN_POINT('Ctrl Pts',(0.230448356468206,3.22576167978658,22.1358888916432));
#11945=CARTESIAN_POINT('Ctrl Pts',(0.209123674864316,3.46609938672825,22.0344867945972));
#11946=CARTESIAN_POINT('Ctrl Pts',(0.208729144898722,3.72564029544907,22.0324555863397));
#11947=CARTESIAN_POINT('Ctrl Pts',(0.236709431161513,4.04749331354175,22.1661456884295));
#11948=CARTESIAN_POINT('Ctrl Pts',(0.304230552180876,4.37863680163905,22.4586492810057));
#11949=CARTESIAN_POINT('Ctrl Pts',(0.451294983509739,4.82738021321321,22.9946966330395));
#11950=CARTESIAN_POINT('Ctrl Pts',(0.800722082072477,5.4984404231063,24.0074188075493));
#11951=CARTESIAN_POINT('Ctrl Pts',(1.54193007381488,6.26982583434776,25.4622865280187));
#11952=CARTESIAN_POINT('Ctrl Pts',(2.42289195682369,6.65532276924191,26.5652094579862));
#11953=CARTESIAN_POINT('Ctrl Pts',(2.93027189665052,6.73989840185684,27.0724075203815));
#11954=CARTESIAN_POINT('Ctrl Pts',(0.261993133571081,3.,22.2740321610266));
#11955=CARTESIAN_POINT('Ctrl Pts',(0.248756714977107,3.06795537143584,22.2173503174871));
#11956=CARTESIAN_POINT('Ctrl Pts',(0.225384356719658,3.21138280962069,22.1126775425485));
#11957=CARTESIAN_POINT('Ctrl Pts',(0.203456075341096,3.45938517529417,22.0070735576442));
#11958=CARTESIAN_POINT('Ctrl Pts',(0.20305595596462,3.7318869851624,22.0050094439084));
#11959=CARTESIAN_POINT('Ctrl Pts',(0.231836475619719,4.06415494380873,22.1443181328873));
#11960=CARTESIAN_POINT('Ctrl Pts',(0.299795652924207,4.39810582457926,22.4412575335015));
#11961=CARTESIAN_POINT('Ctrl Pts',(0.446998879690239,4.84826954392687,22.9810821595762));
#11962=CARTESIAN_POINT('Ctrl Pts',(0.79632654874024,5.51855089377292,23.9975996825359));
#11963=CARTESIAN_POINT('Ctrl Pts',(1.5378784980415,6.28839680986475,25.4565025739603));
#11964=CARTESIAN_POINT('Ctrl Pts',(2.42036407216962,6.67221793969756,26.5624996958995));
#11965=CARTESIAN_POINT('Ctrl Pts',(2.92893218812695,6.75586353190891,27.0710678118579));
#11966=CARTESIAN_POINT('',(3.10345644784164,6.55862206116461,26.9296464556208));
#11967=CARTESIAN_POINT('',(2.92893218813074,6.75586353190891,27.0710678118617));
#11968=CARTESIAN_POINT('Origin',(3.07035354436441,6.75586353190891,26.9296464556208));
#11969=CARTESIAN_POINT('Ctrl Pts',(2.92893218812695,6.75586353190891,27.0710678118579));
#11970=CARTESIAN_POINT('Ctrl Pts',(2.42036407216962,6.67221793969756,26.5624996958995));
#11971=CARTESIAN_POINT('Ctrl Pts',(1.5378784980415,6.28839680986475,25.4565025739603));
#11972=CARTESIAN_POINT('Ctrl Pts',(0.79632654874024,5.51855089377292,23.9975996825359));
#11973=CARTESIAN_POINT('Ctrl Pts',(0.446998879690239,4.84826954392687,22.9810821595762));
#11974=CARTESIAN_POINT('Ctrl Pts',(0.299795652924207,4.39810582457926,22.4412575335015));
#11975=CARTESIAN_POINT('Ctrl Pts',(0.231836475619719,4.06415494380873,22.1443181328873));
#11976=CARTESIAN_POINT('Ctrl Pts',(0.20305595596462,3.7318869851624,22.0050094439084));
#11977=CARTESIAN_POINT('Ctrl Pts',(0.203456075341096,3.45938517529417,22.0070735576442));
#11978=CARTESIAN_POINT('Ctrl Pts',(0.225384356719658,3.21138280962069,22.1126775425485));
#11979=CARTESIAN_POINT('Ctrl Pts',(0.248756714977107,3.06795537143584,22.2173503174871));
#11980=CARTESIAN_POINT('Ctrl Pts',(0.261993133571081,3.,22.2740321610266));
#11981=CARTESIAN_POINT('Ctrl Pts',(0.653206191468432,3.0375,22.2285515178061));
#11982=CARTESIAN_POINT('Ctrl Pts',(0.641045231885218,3.10120816072109,22.1730033111374));
#11983=CARTESIAN_POINT('Ctrl Pts',(0.619571877736186,3.23567138401941,22.0704239916975));
#11984=CARTESIAN_POINT('Ctrl Pts',(0.599425269219633,3.46817360183828,21.9669320864913));
#11985=CARTESIAN_POINT('Ctrl Pts',(0.599057659542495,3.72364404858975,21.9649092550302));
#11986=CARTESIAN_POINT('Ctrl Pts',(0.625499761975618,4.03514525982069,22.1014317702295));
#11987=CARTESIAN_POINT('Ctrl Pts',(0.687937256124116,4.34822421054306,22.3924323828315));
#11988=CARTESIAN_POINT('Ctrl Pts',(0.823180220715408,4.77025269743144,22.9214605163847));
#11989=CARTESIAN_POINT('Ctrl Pts',(1.14412501665509,5.39864146291211,23.9176476888852));
#11990=CARTESIAN_POINT('Ctrl Pts',(1.82542587007563,6.1203720092482,25.3473725224811));
#11991=CARTESIAN_POINT('Ctrl Pts',(2.63620949130582,6.48020431846646,26.4312497019815));
#11992=CARTESIAN_POINT('Ctrl Pts',(3.10345644784164,6.55862206116461,26.9296464556208));
#11993=CARTESIAN_POINT('Ctrl Pts',(3.10345644784332,6.55862206116489,26.9296464556225));
#11994=CARTESIAN_POINT('Ctrl Pts',(4.09018705472332,6.72422439577636,27.9821591029612));
#11995=CARTESIAN_POINT('Ctrl Pts',(5.1502912880028,6.35638501413085,29.1129369517927));
#11996=CARTESIAN_POINT('Ctrl Pts',(5.82238051218928,5.61519846641497,29.8298321242582));
#11997=CARTESIAN_POINT('Ctrl Pts',(3.0644897374554,6.55208230434841,26.9697107290019));
#11998=CARTESIAN_POINT('Ctrl Pts',(4.0531613500438,6.73172551108134,28.0154886187969));
#11999=CARTESIAN_POINT('Ctrl Pts',(5.12730515795606,6.37224503710767,29.1430715409364));
#12000=CARTESIAN_POINT('Ctrl Pts',(5.80965199970264,5.62923559405819,29.8580409179387));
#12001=CARTESIAN_POINT('Ctrl Pts',(2.9787016166866,6.58897081371189,27.0493078760354));
#12002=CARTESIAN_POINT('Ctrl Pts',(3.99055438087519,6.78350308157313,28.0823019442026));
#12003=CARTESIAN_POINT('Ctrl Pts',(5.09554832517587,6.42481899884874,29.2032307984353));
#12004=CARTESIAN_POINT('Ctrl Pts',(5.7973482513314,5.66919553810688,29.9144128821219));
#12005=CARTESIAN_POINT('Ctrl Pts',(2.93362116796137,6.69998557672697,27.0757567916923));
#12006=CARTESIAN_POINT('Ctrl Pts',(3.97623205849411,6.88288639772688,28.1179169383551));
#12007=CARTESIAN_POINT('Ctrl Pts',(5.10086980123413,6.50165836372578,29.2430804993023));
#12008=CARTESIAN_POINT('Ctrl Pts',(5.81434152335081,5.72274741965826,29.9564771470818));
#12009=CARTESIAN_POINT('Ctrl Pts',(2.9289321881289,6.75586353190922,27.0710678118599));
#12010=CARTESIAN_POINT('Ctrl Pts',(3.98144483546757,6.93250602216145,28.1235804591985));
#12011=CARTESIAN_POINT('Ctrl Pts',(5.11222268429902,6.5401440150729,29.25435830803));
#12012=CARTESIAN_POINT('Ctrl Pts',(5.82911785676459,5.74954503084264,29.9712534804956));
#12013=CARTESIAN_POINT('',(5.82911785676458,5.74954503084265,29.9712534804955));
#12014=CARTESIAN_POINT('Origin',(3.45857864376269,3.59999999999999,27.6007142674936));
#12015=CARTESIAN_POINT('',(5.79440342464713,5.645597204804,29.7999898975466));
#12016=CARTESIAN_POINT('Origin',(3.6,3.59999999999999,27.4592929112563));
#12017=CARTESIAN_POINT('Ctrl Pts',(5.79440342464713,5.645597204804,29.7999898975466));
#12018=CARTESIAN_POINT('Ctrl Pts',(5.79433627726711,5.64566931309013,29.8003111076683));
#12019=CARTESIAN_POINT('Ctrl Pts',(5.79426970872066,5.64574195477544,29.8006323163076));
#12020=CARTESIAN_POINT('Ctrl Pts',(5.79420371885089,5.64581512863695,29.8009535207429));
#12021=CARTESIAN_POINT('Ctrl Pts',(5.79146151640252,5.6488558611447,29.8143011389787));
#12022=CARTESIAN_POINT('Ctrl Pts',(5.78972220178922,5.65280496665376,29.8276071386503));
#12023=CARTESIAN_POINT('Ctrl Pts',(5.78897933828763,5.65757894893806,29.8406770941929));
#12024=CARTESIAN_POINT('Ctrl Pts',(5.78852830716766,5.66047748221066,29.8486125448829));
#12025=CARTESIAN_POINT('Ctrl Pts',(5.78844529438199,5.66368087587251,29.8564609951308));
#12026=CARTESIAN_POINT('Ctrl Pts',(5.78873598232982,5.66717603858514,29.86417646232));
#12027=CARTESIAN_POINT('Ctrl Pts',(5.78918662958791,5.67259451398055,29.8761375847529));
#12028=CARTESIAN_POINT('Ctrl Pts',(5.79053116950708,5.67868370563064,29.8877146207774));
#12029=CARTESIAN_POINT('Ctrl Pts',(5.79279085072145,5.68538815079026,29.898736396936));
#12030=CARTESIAN_POINT('Ctrl Pts',(5.7943322227257,5.68996138174309,29.9062545623746));
#12031=CARTESIAN_POINT('Ctrl Pts',(5.79630019782234,5.69482145151645,29.9135140634197));
#12032=CARTESIAN_POINT('Ctrl Pts',(5.79868142670125,5.69994079526146,29.9204677855009));
#12033=CARTESIAN_POINT('Ctrl Pts',(5.80222396358947,5.70755680572599,29.9308127872776));
#12034=CARTESIAN_POINT('Ctrl Pts',(5.80665038919426,5.71568436199478,29.9403981381109));
#12035=CARTESIAN_POINT('Ctrl Pts',(5.8119050283251,5.72421477973869,29.9490824667283));
#12036=CARTESIAN_POINT('Ctrl Pts',(5.81690028782862,5.73232411878997,29.9573381193008));
#12037=CARTESIAN_POINT('Ctrl Pts',(5.82264448175367,5.74079859374875,29.9647801054846));
#12038=CARTESIAN_POINT('Ctrl Pts',(5.82911785676458,5.74954503084265,29.9712534804955));
#12039=CARTESIAN_POINT('Origin',(3.6,3.59999999999999,29.8));
#12040=CARTESIAN_POINT('',(6.59999999999999,3.59999999999999,29.8));
#12041=CARTESIAN_POINT('Origin',(3.6,3.59999999999999,29.8));
#12042=CARTESIAN_POINT('',(6.54679380853157,3.0375,29.8));
#12043=CARTESIAN_POINT('Origin',(3.6,3.59999999999999,29.8));
#12044=CARTESIAN_POINT('',(6.74324672910034,3.,30.));
#12045=CARTESIAN_POINT('Origin',(6.74324672910034,3.,29.8));
#12046=CARTESIAN_POINT('',(5.85786437626904,5.86760853287669,30.));
#12047=CARTESIAN_POINT('Origin',(3.6,3.59999999999999,30.));
#12048=CARTESIAN_POINT('Ctrl Pts',(5.85786437626904,5.86760853287669,30.));
#12049=CARTESIAN_POINT('Ctrl Pts',(5.85786437626904,5.8499228222587,30.));
#12050=CARTESIAN_POINT('Ctrl Pts',(5.85636287042042,5.82880646748653,29.9984984941514));
#12051=CARTESIAN_POINT('Ctrl Pts',(5.85091008537949,5.79872417019154,29.9930457091105));
#12052=CARTESIAN_POINT('Ctrl Pts',(5.84678959454551,5.78377679517114,29.9889252182765));
#12053=CARTESIAN_POINT('Ctrl Pts',(5.8385925396688,5.76453985529012,29.9807281633998));
#12054=CARTESIAN_POINT('Ctrl Pts',(5.8340232941346,5.75617296438621,29.9761589178656));
#12055=CARTESIAN_POINT('Ctrl Pts',(5.82911785676458,5.74954503084264,29.9712534804955));
#12056=CARTESIAN_POINT('Ctrl Pts',(6.54679380853157,3.0375,29.8));
#12057=CARTESIAN_POINT('Ctrl Pts',(6.44659104470422,2.51256331725478,29.8));
#12058=CARTESIAN_POINT('Ctrl Pts',(6.20219132890313,2.03073060456344,29.6269003395044));
#12059=CARTESIAN_POINT('Ctrl Pts',(5.88961925359162,1.66153574353755,29.384506401682));
#12060=CARTESIAN_POINT('Ctrl Pts',(6.54679380853157,3.0375,29.8523598775598));
#12061=CARTESIAN_POINT('Ctrl Pts',(6.44463307489057,2.50252333920548,29.8536220001152));
#12062=CARTESIAN_POINT('Ctrl Pts',(6.19307114482458,2.01264199824643,29.6820661948959));
#12063=CARTESIAN_POINT('Ctrl Pts',(5.87206976074892,1.64080714017565,29.4423224801048));
#12064=CARTESIAN_POINT('Ctrl Pts',(6.58938069780815,3.02937078337524,29.9566441780013));
#12065=CARTESIAN_POINT('Ctrl Pts',(6.48411561459894,2.46621621505397,29.9603170039924));
#12066=CARTESIAN_POINT('Ctrl Pts',(6.22215450990691,1.95083548011306,29.7922065265184));
#12067=CARTESIAN_POINT('Ctrl Pts',(5.88784377234755,1.55698413424666,29.5568094246419));
#12068=CARTESIAN_POINT('Ctrl Pts',(6.69181547476408,3.00981747704247,30.));
#12069=CARTESIAN_POINT('Ctrl Pts',(6.58544488127608,2.41922112738194,30.0020076272332));
#12070=CARTESIAN_POINT('Ctrl Pts',(6.32441713573053,1.87722977516905,29.8239989852007));
#12071=CARTESIAN_POINT('Ctrl Pts',(5.99044617180337,1.45928396020642,29.5744105567849));
#12072=CARTESIAN_POINT('Ctrl Pts',(6.74324672910034,3.,30.));
#12073=CARTESIAN_POINT('Ctrl Pts',(6.63636378101784,2.40007236257692,30.));
#12074=CARTESIAN_POINT('Ctrl Pts',(6.37567075083,1.84940640521535,29.8145360780405));
#12075=CARTESIAN_POINT('Ctrl Pts',(6.0422605371644,1.42746942118577,29.5548282875165));
#12076=CARTESIAN_POINT('',(6.04226053716447,1.42746942118571,29.5548282875165));
#12077=CARTESIAN_POINT('Ctrl Pts',(6.0422605371644,1.42746942118577,29.5548282875165));
#12078=CARTESIAN_POINT('Ctrl Pts',(6.37567075083,1.84940640521535,29.8145360780405));
#12079=CARTESIAN_POINT('Ctrl Pts',(6.63636378101784,2.40007236257692,30.));
#12080=CARTESIAN_POINT('Ctrl Pts',(6.74324672910034,3.,30.));
#12081=CARTESIAN_POINT('Ctrl Pts',(6.54679380853157,3.0375,29.8));
#12082=CARTESIAN_POINT('Ctrl Pts',(6.45209072788335,2.54137475252796,29.8));
#12083=CARTESIAN_POINT('Ctrl Pts',(6.22858496929498,2.08375175282744,29.6453802281034));
#12084=CARTESIAN_POINT('Ctrl Pts',(5.94045765682318,1.72333256755282,29.4237747768984));
#12085=CARTESIAN_POINT('Ctrl Pts',(5.99169588625812,1.52276905645614,29.5830536040677));
#12086=CARTESIAN_POINT('Ctrl Pts',(5.99371346666965,1.52074548482234,29.5834513188525));
#12087=CARTESIAN_POINT('Ctrl Pts',(5.995691313167,1.51864427331619,29.5837466305311));
#12088=CARTESIAN_POINT('Ctrl Pts',(5.99762795802625,1.51646653021885,29.5839379040428));
#12089=CARTESIAN_POINT('Ctrl Pts',(6.00506631998601,1.50810214614711,29.5846725568664));
#12090=CARTESIAN_POINT('Ctrl Pts',(6.01154435277007,1.4990089325797,29.583839374245));
#12091=CARTESIAN_POINT('Ctrl Pts',(6.01715426584672,1.4895546420149,29.5817659214623));
#12092=CARTESIAN_POINT('Ctrl Pts',(6.01799381278736,1.48813976791416,29.5814556205866));
#12093=CARTESIAN_POINT('Ctrl Pts',(6.01881400965335,1.48671679525897,29.5811175596587));
#12094=CARTESIAN_POINT('Ctrl Pts',(6.01961526160815,1.4852869408669,29.5807528577173));
#12095=CARTESIAN_POINT('Ctrl Pts',(6.0261585795978,1.47361022431078,29.577774567606));
#12096=CARTESIAN_POINT('Ctrl Pts',(6.0317214361306,1.46096313432355,29.572891929287));
#12097=CARTESIAN_POINT('Ctrl Pts',(6.0362731410784,1.44762926625516,29.5661468158984));
#12098=CARTESIAN_POINT('Ctrl Pts',(6.03851479191351,1.44106252328006,29.5628249421755));
#12099=CARTESIAN_POINT('Ctrl Pts',(6.04051143289975,1.43432989325904,29.5590509987542));
#12100=CARTESIAN_POINT('Ctrl Pts',(6.04226053716441,1.42746942118577,29.5548282875165));
#12101=CARTESIAN_POINT('Origin',(10.,3.,20.));
#12102=CARTESIAN_POINT('',(1.11022302462516E-15,3.,20.));
#12103=CARTESIAN_POINT('Origin',(10.,3.,20.));
#12104=CARTESIAN_POINT('',(3.,0.,20.));
#12105=CARTESIAN_POINT('Origin',(3.,3.,20.));
#12106=CARTESIAN_POINT('',(4.18448511801343,0.,23.8961245690292));
#12107=CARTESIAN_POINT('Origin',(10.,0.,20.));
#12108=CARTESIAN_POINT('Origin',(4.18448511801343,3.,23.8961245690292));
#12109=CARTESIAN_POINT('Origin',(10.,0.,20.));
#12110=CARTESIAN_POINT('',(2.92893218813452,85.2441364680898,27.0710678118655));
#12111=CARTESIAN_POINT('',(2.92893218813452,0.,27.0710678118655));
#12112=CARTESIAN_POINT('',(0.261993133571081,89.,22.2740321610266));
#12113=CARTESIAN_POINT('Ctrl Pts',(0.261993133571083,89.,22.2740321610266));
#12114=CARTESIAN_POINT('Ctrl Pts',(0.248756542889337,88.9320437450708,22.2173495805618));
#12115=CARTESIAN_POINT('Ctrl Pts',(0.22539323666433,88.7885999903263,22.1127043550078));
#12116=CARTESIAN_POINT('Ctrl Pts',(0.203483792518193,88.5406784546741,22.0071854735184));
#12117=CARTESIAN_POINT('Ctrl Pts',(0.203081267133034,88.2680426982728,22.0050748913198));
#12118=CARTESIAN_POINT('Ctrl Pts',(0.231980987425138,87.9363208874831,22.1451055001767));
#12119=CARTESIAN_POINT('Ctrl Pts',(0.299850052389288,87.6017451145226,22.4413734601288));
#12120=CARTESIAN_POINT('Ctrl Pts',(0.446966509938449,87.152441192922,22.9808546004602));
#12121=CARTESIAN_POINT('Ctrl Pts',(0.696709387348974,86.6712858290018,23.7073377700739));
#12122=CARTESIAN_POINT('Ctrl Pts',(1.15927680375745,86.0924747080347,24.7262050093037));
#12123=CARTESIAN_POINT('Ctrl Pts',(1.85960034952995,85.5551106184177,25.8771977057369));
#12124=CARTESIAN_POINT('Ctrl Pts',(2.54750114221365,85.30687147786,26.6896367659446));
#12125=CARTESIAN_POINT('Ctrl Pts',(2.92893218813451,85.2441364680898,27.0710678118655));
#12126=CARTESIAN_POINT('',(1.11022302462516E-15,89.,20.));
#12127=CARTESIAN_POINT('Origin',(10.,89.,20.));
#12128=CARTESIAN_POINT('',(1.11022302462516E-15,0.,20.));
#12129=CARTESIAN_POINT('Origin',(2.92893218813452,0.,27.0710678118655));
#12130=CARTESIAN_POINT('',(5.85786437626904,86.1323914671233,30.));
#12131=CARTESIAN_POINT('',(5.85786437626904,0.,30.));
#12132=CARTESIAN_POINT('',(5.82911785676459,86.2504549691574,29.9712534804956));
#12133=CARTESIAN_POINT('Ctrl Pts',(5.82911785676459,86.2504549691574,29.9712534804956));
#12134=CARTESIAN_POINT('Ctrl Pts',(5.83402329413461,86.2438270356138,29.9761589178656));
#12135=CARTESIAN_POINT('Ctrl Pts',(5.8385925396688,86.2354601447099,29.9807281633998));
#12136=CARTESIAN_POINT('Ctrl Pts',(5.84678959454552,86.2162232048289,29.9889252182765));
#12137=CARTESIAN_POINT('Ctrl Pts',(5.8509100853795,86.2012758298085,29.9930457091105));
#12138=CARTESIAN_POINT('Ctrl Pts',(5.85636287042043,86.1711935325135,29.9984984941514));
#12139=CARTESIAN_POINT('Ctrl Pts',(5.85786437626904,86.1500771777413,30.));
#12140=CARTESIAN_POINT('Ctrl Pts',(5.85786437626904,86.1323914671233,30.));
#12141=CARTESIAN_POINT('Origin',(3.45857864376269,88.4,27.6007142674936));
#12142=CARTESIAN_POINT('Origin',(5.85786437626904,0.,30.));
#12143=CARTESIAN_POINT('',(60.142135623731,86.1323914671233,30.));
#12144=CARTESIAN_POINT('',(60.142135623731,0.,30.));
#12145=CARTESIAN_POINT('',(59.2567532708997,89.,30.));
#12146=CARTESIAN_POINT('Origin',(62.4,88.4,30.));
#12147=CARTESIAN_POINT('',(6.74324672910034,89.,30.));
#12148=CARTESIAN_POINT('',(19.4289321881345,89.,30.));
#12149=CARTESIAN_POINT('Origin',(3.6,88.4,30.));
#12150=CARTESIAN_POINT('',(19.4289321881345,3.,30.));
#12151=CARTESIAN_POINT('',(29.1805112648602,24.7217527102245,30.));
#12152=CARTESIAN_POINT('',(31.3387656629274,20.7196621273469,30.));
#12153=CARTESIAN_POINT('Origin',(34.9082173791815,25.2276011736663,30.));
#12154=CARTESIAN_POINT('',(29.0366825164904,26.3503208919409,30.));
#12155=CARTESIAN_POINT('',(30.1734753258456,13.4784533445679,30.));
#12156=CARTESIAN_POINT('',(28.3555706566925,27.0314327517388,30.));
#12157=CARTESIAN_POINT('Origin',(28.2895904152479,26.2843406504963,30.));
#12158=CARTESIAN_POINT('',(26.7270024212393,27.1752615048544,30.));
#12159=CARTESIAN_POINT('',(18.3781933653623,27.9125955448816,30.));
#12160=CARTESIAN_POINT('',(22.7249118920985,29.3335158981758,30.));
#12161=CARTESIAN_POINT('Origin',(27.2328509384179,32.9029676144299,30.));
#12162=CARTESIAN_POINT('',(22.7249118920985,36.4724193306839,30.));
#12163=CARTESIAN_POINT('',(22.7249118920985,14.8501668767396,30.));
#12164=CARTESIAN_POINT('',(26.7270025630803,38.6306737365322,30.));
#12165=CARTESIAN_POINT('Origin',(27.2328509384179,32.9029676144299,30.));
#12166=CARTESIAN_POINT('',(28.3555706566925,38.7745024771209,30.));
#12167=CARTESIAN_POINT('',(14.680537892589,37.5667772688933,30.));
#12168=CARTESIAN_POINT('',(29.0366825164904,39.4556143369188,30.));
#12169=CARTESIAN_POINT('Origin',(28.2895904152479,39.5215945783634,30.));
#12170=CARTESIAN_POINT('',(29.180511282807,41.0841827218469,30.));
#12171=CARTESIAN_POINT('',(27.2181895376594,18.8648782179789,30.));
#12172=CARTESIAN_POINT('',(31.3387656629274,45.0862731015129,30.));
#12173=CARTESIAN_POINT('Origin',(34.9082173791814,40.5783340551935,30.));
#12174=CARTESIAN_POINT('',(38.4776690954355,45.0862731015129,30.));
#12175=CARTESIAN_POINT('',(18.7817239472499,45.0862731015129,30.));
#12176=CARTESIAN_POINT('',(40.6359236562933,41.0841806753596,30.));
#12177=CARTESIAN_POINT('Origin',(34.9082173791814,40.5783340551935,30.));
#12178=CARTESIAN_POINT('',(40.7797522418725,39.4556143369188,30.));
#12179=CARTESIAN_POINT('',(42.3014996565533,22.2249184694789,30.));
#12180=CARTESIAN_POINT('',(41.4608641016704,38.7745024771209,30.));
#12181=CARTESIAN_POINT('Origin',(41.526844343115,39.5215945783634,30.));
#12182=CARTESIAN_POINT('',(43.089438769959,38.6306731558826,30.));
#12183=CARTESIAN_POINT('',(25.4960910604629,40.1844485575508,30.));
#12184=CARTESIAN_POINT('',(47.0915228662644,36.472419330691,30.));
#12185=CARTESIAN_POINT('Origin',(42.583583819945,32.9029676144299,30.));
#12186=CARTESIAN_POINT('',(47.0915228662644,29.3335158981759,30.));
#12187=CARTESIAN_POINT('',(47.0915228662644,18.052800737693,30.));
#12188=CARTESIAN_POINT('',(43.0894323954077,27.1752615100019,30.));
#12189=CARTESIAN_POINT('Origin',(42.583583819945,32.9029676144299,30.));
#12190=CARTESIAN_POINT('',(41.4608641016704,27.0314327517389,30.));
#12191=CARTESIAN_POINT('',(23.4270037887281,25.4387530063001,30.));
#12192=CARTESIAN_POINT('',(40.7797522418725,26.350320891941,30.));
#12193=CARTESIAN_POINT('Origin',(41.526844343115,26.2843406504964,30.));
#12194=CARTESIAN_POINT('',(40.63592115137,24.721726190332,30.));
#12195=CARTESIAN_POINT('',(39.4900425503286,11.7469805228783,30.));
#12196=CARTESIAN_POINT('',(38.4776690955552,20.7196621273469,30.));
#12197=CARTESIAN_POINT('Origin',(34.9082173791815,25.2276011736663,30.));
#12198=CARTESIAN_POINT('',(21.9843578082461,20.7196621273469,30.));
#12199=CARTESIAN_POINT('',(56.4119934418183,53.5775021963286,30.));
#12200=CARTESIAN_POINT('',(56.4119934418183,60.2291659140583,30.));
#12201=CARTESIAN_POINT('Ctrl Pts',(56.4119934418183,53.5775021963286,30.));
#12202=CARTESIAN_POINT('Ctrl Pts',(57.1402823883939,53.906798303594,30.));
#12203=CARTESIAN_POINT('Ctrl Pts',(58.3672030698822,55.0566949540195,30.));
#12204=CARTESIAN_POINT('Ctrl Pts',(58.7067019891652,57.1255211417503,30.));
#12205=CARTESIAN_POINT('Ctrl Pts',(58.0539548568773,59.0396698182777,30.));
#12206=CARTESIAN_POINT('Ctrl Pts',(57.1402823883935,59.8998698067931,30.));
#12207=CARTESIAN_POINT('Ctrl Pts',(56.4119934418183,60.2291659140583,30.));
#12208=CARTESIAN_POINT('Origin',(54.9082173791815,56.9033340551935,30.));
#12209=CARTESIAN_POINT('',(15.8332173791815,53.7783340551935,30.));
#12210=CARTESIAN_POINT('',(15.8332173791815,77.7783340551935,30.));
#12211=CARTESIAN_POINT('',(15.8332173791815,26.8891670275967,30.));
#12212=CARTESIAN_POINT('',(49.3332173791815,77.7783340551935,30.));
#12213=CARTESIAN_POINT('',(10.8455408777253,77.7783340551935,30.));
#12214=CARTESIAN_POINT('',(49.3332173791815,53.7783340551935,30.));
#12215=CARTESIAN_POINT('',(49.3332173791815,38.8891670275967,30.));
#12216=CARTESIAN_POINT('',(27.5955408777253,53.7783340551935,30.));
#12217=CARTESIAN_POINT('Origin',(3.6,3.59999999999999,30.));
#12218=CARTESIAN_POINT('',(6.59999999999999,3.59999999999999,19.5));
#12219=CARTESIAN_POINT('',(6.59999999999999,3.59999999999999,30.));
#12220=CARTESIAN_POINT('Origin',(3.6,3.59999999999999,19.5));
#12221=CARTESIAN_POINT('Ctrl Pts',(5.88961925332696,90.3384642567751,29.3845064014768));
#12222=CARTESIAN_POINT('Ctrl Pts',(6.20219132242189,89.9692694031941,29.6269003344872));
#12223=CARTESIAN_POINT('Ctrl Pts',(6.44659104491931,89.4874366816184,29.8));
#12224=CARTESIAN_POINT('Ctrl Pts',(6.54679380853157,88.9625,29.8));
#12225=CARTESIAN_POINT('Ctrl Pts',(5.8720697604773,90.3591928601394,29.4423224799018));
#12226=CARTESIAN_POINT('Ctrl Pts',(6.19307735025381,89.987313563983,29.6820281782883));
#12227=CARTESIAN_POINT('Ctrl Pts',(6.44463275181283,89.4974884188981,29.8536282049379));
#12228=CARTESIAN_POINT('Ctrl Pts',(6.54679380853157,88.9625,29.8523598775598));
#12229=CARTESIAN_POINT('Ctrl Pts',(5.88443313429272,90.4247831969356,29.5318788224061));
#12230=CARTESIAN_POINT('Ctrl Pts',(6.21588045737162,90.0357277332644,29.7682747569374));
#12231=CARTESIAN_POINT('Ctrl Pts',(6.47562833979889,89.5259777878842,29.9372501702493));
#12232=CARTESIAN_POINT('Ctrl Pts',(6.58022757742898,88.9688820193154,29.9341049182332));
#12233=CARTESIAN_POINT('Ctrl Pts',(5.96856641747064,90.5203323728929,29.5713893806148));
#12234=CARTESIAN_POINT('Ctrl Pts',(6.30262450153535,90.1074574273391,29.8178560012829));
#12235=CARTESIAN_POINT('Ctrl Pts',(6.56380914148112,89.570747956549,29.9934507395384));
#12236=CARTESIAN_POINT('Ctrl Pts',(6.66994368327397,88.9860075166583,29.9910731248991));
#12237=CARTESIAN_POINT('Ctrl Pts',(6.02005438029862,90.5588957767326,29.5632206884152));
#12238=CARTESIAN_POINT('Ctrl Pts',(6.3536886705256,90.1388121614259,29.8187087741271));
#12239=CARTESIAN_POINT('Ctrl Pts',(6.61454197604643,89.5916834151913,30.0008412203614));
#12240=CARTESIAN_POINT('Ctrl Pts',(6.72120476295623,88.9957925098389,30.));
#12241=CARTESIAN_POINT('Ctrl Pts',(6.04226053688209,90.5725305791715,29.5548282872965));
#12242=CARTESIAN_POINT('Ctrl Pts',(6.37567074391668,90.1505936036504,29.8145360726648));
#12243=CARTESIAN_POINT('Ctrl Pts',(6.63636378124723,89.5999276361355,30.));
#12244=CARTESIAN_POINT('Ctrl Pts',(6.74324672910034,89.,30.));
#12245=CARTESIAN_POINT('',(5.94045765582802,90.2766674336176,29.4237747761254));
#12246=CARTESIAN_POINT('',(6.54679380853157,88.9625,29.8));
#12247=CARTESIAN_POINT('Ctrl Pts',(5.94045765582802,90.2766674336177,29.4237747761254));
#12248=CARTESIAN_POINT('Ctrl Pts',(6.22858496362092,89.9162482537947,29.6453802236861));
#12249=CARTESIAN_POINT('Ctrl Pts',(6.45209072810633,89.458625246304,29.8));
#12250=CARTESIAN_POINT('Ctrl Pts',(6.54679380853157,88.9625,29.8));
#12251=CARTESIAN_POINT('Origin',(6.74324672910034,89.,29.8));
#12252=CARTESIAN_POINT('',(6.04226053700422,90.5725305792799,29.5548282873159));
#12253=CARTESIAN_POINT('Ctrl Pts',(6.74324672910034,89.,30.));
#12254=CARTESIAN_POINT('Ctrl Pts',(6.63636378124723,89.5999276361355,30.));
#12255=CARTESIAN_POINT('Ctrl Pts',(6.37567074391668,90.1505936036504,29.8145360726648));
#12256=CARTESIAN_POINT('Ctrl Pts',(6.04226053688209,90.5725305791715,29.5548282872965));
#12257=CARTESIAN_POINT('',(5.99160140346848,90.4774810631572,29.5835344798495));
#12258=CARTESIAN_POINT('Ctrl Pts',(6.04226053716455,90.5725305788141,29.5548282875166));
#12259=CARTESIAN_POINT('Ctrl Pts',(6.03717249126824,90.5525738515428,29.5671119169254));
#12260=CARTESIAN_POINT('Ctrl Pts',(6.02995403135222,90.5338217277198,29.5757540654646));
#12261=CARTESIAN_POINT('Ctrl Pts',(6.01413043616166,90.5049549214701,29.5838586312136));
#12262=CARTESIAN_POINT('Ctrl Pts',(6.00618301173951,90.493334994131,29.5853778074065));
#12263=CARTESIAN_POINT('Ctrl Pts',(5.99504054058629,90.4810164903525,29.5841410660086));
#12264=CARTESIAN_POINT('Ctrl Pts',(5.99333508992157,90.4792201156842,29.5838764478342));
#12265=CARTESIAN_POINT('Ctrl Pts',(5.99160140346847,90.4774810631572,29.5835344798495));
#12266=CARTESIAN_POINT('Ctrl Pts',(5.99175989844045,90.4775405509149,29.5834706021014));
#12267=CARTESIAN_POINT('Ctrl Pts',(5.98241019962611,90.4681569960317,29.5816183529159));
#12268=CARTESIAN_POINT('Ctrl Pts',(5.973800175173,90.458316956095,29.5787207597009));
#12269=CARTESIAN_POINT('Ctrl Pts',(5.9660572188554,90.4481943788319,29.5748491602969));
#12270=CARTESIAN_POINT('Ctrl Pts',(5.9590469282378,90.4390296353537,29.5713439052156));
#12271=CARTESIAN_POINT('Ctrl Pts',(5.95274672129668,90.4296322615918,29.567039316766));
#12272=CARTESIAN_POINT('Ctrl Pts',(5.94726791214378,90.4201256287861,29.5619560615257));
#12273=CARTESIAN_POINT('Ctrl Pts',(5.94502363858024,90.4162314459284,29.559873817915));
#12274=CARTESIAN_POINT('Ctrl Pts',(5.94292629680705,90.4123341905593,29.5576687677886));
#12275=CARTESIAN_POINT('Ctrl Pts',(5.94098129385369,90.4084427312056,29.5553439985912));
#12276=CARTESIAN_POINT('Ctrl Pts',(5.93577554294157,90.3980273392673,29.5491218129905));
#12277=CARTESIAN_POINT('Ctrl Pts',(5.93165830196102,90.3876533347257,29.5420451253493));
#12278=CARTESIAN_POINT('Ctrl Pts',(5.92860039676382,90.3774391877078,29.5342751708978));
#12279=CARTESIAN_POINT('Ctrl Pts',(5.92681716542362,90.3714827613632,29.5297440865782));
#12280=CARTESIAN_POINT('Ctrl Pts',(5.92539485020387,90.3655806638754,29.5249763877503));
#12281=CARTESIAN_POINT('Ctrl Pts',(5.92433363316817,90.3597574110493,29.5199987248489));
#12282=CARTESIAN_POINT('Ctrl Pts',(5.92246712083723,90.3495152335866,29.511243805853));
#12283=CARTESIAN_POINT('Ctrl Pts',(5.9217312074825,90.3396043058149,29.5019161250142));
#12284=CARTESIAN_POINT('Ctrl Pts',(5.92210100641124,90.3301565455732,29.4921678591222));
#12285=CARTESIAN_POINT('Ctrl Pts',(5.92231361636058,90.3247247077007,29.486563250357));
#12286=CARTESIAN_POINT('Ctrl Pts',(5.92289247964689,90.3194460689987,29.4808189444632));
#12287=CARTESIAN_POINT('Ctrl Pts',(5.92383939421909,90.3143478390222,29.4749602497458));
#12288=CARTESIAN_POINT('Ctrl Pts',(5.92548841188717,90.3054694548955,29.4647575436259));
#12289=CARTESIAN_POINT('Ctrl Pts',(5.92824042540731,90.2971951310476,29.45427529858));
#12290=CARTESIAN_POINT('Ctrl Pts',(5.93209343156898,90.2896667295297,29.4436474342452));
#12291=CARTESIAN_POINT('Ctrl Pts',(5.93430484029344,90.2853458506887,29.4375476381571));
#12292=CARTESIAN_POINT('Ctrl Pts',(5.93687972419199,90.281270992006,29.4313995181593));
#12293=CARTESIAN_POINT('Ctrl Pts',(5.93982448886382,90.2774727540013,29.4252272709477));
#12294=CARTESIAN_POINT('Ctrl Pts',(5.94004953268184,90.2771824863305,29.4247555775416));
#12295=CARTESIAN_POINT('Ctrl Pts',(5.94027670769365,90.2768938765279,29.4242838072428));
#12296=CARTESIAN_POINT('Ctrl Pts',(5.9405060160701,90.2766069379963,29.4238119709557));
#12297=CARTESIAN_POINT('Ctrl Pts',(5.82238051218928,86.384801533585,29.8298321242582));
#12298=CARTESIAN_POINT('Ctrl Pts',(5.15029128800401,85.6436149858705,29.112936951794));
#12299=CARTESIAN_POINT('Ctrl Pts',(4.09018705472714,85.2757756042248,27.9821591029653));
#12300=CARTESIAN_POINT('Ctrl Pts',(3.10345644784859,85.4413779388342,26.9296464556282));
#12301=CARTESIAN_POINT('Ctrl Pts',(5.80965199970264,86.3707644059418,29.8580409179387));
#12302=CARTESIAN_POINT('Ctrl Pts',(5.12730515795729,85.6277549628937,29.1430715409377));
#12303=CARTESIAN_POINT('Ctrl Pts',(4.05316135004767,85.2682744889198,28.015488618801));
#12304=CARTESIAN_POINT('Ctrl Pts',(3.06448973746069,85.4479176956506,26.9697107290075));
#12305=CARTESIAN_POINT('Ctrl Pts',(5.79736037791868,86.3307988359348,29.9144069598963));
#12306=CARTESIAN_POINT('Ctrl Pts',(5.0955604517644,85.5751753751942,29.203224876211));
#12307=CARTESIAN_POINT('Ctrl Pts',(3.99059621945745,85.2164207328612,28.0822473194559));
#12308=CARTESIAN_POINT('Ctrl Pts',(2.97874345527029,85.4109530007203,27.0492532512902));
#12309=CARTESIAN_POINT('Ctrl Pts',(5.8143415233508,86.2772525803418,29.9564771470818));
#12310=CARTESIAN_POINT('Ctrl Pts',(5.1008698012354,85.4983416362756,29.2430804993036));
#12311=CARTESIAN_POINT('Ctrl Pts',(3.97623205849817,85.1171136022744,28.1179169383591));
#12312=CARTESIAN_POINT('Ctrl Pts',(2.93362116796696,85.3000144232721,27.0757567916979));
#12313=CARTESIAN_POINT('Ctrl Pts',(5.82911785676458,86.2504549691574,29.9712534804956));
#12314=CARTESIAN_POINT('Ctrl Pts',(5.11222268430029,85.4598559849285,29.2543583080313));
#12315=CARTESIAN_POINT('Ctrl Pts',(3.98144483547164,85.0674939778398,28.1235804592026));
#12316=CARTESIAN_POINT('Ctrl Pts',(2.92893218813453,85.2441364680899,27.0710678118655));
#12317=CARTESIAN_POINT('',(5.79440342464714,86.354402795196,29.7999898975466));
#12318=CARTESIAN_POINT('',(3.1034564478486,85.4413779388342,26.9296464556282));
#12319=CARTESIAN_POINT('Origin',(3.6,88.4,27.4592929112563));
#12320=CARTESIAN_POINT('Origin',(3.07035354437183,85.2441364680899,26.9296464556282));
#12321=CARTESIAN_POINT('Ctrl Pts',(5.79440342464714,86.354402795196,29.7999898975466));
#12322=CARTESIAN_POINT('Ctrl Pts',(5.79433627520364,86.3543306846939,29.8003111175393));
#12323=CARTESIAN_POINT('Ctrl Pts',(5.79426970515231,86.3542580405157,29.800632335787));
#12324=CARTESIAN_POINT('Ctrl Pts',(5.7942037143273,86.3541848638895,29.8009535495851));
#12325=CARTESIAN_POINT('Ctrl Pts',(5.79146135731417,86.351143889116,29.8143021160237));
#12326=CARTESIAN_POINT('Ctrl Pts',(5.78972291902341,86.3471939970997,29.827608624042));
#12327=CARTESIAN_POINT('Ctrl Pts',(5.78898127197586,86.3424190243075,29.8406789445264));
#12328=CARTESIAN_POINT('Ctrl Pts',(5.78853106559147,86.3395204443921,29.8486130983097));
#12329=CARTESIAN_POINT('Ctrl Pts',(5.78844886295881,86.3363170449096,29.8564602316805));
#12330=CARTESIAN_POINT('Ctrl Pts',(5.78874018649952,86.3328219858272,29.8641744555742));
#12331=CARTESIAN_POINT('Ctrl Pts',(5.78919187212157,86.3274030350212,29.8761350544653));
#12332=CARTESIAN_POINT('Ctrl Pts',(5.79053723764716,86.3213134681247,29.8877116711925));
#12333=CARTESIAN_POINT('Ctrl Pts',(5.79279691543142,86.3146090328793,29.8987334335111));
#12334=CARTESIAN_POINT('Ctrl Pts',(5.79433826484779,86.3100358687651,29.9062514907471));
#12335=CARTESIAN_POINT('Ctrl Pts',(5.79630581786287,86.3051760537223,29.9135110802474));
#12336=CARTESIAN_POINT('Ctrl Pts',(5.79868641431056,86.3000570637114,29.9204649972917));
#12337=CARTESIAN_POINT('Ctrl Pts',(5.8022271410119,86.2924434487985,29.9308077497484));
#12338=CARTESIAN_POINT('Ctrl Pts',(5.80665086692556,86.2843187526445,29.9403914571345));
#12339=CARTESIAN_POINT('Ctrl Pts',(5.81190261679308,86.2757912692025,29.9490745401896));
#12340=CARTESIAN_POINT('Ctrl Pts',(5.81689784493103,86.2676803107011,29.9573334980408));
#12341=CARTESIAN_POINT('Ctrl Pts',(5.82264264483142,86.2592038881908,29.9647782685624));
#12342=CARTESIAN_POINT('Ctrl Pts',(5.82911785676458,86.2504549691574,29.9712534804956));
#12343=CARTESIAN_POINT('Ctrl Pts',(3.10345644784859,85.4413779388342,26.9296464556282));
#12344=CARTESIAN_POINT('Ctrl Pts',(2.7530166744088,85.5001920104938,26.5558440306257));
#12345=CARTESIAN_POINT('Ctrl Pts',(2.12100782113064,85.7329162047666,25.7596537516221));
#12346=CARTESIAN_POINT('Ctrl Pts',(1.47758556345215,86.2366950387825,24.6316809091176));
#12347=CARTESIAN_POINT('Ctrl Pts',(1.05260174962686,86.7793304646892,23.6331910146724));
#12348=CARTESIAN_POINT('Ctrl Pts',(0.823150481005943,87.2304136183644,22.9212375084509));
#12349=CARTESIAN_POINT('Ctrl Pts',(0.687987235632648,87.651636044865,22.3925459909262));
#12350=CARTESIAN_POINT('Ctrl Pts',(0.625632532196836,87.9653008320154,22.1022033901732));
#12351=CARTESIAN_POINT('Ctrl Pts',(0.599080914178467,88.2762900296308,21.9649733934934));
#12352=CARTESIAN_POINT('Ctrl Pts',(0.59945073437608,88.531886051257,21.967041764048));
#12353=CARTESIAN_POINT('Ctrl Pts',(0.619580036185346,88.7643124909309,22.0704502679076));
#12354=CARTESIAN_POINT('Ctrl Pts',(0.641045073779568,88.8987910110038,22.1730025889505));
#12355=CARTESIAN_POINT('Ctrl Pts',(0.653206191468432,88.9625,22.2285515178061));
#12356=CARTESIAN_POINT('Ctrl Pts',(3.08118975619836,85.4451149427293,26.9525403261306));
#12357=CARTESIAN_POINT('Ctrl Pts',(2.72902623454092,85.506937902711,26.5789570665552));
#12358=CARTESIAN_POINT('Ctrl Pts',(2.09475262891614,85.7466759226831,25.7833927597589));
#12359=CARTESIAN_POINT('Ctrl Pts',(1.45254266341066,86.2607857476683,24.6569305211756));
#12360=CARTESIAN_POINT('Ctrl Pts',(1.0318214729086,86.8114578604903,23.6609095978404));
#12361=CARTESIAN_POINT('Ctrl Pts',(0.807603435819706,87.2673783887957,22.9522049923488));
#12362=CARTESIAN_POINT('Ctrl Pts',(0.678525885644296,87.68846190673,22.429589259924));
#12363=CARTESIAN_POINT('Ctrl Pts',(0.621418723758441,87.997448080213,22.1473888670282));
#12364=CARTESIAN_POINT('Ctrl Pts',(0.599239637789131,88.2886559548159,22.0209797162205));
#12365=CARTESIAN_POINT('Ctrl Pts',(0.599558319302353,88.5187070848557,22.0229972903647));
#12366=CARTESIAN_POINT('Ctrl Pts',(0.616397999857254,88.7363596723666,22.1182894573547));
#12367=CARTESIAN_POINT('Ctrl Pts',(0.635709582910631,88.8668761590345,22.2169682835164));
#12368=CARTESIAN_POINT('Ctrl Pts',(0.646843254002168,88.9291661960362,22.2708165921306));
#12369=CARTESIAN_POINT('Ctrl Pts',(3.03405306894378,85.4369760875039,26.9983110747825));
#12370=CARTESIAN_POINT('Ctrl Pts',(2.67629234689653,85.5034169380642,26.6251670073359));
#12371=CARTESIAN_POINT('Ctrl Pts',(2.03255152317743,85.754669478809,25.8307629167331));
#12372=CARTESIAN_POINT('Ctrl Pts',(1.38335326502166,86.288210545258,24.7072704775351));
#12373=CARTESIAN_POINT('Ctrl Pts',(0.961371325537703,86.8564962923119,23.7161487271437));
#12374=CARTESIAN_POINT('Ctrl Pts',(0.739718247989998,87.3252563428757,23.0139200118233));
#12375=CARTESIAN_POINT('Ctrl Pts',(0.616134830763894,87.7506645295173,22.5034425793588));
#12376=CARTESIAN_POINT('Ctrl Pts',(0.565153246786162,88.0546294148591,22.2375479619187));
#12377=CARTESIAN_POINT('Ctrl Pts',(0.549215090595081,88.3113368511617,22.1327954020049));
#12378=CARTESIAN_POINT('Ctrl Pts',(0.549483019268258,88.4946711416379,22.1347072051174));
#12379=CARTESIAN_POINT('Ctrl Pts',(0.561674229159164,88.6865507269663,22.213736277149));
#12380=CARTESIAN_POINT('Ctrl Pts',(0.578320811432628,88.8111194456818,22.3046532319648));
#12381=CARTESIAN_POINT('Ctrl Pts',(0.588238683416915,88.8714620723592,22.3550948393294));
#12382=CARTESIAN_POINT('Ctrl Pts',(2.97161744565564,85.3808086637049,27.0513201570824));
#12383=CARTESIAN_POINT('Ctrl Pts',(2.60267598320015,85.4487737561971,26.6770559281717));
#12384=CARTESIAN_POINT('Ctrl Pts',(1.93730047245818,85.7056924213651,25.8803091560967));
#12385=CARTESIAN_POINT('Ctrl Pts',(1.26186642707573,86.2523729255079,24.7535393214134));
#12386=CARTESIAN_POINT('Ctrl Pts',(0.818819754634871,86.8356570963615,23.7598800898874));
#12387=CARTESIAN_POINT('Ctrl Pts',(0.583049009723455,87.3176859747093,23.0566137199114));
#12388=CARTESIAN_POINT('Ctrl Pts',(0.449248753798658,87.7540380643141,22.5479009045402));
#12389=CARTESIAN_POINT('Ctrl Pts',(0.392761377695902,88.063906473989,22.2865093374153));
#12390=CARTESIAN_POINT('Ctrl Pts',(0.374598264722127,88.3162776081564,22.1890835882931));
#12391=CARTESIAN_POINT('Ctrl Pts',(0.374909719027844,88.4894653264087,22.190968037024));
#12392=CARTESIAN_POINT('Ctrl Pts',(0.388755357292246,88.6780984996997,22.2645002395775));
#12393=CARTESIAN_POINT('Ctrl Pts',(0.407302270988993,88.8039058771617,22.3530817774344));
#12394=CARTESIAN_POINT('Ctrl Pts',(0.418260222599152,88.8651147344435,22.402553502749));
#12395=CARTESIAN_POINT('Ctrl Pts',(2.93838174891782,85.3080057533491,27.0723373903032));
#12396=CARTESIAN_POINT('Ctrl Pts',(2.56114488048913,85.3735343148556,26.6948210943015));
#12397=CARTESIAN_POINT('Ctrl Pts',(1.88012358795614,85.6267201866418,25.8908520468753));
#12398=CARTESIAN_POINT('Ctrl Pts',(1.18536845156505,86.1701795395749,24.7524112687382));
#12399=CARTESIAN_POINT('Ctrl Pts',(0.725839402955528,86.7529185204121,23.7461406264211));
#12400=CARTESIAN_POINT('Ctrl Pts',(0.477745937627712,87.2360640225847,23.0311008605718));
#12401=CARTESIAN_POINT('Ctrl Pts',(0.332763452234014,87.6800777127042,22.5071993066597));
#12402=CARTESIAN_POINT('Ctrl Pts',(0.267673924157971,88.002768052122,22.2291159603182));
#12403=CARTESIAN_POINT('Ctrl Pts',(0.242560167074757,88.2933424363898,22.1117462892835));
#12404=CARTESIAN_POINT('Ctrl Pts',(0.242947139349474,88.5137920522704,22.1137390720006));
#12405=CARTESIAN_POINT('Ctrl Pts',(0.262022167321402,88.7309690465638,22.2022432271789));
#12406=CARTESIAN_POINT('Ctrl Pts',(0.284052557018312,88.8655498997114,22.2984483275519));
#12407=CARTESIAN_POINT('Ctrl Pts',(0.296704388346285,88.9301645210586,22.3513601707734));
#12408=CARTESIAN_POINT('Ctrl Pts',(2.93027189665806,85.2601015981419,27.072407520389));
#12409=CARTESIAN_POINT('Ctrl Pts',(2.54973199442077,85.3235341472834,26.6920040279997));
#12410=CARTESIAN_POINT('Ctrl Pts',(1.86310143384877,85.5730017520534,25.8817971284275));
#12411=CARTESIAN_POINT('Ctrl Pts',(1.16351941844768,86.1118750159736,24.733978045498));
#12412=CARTESIAN_POINT('Ctrl Pts',(0.701084003466203,86.6916478771327,23.7181969257532));
#12413=CARTESIAN_POINT('Ctrl Pts',(0.451274124538658,87.1732750621219,22.9944665864353));
#12414=CARTESIAN_POINT('Ctrl Pts',(0.304288014720389,87.6212346404341,22.4587598945031));
#12415=CARTESIAN_POINT('Ctrl Pts',(0.236867405566131,87.9528326452733,22.1669427097045));
#12416=CARTESIAN_POINT('Ctrl Pts',(0.208756506369231,88.2743054297705,22.0325109719074));
#12417=CARTESIAN_POINT('Ctrl Pts',(0.209153776720919,88.533958976571,22.034593860445));
#12418=CARTESIAN_POINT('Ctrl Pts',(0.23045808680622,88.7742237089948,22.1359137247642));
#12419=CARTESIAN_POINT('Ctrl Pts',(0.253576456798246,88.9154541967166,22.2384874240124));
#12420=CARTESIAN_POINT('Ctrl Pts',(0.266713511138978,88.9825756610402,22.2942460656301));
#12421=CARTESIAN_POINT('Ctrl Pts',(2.92893218813451,85.2441364680898,27.0710678118655));
#12422=CARTESIAN_POINT('Ctrl Pts',(2.54750114221365,85.30687147786,26.6896367659446));
#12423=CARTESIAN_POINT('Ctrl Pts',(1.85960034952995,85.5551106184177,25.8771977057369));
#12424=CARTESIAN_POINT('Ctrl Pts',(1.15927680375745,86.0924747080347,24.7262050093037));
#12425=CARTESIAN_POINT('Ctrl Pts',(0.696709387348974,86.6712858290018,23.7073377700739));
#12426=CARTESIAN_POINT('Ctrl Pts',(0.446966509938449,87.152441192922,22.9808546004602));
#12427=CARTESIAN_POINT('Ctrl Pts',(0.299850052389288,87.6017451145226,22.4413734601288));
#12428=CARTESIAN_POINT('Ctrl Pts',(0.231980987425138,87.9363208874831,22.1451055001767));
#12429=CARTESIAN_POINT('Ctrl Pts',(0.203081267133034,88.2680426982728,22.0050748913198));
#12430=CARTESIAN_POINT('Ctrl Pts',(0.203483792518193,88.5406784546741,22.0071854735184));
#12431=CARTESIAN_POINT('Ctrl Pts',(0.22539323666433,88.7885999903263,22.1127043550078));
#12432=CARTESIAN_POINT('Ctrl Pts',(0.248756542889337,88.9320437450708,22.2173495805618));
#12433=CARTESIAN_POINT('Ctrl Pts',(0.261993133571083,89.,22.2740321610266));
#12434=CARTESIAN_POINT('',(0.653206191468432,88.9625,22.2285515178061));
#12435=CARTESIAN_POINT('Origin',(0.45675327089966,89.,22.2285515178061));
#12436=CARTESIAN_POINT('Ctrl Pts',(3.10345644784859,85.4413779388342,26.9296464556282));
#12437=CARTESIAN_POINT('Ctrl Pts',(2.7530166744088,85.5001920104938,26.5558440306257));
#12438=CARTESIAN_POINT('Ctrl Pts',(2.12100782113064,85.7329162047666,25.7596537516221));
#12439=CARTESIAN_POINT('Ctrl Pts',(1.47758556345215,86.2366950387825,24.6316809091176));
#12440=CARTESIAN_POINT('Ctrl Pts',(1.05260174962686,86.7793304646892,23.6331910146724));
#12441=CARTESIAN_POINT('Ctrl Pts',(0.823150481005943,87.2304136183644,22.9212375084509));
#12442=CARTESIAN_POINT('Ctrl Pts',(0.687987235632648,87.651636044865,22.3925459909262));
#12443=CARTESIAN_POINT('Ctrl Pts',(0.625632532196836,87.9653008320154,22.1022033901732));
#12444=CARTESIAN_POINT('Ctrl Pts',(0.599080914178467,88.2762900296308,21.9649733934934));
#12445=CARTESIAN_POINT('Ctrl Pts',(0.59945073437608,88.531886051257,21.967041764048));
#12446=CARTESIAN_POINT('Ctrl Pts',(0.619580036185346,88.7643124909309,22.0704502679076));
#12447=CARTESIAN_POINT('Ctrl Pts',(0.641045073779568,88.8987910110038,22.1730025889505));
#12448=CARTESIAN_POINT('Ctrl Pts',(0.653206191468432,88.9625,22.2285515178061));
#12449=CARTESIAN_POINT('Ctrl Pts',(0.653206191468429,88.9625,22.2285515178061));
#12450=CARTESIAN_POINT('Ctrl Pts',(0.714948319419418,89.285951236216,22.5105740391472));
#12451=CARTESIAN_POINT('Ctrl Pts',(0.969799984425605,89.9923495834713,22.9609698744697));
#12452=CARTESIAN_POINT('Ctrl Pts',(1.78095128659581,90.8885348175264,23.4368067368076));
#12453=CARTESIAN_POINT('Ctrl Pts',(2.69005602465835,91.2978155784779,23.8780721290948));
#12454=CARTESIAN_POINT('Ctrl Pts',(3.16628197983434,91.3719877299966,24.3305826047662));
#12455=CARTESIAN_POINT('Ctrl Pts',(3.30990540291345,91.3859412460297,24.4950089725696));
#12456=CARTESIAN_POINT('Ctrl Pts',(0.64684325400216,88.9291661960361,22.2708165921306));
#12457=CARTESIAN_POINT('Ctrl Pts',(0.705800812422378,89.2578875954082,22.5563183829981));
#12458=CARTESIAN_POINT('Ctrl Pts',(0.956963791613628,89.9737448850823,23.0100493614006));
#12459=CARTESIAN_POINT('Ctrl Pts',(1.76720243561886,90.8777062146183,23.4880233145492));
#12460=CARTESIAN_POINT('Ctrl Pts',(2.66402228698753,91.2880069195283,23.9266420659644));
#12461=CARTESIAN_POINT('Ctrl Pts',(3.12923972738653,91.3664816552937,24.3699404631029));
#12462=CARTESIAN_POINT('Ctrl Pts',(3.2708300092952,91.3821449353746,24.5317596956846));
#12463=CARTESIAN_POINT('Ctrl Pts',(0.588232687048228,88.8715448668714,22.3549949522381));
#12464=CARTESIAN_POINT('Ctrl Pts',(0.643038151846353,89.2158873661413,22.6474591342296));
#12465=CARTESIAN_POINT('Ctrl Pts',(0.891230394948259,89.9610636807316,23.1078802525543));
#12466=CARTESIAN_POINT('Ctrl Pts',(1.71131066390101,90.8948357142491,23.5901480432681));
#12467=CARTESIAN_POINT('Ctrl Pts',(2.59752601571928,91.3152521738805,24.0234920416587));
#12468=CARTESIAN_POINT('Ctrl Pts',(3.0486923878872,91.4018951314907,24.4483647833366));
#12469=CARTESIAN_POINT('Ctrl Pts',(3.1885474573641,91.4203585926485,24.6049644144611));
#12470=CARTESIAN_POINT('Ctrl Pts',(0.418252523173147,88.8650584709578,22.4026241311432));
#12471=CARTESIAN_POINT('Ctrl Pts',(0.474372221862968,89.2325118973855,22.6996374859467));
#12472=CARTESIAN_POINT('Ctrl Pts',(0.733632230078546,90.0259407702551,23.1650187480042));
#12473=CARTESIAN_POINT('Ctrl Pts',(1.59451633540885,91.0192787421154,23.6481508791261));
#12474=CARTESIAN_POINT('Ctrl Pts',(2.51803448891505,91.4685434885777,24.0757566288014));
#12475=CARTESIAN_POINT('Ctrl Pts',(2.98315672382609,91.5599542107167,24.492744144076));
#12476=CARTESIAN_POINT('Ctrl Pts',(3.12760583824769,91.5788549512669,24.6473975922323));
#12477=CARTESIAN_POINT('Ctrl Pts',(0.296701592460962,88.9301626660063,22.3513630930664));
#12478=CARTESIAN_POINT('Ctrl Pts',(0.358842476887983,89.3046638036043,22.6450894197295));
#12479=CARTESIAN_POINT('Ctrl Pts',(0.633576183080665,90.1172449857846,23.1082219413686));
#12480=CARTESIAN_POINT('Ctrl Pts',(1.53079541477344,91.1415896567421,23.5864960483645));
#12481=CARTESIAN_POINT('Ctrl Pts',(2.51158471127032,91.6084128956598,24.0133328466407));
#12482=CARTESIAN_POINT('Ctrl Pts',(3.00922176198696,91.6969737036369,24.4450532991144));
#12483=CARTESIAN_POINT('Ctrl Pts',(3.16070493601443,91.7141144887525,24.6043151146581));
#12484=CARTESIAN_POINT('Ctrl Pts',(0.266713511138974,88.9825756610402,22.2942460656301));
#12485=CARTESIAN_POINT('Ctrl Pts',(0.332710284561168,89.3538990140038,22.5836075833347));
#12486=CARTESIAN_POINT('Ctrl Pts',(0.614920699212113,90.1635992180249,23.0429226073143));
#12487=CARTESIAN_POINT('Ctrl Pts',(1.52554297450697,91.1891920157453,23.5173537406424));
#12488=CARTESIAN_POINT('Ctrl Pts',(2.53630950528369,91.6574802479354,23.9462642829647));
#12489=CARTESIAN_POINT('Ctrl Pts',(3.05364905277136,91.743257182489,24.391848938486));
#12490=CARTESIAN_POINT('Ctrl Pts',(3.2089719943432,91.7594683871676,24.555238629168));
#12491=CARTESIAN_POINT('Ctrl Pts',(0.261993133571079,89.,22.2740321610266));
#12492=CARTESIAN_POINT('Ctrl Pts',(0.329195449708205,89.3696585556756,22.5618102440278));
#12493=CARTESIAN_POINT('Ctrl Pts',(0.613466316093229,90.1769709525388,23.0196937369418));
#12494=CARTESIAN_POINT('Ctrl Pts',(1.52737127841219,91.2011826486017,23.4929043515362));
#12495=CARTESIAN_POINT('Ctrl Pts',(2.54681971281568,91.6689320896891,23.9227748025855));
#12496=CARTESIAN_POINT('Ctrl Pts',(3.07021892348301,91.7537002628533,24.3730274536075));
#12497=CARTESIAN_POINT('Ctrl Pts',(3.22671438061441,91.7696471383197,24.5377864299654));
#12498=CARTESIAN_POINT('',(3.30990540291345,91.3859412460297,24.4950089725696));
#12499=CARTESIAN_POINT('',(3.22671438061442,91.7696471383196,24.5377864299653));
#12500=CARTESIAN_POINT('Origin',(3.29056576310768,91.585003995765,24.4950089725696));
#12501=CARTESIAN_POINT('Ctrl Pts',(3.22671438061441,91.7696471383197,24.5377864299654));
#12502=CARTESIAN_POINT('Ctrl Pts',(3.07021892348301,91.7537002628533,24.3730274536075));
#12503=CARTESIAN_POINT('Ctrl Pts',(2.54681971281568,91.6689320896891,23.9227748025855));
#12504=CARTESIAN_POINT('Ctrl Pts',(1.52737127841219,91.2011826486017,23.4929043515362));
#12505=CARTESIAN_POINT('Ctrl Pts',(0.613466316093229,90.1769709525388,23.0196937369418));
#12506=CARTESIAN_POINT('Ctrl Pts',(0.329195449708205,89.3696585556756,22.5618102440278));
#12507=CARTESIAN_POINT('Ctrl Pts',(0.261993133571079,89.,22.2740321610266));
#12508=CARTESIAN_POINT('Ctrl Pts',(0.653206191468429,88.9625,22.2285515178061));
#12509=CARTESIAN_POINT('Ctrl Pts',(0.714948319419418,89.285951236216,22.5105740391472));
#12510=CARTESIAN_POINT('Ctrl Pts',(0.969799984425605,89.9923495834713,22.9609698744697));
#12511=CARTESIAN_POINT('Ctrl Pts',(1.78095128659581,90.8885348175264,23.4368067368076));
#12512=CARTESIAN_POINT('Ctrl Pts',(2.69005602465835,91.2978155784779,23.8780721290948));
#12513=CARTESIAN_POINT('Ctrl Pts',(3.16628197983434,91.3719877299966,24.3305826047662));
#12514=CARTESIAN_POINT('Ctrl Pts',(3.30990540291345,91.3859412460297,24.4950089725696));
#12515=CARTESIAN_POINT('Ctrl Pts',(3.30990540291339,91.3859412460297,24.4950089725695));
#12516=CARTESIAN_POINT('Ctrl Pts',(3.42151039324107,91.3967840597471,24.6227792400842));
#12517=CARTESIAN_POINT('Ctrl Pts',(3.59357501264985,91.4028479640497,24.9233977549892));
#12518=CARTESIAN_POINT('Ctrl Pts',(3.83383141285488,91.3945695664811,25.4794144207437));
#12519=CARTESIAN_POINT('Ctrl Pts',(4.00568178891367,91.3747002305644,25.8768214249531));
#12520=CARTESIAN_POINT('Ctrl Pts',(4.11977104717635,91.3546299359678,26.1084488168718));
#12521=CARTESIAN_POINT('Ctrl Pts',(3.27083000929526,91.3821449353746,24.5317596956847));
#12522=CARTESIAN_POINT('Ctrl Pts',(3.37729104064831,91.3939667949671,24.6538223729132));
#12523=CARTESIAN_POINT('Ctrl Pts',(3.54620596978624,91.4026861100071,24.94686064488));
#12524=CARTESIAN_POINT('Ctrl Pts',(3.7871129979832,91.3982383712865,25.5003472313316));
#12525=CARTESIAN_POINT('Ctrl Pts',(3.96128661059009,91.3807988310949,25.8987386639533));
#12526=CARTESIAN_POINT('Ctrl Pts',(4.07722215408333,91.3621150299385,26.1314954851839));
#12527=CARTESIAN_POINT('Ctrl Pts',(3.18854733804678,91.420359280982,24.6049644633238));
#12528=CARTESIAN_POINT('Ctrl Pts',(3.28650823034844,91.433846063921,24.7156031828329));
#12529=CARTESIAN_POINT('Ctrl Pts',(3.45173565599888,91.4465072596132,24.9935346297642));
#12530=CARTESIAN_POINT('Ctrl Pts',(3.69737580605386,91.446763893984,25.5419425688946));
#12531=CARTESIAN_POINT('Ctrl Pts',(3.87806655554076,91.4318406574725,25.9424441203256));
#12532=CARTESIAN_POINT('Ctrl Pts',(3.9989049370282,91.4142240070792,26.1774589411992));
#12533=CARTESIAN_POINT('Ctrl Pts',(3.12760573838812,91.5788552638726,24.6473976569769));
#12534=CARTESIAN_POINT('Ctrl Pts',(3.22523482558387,91.5927941856386,24.7520448025737));
#12535=CARTESIAN_POINT('Ctrl Pts',(3.39363262375185,91.6047380759845,25.0224027713498));
#12536=CARTESIAN_POINT('Ctrl Pts',(3.64756888310338,91.6019197385817,25.5695704440435));
#12537=CARTESIAN_POINT('Ctrl Pts',(3.83537901048173,91.5834361241705,25.9731256399205));
#12538=CARTESIAN_POINT('Ctrl Pts',(3.96125476503556,91.5630885151832,26.2109989454546));
#12539=CARTESIAN_POINT('Ctrl Pts',(3.16070485202429,91.7141147511797,24.6043151691588));
#12540=CARTESIAN_POINT('Ctrl Pts',(3.26833909587185,91.7271781647075,24.7165041779096));
#12541=CARTESIAN_POINT('Ctrl Pts',(3.44407944400385,91.7357323825318,24.9974944483234));
#12542=CARTESIAN_POINT('Ctrl Pts',(3.70053370883353,91.7275414326284,25.5502036303891));
#12543=CARTESIAN_POINT('Ctrl Pts',(3.88764128204754,91.7051172928883,25.9556950219303));
#12544=CARTESIAN_POINT('Ctrl Pts',(4.01309411376507,91.6821842578946,26.1947704620569));
#12545=CARTESIAN_POINT('Ctrl Pts',(3.20897199434331,91.7594683871676,24.5552386291682));
#12546=CARTESIAN_POINT('Ctrl Pts',(3.32455205308381,91.7720136093412,24.6754374823855));
#12547=CARTESIAN_POINT('Ctrl Pts',(3.50523067079083,91.7792339062805,24.96729538135));
#12548=CARTESIAN_POINT('Ctrl Pts',(3.7612760128855,91.769902783716,25.524592423353));
#12549=CARTESIAN_POINT('Ctrl Pts',(3.9458627228511,91.7470376225882,25.9301542983032));
#12550=CARTESIAN_POINT('Ctrl Pts',(4.0694664182817,91.7239812593647,26.1690160122985));
#12551=CARTESIAN_POINT('Ctrl Pts',(3.22671438061446,91.7696471383197,24.5377864299654));
#12552=CARTESIAN_POINT('Ctrl Pts',(3.34493632089462,91.7820389254253,24.6607618505512));
#12553=CARTESIAN_POINT('Ctrl Pts',(3.52722847896174,91.7889691017711,24.9563783509353));
#12554=CARTESIAN_POINT('Ctrl Pts',(3.78308876759228,91.7795080759784,25.5151593964424));
#12555=CARTESIAN_POINT('Ctrl Pts',(3.96673158156776,91.7568002635022,25.9206455018529));
#12556=CARTESIAN_POINT('Ctrl Pts',(4.08965908203765,91.7338627839632,26.1593202520953));
#12557=CARTESIAN_POINT('',(4.11977104717635,91.3546299359678,26.1084488168718));
#12558=CARTESIAN_POINT('',(4.08965908203739,91.7338627839632,26.1593202520949));
#12559=CARTESIAN_POINT('Origin',(4.15442245032144,91.5516052650324,26.1084488168718));
#12560=CARTESIAN_POINT('Ctrl Pts',(4.08965908203765,91.7338627839632,26.1593202520953));
#12561=CARTESIAN_POINT('Ctrl Pts',(3.96673158156776,91.7568002635022,25.9206455018529));
#12562=CARTESIAN_POINT('Ctrl Pts',(3.78308876759228,91.7795080759784,25.5151593964424));
#12563=CARTESIAN_POINT('Ctrl Pts',(3.52722847896174,91.7889691017711,24.9563783509353));
#12564=CARTESIAN_POINT('Ctrl Pts',(3.34493632089462,91.7820389254253,24.6607618505512));
#12565=CARTESIAN_POINT('Ctrl Pts',(3.22671438061446,91.7696471383197,24.5377864299654));
#12566=CARTESIAN_POINT('Ctrl Pts',(3.30990540291339,91.3859412460297,24.4950089725695));
#12567=CARTESIAN_POINT('Ctrl Pts',(3.42151039324107,91.3967840597471,24.6227792400842));
#12568=CARTESIAN_POINT('Ctrl Pts',(3.59357501264985,91.4028479640497,24.9233977549892));
#12569=CARTESIAN_POINT('Ctrl Pts',(3.83383141285488,91.3945695664811,25.4794144207437));
#12570=CARTESIAN_POINT('Ctrl Pts',(4.00568178891367,91.3747002305644,25.8768214249531));
#12571=CARTESIAN_POINT('Ctrl Pts',(4.11977104717635,91.3546299359678,26.1084488168718));
#12572=CARTESIAN_POINT('Ctrl Pts',(4.11977104717626,91.3546299359678,26.1084488168716));
#12573=CARTESIAN_POINT('Ctrl Pts',(4.35217781783087,91.3137455229713,26.5802879275006));
#12574=CARTESIAN_POINT('Ctrl Pts',(4.75400990029563,91.1989113797351,27.3560219680986));
#12575=CARTESIAN_POINT('Ctrl Pts',(5.27419694164809,90.9052070724562,28.2189999794714));
#12576=CARTESIAN_POINT('Ctrl Pts',(5.60806373997363,90.636701569484,28.7668620965683));
#12577=CARTESIAN_POINT('Ctrl Pts',(5.76210728840198,90.4820819497434,29.037315723319));
#12578=CARTESIAN_POINT('Ctrl Pts',(5.8282986537142,90.408652560762,29.1810405321036));
#12579=CARTESIAN_POINT('Ctrl Pts',(4.07722215408323,91.3621150299385,26.1314954851837));
#12580=CARTESIAN_POINT('Ctrl Pts',(4.31210038754698,91.3242848145943,26.6029091298591));
#12581=CARTESIAN_POINT('Ctrl Pts',(4.72026141989781,91.2134879573319,27.3796974893171));
#12582=CARTESIAN_POINT('Ctrl Pts',(5.24943482547839,90.9220733341044,28.2424311741365));
#12583=CARTESIAN_POINT('Ctrl Pts',(5.58918407875642,90.6537944247252,28.7887777087848));
#12584=CARTESIAN_POINT('Ctrl Pts',(5.74574667968309,90.4990861931121,29.0569864255023));
#12585=CARTESIAN_POINT('Ctrl Pts',(5.81286157417269,90.4257776844551,29.1979564796255));
#12586=CARTESIAN_POINT('Ctrl Pts',(3.99890499470903,91.4142246954455,26.1774589745166));
#12587=CARTESIAN_POINT('Ctrl Pts',(4.24115351711468,91.3788155316137,26.6480172718664));
#12588=CARTESIAN_POINT('Ctrl Pts',(4.66472708186498,91.2694322353482,27.4269886343409));
#12589=CARTESIAN_POINT('Ctrl Pts',(5.21256238457113,90.9739497113539,28.2892455945062));
#12590=CARTESIAN_POINT('Ctrl Pts',(5.56309368799079,90.7006604120514,28.8325821120878));
#12591=CARTESIAN_POINT('Ctrl Pts',(5.72339346130523,90.5429750106434,29.0963160423683));
#12592=CARTESIAN_POINT('Ctrl Pts',(5.79126302101591,90.468367089929,29.2317763091124));
#12593=CARTESIAN_POINT('Ctrl Pts',(3.96125473665224,91.5630888338016,26.2109989898153));
#12594=CARTESIAN_POINT('Ctrl Pts',(4.21145227531122,91.5218923328825,26.683595435296));
#12595=CARTESIAN_POINT('Ctrl Pts',(4.64885328353139,91.3995074585131,27.469181441965));
#12596=CARTESIAN_POINT('Ctrl Pts',(5.21140508373159,91.0821235569422,28.3377516596195));
#12597=CARTESIAN_POINT('Ctrl Pts',(5.56807977246666,90.7917929549224,28.8822319851279));
#12598=CARTESIAN_POINT('Ctrl Pts',(5.72769441496583,90.624809420539,29.1433403109105));
#12599=CARTESIAN_POINT('Ctrl Pts',(5.79243657206739,90.5456855991697,29.2733355230314));
#12600=CARTESIAN_POINT('Ctrl Pts',(4.0130940906846,91.6821845254909,26.1947704989157));
#12601=CARTESIAN_POINT('Ctrl Pts',(4.26275838082722,91.6354475494076,26.672021005565));
#12602=CARTESIAN_POINT('Ctrl Pts',(4.69689148783906,91.5032751016819,27.465711295027));
#12603=CARTESIAN_POINT('Ctrl Pts',(5.25597885272912,91.1697317687841,28.3473209826189));
#12604=CARTESIAN_POINT('Ctrl Pts',(5.6081154116115,90.8665298261693,28.8999691183709));
#12605=CARTESIAN_POINT('Ctrl Pts',(5.76222369402397,90.6923443873511,29.1645229309104));
#12606=CARTESIAN_POINT('Ctrl Pts',(5.82129413712706,90.6096399659215,29.2940121366493));
#12607=CARTESIAN_POINT('Ctrl Pts',(4.06946641828159,91.7239812593647,26.1690160122983));
#12608=CARTESIAN_POINT('Ctrl Pts',(4.31656339353083,91.6769947271407,26.6490472912817));
#12609=CARTESIAN_POINT('Ctrl Pts',(4.74449049071331,91.5449231597866,27.4466776720781));
#12610=CARTESIAN_POINT('Ctrl Pts',(5.29688485420837,91.2090812927733,28.3377874738594));
#12611=CARTESIAN_POINT('Ctrl Pts',(5.64381563099748,90.9026590182958,28.8980022475987));
#12612=CARTESIAN_POINT('Ctrl Pts',(5.79368449301418,90.7263361928902,29.1671879909251));
#12613=CARTESIAN_POINT('Ctrl Pts',(5.84876887261768,90.6426009759291,29.298477830602));
#12614=CARTESIAN_POINT('Ctrl Pts',(4.08965908203754,91.7338627839632,26.1593202520951));
#12615=CARTESIAN_POINT('Ctrl Pts',(4.33585936023949,91.6871377405386,26.640154922236));
#12616=CARTESIAN_POINT('Ctrl Pts',(4.7615469292146,91.5558987196972,27.4388681433571));
#12617=CARTESIAN_POINT('Ctrl Pts',(5.31152120971438,91.2202366542357,28.3330946210707));
#12618=CARTESIAN_POINT('Ctrl Pts',(5.65661948016461,90.9133732222674,28.8960031070401));
#12619=CARTESIAN_POINT('Ctrl Pts',(5.80506854341611,90.736665085421,29.1669631361833));
#12620=CARTESIAN_POINT('Ctrl Pts',(5.85882712235956,90.6527457837279,29.2990653070392));
#12621=CARTESIAN_POINT('',(5.8282986537142,90.408652560762,29.1810405321036));
#12622=CARTESIAN_POINT('',(5.85882712235954,90.652745783728,29.2990653070392));
#12623=CARTESIAN_POINT('Origin',(5.97685189729514,90.5425627314794,29.1810405321036));
#12624=CARTESIAN_POINT('Ctrl Pts',(5.85882712235956,90.6527457837279,29.2990653070392));
#12625=CARTESIAN_POINT('Ctrl Pts',(5.80506854341611,90.736665085421,29.1669631361833));
#12626=CARTESIAN_POINT('Ctrl Pts',(5.65661948016461,90.9133732222674,28.8960031070401));
#12627=CARTESIAN_POINT('Ctrl Pts',(5.31152120971438,91.2202366542357,28.3330946210707));
#12628=CARTESIAN_POINT('Ctrl Pts',(4.7615469292146,91.5558987196972,27.4388681433571));
#12629=CARTESIAN_POINT('Ctrl Pts',(4.33585936023949,91.6871377405386,26.640154922236));
#12630=CARTESIAN_POINT('Ctrl Pts',(4.08965908203754,91.7338627839632,26.1593202520951));
#12631=CARTESIAN_POINT('Ctrl Pts',(4.11977104717626,91.3546299359678,26.1084488168716));
#12632=CARTESIAN_POINT('Ctrl Pts',(4.35217781783087,91.3137455229713,26.5802879275006));
#12633=CARTESIAN_POINT('Ctrl Pts',(4.75400990029563,91.1989113797351,27.3560219680986));
#12634=CARTESIAN_POINT('Ctrl Pts',(5.27419694164809,90.9052070724562,28.2189999794714));
#12635=CARTESIAN_POINT('Ctrl Pts',(5.60806373997363,90.636701569484,28.7668620965683));
#12636=CARTESIAN_POINT('Ctrl Pts',(5.76210728840198,90.4820819497434,29.037315723319));
#12637=CARTESIAN_POINT('Ctrl Pts',(5.8282986537142,90.408652560762,29.1810405321036));
#12638=CARTESIAN_POINT('Ctrl Pts',(5.8282986537142,90.408652560762,29.1810405321036));
#12639=CARTESIAN_POINT('Ctrl Pts',(5.87187720134554,90.3603087003479,29.2756649350885));
#12640=CARTESIAN_POINT('Ctrl Pts',(5.91497859341501,90.3093467332755,29.368941885993));
#12641=CARTESIAN_POINT('Ctrl Pts',(5.95751500761949,90.2552959302626,29.4604532085239));
#12642=CARTESIAN_POINT('Ctrl Pts',(5.79742449463117,90.4429028081483,29.2148724271474));
#12643=CARTESIAN_POINT('Ctrl Pts',(5.84282240854091,90.3941151282693,29.3092453946238));
#12644=CARTESIAN_POINT('Ctrl Pts',(5.88761056695958,90.3425190391838,29.4023153708057));
#12645=CARTESIAN_POINT('Ctrl Pts',(5.93195048617619,90.2877806363314,29.4935944338129));
#12646=CARTESIAN_POINT('Ctrl Pts',(5.77780975859423,90.5328625202135,29.2735327733298));
#12647=CARTESIAN_POINT('Ctrl Pts',(5.82510793447934,90.4809781828327,29.3675603596849));
#12648=CARTESIAN_POINT('Ctrl Pts',(5.87191366895418,90.4262977317394,29.4602494636488));
#12649=CARTESIAN_POINT('Ctrl Pts',(5.91806463280016,90.368283046423,29.5511974982532));
#12650=CARTESIAN_POINT('Ctrl Pts',(5.8286523731339,90.6223113603314,29.2973028777277));
#12651=CARTESIAN_POINT('Ctrl Pts',(5.87439019914327,90.5675943227459,29.3927346390722));
#12652=CARTESIAN_POINT('Ctrl Pts',(5.9196357278515,90.5100083376939,29.4868161366549));
#12653=CARTESIAN_POINT('Ctrl Pts',(5.96431193792423,90.4489416372054,29.5790843739918));
#12654=CARTESIAN_POINT('Ctrl Pts',(5.85882712235954,90.652745783728,29.2990653070392));
#12655=CARTESIAN_POINT('Ctrl Pts',(5.90359159868376,90.5974956575405,29.39540901784));
#12656=CARTESIAN_POINT('Ctrl Pts',(5.94787705500915,90.5392534094578,29.4903753306266));
#12657=CARTESIAN_POINT('Ctrl Pts',(5.99160140346847,90.4774810631572,29.5835344798495));
#12658=CARTESIAN_POINT('Ctrl Pts',(5.99160140346847,90.4774810631572,29.5835344798495));
#12659=CARTESIAN_POINT('Ctrl Pts',(5.94787705500915,90.5392534094578,29.4903753306266));
#12660=CARTESIAN_POINT('Ctrl Pts',(5.90359159868376,90.5974956575405,29.39540901784));
#12661=CARTESIAN_POINT('Ctrl Pts',(5.85882712235954,90.652745783728,29.2990653070392));
#12662=CARTESIAN_POINT('Ctrl Pts',(5.8282986537142,90.408652560762,29.1810405321036));
#12663=CARTESIAN_POINT('Ctrl Pts',(5.86607558421086,90.3667447241298,29.2630675772702));
#12664=CARTESIAN_POINT('Ctrl Pts',(5.90349394976932,90.3228694761811,29.3440820615225));
#12665=CARTESIAN_POINT('Ctrl Pts',(5.94049654109836,90.2767201739832,29.4238115760478));
#12666=CARTESIAN_POINT('Origin',(3.6,88.4,29.8));
#12667=CARTESIAN_POINT('',(6.59999999999999,88.4,29.8));
#12668=CARTESIAN_POINT('Origin',(3.6,88.4,29.8));
#12669=CARTESIAN_POINT('Origin',(3.6,88.4,29.8));
#12670=CARTESIAN_POINT('Origin',(11.0502525316941,89.,30.9497474683058));
#12671=CARTESIAN_POINT('',(6.35281928654136,91.3961867516817,28.8050731428574));
#12672=CARTESIAN_POINT('Origin',(7.10050506338834,89.,27.));
#12673=CARTESIAN_POINT('Origin',(7.62919874639354,89.,27.5286936830052));
#12674=CARTESIAN_POINT('Origin',(19.4289321881345,89.,27.));
#12675=CARTESIAN_POINT('',(59.9577394628355,90.5725305788143,29.5548282875165));
#12676=CARTESIAN_POINT('Ctrl Pts',(59.9577394628356,90.5725305788142,29.5548282875164));
#12677=CARTESIAN_POINT('Ctrl Pts',(59.62432924917,90.1505935947846,29.8145360780405));
#12678=CARTESIAN_POINT('Ctrl Pts',(59.3636362189821,89.5999276374229,30.));
#12679=CARTESIAN_POINT('Ctrl Pts',(59.2567532708997,89.,30.));
#12680=CARTESIAN_POINT('',(59.6471807134586,91.3961867516818,28.8050731428573));
#12681=CARTESIAN_POINT('Origin',(58.8994949366116,89.,27.));
#12682=CARTESIAN_POINT('',(59.0175883869096,92.,27.0000000000005));
#12683=CARTESIAN_POINT('Ctrl Pts',(59.6471807134586,91.3961867516818,28.8050731428573));
#12684=CARTESIAN_POINT('Ctrl Pts',(59.5088422138502,91.6477764696606,28.4710944609044));
#12685=CARTESIAN_POINT('Ctrl Pts',(59.3722636363478,91.8270306239242,28.0878411919352));
#12686=CARTESIAN_POINT('Ctrl Pts',(59.1637509603596,91.9728717832199,27.4609870686519));
#12687=CARTESIAN_POINT('Ctrl Pts',(59.0918824573595,91.9991150546062,27.2368115111456));
#12688=CARTESIAN_POINT('Ctrl Pts',(59.019990152262,91.9999926658038,27.0076597377125));
#12689=CARTESIAN_POINT('Ctrl Pts',(59.0187890679246,92.,27.0038299335795));
#12690=CARTESIAN_POINT('Ctrl Pts',(59.0175883869111,92.,27.));
#12691=CARTESIAN_POINT('',(6.9824116130921,92.,27.0000000000011));
#12692=CARTESIAN_POINT('',(19.4289321881345,92.,27.));
#12693=CARTESIAN_POINT('Ctrl Pts',(6.98241161308886,92.,27.));
#12694=CARTESIAN_POINT('Ctrl Pts',(6.98121105964409,92.,27.0038295266609));
#12695=CARTESIAN_POINT('Ctrl Pts',(6.98001010300596,91.9999926673625,27.0076589237718));
#12696=CARTESIAN_POINT('Ctrl Pts',(6.90811366945614,91.9991150989554,27.2368238743696));
#12697=CARTESIAN_POINT('Ctrl Pts',(6.8362407810522,91.9728688068818,27.4610128493055));
#12698=CARTESIAN_POINT('Ctrl Pts',(6.62772775534945,91.8270193817001,28.0878652945298));
#12699=CARTESIAN_POINT('Ctrl Pts',(6.4911534166771,91.6477685231062,28.4711050097446));
#12700=CARTESIAN_POINT('Ctrl Pts',(6.35281928654139,91.3961867516818,28.8050731428573));
#12701=CARTESIAN_POINT('Origin',(3.6,88.4,30.));
#12702=CARTESIAN_POINT('',(6.59999999999999,88.4,19.5));
#12703=CARTESIAN_POINT('',(6.59999999999999,88.4,30.));
#12704=CARTESIAN_POINT('Origin',(3.6,88.4,19.5));
#12705=CARTESIAN_POINT('Ctrl Pts',(60.0424849923805,90.2552959302626,29.4604532085239));
#12706=CARTESIAN_POINT('Ctrl Pts',(60.085021406585,90.3093467332755,29.368941885993));
#12707=CARTESIAN_POINT('Ctrl Pts',(60.1281227986544,90.3603087003479,29.2756649350885));
#12708=CARTESIAN_POINT('Ctrl Pts',(60.1717013462858,90.408652560762,29.1810405321036));
#12709=CARTESIAN_POINT('Ctrl Pts',(60.0680495138238,90.2877806363313,29.4935944338129));
#12710=CARTESIAN_POINT('Ctrl Pts',(60.1123894330404,90.3425190391838,29.4023153708057));
#12711=CARTESIAN_POINT('Ctrl Pts',(60.1571775914591,90.3941151282693,29.3092453946237));
#12712=CARTESIAN_POINT('Ctrl Pts',(60.2025755053688,90.4429028081483,29.2148724271474));
#12713=CARTESIAN_POINT('Ctrl Pts',(60.0819315485354,90.3682831024083,29.5511956401955));
#12714=CARTESIAN_POINT('Ctrl Pts',(60.1280825123814,90.4262977877248,29.4602476055911));
#12715=CARTESIAN_POINT('Ctrl Pts',(60.1748869528463,90.4809782047512,29.3675578600529));
#12716=CARTESIAN_POINT('Ctrl Pts',(60.2221851287314,90.532862542132,29.2735302736978));
#12717=CARTESIAN_POINT('Ctrl Pts',(60.0356880620757,90.4489416372054,29.5790843739918));
#12718=CARTESIAN_POINT('Ctrl Pts',(60.0803642721485,90.5100083376939,29.4868161366549));
#12719=CARTESIAN_POINT('Ctrl Pts',(60.1256098008567,90.5675943227459,29.3927346390722));
#12720=CARTESIAN_POINT('Ctrl Pts',(60.1713476268661,90.6223113603314,29.2973028777276));
#12721=CARTESIAN_POINT('Ctrl Pts',(60.0083985965315,90.4774810631572,29.5835344798496));
#12722=CARTESIAN_POINT('Ctrl Pts',(60.0521229449908,90.5392534094577,29.4903753306266));
#12723=CARTESIAN_POINT('Ctrl Pts',(60.0964084013162,90.5974956575405,29.39540901784));
#12724=CARTESIAN_POINT('Ctrl Pts',(60.1411728776404,90.6527457837279,29.2990653070392));
#12725=CARTESIAN_POINT('',(60.0595423441439,90.2766674336569,29.4237747761546));
#12726=CARTESIAN_POINT('',(60.1717013462858,90.408652560762,29.1810405321036));
#12727=CARTESIAN_POINT('Ctrl Pts',(60.0595034589016,90.2767201739832,29.4238115760478));
#12728=CARTESIAN_POINT('Ctrl Pts',(60.0965060502307,90.3228694761811,29.3440820615225));
#12729=CARTESIAN_POINT('Ctrl Pts',(60.1339244157891,90.3667447241298,29.2630675772702));
#12730=CARTESIAN_POINT('Ctrl Pts',(60.1717013462858,90.408652560762,29.1810405321036));
#12731=CARTESIAN_POINT('',(60.1411728776405,90.6527457837279,29.2990653070392));
#12732=CARTESIAN_POINT('Origin',(60.0231481027049,90.5425627314794,29.1810405321036));
#12733=CARTESIAN_POINT('',(60.0083985965315,90.4774810631572,29.5835344798496));
#12734=CARTESIAN_POINT('Ctrl Pts',(60.1411728776404,90.6527457837279,29.2990653070392));
#12735=CARTESIAN_POINT('Ctrl Pts',(60.0964084013162,90.5974956575405,29.39540901784));
#12736=CARTESIAN_POINT('Ctrl Pts',(60.0521229449908,90.5392534094577,29.4903753306266));
#12737=CARTESIAN_POINT('Ctrl Pts',(60.0083985965315,90.4774810631572,29.5835344798496));
#12738=CARTESIAN_POINT('Ctrl Pts',(60.059503296128,90.2767199709733,29.4238119267763));
#12739=CARTESIAN_POINT('Ctrl Pts',(60.0597329824691,90.277006228997,29.4242839865545));
#12740=CARTESIAN_POINT('Ctrl Pts',(60.0599605657549,90.2772941294116,29.4247560149885));
#12741=CARTESIAN_POINT('Ctrl Pts',(60.0601860473281,90.2775836599424,29.4252279998425));
#12742=CARTESIAN_POINT('Ctrl Pts',(60.0653595428817,90.2842267079422,29.4360573173286));
#12743=CARTESIAN_POINT('Ctrl Pts',(60.0694143251117,90.2917047348054,29.4468298496395));
#12744=CARTESIAN_POINT('Ctrl Pts',(60.0723640321168,90.299870886986,29.4573993697135));
#12745=CARTESIAN_POINT('Ctrl Pts',(60.0740275991153,90.3044764092459,29.4633603362618));
#12746=CARTESIAN_POINT('Ctrl Pts',(60.0753389266599,90.309301467225,29.469256704723));
#12747=CARTESIAN_POINT('Ctrl Pts',(60.0762942728237,90.314323259941,29.4750608453857));
#12748=CARTESIAN_POINT('Ctrl Pts',(60.077972135091,90.3231429703585,29.4852545835115));
#12749=CARTESIAN_POINT('Ctrl Pts',(60.0785436293151,90.3325111829444,29.4950983592432));
#12750=CARTESIAN_POINT('Ctrl Pts',(60.077995122441,90.3422946761752,29.5044468451791));
#12751=CARTESIAN_POINT('Ctrl Pts',(60.0776780713102,90.3479497877862,29.5098505113458));
#12752=CARTESIAN_POINT('Ctrl Pts',(60.0769859924174,90.3537440335881,29.5150884597059));
#12753=CARTESIAN_POINT('Ctrl Pts',(60.0759090486704,90.3596529660838,29.5201293182776));
#12754=CARTESIAN_POINT('Ctrl Pts',(60.0743535666424,90.3681875235539,29.5274100745241));
#12755=CARTESIAN_POINT('Ctrl Pts',(60.0720073254686,90.376900341248,29.5342281516072));
#12756=CARTESIAN_POINT('Ctrl Pts',(60.0688537018494,90.3857106398673,29.5404994326877));
#12757=CARTESIAN_POINT('Ctrl Pts',(60.0651372001673,90.3960934545567,29.5478900504338));
#12758=CARTESIAN_POINT('Ctrl Pts',(60.0602999405471,90.4066129147985,29.5545223481479));
#12759=CARTESIAN_POINT('Ctrl Pts',(60.0544339272452,90.4171186495289,29.5603044411279));
#12760=CARTESIAN_POINT('Ctrl Pts',(60.0538807253028,90.4181094063786,29.5608497288562));
#12761=CARTESIAN_POINT('Ctrl Pts',(60.0533183459387,90.4191000285738,29.5613874320807));
#12762=CARTESIAN_POINT('Ctrl Pts',(60.0527468494999,90.420090380739,29.5619174588341));
#12763=CARTESIAN_POINT('Ctrl Pts',(60.046722548582,90.4305299549028,29.5675046164084));
#12764=CARTESIAN_POINT('Ctrl Pts',(60.0397519234861,90.440830516111,29.5721824369578));
#12765=CARTESIAN_POINT('Ctrl Pts',(60.0319434740447,90.450835141424,29.5758845537109));
#12766=CARTESIAN_POINT('Ctrl Pts',(60.0247817225667,90.4600111808745,29.5792800601205));
#12767=CARTESIAN_POINT('Ctrl Pts',(60.0169141772244,90.4689391251985,29.5818547897519));
#12768=CARTESIAN_POINT('Ctrl Pts',(60.0083985965315,90.4774810631572,29.5835344798495));
#12769=CARTESIAN_POINT('Ctrl Pts',(60.1717013462858,90.408652560762,29.1810405321036));
#12770=CARTESIAN_POINT('Ctrl Pts',(60.2378911078743,90.4820801706525,29.037319205569));
#12771=CARTESIAN_POINT('Ctrl Pts',(60.4686082873132,90.7153337326701,28.632741596482));
#12772=CARTESIAN_POINT('Ctrl Pts',(61.0759410818942,91.1435476234979,27.6626514287223));
#12773=CARTESIAN_POINT('Ctrl Pts',(61.5703607664698,91.3001187060682,26.7375523883796));
#12774=CARTESIAN_POINT('Ctrl Pts',(61.8802289528236,91.3546299359678,26.108448816872));
#12775=CARTESIAN_POINT('Ctrl Pts',(60.1871384258273,90.4257776844551,29.1979564796255));
#12776=CARTESIAN_POINT('Ctrl Pts',(60.2542516942174,90.49908441695,29.0569898410085));
#12777=CARTESIAN_POINT('Ctrl Pts',(60.4888211931446,90.7325428946271,28.6555046395968));
#12778=CARTESIAN_POINT('Ctrl Pts',(61.1068200724516,91.1596300088761,27.6867227630739));
#12779=CARTESIAN_POINT('Ctrl Pts',(61.6096144556574,91.3116759649101,26.7600317824982));
#12780=CARTESIAN_POINT('Ctrl Pts',(61.9227778459166,91.3621150299384,26.1314954851841));
#12781=CARTESIAN_POINT('Ctrl Pts',(60.208736481161,90.4683675944738,29.2317763395174));
#12782=CARTESIAN_POINT('Ctrl Pts',(60.2766043964877,90.5429737075432,29.0963193547851));
#12783=CARTESIAN_POINT('Ctrl Pts',(60.5169744557129,90.7809711659798,28.7009919336881));
#12784=CARTESIAN_POINT('Ctrl Pts',(61.1557467691502,91.2156611289699,27.734827925884));
#12785=CARTESIAN_POINT('Ctrl Pts',(61.6781042369778,91.3670204730982,26.8048551732416));
#12786=CARTESIAN_POINT('Ctrl Pts',(62.0010944410639,91.4142315476549,26.1774593113966));
#12787=CARTESIAN_POINT('Ctrl Pts',(60.2075632556134,90.5456858344097,29.2733355665774));
#12788=CARTESIAN_POINT('Ctrl Pts',(60.2723038441035,90.62480773872,29.1433435040578));
#12789=CARTESIAN_POINT('Ctrl Pts',(60.5120445509966,90.8767721554012,28.7514497517926));
#12790=CARTESIAN_POINT('Ctrl Pts',(61.1659745471329,91.3398773455476,27.7799137662107));
#12791=CARTESIAN_POINT('Ctrl Pts',(61.705156901899,91.5081646942867,26.8411127562482));
#12792=CARTESIAN_POINT('Ctrl Pts',(62.0387455375315,91.5630920313343,26.2109994294039));
#12793=CARTESIAN_POINT('Ctrl Pts',(60.1787057137509,90.6096401636286,29.2940121711368));
#12794=CARTESIAN_POINT('Ctrl Pts',(60.2377747256602,90.6923425812464,29.1645261027394));
#12795=CARTESIAN_POINT('Ctrl Pts',(60.4695977518135,90.955096489674,28.7674669989073));
#12796=CARTESIAN_POINT('Ctrl Pts',(61.1193225832023,91.4394908159122,27.7803295438721));
#12797=CARTESIAN_POINT('Ctrl Pts',(61.6540284781164,91.619872749916,26.8310894557523));
#12798=CARTESIAN_POINT('Ctrl Pts',(61.9869061329536,91.6821872081988,26.1947708643651));
#12799=CARTESIAN_POINT('Ctrl Pts',(60.1512311273823,90.6426009759291,29.298477830602));
#12800=CARTESIAN_POINT('Ctrl Pts',(60.2063141723687,90.7263341641036,29.1671911718933));
#12801=CARTESIAN_POINT('Ctrl Pts',(60.4319805740914,90.992323190561,28.7633765428017));
#12802=CARTESIAN_POINT('Ctrl Pts',(61.0743402232272,91.4812669875316,27.7634293761838));
#12803=CARTESIAN_POINT('Ctrl Pts',(61.6010789304689,91.6613340676227,26.8090422102993));
#12804=CARTESIAN_POINT('Ctrl Pts',(61.9305335817182,91.7239812593647,26.1690160122987));
#12805=CARTESIAN_POINT('Ctrl Pts',(60.1411728776405,90.652745783728,29.2990653070392));
#12806=CARTESIAN_POINT('Ctrl Pts',(60.1949301540891,90.7366630521743,29.1669663368333));
#12807=CARTESIAN_POINT('Ctrl Pts',(60.4185287745778,91.003238551623,28.7605682500692));
#12808=CARTESIAN_POINT('Ctrl Pts',(61.058231882487,91.4926258554262,27.7562415574849));
#12809=CARTESIAN_POINT('Ctrl Pts',(61.5820818338084,91.6715642355065,26.8004176123527));
#12810=CARTESIAN_POINT('Ctrl Pts',(61.9103409179623,91.7338627839632,26.1593202520955));
#12811=CARTESIAN_POINT('',(61.8802289528236,91.3546299359678,26.108448816872));
#12812=CARTESIAN_POINT('',(61.9103409179626,91.7338627839632,26.1593202520951));
#12813=CARTESIAN_POINT('Origin',(61.8455775496785,91.5516052650323,26.108448816872));
#12814=CARTESIAN_POINT('Ctrl Pts',(61.9103409179623,91.7338627839632,26.1593202520955));
#12815=CARTESIAN_POINT('Ctrl Pts',(61.5820818338084,91.6715642355065,26.8004176123527));
#12816=CARTESIAN_POINT('Ctrl Pts',(61.058231882487,91.4926258554262,27.7562415574849));
#12817=CARTESIAN_POINT('Ctrl Pts',(60.4185287745778,91.003238551623,28.7605682500692));
#12818=CARTESIAN_POINT('Ctrl Pts',(60.1949301540891,90.7366630521743,29.1669663368333));
#12819=CARTESIAN_POINT('Ctrl Pts',(60.1411728776405,90.652745783728,29.2990653070392));
#12820=CARTESIAN_POINT('Ctrl Pts',(60.1717013462858,90.408652560762,29.1810405321036));
#12821=CARTESIAN_POINT('Ctrl Pts',(60.2378911078743,90.4820801706525,29.037319205569));
#12822=CARTESIAN_POINT('Ctrl Pts',(60.4686082873132,90.7153337326701,28.632741596482));
#12823=CARTESIAN_POINT('Ctrl Pts',(61.0759410818942,91.1435476234979,27.6626514287223));
#12824=CARTESIAN_POINT('Ctrl Pts',(61.5703607664698,91.3001187060682,26.7375523883796));
#12825=CARTESIAN_POINT('Ctrl Pts',(61.8802289528236,91.3546299359678,26.108448816872));
#12826=CARTESIAN_POINT('Ctrl Pts',(61.8802289528238,91.3546299359679,26.1084488168716));
#12827=CARTESIAN_POINT('Ctrl Pts',(61.9943442061934,91.3747048035581,25.8767686489166));
#12828=CARTESIAN_POINT('Ctrl Pts',(62.1664907644858,91.3945905852816,25.4786521169004));
#12829=CARTESIAN_POINT('Ctrl Pts',(62.406625038261,91.4028427815672,24.9230078316976));
#12830=CARTESIAN_POINT('Ctrl Pts',(62.5784641776883,91.3967865302699,24.6228083523954));
#12831=CARTESIAN_POINT('Ctrl Pts',(62.6900945970852,91.3859412460298,24.4950089725712));
#12832=CARTESIAN_POINT('Ctrl Pts',(61.9227778459168,91.3621150299385,26.1314954851837));
#12833=CARTESIAN_POINT('Ctrl Pts',(62.038739805191,91.3808030881776,25.8986856305777));
#12834=CARTESIAN_POINT('Ctrl Pts',(62.2132117377194,91.3982541966419,25.4995867258528));
#12835=CARTESIAN_POINT('Ctrl Pts',(62.4539915174309,91.4026776274531,24.9464783001412));
#12836=CARTESIAN_POINT('Ctrl Pts',(62.6226847023263,91.3939694885644,24.6538501847564));
#12837=CARTESIAN_POINT('Ctrl Pts',(62.7291699907034,91.3821449353748,24.5317596956863));
#12838=CARTESIAN_POINT('Ctrl Pts',(62.0010944440206,91.4142315111801,26.1774593095782));
#12839=CARTESIAN_POINT('Ctrl Pts',(62.121960358395,91.431852175507,25.9423909408466));
#12840=CARTESIAN_POINT('Ctrl Pts',(62.3029596351384,91.4467838783875,25.5411861139467));
#12841=CARTESIAN_POINT('Ctrl Pts',(62.548460943657,91.4465040467091,24.9931678859288));
#12842=CARTESIAN_POINT('Ctrl Pts',(62.7134714053107,91.4338603380154,24.7156292001949));
#12843=CARTESIAN_POINT('Ctrl Pts',(62.8114546178894,91.4203704821284,24.60496527178));
#12844=CARTESIAN_POINT('Ctrl Pts',(62.0387455361116,91.5630920141915,26.2109994270729));
#12845=CARTESIAN_POINT('Ctrl Pts',(62.1646499713121,91.5834442593583,25.9730719223782));
#12846=CARTESIAN_POINT('Ctrl Pts',(62.3527787705205,91.6019393318302,25.5688135292543));
#12847=CARTESIAN_POINT('Ctrl Pts',(62.6065685843777,91.6047306016943,25.0220437364099));
#12848=CARTESIAN_POINT('Ctrl Pts',(62.774744554219,91.5928024953293,24.7520696951571));
#12849=CARTESIAN_POINT('Ctrl Pts',(62.8723958860904,91.578860397596,24.6473987058277));
#12850=CARTESIAN_POINT('Ctrl Pts',(61.9869061317923,91.6821871938289,26.1947708624262));
#12851=CARTESIAN_POINT('Ctrl Pts',(62.112387547794,91.7051254540883,25.9556409492341));
#12852=CARTESIAN_POINT('Ctrl Pts',(62.2998146214092,91.7275679291784,25.5494400847435));
#12853=CARTESIAN_POINT('Ctrl Pts',(62.55612834258,91.7357284435693,24.9971244658565));
#12854=CARTESIAN_POINT('Ctrl Pts',(62.7316377458516,91.7271854460438,24.7165306231572));
#12855=CARTESIAN_POINT('Ctrl Pts',(62.8392965140382,91.7141190560322,24.6043160522689));
#12856=CARTESIAN_POINT('Ctrl Pts',(61.9305335817184,91.7239812593647,26.1690160122983));
#12857=CARTESIAN_POINT('Ctrl Pts',(62.0541654401096,91.7470428759541,25.9300998739347));
#12858=CARTESIAN_POINT('Ctrl Pts',(62.2390684001846,91.7699267415962,25.5238238621379));
#12859=CARTESIAN_POINT('Ctrl Pts',(62.4949801180683,91.7792276395661,24.9669138785633));
#12860=CARTESIAN_POINT('Ctrl Pts',(62.6754216121308,91.7720164677557,24.6754648695584));
#12861=CARTESIAN_POINT('Ctrl Pts',(62.7910280056552,91.7594683871677,24.5552386291698));
#12862=CARTESIAN_POINT('Ctrl Pts',(61.9103409179625,91.7338627839632,26.159320252095));
#12863=CARTESIAN_POINT('Ctrl Pts',(62.0332964273227,91.7568054897806,25.9205911200839));
#12864=CARTESIAN_POINT('Ctrl Pts',(62.2172546291708,91.7795320974647,25.5143894504084));
#12865=CARTESIAN_POINT('Ctrl Pts',(62.4729836490674,91.7889631789339,24.9559930516583));
#12866=CARTESIAN_POINT('Ctrl Pts',(62.6550367423703,91.7820417488799,24.6607898703619));
#12867=CARTESIAN_POINT('Ctrl Pts',(62.773285619384,91.7696471383198,24.5377864299671));
#12868=CARTESIAN_POINT('',(62.6900945970852,91.3859412460298,24.4950089725712));
#12869=CARTESIAN_POINT('',(62.7732856193847,91.7696471383198,24.5377864299661));
#12870=CARTESIAN_POINT('Origin',(62.7094342368909,91.5850039957651,24.4950089725712));
#12871=CARTESIAN_POINT('Ctrl Pts',(62.773285619384,91.7696471383198,24.5377864299671));
#12872=CARTESIAN_POINT('Ctrl Pts',(62.6550367423703,91.7820417488799,24.6607898703619));
#12873=CARTESIAN_POINT('Ctrl Pts',(62.4729836490674,91.7889631789339,24.9559930516583));
#12874=CARTESIAN_POINT('Ctrl Pts',(62.2172546291708,91.7795320974647,25.5143894504084));
#12875=CARTESIAN_POINT('Ctrl Pts',(62.0332964273227,91.7568054897806,25.9205911200839));
#12876=CARTESIAN_POINT('Ctrl Pts',(61.9103409179625,91.7338627839632,26.159320252095));
#12877=CARTESIAN_POINT('Ctrl Pts',(61.8802289528238,91.3546299359679,26.1084488168716));
#12878=CARTESIAN_POINT('Ctrl Pts',(61.9943442061934,91.3747048035581,25.8767686489166));
#12879=CARTESIAN_POINT('Ctrl Pts',(62.1664907644858,91.3945905852816,25.4786521169004));
#12880=CARTESIAN_POINT('Ctrl Pts',(62.406625038261,91.4028427815672,24.9230078316976));
#12881=CARTESIAN_POINT('Ctrl Pts',(62.5784641776883,91.3967865302699,24.6228083523954));
#12882=CARTESIAN_POINT('Ctrl Pts',(62.6900945970852,91.3859412460298,24.4950089725712));
#12883=CARTESIAN_POINT('Ctrl Pts',(62.6900945970858,91.3859412460297,24.4950089725705));
#12884=CARTESIAN_POINT('Ctrl Pts',(62.8337184704467,91.3719876862503,24.3305820892647));
#12885=CARTESIAN_POINT('Ctrl Pts',(63.3100685943625,91.2977826133206,23.8779874895458));
#12886=CARTESIAN_POINT('Ctrl Pts',(64.2190912110391,90.8884919825838,23.4367965876655));
#12887=CARTESIAN_POINT('Ctrl Pts',(65.0301839947821,89.9923623514314,22.9609739930036));
#12888=CARTESIAN_POINT('Ctrl Pts',(65.2850514870094,89.2859522502862,22.510574923332));
#12889=CARTESIAN_POINT('Ctrl Pts',(65.3467938085315,88.9625,22.2285515178061));
#12890=CARTESIAN_POINT('Ctrl Pts',(62.7291699907041,91.3821449353747,24.5317596956855));
#12891=CARTESIAN_POINT('Ctrl Pts',(62.8707612213316,91.3664820891104,24.3699393008267));
#12892=CARTESIAN_POINT('Ctrl Pts',(63.3361001142811,91.2879743608818,23.9265561884171));
#12893=CARTESIAN_POINT('Ctrl Pts',(64.2328417141116,90.8776627473332,23.4880105891408));
#12894=CARTESIAN_POINT('Ctrl Pts',(65.0430211517866,89.9737558836766,23.0100525213114));
#12895=CARTESIAN_POINT('Ctrl Pts',(65.2941982653603,89.2578884804784,22.5563188183988));
#12896=CARTESIAN_POINT('Ctrl Pts',(65.3531567459978,88.9291661960362,22.2708165921307));
#12897=CARTESIAN_POINT('Ctrl Pts',(62.8115441264121,91.4203416009574,24.6050512824069));
#12898=CARTESIAN_POINT('Ctrl Pts',(62.9513996418304,91.4018780890638,24.4484511506212));
#12899=CARTESIAN_POINT('Ctrl Pts',(63.4026672159818,91.3151883968548,24.0235028369077));
#12900=CARTESIAN_POINT('Ctrl Pts',(64.2887845238982,90.8947462302878,23.590232454173));
#12901=CARTESIAN_POINT('Ctrl Pts',(65.1087876607185,89.9610165150989,23.1079843474895));
#12902=CARTESIAN_POINT('Ctrl Pts',(65.3569703722883,89.2158063863644,22.6475624629473));
#12903=CARTESIAN_POINT('Ctrl Pts',(65.4117760198275,88.8714628096815,22.355097370841));
#12904=CARTESIAN_POINT('Ctrl Pts',(62.8723326167221,91.5788733410416,24.6473385852505));
#12905=CARTESIAN_POINT('Ctrl Pts',(63.0167800334847,91.5599704839489,24.4926874423552));
#12906=CARTESIAN_POINT('Ctrl Pts',(63.4820315418023,91.4685231964236,24.075627505161));
#12907=CARTESIAN_POINT('Ctrl Pts',(64.4054806060225,91.019263225451,23.6480846043678));
#12908=CARTESIAN_POINT('Ctrl Pts',(65.2663194103056,90.0259980146049,23.1649627006239));
#12909=CARTESIAN_POINT('Ctrl Pts',(65.5256318145552,89.2325707246163,22.6995708265209));
#12910=CARTESIAN_POINT('Ctrl Pts',(65.581748547918,88.865115526228,22.4025545822155));
#12911=CARTESIAN_POINT('Ctrl Pts',(62.8392937599783,91.7141181284968,24.6043135702312));
#12912=CARTESIAN_POINT('Ctrl Pts',(62.9907790709017,91.6969788795545,24.4450490991128));
#12913=CARTESIAN_POINT('Ctrl Pts',(63.4885496802095,91.6083838017661,24.0132428675732));
#12914=CARTESIAN_POINT('Ctrl Pts',(64.4692606690008,91.1415456529777,23.5864779537582));
#12915=CARTESIAN_POINT('Ctrl Pts',(65.3664134879567,90.1172601557485,23.1082219666703));
#12916=CARTESIAN_POINT('Ctrl Pts',(65.6411581526397,89.304666603316,22.6450870117947));
#12917=CARTESIAN_POINT('Ctrl Pts',(65.7033016595261,88.9301647706981,22.351361277682));
#12918=CARTESIAN_POINT('Ctrl Pts',(62.791028005656,91.7594683871677,24.5552386291689));
#12919=CARTESIAN_POINT('Ctrl Pts',(62.9463505763641,91.7432563110331,24.3918495391879));
#12920=CARTESIAN_POINT('Ctrl Pts',(63.4638250181083,91.6574389025235,23.9461857582834));
#12921=CARTESIAN_POINT('Ctrl Pts',(64.4744999123877,91.1891412694568,23.5173472328693));
#12922=CARTESIAN_POINT('Ctrl Pts',(65.3850569553191,90.1636136321972,23.0429283901664));
#12923=CARTESIAN_POINT('Ctrl Pts',(65.6672907615511,89.3539004254472,22.5836092716826));
#12924=CARTESIAN_POINT('Ctrl Pts',(65.733286488861,88.9825756610402,22.2942460656302));
#12925=CARTESIAN_POINT('Ctrl Pts',(62.7732856193848,91.7696471383197,24.5377864299662));
#12926=CARTESIAN_POINT('Ctrl Pts',(62.9297815671538,91.7537002128575,24.3730269370632));
#12927=CARTESIAN_POINT('Ctrl Pts',(63.453318679465,91.6688944152236,23.9226915288098));
#12928=CARTESIAN_POINT('Ctrl Pts',(64.4726769675116,91.2011336943815,23.4928948483487));
#12929=CARTESIAN_POINT('Ctrl Pts',(65.3865152169192,90.176985544493,23.0196977741337));
#12930=CARTESIAN_POINT('Ctrl Pts',(65.670804339602,89.3696597146128,22.5618111462571));
#12931=CARTESIAN_POINT('Ctrl Pts',(65.7380068664289,89.,22.2740321610267));
#12932=CARTESIAN_POINT('',(65.3467938085315,88.9625,22.2285515178061));
#12933=CARTESIAN_POINT('',(65.7380068664289,89.,22.2740321610267));
#12934=CARTESIAN_POINT('Origin',(65.5432467291003,89.,22.2285515178061));
#12935=CARTESIAN_POINT('Ctrl Pts',(65.7380068664289,89.,22.2740321610267));
#12936=CARTESIAN_POINT('Ctrl Pts',(65.670804339602,89.3696597146128,22.5618111462571));
#12937=CARTESIAN_POINT('Ctrl Pts',(65.3865152169192,90.176985544493,23.0196977741337));
#12938=CARTESIAN_POINT('Ctrl Pts',(64.4726769675116,91.2011336943815,23.4928948483487));
#12939=CARTESIAN_POINT('Ctrl Pts',(63.453318679465,91.6688944152236,23.9226915288098));
#12940=CARTESIAN_POINT('Ctrl Pts',(62.9297815671538,91.7537002128575,24.3730269370632));
#12941=CARTESIAN_POINT('Ctrl Pts',(62.7732856193848,91.7696471383197,24.5377864299662));
#12942=CARTESIAN_POINT('Ctrl Pts',(62.6900945970858,91.3859412460297,24.4950089725705));
#12943=CARTESIAN_POINT('Ctrl Pts',(62.8337184704467,91.3719876862503,24.3305820892647));
#12944=CARTESIAN_POINT('Ctrl Pts',(63.3100685943625,91.2977826133206,23.8779874895458));
#12945=CARTESIAN_POINT('Ctrl Pts',(64.2190912110391,90.8884919825838,23.4367965876655));
#12946=CARTESIAN_POINT('Ctrl Pts',(65.0301839947821,89.9923623514314,22.9609739930036));
#12947=CARTESIAN_POINT('Ctrl Pts',(65.2850514870094,89.2859522502862,22.510574923332));
#12948=CARTESIAN_POINT('Ctrl Pts',(65.3467938085315,88.9625,22.2285515178061));
#12949=CARTESIAN_POINT('Ctrl Pts',(65.3467938085315,88.9625,22.2285515178061));
#12950=CARTESIAN_POINT('Ctrl Pts',(65.3589547678435,88.8987918407001,22.1730033123766));
#12951=CARTESIAN_POINT('Ctrl Pts',(65.3804267139882,88.7643332025444,22.0704320051162));
#12952=CARTESIAN_POINT('Ctrl Pts',(65.4005636747339,88.5318509165066,21.9669842651417));
#12953=CARTESIAN_POINT('Ctrl Pts',(65.4009376210473,88.2763719936618,21.9649384837454));
#12954=CARTESIAN_POINT('Ctrl Pts',(65.3744611536563,87.9649349337745,22.1016086986908));
#12955=CARTESIAN_POINT('Ctrl Pts',(65.3121094971027,87.6517026615802,22.3922641862063));
#12956=CARTESIAN_POINT('Ctrl Pts',(65.2106974631964,87.3351012996751,22.788356343815));
#12957=CARTESIAN_POINT('Ctrl Pts',(65.0851059777445,87.0501625868301,23.2065178960489));
#12958=CARTESIAN_POINT('Ctrl Pts',(64.7879237620452,86.5289170229169,24.058723829912));
#12959=CARTESIAN_POINT('Ctrl Pts',(64.1744698103165,85.8799320986546,25.3483211288017));
#12960=CARTESIAN_POINT('Ctrl Pts',(63.3637904982711,85.5197956797843,26.4312497130995));
#12961=CARTESIAN_POINT('Ctrl Pts',(62.8965435521583,85.4413779388354,26.9296464556208));
#12962=CARTESIAN_POINT('Ctrl Pts',(65.3531567459978,88.9291661960362,22.2708165921307));
#12963=CARTESIAN_POINT('Ctrl Pts',(65.3642902720931,88.8668769702514,22.2169689847949));
#12964=CARTESIAN_POINT('Ctrl Pts',(65.3836093192792,88.7363736045872,22.1182705769914));
#12965=CARTESIAN_POINT('Ctrl Pts',(65.4004575387097,88.5186654428156,22.0229384632104));
#12966=CARTESIAN_POINT('Ctrl Pts',(65.4007803437462,88.2887031961294,22.0209486265209));
#12967=CARTESIAN_POINT('Ctrl Pts',(65.3786834659593,87.9973235697875,22.1467511924207));
#12968=CARTESIAN_POINT('Ctrl Pts',(65.3215783532251,87.6886032650462,22.4292937549492));
#12969=CARTESIAN_POINT('Ctrl Pts',(65.2247379940229,87.3722834291366,22.8207867505281));
#12970=CARTESIAN_POINT('Ctrl Pts',(65.1027865189839,87.0851952146756,23.2361883926478));
#12971=CARTESIAN_POINT('Ctrl Pts',(64.8111906758401,86.5581627026062,24.0849346469333));
#12972=CARTESIAN_POINT('Ctrl Pts',(64.2014861677709,85.8975400246428,25.3724565318597));
#12973=CARTESIAN_POINT('Ctrl Pts',(63.3883554909465,85.5275444825283,26.4544358003657));
#12974=CARTESIAN_POINT('Ctrl Pts',(62.9188102438086,85.4451149427306,26.9525403261232));
#12975=CARTESIAN_POINT('Ctrl Pts',(65.4117756853173,88.8714627927493,22.3550973134399));
#12976=CARTESIAN_POINT('Ctrl Pts',(65.421693428139,88.811120951927,22.3046563629873));
#12977=CARTESIAN_POINT('Ctrl Pts',(65.4383472855843,88.6865522952202,22.2137184228961));
#12978=CARTESIAN_POINT('Ctrl Pts',(65.4505460318782,88.4946169187051,22.1346471137102));
#12979=CARTESIAN_POINT('Ctrl Pts',(65.4508162540789,88.3113172866461,22.1327730073722));
#12980=CARTESIAN_POINT('Ctrl Pts',(65.434962411339,88.0549797179385,22.2368180932944));
#12981=CARTESIAN_POINT('Ctrl Pts',(65.3839790604487,87.7509556487578,22.503114483858));
#12982=CARTESIAN_POINT('Ctrl Pts',(65.2912631494204,87.4317332704371,22.8854140073178));
#12983=CARTESIAN_POINT('Ctrl Pts',(65.1716899843812,87.1379404386685,23.2952891077182));
#12984=CARTESIAN_POINT('Ctrl Pts',(64.8820993549293,86.5961528746599,24.1371429593402));
#12985=CARTESIAN_POINT('Ctrl Pts',(64.2678551657055,85.9120612481897,25.4205263208708));
#12986=CARTESIAN_POINT('Ctrl Pts',(63.4429554586658,85.5255614072614,26.5007923519407));
#12987=CARTESIAN_POINT('Ctrl Pts',(62.9659473748663,85.4369747602118,26.9983112958194));
#12988=CARTESIAN_POINT('Ctrl Pts',(65.5817483468764,88.8651155083266,22.4025545571678));
#12989=CARTESIAN_POINT('Ctrl Pts',(65.5927061557788,88.803907448181,22.3530834761342));
#12990=CARTESIAN_POINT('Ctrl Pts',(65.6112610606066,88.6780961428528,22.2644803979444));
#12991=CARTESIAN_POINT('Ctrl Pts',(65.6251157662643,88.4894059031886,22.1909050683385));
#12992=CARTESIAN_POINT('Ctrl Pts',(65.625428881359,88.3162363478434,22.1890622926061));
#12993=CARTESIAN_POINT('Ctrl Pts',(65.6073734647647,88.0644214430172,22.2857410646808));
#12994=CARTESIAN_POINT('Ctrl Pts',(65.5508740896652,87.754386662446,22.5475586169087));
#12995=CARTESIAN_POINT('Ctrl Pts',(65.4505098315377,87.4270636095505,22.9284989731577));
#12996=CARTESIAN_POINT('Ctrl Pts',(65.3227233027761,87.1250756042872,23.3383964528233));
#12997=CARTESIAN_POINT('Ctrl Pts',(65.015967222238,86.5683631085819,24.1817089845298));
#12998=CARTESIAN_POINT('Ctrl Pts',(64.3737273649797,85.8666976158926,25.4688896108604));
#12999=CARTESIAN_POINT('Ctrl Pts',(63.5202983394302,85.4714267829785,26.5523077873031));
#13000=CARTESIAN_POINT('Ctrl Pts',(63.0283827958987,85.3808078398204,27.0513202603498));
#13001=CARTESIAN_POINT('Ctrl Pts',(65.7033015206919,88.9301647648145,22.3513612524591));
#13002=CARTESIAN_POINT('Ctrl Pts',(65.7159531872524,88.8655509849576,22.29845009832));
#13003=CARTESIAN_POINT('Ctrl Pts',(65.7379910813782,88.730977778596,22.202224390025));
#13004=CARTESIAN_POINT('Ctrl Pts',(65.7570743134503,88.5137420333608,22.1136783351627));
#13005=CARTESIAN_POINT('Ctrl Pts',(65.7574636148632,88.2933603899747,22.1117186939918));
#13006=CARTESIAN_POINT('Ctrl Pts',(65.7324467146531,88.0028600101725,22.2284203348111));
#13007=CARTESIAN_POINT('Ctrl Pts',(65.6673493891601,87.6802960027387,22.5068816566332));
#13008=CARTESIAN_POINT('Ctrl Pts',(65.5585843837468,87.3469123552296,22.899284540015));
#13009=CARTESIAN_POINT('Ctrl Pts',(65.4230494524886,87.0429998171544,23.3176073923903));
#13010=CARTESIAN_POINT('Ctrl Pts',(65.1017249450567,86.4849259743171,24.1742085858972));
#13011=CARTESIAN_POINT('Ctrl Pts',(64.4384632487693,85.7860091034737,25.4755783860774));
#13012=CARTESIAN_POINT('Ctrl Pts',(63.5645943715598,85.3953754805515,26.5689889715953));
#13013=CARTESIAN_POINT('Ctrl Pts',(63.0616184307746,85.3080052030657,27.0723374776267));
#13014=CARTESIAN_POINT('Ctrl Pts',(65.733286488861,88.9825756610402,22.2942460656302));
#13015=CARTESIAN_POINT('Ctrl Pts',(65.746423372115,88.9154550708542,22.2384881501696));
#13016=CARTESIAN_POINT('Ctrl Pts',(65.7695496009298,88.7742421930482,22.135894844091));
#13017=CARTESIAN_POINT('Ctrl Pts',(65.7908630111559,88.5339177177276,22.0345346982715));
#13018=CARTESIAN_POINT('Ctrl Pts',(65.7912645677811,88.274374699665,22.0324774735445));
#13019=CARTESIAN_POINT('Ctrl Pts',(65.7632449868736,87.9525592811088,22.1663155682643));
#13020=CARTESIAN_POINT('Ctrl Pts',(65.6958238818752,87.6213395988734,22.4584664693198));
#13021=CARTESIAN_POINT('Ctrl Pts',(65.5855490593618,87.2847279973905,22.8597904746748));
#13022=CARTESIAN_POINT('Ctrl Pts',(65.448862955925,86.9808131999517,23.2844712457623));
#13023=CARTESIAN_POINT('Ctrl Pts',(65.1253694872297,86.424323849074,24.1509297188969));
#13024=CARTESIAN_POINT('Ctrl Pts',(64.4580302873102,85.7304256354846,25.4632482808365));
#13025=CARTESIAN_POINT('Ctrl Pts',(63.5771080318579,85.3446772288714,26.5652094693006));
#13026=CARTESIAN_POINT('Ctrl Pts',(63.0697281033495,85.2601015981432,27.0724075203815));
#13027=CARTESIAN_POINT('Ctrl Pts',(65.7380068664289,89.,22.2740321610267));
#13028=CARTESIAN_POINT('Ctrl Pts',(65.7512432847276,88.9320446300801,22.2173503187516));
#13029=CARTESIAN_POINT('Ctrl Pts',(65.7746141104633,88.7886220827142,22.1126857195064));
#13030=CARTESIAN_POINT('Ctrl Pts',(65.7965318908669,88.540640977607,22.007126801165));
#13031=CARTESIAN_POINT('Ctrl Pts',(65.7969389072623,88.2681301265726,22.005039269128));
#13032=CARTESIAN_POINT('Ctrl Pts',(65.7681209835715,87.9359305960261,22.1444986721335));
#13033=CARTESIAN_POINT('Ctrl Pts',(65.7002552349417,87.6018161723522,22.4410859042921));
#13034=CARTESIAN_POINT('Ctrl Pts',(65.5898747898736,87.2641080529868,22.8452615753214));
#13035=CARTESIAN_POINT('Ctrl Pts',(65.4531765744158,86.9601734259521,23.2719570367846));
#13036=CARTESIAN_POINT('Ctrl Pts',(65.1297129382805,86.404178157778,24.1415549284816));
#13037=CARTESIAN_POINT('Ctrl Pts',(64.4620079568071,85.7119275718982,25.4574705395936));
#13038=CARTESIAN_POINT('Ctrl Pts',(63.5796359164855,85.3277820584365,26.5624997072444));
#13039=CARTESIAN_POINT('Ctrl Pts',(63.071067811873,85.2441364680911,27.0710678118579));
#13040=CARTESIAN_POINT('',(62.8965435521583,85.4413779388354,26.9296464556208));
#13041=CARTESIAN_POINT('',(63.0710678118693,85.2441364680911,27.0710678118617));
#13042=CARTESIAN_POINT('Origin',(62.9296464556356,85.2441364680911,26.9296464556208));
#13043=CARTESIAN_POINT('Ctrl Pts',(63.071067811873,85.2441364680911,27.0710678118579));
#13044=CARTESIAN_POINT('Ctrl Pts',(63.5796359164855,85.3277820584365,26.5624997072444));
#13045=CARTESIAN_POINT('Ctrl Pts',(64.4620079568071,85.7119275718982,25.4574705395936));
#13046=CARTESIAN_POINT('Ctrl Pts',(65.1297129382805,86.404178157778,24.1415549284816));
#13047=CARTESIAN_POINT('Ctrl Pts',(65.4531765744158,86.9601734259521,23.2719570367846));
#13048=CARTESIAN_POINT('Ctrl Pts',(65.5898747898736,87.2641080529868,22.8452615753214));
#13049=CARTESIAN_POINT('Ctrl Pts',(65.7002552349417,87.6018161723522,22.4410859042921));
#13050=CARTESIAN_POINT('Ctrl Pts',(65.7681209835715,87.9359305960261,22.1444986721335));
#13051=CARTESIAN_POINT('Ctrl Pts',(65.7969389072623,88.2681301265726,22.005039269128));
#13052=CARTESIAN_POINT('Ctrl Pts',(65.7965318908669,88.540640977607,22.007126801165));
#13053=CARTESIAN_POINT('Ctrl Pts',(65.7746141104633,88.7886220827142,22.1126857195064));
#13054=CARTESIAN_POINT('Ctrl Pts',(65.7512432847276,88.9320446300801,22.2173503187516));
#13055=CARTESIAN_POINT('Ctrl Pts',(65.7380068664289,89.,22.2740321610267));
#13056=CARTESIAN_POINT('',(65.3999199198097,88.4000974743957,21.9702387513991));
#13057=CARTESIAN_POINT('Ctrl Pts',(65.3467938085315,88.9625,22.2285515178061));
#13058=CARTESIAN_POINT('Ctrl Pts',(65.3589547678435,88.8987918407001,22.1730033123766));
#13059=CARTESIAN_POINT('Ctrl Pts',(65.3804267139882,88.7643332025444,22.0704320051162));
#13060=CARTESIAN_POINT('Ctrl Pts',(65.3973147304304,88.56936015181,21.9836747652501));
#13061=CARTESIAN_POINT('Ctrl Pts',(65.3999206186236,88.4430728172202,21.9702399979393));
#13062=CARTESIAN_POINT('Ctrl Pts',(65.3999199198097,88.4000974743958,21.9702387513991));
#13063=CARTESIAN_POINT('Ctrl Pts',(65.3999199198097,88.4000974743958,21.9702387513991));
#13064=CARTESIAN_POINT('Ctrl Pts',(65.3999192642622,88.3597829092196,21.9702375820373));
#13065=CARTESIAN_POINT('Ctrl Pts',(65.3975223355396,88.2361987159557,21.9825680185899));
#13066=CARTESIAN_POINT('Ctrl Pts',(65.3744611536563,87.9649349337745,22.1016086986908));
#13067=CARTESIAN_POINT('Ctrl Pts',(65.3121094971027,87.6517026615802,22.3922641862063));
#13068=CARTESIAN_POINT('Ctrl Pts',(65.2106974631964,87.3351012996751,22.788356343815));
#13069=CARTESIAN_POINT('Ctrl Pts',(65.0851059777445,87.0501625868301,23.2065178960489));
#13070=CARTESIAN_POINT('Ctrl Pts',(64.7879237620452,86.5289170229169,24.058723829912));
#13071=CARTESIAN_POINT('Ctrl Pts',(64.1744698103165,85.8799320986546,25.3483211288017));
#13072=CARTESIAN_POINT('Ctrl Pts',(63.3637904982711,85.5197956797843,26.4312497130995));
#13073=CARTESIAN_POINT('Ctrl Pts',(62.8965435521583,85.4413779388354,26.9296464556208));
#13074=CARTESIAN_POINT('Ctrl Pts',(62.8965435521567,85.4413779388351,26.9296464556226));
#13075=CARTESIAN_POINT('Ctrl Pts',(61.9098129452767,85.2757756042237,27.9821591029612));
#13076=CARTESIAN_POINT('Ctrl Pts',(60.8497087119972,85.6436149858692,29.1129369517927));
#13077=CARTESIAN_POINT('Ctrl Pts',(60.1776194878107,86.3848015335851,29.8298321242583));
#13078=CARTESIAN_POINT('Ctrl Pts',(62.9355102625446,85.4479176956516,26.9697107290019));
#13079=CARTESIAN_POINT('Ctrl Pts',(61.9468386499562,85.2682744889187,28.0154886187969));
#13080=CARTESIAN_POINT('Ctrl Pts',(60.8726948420439,85.6277549628924,29.1430715409364));
#13081=CARTESIAN_POINT('Ctrl Pts',(60.1903480002974,86.3707644059418,29.8580409179387));
#13082=CARTESIAN_POINT('Ctrl Pts',(63.0212477935285,85.4109370652938,27.049241825646));
#13083=CARTESIAN_POINT('Ctrl Pts',(62.0093950293399,85.2164047974325,28.0822358938131));
#13084=CARTESIAN_POINT('Ctrl Pts',(60.9044370117675,85.5751741984339,29.2032236374817));
#13085=CARTESIAN_POINT('Ctrl Pts',(60.202637085612,86.3307976591758,29.9144057211683));
#13086=CARTESIAN_POINT('Ctrl Pts',(63.0663788320386,85.3000144232731,27.0757567916923));
#13087=CARTESIAN_POINT('Ctrl Pts',(62.0237679415059,85.1171136022732,28.1179169383551));
#13088=CARTESIAN_POINT('Ctrl Pts',(60.8991301987659,85.4983416362743,29.2430804993023));
#13089=CARTESIAN_POINT('Ctrl Pts',(60.1856584766492,86.2772525803418,29.9564771470818));
#13090=CARTESIAN_POINT('Ctrl Pts',(63.0710678118711,85.2441364680908,27.0710678118599));
#13091=CARTESIAN_POINT('Ctrl Pts',(62.0185551645324,85.0674939778386,28.1235804591985));
#13092=CARTESIAN_POINT('Ctrl Pts',(60.887777315701,85.4598559849271,29.25435830803));
#13093=CARTESIAN_POINT('Ctrl Pts',(60.1708821432354,86.2504549691574,29.9712534804956));
#13094=CARTESIAN_POINT('',(60.1708821432354,86.2504549691574,29.9712534804956));
#13095=CARTESIAN_POINT('Origin',(62.5414213562373,88.4,27.6007142674937));
#13096=CARTESIAN_POINT('',(60.2055965753529,86.354402795196,29.7999898975466));
#13097=CARTESIAN_POINT('Origin',(62.4,88.4,27.4592929112563));
#13098=CARTESIAN_POINT('Ctrl Pts',(60.2055965753529,86.354402795196,29.7999898975466));
#13099=CARTESIAN_POINT('Ctrl Pts',(60.205663722733,86.3543306869098,29.8003111076686));
#13100=CARTESIAN_POINT('Ctrl Pts',(60.2057302906471,86.3542580449291,29.8006323159971));
#13101=CARTESIAN_POINT('Ctrl Pts',(60.2057962792632,86.3541848704828,29.8009535198186));
#13102=CARTESIAN_POINT('Ctrl Pts',(60.2085386705456,86.3511438465113,29.8143022852789));
#13103=CARTESIAN_POINT('Ctrl Pts',(60.2102769273273,86.3471937912663,29.8276089005512));
#13104=CARTESIAN_POINT('Ctrl Pts',(60.2110183216263,86.3424186124086,29.8406792984917));
#13105=CARTESIAN_POINT('Ctrl Pts',(60.2114683560364,86.3395200268607,29.8486131723224));
#13106=CARTESIAN_POINT('Ctrl Pts',(60.2115503905853,86.3363166309454,29.8564600218455));
#13107=CARTESIAN_POINT('Ctrl Pts',(60.2112589363262,86.3328215989343,29.8641739777099));
#13108=CARTESIAN_POINT('Ctrl Pts',(60.2108070356774,86.3274025419679,29.876134487981));
#13109=CARTESIAN_POINT('Ctrl Pts',(60.20946149672,86.3213128876803,29.8877110366213));
#13110=CARTESIAN_POINT('Ctrl Pts',(60.2072018160419,86.3146084437943,29.8987328136591));
#13111=CARTESIAN_POINT('Ctrl Pts',(60.2056604444035,86.3100352137102,29.9062509796973));
#13112=CARTESIAN_POINT('Ctrl Pts',(60.2036929378651,86.3051753620467,29.9135107100097));
#13113=CARTESIAN_POINT('Ctrl Pts',(60.2013124176951,86.3000563476189,29.9204647785152));
#13114=CARTESIAN_POINT('Ctrl Pts',(60.1977720487901,86.2924432218272,29.9308070424499));
#13115=CARTESIAN_POINT('Ctrl Pts',(60.1933488676397,86.2843191134681,29.9403903862516));
#13116=CARTESIAN_POINT('Ctrl Pts',(60.1880977029412,86.2757922348762,29.9490731869903));
#13117=CARTESIAN_POINT('Ctrl Pts',(60.1831025243359,86.2676810283234,29.9573327147284));
#13118=CARTESIAN_POINT('Ctrl Pts',(60.1773576595397,86.2592042994388,29.9647779641913));
#13119=CARTESIAN_POINT('Ctrl Pts',(60.1708821432354,86.2504549691574,29.9712534804956));
#13120=CARTESIAN_POINT('Origin',(62.4,88.4,29.8));
#13121=CARTESIAN_POINT('',(59.4532061914684,88.9625,29.8));
#13122=CARTESIAN_POINT('Origin',(62.4,88.4,29.8));
#13123=CARTESIAN_POINT('Origin',(59.2567532708997,89.,29.8));
#13124=CARTESIAN_POINT('Ctrl Pts',(60.1421356237309,86.1323914671233,30.));
#13125=CARTESIAN_POINT('Ctrl Pts',(60.1421356237309,86.1500771777413,30.));
#13126=CARTESIAN_POINT('Ctrl Pts',(60.1436371295796,86.1711935325135,29.9984984941514));
#13127=CARTESIAN_POINT('Ctrl Pts',(60.1490899146205,86.2012758298085,29.9930457091105));
#13128=CARTESIAN_POINT('Ctrl Pts',(60.1532104054545,86.2162232048289,29.9889252182765));
#13129=CARTESIAN_POINT('Ctrl Pts',(60.1614074603312,86.2354601447099,29.9807281633998));
#13130=CARTESIAN_POINT('Ctrl Pts',(60.1659767058654,86.2438270356138,29.9761589178656));
#13131=CARTESIAN_POINT('Ctrl Pts',(60.1708821432354,86.2504549691574,29.9712534804956));
#13132=CARTESIAN_POINT('Ctrl Pts',(59.4532061914684,88.9625,29.8));
#13133=CARTESIAN_POINT('Ctrl Pts',(59.5534089552958,89.4874366827452,29.8));
#13134=CARTESIAN_POINT('Ctrl Pts',(59.7978086710969,89.9692693954366,29.6269003395045));
#13135=CARTESIAN_POINT('Ctrl Pts',(60.1103807464084,90.3384642564625,29.384506401682));
#13136=CARTESIAN_POINT('Ctrl Pts',(59.4532061914684,88.9625,29.8523598775598));
#13137=CARTESIAN_POINT('Ctrl Pts',(59.5553672484064,89.4974884200464,29.8536282049406));
#13138=CARTESIAN_POINT('Ctrl Pts',(59.8069226430896,89.9873135561667,29.6820281832502));
#13139=CARTESIAN_POINT('Ctrl Pts',(60.1279302392511,90.3591928598244,29.4423224801048));
#13140=CARTESIAN_POINT('Ctrl Pts',(59.4197674283513,88.9688829726393,29.9341032137135));
#13141=CARTESIAN_POINT('Ctrl Pts',(59.5243666662059,89.5259787424036,29.9372484657363));
#13142=CARTESIAN_POINT('Ctrl Pts',(59.7841099195687,90.0357333422856,29.7682706609091));
#13143=CARTESIAN_POINT('Ctrl Pts',(60.1155572492399,90.4247888138033,29.5318747216848));
#13144=CARTESIAN_POINT('Ctrl Pts',(59.3300543502401,88.9860078920318,29.991072483588));
#13145=CARTESIAN_POINT('Ctrl Pts',(59.4361888922607,89.5707483331773,29.9934500982325));
#13146=CARTESIAN_POINT('Ctrl Pts',(59.6973717254724,90.1074596713333,29.8178544860241));
#13147=CARTESIAN_POINT('Ctrl Pts',(60.0314298161812,90.5203346252118,29.5713878604634));
#13148=CARTESIAN_POINT('Ctrl Pts',(59.2787952370438,88.9957925098389,30.));
#13149=CARTESIAN_POINT('Ctrl Pts',(59.3854580241824,89.59168341647,30.0008412203632));
#13150=CARTESIAN_POINT('Ctrl Pts',(59.6463113225564,90.1388121525996,29.8187087794152));
#13151=CARTESIAN_POINT('Ctrl Pts',(59.9799456194189,90.5588957763768,29.5632206886315));
#13152=CARTESIAN_POINT('Ctrl Pts',(59.2567532708997,89.,30.));
#13153=CARTESIAN_POINT('Ctrl Pts',(59.3636362189821,89.5999276374229,30.));
#13154=CARTESIAN_POINT('Ctrl Pts',(59.62432924917,90.1505935947846,29.8145360780405));
#13155=CARTESIAN_POINT('Ctrl Pts',(59.9577394628356,90.5725305788142,29.5548282875164));
#13156=CARTESIAN_POINT('Ctrl Pts',(59.4532061914684,88.9625,29.8));
#13157=CARTESIAN_POINT('Ctrl Pts',(59.5479092722226,89.4586252480271,29.8));
#13158=CARTESIAN_POINT('Ctrl Pts',(59.7714150312051,89.9162482481966,29.6453802277575));
#13159=CARTESIAN_POINT('Ctrl Pts',(60.0595423441439,90.2766674336569,29.4237747761546));
#13160=CARTESIAN_POINT('Ctrl Pts',(60.0082360878197,90.4775429276034,29.5834689461061));
#13161=CARTESIAN_POINT('Ctrl Pts',(60.0062187485588,90.4795676335777,29.5838686858527));
#13162=CARTESIAN_POINT('Ctrl Pts',(60.0042414340539,90.4816685032069,29.5841639769468));
#13163=CARTESIAN_POINT('Ctrl Pts',(60.0023056534568,90.4838441876423,29.5843528500969));
#13164=CARTESIAN_POINT('Ctrl Pts',(60.0001628625092,90.4862525374936,29.5845619211439));
#13165=CARTESIAN_POINT('Ctrl Pts',(59.99809990278,90.4887193769599,29.5846379327877));
#13166=CARTESIAN_POINT('Ctrl Pts',(59.9961150299833,90.4912357203789,29.5845884615669));
#13167=CARTESIAN_POINT('Ctrl Pts',(59.9901821205602,90.4987572288645,29.5844405889815));
#13168=CARTESIAN_POINT('Ctrl Pts',(59.9849488001523,90.506721231286,29.5831718956286));
#13169=CARTESIAN_POINT('Ctrl Pts',(59.9803454970246,90.5149102410111,29.5810165085879));
#13170=CARTESIAN_POINT('Ctrl Pts',(59.9736680192088,90.5267890874078,29.5778899386556));
#13171=CARTESIAN_POINT('Ctrl Pts',(59.9680164777873,90.539673261959,29.5727603165234));
#13172=CARTESIAN_POINT('Ctrl Pts',(59.9634160997721,90.553299785465,29.5657268871235));
#13173=CARTESIAN_POINT('Ctrl Pts',(59.9613014581884,90.5595634475279,29.5624938523084));
#13174=CARTESIAN_POINT('Ctrl Pts',(59.9594087135691,90.5659833144388,29.5588582152765));
#13175=CARTESIAN_POINT('Ctrl Pts',(59.9577394628356,90.5725305788142,29.5548282875164));
#13176=CARTESIAN_POINT('Origin',(60.142135623731,0.,30.));
#13177=CARTESIAN_POINT('',(63.0710678118655,0.,27.0710678118655));
#13178=CARTESIAN_POINT('Origin',(53.4852813742386,89.,32.4142135623731));
#13179=CARTESIAN_POINT('Origin',(58.3708012536065,89.,27.5286936830052));
#13180=CARTESIAN_POINT('Origin',(62.4,88.4,30.));
#13181=CARTESIAN_POINT('',(65.4,88.4,19.5));
#13182=CARTESIAN_POINT('',(65.4,88.4,30.));
#13183=CARTESIAN_POINT('Origin',(62.4,88.4,19.5));
#13184=CARTESIAN_POINT('Origin',(62.4,3.59999999999999,19.5));
#13185=CARTESIAN_POINT('',(64.15,3.59999999999999,19.5));
#13186=CARTESIAN_POINT('Origin',(62.4,3.59999999999999,19.5));
#13187=CARTESIAN_POINT('Origin',(3.6,3.59999999999999,19.5));
#13188=CARTESIAN_POINT('',(5.35,3.59999999999999,19.5));
#13189=CARTESIAN_POINT('Origin',(3.6,3.59999999999999,19.5));
#13190=CARTESIAN_POINT('Origin',(62.4,88.4,19.5));
#13191=CARTESIAN_POINT('',(64.15,88.4,19.5));
#13192=CARTESIAN_POINT('Origin',(62.4,88.4,19.5));
#13193=CARTESIAN_POINT('Origin',(3.6,88.4,19.5));
#13194=CARTESIAN_POINT('',(5.35,88.4,19.5));
#13195=CARTESIAN_POINT('Origin',(3.6,88.4,19.5));
#13196=CARTESIAN_POINT('Origin',(11.0502525316941,3.,30.9497474683058));
#13197=CARTESIAN_POINT('',(6.35281928654138,0.603813248318264,28.8050731428574));
#13198=CARTESIAN_POINT('Origin',(7.62919874639354,3.,27.5286936830052));
#13199=CARTESIAN_POINT('Origin',(7.10050506338834,3.,27.));
#13200=CARTESIAN_POINT('Ctrl Pts',(5.85851212823287,1.34792923864214,29.2993803011659));
#13201=CARTESIAN_POINT('Ctrl Pts',(5.84867464974401,1.33240001745946,29.2750538826244));
#13202=CARTESIAN_POINT('Ctrl Pts',(5.82616774007142,1.29768770749048,29.2216720014531));
#13203=CARTESIAN_POINT('Ctrl Pts',(5.77556885222734,1.23248245950935,29.1196814722838));
#13204=CARTESIAN_POINT('Ctrl Pts',(5.6600192078368,1.10130771697028,28.9089646098874));
#13205=CARTESIAN_POINT('Ctrl Pts',(5.28798795839739,0.838510581826623,28.3942355630826));
#13206=CARTESIAN_POINT('Ctrl Pts',(4.47043267825973,0.643726296505256,27.5296017064113));
#13207=CARTESIAN_POINT('Ctrl Pts',(3.83367839746385,0.670817063080296,26.8973411340076));
#13208=CARTESIAN_POINT('Ctrl Pts',(3.52416181454802,0.723973739418563,26.6035166917556));
#13209=CARTESIAN_POINT('Ctrl Pts',(6.24308251375075,0.523565474928176,28.914809915648));
#13210=CARTESIAN_POINT('Ctrl Pts',(6.22608823257023,0.516746459088259,28.8807273665766));
#13211=CARTESIAN_POINT('Ctrl Pts',(6.18914589256426,0.501360718740139,28.8087324653179));
#13212=CARTESIAN_POINT('Ctrl Pts',(6.11872970924053,0.472892457042143,28.6831337838997));
#13213=CARTESIAN_POINT('Ctrl Pts',(5.97487751264788,0.416566160347258,28.4404111243705));
#13214=CARTESIAN_POINT('Ctrl Pts',(5.58953177964452,0.307898190961283,27.9213324798806));
#13215=CARTESIAN_POINT('Ctrl Pts',(4.81749238965763,0.233347230853551,27.1291809169421));
#13216=CARTESIAN_POINT('Ctrl Pts',(4.23319722466477,0.241251439944844,26.5473062866944));
#13217=CARTESIAN_POINT('Ctrl Pts',(3.94747732759688,0.261744342680709,26.2710036018436));
#13218=CARTESIAN_POINT('Ctrl Pts',(6.93085628822585,-1.64140988974499E-15,
28.2270361411729));
#13219=CARTESIAN_POINT('Ctrl Pts',(6.89450516929458,0.000185120096907771,
28.1817662240354));
#13220=CARTESIAN_POINT('Ctrl Pts',(6.81839992754699,0.000382222244230446,
28.0910880311037));
#13221=CARTESIAN_POINT('Ctrl Pts',(6.69185277112667,0.000703348417616394,
27.9514318547671));
#13222=CARTESIAN_POINT('Ctrl Pts',(6.46171044576699,0.00171488325390549,
27.7094973996537));
#13223=CARTESIAN_POINT('Ctrl Pts',(6.0020232662828,0.00235642760892216,
27.2766760665866));
#13224=CARTESIAN_POINT('Ctrl Pts',(5.2581756851725,0.00285419073253735,
26.6243872882044));
#13225=CARTESIAN_POINT('Ctrl Pts',(4.74473535644092,0.00032507330210899,
26.0978607398226));
#13226=CARTESIAN_POINT('Ctrl Pts',(4.50314304802516,0.,25.83452981347));
#13227=CARTESIAN_POINT('Ctrl Pts',(7.62919874639354,-1.66533453693773E-15,
27.5286936830052));
#13228=CARTESIAN_POINT('Ctrl Pts',(7.57284728144895,-1.61563310651649E-15,
27.4723422180606));
#13229=CARTESIAN_POINT('Ctrl Pts',(7.45632695256664,-1.42414308988531E-15,
27.3633088634382));
#13230=CARTESIAN_POINT('Ctrl Pts',(7.27185569000629,-1.29453377584062E-15,
27.2105164266379));
#13231=CARTESIAN_POINT('Ctrl Pts',(6.9525682844222,-1.31847728641537E-15,
26.9717428401614));
#13232=CARTESIAN_POINT('Ctrl Pts',(6.41601984526456,-7.82800662205145E-16,
26.629280027796));
#13233=CARTESIAN_POINT('Ctrl Pts',(5.69975477293717,-5.19707241610204E-16,
26.1185371303771));
#13234=CARTESIAN_POINT('Ctrl Pts',(5.25796498407971,7.07617740006099E-17,
25.6468612192259));
#13235=CARTESIAN_POINT('Ctrl Pts',(5.0611096062942,0.,25.3962487237426));
#13236=CARTESIAN_POINT('',(5.0611096062942,0.,25.3962487237426));
#13237=CARTESIAN_POINT('Origin',(5.0611096062942,3.,25.3962487237426));
#13238=CARTESIAN_POINT('',(6.98241161309042,0.,27.0000000000006));
#13239=CARTESIAN_POINT('Ctrl Pts',(5.0611096062942,0.,25.3962487237426));
#13240=CARTESIAN_POINT('Ctrl Pts',(5.25796498407971,7.07617740006099E-17,
25.6468612192259));
#13241=CARTESIAN_POINT('Ctrl Pts',(5.69975477293717,-5.19707241610204E-16,
26.1185371303771));
#13242=CARTESIAN_POINT('Ctrl Pts',(6.38365824797249,-7.70913829164662E-16,
26.6062041350789));
#13243=CARTESIAN_POINT('Ctrl Pts',(6.81890367404373,-1.18647981176422E-15,
26.8862568700781));
#13244=CARTESIAN_POINT('Ctrl Pts',(6.98252313294102,-1.25905311575187E-15,
26.9999764770561));
#13245=CARTESIAN_POINT('Ctrl Pts',(6.35281928654138,0.603813248318269,28.8050731428574));
#13246=CARTESIAN_POINT('Ctrl Pts',(6.49115778614528,0.35222353034765,28.4710944609153));
#13247=CARTESIAN_POINT('Ctrl Pts',(6.6277363636434,0.172969376087345,28.0878411919599));
#13248=CARTESIAN_POINT('Ctrl Pts',(6.83624903929285,0.0271282170203342,
27.4609870696975));
#13249=CARTESIAN_POINT('Ctrl Pts',(6.9081175422017,0.000884945398081017,
27.236811512228));
#13250=CARTESIAN_POINT('Ctrl Pts',(6.98000984776871,7.3341959586998E-6,
27.0076597376373));
#13251=CARTESIAN_POINT('Ctrl Pts',(6.98121093205106,2.22036060974734E-15,
27.0038299336572));
#13252=CARTESIAN_POINT('Ctrl Pts',(6.98241161308886,2.22044604925031E-15,
27.));
#13253=CARTESIAN_POINT('Ctrl Pts',(4.08965908203708,0.266137216036795,26.1593202520946));
#13254=CARTESIAN_POINT('Ctrl Pts',(3.80876104911534,0.290168116635672,25.8878105065015));
#13255=CARTESIAN_POINT('Ctrl Pts',(3.29099466129084,0.37806992436107,25.3063575242527));
#13256=CARTESIAN_POINT('Ctrl Pts',(2.94436023098681,0.476385959283765,24.9613408525547));
#13257=CARTESIAN_POINT('Ctrl Pts',(2.79631467072947,0.508401145455397,24.8261342234519));
#13258=CARTESIAN_POINT('Ctrl Pts',(4.39379730843639,0.0913834618643424,
25.9204205701718));
#13259=CARTESIAN_POINT('Ctrl Pts',(4.15099344742612,0.0998299667613146,
25.6742385314675));
#13260=CARTESIAN_POINT('Ctrl Pts',(3.69777873470243,0.131144671317381,25.1191878783452));
#13261=CARTESIAN_POINT('Ctrl Pts',(3.36627760863112,0.167566276917501,24.7267906558713));
#13262=CARTESIAN_POINT('Ctrl Pts',(3.20391809591185,0.179381194015295,24.5530588807682));
#13263=CARTESIAN_POINT('Ctrl Pts',(4.72736400481407,-1.58680549558484E-15,
25.658404911673));
#13264=CARTESIAN_POINT('Ctrl Pts',(4.52926362398099,-5.17065034475108E-5,
25.4377187759622));
#13265=CARTESIAN_POINT('Ctrl Pts',(4.16072931117808,6.68215184580944E-6,
24.9058527399506));
#13266=CARTESIAN_POINT('Ctrl Pts',(3.8670573055331,0.00013372375712373,
24.4491607076442));
#13267=CARTESIAN_POINT('Ctrl Pts',(3.69371178453049,7.44313887143614E-16,
24.2249198831532));
#13268=CARTESIAN_POINT('Ctrl Pts',(5.0611096062942,-1.66533453693773E-15,
25.3962487237426));
#13269=CARTESIAN_POINT('Ctrl Pts',(4.90777747096084,-1.36334787412819E-15,
25.2010447648467));
#13270=CARTESIAN_POINT('Ctrl Pts',(4.62412223479452,-3.57184463375052E-15,
24.6923227392494));
#13271=CARTESIAN_POINT('Ctrl Pts',(4.36869711789057,5.78473777677876E-16,
24.1710869342567));
#13272=CARTESIAN_POINT('Ctrl Pts',(4.18448511801343,5.55111512312578E-16,
23.8961245690292));
#13273=CARTESIAN_POINT('Ctrl Pts',(4.18448511801343,5.55111512312578E-16,
23.8961245690292));
#13274=CARTESIAN_POINT('Ctrl Pts',(4.36869711789057,5.78473777677876E-16,
24.1710869342567));
#13275=CARTESIAN_POINT('Ctrl Pts',(4.62412223479452,-3.57184463375052E-15,
24.6923227392494));
#13276=CARTESIAN_POINT('Ctrl Pts',(4.90777747096084,-1.36334787412819E-15,
25.2010447648467));
#13277=CARTESIAN_POINT('Ctrl Pts',(5.0611096062942,-1.66533453693773E-15,
25.3962487237426));
#13278=CARTESIAN_POINT('Ctrl Pts',(60.1414878717671,90.6520707613579,29.2993803011658));
#13279=CARTESIAN_POINT('Ctrl Pts',(60.151325350256,90.6675999825405,29.2750538826244));
#13280=CARTESIAN_POINT('Ctrl Pts',(60.1738334506256,90.7023154475754,29.2216658204856));
#13281=CARTESIAN_POINT('Ctrl Pts',(60.2244308742209,90.767524964172,29.1196684603462));
#13282=CARTESIAN_POINT('Ctrl Pts',(60.3399921459965,90.8987079765856,28.908930767766));
#13283=CARTESIAN_POINT('Ctrl Pts',(60.7120235785404,91.1615107476123,28.3941886773877));
#13284=CARTESIAN_POINT('Ctrl Pts',(61.529620132575,91.356318240496,27.5294871053892));
#13285=CARTESIAN_POINT('Ctrl Pts',(62.166321602536,91.3291829369198,26.8973411340077));
#13286=CARTESIAN_POINT('Ctrl Pts',(62.4758381854519,91.2760262605815,26.6035166917556));
#13287=CARTESIAN_POINT('Ctrl Pts',(59.7569174862492,91.4764345250718,28.914809915648));
#13288=CARTESIAN_POINT('Ctrl Pts',(59.7739117674298,91.4832535409117,28.8807273665766));
#13289=CARTESIAN_POINT('Ctrl Pts',(59.8108234277464,91.4986017629464,28.8087111053162));
#13290=CARTESIAN_POINT('Ctrl Pts',(59.8811967403423,91.5270170159025,28.6830812941043));
#13291=CARTESIAN_POINT('Ctrl Pts',(60.0249934592172,91.5832605042121,28.4403037054532));
#13292=CARTESIAN_POINT('Ctrl Pts',(60.410286366203,91.6918401258293,27.9211657892704));
#13293=CARTESIAN_POINT('Ctrl Pts',(61.1822840514633,91.7662716895387,27.1288977366029));
#13294=CARTESIAN_POINT('Ctrl Pts',(61.7668027753351,91.7587485600552,26.5473062866944));
#13295=CARTESIAN_POINT('Ctrl Pts',(62.0525226724031,91.7382556573193,26.2710036018436));
#13296=CARTESIAN_POINT('Ctrl Pts',(59.0691437117741,92.,28.2270361411729));
#13297=CARTESIAN_POINT('Ctrl Pts',(59.1054948307054,91.9998148799031,28.1817662240354));
#13298=CARTESIAN_POINT('Ctrl Pts',(59.1815743670055,91.9995736607985,28.0910743005099));
#13299=CARTESIAN_POINT('Ctrl Pts',(59.308086158261,91.9991903194569,27.9513975133709));
#13300=CARTESIAN_POINT('Ctrl Pts',(59.5381782081646,91.9980816919178,27.7094290778406));
#13301=CARTESIAN_POINT('Ctrl Pts',(59.9978198209949,91.9973387080365,27.2765675002655));
#13302=CARTESIAN_POINT('Ctrl Pts',(60.7416082369277,91.9966995925181,26.6242121292707));
#13303=CARTESIAN_POINT('Ctrl Pts',(61.255264643559,91.9996749266979,26.0978607398226));
#13304=CARTESIAN_POINT('Ctrl Pts',(61.4968569519748,92.,25.83452981347));
#13305=CARTESIAN_POINT('Ctrl Pts',(58.3708012536065,92.,27.5286936830052));
#13306=CARTESIAN_POINT('Ctrl Pts',(58.4271527185511,92.,27.4723422180606));
#13307=CARTESIAN_POINT('Ctrl Pts',(58.5436667761089,92.,27.3633105954796));
#13308=CARTESIAN_POINT('Ctrl Pts',(58.7281291190809,92.,27.2105200854327));
#13309=CARTESIAN_POINT('Ctrl Pts',(59.0474006455836,92.,26.9717520431876));
#13310=CARTESIAN_POINT('Ctrl Pts',(59.5839341241619,92.,26.6292906546418));
#13311=CARTESIAN_POINT('Ctrl Pts',(60.3001520541832,92.,26.1185601522966));
#13312=CARTESIAN_POINT('Ctrl Pts',(60.7420350159203,92.,25.6468612192259));
#13313=CARTESIAN_POINT('Ctrl Pts',(60.9388903937058,92.,25.3962487237426));
#13314=CARTESIAN_POINT('',(60.9388903937058,92.,25.3962487237426));
#13315=CARTESIAN_POINT('Origin',(60.9388903937058,89.,25.3962487237426));
#13316=CARTESIAN_POINT('Ctrl Pts',(60.9388903937058,92.,25.3962487237426));
#13317=CARTESIAN_POINT('Ctrl Pts',(60.7420350159203,92.,25.6468612192259));
#13318=CARTESIAN_POINT('Ctrl Pts',(60.3001520541832,92.,26.1185601522966));
#13319=CARTESIAN_POINT('Ctrl Pts',(59.6162935915158,92.,26.606215321947));
#13320=CARTESIAN_POINT('Ctrl Pts',(59.1810614418338,92.,26.8862664614691));
#13321=CARTESIAN_POINT('Ctrl Pts',(59.0174484411924,92.,26.9999843785838));
#13322=CARTESIAN_POINT('Ctrl Pts',(61.9103409179629,91.7338627839632,26.1593202520946));
#13323=CARTESIAN_POINT('Ctrl Pts',(62.2848717860548,91.701821569688,25.7973071057059));
#13324=CARTESIAN_POINT('Ctrl Pts',(62.764792320104,91.6030193307923,25.2385773449722));
#13325=CARTESIAN_POINT('Ctrl Pts',(63.0926511123754,91.515610254273,24.9275392379305));
#13326=CARTESIAN_POINT('Ctrl Pts',(63.2036853292705,91.4915988545446,24.8261342234519));
#13327=CARTESIAN_POINT('Ctrl Pts',(61.6062026915636,91.9086165381356,25.9204205701718));
#13328=CARTESIAN_POINT('Ctrl Pts',(61.9299413090767,91.8973545268695,25.5921777138389));
#13329=CARTESIAN_POINT('Ctrl Pts',(62.3517778170131,91.8618247182775,25.0482921167026));
#13330=CARTESIAN_POINT('Ctrl Pts',(62.6743122183313,91.8294799975352,24.6833577668999));
#13331=CARTESIAN_POINT('Ctrl Pts',(62.7960819040882,91.8206188059847,24.5530588807683));
#13332=CARTESIAN_POINT('Ctrl Pts',(61.2726359951859,92.,25.658404911673));
#13333=CARTESIAN_POINT('Ctrl Pts',(61.5367699473927,92.0000689420336,25.3641566069631));
#13334=CARTESIAN_POINT('Ctrl Pts',(61.877991904154,91.999822752726,24.8303920374278));
#13335=CARTESIAN_POINT('Ctrl Pts',(62.1762790200349,91.99989970714,24.393100572259));
#13336=CARTESIAN_POINT('Ctrl Pts',(62.3062882154695,92.,24.2249198831532));
#13337=CARTESIAN_POINT('Ctrl Pts',(60.9388903937058,92.,25.3962487237426));
#13338=CARTESIAN_POINT('Ctrl Pts',(61.1433333268065,92.,25.1359766690765));
#13339=CARTESIAN_POINT('Ctrl Pts',(61.4037176148902,92.,24.6122957241347));
#13340=CARTESIAN_POINT('Ctrl Pts',(61.6773558239684,92.,24.1023464296876));
#13341=CARTESIAN_POINT('Ctrl Pts',(61.8155148819866,92.,23.8961245690292));
#13342=CARTESIAN_POINT('',(61.8155148819866,92.,23.8961245690292));
#13343=CARTESIAN_POINT('Origin',(61.8155148819866,89.,23.8961245690292));
#13344=CARTESIAN_POINT('Ctrl Pts',(61.8155148819866,92.,23.8961245690292));
#13345=CARTESIAN_POINT('Ctrl Pts',(61.6773558239684,92.,24.1023464296876));
#13346=CARTESIAN_POINT('Ctrl Pts',(61.4037176148902,92.,24.6122957241347));
#13347=CARTESIAN_POINT('Ctrl Pts',(61.1433333268065,92.,25.1359766690765));
#13348=CARTESIAN_POINT('Ctrl Pts',(60.9388903937058,92.,25.3962487237426));
#13349=CARTESIAN_POINT('Origin',(56.,89.,20.));
#13350=CARTESIAN_POINT('',(66.,89.,20.));
#13351=CARTESIAN_POINT('Origin',(56.,89.,20.));
#13352=CARTESIAN_POINT('',(63.,92.,20.));
#13353=CARTESIAN_POINT('Origin',(63.,89.,20.));
#13354=CARTESIAN_POINT('Origin',(56.,92.,20.));
#13355=CARTESIAN_POINT('Ctrl Pts',(2.79631467071915,91.4915988545423,24.8261342234426));
#13356=CARTESIAN_POINT('Ctrl Pts',(2.94440264581301,91.5236232130176,24.9613795890462));
#13357=CARTESIAN_POINT('Ctrl Pts',(3.2920469148417,91.6221963790896,25.3075383351488));
#13358=CARTESIAN_POINT('Ctrl Pts',(3.80884537041033,91.7098390970733,25.8878920095763));
#13359=CARTESIAN_POINT('Ctrl Pts',(4.08965908203704,91.7338627839632,26.1593202520947));
#13360=CARTESIAN_POINT('Ctrl Pts',(3.20391809590055,91.8206188059839,24.5530588807562));
#13361=CARTESIAN_POINT('Ctrl Pts',(3.36632412438374,91.832437108038,24.7268404297588));
#13362=CARTESIAN_POINT('Ctrl Pts',(3.69873127691479,91.868950085231,25.1203959564204));
#13363=CARTESIAN_POINT('Ctrl Pts',(4.1510663334331,91.9001725687503,25.6743124315519));
#13364=CARTESIAN_POINT('Ctrl Pts',(4.39379730843636,91.9086165381356,25.9204205701718));
#13365=CARTESIAN_POINT('Ctrl Pts',(3.69371178451846,92.,24.2249198831376));
#13366=CARTESIAN_POINT('Ctrl Pts',(3.86710696876153,91.9998662379312,24.4492249522979));
#13367=CARTESIAN_POINT('Ctrl Pts',(4.16152064201465,91.9999915548841,24.9071142229681));
#13368=CARTESIAN_POINT('Ctrl Pts',(4.52932309068666,92.000051690982,25.4377850225663));
#13369=CARTESIAN_POINT('Ctrl Pts',(4.72736400481406,92.,25.658404911673));
#13370=CARTESIAN_POINT('Ctrl Pts',(4.18448511800067,92.,23.8961245690101));
#13371=CARTESIAN_POINT('Ctrl Pts',(4.36874989434983,92.,24.171165710555));
#13372=CARTESIAN_POINT('Ctrl Pts',(4.62475123050855,92.,24.6936386298749));
#13373=CARTESIAN_POINT('Ctrl Pts',(4.90782349892364,92.,25.2011033620908));
#13374=CARTESIAN_POINT('Ctrl Pts',(5.06110960629421,92.,25.3962487237426));
#13375=CARTESIAN_POINT('',(5.0611096062942,92.,25.3962487237426));
#13376=CARTESIAN_POINT('Origin',(5.0611096062942,89.,25.3962487237426));
#13377=CARTESIAN_POINT('',(4.18448511801343,92.,23.8961245690292));
#13378=CARTESIAN_POINT('Ctrl Pts',(5.06110960629421,92.,25.3962487237426));
#13379=CARTESIAN_POINT('Ctrl Pts',(4.90782349892364,92.,25.2011033620908));
#13380=CARTESIAN_POINT('Ctrl Pts',(4.62475123050855,92.,24.6936386298749));
#13381=CARTESIAN_POINT('Ctrl Pts',(4.36874989434983,92.,24.171165710555));
#13382=CARTESIAN_POINT('Ctrl Pts',(4.18448511800067,92.,23.8961245690101));
#13383=CARTESIAN_POINT('Origin',(4.18448511801343,89.,23.8961245690292));
#13384=CARTESIAN_POINT('Ctrl Pts',(3.52391330679276,91.2757548702781,26.6037118938661));
#13385=CARTESIAN_POINT('Ctrl Pts',(3.98902976370706,91.3556593380295,27.0452428059097));
#13386=CARTESIAN_POINT('Ctrl Pts',(4.81261864937601,91.3418855332319,27.8608127901152));
#13387=CARTESIAN_POINT('Ctrl Pts',(5.50277599314811,91.0275370802052,28.6729596627598));
#13388=CARTESIAN_POINT('Ctrl Pts',(5.70453048991759,90.8459081843612,28.9921804813098));
#13389=CARTESIAN_POINT('Ctrl Pts',(5.80066765181352,90.7418932608485,29.1621190329843));
#13390=CARTESIAN_POINT('Ctrl Pts',(5.83862525244436,90.6826469903601,29.2509775439826));
#13391=CARTESIAN_POINT('Ctrl Pts',(5.85828638545138,90.6515867581585,29.2996060439474));
#13392=CARTESIAN_POINT('Ctrl Pts',(3.94726117524981,91.7381494752333,26.2711733888762));
#13393=CARTESIAN_POINT('Ctrl Pts',(4.37662409405531,91.7689558654358,26.686367552932));
#13394=CARTESIAN_POINT('Ctrl Pts',(5.13129447389941,91.7617905506399,27.423752281575));
#13395=CARTESIAN_POINT('Ctrl Pts',(5.80628374728136,91.6375680741451,28.1943578322244));
#13396=CARTESIAN_POINT('Ctrl Pts',(6.03101029673475,91.5608347134577,28.5368693533478));
#13397=CARTESIAN_POINT('Ctrl Pts',(6.14900563529933,91.5166880742687,28.7315148563372));
#13398=CARTESIAN_POINT('Ctrl Pts',(6.20885460826542,91.4898571906704,28.8469348972195));
#13399=CARTESIAN_POINT('Ctrl Pts',(6.24281934087735,91.4762169637346,28.9150730885214));
#13400=CARTESIAN_POINT('Ctrl Pts',(4.50303385659098,92.,25.8346155830203));
#13401=CARTESIAN_POINT('Ctrl Pts',(4.86607601256261,91.9995111612196,26.2303136750735));
#13402=CARTESIAN_POINT('Ctrl Pts',(5.53756202019486,91.9963236603744,26.8772457164401));
#13403=CARTESIAN_POINT('Ctrl Pts',(6.24561706297843,91.9978101300352,27.4967541041019));
#13404=CARTESIAN_POINT('Ctrl Pts',(6.55308597902068,91.9988176744666,27.8058637748253));
#13405=CARTESIAN_POINT('Ctrl Pts',(6.73869893851633,91.9999795088244,27.9995450565061));
#13406=CARTESIAN_POINT('Ctrl Pts',(6.85804471067473,91.9996295917867,28.1366613121934));
#13407=CARTESIAN_POINT('Ctrl Pts',(6.93071962588754,92.,28.2271728035112));
#13408=CARTESIAN_POINT('Ctrl Pts',(5.0611096062942,92.,25.3962487237426));
#13409=CARTESIAN_POINT('Ctrl Pts',(5.35691448457548,92.,25.7728317744885));
#13410=CARTESIAN_POINT('Ctrl Pts',(5.94436761864441,92.0000000000001,26.3300930036053));
#13411=CARTESIAN_POINT('Ctrl Pts',(6.68736256441314,92.,26.7945319597262));
#13412=CARTESIAN_POINT('Ctrl Pts',(7.08036439011529,92.,27.0670087041822));
#13413=CARTESIAN_POINT('Ctrl Pts',(7.33592381261398,92.,27.2578341750214));
#13414=CARTESIAN_POINT('Ctrl Pts',(7.516525738597,92.,27.4160206752087));
#13415=CARTESIAN_POINT('Ctrl Pts',(7.62919874639354,92.,27.5286936830052));
#13416=CARTESIAN_POINT('Ctrl Pts',(6.98254664913825,92.,26.9995196652256));
#13417=CARTESIAN_POINT('Ctrl Pts',(6.94965301986408,92.,26.9766113550126));
#13418=CARTESIAN_POINT('Ctrl Pts',(6.65379128724528,92.,26.7735468789901));
#13419=CARTESIAN_POINT('Ctrl Pts',(5.94436761864441,92.0000000000001,26.3300930036053));
#13420=CARTESIAN_POINT('Ctrl Pts',(5.35691448457548,92.,25.7728317744885));
#13421=CARTESIAN_POINT('Ctrl Pts',(5.0611096062942,92.,25.3962487237426));
#13422=CARTESIAN_POINT('Origin',(56.,0.,20.));
#13423=CARTESIAN_POINT('',(66.,0.,20.));
#13424=CARTESIAN_POINT('Origin',(19.4289321881345,3.,27.));
#13425=CARTESIAN_POINT('',(19.4289321881345,0.,27.));
#13426=CARTESIAN_POINT('Origin',(63.,3.,20.5));
#13427=CARTESIAN_POINT('',(63.,0.,12.));
#13428=CARTESIAN_POINT('',(66.,3.,12.));
#13429=CARTESIAN_POINT('Origin',(63.,3.,12.));
#13430=CARTESIAN_POINT('',(66.,3.,20.5));
#13431=CARTESIAN_POINT('',(63.,0.,20.5));
#13432=CARTESIAN_POINT('Origin',(33.,0.,21.));
#13433=CARTESIAN_POINT('',(3.,0.,12.));
#13434=CARTESIAN_POINT('',(3.,0.,16.5));
#13435=CARTESIAN_POINT('',(9.,0.,12.));
#13436=CARTESIAN_POINT('',(1.23259516440783E-32,0.,12.));
#13437=CARTESIAN_POINT('',(9.,0.,15.5));
#13438=CARTESIAN_POINT('',(9.,0.,8.5));
#13439=CARTESIAN_POINT('',(19.,0.,25.5));
#13440=CARTESIAN_POINT('Origin',(19.,0.,15.5));
#13441=CARTESIAN_POINT('',(47.,0.,25.5));
#13442=CARTESIAN_POINT('',(19.,0.,25.5));
#13443=CARTESIAN_POINT('',(57.,0.,15.5));
#13444=CARTESIAN_POINT('Origin',(47.,0.,15.5));
#13445=CARTESIAN_POINT('',(57.,0.,12.));
#13446=CARTESIAN_POINT('',(57.,0.,15.5));
#13447=CARTESIAN_POINT('',(1.23259516440783E-32,0.,12.));
#13448=CARTESIAN_POINT('Origin',(3.,3.,16.5));
#13449=CARTESIAN_POINT('',(1.23259516440783E-32,3.,12.));
#13450=CARTESIAN_POINT('Origin',(3.,3.,12.));
#13451=CARTESIAN_POINT('',(1.11022302462516E-15,3.,16.5));
#13452=CARTESIAN_POINT('Origin',(9.39098423085189E-16,0.,12.));
#13453=CARTESIAN_POINT('',(1.23259516440783E-32,89.,12.));
#13454=CARTESIAN_POINT('',(1.11022302462516E-15,89.,16.5));
#13455=CARTESIAN_POINT('',(1.23259516440783E-32,0.,12.));
#13456=CARTESIAN_POINT('Origin',(33.,92.,21.));
#13457=CARTESIAN_POINT('',(63.,92.,12.));
#13458=CARTESIAN_POINT('',(63.,92.,20.5));
#13459=CARTESIAN_POINT('',(57.,92.,12.));
#13460=CARTESIAN_POINT('',(1.23259516440783E-32,92.,12.));
#13461=CARTESIAN_POINT('',(57.,92.,15.5));
#13462=CARTESIAN_POINT('',(57.,92.,15.5));
#13463=CARTESIAN_POINT('',(47.,92.,25.5));
#13464=CARTESIAN_POINT('Origin',(47.,92.,15.5));
#13465=CARTESIAN_POINT('',(19.,92.,25.5));
#13466=CARTESIAN_POINT('',(19.,92.,25.5));
#13467=CARTESIAN_POINT('',(9.,92.,15.5));
#13468=CARTESIAN_POINT('Origin',(19.,92.,15.5));
#13469=CARTESIAN_POINT('',(9.,92.,12.));
#13470=CARTESIAN_POINT('',(9.,92.,8.5));
#13471=CARTESIAN_POINT('',(3.,92.,12.));
#13472=CARTESIAN_POINT('',(1.23259516440783E-32,92.,12.));
#13473=CARTESIAN_POINT('',(3.,92.,20.));
#13474=CARTESIAN_POINT('',(3.,92.,16.5));
#13475=CARTESIAN_POINT('Origin',(10.,92.,20.));
#13476=CARTESIAN_POINT('Origin',(63.,89.,20.5));
#13477=CARTESIAN_POINT('',(66.,89.,12.));
#13478=CARTESIAN_POINT('Origin',(63.,89.,12.));
#13479=CARTESIAN_POINT('',(66.,89.,20.5));
#13480=CARTESIAN_POINT('Origin',(66.,0.,20.));
#13481=CARTESIAN_POINT('',(66.,0.,12.));
#13482=CARTESIAN_POINT('Origin',(3.,89.,16.5));
#13483=CARTESIAN_POINT('Origin',(3.,89.,12.));
#13484=CARTESIAN_POINT('Origin',(3.,89.,20.));
#13485=CARTESIAN_POINT('Origin',(10.,89.,20.));
#13486=CARTESIAN_POINT('Origin',(3.,0.,12.));
#13487=CARTESIAN_POINT('',(9.,91.5,12.));
#13488=CARTESIAN_POINT('',(9.,89.,12.));
#13489=CARTESIAN_POINT('',(6.1,91.5,12.));
#13490=CARTESIAN_POINT('',(5.80000001316136,91.5,12.));
#13491=CARTESIAN_POINT('',(6.1,88.3999999736773,12.));
#13492=CARTESIAN_POINT('',(6.09999999999998,44.1999999868386,12.));
#13493=CARTESIAN_POINT('',(3.59999999999999,85.9,12.));
#13494=CARTESIAN_POINT('Origin',(3.6,88.4,12.));
#13495=CARTESIAN_POINT('',(0.500000000000005,85.9,12.));
#13496=CARTESIAN_POINT('',(3.,85.9,12.));
#13497=CARTESIAN_POINT('',(0.499999999999999,6.09999999999999,12.));
#13498=CARTESIAN_POINT('',(0.499999999999999,23.,12.));
#13499=CARTESIAN_POINT('',(3.59999999999999,6.09999999999999,12.));
#13500=CARTESIAN_POINT('',(3.,6.09999999999999,12.));
#13501=CARTESIAN_POINT('',(6.1,3.59999997367728,12.));
#13502=CARTESIAN_POINT('Origin',(3.6,3.59999999999999,12.));
#13503=CARTESIAN_POINT('',(6.1,0.500000000000005,12.));
#13504=CARTESIAN_POINT('',(6.1,1.79999998420637,12.));
#13505=CARTESIAN_POINT('',(8.99999999999994,0.500000000000009,12.));
#13506=CARTESIAN_POINT('',(5.7999999894709,0.500000000000004,12.));
#13507=CARTESIAN_POINT('',(9.,0.,12.));
#13508=CARTESIAN_POINT('',(5.35,88.4,12.));
#13509=CARTESIAN_POINT('Origin',(3.6,88.4,12.));
#13510=CARTESIAN_POINT('',(5.35,3.59999999999999,12.));
#13511=CARTESIAN_POINT('Origin',(3.6,3.59999999999999,12.));
#13512=CARTESIAN_POINT('Origin',(15.8332173791815,53.7783340551935,30.));
#13513=CARTESIAN_POINT('',(15.8332173791815,53.7783340551935,29.));
#13514=CARTESIAN_POINT('',(15.8332173791815,53.7783340551935,30.));
#13515=CARTESIAN_POINT('',(15.8332173791815,77.7783340551935,29.));
#13516=CARTESIAN_POINT('',(15.8332173791815,53.7783340551935,29.));
#13517=CARTESIAN_POINT('',(15.8332173791815,77.7783340551935,30.));
#13518=CARTESIAN_POINT('Origin',(49.3332173791815,53.7783340551935,30.));
#13519=CARTESIAN_POINT('',(49.3332173791815,53.7783340551935,29.));
#13520=CARTESIAN_POINT('',(49.3332173791815,53.7783340551935,30.));
#13521=CARTESIAN_POINT('',(49.3332173791815,53.7783340551935,29.));
#13522=CARTESIAN_POINT('Origin',(49.3332173791815,77.7783340551935,30.));
#13523=CARTESIAN_POINT('',(49.3332173791815,77.7783340551935,29.));
#13524=CARTESIAN_POINT('',(49.3332173791815,77.7783340551935,30.));
#13525=CARTESIAN_POINT('',(49.3332173791815,77.7783340551935,29.));
#13526=CARTESIAN_POINT('Origin',(15.8332173791815,77.7783340551935,30.));
#13527=CARTESIAN_POINT('',(15.8332173791815,77.7783340551935,29.));
#13528=CARTESIAN_POINT('Origin',(32.5832173791815,65.7783340551935,29.));
#13529=CARTESIAN_POINT('',(46.4532173791815,74.5283340551935,29.));
#13530=CARTESIAN_POINT('',(18.7132173791815,74.5283340551935,29.));
#13531=CARTESIAN_POINT('',(28.8693791284534,74.5283340551935,29.));
#13532=CARTESIAN_POINT('',(46.4532173791815,57.0283340551934,29.));
#13533=CARTESIAN_POINT('',(46.4532173791815,47.6462505413951,29.));
#13534=CARTESIAN_POINT('',(18.7132173791815,57.0283340551935,29.));
#13535=CARTESIAN_POINT('',(22.9343791284534,57.0283340551935,29.));
#13536=CARTESIAN_POINT('',(18.7132173791815,51.0212505413951,29.));
#13537=CARTESIAN_POINT('Origin',(13.2855408777253,57.5283340551935,28.5));
#13538=CARTESIAN_POINT('',(44.4532173791815,59.0283340551934,27.));
#13539=CARTESIAN_POINT('',(44.4532173791815,59.0283340551934,27.));
#13540=CARTESIAN_POINT('',(20.7132173791815,59.0283340551934,27.));
#13541=CARTESIAN_POINT('',(13.2855408777253,59.0283340551934,27.));
#13542=CARTESIAN_POINT('',(20.7132173791815,59.0283340551934,27.));
#13543=CARTESIAN_POINT('Origin',(45.9532173791815,29.5141670275967,28.5));
#13544=CARTESIAN_POINT('',(44.4532173791815,72.5283340551935,27.));
#13545=CARTESIAN_POINT('',(44.4532173791815,72.5283340551935,27.));
#13546=CARTESIAN_POINT('',(44.4532173791815,29.5141670275967,27.));
#13547=CARTESIAN_POINT('Origin',(25.1555408777253,74.0283340551935,28.5));
#13548=CARTESIAN_POINT('',(20.7132173791815,72.5283340551935,27.));
#13549=CARTESIAN_POINT('',(17.7132173791815,75.5283340551935,30.));
#13550=CARTESIAN_POINT('',(25.1555408777253,72.5283340551935,27.));
#13551=CARTESIAN_POINT('Origin',(19.2132173791815,36.2641670275967,28.5));
#13552=CARTESIAN_POINT('',(20.7132173791815,36.2641670275967,27.));
#13553=CARTESIAN_POINT('Origin',(44.4532173791815,59.0283340551934,27.));
#13554=CARTESIAN_POINT('',(44.4532173791815,72.5283340551935,25.5));
#13555=CARTESIAN_POINT('',(44.4532173791815,72.5283340551935,27.));
#13556=CARTESIAN_POINT('',(44.4532173791815,59.0283340551934,25.5));
#13557=CARTESIAN_POINT('',(44.4532173791815,61.8033340551935,25.5));
#13558=CARTESIAN_POINT('',(44.4532173791815,59.0283340551934,27.));
#13559=CARTESIAN_POINT('Origin',(44.4532173791815,72.5283340551935,27.));
#13560=CARTESIAN_POINT('',(20.7132173791815,72.5283340551935,25.5));
#13561=CARTESIAN_POINT('',(20.7132173791815,72.5283340551935,27.));
#13562=CARTESIAN_POINT('',(38.5182173791815,72.5283340551935,25.5));
#13563=CARTESIAN_POINT('Origin',(41.4532173791815,74.0283340551935,27.));
#13564=CARTESIAN_POINT('',(41.4532173791815,74.0283340551935,25.5));
#13565=CARTESIAN_POINT('',(41.4532173791815,77.5283340551935,25.5));
#13566=CARTESIAN_POINT('',(41.4532173791815,74.9033340551935,25.5));
#13567=CARTESIAN_POINT('',(41.4532173791815,77.5283340551935,24.));
#13568=CARTESIAN_POINT('',(41.4532173791815,77.5283340551935,27.));
#13569=CARTESIAN_POINT('',(41.4532173791815,74.0283340551935,24.));
#13570=CARTESIAN_POINT('',(41.4532173791815,74.0283340551935,24.));
#13571=CARTESIAN_POINT('',(41.4532173791815,74.0283340551935,27.));
#13572=CARTESIAN_POINT('Origin',(56.,0.,27.));
#13573=CARTESIAN_POINT('',(49.7082173791815,66.6033340551935,27.));
#13574=CARTESIAN_POINT('',(49.7082173791815,47.3974615510832,27.));
#13575=CARTESIAN_POINT('',(49.7082173791815,24.9516670275967,27.));
#13576=CARTESIAN_POINT('',(43.1582173791815,44.9029676144299,27.));
#13577=CARTESIAN_POINT('Origin',(46.9082173791815,44.9029676144299,27.));
#13578=CARTESIAN_POINT('',(43.1582173791815,48.1029676144299,27.));
#13579=CARTESIAN_POINT('',(43.1582173791815,22.4514838072149,27.));
#13580=CARTESIAN_POINT('',(26.6582173791815,48.1029676144299,27.));
#13581=CARTESIAN_POINT('',(37.9541086895908,48.1029676144299,27.));
#13582=CARTESIAN_POINT('',(26.6582173791815,44.9029676144299,27.));
#13583=CARTESIAN_POINT('',(26.6582173791815,23.9514838072149,27.));
#13584=CARTESIAN_POINT('',(22.9082173791815,41.1529676144299,27.));
#13585=CARTESIAN_POINT('Origin',(22.9082173791815,44.9029676144299,27.));
#13586=CARTESIAN_POINT('',(19.7082173791815,41.1529676144299,27.));
#13587=CARTESIAN_POINT('',(39.4541086895908,41.1529676144299,27.));
#13588=CARTESIAN_POINT('',(19.7082173791815,24.6529676144299,27.));
#13589=CARTESIAN_POINT('',(19.7082173791815,8.95148380721494,27.));
#13590=CARTESIAN_POINT('',(22.9082173791815,24.6529676144299,27.));
#13591=CARTESIAN_POINT('',(37.9541086895908,24.6529676144299,27.));
#13592=CARTESIAN_POINT('',(26.6582173791815,20.9029676144299,27.));
#13593=CARTESIAN_POINT('Origin',(22.9082173791815,20.9029676144299,27.));
#13594=CARTESIAN_POINT('',(26.6582173791815,17.7029676144299,27.));
#13595=CARTESIAN_POINT('',(26.6582173791815,10.4514838072149,27.));
#13596=CARTESIAN_POINT('',(43.1582173791815,17.7029676144299,27.));
#13597=CARTESIAN_POINT('',(52.9541086895908,17.7029676144299,27.));
#13598=CARTESIAN_POINT('',(43.1582173791815,20.9029676144299,27.));
#13599=CARTESIAN_POINT('',(43.1582173791815,8.95148380721495,27.));
#13600=CARTESIAN_POINT('',(46.9082173791815,24.6529676144299,27.));
#13601=CARTESIAN_POINT('Origin',(46.9082173791815,20.9029676144299,27.));
#13602=CARTESIAN_POINT('',(50.1082173791815,24.6529676144299,27.));
#13603=CARTESIAN_POINT('',(51.4541086895908,24.6529676144299,27.));
#13604=CARTESIAN_POINT('',(50.1082173791815,41.1529676144299,27.));
#13605=CARTESIAN_POINT('',(50.1082173791815,23.9514838072149,27.));
#13606=CARTESIAN_POINT('',(46.9082173791815,41.1529676144299,27.));
#13607=CARTESIAN_POINT('',(52.9541086895907,41.1529676144299,27.));
#13608=CARTESIAN_POINT('',(49.8697734293363,47.2033340551935,27.));
#13609=CARTESIAN_POINT('Origin',(46.9082173791815,44.9029676144299,27.));
#13610=CARTESIAN_POINT('',(51.1635545105109,47.2033340551935,27.));
#13611=CARTESIAN_POINT('',(52.9541086895907,47.2033340551935,27.));
#13612=CARTESIAN_POINT('',(56.,43.8157846535994,27.));
#13613=CARTESIAN_POINT('Origin',(54.9082173791815,47.4033340551935,27.));
#13614=CARTESIAN_POINT('',(56.,3.,27.));
#13615=CARTESIAN_POINT('',(56.,0.,27.));
#13616=CARTESIAN_POINT('',(10.,3.,27.));
#13617=CARTESIAN_POINT('',(44.5,3.,27.));
#13618=CARTESIAN_POINT('',(10.,89.,27.));
#13619=CARTESIAN_POINT('',(10.,0.,27.));
#13620=CARTESIAN_POINT('',(56.,89.,27.));
#13621=CARTESIAN_POINT('',(44.5,89.,27.));
#13622=CARTESIAN_POINT('',(56.,69.9908834567877,27.));
#13623=CARTESIAN_POINT('',(56.,0.,27.));
#13624=CARTESIAN_POINT('',(51.1635545105109,66.6033340551935,27.));
#13625=CARTESIAN_POINT('Origin',(54.9082173791815,66.4033340551935,27.));
#13626=CARTESIAN_POINT('',(53.4791086895907,66.6033340551935,27.));
#13627=CARTESIAN_POINT('',(49.4532173791815,77.5283340551935,27.));
#13628=CARTESIAN_POINT('',(15.7132173791815,77.5283340551935,27.));
#13629=CARTESIAN_POINT('',(48.7266086895907,77.5283340551935,27.));
#13630=CARTESIAN_POINT('',(15.7132173791815,54.0283340551934,27.));
#13631=CARTESIAN_POINT('',(15.7132173791815,27.0141670275967,27.));
#13632=CARTESIAN_POINT('',(49.4532173791815,54.0283340551934,27.));
#13633=CARTESIAN_POINT('',(52.7266086895907,54.0283340551934,27.));
#13634=CARTESIAN_POINT('',(49.4532173791815,38.7641670275967,27.));
#13635=CARTESIAN_POINT('Origin',(20.7132173791815,59.0283340551934,27.));
#13636=CARTESIAN_POINT('',(20.7132173791815,59.0283340551934,25.5));
#13637=CARTESIAN_POINT('',(26.6482173791815,59.0283340551935,25.5));
#13638=CARTESIAN_POINT('',(20.7132173791815,59.0283340551934,27.));
#13639=CARTESIAN_POINT('Origin',(20.7132173791815,72.5283340551935,27.));
#13640=CARTESIAN_POINT('',(20.7132173791815,68.5533340551935,25.5));
#13641=CARTESIAN_POINT('Origin',(32.5832173791815,64.5783340551935,25.5));
#13642=CARTESIAN_POINT('',(19.2132173791815,55.1283340551934,25.5));
#13643=CARTESIAN_POINT('',(45.9532173791815,55.1283340551934,25.5));
#13644=CARTESIAN_POINT('',(25.8982173791815,55.1283340551934,25.5));
#13645=CARTESIAN_POINT('',(19.2132173791815,74.0283340551935,25.5));
#13646=CARTESIAN_POINT('',(19.2132173791815,69.3033340551935,25.5));
#13647=CARTESIAN_POINT('',(23.7132173791815,74.0283340551935,25.5));
#13648=CARTESIAN_POINT('',(39.2682173791815,74.0283340551935,25.5));
#13649=CARTESIAN_POINT('',(23.7132173791815,77.5283340551935,25.5));
#13650=CARTESIAN_POINT('',(23.7132173791815,76.6533340551935,25.5));
#13651=CARTESIAN_POINT('',(49.4532173791815,77.5283340551935,25.5));
#13652=CARTESIAN_POINT('',(45.9532173791815,74.0283340551935,25.5));
#13653=CARTESIAN_POINT('',(39.2682173791815,74.0283340551935,25.5));
#13654=CARTESIAN_POINT('',(45.9532173791815,59.8533340551935,25.5));
#13655=CARTESIAN_POINT('Origin',(45.9532173791815,74.0283340551935,27.));
#13656=CARTESIAN_POINT('',(19.2132173791815,74.0283340551935,24.));
#13657=CARTESIAN_POINT('',(19.2132173791815,74.0283340551935,27.));
#13658=CARTESIAN_POINT('',(23.7132173791815,74.0283340551935,24.));
#13659=CARTESIAN_POINT('',(19.2132173791815,74.0283340551935,24.));
#13660=CARTESIAN_POINT('',(23.7132173791815,74.0283340551935,27.));
#13661=CARTESIAN_POINT('Origin',(19.2132173791815,74.0283340551935,27.));
#13662=CARTESIAN_POINT('',(19.2132173791815,55.1283340551934,24.));
#13663=CARTESIAN_POINT('',(19.2132173791815,55.1283340551934,27.));
#13664=CARTESIAN_POINT('',(19.2132173791815,55.1283340551934,24.));
#13665=CARTESIAN_POINT('Origin',(23.7132173791815,77.5283340551935,27.));
#13666=CARTESIAN_POINT('',(23.7132173791815,77.5283340551935,24.));
#13667=CARTESIAN_POINT('',(23.7132173791815,74.0283340551935,24.));
#13668=CARTESIAN_POINT('',(23.7132173791815,77.5283340551935,27.));
#13669=CARTESIAN_POINT('Origin',(15.7132173791815,54.0283340551934,27.));
#13670=CARTESIAN_POINT('',(15.7132173791815,77.5283340551935,24.));
#13671=CARTESIAN_POINT('',(15.7132173791815,77.5283340551935,27.));
#13672=CARTESIAN_POINT('',(15.7132173791815,54.0283340551934,24.));
#13673=CARTESIAN_POINT('',(15.7132173791815,77.5283340551935,24.));
#13674=CARTESIAN_POINT('',(15.7132173791815,54.0283340551934,27.));
#13675=CARTESIAN_POINT('Origin',(49.4532173791815,54.0283340551934,27.));
#13676=CARTESIAN_POINT('',(49.4532173791815,54.0283340551934,24.));
#13677=CARTESIAN_POINT('',(15.7132173791815,54.0283340551934,24.));
#13678=CARTESIAN_POINT('',(49.4532173791815,54.0283340551934,27.));
#13679=CARTESIAN_POINT('Origin',(49.4532173791815,77.5283340551935,27.));
#13680=CARTESIAN_POINT('',(49.4532173791815,77.5283340551935,24.));
#13681=CARTESIAN_POINT('',(49.4532173791815,54.0283340551934,24.));
#13682=CARTESIAN_POINT('',(49.4532173791815,77.5283340551935,27.));
#13683=CARTESIAN_POINT('Origin',(41.4532173791815,77.5283340551935,27.));
#13684=CARTESIAN_POINT('',(49.4532173791815,77.5283340551935,24.));
#13685=CARTESIAN_POINT('',(49.4532173791815,77.5283340551935,24.));
#13686=CARTESIAN_POINT('Origin',(32.5832173791815,65.7783340551935,24.));
#13687=CARTESIAN_POINT('',(45.9532173791815,74.0283340551935,24.));
#13688=CARTESIAN_POINT('',(19.2132173791815,74.0283340551935,24.));
#13689=CARTESIAN_POINT('',(45.9532173791815,55.1283340551934,24.));
#13690=CARTESIAN_POINT('',(45.9532173791815,55.1283340551934,24.));
#13691=CARTESIAN_POINT('',(45.9532173791815,74.0283340551935,24.));
#13692=CARTESIAN_POINT('Origin',(45.9532173791815,74.0283340551935,27.));
#13693=CARTESIAN_POINT('',(45.9532173791815,74.0283340551935,27.));
#13694=CARTESIAN_POINT('Origin',(45.9532173791815,55.1283340551934,27.));
#13695=CARTESIAN_POINT('',(45.9532173791815,55.1283340551934,27.));
#13696=CARTESIAN_POINT('Origin',(19.2132173791815,55.1283340551934,27.));
#13697=CARTESIAN_POINT('Origin',(56.,0.,27.));
#13698=CARTESIAN_POINT('Origin',(46.9082173791815,44.9029676144299,27.));
#13699=CARTESIAN_POINT('',(49.7082173791815,47.2033340551935,27.));
#13700=CARTESIAN_POINT('',(49.7082173791815,24.9516670275967,27.));
#13701=CARTESIAN_POINT('',(52.9541086895907,47.2033340551935,27.));
#13702=CARTESIAN_POINT('Origin',(54.9082173791815,66.4033340551935,27.5));
#13703=CARTESIAN_POINT('',(57.0082173791815,66.4033340551935,22.5));
#13704=CARTESIAN_POINT('Origin',(54.9082173791815,66.4033340551935,22.5));
#13705=CARTESIAN_POINT('',(57.0082173791815,66.4033340551935,26.9270121781556));
#13706=CARTESIAN_POINT('',(57.0082173791815,66.4033340551935,27.5));
#13707=CARTESIAN_POINT('',(56.,68.1972155197498,27.));
#13708=CARTESIAN_POINT('Ctrl Pts',(56.,68.1972155197498,27.));
#13709=CARTESIAN_POINT('Ctrl Pts',(56.1443731148696,68.1093479204449,27.));
#13710=CARTESIAN_POINT('Ctrl Pts',(56.2761436404796,68.0047457035528,26.9954780228864));
#13711=CARTESIAN_POINT('Ctrl Pts',(56.5773138769686,67.7049085170209,26.9786791620001));
#13712=CARTESIAN_POINT('Ctrl Pts',(56.7396552587975,67.4685210359099,26.9616584663771));
#13713=CARTESIAN_POINT('Ctrl Pts',(56.9551175224501,66.950131621626,26.9353824136068));
#13714=CARTESIAN_POINT('Ctrl Pts',(57.0082173791815,66.6680764641033,26.9270121781556));
#13715=CARTESIAN_POINT('Ctrl Pts',(57.0082173791815,66.4033340551935,26.9270121781556));
#13716=CARTESIAN_POINT('',(56.,64.6094525906372,27.));
#13717=CARTESIAN_POINT('Origin',(54.9082173791815,66.4033340551935,27.));
#13718=CARTESIAN_POINT('Ctrl Pts',(57.0082173791815,66.4033340551935,26.9270121781556));
#13719=CARTESIAN_POINT('Ctrl Pts',(57.0082173791815,66.1385916462837,26.9270121781556));
#13720=CARTESIAN_POINT('Ctrl Pts',(56.9551175224501,65.856536488761,26.9353824136068));
#13721=CARTESIAN_POINT('Ctrl Pts',(56.7396552587975,65.3381470744771,26.9616584663771));
#13722=CARTESIAN_POINT('Ctrl Pts',(56.5773138769686,65.1017595933661,26.9786791620001));
#13723=CARTESIAN_POINT('Ctrl Pts',(56.2761436404796,64.8019224068343,26.9954780228864));
#13724=CARTESIAN_POINT('Ctrl Pts',(56.1443731148696,64.6973201899421,27.));
#13725=CARTESIAN_POINT('Ctrl Pts',(56.,64.6094525906372,27.));
#13726=CARTESIAN_POINT('Origin',(54.9082173791815,66.4033340551935,27.5));
#13727=CARTESIAN_POINT('',(58.6582173791815,66.4033340551935,22.5));
#13728=CARTESIAN_POINT('Origin',(54.9082173791815,66.4033340551935,22.5));
#13729=CARTESIAN_POINT('',(58.6582173791815,66.4033340551935,27.5));
#13730=CARTESIAN_POINT('',(58.6582173791815,66.4033340551935,27.5));
#13731=CARTESIAN_POINT('',(51.1635545105109,66.6033340551935,27.5));
#13732=CARTESIAN_POINT('Origin',(54.9082173791815,66.4033340551935,27.5));
#13733=CARTESIAN_POINT('',(51.1635545105109,66.6033340551935,27.5));
#13734=CARTESIAN_POINT('',(58.652880247852,66.6033340551935,26.4778257456153));
#13735=CARTESIAN_POINT('Ctrl Pts',(58.652880247852,66.6033340551939,26.4778257456153));
#13736=CARTESIAN_POINT('Ctrl Pts',(58.630521665505,67.0219608207478,26.4869823120016));
#13737=CARTESIAN_POINT('Ctrl Pts',(58.5340776094325,67.4537937450461,26.5276461678734));
#13738=CARTESIAN_POINT('Ctrl Pts',(58.1720356901695,68.3171874891036,26.6576983956102));
#13739=CARTESIAN_POINT('Ctrl Pts',(57.880620150822,68.7381297324827,26.7514719042906));
#13740=CARTESIAN_POINT('Ctrl Pts',(57.2130929161551,69.3977407548526,26.9024276730354));
#13741=CARTESIAN_POINT('Ctrl Pts',(56.7932911135679,69.6829876459518,26.9701221227095));
#13742=CARTESIAN_POINT('Ctrl Pts',(56.224196979468,69.9168302152865,26.9972640530814));
#13743=CARTESIAN_POINT('Ctrl Pts',(56.1127372999066,69.9565746261688,27.));
#13744=CARTESIAN_POINT('Ctrl Pts',(56.,69.9908834567877,27.));
#13745=CARTESIAN_POINT('',(58.652880247852,66.6033340551935,27.5));
#13746=CARTESIAN_POINT('',(58.652880247852,66.6033340551935,27.5));
#13747=CARTESIAN_POINT('Origin',(54.9082173791815,66.4033340551935,27.5));
#13748=CARTESIAN_POINT('Origin',(54.9082173791815,66.4033340551935,22.5));
#13749=CARTESIAN_POINT('Origin',(56.,0.,20.));
#13750=CARTESIAN_POINT('',(58.652880247852,47.2033340551935,26.4778257456153));
#13751=CARTESIAN_POINT('Ctrl Pts',(56.,43.8157846535994,27.));
#13752=CARTESIAN_POINT('Ctrl Pts',(56.1127372999066,43.8500934842182,27.));
#13753=CARTESIAN_POINT('Ctrl Pts',(56.224196979468,43.8898378951005,26.9972640530814));
#13754=CARTESIAN_POINT('Ctrl Pts',(56.7932911135679,44.1236804644352,26.9701221227095));
#13755=CARTESIAN_POINT('Ctrl Pts',(57.213092916155,44.4089273555344,26.9024276730354));
#13756=CARTESIAN_POINT('Ctrl Pts',(57.880620150822,45.0685383779043,26.7514719042906));
#13757=CARTESIAN_POINT('Ctrl Pts',(58.1720356901695,45.4894806212835,26.6576983956102));
#13758=CARTESIAN_POINT('Ctrl Pts',(58.5340776094331,46.3528743653422,26.5276461678733));
#13759=CARTESIAN_POINT('Ctrl Pts',(58.6305216655056,46.784707289642,26.4869823120013));
#13760=CARTESIAN_POINT('Ctrl Pts',(58.6528802478522,47.2033340551972,26.4778257456152));
#13761=CARTESIAN_POINT('',(60.1082173791815,47.2033340551935,25.6676758874685));
#13762=CARTESIAN_POINT('Origin',(56.,47.2033340551935,20.));
#13763=CARTESIAN_POINT('',(60.1082173791815,66.6033340551935,25.6676758874685));
#13764=CARTESIAN_POINT('',(60.1082173791815,0.,25.6676758874685));
#13765=CARTESIAN_POINT('Origin',(56.,66.6033340551935,20.));
#13766=CARTESIAN_POINT('',(57.4,89.,26.8585712797929));
#13767=CARTESIAN_POINT('Origin',(56.,89.,20.));
#13768=CARTESIAN_POINT('',(57.4,88.4,26.8585712797929));
#13769=CARTESIAN_POINT('',(57.4,0.,26.8585712797929));
#13770=CARTESIAN_POINT('',(62.4,83.4,22.8354893757516));
#13771=CARTESIAN_POINT('Ctrl Pts',(57.4,88.4,26.8585712797929));
#13772=CARTESIAN_POINT('Ctrl Pts',(57.4,87.7082751464429,26.8585712797929));
#13773=CARTESIAN_POINT('Ctrl Pts',(57.5529532299616,86.9770338408839,26.8326179102885));
#13774=CARTESIAN_POINT('Ctrl Pts',(58.151590716079,85.6669248731581,26.6683581341388));
#13775=CARTESIAN_POINT('Ctrl Pts',(58.5974540953356,85.0890656451026,26.5227442971087));
#13776=CARTESIAN_POINT('Ctrl Pts',(59.3441033029738,84.4272318597578,26.1564045538446));
#13777=CARTESIAN_POINT('Ctrl Pts',(59.6446924138732,84.2133837001857,25.9874157182696));
#13778=CARTESIAN_POINT('Ctrl Pts',(60.2469945491062,83.8740699940198,25.5763759124346));
#13779=CARTESIAN_POINT('Ctrl Pts',(60.547693700251,83.7475458619593,25.3337146966717));
#13780=CARTESIAN_POINT('Ctrl Pts',(61.4478064750278,83.445572869428,24.4824941347773));
#13781=CARTESIAN_POINT('Ctrl Pts',(62.015648030074,83.4,23.70301250194));
#13782=CARTESIAN_POINT('Ctrl Pts',(62.4,83.4,22.8354893757516));
#13783=CARTESIAN_POINT('',(63.,83.4,20.));
#13784=CARTESIAN_POINT('Origin',(56.,83.4,20.));
#13785=CARTESIAN_POINT('',(63.,8.6,20.));
#13786=CARTESIAN_POINT('',(63.,0.,20.));
#13787=CARTESIAN_POINT('',(62.4,8.6,22.8354893757516));
#13788=CARTESIAN_POINT('Origin',(56.,8.59999999999999,20.));
#13789=CARTESIAN_POINT('',(57.4,3.60000019533862,26.8585712797929));
#13790=CARTESIAN_POINT('Ctrl Pts',(62.4,8.59999999999999,22.8354893757516));
#13791=CARTESIAN_POINT('Ctrl Pts',(62.015648030074,8.59999999999999,23.70301250194));
#13792=CARTESIAN_POINT('Ctrl Pts',(61.4478064750278,8.55442713057198,24.4824941347773));
#13793=CARTESIAN_POINT('Ctrl Pts',(60.547693700251,8.25245413804072,25.3337146966717));
#13794=CARTESIAN_POINT('Ctrl Pts',(60.2469945491062,8.12593000598024,25.5763759124346));
#13795=CARTESIAN_POINT('Ctrl Pts',(59.6446924138732,7.78661629981437,25.9874157182696));
#13796=CARTESIAN_POINT('Ctrl Pts',(59.3441033029738,7.57276814024224,26.1564045538446));
#13797=CARTESIAN_POINT('Ctrl Pts',(58.5974540953356,6.91093435489744,26.5227442971087));
#13798=CARTESIAN_POINT('Ctrl Pts',(58.151590716079,6.33307512684193,26.6683581341388));
#13799=CARTESIAN_POINT('Ctrl Pts',(57.5529532581368,5.0229662207771,26.8326179025576));
#13800=CARTESIAN_POINT('Ctrl Pts',(57.4000000270241,4.29172499122231,26.8585712742766));
#13801=CARTESIAN_POINT('Ctrl Pts',(57.4,3.60000019533862,26.8585712797929));
#13802=CARTESIAN_POINT('',(57.4,3.,26.8585712797929));
#13803=CARTESIAN_POINT('',(57.4,0.,26.8585712797929));
#13804=CARTESIAN_POINT('Origin',(56.,3.,20.));
#13805=CARTESIAN_POINT('Origin',(56.,0.,20.));
#13806=CARTESIAN_POINT('',(56.,0.,27.));
#13807=CARTESIAN_POINT('Origin',(46.9082173791815,44.9029676144299,27.5));
#13808=CARTESIAN_POINT('',(49.0082173791815,44.9029676144299,22.5));
#13809=CARTESIAN_POINT('Origin',(46.9082173791815,44.9029676144299,22.5));
#13810=CARTESIAN_POINT('',(49.0082173791815,44.9029676144299,27.));
#13811=CARTESIAN_POINT('',(49.0082173791815,44.9029676144299,27.5));
#13812=CARTESIAN_POINT('Origin',(46.9082173791815,44.9029676144299,27.));
#13813=CARTESIAN_POINT('Origin',(46.9082173791815,44.9029676144299,22.5));
#13814=CARTESIAN_POINT('',(43.1582173791815,44.9029676144299,22.5));
#13815=CARTESIAN_POINT('Origin',(46.9082173791815,44.9029676144299,22.5));
#13816=CARTESIAN_POINT('Origin',(56.,0.,27.));
#13817=CARTESIAN_POINT('Origin',(46.9082173791815,20.9029676144299,27.5));
#13818=CARTESIAN_POINT('',(49.0082173791815,20.9029676144299,22.5));
#13819=CARTESIAN_POINT('Origin',(46.9082173791815,20.9029676144299,22.5));
#13820=CARTESIAN_POINT('',(49.0082173791815,20.9029676144299,27.));
#13821=CARTESIAN_POINT('',(49.0082173791815,20.9029676144299,27.5));
#13822=CARTESIAN_POINT('Origin',(46.9082173791815,20.9029676144299,27.));
#13823=CARTESIAN_POINT('Origin',(46.9082173791815,20.9029676144299,22.5));
#13824=CARTESIAN_POINT('',(46.9082173791815,24.6529676144299,22.5));
#13825=CARTESIAN_POINT('Origin',(46.9082173791815,20.9029676144299,22.5));
#13826=CARTESIAN_POINT('Origin',(56.,0.,27.));
#13827=CARTESIAN_POINT('Origin',(54.9082173791815,47.4033340551935,27.5));
#13828=CARTESIAN_POINT('',(57.0082173791815,47.4033340551935,22.5));
#13829=CARTESIAN_POINT('Origin',(54.9082173791815,47.4033340551935,22.5));
#13830=CARTESIAN_POINT('',(57.0082173791815,47.4033340551935,26.9270121781556));
#13831=CARTESIAN_POINT('',(57.0082173791815,47.4033340551935,27.5));
#13832=CARTESIAN_POINT('',(56.,49.1972155197498,27.));
#13833=CARTESIAN_POINT('Ctrl Pts',(56.,49.1972155197498,27.));
#13834=CARTESIAN_POINT('Ctrl Pts',(56.1443731148696,49.1093479204449,27.));
#13835=CARTESIAN_POINT('Ctrl Pts',(56.2761436404796,49.0047457035528,26.9954780228864));
#13836=CARTESIAN_POINT('Ctrl Pts',(56.5773138769686,48.7049085170209,26.9786791620001));
#13837=CARTESIAN_POINT('Ctrl Pts',(56.7396552587975,48.4685210359099,26.9616584663771));
#13838=CARTESIAN_POINT('Ctrl Pts',(56.9551175224501,47.950131621626,26.9353824136068));
#13839=CARTESIAN_POINT('Ctrl Pts',(57.0082173791815,47.6680764641033,26.9270121781556));
#13840=CARTESIAN_POINT('Ctrl Pts',(57.0082173791815,47.4033340551935,26.9270121781556));
#13841=CARTESIAN_POINT('',(56.,45.6094525906372,27.));
#13842=CARTESIAN_POINT('Origin',(54.9082173791815,47.4033340551935,27.));
#13843=CARTESIAN_POINT('Ctrl Pts',(57.0082173791815,47.4033340551935,26.9270121781556));
#13844=CARTESIAN_POINT('Ctrl Pts',(57.0082173791815,47.1385916462837,26.9270121781556));
#13845=CARTESIAN_POINT('Ctrl Pts',(56.9551175224501,46.856536488761,26.9353824136068));
#13846=CARTESIAN_POINT('Ctrl Pts',(56.7396552587975,46.3381470744771,26.9616584663771));
#13847=CARTESIAN_POINT('Ctrl Pts',(56.5773138769686,46.1017595933661,26.9786791620001));
#13848=CARTESIAN_POINT('Ctrl Pts',(56.2761436404796,45.8019224068342,26.9954780228864));
#13849=CARTESIAN_POINT('Ctrl Pts',(56.1443731148696,45.6973201899421,27.));
#13850=CARTESIAN_POINT('Ctrl Pts',(56.,45.6094525906372,27.));
#13851=CARTESIAN_POINT('Origin',(54.9082173791815,47.4033340551935,22.5));
#13852=CARTESIAN_POINT('',(58.6582173791815,47.4033340551935,22.5));
#13853=CARTESIAN_POINT('Origin',(54.9082173791815,47.4033340551935,22.5));
#13854=CARTESIAN_POINT('Origin',(56.,0.,20.));
#13855=CARTESIAN_POINT('',(56.,0.,27.));
#13856=CARTESIAN_POINT('Origin',(56.,0.,27.));
#13857=CARTESIAN_POINT('Origin',(22.9082173791815,44.9029676144299,27.5));
#13858=CARTESIAN_POINT('',(25.0082173791815,44.9029676144299,22.5));
#13859=CARTESIAN_POINT('Origin',(22.9082173791815,44.9029676144299,22.5));
#13860=CARTESIAN_POINT('',(25.0082173791815,44.9029676144299,27.));
#13861=CARTESIAN_POINT('',(25.0082173791815,44.9029676144299,27.5));
#13862=CARTESIAN_POINT('Origin',(22.9082173791815,44.9029676144299,27.));
#13863=CARTESIAN_POINT('Origin',(22.9082173791815,44.9029676144299,27.5));
#13864=CARTESIAN_POINT('',(26.6582173791815,44.9029676144299,22.5));
#13865=CARTESIAN_POINT('Origin',(22.9082173791815,44.9029676144299,22.5));
#13866=CARTESIAN_POINT('',(26.6582173791815,44.9029676144299,27.5));
#13867=CARTESIAN_POINT('',(26.6582173791815,44.9029676144299,27.5));
#13868=CARTESIAN_POINT('',(26.6582173791815,44.9029676144299,27.5));
#13869=CARTESIAN_POINT('',(22.9082173791815,41.1529676144299,27.5));
#13870=CARTESIAN_POINT('Origin',(22.9082173791815,44.9029676144299,27.5));
#13871=CARTESIAN_POINT('',(22.9082173791815,41.1529676144299,27.5));
#13872=CARTESIAN_POINT('Origin',(22.9082173791815,44.9029676144299,22.5));
#13873=CARTESIAN_POINT('Origin',(56.,0.,27.));
#13874=CARTESIAN_POINT('Origin',(22.9082173791815,20.9029676144299,27.5));
#13875=CARTESIAN_POINT('',(25.0082173791815,20.9029676144299,22.5));
#13876=CARTESIAN_POINT('Origin',(22.9082173791815,20.9029676144299,22.5));
#13877=CARTESIAN_POINT('',(25.0082173791815,20.9029676144299,27.));
#13878=CARTESIAN_POINT('',(25.0082173791815,20.9029676144299,27.5));
#13879=CARTESIAN_POINT('Origin',(22.9082173791815,20.9029676144299,27.));
#13880=CARTESIAN_POINT('Origin',(22.9082173791815,20.9029676144299,22.5));
#13881=CARTESIAN_POINT('',(26.6582173791815,20.9029676144299,22.5));
#13882=CARTESIAN_POINT('Origin',(22.9082173791815,20.9029676144299,22.5));
#13883=CARTESIAN_POINT('Origin',(56.,0.,27.));
#13884=CARTESIAN_POINT('Ctrl Pts',(56.4119934418183,60.2291659140583,30.));
#13885=CARTESIAN_POINT('Ctrl Pts',(57.1402823883935,59.8998698067931,30.));
#13886=CARTESIAN_POINT('Ctrl Pts',(58.0539548568773,59.0396698182777,30.));
#13887=CARTESIAN_POINT('Ctrl Pts',(58.7067019891652,57.1255211417503,30.));
#13888=CARTESIAN_POINT('Ctrl Pts',(58.3672030698822,55.0566949540195,30.));
#13889=CARTESIAN_POINT('Ctrl Pts',(57.1402823883939,53.906798303594,30.));
#13890=CARTESIAN_POINT('Ctrl Pts',(56.4119934418183,53.5775021963286,30.));
#13891=CARTESIAN_POINT('Ctrl Pts',(56.2746622945455,59.9254369771757,29.6666666666667));
#13892=CARTESIAN_POINT('Ctrl Pts',(56.9364408350409,59.6262135737703,29.6666666666667));
#13893=CARTESIAN_POINT('Ctrl Pts',(57.766672895444,58.8445706618317,29.6666666666667));
#13894=CARTESIAN_POINT('Ctrl Pts',(58.3598084174773,57.1052300836173,29.6666666666667));
#13895=CARTESIAN_POINT('Ctrl Pts',(58.0513139657087,55.2253377943093,29.6666666666667));
#13896=CARTESIAN_POINT('Ctrl Pts',(56.9364408350412,54.1804545366168,29.6666666666667));
#13897=CARTESIAN_POINT('Ctrl Pts',(56.2746622945455,53.8812311332113,29.6666666666667));
#13898=CARTESIAN_POINT('Ctrl Pts',(56.1373311472728,59.6217080402931,29.3333333333333));
#13899=CARTESIAN_POINT('Ctrl Pts',(56.7325992816884,59.3525573407474,29.3333333333333));
#13900=CARTESIAN_POINT('Ctrl Pts',(57.4793909340106,58.6494715053857,29.3333333333333));
#13901=CARTESIAN_POINT('Ctrl Pts',(58.0129148457894,57.0849390254842,29.3333333333333));
#13902=CARTESIAN_POINT('Ctrl Pts',(57.7354248615352,55.3939806345991,29.3333333333333));
#13903=CARTESIAN_POINT('Ctrl Pts',(56.7325992816885,54.4541107696396,29.3333333333333));
#13904=CARTESIAN_POINT('Ctrl Pts',(56.1373311472728,54.1849600700939,29.3333333333333));
#13905=CARTESIAN_POINT('Ctrl Pts',(56.,59.3179791034104,29.));
#13906=CARTESIAN_POINT('Ctrl Pts',(56.5287577283358,59.0789011077245,29.));
#13907=CARTESIAN_POINT('Ctrl Pts',(57.1921089725772,58.4543723489396,29.));
#13908=CARTESIAN_POINT('Ctrl Pts',(57.6660212741014,57.0646479673511,29.));
#13909=CARTESIAN_POINT('Ctrl Pts',(57.4195357573616,55.5626234748889,29.));
#13910=CARTESIAN_POINT('Ctrl Pts',(56.5287577283358,54.7277670026624,29.));
#13911=CARTESIAN_POINT('Ctrl Pts',(56.,54.4886890069765,29.));
#13912=CARTESIAN_POINT('',(56.,54.4886890069765,29.));
#13913=CARTESIAN_POINT('',(56.,54.4886890069765,29.));
#13914=CARTESIAN_POINT('',(56.,59.3179791034104,29.));
#13915=CARTESIAN_POINT('',(56.4119934418183,60.2291659140583,30.));
#13916=CARTESIAN_POINT('Ctrl Pts',(56.,59.3179791034104,29.));
#13917=CARTESIAN_POINT('Ctrl Pts',(56.5287577283358,59.0789011077245,29.));
#13918=CARTESIAN_POINT('Ctrl Pts',(57.1921089725772,58.4543723489396,29.));
#13919=CARTESIAN_POINT('Ctrl Pts',(57.6660212741014,57.0646479673511,29.));
#13920=CARTESIAN_POINT('Ctrl Pts',(57.4195357573616,55.5626234748889,29.));
#13921=CARTESIAN_POINT('Ctrl Pts',(56.5287577283358,54.7277670026624,29.));
#13922=CARTESIAN_POINT('Ctrl Pts',(56.,54.4886890069765,29.));
#13923=CARTESIAN_POINT('Origin',(54.9082173791815,56.9033340551935,29.5));
#13924=CARTESIAN_POINT('Origin',(54.9082173791815,56.9033340551935,29.));
#13925=CARTESIAN_POINT('Ctrl Pts',(56.,59.3179791034104,35.5035810501269));
#13926=CARTESIAN_POINT('Ctrl Pts',(56.,59.3179791034104,19.5));
#13927=CARTESIAN_POINT('Ctrl Pts',(56.2932581483217,59.1853823269246,35.5035810501269));
#13928=CARTESIAN_POINT('Ctrl Pts',(56.2932581483217,59.1853823269246,19.5));
#13929=CARTESIAN_POINT('Ctrl Pts',(56.5605615210941,58.9971586248457,35.5035810501269));
#13930=CARTESIAN_POINT('Ctrl Pts',(56.5605615210941,58.9971586248457,19.5));
#13931=CARTESIAN_POINT('Ctrl Pts',(57.0127086450126,58.548113096948,35.5035810501269));
#13932=CARTESIAN_POINT('Ctrl Pts',(57.0127086450126,58.548113096948,19.5));
#13933=CARTESIAN_POINT('Ctrl Pts',(57.2179892411068,58.2498908761711,35.5035810501269));
#13934=CARTESIAN_POINT('Ctrl Pts',(57.2179892411068,58.2498908761711,19.5));
#13935=CARTESIAN_POINT('Ctrl Pts',(57.4907733213834,57.59519050364,35.5035810501269));
#13936=CARTESIAN_POINT('Ctrl Pts',(57.4907733213834,57.59519050364,19.5));
#13937=CARTESIAN_POINT('Ctrl Pts',(57.5582173791815,57.2385659176979,35.5035810501269));
#13938=CARTESIAN_POINT('Ctrl Pts',(57.5582173791815,57.2385659176979,19.5));
#13939=CARTESIAN_POINT('Ctrl Pts',(57.5582173791815,56.9033340551935,35.5035810501269));
#13940=CARTESIAN_POINT('Ctrl Pts',(57.5582173791815,56.9033340551935,19.5));
#13941=CARTESIAN_POINT('Ctrl Pts',(57.5582173791815,56.568102192689,35.5035810501269));
#13942=CARTESIAN_POINT('Ctrl Pts',(57.5582173791815,56.568102192689,19.5));
#13943=CARTESIAN_POINT('Ctrl Pts',(57.4907733213834,56.211477606747,35.5035810501269));
#13944=CARTESIAN_POINT('Ctrl Pts',(57.4907733213834,56.211477606747,19.5));
#13945=CARTESIAN_POINT('Ctrl Pts',(57.2179892411069,55.5567772342159,35.5035810501269));
#13946=CARTESIAN_POINT('Ctrl Pts',(57.2179892411069,55.5567772342159,19.5));
#13947=CARTESIAN_POINT('Ctrl Pts',(57.0127086450125,55.2585550134389,35.5035810501269));
#13948=CARTESIAN_POINT('Ctrl Pts',(57.0127086450125,55.2585550134389,19.5));
#13949=CARTESIAN_POINT('Ctrl Pts',(56.5605615210974,54.8095094855445,35.5035810501269));
#13950=CARTESIAN_POINT('Ctrl Pts',(56.5605615210974,54.8095094855445,19.5));
#13951=CARTESIAN_POINT('Ctrl Pts',(56.293258148279,54.621285783443,35.5035810501269));
#13952=CARTESIAN_POINT('Ctrl Pts',(56.293258148279,54.621285783443,19.5));
#13953=CARTESIAN_POINT('Ctrl Pts',(56.,54.4886890069765,35.5035810501269));
#13954=CARTESIAN_POINT('Ctrl Pts',(56.,54.4886890069765,19.5));
#13955=CARTESIAN_POINT('',(56.,59.3179791034104,27.9999999999999));
#13956=CARTESIAN_POINT('',(56.,59.3179791034104,27.5));
#13957=CARTESIAN_POINT('',(56.,54.4886890069765,27.9999999999999));
#13958=CARTESIAN_POINT('Ctrl Pts',(56.,54.4886890069765,27.9999999999999));
#13959=CARTESIAN_POINT('Ctrl Pts',(56.293258148279,54.621285783443,27.9999999999999));
#13960=CARTESIAN_POINT('Ctrl Pts',(56.5605615210974,54.8095094855445,27.9999999999999));
#13961=CARTESIAN_POINT('Ctrl Pts',(56.7755901994354,55.0230631305188,27.9999999999999));
#13962=CARTESIAN_POINT('Ctrl Pts',(57.0127086450125,55.2585550134389,27.9999999999999));
#13963=CARTESIAN_POINT('Ctrl Pts',(57.2179892411069,55.5567772342159,27.9999999999999));
#13964=CARTESIAN_POINT('Ctrl Pts',(57.3543812812451,55.8841274204814,27.9999999999999));
#13965=CARTESIAN_POINT('Ctrl Pts',(57.4907733213834,56.211477606747,27.9999999999999));
#13966=CARTESIAN_POINT('Ctrl Pts',(57.5582173791815,56.568102192689,27.9999999999999));
#13967=CARTESIAN_POINT('Ctrl Pts',(57.5582173791815,56.9033340551935,27.9999999999999));
#13968=CARTESIAN_POINT('Ctrl Pts',(57.5582173791815,57.2385659176979,27.9999999999999));
#13969=CARTESIAN_POINT('Ctrl Pts',(57.4907733213834,57.59519050364,27.9999999999999));
#13970=CARTESIAN_POINT('Ctrl Pts',(57.3543812812451,57.9225406899055,27.9999999999999));
#13971=CARTESIAN_POINT('Ctrl Pts',(57.2179892411068,58.2498908761711,27.9999999999999));
#13972=CARTESIAN_POINT('Ctrl Pts',(57.0127086450126,58.548113096948,27.9999999999999));
#13973=CARTESIAN_POINT('Ctrl Pts',(56.7755901994354,58.7836049798682,27.9999999999999));
#13974=CARTESIAN_POINT('Ctrl Pts',(56.5605615210941,58.9971586248457,27.9999999999999));
#13975=CARTESIAN_POINT('Ctrl Pts',(56.2932581483217,59.1853823269246,27.9999999999999));
#13976=CARTESIAN_POINT('Ctrl Pts',(56.,59.3179791034104,27.9999999999999));
#13977=CARTESIAN_POINT('',(56.,54.4886890069765,27.5));
#13978=CARTESIAN_POINT('Origin',(42.583583819945,32.9029676144299,29.5));
#13979=CARTESIAN_POINT('',(46.0915228662644,29.7003337534793,29.));
#13980=CARTESIAN_POINT('',(43.0014587301099,28.171384310772,29.));
#13981=CARTESIAN_POINT('Origin',(42.583583819945,32.9029676144299,29.));
#13982=CARTESIAN_POINT('',(43.0014587301099,28.171384310772,29.));
#13983=CARTESIAN_POINT('Ctrl Pts',(47.0915228662644,29.3335158981759,30.));
#13984=CARTESIAN_POINT('Ctrl Pts',(46.7582015904192,29.4495015942068,29.6666787241548));
#13985=CARTESIAN_POINT('Ctrl Pts',(46.422594784791,29.5719358407875,29.3310719185265));
#13986=CARTESIAN_POINT('Ctrl Pts',(46.0915228662644,29.7003337534793,29.));
#13987=CARTESIAN_POINT('Origin',(46.5915228662644,18.052800737693,29.5));
#13988=CARTESIAN_POINT('',(46.0915228662644,36.105601475386,29.));
#13989=CARTESIAN_POINT('Ctrl Pts',(47.0915228662644,36.472419330691,30.));
#13990=CARTESIAN_POINT('Ctrl Pts',(46.7582015903575,36.3564336346385,29.6666787240931));
#13991=CARTESIAN_POINT('Ctrl Pts',(46.4225947847673,36.2339993880698,29.3310719185029));
#13992=CARTESIAN_POINT('Ctrl Pts',(46.0915228662642,36.105601475387,28.9999999999998));
#13993=CARTESIAN_POINT('',(46.0915228662644,18.052800737693,29.));
#13994=CARTESIAN_POINT('Origin',(34.9082173791814,40.5783340551935,29.5));
#13995=CARTESIAN_POINT('',(38.1108512401321,44.0862731015129,29.));
#13996=CARTESIAN_POINT('',(39.6398008254912,40.9962073501134,29.));
#13997=CARTESIAN_POINT('Origin',(34.9082173791814,40.5783340551935,29.));
#13998=CARTESIAN_POINT('',(39.6398008254912,40.9962073501134,29.));
#13999=CARTESIAN_POINT('Ctrl Pts',(38.4776690954355,45.0862731015129,30.));
#14000=CARTESIAN_POINT('Ctrl Pts',(38.3616833994048,44.7529518256684,29.6666787241556));
#14001=CARTESIAN_POINT('Ctrl Pts',(38.2392491528239,44.4173450200397,29.3310719185268));
#14002=CARTESIAN_POINT('Ctrl Pts',(38.1108512401321,44.0862731015129,29.));
#14003=CARTESIAN_POINT('Origin',(18.7817239472499,44.5862731015129,29.5));
#14004=CARTESIAN_POINT('',(31.7055835182308,44.0862731015129,29.));
#14005=CARTESIAN_POINT('Ctrl Pts',(31.3387656629274,45.0862731015129,30.));
#14006=CARTESIAN_POINT('Ctrl Pts',(31.4547513589579,44.7529518256686,29.6666787241558));
#14007=CARTESIAN_POINT('Ctrl Pts',(31.5771856055389,44.4173450200398,29.3310719185269));
#14008=CARTESIAN_POINT('Ctrl Pts',(31.7055835182308,44.0862731015129,29.));
#14009=CARTESIAN_POINT('',(18.7817239472499,44.0862731015129,29.));
#14010=CARTESIAN_POINT('Origin',(27.2328509384179,32.9029676144299,29.5));
#14011=CARTESIAN_POINT('',(23.7249118920985,36.1056014753805,29.));
#14012=CARTESIAN_POINT('',(26.8149761935738,37.6345509326883,29.));
#14013=CARTESIAN_POINT('Origin',(27.2328509384179,32.9029676144299,29.));
#14014=CARTESIAN_POINT('',(26.8149761935738,37.6345509326883,29.));
#14015=CARTESIAN_POINT('Ctrl Pts',(22.7249118920985,36.4724193306839,30.));
#14016=CARTESIAN_POINT('Ctrl Pts',(23.0582331679424,36.3564336346535,29.666678724156));
#14017=CARTESIAN_POINT('Ctrl Pts',(23.3938399735714,36.2339993880724,29.331071918527));
#14018=CARTESIAN_POINT('Ctrl Pts',(23.7249118920984,36.1056014753805,29.));
#14019=CARTESIAN_POINT('Origin',(14.7245247202187,37.068715868065,29.5));
#14020=CARTESIAN_POINT('',(28.443544311952,37.7783796754643,29.));
#14021=CARTESIAN_POINT('',(28.443544311952,37.7783796754643,29.));
#14022=CARTESIAN_POINT('',(14.7685115478484,36.5706544672366,29.));
#14023=CARTESIAN_POINT('Origin',(28.2895904152479,39.5215945783634,29.5));
#14024=CARTESIAN_POINT('',(30.032805318147,39.3676406816593,29.));
#14025=CARTESIAN_POINT('',(30.032805318147,39.3676406816593,29.));
#14026=CARTESIAN_POINT('Origin',(28.2895904152479,39.5215945783634,29.));
#14027=CARTESIAN_POINT('Origin',(27.7162509384878,18.8208913903491,29.5));
#14028=CARTESIAN_POINT('',(30.1766340844636,40.9962090665875,29.));
#14029=CARTESIAN_POINT('',(30.1766340844636,40.9962090665875,29.));
#14030=CARTESIAN_POINT('',(28.2143123393161,18.7769045627194,29.));
#14031=CARTESIAN_POINT('Origin',(34.9082173791814,40.5783340551935,29.5));
#14032=CARTESIAN_POINT('Origin',(34.9082173791814,40.5783340551935,29.));
#14033=CARTESIAN_POINT('Origin',(23.2249118920985,14.8501668767396,29.5));
#14034=CARTESIAN_POINT('',(23.7249118920985,29.7003337534792,29.));
#14035=CARTESIAN_POINT('',(23.7249118920985,14.8501668767396,29.));
#14036=CARTESIAN_POINT('Ctrl Pts',(22.7249118920985,29.3335158981758,30.));
#14037=CARTESIAN_POINT('Ctrl Pts',(23.0582331679432,29.4495015942065,29.6666787241553));
#14038=CARTESIAN_POINT('Ctrl Pts',(23.3938399735717,29.5719358407874,29.3310719185268));
#14039=CARTESIAN_POINT('Ctrl Pts',(23.7249118920985,29.7003337534792,29.));
#14040=CARTESIAN_POINT('Origin',(34.9082173791815,25.2276011736663,29.5));
#14041=CARTESIAN_POINT('',(31.7055835182308,21.7196621273469,29.));
#14042=CARTESIAN_POINT('',(30.1766340673508,24.8097263560405,29.));
#14043=CARTESIAN_POINT('Origin',(34.9082173791815,25.2276011736663,29.));
#14044=CARTESIAN_POINT('',(30.1766340673508,24.8097263560405,29.));
#14045=CARTESIAN_POINT('Ctrl Pts',(31.3387656629274,20.7196621273469,30.));
#14046=CARTESIAN_POINT('Ctrl Pts',(31.4547513589582,21.0529834031916,29.6666787241553));
#14047=CARTESIAN_POINT('Ctrl Pts',(31.577185605539,21.3885902088202,29.3310719185267));
#14048=CARTESIAN_POINT('Ctrl Pts',(31.7055835182308,21.7196621273469,29.));
#14049=CARTESIAN_POINT('Origin',(30.6715367266739,13.5224401721976,29.5));
#14050=CARTESIAN_POINT('',(30.0328053181471,26.4382945472004,29.));
#14051=CARTESIAN_POINT('',(30.0328053181471,26.4382945472004,29.));
#14052=CARTESIAN_POINT('',(31.1695981275023,13.5664269998274,29.));
#14053=CARTESIAN_POINT('Origin',(28.2895904152479,26.2843406504963,29.5));
#14054=CARTESIAN_POINT('',(28.443544311952,28.0275555533955,29.));
#14055=CARTESIAN_POINT('',(28.443544311952,28.0275555533955,29.));
#14056=CARTESIAN_POINT('Origin',(28.2895904152479,26.2843406504963,29.));
#14057=CARTESIAN_POINT('Origin',(18.4221801929921,28.4106569457099,29.5));
#14058=CARTESIAN_POINT('',(26.8149760764987,28.171384306511,29.));
#14059=CARTESIAN_POINT('',(26.8149760764987,28.171384306511,29.));
#14060=CARTESIAN_POINT('',(18.4661670206218,28.9087183465382,29.));
#14061=CARTESIAN_POINT('Origin',(27.2328509384179,32.9029676144299,29.5));
#14062=CARTESIAN_POINT('Origin',(27.2328509384179,32.9029676144299,29.));
#14063=CARTESIAN_POINT('Origin',(41.803438255725,22.1809316418491,29.5));
#14064=CARTESIAN_POINT('',(39.7836294402158,39.3676406816592,29.));
#14065=CARTESIAN_POINT('',(39.7836294402158,39.3676406816592,29.));
#14066=CARTESIAN_POINT('',(41.3053768548966,22.1369448142193,29.));
#14067=CARTESIAN_POINT('Origin',(41.526844343115,39.5215945783634,29.5));
#14068=CARTESIAN_POINT('',(41.3728904464109,37.7783796754643,29.));
#14069=CARTESIAN_POINT('',(41.3728904464109,37.7783796754643,29.));
#14070=CARTESIAN_POINT('Origin',(41.526844343115,39.5215945783634,29.));
#14071=CARTESIAN_POINT('Origin',(25.4521042328331,39.6863871567225,29.5));
#14072=CARTESIAN_POINT('',(43.0014651146995,37.634550354226,29.));
#14073=CARTESIAN_POINT('',(43.0014651146995,37.634550354226,29.));
#14074=CARTESIAN_POINT('',(25.4081174052034,39.1883257558942,29.));
#14075=CARTESIAN_POINT('Origin',(42.583583819945,32.9029676144299,29.5));
#14076=CARTESIAN_POINT('Origin',(42.583583819945,32.9029676144299,29.));
#14077=CARTESIAN_POINT('Origin',(21.9843578082461,21.2196621273469,29.5));
#14078=CARTESIAN_POINT('',(38.1108512402232,21.7196621273469,29.));
#14079=CARTESIAN_POINT('',(21.9843578082461,21.7196621273469,29.));
#14080=CARTESIAN_POINT('Ctrl Pts',(38.4776690955552,20.7196621273469,30.));
#14081=CARTESIAN_POINT('Ctrl Pts',(38.3616833991553,21.0529834042438,29.6666787231031));
#14082=CARTESIAN_POINT('Ctrl Pts',(38.2392491527808,21.3885902092242,29.3310719181228));
#14083=CARTESIAN_POINT('Ctrl Pts',(38.110851240241,21.7196621273504,28.9999999999966));
#14084=CARTESIAN_POINT('Origin',(23.3830169610983,25.9368144071285,29.5));
#14085=CARTESIAN_POINT('',(41.3728904464109,28.0275555533955,29.));
#14086=CARTESIAN_POINT('',(41.3728904464109,28.0275555533955,29.));
#14087=CARTESIAN_POINT('',(23.3390301334686,26.4348758079568,29.));
#14088=CARTESIAN_POINT('Origin',(41.526844343115,26.2843406504964,29.5));
#14089=CARTESIAN_POINT('',(39.7836294402159,26.4382945472004,29.));
#14090=CARTESIAN_POINT('',(39.7836294402159,26.4382945472004,29.));
#14091=CARTESIAN_POINT('Origin',(41.526844343115,26.2843406504964,29.));
#14092=CARTESIAN_POINT('Origin',(38.9919811495003,11.7909673505081,29.5));
#14093=CARTESIAN_POINT('',(39.6397983497133,24.8096998455914,29.));
#14094=CARTESIAN_POINT('',(39.6397983497133,24.8096998455914,29.));
#14095=CARTESIAN_POINT('',(38.493919748672,11.8349541781378,29.));
#14096=CARTESIAN_POINT('Origin',(34.9082173791815,25.2276011736663,29.5));
#14097=CARTESIAN_POINT('Origin',(34.9082173791815,25.2276011736663,29.));
#14098=CARTESIAN_POINT('Origin',(31.7055835182308,44.0862731015129,27.5));
#14099=CARTESIAN_POINT('',(31.7055835182308,44.0862731015129,28.));
#14100=CARTESIAN_POINT('',(31.7055835182308,44.0862731015129,27.5));
#14101=CARTESIAN_POINT('',(38.1108512401321,44.0862731015129,28.));
#14102=CARTESIAN_POINT('',(33.3069004487061,44.0862731015129,28.));
#14103=CARTESIAN_POINT('',(38.1108512401321,44.0862731015129,27.5));
#14104=CARTESIAN_POINT('Origin',(34.9082173791814,40.5783340551935,27.5));
#14105=CARTESIAN_POINT('',(30.1766340844636,40.9962090665875,28.));
#14106=CARTESIAN_POINT('',(30.1766340844636,40.9962090665875,27.5));
#14107=CARTESIAN_POINT('Origin',(34.9082173791814,40.5783340551935,28.));
#14108=CARTESIAN_POINT('Origin',(30.032805318147,39.3676406816593,27.5));
#14109=CARTESIAN_POINT('',(30.032805318147,39.3676406816593,28.));
#14110=CARTESIAN_POINT('',(30.032805318147,39.3676406816593,27.5));
#14111=CARTESIAN_POINT('',(29.7684136745035,36.3739428067207,28.));
#14112=CARTESIAN_POINT('Origin',(28.2895904152479,39.5215945783634,27.5));
#14113=CARTESIAN_POINT('',(28.443544311952,37.7783796754643,28.));
#14114=CARTESIAN_POINT('',(28.443544311952,37.7783796754643,27.5));
#14115=CARTESIAN_POINT('Origin',(28.2895904152479,39.5215945783634,28.));
#14116=CARTESIAN_POINT('Origin',(26.8149761935738,37.6345509326883,27.5));
#14117=CARTESIAN_POINT('',(26.8149761935738,37.6345509326883,28.));
#14118=CARTESIAN_POINT('',(26.8149761935738,37.6345509326883,27.5));
#14119=CARTESIAN_POINT('',(30.6229581277015,37.9708569477199,28.));
#14120=CARTESIAN_POINT('Origin',(27.2328509384179,32.9029676144299,27.5));
#14121=CARTESIAN_POINT('',(23.7249118920985,36.1056014753805,28.));
#14122=CARTESIAN_POINT('',(23.7249118920985,36.1056014753805,27.5));
#14123=CARTESIAN_POINT('Origin',(27.2328509384179,32.9029676144299,28.));
#14124=CARTESIAN_POINT('Origin',(23.7249118920985,29.7003337534792,27.5));
#14125=CARTESIAN_POINT('',(23.7249118920985,29.7003337534792,28.));
#14126=CARTESIAN_POINT('',(23.7249118920985,29.7003337534792,27.5));
#14127=CARTESIAN_POINT('',(23.7249118920985,31.3016506839545,28.));
#14128=CARTESIAN_POINT('Origin',(27.2328509384179,32.9029676144299,27.5));
#14129=CARTESIAN_POINT('',(26.8149760764987,28.171384306511,28.));
#14130=CARTESIAN_POINT('',(26.8149760764987,28.171384306511,27.5));
#14131=CARTESIAN_POINT('Origin',(27.2328509384179,32.9029676144299,28.));
#14132=CARTESIAN_POINT('Origin',(28.443544311952,28.0275555533955,27.5));
#14133=CARTESIAN_POINT('',(28.443544311952,28.0275555533955,28.));
#14134=CARTESIAN_POINT('',(28.443544311952,28.0275555533955,27.5));
#14135=CARTESIAN_POINT('',(31.4372421868907,27.7631639097519,28.));
#14136=CARTESIAN_POINT('Origin',(28.2895904152479,26.2843406504963,27.5));
#14137=CARTESIAN_POINT('',(30.0328053181471,26.4382945472004,28.));
#14138=CARTESIAN_POINT('',(30.0328053181471,26.4382945472004,27.5));
#14139=CARTESIAN_POINT('Origin',(28.2895904152479,26.2843406504963,28.));
#14140=CARTESIAN_POINT('Origin',(30.1766340673508,24.8097263560405,27.5));
#14141=CARTESIAN_POINT('',(30.1766340673508,24.8097263560405,28.));
#14142=CARTESIAN_POINT('',(30.1766340673508,24.8097263560405,27.5));
#14143=CARTESIAN_POINT('',(29.8403280491054,28.6177083265591,28.));
#14144=CARTESIAN_POINT('Origin',(34.9082173791815,25.2276011736663,27.5));
#14145=CARTESIAN_POINT('',(31.7055835182308,21.7196621273469,28.));
#14146=CARTESIAN_POINT('',(31.7055835182308,21.7196621273469,27.5));
#14147=CARTESIAN_POINT('Origin',(34.9082173791815,25.2276011736663,28.));
#14148=CARTESIAN_POINT('Origin',(38.1108512402232,21.7196621273469,27.5));
#14149=CARTESIAN_POINT('',(38.1108512402232,21.7196621273469,28.));
#14150=CARTESIAN_POINT('',(38.1108512402232,21.7196621273469,27.5));
#14151=CARTESIAN_POINT('',(36.5095343097023,21.7196621273469,28.));
#14152=CARTESIAN_POINT('Origin',(34.9082173791815,25.2276011736663,27.5));
#14153=CARTESIAN_POINT('',(39.6397983497133,24.8096998455914,28.));
#14154=CARTESIAN_POINT('',(39.6397983497133,24.8096998455914,27.5));
#14155=CARTESIAN_POINT('Origin',(34.9082173791815,25.2276011736663,28.));
#14156=CARTESIAN_POINT('Origin',(39.7836294402159,26.4382945472004,27.5));
#14157=CARTESIAN_POINT('',(39.7836294402159,26.4382945472004,28.));
#14158=CARTESIAN_POINT('',(39.7836294402159,26.4382945472004,27.5));
#14159=CARTESIAN_POINT('',(40.0480210838594,29.4319924221391,28.));
#14160=CARTESIAN_POINT('Origin',(41.526844343115,26.2843406504964,27.5));
#14161=CARTESIAN_POINT('',(41.3728904464109,28.0275555533955,28.));
#14162=CARTESIAN_POINT('',(41.3728904464109,28.0275555533955,27.5));
#14163=CARTESIAN_POINT('Origin',(41.526844343115,26.2843406504964,28.));
#14164=CARTESIAN_POINT('Origin',(43.0014587301099,28.171384310772,27.5));
#14165=CARTESIAN_POINT('',(43.0014587301099,28.171384310772,28.));
#14166=CARTESIAN_POINT('',(43.0014587301099,28.171384310772,27.5));
#14167=CARTESIAN_POINT('',(39.1934767133218,27.8350782884402,28.));
#14168=CARTESIAN_POINT('Origin',(42.583583819945,32.9029676144299,27.5));
#14169=CARTESIAN_POINT('',(46.0915228662644,29.7003337534793,28.));
#14170=CARTESIAN_POINT('',(46.0915228662644,29.7003337534793,27.5));
#14171=CARTESIAN_POINT('Origin',(42.583583819945,32.9029676144299,28.));
#14172=CARTESIAN_POINT('Origin',(46.0915228662644,36.105601475386,27.5));
#14173=CARTESIAN_POINT('',(46.0915228662644,36.105601475386,28.));
#14174=CARTESIAN_POINT('',(46.0915228662644,36.105601475386,27.5));
#14175=CARTESIAN_POINT('',(46.0915228662644,34.5042845449079,28.));
#14176=CARTESIAN_POINT('Origin',(42.583583819945,32.9029676144299,27.5));
#14177=CARTESIAN_POINT('',(43.0014651146995,37.634550354226,28.));
#14178=CARTESIAN_POINT('',(43.0014651146995,37.634550354226,27.5));
#14179=CARTESIAN_POINT('Origin',(42.583583819945,32.9029676144299,28.));
#14180=CARTESIAN_POINT('Origin',(41.3728904464109,37.7783796754643,27.5));
#14181=CARTESIAN_POINT('',(41.3728904464109,37.7783796754643,28.));
#14182=CARTESIAN_POINT('',(41.3728904464109,37.7783796754643,27.5));
#14183=CARTESIAN_POINT('',(38.3791925714722,38.0427713191078,28.));
#14184=CARTESIAN_POINT('Origin',(41.526844343115,39.5215945783634,27.5));
#14185=CARTESIAN_POINT('',(39.7836294402158,39.3676406816592,28.));
#14186=CARTESIAN_POINT('',(39.7836294402158,39.3676406816592,27.5));
#14187=CARTESIAN_POINT('Origin',(41.526844343115,39.5215945783634,28.));
#14188=CARTESIAN_POINT('Origin',(39.6398008254912,40.9962073501134,27.5));
#14189=CARTESIAN_POINT('',(39.6398008254912,40.9962073501134,28.));
#14190=CARTESIAN_POINT('',(39.6398008254912,40.9962073501134,27.5));
#14191=CARTESIAN_POINT('',(39.9761067764975,37.1882261409482,28.));
#14192=CARTESIAN_POINT('Origin',(34.9082173791814,40.5783340551935,27.5));
#14193=CARTESIAN_POINT('Origin',(34.9082173791814,40.5783340551935,28.));
#14194=CARTESIAN_POINT('Origin',(54.9082173791815,56.9033340551935,27.5));
#14195=CARTESIAN_POINT('Origin',(54.9082173791815,56.9033340551935,27.9999999999999));
#14196=CARTESIAN_POINT('Origin',(54.9082173791815,51.9033340551935,29.2499999999999));
#14197=CARTESIAN_POINT('',(51.0332173791815,51.9033340551935,27.4999999999999));
#14198=CARTESIAN_POINT('',(51.0332173791815,51.9033340551935,29.4999999999999));
#14199=CARTESIAN_POINT('',(51.0332173791815,51.9033340551935,28.3749999999999));
#14200=CARTESIAN_POINT('',(51.6332173791815,51.9033340551935,29.4999999999999));
#14201=CARTESIAN_POINT('',(54.9082173791815,51.9033340551935,29.4999999999999));
#14202=CARTESIAN_POINT('',(51.6332173791815,51.9033340551935,27.9999999999999));
#14203=CARTESIAN_POINT('',(51.6332173791815,51.9033340551935,28.3749999999999));
#14204=CARTESIAN_POINT('',(58.1832173791815,51.9033340551935,27.9999999999998));
#14205=CARTESIAN_POINT('',(54.9082173791815,51.9033340551935,27.9999999999999));
#14206=CARTESIAN_POINT('',(58.1832173791815,51.9033340551935,29.4999999999998));
#14207=CARTESIAN_POINT('',(58.1832173791815,51.9033340551935,28.3749999999998));
#14208=CARTESIAN_POINT('',(58.7832173791815,51.9033340551935,29.4999999999998));
#14209=CARTESIAN_POINT('',(54.9082173791815,51.9033340551935,29.4999999999999));
#14210=CARTESIAN_POINT('',(58.7832173791815,51.9033340551935,27.4999999999998));
#14211=CARTESIAN_POINT('',(58.7832173791815,51.9033340551935,28.3749999999998));
#14212=CARTESIAN_POINT('',(54.9082173791815,51.9033340551935,27.5));
#14213=CARTESIAN_POINT('Origin',(58.1832173791815,59.3859534121198,27.4999999999998));
#14214=CARTESIAN_POINT('',(58.1832173791815,59.3859534121198,27.9999999999998));
#14215=CARTESIAN_POINT('',(58.1832173791815,55.6446437336567,27.9999999999998));
#14216=CARTESIAN_POINT('',(58.1832173791815,59.3859534121198,29.4999999999998));
#14217=CARTESIAN_POINT('',(58.1832173791815,59.3859534121198,27.4999999999998));
#14218=CARTESIAN_POINT('',(58.1832173791815,59.3859534121198,29.4999999999998));
#14219=CARTESIAN_POINT('Origin',(58.7832173791815,44.232949842668,27.4999999999998));
#14220=CARTESIAN_POINT('',(58.7832173791815,59.5737182677189,29.4999999999998));
#14221=CARTESIAN_POINT('',(58.7832173791815,59.5737182677189,29.4999999999998));
#14222=CARTESIAN_POINT('',(58.7832173791815,59.5737182677189,27.4999999999998));
#14223=CARTESIAN_POINT('',(58.7832173791815,59.5737182677189,27.4999999999998));
#14224=CARTESIAN_POINT('',(58.7832173791815,50.5681419489308,27.5));
#14225=CARTESIAN_POINT('Origin',(54.9082173791815,51.9033340551935,29.4999999999999));
#14226=CARTESIAN_POINT('',(51.6332173791815,59.3859534121198,29.4999999999999));
#14227=CARTESIAN_POINT('Origin',(54.9082173791815,57.0033340551935,29.4999999999999));
#14228=CARTESIAN_POINT('',(51.6332173791815,44.4207146982672,29.4999999999999));
#14229=CARTESIAN_POINT('',(51.0332173791815,59.5737182677189,29.4999999999999));
#14230=CARTESIAN_POINT('',(51.0332173791815,44.232949842668,29.4999999999999));
#14231=CARTESIAN_POINT('Origin',(54.9082173791815,57.0033340551935,29.4999999999999));
#14232=CARTESIAN_POINT('Origin',(54.9082173791815,51.9033340551935,27.9999999999999));
#14233=CARTESIAN_POINT('',(51.6332173791815,59.3859534121198,27.9999999999999));
#14234=CARTESIAN_POINT('',(51.6332173791815,48.1620243767303,27.9999999999999));
#14235=CARTESIAN_POINT('Origin',(54.9082173791815,57.0033340551935,27.9999999999999));
#14236=CARTESIAN_POINT('Origin',(51.6332173791815,44.4207146982672,27.4999999999999));
#14237=CARTESIAN_POINT('',(51.6332173791815,59.3859534121198,27.4999999999999));
#14238=CARTESIAN_POINT('Origin',(54.9082173791815,57.0033340551935,27.4999999999999));
#14239=CARTESIAN_POINT('Origin',(51.0332173791815,59.5737182677189,27.4999999999999));
#14240=CARTESIAN_POINT('',(51.0332173791815,59.5737182677189,27.4999999999999));
#14241=CARTESIAN_POINT('',(51.0332173791815,58.2385261614562,27.5));
#14242=CARTESIAN_POINT('',(51.0332173791815,59.5737182677189,27.4999999999999));
#14243=CARTESIAN_POINT('Origin',(54.9082173791815,57.0033340551935,27.4999999999999));
#14244=CARTESIAN_POINT('Origin',(54.9082173791815,57.0033340551935,27.5));
#14245=CARTESIAN_POINT('Origin',(27.2328509384179,32.9029676144299,27.5));
#14246=CARTESIAN_POINT('',(26.7270025630803,38.6306737365322,28.));
#14247=CARTESIAN_POINT('',(22.7249118920985,36.4724193306839,28.));
#14248=CARTESIAN_POINT('Origin',(27.2328509384179,32.9029676144299,28.));
#14249=CARTESIAN_POINT('',(22.7249118920985,36.4724193306839,29.5));
#14250=CARTESIAN_POINT('',(22.7249118920985,36.4724193306839,27.5));
#14251=CARTESIAN_POINT('',(26.7270025630803,38.6306737365322,29.5));
#14252=CARTESIAN_POINT('Origin',(27.2328509384179,32.9029676144299,29.5));
#14253=CARTESIAN_POINT('',(26.7270025630803,38.6306737365322,27.5));
#14254=CARTESIAN_POINT('Origin',(26.7270025630803,38.6306737365322,27.5));
#14255=CARTESIAN_POINT('',(28.3555706566925,38.7745024771209,28.));
#14256=CARTESIAN_POINT('',(30.534984484825,38.9669797504701,28.));
#14257=CARTESIAN_POINT('',(28.3555706566925,38.7745024771209,29.5));
#14258=CARTESIAN_POINT('',(26.6565664630034,38.6244530966917,29.5));
#14259=CARTESIAN_POINT('',(28.3555706566925,38.7745024771209,27.5));
#14260=CARTESIAN_POINT('Origin',(28.2895904152479,39.5215945783634,27.5));
#14261=CARTESIAN_POINT('',(29.0366825164904,39.4556143369188,28.));
#14262=CARTESIAN_POINT('Origin',(28.2895904152479,39.5215945783634,28.));
#14263=CARTESIAN_POINT('',(29.0366825164904,39.4556143369188,29.5));
#14264=CARTESIAN_POINT('Origin',(28.2895904152479,39.5215945783634,29.5));
#14265=CARTESIAN_POINT('',(29.0366825164904,39.4556143369188,27.5));
#14266=CARTESIAN_POINT('Origin',(29.0366825164904,39.4556143369188,27.5));
#14267=CARTESIAN_POINT('',(29.180511282807,41.0841827218469,28.));
#14268=CARTESIAN_POINT('',(28.7722908728468,36.4619164619802,28.));
#14269=CARTESIAN_POINT('',(29.180511282807,41.0841827218469,29.5));
#14270=CARTESIAN_POINT('',(29.1867318969196,41.1546185306079,29.5));
#14271=CARTESIAN_POINT('',(29.180511282807,41.0841827218469,27.5));
#14272=CARTESIAN_POINT('Origin',(34.9082173791814,40.5783340551935,27.5));
#14273=CARTESIAN_POINT('',(31.3387656629274,45.0862731015129,28.));
#14274=CARTESIAN_POINT('Origin',(34.9082173791814,40.5783340551935,28.));
#14275=CARTESIAN_POINT('',(31.3387656629274,45.0862731015129,29.5));
#14276=CARTESIAN_POINT('Origin',(34.9082173791814,40.5783340551935,29.5));
#14277=CARTESIAN_POINT('',(31.3387656629274,45.0862731015129,27.5));
#14278=CARTESIAN_POINT('Origin',(31.3387656629274,45.0862731015129,27.5));
#14279=CARTESIAN_POINT('',(38.4776690954355,45.0862731015129,28.));
#14280=CARTESIAN_POINT('',(33.1234915210544,45.0862731015129,28.));
#14281=CARTESIAN_POINT('',(38.4776690954355,45.0862731015129,29.5));
#14282=CARTESIAN_POINT('',(30.8883966494615,45.0862731015129,29.5));
#14283=CARTESIAN_POINT('',(38.4776690954355,45.0862731015129,27.5));
#14284=CARTESIAN_POINT('Origin',(34.9082173791814,40.5783340551935,27.5));
#14285=CARTESIAN_POINT('',(40.6359236562933,41.0841806753596,28.));
#14286=CARTESIAN_POINT('Origin',(34.9082173791814,40.5783340551935,28.));
#14287=CARTESIAN_POINT('',(40.6359236562933,41.0841806753596,29.5));
#14288=CARTESIAN_POINT('Origin',(34.9082173791814,40.5783340551935,29.5));
#14289=CARTESIAN_POINT('',(40.6359236562933,41.0841806753596,27.5));
#14290=CARTESIAN_POINT('Origin',(40.6359236562936,41.0841806753597,27.5));
#14291=CARTESIAN_POINT('',(40.7797522418725,39.4556143369188,28.));
#14292=CARTESIAN_POINT('',(40.9722295927266,37.2761996312006,28.));
#14293=CARTESIAN_POINT('',(40.7797522418725,39.4556143369188,29.5));
#14294=CARTESIAN_POINT('',(40.6297028614433,41.1546185306079,29.5));
#14295=CARTESIAN_POINT('',(40.7797522418725,39.4556143369188,27.5));
#14296=CARTESIAN_POINT('Origin',(41.526844343115,39.5215945783634,27.5));
#14297=CARTESIAN_POINT('',(41.4608641016704,38.774502477121,28.));
#14298=CARTESIAN_POINT('Origin',(41.526844343115,39.5215945783634,28.));
#14299=CARTESIAN_POINT('',(41.4608641016704,38.774502477121,29.5));
#14300=CARTESIAN_POINT('Origin',(41.526844343115,39.5215945783634,29.5));
#14301=CARTESIAN_POINT('',(41.4608641016704,38.774502477121,27.5));
#14302=CARTESIAN_POINT('Origin',(41.4608641016704,38.774502477121,27.5));
#14303=CARTESIAN_POINT('',(43.089438769959,38.6306731558826,28.));
#14304=CARTESIAN_POINT('',(38.4671662267317,39.0388941207645,28.));
#14305=CARTESIAN_POINT('',(43.089438769959,38.6306731558826,29.5));
#14306=CARTESIAN_POINT('',(43.1598682953594,38.6244530966918,29.5));
#14307=CARTESIAN_POINT('',(43.089438769959,38.6306731558826,27.5));
#14308=CARTESIAN_POINT('Origin',(42.583583819945,32.9029676144299,27.5));
#14309=CARTESIAN_POINT('',(47.0915228662644,36.472419330684,28.));
#14310=CARTESIAN_POINT('Origin',(42.583583819945,32.9029676144299,28.));
#14311=CARTESIAN_POINT('',(47.0915228662644,36.472419330684,29.5));
#14312=CARTESIAN_POINT('Origin',(42.583583819945,32.9029676144299,29.5));
#14313=CARTESIAN_POINT('',(47.0915228662644,36.472419330684,27.5));
#14314=CARTESIAN_POINT('Origin',(47.0915228662644,36.472419330684,27.5));
#14315=CARTESIAN_POINT('',(47.0915228662644,29.3335158981759,28.));
#14316=CARTESIAN_POINT('',(47.0915228662644,34.6876934725569,28.));
#14317=CARTESIAN_POINT('',(47.0915228662644,29.3335158981759,29.5));
#14318=CARTESIAN_POINT('',(47.0915228662644,36.9227883441498,29.5));
#14319=CARTESIAN_POINT('',(47.0915228662644,29.3335158981759,27.5));
#14320=CARTESIAN_POINT('Origin',(22.7249118920985,29.3335158981758,27.5));
#14321=CARTESIAN_POINT('',(22.7249118920985,29.3335158981758,28.));
#14322=CARTESIAN_POINT('',(22.7249118920985,31.1182417563028,28.));
#14323=CARTESIAN_POINT('',(22.7249118920985,29.3335158981758,29.5));
#14324=CARTESIAN_POINT('',(22.7249118920985,29.3335158981758,27.5));
#14325=CARTESIAN_POINT('',(22.7249118920985,28.88314688471,29.5));
#14326=CARTESIAN_POINT('Origin',(27.2328509384179,32.9029676144299,27.5));
#14327=CARTESIAN_POINT('',(26.7270024212393,27.1752615048544,28.));
#14328=CARTESIAN_POINT('Origin',(27.2328509384179,32.9029676144299,28.));
#14329=CARTESIAN_POINT('',(26.7270024212393,27.1752615048544,29.5));
#14330=CARTESIAN_POINT('',(26.7270024212393,27.1752615048544,27.5));
#14331=CARTESIAN_POINT('Origin',(27.2328509384179,32.9029676144299,29.5));
#14332=CARTESIAN_POINT('Origin',(28.3555706566925,27.0314327517388,27.5));
#14333=CARTESIAN_POINT('',(28.3555706566925,27.0314327517388,28.));
#14334=CARTESIAN_POINT('',(31.3492685316312,26.7670411080953,28.));
#14335=CARTESIAN_POINT('',(28.3555706566925,27.0314327517388,29.5));
#14336=CARTESIAN_POINT('',(28.3555706566925,27.0314327517388,27.5));
#14337=CARTESIAN_POINT('',(26.6565664630035,27.181482132168,29.5));
#14338=CARTESIAN_POINT('Origin',(28.2895904152479,26.2843406504963,27.5));
#14339=CARTESIAN_POINT('',(29.0366825164904,26.3503208919409,28.));
#14340=CARTESIAN_POINT('Origin',(28.2895904152479,26.2843406504963,28.));
#14341=CARTESIAN_POINT('',(29.0366825164904,26.3503208919409,29.5));
#14342=CARTESIAN_POINT('',(29.0366825164904,26.3503208919409,27.5));
#14343=CARTESIAN_POINT('Origin',(28.2895904152479,26.2843406504963,29.5));
#14344=CARTESIAN_POINT('Origin',(29.1805112648602,24.7217527102245,27.5));
#14345=CARTESIAN_POINT('',(29.1805112648602,24.7217527102245,28.));
#14346=CARTESIAN_POINT('',(28.8442052470317,28.5297346760214,28.));
#14347=CARTESIAN_POINT('',(29.1805112648602,24.7217527102245,29.5));
#14348=CARTESIAN_POINT('',(29.1805112648602,24.7217527102245,27.5));
#14349=CARTESIAN_POINT('',(29.1867318969196,24.6513166982519,29.5));
#14350=CARTESIAN_POINT('Origin',(34.9082173791815,25.2276011736663,27.5));
#14351=CARTESIAN_POINT('',(31.3387656629274,20.7196621273469,28.));
#14352=CARTESIAN_POINT('Origin',(34.9082173791815,25.2276011736663,28.));
#14353=CARTESIAN_POINT('',(31.3387656629274,20.7196621273469,29.5));
#14354=CARTESIAN_POINT('',(31.3387656629274,20.7196621273469,27.5));
#14355=CARTESIAN_POINT('Origin',(34.9082173791815,25.2276011736663,29.5));
#14356=CARTESIAN_POINT('Origin',(38.4776690954355,20.7196621273469,27.5));
#14357=CARTESIAN_POINT('',(38.4776690954355,20.7196621273469,28.));
#14358=CARTESIAN_POINT('',(36.6929432373085,20.7196621273469,28.));
#14359=CARTESIAN_POINT('',(38.4776690954355,20.7196621273469,29.5));
#14360=CARTESIAN_POINT('',(38.4776690954355,20.7196621273469,27.5));
#14361=CARTESIAN_POINT('',(38.4776690954355,20.7196621273469,29.5));
#14362=CARTESIAN_POINT('Origin',(34.9082173791815,25.2276011736663,27.5));
#14363=CARTESIAN_POINT('',(40.63592115137,24.721726190332,28.));
#14364=CARTESIAN_POINT('Origin',(34.9082173791815,25.2276011736663,28.));
#14365=CARTESIAN_POINT('',(40.63592115137,24.721726190332,29.5));
#14366=CARTESIAN_POINT('',(40.63592115137,24.721726190332,27.5));
#14367=CARTESIAN_POINT('Origin',(34.9082173791815,25.2276011736663,29.5));
#14368=CARTESIAN_POINT('Origin',(40.7797522418725,26.350320891941,27.5));
#14369=CARTESIAN_POINT('',(40.7797522418725,26.350320891941,28.));
#14370=CARTESIAN_POINT('',(41.0441438855161,29.3440187668796,28.));
#14371=CARTESIAN_POINT('',(40.7797522418725,26.350320891941,29.5));
#14372=CARTESIAN_POINT('',(40.7797522418725,26.350320891941,27.5));
#14373=CARTESIAN_POINT('',(40.6297028614433,24.6513166982519,29.5));
#14374=CARTESIAN_POINT('Origin',(41.526844343115,26.2843406504964,27.5));
#14375=CARTESIAN_POINT('',(41.4608641016704,27.0314327517389,28.));
#14376=CARTESIAN_POINT('Origin',(41.526844343115,26.2843406504964,28.));
#14377=CARTESIAN_POINT('',(41.4608641016704,27.0314327517389,29.5));
#14378=CARTESIAN_POINT('',(41.4608641016704,27.0314327517389,27.5));
#14379=CARTESIAN_POINT('Origin',(41.526844343115,26.2843406504964,29.5));
#14380=CARTESIAN_POINT('Origin',(43.0894323954077,27.1752615100019,27.5));
#14381=CARTESIAN_POINT('',(43.0894323954077,27.1752615100019,28.));
#14382=CARTESIAN_POINT('',(39.2814503736004,26.8389554872268,28.));
#14383=CARTESIAN_POINT('',(43.0894323954077,27.1752615100019,29.5));
#14384=CARTESIAN_POINT('',(43.0894323954077,27.1752615100019,27.5));
#14385=CARTESIAN_POINT('',(43.1598682953595,27.1814821321681,29.5));
#14386=CARTESIAN_POINT('Origin',(42.583583819945,32.9029676144299,27.5));
#14387=CARTESIAN_POINT('Origin',(42.583583819945,32.9029676144299,28.));
#14388=CARTESIAN_POINT('Origin',(42.583583819945,32.9029676144299,29.5));
#14389=CARTESIAN_POINT('Origin',(34.9082173791815,32.9029676144299,29.5));
#14390=CARTESIAN_POINT('',(38.9280381089014,20.1196621273469,29.5));
#14391=CARTESIAN_POINT('',(41.4082173791815,25.2276011736663,29.5));
#14392=CARTESIAN_POINT('Origin',(34.9082173791815,25.2276011736663,29.5));
#14393=CARTESIAN_POINT('',(30.8883966494616,20.1196621273469,29.5));
#14394=CARTESIAN_POINT('',(38.9280381089014,20.1196621273469,29.5));
#14395=CARTESIAN_POINT('',(28.4082173791815,25.2276011736663,29.5));
#14396=CARTESIAN_POINT('Origin',(34.9082173791815,25.2276011736663,29.5));
#14397=CARTESIAN_POINT('',(27.2328509384179,26.4029676144299,29.5));
#14398=CARTESIAN_POINT('Origin',(27.2328509384179,25.2276011736663,29.5));
#14399=CARTESIAN_POINT('',(22.1249118920985,28.88314688471,29.5));
#14400=CARTESIAN_POINT('Origin',(27.2328509384179,32.9029676144299,29.5));
#14401=CARTESIAN_POINT('',(22.1249118920985,36.9227883441498,29.5));
#14402=CARTESIAN_POINT('',(22.1249118920985,28.88314688471,29.5));
#14403=CARTESIAN_POINT('',(27.2328509384179,39.4029676144299,29.5));
#14404=CARTESIAN_POINT('Origin',(27.2328509384179,32.9029676144299,29.5));
#14405=CARTESIAN_POINT('',(28.4082173791814,40.5783340551935,29.5));
#14406=CARTESIAN_POINT('Origin',(27.2328509384178,40.5783340551935,29.5));
#14407=CARTESIAN_POINT('',(30.8883966494615,45.6862731015129,29.5));
#14408=CARTESIAN_POINT('Origin',(34.9082173791814,40.5783340551935,29.5));
#14409=CARTESIAN_POINT('',(38.9280381089013,45.6862731015129,29.5));
#14410=CARTESIAN_POINT('',(30.8883966494615,45.6862731015129,29.5));
#14411=CARTESIAN_POINT('',(41.4082173791814,40.5783340551935,29.5));
#14412=CARTESIAN_POINT('Origin',(34.9082173791814,40.5783340551935,29.5));
#14413=CARTESIAN_POINT('',(42.583583819945,39.4029676144299,29.5));
#14414=CARTESIAN_POINT('Origin',(42.583583819945,40.5783340551935,29.5));
#14415=CARTESIAN_POINT('',(47.6915228662644,36.9227883441498,29.5));
#14416=CARTESIAN_POINT('Origin',(42.583583819945,32.9029676144299,29.5));
#14417=CARTESIAN_POINT('',(47.6915228662644,28.88314688471,29.5));
#14418=CARTESIAN_POINT('',(47.6915228662644,36.9227883441498,29.5));
#14419=CARTESIAN_POINT('',(42.583583819945,26.4029676144299,29.5));
#14420=CARTESIAN_POINT('Origin',(42.583583819945,32.9029676144299,29.5));
#14421=CARTESIAN_POINT('Origin',(42.583583819945,25.2276011736663,29.5));
#14422=CARTESIAN_POINT('Origin',(30.8883966494616,20.1196621273469,27.5));
#14423=CARTESIAN_POINT('',(38.9280381089014,20.1196621273469,27.5));
#14424=CARTESIAN_POINT('',(30.8883966494616,20.1196621273469,27.5));
#14425=CARTESIAN_POINT('',(36.9181277440414,20.1196621273469,27.5));
#14426=CARTESIAN_POINT('',(30.8883966494616,20.1196621273469,27.5));
#14427=CARTESIAN_POINT('',(38.9280381089014,20.1196621273469,27.5));
#14428=CARTESIAN_POINT('Origin',(34.9082173791815,25.2276011736663,27.5));
#14429=CARTESIAN_POINT('',(28.4082173791815,25.2276011736663,27.5));
#14430=CARTESIAN_POINT('Origin',(34.9082173791815,25.2276011736663,27.5));
#14431=CARTESIAN_POINT('',(28.4082173791815,25.2276011736663,27.5));
#14432=CARTESIAN_POINT('Origin',(27.2328509384179,25.2276011736663,27.5));
#14433=CARTESIAN_POINT('',(27.2328509384179,26.4029676144299,27.5));
#14434=CARTESIAN_POINT('Origin',(27.2328509384179,25.2276011736663,27.5));
#14435=CARTESIAN_POINT('',(27.2328509384179,26.4029676144299,27.5));
#14436=CARTESIAN_POINT('Origin',(27.2328509384179,32.9029676144299,27.5));
#14437=CARTESIAN_POINT('',(22.1249118920985,28.88314688471,27.5));
#14438=CARTESIAN_POINT('Origin',(27.2328509384179,32.9029676144299,27.5));
#14439=CARTESIAN_POINT('',(22.1249118920985,28.88314688471,27.5));
#14440=CARTESIAN_POINT('Origin',(22.1249118920985,36.9227883441497,27.5));
#14441=CARTESIAN_POINT('',(22.1249118920985,36.9227883441498,27.5));
#14442=CARTESIAN_POINT('',(22.1249118920985,30.8930572495699,27.5));
#14443=CARTESIAN_POINT('',(22.1249118920985,36.9227883441498,27.5));
#14444=CARTESIAN_POINT('Origin',(27.2328509384179,32.9029676144299,27.5));
#14445=CARTESIAN_POINT('',(27.2328509384179,39.4029676144299,27.5));
#14446=CARTESIAN_POINT('Origin',(27.2328509384179,32.9029676144299,27.5));
#14447=CARTESIAN_POINT('',(27.2328509384179,39.4029676144299,27.5));
#14448=CARTESIAN_POINT('Origin',(27.2328509384178,40.5783340551935,27.5));
#14449=CARTESIAN_POINT('',(28.4082173791815,40.5783340551935,27.5));
#14450=CARTESIAN_POINT('Origin',(27.2328509384179,40.5783340551935,27.5));
#14451=CARTESIAN_POINT('',(28.4082173791814,40.5783340551935,27.5));
#14452=CARTESIAN_POINT('Origin',(34.9082173791814,40.5783340551935,27.5));
#14453=CARTESIAN_POINT('',(30.8883966494616,45.6862731015129,27.5));
#14454=CARTESIAN_POINT('Origin',(34.9082173791815,40.5783340551935,27.5));
#14455=CARTESIAN_POINT('',(30.8883966494615,45.6862731015129,27.5));
#14456=CARTESIAN_POINT('Origin',(38.9280381089013,45.6862731015129,27.5));
#14457=CARTESIAN_POINT('',(38.9280381089014,45.6862731015129,27.5));
#14458=CARTESIAN_POINT('',(32.8983070143216,45.6862731015129,27.5));
#14459=CARTESIAN_POINT('',(38.9280381089013,45.6862731015129,27.5));
#14460=CARTESIAN_POINT('Origin',(34.9082173791814,40.5783340551935,27.5));
#14461=CARTESIAN_POINT('',(41.4082173791815,40.5783340551935,27.5));
#14462=CARTESIAN_POINT('Origin',(34.9082173791815,40.5783340551935,27.5));
#14463=CARTESIAN_POINT('',(41.4082173791814,40.5783340551935,27.5));
#14464=CARTESIAN_POINT('Origin',(42.583583819945,40.5783340551935,27.5));
#14465=CARTESIAN_POINT('',(42.5835838199451,39.4029676144299,27.5));
#14466=CARTESIAN_POINT('Origin',(42.5835838199451,40.5783340551935,27.5));
#14467=CARTESIAN_POINT('',(42.583583819945,39.4029676144299,27.5));
#14468=CARTESIAN_POINT('Origin',(42.583583819945,32.9029676144299,27.5));
#14469=CARTESIAN_POINT('',(47.6915228662645,36.9227883441498,27.5));
#14470=CARTESIAN_POINT('Origin',(42.5835838199451,32.9029676144299,27.5));
#14471=CARTESIAN_POINT('',(47.6915228662644,36.9227883441498,27.5));
#14472=CARTESIAN_POINT('Origin',(47.6915228662644,28.88314688471,27.5));
#14473=CARTESIAN_POINT('',(47.6915228662645,28.88314688471,27.5));
#14474=CARTESIAN_POINT('',(47.6915228662645,34.9128779792898,27.5));
#14475=CARTESIAN_POINT('',(47.6915228662644,28.88314688471,27.5));
#14476=CARTESIAN_POINT('Origin',(42.583583819945,32.9029676144299,27.5));
#14477=CARTESIAN_POINT('',(42.5835838199451,26.4029676144299,27.5));
#14478=CARTESIAN_POINT('Origin',(42.5835838199451,32.9029676144299,27.5));
#14479=CARTESIAN_POINT('',(42.583583819945,26.4029676144299,27.5));
#14480=CARTESIAN_POINT('Origin',(42.583583819945,25.2276011736663,27.5));
#14481=CARTESIAN_POINT('',(41.4082173791815,25.2276011736663,27.5));
#14482=CARTESIAN_POINT('Origin',(42.5835838199451,25.2276011736663,27.5));
#14483=CARTESIAN_POINT('',(41.4082173791815,25.2276011736663,27.5));
#14484=CARTESIAN_POINT('Origin',(34.9082173791815,25.2276011736663,27.5));
#14485=CARTESIAN_POINT('Origin',(34.9082173791815,25.2276011736663,27.5));
#14486=CARTESIAN_POINT('Origin',(34.9082173791815,32.9029676144299,28.));
#14487=CARTESIAN_POINT('Origin',(50.9582173791815,66.6033340551935,27.5));
#14488=CARTESIAN_POINT('',(49.7082173791815,66.6033340551935,27.5));
#14489=CARTESIAN_POINT('',(52.9332173791815,66.6033340551935,27.5));
#14490=CARTESIAN_POINT('',(49.7082173791815,66.6033340551935,27.75));
#14491=CARTESIAN_POINT('Origin',(49.7082173791815,49.9033340551935,28.));
#14492=CARTESIAN_POINT('',(49.7082173791815,47.2033340551935,27.5));
#14493=CARTESIAN_POINT('',(49.7082173791815,53.4033340551935,27.5));
#14494=CARTESIAN_POINT('',(49.7082173791815,47.2033340551935,27.75));
#14495=CARTESIAN_POINT('Origin',(49.9082173791815,47.2033340551935,27.5));
#14496=CARTESIAN_POINT('',(51.1635545105109,47.2033340551935,27.5));
#14497=CARTESIAN_POINT('',(52.4082173791815,47.2033340551935,27.5));
#14498=CARTESIAN_POINT('',(51.1635545105109,47.2033340551935,27.5));
#14499=CARTESIAN_POINT('Origin',(54.9082173791815,47.4033340551935,27.5));
#14500=CARTESIAN_POINT('',(58.6582173791815,47.4033340551935,27.5));
#14501=CARTESIAN_POINT('',(58.6582173791815,47.4033340551935,27.5));
#14502=CARTESIAN_POINT('',(58.652880247852,47.2033340551935,27.5));
#14503=CARTESIAN_POINT('Origin',(54.9082173791815,47.4033340551935,27.5));
#14504=CARTESIAN_POINT('',(58.652880247852,47.2033340551935,27.5));
#14505=CARTESIAN_POINT('Origin',(54.9082173791815,47.4033340551935,27.5));
#14506=CARTESIAN_POINT('Origin',(59.9082173791815,66.6033340551935,27.5));
#14507=CARTESIAN_POINT('',(60.1082173791815,66.6033340551935,27.5));
#14508=CARTESIAN_POINT('',(60.1082173791815,66.6033340551935,27.75));
#14509=CARTESIAN_POINT('',(57.4082173791815,66.6033340551935,27.5));
#14510=CARTESIAN_POINT('Origin',(58.8582173791815,47.2033340551935,27.5));
#14511=CARTESIAN_POINT('',(60.1082173791815,47.2033340551935,27.5));
#14512=CARTESIAN_POINT('',(56.8832173791815,47.2033340551935,27.5));
#14513=CARTESIAN_POINT('',(60.1082173791815,47.2033340551935,27.75));
#14514=CARTESIAN_POINT('Origin',(54.9082173791815,56.9033340551935,27.5));
#14515=CARTESIAN_POINT('',(60.1082173791815,60.4033340551935,27.5));
#14516=CARTESIAN_POINT('Origin',(60.1082173791815,63.9033340551935,28.));
#14517=CARTESIAN_POINT('Origin',(56.,0.,27.));
#14518=CARTESIAN_POINT('Origin',(46.9082173791815,24.6529676144299,27.5));
#14519=CARTESIAN_POINT('',(46.9082173791815,24.6529676144299,27.5));
#14520=CARTESIAN_POINT('',(46.9082173791815,24.6529676144299,27.5));
#14521=CARTESIAN_POINT('',(50.1082173791815,24.6529676144299,27.5));
#14522=CARTESIAN_POINT('',(40.9082173791815,24.6529676144299,27.5));
#14523=CARTESIAN_POINT('',(50.1082173791815,24.6529676144299,27.75));
#14524=CARTESIAN_POINT('Origin',(50.1082173791815,47.9029676144299,28.));
#14525=CARTESIAN_POINT('',(50.1082173791815,41.1529676144299,27.5));
#14526=CARTESIAN_POINT('',(50.1082173791815,40.4029676144299,27.5));
#14527=CARTESIAN_POINT('',(50.1082173791815,41.1529676144299,27.75));
#14528=CARTESIAN_POINT('Origin',(49.9082173791815,41.1529676144299,27.5));
#14529=CARTESIAN_POINT('',(46.9082173791815,41.1529676144299,27.5));
#14530=CARTESIAN_POINT('',(42.4082173791815,41.1529676144299,27.5));
#14531=CARTESIAN_POINT('',(46.9082173791815,41.1529676144299,27.5));
#14532=CARTESIAN_POINT('Origin',(46.9082173791815,44.9029676144299,27.5));
#14533=CARTESIAN_POINT('',(43.1582173791815,44.9029676144299,27.5));
#14534=CARTESIAN_POINT('',(43.1582173791815,44.9029676144299,27.5));
#14535=CARTESIAN_POINT('Origin',(46.9082173791815,44.9029676144299,27.5));
#14536=CARTESIAN_POINT('',(43.1582173791815,44.9029676144299,27.5));
#14537=CARTESIAN_POINT('Origin',(43.1582173791815,44.9029676144299,27.5));
#14538=CARTESIAN_POINT('',(43.1582173791815,48.1029676144299,27.5));
#14539=CARTESIAN_POINT('',(43.1582173791815,38.9029676144299,27.5));
#14540=CARTESIAN_POINT('',(43.1582173791815,48.1029676144299,27.75));
#14541=CARTESIAN_POINT('Origin',(19.9082173791815,48.1029676144299,28.));
#14542=CARTESIAN_POINT('',(26.6582173791815,48.1029676144299,27.5));
#14543=CARTESIAN_POINT('',(27.4082173791815,48.1029676144299,27.5));
#14544=CARTESIAN_POINT('',(26.6582173791815,48.1029676144299,27.75));
#14545=CARTESIAN_POINT('Origin',(26.6582173791815,47.9029676144299,27.5));
#14546=CARTESIAN_POINT('',(26.6582173791815,40.4029676144299,27.5));
#14547=CARTESIAN_POINT('Origin',(43.1582173791815,17.9029676144299,27.5));
#14548=CARTESIAN_POINT('',(43.1582173791815,17.7029676144299,27.5));
#14549=CARTESIAN_POINT('',(43.1582173791815,17.7029676144299,27.75));
#14550=CARTESIAN_POINT('',(43.1582173791815,20.9029676144299,27.5));
#14551=CARTESIAN_POINT('',(43.1582173791815,25.4029676144299,27.5));
#14552=CARTESIAN_POINT('',(43.1582173791815,20.9029676144299,27.5));
#14553=CARTESIAN_POINT('Origin',(46.9082173791815,20.9029676144299,27.5));
#14554=CARTESIAN_POINT('',(46.9082173791815,24.6529676144299,27.5));
#14555=CARTESIAN_POINT('Origin',(46.9082173791815,20.9029676144299,27.5));
#14556=CARTESIAN_POINT('Origin',(22.9082173791815,41.1529676144299,27.5));
#14557=CARTESIAN_POINT('',(19.7082173791815,41.1529676144299,27.5));
#14558=CARTESIAN_POINT('',(28.9082173791815,41.1529676144299,27.5));
#14559=CARTESIAN_POINT('',(19.7082173791815,41.1529676144299,27.75));
#14560=CARTESIAN_POINT('Origin',(34.9082173791815,32.9029676144299,27.5));
#14561=CARTESIAN_POINT('',(26.6582173791815,17.7029676144299,27.5));
#14562=CARTESIAN_POINT('',(42.4082173791815,17.7029676144299,27.5));
#14563=CARTESIAN_POINT('',(26.6582173791815,20.9029676144299,27.5));
#14564=CARTESIAN_POINT('',(26.6582173791815,26.9029676144299,27.5));
#14565=CARTESIAN_POINT('',(22.9082173791815,24.6529676144299,27.5));
#14566=CARTESIAN_POINT('Origin',(22.9082173791815,20.9029676144299,27.5));
#14567=CARTESIAN_POINT('',(19.7082173791815,24.6529676144299,27.5));
#14568=CARTESIAN_POINT('',(27.4082173791815,24.6529676144299,27.5));
#14569=CARTESIAN_POINT('',(19.7082173791815,25.4029676144299,27.5));
#14570=CARTESIAN_POINT('Origin',(19.7082173791815,17.9029676144299,28.));
#14571=CARTESIAN_POINT('',(19.7082173791815,24.6529676144299,27.75));
#14572=CARTESIAN_POINT('Origin',(49.9082173791815,17.7029676144299,28.));
#14573=CARTESIAN_POINT('',(26.6582173791815,17.7029676144299,27.75));
#14574=CARTESIAN_POINT('Origin',(19.9082173791815,24.6529676144299,27.5));
#14575=CARTESIAN_POINT('',(22.9082173791815,24.6529676144299,27.5));
#14576=CARTESIAN_POINT('Origin',(26.6582173791815,20.9029676144299,27.5));
#14577=CARTESIAN_POINT('',(26.6582173791815,20.9029676144299,27.5));
#14578=CARTESIAN_POINT('Origin',(22.9082173791815,20.9029676144299,27.5));
#14579=CARTESIAN_POINT('',(26.6582173791815,20.9029676144299,27.5));
#14580=CARTESIAN_POINT('Origin',(58.4,88.3999999578836,13.5));
#14581=CARTESIAN_POINT('',(58.4,89.9666666666667,13.5));
#14582=CARTESIAN_POINT('',(58.35,89.95,13.35));
#14583=CARTESIAN_POINT('',(58.6763736256794,90.0587912085598,14.3291208770382));
#14584=CARTESIAN_POINT('',(58.4,88.3999999578836,13.5));
#14585=CARTESIAN_POINT('',(58.4,88.3999999578836,13.5));
#14586=CARTESIAN_POINT('',(57.9,88.3999999526191,12.));
#14587=CARTESIAN_POINT('',(58.4,88.3999999578836,13.5));
#14588=CARTESIAN_POINT('',(57.9,89.5,12.));
#14589=CARTESIAN_POINT('',(57.9,44.1999999789418,12.));
#14590=CARTESIAN_POINT('',(57.8318181815789,89.4318181815789,11.7954545447366));
#14591=CARTESIAN_POINT('Origin',(57.3999999894709,90.,13.5));
#14592=CARTESIAN_POINT('',(57.,89.5,12.));
#14593=CARTESIAN_POINT('',(58.7131578922431,90.0710526307477,13.7131578922431));
#14594=CARTESIAN_POINT('',(61.6999999947355,89.5,12.));
#14595=CARTESIAN_POINT('Origin',(64.,46.,13.5));
#14596=CARTESIAN_POINT('',(58.5,91.,13.5));
#14597=CARTESIAN_POINT('',(58.5,90.,13.5));
#14598=CARTESIAN_POINT('',(58.5,68.5,13.5));
#14599=CARTESIAN_POINT('',(59.4,91.,13.5));
#14600=CARTESIAN_POINT('',(57.3999999789418,91.,13.5));
#14601=CARTESIAN_POINT('',(59.4,88.3999999684127,13.5));
#14602=CARTESIAN_POINT('',(59.4,88.3999999684127,13.5));
#14603=CARTESIAN_POINT('',(62.4,85.4,13.5));
#14604=CARTESIAN_POINT('Origin',(62.4,88.4,13.5));
#14605=CARTESIAN_POINT('',(65.,85.4,13.5));
#14606=CARTESIAN_POINT('',(63.,85.4,13.5));
#14607=CARTESIAN_POINT('',(65.,6.59999999999999,13.5));
#14608=CARTESIAN_POINT('',(65.,46.,13.5));
#14609=CARTESIAN_POINT('',(62.4,6.59999999999999,13.5));
#14610=CARTESIAN_POINT('',(63.,6.59999999999999,13.5));
#14611=CARTESIAN_POINT('',(59.4,3.59999996841273,13.5));
#14612=CARTESIAN_POINT('Origin',(62.4,3.59999999999999,13.5));
#14613=CARTESIAN_POINT('',(59.4,1.,13.5));
#14614=CARTESIAN_POINT('',(59.4,3.59999996841273,13.5));
#14615=CARTESIAN_POINT('',(58.5000000000001,1.,13.5));
#14616=CARTESIAN_POINT('',(57.4000000210582,1.,13.5));
#14617=CARTESIAN_POINT('',(58.5000000000001,1.99999999999999,13.5));
#14618=CARTESIAN_POINT('',(58.5000000000001,24.,13.5));
#14619=CARTESIAN_POINT('',(58.4,2.03333333333335,13.5));
#14620=CARTESIAN_POINT('',(53.625,3.62500000000005,13.5));
#14621=CARTESIAN_POINT('',(58.4,3.59999995788364,13.5));
#14622=CARTESIAN_POINT('',(58.4,3.59999995788364,13.5));
#14623=CARTESIAN_POINT('',(62.4,7.59999999999999,13.5));
#14624=CARTESIAN_POINT('Origin',(62.4,3.59999999999999,13.5));
#14625=CARTESIAN_POINT('',(64.,7.59999999999999,13.5));
#14626=CARTESIAN_POINT('',(63.,7.59999999999999,13.5));
#14627=CARTESIAN_POINT('',(64.,84.4,13.5));
#14628=CARTESIAN_POINT('',(64.,46.,13.5));
#14629=CARTESIAN_POINT('',(62.4,84.4,13.5));
#14630=CARTESIAN_POINT('',(63.,84.4,13.5));
#14631=CARTESIAN_POINT('Origin',(62.4,88.4,13.5));
#14632=CARTESIAN_POINT('',(54.3750000000001,88.6250000000001,13.5));
#14633=CARTESIAN_POINT('Origin',(57.3999999736773,91.5,12.));
#14634=CARTESIAN_POINT('',(57.,91.5,12.));
#14635=CARTESIAN_POINT('',(57.9236842042919,91.192105265236,12.923684204292));
#14636=CARTESIAN_POINT('',(59.9,91.5,12.));
#14637=CARTESIAN_POINT('',(61.6999999868386,91.5,12.));
#14638=CARTESIAN_POINT('',(59.331818180861,90.931818180861,13.704545457417));
#14639=CARTESIAN_POINT('Origin',(59.9,88.3999999736773,12.));
#14640=CARTESIAN_POINT('',(59.9,88.3999999736773,12.));
#14641=CARTESIAN_POINT('',(59.4,88.3999999684127,13.5));
#14642=CARTESIAN_POINT('',(59.9,44.1999999868386,12.));
#14643=CARTESIAN_POINT('Origin',(62.4,88.4,12.75));
#14644=CARTESIAN_POINT('',(62.4,83.9,12.));
#14645=CARTESIAN_POINT('',(62.4,84.4,13.5));
#14646=CARTESIAN_POINT('Origin',(62.4,88.4,12.));
#14647=CARTESIAN_POINT('Origin',(62.4,88.4,12.75));
#14648=CARTESIAN_POINT('',(62.4,85.9,12.));
#14649=CARTESIAN_POINT('',(62.4,85.4,13.5));
#14650=CARTESIAN_POINT('Origin',(62.4,88.4,12.));
#14651=CARTESIAN_POINT('Origin',(63.,85.9,12.));
#14652=CARTESIAN_POINT('',(65.5,85.9,12.));
#14653=CARTESIAN_POINT('',(64.5,85.9,12.));
#14654=CARTESIAN_POINT('',(64.9318181818182,85.3318181818182,13.7045454545455));
#14655=CARTESIAN_POINT('Origin',(63.,84.4,13.5));
#14656=CARTESIAN_POINT('',(63.5,83.9,12.));
#14657=CARTESIAN_POINT('',(64.5,83.9,12.));
#14658=CARTESIAN_POINT('',(63.4318181818182,83.8318181818182,11.7954545454545));
#14659=CARTESIAN_POINT('Origin',(57.4000000210582,1.,13.5));
#14660=CARTESIAN_POINT('',(57.0000000000001,0.500000000000009,12.));
#14661=CARTESIAN_POINT('',(58.7131578997244,1.07105263324143,13.7131578997243));
#14662=CARTESIAN_POINT('',(59.9,0.500000000000005,12.));
#14663=CARTESIAN_POINT('',(59.5590909102874,0.840909089712606,13.0227272691378));
#14664=CARTESIAN_POINT('',(61.7000000105291,0.500000000000006,12.));
#14665=CARTESIAN_POINT('Origin',(57.4000000052646,2.50000000000001,12.));
#14666=CARTESIAN_POINT('',(57.0000000000001,2.5,12.));
#14667=CARTESIAN_POINT('',(58.35,2.05000000000002,13.35));
#14668=CARTESIAN_POINT('',(57.9236842117732,2.19210526274228,12.9236842117732));
#14669=CARTESIAN_POINT('',(57.9,2.50000000000001,12.));
#14670=CARTESIAN_POINT('',(61.7000000026323,2.50000000000001,12.));
#14671=CARTESIAN_POINT('',(58.0590909095695,2.3409090904305,12.4772727287085));
#14672=CARTESIAN_POINT('Origin',(57.9,3.59999995261909,12.));
#14673=CARTESIAN_POINT('',(58.3467032974843,2.05109890083858,13.3401098924529));
#14674=CARTESIAN_POINT('',(57.9,3.59999995261909,12.));
#14675=CARTESIAN_POINT('',(57.9,1.79999997630955,12.));
#14676=CARTESIAN_POINT('',(58.4,3.59999995788364,13.5));
#14677=CARTESIAN_POINT('Origin',(59.4,3.59999996841273,13.5));
#14678=CARTESIAN_POINT('',(59.9,3.59999997367728,12.));
#14679=CARTESIAN_POINT('',(59.4,3.59999996841273,13.5));
#14680=CARTESIAN_POINT('',(59.9,1.79999998420636,12.));
#14681=CARTESIAN_POINT('Origin',(62.4,3.59999999999999,12.75));
#14682=CARTESIAN_POINT('',(62.4,8.09999999999999,12.));
#14683=CARTESIAN_POINT('',(62.4,7.59999999999999,13.5));
#14684=CARTESIAN_POINT('Origin',(62.4,3.59999999999999,12.));
#14685=CARTESIAN_POINT('Origin',(62.4,3.59999999999999,12.75));
#14686=CARTESIAN_POINT('',(62.4,6.09999999999999,12.));
#14687=CARTESIAN_POINT('',(62.4,6.59999999999999,13.5));
#14688=CARTESIAN_POINT('Origin',(62.4,3.59999999999999,12.));
#14689=CARTESIAN_POINT('Origin',(63.,6.59999999999999,13.5));
#14690=CARTESIAN_POINT('',(65.5,6.09999999999999,12.));
#14691=CARTESIAN_POINT('',(64.5,6.09999999999999,12.));
#14692=CARTESIAN_POINT('',(65.1590909090909,6.44090909090908,13.0227272727273));
#14693=CARTESIAN_POINT('Origin',(63.,8.09999999999999,12.));
#14694=CARTESIAN_POINT('',(63.5,8.09999999999999,12.));
#14695=CARTESIAN_POINT('',(64.5,8.09999999999999,12.));
#14696=CARTESIAN_POINT('',(63.6590909090909,7.94090909090909,12.4772727272727));
#14697=CARTESIAN_POINT('Origin',(63.5,46.,12.));
#14698=CARTESIAN_POINT('',(63.5,23.,12.));
#14699=CARTESIAN_POINT('Origin',(65.,46.,13.5));
#14700=CARTESIAN_POINT('',(65.5,23.,12.));
#14701=CARTESIAN_POINT('Origin',(58.5,91.,15.5));
#14702=CARTESIAN_POINT('',(58.5,90.,15.5));
#14703=CARTESIAN_POINT('',(58.5,90.,15.5));
#14704=CARTESIAN_POINT('',(58.5,91.,15.5));
#14705=CARTESIAN_POINT('',(58.5,91.,15.5));
#14706=CARTESIAN_POINT('',(58.5,91.,15.5));
#14707=CARTESIAN_POINT('Origin',(58.5,90.,15.5));
#14708=CARTESIAN_POINT('',(57.,89.5,15.5));
#14709=CARTESIAN_POINT('',(57.,89.5,13.75));
#14710=CARTESIAN_POINT('',(58.5,90.,15.5));
#14711=CARTESIAN_POINT('Origin',(66.,0.,12.));
#14712=CARTESIAN_POINT('',(57.,3.,12.));
#14713=CARTESIAN_POINT('',(57.,0.,12.));
#14714=CARTESIAN_POINT('',(57.4,3.,12.));
#14715=CARTESIAN_POINT('',(1.23259516440783E-32,3.,12.));
#14716=CARTESIAN_POINT('',(57.4,3.60000019533862,12.));
#14717=CARTESIAN_POINT('',(57.4,-1.30917313593793,12.));
#14718=CARTESIAN_POINT('',(62.4,8.59999999999999,12.));
#14719=CARTESIAN_POINT('Origin',(62.4,3.59999999999999,12.));
#14720=CARTESIAN_POINT('',(63.,8.59999999999999,12.));
#14721=CARTESIAN_POINT('',(67.3163175710654,8.59999999999999,12.));
#14722=CARTESIAN_POINT('',(63.,83.4,12.));
#14723=CARTESIAN_POINT('',(63.,0.,12.));
#14724=CARTESIAN_POINT('',(62.4,83.4,12.));
#14725=CARTESIAN_POINT('',(67.3163175710654,83.4,12.));
#14726=CARTESIAN_POINT('',(57.4,88.4,12.));
#14727=CARTESIAN_POINT('Origin',(62.4,88.4,12.));
#14728=CARTESIAN_POINT('',(57.4,89.,12.));
#14729=CARTESIAN_POINT('',(57.4,93.3091731359379,12.));
#14730=CARTESIAN_POINT('',(57.,89.,12.));
#14731=CARTESIAN_POINT('',(1.23259516440783E-32,89.,12.));
#14732=CARTESIAN_POINT('',(57.,89.,12.));
#14733=CARTESIAN_POINT('Origin',(8.60000002632272,91.5,12.));
#14734=CARTESIAN_POINT('',(7.50000000000005,91.,13.5));
#14735=CARTESIAN_POINT('',(7.68157895360276,91.0605263178676,13.3184210463973));
#14736=CARTESIAN_POINT('',(6.60000000000001,91.,13.5));
#14737=CARTESIAN_POINT('',(8.60000002105818,91.,13.5));
#14738=CARTESIAN_POINT('',(6.66818181913902,90.931818180861,13.704545457417));
#14739=CARTESIAN_POINT('Origin',(8.1,3.59999995261909,12.));
#14740=CARTESIAN_POINT('',(7.6,2.03333333333335,13.5));
#14741=CARTESIAN_POINT('',(7.65000000000001,2.05000000000002,13.35));
#14742=CARTESIAN_POINT('',(8.69175824097724,2.39725274699243,10.2247252770683));
#14743=CARTESIAN_POINT('',(7.6,3.59999995788364,13.5));
#14744=CARTESIAN_POINT('',(7.6,3.59999995788364,13.5));
#14745=CARTESIAN_POINT('',(8.1,3.59999995261909,12.));
#14746=CARTESIAN_POINT('',(7.6,3.59999995788364,13.5));
#14747=CARTESIAN_POINT('',(8.1,2.50000000000001,12.));
#14748=CARTESIAN_POINT('',(8.1,1.79999997630955,12.));
#14749=CARTESIAN_POINT('',(7.94090909043049,2.3409090904305,12.4772727287085));
#14750=CARTESIAN_POINT('Origin',(8.59999999473544,2.50000000000001,12.));
#14751=CARTESIAN_POINT('',(8.99999999999994,2.5,12.));
#14752=CARTESIAN_POINT('',(9.73421052506889,2.74473684168965,11.2657894749311));
#14753=CARTESIAN_POINT('',(5.79999999736772,2.50000000000001,12.));
#14754=CARTESIAN_POINT('Origin',(8.60000001052908,90.,13.5));
#14755=CARTESIAN_POINT('',(9.,89.5,12.));
#14756=CARTESIAN_POINT('',(7.65000000000002,89.95,13.35));
#14757=CARTESIAN_POINT('',(7.68157894986214,89.9394736833793,13.3184210501378));
#14758=CARTESIAN_POINT('',(8.10000000000001,89.5,12.));
#14759=CARTESIAN_POINT('',(5.80000000526454,89.5,12.));
#14760=CARTESIAN_POINT('',(8.16818181842112,89.4318181815789,11.7954545447367));
#14761=CARTESIAN_POINT('Origin',(7.59999999999998,88.3999999578836,13.5));
#14762=CARTESIAN_POINT('',(7.59999999999998,89.9666666666667,13.5));
#14763=CARTESIAN_POINT('',(7.40604395673816,90.0313186810873,14.0818681297855));
#14764=CARTESIAN_POINT('',(8.09999999999999,88.3999999526191,12.));
#14765=CARTESIAN_POINT('',(8.09999999999998,44.1999999789418,12.));
#14766=CARTESIAN_POINT('',(7.59999999999998,88.3999999578836,13.5));
#14767=CARTESIAN_POINT('',(7.59999999999998,88.3999999578836,13.5));
#14768=CARTESIAN_POINT('',(7.59999999999998,88.3999999578836,13.5));
#14769=CARTESIAN_POINT('Origin',(6.09999999999998,88.3999999736773,12.));
#14770=CARTESIAN_POINT('',(6.59999999999999,88.3999999684127,13.5));
#14771=CARTESIAN_POINT('',(6.59999999999998,88.3999999684127,13.5));
#14772=CARTESIAN_POINT('',(6.59999999999999,88.3999999684127,13.5));
#14773=CARTESIAN_POINT('Origin',(3.6,88.4,12.75));
#14774=CARTESIAN_POINT('',(3.59999999999999,84.4,13.5));
#14775=CARTESIAN_POINT('',(3.59999999999999,83.9,12.));
#14776=CARTESIAN_POINT('',(3.59999999999999,84.4,13.5));
#14777=CARTESIAN_POINT('Origin',(3.59999999999999,88.4,13.5));
#14778=CARTESIAN_POINT('Origin',(3.6,88.4,12.));
#14779=CARTESIAN_POINT('Origin',(3.6,88.4,12.75));
#14780=CARTESIAN_POINT('',(3.59999999999999,85.4,13.5));
#14781=CARTESIAN_POINT('',(3.59999999999999,85.4,13.5));
#14782=CARTESIAN_POINT('Origin',(3.60000000000001,88.4,13.5));
#14783=CARTESIAN_POINT('Origin',(3.,85.9,12.));
#14784=CARTESIAN_POINT('',(0.999999999999994,85.4,13.5));
#14785=CARTESIAN_POINT('',(3.,85.4,13.5));
#14786=CARTESIAN_POINT('',(1.0681818181818,85.3318181818182,13.7045454545455));
#14787=CARTESIAN_POINT('Origin',(3.,84.4,13.5));
#14788=CARTESIAN_POINT('',(2.5,83.9,12.));
#14789=CARTESIAN_POINT('',(3.,83.9,12.));
#14790=CARTESIAN_POINT('',(1.99999999999999,84.4,13.5));
#14791=CARTESIAN_POINT('',(2.56818181818182,83.8318181818182,11.7954545454545));
#14792=CARTESIAN_POINT('',(3.,84.4,13.5));
#14793=CARTESIAN_POINT('Origin',(8.5999999789418,1.,13.5));
#14794=CARTESIAN_POINT('',(7.49999999999992,1.,13.5));
#14795=CARTESIAN_POINT('',(8.94473683711775,0.518421054294073,12.0552631628822));
#14796=CARTESIAN_POINT('',(6.59999999999999,1.,13.5));
#14797=CARTESIAN_POINT('',(6.4409090897126,0.840909089712607,13.0227272691378));
#14798=CARTESIAN_POINT('',(8.5999999789418,1.,13.5));
#14799=CARTESIAN_POINT('Origin',(6.6,3.59999996841273,13.5));
#14800=CARTESIAN_POINT('',(6.6,3.59999996841273,13.5));
#14801=CARTESIAN_POINT('',(6.6,3.59999996841273,13.5));
#14802=CARTESIAN_POINT('',(6.6,3.59999996841273,13.5));
#14803=CARTESIAN_POINT('Origin',(3.6,3.59999999999999,12.75));
#14804=CARTESIAN_POINT('',(3.59999999999999,8.09999999999999,12.));
#14805=CARTESIAN_POINT('',(3.59999999999999,7.59999999999999,13.5));
#14806=CARTESIAN_POINT('',(3.59999999999999,7.59999999999999,13.5));
#14807=CARTESIAN_POINT('Origin',(3.6,3.59999999999999,12.));
#14808=CARTESIAN_POINT('Origin',(3.6,3.59999999999999,13.5));
#14809=CARTESIAN_POINT('Origin',(3.6,3.59999999999999,12.75));
#14810=CARTESIAN_POINT('',(3.59999999999999,6.59999999999999,13.5));
#14811=CARTESIAN_POINT('',(3.59999999999999,6.59999999999999,13.5));
#14812=CARTESIAN_POINT('Origin',(3.6,3.59999999999999,13.5));
#14813=CARTESIAN_POINT('Origin',(3.,6.59999999999999,13.5));
#14814=CARTESIAN_POINT('',(0.999999999999999,6.59999999999999,13.5));
#14815=CARTESIAN_POINT('',(0.840909090909089,6.44090909090908,13.0227272727273));
#14816=CARTESIAN_POINT('',(3.,6.59999999999999,13.5));
#14817=CARTESIAN_POINT('Origin',(3.,8.09999999999999,12.));
#14818=CARTESIAN_POINT('',(2.,7.59999999999999,13.5));
#14819=CARTESIAN_POINT('',(3.,7.59999999999999,13.5));
#14820=CARTESIAN_POINT('',(2.5,8.09999999999999,12.));
#14821=CARTESIAN_POINT('',(2.34090909090909,7.94090909090909,12.4772727272727));
#14822=CARTESIAN_POINT('',(3.,8.09999999999999,12.));
#14823=CARTESIAN_POINT('Origin',(2.,46.,13.5));
#14824=CARTESIAN_POINT('',(7.5,90.,13.5));
#14825=CARTESIAN_POINT('',(7.5,68.,13.5));
#14826=CARTESIAN_POINT('',(12.3749999999999,88.3750000000001,13.5));
#14827=CARTESIAN_POINT('',(2.,46.,13.5));
#14828=CARTESIAN_POINT('',(7.49999999999994,1.99999999999999,13.5));
#14829=CARTESIAN_POINT('',(12.375,3.62500000000005,13.5));
#14830=CARTESIAN_POINT('',(7.49999999999994,24.,13.5));
#14831=CARTESIAN_POINT('',(1.,46.,13.5));
#14832=CARTESIAN_POINT('Origin',(2.5,46.,12.));
#14833=CARTESIAN_POINT('',(2.5,23.,12.));
#14834=CARTESIAN_POINT('Origin',(1.,46.,13.5));
#14835=CARTESIAN_POINT('Origin',(7.5,91.,15.5));
#14836=CARTESIAN_POINT('',(9.,91.5,15.5));
#14837=CARTESIAN_POINT('',(9.,91.5,15.5));
#14838=CARTESIAN_POINT('',(7.5,91.,15.5));
#14839=CARTESIAN_POINT('',(9.,91.5,15.5));
#14840=CARTESIAN_POINT('',(7.5,91.,15.5));
#14841=CARTESIAN_POINT('Origin',(3.,0.,12.));
#14842=CARTESIAN_POINT('',(9.,89.,12.));
#14843=CARTESIAN_POINT('',(9.,89.,12.));
#14844=CARTESIAN_POINT('',(8.6,89.,12.));
#14845=CARTESIAN_POINT('',(1.23259516440783E-32,89.,12.));
#14846=CARTESIAN_POINT('',(8.6,88.3999999473546,12.));
#14847=CARTESIAN_POINT('',(8.6,93.3091731359379,12.));
#14848=CARTESIAN_POINT('',(3.6,83.4,12.));
#14849=CARTESIAN_POINT('Origin',(3.6,88.4,12.));
#14850=CARTESIAN_POINT('',(3.,83.4,12.));
#14851=CARTESIAN_POINT('',(-1.31631757106539,83.4,12.));
#14852=CARTESIAN_POINT('',(3.,8.59999999999999,12.));
#14853=CARTESIAN_POINT('',(3.,0.,12.));
#14854=CARTESIAN_POINT('',(3.6,8.59999999999999,12.));
#14855=CARTESIAN_POINT('',(-1.31631757106539,8.59999999999999,12.));
#14856=CARTESIAN_POINT('',(8.6,3.59999994735454,12.));
#14857=CARTESIAN_POINT('Origin',(3.6,3.59999999999999,12.));
#14858=CARTESIAN_POINT('',(8.6,3.,12.));
#14859=CARTESIAN_POINT('',(8.6,-1.30917313593793,12.));
#14860=CARTESIAN_POINT('',(9.,3.,12.));
#14861=CARTESIAN_POINT('',(1.23259516440783E-32,3.,12.));
#14862=CARTESIAN_POINT('',(9.,0.,12.));
#14863=CARTESIAN_POINT('Origin',(7.49999999999994,1.99999999999999,8.49999999999999));
#14864=CARTESIAN_POINT('',(7.49999999999994,1.99999999999999,15.5));
#14865=CARTESIAN_POINT('',(7.49999999999994,1.99999999999999,8.49999999999998));
#14866=CARTESIAN_POINT('',(7.49999999999994,0.999999999999998,15.5));
#14867=CARTESIAN_POINT('',(7.49999999999994,1.99999999999999,15.5));
#14868=CARTESIAN_POINT('',(7.49999999999994,0.999999999999998,8.49999999999998));
#14869=CARTESIAN_POINT('Origin',(8.99999999999995,2.5,8.49999999999999));
#14870=CARTESIAN_POINT('',(8.99999999999994,2.5,15.5));
#14871=CARTESIAN_POINT('',(9.,2.50000000000002,12.));
#14872=CARTESIAN_POINT('',(8.99999999999994,2.5,15.5));
#14873=CARTESIAN_POINT('Origin',(57.,91.5,15.5));
#14874=CARTESIAN_POINT('',(57.,91.5,15.5));
#14875=CARTESIAN_POINT('',(57.,91.5,15.5));
#14876=CARTESIAN_POINT('',(57.,91.5,13.75));
#14877=CARTESIAN_POINT('Origin',(47.,91.25,15.5));
#14878=CARTESIAN_POINT('',(47.,91.5,25.5));
#14879=CARTESIAN_POINT('',(47.,91.,27.));
#14880=CARTESIAN_POINT('',(47.,91.5,25.5));
#14881=CARTESIAN_POINT('Origin',(47.,91.5,15.5));
#14882=CARTESIAN_POINT('Origin',(47.,91.,15.5));
#14883=CARTESIAN_POINT('Origin',(47.,89.75,15.5));
#14884=CARTESIAN_POINT('',(47.,90.,27.));
#14885=CARTESIAN_POINT('',(47.,89.5,25.5));
#14886=CARTESIAN_POINT('',(47.,90.,27.));
#14887=CARTESIAN_POINT('Origin',(47.,90.,15.5));
#14888=CARTESIAN_POINT('Origin',(47.,89.5,15.5));
#14889=CARTESIAN_POINT('Origin',(47.,90.5,15.5));
#14890=CARTESIAN_POINT('',(47.,91.,27.));
#14891=CARTESIAN_POINT('Origin',(9.,89.5,15.5));
#14892=CARTESIAN_POINT('',(7.5,90.,15.5));
#14893=CARTESIAN_POINT('',(7.5,90.,15.5));
#14894=CARTESIAN_POINT('',(9.,89.5,15.5));
#14895=CARTESIAN_POINT('',(7.5,90.,15.5));
#14896=CARTESIAN_POINT('',(9.,89.5,15.5));
#14897=CARTESIAN_POINT('Origin',(7.5,90.,15.5));
#14898=CARTESIAN_POINT('',(7.5,91.,15.5));
#14899=CARTESIAN_POINT('Origin',(19.,89.75,15.5));
#14900=CARTESIAN_POINT('',(19.,89.5,25.5));
#14901=CARTESIAN_POINT('',(19.,90.,27.));
#14902=CARTESIAN_POINT('',(19.,90.,27.));
#14903=CARTESIAN_POINT('Origin',(19.,89.5,15.5));
#14904=CARTESIAN_POINT('Origin',(19.,90.,15.5));
#14905=CARTESIAN_POINT('Origin',(19.,91.25,15.5));
#14906=CARTESIAN_POINT('',(19.,91.,27.));
#14907=CARTESIAN_POINT('',(19.,91.5,25.5));
#14908=CARTESIAN_POINT('',(19.,91.5,25.5));
#14909=CARTESIAN_POINT('Origin',(19.,91.,15.5));
#14910=CARTESIAN_POINT('Origin',(19.,91.5,15.5));
#14911=CARTESIAN_POINT('Origin',(19.,90.5,15.5));
#14912=CARTESIAN_POINT('',(19.,91.,27.));
#14913=CARTESIAN_POINT('Origin',(33.,89.5,25.5));
#14914=CARTESIAN_POINT('',(33.,90.,27.));
#14915=CARTESIAN_POINT('',(40.,89.5,25.5));
#14916=CARTESIAN_POINT('Origin',(33.,91.,27.));
#14917=CARTESIAN_POINT('',(40.,91.5,25.5));
#14918=CARTESIAN_POINT('',(33.,91.,27.));
#14919=CARTESIAN_POINT('Origin',(33.,90.,27.));
#14920=CARTESIAN_POINT('Origin',(57.,89.,12.));
#14921=CARTESIAN_POINT('',(57.,89.,15.5));
#14922=CARTESIAN_POINT('',(57.,89.,15.5));
#14923=CARTESIAN_POINT('',(57.,89.,15.5));
#14924=CARTESIAN_POINT('Origin',(57.,89.,12.));
#14925=CARTESIAN_POINT('',(57.,89.,15.5));
#14926=CARTESIAN_POINT('',(57.,89.,12.));
#14927=CARTESIAN_POINT('Origin',(47.,89.,15.5));
#14928=CARTESIAN_POINT('',(47.,89.,25.5));
#14929=CARTESIAN_POINT('Origin',(47.,89.,15.5));
#14930=CARTESIAN_POINT('',(47.,89.,25.5));
#14931=CARTESIAN_POINT('Origin',(47.,89.,15.5));
#14932=CARTESIAN_POINT('',(47.,89.,25.5));
#14933=CARTESIAN_POINT('Origin',(47.,89.,25.5));
#14934=CARTESIAN_POINT('',(19.,89.,25.5));
#14935=CARTESIAN_POINT('',(19.,89.,25.5));
#14936=CARTESIAN_POINT('',(19.,89.,25.5));
#14937=CARTESIAN_POINT('Origin',(47.,89.,25.5));
#14938=CARTESIAN_POINT('',(19.,89.,25.5));
#14939=CARTESIAN_POINT('Origin',(19.,89.,15.5));
#14940=CARTESIAN_POINT('',(9.,89.,15.5));
#14941=CARTESIAN_POINT('Origin',(19.,89.,15.5));
#14942=CARTESIAN_POINT('',(9.,89.,15.5));
#14943=CARTESIAN_POINT('Origin',(19.,89.,15.5));
#14944=CARTESIAN_POINT('',(9.,89.,15.5));
#14945=CARTESIAN_POINT('Origin',(9.,89.,15.5));
#14946=CARTESIAN_POINT('',(9.,89.,8.5));
#14947=CARTESIAN_POINT('Origin',(9.,89.,15.5));
#14948=CARTESIAN_POINT('Origin',(7.49999999999994,0.999999999999998,8.49999999999999));
#14949=CARTESIAN_POINT('',(8.99999999999994,0.500000000000009,15.5));
#14950=CARTESIAN_POINT('',(7.49999999999994,0.999999999999998,15.5));
#14951=CARTESIAN_POINT('',(9.,0.49999999999999,12.));
#14952=CARTESIAN_POINT('Origin',(58.5000000000001,0.999999999999998,15.5));
#14953=CARTESIAN_POINT('',(57.0000000000001,0.500000000000009,15.5));
#14954=CARTESIAN_POINT('',(57.,0.499999999999985,13.75));
#14955=CARTESIAN_POINT('',(58.5000000000001,0.999999999999998,15.5));
#14956=CARTESIAN_POINT('',(58.5000000000001,0.999999999999998,15.5));
#14957=CARTESIAN_POINT('',(58.5000000000001,0.999999999999998,15.5));
#14958=CARTESIAN_POINT('Origin',(58.5000000000001,1.99999999999999,15.5));
#14959=CARTESIAN_POINT('',(58.5000000000001,1.99999999999999,15.5));
#14960=CARTESIAN_POINT('',(58.5000000000001,1.99999999999999,15.5));
#14961=CARTESIAN_POINT('',(58.5000000000001,1.99999999999999,15.5));
#14962=CARTESIAN_POINT('Origin',(19.,2.25,15.5));
#14963=CARTESIAN_POINT('',(19.,2.5,25.5000000000001));
#14964=CARTESIAN_POINT('Origin',(19.,2.50000000000002,15.5));
#14965=CARTESIAN_POINT('',(19.,1.99999999999999,27.0000000000001));
#14966=CARTESIAN_POINT('',(19.,2.5,25.5));
#14967=CARTESIAN_POINT('Origin',(19.,1.99999999999999,15.5));
#14968=CARTESIAN_POINT('Origin',(19.,0.750000000000003,15.5));
#14969=CARTESIAN_POINT('',(19.,0.999999999999998,27.0000000000001));
#14970=CARTESIAN_POINT('Origin',(19.,0.999999999999997,15.5));
#14971=CARTESIAN_POINT('',(19.,0.500000000000009,25.5000000000001));
#14972=CARTESIAN_POINT('',(19.,0.999999999999998,27.0000000000001));
#14973=CARTESIAN_POINT('Origin',(19.,0.499999999999991,15.5));
#14974=CARTESIAN_POINT('Origin',(19.,1.5,15.5));
#14975=CARTESIAN_POINT('',(19.,1.99999999999999,27.0000000000001));
#14976=CARTESIAN_POINT('Origin',(57.0000000000001,2.5,15.5));
#14977=CARTESIAN_POINT('',(57.0000000000001,2.5,15.5));
#14978=CARTESIAN_POINT('',(57.0000000000001,2.5,15.5));
#14979=CARTESIAN_POINT('',(57.,2.50000000000002,13.75));
#14980=CARTESIAN_POINT('Origin',(47.,2.25,15.5));
#14981=CARTESIAN_POINT('',(47.,2.5,25.5000000000001));
#14982=CARTESIAN_POINT('',(47.,1.99999999999999,27.0000000000001));
#14983=CARTESIAN_POINT('',(47.,2.5,25.5000000000001));
#14984=CARTESIAN_POINT('Origin',(47.,2.50000000000002,15.5));
#14985=CARTESIAN_POINT('Origin',(47.,1.99999999999999,15.5));
#14986=CARTESIAN_POINT('Origin',(47.,0.750000000000003,15.5));
#14987=CARTESIAN_POINT('',(47.,0.999999999999998,27.0000000000001));
#14988=CARTESIAN_POINT('',(47.,0.500000000000009,25.5000000000001));
#14989=CARTESIAN_POINT('',(47.,0.999999999999998,27.0000000000001));
#14990=CARTESIAN_POINT('Origin',(47.,0.999999999999997,15.5));
#14991=CARTESIAN_POINT('Origin',(47.,0.499999999999987,15.5));
#14992=CARTESIAN_POINT('Origin',(47.,1.5,15.5));
#14993=CARTESIAN_POINT('',(47.,1.99999999999999,27.0000000000001));
#14994=CARTESIAN_POINT('Origin',(33.,2.5,25.5000000000001));
#14995=CARTESIAN_POINT('',(19.,1.99999999999999,27.0000000000001));
#14996=CARTESIAN_POINT('',(40.,2.50000000000002,25.5));
#14997=CARTESIAN_POINT('Origin',(33.,0.999999999999998,27.0000000000001));
#14998=CARTESIAN_POINT('',(40.,0.499999999999988,25.5));
#14999=CARTESIAN_POINT('',(33.,0.999999999999998,27.0000000000001));
#15000=CARTESIAN_POINT('Origin',(33.,1.99999999999999,27.0000000000001));
#15001=CARTESIAN_POINT('Origin',(9.,0.,15.5));
#15002=CARTESIAN_POINT('',(9.,3.,15.5));
#15003=CARTESIAN_POINT('',(9.,3.,8.5));
#15004=CARTESIAN_POINT('',(9.,0.,15.5));
#15005=CARTESIAN_POINT('Origin',(9.,0.,15.5));
#15006=CARTESIAN_POINT('',(9.,0.,15.5));
#15007=CARTESIAN_POINT('Origin',(19.,0.,15.5));
#15008=CARTESIAN_POINT('',(19.,3.,25.5));
#15009=CARTESIAN_POINT('Origin',(19.,3.,15.5));
#15010=CARTESIAN_POINT('',(19.,0.,25.5));
#15011=CARTESIAN_POINT('Origin',(19.,0.,15.5));
#15012=CARTESIAN_POINT('',(19.,0.,25.5));
#15013=CARTESIAN_POINT('Origin',(47.,0.,25.5));
#15014=CARTESIAN_POINT('',(47.,3.,25.5));
#15015=CARTESIAN_POINT('',(19.,3.,25.5));
#15016=CARTESIAN_POINT('',(47.,0.,25.5));
#15017=CARTESIAN_POINT('Origin',(47.,0.,25.5));
#15018=CARTESIAN_POINT('',(47.,0.,25.5));
#15019=CARTESIAN_POINT('Origin',(47.,0.,15.5));
#15020=CARTESIAN_POINT('',(57.,3.,15.5));
#15021=CARTESIAN_POINT('Origin',(47.,3.,15.5));
#15022=CARTESIAN_POINT('',(57.,0.,15.5));
#15023=CARTESIAN_POINT('Origin',(47.,0.,15.5));
#15024=CARTESIAN_POINT('',(57.,0.,15.5));
#15025=CARTESIAN_POINT('Origin',(57.,0.,12.));
#15026=CARTESIAN_POINT('',(57.,3.,15.5));
#15027=CARTESIAN_POINT('Origin',(57.,0.,12.));
#15028=CARTESIAN_POINT('',(57.,0.,12.));
#15029=CARTESIAN_POINT('Origin',(66.,0.,12.));
#15030=CARTESIAN_POINT('',(64.15,88.4,12.));
#15031=CARTESIAN_POINT('Origin',(62.4,88.4,12.));
#15032=CARTESIAN_POINT('',(64.15,3.59999999999999,12.));
#15033=CARTESIAN_POINT('Origin',(62.4,3.59999999999999,12.));
#15034=CARTESIAN_POINT('Origin',(8.6,88.3999999473546,12.));
#15035=CARTESIAN_POINT('',(8.6,88.3999999473546,26.8585712797929));
#15036=CARTESIAN_POINT('',(8.6,89.,26.8585712797929));
#15037=CARTESIAN_POINT('',(8.6,0.,26.8585712797929));
#15038=CARTESIAN_POINT('',(8.6,88.3999999473546,12.));
#15039=CARTESIAN_POINT('',(8.6,89.,15.75));
#15040=CARTESIAN_POINT('Origin',(3.6,88.4,12.));
#15041=CARTESIAN_POINT('',(3.6,83.4,22.8354893757516));
#15042=CARTESIAN_POINT('Ctrl Pts',(3.6,83.4,22.8354893757516));
#15043=CARTESIAN_POINT('Ctrl Pts',(3.98435196992597,83.4,23.7030125019401));
#15044=CARTESIAN_POINT('Ctrl Pts',(4.55219352497224,83.445572869428,24.4824941347773));
#15045=CARTESIAN_POINT('Ctrl Pts',(5.45230629974898,83.7475458619593,25.3337146966717));
#15046=CARTESIAN_POINT('Ctrl Pts',(5.75300545089385,83.8740699940198,25.5763759124346));
#15047=CARTESIAN_POINT('Ctrl Pts',(6.35530758612681,84.2133837001857,25.9874157182696));
#15048=CARTESIAN_POINT('Ctrl Pts',(6.65589669702624,84.4272318597578,26.1564045538446));
#15049=CARTESIAN_POINT('Ctrl Pts',(7.4025459046644,85.0890656451026,26.5227442971087));
#15050=CARTESIAN_POINT('Ctrl Pts',(7.84840928392097,85.6669248731581,26.6683581341388));
#15051=CARTESIAN_POINT('Ctrl Pts',(8.44704677003844,86.9770338408839,26.8326179102885));
#15052=CARTESIAN_POINT('Ctrl Pts',(8.59999999271676,87.7082750937975,26.8585712783062));
#15053=CARTESIAN_POINT('Ctrl Pts',(8.6,88.3999999473546,26.8585712797929));
#15054=CARTESIAN_POINT('',(3.6,83.4,12.));
#15055=CARTESIAN_POINT('Origin',(3.,83.4,12.));
#15056=CARTESIAN_POINT('',(3.,83.4,20.));
#15057=CARTESIAN_POINT('Origin',(10.,83.4,20.));
#15058=CARTESIAN_POINT('',(3.,83.4,16.));
#15059=CARTESIAN_POINT('Origin',(3.6,88.4,12.));
#15060=CARTESIAN_POINT('',(5.35,88.4,12.));
#15061=CARTESIAN_POINT('Origin',(3.,0.,20.));
#15062=CARTESIAN_POINT('',(3.,8.59999999999999,20.));
#15063=CARTESIAN_POINT('',(3.,0.,20.));
#15064=CARTESIAN_POINT('',(3.,8.59999999999999,16.));
#15065=CARTESIAN_POINT('Origin',(63.,8.59999999999999,12.));
#15066=CARTESIAN_POINT('',(63.,8.59999999999999,12.));
#15067=CARTESIAN_POINT('',(62.4,8.59999999999999,12.));
#15068=CARTESIAN_POINT('Origin',(62.4,3.59999999999999,12.));
#15069=CARTESIAN_POINT('',(64.15,3.59999999999999,12.));
#15070=CARTESIAN_POINT('Origin',(57.4,3.60000019533862,12.));
#15071=CARTESIAN_POINT('',(57.4,3.60000019533862,12.));
#15072=CARTESIAN_POINT('',(57.4,3.,15.75));
#15073=CARTESIAN_POINT('Origin',(62.4,3.59999999999999,12.));
#15074=CARTESIAN_POINT('Origin',(63.,0.,12.));
#15075=CARTESIAN_POINT('',(63.,83.4,12.));
#15076=CARTESIAN_POINT('Origin',(33.,3.,19.5));
#15077=CARTESIAN_POINT('',(8.6,3.,26.8585712797929));
#15078=CARTESIAN_POINT('',(8.6,3.,15.75));
#15079=CARTESIAN_POINT('Origin',(10.,3.,20.));
#15080=CARTESIAN_POINT('Origin',(8.6,3.,12.));
#15081=CARTESIAN_POINT('',(8.6,3.59999994735454,26.8585712797929));
#15082=CARTESIAN_POINT('',(8.6,0.,26.8585712797929));
#15083=CARTESIAN_POINT('',(8.6,3.59999994735454,12.));
#15084=CARTESIAN_POINT('Origin',(3.6,3.59999999999999,12.));
#15085=CARTESIAN_POINT('',(5.35,3.59999999999999,12.));
#15086=CARTESIAN_POINT('Origin',(3.6,8.59999999999999,12.));
#15087=CARTESIAN_POINT('',(3.6,8.59999999999999,22.8354893757516));
#15088=CARTESIAN_POINT('Origin',(10.,8.59999999999999,20.));
#15089=CARTESIAN_POINT('',(3.6,8.59999999999999,12.));
#15090=CARTESIAN_POINT('Origin',(3.6,3.59999999999999,12.));
#15091=CARTESIAN_POINT('Ctrl Pts',(8.6,3.59999999999999,26.8585712797929));
#15092=CARTESIAN_POINT('Ctrl Pts',(8.6,4.29172485355709,26.8585712797929));
#15093=CARTESIAN_POINT('Ctrl Pts',(8.44704677003844,5.02296615911605,26.8326179102885));
#15094=CARTESIAN_POINT('Ctrl Pts',(7.84840928392097,6.33307512684193,26.6683581341388));
#15095=CARTESIAN_POINT('Ctrl Pts',(7.4025459046644,6.91093435489744,26.5227442971087));
#15096=CARTESIAN_POINT('Ctrl Pts',(6.65589669702624,7.57276814024224,26.1564045538446));
#15097=CARTESIAN_POINT('Ctrl Pts',(6.3553075861268,7.78661629981436,25.9874157182696));
#15098=CARTESIAN_POINT('Ctrl Pts',(5.75300545089384,8.12593000598024,25.5763759124346));
#15099=CARTESIAN_POINT('Ctrl Pts',(5.45230629974898,8.25245413804072,25.3337146966717));
#15100=CARTESIAN_POINT('Ctrl Pts',(4.55219352497224,8.55442713057197,24.4824941347773));
#15101=CARTESIAN_POINT('Ctrl Pts',(3.98435196992597,8.59999999999999,23.7030125019401));
#15102=CARTESIAN_POINT('Ctrl Pts',(3.6,8.59999999999999,22.8354893757516));
#15103=CARTESIAN_POINT('Origin',(10.,0.,20.));
#15104=CARTESIAN_POINT('Origin',(10.,89.,20.));
#15105=CARTESIAN_POINT('Origin',(62.4,83.4,12.));
#15106=CARTESIAN_POINT('',(62.4,83.4,12.));
#15107=CARTESIAN_POINT('Origin',(62.4,88.4,12.));
#15108=CARTESIAN_POINT('',(57.4,88.4,12.));
#15109=CARTESIAN_POINT('Origin',(57.4,89.,12.));
#15110=CARTESIAN_POINT('',(57.4,89.,15.75));
#15111=CARTESIAN_POINT('Origin',(62.4,88.4,12.));
#15112=CARTESIAN_POINT('',(64.15,88.4,12.));
#15113=CARTESIAN_POINT('Origin',(33.,89.,19.5));
#15114=CARTESIAN_POINT('',(14.478376353415,16.6053556519161,30.0004535647779));
#15115=CARTESIAN_POINT('',(14.478376353415,16.6053556519161,30.0004535647779));
#15116=CARTESIAN_POINT('',(0.,0.,0.));
#15117=UNCERTAINTY_MEASURE_WITH_UNIT(LENGTH_MEASURE(0.01),#15127,
'DISTANCE_ACCURACY_VALUE',
'Maximum model space distance between geometric entities at asserted c
onnectivities');
#15118=UNCERTAINTY_MEASURE_WITH_UNIT(LENGTH_MEASURE(0.01),#15127,
'DISTANCE_ACCURACY_VALUE',
'Maximum model space distance between geometric entities at asserted c
onnectivities');
#15119=UNCERTAINTY_MEASURE_WITH_UNIT(LENGTH_MEASURE(0.01),#15127,
'DISTANCE_ACCURACY_VALUE',
'Maximum model space distance between geometric entities at asserted c
onnectivities');
#15120=UNCERTAINTY_MEASURE_WITH_UNIT(LENGTH_MEASURE(0.01),#15127,
'DISTANCE_ACCURACY_VALUE',
'Maximum model space distance between geometric entities at asserted c
onnectivities');
#15121=UNCERTAINTY_MEASURE_WITH_UNIT(LENGTH_MEASURE(0.01),#15127,
'DISTANCE_ACCURACY_VALUE',
'Maximum model space distance between geometric entities at asserted c
onnectivities');
#15122=(
GEOMETRIC_REPRESENTATION_CONTEXT(3)
GLOBAL_UNCERTAINTY_ASSIGNED_CONTEXT((#15117))
GLOBAL_UNIT_ASSIGNED_CONTEXT((#15127,#15129,#15130))
REPRESENTATION_CONTEXT('','3D')
);
#15123=(
GEOMETRIC_REPRESENTATION_CONTEXT(3)
GLOBAL_UNCERTAINTY_ASSIGNED_CONTEXT((#15118))
GLOBAL_UNIT_ASSIGNED_CONTEXT((#15127,#15129,#15130))
REPRESENTATION_CONTEXT('','3D')
);
#15124=(
GEOMETRIC_REPRESENTATION_CONTEXT(3)
GLOBAL_UNCERTAINTY_ASSIGNED_CONTEXT((#15119))
GLOBAL_UNIT_ASSIGNED_CONTEXT((#15127,#15129,#15130))
REPRESENTATION_CONTEXT('','3D')
);
#15125=(
GEOMETRIC_REPRESENTATION_CONTEXT(3)
GLOBAL_UNCERTAINTY_ASSIGNED_CONTEXT((#15120))
GLOBAL_UNIT_ASSIGNED_CONTEXT((#15127,#15129,#15130))
REPRESENTATION_CONTEXT('','3D')
);
#15126=(
GEOMETRIC_REPRESENTATION_CONTEXT(3)
GLOBAL_UNCERTAINTY_ASSIGNED_CONTEXT((#15121))
GLOBAL_UNIT_ASSIGNED_CONTEXT((#15127,#15129,#15130))
REPRESENTATION_CONTEXT('','3D')
);
#15127=(
LENGTH_UNIT()
NAMED_UNIT(*)
SI_UNIT(.MILLI.,.METRE.)
);
#15128=(
LENGTH_UNIT()
NAMED_UNIT(*)
SI_UNIT($,.METRE.)
);
#15129=(
NAMED_UNIT(*)
PLANE_ANGLE_UNIT()
SI_UNIT($,.RADIAN.)
);
#15130=(
NAMED_UNIT(*)
SI_UNIT($,.STERADIAN.)
SOLID_ANGLE_UNIT()
);
#15131=SHAPE_DEFINITION_REPRESENTATION(#15135,#15142);
#15132=SHAPE_DEFINITION_REPRESENTATION(#15136,#15143);
#15133=SHAPE_DEFINITION_REPRESENTATION(#15137,#15144);
#15134=SHAPE_DEFINITION_REPRESENTATION(#15138,#15145);
#15135=PRODUCT_DEFINITION_SHAPE('',$,#15147);
#15136=PRODUCT_DEFINITION_SHAPE('',$,#15148);
#15137=PRODUCT_DEFINITION_SHAPE('',$,#15149);
#15138=PRODUCT_DEFINITION_SHAPE('',$,#15150);
#15139=PRODUCT_DEFINITION_SHAPE($,$,#20);
#15140=PRODUCT_DEFINITION_SHAPE($,$,#21);
#15141=PRODUCT_DEFINITION_SHAPE($,$,#22);
#15142=SHAPE_REPRESENTATION('',(#7725,#8366,#8367,#8368),#15122);
#15143=SHAPE_REPRESENTATION('',(#7726),#15123);
#15144=SHAPE_REPRESENTATION('',(#7755),#15124);
#15145=SHAPE_REPRESENTATION('',(#7770),#15125);
#15146=PRODUCT_DEFINITION_CONTEXT('part definition',#15160,'design');
#15147=PRODUCT_DEFINITION('2026-07-28-11-24-25-428','Lid',#15151,#15146);
#15148=PRODUCT_DEFINITION('2026-07-28-11-24-25-435','Teal inlay',#15152,
#15146);
#15149=PRODUCT_DEFINITION('2026-07-28-11-24-25-435_1','White inlay',#15153,
#15146);
#15150=PRODUCT_DEFINITION('2026-07-28-11-24-25-442','Inlay backer',#15154,
#15146);
#15151=PRODUCT_DEFINITION_FORMATION('',$,#15162);
#15152=PRODUCT_DEFINITION_FORMATION('',$,#15163);
#15153=PRODUCT_DEFINITION_FORMATION('',$,#15164);
#15154=PRODUCT_DEFINITION_FORMATION('',$,#15165);
#15155=PRODUCT_RELATED_PRODUCT_CATEGORY('Lid','Lid',(#15162));
#15156=PRODUCT_RELATED_PRODUCT_CATEGORY('Teal inlay','Teal inlay',(#15163));
#15157=PRODUCT_RELATED_PRODUCT_CATEGORY('White inlay','White inlay',(#15164));
#15158=PRODUCT_RELATED_PRODUCT_CATEGORY('Inlay backer','Inlay backer',(#15165));
#15159=APPLICATION_PROTOCOL_DEFINITION('international standard',
'automotive_design',2009,#15160);
#15160=APPLICATION_CONTEXT(
'Core Data for Automotive Mechanical Design Process');
#15161=PRODUCT_CONTEXT('part definition',#15160,'mechanical');
#15162=PRODUCT('2026-07-28-11-24-25-428','Lid',$,(#15161));
#15163=PRODUCT('2026-07-28-11-24-25-435','Teal inlay',$,(#15161));
#15164=PRODUCT('2026-07-28-11-24-25-435_1','White inlay',$,(#15161));
#15165=PRODUCT('2026-07-28-11-24-25-442','Inlay backer',$,(#15161));
#15166=PRESENTATION_STYLE_ASSIGNMENT((#15167));
#15167=SURFACE_STYLE_USAGE(.BOTH.,#15168);
#15168=SURFACE_SIDE_STYLE('',(#15169));
#15169=SURFACE_STYLE_FILL_AREA(#15170);
#15170=FILL_AREA_STYLE('Steel - Satin',(#15171));
#15171=FILL_AREA_STYLE_COLOUR('Steel - Satin',#15172);
#15172=COLOUR_RGB('Steel - Satin',0.627450980392157,0.627450980392157,0.627450980392157);
ENDSEC;
END-ISO-10303-21;
